hash,Suspicious_Scheduled_Task_Creation_Via_Masqueraded_XML_File,accesses_public_folder,accesses_recyclebin,adds_admin_user,anomalous_deletefile,antianalysis_tls_section,antiav_avast_libs,antiav_bullguard_libs,antiav_detectfile,antidebug_devices,antidebug_guardpages,antidebug_ntsetinformationthread,antidebug_setunhandledexceptionfilter,antidebug_windows,antisandbox_mouse_hook,antisandbox_restart,antisandbox_sboxie_libs,antisandbox_sleep,antisandbox_sunbelt_libs,antisandbox_suspend,antisandbox_unhook,antivm_checks_available_memory,antivm_display,antivm_generic_bios,antivm_generic_disk,antivm_generic_diskreg,antivm_generic_system,antivm_network_adapters,antivm_vbox_devices,antivm_vbox_keys,antivm_vmware_keys,api_spamming,asyncrat_mutex,bcdedit_command,binary_yara,clears_logs,cmdline_http_link,cmdline_long_string,cmdline_obfuscation,cmdline_process_discovery,cmdline_switches,cmdline_terminate,contains_pe_overlay,creates_suspended_process,createtoolhelp32snapshot_module_enumeration,credential_access_via_windows_credential_history,cryptopool_domains,dead_connect,deletes_executed_files,deletes_self,deletes_shadow_copies,detect_virtualization_via_recent_files,dll_load_uncommon_file_types,dotnet_code_compile,dotnet_csc_build,dropper,dynamic_function_loading,encrypt_pcinfo,encrypted_ioc,enumerates_physical_drives,enumerates_running_processes,explorer_http,gandcrab_mutexes,generates_crypto_key,http_request,infostealer_bitcoin,infostealer_browser,infostealer_cookies,infostealer_ftp,infostealer_im,infostealer_keylog,infostealer_mail,injection_createremotethread,injection_network_traffic,injection_runpe,injection_rwx,injection_write_exe_process,injection_write_process,ipc_namedpipe,language_check_registry,legitimate_domain_abuse,long_commandline,mapped_drives_uac,masquerade_process_name,mass_data_encryption,modify_desktop_wallpaper,modify_hostfile,modify_uac_prompt,mouse_movement_detect,multiple_useragents,neshta_files,neshta_mutexes,network_anomaly,network_bind,network_cnc_https_pastesite,network_cnc_https_socialmedia,network_dns_tunneling_request,network_fake_useragent,packer_armadillo_mutex,packer_entropy,packer_mpress,packer_themida,packer_unknown_pe_section_name,packer_vmprotect,pe_compile_timestomping,persistence_ads,persistence_autorun,persistence_autorun_tasks,physical_drive_access,polymorphic,potential_protocol_tunneling_via_legit_utilities,powershell_command_suspicious,powershell_renamed,process_creation_suspicious_location,process_interest,process_needed,procmem_yara,queries_computer_name,queries_keyboard_layout,queries_locale_api,queries_user_name,ransomware_extensions_known,ransomware_file_modifications,ransomware_files,reads_memory_remote_process,reads_password_database,reads_self,recon_beacon,recon_fingerprint,recon_programs,recon_systeminfo,registry_credential_store_access,removes_zoneid_ads,resumethread_remote_process,revil_mutexes,script_created_process,script_network_activity,script_tool_executed,spoofs_procname,spooler_svc_start,spreading_autoruninf,squiblydoo_bypass,static_pe_anomaly,static_pe_pdbpath,stealth_file,stealth_timeout,stealth_window,suspicious_command_tools,suspicious_communication_trusted_site,suspicious_iocontrol_codes,suspicious_ping_use,terminates_remote_process,uiautomationcore_load,uses_remote_desktop_session,uses_windows_utilities,uses_windows_utilities_curl,uses_windows_utilities_to_create_scheduled_task,virus,warzonerat_files,windows_defender_powershell,wmic_command_suspicious
21b63a545df6a8ccbf3a70596ce720392245a6865d45a6094df56635f069dd59,0.0,0.0,0.0,0.0,0.0,0.0,0.0,0.0,0.0,0.0,0.0,0.0,0.0,0.0,0.0,0.0,0.0,0.0,0.0,0.0,0.0,0.0,0.0,0.0,0.0,0.0,0.44428042707307563,0.0,0.0,0.0,0.0,0.0,0.0,0.0,0.34601199615143396,0.0,0.0,0.0,0.0,0.0,0.0,0.0,0.0,0.0,0.41044982212332365,0.0,0.0,0.0,0.0,0.0,0.0,0.0,0.0,0.0,0.0,0.0,0.0,0.0,0.4086274606705917,0.0,0.0,0.0,0.0,0.0,0.0,0.0,0.0,0.0,0.0,0.0,0.0,0.0,0.0,0.0,0.0,0.0,0.0,0.34191057511201833,0.0,0.18383889783837715,0.0,0.0,0.0,0.0,0.0,0.0,0.0,0.0,0.0,0.0,0.0,0.0,0.0,0.0,0.0,0.0,0.0,0.0,0.0,0.0,0.0,0.0,0.0,0.0,0.0,0.0,0.0,0.0,0.0,0.0,0.0,0.0,0.0,0.0,0.0,0.0,0.0,0.0,0.0,0.23838716368157087,0.0,0.0,0.0,0.0,0.0,0.0,0.0,0.0,0.0,0.0,0.0,0.0,0.0,0.303433878478114,0.0,0.0,0.0,0.0,0.0,0.0,0.0,0.0,0.0,0.0,0.0,0.2187350049617712,0.0,0.0,0.0,0.0,0.0,0.0,0.0,0.0,0.0,0.0,0.0,0.0,0.0,0.0,0.0
25abc25a488468887ae9b909116f16841a6be0948c5d2b9240f64be0761653de,0.0,0.0,0.0,0.0,0.0,0.0,0.0,0.0,0.0,0.0,0.3504562534690669,0.0,0.22827567610121394,0.0,0.0,0.0,0.0,0.0,0.0,0.0,0.0,0.3336109271565065,0.0,0.0,0.0,0.0,0.0,0.0,0.0,0.0,0.0,0.0,0.0,0.0,0.0,0.0,0.0,0.0,0.0,0.0,0.0,0.0,0.0,0.0,0.0,0.0,0.0,0.4761572095298204,0.0,0.0,0.0,0.0,0.0,0.0,0.0,0.0,0.0,0.0,0.0,0.0,0.0,0.0,0.0,0.0,0.0,0.0,0.0,0.0,0.0,0.0,0.0,0.0,0.0,0.0,0.0,0.21701862949655512,0.0,0.0,0.0,0.19855514959877435,0.0,0.0,0.0,0.0,0.0,0.0,0.0,0.0,0.0,0.0,0.0,0.0,0.0,0.0,0.0,0.0,0.0,0.0,0.0,0.0,0.0,0.0,0.0,0.0,0.0,0.0,0.0,0.0,0.0,0.0,0.0,0.0,0.0,0.0,0.0,0.0,0.2852308366106042,0.0,0.0,0.0,0.0,0.0,0.0,0.0,0.0,0.0,0.0,0.0,0.0,0.0,0.0,0.0,0.0,0.0,0.0,0.0,0.0,0.0,0.0,0.0,0.0,0.0,0.44133797328869384,0.35269196389852414,0.0,0.0,0.0,0.0,0.0,0.0,0.0,0.0,0.0,0.0,0.0,0.0,0.0,0.0,0.0,0.0,0.0
31f983668db02626b9c65b0f2fc7d14b59400c485d4ffc88418f3f76bf62ef85,0.0,0.0,0.0,0.0,0.0,0.0,0.0,0.0,0.0,0.0,0.0,0.0,0.22395611077782185,0.0,0.0,0.0,0.0,0.0,0.0,0.0,0.0,0.0,0.0,0.0,0.0,0.0,0.0,0.0,0.0,0.0,0.0,0.0,0.0,0.0,0.0,0.0,0.0,0.0,0.0,0.0,0.0,0.0,0.0,0.0,0.0,0.0,0.0,0.4671470854294489,0.0,0.0,0.0,0.0,0.0,0.0,0.0,0.0,0.0,0.0,0.0,0.0,0.0,0.0,0.0,0.0,0.4329867190601499,0.0,0.0,0.36663859722789505,0.0,0.0,0.0,0.0,0.0,0.0,0.0,0.2129120765667206,0.0,0.0,0.0,0.19479797339132104,0.0,0.0,0.0,0.0,0.0,0.0,0.0,0.0,0.0,0.0,0.0,0.0,0.0,0.0,0.0,0.0,0.0,0.0,0.0,0.0,0.0,0.0,0.3007443671892437,0.0,0.0,0.0,0.0,0.0,0.0,0.0,0.0,0.0,0.0,0.0,0.0,0.0,0.27983353256127136,0.2588191281617192,0.0,0.0,0.3011590558672299,0.0,0.0,0.0,0.0,0.0,0.0,0.0,0.0,0.0,0.0,0.0,0.0,0.0,0.0,0.0,0.0,0.0,0.0,0.0,0.0,0.0,0.0,0.0,0.0,0.0,0.0,0.0,0.0,0.0,0.0,0.0,0.0,0.0,0.0,0.0,0.0,0.0,0.0,0.0,0.0
34a51dc07bde9cbe8888d913bada3b4f66240ea94e035f49c9c1e4aa087d489b,0.0,0.33293939682866297,0.0,0.0,0.0,0.0,0.0,0.0,0.0,0.0,0.23871118142064165,0.0,0.15548861175201217,0.0,0.0,0.0,0.0,0.0,0.0,0.0,0.0,0.22723708813315388,0.0,0.0,0.0,0.0,0.0,0.0,0.0,0.0,0.0,0.0,0.0,0.0,0.0,0.0,0.0,0.0,0.0,0.0,0.0,0.0,0.28511255648009504,0.0,0.0,0.0,0.0,0.0,0.0,0.0,0.0,0.0,0.0,0.0,0.0,0.0,0.0,0.0,0.0,0.0,0.0,0.0,0.0,0.0,0.0,0.0,0.0,0.0,0.0,0.0,0.5361211602927055,0.0,0.0,0.0,0.0,0.14782094177122093,0.0,0.0,0.0,0.1352446528452636,0.0,0.0,0.0,0.0,0.0,0.0,0.0,0.0,0.0,0.0,0.0,0.0,0.0,0.0,0.0,0.0,0.0,0.0,0.0,0.0,0.0,0.0,0.0,0.0,0.354666250885984,0.0,0.24859694855497877,0.0,0.0,0.0,0.0,0.0,0.0,0.0,0.0,0.0,0.0,0.1796933639942327,0.19786596227954054,0.17537414319806002,0.0,0.0,0.0,0.0,0.0,0.0,0.0,0.0,0.0,0.0,0.0,0.0,0.0,0.0,0.0,0.0,0.0,0.0,0.0,0.0,0.0,0.0,0.0,0.24023402221074697,0.0,0.0,0.0,0.0,0.0,0.0,0.0,0.0,0.0,0.0,0.0,0.0,0.0,0.0,0.0,0.0,0.0
35c2ee1406834ee537a4c945e4755f53272d46241402e96c77d0deb505c9e52b,0.0,0.0,0.0,0.0,0.0,0.5762980852165316,0.0,0.0,0.0,0.0,0.0,0.0,0.0,0.0,0.0,0.0,0.0,0.0,0.0,0.0,0.0,0.0,0.0,0.0,0.0,0.0,0.0,0.0,0.0,0.0,0.0,0.0,0.0,0.0,0.0,0.0,0.0,0.0,0.0,0.0,0.0,0.0,0.37981196812921353,0.0,0.0,0.0,0.0,0.0,0.0,0.0,0.0,0.0,0.0,0.0,0.0,0.0,0.0,0.0,0.0,0.0,0.0,0.0,0.0,0.0,0.0,0.0,0.0,0.0,0.0,0.0,0.0,0.0,0.0,0.0,0.0,0.19691929221910984,0.0,0.0,0.0,0.18016582086134114,0.0,0.0,0.0,0.0,0.0,0.0,0.0,0.0,0.4320575653028304,0.0,0.0,0.0,0.0,0.0,0.0,0.0,0.0,0.0,0.0,0.2535445078447137,0.0,0.0,0.2781541041765723,0.0,0.0,0.0,0.0,0.0,0.0,0.0,0.0,0.0,0.0,0.0,0.0,0.0,0.0,0.0,0.2635866392100472,0.23362421953408422,0.0,0.0,0.0,0.0,0.0,0.0,0.0,0.0,0.0,0.0,0.0,0.0,0.0,0.0,0.0,0.0,0.0,0.0,0.0,0.0,0.0,0.0,0.0,0.0,0.0,0.0,0.0,0.0,0.0,0.0,0.0,0.0,0.0,0.0,0.0,0.0,0.0,0.0,0.0,0.0,0.0
36b8623b6b1120313cd6a82751d5eb175d274d2952a8b3d3d6f69874fb4e88b9,0.0,0.0,0.0,0.0,0.0,0.0,0.0,0.0,0.0,0.0,0.0,0.0,0.36754633830024885,0.0,0.0,0.0,0.0,0.0,0.0,0.0,0.0,0.0,0.0,0.0,0.0,0.0,0.0,0.0,0.0,0.0,0.0,0.0,0.0,0.0,0.0,0.0,0.0,0.0,0.0,0.0,0.0,0.0,0.0,0.0,0.0,0.0,0.0,0.0,0.0,0.0,0.0,0.0,0.0,0.0,0.0,0.0,0.0,0.0,0.0,0.0,0.0,0.0,0.0,0.0,0.0,0.0,0.0,0.0,0.0,0.0,0.0,0.0,0.0,0.0,0.0,0.0,0.0,0.0,0.0,0.0,0.0,0.0,0.0,0.0,0.0,0.0,0.0,0.0,0.0,0.0,0.0,0.0,0.0,0.0,0.0,0.0,0.0,0.0,0.0,0.0,0.0,0.0,0.4935676483259345,0.0,0.0,0.0,0.0,0.0,0.0,0.0,0.0,0.0,0.0,0.0,0.0,0.0,0.0,0.0,0.0,0.41455205907809073,0.0,0.0,0.0,0.0,0.0,0.0,0.0,0.0,0.0,0.0,0.0,0.0,0.0,0.0,0.0,0.0,0.0,0.0,0.0,0.0,0.0,0.0,0.0,0.0,0.0,0.3803772203963206,0.0,0.0,0.0,0.0,0.0,0.0,0.0,0.0,0.5520511083638633,0.0,0.0,0.0,0.0,0.0,0.0
38e52dbc0dbbc8d65987b05460d1a109a772aeb1fead029581115e4e4e15c240,0.0,0.3448991889196605,0.0,0.0,0.0,0.0,0.0,0.0,0.0,0.0,0.0,0.0,0.1610740470798382,0.0,0.0,0.0,0.0,0.0,0.0,0.0,0.0,0.0,0.0,0.0,0.0,0.0,0.0,0.0,0.0,0.0,0.0,0.0,0.0,0.0,0.0,0.0,0.0,0.0,0.0,0.0,0.0,0.0,0.0,0.0,0.0,0.0,0.0,0.33598222156268887,0.0,0.0,0.0,0.0,0.0,0.0,0.0,0.0,0.0,0.0,0.0,0.0,0.0,0.0,0.0,0.0,0.0,0.0,0.6073926761763807,0.26369435719375806,0.0,0.0,0.0,0.0,0.0,0.0,0.0,0.15313094036892083,0.0,0.0,0.0,0.0,0.0,0.0,0.0,0.0,0.0,0.0,0.0,0.0,0.0,0.0,0.0,0.0,0.0,0.0,0.0,0.0,0.0,0.0,0.0,0.19716457678730398,0.0,0.0,0.0,0.0,0.0,0.0,0.0,0.0,0.0,0.0,0.0,0.0,0.0,0.0,0.0,0.0,0.2012622894804944,0.0,0.20497366954785845,0.0,0.0,0.0,0.0,0.0,0.0,0.0,0.0,0.0,0.0,0.0,0.0,0.0,0.0,0.0,0.0,0.0,0.0,0.0,0.0,0.0,0.0,0.0,0.31141335205641474,0.24886366768434406,0.0,0.0,0.0,0.0,0.0,0.0,0.0,0.0,0.0,0.0,0.0,0.0,0.0,0.0,0.0,0.0,0.0
42baf0d9105229ca324cb979bcd9fa893bd2585cb91a98c7406ef610b1e35291,0.0,0.3407404820652599,0.0,0.0,0.0,0.0,0.0,0.0,0.0,0.0,0.0,0.0,0.15913185711483657,0.0,0.0,0.0,0.0,0.0,0.0,0.0,0.0,0.0,0.0,0.0,0.0,0.0,0.0,0.0,0.0,0.0,0.0,0.0,0.0,0.0,0.0,0.0,0.0,0.0,0.0,0.0,0.0,0.0,0.2917930135732215,0.2758306169091003,0.0,0.0,0.0,0.0,0.0,0.0,0.0,0.0,0.0,0.0,0.0,0.0,0.0,0.0,0.0,0.0,0.0,0.0,0.0,0.0,0.0,0.0,0.6000688894964538,0.0,0.0,0.0,0.0,0.0,0.0,0.0,0.0,0.15128452636798395,0.32298048385779304,0.2574268096414608,0.0,0.0,0.0,0.0,0.0,0.0,0.0,0.0,0.0,0.0,0.0,0.0,0.0,0.0,0.0,0.0,0.0,0.0,0.0,0.0,0.0,0.0,0.0,0.0,0.0,0.0,0.0,0.0,0.0,0.0,0.0,0.0,0.0,0.0,0.0,0.0,0.0,0.0,0.19883551989191806,0.0,0.20250214908070283,0.0,0.0,0.0,0.0,0.0,0.25149545572522874,0.0,0.0,0.0,0.0,0.0,0.0,0.0,0.0,0.0,0.0,0.0,0.0,0.0,0.0,0.0,0.0,0.0,0.0,0.0,0.0,0.0,0.0,0.0,0.0,0.0,0.0,0.0,0.0,0.0,0.0,0.0,0.0,0.0,0.0,0.0,0.0
44f53e578f99badd615955fdb2d5c5a70a69cfec2470d06e6be8d08c230b953f,0.0,0.4726084955175283,0.0,0.0,0.0,0.0,0.0,0.0,0.0,0.0,0.0,0.0,0.0,0.0,0.0,0.0,0.0,0.0,0.0,0.0,0.0,0.0,0.0,0.0,0.0,0.0,0.0,0.0,0.0,0.0,0.0,0.0,0.0,0.0,0.0,0.0,0.0,0.0,0.0,0.0,0.0,0.0,0.0,0.0,0.0,0.0,0.0,0.0,0.0,0.0,0.0,0.0,0.0,0.0,0.0,0.0,0.0,0.0,0.0,0.0,0.0,0.0,0.0,0.0,0.0,0.0,0.0,0.0,0.0,0.0,0.0,0.0,0.0,0.0,0.0,0.20983228047485447,0.0,0.0,0.0,0.19198019975053826,0.0,0.0,0.0,0.0,0.0,0.0,0.0,0.0,0.46038975258467985,0.0,0.0,0.0,0.0,0.0,0.0,0.0,0.0,0.0,0.0,0.2701706962451086,0.0,0.0,0.2963940675648354,0.0,0.0,0.0,0.0,0.0,0.0,0.0,0.0,0.0,0.0,0.0,0.0,0.0,0.0,0.0,0.28087134066379454,0.24894413445508845,0.0,0.0,0.0,0.0,0.0,0.0,0.0,0.0,0.0,0.0,0.0,0.0,0.0,0.0,0.0,0.0,0.0,0.0,0.0,0.0,0.0,0.0,0.4267235195897643,0.0,0.0,0.0,0.0,0.0,0.0,0.0,0.0,0.0,0.0,0.0,0.0,0.0,0.0,0.0,0.0,0.0,0.0
52b2b45ea5d9d4871a9447c0f379ac85704447de2007b54073af0c30f7fbf488,0.0,0.0,0.0,0.0,0.0,0.0,0.0,0.0,0.0,0.0,0.0,0.0,0.0,0.0,0.0,0.0,0.0,0.0,0.0,0.0,0.0,0.0,0.0,0.0,0.0,0.0,0.44721673192693456,0.0,0.0,0.0,0.0,0.0,0.0,0.0,0.0,0.0,0.0,0.0,0.0,0.0,0.0,0.0,0.0,0.0,0.41316253628205024,0.0,0.0,0.0,0.0,0.0,0.0,0.0,0.0,0.0,0.0,0.0,0.0,0.0,0.4113281306147793,0.0,0.0,0.0,0.0,0.0,0.0,0.0,0.0,0.0,0.0,0.0,0.0,0.0,0.0,0.0,0.0,0.0,0.0,0.3441703048235007,0.0,0.18505391208423794,0.0,0.0,0.0,0.0,0.0,0.0,0.0,0.0,0.0,0.0,0.0,0.0,0.0,0.0,0.0,0.0,0.0,0.0,0.0,0.0,0.0,0.0,0.0,0.0,0.0,0.0,0.0,0.0,0.0,0.0,0.0,0.0,0.0,0.0,0.0,0.0,0.0,0.0,0.0,0.23996269423201017,0.0,0.0,0.0,0.0,0.0,0.0,0.0,0.0,0.0,0.0,0.0,0.0,0.0,0.3054393108940101,0.0,0.0,0.0,0.0,0.0,0.0,0.0,0.0,0.0,0.32870982098415236,0.0,0.22018065193976075,0.0,0.0,0.0,0.0,0.0,0.0,0.0,0.0,0.0,0.0,0.0,0.0,0.0,0.0,0.0
5ef2e70b47c26de37bcd3e806ea7c791876b1ebda407045e3a81f3bd8ea7c3ac,0.0,0.0,0.0,0.0,0.0,0.0,0.0,0.0,0.0,0.0,0.20683871436293733,0.0,0.13472793507813077,0.0,0.0,0.0,0.0,0.0,0.0,0.0,0.0,0.19689662999998359,0.0,0.0,0.0,0.0,0.0,0.0,0.0,0.0,0.0,0.0,0.0,0.0,0.0,0.0,0.0,0.0,0.0,0.0,0.0,0.0,0.0,0.23353016876232535,0.0,0.0,0.0,0.0,0.0,0.0,0.0,0.0,0.0,0.0,0.0,0.0,0.0,0.0,0.0,0.0,0.0,0.0,0.0,0.0,0.0,0.0,0.0,0.0,0.0,0.0,0.0,0.0,0.0,0.0,0.0,0.12808404436657064,0.2734492919874241,0.2179487069752261,0.0,0.11718692837300484,0.0,0.0,0.0,0.0,0.0,0.0,0.0,0.6776765036283531,0.0,0.0,0.0,0.0,0.0,0.0,0.0,0.0,0.0,0.0,0.0,0.16491530934179907,0.0,0.0,0.0,0.0,0.0,0.0,0.0,0.0,0.0,0.0,0.0,0.0,0.0,0.0,0.0,0.0,0.1683427787554368,0.0,0.17144710612431607,0.1519583711819028,0.0,0.0,0.0,0.0,0.2129269653840697,0.0,0.0,0.0,0.0,0.0,0.0,0.0,0.0,0.1934219830583363,0.0,0.0,0.0,0.0,0.0,0.0,0.0,0.0,0.0,0.20815822704487486,0.0,0.0,0.0,0.0,0.0,0.0,0.0,0.0,0.0,0.0,0.0,0.0,0.0,0.0,0.0,0.0,0.0
52bb9f927ef8b58981f8785949e2131ab47c050ad3ebbd19da010caec5c22c63,0.0,0.0,0.0,0.0,0.0,0.0,0.0,0.0,0.0,0.0,0.24267521373182407,0.0,0.15807065201228704,0.0,0.0,0.0,0.0,0.0,0.0,0.0,0.0,0.2310105819188159,0.0,0.0,0.0,0.0,0.3322710738961001,0.0,0.0,0.0,0.0,0.0,0.0,0.0,0.0,0.0,0.0,0.0,0.0,0.0,0.0,0.0,0.0,0.0,0.30696964094470003,0.0,0.0,0.0,0.0,0.0,0.0,0.0,0.0,0.0,0.0,0.0,0.0,0.0,0.3056067224814329,0.0,0.0,0.0,0.0,0.0,0.0,0.0,0.0,0.25877749848129117,0.0,0.0,0.0,0.0,0.0,0.0,0.0,0.15027565288262873,0.0,0.25571010345278467,0.0,0.13749052239608522,0.0,0.0,0.0,0.0,0.0,0.0,0.0,0.0,0.0,0.0,0.0,0.0,0.0,0.0,0.0,0.0,0.0,0.0,0.0,0.19348823582391286,0.0,0.0,0.0,0.0,0.0,0.0,0.0,0.0,0.0,0.0,0.0,0.0,0.0,0.0,0.0,0.0,0.19750954235289442,0.0,0.0,0.1782864021297354,0.0,0.0,0.0,0.0,0.24981830404911254,0.0,0.2869467954703877,0.0,0.0,0.0,0.0,0.0,0.0,0.22693392396914738,0.0,0.0,0.0,0.0,0.0,0.0,0.0,0.0,0.0,0.2442233427805725,0.0,0.16358882941598088,0.0,0.0,0.0,0.0,0.0,0.0,0.0,0.0,0.0,0.0,0.0,0.0,0.0,0.0,0.0
52cdcb1cc9f243da170f6e30a49c3438b738d49d7141ff82f2876fe28086e908,0.0,0.0,0.0,0.0,0.4559139634347317,0.0,0.0,0.0,0.0,0.0,0.0,0.0,0.16386515171967214,0.0,0.0,0.0,0.0,0.0,0.0,0.0,0.0,0.0,0.0,0.0,0.0,0.0,0.0,0.0,0.0,0.0,0.0,0.0,0.0,0.0,0.0,0.0,0.0,0.0,0.0,0.0,0.0,0.0,0.30047224551279567,0.0,0.0,0.0,0.0,0.0,0.0,0.0,0.0,0.0,0.47095465067742437,0.0,0.0,0.0,0.0,0.0,0.0,0.0,0.0,0.0,0.0,0.0,0.0,0.0,0.0,0.0,0.0,0.0,0.0,0.0,0.0,0.0,0.0,0.0,0.0,0.0,0.0,0.1425306027756513,0.0,0.0,0.0,0.0,0.0,0.0,0.0,0.0,0.0,0.0,0.0,0.0,0.0,0.0,0.0,0.0,0.0,0.0,0.0,0.20058106116240124,0.0,0.0,0.22004990704269053,0.0,0.0,0.0,0.0,0.0,0.0,0.0,0.0,0.0,0.0,0.47643893783405783,0.0,0.0,0.0,0.0,0.0,0.0,0.0,0.0,0.0,0.0,0.0,0.0,0.2974655926109158,0.0,0.0,0.0,0.0,0.0,0.0,0.0,0.0,0.0,0.0,0.0,0.0,0.0,0.0,0.0,0.0,0.0,0.0,0.1695856125766443,0.0,0.0,0.0,0.0,0.0,0.0,0.0,0.0,0.0,0.0,0.0,0.0,0.0,0.0,0.0
52d3dd78d3f1a14e18d0689ed8c5b43372f9e76401ef1ff68522575e6251d2cf,0.0,0.0,0.0,0.0,0.0,0.46363936022563984,0.0,0.0,0.0,0.0,0.0,0.0,0.1666418232383502,0.0,0.0,0.0,0.0,0.3265423005013053,0.0,0.0,0.0,0.0,0.0,0.0,0.0,0.0,0.0,0.0,0.0,0.0,0.0,0.0,0.0,0.0,0.0,0.0,0.0,0.0,0.0,0.0,0.0,0.0,0.3055637046638902,0.0,0.0,0.0,0.0,0.0,0.0,0.0,0.0,0.0,0.0,0.0,0.0,0.0,0.5135336020891009,0.0,0.0,0.0,0.0,0.0,0.0,0.0,0.0,0.0,0.0,0.0,0.0,0.0,0.0,0.0,0.0,0.0,0.0,0.15842415063074533,0.0,0.0,0.0,0.14494576341910648,0.0,0.0,0.0,0.0,0.0,0.0,0.0,0.0,0.0,0.0,0.0,0.0,0.0,0.0,0.0,0.0,0.0,0.0,0.0,0.0,0.0,0.0,0.22377862119064099,0.0,0.0,0.0,0.0,0.0,0.0,0.0,0.0,0.0,0.0,0.0,0.0,0.0,0.2082192350424421,0.0,0.0,0.0,0.22408718377969436,0.0,0.0,0.0,0.0,0.0,0.0,0.0,0.0,0.0,0.0,0.0,0.0,0.0,0.0,0.0,0.0,0.0,0.0,0.0,0.0,0.0,0.3221778412367393,0.0,0.0,0.0,0.0,0.0,0.0,0.0,0.0,0.0,0.0,0.0,0.0,0.0,0.0,0.0,0.0,0.0,0.0
52dd0cf2c2c46f510c4861446a731366291bd65749a79addcdecc05f30bb90f5,0.0,0.0,0.0,0.0,0.0,0.0,0.31802934216966733,0.0,0.0,0.0,0.0,0.0,0.11939116309940001,0.0,0.0,0.0,0.30846983676445006,0.0,0.0,0.0,0.0,0.0,0.0,0.0,0.0,0.3151851263369444,0.0,0.0,0.0,0.0,0.0,0.0,0.0,0.0,0.0,0.0,0.0,0.0,0.0,0.0,0.0,0.0,0.0,0.0,0.0,0.0,0.0,0.0,0.0,0.2910496556928431,0.0,0.0,0.0,0.0,0.0,0.0,0.0,0.0,0.0,0.0,0.17318615319306652,0.31659518191419955,0.0,0.0,0.0,0.0,0.0,0.0,0.0,0.0,0.0,0.0,0.0,0.0,0.0,0.11350358054943764,0.0,0.0,0.0,0.10384693916956039,0.0,0.0,0.0,0.0,0.0,0.0,0.0,0.0,0.2490364459099182,0.0,0.0,0.0,0.0,0.0,0.0,0.0,0.0,0.0,0.0,0.14614215369512298,0.0,0.0,0.0,0.0,0.0,0.0,0.0,0.0,0.0,0.0,0.0,0.0,0.0,0.0,0.24000662797972594,0.2731719165540195,0.14917945668313748,0.13797666264286815,0.15193040254300583,0.1346601702726062,0.16054810843529982,0.0,0.0,0.0,0.0,0.0,0.0,0.0,0.0,0.0,0.0,0.0,0.30592732910357956,0.0,0.0,0.0,0.0,0.0,0.0,0.0,0.0,0.0,0.0,0.18446250824808078,0.0,0.0,0.0,0.0,0.0,0.0,0.0,0.0,0.0,0.0,0.0,0.0,0.0,0.0,0.0,0.0,0.0
b3d113dab0b7da85b949149a458567fa2dba6a1b2659e1f58d5652917469ef44,0.0,0.0,0.0,0.0,0.0,0.0,0.0,0.0,0.0,0.0,0.0,0.0,0.3879839734568776,0.0,0.0,0.0,0.0,0.7602724021390181,0.0,0.0,0.0,0.0,0.0,0.0,0.0,0.0,0.0,0.0,0.0,0.0,0.0,0.0,0.0,0.0,0.0,0.0,0.0,0.0,0.0,0.0,0.0,0.0,0.0,0.0,0.0,0.0,0.0,0.0,0.0,0.0,0.0,0.0,0.0,0.0,0.0,0.0,0.0,0.0,0.0,0.0,0.0,0.0,0.0,0.0,0.0,0.0,0.0,0.0,0.0,0.0,0.0,0.0,0.0,0.0,0.0,0.0,0.0,0.0,0.0,0.0,0.0,0.0,0.0,0.0,0.0,0.0,0.0,0.0,0.0,0.0,0.0,0.0,0.0,0.0,0.0,0.0,0.0,0.0,0.0,0.0,0.0,0.0,0.5210127742065257,0.0,0.0,0.0,0.0,0.0,0.0,0.0,0.0,0.0,0.0,0.0,0.0,0.0,0.0,0.0,0.0,0.0,0.0,0.0,0.0,0.0,0.0,0.0,0.0,0.0,0.0,0.0,0.0,0.0,0.0,0.0,0.0,0.0,0.0,0.0,0.0,0.0,0.0,0.0,0.0,0.0,0.0,0.0,0.0,0.0,0.0,0.0,0.0,0.0,0.0,0.0,0.0,0.0,0.0,0.0,0.0,0.0,0.0
57a8bfc0fbd4dfa10de20bb5810475ed8b5f94aa71411f0859cdc9b7d91d9b28,0.0,0.0,0.0,0.0,0.0,0.0,0.26389857041926784,0.0,0.0,0.0,0.0,0.0,0.09906996960618926,0.0,0.0,0.0,0.2559661582929483,0.19413215216403384,0.0,0.0,0.0,0.0,0.0,0.0,0.0,0.2615384595971067,0.0,0.0,0.0,0.0,0.0,0.0,0.0,0.0,0.0,0.0,0.0,0.0,0.0,0.0,0.0,0.0,0.18166019997577348,0.1717225659845154,0.0,0.0,0.0,0.20664873753334745,0.2441718422766242,0.0,0.0,0.0,0.0,0.0,0.0,0.0,0.0,0.0,0.0,0.0,0.1437086840235009,0.2627085140597255,0.0,0.0,0.0,0.0,0.0,0.0,0.0,0.0,0.0,0.0,0.0,0.0,0.0,0.09418449392158532,0.20107643622918903,0.1602649945107692,0.0,0.0,0.0,0.0,0.0,0.0,0.0,0.0,0.0,0.0,0.20664873753334745,0.0,0.0,0.0,0.0,0.0,0.0,0.0,0.0,0.0,0.0,0.0,0.0,0.0,0.13303827796076165,0.0,0.0,0.0,0.0,0.0,0.0,0.0,0.0,0.0,0.0,0.0,0.19915585644675665,0.22667618580564097,0.12378809164595975,0.11449208986273014,0.12607080768331444,0.1117400872036434,0.13322172102280377,0.0,0.0,0.0,0.15657233948330596,0.0,0.0,0.0,0.0,0.0,0.0,0.0,0.2538564028458367,0.0,0.0,0.0,0.0,0.0,0.0,0.0,0.0,0.0,0.0,0.15306572623305514,0.0,0.0,0.0,0.0,0.0,0.0,0.0,0.28473084386071235,0.0,0.0,0.0,0.0,0.0,0.0,0.0,0.0,0.0
58a98de81bf067e37ae13ff5140be15b4b156ae5adcf05671aa7023f4fde2a44,0.0,0.0,0.0,0.0,0.0,0.0,0.0,0.0,0.0,0.0,0.0,0.0,0.0,0.0,0.0,0.0,0.0,0.0,0.0,0.0,0.0,0.0,0.0,0.0,0.0,0.0,0.0,0.0,0.0,0.0,0.0,0.0,0.0,0.0,0.0,0.0,0.0,0.0,0.0,0.0,0.0,0.0,0.35521353187040944,0.33578174621267604,0.0,0.0,0.0,0.0,0.0,0.4722442193156353,0.0,0.0,0.0,0.0,0.0,0.0,0.0,0.0,0.0,0.0,0.0,0.0,0.0,0.0,0.0,0.0,0.0,0.0,0.0,0.0,0.0,0.0,0.0,0.0,0.0,0.1841658587724506,0.0,0.0,0.0,0.0,0.0,0.0,0.0,0.0,0.0,0.0,0.0,0.0,0.4040754547532753,0.0,0.0,0.0,0.0,0.0,0.0,0.0,0.0,0.0,0.0,0.23712375510828002,0.0,0.0,0.0,0.0,0.0,0.0,0.0,0.0,0.0,0.0,0.0,0.0,0.0,0.0,0.0,0.0,0.2420519477734989,0.0,0.24651551010577707,0.21849359976707639,0.0,0.0,0.0,0.0,0.0,0.0,0.0,0.0,0.0,0.0,0.0,0.0,0.0,0.2781121238915688,0.0,0.0,0.0,0.0,0.0,0.0,0.0,0.0,0.0,0.0,0.0,0.20048142647901054,0.0,0.0,0.0,0.0,0.0,0.0,0.0,0.0,0.0,0.0,0.0,0.0,0.0,0.0,0.0
58b525579968cba0c68e8f7ae12e51e0b5542acc2c14a2e75fa6df44556e373f,0.0,0.0,0.0,0.0,0.0,0.0,0.0,0.0,0.0,0.0,0.17702717043063157,0.0,0.11530967593906592,0.0,0.0,0.0,0.0,0.0,0.0,0.0,0.0,0.1685180329203875,0.0,0.0,0.0,0.0,0.2423857266806651,0.38210423846745406,0.0,0.0,0.0,0.0,0.0,0.0,0.18877349533473387,0.0,0.0,0.0,0.0,0.0,0.0,0.0,0.0,0.0,0.22392878987880283,0.0,0.0,0.0,0.0,0.0,0.0,0.0,0.0,0.0,0.0,0.0,0.0,0.0,0.22293456555992996,0.0,0.0,0.0,0.0,0.23403720413699938,0.22293456555992996,0.44187060138184364,0.0,0.0,0.0,0.0,0.0,0.0,0.0,0.0,0.0,0.1096233653422302,0.0,0.0,0.0,0.1002968443563649,0.0,0.0,0.0,0.0,0.0,0.0,0.0,0.0,0.0,0.0,0.0,0.0,0.0,0.0,0.0,0.0,0.0,0.0,0.0,0.0,0.0,0.0,0.0,0.0,0.0,0.0,0.0,0.0,0.0,0.0,0.0,0.0,0.0,0.0,0.0,0.0,0.0,0.1332598145748603,0.1467365341599045,0.13005669928105168,0.15505963654019778,0.0,0.0,0.0,0.1822379253633435,0.0,0.0,0.0,0.0,0.0,0.0,0.0,0.0,0.16554418482710478,0.0,0.0,0.0,0.0,0.0,0.0,0.0,0.0,0.0,0.0,0.0,0.11933508634949905,0.0,0.0,0.0,0.0,0.0,0.33140437476609835,0.0,0.0,0.0,0.0,0.0,0.0,0.0,0.0,0.0
059cbde98d16f289413cac8ac66ea5b813345f02f5e1f0ceb31623e65ff9a327,0.0,0.0,0.0,0.0,0.0,0.0,0.0,0.0,0.0,0.0,0.0,0.0,0.11637192300979045,0.0,0.0,0.0,0.0,0.0,0.0,0.0,0.0,0.17007044199079835,0.0,0.0,0.0,0.0,0.0,0.0,0.0,0.0,0.0,0.0,0.0,0.0,0.1905125002431833,0.0,0.0,0.0,0.0,0.0,0.0,0.0,0.0,0.0,0.0,0.0,0.0,0.24273865299337624,0.0,0.0,0.0,0.0,0.0,0.0,0.0,0.0,0.0,0.0,0.0,0.0,0.0,0.0,0.0,0.0,0.22498826649439813,0.0,0.0,0.1905125002431833,0.0,0.0,0.0,0.0,0.0,0.0,0.0,0.11063322941278127,0.0,0.0,0.0,0.1012207913560665,0.0,0.0,0.0,0.0,0.0,0.0,0.0,0.0,0.0,0.5853464454869669,0.0,0.0,0.0,0.0,0.0,0.0,0.0,0.0,0.0,0.14244641744661318,0.0,0.0,0.15627258493917662,0.0,0.0,0.0,0.0,0.0,0.0,0.0,0.0,0.0,0.0,0.0,0.0,0.0,0.14540691117414606,0.13448742055436408,0.0,0.0,0.0,0.0,0.0,0.0,0.0,0.0,0.2112507917522248,0.0,0.3237758858129788,0.0,0.0,0.0,0.0,0.0,0.0,0.0,0.0,0.0,0.0,0.0,0.0,0.0,0.0,0.0,0.0,0.0,0.0,0.0,0.4205783396495004,0.0,0.0,0.0,0.0,0.0,0.0,0.0,0.0,0.0,0.0,0.0,0.0
60c163c0f00a2aeeae8648898d75314b1c5e749777f227ac6c3c84656a68516e,0.0,0.0,0.0,0.0,0.0,0.0,0.0,0.0,0.0,0.0,0.0,0.0,0.36754633830024885,0.0,0.0,0.0,0.0,0.0,0.0,0.0,0.0,0.0,0.0,0.0,0.0,0.0,0.0,0.0,0.0,0.0,0.0,0.0,0.0,0.0,0.0,0.0,0.0,0.0,0.0,0.0,0.0,0.0,0.0,0.0,0.0,0.0,0.0,0.0,0.0,0.0,0.0,0.0,0.0,0.0,0.0,0.0,0.0,0.0,0.0,0.0,0.0,0.0,0.0,0.0,0.0,0.0,0.0,0.0,0.0,0.0,0.0,0.0,0.0,0.0,0.0,0.0,0.0,0.0,0.0,0.0,0.0,0.0,0.0,0.0,0.0,0.0,0.0,0.0,0.0,0.0,0.0,0.0,0.0,0.0,0.0,0.0,0.0,0.0,0.0,0.0,0.0,0.0,0.4935676483259345,0.0,0.0,0.0,0.0,0.0,0.0,0.0,0.0,0.0,0.0,0.0,0.0,0.0,0.0,0.0,0.0,0.41455205907809073,0.0,0.0,0.0,0.0,0.0,0.0,0.0,0.0,0.0,0.0,0.0,0.0,0.0,0.0,0.0,0.0,0.0,0.0,0.0,0.0,0.0,0.0,0.0,0.0,0.0,0.3803772203963206,0.0,0.0,0.0,0.0,0.0,0.0,0.0,0.0,0.5520511083638633,0.0,0.0,0.0,0.0,0.0,0.0
cccef70aff3b7d8bcc6264bc9e9ae833a9128b45421880e511171ad28a1cd4ce,0.0,0.22026300271677204,0.0,0.0,0.0,0.0,0.0,0.0,0.0,0.0,0.15792436131803575,0.2765488004730043,0.1028667344236989,0.0,0.0,0.0,0.0,0.0,0.0,0.0,0.0,0.15033343556689968,0.0,0.0,0.0,0.0,0.0,0.0,0.0,0.0,0.0,0.0,0.0,0.0,0.0,0.0,0.0,0.0,0.0,0.0,0.0,0.297343782149083,0.0,0.1783036742607589,0.19976487810490048,0.0,0.0,0.0,0.0,0.0,0.0,0.0,0.0,0.0,0.0,0.28769151970831647,0.3170004002427884,0.0,0.19887793944919635,0.0,0.0,0.0,0.0,0.0,0.0,0.0,0.0,0.0,0.0,0.0,0.0,0.0,0.0,0.0,0.0,0.09779402740885595,0.0,0.0,0.0,0.08947392114251768,0.0,0.0,0.0,0.0,0.0,0.0,0.0,0.0,0.0,0.0,0.0,0.0,0.0,0.0,0.0,0.0,0.0,0.0,0.0,0.12591523293686005,0.0,0.0,0.1381368467314129,0.0,0.0,0.0,0.1644644967718416,0.0,0.0,0.0,0.0,0.0,0.0,0.2990856638702978,0.0,0.0,0.12853215559446302,0.1188798931536964,0.1309023546094894,0.11602242254185618,0.1383273200788861,0.0,0.0,0.0,0.16257282936241307,0.0,0.1867347254384033,0.0,0.0,0.0,0.0,0.0,0.0,0.0,0.0,0.0,0.0,0.0,0.0,0.0,0.0,0.0,0.19887793944919635,0.0,0.0,0.10645776718191455,0.22026300271677204,0.0,0.0,0.0,0.0,0.0,0.0,0.0,0.1545048578500168,0.0,0.0,0.0,0.0,0.0,0.0
60e76eda46185d1d2e9463d15e31d4c87eb03535d368cc3471c55992bc99ad5f,0.0,0.0,0.0,0.0,0.0,0.5265057780673229,0.0,0.0,0.0,0.0,0.0,0.0,0.0,0.0,0.0,0.0,0.0,0.0,0.0,0.0,0.0,0.0,0.0,0.0,0.0,0.0,0.0,0.0,0.0,0.0,0.0,0.0,0.0,0.0,0.3098005026539486,0.0,0.0,0.0,0.0,0.0,0.0,0.0,0.0,0.0,0.0,0.0,0.0,0.0,0.0,0.0,0.0,0.0,0.0,0.0,0.0,0.0,0.0,0.0,0.0,0.0,0.0,0.0,0.0,0.0,0.0,0.0,0.0,0.0,0.0,0.0,0.0,0.0,0.0,0.0,0.0,0.1799054132330385,0.0,0.0,0.0,0.16459944623639927,0.0,0.0,0.0,0.0,0.0,0.0,0.0,0.0,0.39472767726474206,0.0,0.0,0.0,0.0,0.0,0.0,0.0,0.0,0.0,0.0,0.23163819523592633,0.0,0.0,0.2541215159288271,0.0,0.0,0.0,0.0,0.0,0.0,0.0,0.0,0.0,0.0,0.0,0.0,0.0,0.23645238036143154,0.0,0.24081268379243892,0.2134390251096319,0.0,0.0,0.0,0.0,0.0,0.0,0.0,0.0,0.0,0.0,0.0,0.0,0.0,0.0,0.0,0.0,0.0,0.0,0.0,0.0,0.0,0.0,0.3658630166641732,0.0,0.0,0.0,0.0,0.0,0.0,0.0,0.0,0.0,0.0,0.0,0.0,0.0,0.0,0.0,0.0,0.0,0.0
60f95a88f8557ededb3465a372987ccd2642ce875916b57ac2e276c44f5f4fb7,0.0,0.0,0.0,0.0,0.0,0.47255192108786004,0.0,0.0,0.0,0.0,0.2607518629303467,0.0,0.16984518671266852,0.0,0.0,0.0,0.0,0.0,0.0,0.0,0.4800923509618642,0.0,0.0,0.0,0.0,0.0,0.0,0.0,0.0,0.0,0.0,0.0,0.0,0.0,0.0,0.0,0.0,0.0,0.0,0.0,0.0,0.0,0.0,0.0,0.0,0.0,0.0,0.0,0.0,0.0,0.0,0.0,0.0,0.0,0.0,0.0,0.0,0.0,0.0,0.0,0.0,0.0,0.0,0.0,0.3283710807776698,0.0,0.0,0.0,0.0,0.0,0.0,0.0,0.0,0.0,0.0,0.16146954540450847,0.0,0.0,0.0,0.0,0.0,0.0,0.0,0.0,0.0,0.0,0.0,0.0,0.0,0.0,0.0,0.0,0.0,0.0,0.0,0.0,0.0,0.0,0.0,0.0,0.0,0.0,0.2280803279742382,0.0,0.0,0.0,0.0,0.0,0.0,0.0,0.0,0.0,0.0,0.0,0.0,0.0,0.2122218430265821,0.196284812210583,0.0,0.0,0.0,0.0,0.0,0.0,0.2684270353497722,0.0,0.0,0.0,0.0,0.0,0.0,0.0,0.0,0.0,0.0,0.0,0.0,0.0,0.0,0.0,0.0,0.0,0.3283710807776698,0.0,0.0,0.0,0.0,0.0,0.0,0.0,0.0,0.0,0.0,0.0,0.0,0.0,0.0,0.0,0.0,0.0,0.0
62c4a1fafc66fd389428f73ef74c2e7309ebd3be53eeb934a8a447fa51ee253b,0.0,0.0,0.0,0.0,0.0,0.0,0.0,0.0,0.0,0.0,0.25123297311853987,0.0,0.16364489499005286,0.0,0.0,0.0,0.0,0.0,0.0,0.0,0.0,0.23915699681403924,0.0,0.0,0.0,0.0,0.34398836408755246,0.0,0.0,0.0,0.0,0.0,0.0,0.0,0.0,0.0,0.0,0.0,0.0,0.0,0.0,0.0,0.0,0.0,0.3177946950811901,0.0,0.0,0.0,0.0,0.0,0.0,0.0,0.0,0.0,0.0,0.0,0.0,0.0,0.31638371432061213,0.0,0.0,0.0,0.0,0.0,0.0,0.0,0.0,0.0,0.0,0.0,0.0,0.0,0.0,0.0,0.0,0.15557501106295088,0.0,0.26472752844831554,0.0,0.14233902253965494,0.0,0.0,0.0,0.0,0.0,0.0,0.0,0.0,0.0,0.0,0.0,0.0,0.0,0.0,0.0,0.0,0.0,0.0,0.0,0.20031145332881636,0.0,0.0,0.0,0.0,0.0,0.0,0.0,0.0,0.0,0.0,0.0,0.0,0.0,0.0,0.0,0.0,0.2044745682162456,0.0,0.0,0.18457353837198714,0.0,0.0,0.0,0.0,0.2586279591579868,0.0,0.29706575897993837,0.0,0.0,0.0,0.0,0.0,0.0,0.2349365785795904,0.0,0.0,0.0,0.0,0.0,0.0,0.0,0.0,0.0,0.2528356957769736,0.0,0.16935766678081998,0.0,0.0,0.0,0.0,0.0,0.0,0.0,0.0,0.0,0.0,0.0,0.0,0.0,0.0,0.0
a16d035ca37dbd7ab34c856f4cdf96a9898dcebba08c5801c99f3d3100ae6b3f,0.0,0.0,0.0,0.0,0.0,0.0,0.0,0.0,0.0,0.0,0.0,0.4279470560604644,0.0,0.0,0.0,0.0,0.0,0.0,0.0,0.0,0.0,0.0,0.0,0.0,0.0,0.0,0.0,0.0,0.0,0.0,0.0,0.0,0.0,0.0,0.0,0.0,0.0,0.0,0.0,0.0,0.0,0.0,0.0,0.2759170618500092,0.0,0.0,0.0,0.0,0.0,0.0,0.0,0.0,0.0,0.0,0.0,0.0,0.0,0.0,0.0,0.0,0.0,0.0,0.0,0.0,0.0,0.0,0.0,0.0,0.0,0.0,0.0,0.0,0.0,0.0,0.4773692378200397,0.1513319387331842,0.0,0.25750748685415453,0.0,0.1384569417102365,0.0,0.0,0.0,0.0,0.0,0.0,0.0,0.0,0.0,0.0,0.0,0.0,0.0,0.0,0.0,0.0,0.0,0.0,0.0,0.0,0.0,0.0,0.0,0.0,0.0,0.0,0.2545015458378233,0.0,0.0,0.0,0.0,0.0,0.0,0.46282185691735706,0.0,0.0,0.0,0.0,0.2025656129793351,0.17953957521734906,0.0,0.0,0.0,0.0,0.0,0.0,0.0,0.0,0.0,0.0,0.0,0.0,0.0,0.22852903993305448,0.0,0.0,0.0,0.0,0.0,0.0,0.0,0.0,0.0,0.0,0.0,0.0,0.0,0.0,0.0,0.0,0.0,0.0,0.0,0.0,0.0,0.0,0.0,0.0,0.0,0.0,0.0
062de0a9fa284c56323ccaa5cf9b4a70801234b129744e1def53b29a7a86b8cd,0.0,0.0,0.0,0.0,0.0,0.0,0.0,0.0,0.0,0.0,0.0,0.0,0.22201530813761008,0.0,0.0,0.0,0.0,0.0,0.0,0.0,0.0,0.0,0.0,0.0,0.0,0.0,0.0,0.0,0.0,0.0,0.0,0.0,0.0,0.0,0.0,0.0,0.0,0.0,0.0,0.0,0.0,0.0,0.0,0.0,0.0,0.0,0.0,0.0,0.0,0.0,0.0,0.0,0.0,0.0,0.0,0.0,0.0,0.0,0.0,0.0,0.0,0.0,0.0,0.0,0.0,0.0,0.0,0.0,0.0,0.0,0.0,0.0,0.0,0.0,0.0,0.0,0.0,0.3591530539619538,0.0,0.1931098550374493,0.0,0.0,0.0,0.0,0.0,0.0,0.0,0.0,0.0,0.0,0.0,0.0,0.0,0.0,0.0,0.0,0.0,0.0,0.0,0.2717604422490106,0.0,0.0,0.0,0.0,0.0,0.0,0.0,0.0,0.0,0.0,0.0,0.0,0.0,0.0,0.0,0.0,0.0,0.0,0.0,0.25040897852754024,0.0,0.0,0.0,0.0,0.0,0.0,0.0,0.0,0.0,0.0,0.0,0.0,0.0,0.31873598555771704,0.0,0.0,0.0,0.0,0.0,0.0,0.0,0.0,0.0,0.34301952963166926,0.0,0.22976576555043746,0.0,0.5144145355037241,0.0,0.0,0.0,0.0,0.0,0.0,0.33346488363323,0.0,0.0,0.0,0.0,0.0,0.0
64ca65d71fa8db3699aab3a274c05c0308777f7d4edbe2a5f6286f81feb85e2d,0.0,0.0,0.0,0.0,0.0,0.0,0.31126295158419065,0.0,0.0,0.0,0.0,0.0,0.11685099735093926,0.0,0.0,0.0,0.30190683416491954,0.22897489207299074,0.0,0.0,0.0,0.0,0.0,0.0,0.0,0.30847924927233444,0.0,0.0,0.0,0.0,0.0,0.0,0.0,0.0,0.0,0.0,0.0,0.0,0.0,0.0,0.0,0.0,0.0,0.0,0.0,0.0,0.0,0.0,0.0,0.2848572847727547,0.0,0.0,0.0,0.0,0.0,0.0,0.0,0.0,0.0,0.0,0.1695014455226802,0.3098593045146587,0.0,0.0,0.0,0.0,0.0,0.0,0.0,0.0,0.0,0.0,0.0,0.0,0.0,0.1110886789758656,0.0,0.0,0.0,0.0,0.0,0.0,0.0,0.0,0.0,0.0,0.0,0.0,0.24373794781678795,0.0,0.0,0.0,0.0,0.0,0.0,0.0,0.0,0.0,0.0,0.14303283401361883,0.0,0.0,0.0,0.0,0.0,0.0,0.0,0.0,0.0,0.0,0.0,0.0,0.0,0.0,0.2349002482446522,0.2673599123163677,0.1460055153594819,0.13504107190538167,0.14869793210992788,0.13179514120907676,0.15713228773768273,0.0,0.0,0.0,0.0,0.0,0.0,0.0,0.0,0.0,0.0,0.0,0.29941842088346277,0.0,0.0,0.0,0.0,0.0,0.0,0.0,0.0,0.0,0.0,0.18053788490776854,0.0,0.0,0.0,0.0,0.0,0.0,0.0,0.0,0.0,0.0,0.0,0.0,0.0,0.0,0.0,0.0,0.0
65ac3e80b5d7499316fa680cb138aa9e4038f0b107aec3371cf7d7c5c24fd6f0,0.0,0.0,0.0,0.0,0.0,0.0,0.0,0.0,0.0,0.0,0.25665562481060433,0.0,0.16717703193728717,0.0,0.0,0.0,0.0,0.0,0.0,0.0,0.0,0.24431899874931384,0.0,0.0,0.0,0.0,0.3514130626110608,0.0,0.0,0.0,0.0,0.0,0.0,0.0,0.0,0.0,0.0,0.0,0.0,0.0,0.0,0.0,0.0,0.0,0.324654025365826,0.0,0.0,0.0,0.0,0.0,0.0,0.0,0.0,0.0,0.0,0.0,0.0,0.0,0.3232125897763542,0.0,0.0,0.0,0.0,0.0,0.0,0.0,0.0,0.0,0.0,0.0,0.0,0.0,0.0,0.0,0.0,0.158932966376346,0.0,0.2704414487281944,0.0,0.14541129021153126,0.0,0.0,0.0,0.0,0.0,0.0,0.0,0.0,0.0,0.0,0.0,0.0,0.0,0.0,0.0,0.0,0.0,0.0,0.0,0.204635006992375,0.0,0.0,0.0,0.0,0.0,0.0,0.0,0.0,0.0,0.0,0.0,0.0,0.0,0.0,0.0,0.0,0.0,0.0,0.0,0.18855740242350608,0.0,0.0,0.0,0.0,0.26421022538257793,0.0,0.30347767267339654,0.0,0.0,0.0,0.0,0.0,0.0,0.24000748634917424,0.0,0.0,0.0,0.0,0.0,0.0,0.0,0.0,0.0,0.258292940884973,0.0,0.17301310908575895,0.0,0.0,0.0,0.0,0.0,0.0,0.0,0.0,0.0,0.0,0.0,0.0,0.0,0.0,0.0
67fae5a52c5920f4eabb29229eaf5ce35572f4be29f1477ec2355a13776058fb,0.0,0.0,0.0,0.0,0.0,0.0,0.0,0.0,0.0,0.0,0.0,0.0,0.0,0.0,0.0,0.0,0.0,0.0,0.0,0.0,0.0,0.0,0.0,0.0,0.0,0.0,0.43011903755505027,0.0,0.0,0.0,0.0,0.0,0.0,0.0,0.3349829020099448,0.0,0.0,0.0,0.0,0.0,0.0,0.0,0.0,0.0,0.3973667793996419,0.0,0.0,0.0,0.0,0.0,0.0,0.0,0.0,0.0,0.0,0.0,0.0,0.0,0.39560250551683684,0.0,0.0,0.0,0.0,0.0,0.0,0.0,0.0,0.0,0.0,0.0,0.0,0.0,0.0,0.0,0.0,0.0,0.0,0.3310122133129356,0.0,0.17797905328478056,0.0,0.0,0.0,0.0,0.0,0.0,0.0,0.0,0.0,0.0,0.0,0.0,0.0,0.0,0.0,0.0,0.0,0.0,0.0,0.2504671044486692,0.0,0.0,0.0,0.0,0.0,0.0,0.0,0.0,0.0,0.0,0.0,0.0,0.0,0.0,0.0,0.0,0.0,0.0,0.0,0.23078859918204425,0.0,0.0,0.0,0.0,0.0,0.0,0.0,0.0,0.0,0.0,0.0,0.0,0.0,0.29376195713239384,0.0,0.0,0.0,0.0,0.0,0.0,0.0,0.0,0.0,0.0,0.0,0.21176285084978877,0.0,0.0,0.0,0.0,0.0,0.0,0.0,0.0,0.0,0.0,0.0,0.0,0.0,0.0,0.0
68f78c6fa80a3643dc8389008bb8e3632ef1ddd9927ec079a09a5a9a773d26aa,0.0,0.0,0.0,0.0,0.0,0.0,0.0,0.0,0.0,0.528137597522809,0.0,0.0,0.0,0.4298833288366631,0.0,0.0,0.0,0.0,0.0,0.0,0.0,0.0,0.0,0.0,0.0,0.0,0.0,0.0,0.5582299548388634,0.0,0.0,0.0,0.0,0.0,0.0,0.0,0.0,0.0,0.0,0.0,0.0,0.0,0.2333747914643713,0.0,0.0,0.0,0.0,0.0,0.0,0.0,0.0,0.0,0.0,0.0,0.0,0.0,0.0,0.0,0.0,0.0,0.0,0.0,0.0,0.0,0.0,0.0,0.0,0.0,0.0,0.0,0.0,0.0,0.0,0.0,0.0,0.12099671051258694,0.0,0.0,0.0,0.0,0.0,0.0,0.0,0.0,0.0,0.0,0.0,0.0,0.0,0.0,0.0,0.0,0.0,0.0,0.0,0.0,0.0,0.0,0.0,0.15578997401436948,0.0,0.0,0.0,0.0,0.0,0.0,0.0,0.0,0.0,0.0,0.0,0.0,0.0,0.0,0.0,0.0,0.0,0.0,0.0,0.0,0.0,0.0,0.0,0.0,0.0,0.0,0.2310395441845952,0.0,0.0,0.0,0.0,0.0,0.0,0.0,0.0,0.0,0.0,0.0,0.0,0.0,0.0,0.0,0.24606386611187947,0.0,0.0,0.1317160155770415,0.0,0.0,0.0,0.0,0.0,0.0,0.0,0.0,0.0,0.0,0.0,0.0,0.0,0.0,0.0
70dd30ba43b00bc3fa8f01629133d8f0a4338260b7299f899d8d0d97aa0fdad3,0.0,0.0,0.0,0.0,0.0,0.0,0.0,0.0,0.0,0.0,0.0,0.0,0.36084947509602794,0.0,0.0,0.0,0.0,0.0,0.0,0.0,0.0,0.0,0.0,0.0,0.0,0.0,0.0,0.0,0.0,0.0,0.0,0.0,0.0,0.0,0.0,0.0,0.0,0.0,0.0,0.0,0.0,0.0,0.0,0.0,0.0,0.0,0.0,0.0,0.0,0.0,0.0,0.0,0.0,0.0,0.0,0.0,0.0,0.0,0.0,0.0,0.0,0.0,0.0,0.0,0.0,0.0,0.0,0.0,0.0,0.0,0.0,0.0,0.0,0.0,0.0,0.34305476552468667,0.0,0.0,0.0,0.3138684012858346,0.0,0.0,0.0,0.0,0.0,0.0,0.0,0.0,0.0,0.0,0.0,0.0,0.0,0.0,0.0,0.0,0.0,0.0,0.0,0.0,0.0,0.0,0.0,0.0,0.0,0.0,0.0,0.0,0.0,0.0,0.0,0.0,0.0,0.0,0.0,0.0,0.45088201875044226,0.0,0.0,0.0,0.0,0.0,0.0,0.0,0.0,0.0,0.0,0.0,0.0,0.0,0.0,0.0,0.0,0.0,0.0,0.0,0.0,0.0,0.0,0.0,0.0,0.0,0.0,0.5575219936570932,0.0,0.3734465726233722,0.0,0.0,0.0,0.0,0.0,0.0,0.0,0.0,0.0,0.0,0.0,0.0,0.0,0.0,0.0
584453b0ac50b6c6ca75aa0698ff3593c393709ad8b18f2708c6440528e8b7a1,0.0,0.0,0.0,0.0,0.0,0.0,0.0,0.0,0.0,0.0,0.19747214947630973,0.0,0.12862686280141783,0.0,0.0,0.0,0.0,0.0,0.0,0.0,0.0,0.187980286333212,0.0,0.0,0.0,0.0,0.0,0.0,0.0,0.0,0.0,0.0,0.0,0.0,0.0,0.0,0.0,0.0,0.0,0.0,0.0,0.3718053079609904,0.0,0.2229548976607111,0.0,0.0,0.0,0.0,0.0,0.0,0.0,0.0,0.0,0.0,0.0,0.3597359033702121,0.0,0.0,0.0,0.0,0.0,0.0,0.0,0.0,0.0,0.0,0.0,0.0,0.0,0.0,0.0,0.0,0.0,0.0,0.0,0.12228383662404879,0.2610663077647107,0.20807903285678245,0.0,0.11188018987460016,0.0,0.0,0.0,0.0,0.0,0.0,0.0,0.0,0.0,0.0,0.0,0.0,0.0,0.0,0.0,0.0,0.0,0.0,0.0,0.1574472202536133,0.0,0.0,0.0,0.0,0.0,0.0,0.20565008095661116,0.0,0.0,0.0,0.0,0.0,0.0,0.3739833957794306,0.0,0.0,0.16071947880762716,0.0,0.1636832286070727,0.14507702912693318,0.0,0.0,0.0,0.0,0.2032846977673649,0.0,0.0,0.0,0.0,0.0,0.0,0.0,0.0,0.0,0.0,0.0,0.0,0.0,0.0,0.0,0.0,0.0,0.0,0.0,0.0,0.13311717038719056,0.2754217793478566,0.0,0.0,0.0,0.0,0.0,0.0,0.0,0.193196325947022,0.0,0.0,0.0,0.0,0.0,0.0
5c21d49a85c6d2d09a61fc58df9c41bbad07c7c58df7ac801aec3ee9b3491f2d,0.0,0.0,0.0,0.0,0.0,0.0,0.0,0.0,0.0,0.0,0.0,0.0,0.16647956306184622,0.0,0.0,0.0,0.0,0.0,0.0,0.0,0.0,0.0,0.0,0.0,0.0,0.0,0.0,0.0,0.0,0.0,0.0,0.0,0.0,0.0,0.0,0.0,0.0,0.0,0.0,0.0,0.0,0.4812212928568647,0.30526617539009526,0.28856673587972076,0.0,0.0,0.0,0.0,0.0,0.0,0.0,0.0,0.0,0.0,0.0,0.0,0.0,0.0,0.0,0.0,0.0,0.0,0.0,0.0,0.0,0.0,0.0,0.0,0.0,0.0,0.0,0.0,0.0,0.0,0.0,0.15826989205301079,0.0,0.0,0.0,0.14480462883056894,0.0,0.0,0.0,0.0,0.0,0.0,0.0,0.0,0.0,0.0,0.0,0.0,0.0,0.0,0.0,0.0,0.0,0.0,0.0,0.20378126203381894,0.0,0.0,0.0,0.0,0.0,0.0,0.0,0.0,0.0,0.0,0.0,0.0,0.0,0.0,0.0,0.0,0.20801649068227518,0.0,0.21185242169147717,0.18777073383691625,0.0,0.0,0.0,0.0,0.0,0.0,0.30221155238983777,0.0,0.0,0.0,0.0,0.0,0.0,0.0,0.0,0.0,0.0,0.0,0.0,0.0,0.0,0.0,0.321864134675152,0.25721533300471733,0.0,0.1722912918765872,0.0,0.0,0.0,0.0,0.0,0.0,0.0,0.0,0.2500507221300255,0.0,0.0,0.0,0.0,0.0,0.0
04dd197044b9d4c84a86fb2e50fc3c0c3ac5b021aa1314b821d693fa60124465,0.0,0.0,0.0,0.0,0.0,0.0,0.0,0.0,0.0,0.0,0.2456341498756618,0.0,0.15999800568935446,0.0,0.0,0.0,0.0,0.0,0.0,0.0,0.0,0.23382729133852592,0.0,0.0,0.0,0.0,0.0,0.0,0.0,0.0,0.0,0.0,0.0,0.0,0.0,0.0,0.0,0.0,0.0,0.0,0.0,0.0,0.0,0.2773319523423429,0.0,0.0,0.0,0.33373772107721383,0.0,0.0,0.0,0.0,0.0,0.0,0.0,0.0,0.0,0.0,0.0,0.0,0.0,0.0,0.0,0.0,0.0,0.0,0.0,0.0,0.0,0.0,0.0,0.0,0.0,0.0,0.47981716616269277,0.15210796222322998,0.32473845420240255,0.2588279738599663,0.0,0.13916694278487074,0.0,0.0,0.0,0.0,0.0,0.0,0.0,0.0,0.0,0.0,0.0,0.0,0.0,0.0,0.0,0.0,0.0,0.0,0.0,0.0,0.0,0.0,0.0,0.0,0.3649520835492529,0.0,0.0,0.0,0.0,0.0,0.0,0.0,0.0,0.0,0.0,0.0,0.19991777397504376,0.0,0.0,0.0,0.0,0.0,0.0,0.0,0.0,0.0,0.0,0.0,0.0,0.0,0.0,0.0,0.0,0.22970092674445874,0.0,0.0,0.0,0.0,0.0,0.0,0.0,0.0,0.0,0.0,0.0,0.0,0.0,0.0,0.0,0.0,0.0,0.0,0.0,0.0,0.0,0.0,0.0,0.0,0.0,0.0,0.0
82caa68b1cd7e2b1e9d597bda4ec3c122536630a5108da8c1c82f96b3a8c5972,0.0,0.0,0.0,0.0,0.0,0.0,0.0,0.0,0.0,0.0,0.19482551027506603,0.0,0.12690292908050563,0.0,0.0,0.0,0.0,0.0,0.0,0.0,0.0,0.18546086272745346,0.0,0.0,0.0,0.0,0.0,0.0,0.0,0.0,0.0,0.0,0.0,0.0,0.0,0.0,0.0,0.0,0.0,0.0,0.0,0.0,0.0,0.2199667235114805,0.0,0.0,0.0,0.0,0.312770076614125,0.0,0.0,0.0,0.0,0.0,0.0,0.0,0.0,0.0,0.0,0.0,0.0,0.0,0.0,0.0,0.0,0.0,0.0,0.0,0.0,0.0,0.0,0.0,0.4423798202128816,0.0,0.0,0.12064491591271825,0.2575673418290767,0.20529023389563222,0.0,0.11038070502496455,0.0,0.0,0.0,0.0,0.0,0.0,0.0,0.0,0.2647051390851753,0.0,0.0,0.0,0.0,0.0,0.0,0.0,0.0,0.0,0.0,0.155337018960139,0.0,0.0,0.0,0.0,0.0,0.0,0.0,0.0,0.0,0.0,0.0,0.0,0.0,0.0,0.0,0.0,0.15856542075871355,0.0,0.16148944862054565,0.0,0.0,0.0,0.0,0.0,0.20056015533669358,0.0,0.0,0.0,0.0,0.0,0.0,0.0,0.0,0.18218802347433236,0.0,0.0,0.0,0.3998501828220783,0.0,0.0,0.0,0.0,0.0,0.1960683855867053,0.0,0.1313330548932351,0.0,0.0,0.0,0.0,0.0,0.0,0.0,0.0,0.0,0.0,0.0,0.0,0.0,0.0,0.0
83d7f6eaf7fe075503ea6a0bc726633c34595a6eae7edd7deab95ab4d4a66fd5,0.0,0.0,0.0,0.0,0.0,0.4079344444439567,0.0,0.0,0.0,0.0,0.0,0.394176667738607,0.0,0.0,0.0,0.0,0.0,0.0,0.0,0.4772681016162568,0.41444378433710377,0.0,0.0,0.0,0.0,0.0,0.0,0.0,0.0,0.0,0.0,0.0,0.0,0.0,0.0,0.0,0.0,0.0,0.0,0.0,0.0,0.0,0.0,0.0,0.0,0.0,0.0,0.0,0.0,0.0,0.0,0.0,0.0,0.0,0.0,0.0,0.0,0.0,0.0,0.0,0.0,0.0,0.0,0.0,0.0,0.0,0.0,0.0,0.0,0.0,0.0,0.0,0.0,0.0,0.0,0.13938995136781931,0.0,0.0,0.0,0.0,0.0,0.0,0.0,0.0,0.0,0.0,0.0,0.0,0.0,0.0,0.0,0.0,0.0,0.0,0.0,0.0,0.0,0.0,0.0,0.17947229151488206,0.0,0.0,0.1968922730576887,0.0,0.0,0.0,0.0,0.0,0.0,0.0,0.0,0.0,0.0,0.0,0.0,0.0,0.18320230173781304,0.0,0.0,0.0,0.0,0.0,0.0,0.0,0.0,0.0,0.0,0.0,0.0,0.0,0.0,0.0,0.0,0.0,0.0,0.0,0.0,0.0,0.0,0.0,0.0,0.0,0.283469114039629,0.22653223739216521,0.0,0.15173874502759163,0.0,0.0,0.0,0.0,0.0,0.0,0.0,0.0,0.0,0.0,0.0,0.0,0.0,0.0,0.0
85a46e5b3e5f93a456439d5b37fd3fd3e1717db2a7b5162c008a94e4ca796245,0.0,0.0,0.0,0.0,0.0,0.6477884881216579,0.0,0.0,0.0,0.0,0.0,0.0,0.0,0.0,0.0,0.0,0.0,0.0,0.0,0.0,0.0,0.0,0.0,0.0,0.0,0.0,0.0,0.0,0.0,0.0,0.0,0.0,0.0,0.0,0.0,0.0,0.0,0.0,0.0,0.0,0.0,0.0,0.0,0.0,0.0,0.0,0.0,0.0,0.0,0.0,0.0,0.0,0.0,0.0,0.0,0.0,0.0,0.0,0.0,0.0,0.0,0.0,0.0,0.0,0.0,0.0,0.0,0.0,0.0,0.0,0.0,0.0,0.0,0.0,0.0,0.22134734412777968,0.0,0.0,0.0,0.2025155864661855,0.0,0.0,0.0,0.0,0.0,0.0,0.0,0.0,0.48565477517400635,0.0,0.0,0.0,0.0,0.0,0.0,0.0,0.0,0.0,0.0,0.0,0.0,0.0,0.3126594226695639,0.0,0.0,0.0,0.0,0.0,0.0,0.0,0.0,0.0,0.0,0.0,0.0,0.0,0.0,0.0,0.29628484786443526,0.2626055575106142,0.0,0.0,0.0,0.0,0.0,0.0,0.0,0.0,0.0,0.0,0.0,0.0,0.0,0.0,0.0,0.0,0.0,0.0,0.0,0.0,0.0,0.0,0.0,0.0,0.0,0.0,0.0,0.0,0.0,0.0,0.0,0.0,0.0,0.0,0.0,0.0,0.0,0.0,0.0,0.0,0.0
87d71d7df9f3e28a71abb9bb8f6b037a100df45cddb9bdd562137902872ca3b6,0.0,0.0,0.0,0.0,0.0,0.0,0.0,0.0,0.0,0.0,0.0,0.0,0.19510397553412337,0.0,0.0,0.0,0.0,0.3823151941679018,0.0,0.0,0.0,0.0,0.0,0.0,0.0,0.0,0.0,0.0,0.0,0.0,0.0,0.0,0.0,0.0,0.0,0.0,0.0,0.0,0.0,0.0,0.0,0.0,0.0,0.0,0.0,0.0,0.0,0.0,0.0,0.0,0.0,0.0,0.5607362131555573,0.0,0.0,0.0,0.0,0.0,0.0,0.0,0.0,0.0,0.0,0.0,0.0,0.0,0.0,0.0,0.0,0.0,0.0,0.0,0.0,0.0,0.0,0.0,0.0,0.0,0.0,0.0,0.0,0.0,0.0,0.0,0.0,0.0,0.0,0.0,0.0,0.0,0.0,0.0,0.0,0.0,0.0,0.0,0.0,0.0,0.0,0.0,0.0,0.0,0.0,0.0,0.0,0.0,0.0,0.0,0.6406854684234535,0.0,0.0,0.0,0.0,0.0,0.0,0.0,0.0,0.0,0.0,0.0,0.0,0.0,0.0,0.0,0.0,0.0,0.0,0.0,0.0,0.0,0.0,0.0,0.0,0.0,0.0,0.0,0.0,0.0,0.0,0.0,0.0,0.0,0.0,0.30144080819644387,0.0,0.0,0.0,0.0,0.0,0.0,0.0,0.0,0.0,0.0,0.0,0.0,0.0,0.0,0.0,0.0,0.0
89e22471cada6ad8f4da2a73ed2bc168314d57606ba7f659384f1781c167cba7,0.0,0.0,0.0,0.0,0.0,0.0,0.0,0.0,0.0,0.0,0.0,0.0,0.20401820091830053,0.0,0.0,0.9268317047665018,0.0,0.0,0.0,0.0,0.0,0.0,0.0,0.0,0.0,0.0,0.0,0.0,0.0,0.0,0.0,0.0,0.0,0.0,0.0,0.0,0.0,0.0,0.0,0.0,0.0,0.0,0.0,0.0,0.0,0.0,0.0,0.0,0.0,0.0,0.0,0.0,0.0,0.0,0.0,0.0,0.0,0.0,0.0,0.0,0.0,0.0,0.0,0.0,0.0,0.0,0.0,0.0,0.0,0.0,0.0,0.0,0.0,0.0,0.0,0.0,0.0,0.0,0.0,0.0,0.0,0.0,0.0,0.0,0.0,0.0,0.0,0.0,0.0,0.0,0.0,0.0,0.0,0.0,0.0,0.0,0.0,0.0,0.0,0.0,0.0,0.0,0.0,0.0,0.0,0.0,0.0,0.0,0.0,0.0,0.0,0.0,0.0,0.0,0.0,0.0,0.0,0.0,0.0,0.0,0.0,0.0,0.0,0.0,0.0,0.0,0.0,0.0,0.0,0.0,0.0,0.0,0.0,0.0,0.0,0.0,0.0,0.0,0.0,0.0,0.0,0.0,0.0,0.31521352244737233,0.0,0.0,0.0,0.0,0.0,0.0,0.0,0.0,0.0,0.0,0.0,0.0,0.0,0.0,0.0,0.0,0.0
90ccd84f28e4dd03fb70b8739c4636acbcf8a030404b5a24264afd1acd09ecbc,0.0,0.0,0.0,0.0,0.0,0.0,0.3034933148783303,0.0,0.0,0.0,0.0,0.0,0.0,0.0,0.0,0.0,0.2943707415829427,0.2232593010682916,0.0,0.0,0.0,0.0,0.0,0.0,0.0,0.3007790983679494,0.0,0.0,0.0,0.0,0.0,0.0,0.0,0.0,0.0,0.0,0.0,0.0,0.0,0.0,0.0,0.0,0.0,0.0,0.0,0.0,0.0,0.2376538465887748,0.0,0.27774677706717105,0.0,0.0,0.0,0.0,0.0,0.0,0.0,0.0,0.0,0.0,0.16527040984648866,0.3021247051549972,0.0,0.0,0.0,0.0,0.0,0.0,0.0,0.0,0.0,0.0,0.0,0.0,0.0,0.0,0.0,0.0,0.0,0.0,0.0,0.0,0.0,0.0,0.0,0.0,0.0,0.0,0.2376538465887748,0.0,0.0,0.0,0.0,0.0,0.0,0.0,0.0,0.0,0.0,0.13946249854118517,0.0,0.0,0.0,0.0,0.0,0.0,0.0,0.0,0.0,0.0,0.0,0.0,0.0,0.0,0.2290367505759176,0.2606861678895531,0.14236097685715954,0.1316702239977373,0.14498618644432038,0.12850531708583826,0.1532100066429721,0.0,0.0,0.0,0.0,0.0,0.0,0.0,0.0,0.0,0.0,0.0,0.2919444432016774,0.0,0.0,0.0,0.0,0.0,0.0,0.0,0.0,0.0,0.220275289124197,0.0,0.0,0.0,0.0,0.0,0.0,0.0,0.0,0.0,0.0,0.0,0.0,0.0,0.0,0.0,0.0,0.0,0.0
91b8833d045e42de89fceb8698a75cd45b3a1b45fc67d1115cf9a181d7ca100b,0.0,0.0,0.0,0.0,0.0,0.0,0.0,0.0,0.0,0.0,0.0,0.0,0.0,0.0,0.0,0.0,0.0,0.0,0.0,0.5007487726626924,0.4348336200171004,0.0,0.0,0.0,0.0,0.0,0.0,0.0,0.0,0.0,0.0,0.0,0.0,0.0,0.0,0.0,0.0,0.0,0.0,0.0,0.0,0.0,0.0,0.0,0.0,0.0,0.0,0.32087974130605357,0.0,0.0,0.0,0.0,0.0,0.0,0.0,0.0,0.0,0.0,0.0,0.0,0.0,0.0,0.0,0.0,0.0,0.0,0.0,0.0,0.0,0.0,0.0,0.0,0.0,0.0,0.0,0.1462476684123119,0.0,0.0,0.0,0.1338052302119965,0.0,0.0,0.0,0.0,0.0,0.0,0.0,0.0,0.0,0.0,0.0,0.0,0.0,0.0,0.0,0.0,0.0,0.0,0.0,0.18830198246791222,0.0,0.0,0.2065789935395234,0.0,0.0,0.0,0.0,0.0,0.0,0.0,0.0,0.0,0.0,0.0,0.0,0.0,0.0,0.0,0.0,0.0,0.20686384000408484,0.0,0.0,0.0,0.0,0.0,0.0,0.0,0.4280040331427643,0.0,0.0,0.0,0.0,0.0,0.0,0.0,0.0,0.0,0.0,0.0,0.0,0.0,0.29741524829006083,0.0,0.0,0.15920399892770787,0.0,0.0,0.0,0.0,0.0,0.0,0.0,0.0,0.0,0.0,0.0,0.0,0.0,0.0,0.0
91c8694b12c7489be239393cc92091108b67422523422933d5121e428c5bb202,0.0,0.0,0.0,0.0,0.0,0.0,0.0,0.0,0.0,0.0,0.33343129472070954,0.0,0.2171861779672633,0.0,0.0,0.0,0.0,0.0,0.0,0.0,0.0,0.3174043044564721,0.0,0.0,0.0,0.0,0.0,0.0,0.0,0.0,0.0,0.0,0.0,0.0,0.0,0.0,0.0,0.0,0.0,0.0,0.0,0.0,0.0,0.3764588595833997,0.0,0.0,0.0,0.0,0.0,0.0,0.0,0.0,0.0,0.0,0.0,0.0,0.0,0.0,0.0,0.0,0.0,0.0,0.0,0.0,0.0,0.0,0.0,0.0,0.0,0.0,0.0,0.0,0.0,0.0,0.0,0.20647599206825762,0.4408098926192406,0.3513409942296364,0.0,0.18890945716860225,0.0,0.0,0.0,0.0,0.0,0.0,0.0,0.0,0.0,0.0,0.0,0.0,0.0,0.0,0.0,0.0,0.0,0.0,0.0,0.0,0.0,0.0,0.0,0.0,0.0,0.0,0.0,0.0,0.0,0.0,0.0,0.0,0.0,0.0,0.0,0.0,0.0,0.0,0.0,0.0,0.2920553677989233,0.0,0.0,0.0,0.34324576986291533,0.0,0.0,0.0,0.0,0.0,0.0,0.0,0.0,0.0,0.0,0.0,0.0,0.0,0.0,0.0,0.0,0.0,0.0,0.0,0.0,0.0,0.0,0.0,0.0,0.0,0.0,0.0,0.0,0.0,0.0,0.0,0.0,0.0,0.0,0.0,0.0
bd8f9f6dabfb081a5f0dc233d8d017923de3e0d10df2b40da280078d7c4c47ff,0.0,0.0,0.0,0.0,0.0,0.0,0.0,0.0,0.0,0.0,0.23409105047127393,0.0,0.15247921041959694,0.0,0.0,0.0,0.0,0.0,0.0,0.0,0.0,0.2228390323006616,0.0,0.0,0.0,0.0,0.32051763150196083,0.0,0.0,0.0,0.0,0.0,0.0,0.0,0.2496237482446684,0.0,0.0,0.0,0.0,0.0,0.0,0.0,0.2795943510135239,0.0,0.29611118748593956,0.0,0.0,0.0,0.0,0.0,0.0,0.0,0.0,0.0,0.0,0.0,0.0,0.0,0.2947964796100645,0.0,0.0,0.0,0.0,0.0,0.2947964796100645,0.0,0.0,0.0,0.0,0.0,0.0,0.0,0.0,0.0,0.0,0.1449599442093244,0.0,0.24666485634387894,0.0,0.13262706282443495,0.0,0.0,0.0,0.0,0.0,0.0,0.0,0.0,0.0,0.0,0.0,0.0,0.0,0.0,0.0,0.0,0.0,0.0,0.0,0.0,0.0,0.0,0.0,0.0,0.0,0.0,0.0,0.0,0.0,0.0,0.0,0.0,0.0,0.0,0.0,0.0,0.0,0.1762154922521344,0.0,0.17197986773142226,0.0,0.0,0.0,0.0,0.24098146787431818,0.0,0.27679661119103427,0.0,0.0,0.0,0.0,0.0,0.0,0.21890657818977508,0.0,0.0,0.0,0.0,0.0,0.0,0.0,0.0,0.0,0.0,0.0,0.15780219304008425,0.0,0.0,0.0,0.0,0.0,0.0,0.0,0.0,0.0,0.0,0.0,0.0,0.0,0.0,0.0
91c19873a6cb357be6a268bcba88946c84ddaaf58764a4b82ee08f9e1ac1e28c,0.0,0.0,0.0,0.0,0.0,0.0,0.0,0.0,0.0,0.0,0.2398116106933499,0.0,0.15620539518430215,0.0,0.0,0.0,0.0,0.0,0.0,0.0,0.0,0.2282846232428984,0.0,0.0,0.0,0.0,0.3283502265949933,0.0,0.0,0.0,0.0,0.0,0.0,0.0,0.0,0.0,0.0,0.0,0.0,0.0,0.0,0.0,0.0,0.0,0.3033473542553805,0.0,0.0,0.0,0.0,0.0,0.0,0.0,0.0,0.0,0.0,0.0,0.0,0.0,0.3020005184294482,0.0,0.0,0.0,0.0,0.0,0.0,0.0,0.0,0.0,0.0,0.0,0.0,0.0,0.0,0.0,0.0,0.14850237818520154,0.0,0.25269268680789764,0.0,0.1358681141095516,0.0,0.0,0.0,0.0,0.0,0.0,0.0,0.0,0.0,0.0,0.0,0.0,0.0,0.0,0.0,0.0,0.0,0.0,0.0,0.19120504632345298,0.0,0.0,0.0,0.0,0.35630121880911997,0.0,0.0,0.0,0.0,0.0,0.0,0.0,0.0,0.0,0.0,0.0,0.0,0.0,0.0,0.17618259649171286,0.0,0.0,0.0,0.0,0.246870411499476,0.0,0.2835607812880845,0.0,0.0,0.0,0.0,0.0,0.0,0.22425607045367033,0.0,0.0,0.0,0.0,0.0,0.0,0.0,0.0,0.0,0.24134147159274855,0.0,0.1616584572870262,0.0,0.0,0.0,0.0,0.0,0.0,0.0,0.0,0.0,0.0,0.0,0.0,0.0,0.0,0.0
92c0894905793df478af3728c3be8db026e668fdb5e0adf82fc5ef83939031f1,0.0,0.0,0.0,0.0,0.0,0.0,0.31646306273906977,0.0,0.0,0.0,0.0,0.0,0.11880316728215261,0.0,0.0,0.0,0.3069506374447024,0.23280025864615947,0.0,0.0,0.0,0.0,0.0,0.0,0.0,0.3136328545344625,0.0,0.0,0.0,0.0,0.0,0.0,0.0,0.0,0.0,0.0,0.0,0.0,0.0,0.0,0.0,0.0,0.0,0.0,0.0,0.0,0.0,0.0,0.0,0.2896162499388828,0.0,0.0,0.0,0.0,0.0,0.0,0.0,0.0,0.0,0.0,0.17233321960033562,0.3150359656548585,0.0,0.0,0.0,0.0,0.0,0.0,0.0,0.0,0.0,0.0,0.0,0.0,0.0,0.11294458079708487,0.0,0.0,0.0,0.0,0.0,0.0,0.0,0.0,0.0,0.0,0.0,0.0,0.24780995322205251,0.0,0.0,0.0,0.0,0.0,0.0,0.0,0.0,0.0,0.0,0.14542241051760893,0.0,0.0,0.0,0.0,0.0,0.0,0.0,0.0,0.0,0.0,0.0,0.0,0.0,0.0,0.2388246067170112,0.2718265578176322,0.14844475493242335,0.13729713412161387,0.15118215251436992,0.13399697531902163,0.15975741661375903,0.0,0.0,0.0,0.0,0.0,0.0,0.0,0.0,0.0,0.0,0.0,0.30442065151350695,0.0,0.0,0.0,0.0,0.0,0.0,0.0,0.0,0.0,0.0,0.0,0.0,0.0,0.0,0.0,0.0,0.0,0.0,0.0,0.0,0.0,0.0,0.0,0.0,0.0,0.0,0.0,0.0
93fc5c91921dfc15f8173b8488a35a74998e3096bd24eaa42cd8087713cd43e1,0.0,0.0,0.0,0.0,0.0,0.0,0.0,0.0,0.0,0.0,0.26405779019702086,0.0,0.17199855899372013,0.0,0.0,0.0,0.0,0.0,0.0,0.0,0.0,0.25136536540159615,0.0,0.0,0.0,0.0,0.3615481126818074,0.0,0.0,0.0,0.0,0.0,0.0,0.0,0.0,0.0,0.0,0.0,0.0,0.0,0.0,0.0,0.0,0.0,0.3340173221604982,0.0,0.0,0.0,0.0,0.0,0.0,0.0,0.0,0.0,0.0,0.0,0.0,0.0,0.3325343143489681,0.0,0.0,0.0,0.0,0.0,0.0,0.0,0.0,0.0,0.0,0.0,0.0,0.0,0.0,0.0,0.0,0.16351672760635852,0.0,0.2782412089411468,0.0,0.14960507485970426,0.0,0.0,0.0,0.0,0.0,0.0,0.0,0.0,0.0,0.0,0.0,0.0,0.0,0.0,0.0,0.0,0.0,0.0,0.0,0.0,0.0,0.0,0.0,0.0,0.3923250930646054,0.0,0.0,0.0,0.0,0.0,0.0,0.0,0.0,0.0,0.0,0.0,0.0,0.0,0.0,0.19399555745557232,0.0,0.0,0.0,0.0,0.2718302718417484,0.0,0.0,0.0,0.0,0.0,0.0,0.0,0.0,0.24692950533568853,0.0,0.0,0.0,0.0,0.0,0.0,0.0,0.0,0.0,0.0,0.0,0.17800295354529871,0.0,0.0,0.0,0.0,0.0,0.0,0.0,0.0,0.0,0.0,0.0,0.0,0.0,0.0,0.0
97fc228c23bde829b5889b11c06d4bb0d9859e35d99e6b2e7e34cfb84c1eba15,0.0,0.0,0.0,0.0,0.0,0.0,0.0,0.0,0.0,0.0,0.24541910463244962,0.0,0.1598579322913178,0.0,0.0,0.0,0.0,0.31324895485046306,0.0,0.0,0.0,0.2336225826416245,0.0,0.0,0.0,0.0,0.0,0.5297247866123057,0.0,0.0,0.0,0.0,0.0,0.0,0.0,0.0,0.0,0.0,0.0,0.0,0.0,0.0,0.0,0.0,0.0,0.0,0.0,0.33344554383136077,0.0,0.0,0.0,0.0,0.0,0.0,0.0,0.0,0.0,0.0,0.0,0.0,0.0,0.0,0.0,0.0,0.3090621701643325,0.0,0.0,0.0,0.0,0.0,0.0,0.0,0.0,0.0,0.0,0.15197479631878485,0.0,0.0,0.0,0.13904510635018355,0.0,0.0,0.0,0.0,0.0,0.0,0.0,0.0,0.0,0.0,0.0,0.0,0.0,0.0,0.0,0.0,0.0,0.0,0.0,0.19567597721493118,0.0,0.0,0.0,0.0,0.0,0.0,0.0,0.0,0.0,0.0,0.0,0.0,0.0,0.0,0.0,0.0,0.0,0.18474285216722594,0.0,0.0,0.0,0.0,0.0,0.0,0.25264296076105663,0.0,0.0,0.0,0.0,0.0,0.0,0.0,0.0,0.0,0.0,0.0,0.0,0.0,0.0,0.0,0.0,0.0,0.3090621701643325,0.0,0.0,0.0,0.0,0.0,0.0,0.0,0.0,0.0,0.0,0.0,0.0,0.0,0.0,0.0,0.0,0.0,0.0
151eacb26f65117d4a4abb8473c8650edd42b079a662f7dc4c4ebdd966045d1c,0.0,0.0,0.0,0.0,0.0,0.0,0.0,0.0,0.0,0.0,0.2426952866542361,0.0,0.15808372685369612,0.0,0.0,0.0,0.0,0.0,0.0,0.0,0.0,0.23102968999918352,0.0,0.0,0.0,0.0,0.0,0.0,0.0,0.0,0.0,0.0,0.0,0.0,0.0,0.0,0.0,0.0,0.0,0.0,0.0,0.0,0.0,0.27401384419134817,0.0,0.0,0.0,0.0,0.3896195282309865,0.0,0.0,0.0,0.0,0.0,0.0,0.0,0.0,0.0,0.0,0.0,0.0,0.0,0.0,0.0,0.0,0.0,0.0,0.0,0.0,0.0,0.0,0.0,0.0,0.0,0.0,0.15028808295933224,0.320853156086806,0.25573125455836176,0.0,0.13750189494850212,0.0,0.0,0.0,0.0,0.0,0.0,0.0,0.0,0.3297447522063433,0.0,0.0,0.0,0.0,0.0,0.0,0.0,0.0,0.0,0.0,0.19350424023691248,0.0,0.0,0.0,0.0,0.0,0.0,0.0,0.0,0.0,0.0,0.0,0.0,0.0,0.0,0.0,0.0,0.19752587938896132,0.0,0.20116835813371292,0.0,0.0,0.0,0.0,0.0,0.24983896781347958,0.0,0.0,0.0,0.0,0.0,0.0,0.0,0.0,0.2269526948480453,0.0,0.0,0.0,0.0,0.0,0.0,0.0,0.0,0.0,0.2442435437567474,0.0,0.1636023606943914,0.0,0.0,0.0,0.0,0.0,0.0,0.0,0.0,0.0,0.0,0.0,0.0,0.0,0.0,0.0
160ffdb97712c84d3e7dca1e26924d48cd92afb6c21665df8912cae81cc91d9b,0.0,0.0,0.0,0.0,0.0,0.0,0.0,0.0,0.0,0.0,0.2420111643913839,0.0,0.15763811211421694,0.0,0.0,0.0,0.0,0.0,0.0,0.0,0.0,0.23037845133490137,0.0,0.0,0.0,0.0,0.3313618570705537,0.0,0.0,0.0,0.0,0.0,0.0,0.0,0.0,0.0,0.0,0.0,0.0,0.0,0.0,0.0,0.0,0.0,0.3061296582185295,0.0,0.0,0.0,0.0,0.0,0.0,0.0,0.0,0.0,0.0,0.0,0.0,0.0,0.3047704692053891,0.0,0.0,0.0,0.0,0.0,0.0,0.0,0.0,0.0,0.0,0.0,0.0,0.0,0.0,0.0,0.0,0.14986444299165405,0.0,0.25501038582225094,0.0,0.1371142973613572,0.0,0.0,0.0,0.0,0.0,0.0,0.0,0.0,0.0,0.0,0.0,0.0,0.0,0.0,0.0,0.0,0.0,0.0,0.0,0.0,0.0,0.0,0.0,0.0,0.35956921597230884,0.0,0.0,0.0,0.0,0.0,0.0,0.0,0.0,0.0,0.0,0.0,0.0,0.1821774748666574,0.0,0.17779854444570126,0.21197968141225385,0.0,0.0,0.0,0.24913470856573935,0.0,0.28616160267157104,0.0,0.0,0.0,0.0,0.0,0.0,0.2263129486325325,0.0,0.0,0.0,0.0,0.0,0.0,0.0,0.0,0.0,0.0,0.0,0.16314118973903757,0.0,0.0,0.0,0.0,0.0,0.0,0.0,0.0,0.0,0.0,0.0,0.0,0.0,0.0,0.0
177b40f96a09a3919b2c8846ca73abb09855d078ff9dee89610bc2b75d44cb31,0.0,0.0,0.0,0.0,0.0,0.0,0.0,0.0,0.0,0.0,0.14927601538062515,0.0,0.0972334863464354,0.0,0.0,0.0,0.0,0.0,0.0,0.0,0.0,0.14210078833064652,0.0,0.0,0.0,0.0,0.0,0.0,0.0,0.0,0.0,0.0,0.0,0.0,0.0,0.0,0.4140169248941559,0.0,0.0,0.0,0.0,0.0,0.0,0.16853930450774154,0.0,0.0,0.0,0.0,0.0,0.0,0.0,0.0,0.0,0.0,0.0,0.0,0.0,0.0,0.18798686979204385,0.0,0.0,0.0,0.0,0.0,0.0,0.0,0.0,0.0,0.0,0.0,0.0,0.0,0.0,0.0,0.0,0.09243857387030295,0.0,0.0,0.0,0.08457409811357555,0.0,0.0,0.0,0.0,0.0,0.0,0.0,0.0,0.0,0.0,0.0,0.0,0.0,0.3863130743612927,0.0,0.0,0.0,0.0,0.0,0.0,0.0,0.0,0.0,0.0,0.0,0.0,0.0,0.0,0.0,0.0,0.0,0.3943607301271765,0.0,0.0,0.0,0.0,0.0,0.0,0.12373380355608606,0.1096687350026823,0.13075215873802143,0.0,0.0,0.0,0.1536699213081052,0.0,0.0,0.0,0.0,0.0,0.0,0.0,0.0,0.0,0.0,0.0,0.0,0.3063666660316879,0.0,0.0,0.0,0.0,0.18798686979204385,0.0,0.0,0.1006278648753325,0.20820083175841528,0.0,0.0,0.0,0.0,0.0,0.0,0.0,0.14604377275494101,0.3470006848273338,0.0,0.0,0.0,0.0,0.0
0195f03c60d26ccf7bf74d6c29926169ba3233f305b8c61d07e085b9aeb6c452,0.0,0.0,0.0,0.0,0.0,0.0,0.0,0.0,0.0,0.0,0.0,0.0,0.0,0.0,0.0,0.0,0.0,0.0,0.0,0.0,0.0,0.0,0.0,0.0,0.0,0.0,0.44428042707307563,0.0,0.0,0.0,0.0,0.0,0.0,0.0,0.34601199615143396,0.0,0.0,0.0,0.0,0.0,0.0,0.0,0.0,0.0,0.41044982212332365,0.0,0.0,0.0,0.0,0.0,0.0,0.0,0.0,0.0,0.0,0.0,0.0,0.0,0.4086274606705917,0.0,0.0,0.0,0.0,0.0,0.0,0.0,0.0,0.0,0.0,0.0,0.0,0.0,0.0,0.0,0.0,0.0,0.0,0.34191057511201833,0.0,0.18383889783837715,0.0,0.0,0.0,0.0,0.0,0.0,0.0,0.0,0.0,0.0,0.0,0.0,0.0,0.0,0.0,0.0,0.0,0.0,0.0,0.0,0.0,0.0,0.0,0.0,0.0,0.0,0.0,0.0,0.0,0.0,0.0,0.0,0.0,0.0,0.0,0.0,0.0,0.0,0.0,0.23838716368157087,0.0,0.0,0.0,0.0,0.0,0.0,0.0,0.0,0.0,0.0,0.0,0.0,0.0,0.303433878478114,0.0,0.0,0.0,0.0,0.0,0.0,0.0,0.0,0.0,0.0,0.0,0.2187350049617712,0.0,0.0,0.0,0.0,0.0,0.0,0.0,0.0,0.0,0.0,0.0,0.0,0.0,0.0,0.0
213f5c025503e250e892d59d04536da9395d36ba21cf20a0238fe5037064f4de,0.0,0.0,0.0,0.0,0.0,0.0,0.0,0.0,0.0,0.0,0.0,0.0,0.0,0.0,0.0,0.0,0.0,0.0,0.0,0.0,0.0,0.0,0.0,0.0,0.0,0.0,0.44721673192693456,0.0,0.0,0.0,0.0,0.0,0.0,0.0,0.0,0.0,0.0,0.0,0.0,0.0,0.0,0.0,0.0,0.0,0.41316253628205024,0.0,0.0,0.0,0.0,0.0,0.0,0.0,0.0,0.0,0.0,0.0,0.0,0.0,0.4113281306147793,0.0,0.0,0.0,0.0,0.0,0.0,0.0,0.0,0.0,0.0,0.0,0.0,0.0,0.0,0.0,0.0,0.0,0.0,0.3441703048235007,0.0,0.18505391208423794,0.0,0.0,0.0,0.0,0.0,0.0,0.0,0.0,0.0,0.0,0.0,0.0,0.0,0.0,0.0,0.0,0.0,0.0,0.0,0.0,0.0,0.0,0.0,0.0,0.0,0.0,0.0,0.0,0.0,0.0,0.0,0.0,0.0,0.0,0.0,0.0,0.0,0.0,0.0,0.23996269423201017,0.0,0.0,0.0,0.0,0.0,0.0,0.0,0.0,0.0,0.0,0.0,0.0,0.0,0.3054393108940101,0.0,0.0,0.0,0.0,0.0,0.0,0.0,0.0,0.0,0.32870982098415236,0.0,0.22018065193976075,0.0,0.0,0.0,0.0,0.0,0.0,0.0,0.0,0.0,0.0,0.0,0.0,0.0,0.0,0.0
240e33c28d618ba23fc7489c03dcc40e3e3d2c84ef959db800321d1946d3dbcf,0.0,0.0,0.0,0.0,0.0,0.0,0.0,0.0,0.0,0.0,0.0,0.0,0.1296770323975956,0.0,0.0,0.0,0.0,0.2541080963854221,0.0,0.0,0.0,0.0,0.0,0.0,0.0,0.34233917132717506,0.0,0.0,0.0,0.0,0.0,0.0,0.0,0.0,0.0,0.0,0.0,0.0,0.0,0.0,0.0,0.0,0.0,0.0,0.0,0.0,0.0,0.0,0.0,0.31612436507689506,0.0,0.0,0.0,0.0,0.0,0.0,0.0,0.0,0.0,0.0,0.18810660534175752,0.3438707069787868,0.0,0.0,0.0,0.0,0.0,0.0,0.0,0.0,0.0,0.0,0.0,0.0,0.0,0.12328221880122125,0.0,0.0,0.0,0.0,0.0,0.0,0.0,0.0,0.0,0.0,0.0,0.0,0.2704916044544742,0.0,0.0,0.0,0.0,0.0,0.0,0.0,0.0,0.0,0.0,0.1587326926666995,0.0,0.0,0.0,0.0,0.0,0.0,0.0,0.0,0.0,0.0,0.0,0.0,0.0,0.0,0.26068384346212137,0.2967064107047542,0.16203166746310174,0.14986372263376707,0.16501961469582263,0.14626150554013867,0.1743797590915813,0.0,0.0,0.0,0.0,0.0,0.0,0.0,0.0,0.0,0.0,0.0,0.33228379000249597,0.0,0.0,0.0,0.0,0.0,0.0,0.0,0.0,0.0,0.0,0.20035444866478838,0.0,0.0,0.0,0.0,0.0,0.0,0.0,0.0,0.0,0.0,0.0,0.0,0.0,0.0,0.0,0.0,0.0
c0ccd75375402c9d18d9fd11207ddf17011449874a2bc3521c6e3b815402b578,0.0,0.0,0.0,0.0,0.0,0.0,0.0,0.0,0.0,0.0,0.18371088355025253,0.0,0.11966322682065318,0.0,0.0,0.0,0.0,0.0,0.0,0.0,0.0,0.17488048103941262,0.0,0.0,0.0,0.0,0.0,0.3965306968777376,0.0,0.0,0.0,0.0,0.0,0.0,0.19590069442138405,0.0,0.0,0.0,0.0,0.0,0.0,0.0,0.21942114043636635,0.0,0.0,0.0,0.0,0.249603940022908,0.0,0.0,0.0,0.0,0.0,0.0,0.0,0.0,0.0,0.0,0.23135152594530634,0.0,0.0,0.0,0.0,0.0,0.0,0.0,0.0,0.0,0.0,0.0,0.0,0.0,0.0,0.0,0.0,0.11376222788729906,0.0,0.0,0.0,0.10408358134623222,0.0,0.0,0.0,0.0,0.0,0.0,0.0,0.0,0.0,0.0,0.0,0.0,0.0,0.0,0.0,0.0,0.0,0.0,0.0,0.14647517648453284,0.0,0.0,0.16069238432927874,0.44450639421797106,0.2729493018632664,0.0,0.19131891851540508,0.0,0.0,0.0,0.0,0.0,0.0,0.0,0.0,0.0,0.14951940075492734,0.0,0.15227661535821166,0.0,0.0,0.0,0.0,0.0,0.18911837207488807,0.0,0.2172255193150182,0.0,0.0,0.0,0.0,0.0,0.0,0.0,0.0,0.0,0.0,0.0,0.0,0.0,0.0,0.0,0.23135152594530634,0.0,0.0,0.0,0.0,0.0,0.0,0.0,0.0,0.0,0.0,0.0,0.0,0.0,0.0,0.0,0.0,0.0,0.0
245a20192e8a60b33f64b2b7d118c9d5db7cd4a91179df7689a37e8ce7d29d20,0.0,0.0,0.0,0.0,0.0,0.0,0.0,0.0,0.0,0.0,0.2398116106933499,0.0,0.15620539518430215,0.0,0.0,0.0,0.0,0.0,0.0,0.0,0.0,0.2282846232428984,0.0,0.0,0.0,0.0,0.3283502265949933,0.0,0.0,0.0,0.0,0.0,0.0,0.0,0.0,0.0,0.0,0.0,0.0,0.0,0.0,0.0,0.0,0.0,0.3033473542553805,0.0,0.0,0.0,0.0,0.0,0.0,0.0,0.0,0.0,0.0,0.0,0.0,0.0,0.3020005184294482,0.0,0.0,0.0,0.0,0.0,0.0,0.0,0.0,0.0,0.0,0.0,0.0,0.0,0.0,0.0,0.0,0.14850237818520154,0.0,0.25269268680789764,0.0,0.1358681141095516,0.0,0.0,0.0,0.0,0.0,0.0,0.0,0.0,0.0,0.0,0.0,0.0,0.0,0.0,0.0,0.0,0.0,0.0,0.0,0.19120504632345298,0.0,0.0,0.0,0.0,0.35630121880911997,0.0,0.0,0.0,0.0,0.0,0.0,0.0,0.0,0.0,0.0,0.0,0.0,0.0,0.0,0.17618259649171286,0.0,0.0,0.0,0.0,0.246870411499476,0.0,0.2835607812880845,0.0,0.0,0.0,0.0,0.0,0.0,0.22425607045367033,0.0,0.0,0.0,0.0,0.0,0.0,0.0,0.0,0.0,0.24134147159274855,0.0,0.1616584572870262,0.0,0.0,0.0,0.0,0.0,0.0,0.0,0.0,0.0,0.0,0.0,0.0,0.0,0.0,0.0
b3e1e9d97d74c416c2a30dd11858789af5554cf2de62f577c13944a19623777d,0.0,0.0,0.0,0.0,0.0,0.0,0.0,0.0,0.0,0.0,0.12380072285282671,0.0,0.08063971874179288,0.0,0.0,0.0,0.0,0.0,0.0,0.0,0.0,0.117850012732681,0.26480596222697184,0.0,0.0,0.0,0.0,0.0,0.0,0.0,0.0,0.0,0.0,0.0,0.0,0.0,0.0,0.0,0.0,0.0,0.0,0.0,0.1478654681217248,0.13977655870548664,0.0,0.0,0.0,0.0,0.0,0.0,0.0,0.3663371584345882,0.0,0.0,0.0,0.0,0.0,0.0,0.0,0.0,0.0,0.0,0.0,0.0,0.1559052223343033,0.30901414582526654,0.0,0.13201530093400243,0.0,0.0,0.0,0.0,0.0,0.0,0.0,0.07666310113817025,0.0,0.0,0.0,0.07014076879255654,0.0,0.0,0.0,0.0,0.0,0.23729435134892216,0.0,0.0,0.1682053213428527,0.0,0.0,0.0,0.0,0.0,0.0,0.0,0.0,0.0,0.0,0.0,0.0,0.0,0.0,0.0,0.0,0.0,0.0,0.0,0.0,0.0,0.0,0.0,0.0,0.0,0.0,0.0,0.1007594625656355,0.0,0.10261751884597338,0.0909527805459454,0.0,0.0,0.17701196093084567,0.0,0.1274447692763753,0.0,0.0,0.0,0.22435992885618009,0.0,0.0,0.0,0.0,0.11577030630847894,0.0,0.0,0.3663371584345882,0.0,0.0,0.0,0.0,0.0,0.0,0.0,0.0,0.0834548160931127,0.17266949016912878,0.18684406858106695,0.0,0.0,0.35369258639238865,0.0,0.0,0.0,0.12112009145685129,0.0,0.0,0.0,0.0,0.0,0.0
337ba1bd5050c38f5e07f494d4dc0125276b0e0dea09667d86e7d763249c8f30,0.0,0.0,0.0,0.0,0.0,0.40688470550281675,0.0,0.0,0.0,0.0,0.0,0.0,0.1462429961506942,0.0,0.0,0.0,0.0,0.0,0.0,0.0,0.0,0.0,0.0,0.0,0.0,0.0,0.0,0.0,0.0,0.0,0.0,0.0,0.0,0.0,0.0,0.0,0.0,0.0,0.0,0.0,0.0,0.0,0.0,0.0,0.0,0.0,0.0,0.305046328849859,0.0,0.0,0.0,0.0,0.0,0.0,0.0,0.0,0.0,0.0,0.0,0.0,0.0,0.0,0.0,0.0,0.2827396621101077,0.0,0.0,0.0,0.0,0.0,0.0,0.0,0.0,0.0,0.0,0.1390312587838826,0.0,0.0,0.0,0.0,0.0,0.0,0.0,0.0,0.0,0.0,0.0,0.0,0.0,0.0,0.0,0.0,0.0,0.0,0.0,0.0,0.0,0.6939291494259319,0.0,0.0,0.0,0.0,0.1963856095752266,0.0,0.0,0.0,0.0,0.0,0.0,0.0,0.0,0.0,0.0,0.0,0.0,0.0,0.18273086670000252,0.16900849292310816,0.0,0.0,0.1966564006446368,0.0,0.0,0.0,0.0,0.0,0.0,0.0,0.0,0.0,0.0,0.0,0.0,0.0,0.0,0.0,0.0,0.0,0.0,0.0,0.0,0.0,0.0,0.0,0.0,0.0,0.0,0.0,0.0,0.0,0.0,0.0,0.0,0.0,0.0,0.0,0.0,0.0,0.0,0.0,0.0
340a639e1ec7cb2afa90a2aba177b368e13efc4dd1313e32af30b6ceb259f7d3,0.0,0.0,0.0,0.0,0.0,0.0,0.0,0.0,0.0,0.0,0.0,0.0,0.23427142102327161,0.0,0.0,0.0,0.0,0.0,0.0,0.0,0.0,0.0,0.0,0.0,0.0,0.0,0.0,0.0,0.0,0.0,0.0,0.0,0.0,0.0,0.383525793854176,0.0,0.0,0.0,0.0,0.0,0.0,0.0,0.0,0.0,0.0,0.0,0.0,0.0,0.0,0.0,0.0,0.0,0.673304934538277,0.0,0.0,0.0,0.0,0.0,0.0,0.0,0.0,0.0,0.0,0.0,0.0,0.0,0.0,0.0,0.0,0.0,0.0,0.0,0.0,0.0,0.0,0.0,0.0,0.0,0.0,0.20377027391814076,0.0,0.0,0.0,0.0,0.0,0.0,0.0,0.0,0.0,0.0,0.0,0.0,0.0,0.0,0.0,0.0,0.0,0.0,0.0,0.0,0.0,0.0,0.0,0.0,0.0,0.0,0.0,0.0,0.0,0.0,0.0,0.0,0.0,0.0,0.0,0.0,0.29272252985375125,0.0,0.2981204837644012,0.26423253301196553,0.0,0.0,0.0,0.0,0.0,0.0,0.0,0.0,0.0,0.0,0.0,0.0,0.0,0.0,0.0,0.0,0.0,0.0,0.0,0.0,0.0,0.0,0.0,0.0,0.0,0.2424497339824753,0.0,0.0,0.0,0.0,0.0,0.0,0.0,0.0,0.0,0.0,0.0,0.0,0.0,0.0,0.0
358a5079b824548ef87fcf89d3e4b5284e780edc4de8a450f3e51878d1290eca,0.0,0.0,0.0,0.0,0.0,0.0,0.0,0.0,0.0,0.0,0.0,0.0,0.1533017294384865,0.0,0.0,0.0,0.0,0.0,0.0,0.0,0.0,0.0,0.0,0.0,0.0,0.0,0.32224660063207583,0.0,0.0,0.0,0.0,0.0,0.0,0.0,0.0,0.0,0.0,0.0,0.0,0.0,0.0,0.0,0.0,0.2657249866300169,0.29770850086881273,0.0,0.0,0.0,0.0,0.0,0.0,0.0,0.4405949750649758,0.0,0.0,0.0,0.0,0.0,0.29638670106067216,0.0,0.0,0.0,0.0,0.0,0.0,0.0,0.0,0.0,0.0,0.0,0.0,0.0,0.0,0.0,0.0,0.14574190203007403,0.31114741980637944,0.2479954412483796,0.0,0.13334249334963483,0.0,0.0,0.0,0.0,0.0,0.0,0.0,0.0,0.0,0.0,0.0,0.0,0.0,0.0,0.0,0.0,0.0,0.0,0.0,0.1876507802061947,0.0,0.0,0.0,0.0,0.0,0.0,0.0,0.0,0.0,0.0,0.0,0.0,0.0,0.0,0.0,0.0,0.19155076567248622,0.0,0.0,0.17290757919901145,0.0,0.0,0.0,0.0,0.2422813948609618,0.0,0.0,0.0,0.0,0.0,0.0,0.0,0.0,0.22008742653903948,0.0,0.0,0.0,0.0,0.0,0.0,0.0,0.0,0.0,0.0,0.0,0.15865342583858033,0.0,0.0,0.0,0.0,0.0,0.0,0.0,0.0,0.0,0.0,0.0,0.0,0.0,0.0,0.0
422ba689937e3748a4b6bd3c5af2dce0211e8a48eb25767e6d1d2192d27f1f58,0.0,0.0,0.0,0.0,0.0,0.0,0.0,0.0,0.0,0.0,0.24658285192292823,0.0,0.16061595899769074,0.0,0.0,0.0,0.0,0.0,0.0,0.0,0.0,0.23473039227181194,0.0,0.0,0.0,0.0,0.0,0.0,0.0,0.0,0.0,0.0,0.0,0.0,0.0,0.0,0.0,0.0,0.0,0.0,0.0,0.0,0.0,0.0,0.0,0.0,0.0,0.0,0.0,0.0,0.0,0.0,0.0,0.0,0.0,0.0,0.0,0.7621294608642277,0.0,0.0,0.0,0.0,0.0,0.0,0.0,0.0,0.0,0.0,0.0,0.0,0.0,0.0,0.0,0.0,0.0,0.15269544216134018,0.0,0.0,0.0,0.13970444118889414,0.0,0.0,0.0,0.0,0.0,0.0,0.0,0.0,0.0,0.0,0.0,0.0,0.0,0.0,0.0,0.0,0.0,0.0,0.0,0.1966038486968057,0.0,0.0,0.0,0.0,0.0,0.0,0.0,0.0,0.0,0.0,0.0,0.0,0.0,0.0,0.0,0.0,0.20068990766065334,0.18561888011120725,0.20439073271305375,0.18115722994607183,0.21598406223861064,0.0,0.0,0.0,0.0,0.0,0.0,0.0,0.0,0.0,0.0,0.0,0.0,0.0,0.0,0.0,0.0,0.0,0.0,0.0,0.0,0.0,0.0,0.0,0.0,0.0,0.0,0.0,0.0,0.0,0.0,0.0,0.0,0.0,0.0,0.0,0.0,0.0,0.0,0.0,0.0
b50fb20396458aec55216cc9f5212162b3459bc769a38e050d4d8c22649888ae,0.0,0.0,0.0,0.0,0.0,0.5532404734844584,0.0,0.0,0.0,0.0,0.0,0.0,0.19884636443685585,0.0,0.0,0.0,0.0,0.0,0.0,0.0,0.0,0.0,0.0,0.0,0.0,0.0,0.0,0.0,0.0,0.0,0.0,0.0,0.0,0.0,0.0,0.0,0.0,0.0,0.0,0.0,0.0,0.0,0.0,0.0,0.0,0.0,0.0,0.0,0.0,0.0,0.0,0.0,0.0,0.0,0.0,0.0,0.0,0.0,0.0,0.0,0.0,0.0,0.0,0.0,0.0,0.0,0.0,0.0,0.0,0.0,0.0,0.0,0.0,0.0,0.0,0.0,0.0,0.0,0.0,0.17295740970854298,0.0,0.0,0.0,0.0,0.0,0.0,0.0,0.0,0.0,0.0,0.0,0.0,0.0,0.0,0.0,0.0,0.0,0.0,0.0,0.0,0.0,0.0,0.0,0.0,0.0,0.0,0.0,0.0,0.6529747832905949,0.0,0.0,0.0,0.0,0.0,0.0,0.0,0.0,0.0,0.0,0.2242769447757418,0.0,0.0,0.0,0.0,0.0,0.0,0.0,0.0,0.0,0.0,0.0,0.0,0.0,0.0,0.0,0.0,0.0,0.0,0.0,0.0,0.0,0.0,0.38444065953604367,0.0,0.0,0.0,0.0,0.0,0.0,0.0,0.0,0.0,0.0,0.0,0.0,0.0,0.0,0.0,0.0,0.0,0.0
447c03cc63a420c07875132d35ef027adec98e7bd446cf4f7c9d45b6af40ea2b,0.0,0.0,0.0,0.0,0.0,0.0,0.0,0.0,0.0,0.0,0.0,0.0,0.1302598897327094,0.0,0.0,0.0,0.0,0.25525023208325287,0.0,0.0,0.0,0.0,0.0,0.0,0.0,0.0,0.0,0.0,0.0,0.0,0.0,0.0,0.0,0.0,0.0,0.0,0.0,0.0,0.0,0.0,0.0,0.0,0.23885177023601187,0.22578549886184127,0.0,0.0,0.0,0.2717073788505107,0.0,0.0,0.0,0.0,0.0,0.0,0.0,0.0,0.0,0.0,0.0,0.0,0.0,0.0,0.0,0.0,0.0,0.0,0.0,0.0,0.0,0.0,0.0,0.0,0.0,0.0,0.0,0.12383633346739503,0.26438076558594215,0.210720772358871,0.0,0.11330060361372171,0.0,0.0,0.0,0.0,0.0,0.0,0.0,0.0,0.0,0.0,0.0,0.0,0.0,0.0,0.0,0.0,0.0,0.0,0.0,0.1594461460248816,0.0,0.0,0.17492234514943988,0.0,0.0,0.0,0.0,0.0,0.0,0.0,0.0,0.0,0.0,0.0,0.0,0.0,0.16275994867185142,0.0,0.0,0.14691890484803988,0.1751635410751964,0.0,0.0,0.0,0.20586556912614234,0.0,0.0,0.0,0.3624156935222314,0.0,0.0,0.0,0.0,0.0,0.0,0.0,0.0,0.0,0.0,0.0,0.0,0.0,0.25183863965406955,0.0,0.0,0.0,0.0,0.0,0.47077066984706334,0.0,0.0,0.0,0.0,0.0,0.0,0.0,0.0,0.0,0.0,0.0,0.0
472e77c5448a96067bd1c51ccfff58f9f2a6a0fb06f0294e868d5f7c83f59ca3,0.0,0.0,0.0,0.0,0.0,0.0,0.0,0.0,0.0,0.0,0.0,0.0,0.0,0.0,0.0,0.0,0.0,0.0,0.0,0.0,0.0,0.0,0.0,0.0,0.0,0.0,0.0,0.0,0.0,0.0,0.0,0.0,0.0,0.0,0.40008121857022927,0.0,0.0,0.0,0.0,0.0,0.0,0.0,0.44811621268182866,0.0,0.0,0.0,0.0,0.5097575012648592,0.0,0.0,0.0,0.0,0.0,0.0,0.0,0.0,0.0,0.0,0.0,0.0,0.0,0.0,0.0,0.0,0.0,0.0,0.0,0.0,0.0,0.0,0.0,0.0,0.0,0.0,0.0,0.23233266678735429,0.0,0.0,0.0,0.0,0.0,0.0,0.0,0.0,0.0,0.0,0.0,0.0,0.0,0.0,0.0,0.0,0.0,0.0,0.0,0.0,0.0,0.0,0.0,0.29914119126177247,0.0,0.0,0.0,0.0,0.0,0.0,0.0,0.0,0.0,0.0,0.0,0.0,0.0,0.0,0.0,0.0,0.3053583052913977,0.0,0.0,0.0,0.0,0.0,0.0,0.0,0.0,0.0,0.0,0.0,0.0,0.0,0.0,0.0,0.0,0.0,0.0,0.0,0.0,0.0,0.0,0.0,0.0,0.0,0.0,0.37757986361403184,0.0,0.0,0.0,0.0,0.0,0.0,0.0,0.0,0.0,0.0,0.0,0.0,0.0,0.0,0.0,0.0,0.0
00515fe91a6b40d5c5ae851cb18d31c675ff38901edd352b3e6379087d5f2b26,0.0,0.0,0.0,0.0,0.0,0.0,0.0,0.0,0.0,0.0,0.14441581405661127,0.0,0.09406771106850842,0.0,0.0,0.0,0.0,0.0,0.0,0.0,0.0,0.13747420154892523,0.0,0.0,0.0,0.0,0.0,0.0,0.0,0.0,0.0,0.0,0.0,0.0,0.0,0.0,0.0,0.0,0.0,0.0,0.0,0.0,0.0,0.1630519196198996,0.0,0.0,0.0,0.0,0.2318430741590533,0.0,0.0,0.0,0.2703541634165272,0.0,0.0,0.0,0.0,0.0,0.0,0.0,0.0,0.0,0.0,0.0,0.18186630158736025,0.0,0.0,0.15399827006645922,0.3209527420437206,0.4125888897302093,0.32434330614875456,0.2987114198309426,0.0,0.0,0.0,0.08942891369168116,0.0,0.0,0.0,0.08182049337284887,0.0,0.0,0.0,0.0,0.0,0.0,0.0,0.0,0.0,0.0,0.0,0.0,0.0,0.0,0.0,0.0,0.0,0.0,0.0,0.0,0.0,0.0,0.0,0.0,0.21456646913346772,0.0,0.0,0.0,0.0,0.0,0.0,0.0,0.0,0.0,0.0,0.0,0.11753776129095239,0.10871113488425013,0.1197052180238746,0.1060980868332233,0.12649506617431755,0.0,0.0,0.0,0.0,0.0,0.0,0.0,0.0,0.0,0.0,0.3815209411107291,0.0,0.0,0.0,0.0,0.0,0.0,0.0,0.0,0.0,0.0,0.0,0.0,0.0,0.0,0.0,0.0,0.0,0.0,0.0,0.0,0.0,0.0,0.0,0.0,0.0,0.0,0.0,0.0,0.0
d0f8a2be536ca434da7734bd318d2a88ea5005f47d518c30ff611185f42c3701,0.0,0.0,0.0,0.0,0.0,0.0,0.0,0.0,0.0,0.0,0.15885302911635735,0.0,0.10347163808125054,0.0,0.0,0.0,0.0,0.0,0.0,0.0,0.0,0.1512174652343737,0.0,0.0,0.0,0.0,0.0,0.0,0.0,0.0,0.0,0.0,0.0,0.0,0.0,0.0,0.0,0.0,0.0,0.0,0.0,0.29909230019410404,0.0,0.0,0.0,0.0,0.0,0.2158301195104236,0.25502037190592475,0.25224132051087944,0.0,0.0,0.0,0.0,0.0,0.0,0.0,0.0,0.2000474331018639,0.0,0.0,0.0,0.0,0.0,0.0,0.0,0.0,0.1693934410060267,0.0,0.0,0.0,0.0,0.0,0.0,0.0,0.0983691012186521,0.0,0.0,0.0,0.09000006890503602,0.0,0.0,0.0,0.0,0.0,0.0,0.0,0.0,0.0,0.0,0.0,0.0,0.0,0.0,0.0,0.0,0.0,0.0,0.0,0.12665567235463385,0.0,0.0,0.138949154853165,0.0,0.0,0.0,0.16543162357130728,0.0,0.0,0.0,0.0,0.0,0.0,0.0,0.0,0.0,0.0,0.1195789615413622,0.0,0.11670468768954229,0.13914074827142875,0.0,0.0,0.0,0.16352883228843956,0.0,0.0,0.0,0.0,0.0,0.0,0.0,0.26513521649684213,0.0,0.0,0.0,0.0,0.3260220524732044,0.0,0.0,0.0,0.0,0.0,0.0,0.0,0.10708378776188045,0.0,0.0,0.0,0.0,0.0,0.0,0.0,0.0,0.15541341739695466,0.0,0.0,0.0,0.0,0.4909772617721989,0.0
546a439160f37f428820c787aa818b08ec334c8b27b631909a6eb729947ae102,0.0,0.0,0.0,0.0,0.0,0.0,0.0,0.0,0.0,0.0,0.235370319861371,0.0,0.15331248442184206,0.0,0.0,0.0,0.0,0.0,0.0,0.0,0.0,0.22405681124764473,0.0,0.0,0.0,0.0,0.32226920805365467,0.0,0.0,0.0,0.0,0.0,0.0,0.0,0.0,0.0,0.0,0.0,0.0,0.0,0.0,0.0,0.0,0.0,0.297729386803912,0.0,0.0,0.0,0.0,0.0,0.0,0.0,0.0,0.0,0.0,0.0,0.0,0.0,0.29640749426403906,0.0,0.0,0.0,0.0,0.0,0.0,0.0,0.0,0.0,0.0,0.0,0.0,0.0,0.0,0.0,0.0,0.14575212664878043,0.0,0.24801283953118208,0.0,0.1333518480796944,0.0,0.0,0.0,0.0,0.0,0.0,0.0,0.0,0.0,0.0,0.0,0.0,0.0,0.0,0.0,0.0,0.0,0.0,0.0,0.18766394496973104,0.0,0.0,0.0,0.0,0.3497025502461397,0.0,0.0,0.0,0.0,0.0,0.0,0.0,0.0,0.0,0.0,0.0,0.19156420404206037,0.0,0.0,0.1729197096436134,0.0,0.0,0.0,0.0,0.24229839227109304,0.0,0.278309259501452,0.0,0.0,0.0,0.0,0.0,0.0,0.2201028669167695,0.0,0.0,0.0,0.0,0.0,0.0,0.0,0.0,0.0,0.23687184786576485,0.0,0.15866455627370618,0.0,0.0,0.0,0.0,0.0,0.0,0.0,0.0,0.0,0.0,0.0,0.0,0.0,0.0,0.0
579b0544fb3ab18f7384df17157a80fcefe4e7d0d75550175ee5ebc5045cac39,0.0,0.0,0.0,0.0,0.0,0.0,0.0,0.0,0.0,0.0,0.27491379693655993,0.0,0.17906980470184203,0.0,0.0,0.0,0.0,0.0,0.0,0.0,0.0,0.2616995581510332,0.0,0.0,0.0,0.0,0.37641216477060513,0.0,0.0,0.0,0.0,0.0,0.0,0.0,0.0,0.0,0.0,0.0,0.0,0.0,0.0,0.0,0.0,0.0,0.3477495218346363,0.0,0.0,0.0,0.0,0.0,0.0,0.0,0.0,0.0,0.0,0.0,0.0,0.0,0.34620554425287237,0.0,0.0,0.0,0.0,0.0,0.0,0.0,0.0,0.0,0.0,0.0,0.0,0.0,0.0,0.0,0.0,0.170239266243062,0.0,0.0,0.0,0.15575567431649137,0.0,0.0,0.0,0.0,0.0,0.0,0.0,0.0,0.0,0.0,0.0,0.0,0.0,0.0,0.0,0.0,0.0,0.0,0.0,0.0,0.0,0.0,0.0,0.0,0.4084544556985267,0.0,0.0,0.0,0.0,0.0,0.0,0.0,0.0,0.0,0.0,0.0,0.0,0.0,0.0,0.20197114900167656,0.0,0.0,0.0,0.0,0.28300582269719915,0.0,0.0,0.0,0.0,0.0,0.0,0.0,0.0,0.2570813299499715,0.0,0.0,0.0,0.0,0.0,0.0,0.0,0.0,0.0,0.0,0.0,0.18532105335179866,0.0,0.0,0.0,0.0,0.0,0.0,0.0,0.0,0.0,0.0,0.0,0.0,0.0,0.0,0.0
a01ed94d2c62ec929ec3cfc029fb61e4025be2f556ae559589304d5c7208d15f,0.0,0.2278872781704817,0.0,0.0,0.0,0.0,0.0,0.0,0.0,0.0,0.0,0.28612137600858073,0.10642740647754517,0.0,0.0,0.0,0.0,0.0,0.0,0.0,0.0,0.0,0.3494879721722206,0.0,0.37981136252304165,0.0,0.0,0.0,0.0,0.0,0.0,0.0,0.0,0.0,0.0,0.0,0.0,0.0,0.0,0.0,0.0,0.0,0.0,0.0,0.2066796229229712,0.0,0.0,0.22199551766248982,0.0,0.0,0.0,0.0,0.0,0.0,0.0,0.0,0.3279731843262554,0.0,0.0,0.0,0.0,0.0,0.0,0.0,0.0,0.0,0.0,0.0,0.0,0.0,0.0,0.0,0.0,0.0,0.0,0.10117911066612682,0.0,0.0,0.0,0.09257100877094357,0.0,0.0,0.0,0.0,0.0,0.0,0.0,0.0,0.0,0.0,0.0,0.0,0.0,0.0,0.0,0.0,0.0,0.0,0.0,0.13027371533239462,0.0,0.0,0.1429183731647987,0.0,0.0,0.0,0.17015733946570352,0.0,0.0,0.0,0.0,0.0,0.0,0.0,0.0,0.0,0.1329812212424573,0.12299485136334556,0.0,0.12003847107181861,0.14311543963617288,0.0,0.0,0.0,0.0,0.0,0.1931984391168459,0.0,0.0,0.0,0.0,0.0,0.0,0.0,0.0,0.0,0.0,0.0,0.0,0.0,0.0,0.0,0.20576198340267235,0.0,0.0,0.11014274074157085,0.0,0.0,0.0,0.0,0.0,0.0,0.0,0.0,0.0,0.37981136252304165,0.0,0.0,0.0,0.0,0.0
594e042df2d0e8b8cbe05a7d2126fbc40423f30dfbef755ab2f79d248708ae76,0.0,0.0,0.0,0.0,0.0,0.0,0.0,0.0,0.0,0.0,0.0,0.0,0.0,0.0,0.0,0.0,0.0,0.0,0.0,0.4819421202726551,0.41850254706073836,0.0,0.0,0.0,0.0,0.0,0.0,0.0,0.0,0.0,0.0,0.0,0.0,0.0,0.0,0.0,0.0,0.0,0.0,0.0,0.0,0.0,0.27148405090790434,0.0,0.0,0.0,0.0,0.3088284411667459,0.0,0.0,0.0,0.0,0.0,0.0,0.0,0.0,0.0,0.0,0.0,0.0,0.0,0.0,0.0,0.0,0.0,0.0,0.0,0.0,0.0,0.0,0.0,0.0,0.0,0.0,0.0,0.14075503575330686,0.0,0.0,0.0,0.12877989896817732,0.0,0.0,0.0,0.0,0.0,0.0,0.0,0.0,0.0,0.0,0.0,0.0,0.0,0.0,0.0,0.0,0.0,0.0,0.0,0.18122991335469565,0.0,0.0,0.19882049359967713,0.0,0.0,0.0,0.0,0.0,0.0,0.0,0.0,0.0,0.0,0.0,0.0,0.0,0.0,0.0,0.0,0.0,0.19909464206808564,0.0,0.0,0.0,0.0,0.0,0.0,0.0,0.41192945939983067,0.0,0.0,0.0,0.0,0.0,0.0,0.0,0.0,0.0,0.0,0.0,0.0,0.0,0.2862452055551672,0.0,0.0,0.15322476456829764,0.0,0.0,0.0,0.0,0.0,0.0,0.0,0.0,0.0,0.0,0.0,0.0,0.0,0.0,0.0
612a1156a16e174cb3f2d69f6ebee02301bb4810ef68a5e07001b3e18f201c26,0.0,0.0,0.0,0.0,0.0,0.0,0.0,0.0,0.0,0.0,0.2220464366033294,0.0,0.14463374512438062,0.0,0.0,0.0,0.0,0.0,0.0,0.0,0.0,0.21137336501707932,0.0,0.0,0.0,0.0,0.0,0.0,0.0,0.0,0.0,0.0,0.0,0.0,0.2367799353187873,0.0,0.0,0.0,0.0,0.0,0.0,0.0,0.0,0.0,0.0,0.0,0.0,0.0,0.0,0.0,0.0,0.0,0.0,0.0,0.0,0.0,0.0,0.0,0.0,0.0,0.0,0.0,0.0,0.0,0.0,0.0,0.0,0.0,0.0,0.0,0.0,0.0,0.0,0.0,0.0,0.13750136537512692,0.0,0.0,0.0,0.12580304389272456,0.0,0.0,0.0,0.0,0.0,0.0,0.0,0.0,0.0,0.0,0.0,0.0,0.0,0.0,0.0,0.0,0.0,0.0,0.0,0.1770406323277933,0.0,0.0,0.19422459159774688,0.0,0.32990652856735164,0.0,0.0,0.0,0.0,0.0,0.0,0.0,0.0,0.0,0.0,0.0,0.18072010486855636,0.0,0.18405267649293958,0.16313104119271035,0.0,0.0,0.0,0.0,0.22858232350705915,0.0,0.0,0.0,0.0,0.0,0.0,0.0,0.0,0.0,0.0,0.0,0.0,0.0,0.0,0.0,0.0,0.0,0.0,0.0,0.0,0.0,0.0,0.0,0.0,0.0,0.0,0.0,0.6862931858222331,0.0,0.0,0.0,0.0,0.0,0.0,0.0,0.0
708e198608b5b463224c3fb77fcf708b845d0c7b5dbc6e9cab9e185c489be089,0.3742001122996063,0.0,0.0,0.0,0.0,0.0,0.0,0.0,0.0,0.0,0.15234707113875207,0.0,0.09923387105234799,0.0,0.0,0.0,0.0,0.0,0.0,0.0,0.0,0.14502422812855692,0.0,0.0,0.0,0.0,0.0,0.0,0.0,0.0,0.0,0.0,0.0,0.0,0.0,0.0,0.0,0.0,0.0,0.0,0.0,0.0,0.0,0.17200666395098124,0.0,0.0,0.0,0.0,0.24457580039046495,0.0,0.0,0.0,0.28520190282298186,0.0,0.0,0.0,0.0,0.0,0.0,0.0,0.0,0.0,0.0,0.0,0.0,0.0,0.0,0.0,0.3385793345675068,0.0,0.0,0.31511652809091323,0.0,0.0,0.0,0.09434031283241004,0.20140909726479256,0.1605301370607604,0.0,0.08631404120046611,0.0,0.0,0.0,0.0,0.0,0.0,0.0,0.0,0.0,0.0,0.0,0.0,0.0,0.0,0.0,0.0,0.0,0.0,0.0,0.0,0.0,0.0,0.0,0.0,0.22635037132604655,0.0,0.0,0.0,0.0,0.0,0.0,0.0,0.0,0.0,0.0,0.0,0.12399288677528755,0.114681505678409,0.12627937934009228,0.11192495010366628,0.13344212315699425,0.0,0.0,0.0,0.15683137290152319,0.0,0.0,0.0,0.0,0.0,0.0,0.0,0.0,0.14246497665365004,0.0,0.0,0.0,0.0,0.0,0.0,0.0,0.0,0.0,0.0,0.0,0.0,0.21248414787981731,0.0,0.0,0.0,0.0,0.0,0.0,0.0,0.0,0.0,0.349912068078837,0.0,0.0,0.0,0.0
840ebbcc1ed66f3b4095e6128181d4ed680b44d3cc467bd5192b09fcf27adcdf,0.0,0.0,0.0,0.0,0.0,0.0,0.0,0.0,0.0,0.0,0.0,0.0,0.0,0.0,0.0,0.0,0.0,0.0,0.0,0.0,0.0,0.0,0.0,0.0,0.0,0.0,0.0,0.0,0.0,0.0,0.0,0.0,0.0,0.0,0.7731636414738425,0.0,0.0,0.0,0.0,0.0,0.0,0.0,0.0,0.0,0.0,0.0,0.0,0.0,0.0,0.0,0.0,0.0,0.0,0.0,0.0,0.0,0.0,0.0,0.0,0.0,0.0,0.0,0.0,0.0,0.0,0.0,0.0,0.0,0.0,0.0,0.0,0.0,0.0,0.0,0.0,0.0,0.0,0.0,0.0,0.0,0.0,0.0,0.0,0.0,0.0,0.0,0.0,0.0,0.0,0.0,0.0,0.0,0.0,0.0,0.0,0.0,0.0,0.0,0.0,0.0,0.0,0.0,0.6342065779404275,0.0,0.0,0.0,0.0,0.0,0.0,0.0,0.0,0.0,0.0,0.0,0.0,0.0,0.0,0.0,0.0,0.0,0.0,0.0,0.0,0.0,0.0,0.0,0.0,0.0,0.0,0.0,0.0,0.0,0.0,0.0,0.0,0.0,0.0,0.0,0.0,0.0,0.0,0.0,0.0,0.0,0.0,0.0,0.0,0.0,0.0,0.0,0.0,0.0,0.0,0.0,0.0,0.0,0.0,0.0,0.0,0.0,0.0
0b58a2bed7d9d44e29ad6988250456c49863a23adeb9b5ab59763352187104b3,0.0,0.0,0.0,0.0,0.0,0.0,0.0,0.0,0.0,0.0,0.22112882877798873,0.0,0.14403604556943775,0.0,0.0,0.0,0.0,0.0,0.0,0.0,0.0,0.21049986370458246,0.0,0.0,0.0,0.0,0.30276974841215026,0.0,0.0,0.0,0.0,0.0,0.0,0.0,0.0,0.0,0.0,0.0,0.0,0.0,0.0,0.0,0.2641124948950123,0.0,0.2797147517814243,0.0,0.0,0.0,0.0,0.0,0.0,0.0,0.0,0.0,0.0,0.0,0.0,0.0,0.27847284265165545,0.0,0.0,0.0,0.0,0.0,0.0,0.0,0.0,0.0,0.0,0.0,0.0,0.0,0.0,0.0,0.0,0.13693314040924448,0.0,0.23300639077915603,0.0,0.12528316228915773,0.0,0.0,0.0,0.0,0.0,0.0,0.0,0.0,0.0,0.0,0.0,0.0,0.0,0.0,0.0,0.0,0.0,0.0,0.0,0.0,0.0,0.0,0.0,0.0,0.3285431884621232,0.0,0.0,0.0,0.0,0.0,0.0,0.0,0.0,0.0,0.0,0.0,0.0,0.0,0.0,0.16245690148461941,0.0,0.0,0.0,0.0,0.22763770610182993,0.0,0.26146967310012875,0.0,0.40074441529439897,0.0,0.0,0.0,0.0,0.20678515966095123,0.0,0.0,0.0,0.0,0.0,0.0,0.0,0.0,0.0,0.0,0.0,0.14906428099366378,0.0,0.0,0.0,0.0,0.0,0.0,0.0,0.0,0.0,0.0,0.0,0.0,0.0,0.0,0.0
860bda507891cdc32d478e52513a19e20f50bb104275c46fd1ce797d83acf908,0.0,0.0,0.0,0.0,0.0,0.0,0.0,0.0,0.0,0.0,0.24277874663654794,0.0,0.15813808994096035,0.0,0.0,0.0,0.0,0.0,0.0,0.0,0.0,0.23110913832348623,0.0,0.0,0.0,0.0,0.0,0.0,0.0,0.0,0.0,0.0,0.0,0.0,0.0,0.0,0.0,0.0,0.0,0.0,0.0,0.0,0.0,0.2741080742479129,0.0,0.0,0.0,0.0,0.389753513688153,0.38550622537214957,0.0,0.0,0.0,0.0,0.0,0.0,0.0,0.0,0.0,0.0,0.0,0.0,0.0,0.0,0.0,0.0,0.0,0.0,0.0,0.0,0.0,0.0,0.0,0.0,0.0,0.1503397652186723,0.3209634936178758,0.2558191974528294,0.0,0.13754918019197945,0.0,0.0,0.0,0.0,0.0,0.0,0.0,0.0,0.0,0.0,0.0,0.0,0.0,0.0,0.0,0.0,0.0,0.0,0.0,0.19357078401157773,0.0,0.0,0.0,0.0,0.0,0.0,0.0,0.0,0.0,0.0,0.0,0.0,0.0,0.0,0.0,0.0,0.19759380615683228,0.0,0.0,0.0,0.0,0.0,0.0,0.0,0.24992488442159333,0.0,0.0,0.0,0.0,0.0,0.0,0.0,0.0,0.22703074114288183,0.0,0.0,0.0,0.0,0.0,0.0,0.0,0.0,0.0,0.2443275361660057,0.0,0.16365862157328184,0.0,0.0,0.0,0.0,0.0,0.0,0.0,0.0,0.0,0.0,0.0,0.0,0.0,0.0,0.0
890fd59af3370e2ce12e0d11916d1ad4ee9b9c267c434347dbed11e9572e8645,0.0,0.0,0.0,0.0,0.0,0.0,0.0,0.0,0.0,0.0,0.23104180995632145,0.0,0.15049303544552867,0.0,0.0,0.0,0.0,0.0,0.0,0.0,0.0,0.21993635915601967,0.0,0.0,0.0,0.0,0.31634260923705654,0.0,0.0,0.0,0.0,0.0,0.0,0.0,0.2463721807665031,0.0,0.0,0.0,0.0,0.0,0.0,0.0,0.0,0.0,0.29225408048421925,0.0,0.0,0.0,0.0,0.0,0.0,0.0,0.0,0.0,0.0,0.0,0.0,0.0,0.290956497827409,0.0,0.0,0.0,0.0,0.0,0.0,0.0,0.0,0.0,0.0,0.0,0.0,0.0,0.0,0.0,0.0,0.14307171424906553,0.0,0.24345183101862844,0.0,0.130899479422467,0.0,0.0,0.0,0.0,0.0,0.0,0.0,0.0,0.0,0.0,0.0,0.0,0.0,0.0,0.0,0.0,0.0,0.0,0.0,0.18421276537707643,0.0,0.0,0.0,0.0,0.34327144647123287,0.0,0.0,0.0,0.0,0.0,0.0,0.0,0.0,0.0,0.0,0.0,0.18804129786112234,0.0,0.0,0.16973967965337708,0.0,0.0,0.0,0.0,0.2378424736508493,0.0,0.27319109342542097,0.0,0.0,0.0,0.0,0.0,0.0,0.21605512869667373,0.0,0.0,0.0,0.0,0.0,0.0,0.0,0.0,0.0,0.23251572454351147,0.0,0.0,0.0,0.0,0.0,0.0,0.0,0.0,0.0,0.0,0.0,0.0,0.0,0.0,0.0,0.0,0.0
d9b6982e6ebb44f281207474f885164df5748889ee12d2f21ceaf13ce1315f52,0.0,0.38340093486488824,0.0,0.0,0.0,0.0,0.0,0.0,0.0,0.0,0.0,0.0,0.1790550462769171,0.0,0.0,0.0,0.0,0.3508665807382764,0.0,0.0,0.0,0.0,0.0,0.0,0.0,0.0,0.0,0.0,0.0,0.0,0.0,0.0,0.0,0.0,0.2931310548550829,0.0,0.0,0.0,0.0,0.0,0.0,0.0,0.0,0.0,0.0,0.0,0.0,0.0,0.0,0.0,0.0,0.0,0.0,0.0,0.0,0.0,0.0,0.0,0.0,0.0,0.0,0.0,0.0,0.0,0.0,0.0,0.0,0.0,0.0,0.0,0.0,0.0,0.0,0.0,0.0,0.17022523560604694,0.0,0.0,0.0,0.15574283737600406,0.0,0.0,0.0,0.0,0.0,0.0,0.0,0.0,0.0,0.0,0.0,0.0,0.0,0.0,0.0,0.0,0.0,0.0,0.0,0.21917442977838014,0.0,0.0,0.24044798955280333,0.0,0.0,0.0,0.0,0.0,0.0,0.0,0.0,0.0,0.0,0.0,0.0,0.0,0.22372957785599096,0.20692836113912932,0.0,0.0,0.2407795371054441,0.0,0.0,0.0,0.0,0.0,0.0,0.0,0.0,0.0,0.0,0.0,0.0,0.0,0.0,0.0,0.0,0.0,0.0,0.0,0.0,0.0,0.0,0.2766447875477837,0.0,0.0,0.0,0.0,0.0,0.0,0.0,0.0,0.0,0.0,0.0,0.0,0.0,0.47480871680176195,0.0,0.0,0.0
892ec6b7d5d18610afae6178542d991ee4b6b47adc7b61a02f78cc270f0cb84a,0.3734301254591386,0.0,0.0,0.0,0.0,0.0,0.0,0.0,0.0,0.0,0.1520335884964307,0.0,0.09902967877039111,0.0,0.0,0.0,0.0,0.19405320042217833,0.0,0.0,0.0,0.14472581360772277,0.0,0.0,0.0,0.0,0.0,0.0,0.0,0.0,0.0,0.0,0.0,0.0,0.0,0.0,0.0,0.0,0.0,0.0,0.0,0.0,0.0,0.17165272801306533,0.0,0.0,0.0,0.20656469541256206,0.24407253985791139,0.0,0.0,0.0,0.0,0.0,0.0,0.0,0.0,0.0,0.0,0.0,0.0,0.0,0.0,0.0,0.0,0.0,0.0,0.0,0.0,0.0,0.34145205676202156,0.0,0.0,0.0,0.0,0.09414618996333833,0.2009946603115503,0.16019981622714105,0.0,0.08613643388906388,0.0,0.0,0.0,0.0,0.0,0.0,0.0,0.0,0.0,0.0,0.0,0.0,0.0,0.0,0.0,0.0,0.0,0.0,0.0,0.12121843995432093,0.0,0.0,0.0,0.0,0.22588461302847423,0.0,0.0,0.0,0.0,0.0,0.0,0.0,0.0,0.0,0.0,0.0,0.12373774817967931,0.11444552699396998,0.0,0.0,0.13316754098713995,0.0,0.0,0.0,0.1565086629681548,0.0,0.0,0.0,0.0,0.0,0.0,0.0,0.0,0.14217182827222194,0.0,0.0,0.0,0.0,0.0,0.0,0.0,0.0,0.0,0.15300347582491944,0.0,0.10248676159208628,0.21204692193493452,0.0,0.0,0.0,0.0,0.2846150464730452,0.0,0.0,0.0,0.0,0.3491920584399147,0.0,0.0,0.0,0.0
917e115cc403e29b4388e0d175cbfac3e7e40ca1742299fbdb353847db2de7c2,0.0,0.0,0.0,0.0,0.0,0.0,0.0,0.0,0.0,0.0,0.0,0.0,0.0,0.0,0.0,0.0,0.0,0.0,0.0,0.0,0.0,0.0,0.0,0.0,0.0,0.0,0.4208996490643724,0.0,0.0,0.0,0.0,0.0,0.0,0.0,0.0,0.0,0.0,0.0,0.0,0.0,0.0,0.0,0.0,0.0,0.3888494193371827,0.0,0.0,0.0,0.0,0.0,0.0,0.0,0.0,0.0,0.0,0.0,0.0,0.0,0.3871229617910411,0.0,0.0,0.0,0.0,0.0,0.0,0.0,0.0,0.0,0.0,0.0,0.0,0.0,0.0,0.0,0.0,0.0,0.0,0.32391713050274845,0.0,0.17416416044775881,0.0,0.0,0.0,0.0,0.0,0.0,0.0,0.0,0.0,0.0,0.0,0.0,0.0,0.0,0.0,0.0,0.0,0.0,0.0,0.2450984661452509,0.0,0.0,0.0,0.0,0.0,0.0,0.0,0.0,0.0,0.0,0.0,0.0,0.0,0.0,0.0,0.0,0.0,0.0,0.0,0.22584175989036032,0.0,0.0,0.0,0.0,0.0,0.0,0.0,0.0,0.0,0.0,0.0,0.0,0.0,0.28746531510980317,0.0,0.0,0.0,0.0,0.0,0.0,0.0,0.0,0.3871229617910411,0.0,0.0,0.20722381904832426,0.0,0.0,0.0,0.0,0.0,0.0,0.0,0.0,0.0,0.0,0.0,0.0,0.0,0.0,0.0
973e8ee15e00b702b03fa42e45cce60344dbe7dbc7d3213a81a53623c303ff5c,0.0,0.0,0.0,0.0,0.0,0.0,0.0,0.0,0.0,0.0,0.0,0.0,0.17596939641292544,0.0,0.0,0.0,0.0,0.0,0.0,0.0,0.0,0.0,0.0,0.0,0.0,0.0,0.0,0.0,0.0,0.0,0.0,0.0,0.0,0.0,0.2880795367976333,0.0,0.0,0.0,0.0,0.0,0.0,0.0,0.0,0.0,0.0,0.0,0.0,0.0,0.0,0.0,0.0,0.0,0.0,0.0,0.0,0.0,0.0,0.0,0.0,0.0,0.0,0.0,0.0,0.0,0.0,0.0,0.0,0.0,0.0,0.0,0.0,0.0,0.6134240597294264,0.0,0.0,0.16729174958586845,0.3571546378459973,0.28466481278115785,0.0,0.15305892605957166,0.0,0.0,0.0,0.0,0.0,0.0,0.0,0.0,0.0,0.0,0.0,0.0,0.0,0.0,0.0,0.0,0.0,0.0,0.0,0.0,0.0,0.0,0.0,0.0,0.0,0.0,0.0,0.0,0.0,0.0,0.0,0.0,0.0,0.0,0.0,0.0,0.21987405322355705,0.0,0.22392864378083846,0.0,0.0,0.0,0.0,0.0,0.2781058698549932,0.0,0.0,0.0,0.0,0.0,0.0,0.0,0.0,0.0,0.0,0.0,0.0,0.0,0.0,0.0,0.0,0.0,0.0,0.27187737680555507,0.0,0.0,0.0,0.0,0.0,0.0,0.0,0.0,0.0,0.0,0.0,0.0,0.0,0.0,0.0,0.0,0.0
987bb2748cb98b169046adc19157f2225896231e547d55298efaea4cc19331ab,0.29670668451764803,0.0,0.0,0.0,0.0,0.0,0.0,0.0,0.0,0.0,0.12079738323905616,0.0,0.07868344210495566,0.0,0.0,0.0,0.0,0.0,0.0,0.0,0.0,0.11499103417773193,0.0,0.0,0.0,0.0,0.0,0.0,0.0,0.0,0.0,0.0,0.0,0.0,0.0,0.0,0.0,0.0,0.0,0.0,0.0,0.0,0.0,0.13638565382090237,0.0,0.0,0.0,0.0,0.1939263844715348,0.1918130968730816,0.0,0.0,0.0,0.0,0.0,0.0,0.0,0.0,0.0,0.0,0.0,0.0,0.0,0.0,0.0,0.0,0.29670668451764803,0.0,0.2684626447286668,0.3451121925842521,0.0,0.24985877131888165,0.0,0.0,0.0,0.07480329512688808,0.1596991115632863,0.12728581089875837,0.0,0.06843919109090262,0.0,0.0,0.0,0.0,0.0,0.0,0.0,0.0,0.0,0.0,0.0,0.0,0.0,0.0,0.0,0.0,0.0,0.0,0.0,0.09631339029497676,0.0,0.0,0.0,0.0,0.0,0.0,0.0,0.0,0.0,0.0,0.0,0.0,0.0,0.0,0.0,0.0,0.09831509165719297,0.09093201259674866,0.0,0.0,0.1058074774312383,0.0,0.0,0.0,0.12435302703678748,0.39577478796960786,0.0,0.0,0.21891707645153335,0.0,0.0,0.0,0.0,0.11296178032395826,0.0,0.0,0.0,0.0,0.0,0.0,0.0,0.0,0.0,0.12156800144570927,0.0,0.0,0.16848062028239152,0.0,0.0,0.0,0.0,0.0,0.0,0.0,0.0,0.0,0.2774484725682283,0.0,0.0,0.0,0.0
1273d769ad266f4fc8772da8dc6402a318f05f8c3a84abe3e5542e83dce1497c,0.0,0.0,0.0,0.0,0.0,0.0,0.0,0.0,0.0,0.0,0.0,0.0,0.0,0.0,0.0,0.0,0.0,0.0,0.0,0.4819421202726551,0.41850254706073836,0.0,0.0,0.0,0.0,0.0,0.0,0.0,0.0,0.0,0.0,0.0,0.0,0.0,0.0,0.0,0.0,0.0,0.0,0.0,0.0,0.0,0.27148405090790434,0.0,0.0,0.0,0.0,0.3088284411667459,0.0,0.0,0.0,0.0,0.0,0.0,0.0,0.0,0.0,0.0,0.0,0.0,0.0,0.0,0.0,0.0,0.0,0.0,0.0,0.0,0.0,0.0,0.0,0.0,0.0,0.0,0.0,0.14075503575330686,0.0,0.0,0.0,0.12877989896817732,0.0,0.0,0.0,0.0,0.0,0.0,0.0,0.0,0.0,0.0,0.0,0.0,0.0,0.0,0.0,0.0,0.0,0.0,0.0,0.18122991335469565,0.0,0.0,0.19882049359967713,0.0,0.0,0.0,0.0,0.0,0.0,0.0,0.0,0.0,0.0,0.0,0.0,0.0,0.0,0.0,0.0,0.0,0.19909464206808564,0.0,0.0,0.0,0.0,0.0,0.0,0.0,0.41192945939983067,0.0,0.0,0.0,0.0,0.0,0.0,0.0,0.0,0.0,0.0,0.0,0.0,0.0,0.2862452055551672,0.0,0.0,0.15322476456829764,0.0,0.0,0.0,0.0,0.0,0.0,0.0,0.0,0.0,0.0,0.0,0.0,0.0,0.0,0.0
0cb6db3b13d90d34c76a8978afe08abae24991fa0d11cecd642c7714f9b376a8,0.0,0.0,0.0,0.0,0.0,0.4902233066139041,0.0,0.0,0.0,0.0,0.0,0.0,0.0,0.0,0.0,0.0,0.0,0.0,0.0,0.5735430045250947,0.0,0.0,0.0,0.0,0.0,0.0,0.0,0.0,0.0,0.0,0.0,0.0,0.0,0.0,0.0,0.0,0.0,0.0,0.0,0.0,0.0,0.0,0.32308397977390463,0.0,0.0,0.0,0.0,0.0,0.0,0.0,0.0,0.0,0.0,0.0,0.0,0.0,0.0,0.0,0.0,0.0,0.0,0.0,0.0,0.0,0.0,0.0,0.0,0.0,0.0,0.0,0.0,0.0,0.0,0.0,0.0,0.16750780376348282,0.0,0.0,0.0,0.15325659881078743,0.0,0.0,0.0,0.0,0.0,0.0,0.0,0.0,0.0,0.0,0.0,0.0,0.0,0.0,0.0,0.0,0.0,0.0,0.0,0.0,0.0,0.0,0.23660953974267362,0.0,0.0,0.0,0.0,0.0,0.0,0.0,0.0,0.0,0.0,0.0,0.0,0.0,0.22015801646660726,0.20362501004851638,0.0,0.19873055341153872,0.23693579455552963,0.0,0.0,0.0,0.0,0.0,0.0,0.0,0.0,0.0,0.0,0.0,0.0,0.0,0.0,0.0,0.0,0.0,0.0,0.0,0.0,0.0,0.0,0.0,0.0,0.18234760594992963,0.0,0.0,0.0,0.0,0.0,0.0,0.0,0.0,0.0,0.0,0.0,0.0,0.0,0.0,0.0
bb12e133c27f52db87c0f8096ed9b3c35fa0fe4d789c712b76edc3a1bb35e409,0.0,0.0,0.0,0.0,0.0,0.39629853122866,0.0,0.0,0.0,0.0,0.0,0.0,0.14243810050657574,0.0,0.0,0.0,0.0,0.0,0.0,0.0,0.0,0.0,0.0,0.0,0.0,0.0,0.0,0.0,0.0,0.0,0.0,0.0,0.0,0.0,0.0,0.0,0.0,0.0,0.0,0.0,0.0,0.0,0.0,0.0,0.0,0.0,0.0,0.0,0.0,0.0,0.0,0.0,0.0,0.0,0.0,0.0,0.0,0.0,0.0,0.0,0.0,0.0,0.0,0.0,0.0,0.0,0.0,0.0,0.0,0.0,0.0,0.0,0.0,0.0,0.0,0.13541399542859683,0.0,0.0,0.0,0.12389326290773386,0.0,0.0,0.0,0.0,0.0,0.0,0.0,0.0,0.0,0.0,0.0,0.0,0.0,0.0,0.0,0.0,0.0,0.0,0.0,0.174353027777631,0.0,0.0,0.19127612214602788,0.0,0.0,0.0,0.0,0.0,0.0,0.0,0.0,0.0,0.0,0.4141396544675258,0.0,0.0,0.0,0.0,0.0,0.16065459427305367,0.0,0.0,0.0,0.0,0.0,0.0,0.25856891189437153,0.0,0.0,0.0,0.0,0.0,0.0,0.0,0.0,0.0,0.0,0.0,0.0,0.0,0.0,0.0,0.0,0.0,0.0,0.14741055236676898,0.0,0.0,0.0,0.0,0.6247454846699493,0.0,0.0,0.0,0.2139406737706717,0.0,0.0,0.0,0.0,0.0,0.0
2026f682ca7fd084053865abf7f6a09d28296d469631ee635139cfe941e984cc,0.0,0.0,0.0,0.0,0.0,0.0,0.0,0.0,0.0,0.0,0.2602683014938873,0.0,0.16953021069853963,0.0,0.0,0.0,0.0,0.0,0.0,0.0,0.0,0.24775802546348008,0.0,0.0,0.0,0.0,0.35635954207525683,0.0,0.0,0.0,0.0,0.0,0.0,0.0,0.0,0.0,0.0,0.0,0.0,0.0,0.0,0.0,0.0,0.0,0.3292238454445349,0.0,0.0,0.0,0.0,0.0,0.0,0.0,0.0,0.0,0.0,0.0,0.0,0.0,0.32776212025202645,0.0,0.0,0.0,0.0,0.0,0.32776212025202645,0.0,0.0,0.0,0.0,0.0,0.0,0.0,0.0,0.0,0.0,0.16117010192424808,0.0,0.0,0.0,0.14745809506149685,0.0,0.0,0.0,0.0,0.0,0.0,0.0,0.0,0.0,0.0,0.0,0.0,0.0,0.0,0.0,0.0,0.0,0.0,0.0,0.0,0.0,0.0,0.0,0.0,0.0,0.0,0.0,0.0,0.0,0.0,0.0,0.0,0.0,0.0,0.0,0.0,0.0,0.1959208042043466,0.0,0.19121153062232693,0.0,0.0,0.0,0.0,0.26792924039122595,0.0,0.0,0.0,0.0,0.0,0.0,0.0,0.0,0.24338582434736486,0.0,0.0,0.0,0.0,0.0,0.0,0.0,0.0,0.32776212025202645,0.0,0.0,0.17544843628950776,0.0,0.0,0.0,0.0,0.0,0.0,0.0,0.0,0.0,0.0,0.0,0.0,0.0,0.0,0.0
2277b1869ee1c07aaadc672a9f9ac2f7e732a6c49d83d7185e207b767e0c3ea8,0.0,0.0,0.0,0.0,0.0,0.0,0.0,0.0,0.0,0.0,0.25665562481060433,0.0,0.16717703193728717,0.0,0.0,0.0,0.0,0.0,0.0,0.0,0.0,0.24431899874931384,0.0,0.0,0.0,0.0,0.3514130626110608,0.0,0.0,0.0,0.0,0.0,0.0,0.0,0.0,0.0,0.0,0.0,0.0,0.0,0.0,0.0,0.0,0.0,0.324654025365826,0.0,0.0,0.0,0.0,0.0,0.0,0.0,0.0,0.0,0.0,0.0,0.0,0.0,0.3232125897763542,0.0,0.0,0.0,0.0,0.0,0.0,0.0,0.0,0.0,0.0,0.0,0.0,0.0,0.0,0.0,0.0,0.158932966376346,0.0,0.2704414487281944,0.0,0.14541129021153126,0.0,0.0,0.0,0.0,0.0,0.0,0.0,0.0,0.0,0.0,0.0,0.0,0.0,0.0,0.0,0.0,0.0,0.0,0.0,0.204635006992375,0.0,0.0,0.0,0.0,0.0,0.0,0.0,0.0,0.0,0.0,0.0,0.0,0.0,0.0,0.0,0.0,0.0,0.0,0.0,0.18855740242350608,0.0,0.0,0.0,0.0,0.26421022538257793,0.0,0.30347767267339654,0.0,0.0,0.0,0.0,0.0,0.0,0.24000748634917424,0.0,0.0,0.0,0.0,0.0,0.0,0.0,0.0,0.0,0.258292940884973,0.0,0.17301310908575895,0.0,0.0,0.0,0.0,0.0,0.0,0.0,0.0,0.0,0.0,0.0,0.0,0.0,0.0,0.0
3022b39e282c4983956263cdde6892c555e7e6cece866a3590b974f2cba5a604,0.0,0.0,0.0,0.0,0.0,0.0,0.0,0.0,0.0,0.0,0.25665562481060433,0.0,0.16717703193728717,0.0,0.0,0.0,0.0,0.0,0.0,0.0,0.0,0.24431899874931384,0.0,0.0,0.0,0.0,0.3514130626110608,0.0,0.0,0.0,0.0,0.0,0.0,0.0,0.0,0.0,0.0,0.0,0.0,0.0,0.0,0.0,0.0,0.0,0.324654025365826,0.0,0.0,0.0,0.0,0.0,0.0,0.0,0.0,0.0,0.0,0.0,0.0,0.0,0.3232125897763542,0.0,0.0,0.0,0.0,0.0,0.0,0.0,0.0,0.0,0.0,0.0,0.0,0.0,0.0,0.0,0.0,0.158932966376346,0.0,0.2704414487281944,0.0,0.14541129021153126,0.0,0.0,0.0,0.0,0.0,0.0,0.0,0.0,0.0,0.0,0.0,0.0,0.0,0.0,0.0,0.0,0.0,0.0,0.0,0.204635006992375,0.0,0.0,0.0,0.0,0.0,0.0,0.0,0.0,0.0,0.0,0.0,0.0,0.0,0.0,0.0,0.0,0.0,0.0,0.0,0.18855740242350608,0.0,0.0,0.0,0.0,0.26421022538257793,0.0,0.30347767267339654,0.0,0.0,0.0,0.0,0.0,0.0,0.24000748634917424,0.0,0.0,0.0,0.0,0.0,0.0,0.0,0.0,0.0,0.258292940884973,0.0,0.17301310908575895,0.0,0.0,0.0,0.0,0.0,0.0,0.0,0.0,0.0,0.0,0.0,0.0,0.0,0.0,0.0
0ba6e305edc2ba967fee018f839a0bfb52e6f5479d5190e8ff3263def3ca25f3,0.0,0.0,0.0,0.0,0.0,0.0,0.0,0.0,0.0,0.0,0.19823924596834733,0.0,0.12912652422455237,0.0,0.0,0.0,0.0,0.0,0.0,0.0,0.0,0.18871051091729052,0.0,0.0,0.0,0.0,0.0,0.0,0.0,0.0,0.0,0.0,0.0,0.0,0.0,0.0,0.0,0.0,0.0,0.0,0.0,0.0,0.23677356827757914,0.2238209839434183,0.0,0.0,0.0,0.0,0.0,0.0,0.0,0.0,0.0,0.0,0.0,0.0,0.0,0.0,0.0,0.0,0.0,0.0,0.0,0.0,0.0,0.0,0.0,0.0,0.44057106896395265,0.0,0.4452252882818301,0.4100404586315428,0.0,0.0,0.0,0.12275885805039155,0.0,0.0,0.0,0.11231479749602377,0.0,0.0,0.0,0.0,0.0,0.0,0.0,0.0,0.0,0.0,0.0,0.0,0.0,0.0,0.0,0.0,0.0,0.0,0.0,0.0,0.0,0.0,0.0,0.0,0.0,0.0,0.0,0.0,0.0,0.0,0.0,0.0,0.0,0.0,0.0,0.0,0.1613438065861134,0.1492275174197272,0.0,0.1456405925479707,0.17363947778795855,0.0,0.0,0.0,0.20407437357205846,0.0,0.2344043113935189,0.0,0.0,0.0,0.0,0.0,0.0,0.0,0.0,0.0,0.0,0.0,0.0,0.0,0.0,0.0,0.0,0.0,0.0,0.13363427477231415,0.0,0.0,0.0,0.0,0.0,0.0,0.0,0.0,0.0,0.0,0.0,0.0,0.0,0.0,0.0
3610ef9aa2f76e449684abe6a2ffe45b4fc8f5d021044d6a5bf50d7632d84ce1,0.0,0.0,0.0,0.0,0.23776254194646163,0.0,0.0,0.0,0.0,0.0,0.13119621988811608,0.0,0.08545690225364085,0.0,0.0,0.0,0.0,0.0,0.0,0.0,0.0,0.12489003156043421,0.0,0.0,0.0,0.0,0.0,0.0,0.0,0.0,0.0,0.0,0.0,0.0,0.0,0.0,0.0,0.0,0.0,0.0,0.0,0.0,0.15669852342153817,0.0,0.0,0.0,0.0,0.0,0.2106205275066653,0.0,0.0,0.0,0.0,0.4298450406485717,0.4298450406485717,0.0,0.0,0.0,0.16521854929225765,0.0,0.0,0.0,0.0,0.0,0.0,0.0,0.0,0.0,0.0,0.0,0.0,0.0,0.0,0.0,0.0,0.08124273301848993,0.0,0.0,0.0,0.07433077540725881,0.0,0.32747375693779607,0.0,0.0,0.0,0.0,0.0,0.0,0.17825342063214178,0.0,0.0,0.0,0.0,0.0,0.0,0.0,0.0,0.0,0.0,0.0,0.0,0.0,0.11475767238930538,0.0,0.0,0.0,0.0,0.0,0.0,0.0,0.0,0.0,0.0,0.0,0.0,0.0,0.0,0.09875989031900483,0.10874759255561019,0.0963860365349148,0.11491590879418526,0.0,0.0,0.0,0.13505795110300345,0.0,0.15513053144490285,0.0,0.0,0.0,0.0,0.0,0.0,0.0,0.0,0.0,0.0,0.26926059340876024,0.0,0.0,0.0,0.0,0.0,0.13203317672425688,0.0,0.08844016537682362,0.18298426598953152,0.19800559270960827,0.0,0.0,0.0,0.0,0.0,0.0,0.1283554553274482,0.0,0.0,0.0,0.0,0.0,0.0
4304e038656f1705995b08e0a5b7a4ef7b020d492f14d73a365f36aeaae2cfa8,0.0,0.0,0.0,0.0,0.0,0.7414638696569759,0.0,0.0,0.0,0.0,0.0,0.0,0.26649784661265247,0.0,0.0,0.0,0.0,0.0,0.0,0.0,0.0,0.0,0.0,0.0,0.0,0.0,0.0,0.0,0.0,0.0,0.0,0.0,0.0,0.0,0.0,0.0,0.0,0.0,0.0,0.0,0.0,0.0,0.0,0.0,0.0,0.0,0.0,0.0,0.0,0.0,0.0,0.0,0.0,0.0,0.0,0.0,0.0,0.0,0.0,0.0,0.0,0.0,0.0,0.0,0.0,0.0,0.0,0.0,0.0,0.0,0.0,0.0,0.0,0.0,0.0,0.25335593534730283,0.0,0.0,0.0,0.0,0.0,0.0,0.0,0.0,0.0,0.0,0.0,0.0,0.0,0.0,0.0,0.0,0.0,0.0,0.0,0.0,0.0,0.0,0.0,0.0,0.0,0.0,0.35787246866565625,0.0,0.0,0.0,0.0,0.0,0.0,0.0,0.0,0.0,0.0,0.0,0.0,0.0,0.33298950217783235,0.0,0.0,0.0,0.0,0.0,0.0,0.0,0.0,0.0,0.0,0.0,0.0,0.0,0.0,0.0,0.0,0.0,0.0,0.0,0.0,0.0,0.0,0.0,0.0,0.0,0.0,0.0,0.0,0.2758011700100703,0.0,0.0,0.0,0.0,0.0,0.0,0.0,0.0,0.0,0.0,0.0,0.0,0.0,0.0,0.0
4500eda0f4d1cf716592b3e4d2576df69c3a68b585c6de4b560452454474c831,0.0,0.0,0.0,0.0,0.0,0.0,0.0,0.0,0.0,0.0,0.2508063748575565,0.0,0.16336702291476352,0.0,0.0,0.0,0.0,0.0,0.0,0.0,0.0,0.23875090378541938,0.0,0.0,0.0,0.0,0.0,0.0,0.0,0.0,0.0,0.0,0.0,0.0,0.0,0.0,0.0,0.0,0.0,0.0,0.0,0.0,0.0,0.28317162590934813,0.0,0.0,0.0,0.0,0.0,0.0,0.0,0.0,0.0,0.0,0.0,0.0,0.0,0.0,0.0,0.0,0.0,0.0,0.0,0.0,0.0,0.0,0.0,0.0,0.0,0.0,0.0,0.0,0.0,0.0,0.0,0.15531084180065977,0.33157634847018963,0.26427801618139984,0.0,0.1420973282320497,0.0,0.0,0.0,0.0,0.0,0.0,0.0,0.0,0.34076510948892264,0.0,0.0,0.0,0.0,0.0,0.0,0.0,0.0,0.0,0.0,0.19997132075551433,0.0,0.0,0.0,0.0,0.0,0.0,0.0,0.0,0.0,0.0,0.0,0.0,0.0,0.0,0.0,0.0,0.20412736659643582,0.0,0.20789158015847498,0.1842601290709879,0.0,0.0,0.0,0.0,0.2581888040731707,0.0,0.0,0.0,0.0,0.0,0.0,0.0,0.0,0.2345376518996273,0.0,0.0,0.0,0.0,0.0,0.0,0.0,0.0,0.0,0.2524063760631075,0.0,0.1690700943127793,0.0,0.0,0.0,0.0,0.0,0.0,0.0,0.0,0.24537571639885594,0.0,0.0,0.0,0.0,0.0,0.0
4715d0fa523a32f9162dfba45a7fbc845a0b28fdfa9631d477168fd422fdd271,0.3959737733086857,0.0,0.0,0.0,0.0,0.0,0.0,0.0,0.0,0.0,0.1612117223605705,0.0,0.10500801327703699,0.0,0.0,0.0,0.0,0.0,0.0,0.0,0.0,0.15346278353670267,0.0,0.0,0.0,0.0,0.0,0.0,0.0,0.0,0.0,0.0,0.0,0.0,0.0,0.0,0.0,0.0,0.0,0.0,0.0,0.0,0.0,0.1820152520541635,0.0,0.0,0.0,0.0,0.25880698417071596,0.0,0.0,0.0,0.3017970062104443,0.0,0.0,0.0,0.0,0.0,0.0,0.0,0.0,0.0,0.0,0.0,0.0,0.0,0.0,0.17190864117021287,0.0,0.0,0.36206521676265696,0.0,0.0,0.0,0.0,0.09982971255086534,0.21312853096842835,0.1698709380686005,0.0,0.0913364145553889,0.0,0.0,0.0,0.0,0.0,0.0,0.0,0.0,0.0,0.0,0.0,0.0,0.0,0.0,0.0,0.0,0.0,0.0,0.0,0.12853629043529582,0.0,0.0,0.0,0.0,0.0,0.0,0.0,0.0,0.0,0.0,0.0,0.0,0.0,0.0,0.0,0.0,0.1312076870798387,0.12135450268342653,0.1336272242706856,0.11843755082695023,0.14120674817566847,0.0,0.0,0.0,0.16595695313761943,0.0,0.0,0.0,0.0,0.0,0.0,0.0,0.0,0.15075461635541304,0.0,0.0,0.0,0.0,0.0,0.0,0.0,0.0,0.0,0.0,0.0,0.0,0.22484800789393178,0.0,0.0,0.0,0.0,0.0,0.0,0.0,0.0,0.0,0.37027247552637516,0.0,0.0,0.0,0.0
5251a8e8d7f924572e563bf7ebe78dbcb71c94811aa39c45f548caa1ea8ab870,0.0,0.0,0.0,0.0,0.0,0.0,0.0,0.0,0.0,0.0,0.24431927293284336,0.0,0.15914153809849074,0.0,0.0,0.0,0.0,0.0,0.0,0.0,0.0,0.23257561638152852,0.0,0.0,0.0,0.0,0.33452212091433875,0.0,0.0,0.0,0.0,0.0,0.0,0.0,0.0,0.0,0.0,0.0,0.0,0.0,0.0,0.0,0.0,0.0,0.3090492775704101,0.0,0.0,0.0,0.0,0.0,0.0,0.0,0.0,0.0,0.0,0.0,0.0,0.0,0.30767712570169825,0.0,0.0,0.0,0.0,0.0,0.0,0.0,0.0,0.0,0.0,0.0,0.0,0.0,0.0,0.0,0.0,0.15129372994955115,0.0,0.25744247052031605,0.0,0.13842198364802846,0.0,0.0,0.0,0.0,0.0,0.0,0.0,0.0,0.0,0.0,0.0,0.0,0.0,0.0,0.0,0.0,0.0,0.0,0.0,0.0,0.0,0.0,0.0,0.0,0.36299849900029924,0.0,0.0,0.0,0.0,0.0,0.0,0.0,0.0,0.0,0.0,0.0,0.0,0.0,0.0,0.17949424447725232,0.0,0.0,0.0,0.0,0.25151075576282095,0.0,0.28889078271177704,0.0,0.0,0.0,0.0,0.0,0.0,0.22847134017242388,0.0,0.0,0.0,0.0,0.0,0.0,0.0,0.0,0.0,0.245877890138861,0.0,0.16469709966760424,0.0,0.0,0.0,0.0,0.0,0.0,0.0,0.0,0.0,0.0,0.0,0.0,0.0,0.0,0.0
bbb0f1a271db0950dc5d182412a1306042dec012ce98847d278098beda085c0f,0.0,0.0,0.0,0.0,0.0,0.0,0.0,0.0,0.0,0.0,0.1930950219857065,0.0,0.12577574592903235,0.0,0.0,0.0,0.0,0.0,0.0,0.0,0.0,0.18381355354996814,0.0,0.0,0.0,0.0,0.0,0.0,0.0,0.0,0.0,0.0,0.0,0.0,0.0,0.0,0.0,0.0,0.0,0.0,0.0,0.0,0.0,0.2180129247581859,0.0,0.0,0.0,0.0,0.0,0.0,0.0,0.0,0.3614842562074089,0.0,0.0,0.0,0.0,0.0,0.0,0.0,0.0,0.0,0.0,0.0,0.0,0.0,0.0,0.20590750077125913,0.4291384374083224,0.0,0.0,0.39940008340794947,0.0,0.0,0.0,0.11957331797945495,0.2552795650993897,0.20346679534708326,0.0,0.10940027634728641,0.0,0.0,0.0,0.0,0.0,0.0,0.0,0.0,0.0,0.0,0.0,0.0,0.0,0.0,0.0,0.0,0.0,0.0,0.0,0.1539572772012953,0.0,0.0,0.0,0.0,0.0,0.0,0.0,0.0,0.0,0.0,0.0,0.0,0.0,0.0,0.0,0.0,0.15715700353792497,0.14535512691384783,0.16005505946227558,0.14186128121447766,0.16913360731005797,0.0,0.0,0.0,0.19877873051387507,0.0,0.0,0.0,0.0,0.0,0.0,0.0,0.0,0.18056978446323582,0.0,0.0,0.0,0.0,0.0,0.0,0.0,0.0,0.0,0.0,0.0,0.0,0.0,0.0,0.0,0.0,0.0,0.0,0.0,0.0,0.0,0.0,0.0,0.0,0.0,0.0,0.0
00d56f9d4e23372133f953d1a0bb58567bc2e9bc34f9e70304116a6382448458,0.0,0.0,0.0,0.0,0.0,0.0,0.0,0.0,0.0,0.0,0.20759844542288078,0.0,0.13522279890106723,0.0,0.0,0.0,0.0,0.0,0.0,0.0,0.0,0.19761984318504863,0.0,0.0,0.0,0.0,0.0,0.0,0.0,0.0,0.0,0.0,0.0,0.0,0.0,0.0,0.0,0.0,0.0,0.0,0.0,0.0,0.0,0.2343879391424451,0.0,0.0,0.0,0.0,0.33327556328847735,0.3296437361047533,0.0,0.0,0.0,0.0,0.0,0.0,0.0,0.0,0.0,0.0,0.0,0.0,0.0,0.0,0.0,0.0,0.0,0.0,0.0,0.0,0.0,0.0,0.0,0.0,0.0,0.12855450477862732,0.2744536877122876,0.21874924570741452,0.0,0.11761736302146297,0.0,0.0,0.0,0.0,0.0,0.0,0.0,0.0,0.2820594453567444,0.0,0.0,0.0,0.0,0.0,0.0,0.0,0.0,0.0,0.0,0.1655210532092034,0.0,0.0,0.0,0.0,0.3084403583012261,0.0,0.0,0.0,0.0,0.0,0.0,0.0,0.0,0.0,0.0,0.0,0.1689611119245034,0.0,0.17207684167484513,0.15251652343478683,0.0,0.0,0.0,0.0,0.21370905895683254,0.0,0.0,0.0,0.0,0.0,0.0,0.0,0.0,0.19413243365583627,0.0,0.0,0.0,0.0,0.0,0.0,0.0,0.0,0.0,0.20892280475440006,0.0,0.13994336773443994,0.0,0.0,0.0,0.0,0.0,0.0,0.0,0.0,0.2031033593059942,0.0,0.0,0.0,0.0,0.0,0.0
6241dc2ac2d2b14d6c220040b7e39755bc2e4034e70cbffd21cb8fcc44c151cb,0.0,0.0,0.0,0.0,0.0,0.0,0.0,0.0,0.0,0.0,0.0,0.0,0.0,0.0,0.0,0.0,0.0,0.0,0.0,0.0,0.0,0.0,0.0,0.0,0.0,0.0,0.4735303553271016,0.0,0.0,0.0,0.0,0.0,0.0,0.0,0.0,0.0,0.0,0.0,0.0,0.0,0.0,0.0,0.0,0.0,0.43747245719207545,0.0,0.0,0.0,0.0,0.0,0.0,0.0,0.0,0.0,0.0,0.0,0.0,0.0,0.4355301175937914,0.0,0.0,0.0,0.0,0.0,0.0,0.0,0.0,0.0,0.0,0.0,0.0,0.0,0.0,0.0,0.0,0.0,0.0,0.36442081680149596,0.0,0.19594223222899454,0.0,0.0,0.0,0.0,0.0,0.0,0.0,0.0,0.0,0.0,0.0,0.0,0.0,0.0,0.0,0.0,0.0,0.0,0.0,0.0,0.0,0.0,0.0,0.0,0.0,0.0,0.0,0.0,0.0,0.0,0.0,0.0,0.0,0.0,0.0,0.0,0.0,0.0,0.0,0.2540817723329211,0.0,0.0,0.0,0.0,0.0,0.0,0.0,0.0,0.0,0.0,0.0,0.0,0.0,0.3234109439405676,0.0,0.0,0.0,0.0,0.0,0.0,0.0,0.0,0.0,0.0,0.0,0.23313578161521462,0.0,0.0,0.0,0.0,0.0,0.0,0.0,0.0,0.0,0.0,0.0,0.0,0.0,0.0,0.0
6510c3886e8ddeb0b7b164f915cdb5af33622d9f662b4ef814679e75657daff1,0.0,0.0,0.0,0.0,0.0,0.0,0.0,0.0,0.0,0.0,0.21730973295213019,0.0,0.1415484121683687,0.0,0.0,0.0,0.0,0.0,0.0,0.0,0.0,0.2068643397647117,0.0,0.0,0.0,0.0,0.0,0.0,0.0,0.0,0.0,0.0,0.0,0.0,0.0,0.0,0.0,0.0,0.0,0.0,0.0,0.0,0.0,0.24535241754094095,0.0,0.0,0.0,0.0,0.34886592483947115,0.34506420371475033,0.0,0.0,0.0,0.0,0.0,0.0,0.0,0.0,0.0,0.0,0.0,0.0,0.0,0.0,0.0,0.0,0.0,0.2317289360714596,0.0,0.0,0.0,0.0,0.0,0.0,0.0,0.13456818063512252,0.2872924094541947,0.2289821586636933,0.0,0.12311940822419475,0.0,0.0,0.0,0.0,0.0,0.0,0.0,0.0,0.2952539582955106,0.0,0.0,0.0,0.0,0.0,0.0,0.0,0.0,0.0,0.0,0.17326399433086945,0.0,0.0,0.0,0.0,0.0,0.0,0.0,0.0,0.0,0.0,0.0,0.0,0.0,0.0,0.0,0.0,0.17686497621316968,0.0,0.18012645728360135,0.15965112316177246,0.0,0.0,0.0,0.0,0.22370619604958636,0.0,0.0,0.0,0.0,0.0,0.0,0.0,0.0,0.20321379203568554,0.0,0.0,0.0,0.0,0.0,0.0,0.0,0.0,0.0,0.218696044743044,0.0,0.14648980539736303,0.0,0.0,0.0,0.0,0.0,0.0,0.0,0.0,0.0,0.0,0.0,0.0,0.0,0.0,0.0
6660d0e87a142ab1bde4521d9c6f5e148490b05a57c71122e28280b35452e896,0.0,0.0,0.0,0.0,0.0,0.6208095468242741,0.0,0.0,0.0,0.0,0.3425597032527489,0.0,0.2231321230281732,0.0,0.0,0.0,0.0,0.0,0.0,0.0,0.0,0.0,0.0,0.0,0.0,0.0,0.0,0.0,0.0,0.0,0.0,0.0,0.0,0.0,0.3652896467053355,0.0,0.0,0.0,0.0,0.0,0.0,0.0,0.0,0.0,0.0,0.0,0.0,0.0,0.0,0.0,0.0,0.0,0.0,0.0,0.0,0.0,0.0,0.0,0.0,0.0,0.0,0.0,0.0,0.0,0.0,0.0,0.0,0.0,0.0,0.0,0.0,0.0,0.0,0.0,0.0,0.0,0.0,0.0,0.0,0.0,0.0,0.0,0.0,0.0,0.0,0.0,0.0,0.0,0.0,0.0,0.0,0.0,0.0,0.0,0.0,0.0,0.0,0.0,0.0,0.2731274926164636,0.0,0.0,0.0,0.0,0.0,0.0,0.0,0.0,0.0,0.0,0.0,0.0,0.0,0.0,0.0,0.0,0.0,0.0,0.0,0.0,0.0,0.0,0.0,0.0,0.0,0.0,0.0,0.0,0.0,0.0,0.0,0.0,0.0,0.0,0.0,0.0,0.0,0.0,0.0,0.0,0.0,0.0,0.4313936580312411,0.0,0.0,0.23092156796091498,0.0,0.0,0.0,0.0,0.0,0.0,0.0,0.0,0.0,0.0,0.0,0.0,0.0,0.0,0.0
cf10cad3b15bac59bdf48a71791d3affd9f13606e8bcc7311756a1309f866e9a,0.0,0.0,0.0,0.0,0.0,0.0,0.3053290310712688,0.0,0.0,0.0,0.0,0.0,0.11462334858449567,0.0,0.0,0.0,0.29615127878280734,0.22460971207935287,0.0,0.0,0.0,0.0,0.0,0.0,0.0,0.3025983972925166,0.0,0.0,0.0,0.0,0.0,0.0,0.0,0.0,0.0,0.0,0.0,0.0,0.0,0.0,0.0,0.0,0.0,0.0,0.0,0.0,0.0,0.0,0.0,0.27942676219766094,0.0,0.0,0.0,0.0,0.0,0.0,0.0,0.0,0.0,0.0,0.16627006800268362,0.3039521431457224,0.0,0.0,0.0,0.0,0.0,0.0,0.0,0.0,0.0,0.0,0.0,0.0,0.0,0.10897088311364272,0.0,0.0,0.0,0.0,0.0,0.0,0.0,0.0,0.0,0.0,0.0,0.0,0.23909132475751807,0.0,0.0,0.0,0.0,0.0,0.0,0.0,0.0,0.0,0.0,0.14030605440989466,0.0,0.0,0.15392447348469493,0.0,0.0,0.0,0.0,0.0,0.0,0.0,0.0,0.0,0.0,0.0,0.23042210719235173,0.2622629598523737,0.14322206452416134,0.1324666473470206,0.145863153010503,0.12928259711109266,0.15413671598491416,0.0,0.0,0.0,0.0,0.0,0.0,0.0,0.0,0.0,0.0,0.0,0.2937103046409601,0.0,0.0,0.0,0.0,0.0,0.0,0.0,0.0,0.0,0.0,0.17709610857955055,0.0,0.1186247996068241,0.0,0.0,0.0,0.0,0.0,0.0,0.0,0.0,0.0,0.0,0.0,0.0,0.0,0.0,0.0
07667fb2483b4727216ad7f7ce6413f32bea9530ad405fc7a415812ef6f3449a,0.0,0.0,0.0,0.0,0.0,0.0,0.0,0.0,0.0,0.0,0.0,0.0,0.36754633830024885,0.0,0.0,0.0,0.0,0.0,0.0,0.0,0.0,0.0,0.0,0.0,0.0,0.0,0.0,0.0,0.0,0.0,0.0,0.0,0.0,0.0,0.0,0.0,0.0,0.0,0.0,0.0,0.0,0.0,0.0,0.0,0.0,0.0,0.0,0.0,0.0,0.0,0.0,0.0,0.0,0.0,0.0,0.0,0.0,0.0,0.0,0.0,0.0,0.0,0.0,0.0,0.0,0.0,0.0,0.0,0.0,0.0,0.0,0.0,0.0,0.0,0.0,0.0,0.0,0.0,0.0,0.0,0.0,0.0,0.0,0.0,0.0,0.0,0.0,0.0,0.0,0.0,0.0,0.0,0.0,0.0,0.0,0.0,0.0,0.0,0.0,0.0,0.0,0.0,0.4935676483259345,0.0,0.0,0.0,0.0,0.0,0.0,0.0,0.0,0.0,0.0,0.0,0.0,0.0,0.0,0.0,0.0,0.41455205907809073,0.0,0.0,0.0,0.0,0.0,0.0,0.0,0.0,0.0,0.0,0.0,0.0,0.0,0.0,0.0,0.0,0.0,0.0,0.0,0.0,0.0,0.0,0.0,0.0,0.0,0.3803772203963206,0.0,0.0,0.0,0.0,0.0,0.0,0.0,0.0,0.5520511083638633,0.0,0.0,0.0,0.0,0.0,0.0
7767d8ab0cab91977e3ba3fb74784b15699c62acd71f0e3cf80d7528c6b837d4,0.0,0.0,0.0,0.0,0.0,0.0,0.0,0.0,0.0,0.0,0.232728919190369,0.0,0.15159196290722052,0.0,0.0,0.0,0.0,0.0,0.0,0.0,0.0,0.22154237437250826,0.0,0.0,0.0,0.0,0.0,0.0,0.0,0.0,0.0,0.0,0.0,0.0,0.0,0.0,0.0,0.0,0.0,0.0,0.0,0.0,0.0,0.26276136912664494,0.0,0.0,0.0,0.0,0.37361966501575755,0.3695481932210986,0.0,0.0,0.0,0.0,0.0,0.0,0.0,0.0,0.0,0.0,0.0,0.0,0.0,0.0,0.0,0.0,0.0,0.0,0.0,0.0,0.0,0.0,0.0,0.0,0.0,0.14411644987629355,0.30767720817456495,0.24522956047908825,0.0,0.13185533118153783,0.0,0.0,0.0,0.0,0.0,0.0,0.0,0.0,0.0,0.0,0.0,0.0,0.0,0.0,0.0,0.0,0.0,0.0,0.0,0.18555792042739333,0.0,0.0,0.0,0.0,0.0,0.0,0.0,0.0,0.0,0.0,0.0,0.0,0.0,0.0,0.0,0.0,0.18941440955057698,0.0,0.0,0.1709791496046453,0.0,0.0,0.0,0.0,0.2395792425656224,0.0,0.0,0.0,0.0,0.0,0.0,0.0,0.0,0.2176328024638434,0.0,0.0,0.0,0.0,0.0,0.0,0.0,0.0,0.0,0.2342135965694135,0.0,0.15688397210467228,0.0,0.0,0.0,0.0,0.0,0.0,0.0,0.0,0.22768968813293186,0.0,0.0,0.0,0.0,0.0,0.0
0dba4ae0e70438be2e61de3aa90147b489dd87912930fde95e6255e83efbc4c8,0.0,0.0,0.0,0.0,0.0,0.0,0.0,0.0,0.0,0.0,0.0,0.0,0.20809600568972428,0.0,0.0,0.0,0.0,0.0,0.0,0.0,0.0,0.0,0.0,0.0,0.0,0.0,0.43742644446509255,0.0,0.0,0.0,0.0,0.0,0.0,0.0,0.0,0.0,0.0,0.0,0.0,0.0,0.0,0.0,0.0,0.0,0.40411774947088536,0.0,0.0,0.0,0.0,0.0,0.0,0.0,0.0,0.0,0.0,0.0,0.0,0.0,0.4023235018690938,0.0,0.0,0.0,0.0,0.0,0.0,0.0,0.0,0.0,0.0,0.0,0.0,0.0,0.0,0.0,0.0,0.0,0.0,0.3366358679844909,0.0,0.18100278683354154,0.0,0.0,0.0,0.0,0.0,0.0,0.0,0.0,0.0,0.0,0.0,0.0,0.0,0.0,0.0,0.0,0.0,0.0,0.0,0.0,0.0,0.0,0.0,0.0,0.0,0.0,0.0,0.0,0.0,0.0,0.0,0.0,0.0,0.0,0.0,0.0,0.0,0.0,0.0,0.23470952817418633,0.0,0.0,0.0,0.0,0.0,0.0,0.0,0.0,0.0,0.0,0.0,0.0,0.0,0.29875275727846284,0.0,0.0,0.0,0.0,0.0,0.0,0.0,0.0,0.0,0.32151383879202977,0.0,0.21536054633517387,0.0,0.0,0.0,0.0,0.0,0.0,0.0,0.0,0.0,0.0,0.0,0.0,0.0,0.0,0.0
9474ca0fa771bd4dd2202e312ada0090f6890635b9039b5be855cc7cb8eab6ee,0.0,0.0,0.0,0.0,0.0,0.6477884881216579,0.0,0.0,0.0,0.0,0.0,0.0,0.0,0.0,0.0,0.0,0.0,0.0,0.0,0.0,0.0,0.0,0.0,0.0,0.0,0.0,0.0,0.0,0.0,0.0,0.0,0.0,0.0,0.0,0.0,0.0,0.0,0.0,0.0,0.0,0.0,0.0,0.0,0.0,0.0,0.0,0.0,0.0,0.0,0.0,0.0,0.0,0.0,0.0,0.0,0.0,0.0,0.0,0.0,0.0,0.0,0.0,0.0,0.0,0.0,0.0,0.0,0.0,0.0,0.0,0.0,0.0,0.0,0.0,0.0,0.22134734412777968,0.0,0.0,0.0,0.2025155864661855,0.0,0.0,0.0,0.0,0.0,0.0,0.0,0.0,0.48565477517400635,0.0,0.0,0.0,0.0,0.0,0.0,0.0,0.0,0.0,0.0,0.0,0.0,0.0,0.3126594226695639,0.0,0.0,0.0,0.0,0.0,0.0,0.0,0.0,0.0,0.0,0.0,0.0,0.0,0.0,0.0,0.29628484786443526,0.2626055575106142,0.0,0.0,0.0,0.0,0.0,0.0,0.0,0.0,0.0,0.0,0.0,0.0,0.0,0.0,0.0,0.0,0.0,0.0,0.0,0.0,0.0,0.0,0.0,0.0,0.0,0.0,0.0,0.0,0.0,0.0,0.0,0.0,0.0,0.0,0.0,0.0,0.0,0.0,0.0,0.0,0.0
10431b996eebfb109db1ffbf5f789d750cae0942f011591275f086e4cc946498,0.0,0.0,0.0,0.0,0.0,0.0,0.0,0.0,0.0,0.0,0.21463722655474896,0.0,0.13980762940673117,0.0,0.0,0.0,0.0,0.0,0.0,0.0,0.0,0.2043202923173154,0.0,0.0,0.0,0.0,0.0,0.0,0.0,0.0,0.0,0.0,0.0,0.0,0.0,0.0,0.0,0.0,0.0,0.0,0.0,0.0,0.0,0.242335038169187,0.0,0.0,0.0,0.0,0.344575521444759,0.34082055443403414,0.0,0.0,0.0,0.0,0.0,0.0,0.0,0.0,0.0,0.0,0.0,0.0,0.0,0.0,0.0,0.0,0.0,0.0,0.0,0.0,0.0,0.0,0.0,0.0,0.0,0.1329132417663212,0.28375924602080843,0.22616610309360208,0.0,0.12160526800759693,0.0,0.0,0.0,0.0,0.0,0.0,0.0,0.0,0.2916228825876835,0.0,0.0,0.0,0.0,0.0,0.0,0.0,0.0,0.0,0.0,0.1711331687714497,0.0,0.0,0.0,0.0,0.31889826018914674,0.0,0.0,0.0,0.0,0.0,0.0,0.0,0.0,0.0,0.0,0.0,0.17468986525987198,0.0,0.17791123616631213,0.0,0.0,0.0,0.0,0.0,0.22095502502767897,0.0,0.0,0.0,0.0,0.0,0.0,0.0,0.0,0.20071463955008978,0.0,0.0,0.0,0.0,0.0,0.0,0.0,0.0,0.0,0.21600648928357222,0.0,0.14468825267003155,0.0,0.0,0.0,0.0,0.0,0.0,0.0,0.0,0.0,0.0,0.0,0.0,0.0,0.0,0.0
a196c6b8ffcb97ffb276d04f354696e2391311db3841ae16c8c9f56f36a38e92,0.0,0.0,0.0,0.0,0.0,0.5992965929751669,0.0,0.0,0.0,0.0,0.0,0.0,0.21539991096810776,0.0,0.0,0.0,0.0,0.0,0.0,0.0,0.0,0.0,0.0,0.0,0.0,0.0,0.0,0.0,0.0,0.0,0.0,0.0,0.0,0.0,0.0,0.0,0.0,0.0,0.0,0.0,0.0,0.0,0.0,0.0,0.0,0.0,0.0,0.0,0.0,0.0,0.0,0.0,0.0,0.0,0.0,0.0,0.0,0.0,0.0,0.0,0.0,0.0,0.0,0.0,0.0,0.0,0.0,0.0,0.0,0.0,0.0,0.0,0.0,0.0,0.0,0.0,0.0,0.0,0.0,0.18735575456962963,0.0,0.0,0.0,0.0,0.0,0.0,0.0,0.0,0.0,0.0,0.0,0.0,0.0,0.0,0.0,0.0,0.0,0.0,0.0,0.0,0.0,0.0,0.0,0.0,0.0,0.0,0.0,0.0,0.7073335767719182,0.0,0.0,0.0,0.0,0.0,0.0,0.0,0.0,0.0,0.0,0.24294753426198407,0.0,0.0,0.0,0.0,0.0,0.0,0.0,0.0,0.0,0.0,0.0,0.0,0.0,0.0,0.0,0.0,0.0,0.0,0.0,0.0,0.0,0.0,0.0,0.0,0.0,0.0,0.0,0.0,0.0,0.0,0.0,0.0,0.0,0.0,0.0,0.0,0.0,0.0,0.0,0.0,0.0
a93e5e46ea9844c1b2ea5f332af28b77dc90a6c6b2bfeb8600adb167531413e0,0.0,0.0,0.0,0.0,0.0,0.0,0.0,0.0,0.0,0.0,0.23785173411175228,0.0,0.15492879604443655,0.0,0.0,0.0,0.0,0.0,0.0,0.0,0.0,0.2264189517445959,0.0,0.0,0.0,0.0,0.3256667621963963,0.0,0.0,0.0,0.0,0.0,0.0,0.0,0.0,0.0,0.0,0.0,0.0,0.0,0.0,0.0,0.0,0.0,0.3008682275192904,0.0,0.0,0.32316392381475145,0.0,0.0,0.0,0.0,0.0,0.0,0.0,0.0,0.0,0.0,0.2995323988000902,0.0,0.0,0.0,0.0,0.0,0.0,0.0,0.0,0.0,0.0,0.0,0.0,0.0,0.0,0.0,0.0,0.14728873247190494,0.0,0.0,0.0,0.1347577227725381,0.0,0.0,0.0,0.0,0.0,0.0,0.0,0.0,0.0,0.0,0.0,0.0,0.0,0.0,0.0,0.0,0.0,0.0,0.0,0.0,0.0,0.0,0.0,0.0,0.35338932303927073,0.0,0.0,0.0,0.0,0.0,0.0,0.0,0.0,0.0,0.0,0.0,0.0,0.0,0.0,0.17474273232520798,0.0,0.0,0.0,0.0,0.2448528463916469,0.0,0.0,0.0,0.0,0.0,0.0,0.0,0.0,0.2224233225750646,0.0,0.0,0.0,0.0,0.0,0.0,0.0,0.0,0.2995323988000902,0.23936909211964716,0.0,0.1603372926289097,0.0,0.0,0.0,0.0,0.0,0.0,0.0,0.0,0.0,0.0,0.0,0.0,0.0,0.0,0.0
5c07770e22f6b69b150d3b43f2ef2145020f73738d3ba4610932189a0b62927e,0.0,0.0,0.0,0.0,0.0,0.0,0.0,0.0,0.0,0.0,0.0,0.0,0.0,0.0,0.0,0.0,0.0,0.0,0.0,0.4983840455327141,0.43278016943585706,0.0,0.0,0.0,0.0,0.0,0.0,0.0,0.0,0.0,0.0,0.0,0.0,0.0,0.2506519429449869,0.0,0.0,0.0,0.0,0.0,0.0,0.0,0.0,0.0,0.0,0.0,0.0,0.0,0.0,0.0,0.0,0.0,0.0,0.0,0.0,0.0,0.0,0.0,0.0,0.0,0.0,0.0,0.0,0.0,0.0,0.0,0.0,0.0,0.0,0.0,0.0,0.0,0.0,0.0,0.0,0.14555703101473685,0.0,0.0,0.0,0.13317335076407935,0.0,0.0,0.0,0.0,0.0,0.0,0.0,0.0,0.0,0.0,0.0,0.0,0.0,0.0,0.0,0.0,0.0,0.0,0.0,0.1874127485229086,0.0,0.0,0.20560344856133214,0.5687391343419496,0.0,0.0,0.0,0.0,0.0,0.0,0.0,0.0,0.0,0.0,0.0,0.0,0.19130778692687345,0.0,0.0,0.0,0.0,0.0,0.0,0.0,0.0,0.0,0.0,0.0,0.0,0.0,0.0,0.0,0.0,0.0,0.0,0.0,0.0,0.0,0.0,0.0,0.0,0.0,0.0,0.0,0.0,0.15845217678451318,0.0,0.0,0.0,0.0,0.0,0.0,0.0,0.0,0.0,0.0,0.0,0.0,0.0,0.0,0.0
f45daafd61371b1f080a92eea8e9c8bfc9b710f22c82d5a06a1b1bf271c646ad,0.0,0.0,0.0,0.0,0.0,0.0,0.0,0.0,0.0,0.0,0.3804286890926455,0.0,0.24779873479583195,0.0,0.0,0.0,0.0,0.0,0.0,0.0,0.0,0.3621426823714361,0.0,0.0,0.0,0.0,0.0,0.0,0.0,0.0,0.0,0.0,0.0,0.0,0.0,0.0,0.0,0.0,0.0,0.0,0.0,0.0,0.0,0.0,0.0,0.0,0.0,0.0,0.0,0.0,0.0,0.0,0.0,0.0,0.0,0.0,0.0,0.0,0.0,0.0,0.0,0.0,0.0,0.0,0.47908298100847646,0.0,0.0,0.0,0.0,0.0,0.0,0.0,0.0,0.0,0.0,0.2355789400554788,0.0,0.0,0.0,0.2155363887125588,0.0,0.0,0.0,0.0,0.0,0.0,0.0,0.0,0.0,0.0,0.0,0.0,0.0,0.0,0.0,0.0,0.0,0.0,0.0,0.0,0.0,0.0,0.0,0.0,0.0,0.0,0.0,0.0,0.0,0.0,0.0,0.0,0.0,0.0,0.0,0.0,0.30962493089069215,0.286373308934,0.0,0.0,0.0,0.0,0.0,0.0,0.39162652196435943,0.0,0.0,0.0,0.0,0.0,0.0,0.0,0.0,0.0,0.0,0.0,0.0,0.0,0.0,0.0,0.0,0.0,0.0,0.0,0.0,0.0,0.0,0.0,0.0,0.0,0.0,0.0,0.0,0.0,0.0,0.0,0.0,0.0,0.0,0.0,0.0
a89bc5bfb93026e56434c1354508dfa0a66821d35f522429582067fc7f9200cc,0.0,0.22947959882395785,0.0,0.0,0.0,0.0,0.0,0.0,0.0,0.0,0.16453248449714822,0.0,0.1071710485043867,0.0,0.0,0.0,0.0,0.0,0.0,0.0,0.0,0.15662392711534823,0.0,0.0,0.0,0.0,0.0,0.0,0.0,0.0,0.0,0.0,0.0,0.0,0.0,0.0,0.0,0.0,0.0,0.0,0.0,0.0,0.0,0.18576454117812208,0.0,0.0,0.0,0.0,0.0,0.0,0.0,0.0,0.0,0.0,0.0,0.0,0.0,0.0,0.0,0.0,0.0,0.0,0.0,0.0,0.0,0.0,0.0,0.0,0.0,0.0,0.0,0.0,0.0,0.0,0.0,0.10188608118640964,0.21751871516534066,0.1733700693413343,0.0,0.09321783175449258,0.0,0.0,0.0,0.0,0.0,0.0,0.0,0.0,0.0,0.0,0.4700612294206263,0.4700612294206263,0.0,0.0,0.0,0.0,0.0,0.0,0.0,0.131183979078551,0.0,0.0,0.0,0.0,0.24445490604284653,0.0,0.0,0.0,0.0,0.0,0.0,0.0,0.0,0.0,0.0,0.0,0.13391040319069417,0.0,0.1363797798558284,0.12087721792172555,0.0,0.0,0.0,0.0,0.16937546116055713,0.0,0.19454837785539614,0.0,0.0,0.0,0.0,0.0,0.0,0.15385997503886945,0.0,0.0,0.0,0.0,0.0,0.0,0.0,0.0,0.0,0.0,0.0,0.1109123429866864,0.0,0.0,0.0,0.0,0.0,0.0,0.0,0.0,0.0,0.0,0.0,0.28419052730840116,0.0,0.0,0.0
d3bf17ac4db4f367cfed8f40f92670066ca97e98d210b043e4d3b89a4971bbdf,0.0,0.40293581863093125,0.0,0.0,0.0,0.0,0.0,0.0,0.0,0.0,0.0,0.0,0.0,0.0,0.0,0.0,0.0,0.0,0.0,0.0,0.0,0.0,0.0,0.0,0.0,0.0,0.0,0.0,0.0,0.0,0.0,0.0,0.0,0.0,0.30806654552317314,0.6635417606772932,0.0,0.0,0.0,0.0,0.0,0.0,0.0,0.0,0.0,0.0,0.0,0.0,0.0,0.0,0.0,0.0,0.0,0.0,0.0,0.0,0.0,0.0,0.0,0.0,0.0,0.0,0.0,0.0,0.0,0.0,0.0,0.0,0.0,0.0,0.0,0.0,0.0,0.0,0.0,0.0,0.0,0.0,0.0,0.0,0.0,0.0,0.0,0.0,0.0,0.0,0.0,0.0,0.0,0.0,0.0,0.0,0.0,0.0,0.0,0.0,0.0,0.0,0.0,0.0,0.0,0.0,0.0,0.0,0.0,0.0,0.0,0.0,0.0,0.0,0.0,0.0,0.0,0.0,0.0,0.0,0.0,0.2174716882809246,0.0,0.0,0.0,0.0,0.41306926495974955,0.0,0.0,0.0,0.0,0.0,0.0,0.0,0.0,0.0,0.0,0.0,0.0,0.0,0.0,0.0,0.0,0.0,0.0,0.0,0.0,0.29074027683273307,0.0,0.0,0.0,0.0,0.0,0.0,0.0,0.0,0.0,0.0,0.0,0.0,0.0,0.0,0.0,0.0,0.0
ce5992b8a0d71c99e3891eefde306c2cd686d826f25b5b99ef2695ca67a94aaa,0.0,0.0,0.0,0.0,0.0,0.0,0.0,0.0,0.0,0.0,0.18533147937355982,0.0,0.1207188296343862,0.0,0.0,0.0,0.0,0.0,0.0,0.0,0.0,0.17642317993494602,0.0,0.0,0.0,0.0,0.0,0.0,0.0,0.0,0.0,0.0,0.0,0.0,0.1976288220152805,0.0,0.0,0.0,0.0,0.0,0.0,0.0,0.0,0.0,0.0,0.0,0.0,0.2518058079518243,0.0,0.0,0.0,0.0,0.0,0.0,0.0,0.0,0.0,0.0,0.2333923811707409,0.0,0.0,0.0,0.0,0.0,0.0,0.0,0.0,0.0,0.0,0.0,0.0,0.0,0.0,0.0,0.0,0.11476577535167048,0.0,0.0,0.0,0.1050017491430706,0.0,0.0,0.0,0.0,0.0,0.0,0.0,0.0,0.0,0.0,0.0,0.0,0.0,0.0,0.0,0.0,0.607211224170368,0.0,0.0,0.0,0.0,0.0,0.16210992368159524,0.0,0.0,0.0,0.0,0.0,0.0,0.0,0.0,0.0,0.0,0.0,0.0,0.0,0.0,0.0,0.1536199154505515,0.0,0.1623334528887031,0.0,0.0,0.0,0.1907866697716405,0.0,0.0,0.0,0.33587007061738716,0.0,0.0,0.0,0.0,0.0,0.0,0.0,0.0,0.38036510622032293,0.0,0.0,0.0,0.0,0.0,0.0,0.0,0.0,0.0,0.0,0.0,0.0,0.0,0.0,0.0,0.0,0.0,0.0,0.0,0.0,0.0,0.0,0.0
a44d262ed7c8085b22ad15653bd2a7d3ecc966c3e7c54252de5670ce64027847,0.0,0.0,0.0,0.0,0.0,0.0,0.0,0.0,0.0,0.0,0.1974106850031512,0.0,0.12858682686532716,0.0,0.0,0.0,0.0,0.0,0.0,0.0,0.0,0.18792177626333986,0.0,0.0,0.0,0.0,0.2702948492178866,0.0,0.0,0.0,0.0,0.0,0.0,0.0,0.0,0.0,0.0,0.0,0.0,0.0,0.0,0.0,0.0,0.22288550151872769,0.24971271751317603,0.0,0.0,0.0,0.0,0.0,0.0,0.0,0.0,0.0,0.0,0.0,0.0,0.0,0.24860401480184627,0.0,0.0,0.0,0.0,0.0,0.24860401480184627,0.0,0.0,0.21050952197799316,0.0,0.0,0.0,0.0,0.0,0.0,0.0,0.12224577499554151,0.26098504920187665,0.20801426692313663,0.0,0.11184536644787514,0.0,0.0,0.0,0.0,0.0,0.0,0.0,0.0,0.0,0.0,0.0,0.0,0.0,0.0,0.0,0.0,0.0,0.0,0.0,0.1573982137964049,0.0,0.0,0.0,0.0,0.0,0.0,0.0,0.0,0.0,0.0,0.0,0.0,0.0,0.0,0.0,0.0,0.16066945383895476,0.1486038059277714,0.0,0.14503187297105832,0.0,0.0,0.0,0.0,0.2032214241012677,0.0,0.23342459488206,0.0,0.0,0.0,0.0,0.0,0.0,0.18460550911766857,0.0,0.0,0.0,0.0,0.0,0.0,0.0,0.0,0.0,0.19867005225078627,0.0,0.13307573681406187,0.0,0.0,0.0,0.0,0.0,0.36956340925786046,0.0,0.0,0.0,0.0,0.0,0.0,0.0,0.0,0.0
a41f46ef947c9ff3b1e5625e6cf5799e776a55e48f54f7fffe19e08e826de99a,0.0,0.0,0.0,0.0,0.0,0.0,0.0,0.0,0.3702652606316828,0.0,0.1251281936819343,0.0,0.08150438957594,0.0,0.0,0.0,0.0,0.15971159193940626,0.0,0.0,0.0,0.11911367622759106,0.0,0.0,0.0,0.0,0.0,0.0,0.0,0.0,0.0,0.0,0.0,0.0,0.0,0.0,0.0,0.0,0.33821424856176996,0.0,0.0,0.0,0.0,0.14127533270291442,0.0,0.0,0.0,0.170008926784226,0.0,0.0,0.0,0.0,0.0,0.0,0.0,0.22794659353547791,0.0,0.0,0.0,0.0,0.0,0.0,0.0,0.0,0.15757693821758093,0.0,0.0,0.13343085374296365,0.0,0.0,0.0,0.0,0.0,0.0,0.0,0.0774851321254273,0.0,0.0,0.0,0.0708928631451395,0.0,0.0,0.0,0.0,0.0,0.0,0.0,0.0,0.0,0.0,0.0,0.0,0.0,0.0,0.0,0.0,0.0,0.0,0.0,0.09976640413761127,0.0,0.0,0.0,0.0,0.0,0.0,0.13031013856326812,0.3470429581983516,0.0,0.0,0.0,0.0,0.0,0.0,0.0,0.0,0.1018398702097124,0.0941920940586673,0.10371784976233941,0.09192803464962698,0.10960087192296307,0.0,0.0,0.0,0.0,0.0,0.14795550665387347,0.3574851053703729,0.0,0.0,0.0,0.0,0.0,0.11701166985596043,0.0,0.0,0.0,0.0,0.0,0.0,0.0,0.0,0.0,0.0,0.0,0.0843496722083217,0.17452096329460387,0.18884753063619567,0.0,0.0,0.0,0.0,0.0,0.0,0.12241881883519587,0.0,0.2873955153777665,0.0,0.0,0.0,0.0
a8a25ee71c0e8e4a06cd1573271672b871f78eba5f41803ffda6f14006c81803,0.0,0.0,0.0,0.0,0.0,0.0,0.0,0.0,0.0,0.0,0.0,0.0,0.1802459598168808,0.0,0.0,0.0,0.0,0.0,0.0,0.0,0.0,0.26341843685554295,0.0,0.0,0.0,0.0,0.37888449165840676,0.0,0.0,0.0,0.0,0.0,0.0,0.0,0.0,0.0,0.0,0.0,0.0,0.0,0.0,0.0,0.33050900525474863,0.0,0.3500335885400147,0.0,0.0,0.0,0.0,0.0,0.0,0.0,0.0,0.0,0.0,0.0,0.0,0.0,0.34847946990106177,0.0,0.0,0.0,0.0,0.0,0.0,0.0,0.0,0.0,0.0,0.0,0.0,0.0,0.0,0.0,0.0,0.17135742116653221,0.0,0.0,0.0,0.1567786990154275,0.0,0.0,0.0,0.0,0.0,0.0,0.0,0.0,0.0,0.0,0.0,0.0,0.0,0.0,0.0,0.0,0.0,0.0,0.0,0.22063218146683697,0.0,0.0,0.24204723387665567,0.0,0.0,0.0,0.0,0.0,0.0,0.0,0.0,0.0,0.0,0.0,0.0,0.0,0.22521762630309805,0.0,0.0,0.2032977232970141,0.0,0.0,0.0,0.0,0.2848646438787227,0.0,0.0,0.0,0.0,0.0,0.0,0.0,0.0,0.25876987549624647,0.0,0.0,0.0,0.0,0.0,0.0,0.0,0.0,0.0,0.0,0.0,0.0,0.0,0.0,0.0,0.0,0.0,0.0,0.0,0.0,0.0,0.0,0.0,0.0,0.0,0.0,0.0
15aa23d4511135cccf62cd2c637a7a04dc968ed39ffd2683850a3a708c8d4c3b,0.0,0.0,0.0,0.0,0.0,0.0,0.0,0.0,0.0,0.0,0.2844251701698671,0.0,0.1852652003724627,0.0,0.0,0.0,0.0,0.0,0.0,0.0,0.0,0.0,0.0,0.0,0.0,0.0,0.0,0.0,0.0,0.0,0.0,0.0,0.0,0.0,0.0,0.0,0.0,0.0,0.0,0.0,0.0,0.0,0.33971256357497404,0.32112875094298143,0.0,0.0,0.0,0.0,0.0,0.0,0.0,0.0,0.0,0.0,0.0,0.0,0.0,0.0,0.0,0.0,0.0,0.0,0.0,0.0,0.0,0.0,0.0,0.3032976994634933,0.0,0.0,0.0,0.0,0.0,0.0,0.0,0.17612914597352805,0.0,0.0,0.0,0.161144455702285,0.0,0.0,0.0,0.0,0.0,0.0,0.0,0.0,0.0,0.0,0.0,0.0,0.0,0.0,0.0,0.0,0.0,0.0,0.0,0.0,0.0,0.0,0.24878743095998773,0.0,0.0,0.0,0.0,0.0,0.0,0.0,0.0,0.0,0.0,0.0,0.0,0.0,0.23148917571769154,0.0,0.23575795510396816,0.20895887752574968,0.0,0.0,0.0,0.0,0.0,0.0,0.3363132553848462,0.0,0.0,0.0,0.0,0.0,0.0,0.2659757416081592,0.0,0.0,0.0,0.0,0.0,0.0,0.0,0.0,0.0,0.2862396400589172,0.0,0.19173272757863039,0.0,0.0,0.0,0.0,0.0,0.0,0.0,0.0,0.0,0.0,0.0,0.0,0.0,0.0,0.0
a0ff457b92f9248dd442a8759232c128de720e5caddd542ea338fa42f46941e5,0.0,0.0,0.0,0.0,0.0,0.0,0.0,0.0,0.0,0.0,0.0,0.0,0.33335211004652426,0.0,0.0,0.0,0.0,0.0,0.0,0.0,0.0,0.0,0.0,0.0,0.0,0.0,0.0,0.0,0.0,0.0,0.0,0.0,0.0,0.0,0.0,0.0,0.0,0.0,0.0,0.0,0.0,0.0,0.0,0.0,0.0,0.0,0.0,0.0,0.0,0.0,0.0,0.0,0.0,0.0,0.0,0.0,0.0,0.0,0.0,0.0,0.0,0.0,0.0,0.0,0.0,0.0,0.0,0.0,0.0,0.0,0.0,0.0,0.0,0.0,0.0,0.0,0.0,0.0,0.0,0.2899510767411225,0.0,0.0,0.0,0.0,0.0,0.0,0.0,0.0,0.6953347514794043,0.0,0.0,0.0,0.0,0.0,0.0,0.0,0.0,0.0,0.0,0.0,0.0,0.0,0.0,0.0,0.0,0.0,0.0,0.0,0.0,0.0,0.0,0.0,0.0,0.0,0.0,0.0,0.0,0.0,0.42420493236809187,0.37598471054532434,0.0,0.0,0.0,0.0,0.0,0.0,0.0,0.0,0.0,0.0,0.0,0.0,0.0,0.0,0.0,0.0,0.0,0.0,0.0,0.0,0.0,0.0,0.0,0.0,0.0,0.0,0.0,0.0,0.0,0.0,0.0,0.0,0.0,0.0,0.0,0.0,0.0,0.0,0.0,0.0,0.0
0340043481091d92dcfb2c498aad3c0afca2fd208ef896f65af790cc147f8891,0.0,0.0,0.0,0.0,0.0,0.0,0.0,0.0,0.0,0.0,0.0,0.0,0.23427142102327161,0.0,0.0,0.0,0.0,0.0,0.0,0.0,0.0,0.0,0.0,0.0,0.0,0.0,0.0,0.0,0.0,0.0,0.0,0.0,0.0,0.0,0.383525793854176,0.0,0.0,0.0,0.0,0.0,0.0,0.0,0.0,0.0,0.0,0.0,0.0,0.0,0.0,0.0,0.0,0.0,0.673304934538277,0.0,0.0,0.0,0.0,0.0,0.0,0.0,0.0,0.0,0.0,0.0,0.0,0.0,0.0,0.0,0.0,0.0,0.0,0.0,0.0,0.0,0.0,0.0,0.0,0.0,0.0,0.20377027391814076,0.0,0.0,0.0,0.0,0.0,0.0,0.0,0.0,0.0,0.0,0.0,0.0,0.0,0.0,0.0,0.0,0.0,0.0,0.0,0.0,0.0,0.0,0.0,0.0,0.0,0.0,0.0,0.0,0.0,0.0,0.0,0.0,0.0,0.0,0.0,0.0,0.29272252985375125,0.0,0.2981204837644012,0.26423253301196553,0.0,0.0,0.0,0.0,0.0,0.0,0.0,0.0,0.0,0.0,0.0,0.0,0.0,0.0,0.0,0.0,0.0,0.0,0.0,0.0,0.0,0.0,0.0,0.0,0.0,0.2424497339824753,0.0,0.0,0.0,0.0,0.0,0.0,0.0,0.0,0.0,0.0,0.0,0.0,0.0,0.0,0.0
79216574907e890b81ef15ab90f701219ffab5b9105d351f1c1908adaff5fe4b,0.0,0.0,0.0,0.0,0.0,0.0,0.0,0.0,0.0,0.0,0.0,0.0,0.19325744946215542,0.0,0.0,0.0,0.0,0.0,0.0,0.0,0.0,0.0,0.0,0.0,0.0,0.0,0.4062351831522796,0.0,0.0,0.0,0.0,0.0,0.0,0.0,0.0,0.0,0.0,0.0,0.0,0.0,0.0,0.0,0.3543675955050441,0.0,0.37530160795866785,0.0,0.0,0.0,0.0,0.0,0.0,0.0,0.0,0.0,0.0,0.0,0.0,0.0,0.373635301514791,0.0,0.0,0.0,0.0,0.0,0.0,0.0,0.0,0.0,0.0,0.0,0.0,0.0,0.0,0.0,0.0,0.18372727019623838,0.0,0.3126316097636375,0.0,0.16809614779991788,0.0,0.0,0.0,0.0,0.0,0.0,0.0,0.0,0.0,0.0,0.0,0.0,0.0,0.0,0.0,0.0,0.0,0.0,0.0,0.0,0.0,0.0,0.25951999765151684,0.0,0.0,0.0,0.0,0.0,0.0,0.0,0.0,0.0,0.0,0.0,0.0,0.0,0.0,0.0,0.0,0.2179732601261024,0.0,0.0,0.0,0.0,0.0,0.0,0.0,0.0,0.0,0.0,0.0,0.0,0.0,0.2774498035176516,0.0,0.0,0.0,0.0,0.0,0.0,0.0,0.0,0.0,0.0,0.0,0.200003982592383,0.0,0.0,0.0,0.0,0.0,0.0,0.0,0.0,0.0,0.0,0.0,0.0,0.0,0.0,0.0
1341251573c17f1c576e031d98e6d23eded09f655a754754d65cc72dada5bc57,0.0,0.0,0.0,0.0,0.0,0.0,0.0,0.0,0.0,0.0,0.2709374117781971,0.0,0.17647971820323077,0.0,0.0,0.0,0.0,0.0,0.0,0.0,0.0,0.25791430528057785,0.0,0.0,0.0,0.0,0.37096769540566277,0.0,0.0,0.0,0.0,0.0,0.0,0.0,0.0,0.0,0.0,0.0,0.0,0.0,0.0,0.0,0.0,0.0,0.3427196322734,0.0,0.0,0.0,0.0,0.0,0.0,0.0,0.0,0.0,0.0,0.0,0.0,0.0,0.3411979869630949,0.0,0.0,0.0,0.0,0.0,0.0,0.0,0.0,0.0,0.0,0.0,0.0,0.0,0.0,0.0,0.0,0.16777690568057732,0.0,0.0,0.0,0.15350280611349673,0.0,0.0,0.0,0.0,0.0,0.0,0.0,0.0,0.0,0.0,0.0,0.0,0.0,0.0,0.0,0.0,0.0,0.0,0.0,0.0,0.0,0.0,0.0,0.0,0.0,0.0,0.0,0.0,0.0,0.0,0.0,0.0,0.0,0.0,0.0,0.0,0.0,0.0,0.0,0.1990498147934371,0.0,0.0,0.0,0.0,0.2789123935363371,0.0,0.0,0.0,0.0,0.0,0.0,0.0,0.0,0.2533628756697698,0.0,0.0,0.0,0.0,0.0,0.0,0.0,0.0,0.3411979869630949,0.2726658374839639,0.0,0.1826405480650803,0.0,0.0,0.0,0.0,0.0,0.0,0.0,0.0,0.0,0.0,0.0,0.0,0.0,0.0,0.0
991423212ca8d7e80497bad3a159720b03de528a052cadd51e5641a0202aaf7f,0.0,0.0,0.0,0.0,0.0,0.0,0.0,0.0,0.0,0.0,0.0,0.0,0.0,0.0,0.0,0.0,0.0,0.0,0.0,0.0,0.0,0.0,0.0,0.0,0.0,0.0,0.4208996490643724,0.0,0.0,0.0,0.0,0.0,0.0,0.0,0.0,0.0,0.0,0.0,0.0,0.0,0.0,0.0,0.0,0.0,0.3888494193371827,0.0,0.0,0.0,0.0,0.0,0.0,0.0,0.0,0.0,0.0,0.0,0.0,0.0,0.3871229617910411,0.0,0.0,0.0,0.0,0.0,0.0,0.0,0.0,0.0,0.0,0.0,0.0,0.0,0.0,0.0,0.0,0.0,0.0,0.32391713050274845,0.0,0.17416416044775881,0.0,0.0,0.0,0.0,0.0,0.0,0.0,0.0,0.0,0.0,0.0,0.0,0.0,0.0,0.0,0.0,0.0,0.0,0.0,0.2450984661452509,0.0,0.0,0.0,0.0,0.0,0.0,0.0,0.0,0.0,0.0,0.0,0.0,0.0,0.0,0.0,0.0,0.0,0.0,0.0,0.22584175989036032,0.0,0.0,0.0,0.0,0.0,0.0,0.0,0.0,0.0,0.0,0.0,0.0,0.0,0.28746531510980317,0.0,0.0,0.0,0.0,0.0,0.0,0.0,0.0,0.3871229617910411,0.0,0.0,0.20722381904832426,0.0,0.0,0.0,0.0,0.0,0.0,0.0,0.0,0.0,0.0,0.0,0.0,0.0,0.0,0.0
883256088dded2fdc3a914d6e2cc68ff538a20dba921d7eab36fbc7bda213913,0.0,0.0,0.0,0.0,0.0,0.0,0.0,0.0,0.0,0.0,0.24472069845461622,0.0,0.1594030134794546,0.0,0.0,0.0,0.0,0.0,0.0,0.0,0.0,0.23295774664508437,0.0,0.0,0.0,0.0,0.3350717530220338,0.0,0.0,0.0,0.0,0.0,0.0,0.0,0.0,0.0,0.0,0.0,0.0,0.0,0.0,0.0,0.0,0.0,0.3095570568626984,0.0,0.0,0.0,0.0,0.0,0.0,0.0,0.0,0.0,0.0,0.0,0.0,0.0,0.3081826504981654,0.0,0.0,0.0,0.0,0.0,0.3081826504981654,0.0,0.0,0.0,0.0,0.0,0.0,0.0,0.0,0.0,0.0,0.1515423110940385,0.0,0.25786545793680005,0.0,0.13864941604148526,0.0,0.0,0.0,0.0,0.0,0.0,0.0,0.0,0.0,0.0,0.0,0.0,0.0,0.0,0.0,0.0,0.0,0.0,0.0,0.0,0.0,0.0,0.0,0.0,0.0,0.0,0.0,0.0,0.0,0.0,0.0,0.0,0.0,0.0,0.0,0.0,0.0,0.18421711661188933,0.0,0.17978916010089335,0.0,0.0,0.0,0.0,0.2519239971545114,0.0,0.28936544085803517,0.0,0.0,0.0,0.0,0.0,0.0,0.22884672695971214,0.0,0.0,0.0,0.0,0.0,0.0,0.0,0.0,0.0,0.24628187652583972,0.0,0.16496770303988392,0.0,0.0,0.0,0.0,0.0,0.0,0.0,0.0,0.0,0.0,0.0,0.0,0.0,0.0,0.0
ff107c629669e75b9222bcc03dd6287da864b356fff8c5bd832f333b8e420b25,0.0,0.0,0.0,0.0,0.0,0.4505836729542379,0.0,0.0,0.0,0.0,0.0,0.0,0.0,0.0,0.0,0.0,0.0,0.0,0.0,0.0,0.0,0.0,0.0,0.0,0.0,0.0,0.3404242207561562,0.0,0.0,0.0,0.0,0.0,0.0,0.0,0.0,0.0,0.0,0.0,0.0,0.0,0.0,0.0,0.0,0.0,0.3145019504378322,0.0,0.0,0.0,0.0,0.0,0.0,0.0,0.0,0.0,0.0,0.0,0.0,0.0,0.31310558917661396,0.0,0.0,0.0,0.0,0.0,0.0,0.0,0.0,0.0,0.0,0.0,0.0,0.0,0.0,0.0,0.0,0.1539630622411274,0.0,0.26198462504325754,0.0,0.1408642148689715,0.0,0.0,0.0,0.0,0.0,0.0,0.0,0.0,0.0,0.0,0.0,0.0,0.0,0.0,0.0,0.0,0.0,0.0,0.0,0.19823597983866514,0.0,0.0,0.21747720688692726,0.0,0.0,0.0,0.0,0.0,0.0,0.0,0.0,0.0,0.0,0.0,0.0,0.0,0.20235595972586487,0.0,0.2060875076347029,0.18266112907382467,0.0,0.0,0.0,0.0,0.0,0.0,0.29398779165780814,0.0,0.0,0.0,0.0,0.0,0.0,0.23250234612505197,0.0,0.0,0.0,0.0,0.0,0.0,0.0,0.0,0.0,0.0,0.0,0.1676029126620904,0.0,0.0,0.0,0.0,0.0,0.0,0.0,0.0,0.0,0.0,0.0,0.0,0.0,0.0,0.0
2946528b4254f25d435788aa8d8f565624898943dc6861aad8f732dcbb4f1051,0.0,0.0,0.0,0.0,0.0,0.0,0.0,0.0,0.0,0.0,0.21174554116601732,0.0,0.13792408065948936,0.0,0.0,0.0,0.0,0.0,0.0,0.0,0.0,0.20156760112110925,0.0,0.0,0.0,0.0,0.0,0.0,0.0,0.0,0.0,0.0,0.0,0.0,0.0,0.0,0.0,0.0,0.0,0.0,0.0,0.0,0.0,0.23907019590347306,0.0,0.0,0.0,0.0,0.0,0.0,0.0,0.0,0.0,0.0,0.0,0.0,0.0,0.0,0.0,0.0,0.0,0.0,0.0,0.0,0.0,0.0,0.0,0.0,0.0,0.0,0.0,0.0,0.48079922541791636,0.0,0.0,0.13112257718611803,0.2799363189414438,0.22311909570238736,0.0,0.11996694933224511,0.0,0.0,0.0,0.0,0.0,0.0,0.0,0.0,0.28769401320125615,0.0,0.0,0.0,0.0,0.0,0.0,0.0,0.0,0.0,0.0,0.16882758883265228,0.0,0.0,0.0,0.0,0.31460192513915164,0.0,0.0,0.0,0.0,0.0,0.0,0.0,0.0,0.0,0.0,0.0,0.17233636797032972,0.0,0.17551433917704692,0.15556327373104256,0.0,0.0,0.0,0.0,0.21797822353012328,0.0,0.0,0.0,0.0,0.0,0.0,0.0,0.0,0.19801052526475407,0.0,0.0,0.0,0.0,0.0,0.0,0.0,0.0,0.0,0.21309635659615977,0.0,0.14273895005891007,0.0,0.0,0.0,0.0,0.0,0.0,0.0,0.0,0.0,0.0,0.0,0.0,0.0,0.0,0.0
912643ee34a00adf2160b1e50272bb04cec2139a89f8dbb1eae7704a54abe01a,0.0,0.0,0.0,0.0,0.0,0.0,0.0,0.0,0.0,0.0,0.0,0.0,0.0,0.0,0.0,0.0,0.0,0.0,0.0,0.0,0.0,0.0,0.0,0.0,0.0,0.0,0.0,0.0,0.0,0.0,0.0,0.0,0.0,0.0,0.7731636414738425,0.0,0.0,0.0,0.0,0.0,0.0,0.0,0.0,0.0,0.0,0.0,0.0,0.0,0.0,0.0,0.0,0.0,0.0,0.0,0.0,0.0,0.0,0.0,0.0,0.0,0.0,0.0,0.0,0.0,0.0,0.0,0.0,0.0,0.0,0.0,0.0,0.0,0.0,0.0,0.0,0.0,0.0,0.0,0.0,0.0,0.0,0.0,0.0,0.0,0.0,0.0,0.0,0.0,0.0,0.0,0.0,0.0,0.0,0.0,0.0,0.0,0.0,0.0,0.0,0.0,0.0,0.0,0.6342065779404275,0.0,0.0,0.0,0.0,0.0,0.0,0.0,0.0,0.0,0.0,0.0,0.0,0.0,0.0,0.0,0.0,0.0,0.0,0.0,0.0,0.0,0.0,0.0,0.0,0.0,0.0,0.0,0.0,0.0,0.0,0.0,0.0,0.0,0.0,0.0,0.0,0.0,0.0,0.0,0.0,0.0,0.0,0.0,0.0,0.0,0.0,0.0,0.0,0.0,0.0,0.0,0.0,0.0,0.0,0.0,0.0,0.0,0.0
0f54e0f3c3408647bf9844f9d97b64dbc62278091280b3d7bf1db5bdde3fc436,0.0,0.0,0.0,0.0,0.0,0.0,0.0,0.0,0.0,0.0,0.0,0.0,0.0,0.0,0.0,0.0,0.0,0.0,0.0,0.0,0.0,0.0,0.0,0.0,0.0,0.0,0.0,0.0,0.0,0.0,0.0,0.0,0.0,0.0,0.7731636414738425,0.0,0.0,0.0,0.0,0.0,0.0,0.0,0.0,0.0,0.0,0.0,0.0,0.0,0.0,0.0,0.0,0.0,0.0,0.0,0.0,0.0,0.0,0.0,0.0,0.0,0.0,0.0,0.0,0.0,0.0,0.0,0.0,0.0,0.0,0.0,0.0,0.0,0.0,0.0,0.0,0.0,0.0,0.0,0.0,0.0,0.0,0.0,0.0,0.0,0.0,0.0,0.0,0.0,0.0,0.0,0.0,0.0,0.0,0.0,0.0,0.0,0.0,0.0,0.0,0.0,0.0,0.0,0.6342065779404275,0.0,0.0,0.0,0.0,0.0,0.0,0.0,0.0,0.0,0.0,0.0,0.0,0.0,0.0,0.0,0.0,0.0,0.0,0.0,0.0,0.0,0.0,0.0,0.0,0.0,0.0,0.0,0.0,0.0,0.0,0.0,0.0,0.0,0.0,0.0,0.0,0.0,0.0,0.0,0.0,0.0,0.0,0.0,0.0,0.0,0.0,0.0,0.0,0.0,0.0,0.0,0.0,0.0,0.0,0.0,0.0,0.0,0.0
784560f38065089f1c61869f7ebdc58b0115d500e5113e6c09d1b4d885ccb340,0.0,0.0,0.0,0.0,0.0,0.0,0.0,0.0,0.0,0.0,0.0,0.0,0.0,0.0,0.0,0.0,0.0,0.0,0.0,0.0,0.0,0.0,0.0,0.0,0.0,0.0,0.43011903755505027,0.0,0.0,0.0,0.0,0.0,0.0,0.0,0.3349829020099448,0.0,0.0,0.0,0.0,0.0,0.0,0.0,0.0,0.0,0.3973667793996419,0.0,0.0,0.0,0.0,0.0,0.0,0.0,0.0,0.0,0.0,0.0,0.0,0.0,0.39560250551683684,0.0,0.0,0.0,0.0,0.0,0.0,0.0,0.0,0.0,0.0,0.0,0.0,0.0,0.0,0.0,0.0,0.0,0.0,0.3310122133129356,0.0,0.17797905328478056,0.0,0.0,0.0,0.0,0.0,0.0,0.0,0.0,0.0,0.0,0.0,0.0,0.0,0.0,0.0,0.0,0.0,0.0,0.0,0.2504671044486692,0.0,0.0,0.0,0.0,0.0,0.0,0.0,0.0,0.0,0.0,0.0,0.0,0.0,0.0,0.0,0.0,0.0,0.0,0.0,0.23078859918204425,0.0,0.0,0.0,0.0,0.0,0.0,0.0,0.0,0.0,0.0,0.0,0.0,0.0,0.29376195713239384,0.0,0.0,0.0,0.0,0.0,0.0,0.0,0.0,0.0,0.0,0.0,0.21176285084978877,0.0,0.0,0.0,0.0,0.0,0.0,0.0,0.0,0.0,0.0,0.0,0.0,0.0,0.0,0.0
778782d68c349fbb021a749f1370c2446c19cd3a64e7891c84c55ddf834f2e02,0.0,0.0,0.0,0.0,0.0,0.0,0.0,0.0,0.0,0.0,0.1974106850031512,0.0,0.12858682686532716,0.0,0.0,0.0,0.0,0.0,0.0,0.0,0.0,0.18792177626333986,0.0,0.0,0.0,0.0,0.2702948492178866,0.0,0.0,0.0,0.0,0.0,0.0,0.0,0.0,0.0,0.0,0.0,0.0,0.0,0.0,0.0,0.0,0.22288550151872769,0.24971271751317603,0.0,0.0,0.0,0.0,0.0,0.0,0.0,0.0,0.0,0.0,0.0,0.0,0.0,0.24860401480184627,0.0,0.0,0.0,0.0,0.0,0.24860401480184627,0.0,0.0,0.21050952197799316,0.0,0.0,0.0,0.0,0.0,0.0,0.0,0.12224577499554151,0.26098504920187665,0.20801426692313663,0.0,0.11184536644787514,0.0,0.0,0.0,0.0,0.0,0.0,0.0,0.0,0.0,0.0,0.0,0.0,0.0,0.0,0.0,0.0,0.0,0.0,0.0,0.1573982137964049,0.0,0.0,0.0,0.0,0.0,0.0,0.0,0.0,0.0,0.0,0.0,0.0,0.0,0.0,0.0,0.0,0.16066945383895476,0.1486038059277714,0.0,0.14503187297105832,0.0,0.0,0.0,0.0,0.2032214241012677,0.0,0.23342459488206,0.0,0.0,0.0,0.0,0.0,0.0,0.18460550911766857,0.0,0.0,0.0,0.0,0.0,0.0,0.0,0.0,0.0,0.19867005225078627,0.0,0.13307573681406187,0.0,0.0,0.0,0.0,0.0,0.36956340925786046,0.0,0.0,0.0,0.0,0.0,0.0,0.0,0.0,0.0
73437218cd12895c7a59c0c03009417705ed231d323e3a1ad279750e46bcc8ad,0.0,0.0,0.0,0.0,0.0,0.0,0.0,0.0,0.0,0.0,0.0,0.0,0.2577640903247012,0.0,0.0,0.0,0.0,0.0,0.0,0.0,0.0,0.0,0.0,0.0,0.0,0.0,0.0,0.0,0.0,0.0,0.0,0.0,0.0,0.0,0.42198564783136855,0.0,0.0,0.0,0.0,0.0,0.0,0.0,0.0,0.0,0.0,0.0,0.0,0.0,0.0,0.0,0.0,0.0,0.0,0.0,0.0,0.0,0.0,0.0,0.0,0.0,0.0,0.0,0.0,0.0,0.0,0.0,0.0,0.42198564783136855,0.0,0.0,0.0,0.0,0.0,0.0,0.0,0.0,0.0,0.0,0.0,0.0,0.0,0.0,0.0,0.0,0.0,0.0,0.0,0.0,0.0,0.0,0.0,0.0,0.0,0.0,0.0,0.0,0.0,0.0,0.0,0.0,0.0,0.0,0.0,0.0,0.0,0.0,0.0,0.0,0.0,0.0,0.0,0.0,0.0,0.0,0.0,0.0,0.0,0.0,0.3280159183268764,0.29072969382490377,0.0,0.0,0.0,0.0,0.0,0.0,0.0,0.0,0.0,0.0,0.0,0.0,0.0,0.3700586777561673,0.0,0.0,0.0,0.0,0.0,0.0,0.0,0.0,0.498349553283406,0.0,0.0,0.0,0.0,0.0,0.0,0.0,0.0,0.0,0.0,0.0,0.0,0.0,0.0,0.0,0.0,0.0,0.0
0771775f6646f28170c196d4ddba3ecdd1b0ada28c15dcc5b85f5c374c7b6987,0.3724301175561975,0.0,0.0,0.0,0.0,0.0,0.0,0.0,0.0,0.0,0.15162645800629682,0.0,0.098764487360688,0.0,0.0,0.0,0.0,0.19353354568416112,0.0,0.0,0.0,0.14433825259563418,0.0,0.0,0.0,0.0,0.0,0.0,0.0,0.0,0.0,0.0,0.0,0.0,0.0,0.0,0.0,0.0,0.0,0.0,0.0,0.0,0.0,0.1711930594623199,0.0,0.0,0.0,0.20601153616321863,0.24341893841520845,0.0,0.0,0.0,0.0,0.0,0.0,0.0,0.0,0.0,0.0,0.0,0.0,0.0,0.0,0.0,0.0,0.0,0.0,0.0,0.0,0.0,0.34053768287529323,0.0,0.0,0.0,0.0,0.09389407604007254,0.2004564170498065,0.1597708174095446,0.0,0.08590576927807587,0.0,0.0,0.0,0.0,0.0,0.0,0.0,0.0,0.0,0.0,0.0,0.0,0.0,0.0,0.0,0.0,0.0,0.0,0.0,0.12089382929847874,0.0,0.0,0.0,0.0,0.2252797170043424,0.0,0.0,0.0,0.0,0.0,0.0,0.0,0.0,0.0,0.0,0.0,0.12340639107259084,0.11413905351031753,0.12568206835517753,0.0,0.1328109318538017,0.0,0.0,0.0,0.1560895486836431,0.0,0.0,0.0,0.0,0.0,0.0,0.0,0.0,0.14179110657315439,0.0,0.0,0.0,0.0,0.0,0.0,0.0,0.0,0.0,0.15259374807514492,0.0,0.0,0.21147908184043607,0.0,0.0,0.0,0.0,0.28385287632027817,0.0,0.0,0.0,0.0,0.3482569576157515,0.0,0.0,0.0,0.0
758582d70bd36a20a8a49df28ce92479b8af7ee6f84b44a6df08784ed93ec663,0.0,0.0,0.0,0.0,0.0,0.0,0.0,0.0,0.0,0.0,0.0,0.0,0.0,0.0,0.0,0.0,0.0,0.0,0.0,0.0,0.0,0.0,0.0,0.0,0.0,0.0,0.0,0.0,0.0,0.0,0.0,0.0,0.0,0.0,0.0,0.0,0.0,0.0,0.0,0.0,0.0,0.0,0.3159192261553848,0.0,0.0,0.0,0.0,0.0,0.0,0.0,0.0,0.0,0.0,0.0,0.0,0.0,0.0,0.0,0.0,0.0,0.0,0.0,0.0,0.0,0.0,0.0,0.0,0.0,0.0,0.0,0.0,0.0,0.0,0.0,0.0,0.0,0.0,0.0,0.0,0.1498579599440134,0.0,0.0,0.0,0.0,0.0,0.0,0.0,0.0,0.0,0.0,0.0,0.0,0.0,0.0,0.0,0.0,0.0,0.0,0.0,0.0,0.0,0.0,0.0,0.0,0.0,0.0,0.2754580737574842,0.0,0.0,0.7826908680892609,0.0,0.0,0.0,0.0,0.0,0.0,0.0,0.0,0.0,0.1943234780354641,0.23168147463354966,0.0,0.0,0.0,0.0,0.0,0.31275800420472283,0.0,0.0,0.0,0.0,0.0,0.0,0.0,0.0,0.0,0.0,0.0,0.0,0.0,0.0,0.0,0.0,0.0,0.0,0.0,0.0,0.0,0.0,0.0,0.0,0.0,0.0,0.0,0.0,0.0,0.0,0.0,0.0,0.0,0.0
750361a8039bd9876939ca3ee37312821f8cd019eabe123ef884b30433757677,0.0,0.0,0.0,0.0,0.0,0.0,0.0,0.0,0.0,0.0,0.20645219467872702,0.0,0.1344761688694638,0.0,0.0,0.0,0.0,0.0,0.0,0.0,0.0,0.19652868909741095,0.0,0.0,0.0,0.0,0.0,0.0,0.0,0.0,0.0,0.0,0.0,0.0,0.0,0.0,0.0,0.0,0.0,0.0,0.0,0.0,0.2465829738911772,0.23309377073422116,0.2611496868518604,0.0,0.0,0.0,0.0,0.0,0.0,0.0,0.0,0.0,0.0,0.0,0.0,0.0,0.0,0.0,0.0,0.0,0.0,0.0,0.0,0.0,0.0,0.22015096504240728,0.0,0.0,0.0,0.42702822126891254,0.0,0.0,0.0,0.1278446936022158,0.2729382970592646,0.2175414260382237,0.0,0.11696794105872078,0.0,0.0,0.0,0.0,0.0,0.0,0.0,0.0,0.0,0.0,0.0,0.0,0.0,0.0,0.0,0.0,0.0,0.0,0.0,0.16460713196076784,0.0,0.0,0.0,0.0,0.0,0.0,0.0,0.0,0.0,0.0,0.0,0.0,0.0,0.0,0.0,0.0,0.16802819645935146,0.15540993574339862,0.1711267227689948,0.0,0.1808332709150638,0.0,0.0,0.0,0.2125290685799168,0.0,0.0,0.0,0.0,0.0,0.0,0.0,0.0,0.19306053523150513,0.0,0.0,0.0,0.0,0.0,0.0,0.0,0.0,0.25999020499303077,0.20776924158617593,0.0,0.0,0.0,0.0,0.0,0.0,0.0,0.0,0.0,0.0,0.0,0.0,0.0,0.0,0.0,0.0,0.0
420963bc3830703c8a1222f3312bcbdb5d2c173a1ded1b2d6fd492fda93373c1,0.0,0.0,0.0,0.0,0.0,0.0,0.0,0.0,0.0,0.0,0.0,0.0,0.18012008337087185,0.0,0.0,0.0,0.0,0.352953569802731,0.0,0.0,0.0,0.0,0.0,0.0,0.0,0.0,0.0,0.0,0.0,0.0,0.0,0.0,0.0,0.0,0.29487462731116393,0.0,0.0,0.0,0.0,0.0,0.0,0.0,0.0,0.0,0.0,0.0,0.0,0.0,0.0,0.0,0.0,0.0,0.0,0.0,0.0,0.0,0.0,0.0,0.0,0.0,0.0,0.0,0.0,0.0,0.348236106015276,0.0,0.0,0.0,0.0,0.0,0.0,0.0,0.0,0.0,0.0,0.1712377521143348,0.0,0.0,0.0,0.0,0.0,0.0,0.0,0.0,0.0,0.0,0.0,0.0,0.0,0.0,0.0,0.0,0.0,0.0,0.0,0.0,0.0,0.0,0.0,0.22047810092652162,0.0,0.0,0.24187819793489232,0.6690821475625451,0.0,0.0,0.0,0.0,0.0,0.0,0.0,0.0,0.0,0.0,0.0,0.0,0.225060343474643,0.0,0.0,0.0,0.0,0.0,0.0,0.0,0.0,0.0,0.0,0.0,0.0,0.0,0.0,0.0,0.0,0.0,0.0,0.0,0.0,0.0,0.0,0.0,0.0,0.0,0.0,0.0,0.0,0.0,0.0,0.0,0.0,0.0,0.0,0.0,0.0,0.0,0.0,0.0,0.0,0.0,0.0,0.0,0.0
f69fd03b940dbebd0d98a1c77fc689337b5f0355d29e86abb4dbb99ea5334891,0.0,0.0,0.0,0.0,0.0,0.0,0.0,0.0,0.0,0.0,0.0,0.0,0.0,0.0,0.0,0.0,0.0,0.0,0.0,0.0,0.0,0.0,0.0,0.0,0.0,0.0,0.0,0.0,0.0,0.0,0.0,0.0,0.0,0.0,0.0,0.0,0.0,0.0,0.0,0.0,0.0,0.0,0.0,0.0,0.0,0.0,0.0,0.0,0.0,0.0,0.0,0.0,0.0,0.0,0.0,0.0,0.0,0.0,0.0,0.0,0.41737024202886897,0.0,0.0,0.0,0.0,0.0,0.0,0.0,0.0,0.0,0.0,0.0,0.0,0.0,0.0,0.0,0.0,0.0,0.0,0.0,0.0,0.0,0.0,0.0,0.0,0.0,0.0,0.0,0.0,0.0,0.0,0.0,0.0,0.0,0.0,0.0,0.0,0.0,0.0,0.352195512942403,0.0,0.0,0.386380396208393,0.0,0.0,0.0,0.0,0.0,0.0,0.0,0.0,0.0,0.0,0.0,0.5784043502413291,0.0,0.3595152660511253,0.0,0.0,0.0,0.0,0.0,0.0,0.0,0.0,0.0,0.0,0.0,0.0,0.0,0.0,0.0,0.0,0.0,0.0,0.0,0.0,0.0,0.0,0.0,0.0,0.0,0.0,0.0,0.0,0.29777134223417256,0.0,0.0,0.0,0.0,0.0,0.0,0.0,0.0,0.0,0.0,0.0,0.0,0.0,0.0,0.0
393242de003f1c79e502bfe5b8b073f2ce1f423d5871a2261bdeffd823f8c266,0.0,0.0,0.0,0.0,0.0,0.0,0.0,0.0,0.0,0.0,0.2124510478145434,0.0,0.13838362448440905,0.0,0.0,0.0,0.0,0.0,0.0,0.0,0.0,0.20223919629111997,0.0,0.0,0.0,0.0,0.2908881245931414,0.0,0.0,0.0,0.0,0.0,0.0,0.0,0.0,0.0,0.0,0.0,0.0,0.0,0.0,0.0,0.0,0.23986674449545545,0.2687378775239268,0.0,0.0,0.0,0.0,0.0,0.0,0.0,0.0,0.0,0.0,0.0,0.0,0.0,0.2675447047595798,0.0,0.0,0.0,0.0,0.0,0.2675447047595798,0.0,0.0,0.22654786147188236,0.0,0.0,0.0,0.0,0.0,0.0,0.0,0.1315594593488652,0.2808690277630301,0.22386249745037387,0.0,0.12036666249688234,0.0,0.0,0.0,0.0,0.0,0.0,0.0,0.0,0.0,0.0,0.0,0.0,0.0,0.0,0.0,0.0,0.0,0.0,0.0,0.16939009884216735,0.0,0.0,0.0,0.0,0.0,0.0,0.0,0.0,0.0,0.0,0.0,0.0,0.0,0.0,0.0,0.0,0.17291056874318367,0.159925660954371,0.0,0.15608158889026325,0.0,0.0,0.0,0.0,0.2187044966081185,0.0,0.25120879230821447,0.0,0.0,0.0,0.0,0.0,0.0,0.19867026875348662,0.0,0.0,0.0,0.0,0.0,0.0,0.0,0.0,0.0,0.21380636397354016,0.0,0.14321453635799175,0.0,0.0,0.0,0.0,0.0,0.0,0.0,0.0,0.0,0.0,0.0,0.0,0.0,0.0,0.0
338447d40e099471b745ab89c003011a8e3443fd687845a199b76ed67f462516,0.0,0.0,0.0,0.0,0.0,0.0,0.0,0.0,0.0,0.0,0.0,0.0,0.0,0.0,0.0,0.0,0.0,0.0,0.0,0.5007487726626924,0.4348336200171004,0.0,0.0,0.0,0.0,0.0,0.0,0.0,0.0,0.0,0.0,0.0,0.0,0.0,0.0,0.0,0.0,0.0,0.0,0.0,0.0,0.0,0.0,0.0,0.0,0.0,0.0,0.32087974130605357,0.0,0.0,0.0,0.0,0.0,0.0,0.0,0.0,0.0,0.0,0.0,0.0,0.0,0.0,0.0,0.0,0.0,0.0,0.0,0.0,0.0,0.0,0.0,0.0,0.0,0.0,0.0,0.1462476684123119,0.0,0.0,0.0,0.1338052302119965,0.0,0.0,0.0,0.0,0.0,0.0,0.0,0.0,0.0,0.0,0.0,0.0,0.0,0.0,0.0,0.0,0.0,0.0,0.0,0.18830198246791222,0.0,0.0,0.2065789935395234,0.0,0.0,0.0,0.0,0.0,0.0,0.0,0.0,0.0,0.0,0.0,0.0,0.0,0.0,0.0,0.0,0.0,0.20686384000408484,0.0,0.0,0.0,0.0,0.0,0.0,0.0,0.4280040331427643,0.0,0.0,0.0,0.0,0.0,0.0,0.0,0.0,0.0,0.0,0.0,0.0,0.0,0.29741524829006083,0.0,0.0,0.15920399892770787,0.0,0.0,0.0,0.0,0.0,0.0,0.0,0.0,0.0,0.0,0.0,0.0,0.0,0.0,0.0
0fa6047b89faa0096bac58ca8733687cd676b31cd75675654e4e0343ca8ae8c6,0.0,0.0,0.0,0.0,0.0,0.0,0.0,0.0,0.0,0.0,0.21816441825281424,0.0,0.14210512606043407,0.0,0.0,0.0,0.0,0.0,0.0,0.0,0.0,0.20767794303977327,0.0,0.0,0.0,0.0,0.0,0.0,0.0,0.0,0.0,0.0,0.0,0.0,0.0,0.0,0.0,0.0,0.0,0.0,0.0,0.0,0.0,0.24631739550999368,0.0,0.0,0.0,0.0,0.3502380243484035,0.3464213509474157,0.0,0.0,0.0,0.0,0.0,0.0,0.0,0.0,0.0,0.0,0.0,0.0,0.0,0.0,0.0,0.0,0.0,0.0,0.0,0.0,0.0,0.0,0.0,0.0,0.0,0.13509744107995483,0.2884223385927699,0.22988275194347924,0.0,0.12360364032465623,0.0,0.0,0.0,0.0,0.0,0.0,0.0,0.0,0.0,0.0,0.0,0.0,0.0,0.0,0.0,0.0,0.0,0.0,0.0,0.17394544650091567,0.0,0.0,0.0,0.0,0.0,0.0,0.0,0.0,0.0,0.0,0.0,0.0,0.0,0.0,0.0,0.0,0.1775605911463882,0.0,0.0,0.16027903552607561,0.0,0.0,0.0,0.0,0.22458603881980246,0.0,0.0,0.0,0.0,0.0,0.0,0.0,0.0,0.20401303760370354,0.0,0.0,0.0,0.0,0.0,0.0,0.0,0.0,0.0,0.21955618244705008,0.0,0.14706595392818272,0.0,0.0,0.0,0.0,0.0,0.4084155130051893,0.0,0.0,0.0,0.0,0.0,0.0,0.0,0.0,0.0
2bed8e9c8a557e04ab5f5c3b2a4a26133f62993277dbf0fa0ab574eabb4eddd0,0.0,0.0,0.0,0.0,0.0,0.0,0.0,0.0,0.0,0.0,0.22316980710662257,0.0,0.14536547171967748,0.0,0.0,0.0,0.0,0.0,0.0,0.0,0.0,0.21244273864484078,0.0,0.0,0.0,0.0,0.0,0.0,0.0,0.0,0.0,0.0,0.0,0.0,0.0,0.0,0.0,0.0,0.0,0.0,0.0,0.0,0.0,0.25196870361907353,0.0,0.0,0.0,0.30321591226100664,0.0,0.0,0.0,0.0,0.0,0.0,0.0,0.0,0.0,0.0,0.0,0.0,0.0,0.0,0.0,0.0,0.0,0.0,0.0,0.0,0.0,0.0,0.0,0.0,0.0,0.0,0.4359357380607618,0.1381970080541441,0.2950396686337697,0.235156996815653,0.0,0.12643950278346575,0.0,0.0,0.0,0.0,0.0,0.0,0.0,0.0,0.0,0.0,0.0,0.0,0.0,0.0,0.0,0.0,0.0,0.0,0.0,0.0,0.0,0.0,0.0,0.0,0.33157558153080213,0.0,0.0,0.0,0.0,0.0,0.0,0.0,0.0,0.0,0.0,0.0,0.18163439846527846,0.0,0.0,0.0,0.0,0.0,0.0,0.0,0.0,0.0,0.0,0.0,0.0,0.0,0.0,0.0,0.0,0.20869374856762346,0.0,0.0,0.0,0.0,0.0,0.0,0.0,0.0,0.0,0.0,0.0,0.0,0.0,0.0,0.0,0.0,0.0,0.4177858698804779,0.0,0.0,0.0,0.0,0.0,0.0,0.0,0.0,0.0
51069afe5b2c62522b68911c1dcf5bc0a089a76bc193d05908faa60ba284109a,0.0,0.0,0.0,0.0,0.0,0.0,0.0,0.0,0.0,0.0,0.0,0.0,0.302662746488984,0.0,0.0,0.0,0.0,0.593081542160008,0.0,0.0,0.0,0.0,0.0,0.0,0.0,0.0,0.0,0.0,0.0,0.0,0.0,0.0,0.0,0.0,0.0,0.0,0.0,0.0,0.0,0.0,0.0,0.0,0.0,0.0,0.0,0.0,0.0,0.0,0.0,0.0,0.0,0.0,0.0,0.0,0.0,0.0,0.0,0.0,0.0,0.0,0.0,0.0,0.0,0.0,0.0,0.0,0.0,0.0,0.0,0.0,0.0,0.0,0.0,0.0,0.0,0.28773742154455195,0.0,0.0,0.0,0.0,0.0,0.0,0.0,0.0,0.0,0.0,0.0,0.0,0.0,0.0,0.0,0.0,0.0,0.0,0.0,0.0,0.0,0.0,0.0,0.0,0.0,0.0,0.40643729634548553,0.0,0.0,0.0,0.0,0.0,0.0,0.0,0.0,0.0,0.0,0.0,0.0,0.0,0.37817760466795974,0.0,0.0,0.0,0.40699772228689557,0.0,0.0,0.0,0.0,0.0,0.0,0.0,0.0,0.0,0.0,0.0,0.0,0.0,0.0,0.0,0.0,0.0,0.0,0.0,0.0,0.0,0.0,0.0,0.0,0.0,0.0,0.0,0.0,0.0,0.0,0.0,0.0,0.0,0.0,0.0,0.0,0.0,0.0,0.0,0.0
042271aadf2191749876fc99997d0e6bdd3b89159e7ab8cd11a9f13ae65fa6b1,0.0,0.0,0.0,0.0,0.0,0.0,0.0,0.0,0.0,0.0,0.0,0.0,0.18995837920371908,0.0,0.0,0.0,0.0,0.0,0.0,0.0,0.0,0.0,0.0,0.0,0.0,0.0,0.0,0.0,0.0,0.0,0.0,0.0,0.0,0.0,0.3109809035397533,0.0,0.0,0.0,0.0,0.0,0.0,0.5490885196247735,0.0,0.0,0.0,0.0,0.0,0.0,0.0,0.0,0.0,0.0,0.0,0.0,0.0,0.0,0.0,0.0,0.0,0.0,0.0,0.0,0.0,0.0,0.0,0.0,0.0,0.0,0.0,0.0,0.0,0.0,0.0,0.0,0.0,0.0,0.0,0.0,0.0,0.16522660252076926,0.0,0.0,0.0,0.0,0.0,0.0,0.0,0.0,0.0,0.0,0.0,0.0,0.0,0.0,0.0,0.0,0.0,0.0,0.0,0.0,0.0,0.0,0.0,0.0,0.0,0.0,0.3037076020577628,0.0,0.0,0.0,0.0,0.0,0.0,0.0,0.0,0.0,0.2373533104659286,0.0,0.24173022751114334,0.21425226980144613,0.0,0.0,0.0,0.0,0.0,0.0,0.0,0.0,0.0,0.0,0.0,0.0,0.0,0.0,0.0,0.0,0.0,0.0,0.0,0.0,0.0,0.0,0.0,0.0,0.0,0.19658974323252557,0.40674765490546105,0.0,0.0,0.0,0.0,0.0,0.0,0.0,0.2853156809217085,0.0,0.0,0.0,0.0,0.0,0.0
14910c0c902170b9ae33ed613976464020ac0e6df96566a4a2974104fd587aa2,0.0,0.0,0.0,0.0,0.0,0.0,0.0,0.0,0.0,0.0,0.2944904376086433,0.0,0.19182138450951922,0.0,0.0,0.0,0.0,0.0,0.0,0.0,0.0,0.28033521147602075,0.0,0.0,0.0,0.0,0.0,0.0,0.0,0.0,0.0,0.0,0.0,0.0,0.3140308299274477,0.0,0.0,0.0,0.0,0.0,0.0,0.0,0.0,0.0,0.0,0.0,0.0,0.0,0.0,0.0,0.0,0.0,0.0,0.0,0.0,0.0,0.0,0.0,0.0,0.0,0.0,0.0,0.0,0.0,0.0,0.0,0.0,0.0,0.0,0.0,0.0,0.0,0.0,0.0,0.0,0.18236202246940234,0.3893284770657024,0.3103084946696669,0.0,0.1668470524237736,0.0,0.0,0.0,0.0,0.0,0.0,0.0,0.0,0.0,0.0,0.0,0.0,0.0,0.0,0.0,0.0,0.0,0.0,0.0,0.23480121584595165,0.0,0.0,0.0,0.0,0.0,0.0,0.0,0.0,0.0,0.0,0.0,0.0,0.0,0.0,0.0,0.0,0.23968113869125282,0.22168202211182608,0.0,0.21635353596876666,0.2579467327477472,0.0,0.0,0.0,0.0,0.0,0.0,0.0,0.0,0.0,0.0,0.0,0.0,0.27538811875436636,0.0,0.0,0.0,0.0,0.0,0.0,0.0,0.0,0.0,0.0,0.0,0.19851778523963967,0.0,0.0,0.0,0.0,0.0,0.0,0.0,0.0,0.0,0.0,0.0,0.0,0.0,0.0,0.0
bb86f9dc3d6233f657539dbfd68787724b849c96de18c982620805647dbda743,0.0,0.0,0.0,0.0,0.0,0.0,0.0,0.0,0.0,0.0,0.22405750442973058,0.0,0.14594368855729942,0.0,0.0,0.0,0.0,0.0,0.0,0.0,0.0,0.21328776715857095,0.0,0.0,0.0,0.0,0.0,0.0,0.0,0.0,0.0,0.0,0.0,0.0,0.0,0.0,0.0,0.0,0.0,0.0,0.0,0.0,0.0,0.2529709536394035,0.0,0.0,0.0,0.0,0.0,0.0,0.0,0.0,0.0,0.0,0.0,0.0,0.0,0.0,0.0,0.0,0.0,0.0,0.0,0.0,0.0,0.0,0.0,0.0,0.0,0.0,0.0,0.46344325729969166,0.0,0.0,0.0,0.13874671106147152,0.2962132410244638,0.2360923753029572,0.0,0.12694243823701643,0.0,0.0,0.0,0.0,0.0,0.0,0.0,0.0,0.0,0.0,0.0,0.0,0.0,0.0,0.0,0.0,0.0,0.0,0.0,0.17864408395298728,0.0,0.0,0.0,0.0,0.3328944819678682,0.0,0.0,0.0,0.0,0.0,0.0,0.0,0.0,0.0,0.0,0.0,0.182356881364701,0.16866259242454365,0.18571963598898053,0.0,0.19625391467572262,0.0,0.0,0.0,0.23065258666246516,0.0,0.0,0.0,0.0,0.0,0.0,0.0,0.0,0.20952386481119015,0.0,0.0,0.0,0.0,0.0,0.0,0.0,0.0,0.0,0.2254868631428172,0.0,0.0,0.0,0.0,0.0,0.0,0.0,0.0,0.0,0.0,0.0,0.0,0.0,0.0,0.0,0.0,0.0
0fda176b199295f72fafc3bc25cefa27fa44ed7712c3a24ca2409217e430436d,0.0,0.0,0.0,0.0,0.0,0.0,0.0,0.0,0.0,0.0,0.0,0.0,0.0,0.0,0.0,0.0,0.0,0.0,0.0,0.0,0.0,0.0,0.0,0.0,0.0,0.0,0.0,0.0,0.0,0.0,0.0,0.0,0.0,0.0,0.2701822127960835,0.0,0.0,0.0,0.0,0.0,0.0,0.0,0.0,0.0,0.0,0.0,0.0,0.0,0.0,0.0,0.0,0.0,0.0,0.0,0.0,0.0,0.0,0.0,0.0,0.0,0.23939907678086694,0.0,0.0,0.0,0.0,0.0,0.0,0.0,0.0,0.0,0.0,0.0,0.0,0.0,0.0,0.15689852735839846,0.0,0.0,0.0,0.1435499369051573,0.0,0.0,0.0,0.0,0.0,0.0,0.0,0.0,0.0,0.0,0.0,0.0,0.0,0.0,0.0,0.0,0.0,0.0,0.0,0.20201555394776605,0.7831077887688408,0.0,0.22162363490235804,0.0,0.0,0.0,0.0,0.0,0.0,0.0,0.0,0.0,0.0,0.0,0.0,0.0,0.2062140855152629,0.0,0.2100167792467442,0.18614375253475457,0.0,0.0,0.0,0.0,0.0,0.0,0.0,0.0,0.0,0.0,0.0,0.0,0.0,0.0,0.0,0.0,0.0,0.0,0.0,0.0,0.0,0.0,0.0,0.0,0.0,0.0,0.0,0.0,0.0,0.0,0.0,0.0,0.0,0.0,0.0,0.0,0.0,0.0,0.0,0.0,0.0
7d0cbce0335874149e3c901e113500a5217fb7ec182c1b4b3cfe8a6852d608cd,0.0,0.0,0.0,0.0,0.0,0.0,0.30837946476229094,0.0,0.0,0.0,0.0,0.0,0.11576850966882869,0.0,0.0,0.0,0.2991100208168313,0.2268537077801669,0.0,0.0,0.0,0.0,0.0,0.0,0.0,0.3056215501932145,0.0,0.0,0.0,0.0,0.0,0.0,0.0,0.0,0.0,0.0,0.0,0.0,0.0,0.0,0.0,0.0,0.0,0.0,0.0,0.0,0.0,0.0,0.0,0.28221841553828947,0.0,0.0,0.0,0.0,0.0,0.0,0.0,0.0,0.0,0.0,0.1679312130810419,0.30698882083947787,0.0,0.0,0.0,0.0,0.0,0.0,0.0,0.0,0.0,0.0,0.0,0.0,0.0,0.11005957242701726,0.0,0.0,0.0,0.0,0.0,0.0,0.0,0.0,0.0,0.0,0.0,0.0,0.2414800010969822,0.0,0.0,0.0,0.0,0.0,0.0,0.0,0.0,0.0,0.0,0.0,0.0,0.0,0.15546227812168983,0.0,0.0,0.0,0.0,0.0,0.0,0.0,0.0,0.0,0.0,0.0,0.23272417246426425,0.26488313575190725,0.14465294520193178,0.13379007447933866,0.14732041986344796,0.13057421353062162,0.15567664106119733,0.0,0.0,0.0,0.0,0.0,0.0,0.0,0.0,0.0,0.0,0.0,0.29664465977101007,0.0,0.0,0.0,0.0,0.0,0.0,0.0,0.0,0.0,0.0,0.17886541277661486,0.0,0.11980993776431212,0.0,0.0,0.0,0.0,0.0,0.0,0.0,0.0,0.0,0.0,0.0,0.0,0.0,0.0,0.0
f1fe80a633a1cd5361e637c748ada6d0cfebc7e07f058f60b3dce6067cc91c99,0.0,0.0,0.0,0.0,0.0,0.0,0.0,0.0,0.0,0.0,0.0,0.0,0.16873038184416975,0.0,0.0,0.0,0.0,0.0,0.0,0.0,0.0,0.0,0.0,0.0,0.0,0.0,0.0,0.0,0.0,0.0,0.0,0.0,0.0,0.0,0.0,0.0,0.0,0.0,0.0,0.0,0.0,0.0,0.0,0.0,0.0,0.0,0.0,0.35195246884822906,0.0,0.0,0.0,0.0,0.0,0.0,0.0,0.0,0.0,0.0,0.0,0.0,0.24475652133533693,0.0,0.0,0.0,0.0,0.0,0.0,0.0,0.0,0.0,0.0,0.0,0.0,0.0,0.0,0.0,0.0,0.0,0.0,0.14676240053746697,0.0,0.0,0.0,0.0,0.0,0.0,0.0,0.0,0.0,0.0,0.0,0.0,0.0,0.6703734998880422,0.0,0.0,0.0,0.0,0.0,0.0,0.0,0.0,0.0,0.0,0.0,0.0,0.0,0.0,0.0,0.0,0.0,0.0,0.0,0.0,0.33919101659504863,0.0,0.0,0.0,0.2147166856350746,0.19030941117795297,0.22689571771818548,0.0,0.0,0.0,0.0,0.0,0.0,0.0,0.0,0.0,0.0,0.0,0.0,0.0,0.0,0.0,0.0,0.0,0.0,0.0,0.0,0.0,0.0,0.2606929076209694,0.0,0.0,0.0,0.0,0.0,0.0,0.0,0.0,0.0,0.0,0.0,0.0,0.0,0.0,0.0,0.0,0.0
b529884827298734eb8a64d2b01527c43433ee90a198a2584381595be09a6857,0.0,0.0,0.0,0.0,0.0,0.0,0.0,0.0,0.0,0.0,0.0,0.0,0.0,0.0,0.0,0.0,0.0,0.0,0.0,0.0,0.0,0.0,0.0,0.0,0.0,0.0,0.4735303553271016,0.0,0.0,0.0,0.0,0.0,0.0,0.0,0.0,0.0,0.0,0.0,0.0,0.0,0.0,0.0,0.0,0.0,0.43747245719207545,0.0,0.0,0.0,0.0,0.0,0.0,0.0,0.0,0.0,0.0,0.0,0.0,0.0,0.4355301175937914,0.0,0.0,0.0,0.0,0.0,0.0,0.0,0.0,0.0,0.0,0.0,0.0,0.0,0.0,0.0,0.0,0.0,0.0,0.36442081680149596,0.0,0.19594223222899454,0.0,0.0,0.0,0.0,0.0,0.0,0.0,0.0,0.0,0.0,0.0,0.0,0.0,0.0,0.0,0.0,0.0,0.0,0.0,0.0,0.0,0.0,0.0,0.0,0.0,0.0,0.0,0.0,0.0,0.0,0.0,0.0,0.0,0.0,0.0,0.0,0.0,0.0,0.0,0.2540817723329211,0.0,0.0,0.0,0.0,0.0,0.0,0.0,0.0,0.0,0.0,0.0,0.0,0.0,0.3234109439405676,0.0,0.0,0.0,0.0,0.0,0.0,0.0,0.0,0.0,0.0,0.0,0.23313578161521462,0.0,0.0,0.0,0.0,0.0,0.0,0.0,0.0,0.0,0.0,0.0,0.0,0.0,0.0,0.0
b7237c2cb72c7ad699a4877b44b212805a7c88282f06a5b879288051a45cac4a,0.0,0.0,0.0,0.0,0.0,0.0,0.31646306273906977,0.0,0.0,0.0,0.0,0.0,0.11880316728215261,0.0,0.0,0.0,0.3069506374447024,0.23280025864615947,0.0,0.0,0.0,0.0,0.0,0.0,0.0,0.3136328545344625,0.0,0.0,0.0,0.0,0.0,0.0,0.0,0.0,0.0,0.0,0.0,0.0,0.0,0.0,0.0,0.0,0.0,0.0,0.0,0.0,0.0,0.0,0.0,0.2896162499388828,0.0,0.0,0.0,0.0,0.0,0.0,0.0,0.0,0.0,0.0,0.17233321960033562,0.3150359656548585,0.0,0.0,0.0,0.0,0.0,0.0,0.0,0.0,0.0,0.0,0.0,0.0,0.0,0.11294458079708487,0.0,0.0,0.0,0.0,0.0,0.0,0.0,0.0,0.0,0.0,0.0,0.0,0.24780995322205251,0.0,0.0,0.0,0.0,0.0,0.0,0.0,0.0,0.0,0.0,0.14542241051760893,0.0,0.0,0.0,0.0,0.0,0.0,0.0,0.0,0.0,0.0,0.0,0.0,0.0,0.0,0.2388246067170112,0.2718265578176322,0.14844475493242335,0.13729713412161387,0.15118215251436992,0.13399697531902163,0.15975741661375903,0.0,0.0,0.0,0.0,0.0,0.0,0.0,0.0,0.0,0.0,0.0,0.30442065151350695,0.0,0.0,0.0,0.0,0.0,0.0,0.0,0.0,0.0,0.0,0.0,0.0,0.0,0.0,0.0,0.0,0.0,0.0,0.0,0.0,0.0,0.0,0.0,0.0,0.0,0.0,0.0,0.0
b818cb146de28aef397ad51ef0403713899e0d7376acd2ec5d2d6c9258d7ba6c,0.0,0.0,0.0,0.0,0.0,0.0,0.0,0.0,0.0,0.0,0.16972739984098686,0.0,0.11055484548522161,0.0,0.0,0.0,0.0,0.0,0.0,0.0,0.0,0.16156913927008168,0.0,0.0,0.0,0.0,0.0,0.0,0.0,0.0,0.0,0.0,0.0,0.0,0.18098936137384622,0.0,0.47073882547890356,0.0,0.0,0.0,0.0,0.0,0.20271950641520547,0.0,0.0,0.0,0.0,0.0,0.0,0.0,0.0,0.0,0.0,0.0,0.0,0.0,0.0,0.0,0.21374178921305115,0.0,0.0,0.0,0.0,0.0,0.21374178921305115,0.0,0.0,0.0,0.0,0.0,0.0,0.0,0.0,0.0,0.0,0.10510301167947617,0.0,0.0,0.0,0.0,0.0,0.4236499293090234,0.0,0.0,0.0,0.0,0.0,0.0,0.2306048880254029,0.0,0.0,0.0,0.0,0.0,0.0,0.0,0.0,0.0,0.0,0.13532595546615478,0.0,0.0,0.0,0.0,0.0,0.0,0.0,0.0,0.0,0.0,0.0,0.0,0.0,0.0,0.0,0.0,0.13813846314105013,0.12776480455550143,0.1406858074049028,0.1246937707199238,0.14866570406246737,0.0,0.0,0.0,0.0,0.0,0.0,0.0,0.0,0.0,0.0,0.0,0.0,0.0,0.0,0.0,0.0,0.34834006984258914,0.0,0.0,0.0,0.0,0.0,0.1708101635646556,0.0,0.11441426684180583,0.0,0.0,0.0,0.0,0.0,0.0,0.0,0.0,0.16605232762584402,0.0,0.0,0.0,0.0,0.0,0.0
b803f8964ba32cb741ae8f49c57609a81eb155f1af105c430d4ef22c506840b0,0.0,0.0,0.0,0.0,0.0,0.0,0.0,0.0,0.0,0.0,0.21955660056984835,0.0,0.14301194782928908,0.0,0.0,0.0,0.0,0.0,0.0,0.0,0.0,0.2090032075455688,0.0,0.0,0.0,0.0,0.0,0.0,0.0,0.0,0.0,0.0,0.0,0.0,0.0,0.0,0.0,0.0,0.0,0.0,0.0,0.0,0.0,0.24788923167444799,0.0,0.0,0.0,0.298306727947772,0.0,0.0,0.0,0.0,0.0,0.0,0.0,0.0,0.0,0.0,0.0,0.0,0.0,0.0,0.0,0.0,0.0,0.0,0.0,0.0,0.0,0.0,0.0,0.0,0.0,0.0,0.0,0.13595954439659247,0.2902628609054468,0.2313497129851097,0.0,0.12439239773871641,0.0,0.0,0.0,0.0,0.0,0.0,0.0,0.0,0.0,0.0,0.0,0.0,0.0,0.0,0.0,0.0,0.0,0.0,0.0,0.1750554523244435,0.0,0.0,0.0,0.0,0.3262072430707101,0.0,0.0,0.0,0.0,0.0,0.0,0.0,0.0,0.0,0.0,0.0,0.17869366645342413,0.0,0.18198886951183768,0.1613018312726859,0.19231153388232242,0.0,0.0,0.0,0.22601919971011478,0.0,0.0,0.0,0.39789511845028125,0.0,0.0,0.0,0.0,0.20531491508524208,0.0,0.0,0.0,0.0,0.0,0.0,0.0,0.0,0.0,0.22095724609091197,0.0,0.0,0.0,0.0,0.0,0.0,0.0,0.0,0.0,0.0,0.0,0.0,0.0,0.0,0.0,0.0,0.0
b407e91e4e3f005698d688198db32e9ebce62920639d4af69ffed72921310e78,0.0,0.0,0.0,0.0,0.0,0.0,0.0,0.0,0.0,0.0,0.19922605996980947,0.0,0.12976930240625145,0.0,0.0,0.0,0.0,0.0,0.0,0.0,0.0,0.18964989188338838,0.0,0.0,0.0,0.0,0.0,0.0,0.0,0.0,0.0,0.0,0.0,0.0,0.0,0.0,0.0,0.0,0.0,0.0,0.0,0.0,0.0,0.2249351411311008,0.0,0.0,0.0,0.0,0.31983465590472165,0.31634929926425787,0.0,0.0,0.0,0.0,0.0,0.0,0.0,0.0,0.0,0.0,0.0,0.0,0.0,0.0,0.0,0.0,0.0,0.0,0.0,0.0,0.0,0.0,0.4523719120085092,0.0,0.0,0.12336993866329386,0.26338504961211584,0.2099271516936545,0.0,0.11287388868000738,0.0,0.0,0.0,0.0,0.0,0.0,0.0,0.0,0.27068406924351895,0.0,0.0,0.0,0.0,0.0,0.0,0.0,0.0,0.0,0.0,0.15884563685315664,0.0,0.0,0.0,0.0,0.0,0.0,0.0,0.0,0.0,0.0,0.0,0.0,0.0,0.0,0.0,0.0,0.16214695899224085,0.0,0.16513703226001922,0.14636557601532374,0.0,0.0,0.0,0.0,0.20509023422163275,0.0,0.0,0.0,0.0,0.0,0.0,0.0,0.0,0.18630312857506556,0.0,0.0,0.0,0.0,0.0,0.0,0.0,0.0,0.0,0.20049700827130265,0.0,0.1342994920595188,0.0,0.0,0.0,0.0,0.0,0.0,0.0,0.0,0.0,0.0,0.0,0.0,0.0,0.0,0.0
5ca6d298c6d1b95e2d810bf3906b55355416d88c05c17d4094f87924db898c7e,0.0,0.0,0.0,0.0,0.0,0.0,0.0,0.0,0.0,0.0,0.2376097968216968,0.0,0.15477120605163483,0.0,0.0,0.0,0.0,0.0,0.0,0.0,0.0,0.22618864361669067,0.0,0.0,0.0,0.0,0.0,0.0,0.0,0.0,0.0,0.0,0.0,0.0,0.0,0.0,0.0,0.0,0.0,0.0,0.0,0.0,0.0,0.2682720984911303,0.0,0.0,0.0,0.0,0.0,0.0,0.0,0.0,0.0,0.0,0.0,0.0,0.0,0.0,0.0,0.0,0.0,0.0,0.0,0.0,0.0,0.0,0.0,0.0,0.0,0.0,0.0,0.4914749831104218,0.0,0.0,0.0,0.14713891377529953,0.3141299292556964,0.25037260621851204,0.0,0.1346206503295585,0.0,0.0,0.0,0.0,0.0,0.0,0.0,0.0,0.0,0.0,0.0,0.0,0.0,0.0,0.0,0.0,0.0,0.0,0.0,0.1894495102920329,0.0,0.0,0.0,0.0,0.0,0.0,0.0,0.0,0.0,0.0,0.0,0.0,0.0,0.0,0.0,0.0,0.19338687914242148,0.17886428048646397,0.1969530325951699,0.0,0.20812448532017752,0.0,0.0,0.0,0.24460378773189154,0.0,0.0,0.0,0.0,0.0,0.0,0.0,0.0,0.22219707870885985,0.0,0.0,0.0,0.0,0.0,0.0,0.0,0.0,0.0,0.2391256114080739,0.0,0.0,0.0,0.0,0.0,0.0,0.0,0.0,0.0,0.0,0.0,0.0,0.0,0.0,0.0,0.0,0.0
0ffab407dd3ebd93f007e24f439bbda8c8b68d50b5ba6537213608608c6f8d61,0.0,0.0,0.0,0.0,0.0,0.0,0.27614119623582156,0.0,0.0,0.0,0.0,0.0,0.10366596482366608,0.0,0.0,0.0,0.2678407883551827,0.20313821572144752,0.0,0.0,0.0,0.0,0.0,0.0,0.0,0.2736715965534691,0.0,0.0,0.0,0.0,0.0,0.0,0.0,0.0,0.0,0.0,0.0,0.0,0.0,0.0,0.0,0.0,0.0,0.1796890173232506,0.0,0.0,0.0,0.0,0.2554993174318781,0.2527150467901424,0.0,0.0,0.0,0.0,0.0,0.0,0.0,0.0,0.0,0.0,0.15037553198063033,0.2748959314881196,0.0,0.0,0.0,0.0,0.0,0.0,0.0,0.0,0.0,0.0,0.0,0.0,0.0,0.0985538450513452,0.21040465489050678,0.1676999129954361,0.0,0.0901690951283742,0.0,0.0,0.0,0.0,0.0,0.0,0.0,0.0,0.2162354630887932,0.0,0.0,0.0,0.0,0.0,0.0,0.0,0.0,0.0,0.0,0.12689354028321345,0.0,0.0,0.0,0.0,0.0,0.0,0.0,0.0,0.0,0.0,0.0,0.0,0.0,0.0,0.20839497671095236,0.23719201285211994,0.12953079530729075,0.11980353892786805,0.1319194097519251,0.11692386699513638,0.13940206401794875,0.0,0.0,0.0,0.16383595050806876,0.0,0.0,0.0,0.0,0.0,0.0,0.0,0.2656331583858167,0.14882790625582726,0.0,0.0,0.0,0.0,0.0,0.0,0.0,0.0,0.0,0.0,0.0,0.10728489836597606,0.0,0.0,0.0,0.0,0.0,0.0,0.0,0.0,0.0,0.0,0.0,0.0,0.0,0.0,0.0
b85b8ee9ea3f8b05ee4fc5325e2c9f060468dda68ac533d40d695b29b7906f9c,0.0,0.0,0.0,0.0,0.0,0.0,0.0,0.0,0.0,0.0,0.24267521373182407,0.0,0.15807065201228704,0.0,0.0,0.0,0.0,0.0,0.0,0.0,0.0,0.2310105819188159,0.0,0.0,0.0,0.0,0.3322710738961001,0.0,0.0,0.0,0.0,0.0,0.0,0.0,0.0,0.0,0.0,0.0,0.0,0.0,0.0,0.0,0.0,0.0,0.30696964094470003,0.0,0.0,0.0,0.0,0.0,0.0,0.0,0.0,0.0,0.0,0.0,0.0,0.0,0.3056067224814329,0.0,0.0,0.0,0.0,0.0,0.0,0.0,0.0,0.25877749848129117,0.0,0.0,0.0,0.0,0.0,0.0,0.0,0.15027565288262873,0.0,0.25571010345278467,0.0,0.13749052239608522,0.0,0.0,0.0,0.0,0.0,0.0,0.0,0.0,0.0,0.0,0.0,0.0,0.0,0.0,0.0,0.0,0.0,0.0,0.0,0.19348823582391286,0.0,0.0,0.0,0.0,0.0,0.0,0.0,0.0,0.0,0.0,0.0,0.0,0.0,0.0,0.0,0.0,0.19750954235289442,0.0,0.0,0.1782864021297354,0.0,0.0,0.0,0.0,0.24981830404911254,0.0,0.2869467954703877,0.0,0.0,0.0,0.0,0.0,0.0,0.22693392396914738,0.0,0.0,0.0,0.0,0.0,0.0,0.0,0.0,0.0,0.2442233427805725,0.0,0.16358882941598088,0.0,0.0,0.0,0.0,0.0,0.0,0.0,0.0,0.0,0.0,0.0,0.0,0.0,0.0,0.0
b47b40aeaf31f4342d50be9cb114ccdce5903db6c6aa84c73b3cb69a50bea774,0.0,0.0,0.0,0.0,0.0,0.0,0.0,0.0,0.0,0.0,0.0,0.0,0.2693527028034385,0.0,0.0,0.0,0.0,0.0,0.0,0.0,0.0,0.0,0.0,0.0,0.0,0.0,0.0,0.0,0.0,0.0,0.0,0.0,0.0,0.0,0.0,0.0,0.0,0.0,0.0,0.0,0.0,0.0,0.0,0.0,0.0,0.0,0.0,0.0,0.0,0.0,0.0,0.0,0.0,0.0,0.0,0.0,0.0,0.0,0.0,0.0,0.0,0.0,0.0,0.0,0.5207544578792259,0.0,0.0,0.44095736781822353,0.0,0.0,0.0,0.0,0.0,0.0,0.0,0.25607000891184434,0.0,0.0,0.0,0.23428412134571058,0.0,0.0,0.0,0.0,0.0,0.0,0.0,0.0,0.0,0.0,0.0,0.0,0.0,0.0,0.0,0.0,0.0,0.0,0.0,0.0,0.0,0.0,0.0,0.0,0.0,0.0,0.0,0.0,0.0,0.0,0.0,0.0,0.0,0.0,0.0,0.0,0.3365566497320896,0.3112825609690499,0.0,0.0,0.36220492216014644,0.0,0.0,0.0,0.0,0.0,0.0,0.0,0.0,0.0,0.0,0.0,0.0,0.0,0.0,0.0,0.0,0.0,0.0,0.0,0.0,0.0,0.0,0.0,0.0,0.0,0.0,0.0,0.0,0.0,0.0,0.0,0.0,0.0,0.0,0.0,0.0,0.0,0.0,0.0,0.0
b45f9e29351506203a4101b1559e928ec3de39850008d82598b8ce1c3a7a13c3,0.0,0.0,0.0,0.0,0.0,0.0,0.0,0.0,0.0,0.0,0.19706267402968097,0.0,0.12836014396418563,0.0,0.0,0.0,0.0,0.0,0.0,0.0,0.0,0.1875904930792882,0.0,0.0,0.0,0.0,0.0,0.0,0.0,0.0,0.0,0.0,0.0,0.0,0.0,0.0,0.0,0.0,0.0,0.0,0.0,0.0,0.0,0.2224925815490984,0.0,0.0,0.0,0.0,0.3163615871814082,0.31291407785646863,0.0,0.0,0.0,0.0,0.0,0.0,0.0,0.0,0.0,0.0,0.0,0.0,0.0,0.0,0.0,0.0,0.0,0.0,0.0,0.0,0.0,0.0,0.0,0.0,0.0,0.12203027059587773,0.2605249643739836,0.20764756312730887,0.0,0.11164819670068017,0.0,0.0,0.0,0.0,0.0,0.0,0.0,0.0,0.2677447243119024,0.0,0.0,0.0,0.0,0.0,0.0,0.0,0.0,0.0,0.0,0.15712073993218684,0.0,0.0,0.0,0.0,0.292786786826359,0.0,0.0,0.0,0.0,0.0,0.0,0.0,0.0,0.0,0.0,0.0,0.16038621317730298,0.0,0.16334381738722595,0.1447761994582692,0.0,0.0,0.0,0.0,0.20286316950309152,0.0,0.0,0.0,0.0,0.0,0.0,0.0,0.0,0.18428007210834468,0.0,0.0,0.0,0.0,0.0,0.0,0.0,0.0,0.0,0.19831982116637423,0.0,0.13284114051187496,0.0,0.0,0.0,0.0,0.0,0.3689119140167961,0.0,0.0,0.0,0.0,0.0,0.0,0.0,0.0,0.0
5fb31e60567d6a71966f7232cc9836835ad962bc588960a54c3f5a2f30f49de8,0.0,0.0,0.0,0.0,0.0,0.0,0.0,0.0,0.0,0.0,0.20123385884862074,0.0,0.1310771165542343,0.0,0.0,0.0,0.0,0.0,0.0,0.0,0.0,0.19156118220528628,0.0,0.0,0.0,0.0,0.0,0.0,0.0,0.0,0.0,0.0,0.0,0.0,0.0,0.0,0.0,0.0,0.0,0.0,0.0,0.0,0.0,0.22720203595518515,0.0,0.0,0.0,0.0,0.3230579473939365,0.0,0.0,0.0,0.0,0.0,0.0,0.0,0.0,0.0,0.0,0.0,0.0,0.0,0.0,0.0,0.0,0.0,0.0,0.0,0.0,0.0,0.0,0.0,0.0,0.0,0.0,0.12461326006695317,0.2660394423526388,0.21204279610215426,0.0,0.11401143096324648,0.0,0.0,0.0,0.0,0.0,0.0,0.0,0.0,0.2734120214542968,0.0,0.0,0.0,0.0,0.0,0.0,0.0,0.0,0.0,0.0,0.1604464821021475,0.0,0.0,0.0,0.0,0.0,0.0,0.0,0.0,0.0,0.0,0.0,0.0,0.0,0.0,0.0,0.0,0.1637810749433198,0.0,0.16680128214917597,0.0,0.0,0.0,0.0,0.0,0.20715713220871204,0.0,0.0,0.0,0.0,0.0,0.0,0.0,0.0,0.1881806902390805,0.0,0.0,0.0,0.41300235855669193,0.0,0.0,0.0,0.0,0.0,0.20251761575846142,0.0,0.13565296142804864,0.0,0.0,0.0,0.0,0.0,0.37672059611679193,0.0,0.0,0.0,0.0,0.0,0.0,0.0,0.0,0.0
b28c7e4510175a83aa87b5511c73319de27fc894ffc28d561d4689c3ca27d1f9,0.0,0.0,0.0,0.0,0.0,0.0,0.0,0.0,0.0,0.0,0.20989874781919424,0.0,0.13672114021915713,0.0,0.0,0.0,0.0,0.0,0.0,0.0,0.0,0.19980957730329632,0.0,0.0,0.0,0.0,0.0,0.0,0.0,0.0,0.0,0.0,0.0,0.0,0.0,0.0,0.0,0.0,0.0,0.0,0.0,0.0,0.0,0.23698508353328124,0.0,0.0,0.0,0.0,0.33696843572450913,0.0,0.0,0.0,0.0,0.0,0.0,0.0,0.0,0.0,0.0,0.0,0.0,0.0,0.0,0.0,0.0,0.0,0.0,0.0,0.0,0.0,0.0,0.0,0.0,0.0,0.0,0.1299789578124484,0.277494782139732,0.22117310496641585,0.0,0.11892062664395887,0.0,0.0,0.0,0.0,0.0,0.0,0.0,0.0,0.28518481566833465,0.0,0.0,0.0,0.0,0.0,0.0,0.0,0.0,0.0,0.0,0.16735511547571927,0.0,0.0,0.0,0.0,0.0,0.0,0.0,0.0,0.0,0.0,0.0,0.0,0.0,0.0,0.0,0.0,0.1708332918912272,0.0,0.17398354560246074,0.1542064885191582,0.0,0.0,0.0,0.0,0.21607707023664202,0.0,0.0,0.0,0.0,0.0,0.0,0.0,0.0,0.19628352540139837,0.0,0.0,0.0,0.0,0.0,0.0,0.0,0.0,0.0,0.21123778176418506,0.0,0.1414940154933476,0.2927536199943219,0.3167860019624606,0.0,0.0,0.0,0.0,0.0,0.0,0.20535385373122558,0.0,0.0,0.0,0.0,0.0,0.0
b9d63fdb2ed5ccfb4dd3f9b0135d392aa5e2d9f5125550f96202823413752e6f,0.0,0.0,0.0,0.0,0.0,0.0,0.0,0.0,0.0,0.0,0.0,0.0,0.22395611077782185,0.0,0.0,0.0,0.0,0.0,0.0,0.0,0.0,0.0,0.0,0.0,0.0,0.0,0.0,0.0,0.0,0.0,0.0,0.0,0.0,0.0,0.0,0.0,0.0,0.0,0.0,0.0,0.0,0.0,0.0,0.0,0.0,0.0,0.0,0.4671470854294489,0.0,0.0,0.0,0.0,0.0,0.0,0.0,0.0,0.0,0.0,0.0,0.0,0.0,0.0,0.0,0.0,0.4329867190601499,0.0,0.0,0.36663859722789505,0.0,0.0,0.0,0.0,0.0,0.0,0.0,0.2129120765667206,0.0,0.0,0.0,0.19479797339132104,0.0,0.0,0.0,0.0,0.0,0.0,0.0,0.0,0.0,0.0,0.0,0.0,0.0,0.0,0.0,0.0,0.0,0.0,0.0,0.0,0.0,0.0,0.3007443671892437,0.0,0.0,0.0,0.0,0.0,0.0,0.0,0.0,0.0,0.0,0.0,0.0,0.0,0.27983353256127136,0.2588191281617192,0.0,0.0,0.3011590558672299,0.0,0.0,0.0,0.0,0.0,0.0,0.0,0.0,0.0,0.0,0.0,0.0,0.0,0.0,0.0,0.0,0.0,0.0,0.0,0.0,0.0,0.0,0.0,0.0,0.0,0.0,0.0,0.0,0.0,0.0,0.0,0.0,0.0,0.0,0.0,0.0,0.0,0.0,0.0,0.0
b9d0e6a73f63d4f9e77b7640934ffd3268454052fbf942ed9f9779b45c55430f,0.0,0.0,0.0,0.0,0.0,0.0,0.0,0.0,0.0,0.0,0.0,0.0,0.12384070612380793,0.0,0.0,0.0,0.3199660796586815,0.0,0.0,0.40311758257117836,0.0,0.0,0.0,0.0,0.0,0.0,0.2603183063520891,0.0,0.0,0.0,0.0,0.0,0.0,0.0,0.2027396466890303,0.0,0.0,0.0,0.0,0.0,0.0,0.0,0.227081198561168,0.0,0.24049585808128668,0.0,0.0,0.0,0.0,0.0,0.0,0.0,0.0,0.0,0.0,0.0,0.0,0.0,0.23942807742288172,0.0,0.0,0.0,0.0,0.0,0.0,0.0,0.0,0.0,0.0,0.0,0.0,0.0,0.0,0.0,0.0,0.11773370153970387,0.0,0.20033649112881047,0.0,0.10771717053168667,0.0,0.0,0.0,0.0,0.0,0.0,0.0,0.0,0.0,0.0,0.0,0.0,0.0,0.0,0.0,0.0,0.0,0.0,0.0,0.15158866902896473,0.0,0.0,0.16630220388325292,0.460024246371069,0.0,0.0,0.0,0.0,0.0,0.0,0.0,0.0,0.0,0.0,0.0,0.0,0.15473916808587154,0.0,0.15759263788171254,0.13967876801256798,0.0,0.0,0.0,0.0,0.0,0.0,0.0,0.0,0.0,0.0,0.0,0.0,0.0,0.17779174710812998,0.0,0.0,0.0,0.0,0.0,0.0,0.0,0.0,0.0,0.0,0.0,0.1281639310709459,0.0,0.0,0.0,0.0,0.0,0.0,0.0,0.0,0.0,0.0,0.0,0.0,0.0,0.0,0.0
b72ca6cd6e45b2d7f82111021bc01cfa1e67809a012b58fb03e518db14644ea5,0.0,0.2278872781704817,0.0,0.0,0.0,0.0,0.0,0.0,0.0,0.0,0.0,0.28612137600858073,0.10642740647754517,0.0,0.0,0.0,0.0,0.0,0.0,0.0,0.0,0.0,0.3494879721722206,0.0,0.37981136252304165,0.0,0.0,0.0,0.0,0.0,0.0,0.0,0.0,0.0,0.0,0.0,0.0,0.0,0.0,0.0,0.0,0.0,0.0,0.0,0.2066796229229712,0.0,0.0,0.22199551766248982,0.0,0.0,0.0,0.0,0.0,0.0,0.0,0.0,0.3279731843262554,0.0,0.0,0.0,0.0,0.0,0.0,0.0,0.0,0.0,0.0,0.0,0.0,0.0,0.0,0.0,0.0,0.0,0.0,0.10117911066612682,0.0,0.0,0.0,0.09257100877094357,0.0,0.0,0.0,0.0,0.0,0.0,0.0,0.0,0.0,0.0,0.0,0.0,0.0,0.0,0.0,0.0,0.0,0.0,0.0,0.13027371533239462,0.0,0.0,0.1429183731647987,0.0,0.0,0.0,0.17015733946570352,0.0,0.0,0.0,0.0,0.0,0.0,0.0,0.0,0.0,0.1329812212424573,0.12299485136334556,0.0,0.12003847107181861,0.14311543963617288,0.0,0.0,0.0,0.0,0.0,0.1931984391168459,0.0,0.0,0.0,0.0,0.0,0.0,0.0,0.0,0.0,0.0,0.0,0.0,0.0,0.0,0.0,0.20576198340267235,0.0,0.0,0.11014274074157085,0.0,0.0,0.0,0.0,0.0,0.0,0.0,0.0,0.0,0.37981136252304165,0.0,0.0,0.0,0.0,0.0
afac44f3d45291fc6e6d4baa02c40e917cd251b9cc98956c86f1438a9ffeffc5,0.0,0.0,0.0,0.0,0.0,0.0,0.0,0.0,0.0,0.0,0.27491379693655993,0.0,0.17906980470184203,0.0,0.0,0.0,0.0,0.0,0.0,0.0,0.0,0.2616995581510332,0.0,0.0,0.0,0.0,0.37641216477060513,0.0,0.0,0.0,0.0,0.0,0.0,0.0,0.0,0.0,0.0,0.0,0.0,0.0,0.0,0.0,0.0,0.0,0.3477495218346363,0.0,0.0,0.0,0.0,0.0,0.0,0.0,0.0,0.0,0.0,0.0,0.0,0.0,0.34620554425287237,0.0,0.0,0.0,0.0,0.0,0.0,0.0,0.0,0.0,0.0,0.0,0.0,0.0,0.0,0.0,0.0,0.170239266243062,0.0,0.0,0.0,0.15575567431649137,0.0,0.0,0.0,0.0,0.0,0.0,0.0,0.0,0.0,0.0,0.0,0.0,0.0,0.0,0.0,0.0,0.0,0.0,0.0,0.0,0.0,0.0,0.0,0.0,0.4084544556985267,0.0,0.0,0.0,0.0,0.0,0.0,0.0,0.0,0.0,0.0,0.0,0.0,0.0,0.0,0.20197114900167656,0.0,0.0,0.0,0.0,0.28300582269719915,0.0,0.0,0.0,0.0,0.0,0.0,0.0,0.0,0.2570813299499715,0.0,0.0,0.0,0.0,0.0,0.0,0.0,0.0,0.0,0.0,0.0,0.18532105335179866,0.0,0.0,0.0,0.0,0.0,0.0,0.0,0.0,0.0,0.0,0.0,0.0,0.0,0.0,0.0
aeeb16bba21d151520e8647a94a0c46581dc2fabc9ee2c80642dd4734f432a98,0.0,0.0,0.0,0.0,0.0,0.0,0.0,0.0,0.0,0.0,0.0,0.0,0.1965264131337778,0.0,0.0,0.0,0.0,0.0,0.0,0.0,0.0,0.0,0.0,0.0,0.0,0.0,0.0,0.0,0.0,0.0,0.0,0.0,0.0,0.0,0.0,0.0,0.0,0.0,0.0,0.0,0.0,0.0,0.36036174889644035,0.0,0.0,0.0,0.0,0.0,0.0,0.0,0.0,0.0,0.5648243526765319,0.0,0.0,0.0,0.0,0.0,0.0,0.0,0.0,0.0,0.0,0.0,0.0,0.0,0.0,0.0,0.0,0.0,0.0,0.0,0.0,0.0,0.0,0.1868350301994328,0.0,0.0,0.0,0.17093950624238352,0.0,0.0,0.0,0.0,0.0,0.0,0.0,0.0,0.40993184238864533,0.0,0.0,0.0,0.0,0.0,0.0,0.0,0.0,0.0,0.0,0.0,0.0,0.0,0.0,0.0,0.0,0.0,0.0,0.0,0.0,0.0,0.0,0.0,0.0,0.0,0.0,0.0,0.0,0.0,0.2500883338651215,0.2216602935145714,0.0,0.0,0.0,0.0,0.0,0.0,0.35675581618809027,0.0,0.0,0.0,0.0,0.0,0.0,0.0,0.0,0.0,0.0,0.0,0.0,0.0,0.0,0.0,0.0,0.0,0.0,0.2033870643576338,0.0,0.0,0.0,0.0,0.0,0.0,0.0,0.0,0.0,0.0,0.0,0.0,0.0,0.0,0.0
aee70e4294c47b9cbe681db4b3660ee65ca4275a4311a1240b57696bb537095e,0.0,0.0,0.0,0.0,0.0,0.0,0.0,0.0,0.0,0.0,0.0,0.0,0.0,0.0,0.0,0.0,0.0,0.0,0.0,0.0,0.0,0.0,0.0,0.0,0.0,0.0,0.44428042707307563,0.0,0.0,0.0,0.0,0.0,0.0,0.0,0.34601199615143396,0.0,0.0,0.0,0.0,0.0,0.0,0.0,0.0,0.0,0.41044982212332365,0.0,0.0,0.0,0.0,0.0,0.0,0.0,0.0,0.0,0.0,0.0,0.0,0.0,0.4086274606705917,0.0,0.0,0.0,0.0,0.0,0.0,0.0,0.0,0.0,0.0,0.0,0.0,0.0,0.0,0.0,0.0,0.0,0.0,0.34191057511201833,0.0,0.18383889783837715,0.0,0.0,0.0,0.0,0.0,0.0,0.0,0.0,0.0,0.0,0.0,0.0,0.0,0.0,0.0,0.0,0.0,0.0,0.0,0.0,0.0,0.0,0.0,0.0,0.0,0.0,0.0,0.0,0.0,0.0,0.0,0.0,0.0,0.0,0.0,0.0,0.0,0.0,0.0,0.23838716368157087,0.0,0.0,0.0,0.0,0.0,0.0,0.0,0.0,0.0,0.0,0.0,0.0,0.0,0.303433878478114,0.0,0.0,0.0,0.0,0.0,0.0,0.0,0.0,0.0,0.0,0.0,0.2187350049617712,0.0,0.0,0.0,0.0,0.0,0.0,0.0,0.0,0.0,0.0,0.0,0.0,0.0,0.0,0.0
bc5c16685482832a733991a0a5a29c0affe69cb5fa4e07c1ad6bae49c46bad2b,0.0,0.0,0.0,0.0,0.0,0.0,0.0,0.0,0.0,0.0,0.0,0.35712154131494095,0.13283704968017776,0.44867682690263627,0.0,0.0,0.0,0.0,0.0,0.0,0.0,0.0,0.0,0.4580190947873394,0.0,0.0,0.0,0.0,0.0,0.0,0.0,0.0,0.0,0.0,0.2174675626643165,0.0,0.0,0.0,0.0,0.0,0.0,0.0,0.0,0.0,0.0,0.0,0.0,0.0,0.0,0.0,0.0,0.0,0.0,0.0,0.0,0.0,0.0,0.0,0.0,0.0,0.0,0.0,0.0,0.0,0.0,0.0,0.0,0.0,0.0,0.0,0.0,0.0,0.0,0.0,0.0,0.12628640493074714,0.0,0.0,0.0,0.11554222824780083,0.0,0.0,0.0,0.0,0.0,0.0,0.0,0.0,0.27708304265340516,0.0,0.0,0.0,0.0,0.0,0.0,0.0,0.0,0.0,0.0,0.1626007488896369,0.0,0.0,0.17838314081540743,0.0,0.0,0.0,0.21238137528815493,0.0,0.0,0.0,0.0,0.0,0.0,0.0,0.0,0.0,0.16598011430863968,0.15351565655605806,0.16904087293070433,0.1498256593207884,0.0,0.0,0.0,0.0,0.0,0.0,0.0,0.0,0.0,0.0,0.0,0.0,0.0,0.0,0.0,0.0,0.0,0.0,0.0,0.0,0.0,0.0,0.25682120532853137,0.0,0.0,0.13747433305053758,0.0,0.0,0.0,0.0,0.0,0.0,0.0,0.0,0.0,0.0,0.0,0.0,0.0,0.0,0.0
ad28bbb99354fbdc5912b497c26f6c2013574c879ea720640000011b44dc41c9,0.0,0.0,0.0,0.0,0.0,0.0,0.0,0.0,0.0,0.0,0.0,0.0,0.0,0.0,0.0,0.0,0.0,0.0,0.0,0.0,0.0,0.0,0.0,0.0,0.0,0.0,0.41425777777656336,0.0,0.0,0.0,0.0,0.0,0.0,0.0,0.3226299244241733,0.0,0.0,0.0,0.0,0.0,0.0,0.0,0.36136587552761285,0.0,0.38271330637220885,0.0,0.0,0.0,0.0,0.0,0.0,0.0,0.0,0.0,0.0,0.0,0.0,0.0,0.3810140926330669,0.0,0.0,0.0,0.0,0.0,0.0,0.0,0.0,0.0,0.0,0.0,0.0,0.0,0.0,0.0,0.0,0.0,0.0,0.31880566059894094,0.0,0.1714158190338024,0.0,0.0,0.0,0.0,0.0,0.0,0.0,0.0,0.0,0.0,0.0,0.0,0.0,0.0,0.0,0.0,0.0,0.0,0.0,0.0,0.0,0.0,0.0,0.0,0.0,0.0,0.0,0.0,0.0,0.0,0.0,0.0,0.0,0.0,0.0,0.0,0.0,0.0,0.0,0.22227793677019744,0.0,0.0,0.0,0.0,0.0,0.0,0.0,0.0,0.0,0.0,0.0,0.0,0.0,0.2829290613331297,0.0,0.0,0.0,0.0,0.0,0.0,0.0,0.0,0.0,0.0,0.0,0.2039537903444593,0.0,0.0,0.0,0.0,0.0,0.0,0.0,0.0,0.0,0.0,0.0,0.0,0.0,0.0,0.0
ac0ec8320601c7a274a4a97536cc6f3387964581b1a676d0c276381437967ca0,0.0,0.0,0.0,0.0,0.0,0.0,0.0,0.0,0.0,0.0,0.20995303490938372,0.0,0.1367565010440644,0.0,0.0,0.0,0.0,0.2679806401035633,0.0,0.0,0.0,0.19986125498435198,0.0,0.0,0.0,0.0,0.0,0.0,0.0,0.0,0.0,0.0,0.0,0.0,0.0,0.0,0.0,0.0,0.0,0.0,0.0,0.0,0.0,0.2370463760885585,0.0,0.0,0.0,0.0,0.0,0.0,0.0,0.0,0.0,0.0,0.0,0.0,0.0,0.0,0.0,0.0,0.0,0.0,0.0,0.0,0.0,0.0,0.0,0.22388409733696923,0.0,0.0,0.0,0.4342694016253159,0.0,0.0,0.0,0.13001257487533616,0.2775665519069252,0.2212303079960744,0.0,0.11895138363918198,0.0,0.0,0.0,0.0,0.0,0.0,0.0,0.0,0.0,0.0,0.0,0.0,0.0,0.0,0.0,0.0,0.0,0.0,0.0,0.1673983993082428,0.0,0.0,0.0,0.0,0.31193870061005163,0.0,0.0,0.0,0.0,0.0,0.0,0.0,0.0,0.0,0.0,0.0,0.17087747530070735,0.1580452448818697,0.17402854377672208,0.0,0.18389968728736658,0.0,0.0,0.0,0.2161329552551173,0.0,0.0,0.0,0.0,0.0,0.0,0.0,0.0,0.19633429112323753,0.0,0.0,0.0,0.0,0.0,0.0,0.0,0.0,0.0,0.2112924151749567,0.0,0.0,0.0,0.0,0.0,0.0,0.0,0.0,0.0,0.0,0.0,0.0,0.0,0.0,0.0,0.0,0.0
e718fda21871d54c4bade2114a35411b639bee1afe21ef5c5c9a608e72337a9d,0.0,0.0,0.0,0.0,0.0,0.0,0.0,0.0,0.0,0.0,0.0,0.35712154131494095,0.13283704968017776,0.44867682690263627,0.0,0.0,0.0,0.0,0.0,0.0,0.0,0.0,0.0,0.4580190947873394,0.0,0.0,0.0,0.0,0.0,0.0,0.0,0.0,0.0,0.0,0.2174675626643165,0.0,0.0,0.0,0.0,0.0,0.0,0.0,0.0,0.0,0.0,0.0,0.0,0.0,0.0,0.0,0.0,0.0,0.0,0.0,0.0,0.0,0.0,0.0,0.0,0.0,0.0,0.0,0.0,0.0,0.0,0.0,0.0,0.0,0.0,0.0,0.0,0.0,0.0,0.0,0.0,0.12628640493074714,0.0,0.0,0.0,0.11554222824780083,0.0,0.0,0.0,0.0,0.0,0.0,0.0,0.0,0.27708304265340516,0.0,0.0,0.0,0.0,0.0,0.0,0.0,0.0,0.0,0.0,0.1626007488896369,0.0,0.0,0.17838314081540743,0.0,0.0,0.0,0.21238137528815493,0.0,0.0,0.0,0.0,0.0,0.0,0.0,0.0,0.0,0.16598011430863968,0.15351565655605806,0.16904087293070433,0.1498256593207884,0.0,0.0,0.0,0.0,0.0,0.0,0.0,0.0,0.0,0.0,0.0,0.0,0.0,0.0,0.0,0.0,0.0,0.0,0.0,0.0,0.0,0.0,0.25682120532853137,0.0,0.0,0.13747433305053758,0.0,0.0,0.0,0.0,0.0,0.0,0.0,0.0,0.0,0.0,0.0,0.0,0.0,0.0,0.0
ac0ae00f56127b9a2036156b7fb50c8eb65347d8773ca8a6e5ca0f92cc39ca59,0.0,0.0,0.0,0.0,0.0,0.0,0.0,0.0,0.0,0.0,0.21810385054195983,0.0,0.14206567424581146,0.0,0.0,0.0,0.0,0.0,0.0,0.0,0.0,0.20762028662767082,0.0,0.0,0.0,0.0,0.0,0.0,0.0,0.0,0.0,0.0,0.0,0.0,0.0,0.0,0.0,0.0,0.0,0.0,0.0,0.0,0.0,0.24624901185279996,0.0,0.0,0.0,0.0,0.35014078981511504,0.0,0.0,0.0,0.0,0.0,0.0,0.0,0.0,0.0,0.0,0.0,0.0,0.0,0.0,0.0,0.0,0.0,0.0,0.0,0.0,0.0,0.0,0.0,0.0,0.0,0.0,0.135059934767908,0.2883422655866044,0.22981893094021189,0.0,0.12356932496925735,0.0,0.0,0.0,0.0,0.0,0.0,0.0,0.0,0.29633290841230514,0.0,0.0,0.0,0.0,0.0,0.0,0.0,0.0,0.0,0.0,0.17389715504444223,0.0,0.0,0.0,0.0,0.0,0.0,0.0,0.0,0.0,0.0,0.0,0.0,0.0,0.0,0.0,0.0,0.17751129603846078,0.0,0.1807846955786809,0.16023453819531236,0.0,0.0,0.0,0.0,0.22452368831200603,0.0,0.0,0.0,0.0,0.0,0.0,0.0,0.0,0.20395639865785217,0.0,0.0,0.0,0.0,0.0,0.0,0.0,0.0,0.0,0.2194952283488463,0.0,0.1470251248679474,0.0,0.0,0.0,0.0,0.0,0.4083021269961496,0.0,0.0,0.0,0.0,0.0,0.0,0.0,0.0,0.0
abe871f5e7219a1448d1308f89acc883b4435574c916253a09c215809e706e1f,0.0,0.0,0.0,0.0,0.0,0.5761053718593452,0.0,0.0,0.0,0.0,0.0,0.0,0.2070644940440928,0.0,0.0,0.0,0.0,0.0,0.0,0.0,0.0,0.3026120829825695,0.0,0.0,0.0,0.0,0.0,0.0,0.0,0.0,0.0,0.0,0.0,0.0,0.0,0.0,0.0,0.0,0.0,0.0,0.0,0.0,0.0,0.0,0.0,0.0,0.0,0.0,0.0,0.0,0.0,0.0,0.0,0.0,0.0,0.0,0.0,0.0,0.0,0.0,0.0,0.0,0.0,0.0,0.0,0.0,0.0,0.0,0.0,0.0,0.0,0.0,0.0,0.0,0.0,0.1968534426546712,0.0,0.0,0.0,0.18010557363672058,0.0,0.0,0.0,0.0,0.0,0.0,0.0,0.0,0.0,0.0,0.0,0.0,0.0,0.0,0.0,0.0,0.0,0.0,0.0,0.0,0.0,0.0,0.0,0.0,0.0,0.0,0.0,0.0,0.0,0.0,0.0,0.0,0.0,0.0,0.0,0.0,0.25872742938394033,0.23929801082724816,0.0,0.23354609588796876,0.2784445010826649,0.0,0.0,0.0,0.0,0.0,0.0,0.0,0.0,0.0,0.0,0.0,0.0,0.0,0.0,0.0,0.0,0.0,0.0,0.0,0.0,0.0,0.40032922342961247,0.0,0.0,0.2142930250686412,0.0,0.0,0.0,0.0,0.0,0.0,0.0,0.0,0.0,0.0,0.0,0.0,0.0,0.0,0.0
aa7a7e346847c1e79c0148f579c63f5e08e53b6a385193358207cddd20fc1fef,0.0,0.0,0.0,0.0,0.0,0.0,0.0,0.0,0.0,0.0,0.0,0.0,0.20362881127368138,0.0,0.0,0.0,0.0,0.0,0.0,0.0,0.0,0.0,0.0,0.0,0.0,0.0,0.0,0.0,0.0,0.0,0.0,0.0,0.0,0.0,0.0,0.0,0.0,0.0,0.0,0.0,0.0,0.0,0.37338510069044195,0.35295924808791534,0.0,0.0,0.0,0.0,0.0,0.0,0.0,0.0,0.0,0.0,0.0,0.0,0.0,0.0,0.0,0.0,0.0,0.0,0.0,0.0,0.3936868281615159,0.0,0.0,0.0,0.0,0.0,0.0,0.0,0.0,0.0,0.0,0.19358718503601444,0.4132933102458526,0.32940930991233697,0.0,0.0,0.0,0.0,0.0,0.0,0.0,0.0,0.0,0.0,0.0,0.0,0.0,0.0,0.0,0.0,0.0,0.0,0.0,0.0,0.0,0.0,0.0,0.0,0.2734474079555493,0.0,0.0,0.0,0.0,0.0,0.0,0.0,0.0,0.0,0.0,0.0,0.0,0.0,0.0,0.0,0.0,0.0,0.0,0.0,0.0,0.0,0.3218194120182011,0.0,0.0,0.0,0.0,0.0,0.0,0.0,0.0,0.0,0.0,0.0,0.0,0.0,0.0,0.0,0.0,0.0,0.0,0.0,0.0,0.21073740411369904,0.0,0.0,0.0,0.0,0.0,0.0,0.0,0.0,0.0,0.0,0.0,0.0,0.0,0.0,0.0
aa5dd4972e0211d912506d36b72be348566efb407712dd97aab3c8f69bba0294,0.0,0.0,0.0,0.0,0.0,0.0,0.0,0.0,0.0,0.0,0.25123297311853987,0.0,0.16364489499005286,0.0,0.0,0.0,0.0,0.0,0.0,0.0,0.0,0.23915699681403924,0.0,0.0,0.0,0.0,0.34398836408755246,0.0,0.0,0.0,0.0,0.0,0.0,0.0,0.0,0.0,0.0,0.0,0.0,0.0,0.0,0.0,0.0,0.0,0.3177946950811901,0.0,0.0,0.0,0.0,0.0,0.0,0.0,0.0,0.0,0.0,0.0,0.0,0.0,0.31638371432061213,0.0,0.0,0.0,0.0,0.0,0.0,0.0,0.0,0.0,0.0,0.0,0.0,0.0,0.0,0.0,0.0,0.15557501106295088,0.0,0.26472752844831554,0.0,0.14233902253965494,0.0,0.0,0.0,0.0,0.0,0.0,0.0,0.0,0.0,0.0,0.0,0.0,0.0,0.0,0.0,0.0,0.0,0.0,0.0,0.20031145332881636,0.0,0.0,0.0,0.0,0.0,0.0,0.0,0.0,0.0,0.0,0.0,0.0,0.0,0.0,0.0,0.0,0.2044745682162456,0.0,0.0,0.18457353837198714,0.0,0.0,0.0,0.0,0.2586279591579868,0.0,0.29706575897993837,0.0,0.0,0.0,0.0,0.0,0.0,0.2349365785795904,0.0,0.0,0.0,0.0,0.0,0.0,0.0,0.0,0.0,0.2528356957769736,0.0,0.16935766678081998,0.0,0.0,0.0,0.0,0.0,0.0,0.0,0.0,0.0,0.0,0.0,0.0,0.0,0.0,0.0
aa4ebbd38ad2aa5a12d999f6880f4053f676fbabc00a8b26c68bf212a6a2c3b4,0.0,0.0,0.0,0.0,0.0,0.0,0.0,0.0,0.0,0.0,0.0,0.0,0.0,0.0,0.0,0.0,0.0,0.0,0.0,0.5244825393648783,0.455443235567181,0.0,0.0,0.0,0.0,0.0,0.0,0.0,0.0,0.0,0.0,0.0,0.0,0.0,0.0,0.0,0.0,0.0,0.0,0.0,0.0,0.0,0.0,0.0,0.0,0.0,0.0,0.33608833558601525,0.0,0.0,0.0,0.0,0.0,0.0,0.0,0.0,0.0,0.0,0.0,0.0,0.0,0.0,0.0,0.0,0.0,0.0,0.0,0.0,0.0,0.0,0.0,0.0,0.0,0.0,0.0,0.1531793040594242,0.0,0.0,0.0,0.14014713715366958,0.0,0.0,0.0,0.0,0.0,0.0,0.0,0.0,0.0,0.0,0.0,0.0,0.0,0.0,0.0,0.0,0.0,0.0,0.0,0.19722684772057847,0.0,0.0,0.2163701261511295,0.0,0.0,0.0,0.0,0.0,0.0,0.0,0.0,0.0,0.0,0.0,0.0,0.0,0.0,0.0,0.0,0.0,0.2166684733567909,0.0,0.0,0.0,0.0,0.0,0.0,0.0,0.4482899498035079,0.0,0.0,0.0,0.0,0.0,0.0,0.0,0.0,0.0,0.0,0.0,0.0,0.0,0.0,0.0,0.0,0.16674972000559157,0.0,0.0,0.0,0.0,0.0,0.0,0.0,0.0,0.0,0.0,0.0,0.0,0.0,0.0,0.0
1b5fd1069eddccb6aa751575d2e241dcaa5b2f4969d97dd6854950a8de2a8794,0.0,0.0,0.0,0.0,0.0,0.0,0.0,0.0,0.0,0.0,0.21812221804165977,0.0,0.14207763823096167,0.0,0.0,0.0,0.0,0.0,0.0,0.0,0.0,0.20763777125961502,0.0,0.0,0.0,0.0,0.29865309487022096,0.0,0.0,0.0,0.0,0.0,0.0,0.0,0.0,0.0,0.0,0.0,0.0,0.0,0.0,0.0,0.0,0.24626974958228107,0.2759115689017285,0.0,0.0,0.0,0.0,0.0,0.0,0.0,0.0,0.0,0.0,0.0,0.0,0.0,0.2746865455726205,0.0,0.0,0.0,0.0,0.0,0.2746865455726205,0.0,0.0,0.0,0.0,0.0,0.0,0.0,0.0,0.0,0.0,0.13507130876843648,0.28836654817704693,0.2298382850191729,0.0,0.12357973129419686,0.0,0.0,0.0,0.0,0.0,0.0,0.0,0.0,0.0,0.0,0.0,0.0,0.0,0.0,0.0,0.0,0.0,0.0,0.0,0.1739117997008074,0.0,0.0,0.0,0.0,0.0,0.0,0.0,0.0,0.0,0.0,0.0,0.0,0.0,0.0,0.0,0.0,0.1775262450577863,0.16419471802086313,0.0,0.16024803226167073,0.0,0.0,0.0,0.0,0.22454259645492722,0.0,0.25791456212381847,0.0,0.0,0.0,0.0,0.0,0.0,0.20397357473742092,0.0,0.0,0.0,0.0,0.0,0.0,0.0,0.0,0.0,0.21951371302268777,0.0,0.14703750651059233,0.0,0.0,0.0,0.0,0.0,0.0,0.0,0.0,0.0,0.0,0.0,0.0,0.0,0.0,0.0
a294620543334a721a2ae8eaaf9680a0786f4b9a216d75b55cfd28f39e9430ea,0.0,0.3734772962340016,0.0,0.0,0.0,0.0,0.0,0.0,0.0,0.0,0.0,0.0,0.0,0.0,0.0,0.0,0.0,0.0,0.0,0.0,0.0,0.0,0.0,0.0,0.0,0.0,0.0,0.0,0.0,0.0,0.0,0.0,0.0,0.0,0.28554388853558094,0.0,0.0,0.0,0.0,0.0,0.0,0.0,0.0,0.0,0.0,0.0,0.0,0.0,0.0,0.0,0.0,0.0,0.0,0.0,0.0,0.0,0.0,0.0,0.0,0.5951111915722858,0.0,0.0,0.0,0.0,0.0,0.0,0.0,0.0,0.0,0.0,0.0,0.0,0.0,0.0,0.0,0.0,0.0,0.0,0.0,0.0,0.0,0.0,0.0,0.0,0.0,0.0,0.0,0.0,0.0,0.0,0.0,0.0,0.0,0.0,0.0,0.0,0.0,0.0,0.0,0.0,0.0,0.0,0.0,0.0,0.0,0.0,0.0,0.0,0.5727648509432766,0.0,0.0,0.0,0.0,0.0,0.0,0.0,0.21793874304108346,0.0,0.22195764548384556,0.0,0.0,0.0,0.0,0.0,0.0,0.0,0.0,0.0,0.0,0.0,0.0,0.0,0.0,0.0,0.0,0.0,0.0,0.0,0.0,0.0,0.0,0.0,0.0,0.0,0.0,0.0,0.0,0.0,0.0,0.0,0.0,0.0,0.0,0.0,0.0,0.0,0.0,0.0,0.0,0.0,0.0
a5380558b5d0ead794ac3970b904c8412aaa417ffa426f18c3dc62b42e991711,0.0,0.0,0.0,0.0,0.0,0.0,0.0,0.0,0.0,0.0,0.0,0.0,0.3081878640181253,0.0,0.0,0.0,0.0,0.6039082635283006,0.0,0.0,0.0,0.0,0.0,0.0,0.0,0.0,0.0,0.0,0.0,0.0,0.0,0.0,0.0,0.0,0.0,0.0,0.0,0.0,0.0,0.0,0.0,0.0,0.0,0.0,0.0,0.0,0.0,0.0,0.0,0.0,0.0,0.0,0.0,0.0,0.0,0.0,0.0,0.0,0.0,0.0,0.0,0.0,0.0,0.0,0.0,0.0,0.0,0.0,0.0,0.0,0.0,0.0,0.0,0.0,0.0,0.0,0.0,0.0,0.0,0.0,0.0,0.0,0.0,0.0,0.0,0.0,0.0,0.0,0.0,0.0,0.0,0.0,0.0,0.0,0.0,0.0,0.0,0.0,0.0,0.3772409701110858,0.0,0.0,0.4138568213996434,0.0,0.0,0.0,0.0,0.0,0.0,0.0,0.0,0.0,0.0,0.0,0.0,0.0,0.0,0.0,0.0,0.0,0.0,0.0,0.0,0.0,0.0,0.0,0.0,0.0,0.0,0.0,0.0,0.0,0.0,0.0,0.0,0.0,0.0,0.0,0.0,0.0,0.0,0.0,0.0,0.4761584101586454,0.0,0.0,0.0,0.0,0.0,0.0,0.0,0.0,0.0,0.0,0.0,0.0,0.0,0.0,0.0,0.0,0.0
a4515730dc2be572ac039d78bfc3c3e2e1bfa4a737e67f0a709b29d94c737ca6,0.0,0.0,0.0,0.0,0.0,0.0,0.0,0.0,0.0,0.0,0.16723664228478577,0.0,0.10893244794054147,0.0,0.0,0.0,0.0,0.0,0.0,0.0,0.0,0.1591981045705406,0.0,0.0,0.0,0.0,0.0,0.0,0.0,0.0,0.0,0.0,0.0,0.0,0.0,0.0,0.0,0.0,0.0,0.0,0.0,0.0,0.0,0.18881765638651998,0.0,0.0,0.0,0.0,0.2684793041026913,0.0,0.0,0.0,0.0,0.0,0.0,0.0,0.0,0.0,0.0,0.0,0.0,0.0,0.0,0.0,0.0,0.0,0.0,0.0,0.0,0.0,0.0,0.0,0.0,0.0,0.0,0.10356062005169296,0.22109372303912903,0.17621947640271468,0.0,0.0947499044418771,0.0,0.0,0.0,0.0,0.0,0.0,0.0,0.0,0.22722075047375062,0.0,0.0,0.0,0.0,0.0,0.0,0.0,0.0,0.0,0.0,0.1333400407202549,0.0,0.0,0.0,0.0,0.0,0.0,0.0,0.0,0.0,0.0,0.0,0.0,0.0,0.0,0.0,0.0,0.13611127471305953,0.0,0.1386212365803199,0.12286388378403228,0.0,0.0,0.0,0.0,0.17215921522427188,0.0,0.0,0.0,0.0,0.0,0.0,0.0,0.0,0.15638872582616023,0.0,0.0,0.0,0.0,0.0,0.5168890335532539,0.0,0.0,0.0,0.16830351640000685,0.0,0.11273523210763547,0.23325118864806035,0.2523989677949801,0.0,0.0,0.0,0.31307598002922754,0.0,0.0,0.1636155019268329,0.0,0.0,0.0,0.0,0.0,0.0
a632288c7ae62bee60155ff916cd70e7ac14183b7789bcf64be9a186c0b75b0f,0.0,0.0,0.0,0.0,0.0,0.0,0.0,0.0,0.0,0.0,0.20139496924434203,0.0,0.1311820585666714,0.0,0.0,0.0,0.0,0.0,0.0,0.0,0.0,0.19171454853263553,0.0,0.0,0.0,0.0,0.0,0.0,0.0,0.0,0.0,0.0,0.0,0.0,0.0,0.0,0.0,0.0,0.0,0.0,0.0,0.0,0.0,0.22738393680492716,0.0,0.0,0.0,0.0,0.3233165917097755,0.3197932911259155,0.0,0.0,0.0,0.0,0.0,0.0,0.0,0.0,0.0,0.0,0.0,0.0,0.0,0.0,0.0,0.0,0.0,0.0,0.0,0.0,0.0,0.0,0.45729673778502644,0.0,0.0,0.12471302703338903,0.26625243692562045,0.2122125602709941,0.0,0.11410270996999185,0.0,0.0,0.0,0.0,0.0,0.0,0.0,0.0,0.2736309186082027,0.0,0.0,0.0,0.0,0.0,0.0,0.0,0.0,0.0,0.0,0.16057493760348046,0.0,0.0,0.0,0.0,0.0,0.0,0.0,0.0,0.0,0.0,0.0,0.0,0.0,0.0,0.0,0.0,0.1639122001622405,0.0,0.16693482538453225,0.0,0.0,0.0,0.0,0.0,0.20732298485268355,0.0,0.0,0.0,0.0,0.0,0.0,0.0,0.0,0.18833135010141674,0.0,0.0,0.0,0.0,0.0,0.0,0.0,0.0,0.0,0.20267975394634918,0.0,0.1357615669202928,0.0,0.0,0.0,0.0,0.0,0.0,0.0,0.0,0.0,0.0,0.0,0.0,0.0,0.0,0.0
9540d034f1814af5581f3540d9130367acf7f1376047a3b00c6d2f5069c3b02e,0.0,0.0,0.0,0.0,0.0,0.0,0.3053290310712688,0.0,0.0,0.0,0.0,0.0,0.11462334858449567,0.0,0.0,0.0,0.29615127878280734,0.22460971207935287,0.0,0.0,0.0,0.0,0.0,0.0,0.0,0.3025983972925166,0.0,0.0,0.0,0.0,0.0,0.0,0.0,0.0,0.0,0.0,0.0,0.0,0.0,0.0,0.0,0.0,0.0,0.0,0.0,0.0,0.0,0.0,0.0,0.27942676219766094,0.0,0.0,0.0,0.0,0.0,0.0,0.0,0.0,0.0,0.0,0.16627006800268362,0.3039521431457224,0.0,0.0,0.0,0.0,0.0,0.0,0.0,0.0,0.0,0.0,0.0,0.0,0.0,0.10897088311364272,0.0,0.0,0.0,0.0,0.0,0.0,0.0,0.0,0.0,0.0,0.0,0.0,0.23909132475751807,0.0,0.0,0.0,0.0,0.0,0.0,0.0,0.0,0.0,0.0,0.14030605440989466,0.0,0.0,0.15392447348469493,0.0,0.0,0.0,0.0,0.0,0.0,0.0,0.0,0.0,0.0,0.0,0.23042210719235173,0.2622629598523737,0.14322206452416134,0.1324666473470206,0.145863153010503,0.12928259711109266,0.15413671598491416,0.0,0.0,0.0,0.0,0.0,0.0,0.0,0.0,0.0,0.0,0.0,0.2937103046409601,0.0,0.0,0.0,0.0,0.0,0.0,0.0,0.0,0.0,0.0,0.17709610857955055,0.0,0.1186247996068241,0.0,0.0,0.0,0.0,0.0,0.0,0.0,0.0,0.0,0.0,0.0,0.0,0.0,0.0,0.0
a74798d23c9bde7440ed3dde108f8fd57a6f38dc66aab56a5a6db8fb009c88d1,0.0,0.0,0.0,0.0,0.0,0.0,0.0,0.0,0.0,0.0,0.2622043006527603,0.0,0.17079125687063232,0.0,0.0,0.0,0.0,0.0,0.0,0.0,0.0,0.24960096725142805,0.0,0.0,0.0,0.0,0.35901031348980905,0.0,0.0,0.0,0.0,0.0,0.0,0.0,0.0,0.0,0.0,0.0,0.0,0.0,0.0,0.0,0.0,0.0,0.3316727686680052,0.0,0.0,0.0,0.0,0.0,0.0,0.0,0.0,0.0,0.0,0.0,0.0,0.0,0.3302001704697294,0.0,0.0,0.0,0.0,0.0,0.0,0.0,0.0,0.0,0.0,0.0,0.0,0.0,0.0,0.0,0.0,0.16236896163928005,0.0,0.2762881623327887,0.0,0.1485549583612897,0.0,0.0,0.0,0.0,0.0,0.0,0.0,0.0,0.0,0.0,0.0,0.0,0.0,0.0,0.0,0.0,0.0,0.0,0.0,0.0,0.0,0.0,0.0,0.0,0.0,0.0,0.0,0.0,0.0,0.0,0.0,0.0,0.0,0.0,0.0,0.0,0.0,0.0,0.0,0.19263385274271905,0.0,0.0,0.0,0.0,0.2699222252497646,0.0,0.3100386012805105,0.0,0.0,0.0,0.0,0.0,0.0,0.2451962436282129,0.0,0.0,0.0,0.0,0.0,0.0,0.0,0.0,0.0,0.2638770141050533,0.0,0.17675350503254117,0.0,0.0,0.0,0.0,0.0,0.0,0.0,0.0,0.0,0.0,0.0,0.0,0.0,0.0,0.0
a36813a35722d441ec430098be1f72cde0fb40c561ea21b858ba7c10516d62e4,0.0,0.0,0.0,0.0,0.0,0.0,0.0,0.0,0.0,0.0,0.24277874663654794,0.0,0.15813808994096035,0.0,0.0,0.0,0.0,0.0,0.0,0.0,0.0,0.23110913832348623,0.0,0.0,0.0,0.0,0.0,0.0,0.0,0.0,0.0,0.0,0.0,0.0,0.0,0.0,0.0,0.0,0.0,0.0,0.0,0.0,0.0,0.2741080742479129,0.0,0.0,0.0,0.0,0.389753513688153,0.38550622537214957,0.0,0.0,0.0,0.0,0.0,0.0,0.0,0.0,0.0,0.0,0.0,0.0,0.0,0.0,0.0,0.0,0.0,0.0,0.0,0.0,0.0,0.0,0.0,0.0,0.0,0.1503397652186723,0.3209634936178758,0.2558191974528294,0.0,0.13754918019197945,0.0,0.0,0.0,0.0,0.0,0.0,0.0,0.0,0.0,0.0,0.0,0.0,0.0,0.0,0.0,0.0,0.0,0.0,0.0,0.19357078401157773,0.0,0.0,0.0,0.0,0.0,0.0,0.0,0.0,0.0,0.0,0.0,0.0,0.0,0.0,0.0,0.0,0.19759380615683228,0.0,0.0,0.0,0.0,0.0,0.0,0.0,0.24992488442159333,0.0,0.0,0.0,0.0,0.0,0.0,0.0,0.0,0.22703074114288183,0.0,0.0,0.0,0.0,0.0,0.0,0.0,0.0,0.0,0.2443275361660057,0.0,0.16365862157328184,0.0,0.0,0.0,0.0,0.0,0.0,0.0,0.0,0.0,0.0,0.0,0.0,0.0,0.0,0.0
b2fd01b66512f2a7ec6cfa1fa7907582ec461a36fc709f14f1d9504f064e6606,0.0,0.0,0.0,0.0,0.0,0.0,0.0,0.0,0.0,0.0,0.2456341498756618,0.0,0.15999800568935446,0.0,0.0,0.0,0.0,0.0,0.0,0.0,0.0,0.23382729133852592,0.0,0.0,0.0,0.0,0.0,0.0,0.0,0.0,0.0,0.0,0.0,0.0,0.0,0.0,0.0,0.0,0.0,0.0,0.0,0.0,0.0,0.2773319523423429,0.0,0.0,0.0,0.33373772107721383,0.0,0.0,0.0,0.0,0.0,0.0,0.0,0.0,0.0,0.0,0.0,0.0,0.0,0.0,0.0,0.0,0.0,0.0,0.0,0.0,0.0,0.0,0.0,0.0,0.0,0.0,0.47981716616269277,0.15210796222322998,0.32473845420240255,0.2588279738599663,0.0,0.13916694278487074,0.0,0.0,0.0,0.0,0.0,0.0,0.0,0.0,0.0,0.0,0.0,0.0,0.0,0.0,0.0,0.0,0.0,0.0,0.0,0.0,0.0,0.0,0.0,0.0,0.3649520835492529,0.0,0.0,0.0,0.0,0.0,0.0,0.0,0.0,0.0,0.0,0.0,0.19991777397504376,0.0,0.0,0.0,0.0,0.0,0.0,0.0,0.0,0.0,0.0,0.0,0.0,0.0,0.0,0.0,0.0,0.22970092674445874,0.0,0.0,0.0,0.0,0.0,0.0,0.0,0.0,0.0,0.0,0.0,0.0,0.0,0.0,0.0,0.0,0.0,0.0,0.0,0.0,0.0,0.0,0.0,0.0,0.0,0.0,0.0
af890b72e50681eee069a7024c0649ac99f60e781cb267d4849dae4b310d59c1,0.0,0.0,0.0,0.0,0.0,0.0,0.0,0.0,0.0,0.0,0.0,0.0,0.17552687953129617,0.0,0.0,0.0,0.0,0.0,0.0,0.0,0.0,0.0,0.0,0.0,0.0,0.0,0.3689647889537501,0.0,0.0,0.0,0.0,0.0,0.0,0.0,0.0,0.0,0.0,0.0,0.0,0.0,0.0,0.0,0.3218558374806114,0.0,0.3408692410636563,0.0,0.0,0.0,0.0,0.0,0.0,0.0,0.0,0.0,0.0,0.0,0.0,0.0,0.3393558113291204,0.0,0.0,0.0,0.0,0.0,0.0,0.0,0.0,0.0,0.0,0.0,0.0,0.0,0.0,0.0,0.0,0.16687105471017924,0.0,0.28394895543420245,0.0,0.152674023002301,0.0,0.0,0.0,0.0,0.0,0.0,0.0,0.0,0.0,0.0,0.0,0.0,0.0,0.0,0.0,0.0,0.0,0.0,0.0,0.0,0.0,0.0,0.235710113584317,0.0,0.0,0.0,0.0,0.0,0.0,0.0,0.0,0.0,0.0,0.0,0.0,0.0,0.0,0.0,0.0,0.19797511701452183,0.0,0.0,0.0,0.0,0.0,0.0,0.3186352112756968,0.0,0.0,0.0,0.0,0.0,0.0,0.2519949340817585,0.0,0.0,0.0,0.0,0.0,0.0,0.0,0.0,0.0,0.27119367650640064,0.0,0.18165444621138552,0.0,0.0,0.0,0.0,0.0,0.0,0.0,0.0,0.0,0.0,0.0,0.0,0.0,0.0,0.0
a5321ffc44084cba8e5bedc4fe98bc151b5f90a01192fa8d695ffcb0c8363ebd,0.0,0.0,0.0,0.0,0.0,0.0,0.0,0.0,0.0,0.0,0.19213350299038284,0.0,0.12514944408231402,0.0,0.0,0.0,0.0,0.0,0.0,0.0,0.0,0.18289825173887683,0.0,0.0,0.0,0.0,0.26306932788192755,0.0,0.0,0.0,0.0,0.0,0.0,0.0,0.2048821818829978,0.0,0.0,0.0,0.0,0.0,0.0,0.36175357607850017,0.0,0.0,0.2430373976782897,0.0,0.0,0.0,0.0,0.0,0.0,0.0,0.0,0.0,0.0,0.0,0.0,0.0,0.24195833280548748,0.0,0.0,0.0,0.0,0.0,0.0,0.0,0.0,0.0,0.4270015373735709,0.0,0.0,0.0,0.0,0.0,0.0,0.11897790119766122,0.0,0.0,0.0,0.10885551634923034,0.0,0.0,0.0,0.0,0.0,0.0,0.0,0.0,0.0,0.0,0.0,0.0,0.0,0.0,0.0,0.0,0.0,0.0,0.0,0.0,0.0,0.0,0.0,0.0,0.28546324797040973,0.0,0.0,0.0,0.0,0.0,0.0,0.0,0.0,0.0,0.0,0.0,0.0,0.14463132930291983,0.0,0.14115488125042905,0.16829140446865967,0.0,0.0,0.0,0.19778890942325392,0.0,0.0,0.0,0.0,0.0,0.0,0.0,0.0,0.17967063503950936,0.0,0.0,0.0,0.0,0.0,0.0,0.0,0.0,0.0,0.0,0.0,0.12951835649982077,0.2679757697796083,0.0,0.0,0.0,0.0,0.0,0.0,0.0,0.18797327606709557,0.0,0.0,0.0,0.0,0.0,0.0
a3634cede75096cc15c97ba0d1c17253ad6d75fd705383dfe82469a5b3c5cb63,0.0,0.26594134490280014,0.0,0.0,0.0,0.0,0.0,0.0,0.0,0.0,0.0,0.0,0.12419933153083532,0.0,0.0,0.0,0.0,0.0,0.0,0.0,0.0,0.18150972040424046,0.0,0.0,0.0,0.0,0.0,0.0,0.0,0.0,0.0,0.0,0.0,0.0,0.0,0.0,0.0,0.0,0.0,0.0,0.0,0.0,0.0,0.21528045268224397,0.0,0.0,0.0,0.0,0.0,0.0,0.0,0.0,0.3569535815372032,0.0,0.0,0.0,0.0,0.0,0.0,0.0,0.0,0.0,0.0,0.0,0.24012142773076617,0.0,0.0,0.2033267524201762,0.0,0.0,0.0,0.0,0.0,0.0,0.0,0.11807464191348782,0.0,0.0,0.0,0.0,0.0,0.0,0.0,0.0,0.0,0.0,0.0,0.0,0.2590657407623689,0.0,0.0,0.0,0.0,0.0,0.0,0.0,0.0,0.0,0.0,0.0,0.0,0.0,0.1667837918636829,0.0,0.0,0.0,0.1985712939567374,0.0,0.0,0.0,0.0,0.0,0.0,0.0,0.0,0.0,0.0,0.1435333137079215,0.1580490041741362,0.14008325823714338,0.0,0.0,0.0,0.0,0.0,0.0,0.22545994293467733,0.0,0.0,0.0,0.0,0.0,0.0,0.1783066072027504,0.0,0.0,0.0,0.39133159320128863,0.0,0.0,0.0,0.0,0.0,0.19189125578614924,0.0,0.12853507593425603,0.26594134490280014,0.0,0.0,0.0,0.0,0.0,0.0,0.0,0.18654621604103225,0.0,0.0,0.0,0.0,0.0,0.0
a1220eb6311115d3a4a6cbf77665fb444a54f9d715ee0e5c9651459222118c95,0.0,0.0,0.0,0.0,0.0,0.0,0.0,0.0,0.0,0.0,0.13720457692384913,0.0,0.08937054839638404,0.0,0.0,0.0,0.0,0.0,0.0,0.0,0.0,0.13060958583157847,0.0,0.0,0.0,0.0,0.0,0.0,0.0,0.0,0.0,0.0,0.0,0.0,0.0,0.0,0.0,0.0,0.0,0.0,0.0,0.0,0.0,0.15491011004722877,0.0,0.0,0.0,0.0,0.22026625761530474,0.0,0.0,0.0,0.25685434004218494,0.0,0.0,0.0,0.0,0.0,0.172785017548129,0.0,0.0,0.0,0.0,0.0,0.172785017548129,0.0,0.0,0.14630854404345553,0.30492633699655425,0.3919867393242899,0.308147597193045,0.2837956095594955,0.0,0.0,0.0,0.08496338401704848,0.0,0.0,0.0,0.07773488139270994,0.0,0.0,0.0,0.0,0.0,0.0,0.0,0.0,0.0,0.0,0.0,0.0,0.0,0.0,0.0,0.0,0.0,0.0,0.0,0.0,0.0,0.0,0.0,0.0,0.20385233993807098,0.0,0.0,0.0,0.0,0.0,0.0,0.0,0.0,0.2598454198758647,0.0,0.0,0.1116686487269309,0.1032827697308694,0.11372787600743331,0.10080020122087033,0.1201786809206232,0.0,0.0,0.0,0.0,0.0,0.0,0.0,0.0,0.0,0.0,0.3624701328911697,0.0,0.0,0.0,0.0,0.0,0.0,0.0,0.0,0.0,0.0,0.0,0.0,0.0,0.0,0.0,0.0,0.0,0.0,0.0,0.0,0.0,0.0,0.0,0.0,0.0,0.0,0.0,0.0,0.0
a915e631517c5b9eadd5062e2c12d33521950a2650d56e69f60ed0d783f35345,0.0,0.0,0.0,0.0,0.0,0.0,0.0,0.0,0.0,0.0,0.232728919190369,0.0,0.15159196290722052,0.0,0.0,0.0,0.0,0.0,0.0,0.0,0.0,0.22154237437250826,0.0,0.0,0.0,0.0,0.0,0.0,0.0,0.0,0.0,0.0,0.0,0.0,0.0,0.0,0.0,0.0,0.0,0.0,0.0,0.0,0.0,0.26276136912664494,0.0,0.0,0.0,0.0,0.37361966501575755,0.3695481932210986,0.0,0.0,0.0,0.0,0.0,0.0,0.0,0.0,0.0,0.0,0.0,0.0,0.0,0.0,0.0,0.0,0.0,0.0,0.0,0.0,0.0,0.0,0.0,0.0,0.0,0.14411644987629355,0.30767720817456495,0.24522956047908825,0.0,0.13185533118153783,0.0,0.0,0.0,0.0,0.0,0.0,0.0,0.0,0.0,0.0,0.0,0.0,0.0,0.0,0.0,0.0,0.0,0.0,0.0,0.18555792042739333,0.0,0.0,0.0,0.0,0.0,0.0,0.0,0.0,0.0,0.0,0.0,0.0,0.0,0.0,0.0,0.0,0.18941440955057698,0.0,0.0,0.1709791496046453,0.0,0.0,0.0,0.0,0.2395792425656224,0.0,0.0,0.0,0.0,0.0,0.0,0.0,0.0,0.2176328024638434,0.0,0.0,0.0,0.0,0.0,0.0,0.0,0.0,0.0,0.2342135965694135,0.0,0.15688397210467228,0.0,0.0,0.0,0.0,0.0,0.0,0.0,0.0,0.22768968813293186,0.0,0.0,0.0,0.0,0.0,0.0
d120e6bb00677771286e6b3f0d29425c87c3f6aa00cf454a4205c8cc746ea297,0.35169399634396903,0.0,0.0,0.0,0.0,0.0,0.0,0.0,0.0,0.0,0.14318421753221647,0.0,0.09326548960289846,0.0,0.0,0.0,0.0,0.0,0.0,0.0,0.0,0.1363018039834118,0.0,0.0,0.0,0.0,0.0,0.0,0.0,0.0,0.0,0.0,0.0,0.0,0.0,0.0,0.0,0.0,0.0,0.0,0.0,0.0,0.0,0.16166139200482102,0.0,0.0,0.0,0.0,0.2298658867838025,0.0,0.0,0.0,0.26804854854883037,0.0,0.0,0.0,0.0,0.0,0.0,0.0,0.0,0.0,0.0,0.0,0.18031532251763227,0.35739652933187027,0.0,0.15268495313219108,0.0,0.0,0.3215772649698644,0.0,0.0,0.0,0.0,0.08866625248312471,0.18929542773726363,0.15087511623016503,0.0,0.081122717745432,0.0,0.0,0.0,0.0,0.0,0.0,0.0,0.0,0.0,0.0,0.0,0.0,0.0,0.0,0.0,0.0,0.0,0.0,0.0,0.11416271658774198,0.0,0.0,0.0,0.0,0.0,0.0,0.14911391811604244,0.0,0.0,0.0,0.0,0.0,0.0,0.0,0.0,0.0,0.11653538423663383,0.10778403242832398,0.11868435662144995,0.10519326878512841,0.12541630007885163,0.0,0.0,0.0,0.14739881276060743,0.0,0.16930551641836847,0.0,0.0,0.0,0.0,0.0,0.0,0.13389647766395166,0.0,0.0,0.0,0.0,0.0,0.0,0.0,0.0,0.0,0.0,0.0,0.0,0.19970437386657747,0.0,0.0,0.0,0.0,0.0,0.0,0.0,0.0,0.0,0.32886674681994377,0.0,0.0,0.0,0.0
d034c82de08e2aabe9f27089610a46d42fa741cfcaedec06a016810c660b402c,0.0,0.0,0.0,0.0,0.0,0.0,0.0,0.0,0.0,0.0,0.0,0.0,0.0,0.0,0.0,0.0,0.0,0.0,0.0,0.4819421202726551,0.41850254706073836,0.0,0.0,0.0,0.0,0.0,0.0,0.0,0.0,0.0,0.0,0.0,0.0,0.0,0.0,0.0,0.0,0.0,0.0,0.0,0.0,0.0,0.27148405090790434,0.0,0.0,0.0,0.0,0.3088284411667459,0.0,0.0,0.0,0.0,0.0,0.0,0.0,0.0,0.0,0.0,0.0,0.0,0.0,0.0,0.0,0.0,0.0,0.0,0.0,0.0,0.0,0.0,0.0,0.0,0.0,0.0,0.0,0.14075503575330686,0.0,0.0,0.0,0.12877989896817732,0.0,0.0,0.0,0.0,0.0,0.0,0.0,0.0,0.0,0.0,0.0,0.0,0.0,0.0,0.0,0.0,0.0,0.0,0.0,0.18122991335469565,0.0,0.0,0.19882049359967713,0.0,0.0,0.0,0.0,0.0,0.0,0.0,0.0,0.0,0.0,0.0,0.0,0.0,0.0,0.0,0.0,0.0,0.19909464206808564,0.0,0.0,0.0,0.0,0.0,0.0,0.0,0.41192945939983067,0.0,0.0,0.0,0.0,0.0,0.0,0.0,0.0,0.0,0.0,0.0,0.0,0.0,0.2862452055551672,0.0,0.0,0.15322476456829764,0.0,0.0,0.0,0.0,0.0,0.0,0.0,0.0,0.0,0.0,0.0,0.0,0.0,0.0,0.0
f3b7556c1a960019ed0c01cdff84412b5c58beed377181573bb34a92f00ddb76,0.0,0.22026300271677204,0.0,0.0,0.0,0.0,0.0,0.0,0.0,0.0,0.15792436131803575,0.2765488004730043,0.1028667344236989,0.0,0.0,0.0,0.0,0.0,0.0,0.0,0.0,0.15033343556689968,0.0,0.0,0.0,0.0,0.0,0.0,0.0,0.0,0.0,0.0,0.0,0.0,0.0,0.0,0.0,0.0,0.0,0.0,0.0,0.297343782149083,0.0,0.1783036742607589,0.19976487810490048,0.0,0.0,0.0,0.0,0.0,0.0,0.0,0.0,0.0,0.0,0.28769151970831647,0.3170004002427884,0.0,0.19887793944919635,0.0,0.0,0.0,0.0,0.0,0.0,0.0,0.0,0.0,0.0,0.0,0.0,0.0,0.0,0.0,0.0,0.09779402740885595,0.0,0.0,0.0,0.08947392114251768,0.0,0.0,0.0,0.0,0.0,0.0,0.0,0.0,0.0,0.0,0.0,0.0,0.0,0.0,0.0,0.0,0.0,0.0,0.0,0.12591523293686005,0.0,0.0,0.1381368467314129,0.0,0.0,0.0,0.1644644967718416,0.0,0.0,0.0,0.0,0.0,0.0,0.2990856638702978,0.0,0.0,0.12853215559446302,0.1188798931536964,0.1309023546094894,0.11602242254185618,0.1383273200788861,0.0,0.0,0.0,0.16257282936241307,0.0,0.1867347254384033,0.0,0.0,0.0,0.0,0.0,0.0,0.0,0.0,0.0,0.0,0.0,0.0,0.0,0.0,0.0,0.19887793944919635,0.0,0.0,0.10645776718191455,0.22026300271677204,0.0,0.0,0.0,0.0,0.0,0.0,0.0,0.1545048578500168,0.0,0.0,0.0,0.0,0.0,0.0
d30d7676a3b4c91b77d403f81748ebf6b8824749db5f860e114a8a204bca5b8f,0.0,0.0,0.0,0.0,0.0,0.0,0.0,0.0,0.0,0.0,0.0,0.0,0.16609486256658226,0.0,0.0,0.0,0.0,0.0,0.0,0.0,0.0,0.0,0.0,0.0,0.0,0.0,0.0,0.0,0.0,0.0,0.0,0.0,0.0,0.0,0.27191393530933866,0.0,0.0,0.0,0.0,0.0,0.0,0.0,0.3045607671904337,0.0,0.0,0.0,0.0,0.0,0.0,0.0,0.0,0.0,0.0,0.0,0.0,0.0,0.0,0.0,0.0,0.0,0.0,0.0,0.0,0.0,0.0,0.0,0.0,0.0,0.0,0.0,0.0,0.0,0.0,0.0,0.0,0.0,0.0,0.0,0.0,0.1444700147109551,0.0,0.0,0.0,0.0,0.0,0.0,0.0,0.0,0.0,0.0,0.0,0.0,0.0,0.0,0.0,0.0,0.0,0.0,0.0,0.20331036487990942,0.7881270880560961,0.0,0.22304412307609103,0.0,0.0,0.0,0.0,0.0,0.0,0.0,0.0,0.0,0.0,0.0,0.0,0.0,0.20753580677419203,0.0,0.0,0.0,0.0,0.0,0.0,0.0,0.0,0.0,0.0,0.0,0.0,0.0,0.0,0.0,0.0,0.0,0.0,0.0,0.0,0.0,0.0,0.0,0.0,0.0,0.0,0.0,0.0,0.17189316165510188,0.0,0.0,0.0,0.0,0.0,0.0,0.0,0.0,0.0,0.0,0.0,0.0,0.0,0.0,0.0
d29a1b857a9b293a671c4ba7d8caa2a9cf8717244a6aa57211d9c66d2f2ea257,0.0,0.0,0.0,0.0,0.0,0.0,0.0,0.0,0.0,0.0,0.0,0.0,0.0,0.0,0.0,0.0,0.0,0.0,0.0,0.0,0.0,0.0,0.0,0.0,0.0,0.0,0.0,0.0,0.0,0.0,0.0,0.0,0.0,0.0,0.3458032475954962,0.0,0.0,0.0,0.0,0.0,0.0,0.0,0.0,0.0,0.0,0.0,0.0,0.0,0.0,0.0,0.0,0.0,0.0,0.0,0.0,0.0,0.0,0.0,0.0,0.0,0.0,0.0,0.0,0.0,0.0,0.0,0.0,0.0,0.0,0.0,0.0,0.0,0.0,0.0,0.0,0.0,0.0,0.0,0.0,0.0,0.0,0.0,0.0,0.0,0.0,0.0,0.0,0.0,0.0,0.0,0.0,0.0,0.0,0.0,0.0,0.0,0.0,0.0,0.0,0.25855748939573897,0.0,0.0,0.2836536569155854,0.7846411935983392,0.0,0.0,0.0,0.0,0.0,0.0,0.0,0.0,0.0,0.0,0.0,0.0,0.2639311438496996,0.0,0.0,0.0,0.0,0.0,0.0,0.0,0.0,0.0,0.0,0.0,0.0,0.0,0.0,0.0,0.0,0.0,0.0,0.0,0.0,0.0,0.0,0.0,0.0,0.0,0.0,0.0,0.0,0.21860304243756198,0.0,0.0,0.0,0.0,0.0,0.0,0.0,0.0,0.0,0.0,0.0,0.0,0.0,0.0,0.0
b74441c89735dcb4e566607c71e88222ae2c10864ee56a21864b222b8cf05103,0.0,0.0,0.0,0.0,0.0,0.39267647678862055,0.0,0.0,0.0,0.0,0.0,0.0,0.0,0.0,0.0,0.0,0.0,0.0,0.0,0.0,0.0,0.0,0.0,0.0,0.0,0.0,0.0,0.0,0.0,0.0,0.0,0.0,0.0,0.0,0.0,0.0,0.0,0.0,0.0,0.0,0.0,0.0,0.0,0.0,0.0,0.0,0.0,0.0,0.0,0.0,0.0,0.0,0.0,0.0,0.0,0.0,0.0,0.0,0.0,0.0,0.0,0.0,0.0,0.0,0.272866521804009,0.0,0.0,0.0,0.0,0.0,0.0,0.0,0.0,0.0,0.0,0.13417635051009313,0.0,0.0,0.0,0.1227609141664588,0.5607407849547626,0.0,0.0,0.0,0.0,0.0,0.0,0.0,0.0,0.0,0.0,0.0,0.0,0.0,0.0,0.0,0.0,0.0,0.0,0.17275949131803736,0.0,0.0,0.1895279134778186,0.0,0.0,0.0,0.0,0.0,0.0,0.0,0.0,0.0,0.0,0.0,0.0,0.0,0.0,0.0,0.17960197243179302,0.0,0.0,0.0,0.0,0.0,0.0,0.0,0.2562056665084259,0.0,0.0,0.0,0.0,0.0,0.0,0.0,0.0,0.0,0.0,0.0,0.0,0.0,0.0,0.0,0.0,0.0,0.0,0.0,0.0,0.0,0.5100788164396196,0.0,0.0,0.0,0.0,0.0,0.0,0.0,0.0,0.0,0.0,0.0,0.0
d9df2e7b3f7714448b36cc5aca8db9a27bb52b00b2310abc300d0ffb6002afce,0.0,0.0,0.0,0.0,0.0,0.0,0.0,0.0,0.0,0.0,0.3316466876159683,0.0,0.21602374359955756,0.0,0.0,0.0,0.0,0.0,0.0,0.0,0.0,0.31570547778429986,0.0,0.0,0.0,0.0,0.0,0.0,0.0,0.0,0.0,0.0,0.0,0.0,0.0,0.0,0.0,0.0,0.0,0.0,0.0,0.0,0.0,0.0,0.0,0.0,0.0,0.0,0.0,0.0,0.0,0.0,0.0,0.0,0.0,0.0,0.0,0.0,0.0,0.0,0.0,0.0,0.0,0.0,0.0,0.0,0.0,0.0,0.0,0.0,0.74484490384467,0.0,0.0,0.0,0.0,0.20537088127560646,0.0,0.0,0.0,0.1878983668337904,0.0,0.0,0.0,0.0,0.0,0.0,0.0,0.0,0.0,0.0,0.0,0.0,0.0,0.0,0.0,0.0,0.0,0.0,0.0,0.0,0.0,0.0,0.0,0.0,0.0,0.0,0.0,0.0,0.0,0.0,0.0,0.0,0.0,0.0,0.0,0.0,0.0,0.0,0.0,0.0,0.0,0.0,0.0,0.0,0.0,0.0,0.0,0.0,0.0,0.0,0.0,0.0,0.0,0.0,0.0,0.0,0.0,0.0,0.0,0.0,0.0,0.0,0.0,0.33376240377471394,0.0,0.0,0.0,0.0,0.0,0.0,0.0,0.0,0.0,0.0,0.0,0.0,0.0,0.0,0.0,0.0,0.0
d8f9367ba0766cdae24e569453778a563689a671074096915b69f26aeb5c3efd,0.0,0.0,0.0,0.0,0.0,0.0,0.0,0.0,0.0,0.0,0.0,0.0,0.22395611077782185,0.0,0.0,0.0,0.0,0.0,0.0,0.0,0.0,0.0,0.0,0.0,0.0,0.0,0.0,0.0,0.0,0.0,0.0,0.0,0.0,0.0,0.0,0.0,0.0,0.0,0.0,0.0,0.0,0.0,0.0,0.0,0.0,0.0,0.0,0.4671470854294489,0.0,0.0,0.0,0.0,0.0,0.0,0.0,0.0,0.0,0.0,0.0,0.0,0.0,0.0,0.0,0.0,0.4329867190601499,0.0,0.0,0.36663859722789505,0.0,0.0,0.0,0.0,0.0,0.0,0.0,0.2129120765667206,0.0,0.0,0.0,0.19479797339132104,0.0,0.0,0.0,0.0,0.0,0.0,0.0,0.0,0.0,0.0,0.0,0.0,0.0,0.0,0.0,0.0,0.0,0.0,0.0,0.0,0.0,0.0,0.3007443671892437,0.0,0.0,0.0,0.0,0.0,0.0,0.0,0.0,0.0,0.0,0.0,0.0,0.0,0.27983353256127136,0.2588191281617192,0.0,0.0,0.3011590558672299,0.0,0.0,0.0,0.0,0.0,0.0,0.0,0.0,0.0,0.0,0.0,0.0,0.0,0.0,0.0,0.0,0.0,0.0,0.0,0.0,0.0,0.0,0.0,0.0,0.0,0.0,0.0,0.0,0.0,0.0,0.0,0.0,0.0,0.0,0.0,0.0,0.0,0.0,0.0,0.0
d7d5d035494e9a243f80cf2f88d2362f31d0adeafa8af33693d1a196bb58c754,0.0,0.0,0.0,0.0,0.0,0.0,0.0,0.0,0.0,0.0,0.0,0.0,0.0,0.0,0.0,0.0,0.0,0.0,0.0,0.0,0.6785152104202267,0.0,0.0,0.0,0.0,0.0,0.0,0.0,0.0,0.0,0.0,0.0,0.0,0.0,0.0,0.0,0.0,0.0,0.0,0.0,0.0,0.0,0.0,0.41607668871479125,0.0,0.0,0.0,0.0,0.0,0.0,0.0,0.0,0.0,0.0,0.0,0.0,0.0,0.0,0.0,0.0,0.0,0.0,0.0,0.0,0.0,0.0,0.0,0.39297354135068086,0.0,0.0,0.0,0.0,0.0,0.0,0.0,0.0,0.0,0.0,0.0,0.0,0.0,0.0,0.0,0.0,0.0,0.0,0.0,0.0,0.0,0.0,0.0,0.0,0.0,0.0,0.0,0.0,0.0,0.0,0.0,0.0,0.0,0.0,0.0,0.0,0.0,0.0,0.0,0.0,0.0,0.0,0.0,0.0,0.0,0.0,0.0,0.0,0.0,0.0,0.3054643628444425,0.0,0.0,0.0,0.0,0.0,0.0,0.0,0.0,0.0,0.0,0.0,0.0,0.0,0.0,0.3446166234627598,0.0,0.0,0.0,0.0,0.0,0.0,0.0,0.0,0.0,0.0,0.0,0.0,0.0,0.0,0.0,0.0,0.0,0.0,0.0,0.0,0.0,0.0,0.0,0.0,0.0,0.0,0.0
1bdb8590762f40393359ab5a12face2f6affce13834fb427d800e4eb2fdb0e63,0.0,0.0,0.0,0.0,0.0,0.0,0.0,0.0,0.0,0.0,0.21255689833157335,0.0,0.13845257202950628,0.0,0.0,0.0,0.0,0.0,0.0,0.0,0.0,0.20233995890778553,0.0,0.0,0.0,0.0,0.0,0.0,0.0,0.0,0.0,0.0,0.0,0.0,0.0,0.0,0.0,0.0,0.0,0.0,0.0,0.0,0.0,0.23998625446814945,0.0,0.0,0.0,0.0,0.341235792387581,0.0,0.0,0.0,0.0,0.0,0.0,0.0,0.0,0.0,0.0,0.0,0.0,0.0,0.0,0.0,0.0,0.0,0.0,0.0,0.0,0.0,0.0,0.0,0.4826415305478778,0.0,0.0,0.1316250068570348,0.2810089665023879,0.22397403354935994,0.0,0.12042663336353387,0.0,0.0,0.0,0.0,0.0,0.0,0.0,0.0,0.28879638635071203,0.0,0.0,0.0,0.0,0.0,0.0,0.0,0.0,0.0,0.0,0.1694744948935243,0.0,0.0,0.0,0.0,0.0,0.0,0.0,0.0,0.0,0.0,0.0,0.0,0.0,0.0,0.0,0.0,0.17299671881535175,0.0,0.17618686723107324,0.0,0.0,0.0,0.0,0.0,0.21881346281130218,0.0,0.0,0.0,0.0,0.0,0.0,0.0,0.0,0.19876925320605748,0.0,0.0,0.0,0.0,0.0,0.0,0.0,0.0,0.0,0.21391288975632025,0.0,0.1432858908317665,0.0,0.0,0.0,0.0,0.0,0.0,0.0,0.0,0.0,0.0,0.0,0.0,0.0,0.0,0.0
d6f9b6e3d507310a7679029dc098040ec3f3223040fe945b7cc67532779327b1,0.0,0.0,0.0,0.0,0.0,0.0,0.0,0.0,0.0,0.0,0.33048364847873807,0.0,0.21526617816091762,0.0,0.0,0.0,0.0,0.42182395553994906,0.0,0.0,0.0,0.31459834226866856,0.0,0.0,0.0,0.0,0.0,0.0,0.0,0.0,0.0,0.0,0.0,0.0,0.3524123066676546,0.0,0.0,0.0,0.0,0.0,0.0,0.0,0.0,0.0,0.0,0.0,0.0,0.0,0.0,0.0,0.0,0.0,0.0,0.0,0.0,0.0,0.0,0.0,0.0,0.0,0.0,0.0,0.0,0.0,0.4161859923482099,0.0,0.0,0.0,0.0,0.0,0.0,0.0,0.0,0.0,0.0,0.2046506739541102,0.0,0.0,0.0,0.18723943320770703,0.0,0.0,0.0,0.0,0.0,0.0,0.0,0.0,0.0,0.0,0.0,0.0,0.0,0.0,0.0,0.0,0.0,0.0,0.0,0.0,0.0,0.0,0.0,0.0,0.0,0.0,0.0,0.0,0.0,0.0,0.0,0.0,0.0,0.0,0.0,0.0,0.26897544731652373,0.2487764426735679,0.0,0.24279669828619024,0.0,0.0,0.0,0.0,0.0,0.0,0.0,0.0,0.0,0.0,0.0,0.0,0.0,0.0,0.0,0.0,0.0,0.0,0.0,0.0,0.0,0.0,0.0,0.0,0.0,0.0,0.0,0.0,0.0,0.0,0.0,0.0,0.0,0.0,0.0,0.0,0.0,0.0,0.0,0.0,0.0
d6f5f66e63c87f7bd8b50fa0327beaed10a8b19f0402ec623616d4c638e962c3,0.0,0.0,0.0,0.0,0.0,0.0,0.0,0.0,0.0,0.0,0.2398116106933499,0.0,0.15620539518430215,0.0,0.0,0.0,0.0,0.0,0.0,0.0,0.0,0.2282846232428984,0.0,0.0,0.0,0.0,0.3283502265949933,0.0,0.0,0.0,0.0,0.0,0.0,0.0,0.0,0.0,0.0,0.0,0.0,0.0,0.0,0.0,0.0,0.0,0.3033473542553805,0.0,0.0,0.0,0.0,0.0,0.0,0.0,0.0,0.0,0.0,0.0,0.0,0.0,0.3020005184294482,0.0,0.0,0.0,0.0,0.0,0.0,0.0,0.0,0.0,0.0,0.0,0.0,0.0,0.0,0.0,0.0,0.14850237818520154,0.0,0.25269268680789764,0.0,0.1358681141095516,0.0,0.0,0.0,0.0,0.0,0.0,0.0,0.0,0.0,0.0,0.0,0.0,0.0,0.0,0.0,0.0,0.0,0.0,0.0,0.19120504632345298,0.0,0.0,0.0,0.0,0.35630121880911997,0.0,0.0,0.0,0.0,0.0,0.0,0.0,0.0,0.0,0.0,0.0,0.0,0.0,0.0,0.17618259649171286,0.0,0.0,0.0,0.0,0.246870411499476,0.0,0.2835607812880845,0.0,0.0,0.0,0.0,0.0,0.0,0.22425607045367033,0.0,0.0,0.0,0.0,0.0,0.0,0.0,0.0,0.0,0.24134147159274855,0.0,0.1616584572870262,0.0,0.0,0.0,0.0,0.0,0.0,0.0,0.0,0.0,0.0,0.0,0.0,0.0,0.0,0.0
d2fb9d582fc9194f578aa64d7b3c8c850ecae8b09da07b3dae555aee55e3a154,0.0,0.0,0.0,0.0,0.0,0.0,0.0,0.0,0.0,0.0,0.221082304736772,0.0,0.1440057413392847,0.0,0.0,0.0,0.0,0.0,0.0,0.0,0.0,0.2104555759272301,0.0,0.0,0.0,0.0,0.0,0.0,0.0,0.0,0.0,0.0,0.0,0.0,0.0,0.0,0.0,0.0,0.0,0.0,0.0,0.0,0.0,0.24961181998525075,0.0,0.0,0.0,0.0,0.0,0.0,0.0,0.0,0.0,0.0,0.0,0.0,0.0,0.0,0.0,0.0,0.0,0.0,0.0,0.0,0.0,0.0,0.0,0.0,0.0,0.0,0.0,0.45728931820119484,0.0,0.0,0.0,0.1369043305833003,0.29227990459822223,0.2329573677775498,0.0,0.1252568035414616,0.0,0.0,0.0,0.0,0.0,0.0,0.0,0.0,0.0,0.0,0.0,0.0,0.0,0.0,0.0,0.0,0.0,0.0,0.0,0.17627191692792574,0.0,0.0,0.0,0.0,0.3284740651509478,0.0,0.0,0.0,0.0,0.0,0.0,0.0,0.0,0.0,0.0,0.0,0.17993541309553487,0.16642296695664296,0.18325351460028996,0.1624227216283683,0.19364791141700005,0.0,0.0,0.0,0.22758981263592734,0.0,0.0,0.0,0.0,0.0,0.0,0.0,0.0,0.20674165343273018,0.0,0.0,0.0,0.0,0.0,0.0,0.0,0.0,0.0,0.22249268337768865,0.0,0.0,0.0,0.0,0.0,0.0,0.0,0.0,0.0,0.0,0.0,0.0,0.0,0.0,0.0,0.0,0.0
f61a423a862cf7a65e83afbf7d9127178e0e994f4041fcb8dc64980bc1558e91,0.0,0.0,0.0,0.0,0.0,0.0,0.0,0.0,0.0,0.0,0.0,0.0,0.0,0.0,0.0,0.0,0.0,0.0,0.0,0.0,0.0,0.0,0.0,0.0,0.0,0.0,0.38309426461216406,0.0,0.0,0.0,0.0,0.0,0.0,0.0,0.0,0.0,0.0,0.0,0.0,0.0,0.0,0.0,0.3341812797920477,0.0,0.3539228000711926,0.0,0.0,0.0,0.0,0.0,0.0,0.0,0.0,0.0,0.0,0.0,0.0,0.0,0.3523514136718609,0.0,0.0,0.0,0.0,0.0,0.0,0.0,0.0,0.0,0.0,0.0,0.0,0.0,0.0,0.0,0.0,0.0,0.0,0.29482275687584225,0.0,0.15852066191275146,0.0,0.0,0.0,0.0,0.0,0.0,0.0,0.0,0.0,0.0,0.0,0.0,0.0,0.0,0.0,0.0,0.0,0.0,0.0,0.22308361827862644,0.0,0.0,0.24473661262173343,0.0,0.0,0.0,0.0,0.0,0.0,0.0,0.0,0.0,0.0,0.0,0.0,0.0,0.0,0.0,0.0,0.20555655752205756,0.0,0.0,0.0,0.0,0.0,0.0,0.0,0.0,0.0,0.0,0.0,0.0,0.0,0.2616450589547803,0.0,0.0,0.0,0.0,0.0,0.0,0.0,0.0,0.3523514136718609,0.0,0.0,0.18861088799886502,0.0,0.0,0.0,0.0,0.0,0.0,0.0,0.0,0.0,0.0,0.0,0.0,0.0,0.0,0.0
bcc9c66a08adbbeb61f6983d39e2125a6f1a1e42af54b9d799f4013340771a3b,0.0,0.0,0.0,0.0,0.0,0.0,0.0,0.0,0.0,0.0,0.0,0.0,0.09567750394673097,0.0,0.0,0.0,0.0,0.0,0.0,0.0,0.0,0.13982681530000943,0.0,0.0,0.0,0.0,0.0,0.0,0.0,0.0,0.0,0.0,0.0,0.0,0.0,0.0,0.0,0.0,0.0,0.4539937684573765,0.0,0.0,0.0,0.16584224816093818,0.0,0.0,0.0,0.0,0.23581063460468435,0.0,0.0,0.0,0.0,0.0,0.0,0.0,0.0,0.0,0.0,0.0,0.0,0.0,0.0,0.0,0.0,0.0,0.0,0.15663366233438664,0.0,0.0,0.0,0.0,0.0,0.0,0.0,0.0,0.0,0.0,0.0,0.08322069803423732,0.0,0.0,0.0,0.0,0.0,0.0,0.0,0.0,0.0,0.0,0.0,0.0,0.0,0.38013108534631257,0.0,0.0,0.0,0.0,0.0,0.0,0.0,0.0,0.12848263116719327,0.0,0.0,0.0,0.0,0.0,0.0,0.0,0.4539937684573765,0.0,0.0,0.0,0.0,0.0,0.0,0.0,0.12175374886694537,0.10791375708433391,0.0,0.0,0.0,0.0,0.0,0.0,0.0,0.0,0.0,0.0,0.0,0.0,0.0,0.13735928288900526,0.0,0.0,0.0,0.0,0.0,0.0,0.0,0.0,0.0,0.0,0.0,0.09901756380983344,0.20486909038008305,0.22168696007397368,0.0,0.0,0.0,0.0,0.0,0.0,0.14370670197272636,0.3414477937548796,0.0,0.0,0.0,0.0,0.0
d0bef454a49faffb1607e1f20c91b1ee2fde7b3ddec800e83000158fa8bea386,0.0,0.0,0.0,0.0,0.0,0.0,0.0,0.0,0.0,0.0,0.0,0.0,0.2256888957964939,0.0,0.0,0.0,0.0,0.0,0.0,0.0,0.0,0.0,0.0,0.0,0.0,0.0,0.0,0.0,0.0,0.0,0.0,0.0,0.0,0.0,0.0,0.0,0.0,0.0,0.0,0.0,0.0,0.0,0.0,0.0,0.0,0.0,0.0,0.47076147875114527,0.0,0.0,0.0,0.0,0.0,0.0,0.0,0.0,0.0,0.0,0.0,0.0,0.0,0.0,0.0,0.0,0.4363368080461821,0.0,0.0,0.3694753399554632,0.0,0.0,0.0,0.0,0.0,0.0,0.0,0.21455941208834506,0.0,0.0,0.0,0.19630515713722482,0.0,0.0,0.0,0.0,0.0,0.0,0.0,0.0,0.0,0.0,0.0,0.0,0.0,0.0,0.0,0.0,0.0,0.0,0.0,0.2762571403154339,0.0,0.0,0.0,0.0,0.0,0.0,0.0,0.0,0.0,0.0,0.0,0.0,0.0,0.0,0.0,0.0,0.28199865032144394,0.2608216540417534,0.0,0.0,0.3034891726853499,0.0,0.0,0.0,0.0,0.0,0.0,0.0,0.0,0.0,0.0,0.0,0.0,0.0,0.0,0.0,0.0,0.0,0.0,0.0,0.0,0.0,0.0,0.0,0.0,0.0,0.0,0.0,0.0,0.0,0.0,0.0,0.0,0.0,0.0,0.0,0.0,0.0,0.0,0.0,0.0
d0b0c22cd8d89cc33def6e5e61f4afd8d3f2aafdeba6833aa686489a104eefce,0.0,0.0,0.0,0.0,0.0,0.0,0.0,0.0,0.0,0.0,0.16199426786445237,0.0,0.10551773767832912,0.0,0.0,0.0,0.0,0.0,0.0,0.0,0.0,0.15420771454737228,0.0,0.0,0.0,0.0,0.0,0.0,0.0,0.0,0.0,0.0,0.0,0.0,0.0,0.0,0.0,0.0,0.0,0.0,0.0,0.0,0.0,0.1828987809629009,0.0,0.0,0.0,0.0,0.2600632714857478,0.0,0.0,0.0,0.0,0.0,0.0,0.0,0.0,0.0,0.0,0.0,0.0,0.0,0.0,0.0,0.0,0.0,0.0,0.0,0.0,0.0,0.0,0.0,0.0,0.0,0.0,0.1003143007158362,0.2141630883270134,0.17069551668409638,0.0,0.09177977499782095,0.0,0.0,0.0,0.0,0.0,0.0,0.0,0.0,0.2200980515617257,0.0,0.0,0.0,0.0,0.0,0.0,0.0,0.0,0.0,0.0,0.12916022456795664,0.0,0.0,0.0,0.0,0.0,0.0,0.0,0.0,0.0,0.0,0.0,0.0,0.0,0.0,0.0,0.0,0.13184458856625433,0.0,0.1342758705478798,0.11901246418643359,0.0,0.0,0.0,0.0,0.1667625326923451,0.0,0.0,0.0,0.0,0.0,0.0,0.0,0.0,0.15148640152271314,0.0,0.44929098931740175,0.0,0.3324689745725756,0.0,0.0,0.0,0.0,0.0,0.16302769862961008,0.0,0.10920131580199112,0.22593945332394,0.244487006191292,0.0,0.0,0.0,0.30326197344010253,0.0,0.0,0.15848663955341472,0.0,0.0,0.0,0.0,0.0,0.0
1c4ce65bd75a1093b173417455db9fe48fc948cd5e35ea9418018b33e0dcecf4,0.0,0.0,0.0,0.0,0.0,0.0,0.0,0.0,0.0,0.0,0.2398116106933499,0.0,0.15620539518430215,0.0,0.0,0.0,0.0,0.0,0.0,0.0,0.0,0.2282846232428984,0.0,0.0,0.0,0.0,0.3283502265949933,0.0,0.0,0.0,0.0,0.0,0.0,0.0,0.0,0.0,0.0,0.0,0.0,0.0,0.0,0.0,0.0,0.0,0.3033473542553805,0.0,0.0,0.0,0.0,0.0,0.0,0.0,0.0,0.0,0.0,0.0,0.0,0.0,0.3020005184294482,0.0,0.0,0.0,0.0,0.0,0.0,0.0,0.0,0.0,0.0,0.0,0.0,0.0,0.0,0.0,0.0,0.14850237818520154,0.0,0.25269268680789764,0.0,0.1358681141095516,0.0,0.0,0.0,0.0,0.0,0.0,0.0,0.0,0.0,0.0,0.0,0.0,0.0,0.0,0.0,0.0,0.0,0.0,0.0,0.19120504632345298,0.0,0.0,0.0,0.0,0.35630121880911997,0.0,0.0,0.0,0.0,0.0,0.0,0.0,0.0,0.0,0.0,0.0,0.0,0.0,0.0,0.17618259649171286,0.0,0.0,0.0,0.0,0.246870411499476,0.0,0.2835607812880845,0.0,0.0,0.0,0.0,0.0,0.0,0.22425607045367033,0.0,0.0,0.0,0.0,0.0,0.0,0.0,0.0,0.0,0.24134147159274855,0.0,0.1616584572870262,0.0,0.0,0.0,0.0,0.0,0.0,0.0,0.0,0.0,0.0,0.0,0.0,0.0,0.0,0.0
cfd843a4218fd91e46bf20068627e94bcc20cf68ec6a84ad4811d39b8c6c7ccd,0.0,0.0,0.0,0.0,0.0,0.0,0.0,0.0,0.0,0.0,0.16453982050457247,0.0,0.1071758269383227,0.0,0.0,0.0,0.0,0.0,0.0,0.0,0.0,0.15663091050404285,0.0,0.0,0.0,0.0,0.0,0.0,0.0,0.0,0.0,0.0,0.0,0.0,0.0,0.0,0.0,0.0,0.0,0.0,0.0,0.0,0.0,0.18577282385893987,0.0,0.0,0.0,0.0,0.2641498651415353,0.0,0.0,0.0,0.0,0.0,0.0,0.0,0.0,0.0,0.0,0.0,0.0,0.0,0.0,0.0,0.0,0.0,0.0,0.0,0.0,0.0,0.0,0.0,0.0,0.0,0.0,0.10189062397958691,0.21752841366903883,0.17337779939002176,0.0,0.09322198805656212,0.0,0.0,0.0,0.0,0.0,0.0,0.0,0.0,0.2235566379896544,0.0,0.0,0.0,0.0,0.0,0.0,0.0,0.0,0.0,0.0,0.1311898281766632,0.0,0.0,0.0,0.0,0.0,0.0,0.0,0.0,0.0,0.0,0.0,0.0,0.0,0.0,0.0,0.0,0.1339163738518374,0.0,0.13638586061903207,0.12088260747243225,0.0,0.0,0.0,0.0,0.1693830131017094,0.0,0.0,0.0,0.0,0.0,0.0,0.0,0.0,0.15386683519127417,0.0,0.0,0.0,0.0,0.0,0.0,0.0,0.0,0.0,0.16558949043946938,0.0,0.11091728823366348,0.22948983062739675,0.24832883684548557,0.0,0.0,0.0,0.30802738475567093,0.0,0.539090424201339,0.16097707386974822,0.0,0.0,0.0,0.0,0.0,0.0
ce9a0c42305d137c27b4f369996a15387ae6f0d1e391116f54e7733918083239,0.0,0.0,0.0,0.0,0.0,0.0,0.0,0.0,0.0,0.0,0.26351969093991306,0.0,0.1716480588371102,0.0,0.0,0.0,0.0,0.0,0.0,0.0,0.0,0.2508531308779174,0.0,0.0,0.0,0.0,0.0,0.0,0.0,0.0,0.0,0.0,0.0,0.0,0.0,0.0,0.0,0.0,0.0,0.0,0.0,0.0,0.0,0.2975255289462426,0.0,0.0,0.0,0.0,0.0,0.0,0.0,0.0,0.0,0.0,0.0,0.0,0.0,0.0,0.0,0.0,0.0,0.0,0.0,0.0,0.0,0.0,0.0,0.0,0.0,0.0,0.0,0.0,0.0,0.0,0.0,0.1631835117993792,0.34838387549548655,0.2776742065901982,0.0,0.14930020833945695,0.0,0.0,0.0,0.0,0.0,0.0,0.0,0.0,0.3580384126465158,0.0,0.0,0.0,0.0,0.0,0.0,0.0,0.0,0.0,0.0,0.21010781991593258,0.0,0.0,0.0,0.0,0.0,0.0,0.0,0.0,0.0,0.0,0.0,0.0,0.0,0.0,0.0,0.0,0.2144745347418765,0.0,0.21842955540298908,0.0,0.0,0.0,0.0,0.0,0.2712763337540733,0.0,0.0,0.0,0.0,0.0,0.0,0.0,0.0,0.24642631024615913,0.0,0.0,0.0,0.0,0.0,0.0,0.0,0.0,0.0,0.2652007958298097,0.0,0.17764021758134835,0.0,0.0,0.0,0.0,0.0,0.0,0.0,0.0,0.0,0.0,0.0,0.0,0.0,0.0,0.0
ce1aa1ad228720565deeb6ba1cc75c6d683434e9644ddb04f6af251a8820325e,0.0,0.22155306464067498,0.0,0.0,0.28787731852316334,0.0,0.0,0.0,0.0,0.0,0.1588493110503113,0.0,0.10346921625532492,0.0,0.0,0.0,0.0,0.0,0.0,0.0,0.0,0.15121392588403093,0.3397738211252196,0.0,0.0,0.0,0.0,0.0,0.0,0.0,0.0,0.0,0.0,0.0,0.0,0.0,0.0,0.0,0.0,0.0,0.0,0.0,0.0,0.17934798391884332,0.0,0.0,0.0,0.0,0.25501440297608374,0.2522354166266764,0.0,0.0,0.0,0.0,0.0,0.0,0.0,0.0,0.0,0.0,0.0,0.0,0.0,0.0,0.0,0.0,0.0,0.0,0.0,0.0,0.0,0.0,0.3606905972639984,0.0,0.0,0.09836679882116396,0.21000532600090988,0.16738163382011648,0.0,0.08999796239059182,0.0,0.0,0.0,0.0,0.0,0.3044735390819742,0.0,0.0,0.21582506785579966,0.0,0.0,0.0,0.0,0.0,0.0,0.0,0.0,0.0,0.0,0.12665270789020064,0.0,0.0,0.0,0.0,0.0,0.0,0.0,0.0,0.0,0.0,0.0,0.0,0.0,0.0,0.0,0.0,0.12928495764421444,0.0,0.13166903871598046,0.11670195613485224,0.0,0.0,0.0,0.0,0.16352500478195597,0.0,0.0,0.0,0.0,0.0,0.0,0.0,0.0,0.1485454444320758,0.0,0.0,0.0,0.0,0.0,0.0,0.0,0.0,0.0,0.1598626787899702,0.0,0.10708128139106982,0.0,0.0,0.0,0.0,0.0,0.0,0.0,0.0,0.1554097798374222,0.0,0.0,0.0,0.0,0.0,0.0
a4c7cb6d7212aac61a61a4f7c7c218684a8ea7727ebf26c4bf9b4f98c39a86c4,0.0,0.0,0.0,0.0,0.0,0.0,0.0,0.0,0.0,0.45488324698269894,0.1682919015776561,0.2947038893948435,0.10961980913372198,0.37025715526058034,0.0,0.0,0.0,0.0,0.0,0.0,0.0,0.16020264087885352,0.0,0.0,0.0,0.0,0.23042539040274268,0.0,0.0,0.0,0.0,0.0,0.0,0.0,0.0,0.0,0.0,0.0,0.0,0.0,0.0,0.0,0.0,0.0,0.21287919687703655,0.0,0.0,0.0,0.0,0.0,0.0,0.0,0.0,0.0,0.0,0.0,0.0,0.0,0.21193403178847503,0.0,0.1590120454880039,0.0,0.0,0.0,0.0,0.0,0.0,0.0,0.0,0.0,0.0,0.0,0.0,0.0,0.0,0.10421408513680792,0.0,0.17733141716831585,0.0,0.09534777411801305,0.0,0.0,0.0,0.0,0.0,0.0,0.0,0.0,0.0,0.0,0.0,0.0,0.0,0.0,0.0,0.0,0.0,0.0,0.0,0.13418141325177316,0.0,0.0,0.14720536097375214,0.0,0.0,0.0,0.0,0.0,0.0,0.0,0.0,0.0,0.0,0.0,0.0,0.0,0.136970133666116,0.1266842120570242,0.1394959333339265,0.12363915201083905,0.1474083386624291,0.0,0.0,0.0,0.17324553583700766,0.0,0.19899363069972037,0.0,0.0,0.0,0.0,0.0,0.0,0.15737553502044663,0.0,0.0,0.0,0.0,0.0,0.0,0.0,0.0,0.21193403178847503,0.0,0.0,0.11344658877977491,0.0,0.0,0.0,0.0,0.0,0.0,0.0,0.0,0.0,0.0,0.0,0.0,0.0,0.0,0.0
cce241c912bf0c1da1af3a33e6fd7b603d20e578ee9817a92743f611d56a528e,0.0,0.0,0.0,0.0,0.0,0.0,0.0,0.0,0.0,0.0,0.27491379693655993,0.0,0.17906980470184203,0.0,0.0,0.0,0.0,0.0,0.0,0.0,0.0,0.2616995581510332,0.0,0.0,0.0,0.0,0.37641216477060513,0.0,0.0,0.0,0.0,0.0,0.0,0.0,0.0,0.0,0.0,0.0,0.0,0.0,0.0,0.0,0.0,0.0,0.3477495218346363,0.0,0.0,0.0,0.0,0.0,0.0,0.0,0.0,0.0,0.0,0.0,0.0,0.0,0.34620554425287237,0.0,0.0,0.0,0.0,0.0,0.0,0.0,0.0,0.0,0.0,0.0,0.0,0.0,0.0,0.0,0.0,0.170239266243062,0.0,0.0,0.0,0.15575567431649137,0.0,0.0,0.0,0.0,0.0,0.0,0.0,0.0,0.0,0.0,0.0,0.0,0.0,0.0,0.0,0.0,0.0,0.0,0.0,0.0,0.0,0.0,0.0,0.0,0.4084544556985267,0.0,0.0,0.0,0.0,0.0,0.0,0.0,0.0,0.0,0.0,0.0,0.0,0.0,0.0,0.20197114900167656,0.0,0.0,0.0,0.0,0.28300582269719915,0.0,0.0,0.0,0.0,0.0,0.0,0.0,0.0,0.2570813299499715,0.0,0.0,0.0,0.0,0.0,0.0,0.0,0.0,0.0,0.0,0.0,0.18532105335179866,0.0,0.0,0.0,0.0,0.0,0.0,0.0,0.0,0.0,0.0,0.0,0.0,0.0,0.0,0.0
cc7c999dcf80b0e9527b5504d3f9d78788e791258b7238a98cb299253829fbcc,0.0,0.0,0.0,0.0,0.0,0.0,0.0,0.0,0.0,0.0,0.0,0.0,0.17327958362501628,0.0,0.0,0.7871896290111705,0.0,0.0,0.0,0.0,0.0,0.0,0.0,0.0,0.0,0.0,0.0,0.0,0.0,0.0,0.0,0.0,0.0,0.0,0.0,0.0,0.0,0.0,0.0,0.0,0.0,0.0,0.0,0.0,0.0,0.0,0.0,0.0,0.0,0.0,0.0,0.0,0.0,0.0,0.0,0.0,0.0,0.0,0.0,0.0,0.0,0.0,0.0,0.0,0.0,0.0,0.0,0.0,0.0,0.0,0.0,0.0,0.0,0.0,0.0,0.0,0.0,0.0,0.0,0.0,0.0,0.0,0.0,0.0,0.0,0.0,0.0,0.0,0.0,0.0,0.0,0.0,0.0,0.0,0.0,0.0,0.0,0.0,0.0,0.0,0.0,0.0,0.23269228306889242,0.0,0.0,0.0,0.0,0.0,0.0,0.0,0.0,0.0,0.0,0.0,0.0,0.0,0.0,0.0,0.22050574103809417,0.19544041309225055,0.0,0.0,0.0,0.0,0.0,0.0,0.0,0.0,0.0,0.0,0.0,0.0,0.0,0.0,0.0,0.0,0.0,0.0,0.0,0.0,0.0,0.0,0.0,0.26772154482691524,0.0,0.0,0.371034247491043,0.0,0.0,0.0,0.0,0.0,0.0,0.0,0.0,0.0,0.0,0.0,0.0,0.0,0.0
e424a0ff956433e468ec8c1220f6b2b760e8624187c011e4dabf227a285af670,0.0,0.0,0.0,0.0,0.0,0.0,0.0,0.0,0.0,0.0,0.0,0.5261007194162137,0.19569154844187223,0.6609772139471479,0.0,0.0,0.0,0.0,0.0,0.0,0.0,0.0,0.0,0.0,0.0,0.0,0.0,0.0,0.0,0.0,0.0,0.0,0.0,0.0,0.0,0.0,0.0,0.0,0.0,0.0,0.0,0.0,0.0,0.0,0.0,0.0,0.0,0.0,0.0,0.0,0.0,0.0,0.0,0.0,0.0,0.0,0.0,0.0,0.0,0.0,0.28386578710876803,0.0,0.0,0.0,0.0,0.0,0.0,0.0,0.0,0.0,0.0,0.0,0.0,0.0,0.0,0.0,0.0,0.0,0.0,0.0,0.0,0.0,0.0,0.0,0.0,0.0,0.0,0.0,0.0,0.0,0.0,0.0,0.0,0.0,0.0,0.0,0.0,0.0,0.0,0.23953853540582867,0.0,0.0,0.2627886807644199,0.0,0.0,0.0,0.0,0.0,0.0,0.0,0.0,0.0,0.0,0.0,0.0,0.0,0.0,0.0,0.0,0.0,0.0,0.0,0.0,0.0,0.0,0.0,0.0,0.0,0.0,0.0,0.0,0.0,0.0,0.0,0.0,0.0,0.0,0.0,0.0,0.0,0.0,0.0,0.0,0.0,0.0,0.20252305490407027,0.0,0.0,0.0,0.0,0.0,0.0,0.0,0.0,0.0,0.0,0.0,0.0,0.0,0.0,0.0
1d11c985ab456d176302f4102a0391047843779b5dec3f38139e718e6d785600,0.0,0.0,0.0,0.0,0.0,0.4788569287962554,0.0,0.0,0.0,0.0,0.0,0.0,0.17211134025827673,0.0,0.0,0.0,0.0,0.0,0.0,0.0,0.0,0.251530188316053,0.0,0.0,0.0,0.0,0.3617851835827781,0.0,0.0,0.0,0.0,0.0,0.0,0.0,0.0,0.0,0.0,0.0,0.0,0.0,0.0,0.0,0.0,0.0,0.3342363408325002,0.0,0.0,0.0,0.0,0.0,0.0,0.0,0.0,0.0,0.0,0.0,0.0,0.0,0.33275236059714686,0.0,0.0,0.0,0.0,0.0,0.0,0.0,0.0,0.0,0.0,0.0,0.0,0.0,0.0,0.0,0.0,0.0,0.0,0.0,0.0,0.1497031724811348,0.0,0.0,0.0,0.0,0.0,0.0,0.0,0.0,0.0,0.0,0.0,0.0,0.0,0.0,0.0,0.0,0.0,0.0,0.0,0.0,0.0,0.0,0.0,0.0,0.0,0.0,0.0,0.0,0.0,0.0,0.0,0.0,0.0,0.0,0.0,0.0,0.0,0.0,0.0,0.1941227623834287,0.0,0.0,0.0,0.0,0.2720085138106488,0.0,0.3124349581817828,0.0,0.0,0.0,0.0,0.0,0.0,0.24709141961003495,0.0,0.0,0.0,0.0,0.0,0.0,0.0,0.0,0.0,0.0,0.0,0.178119671954529,0.0,0.0,0.0,0.0,0.0,0.0,0.0,0.0,0.0,0.0,0.0,0.0,0.0,0.0,0.0
cb5834ff88fd8e818ddd26ae5e6a080be8b5e17ee4238df66080175a5cf802eb,0.0,0.0,0.0,0.0,0.0,0.0,0.31126295158419065,0.0,0.0,0.0,0.0,0.0,0.11685099735093926,0.0,0.0,0.0,0.30190683416491954,0.22897489207299074,0.0,0.0,0.0,0.0,0.0,0.0,0.0,0.30847924927233444,0.0,0.0,0.0,0.0,0.0,0.0,0.0,0.0,0.0,0.0,0.0,0.0,0.0,0.0,0.0,0.0,0.0,0.0,0.0,0.0,0.0,0.0,0.0,0.2848572847727547,0.0,0.0,0.0,0.0,0.0,0.0,0.0,0.0,0.0,0.0,0.1695014455226802,0.3098593045146587,0.0,0.0,0.0,0.0,0.0,0.0,0.0,0.0,0.0,0.0,0.0,0.0,0.0,0.1110886789758656,0.0,0.0,0.0,0.0,0.0,0.0,0.0,0.0,0.0,0.0,0.0,0.0,0.24373794781678795,0.0,0.0,0.0,0.0,0.0,0.0,0.0,0.0,0.0,0.0,0.14303283401361883,0.0,0.0,0.0,0.0,0.0,0.0,0.0,0.0,0.0,0.0,0.0,0.0,0.0,0.0,0.2349002482446522,0.2673599123163677,0.1460055153594819,0.13504107190538167,0.14869793210992788,0.13179514120907676,0.15713228773768273,0.0,0.0,0.0,0.0,0.0,0.0,0.0,0.0,0.0,0.0,0.0,0.29941842088346277,0.0,0.0,0.0,0.0,0.0,0.0,0.0,0.0,0.0,0.0,0.18053788490776854,0.0,0.0,0.0,0.0,0.0,0.0,0.0,0.0,0.0,0.0,0.0,0.0,0.0,0.0,0.0,0.0,0.0
cac690dac1ab7f072111eaca623baec624101ee38fe13b3dcd83118826d2f5c4,0.0,0.648175536589211,0.0,0.0,0.0,0.0,0.0,0.0,0.0,0.0,0.0,0.0,0.0,0.0,0.0,0.0,0.0,0.0,0.0,0.0,0.0,0.0,0.0,0.0,0.0,0.0,0.0,0.0,0.0,0.0,0.0,0.0,0.0,0.0,0.0,0.0,0.0,0.0,0.0,0.0,0.0,0.0,0.0,0.0,0.0,0.0,0.0,0.0,0.0,0.0,0.0,0.0,0.0,0.0,0.0,0.0,0.0,0.0,0.0,0.0,0.0,0.0,0.0,0.0,0.0,0.0,0.0,0.49556576808716335,0.0,0.0,0.0,0.0,0.0,0.0,0.0,0.0,0.0,0.0,0.0,0.263297994361157,0.0,0.0,0.0,0.0,0.0,0.0,0.0,0.0,0.0,0.0,0.0,0.0,0.0,0.0,0.0,0.0,0.0,0.0,0.0,0.0,0.0,0.0,0.0,0.0,0.0,0.0,0.0,0.0,0.0,0.0,0.0,0.0,0.0,0.0,0.0,0.0,0.0,0.0,0.3852108746964622,0.34142318528249793,0.0,0.0,0.0,0.0,0.0,0.0,0.0,0.0,0.0,0.0,0.0,0.0,0.0,0.0,0.0,0.0,0.0,0.0,0.0,0.0,0.0,0.0,0.0,0.0,0.0,0.0,0.0,0.0,0.0,0.0,0.0,0.0,0.0,0.0,0.0,0.0,0.0,0.0,0.0,0.0,0.0
ca087f46f97cd465f46e4ccb04181e6eae7b2c751ae7fd9e262191b979728ccc,0.0,0.0,0.0,0.0,0.0,0.0,0.0,0.0,0.0,0.0,0.0,0.0,0.0,0.0,0.0,0.0,0.0,0.0,0.0,0.0,0.0,0.0,0.0,0.0,0.0,0.0,0.0,0.0,0.0,0.0,0.0,0.0,0.0,0.0,0.0,0.0,0.0,0.0,0.0,0.0,0.0,0.0,0.0,0.0,0.0,0.0,0.0,0.0,0.0,0.0,0.0,0.0,0.0,0.0,0.0,0.0,0.0,0.0,0.0,0.0,0.0,0.0,0.0,0.0,0.0,0.0,0.0,0.0,0.0,0.0,0.0,0.0,0.0,0.0,0.0,0.24192638058520374,0.0,0.0,0.0,0.0,0.0,0.0,0.0,0.0,0.0,0.0,0.0,0.0,0.0,0.0,0.0,0.0,0.0,0.0,0.0,0.0,0.0,0.0,0.0,0.3114936297449062,0.0,0.0,0.0,0.0,0.0,0.0,0.0,0.0,0.0,0.0,0.0,0.0,0.0,0.0,0.0,0.0,0.3179674670906005,0.0,0.0,0.0,0.0,0.0,0.0,0.0,0.0,0.0,0.0,0.0,0.7080144780303489,0.0,0.0,0.0,0.0,0.0,0.0,0.0,0.0,0.0,0.0,0.0,0.0,0.0,0.49199139603928743,0.0,0.0,0.0,0.0,0.0,0.0,0.0,0.0,0.0,0.0,0.0,0.0,0.0,0.0,0.0,0.0,0.0,0.0
c24630ac0393879f0a49b298e23fd8bdb5caf2fc7d544735d5dc1e3d8bd31100,0.0,0.0,0.0,0.0,0.0,0.0,0.0,0.0,0.0,0.0,0.0,0.0,0.36754633830024885,0.0,0.0,0.0,0.0,0.0,0.0,0.0,0.0,0.0,0.0,0.0,0.0,0.0,0.0,0.0,0.0,0.0,0.0,0.0,0.0,0.0,0.0,0.0,0.0,0.0,0.0,0.0,0.0,0.0,0.0,0.0,0.0,0.0,0.0,0.0,0.0,0.0,0.0,0.0,0.0,0.0,0.0,0.0,0.0,0.0,0.0,0.0,0.0,0.0,0.0,0.0,0.0,0.0,0.0,0.0,0.0,0.0,0.0,0.0,0.0,0.0,0.0,0.0,0.0,0.0,0.0,0.0,0.0,0.0,0.0,0.0,0.0,0.0,0.0,0.0,0.0,0.0,0.0,0.0,0.0,0.0,0.0,0.0,0.0,0.0,0.0,0.0,0.0,0.0,0.4935676483259345,0.0,0.0,0.0,0.0,0.0,0.0,0.0,0.0,0.0,0.0,0.0,0.0,0.0,0.0,0.0,0.0,0.41455205907809073,0.0,0.0,0.0,0.0,0.0,0.0,0.0,0.0,0.0,0.0,0.0,0.0,0.0,0.0,0.0,0.0,0.0,0.0,0.0,0.0,0.0,0.0,0.0,0.0,0.0,0.3803772203963206,0.0,0.0,0.0,0.0,0.0,0.0,0.0,0.0,0.5520511083638633,0.0,0.0,0.0,0.0,0.0,0.0
c23039cf2f859e659e59ec362277321fbcdac680e6d9bc93fc03c8971333c25e,0.0,0.0,0.0,0.0,0.0,0.0,0.0,0.0,0.0,0.0,0.0,0.0,0.0,0.0,0.0,0.0,0.0,0.0,0.0,0.0,0.0,0.0,0.0,0.0,0.0,0.0,0.0,0.0,0.0,0.0,0.0,0.0,0.0,0.0,0.0,0.0,0.0,0.0,0.0,0.0,0.0,0.0,0.0,0.0,0.0,0.0,0.0,0.0,0.0,0.0,0.0,0.0,0.0,0.0,0.0,0.0,0.0,0.0,0.0,0.0,0.0,0.0,0.0,0.0,0.39211075755171226,0.0,0.0,0.0,0.0,0.0,0.0,0.0,0.0,0.0,0.0,0.0,0.0,0.0,0.0,0.0,0.0,0.0,0.0,0.0,0.0,0.0,0.0,0.0,0.0,0.0,0.0,0.0,0.0,0.0,0.0,0.0,0.0,0.0,0.0,0.0,0.0,0.0,0.0,0.0,0.0,0.0,0.0,0.0,0.0,0.0,0.0,0.0,0.0,0.0,0.0,0.0,0.0,0.23438539785389392,0.0,0.0,0.0,0.0,0.0,0.0,0.0,0.0,0.0,0.8895575524299111,0.0,0.0,0.0,0.0,0.0,0.0,0.0,0.0,0.0,0.0,0.0,0.0,0.0,0.0,0.0,0.0,0.0,0.0,0.0,0.0,0.0,0.0,0.0,0.0,0.0,0.0,0.0,0.0,0.0,0.0,0.0,0.0,0.0
c22598e8b657e79f0b325f19188a0166b6e7a3debcefbbb3214614a91ec6c45a,0.0,0.0,0.0,0.0,0.0,0.0,0.0,0.0,0.0,0.0,0.15107937318440331,0.0,0.098408134302735,0.0,0.0,0.0,0.0,0.1928352555126223,0.0,0.0,0.0,0.14381746441491688,0.0,0.0,0.0,0.0,0.0,0.0,0.0,0.0,0.0,0.0,0.0,0.0,0.0,0.0,0.0,0.0,0.0,0.0,0.0,0.0,0.1804466219959432,0.17057537620521013,0.0,0.0,0.0,0.0,0.0,0.0,0.0,0.0,0.0,0.0,0.0,0.0,0.0,0.0,0.0,0.0,0.0,0.0,0.0,0.0,0.1902578815669958,0.0,0.0,0.16110397787878558,0.3357619759756565,0.0,0.33930898572023516,0.3124944062801269,0.0,0.0,0.2951156292546067,0.0935552959581352,0.19973314840222947,0.15919434684935613,0.0,0.08559581187945901,0.0,0.0,0.0,0.0,0.0,0.0,0.0,0.0,0.0,0.0,0.0,0.0,0.0,0.0,0.0,0.0,0.0,0.0,0.0,0.12045763115773579,0.0,0.0,0.13214951793171154,0.0,0.0,0.0,0.157336036543087,0.0,0.0,0.0,0.0,0.0,0.0,0.0,0.0,0.0,0.12296112733453222,0.11372722733840897,0.1252285937249224,0.0,0.13233173550539307,0.0,0.0,0.0,0.0,0.0,0.0,0.0,0.0,0.0,0.0,0.0,0.25216051931948524,0.14127950877349835,0.0,0.0,0.0,0.0,0.0,0.0,0.0,0.0,0.0,0.0,0.0,0.10184351927860523,0.0,0.0,0.0,0.0,0.0,0.2828287041386712,0.0,0.0,0.0,0.0,0.0,0.0,0.0,0.0,0.0
c11806a41bfe4b263711365ff5dc2fc7b7fafaf40a5c79ad199306d3cd1b2950,0.0,0.0,0.0,0.0,0.0,0.0,0.0,0.0,0.0,0.0,0.0,0.0,0.36084947509602794,0.0,0.0,0.0,0.0,0.0,0.0,0.0,0.0,0.0,0.0,0.0,0.0,0.0,0.0,0.0,0.0,0.0,0.0,0.0,0.0,0.0,0.0,0.0,0.0,0.0,0.0,0.0,0.0,0.0,0.0,0.0,0.0,0.0,0.0,0.0,0.0,0.0,0.0,0.0,0.0,0.0,0.0,0.0,0.0,0.0,0.0,0.0,0.0,0.0,0.0,0.0,0.0,0.0,0.0,0.0,0.0,0.0,0.0,0.0,0.0,0.0,0.0,0.34305476552468667,0.0,0.0,0.0,0.3138684012858346,0.0,0.0,0.0,0.0,0.0,0.0,0.0,0.0,0.0,0.0,0.0,0.0,0.0,0.0,0.0,0.0,0.0,0.0,0.0,0.0,0.0,0.0,0.0,0.0,0.0,0.0,0.0,0.0,0.0,0.0,0.0,0.0,0.0,0.0,0.0,0.0,0.45088201875044226,0.0,0.0,0.0,0.0,0.0,0.0,0.0,0.0,0.0,0.0,0.0,0.0,0.0,0.0,0.0,0.0,0.0,0.0,0.0,0.0,0.0,0.0,0.0,0.0,0.0,0.0,0.5575219936570932,0.0,0.3734465726233722,0.0,0.0,0.0,0.0,0.0,0.0,0.0,0.0,0.0,0.0,0.0,0.0,0.0,0.0,0.0
c9716a41f6865025271a42553f3240810b678f89bffaa2a5c69a0576757947ab,0.0,0.0,0.0,0.0,0.0,0.0,0.0,0.0,0.0,0.0,0.0,0.0,0.13631184667982132,0.0,0.0,0.0,0.0,0.0,0.0,0.44371276480325883,0.38530544316913135,0.0,0.0,0.0,0.0,0.0,0.0,0.0,0.0,0.0,0.0,0.0,0.0,0.0,0.0,0.0,0.0,0.0,0.0,0.0,0.0,0.0,0.0,0.23627563608825813,0.0,0.0,0.0,0.2843310756952579,0.0,0.0,0.0,0.0,0.0,0.0,0.0,0.0,0.0,0.0,0.0,0.0,0.0,0.0,0.0,0.0,0.0,0.0,0.0,0.0,0.0,0.0,0.0,0.0,0.0,0.0,0.0,0.12958984792353906,0.2766640633397927,0.2205109928541815,0.0,0.11856462139048368,0.0,0.0,0.0,0.0,0.0,0.0,0.0,0.0,0.0,0.0,0.0,0.0,0.0,0.0,0.0,0.0,0.0,0.0,0.0,0.16685411491772795,0.0,0.0,0.18304934805190307,0.0,0.0,0.0,0.0,0.0,0.0,0.0,0.0,0.0,0.0,0.0,0.0,0.0,0.0,0.0,0.0,0.0,0.1833017500930762,0.0,0.0,0.0,0.21543021380533445,0.0,0.0,0.0,0.37925375609586714,0.0,0.0,0.0,0.0,0.1956959236691712,0.0,0.0,0.0,0.0,0.0,0.0,0.0,0.0,0.0,0.0,0.0,0.14107043369536612,0.0,0.0,0.0,0.0,0.0,0.0,0.0,0.0,0.0,0.0,0.0,0.0,0.0,0.0,0.0
1f69810b8fe71e30a8738278adf09dd982f7de0ab9891d296ce7ea61b3fa4f69,0.0,0.0,0.0,0.0,0.0,0.0,0.0,0.0,0.0,0.0,0.2131638427507258,0.0,0.13884791566017748,0.0,0.0,0.0,0.0,0.0,0.0,0.0,0.0,0.202917729423796,0.0,0.0,0.0,0.0,0.2918640839227776,0.0,0.0,0.0,0.0,0.0,0.0,0.0,0.0,0.0,0.0,0.0,0.0,0.0,0.0,0.0,0.0,0.0,0.26963952051524154,0.0,0.0,0.0,0.0,0.0,0.0,0.0,0.0,0.0,0.0,0.0,0.0,0.0,0.26844234453456234,0.0,0.0,0.0,0.0,0.0,0.0,0.0,0.0,0.0,0.0,0.0,0.0,0.0,0.0,0.0,0.0,0.13200085475451473,0.0,0.22461357896409306,0.0,0.12077050492738826,0.0,0.0,0.0,0.0,0.0,0.0,0.0,0.0,0.0,0.0,0.0,0.0,0.0,0.5516490993260271,0.0,0.0,0.0,0.0,0.0,0.0,0.0,0.0,0.18645496381294,0.0,0.0,0.0,0.0,0.0,0.0,0.0,0.0,0.0,0.0,0.0,0.0,0.0,0.0,0.0,0.0,0.15660525854186882,0.0,0.0,0.0,0.0,0.21943827250287742,0.0,0.2520516234306013,0.0,0.0,0.0,0.0,0.0,0.0,0.19933682777023054,0.0,0.0,0.0,0.0,0.0,0.0,0.0,0.0,0.0,0.2145237061336831,0.0,0.14369503573586634,0.0,0.0,0.0,0.0,0.0,0.0,0.0,0.0,0.0,0.0,0.0,0.0,0.0,0.0,0.0
a993e52917b124010519fcf6adb63124d87c0cc594cea58b1dce686bf85d7cf9,0.0,0.27022061668844605,0.0,0.0,0.0,0.0,0.0,0.0,0.0,0.0,0.19374301530049523,0.0,0.12619782746011715,0.0,0.0,0.0,0.0,0.0,0.0,0.0,0.0,0.1844303998707229,0.4144103879942018,0.0,0.0,0.0,0.0,0.0,0.0,0.0,0.0,0.0,0.0,0.0,0.0,0.0,0.0,0.0,0.0,0.0,0.0,0.0,0.0,0.21874453822148537,0.0,0.0,0.0,0.0,0.0,0.0,0.0,0.0,0.0,0.0,0.0,0.0,0.0,0.0,0.0,0.0,0.0,0.0,0.0,0.0,0.0,0.0,0.0,0.0,0.0,0.0,0.0,0.0,0.0,0.0,0.0,0.11997458524093585,0.25613623892704973,0.20414959452963372,0.0,0.10976740465012962,0.0,0.0,0.0,0.0,0.0,0.0,0.0,0.0,0.2632343769534698,0.0,0.0,0.0,0.0,0.0,0.0,0.0,0.0,0.0,0.0,0.15447393105059495,0.0,0.0,0.0,0.0,0.0,0.0,0.0,0.0,0.0,0.0,0.0,0.0,0.0,0.0,0.0,0.0,0.15768439511238175,0.0,0.160592176408446,0.14233734300472492,0.0,0.0,0.0,0.0,0.1994457973660942,0.0,0.0,0.0,0.0,0.0,0.0,0.0,0.0,0.18117574525902314,0.0,0.0,0.0,0.0,0.0,0.0,0.0,0.0,0.0,0.19497898491340454,0.0,0.1306033384833243,0.27022061668844605,0.2924032461502053,0.0,0.0,0.0,0.0,0.0,0.0,0.18954793794070585,0.0,0.0,0.0,0.0,0.0,0.0
c340f0ccbcb5c5936660b8cd25b4967a12553924e8bbefd0e7cadd50ed6da6d1,0.0,0.0,0.0,0.0,0.0,0.0,0.0,0.0,0.0,0.0,0.0,0.0,0.20401820091830053,0.0,0.0,0.9268317047665018,0.0,0.0,0.0,0.0,0.0,0.0,0.0,0.0,0.0,0.0,0.0,0.0,0.0,0.0,0.0,0.0,0.0,0.0,0.0,0.0,0.0,0.0,0.0,0.0,0.0,0.0,0.0,0.0,0.0,0.0,0.0,0.0,0.0,0.0,0.0,0.0,0.0,0.0,0.0,0.0,0.0,0.0,0.0,0.0,0.0,0.0,0.0,0.0,0.0,0.0,0.0,0.0,0.0,0.0,0.0,0.0,0.0,0.0,0.0,0.0,0.0,0.0,0.0,0.0,0.0,0.0,0.0,0.0,0.0,0.0,0.0,0.0,0.0,0.0,0.0,0.0,0.0,0.0,0.0,0.0,0.0,0.0,0.0,0.0,0.0,0.0,0.0,0.0,0.0,0.0,0.0,0.0,0.0,0.0,0.0,0.0,0.0,0.0,0.0,0.0,0.0,0.0,0.0,0.0,0.0,0.0,0.0,0.0,0.0,0.0,0.0,0.0,0.0,0.0,0.0,0.0,0.0,0.0,0.0,0.0,0.0,0.0,0.0,0.0,0.0,0.0,0.0,0.31521352244737233,0.0,0.0,0.0,0.0,0.0,0.0,0.0,0.0,0.0,0.0,0.0,0.0,0.0,0.0,0.0,0.0,0.0
c0384c55ee30f83644024cd305a8e538ed0a3b989e2e10371de67e765f7cc0d9,0.0,0.0,0.0,0.0,0.0,0.0,0.0,0.0,0.0,0.0,0.23785173411175228,0.0,0.15492879604443655,0.0,0.0,0.0,0.0,0.0,0.0,0.0,0.0,0.2264189517445959,0.0,0.0,0.0,0.0,0.3256667621963963,0.0,0.0,0.0,0.0,0.0,0.0,0.0,0.0,0.0,0.0,0.0,0.0,0.0,0.0,0.0,0.0,0.0,0.3008682275192904,0.0,0.0,0.32316392381475145,0.0,0.0,0.0,0.0,0.0,0.0,0.0,0.0,0.0,0.0,0.2995323988000902,0.0,0.0,0.0,0.0,0.0,0.0,0.0,0.0,0.0,0.0,0.0,0.0,0.0,0.0,0.0,0.0,0.14728873247190494,0.0,0.0,0.0,0.1347577227725381,0.0,0.0,0.0,0.0,0.0,0.0,0.0,0.0,0.0,0.0,0.0,0.0,0.0,0.0,0.0,0.0,0.0,0.0,0.0,0.0,0.0,0.0,0.0,0.0,0.35338932303927073,0.0,0.0,0.0,0.0,0.0,0.0,0.0,0.0,0.0,0.0,0.0,0.0,0.0,0.0,0.17474273232520798,0.0,0.0,0.0,0.0,0.2448528463916469,0.0,0.0,0.0,0.0,0.0,0.0,0.0,0.0,0.2224233225750646,0.0,0.0,0.0,0.0,0.0,0.0,0.0,0.0,0.2995323988000902,0.23936909211964716,0.0,0.1603372926289097,0.0,0.0,0.0,0.0,0.0,0.0,0.0,0.0,0.0,0.0,0.0,0.0,0.0,0.0,0.0
c159fbb41546688567bf73b43d4d1144a00cda285006a3c8cd74ec7faba3d016,0.0,0.0,0.0,0.0,0.0,0.0,0.0,0.0,0.0,0.0,0.0,0.0,0.0,0.0,0.0,0.0,0.0,0.0,0.0,0.0,0.0,0.0,0.0,0.0,0.0,0.0,0.4183497046910467,0.0,0.0,0.0,0.0,0.0,0.0,0.0,0.0,0.0,0.0,0.0,0.0,0.0,0.0,0.0,0.0,0.0,0.3864936454820276,0.0,0.0,0.0,0.0,0.0,0.0,0.0,0.0,0.0,0.0,0.0,0.0,0.0,0.384777647366573,0.0,0.0,0.0,0.0,0.0,0.0,0.0,0.0,0.0,0.0,0.0,0.0,0.0,0.0,0.0,0.0,0.0,0.0,0.3219547371717363,0.0,0.17310901839203133,0.0,0.0,0.0,0.0,0.0,0.0,0.0,0.0,0.0,0.0,0.0,0.0,0.0,0.0,0.0,0.0,0.0,0.0,0.0,0.0,0.0,0.0,0.26725925986138693,0.0,0.0,0.0,0.0,0.0,0.0,0.0,0.0,0.0,0.0,0.0,0.0,0.0,0.0,0.0,0.0,0.22447353844808887,0.0,0.0,0.0,0.0,0.0,0.0,0.0,0.0,0.0,0.0,0.0,0.0,0.0,0.28572375850736836,0.0,0.0,0.0,0.0,0.0,0.0,0.0,0.0,0.384777647366573,0.0,0.0,0.20596839103222603,0.0,0.0,0.0,0.0,0.0,0.0,0.0,0.0,0.0,0.0,0.0,0.0,0.0,0.0,0.0
c93ba1ba7147a4e59cd731f553ea7131b5ea2517c74c85c3360db10f6eac4ba4,0.0,0.0,0.0,0.0,0.0,0.0,0.0,0.0,0.0,0.0,0.0,0.0,0.0,0.0,0.0,0.0,0.0,0.0,0.0,0.0,0.0,0.0,0.0,0.0,0.0,0.0,0.44428042707307563,0.0,0.0,0.0,0.0,0.0,0.0,0.0,0.34601199615143396,0.0,0.0,0.0,0.0,0.0,0.0,0.0,0.0,0.0,0.41044982212332365,0.0,0.0,0.0,0.0,0.0,0.0,0.0,0.0,0.0,0.0,0.0,0.0,0.0,0.4086274606705917,0.0,0.0,0.0,0.0,0.0,0.0,0.0,0.0,0.0,0.0,0.0,0.0,0.0,0.0,0.0,0.0,0.0,0.0,0.34191057511201833,0.0,0.18383889783837715,0.0,0.0,0.0,0.0,0.0,0.0,0.0,0.0,0.0,0.0,0.0,0.0,0.0,0.0,0.0,0.0,0.0,0.0,0.0,0.0,0.0,0.0,0.0,0.0,0.0,0.0,0.0,0.0,0.0,0.0,0.0,0.0,0.0,0.0,0.0,0.0,0.0,0.0,0.0,0.23838716368157087,0.0,0.0,0.0,0.0,0.0,0.0,0.0,0.0,0.0,0.0,0.0,0.0,0.0,0.303433878478114,0.0,0.0,0.0,0.0,0.0,0.0,0.0,0.0,0.0,0.0,0.0,0.2187350049617712,0.0,0.0,0.0,0.0,0.0,0.0,0.0,0.0,0.0,0.0,0.0,0.0,0.0,0.0,0.0
c1fb7c4e8f1a3346aa1046a15a36369e916cc7307cd5089b05606192c8be8d7e,0.0,0.0,0.0,0.0,0.0,0.0,0.0,0.0,0.0,0.0,0.0,0.0,0.0,0.0,0.0,0.0,0.0,0.0,0.0,0.0,0.0,0.0,0.0,0.0,0.0,0.0,0.0,0.0,0.0,0.0,0.0,0.0,0.0,0.0,0.40008121857022927,0.0,0.0,0.0,0.0,0.0,0.0,0.0,0.44811621268182866,0.0,0.0,0.0,0.0,0.5097575012648592,0.0,0.0,0.0,0.0,0.0,0.0,0.0,0.0,0.0,0.0,0.0,0.0,0.0,0.0,0.0,0.0,0.0,0.0,0.0,0.0,0.0,0.0,0.0,0.0,0.0,0.0,0.0,0.23233266678735429,0.0,0.0,0.0,0.0,0.0,0.0,0.0,0.0,0.0,0.0,0.0,0.0,0.0,0.0,0.0,0.0,0.0,0.0,0.0,0.0,0.0,0.0,0.0,0.29914119126177247,0.0,0.0,0.0,0.0,0.0,0.0,0.0,0.0,0.0,0.0,0.0,0.0,0.0,0.0,0.0,0.0,0.3053583052913977,0.0,0.0,0.0,0.0,0.0,0.0,0.0,0.0,0.0,0.0,0.0,0.0,0.0,0.0,0.0,0.0,0.0,0.0,0.0,0.0,0.0,0.0,0.0,0.0,0.0,0.0,0.37757986361403184,0.0,0.0,0.0,0.0,0.0,0.0,0.0,0.0,0.0,0.0,0.0,0.0,0.0,0.0,0.0,0.0,0.0
c1d19cee2a05f48cedd6f1f7aa6eec9e27c00cedb7135d0187200b030b302c6d,0.0,0.0,0.0,0.0,0.0,0.0,0.0,0.0,0.0,0.0,0.22522764054584954,0.0,0.14670587673454957,0.0,0.0,0.0,0.0,0.0,0.0,0.0,0.0,0.21440165852370882,0.0,0.0,0.0,0.0,0.0,0.0,0.0,0.0,0.0,0.0,0.0,0.0,0.0,0.0,0.0,0.0,0.0,0.0,0.0,0.0,0.0,0.2542920897019332,0.0,0.0,0.0,0.0,0.36157721999386194,0.3576369791804291,0.0,0.0,0.0,0.0,0.0,0.0,0.0,0.0,0.0,0.0,0.0,0.0,0.0,0.0,0.0,0.0,0.0,0.0,0.0,0.0,0.0,0.0,0.0,0.0,0.0,0.139471313158683,0.29776020912212947,0.2373253633065746,0.0,0.1276053927407158,0.0,0.0,0.0,0.0,0.0,0.0,0.0,0.0,0.0,0.0,0.0,0.0,0.0,0.0,0.0,0.0,0.0,0.0,0.0,0.17957704933210467,0.0,0.0,0.0,0.0,0.33463301715863875,0.0,0.0,0.0,0.0,0.0,0.0,0.0,0.0,0.0,0.0,0.0,0.1833092367586913,0.0,0.0,0.1654681789523977,0.0,0.0,0.0,0.0,0.23185716547189603,0.0,0.0,0.0,0.0,0.0,0.0,0.0,0.0,0.21061809926688674,0.0,0.0,0.0,0.0,0.0,0.0,0.0,0.0,0.0,0.2266644640580168,0.0,0.15182731479835132,0.0,0.0,0.0,0.0,0.0,0.0,0.0,0.0,0.0,0.0,0.0,0.0,0.0,0.0,0.0
c1ae35cd9be8a69a397e7b1e24229847a71bf7ff80bf4021429ee9804bf02652,0.0,0.38186838314111354,0.0,0.0,0.0,0.0,0.0,0.0,0.0,0.0,0.0,0.0,0.1783393174018194,0.0,0.0,0.0,0.0,0.0,0.0,0.0,0.0,0.0,0.0,0.0,0.0,0.0,0.0,0.0,0.0,0.0,0.0,0.0,0.0,0.0,0.0,0.0,0.0,0.0,0.0,0.0,0.0,0.0,0.32701287980140337,0.0,0.0,0.0,0.0,0.0,0.0,0.0,0.0,0.0,0.0,0.0,0.0,0.0,0.0,0.0,0.0,0.0,0.0,0.0,0.0,0.0,0.0,0.0,0.6724981288293392,0.0,0.0,0.0,0.0,0.0,0.0,0.0,0.0,0.1695448017454724,0.0,0.0,0.0,0.0,0.0,0.0,0.0,0.0,0.0,0.0,0.0,0.0,0.0,0.0,0.0,0.0,0.0,0.0,0.0,0.0,0.0,0.0,0.0,0.0,0.0,0.0,0.23948685736099692,0.0,0.0,0.0,0.0,0.0,0.0,0.0,0.0,0.0,0.0,0.0,0.0,0.0,0.22283527343724086,0.0,0.22694447041733753,0.0,0.0,0.0,0.0,0.0,0.0,0.0,0.0,0.0,0.0,0.0,0.0,0.0,0.0,0.0,0.0,0.0,0.0,0.0,0.0,0.0,0.0,0.0,0.0,0.27553896748456697,0.0,0.0,0.0,0.0,0.0,0.0,0.0,0.0,0.0,0.0,0.0,0.0,0.0,0.0,0.0,0.0,0.0
be817248c8fc124a548b2187aa95fca5b2a5de02cabbd18a2463d2cb5a1593ab,0.0,0.0,0.0,0.0,0.0,0.0,0.0,0.0,0.0,0.0,0.0,0.0,0.18588184690957854,0.0,0.0,0.0,0.0,0.0,0.0,0.0,0.0,0.0,0.0,0.0,0.0,0.0,0.39073136033901607,0.0,0.0,0.0,0.0,0.0,0.0,0.0,0.0,0.0,0.0,0.0,0.0,0.0,0.0,0.0,0.0,0.0,0.36097835415732754,0.0,0.0,0.38772848267666793,0.0,0.0,0.0,0.0,0.0,0.0,0.0,0.0,0.0,0.0,0.35937564171251796,0.0,0.0,0.0,0.0,0.0,0.0,0.0,0.0,0.0,0.0,0.0,0.0,0.0,0.0,0.0,0.0,0.0,0.0,0.30070013439021115,0.0,0.161680817471168,0.0,0.0,0.0,0.0,0.0,0.0,0.0,0.0,0.0,0.0,0.0,0.0,0.0,0.0,0.0,0.0,0.0,0.0,0.0,0.2275308551737316,0.0,0.0,0.0,0.0,0.0,0.0,0.0,0.0,0.0,0.0,0.0,0.0,0.0,0.0,0.0,0.0,0.0,0.0,0.0,0.2096543873568827,0.0,0.0,0.0,0.0,0.0,0.0,0.0,0.0,0.0,0.0,0.0,0.0,0.0,0.26686102939933504,0.0,0.0,0.0,0.0,0.0,0.0,0.0,0.0,0.0,0.28719237528643304,0.0,0.19237090097695586,0.0,0.0,0.0,0.0,0.0,0.0,0.0,0.0,0.0,0.0,0.0,0.0,0.0,0.0,0.0
bcc999c314a9bcdb87c69516480a039848898be7ff24e92725cbb0dc39c976ec,0.0,0.0,0.0,0.0,0.0,0.0,0.0,0.0,0.0,0.0,0.0,0.0,0.1506343627010957,0.0,0.0,0.0,0.0,0.0,0.0,0.0,0.42579013703316826,0.0,0.0,0.0,0.0,0.0,0.0,0.0,0.0,0.0,0.0,0.0,0.0,0.0,0.0,0.0,0.0,0.0,0.0,0.0,0.0,0.43541958805335224,0.2762115357487169,0.2611015163454568,0.0,0.0,0.0,0.0,0.0,0.0,0.0,0.0,0.0,0.0,0.0,0.0,0.0,0.0,0.0,0.0,0.0,0.0,0.0,0.0,0.0,0.0,0.0,0.0,0.0,0.0,0.0,0.0,0.0,0.0,0.0,0.14320607217908024,0.0,0.0,0.0,0.13102240646774296,0.0,0.0,0.0,0.0,0.0,0.0,0.0,0.0,0.0,0.0,0.0,0.0,0.0,0.0,0.0,0.0,0.0,0.0,0.0,0.18438575866207518,0.0,0.0,0.0,0.0,0.0,0.0,0.0,0.0,0.0,0.0,0.0,0.0,0.0,0.0,0.0,0.0,0.18821788650179463,0.0,0.19168872107337417,0.16989908133608764,0.0,0.0,0.0,0.0,0.0,0.0,0.2734476458124791,0.0,0.0,0.0,0.0,0.0,0.0,0.0,0.0,0.0,0.0,0.0,0.0,0.0,0.0,0.0,0.2912297336167305,0.23273407889544964,0.0,0.1558929424937089,0.0,0.0,0.0,0.0,0.0,0.0,0.0,0.0,0.22625138172072423,0.0,0.0,0.0,0.0,0.0,0.0
5d1b0eb4fe5d011c4867b01b7a218e87e41cb6e39bc8c2a3470dec2115e482e6,0.0,0.0,0.0,0.0,0.0,0.0,0.0,0.0,0.0,0.0,0.22712762147703047,0.0,0.14794346181785592,0.0,0.0,0.0,0.0,0.0,0.0,0.0,0.0,0.2162103133665219,0.0,0.0,0.0,0.0,0.0,0.0,0.0,0.0,0.0,0.0,0.0,0.0,0.2421982732310819,0.0,0.0,0.0,0.0,0.0,0.0,0.0,0.27127735039964024,0.0,0.0,0.0,0.0,0.0,0.0,0.0,0.0,0.0,0.0,0.0,0.0,0.0,0.0,0.0,0.2860272663087233,0.0,0.0,0.0,0.0,0.0,0.0,0.0,0.0,0.2421982732310819,0.0,0.0,0.0,0.0,0.0,0.0,0.0,0.1406478687306636,0.0,0.0,0.0,0.0,0.0,0.0,0.0,0.0,0.0,0.0,0.0,0.0,0.3085933076642728,0.0,0.0,0.0,0.0,0.0,0.0,0.0,0.0,0.0,0.0,0.18109192987066486,0.0,0.0,0.0,0.0,0.0,0.0,0.0,0.0,0.0,0.0,0.0,0.0,0.0,0.0,0.0,0.0,0.1848556013767584,0.1709736683314289,0.18826443368240892,0.1668640395313429,0.19894305686972685,0.0,0.0,0.0,0.0,0.0,0.0,0.0,0.0,0.0,0.0,0.0,0.0,0.0,0.0,0.0,0.0,0.46614542850837987,0.0,0.0,0.0,0.0,0.0,0.22857656578071325,0.0,0.15310810343623854,0.0,0.0,0.0,0.0,0.0,0.0,0.0,0.0,0.0,0.0,0.0,0.0,0.0,0.0,0.0
bc6c1ee2b06d35ebb30a7ee02c682c6b72e5b3101cfb47e551301d2cfdc74ac7,0.0,0.0,0.0,0.0,0.0,0.0,0.0,0.0,0.0,0.0,0.23785173411175228,0.0,0.15492879604443655,0.0,0.0,0.0,0.0,0.0,0.0,0.0,0.0,0.2264189517445959,0.0,0.0,0.0,0.0,0.3256667621963963,0.0,0.0,0.0,0.0,0.0,0.0,0.0,0.0,0.0,0.0,0.0,0.0,0.0,0.0,0.0,0.0,0.0,0.3008682275192904,0.0,0.0,0.32316392381475145,0.0,0.0,0.0,0.0,0.0,0.0,0.0,0.0,0.0,0.0,0.2995323988000902,0.0,0.0,0.0,0.0,0.0,0.0,0.0,0.0,0.0,0.0,0.0,0.0,0.0,0.0,0.0,0.0,0.14728873247190494,0.0,0.0,0.0,0.1347577227725381,0.0,0.0,0.0,0.0,0.0,0.0,0.0,0.0,0.0,0.0,0.0,0.0,0.0,0.0,0.0,0.0,0.0,0.0,0.0,0.0,0.0,0.0,0.0,0.0,0.35338932303927073,0.0,0.0,0.0,0.0,0.0,0.0,0.0,0.0,0.0,0.0,0.0,0.0,0.0,0.0,0.17474273232520798,0.0,0.0,0.0,0.0,0.2448528463916469,0.0,0.0,0.0,0.0,0.0,0.0,0.0,0.0,0.2224233225750646,0.0,0.0,0.0,0.0,0.0,0.0,0.0,0.0,0.2995323988000902,0.23936909211964716,0.0,0.1603372926289097,0.0,0.0,0.0,0.0,0.0,0.0,0.0,0.0,0.0,0.0,0.0,0.0,0.0,0.0,0.0
e56bedd1e87902a99a32f20b082af4677606f8efa1bd1e5913ee0e9615980171,0.0,0.0,0.0,0.0,0.0,0.0,0.0,0.0,0.0,0.0,0.0,0.0,0.13645051526839175,0.0,0.0,0.0,0.0,0.0,0.0,0.0,0.0,0.19941407550354914,0.0,0.0,0.0,0.0,0.0,0.0,0.0,0.0,0.0,0.5810017192056969,0.0,0.0,0.0,0.0,0.0,0.0,0.0,0.0,0.0,0.0,0.0,0.0,0.0,0.0,0.0,0.0,0.0,0.0,0.0,0.0,0.0,0.0,0.0,0.0,0.0,0.0,0.0,0.0,0.197932068229121,0.0,0.0,0.0,0.0,0.0,0.0,0.0,0.0,0.0,0.0,0.0,0.0,0.0,0.0,0.0,0.0,0.0,0.0,0.11868523591594912,0.0,0.0,0.0,0.0,0.0,0.0,0.0,0.0,0.0,0.0,0.0,0.0,0.0,0.0,0.0,0.0,0.0,0.0,0.0,0.0,0.0,0.0,0.0,0.0,0.0,0.0,0.0,0.0,0.0,0.0,0.0,0.0,0.0,0.0,0.27430026817309217,0.0,0.0,0.15769162661526187,0.0,0.15390125318176773,0.0,0.0,0.0,0.0,0.0,0.0,0.0,0.0,0.0,0.0,0.0,0.0,0.0,0.0,0.0,0.0,0.0,0.0,0.0,0.0,0.0,0.0,0.0,0.21081965904959907,0.0,0.14121394314378186,0.0,0.0,0.0,0.0,0.0,0.0,0.0,0.0,0.20494737762616666,0.0,0.0,0.0,0.0,0.0,0.5662211413087954
efd8049d67d1bcdb6c0aba4da7ca6d4feacc65eb874447cc2c69d12dd4a83675,0.0,0.0,0.0,0.0,0.0,0.0,0.0,0.0,0.0,0.0,0.0,0.0,0.36754633830024885,0.0,0.0,0.0,0.0,0.0,0.0,0.0,0.0,0.0,0.0,0.0,0.0,0.0,0.0,0.0,0.0,0.0,0.0,0.0,0.0,0.0,0.0,0.0,0.0,0.0,0.0,0.0,0.0,0.0,0.0,0.0,0.0,0.0,0.0,0.0,0.0,0.0,0.0,0.0,0.0,0.0,0.0,0.0,0.0,0.0,0.0,0.0,0.0,0.0,0.0,0.0,0.0,0.0,0.0,0.0,0.0,0.0,0.0,0.0,0.0,0.0,0.0,0.0,0.0,0.0,0.0,0.0,0.0,0.0,0.0,0.0,0.0,0.0,0.0,0.0,0.0,0.0,0.0,0.0,0.0,0.0,0.0,0.0,0.0,0.0,0.0,0.0,0.0,0.0,0.4935676483259345,0.0,0.0,0.0,0.0,0.0,0.0,0.0,0.0,0.0,0.0,0.0,0.0,0.0,0.0,0.0,0.0,0.41455205907809073,0.0,0.0,0.0,0.0,0.0,0.0,0.0,0.0,0.0,0.0,0.0,0.0,0.0,0.0,0.0,0.0,0.0,0.0,0.0,0.0,0.0,0.0,0.0,0.0,0.0,0.3803772203963206,0.0,0.0,0.0,0.0,0.0,0.0,0.0,0.0,0.5520511083638633,0.0,0.0,0.0,0.0,0.0,0.0
ef14393974b607435db89dcd21cbfeb50d14988fec8570cf13b2dbfbd719e062,0.0,0.0,0.0,0.0,0.0,0.0,0.0,0.0,0.0,0.0,0.0,0.0,0.2183203303250708,0.0,0.0,0.0,0.0,0.0,0.0,0.0,0.0,0.0,0.0,0.0,0.0,0.0,0.0,0.0,0.0,0.0,0.0,0.0,0.0,0.0,0.0,0.0,0.0,0.0,0.0,0.0,0.0,0.0,0.0,0.0,0.0,0.0,0.0,0.45539148562250836,0.0,0.0,0.0,0.0,0.0,0.0,0.0,0.0,0.0,0.0,0.0,0.0,0.3166905924298564,0.0,0.0,0.0,0.42209075342159297,0.0,0.0,0.35741225983390934,0.0,0.0,0.0,0.0,0.0,0.0,0.0,0.2075542155326908,0.0,0.0,0.0,0.0,0.0,0.0,0.0,0.0,0.0,0.0,0.0,0.0,0.0,0.0,0.0,0.0,0.0,0.0,0.0,0.0,0.0,0.0,0.0,0.26723756131409077,0.0,0.0,0.0,0.0,0.0,0.0,0.0,0.0,0.0,0.0,0.0,0.0,0.0,0.0,0.0,0.0,0.27279161552067027,0.2523060315633462,0.0,0.0,0.2935804891814149,0.0,0.0,0.0,0.0,0.0,0.0,0.0,0.0,0.0,0.0,0.0,0.0,0.0,0.0,0.0,0.0,0.0,0.0,0.0,0.0,0.0,0.0,0.0,0.0,0.0,0.0,0.0,0.0,0.0,0.0,0.0,0.0,0.0,0.0,0.0,0.0,0.0,0.0,0.0,0.0
ef25f37fb988e1e041e5dbbd6f30aac3918e540fc253964b054fc1ec6e45b6a2,0.0,0.0,0.0,0.0,0.0,0.0,0.0,0.0,0.0,0.0,0.0,0.0,0.16553184293947643,0.0,0.0,0.0,0.0,0.0,0.0,0.0,0.0,0.0,0.0,0.0,0.0,0.0,0.0,0.0,0.0,0.0,0.0,0.0,0.0,0.0,0.0,0.0,0.0,0.0,0.0,0.0,0.0,0.0,0.0,0.0,0.0,0.0,0.0,0.34528067890791125,0.0,0.0,0.0,0.0,0.0,0.0,0.0,0.0,0.0,0.0,0.0,0.0,0.0,0.0,0.0,0.0,0.0,0.0,0.0,0.0,0.0,0.0,0.0,0.0,0.0,0.0,0.0,0.1573689072191654,0.0,0.0,0.0,0.0,0.0,0.0,0.0,0.0,0.0,0.0,0.0,0.0,0.34528067890791125,0.0,0.0,0.0,0.0,0.0,0.0,0.0,0.0,0.0,0.0,0.2026211941009183,0.0,0.0,0.0,0.0,0.0,0.0,0.0,0.7048290374129619,0.0,0.0,0.0,0.0,0.0,0.0,0.0,0.0,0.20683231281456238,0.0,0.21064640697521322,0.18670180922192744,0.22259456713405312,0.0,0.0,0.0,0.0,0.0,0.0,0.0,0.0,0.0,0.0,0.0,0.0,0.0,0.0,0.0,0.0,0.0,0.0,0.0,0.0,0.0,0.0,0.0,0.0,0.0,0.0,0.0,0.0,0.0,0.0,0.0,0.0,0.0,0.0,0.0,0.0,0.0,0.0,0.0,0.0
2a6693166d2db53f60f7b18d49329204dc685a0c12c5cb8be1b62ced46980041,0.0,0.0,0.0,0.0,0.0,0.0,0.0,0.0,0.0,0.0,0.0,0.0,0.36754633830024885,0.0,0.0,0.0,0.0,0.0,0.0,0.0,0.0,0.0,0.0,0.0,0.0,0.0,0.0,0.0,0.0,0.0,0.0,0.0,0.0,0.0,0.0,0.0,0.0,0.0,0.0,0.0,0.0,0.0,0.0,0.0,0.0,0.0,0.0,0.0,0.0,0.0,0.0,0.0,0.0,0.0,0.0,0.0,0.0,0.0,0.0,0.0,0.0,0.0,0.0,0.0,0.0,0.0,0.0,0.0,0.0,0.0,0.0,0.0,0.0,0.0,0.0,0.0,0.0,0.0,0.0,0.0,0.0,0.0,0.0,0.0,0.0,0.0,0.0,0.0,0.0,0.0,0.0,0.0,0.0,0.0,0.0,0.0,0.0,0.0,0.0,0.0,0.0,0.0,0.4935676483259345,0.0,0.0,0.0,0.0,0.0,0.0,0.0,0.0,0.0,0.0,0.0,0.0,0.0,0.0,0.0,0.0,0.41455205907809073,0.0,0.0,0.0,0.0,0.0,0.0,0.0,0.0,0.0,0.0,0.0,0.0,0.0,0.0,0.0,0.0,0.0,0.0,0.0,0.0,0.0,0.0,0.0,0.0,0.0,0.3803772203963206,0.0,0.0,0.0,0.0,0.0,0.0,0.0,0.0,0.5520511083638633,0.0,0.0,0.0,0.0,0.0,0.0
ef9b97d49e19b228a9ce665014ffbf2ca16df1ec49c673feb9f70a1af0c519a9,0.0,0.0,0.0,0.0,0.0,0.0,0.0,0.0,0.0,0.0,0.0,0.0,0.19846231696933264,0.0,0.0,0.0,0.0,0.0,0.0,0.0,0.0,0.29004052775386974,0.0,0.0,0.0,0.0,0.41717603076744764,0.0,0.0,0.0,0.0,0.0,0.0,0.0,0.0,0.0,0.0,0.0,0.0,0.0,0.0,0.0,0.0,0.0,0.38540934326249093,0.0,0.0,0.0,0.0,0.0,0.0,0.0,0.0,0.0,0.0,0.0,0.0,0.0,0.3836981593544291,0.0,0.0,0.0,0.0,0.0,0.0,0.0,0.0,0.0,0.0,0.0,0.0,0.0,0.0,0.0,0.0,0.0,0.0,0.0,0.0,0.172623363595223,0.0,0.0,0.0,0.0,0.0,0.0,0.0,0.0,0.0,0.0,0.0,0.0,0.0,0.0,0.0,0.0,0.0,0.0,0.0,0.0,0.0,0.0,0.0,0.0,0.0,0.0,0.0,0.0,0.0,0.0,0.0,0.0,0.0,0.0,0.0,0.0,0.0,0.0,0.0,0.22384378124816662,0.0,0.0,0.0,0.0,0.3136541718008616,0.0,0.0,0.0,0.0,0.0,0.0,0.0,0.0,0.2849221647188405,0.0,0.0,0.0,0.0,0.0,0.0,0.0,0.0,0.3836981593544291,0.0,0.0,0.0,0.0,0.0,0.0,0.0,0.0,0.0,0.0,0.0,0.0,0.0,0.0,0.0,0.0,0.0,0.0
ed01ebfbc9eb5bbea545af4d01bf5f1071661840480439c6e5babe8e080e41aa,0.0,0.15729475799571693,0.1852388172066326,0.0,0.20438260794539984,0.0,0.0,0.0,0.0,0.0,0.0,0.0,0.0,0.0,0.0,0.0,0.0,0.1439471552813527,0.0,0.0,0.0,0.10735648326998677,0.0,0.0,0.0,0.0,0.0,0.0,0.0,0.0,0.0,0.0,0.0,0.0,0.0,0.0,0.0,0.0,0.0,0.0,0.0,0.21233987404962323,0.0,0.0,0.0,0.0,0.0,0.15322808498652854,0.0,0.0,0.0,0.0,0.21112522855037877,0.0,0.0,0.20544697662243347,0.0,0.0,0.0,0.0,0.0,0.0,0.0,0.14909627625642996,0.0,0.0,0.27700756359212353,0.12026047445791466,0.0,0.0,0.0,0.0,0.0,0.0,0.0,0.0,0.0,0.0,0.0,0.06389533693562294,0.0,0.0,0.0,0.0,0.2314585882506264,0.2161653314237481,0.0,0.0,0.15322808498652854,0.0,0.0,0.0,0.0,0.0,0.0,0.0,0.0,0.0,0.0,0.08991889626713785,0.0,0.0,0.0,0.0,0.0,0.0,0.11744779150168352,0.0,0.0,0.0,0.0,0.0,0.0,0.0,0.0,0.0,0.09178769952072133,0.08489480209353155,0.09348031187900128,0.08285421814241184,0.0987826465072869,0.0,0.1612505691057092,0.2202971401538467,0.0,0.0,0.13335146204739232,0.0,0.0,0.0,0.34856815056181356,0.0,0.0,0.0,0.0,0.0,0.0,0.2314585882506264,0.0,0.0,0.0,0.0,0.0,0.0,0.2202971401538467,0.0760238828995522,0.0,0.17020721218095405,0.0,0.0,0.0,0.21112522855037877,0.0,0.0,0.11033538962478917,0.0,0.0,0.0,0.0,0.0,0.0
ec9b16f63e7f1334124c7ecd51e4777a5b3de1f9985736ed197a75dafed18025,0.0,0.0,0.0,0.0,0.0,0.0,0.0,0.0,0.0,0.0,0.2130302089432144,0.0,0.13876087099352458,0.0,0.0,0.0,0.0,0.0,0.0,0.0,0.0,0.202790518971758,0.0,0.0,0.0,0.0,0.0,0.0,0.0,0.0,0.0,0.0,0.0,0.0,0.0,0.0,0.0,0.0,0.0,0.0,0.0,0.0,0.0,0.24052064333898523,0.2694704817358828,0.0,0.0,0.0,0.0,0.0,0.0,0.0,0.0,0.0,0.0,0.0,0.0,0.0,0.0,0.0,0.0,0.0,0.0,0.0,0.0,0.0,0.0,0.2271654518132705,0.0,0.0,0.0,0.4406342656862016,0.0,0.0,0.0,0.13191810255513617,0.28163470260813583,0.22447276724204676,0.0,0.12069479310778386,0.0,0.0,0.0,0.0,0.0,0.0,0.0,0.0,0.0,0.0,0.0,0.0,0.0,0.0,0.0,0.0,0.0,0.0,0.0,0.16985187185689382,0.0,0.0,0.0,0.0,0.0,0.0,0.0,0.0,0.0,0.0,0.0,0.0,0.0,0.0,0.0,0.0,0.17338193888318817,0.16036163303949172,0.1765791909549647,0.0,0.18659501075718216,0.0,0.0,0.0,0.21930070521430786,0.0,0.0,0.0,0.0,0.0,0.0,0.0,0.0,0.199211862208865,0.0,0.0,0.0,0.0,0.0,0.0,0.0,0.0,0.26827405627265766,0.21438921981892084,0.0,0.0,0.0,0.0,0.0,0.0,0.0,0.0,0.0,0.0,0.0,0.0,0.0,0.0,0.0,0.0,0.0
eb5741230e639ea52f1bb8cb9ea0d760ff6f2095878320f9a259871482638b72,0.0,0.0,0.0,0.0,0.0,0.0,0.0,0.0,0.0,0.0,0.35886502757930244,0.0,0.23375287497038985,0.0,0.0,0.0,0.0,0.0,0.0,0.0,0.0,0.34161551802739787,0.0,0.0,0.0,0.0,0.0,0.0,0.0,0.0,0.0,0.0,0.0,0.0,0.0,0.0,0.0,0.0,0.0,0.0,0.0,0.0,0.0,0.0,0.0,0.0,0.0,0.48758202611181284,0.0,0.0,0.0,0.0,0.0,0.0,0.0,0.0,0.0,0.0,0.0,0.0,0.0,0.0,0.0,0.0,0.0,0.0,0.0,0.0,0.0,0.0,0.0,0.0,0.0,0.0,0.0,0.222225729141905,0.0,0.0,0.0,0.20331924036580493,0.0,0.0,0.0,0.0,0.0,0.0,0.0,0.0,0.0,0.0,0.0,0.0,0.0,0.0,0.0,0.0,0.0,0.0,0.0,0.2861279486167536,0.0,0.0,0.0,0.0,0.0,0.0,0.0,0.0,0.0,0.0,0.0,0.0,0.0,0.0,0.0,0.0,0.2920746056990156,0.0,0.0,0.0,0.0,0.0,0.0,0.0,0.0,0.0,0.0,0.0,0.0,0.0,0.0,0.0,0.0,0.0,0.0,0.0,0.0,0.0,0.0,0.0,0.0,0.0,0.4519273443925579,0.0,0.0,0.0,0.0,0.0,0.0,0.0,0.0,0.0,0.0,0.0,0.0,0.0,0.0,0.0,0.0,0.0,0.0
eb84360ca4e33b8bb60df47ab5ce962501ef3420bc7aab90655fd507d2ffcedd,0.0,0.0,0.0,0.0,0.0,0.0,0.0,0.0,0.0,0.0,0.0,0.0,0.0,0.0,0.0,0.0,0.0,0.0,0.0,0.0,0.0,0.0,0.0,0.0,0.0,0.0,0.4735303553271016,0.0,0.0,0.0,0.0,0.0,0.0,0.0,0.0,0.0,0.0,0.0,0.0,0.0,0.0,0.0,0.0,0.0,0.43747245719207545,0.0,0.0,0.0,0.0,0.0,0.0,0.0,0.0,0.0,0.0,0.0,0.0,0.0,0.4355301175937914,0.0,0.0,0.0,0.0,0.0,0.0,0.0,0.0,0.0,0.0,0.0,0.0,0.0,0.0,0.0,0.0,0.0,0.0,0.36442081680149596,0.0,0.19594223222899454,0.0,0.0,0.0,0.0,0.0,0.0,0.0,0.0,0.0,0.0,0.0,0.0,0.0,0.0,0.0,0.0,0.0,0.0,0.0,0.0,0.0,0.0,0.0,0.0,0.0,0.0,0.0,0.0,0.0,0.0,0.0,0.0,0.0,0.0,0.0,0.0,0.0,0.0,0.0,0.2540817723329211,0.0,0.0,0.0,0.0,0.0,0.0,0.0,0.0,0.0,0.0,0.0,0.0,0.0,0.3234109439405676,0.0,0.0,0.0,0.0,0.0,0.0,0.0,0.0,0.0,0.0,0.0,0.23313578161521462,0.0,0.0,0.0,0.0,0.0,0.0,0.0,0.0,0.0,0.0,0.0,0.0,0.0,0.0,0.0
eb3414abcb87814b1f26bed72e45682051e7b4cd712d30038ef5d45ea8ec3187,0.33234908248574535,0.0,0.0,0.0,0.0,0.0,0.0,0.0,0.0,0.0,0.13530837551383623,0.0,0.0881354251688484,0.0,0.0,0.0,0.0,0.0,0.0,0.0,0.0,0.1288045288402764,0.0,0.0,0.0,0.0,0.0,0.0,0.0,0.0,0.0,0.0,0.41820628837972235,0.0,0.0,0.0,0.0,0.0,0.0,0.0,0.0,0.0,0.0,0.15276921376167818,0.0,0.0,0.41820628837972235,0.18384051610700705,0.21722212310002384,0.0,0.0,0.0,0.0,0.0,0.0,0.0,0.0,0.0,0.17039708559097783,0.0,0.0,0.0,0.0,0.0,0.0,0.0,0.0,0.0,0.0,0.0,0.0,0.0,0.0,0.0,0.0,0.08378916889839387,0.17888324049096357,0.14257623664403907,0.0,0.07666056597985128,0.0,0.0,0.0,0.0,0.0,0.0,0.0,0.0,0.0,0.0,0.0,0.0,0.0,0.0,0.0,0.0,0.0,0.0,0.0,0.10788320103965535,0.0,0.0,0.0,0.0,0.0,0.0,0.0,0.0,0.0,0.0,0.0,0.0,0.0,0.0,0.0,0.0,0.11012536020174006,0.10185537614105929,0.0,0.0,0.11851778163195258,0.0,0.0,0.0,0.13929114710438276,0.0,0.0,0.0,0.0,0.0,0.0,0.0,0.0,0.1265315073964598,0.0,0.0,0.0,0.0,0.0,0.0,0.0,0.0,0.0,0.1361715655506375,0.0,0.0,0.1887196429649415,0.0,0.0,0.0,0.0,0.2533045491192025,0.0,0.0,0.0,0.0,0.31077744488644155,0.0,0.0,0.0,0.0
d4169a35ad389cc7a7313bff271319fe5db7ff5894bd3a006cccfa34a308b1c7,0.0,0.2278872781704817,0.0,0.0,0.0,0.0,0.0,0.0,0.0,0.0,0.0,0.28612137600858073,0.10642740647754517,0.0,0.0,0.0,0.0,0.0,0.0,0.0,0.0,0.0,0.3494879721722206,0.0,0.37981136252304165,0.0,0.0,0.0,0.0,0.0,0.0,0.0,0.0,0.0,0.0,0.0,0.0,0.0,0.0,0.0,0.0,0.0,0.0,0.0,0.2066796229229712,0.0,0.0,0.22199551766248982,0.0,0.0,0.0,0.0,0.0,0.0,0.0,0.0,0.3279731843262554,0.0,0.0,0.0,0.0,0.0,0.0,0.0,0.0,0.0,0.0,0.0,0.0,0.0,0.0,0.0,0.0,0.0,0.0,0.10117911066612682,0.0,0.0,0.0,0.09257100877094357,0.0,0.0,0.0,0.0,0.0,0.0,0.0,0.0,0.0,0.0,0.0,0.0,0.0,0.0,0.0,0.0,0.0,0.0,0.0,0.13027371533239462,0.0,0.0,0.1429183731647987,0.0,0.0,0.0,0.17015733946570352,0.0,0.0,0.0,0.0,0.0,0.0,0.0,0.0,0.0,0.1329812212424573,0.12299485136334556,0.0,0.12003847107181861,0.14311543963617288,0.0,0.0,0.0,0.0,0.0,0.1931984391168459,0.0,0.0,0.0,0.0,0.0,0.0,0.0,0.0,0.0,0.0,0.0,0.0,0.0,0.0,0.0,0.20576198340267235,0.0,0.0,0.11014274074157085,0.0,0.0,0.0,0.0,0.0,0.0,0.0,0.0,0.0,0.37981136252304165,0.0,0.0,0.0,0.0,0.0
ea6708c3be6f8f4ad01b29bf906dcee23b87183c26a497d867026e302d595be2,0.0,0.0,0.0,0.0,0.0,0.0,0.0,0.0,0.0,0.0,0.0,0.0,0.23380248158020267,0.0,0.0,0.0,0.0,0.0,0.0,0.0,0.0,0.0,0.0,0.0,0.0,0.0,0.0,0.0,0.0,0.0,0.0,0.0,0.0,0.0,0.0,0.0,0.0,0.0,0.0,0.0,0.0,0.0,0.0,0.0,0.0,0.0,0.0,0.0,0.5762390246329306,0.5699595346717269,0.0,0.0,0.0,0.0,0.0,0.0,0.0,0.0,0.0,0.0,0.0,0.0,0.0,0.0,0.0,0.0,0.0,0.0,0.0,0.0,0.0,0.0,0.0,0.0,0.0,0.22227288948180374,0.0,0.0,0.0,0.0,0.0,0.0,0.0,0.0,0.0,0.0,0.0,0.0,0.0,0.0,0.0,0.0,0.0,0.0,0.0,0.0,0.0,0.0,0.0,0.28618867016939925,0.0,0.0,0.31396678182123555,0.0,0.0,0.0,0.0,0.0,0.0,0.0,0.0,0.0,0.0,0.0,0.0,0.0,0.0,0.0,0.0,0.0,0.0,0.0,0.0,0.0,0.0,0.0,0.0,0.0,0.0,0.0,0.0,0.0,0.0,0.0,0.0,0.0,0.0,0.0,0.0,0.0,0.0,0.0,0.0,0.0,0.0,0.24196442406831953,0.0,0.0,0.0,0.0,0.0,0.0,0.0,0.0,0.0,0.0,0.0,0.0,0.0,0.0,0.0
e222690e07d25744be76a045355534b3a6c8e8a606fdfec66885f926f1ebaadd,0.0,0.0,0.0,0.0,0.0,0.0,0.2871178432839087,0.0,0.0,0.0,0.0,0.0,0.10778669987616814,0.0,0.0,0.0,0.2784874931530627,0.21121298517398626,0.0,0.0,0.0,0.0,0.0,0.0,0.0,0.28455007670566107,0.0,0.0,0.0,0.0,0.0,0.0,0.0,0.0,0.0,0.0,0.0,0.0,0.0,0.0,0.0,0.0,0.0,0.18683167821000415,0.0,0.0,0.0,0.22483084976039427,0.2656554472187639,0.0,0.0,0.0,0.0,0.0,0.0,0.0,0.0,0.0,0.0,0.0,0.15635297816294538,0.2858230791069174,0.0,0.0,0.0,0.0,0.0,0.0,0.0,0.0,0.0,0.0,0.0,0.0,0.0,0.1024713727042516,0.21876826620779588,0.17436600548738654,0.0,0.0,0.0,0.0,0.0,0.0,0.0,0.0,0.0,0.0,0.22483084976039427,0.0,0.0,0.0,0.0,0.0,0.0,0.0,0.0,0.0,0.0,0.0,0.0,0.0,0.0,0.0,0.0,0.0,0.0,0.0,0.0,0.0,0.0,0.0,0.0,0.0,0.2166787030695395,0.246620424994869,0.13467966060275335,0.12456574456704382,0.1371632227699663,0.12157160531523498,0.14494331347785594,0.0,0.0,0.0,0.17034845000843,0.0,0.0,0.0,0.0,0.0,0.0,0.0,0.27619210961662005,0.0,0.0,0.0,0.0,0.0,0.0,0.0,0.0,0.0,0.0,0.0,0.0,0.0,0.0,0.0,0.0,0.0,0.0,0.0,0.0,0.0,0.0,0.0,0.0,0.0,0.0,0.0,0.0
e24033a0af118f6a215d79fc956b3e5faddada5590c898dd04e4a7a8ddfa3e99,0.0,0.0,0.0,0.0,0.0,0.0,0.0,0.0,0.0,0.0,0.0,0.0,0.23380248158020267,0.0,0.0,0.0,0.0,0.0,0.0,0.0,0.0,0.0,0.0,0.0,0.0,0.0,0.0,0.0,0.0,0.0,0.0,0.0,0.0,0.0,0.0,0.0,0.0,0.0,0.0,0.0,0.0,0.0,0.0,0.0,0.0,0.0,0.0,0.0,0.5762390246329306,0.5699595346717269,0.0,0.0,0.0,0.0,0.0,0.0,0.0,0.0,0.0,0.0,0.0,0.0,0.0,0.0,0.0,0.0,0.0,0.0,0.0,0.0,0.0,0.0,0.0,0.0,0.0,0.22227288948180374,0.0,0.0,0.0,0.0,0.0,0.0,0.0,0.0,0.0,0.0,0.0,0.0,0.0,0.0,0.0,0.0,0.0,0.0,0.0,0.0,0.0,0.0,0.0,0.28618867016939925,0.0,0.0,0.31396678182123555,0.0,0.0,0.0,0.0,0.0,0.0,0.0,0.0,0.0,0.0,0.0,0.0,0.0,0.0,0.0,0.0,0.0,0.0,0.0,0.0,0.0,0.0,0.0,0.0,0.0,0.0,0.0,0.0,0.0,0.0,0.0,0.0,0.0,0.0,0.0,0.0,0.0,0.0,0.0,0.0,0.0,0.0,0.24196442406831953,0.0,0.0,0.0,0.0,0.0,0.0,0.0,0.0,0.0,0.0,0.0,0.0,0.0,0.0,0.0
e6986e80395ec6fb4fc2450dd4de5ea81ba8d489a1464a1108a98f6541967af6,0.0,0.0,0.0,0.0,0.0,0.0,0.0,0.0,0.0,0.0,0.2520572252066298,0.0,0.16418178568846117,0.0,0.0,0.0,0.0,0.0,0.0,0.0,0.0,0.23994162970501043,0.0,0.0,0.0,0.0,0.34511693062823506,0.0,0.0,0.0,0.0,0.0,0.0,0.0,0.0,0.0,0.0,0.0,0.0,0.0,0.0,0.0,0.0,0.0,0.3188373247079986,0.0,0.0,0.0,0.0,0.0,0.0,0.0,0.0,0.0,0.0,0.0,0.0,0.0,0.3174217147627092,0.0,0.0,0.0,0.0,0.0,0.0,0.0,0.0,0.0,0.0,0.0,0.0,0.0,0.0,0.0,0.0,0.15608542586293314,0.0,0.2655960538468326,0.0,0.14280601234234153,0.0,0.0,0.0,0.0,0.0,0.0,0.0,0.0,0.0,0.0,0.0,0.0,0.0,0.0,0.0,0.0,0.0,0.0,0.0,0.0,0.0,0.0,0.0,0.0,0.37449519767250145,0.0,0.0,0.0,0.0,0.0,0.0,0.0,0.0,0.0,0.0,0.0,0.0,0.0,0.0,0.18517909234255403,0.0,0.0,0.0,0.0,0.2594764729208432,0.0,0.2980403805397593,0.0,0.0,0.0,0.0,0.0,0.0,0.2357073650056682,0.0,0.0,0.0,0.0,0.0,0.0,0.0,0.0,0.0,0.0,0.0,0.16991330009895242,0.0,0.0,0.0,0.0,0.0,0.0,0.0,0.0,0.0,0.0,0.0,0.0,0.0,0.0,0.0
e248b01e3ccde76b4d8e8077d4fcb4d0b70e5200bf4e738b45a0bd28fbc2cae6,0.0,0.0,0.0,0.0,0.0,0.0,0.0,0.0,0.0,0.0,0.1874046007548588,0.0,0.12206919271186421,0.0,0.0,0.0,0.0,0.0,0.0,0.0,0.0,0.1783966529127486,0.0,0.0,0.0,0.0,0.0,0.0,0.0,0.0,0.0,0.0,0.0,0.0,0.0,0.0,0.0,0.0,0.0,0.0,0.0,0.0,0.2238328531548588,0.0,0.0,0.0,0.0,0.0,0.0,0.0,0.0,0.0,0.0,0.0,0.0,0.0,0.0,0.0,0.0,0.0,0.0,0.0,0.0,0.0,0.23600311269499577,0.0,0.0,0.0,0.0,0.0,0.0,0.0,0.0,0.0,0.0,0.11604954745302698,0.0,0.0,0.0,0.10617630066533804,0.0,0.0,0.0,0.0,0.0,0.0,0.0,0.0,0.0,0.0,0.0,0.0,0.0,0.0,0.0,0.0,0.0,0.0,0.0,0.0,0.0,0.0,0.0,0.0,0.2784372594235044,0.0,0.0,0.0,0.4008527130140159,0.0,0.0,0.0,0.0,0.0,0.0,0.0,0.0,0.14107157837024867,0.1553383106869698,0.13768069469206656,0.0,0.0,0.0,0.0,0.0,0.0,0.0,0.0,0.3396271194851179,0.0,0.0,0.0,0.0,0.0,0.0,0.0,0.0,0.0,0.0,0.0,0.0,0.0,0.0,0.1886001349086612,0.0,0.0,0.0,0.0,0.0,0.0,0.0,0.0,0.5792234383817498,0.0,0.0,0.0,0.0,0.0,0.0,0.0,0.0
e54c15ea5da3277ce9ce7c4242db9b7e1248acc7fed2b84be6dd4d9abaa2e92d,0.0,0.0,0.0,0.0,0.0,0.0,0.0,0.0,0.0,0.0,0.2370525141494948,0.0,0.1544082104494244,0.0,0.0,0.0,0.0,0.0,0.0,0.0,0.0,0.22565814776415205,0.0,0.0,0.0,0.0,0.0,0.0,0.0,0.0,0.0,0.0,0.0,0.0,0.0,0.0,0.0,0.0,0.0,0.0,0.0,0.0,0.0,0.2676429014044607,0.0,0.0,0.0,0.0,0.0,0.0,0.0,0.0,0.0,0.0,0.0,0.0,0.0,0.0,0.0,0.0,0.0,0.0,0.0,0.0,0.0,0.0,0.0,0.0,0.0,0.0,0.0,0.0,0.5382624094884051,0.0,0.0,0.14679381871545596,0.3133931786303608,0.2497853900476892,0.0,0.13430491521782184,0.0,0.0,0.0,0.0,0.0,0.0,0.0,0.0,0.0,0.0,0.0,0.0,0.0,0.0,0.0,0.0,0.0,0.0,0.0,0.18900518126707216,0.0,0.0,0.0,0.0,0.0,0.0,0.0,0.0,0.0,0.0,0.0,0.0,0.0,0.0,0.0,0.0,0.19293331553427542,0.0,0.19649110504095676,0.1741555687274513,0.0,0.0,0.0,0.0,0.24403010156961494,0.0,0.0,0.0,0.0,0.0,0.0,0.0,0.0,0.22167594454926426,0.0,0.0,0.0,0.0,0.0,0.0,0.0,0.0,0.0,0.23856477359119957,0.0,0.0,0.0,0.0,0.0,0.0,0.0,0.0,0.0,0.0,0.0,0.0,0.0,0.0,0.0,0.0,0.0
2c2bd6f198033a90b270b4434a2fddd3b7a3a8b29416a75872e39a2181b16b48,0.0,0.0,0.0,0.0,0.0,0.0,0.0,0.0,0.0,0.0,0.0,0.0,0.0,0.0,0.0,0.0,0.0,0.0,0.0,0.0,0.0,0.0,0.0,0.0,0.0,0.0,0.4564933001896935,0.0,0.0,0.0,0.0,0.0,0.0,0.0,0.0,0.0,0.0,0.0,0.0,0.0,0.0,0.0,0.0,0.0,0.42173272205063916,0.0,0.0,0.0,0.0,0.0,0.0,0.0,0.0,0.0,0.0,0.0,0.0,0.0,0.41986026550517164,0.0,0.0,0.0,0.0,0.0,0.0,0.0,0.0,0.0,0.0,0.0,0.0,0.0,0.0,0.0,0.0,0.0,0.0,0.35130939220279706,0.0,0.188892465352009,0.0,0.0,0.0,0.0,0.0,0.0,0.0,0.0,0.0,0.0,0.0,0.0,0.0,0.0,0.0,0.0,0.0,0.0,0.0,0.2658253765019548,0.0,0.0,0.0,0.0,0.0,0.0,0.0,0.0,0.0,0.0,0.0,0.0,0.0,0.0,0.0,0.0,0.0,0.0,0.0,0.24494021442443997,0.0,0.0,0.0,0.0,0.0,0.0,0.0,0.0,0.0,0.0,0.0,0.0,0.0,0.31177500545854453,0.0,0.0,0.0,0.0,0.0,0.0,0.0,0.0,0.0,0.0,0.0,0.22474783537016885,0.0,0.0,0.0,0.0,0.0,0.0,0.0,0.0,0.0,0.0,0.0,0.0,0.0,0.0,0.0
e7fd6d23b75d0d2732db9a9e937bb7e7ed595ee3e52240f7b6dc3c03a9314270,0.0,0.0,0.0,0.0,0.0,0.0,0.0,0.0,0.0,0.0,0.2398116106933499,0.0,0.15620539518430215,0.0,0.0,0.0,0.0,0.0,0.0,0.0,0.0,0.2282846232428984,0.0,0.0,0.0,0.0,0.3283502265949933,0.0,0.0,0.0,0.0,0.0,0.0,0.0,0.0,0.0,0.0,0.0,0.0,0.0,0.0,0.0,0.0,0.0,0.3033473542553805,0.0,0.0,0.0,0.0,0.0,0.0,0.0,0.0,0.0,0.0,0.0,0.0,0.0,0.3020005184294482,0.0,0.0,0.0,0.0,0.0,0.0,0.0,0.0,0.0,0.0,0.0,0.0,0.0,0.0,0.0,0.0,0.14850237818520154,0.0,0.25269268680789764,0.0,0.1358681141095516,0.0,0.0,0.0,0.0,0.0,0.0,0.0,0.0,0.0,0.0,0.0,0.0,0.0,0.0,0.0,0.0,0.0,0.0,0.0,0.19120504632345298,0.0,0.0,0.0,0.0,0.35630121880911997,0.0,0.0,0.0,0.0,0.0,0.0,0.0,0.0,0.0,0.0,0.0,0.0,0.0,0.0,0.17618259649171286,0.0,0.0,0.0,0.0,0.246870411499476,0.0,0.2835607812880845,0.0,0.0,0.0,0.0,0.0,0.0,0.22425607045367033,0.0,0.0,0.0,0.0,0.0,0.0,0.0,0.0,0.0,0.24134147159274855,0.0,0.1616584572870262,0.0,0.0,0.0,0.0,0.0,0.0,0.0,0.0,0.0,0.0,0.0,0.0,0.0,0.0,0.0
e7f78e22526692e61b0df20f2f6a7d22918d6b8ed0d8489db583a0e60952ff67,0.0,0.0,0.0,0.0,0.0,0.0,0.0,0.0,0.0,0.0,0.0,0.0,0.0,0.0,0.0,0.0,0.0,0.0,0.0,0.5007487726626924,0.4348336200171004,0.0,0.0,0.0,0.0,0.0,0.0,0.0,0.0,0.0,0.0,0.0,0.0,0.0,0.0,0.0,0.0,0.0,0.0,0.0,0.0,0.0,0.0,0.0,0.0,0.0,0.0,0.32087974130605357,0.0,0.0,0.0,0.0,0.0,0.0,0.0,0.0,0.0,0.0,0.0,0.0,0.0,0.0,0.0,0.0,0.0,0.0,0.0,0.0,0.0,0.0,0.0,0.0,0.0,0.0,0.0,0.1462476684123119,0.0,0.0,0.0,0.1338052302119965,0.0,0.0,0.0,0.0,0.0,0.0,0.0,0.0,0.0,0.0,0.0,0.0,0.0,0.0,0.0,0.0,0.0,0.0,0.0,0.18830198246791222,0.0,0.0,0.2065789935395234,0.0,0.0,0.0,0.0,0.0,0.0,0.0,0.0,0.0,0.0,0.0,0.0,0.0,0.0,0.0,0.0,0.0,0.20686384000408484,0.0,0.0,0.0,0.0,0.0,0.0,0.0,0.4280040331427643,0.0,0.0,0.0,0.0,0.0,0.0,0.0,0.0,0.0,0.0,0.0,0.0,0.0,0.29741524829006083,0.0,0.0,0.15920399892770787,0.0,0.0,0.0,0.0,0.0,0.0,0.0,0.0,0.0,0.0,0.0,0.0,0.0,0.0,0.0
e5fe74a699fdee524980b0ccdfe82a6a98abd5c011ba909822455b831720b686,0.0,0.0,0.0,0.0,0.0,0.0,0.0,0.0,0.0,0.0,0.20193569911813167,0.0,0.13153427222046013,0.0,0.0,0.0,0.0,0.0,0.0,0.0,0.0,0.1922292872275526,0.0,0.0,0.0,0.0,0.27649050173739403,0.0,0.0,0.0,0.0,0.0,0.0,0.0,0.0,0.0,0.0,0.0,0.0,0.0,0.0,0.0,0.0,0.22799444504111427,0.2554365899135946,0.0,0.0,0.0,0.0,0.0,0.0,0.0,0.0,0.0,0.0,0.0,0.0,0.0,0.2543024737074583,0.0,0.0,0.0,0.0,0.0,0.2543024737074583,0.0,0.0,0.0,0.0,0.0,0.0,0.0,0.0,0.0,0.0,0.1250478718391988,0.2669673040702923,0.21278233453776188,0.0,0.11440906689734029,0.0,0.0,0.0,0.0,0.0,0.0,0.0,0.0,0.0,0.0,0.0,0.0,0.0,0.0,0.0,0.0,0.0,0.0,0.0,0.16100606885799937,0.0,0.0,0.0,0.0,0.0,0.0,0.0,0.0,0.0,0.0,0.0,0.0,0.0,0.0,0.0,0.0,0.16435229170791749,0.15201007706933728,0.0,0.14835626887346665,0.0,0.0,0.0,0.0,0.2078796309886507,0.0,0.2387751137083741,0.0,0.0,0.0,0.0,0.0,0.0,0.18883700517092059,0.0,0.0,0.0,0.0,0.0,0.0,0.0,0.0,0.0,0.20322393336742578,0.0,0.13612607619885986,0.0,0.0,0.0,0.0,0.0,0.3780344788113926,0.0,0.0,0.0,0.0,0.0,0.0,0.0,0.0,0.0
f89c3828131de9a67cd510e9da867e2ba7de41193773deb7f7e5a14ed86e967f,0.0,0.0,0.0,0.0,0.0,0.0,0.3053290310712688,0.0,0.0,0.0,0.0,0.0,0.11462334858449567,0.0,0.0,0.0,0.29615127878280734,0.22460971207935287,0.0,0.0,0.0,0.0,0.0,0.0,0.0,0.3025983972925166,0.0,0.0,0.0,0.0,0.0,0.0,0.0,0.0,0.0,0.0,0.0,0.0,0.0,0.0,0.0,0.0,0.0,0.0,0.0,0.0,0.0,0.0,0.0,0.27942676219766094,0.0,0.0,0.0,0.0,0.0,0.0,0.0,0.0,0.0,0.0,0.16627006800268362,0.3039521431457224,0.0,0.0,0.0,0.0,0.0,0.0,0.0,0.0,0.0,0.0,0.0,0.0,0.0,0.10897088311364272,0.0,0.0,0.0,0.0,0.0,0.0,0.0,0.0,0.0,0.0,0.0,0.0,0.23909132475751807,0.0,0.0,0.0,0.0,0.0,0.0,0.0,0.0,0.0,0.0,0.14030605440989466,0.0,0.0,0.15392447348469493,0.0,0.0,0.0,0.0,0.0,0.0,0.0,0.0,0.0,0.0,0.0,0.23042210719235173,0.2622629598523737,0.14322206452416134,0.1324666473470206,0.145863153010503,0.12928259711109266,0.15413671598491416,0.0,0.0,0.0,0.0,0.0,0.0,0.0,0.0,0.0,0.0,0.0,0.2937103046409601,0.0,0.0,0.0,0.0,0.0,0.0,0.0,0.0,0.0,0.0,0.17709610857955055,0.0,0.1186247996068241,0.0,0.0,0.0,0.0,0.0,0.0,0.0,0.0,0.0,0.0,0.0,0.0,0.0,0.0,0.0
e5c9d1b6f77188c03e94713b41f00afc6d12e6f82daf3604d5f34c584c2389ff,0.0,0.0,0.0,0.0,0.0,0.0,0.0,0.0,0.0,0.0,0.0,0.0,0.24892055559780973,0.0,0.0,0.0,0.0,0.0,0.0,0.0,0.0,0.0,0.0,0.0,0.0,0.0,0.0,0.0,0.0,0.0,0.0,0.0,0.0,0.0,0.0,0.0,0.0,0.0,0.0,0.0,0.0,0.0,0.45643455920828063,0.43146552586482945,0.0,0.0,0.0,0.0,0.0,0.0,0.0,0.0,0.0,0.0,0.0,0.0,0.0,0.0,0.0,0.0,0.0,0.0,0.0,0.0,0.0,0.0,0.0,0.0,0.0,0.0,0.0,0.0,0.0,0.0,0.0,0.23664544007485885,0.0,0.0,0.0,0.0,0.0,0.0,0.0,0.0,0.0,0.0,0.0,0.0,0.0,0.0,0.0,0.0,0.0,0.0,0.0,0.0,0.0,0.0,0.0,0.3046941260113524,0.0,0.0,0.0,0.0,0.0,0.0,0.0,0.0,0.0,0.0,0.0,0.0,0.0,0.0,0.0,0.0,0.3110266478468755,0.0,0.0,0.0,0.0,0.0,0.0,0.0,0.0,0.0,0.0,0.0,0.0,0.0,0.0,0.0,0.0,0.0,0.0,0.0,0.0,0.0,0.0,0.0,0.0,0.0,0.48125185912809904,0.0,0.0,0.25761026344508287,0.0,0.0,0.0,0.0,0.0,0.0,0.0,0.0,0.0,0.0,0.0,0.0,0.0,0.0,0.0
e4aa13a28d8809b5fbc58400d02f0c3dee7f99b884b935c68059254c992948a1,0.0,0.0,0.0,0.0,0.0,0.0,0.0,0.0,0.0,0.0,0.2037413284970336,0.0,0.13271039980607743,0.0,0.0,0.0,0.0,0.0,0.0,0.0,0.0,0.19394812569949804,0.0,0.0,0.0,0.0,0.0,0.0,0.0,0.0,0.0,0.0,0.0,0.0,0.21726022412812757,0.0,0.0,0.0,0.0,0.0,0.0,0.0,0.0,0.23003308144859688,0.0,0.0,0.0,0.2768188653583517,0.0,0.0,0.0,0.0,0.0,0.0,0.0,0.0,0.0,0.0,0.2565763461314966,0.0,0.0,0.0,0.0,0.0,0.0,0.0,0.0,0.0,0.0,0.0,0.0,0.0,0.0,0.0,0.397984510375099,0.1261660005908166,0.26935442041247787,0.21468495025271758,0.0,0.11543206765106906,0.0,0.0,0.0,0.0,0.0,0.0,0.0,0.0,0.0,0.0,0.0,0.0,0.0,0.0,0.0,0.0,0.0,0.0,0.0,0.16244572162559368,0.0,0.0,0.0,0.0,0.3027096288432352,0.0,0.0,0.0,0.0,0.0,0.0,0.0,0.0,0.0,0.0,0.0,0.16582186508049918,0.0,0.1688797055054564,0.0,0.0,0.0,0.0,0.0,0.20973840866207644,0.0,0.24091014660322782,0.0,0.0,0.0,0.0,0.0,0.0,0.19052551119461777,0.0,0.0,0.0,0.0,0.0,0.0,0.0,0.0,0.0,0.2050410816289106,0.0,0.0,0.0,0.0,0.0,0.0,0.0,0.0,0.0,0.0,0.0,0.0,0.0,0.0,0.0,0.0,0.0
dfef233329384f446387917bbae7247921336ea120c40933105dc578e63e7060,0.0,0.0,0.0,0.0,0.0,0.0,0.0,0.0,0.0,0.0,0.0,0.0,0.0,0.0,0.0,0.0,0.0,0.0,0.0,0.4819421202726551,0.41850254706073836,0.0,0.0,0.0,0.0,0.0,0.0,0.0,0.0,0.0,0.0,0.0,0.0,0.0,0.0,0.0,0.0,0.0,0.0,0.0,0.0,0.0,0.27148405090790434,0.0,0.0,0.0,0.0,0.3088284411667459,0.0,0.0,0.0,0.0,0.0,0.0,0.0,0.0,0.0,0.0,0.0,0.0,0.0,0.0,0.0,0.0,0.0,0.0,0.0,0.0,0.0,0.0,0.0,0.0,0.0,0.0,0.0,0.14075503575330686,0.0,0.0,0.0,0.12877989896817732,0.0,0.0,0.0,0.0,0.0,0.0,0.0,0.0,0.0,0.0,0.0,0.0,0.0,0.0,0.0,0.0,0.0,0.0,0.0,0.18122991335469565,0.0,0.0,0.19882049359967713,0.0,0.0,0.0,0.0,0.0,0.0,0.0,0.0,0.0,0.0,0.0,0.0,0.0,0.0,0.0,0.0,0.0,0.19909464206808564,0.0,0.0,0.0,0.0,0.0,0.0,0.0,0.41192945939983067,0.0,0.0,0.0,0.0,0.0,0.0,0.0,0.0,0.0,0.0,0.0,0.0,0.0,0.2862452055551672,0.0,0.0,0.15322476456829764,0.0,0.0,0.0,0.0,0.0,0.0,0.0,0.0,0.0,0.0,0.0,0.0,0.0,0.0,0.0
2c4d743879afbbe0b4baa18e99e515a8b0586caf23308026e233c2031e69237c,0.0,0.0,0.0,0.0,0.0,0.0,0.0,0.0,0.0,0.0,0.1914851332718754,0.0,0.12472711737422774,0.0,0.0,0.0,0.0,0.0,0.0,0.0,0.0,0.18228104710694248,0.40958084734689526,0.0,0.0,0.0,0.0,0.0,0.0,0.0,0.0,0.0,0.0,0.0,0.0,0.0,0.0,0.0,0.0,0.0,0.0,0.0,0.0,0.21619528832495102,0.0,0.0,0.0,0.0,0.3074074833390814,0.0,0.0,0.0,0.0,0.0,0.0,0.0,0.0,0.0,0.0,0.0,0.0,0.0,0.0,0.0,0.0,0.0,0.0,0.0,0.0,0.0,0.0,0.0,0.0,0.0,0.0,0.11857640084968706,0.2531512259713327,0.201770434176815,0.0,0.10848817479039317,0.0,0.0,0.0,0.0,0.0,0.0,0.0,0.0,0.26016664226318253,0.0,0.0,0.0,0.0,0.0,0.0,0.0,0.0,0.0,0.0,0.15267369111797888,0.0,0.0,0.0,0.0,0.0,0.0,0.0,0.0,0.0,0.0,0.0,0.0,0.0,0.0,0.0,0.0,0.15584674041620686,0.0,0.15872063441511433,0.14067854292734713,0.0,0.0,0.0,0.0,0.19712145508795734,0.0,0.0,0.0,0.0,0.0,0.0,0.0,0.0,0.17906432225568192,0.0,0.0,0.0,0.0,0.0,0.0,0.0,0.0,0.0,0.1927066988889938,0.0,0.1290812865508617,0.2670714643268132,0.2889955773185384,0.0,0.0,0.0,0.0,0.0,0.0,0.18733894536373746,0.0,0.0,0.0,0.0,0.0,0.0
df9601c2abefafaf4da2b6b95d6beb6a8f59d62e527cb803879f49e12bc6a798,0.3326111435792206,0.0,0.0,0.0,0.0,0.0,0.0,0.0,0.0,0.0,0.13541506773208553,0.0,0.0882049209704342,0.0,0.0,0.0,0.0,0.0,0.0,0.0,0.24932415627850477,0.1289060927002395,0.0,0.0,0.0,0.0,0.0,0.0,0.0,0.0,0.0,0.0,0.0,0.0,0.0,0.0,0.0,0.0,0.0,0.0,0.0,0.0,0.0,0.15288967405273213,0.0,0.0,0.0,0.0,0.2173934052551628,0.0,0.0,0.0,0.25350428268436825,0.0,0.0,0.0,0.0,0.0,0.0,0.0,0.0,0.0,0.0,0.0,0.1705314456627463,0.3380042581564424,0.0,0.0,0.0,0.0,0.30412854061373806,0.0,0.0,0.0,0.0,0.08385523762666797,0.1790242919939701,0.14268865965480554,0.0,0.0767210137223179,0.0,0.0,0.0,0.0,0.0,0.0,0.0,0.0,0.0,0.0,0.0,0.0,0.0,0.0,0.0,0.0,0.0,0.0,0.0,0.10796826819079838,0.0,0.0,0.0,0.0,0.0,0.0,0.14102302383247844,0.0,0.0,0.0,0.0,0.0,0.0,0.0,0.0,0.0,0.11021219532130162,0.10193569028258849,0.11224456485238336,0.09948550100706854,0.11861123427282774,0.0,0.0,0.0,0.1394009797840718,0.0,0.16011902965528038,0.0,0.0,0.0,0.0,0.0,0.0,0.12663127895273846,0.0,0.0,0.0,0.0,0.0,0.0,0.0,0.0,0.0,0.0,0.0,0.0,0.18886845058500698,0.0,0.0,0.0,0.0,0.25350428268436825,0.0,0.0,0.0,0.0,0.3110224964943029,0.0,0.0,0.0,0.0
0211fa99da14b1e1345530d8ecdd8445f9000c0e4a62a5af9f76e661ac48d529,0.0,0.0,0.0,0.0,0.0,0.0,0.0,0.0,0.0,0.0,0.3319536726242131,0.0,0.21622370353640086,0.0,0.0,0.0,0.0,0.0,0.0,0.0,0.0,0.0,0.0,0.0,0.0,0.0,0.0,0.0,0.0,0.0,0.0,0.0,0.0,0.0,0.0,0.0,0.0,0.0,0.0,0.0,0.0,0.0,0.39647979483654777,0.0,0.0,0.0,0.0,0.0,0.0,0.0,0.0,0.0,0.0,0.0,0.0,0.0,0.0,0.0,0.0,0.0,0.0,0.0,0.0,0.0,0.0,0.0,0.0,0.0,0.0,0.0,0.0,0.0,0.0,0.0,0.0,0.20556098051083424,0.0,0.0,0.0,0.18807229283349297,0.0,0.0,0.0,0.0,0.0,0.0,0.0,0.0,0.0,0.0,0.0,0.0,0.0,0.0,0.0,0.0,0.0,0.0,0.0,0.0,0.0,0.0,0.2903607348132658,0.0,0.0,0.0,0.0,0.0,0.0,0.0,0.0,0.0,0.0,0.0,0.0,0.0,0.27017187686429506,0.0,0.2751539851427247,0.24387668215397082,0.0,0.0,0.0,0.0,0.0,0.0,0.39251244962086035,0.0,0.0,0.0,0.0,0.0,0.0,0.0,0.0,0.0,0.0,0.0,0.0,0.0,0.0,0.0,0.0,0.33407134717171005,0.0,0.22377197856284167,0.0,0.0,0.0,0.0,0.0,0.0,0.0,0.0,0.0,0.0,0.0,0.0,0.0,0.0,0.0
debfbb04e8af278715226121ad78fc5fe71720061cd697fff77183e78133b475,0.0,0.0,0.0,0.0,0.0,0.0,0.0,0.0,0.0,0.0,0.25665562481060433,0.0,0.16717703193728717,0.0,0.0,0.0,0.0,0.0,0.0,0.0,0.0,0.24431899874931384,0.0,0.0,0.0,0.0,0.3514130626110608,0.0,0.0,0.0,0.0,0.0,0.0,0.0,0.0,0.0,0.0,0.0,0.0,0.0,0.0,0.0,0.0,0.0,0.324654025365826,0.0,0.0,0.0,0.0,0.0,0.0,0.0,0.0,0.0,0.0,0.0,0.0,0.0,0.3232125897763542,0.0,0.0,0.0,0.0,0.0,0.0,0.0,0.0,0.0,0.0,0.0,0.0,0.0,0.0,0.0,0.0,0.158932966376346,0.0,0.2704414487281944,0.0,0.14541129021153126,0.0,0.0,0.0,0.0,0.0,0.0,0.0,0.0,0.0,0.0,0.0,0.0,0.0,0.0,0.0,0.0,0.0,0.0,0.0,0.204635006992375,0.0,0.0,0.0,0.0,0.0,0.0,0.0,0.0,0.0,0.0,0.0,0.0,0.0,0.0,0.0,0.0,0.0,0.0,0.0,0.18855740242350608,0.0,0.0,0.0,0.0,0.26421022538257793,0.0,0.30347767267339654,0.0,0.0,0.0,0.0,0.0,0.0,0.24000748634917424,0.0,0.0,0.0,0.0,0.0,0.0,0.0,0.0,0.0,0.258292940884973,0.0,0.17301310908575895,0.0,0.0,0.0,0.0,0.0,0.0,0.0,0.0,0.0,0.0,0.0,0.0,0.0,0.0,0.0
dddd830cca81b2e8402c75a98bb50dee4dec771a49c6328ae9d5498e8bd86f3f,0.0,0.0,0.0,0.0,0.0,0.0,0.0,0.0,0.0,0.0,0.38301468629400126,0.0,0.24948316831268866,0.0,0.0,0.0,0.0,0.4888737180981065,0.0,0.0,0.0,0.3646043788468981,0.0,0.0,0.0,0.0,0.0,0.0,0.0,0.0,0.0,0.0,0.0,0.0,0.0,0.0,0.0,0.0,0.0,0.0,0.0,0.0,0.0,0.0,0.0,0.0,0.0,0.0,0.0,0.0,0.0,0.0,0.0,0.0,0.0,0.0,0.0,0.0,0.0,0.0,0.0,0.0,0.0,0.0,0.48233958936538035,0.0,0.0,0.0,0.0,0.0,0.0,0.0,0.0,0.0,0.0,0.23718030845157645,0.0,0.0,0.0,0.21700151611746193,0.0,0.0,0.0,0.0,0.0,0.0,0.0,0.0,0.0,0.0,0.0,0.0,0.0,0.0,0.0,0.0,0.0,0.0,0.0,0.0,0.0,0.0,0.0,0.0,0.0,0.0,0.0,0.0,0.0,0.0,0.0,0.0,0.0,0.0,0.0,0.0,0.0,0.2883199564836698,0.0,0.0,0.0,0.0,0.0,0.0,0.0,0.0,0.0,0.0,0.0,0.0,0.0,0.0,0.0,0.0,0.0,0.0,0.0,0.0,0.0,0.0,0.0,0.0,0.0,0.0,0.0,0.0,0.0,0.0,0.0,0.0,0.0,0.0,0.0,0.0,0.0,0.0,0.0,0.0,0.0,0.0,0.0
cb17d332475cfea551ea8d56f90a856d096babcbd6ad4344227dd746badcdfd6,0.4081286354799292,0.0,0.0,0.0,0.0,0.0,0.0,0.0,0.0,0.0,0.16616029824555453,0.0,0.10823135283711308,0.0,0.0,0.0,0.0,0.0,0.0,0.0,0.0,0.15817349699309582,0.0,0.0,0.0,0.0,0.0,0.3586486417322111,0.0,0.0,0.0,0.0,0.0,0.0,0.0,0.0,0.0,0.0,0.0,0.0,0.0,0.0,0.0,0.1876024157779029,0.0,0.0,0.0,0.22575834548271048,0.26675135683778634,0.0,0.0,0.0,0.0,0.0,0.0,0.0,0.0,0.0,0.0,0.0,0.0,0.0,0.0,0.0,0.0,0.0,0.0,0.17718557105880117,0.0,0.0,0.0,0.0,0.0,0.0,0.0,0.10289409832195198,0.2196707519267375,0.1750853183591711,0.0,0.09414008895245776,0.0,0.0,0.0,0.0,0.0,0.0,0.0,0.0,0.0,0.0,0.0,0.0,0.0,0.0,0.0,0.0,0.0,0.0,0.0,0.13248185703479384,0.0,0.0,0.0,0.0,0.0,0.0,0.0,0.0,0.0,0.0,0.0,0.0,0.0,0.0,0.0,0.0,0.13523525521632696,0.12507961619701005,0.0,0.0,0.1455412487850983,0.0,0.0,0.0,0.17105118924040993,0.0,0.0,0.0,0.0,0.0,0.0,0.0,0.0,0.15538219956166308,0.0,0.0,0.0,0.0,0.0,0.0,0.0,0.0,0.0,0.16722030590149467,0.0,0.0,0.23174997143205447,0.0,0.0,0.0,0.0,0.0,0.0,0.0,0.0,0.0,0.3816384073360046,0.0,0.0,0.0,0.0
dab555fbc59517f152fe782825ca71489594db4a848f5d9264a4e0e79413a3c0,0.0,0.0,0.0,0.0,0.0,0.0,0.0,0.0,0.0,0.0,0.27491379693655993,0.0,0.17906980470184203,0.0,0.0,0.0,0.0,0.0,0.0,0.0,0.0,0.2616995581510332,0.0,0.0,0.0,0.0,0.37641216477060513,0.0,0.0,0.0,0.0,0.0,0.0,0.0,0.0,0.0,0.0,0.0,0.0,0.0,0.0,0.0,0.0,0.0,0.3477495218346363,0.0,0.0,0.0,0.0,0.0,0.0,0.0,0.0,0.0,0.0,0.0,0.0,0.0,0.34620554425287237,0.0,0.0,0.0,0.0,0.0,0.0,0.0,0.0,0.0,0.0,0.0,0.0,0.0,0.0,0.0,0.0,0.170239266243062,0.0,0.0,0.0,0.15575567431649137,0.0,0.0,0.0,0.0,0.0,0.0,0.0,0.0,0.0,0.0,0.0,0.0,0.0,0.0,0.0,0.0,0.0,0.0,0.0,0.0,0.0,0.0,0.0,0.0,0.4084544556985267,0.0,0.0,0.0,0.0,0.0,0.0,0.0,0.0,0.0,0.0,0.0,0.0,0.0,0.0,0.20197114900167656,0.0,0.0,0.0,0.0,0.28300582269719915,0.0,0.0,0.0,0.0,0.0,0.0,0.0,0.0,0.2570813299499715,0.0,0.0,0.0,0.0,0.0,0.0,0.0,0.0,0.0,0.0,0.0,0.18532105335179866,0.0,0.0,0.0,0.0,0.0,0.0,0.0,0.0,0.0,0.0,0.0,0.0,0.0,0.0,0.0
f091d0dd82cd117df69b6d047c11719eadfdc0751b9506fb22fe7e76a577c2cf,0.0,0.0,0.0,0.0,0.0,0.0,0.3053290310712688,0.0,0.0,0.0,0.0,0.0,0.11462334858449567,0.0,0.0,0.0,0.29615127878280734,0.22460971207935287,0.0,0.0,0.0,0.0,0.0,0.0,0.0,0.3025983972925166,0.0,0.0,0.0,0.0,0.0,0.0,0.0,0.0,0.0,0.0,0.0,0.0,0.0,0.0,0.0,0.0,0.0,0.0,0.0,0.0,0.0,0.0,0.0,0.27942676219766094,0.0,0.0,0.0,0.0,0.0,0.0,0.0,0.0,0.0,0.0,0.16627006800268362,0.3039521431457224,0.0,0.0,0.0,0.0,0.0,0.0,0.0,0.0,0.0,0.0,0.0,0.0,0.0,0.10897088311364272,0.0,0.0,0.0,0.0,0.0,0.0,0.0,0.0,0.0,0.0,0.0,0.0,0.23909132475751807,0.0,0.0,0.0,0.0,0.0,0.0,0.0,0.0,0.0,0.0,0.14030605440989466,0.0,0.0,0.15392447348469493,0.0,0.0,0.0,0.0,0.0,0.0,0.0,0.0,0.0,0.0,0.0,0.23042210719235173,0.2622629598523737,0.14322206452416134,0.1324666473470206,0.145863153010503,0.12928259711109266,0.15413671598491416,0.0,0.0,0.0,0.0,0.0,0.0,0.0,0.0,0.0,0.0,0.0,0.2937103046409601,0.0,0.0,0.0,0.0,0.0,0.0,0.0,0.0,0.0,0.0,0.17709610857955055,0.0,0.1186247996068241,0.0,0.0,0.0,0.0,0.0,0.0,0.0,0.0,0.0,0.0,0.0,0.0,0.0,0.0,0.0
daae55e6fe5fc898a9f035641df40bec187bcdd5c766549d570e2de07bff0a06,0.0,0.0,0.0,0.0,0.0,0.0,0.0,0.0,0.0,0.0,0.24175835482658273,0.0,0.15747344027926297,0.0,0.0,0.0,0.0,0.0,0.0,0.0,0.0,0.23013779352819227,0.0,0.0,0.0,0.0,0.0,0.5218232423838802,0.0,0.0,0.0,0.0,0.0,0.0,0.25779980302442906,0.0,0.0,0.0,0.0,0.0,0.0,0.0,0.0,0.0,0.0,0.0,0.0,0.32847176352327945,0.0,0.0,0.0,0.0,0.0,0.0,0.0,0.0,0.0,0.0,0.0,0.0,0.0,0.0,0.0,0.0,0.3044521000513138,0.0,0.0,0.0,0.0,0.0,0.0,0.0,0.0,0.0,0.0,0.14970789168251436,0.0,0.0,0.0,0.1369710651020888,0.0,0.0,0.0,0.0,0.0,0.0,0.0,0.0,0.0,0.0,0.0,0.0,0.0,0.0,0.0,0.0,0.0,0.0,0.0,0.0,0.0,0.0,0.0,0.0,0.35919360298257563,0.0,0.0,0.0,0.0,0.0,0.0,0.0,0.0,0.0,0.0,0.0,0.0,0.18198716873655202,0.0,0.0,0.0,0.0,0.0,0.0,0.24887445760827728,0.0,0.0,0.0,0.0,0.0,0.0,0.0,0.0,0.0,0.0,0.0,0.0,0.0,0.0,0.0,0.0,0.0,0.0,0.24330063483997655,0.0,0.0,0.0,0.0,0.0,0.0,0.0,0.0,0.0,0.0,0.0,0.0,0.0,0.0,0.0,0.0,0.0
2c55b055d4a89fc7ba2576c9e6b172d793dc42351140ff1c834776e26c34f9a4,0.0,0.0,0.0,0.0,0.0,0.0,0.0,0.0,0.0,0.0,0.0,0.0,0.2604625305114626,0.0,0.0,0.0,0.0,0.0,0.0,0.0,0.0,0.38065004461943547,0.0,0.0,0.0,0.0,0.0,0.0,0.0,0.0,0.0,0.0,0.0,0.0,0.0,0.0,0.0,0.0,0.0,0.0,0.0,0.0,0.47759856560965697,0.0,0.0,0.0,0.0,0.0,0.0,0.0,0.0,0.0,0.0,0.0,0.0,0.0,0.0,0.0,0.0,0.0,0.0,0.0,0.0,0.0,0.0,0.0,0.0,0.0,0.0,0.0,0.0,0.0,0.0,0.0,0.0,0.0,0.0,0.0,0.0,0.22655141184489855,0.0,0.0,0.0,0.0,0.0,0.0,0.0,0.0,0.0,0.0,0.0,0.0,0.0,0.0,0.0,0.0,0.0,0.0,0.0,0.0,0.0,0.0,0.349767812287514,0.0,0.0,0.0,0.0,0.0,0.0,0.0,0.0,0.0,0.0,0.0,0.0,0.0,0.0,0.0,0.0,0.0,0.0,0.0,0.0,0.0,0.0,0.0,0.47281951152173857,0.0,0.0,0.0,0.0,0.0,0.0,0.0,0.0,0.0,0.0,0.0,0.0,0.0,0.0,0.0,0.0,0.40242150621135975,0.0,0.0,0.0,0.0,0.0,0.0,0.0,0.0,0.0,0.0,0.0,0.0,0.0,0.0,0.0,0.0,0.0
d77378dcc42b912e514d3bd4466cdda050dda9b57799a6c97f70e8489dd8c8d0,0.0,0.22183484734750708,0.2612447182695372,0.0,0.0,0.0,0.0,0.0,0.0,0.0,0.0,0.0,0.0,0.0,0.0,0.0,0.0,0.0,0.0,0.0,0.0,0.0,0.0,0.0,0.0,0.0,0.0,0.0,0.0,0.0,0.0,0.0,0.0,0.0,0.16960491457723403,0.0,0.0,0.0,0.0,0.0,0.0,0.0,0.0,0.0,0.0,0.3148490852904128,0.0,0.0,0.0,0.0,0.24561760047065545,0.0,0.0,0.0,0.0,0.0,0.0,0.0,0.0,0.0,0.15028102533874946,0.0,0.0,0.21027242169333765,0.2002971756234023,0.0,0.0,0.16960491457723403,0.0,0.0,0.0,0.0,0.0,0.0,0.0,0.09849190683029571,0.0,0.0,0.0,0.09011242647842976,0.0,0.0,0.0,0.0,0.3264290637914667,0.30486078435949004,0.0,0.0,0.0,0.0,0.0,0.0,0.0,0.0,0.0,0.0,0.0,0.0,0.0,0.0,0.0,0.0,0.0,0.0,0.0,0.0,0.0,0.0,0.0,0.0,0.0,0.0,0.0,0.0,0.20826400653798344,0.0,0.0,0.11972824589315428,0.13183650224529586,0.1168503837503565,0.13931445388105962,0.0,0.2274137793151229,0.0,0.0,0.0,0.0,0.0,0.0,0.0,0.0,0.0,0.0,0.0,0.0,0.0,0.0,0.0,0.0,0.0,0.0,0.0,0.0,0.0,0.3106879280646571,0.10721747293222661,0.22183484734750708,0.0,0.0,0.0,0.0,0.0,0.0,0.0,0.15560743807564967,0.0,0.0,0.0,0.0,0.0,0.0
d32972bc7baaa30c367bc7c01a0e01078b4754dd5ccd448b1a23ab544e8421fa,0.0,0.0,0.0,0.0,0.0,0.0,0.0,0.0,0.0,0.0,0.24275074696026894,0.0,0.15811985187281366,0.0,0.0,0.0,0.0,0.0,0.0,0.0,0.0,0.23108248450329882,0.0,0.0,0.0,0.0,0.3323744940457902,0.0,0.0,0.0,0.0,0.0,0.0,0.0,0.0,0.0,0.0,0.0,0.0,0.0,0.0,0.0,0.0,0.0,0.3070651859641462,0.0,0.0,0.0,0.0,0.0,0.0,0.0,0.0,0.0,0.0,0.0,0.0,0.0,0.30570184328931643,0.0,0.0,0.0,0.0,0.0,0.30570184328931643,0.0,0.0,0.0,0.0,0.0,0.0,0.0,0.0,0.0,0.0,0.15032242653142597,0.0,0.0,0.0,0.13753331664308496,0.0,0.0,0.0,0.0,0.0,0.0,0.0,0.0,0.0,0.0,0.0,0.0,0.0,0.0,0.0,0.0,0.0,0.0,0.0,0.0,0.0,0.0,0.0,0.0,0.3606680542226414,0.0,0.0,0.0,0.0,0.0,0.0,0.0,0.0,0.0,0.0,0.0,0.0,0.18273420655791514,0.0,0.17834189418981683,0.0,0.0,0.0,0.0,0.24989606058114266,0.0,0.0,0.0,0.0,0.0,0.0,0.0,0.0,0.22700455768429886,0.0,0.0,0.0,0.0,0.0,0.0,0.0,0.0,0.30570184328931643,0.0,0.0,0.16363974682214402,0.0,0.0,0.0,0.0,0.0,0.0,0.0,0.0,0.0,0.0,0.0,0.0,0.0,0.0,0.0
d7185dbafc108576c151ff614adee6adba42d97f8fca816d1bc5a3f156af57fc,0.0,0.0,0.0,0.0,0.0,0.0,0.0,0.0,0.0,0.0,0.22770369414879482,0.0,0.14831869660772976,0.0,0.0,0.0,0.0,0.0,0.0,0.0,0.0,0.21675869604263184,0.0,0.0,0.0,0.0,0.3117720587177022,0.0,0.0,0.0,0.0,0.0,0.0,0.0,0.24281257018646588,0.0,0.0,0.0,0.0,0.0,0.0,0.0,0.0,0.0,0.28803156350314574,0.0,0.0,0.0,0.0,0.0,0.0,0.0,0.0,0.0,0.0,0.0,0.4570679379640833,0.0,0.28675272845387495,0.0,0.0,0.0,0.0,0.0,0.0,0.0,0.0,0.0,0.0,0.0,0.0,0.0,0.0,0.0,0.0,0.14100459942238103,0.30103365387706177,0.23993441395178577,0.0,0.12900823029513478,0.0,0.0,0.0,0.0,0.0,0.0,0.0,0.0,0.0,0.0,0.0,0.0,0.0,0.0,0.0,0.0,0.0,0.0,0.0,0.18155124041685533,0.0,0.0,0.0,0.0,0.0,0.0,0.0,0.0,0.0,0.0,0.0,0.0,0.0,0.0,0.0,0.0,0.18532445787022758,0.0,0.0,0.16728726332265945,0.0,0.0,0.0,0.0,0.0,0.0,0.0,0.0,0.0,0.0,0.0,0.0,0.0,0.21293354199972087,0.0,0.0,0.0,0.0,0.0,0.0,0.0,0.0,0.0,0.0,0.0,0.15349643750869393,0.0,0.0,0.0,0.0,0.0,0.0,0.0,0.0,0.0,0.0,0.0,0.0,0.0,0.0,0.0
d6433af8f9073eb01e076482b684cd9599bf059e09f9a128d691bd194007c8c4,0.0,0.22026300271677204,0.0,0.0,0.0,0.0,0.0,0.0,0.0,0.0,0.15792436131803575,0.2765488004730043,0.1028667344236989,0.0,0.0,0.0,0.0,0.0,0.0,0.0,0.0,0.15033343556689968,0.0,0.0,0.0,0.0,0.0,0.0,0.0,0.0,0.0,0.0,0.0,0.0,0.0,0.0,0.0,0.0,0.0,0.0,0.0,0.297343782149083,0.0,0.1783036742607589,0.19976487810490048,0.0,0.0,0.0,0.0,0.0,0.0,0.0,0.0,0.0,0.0,0.28769151970831647,0.3170004002427884,0.0,0.19887793944919635,0.0,0.0,0.0,0.0,0.0,0.0,0.0,0.0,0.0,0.0,0.0,0.0,0.0,0.0,0.0,0.0,0.09779402740885595,0.0,0.0,0.0,0.08947392114251768,0.0,0.0,0.0,0.0,0.0,0.0,0.0,0.0,0.0,0.0,0.0,0.0,0.0,0.0,0.0,0.0,0.0,0.0,0.0,0.12591523293686005,0.0,0.0,0.1381368467314129,0.0,0.0,0.0,0.1644644967718416,0.0,0.0,0.0,0.0,0.0,0.0,0.2990856638702978,0.0,0.0,0.12853215559446302,0.1188798931536964,0.1309023546094894,0.11602242254185618,0.1383273200788861,0.0,0.0,0.0,0.16257282936241307,0.0,0.1867347254384033,0.0,0.0,0.0,0.0,0.0,0.0,0.0,0.0,0.0,0.0,0.0,0.0,0.0,0.0,0.0,0.19887793944919635,0.0,0.0,0.10645776718191455,0.22026300271677204,0.0,0.0,0.0,0.0,0.0,0.0,0.0,0.1545048578500168,0.0,0.0,0.0,0.0,0.0,0.0
d531e47f8b4a9e98fc6db1f41f5f68b6e4b92e6a9213d80706c7c38ad00193fd,0.0,0.0,0.0,0.0,0.0,0.0,0.0,0.0,0.0,0.0,0.33470040057206335,0.5861096636612912,0.218012831774676,0.0,0.0,0.0,0.0,0.0,0.0,0.0,0.6162452700153598,0.0,0.0,0.0,0.0,0.0,0.0,0.0,0.0,0.0,0.0,0.0,0.0,0.0,0.0,0.0,0.0,0.0,0.0,0.0,0.0,0.0,0.0,0.0,0.0,0.0,0.0,0.0,0.0,0.0,0.0,0.0,0.0,0.0,0.0,0.0,0.0,0.0,0.0,0.0,0.0,0.0,0.0,0.0,0.0,0.0,0.0,0.0,0.0,0.0,0.0,0.0,0.0,0.0,0.0,0.2072618807771066,0.0,0.0,0.0,0.0,0.0,0.0,0.0,0.0,0.0,0.0,0.0,0.0,0.0,0.0,0.0,0.0,0.0,0.0,0.0,0.0,0.0,0.0,0.0,0.0,0.0,0.0,0.0,0.0,0.0,0.0,0.0,0.0,0.0,0.0,0.0,0.0,0.0,0.0,0.0,0.0,0.2724073955709864,0.0,0.0,0.0,0.0,0.0,0.0,0.0,0.0,0.0,0.0,0.0,0.0,0.0,0.0,0.0,0.0,0.0,0.0,0.0,0.0,0.0,0.0,0.0,0.0,0.0,0.0,0.0,0.0,0.0,0.0,0.0,0.0,0.0,0.0,0.0,0.0,0.0,0.0,0.0,0.0,0.0,0.0,0.0,0.0
fffc596389cada3bd1e1d1659029e607e14320cbdd126de7fdbe33b99f9c59d7,0.0,0.0,0.0,0.0,0.0,0.0,0.0,0.0,0.0,0.0,0.21812221804165977,0.0,0.14207763823096167,0.0,0.0,0.0,0.0,0.0,0.0,0.0,0.0,0.20763777125961502,0.0,0.0,0.0,0.0,0.29865309487022096,0.0,0.0,0.0,0.0,0.0,0.0,0.0,0.0,0.0,0.0,0.0,0.0,0.0,0.0,0.0,0.0,0.24626974958228107,0.2759115689017285,0.0,0.0,0.0,0.0,0.0,0.0,0.0,0.0,0.0,0.0,0.0,0.0,0.0,0.2746865455726205,0.0,0.0,0.0,0.0,0.0,0.2746865455726205,0.0,0.0,0.0,0.0,0.0,0.0,0.0,0.0,0.0,0.0,0.13507130876843648,0.28836654817704693,0.2298382850191729,0.0,0.12357973129419686,0.0,0.0,0.0,0.0,0.0,0.0,0.0,0.0,0.0,0.0,0.0,0.0,0.0,0.0,0.0,0.0,0.0,0.0,0.0,0.1739117997008074,0.0,0.0,0.0,0.0,0.0,0.0,0.0,0.0,0.0,0.0,0.0,0.0,0.0,0.0,0.0,0.0,0.1775262450577863,0.16419471802086313,0.0,0.16024803226167073,0.0,0.0,0.0,0.0,0.22454259645492722,0.0,0.25791456212381847,0.0,0.0,0.0,0.0,0.0,0.0,0.20397357473742092,0.0,0.0,0.0,0.0,0.0,0.0,0.0,0.0,0.0,0.21951371302268777,0.0,0.14703750651059233,0.0,0.0,0.0,0.0,0.0,0.0,0.0,0.0,0.0,0.0,0.0,0.0,0.0,0.0,0.0
fef744e3a1b193d881e624e89d75e8dec5c03db9abb0e6ebdd53336606bc5949,0.0,0.0,0.0,0.0,0.0,0.0,0.0,0.0,0.0,0.0,0.24541910463244962,0.0,0.1598579322913178,0.0,0.0,0.0,0.0,0.31324895485046306,0.0,0.0,0.0,0.2336225826416245,0.0,0.0,0.0,0.0,0.0,0.5297247866123057,0.0,0.0,0.0,0.0,0.0,0.0,0.0,0.0,0.0,0.0,0.0,0.0,0.0,0.0,0.0,0.0,0.0,0.0,0.0,0.33344554383136077,0.0,0.0,0.0,0.0,0.0,0.0,0.0,0.0,0.0,0.0,0.0,0.0,0.0,0.0,0.0,0.0,0.3090621701643325,0.0,0.0,0.0,0.0,0.0,0.0,0.0,0.0,0.0,0.0,0.15197479631878485,0.0,0.0,0.0,0.13904510635018355,0.0,0.0,0.0,0.0,0.0,0.0,0.0,0.0,0.0,0.0,0.0,0.0,0.0,0.0,0.0,0.0,0.0,0.0,0.0,0.19567597721493118,0.0,0.0,0.0,0.0,0.0,0.0,0.0,0.0,0.0,0.0,0.0,0.0,0.0,0.0,0.0,0.0,0.0,0.18474285216722594,0.0,0.0,0.0,0.0,0.0,0.0,0.25264296076105663,0.0,0.0,0.0,0.0,0.0,0.0,0.0,0.0,0.0,0.0,0.0,0.0,0.0,0.0,0.0,0.0,0.0,0.3090621701643325,0.0,0.0,0.0,0.0,0.0,0.0,0.0,0.0,0.0,0.0,0.0,0.0,0.0,0.0,0.0,0.0,0.0,0.0
fdb58a52dd683e2f9fedb4ed3b7f1326f2cd5c6ed0cdf87763ebb229d8476a31,0.0,0.0,0.0,0.0,0.0,0.0,0.0,0.0,0.0,0.0,0.24252132993332692,0.0,0.15797041716758037,0.0,0.0,0.0,0.0,0.0,0.0,0.0,0.0,0.23086409482896428,0.0,0.0,0.0,0.0,0.33206037609060296,0.0,0.0,0.0,0.0,0.0,0.0,0.0,0.2586134039954163,0.0,0.0,0.0,0.0,0.0,0.0,0.0,0.2896633327636169,0.0,0.30677498713706364,0.0,0.0,0.0,0.0,0.0,0.0,0.0,0.0,0.0,0.0,0.0,0.0,0.0,0.30541293291974464,0.0,0.0,0.0,0.0,0.0,0.0,0.0,0.0,0.0,0.0,0.0,0.0,0.0,0.0,0.0,0.0,0.1501803609575425,0.0,0.2555479540456479,0.0,0.13740333770376206,0.0,0.0,0.0,0.0,0.0,0.0,0.0,0.0,0.0,0.0,0.0,0.0,0.0,0.0,0.0,0.0,0.0,0.0,0.0,0.0,0.0,0.0,0.21213403367598366,0.0,0.0,0.0,0.0,0.0,0.0,0.0,0.0,0.0,0.0,0.0,0.0,0.0,0.0,0.0,0.0,0.17817334819085878,0.0,0.0,0.0,0.0,0.0,0.0,0.0,0.0,0.0,0.0,0.0,0.0,0.0,0.22679002194598147,0.0,0.0,0.0,0.0,0.0,0.0,0.0,0.0,0.30541293291974464,0.2440684772914654,0.0,0.1634850954166362,0.0,0.0,0.0,0.0,0.0,0.0,0.0,0.0,0.0,0.0,0.0,0.0,0.0,0.0,0.0
e397dc721542e4edcb2453699c782558e9ce7855b1993889cbe2885660935625,0.0,0.0,0.0,0.0,0.0,0.0,0.3053290310712688,0.0,0.0,0.0,0.0,0.0,0.11462334858449567,0.0,0.0,0.0,0.29615127878280734,0.22460971207935287,0.0,0.0,0.0,0.0,0.0,0.0,0.0,0.3025983972925166,0.0,0.0,0.0,0.0,0.0,0.0,0.0,0.0,0.0,0.0,0.0,0.0,0.0,0.0,0.0,0.0,0.0,0.0,0.0,0.0,0.0,0.0,0.0,0.27942676219766094,0.0,0.0,0.0,0.0,0.0,0.0,0.0,0.0,0.0,0.0,0.16627006800268362,0.3039521431457224,0.0,0.0,0.0,0.0,0.0,0.0,0.0,0.0,0.0,0.0,0.0,0.0,0.0,0.10897088311364272,0.0,0.0,0.0,0.0,0.0,0.0,0.0,0.0,0.0,0.0,0.0,0.0,0.23909132475751807,0.0,0.0,0.0,0.0,0.0,0.0,0.0,0.0,0.0,0.0,0.14030605440989466,0.0,0.0,0.15392447348469493,0.0,0.0,0.0,0.0,0.0,0.0,0.0,0.0,0.0,0.0,0.0,0.23042210719235173,0.2622629598523737,0.14322206452416134,0.1324666473470206,0.145863153010503,0.12928259711109266,0.15413671598491416,0.0,0.0,0.0,0.0,0.0,0.0,0.0,0.0,0.0,0.0,0.0,0.2937103046409601,0.0,0.0,0.0,0.0,0.0,0.0,0.0,0.0,0.0,0.0,0.17709610857955055,0.0,0.1186247996068241,0.0,0.0,0.0,0.0,0.0,0.0,0.0,0.0,0.0,0.0,0.0,0.0,0.0,0.0,0.0
fd3daf1cb9b482cb4bddd379fe05feda8c87869001fd6a28d1a213ef11730ada,0.0,0.0,0.0,0.0,0.0,0.4433120182092672,0.0,0.0,0.0,0.0,0.0,0.0,0.15933574522644603,0.0,0.0,0.0,0.0,0.0,0.0,0.5186585448620428,0.4503858719731348,0.0,0.0,0.0,0.0,0.0,0.0,0.0,0.0,0.0,0.0,0.0,0.0,0.0,0.0,0.0,0.0,0.0,0.0,0.0,0.0,0.0,0.29216687414141274,0.0,0.0,0.0,0.0,0.0,0.0,0.0,0.0,0.0,0.0,0.0,0.0,0.0,0.0,0.0,0.0,0.0,0.0,0.0,0.0,0.0,0.0,0.0,0.0,0.0,0.0,0.0,0.0,0.0,0.0,0.0,0.0,0.1514783600663781,0.0,0.0,0.0,0.13859090583020264,0.0,0.0,0.0,0.0,0.0,0.0,0.0,0.0,0.0,0.0,0.0,0.0,0.0,0.0,0.0,0.0,0.0,0.0,0.0,0.19503678801272398,0.0,0.0,0.21396749435559256,0.0,0.0,0.0,0.0,0.0,0.0,0.0,0.0,0.0,0.0,0.0,0.0,0.0,0.0,0.0,0.0,0.0,0.0,0.0,0.0,0.0,0.0,0.0,0.0,0.0,0.0,0.0,0.0,0.0,0.0,0.0,0.0,0.0,0.0,0.0,0.0,0.0,0.0,0.0,0.30805259706909877,0.0,0.0,0.0,0.0,0.0,0.0,0.0,0.0,0.0,0.0,0.0,0.0,0.0,0.0,0.0,0.0,0.0,0.0
fbd8e3fb6bcaf0e1509d30735a9c268659bf53a32f8ce933148763672e7387c5,0.0,0.0,0.0,0.0,0.0,0.0,0.0,0.0,0.0,0.0,0.2027427789515204,0.0,0.13205997747699574,0.0,0.0,0.0,0.0,0.0,0.0,0.0,0.0,0.1929975732799226,0.0,0.0,0.0,0.0,0.0,0.0,0.0,0.0,0.0,0.0,0.0,0.0,0.0,0.0,0.0,0.0,0.0,0.0,0.0,0.0,0.0,0.228905674306276,0.0,0.0,0.0,0.0,0.0,0.0,0.0,0.0,0.0,0.0,0.0,0.0,0.0,0.0,0.0,0.0,0.0,0.0,0.0,0.0,0.0,0.0,0.0,0.21619541759299007,0.4505798153694338,0.0,0.0,0.41935562082791955,0.0,0.0,0.0,0.1255476527893247,0.2680342968220951,0.21363276530288547,0.0,0.11486632755532651,0.0,0.0,0.0,0.0,0.0,0.0,0.0,0.0,0.0,0.0,0.0,0.0,0.0,0.0,0.0,0.0,0.0,0.0,0.0,0.1616495645439824,0.0,0.0,0.0,0.0,0.0,0.0,0.0,0.0,0.0,0.0,0.0,0.0,0.0,0.0,0.0,0.0,0.16500916129951498,0.15261761832237128,0.16805201504901895,0.14894920688931756,0.1775841614532903,0.0,0.0,0.0,0.2087104670353523,0.0,0.0,0.0,0.0,0.0,0.0,0.0,0.0,0.18959173323206355,0.0,0.0,0.0,0.0,0.0,0.0,0.0,0.0,0.0,0.20403616190848645,0.0,0.0,0.0,0.0,0.0,0.0,0.0,0.0,0.0,0.0,0.0,0.0,0.0,0.0,0.0,0.0,0.0
fb73a819b37523126c7708a1d06f3b8825fa60c926154ab2d511ba668f49dc4b,0.0,0.32073366639969386,0.0,0.0,0.0,0.0,0.0,0.0,0.0,0.0,0.0,0.0,0.1497883188521714,0.0,0.6804714593648461,0.0,0.0,0.0,0.0,0.0,0.0,0.0,0.0,0.0,0.0,0.0,0.0,0.0,0.0,0.0,0.0,0.0,0.0,0.0,0.24521848907961694,0.0,0.0,0.0,0.0,0.0,0.0,0.0,0.2746601827464418,0.0,0.0,0.0,0.0,0.0,0.0,0.0,0.0,0.0,0.0,0.0,0.0,0.0,0.0,0.0,0.0,0.0,0.0,0.0,0.0,0.0,0.0,0.0,0.0,0.0,0.0,0.0,0.0,0.0,0.0,0.0,0.0,0.0,0.0,0.0,0.0,0.130286513945774,0.0,0.0,0.0,0.0,0.0,0.0,0.0,0.0,0.31244147051913446,0.0,0.0,0.0,0.0,0.0,0.0,0.0,0.0,0.0,0.0,0.0,0.0,0.0,0.0,0.0,0.0,0.0,0.0,0.0,0.0,0.0,0.0,0.0,0.0,0.0,0.0,0.0,0.0,0.0,0.1906120937987987,0.16894483643389682,0.20142387956634733,0.0,0.0,0.0,0.23672872418536284,0.0,0.0,0.0,0.0,0.0,0.0,0.0,0.0,0.0,0.0,0.0,0.0,0.0,0.0,0.0,0.0,0.0,0.0,0.0,0.0,0.0,0.0,0.0,0.0,0.0,0.0,0.0,0.0,0.0,0.0,0.0,0.0,0.0,0.0,0.0,0.0
faabe3a0449fda6a620de4ef00d61db4f76a4fd123648e9c28ad08b60df7f680,0.0,0.0,0.0,0.0,0.0,0.5017503156765537,0.0,0.0,0.0,0.0,0.0,0.0,0.0,0.0,0.0,0.0,0.0,0.0,0.0,0.0,0.0,0.0,0.0,0.0,0.0,0.0,0.37908155683593475,0.0,0.0,0.0,0.0,0.0,0.0,0.0,0.0,0.0,0.0,0.0,0.0,0.0,0.0,0.0,0.0,0.0,0.35021564780289044,0.0,0.0,0.0,0.0,0.0,0.0,0.0,0.0,0.0,0.0,0.0,0.0,0.0,0.348660720836671,0.0,0.0,0.0,0.0,0.0,0.0,0.0,0.0,0.0,0.0,0.0,0.0,0.0,0.0,0.0,0.0,0.0,0.0,0.29173464598928867,0.0,0.15686024265955725,0.0,0.0,0.0,0.0,0.0,0.0,0.0,0.0,0.0,0.0,0.0,0.0,0.0,0.0,0.0,0.0,0.0,0.0,0.0,0.22074693654646252,0.0,0.0,0.2421731273406644,0.0,0.0,0.0,0.0,0.0,0.0,0.0,0.0,0.0,0.0,0.0,0.0,0.0,0.0,0.0,0.0,0.20340346238851717,0.0,0.0,0.0,0.0,0.0,0.0,0.0,0.0,0.0,0.0,0.0,0.0,0.0,0.2589044667307157,0.0,0.0,0.0,0.0,0.0,0.0,0.0,0.0,0.0,0.0,0.0,0.18663528970135262,0.0,0.0,0.0,0.0,0.0,0.0,0.0,0.0,0.0,0.0,0.0,0.0,0.0,0.0,0.0
1468cd44eaf097486ad5a42bd11a3b3fdfc726e054259631c29c28364558e177,0.0,0.0,0.0,0.0,0.0,0.0,0.0,0.0,0.0,0.0,0.14221771692456348,0.0,0.09263594289776685,0.0,0.0,0.0,0.0,0.0,0.0,0.0,0.0,0.13538176001037738,0.0,0.0,0.0,0.0,0.19472459837532782,0.0,0.0,0.0,0.0,0.0,0.0,0.0,0.0,0.0,0.0,0.42083465343845244,0.0,0.0,0.0,0.2677709346805376,0.0,0.16057016954818726,0.1798969117157233,0.0,0.0,0.0,0.0,0.0,0.0,0.0,0.0,0.0,0.0,0.0,0.0,0.0,0.1790981850999331,0.0,0.0,0.0,0.0,0.0,0.1790981850999331,0.0,0.0,0.0,0.0,0.0,0.0,0.0,0.0,0.0,0.0,0.0880677508578742,0.1880176741615748,0.1498567016728249,0.0,0.08057513535578922,0.0,0.35498408493872613,0.0,0.0,0.0,0.0,0.0,0.0,0.0,0.0,0.0,0.0,0.0,0.0,0.0,0.0,0.0,0.0,0.0,0.0,0.0,0.0,0.12439820431337265,0.0,0.0,0.0,0.0,0.0,0.0,0.0,0.0,0.3757139587386813,0.0,0.0,0.0,0.0,0.0,0.10705648483521145,0.1178832312965326,0.10448320897578557,0.0,0.0,0.0,0.0,0.1464038634250188,0.0,0.0,0.0,0.0,0.0,0.0,0.0,0.0,0.1329926697635056,0.0,0.0,0.0,0.29188056549955316,0.0,0.0,0.0,0.0,0.0,0.0,0.0,0.09586982319345004,0.0,0.0,0.0,0.0,0.0,0.0,0.0,0.0,0.13913830617261547,0.0,0.0,0.0,0.0,0.0,0.0
f8063fd5aa2f72dc85880a5fd41c65a0d2d0645acf14b77af01e1246b21c9da3,0.0,0.0,0.0,0.0,0.0,0.483491418137936,0.0,0.0,0.0,0.0,0.0,0.0,0.17377707405900603,0.0,0.0,0.0,0.0,0.0,0.0,0.0,0.49120640768820406,0.0,0.0,0.0,0.0,0.0,0.0,0.0,0.0,0.0,0.0,0.0,0.0,0.0,0.0,0.0,0.0,0.0,0.0,0.0,0.0,0.0,0.0,0.30121584961937226,0.0,0.0,0.0,0.0,0.0,0.0,0.0,0.0,0.0,0.0,0.0,0.0,0.0,0.0,0.0,0.0,0.25207714028524386,0.0,0.0,0.0,0.0,0.0,0.0,0.0,0.0,0.0,0.0,0.0,0.0,0.0,0.0,0.1652075380711414,0.0,0.0,0.0,0.15115203479377512,0.0,0.0,0.0,0.0,0.0,0.0,0.0,0.0,0.0,0.0,0.0,0.0,0.0,0.0,0.0,0.0,0.0,0.0,0.0,0.21271386597244446,0.0,0.0,0.23336034899142213,0.0,0.0,0.0,0.0,0.0,0.0,0.0,0.0,0.0,0.0,0.0,0.0,0.0,0.2171347427993868,0.0,0.2211388190644338,0.0,0.0,0.0,0.0,0.0,0.0,0.0,0.0,0.0,0.0,0.0,0.0,0.0,0.0,0.24948282815346373,0.0,0.0,0.0,0.0,0.0,0.0,0.0,0.0,0.0,0.0,0.0,0.17984355579451441,0.0,0.0,0.0,0.0,0.0,0.0,0.0,0.0,0.0,0.0,0.0,0.0,0.0,0.0,0.0
f4234a501edcd30d3bc15c983692c9450383b73bdd310059405c5e3a43cc730b,0.0,0.0,0.3105161275116899,0.0,0.0,0.0,0.0,0.0,0.0,0.0,0.18904882632293116,0.0,0.12314018716409404,0.0,0.0,0.0,0.0,0.0,0.0,0.0,0.0,0.17996184574577495,0.0,0.0,0.0,0.0,0.0,0.0,0.0,0.0,0.0,0.0,0.0,0.0,0.0,0.0,0.0,0.0,0.0,0.0,0.0,0.0,0.0,0.0,0.23913546606163705,0.0,0.0,0.0,0.0,0.0,0.0,0.0,0.0,0.0,0.0,0.34439109767484805,0.0,0.0,0.0,0.0,0.0,0.0,0.0,0.0,0.23807372542528496,0.0,0.0,0.0,0.0,0.0,0.0,0.0,0.0,0.0,0.0,0.11706772754207982,0.0,0.0,0.0,0.10710785617450962,0.0,0.0,0.0,0.0,0.0,0.0,0.0,0.0,0.0,0.0,0.0,0.0,0.0,0.0,0.0,0.0,0.0,0.0,0.0,0.15073119057897577,0.0,0.0,0.0,0.0,0.0,0.0,0.0,0.0,0.0,0.0,0.0,0.0,0.0,0.0,0.0,0.0,0.0,0.14230929342713833,0.15670119730290077,0.13888865926460545,0.1655895093768748,0.38222354772195605,0.27030458859984635,0.3692844507108155,0.0,0.0,0.0,0.0,0.0,0.0,0.0,0.0,0.0,0.0,0.0,0.0,0.0,0.0,0.0,0.0,0.0,0.0,0.23807372542528496,0.1902548496953294,0.0,0.0,0.0,0.0,0.0,0.0,0.0,0.0,0.0,0.0,0.0,0.0,0.0,0.0,0.0,0.0,0.0
f760ae9ce69f789ad453f9cb8db10644979cf45383c0119f089a9afc26b3a74a,0.0,0.0,0.0,0.0,0.0,0.0,0.31126295158419065,0.0,0.0,0.0,0.0,0.0,0.11685099735093926,0.0,0.0,0.0,0.30190683416491954,0.22897489207299074,0.0,0.0,0.0,0.0,0.0,0.0,0.0,0.30847924927233444,0.0,0.0,0.0,0.0,0.0,0.0,0.0,0.0,0.0,0.0,0.0,0.0,0.0,0.0,0.0,0.0,0.0,0.0,0.0,0.0,0.0,0.0,0.0,0.2848572847727547,0.0,0.0,0.0,0.0,0.0,0.0,0.0,0.0,0.0,0.0,0.1695014455226802,0.3098593045146587,0.0,0.0,0.0,0.0,0.0,0.0,0.0,0.0,0.0,0.0,0.0,0.0,0.0,0.1110886789758656,0.0,0.0,0.0,0.0,0.0,0.0,0.0,0.0,0.0,0.0,0.0,0.0,0.24373794781678795,0.0,0.0,0.0,0.0,0.0,0.0,0.0,0.0,0.0,0.0,0.14303283401361883,0.0,0.0,0.0,0.0,0.0,0.0,0.0,0.0,0.0,0.0,0.0,0.0,0.0,0.0,0.2349002482446522,0.2673599123163677,0.1460055153594819,0.13504107190538167,0.14869793210992788,0.13179514120907676,0.15713228773768273,0.0,0.0,0.0,0.0,0.0,0.0,0.0,0.0,0.0,0.0,0.0,0.29941842088346277,0.0,0.0,0.0,0.0,0.0,0.0,0.0,0.0,0.0,0.0,0.18053788490776854,0.0,0.0,0.0,0.0,0.0,0.0,0.0,0.0,0.0,0.0,0.0,0.0,0.0,0.0,0.0,0.0,0.0
f555ba7794890e836c24d23621dfa866e6ae41a6f0f5bb653db83976ad51585f,0.0,0.0,0.0,0.0,0.0,0.0,0.0,0.0,0.0,0.0,0.0,0.0,0.1943675865030927,0.0,0.0,0.0,0.0,0.0,0.0,0.0,0.0,0.0,0.0,0.0,0.0,0.0,0.40856873730713555,0.0,0.0,0.0,0.0,0.0,0.0,0.0,0.0,0.0,0.0,0.0,0.0,0.0,0.0,0.0,0.3564032044555548,0.0,0.3774574690531703,0.0,0.0,0.0,0.0,0.0,0.0,0.0,0.0,0.0,0.0,0.0,0.0,0.0,0.3757815907738478,0.0,0.0,0.0,0.0,0.0,0.0,0.0,0.0,0.0,0.0,0.0,0.0,0.0,0.0,0.0,0.0,0.18478266262039988,0.0,0.314427472904398,0.0,0.16906174969847806,0.0,0.0,0.0,0.0,0.0,0.0,0.0,0.0,0.0,0.0,0.0,0.0,0.0,0.0,0.0,0.0,0.0,0.0,0.0,0.23791792426409347,0.0,0.0,0.0,0.0,0.0,0.0,0.0,0.0,0.0,0.0,0.0,0.0,0.0,0.0,0.0,0.0,0.0,0.0,0.0,0.21922537325640237,0.0,0.0,0.0,0.0,0.0,0.0,0.0,0.0,0.0,0.0,0.0,0.0,0.0,0.27904357030254356,0.0,0.0,0.0,0.0,0.0,0.0,0.0,0.0,0.0,0.0,0.0,0.20115287403242169,0.0,0.0,0.0,0.0,0.0,0.0,0.0,0.0,0.0,0.0,0.0,0.0,0.0,0.0,0.0
f434dde30d9a4e51fe173e8bd509e73732ee23814fb92753df8130ef7cbf8557,0.0,0.0,0.0,0.0,0.0,0.0,0.2726659443719406,0.0,0.0,0.0,0.0,0.0,0.1023613230592884,0.0,0.0,0.0,0.2644699975726303,0.20058171030887398,0.0,0.0,0.0,0.0,0.0,0.0,0.0,0.2702274247349277,0.0,0.0,0.0,0.0,0.0,0.0,0.0,0.0,0.0,0.0,0.0,0.0,0.0,0.0,0.0,0.0,0.0,0.17742762133857368,0.0,0.0,0.0,0.0,0.2522838447272289,0.24953461428184617,0.0,0.0,0.0,0.0,0.0,0.0,0.0,0.0,0.0,0.0,0.14848304779166677,0.27143635134832206,0.0,0.0,0.0,0.0,0.0,0.0,0.0,0.0,0.0,0.0,0.0,0.0,0.0,0.09731353959031275,0.20775670094866527,0.16558940053603338,0.0,0.08903431219782683,0.0,0.0,0.0,0.0,0.0,0.0,0.0,0.0,0.2135141281109627,0.0,0.0,0.0,0.0,0.0,0.0,0.0,0.0,0.0,0.0,0.12529657822758775,0.0,0.0,0.0,0.0,0.0,0.0,0.0,0.0,0.0,0.0,0.0,0.0,0.0,0.0,0.20577231467750592,0.23420693856404426,0.1279006432547979,0.11829580492209857,0.1302591968576819,0.11545237381611788,0.13764768151576856,0.0,0.0,0.0,0.16177406622519036,0.0,0.0,0.0,0.0,0.0,0.0,0.0,0.26229015074562184,0.1469548990201688,0.0,0.0,0.0,0.0,0.0,0.0,0.0,0.0,0.0,0.15815095446710944,0.0,0.10593471212757707,0.0,0.0,0.0,0.0,0.0,0.0,0.0,0.0,0.0,0.0,0.0,0.0,0.0,0.0,0.0
d812838222fd0d9a617d15d458b450e054515591156928f5c31dfa0db220a01f,0.0,0.0,0.0,0.0,0.0,0.0,0.0,0.0,0.0,0.0,0.0,0.0,0.1718844366166761,0.0,0.0,0.0,0.0,0.0,0.0,0.0,0.0,0.0,0.0,0.0,0.0,0.0,0.0,0.0,0.0,0.0,0.0,0.731878168305641,0.0,0.0,0.0,0.0,0.0,0.0,0.0,0.0,0.0,0.0,0.0,0.0,0.0,0.0,0.0,0.35853146992635954,0.0,0.0,0.0,0.0,0.0,0.0,0.0,0.0,0.0,0.0,0.0,0.0,0.0,0.0,0.0,0.0,0.3323136752539417,0.0,0.0,0.2813920482346844,0.0,0.0,0.0,0.0,0.0,0.0,0.0,0.0,0.0,0.0,0.0,0.0,0.0,0.0,0.0,0.0,0.0,0.0,0.0,0.0,0.0,0.0,0.0,0.0,0.0,0.0,0.0,0.0,0.0,0.0,0.0,0.0,0.0,0.0,0.0,0.0,0.0,0.0,0.0,0.0,0.0,0.0,0.0,0.0,0.0,0.0,0.0,0.0,0.21476988917022938,0.0,0.0,0.0,0.0,0.0,0.0,0.0,0.0,0.0,0.0,0.0,0.0,0.0,0.0,0.0,0.0,0.0,0.0,0.0,0.0,0.0,0.0,0.0,0.0,0.0,0.0,0.2655660057580901,0.0,0.0,0.0,0.0,0.0,0.0,0.0,0.0,0.0,0.0,0.0,0.0,0.0,0.0,0.0,0.0,0.0
f95d84bd16012696182588589d691c5eaa131d28b7dc53cad85d497d61dab85f,0.0,0.0,0.0,0.0,0.0,0.38340320982392856,0.0,0.0,0.0,0.0,0.0,0.0,0.0,0.0,0.0,0.0,0.0,0.0,0.0,0.0,0.0,0.0,0.0,0.0,0.0,0.0,0.0,0.0,0.0,0.0,0.0,0.0,0.0,0.0,0.0,0.0,0.0,0.0,0.0,0.0,0.0,0.0,0.25268369173145894,0.0,0.0,0.0,0.0,0.0,0.0,0.0,0.0,0.0,0.0,0.0,0.0,0.0,0.0,0.0,0.0,0.0,0.0,0.0,0.0,0.0,0.0,0.0,0.0,0.0,0.0,0.0,0.0,0.0,0.0,0.0,0.0,0.13100770356489308,0.0,0.0,0.0,0.11986184891252454,0.5474985886322271,0.0,0.0,0.0,0.0,0.0,0.0,0.0,0.0,0.0,0.0,0.0,0.0,0.0,0.0,0.0,0.0,0.0,0.0,0.16867968267561914,0.0,0.0,0.1850521094945641,0.0,0.0,0.0,0.0,0.0,0.0,0.0,0.0,0.0,0.0,0.0,0.0,0.0,0.17218538784865772,0.0,0.17536057490432713,0.1554269881502785,0.0,0.0,0.0,0.0,0.0,0.0,0.2501552313949459,0.0,0.0,0.0,0.0,0.0,0.0,0.0,0.0,0.0,0.0,0.0,0.0,0.0,0.0,0.0,0.0,0.0,0.0,0.0,0.0,0.0,0.49803302985071485,0.0,0.0,0.0,0.0,0.0,0.0,0.0,0.0,0.0,0.0,0.0,0.0
f84e0c6d7877be866064dd176f832737ae9cd04901913185c8e525efdcb9ee2e,0.0,0.0,0.0,0.0,0.0,0.0,0.0,0.0,0.0,0.0,0.0,0.0,0.0,0.0,0.0,0.0,0.0,0.0,0.0,0.0,0.0,0.0,0.0,0.0,0.0,0.0,0.0,0.0,0.0,0.0,0.0,0.0,0.0,0.0,0.0,0.0,0.0,0.0,0.0,0.0,0.0,0.0,0.0,0.0,0.0,0.0,0.0,0.49539329275690375,0.0,0.0,0.0,0.0,0.0,0.0,0.0,0.0,0.0,0.0,0.0,0.0,0.0,0.0,0.0,0.0,0.4591674082222458,0.0,0.0,0.38880752464831536,0.0,0.0,0.0,0.0,0.0,0.0,0.0,0.0,0.0,0.0,0.0,0.20657649907412826,0.0,0.0,0.0,0.0,0.0,0.0,0.0,0.0,0.0,0.0,0.0,0.0,0.0,0.0,0.0,0.0,0.0,0.0,0.0,0.29071183723767213,0.0,0.0,0.0,0.0,0.0,0.0,0.0,0.0,0.0,0.0,0.0,0.0,0.0,0.0,0.0,0.0,0.29675376223718464,0.2744687147317528,0.0,0.0,0.31936874055946385,0.0,0.0,0.0,0.0,0.0,0.0,0.0,0.0,0.0,0.0,0.0,0.0,0.0,0.0,0.0,0.0,0.0,0.0,0.0,0.0,0.0,0.0,0.0,0.0,0.0,0.0,0.0,0.0,0.0,0.0,0.0,0.0,0.0,0.0,0.0,0.0,0.0,0.0,0.0,0.0
f31d4be2ed36280868ff07df2eea5b9f5367784c2bbc273690233523a1b0e3f7,0.0,0.0,0.0,0.0,0.0,0.0,0.0,0.0,0.0,0.0,0.24431927293284336,0.0,0.15914153809849074,0.0,0.0,0.0,0.0,0.0,0.0,0.0,0.0,0.23257561638152852,0.0,0.0,0.0,0.0,0.33452212091433875,0.0,0.0,0.0,0.0,0.0,0.0,0.0,0.0,0.0,0.0,0.0,0.0,0.0,0.0,0.0,0.0,0.0,0.3090492775704101,0.0,0.0,0.0,0.0,0.0,0.0,0.0,0.0,0.0,0.0,0.0,0.0,0.0,0.30767712570169825,0.0,0.0,0.0,0.0,0.0,0.0,0.0,0.0,0.0,0.0,0.0,0.0,0.0,0.0,0.0,0.0,0.15129372994955115,0.0,0.25744247052031605,0.0,0.13842198364802846,0.0,0.0,0.0,0.0,0.0,0.0,0.0,0.0,0.0,0.0,0.0,0.0,0.0,0.0,0.0,0.0,0.0,0.0,0.0,0.0,0.0,0.0,0.0,0.0,0.36299849900029924,0.0,0.0,0.0,0.0,0.0,0.0,0.0,0.0,0.0,0.0,0.0,0.0,0.0,0.0,0.17949424447725232,0.0,0.0,0.0,0.0,0.25151075576282095,0.0,0.28889078271177704,0.0,0.0,0.0,0.0,0.0,0.0,0.22847134017242388,0.0,0.0,0.0,0.0,0.0,0.0,0.0,0.0,0.0,0.245877890138861,0.0,0.16469709966760424,0.0,0.0,0.0,0.0,0.0,0.0,0.0,0.0,0.0,0.0,0.0,0.0,0.0,0.0,0.0
b7f82678830c34db745a16d5551386f15ff28fda563f10c6903f6471a58e243e,0.0,0.0,0.0,0.0,0.0,0.0,0.0,0.0,0.0,0.0,0.0,0.3703082314954035,0.13774204928386852,0.0,0.0,0.0,0.0,0.0,0.0,0.44836826003076596,0.38934812076169906,0.0,0.0,0.0,0.0,0.0,0.0,0.0,0.0,0.0,0.0,0.0,0.0,0.0,0.22549753857278654,0.0,0.0,0.0,0.0,0.0,0.0,0.0,0.0,0.0,0.0,0.0,0.0,0.0,0.0,0.0,0.0,0.0,0.0,0.0,0.0,0.0,0.0,0.0,0.0,0.0,0.0,0.0,0.0,0.0,0.0,0.0,0.0,0.0,0.0,0.0,0.0,0.0,0.0,0.0,0.0,0.1309495223940468,0.0,0.0,0.0,0.11980861767100388,0.0,0.0,0.0,0.0,0.0,0.0,0.0,0.0,0.0,0.0,0.0,0.0,0.0,0.0,0.0,0.0,0.0,0.0,0.0,0.168604771192027,0.0,0.0,0.18496992693502756,0.5116627997265321,0.0,0.0,0.0,0.0,0.0,0.0,0.0,0.0,0.0,0.0,0.0,0.0,0.17210891946401274,0.0,0.17528269640336436,0.1553579622540478,0.0,0.0,0.0,0.0,0.0,0.0,0.0,0.0,0.0,0.0,0.0,0.0,0.0,0.0,0.0,0.0,0.0,0.0,0.0,0.0,0.0,0.0,0.0,0.0,0.0,0.0,0.0,0.0,0.0,0.0,0.0,0.0,0.0,0.0,0.0,0.0,0.0,0.0,0.0,0.0,0.0
f9c7dd489dd56e10c4e003e38428fe06097aca743cc878c09bf2bda235c73e30,0.0,0.0,0.0,0.0,0.0,0.0,0.0,0.0,0.0,0.0,0.15156256027900794,0.0,0.0987228664828928,0.0,0.0,0.0,0.0,0.0,0.0,0.0,0.0,0.1442774262304801,0.0,0.0,0.0,0.0,0.0,0.0,0.0,0.0,0.0,0.0,0.0,0.0,0.0,0.0,0.42035865558040875,0.0,0.0,0.0,0.0,0.28536563028931383,0.0,0.17112091606748564,0.0,0.0,0.0,0.0,0.0,0.0,0.0,0.0,0.0,0.0,0.0,0.0,0.0,0.0,0.19086637067495485,0.0,0.0,0.0,0.0,0.0,0.0,0.0,0.0,0.0,0.0,0.0,0.0,0.0,0.0,0.0,0.0,0.09385450762870332,0.0,0.0,0.0,0.08586956726234558,0.0,0.0,0.0,0.0,0.0,0.0,0.0,0.0,0.0,0.0,0.0,0.0,0.0,0.0,0.0,0.0,0.0,0.0,0.0,0.12084288277478494,0.0,0.0,0.0,0.0,0.0,0.4330067927718133,0.0,0.0,0.0,0.0,0.0,0.40040137579483837,0.0,0.0,0.0,0.0,0.0,0.0,0.12562910399371674,0.11134859285454873,0.1327549632793447,0.0,0.0,0.0,0.15602377014112767,0.0,0.0,0.0,0.0,0.0,0.0,0.0,0.0,0.0,0.0,0.0,0.0,0.3110594570032522,0.0,0.0,0.0,0.0,0.0,0.0,0.0,0.10216923862167185,0.211389961294613,0.0,0.0,0.0,0.0,0.0,0.0,0.0,0.14828080757049336,0.0,0.0,0.0,0.0,0.0,0.0
f8b823dc5519d25ef2599725c25306171a8496069b1ba56cb854323ae98d10d1,0.0,0.0,0.0,0.0,0.0,0.0,0.0,0.0,0.0,0.0,0.47210851192771974,0.0,0.3075159558051678,0.0,0.0,0.0,0.0,0.0,0.0,0.0,0.0,0.0,0.0,0.0,0.0,0.0,0.0,0.0,0.0,0.0,0.0,0.0,0.0,0.0,0.0,0.0,0.0,0.0,0.0,0.0,0.0,0.0,0.0,0.0,0.0,0.0,0.0,0.0,0.0,0.0,0.0,0.0,0.0,0.0,0.0,0.0,0.0,0.0,0.0,0.0,0.0,0.0,0.0,0.0,0.0,0.0,0.0,0.0,0.0,0.0,0.0,0.0,0.0,0.0,0.0,0.2923513026748005,0.0,0.0,0.0,0.26747868039095235,0.0,0.0,0.0,0.0,0.0,0.0,0.0,0.0,0.0,0.0,0.0,0.0,0.0,0.0,0.0,0.0,0.0,0.0,0.0,0.37641851298127876,0.0,0.0,0.0,0.0,0.0,0.0,0.0,0.0,0.0,0.0,0.0,0.0,0.0,0.0,0.0,0.0,0.38424169777303374,0.0,0.0,0.0,0.0,0.0,0.0,0.0,0.48600491975776305,0.0,0.0,0.0,0.0,0.0,0.0,0.0,0.0,0.0,0.0,0.0,0.0,0.0,0.0,0.0,0.0,0.0,0.0,0.0,0.0,0.0,0.0,0.0,0.0,0.0,0.0,0.0,0.0,0.0,0.0,0.0,0.0,0.0,0.0,0.0,0.0
f6ee3a24e7d397b2568fcee9ed1bcd4b69ae3afd7ccc9d6a4e8cdf8e3a47ddb0,0.0,0.0,0.0,0.0,0.0,0.0,0.0,0.0,0.0,0.0,0.0,0.0,0.4346734754201032,0.0,0.0,0.0,0.0,0.0,0.0,0.0,0.0,0.0,0.0,0.0,0.0,0.0,0.0,0.0,0.0,0.0,0.0,0.0,0.0,0.0,0.0,0.0,0.0,0.0,0.0,0.0,0.0,0.0,0.0,0.0,0.0,0.0,0.0,0.0,0.0,0.0,0.0,0.0,0.0,0.0,0.0,0.0,0.0,0.0,0.0,0.0,0.0,0.0,0.0,0.0,0.0,0.0,0.0,0.0,0.0,0.0,0.0,0.0,0.0,0.0,0.0,0.413238254400569,0.0,0.0,0.0,0.3780808293407078,0.0,0.0,0.0,0.0,0.0,0.0,0.0,0.0,0.0,0.0,0.0,0.0,0.0,0.0,0.0,0.0,0.0,0.0,0.0,0.0,0.0,0.0,0.0,0.0,0.0,0.0,0.0,0.0,0.0,0.0,0.0,0.0,0.0,0.0,0.0,0.0,0.5431252298275665,0.0,0.0,0.0,0.0,0.0,0.0,0.0,0.0,0.0,0.0,0.0,0.0,0.0,0.0,0.0,0.0,0.0,0.0,0.0,0.0,0.0,0.0,0.0,0.0,0.0,0.0,0.0,0.0,0.4498477365464623,0.0,0.0,0.0,0.0,0.0,0.0,0.0,0.0,0.0,0.0,0.0,0.0,0.0,0.0,0.0
f5d002bfe80b48386a6c99c41528931b7f5df736cd34094463c3f85dde0180bf,0.0,0.2222255630221795,0.0,0.0,0.288751136410055,0.0,0.0,0.0,0.0,0.0,0.15933147953106644,0.0,0.103783284943926,0.0,0.0,0.0,0.0,0.0,0.0,0.0,0.0,0.15167291804729838,0.0,0.0,0.0,0.0,0.0,0.34390898019785787,0.0,0.0,0.0,0.0,0.0,0.0,0.0,0.0,0.0,0.0,0.0,0.0,0.0,0.0,0.0,0.0,0.0,0.0,0.0,0.0,0.0,0.0,0.0,0.0,0.0,0.0,0.0,0.0,0.0,0.4924560392044856,0.0,0.0,0.0,0.0,0.0,0.0,0.2006499571951185,0.0,0.0,0.0,0.0,0.0,0.0,0.0,0.0,0.0,0.0,0.0986653797191908,0.0,0.0,0.0,0.09027114066571312,0.0,0.0,0.0,0.0,0.0,0.0,0.0,0.0,0.0,0.0,0.0,0.0,0.0,0.0,0.0,0.0,0.0,0.0,0.0,0.0,0.0,0.0,0.1393676566666512,0.0,0.0,0.0,0.16592988809508744,0.0,0.0,0.0,0.0,0.0,0.0,0.0,0.0,0.0,0.0,0.11993912215056307,0.13206870466316273,0.11705619125566351,0.139559827146309,0.3221402880657048,0.0,0.0,0.0,0.0,0.18839854621296076,0.0,0.0,0.0,0.0,0.0,0.0,0.0,0.0,0.0,0.0,0.0,0.0,0.0,0.33496775776839244,0.0,0.0,0.160347923229823,0.0,0.0,0.0,0.0,0.0,0.0,0.0,0.0,0.0,0.0,0.0,0.0,0.0,0.0,0.0,0.0,0.0
f4e6a61d2e8cd7651788e61c8b5c9fb36df48373adec1b1e875ff10adca28b90,0.0,0.0,0.0,0.0,0.0,0.0,0.0,0.0,0.0,0.0,0.1898596912882803,0.0,0.12366835793108595,0.0,0.0,0.0,0.0,0.0,0.0,0.0,0.0,0.18073373499075523,0.0,0.0,0.0,0.0,0.0,0.0,0.0,0.0,0.0,0.0,0.0,0.0,0.0,0.0,0.0,0.0,0.0,0.0,0.0,0.0,0.0,0.2143600915538269,0.0,0.0,0.0,0.0,0.0,0.0,0.0,0.0,0.0,0.0,0.0,0.0,0.0,0.0,0.0,0.0,0.0,0.0,0.0,0.0,0.2390948671423341,0.0,0.0,0.0,0.4219481704313963,0.0,0.0,0.3927080861875345,0.0,0.0,0.0,0.11756985241999238,0.25100232478061657,0.2000576843191352,0.0,0.10756726134392977,0.0,0.0,0.0,0.0,0.0,0.0,0.0,0.0,0.0,0.0,0.0,0.0,0.0,0.0,0.0,0.0,0.0,0.0,0.0,0.1513777042019542,0.0,0.0,0.0,0.0,0.0,0.0,0.0,0.0,0.0,0.0,0.0,0.0,0.0,0.0,0.0,0.0,0.15452381873267712,0.14291968399410512,0.15737331737575508,0.0,0.16629975304458053,0.0,0.0,0.0,0.19544816858527936,0.0,0.0,0.0,0.0,0.0,0.0,0.0,0.0,0.17754431565159148,0.0,0.0,0.0,0.0,0.0,0.0,0.0,0.0,0.0,0.19107088751532725,0.0,0.0,0.0,0.0,0.0,0.0,0.0,0.3554275433065934,0.0,0.0,0.0,0.0,0.0,0.0,0.0,0.0,0.0
a0c962a5903fb5b1e5cafe514b25a9dbc081d8dc768fe9c0b226c16cba635d20,0.0,0.0,0.0,0.0,0.0,0.0,0.3053290310712688,0.0,0.0,0.0,0.0,0.0,0.11462334858449567,0.0,0.0,0.0,0.29615127878280734,0.22460971207935287,0.0,0.0,0.0,0.0,0.0,0.0,0.0,0.3025983972925166,0.0,0.0,0.0,0.0,0.0,0.0,0.0,0.0,0.0,0.0,0.0,0.0,0.0,0.0,0.0,0.0,0.0,0.0,0.0,0.0,0.0,0.0,0.0,0.27942676219766094,0.0,0.0,0.0,0.0,0.0,0.0,0.0,0.0,0.0,0.0,0.16627006800268362,0.3039521431457224,0.0,0.0,0.0,0.0,0.0,0.0,0.0,0.0,0.0,0.0,0.0,0.0,0.0,0.10897088311364272,0.0,0.0,0.0,0.0,0.0,0.0,0.0,0.0,0.0,0.0,0.0,0.0,0.23909132475751807,0.0,0.0,0.0,0.0,0.0,0.0,0.0,0.0,0.0,0.0,0.14030605440989466,0.0,0.0,0.15392447348469493,0.0,0.0,0.0,0.0,0.0,0.0,0.0,0.0,0.0,0.0,0.0,0.23042210719235173,0.2622629598523737,0.14322206452416134,0.1324666473470206,0.145863153010503,0.12928259711109266,0.15413671598491416,0.0,0.0,0.0,0.0,0.0,0.0,0.0,0.0,0.0,0.0,0.0,0.2937103046409601,0.0,0.0,0.0,0.0,0.0,0.0,0.0,0.0,0.0,0.0,0.17709610857955055,0.0,0.1186247996068241,0.0,0.0,0.0,0.0,0.0,0.0,0.0,0.0,0.0,0.0,0.0,0.0,0.0,0.0,0.0
fef984d0cfaacd9e1685f796788009e017649a9485e7927a61968007f6e05bcd,0.0,0.0,0.0,0.0,0.0,0.0,0.0,0.0,0.0,0.0,0.0,0.0,0.25366948469191775,0.0,0.0,0.0,0.0,0.0,0.0,0.0,0.0,0.0,0.0,0.0,0.0,0.0,0.0,0.0,0.0,0.0,0.0,0.0,0.0,0.0,0.0,0.0,0.0,0.0,0.0,0.0,0.0,0.0,0.0,0.0,0.0,0.0,0.0,0.0,0.0,0.0,0.0,0.0,0.7290557040155736,0.0,0.0,0.0,0.0,0.0,0.0,0.0,0.0,0.0,0.0,0.0,0.0,0.0,0.0,0.0,0.0,0.0,0.0,0.0,0.0,0.0,0.0,0.0,0.0,0.0,0.0,0.22064279182910226,0.0,0.0,0.0,0.0,0.0,0.0,0.0,0.0,0.0,0.0,0.0,0.0,0.0,0.0,0.0,0.0,0.0,0.0,0.0,0.0,0.0,0.0,0.0,0.0,0.0,0.0,0.0,0.0,0.0,0.0,0.0,0.0,0.0,0.0,0.0,0.0,0.31696044264118506,0.0,0.32280535612198585,0.2861114266316213,0.0,0.0,0.0,0.0,0.0,0.0,0.0,0.0,0.0,0.0,0.0,0.0,0.0,0.0,0.0,0.0,0.0,0.0,0.0,0.0,0.0,0.0,0.0,0.0,0.0,0.26252497557914956,0.0,0.0,0.0,0.0,0.0,0.0,0.0,0.0,0.0,0.0,0.0,0.0,0.0,0.0,0.0
f0de5714ce83c1b278f1426a198450e9ee1a94fdaefd77d502ec9c010cc43450,0.3434575015639512,0.0,0.0,0.0,0.0,0.0,0.0,0.0,0.0,0.0,0.13983091587638835,0.0,0.09108125920301761,0.0,0.0,0.0,0.0,0.0,0.0,0.0,0.0,0.13310968495753456,0.0,0.0,0.0,0.0,0.0,0.0,0.0,0.0,0.0,0.0,0.0,0.0,0.0,0.0,0.0,0.0,0.0,0.0,0.0,0.0,0.0,0.1578753643068223,0.0,0.0,0.0,0.0,0.22448254445700527,0.0,0.0,0.0,0.26177098767527335,0.0,0.0,0.0,0.0,0.0,0.0,0.0,0.0,0.0,0.0,0.0,0.17609242924077018,0.34902648412541354,0.0,0.0,0.0,0.0,0.31404608874328416,0.0,0.0,0.0,0.0,0.08658973388078059,0.18486222495687177,0.14734169763279736,0.0,0.07922286489551977,0.0,0.0,0.0,0.0,0.0,0.0,0.0,0.0,0.0,0.0,0.0,0.0,0.0,0.0,0.0,0.0,0.0,0.0,0.0,0.11148908374492271,0.0,0.0,0.0,0.0,0.0,0.0,0.1456217458840502,0.0,0.0,0.0,0.0,0.0,0.0,0.0,0.0,0.0,0.11380618472248105,0.10525978512898453,0.11590482926544052,0.10272969585454494,0.12247911402601293,0.0,0.0,0.0,0.14394680742499122,0.0,0.1653404672088157,0.0,0.0,0.0,0.0,0.0,0.0,0.1307606901588863,0.0,0.0,0.0,0.0,0.0,0.0,0.0,0.0,0.0,0.0,0.0,0.0,0.19502739885421455,0.0,0.0,0.0,0.0,0.26177098767527335,0.0,0.0,0.0,0.0,0.321164854630534,0.0,0.0,0.0,0.0
2d22f914168c080b550e8145a06d00b826aaa8ae47abc1af5590084a68793af6,0.0,0.0,0.0,0.0,0.0,0.0,0.0,0.0,0.0,0.0,0.16740875301386202,0.0,0.10904455520829671,0.0,0.0,0.0,0.0,0.21367781042534953,0.0,0.0,0.0,0.1593619424799297,0.0,0.0,0.0,0.0,0.0,0.0,0.0,0.0,0.0,0.0,0.0,0.0,0.0,0.0,0.0,0.0,0.0,0.0,0.0,0.0,0.199950154261185,0.18901197710510878,0.0,0.0,0.0,0.0,0.0,0.0,0.0,0.0,0.0,0.0,0.0,0.0,0.0,0.0,0.0,0.0,0.0,0.0,0.0,0.0,0.21082186160061417,0.0,0.0,0.1785168648359509,0.37205273309512077,0.0,0.37598312058450467,0.3462702933994162,0.0,0.0,0.0,0.10366719893044332,0.22132126050547957,0.17640083176925847,0.0,0.09484741581803609,0.0,0.0,0.0,0.0,0.0,0.0,0.0,0.0,0.0,0.0,0.0,0.0,0.0,0.0,0.0,0.0,0.0,0.0,0.0,0.13347726693641118,0.0,0.0,0.0,0.0,0.2487283354033535,0.0,0.0,0.0,0.0,0.0,0.0,0.0,0.0,0.0,0.0,0.0,0.13625135293040663,0.1260194089447846,0.13876389791199545,0.0,0.1466347811628668,0.0,0.0,0.0,0.17233639199393574,0.0,0.0,0.0,0.0,0.0,0.0,0.0,0.0,0.15654967247788393,0.0,0.0,0.0,0.0,0.0,0.0,0.0,0.0,0.0,0.16847672509708397,0.0,0.0,0.0,0.0,0.0,0.0,0.0,0.0,0.0,0.0,0.0,0.0,0.0,0.0,0.0,0.0,0.0
3ffdaa1515622897c84111ab4180de09aadd03674935555270a2789625f7e513,0.0,0.0,0.0,0.0,0.0,0.0,0.0,0.0,0.0,0.0,0.35252555152739756,0.0,0.22962354879186933,0.0,0.0,0.0,0.0,0.0,0.0,0.0,0.0,0.33558076058641206,0.0,0.0,0.0,0.0,0.0,0.0,0.0,0.0,0.0,0.0,0.0,0.0,0.375916761222303,0.0,0.0,0.0,0.0,0.0,0.0,0.0,0.0,0.0,0.0,0.0,0.0,0.0,0.0,0.0,0.0,0.0,0.0,0.0,0.0,0.0,0.0,0.0,0.0,0.0,0.0,0.0,0.0,0.0,0.44394389001054935,0.0,0.0,0.0,0.0,0.0,0.0,0.0,0.0,0.0,0.0,0.21830003402049647,0.0,0.0,0.0,0.1997275349720391,0.0,0.0,0.0,0.0,0.0,0.0,0.0,0.0,0.0,0.0,0.0,0.0,0.0,0.0,0.0,0.0,0.0,0.0,0.0,0.0,0.0,0.0,0.0,0.0,0.0,0.0,0.0,0.0,0.0,0.0,0.0,0.0,0.0,0.0,0.0,0.0,0.2869150057773172,0.26536881042139,0.0,0.0,0.0,0.0,0.0,0.0,0.36290206182273765,0.0,0.0,0.0,0.0,0.0,0.0,0.0,0.0,0.0,0.0,0.0,0.0,0.0,0.0,0.0,0.0,0.0,0.0,0.0,0.0,0.0,0.0,0.0,0.0,0.0,0.0,0.0,0.0,0.0,0.0,0.0,0.0,0.0,0.0,0.0,0.0
9e9519db3a55dd28cc85ddb8e02990758fa23d0f387e006de073e30277bce862,0.0,0.0,0.0,0.0,0.0,0.0,0.0,0.0,0.0,0.0,0.28512913654299055,0.0,0.18572374091264868,0.0,0.0,0.0,0.0,0.0,0.0,0.0,0.0,0.27142387861495865,0.0,0.0,0.0,0.0,0.0,0.0,0.0,0.0,0.0,0.0,0.0,0.0,0.0,0.0,0.0,0.0,0.0,0.0,0.0,0.0,0.0,0.0,0.0,0.0,0.0,0.0,0.0,0.0,0.0,0.0,0.0,0.0,0.0,0.0,0.0,0.0,0.0,0.0,0.0,0.0,0.0,0.0,0.3590699666557551,0.0,0.0,0.0,0.0,0.0,0.0,0.0,0.0,0.0,0.0,0.17656507432690924,0.0,0.0,0.0,0.16154329620561295,0.0,0.0,0.0,0.0,0.0,0.0,0.0,0.0,0.0,0.0,0.0,0.0,0.0,0.0,0.0,0.0,0.0,0.0,0.0,0.2273373236735467,0.0,0.0,0.24940319216476084,0.0,0.4236319441520548,0.0,0.0,0.0,0.0,0.0,0.0,0.0,0.0,0.0,0.0,0.0,0.0,0.21463516460880142,0.0,0.0,0.0,0.0,0.0,0.0,0.0,0.0,0.0,0.0,0.0,0.0,0.0,0.0,0.0,0.0,0.0,0.0,0.0,0.0,0.0,0.0,0.0,0.0,0.0,0.0,0.0,0.0,0.0,0.0,0.0,0.0,0.0,0.5337770636776604,0.0,0.0,0.0,0.0,0.0,0.0,0.0,0.0,0.0
2b396ae1fa95ef655bb7b0eb45532a857d882bb601adeb8fb1b5d43dcff9ec31,0.0,0.0,0.0,0.0,0.0,0.0,0.30901164139642,0.0,0.0,0.0,0.0,0.0,0.11600583463739296,0.0,0.0,0.0,0.2997231951290055,0.22731875694786915,0.0,0.0,0.0,0.0,0.0,0.0,0.0,0.3062480731138227,0.0,0.0,0.0,0.0,0.0,0.0,0.0,0.0,0.0,0.0,0.0,0.0,0.0,0.0,0.0,0.0,0.0,0.0,0.0,0.0,0.0,0.0,0.0,0.2827969621291326,0.0,0.0,0.0,0.0,0.0,0.0,0.0,0.0,0.0,0.0,0.16827547137701052,0.3076181466592861,0.0,0.0,0.0,0.0,0.0,0.0,0.0,0.0,0.0,0.0,0.0,0.0,0.0,0.11028519409772167,0.0,0.0,0.0,0.0,0.0,0.0,0.0,0.0,0.0,0.0,0.0,0.0,0.24197503410581322,0.0,0.0,0.0,0.0,0.0,0.0,0.0,0.0,0.0,0.0,0.14199830268002558,0.0,0.0,0.0,0.0,0.0,0.0,0.0,0.0,0.0,0.0,0.0,0.0,0.0,0.0,0.23320125606041855,0.2654261450905034,0.14494948314451206,0.13406434358162606,0.1476224261181107,0.1308418901311938,0.15599577753493904,0.0,0.0,0.0,0.0,0.0,0.0,0.0,0.0,0.0,0.0,0.0,0.2972527801031825,0.0,0.0,0.0,0.0,0.0,0.0,0.0,0.0,0.0,0.0,0.17923208613697753,0.0,0.12005554764384622,0.0,0.0,0.0,0.0,0.0,0.0,0.0,0.0,0.0,0.0,0.0,0.0,0.0,0.0,0.0
2da3696e82b2a874191a6f4e3bfd26d4b7e5aa5d187c5afdebbe52263dccd5ae,0.0,0.0,0.0,0.0,0.0,0.0,0.0,0.0,0.0,0.0,0.0,0.0,0.24246827214020344,0.0,0.0,0.0,0.0,0.4751277071062274,0.0,0.0,0.0,0.0,0.0,0.0,0.0,0.0,0.0,0.0,0.0,0.0,0.0,0.0,0.0,0.0,0.39694486058452844,0.0,0.0,0.0,0.0,0.0,0.0,0.0,0.0,0.0,0.0,0.0,0.0,0.0,0.0,0.0,0.0,0.0,0.0,0.0,0.0,0.0,0.0,0.0,0.0,0.0,0.0,0.0,0.0,0.0,0.4687773031311582,0.0,0.0,0.0,0.0,0.0,0.0,0.0,0.0,0.0,0.0,0.0,0.0,0.0,0.0,0.0,0.0,0.0,0.0,0.0,0.0,0.0,0.0,0.0,0.0,0.0,0.0,0.0,0.0,0.0,0.0,0.0,0.0,0.0,0.0,0.0,0.0,0.0,0.3256038284242972,0.0,0.0,0.0,0.0,0.0,0.0,0.0,0.0,0.0,0.0,0.0,0.0,0.0,0.3029645089449375,0.0,0.0,0.0,0.0,0.0,0.0,0.0,0.0,0.0,0.0,0.0,0.0,0.0,0.0,0.0,0.0,0.0,0.0,0.0,0.0,0.0,0.0,0.0,0.0,0.0,0.0,0.3746199005727329,0.0,0.0,0.0,0.0,0.0,0.0,0.0,0.0,0.0,0.0,0.0,0.0,0.0,0.0,0.0,0.0,0.0
f52e1ebc1a294f9f4413a4069dd27f6926e4c64e4a0fdb21957beb3f8ec12271,0.0,0.0,0.0,0.0,0.0,0.0,0.0,0.0,0.0,0.0,0.2456341498756618,0.0,0.15999800568935446,0.0,0.0,0.0,0.0,0.0,0.0,0.0,0.0,0.23382729133852592,0.0,0.0,0.0,0.0,0.0,0.0,0.0,0.0,0.0,0.0,0.0,0.0,0.0,0.0,0.0,0.0,0.0,0.0,0.0,0.0,0.0,0.2773319523423429,0.0,0.0,0.0,0.33373772107721383,0.0,0.0,0.0,0.0,0.0,0.0,0.0,0.0,0.0,0.0,0.0,0.0,0.0,0.0,0.0,0.0,0.0,0.0,0.0,0.0,0.0,0.0,0.0,0.0,0.0,0.0,0.47981716616269277,0.15210796222322998,0.32473845420240255,0.2588279738599663,0.0,0.13916694278487074,0.0,0.0,0.0,0.0,0.0,0.0,0.0,0.0,0.0,0.0,0.0,0.0,0.0,0.0,0.0,0.0,0.0,0.0,0.0,0.0,0.0,0.0,0.0,0.0,0.3649520835492529,0.0,0.0,0.0,0.0,0.0,0.0,0.0,0.0,0.0,0.0,0.0,0.19991777397504376,0.0,0.0,0.0,0.0,0.0,0.0,0.0,0.0,0.0,0.0,0.0,0.0,0.0,0.0,0.0,0.0,0.22970092674445874,0.0,0.0,0.0,0.0,0.0,0.0,0.0,0.0,0.0,0.0,0.0,0.0,0.0,0.0,0.0,0.0,0.0,0.0,0.0,0.0,0.0,0.0,0.0,0.0,0.0,0.0,0.0
9b43fa2ed0b5bcaf69d80ebf5288e5e35d1f03917b01f092028fe7f32442a3d7,0.0,0.0,0.0,0.0,0.0,0.0,0.0,0.0,0.0,0.0,0.15813279488023538,0.0,0.10300250119019919,0.0,0.0,0.0,0.0,0.0,0.0,0.0,0.0,0.15053185038543304,0.0,0.0,0.0,0.0,0.0,0.0,0.0,0.0,0.0,0.0,0.0,0.0,0.0,0.0,0.0,0.0,0.0,0.0,0.0,0.0,0.0,0.1785390050841308,0.0,0.0,0.0,0.0,0.0,0.0,0.0,0.0,0.0,0.0,0.0,0.0,0.0,0.0,0.0,0.0,0.0,0.0,0.0,0.0,0.0,0.0,0.0,0.16862541690056454,0.0,0.0,0.0,0.0,0.3590636424876434,0.0,0.0,0.09792309905634945,0.20905806213878297,0.16662663119270277,0.0,0.08959201165086013,0.0,0.0,0.0,0.0,0.0,0.0,0.0,0.0,0.0,0.0,0.0,0.0,0.0,0.0,0.0,0.0,0.0,0.0,0.0,0.12608141983999002,0.0,0.0,0.0,0.0,0.0,0.0,0.16468156221146993,0.0,0.0,0.0,0.0,0.0,0.0,0.0,0.0,0.0,0.12870179639480667,0.0,0.0,0.11617555260123143,0.0,0.0,0.0,0.0,0.1627873981196211,0.0,0.18698118382952583,0.0,0.0,0.0,0.0,0.41775876912986426,0.26393310243464974,0.14787540556175935,0.0,0.0,0.0,0.0,0.0,0.0,0.0,0.0,0.0,0.0,0.0,0.0,0.0,0.0,0.0,0.0,0.0,0.0,0.0,0.0,0.15470877824348905,0.0,0.0,0.0,0.48875118755093405,0.0,0.0
3a550e32589fda38ebeca5616292a6d6e42842958a43376cd9f01ae6f7d135ee,0.0,0.0,0.0,0.0,0.0,0.0,0.0,0.0,0.0,0.0,0.0,0.0,0.0,0.0,0.0,0.0,0.0,0.0,0.0,0.0,0.0,0.0,0.0,0.0,0.0,0.0,0.38309426461216406,0.0,0.0,0.0,0.0,0.0,0.0,0.0,0.0,0.0,0.0,0.0,0.0,0.0,0.0,0.0,0.3341812797920477,0.0,0.3539228000711926,0.0,0.0,0.0,0.0,0.0,0.0,0.0,0.0,0.0,0.0,0.0,0.0,0.0,0.3523514136718609,0.0,0.0,0.0,0.0,0.0,0.0,0.0,0.0,0.0,0.0,0.0,0.0,0.0,0.0,0.0,0.0,0.0,0.0,0.29482275687584225,0.0,0.15852066191275146,0.0,0.0,0.0,0.0,0.0,0.0,0.0,0.0,0.0,0.0,0.0,0.0,0.0,0.0,0.0,0.0,0.0,0.0,0.0,0.22308361827862644,0.0,0.0,0.24473661262173343,0.0,0.0,0.0,0.0,0.0,0.0,0.0,0.0,0.0,0.0,0.0,0.0,0.0,0.0,0.0,0.0,0.20555655752205756,0.0,0.0,0.0,0.0,0.0,0.0,0.0,0.0,0.0,0.0,0.0,0.0,0.0,0.2616450589547803,0.0,0.0,0.0,0.0,0.0,0.0,0.0,0.0,0.3523514136718609,0.0,0.0,0.18861088799886502,0.0,0.0,0.0,0.0,0.0,0.0,0.0,0.0,0.0,0.0,0.0,0.0,0.0,0.0,0.0
3c750d7eaa45aea07cd60993c0652ff9fe04b0fee8932e117945191a3fd76914,0.0,0.0,0.0,0.0,0.0,0.0,0.0,0.0,0.0,0.0,0.0,0.0,0.13717404438056566,0.0,0.0,0.0,0.0,0.0,0.0,0.0,0.387742571527938,0.0,0.0,0.0,0.0,0.0,0.0,0.0,0.0,0.0,0.0,0.0,0.0,0.0,0.0,0.0,0.0,0.0,0.0,0.0,0.0,0.0,0.0,0.0,0.0,0.0,0.0,0.0,0.3380846815849395,0.0,0.0,0.0,0.0,0.0,0.0,0.38364014871739854,0.0,0.0,0.0,0.0,0.19898160339074994,0.0,0.0,0.0,0.2652061567343234,0.0,0.517268370844073,0.22456765762315656,0.0,0.0,0.0,0.0,0.0,0.0,0.0,0.0,0.0,0.0,0.0,0.11931456460116158,0.0,0.0,0.0,0.0,0.0,0.0,0.0,0.0,0.0,0.0,0.0,0.0,0.0,0.0,0.0,0.0,0.0,0.0,0.0,0.16790949812722775,0.0,0.0,0.18420716911336818,0.0,0.0,0.0,0.0,0.0,0.0,0.0,0.0,0.0,0.0,0.0,0.0,0.0,0.0,0.0,0.0,0.0,0.0,0.0,0.0,0.0,0.0,0.0,0.0,0.0,0.0,0.0,0.0,0.0,0.0,0.0,0.0,0.0,0.0,0.0,0.0,0.0,0.0,0.0,0.0,0.2119375306856346,0.0,0.14196273034116572,0.0,0.0,0.0,0.0,0.0,0.0,0.0,0.0,0.0,0.0,0.0,0.0,0.0,0.0,0.0
431d19c662ae3489b13f1e0949efa24cb39916a398599b0b127af0b46ca984c8,0.0,0.0,0.0,0.0,0.0,0.0,0.0,0.0,0.0,0.0,0.0,0.0,0.202183077882877,0.0,0.0,0.0,0.0,0.0,0.0,0.0,0.0,0.0,0.0,0.0,0.0,0.0,0.0,0.0,0.0,0.0,0.0,0.0,0.0,0.0,0.0,0.0,0.0,0.0,0.0,0.0,0.0,0.0,0.0,0.0,0.0,0.0,0.0,0.0,0.0,0.0,0.0,0.0,0.0,0.0,0.0,0.0,0.0,0.0,0.0,0.0,0.0,0.0,0.0,0.0,0.0,0.0,0.0,0.0,0.0,0.0,0.0,0.0,0.0,0.0,0.0,0.1922127456544368,0.0,0.0,0.0,0.17585969719163522,0.0,0.0,0.0,0.0,0.0,0.0,0.0,0.0,0.0,0.0,0.0,0.0,0.0,0.0,0.0,0.0,0.0,0.0,0.0,0.24748456816617542,0.0,0.0,0.27150597321535963,0.0,0.0,0.0,0.0,0.0,0.0,0.0,0.0,0.0,0.0,0.0,0.0,0.0,0.25262809177912793,0.0,0.0,0.2280403924977312,0.0,0.0,0.0,0.0,0.0,0.0,0.0,0.0,0.0,0.0,0.0,0.0,0.0,0.0,0.0,0.0,0.0,0.0,0.0,0.0,0.0,0.0,0.0,0.31237820876694333,0.0,0.20924120080183503,0.4329237443231372,0.46846280541776075,0.0,0.0,0.0,0.0,0.0,0.0,0.3036770622007417,0.0,0.0,0.0,0.0,0.0,0.0
2b5776c5c81b695863b32f58d2a78d4ba17267684770632edaf69546397ae946,0.0,0.0,0.0,0.0,0.0,0.0,0.0,0.0,0.0,0.0,0.1615651546853505,0.0,0.1052382274680995,0.0,0.0,0.0,0.0,0.0,0.0,0.0,0.0,0.15379922748481256,0.0,0.0,0.0,0.0,0.0,0.0,0.0,0.0,0.0,0.0,0.0,0.0,0.0,0.0,0.0,0.0,0.0,0.0,0.0,0.0,0.0,0.18241429297213743,0.0,0.0,0.0,0.0,0.0,0.0,0.0,0.0,0.30245865051245124,0.0,0.0,0.0,0.0,0.0,0.0,0.0,0.0,0.0,0.0,0.0,0.0,0.0,0.0,0.0,0.3590657972862579,0.0,0.0,0.3341833238037793,0.0,0.0,0.0,0.100048574100586,0.2135957830458464,0.17024335441447802,0.0,0.09153665583350874,0.0,0.0,0.0,0.0,0.0,0.0,0.47808541263395843,0.0,0.0,0.0,0.0,0.0,0.0,0.0,0.0,0.0,0.0,0.0,0.0,0.12881808681636506,0.0,0.0,0.0,0.0,0.0,0.0,0.1682560666348333,0.0,0.0,0.0,0.0,0.0,0.0,0.0,0.0,0.0,0.13149534009411465,0.12162055408079324,0.1339201817543992,0.11869720724843796,0.14151632261945937,0.0,0.0,0.0,0.16632078866336147,0.0,0.0,0.0,0.0,0.0,0.0,0.0,0.26966191645278004,0.1510851230564744,0.0,0.0,0.0,0.0,0.0,0.0,0.0,0.0,0.0,0.0,0.0,0.0,0.0,0.0,0.0,0.0,0.0,0.0,0.0,0.0,0.0,0.0,0.0,0.0,0.0,0.0,0.0
2bfa0884b172c9eaff7358741c164f571f0565389ab9cf99a8e0b90ae8ad914d,0.0,0.0,0.0,0.0,0.0,0.0,0.31333511715951795,0.0,0.0,0.0,0.0,0.0,0.11762890751635062,0.0,0.0,0.0,0.30391671341822796,0.0,0.0,0.0,0.0,0.0,0.0,0.0,0.0,0.31053288295341214,0.0,0.0,0.0,0.0,0.0,0.0,0.0,0.0,0.0,0.0,0.0,0.0,0.0,0.0,0.0,0.0,0.0,0.0,0.0,0.0,0.0,0.0,0.0,0.2867536603496844,0.0,0.0,0.0,0.0,0.0,0.0,0.0,0.0,0.0,0.0,0.1706298646248981,0.31192212561412536,0.0,0.0,0.0,0.0,0.0,0.0,0.0,0.0,0.0,0.0,0.0,0.0,0.0,0.11182822775676224,0.0,0.0,0.0,0.0,0.0,0.0,0.0,0.0,0.0,0.0,0.0,0.0,0.24536058032829092,0.0,0.0,0.0,0.0,0.0,0.0,0.0,0.0,0.0,0.0,0.14398504407676976,0.0,0.0,0.15796055410723897,0.0,0.0,0.0,0.0,0.0,0.0,0.0,0.0,0.0,0.0,0.0,0.23646404568848886,0.2691398029320186,0.14697751540380458,0.13594007854601603,0.14968785633467846,0.13267253877026702,0.1581783618552906,0.0,0.0,0.0,0.0,0.0,0.0,0.0,0.0,0.0,0.0,0.0,0.30141173406518196,0.0,0.0,0.0,0.0,0.0,0.0,0.0,0.0,0.0,0.0,0.18173977671096664,0.0,0.12173528128791868,0.0,0.0,0.0,0.0,0.0,0.0,0.0,0.0,0.0,0.0,0.0,0.0,0.0,0.0,0.0
2d0bd38ea59864cdcd710759abea3f670449eb4505b54c8a8d22128691deefc1,0.0,0.0,0.0,0.0,0.0,0.0,0.30837946476229094,0.0,0.0,0.0,0.0,0.0,0.11576850966882869,0.0,0.0,0.0,0.2991100208168313,0.2268537077801669,0.0,0.0,0.0,0.0,0.0,0.0,0.0,0.3056215501932145,0.0,0.0,0.0,0.0,0.0,0.0,0.0,0.0,0.0,0.0,0.0,0.0,0.0,0.0,0.0,0.0,0.0,0.0,0.0,0.0,0.0,0.0,0.0,0.28221841553828947,0.0,0.0,0.0,0.0,0.0,0.0,0.0,0.0,0.0,0.0,0.1679312130810419,0.30698882083947787,0.0,0.0,0.0,0.0,0.0,0.0,0.0,0.0,0.0,0.0,0.0,0.0,0.0,0.11005957242701726,0.0,0.0,0.0,0.0,0.0,0.0,0.0,0.0,0.0,0.0,0.0,0.0,0.2414800010969822,0.0,0.0,0.0,0.0,0.0,0.0,0.0,0.0,0.0,0.0,0.0,0.0,0.0,0.15546227812168983,0.0,0.0,0.0,0.0,0.0,0.0,0.0,0.0,0.0,0.0,0.0,0.23272417246426425,0.26488313575190725,0.14465294520193178,0.13379007447933866,0.14732041986344796,0.13057421353062162,0.15567664106119733,0.0,0.0,0.0,0.0,0.0,0.0,0.0,0.0,0.0,0.0,0.0,0.29664465977101007,0.0,0.0,0.0,0.0,0.0,0.0,0.0,0.0,0.0,0.0,0.17886541277661486,0.0,0.11980993776431212,0.0,0.0,0.0,0.0,0.0,0.0,0.0,0.0,0.0,0.0,0.0,0.0,0.0,0.0,0.0
2d7c79940727d8309cafe7c58204386db4d08c42623087e1acc36d7b8fa670e2,0.0,0.0,0.0,0.0,0.0,0.0,0.0,0.0,0.0,0.0,0.0,0.24244309782666124,0.0,0.3045982592838927,0.0,0.0,0.0,0.0,0.0,0.0,0.0,0.0,0.0,0.31094054924588777,0.3218307020762047,0.0,0.0,0.0,0.0,0.3657554471722944,0.0,0.0,0.0,0.0,0.14763463826634382,0.0,0.0,0.0,0.0,0.0,0.0,0.0,0.0,0.0,0.0,0.0,0.0,0.0,0.0,0.0,0.0,0.0,0.0,0.0,0.0,0.0,0.0,0.0,0.0,0.3076900925690075,0.0,0.0,0.0,0.0,0.0,0.0,0.0,0.0,0.0,0.0,0.0,0.0,0.0,0.0,0.0,0.08573346517285975,0.0,0.0,0.0,0.07843944569417112,0.0,0.0,0.0,0.0,0.0,0.0,0.0,0.0,0.0,0.0,0.0,0.0,0.0,0.0,0.0,0.0,0.0,0.0,0.0,0.110386590303645,0.0,0.42791060862952596,0.12110095935433159,0.0,0.0,0.0,0.0,0.0,0.29613637334125664,0.0,0.0,0.0,0.0,0.0,0.18128590993825955,0.0,0.0,0.0,0.11475866939233652,0.10171382226316074,0.0,0.0,0.0,0.0,0.0,0.0,0.0,0.0,0.0,0.0,0.0,0.0,0.0,0.0,0.0,0.0,0.0,0.0,0.0,0.0,0.0,0.0,0.17435108612649017,0.0,0.0,0.0,0.0,0.0,0.0,0.0,0.0,0.0,0.0,0.0,0.0,0.0,0.0,0.0,0.0,0.0,0.0
2d7def3cae44ef0e08b5f203a9c430c0dbbcf0098ceb2999e8c0f4b0d98c3b5f,0.0,0.0,0.0,0.0,0.0,0.0,0.28037406846341906,0.0,0.0,0.0,0.0,0.0,0.10525502429552577,0.0,0.0,0.0,0.271946426521095,0.20625205068490848,0.0,0.0,0.0,0.0,0.0,0.0,0.0,0.27786661314760375,0.0,0.0,0.0,0.0,0.0,0.0,0.0,0.0,0.0,0.0,0.0,0.0,0.0,0.0,0.0,0.0,0.0,0.18244340769093167,0.0,0.0,0.0,0.21955006119587386,0.2594157774880732,0.0,0.0,0.0,0.0,0.0,0.0,0.0,0.0,0.0,0.0,0.0,0.15268058614026914,0.27910971548607805,0.0,0.0,0.0,0.0,0.0,0.0,0.0,0.0,0.0,0.0,0.0,0.0,0.0,0.10006454261957234,0.21362987456936516,0.17027052655822625,0.0,0.0,0.0,0.0,0.0,0.0,0.0,0.0,0.0,0.0,0.21955006119587386,0.0,0.0,0.0,0.0,0.0,0.0,0.0,0.0,0.0,0.0,0.0,0.0,0.0,0.14134401408073172,0.0,0.0,0.0,0.0,0.0,0.0,0.0,0.0,0.0,0.0,0.0,0.21158939073289101,0.24082784661215148,0.13151632775789482,0.12163996565306627,0.1339415564414872,0.11871615223215824,0.14153890970883012,0.0,0.0,0.0,0.1663473347355616,0.0,0.0,0.0,0.0,0.0,0.0,0.0,0.2697049565607624,0.0,0.0,0.0,0.0,0.0,0.0,0.0,0.0,0.0,0.0,0.16262179949700933,0.0,0.0,0.0,0.0,0.0,0.0,0.0,0.0,0.0,0.0,0.0,0.0,0.0,0.0,0.0,0.0,0.0
2f7c9af7476a81cb3a868a6fa8015f558f3fbd008e154ab9fb5dfe06c3af3ade,0.0,0.0,0.0,0.0,0.0,0.0,0.0,0.0,0.0,0.0,0.17831527948391543,0.0,0.11614870780715163,0.0,0.0,0.0,0.0,0.22759872348103757,0.0,0.0,0.0,0.16974422663583977,0.0,0.0,0.0,0.0,0.0,0.0,0.0,0.0,0.0,0.0,0.0,0.0,0.0,0.0,0.0,0.0,0.0,0.0,0.0,0.0,0.0,0.20132593377906655,0.0,0.0,0.0,0.0,0.0,0.0,0.0,0.0,0.0,0.0,0.0,0.0,0.0,0.0,0.0,0.0,0.0,0.0,0.0,0.0,0.22455671221396675,0.0,0.0,0.0,0.39629162687280545,0.0,0.4004780754965016,0.3688294849157712,0.0,0.0,0.0,0.11042102170766424,0.2357401373122898,0.18789318390972,0.0,0.1010266378277115,0.0,0.0,0.0,0.0,0.0,0.0,0.0,0.0,0.0,0.0,0.0,0.0,0.0,0.0,0.0,0.0,0.0,0.0,0.0,0.14217318825942477,0.0,0.0,0.0,0.0,0.0,0.0,0.0,0.0,0.0,0.0,0.0,0.0,0.0,0.0,0.0,0.0,0.14512800340753562,0.1342294576707492,0.1478042383865443,0.13100303543598552,0.15618790245068184,0.0,0.0,0.0,0.18356394961680222,0.0,0.0,0.0,0.0,0.0,0.0,0.0,0.0,0.16674873982663155,0.0,0.0,0.0,0.0,0.0,0.0,0.0,0.0,0.0,0.1794528289672747,0.0,0.0,0.0,0.0,0.0,0.0,0.0,0.0,0.0,0.0,0.0,0.0,0.0,0.0,0.0,0.0,0.0
2fe7b81253f7726822e0f6ff1a3bacea73ca2356ca4dcb460493586629961ad0,0.0,0.0,0.0,0.0,0.0,0.6061123355886587,0.0,0.0,0.0,0.0,0.0,0.0,0.21784963347502095,0.0,0.0,0.0,0.0,0.0,0.0,0.0,0.0,0.0,0.0,0.0,0.0,0.0,0.0,0.0,0.0,0.0,0.0,0.0,0.0,0.0,0.0,0.0,0.0,0.0,0.0,0.0,0.0,0.0,0.0,0.0,0.0,0.0,0.0,0.4544096652968297,0.0,0.0,0.0,0.0,0.0,0.0,0.0,0.0,0.0,0.0,0.0,0.0,0.0,0.0,0.0,0.0,0.4211807292027083,0.0,0.0,0.35664168191923445,0.0,0.0,0.0,0.0,0.0,0.0,0.0,0.0,0.0,0.0,0.0,0.0,0.0,0.0,0.0,0.0,0.0,0.0,0.0,0.0,0.0,0.0,0.0,0.0,0.0,0.0,0.0,0.0,0.0,0.0,0.0,0.0,0.0,0.0,0.0,0.0,0.0,0.0,0.0,0.0,0.0,0.0,0.0,0.0,0.0,0.0,0.0,0.0,0.27220347902438335,0.0,0.0,0.0,0.0,0.0,0.0,0.0,0.0,0.0,0.0,0.0,0.0,0.0,0.0,0.0,0.0,0.0,0.0,0.0,0.0,0.0,0.0,0.0,0.0,0.0,0.0,0.0,0.0,0.0,0.0,0.0,0.0,0.0,0.0,0.0,0.0,0.0,0.0,0.0,0.0,0.0,0.0,0.0,0.0
0b94a7d15b14faeeb09254c70908120f5e5d1047859b3a063fec4e96cb50c657,0.0,0.0,0.0,0.0,0.0,0.0,0.0,0.0,0.0,0.0,0.23581572400268228,0.0,0.1536026060290032,0.0,0.0,0.0,0.0,0.0,0.0,0.0,0.0,0.22448080621726316,0.0,0.0,0.0,0.0,0.3228790557182572,0.0,0.0,0.0,0.0,0.0,0.0,0.0,0.0,0.0,0.0,0.0,0.0,0.0,0.0,0.0,0.0,0.0,0.29829279642136347,0.0,0.0,0.0,0.0,0.0,0.0,0.0,0.0,0.0,0.0,0.0,0.0,0.0,0.2969684023918721,0.0,0.0,0.0,0.0,0.0,0.2969684023918721,0.0,0.0,0.0,0.0,0.0,0.0,0.0,0.0,0.0,0.0,0.1460279413770458,0.0,0.0,0.0,0.1336041970819866,0.0,0.0,0.0,0.0,0.0,0.0,0.0,0.0,0.0,0.0,0.0,0.0,0.0,0.0,0.0,0.0,0.0,0.0,0.0,0.0,0.0,0.0,0.0,0.0,0.35036431152597525,0.0,0.0,0.0,0.0,0.0,0.0,0.0,0.0,0.0,0.0,0.0,0.0,0.1775137657004337,0.0,0.17324693507643335,0.0,0.0,0.0,0.0,0.24275690678309342,0.0,0.0,0.0,0.0,0.0,0.0,0.0,0.0,0.22051937962107715,0.0,0.0,0.0,0.0,0.0,0.0,0.0,0.0,0.2969684023918721,0.237320093430718,0.0,0.15896480589942472,0.0,0.0,0.0,0.0,0.0,0.0,0.0,0.0,0.0,0.0,0.0,0.0,0.0,0.0,0.0
0b919795439bfca71282fc1c6991ed0df9fbcf742a5472762d7607ff4e6c929a,0.0,0.0,0.0,0.0,0.0,0.0,0.0,0.0,0.0,0.0,0.0,0.0,0.38899241935761364,0.0,0.0,0.0,0.0,0.0,0.0,0.0,0.0,0.0,0.0,0.0,0.0,0.0,0.0,0.0,0.0,0.0,0.0,0.0,0.0,0.0,0.0,0.0,0.0,0.0,0.0,0.0,0.0,0.0,0.0,0.0,0.0,0.0,0.0,0.0,0.0,0.0,0.0,0.0,0.0,0.0,0.0,0.0,0.0,0.0,0.0,0.0,0.0,0.0,0.0,0.0,0.0,0.0,0.0,0.0,0.0,0.0,0.0,0.0,0.0,0.0,0.0,0.3698098859035188,0.0,0.0,0.0,0.33834725336261706,0.0,0.0,0.0,0.0,0.0,0.0,0.0,0.0,0.0,0.0,0.0,0.0,0.0,0.0,0.0,0.0,0.0,0.0,0.0,0.0,0.0,0.0,0.0,0.0,0.0,0.0,0.0,0.0,0.0,0.0,0.0,0.0,0.0,0.0,0.0,0.0,0.48604667436998605,0.0,0.0,0.0,0.0,0.0,0.0,0.0,0.0,0.0,0.0,0.0,0.0,0.0,0.0,0.0,0.0,0.0,0.0,0.0,0.0,0.0,0.0,0.0,0.0,0.0,0.0,0.6010035877149044,0.0,0.0,0.0,0.0,0.0,0.0,0.0,0.0,0.0,0.0,0.0,0.0,0.0,0.0,0.0,0.0,0.0
0d1a8fa865a99957b63339c67aa5aabc66e0001bdb4bd5f0c727f40dff2ea576,0.0,0.22475260050746637,0.0,0.0,0.0,0.0,0.0,0.0,0.0,0.0,0.16114331708875118,0.28218566580358045,0.10496345633299942,0.0,0.0,0.0,0.0,0.0,0.0,0.0,0.0,0.15339766629046114,0.0,0.0,0.0,0.0,0.0,0.0,0.0,0.0,0.0,0.0,0.0,0.0,0.0,0.0,0.0,0.0,0.0,0.0,0.0,0.30340450942033426,0.0,0.1819380194397499,0.20383666476146997,0.0,0.0,0.0,0.0,0.0,0.0,0.0,0.0,0.0,0.0,0.29355550592185586,0.3234617863086512,0.0,0.0,0.0,0.0,0.0,0.0,0.0,0.0,0.0,0.0,0.0,0.0,0.0,0.0,0.0,0.0,0.0,0.0,0.09978735286062265,0.0,0.0,0.0,0.09129765873680962,0.0,0.0,0.0,0.0,0.0,0.0,0.0,0.0,0.0,0.0,0.0,0.0,0.0,0.0,0.0,0.0,0.0,0.0,0.0,0.12848174998527692,0.0,0.0,0.14095247565796623,0.0,0.0,0.0,0.16781675944077457,0.0,0.0,0.0,0.0,0.0,0.0,0.3051818957348341,0.0,0.0,0.1311520131042242,0.1213030096057458,0.1335705236383442,0.11838729546872134,0.14114683140379705,0.0,0.0,0.0,0.16588653437201448,0.0,0.19054091985341448,0.0,0.0,0.0,0.0,0.0,0.0,0.0,0.0,0.0,0.0,0.0,0.0,0.0,0.0,0.0,0.20293164772773586,0.0,0.0,0.10862768473705092,0.22475260050746637,0.0,0.0,0.0,0.0,0.0,0.0,0.0,0.15765411423851222,0.0,0.0,0.0,0.0,0.0,0.0
af56dead22b6e7c4b7da2ba58d1fd896a71fe52cd96a958abb856a2ae7bc17f7,0.0,0.0,0.0,0.0,0.0,0.0,0.0,0.0,0.0,0.0,0.0,0.0,0.1980220486670078,0.0,0.0,0.0,0.0,0.0,0.0,0.0,0.0,0.0,0.0,0.0,0.0,0.0,0.0,0.0,0.0,0.0,0.0,0.0,0.0,0.0,0.0,0.0,0.0,0.0,0.0,0.0,0.0,0.0,0.0,0.34324078682754294,0.0,0.0,0.0,0.4130515687394313,0.0,0.0,0.0,0.0,0.0,0.0,0.0,0.0,0.0,0.0,0.0,0.0,0.0,0.0,0.0,0.0,0.3828469643275653,0.0,0.0,0.32418193855621935,0.0,0.0,0.0,0.0,0.0,0.0,0.0,0.0,0.0,0.0,0.0,0.17224041636175189,0.0,0.0,0.0,0.0,0.0,0.0,0.0,0.0,0.0,0.0,0.0,0.0,0.0,0.0,0.0,0.0,0.0,0.0,0.0,0.0,0.0,0.0,0.0,0.0,0.0,0.0,0.0,0.0,0.0,0.0,0.0,0.0,0.0,0.0,0.0,0.0,0.24742887885958187,0.0,0.2519915945648441,0.22334720676964062,0.0,0.0,0.0,0.0,0.0,0.0,0.0,0.0,0.0,0.0,0.0,0.0,0.0,0.2842900941088069,0.0,0.0,0.0,0.0,0.0,0.0,0.0,0.0,0.0,0.30594930845198665,0.0,0.2049349118739142,0.0,0.0,0.0,0.0,0.0,0.0,0.0,0.0,0.0,0.0,0.0,0.0,0.0,0.0,0.0
0dc042f00f5f3740477d5f1167f160f9f1744dd191784ba2dac06f10a8139551,0.0,0.0,0.0,0.0,0.0,0.0,0.0,0.0,0.0,0.0,0.0,0.0,0.0,0.0,0.0,0.0,0.0,0.0,0.0,0.0,0.0,0.0,0.0,0.0,0.0,0.0,0.38309426461216406,0.0,0.0,0.0,0.0,0.0,0.0,0.0,0.0,0.0,0.0,0.0,0.0,0.0,0.0,0.0,0.3341812797920477,0.0,0.3539228000711926,0.0,0.0,0.0,0.0,0.0,0.0,0.0,0.0,0.0,0.0,0.0,0.0,0.0,0.3523514136718609,0.0,0.0,0.0,0.0,0.0,0.0,0.0,0.0,0.0,0.0,0.0,0.0,0.0,0.0,0.0,0.0,0.0,0.0,0.29482275687584225,0.0,0.15852066191275146,0.0,0.0,0.0,0.0,0.0,0.0,0.0,0.0,0.0,0.0,0.0,0.0,0.0,0.0,0.0,0.0,0.0,0.0,0.0,0.22308361827862644,0.0,0.0,0.24473661262173343,0.0,0.0,0.0,0.0,0.0,0.0,0.0,0.0,0.0,0.0,0.0,0.0,0.0,0.0,0.0,0.0,0.20555655752205756,0.0,0.0,0.0,0.0,0.0,0.0,0.0,0.0,0.0,0.0,0.0,0.0,0.0,0.2616450589547803,0.0,0.0,0.0,0.0,0.0,0.0,0.0,0.0,0.3523514136718609,0.0,0.0,0.18861088799886502,0.0,0.0,0.0,0.0,0.0,0.0,0.0,0.0,0.0,0.0,0.0,0.0,0.0,0.0,0.0
0e4886f231c7c1418fc0231131283c030d6afc8098bab28204b322bf642bda7c,0.0,0.0,0.0,0.0,0.0,0.0,0.3053290310712688,0.0,0.0,0.0,0.0,0.0,0.11462334858449567,0.0,0.0,0.0,0.29615127878280734,0.22460971207935287,0.0,0.0,0.0,0.0,0.0,0.0,0.0,0.3025983972925166,0.0,0.0,0.0,0.0,0.0,0.0,0.0,0.0,0.0,0.0,0.0,0.0,0.0,0.0,0.0,0.0,0.0,0.0,0.0,0.0,0.0,0.0,0.0,0.27942676219766094,0.0,0.0,0.0,0.0,0.0,0.0,0.0,0.0,0.0,0.0,0.16627006800268362,0.3039521431457224,0.0,0.0,0.0,0.0,0.0,0.0,0.0,0.0,0.0,0.0,0.0,0.0,0.0,0.10897088311364272,0.0,0.0,0.0,0.0,0.0,0.0,0.0,0.0,0.0,0.0,0.0,0.0,0.23909132475751807,0.0,0.0,0.0,0.0,0.0,0.0,0.0,0.0,0.0,0.0,0.14030605440989466,0.0,0.0,0.15392447348469493,0.0,0.0,0.0,0.0,0.0,0.0,0.0,0.0,0.0,0.0,0.0,0.23042210719235173,0.2622629598523737,0.14322206452416134,0.1324666473470206,0.145863153010503,0.12928259711109266,0.15413671598491416,0.0,0.0,0.0,0.0,0.0,0.0,0.0,0.0,0.0,0.0,0.0,0.2937103046409601,0.0,0.0,0.0,0.0,0.0,0.0,0.0,0.0,0.0,0.0,0.17709610857955055,0.0,0.1186247996068241,0.0,0.0,0.0,0.0,0.0,0.0,0.0,0.0,0.0,0.0,0.0,0.0,0.0,0.0,0.0
25114e6e448a0ccb8edd598018fc9bdaf2649d66f199577f0d781e7683660717,0.0,0.0,0.0,0.0,0.0,0.0,0.0,0.0,0.0,0.0,0.19823924596834733,0.0,0.12912652422455237,0.0,0.0,0.0,0.0,0.0,0.0,0.0,0.0,0.18871051091729052,0.0,0.0,0.0,0.0,0.0,0.0,0.0,0.0,0.0,0.0,0.0,0.0,0.0,0.0,0.0,0.0,0.0,0.0,0.0,0.0,0.23677356827757914,0.2238209839434183,0.0,0.0,0.0,0.0,0.0,0.0,0.0,0.0,0.0,0.0,0.0,0.0,0.0,0.0,0.0,0.0,0.0,0.0,0.0,0.0,0.0,0.0,0.0,0.0,0.44057106896395265,0.0,0.4452252882818301,0.4100404586315428,0.0,0.0,0.0,0.12275885805039155,0.0,0.0,0.0,0.11231479749602377,0.0,0.0,0.0,0.0,0.0,0.0,0.0,0.0,0.0,0.0,0.0,0.0,0.0,0.0,0.0,0.0,0.0,0.0,0.0,0.0,0.0,0.0,0.0,0.0,0.0,0.0,0.0,0.0,0.0,0.0,0.0,0.0,0.0,0.0,0.0,0.0,0.1613438065861134,0.1492275174197272,0.0,0.1456405925479707,0.17363947778795855,0.0,0.0,0.0,0.20407437357205846,0.0,0.2344043113935189,0.0,0.0,0.0,0.0,0.0,0.0,0.0,0.0,0.0,0.0,0.0,0.0,0.0,0.0,0.0,0.0,0.0,0.0,0.13363427477231415,0.0,0.0,0.0,0.0,0.0,0.0,0.0,0.0,0.0,0.0,0.0,0.0,0.0,0.0,0.0
1af648b66de630a3356319ff862160ffd6af17ede24c6f3645f86d6bfd490168,0.0,0.0,0.0,0.0,0.0,0.0,0.0,0.0,0.0,0.0,0.0,0.41811879510894195,0.0,0.0,0.0,0.0,0.0,0.0,0.0,0.0,0.0,0.0,0.0,0.0,0.0,0.0,0.0,0.0,0.0,0.0,0.0,0.0,0.0,0.0,0.0,0.0,0.0,0.0,0.0,0.0,0.0,0.0,0.2851810228882131,0.26958033199888454,0.0,0.0,0.0,0.0,0.0,0.0,0.0,0.0,0.0,0.0,0.0,0.0,0.0,0.0,0.0,0.0,0.0,0.0,0.0,0.0,0.0,0.0,0.0,0.0,0.0,0.0,0.0,0.0,0.0,0.0,0.46640594370904614,0.14785643922195635,0.0,0.25159355254398186,0.0,0.13527713024896623,0.0,0.0,0.0,0.0,0.0,0.0,0.0,0.0,0.0,0.0,0.0,0.0,0.0,0.0,0.0,0.0,0.0,0.0,0.0,0.0,0.0,0.0,0.0,0.0,0.0,0.0,0.0,0.0,0.0,0.0,0.0,0.0,0.0,0.45219265893729366,0.0,0.0,0.0,0.0,0.19791347745001692,0.17541625722421797,0.0,0.0,0.0,0.0,0.0,0.0,0.0,0.0,0.0,0.0,0.0,0.0,0.0,0.2232806265892655,0.0,0.0,0.0,0.0,0.0,0.0,0.0,0.0,0.0,0.0,0.0,0.16095529348873625,0.0,0.0,0.0,0.0,0.0,0.0,0.0,0.0,0.0,0.0,0.0,0.0,0.0,0.0,0.0
1c8a8199bc8cee2c76b1274dd751f6e61009c6685a3a2ddf2c859dcc99473c66,0.0,0.0,0.0,0.0,0.0,0.0,0.0,0.0,0.0,0.0,0.26757660441402287,0.0,0.17429059883181536,0.0,0.0,0.0,0.0,0.0,0.0,0.0,0.0,0.25471504132207207,0.0,0.0,0.0,0.0,0.0,0.0,0.0,0.0,0.0,0.0,0.0,0.0,0.2853311769157348,0.0,0.0,0.0,0.0,0.0,0.0,0.0,0.0,0.3021059658880455,0.0,0.0,0.0,0.3635504518240577,0.0,0.0,0.0,0.0,0.0,0.0,0.0,0.0,0.0,0.0,0.0,0.0,0.0,0.0,0.0,0.0,0.0,0.0,0.0,0.0,0.0,0.0,0.0,0.0,0.0,0.0,0.0,0.16569573919844066,0.35374728205390765,0.2819490303276979,0.0,0.1515987008154437,0.0,0.0,0.0,0.0,0.0,0.0,0.0,0.0,0.0,0.0,0.0,0.0,0.0,0.0,0.0,0.0,0.0,0.0,0.0,0.0,0.0,0.0,0.2340499469769299,0.0,0.0,0.0,0.0,0.0,0.0,0.0,0.0,0.0,0.0,0.0,0.0,0.0,0.2177763928563282,0.0,0.0,0.0,0.0,0.0,0.0,0.0,0.27545266156353837,0.0,0.0,0.0,0.0,0.0,0.0,0.0,0.0,0.2502200693191415,0.0,0.0,0.0,0.0,0.0,0.0,0.0,0.0,0.0,0.0,0.0,0.1803750074927933,0.0,0.0,0.0,0.0,0.0,0.0,0.0,0.0,0.0,0.0,0.0,0.0,0.0,0.0,0.0
1c55d4144572be0ee5f5f95d9ce655549a7d0f55c74d576f649a85c323b31a63,0.0,0.0,0.34059886240470766,0.0,0.37579857619074686,0.0,0.0,0.0,0.0,0.0,0.0,0.0,0.0,0.0,0.0,0.0,0.0,0.0,0.0,0.0,0.0,0.0,0.0,0.0,0.0,0.0,0.0,0.0,0.0,0.0,0.0,0.0,0.0,0.0,0.0,0.0,0.0,0.0,0.0,0.0,0.0,0.0,0.2476718221084059,0.0,0.0,0.0,0.0,0.0,0.0,0.0,0.0,0.0,0.0,0.0,0.0,0.0,0.0,0.0,0.0,0.0,0.0,0.0,0.0,0.0,0.0,0.0,0.0,0.0,0.0,0.0,0.0,0.0,0.0,0.0,0.0,0.0,0.0,0.0,0.0,0.0,0.0,0.0,0.0,0.0,0.0,0.0,0.0,0.0,0.0,0.0,0.0,0.0,0.0,0.0,0.0,0.0,0.0,0.0,0.0,0.16533399553674905,0.0,0.0,0.18138168248796746,0.0,0.0,0.0,0.0,0.0,0.0,0.6136077117127778,0.0,0.0,0.0,0.0,0.0,0.0,0.16877016659326535,0.0,0.0,0.0,0.0,0.0,0.29649163834949027,0.0,0.0,0.0,0.0,0.0,0.0,0.0,0.0,0.0,0.0,0.0,0.0,0.0,0.0,0.0,0.0,0.0,0.0,0.0,0.0,0.0,0.0,0.0,0.0,0.0,0.0,0.0,0.0,0.0,0.0,0.0,0.0,0.0,0.0,0.35817144519956073,0.0,0.0,0.0
1cb6f41ae09b700eb04f034abd2fb8c727383d671ba11f14309dd2b49d32d54c,0.0,0.0,0.0,0.0,0.0,0.0,0.0,0.0,0.0,0.0,0.2737571082432164,0.0,0.17831637573346742,0.0,0.0,0.0,0.0,0.0,0.0,0.0,0.0,0.2605984678334885,0.0,0.0,0.0,0.0,0.0,0.0,0.0,0.0,0.0,0.0,0.0,0.0,0.0,0.0,0.0,0.0,0.0,0.0,0.0,0.0,0.32697081268381806,0.30908403141467206,0.0,0.0,0.0,0.0,0.0,0.0,0.0,0.0,0.0,0.0,0.0,0.0,0.0,0.0,0.0,0.0,0.0,0.0,0.0,0.0,0.0,0.0,0.0,0.0,0.0,0.0,0.0,0.0,0.0,0.0,0.0,0.16952299140847485,0.36191816244940755,0.2884615094937816,0.0,0.1551003386097587,0.0,0.0,0.0,0.0,0.0,0.0,0.0,0.0,0.0,0.0,0.0,0.0,0.0,0.0,0.0,0.0,0.0,0.0,0.0,0.0,0.0,0.0,0.0,0.0,0.0,0.0,0.0,0.0,0.0,0.0,0.0,0.0,0.0,0.0,0.0,0.0,0.22280660778451325,0.20607470251204213,0.0,0.0,0.0,0.0,0.0,0.0,0.28181508713240766,0.0,0.0,0.0,0.0,0.0,0.0,0.0,0.0,0.25599967064099377,0.0,0.0,0.0,0.0,0.0,0.0,0.0,0.0,0.34474889841307643,0.0,0.0,0.0,0.0,0.0,0.0,0.0,0.0,0.0,0.0,0.0,0.0,0.0,0.0,0.0,0.0,0.0,0.0
01ce496e53ddf9dacd4f7781f7162d20f4dcaf5095a3c42a4325039fe0d146d0,0.0,0.0,0.0,0.0,0.0,0.0,0.0,0.0,0.0,0.0,0.0,0.0,0.0,0.0,0.0,0.0,0.0,0.0,0.0,0.0,0.0,0.0,0.0,0.0,0.0,0.0,0.38309426461216406,0.0,0.0,0.0,0.0,0.0,0.0,0.0,0.0,0.0,0.0,0.0,0.0,0.0,0.0,0.0,0.3341812797920477,0.0,0.3539228000711926,0.0,0.0,0.0,0.0,0.0,0.0,0.0,0.0,0.0,0.0,0.0,0.0,0.0,0.3523514136718609,0.0,0.0,0.0,0.0,0.0,0.0,0.0,0.0,0.0,0.0,0.0,0.0,0.0,0.0,0.0,0.0,0.0,0.0,0.29482275687584225,0.0,0.15852066191275146,0.0,0.0,0.0,0.0,0.0,0.0,0.0,0.0,0.0,0.0,0.0,0.0,0.0,0.0,0.0,0.0,0.0,0.0,0.0,0.22308361827862644,0.0,0.0,0.24473661262173343,0.0,0.0,0.0,0.0,0.0,0.0,0.0,0.0,0.0,0.0,0.0,0.0,0.0,0.0,0.0,0.0,0.20555655752205756,0.0,0.0,0.0,0.0,0.0,0.0,0.0,0.0,0.0,0.0,0.0,0.0,0.0,0.2616450589547803,0.0,0.0,0.0,0.0,0.0,0.0,0.0,0.0,0.3523514136718609,0.0,0.0,0.18861088799886502,0.0,0.0,0.0,0.0,0.0,0.0,0.0,0.0,0.0,0.0,0.0,0.0,0.0,0.0,0.0
2d4454d610ae48bf9ffbb7bafcf80140a286898a7ffda39113da1820575a892f,0.0,0.0,0.0,0.0,0.0,0.0,0.0,0.0,0.0,0.0,0.24135698430399036,0.0,0.15721200072295624,0.0,0.0,0.0,0.0,0.0,0.0,0.0,0.0,0.22975571562017982,0.0,0.0,0.0,0.0,0.33046615323324335,0.0,0.0,0.0,0.0,0.0,0.0,0.0,0.0,0.0,0.0,0.0,0.0,0.0,0.0,0.0,0.28827265823789533,0.0,0.30530215950758866,0.0,0.0,0.0,0.0,0.0,0.0,0.0,0.0,0.0,0.0,0.0,0.0,0.0,0.30394664451663495,0.0,0.0,0.0,0.0,0.0,0.0,0.0,0.0,0.0,0.0,0.0,0.0,0.0,0.0,0.0,0.0,0.14945934459604895,0.0,0.2543210675550421,0.0,0.13674366386907044,0.0,0.0,0.0,0.0,0.0,0.0,0.0,0.0,0.0,0.0,0.0,0.0,0.0,0.0,0.0,0.0,0.0,0.0,0.0,0.0,0.0,0.0,0.0,0.0,0.3585972648570768,0.0,0.0,0.0,0.0,0.0,0.0,0.0,0.0,0.0,0.0,0.0,0.0,0.0,0.0,0.17731793741405277,0.0,0.0,0.0,0.0,0.24846127283465577,0.0,0.28538807958756307,0.0,0.0,0.0,0.0,0.0,0.0,0.22570120237327607,0.0,0.0,0.0,0.0,0.0,0.0,0.0,0.0,0.0,0.0,0.0,0.1627002029852679,0.0,0.0,0.0,0.0,0.0,0.0,0.0,0.0,0.0,0.0,0.0,0.0,0.0,0.0,0.0
1df11bc19aa52b623bdf15380e3fded56d8eb6fb7b53a2240779864b1a6474ad,0.0,0.0,0.0,0.0,0.0,0.0,0.0,0.0,0.0,0.0,0.0,0.0,0.41299449083316164,0.0,0.0,0.0,0.0,0.0,0.0,0.0,0.0,0.0,0.0,0.0,0.0,0.0,0.0,0.0,0.0,0.0,0.0,0.0,0.0,0.0,0.0,0.0,0.0,0.0,0.0,0.0,0.0,0.0,0.0,0.0,0.0,0.0,0.0,0.0,0.0,0.0,0.0,0.0,0.0,0.0,0.0,0.0,0.0,0.0,0.0,0.0,0.0,0.0,0.0,0.0,0.0,0.0,0.0,0.0,0.0,0.0,0.0,0.0,0.0,0.0,0.0,0.0,0.0,0.0,0.0,0.0,0.0,0.0,0.0,0.0,0.0,0.0,0.0,0.0,0.0,0.0,0.0,0.0,0.0,0.0,0.0,0.0,0.0,0.0,0.0,0.5055307510852307,0.0,0.0,0.5545986951054119,0.0,0.0,0.0,0.0,0.0,0.0,0.0,0.0,0.0,0.0,0.0,0.0,0.0,0.5160373025625518,0.0,0.0,0.0,0.0,0.0,0.0,0.0,0.0,0.0,0.0,0.0,0.0,0.0,0.0,0.0,0.0,0.0,0.0,0.0,0.0,0.0,0.0,0.0,0.0,0.0,0.0,0.0,0.0,0.0,0.0,0.0,0.0,0.0,0.0,0.0,0.0,0.0,0.0,0.0,0.0,0.0,0.0,0.0,0.0
d4b90392cc143ffe8cc6ec13a76f46280ebd1568c4426c5f7779abdc8f1804f6,0.0,0.0,0.0,0.0,0.0,0.0,0.0,0.0,0.0,0.0,0.0,0.0,0.27600404637603215,0.0,0.0,0.0,0.0,0.0,0.0,0.0,0.0,0.0,0.0,0.0,0.0,0.0,0.0,0.0,0.0,0.0,0.0,0.0,0.0,0.0,0.0,0.0,0.0,0.0,0.0,0.0,0.0,0.0,0.0,0.0,0.0,0.0,0.0,0.0,0.0,0.0,0.0,0.0,0.0,0.0,0.0,0.0,0.0,0.0,0.0,0.0,0.0,0.0,0.0,0.0,0.0,0.0,0.0,0.45184628381460723,0.0,0.0,0.0,0.0,0.0,0.0,0.0,0.0,0.0,0.0,0.0,0.2400694881471372,0.0,0.0,0.0,0.0,0.0,0.0,0.0,0.0,0.0,0.0,0.0,0.0,0.0,0.0,0.0,0.0,0.0,0.0,0.0,0.0,0.0,0.0,0.0,0.0,0.0,0.0,0.0,0.0,0.0,0.0,0.0,0.0,0.0,0.0,0.0,0.0,0.0,0.0,0.351227048810112,0.311302368752211,0.0,0.0,0.0,0.0,0.0,0.0,0.0,0.0,0.0,0.0,0.0,0.0,0.0,0.3962448467069449,0.0,0.0,0.0,0.0,0.0,0.0,0.0,0.0,0.5336138677914485,0.0,0.0,0.0,0.0,0.0,0.0,0.0,0.0,0.0,0.0,0.0,0.0,0.0,0.0,0.0,0.0,0.0,0.0
cf2378fb5bcedd02d512f65f2c1ad71ff2ad5d1aeb7dcba90e1193b91a78115e,0.0,0.0,0.0,0.0,0.0,0.0,0.0,0.0,0.0,0.0,0.0,0.0,0.0,0.0,0.0,0.0,0.0,0.0,0.0,0.0,0.0,0.0,0.0,0.0,0.0,0.0,0.38309426461216406,0.0,0.0,0.0,0.0,0.0,0.0,0.0,0.0,0.0,0.0,0.0,0.0,0.0,0.0,0.0,0.3341812797920477,0.0,0.3539228000711926,0.0,0.0,0.0,0.0,0.0,0.0,0.0,0.0,0.0,0.0,0.0,0.0,0.0,0.3523514136718609,0.0,0.0,0.0,0.0,0.0,0.0,0.0,0.0,0.0,0.0,0.0,0.0,0.0,0.0,0.0,0.0,0.0,0.0,0.29482275687584225,0.0,0.15852066191275146,0.0,0.0,0.0,0.0,0.0,0.0,0.0,0.0,0.0,0.0,0.0,0.0,0.0,0.0,0.0,0.0,0.0,0.0,0.0,0.22308361827862644,0.0,0.0,0.24473661262173343,0.0,0.0,0.0,0.0,0.0,0.0,0.0,0.0,0.0,0.0,0.0,0.0,0.0,0.0,0.0,0.0,0.20555655752205756,0.0,0.0,0.0,0.0,0.0,0.0,0.0,0.0,0.0,0.0,0.0,0.0,0.0,0.2616450589547803,0.0,0.0,0.0,0.0,0.0,0.0,0.0,0.0,0.3523514136718609,0.0,0.0,0.18861088799886502,0.0,0.0,0.0,0.0,0.0,0.0,0.0,0.0,0.0,0.0,0.0,0.0,0.0,0.0,0.0
b5466ce462df16b3a29f22192b1291d70479cacf35bd5e937f35b2567da948fe,0.0,0.2588045733961991,0.0,0.0,0.0,0.0,0.0,0.0,0.0,0.0,0.0,0.0,0.12086633247898752,0.0,0.0,0.0,0.0,0.0,0.0,0.0,0.34164643011132967,0.0,0.0,0.0,0.0,0.0,0.0,0.0,0.0,0.0,0.0,0.0,0.0,0.0,0.0,0.0,0.0,0.0,0.0,0.0,0.0,0.0,0.0,0.0,0.0,0.0,0.0,0.2521134821818721,0.0,0.0,0.0,0.0,0.0,0.0,0.0,0.0,0.0,0.0,0.0,0.0,0.0,0.0,0.0,0.0,0.0,0.0,0.0,0.0,0.0,0.0,0.0,0.0,0.0,0.0,0.0,0.0,0.0,0.0,0.0,0.10513004774183624,0.0,0.0,0.0,0.0,0.0,0.0,0.0,0.0,0.0,0.0,0.0,0.0,0.0,0.0,0.0,0.0,0.0,0.0,0.0,0.14794785207849942,0.0,0.0,0.0,0.0,0.0,0.0,0.0,0.0,0.0,0.0,0.0,0.0,0.0,0.0,0.0,0.0,0.0,0.13968147012228754,0.0,0.13632399994541713,0.0,0.3751655691305525,0.2653132582360675,0.0,0.0,0.0,0.0,0.0,0.0,0.0,0.5735158161348815,0.0,0.0,0.0,0.0,0.0,0.0,0.0,0.0,0.0,0.0,0.0,0.0,0.0,0.0,0.12508572334163198,0.0,0.280050050610381,0.0,0.0,0.0,0.0,0.0,0.0,0.1815400831293089,0.0,0.0,0.0,0.0,0.0,0.0
1e899e9715679dacd49bcc56039ca51d3dad675c5d3525148bc94d1864304178,0.0,0.0,0.0,0.0,0.0,0.0,0.0,0.0,0.0,0.0,0.2456341498756618,0.0,0.15999800568935446,0.0,0.0,0.0,0.0,0.0,0.0,0.0,0.0,0.23382729133852592,0.0,0.0,0.0,0.0,0.0,0.0,0.0,0.0,0.0,0.0,0.0,0.0,0.0,0.0,0.0,0.0,0.0,0.0,0.0,0.0,0.0,0.2773319523423429,0.0,0.0,0.0,0.33373772107721383,0.0,0.0,0.0,0.0,0.0,0.0,0.0,0.0,0.0,0.0,0.0,0.0,0.0,0.0,0.0,0.0,0.0,0.0,0.0,0.0,0.0,0.0,0.0,0.0,0.0,0.0,0.47981716616269277,0.15210796222322998,0.32473845420240255,0.2588279738599663,0.0,0.13916694278487074,0.0,0.0,0.0,0.0,0.0,0.0,0.0,0.0,0.0,0.0,0.0,0.0,0.0,0.0,0.0,0.0,0.0,0.0,0.0,0.0,0.0,0.0,0.0,0.0,0.3649520835492529,0.0,0.0,0.0,0.0,0.0,0.0,0.0,0.0,0.0,0.0,0.0,0.19991777397504376,0.0,0.0,0.0,0.0,0.0,0.0,0.0,0.0,0.0,0.0,0.0,0.0,0.0,0.0,0.0,0.0,0.22970092674445874,0.0,0.0,0.0,0.0,0.0,0.0,0.0,0.0,0.0,0.0,0.0,0.0,0.0,0.0,0.0,0.0,0.0,0.0,0.0,0.0,0.0,0.0,0.0,0.0,0.0,0.0,0.0
1f80be7f5556f97ce097e588b184ac44c66b72b05a96d833929818774bbaaaa2,0.0,0.0,0.0,0.0,0.0,0.0,0.0,0.0,0.0,0.0,0.0,0.0,0.10704290107013198,0.0,0.0,0.0,0.0,0.20975547727762958,0.0,0.0,0.0,0.0,0.0,0.36908146311283657,0.0,0.0,0.0,0.0,0.0,0.43414587100728724,0.0,0.0,0.0,0.0,0.0,0.0,0.0,0.0,0.0,0.0,0.0,0.0,0.19627981003410225,0.18554241729616242,0.0,0.0,0.0,0.22327936968164616,0.0,0.0,0.0,0.0,0.0,0.0,0.0,0.0,0.0,0.0,0.0,0.0,0.0,0.0,0.0,0.0,0.0,0.0,0.0,0.0,0.0,0.0,0.0,0.0,0.0,0.0,0.0,0.10176425313608714,0.2172586219252369,0.1731627658776405,0.0,0.0931063685735978,0.0,0.0,0.0,0.0,0.0,0.0,0.0,0.0,0.0,0.0,0.0,0.0,0.0,0.0,0.0,0.0,0.0,0.0,0.0,0.13102711870843384,0.0,0.0,0.143744903555566,0.0,0.0,0.0,0.0,0.0,0.0,0.0,0.0,0.0,0.0,0.0,0.0,0.0,0.13375028275865228,0.0,0.0,0.12073268163554855,0.14394310970845198,0.0,0.0,0.0,0.16917293416211548,0.0,0.0,0.0,0.2978202062627876,0.0,0.0,0.0,0.0,0.0,0.0,0.0,0.0,0.0,0.0,0.0,0.0,0.0,0.20695195309502787,0.0,0.0,0.0,0.0,0.0,0.3868624358777184,0.0,0.0,0.0,0.0,0.0,0.0,0.0,0.0,0.0,0.0,0.0,0.0
1ffd6559d21470c40dcf9236da51e5823d7ad58c93502279871c3fe7718c901c,0.0,0.0,0.0,0.0,0.0,0.0,0.0,0.0,0.0,0.0,0.24242331146910825,0.0,0.15790657116406798,0.0,0.0,0.0,0.0,0.0,0.0,0.0,0.0,0.23077078780304375,0.0,0.0,0.0,0.0,0.0,0.0,0.0,0.0,0.0,0.0,0.0,0.0,0.0,0.0,0.0,0.0,0.0,0.0,0.0,0.0,0.0,0.27370677203090815,0.0,0.0,0.0,0.0,0.0,0.0,0.0,0.0,0.0,0.0,0.0,0.0,0.0,0.0,0.30528949591465504,0.0,0.0,0.0,0.0,0.0,0.0,0.0,0.0,0.25850888168930425,0.0,0.0,0.0,0.0,0.0,0.0,0.0,0.15011966341666677,0.0,0.0,0.0,0.13734780417958115,0.0,0.0,0.0,0.0,0.0,0.0,0.0,0.0,0.0,0.0,0.0,0.0,0.0,0.0,0.0,0.0,0.0,0.0,0.0,0.0,0.0,0.0,0.0,0.0,0.0,0.0,0.0,0.0,0.0,0.0,0.0,0.0,0.0,0.0,0.0,0.0,0.0,0.0,0.2009429198806692,0.17810133688381552,0.21234068461824523,0.0,0.0,0.0,0.0,0.0,0.0,0.0,0.0,0.0,0.0,0.0,0.0,0.22669836151488712,0.0,0.0,0.0,0.4975375415385843,0.0,0.0,0.0,0.0,0.0,0.0,0.0,0.0,0.3381168431968252,0.0,0.0,0.0,0.0,0.0,0.0,0.0,0.23717416974468591,0.0,0.0,0.0,0.0,0.0,0.0
3d7cf20ca6476e14e0a026f9bdd8ff1f26995cdc5854c3adb41a6135ef11ba83,0.0,0.0,0.0,0.0,0.0,0.6208095468242741,0.0,0.0,0.0,0.0,0.3425597032527489,0.0,0.2231321230281732,0.0,0.0,0.0,0.0,0.0,0.0,0.0,0.0,0.0,0.0,0.0,0.0,0.0,0.0,0.0,0.0,0.0,0.0,0.0,0.0,0.0,0.3652896467053355,0.0,0.0,0.0,0.0,0.0,0.0,0.0,0.0,0.0,0.0,0.0,0.0,0.0,0.0,0.0,0.0,0.0,0.0,0.0,0.0,0.0,0.0,0.0,0.0,0.0,0.0,0.0,0.0,0.0,0.0,0.0,0.0,0.0,0.0,0.0,0.0,0.0,0.0,0.0,0.0,0.0,0.0,0.0,0.0,0.0,0.0,0.0,0.0,0.0,0.0,0.0,0.0,0.0,0.0,0.0,0.0,0.0,0.0,0.0,0.0,0.0,0.0,0.0,0.0,0.2731274926164636,0.0,0.0,0.0,0.0,0.0,0.0,0.0,0.0,0.0,0.0,0.0,0.0,0.0,0.0,0.0,0.0,0.0,0.0,0.0,0.0,0.0,0.0,0.0,0.0,0.0,0.0,0.0,0.0,0.0,0.0,0.0,0.0,0.0,0.0,0.0,0.0,0.0,0.0,0.0,0.0,0.0,0.0,0.4313936580312411,0.0,0.0,0.23092156796091498,0.0,0.0,0.0,0.0,0.0,0.0,0.0,0.0,0.0,0.0,0.0,0.0,0.0,0.0,0.0
3d87eae0bb5ada94d67ea6faa486c6c3531dae62fc06f24877609c9dbba25ee2,0.0,0.0,0.0,0.0,0.0,0.0,0.0,0.0,0.0,0.0,0.0,0.35712154131494095,0.13283704968017776,0.44867682690263627,0.0,0.0,0.0,0.0,0.0,0.0,0.0,0.0,0.0,0.4580190947873394,0.0,0.0,0.0,0.0,0.0,0.0,0.0,0.0,0.0,0.0,0.2174675626643165,0.0,0.0,0.0,0.0,0.0,0.0,0.0,0.0,0.0,0.0,0.0,0.0,0.0,0.0,0.0,0.0,0.0,0.0,0.0,0.0,0.0,0.0,0.0,0.0,0.0,0.0,0.0,0.0,0.0,0.0,0.0,0.0,0.0,0.0,0.0,0.0,0.0,0.0,0.0,0.0,0.12628640493074714,0.0,0.0,0.0,0.11554222824780083,0.0,0.0,0.0,0.0,0.0,0.0,0.0,0.0,0.27708304265340516,0.0,0.0,0.0,0.0,0.0,0.0,0.0,0.0,0.0,0.0,0.1626007488896369,0.0,0.0,0.17838314081540743,0.0,0.0,0.0,0.21238137528815493,0.0,0.0,0.0,0.0,0.0,0.0,0.0,0.0,0.0,0.16598011430863968,0.15351565655605806,0.16904087293070433,0.1498256593207884,0.0,0.0,0.0,0.0,0.0,0.0,0.0,0.0,0.0,0.0,0.0,0.0,0.0,0.0,0.0,0.0,0.0,0.0,0.0,0.0,0.0,0.0,0.25682120532853137,0.0,0.0,0.13747433305053758,0.0,0.0,0.0,0.0,0.0,0.0,0.0,0.0,0.0,0.0,0.0,0.0,0.0,0.0,0.0
3d94c4a92382c5c45062d8ea0517be4011be8ba42e9c9a614a99327d0ebdf05b,0.0,0.0,0.0,0.0,0.0,0.0,0.0,0.0,0.0,0.0,0.0,0.0,0.33991296901689116,0.0,0.0,0.0,0.0,0.0,0.0,0.0,0.0,0.0,0.0,0.0,0.0,0.0,0.0,0.0,0.0,0.0,0.0,0.0,0.0,0.0,0.0,0.0,0.0,0.0,0.0,0.0,0.0,0.0,0.6232833034210367,0.0,0.0,0.0,0.0,0.0,0.0,0.0,0.0,0.0,0.0,0.0,0.0,0.0,0.0,0.0,0.0,0.0,0.0,0.0,0.0,0.0,0.0,0.0,0.0,0.0,0.0,0.0,0.0,0.0,0.0,0.0,0.0,0.32315070945817004,0.0,0.0,0.0,0.2956577396524178,0.0,0.0,0.0,0.0,0.0,0.0,0.0,0.0,0.0,0.0,0.0,0.0,0.0,0.0,0.0,0.0,0.0,0.0,0.0,0.0,0.0,0.0,0.0,0.0,0.0,0.0,0.0,0.0,0.0,0.0,0.0,0.0,0.0,0.0,0.0,0.0,0.42472181961469463,0.0,0.0,0.0,0.0,0.0,0.0,0.0,0.0,0.0,0.0,0.0,0.0,0.0,0.0,0.0,0.0,0.0,0.0,0.0,0.0,0.0,0.0,0.0,0.0,0.0,0.0,0.0,0.0,0.35177918226377325,0.0,0.0,0.0,0.0,0.0,0.0,0.0,0.0,0.0,0.0,0.0,0.0,0.0,0.0,0.0
aa8b65b91dabd75e184fef4367d05df97aae8da466c1896b2ca60f601a8b9681,0.0,0.22475260050746637,0.0,0.0,0.0,0.0,0.0,0.0,0.0,0.0,0.16114331708875118,0.28218566580358045,0.10496345633299942,0.0,0.0,0.0,0.0,0.0,0.0,0.0,0.0,0.15339766629046114,0.0,0.0,0.0,0.0,0.0,0.0,0.0,0.0,0.0,0.0,0.0,0.0,0.0,0.0,0.0,0.0,0.0,0.0,0.0,0.30340450942033426,0.0,0.1819380194397499,0.20383666476146997,0.0,0.0,0.0,0.0,0.0,0.0,0.0,0.0,0.0,0.0,0.29355550592185586,0.3234617863086512,0.0,0.0,0.0,0.0,0.0,0.0,0.0,0.0,0.0,0.0,0.0,0.0,0.0,0.0,0.0,0.0,0.0,0.0,0.09978735286062265,0.0,0.0,0.0,0.09129765873680962,0.0,0.0,0.0,0.0,0.0,0.0,0.0,0.0,0.0,0.0,0.0,0.0,0.0,0.0,0.0,0.0,0.0,0.0,0.0,0.12848174998527692,0.0,0.0,0.14095247565796623,0.0,0.0,0.0,0.16781675944077457,0.0,0.0,0.0,0.0,0.0,0.0,0.3051818957348341,0.0,0.0,0.1311520131042242,0.1213030096057458,0.1335705236383442,0.11838729546872134,0.14114683140379705,0.0,0.0,0.0,0.16588653437201448,0.0,0.19054091985341448,0.0,0.0,0.0,0.0,0.0,0.0,0.0,0.0,0.0,0.0,0.0,0.0,0.0,0.0,0.0,0.20293164772773586,0.0,0.0,0.10862768473705092,0.22475260050746637,0.0,0.0,0.0,0.0,0.0,0.0,0.0,0.15765411423851222,0.0,0.0,0.0,0.0,0.0,0.0
3f1f90e9c92d2bfafb6702b4b5019ffd7a8f11618c1fa2e3939ab84dc6fffb4d,0.0,0.22475260050746637,0.0,0.0,0.0,0.0,0.0,0.0,0.0,0.0,0.16114331708875118,0.28218566580358045,0.10496345633299942,0.0,0.0,0.0,0.0,0.0,0.0,0.0,0.0,0.15339766629046114,0.0,0.0,0.0,0.0,0.0,0.0,0.0,0.0,0.0,0.0,0.0,0.0,0.0,0.0,0.0,0.0,0.0,0.0,0.0,0.30340450942033426,0.0,0.1819380194397499,0.20383666476146997,0.0,0.0,0.0,0.0,0.0,0.0,0.0,0.0,0.0,0.0,0.29355550592185586,0.3234617863086512,0.0,0.0,0.0,0.0,0.0,0.0,0.0,0.0,0.0,0.0,0.0,0.0,0.0,0.0,0.0,0.0,0.0,0.0,0.09978735286062265,0.0,0.0,0.0,0.09129765873680962,0.0,0.0,0.0,0.0,0.0,0.0,0.0,0.0,0.0,0.0,0.0,0.0,0.0,0.0,0.0,0.0,0.0,0.0,0.0,0.12848174998527692,0.0,0.0,0.14095247565796623,0.0,0.0,0.0,0.16781675944077457,0.0,0.0,0.0,0.0,0.0,0.0,0.3051818957348341,0.0,0.0,0.1311520131042242,0.1213030096057458,0.1335705236383442,0.11838729546872134,0.14114683140379705,0.0,0.0,0.0,0.16588653437201448,0.0,0.19054091985341448,0.0,0.0,0.0,0.0,0.0,0.0,0.0,0.0,0.0,0.0,0.0,0.0,0.0,0.0,0.0,0.20293164772773586,0.0,0.0,0.10862768473705092,0.22475260050746637,0.0,0.0,0.0,0.0,0.0,0.0,0.0,0.15765411423851222,0.0,0.0,0.0,0.0,0.0,0.0
9e6a8bc9feb9473a0200a3dddd620680e887f12e1eea7bc8241199ceff634823,0.0,0.0,0.0,0.0,0.0,0.0,0.0,0.0,0.0,0.0,0.21006602217618742,0.0,0.1368300972332182,0.0,0.0,0.0,0.0,0.0,0.0,0.0,0.0,0.19996881130974822,0.0,0.0,0.0,0.0,0.0,0.45341693727727644,0.0,0.0,0.0,0.0,0.0,0.0,0.22400458167409654,0.0,0.0,0.0,0.0,0.0,0.0,0.0,0.0,0.23717394377126205,0.0,0.0,0.0,0.28541208766095383,0.0,0.0,0.0,0.0,0.0,0.0,0.0,0.0,0.0,0.0,0.26454118471662386,0.0,0.0,0.0,0.0,0.0,0.26454118471662386,0.0,0.0,0.0,0.0,0.0,0.0,0.0,0.0,0.0,0.0,0.130082541787182,0.0,0.0,0.0,0.11901539791611639,0.0,0.0,0.0,0.0,0.0,0.0,0.0,0.0,0.0,0.0,0.0,0.0,0.0,0.0,0.0,0.0,0.0,0.0,0.0,0.0,0.0,0.0,0.18374529215535038,0.0,0.0,0.0,0.21876550481337032,0.0,0.0,0.0,0.0,0.0,0.0,0.0,0.0,0.0,0.17096943386134866,0.15813029771408157,0.17412219810048857,0.0,0.18399865381596012,0.0,0.0,0.0,0.21624926827669863,0.0,0.0,0.0,0.0,0.0,0.0,0.0,0.0,0.0,0.0,0.0,0.0,0.0,0.0,0.0,0.0,0.0,0.0,0.0,0.0,0.0,0.29298692378508184,0.0,0.0,0.0,0.0,0.0,0.0,0.0,0.0,0.0,0.0,0.0,0.0,0.0,0.0
723e373934071cace27bebd6c8a8e3d72d96f84bf27e39b726cb28d731628ec5,0.0,0.0,0.0,0.0,0.0,0.0,0.0,0.0,0.0,0.0,0.1722587974233762,0.0,0.11220371460620564,0.0,0.0,0.0,0.0,0.0,0.0,0.0,0.0,0.16397886055798325,0.0,0.0,0.0,0.0,0.23585686699411793,0.0,0.0,0.0,0.0,0.0,0.0,0.0,0.0,0.0,0.0,0.0,0.0,0.0,0.0,0.0,0.0,0.19448789438175165,0.21789708302494526,0.0,0.0,0.0,0.0,0.0,0.0,0.0,0.0,0.0,0.0,0.0,0.0,0.0,0.21692963895903436,0.0,0.0,0.0,0.0,0.0,0.21692963895903436,0.0,0.0,0.18368872536722133,0.0,0.0,0.0,0.0,0.0,0.0,0.0,0.10667056948049429,0.0,0.18151138813237347,0.0,0.09759526603831124,0.0,0.0,0.0,0.0,0.0,0.0,0.0,0.0,0.0,0.0,0.0,0.0,0.0,0.0,0.0,0.0,0.0,0.0,0.0,0.0,0.0,0.0,0.0,0.0,0.0,0.0,0.0,0.0,0.0,0.0,0.0,0.4550771599141242,0.0,0.0,0.0,0.0,0.0,0.12967035143637776,0.1427840644516431,0.12655351469782689,0.1508829771969201,0.0,0.0,0.0,0.17732919636944422,0.0,0.2036842129532177,0.0,0.0,0.0,0.0,0.0,0.0,0.16108511551860571,0.0,0.0,0.0,0.35353538427900294,0.0,0.0,0.0,0.0,0.0,0.17335771001561273,0.0,0.11612069726344393,0.2402557759182136,0.0,0.0,0.0,0.0,0.0,0.0,0.0,0.0,0.0,0.0,0.0,0.0,0.0,0.0
2ee076dac5df5fe560093b56afe32431838e041e275b378b69198860cd290d11,0.0,0.0,0.0,0.0,0.0,0.32682985805834425,0.0,0.0,0.0,0.0,0.0,0.0,0.11746958543180602,0.0,0.0,0.0,0.0,0.0,0.0,0.0,0.0,0.0,0.0,0.0,0.0,0.0,0.0,0.0,0.0,0.0,0.0,0.0,0.0,0.0,0.0,0.0,0.0,0.0,0.0,0.0,0.0,0.0,0.0,0.20361547213220052,0.0,0.0,0.0,0.0,0.0,0.0,0.0,0.0,0.0,0.0,0.0,0.0,0.0,0.0,0.0,0.0,0.17039875556938108,0.0,0.0,0.0,0.0,0.0,0.0,0.0,0.0,0.0,0.0,0.0,0.0,0.0,0.0,0.11167676238372325,0.23842104421592722,0.19002996103911776,0.0,0.10217554277827068,0.0,0.0,0.0,0.0,0.0,0.0,0.0,0.0,0.0,0.0,0.0,0.0,0.0,0.0,0.0,0.0,0.0,0.0,0.0,0.0,0.0,0.0,0.15774660495742912,0.0,0.0,0.0,0.0,0.0,0.0,0.0,0.0,0.0,0.0,0.0,0.23614376774427942,0.2687752674165367,0.14677844219442307,0.0,0.0,0.0,0.0,0.0,0.0,0.0,0.18565149340716966,0.0,0.0,0.0,0.0,0.0,0.0,0.0,0.30100348793936643,0.0,0.0,0.0,0.0,0.0,0.424545387946091,0.0,0.0,0.0,0.22711043788366483,0.181493619871788,0.0,0.12157039733900742,0.0,0.0,0.0,0.0,0.0,0.33761203643163934,0.0,0.0,0.0,0.0,0.0,0.0,0.0,0.0,0.0
4d810c1676246e483dcf7152c6281577fcfbea1b9a39035918efc8ef69132b45,0.0,0.0,0.0,0.0,0.0,0.0,0.0,0.0,0.0,0.0,0.0,0.0,0.0,0.0,0.0,0.0,0.0,0.3090954706127476,0.0,0.0,0.0,0.0,0.0,0.0,0.0,0.0,0.0,0.0,0.0,0.0,0.0,0.0,0.0,0.0,0.2582334320954573,0.0,0.0,0.0,0.0,0.0,0.0,0.0,0.2892377402568162,0.27341512859221306,0.0,0.0,0.0,0.0,0.0,0.0,0.0,0.0,0.0,0.0,0.0,0.0,0.0,0.0,0.0,0.0,0.0,0.0,0.0,0.0,0.0,0.0,0.0,0.0,0.0,0.0,0.0,0.0,0.0,0.0,0.0,0.14995970604867867,0.0,0.0,0.0,0.13720145564165157,0.0,0.0,0.0,0.0,0.0,0.0,0.0,0.0,0.32902426551903197,0.0,0.0,0.0,0.0,0.0,0.0,0.0,0.0,0.0,0.0,0.19308143675604994,0.0,0.0,0.0,0.0,0.0,0.0,0.0,0.0,0.0,0.0,0.0,0.0,0.0,0.0,0.0,0.0,0.19709428869480478,0.0,0.20072880868531737,0.1779115641356311,0.0,0.0,0.0,0.0,0.0,0.0,0.0,0.0,0.0,0.0,0.0,0.0,0.0,0.22645680706152754,0.0,0.0,0.0,0.0,0.0,0.0,0.0,0.0,0.0,0.0,0.0,0.16324489231284986,0.3377565687392407,0.36548327924873586,0.0,0.0,0.0,0.0,0.0,0.0,0.23692145297805006,0.0,0.0,0.0,0.0,0.0,0.0
241589089e32610bf1d0620cec1d1b6905b0426d3125e7047bb275d962f226cf,0.0,0.0,0.0,0.0,0.0,0.0,0.0,0.0,0.0,0.0,0.0,0.0,0.302662746488984,0.0,0.0,0.0,0.0,0.593081542160008,0.0,0.0,0.0,0.0,0.0,0.0,0.0,0.0,0.0,0.0,0.0,0.0,0.0,0.0,0.0,0.0,0.0,0.0,0.0,0.0,0.0,0.0,0.0,0.0,0.0,0.0,0.0,0.0,0.0,0.0,0.0,0.0,0.0,0.0,0.0,0.0,0.0,0.0,0.0,0.0,0.0,0.0,0.0,0.0,0.0,0.0,0.0,0.0,0.0,0.0,0.0,0.0,0.0,0.0,0.0,0.0,0.0,0.28773742154455195,0.0,0.0,0.0,0.0,0.0,0.0,0.0,0.0,0.0,0.0,0.0,0.0,0.0,0.0,0.0,0.0,0.0,0.0,0.0,0.0,0.0,0.0,0.0,0.0,0.0,0.0,0.40643729634548553,0.0,0.0,0.0,0.0,0.0,0.0,0.0,0.0,0.0,0.0,0.0,0.0,0.0,0.37817760466795974,0.0,0.0,0.0,0.40699772228689557,0.0,0.0,0.0,0.0,0.0,0.0,0.0,0.0,0.0,0.0,0.0,0.0,0.0,0.0,0.0,0.0,0.0,0.0,0.0,0.0,0.0,0.0,0.0,0.0,0.0,0.0,0.0,0.0,0.0,0.0,0.0,0.0,0.0,0.0,0.0,0.0,0.0,0.0,0.0,0.0
4f8830dd18dd4c4414a876206b03d02b244a9b62caeb9f7642bd78affa438130,0.0,0.0,0.0,0.0,0.0,0.0,0.0,0.0,0.0,0.0,0.0,0.0,0.0,0.0,0.0,0.0,0.0,0.0,0.0,0.0,0.0,0.0,0.0,0.0,0.0,0.0,0.0,0.0,0.0,0.0,0.0,0.0,0.0,0.0,0.0,0.0,0.0,0.0,0.0,0.0,0.0,0.0,0.0,0.0,0.0,0.0,0.0,0.5129571418398877,0.0,0.0,0.0,0.0,0.0,0.0,0.0,0.0,0.0,0.0,0.0,0.0,0.0,0.0,0.0,0.0,0.475446891977384,0.0,0.0,0.4025924441962727,0.0,0.0,0.0,0.0,0.0,0.0,0.0,0.2337909700505978,0.0,0.0,0.0,0.0,0.0,0.0,0.0,0.0,0.0,0.0,0.0,0.0,0.0,0.0,0.0,0.0,0.0,0.0,0.0,0.0,0.0,0.0,0.0,0.30101883757565423,0.0,0.0,0.33023639840548397,0.0,0.0,0.0,0.0,0.0,0.0,0.0,0.0,0.0,0.0,0.0,0.0,0.0,0.30727497512187196,0.0,0.0,0.0,0.0,0.0,0.0,0.0,0.0,0.0,0.0,0.0,0.0,0.0,0.0,0.0,0.0,0.0,0.0,0.0,0.0,0.0,0.0,0.0,0.0,0.0,0.0,0.0,0.0,0.0,0.0,0.0,0.0,0.0,0.0,0.0,0.0,0.0,0.0,0.0,0.0,0.0,0.0,0.0,0.0
2f569e9b69fc4f9fa6bdf174136418488acf726271019cffc60cddfc03f7c47d,0.0,0.0,0.0,0.0,0.0,0.0,0.0,0.0,0.0,0.0,0.0,0.0,0.15488751027411846,0.0,0.0,0.0,0.0,0.0,0.0,0.0,0.4378122829464027,0.0,0.0,0.0,0.0,0.0,0.0,0.0,0.0,0.0,0.0,0.0,0.0,0.0,0.0,0.0,0.0,0.0,0.0,0.0,0.0,0.44771362064305037,0.2840103434168028,0.2684736939856996,0.0,0.0,0.0,0.0,0.0,0.0,0.0,0.0,0.0,0.0,0.0,0.0,0.0,0.0,0.0,0.0,0.0,0.0,0.0,0.0,0.0,0.0,0.0,0.0,0.0,0.0,0.0,0.0,0.0,0.0,0.0,0.14724948264272839,0.0,0.0,0.0,0.1347218122347103,0.0,0.0,0.0,0.0,0.0,0.0,0.0,0.0,0.0,0.0,0.0,0.0,0.0,0.0,0.0,0.0,0.0,0.0,0.0,0.18959187383985635,0.0,0.0,0.0,0.0,0.0,0.0,0.0,0.0,0.0,0.0,0.0,0.0,0.0,0.0,0.0,0.0,0.19353220146167568,0.0,0.19710103473268722,0.17469616649305975,0.0,0.0,0.0,0.0,0.0,0.0,0.2811684152988141,0.0,0.0,0.0,0.0,0.0,0.0,0.0,0.0,0.0,0.0,0.0,0.0,0.0,0.0,0.0,0.29945257873993725,0.0,0.0,0.1602945655903868,0.0,0.0,0.0,0.0,0.0,0.0,0.0,0.0,0.23263956896965896,0.0,0.0,0.0,0.0,0.0,0.0
8e39804f909ddfb3acb1f5765256ff6c7f73506eec614201aaaabffa823ef555,0.0,0.0,0.0,0.0,0.0,0.0,0.0,0.0,0.0,0.0,0.35252555152739756,0.0,0.22962354879186933,0.0,0.0,0.0,0.0,0.0,0.0,0.0,0.0,0.33558076058641206,0.0,0.0,0.0,0.0,0.0,0.0,0.0,0.0,0.0,0.0,0.0,0.0,0.375916761222303,0.0,0.0,0.0,0.0,0.0,0.0,0.0,0.0,0.0,0.0,0.0,0.0,0.0,0.0,0.0,0.0,0.0,0.0,0.0,0.0,0.0,0.0,0.0,0.0,0.0,0.0,0.0,0.0,0.0,0.44394389001054935,0.0,0.0,0.0,0.0,0.0,0.0,0.0,0.0,0.0,0.0,0.21830003402049647,0.0,0.0,0.0,0.1997275349720391,0.0,0.0,0.0,0.0,0.0,0.0,0.0,0.0,0.0,0.0,0.0,0.0,0.0,0.0,0.0,0.0,0.0,0.0,0.0,0.0,0.0,0.0,0.0,0.0,0.0,0.0,0.0,0.0,0.0,0.0,0.0,0.0,0.0,0.0,0.0,0.0,0.2869150057773172,0.26536881042139,0.0,0.0,0.0,0.0,0.0,0.0,0.36290206182273765,0.0,0.0,0.0,0.0,0.0,0.0,0.0,0.0,0.0,0.0,0.0,0.0,0.0,0.0,0.0,0.0,0.0,0.0,0.0,0.0,0.0,0.0,0.0,0.0,0.0,0.0,0.0,0.0,0.0,0.0,0.0,0.0,0.0,0.0,0.0,0.0
8d5cb428742bb5595880a0bc104dfff1099a0a1deaab8c7260495bdc5550ae9c,0.0,0.0,0.0,0.0,0.0,0.0,0.0,0.0,0.0,0.0,0.0,0.0,0.202183077882877,0.0,0.0,0.0,0.0,0.0,0.0,0.0,0.0,0.0,0.0,0.0,0.0,0.0,0.0,0.0,0.0,0.0,0.0,0.0,0.0,0.0,0.0,0.0,0.0,0.0,0.0,0.0,0.0,0.0,0.0,0.0,0.0,0.0,0.0,0.0,0.0,0.0,0.0,0.0,0.0,0.0,0.0,0.0,0.0,0.0,0.0,0.0,0.0,0.0,0.0,0.0,0.0,0.0,0.0,0.0,0.0,0.0,0.0,0.0,0.0,0.0,0.0,0.1922127456544368,0.0,0.0,0.0,0.17585969719163522,0.0,0.0,0.0,0.0,0.0,0.0,0.0,0.0,0.0,0.0,0.0,0.0,0.0,0.0,0.0,0.0,0.0,0.0,0.0,0.24748456816617542,0.0,0.0,0.27150597321535963,0.0,0.0,0.0,0.0,0.0,0.0,0.0,0.0,0.0,0.0,0.0,0.0,0.0,0.25262809177912793,0.0,0.0,0.2280403924977312,0.0,0.0,0.0,0.0,0.0,0.0,0.0,0.0,0.0,0.0,0.0,0.0,0.0,0.0,0.0,0.0,0.0,0.0,0.0,0.0,0.0,0.0,0.0,0.31237820876694333,0.0,0.20924120080183503,0.4329237443231372,0.46846280541776075,0.0,0.0,0.0,0.0,0.0,0.0,0.3036770622007417,0.0,0.0,0.0,0.0,0.0,0.0
76db21bf9e0085a6de539f60ad224b4e0dcbb1d74a69ab2efff33d1389d4fc8a,0.0,0.0,0.0,0.0,0.0,0.0,0.0,0.0,0.0,0.0,0.0,0.0,0.23481296801282567,0.0,0.0,0.0,0.0,0.0,0.0,0.0,0.0,0.0,0.0,0.0,0.0,0.0,0.0,0.0,0.0,0.0,0.0,0.0,0.0,0.0,0.0,0.0,0.0,0.0,0.0,0.0,0.0,0.0,0.0,0.0,0.0,0.0,0.0,0.0,0.0,0.0,0.0,0.0,0.0,0.0,0.0,0.0,0.0,0.0,0.0,0.0,0.0,0.0,0.0,0.0,0.45397688082515886,0.0,0.0,0.3844123605475049,0.0,0.0,0.0,0.0,0.0,0.0,0.0,0.2232335454065965,0.0,0.0,0.0,0.20424131378258079,0.0,0.0,0.0,0.0,0.0,0.0,0.0,0.0,0.0,0.0,0.0,0.0,0.0,0.0,0.0,0.0,0.0,0.0,0.0,0.2874255679406378,0.0,0.0,0.3153237356532924,0.0,0.0,0.0,0.0,0.0,0.0,0.0,0.0,0.0,0.0,0.0,0.0,0.0,0.29339919371707923,0.0,0.0,0.0,0.3157585274477251,0.0,0.0,0.0,0.0,0.0,0.0,0.0,0.0,0.0,0.0,0.0,0.0,0.0,0.0,0.0,0.0,0.0,0.0,0.0,0.0,0.0,0.0,0.3627922529974905,0.0,0.0,0.0,0.0,0.0,0.0,0.0,0.0,0.0,0.0,0.0,0.0,0.0,0.0,0.0,0.0,0.0
5381012741146f663e9aeffcdffa5db1da8f47c3a6cc7d3aa1143bc422d0c8db,0.0,0.0,0.0,0.0,0.0,0.0,0.31333511715951795,0.0,0.0,0.0,0.0,0.0,0.11762890751635062,0.0,0.0,0.0,0.30391671341822796,0.0,0.0,0.0,0.0,0.0,0.0,0.0,0.0,0.31053288295341214,0.0,0.0,0.0,0.0,0.0,0.0,0.0,0.0,0.0,0.0,0.0,0.0,0.0,0.0,0.0,0.0,0.0,0.0,0.0,0.0,0.0,0.0,0.0,0.2867536603496844,0.0,0.0,0.0,0.0,0.0,0.0,0.0,0.0,0.0,0.0,0.1706298646248981,0.31192212561412536,0.0,0.0,0.0,0.0,0.0,0.0,0.0,0.0,0.0,0.0,0.0,0.0,0.0,0.11182822775676224,0.0,0.0,0.0,0.0,0.0,0.0,0.0,0.0,0.0,0.0,0.0,0.0,0.24536058032829092,0.0,0.0,0.0,0.0,0.0,0.0,0.0,0.0,0.0,0.0,0.14398504407676976,0.0,0.0,0.15796055410723897,0.0,0.0,0.0,0.0,0.0,0.0,0.0,0.0,0.0,0.0,0.0,0.23646404568848886,0.2691398029320186,0.14697751540380458,0.13594007854601603,0.14968785633467846,0.13267253877026702,0.1581783618552906,0.0,0.0,0.0,0.0,0.0,0.0,0.0,0.0,0.0,0.0,0.0,0.30141173406518196,0.0,0.0,0.0,0.0,0.0,0.0,0.0,0.0,0.0,0.0,0.18173977671096664,0.0,0.12173528128791868,0.0,0.0,0.0,0.0,0.0,0.0,0.0,0.0,0.0,0.0,0.0,0.0,0.0,0.0,0.0
ac5a5556c63a939d8b7f819abed37f562e07a53d4cc774676a7145fff7b5145c,0.0,0.0,0.0,0.0,0.0,0.0,0.0,0.0,0.0,0.0,0.23835853332208604,0.0,0.15525890838011702,0.0,0.0,0.0,0.0,0.0,0.0,0.0,0.0,0.22690139071598825,0.0,0.0,0.0,0.0,0.0,0.5144848987627239,0.0,0.0,0.0,0.0,0.0,0.0,0.0,0.0,0.0,0.0,0.0,0.0,0.0,0.0,0.0,0.2691174555212828,0.0,0.0,0.0,0.3238525007637878,0.0,0.0,0.0,0.0,0.0,0.0,0.0,0.0,0.0,0.0,0.0,0.0,0.0,0.0,0.0,0.0,0.0,0.0,0.0,0.0,0.0,0.0,0.0,0.0,0.0,0.0,0.0,0.14760256585044468,0.3151197897203931,0.2511615598369273,0.0,0.13504485587981835,0.0,0.0,0.0,0.0,0.0,0.0,0.0,0.0,0.0,0.0,0.0,0.0,0.0,0.0,0.0,0.0,0.0,0.0,0.0,0.0,0.0,0.0,0.2084928247284737,0.0,0.0,0.0,0.0,0.0,0.0,0.0,0.0,0.0,0.0,0.0,0.0,0.0,0.19399626401226733,0.17942790293472763,0.0,0.0,0.0,0.0,0.0,0.0,0.2453745631227133,0.0,0.0,0.0,0.0,0.0,0.0,0.0,0.0,0.2228972479162517,0.0,0.0,0.0,0.0,0.0,0.0,0.0,0.0,0.0,0.0,0.0,0.0,0.0,0.0,0.0,0.0,0.0,0.0,0.0,0.0,0.0,0.0,0.0,0.0,0.0,0.0,0.0
04fdb3ba76452feea3b4bc18bcf9cd9f2255198d0d46447547e7a19942f563c2,0.0,0.0,0.0,0.0,0.0,0.0,0.0,0.0,0.0,0.0,0.0,0.0,0.16495474216727918,0.0,0.0,0.0,0.0,0.0,0.0,0.0,0.0,0.0,0.0,0.0,0.0,0.0,0.0,0.0,0.0,0.0,0.0,0.0,0.0,0.0,0.0,0.0,0.0,0.0,0.0,0.0,0.0,0.0,0.30247017908833623,0.2859236932127783,0.0,0.0,0.0,0.0,0.0,0.0,0.0,0.0,0.4740861748803988,0.0,0.0,0.0,0.0,0.0,0.0,0.0,0.0,0.0,0.0,0.0,0.0,0.0,0.0,0.27004744395788777,0.0,0.0,0.0,0.0,0.0,0.0,0.0,0.0,0.0,0.2668464616780579,0.0,0.14347833316033795,0.0,0.0,0.0,0.0,0.0,0.0,0.0,0.0,0.0,0.0,0.0,0.0,0.0,0.0,0.0,0.0,0.0,0.0,0.0,0.0,0.0,0.0,0.2215130874333614,0.0,0.0,0.0,0.0,0.0,0.0,0.0,0.0,0.0,0.0,0.0,0.0,0.0,0.20611122444074254,0.0,0.20991202136113882,0.1860509026872132,0.0,0.0,0.0,0.0,0.0,0.0,0.29944353401455903,0.0,0.0,0.0,0.0,0.0,0.0,0.23681705895936878,0.0,0.0,0.0,0.0,0.0,0.0,0.0,0.0,0.0,0.25485944434814445,0.0,0.170713240150756,0.0,0.0,0.0,0.0,0.0,0.0,0.0,0.0,0.0,0.0,0.0,0.0,0.0,0.0,0.0
b45c9de845522095bbfa55166b519b2be36a08cea688491b9f339e862e79c3ba,0.0,0.0,0.0,0.0,0.0,0.0,0.0,0.0,0.0,0.0,0.12564207962769047,0.0,0.08183911797797365,0.0,0.0,0.0,0.0,0.0,0.0,0.0,0.23133027971619355,0.0,0.2687445680875419,0.0,0.0,0.0,0.0,0.0,0.0,0.0,0.0,0.0,0.0,0.0,0.0,0.0,0.0,0.0,0.3396032524614999,0.0,0.0,0.23656192649301644,0.1500647531922814,0.14185553294253903,0.0,0.0,0.0,0.0,0.0,0.0,0.0,0.0,0.23520872384752464,0.0,0.0,0.0,0.0,0.0,0.0,0.0,0.0,0.0,0.0,0.0,0.0,0.0,0.0,0.13397883768208332,0.0,0.0,0.0,0.0,0.0,0.0,0.0,0.07780335393645682,0.0,0.0,0.0,0.07118401132647828,0.0,0.3136102845054947,0.0,0.0,0.0,0.0,0.0,0.0,0.17070713232493392,0.0,0.0,0.0,0.0,0.0,0.0,0.0,0.0,0.0,0.0,0.0,0.0,0.0,0.1098994515582957,0.0,0.0,0.0,0.0,0.0,0.0,0.0,0.0,0.0,0.0,0.0,0.0,0.0,0.10225811390426642,0.0,0.10414380608559937,0.09230557166696386,0.0,0.0,0.0,0.0,0.0,0.0,0.14856314153798222,0.0,0.0,0.0,0.0,0.0,0.0,0.11749222224674523,0.0,0.34846822051169646,0.0,0.2578615523108303,0.0,0.0,0.0,0.0,0.0,0.12644360422604414,0.0,0.08469608583263388,0.17523769920869284,0.1896231039824503,0.0,0.0,0.0,0.23520872384752464,0.0,0.0,0.12292157771506419,0.0,0.0,0.0,0.0,0.0,0.0
533a0d5026212d29ed28f290f42b5bcd80027c32b1fcb2613e588e5613527101,0.0,0.0,0.0,0.0,0.0,0.0,0.0,0.0,0.0,0.0,0.27358714091790054,0.0,0.17820566460841963,0.0,0.0,0.0,0.0,0.0,0.0,0.0,0.0,0.26043667030120404,0.0,0.0,0.0,0.0,0.0,0.0,0.0,0.0,0.0,0.0,0.0,0.0,0.0,0.0,0.0,0.0,0.0,0.0,0.0,0.0,0.0,0.0,0.0,0.0,0.0,0.0,0.0,0.0,0.0,0.0,0.0,0.0,0.0,0.0,0.0,0.0,0.0,0.0,0.0,0.0,0.0,0.0,0.344534854479953,0.0,0.0,0.0,0.0,0.0,0.0,0.0,0.0,0.0,0.0,0.16941773982390723,0.0,0.0,0.0,0.15500404160443793,0.0,0.0,0.0,0.0,0.0,0.0,0.0,0.0,0.0,0.0,0.0,0.0,0.0,0.0,0.0,0.0,0.0,0.0,0.0,0.21813473418348897,0.0,0.0,0.2393073787808658,0.0,0.4064833703327174,0.0,0.0,0.0,0.0,0.0,0.0,0.0,0.0,0.0,0.0,0.0,0.0,0.20594675710004529,0.0,0.0,0.0,0.0,0.0,0.0,0.2816401168571116,0.0,0.0,0.0,0.0,0.0,0.0,0.0,0.0,0.0,0.0,0.0,0.0,0.0,0.0,0.0,0.0,0.0,0.0,0.0,0.0,0.0,0.0,0.0,0.0,0.0,0.0,0.5121698277128012,0.0,0.0,0.0,0.0,0.0,0.0,0.0,0.0,0.0
da5bb95145c972315ba0f1cc0c47cb4c6831f244b0532cdb95d1abaa6118ca50,0.0,0.0,0.0,0.0,0.0,0.0,0.0,0.0,0.0,0.0,0.22316980710662257,0.0,0.14536547171967748,0.0,0.0,0.0,0.0,0.0,0.0,0.0,0.0,0.21244273864484078,0.0,0.0,0.0,0.0,0.0,0.0,0.0,0.0,0.0,0.0,0.0,0.0,0.0,0.0,0.0,0.0,0.0,0.0,0.0,0.0,0.0,0.25196870361907353,0.0,0.0,0.0,0.30321591226100664,0.0,0.0,0.0,0.0,0.0,0.0,0.0,0.0,0.0,0.0,0.0,0.0,0.0,0.0,0.0,0.0,0.0,0.0,0.0,0.0,0.0,0.0,0.0,0.0,0.0,0.0,0.4359357380607618,0.1381970080541441,0.2950396686337697,0.235156996815653,0.0,0.12643950278346575,0.0,0.0,0.0,0.0,0.0,0.0,0.0,0.0,0.0,0.0,0.0,0.0,0.0,0.0,0.0,0.0,0.0,0.0,0.0,0.0,0.0,0.0,0.0,0.0,0.33157558153080213,0.0,0.0,0.0,0.0,0.0,0.0,0.0,0.0,0.0,0.0,0.0,0.18163439846527846,0.0,0.0,0.0,0.0,0.0,0.0,0.0,0.0,0.0,0.0,0.0,0.0,0.0,0.0,0.0,0.0,0.20869374856762346,0.0,0.0,0.0,0.0,0.0,0.0,0.0,0.0,0.0,0.0,0.0,0.0,0.0,0.0,0.0,0.0,0.0,0.4177858698804779,0.0,0.0,0.0,0.0,0.0,0.0,0.0,0.0,0.0
7dfce4f0b796f94bdfe9b151ef14fdad018c8ed02017bf1e26b087f192c4e364,0.0,0.0,0.0,0.0,0.0,0.0,0.0,0.0,0.0,0.0,0.0,0.0,0.19710015294542965,0.0,0.0,0.0,0.0,0.0,0.0,0.0,0.0,0.0,0.0,0.0,0.0,0.0,0.0,0.0,0.0,0.0,0.0,0.0,0.0,0.0,0.32267270287171007,0.0,0.0,0.0,0.0,0.0,0.0,0.0,0.0,0.0,0.0,0.0,0.0,0.0,0.0,0.0,0.0,0.0,0.0,0.0,0.0,0.0,0.0,0.0,0.0,0.0,0.0,0.0,0.0,0.0,0.0,0.0,0.0,0.0,0.0,0.0,0.0,0.0,0.0,0.0,0.0,0.0,0.0,0.0,0.0,0.0,0.0,0.0,0.0,0.0,0.0,0.0,0.0,0.0,0.0,0.0,0.0,0.0,0.0,0.0,0.0,0.0,0.0,0.0,0.0,0.0,0.0,0.0,0.2646802561653812,0.0,0.0,0.0,0.0,0.0,0.0,0.0,0.0,0.0,0.0,0.0,0.0,0.0,0.0,0.0,0.0,0.0,0.0,0.0,0.0,0.0,0.0,0.0,0.0,0.0,0.0,0.0,0.0,0.0,0.0,0.0,0.0,0.0,0.0,0.0,0.7123372453291614,0.0,0.0,0.0,0.38106461240863193,0.3045249551520368,0.0,0.2039808331754544,0.0,0.0,0.0,0.0,0.0,0.0,0.0,0.0,0.0,0.0,0.0,0.0,0.0,0.0,0.0
5b169f05c80d4154ec19e26a4260681f22640d14d4f29131dd0bbecb99abd736,0.0,0.0,0.0,0.0,0.0,0.0,0.0,0.0,0.0,0.0,0.0,0.0,0.0,0.0,0.0,0.0,0.0,0.0,0.0,0.0,0.0,0.0,0.0,0.0,0.0,0.0,0.0,0.0,0.0,0.0,0.0,0.0,0.0,0.0,0.0,0.0,0.0,0.0,0.0,0.0,0.0,0.0,0.0,0.0,0.0,0.0,0.0,0.0,0.0,0.0,0.0,0.0,0.0,0.0,0.0,0.0,0.0,0.0,0.0,0.0,0.0,0.0,0.0,0.0,0.0,0.0,0.0,0.0,0.0,0.0,0.0,0.0,0.0,0.0,0.0,0.0,0.0,0.0,0.0,0.3075417244161311,0.0,0.0,0.0,0.0,0.0,0.0,0.0,0.0,0.7375190701821916,0.0,0.0,0.0,0.0,0.0,0.0,0.0,0.0,0.0,0.0,0.0,0.0,0.0,0.0,0.0,0.0,0.0,0.0,0.0,0.0,0.0,0.0,0.0,0.0,0.0,0.0,0.0,0.0,0.0,0.4499404446867797,0.3987948157835191,0.0,0.0,0.0,0.0,0.0,0.0,0.0,0.0,0.0,0.0,0.0,0.0,0.0,0.0,0.0,0.0,0.0,0.0,0.0,0.0,0.0,0.0,0.0,0.0,0.0,0.0,0.0,0.0,0.0,0.0,0.0,0.0,0.0,0.0,0.0,0.0,0.0,0.0,0.0,0.0,0.0
5cf79e2271db3a5a25c9273f00e0ac0eee696a8c572f41bff84fd629c5651e93,0.0,0.0,0.0,0.0,0.0,0.0,0.31217494092441106,0.0,0.0,0.0,0.0,0.0,0.1171933666031609,0.0,0.0,0.0,0.30279141041498964,0.22964578033542568,0.0,0.0,0.0,0.0,0.0,0.0,0.0,0.309383082464122,0.0,0.0,0.0,0.0,0.0,0.0,0.0,0.0,0.0,0.0,0.0,0.0,0.0,0.0,0.0,0.0,0.0,0.0,0.0,0.0,0.0,0.0,0.0,0.28569190645154646,0.0,0.0,0.0,0.0,0.0,0.0,0.0,0.0,0.0,0.0,0.16999807870912875,0.3107671812190568,0.0,0.0,0.0,0.0,0.0,0.0,0.0,0.0,0.0,0.0,0.0,0.0,0.0,0.11141416484088591,0.0,0.0,0.0,0.0,0.0,0.0,0.0,0.0,0.0,0.0,0.0,0.0,0.24445209130570872,0.0,0.0,0.0,0.0,0.0,0.0,0.0,0.0,0.0,0.0,0.0,0.0,0.0,0.0,0.0,0.0,0.0,0.0,0.0,0.0,0.0,0.0,0.0,0.0,0.0,0.23558849758921419,0.26814326731828425,0.14643330630904247,0.13543673742690562,0.14913361174448406,0.13218129626949682,0.1575926797332346,0.0,0.0,0.0,0.0,0.0,0.0,0.0,0.0,0.0,0.0,0.0,0.30029570617142126,0.0,0.0,0.0,0.0,0.0,0.0,0.0,0.0,0.0,0.0,0.18106685446776222,0.0,0.12128453583172905,0.0,0.0,0.0,0.0,0.0,0.0,0.0,0.0,0.0,0.0,0.0,0.0,0.0,0.0,0.0
5e1a5b16c34ad5789d5d8c704f8dc6b6a2c4cfecd2525630075c37036682465a,0.0,0.0,0.0,0.0,0.0,0.0,0.0,0.0,0.0,0.0,0.16292258638605506,0.0,0.10612241382851469,0.0,0.0,0.0,0.0,0.0,0.0,0.0,0.0,0.15509141172675722,0.0,0.0,0.0,0.0,0.0,0.0,0.0,0.0,0.0,0.0,0.0,0.0,0.0,0.0,0.0,0.0,0.0,0.0,0.0,0.0,0.0,0.18394689413495763,0.0,0.0,0.0,0.0,0.0,0.0,0.0,0.0,0.30499983559135957,0.0,0.0,0.0,0.0,0.0,0.0,0.0,0.0,0.0,0.0,0.0,0.0,0.0,0.0,0.0,0.3620825820429981,0.0,0.0,0.3369910519829249,0.0,0.0,0.0,0.10088915823742489,0.21539036361371644,0.1716736982690459,0.0,0.09230572487346898,0.0,0.0,0.0,0.0,0.0,0.0,0.4821021716685265,0.0,0.0,0.0,0.0,0.0,0.0,0.0,0.0,0.0,0.0,0.0,0.0,0.0,0.0,0.0,0.0,0.0,0.0,0.0,0.16966971377385154,0.0,0.0,0.0,0.0,0.0,0.0,0.0,0.0,0.0,0.13260013242069216,0.12264238082238267,0.13504534701934495,0.11969447273070065,0.14270530883907404,0.0,0.0,0.0,0.16771817606077102,0.0,0.0,0.0,0.0,0.0,0.0,0.0,0.27192755123386037,0.15235450404361311,0.0,0.0,0.0,0.0,0.0,0.0,0.0,0.0,0.0,0.0,0.0,0.0,0.0,0.0,0.0,0.0,0.0,0.0,0.0,0.0,0.0,0.0,0.0,0.0,0.0,0.0,0.0
5e5b5171a95955ecb0fa8f9f1ba66f313165044cc1978a447673c0ac17859170,0.0,0.0,0.0,0.0,0.0,0.0,0.0,0.0,0.0,0.0,0.0,0.0,0.36649533674243584,0.0,0.0,0.0,0.0,0.0,0.0,0.0,0.0,0.0,0.0,0.0,0.0,0.0,0.0,0.0,0.0,0.0,0.0,0.0,0.0,0.0,0.0,0.0,0.0,0.0,0.0,0.0,0.0,0.0,0.0,0.0,0.0,0.0,0.0,0.0,0.0,0.0,0.0,0.0,0.0,0.0,0.0,0.0,0.0,0.0,0.0,0.0,0.0,0.0,0.0,0.0,0.0,0.0,0.0,0.0,0.0,0.0,0.0,0.0,0.0,0.0,0.0,0.3484222106145759,0.0,0.0,0.0,0.0,0.0,0.0,0.0,0.0,0.0,0.0,0.0,0.0,0.0,0.0,0.0,0.0,0.0,0.0,0.0,0.0,0.0,0.0,0.0,0.0,0.0,0.0,0.49215628787088106,0.0,0.0,0.0,0.0,0.0,0.0,0.0,0.0,0.0,0.0,0.0,0.0,0.0,0.0,0.0,0.0,0.0,0.0,0.0,0.0,0.0,0.0,0.0,0.0,0.0,0.0,0.0,0.0,0.0,0.0,0.0,0.0,0.0,0.0,0.0,0.0,0.0,0.0,0.0,0.7085656776937866,0.0,0.0,0.0,0.0,0.0,0.0,0.0,0.0,0.0,0.0,0.0,0.0,0.0,0.0,0.0,0.0,0.0,0.0
5d37dda7b65f39f134be3805969c5c9d7dc53a2e921232dd32e5b8887fd0d908,0.0,0.0,0.0,0.0,0.0,0.43124404004262473,0.0,0.0,0.0,0.0,0.0,0.0,0.0,0.0,0.0,0.0,0.0,0.0,0.0,0.0,0.0,0.0,0.0,0.0,0.0,0.0,0.32581277374015505,0.0,0.0,0.0,0.0,0.0,0.0,0.0,0.0,0.0,0.0,0.0,0.0,0.0,0.0,0.0,0.28421341627578284,0.0,0.30100312072752494,0.0,0.0,0.0,0.0,0.0,0.0,0.0,0.0,0.0,0.0,0.0,0.0,0.0,0.29966669309423183,0.0,0.0,0.0,0.0,0.0,0.0,0.0,0.0,0.0,0.0,0.0,0.0,0.0,0.0,0.0,0.0,0.14735476885541995,0.0,0.0,0.0,0.13481814092206842,0.0,0.0,0.0,0.0,0.0,0.0,0.0,0.0,0.0,0.0,0.0,0.0,0.0,0.0,0.0,0.0,0.0,0.0,0.0,0.0,0.0,0.0,0.2081428044212097,0.0,0.0,0.0,0.0,0.0,0.0,0.0,0.0,0.0,0.0,0.0,0.0,0.0,0.0,0.17912667717408698,0.19724196576410516,0.17482107761268942,0.2084298071844018,0.0,0.0,0.0,0.0,0.0,0.2813694561245203,0.0,0.0,0.0,0.0,0.0,0.0,0.2225230452869499,0.0,0.0,0.0,0.0,0.0,0.0,0.0,0.0,0.29966669309423183,0.0,0.0,0.0,0.0,0.0,0.0,0.0,0.0,0.0,0.0,0.0,0.0,0.0,0.0,0.0,0.0,0.0,0.0
5eac63fc61a6c010a8be021bf6d86d377f03c10fcd447c1342d0aba35ae6b68a,0.0,0.22026300271677204,0.0,0.0,0.0,0.0,0.0,0.0,0.0,0.0,0.15792436131803575,0.2765488004730043,0.1028667344236989,0.0,0.0,0.0,0.0,0.0,0.0,0.0,0.0,0.15033343556689968,0.0,0.0,0.0,0.0,0.0,0.0,0.0,0.0,0.0,0.0,0.0,0.0,0.0,0.0,0.0,0.0,0.0,0.0,0.0,0.297343782149083,0.0,0.1783036742607589,0.19976487810490048,0.0,0.0,0.0,0.0,0.0,0.0,0.0,0.0,0.0,0.0,0.28769151970831647,0.3170004002427884,0.0,0.19887793944919635,0.0,0.0,0.0,0.0,0.0,0.0,0.0,0.0,0.0,0.0,0.0,0.0,0.0,0.0,0.0,0.0,0.09779402740885595,0.0,0.0,0.0,0.08947392114251768,0.0,0.0,0.0,0.0,0.0,0.0,0.0,0.0,0.0,0.0,0.0,0.0,0.0,0.0,0.0,0.0,0.0,0.0,0.0,0.12591523293686005,0.0,0.0,0.1381368467314129,0.0,0.0,0.0,0.1644644967718416,0.0,0.0,0.0,0.0,0.0,0.0,0.2990856638702978,0.0,0.0,0.12853215559446302,0.1188798931536964,0.1309023546094894,0.11602242254185618,0.1383273200788861,0.0,0.0,0.0,0.16257282936241307,0.0,0.1867347254384033,0.0,0.0,0.0,0.0,0.0,0.0,0.0,0.0,0.0,0.0,0.0,0.0,0.0,0.0,0.0,0.19887793944919635,0.0,0.0,0.10645776718191455,0.22026300271677204,0.0,0.0,0.0,0.0,0.0,0.0,0.0,0.1545048578500168,0.0,0.0,0.0,0.0,0.0,0.0
28314e224dcbae977cbf7dec0cda849e4a56cec90b3568a29b6bbd9234b895aa,0.0,0.0,0.0,0.0,0.0,0.0,0.0,0.0,0.0,0.0,0.0,0.0,0.14690629800165764,0.0,0.0,0.0,0.0,0.0,0.0,0.0,0.0,0.0,0.0,0.0,0.0,0.0,0.0,0.0,0.0,0.0,0.0,0.0,0.0,0.0,0.24050033212402402,0.0,0.0,0.0,0.0,0.0,0.0,0.0,0.0,0.0,0.0,0.0,0.0,0.0,0.3620711863311457,0.0,0.0,0.0,0.0,0.0,0.0,0.4108587325494295,0.0,0.0,0.0,0.0,0.2130989930097198,0.0,0.0,0.0,0.2840220602156906,0.0,0.5539676385368523,0.24050033212402402,0.0,0.0,0.0,0.0,0.0,0.0,0.0,0.0,0.0,0.0,0.0,0.12777972000743593,0.0,0.0,0.0,0.0,0.0,0.0,0.0,0.0,0.0,0.0,0.0,0.0,0.0,0.0,0.0,0.0,0.0,0.0,0.0,0.0,0.0,0.0,0.19727633898971153,0.0,0.0,0.0,0.0,0.0,0.0,0.0,0.0,0.0,0.0,0.0,0.0,0.0,0.0,0.0,0.0,0.0,0.0,0.0,0.0,0.0,0.0,0.0,0.0,0.0,0.0,0.0,0.0,0.0,0.0,0.0,0.0,0.0,0.0,0.0,0.0,0.0,0.0,0.0,0.0,0.22697412022248709,0.0,0.15203473268433387,0.0,0.0,0.0,0.0,0.0,0.0,0.0,0.0,0.0,0.0,0.0,0.0,0.0,0.0,0.0
2f3907711c04a9022fda6818f25989480f3be29409ad60aa6eebb418aea443df,0.0,0.0,0.0,0.0,0.0,0.0,0.0,0.0,0.0,0.0,0.2407313339252541,0.0,0.15680447264549932,0.0,0.0,0.0,0.0,0.0,0.0,0.0,0.0,0.22916013828104,0.0,0.0,0.0,0.0,0.0,0.0,0.0,0.0,0.0,0.0,0.0,0.0,0.0,0.0,0.0,0.0,0.0,0.0,0.0,0.0,0.0,0.27179645363342964,0.0,0.0,0.0,0.0,0.0,0.0,0.0,0.0,0.0,0.0,0.0,0.0,0.0,0.0,0.0,0.0,0.0,0.0,0.0,0.0,0.0,0.0,0.0,0.0,0.0,0.0,0.0,0.0,0.546615707928113,0.0,0.0,0.14907191310811482,0.31825672976066594,0.25366181142166244,0.0,0.13638919422181253,0.0,0.0,0.0,0.0,0.0,0.0,0.0,0.0,0.0,0.0,0.0,0.0,0.0,0.0,0.0,0.0,0.0,0.0,0.0,0.1919383541172356,0.0,0.0,0.0,0.0,0.0,0.0,0.0,0.0,0.0,0.0,0.0,0.0,0.0,0.0,0.0,0.0,0.19592744913010263,0.0,0.19954045199928352,0.0,0.0,0.0,0.0,0.0,0.24781720657778497,0.0,0.0,0.0,0.0,0.0,0.0,0.0,0.0,0.2251161352240768,0.0,0.0,0.0,0.0,0.0,0.0,0.0,0.0,0.0,0.24226706213277302,0.0,0.0,0.0,0.0,0.0,0.0,0.0,0.0,0.0,0.0,0.0,0.0,0.0,0.0,0.0,0.0,0.0
6a49b73fa3617fbd397c7cd35313c4c657e5a129b427d5eec19370d28854ce78,0.0,0.0,0.0,0.0,0.0,0.0,0.0,0.0,0.0,0.0,0.23092571261697792,0.0,0.1504174134574207,0.0,0.0,0.0,0.0,0.0,0.0,0.0,0.0,0.21982584224945742,0.0,0.0,0.0,0.0,0.3161836486780982,0.0,0.0,0.0,0.0,0.0,0.0,0.0,0.0,0.0,0.0,0.0,0.0,0.0,0.0,0.0,0.27581372556317574,0.0,0.2921072242889578,0.0,0.0,0.0,0.0,0.0,0.0,0.0,0.0,0.0,0.0,0.0,0.0,0.0,0.29081029366086075,0.0,0.0,0.0,0.0,0.0,0.0,0.0,0.0,0.0,0.0,0.0,0.0,0.0,0.0,0.0,0.0,0.14299982143727197,0.0,0.24332949770655427,0.0,0.13083370309702497,0.0,0.0,0.0,0.0,0.0,0.0,0.0,0.0,0.0,0.0,0.0,0.0,0.0,0.0,0.0,0.0,0.0,0.0,0.0,0.0,0.0,0.0,0.0,0.0,0.34309895430795107,0.0,0.0,0.0,0.0,0.0,0.0,0.0,0.0,0.0,0.0,0.0,0.0,0.0,0.0,0.16965438632403332,0.0,0.0,0.0,0.0,0.23772295901244264,0.0,0.27305381628460806,0.0,0.0,0.0,0.0,0.0,0.0,0.21594656208876,0.0,0.0,0.0,0.0,0.0,0.0,0.0,0.0,0.29081029366086075,0.0,0.0,0.1556684196467182,0.0,0.0,0.0,0.0,0.0,0.0,0.0,0.0,0.0,0.0,0.0,0.0,0.0,0.0,0.0
6b2bc89a82c41241a24f0a8c7972b563e30303bf7c277d767ac5766510e8f03e,0.0,0.0,0.0,0.0,0.0,0.0,0.0,0.0,0.0,0.0,0.0,0.0,0.0,0.0,0.0,0.0,0.0,0.0,0.0,0.0,0.0,0.0,0.0,0.0,0.0,0.0,0.0,0.0,0.0,0.0,0.0,0.0,0.0,0.0,0.80088286095393,0.0,0.0,0.0,0.0,0.0,0.0,0.0,0.0,0.0,0.0,0.0,0.0,0.0,0.0,0.0,0.0,0.0,0.0,0.0,0.0,0.0,0.0,0.0,0.0,0.0,0.0,0.0,0.0,0.0,0.0,0.0,0.0,0.0,0.0,0.0,0.0,0.0,0.0,0.0,0.0,0.0,0.0,0.0,0.0,0.0,0.0,0.0,0.0,0.0,0.0,0.0,0.0,0.0,0.0,0.0,0.0,0.0,0.0,0.0,0.0,0.0,0.0,0.0,0.0,0.5988210442446459,0.0,0.0,0.0,0.0,0.0,0.0,0.0,0.0,0.0,0.0,0.0,0.0,0.0,0.0,0.0,0.0,0.0,0.0,0.0,0.0,0.0,0.0,0.0,0.0,0.0,0.0,0.0,0.0,0.0,0.0,0.0,0.0,0.0,0.0,0.0,0.0,0.0,0.0,0.0,0.0,0.0,0.0,0.0,0.0,0.0,0.0,0.0,0.0,0.0,0.0,0.0,0.0,0.0,0.0,0.0,0.0,0.0,0.0,0.0,0.0,0.0
6c5d418831206f110eac092468ea4197e3253f3350e48b0986e130995bd46451,0.0,0.0,0.0,0.0,0.0,0.0,0.0,0.0,0.0,0.0,0.22612971713653354,0.0,0.14729345975409938,0.0,0.0,0.0,0.0,0.0,0.0,0.0,0.0,0.2152603751389934,0.0,0.0,0.0,0.0,0.0,0.0,0.0,0.0,0.0,0.0,0.0,0.0,0.0,0.0,0.0,0.0,0.0,0.0,0.0,0.0,0.0,0.25531057455912165,0.0,0.0,0.0,0.0,0.0,0.0,0.0,0.0,0.0,0.0,0.0,0.0,0.0,0.0,0.0,0.0,0.0,0.0,0.0,0.0,0.0,0.0,0.0,0.0,0.0,0.0,0.0,0.0,0.5134606010804945,0.0,0.0,0.14002992046979051,0.2989527914962789,0.23827589341955538,0.0,0.12811647493896405,0.0,0.0,0.0,0.0,0.0,0.0,0.0,0.0,0.30723747696801545,0.0,0.0,0.0,0.0,0.0,0.0,0.0,0.0,0.0,0.0,0.18029628721975471,0.0,0.0,0.0,0.0,0.0,0.0,0.0,0.0,0.0,0.0,0.0,0.0,0.0,0.0,0.0,0.0,0.18404342271799634,0.0,0.1874372780317173,0.0,0.0,0.0,0.0,0.0,0.23278579448407077,0.0,0.0,0.0,0.0,0.0,0.0,0.0,0.0,0.2114616620572377,0.0,0.0,0.0,0.0,0.0,0.0,0.0,0.0,0.0,0.2275722953813443,0.0,0.15243541008440978,0.0,0.0,0.0,0.0,0.0,0.0,0.0,0.0,0.0,0.0,0.0,0.0,0.0,0.0,0.0
d7dd571b86ec131932b440a9599ce3d9b249bbf1af9f5e722631e5f7a842e925,0.0,0.0,0.0,0.0,0.0,0.0,0.0,0.0,0.0,0.0,0.2739825571971917,0.0,0.17846322576649037,0.0,0.0,0.0,0.0,0.3497068812870637,0.0,0.0,0.0,0.2608130801676034,0.0,0.0,0.0,0.0,0.0,0.5913775615151774,0.0,0.0,0.0,0.0,0.0,0.0,0.0,0.0,0.0,0.0,0.0,0.0,0.0,0.0,0.0,0.0,0.0,0.0,0.0,0.37225407908543484,0.0,0.0,0.0,0.0,0.0,0.0,0.0,0.0,0.0,0.0,0.0,0.0,0.0,0.0,0.0,0.0,0.345032811693101,0.0,0.0,0.0,0.0,0.0,0.0,0.0,0.0,0.0,0.0,0.16966259976908718,0.0,0.0,0.0,0.1552280693902494,0.0,0.0,0.0,0.0,0.0,0.0,0.0,0.0,0.0,0.0,0.0,0.0,0.0,0.0,0.0,0.0,0.0,0.0,0.0,0.0,0.0,0.0,0.0,0.0,0.0,0.0,0.0,0.0,0.0,0.0,0.0,0.0,0.0,0.0,0.0,0.0,0.0,0.20624441253864292,0.0,0.0,0.0,0.0,0.0,0.0,0.0,0.0,0.0,0.0,0.0,0.0,0.0,0.0,0.0,0.0,0.0,0.0,0.0,0.0,0.0,0.0,0.0,0.0,0.0,0.0,0.0,0.0,0.0,0.0,0.0,0.0,0.0,0.0,0.0,0.0,0.0,0.0,0.0,0.0,0.0,0.0,0.0
06d2775330e0fdba79346c8c1a89f588311320dcb0c18422eb8f651858b22aff,0.0,0.0,0.0,0.0,0.0,0.0,0.0,0.0,0.0,0.0,0.0,0.0,0.17779103642413874,0.0,0.0,0.0,0.0,0.0,0.0,0.0,0.0,0.0,0.0,0.0,0.0,0.0,0.0,0.0,0.0,0.0,0.0,0.0,0.0,0.0,0.0,0.0,0.0,0.0,0.0,0.0,0.0,0.0,0.0,0.3081734364627501,0.34526618268179,0.0,0.0,0.0,0.0,0.0,0.0,0.0,0.5109781706115825,0.0,0.0,0.0,0.0,0.0,0.0,0.0,0.0,0.0,0.0,0.0,0.0,0.0,0.0,0.0,0.0,0.0,0.0,0.0,0.0,0.0,0.0,0.1690235583594599,0.0,0.28761167071962496,0.0,0.15464339625420248,0.0,0.0,0.0,0.0,0.0,0.0,0.0,0.0,0.0,0.0,0.0,0.0,0.0,0.0,0.0,0.0,0.0,0.0,0.0,0.0,0.0,0.0,0.0,0.0,0.0,0.0,0.0,0.0,0.0,0.0,0.0,0.0,0.0,0.0,0.0,0.0,0.22215019544455888,0.0,0.22624675923433862,0.2005288382850001,0.0,0.0,0.0,0.0,0.0,0.0,0.0,0.0,0.0,0.0,0.0,0.0,0.0,0.2552454679514778,0.0,0.0,0.0,0.0,0.0,0.0,0.0,0.0,0.34373323090952157,0.0,0.0,0.18399764383219022,0.0,0.0,0.0,0.0,0.0,0.0,0.0,0.0,0.0,0.0,0.0,0.0,0.0,0.0,0.0
6db75599243651cc336024c8d4d14a05be1acb0b64627a724dd87e8aa9677240,0.0,0.2047979338099549,0.0,0.0,0.0,0.0,0.0,0.0,0.0,0.0,0.0,0.25713180259927576,0.09564427256464866,0.0,0.0,0.0,0.0,0.0,0.0,0.0,0.0,0.0,0.3140781493680276,0.0,0.34132919971106196,0.0,0.0,0.0,0.0,0.0,0.0,0.0,0.0,0.0,0.0,0.0,0.0,0.0,0.0,0.0,0.0,0.0,0.0,0.16578464666751824,0.18573902007632032,0.0,0.0,0.0,0.0,0.0,0.0,0.0,0.0,0.0,0.0,0.0,0.29474322144845777,0.0,0.0,0.0,0.0,0.0,0.0,0.0,0.0,0.0,0.0,0.0,0.0,0.0,0.0,0.0,0.0,0.0,0.28682709902499326,0.09092772960169382,0.1941235023032779,0.1547232615341623,0.0,0.08319179323739949,0.0,0.0,0.0,0.0,0.0,0.0,0.0,0.0,0.0,0.0,0.0,0.0,0.0,0.0,0.0,0.0,0.0,0.0,0.0,0.11707449377609225,0.0,0.0,0.12843800567811664,0.0,0.0,0.0,0.1529171431812249,0.0,0.0,0.0,0.0,0.0,0.0,0.0,0.0,0.0,0.11950767750012734,0.11053311808670518,0.0,0.10787627572094466,0.12861510554294747,0.0,0.0,0.0,0.0,0.0,0.17362373829766284,0.0,0.0,0.0,0.0,0.0,0.0,0.13731157429896118,0.0,0.0,0.0,0.0,0.0,0.0,0.0,0.0,0.18491435500836084,0.0,0.0,0.09898317233472081,0.2047979338099549,0.0,0.0,0.0,0.0,0.0,0.0,0.0,0.0,0.34132919971106196,0.0,0.0,0.0,0.0,0.0
6e2acfa891588015b4bb6f678020a482f10cfd26f383c53182ac716af5047c74,0.0,0.0,0.0,0.0,0.0,0.0,0.0,0.0,0.0,0.0,0.21727811873573283,0.0,0.14152781970768044,0.0,0.0,0.0,0.0,0.0,0.0,0.0,0.0,0.2068342451439445,0.0,0.0,0.0,0.0,0.29749735350486983,0.0,0.0,0.0,0.0,0.0,0.0,0.0,0.23169522414962818,0.0,0.0,0.0,0.0,0.0,0.0,0.0,0.25951327261360385,0.0,0.2748438337306022,0.0,0.0,0.0,0.0,0.0,0.0,0.0,0.0,0.0,0.0,0.0,0.0,0.0,0.27362355105263525,0.0,0.0,0.0,0.0,0.0,0.27362355105263525,0.0,0.0,0.0,0.0,0.0,0.0,0.0,0.0,0.0,0.0,0.1345486036584036,0.0,0.0,0.0,0.12310149681469901,0.0,0.0,0.0,0.0,0.0,0.0,0.0,0.0,0.0,0.0,0.0,0.0,0.0,0.0,0.0,0.0,0.0,0.0,0.0,0.17323878788780667,0.0,0.0,0.0,0.0,0.3228219780613028,0.0,0.0,0.0,0.0,0.0,0.0,0.0,0.0,0.0,0.0,0.0,0.0,0.16355930981365424,0.0,0.1596278971189848,0.0,0.0,0.0,0.0,0.22367365127584216,0.0,0.0,0.0,0.0,0.0,0.0,0.0,0.0,0.20318422849654227,0.0,0.0,0.0,0.0,0.0,0.0,0.0,0.0,0.27362355105263525,0.21866422884602996,0.0,0.14646849406286858,0.0,0.0,0.0,0.0,0.0,0.0,0.0,0.0,0.0,0.0,0.0,0.0,0.0,0.0,0.0
2f542206688519003a19a39e51eba51d1f644489fd1e3fcb48ebbbd7062d5906,0.0,0.0,0.0,0.0,0.0,0.0,0.0,0.0,0.0,0.0,0.0,0.0,0.18817285603889325,0.0,0.0,0.0,0.0,0.0,0.0,0.0,0.0,0.0,0.0,0.0,0.0,0.0,0.0,0.0,0.0,0.0,0.0,0.0,0.0,0.0,0.0,0.0,0.0,0.0,0.0,0.0,0.0,0.0,0.0,0.0,0.36542744221304135,0.0,0.0,0.0,0.0,0.0,0.0,0.0,0.5408159132844547,0.0,0.0,0.0,0.0,0.0,0.0,0.0,0.0,0.0,0.0,0.0,0.0,0.0,0.0,0.0,0.0,0.0,0.0,0.0,0.0,0.0,0.0,0.17889341529277375,0.0,0.0,0.0,0.16367354691204608,0.0,0.0,0.0,0.0,0.0,0.0,0.0,0.0,0.39250726827771526,0.0,0.0,0.0,0.0,0.0,0.0,0.0,0.0,0.0,0.0,0.23033519177286904,0.0,0.0,0.0,0.0,0.0,0.0,0.0,0.0,0.0,0.0,0.0,0.0,0.0,0.0,0.0,0.0,0.0,0.0,0.2394580723018336,0.21223839501239702,0.0,0.0,0.0,0.0,0.0,0.0,0.0,0.0,0.0,0.0,0.0,0.0,0.0,0.0,0.0,0.0,0.0,0.0,0.0,0.0,0.0,0.0,0.36380497620485924,0.0,0.0,0.1947418882340767,0.0,0.0,0.0,0.0,0.0,0.0,0.0,0.0,0.0,0.0,0.0,0.0,0.0,0.0,0.0
4b2fb0f42a923104b69a45aa7a503fbd08739ebf3711599303aa15692136fa46,0.0,0.0,0.0,0.0,0.0,0.47403349634265296,0.0,0.0,0.0,0.0,0.0,0.0,0.0,0.0,0.0,0.0,0.0,0.0,0.0,0.0,0.0,0.0,0.0,0.0,0.0,0.0,0.0,0.0,0.0,0.0,0.0,0.0,0.0,0.0,0.0,0.0,0.0,0.0,0.0,0.0,0.0,0.0,0.31241400904087313,0.0,0.0,0.0,0.0,0.0,0.41991974109193486,0.0,0.0,0.0,0.0,0.0,0.0,0.47650213303558847,0.0,0.0,0.0,0.0,0.0,0.0,0.0,0.0,0.0,0.0,0.0,0.0,0.0,0.0,0.0,0.0,0.0,0.0,0.0,0.1619757951353809,0.0,0.0,0.0,0.1481952416209342,0.0,0.0,0.0,0.0,0.0,0.0,0.0,0.0,0.0,0.0,0.0,0.0,0.0,0.0,0.0,0.0,0.0,0.0,0.0,0.0,0.0,0.0,0.22879542012591916,0.0,0.0,0.0,0.0,0.0,0.0,0.0,0.0,0.0,0.0,0.0,0.0,0.0,0.0,0.0,0.21681296429607474,0.0,0.0,0.0,0.0,0.0,0.0,0.0,0.30928786178135637,0.0,0.0,0.0,0.0,0.0,0.0,0.0,0.0,0.0,0.0,0.0,0.0,0.0,0.0,0.0,0.0,0.0,0.0,0.17632550723712537,0.0,0.0,0.0,0.0,0.0,0.0,0.0,0.0,0.0,0.0,0.0,0.0,0.0,0.0,0.0
b9dad89b3de1d7f9a4b73a5d107c74f716a6e2e89d653c48ab47108b37ad699a,0.0,0.0,0.0,0.0,0.0,0.47403349634265296,0.0,0.0,0.0,0.0,0.0,0.0,0.0,0.0,0.0,0.0,0.0,0.0,0.0,0.0,0.0,0.0,0.0,0.0,0.0,0.0,0.0,0.0,0.0,0.0,0.0,0.0,0.0,0.0,0.0,0.0,0.0,0.0,0.0,0.0,0.0,0.0,0.31241400904087313,0.0,0.0,0.0,0.0,0.0,0.41991974109193486,0.0,0.0,0.0,0.0,0.0,0.0,0.47650213303558847,0.0,0.0,0.0,0.0,0.0,0.0,0.0,0.0,0.0,0.0,0.0,0.0,0.0,0.0,0.0,0.0,0.0,0.0,0.0,0.1619757951353809,0.0,0.0,0.0,0.1481952416209342,0.0,0.0,0.0,0.0,0.0,0.0,0.0,0.0,0.0,0.0,0.0,0.0,0.0,0.0,0.0,0.0,0.0,0.0,0.0,0.0,0.0,0.0,0.22879542012591916,0.0,0.0,0.0,0.0,0.0,0.0,0.0,0.0,0.0,0.0,0.0,0.0,0.0,0.0,0.0,0.21681296429607474,0.0,0.0,0.0,0.0,0.0,0.0,0.0,0.30928786178135637,0.0,0.0,0.0,0.0,0.0,0.0,0.0,0.0,0.0,0.0,0.0,0.0,0.0,0.0,0.0,0.0,0.0,0.0,0.17632550723712537,0.0,0.0,0.0,0.0,0.0,0.0,0.0,0.0,0.0,0.0,0.0,0.0,0.0,0.0,0.0
90b33beb786f0c1274a79cda8d18e43b5ed5f2cad0b1e0de7b3b42370d2ffa77,0.0,0.0,0.0,0.0,0.0,0.0,0.0,0.0,0.0,0.0,0.28512913654299055,0.0,0.18572374091264868,0.0,0.0,0.0,0.0,0.0,0.0,0.0,0.0,0.27142387861495865,0.0,0.0,0.0,0.0,0.0,0.0,0.0,0.0,0.0,0.0,0.0,0.0,0.0,0.0,0.0,0.0,0.0,0.0,0.0,0.0,0.0,0.0,0.0,0.0,0.0,0.0,0.0,0.0,0.0,0.0,0.0,0.0,0.0,0.0,0.0,0.0,0.0,0.0,0.0,0.0,0.0,0.0,0.3590699666557551,0.0,0.0,0.0,0.0,0.0,0.0,0.0,0.0,0.0,0.0,0.17656507432690924,0.0,0.0,0.0,0.16154329620561295,0.0,0.0,0.0,0.0,0.0,0.0,0.0,0.0,0.0,0.0,0.0,0.0,0.0,0.0,0.0,0.0,0.0,0.0,0.0,0.2273373236735467,0.0,0.0,0.24940319216476084,0.0,0.4236319441520548,0.0,0.0,0.0,0.0,0.0,0.0,0.0,0.0,0.0,0.0,0.0,0.0,0.21463516460880142,0.0,0.0,0.0,0.0,0.0,0.0,0.0,0.0,0.0,0.0,0.0,0.0,0.0,0.0,0.0,0.0,0.0,0.0,0.0,0.0,0.0,0.0,0.0,0.0,0.0,0.0,0.0,0.0,0.0,0.0,0.0,0.0,0.0,0.5337770636776604,0.0,0.0,0.0,0.0,0.0,0.0,0.0,0.0,0.0
a111e371822094423c652cef67b75663d97e7d7a18c33213d745a1f2075d210f,0.0,0.0,0.0,0.0,0.0,0.0,0.0,0.0,0.0,0.0,0.0,0.0,0.08326332721660903,0.0,0.0,0.0,0.0,0.0,0.0,0.0,0.23535601618168903,0.0,0.2734214085296196,0.0,0.0,0.0,0.0,0.0,0.0,0.0,0.0,0.0,0.0,0.0,0.0,0.0,0.0,0.0,0.34551321461134216,0.0,0.0,0.2406787069464839,0.15267626237237192,0.14432418076719775,0.0,0.0,0.0,0.0,0.0,0.0,0.0,0.0,0.23930195512601235,0.0,0.0,0.0,0.0,0.0,0.0,0.0,0.0,0.0,0.0,0.0,0.0,0.0,0.0,0.13631041093364024,0.0,0.0,0.0,0.0,0.0,0.0,0.0,0.0,0.0,0.0,0.0,0.07242279455238722,0.0,0.31906790276384417,0.0,0.0,0.0,0.0,0.0,0.0,0.17367787151378444,0.0,0.0,0.0,0.0,0.0,0.0,0.0,0.0,0.0,0.0,0.0,0.0,0.0,0.0,0.0,0.0,0.0,0.0,0.0,0.0,0.0,0.0,0.0,0.0,0.0,0.0,0.0,0.10403766571452766,0.0,0.10595617374593612,0.09391192387595265,0.0,0.0,0.0,0.0,0.0,0.0,0.15114851884808517,0.0,0.0,0.0,0.0,0.0,0.0,0.11953688636979522,0.0,0.3545324557000225,0.0,0.26234900054052396,0.0,0.0,0.0,0.0,0.0,0.1286440452101901,0.0,0.08617001359358016,0.1782872818085127,0.19292302928984684,0.0,0.0,0.0,0.23930195512601235,0.0,0.0,0.12506072646122432,0.0,0.0,0.0,0.0,0.0,0.0
d9e5cf75da07717a818853d2f1aa79d3d1aaa155bb06fffed3c92ccaf972aef7,0.0,0.0,0.0,0.0,0.0,0.0,0.0,0.0,0.0,0.0,0.22316980710662257,0.0,0.14536547171967748,0.0,0.0,0.0,0.0,0.0,0.0,0.0,0.0,0.21244273864484078,0.0,0.0,0.0,0.0,0.0,0.0,0.0,0.0,0.0,0.0,0.0,0.0,0.0,0.0,0.0,0.0,0.0,0.0,0.0,0.0,0.0,0.25196870361907353,0.0,0.0,0.0,0.30321591226100664,0.0,0.0,0.0,0.0,0.0,0.0,0.0,0.0,0.0,0.0,0.0,0.0,0.0,0.0,0.0,0.0,0.0,0.0,0.0,0.0,0.0,0.0,0.0,0.0,0.0,0.0,0.4359357380607618,0.1381970080541441,0.2950396686337697,0.235156996815653,0.0,0.12643950278346575,0.0,0.0,0.0,0.0,0.0,0.0,0.0,0.0,0.0,0.0,0.0,0.0,0.0,0.0,0.0,0.0,0.0,0.0,0.0,0.0,0.0,0.0,0.0,0.0,0.33157558153080213,0.0,0.0,0.0,0.0,0.0,0.0,0.0,0.0,0.0,0.0,0.0,0.18163439846527846,0.0,0.0,0.0,0.0,0.0,0.0,0.0,0.0,0.0,0.0,0.0,0.0,0.0,0.0,0.0,0.0,0.20869374856762346,0.0,0.0,0.0,0.0,0.0,0.0,0.0,0.0,0.0,0.0,0.0,0.0,0.0,0.0,0.0,0.0,0.0,0.4177858698804779,0.0,0.0,0.0,0.0,0.0,0.0,0.0,0.0,0.0
6f55f8d4f012077d31e6464428b9a8a8a4a7fcd6cf77e73f8c0a8304718800c6,0.0,0.0,0.0,0.0,0.0,0.0,0.0,0.0,0.0,0.0,0.0,0.0,0.0,0.0,0.0,0.0,0.0,0.0,0.0,0.0,0.0,0.0,0.0,0.0,0.0,0.0,0.40600209163422246,0.0,0.0,0.0,0.0,0.0,0.0,0.0,0.0,0.0,0.0,0.0,0.0,0.0,0.0,0.0,0.354164264813336,0.0,0.37508626565165853,0.0,0.0,0.0,0.0,0.0,0.0,0.0,0.0,0.0,0.0,0.0,0.0,0.0,0.3734209153088647,0.0,0.0,0.0,0.0,0.0,0.0,0.0,0.0,0.0,0.0,0.0,0.0,0.0,0.0,0.0,0.0,0.0,0.0,0.3124522265404835,0.0,0.16799969680823815,0.0,0.0,0.0,0.0,0.0,0.0,0.0,0.0,0.0,0.0,0.0,0.0,0.0,0.0,0.0,0.0,0.0,0.0,0.0,0.0,0.0,0.0,0.0,0.0,0.0,0.0,0.0,0.0,0.0,0.0,0.0,0.0,0.0,0.0,0.0,0.0,0.0,0.0,0.0,0.2178481904122869,0.0,0.0,0.0,0.0,0.0,0.0,0.0,0.0,0.0,0.0,0.0,0.0,0.0,0.2772906070753722,0.0,0.0,0.0,0.0,0.0,0.0,0.0,0.0,0.3734209153088647,0.0,0.0,0.19988922337443893,0.0,0.0,0.0,0.0,0.0,0.0,0.0,0.0,0.0,0.0,0.0,0.0,0.0,0.0,0.0
7a2255a084370a4ffe76c410db4ae7204e25ed78008f476256e91754b641bc65,0.0,0.0,0.0,0.0,0.4031542161058692,0.0,0.0,0.0,0.0,0.0,0.0,0.0,0.1449021791105358,0.0,0.0,0.0,0.0,0.0,0.0,0.0,0.0,0.0,0.0,0.0,0.0,0.0,0.0,0.0,0.0,0.0,0.0,0.0,0.0,0.0,0.0,0.0,0.0,0.0,0.0,0.0,0.0,0.41885029421566117,0.26570068547291437,0.0,0.0,0.0,0.0,0.0,0.0,0.0,0.0,0.0,0.4164543493795661,0.0,0.0,0.0,0.0,0.0,0.0,0.0,0.0,0.0,0.0,0.0,0.0,0.0,0.0,0.0,0.0,0.0,0.0,0.0,0.0,0.0,0.0,0.0,0.0,0.0,0.0,0.12603652891043973,0.0,0.0,0.0,0.0,0.0,0.0,0.0,0.0,0.0,0.0,0.0,0.0,0.0,0.0,0.0,0.0,0.0,0.0,0.0,0.0,0.0,0.0,0.19458506405379167,0.0,0.0,0.0,0.0,0.0,0.0,0.0,0.0,0.0,0.0,0.4213039781842531,0.0,0.0,0.0,0.0,0.0,0.1634338053617177,0.0,0.0,0.0,0.0,0.0,0.0,0.2630419715685894,0.0,0.0,0.0,0.0,0.0,0.0,0.0,0.0,0.0,0.0,0.0,0.0,0.0,0.0,0.0,0.0,0.0,0.0,0.1499606508782843,0.0,0.0,0.0,0.0,0.0,0.0,0.0,0.0,0.21764169642458425,0.0,0.0,0.0,0.0,0.0,0.0
7b35814be8376bdf8465e94ccb758b1cc378b055713dcd75be748e19b948a77a,0.0,0.0,0.0,0.0,0.0,0.0,0.0,0.0,0.0,0.0,0.15764890694414552,0.0,0.1026873125049504,0.0,0.0,0.0,0.0,0.0,0.0,0.0,0.0,0.15007122141562346,0.0,0.35406349382871266,0.0,0.27108801627242657,0.21585299463984056,0.0,0.0,0.4164804231123238,0.5165133635054323,0.0,0.0,0.0,0.1681094214360051,0.0,0.0,0.0,0.0,0.0,0.0,0.0,0.0,0.0,0.19941644478552914,0.0,0.0,0.0,0.0,0.0,0.0,0.0,0.0,0.0,0.0,0.0,0.0,0.0,0.19853105314340824,0.0,0.0,0.0,0.0,0.0,0.19853105314340824,0.0,0.0,0.0,0.0,0.0,0.0,0.0,0.0,0.0,0.0,0.09762345339250225,0.0,0.0,0.0,0.08931785919791255,0.0,0.0,0.0,0.0,0.0,0.0,0.0,0.0,0.0,0.0,0.0,0.0,0.0,0.0,0.0,0.0,0.0,0.0,0.0,0.0,0.0,0.0,0.0,0.0,0.0,0.0,0.0,0.0,0.0,0.0,0.0,0.0,0.0,0.0,0.0,0.0,0.12830796760884416,0.11867254080942545,0.0,0.11582005424673207,0.0,0.0,0.0,0.0,0.16228926705100122,0.0,0.0,0.0,0.0,0.0,0.0,0.0,0.0,0.14742290533971544,0.0,0.0,0.0,0.0,0.0,0.0,0.0,0.0,0.0,0.0,0.0,0.0,0.0,0.0,0.0,0.0,0.0,0.0,0.0,0.0,0.0,0.0,0.0,0.0,0.0,0.0,0.0
7d317343ffac1b8811eb2f88ea4739083f68616a1032ef3aaa6342b3d79f0455,0.0,0.0,0.0,0.0,0.0,0.0,0.0,0.0,0.0,0.0,0.0,0.38906528885938146,0.14471903575110417,0.0,0.0,0.0,0.0,0.0,0.0,0.0,0.4090695971280025,0.0,0.0,0.0,0.0,0.0,0.0,0.0,0.0,0.0,0.0,0.0,0.0,0.0,0.0,0.0,0.0,0.0,0.0,0.0,0.0,0.0,0.0,0.0,0.0,0.0,0.0,0.0,0.0,0.0,0.0,0.0,0.0,0.0,0.0,0.0,0.0,0.0,0.0,0.0,0.0,0.0,0.0,0.0,0.27979330529446056,0.0,0.0,0.0,0.0,0.0,0.0,0.0,0.0,0.0,0.0,0.13758245003222477,0.0,0.0,0.0,0.0,0.0,0.0,0.0,0.0,0.0,0.0,0.0,0.0,0.0,0.0,0.0,0.0,0.0,0.0,0.0,0.0,0.0,0.6866978934226934,0.0,0.17714503331992543,0.0,0.0,0.19433912598339978,0.0,0.0,0.0,0.0,0.0,0.0,0.0,0.0,0.0,0.0,0.0,0.0,0.0,0.0,0.0,0.0,0.0,0.0,0.0,0.0,0.0,0.0,0.0,0.0,0.0,0.0,0.0,0.0,0.0,0.0,0.0,0.0,0.0,0.0,0.0,0.0,0.0,0.0,0.0,0.0,0.0,0.0,0.1497711140641868,0.0,0.0,0.0,0.0,0.0,0.0,0.0,0.0,0.0,0.0,0.0,0.0,0.0,0.0,0.0
3a99f6960db39c701811edf0ec230f829ac336e829c551f8b849c997e334188a,0.0,0.0,0.0,0.0,0.0,0.0,0.0,0.0,0.0,0.0,0.26351969093991306,0.0,0.1716480588371102,0.0,0.0,0.0,0.0,0.0,0.0,0.0,0.0,0.2508531308779174,0.0,0.0,0.0,0.0,0.0,0.0,0.0,0.0,0.0,0.0,0.0,0.0,0.0,0.0,0.0,0.0,0.0,0.0,0.0,0.0,0.0,0.2975255289462426,0.0,0.0,0.0,0.0,0.0,0.0,0.0,0.0,0.0,0.0,0.0,0.0,0.0,0.0,0.0,0.0,0.0,0.0,0.0,0.0,0.0,0.0,0.0,0.0,0.0,0.0,0.0,0.0,0.0,0.0,0.0,0.1631835117993792,0.34838387549548655,0.2776742065901982,0.0,0.14930020833945695,0.0,0.0,0.0,0.0,0.0,0.0,0.0,0.0,0.3580384126465158,0.0,0.0,0.0,0.0,0.0,0.0,0.0,0.0,0.0,0.0,0.21010781991593258,0.0,0.0,0.0,0.0,0.0,0.0,0.0,0.0,0.0,0.0,0.0,0.0,0.0,0.0,0.0,0.0,0.2144745347418765,0.0,0.21842955540298908,0.0,0.0,0.0,0.0,0.0,0.2712763337540733,0.0,0.0,0.0,0.0,0.0,0.0,0.0,0.0,0.24642631024615913,0.0,0.0,0.0,0.0,0.0,0.0,0.0,0.0,0.0,0.2652007958298097,0.0,0.17764021758134835,0.0,0.0,0.0,0.0,0.0,0.0,0.0,0.0,0.0,0.0,0.0,0.0,0.0,0.0,0.0
c10fe0c81ce363d98aa22cb8ac0b50303ad1f37bd57d0ad720690c6f469f7a3b,0.0,0.0,0.0,0.0,0.0,0.0,0.0,0.0,0.0,0.0,0.0,0.0,0.0,0.0,0.0,0.0,0.0,0.0,0.0,0.0,0.0,0.0,0.0,0.0,0.0,0.0,0.44819005817007845,0.0,0.0,0.0,0.0,0.0,0.0,0.0,0.0,0.0,0.0,0.0,0.0,0.0,0.0,0.0,0.390965725840296,0.0,0.4140617466884107,0.0,0.0,0.0,0.0,0.0,0.0,0.0,0.0,0.0,0.0,0.0,0.0,0.0,0.41222334860527277,0.0,0.0,0.0,0.0,0.0,0.0,0.0,0.0,0.0,0.0,0.0,0.0,0.0,0.0,0.0,0.0,0.0,0.0,0.34491935995914413,0.0,0.18545666496929203,0.0,0.0,0.0,0.0,0.0,0.0,0.0,0.0,0.0,0.0,0.0,0.0,0.0,0.0,0.0,0.0,0.0,0.0,0.0,0.0,0.0,0.0,0.0,0.0,0.0,0.0,0.0,0.0,0.0,0.0,0.0,0.0,0.0,0.0,0.0,0.0,0.0,0.0,0.0,0.24048495105067877,0.0,0.0,0.0,0.0,0.0,0.0,0.0,0.0,0.0,0.0,0.0,0.0,0.0,0.3061040715698909,0.0,0.0,0.0,0.0,0.0,0.0,0.0,0.0,0.0,0.0,0.0,0.0,0.0,0.0,0.0,0.0,0.0,0.0,0.0,0.0,0.0,0.0,0.0,0.0,0.0,0.0,0.0
8bb4dbfeb12ea6c27f6a4bf9ba8188cc231208519e0d7c42bb48c1d75062c76d,0.0,0.0,0.0,0.0,0.0,0.0,0.0,0.0,0.0,0.0,0.19922605996980947,0.0,0.12976930240625145,0.0,0.0,0.0,0.0,0.0,0.0,0.0,0.0,0.18964989188338838,0.0,0.0,0.0,0.0,0.0,0.0,0.0,0.0,0.0,0.0,0.0,0.0,0.0,0.0,0.0,0.0,0.0,0.0,0.0,0.0,0.0,0.2249351411311008,0.0,0.0,0.0,0.0,0.31983465590472165,0.31634929926425787,0.0,0.0,0.0,0.0,0.0,0.0,0.0,0.0,0.0,0.0,0.0,0.0,0.0,0.0,0.0,0.0,0.0,0.0,0.0,0.0,0.0,0.0,0.4523719120085092,0.0,0.0,0.12336993866329386,0.26338504961211584,0.2099271516936545,0.0,0.11287388868000738,0.0,0.0,0.0,0.0,0.0,0.0,0.0,0.0,0.27068406924351895,0.0,0.0,0.0,0.0,0.0,0.0,0.0,0.0,0.0,0.0,0.15884563685315664,0.0,0.0,0.0,0.0,0.0,0.0,0.0,0.0,0.0,0.0,0.0,0.0,0.0,0.0,0.0,0.0,0.16214695899224085,0.0,0.16513703226001922,0.14636557601532374,0.0,0.0,0.0,0.0,0.20509023422163275,0.0,0.0,0.0,0.0,0.0,0.0,0.0,0.0,0.18630312857506556,0.0,0.0,0.0,0.0,0.0,0.0,0.0,0.0,0.0,0.20049700827130265,0.0,0.1342994920595188,0.0,0.0,0.0,0.0,0.0,0.0,0.0,0.0,0.0,0.0,0.0,0.0,0.0,0.0,0.0
dca68095317df735cbaac8724a3d4af4aa504d1b58e30699388b67ec44a0e5b8,0.0,0.0,0.0,0.0,0.0,0.0,0.0,0.0,0.0,0.0,0.0,0.35712154131494095,0.13283704968017776,0.44867682690263627,0.0,0.0,0.0,0.0,0.0,0.0,0.0,0.0,0.0,0.4580190947873394,0.0,0.0,0.0,0.0,0.0,0.0,0.0,0.0,0.0,0.0,0.2174675626643165,0.0,0.0,0.0,0.0,0.0,0.0,0.0,0.0,0.0,0.0,0.0,0.0,0.0,0.0,0.0,0.0,0.0,0.0,0.0,0.0,0.0,0.0,0.0,0.0,0.0,0.0,0.0,0.0,0.0,0.0,0.0,0.0,0.0,0.0,0.0,0.0,0.0,0.0,0.0,0.0,0.12628640493074714,0.0,0.0,0.0,0.11554222824780083,0.0,0.0,0.0,0.0,0.0,0.0,0.0,0.0,0.27708304265340516,0.0,0.0,0.0,0.0,0.0,0.0,0.0,0.0,0.0,0.0,0.1626007488896369,0.0,0.0,0.17838314081540743,0.0,0.0,0.0,0.21238137528815493,0.0,0.0,0.0,0.0,0.0,0.0,0.0,0.0,0.0,0.16598011430863968,0.15351565655605806,0.16904087293070433,0.1498256593207884,0.0,0.0,0.0,0.0,0.0,0.0,0.0,0.0,0.0,0.0,0.0,0.0,0.0,0.0,0.0,0.0,0.0,0.0,0.0,0.0,0.0,0.0,0.25682120532853137,0.0,0.0,0.13747433305053758,0.0,0.0,0.0,0.0,0.0,0.0,0.0,0.0,0.0,0.0,0.0,0.0,0.0,0.0,0.0
8bfa4c75f7d250744c857d4654efad7f5a2c1f3f2a189a0f6947760f911c84d7,0.0,0.0,0.0,0.0,0.0,0.0,0.0,0.0,0.0,0.0,0.0,0.0,0.3161421389648587,0.0,0.0,0.0,0.0,0.6194950303402018,0.0,0.0,0.0,0.0,0.0,0.0,0.0,0.0,0.0,0.0,0.0,0.0,0.0,0.0,0.0,0.0,0.0,0.0,0.0,0.0,0.0,0.0,0.0,0.0,0.57969578887947,0.0,0.0,0.0,0.0,0.0,0.0,0.0,0.0,0.0,0.0,0.0,0.0,0.0,0.0,0.0,0.0,0.0,0.0,0.0,0.0,0.0,0.0,0.0,0.0,0.0,0.0,0.0,0.0,0.0,0.0,0.0,0.0,0.0,0.0,0.0,0.0,0.0,0.0,0.0,0.0,0.0,0.0,0.0,0.0,0.0,0.0,0.0,0.0,0.0,0.0,0.0,0.0,0.0,0.0,0.0,0.0,0.0,0.0,0.0,0.42453839368180274,0.0,0.0,0.0,0.0,0.0,0.0,0.0,0.0,0.0,0.0,0.0,0.0,0.0,0.0,0.0,0.0,0.0,0.0,0.0,0.0,0.0,0.0,0.0,0.0,0.0,0.0,0.0,0.0,0.0,0.0,0.0,0.0,0.0,0.0,0.0,0.0,0.0,0.0,0.0,0.0,0.0,0.0,0.0,0.0,0.0,0.0,0.0,0.0,0.0,0.0,0.0,0.0,0.0,0.0,0.0,0.0,0.0,0.0
8c1a72991fb04dc3a8cf89605fb85150ef0e742472a0c58b8fa942a1f04877b0,0.0,0.38186339948701464,0.4497029993676237,0.0,0.0,0.0,0.0,0.0,0.0,0.0,0.0,0.0,0.1783369899468391,0.0,0.0,0.0,0.0,0.0,0.0,0.0,0.5040956792722239,0.0,0.0,0.0,0.0,0.0,0.0,0.0,0.0,0.0,0.0,0.0,0.0,0.0,0.0,0.0,0.0,0.0,0.0,0.0,0.0,0.0,0.0,0.0,0.0,0.0,0.0,0.0,0.0,0.0,0.0,0.0,0.0,0.0,0.0,0.0,0.0,0.0,0.0,0.0,0.0,0.0,0.0,0.0,0.0,0.0,0.0,0.0,0.0,0.0,0.0,0.0,0.0,0.0,0.0,0.0,0.0,0.0,0.0,0.15511826893983055,0.0,0.0,0.0,0.0,0.0,0.0,0.0,0.0,0.0,0.0,0.0,0.0,0.0,0.0,0.0,0.0,0.0,0.0,0.0,0.218295484504477,0.0,0.0,0.23948373188711375,0.0,0.0,0.0,0.0,0.0,0.0,0.0,0.0,0.0,0.0,0.0,0.0,0.0,0.22283236527837547,0.0,0.0,0.0,0.0,0.0,0.3914668948446366,0.0,0.0,0.0,0.0,0.0,0.0,0.0,0.0,0.0,0.0,0.0,0.0,0.0,0.0,0.0,0.0,0.0,0.0,0.0,0.0,0.0,0.0,0.18456265635385138,0.0,0.0,0.0,0.0,0.0,0.0,0.0,0.0,0.0,0.0,0.0,0.0,0.0,0.0,0.0
8c4294e3154675cd926ab6b772dbbe0e7a49cae16f4a37d908e1ca6748251c43,0.0,0.0,0.0,0.0,0.0,0.0,0.0,0.0,0.0,0.0,0.15749361946186716,0.0,0.1025861633467994,0.0,0.0,0.0,0.0,0.0,0.0,0.0,0.0,0.1499233981126409,0.0,0.0,0.0,0.0,0.0,0.0,0.0,0.0,0.0,0.0,0.0,0.0,0.0,0.0,0.0,0.0,0.0,0.0,0.0,0.2965327710322791,0.0,0.0,0.0,0.0,0.0,0.21398311948892998,0.2528379951669414,0.2500827259390839,0.0,0.0,0.0,0.0,0.0,0.0,0.0,0.0,0.19833549588903646,0.0,0.0,0.0,0.0,0.0,0.0,0.0,0.0,0.1679438301273935,0.0,0.0,0.0,0.0,0.0,0.0,0.0,0.09752729224186382,0.0,0.0,0.0,0.08922987923188429,0.0,0.0,0.0,0.0,0.0,0.0,0.0,0.0,0.0,0.0,0.0,0.0,0.0,0.0,0.0,0.0,0.0,0.0,0.0,0.12557179661897683,0.0,0.0,0.1377600757173036,0.0,0.0,0.0,0.1640159165653295,0.0,0.0,0.0,0.0,0.0,0.0,0.0,0.0,0.0,0.0,0.11855564586587597,0.13054531581743262,0.11570596906231852,0.13795002954490942,0.0,0.0,0.0,0.16212940871661974,0.0,0.0,0.0,0.0,0.0,0.0,0.0,0.2628662803924689,0.0,0.0,0.0,0.0,0.3232320677421978,0.0,0.0,0.0,0.0,0.0,0.0,0.0,0.10616740149129665,0.0,0.0,0.0,0.0,0.0,0.0,0.0,0.0,0.15408344275799465,0.0,0.0,0.0,0.0,0.48677564702490067,0.0
8cf3201b5683581835a69266235c7425658b29e1e465d2c1fc9e3eade4d6b1be,0.0,0.0,0.0,0.0,0.0,0.0,0.0,0.0,0.0,0.0,0.16030263425066713,0.0,0.10441586318449461,0.0,0.0,0.0,0.0,0.0,0.0,0.0,0.0,0.15259739242380424,0.0,0.0,0.0,0.0,0.0,0.0,0.0,0.0,0.0,0.0,0.0,0.0,0.0,0.0,0.0,0.4743495043302781,0.0,0.0,0.0,0.0,0.19146272742525686,0.0,0.0,0.0,0.0,0.0,0.0,0.0,0.0,0.0,0.0,0.0,0.0,0.0,0.0,0.0,0.2018729556477232,0.0,0.0,0.0,0.0,0.0,0.2018729556477232,0.0,0.0,0.0,0.0,0.0,0.0,0.0,0.0,0.0,0.0,0.09926676338460014,0.0,0.0,0.0,0.0908213598977146,0.0,0.40012514026592355,0.0,0.0,0.0,0.0,0.0,0.0,0.0,0.0,0.0,0.0,0.0,0.0,0.0,0.0,0.0,0.0,0.0,0.0,0.0,0.0,0.1402171282081812,0.0,0.0,0.0,0.0,0.0,0.0,0.0,0.0,0.4234910995126139,0.0,0.0,0.0,0.0,0.0,0.12067017319511557,0.0,0.0,0.1404104700023139,0.0,0.0,0.0,0.16502110622373461,0.0,0.0,0.0,0.0,0.0,0.0,0.0,0.0,0.0,0.0,0.0,0.0,0.32899714991888923,0.0,0.0,0.0,0.0,0.0,0.0,0.0,0.0,0.223580068766933,0.0,0.0,0.0,0.0,0.0,0.0,0.0,0.0,0.0,0.0,0.0,0.0,0.0,0.0
3aa75da2773573786f07530f5a09b8e0aacd0402fd11e14d8067b5f4607bbd6a,0.0,0.0,0.0,0.0,0.0,0.0,0.0,0.0,0.0,0.0,0.0,0.0,0.21598732479874239,0.0,0.0,0.0,0.0,0.0,0.0,0.0,0.0,0.0,0.0,0.0,0.0,0.0,0.0,0.0,0.0,0.0,0.0,0.0,0.0,0.0,0.0,0.0,0.0,0.0,0.0,0.0,0.0,0.0,0.0,0.0,0.0,0.0,0.0,0.4505251002931242,0.0,0.0,0.0,0.0,0.0,0.0,0.0,0.0,0.0,0.0,0.0,0.0,0.0,0.0,0.0,0.0,0.417580224975257,0.0,0.0,0.35359289598388,0.0,0.0,0.0,0.0,0.0,0.0,0.0,0.20533625840918546,0.0,0.0,0.0,0.1878666896066431,0.0,0.0,0.0,0.0,0.0,0.0,0.0,0.0,0.0,0.0,0.0,0.0,0.0,0.0,0.0,0.0,0.0,0.0,0.0,0.26438181853255505,0.0,0.0,0.2900433084495591,0.0,0.0,0.0,0.0,0.0,0.0,0.0,0.0,0.0,0.0,0.0,0.0,0.0,0.26987652123880396,0.24960984946666823,0.0,0.0,0.2904432417126949,0.0,0.0,0.0,0.0,0.0,0.0,0.0,0.0,0.0,0.0,0.0,0.0,0.0,0.0,0.0,0.0,0.0,0.0,0.0,0.0,0.0,0.0,0.0,0.0,0.0,0.0,0.0,0.0,0.0,0.0,0.0,0.0,0.0,0.0,0.0,0.0,0.0,0.0,0.0,0.0
d2c72e0d3a6a14fc83ae9f0ee58da6674ec7096fd7ddf61a7fabb6737c08fffb,0.0,0.0,0.0,0.0,0.0,0.0,0.0,0.0,0.0,0.0,0.0,0.0,0.36754633830024885,0.0,0.0,0.0,0.0,0.0,0.0,0.0,0.0,0.0,0.0,0.0,0.0,0.0,0.0,0.0,0.0,0.0,0.0,0.0,0.0,0.0,0.0,0.0,0.0,0.0,0.0,0.0,0.0,0.0,0.0,0.0,0.0,0.0,0.0,0.0,0.0,0.0,0.0,0.0,0.0,0.0,0.0,0.0,0.0,0.0,0.0,0.0,0.0,0.0,0.0,0.0,0.0,0.0,0.0,0.0,0.0,0.0,0.0,0.0,0.0,0.0,0.0,0.0,0.0,0.0,0.0,0.0,0.0,0.0,0.0,0.0,0.0,0.0,0.0,0.0,0.0,0.0,0.0,0.0,0.0,0.0,0.0,0.0,0.0,0.0,0.0,0.0,0.0,0.0,0.4935676483259345,0.0,0.0,0.0,0.0,0.0,0.0,0.0,0.0,0.0,0.0,0.0,0.0,0.0,0.0,0.0,0.0,0.41455205907809073,0.0,0.0,0.0,0.0,0.0,0.0,0.0,0.0,0.0,0.0,0.0,0.0,0.0,0.0,0.0,0.0,0.0,0.0,0.0,0.0,0.0,0.0,0.0,0.0,0.0,0.3803772203963206,0.0,0.0,0.0,0.0,0.0,0.0,0.0,0.0,0.5520511083638633,0.0,0.0,0.0,0.0,0.0,0.0
8eb7939848c171ebb4a2203ad90741bcdc5c7e1feebdd3cd1b7ca4bd4dc307ed,0.0,0.2580277578698295,0.0,0.0,0.0,0.0,0.0,0.0,0.0,0.0,0.18500096866614973,0.0,0.12050354583092744,0.0,0.0,0.0,0.0,0.0,0.0,0.0,0.0,0.17610855583438348,0.3957114174430128,0.0,0.0,0.0,0.0,0.0,0.0,0.0,0.0,0.0,0.0,0.0,0.0,0.0,0.0,0.0,0.0,0.0,0.0,0.0,0.0,0.20887437618661325,0.0,0.0,0.0,0.0,0.29699789858989695,0.0,0.0,0.0,0.0,0.0,0.0,0.0,0.0,0.0,0.0,0.0,0.0,0.0,0.0,0.0,0.0,0.0,0.0,0.0,0.0,0.0,0.0,0.0,0.0,0.0,0.0,0.11456110792158167,0.2445788935333425,0.19493798360785294,0.0,0.10481449437930422,0.0,0.0,0.0,0.0,0.0,0.0,0.0,0.0,0.2513567503173769,0.0,0.0,0.0,0.0,0.0,0.0,0.0,0.0,0.0,0.0,0.14750377882631746,0.0,0.0,0.0,0.0,0.0,0.0,0.0,0.0,0.0,0.0,0.0,0.0,0.0,0.0,0.0,0.0,0.15056938075461007,0.0,0.153345957528781,0.13591481629620747,0.0,0.0,0.0,0.0,0.19044643055591862,0.0,0.0,0.0,0.0,0.0,0.0,0.0,0.0,0.17300075731630873,0.0,0.0,0.0,0.0,0.0,0.0,0.0,0.0,0.0,0.1861811690221497,0.0,0.1247102719701827,0.2580277578698295,0.27920946566777377,0.0,0.0,0.0,0.0,0.0,0.0,0.18099518103046774,0.0,0.0,0.0,0.0,0.0,0.0
8f514ff2413fa5e432688b4e5fbe53517d2fd009bcf08c74c0d0b257c961c0f9,0.0,0.0,0.0,0.0,0.0,0.0,0.0,0.0,0.0,0.0,0.2656707246329152,0.0,0.17304917143169507,0.0,0.0,0.0,0.0,0.0,0.0,0.0,0.0,0.25290077116843557,0.0,0.0,0.0,0.0,0.3637565436496723,0.0,0.0,0.0,0.0,0.0,0.0,0.0,0.0,0.0,0.0,0.0,0.0,0.0,0.0,0.0,0.0,0.0,0.33605758781861755,0.0,0.0,0.0,0.0,0.0,0.0,0.0,0.0,0.0,0.0,0.0,0.0,0.0,0.3345655214053089,0.0,0.0,0.0,0.0,0.0,0.0,0.0,0.0,0.0,0.0,0.0,0.0,0.0,0.0,0.0,0.0,0.16451553078729955,0.0,0.2799407794293009,0.0,0.1505189020065789,0.0,0.0,0.0,0.0,0.0,0.0,0.0,0.0,0.0,0.0,0.0,0.0,0.0,0.0,0.0,0.0,0.0,0.0,0.0,0.21182286822291255,0.0,0.0,0.0,0.0,0.0,0.0,0.0,0.0,0.0,0.0,0.0,0.0,0.0,0.0,0.0,0.0,0.0,0.0,0.0,0.19518053334587698,0.0,0.0,0.0,0.0,0.27349068263987303,0.0,0.3141374098796711,0.0,0.0,0.0,0.0,0.0,0.0,0.24843781570251053,0.0,0.0,0.0,0.0,0.0,0.0,0.0,0.0,0.0,0.0,0.0,0.1790902424044908,0.0,0.0,0.0,0.0,0.0,0.0,0.0,0.0,0.0,0.0,0.0,0.0,0.0,0.0,0.0
8fe2ada7119ce697fc34046eeb62cfef1c568f42760376226c4ab82fea01eb44,0.0,0.4668532036388024,0.0,0.0,0.0,0.0,0.0,0.0,0.0,0.0,0.0,0.0,0.21802873801424352,0.0,0.0,0.0,0.0,0.0,0.0,0.0,0.0,0.0,0.0,0.0,0.0,0.0,0.0,0.0,0.0,0.0,0.0,0.0,0.0,0.0,0.0,0.0,0.0,0.0,0.0,0.0,0.0,0.0,0.3997896063315094,0.0,0.0,0.0,0.0,0.0,0.0,0.0,0.0,0.0,0.0,0.0,0.0,0.0,0.0,0.0,0.0,0.0,0.0,0.0,0.0,0.0,0.0,0.0,0.0,0.3569348939990015,0.0,0.0,0.0,0.0,0.0,0.0,0.0,0.0,0.0,0.0,0.0,0.1896423194648897,0.0,0.0,0.0,0.0,0.0,0.0,0.0,0.0,0.0,0.0,0.0,0.0,0.0,0.0,0.0,0.0,0.0,0.0,0.0,0.0,0.0,0.0,0.0,0.0,0.0,0.0,0.0,0.0,0.0,0.0,0.0,0.0,0.0,0.0,0.0,0.0,0.0,0.0,0.2774509693390703,0.0,0.0,0.0,0.0,0.0,0.0,0.0,0.39578914173629653,0.0,0.0,0.0,0.0,0.0,0.0,0.0,0.0,0.0,0.0,0.0,0.0,0.0,0.0,0.0,0.42152700190112863,0.0,0.0,0.0,0.0,0.0,0.0,0.0,0.0,0.0,0.0,0.0,0.0,0.0,0.0,0.0,0.0,0.0,0.0
9ad3050367fc8aab3996eedb6bd086731288c5401b587cce63fda64f6732fa93,0.0,0.0,0.0,0.0,0.0,0.0,0.3053290310712688,0.0,0.0,0.0,0.0,0.0,0.11462334858449567,0.0,0.0,0.0,0.29615127878280734,0.22460971207935287,0.0,0.0,0.0,0.0,0.0,0.0,0.0,0.3025983972925166,0.0,0.0,0.0,0.0,0.0,0.0,0.0,0.0,0.0,0.0,0.0,0.0,0.0,0.0,0.0,0.0,0.0,0.0,0.0,0.0,0.0,0.0,0.0,0.27942676219766094,0.0,0.0,0.0,0.0,0.0,0.0,0.0,0.0,0.0,0.0,0.16627006800268362,0.3039521431457224,0.0,0.0,0.0,0.0,0.0,0.0,0.0,0.0,0.0,0.0,0.0,0.0,0.0,0.10897088311364272,0.0,0.0,0.0,0.0,0.0,0.0,0.0,0.0,0.0,0.0,0.0,0.0,0.23909132475751807,0.0,0.0,0.0,0.0,0.0,0.0,0.0,0.0,0.0,0.0,0.14030605440989466,0.0,0.0,0.15392447348469493,0.0,0.0,0.0,0.0,0.0,0.0,0.0,0.0,0.0,0.0,0.0,0.23042210719235173,0.2622629598523737,0.14322206452416134,0.1324666473470206,0.145863153010503,0.12928259711109266,0.15413671598491416,0.0,0.0,0.0,0.0,0.0,0.0,0.0,0.0,0.0,0.0,0.0,0.2937103046409601,0.0,0.0,0.0,0.0,0.0,0.0,0.0,0.0,0.0,0.0,0.17709610857955055,0.0,0.1186247996068241,0.0,0.0,0.0,0.0,0.0,0.0,0.0,0.0,0.0,0.0,0.0,0.0,0.0,0.0,0.0
a6371461da7439f4ef7008ed53331209747cba960b85c70a902d46451247a29c,0.0,0.3481202602772463,0.0,0.0,0.0,0.0,0.0,0.0,0.0,0.0,0.0,0.0,0.16257834461421178,0.0,0.7385751056458286,0.0,0.0,0.0,0.0,0.0,0.0,0.0,0.0,0.0,0.0,0.0,0.0,0.0,0.0,0.0,0.0,0.0,0.0,0.0,0.0,0.0,0.0,0.0,0.0,0.0,0.0,0.0,0.0,0.0,0.0,0.0,0.0,0.0,0.0,0.0,0.0,0.0,0.0,0.0,0.0,0.0,0.0,0.0,0.0,0.0,0.0,0.0,0.0,0.0,0.0,0.0,0.0,0.0,0.0,0.0,0.0,0.0,0.0,0.0,0.0,0.0,0.0,0.0,0.0,0.14141133250694266,0.0,0.0,0.0,0.0,0.0,0.0,0.0,0.0,0.33912001586694196,0.0,0.0,0.0,0.0,0.0,0.0,0.0,0.0,0.0,0.0,0.0,0.0,0.0,0.21832188994468765,0.0,0.0,0.0,0.0,0.0,0.0,0.0,0.0,0.0,0.0,0.0,0.0,0.0,0.0,0.0,0.2068879530174947,0.18337058623142125,0.21862292838727848,0.0,0.0,0.0,0.0,0.0,0.0,0.0,0.0,0.0,0.0,0.0,0.0,0.0,0.0,0.0,0.0,0.0,0.0,0.0,0.0,0.0,0.0,0.0,0.0,0.0,0.0,0.0,0.0,0.0,0.0,0.0,0.0,0.0,0.0,0.0,0.0,0.0,0.0,0.0,0.0
3b2e708eaa4744c76a633391cf2c983f4a098b46436525619e5ea44e105355fe,0.0,0.25390257657612975,0.0,0.0,0.0,0.0,0.0,0.0,0.0,0.0,0.18204329255580293,0.0,0.11857701289823026,0.0,0.0,0.0,0.0,0.0,0.0,0.0,0.0,0.17329304588233024,0.0,0.0,0.0,0.0,0.0,0.0,0.0,0.0,0.0,0.0,0.0,0.0,0.0,0.0,0.0,0.0,0.0,0.0,0.0,0.0,0.0,0.0,0.0,0.0,0.0,0.0,0.0,0.0,0.0,0.0,0.0,0.0,0.0,0.0,0.0,0.0,0.0,0.0,0.0,0.0,0.0,0.24066872400442488,0.0,0.0,0.0,0.0,0.0,0.0,0.0,0.0,0.0,0.0,0.0,0.11272957885166647,0.0,0.0,0.0,0.10313878787744701,0.0,0.0,0.0,0.0,0.0,0.0,0.538682012271034,0.0,0.0,0.0,0.0,0.0,0.0,0.0,0.0,0.0,0.0,0.0,0.0,0.0,0.0,0.0,0.0,0.0,0.2704716707674256,0.0,0.18958226742855291,0.0,0.0,0.0,0.0,0.0,0.0,0.0,0.0,0.0,0.0,0.0,0.0,0.0,0.0,0.0,0.0,0.0,0.0,0.0,0.0,0.0,0.0,0.0,0.0,0.48092605891180223,0.0,0.0,0.0,0.0,0.0,0.0,0.0,0.0,0.38271554186066026,0.0,0.0,0.0,0.0,0.0,0.0,0.0,0.0,0.0,0.0,0.0,0.0,0.0,0.0,0.0,0.0,0.0,0.0,0.0,0.0
9c183568a371d5bfd048cb80caed15756b50d8cb7f5e3e8ec6bce045c35216ed,0.0,0.0,0.0,0.0,0.0,0.0,0.0,0.0,0.0,0.0,0.24007483429673923,0.0,0.1563768503814479,0.0,0.0,0.0,0.0,0.3064276150871761,0.0,0.0,0.0,0.22853519451822005,0.0,0.0,0.0,0.0,0.0,0.0,0.0,0.0,0.0,0.0,0.0,0.0,0.0,0.0,0.0,0.0,0.0,0.0,0.0,0.0,0.0,0.0,0.0,0.0,0.0,0.32618440117850334,0.0,0.0,0.0,0.0,0.0,0.0,0.0,0.0,0.0,0.0,0.0,0.0,0.0,0.0,0.0,0.0,0.30233200223232415,0.0,0.0,0.0,0.0,0.0,0.0,0.0,0.0,0.0,0.0,0.14866537834597263,0.3173888102362175,0.25297004902309395,0.0,0.13601724656597533,0.0,0.0,0.0,0.0,0.0,0.0,0.0,0.0,0.0,0.0,0.0,0.0,0.0,0.0,0.0,0.0,0.0,0.0,0.0,0.0,0.0,0.0,0.0,0.0,0.3566923045052453,0.0,0.0,0.0,0.0,0.0,0.0,0.0,0.0,0.0,0.0,0.0,0.1953931344005971,0.18071987381739257,0.19899628423152677,0.0,0.0,0.0,0.0,0.0,0.0,0.0,0.28387202514493837,0.0,0.0,0.0,0.0,0.0,0.0,0.22450221988228256,0.0,0.0,0.0,0.0,0.0,0.0,0.0,0.0,0.0,0.0,0.0,0.0,0.0,0.0,0.0,0.0,0.0,0.0,0.0,0.0,0.0,0.0,0.0,0.0,0.0,0.0,0.0
9d3e25d86425f4cb1cb83594f63474b17fb75437fe4a090d5bf4995eaee2abd2,0.0,0.0,0.0,0.0,0.0,0.0,0.0,0.0,0.0,0.0,0.0,0.0,0.13645051526839175,0.0,0.0,0.0,0.0,0.0,0.0,0.0,0.0,0.19941407550354914,0.0,0.0,0.0,0.0,0.0,0.0,0.0,0.0,0.0,0.5810017192056969,0.0,0.0,0.0,0.0,0.0,0.0,0.0,0.0,0.0,0.0,0.0,0.0,0.0,0.0,0.0,0.0,0.0,0.0,0.0,0.0,0.0,0.0,0.0,0.0,0.0,0.0,0.0,0.0,0.197932068229121,0.0,0.0,0.0,0.0,0.0,0.0,0.0,0.0,0.0,0.0,0.0,0.0,0.0,0.0,0.0,0.0,0.0,0.0,0.11868523591594912,0.0,0.0,0.0,0.0,0.0,0.0,0.0,0.0,0.0,0.0,0.0,0.0,0.0,0.0,0.0,0.0,0.0,0.0,0.0,0.0,0.0,0.0,0.0,0.0,0.0,0.0,0.0,0.0,0.0,0.0,0.0,0.0,0.0,0.0,0.27430026817309217,0.0,0.0,0.15769162661526187,0.0,0.15390125318176773,0.0,0.0,0.0,0.0,0.0,0.0,0.0,0.0,0.0,0.0,0.0,0.0,0.0,0.0,0.0,0.0,0.0,0.0,0.0,0.0,0.0,0.0,0.0,0.21081965904959907,0.0,0.14121394314378186,0.0,0.0,0.0,0.0,0.0,0.0,0.0,0.0,0.20494737762616666,0.0,0.0,0.0,0.0,0.0,0.5662211413087954
9d48a1d3ff1c1a0c5cd05d1cc0f5a3e04e9ae7ae6b2a6ee12a9608b6c7d83d47,0.0,0.0,0.0,0.0,0.4559139634347317,0.0,0.0,0.0,0.0,0.0,0.0,0.0,0.16386515171967214,0.0,0.0,0.0,0.0,0.0,0.0,0.0,0.0,0.0,0.0,0.0,0.0,0.0,0.0,0.0,0.0,0.0,0.0,0.0,0.0,0.0,0.0,0.0,0.0,0.0,0.0,0.0,0.0,0.0,0.30047224551279567,0.0,0.0,0.0,0.0,0.0,0.0,0.0,0.0,0.0,0.47095465067742437,0.0,0.0,0.0,0.0,0.0,0.0,0.0,0.0,0.0,0.0,0.0,0.0,0.0,0.0,0.0,0.0,0.0,0.0,0.0,0.0,0.0,0.0,0.0,0.0,0.0,0.0,0.1425306027756513,0.0,0.0,0.0,0.0,0.0,0.0,0.0,0.0,0.0,0.0,0.0,0.0,0.0,0.0,0.0,0.0,0.0,0.0,0.0,0.20058106116240124,0.0,0.0,0.22004990704269053,0.0,0.0,0.0,0.0,0.0,0.0,0.0,0.0,0.0,0.0,0.47643893783405783,0.0,0.0,0.0,0.0,0.0,0.0,0.0,0.0,0.0,0.0,0.0,0.0,0.2974655926109158,0.0,0.0,0.0,0.0,0.0,0.0,0.0,0.0,0.0,0.0,0.0,0.0,0.0,0.0,0.0,0.0,0.0,0.0,0.1695856125766443,0.0,0.0,0.0,0.0,0.0,0.0,0.0,0.0,0.0,0.0,0.0,0.0,0.0,0.0,0.0
c79762f99daabb3053394d3b98d951a346c1aeb957606fde0040d3905aca3dfa,0.0,0.0,0.0,0.0,0.0,0.0,0.0,0.0,0.0,0.0,0.22612971713653354,0.0,0.14729345975409938,0.0,0.0,0.0,0.0,0.0,0.0,0.0,0.0,0.2152603751389934,0.0,0.0,0.0,0.0,0.0,0.0,0.0,0.0,0.0,0.0,0.0,0.0,0.0,0.0,0.0,0.0,0.0,0.0,0.0,0.0,0.0,0.25531057455912165,0.0,0.0,0.0,0.0,0.0,0.0,0.0,0.0,0.0,0.0,0.0,0.0,0.0,0.0,0.0,0.0,0.0,0.0,0.0,0.0,0.0,0.0,0.0,0.0,0.0,0.0,0.0,0.0,0.5134606010804945,0.0,0.0,0.14002992046979051,0.2989527914962789,0.23827589341955538,0.0,0.12811647493896405,0.0,0.0,0.0,0.0,0.0,0.0,0.0,0.0,0.30723747696801545,0.0,0.0,0.0,0.0,0.0,0.0,0.0,0.0,0.0,0.0,0.18029628721975471,0.0,0.0,0.0,0.0,0.0,0.0,0.0,0.0,0.0,0.0,0.0,0.0,0.0,0.0,0.0,0.0,0.18404342271799634,0.0,0.1874372780317173,0.0,0.0,0.0,0.0,0.0,0.23278579448407077,0.0,0.0,0.0,0.0,0.0,0.0,0.0,0.0,0.2114616620572377,0.0,0.0,0.0,0.0,0.0,0.0,0.0,0.0,0.0,0.2275722953813443,0.0,0.15243541008440978,0.0,0.0,0.0,0.0,0.0,0.0,0.0,0.0,0.0,0.0,0.0,0.0,0.0,0.0,0.0
60bcf1dac338d9839433c559cc05743bb50eb27ef1bdeb17fe67d4c2e7ba6f78,0.0,0.0,0.0,0.0,0.0,0.0,0.0,0.0,0.0,0.0,0.0,0.0,0.24747383274341733,0.0,0.0,0.0,0.0,0.0,0.0,0.0,0.0,0.0,0.0,0.0,0.0,0.0,0.0,0.0,0.0,0.0,0.0,0.0,0.0,0.0,0.0,0.0,0.0,0.0,0.0,0.0,0.0,0.0,0.0,0.0,0.0,0.0,0.0,0.0,0.0,0.0,0.0,0.0,0.0,0.0,0.0,0.0,0.0,0.0,0.0,0.0,0.0,0.0,0.0,0.0,0.47845482992475596,0.0,0.0,0.4051394649269936,0.0,0.0,0.0,0.0,0.0,0.0,0.0,0.23527006002349335,0.0,0.0,0.0,0.21525378753172372,0.0,0.0,0.0,0.0,0.0,0.0,0.0,0.0,0.0,0.0,0.0,0.0,0.0,0.0,0.0,0.0,0.0,0.0,0.0,0.30292324793082953,0.0,0.0,0.3323256550840502,0.0,0.0,0.0,0.0,0.0,0.0,0.0,0.0,0.0,0.0,0.0,0.0,0.0,0.30921896523631537,0.0,0.0,0.0,0.0,0.0,0.0,0.0,0.0,0.0,0.0,0.0,0.0,0.0,0.0,0.0,0.0,0.0,0.0,0.0,0.0,0.0,0.0,0.0,0.0,0.0,0.0,0.38235362424278274,0.0,0.0,0.0,0.0,0.0,0.0,0.0,0.0,0.0,0.0,0.0,0.0,0.0,0.0,0.0,0.0,0.0
9ecc8cb04d905f1efb4a9b379842f4d72a3935c01459c6b8eec6f9c0d98378a6,0.0,0.0,0.0,0.0,0.0,0.0,0.0,0.0,0.0,0.0,0.0,0.3153858586051637,0.0,0.0,0.0,0.0,0.0,0.0,0.0,0.0,0.0,0.0,0.0,0.0,0.0,0.0,0.0,0.0,0.0,0.0,0.0,0.0,0.0,0.0,0.0,0.0,0.0,0.0,0.0,0.0,0.0,0.0,0.21511126219060134,0.203343703906878,0.0,0.0,0.0,0.0,0.0,0.0,0.0,0.0,0.0,0.0,0.0,0.0,0.0,0.0,0.0,0.0,0.0,0.0,0.0,0.0,0.2268073106212347,0.0,0.0,0.0,0.0,0.0,0.0,0.0,0.0,0.0,0.3518087221525223,0.11152770595296693,0.0,0.18977632557257437,0.0,0.10203916774919537,0.46608909202345855,0.0,0.0,0.0,0.0,0.0,0.0,0.0,0.0,0.0,0.0,0.0,0.0,0.0,0.0,0.0,0.0,0.0,0.0,0.0,0.0,0.0,0.0,0.0,0.0,0.0,0.0,0.0,0.0,0.0,0.0,0.0,0.0,0.0,0.0,0.0,0.0,0.0,0.14928559238491976,0.13231600096702054,0.0,0.0,0.0,0.0,0.0,0.0,0.0,0.0,0.0,0.0,0.0,0.0,0.0,0.16841996329872339,0.0,0.0,0.0,0.0,0.0,0.0,0.0,0.0,0.0,0.0,0.0,0.0,0.0,0.0,0.4239787416817244,0.0,0.0,0.3371614212449458,0.0,0.0,0.0,0.0,0.0,0.0,0.0,0.0,0.0
9f4d88e9eeae7ffc241646d0233acb29bedbc9bc0c124b949567a894f8af6f54,0.0,0.0,0.0,0.0,0.0,0.0,0.0,0.0,0.0,0.0,0.22849484102608164,0.0,0.14883402366073653,0.0,0.0,0.0,0.0,0.0,0.0,0.0,0.0,0.21751181498582664,0.0,0.0,0.0,0.0,0.0,0.0,0.0,0.0,0.0,0.0,0.0,0.0,0.0,0.0,0.0,0.0,0.0,0.0,0.0,0.0,0.0,0.2579809053179022,0.0,0.0,0.0,0.0,0.0,0.0,0.0,0.0,0.0,0.0,0.0,0.0,0.0,0.0,0.0,0.0,0.0,0.0,0.0,0.0,0.0,0.0,0.0,0.0,0.0,0.0,0.0,0.0,0.0,0.0,0.44633755998270713,0.14149451395333806,0.30207958260524237,0.2407680559489488,0.0,0.12945646394775,0.0,0.0,0.0,0.0,0.0,0.0,0.0,0.0,0.0,0.0,0.0,0.0,0.0,0.0,0.0,0.0,0.0,0.0,0.0,0.0,0.0,0.0,0.0,0.0,0.33948727550682606,0.0,0.0,0.0,0.0,0.0,0.0,0.0,0.0,0.0,0.0,0.0,0.18596835987927052,0.0,0.0,0.0,0.2001406163507422,0.0,0.0,0.0,0.23522053526318423,0.0,0.0,0.0,0.0,0.0,0.0,0.0,0.0,0.2136733706065972,0.0,0.0,0.0,0.0,0.0,0.0,0.0,0.0,0.2877490387092611,0.22995250740841164,0.0,0.0,0.0,0.0,0.0,0.0,0.0,0.0,0.0,0.0,0.0,0.0,0.0,0.0,0.0,0.0,0.0
9f932b464d9cdf2675536a0d392210acdd14987ad018aea73ac34214a7a78ce4,0.0,0.0,0.0,0.0,0.0,0.0,0.0,0.0,0.0,0.0,0.0,0.0,0.15461440496488682,0.0,0.0,0.0,0.0,0.0,0.0,0.5032899691141545,0.43704031070210825,0.0,0.0,0.0,0.0,0.0,0.0,0.0,0.0,0.0,0.0,0.0,0.0,0.0,0.2531192756950016,0.0,0.0,0.0,0.0,0.0,0.0,0.0,0.0,0.0,0.0,0.0,0.0,0.0,0.0,0.0,0.0,0.0,0.0,0.0,0.0,0.0,0.0,0.0,0.0,0.0,0.0,0.0,0.0,0.0,0.0,0.0,0.0,0.0,0.0,0.0,0.0,0.0,0.0,0.0,0.0,0.14698984508111887,0.0,0.0,0.0,0.0,0.0,0.0,0.0,0.0,0.0,0.0,0.0,0.0,0.0,0.0,0.0,0.0,0.0,0.0,0.0,0.0,0.0,0.0,0.0,0.18925757608246324,0.0,0.0,0.20762733920503113,0.5743376095657576,0.0,0.0,0.0,0.0,0.0,0.0,0.0,0.0,0.0,0.0,0.0,0.0,0.19319095592397592,0.0,0.0,0.0,0.0,0.0,0.0,0.0,0.0,0.0,0.0,0.0,0.0,0.0,0.0,0.0,0.0,0.0,0.0,0.0,0.0,0.0,0.0,0.0,0.0,0.0,0.0,0.0,0.0,0.0,0.0,0.0,0.0,0.0,0.0,0.0,0.0,0.0,0.0,0.0,0.0,0.0,0.0,0.0,0.0
0017e2bb45469ea5f02edab017f77b7242c9a3330478c748e7e8380149ded601,0.0,0.0,0.0,0.0,0.0,0.0,0.0,0.0,0.0,0.0,0.0,0.0,0.1701590233852186,0.0,0.0,0.0,0.0,0.0,0.0,0.0,0.0,0.0,0.0,0.0,0.0,0.0,0.0,0.0,0.0,0.0,0.0,0.0,0.0,0.0,0.0,0.0,0.0,0.0,0.0,0.0,0.0,0.0,0.0,0.0,0.0,0.0,0.0,0.35493245331798307,0.0,0.0,0.0,0.0,0.0,0.0,0.0,0.0,0.0,0.0,0.0,0.0,0.24682887682935345,0.0,0.0,0.0,0.0,0.6520551669359136,0.0,0.0,0.5805712132103805,0.0,0.0,0.0,0.0,0.0,0.0,0.0,0.0,0.0,0.0,0.14800503899878165,0.0,0.0,0.0,0.0,0.0,0.0,0.0,0.0,0.0,0.0,0.0,0.0,0.0,0.0,0.0,0.0,0.0,0.0,0.0,0.0,0.0,0.0,0.0,0.0,0.0,0.0,0.0,0.0,0.0,0.0,0.0,0.0,0.0,0.0,0.0,0.0,0.0,0.0,0.0,0.0,0.0,0.0,0.0,0.0,0.0,0.0,0.0,0.0,0.0,0.0,0.0,0.0,0.0,0.0,0.0,0.0,0.0,0.0,0.0,0.0,0.0,0.0,0.0,0.0,0.0,0.0,0.0,0.0,0.0,0.0,0.0,0.0,0.0,0.0,0.0,0.0,0.0,0.0,0.0,0.0,0.0
e0044b1cc8966378114308fc13e5f9a618713bc57ba6496607bb88fc971bfcb3,0.0,0.0,0.0,0.0,0.0,0.0,0.0,0.0,0.0,0.0,0.0,0.0,0.0,0.0,0.0,0.0,0.0,0.0,0.0,0.0,0.0,0.0,0.0,0.0,0.0,0.0,0.38309426461216406,0.0,0.0,0.0,0.0,0.0,0.0,0.0,0.0,0.0,0.0,0.0,0.0,0.0,0.0,0.0,0.3341812797920477,0.0,0.3539228000711926,0.0,0.0,0.0,0.0,0.0,0.0,0.0,0.0,0.0,0.0,0.0,0.0,0.0,0.3523514136718609,0.0,0.0,0.0,0.0,0.0,0.0,0.0,0.0,0.0,0.0,0.0,0.0,0.0,0.0,0.0,0.0,0.0,0.0,0.29482275687584225,0.0,0.15852066191275146,0.0,0.0,0.0,0.0,0.0,0.0,0.0,0.0,0.0,0.0,0.0,0.0,0.0,0.0,0.0,0.0,0.0,0.0,0.0,0.22308361827862644,0.0,0.0,0.24473661262173343,0.0,0.0,0.0,0.0,0.0,0.0,0.0,0.0,0.0,0.0,0.0,0.0,0.0,0.0,0.0,0.0,0.20555655752205756,0.0,0.0,0.0,0.0,0.0,0.0,0.0,0.0,0.0,0.0,0.0,0.0,0.0,0.2616450589547803,0.0,0.0,0.0,0.0,0.0,0.0,0.0,0.0,0.3523514136718609,0.0,0.0,0.18861088799886502,0.0,0.0,0.0,0.0,0.0,0.0,0.0,0.0,0.0,0.0,0.0,0.0,0.0,0.0,0.0
19e7ed337ed008c4d94872f8a0cc882f59e3fa705a07bcc8efef9fe87229136b,0.0,0.0,0.0,0.0,0.0,0.0,0.0,0.0,0.0,0.0,0.0,0.0,0.0,0.0,0.0,0.0,0.0,0.0,0.0,0.0,0.0,0.0,0.0,0.0,0.0,0.0,0.38309426461216406,0.0,0.0,0.0,0.0,0.0,0.0,0.0,0.0,0.0,0.0,0.0,0.0,0.0,0.0,0.0,0.3341812797920477,0.0,0.3539228000711926,0.0,0.0,0.0,0.0,0.0,0.0,0.0,0.0,0.0,0.0,0.0,0.0,0.0,0.3523514136718609,0.0,0.0,0.0,0.0,0.0,0.0,0.0,0.0,0.0,0.0,0.0,0.0,0.0,0.0,0.0,0.0,0.0,0.0,0.29482275687584225,0.0,0.15852066191275146,0.0,0.0,0.0,0.0,0.0,0.0,0.0,0.0,0.0,0.0,0.0,0.0,0.0,0.0,0.0,0.0,0.0,0.0,0.0,0.22308361827862644,0.0,0.0,0.24473661262173343,0.0,0.0,0.0,0.0,0.0,0.0,0.0,0.0,0.0,0.0,0.0,0.0,0.0,0.0,0.0,0.0,0.20555655752205756,0.0,0.0,0.0,0.0,0.0,0.0,0.0,0.0,0.0,0.0,0.0,0.0,0.0,0.2616450589547803,0.0,0.0,0.0,0.0,0.0,0.0,0.0,0.0,0.3523514136718609,0.0,0.0,0.18861088799886502,0.0,0.0,0.0,0.0,0.0,0.0,0.0,0.0,0.0,0.0,0.0,0.0,0.0,0.0,0.0
cb83f7793fb45301ea771d25d9b47f50e00e9a0b2faf41f483dac3be63eeb15d,0.0,0.0,0.0,0.0,0.0,0.0,0.0,0.0,0.0,0.0,0.0,0.0,0.1422150022146766,0.48035225176454777,0.0,0.0,0.0,0.0,0.0,0.0,0.0,0.0,0.0,0.49035405962697737,0.0,0.0,0.0,0.0,0.0,0.0,0.0,0.0,0.0,0.0,0.23282021077995313,0.0,0.0,0.0,0.0,0.0,0.0,0.0,0.0,0.0,0.0,0.0,0.0,0.0,0.0,0.0,0.0,0.0,0.0,0.0,0.0,0.0,0.0,0.0,0.0,0.0,0.0,0.0,0.0,0.0,0.0,0.0,0.0,0.0,0.0,0.0,0.0,0.0,0.0,0.0,0.0,0.13520189886895503,0.0,0.0,0.0,0.12369921106883526,0.0,0.0,0.0,0.0,0.0,0.0,0.0,0.0,0.2966443896448831,0.0,0.0,0.0,0.0,0.0,0.0,0.0,0.0,0.0,0.0,0.1740799416964049,0.0,0.0,0.19097652971970303,0.0,0.0,0.0,0.2273749517147556,0.0,0.0,0.0,0.0,0.0,0.0,0.0,0.0,0.0,0.1776978815836937,0.16435346531461834,0.1809747218572734,0.16040296380732436,0.0,0.0,0.0,0.0,0.0,0.0,0.0,0.0,0.0,0.0,0.0,0.0,0.0,0.0,0.0,0.0,0.0,0.0,0.0,0.0,0.0,0.0,0.2749521189495612,0.0,0.0,0.14717966581096706,0.0,0.0,0.0,0.0,0.0,0.0,0.0,0.0,0.0,0.0,0.0,0.0,0.0,0.0,0.0
20fdea0c17ffb565895491b930cc6ad3df6ca3cc85780ddda1dad5a0ecd1983b,0.0,0.0,0.0,0.0,0.0,0.0,0.0,0.0,0.0,0.0,0.0,0.0,0.22544121285980354,0.0,0.0,0.0,0.0,0.0,0.0,0.0,0.0,0.0,0.0,0.0,0.0,0.0,0.0,0.0,0.0,0.0,0.0,0.0,0.0,0.0,0.0,0.0,0.0,0.0,0.0,0.0,0.0,0.0,0.0,0.0,0.0,0.0,0.0,0.0,0.0,0.0,0.0,0.0,0.0,0.0,0.0,0.0,0.0,0.0,0.0,0.0,0.0,0.0,0.0,0.0,0.0,0.0,0.0,0.0,0.0,0.0,0.0,0.0,0.0,0.0,0.0,0.21432394323599835,0.0,0.0,0.0,0.1960897214701947,0.0,0.0,0.0,0.0,0.0,0.0,0.0,0.0,0.0,0.0,0.0,0.0,0.0,0.0,0.0,0.0,0.0,0.0,0.0,0.0,0.0,0.0,0.0,0.0,0.0,0.0,0.0,0.0,0.0,0.0,0.0,0.0,0.0,0.0,0.0,0.0,0.2816891700804785,0.26053541455709683,0.28688366316573344,0.2542730242512946,0.3031561076079603,0.0,0.0,0.0,0.0,0.0,0.0,0.0,0.0,0.0,0.0,0.0,0.0,0.0,0.0,0.0,0.0,0.0,0.0,0.0,0.0,0.0,0.0,0.3483126431391456,0.0,0.0,0.0,0.0,0.0,0.0,0.0,0.0,0.0,0.0,0.0,0.0,0.0,0.5978131039471042,0.0,0.0,0.0
3c34c23aef8934651937c31be7420d2fc8a22ca260f5afdda0f08f4d3730ae59,0.0,0.28535262828573543,0.0,0.0,0.3707759565306107,0.0,0.0,0.0,0.0,0.0,0.20459237827786225,0.0,0.1332647456400906,0.0,0.0,0.0,0.0,0.2611383851387301,0.0,0.0,0.0,0.19475826820267253,0.0,0.0,0.0,0.0,0.0,0.44160235238432566,0.0,0.0,0.0,0.0,0.0,0.0,0.21816774381247928,0.0,0.0,0.0,0.0,0.0,0.0,0.0,0.0,0.0,0.0,0.0,0.0,0.0,0.0,0.0,0.0,0.0,0.0,0.0,0.0,0.0,0.0,0.0,0.0,0.0,0.0,0.0,0.0,0.0,0.2576480935513835,0.0,0.0,0.0,0.0,0.0,0.0,0.0,0.0,0.0,0.0,0.12669300975455827,0.0,0.0,0.0,0.11591424000461033,0.0,0.0,0.0,0.0,0.0,0.0,0.0,0.0,0.0,0.0,0.0,0.0,0.0,0.0,0.0,0.0,0.0,0.0,0.0,0.0,0.0,0.0,0.0,0.0,0.30397408002347526,0.0,0.0,0.0,0.0,0.0,0.0,0.0,0.0,0.0,0.0,0.0,0.1665145211212465,0.154009931506085,0.0,0.0,0.17920424157200826,0.0,0.0,0.0,0.0,0.0,0.24191645459669442,0.0,0.0,0.0,0.0,0.0,0.0,0.0,0.0,0.0,0.0,0.0,0.0,0.0,0.0,0.0,0.0,0.20589756062052417,0.0,0.0,0.0,0.0,0.0,0.0,0.0,0.0,0.0,0.0,0.0,0.0,0.0,0.0,0.0,0.0,0.0
22e83b1f2a1d5a6e73e51efc8a3169810070bc333fa40ba34786321210d3b670,0.0,0.0,0.0,0.0,0.0,0.0,0.0,0.0,0.0,0.0,0.15441819463729323,0.0,0.10058293277471307,0.0,0.0,0.0,0.0,0.0,0.0,0.0,0.0,0.14699579925552192,0.0,0.0,0.0,0.0,0.0,0.33330390201611904,0.0,0.0,0.0,0.0,0.0,0.0,0.0,0.0,0.0,0.0,0.4173834219670158,0.0,0.0,0.2907422872752329,0.0,0.17434505510580753,0.0,0.0,0.0,0.0,0.0,0.0,0.0,0.0,0.0,0.0,0.0,0.2813043200874668,0.0,0.0,0.0,0.0,0.0,0.0,0.0,0.0,0.0,0.0,0.0,0.0,0.0,0.0,0.0,0.0,0.0,0.0,0.30163762079633566,0.09562284775288105,0.20414720775846368,0.1627125074641124,0.0,0.08748746079854634,0.0,0.0,0.0,0.0,0.0,0.0,0.0,0.0,0.0,0.0,0.0,0.0,0.0,0.0,0.0,0.0,0.0,0.0,0.0,0.0,0.0,0.0,0.0,0.0,0.0,0.0,0.16081312890222427,0.0,0.0,0.0,0.0,0.0,0.0,0.2924454965104439,0.0,0.0,0.12567854163909759,0.11624057445133153,0.127996118546022,0.11344654413563574,0.1352562382226785,0.0,0.0,0.0,0.0,0.0,0.0,0.0,0.0,0.0,0.0,0.0,0.0,0.1444017553436569,0.0,0.0,0.0,0.0,0.0,0.0,0.0,0.0,0.0,0.0,0.0,0.10409423901511206,0.21537282114706102,0.0,0.0,0.0,0.0,0.0,0.0,0.0,0.15107460946980872,0.0,0.0,0.0,0.0,0.0,0.0
25d18c3823a3b210a18e69c823ce4c59fab298c315ac2a5d891027921d1c6d7e,0.0,0.34035156941350353,0.0,0.0,0.0,0.0,0.0,0.0,0.0,0.0,0.0,0.0,0.15895022799887612,0.0,0.0,0.0,0.0,0.0,0.0,0.0,0.0,0.23229602838162905,0.0,0.0,0.0,0.0,0.0,0.0,0.0,0.0,0.0,0.0,0.0,0.0,0.0,0.0,0.0,0.0,0.0,0.0,0.0,0.0,0.0,0.0,0.0,0.0,0.0,0.0,0.0,0.0,0.0,0.0,0.0,0.0,0.0,0.0,0.0,0.0,0.0,0.0,0.23056964872155225,0.0,0.0,0.0,0.0,0.0,0.0,0.0,0.0,0.0,0.0,0.0,0.0,0.0,0.0,0.0,0.0,0.0,0.0,0.13825558131337107,0.0,0.0,0.0,0.0,0.0,0.0,0.0,0.0,0.0,0.0,0.0,0.0,0.0,0.0,0.0,0.0,0.0,0.0,0.0,0.0,0.0,0.0,0.21344979410511322,0.0,0.0,0.0,0.0,0.0,0.0,0.0,0.0,0.0,0.0,0.0,0.31953041789916686,0.0,0.0,0.18369384648132406,0.0,0.1792784676147091,0.0,0.0,0.0,0.0,0.0,0.0,0.0,0.0,0.0,0.0,0.0,0.0,0.0,0.0,0.0,0.0,0.0,0.0,0.0,0.0,0.0,0.0,0.0,0.0,0.0,0.1644991110159918,0.0,0.0,0.0,0.0,0.0,0.0,0.0,0.0,0.23874173239562083,0.0,0.0,0.0,0.0,0.0,0.6595869523232594
82ad9cc131eed3074341a8b1bda30207c6b0505dd165c69cb536d6efdbabb86d,0.0,0.0,0.0,0.0,0.0,0.0,0.0,0.0,0.0,0.0,0.0,0.0,0.22270461792387503,0.0,0.0,0.0,0.0,0.0,0.0,0.0,0.0,0.3254691666521555,0.0,0.0,0.0,0.0,0.0,0.0,0.0,0.0,0.0,0.0,0.0,0.0,0.0,0.0,0.0,0.0,0.0,0.0,0.0,0.0,0.40836355949635716,0.0,0.0,0.0,0.0,0.46453661305998967,0.0,0.0,0.0,0.0,0.0,0.0,0.0,0.0,0.0,0.0,0.0,0.0,0.0,0.0,0.0,0.0,0.0,0.0,0.0,0.0,0.0,0.0,0.0,0.0,0.0,0.0,0.0,0.0,0.0,0.0,0.0,0.19370941960810048,0.0,0.0,0.0,0.0,0.0,0.0,0.0,0.0,0.0,0.0,0.0,0.0,0.0,0.0,0.0,0.0,0.0,0.0,0.0,0.0,0.0,0.0,0.2990637726071405,0.0,0.0,0.0,0.0,0.0,0.0,0.0,0.0,0.0,0.0,0.0,0.0,0.0,0.0,0.0,0.0,0.0,0.0,0.0,0.0,0.0,0.0,0.0,0.4042773002843414,0.0,0.0,0.0,0.0,0.0,0.0,0.0,0.0,0.0,0.0,0.0,0.0,0.0,0.0,0.0,0.0,0.34408453150311025,0.0,0.23047913884019458,0.0,0.0,0.0,0.0,0.0,0.0,0.0,0.0,0.0,0.0,0.0,0.0,0.0,0.0,0.0
082fd5bb94abeb41478f187d82cecbc94378d781386f9711010e226deae3004f,0.0,0.0,0.0,0.0,0.0,0.32019530114602396,0.0,0.0,0.0,0.0,0.0,0.0,0.0,0.0,0.0,0.0,0.0,0.0,0.0,0.0,0.0,0.0,0.0,0.0,0.0,0.0,0.0,0.0,0.0,0.0,0.0,0.0,0.0,0.0,0.0,0.0,0.0,0.0,0.0,0.0,0.0,0.0,0.0,0.0,0.0,0.0,0.0,0.0,0.0,0.0,0.0,0.0,0.0,0.0,0.0,0.0,0.0,0.0,0.0,0.0,0.0,0.0,0.0,0.0,0.22250015798306844,0.0,0.0,0.0,0.0,0.0,0.0,0.0,0.0,0.0,0.0,0.10940975458884111,0.0,0.0,0.0,0.10010140714807791,0.45723789204744947,0.0,0.0,0.0,0.0,0.0,0.0,0.0,0.0,0.0,0.0,0.0,0.0,0.0,0.0,0.5788731947002244,0.0,0.0,0.0,0.14087112576949737,0.0,0.0,0.15454439193279004,0.0,0.0,0.0,0.0,0.0,0.0,0.0,0.0,0.0,0.0,0.0,0.0,0.0,0.0,0.0,0.14645060513816952,0.0,0.0,0.0,0.0,0.0,0.0,0.0,0.2089146037315178,0.0,0.0,0.0,0.0,0.0,0.0,0.0,0.0,0.0,0.0,0.0,0.0,0.0,0.0,0.0,0.0,0.0,0.0,0.0,0.0,0.0,0.41592723244792157,0.0,0.0,0.0,0.0,0.0,0.0,0.0,0.0,0.0,0.0,0.0,0.0
84fd08c94c4bc99da0aeb4fecf9bc31f91bd52d4a6869e0e57f0acc9345e832d,0.0,0.0,0.0,0.0,0.0,0.0,0.0,0.0,0.0,0.0,0.0,0.0,0.22395611077782185,0.0,0.0,0.0,0.0,0.0,0.0,0.0,0.0,0.0,0.0,0.0,0.0,0.0,0.0,0.0,0.0,0.0,0.0,0.0,0.0,0.0,0.0,0.0,0.0,0.0,0.0,0.0,0.0,0.0,0.0,0.0,0.0,0.0,0.0,0.4671470854294489,0.0,0.0,0.0,0.0,0.0,0.0,0.0,0.0,0.0,0.0,0.0,0.0,0.0,0.0,0.0,0.0,0.4329867190601499,0.0,0.0,0.36663859722789505,0.0,0.0,0.0,0.0,0.0,0.0,0.0,0.2129120765667206,0.0,0.0,0.0,0.19479797339132104,0.0,0.0,0.0,0.0,0.0,0.0,0.0,0.0,0.0,0.0,0.0,0.0,0.0,0.0,0.0,0.0,0.0,0.0,0.0,0.0,0.0,0.0,0.3007443671892437,0.0,0.0,0.0,0.0,0.0,0.0,0.0,0.0,0.0,0.0,0.0,0.0,0.0,0.27983353256127136,0.2588191281617192,0.0,0.0,0.3011590558672299,0.0,0.0,0.0,0.0,0.0,0.0,0.0,0.0,0.0,0.0,0.0,0.0,0.0,0.0,0.0,0.0,0.0,0.0,0.0,0.0,0.0,0.0,0.0,0.0,0.0,0.0,0.0,0.0,0.0,0.0,0.0,0.0,0.0,0.0,0.0,0.0,0.0,0.0,0.0,0.0
27d029db3120929fbdb81576d9be67aea38dde3af3824de6697755bb781d563a,0.0,0.0,0.0,0.0,0.0,0.0,0.0,0.0,0.0,0.0,0.0,0.0,0.0,0.0,0.0,0.0,0.0,0.0,0.0,0.0,0.0,0.0,0.0,0.0,0.0,0.0,0.38309426461216406,0.0,0.0,0.0,0.0,0.0,0.0,0.0,0.0,0.0,0.0,0.0,0.0,0.0,0.0,0.0,0.3341812797920477,0.0,0.3539228000711926,0.0,0.0,0.0,0.0,0.0,0.0,0.0,0.0,0.0,0.0,0.0,0.0,0.0,0.3523514136718609,0.0,0.0,0.0,0.0,0.0,0.0,0.0,0.0,0.0,0.0,0.0,0.0,0.0,0.0,0.0,0.0,0.0,0.0,0.29482275687584225,0.0,0.15852066191275146,0.0,0.0,0.0,0.0,0.0,0.0,0.0,0.0,0.0,0.0,0.0,0.0,0.0,0.0,0.0,0.0,0.0,0.0,0.0,0.22308361827862644,0.0,0.0,0.24473661262173343,0.0,0.0,0.0,0.0,0.0,0.0,0.0,0.0,0.0,0.0,0.0,0.0,0.0,0.0,0.0,0.0,0.20555655752205756,0.0,0.0,0.0,0.0,0.0,0.0,0.0,0.0,0.0,0.0,0.0,0.0,0.0,0.2616450589547803,0.0,0.0,0.0,0.0,0.0,0.0,0.0,0.0,0.3523514136718609,0.0,0.0,0.18861088799886502,0.0,0.0,0.0,0.0,0.0,0.0,0.0,0.0,0.0,0.0,0.0,0.0,0.0,0.0,0.0
e19a6d86ae39ed1dbbe9b2e092e31133ebc9f2b071c72a98bb5a09dc27d53493,0.0,0.0,0.0,0.0,0.0,0.0,0.0,0.0,0.0,0.0,0.24007483429673923,0.0,0.1563768503814479,0.0,0.0,0.0,0.0,0.3064276150871761,0.0,0.0,0.0,0.22853519451822005,0.0,0.0,0.0,0.0,0.0,0.0,0.0,0.0,0.0,0.0,0.0,0.0,0.0,0.0,0.0,0.0,0.0,0.0,0.0,0.0,0.0,0.0,0.0,0.0,0.0,0.32618440117850334,0.0,0.0,0.0,0.0,0.0,0.0,0.0,0.0,0.0,0.0,0.0,0.0,0.0,0.0,0.0,0.0,0.30233200223232415,0.0,0.0,0.0,0.0,0.0,0.0,0.0,0.0,0.0,0.0,0.14866537834597263,0.3173888102362175,0.25297004902309395,0.0,0.13601724656597533,0.0,0.0,0.0,0.0,0.0,0.0,0.0,0.0,0.0,0.0,0.0,0.0,0.0,0.0,0.0,0.0,0.0,0.0,0.0,0.0,0.0,0.0,0.0,0.0,0.3566923045052453,0.0,0.0,0.0,0.0,0.0,0.0,0.0,0.0,0.0,0.0,0.0,0.1953931344005971,0.18071987381739257,0.19899628423152677,0.0,0.0,0.0,0.0,0.0,0.0,0.0,0.28387202514493837,0.0,0.0,0.0,0.0,0.0,0.0,0.22450221988228256,0.0,0.0,0.0,0.0,0.0,0.0,0.0,0.0,0.0,0.0,0.0,0.0,0.0,0.0,0.0,0.0,0.0,0.0,0.0,0.0,0.0,0.0,0.0,0.0,0.0,0.0,0.0
27faca387d9a8e5c7e43366b3eb4e0e108c9bc1bbfade960a7a41eb134f0eae0,0.0,0.0,0.0,0.0,0.0,0.0,0.0,0.0,0.0,0.0,0.33428444030279525,0.0,0.21774188893727905,0.0,0.0,0.0,0.0,0.0,0.0,0.0,0.0,0.3182164420223501,0.0,0.0,0.0,0.0,0.0,0.0,0.0,0.0,0.0,0.0,0.0,0.0,0.0,0.0,0.0,0.0,0.0,0.0,0.0,0.0,0.0,0.37742209914122116,0.0,0.0,0.0,0.0,0.0,0.0,0.0,0.0,0.0,0.0,0.0,0.0,0.0,0.0,0.0,0.0,0.0,0.0,0.0,0.0,0.0,0.0,0.0,0.3564652933132729,0.0,0.0,0.0,0.0,0.0,0.0,0.0,0.20700429904852277,0.0,0.0,0.0,0.18939281692321855,0.0,0.0,0.0,0.0,0.0,0.0,0.0,0.0,0.0,0.0,0.0,0.0,0.0,0.0,0.0,0.0,0.0,0.0,0.0,0.26652951334802893,0.0,0.0,0.2923994633216208,0.0,0.0,0.0,0.0,0.0,0.0,0.0,0.0,0.0,0.0,0.0,0.0,0.0,0.0,0.0,0.27708594152125754,0.2455890291927331,0.0,0.0,0.0,0.0,0.0,0.0,0.0,0.0,0.0,0.0,0.0,0.0,0.0,0.312600856894992,0.0,0.0,0.0,0.0,0.0,0.0,0.0,0.0,0.0,0.0,0.0,0.0,0.0,0.0,0.0,0.0,0.0,0.0,0.0,0.0,0.0,0.0,0.0,0.0,0.0,0.0,0.0
28cde8bb4d2992dc507ad09b8b34385ec6fc42478b75bb4391db43747afae16a,0.0,0.0,0.0,0.0,0.0,0.0,0.0,0.0,0.3940162564265455,0.0,0.0,0.0,0.0867325614297576,0.0,0.0,0.0,0.0,0.1699564346288667,0.0,0.0,0.0,0.0,0.0,0.0,0.0,0.0,0.0,0.0,0.0,0.0,0.0,0.0,0.0,0.0,0.14198989501177584,0.0,0.0,0.0,0.0,0.0,0.0,0.2507067809188695,0.15903764295448516,0.1503375650798333,0.0,0.0,0.0,0.18091430121295998,0.0,0.0,0.0,0.0,0.0,0.0,0.0,0.0,0.0,0.0,0.0,0.0,0.0,0.0,0.0,0.0,0.16768485163778166,0.0,0.0,0.14198989501177584,0.0,0.0,0.0,0.0,0.0,0.0,0.0,0.0,0.0,0.0,0.0,0.07544034915982371,0.0,0.0,0.0,0.0,0.0,0.0,0.0,0.0,0.0,0.0,0.0,0.0,0.0,0.0,0.0,0.0,0.0,0.0,0.0,0.10616600922370133,0.0,0.0,0.0,0.0,0.0,0.0,0.1386689987700399,0.36930433866581336,0.0,0.0,0.0,0.0,0.0,0.0,0.0,0.0,0.0,0.10023413004681285,0.11037092385671947,0.09782484052514547,0.11663131772745085,0.0,0.0,0.0,0.0,0.0,0.15744624475435798,0.3804163066931558,0.0,0.0,0.0,0.0,0.0,0.12451748791179824,0.0,0.0,0.0,0.0,0.0,0.0,0.0,0.0,0.0,0.0,0.0,0.08976035725746744,0.1857157663346027,0.20096132413212994,0.0,0.0,0.0,0.0,0.0,0.0,0.1302714832909604,0.0,0.3058307573595676,0.0,0.0,0.0,0.0
3d590dced909090620ef7c09e5bac071e45ed9e814a6bc6e1038648929ee1474,0.0,0.0,0.0,0.0,0.0,0.0,0.31986331883191965,0.0,0.0,0.0,0.0,0.0,0.12007965493889401,0.0,0.0,0.0,0.3102486867214234,0.23530159479271415,0.0,0.0,0.0,0.0,0.0,0.0,0.0,0.3170027012878828,0.0,0.0,0.0,0.0,0.0,0.0,0.0,0.0,0.0,0.0,0.0,0.0,0.0,0.0,0.0,0.0,0.0,0.0,0.0,0.0,0.0,0.0,0.0,0.29272804886391246,0.0,0.0,0.0,0.0,0.0,0.0,0.0,0.0,0.0,0.0,0.17418486406991351,0.3184208882186902,0.0,0.0,0.0,0.0,0.0,0.0,0.0,0.0,0.0,0.0,0.0,0.0,0.0,0.11415812052486761,0.0,0.0,0.0,0.0,0.0,0.0,0.0,0.0,0.0,0.0,0.0,0.0,0.2504725619196334,0.0,0.0,0.0,0.0,0.0,0.0,0.0,0.0,0.0,0.0,0.0,0.0,0.0,0.0,0.0,0.0,0.0,0.0,0.0,0.0,0.0,0.0,0.0,0.0,0.0,0.24139067182768592,0.2747472143436038,0.1500397283806414,0.13877233129877314,0.15280653809279363,0.13543671374475896,0.16147393962442957,0.0,0.0,0.0,0.0,0.0,0.0,0.0,0.0,0.0,0.0,0.0,0.30769151720676985,0.0,0.0,0.0,0.0,0.0,0.0,0.0,0.0,0.0,0.0,0.0,0.0,0.0,0.0,0.0,0.0,0.0,0.0,0.0,0.0,0.0,0.0,0.0,0.0,0.0,0.0,0.0,0.0
c785eb3191ed4729934ee9891374ecf45cfc625db0e21a406cc419681d945196,0.0,0.0,0.0,0.0,0.0,0.0,0.0,0.0,0.0,0.0,0.0,0.0,0.3879839734568776,0.0,0.0,0.0,0.0,0.7602724021390181,0.0,0.0,0.0,0.0,0.0,0.0,0.0,0.0,0.0,0.0,0.0,0.0,0.0,0.0,0.0,0.0,0.0,0.0,0.0,0.0,0.0,0.0,0.0,0.0,0.0,0.0,0.0,0.0,0.0,0.0,0.0,0.0,0.0,0.0,0.0,0.0,0.0,0.0,0.0,0.0,0.0,0.0,0.0,0.0,0.0,0.0,0.0,0.0,0.0,0.0,0.0,0.0,0.0,0.0,0.0,0.0,0.0,0.0,0.0,0.0,0.0,0.0,0.0,0.0,0.0,0.0,0.0,0.0,0.0,0.0,0.0,0.0,0.0,0.0,0.0,0.0,0.0,0.0,0.0,0.0,0.0,0.0,0.0,0.0,0.5210127742065257,0.0,0.0,0.0,0.0,0.0,0.0,0.0,0.0,0.0,0.0,0.0,0.0,0.0,0.0,0.0,0.0,0.0,0.0,0.0,0.0,0.0,0.0,0.0,0.0,0.0,0.0,0.0,0.0,0.0,0.0,0.0,0.0,0.0,0.0,0.0,0.0,0.0,0.0,0.0,0.0,0.0,0.0,0.0,0.0,0.0,0.0,0.0,0.0,0.0,0.0,0.0,0.0,0.0,0.0,0.0,0.0,0.0,0.0
29fc28e7fe1f87451e12b9a12800c80c56a3e88d0934ba5090d7e585b32fac30,0.0,0.0,0.0,0.0,0.0,0.0,0.0,0.0,0.0,0.0,0.0,0.0,0.1311701450536547,0.0,0.0,0.0,0.0,0.0,0.0,0.0,0.0,0.0,0.0,0.0,0.0,0.0,0.0,0.0,0.0,0.0,0.0,0.0,0.0,0.0,0.0,0.0,0.0,0.0,0.0,0.0,0.0,0.0,0.2405208649605711,0.2273632865611323,0.0,0.0,0.0,0.0,0.3232872291851595,0.3197642485755995,0.0,0.0,0.0,0.0,0.0,0.0,0.0,0.0,0.0,0.0,0.0,0.0,0.0,0.0,0.0,0.0,0.0,0.0,0.0,0.0,0.0,0.0,0.4572552076345042,0.0,0.0,0.12470170101604225,0.26622825677547113,0.21219328784055114,0.0,0.11409234754592777,0.0,0.0,0.0,0.0,0.0,0.0,0.0,0.0,0.27360606836918205,0.0,0.0,0.0,0.0,0.0,0.0,0.0,0.0,0.0,0.0,0.16056035472812238,0.0,0.0,0.0,0.0,0.0,0.0,0.0,0.0,0.0,0.0,0.0,0.0,0.0,0.0,0.0,0.0,0.16389731420792966,0.0,0.16691966492557248,0.1479455732657685,0.0,0.0,0.0,0.0,0.20730415647702238,0.0,0.0,0.0,0.0,0.0,0.0,0.0,0.0,0.1883142464821002,0.0,0.0,0.0,0.0,0.0,0.0,0.0,0.0,0.0,0.0,0.0,0.13574923751174145,0.0,0.0,0.0,0.0,0.0,0.0,0.0,0.0,0.19701631172819592,0.0,0.0,0.0,0.0,0.0,0.0
33b647a646e62b8b95a40370b3a228fa50d7ac844bf4192456213ed492d74b83,0.0,0.0,0.0,0.0,0.0,0.0,0.31217494092441106,0.0,0.0,0.0,0.0,0.0,0.1171933666031609,0.0,0.0,0.0,0.30279141041498964,0.22964578033542568,0.0,0.0,0.0,0.0,0.0,0.0,0.0,0.309383082464122,0.0,0.0,0.0,0.0,0.0,0.0,0.0,0.0,0.0,0.0,0.0,0.0,0.0,0.0,0.0,0.0,0.0,0.0,0.0,0.0,0.0,0.0,0.0,0.28569190645154646,0.0,0.0,0.0,0.0,0.0,0.0,0.0,0.0,0.0,0.0,0.16999807870912875,0.3107671812190568,0.0,0.0,0.0,0.0,0.0,0.0,0.0,0.0,0.0,0.0,0.0,0.0,0.0,0.11141416484088591,0.0,0.0,0.0,0.0,0.0,0.0,0.0,0.0,0.0,0.0,0.0,0.0,0.24445209130570872,0.0,0.0,0.0,0.0,0.0,0.0,0.0,0.0,0.0,0.0,0.0,0.0,0.0,0.0,0.0,0.0,0.0,0.0,0.0,0.0,0.0,0.0,0.0,0.0,0.0,0.23558849758921419,0.26814326731828425,0.14643330630904247,0.13543673742690562,0.14913361174448406,0.13218129626949682,0.1575926797332346,0.0,0.0,0.0,0.0,0.0,0.0,0.0,0.0,0.0,0.0,0.0,0.30029570617142126,0.0,0.0,0.0,0.0,0.0,0.0,0.0,0.0,0.0,0.0,0.18106685446776222,0.0,0.12128453583172905,0.0,0.0,0.0,0.0,0.0,0.0,0.0,0.0,0.0,0.0,0.0,0.0,0.0,0.0,0.0
37ce65d093b8e5a9c6c1e2ad6beadec53f76b6f4085df3a4cfe32c437d7a598b,0.0,0.0,0.0,0.0,0.0,0.0,0.0,0.0,0.0,0.0,0.0,0.0,0.1303655589501843,0.0,0.0,0.0,0.0,0.0,0.0,0.0,0.0,0.1905212843236253,0.0,0.0,0.0,0.0,0.0,0.0,0.0,0.0,0.0,0.0,0.0,0.0,0.0,0.0,0.0,0.0,0.0,0.0,0.0,0.0,0.0,0.22596866020975018,0.0,0.0,0.0,0.0,0.32130421382807933,0.0,0.0,0.0,0.0,0.0,0.0,0.0,0.0,0.0,0.0,0.0,0.0,0.0,0.0,0.0,0.0,0.0,0.0,0.21342148465751676,0.0,0.0,0.0,0.0,0.0,0.0,0.0,0.0,0.0,0.0,0.0,0.11339251514648795,0.0,0.0,0.0,0.0,0.0,0.0,0.0,0.0,0.0,0.0,0.0,0.0,0.0,0.5179483093863199,0.0,0.0,0.0,0.0,0.0,0.0,0.0,0.0,0.17506424537190088,0.0,0.0,0.0,0.0,0.0,0.0,0.0,0.0,0.0,0.0,0.0,0.0,0.0,0.0,0.0,0.1658957944195201,0.14703808816486455,0.0,0.0,0.0,0.0,0.0,0.0,0.0,0.0,0.0,0.0,0.0,0.0,0.0,0.1871591434993062,0.0,0.0,0.0,0.0,0.0,0.0,0.0,0.0,0.0,0.0,0.0,0.13491656365890725,0.2791447558444368,0.0,0.0,0.0,0.0,0.0,0.0,0.0,0.19580783104451094,0.4652403192911997,0.0,0.0,0.0,0.0,0.0
95d504c99f7a810bbbc5b7bf92362a777e0f3210feb7bb8dff9ff72266f09db6,0.0,0.0,0.0,0.0,0.0,0.0,0.0,0.0,0.0,0.0,0.0,0.0,0.1718844366166761,0.0,0.0,0.0,0.0,0.0,0.0,0.0,0.0,0.0,0.0,0.0,0.0,0.0,0.0,0.0,0.0,0.0,0.0,0.731878168305641,0.0,0.0,0.0,0.0,0.0,0.0,0.0,0.0,0.0,0.0,0.0,0.0,0.0,0.0,0.0,0.35853146992635954,0.0,0.0,0.0,0.0,0.0,0.0,0.0,0.0,0.0,0.0,0.0,0.0,0.0,0.0,0.0,0.0,0.3323136752539417,0.0,0.0,0.2813920482346844,0.0,0.0,0.0,0.0,0.0,0.0,0.0,0.0,0.0,0.0,0.0,0.0,0.0,0.0,0.0,0.0,0.0,0.0,0.0,0.0,0.0,0.0,0.0,0.0,0.0,0.0,0.0,0.0,0.0,0.0,0.0,0.0,0.0,0.0,0.0,0.0,0.0,0.0,0.0,0.0,0.0,0.0,0.0,0.0,0.0,0.0,0.0,0.0,0.21476988917022938,0.0,0.0,0.0,0.0,0.0,0.0,0.0,0.0,0.0,0.0,0.0,0.0,0.0,0.0,0.0,0.0,0.0,0.0,0.0,0.0,0.0,0.0,0.0,0.0,0.0,0.0,0.2655660057580901,0.0,0.0,0.0,0.0,0.0,0.0,0.0,0.0,0.0,0.0,0.0,0.0,0.0,0.0,0.0,0.0,0.0
3e49fe819025e4a6e061584f1a596f535d8c7dae935a079121ef19e0c11b3e60,0.0,0.0,0.0,0.0,0.0,0.0,0.0,0.0,0.0,0.0,0.13929970558437219,0.0,0.09073524629167255,0.0,0.0,0.0,0.0,0.0,0.0,0.0,0.0,0.1326040082681322,0.0,0.0,0.0,0.0,0.0,0.0,0.0,0.0,0.0,0.0,0.0,0.0,0.0,0.0,0.0,0.0,0.0,0.0,0.0,0.0,0.0,0.1572756041046527,0.0,0.0,0.0,0.0,0.2236297470820746,0.0,0.0,0.0,0.2607765334665398,0.0,0.0,0.0,0.0,0.0,0.0,0.0,0.0,0.0,0.0,0.0,0.1754234633674327,0.0,0.0,0.14854269126199166,0.30958259498964125,0.39797241903349606,0.3128530441761204,0.288129199069769,0.0,0.0,0.0,0.08626078403780685,0.0,0.0,0.0,0.07892190140020297,0.0,0.0,0.0,0.0,0.0,0.0,0.0,0.0,0.0,0.0,0.0,0.0,0.0,0.0,0.0,0.0,0.0,0.0,0.0,0.0,0.0,0.0,0.0,0.0,0.20696518711485273,0.0,0.0,0.0,0.0,0.0,0.0,0.0,0.0,0.2638132874112875,0.0,0.0,0.11337384101479113,0.10485990874366959,0.115464512917555,0.10233943114525944,0.12201382231623714,0.0,0.0,0.0,0.0,0.0,0.0,0.0,0.0,0.0,0.0,0.3680050908425023,0.0,0.0,0.0,0.0,0.0,0.0,0.0,0.0,0.0,0.0,0.0,0.0,0.0,0.0,0.0,0.0,0.0,0.0,0.0,0.0,0.0,0.0,0.0,0.0,0.0,0.0,0.0,0.0,0.0
104d9952fbab963d6ffc537895b117544915a901d23772272d11151650ef21f2,0.0,0.0,0.0,0.0,0.0,0.0,0.0,0.0,0.0,0.0,0.0,0.0,0.30269417310836827,0.0,0.0,0.0,0.0,0.5931431240629859,0.0,0.0,0.0,0.0,0.0,0.0,0.0,0.0,0.0,0.0,0.0,0.0,0.0,0.0,0.0,0.0,0.0,0.0,0.0,0.0,0.0,0.0,0.0,0.0,0.5550368516004097,0.0,0.0,0.0,0.0,0.0,0.0,0.0,0.0,0.0,0.0,0.0,0.0,0.0,0.0,0.0,0.0,0.0,0.0,0.0,0.0,0.0,0.0,0.0,0.0,0.0,0.0,0.0,0.0,0.0,0.0,0.0,0.0,0.2877672984109136,0.0,0.0,0.0,0.0,0.0,0.0,0.0,0.0,0.0,0.0,0.0,0.0,0.0,0.0,0.0,0.0,0.0,0.0,0.0,0.0,0.0,0.0,0.0,0.0,0.0,0.0,0.0,0.0,0.0,0.0,0.0,0.0,0.0,0.0,0.0,0.0,0.0,0.0,0.0,0.0,0.0,0.0,0.0,0.0,0.40703998240201367,0.0,0.0,0.0,0.0,0.0,0.0,0.0,0.0,0.0,0.0,0.0,0.0,0.0,0.0,0.0,0.0,0.0,0.0,0.0,0.0,0.0,0.0,0.0,0.0,0.0,0.0,0.0,0.0,0.0,0.0,0.0,0.0,0.0,0.0,0.0,0.0,0.0,0.0,0.0,0.0
fef3d75efe93dfd69e1bc5855fea1b7d6d03a17b9f5127f53b489c60897dd6b9,0.0,0.0,0.0,0.0,0.0,0.5912714797672134,0.0,0.0,0.0,0.0,0.0,0.0,0.2125155150099719,0.0,0.0,0.0,0.0,0.0,0.0,0.0,0.0,0.0,0.0,0.0,0.0,0.0,0.0,0.0,0.0,0.0,0.0,0.0,0.0,0.0,0.0,0.0,0.0,0.0,0.0,0.0,0.0,0.0,0.0,0.0,0.0,0.0,0.0,0.44328329823486945,0.0,0.0,0.0,0.0,0.0,0.0,0.0,0.0,0.0,0.0,0.0,0.0,0.0,0.0,0.0,0.0,0.4108679833471106,0.0,0.0,0.34790919543033855,0.0,0.0,0.0,0.0,0.0,0.0,0.0,0.0,0.0,0.0,0.0,0.0,0.0,0.0,0.0,0.0,0.0,0.0,0.0,0.0,0.0,0.0,0.0,0.0,0.0,0.0,0.0,0.0,0.0,0.0,0.0,0.0,0.0,0.0,0.0,0.0,0.0,0.0,0.0,0.0,0.0,0.0,0.0,0.0,0.0,0.0,0.0,0.0,0.26553848913868294,0.0,0.0,0.0,0.0,0.0,0.0,0.0,0.0,0.0,0.0,0.0,0.0,0.0,0.0,0.0,0.0,0.0,0.0,0.0,0.0,0.0,0.0,0.0,0.0,0.0,0.0,0.0,0.0,0.21993433879499197,0.0,0.0,0.0,0.0,0.0,0.0,0.0,0.0,0.0,0.0,0.0,0.0,0.0,0.0,0.0
191babb0f7c471b06775a0ba0246d78ab83570f5d82308a288382ecf97bc9b8a,0.0,0.0,0.0,0.0,0.0,0.0,0.0,0.0,0.0,0.0,0.0,0.0,0.08883145066825654,0.0,0.0,0.0,0.0,0.0,0.0,0.0,0.25109513443453463,0.12982172750177184,0.0,0.0,0.0,0.0,0.0,0.0,0.0,0.0,0.0,0.0,0.0,0.0,0.0,0.0,0.0,0.0,0.0,0.4215089585621997,0.0,0.0,0.0,0.15397566699088716,0.0,0.0,0.0,0.0,0.21893757561441904,0.0,0.0,0.0,0.0,0.0,0.0,0.0,0.27374841413744055,0.0,0.0,0.0,0.0,0.0,0.0,0.0,0.0,0.0,0.0,0.14542598703653598,0.0,0.0,0.0,0.0,0.0,0.0,0.0,0.0,0.0,0.0,0.0,0.07726597190622897,0.0,0.0,0.0,0.0,0.0,0.0,0.0,0.0,0.0,0.0,0.0,0.0,0.0,0.3529314035430115,0.0,0.0,0.0,0.0,0.0,0.0,0.0,0.0,0.11928925861831381,0.0,0.0,0.0,0.0,0.0,0.0,0.0,0.4215089585621997,0.0,0.0,0.0,0.0,0.0,0.0,0.0,0.1130418509054227,0.10019215796223496,0.0,0.0,0.0,0.0,0.0,0.0,0.0,0.0,0.0,0.0,0.0,0.0,0.0,0.12753075549060316,0.0,0.0,0.0,0.0,0.0,0.0,0.0,0.0,0.0,0.0,0.0,0.09193251780231766,0.19021000491067622,0.20582449839589276,0.0,0.0,0.0,0.0,0.0,0.0,0.13342399498732174,0.31701603402623,0.0,0.0,0.0,0.0,0.0
267fa786176679a2d99bf4d47cbcd8591640452ff393af7d61cfd5c0d8e67f33,0.0,0.0,0.0,0.0,0.0,0.0,0.0,0.0,0.0,0.0,0.0,0.0,0.09312996425796216,0.0,0.0,0.0,0.0,0.0,0.0,0.0,0.0,0.13610374198771605,0.0,0.0,0.3323562960636627,0.0,0.0,0.0,0.0,0.0,0.0,0.0,0.0,0.42307893682787534,0.0,0.0,0.0,0.0,0.0,0.0,0.0,0.0,0.1707682761798396,0.1614264796486256,0.0,0.0,0.0,0.0,0.0,0.0,0.22079323045277396,0.0,0.0,0.0,0.0,0.0,0.0,0.0,0.0,0.0,0.0,0.0,0.0,0.0,0.0,0.0,0.0,0.0,0.0,0.0,0.0,0.0,0.0,0.0,0.2792869532502018,0.08853741035188037,0.18902035998982364,0.15065587755724907,0.0,0.0,0.0,0.0,0.0,0.0,0.0,0.0,0.0,0.0,0.0,0.0,0.0,0.0,0.0,0.0,0.0,0.0,0.0,0.0,0.0,0.0,0.0,0.0,0.12506161171419727,0.0,0.0,0.0,0.0,0.0,0.0,0.0,0.0,0.0,0.0,0.27077594464681115,0.0,0.0,0.11636604509293556,0.0,0.0,0.10504041102286521,0.0,0.0,0.0,0.0,0.0,0.0,0.16905949628155353,0.0,0.0,0.0,0.0,0.0,0.0,0.13370191088047767,0.0,0.0,0.0,0.0,0.0,0.0,0.0,0.0,0.0,0.14388826068957314,0.0,0.09638109062350125,0.0,0.21578425247840988,0.0,0.42307893682787534,0.0,0.0,0.0,0.0,0.13988032156232794,0.0,0.0,0.0,0.0,0.0,0.0
312f082ea8f64609d30ff62b11f564107bf7a4ec9e95944dfd3da57c6cdb4e94,0.0,0.27304895307866406,0.0,0.0,0.0,0.0,0.0,0.0,0.0,0.0,0.0,0.0,0.0,0.0,0.0,0.0,0.0,0.0,0.0,0.0,0.0,0.0,0.0,0.0,0.4550806685519081,0.0,0.0,0.0,0.0,0.0,0.0,0.0,0.0,0.0,0.0,0.0,0.0,0.0,0.0,0.0,0.0,0.0,0.23382539224258392,0.0,0.0,0.0,0.0,0.0,0.0,0.0,0.0,0.0,0.0,0.0,0.0,0.0,0.0,0.0,0.0,0.43508531699982705,0.0,0.0,0.0,0.0,0.24653896699515954,0.0,0.0,0.20876090891961668,0.0,0.0,0.0,0.0,0.0,0.0,0.0,0.12123033134016661,0.0,0.0,0.0,0.11091631456246874,0.0,0.0,0.0,0.0,0.0,0.0,0.0,0.0,0.0,0.0,0.0,0.0,0.0,0.0,0.0,0.0,0.0,0.0,0.0,0.15609077378407948,0.0,0.0,0.17124129298328186,0.0,0.0,0.0,0.20387835500410714,0.0,0.41874792520809895,0.0,0.0,0.0,0.0,0.0,0.0,0.0,0.15933484102702514,0.0,0.16227305739408893,0.1438271548919184,0.0,0.0,0.0,0.0,0.0,0.0,0.0,0.0,0.0,0.0,0.0,0.0,0.0,0.0,0.0,0.0,0.0,0.0,0.0,0.0,0.0,0.0,0.0,0.0,0.0,0.0,0.0,0.0,0.0,0.0,0.0,0.0,0.0,0.0,0.0,0.0,0.0,0.0,0.0,0.0,0.0
973f558936e9cd63c00eba6da49d86b6f34f3e0af54a314356d6271faa328745,0.0,0.0,0.0,0.0,0.0,0.0,0.0,0.0,0.0,0.0,0.0,0.0,0.0,0.0,0.0,0.0,0.0,0.0,0.0,0.4819421202726551,0.41850254706073836,0.0,0.0,0.0,0.0,0.0,0.0,0.0,0.0,0.0,0.0,0.0,0.0,0.0,0.0,0.0,0.0,0.0,0.0,0.0,0.0,0.0,0.27148405090790434,0.0,0.0,0.0,0.0,0.3088284411667459,0.0,0.0,0.0,0.0,0.0,0.0,0.0,0.0,0.0,0.0,0.0,0.0,0.0,0.0,0.0,0.0,0.0,0.0,0.0,0.0,0.0,0.0,0.0,0.0,0.0,0.0,0.0,0.14075503575330686,0.0,0.0,0.0,0.12877989896817732,0.0,0.0,0.0,0.0,0.0,0.0,0.0,0.0,0.0,0.0,0.0,0.0,0.0,0.0,0.0,0.0,0.0,0.0,0.0,0.18122991335469565,0.0,0.0,0.19882049359967713,0.0,0.0,0.0,0.0,0.0,0.0,0.0,0.0,0.0,0.0,0.0,0.0,0.0,0.0,0.0,0.0,0.0,0.19909464206808564,0.0,0.0,0.0,0.0,0.0,0.0,0.0,0.41192945939983067,0.0,0.0,0.0,0.0,0.0,0.0,0.0,0.0,0.0,0.0,0.0,0.0,0.0,0.2862452055551672,0.0,0.0,0.15322476456829764,0.0,0.0,0.0,0.0,0.0,0.0,0.0,0.0,0.0,0.0,0.0,0.0,0.0,0.0,0.0
5e5cfffc1cbefb7bc0439640a28eb44fabed540e073b48fa9c642b881b684040,0.0,0.0,0.0,0.0,0.0,0.0,0.31126295158419065,0.0,0.0,0.0,0.0,0.0,0.11685099735093926,0.0,0.0,0.0,0.30190683416491954,0.22897489207299074,0.0,0.0,0.0,0.0,0.0,0.0,0.0,0.30847924927233444,0.0,0.0,0.0,0.0,0.0,0.0,0.0,0.0,0.0,0.0,0.0,0.0,0.0,0.0,0.0,0.0,0.0,0.0,0.0,0.0,0.0,0.0,0.0,0.2848572847727547,0.0,0.0,0.0,0.0,0.0,0.0,0.0,0.0,0.0,0.0,0.1695014455226802,0.3098593045146587,0.0,0.0,0.0,0.0,0.0,0.0,0.0,0.0,0.0,0.0,0.0,0.0,0.0,0.1110886789758656,0.0,0.0,0.0,0.0,0.0,0.0,0.0,0.0,0.0,0.0,0.0,0.0,0.24373794781678795,0.0,0.0,0.0,0.0,0.0,0.0,0.0,0.0,0.0,0.0,0.14303283401361883,0.0,0.0,0.0,0.0,0.0,0.0,0.0,0.0,0.0,0.0,0.0,0.0,0.0,0.0,0.2349002482446522,0.2673599123163677,0.1460055153594819,0.13504107190538167,0.14869793210992788,0.13179514120907676,0.15713228773768273,0.0,0.0,0.0,0.0,0.0,0.0,0.0,0.0,0.0,0.0,0.0,0.29941842088346277,0.0,0.0,0.0,0.0,0.0,0.0,0.0,0.0,0.0,0.0,0.18053788490776854,0.0,0.0,0.0,0.0,0.0,0.0,0.0,0.0,0.0,0.0,0.0,0.0,0.0,0.0,0.0,0.0,0.0
3ea80d14d46563e000b4300a80edd83c1c382f1240723ff79d197de4b1fc83bc,0.0,0.0,0.0,0.0,0.0,0.0,0.0,0.0,0.0,0.0,0.0,0.0,0.2434513970752988,0.0,0.0,0.0,0.0,0.0,0.0,0.7924659163720928,0.0,0.0,0.0,0.0,0.0,0.0,0.0,0.0,0.0,0.0,0.0,0.0,0.0,0.0,0.0,0.0,0.0,0.0,0.0,0.0,0.0,0.0,0.0,0.0,0.0,0.0,0.0,0.0,0.0,0.0,0.0,0.0,0.0,0.0,0.0,0.0,0.0,0.0,0.0,0.0,0.0,0.0,0.0,0.0,0.0,0.0,0.0,0.0,0.0,0.0,0.0,0.0,0.0,0.0,0.0,0.23144598427945268,0.0,0.0,0.0,0.0,0.0,0.0,0.0,0.0,0.0,0.0,0.0,0.0,0.0,0.0,0.0,0.0,0.0,0.0,0.0,0.0,0.0,0.0,0.0,0.29799953836658394,0.0,0.0,0.32692403927028096,0.0,0.0,0.0,0.0,0.0,0.0,0.0,0.0,0.0,0.0,0.0,0.0,0.0,0.0,0.0,0.0,0.0,0.0,0.0,0.0,0.0,0.0,0.0,0.0,0.0,0.0,0.0,0.0,0.0,0.0,0.0,0.0,0.0,0.0,0.0,0.0,0.0,0.0,0.0,0.0,0.0,0.0,0.2519501789879222,0.0,0.0,0.0,0.0,0.0,0.0,0.0,0.0,0.0,0.0,0.0,0.0,0.0,0.0,0.0
841f916fd211961d16b57c00fede97127720d6d2ea52e914fa13661b1d728410,0.0,0.0,0.0,0.0,0.0,0.0,0.0,0.0,0.0,0.0,0.2003807402118663,0.0,0.13052142313552104,0.0,0.0,0.0,0.0,0.0,0.0,0.0,0.0,0.1907490702895625,0.0,0.0,0.0,0.0,0.0,0.0,0.0,0.0,0.0,0.0,0.0,0.0,0.0,0.0,0.0,0.0,0.0,0.0,0.0,0.0,0.0,0.2262388268198491,0.0,0.0,0.0,0.0,0.3216883629847803,0.0,0.0,0.0,0.0,0.0,0.0,0.0,0.0,0.0,0.0,0.0,0.0,0.0,0.0,0.0,0.0,0.0,0.0,0.0,0.0,0.0,0.0,0.0,0.0,0.0,0.0,0.12408496977247635,0.2649115844082482,0.21114385363700805,0.0,0.11352808647482739,0.0,0.0,0.0,0.0,0.0,0.0,0.0,0.0,0.2722529079117253,0.0,0.0,0.0,0.0,0.0,0.0,0.0,0.0,0.0,0.0,0.15976627905447846,0.0,0.0,0.0,0.0,0.29771661912840586,0.0,0.0,0.0,0.0,0.0,0.0,0.0,0.0,0.0,0.0,0.0,0.1630867350932505,0.0,0.16609413831537886,0.14721388591397744,0.0,0.0,0.0,0.0,0.20627890221682582,0.0,0.0,0.0,0.0,0.0,0.0,0.0,0.0,0.1873829097122903,0.0,0.0,0.0,0.0,0.0,0.0,0.0,0.0,0.0,0.20165905471280465,0.0,0.13507786899486,0.27947849943677117,0.30242111599767646,0.0,0.0,0.0,0.0,0.0,0.0,0.19604193757014604,0.0,0.0,0.0,0.0,0.0,0.0
339a586e6e541cb228df0082d135fda48413e258c94686ae2786f60d7955dd4e,0.0,0.0,0.0,0.0,0.0,0.0,0.0,0.0,0.0,0.0,0.21740541243877323,0.0,0.1416107346388233,0.0,0.0,0.0,0.0,0.0,0.0,0.0,0.0,0.2069554202403285,0.0,0.0,0.0,0.0,0.0,0.0,0.0,0.0,0.0,0.0,0.0,0.0,0.0,0.0,0.0,0.0,0.0,0.0,0.0,0.0,0.0,0.24546044396496733,0.0,0.0,0.0,0.0,0.3490195273134259,0.3452161323256865,0.0,0.0,0.0,0.0,0.0,0.0,0.0,0.0,0.2737838550687747,0.0,0.0,0.0,0.0,0.0,0.0,0.0,0.0,0.23183096420127441,0.0,0.0,0.0,0.0,0.0,0.0,0.0,0.13462742977351475,0.0,0.0,0.0,0.12317361657287133,0.0,0.0,0.0,0.0,0.0,0.0,0.0,0.0,0.0,0.0,0.0,0.0,0.0,0.0,0.0,0.0,0.0,0.0,0.0,0.0,0.0,0.0,0.0,0.0,0.0,0.0,0.0,0.0,0.0,0.0,0.0,0.0,0.0,0.0,0.0,0.0,0.0,0.0,0.18020576531426155,0.15972141609020502,0.19042728950942373,0.0,0.0,0.0,0.0,0.0,0.0,0.0,0.0,0.0,0.0,0.0,0.0,0.20330326520854636,0.0,0.0,0.0,0.44619205045284127,0.0,0.0,0.0,0.0,0.0,0.0,0.0,0.0,0.30322344539489104,0.0,0.0,0.0,0.0,0.0,0.0,0.0,0.0,0.0,0.0,0.0,0.0,0.0,0.0
bdbfa96d17c2f06f68b3bcc84568cf445915e194f130b0dc2411805cf889b6cc,0.0,0.0,0.0,0.0,0.0,0.0,0.0,0.0,0.0,0.0,0.0,0.0,0.08622634750374207,0.0,0.0,0.0,0.0,0.0,0.0,0.0,0.0,0.0,0.0,0.0,0.0,0.0,0.0,0.0,0.0,0.0,0.0,0.0,0.0,0.0,0.0,0.0,0.0,0.0,0.0,0.0,0.0,0.0,0.15810942097767375,0.0,0.0,0.0,0.0,0.0,0.21251693329941,0.0,0.0,0.0,0.0,0.0,0.0,0.2411526825579281,0.0,0.0,0.0,0.0,0.0,0.0,0.0,0.0,0.0,0.0,0.0,0.0,0.0,0.0,0.0,0.0,0.0,0.0,0.0,0.0,0.0,0.0,0.0,0.07500004214365073,0.0,0.3304222973150347,0.0,0.4337153216450084,0.0,0.0,0.0,0.0,0.0,0.0,0.0,0.0,0.0,0.0,0.0,0.0,0.0,0.0,0.0,0.10554637212948204,0.0,0.0,0.1157909387914802,0.0,0.0,0.0,0.13785965822795437,0.3671488967407874,0.0,0.0,0.0,0.0,0.0,0.0,0.0,0.0,0.10773996448690507,0.09964911431967048,0.0,0.097253886597719,0.0,0.0,0.0,0.0,0.0,0.0,0.0,0.0,0.0,0.0,0.0,0.0,0.0,0.0,0.0,0.0,0.0,0.0,0.0,0.0,0.0,0.0,0.0,0.0,0.2585837337756133,0.08923647162444992,0.0,0.19978841491338636,0.0,0.0,0.0,0.0,0.0,0.0,0.12951115478321773,0.0,0.3040457785024094,0.0,0.0,0.0,0.3578086956903368
328a8b05fbe3718e41a3e3ec07593e68de43cfb1ca77fb8f29e1d3d79ea87f05,0.0,0.0,0.0,0.0,0.0,0.0,0.31217494092441106,0.0,0.0,0.0,0.0,0.0,0.1171933666031609,0.0,0.0,0.0,0.30279141041498964,0.22964578033542568,0.0,0.0,0.0,0.0,0.0,0.0,0.0,0.309383082464122,0.0,0.0,0.0,0.0,0.0,0.0,0.0,0.0,0.0,0.0,0.0,0.0,0.0,0.0,0.0,0.0,0.0,0.0,0.0,0.0,0.0,0.0,0.0,0.28569190645154646,0.0,0.0,0.0,0.0,0.0,0.0,0.0,0.0,0.0,0.0,0.16999807870912875,0.3107671812190568,0.0,0.0,0.0,0.0,0.0,0.0,0.0,0.0,0.0,0.0,0.0,0.0,0.0,0.11141416484088591,0.0,0.0,0.0,0.0,0.0,0.0,0.0,0.0,0.0,0.0,0.0,0.0,0.24445209130570872,0.0,0.0,0.0,0.0,0.0,0.0,0.0,0.0,0.0,0.0,0.0,0.0,0.0,0.0,0.0,0.0,0.0,0.0,0.0,0.0,0.0,0.0,0.0,0.0,0.0,0.23558849758921419,0.26814326731828425,0.14643330630904247,0.13543673742690562,0.14913361174448406,0.13218129626949682,0.1575926797332346,0.0,0.0,0.0,0.0,0.0,0.0,0.0,0.0,0.0,0.0,0.0,0.30029570617142126,0.0,0.0,0.0,0.0,0.0,0.0,0.0,0.0,0.0,0.0,0.18106685446776222,0.0,0.12128453583172905,0.0,0.0,0.0,0.0,0.0,0.0,0.0,0.0,0.0,0.0,0.0,0.0,0.0,0.0,0.0
a3225cdecee4f51aef9815859cdbaa70d5ce3b5e97d52518a5e0c5e2ac5deb12,0.0,0.0,0.0,0.0,0.0,0.0,0.0,0.0,0.0,0.0,0.18539886027988195,0.0,0.12076271934043294,0.0,0.0,0.0,0.0,0.0,0.0,0.0,0.0,0.17648732205370768,0.0,0.0,0.0,0.0,0.0,0.0,0.0,0.0,0.0,0.0,0.0,0.0,0.0,0.0,0.0,0.0,0.0,0.0,0.0,0.0,0.0,0.2093236136322732,0.0,0.0,0.0,0.0,0.2976366680730896,0.0,0.0,0.0,0.0,0.0,0.0,0.0,0.0,0.0,0.0,0.0,0.0,0.0,0.0,0.0,0.0,0.0,0.0,0.0,0.0,0.0,0.0,0.0,0.420975232465663,0.0,0.0,0.11480750070768717,0.2451049226202952,0.19535724729838747,0.0,0.10503992459522037,0.0,0.0,0.0,0.0,0.0,0.0,0.0,0.0,0.2518973569083983,0.0,0.0,0.0,0.0,0.0,0.0,0.0,0.0,0.0,0.0,0.14782102320083054,0.0,0.0,0.0,0.0,0.27545722116020754,0.0,0.0,0.0,0.0,0.0,0.0,0.0,0.0,0.0,0.0,0.0,0.15089321848540177,0.0,0.15367576699378194,0.1362071356606742,0.0,0.0,0.0,0.0,0.19085603401978035,0.0,0.0,0.0,0.0,0.0,0.0,0.0,0.0,0.17337283942486081,0.0,0.0,0.0,0.38050339543960227,0.0,0.0,0.0,0.0,0.0,0.1865815989567759,0.0,0.12497849311367706,0.0,0.0,0.0,0.0,0.0,0.0,0.0,0.0,0.0,0.0,0.0,0.0,0.0,0.0,0.0
cdbed3a79d37d581fc5be268df61e13aaafa5c88a001f4e8b298d77c4b37ae13,0.0,0.0,0.0,0.0,0.0,0.0,0.0,0.0,0.0,0.0,0.2841403271390807,0.0,0.18507966299142908,0.0,0.0,0.0,0.47818860248353223,0.0,0.0,0.0,0.0,0.2704825981591127,0.0,0.0,0.0,0.0,0.0,0.0,0.0,0.0,0.0,0.0,0.0,0.0,0.3029939561770108,0.0,0.0,0.0,0.0,0.0,0.0,0.0,0.33937235192581816,0.0,0.0,0.0,0.0,0.0,0.0,0.0,0.0,0.0,0.0,0.0,0.0,0.0,0.0,0.0,0.0,0.0,0.0,0.0,0.0,0.3756452051085612,0.0,0.0,0.0,0.0,0.0,0.0,0.0,0.0,0.0,0.0,0.0,0.1759527580690435,0.0,0.0,0.0,0.16098307450269125,0.0,0.0,0.0,0.0,0.0,0.0,0.0,0.0,0.0,0.0,0.0,0.0,0.0,0.0,0.0,0.0,0.0,0.0,0.0,0.0,0.0,0.0,0.0,0.0,0.4221628159694602,0.0,0.0,0.0,0.0,0.0,0.0,0.0,0.0,0.0,0.0,0.0,0.0,0.0,0.0,0.0,0.0,0.0,0.0,0.0,0.0,0.0,0.0,0.0,0.0,0.0,0.0,0.0,0.0,0.0,0.0,0.0,0.0,0.0,0.0,0.0,0.0,0.0,0.0,0.0,0.0,0.0,0.0,0.0,0.0,0.0,0.0,0.0,0.0,0.0,0.0,0.0,0.0,0.0,0.0,0.0,0.0
1667e1635736f2b2ba9727457f995a67201ddcd818496c9296713ffa18e17a43,0.0,0.0,0.0,0.0,0.0,0.0,0.0,0.0,0.0,0.0,0.0,0.0,0.0,0.0,0.0,0.0,0.0,0.0,0.0,0.0,0.0,0.0,0.0,0.0,0.0,0.0,0.4735303553271016,0.0,0.0,0.0,0.0,0.0,0.0,0.0,0.0,0.0,0.0,0.0,0.0,0.0,0.0,0.0,0.0,0.0,0.43747245719207545,0.0,0.0,0.0,0.0,0.0,0.0,0.0,0.0,0.0,0.0,0.0,0.0,0.0,0.4355301175937914,0.0,0.0,0.0,0.0,0.0,0.0,0.0,0.0,0.0,0.0,0.0,0.0,0.0,0.0,0.0,0.0,0.0,0.0,0.36442081680149596,0.0,0.19594223222899454,0.0,0.0,0.0,0.0,0.0,0.0,0.0,0.0,0.0,0.0,0.0,0.0,0.0,0.0,0.0,0.0,0.0,0.0,0.0,0.0,0.0,0.0,0.0,0.0,0.0,0.0,0.0,0.0,0.0,0.0,0.0,0.0,0.0,0.0,0.0,0.0,0.0,0.0,0.0,0.2540817723329211,0.0,0.0,0.0,0.0,0.0,0.0,0.0,0.0,0.0,0.0,0.0,0.0,0.0,0.3234109439405676,0.0,0.0,0.0,0.0,0.0,0.0,0.0,0.0,0.0,0.0,0.0,0.23313578161521462,0.0,0.0,0.0,0.0,0.0,0.0,0.0,0.0,0.0,0.0,0.0,0.0,0.0,0.0,0.0
03f51ffa9c987630724a451ad872f52bf97bd257ad06b58b6194f5dec29c8f13,0.0,0.3056335681234678,0.0,0.0,0.0,0.0,0.0,0.0,0.0,0.0,0.21913342435141384,0.0,0.14273630475995627,0.0,0.0,0.0,0.0,0.0,0.0,0.0,0.0,0.20860037207271004,0.46871969689910853,0.0,0.0,0.0,0.0,0.0,0.0,0.0,0.0,0.0,0.0,0.0,0.0,0.0,0.0,0.0,0.0,0.0,0.0,0.0,0.0,0.24741144677807791,0.0,0.0,0.0,0.0,0.0,0.0,0.0,0.0,0.0,0.0,0.0,0.0,0.0,0.0,0.0,0.0,0.0,0.0,0.0,0.0,0.0,0.0,0.0,0.0,0.0,0.0,0.0,0.0,0.0,0.0,0.0,0.13569749422042604,0.28970340453059334,0.23090380656998552,0.0,0.12415264222992985,0.0,0.0,0.0,0.0,0.0,0.0,0.0,0.0,0.2977317677200272,0.0,0.0,0.0,0.0,0.0,0.0,0.0,0.0,0.0,0.0,0.0,0.0,0.0,0.0,0.0,0.0,0.0,0.0,0.0,0.0,0.0,0.0,0.0,0.0,0.0,0.0,0.0,0.17834924998026097,0.0,0.18163810182187842,0.1609909360465466,0.0,0.0,0.0,0.0,0.22558356739490001,0.0,0.0,0.0,0.0,0.0,0.0,0.0,0.0,0.20491918847475313,0.0,0.0,0.0,0.0,0.0,0.0,0.0,0.0,0.0,0.22053137025026873,0.0,0.14771916680035527,0.0,0.0,0.0,0.0,0.0,0.0,0.0,0.0,0.0,0.0,0.0,0.0,0.0,0.0,0.0
993afa5ca786935ff44f01d5495e0583034008d30d93eaac100e6d4325dfb89d,0.0,0.0,0.0,0.0,0.0,0.0,0.0,0.0,0.0,0.0,0.0,0.0,0.19319887215562148,0.0,0.0,0.0,0.0,0.0,0.0,0.0,0.0,0.0,0.0,0.0,0.0,0.0,0.0,0.0,0.0,0.0,0.0,0.0,0.0,0.0,0.0,0.0,0.0,0.0,0.0,0.0,0.0,0.0,0.0,0.0,0.0,0.0,0.0,0.0,0.4761657314272253,0.0,0.0,0.0,0.0,0.0,0.0,0.0,0.0,0.0,0.0,0.0,0.0,0.0,0.0,0.0,0.0,0.0,0.0,0.0,0.0,0.0,0.0,0.0,0.0,0.0,0.0,0.0,0.0,0.0,0.0,0.1680451970106766,0.0,0.0,0.0,0.0,0.0,0.0,0.0,0.0,0.0,0.0,0.0,0.0,0.0,0.0,0.0,0.0,0.0,0.0,0.0,0.0,0.0,0.0,0.25944133583280593,0.0,0.0,0.0,0.0,0.0,0.0,0.0,0.0,0.0,0.0,0.0,0.0,0.0,0.0,0.0,0.0,0.2179071913328417,0.0,0.0,0.0,0.0,0.0,0.0,0.0,0.0,0.0,0.0,0.0,0.0,0.0,0.0,0.0,0.0,0.0,0.0,0.0,0.0,0.0,0.0,0.0,0.0,0.0,0.0,0.0,0.4476461957216786,0.0,0.0,0.0,0.5552608739103855,0.0,0.0,0.2901828705501402,0.0,0.0,0.0,0.0,0.0,0.0
06edeee5eaf02a2ee9849ca2b8bc9ec67c39c338c9b184c04f5f0da7c6bedfa5,0.0,0.0,0.0,0.0,0.0,0.5046088134430481,0.0,0.0,0.0,0.0,0.0,0.0,0.18136711398567715,0.0,0.0,0.0,0.0,0.0,0.0,0.0,0.0,0.0,0.0,0.0,0.0,0.0,0.0,0.0,0.0,0.0,0.0,0.0,0.0,0.0,0.0,0.0,0.0,0.0,0.0,0.0,0.0,0.0,0.0,0.0,0.0,0.0,0.0,0.0,0.0,0.0,0.0,0.0,0.0,0.0,0.0,0.0,0.0,0.0,0.0,0.0,0.0,0.0,0.0,0.0,0.0,0.0,0.0,0.0,0.0,0.0,0.0,0.0,0.0,0.0,0.0,0.17242328742667049,0.0,0.0,0.0,0.15775388365844634,0.0,0.0,0.0,0.0,0.0,0.0,0.0,0.0,0.0,0.0,0.0,0.0,0.0,0.0,0.0,0.0,0.0,0.0,0.0,0.22200454337871275,0.0,0.0,0.0,0.0,0.0,0.0,0.0,0.0,0.0,0.0,0.0,0.0,0.0,0.0,0.0,0.0,0.22661851030001354,0.0,0.0,0.20456226254223667,0.0,0.0,0.0,0.0,0.0,0.0,0.0,0.0,0.0,0.0,0.0,0.0,0.0,0.0,0.0,0.0,0.0,0.0,0.0,0.0,0.0,0.0,0.0,0.2802169933771397,0.0,0.1876985606990818,0.38835164102727465,0.4202317420326933,0.0,0.0,0.0,0.0,0.0,0.0,0.27241168218293305,0.0,0.0,0.0,0.0,0.0,0.0
852bffb94dbd3ed18ac11311b701ee80400209a19b3660b544146b41fa3b9768,0.0,0.0,0.0,0.0,0.0,0.0,0.0,0.0,0.0,0.0,0.0,0.0,0.0825181428871299,0.0,0.0,0.0,0.0,0.0,0.0,0.0,0.23324964329256612,0.0,0.27097436064201436,0.0,0.0,0.0,0.0,0.0,0.0,0.0,0.0,0.0,0.0,0.0,0.0,0.0,0.0,0.0,0.3424209644963963,0.0,0.0,0.23852469741009769,0.1513098509880735,0.1430325182614124,0.0,0.0,0.0,0.0,0.0,0.0,0.0,0.0,0.23716026714722527,0.0,0.0,0.0,0.0,0.0,0.0,0.0,0.0,0.0,0.0,0.0,0.0,0.0,0.0,0.1350904695072262,0.0,0.0,0.0,0.0,0.0,0.0,0.0,0.0,0.0,0.133489187181688,0.0,0.07177463006747385,0.0,0.3162123310598592,0.0,0.0,0.0,0.0,0.0,0.0,0.17212350139003627,0.0,0.0,0.0,0.0,0.0,0.0,0.0,0.0,0.0,0.0,0.0,0.0,0.0,0.0,0.0,0.0,0.0,0.0,0.0,0.0,0.0,0.0,0.0,0.0,0.0,0.0,0.0,0.10310655665658228,0.0,0.10500789455836973,0.0930714374774024,0.0,0.0,0.0,0.0,0.0,0.0,0.14979578035642532,0.0,0.0,0.0,0.0,0.0,0.0,0.11846706346582013,0.0,0.35135948580906295,0.0,0.26000104771912486,0.0,0.0,0.0,0.0,0.0,0.12749271569002749,0.0,0.08539881520471573,0.1766916587053966,0.19119642019280175,0.0,0.0,0.0,0.23716026714722527,0.0,0.0,0.12394146667774558,0.0,0.0,0.0,0.0,0.0,0.0
5a9a3c1a7abfcf03bc270126a2a438713a1927cdfa92e6c8c72d7443ceee2eb8,0.0,0.0,0.0,0.0,0.0,0.0,0.0,0.0,0.0,0.0,0.2611351691942299,0.0,0.1700948598050321,0.0,0.0,0.0,0.0,0.0,0.0,0.0,0.0,0.24858322556868764,0.0,0.0,0.0,0.0,0.0,0.0,0.0,0.0,0.0,0.0,0.0,0.0,0.0,0.0,0.0,0.0,0.0,0.0,0.0,0.0,0.0,0.0,0.0,0.0,0.0,0.0,0.0,0.0,0.0,0.0,0.0,0.0,0.0,0.0,0.0,0.0,0.0,0.0,0.0,0.0,0.0,0.0,0.0,0.0,0.0,0.27846233165060047,0.0,0.0,0.0,0.0,0.0,0.0,0.0,0.16170690627121284,0.0,0.0,0.0,0.14794922924506496,0.0,0.0,0.0,0.0,0.0,0.0,0.0,0.0,0.0,0.0,0.0,0.0,0.0,0.0,0.0,0.0,0.0,0.0,0.0,0.20820660842110783,0.0,0.0,0.0,0.0,0.38798279528177154,0.0,0.0,0.0,0.0,0.0,0.0,0.0,0.0,0.0,0.0,0.0,0.0,0.0,0.21645304266915663,0.19184839304037077,0.0,0.0,0.0,0.0,0.2688216241472937,0.0,0.0,0.0,0.0,0.0,0.0,0.0,0.0,0.24419646209555387,0.0,0.0,0.0,0.0,0.0,0.0,0.0,0.0,0.3288537875576931,0.0,0.0,0.0,0.3642149697590989,0.0,0.0,0.0,0.0,0.0,0.0,0.0,0.2554808634922546,0.0,0.0,0.0,0.0,0.0,0.0
d31f7a4a68a38581a88a343cbc9be8480acdba021c3bca39f6d45c4cac352be1,0.0,0.0,0.0,0.0,0.0,0.0,0.30837946476229094,0.0,0.0,0.0,0.0,0.0,0.11576850966882869,0.0,0.0,0.0,0.2991100208168313,0.2268537077801669,0.0,0.0,0.0,0.0,0.0,0.0,0.0,0.3056215501932145,0.0,0.0,0.0,0.0,0.0,0.0,0.0,0.0,0.0,0.0,0.0,0.0,0.0,0.0,0.0,0.0,0.0,0.0,0.0,0.0,0.0,0.0,0.0,0.28221841553828947,0.0,0.0,0.0,0.0,0.0,0.0,0.0,0.0,0.0,0.0,0.1679312130810419,0.30698882083947787,0.0,0.0,0.0,0.0,0.0,0.0,0.0,0.0,0.0,0.0,0.0,0.0,0.0,0.11005957242701726,0.0,0.0,0.0,0.0,0.0,0.0,0.0,0.0,0.0,0.0,0.0,0.0,0.2414800010969822,0.0,0.0,0.0,0.0,0.0,0.0,0.0,0.0,0.0,0.0,0.0,0.0,0.0,0.15546227812168983,0.0,0.0,0.0,0.0,0.0,0.0,0.0,0.0,0.0,0.0,0.0,0.23272417246426425,0.26488313575190725,0.14465294520193178,0.13379007447933866,0.14732041986344796,0.13057421353062162,0.15567664106119733,0.0,0.0,0.0,0.0,0.0,0.0,0.0,0.0,0.0,0.0,0.0,0.29664465977101007,0.0,0.0,0.0,0.0,0.0,0.0,0.0,0.0,0.0,0.0,0.17886541277661486,0.0,0.11980993776431212,0.0,0.0,0.0,0.0,0.0,0.0,0.0,0.0,0.0,0.0,0.0,0.0,0.0,0.0,0.0
3e48de73f972a09dd4a57bbd7ae247a4229df579dade5b13273115f5085b5743,0.0,0.0,0.0,0.0,0.0,0.0,0.0,0.0,0.0,0.0,0.0,0.0,0.2761199680060733,0.0,0.0,0.0,0.0,0.0,0.0,0.0,0.0,0.0,0.0,0.0,0.0,0.0,0.0,0.0,0.0,0.0,0.0,0.0,0.0,0.0,0.45203605914013445,0.0,0.0,0.0,0.0,0.0,0.0,0.0,0.0,0.0,0.0,0.0,0.0,0.0,0.0,0.0,0.0,0.0,0.0,0.0,0.0,0.0,0.0,0.0,0.0,0.0,0.0,0.0,0.0,0.0,0.0,0.0,0.0,0.45203605914013445,0.0,0.0,0.0,0.0,0.0,0.0,0.0,0.0,0.0,0.0,0.0,0.0,0.0,0.0,0.0,0.0,0.0,0.0,0.0,0.0,0.0,0.0,0.0,0.0,0.0,0.0,0.0,0.0,0.0,0.0,0.0,0.0,0.0,0.0,0.37079374506857277,0.0,0.0,0.0,0.0,0.0,0.0,0.0,0.0,0.0,0.0,0.0,0.0,0.0,0.0,0.0,0.351374564082251,0.31143311566876986,0.0,0.0,0.0,0.0,0.0,0.0,0.0,0.0,0.0,0.0,0.0,0.0,0.0,0.396411269442875,0.0,0.0,0.0,0.0,0.0,0.0,0.0,0.0,0.0,0.0,0.0,0.0,0.0,0.0,0.0,0.0,0.0,0.0,0.0,0.0,0.0,0.0,0.0,0.0,0.0,0.0,0.0
172362b2f1f5dca51f1520fc186c1e67c7002f924420c5828b90e099e96b0476,0.0,0.0,0.0,0.0,0.0,0.0,0.3173189220086742,0.0,0.0,0.0,0.0,0.0,0.11912446478555391,0.0,0.0,0.0,0.30778077081348876,0.0,0.0,0.0,0.0,0.0,0.0,0.0,0.0,0.3144810596408737,0.0,0.0,0.0,0.0,0.0,0.0,0.0,0.0,0.0,0.0,0.0,0.0,0.0,0.0,0.0,0.0,0.0,0.0,0.0,0.0,0.0,0.0,0.0,0.2903995032828683,0.0,0.0,0.0,0.0,0.0,0.0,0.0,0.0,0.0,0.0,0.1727992865788295,0.31588796540841835,0.0,0.0,0.0,0.0,0.0,0.0,0.0,0.0,0.0,0.0,0.0,0.0,0.0,0.11325003403257501,0.0,0.0,0.0,0.0,0.0,0.0,0.0,0.0,0.0,0.0,0.0,0.0,0.24848014342918012,0.0,0.0,0.0,0.0,0.0,0.0,0.0,0.0,0.0,0.0,0.145815698495588,0.0,0.0,0.0,0.0,0.0,0.0,0.0,0.0,0.0,0.0,0.0,0.0,0.0,0.0,0.23947049648278432,0.27256169978718553,0.14884621669681833,0.1376684476768549,0.15159101744005274,0.13435936375207644,0.16018947293247598,0.0,0.0,0.0,0.0,0.0,0.0,0.0,0.0,0.0,0.0,0.0,0.305243942655929,0.0,0.0,0.0,0.0,0.0,0.0,0.0,0.0,0.0,0.0,0.18405045229150527,0.0,0.12328304780800939,0.0,0.0,0.0,0.0,0.0,0.0,0.0,0.0,0.0,0.0,0.0,0.0,0.0,0.0,0.0
6d5f838b8826f5fcfc939db18f02b7703b37f9ecab111bda1aeca6030dd3aa13,0.0,0.0,0.0,0.0,0.0,0.0,0.0,0.0,0.0,0.0,0.22316980710662257,0.0,0.14536547171967748,0.0,0.0,0.0,0.0,0.0,0.0,0.0,0.0,0.21244273864484078,0.0,0.0,0.0,0.0,0.0,0.0,0.0,0.0,0.0,0.0,0.0,0.0,0.0,0.0,0.0,0.0,0.0,0.0,0.0,0.0,0.0,0.25196870361907353,0.0,0.0,0.0,0.30321591226100664,0.0,0.0,0.0,0.0,0.0,0.0,0.0,0.0,0.0,0.0,0.0,0.0,0.0,0.0,0.0,0.0,0.0,0.0,0.0,0.0,0.0,0.0,0.0,0.0,0.0,0.0,0.4359357380607618,0.1381970080541441,0.2950396686337697,0.235156996815653,0.0,0.12643950278346575,0.0,0.0,0.0,0.0,0.0,0.0,0.0,0.0,0.0,0.0,0.0,0.0,0.0,0.0,0.0,0.0,0.0,0.0,0.0,0.0,0.0,0.0,0.0,0.0,0.33157558153080213,0.0,0.0,0.0,0.0,0.0,0.0,0.0,0.0,0.0,0.0,0.0,0.18163439846527846,0.0,0.0,0.0,0.0,0.0,0.0,0.0,0.0,0.0,0.0,0.0,0.0,0.0,0.0,0.0,0.0,0.20869374856762346,0.0,0.0,0.0,0.0,0.0,0.0,0.0,0.0,0.0,0.0,0.0,0.0,0.0,0.0,0.0,0.0,0.0,0.4177858698804779,0.0,0.0,0.0,0.0,0.0,0.0,0.0,0.0,0.0
e1a7ddbf735d5c1cb9097d7614840c00e5c4d5107fa687c0ab2a2ec8948ef84e,0.0,0.0,0.0,0.0,0.0,0.0,0.0,0.0,0.0,0.0,0.0,0.0,0.0,0.0,0.0,0.0,0.0,0.0,0.0,0.0,0.0,0.0,0.0,0.0,0.0,0.0,0.4273989266019794,0.0,0.0,0.0,0.0,0.0,0.0,0.0,0.332864440418409,0.0,0.0,0.0,0.0,0.0,0.0,0.0,0.0,0.0,0.39485379663288145,0.0,0.0,0.0,0.0,0.0,0.0,0.0,0.0,0.0,0.0,0.0,0.0,0.0,0.39310068017463523,0.0,0.0,0.0,0.0,0.0,0.0,0.0,0.0,0.0,0.0,0.0,0.0,0.0,0.0,0.0,0.0,0.0,0.0,0.3289188627089938,0.0,0.17685349796174946,0.0,0.0,0.0,0.0,0.0,0.0,0.0,0.0,0.0,0.0,0.0,0.0,0.0,0.0,0.0,0.0,0.0,0.0,0.0,0.0,0.0,0.0,0.2730402806751183,0.0,0.0,0.0,0.0,0.0,0.0,0.0,0.0,0.0,0.0,0.0,0.0,0.0,0.0,0.0,0.0,0.22932907160556815,0.0,0.0,0.0,0.0,0.0,0.0,0.0,0.0,0.0,0.0,0.0,0.0,0.0,0.29190418045332955,0.0,0.0,0.0,0.0,0.0,0.0,0.0,0.0,0.0,0.0,0.0,0.21042364379370423,0.0,0.0,0.0,0.0,0.0,0.0,0.0,0.0,0.0,0.0,0.0,0.0,0.0,0.0,0.0
d12662f643b6daf1cfca3b45633eb2bf92c7928dbd0670718e5d57d24fb851e0,0.0,0.0,0.0,0.0,0.0,0.0,0.0,0.0,0.0,0.0,0.3185378671337651,0.0,0.20748508912030883,0.0,0.0,0.0,0.0,0.0,0.0,0.0,0.0,0.30322675694052403,0.0,0.0,0.0,0.0,0.0,0.0,0.0,0.0,0.0,0.0,0.0,0.0,0.0,0.0,0.0,0.0,0.0,0.0,0.0,0.0,0.0,0.0,0.0,0.0,0.0,0.0,0.0,0.0,0.0,0.0,0.0,0.0,0.0,0.0,0.0,0.0,0.0,0.0,0.0,0.0,0.0,0.0,0.4011423831218001,0.0,0.0,0.0,0.0,0.0,0.0,0.0,0.0,0.0,0.0,0.19725329676340653,0.0,0.0,0.0,0.18047140901482522,0.0,0.0,0.0,0.0,0.0,0.0,0.0,0.0,0.0,0.0,0.0,0.0,0.0,0.0,0.0,0.0,0.0,0.0,0.0,0.25397455721594225,0.0,0.0,0.2786258951004721,0.0,0.47326912140941346,0.0,0.0,0.0,0.0,0.0,0.0,0.0,0.0,0.0,0.0,0.0,0.0,0.23978407950631778,0.0,0.0,0.0,0.0,0.0,0.0,0.3279139575857853,0.0,0.0,0.0,0.0,0.0,0.0,0.0,0.0,0.0,0.0,0.0,0.0,0.0,0.0,0.0,0.0,0.0,0.0,0.0,0.0,0.0,0.0,0.0,0.0,0.0,0.0,0.0,0.0,0.0,0.0,0.0,0.0,0.0,0.0,0.0,0.0
752e7330e3a78a5f97d052bbaad3b72803b4f9d21fe3b90f6619422dbcfe6fac,0.0,0.0,0.0,0.0,0.0,0.0,0.0,0.0,0.0,0.0,0.2145393834654365,0.0,0.13974389763666417,0.0,0.0,0.0,0.0,0.0,0.0,0.0,0.0,0.2042271522365827,0.0,0.0,0.0,0.0,0.0,0.0,0.0,0.0,0.0,0.0,0.0,0.0,0.0,0.0,0.0,0.0,0.0,0.0,0.0,0.403939906212937,0.0,0.24222456894088154,0.0,0.0,0.0,0.0,0.0,0.0,0.0,0.0,0.0,0.0,0.0,0.39082736033460735,0.0,0.0,0.0,0.0,0.0,0.0,0.0,0.0,0.0,0.0,0.0,0.0,0.0,0.0,0.0,0.0,0.0,0.0,0.0,0.13285265282565278,0.0,0.0,0.0,0.12154983384415045,0.0,0.0,0.0,0.0,0.0,0.0,0.0,0.0,0.0,0.0,0.0,0.0,0.0,0.0,0.0,0.0,0.0,0.0,0.0,0.17105515715070155,0.0,0.0,0.0,0.0,0.0,0.0,0.22342412180681426,0.0,0.0,0.0,0.0,0.0,0.0,0.40630624303026025,0.0,0.0,0.17461023230727116,0.0,0.17783013474113382,0.15761582818858907,0.0,0.0,0.0,0.0,0.0,0.0,0.0,0.0,0.0,0.0,0.0,0.0,0.0,0.0,0.0,0.0,0.0,0.0,0.0,0.0,0.0,0.0,0.0,0.0,0.0,0.1446222960517147,0.2992260877847557,0.0,0.0,0.0,0.0,0.0,0.0,0.0,0.20989400665552613,0.0,0.0,0.0,0.0,0.0,0.0
666d74d282cdf637e7ad87e2910a9554ca547e15dc83efd9daf91fe3aca2031a,0.0,0.0,0.0,0.0,0.0,0.0,0.0,0.0,0.0,0.0,0.2965947067676055,0.0,0.19319203622483647,0.0,0.0,0.0,0.0,0.0,0.0,0.0,0.0,0.2823383350560946,0.0,0.0,0.0,0.0,0.0,0.0,0.0,0.0,0.0,0.0,0.0,0.0,0.0,0.0,0.0,0.0,0.0,0.0,0.0,0.0,0.0,0.0,0.0,0.0,0.0,0.0,0.0,0.0,0.0,0.0,0.0,0.0,0.0,0.5403079120616336,0.0,0.0,0.0,0.0,0.0,0.0,0.0,0.0,0.0,0.0,0.0,0.0,0.0,0.0,0.0,0.0,0.0,0.0,0.0,0.18366508270716225,0.0,0.0,0.0,0.16803925108913628,0.0,0.0,0.0,0.0,0.0,0.0,0.0,0.0,0.0,0.0,0.0,0.0,0.0,0.0,0.0,0.0,0.0,0.0,0.0,0.0,0.0,0.0,0.2594321560534691,0.0,0.0,0.0,0.0,0.0,0.0,0.0,0.0,0.0,0.0,0.5617070351505977,0.0,0.0,0.24139377028713233,0.0,0.0,0.0,0.0,0.0,0.0,0.0,0.0,0.0,0.0,0.0,0.0,0.0,0.0,0.0,0.0,0.0,0.0,0.0,0.0,0.0,0.0,0.0,0.0,0.0,0.0,0.0,0.0,0.0,0.0,0.0,0.0,0.0,0.0,0.0,0.0,0.0,0.0,0.0,0.0,0.0,0.0,0.0,0.0
9c2b3a7c5abdcd9cfbafc27cddcdd4054cea214e15d3a1666cf407d2479a1f7e,0.0,0.0,0.0,0.0,0.0,0.0,0.0,0.0,0.0,0.0,0.19591536071239526,0.0,0.12761282180739486,0.0,0.0,0.0,0.0,0.0,0.0,0.0,0.0,0.1864983274930563,0.0,0.0,0.0,0.0,0.0,0.0,0.0,0.0,0.0,0.0,0.0,0.0,0.0,0.0,0.0,0.0,0.0,0.0,0.0,0.0,0.23399795943367105,0.22119721344823673,0.0,0.0,0.0,0.0,0.0,0.0,0.0,0.0,0.0,0.0,0.0,0.0,0.0,0.0,0.24672091702470866,0.0,0.0,0.0,0.0,0.0,0.0,0.0,0.0,0.0,0.0,0.0,0.0,0.0,0.0,0.0,0.382697410894809,0.12131980142531558,0.2590081689555543,0.20643862381066283,0.0,0.11099817272451952,0.0,0.0,0.0,0.0,0.0,0.0,0.0,0.0,0.0,0.0,0.0,0.0,0.0,0.0,0.0,0.0,0.0,0.0,0.0,0.15620597147979676,0.0,0.0,0.0,0.0,0.2910821607153758,0.0,0.0,0.0,0.0,0.0,0.0,0.0,0.0,0.0,0.0,0.0,0.0,0.0,0.0,0.1439333018243953,0.17160396650303833,0.0,0.0,0.0,0.0,0.0,0.2316564764705291,0.0,0.0,0.0,0.0,0.0,0.0,0.18320718003539724,0.0,0.0,0.0,0.0,0.0,0.0,0.0,0.0,0.0,0.0,0.0,0.1320677296650814,0.27325046793729485,0.2956818203440356,0.0,0.0,0.0,0.0,0.0,0.0,0.19167324600759003,0.0,0.0,0.0,0.0,0.0,0.0
06faab22cce2f53162f1a19d3cb5af5081339310ab43030681b88e3d10e5743e,0.0,0.0,0.0,0.0,0.0,0.0,0.0,0.0,0.0,0.0,0.29515839970115915,0.0,0.19225647304559093,0.0,0.0,0.0,0.0,0.0,0.0,0.0,0.0,0.2809710667383646,0.0,0.0,0.0,0.0,0.0,0.0,0.0,0.0,0.0,0.0,0.0,0.0,0.0,0.0,0.0,0.0,0.0,0.0,0.0,0.0,0.3525321495396628,0.0,0.37335773433459357,0.0,0.0,0.40102523090915904,0.0,0.0,0.0,0.0,0.0,0.0,0.0,0.0,0.0,0.0,0.0,0.0,0.0,0.0,0.0,0.0,0.0,0.0,0.0,0.0,0.0,0.0,0.0,0.0,0.0,0.0,0.0,0.18277565531640827,0.0,0.0,0.0,0.16722549427462646,0.0,0.0,0.0,0.0,0.0,0.0,0.0,0.0,0.0,0.0,0.0,0.0,0.0,0.0,0.0,0.0,0.0,0.0,0.0,0.2353337910722826,0.0,0.0,0.0,0.0,0.0,0.0,0.0,0.0,0.0,0.0,0.0,0.0,0.0,0.0,0.0,0.0,0.24022478254005428,0.0,0.24465465100626005,0.0,0.0,0.0,0.0,0.0,0.0,0.0,0.0,0.0,0.0,0.0,0.0,0.0,0.0,0.0,0.0,0.0,0.0,0.0,0.0,0.0,0.0,0.0,0.37170005852026156,0.0,0.0,0.0,0.0,0.0,0.0,0.0,0.0,0.0,0.0,0.0,0.0,0.0,0.0,0.0,0.0,0.0,0.0
4a13391b70f6dd4ab733e3745a787176e0e7fc33c6c0220635f3b6f65d5fd067,0.0,0.0,0.0,0.0,0.0,0.0,0.0,0.0,0.0,0.0,0.0,0.0,0.16647956306184622,0.0,0.0,0.0,0.0,0.0,0.0,0.0,0.0,0.0,0.0,0.0,0.0,0.0,0.0,0.0,0.0,0.0,0.0,0.0,0.0,0.0,0.0,0.0,0.0,0.0,0.0,0.0,0.0,0.4812212928568647,0.30526617539009526,0.28856673587972076,0.0,0.0,0.0,0.0,0.0,0.0,0.0,0.0,0.0,0.0,0.0,0.0,0.0,0.0,0.0,0.0,0.0,0.0,0.0,0.0,0.0,0.0,0.0,0.0,0.0,0.0,0.0,0.0,0.0,0.0,0.0,0.15826989205301079,0.0,0.0,0.0,0.14480462883056894,0.0,0.0,0.0,0.0,0.0,0.0,0.0,0.0,0.0,0.0,0.0,0.0,0.0,0.0,0.0,0.0,0.0,0.0,0.0,0.20378126203381894,0.0,0.0,0.0,0.0,0.0,0.0,0.0,0.0,0.0,0.0,0.0,0.0,0.0,0.0,0.0,0.0,0.20801649068227518,0.0,0.21185242169147717,0.18777073383691625,0.0,0.0,0.0,0.0,0.0,0.0,0.30221155238983777,0.0,0.0,0.0,0.0,0.0,0.0,0.0,0.0,0.0,0.0,0.0,0.0,0.0,0.0,0.0,0.321864134675152,0.25721533300471733,0.0,0.1722912918765872,0.0,0.0,0.0,0.0,0.0,0.0,0.0,0.0,0.2500507221300255,0.0,0.0,0.0,0.0,0.0,0.0
45e4b45aba4996e9ab4b5d097938a84a5867ed6f636c18e6f187379f5885371b,0.0,0.0,0.0,0.0,0.0,0.0,0.0,0.0,0.0,0.0,0.2456341498756618,0.0,0.15999800568935446,0.0,0.0,0.0,0.0,0.0,0.0,0.0,0.0,0.23382729133852592,0.0,0.0,0.0,0.0,0.0,0.0,0.0,0.0,0.0,0.0,0.0,0.0,0.0,0.0,0.0,0.0,0.0,0.0,0.0,0.0,0.0,0.2773319523423429,0.0,0.0,0.0,0.33373772107721383,0.0,0.0,0.0,0.0,0.0,0.0,0.0,0.0,0.0,0.0,0.0,0.0,0.0,0.0,0.0,0.0,0.0,0.0,0.0,0.0,0.0,0.0,0.0,0.0,0.0,0.0,0.47981716616269277,0.15210796222322998,0.32473845420240255,0.2588279738599663,0.0,0.13916694278487074,0.0,0.0,0.0,0.0,0.0,0.0,0.0,0.0,0.0,0.0,0.0,0.0,0.0,0.0,0.0,0.0,0.0,0.0,0.0,0.0,0.0,0.0,0.0,0.0,0.3649520835492529,0.0,0.0,0.0,0.0,0.0,0.0,0.0,0.0,0.0,0.0,0.0,0.19991777397504376,0.0,0.0,0.0,0.0,0.0,0.0,0.0,0.0,0.0,0.0,0.0,0.0,0.0,0.0,0.0,0.0,0.22970092674445874,0.0,0.0,0.0,0.0,0.0,0.0,0.0,0.0,0.0,0.0,0.0,0.0,0.0,0.0,0.0,0.0,0.0,0.0,0.0,0.0,0.0,0.0,0.0,0.0,0.0,0.0,0.0
0b668d0ac89d5da1526be831f7b8c3f2af54c5dbc68c0c9ce886183ec518c051,0.0,0.0,0.0,0.0,0.0,0.0,0.0,0.0,0.0,0.0,0.18234172620257735,0.0,0.11877140275948807,0.0,0.0,0.0,0.0,0.23273801460619617,0.0,0.0,0.0,0.1735771347653494,0.0,0.0,0.0,0.0,0.0,0.0,0.0,0.0,0.0,0.0,0.0,0.0,0.1944406890586188,0.0,0.0,0.0,0.0,0.0,0.0,0.0,0.21778584229366518,0.20587197238996074,0.0,0.0,0.0,0.24774369602491125,0.0,0.0,0.0,0.0,0.0,0.0,0.0,0.0,0.0,0.0,0.0,0.0,0.0,0.0,0.0,0.0,0.0,0.0,0.0,0.0,0.0,0.0,0.0,0.0,0.0,0.0,0.0,0.11291438269059799,0.24106326556627433,0.19213590442139927,0.0,0.10330786900182144,0.0,0.0,0.0,0.0,0.0,0.0,0.0,0.0,0.0,0.0,0.0,0.0,0.0,0.0,0.0,0.0,0.0,0.0,0.0,0.14538352878103158,0.0,0.0,0.0,0.0,0.0,0.0,0.0,0.0,0.0,0.0,0.0,0.0,0.0,0.0,0.0,0.0,0.14840506510857138,0.0,0.0,0.13396114841257736,0.15971470211214306,0.0,0.0,0.0,0.18770891388872746,0.0,0.0,0.0,0.33045184047072973,0.0,0.0,0.0,0.0,0.17051400839059952,0.0,0.0,0.0,0.0,0.0,0.0,0.0,0.0,0.0,0.0,0.0,0.0,0.0,0.0,0.4292502699832934,0.0,0.0,0.3413535087237662,0.0,0.0,0.0,0.0,0.0,0.0,0.0,0.0,0.0
00e90b818309e8e0c0c73f539786c434af5156cb8d4eab78658e8871b972f1bc,0.0,0.0,0.0,0.0,0.0,0.47403349634265296,0.0,0.0,0.0,0.0,0.0,0.0,0.0,0.0,0.0,0.0,0.0,0.0,0.0,0.0,0.0,0.0,0.0,0.0,0.0,0.0,0.0,0.0,0.0,0.0,0.0,0.0,0.0,0.0,0.0,0.0,0.0,0.0,0.0,0.0,0.0,0.0,0.31241400904087313,0.0,0.0,0.0,0.0,0.0,0.41991974109193486,0.0,0.0,0.0,0.0,0.0,0.0,0.47650213303558847,0.0,0.0,0.0,0.0,0.0,0.0,0.0,0.0,0.0,0.0,0.0,0.0,0.0,0.0,0.0,0.0,0.0,0.0,0.0,0.1619757951353809,0.0,0.0,0.0,0.1481952416209342,0.0,0.0,0.0,0.0,0.0,0.0,0.0,0.0,0.0,0.0,0.0,0.0,0.0,0.0,0.0,0.0,0.0,0.0,0.0,0.0,0.0,0.0,0.22879542012591916,0.0,0.0,0.0,0.0,0.0,0.0,0.0,0.0,0.0,0.0,0.0,0.0,0.0,0.0,0.0,0.21681296429607474,0.0,0.0,0.0,0.0,0.0,0.0,0.0,0.30928786178135637,0.0,0.0,0.0,0.0,0.0,0.0,0.0,0.0,0.0,0.0,0.0,0.0,0.0,0.0,0.0,0.0,0.0,0.0,0.17632550723712537,0.0,0.0,0.0,0.0,0.0,0.0,0.0,0.0,0.0,0.0,0.0,0.0,0.0,0.0,0.0
bfc863ff5634087b983d29c2e0429240dffef2a379f0072802e01e69483027d3,0.0,0.0,0.0,0.0,0.0,0.0,0.0,0.0,0.0,0.0,0.0,0.0,0.17552687953129617,0.0,0.0,0.0,0.0,0.0,0.0,0.0,0.0,0.0,0.0,0.0,0.0,0.0,0.3689647889537501,0.0,0.0,0.0,0.0,0.0,0.0,0.0,0.0,0.0,0.0,0.0,0.0,0.0,0.0,0.0,0.3218558374806114,0.0,0.3408692410636563,0.0,0.0,0.0,0.0,0.0,0.0,0.0,0.0,0.0,0.0,0.0,0.0,0.0,0.3393558113291204,0.0,0.0,0.0,0.0,0.0,0.0,0.0,0.0,0.0,0.0,0.0,0.0,0.0,0.0,0.0,0.0,0.16687105471017924,0.0,0.28394895543420245,0.0,0.152674023002301,0.0,0.0,0.0,0.0,0.0,0.0,0.0,0.0,0.0,0.0,0.0,0.0,0.0,0.0,0.0,0.0,0.0,0.0,0.0,0.0,0.0,0.0,0.235710113584317,0.0,0.0,0.0,0.0,0.0,0.0,0.0,0.0,0.0,0.0,0.0,0.0,0.0,0.0,0.0,0.0,0.19797511701452183,0.0,0.0,0.0,0.0,0.0,0.0,0.3186352112756968,0.0,0.0,0.0,0.0,0.0,0.0,0.2519949340817585,0.0,0.0,0.0,0.0,0.0,0.0,0.0,0.0,0.0,0.27119367650640064,0.0,0.18165444621138552,0.0,0.0,0.0,0.0,0.0,0.0,0.0,0.0,0.0,0.0,0.0,0.0,0.0,0.0,0.0
fc0ca51fbc6a446ee39b3cdfc49a571c75ba7398ebb3b1a212882608061bb1e4,0.0,0.0,0.0,0.0,0.0,0.0,0.31217494092441106,0.0,0.0,0.0,0.0,0.0,0.1171933666031609,0.0,0.0,0.0,0.30279141041498964,0.22964578033542568,0.0,0.0,0.0,0.0,0.0,0.0,0.0,0.309383082464122,0.0,0.0,0.0,0.0,0.0,0.0,0.0,0.0,0.0,0.0,0.0,0.0,0.0,0.0,0.0,0.0,0.0,0.0,0.0,0.0,0.0,0.0,0.0,0.28569190645154646,0.0,0.0,0.0,0.0,0.0,0.0,0.0,0.0,0.0,0.0,0.16999807870912875,0.3107671812190568,0.0,0.0,0.0,0.0,0.0,0.0,0.0,0.0,0.0,0.0,0.0,0.0,0.0,0.11141416484088591,0.0,0.0,0.0,0.0,0.0,0.0,0.0,0.0,0.0,0.0,0.0,0.0,0.24445209130570872,0.0,0.0,0.0,0.0,0.0,0.0,0.0,0.0,0.0,0.0,0.0,0.0,0.0,0.0,0.0,0.0,0.0,0.0,0.0,0.0,0.0,0.0,0.0,0.0,0.0,0.23558849758921419,0.26814326731828425,0.14643330630904247,0.13543673742690562,0.14913361174448406,0.13218129626949682,0.1575926797332346,0.0,0.0,0.0,0.0,0.0,0.0,0.0,0.0,0.0,0.0,0.0,0.30029570617142126,0.0,0.0,0.0,0.0,0.0,0.0,0.0,0.0,0.0,0.0,0.18106685446776222,0.0,0.12128453583172905,0.0,0.0,0.0,0.0,0.0,0.0,0.0,0.0,0.0,0.0,0.0,0.0,0.0,0.0,0.0
a60f26144eaf1e71a9b17abecfb91fb9e76ba4ae04ed13e064d1f8860152224a,0.0,0.0,0.0,0.0,0.0,0.0,0.0,0.0,0.0,0.0,0.2456341498756618,0.0,0.15999800568935446,0.0,0.0,0.0,0.0,0.0,0.0,0.0,0.0,0.23382729133852592,0.0,0.0,0.0,0.0,0.0,0.0,0.0,0.0,0.0,0.0,0.0,0.0,0.0,0.0,0.0,0.0,0.0,0.0,0.0,0.0,0.0,0.2773319523423429,0.0,0.0,0.0,0.33373772107721383,0.0,0.0,0.0,0.0,0.0,0.0,0.0,0.0,0.0,0.0,0.0,0.0,0.0,0.0,0.0,0.0,0.0,0.0,0.0,0.0,0.0,0.0,0.0,0.0,0.0,0.0,0.47981716616269277,0.15210796222322998,0.32473845420240255,0.2588279738599663,0.0,0.13916694278487074,0.0,0.0,0.0,0.0,0.0,0.0,0.0,0.0,0.0,0.0,0.0,0.0,0.0,0.0,0.0,0.0,0.0,0.0,0.0,0.0,0.0,0.0,0.0,0.0,0.3649520835492529,0.0,0.0,0.0,0.0,0.0,0.0,0.0,0.0,0.0,0.0,0.0,0.19991777397504376,0.0,0.0,0.0,0.0,0.0,0.0,0.0,0.0,0.0,0.0,0.0,0.0,0.0,0.0,0.0,0.0,0.22970092674445874,0.0,0.0,0.0,0.0,0.0,0.0,0.0,0.0,0.0,0.0,0.0,0.0,0.0,0.0,0.0,0.0,0.0,0.0,0.0,0.0,0.0,0.0,0.0,0.0,0.0,0.0,0.0
779f51468b459d7e4fa2fb6dafabd1771416f00bdd0ad587b1f3119da41edd5e,0.0,0.0,0.0,0.0,0.0,0.0,0.0,0.0,0.0,0.0,0.0,0.0,0.0,0.0,0.0,0.0,0.0,0.24745740602581862,0.0,0.0,0.0,0.0,0.0,0.0,0.0,0.0,0.0,0.0,0.0,0.0,0.0,0.0,0.0,0.0,0.20673798658002987,0.0,0.0,0.0,0.0,0.0,0.0,0.0,0.23155959156190042,0.2188922353197832,0.0,0.0,0.0,0.0,0.0,0.0,0.0,0.0,0.0,0.0,0.0,0.0,0.0,0.0,0.0,0.0,0.0,0.0,0.0,0.0,0.0,0.0,0.0,0.0,0.0,0.0,0.0,0.0,0.0,0.0,0.0,0.12005559251203686,0.0,0.0,0.0,0.1098415199962147,0.0,0.0,0.0,0.0,0.0,0.0,0.0,0.0,0.26341211375076024,0.0,0.0,0.0,0.0,0.0,0.0,0.0,0.0,0.0,0.0,0.15457823240396512,0.0,0.0,0.0,0.0,0.0,0.0,0.0,0.0,0.0,0.0,0.0,0.0,0.0,0.0,0.0,0.0,0.1577908641826237,0.0,0.1607006088230686,0.14243344969023192,0.0,0.0,0.0,0.0,0.0,0.0,0.0,0.0,0.0,0.0,0.0,0.0,0.0,0.18129807577330373,0.0,0.0,0.0,0.0,0.0,0.5992183047497651,0.0,0.0,0.0,0.0,0.0,0.13069152232681056,0.27040307061991165,0.2926006778728,0.0,0.0,0.0,0.0,0.0,0.0,0.18967592138957184,0.0,0.0,0.0,0.0,0.0,0.0
427abc2035bd94beb2512e021757f81b9fbac201eb72018296889a8509e56072,0.0,0.0,0.0,0.0,0.0,0.0,0.0,0.0,0.0,0.0,0.0,0.3123310457629108,0.0,0.3924033874856656,0.0,0.0,0.3001641698395593,0.0,0.0,0.0,0.328389961066353,0.0,0.0,0.40057393997455437,0.0,0.0,0.0,0.0,0.0,0.47119007442513094,0.0,0.0,0.0,0.0,0.19019259106119807,0.0,0.0,0.0,0.0,0.0,0.0,0.0,0.0,0.0,0.0,0.0,0.0,0.0,0.0,0.0,0.0,0.0,0.0,0.0,0.0,0.0,0.0,0.0,0.0,0.0,0.0,0.0,0.0,0.0,0.0,0.0,0.0,0.0,0.0,0.0,0.0,0.0,0.0,0.0,0.0,0.11044745375041448,0.0,0.0,0.0,0.10105082108891193,0.0,0.0,0.0,0.0,0.0,0.0,0.0,0.0,0.0,0.0,0.0,0.0,0.0,0.0,0.0,0.0,0.0,0.0,0.0,0.14220722098011412,0.0,0.0,0.1560101715292912,0.0,0.0,0.0,0.0,0.0,0.0,0.0,0.0,0.0,0.0,0.0,0.0,0.0,0.0,0.0,0.0,0.0,0.0,0.0,0.0,0.0,0.0,0.0,0.0,0.0,0.0,0.0,0.0,0.0,0.0,0.0,0.0,0.0,0.0,0.0,0.0,0.0,0.0,0.0,0.22461046549867017,0.0,0.0,0.1202321821560662,0.0,0.0,0.0,0.0,0.0,0.0,0.0,0.0,0.0,0.0,0.0,0.0,0.0,0.0,0.0
850a0905c028d2db812c6aa8ec5fc3c0c604eded967cacd69df74a02e61378b8,0.0,0.0,0.0,0.0,0.0,0.0,0.3053290310712688,0.0,0.0,0.0,0.0,0.0,0.11462334858449567,0.0,0.0,0.0,0.29615127878280734,0.22460971207935287,0.0,0.0,0.0,0.0,0.0,0.0,0.0,0.3025983972925166,0.0,0.0,0.0,0.0,0.0,0.0,0.0,0.0,0.0,0.0,0.0,0.0,0.0,0.0,0.0,0.0,0.0,0.0,0.0,0.0,0.0,0.0,0.0,0.27942676219766094,0.0,0.0,0.0,0.0,0.0,0.0,0.0,0.0,0.0,0.0,0.16627006800268362,0.3039521431457224,0.0,0.0,0.0,0.0,0.0,0.0,0.0,0.0,0.0,0.0,0.0,0.0,0.0,0.10897088311364272,0.0,0.0,0.0,0.0,0.0,0.0,0.0,0.0,0.0,0.0,0.0,0.0,0.23909132475751807,0.0,0.0,0.0,0.0,0.0,0.0,0.0,0.0,0.0,0.0,0.14030605440989466,0.0,0.0,0.15392447348469493,0.0,0.0,0.0,0.0,0.0,0.0,0.0,0.0,0.0,0.0,0.0,0.23042210719235173,0.2622629598523737,0.14322206452416134,0.1324666473470206,0.145863153010503,0.12928259711109266,0.15413671598491416,0.0,0.0,0.0,0.0,0.0,0.0,0.0,0.0,0.0,0.0,0.0,0.2937103046409601,0.0,0.0,0.0,0.0,0.0,0.0,0.0,0.0,0.0,0.0,0.17709610857955055,0.0,0.1186247996068241,0.0,0.0,0.0,0.0,0.0,0.0,0.0,0.0,0.0,0.0,0.0,0.0,0.0,0.0,0.0
4b402fc22d549d386739470a310d2b3df617cea9667d950fe26fd58f49cd89e4,0.0,0.0,0.0,0.0,0.0,0.33997070801274176,0.0,0.0,0.0,0.0,0.0,0.0,0.0,0.0,0.0,0.0,0.0,0.0,0.0,0.0,0.0,0.0,0.0,0.0,0.0,0.0,0.25685409903192497,0.0,0.0,0.0,0.0,0.0,0.0,0.0,0.0,0.0,0.0,0.0,0.0,0.0,0.0,0.0,0.0,0.0,0.237295439625477,0.0,0.0,0.0,0.0,0.0,0.0,0.0,0.0,0.0,0.0,0.0,0.0,0.0,0.23624186854620238,0.0,0.0,0.0,0.0,0.0,0.0,0.0,0.0,0.0,0.0,0.0,0.0,0.0,0.0,0.0,0.0,0.11616695060151891,0.0,0.19767049675911083,0.0,0.10628371540556683,0.4854771114168652,0.0,0.0,0.0,0.0,0.0,0.0,0.0,0.0,0.0,0.0,0.0,0.0,0.0,0.0,0.0,0.0,0.0,0.0,0.1495713903202065,0.0,0.0,0.16408912359656502,0.0,0.0,0.0,0.0,0.0,0.0,0.0,0.0,0.0,0.0,0.0,0.0,0.0,0.15267996385121368,0.0,0.15549546086253124,0.13781998129333442,0.0,0.0,0.0,0.0,0.0,0.0,0.2218172643089939,0.0,0.0,0.0,0.0,0.0,0.0,0.17542576877787872,0.0,0.0,0.0,0.0,0.0,0.0,0.0,0.0,0.0,0.0,0.0,0.12645837899349627,0.0,0.0,0.44161508676423,0.0,0.0,0.0,0.0,0.0,0.0,0.0,0.0,0.0,0.0,0.0,0.0
788d3574c61374d134c87d8bf84a1b4c55349c41f96317d7b819eab013f80b61,0.0,0.2047979338099549,0.0,0.0,0.0,0.0,0.0,0.0,0.0,0.0,0.0,0.25713180259927576,0.09564427256464866,0.0,0.0,0.0,0.0,0.0,0.0,0.0,0.0,0.0,0.3140781493680276,0.0,0.34132919971106196,0.0,0.0,0.0,0.0,0.0,0.0,0.0,0.0,0.0,0.0,0.0,0.0,0.0,0.0,0.0,0.0,0.0,0.0,0.16578464666751824,0.18573902007632032,0.0,0.0,0.0,0.0,0.0,0.0,0.0,0.0,0.0,0.0,0.0,0.29474322144845777,0.0,0.0,0.0,0.0,0.0,0.0,0.0,0.0,0.0,0.0,0.0,0.0,0.0,0.0,0.0,0.0,0.0,0.28682709902499326,0.09092772960169382,0.1941235023032779,0.1547232615341623,0.0,0.08319179323739949,0.0,0.0,0.0,0.0,0.0,0.0,0.0,0.0,0.0,0.0,0.0,0.0,0.0,0.0,0.0,0.0,0.0,0.0,0.0,0.11707449377609225,0.0,0.0,0.12843800567811664,0.0,0.0,0.0,0.1529171431812249,0.0,0.0,0.0,0.0,0.0,0.0,0.0,0.0,0.0,0.11950767750012734,0.11053311808670518,0.0,0.10787627572094466,0.12861510554294747,0.0,0.0,0.0,0.0,0.0,0.17362373829766284,0.0,0.0,0.0,0.0,0.0,0.0,0.13731157429896118,0.0,0.0,0.0,0.0,0.0,0.0,0.0,0.0,0.18491435500836084,0.0,0.0,0.09898317233472081,0.2047979338099549,0.0,0.0,0.0,0.0,0.0,0.0,0.0,0.0,0.34132919971106196,0.0,0.0,0.0,0.0,0.0
1136cc54d8c5c563ebc7f940ed46f4ed6e95057278a94923dc0fd1f80000d7b0,0.0,0.0,0.0,0.0,0.0,0.0,0.31333511715951795,0.0,0.0,0.0,0.0,0.0,0.11762890751635062,0.0,0.0,0.0,0.30391671341822796,0.0,0.0,0.0,0.0,0.0,0.0,0.0,0.0,0.31053288295341214,0.0,0.0,0.0,0.0,0.0,0.0,0.0,0.0,0.0,0.0,0.0,0.0,0.0,0.0,0.0,0.0,0.0,0.0,0.0,0.0,0.0,0.0,0.0,0.2867536603496844,0.0,0.0,0.0,0.0,0.0,0.0,0.0,0.0,0.0,0.0,0.1706298646248981,0.31192212561412536,0.0,0.0,0.0,0.0,0.0,0.0,0.0,0.0,0.0,0.0,0.0,0.0,0.0,0.11182822775676224,0.0,0.0,0.0,0.0,0.0,0.0,0.0,0.0,0.0,0.0,0.0,0.0,0.24536058032829092,0.0,0.0,0.0,0.0,0.0,0.0,0.0,0.0,0.0,0.0,0.14398504407676976,0.0,0.0,0.15796055410723897,0.0,0.0,0.0,0.0,0.0,0.0,0.0,0.0,0.0,0.0,0.0,0.23646404568848886,0.2691398029320186,0.14697751540380458,0.13594007854601603,0.14968785633467846,0.13267253877026702,0.1581783618552906,0.0,0.0,0.0,0.0,0.0,0.0,0.0,0.0,0.0,0.0,0.0,0.30141173406518196,0.0,0.0,0.0,0.0,0.0,0.0,0.0,0.0,0.0,0.0,0.18173977671096664,0.0,0.12173528128791868,0.0,0.0,0.0,0.0,0.0,0.0,0.0,0.0,0.0,0.0,0.0,0.0,0.0,0.0,0.0
8900cf88a91fa4fbe871385c8747c7097537f1b5f4a003418d84c01dc383dd75,0.0,0.0,0.0,0.0,0.0,0.5235735269020279,0.0,0.0,0.0,0.0,0.0,0.0,0.18818343438276172,0.6356174457185144,0.0,0.0,0.0,0.0,0.0,0.0,0.0,0.0,0.0,0.0,0.0,0.0,0.0,0.0,0.0,0.0,0.0,0.0,0.0,0.0,0.0,0.0,0.0,0.0,0.0,0.0,0.0,0.0,0.0,0.0,0.0,0.0,0.0,0.39252933350509245,0.0,0.0,0.0,0.0,0.0,0.0,0.0,0.0,0.0,0.0,0.0,0.0,0.0,0.0,0.0,0.0,0.3638254279013492,0.0,0.0,0.0,0.0,0.0,0.0,0.0,0.0,0.0,0.0,0.0,0.0,0.0,0.0,0.0,0.0,0.0,0.0,0.0,0.0,0.0,0.0,0.0,0.0,0.0,0.0,0.0,0.0,0.0,0.0,0.0,0.0,0.0,0.0,0.0,0.0,0.0,0.0,0.0,0.0,0.0,0.0,0.0,0.0,0.0,0.0,0.0,0.0,0.0,0.0,0.0,0.0,0.0,0.0,0.0,0.0,0.0,0.0,0.0,0.0,0.0,0.0,0.0,0.0,0.0,0.0,0.0,0.0,0.0,0.0,0.0,0.0,0.0,0.0,0.0,0.0,0.0,0.0,0.0,0.0,0.0,0.0,0.0,0.0,0.0,0.0,0.0,0.0,0.0,0.0,0.0,0.0,0.0,0.0,0.0,0.0
626e1458922127b621d2f25c7fea6aae5a6db80ce562be768f23386fcd8c0b00,0.0,0.22475260050746637,0.0,0.0,0.0,0.0,0.0,0.0,0.0,0.0,0.16114331708875118,0.28218566580358045,0.10496345633299942,0.0,0.0,0.0,0.0,0.0,0.0,0.0,0.0,0.15339766629046114,0.0,0.0,0.0,0.0,0.0,0.0,0.0,0.0,0.0,0.0,0.0,0.0,0.0,0.0,0.0,0.0,0.0,0.0,0.0,0.30340450942033426,0.0,0.1819380194397499,0.20383666476146997,0.0,0.0,0.0,0.0,0.0,0.0,0.0,0.0,0.0,0.0,0.29355550592185586,0.3234617863086512,0.0,0.0,0.0,0.0,0.0,0.0,0.0,0.0,0.0,0.0,0.0,0.0,0.0,0.0,0.0,0.0,0.0,0.0,0.09978735286062265,0.0,0.0,0.0,0.09129765873680962,0.0,0.0,0.0,0.0,0.0,0.0,0.0,0.0,0.0,0.0,0.0,0.0,0.0,0.0,0.0,0.0,0.0,0.0,0.0,0.12848174998527692,0.0,0.0,0.14095247565796623,0.0,0.0,0.0,0.16781675944077457,0.0,0.0,0.0,0.0,0.0,0.0,0.3051818957348341,0.0,0.0,0.1311520131042242,0.1213030096057458,0.1335705236383442,0.11838729546872134,0.14114683140379705,0.0,0.0,0.0,0.16588653437201448,0.0,0.19054091985341448,0.0,0.0,0.0,0.0,0.0,0.0,0.0,0.0,0.0,0.0,0.0,0.0,0.0,0.0,0.0,0.20293164772773586,0.0,0.0,0.10862768473705092,0.22475260050746637,0.0,0.0,0.0,0.0,0.0,0.0,0.0,0.15765411423851222,0.0,0.0,0.0,0.0,0.0,0.0
904ee8689f2ebad91eda611b4dc831076af8ca848a0e3758b03e21f1f05ffb26,0.0,0.0,0.0,0.0,0.0,0.0,0.31217494092441106,0.0,0.0,0.0,0.0,0.0,0.1171933666031609,0.0,0.0,0.0,0.30279141041498964,0.22964578033542568,0.0,0.0,0.0,0.0,0.0,0.0,0.0,0.309383082464122,0.0,0.0,0.0,0.0,0.0,0.0,0.0,0.0,0.0,0.0,0.0,0.0,0.0,0.0,0.0,0.0,0.0,0.0,0.0,0.0,0.0,0.0,0.0,0.28569190645154646,0.0,0.0,0.0,0.0,0.0,0.0,0.0,0.0,0.0,0.0,0.16999807870912875,0.3107671812190568,0.0,0.0,0.0,0.0,0.0,0.0,0.0,0.0,0.0,0.0,0.0,0.0,0.0,0.11141416484088591,0.0,0.0,0.0,0.0,0.0,0.0,0.0,0.0,0.0,0.0,0.0,0.0,0.24445209130570872,0.0,0.0,0.0,0.0,0.0,0.0,0.0,0.0,0.0,0.0,0.0,0.0,0.0,0.0,0.0,0.0,0.0,0.0,0.0,0.0,0.0,0.0,0.0,0.0,0.0,0.23558849758921419,0.26814326731828425,0.14643330630904247,0.13543673742690562,0.14913361174448406,0.13218129626949682,0.1575926797332346,0.0,0.0,0.0,0.0,0.0,0.0,0.0,0.0,0.0,0.0,0.0,0.30029570617142126,0.0,0.0,0.0,0.0,0.0,0.0,0.0,0.0,0.0,0.0,0.18106685446776222,0.0,0.12128453583172905,0.0,0.0,0.0,0.0,0.0,0.0,0.0,0.0,0.0,0.0,0.0,0.0,0.0,0.0,0.0
e80fa82616da921b5f368edb0dea27f5a5ade7a3eb55ca89b32438c1900d7d34,0.0,0.0,0.0,0.0,0.0,0.0,0.0,0.0,0.0,0.0,0.1767717358189905,0.0,0.115143294234945,0.0,0.0,0.0,0.0,0.0,0.0,0.0,0.0,0.1682748762445573,0.0,0.0,0.0,0.0,0.0,0.0,0.0,0.0,0.0,0.0,0.5463597596716492,0.0,0.0,0.0,0.0,0.0,0.0,0.0,0.0,0.0,0.0,0.0,0.0,0.0,0.0,0.0,0.0,0.0,0.0,0.0,0.0,0.0,0.0,0.0,0.0,0.0,0.2226128906213505,0.0,0.0,0.0,0.0,0.0,0.0,0.0,0.0,0.0,0.0,0.0,0.0,0.0,0.0,0.0,0.0,0.10946518848336236,0.0,0.0,0.0,0.1001521248456555,0.0,0.0,0.0,0.0,0.0,0.0,0.0,0.0,0.0,0.0,0.0,0.0,0.0,0.0,0.0,0.0,0.0,0.0,0.0,0.0,0.0,0.0,0.0,0.0,0.26263943076487856,0.0,0.18409239924932946,0.0,0.0,0.0,0.0,0.0,0.0,0.33477983713010384,0.0,0.0,0.14387173747838336,0.1330675324020137,0.0,0.12986903892139412,0.15483589914472057,0.0,0.0,0.0,0.1819749720913784,0.0,0.2090204530696387,0.0,0.0,0.0,0.0,0.0,0.0,0.0,0.0,0.0,0.0,0.0,0.0,0.0,0.0,0.0,0.2226128906213505,0.17789943837670405,0.0,0.11916289633277627,0.24655013958571634,0.0,0.0,0.0,0.0,0.0,0.0,0.0,0.1729441340567554,0.0,0.0,0.0,0.0,0.0,0.0
bf4afdbcf434c5c54b8936ab45a120d6c6f3a73fd60399bd74349d289e6f543f,0.0,0.0,0.0,0.0,0.0,0.0,0.0,0.0,0.0,0.0,0.0,0.0,0.0,0.0,0.0,0.0,0.0,0.0,0.0,0.0,0.0,0.0,0.0,0.0,0.0,0.0,0.38309426461216406,0.0,0.0,0.0,0.0,0.0,0.0,0.0,0.0,0.0,0.0,0.0,0.0,0.0,0.0,0.0,0.3341812797920477,0.0,0.3539228000711926,0.0,0.0,0.0,0.0,0.0,0.0,0.0,0.0,0.0,0.0,0.0,0.0,0.0,0.3523514136718609,0.0,0.0,0.0,0.0,0.0,0.0,0.0,0.0,0.0,0.0,0.0,0.0,0.0,0.0,0.0,0.0,0.0,0.0,0.29482275687584225,0.0,0.15852066191275146,0.0,0.0,0.0,0.0,0.0,0.0,0.0,0.0,0.0,0.0,0.0,0.0,0.0,0.0,0.0,0.0,0.0,0.0,0.0,0.22308361827862644,0.0,0.0,0.24473661262173343,0.0,0.0,0.0,0.0,0.0,0.0,0.0,0.0,0.0,0.0,0.0,0.0,0.0,0.0,0.0,0.0,0.20555655752205756,0.0,0.0,0.0,0.0,0.0,0.0,0.0,0.0,0.0,0.0,0.0,0.0,0.0,0.2616450589547803,0.0,0.0,0.0,0.0,0.0,0.0,0.0,0.0,0.3523514136718609,0.0,0.0,0.18861088799886502,0.0,0.0,0.0,0.0,0.0,0.0,0.0,0.0,0.0,0.0,0.0,0.0,0.0,0.0,0.0
3024777c3eeadf89d0f8bd36fa667a20cb569894e9cb070c37cf2d3f50eff872,0.0,0.0,0.0,0.0,0.0,0.0,0.0,0.0,0.0,0.0,0.23987854581935145,0.0,0.15624899452371094,0.0,0.0,0.0,0.0,0.30617707566611924,0.0,0.0,0.0,0.2283483410085929,0.0,0.0,0.0,0.0,0.0,0.0,0.0,0.0,0.0,0.0,0.0,0.0,0.0,0.0,0.0,0.0,0.0,0.0,0.0,0.0,0.2865068365723774,0.0,0.0,0.0,0.0,0.3259177083381541,0.0,0.0,0.0,0.0,0.0,0.0,0.0,0.0,0.0,0.0,0.0,0.0,0.0,0.0,0.0,0.0,0.30208481144051286,0.0,0.0,0.0,0.0,0.0,0.0,0.0,0.0,0.0,0.0,0.14854382749354242,0.317129308791663,0.2527632172412751,0.0,0.13590603699957024,0.0,0.0,0.0,0.0,0.0,0.0,0.0,0.0,0.0,0.0,0.0,0.0,0.0,0.0,0.0,0.0,0.0,0.0,0.0,0.0,0.0,0.0,0.0,0.0,0.35640066798468967,0.0,0.0,0.0,0.0,0.0,0.0,0.0,0.0,0.0,0.0,0.0,0.19523337829389867,0.18057211476980542,0.19883358214010574,0.0,0.0,0.0,0.0,0.0,0.0,0.0,0.0,0.0,0.0,0.0,0.0,0.0,0.0,0.22431866378803403,0.0,0.0,0.0,0.0,0.0,0.0,0.0,0.0,0.0,0.0,0.0,0.0,0.0,0.0,0.0,0.0,0.0,0.0,0.0,0.0,0.0,0.0,0.0,0.0,0.0,0.0,0.0
4bef307f6ffd4f7335adc9a72258c1c196ff2f55b5d422e12505ffcd916b993a,0.0,0.0,0.0,0.0,0.0,0.0,0.0,0.0,0.0,0.0,0.0,0.0,0.0,0.0,0.0,0.0,0.0,0.0,0.0,0.0,0.0,0.0,0.0,0.0,0.0,0.0,0.44428042707307563,0.0,0.0,0.0,0.0,0.0,0.0,0.0,0.34601199615143396,0.0,0.0,0.0,0.0,0.0,0.0,0.0,0.0,0.0,0.41044982212332365,0.0,0.0,0.0,0.0,0.0,0.0,0.0,0.0,0.0,0.0,0.0,0.0,0.0,0.4086274606705917,0.0,0.0,0.0,0.0,0.0,0.0,0.0,0.0,0.0,0.0,0.0,0.0,0.0,0.0,0.0,0.0,0.0,0.0,0.34191057511201833,0.0,0.18383889783837715,0.0,0.0,0.0,0.0,0.0,0.0,0.0,0.0,0.0,0.0,0.0,0.0,0.0,0.0,0.0,0.0,0.0,0.0,0.0,0.0,0.0,0.0,0.0,0.0,0.0,0.0,0.0,0.0,0.0,0.0,0.0,0.0,0.0,0.0,0.0,0.0,0.0,0.0,0.0,0.23838716368157087,0.0,0.0,0.0,0.0,0.0,0.0,0.0,0.0,0.0,0.0,0.0,0.0,0.0,0.303433878478114,0.0,0.0,0.0,0.0,0.0,0.0,0.0,0.0,0.0,0.0,0.0,0.2187350049617712,0.0,0.0,0.0,0.0,0.0,0.0,0.0,0.0,0.0,0.0,0.0,0.0,0.0,0.0,0.0
925aff03ab009c8e7935cfa389fc7a34482184cc310a8d8f88a25d9a89711e86,0.0,0.0,0.0,0.0,0.0,0.0,0.0,0.0,0.0,0.0,0.0,0.0,0.0,0.0,0.0,0.0,0.0,0.0,0.0,0.0,0.4321345711302526,0.0,0.0,0.5271228365043822,0.0,0.0,0.0,0.0,0.0,0.6200479456538373,0.0,0.0,0.0,0.0,0.2502780337848868,0.0,0.0,0.0,0.0,0.0,0.0,0.0,0.0,0.0,0.0,0.0,0.0,0.0,0.0,0.0,0.0,0.0,0.0,0.0,0.0,0.0,0.0,0.0,0.0,0.0,0.0,0.0,0.0,0.0,0.0,0.0,0.0,0.0,0.0,0.0,0.0,0.0,0.0,0.0,0.0,0.1453398968223028,0.0,0.0,0.0,0.0,0.0,0.0,0.0,0.0,0.0,0.0,0.0,0.0,0.0,0.0,0.0,0.0,0.0,0.0,0.0,0.0,0.0,0.0,0.0,0.0,0.0,0.0,0.20529674033532758,0.0,0.0,0.0,0.0,0.0,0.0,0.0,0.0,0.0,0.0,0.0,0.0,0.0,0.0,0.0,0.0,0.0,0.0,0.0,0.0,0.0,0.0,0.0,0.0,0.0,0.0,0.0,0.0,0.0,0.0,0.0,0.0,0.0,0.0,0.0,0.0,0.0,0.0,0.0,0.0,0.0,0.0,0.1582158063034332,0.0,0.0,0.0,0.0,0.0,0.0,0.0,0.0,0.0,0.0,0.0,0.0,0.0,0.0,0.0
01383cd292942f754d098b5a36acf8f47223a8980a1a91f0afcad5a29bac92e0,0.0,0.0,0.0,0.0,0.0,0.0,0.0,0.0,0.0,0.0,0.0,0.0,0.23890549621903118,0.0,0.0,0.0,0.0,0.0,0.0,0.0,0.0,0.0,0.0,0.0,0.0,0.0,0.0,0.0,0.0,0.0,0.0,0.0,0.0,0.0,0.0,0.0,0.0,0.0,0.0,0.0,0.0,0.0,0.0,0.0,0.0,0.0,0.0,0.4983298105337908,0.0,0.0,0.0,0.0,0.0,0.0,0.0,0.0,0.0,0.0,0.0,0.0,0.0,0.0,0.0,0.0,0.4618891916547749,0.0,0.0,0.3911122393560244,0.0,0.0,0.0,0.0,0.0,0.0,0.0,0.0,0.0,0.0,0.0,0.0,0.0,0.0,0.0,0.0,0.0,0.0,0.0,0.0,0.0,0.0,0.0,0.0,0.0,0.0,0.0,0.0,0.0,0.0,0.0,0.0,0.0,0.0,0.3208194767666056,0.0,0.0,0.0,0.0,0.0,0.0,0.0,0.0,0.0,0.0,0.0,0.0,0.0,0.29851281451122347,0.0,0.0,0.0,0.0,0.0,0.0,0.0,0.0,0.0,0.0,0.0,0.0,0.0,0.0,0.0,0.0,0.0,0.0,0.0,0.0,0.0,0.0,0.0,0.0,0.0,0.0,0.36911531743873544,0.0,0.0,0.0,0.0,0.0,0.0,0.0,0.0,0.0,0.0,0.0,0.0,0.0,0.0,0.0,0.0,0.0
803d0d4e9536f1996f54a384ea56848f2397ae0decc63f5c6a38eed6b1d83038,0.0,0.0,0.0,0.0,0.0,0.0,0.0,0.0,0.0,0.0,0.0,0.0,0.17192825537028572,0.0,0.0,0.0,0.0,0.3369013068795371,0.0,0.0,0.0,0.0,0.0,0.0,0.0,0.0,0.0,0.0,0.0,0.0,0.0,0.0,0.0,0.0,0.0,0.0,0.0,0.0,0.0,0.0,0.0,0.0,0.0,0.0,0.0,0.0,0.0,0.3586228708841847,0.0,0.0,0.0,0.0,0.0,0.0,0.0,0.0,0.0,0.0,0.0,0.0,0.0,0.0,0.0,0.0,0.0,0.0,0.0,0.0,0.0,0.0,0.0,0.0,0.0,0.0,0.0,0.0,0.0,0.0,0.0,0.1495439244703734,0.0,0.0,0.0,0.0,0.0,0.0,0.0,0.0,0.0,0.0,0.0,0.0,0.0,0.0,0.0,0.0,0.0,0.0,0.0,0.0,0.0,0.0,0.0,0.0,0.0,0.0,0.0,0.0,0.0,0.0,0.0,0.0,0.0,0.0,0.0,0.0,0.0,0.0,0.0,0.1939162626597374,0.23119597355207663,0.0,0.0,0.0,0.0,0.0,0.0,0.0,0.47834754070456537,0.0,0.0,0.0,0.0,0.0,0.0,0.0,0.0,0.0,0.0,0.0,0.0,0.0,0.0,0.0,0.0,0.0,0.0,0.0,0.6213637990358435,0.0,0.0,0.0,0.0,0.0,0.0,0.0,0.0,0.0,0.0,0.0,0.0
4d2f6e63d4fd2ff4c068535d0d8b1ceafb75eecb0c31cea637dfb1727cb695cf,0.0,0.0,0.0,0.0,0.0,0.42261145719366744,0.0,0.0,0.0,0.0,0.0,0.0,0.1518955243875219,0.0,0.0,0.0,0.0,0.2976462511359437,0.0,0.0,0.0,0.0,0.0,0.0,0.0,0.0,0.0,0.0,0.0,0.0,0.0,0.0,0.0,0.0,0.0,0.0,0.0,0.0,0.0,0.0,0.0,0.0,0.2785240718791777,0.26328754629757395,0.0,0.0,0.0,0.3168368626377998,0.0,0.0,0.0,0.0,0.0,0.0,0.0,0.0,0.0,0.0,0.0,0.0,0.22033625331229176,0.0,0.0,0.0,0.0,0.0,0.0,0.0,0.0,0.0,0.0,0.0,0.0,0.0,0.0,0.14440504171204277,0.3082933288908435,0.24572063036805228,0.0,0.1321193702423922,0.0,0.0,0.0,0.0,0.0,0.0,0.0,0.0,0.0,0.0,0.0,0.0,0.0,0.0,0.0,0.0,0.0,0.0,0.0,0.0,0.0,0.0,0.20397623088803618,0.0,0.0,0.0,0.0,0.0,0.0,0.0,0.0,0.0,0.0,0.0,0.0,0.0,0.18979371012463692,0.0,0.19329360369379914,0.0,0.0,0.0,0.0,0.0,0.24005899774609468,0.0,0.0,0.0,0.0,0.0,0.0,0.0,0.0,0.2180686101043744,0.0,0.0,0.0,0.0,0.0,0.0,0.0,0.0,0.0,0.0,0.0,0.0,0.0,0.0,0.0,0.0,0.0,0.0,0.0,0.0,0.0,0.0,0.0,0.0,0.0,0.0,0.0
9619da7917e44d03da1632592c37e14d5bdaa697cd168fbb94460d0d7528b25b,0.0,0.22026300271677204,0.0,0.0,0.0,0.0,0.0,0.0,0.0,0.0,0.15792436131803575,0.2765488004730043,0.1028667344236989,0.0,0.0,0.0,0.0,0.0,0.0,0.0,0.0,0.15033343556689968,0.0,0.0,0.0,0.0,0.0,0.0,0.0,0.0,0.0,0.0,0.0,0.0,0.0,0.0,0.0,0.0,0.0,0.0,0.0,0.297343782149083,0.0,0.1783036742607589,0.19976487810490048,0.0,0.0,0.0,0.0,0.0,0.0,0.0,0.0,0.0,0.0,0.28769151970831647,0.3170004002427884,0.0,0.19887793944919635,0.0,0.0,0.0,0.0,0.0,0.0,0.0,0.0,0.0,0.0,0.0,0.0,0.0,0.0,0.0,0.0,0.09779402740885595,0.0,0.0,0.0,0.08947392114251768,0.0,0.0,0.0,0.0,0.0,0.0,0.0,0.0,0.0,0.0,0.0,0.0,0.0,0.0,0.0,0.0,0.0,0.0,0.0,0.12591523293686005,0.0,0.0,0.1381368467314129,0.0,0.0,0.0,0.1644644967718416,0.0,0.0,0.0,0.0,0.0,0.0,0.2990856638702978,0.0,0.0,0.12853215559446302,0.1188798931536964,0.1309023546094894,0.11602242254185618,0.1383273200788861,0.0,0.0,0.0,0.16257282936241307,0.0,0.1867347254384033,0.0,0.0,0.0,0.0,0.0,0.0,0.0,0.0,0.0,0.0,0.0,0.0,0.0,0.0,0.0,0.19887793944919635,0.0,0.0,0.10645776718191455,0.22026300271677204,0.0,0.0,0.0,0.0,0.0,0.0,0.0,0.1545048578500168,0.0,0.0,0.0,0.0,0.0,0.0
385a1d06223e4d1469f1b9b7438d7219f57dbb13042750b16df81c72bcc664bd,0.0,0.0,0.0,0.0,0.0,0.0,0.0,0.0,0.3940162564265455,0.0,0.0,0.0,0.0867325614297576,0.0,0.0,0.0,0.0,0.1699564346288667,0.0,0.0,0.0,0.0,0.0,0.0,0.0,0.0,0.0,0.0,0.0,0.0,0.0,0.0,0.0,0.0,0.14198989501177584,0.0,0.0,0.0,0.0,0.0,0.0,0.2507067809188695,0.15903764295448516,0.1503375650798333,0.0,0.0,0.0,0.18091430121295998,0.0,0.0,0.0,0.0,0.0,0.0,0.0,0.0,0.0,0.0,0.0,0.0,0.0,0.0,0.0,0.0,0.16768485163778166,0.0,0.0,0.14198989501177584,0.0,0.0,0.0,0.0,0.0,0.0,0.0,0.0,0.0,0.0,0.0,0.07544034915982371,0.0,0.0,0.0,0.0,0.0,0.0,0.0,0.0,0.0,0.0,0.0,0.0,0.0,0.0,0.0,0.0,0.0,0.0,0.0,0.10616600922370133,0.0,0.0,0.0,0.0,0.0,0.0,0.1386689987700399,0.36930433866581336,0.0,0.0,0.0,0.0,0.0,0.0,0.0,0.0,0.0,0.10023413004681285,0.11037092385671947,0.09782484052514547,0.11663131772745085,0.0,0.0,0.0,0.0,0.0,0.15744624475435798,0.3804163066931558,0.0,0.0,0.0,0.0,0.0,0.12451748791179824,0.0,0.0,0.0,0.0,0.0,0.0,0.0,0.0,0.0,0.0,0.0,0.08976035725746744,0.1857157663346027,0.20096132413212994,0.0,0.0,0.0,0.0,0.0,0.0,0.1302714832909604,0.0,0.3058307573595676,0.0,0.0,0.0,0.0
9718cae859c4a5d43ef196aa1c7860278152e8a2faeb8863d61ddc7d3ca59076,0.0,0.0,0.0,0.0,0.0,0.0,0.0,0.0,0.0,0.0,0.20011610944286537,0.0,0.1303490513569812,0.0,0.0,0.0,0.0,0.0,0.0,0.0,0.0,0.19049715948664017,0.0,0.0,0.0,0.0,0.0,0.0,0.0,0.0,0.0,0.0,0.0,0.0,0.21339446007312574,0.0,0.0,0.0,0.0,0.0,0.0,0.0,0.23901526194353695,0.0,0.0,0.0,0.0,0.2718933599017357,0.0,0.0,0.0,0.0,0.0,0.0,0.0,0.0,0.0,0.0,0.2520110207470677,0.0,0.0,0.0,0.0,0.0,0.0,0.0,0.0,0.0,0.0,0.0,0.0,0.0,0.0,0.0,0.0,0.12392109823004353,0.0,0.0,0.0,0.11337815677202624,0.0,0.0,0.0,0.0,0.0,0.0,0.0,0.0,0.0,0.0,0.0,0.0,0.0,0.0,0.0,0.0,0.0,0.0,0.0,0.1595552853569709,0.0,0.0,0.1750420777889113,0.48420043774404176,0.2973234427294116,0.0,0.20840353546961546,0.0,0.0,0.0,0.0,0.0,0.0,0.0,0.0,0.0,0.16287135626953747,0.0,0.16587478779545128,0.0,0.0,0.0,0.0,0.0,0.20600648210067798,0.0,0.23662357372058754,0.0,0.0,0.0,0.0,0.0,0.0,0.0,0.0,0.0,0.0,0.0,0.0,0.0,0.0,0.0,0.2520110207470677,0.0,0.0,0.0,0.0,0.0,0.0,0.0,0.0,0.0,0.0,0.0,0.0,0.0,0.0,0.0,0.0,0.0,0.0
5b38402c106d40d97f1fa99681bbf6e9815bba983be035f5a29a1f5e893638aa,0.0,0.0,0.0,0.0,0.0,0.0,0.0,0.0,0.0,0.0,0.0,0.0,0.0,0.0,0.0,0.0,0.0,0.0,0.0,0.0,0.0,0.0,0.0,0.0,0.0,0.0,0.44819005817007845,0.0,0.0,0.0,0.0,0.0,0.0,0.0,0.0,0.0,0.0,0.0,0.0,0.0,0.0,0.0,0.390965725840296,0.0,0.4140617466884107,0.0,0.0,0.0,0.0,0.0,0.0,0.0,0.0,0.0,0.0,0.0,0.0,0.0,0.41222334860527277,0.0,0.0,0.0,0.0,0.0,0.0,0.0,0.0,0.0,0.0,0.0,0.0,0.0,0.0,0.0,0.0,0.0,0.0,0.34491935995914413,0.0,0.18545666496929203,0.0,0.0,0.0,0.0,0.0,0.0,0.0,0.0,0.0,0.0,0.0,0.0,0.0,0.0,0.0,0.0,0.0,0.0,0.0,0.0,0.0,0.0,0.0,0.0,0.0,0.0,0.0,0.0,0.0,0.0,0.0,0.0,0.0,0.0,0.0,0.0,0.0,0.0,0.0,0.24048495105067877,0.0,0.0,0.0,0.0,0.0,0.0,0.0,0.0,0.0,0.0,0.0,0.0,0.0,0.3061040715698909,0.0,0.0,0.0,0.0,0.0,0.0,0.0,0.0,0.0,0.0,0.0,0.0,0.0,0.0,0.0,0.0,0.0,0.0,0.0,0.0,0.0,0.0,0.0,0.0,0.0,0.0,0.0
c9db4f661a86286ad47ad92dfb544b702dca8ffe1641e276b42bec4cde7ba9b4,0.0,0.0,0.0,0.0,0.0,0.5235735269020279,0.0,0.0,0.0,0.0,0.0,0.0,0.18818343438276172,0.6356174457185144,0.0,0.0,0.0,0.0,0.0,0.0,0.0,0.0,0.0,0.0,0.0,0.0,0.0,0.0,0.0,0.0,0.0,0.0,0.0,0.0,0.0,0.0,0.0,0.0,0.0,0.0,0.0,0.0,0.0,0.0,0.0,0.0,0.0,0.39252933350509245,0.0,0.0,0.0,0.0,0.0,0.0,0.0,0.0,0.0,0.0,0.0,0.0,0.0,0.0,0.0,0.0,0.3638254279013492,0.0,0.0,0.0,0.0,0.0,0.0,0.0,0.0,0.0,0.0,0.0,0.0,0.0,0.0,0.0,0.0,0.0,0.0,0.0,0.0,0.0,0.0,0.0,0.0,0.0,0.0,0.0,0.0,0.0,0.0,0.0,0.0,0.0,0.0,0.0,0.0,0.0,0.0,0.0,0.0,0.0,0.0,0.0,0.0,0.0,0.0,0.0,0.0,0.0,0.0,0.0,0.0,0.0,0.0,0.0,0.0,0.0,0.0,0.0,0.0,0.0,0.0,0.0,0.0,0.0,0.0,0.0,0.0,0.0,0.0,0.0,0.0,0.0,0.0,0.0,0.0,0.0,0.0,0.0,0.0,0.0,0.0,0.0,0.0,0.0,0.0,0.0,0.0,0.0,0.0,0.0,0.0,0.0,0.0,0.0,0.0
9343339fadfe0f62d6fd46c6131ed9fdf01978d817192984e69a8bbecfb406d2,0.0,0.0,0.0,0.0,0.0,0.6713507022060446,0.0,0.0,0.0,0.0,0.0,0.0,0.0,0.0,0.0,0.0,0.0,0.0,0.0,0.0,0.0,0.0,0.0,0.0,0.0,0.0,0.0,0.0,0.0,0.0,0.0,0.0,0.0,0.0,0.0,0.0,0.0,0.0,0.0,0.0,0.0,0.0,0.0,0.0,0.0,0.0,0.0,0.5033196488072741,0.0,0.0,0.0,0.0,0.0,0.0,0.0,0.0,0.0,0.0,0.0,0.0,0.0,0.0,0.0,0.0,0.0,0.0,0.0,0.0,0.0,0.0,0.0,0.0,0.0,0.0,0.0,0.2293984805789259,0.0,0.0,0.0,0.20988174948272437,0.0,0.0,0.0,0.0,0.0,0.0,0.0,0.0,0.0,0.0,0.0,0.0,0.0,0.0,0.0,0.0,0.0,0.0,0.0,0.0,0.0,0.0,0.3240318820255528,0.0,0.0,0.0,0.0,0.0,0.0,0.0,0.0,0.0,0.0,0.0,0.0,0.0,0.0,0.0,0.30706170966941176,0.0,0.0,0.0,0.0,0.0,0.0,0.0,0.0,0.0,0.0,0.0,0.0,0.0,0.0,0.0,0.0,0.0,0.0,0.0,0.0,0.0,0.0,0.0,0.0,0.0,0.0,0.0,0.0,0.0,0.0,0.0,0.0,0.0,0.0,0.0,0.0,0.0,0.0,0.0,0.0,0.0,0.0
029446e73e84a56b1fccd594b300007e29681766bc585607c7eb833e16b3d36b,0.0,0.0,0.0,0.0,0.0,0.0,0.0,0.0,0.0,0.0,0.0,0.0,0.0,0.0,0.0,0.0,0.0,0.0,0.0,0.0,0.0,0.0,0.0,0.0,0.0,0.0,0.38309426461216406,0.0,0.0,0.0,0.0,0.0,0.0,0.0,0.0,0.0,0.0,0.0,0.0,0.0,0.0,0.0,0.3341812797920477,0.0,0.3539228000711926,0.0,0.0,0.0,0.0,0.0,0.0,0.0,0.0,0.0,0.0,0.0,0.0,0.0,0.3523514136718609,0.0,0.0,0.0,0.0,0.0,0.0,0.0,0.0,0.0,0.0,0.0,0.0,0.0,0.0,0.0,0.0,0.0,0.0,0.29482275687584225,0.0,0.15852066191275146,0.0,0.0,0.0,0.0,0.0,0.0,0.0,0.0,0.0,0.0,0.0,0.0,0.0,0.0,0.0,0.0,0.0,0.0,0.0,0.22308361827862644,0.0,0.0,0.24473661262173343,0.0,0.0,0.0,0.0,0.0,0.0,0.0,0.0,0.0,0.0,0.0,0.0,0.0,0.0,0.0,0.0,0.20555655752205756,0.0,0.0,0.0,0.0,0.0,0.0,0.0,0.0,0.0,0.0,0.0,0.0,0.0,0.2616450589547803,0.0,0.0,0.0,0.0,0.0,0.0,0.0,0.0,0.3523514136718609,0.0,0.0,0.18861088799886502,0.0,0.0,0.0,0.0,0.0,0.0,0.0,0.0,0.0,0.0,0.0,0.0,0.0,0.0,0.0
47877f3c1845e3953521074c3e9edf10872e8c3d2ca495dea935bbc6f3b3bc74,0.0,0.0,0.0,0.0,0.0,0.0,0.3053290310712688,0.0,0.0,0.0,0.0,0.0,0.11462334858449567,0.0,0.0,0.0,0.29615127878280734,0.22460971207935287,0.0,0.0,0.0,0.0,0.0,0.0,0.0,0.3025983972925166,0.0,0.0,0.0,0.0,0.0,0.0,0.0,0.0,0.0,0.0,0.0,0.0,0.0,0.0,0.0,0.0,0.0,0.0,0.0,0.0,0.0,0.0,0.0,0.27942676219766094,0.0,0.0,0.0,0.0,0.0,0.0,0.0,0.0,0.0,0.0,0.16627006800268362,0.3039521431457224,0.0,0.0,0.0,0.0,0.0,0.0,0.0,0.0,0.0,0.0,0.0,0.0,0.0,0.10897088311364272,0.0,0.0,0.0,0.0,0.0,0.0,0.0,0.0,0.0,0.0,0.0,0.0,0.23909132475751807,0.0,0.0,0.0,0.0,0.0,0.0,0.0,0.0,0.0,0.0,0.14030605440989466,0.0,0.0,0.15392447348469493,0.0,0.0,0.0,0.0,0.0,0.0,0.0,0.0,0.0,0.0,0.0,0.23042210719235173,0.2622629598523737,0.14322206452416134,0.1324666473470206,0.145863153010503,0.12928259711109266,0.15413671598491416,0.0,0.0,0.0,0.0,0.0,0.0,0.0,0.0,0.0,0.0,0.0,0.2937103046409601,0.0,0.0,0.0,0.0,0.0,0.0,0.0,0.0,0.0,0.0,0.17709610857955055,0.0,0.1186247996068241,0.0,0.0,0.0,0.0,0.0,0.0,0.0,0.0,0.0,0.0,0.0,0.0,0.0,0.0,0.0
21054e559ffbfd37f07ce33085fb9c4ed8e9583f66aaee1f68b51ea01ab2e757,0.0,0.0,0.0,0.0,0.0,0.0,0.0,0.0,0.0,0.0,0.1579383375962729,0.0,0.10287583811162679,0.0,0.0,0.0,0.0,0.0,0.0,0.0,0.0,0.15034674004954118,0.0,0.0,0.0,0.0,0.0,0.0,0.0,0.0,0.0,0.0,0.0,0.0,0.0,0.0,0.0,0.4673533439031954,0.0,0.0,0.0,0.0,0.0,0.0,0.0,0.0,0.0,0.0,0.0,0.0,0.0,0.0,0.0,0.0,0.0,0.0,0.0,0.0,0.19889554011190458,0.0,0.0,0.0,0.0,0.0,0.0,0.0,0.0,0.16841805674733154,0.0,0.0,0.0,0.0,0.0,0.0,0.0,0.09780268216310407,0.0,0.0,0.0,0.08948183956882265,0.0,0.3942237117903911,0.0,0.0,0.0,0.0,0.0,0.0,0.0,0.0,0.0,0.0,0.0,0.0,0.0,0.0,0.0,0.0,0.0,0.12592637641285787,0.0,0.0,0.0,0.0,0.0,0.0,0.0,0.0,0.0,0.0,0.0,0.41724504750963975,0.0,0.0,0.0,0.0,0.1285435306676564,0.0,0.0,0.11603269050587174,0.1383395620224158,0.0,0.0,0.0,0.16258721702925566,0.0,0.0,0.0,0.0,0.0,0.0,0.0,0.0,0.0,0.0,0.0,0.0,0.324144785112194,0.0,0.0,0.0,0.0,0.19889554011190458,0.0,0.0,0.0,0.22028249595382315,0.0,0.0,0.0,0.0,0.0,0.0,0.0,0.15451853150279768,0.0,0.0,0.0,0.0,0.0,0.0
31868f961c44c39835b30bb9f1c830badc2ca50e583a7936f06ce3a32dd11d28,0.0,0.22026300271677204,0.0,0.0,0.0,0.0,0.0,0.0,0.0,0.0,0.15792436131803575,0.2765488004730043,0.1028667344236989,0.0,0.0,0.0,0.0,0.0,0.0,0.0,0.0,0.15033343556689968,0.0,0.0,0.0,0.0,0.0,0.0,0.0,0.0,0.0,0.0,0.0,0.0,0.0,0.0,0.0,0.0,0.0,0.0,0.0,0.297343782149083,0.0,0.1783036742607589,0.19976487810490048,0.0,0.0,0.0,0.0,0.0,0.0,0.0,0.0,0.0,0.0,0.28769151970831647,0.3170004002427884,0.0,0.19887793944919635,0.0,0.0,0.0,0.0,0.0,0.0,0.0,0.0,0.0,0.0,0.0,0.0,0.0,0.0,0.0,0.0,0.09779402740885595,0.0,0.0,0.0,0.08947392114251768,0.0,0.0,0.0,0.0,0.0,0.0,0.0,0.0,0.0,0.0,0.0,0.0,0.0,0.0,0.0,0.0,0.0,0.0,0.0,0.12591523293686005,0.0,0.0,0.1381368467314129,0.0,0.0,0.0,0.1644644967718416,0.0,0.0,0.0,0.0,0.0,0.0,0.2990856638702978,0.0,0.0,0.12853215559446302,0.1188798931536964,0.1309023546094894,0.11602242254185618,0.1383273200788861,0.0,0.0,0.0,0.16257282936241307,0.0,0.1867347254384033,0.0,0.0,0.0,0.0,0.0,0.0,0.0,0.0,0.0,0.0,0.0,0.0,0.0,0.0,0.0,0.19887793944919635,0.0,0.0,0.10645776718191455,0.22026300271677204,0.0,0.0,0.0,0.0,0.0,0.0,0.0,0.1545048578500168,0.0,0.0,0.0,0.0,0.0,0.0
676675d128267eb409a15bf589b27e042db20bf60aa15c5b4d8af75c0e4bf534,0.0,0.0,0.0,0.0,0.0,0.0,0.3053290310712688,0.0,0.0,0.0,0.0,0.0,0.11462334858449567,0.0,0.0,0.0,0.29615127878280734,0.22460971207935287,0.0,0.0,0.0,0.0,0.0,0.0,0.0,0.3025983972925166,0.0,0.0,0.0,0.0,0.0,0.0,0.0,0.0,0.0,0.0,0.0,0.0,0.0,0.0,0.0,0.0,0.0,0.0,0.0,0.0,0.0,0.0,0.0,0.27942676219766094,0.0,0.0,0.0,0.0,0.0,0.0,0.0,0.0,0.0,0.0,0.16627006800268362,0.3039521431457224,0.0,0.0,0.0,0.0,0.0,0.0,0.0,0.0,0.0,0.0,0.0,0.0,0.0,0.10897088311364272,0.0,0.0,0.0,0.0,0.0,0.0,0.0,0.0,0.0,0.0,0.0,0.0,0.23909132475751807,0.0,0.0,0.0,0.0,0.0,0.0,0.0,0.0,0.0,0.0,0.14030605440989466,0.0,0.0,0.15392447348469493,0.0,0.0,0.0,0.0,0.0,0.0,0.0,0.0,0.0,0.0,0.0,0.23042210719235173,0.2622629598523737,0.14322206452416134,0.1324666473470206,0.145863153010503,0.12928259711109266,0.15413671598491416,0.0,0.0,0.0,0.0,0.0,0.0,0.0,0.0,0.0,0.0,0.0,0.2937103046409601,0.0,0.0,0.0,0.0,0.0,0.0,0.0,0.0,0.0,0.0,0.17709610857955055,0.0,0.1186247996068241,0.0,0.0,0.0,0.0,0.0,0.0,0.0,0.0,0.0,0.0,0.0,0.0,0.0,0.0,0.0
d7ba3b1d6fe9230a53606857508d0e79682e71fbd9200e70360700d831d8fef3,0.0,0.0,0.0,0.0,0.0,0.0,0.0,0.0,0.0,0.0,0.13183476184462242,0.0,0.08587282748082,0.0,0.0,0.0,0.0,0.0,0.0,0.0,0.0,0.1254978808198774,0.0,0.0,0.0,0.0,0.0,0.0,0.0,0.0,0.0,0.0,0.0,0.0,0.0,0.0,0.3656436203357305,0.0,0.0,0.0,0.0,0.0,0.0,0.1488473484141532,0.0,0.0,0.0,0.0,0.211645633594548,0.0,0.0,0.0,0.0,0.0,0.0,0.0,0.0,0.0,0.16602268050736574,0.0,0.0,0.0,0.0,0.0,0.16602268050736574,0.0,0.0,0.14058242437865526,0.0,0.0,0.0,0.0,0.0,0.0,0.0,0.08163814756425801,0.0,0.0,0.0,0.07469254893089891,0.0,0.0,0.0,0.0,0.0,0.0,0.0,0.0,0.0,0.0,0.0,0.0,0.0,0.0,0.0,0.0,0.0,0.0,0.0,0.0,0.0,0.0,0.11531620668788557,0.0,0.0,0.0,0.0,0.0,0.0,0.0,0.0,0.3482840348104286,0.43193712907523796,0.0,0.0,0.0,0.0,0.09924056219844181,0.10927687533963425,0.09685515468787212,0.11547521324135393,0.0,0.0,0.0,0.13571528839833555,0.0,0.0,0.0,0.2389197502779813,0.0,0.0,0.0,0.0,0.12328321199708425,0.0,0.0,0.0,0.270571105146613,0.0,0.0,0.0,0.0,0.0,0.0,0.0,0.0,0.1838748642957516,0.0,0.0,0.0,0.0,0.0,0.0,0.0,0.12898017106729912,0.0,0.30279921902613255,0.0,0.0,0.0,0.0
ac68b9c8102f90cb5cb4938fee2d9528a498b9e94886e33b4ed4ba160a0073de,0.0,0.0,0.0,0.0,0.0,0.0,0.0,0.0,0.0,0.0,0.2456341498756618,0.0,0.15999800568935446,0.0,0.0,0.0,0.0,0.0,0.0,0.0,0.0,0.23382729133852592,0.0,0.0,0.0,0.0,0.0,0.0,0.0,0.0,0.0,0.0,0.0,0.0,0.0,0.0,0.0,0.0,0.0,0.0,0.0,0.0,0.0,0.2773319523423429,0.0,0.0,0.0,0.33373772107721383,0.0,0.0,0.0,0.0,0.0,0.0,0.0,0.0,0.0,0.0,0.0,0.0,0.0,0.0,0.0,0.0,0.0,0.0,0.0,0.0,0.0,0.0,0.0,0.0,0.0,0.0,0.47981716616269277,0.15210796222322998,0.32473845420240255,0.2588279738599663,0.0,0.13916694278487074,0.0,0.0,0.0,0.0,0.0,0.0,0.0,0.0,0.0,0.0,0.0,0.0,0.0,0.0,0.0,0.0,0.0,0.0,0.0,0.0,0.0,0.0,0.0,0.0,0.3649520835492529,0.0,0.0,0.0,0.0,0.0,0.0,0.0,0.0,0.0,0.0,0.0,0.19991777397504376,0.0,0.0,0.0,0.0,0.0,0.0,0.0,0.0,0.0,0.0,0.0,0.0,0.0,0.0,0.0,0.0,0.22970092674445874,0.0,0.0,0.0,0.0,0.0,0.0,0.0,0.0,0.0,0.0,0.0,0.0,0.0,0.0,0.0,0.0,0.0,0.0,0.0,0.0,0.0,0.0,0.0,0.0,0.0,0.0,0.0
da970dc18aee85e81725bca7e03bdb203adc8633bf497102a989675b7d136f53,0.0,0.0,0.0,0.0,0.0,0.0,0.30837946476229094,0.0,0.0,0.0,0.0,0.0,0.11576850966882869,0.0,0.0,0.0,0.2991100208168313,0.2268537077801669,0.0,0.0,0.0,0.0,0.0,0.0,0.0,0.3056215501932145,0.0,0.0,0.0,0.0,0.0,0.0,0.0,0.0,0.0,0.0,0.0,0.0,0.0,0.0,0.0,0.0,0.0,0.0,0.0,0.0,0.0,0.0,0.0,0.28221841553828947,0.0,0.0,0.0,0.0,0.0,0.0,0.0,0.0,0.0,0.0,0.1679312130810419,0.30698882083947787,0.0,0.0,0.0,0.0,0.0,0.0,0.0,0.0,0.0,0.0,0.0,0.0,0.0,0.11005957242701726,0.0,0.0,0.0,0.0,0.0,0.0,0.0,0.0,0.0,0.0,0.0,0.0,0.2414800010969822,0.0,0.0,0.0,0.0,0.0,0.0,0.0,0.0,0.0,0.0,0.0,0.0,0.0,0.15546227812168983,0.0,0.0,0.0,0.0,0.0,0.0,0.0,0.0,0.0,0.0,0.0,0.23272417246426425,0.26488313575190725,0.14465294520193178,0.13379007447933866,0.14732041986344796,0.13057421353062162,0.15567664106119733,0.0,0.0,0.0,0.0,0.0,0.0,0.0,0.0,0.0,0.0,0.0,0.29664465977101007,0.0,0.0,0.0,0.0,0.0,0.0,0.0,0.0,0.0,0.0,0.17886541277661486,0.0,0.11980993776431212,0.0,0.0,0.0,0.0,0.0,0.0,0.0,0.0,0.0,0.0,0.0,0.0,0.0,0.0,0.0
fe035a3111a37c273676890230dd284b8bc0481377b921e9dd3818b39ef8c3e9,0.0,0.0,0.0,0.0,0.0,0.0,0.3053290310712688,0.0,0.0,0.0,0.0,0.0,0.11462334858449567,0.0,0.0,0.0,0.29615127878280734,0.22460971207935287,0.0,0.0,0.0,0.0,0.0,0.0,0.0,0.3025983972925166,0.0,0.0,0.0,0.0,0.0,0.0,0.0,0.0,0.0,0.0,0.0,0.0,0.0,0.0,0.0,0.0,0.0,0.0,0.0,0.0,0.0,0.0,0.0,0.27942676219766094,0.0,0.0,0.0,0.0,0.0,0.0,0.0,0.0,0.0,0.0,0.16627006800268362,0.3039521431457224,0.0,0.0,0.0,0.0,0.0,0.0,0.0,0.0,0.0,0.0,0.0,0.0,0.0,0.10897088311364272,0.0,0.0,0.0,0.0,0.0,0.0,0.0,0.0,0.0,0.0,0.0,0.0,0.23909132475751807,0.0,0.0,0.0,0.0,0.0,0.0,0.0,0.0,0.0,0.0,0.14030605440989466,0.0,0.0,0.15392447348469493,0.0,0.0,0.0,0.0,0.0,0.0,0.0,0.0,0.0,0.0,0.0,0.23042210719235173,0.2622629598523737,0.14322206452416134,0.1324666473470206,0.145863153010503,0.12928259711109266,0.15413671598491416,0.0,0.0,0.0,0.0,0.0,0.0,0.0,0.0,0.0,0.0,0.0,0.2937103046409601,0.0,0.0,0.0,0.0,0.0,0.0,0.0,0.0,0.0,0.0,0.17709610857955055,0.0,0.1186247996068241,0.0,0.0,0.0,0.0,0.0,0.0,0.0,0.0,0.0,0.0,0.0,0.0,0.0,0.0,0.0
a2b19054a88a93101d0352063a7c1c1d4169b6a01093daba6c2d7863f65bfce9,0.0,0.0,0.0,0.0,0.0,0.0,0.0,0.0,0.0,0.0,0.0,0.0,0.17116120938857643,0.0,0.0,0.0,0.0,0.0,0.0,0.0,0.0,0.0,0.0,0.0,0.0,0.0,0.0,0.0,0.0,0.0,0.0,0.0,0.0,0.0,0.0,0.0,0.0,0.0,0.0,0.0,0.0,0.0,0.3138507021776812,0.29668165025239934,0.0,0.0,0.0,0.0,0.0,0.0,0.0,0.0,0.49192379667778563,0.0,0.0,0.0,0.0,0.0,0.0,0.0,0.0,0.0,0.0,0.0,0.0,0.0,0.0,0.2802080527836715,0.0,0.0,0.0,0.0,0.0,0.0,0.0,0.0,0.0,0.0,0.0,0.14887674462778736,0.0,0.0,0.0,0.0,0.0,0.0,0.0,0.0,0.0,0.0,0.0,0.0,0.0,0.0,0.0,0.0,0.0,0.0,0.0,0.0,0.0,0.0,0.22984757784073218,0.0,0.0,0.0,0.0,0.0,0.0,0.0,0.0,0.0,0.0,0.0,0.0,0.0,0.2138662155469434,0.0,0.21781001848942377,0.19305111870919311,0.0,0.0,0.0,0.0,0.0,0.0,0.31071017875646095,0.0,0.0,0.0,0.0,0.0,0.0,0.24572736547474516,0.0,0.0,0.0,0.0,0.0,0.0,0.0,0.0,0.0,0.2644486005409426,0.0,0.1771363724312615,0.0,0.0,0.0,0.0,0.0,0.0,0.0,0.0,0.0,0.0,0.0,0.0,0.0,0.0,0.0
27ad01b87bb62fa4fa70360498cc76ce4e52c41af10d84f76c059827476119b2,0.0,0.0,0.0,0.0,0.0,0.0,0.0,0.0,0.0,0.0,0.3234736311585907,0.0,0.21070008345609276,0.0,0.0,0.0,0.0,0.0,0.0,0.0,0.0,0.3079252743624514,0.0,0.0,0.0,0.0,0.0,0.0,0.0,0.0,0.0,0.0,0.0,0.0,0.0,0.0,0.0,0.0,0.0,0.0,0.0,0.0,0.0,0.0,0.40917480975853493,0.0,0.0,0.4394965135999432,0.0,0.0,0.0,0.0,0.0,0.0,0.0,0.0,0.0,0.0,0.0,0.0,0.0,0.0,0.0,0.0,0.0,0.0,0.0,0.0,0.0,0.0,0.0,0.0,0.0,0.0,0.0,0.2003097488414705,0.0,0.0,0.0,0.18326782470047082,0.0,0.0,0.0,0.0,0.0,0.0,0.0,0.0,0.0,0.0,0.0,0.0,0.0,0.0,0.0,0.0,0.0,0.0,0.0,0.2579099087457528,0.0,0.0,0.2829432206410623,0.0,0.0,0.0,0.0,0.0,0.0,0.0,0.0,0.0,0.0,0.0,0.0,0.0,0.2632701043954366,0.0,0.0,0.0,0.0,0.0,0.0,0.0,0.0,0.0,0.0,0.0,0.0,0.0,0.0,0.0,0.0,0.0,0.0,0.0,0.0,0.0,0.0,0.0,0.0,0.0,0.0,0.32553720789228274,0.0,0.0,0.0,0.0,0.0,0.0,0.0,0.0,0.0,0.0,0.0,0.0,0.0,0.0,0.0,0.0,0.0
e71c250a7f4a557997e95d51a0d91cc1323f0ca69f7b3aeb42101f988bf945e9,0.0,0.0,0.0,0.0,0.0,0.0,0.0,0.0,0.0,0.0,0.0,0.0,0.202183077882877,0.0,0.0,0.0,0.0,0.0,0.0,0.0,0.0,0.0,0.0,0.0,0.0,0.0,0.0,0.0,0.0,0.0,0.0,0.0,0.0,0.0,0.0,0.0,0.0,0.0,0.0,0.0,0.0,0.0,0.0,0.0,0.0,0.0,0.0,0.0,0.0,0.0,0.0,0.0,0.0,0.0,0.0,0.0,0.0,0.0,0.0,0.0,0.0,0.0,0.0,0.0,0.0,0.0,0.0,0.0,0.0,0.0,0.0,0.0,0.0,0.0,0.0,0.1922127456544368,0.0,0.0,0.0,0.17585969719163522,0.0,0.0,0.0,0.0,0.0,0.0,0.0,0.0,0.0,0.0,0.0,0.0,0.0,0.0,0.0,0.0,0.0,0.0,0.0,0.24748456816617542,0.0,0.0,0.27150597321535963,0.0,0.0,0.0,0.0,0.0,0.0,0.0,0.0,0.0,0.0,0.0,0.0,0.0,0.25262809177912793,0.0,0.0,0.2280403924977312,0.0,0.0,0.0,0.0,0.0,0.0,0.0,0.0,0.0,0.0,0.0,0.0,0.0,0.0,0.0,0.0,0.0,0.0,0.0,0.0,0.0,0.0,0.0,0.31237820876694333,0.0,0.20924120080183503,0.4329237443231372,0.46846280541776075,0.0,0.0,0.0,0.0,0.0,0.0,0.3036770622007417,0.0,0.0,0.0,0.0,0.0,0.0
8f362cedd16992cd2605b87129e491620b323f2a60e0cbb2f77d66a38f1e2307,0.0,0.0,0.0,0.0,0.0,0.47403349634265296,0.0,0.0,0.0,0.0,0.0,0.0,0.0,0.0,0.0,0.0,0.0,0.0,0.0,0.0,0.0,0.0,0.0,0.0,0.0,0.0,0.0,0.0,0.0,0.0,0.0,0.0,0.0,0.0,0.0,0.0,0.0,0.0,0.0,0.0,0.0,0.0,0.31241400904087313,0.0,0.0,0.0,0.0,0.0,0.41991974109193486,0.0,0.0,0.0,0.0,0.0,0.0,0.47650213303558847,0.0,0.0,0.0,0.0,0.0,0.0,0.0,0.0,0.0,0.0,0.0,0.0,0.0,0.0,0.0,0.0,0.0,0.0,0.0,0.1619757951353809,0.0,0.0,0.0,0.1481952416209342,0.0,0.0,0.0,0.0,0.0,0.0,0.0,0.0,0.0,0.0,0.0,0.0,0.0,0.0,0.0,0.0,0.0,0.0,0.0,0.0,0.0,0.0,0.22879542012591916,0.0,0.0,0.0,0.0,0.0,0.0,0.0,0.0,0.0,0.0,0.0,0.0,0.0,0.0,0.0,0.21681296429607474,0.0,0.0,0.0,0.0,0.0,0.0,0.0,0.30928786178135637,0.0,0.0,0.0,0.0,0.0,0.0,0.0,0.0,0.0,0.0,0.0,0.0,0.0,0.0,0.0,0.0,0.0,0.0,0.17632550723712537,0.0,0.0,0.0,0.0,0.0,0.0,0.0,0.0,0.0,0.0,0.0,0.0,0.0,0.0,0.0
29b2839a3033960813a5dd05a3cb57ed38960854ced4a1466e6d0760172f0bdf,0.0,0.0,0.0,0.0,0.0,0.0,0.0,0.0,0.0,0.47609643367043286,0.0,0.30844721510490614,0.0,0.3875238587699112,0.0,0.0,0.0,0.0,0.0,0.0,0.0,0.0,0.0,0.0,0.0,0.0,0.0,0.0,0.5032235764190442,0.0,0.0,0.0,0.0,0.0,0.0,0.0,0.0,0.0,0.0,0.0,0.0,0.0,0.21037870896886796,0.0,0.0,0.0,0.0,0.0,0.0,0.0,0.0,0.0,0.0,0.0,0.0,0.0,0.0,0.0,0.0,0.0,0.0,0.0,0.0,0.0,0.0,0.0,0.0,0.0,0.0,0.0,0.0,0.0,0.0,0.0,0.0,0.1090740417480097,0.0,0.0,0.0,0.0,0.0,0.0,0.0,0.0,0.0,0.0,0.0,0.0,0.0,0.0,0.0,0.0,0.0,0.0,0.0,0.0,0.0,0.0,0.0,0.14043887687175585,0.0,0.0,0.15407018799142036,0.0,0.26170095381762354,0.0,0.0,0.0,0.0,0.0,0.0,0.0,0.0,0.0,0.0,0.0,0.0,0.0,0.0,0.0,0.0,0.0,0.0,0.0,0.0,0.0,0.20827357025718599,0.0,0.0,0.0,0.0,0.0,0.0,0.0,0.0,0.0,0.0,0.0,0.0,0.0,0.0,0.0,0.22181743860029823,0.0,0.0,0.11873709724064922,0.0,0.0,0.0,0.0,0.0,0.0,0.0,0.0,0.0,0.0,0.0,0.0,0.0,0.0,0.0
dc791b99f5e4e21d1022fe5cf80231da85fd716cf0132a25d1596b9680e45cf5,0.0,0.0,0.0,0.0,0.0,0.0,0.0,0.0,0.0,0.5051908796297885,0.0,0.32729654939207603,0.0,0.4112055987905618,0.0,0.0,0.0,0.0,0.0,0.0,0.0,0.0,0.0,0.0,0.0,0.0,0.0,0.0,0.5339757730627444,0.0,0.0,0.0,0.0,0.0,0.0,0.0,0.0,0.0,0.0,0.0,0.0,0.0,0.22323503711210865,0.0,0.0,0.0,0.0,0.0,0.0,0.0,0.0,0.0,0.0,0.0,0.0,0.0,0.0,0.0,0.0,0.0,0.0,0.0,0.0,0.0,0.0,0.0,0.0,0.0,0.0,0.0,0.0,0.0,0.0,0.0,0.0,0.11573960063224767,0.0,0.0,0.0,0.0,0.0,0.0,0.0,0.0,0.0,0.0,0.0,0.0,0.0,0.0,0.0,0.0,0.0,0.0,0.0,0.0,0.0,0.0,0.0,0.14902115353834883,0.0,0.0,0.16348547960347032,0.0,0.0,0.0,0.0,0.0,0.0,0.0,0.0,0.0,0.0,0.0,0.0,0.0,0.0,0.0,0.0,0.0,0.0,0.0,0.0,0.0,0.0,0.0,0.0,0.0,0.0,0.0,0.0,0.0,0.0,0.0,0.0,0.0,0.0,0.0,0.0,0.0,0.0,0.0,0.235372792145892,0.0,0.0,0.1259931693611772,0.0,0.0,0.0,0.0,0.0,0.0,0.0,0.0,0.0,0.0,0.0,0.0,0.0,0.0,0.0
c24f98a0e80be8f215f9b93c9823497c1ea547ca9fdd3621ef6a96dfb1eaa895,0.0,0.0,0.0,0.0,0.0,0.47403349634265296,0.0,0.0,0.0,0.0,0.0,0.0,0.0,0.0,0.0,0.0,0.0,0.0,0.0,0.0,0.0,0.0,0.0,0.0,0.0,0.0,0.0,0.0,0.0,0.0,0.0,0.0,0.0,0.0,0.0,0.0,0.0,0.0,0.0,0.0,0.0,0.0,0.31241400904087313,0.0,0.0,0.0,0.0,0.0,0.41991974109193486,0.0,0.0,0.0,0.0,0.0,0.0,0.47650213303558847,0.0,0.0,0.0,0.0,0.0,0.0,0.0,0.0,0.0,0.0,0.0,0.0,0.0,0.0,0.0,0.0,0.0,0.0,0.0,0.1619757951353809,0.0,0.0,0.0,0.1481952416209342,0.0,0.0,0.0,0.0,0.0,0.0,0.0,0.0,0.0,0.0,0.0,0.0,0.0,0.0,0.0,0.0,0.0,0.0,0.0,0.0,0.0,0.0,0.22879542012591916,0.0,0.0,0.0,0.0,0.0,0.0,0.0,0.0,0.0,0.0,0.0,0.0,0.0,0.0,0.0,0.21681296429607474,0.0,0.0,0.0,0.0,0.0,0.0,0.0,0.30928786178135637,0.0,0.0,0.0,0.0,0.0,0.0,0.0,0.0,0.0,0.0,0.0,0.0,0.0,0.0,0.0,0.0,0.0,0.0,0.17632550723712537,0.0,0.0,0.0,0.0,0.0,0.0,0.0,0.0,0.0,0.0,0.0,0.0,0.0,0.0,0.0
5ebeb697d30caf314b05884fd63d043c1aac03ef8d5164eefedff1bf8ceec736,0.0,0.0,0.0,0.0,0.0,0.0,0.31646306273906977,0.0,0.0,0.0,0.0,0.0,0.11880316728215261,0.0,0.0,0.0,0.3069506374447024,0.23280025864615947,0.0,0.0,0.0,0.0,0.0,0.0,0.0,0.3136328545344625,0.0,0.0,0.0,0.0,0.0,0.0,0.0,0.0,0.0,0.0,0.0,0.0,0.0,0.0,0.0,0.0,0.0,0.0,0.0,0.0,0.0,0.0,0.0,0.2896162499388828,0.0,0.0,0.0,0.0,0.0,0.0,0.0,0.0,0.0,0.0,0.17233321960033562,0.3150359656548585,0.0,0.0,0.0,0.0,0.0,0.0,0.0,0.0,0.0,0.0,0.0,0.0,0.0,0.11294458079708487,0.0,0.0,0.0,0.0,0.0,0.0,0.0,0.0,0.0,0.0,0.0,0.0,0.24780995322205251,0.0,0.0,0.0,0.0,0.0,0.0,0.0,0.0,0.0,0.0,0.14542241051760893,0.0,0.0,0.0,0.0,0.0,0.0,0.0,0.0,0.0,0.0,0.0,0.0,0.0,0.0,0.2388246067170112,0.2718265578176322,0.14844475493242335,0.13729713412161387,0.15118215251436992,0.13399697531902163,0.15975741661375903,0.0,0.0,0.0,0.0,0.0,0.0,0.0,0.0,0.0,0.0,0.0,0.30442065151350695,0.0,0.0,0.0,0.0,0.0,0.0,0.0,0.0,0.0,0.0,0.0,0.0,0.0,0.0,0.0,0.0,0.0,0.0,0.0,0.0,0.0,0.0,0.0,0.0,0.0,0.0,0.0,0.0
564324c43d9f0ab1753ddd1acbdba4ed2a825f6fc064aaddc3ee16bc5dd6687f,0.0,0.0,0.0,0.0,0.0,0.0,0.0,0.0,0.0,0.0,0.0,0.0,0.30269417310836827,0.0,0.0,0.0,0.0,0.5931431240629859,0.0,0.0,0.0,0.0,0.0,0.0,0.0,0.0,0.0,0.0,0.0,0.0,0.0,0.0,0.0,0.0,0.0,0.0,0.0,0.0,0.0,0.0,0.0,0.0,0.5550368516004097,0.0,0.0,0.0,0.0,0.0,0.0,0.0,0.0,0.0,0.0,0.0,0.0,0.0,0.0,0.0,0.0,0.0,0.0,0.0,0.0,0.0,0.0,0.0,0.0,0.0,0.0,0.0,0.0,0.0,0.0,0.0,0.0,0.2877672984109136,0.0,0.0,0.0,0.0,0.0,0.0,0.0,0.0,0.0,0.0,0.0,0.0,0.0,0.0,0.0,0.0,0.0,0.0,0.0,0.0,0.0,0.0,0.0,0.0,0.0,0.0,0.0,0.0,0.0,0.0,0.0,0.0,0.0,0.0,0.0,0.0,0.0,0.0,0.0,0.0,0.0,0.0,0.0,0.0,0.40703998240201367,0.0,0.0,0.0,0.0,0.0,0.0,0.0,0.0,0.0,0.0,0.0,0.0,0.0,0.0,0.0,0.0,0.0,0.0,0.0,0.0,0.0,0.0,0.0,0.0,0.0,0.0,0.0,0.0,0.0,0.0,0.0,0.0,0.0,0.0,0.0,0.0,0.0,0.0,0.0,0.0
680289c529f4d35767c366fee328b3ea12a904d1cce8e429ddc4fa411089472a,0.0,0.0,0.0,0.0,0.0,0.0,0.0,0.0,0.0,0.0,0.0,0.30865967289000573,0.0,0.0,0.0,0.0,0.0,0.0,0.0,0.0,0.0,0.0,0.0,0.0,0.0,0.0,0.0,0.0,0.0,0.0,0.0,0.0,0.0,0.0,0.0,0.0,0.0,0.0,0.0,0.0,0.0,0.0,0.0,0.19900702399822673,0.0,0.0,0.0,0.0,0.0,0.0,0.0,0.0,0.0,0.0,0.0,0.0,0.0,0.0,0.0,0.0,0.0,0.0,0.0,0.0,0.2219702259797708,0.0,0.0,0.0,0.0,0.0,0.0,0.0,0.0,0.0,0.34430575162659044,0.109149171715754,0.0,0.18572899505564258,0.0,0.09986299410736929,0.45614888162016376,0.0,0.0,0.0,0.0,0.0,0.0,0.0,0.0,0.0,0.0,0.0,0.0,0.0,0.0,0.0,0.0,0.0,0.0,0.0,0.0,0.0,0.0,0.0,0.0,0.0,0.0,0.0,0.0,0.0,0.0,0.0,0.0,0.3338133559733442,0.0,0.0,0.1434563919054387,0.0,0.14610180150913601,0.12949411795829194,0.0,0.0,0.0,0.0,0.0,0.0,0.0,0.0,0.0,0.0,0.0,0.0,0.0,0.1648280966364153,0.0,0.0,0.0,0.0,0.0,0.0,0.0,0.0,0.2219702259797708,0.0,0.0,0.1188188831004448,0.0,0.0,0.41493661224560274,0.0,0.0,0.0,0.0,0.0,0.0,0.0,0.0,0.0,0.0,0.0,0.0
e7fd4915a63bc03b41f1dd1141a2c0ba2c3a0d0bdc3c1dbb6fdbd6388b09be74,0.0,0.0,0.0,0.0,0.0,0.0,0.31217494092441106,0.0,0.0,0.0,0.0,0.0,0.1171933666031609,0.0,0.0,0.0,0.30279141041498964,0.22964578033542568,0.0,0.0,0.0,0.0,0.0,0.0,0.0,0.309383082464122,0.0,0.0,0.0,0.0,0.0,0.0,0.0,0.0,0.0,0.0,0.0,0.0,0.0,0.0,0.0,0.0,0.0,0.0,0.0,0.0,0.0,0.0,0.0,0.28569190645154646,0.0,0.0,0.0,0.0,0.0,0.0,0.0,0.0,0.0,0.0,0.16999807870912875,0.3107671812190568,0.0,0.0,0.0,0.0,0.0,0.0,0.0,0.0,0.0,0.0,0.0,0.0,0.0,0.11141416484088591,0.0,0.0,0.0,0.0,0.0,0.0,0.0,0.0,0.0,0.0,0.0,0.0,0.24445209130570872,0.0,0.0,0.0,0.0,0.0,0.0,0.0,0.0,0.0,0.0,0.0,0.0,0.0,0.0,0.0,0.0,0.0,0.0,0.0,0.0,0.0,0.0,0.0,0.0,0.0,0.23558849758921419,0.26814326731828425,0.14643330630904247,0.13543673742690562,0.14913361174448406,0.13218129626949682,0.1575926797332346,0.0,0.0,0.0,0.0,0.0,0.0,0.0,0.0,0.0,0.0,0.0,0.30029570617142126,0.0,0.0,0.0,0.0,0.0,0.0,0.0,0.0,0.0,0.0,0.18106685446776222,0.0,0.12128453583172905,0.0,0.0,0.0,0.0,0.0,0.0,0.0,0.0,0.0,0.0,0.0,0.0,0.0,0.0,0.0
4ee34cc00d2276e1398af50014c25ac15f1570ff1613bdffd65b63440ab9dd09,0.0,0.0,0.0,0.0,0.0,0.0,0.0,0.0,0.0,0.0,0.0,0.0,0.0,0.0,0.0,0.0,0.0,0.0,0.0,0.0,0.0,0.0,0.0,0.0,0.0,0.0,0.0,0.0,0.0,0.0,0.0,0.0,0.0,0.0,0.3668625741818503,0.0,0.0,0.0,0.0,0.0,0.0,0.0,0.41090923464136403,0.0,0.0,0.0,0.0,0.0,0.0,0.0,0.0,0.0,0.0,0.0,0.0,0.0,0.0,0.0,0.0,0.0,0.0,0.0,0.0,0.0,0.0,0.0,0.0,0.0,0.0,0.0,0.0,0.0,0.0,0.0,0.0,0.21304214306471142,0.0,0.0,0.0,0.0,0.0,0.0,0.0,0.0,0.0,0.0,0.0,0.0,0.0,0.0,0.0,0.0,0.0,0.0,0.0,0.0,0.0,0.0,0.0,0.2743035723154171,0.0,0.0,0.3009280898190801,0.0,0.0,0.0,0.0,0.0,0.0,0.0,0.0,0.0,0.0,0.0,0.0,0.0,0.28000448090853075,0.0,0.0,0.0,0.0,0.0,0.0,0.0,0.0,0.0,0.4067975023226761,0.0,0.0,0.0,0.0,0.0,0.0,0.0,0.0,0.0,0.0,0.0,0.0,0.0,0.0,0.0,0.4332512276175452,0.0,0.0,0.23191591007392484,0.0,0.0,0.0,0.0,0.0,0.0,0.0,0.0,0.0,0.0,0.0,0.0,0.0,0.0,0.0
56719990cf05483cd79512ca1d376baca27c1364fe110a6f9ea23cd53f8dcdeb,0.0,0.0,0.0,0.0,0.0,0.0,0.0,0.0,0.0,0.0,0.0,0.3815332585814395,0.0,0.47934697858838293,0.0,0.0,0.36667060601850426,0.0,0.0,0.0,0.0,0.0,0.0,0.4893278548342326,0.0,0.0,0.0,0.0,0.0,0.0,0.0,0.0,0.0,0.0,0.23233296852823812,0.0,0.0,0.0,0.0,0.0,0.0,0.0,0.0,0.0,0.0,0.0,0.0,0.0,0.0,0.0,0.0,0.0,0.0,0.0,0.0,0.0,0.0,0.0,0.0,0.0,0.0,0.0,0.0,0.0,0.0,0.0,0.0,0.0,0.0,0.0,0.0,0.0,0.0,0.0,0.0,0.13491895059131037,0.0,0.0,0.0,0.12344033542425681,0.0,0.0,0.0,0.0,0.0,0.0,0.0,0.0,0.0,0.0,0.0,0.0,0.0,0.0,0.0,0.0,0.0,0.0,0.0,0.17371563009954472,0.0,0.0,0.1905768572254053,0.0,0.0,0.0,0.0,0.0,0.0,0.0,0.0,0.0,0.0,0.0,0.0,0.0,0.0,0.0,0.0,0.0,0.0,0.0,0.0,0.0,0.0,0.0,0.0,0.0,0.0,0.0,0.0,0.0,0.0,0.0,0.0,0.0,0.0,0.0,0.0,0.0,0.0,0.0,0.27437670374354445,0.0,0.0,0.14687165066255634,0.0,0.0,0.0,0.0,0.0,0.0,0.0,0.0,0.0,0.0,0.0,0.0,0.0,0.0,0.0
556d5c93b2ceb585711ccce22e39e3327f388b893d76a3a7974967fe99a6fa7f,0.0,0.0,0.0,0.0,0.0,0.0,0.0,0.0,0.0,0.0,0.0,0.0,0.13717404438056566,0.0,0.0,0.0,0.0,0.0,0.0,0.0,0.387742571527938,0.0,0.0,0.0,0.0,0.0,0.0,0.0,0.0,0.0,0.0,0.0,0.0,0.0,0.0,0.0,0.0,0.0,0.0,0.0,0.0,0.0,0.0,0.0,0.0,0.0,0.0,0.0,0.3380846815849395,0.0,0.0,0.0,0.0,0.0,0.0,0.38364014871739854,0.0,0.0,0.0,0.0,0.19898160339074994,0.0,0.0,0.0,0.2652061567343234,0.0,0.517268370844073,0.22456765762315656,0.0,0.0,0.0,0.0,0.0,0.0,0.0,0.0,0.0,0.0,0.0,0.11931456460116158,0.0,0.0,0.0,0.0,0.0,0.0,0.0,0.0,0.0,0.0,0.0,0.0,0.0,0.0,0.0,0.0,0.0,0.0,0.0,0.16790949812722775,0.0,0.0,0.18420716911336818,0.0,0.0,0.0,0.0,0.0,0.0,0.0,0.0,0.0,0.0,0.0,0.0,0.0,0.0,0.0,0.0,0.0,0.0,0.0,0.0,0.0,0.0,0.0,0.0,0.0,0.0,0.0,0.0,0.0,0.0,0.0,0.0,0.0,0.0,0.0,0.0,0.0,0.0,0.0,0.0,0.2119375306856346,0.0,0.14196273034116572,0.0,0.0,0.0,0.0,0.0,0.0,0.0,0.0,0.0,0.0,0.0,0.0,0.0,0.0,0.0
924585f614812f098386c701ee509d65159093d1869327cbcd998f1c41f52e6a,0.0,0.0,0.0,0.0,0.0,0.0,0.2748318027653344,0.0,0.0,0.0,0.0,0.0,0.10317440637710985,0.0,0.0,0.0,0.2665707533724165,0.2021749843858198,0.0,0.0,0.0,0.0,0.0,0.0,0.0,0.2723739133158008,0.0,0.0,0.0,0.0,0.0,0.0,0.0,0.0,0.0,0.0,0.0,0.0,0.0,0.0,0.0,0.0,0.0,0.17883697630507384,0.0,0.0,0.0,0.0,0.25428780266146506,0.25151673434465605,0.0,0.0,0.0,0.0,0.0,0.0,0.0,0.0,0.0,0.0,0.14966248828276674,0.2735924427560485,0.0,0.0,0.0,0.0,0.0,0.0,0.0,0.0,0.0,0.0,0.0,0.0,0.0,0.09808652701636636,0.20940696789186547,0.16690472135409198,0.0,0.08974153551028664,0.0,0.0,0.0,0.0,0.0,0.0,0.0,0.0,0.21521012783524981,0.0,0.0,0.0,0.0,0.0,0.0,0.0,0.0,0.0,0.0,0.0,0.0,0.0,0.0,0.0,0.0,0.0,0.0,0.0,0.0,0.0,0.0,0.0,0.0,0.0,0.20740681911075637,0.23606730680639454,0.12891659221150373,0.11923546008359652,0.13129388043534976,0.11636944284519246,0.13874105379967747,0.0,0.0,0.0,0.16305908082418746,0.0,0.0,0.0,0.0,0.0,0.0,0.0,0.26437359144007844,0.1481222010175866,0.0,0.0,0.0,0.0,0.0,0.0,0.0,0.0,0.0,0.15940718972210188,0.0,0.10677617982880308,0.0,0.0,0.0,0.0,0.0,0.0,0.0,0.0,0.0,0.0,0.0,0.0,0.0,0.0,0.0
cba58aeb27c59e275202d2b1682dde6974a0a7a9e0f33849ec1b7f1675bd38bb,0.0,0.0,0.0,0.0,0.0,0.0,0.31333511715951795,0.0,0.0,0.0,0.0,0.0,0.11762890751635062,0.0,0.0,0.0,0.30391671341822796,0.0,0.0,0.0,0.0,0.0,0.0,0.0,0.0,0.31053288295341214,0.0,0.0,0.0,0.0,0.0,0.0,0.0,0.0,0.0,0.0,0.0,0.0,0.0,0.0,0.0,0.0,0.0,0.0,0.0,0.0,0.0,0.0,0.0,0.2867536603496844,0.0,0.0,0.0,0.0,0.0,0.0,0.0,0.0,0.0,0.0,0.1706298646248981,0.31192212561412536,0.0,0.0,0.0,0.0,0.0,0.0,0.0,0.0,0.0,0.0,0.0,0.0,0.0,0.11182822775676224,0.0,0.0,0.0,0.0,0.0,0.0,0.0,0.0,0.0,0.0,0.0,0.0,0.24536058032829092,0.0,0.0,0.0,0.0,0.0,0.0,0.0,0.0,0.0,0.0,0.14398504407676976,0.0,0.0,0.15796055410723897,0.0,0.0,0.0,0.0,0.0,0.0,0.0,0.0,0.0,0.0,0.0,0.23646404568848886,0.2691398029320186,0.14697751540380458,0.13594007854601603,0.14968785633467846,0.13267253877026702,0.1581783618552906,0.0,0.0,0.0,0.0,0.0,0.0,0.0,0.0,0.0,0.0,0.0,0.30141173406518196,0.0,0.0,0.0,0.0,0.0,0.0,0.0,0.0,0.0,0.0,0.18173977671096664,0.0,0.12173528128791868,0.0,0.0,0.0,0.0,0.0,0.0,0.0,0.0,0.0,0.0,0.0,0.0,0.0,0.0,0.0
7d2680c89c943249ba247b8d75c91e3e8ef3a4778966bc4dc474137e39bd4d0b,0.0,0.0,0.0,0.0,0.0,0.0,0.0,0.0,0.0,0.0,0.2456341498756618,0.0,0.15999800568935446,0.0,0.0,0.0,0.0,0.0,0.0,0.0,0.0,0.23382729133852592,0.0,0.0,0.0,0.0,0.0,0.0,0.0,0.0,0.0,0.0,0.0,0.0,0.0,0.0,0.0,0.0,0.0,0.0,0.0,0.0,0.0,0.2773319523423429,0.0,0.0,0.0,0.33373772107721383,0.0,0.0,0.0,0.0,0.0,0.0,0.0,0.0,0.0,0.0,0.0,0.0,0.0,0.0,0.0,0.0,0.0,0.0,0.0,0.0,0.0,0.0,0.0,0.0,0.0,0.0,0.47981716616269277,0.15210796222322998,0.32473845420240255,0.2588279738599663,0.0,0.13916694278487074,0.0,0.0,0.0,0.0,0.0,0.0,0.0,0.0,0.0,0.0,0.0,0.0,0.0,0.0,0.0,0.0,0.0,0.0,0.0,0.0,0.0,0.0,0.0,0.0,0.3649520835492529,0.0,0.0,0.0,0.0,0.0,0.0,0.0,0.0,0.0,0.0,0.0,0.19991777397504376,0.0,0.0,0.0,0.0,0.0,0.0,0.0,0.0,0.0,0.0,0.0,0.0,0.0,0.0,0.0,0.0,0.22970092674445874,0.0,0.0,0.0,0.0,0.0,0.0,0.0,0.0,0.0,0.0,0.0,0.0,0.0,0.0,0.0,0.0,0.0,0.0,0.0,0.0,0.0,0.0,0.0,0.0,0.0,0.0,0.0
a2156b563ac4ab106bc976ffd63326fb55dad9f321a351b7fbe5ea2f509ec5e5,0.0,0.0,0.0,0.0,0.0,0.0,0.0,0.0,0.0,0.0,0.23640964561963426,0.0,0.1539894670346745,0.0,0.0,0.0,0.0,0.0,0.0,0.0,0.0,0.2250461798960842,0.0,0.0,0.0,0.0,0.3236922536153149,0.0,0.0,0.0,0.0,0.0,0.0,0.0,0.0,0.0,0.0,0.0,0.0,0.0,0.0,0.0,0.0,0.0,0.29904407176877706,0.0,0.0,0.0,0.0,0.0,0.0,0.0,0.0,0.0,0.0,0.0,0.0,0.0,0.29771634214219267,0.0,0.0,0.0,0.0,0.0,0.29771634214219267,0.0,0.0,0.0,0.0,0.0,0.0,0.0,0.0,0.0,0.0,0.14639572495648956,0.0,0.24910799091924407,0.0,0.1339406904227004,0.0,0.0,0.0,0.0,0.0,0.0,0.0,0.0,0.0,0.0,0.0,0.0,0.0,0.0,0.0,0.0,0.0,0.0,0.0,0.0,0.0,0.0,0.0,0.0,0.35124673333776846,0.0,0.0,0.0,0.0,0.0,0.0,0.0,0.0,0.0,0.0,0.0,0.0,0.1779608489608987,0.0,0.17368327196723118,0.0,0.0,0.0,0.0,0.2433683103492154,0.0,0.2795381909246383,0.0,0.0,0.0,0.0,0.0,0.0,0.22107477611580925,0.0,0.0,0.0,0.0,0.0,0.0,0.0,0.0,0.0,0.0,0.0,0.1593651720537918,0.0,0.0,0.0,0.0,0.0,0.0,0.0,0.0,0.0,0.0,0.0,0.0,0.0,0.0,0.0
816cd3eec54f3d6fc8f5fc851b010ce9064c35f80f86ef31af36635dc2b2c676,0.0,0.0,0.0,0.0,0.0,0.47403349634265296,0.0,0.0,0.0,0.0,0.0,0.0,0.0,0.0,0.0,0.0,0.0,0.0,0.0,0.0,0.0,0.0,0.0,0.0,0.0,0.0,0.0,0.0,0.0,0.0,0.0,0.0,0.0,0.0,0.0,0.0,0.0,0.0,0.0,0.0,0.0,0.0,0.31241400904087313,0.0,0.0,0.0,0.0,0.0,0.41991974109193486,0.0,0.0,0.0,0.0,0.0,0.0,0.47650213303558847,0.0,0.0,0.0,0.0,0.0,0.0,0.0,0.0,0.0,0.0,0.0,0.0,0.0,0.0,0.0,0.0,0.0,0.0,0.0,0.1619757951353809,0.0,0.0,0.0,0.1481952416209342,0.0,0.0,0.0,0.0,0.0,0.0,0.0,0.0,0.0,0.0,0.0,0.0,0.0,0.0,0.0,0.0,0.0,0.0,0.0,0.0,0.0,0.0,0.22879542012591916,0.0,0.0,0.0,0.0,0.0,0.0,0.0,0.0,0.0,0.0,0.0,0.0,0.0,0.0,0.0,0.21681296429607474,0.0,0.0,0.0,0.0,0.0,0.0,0.0,0.30928786178135637,0.0,0.0,0.0,0.0,0.0,0.0,0.0,0.0,0.0,0.0,0.0,0.0,0.0,0.0,0.0,0.0,0.0,0.0,0.17632550723712537,0.0,0.0,0.0,0.0,0.0,0.0,0.0,0.0,0.0,0.0,0.0,0.0,0.0,0.0,0.0
4ef4eed826dab18fbe3595b31ead256962bda13217893d6143943662265e593c,0.0,0.0,0.0,0.0,0.0,0.0,0.0,0.0,0.0,0.0,0.19060852802134182,0.0,0.12415612554783395,0.0,0.0,0.0,0.0,0.0,0.0,0.0,0.0,0.1814465775048568,0.0,0.0,0.0,0.0,0.0,0.0,0.0,0.0,0.0,0.0,0.0,0.0,0.20325601989609166,0.0,0.0,0.0,0.0,0.0,0.0,0.0,0.0,0.21520556175115382,0.0,0.0,0.0,0.0,0.0,0.0,0.0,0.0,0.0,0.0,0.0,0.34723241327785226,0.0,0.0,0.0,0.0,0.0,0.0,0.0,0.0,0.0,0.0,0.0,0.0,0.0,0.0,0.0,0.0,0.43280454514438776,0.0,0.0,0.11803356656381783,0.25199231775703074,0.20084674355405158,0.0,0.10799152368219964,0.0,0.0,0.0,0.0,0.0,0.0,0.0,0.0,0.2589756179746401,0.0,0.0,0.0,0.0,0.0,0.0,0.0,0.0,0.0,0.0,0.15197476187493242,0.0,0.0,0.16672577176335426,0.0,0.2831975092993263,0.0,0.0,0.0,0.0,0.0,0.0,0.0,0.0,0.0,0.0,0.0,0.1551332851803196,0.0,0.15799402269795942,0.14003452661516466,0.0,0.0,0.0,0.0,0.19621904715909957,0.0,0.0,0.0,0.0,0.0,0.0,0.0,0.0,0.1782445785899964,0.0,0.0,0.0,0.0,0.0,0.0,0.0,0.0,0.0,0.19182450139839677,0.0,0.12849036164926395,0.0,0.0,0.0,0.0,0.0,0.0,0.0,0.0,0.0,0.0,0.0,0.0,0.0,0.0,0.0
13df58cb2a7de61146bfeff4f4a54b00268bc3532c909616448342b1e99c0591,0.0,0.0,0.0,0.0,0.0,0.0,0.0,0.0,0.0,0.0,0.3804286890926455,0.0,0.24779873479583195,0.0,0.0,0.0,0.0,0.0,0.0,0.0,0.0,0.3621426823714361,0.0,0.0,0.0,0.0,0.0,0.0,0.0,0.0,0.0,0.0,0.0,0.0,0.0,0.0,0.0,0.0,0.0,0.0,0.0,0.0,0.0,0.0,0.0,0.0,0.0,0.0,0.0,0.0,0.0,0.0,0.0,0.0,0.0,0.0,0.0,0.0,0.0,0.0,0.0,0.0,0.0,0.0,0.47908298100847646,0.0,0.0,0.0,0.0,0.0,0.0,0.0,0.0,0.0,0.0,0.2355789400554788,0.0,0.0,0.0,0.2155363887125588,0.0,0.0,0.0,0.0,0.0,0.0,0.0,0.0,0.0,0.0,0.0,0.0,0.0,0.0,0.0,0.0,0.0,0.0,0.0,0.0,0.0,0.0,0.0,0.0,0.0,0.0,0.0,0.0,0.0,0.0,0.0,0.0,0.0,0.0,0.0,0.0,0.30962493089069215,0.286373308934,0.0,0.0,0.0,0.0,0.0,0.0,0.39162652196435943,0.0,0.0,0.0,0.0,0.0,0.0,0.0,0.0,0.0,0.0,0.0,0.0,0.0,0.0,0.0,0.0,0.0,0.0,0.0,0.0,0.0,0.0,0.0,0.0,0.0,0.0,0.0,0.0,0.0,0.0,0.0,0.0,0.0,0.0,0.0,0.0
efc68e9572dcd8d5bc5a55b2d2093e2f3301e7b843e7ffe1354c99c7223aa231,0.0,0.0,0.0,0.0,0.0,0.0,0.0,0.0,0.0,0.0,0.24275074696026894,0.0,0.15811985187281366,0.0,0.0,0.0,0.0,0.0,0.0,0.0,0.0,0.23108248450329882,0.0,0.0,0.0,0.0,0.3323744940457902,0.0,0.0,0.0,0.0,0.0,0.0,0.0,0.0,0.0,0.0,0.0,0.0,0.0,0.0,0.0,0.0,0.0,0.3070651859641462,0.0,0.0,0.0,0.0,0.0,0.0,0.0,0.0,0.0,0.0,0.0,0.0,0.0,0.30570184328931643,0.0,0.0,0.0,0.0,0.0,0.30570184328931643,0.0,0.0,0.0,0.0,0.0,0.0,0.0,0.0,0.0,0.0,0.15032242653142597,0.0,0.0,0.0,0.13753331664308496,0.0,0.0,0.0,0.0,0.0,0.0,0.0,0.0,0.0,0.0,0.0,0.0,0.0,0.0,0.0,0.0,0.0,0.0,0.0,0.0,0.0,0.0,0.0,0.0,0.3606680542226414,0.0,0.0,0.0,0.0,0.0,0.0,0.0,0.0,0.0,0.0,0.0,0.0,0.18273420655791514,0.0,0.17834189418981683,0.0,0.0,0.0,0.0,0.24989606058114266,0.0,0.0,0.0,0.0,0.0,0.0,0.0,0.0,0.22700455768429886,0.0,0.0,0.0,0.0,0.0,0.0,0.0,0.0,0.30570184328931643,0.0,0.0,0.16363974682214402,0.0,0.0,0.0,0.0,0.0,0.0,0.0,0.0,0.0,0.0,0.0,0.0,0.0,0.0,0.0
7057d3a37ba472e8991a2b77c92b1d3bcc485e84f5e6a3a88ebf90092148b00a,0.0,0.0,0.0,0.0,0.0,0.0,0.0,0.0,0.0,0.0,0.0,0.0,0.0,0.0,0.0,0.0,0.0,0.0,0.0,0.0,0.0,0.0,0.0,0.0,0.0,0.0,0.38309426461216406,0.0,0.0,0.0,0.0,0.0,0.0,0.0,0.0,0.0,0.0,0.0,0.0,0.0,0.0,0.0,0.3341812797920477,0.0,0.3539228000711926,0.0,0.0,0.0,0.0,0.0,0.0,0.0,0.0,0.0,0.0,0.0,0.0,0.0,0.3523514136718609,0.0,0.0,0.0,0.0,0.0,0.0,0.0,0.0,0.0,0.0,0.0,0.0,0.0,0.0,0.0,0.0,0.0,0.0,0.29482275687584225,0.0,0.15852066191275146,0.0,0.0,0.0,0.0,0.0,0.0,0.0,0.0,0.0,0.0,0.0,0.0,0.0,0.0,0.0,0.0,0.0,0.0,0.0,0.22308361827862644,0.0,0.0,0.24473661262173343,0.0,0.0,0.0,0.0,0.0,0.0,0.0,0.0,0.0,0.0,0.0,0.0,0.0,0.0,0.0,0.0,0.20555655752205756,0.0,0.0,0.0,0.0,0.0,0.0,0.0,0.0,0.0,0.0,0.0,0.0,0.0,0.2616450589547803,0.0,0.0,0.0,0.0,0.0,0.0,0.0,0.0,0.3523514136718609,0.0,0.0,0.18861088799886502,0.0,0.0,0.0,0.0,0.0,0.0,0.0,0.0,0.0,0.0,0.0,0.0,0.0,0.0,0.0
1479052d908e0057cf19343d000533864d9a270a1d304218a1865da2d77f58e2,0.0,0.0,0.0,0.0,0.0,0.0,0.0,0.0,0.0,0.0,0.23987854581935145,0.0,0.15624899452371094,0.0,0.0,0.0,0.0,0.30617707566611924,0.0,0.0,0.0,0.2283483410085929,0.0,0.0,0.0,0.0,0.0,0.0,0.0,0.0,0.0,0.0,0.0,0.0,0.0,0.0,0.0,0.0,0.0,0.0,0.0,0.0,0.2865068365723774,0.0,0.0,0.0,0.0,0.3259177083381541,0.0,0.0,0.0,0.0,0.0,0.0,0.0,0.0,0.0,0.0,0.0,0.0,0.0,0.0,0.0,0.0,0.30208481144051286,0.0,0.0,0.0,0.0,0.0,0.0,0.0,0.0,0.0,0.0,0.14854382749354242,0.317129308791663,0.2527632172412751,0.0,0.13590603699957024,0.0,0.0,0.0,0.0,0.0,0.0,0.0,0.0,0.0,0.0,0.0,0.0,0.0,0.0,0.0,0.0,0.0,0.0,0.0,0.0,0.0,0.0,0.0,0.0,0.35640066798468967,0.0,0.0,0.0,0.0,0.0,0.0,0.0,0.0,0.0,0.0,0.0,0.19523337829389867,0.18057211476980542,0.19883358214010574,0.0,0.0,0.0,0.0,0.0,0.0,0.0,0.0,0.0,0.0,0.0,0.0,0.0,0.0,0.22431866378803403,0.0,0.0,0.0,0.0,0.0,0.0,0.0,0.0,0.0,0.0,0.0,0.0,0.0,0.0,0.0,0.0,0.0,0.0,0.0,0.0,0.0,0.0,0.0,0.0,0.0,0.0,0.0
4726664a1167df53e184eaf298ce91c539a5c0ad60297706caf8eee472d26455,0.0,0.0,0.0,0.0,0.0,0.0,0.0,0.0,0.0,0.0,0.2346681180712338,0.0,0.1528550932729716,0.0,0.0,0.0,0.0,0.0,0.0,0.0,0.0,0.22338836208190796,0.0,0.0,0.0,0.0,0.0,0.0,0.0,0.0,0.0,0.0,0.0,0.0,0.0,0.0,0.0,0.0,0.0,0.0,0.0,0.0,0.0,0.0,0.0,0.0,0.0,0.31883841466756924,0.0,0.0,0.0,0.0,0.0,0.0,0.0,0.0,0.0,0.0,0.0,0.0,0.0,0.0,0.0,0.0,0.2955231946921777,0.0,0.0,0.2502391061449492,0.0,0.0,0.0,0.0,0.532848289402549,0.0,0.0,0.14531729100633684,0.0,0.24727292015647767,0.0,0.1329540073217993,0.0,0.0,0.0,0.0,0.0,0.0,0.0,0.0,0.0,0.0,0.0,0.0,0.0,0.0,0.0,0.0,0.0,0.0,0.0,0.0,0.0,0.0,0.0,0.0,0.0,0.0,0.0,0.0,0.0,0.0,0.0,0.0,0.0,0.0,0.0,0.0,0.19099269304150698,0.0,0.19451469647193664,0.17240382246746785,0.0,0.0,0.0,0.0,0.0,0.0,0.0,0.0,0.0,0.0,0.0,0.0,0.0,0.0,0.0,0.0,0.0,0.0,0.0,0.0,0.0,0.0,0.0,0.0,0.0,0.15819119779965415,0.32730038543053364,0.0,0.0,0.0,0.0,0.0,0.0,0.0,0.0,0.0,0.0,0.0,0.0,0.0,0.0
6062bbdc53fc6a43026c807a0abd7199c0d8f5bf8cb3d6adcc3e20a99afdb375,0.0,0.0,0.0,0.0,0.0,0.0,0.0,0.0,0.0,0.0,0.0,0.41623245792961105,0.0,0.0,0.0,0.0,0.0,0.0,0.0,0.0,0.0,0.0,0.0,0.0,0.0,0.0,0.0,0.0,0.0,0.0,0.0,0.0,0.0,0.0,0.0,0.0,0.0,0.0,0.0,0.0,0.0,0.0,0.0,0.2683641240479041,0.0,0.0,0.0,0.0,0.0,0.0,0.0,0.0,0.0,0.0,0.0,0.0,0.0,0.0,0.0,0.0,0.0,0.0,0.0,0.0,0.0,0.0,0.0,0.0,0.0,0.0,0.0,0.0,0.0,0.0,0.4643017597245638,0.1471893869349737,0.0,0.25045849170051987,0.0,0.1346668293409783,0.0,0.0,0.0,0.0,0.0,0.0,0.0,0.0,0.0,0.0,0.0,0.0,0.0,0.0,0.0,0.0,0.0,0.0,0.0,0.0,0.0,0.0,0.0,0.0,0.0,0.0,0.0,0.0,0.0,0.0,0.0,0.0,0.0,0.45015259799109375,0.0,0.0,0.0,0.0,0.19702059352522858,0.17462486919829842,0.0,0.0,0.0,0.0,0.0,0.0,0.0,0.0,0.0,0.0,0.0,0.0,0.0,0.22227329912088442,0.0,0.0,0.0,0.0,0.0,0.0,0.0,0.0,0.2993303656473317,0.0,0.0,0.16022914590132914,0.0,0.0,0.0,0.0,0.0,0.0,0.0,0.0,0.0,0.0,0.0,0.0,0.0,0.0,0.0
6248995ca509223d8941ef0f7348b8a31dc71a453e5b5e85d3ae871abc2cfba1,0.0,0.0,0.0,0.0,0.0,0.0,0.0,0.0,0.0,0.0,0.0,0.0,0.0,0.0,0.0,0.0,0.0,0.0,0.0,0.0,0.615466010374984,0.0,0.0,0.0,0.0,0.0,0.0,0.0,0.0,0.0,0.0,0.0,0.0,0.0,0.0,0.0,0.0,0.0,0.0,0.0,0.0,0.0,0.0,0.3774138820774959,0.0,0.0,0.0,0.0,0.0,0.0,0.0,0.0,0.0,0.0,0.0,0.0,0.0,0.0,0.0,0.0,0.0,0.0,0.0,0.0,0.0,0.0,0.0,0.3564575325116726,0.0,0.0,0.0,0.0,0.0,0.0,0.0,0.0,0.0,0.0,0.0,0.0,0.0,0.0,0.0,0.0,0.0,0.0,0.0,0.0,0.0,0.0,0.0,0.0,0.0,0.0,0.0,0.0,0.0,0.0,0.0,0.0,0.0,0.0,0.0,0.0,0.0,0.0,0.0,0.0,0.0,0.0,0.0,0.0,0.0,0.0,0.0,0.0,0.0,0.0,0.2770799089311044,0.0,0.0,0.0,0.0,0.0,0.0,0.0,0.0,0.0,0.0,0.0,0.0,0.0,0.0,0.31259405109011856,0.0,0.0,0.0,0.0,0.0,0.0,0.0,0.0,0.42096325551499536,0.0,0.0,0.0,0.0,0.0,0.0,0.0,0.0,0.0,0.0,0.0,0.0,0.0,0.0,0.0,0.0,0.0,0.0
2441721595344866251f220536f40eb877df6f30e392c13156712c55598717a0,0.0,0.0,0.0,0.0,0.0,0.0,0.0,0.0,0.0,0.5747383088340611,0.0,0.0,0.0,0.0,0.0,0.0,0.0,0.0,0.0,0.0,0.0,0.0,0.0,0.0,0.0,0.0,0.0,0.0,0.6074858932396808,0.0,0.0,0.0,0.0,0.0,0.0,0.0,0.0,0.0,0.0,0.0,0.0,0.0,0.2539668328857078,0.0,0.0,0.0,0.0,0.0,0.0,0.0,0.0,0.0,0.0,0.0,0.0,0.0,0.0,0.0,0.0,0.0,0.0,0.0,0.0,0.0,0.0,0.0,0.0,0.0,0.0,0.0,0.0,0.0,0.0,0.0,0.0,0.1316729676142501,0.0,0.0,0.0,0.0,0.0,0.0,0.0,0.0,0.0,0.0,0.0,0.0,0.0,0.0,0.0,0.0,0.0,0.0,0.0,0.0,0.0,0.0,0.0,0.1695362470278479,0.0,0.0,0.1859918138963242,0.0,0.0,0.0,0.0,0.0,0.0,0.0,0.0,0.0,0.0,0.0,0.0,0.0,0.0,0.0,0.0,0.0,0.0,0.0,0.0,0.0,0.0,0.0,0.2514255328938437,0.0,0.0,0.0,0.0,0.0,0.0,0.0,0.0,0.0,0.0,0.0,0.0,0.0,0.0,0.0,0.26777553981697877,0.0,0.0,0.14333810051430826,0.0,0.0,0.0,0.0,0.0,0.0,0.0,0.0,0.0,0.0,0.0,0.0,0.0,0.0,0.0
5a5d64bb6b478e02a7bed40b6796af0c0d4d96dc8b95bca2a29c8fa01c1ae855,0.0,0.0,0.0,0.0,0.0,0.0,0.0,0.0,0.0,0.0,0.0,0.0,0.0,0.0,0.0,0.0,0.0,0.0,0.0,0.5244825393648783,0.455443235567181,0.0,0.0,0.0,0.0,0.0,0.0,0.0,0.0,0.0,0.0,0.0,0.0,0.0,0.0,0.0,0.0,0.0,0.0,0.0,0.0,0.0,0.0,0.0,0.0,0.0,0.0,0.33608833558601525,0.0,0.0,0.0,0.0,0.0,0.0,0.0,0.0,0.0,0.0,0.0,0.0,0.0,0.0,0.0,0.0,0.0,0.0,0.0,0.0,0.0,0.0,0.0,0.0,0.0,0.0,0.0,0.1531793040594242,0.0,0.0,0.0,0.14014713715366958,0.0,0.0,0.0,0.0,0.0,0.0,0.0,0.0,0.0,0.0,0.0,0.0,0.0,0.0,0.0,0.0,0.0,0.0,0.0,0.19722684772057847,0.0,0.0,0.2163701261511295,0.0,0.0,0.0,0.0,0.0,0.0,0.0,0.0,0.0,0.0,0.0,0.0,0.0,0.0,0.0,0.0,0.0,0.2166684733567909,0.0,0.0,0.0,0.0,0.0,0.0,0.0,0.4482899498035079,0.0,0.0,0.0,0.0,0.0,0.0,0.0,0.0,0.0,0.0,0.0,0.0,0.0,0.0,0.0,0.0,0.16674972000559157,0.0,0.0,0.0,0.0,0.0,0.0,0.0,0.0,0.0,0.0,0.0,0.0,0.0,0.0,0.0
bdc9b4576df059ca895dc4f4d5491059ed86f74fa9b99ce5e9465476c4f6d9b8,0.0,0.0,0.0,0.0,0.0,0.0,0.0,0.0,0.0,0.0,0.0,0.0,0.25066386094092724,0.0,0.0,0.0,0.0,0.0,0.0,0.0,0.0,0.0,0.0,0.0,0.0,0.0,0.0,0.0,0.0,0.0,0.0,0.0,0.0,0.0,0.4103618607767446,0.0,0.0,0.0,0.0,0.0,0.0,0.0,0.0,0.0,0.0,0.0,0.0,0.5228564277811294,0.0,0.0,0.0,0.0,0.0,0.0,0.0,0.0,0.0,0.0,0.0,0.0,0.0,0.0,0.0,0.0,0.0,0.0,0.0,0.0,0.0,0.0,0.0,0.0,0.0,0.0,0.0,0.0,0.0,0.0,0.0,0.0,0.0,0.0,0.0,0.0,0.0,0.0,0.0,0.0,0.0,0.0,0.0,0.0,0.0,0.0,0.0,0.0,0.0,0.0,0.0,0.0,0.0,0.0,0.33660945429919076,0.0,0.0,0.0,0.0,0.0,0.0,0.0,0.0,0.0,0.0,0.0,0.0,0.0,0.0,0.0,0.0,0.2827214118635534,0.0,0.0,0.0,0.0,0.0,0.0,0.0,0.0,0.0,0.0,0.0,0.0,0.0,0.0,0.0,0.0,0.0,0.0,0.0,0.0,0.0,0.0,0.484622287638466,0.0,0.0,0.2594144268161117,0.0,0.0,0.0,0.0,0.0,0.0,0.0,0.0,0.0,0.0,0.0,0.0,0.0,0.0,0.0
d71a7b1efc4a06afffd94f526ad496368a9c4489296076449c74eec2d76ee4ca,0.0,0.36283533763159054,0.0,0.0,0.0,0.0,0.0,0.0,0.0,0.0,0.0,0.0,0.16945054709744004,0.0,0.0,0.0,0.0,0.0,0.0,0.0,0.0,0.0,0.0,0.0,0.0,0.0,0.0,0.0,0.0,0.0,0.0,0.0,0.0,0.0,0.0,0.0,0.0,0.0,0.0,0.0,0.0,0.0,0.0,0.0,0.0,0.0,0.0,0.0,0.0,0.0,0.0,0.0,0.0,0.0,0.0,0.4739091377108697,0.0,0.0,0.0,0.0,0.0,0.0,0.0,0.0,0.3276081022118451,0.0,0.0,0.2774075271781205,0.0,0.0,0.0,0.0,0.0,0.0,0.0,0.16109436680508574,0.0,0.0,0.0,0.0,0.0,0.0,0.0,0.0,0.0,0.0,0.0,0.0,0.0,0.0,0.0,0.0,0.0,0.0,0.0,0.0,0.0,0.0,0.0,0.0,0.0,0.0,0.22755037752574414,0.0,0.3865131315564028,0.0,0.0,0.0,0.0,0.0,0.0,0.0,0.0,0.0,0.0,0.0,0.2117287401715876,0.1958287394524128,0.0,0.0,0.22786414089266377,0.0,0.0,0.0,0.0,0.0,0.0,0.0,0.0,0.0,0.0,0.0,0.0,0.0,0.0,0.0,0.0,0.0,0.0,0.0,0.0,0.0,0.0,0.26180558200593,0.0,0.0,0.0,0.0,0.0,0.0,0.0,0.0,0.0,0.0,0.0,0.0,0.0,0.0,0.0,0.0,0.0
5a470ca467d4dd545901e059df5ff7960d65c7492255c728f4c382c5f9ca1a36,0.0,0.0,0.0,0.0,0.0,0.0,0.0,0.0,0.0,0.0,0.0,0.0,0.0,0.0,0.0,0.0,0.0,0.0,0.0,0.0,0.0,0.0,0.0,0.0,0.0,0.0,0.39510970932109485,0.0,0.0,0.0,0.0,0.0,0.0,0.0,0.0,0.0,0.0,0.0,0.0,0.0,0.0,0.0,0.3446626079167747,0.0,0.3650233051643465,0.0,0.0,0.0,0.0,0.0,0.0,0.0,0.0,0.0,0.0,0.0,0.0,0.0,0.36340263348945306,0.0,0.0,0.0,0.0,0.0,0.0,0.0,0.0,0.0,0.0,0.0,0.0,0.0,0.0,0.0,0.0,0.0,0.0,0.30406963645980706,0.0,0.1634925354811643,0.0,0.0,0.0,0.0,0.0,0.0,0.0,0.0,0.0,0.0,0.0,0.0,0.0,0.0,0.0,0.0,0.0,0.0,0.0,0.23008045725142778,0.0,0.0,0.0,0.0,0.0,0.0,0.0,0.0,0.0,0.0,0.0,0.0,0.0,0.0,0.0,0.0,0.0,0.0,0.0,0.212003674275332,0.0,0.0,0.0,0.0,0.0,0.0,0.0,0.0,0.0,0.0,0.0,0.0,0.0,0.2698513466224351,0.0,0.0,0.0,0.0,0.0,0.0,0.0,0.0,0.36340263348945306,0.0,0.0,0.19452651740288912,0.0,0.0,0.0,0.0,0.0,0.0,0.0,0.0,0.0,0.0,0.0,0.0,0.0,0.0,0.0
d71902d94f791bc465df2e02f65b2c45f1abce409d173a040df1dcdb64e5d2f7,0.0,0.0,0.0,0.0,0.0,0.0,0.0,0.0,0.0,0.0,0.15147677437455928,0.0,0.09866698836645423,0.0,0.0,0.0,0.0,0.0,0.0,0.0,0.0,0.14419576378377874,0.0,0.0,0.0,0.0,0.0,0.32695499440622694,0.0,0.0,0.0,0.0,0.0,0.0,0.0,0.0,0.0,0.0,0.0,0.0,0.0,0.2852041105271254,0.0,0.17102405994069608,0.0,0.0,0.0,0.0,0.0,0.0,0.0,0.0,0.0,0.0,0.0,0.0,0.0,0.0,0.19075833842604692,0.0,0.0,0.0,0.0,0.0,0.0,0.0,0.0,0.0,0.0,0.0,0.0,0.0,0.0,0.0,0.295891905326101,0.0938013850514079,0.20025852912903302,0.15961309377403934,0.0,0.08582096424007772,0.0,0.0,0.0,0.0,0.0,0.0,0.0,0.0,0.0,0.0,0.0,0.0,0.496291282583248,0.0,0.0,0.0,0.0,0.0,0.0,0.12077448451088696,0.0,0.0,0.0,0.0,0.0,0.0,0.1577498953436549,0.0,0.0,0.0,0.0,0.0,0.0,0.2868748763435548,0.0,0.0,0.12328456591728316,0.11402637694794739,0.0,0.11128556845241716,0.13267982266035538,0.0,0.0,0.0,0.0,0.0,0.0,0.0,0.0,0.0,0.0,0.0,0.0,0.1416511322701269,0.0,0.0,0.0,0.0,0.0,0.0,0.0,0.0,0.0,0.0,0.0,0.10211140982460047,0.21127031249092662,0.0,0.0,0.0,0.0,0.0,0.0,0.0,0.14819687917045582,0.0,0.0,0.0,0.0,0.0,0.0
4e2554b448424859b508433e6c4a043718343febc7894a849f446dd197b47d1e,0.0,0.19846544605738184,0.2337236469447838,0.0,0.0,0.0,0.0,0.0,0.0,0.0,0.0,0.0,0.09268688831104857,0.0,0.0,0.0,0.0,0.18162421142084587,0.0,0.0,0.0,0.13545621361336113,0.0,0.0,0.0,0.0,0.0,0.0,0.0,0.0,0.0,0.0,0.0,0.0,0.0,0.3268265203077937,0.0,0.0,0.0,0.0,0.0,0.0,0.16995582750905947,0.0,0.0,0.0,0.0,0.19333435279640954,0.0,0.0,0.21974278261426736,0.0,0.2663856265277356,0.0,0.0,0.0,0.0,0.0,0.0,0.0,0.134449528937595,0.0,0.0,0.18812107504264533,0.1791966806813727,0.0,0.0,0.0,0.0,0.0,0.0,0.0,0.0,0.0,0.0,0.08811618398030917,0.0,0.0,0.0,0.08061944789196605,0.0,0.0,0.0,0.0,0.2920410860877085,0.272744937401691,0.0,0.0,0.0,0.0,0.0,0.0,0.0,0.0,0.0,0.0,0.0,0.0,0.0,0.0,0.0,0.0,0.0,0.0,0.0,0.0,0.0,0.0,0.0,0.0,0.0,0.0,0.0,0.0,0.18632423827672748,0.0,0.0,0.10711536086857182,0.11794806153142333,0.10454066982840673,0.12463824129683457,0.0,0.20345666017326952,0.2779582151554552,0.0,0.0,0.0,0.0,0.0,0.0,0.0,0.0,0.0,0.0,0.0,0.0,0.0,0.0,0.0,0.0,0.0,0.0,0.0,0.0,0.0,0.09592254708885234,0.0,0.0,0.0,0.0,0.0,0.0,0.0,0.0,0.13921482569937307,0.0,0.0,0.24578219613680088,0.0,0.0,0.0
4f238c7e73db474d3eefe101a8fb04099da84ed09d79948a484552eae71a1d07,0.0,0.0,0.0,0.0,0.0,0.0,0.0,0.0,0.0,0.0,0.0,0.0,0.0,0.0,0.0,0.0,0.0,0.0,0.0,0.0,0.0,0.0,0.0,0.0,0.0,0.0,0.0,0.0,0.0,0.0,0.0,0.0,0.0,0.0,0.3468990280072203,0.0,0.0,0.0,0.0,0.0,0.0,0.0,0.0,0.0,0.0,0.0,0.0,0.0,0.0,0.0,0.0,0.0,0.0,0.0,0.0,0.0,0.0,0.0,0.0,0.0,0.30737518277632697,0.0,0.0,0.4300777420510803,0.0,0.0,0.0,0.3468990280072203,0.0,0.0,0.0,0.0,0.0,0.0,0.0,0.2014490372002078,0.0,0.0,0.0,0.18431018484729322,0.0,0.0,0.0,0.0,0.0,0.0,0.0,0.0,0.0,0.0,0.0,0.0,0.0,0.0,0.0,0.0,0.0,0.0,0.0,0.0,0.0,0.0,0.0,0.0,0.0,0.0,0.3387856641775232,0.0,0.0,0.0,0.0,0.0,0.0,0.0,0.0,0.0,0.0,0.24488448479735103,0.0,0.0,0.28494485999513214,0.0,0.0,0.0,0.0,0.0,0.0,0.0,0.0,0.0,0.0,0.0,0.0,0.0,0.0,0.0,0.0,0.0,0.0,0.0,0.0,0.0,0.0,0.0,0.0,0.21929575117732078,0.0,0.0,0.0,0.0,0.0,0.0,0.0,0.0,0.3182694861979094,0.0,0.0,0.0,0.0,0.0,0.0
5a96b929383817aa298eec8cca019bcd984fcd71dd8ee353541392c1082756a4,0.0,0.0,0.0,0.0,0.0,0.0,0.0,0.0,0.0,0.0,0.0,0.0,0.0,0.0,0.0,0.0,0.0,0.5406308120175433,0.0,0.0,0.0,0.0,0.0,0.0,0.0,0.0,0.0,0.0,0.0,0.0,0.0,0.0,0.0,0.0,0.0,0.0,0.0,0.0,0.0,0.0,0.0,0.0,0.0,0.0,0.0,0.0,0.0,0.0,0.0,0.0,0.0,0.0,0.0,0.0,0.0,0.0,0.0,0.0,0.0,0.0,0.40020852636481413,0.0,0.0,0.0,0.0,0.0,0.0,0.0,0.0,0.0,0.0,0.0,0.0,0.0,0.0,0.0,0.0,0.0,0.0,0.0,0.0,0.0,0.0,0.0,0.0,0.0,0.0,0.0,0.0,0.0,0.0,0.0,0.0,0.0,0.0,0.0,0.0,0.0,0.0,0.3377136964576154,0.0,0.0,0.37049294226424084,0.0,0.0,0.0,0.44110559020854584,0.0,0.0,0.0,0.0,0.0,0.0,0.0,0.0,0.0,0.0,0.3188444099654964,0.0,0.0,0.0,0.0,0.0,0.0,0.0,0.0,0.0,0.0,0.0,0.0,0.0,0.0,0.0,0.0,0.0,0.0,0.0,0.0,0.0,0.0,0.0,0.0,0.0,0.0,0.0,0.0,0.0,0.0,0.0,0.0,0.0,0.0,0.0,0.0,0.0,0.0,0.0,0.0,0.0,0.0,0.0
5bd70163b5ee71238d37ffa0ff179e6a42fc28ff5e218c11502e8341b031b951,0.0,0.0,0.0,0.0,0.0,0.0,0.0,0.0,0.0,0.0,0.1162938981867098,0.0,0.07575002007307625,0.0,0.0,0.0,0.0,0.0,0.0,0.0,0.0,0.11070401744204299,0.24874909371140266,0.0,0.0,0.0,0.0,0.0,0.0,0.0,0.0,0.0,0.0,0.0,0.0,0.0,0.0,0.0,0.0,0.0,0.0,0.0,0.13889944500178997,0.1313010175740939,0.0,0.0,0.0,0.0,0.0,0.0,0.0,0.34412380819170507,0.21770842590957498,0.0,0.0,0.0,0.0,0.0,0.0,0.0,0.1098812863547652,0.0,0.0,0.0,0.14645169781823972,0.2902766541644317,0.0,0.12401037418947664,0.0,0.0,0.0,0.24054370826320778,0.0,0.0,0.0,0.07201453006892716,0.0,0.0,0.0,0.06588768818737858,0.0,0.0,0.0,0.0,0.0,0.2229056866562779,0.0,0.0,0.15800596364823147,0.0,0.0,0.0,0.0,0.0,0.0,0.0,0.0,0.0,0.0,0.0,0.0,0.0,0.0,0.0,0.0,0.0,0.0,0.0,0.0,0.0,0.0,0.0,0.0,0.0,0.0,0.0,0.09464977595393793,0.08754194777474161,0.0963951664727612,0.08543773539337476,0.0,0.0,0.1662786007056953,0.0,0.1197169829151535,0.0,0.13750955816325214,0.0,0.21075556040650625,0.0,0.0,0.0,0.0,0.10875041683631857,0.0,0.0,0.34412380819170507,0.0,0.0,0.0,0.0,0.0,0.0,0.0,0.0,0.07839442018008734,0.0,0.17551452517921298,0.0,0.0,0.3322459569174587,0.0,0.0,0.0,0.11377581050954608,0.0,0.0,0.0,0.0,0.0,0.0
5be6173ef3d97650723e229a1a498e6a057fa99b3e8268f40cc2d922f9f9df28,0.0,0.0,0.0,0.0,0.0,0.0,0.0,0.0,0.0,0.0,0.0,0.0,0.0,0.0,0.0,0.0,0.0,0.0,0.0,0.0,0.0,0.0,0.0,0.0,0.0,0.0,0.0,0.0,0.0,0.0,0.0,0.0,0.0,0.0,0.3349358986844229,0.0,0.0,0.0,0.0,0.0,0.0,0.0,0.0,0.0,0.0,0.0,0.0,0.0,0.0,0.0,0.0,0.0,0.0,0.0,0.0,0.0,0.0,0.0,0.0,0.0,0.29677506929865205,0.0,0.0,0.41524611892267344,0.0,0.0,0.0,0.3349358986844229,0.0,0.0,0.0,0.0,0.0,0.0,0.0,0.1945018834482263,0.0,0.0,0.0,0.17795408004785587,0.0,0.0,0.0,0.0,0.0,0.0,0.0,0.0,0.0,0.0,0.0,0.0,0.0,0.0,0.0,0.0,0.0,0.0,0.0,0.0,0.0,0.0,0.0,0.0,0.0,0.0,0.3271023316050804,0.0,0.0,0.0,0.0,0.0,0.0,0.0,0.0,0.0,0.0,0.23643942002560328,0.2603508127639259,0.0,0.27511827665308486,0.0,0.0,0.0,0.0,0.0,0.0,0.0,0.0,0.0,0.0,0.0,0.0,0.0,0.0,0.0,0.0,0.0,0.0,0.0,0.0,0.0,0.0,0.0,0.0,0.21173313721917597,0.0,0.0,0.0,0.0,0.0,0.0,0.0,0.0,0.30729367273207686,0.0,0.0,0.0,0.0,0.0,0.0
5db51c8351fec16e636759570d5ce125cf1f8f1fea8b1e7084da967a66567e65,0.0,0.0,0.0,0.0,0.0,0.0,0.0,0.0,0.0,0.0,0.0,0.0,0.0,0.0,0.0,0.0,0.0,0.0,0.0,0.0,0.0,0.0,0.0,0.0,0.0,0.0,0.0,0.0,0.0,0.0,0.0,0.0,0.0,0.0,0.3468990280072203,0.0,0.0,0.0,0.0,0.0,0.0,0.0,0.0,0.0,0.0,0.0,0.0,0.0,0.0,0.0,0.0,0.0,0.0,0.0,0.0,0.0,0.0,0.0,0.0,0.0,0.30737518277632697,0.0,0.0,0.4300777420510803,0.0,0.0,0.0,0.3468990280072203,0.0,0.0,0.0,0.0,0.0,0.0,0.0,0.2014490372002078,0.0,0.0,0.0,0.18431018484729322,0.0,0.0,0.0,0.0,0.0,0.0,0.0,0.0,0.0,0.0,0.0,0.0,0.0,0.0,0.0,0.0,0.0,0.0,0.0,0.0,0.0,0.0,0.0,0.0,0.0,0.0,0.3387856641775232,0.0,0.0,0.0,0.0,0.0,0.0,0.0,0.0,0.0,0.0,0.24488448479735103,0.0,0.0,0.28494485999513214,0.0,0.0,0.0,0.0,0.0,0.0,0.0,0.0,0.0,0.0,0.0,0.0,0.0,0.0,0.0,0.0,0.0,0.0,0.0,0.0,0.0,0.0,0.0,0.0,0.21929575117732078,0.0,0.0,0.0,0.0,0.0,0.0,0.0,0.0,0.3182694861979094,0.0,0.0,0.0,0.0,0.0,0.0
5f1cae348c31c954f11e1b846cbcd7ad139c537e1025a5e4a3d314208e329a3c,0.0,0.0,0.0,0.0,0.0,0.0,0.0,0.0,0.0,0.0,0.0,0.0,0.1302598897327094,0.0,0.0,0.0,0.0,0.25525023208325287,0.0,0.0,0.0,0.0,0.0,0.0,0.0,0.0,0.0,0.0,0.0,0.0,0.0,0.0,0.0,0.0,0.0,0.0,0.0,0.0,0.0,0.0,0.0,0.0,0.23885177023601187,0.22578549886184127,0.0,0.0,0.0,0.2717073788505107,0.0,0.0,0.0,0.0,0.0,0.0,0.0,0.0,0.0,0.0,0.0,0.0,0.0,0.0,0.0,0.0,0.0,0.0,0.0,0.0,0.0,0.0,0.0,0.0,0.0,0.0,0.0,0.12383633346739503,0.26438076558594215,0.210720772358871,0.0,0.11330060361372171,0.0,0.0,0.0,0.0,0.0,0.0,0.0,0.0,0.0,0.0,0.0,0.0,0.0,0.0,0.0,0.0,0.0,0.0,0.0,0.1594461460248816,0.0,0.0,0.17492234514943988,0.0,0.0,0.0,0.0,0.0,0.0,0.0,0.0,0.0,0.0,0.0,0.0,0.0,0.16275994867185142,0.0,0.0,0.14691890484803988,0.1751635410751964,0.0,0.0,0.0,0.20586556912614234,0.0,0.0,0.0,0.3624156935222314,0.0,0.0,0.0,0.0,0.0,0.0,0.0,0.0,0.0,0.0,0.0,0.0,0.0,0.25183863965406955,0.0,0.0,0.0,0.0,0.0,0.47077066984706334,0.0,0.0,0.0,0.0,0.0,0.0,0.0,0.0,0.0,0.0,0.0,0.0
5f4d8d2a980566724b1c3ec3f6722dda43a24dd395412f32f94feea8bb806d17,0.0,0.22509600737548124,0.26508523675852547,0.0,0.0,0.0,0.0,0.0,0.0,0.0,0.0,0.0,0.0,0.0,0.0,0.0,0.0,0.0,0.0,0.0,0.0,0.0,0.0,0.0,0.0,0.0,0.0,0.0,0.0,0.0,0.0,0.0,0.0,0.0,0.17209825038349172,0.0,0.0,0.0,0.0,0.0,0.0,0.0,0.0,0.0,0.0,0.31947763334799034,0.0,0.0,0.0,0.0,0.24922838710043618,0.0,0.0,0.0,0.0,0.0,0.0,0.0,0.0,0.0,0.15249028361650765,0.0,0.0,0.21336360427718765,0.20324171364648355,0.0,0.0,0.0,0.0,0.0,0.0,0.0,0.0,0.0,0.0,0.09993982122911312,0.0,0.0,0.0,0.0914371554232689,0.0,0.0,0.0,0.0,0.3312278473348752,0.3093424959387921,0.0,0.0,0.0,0.0,0.0,0.0,0.0,0.0,0.0,0.0,0.0,0.0,0.0,0.0,0.0,0.0,0.0,0.0,0.0,0.0,0.0,0.0,0.0,0.0,0.0,0.0,0.0,0.0,0.211325663719028,0.0,0.0,0.12148835245168144,0.13377461042122538,0.11856818329941994,0.1413624942757423,0.0,0.23075695436530447,0.0,0.0,0.0,0.0,0.0,0.0,0.0,0.0,0.0,0.0,0.0,0.0,0.0,0.0,0.0,0.0,0.0,0.0,0.0,0.0,0.0,0.31525530358880716,0.10879366053849228,0.22509600737548124,0.0,0.0,0.0,0.0,0.0,0.0,0.0,0.15789499912917895,0.0,0.0,0.0,0.0,0.0,0.0
5f56d5748940e4039053f85978074bde16d64bd5ba97f6f0026ba8172cb29e93,0.0,0.0,0.0,0.0,0.0,0.0,0.0,0.0,0.0,0.0,0.0,0.0,0.0,0.0,0.0,0.0,0.0,0.0,0.0,0.0,0.0,0.0,0.0,0.0,0.0,0.0,0.0,0.0,0.0,0.0,0.0,0.0,0.0,0.0,0.0,0.0,0.0,0.0,0.0,0.0,0.0,0.0,0.3239652957408399,0.0,0.0,0.0,0.0,0.0,0.0,0.0,0.0,0.0,0.0,0.0,0.0,0.0,0.0,0.0,0.0,0.0,0.0,0.0,0.0,0.0,0.0,0.0,0.0,0.2892384310729844,0.0,0.0,0.0,0.0,0.0,0.0,0.0,0.0,0.0,0.0,0.0,0.0,0.0,0.0,0.0,0.0,0.0,0.0,0.0,0.0,0.0,0.0,0.0,0.0,0.0,0.0,0.0,0.0,0.0,0.0,0.0,0.0,0.0,0.0,0.23725496872819732,0.0,0.0,0.0,0.0,0.0,0.0,0.0,0.0,0.0,0.0,0.0,0.0,0.0,0.0,0.0,0.22482947008127452,0.19927265522036886,0.0,0.0,0.0,0.0,0.0,0.0,0.0,0.0,0.0,0.0,0.0,0.0,0.0,0.253646520703258,0.7749214526384591,0.0,0.0,0.0,0.0,0.0,0.0,0.0,0.0,0.0,0.0,0.0,0.0,0.0,0.0,0.0,0.0,0.0,0.0,0.0,0.0,0.0,0.0,0.0,0.0,0.0,0.0
5f57eb74bdc82cff74875087c7b7e535cba2cf7b08bbb4cefad986287f95849d,0.0,0.0,0.0,0.0,0.0,0.0,0.0,0.0,0.0,0.0,0.0,0.0,0.0,0.0,0.0,0.0,0.0,0.0,0.0,0.0,0.0,0.0,0.0,0.0,0.0,0.0,0.0,0.0,0.0,0.0,0.0,0.0,0.0,0.0,0.3468990280072203,0.0,0.0,0.0,0.0,0.0,0.0,0.0,0.0,0.0,0.0,0.0,0.0,0.0,0.0,0.0,0.0,0.0,0.0,0.0,0.0,0.0,0.0,0.0,0.0,0.0,0.30737518277632697,0.0,0.0,0.4300777420510803,0.0,0.0,0.0,0.3468990280072203,0.0,0.0,0.0,0.0,0.0,0.0,0.0,0.2014490372002078,0.0,0.0,0.0,0.18431018484729322,0.0,0.0,0.0,0.0,0.0,0.0,0.0,0.0,0.0,0.0,0.0,0.0,0.0,0.0,0.0,0.0,0.0,0.0,0.0,0.0,0.0,0.0,0.0,0.0,0.0,0.0,0.3387856641775232,0.0,0.0,0.0,0.0,0.0,0.0,0.0,0.0,0.0,0.0,0.24488448479735103,0.0,0.0,0.28494485999513214,0.0,0.0,0.0,0.0,0.0,0.0,0.0,0.0,0.0,0.0,0.0,0.0,0.0,0.0,0.0,0.0,0.0,0.0,0.0,0.0,0.0,0.0,0.0,0.0,0.21929575117732078,0.0,0.0,0.0,0.0,0.0,0.0,0.0,0.0,0.3182694861979094,0.0,0.0,0.0,0.0,0.0,0.0
d6673bf9b292d3f876c922f011d4bd8f7ec1025f797b67d04426ce176084f249,0.0,0.0,0.0,0.0,0.0,0.0,0.0,0.0,0.0,0.0,0.3319536726242131,0.0,0.21622370353640086,0.0,0.0,0.0,0.0,0.0,0.0,0.0,0.0,0.0,0.0,0.0,0.0,0.0,0.0,0.0,0.0,0.0,0.0,0.0,0.0,0.0,0.0,0.0,0.0,0.0,0.0,0.0,0.0,0.0,0.39647979483654777,0.0,0.0,0.0,0.0,0.0,0.0,0.0,0.0,0.0,0.0,0.0,0.0,0.0,0.0,0.0,0.0,0.0,0.0,0.0,0.0,0.0,0.0,0.0,0.0,0.0,0.0,0.0,0.0,0.0,0.0,0.0,0.0,0.20556098051083424,0.0,0.0,0.0,0.18807229283349297,0.0,0.0,0.0,0.0,0.0,0.0,0.0,0.0,0.0,0.0,0.0,0.0,0.0,0.0,0.0,0.0,0.0,0.0,0.0,0.0,0.0,0.0,0.2903607348132658,0.0,0.0,0.0,0.0,0.0,0.0,0.0,0.0,0.0,0.0,0.0,0.0,0.0,0.27017187686429506,0.0,0.2751539851427247,0.24387668215397082,0.0,0.0,0.0,0.0,0.0,0.0,0.39251244962086035,0.0,0.0,0.0,0.0,0.0,0.0,0.0,0.0,0.0,0.0,0.0,0.0,0.0,0.0,0.0,0.0,0.33407134717171005,0.0,0.22377197856284167,0.0,0.0,0.0,0.0,0.0,0.0,0.0,0.0,0.0,0.0,0.0,0.0,0.0,0.0,0.0
5fb7a496e9f7907ca6629b3aaa93a6ed5b4cde34e558d7c3621602d9349cad80,0.0,0.0,0.0,0.0,0.0,0.0,0.0,0.0,0.0,0.0,0.0,0.0,0.0,0.0,0.0,0.0,0.0,0.0,0.0,0.0,0.0,0.0,0.0,0.0,0.0,0.0,0.0,0.0,0.0,0.0,0.0,0.0,0.0,0.0,0.3468990280072203,0.0,0.0,0.0,0.0,0.0,0.0,0.0,0.0,0.0,0.0,0.0,0.0,0.0,0.0,0.0,0.0,0.0,0.0,0.0,0.0,0.0,0.0,0.0,0.0,0.0,0.30737518277632697,0.0,0.0,0.4300777420510803,0.0,0.0,0.0,0.3468990280072203,0.0,0.0,0.0,0.0,0.0,0.0,0.0,0.2014490372002078,0.0,0.0,0.0,0.18431018484729322,0.0,0.0,0.0,0.0,0.0,0.0,0.0,0.0,0.0,0.0,0.0,0.0,0.0,0.0,0.0,0.0,0.0,0.0,0.0,0.0,0.0,0.0,0.0,0.0,0.0,0.0,0.3387856641775232,0.0,0.0,0.0,0.0,0.0,0.0,0.0,0.0,0.0,0.0,0.24488448479735103,0.0,0.0,0.28494485999513214,0.0,0.0,0.0,0.0,0.0,0.0,0.0,0.0,0.0,0.0,0.0,0.0,0.0,0.0,0.0,0.0,0.0,0.0,0.0,0.0,0.0,0.0,0.0,0.0,0.21929575117732078,0.0,0.0,0.0,0.0,0.0,0.0,0.0,0.0,0.3182694861979094,0.0,0.0,0.0,0.0,0.0,0.0
5fe9d5029550e3e4c3101945b39311b73bcb91e10ba8d68edb9d1c7c8a13fb29,0.0,0.0,0.0,0.0,0.0,0.0,0.0,0.0,0.0,0.0,0.0,0.0,0.0,0.0,0.0,0.0,0.0,0.0,0.0,0.0,0.0,0.0,0.0,0.0,0.0,0.0,0.0,0.0,0.0,0.0,0.0,0.0,0.0,0.0,0.3468990280072203,0.0,0.0,0.0,0.0,0.0,0.0,0.0,0.0,0.0,0.0,0.0,0.0,0.0,0.0,0.0,0.0,0.0,0.0,0.0,0.0,0.0,0.0,0.0,0.0,0.0,0.30737518277632697,0.0,0.0,0.4300777420510803,0.0,0.0,0.0,0.3468990280072203,0.0,0.0,0.0,0.0,0.0,0.0,0.0,0.2014490372002078,0.0,0.0,0.0,0.18431018484729322,0.0,0.0,0.0,0.0,0.0,0.0,0.0,0.0,0.0,0.0,0.0,0.0,0.0,0.0,0.0,0.0,0.0,0.0,0.0,0.0,0.0,0.0,0.0,0.0,0.0,0.0,0.3387856641775232,0.0,0.0,0.0,0.0,0.0,0.0,0.0,0.0,0.0,0.0,0.24488448479735103,0.0,0.0,0.28494485999513214,0.0,0.0,0.0,0.0,0.0,0.0,0.0,0.0,0.0,0.0,0.0,0.0,0.0,0.0,0.0,0.0,0.0,0.0,0.0,0.0,0.0,0.0,0.0,0.0,0.21929575117732078,0.0,0.0,0.0,0.0,0.0,0.0,0.0,0.0,0.3182694861979094,0.0,0.0,0.0,0.0,0.0,0.0
6b7d70ca7d02133afbc24eeb585f2921bc35c01b23b90a66f515290c49cf0952,0.0,0.0,0.0,0.0,0.0,0.0,0.0,0.0,0.0,0.0,0.0,0.0,0.0,0.0,0.0,0.0,0.0,0.5257054615323886,0.0,0.0,0.0,0.0,0.0,0.0,0.0,0.0,0.0,0.0,0.0,0.0,0.0,0.0,0.0,0.0,0.0,0.0,0.0,0.0,0.0,0.0,0.0,0.0,0.0,0.0,0.0,0.0,0.0,0.0,0.0,0.0,0.0,0.0,0.0,0.0,0.0,0.0,0.0,0.0,0.0,0.0,0.3891598543498933,0.0,0.0,0.0,0.0,0.0,0.0,0.0,0.0,0.0,0.0,0.0,0.0,0.0,0.0,0.0,0.0,0.0,0.0,0.23335040923771894,0.0,0.0,0.0,0.0,0.0,0.0,0.0,0.0,0.0,0.0,0.0,0.0,0.0,0.0,0.0,0.0,0.0,0.0,0.0,0.3283903372053804,0.0,0.0,0.3602646369352605,0.0,0.0,0.0,0.42892786117705667,0.0,0.0,0.0,0.0,0.0,0.0,0.0,0.0,0.0,0.0,0.3100419805382721,0.0,0.0,0.0,0.0,0.0,0.0,0.0,0.0,0.0,0.0,0.0,0.0,0.0,0.0,0.0,0.0,0.0,0.0,0.0,0.0,0.0,0.0,0.0,0.0,0.0,0.0,0.0,0.0,0.0,0.0,0.0,0.0,0.0,0.0,0.0,0.0,0.0,0.0,0.0,0.0,0.0,0.0,0.0
6b049235b839482091a7f9aa2e283791b720dee4033bf20d98eb1b68561ee7a8,0.0,0.0,0.0,0.0,0.0,0.0,0.0,0.0,0.0,0.0,0.0,0.0,0.0,0.0,0.0,0.0,0.0,0.0,0.0,0.0,0.0,0.0,0.0,0.0,0.0,0.0,0.0,0.0,0.0,0.0,0.0,0.0,0.0,0.0,0.3349358986844229,0.0,0.0,0.0,0.0,0.0,0.0,0.0,0.0,0.0,0.0,0.0,0.0,0.0,0.0,0.0,0.0,0.0,0.0,0.0,0.0,0.0,0.0,0.0,0.0,0.0,0.29677506929865205,0.0,0.0,0.41524611892267344,0.0,0.0,0.0,0.3349358986844229,0.0,0.0,0.0,0.0,0.0,0.0,0.0,0.1945018834482263,0.0,0.0,0.0,0.17795408004785587,0.0,0.0,0.0,0.0,0.0,0.0,0.0,0.0,0.0,0.0,0.0,0.0,0.0,0.0,0.0,0.0,0.0,0.0,0.0,0.0,0.0,0.0,0.0,0.0,0.0,0.0,0.3271023316050804,0.0,0.0,0.0,0.0,0.0,0.0,0.0,0.0,0.0,0.0,0.23643942002560328,0.2603508127639259,0.0,0.27511827665308486,0.0,0.0,0.0,0.0,0.0,0.0,0.0,0.0,0.0,0.0,0.0,0.0,0.0,0.0,0.0,0.0,0.0,0.0,0.0,0.0,0.0,0.0,0.0,0.0,0.21173313721917597,0.0,0.0,0.0,0.0,0.0,0.0,0.0,0.0,0.30729367273207686,0.0,0.0,0.0,0.0,0.0,0.0
06bc4902e0f44eb635f4e291f97bed748fb4514acbc3fc14c3c5bbf195689cb8,0.0,0.0,0.0,0.0,0.0,0.0,0.0,0.0,0.0,0.0,0.0,0.0,0.0,0.0,0.0,0.0,0.0,0.0,0.0,0.0,0.0,0.0,0.0,0.0,0.0,0.0,0.0,0.0,0.0,0.0,0.0,0.0,0.0,0.0,0.3468990280072203,0.0,0.0,0.0,0.0,0.0,0.0,0.0,0.0,0.0,0.0,0.0,0.0,0.0,0.0,0.0,0.0,0.0,0.0,0.0,0.0,0.0,0.0,0.0,0.0,0.0,0.30737518277632697,0.0,0.0,0.4300777420510803,0.0,0.0,0.0,0.3468990280072203,0.0,0.0,0.0,0.0,0.0,0.0,0.0,0.2014490372002078,0.0,0.0,0.0,0.18431018484729322,0.0,0.0,0.0,0.0,0.0,0.0,0.0,0.0,0.0,0.0,0.0,0.0,0.0,0.0,0.0,0.0,0.0,0.0,0.0,0.0,0.0,0.0,0.0,0.0,0.0,0.0,0.3387856641775232,0.0,0.0,0.0,0.0,0.0,0.0,0.0,0.0,0.0,0.0,0.24488448479735103,0.0,0.0,0.28494485999513214,0.0,0.0,0.0,0.0,0.0,0.0,0.0,0.0,0.0,0.0,0.0,0.0,0.0,0.0,0.0,0.0,0.0,0.0,0.0,0.0,0.0,0.0,0.0,0.0,0.21929575117732078,0.0,0.0,0.0,0.0,0.0,0.0,0.0,0.0,0.3182694861979094,0.0,0.0,0.0,0.0,0.0,0.0
6c1ed5eb1267d95d8a0dc8e1975923ebefd809c2027427b4ead867fb72703f82,0.0,0.22220936020447443,0.2616857648723439,0.0,0.0,0.0,0.0,0.0,0.0,0.0,0.0,0.0,0.10377571794027479,0.0,0.0,0.0,0.0,0.0,0.0,0.0,0.0,0.0,0.0,0.0,0.0,0.0,0.0,0.0,0.0,0.0,0.0,0.0,0.0,0.0,0.0,0.0,0.0,0.0,0.0,0.0,0.0,0.0,0.0,0.0,0.0,0.31538062950835505,0.0,0.0,0.0,0.0,0.24603226457944458,0.0,0.0,0.0,0.0,0.0,0.0,0.0,0.0,0.0,0.1505347373989626,0.0,0.0,0.2106274142760244,0.0,0.0,0.0,0.0,0.0,0.0,0.0,0.0,0.0,0.0,0.0,0.09865818587011399,0.0,0.0,0.0,0.09026455885389839,0.0,0.0,0.0,0.0,0.32698015791729723,0.0,0.0,0.0,0.0,0.0,0.0,0.0,0.0,0.0,0.0,0.0,0.0,0.0,0.0,0.12702788487304373,0.0,0.0,0.0,0.0,0.0,0.0,0.0,0.0,0.0,0.0,0.0,0.0,0.0,0.0,0.20861560841219134,0.0,0.12966793200886836,0.11993037719923756,0.0,0.11704765650339481,0.1395496516183119,0.32211680030717693,0.22779771080840913,0.0,0.0,0.0,0.0,0.0,0.0,0.0,0.0,0.0,0.0,0.0,0.0,0.0,0.0,0.0,0.0,0.0,0.0,0.0,0.0,0.0,0.3112124472056128,0.10739848291593654,0.22220936020447443,0.24045070670407778,0.0,0.0,0.0,0.0,0.0,0.0,0.1558701424563901,0.0,0.0,0.0,0.0,0.0,0.0
6cf51b6cbd93a9a90470658bb896a2010e40e65c412c83404925f5fe8d2ddfc8,0.0,0.0,0.0,0.0,0.0,0.0,0.0,0.0,0.0,0.0,0.0,0.0,0.0,0.0,0.0,0.0,0.0,0.0,0.0,0.0,0.0,0.0,0.0,0.0,0.0,0.0,0.0,0.0,0.0,0.0,0.0,0.0,0.0,0.0,0.3349358986844229,0.0,0.0,0.0,0.0,0.0,0.0,0.0,0.0,0.0,0.0,0.0,0.0,0.0,0.0,0.0,0.0,0.0,0.0,0.0,0.0,0.0,0.0,0.0,0.0,0.0,0.29677506929865205,0.0,0.0,0.41524611892267344,0.0,0.0,0.0,0.3349358986844229,0.0,0.0,0.0,0.0,0.0,0.0,0.0,0.1945018834482263,0.0,0.0,0.0,0.17795408004785587,0.0,0.0,0.0,0.0,0.0,0.0,0.0,0.0,0.0,0.0,0.0,0.0,0.0,0.0,0.0,0.0,0.0,0.0,0.0,0.0,0.0,0.0,0.0,0.0,0.0,0.0,0.3271023316050804,0.0,0.0,0.0,0.0,0.0,0.0,0.0,0.0,0.0,0.0,0.23643942002560328,0.2603508127639259,0.0,0.27511827665308486,0.0,0.0,0.0,0.0,0.0,0.0,0.0,0.0,0.0,0.0,0.0,0.0,0.0,0.0,0.0,0.0,0.0,0.0,0.0,0.0,0.0,0.0,0.0,0.0,0.21173313721917597,0.0,0.0,0.0,0.0,0.0,0.0,0.0,0.0,0.30729367273207686,0.0,0.0,0.0,0.0,0.0,0.0
6e2cd690a66f2a7bc03b2ea953ee4cf7feb28e28e148642ae7dba8f4a8bf136e,0.0,0.0,0.0,0.0,0.0,0.0,0.0,0.0,0.0,0.0,0.0,0.0,0.0,0.0,0.0,0.0,0.0,0.0,0.0,0.0,0.0,0.0,0.0,0.0,0.0,0.0,0.0,0.0,0.0,0.0,0.0,0.0,0.0,0.0,0.3349358986844229,0.0,0.0,0.0,0.0,0.0,0.0,0.0,0.0,0.0,0.0,0.0,0.0,0.0,0.0,0.0,0.0,0.0,0.0,0.0,0.0,0.0,0.0,0.0,0.0,0.0,0.29677506929865205,0.0,0.0,0.41524611892267344,0.0,0.0,0.0,0.3349358986844229,0.0,0.0,0.0,0.0,0.0,0.0,0.0,0.1945018834482263,0.0,0.0,0.0,0.17795408004785587,0.0,0.0,0.0,0.0,0.0,0.0,0.0,0.0,0.0,0.0,0.0,0.0,0.0,0.0,0.0,0.0,0.0,0.0,0.0,0.0,0.0,0.0,0.0,0.0,0.0,0.0,0.3271023316050804,0.0,0.0,0.0,0.0,0.0,0.0,0.0,0.0,0.0,0.0,0.23643942002560328,0.2603508127639259,0.0,0.27511827665308486,0.0,0.0,0.0,0.0,0.0,0.0,0.0,0.0,0.0,0.0,0.0,0.0,0.0,0.0,0.0,0.0,0.0,0.0,0.0,0.0,0.0,0.0,0.0,0.0,0.21173313721917597,0.0,0.0,0.0,0.0,0.0,0.0,0.0,0.0,0.30729367273207686,0.0,0.0,0.0,0.0,0.0,0.0
6e03fb16c4f4170b4e847515b221f51d5b2b74a50c293c30f25432589064d906,0.0,0.0,0.0,0.0,0.0,0.0,0.0,0.0,0.0,0.0,0.2806010877024831,0.0,0.18277431883712736,0.0,0.0,0.0,0.0,0.0,0.0,0.0,0.0,0.2671134787948996,0.0,0.0,0.0,0.0,0.0,0.0,0.0,0.0,0.0,0.0,0.0,0.0,0.0,0.0,0.0,0.0,0.0,0.0,0.0,0.0,0.0,0.31681119063170315,0.0,0.0,0.0,0.38124653102598977,0.0,0.0,0.0,0.0,0.0,0.0,0.0,0.0,0.0,0.0,0.0,0.0,0.0,0.0,0.0,0.0,0.0,0.0,0.0,0.0,0.0,0.0,0.0,0.0,0.0,0.0,0.0,0.17376109824163977,0.37096618493048467,0.29567310176414746,0.0,0.15897787639638453,0.0,0.0,0.0,0.0,0.0,0.0,0.0,0.0,0.0,0.0,0.0,0.0,0.0,0.0,0.0,0.0,0.0,0.0,0.0,0.2237270489841732,0.0,0.0,0.0,0.0,0.0,0.0,0.0,0.0,0.0,0.0,0.0,0.0,0.0,0.0,0.0,0.0,0.22837681510023097,0.0,0.0,0.0,0.0,0.0,0.0,0.0,0.2888605175872475,0.0,0.0,0.0,0.0,0.0,0.0,0.0,0.0,0.26239971080319985,0.0,0.0,0.0,0.0,0.0,0.0,0.0,0.0,0.0,0.0,0.0,0.18915489045711517,0.0,0.0,0.0,0.0,0.0,0.0,0.0,0.0,0.0,0.0,0.0,0.0,0.0,0.0,0.0
6f64d864d4cdeaa6062e44e34c0969ebdead56edb22e5a2b61c987ca3400fad4,0.0,0.0,0.0,0.0,0.4300554381300005,0.0,0.0,0.0,0.0,0.0,0.0,0.0,0.15457104907718233,0.0,0.0,0.0,0.0,0.0,0.0,0.0,0.0,0.0,0.0,0.0,0.0,0.0,0.0,0.0,0.0,0.0,0.0,0.0,0.0,0.0,0.0,0.0,0.0,0.0,0.0,0.0,0.0,0.0,0.0,0.0,0.0,0.0,0.0,0.0,0.0,0.0,0.0,0.0,0.0,0.0,0.0,0.0,0.0,0.0,0.0,0.0,0.22421730963795622,0.0,0.0,0.0,0.0,0.0,0.0,0.0,0.0,0.0,0.0,0.0,0.0,0.0,0.0,0.0,0.0,0.0,0.0,0.13444655294570923,0.0,0.0,0.0,0.0,0.0,0.0,0.0,0.0,0.0,0.0,0.0,0.0,0.0,0.0,0.0,0.0,0.0,0.0,0.0,0.18920450579953768,0.0,0.0,0.0,0.0,0.0,0.0,0.24712993898752286,0.0,0.0,0.0,0.0,0.0,0.0,0.0,0.0,0.3536649499345694,0.0,0.17863296528169748,0.0,0.17433923288459316,0.0,0.0,0.0,0.0,0.0,0.0,0.2805939410039621,0.0,0.0,0.0,0.0,0.0,0.0,0.0,0.0,0.0,0.0,0.0,0.0,0.0,0.49888879267279507,0.0,0.0,0.23881636358275443,0.0,0.0,0.0,0.0,0.0,0.0,0.0,0.0,0.0,0.0,0.23216424725830503,0.0,0.0,0.0,0.0,0.0,0.0
ecf741bcb0421c4a972da3ab42eac34a8049b847b01ce699affdbf36c5a98592,0.0,0.0,0.0,0.0,0.0,0.0,0.0,0.0,0.0,0.0,0.0,0.0,0.35719458818484573,0.0,0.0,0.0,0.0,0.0,0.0,0.0,0.0,0.0,0.0,0.0,0.0,0.0,0.0,0.0,0.0,0.0,0.0,0.0,0.0,0.0,0.0,0.0,0.0,0.0,0.0,0.0,0.0,0.0,0.0,0.0,0.0,0.0,0.0,0.0,0.0,0.0,0.0,0.0,0.0,0.0,0.0,0.0,0.0,0.0,0.0,0.0,0.0,0.0,0.0,0.0,0.0,0.0,0.0,0.0,0.0,0.0,0.0,0.0,0.0,0.0,0.0,0.33958011346373745,0.0,0.0,0.0,0.0,0.0,0.0,0.0,0.0,0.0,0.0,0.0,0.0,0.0,0.0,0.0,0.0,0.0,0.0,0.0,0.0,0.0,0.0,0.0,0.4372282256946889,0.0,0.0,0.4796665740174661,0.0,0.0,0.0,0.0,0.0,0.0,0.0,0.0,0.0,0.0,0.0,0.0,0.0,0.4463152314816514,0.0,0.0,0.0,0.0,0.0,0.0,0.0,0.0,0.0,0.0,0.0,0.0,0.0,0.0,0.0,0.0,0.0,0.0,0.0,0.0,0.0,0.0,0.0,0.0,0.0,0.0,0.0,0.0,0.3696640952068711,0.0,0.0,0.0,0.0,0.0,0.0,0.0,0.0,0.0,0.0,0.0,0.0,0.0,0.0,0.0
d5b1a96dc7d4007a9228abee105cd77305827ed28aac77932e7c416c888c9d30,0.0,0.0,0.0,0.0,0.0,0.0,0.0,0.0,0.0,0.0,0.13073970406131571,0.0,0.08515954286004407,0.0,0.0,0.0,0.2200259181921396,0.0,0.0,0.0,0.0,0.12445545900898755,0.0,0.293628146869942,0.0,0.0,0.0,0.2821950717298776,0.0,0.0,0.0,0.0,0.0,0.0,0.0,0.0,0.0,0.0,0.0,0.0,0.0,0.24615985626407452,0.15615326871801713,0.14761097915065358,0.0,0.0,0.4040856020310075,0.0,0.0,0.0,0.0,0.0,0.0,0.0,0.0,0.23816910724665957,0.0,0.0,0.0,0.0,0.12353052983772485,0.0,0.0,0.0,0.0,0.0,0.0,0.13941470597223518,0.0,0.0,0.0,0.0,0.0,0.0,0.2553844990177614,0.0809600374235476,0.1728432688257812,0.1377621667116362,0.0,0.07407213094767992,0.0,0.0,0.0,0.0,0.0,0.0,0.0,0.0,0.0,0.0,0.0,0.0,0.0,0.0,0.0,0.0,0.0,0.0,0.0,0.10424053739134331,0.0,0.0,0.11435835681651552,0.0,0.0,0.0,0.13615403891513567,0.0,0.0,0.0,0.0,0.0,0.0,0.24760189534430743,0.0,0.0,0.10640699031191175,0.09841624129449679,0.10836918990673503,0.09605064767082809,0.11451604261541554,0.0,0.0,0.0,0.0,0.0,0.0,0.0,0.0,0.0,0.0,0.0,0.0,0.12225918586801544,0.0,0.0,0.0,0.0,0.0,0.0,0.0,0.0,0.16464364795213343,0.0,0.0,0.08813242529670705,0.18234754632222017,0.0,0.0,0.0,0.0,0.0,0.0,0.0,0.12790882434323905,0.0,0.0,0.0,0.0,0.0,0.0
056c3790765f928e991591cd139384b6680df26313a73711add657abc369028c,0.0,0.0,0.0,0.0,0.30245643906639114,0.0,0.0,0.0,0.0,0.0,0.0,0.0,0.10870926150806794,0.0,0.0,0.0,0.0,0.0,0.0,0.0,0.0,0.0,0.0,0.0,0.0,0.0,0.0,0.0,0.0,0.0,0.0,0.0,0.0,0.0,0.0,0.0,0.0,0.0,0.0,0.0,0.0,0.0,0.0,0.0,0.0,0.0,0.0,0.0,0.0,0.0,0.2577287473451343,0.0,0.0,0.0,0.0,0.0,0.0,0.0,0.0,0.0,0.15769122544996797,0.0,0.0,0.0,0.0,0.0,0.0,0.17796795544703412,0.0,0.0,0.0,0.0,0.0,0.0,0.0,0.0,0.0,0.0,0.0,0.09455577593793368,0.0,0.0,0.0,0.0,0.0,0.0,0.0,0.0,0.0,0.0,0.0,0.0,0.0,0.0,0.0,0.0,0.0,0.0,0.0,0.1330668467495248,0.0,0.0,0.0,0.0,0.0,0.0,0.17380559505973703,0.0,0.0,0.0,0.0,0.0,0.0,0.0,0.2185332867809939,0.24873128414543652,0.0,0.1256319204191537,0.0,0.12261215390537786,0.0,0.337430375580616,0.23862731481619473,0.0,0.17180648652139427,0.0,0.19734070702300718,0.0,0.0,0.0,0.0,0.0,0.0,0.0,0.0,0.0,0.0,0.0,0.0,0.0,0.3508666891367895,0.0,0.0,0.16795868745226694,0.0,0.11250425433431019,0.0,0.25188183973766415,0.0,0.0,0.0,0.0,0.0,0.0,0.16328027802557302,0.0,0.0,0.28826947932696717,0.0,0.0,0.0
f3a23e5e9a7caefcc81cfe4ed8df93ff84d5d32c6c63cdbb09f41d84f56a4126,0.0,0.0,0.0,0.44870917400961174,0.0,0.0,0.0,0.0,0.0,0.0,0.0,0.0,0.08920725470228529,0.0,0.0,0.0,0.0,0.0,0.0,0.0,0.0,0.0,0.0,0.0,0.0,0.0,0.0,0.0,0.0,0.0,0.0,0.0,0.0,0.0,0.0,0.3145568609738683,0.0,0.0,0.0,0.0,0.44870917400961174,0.0,0.1635753780174219,0.0,0.0,0.0,0.0,0.0,0.0,0.0,0.0,0.0,0.0,0.0,0.0,0.24948950521359886,0.0,0.0,0.0,0.0,0.12940205018306356,0.0,0.0,0.0,0.0,0.0,0.0,0.0,0.0,0.0,0.0,0.0,0.0,0.0,0.0,0.0,0.0,0.0,0.0,0.07759284784619253,0.0,0.0,0.0,0.0,0.0,0.0,0.0,0.0,0.18607623113564936,0.0,0.0,0.0,0.0,0.0,0.0,0.0,0.0,0.0,0.0,0.0,0.0,0.0,0.11979391529416253,0.0,0.0,0.0,0.0,0.0,0.0,0.0,0.0,0.0,0.0,0.0,0.1793292890077527,0.0,0.11146461298481192,0.1030940562753885,0.11352007774135475,0.10061602379868144,0.0,0.0,0.0,0.0,0.0,0.0,0.16193857331303785,0.0,0.0,0.0,0.0,0.0,0.0,0.0,0.0,0.0,0.0,0.0,0.0,0.0,0.0,0.0,0.0,0.13782757055988207,0.0,0.09232144099099275,0.0,0.2066952449188555,0.0,0.0,0.0,0.0,0.0,0.0,0.13398844907622007,0.0,0.0,0.0,0.0,0.0,0.3701784010943422
7a4424af54555e5a81f6fa4e2b2c42c6d19c71bbcc261cd1be14af245c3b711c,0.0,0.0,0.0,0.0,0.0,0.0,0.0,0.0,0.0,0.0,0.23871833051886912,0.0,0.1554932684394453,0.0,0.0,0.0,0.0,0.0,0.0,0.0,0.0,0.22724389359678707,0.0,0.0,0.0,0.0,0.32685330660857276,0.0,0.0,0.0,0.0,0.0,0.0,0.0,0.25455806327863945,0.0,0.0,0.0,0.0,0.0,0.0,0.0,0.0,0.0,0.3019644201787953,0.0,0.0,0.0,0.0,0.0,0.0,0.0,0.0,0.0,0.0,0.0,0.0,0.0,0.3006237244596849,0.0,0.0,0.0,0.0,0.0,0.3006237244596849,0.0,0.0,0.0,0.0,0.0,0.0,0.0,0.0,0.0,0.0,0.14782536882162767,0.0,0.0,0.0,0.1352487032517095,0.0,0.0,0.0,0.0,0.0,0.0,0.0,0.0,0.0,0.0,0.0,0.0,0.0,0.0,0.0,0.0,0.0,0.0,0.0,0.19033335922789607,0.0,0.0,0.0,0.0,0.0,0.0,0.0,0.0,0.0,0.0,0.0,0.0,0.0,0.0,0.0,0.0,0.0,0.17969874558340826,0.0,0.1753793954320309,0.0,0.0,0.0,0.0,0.24574495086903383,0.0,0.0,0.0,0.0,0.0,0.0,0.0,0.0,0.2232337066276441,0.0,0.0,0.0,0.0,0.0,0.0,0.0,0.0,0.3006237244596849,0.24024121691613173,0.0,0.160921470508621,0.0,0.0,0.0,0.0,0.0,0.0,0.0,0.0,0.0,0.0,0.0,0.0,0.0,0.0,0.0
7af61ce420051640c50b0e73e718dd8c55dddfcb58917a3bead9d3ece2f3e929,0.0,0.21138184643903282,0.0,0.0,0.0,0.0,0.0,0.0,0.0,0.0,0.0,0.0,0.09871907670120658,0.0,0.0,0.0,0.0,0.0,0.0,0.0,0.0,0.14427188769653002,0.0,0.0,0.0,0.0,0.0,0.0,0.0,0.0,0.0,0.0,0.0,0.0,0.1616130217463467,0.34809683348068077,0.0,0.0,0.0,0.0,0.0,0.0,0.0,0.0,0.0,0.0,0.0,0.0,0.0,0.0,0.23404394091465658,0.0,0.0,0.0,0.0,0.0,0.0,0.0,0.0,0.3368228906537485,0.14319968661683274,0.0,0.0,0.0,0.0,0.0,0.0,0.0,0.0,0.0,0.0,0.0,0.0,0.0,0.0,0.0,0.0,0.0,0.0,0.08586627089418886,0.0,0.0,0.0,0.0,0.0,0.0,0.0,0.0,0.0,0.0,0.0,0.0,0.0,0.0,0.0,0.0,0.0,0.0,0.0,0.0,0.0,0.0,0.13256707374001636,0.0,0.0,0.0,0.0,0.0,0.3241752390000962,0.0,0.0,0.0,0.0,0.0,0.1984504723905113,0.0,0.0,0.114086573820188,0.0,0.0,0.13274986707066969,0.30642113345409483,0.21669789553850105,0.29604811275545817,0.0,0.0,0.0,0.0,0.2746612385436262,0.0,0.0,0.0,0.0,0.0,0.0,0.0,0.0,0.0,0.0,0.0,0.0,0.0,0.0,0.0,0.0,0.10216531654036264,0.0,0.22873435355696972,0.0,0.0,0.0,0.0,0.0,0.0,0.14827511535440432,0.0,0.0,0.0,0.0,0.0,0.0
7af890c71121d682203be3b23497272f4338cdc27f5af49c41f8275d582e85e1,0.0,0.0,0.0,0.0,0.31984888406542133,0.0,0.0,0.0,0.0,0.0,0.0,0.0,0.11496047526136229,0.0,0.0,0.0,0.0,0.0,0.0,0.0,0.0,0.0,0.0,0.0,0.0,0.0,0.0,0.0,0.0,0.0,0.0,0.0,0.0,0.0,0.0,0.0,0.0,0.0,0.0,0.0,0.0,0.0,0.21079791392188285,0.0,0.0,0.0,0.0,0.0,0.0,0.0,0.27254917264904144,0.0,0.0,0.0,0.0,0.0,0.0,0.0,0.0,0.0,0.16675909642647646,0.0,0.0,0.0,0.0,0.0,0.0,0.0,0.0,0.0,0.0,0.0,0.0,0.0,0.0,0.0,0.0,0.0,0.0,0.09999310812837234,0.0,0.0,0.0,0.0,0.0,0.0,0.0,0.0,0.0,0.0,0.0,0.0,0.0,0.0,0.0,0.0,0.0,0.0,0.0,0.1407187182733361,0.0,0.0,0.0,0.0,0.0,0.0,0.1838001062096109,0.0,0.0,0.0,0.0,0.0,0.0,0.0,0.2310998176259908,0.2630343196251608,0.0,0.13285625418687697,0.0,0.12966283912006363,0.0,0.0,0.25234933198011406,0.0,0.18168604100045782,0.0,0.20868858046740088,0.0,0.0,0.0,0.0,0.0,0.0,0.0,0.0,0.0,0.0,0.0,0.0,0.0,0.37104291554360735,0.0,0.0,0.17761697822180691,0.0,0.1189736952286959,0.0,0.2663660446612374,0.0,0.0,0.0,0.0,0.0,0.0,0.17266954169525067,0.0,0.0,0.30484611786562565,0.0,0.0,0.0
7c2a9bae3bbdc9e38516754d76a192d6a3ce37849c06a8a8d3b06fb7f75916c1,0.0,0.0,0.0,0.0,0.0,0.0,0.0,0.0,0.0,0.0,0.0,0.0,0.0,0.0,0.0,0.0,0.0,0.5406308120175433,0.0,0.0,0.0,0.0,0.0,0.0,0.0,0.0,0.0,0.0,0.0,0.0,0.0,0.0,0.0,0.0,0.0,0.0,0.0,0.0,0.0,0.0,0.0,0.0,0.0,0.0,0.0,0.0,0.0,0.0,0.0,0.0,0.0,0.0,0.0,0.0,0.0,0.0,0.0,0.0,0.0,0.0,0.40020852636481413,0.0,0.0,0.0,0.0,0.0,0.0,0.0,0.0,0.0,0.0,0.0,0.0,0.0,0.0,0.0,0.0,0.0,0.0,0.0,0.0,0.0,0.0,0.0,0.0,0.0,0.0,0.0,0.0,0.0,0.0,0.0,0.0,0.0,0.0,0.0,0.0,0.0,0.0,0.3377136964576154,0.0,0.0,0.37049294226424084,0.0,0.0,0.0,0.44110559020854584,0.0,0.0,0.0,0.0,0.0,0.0,0.0,0.0,0.0,0.0,0.3188444099654964,0.0,0.0,0.0,0.0,0.0,0.0,0.0,0.0,0.0,0.0,0.0,0.0,0.0,0.0,0.0,0.0,0.0,0.0,0.0,0.0,0.0,0.0,0.0,0.0,0.0,0.0,0.0,0.0,0.0,0.0,0.0,0.0,0.0,0.0,0.0,0.0,0.0,0.0,0.0,0.0,0.0,0.0,0.0
7d69895163ce4782e47ea430fb72d171429c7e2adcf3e8c03b3f15be0ce101d4,0.0,0.0,0.0,0.0,0.0,0.0,0.0,0.0,0.0,0.0,0.0,0.0,0.07811201627516744,0.0,0.0,0.0,0.0,0.0,0.0,0.0,0.2207950796707469,0.0,0.25650545356521065,0.0,0.0,0.0,0.0,0.0,0.0,0.0,0.0,0.0,0.0,0.0,0.0,0.0,0.0,0.0,0.32413710507623067,0.0,0.0,0.0,0.14323053245563225,0.13539517496892406,0.0,0.0,0.0,0.0,0.0,0.0,0.0,0.0,0.22449689242965765,0.0,0.0,0.0,0.0,0.0,0.0,0.0,0.0,0.0,0.0,0.0,0.0,0.0,0.0,0.1278771986810461,0.0,0.0,0.0,0.0,0.0,0.0,0.0,0.07426004823980148,0.0,0.0,0.0,0.06794216248471902,0.0,0.2993279039730878,0.0,0.0,0.0,0.0,0.0,0.0,0.16293282024424086,0.0,0.0,0.0,0.0,0.0,0.0,0.0,0.0,0.0,0.0,0.0,0.0,0.0,0.10489443142659494,0.0,0.0,0.0,0.0,0.0,0.0,0.0,0.0,0.0,0.0,0.0,0.0,0.0,0.09760109413334318,0.0,0.09940090847637995,0.08810180870081075,0.0,0.0,0.0,0.0,0.0,0.0,0.1417973069165793,0.0,0.0,0.0,0.0,0.0,0.0,0.11214141358186949,0.0,0.3325983464205247,0.0,0.24611807004401737,0.0,0.0,0.0,0.39290053729405755,0.0,0.12068513340837622,0.0,0.08083887263768241,0.16725705690396583,0.180987324281909,0.0,0.0,0.0,0.22449689242965765,0.0,0.0,0.11732350636565465,0.0,0.0,0.0,0.0,0.0,0.0
efcad1ba15b2b2c8008c4865a16e5438338159a36127e85191ab7d9d8a69a0c6,0.0,0.0,0.0,0.0,0.0,0.0,0.0,0.0,0.0,0.0,0.0,0.0,0.28176917340157176,0.0,0.0,0.0,0.0,0.0,0.0,0.0,0.0,0.0,0.0,0.0,0.0,0.0,0.0,0.0,0.0,0.0,0.0,0.0,0.0,0.0,0.0,0.0,0.0,0.0,0.0,0.0,0.0,0.0,0.0,0.0,0.0,0.0,0.0,0.0,0.0,0.0,0.0,0.0,0.0,0.0,0.0,0.0,0.0,0.0,0.0,0.0,0.0,0.0,0.0,0.0,0.0,0.0,0.0,0.46128437451078574,0.0,0.0,0.0,0.0,0.0,0.0,0.0,0.2678741812985528,0.0,0.0,0.0,0.24508402004366928,0.0,0.0,0.0,0.0,0.0,0.0,0.0,0.0,0.0,0.0,0.0,0.0,0.0,0.0,0.0,0.0,0.0,0.0,0.0,0.344902861960704,0.0,0.0,0.0,0.0,0.0,0.0,0.0,0.0,0.0,0.0,0.0,0.0,0.0,0.0,0.0,0.0,0.35207105037671305,0.0,0.0,0.0,0.37890164255571845,0.0,0.0,0.0,0.0,0.0,0.0,0.0,0.0,0.0,0.0,0.0,0.0,0.0,0.0,0.0,0.0,0.0,0.0,0.0,0.0,0.0,0.0,0.43534083363749004,0.0,0.0,0.0,0.0,0.0,0.0,0.0,0.0,0.0,0.0,0.0,0.0,0.0,0.0,0.0,0.0,0.0
fb6cdeca45534708b5438cad6df3126daf7cc86f1235b62302717e8b8025183f,0.0,0.0,0.0,0.0,0.0,0.0,0.0,0.0,0.0,0.0,0.33725499651267243,0.0,0.21967681154315066,0.0,0.0,0.0,0.0,0.0,0.0,0.0,0.0,0.32104421296818975,0.0,0.0,0.0,0.0,0.0,0.0,0.0,0.0,0.0,0.0,0.0,0.0,0.0,0.0,0.0,0.0,0.0,0.0,0.0,0.0,0.0,0.0,0.4266074132346576,0.0,0.0,0.45822095183026207,0.0,0.0,0.0,0.0,0.0,0.0,0.0,0.0,0.0,0.0,0.0,0.0,0.0,0.0,0.0,0.0,0.0,0.0,0.0,0.0,0.0,0.0,0.0,0.0,0.0,0.0,0.0,0.20884380406841802,0.0,0.0,0.0,0.191075820798325,0.0,0.0,0.0,0.0,0.0,0.0,0.0,0.0,0.0,0.0,0.0,0.0,0.0,0.0,0.0,0.0,0.0,0.0,0.0,0.26889797806111687,0.0,0.0,0.0,0.0,0.0,0.0,0.0,0.0,0.0,0.0,0.0,0.0,0.0,0.0,0.0,0.0,0.2744865410567048,0.0,0.0,0.0,0.0,0.0,0.0,0.0,0.0,0.0,0.0,0.0,0.0,0.0,0.0,0.0,0.0,0.0,0.0,0.0,0.0,0.0,0.0,0.0,0.0,0.0,0.0,0.3394064904741192,0.0,0.0,0.0,0.0,0.0,0.0,0.0,0.0,0.0,0.0,0.0,0.0,0.0,0.0,0.0,0.0,0.0
13492a113107ae59e2fe02f3c3b9afa411a39caa73b78ea06dec0fb9a970f7a2,0.0,0.0,0.0,0.0,0.0,0.0,0.0,0.0,0.0,0.0,0.35252555152739756,0.0,0.22962354879186933,0.0,0.0,0.0,0.0,0.0,0.0,0.0,0.0,0.33558076058641206,0.0,0.0,0.0,0.0,0.0,0.0,0.0,0.0,0.0,0.0,0.0,0.0,0.375916761222303,0.0,0.0,0.0,0.0,0.0,0.0,0.0,0.0,0.0,0.0,0.0,0.0,0.0,0.0,0.0,0.0,0.0,0.0,0.0,0.0,0.0,0.0,0.0,0.0,0.0,0.0,0.0,0.0,0.0,0.44394389001054935,0.0,0.0,0.0,0.0,0.0,0.0,0.0,0.0,0.0,0.0,0.21830003402049647,0.0,0.0,0.0,0.1997275349720391,0.0,0.0,0.0,0.0,0.0,0.0,0.0,0.0,0.0,0.0,0.0,0.0,0.0,0.0,0.0,0.0,0.0,0.0,0.0,0.0,0.0,0.0,0.0,0.0,0.0,0.0,0.0,0.0,0.0,0.0,0.0,0.0,0.0,0.0,0.0,0.0,0.2869150057773172,0.26536881042139,0.0,0.0,0.0,0.0,0.0,0.0,0.36290206182273765,0.0,0.0,0.0,0.0,0.0,0.0,0.0,0.0,0.0,0.0,0.0,0.0,0.0,0.0,0.0,0.0,0.0,0.0,0.0,0.0,0.0,0.0,0.0,0.0,0.0,0.0,0.0,0.0,0.0,0.0,0.0,0.0,0.0,0.0,0.0,0.0
ee2d8c841bb376f17fb4a469cd2bfcdb209e5f537bd3b5791a470066ef18676e,0.0,0.22475260050746637,0.0,0.0,0.0,0.0,0.0,0.0,0.0,0.0,0.16114331708875118,0.28218566580358045,0.10496345633299942,0.0,0.0,0.0,0.0,0.0,0.0,0.0,0.0,0.15339766629046114,0.0,0.0,0.0,0.0,0.0,0.0,0.0,0.0,0.0,0.0,0.0,0.0,0.0,0.0,0.0,0.0,0.0,0.0,0.0,0.30340450942033426,0.0,0.1819380194397499,0.20383666476146997,0.0,0.0,0.0,0.0,0.0,0.0,0.0,0.0,0.0,0.0,0.29355550592185586,0.3234617863086512,0.0,0.0,0.0,0.0,0.0,0.0,0.0,0.0,0.0,0.0,0.0,0.0,0.0,0.0,0.0,0.0,0.0,0.0,0.09978735286062265,0.0,0.0,0.0,0.09129765873680962,0.0,0.0,0.0,0.0,0.0,0.0,0.0,0.0,0.0,0.0,0.0,0.0,0.0,0.0,0.0,0.0,0.0,0.0,0.0,0.12848174998527692,0.0,0.0,0.14095247565796623,0.0,0.0,0.0,0.16781675944077457,0.0,0.0,0.0,0.0,0.0,0.0,0.3051818957348341,0.0,0.0,0.1311520131042242,0.1213030096057458,0.1335705236383442,0.11838729546872134,0.14114683140379705,0.0,0.0,0.0,0.16588653437201448,0.0,0.19054091985341448,0.0,0.0,0.0,0.0,0.0,0.0,0.0,0.0,0.0,0.0,0.0,0.0,0.0,0.0,0.0,0.20293164772773586,0.0,0.0,0.10862768473705092,0.22475260050746637,0.0,0.0,0.0,0.0,0.0,0.0,0.0,0.15765411423851222,0.0,0.0,0.0,0.0,0.0,0.0
a7ac72fffdad0067658b52af3ad260c0b41b9e20876230743910b8715a74ea48,0.0,0.0,0.0,0.0,0.0,0.47403349634265296,0.0,0.0,0.0,0.0,0.0,0.0,0.0,0.0,0.0,0.0,0.0,0.0,0.0,0.0,0.0,0.0,0.0,0.0,0.0,0.0,0.0,0.0,0.0,0.0,0.0,0.0,0.0,0.0,0.0,0.0,0.0,0.0,0.0,0.0,0.0,0.0,0.31241400904087313,0.0,0.0,0.0,0.0,0.0,0.41991974109193486,0.0,0.0,0.0,0.0,0.0,0.0,0.47650213303558847,0.0,0.0,0.0,0.0,0.0,0.0,0.0,0.0,0.0,0.0,0.0,0.0,0.0,0.0,0.0,0.0,0.0,0.0,0.0,0.1619757951353809,0.0,0.0,0.0,0.1481952416209342,0.0,0.0,0.0,0.0,0.0,0.0,0.0,0.0,0.0,0.0,0.0,0.0,0.0,0.0,0.0,0.0,0.0,0.0,0.0,0.0,0.0,0.0,0.22879542012591916,0.0,0.0,0.0,0.0,0.0,0.0,0.0,0.0,0.0,0.0,0.0,0.0,0.0,0.0,0.0,0.21681296429607474,0.0,0.0,0.0,0.0,0.0,0.0,0.0,0.30928786178135637,0.0,0.0,0.0,0.0,0.0,0.0,0.0,0.0,0.0,0.0,0.0,0.0,0.0,0.0,0.0,0.0,0.0,0.0,0.17632550723712537,0.0,0.0,0.0,0.0,0.0,0.0,0.0,0.0,0.0,0.0,0.0,0.0,0.0,0.0,0.0
1761d6b84b6e51f55c366f85eae03edb19759e196103e9005fa325a1fa090f9a,0.0,0.0,0.0,0.0,0.0,0.0,0.0,0.0,0.0,0.0,0.24037987639963504,0.0,0.15657554477365404,0.0,0.0,0.0,0.0,0.0,0.0,0.0,0.0,0.22882557420972646,0.0,0.0,0.0,0.0,0.0,0.0,0.0,0.0,0.0,0.0,0.0,0.0,0.25632985809865616,0.0,0.0,0.0,0.0,0.0,0.0,0.0,0.0,0.0,0.0,0.0,0.0,0.0,0.0,0.0,0.0,0.0,0.45000404429888985,0.0,0.0,0.0,0.0,0.0,0.0,0.0,0.0,0.0,0.0,0.0,0.30271614907555244,0.0,0.0,0.25632985809865616,0.0,0.0,0.0,0.0,0.0,0.0,0.0,0.14885427444485488,0.0,0.0,0.0,0.13619007178959414,0.0,0.0,0.0,0.0,0.0,0.0,0.0,0.0,0.32659885517972664,0.0,0.0,0.0,0.0,0.0,0.0,0.0,0.0,0.0,0.0,0.0,0.0,0.0,0.0,0.0,0.3571455222320085,0.0,0.0,0.0,0.0,0.0,0.0,0.0,0.0,0.0,0.0,0.0,0.0,0.18094949876123897,0.19924913141223294,0.17660008473317476,0.0,0.0,0.0,0.0,0.24745540397897292,0.0,0.0,0.0,0.0,0.0,0.0,0.0,0.0,0.0,0.0,0.0,0.0,0.0,0.0,0.0,0.0,0.0,0.0,0.0,0.0,0.0,0.0,0.0,0.0,0.0,0.0,0.0,0.0,0.0,0.0,0.0,0.0,0.0,0.0,0.0,0.0
7cd8f10164a6c3209574751d16c4e9297334f11a08ade649055450d41e0d31e9,0.0,0.33165108856499925,0.39057026536602985,0.0,0.0,0.0,0.0,0.0,0.0,0.0,0.0,0.0,0.0,0.0,0.0,0.0,0.0,0.0,0.0,0.0,0.0,0.0,0.0,0.0,0.0,0.0,0.0,0.0,0.0,0.0,0.0,0.0,0.0,0.0,0.0,0.5461523574267501,0.0,0.0,0.0,0.0,0.0,0.0,0.0,0.0,0.0,0.0,0.0,0.0,0.0,0.0,0.0,0.0,0.0,0.0,0.0,0.0,0.0,0.0,0.0,0.0,0.0,0.0,0.0,0.0,0.0,0.0,0.0,0.0,0.0,0.0,0.0,0.0,0.0,0.0,0.0,0.0,0.0,0.0,0.0,0.1347213239585757,0.0,0.0,0.0,0.0,0.0,0.0,0.0,0.0,0.0,0.0,0.0,0.0,0.0,0.0,0.0,0.0,0.0,0.0,0.0,0.0,0.0,0.0,0.0,0.0,0.0,0.0,0.24763500320938248,0.0,0.0,0.0,0.0,0.0,0.0,0.0,0.0,0.0,0.0,0.1789980409175274,0.0,0.0,0.20828012746849003,0.0,0.33999179284213843,0.0,0.0,0.0,0.0,0.0,0.0,0.0,0.0,0.0,0.0,0.0,0.0,0.0,0.0,0.0,0.0,0.0,0.0,0.0,0.0,0.0,0.0,0.0,0.0,0.0,0.0,0.0,0.0,0.0,0.0,0.0,0.0,0.0,0.0,0.41072103239119134,0.0,0.0,0.0
7d9c97a133997396b0625a5d2b762fb8b333f5152d4dd893c7a463cc41372ab5,0.0,0.0,0.0,0.0,0.0,0.0,0.0,0.0,0.0,0.0,0.0,0.0,0.0,0.0,0.0,0.0,0.0,0.5406308120175433,0.0,0.0,0.0,0.0,0.0,0.0,0.0,0.0,0.0,0.0,0.0,0.0,0.0,0.0,0.0,0.0,0.0,0.0,0.0,0.0,0.0,0.0,0.0,0.0,0.0,0.0,0.0,0.0,0.0,0.0,0.0,0.0,0.0,0.0,0.0,0.0,0.0,0.0,0.0,0.0,0.0,0.0,0.40020852636481413,0.0,0.0,0.0,0.0,0.0,0.0,0.0,0.0,0.0,0.0,0.0,0.0,0.0,0.0,0.0,0.0,0.0,0.0,0.0,0.0,0.0,0.0,0.0,0.0,0.0,0.0,0.0,0.0,0.0,0.0,0.0,0.0,0.0,0.0,0.0,0.0,0.0,0.0,0.3377136964576154,0.0,0.0,0.37049294226424084,0.0,0.0,0.0,0.44110559020854584,0.0,0.0,0.0,0.0,0.0,0.0,0.0,0.0,0.0,0.0,0.3188444099654964,0.0,0.0,0.0,0.0,0.0,0.0,0.0,0.0,0.0,0.0,0.0,0.0,0.0,0.0,0.0,0.0,0.0,0.0,0.0,0.0,0.0,0.0,0.0,0.0,0.0,0.0,0.0,0.0,0.0,0.0,0.0,0.0,0.0,0.0,0.0,0.0,0.0,0.0,0.0,0.0,0.0,0.0,0.0
7dfcbf301686c56d31874642114b1c6ff8f78dfd76f4b88c2f056b7aff8fb19b,0.0,0.0,0.0,0.0,0.0,0.0,0.0,0.0,0.0,0.0,0.0,0.0,0.1329423080497307,0.0,0.0,0.0,0.0,0.0,0.0,0.0,0.0,0.1942870454017711,0.0,0.0,0.47443605767072344,0.0,0.0,0.0,0.0,0.0,0.0,0.0,0.0,0.0,0.21763988116379995,0.0,0.0,0.0,0.0,0.0,0.0,0.0,0.0,0.0,0.0,0.0,0.0,0.0,0.0,0.0,0.3151806391425555,0.0,0.0,0.0,0.0,0.0,0.0,0.0,0.0,0.0,0.0,0.0,0.0,0.0,0.0,0.0,0.0,0.0,0.0,0.0,0.0,0.0,0.0,0.0,0.0,0.0,0.0,0.0,0.0,0.0,0.0,0.0,0.0,0.0,0.0,0.0,0.0,0.0,0.0,0.0,0.0,0.0,0.0,0.0,0.0,0.0,0.0,0.0,0.0,0.0,0.0,0.0,0.17852448932174034,0.0,0.0,0.0,0.0,0.0,0.0,0.0,0.0,0.0,0.0,0.0,0.0,0.0,0.0,0.0,0.0,0.14994437924610493,0.0,0.0,0.0,0.0,0.0,0.0,0.0,0.0,0.0,0.0,0.0,0.0,0.0,0.0,0.0,0.0,0.0,0.0,0.0,0.0,0.0,0.0,0.0,0.0,0.0,0.13758326594378625,0.0,0.30803036159023384,0.0,0.6039419299392169,0.0,0.0,0.0,0.0,0.19967808371240214,0.0,0.0,0.0,0.0,0.0,0.0
7c34ba8d8accf8f66c806477c50af75634bfec7fa57f890ea299bebe306f6fd4,0.0,0.0,0.0,0.0,0.0,0.0,0.0,0.0,0.0,0.0,0.0,0.0,0.0,0.0,0.0,0.0,0.0,0.0,0.0,0.0,0.0,0.0,0.0,0.0,0.0,0.0,0.0,0.0,0.0,0.0,0.0,0.0,0.0,0.0,0.6278477861214925,0.0,0.0,0.0,0.0,0.0,0.0,0.0,0.703229141979947,0.0,0.0,0.0,0.0,0.0,0.0,0.0,0.0,0.0,0.0,0.0,0.0,0.0,0.0,0.0,0.0,0.0,0.0,0.0,0.0,0.0,0.0,0.0,0.0,0.0,0.0,0.0,0.0,0.0,0.0,0.0,0.0,0.0,0.0,0.0,0.0,0.33358047204908153,0.0,0.0,0.0,0.0,0.0,0.0,0.0,0.0,0.0,0.0,0.0,0.0,0.0,0.0,0.0,0.0,0.0,0.0,0.0,0.0,0.0,0.0,0.0,0.0,0.0,0.0,0.0,0.0,0.0,0.0,0.0,0.0,0.0,0.0,0.0,0.0,0.0,0.0,0.0,0.0,0.0,0.0,0.0,0.0,0.0,0.0,0.0,0.0,0.0,0.0,0.0,0.0,0.0,0.0,0.0,0.0,0.0,0.0,0.0,0.0,0.0,0.0,0.0,0.0,0.0,0.0,0.0,0.0,0.0,0.0,0.0,0.0,0.0,0.0,0.0,0.0,0.0,0.0,0.0,0.0,0.0
7f998f0b351d2086150d75ae51ca411e6343f5859e55caecf6873d0e637add7f,0.0,0.0,0.0,0.0,0.0,0.0,0.0,0.0,0.0,0.0,0.0,0.0,0.38899241935761364,0.0,0.0,0.0,0.0,0.0,0.0,0.0,0.0,0.0,0.0,0.0,0.0,0.0,0.0,0.0,0.0,0.0,0.0,0.0,0.0,0.0,0.0,0.0,0.0,0.0,0.0,0.0,0.0,0.0,0.0,0.0,0.0,0.0,0.0,0.0,0.0,0.0,0.0,0.0,0.0,0.0,0.0,0.0,0.0,0.0,0.0,0.0,0.0,0.0,0.0,0.0,0.0,0.0,0.0,0.0,0.0,0.0,0.0,0.0,0.0,0.0,0.0,0.3698098859035188,0.0,0.0,0.0,0.33834725336261706,0.0,0.0,0.0,0.0,0.0,0.0,0.0,0.0,0.0,0.0,0.0,0.0,0.0,0.0,0.0,0.0,0.0,0.0,0.0,0.0,0.0,0.0,0.0,0.0,0.0,0.0,0.0,0.0,0.0,0.0,0.0,0.0,0.0,0.0,0.0,0.0,0.48604667436998605,0.0,0.0,0.0,0.0,0.0,0.0,0.0,0.0,0.0,0.0,0.0,0.0,0.0,0.0,0.0,0.0,0.0,0.0,0.0,0.0,0.0,0.0,0.0,0.0,0.0,0.0,0.6010035877149044,0.0,0.0,0.0,0.0,0.0,0.0,0.0,0.0,0.0,0.0,0.0,0.0,0.0,0.0,0.0,0.0,0.0
8bd2067d088dad4df24e11244f5b72ce1fd22b686e2ce9ba6ee8711f8f6a836d,0.0,0.2024694837189634,0.23843901832735953,0.0,0.0,0.0,0.0,0.0,0.0,0.0,0.0,0.0,0.09455684501587938,0.0,0.0,0.0,0.0,0.0,0.0,0.30779481134620984,0.2672788019598564,0.0,0.0,0.0,0.0,0.0,0.0,0.0,0.0,0.0,0.0,0.0,0.0,0.0,0.15479903135713258,0.0,0.0,0.0,0.0,0.0,0.0,0.0,0.17338468400609813,0.0,0.0,0.0,0.0,0.0,0.0,0.0,0.0,0.0,0.0,0.0,0.0,0.2644509188888463,0.0,0.0,0.0,0.0,0.1371620463462545,0.0,0.0,0.0,0.0,0.0,0.0,0.0,0.0,0.0,0.0,0.0,0.0,0.0,0.0,0.08989392678773972,0.0,0.0,0.0,0.08224594415127968,0.0,0.0,0.0,0.0,0.0,0.27824756278589174,0.0,0.0,0.0,0.0,0.0,0.0,0.0,0.0,0.0,0.0,0.0,0.0,0.0,0.11574341532908657,0.0,0.0,0.12697772978350974,0.35124510130109365,0.0,0.0,0.0,0.0,0.0,0.0,0.0,0.0,0.0,0.0,0.1900833272372804,0.0,0.11814893497097868,0.10927641181004227,0.0,0.10664977641333274,0.12715281611144247,0.0,0.2075613955114192,0.28356601834708306,0.0,0.0,0.0,0.0,0.0,0.0,0.0,0.0,0.0,0.0,0.0,0.0,0.0,0.0,0.0,0.0,0.0,0.0,0.1828119712648588,0.0,0.0,0.09785778316530036,0.0,0.0,0.0,0.0,0.0,0.0,0.0,0.0,0.14202348290506941,0.0,0.0,0.2507408485845093,0.0,0.0,0.0
8be8a6f8fe7c182a5017040aa8c8cfc9cefbcf8f3d1be932c7e710101c34d57e,0.0,0.0,0.0,0.0,0.0,0.0,0.0,0.0,0.0,0.0,0.0,0.0,0.26656308718507377,0.0,0.0,0.0,0.0,0.0,0.0,0.0,0.0,0.0,0.0,0.0,0.0,0.0,0.0,0.0,0.0,0.0,0.0,0.0,0.0,0.0,0.0,0.0,0.0,0.0,0.0,0.0,0.0,0.0,0.0,0.0,0.0,0.0,0.0,0.0,0.0,0.0,0.0,0.0,0.0,0.0,0.0,0.0,0.0,0.0,0.0,0.0,0.0,0.0,0.0,0.0,0.5153611399213471,0.0,0.0,0.43639048748809967,0.0,0.0,0.0,0.0,0.0,0.0,0.0,0.2534179586861721,0.0,0.0,0.0,0.0,0.0,0.0,0.0,0.0,0.0,0.0,0.0,0.0,0.0,0.0,0.0,0.0,0.0,0.0,0.0,0.0,0.0,0.0,0.0,0.0,0.0,0.0,0.35796007839686544,0.0,0.0,0.0,0.0,0.0,0.0,0.0,0.0,0.0,0.0,0.0,0.0,0.0,0.333071020381482,0.0,0.0,0.0,0.0,0.0,0.0,0.0,0.0,0.0,0.0,0.0,0.0,0.0,0.0,0.0,0.0,0.0,0.0,0.0,0.0,0.0,0.0,0.0,0.0,0.0,0.0,0.4118470278036654,0.0,0.0,0.0,0.0,0.0,0.0,0.0,0.0,0.0,0.0,0.0,0.0,0.0,0.0,0.0,0.0,0.0
8c3d8d288d56f4db9d853ae63d2ca6a1e8846dac9a81f00da7352e17239b0044,0.0,0.0,0.0,0.0,0.0,0.0,0.0,0.0,0.0,0.0,0.0,0.0,0.0,0.0,0.0,0.0,0.0,0.0,0.0,0.0,0.0,0.0,0.0,0.0,0.0,0.0,0.0,0.0,0.0,0.0,0.0,0.0,0.0,0.0,0.3468990280072203,0.0,0.0,0.0,0.0,0.0,0.0,0.0,0.0,0.0,0.0,0.0,0.0,0.0,0.0,0.0,0.0,0.0,0.0,0.0,0.0,0.0,0.0,0.0,0.0,0.0,0.30737518277632697,0.0,0.0,0.4300777420510803,0.0,0.0,0.0,0.3468990280072203,0.0,0.0,0.0,0.0,0.0,0.0,0.0,0.2014490372002078,0.0,0.0,0.0,0.18431018484729322,0.0,0.0,0.0,0.0,0.0,0.0,0.0,0.0,0.0,0.0,0.0,0.0,0.0,0.0,0.0,0.0,0.0,0.0,0.0,0.0,0.0,0.0,0.0,0.0,0.0,0.0,0.3387856641775232,0.0,0.0,0.0,0.0,0.0,0.0,0.0,0.0,0.0,0.0,0.24488448479735103,0.0,0.0,0.28494485999513214,0.0,0.0,0.0,0.0,0.0,0.0,0.0,0.0,0.0,0.0,0.0,0.0,0.0,0.0,0.0,0.0,0.0,0.0,0.0,0.0,0.0,0.0,0.0,0.0,0.21929575117732078,0.0,0.0,0.0,0.0,0.0,0.0,0.0,0.0,0.3182694861979094,0.0,0.0,0.0,0.0,0.0,0.0
df73bdcf081ccb79d66e5f2ca25509a8390eabbc21516a7ccf6178545eb579b2,0.0,0.0,0.0,0.0,0.0,0.0,0.0,0.0,0.0,0.0,0.22528347389756795,0.0,0.14674224474335626,0.0,0.0,0.0,0.0,0.0,0.0,0.0,0.0,0.21445480814238066,0.0,0.0,0.0,0.0,0.0,0.0,0.0,0.0,0.0,0.0,0.0,0.0,0.24023176049949735,0.0,0.0,0.0,0.0,0.0,0.0,0.0,0.0,0.0,0.0,0.0,0.0,0.0,0.0,0.0,0.0,0.0,0.0,0.0,0.0,0.0,0.0,0.0,0.2837048869900245,0.0,0.0,0.0,0.0,0.0,0.0,0.0,0.0,0.0,0.0,0.0,0.0,0.0,0.0,0.0,0.0,0.13950588773782144,0.0,0.0,0.0,0.12763702578875907,0.0,0.0,0.0,0.0,0.0,0.0,0.0,0.0,0.0,0.0,0.0,0.0,0.0,0.0,0.0,0.0,0.0,0.0,0.0,0.0,0.0,0.0,0.0,0.0,0.0,0.0,0.23461315820021242,0.0,0.0,0.0,0.0,0.0,0.0,0.4266539803442345,0.0,0.0,0.0,0.16958545903061906,0.0,0.16550919808757697,0.19732775198346367,0.0,0.0,0.0,0.23191464226576047,0.0,0.2663822559924936,0.0,0.0,0.0,0.0,0.0,0.0,0.0,0.0,0.0,0.0,0.0,0.0,0.0,0.0,0.0,0.2837048869900245,0.0,0.0,0.15186495239845693,0.31421127183293424,0.0,0.0,0.0,0.0,0.0,0.0,0.0,0.22040545752409216,0.0,0.0,0.0,0.0,0.0,0.0
8d341b6bdc6a7f2d2ab5f2d1444a87bdac59377e095ab3b57296ddf86b08a481,0.0,0.0,0.0,0.0,0.0,0.0,0.0,0.0,0.0,0.0,0.0,0.0,0.0,0.0,0.0,0.0,0.0,0.0,0.0,0.0,0.0,0.0,0.0,0.0,0.0,0.0,0.0,0.0,0.0,0.0,0.0,0.0,0.0,0.0,0.3233486473329126,0.0,0.0,0.0,0.0,0.0,0.0,0.0,0.3621708905417715,0.0,0.0,0.0,0.0,0.0,0.0,0.0,0.0,0.0,0.0,0.0,0.0,0.0,0.0,0.0,0.0,0.0,0.2865080082391105,0.0,0.0,0.40088050098922634,0.0,0.0,0.0,0.3233486473329126,0.0,0.0,0.0,0.0,0.0,0.0,0.0,0.18777300720441628,0.0,0.0,0.0,0.1717976821739925,0.0,0.0,0.0,0.0,0.0,0.0,0.0,0.0,0.0,0.0,0.0,0.0,0.0,0.0,0.0,0.0,0.0,0.0,0.0,0.0,0.0,0.0,0.0,0.0,0.0,0.0,0.31578608587310436,0.0,0.0,0.0,0.0,0.0,0.0,0.0,0.0,0.0,0.0,0.2282596966815155,0.0,0.0,0.26560044164198243,0.0,0.0,0.0,0.0,0.0,0.0,0.0,0.0,0.0,0.0,0.0,0.0,0.0,0.0,0.0,0.0,0.0,0.0,0.0,0.0,0.0,0.0,0.0,0.0,0.20440813834614077,0.0,0.0,0.0,0.0,0.0,0.0,0.0,0.0,0.29666271606645467,0.0,0.0,0.0,0.0,0.0,0.0
8e6fa9080a9558a6c0cd83da765e87b2125a0a9093ca1e76e510e324e9c54222,0.0,0.0,0.0,0.0,0.0,0.0,0.0,0.0,0.0,0.0,0.0,0.0,0.0,0.0,0.0,0.0,0.0,0.0,0.0,0.0,0.0,0.0,0.0,0.0,0.0,0.0,0.0,0.0,0.0,0.0,0.0,0.0,0.0,0.0,0.3468990280072203,0.0,0.0,0.0,0.0,0.0,0.0,0.0,0.0,0.0,0.0,0.0,0.0,0.0,0.0,0.0,0.0,0.0,0.0,0.0,0.0,0.0,0.0,0.0,0.0,0.0,0.30737518277632697,0.0,0.0,0.4300777420510803,0.0,0.0,0.0,0.3468990280072203,0.0,0.0,0.0,0.0,0.0,0.0,0.0,0.2014490372002078,0.0,0.0,0.0,0.18431018484729322,0.0,0.0,0.0,0.0,0.0,0.0,0.0,0.0,0.0,0.0,0.0,0.0,0.0,0.0,0.0,0.0,0.0,0.0,0.0,0.0,0.0,0.0,0.0,0.0,0.0,0.0,0.3387856641775232,0.0,0.0,0.0,0.0,0.0,0.0,0.0,0.0,0.0,0.0,0.24488448479735103,0.0,0.0,0.28494485999513214,0.0,0.0,0.0,0.0,0.0,0.0,0.0,0.0,0.0,0.0,0.0,0.0,0.0,0.0,0.0,0.0,0.0,0.0,0.0,0.0,0.0,0.0,0.0,0.0,0.21929575117732078,0.0,0.0,0.0,0.0,0.0,0.0,0.0,0.0,0.3182694861979094,0.0,0.0,0.0,0.0,0.0,0.0
8e8b6818423930eea073315743b788aef2f41198961946046b7b89042cb3f95a,0.0,0.0,0.0,0.0,0.3607988596923641,0.0,0.0,0.0,0.0,0.0,0.0,0.0,0.12967876534941414,0.0,0.0,0.0,0.0,0.0,0.0,0.0,0.0,0.0,0.0,0.0,0.0,0.0,0.0,0.0,0.0,0.0,0.0,0.0,0.0,0.0,0.0,0.0,0.0,0.0,0.0,0.0,0.0,0.0,0.0,0.0,0.0,0.0,0.0,0.0,0.0,0.0,0.30744340718649515,0.0,0.0,0.0,0.0,0.0,0.0,0.0,0.0,0.0,0.18810911912293976,0.0,0.0,0.0,0.0,0.0,0.0,0.0,0.0,0.0,0.0,0.0,0.0,0.0,0.0,0.0,0.0,0.0,0.0,0.11279513916463373,0.0,0.0,0.0,0.0,0.0,0.0,0.0,0.0,0.0,0.0,0.0,0.0,0.0,0.0,0.0,0.0,0.0,0.0,0.0,0.1587348139067012,0.0,0.0,0.0,0.0,0.0,0.0,0.20733187463051797,0.0,0.0,0.0,0.0,0.0,0.0,0.0,0.0,0.29671037577015164,0.0,0.14986572535241258,0.1650218199517272,0.14626346012020058,0.0,0.0,0.2846573984104703,0.0,0.20494714748348902,0.0,0.23540679869327222,0.0,0.0,0.0,0.0,0.0,0.0,0.0,0.0,0.0,0.0,0.0,0.0,0.0,0.0,0.0,0.0,0.20035712612123344,0.0,0.13420579439358124,0.0,0.30046865867721056,0.0,0.0,0.0,0.0,0.0,0.0,0.1947762735808296,0.0,0.0,0.34387530232891156,0.0,0.0,0.0
9a4e6b6a25332f21e4e15bd5c67ea1613db78bf02fa3cef2eba47f27723f8d58,0.0,0.0,0.2862704977933717,0.0,0.3158555631003144,0.0,0.0,0.0,0.0,0.0,0.0,0.0,0.11352519097903238,0.0,0.0,0.0,0.0,0.0,0.0,0.0,0.0,0.0,0.0,0.0,0.0,0.0,0.0,0.0,0.0,0.0,0.0,0.0,0.0,0.0,0.0,0.0,0.0,0.0,0.0,0.0,0.0,0.0,0.0,0.0,0.0,0.0,0.0,0.0,0.0,0.0,0.26914638971189864,0.0,0.0,0.0,0.0,0.0,0.0,0.0,0.0,0.0,0.16467710512040099,0.0,0.0,0.0,0.0,0.0,0.0,0.0,0.0,0.0,0.0,0.0,0.0,0.0,0.0,0.0,0.0,0.0,0.0,0.09874469178256584,0.0,0.0,0.0,0.0,0.0,0.0,0.0,0.0,0.0,0.0,0.0,0.0,0.0,0.0,0.0,0.0,0.0,0.0,0.0,0.13896184171112505,0.0,0.0,0.0,0.0,0.0,0.0,0.18150535748894442,0.0,0.0,0.0,0.0,0.0,0.0,0.0,0.22821453087736013,0.2597503298555202,0.0,0.131197540676776,0.0,0.128043995473426,0.0,0.0,0.24919874453669869,0.0,0.17941768643447467,0.0,0.20608309855054532,0.0,0.0,0.0,0.0,0.0,0.0,0.0,0.0,0.0,0.0,0.0,0.0,0.0,0.36641043587145183,0.0,0.0,0.17539942600190603,0.0,0.0,0.0,0.2630404582248603,0.0,0.0,0.0,0.0,0.0,0.0,0.1705137583386765,0.0,0.0,0.30104010679523757,0.0,0.0,0.0
9b5b364a32c759ada38bdc4cbfaad3ed8dc333f87796e27eef52a96d43c821a2,0.0,0.21971869873829214,0.258752627176361,0.0,0.0,0.0,0.0,0.0,0.0,0.0,0.0,0.0,0.0,0.0,0.0,0.0,0.0,0.0,0.0,0.0,0.0,0.0,0.0,0.0,0.0,0.0,0.0,0.0,0.0,0.0,0.0,0.0,0.0,0.0,0.16798700283617923,0.0,0.0,0.0,0.0,0.0,0.0,0.0,0.0,0.0,0.0,0.31184564619183786,0.0,0.0,0.0,0.0,0.2432745811035473,0.0,0.0,0.0,0.0,0.0,0.0,0.0,0.0,0.0,0.14884744992638962,0.0,0.0,0.20826657050249403,0.19838648127265784,0.0,0.0,0.16798700283617923,0.0,0.0,0.0,0.0,0.0,0.0,0.0,0.09755236322770132,0.0,0.0,0.0,0.08925281723197719,0.0,0.0,0.0,0.0,0.32331515983269177,0.3019526266352174,0.0,0.0,0.0,0.0,0.0,0.0,0.0,0.0,0.0,0.0,0.0,0.0,0.0,0.0,0.0,0.0,0.13779548919826762,0.0,0.0,0.0,0.0,0.0,0.0,0.0,0.0,0.0,0.0,0.0,0.206277314216851,0.0,0.0,0.11858612253399763,0.1305788746263442,0.11573571317440234,0.13798549185661213,0.0,0.22524441161402348,0.0,0.0,0.0,0.0,0.0,0.0,0.0,0.0,0.0,0.0,0.0,0.0,0.0,0.0,0.0,0.0,0.0,0.0,0.0,0.0,0.0,0.3077241834828873,0.10619469355855297,0.21971869873829214,0.0,0.0,0.0,0.0,0.0,0.0,0.0,0.15412305242747668,0.0,0.0,0.0,0.0,0.0,0.0
9bd421c6f7f7d8278036944fcad3e04db408619678acf1b2024ef69d85c3932b,0.0,0.0,0.0,0.0,0.0,0.0,0.0,0.0,0.0,0.0,0.0,0.0,0.0,0.0,0.0,0.0,0.0,0.5257054615323886,0.0,0.0,0.0,0.0,0.0,0.0,0.0,0.0,0.0,0.0,0.0,0.0,0.0,0.0,0.0,0.0,0.0,0.0,0.0,0.0,0.0,0.0,0.0,0.0,0.0,0.0,0.0,0.0,0.0,0.0,0.0,0.0,0.0,0.0,0.0,0.0,0.0,0.0,0.0,0.0,0.0,0.0,0.3891598543498933,0.0,0.0,0.0,0.0,0.0,0.0,0.0,0.0,0.0,0.0,0.0,0.0,0.0,0.0,0.0,0.0,0.0,0.0,0.23335040923771894,0.0,0.0,0.0,0.0,0.0,0.0,0.0,0.0,0.0,0.0,0.0,0.0,0.0,0.0,0.0,0.0,0.0,0.0,0.0,0.3283903372053804,0.0,0.0,0.3602646369352605,0.0,0.0,0.0,0.42892786117705667,0.0,0.0,0.0,0.0,0.0,0.0,0.0,0.0,0.0,0.0,0.3100419805382721,0.0,0.0,0.0,0.0,0.0,0.0,0.0,0.0,0.0,0.0,0.0,0.0,0.0,0.0,0.0,0.0,0.0,0.0,0.0,0.0,0.0,0.0,0.0,0.0,0.0,0.0,0.0,0.0,0.0,0.0,0.0,0.0,0.0,0.0,0.0,0.0,0.0,0.0,0.0,0.0,0.0,0.0,0.0
9bdd7f965d1c67396afb0a84c78b4d12118ff377db7efdca4a1340933120f376,0.0,0.20918390617417917,0.0,0.0,0.0,0.0,0.0,0.0,0.0,0.0,0.0,0.0,0.09769259955926649,0.0,0.0,0.0,0.0,0.0,0.0,0.0,0.0,0.14277175418744883,0.0,0.0,0.0,0.0,0.0,0.0,0.0,0.0,0.0,0.0,0.0,0.0,0.15993257579602044,0.0,0.0,0.0,0.0,0.0,0.0,0.0,0.0,0.0,0.0,0.0,0.0,0.0,0.0,0.0,0.23161036106781896,0.0,0.0,0.0,0.0,0.0,0.0,0.0,0.0,0.33332061926212364,0.1417107018131148,0.0,0.0,0.0,0.0,0.0,0.0,0.0,0.0,0.0,0.0,0.0,0.0,0.0,0.0,0.0,0.0,0.15803682987231366,0.0,0.08497343672999491,0.0,0.0,0.0,0.0,0.0,0.0,0.0,0.0,0.0,0.0,0.0,0.0,0.0,0.0,0.0,0.0,0.0,0.0,0.0,0.0,0.0,0.0,0.13118864643381414,0.0,0.0,0.0,0.0,0.0,0.3208044774012644,0.0,0.0,0.0,0.0,0.0,0.19638699205294063,0.0,0.0,0.11290030603748646,0.12431804491388375,0.11018656447857715,0.1313695390864842,0.3032349783581552,0.21444467920068988,0.29296981592760435,0.0,0.0,0.0,0.0,0.2718053216067679,0.0,0.0,0.0,0.0,0.14025225225874097,0.0,0.0,0.0,0.0,0.0,0.0,0.0,0.0,0.0,0.0,0.0,0.10110300552984572,0.0,0.2263559825941485,0.0,0.0,0.0,0.0,0.0,0.0,0.14673335643894675,0.0,0.0,0.2590560769006568,0.0,0.0,0.0
9c1ac77f687ad2bfe197e4a8f2b969d7caf4f8ddb707177b9461d7e74879ae33,0.0,0.0,0.0,0.0,0.0,0.0,0.0,0.0,0.0,0.0,0.0,0.0,0.0,0.0,0.0,0.0,0.0,0.0,0.0,0.0,0.0,0.0,0.0,0.0,0.0,0.0,0.0,0.0,0.0,0.0,0.0,0.0,0.0,0.0,0.2958630378347454,0.0,0.0,0.0,0.0,0.0,0.0,0.0,0.33138527337237084,0.0,0.0,0.0,0.0,0.0,0.0,0.0,0.0,0.0,0.0,0.0,0.0,0.0,0.0,0.0,0.0,0.0,0.2621539640904424,0.0,0.0,0.3668044502727526,0.0,0.0,0.0,0.2958630378347454,0.0,0.0,0.0,0.0,0.0,0.0,0.0,0.17181173570108008,0.0,0.0,0.0,0.15719436144303248,0.0,0.0,0.0,0.0,0.0,0.0,0.0,0.0,0.0,0.0,0.0,0.0,0.0,0.0,0.0,0.0,0.0,0.0,0.0,0.0,0.0,0.0,0.24268896608555957,0.0,0.0,0.0,0.2889433168902901,0.0,0.0,0.0,0.0,0.0,0.0,0.0,0.0,0.0,0.22581473870342084,0.20885693455800858,0.22997887855447882,0.0,0.2430236036631423,0.0,0.0,0.0,0.0,0.0,0.0,0.0,0.0,0.0,0.0,0.0,0.0,0.0,0.0,0.0,0.0,0.0,0.0,0.0,0.0,0.0,0.0,0.0,0.0,0.18703283056251208,0.0,0.0,0.0,0.0,0.0,0.0,0.0,0.0,0.2714454911492491,0.0,0.0,0.0,0.0,0.0,0.0
9c7cd86de644d67f36634e5b6df6b66d015e00b57914a094cb2341030c9bd8f1,0.0,0.0,0.0,0.0,0.0,0.0,0.0,0.0,0.0,0.0,0.0,0.0,0.0,0.0,0.0,0.0,0.0,0.0,0.0,0.0,0.0,0.0,0.0,0.0,0.0,0.0,0.4065100789221983,0.0,0.0,0.0,0.0,0.0,0.0,0.0,0.0,0.0,0.0,0.0,0.0,0.0,0.0,0.0,0.0,0.0,0.3755555712507465,0.0,0.0,0.0,0.0,0.0,0.0,0.0,0.0,0.0,0.0,0.0,0.0,0.0,0.37388813723197756,0.0,0.0,0.0,0.0,0.0,0.0,0.0,0.0,0.0,0.0,0.0,0.0,0.0,0.0,0.0,0.0,0.0,0.0,0.3128431648199968,0.0,0.16820989698237732,0.0,0.0,0.0,0.0,0.0,0.0,0.0,0.0,0.0,0.0,0.0,0.0,0.0,0.0,0.0,0.0,0.0,0.0,0.0,0.0,0.0,0.0,0.0,0.0,0.0,0.0,0.0,0.0,0.0,0.0,0.0,0.0,0.0,0.0,0.0,0.0,0.0,0.0,0.0,0.21812076071110614,0.0,0.0,0.0,0.0,0.0,0.0,0.3510590407566269,0.0,0.0,0.0,0.0,0.0,0.0,0.27763755135564033,0.0,0.0,0.0,0.0,0.0,0.0,0.0,0.0,0.37388813723197756,0.0,0.0,0.2001393235255708,0.0,0.0,0.0,0.0,0.0,0.0,0.0,0.0,0.0,0.0,0.0,0.0,0.0,0.0,0.0
9c9b76b13f64015e65a489b7f42491b92540a8f26885f6b9b22b97ac083bbde3,0.0,0.0,0.0,0.0,0.0,0.0,0.0,0.0,0.0,0.0,0.0,0.0,0.0,0.0,0.0,0.0,0.0,0.0,0.0,0.0,0.0,0.0,0.0,0.0,0.0,0.0,0.0,0.0,0.0,0.0,0.0,0.0,0.0,0.0,0.3468990280072203,0.0,0.0,0.0,0.0,0.0,0.0,0.0,0.0,0.0,0.0,0.0,0.0,0.0,0.0,0.0,0.0,0.0,0.0,0.0,0.0,0.0,0.0,0.0,0.0,0.0,0.30737518277632697,0.0,0.0,0.4300777420510803,0.0,0.0,0.0,0.3468990280072203,0.0,0.0,0.0,0.0,0.0,0.0,0.0,0.2014490372002078,0.0,0.0,0.0,0.18431018484729322,0.0,0.0,0.0,0.0,0.0,0.0,0.0,0.0,0.0,0.0,0.0,0.0,0.0,0.0,0.0,0.0,0.0,0.0,0.0,0.0,0.0,0.0,0.0,0.0,0.0,0.0,0.3387856641775232,0.0,0.0,0.0,0.0,0.0,0.0,0.0,0.0,0.0,0.0,0.24488448479735103,0.0,0.0,0.28494485999513214,0.0,0.0,0.0,0.0,0.0,0.0,0.0,0.0,0.0,0.0,0.0,0.0,0.0,0.0,0.0,0.0,0.0,0.0,0.0,0.0,0.0,0.0,0.0,0.0,0.21929575117732078,0.0,0.0,0.0,0.0,0.0,0.0,0.0,0.0,0.3182694861979094,0.0,0.0,0.0,0.0,0.0,0.0
dc20b344d15ca9f8bf167c5a179d635c56658e3069977a5c8cc93841ad26e847,0.0,0.2278872781704817,0.0,0.0,0.0,0.0,0.0,0.0,0.0,0.0,0.0,0.28612137600858073,0.10642740647754517,0.0,0.0,0.0,0.0,0.0,0.0,0.0,0.0,0.0,0.3494879721722206,0.0,0.37981136252304165,0.0,0.0,0.0,0.0,0.0,0.0,0.0,0.0,0.0,0.0,0.0,0.0,0.0,0.0,0.0,0.0,0.0,0.0,0.0,0.2066796229229712,0.0,0.0,0.22199551766248982,0.0,0.0,0.0,0.0,0.0,0.0,0.0,0.0,0.3279731843262554,0.0,0.0,0.0,0.0,0.0,0.0,0.0,0.0,0.0,0.0,0.0,0.0,0.0,0.0,0.0,0.0,0.0,0.0,0.10117911066612682,0.0,0.0,0.0,0.09257100877094357,0.0,0.0,0.0,0.0,0.0,0.0,0.0,0.0,0.0,0.0,0.0,0.0,0.0,0.0,0.0,0.0,0.0,0.0,0.0,0.13027371533239462,0.0,0.0,0.1429183731647987,0.0,0.0,0.0,0.17015733946570352,0.0,0.0,0.0,0.0,0.0,0.0,0.0,0.0,0.0,0.1329812212424573,0.12299485136334556,0.0,0.12003847107181861,0.14311543963617288,0.0,0.0,0.0,0.0,0.0,0.1931984391168459,0.0,0.0,0.0,0.0,0.0,0.0,0.0,0.0,0.0,0.0,0.0,0.0,0.0,0.0,0.0,0.20576198340267235,0.0,0.0,0.11014274074157085,0.0,0.0,0.0,0.0,0.0,0.0,0.0,0.0,0.0,0.37981136252304165,0.0,0.0,0.0,0.0,0.0
9cee5522a7ca2bfca7cd3d9daba23e9a30deb6205f56c12045839075f7627297,0.0,0.0,0.0,0.0,0.0,0.0,0.0,0.0,0.0,0.0,0.0,0.0,0.0,0.0,0.0,0.0,0.0,0.0,0.0,0.0,0.0,0.0,0.0,0.0,0.0,0.0,0.0,0.0,0.0,0.0,0.0,0.0,0.0,0.0,0.0,0.0,0.0,0.0,0.0,0.0,0.0,0.0,0.0,0.0,0.0,0.0,0.0,0.0,0.0,0.0,0.0,0.0,0.0,0.0,0.0,0.0,0.0,0.0,0.0,0.0,0.0,0.0,0.0,0.0,0.0,0.0,0.0,0.0,0.0,0.0,0.0,0.0,0.0,0.0,0.0,0.0,0.0,0.0,0.0,0.0,0.0,0.0,0.0,0.0,0.0,0.0,0.0,0.0,0.0,0.0,0.0,0.0,0.0,0.0,0.0,0.0,0.0,0.0,0.0,0.2808518787193318,0.0,0.0,0.30811198947101087,0.0,0.0,0.0,0.0,0.0,0.0,0.0,0.0,0.0,0.0,0.0,0.0,0.0,0.2866888821359044,0.0,0.0,0.0,0.0,0.0,0.0,0.0,0.0,0.0,0.0,0.0,0.0,0.0,0.0,0.0,0.0,0.0,0.0,0.0,0.0,0.0,0.8292256060668506,0.0,0.0,0.0,0.0,0.0,0.0,0.2374523178803843,0.0,0.0,0.0,0.0,0.0,0.0,0.0,0.0,0.0,0.0,0.0,0.0,0.0,0.0,0.0
9e9767d7a2b431e1d73b191eeb6a239b6be9c20dfca8e2805cceff1d77f12673,0.0,0.0,0.0,0.0,0.0,0.0,0.0,0.0,0.0,0.0,0.0,0.0,0.0,0.0,0.0,0.0,0.0,0.0,0.0,0.0,0.0,0.0,0.0,0.0,0.0,0.0,0.0,0.0,0.0,0.0,0.0,0.0,0.0,0.0,0.2958630378347454,0.0,0.0,0.0,0.0,0.0,0.0,0.0,0.33138527337237084,0.0,0.0,0.0,0.0,0.0,0.0,0.0,0.0,0.0,0.0,0.0,0.0,0.0,0.0,0.0,0.0,0.0,0.2621539640904424,0.0,0.0,0.3668044502727526,0.0,0.0,0.0,0.2958630378347454,0.0,0.0,0.0,0.0,0.0,0.0,0.0,0.17181173570108008,0.0,0.0,0.0,0.15719436144303248,0.0,0.0,0.0,0.0,0.0,0.0,0.0,0.0,0.0,0.0,0.0,0.0,0.0,0.0,0.0,0.0,0.0,0.0,0.0,0.0,0.0,0.0,0.24268896608555957,0.0,0.0,0.0,0.2889433168902901,0.0,0.0,0.0,0.0,0.0,0.0,0.0,0.0,0.0,0.22581473870342084,0.20885693455800858,0.22997887855447882,0.0,0.2430236036631423,0.0,0.0,0.0,0.0,0.0,0.0,0.0,0.0,0.0,0.0,0.0,0.0,0.0,0.0,0.0,0.0,0.0,0.0,0.0,0.0,0.0,0.0,0.0,0.0,0.18703283056251208,0.0,0.0,0.0,0.0,0.0,0.0,0.0,0.0,0.2714454911492491,0.0,0.0,0.0,0.0,0.0,0.0
9f256973ee6ddcd3d781761480c00220a140fad833dc9a6a085f45c419d1714e,0.0,0.3079679546062329,0.3626797254766613,0.0,0.0,0.0,0.0,0.0,0.0,0.0,0.0,0.0,0.0,0.0,0.0,0.0,0.0,0.0,0.0,0.0,0.0,0.0,0.0,0.0,0.0,0.0,0.0,0.0,0.0,0.0,0.0,0.0,0.0,0.0,0.0,0.5071517333106054,0.0,0.0,0.0,0.0,0.0,0.0,0.26372826913276154,0.0,0.0,0.0,0.0,0.0,0.0,0.0,0.0,0.0,0.0,0.0,0.0,0.0,0.0,0.0,0.0,0.0,0.0,0.0,0.0,0.0,0.0,0.0,0.0,0.0,0.0,0.0,0.0,0.0,0.0,0.0,0.0,0.0,0.0,0.0,0.0,0.1251009027616527,0.0,0.0,0.0,0.0,0.0,0.0,0.0,0.0,0.0,0.0,0.0,0.0,0.0,0.0,0.0,0.0,0.0,0.0,0.0,0.0,0.0,0.0,0.0,0.0,0.0,0.0,0.2299514401031576,0.0,0.0,0.0,0.0,0.0,0.0,0.0,0.0,0.0,0.0,0.16621582874464105,0.0,0.0,0.19340688769976716,0.0,0.3157130509583065,0.0,0.0,0.0,0.2610892920640392,0.0,0.0,0.0,0.0,0.0,0.0,0.0,0.0,0.0,0.0,0.0,0.0,0.0,0.0,0.0,0.0,0.0,0.0,0.0,0.0,0.0,0.0,0.0,0.0,0.0,0.0,0.0,0.0,0.0,0.0,0.3813915304984303,0.0,0.0,0.0
9feed0c7fa8c1d32390e1c168051267df61f11b048ec62aa5b8e66f60e8083af,0.0,0.0,0.0,0.0,0.0,0.0,0.0,0.0,0.0,0.0,0.0,0.4640580962721522,0.0,0.0,0.0,0.0,0.0,0.0,0.0,0.0,0.0,0.2522645109865077,0.0,0.0,0.0,0.0,0.0,0.0,0.0,0.0,0.0,0.0,0.0,0.0,0.28258609872527896,0.0,0.0,0.0,0.0,0.0,0.0,0.0,0.0,0.0,0.0,0.0,0.0,0.0,0.0,0.0,0.0,0.0,0.0,0.0,0.0,0.0,0.0,0.0,0.0,0.0,0.0,0.0,0.0,0.0,0.0,0.0,0.0,0.0,0.0,0.0,0.0,0.0,0.0,0.0,0.0,0.0,0.0,0.0,0.0,0.1501402191598172,0.0,0.0,0.0,0.0,0.0,0.0,0.0,0.0,0.0,0.0,0.0,0.0,0.0,0.0,0.0,0.0,0.0,0.0,0.0,0.0,0.0,0.0,0.0,0.0,0.0,0.0,0.0,0.0,0.0,0.0,0.0,0.0,0.0,0.0,0.0,0.0,0.0,0.0,0.21965851008473883,0.19468948857332974,0.0,0.0,0.0,0.0,0.0,0.0,0.0,0.0,0.0,0.0,0.0,0.0,0.0,0.0,0.0,0.0,0.0,0.0,0.6238414385313289,0.0,0.0,0.0,0.3337238050335768,0.0,0.0,0.17863967837620676,0.0,0.0,0.0,0.0,0.0,0.0,0.0,0.0,0.0,0.0,0.0,0.0,0.0,0.0,0.0
12d8bfa1aeb557c146b98f069f3456cc8392863a2f4ad938722cd7ca1a773b39,0.0,0.0,0.0,0.0,0.0,0.0,0.0,0.0,0.0,0.0,0.0,0.0,0.0,0.0,0.0,0.0,0.0,0.0,0.0,0.0,0.0,0.0,0.0,0.0,0.0,0.0,0.0,0.0,0.0,0.0,0.0,0.0,0.0,0.0,0.0,0.0,0.0,0.0,0.0,0.0,0.0,0.0,0.0,0.0,0.0,0.0,0.0,0.0,0.0,0.0,0.0,0.0,0.0,0.0,0.0,0.0,0.0,0.0,0.0,0.0,0.0,0.0,0.0,0.0,0.0,0.0,0.0,0.448286741686108,0.0,0.0,0.0,0.0,0.0,0.0,0.0,0.0,0.0,0.0,0.0,0.23817827538864608,0.0,0.0,0.0,0.0,0.0,0.0,0.0,0.0,0.0,0.0,0.0,0.0,0.0,0.0,0.0,0.0,0.0,0.0,0.0,0.0,0.0,0.0,0.3677182747999532,0.0,0.0,0.0,0.0,0.0,0.0,0.0,0.0,0.0,0.0,0.0,0.0,0.0,0.0,0.3164565447470808,0.348460162101753,0.30884999958161546,0.3682253120777361,0.0,0.0,0.0,0.0,0.0,0.0,0.0,0.0,0.0,0.0,0.0,0.0,0.39312332003830286,0.0,0.0,0.0,0.0,0.0,0.0,0.0,0.0,0.0,0.0,0.0,0.0,0.0,0.0,0.0,0.0,0.0,0.0,0.0,0.0,0.0,0.0,0.0,0.0,0.0,0.0,0.0
14c8e3f1f23d16c2c9a4272cd05d00461d27b372cc5f588b4bbfc6102bbed708,0.0,0.0,0.0,0.0,0.0,0.0,0.0,0.0,0.0,0.0,0.0,0.0,0.0,0.0,0.0,0.0,0.0,0.0,0.0,0.0,0.0,0.0,0.0,0.0,0.0,0.0,0.0,0.0,0.0,0.0,0.0,0.0,0.0,0.0,0.0,0.0,0.0,0.0,0.0,0.0,0.0,0.0,0.0,0.0,0.0,0.0,0.0,0.0,0.0,0.0,0.0,0.0,0.0,0.0,0.0,0.0,0.0,0.0,0.0,0.0,0.0,0.0,0.0,0.0,0.0,0.0,0.0,0.4615700576730499,0.0,0.0,0.0,0.0,0.0,0.0,0.0,0.0,0.0,0.0,0.0,0.0,0.0,0.0,0.0,0.0,0.0,0.0,0.0,0.0,0.0,0.0,0.0,0.0,0.0,0.0,0.0,0.0,0.0,0.0,0.0,0.0,0.0,0.0,0.3786142429028,0.0,0.0,0.0,0.0,0.0,0.0,0.0,0.0,0.0,0.0,0.0,0.0,0.0,0.0,0.3258335614846284,0.3587854874161912,0.3180016245473212,0.3791363043509445,0.0,0.0,0.0,0.0,0.0,0.0,0.0,0.0,0.0,0.0,0.0,0.0,0.4047720724913944,0.0,0.0,0.0,0.0,0.0,0.0,0.0,0.0,0.0,0.0,0.0,0.0,0.0,0.0,0.0,0.0,0.0,0.0,0.0,0.0,0.0,0.0,0.0,0.0,0.0,0.0,0.0
14cb7790f76528aeaaa36a1e35271b25002d592e1e3129e4caa5e8e14141b319,0.0,0.22475260050746637,0.0,0.0,0.0,0.0,0.0,0.0,0.0,0.0,0.16114331708875118,0.28218566580358045,0.10496345633299942,0.0,0.0,0.0,0.0,0.0,0.0,0.0,0.0,0.15339766629046114,0.0,0.0,0.0,0.0,0.0,0.0,0.0,0.0,0.0,0.0,0.0,0.0,0.0,0.0,0.0,0.0,0.0,0.0,0.0,0.30340450942033426,0.0,0.1819380194397499,0.20383666476146997,0.0,0.0,0.0,0.0,0.0,0.0,0.0,0.0,0.0,0.0,0.29355550592185586,0.3234617863086512,0.0,0.0,0.0,0.0,0.0,0.0,0.0,0.0,0.0,0.0,0.0,0.0,0.0,0.0,0.0,0.0,0.0,0.0,0.09978735286062265,0.0,0.0,0.0,0.09129765873680962,0.0,0.0,0.0,0.0,0.0,0.0,0.0,0.0,0.0,0.0,0.0,0.0,0.0,0.0,0.0,0.0,0.0,0.0,0.0,0.12848174998527692,0.0,0.0,0.14095247565796623,0.0,0.0,0.0,0.16781675944077457,0.0,0.0,0.0,0.0,0.0,0.0,0.3051818957348341,0.0,0.0,0.1311520131042242,0.1213030096057458,0.1335705236383442,0.11838729546872134,0.14114683140379705,0.0,0.0,0.0,0.16588653437201448,0.0,0.19054091985341448,0.0,0.0,0.0,0.0,0.0,0.0,0.0,0.0,0.0,0.0,0.0,0.0,0.0,0.0,0.0,0.20293164772773586,0.0,0.0,0.10862768473705092,0.22475260050746637,0.0,0.0,0.0,0.0,0.0,0.0,0.0,0.15765411423851222,0.0,0.0,0.0,0.0,0.0,0.0
15ef2d6ef402a46165be39d9dbc0081cf28ebca0f407306dd80ac3a73a32c07b,0.0,0.0,0.0,0.0,0.0,0.0,0.0,0.0,0.0,0.0,0.0,0.0,0.0,0.0,0.0,0.0,0.0,0.0,0.0,0.0,0.0,0.0,0.0,0.0,0.0,0.0,0.0,0.0,0.0,0.0,0.0,0.0,0.0,0.0,0.0,0.0,0.0,0.0,0.0,0.0,0.0,0.0,0.0,0.0,0.0,0.0,0.0,0.0,0.0,0.0,0.0,0.0,0.0,0.0,0.0,0.0,0.0,0.0,0.0,0.0,0.0,0.0,0.0,0.0,0.0,0.0,0.0,0.3057265819653082,0.0,0.0,0.0,0.0,0.0,0.0,0.0,0.0,0.0,0.0,0.0,0.0,0.0,0.0,0.0,0.0,0.0,0.0,0.0,0.0,0.0,0.0,0.0,0.0,0.0,0.0,0.0,0.0,0.0,0.0,0.0,0.0,0.0,0.0,0.25077978183768684,0.0,0.0,0.0,0.0,0.0,0.0,0.0,0.0,0.0,0.0,0.0,0.0,0.0,0.0,0.0,0.23764596273748675,0.21063227156111156,0.0,0.0,0.0,0.0,0.0,0.0,0.0,0.0,0.0,0.0,0.0,0.0,0.0,0.26810574070093857,0.8190961558181262,0.0,0.0,0.0,0.0,0.0,0.0,0.0,0.0,0.0,0.0,0.0,0.0,0.0,0.0,0.0,0.0,0.0,0.0,0.0,0.0,0.0,0.0,0.0,0.0,0.0,0.0
017b236bf38a1cf9a52fc0bdee2d5f23f038b00f9811c8a58b8b66b1c756b8d6,0.0,0.20160973087697298,0.23742652686502688,0.0,0.0,0.0,0.0,0.0,0.0,0.0,0.0,0.0,0.0,0.0,0.0,0.0,0.0,0.0,0.0,0.0,0.0,0.0,0.0,0.0,0.0,0.0,0.0,0.0,0.0,0.0,0.0,0.0,0.0,0.0,0.15414170312819614,0.0,0.0,0.0,0.0,0.0,0.0,0.0,0.0,0.0,0.0,0.28614367900830423,0.0,0.0,0.0,0.0,0.22322416392932504,0.0,0.0,0.0,0.0,0.0,0.0,0.0,0.0,0.0,0.1365796106280744,0.0,0.4129731725384974,0.1911014741612442,0.18203569076590226,0.0,0.0,0.15414170312819614,0.0,0.0,0.0,0.0,0.0,0.0,0.0,0.08951220724357022,0.0,0.0,0.0,0.08189670048785237,0.0,0.0,0.0,0.0,0.0,0.2770660309891587,0.0,0.0,0.0,0.0,0.0,0.0,0.0,0.0,0.0,0.0,0.0,0.0,0.0,0.0,0.0,0.0,0.0,0.0,0.0,0.0,0.0,0.0,0.0,0.0,0.0,0.0,0.0,0.0,0.0,0.0,0.0,0.10881238778088732,0.1198167107433684,0.10619690595263519,0.12661288291750672,0.0,0.20668002071655805,0.2823619026172074,0.0,0.0,0.0,0.0,0.0,0.0,0.0,0.0,0.0,0.0,0.0,0.0,0.0,0.0,0.0,0.0,0.0,0.0,0.0,0.0,0.2823619026172074,0.09744224643531083,0.20160973087697298,0.21816003710725299,0.0,0.0,0.0,0.0,0.0,0.0,0.1414204039085995,0.0,0.0,0.0,0.0,0.0,0.0
21e2829a1d9fd66d9e8586f0a3243506fa44111e55fe9807bfe618258f8966ff,0.0,0.0,0.0,0.0,0.0,0.0,0.0,0.0,0.0,0.0,0.0,0.0,0.1718844366166761,0.0,0.0,0.0,0.0,0.0,0.0,0.0,0.0,0.0,0.0,0.0,0.0,0.0,0.0,0.0,0.0,0.0,0.0,0.731878168305641,0.0,0.0,0.0,0.0,0.0,0.0,0.0,0.0,0.0,0.0,0.0,0.0,0.0,0.0,0.0,0.35853146992635954,0.0,0.0,0.0,0.0,0.0,0.0,0.0,0.0,0.0,0.0,0.0,0.0,0.0,0.0,0.0,0.0,0.3323136752539417,0.0,0.0,0.2813920482346844,0.0,0.0,0.0,0.0,0.0,0.0,0.0,0.0,0.0,0.0,0.0,0.0,0.0,0.0,0.0,0.0,0.0,0.0,0.0,0.0,0.0,0.0,0.0,0.0,0.0,0.0,0.0,0.0,0.0,0.0,0.0,0.0,0.0,0.0,0.0,0.0,0.0,0.0,0.0,0.0,0.0,0.0,0.0,0.0,0.0,0.0,0.0,0.0,0.21476988917022938,0.0,0.0,0.0,0.0,0.0,0.0,0.0,0.0,0.0,0.0,0.0,0.0,0.0,0.0,0.0,0.0,0.0,0.0,0.0,0.0,0.0,0.0,0.0,0.0,0.0,0.0,0.2655660057580901,0.0,0.0,0.0,0.0,0.0,0.0,0.0,0.0,0.0,0.0,0.0,0.0,0.0,0.0,0.0,0.0,0.0
d079f48508ae054f1bd2cfb60de81ef8e6fefa7be94d8a05e4aeccaa12152cac,0.0,0.0,0.0,0.0,0.0,0.0,0.0,0.0,0.0,0.0,0.0,0.0,0.0,0.0,0.0,0.0,0.0,0.0,0.0,0.0,0.0,0.0,0.0,0.0,0.0,0.0,0.38309426461216406,0.0,0.0,0.0,0.0,0.0,0.0,0.0,0.0,0.0,0.0,0.0,0.0,0.0,0.0,0.0,0.3341812797920477,0.0,0.3539228000711926,0.0,0.0,0.0,0.0,0.0,0.0,0.0,0.0,0.0,0.0,0.0,0.0,0.0,0.3523514136718609,0.0,0.0,0.0,0.0,0.0,0.0,0.0,0.0,0.0,0.0,0.0,0.0,0.0,0.0,0.0,0.0,0.0,0.0,0.29482275687584225,0.0,0.15852066191275146,0.0,0.0,0.0,0.0,0.0,0.0,0.0,0.0,0.0,0.0,0.0,0.0,0.0,0.0,0.0,0.0,0.0,0.0,0.0,0.22308361827862644,0.0,0.0,0.24473661262173343,0.0,0.0,0.0,0.0,0.0,0.0,0.0,0.0,0.0,0.0,0.0,0.0,0.0,0.0,0.0,0.0,0.20555655752205756,0.0,0.0,0.0,0.0,0.0,0.0,0.0,0.0,0.0,0.0,0.0,0.0,0.0,0.2616450589547803,0.0,0.0,0.0,0.0,0.0,0.0,0.0,0.0,0.3523514136718609,0.0,0.0,0.18861088799886502,0.0,0.0,0.0,0.0,0.0,0.0,0.0,0.0,0.0,0.0,0.0,0.0,0.0,0.0,0.0
23b0842149aafb9e6e909bab3937921836ad4b3dc2610e2d661c7291f7fad273,0.0,0.0,0.0,0.0,0.0,0.0,0.0,0.0,0.0,0.0,0.0,0.0,0.0,0.0,0.0,0.0,0.0,0.0,0.0,0.0,0.0,0.0,0.0,0.0,0.0,0.0,0.0,0.0,0.0,0.0,0.0,0.0,0.0,0.0,0.0,0.0,0.0,0.0,0.0,0.0,0.0,0.0,1.0,0.0,0.0,0.0,0.0,0.0,0.0,0.0,0.0,0.0,0.0,0.0,0.0,0.0,0.0,0.0,0.0,0.0,0.0,0.0,0.0,0.0,0.0,0.0,0.0,0.0,0.0,0.0,0.0,0.0,0.0,0.0,0.0,0.0,0.0,0.0,0.0,0.0,0.0,0.0,0.0,0.0,0.0,0.0,0.0,0.0,0.0,0.0,0.0,0.0,0.0,0.0,0.0,0.0,0.0,0.0,0.0,0.0,0.0,0.0,0.0,0.0,0.0,0.0,0.0,0.0,0.0,0.0,0.0,0.0,0.0,0.0,0.0,0.0,0.0,0.0,0.0,0.0,0.0,0.0,0.0,0.0,0.0,0.0,0.0,0.0,0.0,0.0,0.0,0.0,0.0,0.0,0.0,0.0,0.0,0.0,0.0,0.0,0.0,0.0,0.0,0.0,0.0,0.0,0.0,0.0,0.0,0.0,0.0,0.0,0.0,0.0,0.0,0.0,0.0,0.0,0.0,0.0,0.0
24af6536df79d1e84d9a8cbfae9fff2746db52a91ccd1f8c9cb66475c28db643,0.0,0.2278872781704817,0.0,0.0,0.0,0.0,0.0,0.0,0.0,0.0,0.0,0.28612137600858073,0.10642740647754517,0.0,0.0,0.0,0.0,0.0,0.0,0.0,0.0,0.0,0.3494879721722206,0.0,0.37981136252304165,0.0,0.0,0.0,0.0,0.0,0.0,0.0,0.0,0.0,0.0,0.0,0.0,0.0,0.0,0.0,0.0,0.0,0.0,0.0,0.2066796229229712,0.0,0.0,0.22199551766248982,0.0,0.0,0.0,0.0,0.0,0.0,0.0,0.0,0.3279731843262554,0.0,0.0,0.0,0.0,0.0,0.0,0.0,0.0,0.0,0.0,0.0,0.0,0.0,0.0,0.0,0.0,0.0,0.0,0.10117911066612682,0.0,0.0,0.0,0.09257100877094357,0.0,0.0,0.0,0.0,0.0,0.0,0.0,0.0,0.0,0.0,0.0,0.0,0.0,0.0,0.0,0.0,0.0,0.0,0.0,0.13027371533239462,0.0,0.0,0.1429183731647987,0.0,0.0,0.0,0.17015733946570352,0.0,0.0,0.0,0.0,0.0,0.0,0.0,0.0,0.0,0.1329812212424573,0.12299485136334556,0.0,0.12003847107181861,0.14311543963617288,0.0,0.0,0.0,0.0,0.0,0.1931984391168459,0.0,0.0,0.0,0.0,0.0,0.0,0.0,0.0,0.0,0.0,0.0,0.0,0.0,0.0,0.0,0.20576198340267235,0.0,0.0,0.11014274074157085,0.0,0.0,0.0,0.0,0.0,0.0,0.0,0.0,0.0,0.37981136252304165,0.0,0.0,0.0,0.0,0.0
24b6a4ab640619edb4c457633d0644aa379ec958a9d9dcf0f07f374a7e53fe05,0.0,0.0,0.0,0.0,0.0,0.0,0.0,0.0,0.0,0.0,0.0,0.0,0.0,0.0,0.0,0.0,0.0,0.0,0.0,0.0,0.0,0.0,0.0,0.0,0.0,0.0,0.0,0.0,0.0,0.0,0.0,0.0,0.0,0.0,0.3468990280072203,0.0,0.0,0.0,0.0,0.0,0.0,0.0,0.0,0.0,0.0,0.0,0.0,0.0,0.0,0.0,0.0,0.0,0.0,0.0,0.0,0.0,0.0,0.0,0.0,0.0,0.30737518277632697,0.0,0.0,0.4300777420510803,0.0,0.0,0.0,0.3468990280072203,0.0,0.0,0.0,0.0,0.0,0.0,0.0,0.2014490372002078,0.0,0.0,0.0,0.18431018484729322,0.0,0.0,0.0,0.0,0.0,0.0,0.0,0.0,0.0,0.0,0.0,0.0,0.0,0.0,0.0,0.0,0.0,0.0,0.0,0.0,0.0,0.0,0.0,0.0,0.0,0.0,0.3387856641775232,0.0,0.0,0.0,0.0,0.0,0.0,0.0,0.0,0.0,0.0,0.24488448479735103,0.0,0.0,0.28494485999513214,0.0,0.0,0.0,0.0,0.0,0.0,0.0,0.0,0.0,0.0,0.0,0.0,0.0,0.0,0.0,0.0,0.0,0.0,0.0,0.0,0.0,0.0,0.0,0.0,0.21929575117732078,0.0,0.0,0.0,0.0,0.0,0.0,0.0,0.0,0.3182694861979094,0.0,0.0,0.0,0.0,0.0,0.0
26b8405b53da2fa69471859793721f24e5c407bb4d2af8537e21e244c4363f55,0.4577579256943055,0.0,0.0,0.0,0.0,0.0,0.0,0.0,0.0,0.0,0.18636573581314586,0.0,0.12139251025977524,0.0,0.0,0.0,0.0,0.0,0.0,0.0,0.0,0.1774077229308619,0.0,0.0,0.0,0.0,0.0,0.0,0.0,0.0,0.0,0.0,0.0,0.0,0.0,0.0,0.0,0.0,0.0,0.0,0.0,0.0,0.0,0.21041525939670727,0.0,0.0,0.0,0.0,0.2991888761704189,0.0,0.0,0.0,0.0,0.0,0.0,0.0,0.0,0.0,0.0,0.0,0.0,0.0,0.0,0.0,0.0,0.0,0.0,0.0,0.0,0.0,0.0,0.0,0.0,0.0,0.0,0.11540623450411865,0.2463831718630702,0.19637605691983526,0.0,0.10558771940341762,0.0,0.0,0.0,0.0,0.0,0.0,0.0,0.0,0.0,0.0,0.0,0.0,0.0,0.0,0.0,0.0,0.0,0.0,0.0,0.1485919261633361,0.0,0.0,0.0,0.0,0.0,0.0,0.0,0.0,0.0,0.0,0.0,0.0,0.0,0.0,0.0,0.0,0.15168014328563373,0.14028955745693789,0.1544772030918116,0.13691747091692902,0.1632393670894524,0.0,0.0,0.0,0.19185136931683092,0.0,0.0,0.0,0.0,0.0,0.0,0.0,0.0,0.17427699793111773,0.0,0.0,0.0,0.0,0.0,0.0,0.0,0.0,0.0,0.0,0.0,0.0,0.2599312495622936,0.0,0.0,0.0,0.0,0.0,0.0,0.0,0.0,0.0,0.4280464307582239,0.0,0.0,0.0,0.0
26f410656c8f990f26ad3f78cb5cdbf983dcc22cf13c34b0f441ceacd25126ad,0.0,0.0,0.0,0.0,0.0,0.0,0.0,0.0,0.0,0.0,0.0,0.0,0.0,0.0,0.0,0.0,0.0,0.0,0.0,0.0,0.0,0.0,0.0,0.0,0.0,0.0,0.0,0.0,0.0,0.0,0.0,0.0,0.0,0.0,0.3135818144794954,0.0,0.0,0.0,0.0,0.0,0.0,0.0,0.0,0.0,0.0,0.0,0.0,0.0,0.0,0.0,0.0,0.0,0.0,0.0,0.0,0.0,0.0,0.0,0.0,0.0,0.277853956797368,0.0,0.0,0.38877179764486136,0.0,0.0,0.0,0.3135818144794954,0.0,0.0,0.0,0.0,0.0,0.0,0.0,0.1821012730225168,0.0,0.0,0.0,0.16660848698100833,0.0,0.0,0.0,0.0,0.0,0.0,0.0,0.0,0.0,0.0,0.0,0.0,0.0,0.0,0.0,0.0,0.0,0.0,0.0,0.0,0.0,0.0,0.2572232303711078,0.0,0.0,0.0,0.30624768222244053,0.0,0.0,0.0,0.0,0.0,0.0,0.0,0.0,0.0,0.239338431786074,0.22136505115555244,0.24375195548878975,0.0,0.25757790887214455,0.0,0.0,0.0,0.0,0.0,0.0,0.0,0.0,0.0,0.0,0.0,0.0,0.0,0.0,0.0,0.0,0.0,0.0,0.0,0.0,0.0,0.0,0.0,0.0,0.19823393555428723,0.0,0.0,0.0,0.0,0.0,0.0,0.0,0.0,0.2877019389438008,0.0,0.0,0.0,0.0,0.0,0.0
27d3e4db70a4947d13b65667f4c8815a042f3a452ce2c58bbac2f44e9700795c,0.0,0.0,0.0,0.0,0.0,0.0,0.0,0.0,0.0,0.0,0.0,0.0,0.0,0.0,0.0,0.0,0.0,0.0,0.0,0.0,0.0,0.0,0.0,0.0,0.0,0.0,0.0,0.0,0.0,0.0,0.0,0.0,0.0,0.0,0.3468990280072203,0.0,0.0,0.0,0.0,0.0,0.0,0.0,0.0,0.0,0.0,0.0,0.0,0.0,0.0,0.0,0.0,0.0,0.0,0.0,0.0,0.0,0.0,0.0,0.0,0.0,0.30737518277632697,0.0,0.0,0.4300777420510803,0.0,0.0,0.0,0.3468990280072203,0.0,0.0,0.0,0.0,0.0,0.0,0.0,0.2014490372002078,0.0,0.0,0.0,0.18431018484729322,0.0,0.0,0.0,0.0,0.0,0.0,0.0,0.0,0.0,0.0,0.0,0.0,0.0,0.0,0.0,0.0,0.0,0.0,0.0,0.0,0.0,0.0,0.0,0.0,0.0,0.0,0.3387856641775232,0.0,0.0,0.0,0.0,0.0,0.0,0.0,0.0,0.0,0.0,0.24488448479735103,0.0,0.0,0.28494485999513214,0.0,0.0,0.0,0.0,0.0,0.0,0.0,0.0,0.0,0.0,0.0,0.0,0.0,0.0,0.0,0.0,0.0,0.0,0.0,0.0,0.0,0.0,0.0,0.0,0.21929575117732078,0.0,0.0,0.0,0.0,0.0,0.0,0.0,0.0,0.3182694861979094,0.0,0.0,0.0,0.0,0.0,0.0
28dbc28a9cc80258bbc6d96c50d7d1b55da2c40b219323375d3113b29a11a138,0.0,0.0,0.0,0.0,0.0,0.0,0.0,0.0,0.0,0.0,0.0,0.0,0.0,0.0,0.0,0.0,0.0,0.0,0.0,0.0,0.0,0.0,0.0,0.0,0.0,0.0,0.0,0.0,0.0,0.0,0.0,0.0,0.0,0.0,0.3349358986844229,0.0,0.0,0.0,0.0,0.0,0.0,0.0,0.0,0.0,0.0,0.0,0.0,0.0,0.0,0.0,0.0,0.0,0.0,0.0,0.0,0.0,0.0,0.0,0.0,0.0,0.29677506929865205,0.0,0.0,0.41524611892267344,0.0,0.0,0.0,0.3349358986844229,0.0,0.0,0.0,0.0,0.0,0.0,0.0,0.1945018834482263,0.0,0.0,0.0,0.17795408004785587,0.0,0.0,0.0,0.0,0.0,0.0,0.0,0.0,0.0,0.0,0.0,0.0,0.0,0.0,0.0,0.0,0.0,0.0,0.0,0.0,0.0,0.0,0.0,0.0,0.0,0.0,0.3271023316050804,0.0,0.0,0.0,0.0,0.0,0.0,0.0,0.0,0.0,0.0,0.23643942002560328,0.2603508127639259,0.0,0.27511827665308486,0.0,0.0,0.0,0.0,0.0,0.0,0.0,0.0,0.0,0.0,0.0,0.0,0.0,0.0,0.0,0.0,0.0,0.0,0.0,0.0,0.0,0.0,0.0,0.0,0.21173313721917597,0.0,0.0,0.0,0.0,0.0,0.0,0.0,0.0,0.30729367273207686,0.0,0.0,0.0,0.0,0.0,0.0
30dcc7a8ae98e52ee5547379048ca1fc90925e09a2a81c055021ba225c1d064c,0.0,0.20661847166005579,0.0,0.0,0.0,0.0,0.0,0.0,0.0,0.0,0.0,0.0,0.09649449607574566,0.0,0.0,0.0,0.0,0.0,0.0,0.0,0.0,0.14102079928593053,0.0,0.0,0.0,0.0,0.0,0.0,0.0,0.0,0.0,0.0,0.0,0.0,0.0,0.0,0.0,0.0,0.0,0.0,0.0,0.0,0.0,0.0,0.0,0.0,0.0,0.0,0.0,0.0,0.22876988817973162,0.0,0.0,0.0,0.0,0.0,0.0,0.0,0.0,0.3292327702656907,0.1399727596735828,0.0,0.0,0.0,0.0,0.0,0.0,0.0,0.0,0.0,0.0,0.0,0.0,0.0,0.0,0.0917360257123237,0.0,0.0,0.0,0.08393132124722304,0.0,0.0,0.0,0.0,0.0,0.0,0.0,0.0,0.0,0.0,0.0,0.0,0.0,0.0,0.0,0.0,0.0,0.0,0.0,0.0,0.0,0.0,0.0,0.0,0.0,0.42323297281011674,0.0,0.0,0.316870126553426,0.0,0.0,0.0,0.0,0.0,0.19397849908255896,0.0,0.1205700331900462,0.11151569501716022,0.0,0.0,0.1297584211193289,0.29951610010601226,0.21181472648848895,0.28937682977908474,0.0,0.0,0.0,0.0,0.2684718971291133,0.0,0.0,0.0,0.0,0.0,0.0,0.0,0.0,0.0,0.0,0.0,0.0,0.0,0.0,0.0,0.0,0.09986307677714375,0.0,0.22357994948124824,0.0,0.0,0.0,0.0,0.0,0.0,0.1449338163889192,0.0,0.0,0.0,0.0,0.0,0.0
33d32078ebe0c9429e405fdeb347dfb1ba5543e61d1179d13edffc7943b57640,0.0,0.0,0.0,0.0,0.0,0.0,0.0,0.0,0.0,0.0,0.0,0.0,0.0,0.0,0.0,0.0,0.0,0.5257054615323886,0.0,0.0,0.0,0.0,0.0,0.0,0.0,0.0,0.0,0.0,0.0,0.0,0.0,0.0,0.0,0.0,0.0,0.0,0.0,0.0,0.0,0.0,0.0,0.0,0.0,0.0,0.0,0.0,0.0,0.0,0.0,0.0,0.0,0.0,0.0,0.0,0.0,0.0,0.0,0.0,0.0,0.0,0.3891598543498933,0.0,0.0,0.0,0.0,0.0,0.0,0.0,0.0,0.0,0.0,0.0,0.0,0.0,0.0,0.0,0.0,0.0,0.0,0.23335040923771894,0.0,0.0,0.0,0.0,0.0,0.0,0.0,0.0,0.0,0.0,0.0,0.0,0.0,0.0,0.0,0.0,0.0,0.0,0.0,0.3283903372053804,0.0,0.0,0.3602646369352605,0.0,0.0,0.0,0.42892786117705667,0.0,0.0,0.0,0.0,0.0,0.0,0.0,0.0,0.0,0.0,0.3100419805382721,0.0,0.0,0.0,0.0,0.0,0.0,0.0,0.0,0.0,0.0,0.0,0.0,0.0,0.0,0.0,0.0,0.0,0.0,0.0,0.0,0.0,0.0,0.0,0.0,0.0,0.0,0.0,0.0,0.0,0.0,0.0,0.0,0.0,0.0,0.0,0.0,0.0,0.0,0.0,0.0,0.0,0.0,0.0
33f1b0ff64ac9ed2e5bf583bd5195cc4f3ecf25d60be43690a2d88729c1eb626,0.0,0.0,0.0,0.0,0.0,0.0,0.0,0.0,0.0,0.0,0.0,0.0,0.0,0.0,0.0,0.0,0.0,0.0,0.0,0.0,0.0,0.0,0.0,0.0,0.0,0.0,0.0,0.0,0.0,0.0,0.0,0.0,0.0,0.0,0.3349358986844229,0.0,0.0,0.0,0.0,0.0,0.0,0.0,0.0,0.0,0.0,0.0,0.0,0.0,0.0,0.0,0.0,0.0,0.0,0.0,0.0,0.0,0.0,0.0,0.0,0.0,0.29677506929865205,0.0,0.0,0.41524611892267344,0.0,0.0,0.0,0.3349358986844229,0.0,0.0,0.0,0.0,0.0,0.0,0.0,0.1945018834482263,0.0,0.0,0.0,0.17795408004785587,0.0,0.0,0.0,0.0,0.0,0.0,0.0,0.0,0.0,0.0,0.0,0.0,0.0,0.0,0.0,0.0,0.0,0.0,0.0,0.0,0.0,0.0,0.0,0.0,0.0,0.0,0.3271023316050804,0.0,0.0,0.0,0.0,0.0,0.0,0.0,0.0,0.0,0.0,0.23643942002560328,0.2603508127639259,0.0,0.27511827665308486,0.0,0.0,0.0,0.0,0.0,0.0,0.0,0.0,0.0,0.0,0.0,0.0,0.0,0.0,0.0,0.0,0.0,0.0,0.0,0.0,0.0,0.0,0.0,0.0,0.21173313721917597,0.0,0.0,0.0,0.0,0.0,0.0,0.0,0.0,0.30729367273207686,0.0,0.0,0.0,0.0,0.0,0.0
a07c0e1563f9d8402a8dc658421e2964425f3492cffafc718d1291c47ade6b92,0.0,0.0,0.0,0.0,0.0,0.0,0.0,0.0,0.0,0.0,0.0,0.0,0.12757623343637697,0.0,0.0,0.0,0.0,0.0,0.0,0.0,0.0,0.0,0.0,0.0,0.0,0.0,0.0,0.0,0.0,0.0,0.0,0.0,0.0,0.0,0.0,0.0,0.0,0.0,0.0,0.0,0.0,0.0,0.0,0.0,0.0,0.0,0.0,0.0,0.0,0.0,0.0,0.0,0.0,0.0,0.0,0.0,0.0,0.0,0.0,0.0,0.0,0.0,0.0,0.0,0.24665017870608114,0.0,0.0,0.0,0.0,0.0,0.0,0.0,0.0,0.0,0.0,0.0,0.0,0.0,0.0,0.0,0.5068661919479504,0.0,0.0,0.0,0.0,0.0,0.0,0.0,0.0,0.0,0.0,0.0,0.0,0.0,0.6417037103040416,0.0,0.0,0.0,0.0,0.0,0.0,0.0,0.0,0.0,0.0,0.0,0.2039703228619928,0.0,0.0,0.0,0.0,0.0,0.0,0.0,0.0,0.0,0.0,0.0,0.0,0.0,0.0,0.0,0.0,0.0,0.0,0.0,0.0,0.0,0.0,0.0,0.0,0.0,0.0,0.0,0.0,0.0,0.0,0.0,0.0,0.0,0.0,0.0,0.0,0.0,0.0,0.0,0.0,0.0,0.46107170054149926,0.0,0.0,0.0,0.0,0.0,0.0,0.0,0.0,0.0,0.0,0.0,0.0
34c485ad11076ede709ff409c0e1867dc50fd40311ae6e7318ddf50679fa4049,0.0,0.0,0.0,0.0,0.340240021134187,0.0,0.0,0.0,0.0,0.0,0.0,0.0,0.12228948256865498,0.0,0.0,0.0,0.0,0.0,0.0,0.0,0.0,0.0,0.0,0.0,0.0,0.0,0.0,0.0,0.0,0.0,0.0,0.0,0.0,0.0,0.0,0.0,0.0,0.0,0.0,0.0,0.0,0.0,0.2242367888741925,0.0,0.0,0.0,0.0,0.0,0.0,0.0,0.2899248391413733,0.0,0.0,0.0,0.0,0.0,0.0,0.0,0.0,0.0,0.17739039064728193,0.0,0.0,0.0,0.0,0.0,0.0,0.0,0.0,0.0,0.0,0.0,0.0,0.0,0.0,0.0,0.0,0.0,0.0,0.10636790971548839,0.0,0.0,0.0,0.0,0.0,0.0,0.0,0.0,0.0,0.0,0.0,0.0,0.0,0.0,0.0,0.0,0.0,0.0,0.0,0.14968987563984332,0.0,0.0,0.0,0.0,0.0,0.0,0.1955178058662002,0.0,0.0,0.0,0.0,0.0,0.0,0.0,0.2458329878590139,0.2798033913101791,0.0,0.14132616052243657,0.15561863902743917,0.1379291575502437,0.0,0.0,0.26843720995615683,0.0,0.1932689639059007,0.0,0.22199298032932605,0.0,0.0,0.0,0.0,0.0,0.0,0.0,0.0,0.0,0.0,0.0,0.0,0.0,0.0,0.0,0.0,0.18894048857027518,0.0,0.12655855497918256,0.0,0.28334752184544826,0.0,0.0,0.0,0.0,0.0,0.0,0.1836776410437813,0.0,0.0,0.32428079243840807,0.0,0.0,0.0
34c392448fc0818278cd19bb0841adf573e967be8a0f73bb42bb367a5835b6ea,0.0,0.0,0.277888380464079,0.0,0.30660718295138395,0.0,0.0,0.0,0.0,0.0,0.0,0.0,0.11020112692789338,0.0,0.0,0.0,0.0,0.0,0.0,0.0,0.0,0.0,0.0,0.0,0.0,0.0,0.0,0.0,0.0,0.0,0.0,0.0,0.0,0.0,0.0,0.0,0.0,0.0,0.0,0.0,0.0,0.0,0.0,0.0,0.0,0.0,0.0,0.0,0.0,0.0,0.26126567327513517,0.0,0.0,0.0,0.0,0.0,0.0,0.0,0.0,0.0,0.15985529208969254,0.0,0.0,0.0,0.0,0.0,0.0,0.0,0.0,0.0,0.0,0.0,0.0,0.0,0.0,0.0,0.0,0.0,0.0,0.0958534067967,0.0,0.0,0.0,0.0,0.0,0.0,0.0,0.0,0.0,0.0,0.0,0.0,0.0,0.0,0.0,0.0,0.0,0.0,0.0,0.1348929821168053,0.0,0.0,0.0,0.0,0.0,0.0,0.17619080634205786,0.0,0.0,0.0,0.0,0.0,0.0,0.0,0.22153231601830656,0.25214473389661357,0.0,0.12735602299421983,0.14023568529027808,0.12429481488498698,0.0,0.0,0.24190210331407871,0.0,0.1741642631504256,0.0,0.2000489010871319,0.0,0.0,0.0,0.0,0.0,0.0,0.1582101031482111,0.0,0.0,0.0,0.0,0.0,0.0,0.3556817883586067,0.0,0.0,0.1702636590277634,0.0,0.11404820012417417,0.0,0.2553385259608407,0.0,0.0,0.0,0.0,0.0,0.0,0.16552104571313347,0.0,0.0,0.2922255292700263,0.0,0.0,0.0
34c1121937c35b39b654428cf3fc6b16e3e2eed03c1ccbcfc77183d1749ebadc,0.0,0.0,0.0,0.0,0.0,0.0,0.0,0.0,0.0,0.0,0.0,0.0,0.22987509481077967,0.0,0.0,0.0,0.0,0.4504507981774936,0.0,0.0,0.0,0.0,0.0,0.0,0.0,0.0,0.0,0.0,0.0,0.0,0.0,0.0,0.0,0.0,0.0,0.0,0.0,0.0,0.0,0.0,0.0,0.0,0.0,0.0,0.0,0.0,0.0,0.0,0.0,0.0,0.0,0.0,0.0,0.0,0.0,0.0,0.0,0.0,0.0,0.0,0.0,0.0,0.0,0.0,0.0,0.0,0.0,0.3763285672640816,0.0,0.0,0.0,0.0,0.0,0.0,0.0,0.0,0.0,0.0,0.0,0.19994633076434054,0.0,0.0,0.0,0.0,0.0,0.0,0.0,0.0,0.0,0.0,0.0,0.0,0.0,0.0,0.0,0.0,0.0,0.0,0.0,0.0,0.0,0.0,0.3086928045023077,0.0,0.0,0.0,0.3675268977890706,0.0,0.0,0.0,0.0,0.0,0.0,0.0,0.0,0.0,0.0,0.2656595143503018,0.29252596911327766,0.25927395801378744,0.0,0.0,0.0,0.0,0.0,0.0,0.0,0.0,0.0,0.0,0.0,0.0,0.0,0.3300198779728893,0.0,0.0,0.0,0.0,0.0,0.0,0.0,0.0,0.0,0.0,0.0,0.0,0.0,0.0,0.0,0.0,0.0,0.0,0.0,0.0,0.0,0.0,0.0,0.0,0.0,0.0,0.0
34e1a82f7334c825aab19a21d94361c3225ee8ad9a2027830aeea7d82f59ca15,0.0,0.0,0.0,0.0,0.0,0.0,0.0,0.0,0.0,0.0,0.0,0.0,0.0,0.0,0.0,0.0,0.0,0.5406308120175433,0.0,0.0,0.0,0.0,0.0,0.0,0.0,0.0,0.0,0.0,0.0,0.0,0.0,0.0,0.0,0.0,0.0,0.0,0.0,0.0,0.0,0.0,0.0,0.0,0.0,0.0,0.0,0.0,0.0,0.0,0.0,0.0,0.0,0.0,0.0,0.0,0.0,0.0,0.0,0.0,0.0,0.0,0.40020852636481413,0.0,0.0,0.0,0.0,0.0,0.0,0.0,0.0,0.0,0.0,0.0,0.0,0.0,0.0,0.0,0.0,0.0,0.0,0.0,0.0,0.0,0.0,0.0,0.0,0.0,0.0,0.0,0.0,0.0,0.0,0.0,0.0,0.0,0.0,0.0,0.0,0.0,0.0,0.3377136964576154,0.0,0.0,0.37049294226424084,0.0,0.0,0.0,0.44110559020854584,0.0,0.0,0.0,0.0,0.0,0.0,0.0,0.0,0.0,0.0,0.3188444099654964,0.0,0.0,0.0,0.0,0.0,0.0,0.0,0.0,0.0,0.0,0.0,0.0,0.0,0.0,0.0,0.0,0.0,0.0,0.0,0.0,0.0,0.0,0.0,0.0,0.0,0.0,0.0,0.0,0.0,0.0,0.0,0.0,0.0,0.0,0.0,0.0,0.0,0.0,0.0,0.0,0.0,0.0,0.0
38da8fbce28210c11fbec12da0f3b4d4b233b46dd1510778122c51dc5f70f697,0.0,0.0,0.0,0.0,0.0,0.0,0.0,0.0,0.0,0.0,0.0,0.0,0.0,0.0,0.0,0.0,0.0,0.0,0.0,0.0,0.0,0.0,0.0,0.0,0.0,0.0,0.0,0.0,0.0,0.0,0.0,0.0,0.0,0.0,0.0,0.0,0.0,0.0,0.0,0.0,0.0,0.0,0.3606866087870429,0.0,0.0,0.0,0.0,0.0,0.0,0.0,0.0,0.0,0.0,0.0,0.0,0.0,0.0,0.0,0.0,0.0,0.2853338150051463,0.0,0.0,0.3992375759806629,0.0,0.0,0.0,0.32202347043386786,0.0,0.0,0.0,0.0,0.0,0.0,0.0,0.18700345875117888,0.0,0.0,0.0,0.17109360525391185,0.0,0.0,0.0,0.0,0.0,0.0,0.0,0.0,0.0,0.0,0.0,0.0,0.0,0.0,0.0,0.0,0.0,0.0,0.0,0.0,0.0,0.0,0.0,0.0,0.0,0.0,0.31449190255274573,0.0,0.0,0.0,0.0,0.0,0.0,0.0,0.0,0.0,0.0,0.22732422198718696,0.2503137841772848,0.22186011643951445,0.26451193370312703,0.0,0.0,0.0,0.0,0.0,0.0,0.0,0.0,0.0,0.0,0.0,0.0,0.0,0.0,0.0,0.0,0.0,0.0,0.0,0.0,0.0,0.0,0.0,0.0,0.20357041428220135,0.0,0.0,0.0,0.0,0.0,0.0,0.0,0.0,0.2954469058832923,0.0,0.0,0.0,0.0,0.0,0.0
40a68110241e86f1cdece1dc5a6dfb72e028b40e8d55447cc3a961341b932784,0.0,0.0,0.0,0.0,0.31984888406542133,0.0,0.0,0.0,0.0,0.0,0.0,0.0,0.11496047526136229,0.0,0.0,0.0,0.0,0.0,0.0,0.0,0.0,0.0,0.0,0.0,0.0,0.0,0.0,0.0,0.0,0.0,0.0,0.0,0.0,0.0,0.0,0.0,0.0,0.0,0.0,0.0,0.0,0.0,0.21079791392188285,0.0,0.0,0.0,0.0,0.0,0.0,0.0,0.27254917264904144,0.0,0.0,0.0,0.0,0.0,0.0,0.0,0.0,0.0,0.16675909642647646,0.0,0.0,0.0,0.0,0.0,0.0,0.0,0.0,0.0,0.0,0.0,0.0,0.0,0.0,0.0,0.0,0.0,0.0,0.09999310812837234,0.0,0.0,0.0,0.0,0.0,0.0,0.0,0.0,0.0,0.0,0.0,0.0,0.0,0.0,0.0,0.0,0.0,0.0,0.0,0.1407187182733361,0.0,0.0,0.0,0.0,0.0,0.0,0.1838001062096109,0.0,0.0,0.0,0.0,0.0,0.0,0.0,0.2310998176259908,0.2630343196251608,0.0,0.13285625418687697,0.0,0.12966283912006363,0.0,0.0,0.25234933198011406,0.0,0.18168604100045782,0.0,0.20868858046740088,0.0,0.0,0.0,0.0,0.0,0.0,0.0,0.0,0.0,0.0,0.0,0.0,0.0,0.37104291554360735,0.0,0.0,0.17761697822180691,0.0,0.1189736952286959,0.0,0.2663660446612374,0.0,0.0,0.0,0.0,0.0,0.0,0.17266954169525067,0.0,0.0,0.30484611786562565,0.0,0.0,0.0
41e99d281f1093e49ef23383633e481b3a18afd2386f94371fb215dec16ba2a0,0.0,0.0,0.0,0.0,0.0,0.0,0.0,0.0,0.0,0.0,0.2094910767956314,0.0,0.13645559672375793,0.0,0.0,0.0,0.0,0.0,0.0,0.0,0.0,0.19942150173951512,0.0,0.0,0.0,0.0,0.0,0.0,0.0,0.0,0.0,0.0,0.0,0.0,0.0,0.0,0.0,0.0,0.0,0.0,0.0,0.39443483311262323,0.0,0.23652480469609463,0.0,0.0,0.0,0.0,0.0,0.0,0.0,0.0,0.0,0.0,0.0,0.3816308373557046,0.0,0.0,0.0,0.0,0.0,0.0,0.0,0.0,0.0,0.0,0.0,0.0,0.0,0.0,0.0,0.0,0.0,0.0,0.0,0.12972650916602446,0.0,0.0,0.0,0.11868965578734167,0.0,0.0,0.0,0.0,0.0,0.0,0.0,0.0,0.0,0.0,0.0,0.0,0.0,0.0,0.0,0.0,0.0,0.0,0.0,0.16703007384525068,0.0,0.0,0.0,0.0,0.0,0.0,0.21816674916924256,0.0,0.0,0.0,0.0,0.0,0.0,0.39674548787406966,0.0,0.0,0.1705014948524764,0.0,0.17364563005577083,0.15390698450749637,0.0,0.0,0.0,0.0,0.2156573995082215,0.0,0.0,0.0,0.0,0.0,0.0,0.0,0.0,0.0,0.0,0.0,0.0,0.0,0.0,0.0,0.0,0.0,0.0,0.0,0.0,0.1412192019905349,0.2921850259976697,0.0,0.0,0.0,0.0,0.0,0.0,0.0,0.20495500992385185,0.0,0.0,0.0,0.0,0.0,0.0
041fd213326dd5c10a16caf88ff076bb98c68c052284430fba5f601023d39a14,0.0,0.20590630838447033,0.0,0.0,0.0,0.0,0.0,0.0,0.0,0.0,0.0,0.0,0.09616190317710911,0.0,0.0,0.0,0.0,0.0,0.0,0.0,0.0,0.14053473512362086,0.0,0.0,0.0,0.0,0.0,0.0,0.0,0.0,0.0,0.0,0.0,0.0,0.15742667241885047,0.0,0.0,0.0,0.0,0.0,0.0,0.0,0.1763278078174889,0.0,0.0,0.0,0.0,0.0,0.0,0.0,0.2279813743957876,0.0,0.0,0.0,0.0,0.0,0.0,0.0,0.0,0.3280979855283016,0.1394903078471755,0.0,0.0,0.0,0.0,0.0,0.0,0.0,0.0,0.0,0.0,0.0,0.0,0.0,0.0,0.0,0.0,0.15556062998793638,0.0,0.08364203053578084,0.0,0.0,0.0,0.0,0.0,0.0,0.0,0.0,0.0,0.0,0.0,0.0,0.0,0.0,0.0,0.0,0.0,0.0,0.0,0.0,0.0,0.0,0.129133117280303,0.0,0.0,0.0,0.0,0.0,0.3157779528215791,0.0,0.0,0.0,0.0,0.0,0.1933099026972025,0.0,0.0,0.11113132772412712,0.12237016777226754,0.10846010642166581,0.12931117561665584,0.2984837414537179,0.21108465299495605,0.28837941870872763,0.0,0.0,0.0,0.0,0.2675465402424517,0.0,0.0,0.0,0.0,0.13805471000794195,0.0,0.0,0.0,0.0,0.0,0.0,0.0,0.0,0.0,0.0,0.0,0.0995188732057193,0.0,0.22280932414509838,0.0,0.0,0.0,0.0,0.0,0.0,0.1444342650148656,0.0,0.0,0.2549970570621361,0.0,0.0,0.0
42a1d242616debc2ef4264d0878adfdeb439dbfc69011d75472f0522066d7b0a,0.0,0.0,0.0,0.0,0.0,0.0,0.0,0.0,0.0,0.0,0.0,0.35712154131494095,0.13283704968017776,0.44867682690263627,0.0,0.0,0.0,0.0,0.0,0.0,0.0,0.0,0.0,0.4580190947873394,0.0,0.0,0.0,0.0,0.0,0.0,0.0,0.0,0.0,0.0,0.2174675626643165,0.0,0.0,0.0,0.0,0.0,0.0,0.0,0.0,0.0,0.0,0.0,0.0,0.0,0.0,0.0,0.0,0.0,0.0,0.0,0.0,0.0,0.0,0.0,0.0,0.0,0.0,0.0,0.0,0.0,0.0,0.0,0.0,0.0,0.0,0.0,0.0,0.0,0.0,0.0,0.0,0.12628640493074714,0.0,0.0,0.0,0.11554222824780083,0.0,0.0,0.0,0.0,0.0,0.0,0.0,0.0,0.27708304265340516,0.0,0.0,0.0,0.0,0.0,0.0,0.0,0.0,0.0,0.0,0.1626007488896369,0.0,0.0,0.17838314081540743,0.0,0.0,0.0,0.21238137528815493,0.0,0.0,0.0,0.0,0.0,0.0,0.0,0.0,0.0,0.16598011430863968,0.15351565655605806,0.16904087293070433,0.1498256593207884,0.0,0.0,0.0,0.0,0.0,0.0,0.0,0.0,0.0,0.0,0.0,0.0,0.0,0.0,0.0,0.0,0.0,0.0,0.0,0.0,0.0,0.0,0.25682120532853137,0.0,0.0,0.13747433305053758,0.0,0.0,0.0,0.0,0.0,0.0,0.0,0.0,0.0,0.0,0.0,0.0,0.0,0.0,0.0
43bef6cb68e3b49bbc9e40c3b1642d6e7b0c465bc04d3082662bb2e8a66bd9e0,0.0,0.0,0.0,0.0,0.0,0.0,0.0,0.0,0.0,0.0,0.0,0.31188561835180023,0.0,0.0,0.0,0.0,0.0,0.0,0.0,0.0,0.0,0.0,0.0,0.0,0.0,0.0,0.0,0.0,0.0,0.0,0.0,0.0,0.0,0.0,0.0,0.0,0.0,0.0,0.0,0.0,0.0,0.0,0.0,0.20108693874679542,0.0,0.0,0.0,0.0,0.0,0.0,0.0,0.0,0.0,0.0,0.0,0.0,0.0,0.0,0.0,0.0,0.0,0.0,0.0,0.0,0.22429013980734788,0.0,0.0,0.0,0.0,0.0,0.0,0.0,0.0,0.0,0.3479042507973109,0.11028994035539595,0.0,0.18767013496262655,0.0,0.10090670859596944,0.4609163052385047,0.0,0.0,0.0,0.0,0.0,0.0,0.0,0.0,0.0,0.0,0.0,0.0,0.0,0.0,0.0,0.0,0.0,0.0,0.0,0.0,0.0,0.0,0.0,0.0,0.0,0.0,0.0,0.0,0.0,0.0,0.0,0.0,0.33730219424854174,0.0,0.0,0.0,0.0,0.14762877922904813,0.13084752107132347,0.0,0.0,0.0,0.0,0.0,0.0,0.0,0.0,0.0,0.0,0.0,0.0,0.0,0.16655079155584507,0.0,0.0,0.0,0.0,0.0,0.0,0.0,0.0,0.22429013980734788,0.0,0.0,0.12006071438058734,0.0,0.0,0.41927330731390566,0.0,0.0,0.0,0.0,0.0,0.0,0.0,0.0,0.0,0.0,0.0,0.0
7bfaad45889d0cb9d2bde28ef578cbe57cad912dffb0498cadc6306ed4451df4,0.0,0.0,0.0,0.0,0.0,0.0,0.0,0.5403789457446345,0.0,0.0,0.0,0.0,0.10743199613690406,0.0,0.0,0.0,0.27757104840363483,0.0,0.5403789457446345,0.0,0.0,0.0,0.0,0.0,0.0,0.0,0.0,0.0,0.0,0.0,0.0,0.0,0.0,0.0,0.1758769440325884,0.0,0.0,0.0,0.0,0.0,0.0,0.0,0.19699327636421596,0.0,0.0,0.0,0.0,0.0,0.0,0.0,0.0,0.0,0.0,0.0,0.0,0.0,0.0,0.0,0.0,0.0,0.15583845284522818,0.0,0.0,0.0,0.2077042120790717,0.0,0.0,0.1758769440325884,0.0,0.0,0.0,0.0,0.0,0.0,0.0,0.10213416060751353,0.0,0.0,0.0,0.09344480511011613,0.0,0.0,0.0,0.0,0.0,0.0,0.0,0.0,0.0,0.0,0.0,0.0,0.0,0.0,0.0,0.0,0.0,0.0,0.0,0.13150339508914785,0.0,0.0,0.0,0.0,0.0,0.0,0.0,0.0,0.0,0.0,0.0,0.0,0.0,0.0,0.21596565826636846,0.0,0.0,0.12415582446156785,0.0,0.0,0.14446633500712636,0.0,0.0,0.0,0.0,0.0,0.0,0.0,0.0,0.0,0.0,0.0,0.0,0.0,0.0,0.0,0.0,0.0,0.0,0.0,0.0,0.0,0.0,0.16598527863416918,0.0,0.11118240018705187,0.0,0.0,0.0,0.0,0.0,0.0,0.0,0.0,0.0,0.0,0.0,0.0,0.0,0.0,0.0
43f846c12c24a078ebe33f71e8ea3b4f75107aeb275e2c3cd9dc61617c9757fc,0.0,0.0,0.0,0.0,0.0,0.0,0.0,0.0,0.0,0.0,0.0,0.0,0.0,0.0,0.0,0.0,0.0,0.5406308120175433,0.0,0.0,0.0,0.0,0.0,0.0,0.0,0.0,0.0,0.0,0.0,0.0,0.0,0.0,0.0,0.0,0.0,0.0,0.0,0.0,0.0,0.0,0.0,0.0,0.0,0.0,0.0,0.0,0.0,0.0,0.0,0.0,0.0,0.0,0.0,0.0,0.0,0.0,0.0,0.0,0.0,0.0,0.40020852636481413,0.0,0.0,0.0,0.0,0.0,0.0,0.0,0.0,0.0,0.0,0.0,0.0,0.0,0.0,0.0,0.0,0.0,0.0,0.0,0.0,0.0,0.0,0.0,0.0,0.0,0.0,0.0,0.0,0.0,0.0,0.0,0.0,0.0,0.0,0.0,0.0,0.0,0.0,0.3377136964576154,0.0,0.0,0.37049294226424084,0.0,0.0,0.0,0.44110559020854584,0.0,0.0,0.0,0.0,0.0,0.0,0.0,0.0,0.0,0.0,0.3188444099654964,0.0,0.0,0.0,0.0,0.0,0.0,0.0,0.0,0.0,0.0,0.0,0.0,0.0,0.0,0.0,0.0,0.0,0.0,0.0,0.0,0.0,0.0,0.0,0.0,0.0,0.0,0.0,0.0,0.0,0.0,0.0,0.0,0.0,0.0,0.0,0.0,0.0,0.0,0.0,0.0,0.0,0.0,0.0
45a2cc9060b21404632f07ee468d105ccd42075feb680f00d3aa1c20a19d272a,0.0,0.0,0.0,0.0,0.0,0.0,0.0,0.0,0.0,0.0,0.0,0.0,0.0,0.0,0.0,0.0,0.0,0.0,0.0,0.0,0.0,0.0,0.0,0.0,0.0,0.0,0.0,0.0,0.0,0.0,0.0,0.0,0.0,0.0,0.3349358986844229,0.0,0.0,0.0,0.0,0.0,0.0,0.0,0.0,0.0,0.0,0.0,0.0,0.0,0.0,0.0,0.0,0.0,0.0,0.0,0.0,0.0,0.0,0.0,0.0,0.0,0.29677506929865205,0.0,0.0,0.41524611892267344,0.0,0.0,0.0,0.3349358986844229,0.0,0.0,0.0,0.0,0.0,0.0,0.0,0.1945018834482263,0.0,0.0,0.0,0.17795408004785587,0.0,0.0,0.0,0.0,0.0,0.0,0.0,0.0,0.0,0.0,0.0,0.0,0.0,0.0,0.0,0.0,0.0,0.0,0.0,0.0,0.0,0.0,0.0,0.0,0.0,0.0,0.3271023316050804,0.0,0.0,0.0,0.0,0.0,0.0,0.0,0.0,0.0,0.0,0.23643942002560328,0.2603508127639259,0.0,0.27511827665308486,0.0,0.0,0.0,0.0,0.0,0.0,0.0,0.0,0.0,0.0,0.0,0.0,0.0,0.0,0.0,0.0,0.0,0.0,0.0,0.0,0.0,0.0,0.0,0.0,0.21173313721917597,0.0,0.0,0.0,0.0,0.0,0.0,0.0,0.0,0.30729367273207686,0.0,0.0,0.0,0.0,0.0,0.0
45a378dfed22be8f90961877254497cf42affb28367a904680cde7f92fccc243,0.0,0.23469081045313936,0.2763845959748341,0.0,0.0,0.0,0.0,0.0,0.0,0.0,0.0,0.0,0.0,0.0,0.0,0.0,0.0,0.0,0.0,0.0,0.0,0.0,0.0,0.0,0.0,0.0,0.0,0.0,0.0,0.0,0.0,0.0,0.0,0.0,0.17943400387682076,0.0,0.0,0.0,0.0,0.0,0.0,0.0,0.0,0.0,0.0,0.3330954891928387,0.0,0.0,0.0,0.0,0.2598518420584894,0.0,0.0,0.0,0.0,0.0,0.0,0.0,0.0,0.0,0.1589902400556106,0.0,0.0,0.22245830920264686,0.21190496912729223,0.0,0.0,0.17943400387682076,0.0,0.0,0.0,0.0,0.0,0.0,0.0,0.10419979418683048,0.0,0.0,0.0,0.09533469901143228,0.0,0.0,0.0,0.0,0.0,0.3225283376900095,0.0,0.0,0.0,0.0,0.0,0.0,0.0,0.0,0.0,0.0,0.0,0.0,0.0,0.0,0.0,0.0,0.0,0.0,0.0,0.0,0.0,0.0,0.0,0.0,0.0,0.0,0.0,0.0,0.2203335006517249,0.0,0.0,0.12666683976291385,0.13947680415956665,0.12362219728793071,0.14738812445442337,0.0,0.24059305746526732,0.0,0.0,0.0,0.0,0.0,0.0,0.0,0.0,0.0,0.0,0.0,0.0,0.0,0.0,0.0,0.0,0.0,0.0,0.0,0.0,0.0,0.32869318101893086,0.11343103177015156,0.23469081045313936,0.0,0.0,0.0,0.0,0.0,0.0,0.0,0.16462533362624693,0.0,0.0,0.0,0.0,0.0,0.0
45e69aa7263b1e2716d8b45f9b4d2e71ef1f245a4f756e7278c06a889f5e5d37,0.0,0.0,0.0,0.0,0.0,0.0,0.0,0.0,0.0,0.0,0.1699273861907631,0.0,0.11068511001539987,0.0,0.0,0.0,0.0,0.0,0.0,0.0,0.0,0.16175951290703944,0.0,0.0,0.0,0.0,0.0,0.36677971148292987,0.0,0.0,0.0,0.0,0.0,0.0,0.0,0.0,0.0,0.0,0.0,0.0,0.0,0.3199433657921588,0.0,0.191855626721979,0.0,0.0,0.0,0.0,0.0,0.0,0.0,0.0,0.0,0.0,0.0,0.30955748413528344,0.0,0.0,0.0,0.0,0.0,0.0,0.0,0.0,0.0,0.0,0.0,0.0,0.0,0.0,0.0,0.0,0.0,0.0,0.3319329862592697,0.10522685242455303,0.2246509972093693,0.1790547490784102,0.0,0.0962743773354118,0.0,0.0,0.0,0.0,0.0,0.0,0.0,0.0,0.0,0.0,0.0,0.0,0.0,0.0,0.0,0.0,0.0,0.0,0.0,0.0,0.0,0.0,0.0,0.0,0.0,0.0,0.17696460396846037,0.0,0.0,0.0,0.0,0.0,0.0,0.3218176390548089,0.0,0.0,0.13830122888796642,0.12791534723109105,0.14085157463585424,0.12484069485868675,0.14884087384365896,0.0,0.0,0.0,0.0,0.0,0.0,0.0,0.0,0.0,0.0,0.0,0.0,0.15890493283218063,0.0,0.0,0.0,0.0,0.0,0.0,0.0,0.0,0.0,0.0,0.0,0.11454907884982253,0.23700406963061424,0.0,0.0,0.0,0.0,0.0,0.0,0.0,0.1662479837126329,0.0,0.0,0.0,0.0,0.0,0.0
47c2ec67d40d8e342db29823981ab4539c758486d30d00bd15106acdb39a96cc,0.0,0.0,0.0,0.0,0.0,0.0,0.30837946476229094,0.0,0.0,0.0,0.0,0.0,0.11576850966882869,0.0,0.0,0.0,0.2991100208168313,0.2268537077801669,0.0,0.0,0.0,0.0,0.0,0.0,0.0,0.3056215501932145,0.0,0.0,0.0,0.0,0.0,0.0,0.0,0.0,0.0,0.0,0.0,0.0,0.0,0.0,0.0,0.0,0.0,0.0,0.0,0.0,0.0,0.0,0.0,0.28221841553828947,0.0,0.0,0.0,0.0,0.0,0.0,0.0,0.0,0.0,0.0,0.1679312130810419,0.30698882083947787,0.0,0.0,0.0,0.0,0.0,0.0,0.0,0.0,0.0,0.0,0.0,0.0,0.0,0.11005957242701726,0.0,0.0,0.0,0.0,0.0,0.0,0.0,0.0,0.0,0.0,0.0,0.0,0.2414800010969822,0.0,0.0,0.0,0.0,0.0,0.0,0.0,0.0,0.0,0.0,0.0,0.0,0.0,0.15546227812168983,0.0,0.0,0.0,0.0,0.0,0.0,0.0,0.0,0.0,0.0,0.0,0.23272417246426425,0.26488313575190725,0.14465294520193178,0.13379007447933866,0.14732041986344796,0.13057421353062162,0.15567664106119733,0.0,0.0,0.0,0.0,0.0,0.0,0.0,0.0,0.0,0.0,0.0,0.29664465977101007,0.0,0.0,0.0,0.0,0.0,0.0,0.0,0.0,0.0,0.0,0.17886541277661486,0.0,0.11980993776431212,0.0,0.0,0.0,0.0,0.0,0.0,0.0,0.0,0.0,0.0,0.0,0.0,0.0,0.0,0.0
47fc82f745787ef02d2e51a15e7ce14ab2a1a278b82a49840a48cc337782aac1,0.0,0.0,0.0,0.0,0.0,0.0,0.0,0.0,0.0,0.0,0.1754626881125316,0.30726099203636803,0.11429062361690728,0.38603352357357806,0.0,0.0,0.0,0.0,0.0,0.0,0.3230592237975143,0.16702875033092054,0.0,0.39407144390611804,0.0,0.0,0.24024363638667653,0.0,0.0,0.0,0.0,0.0,0.0,0.0,0.1871052045584722,0.0,0.0,0.0,0.0,0.0,0.0,0.0,0.0,0.0,0.2219498132537644,0.0,0.0,0.0,0.0,0.0,0.0,0.0,0.0,0.0,0.0,0.0,0.0,0.0,0.22096437541870256,0.0,0.0,0.0,0.0,0.0,0.0,0.0,0.0,0.0,0.0,0.0,0.0,0.0,0.0,0.0,0.0,0.1086545659409217,0.0,0.0,0.0,0.09941046833185377,0.0,0.0,0.0,0.0,0.0,0.0,0.0,0.0,0.0,0.0,0.0,0.0,0.0,0.0,0.0,0.0,0.0,0.0,0.0,0.0,0.0,0.0,0.0,0.0,0.2606945070310273,0.0,0.18272913983516262,0.0,0.0,0.0,0.0,0.0,0.0,0.0,0.0,0.0,0.0,0.0,0.1454397461439519,0.1289073197486291,0.0,0.0,0.0,0.0,0.1806273928601993,0.0,0.0,0.0,0.0,0.0,0.0,0.0,0.0,0.16408118369910696,0.0,0.0,0.0,0.0,0.0,0.0,0.0,0.0,0.0,0.0,0.0,0.11828045935597839,0.0,0.0,0.0,0.0,0.0,0.0,0.0,0.0,0.0,0.0,0.0,0.0,0.0,0.0,0.0
49b769536224f160b6087dc866edf6445531c6136ab76b9d5079ce622b043200,0.0,0.0,0.3831403022351104,0.0,0.0,0.0,0.0,0.0,0.0,0.0,0.0,0.0,0.0,0.0,0.0,0.0,0.0,0.0,0.0,0.0,0.0,0.0,0.0,0.0,0.0,0.0,0.0,0.0,0.0,0.0,0.0,0.0,0.0,0.0,0.0,0.0,0.0,0.0,0.0,0.0,0.0,0.0,0.0,0.2633654647257835,0.0,0.0,0.0,0.0,0.0,0.0,0.0,0.0,0.0,0.0,0.0,0.0,0.0,0.0,0.0,0.0,0.22040146055348903,0.0,0.0,0.3083845665203951,0.0,0.0,0.0,0.0,0.0,0.0,0.0,0.0,0.0,0.0,0.0,0.14444777754985189,0.0,0.24579334996898353,0.0,0.1321584702067091,0.0,0.0,0.0,0.0,0.0,0.0,0.0,0.0,0.0,0.0,0.0,0.0,0.0,0.0,0.0,0.0,0.0,0.0,0.0,0.0,0.0,0.0,0.20403659647511538,0.0,0.0,0.0,0.0,0.0,0.0,0.0,0.0,0.0,0.0,0.0,0.0,0.0,0.18984987847663426,0.17559289474420658,0.0,0.0,0.20431793729371112,0.0,0.33352400276788663,0.0,0.0,0.0,0.0,0.0,0.0,0.0,0.0,0.0,0.0,0.21813314624966537,0.0,0.0,0.0,0.0,0.0,0.0,0.0,0.0,0.0,0.0,0.45565348630963476,0.1572446526622398,0.0,0.0,0.0,0.0,0.0,0.0,0.0,0.0,0.0,0.0,0.0,0.0,0.0,0.0,0.0
52be85cc7005732821ac9f996966b4c111f599ea7a45cbf2242917106223b34e,0.0,0.0,0.0,0.0,0.0,0.0,0.31217494092441106,0.0,0.0,0.0,0.0,0.0,0.1171933666031609,0.0,0.0,0.0,0.30279141041498964,0.22964578033542568,0.0,0.0,0.0,0.0,0.0,0.0,0.0,0.309383082464122,0.0,0.0,0.0,0.0,0.0,0.0,0.0,0.0,0.0,0.0,0.0,0.0,0.0,0.0,0.0,0.0,0.0,0.0,0.0,0.0,0.0,0.0,0.0,0.28569190645154646,0.0,0.0,0.0,0.0,0.0,0.0,0.0,0.0,0.0,0.0,0.16999807870912875,0.3107671812190568,0.0,0.0,0.0,0.0,0.0,0.0,0.0,0.0,0.0,0.0,0.0,0.0,0.0,0.11141416484088591,0.0,0.0,0.0,0.0,0.0,0.0,0.0,0.0,0.0,0.0,0.0,0.0,0.24445209130570872,0.0,0.0,0.0,0.0,0.0,0.0,0.0,0.0,0.0,0.0,0.0,0.0,0.0,0.0,0.0,0.0,0.0,0.0,0.0,0.0,0.0,0.0,0.0,0.0,0.0,0.23558849758921419,0.26814326731828425,0.14643330630904247,0.13543673742690562,0.14913361174448406,0.13218129626949682,0.1575926797332346,0.0,0.0,0.0,0.0,0.0,0.0,0.0,0.0,0.0,0.0,0.0,0.30029570617142126,0.0,0.0,0.0,0.0,0.0,0.0,0.0,0.0,0.0,0.0,0.18106685446776222,0.0,0.12128453583172905,0.0,0.0,0.0,0.0,0.0,0.0,0.0,0.0,0.0,0.0,0.0,0.0,0.0,0.0,0.0
55c30024aed833336eb4720a1a4a40c78496efb27b3c4d5c3f1d1b5935c12715,0.0,0.0,0.0,0.0,0.0,0.0,0.0,0.0,0.0,0.0,0.0,0.0,0.0,0.0,0.0,0.0,0.0,0.5406308120175433,0.0,0.0,0.0,0.0,0.0,0.0,0.0,0.0,0.0,0.0,0.0,0.0,0.0,0.0,0.0,0.0,0.0,0.0,0.0,0.0,0.0,0.0,0.0,0.0,0.0,0.0,0.0,0.0,0.0,0.0,0.0,0.0,0.0,0.0,0.0,0.0,0.0,0.0,0.0,0.0,0.0,0.0,0.40020852636481413,0.0,0.0,0.0,0.0,0.0,0.0,0.0,0.0,0.0,0.0,0.0,0.0,0.0,0.0,0.0,0.0,0.0,0.0,0.0,0.0,0.0,0.0,0.0,0.0,0.0,0.0,0.0,0.0,0.0,0.0,0.0,0.0,0.0,0.0,0.0,0.0,0.0,0.0,0.3377136964576154,0.0,0.0,0.37049294226424084,0.0,0.0,0.0,0.44110559020854584,0.0,0.0,0.0,0.0,0.0,0.0,0.0,0.0,0.0,0.0,0.3188444099654964,0.0,0.0,0.0,0.0,0.0,0.0,0.0,0.0,0.0,0.0,0.0,0.0,0.0,0.0,0.0,0.0,0.0,0.0,0.0,0.0,0.0,0.0,0.0,0.0,0.0,0.0,0.0,0.0,0.0,0.0,0.0,0.0,0.0,0.0,0.0,0.0,0.0,0.0,0.0,0.0,0.0,0.0,0.0
7c90795c9b28fac978386626f5a54033dc9cba46ef6a3f742fc7d52b394590f2,0.0,0.0,0.0,0.0,0.0,0.0,0.0,0.0,0.0,0.0,0.0,0.0,0.22280061707125962,0.0,0.0,0.0,0.0,0.0,0.0,0.0,0.0,0.0,0.0,0.0,0.0,0.0,0.0,0.0,0.0,0.0,0.0,0.0,0.0,0.0,0.3647469382318165,0.0,0.0,0.0,0.0,0.0,0.0,0.0,0.40853958886611186,0.0,0.0,0.0,0.0,0.0,0.0,0.0,0.0,0.0,0.0,0.0,0.0,0.0,0.0,0.0,0.0,0.0,0.0,0.0,0.0,0.0,0.0,0.0,0.0,0.0,0.0,0.0,0.0,0.0,0.0,0.0,0.0,0.0,0.0,0.0,0.0,0.1937929200729588,0.0,0.0,0.0,0.0,0.0,0.0,0.0,0.0,0.4647368564101205,0.0,0.0,0.0,0.0,0.0,0.0,0.0,0.0,0.0,0.0,0.0,0.0,0.0,0.0,0.0,0.0,0.0,0.0,0.0,0.0,0.0,0.0,0.0,0.0,0.0,0.0,0.0,0.0,0.0,0.2835233911766514,0.2512947210898587,0.29960523627052316,0.0,0.0,0.0,0.0,0.0,0.40445156822946104,0.0,0.0,0.0,0.0,0.0,0.0,0.0,0.0,0.0,0.0,0.0,0.0,0.0,0.0,0.0,0.0,0.0,0.0,0.0,0.0,0.0,0.0,0.0,0.0,0.0,0.0,0.0,0.0,0.0,0.0,0.0,0.0,0.0,0.0
60ae6bfa08d3a76d5b4cc7688871531c7bce2f73e3d2e980e9cf03b62e34233e,0.0,0.0,0.0,0.0,0.0,0.0,0.0,0.0,0.0,0.0,0.0,0.0,0.0,0.0,0.0,0.0,0.0,0.0,0.0,0.0,0.0,0.0,0.0,0.0,0.0,0.0,0.0,0.0,0.0,0.0,0.0,0.0,0.0,0.0,0.3468990280072203,0.0,0.0,0.0,0.0,0.0,0.0,0.0,0.0,0.0,0.0,0.0,0.0,0.0,0.0,0.0,0.0,0.0,0.0,0.0,0.0,0.0,0.0,0.0,0.0,0.0,0.30737518277632697,0.0,0.0,0.4300777420510803,0.0,0.0,0.0,0.3468990280072203,0.0,0.0,0.0,0.0,0.0,0.0,0.0,0.2014490372002078,0.0,0.0,0.0,0.18431018484729322,0.0,0.0,0.0,0.0,0.0,0.0,0.0,0.0,0.0,0.0,0.0,0.0,0.0,0.0,0.0,0.0,0.0,0.0,0.0,0.0,0.0,0.0,0.0,0.0,0.0,0.0,0.3387856641775232,0.0,0.0,0.0,0.0,0.0,0.0,0.0,0.0,0.0,0.0,0.24488448479735103,0.0,0.0,0.28494485999513214,0.0,0.0,0.0,0.0,0.0,0.0,0.0,0.0,0.0,0.0,0.0,0.0,0.0,0.0,0.0,0.0,0.0,0.0,0.0,0.0,0.0,0.0,0.0,0.0,0.21929575117732078,0.0,0.0,0.0,0.0,0.0,0.0,0.0,0.0,0.3182694861979094,0.0,0.0,0.0,0.0,0.0,0.0
62b096449d5dc6f876c43e48d1c27a63de0f75e70279f811b5c6ba18f9126f7b,0.0,0.0,0.0,0.0,0.0,0.0,0.0,0.0,0.0,0.0,0.0,0.0,0.0,0.0,0.0,0.0,0.0,0.5406308120175433,0.0,0.0,0.0,0.0,0.0,0.0,0.0,0.0,0.0,0.0,0.0,0.0,0.0,0.0,0.0,0.0,0.0,0.0,0.0,0.0,0.0,0.0,0.0,0.0,0.0,0.0,0.0,0.0,0.0,0.0,0.0,0.0,0.0,0.0,0.0,0.0,0.0,0.0,0.0,0.0,0.0,0.0,0.40020852636481413,0.0,0.0,0.0,0.0,0.0,0.0,0.0,0.0,0.0,0.0,0.0,0.0,0.0,0.0,0.0,0.0,0.0,0.0,0.0,0.0,0.0,0.0,0.0,0.0,0.0,0.0,0.0,0.0,0.0,0.0,0.0,0.0,0.0,0.0,0.0,0.0,0.0,0.0,0.3377136964576154,0.0,0.0,0.37049294226424084,0.0,0.0,0.0,0.44110559020854584,0.0,0.0,0.0,0.0,0.0,0.0,0.0,0.0,0.0,0.0,0.3188444099654964,0.0,0.0,0.0,0.0,0.0,0.0,0.0,0.0,0.0,0.0,0.0,0.0,0.0,0.0,0.0,0.0,0.0,0.0,0.0,0.0,0.0,0.0,0.0,0.0,0.0,0.0,0.0,0.0,0.0,0.0,0.0,0.0,0.0,0.0,0.0,0.0,0.0,0.0,0.0,0.0,0.0,0.0,0.0
64cc071973e05ae577f32bab349fafb4dba96ba9b8cab272aa5cd9d6074e5a39,0.0,0.0,0.0,0.0,0.0,0.0,0.0,0.0,0.0,0.0,0.0,0.0,0.0,0.0,0.0,0.0,0.0,0.5257054615323886,0.0,0.0,0.0,0.0,0.0,0.0,0.0,0.0,0.0,0.0,0.0,0.0,0.0,0.0,0.0,0.0,0.0,0.0,0.0,0.0,0.0,0.0,0.0,0.0,0.0,0.0,0.0,0.0,0.0,0.0,0.0,0.0,0.0,0.0,0.0,0.0,0.0,0.0,0.0,0.0,0.0,0.0,0.3891598543498933,0.0,0.0,0.0,0.0,0.0,0.0,0.0,0.0,0.0,0.0,0.0,0.0,0.0,0.0,0.0,0.0,0.0,0.0,0.23335040923771894,0.0,0.0,0.0,0.0,0.0,0.0,0.0,0.0,0.0,0.0,0.0,0.0,0.0,0.0,0.0,0.0,0.0,0.0,0.0,0.3283903372053804,0.0,0.0,0.3602646369352605,0.0,0.0,0.0,0.42892786117705667,0.0,0.0,0.0,0.0,0.0,0.0,0.0,0.0,0.0,0.0,0.3100419805382721,0.0,0.0,0.0,0.0,0.0,0.0,0.0,0.0,0.0,0.0,0.0,0.0,0.0,0.0,0.0,0.0,0.0,0.0,0.0,0.0,0.0,0.0,0.0,0.0,0.0,0.0,0.0,0.0,0.0,0.0,0.0,0.0,0.0,0.0,0.0,0.0,0.0,0.0,0.0,0.0,0.0,0.0,0.0
64d341ecbc52f9d78080bf23559ec1778824979dd19498ee44032ec1d5224ff6,0.0,0.22183484734750708,0.2612447182695372,0.0,0.0,0.0,0.0,0.0,0.0,0.0,0.0,0.0,0.0,0.0,0.0,0.0,0.0,0.0,0.0,0.0,0.0,0.0,0.0,0.0,0.0,0.0,0.0,0.0,0.0,0.0,0.0,0.0,0.0,0.0,0.16960491457723403,0.0,0.0,0.0,0.0,0.0,0.0,0.0,0.0,0.0,0.0,0.3148490852904128,0.0,0.0,0.0,0.0,0.24561760047065545,0.0,0.0,0.0,0.0,0.0,0.0,0.0,0.0,0.0,0.15028102533874946,0.0,0.0,0.21027242169333765,0.2002971756234023,0.0,0.0,0.16960491457723403,0.0,0.0,0.0,0.0,0.0,0.0,0.0,0.09849190683029571,0.0,0.0,0.0,0.09011242647842976,0.0,0.0,0.0,0.0,0.3264290637914667,0.30486078435949004,0.0,0.0,0.0,0.0,0.0,0.0,0.0,0.0,0.0,0.0,0.0,0.0,0.0,0.0,0.0,0.0,0.0,0.0,0.0,0.0,0.0,0.0,0.0,0.0,0.0,0.0,0.0,0.0,0.20826400653798344,0.0,0.0,0.11972824589315428,0.13183650224529586,0.1168503837503565,0.13931445388105962,0.0,0.2274137793151229,0.0,0.0,0.0,0.0,0.0,0.0,0.0,0.0,0.0,0.0,0.0,0.0,0.0,0.0,0.0,0.0,0.0,0.0,0.0,0.0,0.0,0.3106879280646571,0.10721747293222661,0.22183484734750708,0.0,0.0,0.0,0.0,0.0,0.0,0.0,0.15560743807564967,0.0,0.0,0.0,0.0,0.0,0.0
64ede667123138343b6419c3af54e04ab8c51800ea4bc2ebc89df894a9192c07,0.0,0.0,0.0,0.0,0.0,0.0,0.0,0.0,0.0,0.0,0.0,0.0,0.0,0.0,0.0,0.0,0.0,0.0,0.0,0.0,0.0,0.0,0.0,0.0,0.0,0.0,0.0,0.0,0.0,0.0,0.0,0.0,0.0,0.0,0.3468990280072203,0.0,0.0,0.0,0.0,0.0,0.0,0.0,0.0,0.0,0.0,0.0,0.0,0.0,0.0,0.0,0.0,0.0,0.0,0.0,0.0,0.0,0.0,0.0,0.0,0.0,0.30737518277632697,0.0,0.0,0.4300777420510803,0.0,0.0,0.0,0.3468990280072203,0.0,0.0,0.0,0.0,0.0,0.0,0.0,0.2014490372002078,0.0,0.0,0.0,0.18431018484729322,0.0,0.0,0.0,0.0,0.0,0.0,0.0,0.0,0.0,0.0,0.0,0.0,0.0,0.0,0.0,0.0,0.0,0.0,0.0,0.0,0.0,0.0,0.0,0.0,0.0,0.0,0.3387856641775232,0.0,0.0,0.0,0.0,0.0,0.0,0.0,0.0,0.0,0.0,0.24488448479735103,0.0,0.0,0.28494485999513214,0.0,0.0,0.0,0.0,0.0,0.0,0.0,0.0,0.0,0.0,0.0,0.0,0.0,0.0,0.0,0.0,0.0,0.0,0.0,0.0,0.0,0.0,0.0,0.0,0.21929575117732078,0.0,0.0,0.0,0.0,0.0,0.0,0.0,0.0,0.3182694861979094,0.0,0.0,0.0,0.0,0.0,0.0
68eb2d2d7866775d6bf106a914281491d23769a9eda88fc078328150b8432bb3,0.0,0.20661847166005579,0.0,0.0,0.0,0.0,0.0,0.0,0.0,0.0,0.0,0.0,0.09649449607574566,0.0,0.0,0.0,0.0,0.0,0.0,0.0,0.0,0.14102079928593053,0.0,0.0,0.0,0.0,0.0,0.0,0.0,0.0,0.0,0.0,0.0,0.0,0.0,0.0,0.0,0.0,0.0,0.0,0.0,0.0,0.0,0.0,0.0,0.0,0.0,0.0,0.0,0.0,0.22876988817973162,0.0,0.0,0.0,0.0,0.0,0.0,0.0,0.0,0.3292327702656907,0.1399727596735828,0.0,0.0,0.0,0.0,0.0,0.0,0.0,0.0,0.0,0.0,0.0,0.0,0.0,0.0,0.0917360257123237,0.0,0.0,0.0,0.08393132124722304,0.0,0.0,0.0,0.0,0.0,0.0,0.0,0.0,0.0,0.0,0.0,0.0,0.0,0.0,0.0,0.0,0.0,0.0,0.0,0.0,0.0,0.0,0.0,0.0,0.0,0.42323297281011674,0.0,0.0,0.316870126553426,0.0,0.0,0.0,0.0,0.0,0.19397849908255896,0.0,0.1205700331900462,0.11151569501716022,0.0,0.0,0.1297584211193289,0.29951610010601226,0.21181472648848895,0.28937682977908474,0.0,0.0,0.0,0.0,0.2684718971291133,0.0,0.0,0.0,0.0,0.0,0.0,0.0,0.0,0.0,0.0,0.0,0.0,0.0,0.0,0.0,0.0,0.09986307677714375,0.0,0.22357994948124824,0.0,0.0,0.0,0.0,0.0,0.0,0.1449338163889192,0.0,0.0,0.0,0.0,0.0,0.0
69bd331c4855ae99d2fb5a727b58095b9bcc426c31760fa4f932f2af50f0203c,0.0,0.0,0.0,0.0,0.0,0.0,0.0,0.0,0.0,0.0,0.0,0.0,0.0,0.0,0.0,0.0,0.0,0.0,0.0,0.0,0.0,0.0,0.0,0.0,0.0,0.0,0.0,0.0,0.0,0.0,0.0,0.0,0.0,0.0,0.3349358986844229,0.0,0.0,0.0,0.0,0.0,0.0,0.0,0.0,0.0,0.0,0.0,0.0,0.0,0.0,0.0,0.0,0.0,0.0,0.0,0.0,0.0,0.0,0.0,0.0,0.0,0.29677506929865205,0.0,0.0,0.41524611892267344,0.0,0.0,0.0,0.3349358986844229,0.0,0.0,0.0,0.0,0.0,0.0,0.0,0.1945018834482263,0.0,0.0,0.0,0.17795408004785587,0.0,0.0,0.0,0.0,0.0,0.0,0.0,0.0,0.0,0.0,0.0,0.0,0.0,0.0,0.0,0.0,0.0,0.0,0.0,0.0,0.0,0.0,0.0,0.0,0.0,0.0,0.3271023316050804,0.0,0.0,0.0,0.0,0.0,0.0,0.0,0.0,0.0,0.0,0.23643942002560328,0.2603508127639259,0.0,0.27511827665308486,0.0,0.0,0.0,0.0,0.0,0.0,0.0,0.0,0.0,0.0,0.0,0.0,0.0,0.0,0.0,0.0,0.0,0.0,0.0,0.0,0.0,0.0,0.0,0.0,0.21173313721917597,0.0,0.0,0.0,0.0,0.0,0.0,0.0,0.0,0.30729367273207686,0.0,0.0,0.0,0.0,0.0,0.0
71b46e95fba31267475537a338f49ce1cd0bc56c0f15346b05b673051cbe90a8,0.0,0.0,0.0,0.0,0.0,0.0,0.0,0.0,0.0,0.0,0.0,0.0,0.0,0.0,0.0,0.0,0.0,0.5257054615323886,0.0,0.0,0.0,0.0,0.0,0.0,0.0,0.0,0.0,0.0,0.0,0.0,0.0,0.0,0.0,0.0,0.0,0.0,0.0,0.0,0.0,0.0,0.0,0.0,0.0,0.0,0.0,0.0,0.0,0.0,0.0,0.0,0.0,0.0,0.0,0.0,0.0,0.0,0.0,0.0,0.0,0.0,0.3891598543498933,0.0,0.0,0.0,0.0,0.0,0.0,0.0,0.0,0.0,0.0,0.0,0.0,0.0,0.0,0.0,0.0,0.0,0.0,0.23335040923771894,0.0,0.0,0.0,0.0,0.0,0.0,0.0,0.0,0.0,0.0,0.0,0.0,0.0,0.0,0.0,0.0,0.0,0.0,0.0,0.3283903372053804,0.0,0.0,0.3602646369352605,0.0,0.0,0.0,0.42892786117705667,0.0,0.0,0.0,0.0,0.0,0.0,0.0,0.0,0.0,0.0,0.3100419805382721,0.0,0.0,0.0,0.0,0.0,0.0,0.0,0.0,0.0,0.0,0.0,0.0,0.0,0.0,0.0,0.0,0.0,0.0,0.0,0.0,0.0,0.0,0.0,0.0,0.0,0.0,0.0,0.0,0.0,0.0,0.0,0.0,0.0,0.0,0.0,0.0,0.0,0.0,0.0,0.0,0.0,0.0,0.0
72c885ddcce541cac13dd4b9dab1f72936fb35873984b28f4ff50e1976261125,0.0,0.0,0.0,0.0,0.0,0.0,0.0,0.0,0.0,0.0,0.0,0.3227515767712993,0.0,0.0,0.0,0.0,0.0,0.0,0.0,0.39078678406566797,0.33934627750866087,0.0,0.0,0.0,0.0,0.0,0.25235553637701225,0.0,0.0,0.0,0.0,0.0,0.0,0.0,0.19653812673434218,0.0,0.0,0.0,0.0,0.0,0.0,0.0,0.0,0.0,0.23313942885164238,0.0,0.0,0.0,0.0,0.0,0.0,0.0,0.0,0.0,0.0,0.0,0.0,0.0,0.23210431009814095,0.0,0.0,0.0,0.0,0.0,0.0,0.0,0.0,0.0,0.0,0.0,0.0,0.0,0.0,0.0,0.0,0.11413239359938934,0.0,0.1942084803145609,0.0,0.10442225415285221,0.0,0.0,0.0,0.0,0.0,0.0,0.0,0.0,0.0,0.0,0.0,0.0,0.0,0.0,0.0,0.0,0.0,0.0,0.0,0.146951785364421,0.0,0.0,0.16121525393175926,0.44595275325119416,0.0,0.0,0.0,0.0,0.0,0.0,0.0,0.0,0.0,0.0,0.0,0.0,0.15000591509698638,0.0,0.15277210127480792,0.13540619142864588,0.0,0.0,0.0,0.0,0.0,0.0,0.0,0.0,0.0,0.0,0.0,0.0,0.0,0.1723533482282054,0.0,0.0,0.0,0.0,0.0,0.0,0.0,0.0,0.0,0.0,0.0,0.124243577114589,0.0,0.0,0.0,0.0,0.0,0.0,0.0,0.0,0.0,0.0,0.0,0.0,0.0,0.0,0.0
7e2adc1e8273c9662cc51304835805cc31d1a65c5b151789b69e5441cb666465,0.0,0.0,0.0,0.0,0.0,0.0,0.0,0.0,0.0,0.0,0.0,0.0,0.25329255016772734,0.0,0.0,0.0,0.0,0.0,0.0,0.0,0.0,0.0,0.0,0.0,0.0,0.0,0.0,0.0,0.0,0.0,0.0,0.0,0.0,0.0,0.0,0.0,0.0,0.0,0.0,0.0,0.0,0.0,0.0,0.0,0.0,0.0,0.0,0.0,0.0,0.0,0.0,0.0,0.0,0.0,0.0,0.0,0.0,0.0,0.0,0.0,0.0,0.0,0.0,0.0,0.48970447771485154,0.0,0.0,0.41466528847655043,0.0,0.0,0.0,0.0,0.0,0.0,0.0,0.24080183678753017,0.0,0.0,0.0,0.22031493258400958,0.0,0.0,0.0,0.0,0.0,0.0,0.0,0.0,0.0,0.0,0.0,0.0,0.0,0.0,0.0,0.0,0.0,0.0,0.0,0.0,0.0,0.0,0.34013944718621436,0.0,0.0,0.0,0.0,0.0,0.0,0.0,0.0,0.0,0.0,0.0,0.0,0.0,0.3164894623268629,0.2927223408934183,0.0,0.0,0.34060845672745,0.0,0.0,0.0,0.0,0.0,0.0,0.0,0.0,0.0,0.0,0.0,0.0,0.0,0.0,0.0,0.0,0.0,0.0,0.0,0.0,0.0,0.0,0.0,0.0,0.0,0.0,0.0,0.0,0.0,0.0,0.0,0.0,0.0,0.0,0.0,0.0,0.0,0.0,0.0,0.0
8af8843d8d5492c165ef41a8636f86f104bf1c3108372a0933961810c9032cf2,0.0,0.0,0.0,0.0,0.0,0.0,0.0,0.0,0.0,0.0,0.0,0.0,0.2623866559888695,0.0,0.0,0.0,0.0,0.0,0.0,0.0,0.0,0.0,0.0,0.0,0.0,0.0,0.0,0.0,0.0,0.0,0.0,0.0,0.0,0.0,0.0,0.0,0.0,0.0,0.0,0.0,0.0,0.0,0.0,0.0,0.0,0.0,0.0,0.0,0.0,0.0,0.0,0.0,0.0,0.0,0.0,0.0,0.0,0.0,0.0,0.0,0.0,0.0,0.0,0.0,0.5072866148068308,0.0,0.0,0.429553251076568,0.0,0.0,0.0,0.0,0.0,0.0,0.0,0.2494474814550148,0.0,0.0,0.0,0.22822502433195102,0.0,0.0,0.0,0.0,0.0,0.0,0.0,0.0,0.0,0.0,0.0,0.0,0.0,0.0,0.0,0.0,0.0,0.0,0.0,0.3211774641574576,0.0,0.0,0.0,0.0,0.0,0.0,0.0,0.0,0.0,0.0,0.0,0.0,0.0,0.0,0.0,0.0,0.3278525626619141,0.0,0.0,0.0,0.0,0.0,0.0,0.0,0.0,0.0,0.0,0.0,0.0,0.0,0.0,0.0,0.0,0.0,0.0,0.0,0.0,0.0,0.0,0.0,0.0,0.0,0.0,0.40539433102127476,0.0,0.0,0.0,0.0,0.0,0.0,0.0,0.0,0.0,0.0,0.0,0.0,0.0,0.0,0.0,0.0,0.0
e824adf88884f9b4a3475b65c4f31fc75669bf80441f098a2b0662a1a1d4b070,0.0,0.0,0.0,0.0,0.0,0.0,0.0,0.0,0.0,0.0,0.0,0.0,0.17582349281666465,0.0,0.0,0.0,0.0,0.34453420342388236,0.0,0.0,0.0,0.0,0.0,0.0,0.0,0.0,0.0,0.0,0.0,0.0,0.0,0.0,0.0,0.0,0.2878406779887454,0.0,0.0,0.0,0.0,0.0,0.0,0.0,0.0,0.0,0.0,0.0,0.0,0.0,0.0,0.0,0.0,0.0,0.0,0.0,0.0,0.0,0.0,0.0,0.0,0.0,0.0,0.0,0.0,0.0,0.33992927017699603,0.0,0.6630112285169005,0.2878406779887454,0.0,0.0,0.0,0.0,0.0,0.0,0.0,0.0,0.0,0.0,0.0,0.0,0.0,0.0,0.0,0.0,0.0,0.0,0.0,0.0,0.0,0.0,0.0,0.0,0.0,0.0,0.0,0.0,0.0,0.0,0.0,0.0,0.0,0.0,0.23610842722933545,0.0,0.0,0.0,0.0,0.0,0.0,0.0,0.0,0.0,0.0,0.0,0.0,0.0,0.0,0.0,0.0,0.0,0.0,0.0,0.0,0.0,0.0,0.0,0.0,0.0,0.0,0.0,0.0,0.0,0.0,0.0,0.0,0.0,0.0,0.0,0.0,0.0,0.0,0.0,0.0,0.2716519518860719,0.0,0.0,0.0,0.0,0.0,0.0,0.0,0.0,0.0,0.0,0.0,0.0,0.0,0.0,0.0,0.0,0.0
fb58f709914380bce2e643aa0f64cd5458cb8b29c8f072cd1645e42947f89787,0.0,0.0,0.0,0.0,0.0,0.0,0.0,0.0,0.0,0.0,0.22316980710662257,0.0,0.14536547171967748,0.0,0.0,0.0,0.0,0.0,0.0,0.0,0.0,0.21244273864484078,0.0,0.0,0.0,0.0,0.0,0.0,0.0,0.0,0.0,0.0,0.0,0.0,0.0,0.0,0.0,0.0,0.0,0.0,0.0,0.0,0.0,0.25196870361907353,0.0,0.0,0.0,0.30321591226100664,0.0,0.0,0.0,0.0,0.0,0.0,0.0,0.0,0.0,0.0,0.0,0.0,0.0,0.0,0.0,0.0,0.0,0.0,0.0,0.0,0.0,0.0,0.0,0.0,0.0,0.0,0.4359357380607618,0.1381970080541441,0.2950396686337697,0.235156996815653,0.0,0.12643950278346575,0.0,0.0,0.0,0.0,0.0,0.0,0.0,0.0,0.0,0.0,0.0,0.0,0.0,0.0,0.0,0.0,0.0,0.0,0.0,0.0,0.0,0.0,0.0,0.0,0.33157558153080213,0.0,0.0,0.0,0.0,0.0,0.0,0.0,0.0,0.0,0.0,0.0,0.18163439846527846,0.0,0.0,0.0,0.0,0.0,0.0,0.0,0.0,0.0,0.0,0.0,0.0,0.0,0.0,0.0,0.0,0.20869374856762346,0.0,0.0,0.0,0.0,0.0,0.0,0.0,0.0,0.0,0.0,0.0,0.0,0.0,0.0,0.0,0.0,0.0,0.4177858698804779,0.0,0.0,0.0,0.0,0.0,0.0,0.0,0.0,0.0
d487a2ccf6e32b1be1d6001f3f849e494570d374d44dc3240f41141bce99dc26,0.0,0.0,0.0,0.0,0.0,0.0,0.0,0.0,0.0,0.0,0.3293365151990916,0.0,0.2145189732747231,0.0,0.0,0.0,0.0,0.0,0.0,0.0,0.0,0.31350634806623456,0.0,0.0,0.0,0.0,0.0,0.0,0.0,0.0,0.0,0.0,0.0,0.0,0.0,0.0,0.0,0.0,0.0,0.0,0.0,0.0,0.0,0.0,0.0,0.0,0.0,0.0,0.0,0.0,0.0,0.0,0.0,0.0,0.0,0.0,0.0,0.0,0.0,0.0,0.0,0.0,0.0,0.0,0.4147413798702765,0.0,0.0,0.0,0.0,0.0,0.0,0.0,0.0,0.0,0.0,0.2039403162711341,0.0,0.0,0.0,0.18658951123400752,0.0,0.0,0.0,0.0,0.0,0.0,0.0,0.0,0.0,0.0,0.0,0.0,0.0,0.0,0.0,0.0,0.0,0.0,0.0,0.0,0.0,0.0,0.28807150045392627,0.0,0.4893132631256647,0.0,0.0,0.0,0.0,0.0,0.0,0.0,0.0,0.0,0.0,0.0,0.0,0.24791292117137995,0.0,0.0,0.0,0.0,0.0,0.0,0.339030461427353,0.0,0.0,0.0,0.0,0.0,0.0,0.0,0.0,0.0,0.0,0.0,0.0,0.0,0.0,0.0,0.0,0.0,0.0,0.0,0.0,0.0,0.0,0.0,0.0,0.0,0.0,0.0,0.0,0.0,0.0,0.0,0.0,0.0,0.0,0.0,0.0
e5b74e796e5748f8f4cda3f5e354405deb83f431722c1d4ae29bc70442240a59,0.0,0.0,0.0,0.0,0.0,0.0,0.0,0.0,0.0,0.0,0.0,0.0,0.16495474216727918,0.0,0.0,0.0,0.0,0.0,0.0,0.0,0.0,0.0,0.0,0.0,0.0,0.0,0.0,0.0,0.0,0.0,0.0,0.0,0.0,0.0,0.0,0.0,0.0,0.0,0.0,0.0,0.0,0.0,0.30247017908833623,0.2859236932127783,0.0,0.0,0.0,0.0,0.0,0.0,0.0,0.0,0.4740861748803988,0.0,0.0,0.0,0.0,0.0,0.0,0.0,0.0,0.0,0.0,0.0,0.0,0.0,0.0,0.27004744395788777,0.0,0.0,0.0,0.0,0.0,0.0,0.0,0.0,0.0,0.2668464616780579,0.0,0.14347833316033795,0.0,0.0,0.0,0.0,0.0,0.0,0.0,0.0,0.0,0.0,0.0,0.0,0.0,0.0,0.0,0.0,0.0,0.0,0.0,0.0,0.0,0.0,0.2215130874333614,0.0,0.0,0.0,0.0,0.0,0.0,0.0,0.0,0.0,0.0,0.0,0.0,0.0,0.20611122444074254,0.0,0.20991202136113882,0.1860509026872132,0.0,0.0,0.0,0.0,0.0,0.0,0.29944353401455903,0.0,0.0,0.0,0.0,0.0,0.0,0.23681705895936878,0.0,0.0,0.0,0.0,0.0,0.0,0.0,0.0,0.0,0.25485944434814445,0.0,0.170713240150756,0.0,0.0,0.0,0.0,0.0,0.0,0.0,0.0,0.0,0.0,0.0,0.0,0.0,0.0,0.0
76df33f1f8f31c6771cbcd478bfed53a67f039e64e4db4979865f2fc8bd6f03a,0.0,0.0,0.0,0.0,0.0,0.0,0.0,0.0,0.0,0.0,0.0,0.0,0.0,0.0,0.0,0.0,0.0,0.0,0.0,0.0,0.0,0.0,0.0,0.0,0.0,0.0,0.0,0.0,0.0,0.0,0.0,0.0,0.0,0.0,0.3468990280072203,0.0,0.0,0.0,0.0,0.0,0.0,0.0,0.0,0.0,0.0,0.0,0.0,0.0,0.0,0.0,0.0,0.0,0.0,0.0,0.0,0.0,0.0,0.0,0.0,0.0,0.30737518277632697,0.0,0.0,0.4300777420510803,0.0,0.0,0.0,0.3468990280072203,0.0,0.0,0.0,0.0,0.0,0.0,0.0,0.2014490372002078,0.0,0.0,0.0,0.18431018484729322,0.0,0.0,0.0,0.0,0.0,0.0,0.0,0.0,0.0,0.0,0.0,0.0,0.0,0.0,0.0,0.0,0.0,0.0,0.0,0.0,0.0,0.0,0.0,0.0,0.0,0.0,0.3387856641775232,0.0,0.0,0.0,0.0,0.0,0.0,0.0,0.0,0.0,0.0,0.24488448479735103,0.0,0.0,0.28494485999513214,0.0,0.0,0.0,0.0,0.0,0.0,0.0,0.0,0.0,0.0,0.0,0.0,0.0,0.0,0.0,0.0,0.0,0.0,0.0,0.0,0.0,0.0,0.0,0.0,0.21929575117732078,0.0,0.0,0.0,0.0,0.0,0.0,0.0,0.0,0.3182694861979094,0.0,0.0,0.0,0.0,0.0,0.0
78ad3f7666f077021054f2ea1e8b2ce4349b0b233981100a7ffee50681484cd7,0.0,0.23469081045313936,0.2763845959748341,0.0,0.0,0.0,0.0,0.0,0.0,0.0,0.0,0.0,0.0,0.0,0.0,0.0,0.0,0.0,0.0,0.0,0.0,0.0,0.0,0.0,0.0,0.0,0.0,0.0,0.0,0.0,0.0,0.0,0.0,0.0,0.17943400387682076,0.0,0.0,0.0,0.0,0.0,0.0,0.0,0.0,0.0,0.0,0.3330954891928387,0.0,0.0,0.0,0.0,0.2598518420584894,0.0,0.0,0.0,0.0,0.0,0.0,0.0,0.0,0.0,0.1589902400556106,0.0,0.0,0.22245830920264686,0.21190496912729223,0.0,0.0,0.17943400387682076,0.0,0.0,0.0,0.0,0.0,0.0,0.0,0.10419979418683048,0.0,0.0,0.0,0.09533469901143228,0.0,0.0,0.0,0.0,0.0,0.3225283376900095,0.0,0.0,0.0,0.0,0.0,0.0,0.0,0.0,0.0,0.0,0.0,0.0,0.0,0.0,0.0,0.0,0.0,0.0,0.0,0.0,0.0,0.0,0.0,0.0,0.0,0.0,0.0,0.0,0.2203335006517249,0.0,0.0,0.12666683976291385,0.13947680415956665,0.12362219728793071,0.14738812445442337,0.0,0.24059305746526732,0.0,0.0,0.0,0.0,0.0,0.0,0.0,0.0,0.0,0.0,0.0,0.0,0.0,0.0,0.0,0.0,0.0,0.0,0.0,0.0,0.0,0.32869318101893086,0.11343103177015156,0.23469081045313936,0.0,0.0,0.0,0.0,0.0,0.0,0.0,0.16462533362624693,0.0,0.0,0.0,0.0,0.0,0.0
84ad231f0d74cd4bed8da0fbfc6801fc77424ee74a560e0d3175aa37b4ecab23,0.0,0.0,0.0,0.0,0.0,0.0,0.0,0.0,0.0,0.0,0.0,0.0,0.0,0.0,0.0,0.0,0.0,0.5406308120175433,0.0,0.0,0.0,0.0,0.0,0.0,0.0,0.0,0.0,0.0,0.0,0.0,0.0,0.0,0.0,0.0,0.0,0.0,0.0,0.0,0.0,0.0,0.0,0.0,0.0,0.0,0.0,0.0,0.0,0.0,0.0,0.0,0.0,0.0,0.0,0.0,0.0,0.0,0.0,0.0,0.0,0.0,0.40020852636481413,0.0,0.0,0.0,0.0,0.0,0.0,0.0,0.0,0.0,0.0,0.0,0.0,0.0,0.0,0.0,0.0,0.0,0.0,0.0,0.0,0.0,0.0,0.0,0.0,0.0,0.0,0.0,0.0,0.0,0.0,0.0,0.0,0.0,0.0,0.0,0.0,0.0,0.0,0.3377136964576154,0.0,0.0,0.37049294226424084,0.0,0.0,0.0,0.44110559020854584,0.0,0.0,0.0,0.0,0.0,0.0,0.0,0.0,0.0,0.0,0.3188444099654964,0.0,0.0,0.0,0.0,0.0,0.0,0.0,0.0,0.0,0.0,0.0,0.0,0.0,0.0,0.0,0.0,0.0,0.0,0.0,0.0,0.0,0.0,0.0,0.0,0.0,0.0,0.0,0.0,0.0,0.0,0.0,0.0,0.0,0.0,0.0,0.0,0.0,0.0,0.0,0.0,0.0,0.0,0.0
7e44724101abeaace0c8ab6e16471862f8fed840e9f70cfb62d56bddd39bdbbc,0.0,0.0,0.0,0.0,0.0,0.0,0.0,0.0,0.0,0.0,0.0,0.0,0.35719458818484573,0.0,0.0,0.0,0.0,0.0,0.0,0.0,0.0,0.0,0.0,0.0,0.0,0.0,0.0,0.0,0.0,0.0,0.0,0.0,0.0,0.0,0.0,0.0,0.0,0.0,0.0,0.0,0.0,0.0,0.0,0.0,0.0,0.0,0.0,0.0,0.0,0.0,0.0,0.0,0.0,0.0,0.0,0.0,0.0,0.0,0.0,0.0,0.0,0.0,0.0,0.0,0.0,0.0,0.0,0.0,0.0,0.0,0.0,0.0,0.0,0.0,0.0,0.33958011346373745,0.0,0.0,0.0,0.0,0.0,0.0,0.0,0.0,0.0,0.0,0.0,0.0,0.0,0.0,0.0,0.0,0.0,0.0,0.0,0.0,0.0,0.0,0.0,0.4372282256946889,0.0,0.0,0.4796665740174661,0.0,0.0,0.0,0.0,0.0,0.0,0.0,0.0,0.0,0.0,0.0,0.0,0.0,0.4463152314816514,0.0,0.0,0.0,0.0,0.0,0.0,0.0,0.0,0.0,0.0,0.0,0.0,0.0,0.0,0.0,0.0,0.0,0.0,0.0,0.0,0.0,0.0,0.0,0.0,0.0,0.0,0.0,0.0,0.3696640952068711,0.0,0.0,0.0,0.0,0.0,0.0,0.0,0.0,0.0,0.0,0.0,0.0,0.0,0.0,0.0
87bde727af7beabcb4d733a41d258ee407d6e977e78c06a96ba2295431d53c23,0.0,0.0,0.0,0.0,0.0,0.0,0.0,0.0,0.0,0.0,0.0,0.0,0.0,0.0,0.0,0.0,0.0,0.0,0.0,0.0,0.0,0.0,0.0,0.0,0.0,0.0,0.0,0.0,0.0,0.0,0.0,0.0,0.0,0.0,0.3468990280072203,0.0,0.0,0.0,0.0,0.0,0.0,0.0,0.0,0.0,0.0,0.0,0.0,0.0,0.0,0.0,0.0,0.0,0.0,0.0,0.0,0.0,0.0,0.0,0.0,0.0,0.30737518277632697,0.0,0.0,0.4300777420510803,0.0,0.0,0.0,0.3468990280072203,0.0,0.0,0.0,0.0,0.0,0.0,0.0,0.2014490372002078,0.0,0.0,0.0,0.18431018484729322,0.0,0.0,0.0,0.0,0.0,0.0,0.0,0.0,0.0,0.0,0.0,0.0,0.0,0.0,0.0,0.0,0.0,0.0,0.0,0.0,0.0,0.0,0.0,0.0,0.0,0.0,0.3387856641775232,0.0,0.0,0.0,0.0,0.0,0.0,0.0,0.0,0.0,0.0,0.24488448479735103,0.0,0.0,0.28494485999513214,0.0,0.0,0.0,0.0,0.0,0.0,0.0,0.0,0.0,0.0,0.0,0.0,0.0,0.0,0.0,0.0,0.0,0.0,0.0,0.0,0.0,0.0,0.0,0.0,0.21929575117732078,0.0,0.0,0.0,0.0,0.0,0.0,0.0,0.0,0.3182694861979094,0.0,0.0,0.0,0.0,0.0,0.0
88b1331060f87fb5e3e2afd35fb1d27f00c68e037c56e10f825c220c1ce97434,0.0,0.22509600737548124,0.26508523675852547,0.0,0.0,0.0,0.0,0.0,0.0,0.0,0.0,0.0,0.0,0.0,0.0,0.0,0.0,0.0,0.0,0.0,0.0,0.0,0.0,0.0,0.0,0.0,0.0,0.0,0.0,0.0,0.0,0.0,0.0,0.0,0.17209825038349172,0.0,0.0,0.0,0.0,0.0,0.0,0.0,0.0,0.0,0.0,0.31947763334799034,0.0,0.0,0.0,0.0,0.24922838710043618,0.0,0.0,0.0,0.0,0.0,0.0,0.0,0.0,0.0,0.15249028361650765,0.0,0.0,0.21336360427718765,0.20324171364648355,0.0,0.0,0.0,0.0,0.0,0.0,0.0,0.0,0.0,0.0,0.09993982122911312,0.0,0.0,0.0,0.0914371554232689,0.0,0.0,0.0,0.0,0.3312278473348752,0.3093424959387921,0.0,0.0,0.0,0.0,0.0,0.0,0.0,0.0,0.0,0.0,0.0,0.0,0.0,0.0,0.0,0.0,0.0,0.0,0.0,0.0,0.0,0.0,0.0,0.0,0.0,0.0,0.0,0.0,0.211325663719028,0.0,0.0,0.12148835245168144,0.13377461042122538,0.11856818329941994,0.1413624942757423,0.0,0.23075695436530447,0.0,0.0,0.0,0.0,0.0,0.0,0.0,0.0,0.0,0.0,0.0,0.0,0.0,0.0,0.0,0.0,0.0,0.0,0.0,0.0,0.0,0.31525530358880716,0.10879366053849228,0.22509600737548124,0.0,0.0,0.0,0.0,0.0,0.0,0.0,0.15789499912917895,0.0,0.0,0.0,0.0,0.0,0.0
90c54543aaf085e00879d4fe98a6dfb8148548f374828d50b6e3ac44668138b2,0.0,0.0,0.2908453423313063,0.0,0.3209032019899799,0.0,0.0,0.0,0.0,0.0,0.0,0.0,0.11533941949322346,0.0,0.0,0.0,0.0,0.0,0.0,0.0,0.0,0.0,0.0,0.0,0.0,0.0,0.0,0.0,0.0,0.0,0.0,0.0,0.0,0.0,0.0,0.0,0.0,0.0,0.0,0.0,0.0,0.0,0.0,0.0,0.0,0.0,0.0,0.0,0.0,0.0,0.27344757652775786,0.0,0.0,0.0,0.0,0.0,0.0,0.0,0.0,0.0,0.16730878446105987,0.0,0.0,0.0,0.0,0.0,0.0,0.0,0.0,0.0,0.0,0.0,0.0,0.0,0.0,0.0,0.0,0.0,0.0,0.10032271542570623,0.0,0.0,0.0,0.0,0.0,0.0,0.0,0.0,0.0,0.0,0.0,0.0,0.0,0.0,0.0,0.0,0.0,0.0,0.0,0.1411825694055043,0.0,0.0,0.0,0.0,0.0,0.0,0.18440596652730057,0.0,0.0,0.0,0.0,0.0,0.0,0.0,0.0,0.2639013596924263,0.0,0.13329418827749673,0.1467743841149506,0.13009024675611927,0.0,0.0,0.2531811511210012,0.0,0.1822849327246812,0.0,0.20937648066652262,0.0,0.0,0.0,0.0,0.0,0.0,0.0,0.0,0.0,0.0,0.0,0.0,0.0,0.3722659843618124,0.0,0.0,0.1782024570937822,0.0,0.0,0.0,0.2672440670942395,0.0,0.0,0.0,0.0,0.0,0.0,0.1732387123314608,0.0,0.0,0.30585098216970774,0.0,0.0,0.0
93ce973daa9687f185966b3133f7003006655ec9d5bf3edb881efaf0e4fbafc7,0.0,0.0,0.0,0.0,0.0,0.0,0.0,0.0,0.0,0.0,0.0,0.0,0.0,0.0,0.0,0.0,0.0,0.0,0.0,0.0,0.0,0.0,0.0,0.0,0.0,0.0,0.0,0.0,0.0,0.0,0.0,0.0,0.0,0.0,0.0,0.0,0.0,0.0,0.0,0.0,0.0,0.0,0.0,0.0,0.0,0.0,0.0,0.0,0.0,0.0,0.0,0.0,0.0,0.0,0.0,0.0,0.0,0.0,0.0,0.0,0.0,0.0,0.0,0.0,0.0,0.0,0.0,0.532943874637846,0.0,0.0,0.0,0.0,0.0,0.0,0.0,0.0,0.0,0.0,0.0,0.0,0.0,0.0,0.0,0.0,0.0,0.0,0.0,0.0,0.0,0.0,0.0,0.0,0.0,0.0,0.0,0.0,0.0,0.0,0.0,0.0,0.0,0.0,0.437160379559591,0.0,0.0,0.0,0.0,0.0,0.0,0.0,0.0,0.0,0.0,0.0,0.0,0.0,0.0,0.0,0.4142654503877225,0.3671750693313535,0.0,0.0,0.0,0.0,0.0,0.0,0.0,0.0,0.0,0.0,0.0,0.0,0.0,0.4673630645503422,0.0,0.0,0.0,0.0,0.0,0.0,0.0,0.0,0.0,0.0,0.0,0.0,0.0,0.0,0.0,0.0,0.0,0.0,0.0,0.0,0.0,0.0,0.0,0.0,0.0,0.0,0.0
93fe4c0755a3334733ca1aeda854458ac083eaffe310421c8c2e2e18265aae3b,0.0,0.0,0.0,0.0,0.0,0.0,0.0,0.0,0.0,0.0,0.0,0.0,0.0,0.0,0.0,0.0,0.0,0.0,0.0,0.0,0.0,0.0,0.0,0.0,0.0,0.0,0.0,0.0,0.0,0.0,0.0,0.0,0.0,0.0,0.3135818144794954,0.0,0.0,0.0,0.0,0.0,0.0,0.0,0.0,0.0,0.0,0.0,0.0,0.0,0.0,0.0,0.0,0.0,0.0,0.0,0.0,0.0,0.0,0.0,0.0,0.0,0.277853956797368,0.0,0.0,0.38877179764486136,0.0,0.0,0.0,0.3135818144794954,0.0,0.0,0.0,0.0,0.0,0.0,0.0,0.1821012730225168,0.0,0.0,0.0,0.16660848698100833,0.0,0.0,0.0,0.0,0.0,0.0,0.0,0.0,0.0,0.0,0.0,0.0,0.0,0.0,0.0,0.0,0.0,0.0,0.0,0.0,0.0,0.0,0.2572232303711078,0.0,0.0,0.0,0.30624768222244053,0.0,0.0,0.0,0.0,0.0,0.0,0.0,0.0,0.0,0.239338431786074,0.22136505115555244,0.24375195548878975,0.0,0.25757790887214455,0.0,0.0,0.0,0.0,0.0,0.0,0.0,0.0,0.0,0.0,0.0,0.0,0.0,0.0,0.0,0.0,0.0,0.0,0.0,0.0,0.0,0.0,0.0,0.0,0.19823393555428723,0.0,0.0,0.0,0.0,0.0,0.0,0.0,0.0,0.2877019389438008,0.0,0.0,0.0,0.0,0.0,0.0
94ef44e3f7be172fb47203eb942e4601f1a96cb4bfd37e055fd6cf39b5db49a6,0.0,0.0,0.3098264210125533,0.0,0.34184590946884835,0.0,0.0,0.0,0.0,0.0,0.0,0.0,0.12286667290873939,0.0,0.0,0.0,0.0,0.0,0.0,0.0,0.0,0.0,0.0,0.0,0.0,0.0,0.0,0.0,0.0,0.0,0.0,0.0,0.0,0.0,0.0,0.0,0.0,0.0,0.0,0.0,0.0,0.0,0.0,0.0,0.0,0.0,0.0,0.0,0.0,0.0,0.0,0.0,0.0,0.0,0.0,0.0,0.0,0.0,0.0,0.0,0.17822765005630697,0.0,0.0,0.0,0.0,0.0,0.0,0.0,0.0,0.0,0.0,0.0,0.0,0.0,0.0,0.0,0.0,0.0,0.0,0.10686995231713473,0.0,0.0,0.0,0.0,0.0,0.0,0.0,0.0,0.0,0.0,0.0,0.0,0.0,0.0,0.0,0.0,0.0,0.0,0.0,0.1503963922462837,0.0,0.0,0.0,0.0,0.0,0.0,0.19644062430070555,0.0,0.0,0.0,0.0,0.0,0.0,0.0,0.0,0.28112402666814157,0.0,0.14199320148901337,0.15635313862051164,0.13858016510773574,0.0,0.0,0.26970419842688587,0.0,0.19418116810090974,0.0,0.22304075811954363,0.0,0.0,0.0,0.0,0.0,0.0,0.17639337760210297,0.0,0.0,0.0,0.0,0.0,0.0,0.39656071737312676,0.0,0.0,0.18983226292864955,0.0,0.0,0.0,0.0,0.0,0.0,0.0,0.0,0.0,0.0,0.18454457545116537,0.0,0.0,0.32581135530398636,0.0,0.0,0.0
098aa02c6c9dfa8b4fe8a40e0aa819ee73b834ab2058051de80c4c530534643f,0.0,0.0,0.0,0.0,0.0,0.0,0.0,0.0,0.0,0.0,0.0,0.0,0.0,0.0,0.0,0.0,0.0,0.0,0.0,0.0,0.0,0.0,0.0,0.0,0.0,0.0,0.0,0.0,0.0,0.0,0.0,0.0,0.0,0.0,0.3468990280072203,0.0,0.0,0.0,0.0,0.0,0.0,0.0,0.0,0.0,0.0,0.0,0.0,0.0,0.0,0.0,0.0,0.0,0.0,0.0,0.0,0.0,0.0,0.0,0.0,0.0,0.30737518277632697,0.0,0.0,0.4300777420510803,0.0,0.0,0.0,0.3468990280072203,0.0,0.0,0.0,0.0,0.0,0.0,0.0,0.2014490372002078,0.0,0.0,0.0,0.18431018484729322,0.0,0.0,0.0,0.0,0.0,0.0,0.0,0.0,0.0,0.0,0.0,0.0,0.0,0.0,0.0,0.0,0.0,0.0,0.0,0.0,0.0,0.0,0.0,0.0,0.0,0.0,0.3387856641775232,0.0,0.0,0.0,0.0,0.0,0.0,0.0,0.0,0.0,0.0,0.24488448479735103,0.0,0.0,0.28494485999513214,0.0,0.0,0.0,0.0,0.0,0.0,0.0,0.0,0.0,0.0,0.0,0.0,0.0,0.0,0.0,0.0,0.0,0.0,0.0,0.0,0.0,0.0,0.0,0.0,0.21929575117732078,0.0,0.0,0.0,0.0,0.0,0.0,0.0,0.0,0.3182694861979094,0.0,0.0,0.0,0.0,0.0,0.0
098aad386b0f549cefddf2001dba9f31f40d88a3618cd3a8d5589b4b0b467342,0.0,0.22183484734750708,0.2612447182695372,0.0,0.0,0.0,0.0,0.0,0.0,0.0,0.0,0.0,0.0,0.0,0.0,0.0,0.0,0.0,0.0,0.0,0.0,0.0,0.0,0.0,0.0,0.0,0.0,0.0,0.0,0.0,0.0,0.0,0.0,0.0,0.16960491457723403,0.0,0.0,0.0,0.0,0.0,0.0,0.0,0.0,0.0,0.0,0.3148490852904128,0.0,0.0,0.0,0.0,0.24561760047065545,0.0,0.0,0.0,0.0,0.0,0.0,0.0,0.0,0.0,0.15028102533874946,0.0,0.0,0.21027242169333765,0.2002971756234023,0.0,0.0,0.16960491457723403,0.0,0.0,0.0,0.0,0.0,0.0,0.0,0.09849190683029571,0.0,0.0,0.0,0.09011242647842976,0.0,0.0,0.0,0.0,0.3264290637914667,0.30486078435949004,0.0,0.0,0.0,0.0,0.0,0.0,0.0,0.0,0.0,0.0,0.0,0.0,0.0,0.0,0.0,0.0,0.0,0.0,0.0,0.0,0.0,0.0,0.0,0.0,0.0,0.0,0.0,0.0,0.20826400653798344,0.0,0.0,0.11972824589315428,0.13183650224529586,0.1168503837503565,0.13931445388105962,0.0,0.2274137793151229,0.0,0.0,0.0,0.0,0.0,0.0,0.0,0.0,0.0,0.0,0.0,0.0,0.0,0.0,0.0,0.0,0.0,0.0,0.0,0.0,0.0,0.3106879280646571,0.10721747293222661,0.22183484734750708,0.0,0.0,0.0,0.0,0.0,0.0,0.0,0.15560743807564967,0.0,0.0,0.0,0.0,0.0,0.0
141c1029d3a44625dbca07357d78711dc4f930858abeccff2edec092efbe9f8b,0.0,0.0,0.0,0.0,0.0,0.0,0.0,0.0,0.0,0.0,0.0,0.0,0.0,0.0,0.0,0.0,0.0,0.0,0.0,0.0,0.0,0.0,0.0,0.0,0.0,0.0,0.0,0.0,0.0,0.0,0.0,0.0,0.0,0.0,0.3468990280072203,0.0,0.0,0.0,0.0,0.0,0.0,0.0,0.0,0.0,0.0,0.0,0.0,0.0,0.0,0.0,0.0,0.0,0.0,0.0,0.0,0.0,0.0,0.0,0.0,0.0,0.30737518277632697,0.0,0.0,0.4300777420510803,0.0,0.0,0.0,0.3468990280072203,0.0,0.0,0.0,0.0,0.0,0.0,0.0,0.2014490372002078,0.0,0.0,0.0,0.18431018484729322,0.0,0.0,0.0,0.0,0.0,0.0,0.0,0.0,0.0,0.0,0.0,0.0,0.0,0.0,0.0,0.0,0.0,0.0,0.0,0.0,0.0,0.0,0.0,0.0,0.0,0.0,0.3387856641775232,0.0,0.0,0.0,0.0,0.0,0.0,0.0,0.0,0.0,0.0,0.24488448479735103,0.0,0.0,0.28494485999513214,0.0,0.0,0.0,0.0,0.0,0.0,0.0,0.0,0.0,0.0,0.0,0.0,0.0,0.0,0.0,0.0,0.0,0.0,0.0,0.0,0.0,0.0,0.0,0.0,0.21929575117732078,0.0,0.0,0.0,0.0,0.0,0.0,0.0,0.0,0.3182694861979094,0.0,0.0,0.0,0.0,0.0,0.0
161c471b0aaaf0d7c1f0267ebb837e10fb8c5edfe09b0d00bf2472820f413713,0.0,0.0,0.0,0.0,0.0,0.0,0.0,0.0,0.0,0.0,0.0,0.0,0.0,0.0,0.0,0.0,0.0,0.5257054615323886,0.0,0.0,0.0,0.0,0.0,0.0,0.0,0.0,0.0,0.0,0.0,0.0,0.0,0.0,0.0,0.0,0.0,0.0,0.0,0.0,0.0,0.0,0.0,0.0,0.0,0.0,0.0,0.0,0.0,0.0,0.0,0.0,0.0,0.0,0.0,0.0,0.0,0.0,0.0,0.0,0.0,0.0,0.3891598543498933,0.0,0.0,0.0,0.0,0.0,0.0,0.0,0.0,0.0,0.0,0.0,0.0,0.0,0.0,0.0,0.0,0.0,0.0,0.23335040923771894,0.0,0.0,0.0,0.0,0.0,0.0,0.0,0.0,0.0,0.0,0.0,0.0,0.0,0.0,0.0,0.0,0.0,0.0,0.0,0.3283903372053804,0.0,0.0,0.3602646369352605,0.0,0.0,0.0,0.42892786117705667,0.0,0.0,0.0,0.0,0.0,0.0,0.0,0.0,0.0,0.0,0.3100419805382721,0.0,0.0,0.0,0.0,0.0,0.0,0.0,0.0,0.0,0.0,0.0,0.0,0.0,0.0,0.0,0.0,0.0,0.0,0.0,0.0,0.0,0.0,0.0,0.0,0.0,0.0,0.0,0.0,0.0,0.0,0.0,0.0,0.0,0.0,0.0,0.0,0.0,0.0,0.0,0.0,0.0,0.0,0.0
a91aba394cc1c8de40a720ba8ad3f731733628ad338a21553b39ec86d36d702f,0.0,0.0,0.0,0.0,0.0,0.0,0.0,0.0,0.0,0.0,0.22998996418102718,0.0,0.14980789770541783,0.0,0.0,0.0,0.0,0.0,0.0,0.0,0.0,0.2189350722882636,0.0,0.0,0.0,0.0,0.3149024212592422,0.0,0.0,0.0,0.0,0.0,0.0,0.0,0.0,0.0,0.0,0.0,0.0,0.0,0.0,0.0,0.0,0.0,0.29092355844611734,0.0,0.0,0.0,0.0,0.0,0.0,0.0,0.0,0.0,0.0,0.0,0.0,0.0,0.2896318831912441,0.0,0.0,0.0,0.0,0.0,0.2896318831912441,0.0,0.0,0.0,0.0,0.0,0.0,0.0,0.0,0.0,0.0,0.14242036297102006,0.0,0.24234348712194148,0.0,0.1303035437152252,0.0,0.0,0.0,0.0,0.0,0.0,0.0,0.0,0.0,0.0,0.0,0.0,0.0,0.0,0.0,0.0,0.0,0.0,0.0,0.0,0.0,0.0,0.0,0.0,0.34170866170592057,0.0,0.0,0.0,0.0,0.0,0.0,0.0,0.0,0.0,0.0,0.0,0.0,0.17312833903568542,0.0,0.16896691923838136,0.0,0.0,0.0,0.0,0.23675966703181148,0.0,0.27194735794082675,0.0,0.0,0.0,0.0,0.0,0.0,0.21507151159986682,0.0,0.0,0.0,0.0,0.0,0.0,0.0,0.0,0.0,0.2314571685938467,0.0,0.15503762596609874,0.0,0.0,0.0,0.0,0.0,0.0,0.0,0.0,0.0,0.0,0.0,0.0,0.0,0.0,0.0
7184ecf9db3c6c15ab1b97ebe8b9124c9eb5b4f9f63e9da59f6b8c63d2ff5aef,0.0,0.0,0.0,0.0,0.0,0.30123856777736807,0.0,0.0,0.0,0.0,0.0,0.29107915857089756,0.10827153272685816,0.0,0.4918653767322514,0.0,0.0,0.21216303739584944,0.0,0.0,0.30604537988479014,0.0,0.0,0.0,0.0,0.0,0.0,0.0,0.0,0.0,0.0,0.0,0.0,0.0,0.0,0.0,0.0,0.0,0.0,0.0,0.0,0.0,0.0,0.0,0.0,0.0,0.0,0.22584215618259315,0.0,0.0,0.0,0.0,0.0,0.0,0.0,0.0,0.0,0.0,0.0,0.0,0.0,0.0,0.0,0.0,0.0,0.0,0.0,0.0,0.0,0.0,0.3733177568320637,0.0,0.0,0.0,0.0,0.0,0.0,0.0,0.0,0.09417503759068087,0.0,0.0,0.0,0.0,0.0,0.0,0.0,0.0,0.0,0.0,0.0,0.0,0.0,0.0,0.0,0.0,0.0,0.0,0.0,0.0,0.0,0.0,0.14539479847840361,0.0,0.0,0.0,0.0,0.0,0.0,0.0,0.0,0.0,0.0,0.0,0.0,0.0,0.0,0.0,0.13778019347583068,0.0,0.0,0.0,0.0,0.0,0.0,0.0,0.0,0.0,0.0,0.0,0.0,0.43912896989029526,0.0,0.0,0.0,0.0,0.0,0.0,0.0,0.0,0.0,0.0,0.0,0.0,0.0,0.0,0.0,0.0,0.0,0.0,0.0,0.0,0.0,0.0,0.0,0.0,0.0,0.0,0.0,0.0,0.0
231bba5652f6fbdbab3016362fb7925fc4e4489fff5e6a4a98c37fba5bd0cfe9,0.0,0.0,0.0,0.0,0.0,0.0,0.0,0.0,0.0,0.0,0.0,0.0,0.0,0.0,0.0,0.0,0.0,0.5406308120175433,0.0,0.0,0.0,0.0,0.0,0.0,0.0,0.0,0.0,0.0,0.0,0.0,0.0,0.0,0.0,0.0,0.0,0.0,0.0,0.0,0.0,0.0,0.0,0.0,0.0,0.0,0.0,0.0,0.0,0.0,0.0,0.0,0.0,0.0,0.0,0.0,0.0,0.0,0.0,0.0,0.0,0.0,0.40020852636481413,0.0,0.0,0.0,0.0,0.0,0.0,0.0,0.0,0.0,0.0,0.0,0.0,0.0,0.0,0.0,0.0,0.0,0.0,0.0,0.0,0.0,0.0,0.0,0.0,0.0,0.0,0.0,0.0,0.0,0.0,0.0,0.0,0.0,0.0,0.0,0.0,0.0,0.0,0.3377136964576154,0.0,0.0,0.37049294226424084,0.0,0.0,0.0,0.44110559020854584,0.0,0.0,0.0,0.0,0.0,0.0,0.0,0.0,0.0,0.0,0.3188444099654964,0.0,0.0,0.0,0.0,0.0,0.0,0.0,0.0,0.0,0.0,0.0,0.0,0.0,0.0,0.0,0.0,0.0,0.0,0.0,0.0,0.0,0.0,0.0,0.0,0.0,0.0,0.0,0.0,0.0,0.0,0.0,0.0,0.0,0.0,0.0,0.0,0.0,0.0,0.0,0.0,0.0,0.0,0.0
245f7a3c993a0ecada1c1f8936ea82e8e48812c5758767e5d91db91324bc303a,0.0,0.0,0.30524397005883586,0.0,0.33678987806665084,0.0,0.0,0.0,0.0,0.0,0.0,0.0,0.1210494279474779,0.0,0.0,0.0,0.0,0.0,0.0,0.0,0.0,0.0,0.0,0.0,0.0,0.0,0.0,0.0,0.0,0.0,0.0,0.0,0.0,0.0,0.0,0.0,0.0,0.0,0.0,0.0,0.0,0.0,0.0,0.0,0.0,0.0,0.0,0.0,0.0,0.0,0.28698490817576927,0.0,0.0,0.0,0.0,0.0,0.0,0.0,0.0,0.0,0.1755915951249354,0.0,0.0,0.0,0.0,0.0,0.0,0.0,0.0,0.0,0.0,0.0,0.0,0.0,0.0,0.0,0.0,0.0,0.0,0.10528930495556077,0.0,0.0,0.0,0.0,0.0,0.0,0.0,0.0,0.0,0.0,0.0,0.0,0.0,0.0,0.0,0.0,0.0,0.0,0.0,0.14817197223448383,0.0,0.0,0.0,0.0,0.0,0.0,0.1935351925327055,0.0,0.0,0.0,0.0,0.0,0.0,0.0,0.243340162423587,0.27696609507564474,0.0,0.13989306787400976,0.0,0.1365305116027542,0.0,0.0,0.26571517045030535,0.0,0.1913091545520009,0.0,0.21974190022542828,0.0,0.0,0.0,0.0,0.0,0.0,0.0,0.0,0.0,0.0,0.0,0.0,0.0,0.0,0.0,0.0,0.1870245713461796,0.0,0.12527521059293642,0.0,0.28047428698924337,0.0,0.0,0.0,0.0,0.0,0.0,0.18181509078353816,0.0,0.0,0.32099248107445694,0.0,0.0,0.0
0251d3e4eac3e2e30f8648c4f366e525bb4f0b17b68bd677da867ef906653c31,0.0,0.0,0.0,0.0,0.0,0.0,0.0,0.0,0.0,0.0,0.0,0.0,0.0,0.0,0.0,0.0,0.0,0.0,0.0,0.0,0.0,0.0,0.0,0.0,0.0,0.0,0.0,0.0,0.0,0.0,0.0,0.0,0.0,0.0,0.3135818144794954,0.0,0.0,0.0,0.0,0.0,0.0,0.0,0.0,0.0,0.0,0.0,0.0,0.0,0.0,0.0,0.0,0.0,0.0,0.0,0.0,0.0,0.0,0.0,0.0,0.0,0.277853956797368,0.0,0.0,0.38877179764486136,0.0,0.0,0.0,0.3135818144794954,0.0,0.0,0.0,0.0,0.0,0.0,0.0,0.1821012730225168,0.0,0.0,0.0,0.16660848698100833,0.0,0.0,0.0,0.0,0.0,0.0,0.0,0.0,0.0,0.0,0.0,0.0,0.0,0.0,0.0,0.0,0.0,0.0,0.0,0.0,0.0,0.0,0.2572232303711078,0.0,0.0,0.0,0.30624768222244053,0.0,0.0,0.0,0.0,0.0,0.0,0.0,0.0,0.0,0.239338431786074,0.22136505115555244,0.24375195548878975,0.0,0.25757790887214455,0.0,0.0,0.0,0.0,0.0,0.0,0.0,0.0,0.0,0.0,0.0,0.0,0.0,0.0,0.0,0.0,0.0,0.0,0.0,0.0,0.0,0.0,0.0,0.0,0.19823393555428723,0.0,0.0,0.0,0.0,0.0,0.0,0.0,0.0,0.2877019389438008,0.0,0.0,0.0,0.0,0.0,0.0
0291e99acfedf4e277d56babb2783ce0a01e873a42627b4e3f4a56c2a10cc24d,0.0,0.0,0.0,0.0,0.3394202714930882,0.0,0.0,0.0,0.0,0.0,0.0,0.0,0.12199484715477378,0.0,0.0,0.0,0.0,0.0,0.0,0.0,0.0,0.0,0.0,0.0,0.0,0.0,0.0,0.0,0.0,0.0,0.0,0.0,0.0,0.0,0.0,0.0,0.0,0.0,0.0,0.0,0.0,0.0,0.0,0.0,0.0,0.0,0.0,0.0,0.0,0.0,0.28922631525215087,0.0,0.0,0.0,0.0,0.0,0.0,0.0,0.0,0.0,0.1769629991000361,0.0,0.0,0.0,0.0,0.0,0.0,0.0,0.0,0.0,0.0,0.0,0.0,0.0,0.0,0.0,0.0,0.0,0.0,0.1061116345849995,0.0,0.0,0.0,0.0,0.0,0.0,0.0,0.0,0.0,0.0,0.0,0.0,0.0,0.0,0.0,0.0,0.0,0.0,0.0,0.1493292237052977,0.0,0.0,0.0,0.0,0.0,0.0,0.19504673943887937,0.0,0.0,0.0,0.0,0.0,0.0,0.0,0.0,0.2791292533036032,0.0,0.1409856595167643,0.0,0.13759684103726572,0.0,0.0,0.2677904568029399,0.0,0.1928033156753684,0.0,0.221458126535981,0.0,0.0,0.0,0.0,0.0,0.0,0.0,0.0,0.0,0.0,0.0,0.0,0.0,0.39374683922185816,0.0,0.0,0.18848526905442217,0.0,0.0,0.0,0.28266484486769367,0.0,0.0,0.0,0.0,0.0,0.0,0.1832351014512266,0.0,0.0,0.3234994938059588,0.0,0.0,0.0
930882d0f2a8881e87ba3b4a238602f9ba98308b3e03f8ef2960f6c12a6f1584,0.0,0.0,0.0,0.0,0.0,0.0,0.0,0.0,0.0,0.0,0.2093659338269458,0.0,0.1363740827102306,0.0,0.0,0.0,0.0,0.0,0.0,0.0,0.0,0.1993023739984717,0.0,0.0,0.0,0.0,0.0,0.4519058318074428,0.0,0.0,0.0,0.0,0.0,0.0,0.0,0.0,0.0,0.0,0.0,0.0,0.0,0.0,0.0,0.23638351268175115,0.0,0.0,0.0,0.28446089300684374,0.0,0.0,0.0,0.0,0.0,0.0,0.0,0.0,0.0,0.0,0.26365954665161895,0.0,0.0,0.0,0.0,0.0,0.26365954665161895,0.0,0.0,0.0,0.0,0.0,0.0,0.0,0.0,0.0,0.0,0.12964901488453728,0.0,0.0,0.0,0.11861875455324286,0.0,0.0,0.0,0.0,0.0,0.0,0.0,0.0,0.0,0.0,0.0,0.0,0.0,0.0,0.0,0.0,0.0,0.0,0.0,0.0,0.0,0.0,0.18313292306808282,0.0,0.0,0.0,0.21803642364379713,0.0,0.0,0.0,0.0,0.0,0.0,0.0,0.0,0.0,0.0,0.15760329587939703,0.1735418999591154,0.15381504561808246,0.18338544034869764,0.0,0.0,0.0,0.21552857298440828,0.0,0.0,0.0,0.0,0.0,0.0,0.0,0.0,0.0,0.0,0.0,0.0,0.0,0.0,0.0,0.0,0.0,0.0,0.0,0.0,0.14113484235840726,0.2920104844271259,0.0,0.0,0.0,0.0,0.0,0.0,0.0,0.2048325766499331,0.0,0.0,0.0,0.0,0.0,0.0
0a40acb8ddbc2ed8f8b703681fadf9fcb2672fdb75d93c150b45c6465cc9b1b4,0.0,0.0,0.3084970658218043,0.0,0.34037917001937346,0.0,0.0,0.0,0.0,0.0,0.0,0.0,0.12233949563035397,0.0,0.0,0.0,0.0,0.0,0.0,0.0,0.0,0.0,0.0,0.0,0.0,0.0,0.0,0.0,0.0,0.0,0.0,0.0,0.0,0.0,0.0,0.0,0.0,0.0,0.0,0.0,0.0,0.0,0.0,0.0,0.0,0.0,0.0,0.0,0.0,0.0,0.2900434104899757,0.0,0.0,0.0,0.0,0.0,0.0,0.0,0.0,0.0,0.17746293847695543,0.0,0.0,0.0,0.0,0.0,0.0,0.0,0.0,0.0,0.0,0.0,0.0,0.0,0.0,0.0,0.0,0.0,0.0,0.10641141128831096,0.0,0.0,0.0,0.0,0.0,0.0,0.0,0.0,0.0,0.0,0.0,0.0,0.0,0.0,0.0,0.0,0.0,0.0,0.0,0.14975109471468803,0.0,0.0,0.0,0.0,0.0,0.0,0.1955977673140913,0.0,0.0,0.0,0.0,0.0,0.0,0.0,0.0,0.2799178232627825,0.0,0.14138395906600243,0.15568228280474294,0.13798556681228127,0.0,0.0,0.2685469934507129,0.0,0.1933480056387897,0.0,0.22208376940119673,0.0,0.0,0.0,0.0,0.0,0.0,0.17563653623472456,0.0,0.0,0.0,0.0,0.0,0.0,0.0,0.0,0.0,0.1890177600748545,0.0,0.0,0.0,0.2834634032507389,0.0,0.0,0.0,0.0,0.0,0.0,0.18375276018731918,0.0,0.0,0.32441341443450583,0.0,0.0,0.0
324cb383fd7f47c079b162b725215bb4badfd4c0b2e41d330fa38344e59e77ce,0.0,0.0,0.0,0.0,0.3941541004686511,0.0,0.0,0.0,0.0,0.0,0.0,0.0,0.14166734659240768,0.0,0.0,0.0,0.0,0.0,0.0,0.0,0.0,0.0,0.0,0.0,0.0,0.0,0.0,0.0,0.0,0.0,0.0,0.0,0.0,0.0,0.0,0.0,0.0,0.0,0.0,0.0,0.0,0.0,0.0,0.0,0.0,0.0,0.0,0.0,0.0,0.0,0.0,0.0,0.0,0.0,0.0,0.0,0.0,0.0,0.0,0.0,0.20549948716875568,0.0,0.0,0.0,0.0,0.0,0.0,0.0,0.0,0.0,0.0,0.0,0.0,0.0,0.0,0.0,0.0,0.0,0.0,0.12322285788979571,0.0,0.0,0.0,0.0,0.0,0.0,0.0,0.0,0.0,0.0,0.0,0.0,0.0,0.0,0.0,0.0,0.0,0.0,0.0,0.17340957740775997,0.0,0.0,0.0,0.0,0.0,0.0,0.22649935372065835,0.0,0.0,0.0,0.0,0.0,0.0,0.0,0.2847874270407351,0.32414074523715763,0.0,0.1637205567049974,0.0,0.15978526818035335,0.0,0.0,0.31097349062547475,0.0,0.22389416260585876,0.0,0.25716975675107784,0.0,0.0,0.0,0.0,0.0,0.0,0.0,0.0,0.0,0.0,0.0,0.0,0.0,0.0,0.0,0.0,0.21887980157735015,0.0,0.0,0.0,0.0,0.0,0.0,0.0,0.0,0.0,0.0,0.21278300871390635,0.0,0.0,0.375665989017831,0.0,0.0,0.0
329b3ddbf1c00b7767f0ec39b90eb9f4f8bd98ace60e2f6b6fbfb9adf25e3ef9,0.0,0.23469081045313936,0.2763845959748341,0.0,0.0,0.0,0.0,0.0,0.0,0.0,0.0,0.0,0.0,0.0,0.0,0.0,0.0,0.0,0.0,0.0,0.0,0.0,0.0,0.0,0.0,0.0,0.0,0.0,0.0,0.0,0.0,0.0,0.0,0.0,0.17943400387682076,0.0,0.0,0.0,0.0,0.0,0.0,0.0,0.0,0.0,0.0,0.3330954891928387,0.0,0.0,0.0,0.0,0.2598518420584894,0.0,0.0,0.0,0.0,0.0,0.0,0.0,0.0,0.0,0.1589902400556106,0.0,0.0,0.22245830920264686,0.21190496912729223,0.0,0.0,0.17943400387682076,0.0,0.0,0.0,0.0,0.0,0.0,0.0,0.10419979418683048,0.0,0.0,0.0,0.09533469901143228,0.0,0.0,0.0,0.0,0.0,0.3225283376900095,0.0,0.0,0.0,0.0,0.0,0.0,0.0,0.0,0.0,0.0,0.0,0.0,0.0,0.0,0.0,0.0,0.0,0.0,0.0,0.0,0.0,0.0,0.0,0.0,0.0,0.0,0.0,0.0,0.2203335006517249,0.0,0.0,0.12666683976291385,0.13947680415956665,0.12362219728793071,0.14738812445442337,0.0,0.24059305746526732,0.0,0.0,0.0,0.0,0.0,0.0,0.0,0.0,0.0,0.0,0.0,0.0,0.0,0.0,0.0,0.0,0.0,0.0,0.0,0.0,0.0,0.32869318101893086,0.11343103177015156,0.23469081045313936,0.0,0.0,0.0,0.0,0.0,0.0,0.0,0.16462533362624693,0.0,0.0,0.0,0.0,0.0,0.0
338c8ee7311ecb162958e309f3459c09ebf8972011de7715fe17179a20e1c2ce,0.0,0.0,0.0,0.0,0.0,0.0,0.0,0.0,0.0,0.0,0.0,0.0,0.0,0.0,0.0,0.0,0.0,0.0,0.0,0.0,0.0,0.0,0.0,0.0,0.0,0.0,0.0,0.0,0.0,0.0,0.0,0.0,0.0,0.0,0.3135818144794954,0.0,0.0,0.0,0.0,0.0,0.0,0.0,0.0,0.0,0.0,0.0,0.0,0.0,0.0,0.0,0.0,0.0,0.0,0.0,0.0,0.0,0.0,0.0,0.0,0.0,0.277853956797368,0.0,0.0,0.38877179764486136,0.0,0.0,0.0,0.3135818144794954,0.0,0.0,0.0,0.0,0.0,0.0,0.0,0.1821012730225168,0.0,0.0,0.0,0.16660848698100833,0.0,0.0,0.0,0.0,0.0,0.0,0.0,0.0,0.0,0.0,0.0,0.0,0.0,0.0,0.0,0.0,0.0,0.0,0.0,0.0,0.0,0.0,0.2572232303711078,0.0,0.0,0.0,0.30624768222244053,0.0,0.0,0.0,0.0,0.0,0.0,0.0,0.0,0.0,0.239338431786074,0.22136505115555244,0.24375195548878975,0.0,0.25757790887214455,0.0,0.0,0.0,0.0,0.0,0.0,0.0,0.0,0.0,0.0,0.0,0.0,0.0,0.0,0.0,0.0,0.0,0.0,0.0,0.0,0.0,0.0,0.0,0.0,0.19823393555428723,0.0,0.0,0.0,0.0,0.0,0.0,0.0,0.0,0.2877019389438008,0.0,0.0,0.0,0.0,0.0,0.0
0341ff3dcd3d14b971c1558cb3277908aa3c7841e017fd6f30359a481305813e,0.0,0.0,0.0,0.0,0.0,0.0,0.0,0.0,0.0,0.0,0.22251074358540102,0.0,0.14493617942024994,0.0,0.0,0.0,0.0,0.0,0.0,0.0,0.0,0.21181535422754671,0.0,0.0,0.0,0.0,0.3046618671416684,0.0,0.0,0.0,0.0,0.0,0.0,0.0,0.0,0.0,0.0,0.0,0.0,0.0,0.0,0.0,0.0,0.2512245913970942,0.28146279141729863,0.0,0.0,0.3023204571391152,0.0,0.0,0.0,0.0,0.0,0.0,0.0,0.0,0.0,0.0,0.28021312114383196,0.0,0.0,0.0,0.0,0.0,0.0,0.0,0.0,0.0,0.0,0.0,0.0,0.0,0.0,0.0,0.0,0.13778888561172545,0.2941683595376565,0.23446253280920623,0.0,0.12606610252378742,0.0,0.0,0.0,0.0,0.0,0.0,0.0,0.0,0.0,0.0,0.0,0.0,0.0,0.0,0.0,0.0,0.0,0.0,0.0,0.17741083057532028,0.0,0.0,0.19463072211417548,0.0,0.0,0.0,0.0,0.0,0.0,0.0,0.0,0.0,0.0,0.0,0.0,0.0,0.1810979970237954,0.0,0.0,0.163472153991353,0.0,0.0,0.0,0.0,0.22906029726068475,0.0,0.0,0.0,0.0,0.0,0.0,0.0,0.0,0.20807743564173473,0.0,0.0,0.0,0.0,0.0,0.0,0.0,0.0,0.28021312114383196,0.0,0.0,0.0,0.0,0.0,0.0,0.0,0.0,0.0,0.0,0.0,0.0,0.0,0.0,0.0,0.0,0.0,0.0
7fa868c908374d9a48101bf8ed26b2f2c762773594106f176bd4ca279a91932c,0.0,0.0,0.0,0.0,0.0,0.0,0.0,0.0,0.0,0.0,0.2640302289609376,0.0,0.1719806065110955,0.0,0.0,0.0,0.0,0.0,0.0,0.0,0.0,0.25133912894716764,0.0,0.0,0.0,0.0,0.0,0.0,0.0,0.0,0.0,0.0,0.0,0.0,0.0,0.0,0.0,0.0,0.0,0.0,0.0,0.0,0.0,0.2981019492289574,0.0,0.0,0.0,0.0,0.0,0.0,0.0,0.0,0.0,0.0,0.0,0.0,0.0,0.0,0.0,0.0,0.0,0.0,0.0,0.0,0.0,0.0,0.0,0.0,0.0,0.0,0.0,0.0,0.0,0.0,0.0,0.1634996604214451,0.34905882776838093,0.27821216729976217,0.0,0.14958945971430604,0.0,0.0,0.0,0.0,0.0,0.0,0.0,0.0,0.358732069435469,0.0,0.0,0.0,0.0,0.0,0.0,0.0,0.0,0.0,0.0,0.21051487879718375,0.0,0.0,0.0,0.0,0.0,0.0,0.0,0.0,0.0,0.0,0.0,0.0,0.0,0.0,0.0,0.0,0.21489005361311045,0.0,0.2188527366557864,0.0,0.0,0.0,0.0,0.0,0.2718018993468819,0.0,0.0,0.0,0.0,0.0,0.0,0.0,0.0,0.24690373187758527,0.0,0.0,0.0,0.0,0.0,0.0,0.0,0.0,0.0,0.0,0.0,0.17798437434934875,0.0,0.0,0.0,0.0,0.0,0.0,0.0,0.0,0.2583132371297941,0.0,0.0,0.0,0.0,0.0,0.0
358c9e8bc321c23596ca6b7e59d46566ae7cf028c8d9dc3851ec0647601ae11c,0.0,0.2278872781704817,0.0,0.0,0.0,0.0,0.0,0.0,0.0,0.0,0.0,0.28612137600858073,0.10642740647754517,0.0,0.0,0.0,0.0,0.0,0.0,0.0,0.0,0.0,0.3494879721722206,0.0,0.37981136252304165,0.0,0.0,0.0,0.0,0.0,0.0,0.0,0.0,0.0,0.0,0.0,0.0,0.0,0.0,0.0,0.0,0.0,0.0,0.0,0.2066796229229712,0.0,0.0,0.22199551766248982,0.0,0.0,0.0,0.0,0.0,0.0,0.0,0.0,0.3279731843262554,0.0,0.0,0.0,0.0,0.0,0.0,0.0,0.0,0.0,0.0,0.0,0.0,0.0,0.0,0.0,0.0,0.0,0.0,0.10117911066612682,0.0,0.0,0.0,0.09257100877094357,0.0,0.0,0.0,0.0,0.0,0.0,0.0,0.0,0.0,0.0,0.0,0.0,0.0,0.0,0.0,0.0,0.0,0.0,0.0,0.13027371533239462,0.0,0.0,0.1429183731647987,0.0,0.0,0.0,0.17015733946570352,0.0,0.0,0.0,0.0,0.0,0.0,0.0,0.0,0.0,0.1329812212424573,0.12299485136334556,0.0,0.12003847107181861,0.14311543963617288,0.0,0.0,0.0,0.0,0.0,0.1931984391168459,0.0,0.0,0.0,0.0,0.0,0.0,0.0,0.0,0.0,0.0,0.0,0.0,0.0,0.0,0.0,0.20576198340267235,0.0,0.0,0.11014274074157085,0.0,0.0,0.0,0.0,0.0,0.0,0.0,0.0,0.0,0.37981136252304165,0.0,0.0,0.0,0.0,0.0
366b32c15ff2b30da5cafc1407e6dc49aa4bbecffc34c438302022acd1c00b8e,0.0,0.0,0.0,0.0,0.0,0.0,0.0,0.0,0.0,0.0,0.0,0.0,0.3374732142898411,0.0,0.0,0.0,0.0,0.0,0.0,0.0,0.0,0.0,0.0,0.0,0.0,0.0,0.0,0.0,0.0,0.0,0.0,0.0,0.0,0.0,0.0,0.0,0.0,0.0,0.0,0.0,0.0,0.0,0.0,0.0,0.0,0.0,0.0,0.0,0.0,0.0,0.0,0.0,0.0,0.0,0.0,0.0,0.0,0.0,0.0,0.0,0.0,0.0,0.0,0.0,0.0,0.0,0.0,0.0,0.0,0.0,0.0,0.0,0.0,0.0,0.0,0.3208312672985184,0.0,0.0,0.0,0.0,0.0,0.0,0.0,0.0,0.0,0.0,0.0,0.0,0.0,0.0,0.0,0.0,0.0,0.0,0.0,0.0,0.0,0.0,0.0,0.0,0.0,0.0,0.45318329525558565,0.0,0.0,0.0,0.0,0.0,0.0,0.0,0.0,0.0,0.0,0.0,0.0,0.0,0.0,0.39000732240381164,0.0,0.0,0.0,0.0,0.0,0.0,0.0,0.0,0.0,0.0,0.0,0.0,0.0,0.0,0.0,0.0,0.0,0.0,0.0,0.0,0.0,0.0,0.0,0.0,0.6524556053351122,0.0,0.0,0.0,0.0,0.0,0.0,0.0,0.0,0.0,0.0,0.0,0.0,0.0,0.0,0.0,0.0,0.0,0.0
385c92e3d2b1dc253eac89889157258df64586cad653dccfd3f3d6b240b9efba,0.0,0.5015758617123341,0.0,0.0,0.0,0.0,0.0,0.0,0.0,0.0,0.0,0.0,0.23424483605376653,0.0,0.0,0.0,0.0,0.0,0.0,0.0,0.0,0.0,0.0,0.0,0.0,0.0,0.0,0.0,0.0,0.0,0.0,0.0,0.0,0.0,0.38348227159486886,0.0,0.0,0.0,0.0,0.0,0.0,0.0,0.0,0.0,0.0,0.0,0.0,0.4886082012201675,0.0,0.0,0.0,0.0,0.0,0.0,0.0,0.0,0.0,0.0,0.0,0.0,0.0,0.0,0.0,0.0,0.0,0.0,0.0,0.0,0.0,0.0,0.0,0.0,0.0,0.0,0.0,0.22269342995831923,0.0,0.0,0.0,0.2037471501991037,0.0,0.0,0.0,0.0,0.0,0.0,0.0,0.0,0.0,0.0,0.0,0.0,0.0,0.0,0.0,0.0,0.0,0.0,0.0,0.0,0.0,0.0,0.0,0.0,0.0,0.0,0.0,0.0,0.0,0.0,0.0,0.0,0.0,0.0,0.0,0.0,0.2926893118901788,0.0,0.0,0.0,0.0,0.0,0.0,0.0,0.0,0.0,0.0,0.0,0.0,0.0,0.0,0.0,0.0,0.0,0.0,0.0,0.0,0.0,0.0,0.0,0.0,0.0,0.0,0.3619144740776496,0.0,0.0,0.0,0.0,0.0,0.0,0.0,0.0,0.0,0.0,0.0,0.0,0.0,0.0,0.0,0.0,0.0
389e03b1a1fd1c527d48df74d3c26a0483a5b105f36841193172f1ee80e62c1b,0.0,0.0,0.0,0.0,0.0,0.0,0.0,0.0,0.0,0.0,0.0,0.0,0.33991296901689116,0.0,0.0,0.0,0.0,0.0,0.0,0.0,0.0,0.0,0.0,0.0,0.0,0.0,0.0,0.0,0.0,0.0,0.0,0.0,0.0,0.0,0.0,0.0,0.0,0.0,0.0,0.0,0.0,0.0,0.6232833034210367,0.0,0.0,0.0,0.0,0.0,0.0,0.0,0.0,0.0,0.0,0.0,0.0,0.0,0.0,0.0,0.0,0.0,0.0,0.0,0.0,0.0,0.0,0.0,0.0,0.0,0.0,0.0,0.0,0.0,0.0,0.0,0.0,0.32315070945817004,0.0,0.0,0.0,0.2956577396524178,0.0,0.0,0.0,0.0,0.0,0.0,0.0,0.0,0.0,0.0,0.0,0.0,0.0,0.0,0.0,0.0,0.0,0.0,0.0,0.0,0.0,0.0,0.0,0.0,0.0,0.0,0.0,0.0,0.0,0.0,0.0,0.0,0.0,0.0,0.0,0.0,0.42472181961469463,0.0,0.0,0.0,0.0,0.0,0.0,0.0,0.0,0.0,0.0,0.0,0.0,0.0,0.0,0.0,0.0,0.0,0.0,0.0,0.0,0.0,0.0,0.0,0.0,0.0,0.0,0.0,0.0,0.35177918226377325,0.0,0.0,0.0,0.0,0.0,0.0,0.0,0.0,0.0,0.0,0.0,0.0,0.0,0.0,0.0
416ccd0f8e1dc4b7490827f9ea5d501d414faa959596017d2d22f8f61428dae1,0.0,0.0,0.0,0.0,0.0,0.0,0.0,0.0,0.0,0.0,0.0,0.0,0.0,0.0,0.0,0.0,0.0,0.0,0.0,0.0,0.0,0.0,0.0,0.0,0.0,0.0,0.0,0.0,0.0,0.0,0.0,0.0,0.0,0.0,0.3468990280072203,0.0,0.0,0.0,0.0,0.0,0.0,0.0,0.0,0.0,0.0,0.0,0.0,0.0,0.0,0.0,0.0,0.0,0.0,0.0,0.0,0.0,0.0,0.0,0.0,0.0,0.30737518277632697,0.0,0.0,0.4300777420510803,0.0,0.0,0.0,0.3468990280072203,0.0,0.0,0.0,0.0,0.0,0.0,0.0,0.2014490372002078,0.0,0.0,0.0,0.18431018484729322,0.0,0.0,0.0,0.0,0.0,0.0,0.0,0.0,0.0,0.0,0.0,0.0,0.0,0.0,0.0,0.0,0.0,0.0,0.0,0.0,0.0,0.0,0.0,0.0,0.0,0.0,0.3387856641775232,0.0,0.0,0.0,0.0,0.0,0.0,0.0,0.0,0.0,0.0,0.24488448479735103,0.0,0.0,0.28494485999513214,0.0,0.0,0.0,0.0,0.0,0.0,0.0,0.0,0.0,0.0,0.0,0.0,0.0,0.0,0.0,0.0,0.0,0.0,0.0,0.0,0.0,0.0,0.0,0.0,0.21929575117732078,0.0,0.0,0.0,0.0,0.0,0.0,0.0,0.0,0.3182694861979094,0.0,0.0,0.0,0.0,0.0,0.0
465f57ff96a174eff06f982b2b3e398214fbdf19849dacabb2e3d1a62c3aaa75,0.0,0.0,0.0,0.0,0.0,0.0,0.0,0.0,0.0,0.0,0.0,0.0,0.0,0.0,0.0,0.0,0.0,0.0,0.0,0.0,0.0,0.0,0.0,0.0,0.0,0.0,0.0,0.0,0.0,0.0,0.0,0.0,0.0,0.0,0.3468990280072203,0.0,0.0,0.0,0.0,0.0,0.0,0.0,0.0,0.0,0.0,0.0,0.0,0.0,0.0,0.0,0.0,0.0,0.0,0.0,0.0,0.0,0.0,0.0,0.0,0.0,0.30737518277632697,0.0,0.0,0.4300777420510803,0.0,0.0,0.0,0.3468990280072203,0.0,0.0,0.0,0.0,0.0,0.0,0.0,0.2014490372002078,0.0,0.0,0.0,0.18431018484729322,0.0,0.0,0.0,0.0,0.0,0.0,0.0,0.0,0.0,0.0,0.0,0.0,0.0,0.0,0.0,0.0,0.0,0.0,0.0,0.0,0.0,0.0,0.0,0.0,0.0,0.0,0.3387856641775232,0.0,0.0,0.0,0.0,0.0,0.0,0.0,0.0,0.0,0.0,0.24488448479735103,0.0,0.0,0.28494485999513214,0.0,0.0,0.0,0.0,0.0,0.0,0.0,0.0,0.0,0.0,0.0,0.0,0.0,0.0,0.0,0.0,0.0,0.0,0.0,0.0,0.0,0.0,0.0,0.0,0.21929575117732078,0.0,0.0,0.0,0.0,0.0,0.0,0.0,0.0,0.3182694861979094,0.0,0.0,0.0,0.0,0.0,0.0
511df0acd07b52089c67fa99865af5f7396106752d53d3b42e47e3e369974426,0.0,0.0,0.0,0.0,0.0,0.0,0.0,0.0,0.0,0.0,0.0,0.0,0.0,0.0,0.0,0.0,0.0,0.0,0.0,0.0,0.0,0.0,0.0,0.0,0.0,0.0,0.0,0.0,0.0,0.0,0.0,0.0,0.0,0.0,0.3468990280072203,0.0,0.0,0.0,0.0,0.0,0.0,0.0,0.0,0.0,0.0,0.0,0.0,0.0,0.0,0.0,0.0,0.0,0.0,0.0,0.0,0.0,0.0,0.0,0.0,0.0,0.30737518277632697,0.0,0.0,0.4300777420510803,0.0,0.0,0.0,0.3468990280072203,0.0,0.0,0.0,0.0,0.0,0.0,0.0,0.2014490372002078,0.0,0.0,0.0,0.18431018484729322,0.0,0.0,0.0,0.0,0.0,0.0,0.0,0.0,0.0,0.0,0.0,0.0,0.0,0.0,0.0,0.0,0.0,0.0,0.0,0.0,0.0,0.0,0.0,0.0,0.0,0.0,0.3387856641775232,0.0,0.0,0.0,0.0,0.0,0.0,0.0,0.0,0.0,0.0,0.24488448479735103,0.0,0.0,0.28494485999513214,0.0,0.0,0.0,0.0,0.0,0.0,0.0,0.0,0.0,0.0,0.0,0.0,0.0,0.0,0.0,0.0,0.0,0.0,0.0,0.0,0.0,0.0,0.0,0.0,0.21929575117732078,0.0,0.0,0.0,0.0,0.0,0.0,0.0,0.0,0.3182694861979094,0.0,0.0,0.0,0.0,0.0,0.0
562c7815dd2bbe330531f3ba64f189b11669214fc94263cdf961ce5dc833d105,0.0,0.0,0.0,0.0,0.0,0.0,0.0,0.0,0.0,0.0,0.0,0.0,0.0,0.0,0.0,0.0,0.0,0.0,0.0,0.0,0.0,0.0,0.0,0.0,0.0,0.0,0.0,0.0,0.0,0.0,0.0,0.0,0.0,0.0,0.665994888843285,0.0,0.0,0.0,0.0,0.0,0.0,0.0,0.745956304373534,0.0,0.0,0.0,0.0,0.0,0.0,0.0,0.0,0.0,0.0,0.0,0.0,0.0,0.0,0.0,0.0,0.0,0.0,0.0,0.0,0.0,0.0,0.0,0.0,0.0,0.0,0.0,0.0,0.0,0.0,0.0,0.0,0.0,0.0,0.0,0.0,0.0,0.0,0.0,0.0,0.0,0.0,0.0,0.0,0.0,0.0,0.0,0.0,0.0,0.0,0.0,0.0,0.0,0.0,0.0,0.0,0.0,0.0,0.0,0.0,0.0,0.0,0.0,0.0,0.0,0.0,0.0,0.0,0.0,0.0,0.0,0.0,0.0,0.0,0.0,0.0,0.0,0.0,0.0,0.0,0.0,0.0,0.0,0.0,0.0,0.0,0.0,0.0,0.0,0.0,0.0,0.0,0.0,0.0,0.0,0.0,0.0,0.0,0.0,0.0,0.0,0.0,0.0,0.0,0.0,0.0,0.0,0.0,0.0,0.0,0.0,0.0,0.0,0.0,0.0,0.0,0.0,0.0
622e2834e51caa303d120c7503d8fcce671226a0342d7be0f8cf546b44cee195,0.0,0.0,0.277888380464079,0.0,0.30660718295138395,0.0,0.0,0.0,0.0,0.0,0.0,0.0,0.11020112692789338,0.0,0.0,0.0,0.0,0.0,0.0,0.0,0.0,0.0,0.0,0.0,0.0,0.0,0.0,0.0,0.0,0.0,0.0,0.0,0.0,0.0,0.0,0.0,0.0,0.0,0.0,0.0,0.0,0.0,0.0,0.0,0.0,0.0,0.0,0.0,0.0,0.0,0.26126567327513517,0.0,0.0,0.0,0.0,0.0,0.0,0.0,0.0,0.0,0.15985529208969254,0.0,0.0,0.0,0.0,0.0,0.0,0.0,0.0,0.0,0.0,0.0,0.0,0.0,0.0,0.0,0.0,0.0,0.0,0.0958534067967,0.0,0.0,0.0,0.0,0.0,0.0,0.0,0.0,0.0,0.0,0.0,0.0,0.0,0.0,0.0,0.0,0.0,0.0,0.0,0.1348929821168053,0.0,0.0,0.0,0.0,0.0,0.0,0.17619080634205786,0.0,0.0,0.0,0.0,0.0,0.0,0.0,0.22153231601830656,0.25214473389661357,0.0,0.12735602299421983,0.14023568529027808,0.12429481488498698,0.0,0.0,0.24190210331407871,0.0,0.1741642631504256,0.0,0.2000489010871319,0.0,0.0,0.0,0.0,0.0,0.0,0.1582101031482111,0.0,0.0,0.0,0.0,0.0,0.0,0.3556817883586067,0.0,0.0,0.1702636590277634,0.0,0.11404820012417417,0.0,0.2553385259608407,0.0,0.0,0.0,0.0,0.0,0.0,0.16552104571313347,0.0,0.0,0.2922255292700263,0.0,0.0,0.0
721d393191597d49d856baef2fbde75e48f52d0465e2cfabf1a41848b0e05589,0.0,0.0,0.0,0.0,0.0,0.0,0.31244488881449517,0.0,0.0,0.0,0.0,0.0,0.0,0.0,0.0,0.0,0.3030532440590838,0.22984436255885685,0.0,0.0,0.0,0.0,0.0,0.0,0.0,0.3096506161428074,0.0,0.0,0.0,0.0,0.0,0.0,0.0,0.0,0.0,0.0,0.0,0.0,0.0,0.0,0.0,0.0,0.0,0.0,0.0,0.0,0.0,0.0,0.0,0.285938953594832,0.0,0.0,0.0,0.0,0.0,0.0,0.0,0.0,0.0,0.0,0.17014508161246875,0.31103591177324236,0.0,0.0,0.0,0.0,0.0,0.0,0.0,0.0,0.0,0.0,0.0,0.0,0.0,0.0,0.0,0.0,0.0,0.0,0.0,0.0,0.0,0.0,0.0,0.0,0.0,0.0,0.2446634770309025,0.0,0.0,0.0,0.0,0.0,0.0,0.0,0.0,0.0,0.0,0.14357596267964298,0.0,0.0,0.0,0.0,0.0,0.0,0.0,0.0,0.0,0.0,0.0,0.0,0.0,0.0,0.23579221867478234,0.2683751395788779,0.14655993198232398,0.13555385400711545,0.14926257246026678,0.13229559776317493,0.1577289552820045,0.0,0.0,0.0,0.0,0.0,0.0,0.0,0.0,0.0,0.0,0.0,0.30055538169836216,0.0,0.0,0.0,0.0,0.0,0.0,0.0,0.0,0.0,0.22677233680281167,0.0,0.0,0.0,0.0,0.0,0.0,0.0,0.0,0.0,0.0,0.0,0.0,0.0,0.0,0.0,0.0,0.0,0.0
8a186f546c36a34567b695addfb776f2c2df584535a133fdf3ca699d4ec64e38,0.0,0.0,0.0,0.0,0.0,0.0,0.0,0.0,0.0,0.0,0.0,0.0,0.24869327010028056,0.0,0.0,0.0,0.0,0.0,0.0,0.0,0.0,0.0,0.0,0.0,0.0,0.0,0.0,0.0,0.0,0.0,0.0,0.0,0.0,0.0,0.0,0.0,0.0,0.0,0.0,0.0,0.0,0.0,0.4560177958934551,0.0,0.0,0.0,0.0,0.0,0.0,0.0,0.0,0.0,0.0,0.0,0.0,0.0,0.0,0.0,0.0,0.0,0.0,0.0,0.0,0.0,0.0,0.0,0.0,0.0,0.0,0.0,0.0,0.0,0.0,0.0,0.0,0.0,0.0,0.0,0.0,0.21631445930785706,0.0,0.0,0.0,0.0,0.0,0.0,0.0,0.0,0.0,0.0,0.0,0.0,0.0,0.0,0.0,0.0,0.0,0.0,0.0,0.3044159145319574,0.0,0.0,0.3339632032399949,0.0,0.0,0.0,0.0,0.0,0.0,0.0,0.0,0.0,0.0,0.0,0.0,0.0,0.31074265424003605,0.0,0.3164729085067602,0.28049880098306307,0.0,0.0,0.0,0.0,0.0,0.0,0.451454688152865,0.0,0.0,0.0,0.0,0.0,0.0,0.0,0.0,0.0,0.0,0.0,0.0,0.0,0.0,0.0,0.0,0.0,0.0,0.0,0.0,0.0,0.0,0.0,0.0,0.0,0.0,0.0,0.0,0.0,0.0,0.0,0.0,0.0,0.0
0b4c743246478a6a8c9fa3ff8e04f297507c2f0ea5d61a1284fe65387d172f81,0.0,0.0,0.0,0.0,0.0,0.0,0.0,0.0,0.0,0.0,0.0,0.0,0.0,0.0,0.0,0.0,0.0,0.5406308120175433,0.0,0.0,0.0,0.0,0.0,0.0,0.0,0.0,0.0,0.0,0.0,0.0,0.0,0.0,0.0,0.0,0.0,0.0,0.0,0.0,0.0,0.0,0.0,0.0,0.0,0.0,0.0,0.0,0.0,0.0,0.0,0.0,0.0,0.0,0.0,0.0,0.0,0.0,0.0,0.0,0.0,0.0,0.40020852636481413,0.0,0.0,0.0,0.0,0.0,0.0,0.0,0.0,0.0,0.0,0.0,0.0,0.0,0.0,0.0,0.0,0.0,0.0,0.0,0.0,0.0,0.0,0.0,0.0,0.0,0.0,0.0,0.0,0.0,0.0,0.0,0.0,0.0,0.0,0.0,0.0,0.0,0.0,0.3377136964576154,0.0,0.0,0.37049294226424084,0.0,0.0,0.0,0.44110559020854584,0.0,0.0,0.0,0.0,0.0,0.0,0.0,0.0,0.0,0.0,0.3188444099654964,0.0,0.0,0.0,0.0,0.0,0.0,0.0,0.0,0.0,0.0,0.0,0.0,0.0,0.0,0.0,0.0,0.0,0.0,0.0,0.0,0.0,0.0,0.0,0.0,0.0,0.0,0.0,0.0,0.0,0.0,0.0,0.0,0.0,0.0,0.0,0.0,0.0,0.0,0.0,0.0,0.0,0.0,0.0
928aca01498ca60e1dd3e263c462f3a04ef49b91d94b566293e8edfbc54fcf13,0.0,0.0,0.0,0.0,0.0,0.0,0.0,0.0,0.0,0.0,0.0,0.0,0.0,0.0,0.0,0.0,0.0,0.5257054615323886,0.0,0.0,0.0,0.0,0.0,0.0,0.0,0.0,0.0,0.0,0.0,0.0,0.0,0.0,0.0,0.0,0.0,0.0,0.0,0.0,0.0,0.0,0.0,0.0,0.0,0.0,0.0,0.0,0.0,0.0,0.0,0.0,0.0,0.0,0.0,0.0,0.0,0.0,0.0,0.0,0.0,0.0,0.3891598543498933,0.0,0.0,0.0,0.0,0.0,0.0,0.0,0.0,0.0,0.0,0.0,0.0,0.0,0.0,0.0,0.0,0.0,0.0,0.23335040923771894,0.0,0.0,0.0,0.0,0.0,0.0,0.0,0.0,0.0,0.0,0.0,0.0,0.0,0.0,0.0,0.0,0.0,0.0,0.0,0.3283903372053804,0.0,0.0,0.3602646369352605,0.0,0.0,0.0,0.42892786117705667,0.0,0.0,0.0,0.0,0.0,0.0,0.0,0.0,0.0,0.0,0.3100419805382721,0.0,0.0,0.0,0.0,0.0,0.0,0.0,0.0,0.0,0.0,0.0,0.0,0.0,0.0,0.0,0.0,0.0,0.0,0.0,0.0,0.0,0.0,0.0,0.0,0.0,0.0,0.0,0.0,0.0,0.0,0.0,0.0,0.0,0.0,0.0,0.0,0.0,0.0,0.0,0.0,0.0,0.0,0.0
973dfafc3051d8c2849f62c556ab8057da706f15d1ffd8871de894ae3a24d86b,0.0,0.0,0.0,0.0,0.0,0.0,0.0,0.0,0.0,0.0,0.0,0.0,0.0,0.0,0.0,0.0,0.0,0.0,0.0,0.0,0.0,0.0,0.0,0.0,0.0,0.0,0.0,0.0,0.0,0.0,0.0,0.0,0.0,0.0,0.0,0.0,0.0,0.0,0.0,0.0,0.0,0.0,0.0,0.0,0.0,0.0,0.0,0.0,0.0,0.0,0.0,0.0,0.0,0.0,0.0,0.0,0.0,0.0,0.0,0.0,0.0,0.0,0.0,0.0,0.0,0.0,0.0,0.0,0.0,0.0,0.0,0.0,0.0,0.0,0.0,0.0,0.0,0.0,0.0,0.0,0.0,0.0,0.0,0.0,0.0,0.0,0.0,0.0,0.0,0.0,0.0,0.0,0.0,0.0,0.0,0.0,0.0,0.0,0.0,0.0,0.0,0.0,0.0,0.0,0.0,0.0,0.0,0.0,0.0,0.0,0.0,0.0,0.0,0.0,0.0,0.0,0.0,0.0,0.0,0.0,0.0,0.0,0.0,0.0,0.0,0.0,0.0,0.0,0.0,0.0,0.0,0.0,0.0,0.0,0.0,0.0,0.0,0.0,0.9613612513030497,0.0,0.0,0.0,0.0,0.0,0.0,0.2752899280631868,0.0,0.0,0.0,0.0,0.0,0.0,0.0,0.0,0.0,0.0,0.0,0.0,0.0,0.0,0.0
974d0c7bdd7fb42b242d34e14f548dba464a9b45143ce7374beed1e6cff11e62,0.0,0.0,0.0,0.0,0.0,0.0,0.0,0.0,0.0,0.0,0.0,0.0,0.0,0.0,0.0,0.0,0.0,0.0,0.0,0.0,0.0,0.0,0.0,0.0,0.0,0.0,0.0,0.0,0.0,0.0,0.0,0.0,0.0,0.0,0.3349358986844229,0.0,0.0,0.0,0.0,0.0,0.0,0.0,0.0,0.0,0.0,0.0,0.0,0.0,0.0,0.0,0.0,0.0,0.0,0.0,0.0,0.0,0.0,0.0,0.0,0.0,0.29677506929865205,0.0,0.0,0.41524611892267344,0.0,0.0,0.0,0.3349358986844229,0.0,0.0,0.0,0.0,0.0,0.0,0.0,0.1945018834482263,0.0,0.0,0.0,0.17795408004785587,0.0,0.0,0.0,0.0,0.0,0.0,0.0,0.0,0.0,0.0,0.0,0.0,0.0,0.0,0.0,0.0,0.0,0.0,0.0,0.0,0.0,0.0,0.0,0.0,0.0,0.0,0.3271023316050804,0.0,0.0,0.0,0.0,0.0,0.0,0.0,0.0,0.0,0.0,0.23643942002560328,0.2603508127639259,0.0,0.27511827665308486,0.0,0.0,0.0,0.0,0.0,0.0,0.0,0.0,0.0,0.0,0.0,0.0,0.0,0.0,0.0,0.0,0.0,0.0,0.0,0.0,0.0,0.0,0.0,0.0,0.21173313721917597,0.0,0.0,0.0,0.0,0.0,0.0,0.0,0.0,0.30729367273207686,0.0,0.0,0.0,0.0,0.0,0.0
0975c1b6414bdf4f49f01ce71ee3203516aba6dae97968438370c78550428b37,0.0,0.0,0.0,0.0,0.0,0.0,0.0,0.0,0.0,0.0,0.0,0.0,0.0,0.0,0.0,0.0,0.0,0.0,0.0,0.0,0.0,0.0,0.0,0.0,0.0,0.0,0.4273989266019794,0.0,0.0,0.0,0.0,0.0,0.0,0.0,0.332864440418409,0.0,0.0,0.0,0.0,0.0,0.0,0.0,0.0,0.0,0.39485379663288145,0.0,0.0,0.0,0.0,0.0,0.0,0.0,0.0,0.0,0.0,0.0,0.0,0.0,0.39310068017463523,0.0,0.0,0.0,0.0,0.0,0.0,0.0,0.0,0.0,0.0,0.0,0.0,0.0,0.0,0.0,0.0,0.0,0.0,0.3289188627089938,0.0,0.17685349796174946,0.0,0.0,0.0,0.0,0.0,0.0,0.0,0.0,0.0,0.0,0.0,0.0,0.0,0.0,0.0,0.0,0.0,0.0,0.0,0.0,0.0,0.0,0.2730402806751183,0.0,0.0,0.0,0.0,0.0,0.0,0.0,0.0,0.0,0.0,0.0,0.0,0.0,0.0,0.0,0.0,0.22932907160556815,0.0,0.0,0.0,0.0,0.0,0.0,0.0,0.0,0.0,0.0,0.0,0.0,0.0,0.29190418045332955,0.0,0.0,0.0,0.0,0.0,0.0,0.0,0.0,0.0,0.0,0.0,0.21042364379370423,0.0,0.0,0.0,0.0,0.0,0.0,0.0,0.0,0.0,0.0,0.0,0.0,0.0,0.0,0.0
1164e122800fda5ad79d422710877fd9767d44a15e69f3c28e9563ff3e752157,0.0,0.22546592252908176,0.2655208688570957,0.0,0.0,0.0,0.0,0.0,0.0,0.0,0.0,0.0,0.0,0.0,0.0,0.0,0.0,0.0,0.0,0.0,0.0,0.0,0.0,0.0,0.0,0.0,0.0,0.0,0.0,0.0,0.0,0.0,0.0,0.0,0.0,0.0,0.0,0.0,0.0,0.0,0.0,0.0,0.0,0.0,0.0,0.3200026520686233,0.0,0.0,0.0,0.0,0.2496379605894145,0.0,0.0,0.0,0.0,0.0,0.0,0.0,0.0,0.0,0.15274088098313482,0.0,0.0,0.2137142387969608,0.20357571419406395,0.0,0.0,0.1723810708185019,0.0,0.0,0.0,0.0,0.0,0.0,0.0,0.10010405894595147,0.0,0.0,0.0,0.09158742014714191,0.0,0.0,0.0,0.0,0.3317721759591465,0.0,0.0,0.0,0.0,0.0,0.0,0.0,0.0,0.0,0.0,0.0,0.0,0.0,0.0,0.0,0.0,0.0,0.0,0.0,0.0,0.0,0.0,0.0,0.0,0.0,0.0,0.0,0.0,0.0,0.21167294915632126,0.0,0.0,0.12168800229479426,0.13399445108449967,0.0,0.1415948046103105,0.3268375440014936,0.23113617252742868,0.0,0.0,0.0,0.0,0.0,0.0,0.0,0.0,0.0,0.0,0.0,0.0,0.0,0.0,0.0,0.0,0.0,0.0,0.0,0.0,0.0,0.31577338347574135,0.108972448354936,0.22546592252908176,0.0,0.0,0.0,0.0,0.0,0.0,0.0,0.15815447842219987,0.0,0.0,0.0,0.0,0.0,0.0
1398be5280bdfc67179822e32d2d39e3e36afac05f88f3267cc7a1a63a3bdb68,0.0,0.0,0.27089299202499795,0.0,0.2988888453246886,0.0,0.0,0.0,0.0,0.0,0.0,0.0,0.10742699262260984,0.0,0.0,0.0,0.0,0.0,0.0,0.0,0.0,0.0,0.0,0.0,0.0,0.0,0.0,0.0,0.0,0.0,0.0,0.0,0.0,0.0,0.0,0.37880212428917387,0.0,0.0,0.0,0.0,0.0,0.0,0.1969841016424422,0.0,0.0,0.0,0.0,0.0,0.0,0.0,0.2546887344794022,0.0,0.0,0.0,0.0,0.0,0.0,0.0,0.0,0.0,0.15583119485920505,0.0,0.0,0.0,0.0,0.0,0.0,0.0,0.0,0.0,0.0,0.0,0.0,0.0,0.0,0.0,0.0,0.0,0.0,0.09344045303219799,0.0,0.0,0.0,0.0,0.0,0.0,0.0,0.0,0.0,0.0,0.0,0.0,0.0,0.0,0.0,0.0,0.0,0.0,0.0,0.13149727047878293,0.0,0.0,0.0,0.0,0.0,0.0,0.17175548908374264,0.0,0.0,0.0,0.0,0.0,0.0,0.0,0.21595559992902902,0.24579739992917718,0.0,0.1241500420553505,0.1367054797811887,0.12116589488612955,0.0,0.0,0.23581261092837089,0.0,0.1697799608240423,0.0,0.19501299506047928,0.0,0.0,0.0,0.0,0.0,0.0,0.1542274208760681,0.0,0.0,0.0,0.0,0.0,0.0,0.0,0.0,0.0,0.1659775480721007,0.0,0.0,0.0,0.2489107934677603,0.0,0.0,0.0,0.0,0.0,0.0,0.1613543223414237,0.0,0.0,0.2848692264060995,0.0,0.0,0.0
1554f71a718baea1c04d9d1cc8c84d8aba5adfbce37566d397b57fc3c8378806,0.0,0.0,0.0,0.0,0.0,0.0,0.0,0.0,0.0,0.0,0.0,0.0,0.0,0.0,0.0,0.0,0.0,0.0,0.0,0.0,0.0,0.0,0.0,0.0,0.0,0.0,0.0,0.0,0.0,0.0,0.0,0.0,0.0,0.0,0.3468990280072203,0.0,0.0,0.0,0.0,0.0,0.0,0.0,0.0,0.0,0.0,0.0,0.0,0.0,0.0,0.0,0.0,0.0,0.0,0.0,0.0,0.0,0.0,0.0,0.0,0.0,0.30737518277632697,0.0,0.0,0.4300777420510803,0.0,0.0,0.0,0.3468990280072203,0.0,0.0,0.0,0.0,0.0,0.0,0.0,0.2014490372002078,0.0,0.0,0.0,0.18431018484729322,0.0,0.0,0.0,0.0,0.0,0.0,0.0,0.0,0.0,0.0,0.0,0.0,0.0,0.0,0.0,0.0,0.0,0.0,0.0,0.0,0.0,0.0,0.0,0.0,0.0,0.0,0.3387856641775232,0.0,0.0,0.0,0.0,0.0,0.0,0.0,0.0,0.0,0.0,0.24488448479735103,0.0,0.0,0.28494485999513214,0.0,0.0,0.0,0.0,0.0,0.0,0.0,0.0,0.0,0.0,0.0,0.0,0.0,0.0,0.0,0.0,0.0,0.0,0.0,0.0,0.0,0.0,0.0,0.0,0.21929575117732078,0.0,0.0,0.0,0.0,0.0,0.0,0.0,0.0,0.3182694861979094,0.0,0.0,0.0,0.0,0.0,0.0
1602d04000a8c7221ed0d97d79f3157303e209d4640d31b8566dd52c2b09d033,0.0,0.20512182551214111,0.2415625595238776,0.0,0.0,0.0,0.0,0.0,0.0,0.0,0.0,0.0,0.09579553574230393,0.0,0.0,0.0,0.0,0.0,0.0,0.0,0.0,0.13999931154414536,0.0,0.0,0.0,0.0,0.0,0.0,0.0,0.0,0.0,0.0,0.0,0.0,0.15682689221236076,0.33778803213901826,0.0,0.0,0.0,0.0,0.0,0.0,0.0,0.0,0.0,0.0,0.0,0.0,0.0,0.0,0.22711278768357468,0.0,0.0,0.0,0.0,0.0,0.0,0.0,0.0,0.3268479643312236,0.13895886343335156,0.0,0.0,0.0,0.0,0.0,0.0,0.0,0.0,0.0,0.0,0.0,0.0,0.0,0.0,0.0,0.0,0.0,0.0,0.08332336258977678,0.0,0.0,0.0,0.0,0.0,0.0,0.0,0.0,0.0,0.0,0.0,0.0,0.0,0.0,0.0,0.0,0.0,0.0,0.0,0.0,0.0,0.0,0.12864113274834915,0.0,0.0,0.0,0.0,0.0,0.31457486974272,0.0,0.0,0.0,0.0,0.0,0.19257341089708524,0.0,0.0,0.11070792824762347,0.0,0.0,0.1288185126998762,0.2973465476266985,0.2102804411367312,0.28728072136193805,0.0,0.0,0.0,0.0,0.2665272141226359,0.0,0.0,0.0,0.0,0.0,0.0,0.0,0.0,0.0,0.0,0.0,0.0,0.0,0.0,0.0,0.0,0.09913971604382402,0.0,0.22196044243788665,0.0,0.0,0.0,0.0,0.0,0.0,0.1438839846083515,0.0,0.0,0.0,0.0,0.0,0.0
1791e9d01451f953e74249019654609cd33c2ab66e97f2ed7a609e99f9ce8320,0.0,0.22295566967424793,0.2625646592818748,0.0,0.0,0.0,0.0,0.0,0.0,0.0,0.0,0.0,0.0,0.0,0.0,0.0,0.0,0.0,0.0,0.0,0.0,0.0,0.0,0.0,0.0,0.0,0.0,0.0,0.0,0.0,0.0,0.0,0.0,0.0,0.1704618447541478,0.0,0.0,0.0,0.0,0.0,0.0,0.0,0.0,0.0,0.0,0.31643986279253633,0.0,0.0,0.0,0.0,0.2468585853462948,0.0,0.0,0.0,0.0,0.0,0.0,0.0,0.0,0.0,0.15104032141192825,0.0,0.0,0.2113348247726995,0.2013091786928306,0.0,0.0,0.1704618447541478,0.0,0.0,0.0,0.0,0.0,0.0,0.0,0.09898953797120363,0.0,0.0,0.0,0.09056772022835895,0.0,0.0,0.0,0.0,0.0,0.30640109589189135,0.0,0.0,0.0,0.0,0.0,0.0,0.0,0.0,0.0,0.0,0.0,0.0,0.0,0.0,0.0,0.0,0.0,0.0,0.0,0.0,0.0,0.0,0.0,0.0,0.0,0.0,0.0,0.0,0.20931626208383375,0.0,0.0,0.12033317380571236,0.1325026072191662,0.11744077124159889,0.1400183412649159,0.0,0.22856278923990545,0.31225768128687387,0.0,0.0,0.0,0.0,0.0,0.0,0.0,0.0,0.0,0.0,0.0,0.0,0.0,0.0,0.0,0.0,0.0,0.0,0.0,0.0,0.31225768128687387,0.10775919006511205,0.22295566967424793,0.0,0.0,0.0,0.0,0.0,0.0,0.0,0.1563936458914529,0.0,0.0,0.0,0.0,0.0,0.0
8a74737cd563828a070e74b5fa4af0eefc7a98cf8b52fcc0ee5db3c83a2d9cb0,0.0,0.0,0.0,0.0,0.0,0.0,0.0,0.0,0.0,0.0,0.21458114957035107,0.0,0.1397711027036108,0.0,0.0,0.0,0.0,0.0,0.0,0.0,0.0,0.2042669107766183,0.0,0.0,0.0,0.0,0.0,0.0,0.0,0.0,0.0,0.0,0.0,0.0,0.0,0.0,0.0,0.0,0.0,0.0,0.0,0.0,0.0,0.24227172474321423,0.0,0.0,0.0,0.0,0.34448549625923963,0.34073151028628657,0.0,0.0,0.0,0.0,0.0,0.0,0.0,0.0,0.0,0.0,0.0,0.0,0.0,0.0,0.0,0.0,0.0,0.0,0.0,0.0,0.0,0.0,0.0,0.0,0.0,0.13287851631862305,0.28368510993981594,0.22610701402858718,0.0,0.12157349692656769,0.0,0.0,0.0,0.0,0.0,0.0,0.0,0.0,0.0,0.0,0.0,0.0,0.0,0.0,0.0,0.0,0.0,0.0,0.0,0.17108845783202326,0.0,0.0,0.0,0.0,0.0,0.0,0.0,0.0,0.0,0.0,0.0,0.0,0.0,0.0,0.0,0.0,0.17464422508362723,0.0,0.0,0.15764651252779988,0.0,0.0,0.0,0.0,0.22089729742986194,0.0,0.0,0.0,0.0,0.0,0.0,0.0,0.0,0.20066220003672508,0.0,0.0,0.0,0.4403956738762737,0.0,0.0,0.0,0.0,0.0,0.21595005456009098,0.0,0.14465045083566305,0.0,0.0,0.0,0.0,0.0,0.0,0.0,0.0,0.0,0.0,0.0,0.0,0.0,0.0,0.0
00b4eedbb85d52ce1a691501cbbf4587c49c93906611268a75ac547337c5919a,0.0,0.0,0.0,0.0,0.0,0.0,0.0,0.0,0.0,0.0,0.0,0.0,0.0,0.0,0.0,0.0,0.0,0.0,0.0,0.0,0.0,0.0,0.0,0.0,0.0,0.0,0.0,0.0,0.0,0.0,0.0,0.0,0.0,0.0,0.3468990280072203,0.0,0.0,0.0,0.0,0.0,0.0,0.0,0.0,0.0,0.0,0.0,0.0,0.0,0.0,0.0,0.0,0.0,0.0,0.0,0.0,0.0,0.0,0.0,0.0,0.0,0.30737518277632697,0.0,0.0,0.4300777420510803,0.0,0.0,0.0,0.3468990280072203,0.0,0.0,0.0,0.0,0.0,0.0,0.0,0.2014490372002078,0.0,0.0,0.0,0.18431018484729322,0.0,0.0,0.0,0.0,0.0,0.0,0.0,0.0,0.0,0.0,0.0,0.0,0.0,0.0,0.0,0.0,0.0,0.0,0.0,0.0,0.0,0.0,0.0,0.0,0.0,0.0,0.3387856641775232,0.0,0.0,0.0,0.0,0.0,0.0,0.0,0.0,0.0,0.0,0.24488448479735103,0.0,0.0,0.28494485999513214,0.0,0.0,0.0,0.0,0.0,0.0,0.0,0.0,0.0,0.0,0.0,0.0,0.0,0.0,0.0,0.0,0.0,0.0,0.0,0.0,0.0,0.0,0.0,0.0,0.21929575117732078,0.0,0.0,0.0,0.0,0.0,0.0,0.0,0.0,0.3182694861979094,0.0,0.0,0.0,0.0,0.0,0.0
4098b54c9d27b00ce34d04ffac24213ed28993a2854827851b157d63407c2e4e,0.0,0.0,0.0,0.0,0.0,0.0,0.0,0.0,0.0,0.0,0.0,0.0,0.0,0.0,0.0,0.0,0.0,0.0,0.0,0.5012498780214636,0.0,0.0,0.0,0.0,0.0,0.0,0.0,0.0,0.0,0.0,0.0,0.0,0.0,0.0,0.2520932540942877,0.0,0.0,0.0,0.0,0.0,0.0,0.0,0.0,0.0,0.0,0.0,0.0,0.0,0.0,0.0,0.0,0.0,0.0,0.0,0.0,0.0,0.0,0.0,0.0,0.0,0.0,0.0,0.0,0.0,0.0,0.0,0.0,0.0,0.0,0.0,0.0,0.0,0.0,0.0,0.0,0.14639402022453804,0.0,0.0,0.0,0.0,0.0,0.0,0.0,0.0,0.0,0.0,0.0,0.0,0.0,0.0,0.0,0.0,0.0,0.0,0.0,0.0,0.0,0.0,0.0,0.18849041854131518,0.0,0.0,0.20678571963916367,0.5720095261280234,0.0,0.0,0.0,0.0,0.0,0.0,0.0,0.0,0.0,0.0,0.0,0.0,0.192407854386978,0.0,0.0,0.0,0.0,0.0,0.0,0.0,0.0,0.0,0.0,0.0,0.0,0.0,0.0,0.0,0.0,0.0,0.0,0.0,0.0,0.0,0.0,0.0,0.0,0.0,0.0,0.0,0.0,0.15936331629672762,0.0,0.0,0.0,0.0,0.0,0.4425664053511676,0.0,0.0,0.0,0.0,0.0,0.0,0.0,0.0,0.0
4263eacd358d5ef9efacff1f63ff79487639136c0268938755a4bfe3f5797167,0.0,0.19516384414794063,0.22983550190813418,0.0,0.0,0.0,0.0,0.0,0.0,0.0,0.0,0.0,0.09114498157863206,0.0,0.0,0.0,0.0,0.17860277441435332,0.0,0.0,0.0,0.13320281130884992,0.0,0.0,0.0,0.0,0.0,0.0,0.0,0.0,0.0,0.0,0.0,0.0,0.0,0.0,0.0,0.0,0.0,0.0,0.0,0.0,0.16712850166583768,0.0,0.0,0.27699506433036664,0.0,0.19011810996404943,0.0,0.0,0.21608721835823344,0.0,0.26195412819559083,0.0,0.0,0.0,0.0,0.0,0.0,0.0,0.13221287348808416,0.0,0.0,0.1849915584799115,0.17621562722921616,0.0,0.0,0.0,0.0,0.0,0.0,0.2894303108745771,0.0,0.0,0.0,0.08665031389026867,0.0,0.0,0.0,0.07927829088763164,0.0,0.0,0.0,0.0,0.28718279248236384,0.2682076477928213,0.0,0.0,0.0,0.0,0.0,0.0,0.0,0.0,0.0,0.0,0.0,0.0,0.0,0.0,0.0,0.0,0.0,0.0,0.0,0.0,0.14572362593786203,0.0,0.0,0.0,0.0,0.0,0.0,0.0,0.18322461326345557,0.0,0.11388580593669778,0.10533342710126045,0.11598591873577291,0.10280156772284454,0.12256480300503213,0.0,0.20007202616739636,0.27333419927695923,0.0,0.0,0.0,0.0,0.0,0.0,0.0,0.0,0.0,0.0,0.0,0.0,0.0,0.0,0.0,0.0,0.0,0.0,0.0,0.0,0.0,0.09432681306603684,0.0,0.0,0.0,0.0,0.0,0.0,0.0,0.0,0.13689889643570324,0.0,0.0,0.0,0.0,0.0,0.0
04419b76566142902680b2c44b216905b44a5743502530066e408bac72d20864,0.0,0.0,0.0,0.0,0.0,0.0,0.0,0.0,0.0,0.0,0.0,0.0,0.0,0.0,0.0,0.0,0.0,0.0,0.0,0.0,0.0,0.0,0.0,0.0,0.0,0.0,0.0,0.0,0.0,0.0,0.0,0.0,0.0,0.0,0.0,0.0,0.0,0.0,0.0,0.0,0.0,0.0,0.0,0.0,0.0,0.0,0.0,0.0,0.0,0.0,0.0,0.0,0.0,0.0,0.0,0.0,0.0,0.0,0.0,0.0,0.0,0.0,0.0,0.0,0.0,0.0,0.0,0.448286741686108,0.0,0.0,0.0,0.0,0.0,0.0,0.0,0.0,0.0,0.0,0.0,0.23817827538864608,0.0,0.0,0.0,0.0,0.0,0.0,0.0,0.0,0.0,0.0,0.0,0.0,0.0,0.0,0.0,0.0,0.0,0.0,0.0,0.0,0.0,0.0,0.3677182747999532,0.0,0.0,0.0,0.0,0.0,0.0,0.0,0.0,0.0,0.0,0.0,0.0,0.0,0.0,0.3164565447470808,0.348460162101753,0.30884999958161546,0.3682253120777361,0.0,0.0,0.0,0.0,0.0,0.0,0.0,0.0,0.0,0.0,0.0,0.0,0.39312332003830286,0.0,0.0,0.0,0.0,0.0,0.0,0.0,0.0,0.0,0.0,0.0,0.0,0.0,0.0,0.0,0.0,0.0,0.0,0.0,0.0,0.0,0.0,0.0,0.0,0.0,0.0,0.0
4842ddfa8eec84cc885044bded5a33918037b52d6a294398502a1330aa6b652a,0.0,0.0,0.0,0.0,0.0,0.0,0.0,0.0,0.0,0.0,0.0,0.0,0.0,0.0,0.0,0.0,0.0,0.0,0.0,0.0,0.0,0.0,0.0,0.0,0.0,0.0,0.0,0.0,0.0,0.0,0.0,0.0,0.0,0.0,0.3468990280072203,0.0,0.0,0.0,0.0,0.0,0.0,0.0,0.0,0.0,0.0,0.0,0.0,0.0,0.0,0.0,0.0,0.0,0.0,0.0,0.0,0.0,0.0,0.0,0.0,0.0,0.30737518277632697,0.0,0.0,0.4300777420510803,0.0,0.0,0.0,0.3468990280072203,0.0,0.0,0.0,0.0,0.0,0.0,0.0,0.2014490372002078,0.0,0.0,0.0,0.18431018484729322,0.0,0.0,0.0,0.0,0.0,0.0,0.0,0.0,0.0,0.0,0.0,0.0,0.0,0.0,0.0,0.0,0.0,0.0,0.0,0.0,0.0,0.0,0.0,0.0,0.0,0.0,0.3387856641775232,0.0,0.0,0.0,0.0,0.0,0.0,0.0,0.0,0.0,0.0,0.24488448479735103,0.0,0.0,0.28494485999513214,0.0,0.0,0.0,0.0,0.0,0.0,0.0,0.0,0.0,0.0,0.0,0.0,0.0,0.0,0.0,0.0,0.0,0.0,0.0,0.0,0.0,0.0,0.0,0.0,0.21929575117732078,0.0,0.0,0.0,0.0,0.0,0.0,0.0,0.0,0.3182694861979094,0.0,0.0,0.0,0.0,0.0,0.0
5031cc5f35470eba6a19978c0ecbd6b71ba5a5287087331c6ae1054137b629ea,0.0,0.0,0.0,0.0,0.0,0.0,0.0,0.0,0.0,0.0,0.0,0.0,0.0,0.0,0.0,0.0,0.0,0.0,0.0,0.0,0.0,0.0,0.0,0.0,0.0,0.0,0.0,0.0,0.0,0.0,0.0,0.0,0.0,0.0,0.0,0.0,0.0,0.0,0.0,0.0,0.0,0.0,0.0,0.0,0.0,0.0,0.0,0.0,0.0,0.0,0.0,0.0,0.0,0.0,0.0,0.0,0.0,0.0,0.0,0.0,0.28408100909295825,0.0,0.0,0.3974846565254375,0.0,0.0,0.0,0.3206095724434892,0.0,0.0,0.0,0.0,0.0,0.0,0.0,0.18618238873983492,0.0,0.0,0.0,0.1703423901194708,0.0,0.0,0.0,0.0,0.0,0.0,0.0,0.0,0.0,0.0,0.0,0.0,0.0,0.0,0.0,0.0,0.0,0.0,0.0,0.2397201492572377,0.0,0.0,0.2629879224619591,0.0,0.0,0.0,0.31311107317279213,0.0,0.0,0.0,0.0,0.0,0.0,0.0,0.0,0.0,0.24470230332583878,0.2263261169105631,0.24921473957679183,0.0,0.26335054974875205,0.0,0.0,0.0,0.0,0.0,0.0,0.0,0.0,0.0,0.0,0.0,0.0,0.0,0.0,0.0,0.0,0.0,0.0,0.0,0.0,0.0,0.0,0.0,0.0,0.2026766042774015,0.0,0.0,0.0,0.0,0.0,0.0,0.0,0.0,0.2941496967515195,0.0,0.0,0.0,0.0,0.0,0.0
5837daaf4f7cf7280ec0a749e161015c1de39b35fa26710ce7bb22e352725ed4,0.0,0.0,0.28145096234908823,0.0,0.31053794534588247,0.0,0.0,0.0,0.0,0.0,0.0,0.0,0.11161392633262295,0.0,0.0,0.0,0.0,0.0,0.0,0.0,0.0,0.0,0.0,0.0,0.0,0.0,0.0,0.0,0.0,0.0,0.0,0.0,0.0,0.0,0.0,0.0,0.0,0.0,0.0,0.0,0.0,0.0,0.0,0.0,0.0,0.0,0.0,0.0,0.0,0.0,0.26461514889275656,0.0,0.0,0.0,0.0,0.0,0.0,0.0,0.0,0.0,0.16190466733478384,0.0,0.0,0.0,0.0,0.0,0.0,0.18272318285741082,0.0,0.0,0.0,0.0,0.0,0.0,0.0,0.0,0.0,0.0,0.0,0.09708226570076808,0.0,0.0,0.0,0.0,0.0,0.0,0.0,0.0,0.0,0.0,0.0,0.0,0.0,0.0,0.0,0.0,0.0,0.0,0.0,0.13662233580083355,0.0,0.0,0.0,0.0,0.0,0.0,0.17844960598647305,0.0,0.0,0.0,0.0,0.0,0.0,0.0,0.2243724024395989,0.25537727733682647,0.0,0.12898875142895436,0.0,0.12588829804959545,0.0,0.0,0.24500333428232987,0.0,0.17639708212572597,0.0,0.20261356604339528,0.0,0.0,0.0,0.0,0.0,0.0,0.0,0.0,0.0,0.0,0.0,0.0,0.0,0.36024169652719545,0.0,0.0,0.17244647151641332,0.0,0.0,0.0,0.2586120144226968,0.0,0.0,0.0,0.0,0.0,0.0,0.16764305699716273,0.0,0.0,0.2959719161292969,0.0,0.0,0.0
5997f7c46d8860cb07a00edf9e093e21a2416cc508c51dbd3838628d9b46b0d5,0.0,0.0,0.0,0.0,0.36409262999117475,0.0,0.0,0.0,0.0,0.0,0.0,0.0,0.13086261627970402,0.0,0.0,0.0,0.0,0.0,0.0,0.0,0.0,0.0,0.0,0.0,0.0,0.0,0.0,0.0,0.0,0.0,0.0,0.0,0.0,0.0,0.0,0.0,0.0,0.0,0.0,0.0,0.0,0.0,0.0,0.0,0.0,0.0,0.0,0.0,0.0,0.0,0.3102500900125425,0.0,0.0,0.0,0.0,0.0,0.0,0.0,0.0,0.0,0.18982638682725253,0.0,0.0,0.0,0.0,0.0,0.0,0.0,0.0,0.0,0.0,0.0,0.0,0.0,0.0,0.0,0.0,0.0,0.0,0.1138248577162596,0.0,0.0,0.0,0.0,0.0,0.0,0.0,0.0,0.0,0.0,0.0,0.0,0.0,0.0,0.0,0.0,0.0,0.0,0.0,0.16018392052493974,0.0,0.0,0.0,0.0,0.0,0.0,0.20922462886825868,0.0,0.0,0.0,0.0,0.0,0.0,0.0,0.0,0.29941907563659237,0.0,0.15123386513920783,0.16652832130174847,0.1475987144531992,0.0,0.0,0.28725606539356596,0.0,0.20681813129918805,0.0,0.2375558518314532,0.0,0.0,0.0,0.0,0.0,0.0,0.0,0.0,0.0,0.0,0.0,0.0,0.0,0.0,0.0,0.0,0.20218620715473745,0.0,0.0,0.0,0.30321166829902124,0.0,0.0,0.0,0.0,0.0,0.0,0.19655440643130637,0.0,0.0,0.34701457571317684,0.0,0.0,0.0
6375e7e4c7cdc3f96afd991c4dfedd5cdfe4b31bf0662dccfa703c117e951f71,0.0,0.0,0.0,0.0,0.0,0.21205849332583024,0.0,0.0,0.0,0.3162789460959009,0.0,0.0,0.0762183218089939,0.2574386804241588,0.0,0.0,0.0,0.0,0.0,0.0,0.0,0.0,0.0,0.2627990221494266,0.2720031015845662,0.0,0.0,0.0,0.0,0.0,0.0,0.0,0.0,0.0,0.0,0.0,0.0,0.0,0.0,0.0,0.0,0.0,0.1397581490806745,0.13211274665876455,0.0,0.0,0.0,0.0,0.0,0.0,0.0,0.0,0.0,0.0,0.0,0.0,0.2348790272642148,0.0,0.0,0.0,0.0,0.0,0.0,0.0,0.0,0.0,0.0,0.0,0.0,0.0,0.0,0.0,0.0,0.0,0.0,0.07245973826042384,0.15469580323525725,0.12329799812086875,0.0,0.06629501902008311,0.0,0.0,0.0,0.0,0.0,0.0,0.0,0.0,0.0,0.0,0.0,0.0,0.0,0.0,0.0,0.0,0.0,0.0,0.38337532454562023,0.09329593087991542,0.0,0.0,0.1023514423476136,0.0,0.0,0.0,0.0,0.0,0.0,0.0,0.0,0.0,0.0,0.0,0.0,0.0,0.09523491975113674,0.0,0.09699110062234578,0.0,0.0,0.0,0.0,0.0,0.12045709718659402,0.0,0.13835966968442398,0.0,0.21205849332583024,0.0,0.0,0.0,0.0,0.1094227336084737,0.0,0.0,0.0,0.0,0.2754597020331192,0.0,0.0,0.0,0.14735709143067977,0.0,0.0,0.07887907012501377,0.0,0.0,0.0,0.34625125022526887,0.0,0.0,0.0,0.0,0.0,0.0,0.0,0.0,0.0,0.0,0.0
0b6e1343a2731908678ff352ac759a147f11a86d3f2481dc21386e919a976103,0.0,0.0,0.0,0.0,0.0,0.0,0.0,0.0,0.0,0.0,0.0,0.0,0.0,0.0,0.0,0.0,0.0,0.0,0.0,0.0,0.0,0.0,0.0,0.0,0.0,0.0,0.0,0.0,0.0,0.0,0.0,0.0,0.0,0.0,0.0,0.0,0.0,0.0,0.0,0.0,0.0,0.0,0.0,0.0,0.0,0.0,0.0,0.0,0.0,0.0,0.0,0.0,0.0,0.0,0.0,0.0,0.0,0.0,0.0,0.0,0.28408100909295825,0.0,0.0,0.3974846565254375,0.0,0.0,0.0,0.3206095724434892,0.0,0.0,0.0,0.0,0.0,0.0,0.0,0.18618238873983492,0.0,0.0,0.0,0.1703423901194708,0.0,0.0,0.0,0.0,0.0,0.0,0.0,0.0,0.0,0.0,0.0,0.0,0.0,0.0,0.0,0.0,0.0,0.0,0.0,0.2397201492572377,0.0,0.0,0.2629879224619591,0.0,0.0,0.0,0.31311107317279213,0.0,0.0,0.0,0.0,0.0,0.0,0.0,0.0,0.0,0.24470230332583878,0.2263261169105631,0.24921473957679183,0.0,0.26335054974875205,0.0,0.0,0.0,0.0,0.0,0.0,0.0,0.0,0.0,0.0,0.0,0.0,0.0,0.0,0.0,0.0,0.0,0.0,0.0,0.0,0.0,0.0,0.0,0.0,0.2026766042774015,0.0,0.0,0.0,0.0,0.0,0.0,0.0,0.0,0.2941496967515195,0.0,0.0,0.0,0.0,0.0,0.0
8a492973b12f84f49c52216d8c29755597f0b92a02311286b1f75ef5c265c30d,0.0,0.0,0.0,0.0,0.0,0.0,0.0,0.0,0.0,0.0,0.3091071868717633,0.0,0.20134225419699692,0.0,0.0,0.0,0.0,0.0,0.0,0.0,0.0,0.2942493797221698,0.0,0.0,0.0,0.0,0.0,0.0,0.0,0.0,0.0,0.0,0.0,0.0,0.0,0.0,0.0,0.0,0.0,0.0,0.0,0.0,0.0,0.0,0.0,0.0,0.0,0.0,0.0,0.0,0.0,0.0,0.0,0.0,0.0,0.0,0.0,0.0,0.3892661010684313,0.0,0.0,0.0,0.0,0.0,0.0,0.0,0.0,0.0,0.0,0.0,0.0,0.0,0.0,0.0,0.0,0.19141338583181147,0.0,0.0,0.0,0.17512834518958448,0.0,0.0,0.0,0.0,0.0,0.0,0.0,0.0,0.0,0.0,0.0,0.0,0.0,0.0,0.0,0.0,0.0,0.0,0.0,0.0,0.0,0.0,0.0,0.0,0.45925744423567133,0.0,0.0,0.0,0.0,0.0,0.0,0.0,0.0,0.0,0.0,0.0,0.0,0.0,0.25621669925099905,0.22709203536835484,0.0,0.0,0.0,0.0,0.0,0.0,0.36549804722841017,0.0,0.0,0.0,0.0,0.0,0.0,0.0,0.0,0.0,0.0,0.0,0.0,0.0,0.0,0.0,0.0,0.3110791139087861,0.0,0.0,0.0,0.0,0.0,0.0,0.0,0.0,0.0,0.0,0.0,0.0,0.0,0.0,0.0,0.0,0.0
6931b124d38d52bd7cdef48121fda457d407b63b59bb4e6ead4ce548f4bbb971,0.0,0.0,0.0,0.0,0.0,0.0,0.0,0.0,0.0,0.0,0.0,0.0,0.0,0.0,0.0,0.0,0.0,0.0,0.0,0.0,0.0,0.0,0.0,0.0,0.0,0.0,0.0,0.0,0.0,0.0,0.0,0.0,0.0,0.0,0.0,0.0,0.0,0.0,0.0,0.0,0.0,0.0,0.0,0.0,0.0,0.0,0.0,0.0,0.0,0.0,0.0,0.0,0.0,0.0,0.0,0.0,0.0,0.0,0.0,0.0,0.0,0.0,0.0,0.0,0.0,0.0,0.0,0.0,0.0,0.0,0.0,0.0,0.0,0.0,0.0,0.0,0.0,0.0,0.0,0.0,0.0,0.0,0.0,0.0,0.0,0.0,0.0,0.0,0.0,0.0,0.0,0.0,0.0,0.0,0.0,0.0,0.0,0.0,0.0,0.2808518787193318,0.0,0.0,0.30811198947101087,0.0,0.0,0.0,0.0,0.0,0.0,0.0,0.0,0.0,0.0,0.0,0.0,0.0,0.2866888821359044,0.0,0.0,0.0,0.0,0.0,0.0,0.0,0.0,0.0,0.0,0.0,0.0,0.0,0.0,0.0,0.0,0.0,0.0,0.0,0.0,0.0,0.8292256060668506,0.0,0.0,0.0,0.0,0.0,0.0,0.2374523178803843,0.0,0.0,0.0,0.0,0.0,0.0,0.0,0.0,0.0,0.0,0.0,0.0,0.0,0.0,0.0
7655c5d4d4a19b39ca249667b74f03b81c41fe6177d8eed50320e553be264da9,0.0,0.0,0.0,0.0,0.0,0.0,0.0,0.0,0.0,0.0,0.0,0.0,0.0,0.0,0.0,0.0,0.0,0.0,0.0,0.0,0.0,0.0,0.0,0.0,0.0,0.0,0.0,0.0,0.0,0.0,0.0,0.0,0.0,0.0,0.3468990280072203,0.0,0.0,0.0,0.0,0.0,0.0,0.0,0.0,0.0,0.0,0.0,0.0,0.0,0.0,0.0,0.0,0.0,0.0,0.0,0.0,0.0,0.0,0.0,0.0,0.0,0.30737518277632697,0.0,0.0,0.4300777420510803,0.0,0.0,0.0,0.3468990280072203,0.0,0.0,0.0,0.0,0.0,0.0,0.0,0.2014490372002078,0.0,0.0,0.0,0.18431018484729322,0.0,0.0,0.0,0.0,0.0,0.0,0.0,0.0,0.0,0.0,0.0,0.0,0.0,0.0,0.0,0.0,0.0,0.0,0.0,0.0,0.0,0.0,0.0,0.0,0.0,0.0,0.3387856641775232,0.0,0.0,0.0,0.0,0.0,0.0,0.0,0.0,0.0,0.0,0.24488448479735103,0.0,0.0,0.28494485999513214,0.0,0.0,0.0,0.0,0.0,0.0,0.0,0.0,0.0,0.0,0.0,0.0,0.0,0.0,0.0,0.0,0.0,0.0,0.0,0.0,0.0,0.0,0.0,0.0,0.21929575117732078,0.0,0.0,0.0,0.0,0.0,0.0,0.0,0.0,0.3182694861979094,0.0,0.0,0.0,0.0,0.0,0.0
8710ad8fb2938326655335455987aa17961b2496a345a7ed9f4bbfcb278212bc,0.0,0.0,0.0,0.0,0.0,0.0,0.0,0.0,0.0,0.0,0.0,0.0,0.0,0.0,0.0,0.0,0.0,0.4276679445374826,0.0,0.0,0.0,0.0,0.0,0.0,0.0,0.0,0.0,0.0,0.0,0.0,0.0,0.0,0.0,0.0,0.0,0.0,0.0,0.0,0.0,0.0,0.0,0.0,0.4001925670831793,0.0,0.0,0.0,0.0,0.0,0.0,0.0,0.0,0.0,0.0,0.0,0.0,0.0,0.0,0.0,0.0,0.0,0.31658639140097883,0.0,0.0,0.0,0.0,0.0,0.0,0.0,0.0,0.0,0.0,0.0,0.0,0.0,0.0,0.0,0.0,0.0,0.0,0.1898334660339594,0.0,0.0,0.0,0.0,0.0,0.0,0.0,0.0,0.0,0.0,0.0,0.0,0.0,0.0,0.0,0.0,0.0,0.0,0.0,0.2671496318665185,0.0,0.0,0.2930797719288158,0.0,0.0,0.0,0.3489381605618889,0.0,0.0,0.0,0.0,0.0,0.0,0.0,0.0,0.0,0.0,0.2522230150522487,0.0,0.0,0.0,0.0,0.0,0.0,0.0,0.0,0.0,0.0,0.0,0.0,0.0,0.0,0.0,0.0,0.0,0.0,0.0,0.0,0.0,0.0,0.0,0.0,0.42195187247016086,0.0,0.0,0.0,0.0,0.0,0.0,0.0,0.0,0.0,0.0,0.0,0.0,0.0,0.0,0.0,0.0,0.0,0.0
9704a4959ec0edb5b82732944be3665e80ed974dec17ab401545ee21069da08d,0.0,0.0,0.0,0.0,0.0,0.0,0.0,0.0,0.0,0.0,0.0,0.0,0.0,0.0,0.0,0.0,0.0,0.5257054615323886,0.0,0.0,0.0,0.0,0.0,0.0,0.0,0.0,0.0,0.0,0.0,0.0,0.0,0.0,0.0,0.0,0.0,0.0,0.0,0.0,0.0,0.0,0.0,0.0,0.0,0.0,0.0,0.0,0.0,0.0,0.0,0.0,0.0,0.0,0.0,0.0,0.0,0.0,0.0,0.0,0.0,0.0,0.3891598543498933,0.0,0.0,0.0,0.0,0.0,0.0,0.0,0.0,0.0,0.0,0.0,0.0,0.0,0.0,0.0,0.0,0.0,0.0,0.23335040923771894,0.0,0.0,0.0,0.0,0.0,0.0,0.0,0.0,0.0,0.0,0.0,0.0,0.0,0.0,0.0,0.0,0.0,0.0,0.0,0.3283903372053804,0.0,0.0,0.3602646369352605,0.0,0.0,0.0,0.42892786117705667,0.0,0.0,0.0,0.0,0.0,0.0,0.0,0.0,0.0,0.0,0.3100419805382721,0.0,0.0,0.0,0.0,0.0,0.0,0.0,0.0,0.0,0.0,0.0,0.0,0.0,0.0,0.0,0.0,0.0,0.0,0.0,0.0,0.0,0.0,0.0,0.0,0.0,0.0,0.0,0.0,0.0,0.0,0.0,0.0,0.0,0.0,0.0,0.0,0.0,0.0,0.0,0.0,0.0,0.0,0.0
9706a97ffa43a0258571def8912dc2b8bf1ee207676052ad1b9c16ca9953fc2c,0.0,0.23794516541513552,0.0,0.0,0.0,0.0,0.0,0.0,0.0,0.0,0.0,0.0,0.11112461846184603,0.0,0.0,0.0,0.0,0.0,0.0,0.0,0.0,0.16240182759783903,0.0,0.0,0.0,0.0,0.0,0.0,0.0,0.0,0.0,0.0,0.0,0.0,0.1819221368366921,0.0,0.0,0.0,0.0,0.0,0.0,0.0,0.0,0.0,0.0,0.0,0.0,0.0,0.0,0.0,0.26345509405610323,0.0,0.0,0.0,0.0,0.0,0.0,0.0,0.0,0.0,0.16119488827185277,0.0,0.0,0.0,0.0,0.0,0.0,0.0,0.0,0.0,0.0,0.0,0.0,0.0,0.0,0.0,0.0,0.1797657396948112,0.0,0.09665666364302239,0.0,0.0,0.0,0.0,0.0,0.0,0.0,0.0,0.0,0.0,0.0,0.0,0.0,0.0,0.0,0.0,0.0,0.0,0.0,0.0,0.0,0.0,0.1492261271299215,0.0,0.0,0.0,0.0,0.0,0.0,0.0,0.0,0.0,0.0,0.0,0.223388769069587,0.0,0.0,0.12842327350527855,0.141410868083176,0.1253364123029118,0.14943189120111214,0.0,0.24392925630863985,0.3332510257958862,0.0,0.0,0.0,0.0,0.3091765680892505,0.0,0.0,0.0,0.0,0.15953591255611987,0.0,0.0,0.0,0.0,0.0,0.0,0.0,0.0,0.0,0.0,0.0,0.11500393034412126,0.0,0.2574782769197495,0.0,0.0,0.0,0.31937636111240325,0.0,0.0,0.16690812122377763,0.0,0.0,0.2946743953552369,0.0,0.0,0.0
13849c0c923bfed5ab37224d59e2d12e3e72f97dc7f539136ae09484cbe8e5e0,0.0,0.0,0.24551703504263261,0.0,0.0,0.0,0.0,0.0,0.0,0.0,0.0,0.0,0.09736374689905614,0.0,0.0,0.0,0.0,0.0,0.0,0.0,0.0,0.0,0.0,0.0,0.0,0.0,0.20466263869261936,0.32263641416234085,0.0,0.0,0.0,0.0,0.0,0.0,0.1593942110351062,0.0,0.0,0.0,0.0,0.0,0.0,0.0,0.0,0.0,0.18907820045121787,0.0,0.0,0.0,0.0,0.0,0.0,0.0,0.0,0.0,0.0,0.0,0.0,0.0,0.18823870971329595,0.0,0.0,0.0,0.0,0.0,0.0,0.0,0.0,0.0,0.0,0.0,0.0,0.0,0.0,0.0,0.0,0.0,0.0,0.15750484656805944,0.0,0.08468739929377209,0.0,0.0,0.4897360264628476,0.0,0.0,0.0,0.0,0.0,0.0,0.0,0.0,0.0,0.0,0.0,0.0,0.0,0.0,0.0,0.0,0.0,0.0,0.0,0.0,0.0,0.0,0.0,0.0,0.0,0.0,0.0,0.0,0.0,0.0,0.0,0.0,0.0,0.0,0.11252026122194783,0.12389956572542404,0.10981565465519552,0.0,0.30221422929679553,0.21372281589127592,0.29198362143832085,0.0,0.0,0.0,0.0,0.0,0.0,0.0,0.0,0.0,0.13978013536898823,0.0,0.0,0.0,0.0,0.35188112350273826,0.0,0.0,0.0,0.0,0.0,0.0,0.10076267276693687,0.0,0.0,0.0,0.0,0.0,0.0,0.0,0.0,0.0,0.0,0.0,0.0,0.0,0.0,0.0
22709d7884e71cdeb419e81453644edef69f8373a7a676c85c4d85f1ab67be46,0.0,0.20160973087697298,0.23742652686502688,0.0,0.0,0.0,0.0,0.0,0.0,0.0,0.0,0.0,0.0,0.0,0.0,0.0,0.0,0.0,0.0,0.0,0.0,0.0,0.0,0.0,0.0,0.0,0.0,0.0,0.0,0.0,0.0,0.0,0.0,0.0,0.15414170312819614,0.0,0.0,0.0,0.0,0.0,0.0,0.0,0.0,0.0,0.0,0.28614367900830423,0.0,0.0,0.0,0.0,0.22322416392932504,0.0,0.0,0.0,0.0,0.0,0.0,0.0,0.0,0.0,0.1365796106280744,0.0,0.4129731725384974,0.1911014741612442,0.18203569076590226,0.0,0.0,0.15414170312819614,0.0,0.0,0.0,0.0,0.0,0.0,0.0,0.08951220724357022,0.0,0.0,0.0,0.08189670048785237,0.0,0.0,0.0,0.0,0.0,0.2770660309891587,0.0,0.0,0.0,0.0,0.0,0.0,0.0,0.0,0.0,0.0,0.0,0.0,0.0,0.0,0.0,0.0,0.0,0.0,0.0,0.0,0.0,0.0,0.0,0.0,0.0,0.0,0.0,0.0,0.0,0.0,0.0,0.10881238778088732,0.1198167107433684,0.10619690595263519,0.12661288291750672,0.0,0.20668002071655805,0.2823619026172074,0.0,0.0,0.0,0.0,0.0,0.0,0.0,0.0,0.0,0.0,0.0,0.0,0.0,0.0,0.0,0.0,0.0,0.0,0.0,0.0,0.2823619026172074,0.09744224643531083,0.20160973087697298,0.21816003710725299,0.0,0.0,0.0,0.0,0.0,0.0,0.1414204039085995,0.0,0.0,0.0,0.0,0.0,0.0
35616cb24994c8f53d586c6a5959c1011331e4c224be38bb5de08ee89378ecb8,0.0,0.0,0.0,0.0,0.0,0.0,0.0,0.0,0.0,0.0,0.13052399438100276,0.0,0.085019036669535,0.0,0.0,0.0,0.0,0.0,0.0,0.0,0.0,0.12425011781238027,0.0,0.0,0.0,0.0,0.0,0.0,0.0,0.0,0.0,0.0,0.0,0.0,0.0,0.0,0.0,0.0,0.0,0.0,0.0,0.0,0.0,0.1473674332641772,0.0,0.0,0.0,0.0,0.20954134633031443,0.0,0.0,0.0,0.0,0.0,0.0,0.0,0.26199984672877685,0.0,0.1643719995732396,0.0,0.12332671469762257,0.0,0.0,0.0,0.0,0.0,0.0,0.13918468325746683,0.0,0.0,0.0,0.0,0.0,0.0,0.0,0.08082646006909244,0.0,0.0,0.0,0.07394991806826778,0.0,0.0,0.0,0.0,0.0,0.0,0.0,0.0,0.0,0.0,0.0,0.0,0.0,0.3377845089090299,0.0,0.0,0.0,0.0,0.0,0.0,0.0,0.0,0.1141696750020115,0.0,0.0,0.0,0.0,0.0,0.0,0.0,0.0,0.0,0.0,0.0,0.17090990468156608,0.0,0.10623142759339373,0.09825386264984816,0.10819038972144782,0.09589217205967625,0.11432710063240713,0.0,0.0,0.0,0.13436593878933062,0.0,0.0,0.0,0.0,0.40341889426492367,0.0,0.0,0.0,0.12205746834013619,0.0,0.0,0.0,0.26788095122772637,0.0,0.0,0.0,0.0,0.0,0.0,0.0,0.08798701409647178,0.18204668797773,0.0,0.0,0.0,0.0,0.0,0.0,0.0,0.1276977853799311,0.303410533307185,0.0,0.0,0.0,0.0,0.3527987848291387
0b997e8b0d0ff6cc4e6f1919c6c0f3080eaa0d08c8fccdf50f7648bf05cca446,0.0,0.0,0.0,0.0,0.0,0.0,0.0,0.0,0.0,0.0,0.0,0.0,0.0,0.0,0.0,0.0,0.0,0.5257054615323886,0.0,0.0,0.0,0.0,0.0,0.0,0.0,0.0,0.0,0.0,0.0,0.0,0.0,0.0,0.0,0.0,0.0,0.0,0.0,0.0,0.0,0.0,0.0,0.0,0.0,0.0,0.0,0.0,0.0,0.0,0.0,0.0,0.0,0.0,0.0,0.0,0.0,0.0,0.0,0.0,0.0,0.0,0.3891598543498933,0.0,0.0,0.0,0.0,0.0,0.0,0.0,0.0,0.0,0.0,0.0,0.0,0.0,0.0,0.0,0.0,0.0,0.0,0.23335040923771894,0.0,0.0,0.0,0.0,0.0,0.0,0.0,0.0,0.0,0.0,0.0,0.0,0.0,0.0,0.0,0.0,0.0,0.0,0.0,0.3283903372053804,0.0,0.0,0.3602646369352605,0.0,0.0,0.0,0.42892786117705667,0.0,0.0,0.0,0.0,0.0,0.0,0.0,0.0,0.0,0.0,0.3100419805382721,0.0,0.0,0.0,0.0,0.0,0.0,0.0,0.0,0.0,0.0,0.0,0.0,0.0,0.0,0.0,0.0,0.0,0.0,0.0,0.0,0.0,0.0,0.0,0.0,0.0,0.0,0.0,0.0,0.0,0.0,0.0,0.0,0.0,0.0,0.0,0.0,0.0,0.0,0.0,0.0,0.0,0.0,0.0
42438a67636a6981b4e3209449040f6b393f10fe0636dfca2260fc0f4271e135,0.0,0.3494664255811189,0.4115505701076119,0.0,0.0,0.0,0.0,0.0,0.0,0.0,0.0,0.0,0.0,0.0,0.0,0.0,0.0,0.0,0.0,0.0,0.0,0.0,0.0,0.0,0.0,0.0,0.0,0.0,0.0,0.0,0.0,0.0,0.0,0.0,0.0,0.0,0.0,0.0,0.0,0.0,0.0,0.0,0.0,0.0,0.0,0.0,0.0,0.0,0.0,0.0,0.0,0.0,0.0,0.0,0.0,0.0,0.0,0.0,0.0,0.0,0.23674446727266416,0.0,0.0,0.0,0.0,0.0,0.0,0.0,0.0,0.0,0.0,0.0,0.0,0.0,0.0,0.0,0.0,0.0,0.0,0.14195816373487416,0.0,0.0,0.0,0.0,0.0,0.4802609233123469,0.0,0.0,0.0,0.0,0.0,0.0,0.0,0.0,0.0,0.0,0.0,0.0,0.0,0.0,0.0,0.0,0.21916613082019823,0.0,0.0,0.0,0.0,0.0,0.0,0.0,0.0,0.0,0.0,0.0,0.3280876688774648,0.0,0.0,0.18861329783698705,0.0,0.18407967199603298,0.21946833336483307,0.0,0.35825516836249444,0.0,0.0,0.0,0.0,0.0,0.0,0.0,0.0,0.0,0.0,0.0,0.0,0.0,0.0,0.0,0.0,0.0,0.0,0.0,0.0,0.0,0.0,0.0,0.0,0.0,0.0,0.0,0.0,0.0,0.0,0.0,0.0,0.0,0.0,0.0,0.0,0.0,0.0
8adec068a8f2a765688d54aefa6e4bdc256bbca4154e891f9c0ff7cde0773519,0.0,0.0,0.0,0.0,0.0,0.0,0.0,0.0,0.0,0.0,0.2739825571971917,0.0,0.17846322576649037,0.0,0.0,0.0,0.0,0.3497068812870637,0.0,0.0,0.0,0.2608130801676034,0.0,0.0,0.0,0.0,0.0,0.5913775615151774,0.0,0.0,0.0,0.0,0.0,0.0,0.0,0.0,0.0,0.0,0.0,0.0,0.0,0.0,0.0,0.0,0.0,0.0,0.0,0.37225407908543484,0.0,0.0,0.0,0.0,0.0,0.0,0.0,0.0,0.0,0.0,0.0,0.0,0.0,0.0,0.0,0.0,0.345032811693101,0.0,0.0,0.0,0.0,0.0,0.0,0.0,0.0,0.0,0.0,0.16966259976908718,0.0,0.0,0.0,0.1552280693902494,0.0,0.0,0.0,0.0,0.0,0.0,0.0,0.0,0.0,0.0,0.0,0.0,0.0,0.0,0.0,0.0,0.0,0.0,0.0,0.0,0.0,0.0,0.0,0.0,0.0,0.0,0.0,0.0,0.0,0.0,0.0,0.0,0.0,0.0,0.0,0.0,0.0,0.20624441253864292,0.0,0.0,0.0,0.0,0.0,0.0,0.0,0.0,0.0,0.0,0.0,0.0,0.0,0.0,0.0,0.0,0.0,0.0,0.0,0.0,0.0,0.0,0.0,0.0,0.0,0.0,0.0,0.0,0.0,0.0,0.0,0.0,0.0,0.0,0.0,0.0,0.0,0.0,0.0,0.0,0.0,0.0,0.0
44136c10d998dccfa03bc3b617e6c6444487bdd4c709f5b75ed2140fe5f470cc,0.0,0.0,0.0,0.0,0.0,0.0,0.0,0.0,0.0,0.0,0.0,0.0,0.0,0.0,0.0,0.0,0.0,0.0,0.0,0.0,0.0,0.0,0.0,0.0,0.0,0.0,0.0,0.0,0.0,0.0,0.0,0.0,0.0,0.0,0.3233486473329126,0.0,0.0,0.0,0.0,0.0,0.0,0.0,0.3621708905417715,0.0,0.0,0.0,0.0,0.0,0.0,0.0,0.0,0.0,0.0,0.0,0.0,0.0,0.0,0.0,0.0,0.0,0.2865080082391105,0.0,0.0,0.40088050098922634,0.0,0.0,0.0,0.3233486473329126,0.0,0.0,0.0,0.0,0.0,0.0,0.0,0.18777300720441628,0.0,0.0,0.0,0.1717976821739925,0.0,0.0,0.0,0.0,0.0,0.0,0.0,0.0,0.0,0.0,0.0,0.0,0.0,0.0,0.0,0.0,0.0,0.0,0.0,0.0,0.0,0.0,0.0,0.0,0.0,0.0,0.31578608587310436,0.0,0.0,0.0,0.0,0.0,0.0,0.0,0.0,0.0,0.0,0.2282596966815155,0.0,0.0,0.26560044164198243,0.0,0.0,0.0,0.0,0.0,0.0,0.0,0.0,0.0,0.0,0.0,0.0,0.0,0.0,0.0,0.0,0.0,0.0,0.0,0.0,0.0,0.0,0.0,0.0,0.20440813834614077,0.0,0.0,0.0,0.0,0.0,0.0,0.0,0.0,0.29666271606645467,0.0,0.0,0.0,0.0,0.0,0.0
52715e3681686f1239443bf9e63fd1b9ff3574cef23a70d4f004b6b182203e1a,0.0,0.0,0.0,0.0,0.0,0.0,0.0,0.0,0.0,0.0,0.0,0.0,0.0,0.0,0.0,0.0,0.0,0.0,0.0,0.0,0.0,0.0,0.0,0.0,0.0,0.0,0.0,0.0,0.0,0.0,0.0,0.0,0.0,0.0,0.3353439928531073,0.0,0.0,0.0,0.0,0.0,0.0,0.0,0.0,0.0,0.0,0.0,0.0,0.0,0.0,0.0,0.0,0.0,0.0,0.0,0.0,0.0,0.0,0.0,0.0,0.0,0.2971366673706037,0.0,0.0,0.4157520650465938,0.0,0.0,0.0,0.3353439928531073,0.0,0.0,0.0,0.0,0.0,0.0,0.0,0.19473886934536397,0.0,0.0,0.0,0.17817090369275737,0.0,0.0,0.0,0.0,0.0,0.0,0.0,0.0,0.0,0.0,0.0,0.0,0.0,0.0,0.0,0.0,0.0,0.0,0.0,0.0,0.0,0.0,0.0,0.0,0.0,0.0,0.3275008811622208,0.0,0.0,0.0,0.0,0.0,0.0,0.0,0.0,0.0,0.2559482139982044,0.23672750365276465,0.0,0.0,0.27545348755416055,0.0,0.0,0.0,0.0,0.0,0.0,0.0,0.0,0.0,0.0,0.0,0.0,0.0,0.0,0.0,0.0,0.0,0.0,0.0,0.0,0.0,0.0,0.0,0.0,0.21199111810135607,0.0,0.0,0.0,0.0,0.0,0.0,0.0,0.0,0.3076680869301611,0.0,0.0,0.0,0.0,0.0,0.0
57809da76e6331b7661c93e33c3e3060288a44e228a9f8d047042d06ce025878,0.0,0.0,0.0,0.0,0.0,0.0,0.0,0.0,0.0,0.0,0.0,0.0,0.0,0.0,0.0,0.0,0.0,0.0,0.0,0.0,0.0,0.0,0.0,0.0,0.0,0.0,0.0,0.0,0.0,0.0,0.0,0.0,0.0,0.0,0.3468990280072203,0.0,0.0,0.0,0.0,0.0,0.0,0.0,0.0,0.0,0.0,0.0,0.0,0.0,0.0,0.0,0.0,0.0,0.0,0.0,0.0,0.0,0.0,0.0,0.0,0.0,0.30737518277632697,0.0,0.0,0.4300777420510803,0.0,0.0,0.0,0.3468990280072203,0.0,0.0,0.0,0.0,0.0,0.0,0.0,0.2014490372002078,0.0,0.0,0.0,0.18431018484729322,0.0,0.0,0.0,0.0,0.0,0.0,0.0,0.0,0.0,0.0,0.0,0.0,0.0,0.0,0.0,0.0,0.0,0.0,0.0,0.0,0.0,0.0,0.0,0.0,0.0,0.0,0.3387856641775232,0.0,0.0,0.0,0.0,0.0,0.0,0.0,0.0,0.0,0.0,0.24488448479735103,0.0,0.0,0.28494485999513214,0.0,0.0,0.0,0.0,0.0,0.0,0.0,0.0,0.0,0.0,0.0,0.0,0.0,0.0,0.0,0.0,0.0,0.0,0.0,0.0,0.0,0.0,0.0,0.0,0.21929575117732078,0.0,0.0,0.0,0.0,0.0,0.0,0.0,0.0,0.3182694861979094,0.0,0.0,0.0,0.0,0.0,0.0
63096f288f49b25d50f4aea52dc1fc00871b3927fa2a81fa0b0d752b261a3059,0.0,0.20918390617417917,0.0,0.0,0.0,0.0,0.0,0.0,0.0,0.0,0.0,0.0,0.09769259955926649,0.0,0.0,0.0,0.0,0.0,0.0,0.0,0.0,0.14277175418744883,0.0,0.0,0.0,0.0,0.0,0.0,0.0,0.0,0.0,0.0,0.0,0.0,0.15993257579602044,0.0,0.0,0.0,0.0,0.0,0.0,0.0,0.0,0.0,0.0,0.0,0.0,0.0,0.0,0.0,0.23161036106781896,0.0,0.0,0.0,0.0,0.0,0.0,0.0,0.0,0.33332061926212364,0.1417107018131148,0.0,0.0,0.0,0.0,0.0,0.0,0.0,0.0,0.0,0.0,0.0,0.0,0.0,0.0,0.0,0.0,0.15803682987231366,0.0,0.08497343672999491,0.0,0.0,0.0,0.0,0.0,0.0,0.0,0.0,0.0,0.0,0.0,0.0,0.0,0.0,0.0,0.0,0.0,0.0,0.0,0.0,0.0,0.0,0.13118864643381414,0.0,0.0,0.0,0.0,0.0,0.3208044774012644,0.0,0.0,0.0,0.0,0.0,0.19638699205294063,0.0,0.0,0.11290030603748646,0.12431804491388375,0.11018656447857715,0.1313695390864842,0.3032349783581552,0.21444467920068988,0.29296981592760435,0.0,0.0,0.0,0.0,0.2718053216067679,0.0,0.0,0.0,0.0,0.14025225225874097,0.0,0.0,0.0,0.0,0.0,0.0,0.0,0.0,0.0,0.0,0.0,0.10110300552984572,0.0,0.2263559825941485,0.0,0.0,0.0,0.0,0.0,0.0,0.14673335643894675,0.0,0.0,0.2590560769006568,0.0,0.0,0.0
75910d91797aedee507082e4af6260d42b6bb6eb877e5c96107693beee6a2085,0.0,0.0,0.0,0.0,0.0,0.0,0.0,0.0,0.0,0.0,0.0,0.0,0.0,0.0,0.0,0.0,0.0,0.0,0.0,0.0,0.0,0.0,0.0,0.0,0.0,0.0,0.0,0.0,0.0,0.0,0.0,0.0,0.0,0.0,0.0,0.0,0.0,0.0,0.0,0.0,0.0,0.0,0.0,0.22993850203329796,0.0,0.0,0.0,0.0,0.0,0.0,0.0,0.0,0.0,0.0,0.0,0.0,0.0,0.0,0.0,0.0,0.0,0.0,0.0,0.0,0.2564708533013183,0.0,0.0,0.21717089634606968,0.0,0.0,0.0,0.0,0.0,0.6672539181267654,0.39782087677052236,0.0,0.0,0.21459668130922252,0.0,0.0,0.0,0.0,0.0,0.0,0.0,0.0,0.0,0.0,0.0,0.0,0.0,0.0,0.0,0.0,0.0,0.0,0.0,0.0,0.0,0.16237893113931923,0.0,0.0,0.17813979293871882,0.0,0.0,0.0,0.0,0.0,0.0,0.0,0.0,0.0,0.0,0.0,0.0,0.0,0.16575368647356,0.0,0.0,0.0,0.0,0.0,0.0,0.0,0.20965217351740914,0.0,0.0,0.0,0.0,0.0,0.0,0.0,0.0,0.19044717554248097,0.0,0.0,0.0,0.0,0.0,0.0,0.0,0.0,0.0,0.0,0.0,0.13728679241808706,0.0,0.0,0.0,0.0,0.0,0.0,0.0,0.0,0.0,0.0,0.0,0.0,0.0,0.0,0.0
76434f31095e05944ab0c2fe0465037efc4bb585358309e4a2387b97a4abc7c4,0.0,0.0,0.0,0.0,0.0,0.0,0.0,0.0,0.0,0.0,0.0,0.0,0.0,0.0,0.0,0.0,0.0,0.0,0.0,0.0,0.0,0.0,0.0,0.0,0.0,0.0,0.0,0.0,0.0,0.0,0.0,0.0,0.0,0.0,0.3349358986844229,0.0,0.0,0.0,0.0,0.0,0.0,0.0,0.0,0.0,0.0,0.0,0.0,0.0,0.0,0.0,0.0,0.0,0.0,0.0,0.0,0.0,0.0,0.0,0.0,0.0,0.29677506929865205,0.0,0.0,0.41524611892267344,0.0,0.0,0.0,0.3349358986844229,0.0,0.0,0.0,0.0,0.0,0.0,0.0,0.1945018834482263,0.0,0.0,0.0,0.17795408004785587,0.0,0.0,0.0,0.0,0.0,0.0,0.0,0.0,0.0,0.0,0.0,0.0,0.0,0.0,0.0,0.0,0.0,0.0,0.0,0.0,0.0,0.0,0.0,0.0,0.0,0.0,0.3271023316050804,0.0,0.0,0.0,0.0,0.0,0.0,0.0,0.0,0.0,0.0,0.23643942002560328,0.2603508127639259,0.0,0.27511827665308486,0.0,0.0,0.0,0.0,0.0,0.0,0.0,0.0,0.0,0.0,0.0,0.0,0.0,0.0,0.0,0.0,0.0,0.0,0.0,0.0,0.0,0.0,0.0,0.0,0.21173313721917597,0.0,0.0,0.0,0.0,0.0,0.0,0.0,0.0,0.30729367273207686,0.0,0.0,0.0,0.0,0.0,0.0
085105e613ad37808a8db9a3c2ba5561d5d38d5c5c43b469c93d15f0d64af0c1,0.0,0.0,0.0,0.0,0.3464407171905865,0.0,0.0,0.0,0.0,0.0,0.0,0.0,0.12451814429332472,0.0,0.0,0.0,0.0,0.0,0.0,0.0,0.0,0.0,0.0,0.0,0.0,0.0,0.0,0.0,0.0,0.0,0.0,0.0,0.0,0.0,0.0,0.0,0.0,0.0,0.0,0.0,0.0,0.0,0.0,0.0,0.0,0.0,0.0,0.0,0.0,0.0,0.295208567377468,0.0,0.0,0.0,0.0,0.0,0.0,0.0,0.0,0.0,0.1806232375418451,0.0,0.0,0.0,0.0,0.0,0.0,0.0,0.0,0.0,0.0,0.0,0.0,0.0,0.0,0.0,0.0,0.0,0.0,0.10830640911982554,0.0,0.0,0.0,0.0,0.0,0.0,0.0,0.0,0.0,0.0,0.0,0.0,0.0,0.0,0.0,0.0,0.0,0.0,0.0,0.1524178951669666,0.0,0.0,0.0,0.0,0.0,0.0,0.19908101540207163,0.0,0.0,0.0,0.0,0.0,0.0,0.0,0.2503131652151901,0.28490266146446813,0.0,0.14390175572518887,0.15845470715988008,0.14044284415428668,0.0,0.0,0.2733293374125843,0.0,0.19679118947572305,0.0,0.22603868604345054,0.0,0.0,0.0,0.0,0.0,0.0,0.17876431032652534,0.0,0.0,0.0,0.0,0.0,0.0,0.0,0.0,0.0,0.19238382994577388,0.0,0.0,0.0,0.28851138192117026,0.0,0.0,0.0,0.0,0.0,0.0,0.18702506978150685,0.0,0.0,0.33019063991647973,0.0,0.0,0.0
86670fbfdcbfad2bb774efeb150ec3fde4f52d5b1e3c42316e0a1fb0f76761c2,0.0,0.0,0.0,0.0,0.0,0.0,0.0,0.0,0.0,0.0,0.0,0.0,0.0,0.0,0.0,0.0,0.0,0.0,0.0,0.0,0.0,0.0,0.0,0.0,0.0,0.0,0.0,0.0,0.0,0.0,0.0,0.0,0.0,0.0,0.3468990280072203,0.0,0.0,0.0,0.0,0.0,0.0,0.0,0.0,0.0,0.0,0.0,0.0,0.0,0.0,0.0,0.0,0.0,0.0,0.0,0.0,0.0,0.0,0.0,0.0,0.0,0.30737518277632697,0.0,0.0,0.4300777420510803,0.0,0.0,0.0,0.3468990280072203,0.0,0.0,0.0,0.0,0.0,0.0,0.0,0.2014490372002078,0.0,0.0,0.0,0.18431018484729322,0.0,0.0,0.0,0.0,0.0,0.0,0.0,0.0,0.0,0.0,0.0,0.0,0.0,0.0,0.0,0.0,0.0,0.0,0.0,0.0,0.0,0.0,0.0,0.0,0.0,0.0,0.3387856641775232,0.0,0.0,0.0,0.0,0.0,0.0,0.0,0.0,0.0,0.0,0.24488448479735103,0.0,0.0,0.28494485999513214,0.0,0.0,0.0,0.0,0.0,0.0,0.0,0.0,0.0,0.0,0.0,0.0,0.0,0.0,0.0,0.0,0.0,0.0,0.0,0.0,0.0,0.0,0.0,0.0,0.21929575117732078,0.0,0.0,0.0,0.0,0.0,0.0,0.0,0.0,0.3182694861979094,0.0,0.0,0.0,0.0,0.0,0.0
90315b1fa493435f317b54c2faf80391cac02cadc4c9f97c4172c7e5470f1969,0.0,0.0,0.0,0.0,0.0,0.0,0.0,0.0,0.0,0.0,0.0,0.0,0.0,0.0,0.0,0.0,0.0,0.0,0.0,0.0,0.0,0.0,0.0,0.0,0.0,0.0,0.0,0.0,0.0,0.0,0.0,0.0,0.0,0.0,0.3349358986844229,0.0,0.0,0.0,0.0,0.0,0.0,0.0,0.0,0.0,0.0,0.0,0.0,0.0,0.0,0.0,0.0,0.0,0.0,0.0,0.0,0.0,0.0,0.0,0.0,0.0,0.29677506929865205,0.0,0.0,0.41524611892267344,0.0,0.0,0.0,0.3349358986844229,0.0,0.0,0.0,0.0,0.0,0.0,0.0,0.1945018834482263,0.0,0.0,0.0,0.17795408004785587,0.0,0.0,0.0,0.0,0.0,0.0,0.0,0.0,0.0,0.0,0.0,0.0,0.0,0.0,0.0,0.0,0.0,0.0,0.0,0.0,0.0,0.0,0.0,0.0,0.0,0.0,0.3271023316050804,0.0,0.0,0.0,0.0,0.0,0.0,0.0,0.0,0.0,0.0,0.23643942002560328,0.2603508127639259,0.0,0.27511827665308486,0.0,0.0,0.0,0.0,0.0,0.0,0.0,0.0,0.0,0.0,0.0,0.0,0.0,0.0,0.0,0.0,0.0,0.0,0.0,0.0,0.0,0.0,0.0,0.0,0.21173313721917597,0.0,0.0,0.0,0.0,0.0,0.0,0.0,0.0,0.30729367273207686,0.0,0.0,0.0,0.0,0.0,0.0
92390d8b7dd99a4b03af59b45763c706d5df368761ce9706236e3dac4f9a74e2,0.0,0.0,0.0,0.0,0.3507428074185048,0.0,0.0,0.0,0.0,0.0,0.0,0.0,0.12606440679995767,0.0,0.0,0.0,0.0,0.0,0.0,0.0,0.0,0.0,0.0,0.0,0.0,0.0,0.0,0.0,0.0,0.0,0.0,0.0,0.0,0.0,0.0,0.0,0.0,0.0,0.0,0.0,0.0,0.0,0.0,0.0,0.0,0.0,0.0,0.0,0.0,0.0,0.0,0.0,0.0,0.0,0.0,0.0,0.0,0.0,0.0,0.0,0.18286621138009707,0.0,0.0,0.0,0.0,0.0,0.0,0.20638006754527155,0.0,0.0,0.0,0.0,0.0,0.0,0.0,0.0,0.0,0.0,0.0,0.10965135479501589,0.0,0.0,0.0,0.0,0.0,0.0,0.0,0.0,0.0,0.0,0.0,0.0,0.0,0.0,0.0,0.0,0.0,0.0,0.0,0.15431061592645215,0.0,0.0,0.0,0.0,0.0,0.0,0.20155319736114008,0.0,0.0,0.0,0.0,0.0,0.0,0.0,0.25342154644336756,0.2884405739989233,0.0,0.14568872332560823,0.0,0.14218685909663198,0.0,0.0,0.27672353276300893,0.0,0.1992349364464874,0.0,0.22884562753186702,0.0,0.0,0.0,0.0,0.0,0.0,0.0,0.0,0.0,0.0,0.0,0.0,0.0,0.40688162552379975,0.0,0.0,0.19477284646072324,0.0,0.0,0.0,0.0,0.0,0.0,0.0,0.0,0.0,0.0,0.18934754137666904,0.0,0.0,0.33429093718192304,0.0,0.0,0.0
8b87459483248d7b95424cd52b7d4f3031e89c6644adc2e167556e071d9ec3aa,0.0,0.0,0.0,0.0,0.0,0.0,0.0,0.0,0.0,0.0,0.24500208129379242,0.0,0.15958629700548788,0.0,0.0,0.0,0.0,0.0,0.0,0.0,0.0,0.23322560429902628,0.0,0.0,0.0,0.0,0.0,0.5288246627225484,0.0,0.0,0.0,0.0,0.0,0.0,0.0,0.0,0.0,0.0,0.0,0.0,0.0,0.0,0.0,0.0,0.0,0.0,0.0,0.33287894338614615,0.0,0.0,0.0,0.0,0.0,0.0,0.0,0.0,0.0,0.0,0.0,0.0,0.0,0.0,0.0,0.0,0.30853700266261097,0.0,0.0,0.0,0.0,0.0,0.0,0.0,0.0,0.0,0.0,0.1517165562887451,0.0,0.0,0.0,0.13880883682845688,0.0,0.0,0.0,0.0,0.0,0.0,0.0,0.0,0.0,0.0,0.0,0.0,0.0,0.0,0.0,0.0,0.0,0.0,0.0,0.0,0.0,0.0,0.0,0.0,0.36401298470645754,0.0,0.0,0.0,0.0,0.0,0.0,0.0,0.0,0.0,0.0,0.0,0.0,0.1844289316958787,0.20308044343453843,0.0,0.0,0.0,0.0,0.0,0.25221366243425114,0.0,0.0,0.0,0.0,0.0,0.0,0.0,0.0,0.0,0.0,0.0,0.0,0.0,0.0,0.0,0.0,0.0,0.0,0.24656505442657348,0.0,0.0,0.0,0.0,0.0,0.0,0.0,0.0,0.0,0.0,0.0,0.0,0.0,0.0,0.0,0.0,0.0
93976cb0c0ed15a2e61a2bb20e6d5394c64e756d7c5f56bdc5e6ed8221210c55,0.0,0.0,0.0,0.0,0.0,0.0,0.0,0.0,0.0,0.0,0.21559830072298994,0.0,0.14043364150771936,0.0,0.0,0.0,0.0,0.0,0.0,0.4571297422970363,0.0,0.20523517068275834,0.0,0.0,0.0,0.0,0.0,0.0,0.0,0.0,0.0,0.0,0.0,0.0,0.0,0.0,0.0,0.0,0.0,0.0,0.0,0.0,0.25750692668048025,0.2434201339327809,0.0,0.0,0.0,0.2929286729383219,0.0,0.0,0.0,0.0,0.0,0.0,0.0,0.0,0.0,0.0,0.0,0.0,0.0,0.0,0.0,0.0,0.0,0.0,0.0,0.0,0.0,0.0,0.0,0.0,0.0,0.0,0.0,0.1335083830907279,0.2850298256202917,0.22717879973949143,0.0,0.12214977598359014,0.0,0.0,0.0,0.0,0.0,0.0,0.0,0.0,0.0,0.0,0.0,0.0,0.0,0.0,0.0,0.0,0.0,0.0,0.0,0.171899446227022,0.0,0.0,0.18858439048898956,0.0,0.0,0.0,0.0,0.0,0.0,0.0,0.0,0.0,0.0,0.0,0.0,0.0,0.1754720684202913,0.0,0.0,0.15839378381536734,0.0,0.0,0.0,0.0,0.22194438819783235,0.0,0.0,0.0,0.0,0.0,0.0,0.0,0.0,0.20161337300073928,0.0,0.0,0.0,0.0,0.0,0.0,0.0,0.0,0.2715081159023156,0.0,0.0,0.14533611857997247,0.0,0.0,0.0,0.0,0.0,0.0,0.0,0.0,0.0,0.0,0.0,0.0,0.0,0.0,0.0
233437b647f9482a8a3ba51d0af69039bb58fb48609704a39db1f709a0e6aca6,0.0,0.0,0.0,0.0,0.0,0.0,0.0,0.0,0.0,0.0,0.0,0.0,0.20331027628579537,0.0,0.0,0.0,0.0,0.0,0.0,0.0,0.0,0.0,0.0,0.0,0.0,0.0,0.0,0.0,0.0,0.0,0.0,0.0,0.0,0.0,0.0,0.0,0.0,0.0,0.0,0.0,0.0,0.0,0.0,0.0,0.0,0.0,0.0,0.0,0.0,0.0,0.0,0.0,0.0,0.0,0.0,0.0,0.0,0.0,0.0,0.0,0.2949173434657107,0.0,0.0,0.4126467986901003,0.0,0.0,0.0,0.0,0.0,0.0,0.0,0.0,0.0,0.0,0.0,0.19328435808704475,0.0,0.0,0.0,0.1768401391350849,0.0,0.0,0.0,0.0,0.0,0.0,0.0,0.0,0.0,0.0,0.0,0.0,0.0,0.0,0.0,0.0,0.0,0.0,0.0,0.24886432859372942,0.0,0.0,0.2730196562722989,0.0,0.0,0.0,0.0,0.0,0.0,0.0,0.0,0.0,0.0,0.0,0.0,0.0,0.25403652805662247,0.23495937785243404,0.25872109220942713,0.0,0.27339611605900066,0.0,0.0,0.0,0.0,0.0,0.369070611930375,0.0,0.0,0.0,0.0,0.0,0.0,0.0,0.0,0.0,0.0,0.0,0.0,0.0,0.0,0.0,0.0,0.3141197601456031,0.0,0.0,0.0,0.0,0.0,0.0,0.0,0.0,0.0,0.0,0.0,0.0,0.0,0.0,0.0,0.0,0.0
256456b2b066c65d54244785a2045c09ca77dc691493f22363482fa225600aa4,0.0,0.0,0.0,0.0,0.0,0.0,0.0,0.0,0.0,0.0,0.0,0.0,0.0,0.0,0.0,0.0,0.0,0.0,0.0,0.0,0.0,0.0,0.0,0.0,0.0,0.0,0.0,0.0,0.0,0.0,0.0,0.0,0.0,0.0,0.3349358986844229,0.0,0.0,0.0,0.0,0.0,0.0,0.0,0.0,0.0,0.0,0.0,0.0,0.0,0.0,0.0,0.0,0.0,0.0,0.0,0.0,0.0,0.0,0.0,0.0,0.0,0.29677506929865205,0.0,0.0,0.41524611892267344,0.0,0.0,0.0,0.3349358986844229,0.0,0.0,0.0,0.0,0.0,0.0,0.0,0.1945018834482263,0.0,0.0,0.0,0.17795408004785587,0.0,0.0,0.0,0.0,0.0,0.0,0.0,0.0,0.0,0.0,0.0,0.0,0.0,0.0,0.0,0.0,0.0,0.0,0.0,0.0,0.0,0.0,0.0,0.0,0.0,0.0,0.3271023316050804,0.0,0.0,0.0,0.0,0.0,0.0,0.0,0.0,0.0,0.0,0.23643942002560328,0.2603508127639259,0.0,0.27511827665308486,0.0,0.0,0.0,0.0,0.0,0.0,0.0,0.0,0.0,0.0,0.0,0.0,0.0,0.0,0.0,0.0,0.0,0.0,0.0,0.0,0.0,0.0,0.0,0.0,0.21173313721917597,0.0,0.0,0.0,0.0,0.0,0.0,0.0,0.0,0.30729367273207686,0.0,0.0,0.0,0.0,0.0,0.0
276727bfacdeba0ba864fd6ccecab5fd0f244576dc503d7cf148a4deb90fc136,0.0,0.0,0.2648987353784123,0.0,0.29227510299682324,0.0,0.0,0.0,0.0,0.0,0.0,0.0,0.10504987330425049,0.0,0.0,0.0,0.0,0.0,0.0,0.0,0.0,0.0,0.0,0.0,0.0,0.0,0.0,0.0,0.0,0.0,0.0,0.0,0.0,0.0,0.0,0.0,0.0,0.0,0.0,0.0,0.0,0.0,0.0,0.0,0.0,0.0,0.0,0.0,0.0,0.0,0.24905304184648697,0.0,0.0,0.0,0.0,0.0,0.0,0.0,0.0,0.0,0.15238299869677358,0.0,0.0,0.0,0.0,0.0,0.0,0.17197717022978698,0.0,0.0,0.0,0.0,0.0,0.0,0.0,0.0,0.0,0.0,0.0,0.0913728245842958,0.0,0.0,0.0,0.0,0.0,0.0,0.0,0.0,0.0,0.0,0.0,0.0,0.0,0.0,0.0,0.0,0.0,0.0,0.0,0.1285875296926404,0.0,0.0,0.0,0.0,0.0,0.0,0.16795492387040262,0.0,0.0,0.0,0.0,0.0,0.0,0.0,0.0,0.24035845266359793,0.0,0.12140287901801546,0.133680492960092,0.1184847643580513,0.0,0.326071741377055,0.23059460473397045,0.0,0.1660231096370885,0.0,0.19069779320503968,0.0,0.0,0.0,0.0,0.0,0.0,0.15081471264850782,0.0,0.0,0.0,0.0,0.0,0.0,0.33905575963981777,0.0,0.0,0.1623048357834662,0.0,0.10871711848701443,0.0,0.24340295375955054,0.0,0.0,0.0,0.0,0.0,0.0,0.15778391170835293,0.0,0.0,0.2785657069203134,0.0,0.0,0.0
307077d1a3fd2b53b94d88268e31b0b89b8c0c2ee9dbb46041d3e2395243f1b3,0.0,0.0,0.0,0.0,0.3595376283914793,0.0,0.0,0.0,0.0,0.0,0.0,0.0,0.12922545205995908,0.0,0.0,0.0,0.0,0.0,0.0,0.0,0.0,0.0,0.0,0.0,0.0,0.0,0.0,0.0,0.0,0.0,0.0,0.0,0.0,0.0,0.0,0.0,0.0,0.0,0.0,0.0,0.0,0.0,0.0,0.0,0.0,0.0,0.0,0.0,0.0,0.0,0.0,0.0,0.0,0.0,0.0,0.0,0.0,0.0,0.0,0.0,0.18745155299531394,0.0,0.0,0.0,0.0,0.0,0.0,0.0,0.0,0.0,0.0,0.0,0.0,0.0,0.0,0.0,0.0,0.0,0.0,0.1124008453461239,0.0,0.0,0.0,0.0,0.0,0.0,0.0,0.0,0.0,0.0,0.0,0.0,0.0,0.0,0.0,0.0,0.0,0.0,0.0,0.15817993045720816,0.0,0.0,0.0,0.0,0.0,0.0,0.2066071122236243,0.0,0.0,0.0,0.0,0.0,0.0,0.0,0.0,0.29567317622484907,0.0,0.14934184524950583,0.16444495924648675,0.14575217232334722,0.0,0.0,0.28366233201472324,0.0,0.2042307212795547,0.0,0.2345838958071428,0.0,0.0,0.0,0.0,0.0,0.0,0.1855223505396431,0.0,0.0,0.0,0.0,0.0,0.0,0.4170841185699505,0.0,0.0,0.19965674508611905,0.0,0.0,0.0,0.0,0.0,0.0,0.0,0.0,0.0,0.0,0.19409540132663428,0.0,0.0,0.34267323008492434,0.0,0.0,0.0
0bd30fd514c0ba95e84d21afb8d5a59ef0e27f3a82ee6d29af7178dfc371ec57,0.0,0.22509600737548124,0.26508523675852547,0.0,0.0,0.0,0.0,0.0,0.0,0.0,0.0,0.0,0.0,0.0,0.0,0.0,0.0,0.0,0.0,0.0,0.0,0.0,0.0,0.0,0.0,0.0,0.0,0.0,0.0,0.0,0.0,0.0,0.0,0.0,0.17209825038349172,0.0,0.0,0.0,0.0,0.0,0.0,0.0,0.0,0.0,0.0,0.31947763334799034,0.0,0.0,0.0,0.0,0.24922838710043618,0.0,0.0,0.0,0.0,0.0,0.0,0.0,0.0,0.0,0.15249028361650765,0.0,0.0,0.21336360427718765,0.20324171364648355,0.0,0.0,0.0,0.0,0.0,0.0,0.0,0.0,0.0,0.0,0.09993982122911312,0.0,0.0,0.0,0.0914371554232689,0.0,0.0,0.0,0.0,0.3312278473348752,0.3093424959387921,0.0,0.0,0.0,0.0,0.0,0.0,0.0,0.0,0.0,0.0,0.0,0.0,0.0,0.0,0.0,0.0,0.0,0.0,0.0,0.0,0.0,0.0,0.0,0.0,0.0,0.0,0.0,0.0,0.211325663719028,0.0,0.0,0.12148835245168144,0.13377461042122538,0.11856818329941994,0.1413624942757423,0.0,0.23075695436530447,0.0,0.0,0.0,0.0,0.0,0.0,0.0,0.0,0.0,0.0,0.0,0.0,0.0,0.0,0.0,0.0,0.0,0.0,0.0,0.0,0.0,0.31525530358880716,0.10879366053849228,0.22509600737548124,0.0,0.0,0.0,0.0,0.0,0.0,0.0,0.15789499912917895,0.0,0.0,0.0,0.0,0.0,0.0
545662ab4664c7f53a07fe08acabc621549198bdc37c8837ba092e50469d714c,0.0,0.0,0.0,0.0,0.0,0.0,0.0,0.0,0.0,0.0,0.0,0.0,0.0,0.0,0.0,0.0,0.0,0.0,0.0,0.0,0.0,0.0,0.0,0.0,0.0,0.0,0.0,0.0,0.0,0.0,0.0,0.0,0.0,0.0,0.3349358986844229,0.0,0.0,0.0,0.0,0.0,0.0,0.0,0.0,0.0,0.0,0.0,0.0,0.0,0.0,0.0,0.0,0.0,0.0,0.0,0.0,0.0,0.0,0.0,0.0,0.0,0.29677506929865205,0.0,0.0,0.41524611892267344,0.0,0.0,0.0,0.3349358986844229,0.0,0.0,0.0,0.0,0.0,0.0,0.0,0.1945018834482263,0.0,0.0,0.0,0.17795408004785587,0.0,0.0,0.0,0.0,0.0,0.0,0.0,0.0,0.0,0.0,0.0,0.0,0.0,0.0,0.0,0.0,0.0,0.0,0.0,0.0,0.0,0.0,0.0,0.0,0.0,0.0,0.3271023316050804,0.0,0.0,0.0,0.0,0.0,0.0,0.0,0.0,0.0,0.0,0.23643942002560328,0.2603508127639259,0.0,0.27511827665308486,0.0,0.0,0.0,0.0,0.0,0.0,0.0,0.0,0.0,0.0,0.0,0.0,0.0,0.0,0.0,0.0,0.0,0.0,0.0,0.0,0.0,0.0,0.0,0.0,0.21173313721917597,0.0,0.0,0.0,0.0,0.0,0.0,0.0,0.0,0.30729367273207686,0.0,0.0,0.0,0.0,0.0,0.0
576560ada2906c22ca777ac51ed6f2b99086b94bbe44d86b82abe7d77736ba6a,0.0,0.2926175213979637,0.0,0.0,0.0,0.0,0.0,0.0,0.0,0.0,0.20980116772793492,0.0,0.13665757975737128,0.0,0.0,0.0,0.0,0.0,0.0,0.0,0.0,0.19971668757913016,0.0,0.0,0.0,0.0,0.0,0.4528452622795456,0.0,0.0,0.0,0.0,0.0,0.0,0.0,0.0,0.0,0.0,0.0,0.0,0.0,0.0,0.0,0.0,0.0,0.0,0.0,0.0,0.0,0.0,0.0,0.0,0.0,0.0,0.0,0.0,0.0,0.0,0.0,0.0,0.0,0.0,0.0,0.0,0.26420764715166045,0.0,0.0,0.0,0.0,0.0,0.0,0.0,0.0,0.0,0.0,0.1299185317322697,0.0,0.0,0.0,0.11886534148518066,0.0,0.0,0.0,0.0,0.0,0.0,0.0,0.0,0.28505223574288097,0.0,0.0,0.0,0.0,0.0,0.0,0.0,0.0,0.0,0.0,0.0,0.0,0.0,0.0,0.0,0.0,0.0,0.21848968192457668,0.0,0.0,0.0,0.0,0.0,0.0,0.0,0.0,0.0,0.0,0.15793092462023617,0.17390266217445605,0.15413479927194343,0.18376666550375817,0.0,0.0,0.0,0.2159766178973508,0.0,0.0,0.0,0.0,0.0,0.0,0.0,0.0,0.0,0.0,0.0,0.0,0.0,0.0,0.0,0.0,0.0,0.26420764715166045,0.0,0.0,0.14142823616360914,0.2926175213979637,0.0,0.0,0.0,0.0,0.0,0.0,0.0,0.2052583865214602,0.0,0.0,0.0,0.0,0.0,0.0
840652c07a9b27f66951cdc08854e164e7997811c1052e35204e5d2339c8e0a7,0.0,0.0,0.0,0.0,0.0,0.0,0.0,0.0,0.0,0.0,0.0,0.0,0.0,0.0,0.0,0.0,0.0,0.0,0.0,0.0,0.0,0.0,0.0,0.0,0.0,0.0,0.0,0.0,0.0,0.0,0.0,0.0,0.0,0.0,0.0,0.0,0.0,0.0,0.0,0.0,0.0,0.0,0.0,0.0,0.0,0.0,0.0,0.5379062031421488,0.0,0.0,0.0,0.0,0.0,0.0,0.0,0.0,0.0,0.0,0.0,0.0,0.0,0.0,0.0,0.0,0.49857154058129355,0.0,0.0,0.42217361921228425,0.0,0.0,0.0,0.0,0.0,0.0,0.0,0.24516202772373197,0.0,0.0,0.0,0.0,0.0,0.0,0.0,0.0,0.0,0.0,0.0,0.0,0.0,0.0,0.0,0.0,0.0,0.0,0.0,0.0,0.0,0.0,0.0,0.0,0.0,0.0,0.3462983409656443,0.0,0.0,0.0,0.0,0.0,0.0,0.0,0.0,0.0,0.0,0.0,0.0,0.0,0.3222201266085418,0.0,0.0,0.0,0.0,0.0,0.0,0.0,0.0,0.0,0.0,0.0,0.0,0.0,0.0,0.0,0.0,0.0,0.0,0.0,0.0,0.0,0.0,0.0,0.0,0.0,0.0,0.0,0.0,0.0,0.0,0.0,0.0,0.0,0.0,0.0,0.0,0.0,0.0,0.0,0.0,0.0,0.0,0.0,0.0
ae1b43ac2e83f34836b91215365c6edf54c8abdbb3140c8155b352c137b58d7c,0.0,0.0,0.0,0.0,0.0,0.0,0.0,0.0,0.0,0.0,0.0,0.0,0.0,0.0,0.0,0.0,0.0,0.0,0.0,0.0,0.0,0.0,0.0,0.0,0.0,0.0,0.0,0.0,0.0,0.0,0.0,0.0,0.0,0.0,0.0,0.0,0.0,0.0,0.0,0.0,0.0,0.0,0.23279587987814696,0.2200608930774585,0.0,0.0,0.0,0.0,0.0,0.0,0.0,0.0,0.0,0.0,0.0,0.0,0.0,0.0,0.0,0.0,0.0,0.0,0.0,0.0,0.0,0.0,0.0,0.0,0.0,0.0,0.0,0.0,0.0,0.0,0.0,0.12069656499485025,0.0,0.0,0.0,0.11042795991387962,0.0,0.0,0.0,0.0,0.0,0.0,0.0,0.0,0.0,0.0,0.0,0.0,0.0,0.0,0.0,0.0,0.0,0.0,0.0,0.0,0.0,0.0,0.0,0.0,0.0,0.0,0.20298069677586802,0.0,0.0,0.0,0.0,0.0,0.0,0.0,0.0,0.0,0.15863330392128283,0.0,0.0,0.0,0.0,0.0,0.0,0.0,0.0,0.0,0.23046642543357163,0.0,0.0,0.0,0.0,0.5149147536827459,0.32531465159170325,0.0,0.0,0.0,0.0,0.0,0.0,0.0,0.0,0.0,0.0,0.0,0.0,0.131389279655692,0.0,0.0,0.0,0.0,0.0,0.0,0.0,0.0,0.0,0.0,0.0,0.0,0.6024175096889618,0.0,0.0
8c8c8bbbdf007f634a2b365447095594ab345058ff7d45e3fcf98c7135769e6a,0.0,0.0,0.0,0.0,0.0,0.0,0.0,0.0,0.0,0.0,0.21523404960867784,0.0,0.14019638031301349,0.0,0.0,0.0,0.0,0.0,0.0,0.0,0.0,0.20488842797019272,0.0,0.0,0.0,0.0,0.0,0.0,0.0,0.0,0.0,0.0,0.0,0.0,0.0,0.0,0.0,0.0,0.0,0.0,0.0,0.0,0.25707187137312437,0.0,0.0,0.0,0.0,0.0,0.0,0.0,0.0,0.0,0.0,0.0,0.0,0.0,0.0,0.0,0.0,0.0,0.20336573635511376,0.0,0.0,0.0,0.0,0.0,0.0,0.0,0.0,0.0,0.0,0.0,0.0,0.0,0.0,0.0,0.0,0.0,0.7051825798174477,0.12194340519186408,0.0,0.0,0.0,0.0,0.0,0.0,0.0,0.0,0.0,0.0,0.0,0.0,0.0,0.0,0.0,0.0,0.0,0.0,0.0,0.17160902387847912,0.0,0.0,0.0,0.0,0.0,0.0,0.0,0.0,0.0,0.0,0.0,0.0,0.0,0.0,0.28183041039541307,0.0,0.0,0.16202060661805476,0.0,0.15812617914473043,0.0,0.0,0.0,0.0,0.0,0.0,0.0,0.0,0.0,0.0,0.0,0.0,0.0,0.0,0.0,0.0,0.0,0.0,0.0,0.0,0.0,0.0,0.0,0.21660711972719096,0.0,0.14509057470061432,0.0,0.0,0.0,0.0,0.0,0.0,0.0,0.0,0.21057363133672766,0.0,0.0,0.0,0.0,0.0,0.0
3885589a3c94d0475a6d994e4644e682f4cff93f8b4d65f37508ffe706861363,0.0,0.20753611755968496,0.24440576046062196,0.0,0.0,0.0,0.0,0.0,0.0,0.0,0.0,0.0,0.09692305300944701,0.0,0.0,0.0,0.0,0.1899251705620508,0.0,0.0,0.0,0.14164710901122982,0.0,0.0,0.0,0.0,0.0,0.0,0.0,0.0,0.0,0.0,0.0,0.0,0.0,0.34176381071700507,0.0,0.0,0.0,0.0,0.0,0.0,0.0,0.0,0.0,0.0,0.0,0.0,0.0,0.0,0.22978591423083972,0.0,0.27856052427023575,0.0,0.0,0.0,0.0,0.0,0.0,0.0,0.14059441478477522,0.0,0.0,0.19671896705997205,0.0,0.0,0.0,0.0,0.0,0.0,0.0,0.0,0.0,0.0,0.0,0.09214344905239027,0.0,0.0,0.0,0.08430408188267915,0.0,0.0,0.0,0.0,0.3053885418272408,0.28521048130484317,0.0,0.0,0.0,0.0,0.0,0.0,0.0,0.0,0.0,0.0,0.0,0.0,0.0,0.1186397999801238,0.0,0.0,0.0,0.0,0.0,0.0,0.0,0.0,0.0,0.0,0.0,0.0,0.0,0.0,0.19484000760534098,0.0,0.0,0.11201096496787961,0.12333876375056754,0.10931860016077322,0.1303347117197086,0.0,0.21275545029542442,0.29066202688252357,0.0,0.0,0.0,0.0,0.0,0.0,0.0,0.0,0.0,0.0,0.0,0.0,0.0,0.0,0.0,0.0,0.0,0.0,0.0,0.0,0.0,0.10030659444617225,0.0,0.0,0.0,0.0,0.0,0.0,0.0,0.0,0.14557750483196275,0.0,0.0,0.2570154339953799,0.0,0.0,0.0
4708750c9a6fdeaec5f499a3cd26bb5f61db4f82e66484dc7b44118effbb246f,0.0,0.0,0.0,0.0,0.32130056005445595,0.0,0.0,0.0,0.0,0.0,0.0,0.0,0.11548223841245957,0.0,0.0,0.0,0.0,0.0,0.0,0.0,0.0,0.0,0.0,0.0,0.0,0.0,0.0,0.0,0.0,0.0,0.0,0.0,0.0,0.0,0.0,0.0,0.0,0.0,0.0,0.0,0.0,0.0,0.0,0.0,0.0,0.0,0.0,0.0,0.0,0.0,0.27378617271212413,0.0,0.0,0.0,0.0,0.0,0.0,0.0,0.0,0.0,0.16751595439377173,0.0,0.0,0.0,0.0,0.0,0.0,0.18905599739712228,0.0,0.0,0.0,0.0,0.0,0.0,0.0,0.0,0.0,0.0,0.0,0.10044693992635731,0.0,0.0,0.0,0.0,0.0,0.0,0.0,0.0,0.0,0.0,0.0,0.0,0.0,0.0,0.0,0.0,0.0,0.0,0.0,0.14135738857891497,0.0,0.0,0.0,0.0,0.0,0.0,0.1846343070283698,0.0,0.0,0.0,0.0,0.0,0.0,0.0,0.2321486943707016,0.26422813528347583,0.0,0.13345923967097426,0.0,0.13025133087225665,0.0,0.0,0.2534946524246572,0.0,0.18251064685779503,0.0,0.20963574088140524,0.0,0.0,0.0,0.0,0.0,0.0,0.0,0.0,0.0,0.0,0.0,0.0,0.0,0.3727269423394797,0.0,0.0,0.1784231161055856,0.0,0.11951367290344961,0.0,0.2675749817893399,0.0,0.0,0.0,0.0,0.0,0.0,0.17345322499134538,0.0,0.0,0.3062297018382539,0.0,0.0,0.0
5be0bf531e818452411a456d779d953be7a50e9e6f290f458c0a3c8ba1ab26b2,0.0,0.0,0.0,0.0,0.0,0.0,0.0,0.0,0.0,0.0,0.0,0.0,0.16495474216727918,0.0,0.0,0.0,0.0,0.0,0.0,0.0,0.0,0.0,0.0,0.0,0.0,0.0,0.0,0.0,0.0,0.0,0.0,0.0,0.0,0.0,0.0,0.0,0.0,0.0,0.0,0.0,0.0,0.0,0.30247017908833623,0.2859236932127783,0.0,0.0,0.0,0.0,0.0,0.0,0.0,0.0,0.4740861748803988,0.0,0.0,0.0,0.0,0.0,0.0,0.0,0.0,0.0,0.0,0.0,0.0,0.0,0.0,0.27004744395788777,0.0,0.0,0.0,0.0,0.0,0.0,0.0,0.0,0.0,0.2668464616780579,0.0,0.14347833316033795,0.0,0.0,0.0,0.0,0.0,0.0,0.0,0.0,0.0,0.0,0.0,0.0,0.0,0.0,0.0,0.0,0.0,0.0,0.0,0.0,0.0,0.0,0.2215130874333614,0.0,0.0,0.0,0.0,0.0,0.0,0.0,0.0,0.0,0.0,0.0,0.0,0.0,0.20611122444074254,0.0,0.20991202136113882,0.1860509026872132,0.0,0.0,0.0,0.0,0.0,0.0,0.29944353401455903,0.0,0.0,0.0,0.0,0.0,0.0,0.23681705895936878,0.0,0.0,0.0,0.0,0.0,0.0,0.0,0.0,0.0,0.25485944434814445,0.0,0.170713240150756,0.0,0.0,0.0,0.0,0.0,0.0,0.0,0.0,0.0,0.0,0.0,0.0,0.0,0.0,0.0
0c0c9a19db1f89d94ddcd8af54fa631798e3ccc82743faae6d9818759f2dbcc1,0.0,0.22702296996739454,0.0,0.0,0.0,0.294984697879822,0.0,0.0,0.0,0.0,0.0,0.0,0.0,0.0,0.0,0.0,0.0,0.20775842200170624,0.0,0.0,0.0,0.0,0.0,0.0,0.0,0.0,0.0,0.0,0.0,0.0,0.0,0.0,0.0,0.0,0.0,0.0,0.0,0.0,0.0,0.0,0.0,0.0,0.194411054875604,0.0,0.0,0.0,0.0,0.0,0.0,0.0,0.0,0.0,0.0,0.0,0.0,0.296520897440948,0.0,0.0,0.0,0.0,0.15379569580744493,0.0,0.0,0.0,0.0,0.0,0.0,0.0,0.0,0.0,0.0,0.0,0.0,0.0,0.0,0.0,0.0,0.0,0.0,0.09221991465594463,0.0,0.0,0.0,0.0,0.0,0.0,0.0,0.0,0.0,0.0,0.46502912205045344,0.46502912205045344,0.0,0.0,0.0,0.0,0.0,0.0,0.0,0.0,0.0,0.0,0.14237632657365112,0.0,0.0,0.0,0.1695119836323442,0.0,0.0,0.0,0.0,0.0,0.0,0.0,0.0,0.0,0.13247686329277647,0.12252836872410275,0.13491980474534984,0.0,0.0,0.0,0.0,0.0,0.0,0.0,0.1924656952923863,0.0,0.0,0.0,0.0,0.0,0.0,0.0,0.0,0.0,0.0,0.0,0.0,0.0,0.0,0.0,0.0,0.0,0.0,0.10972500230922964,0.0,0.0,0.0,0.0,0.0,0.0,0.0,0.0,0.0,0.0,0.0,0.28114820610108837,0.0,0.0,0.0
cc10c90381719811def4bc31ff3c8e32c483c0eeffcb149df0b071e5a60d517b,0.0,0.0,0.0,0.0,0.0,0.0,0.0,0.0,0.0,0.0,0.0,0.0,0.2843187473956603,0.0,0.0,0.0,0.0,0.0,0.0,0.0,0.0,0.0,0.0,0.0,0.0,0.0,0.0,0.0,0.0,0.0,0.0,0.0,0.0,0.0,0.0,0.0,0.0,0.0,0.0,0.0,0.0,0.0,0.0,0.0,0.0,0.0,0.0,0.0,0.0,0.0,0.0,0.0,0.0,0.0,0.0,0.0,0.0,0.0,0.0,0.0,0.0,0.0,0.0,0.0,0.0,0.0,0.0,0.4654582826460663,0.0,0.0,0.0,0.0,0.0,0.0,0.0,0.0,0.0,0.0,0.0,0.0,0.0,0.0,0.0,0.0,0.0,0.0,0.0,0.0,0.0,0.0,0.0,0.0,0.0,0.0,0.0,0.0,0.0,0.0,0.0,0.0,0.0,0.0,0.0,0.0,0.0,0.0,0.0,0.0,0.0,0.0,0.0,0.0,0.0,0.0,0.0,0.0,0.0,0.0,0.36180786434237316,0.3206804418524518,0.0,0.0,0.0,0.0,0.0,0.0,0.0,0.0,0.0,0.0,0.0,0.0,0.0,0.40818183630617694,0.0,0.0,0.0,0.0,0.0,0.0,0.0,0.0,0.5496891385306625,0.0,0.0,0.0,0.0,0.0,0.0,0.0,0.0,0.0,0.0,0.0,0.0,0.0,0.0,0.0,0.0,0.0,0.0
64578ffca840ebc3f791f1faa21252941d9fd384622d54a28226659ad05650a3,0.0,0.0,0.0,0.0,0.0,0.0,0.0,0.0,0.0,0.0,0.0,0.0,0.14690629800165764,0.0,0.0,0.0,0.0,0.0,0.0,0.0,0.0,0.0,0.0,0.0,0.0,0.0,0.0,0.0,0.0,0.0,0.0,0.0,0.0,0.0,0.24050033212402402,0.0,0.0,0.0,0.0,0.0,0.0,0.0,0.0,0.0,0.0,0.0,0.0,0.0,0.3620711863311457,0.0,0.0,0.0,0.0,0.0,0.0,0.4108587325494295,0.0,0.0,0.0,0.0,0.2130989930097198,0.0,0.0,0.0,0.2840220602156906,0.0,0.5539676385368523,0.24050033212402402,0.0,0.0,0.0,0.0,0.0,0.0,0.0,0.0,0.0,0.0,0.0,0.12777972000743593,0.0,0.0,0.0,0.0,0.0,0.0,0.0,0.0,0.0,0.0,0.0,0.0,0.0,0.0,0.0,0.0,0.0,0.0,0.0,0.0,0.0,0.0,0.19727633898971153,0.0,0.0,0.0,0.0,0.0,0.0,0.0,0.0,0.0,0.0,0.0,0.0,0.0,0.0,0.0,0.0,0.0,0.0,0.0,0.0,0.0,0.0,0.0,0.0,0.0,0.0,0.0,0.0,0.0,0.0,0.0,0.0,0.0,0.0,0.0,0.0,0.0,0.0,0.0,0.0,0.22697412022248709,0.0,0.15203473268433387,0.0,0.0,0.0,0.0,0.0,0.0,0.0,0.0,0.0,0.0,0.0,0.0,0.0,0.0,0.0
5489562b8793f08bfaeaf4ff2e3d408b3f653f779269b98adc6e3e370ca79c7d,0.0,0.0,0.0,0.0,0.0,0.0,0.0,0.0,0.0,0.0,0.0,0.0,0.0,0.0,0.0,0.0,0.0,0.0,0.0,0.0,0.0,0.0,0.0,0.0,0.0,0.0,0.0,0.0,0.0,0.0,0.0,0.0,0.0,0.0,0.3135818144794954,0.0,0.0,0.0,0.0,0.0,0.0,0.0,0.0,0.0,0.0,0.0,0.0,0.0,0.0,0.0,0.0,0.0,0.0,0.0,0.0,0.0,0.0,0.0,0.0,0.0,0.277853956797368,0.0,0.0,0.38877179764486136,0.0,0.0,0.0,0.3135818144794954,0.0,0.0,0.0,0.0,0.0,0.0,0.0,0.1821012730225168,0.0,0.0,0.0,0.16660848698100833,0.0,0.0,0.0,0.0,0.0,0.0,0.0,0.0,0.0,0.0,0.0,0.0,0.0,0.0,0.0,0.0,0.0,0.0,0.0,0.0,0.0,0.0,0.2572232303711078,0.0,0.0,0.0,0.30624768222244053,0.0,0.0,0.0,0.0,0.0,0.0,0.0,0.0,0.0,0.239338431786074,0.22136505115555244,0.24375195548878975,0.0,0.25757790887214455,0.0,0.0,0.0,0.0,0.0,0.0,0.0,0.0,0.0,0.0,0.0,0.0,0.0,0.0,0.0,0.0,0.0,0.0,0.0,0.0,0.0,0.0,0.0,0.0,0.19823393555428723,0.0,0.0,0.0,0.0,0.0,0.0,0.0,0.0,0.2877019389438008,0.0,0.0,0.0,0.0,0.0,0.0
0cbb472b555d4cab454948ba900675db48b120afaedf246a14d87d970b233a43,0.0,0.0,0.28145096234908823,0.0,0.31053794534588247,0.0,0.0,0.0,0.0,0.0,0.0,0.0,0.11161392633262295,0.0,0.0,0.0,0.0,0.0,0.0,0.0,0.0,0.0,0.0,0.0,0.0,0.0,0.0,0.0,0.0,0.0,0.0,0.0,0.0,0.0,0.0,0.0,0.0,0.0,0.0,0.0,0.0,0.0,0.0,0.0,0.0,0.0,0.0,0.0,0.0,0.0,0.26461514889275656,0.0,0.0,0.0,0.0,0.0,0.0,0.0,0.0,0.0,0.16190466733478384,0.0,0.0,0.0,0.0,0.0,0.0,0.18272318285741082,0.0,0.0,0.0,0.0,0.0,0.0,0.0,0.0,0.0,0.0,0.0,0.09708226570076808,0.0,0.0,0.0,0.0,0.0,0.0,0.0,0.0,0.0,0.0,0.0,0.0,0.0,0.0,0.0,0.0,0.0,0.0,0.0,0.13662233580083355,0.0,0.0,0.0,0.0,0.0,0.0,0.17844960598647305,0.0,0.0,0.0,0.0,0.0,0.0,0.0,0.2243724024395989,0.25537727733682647,0.0,0.12898875142895436,0.0,0.12588829804959545,0.0,0.0,0.24500333428232987,0.0,0.17639708212572597,0.0,0.20261356604339528,0.0,0.0,0.0,0.0,0.0,0.0,0.0,0.0,0.0,0.0,0.0,0.0,0.0,0.36024169652719545,0.0,0.0,0.17244647151641332,0.0,0.0,0.0,0.2586120144226968,0.0,0.0,0.0,0.0,0.0,0.0,0.16764305699716273,0.0,0.0,0.2959719161292969,0.0,0.0,0.0
ae74817df2569f0619a180f569caf62d7ac5d5418f7a64cb4e21724f20d96dd6,0.0,0.0,0.0,0.0,0.0,0.0,0.31986331883191965,0.0,0.0,0.0,0.0,0.0,0.12007965493889401,0.0,0.0,0.0,0.3102486867214234,0.23530159479271415,0.0,0.0,0.0,0.0,0.0,0.0,0.0,0.3170027012878828,0.0,0.0,0.0,0.0,0.0,0.0,0.0,0.0,0.0,0.0,0.0,0.0,0.0,0.0,0.0,0.0,0.0,0.0,0.0,0.0,0.0,0.0,0.0,0.29272804886391246,0.0,0.0,0.0,0.0,0.0,0.0,0.0,0.0,0.0,0.0,0.17418486406991351,0.3184208882186902,0.0,0.0,0.0,0.0,0.0,0.0,0.0,0.0,0.0,0.0,0.0,0.0,0.0,0.11415812052486761,0.0,0.0,0.0,0.0,0.0,0.0,0.0,0.0,0.0,0.0,0.0,0.0,0.2504725619196334,0.0,0.0,0.0,0.0,0.0,0.0,0.0,0.0,0.0,0.0,0.0,0.0,0.0,0.0,0.0,0.0,0.0,0.0,0.0,0.0,0.0,0.0,0.0,0.0,0.0,0.24139067182768592,0.2747472143436038,0.1500397283806414,0.13877233129877314,0.15280653809279363,0.13543671374475896,0.16147393962442957,0.0,0.0,0.0,0.0,0.0,0.0,0.0,0.0,0.0,0.0,0.0,0.30769151720676985,0.0,0.0,0.0,0.0,0.0,0.0,0.0,0.0,0.0,0.0,0.0,0.0,0.0,0.0,0.0,0.0,0.0,0.0,0.0,0.0,0.0,0.0,0.0,0.0,0.0,0.0,0.0,0.0
8022060ef633e157518037122a6003813cc0a3066d456a1164275a211efc8f5c,0.0,0.0,0.0,0.0,0.0,0.0,0.0,0.0,0.0,0.0,0.0,0.0,0.23553863935791466,0.0,0.0,0.0,0.0,0.0,0.0,0.0,0.0,0.0,0.0,0.0,0.0,0.0,0.0,0.0,0.0,0.0,0.0,0.0,0.0,0.0,0.0,0.0,0.0,0.0,0.0,0.0,0.0,0.0,0.0,0.0,0.0,0.0,0.0,0.0,0.0,0.0,0.0,0.0,0.0,0.0,0.0,0.0,0.0,0.0,0.0,0.0,0.0,0.0,0.0,0.0,0.0,0.0,0.0,0.0,0.0,0.0,0.0,0.0,0.0,0.0,0.0,0.2239234314402986,0.0,0.0,0.0,0.0,0.0,0.0,0.0,0.0,0.0,0.0,0.0,0.0,0.0,0.0,0.0,0.0,0.0,0.0,0.0,0.0,0.0,0.0,0.0,0.28831383446299214,0.0,0.0,0.0,0.0,0.0,0.0,0.0,0.0,0.0,0.0,0.0,0.0,0.0,0.0,0.0,0.0,0.2943059212686047,0.0,0.0,0.0,0.0,0.0,0.0,0.0,0.0,0.0,0.0,0.0,0.0,0.0,0.0,0.0,0.0,0.0,0.0,0.0,0.0,0.0,0.8512573076249674,0.0,0.0,0.0,0.0,0.0,0.0,0.0,0.0,0.0,0.0,0.0,0.0,0.0,0.0,0.0,0.0,0.0,0.0,0.0,0.0,0.0,0.0
83192912fec0c2f7c3e4e350f8722aea77fb085e78e577016675a1f0ee6a4efa,0.0,0.0,0.0,0.0,0.0,0.0,0.0,0.0,0.0,0.0,0.18706081835273353,0.0,0.1218452641630082,0.0,0.0,0.0,0.3148104748388477,0.0,0.0,0.0,0.0,0.17806939504595973,0.0,0.42011967090829605,0.0,0.0,0.0,0.0,0.0,0.4941814712542616,0.0,0.0,0.0,0.0,0.0,0.0,0.0,0.0,0.0,0.0,0.0,0.0,0.0,0.21120003870300688,0.0,0.0,0.0,0.2541554228167426,0.0,0.0,0.0,0.0,0.0,0.0,0.0,0.0,0.0,0.0,0.0,0.0,0.0,0.0,0.0,0.0,0.0,0.0,0.0,0.0,0.0,0.0,0.0,0.0,0.0,0.0,0.0,0.11583666157921037,0.24730209958367838,0.19710847464545678,0.0,0.105981526665423,0.0,0.0,0.0,0.0,0.0,0.0,0.0,0.0,0.0,0.0,0.0,0.0,0.0,0.0,0.0,0.0,0.0,0.0,0.0,0.1491461248895622,0.0,0.0,0.16362258095320958,0.0,0.0,0.0,0.0,0.0,0.0,0.0,0.0,0.0,0.0,0.0,0.0,0.0,0.1522458600400574,0.0,0.0,0.0,0.0,0.0,0.0,0.0,0.19256691145458638,0.0,0.0,0.0,0.0,0.0,0.0,0.0,0.0,0.0,0.0,0.0,0.0,0.0,0.0,0.0,0.0,0.0,0.23557017926292143,0.0,0.0,0.0,0.0,0.0,0.0,0.0,0.0,0.0,0.0,0.0,0.0,0.0,0.0,0.0,0.0,0.0,0.0
571114066b38641901a6a70cf10fc8c0d64167b09c220c19acad7d15505455c0,0.0,0.0,0.0,0.0,0.0,0.0,0.0,0.0,0.0,0.0,0.3063190618736919,0.0,0.1995261612818633,0.0,0.0,0.0,0.0,0.0,0.0,0.0,0.0,0.2915952710954081,0.0,0.0,0.0,0.0,0.0,0.0,0.0,0.0,0.0,0.0,0.0,0.0,0.0,0.0,0.0,0.0,0.0,0.0,0.0,0.0,0.0,0.34584793487431625,0.0,0.0,0.0,0.0,0.0,0.0,0.0,0.0,0.0,0.0,0.0,0.0,0.0,0.0,0.0,0.0,0.0,0.0,0.0,0.0,0.0,0.0,0.0,0.0,0.0,0.0,0.0,0.0,0.0,0.0,0.0,0.18968685060820775,0.0,0.0,0.0,0.17354869988261035,0.0,0.0,0.0,0.0,0.0,0.0,0.0,0.0,0.0,0.0,0.0,0.0,0.0,0.0,0.0,0.0,0.0,0.0,0.0,0.24423233823407237,0.0,0.0,0.0,0.0,0.4551149745189932,0.0,0.0,0.0,0.0,0.0,0.0,0.0,0.0,0.0,0.0,0.0,0.0,0.0,0.0,0.0,0.0,0.0,0.0,0.0,0.0,0.0,0.0,0.0,0.0,0.0,0.0,0.0,0.0,0.0,0.0,0.0,0.0,0.0,0.0,0.0,0.0,0.0,0.0,0.0,0.0,0.0,0.0,0.0,0.0,0.0,0.0,0.5734457424374169,0.0,0.0,0.0,0.0,0.0,0.0,0.0,0.0,0.0
8642770995c3663ff3b46a3f8c946d38d475c0a2373c281aca3fae221c430ed5,0.0,0.0,0.0,0.0,0.0,0.0,0.0,0.0,0.0,0.0,0.0,0.0,0.0,0.0,0.0,0.0,0.0,0.5406308120175433,0.0,0.0,0.0,0.0,0.0,0.0,0.0,0.0,0.0,0.0,0.0,0.0,0.0,0.0,0.0,0.0,0.0,0.0,0.0,0.0,0.0,0.0,0.0,0.0,0.0,0.0,0.0,0.0,0.0,0.0,0.0,0.0,0.0,0.0,0.0,0.0,0.0,0.0,0.0,0.0,0.0,0.0,0.40020852636481413,0.0,0.0,0.0,0.0,0.0,0.0,0.0,0.0,0.0,0.0,0.0,0.0,0.0,0.0,0.0,0.0,0.0,0.0,0.0,0.0,0.0,0.0,0.0,0.0,0.0,0.0,0.0,0.0,0.0,0.0,0.0,0.0,0.0,0.0,0.0,0.0,0.0,0.0,0.3377136964576154,0.0,0.0,0.37049294226424084,0.0,0.0,0.0,0.44110559020854584,0.0,0.0,0.0,0.0,0.0,0.0,0.0,0.0,0.0,0.0,0.3188444099654964,0.0,0.0,0.0,0.0,0.0,0.0,0.0,0.0,0.0,0.0,0.0,0.0,0.0,0.0,0.0,0.0,0.0,0.0,0.0,0.0,0.0,0.0,0.0,0.0,0.0,0.0,0.0,0.0,0.0,0.0,0.0,0.0,0.0,0.0,0.0,0.0,0.0,0.0,0.0,0.0,0.0,0.0,0.0
640302971508d14f5c2b2f94d742b6e1d354500bb6fc79e84fd802613a847cf6,0.0,0.0,0.0,0.0,0.3887508436751605,0.0,0.0,0.0,0.0,0.0,0.0,0.0,0.0,0.0,0.0,0.0,0.0,0.0,0.0,0.0,0.0,0.0,0.0,0.0,0.0,0.0,0.0,0.0,0.0,0.0,0.0,0.0,0.0,0.0,0.0,0.0,0.0,0.0,0.0,0.0,0.0,0.0,0.2562080750149947,0.0,0.0,0.0,0.0,0.0,0.0,0.0,0.0,0.0,0.0,0.0,0.0,0.3907753516572134,0.0,0.0,0.0,0.0,0.0,0.0,0.0,0.0,0.0,0.0,0.0,0.0,0.0,0.0,0.0,0.0,0.0,0.0,0.0,0.13283497368784672,0.0,0.0,0.0,0.0,0.0,0.0,0.0,0.0,0.0,0.0,0.0,0.0,0.0,0.0,0.0,0.0,0.0,0.0,0.0,0.0,0.0,0.0,0.0,0.0,0.0,0.0,0.1876331805435766,0.0,0.0,0.0,0.0,0.0,0.0,0.6347563049117283,0.0,0.0,0.0,0.0,0.0,0.0,0.0,0.0,0.0,0.0,0.0,0.0,0.0,0.0,0.0,0.0,0.25364434820250914,0.0,0.0,0.0,0.0,0.0,0.0,0.0,0.0,0.0,0.0,0.0,0.0,0.0,0.0,0.0,0.0,0.0,0.0,0.14460305068892104,0.2991862687888335,0.0,0.0,0.0,0.0,0.0,0.0,0.0,0.0,0.0,0.0,0.0,0.0,0.0,0.0
0d8b03ccf47db19028069b9a0eab33121138fda2d66d8fb89db6aa28f4071c35,0.0,0.0,0.0,0.0,0.0,0.0,0.3053290310712688,0.0,0.0,0.0,0.0,0.0,0.11462334858449567,0.0,0.0,0.0,0.29615127878280734,0.22460971207935287,0.0,0.0,0.0,0.0,0.0,0.0,0.0,0.3025983972925166,0.0,0.0,0.0,0.0,0.0,0.0,0.0,0.0,0.0,0.0,0.0,0.0,0.0,0.0,0.0,0.0,0.0,0.0,0.0,0.0,0.0,0.0,0.0,0.27942676219766094,0.0,0.0,0.0,0.0,0.0,0.0,0.0,0.0,0.0,0.0,0.16627006800268362,0.3039521431457224,0.0,0.0,0.0,0.0,0.0,0.0,0.0,0.0,0.0,0.0,0.0,0.0,0.0,0.10897088311364272,0.0,0.0,0.0,0.0,0.0,0.0,0.0,0.0,0.0,0.0,0.0,0.0,0.23909132475751807,0.0,0.0,0.0,0.0,0.0,0.0,0.0,0.0,0.0,0.0,0.14030605440989466,0.0,0.0,0.15392447348469493,0.0,0.0,0.0,0.0,0.0,0.0,0.0,0.0,0.0,0.0,0.0,0.23042210719235173,0.2622629598523737,0.14322206452416134,0.1324666473470206,0.145863153010503,0.12928259711109266,0.15413671598491416,0.0,0.0,0.0,0.0,0.0,0.0,0.0,0.0,0.0,0.0,0.0,0.2937103046409601,0.0,0.0,0.0,0.0,0.0,0.0,0.0,0.0,0.0,0.0,0.17709610857955055,0.0,0.1186247996068241,0.0,0.0,0.0,0.0,0.0,0.0,0.0,0.0,0.0,0.0,0.0,0.0,0.0,0.0,0.0
a7bf19187e84d12c7fb6adb7fe37dbdfe83cf2d9a5c229f25733bb6dc7baef61,0.0,0.0,0.0,0.0,0.0,0.0,0.3053290310712688,0.0,0.0,0.0,0.0,0.0,0.11462334858449567,0.0,0.0,0.0,0.29615127878280734,0.22460971207935287,0.0,0.0,0.0,0.0,0.0,0.0,0.0,0.3025983972925166,0.0,0.0,0.0,0.0,0.0,0.0,0.0,0.0,0.0,0.0,0.0,0.0,0.0,0.0,0.0,0.0,0.0,0.0,0.0,0.0,0.0,0.0,0.0,0.27942676219766094,0.0,0.0,0.0,0.0,0.0,0.0,0.0,0.0,0.0,0.0,0.16627006800268362,0.3039521431457224,0.0,0.0,0.0,0.0,0.0,0.0,0.0,0.0,0.0,0.0,0.0,0.0,0.0,0.10897088311364272,0.0,0.0,0.0,0.0,0.0,0.0,0.0,0.0,0.0,0.0,0.0,0.0,0.23909132475751807,0.0,0.0,0.0,0.0,0.0,0.0,0.0,0.0,0.0,0.0,0.14030605440989466,0.0,0.0,0.15392447348469493,0.0,0.0,0.0,0.0,0.0,0.0,0.0,0.0,0.0,0.0,0.0,0.23042210719235173,0.2622629598523737,0.14322206452416134,0.1324666473470206,0.145863153010503,0.12928259711109266,0.15413671598491416,0.0,0.0,0.0,0.0,0.0,0.0,0.0,0.0,0.0,0.0,0.0,0.2937103046409601,0.0,0.0,0.0,0.0,0.0,0.0,0.0,0.0,0.0,0.0,0.17709610857955055,0.0,0.1186247996068241,0.0,0.0,0.0,0.0,0.0,0.0,0.0,0.0,0.0,0.0,0.0,0.0,0.0,0.0,0.0
a37ccbc6af443239e22c77957975a9d59ab79d1c58e1895f41b57fee993e0eff,0.0,0.0,0.0,0.0,0.0,0.0,0.0,0.0,0.0,0.0,0.0,0.0,0.0,0.0,0.0,0.0,0.0,0.0,0.0,0.0,0.0,0.0,0.0,0.0,0.0,0.0,0.0,0.0,0.0,0.0,0.0,0.0,0.0,0.0,0.3135818144794954,0.0,0.0,0.0,0.0,0.0,0.0,0.0,0.0,0.0,0.0,0.0,0.0,0.0,0.0,0.0,0.0,0.0,0.0,0.0,0.0,0.0,0.0,0.0,0.0,0.0,0.277853956797368,0.0,0.0,0.38877179764486136,0.0,0.0,0.0,0.3135818144794954,0.0,0.0,0.0,0.0,0.0,0.0,0.0,0.1821012730225168,0.0,0.0,0.0,0.16660848698100833,0.0,0.0,0.0,0.0,0.0,0.0,0.0,0.0,0.0,0.0,0.0,0.0,0.0,0.0,0.0,0.0,0.0,0.0,0.0,0.0,0.0,0.0,0.2572232303711078,0.0,0.0,0.0,0.30624768222244053,0.0,0.0,0.0,0.0,0.0,0.0,0.0,0.0,0.0,0.239338431786074,0.22136505115555244,0.24375195548878975,0.0,0.25757790887214455,0.0,0.0,0.0,0.0,0.0,0.0,0.0,0.0,0.0,0.0,0.0,0.0,0.0,0.0,0.0,0.0,0.0,0.0,0.0,0.0,0.0,0.0,0.0,0.0,0.19823393555428723,0.0,0.0,0.0,0.0,0.0,0.0,0.0,0.0,0.2877019389438008,0.0,0.0,0.0,0.0,0.0,0.0
a43dab9c34af5a49a2a615e86db3e2bf4c5467853dd5bd4f1a1c73619b683ab2,0.0,0.0,0.0,0.0,0.35015497101278126,0.0,0.0,0.0,0.0,0.0,0.0,0.0,0.125853125923442,0.0,0.0,0.0,0.0,0.0,0.0,0.0,0.0,0.0,0.0,0.0,0.0,0.0,0.0,0.0,0.0,0.0,0.0,0.0,0.0,0.0,0.0,0.0,0.0,0.0,0.0,0.0,0.0,0.0,0.0,0.0,0.0,0.0,0.0,0.0,0.0,0.0,0.2983735520207806,0.0,0.0,0.0,0.0,0.0,0.0,0.0,0.0,0.0,0.1825597320620545,0.0,0.0,0.0,0.0,0.0,0.0,0.20603417957678635,0.0,0.0,0.0,0.0,0.0,0.0,0.0,0.0,0.0,0.0,0.0,0.1094675817940531,0.0,0.0,0.0,0.0,0.0,0.0,0.0,0.0,0.0,0.0,0.0,0.0,0.0,0.0,0.0,0.0,0.0,0.0,0.0,0.1540519950911489,0.0,0.0,0.0,0.0,0.0,0.0,0.201215399109564,0.0,0.0,0.0,0.0,0.0,0.0,0.0,0.0,0.287957154619543,0.0,0.14544455257238736,0.16015352884136727,0.14194855738259926,0.0,0.0,0.2762597508594661,0.0,0.19890102354376177,0.0,0.22846208783181166,0.0,0.0,0.0,0.0,0.0,0.0,0.18068087495058782,0.0,0.0,0.0,0.0,0.0,0.0,0.0,0.0,0.0,0.19444641191217554,0.0,0.0,0.0,0.29160456482339214,0.0,0.0,0.0,0.0,0.0,0.0,0.18903019950735273,0.0,0.0,0.3337306737101636,0.0,0.0,0.0
a45bd4059d804b586397f43ee95232378d519c6b8978d334e07f6047435fe926,0.0,0.0,0.3235727389165924,0.0,0.0,0.0,0.0,0.0,0.0,0.0,0.0,0.0,0.0,0.0,0.0,0.0,0.0,0.0,0.0,0.0,0.0,0.0,0.0,0.0,0.0,0.0,0.0,0.0,0.0,0.0,0.0,0.0,0.0,0.0,0.0,0.0,0.0,0.0,0.0,0.0,0.0,0.0,0.0,0.22241952689453642,0.0,0.0,0.0,0.0,0.0,0.0,0.0,0.0,0.0,0.0,0.0,0.0,0.0,0.0,0.0,0.0,0.18613521949133768,0.0,0.0,0.26043942192063707,0.0,0.0,0.0,0.0,0.0,0.0,0.0,0.0,0.0,0.0,0.3848121581102403,0.12199020238685063,0.0,0.0,0.0,0.11161153740900559,0.0,0.0,0.0,0.0,0.0,0.0,0.0,0.0,0.0,0.0,0.0,0.0,0.0,0.0,0.0,0.0,0.0,0.0,0.0,0.1570691498912949,0.0,0.0,0.0,0.0,0.0,0.0,0.0,0.0,0.0,0.0,0.0,0.0,0.0,0.37308536761662375,0.0,0.0,0.16033355092978624,0.14829312801400513,0.16329018402079645,0.14472866270371051,0.17255223267884215,0.0,0.2816703814254617,0.0,0.0,0.0,0.0,0.0,0.0,0.0,0.0,0.0,0.0,0.18421956439650639,0.0,0.0,0.0,0.0,0.0,0.0,0.0,0.0,0.0,0.0,0.3848121581102403,0.13279752259183397,0.0,0.0,0.0,0.0,0.0,0.0,0.0,0.0,0.0,0.0,0.0,0.0,0.0,0.0,0.0
8d3e8a01a81c542e1c45a5c7057960b0325241ac96eec1aed701c54df64e5298,0.0,0.0,0.0,0.0,0.0,0.0,0.0,0.0,0.0,0.0,0.3011708847624415,0.0,0.1961728080483956,0.0,0.0,0.0,0.0,0.0,0.0,0.0,0.0,0.28669455061389515,0.0,0.0,0.0,0.0,0.0,0.0,0.0,0.0,0.0,0.0,0.0,0.0,0.3211545463408873,0.0,0.0,0.0,0.0,0.0,0.0,0.0,0.0,0.34003541242990065,0.0,0.0,0.0,0.0,0.0,0.0,0.0,0.0,0.0,0.0,0.0,0.0,0.0,0.0,0.0,0.0,0.0,0.0,0.0,0.0,0.0,0.0,0.0,0.0,0.0,0.0,0.0,0.0,0.0,0.0,0.0,0.18649886257823325,0.0,0.0,0.0,0.17063193904194374,0.0,0.0,0.0,0.0,0.0,0.0,0.0,0.0,0.0,0.0,0.0,0.0,0.0,0.0,0.0,0.0,0.0,0.0,0.0,0.24012762687255002,0.0,0.0,0.0,0.0,0.4474660463704338,0.0,0.0,0.0,0.0,0.0,0.0,0.0,0.0,0.0,0.0,0.0,0.24511824963377157,0.0,0.0,0.0,0.0,0.0,0.0,0.0,0.3100357819957171,0.0,0.0,0.0,0.0,0.0,0.0,0.0,0.0,0.0,0.0,0.0,0.0,0.0,0.0,0.0,0.0,0.0,0.0,0.3030921827317234,0.0,0.0,0.0,0.0,0.0,0.0,0.0,0.0,0.0,0.0,0.0,0.0,0.0,0.0,0.0,0.0,0.0
a077a55608ced7cea2bd92e2ce7e43bf51076304990ec7bb40c2b384ce2e5283,0.0,0.3629502056649914,0.4274297990535562,0.0,0.0,0.0,0.0,0.0,0.0,0.0,0.0,0.0,0.16950419250924265,0.0,0.0,0.0,0.0,0.0,0.0,0.0,0.47912848079306125,0.0,0.0,0.0,0.0,0.0,0.0,0.0,0.0,0.0,0.0,0.0,0.0,0.0,0.0,0.0,0.0,0.0,0.0,0.0,0.0,0.0,0.3108123039742744,0.0,0.0,0.0,0.0,0.0,0.0,0.0,0.0,0.0,0.0,0.0,0.0,0.0,0.0,0.0,0.0,0.0,0.0,0.0,0.0,0.0,0.0,0.0,0.0,0.0,0.0,0.0,0.0,0.0,0.0,0.0,0.0,0.0,0.0,0.0,0.0,0.14743546433028454,0.0,0.0,0.0,0.0,0.0,0.0,0.0,0.0,0.0,0.0,0.0,0.0,0.0,0.0,0.0,0.0,0.0,0.0,0.0,0.20748359518894693,0.0,0.0,0.22762241644162431,0.0,0.0,0.0,0.0,0.0,0.0,0.0,0.0,0.0,0.0,0.0,0.0,0.0,0.21179577020277668,0.0,0.0,0.0,0.0,0.0,0.3720780524809841,0.0,0.0,0.0,0.0,0.0,0.0,0.0,0.0,0.0,0.0,0.0,0.0,0.0,0.0,0.0,0.0,0.0,0.0,0.0,0.0,0.0,0.0,0.17542150981658927,0.0,0.0,0.0,0.0,0.0,0.0,0.0,0.0,0.0,0.0,0.0,0.0,0.0,0.0,0.0
a81d350afaf97cc038b3f20b46d4757150d7854df5e56780326f91bc7d4fd215,0.0,0.2337349939443211,0.2752589747410681,0.0,0.0,0.0,0.0,0.0,0.0,0.0,0.0,0.0,0.0,0.0,0.0,0.0,0.0,0.0,0.0,0.0,0.0,0.0,0.0,0.0,0.0,0.0,0.0,0.0,0.0,0.0,0.0,0.0,0.0,0.0,0.178703229702844,0.0,0.0,0.0,0.0,0.0,0.0,0.0,0.2001588946730133,0.0,0.0,0.3317389036198089,0.0,0.0,0.0,0.0,0.25879355315486,0.0,0.0,0.0,0.0,0.0,0.0,0.0,0.0,0.0,0.15834272643591363,0.0,0.0,0.22155231154534982,0.21104195166443793,0.0,0.0,0.0,0.0,0.0,0.0,0.0,0.0,0.0,0.0,0.10377542357211855,0.0,0.0,0.0,0.09494643293913739,0.0,0.0,0.0,0.0,0.0,0.32121478856070784,0.0,0.0,0.0,0.0,0.0,0.0,0.0,0.0,0.0,0.0,0.0,0.0,0.0,0.0,0.0,0.0,0.0,0.0,0.0,0.0,0.0,0.0,0.0,0.0,0.0,0.0,0.0,0.0,0.2194361566229493,0.0,0.0,0.12615096844979568,0.1389087621823136,0.12311872577664294,0.14678786233812963,0.0,0.2396132030952204,0.0,0.0,0.0,0.0,0.0,0.0,0.0,0.0,0.0,0.0,0.0,0.0,0.0,0.0,0.0,0.0,0.0,0.0,0.0,0.0,0.0,0.327354524562177,0.11296906543849644,0.2337349939443211,0.0,0.0,0.0,0.0,0.0,0.0,0.0,0.16395487017117655,0.0,0.0,0.0,0.0,0.0,0.0
0e49a7e27c826b6afb92d25bd287493693af46e42838270cf96ee2f27c2c0521,0.0,0.22475260050746637,0.0,0.0,0.0,0.0,0.0,0.0,0.0,0.0,0.16114331708875118,0.28218566580358045,0.10496345633299942,0.0,0.0,0.0,0.0,0.0,0.0,0.0,0.0,0.15339766629046114,0.0,0.0,0.0,0.0,0.0,0.0,0.0,0.0,0.0,0.0,0.0,0.0,0.0,0.0,0.0,0.0,0.0,0.0,0.0,0.30340450942033426,0.0,0.1819380194397499,0.20383666476146997,0.0,0.0,0.0,0.0,0.0,0.0,0.0,0.0,0.0,0.0,0.29355550592185586,0.3234617863086512,0.0,0.0,0.0,0.0,0.0,0.0,0.0,0.0,0.0,0.0,0.0,0.0,0.0,0.0,0.0,0.0,0.0,0.0,0.09978735286062265,0.0,0.0,0.0,0.09129765873680962,0.0,0.0,0.0,0.0,0.0,0.0,0.0,0.0,0.0,0.0,0.0,0.0,0.0,0.0,0.0,0.0,0.0,0.0,0.0,0.12848174998527692,0.0,0.0,0.14095247565796623,0.0,0.0,0.0,0.16781675944077457,0.0,0.0,0.0,0.0,0.0,0.0,0.3051818957348341,0.0,0.0,0.1311520131042242,0.1213030096057458,0.1335705236383442,0.11838729546872134,0.14114683140379705,0.0,0.0,0.0,0.16588653437201448,0.0,0.19054091985341448,0.0,0.0,0.0,0.0,0.0,0.0,0.0,0.0,0.0,0.0,0.0,0.0,0.0,0.0,0.0,0.20293164772773586,0.0,0.0,0.10862768473705092,0.22475260050746637,0.0,0.0,0.0,0.0,0.0,0.0,0.0,0.15765411423851222,0.0,0.0,0.0,0.0,0.0,0.0
a89ff5da7c1c949768bd1f83fede6a02363ec8082b057aa34ea627d4ac81de8a,0.0,0.22183484734750708,0.2612447182695372,0.0,0.0,0.0,0.0,0.0,0.0,0.0,0.0,0.0,0.0,0.0,0.0,0.0,0.0,0.0,0.0,0.0,0.0,0.0,0.0,0.0,0.0,0.0,0.0,0.0,0.0,0.0,0.0,0.0,0.0,0.0,0.16960491457723403,0.0,0.0,0.0,0.0,0.0,0.0,0.0,0.0,0.0,0.0,0.3148490852904128,0.0,0.0,0.0,0.0,0.24561760047065545,0.0,0.0,0.0,0.0,0.0,0.0,0.0,0.0,0.0,0.15028102533874946,0.0,0.0,0.21027242169333765,0.2002971756234023,0.0,0.0,0.16960491457723403,0.0,0.0,0.0,0.0,0.0,0.0,0.0,0.09849190683029571,0.0,0.0,0.0,0.09011242647842976,0.0,0.0,0.0,0.0,0.3264290637914667,0.30486078435949004,0.0,0.0,0.0,0.0,0.0,0.0,0.0,0.0,0.0,0.0,0.0,0.0,0.0,0.0,0.0,0.0,0.0,0.0,0.0,0.0,0.0,0.0,0.0,0.0,0.0,0.0,0.0,0.0,0.20826400653798344,0.0,0.0,0.11972824589315428,0.13183650224529586,0.1168503837503565,0.13931445388105962,0.0,0.2274137793151229,0.0,0.0,0.0,0.0,0.0,0.0,0.0,0.0,0.0,0.0,0.0,0.0,0.0,0.0,0.0,0.0,0.0,0.0,0.0,0.0,0.0,0.3106879280646571,0.10721747293222661,0.22183484734750708,0.0,0.0,0.0,0.0,0.0,0.0,0.0,0.15560743807564967,0.0,0.0,0.0,0.0,0.0,0.0
a4552cb0f9bf9c8fe34a9556e588e0517465942b63e91a78f14b5f59d5533d62,0.0,0.0,0.0,0.0,0.0,0.0,0.0,0.0,0.0,0.0,0.0,0.0,0.0,0.0,0.0,0.0,0.0,0.0,0.0,0.0,0.0,0.0,0.0,0.0,0.0,0.0,0.0,0.0,0.0,0.0,0.0,0.0,0.0,0.0,0.3468990280072203,0.0,0.0,0.0,0.0,0.0,0.0,0.0,0.0,0.0,0.0,0.0,0.0,0.0,0.0,0.0,0.0,0.0,0.0,0.0,0.0,0.0,0.0,0.0,0.0,0.0,0.30737518277632697,0.0,0.0,0.4300777420510803,0.0,0.0,0.0,0.3468990280072203,0.0,0.0,0.0,0.0,0.0,0.0,0.0,0.2014490372002078,0.0,0.0,0.0,0.18431018484729322,0.0,0.0,0.0,0.0,0.0,0.0,0.0,0.0,0.0,0.0,0.0,0.0,0.0,0.0,0.0,0.0,0.0,0.0,0.0,0.0,0.0,0.0,0.0,0.0,0.0,0.0,0.3387856641775232,0.0,0.0,0.0,0.0,0.0,0.0,0.0,0.0,0.0,0.0,0.24488448479735103,0.0,0.0,0.28494485999513214,0.0,0.0,0.0,0.0,0.0,0.0,0.0,0.0,0.0,0.0,0.0,0.0,0.0,0.0,0.0,0.0,0.0,0.0,0.0,0.0,0.0,0.0,0.0,0.0,0.21929575117732078,0.0,0.0,0.0,0.0,0.0,0.0,0.0,0.0,0.3182694861979094,0.0,0.0,0.0,0.0,0.0,0.0
ab14f462141fd6d559fcf50dd92e7c7571a6ecf8986c9be7af85baf8f025bbe9,0.0,0.0,0.0,0.0,0.0,0.0,0.0,0.0,0.0,0.0,0.0,0.0,0.0,0.0,0.0,0.0,0.0,0.0,0.0,0.0,0.0,0.0,0.0,0.0,0.0,0.0,0.0,0.0,0.0,0.0,0.0,0.0,0.0,0.0,0.3468990280072203,0.0,0.0,0.0,0.0,0.0,0.0,0.0,0.0,0.0,0.0,0.0,0.0,0.0,0.0,0.0,0.0,0.0,0.0,0.0,0.0,0.0,0.0,0.0,0.0,0.0,0.30737518277632697,0.0,0.0,0.4300777420510803,0.0,0.0,0.0,0.3468990280072203,0.0,0.0,0.0,0.0,0.0,0.0,0.0,0.2014490372002078,0.0,0.0,0.0,0.18431018484729322,0.0,0.0,0.0,0.0,0.0,0.0,0.0,0.0,0.0,0.0,0.0,0.0,0.0,0.0,0.0,0.0,0.0,0.0,0.0,0.0,0.0,0.0,0.0,0.0,0.0,0.0,0.3387856641775232,0.0,0.0,0.0,0.0,0.0,0.0,0.0,0.0,0.0,0.0,0.24488448479735103,0.0,0.0,0.28494485999513214,0.0,0.0,0.0,0.0,0.0,0.0,0.0,0.0,0.0,0.0,0.0,0.0,0.0,0.0,0.0,0.0,0.0,0.0,0.0,0.0,0.0,0.0,0.0,0.0,0.21929575117732078,0.0,0.0,0.0,0.0,0.0,0.0,0.0,0.0,0.3182694861979094,0.0,0.0,0.0,0.0,0.0,0.0
ab87d234f01b7b659f928ae314a5b40a08fba1aef56ac5a82d2c4e7c599c8e4a,0.0,0.21679593733658747,0.25531062521820475,0.0,0.0,0.0,0.0,0.0,0.0,0.0,0.0,0.0,0.0,0.0,0.0,0.0,0.0,0.0,0.0,0.0,0.0,0.0,0.0,0.0,0.0,0.0,0.0,0.0,0.0,0.0,0.0,0.0,0.0,0.0,0.1657523913502335,0.0,0.0,0.0,0.0,0.0,0.0,0.0,0.0,0.0,0.0,0.3076973856058566,0.0,0.0,0.0,0.0,0.24003847257137256,0.0,0.0,0.0,0.0,0.0,0.0,0.0,0.0,0.0,0.1468674382847532,0.0,0.0,0.20549614860838325,0.19574748717059293,0.0,0.0,0.1657523913502335,0.0,0.0,0.0,0.0,0.0,0.0,0.0,0.09625469360047213,0.0,0.16378766078372514,0.0,0.08806555055555407,0.0,0.0,0.0,0.0,0.3190143284734521,0.0,0.0,0.0,0.0,0.0,0.0,0.0,0.0,0.0,0.0,0.0,0.0,0.0,0.0,0.0,0.0,0.0,0.0,0.0,0.0,0.0,0.0,0.0,0.0,0.0,0.0,0.0,0.0,0.0,0.20353335398268615,0.0,0.0,0.11700865578350943,0.12884187683404208,0.0,0.13614996910907343,0.31426945107171333,0.2222481455884391,0.0,0.0,0.0,0.0,0.0,0.0,0.0,0.0,0.0,0.0,0.14535591694460132,0.0,0.0,0.0,0.0,0.0,0.0,0.0,0.0,0.0,0.0,0.30363074778069366,0.1047820611645823,0.21679593733658747,0.0,0.0,0.0,0.0,0.0,0.0,0.0,0.1520728632021869,0.0,0.0,0.0,0.0,0.0,0.0
abd588d76d00b02c96389c74527043e707f68ed1c99a933d016bdbbcd25c129c,0.0,0.0,0.0,0.0,0.0,0.0,0.0,0.0,0.0,0.0,0.0,0.0,0.0,0.0,0.0,0.0,0.0,0.0,0.0,0.0,0.0,0.0,0.0,0.0,0.0,0.0,0.0,0.0,0.0,0.0,0.0,0.0,0.0,0.0,0.3468990280072203,0.0,0.0,0.0,0.0,0.0,0.0,0.0,0.0,0.0,0.0,0.0,0.0,0.0,0.0,0.0,0.0,0.0,0.0,0.0,0.0,0.0,0.0,0.0,0.0,0.0,0.30737518277632697,0.0,0.0,0.4300777420510803,0.0,0.0,0.0,0.3468990280072203,0.0,0.0,0.0,0.0,0.0,0.0,0.0,0.2014490372002078,0.0,0.0,0.0,0.18431018484729322,0.0,0.0,0.0,0.0,0.0,0.0,0.0,0.0,0.0,0.0,0.0,0.0,0.0,0.0,0.0,0.0,0.0,0.0,0.0,0.0,0.0,0.0,0.0,0.0,0.0,0.0,0.3387856641775232,0.0,0.0,0.0,0.0,0.0,0.0,0.0,0.0,0.0,0.0,0.24488448479735103,0.0,0.0,0.28494485999513214,0.0,0.0,0.0,0.0,0.0,0.0,0.0,0.0,0.0,0.0,0.0,0.0,0.0,0.0,0.0,0.0,0.0,0.0,0.0,0.0,0.0,0.0,0.0,0.0,0.21929575117732078,0.0,0.0,0.0,0.0,0.0,0.0,0.0,0.0,0.3182694861979094,0.0,0.0,0.0,0.0,0.0,0.0
ac457fc7c907ca04a4aa2e243d4b5120c58d338b44771c84e0d282d625d463a0,0.0,0.244782906520372,0.28826959432093785,0.0,0.0,0.0,0.0,0.0,0.0,0.0,0.0,0.0,0.11431796500509103,0.0,0.0,0.0,0.0,0.0,0.0,0.0,0.0,0.16706870809609953,0.0,0.0,0.0,0.0,0.0,0.0,0.0,0.0,0.0,0.0,0.0,0.0,0.0,0.0,0.0,0.0,0.0,0.0,0.0,0.0,0.0,0.0,0.0,0.3474191504815162,0.0,0.0,0.0,0.0,0.2710259044269231,0.0,0.0,0.0,0.0,0.0,0.0,0.0,0.0,0.0,0.16582708540671556,0.0,0.0,0.2320243873251455,0.0,0.0,0.0,0.0,0.0,0.0,0.0,0.0,0.0,0.0,0.0,0.10868055903266721,0.0,0.0,0.0,0.09943424998706023,0.0,0.0,0.0,0.0,0.3601970383058353,0.0,0.0,0.0,0.0,0.0,0.0,0.0,0.0,0.0,0.0,0.0,0.0,0.0,0.0,0.0,0.0,0.0,0.0,0.0,0.0,0.0,0.18277285355538397,0.0,0.0,0.0,0.0,0.0,0.0,0.0,0.2298082084645852,0.0,0.0,0.13211372501995433,0.14547453923922796,0.12893815784328144,0.15372605949453555,0.0,0.2509389599927696,0.3428275357177045,0.0,0.0,0.0,0.0,0.0,0.0,0.0,0.0,0.0,0.0,0.0,0.0,0.0,0.0,0.0,0.0,0.0,0.0,0.0,0.0,0.0,0.11830875522007869,0.0,0.0,0.0,0.0,0.0,0.0,0.0,0.0,0.1717044973943061,0.0,0.0,0.0,0.0,0.0,0.0
ad4c0c2aa1ff6cf57a3bbc64e49e07b23573aecea8204f78ca820fde717575f4,0.0,0.0,0.0,0.0,0.0,0.0,0.0,0.0,0.0,0.0,0.0,0.0,0.0,0.0,0.0,0.0,0.0,0.0,0.0,0.0,0.0,0.0,0.0,0.0,0.0,0.0,0.0,0.0,0.0,0.0,0.0,0.0,0.0,0.0,0.3349358986844229,0.0,0.0,0.0,0.0,0.0,0.0,0.0,0.0,0.0,0.0,0.0,0.0,0.0,0.0,0.0,0.0,0.0,0.0,0.0,0.0,0.0,0.0,0.0,0.0,0.0,0.29677506929865205,0.0,0.0,0.41524611892267344,0.0,0.0,0.0,0.3349358986844229,0.0,0.0,0.0,0.0,0.0,0.0,0.0,0.1945018834482263,0.0,0.0,0.0,0.17795408004785587,0.0,0.0,0.0,0.0,0.0,0.0,0.0,0.0,0.0,0.0,0.0,0.0,0.0,0.0,0.0,0.0,0.0,0.0,0.0,0.0,0.0,0.0,0.0,0.0,0.0,0.0,0.3271023316050804,0.0,0.0,0.0,0.0,0.0,0.0,0.0,0.0,0.0,0.0,0.23643942002560328,0.2603508127639259,0.0,0.27511827665308486,0.0,0.0,0.0,0.0,0.0,0.0,0.0,0.0,0.0,0.0,0.0,0.0,0.0,0.0,0.0,0.0,0.0,0.0,0.0,0.0,0.0,0.0,0.0,0.0,0.21173313721917597,0.0,0.0,0.0,0.0,0.0,0.0,0.0,0.0,0.30729367273207686,0.0,0.0,0.0,0.0,0.0,0.0
8e57f4355c28fcb5fba9768415171d9499a24e960de241dedd246e8beb1f0d62,0.0,0.0,0.0,0.0,0.0,0.0,0.0,0.0,0.0,0.0,0.20671037788796956,0.0,0.13464434091965388,0.0,0.0,0.0,0.0,0.0,0.0,0.0,0.0,0.19677446225442852,0.0,0.0,0.0,0.0,0.0,0.0,0.0,0.0,0.0,0.0,0.0,0.0,0.22042627954202273,0.0,0.0,0.0,0.0,0.0,0.0,0.0,0.0,0.23338527113641477,0.0,0.0,0.0,0.28085284751432726,0.0,0.0,0.0,0.0,0.0,0.0,0.0,0.0,0.0,0.0,0.2603153413065545,0.0,0.0,0.0,0.0,0.0,0.0,0.0,0.0,0.0,0.0,0.0,0.0,0.0,0.0,0.0,0.4037841960689534,0.1280045725191254,0.27327962588635507,0.2178134771230046,0.0,0.11711421782002152,0.0,0.0,0.0,0.0,0.0,0.0,0.0,0.0,0.0,0.0,0.0,0.0,0.0,0.0,0.0,0.0,0.0,0.0,0.0,0.16481298493152446,0.0,0.0,0.0,0.0,0.30712090782024715,0.0,0.0,0.0,0.0,0.0,0.0,0.0,0.0,0.0,0.0,0.0,0.1682383277155128,0.0,0.0,0.0,0.0,0.0,0.0,0.0,0.21279485135383536,0.0,0.24442084386489318,0.0,0.0,0.0,0.0,0.0,0.0,0.19330197121450216,0.0,0.0,0.0,0.0,0.0,0.0,0.0,0.0,0.0,0.2080290718566077,0.0,0.0,0.0,0.0,0.0,0.0,0.0,0.0,0.0,0.0,0.0,0.0,0.0,0.0,0.0,0.0,0.0
c2d46d256b8f9490c9599eea11ecef19fde7d4fdd2dea93604cee3cea8e172ac,0.0,0.30142034329605166,0.3549689041493558,0.0,0.0,0.0,0.0,0.0,0.0,0.0,0.0,0.0,0.14076865393324686,0.0,0.0,0.0,0.0,0.0,0.0,0.0,0.0,0.0,0.0,0.0,0.0,0.0,0.0,0.0,0.0,0.0,0.0,0.0,0.0,0.0,0.23045239369666554,0.0,0.0,0.0,0.0,0.0,0.0,0.0,0.0,0.24400082648347976,0.0,0.0,0.0,0.0,0.0,0.0,0.33373539972934013,0.0,0.0,0.0,0.0,0.0,0.0,0.0,0.0,0.0,0.20419586368019538,0.0,0.0,0.0,0.0,0.0,0.0,0.0,0.0,0.0,0.0,0.0,0.0,0.0,0.0,0.0,0.0,0.0,0.0,0.12244117120976644,0.0,0.0,0.0,0.0,0.0,0.0,0.0,0.0,0.0,0.0,0.0,0.0,0.0,0.0,0.0,0.0,0.0,0.0,0.0,0.0,0.0,0.0,0.18903426926017325,0.0,0.0,0.0,0.0,0.0,0.0,0.0,0.0,0.0,0.0,0.0,0.0,0.0,0.17589066700267283,0.0,0.17913418131046546,0.1587716411801324,0.0,0.0,0.3090007735531151,0.0,0.0,0.0,0.0,0.0,0.0,0.0,0.0,0.0,0.0,0.0,0.0,0.0,0.0,0.0,0.0,0.0,0.0,0.0,0.0,0.0,0.0,0.1456828261429146,0.30142034329605166,0.3261641836051781,0.0,0.0,0.0,0.0,0.0,0.0,0.2114331808776053,0.0,0.0,0.0,0.0,0.0,0.0
ad4f74c0c3ac37e6f1cf600a96ae203c38341d263dbac0741e602686794c4f5a,0.0,0.0,0.0,0.0,0.0,0.0,0.0,0.0,0.0,0.0,0.3011834046225667,0.0,0.1961809630734707,0.0,0.0,0.0,0.0,0.0,0.0,0.0,0.0,0.2867064686838479,0.0,0.0,0.0,0.0,0.41238053015259485,0.0,0.0,0.0,0.0,0.0,0.0,0.0,0.0,0.0,0.0,0.0,0.0,0.0,0.0,0.0,0.0,0.0,0.3809790054523698,0.0,0.0,0.0,0.0,0.0,0.0,0.0,0.0,0.0,0.0,0.0,0.0,0.0,0.37928749185822347,0.0,0.0,0.0,0.0,0.0,0.0,0.0,0.0,0.0,0.0,0.0,0.0,0.0,0.0,0.0,0.0,0.18650661545140632,0.0,0.0,0.0,0.17063903231728267,0.0,0.0,0.0,0.0,0.0,0.0,0.0,0.0,0.0,0.0,0.0,0.0,0.0,0.0,0.0,0.0,0.0,0.0,0.0,0.0,0.0,0.0,0.0,0.0,0.0,0.0,0.0,0.0,0.0,0.0,0.0,0.0,0.0,0.0,0.0,0.0,0.0,0.0,0.0,0.22127066363967934,0.0,0.0,0.0,0.0,0.3100486703751082,0.0,0.0,0.0,0.0,0.0,0.0,0.0,0.0,0.281646941994321,0.0,0.0,0.0,0.0,0.0,0.0,0.0,0.0,0.0,0.0,0.0,0.20302955478664192,0.0,0.0,0.0,0.0,0.0,0.0,0.0,0.0,0.0,0.0,0.0,0.0,0.0,0.0,0.0
aef8910dddfc1c5c009db13160c82aae5af66692effb41469c6490e774a420e3,0.0,0.0,0.0,0.0,0.0,0.0,0.0,0.0,0.0,0.0,0.0,0.0,0.24867823309202028,0.0,0.0,0.0,0.0,0.0,0.0,0.0,0.0,0.0,0.0,0.0,0.0,0.0,0.0,0.0,0.0,0.0,0.0,0.0,0.0,0.0,0.0,0.0,0.0,0.0,0.0,0.0,0.0,0.0,0.0,0.0,0.0,0.0,0.0,0.0,0.0,0.0,0.0,0.0,0.0,0.0,0.0,0.0,0.0,0.0,0.0,0.0,0.0,0.0,0.0,0.0,0.4807833636431051,0.0,0.0,0.4071111889972988,0.0,0.0,0.0,0.0,0.0,0.0,0.0,0.23641506731241316,0.0,0.0,0.0,0.2163013800544051,0.0,0.0,0.0,0.0,0.0,0.0,0.0,0.0,0.0,0.0,0.0,0.0,0.0,0.0,0.0,0.0,0.0,0.0,0.0,0.0,0.0,0.0,0.0,0.0,0.0,0.0,0.0,0.0,0.0,0.0,0.0,0.0,0.0,0.0,0.0,0.0,0.31072386547322806,0.28738971782522693,0.0,0.0,0.3344034758981008,0.0,0.0,0.0,0.0,0.0,0.0,0.0,0.0,0.0,0.0,0.0,0.0,0.0,0.0,0.0,0.0,0.0,0.0,0.0,0.0,0.0,0.0,0.38421445467169146,0.0,0.0,0.0,0.0,0.0,0.0,0.0,0.0,0.0,0.0,0.0,0.0,0.0,0.0,0.0,0.0,0.0
af91835cc8d20744eded46f50e68742609de8f60754456ac047f0cb236959d91,0.0,0.0,0.0,0.0,0.0,0.0,0.0,0.0,0.0,0.0,0.0,0.0,0.0,0.0,0.0,0.0,0.0,0.0,0.0,0.0,0.0,0.0,0.0,0.0,0.0,0.0,0.0,0.0,0.0,0.0,0.0,0.0,0.0,0.0,0.3468990280072203,0.0,0.0,0.0,0.0,0.0,0.0,0.0,0.0,0.0,0.0,0.0,0.0,0.0,0.0,0.0,0.0,0.0,0.0,0.0,0.0,0.0,0.0,0.0,0.0,0.0,0.30737518277632697,0.0,0.0,0.4300777420510803,0.0,0.0,0.0,0.3468990280072203,0.0,0.0,0.0,0.0,0.0,0.0,0.0,0.2014490372002078,0.0,0.0,0.0,0.18431018484729322,0.0,0.0,0.0,0.0,0.0,0.0,0.0,0.0,0.0,0.0,0.0,0.0,0.0,0.0,0.0,0.0,0.0,0.0,0.0,0.0,0.0,0.0,0.0,0.0,0.0,0.0,0.3387856641775232,0.0,0.0,0.0,0.0,0.0,0.0,0.0,0.0,0.0,0.0,0.24488448479735103,0.0,0.0,0.28494485999513214,0.0,0.0,0.0,0.0,0.0,0.0,0.0,0.0,0.0,0.0,0.0,0.0,0.0,0.0,0.0,0.0,0.0,0.0,0.0,0.0,0.0,0.0,0.0,0.0,0.21929575117732078,0.0,0.0,0.0,0.0,0.0,0.0,0.0,0.0,0.3182694861979094,0.0,0.0,0.0,0.0,0.0,0.0
afe1274014f8b9221aba0dbab08fd3cc7bb8a436745e65697fb8c88ac37fbb82,0.0,0.0,0.0,0.0,0.43685650577168517,0.0,0.0,0.0,0.0,0.0,0.0,0.0,0.15701549708786483,0.0,0.0,0.0,0.0,0.0,0.0,0.0,0.0,0.0,0.0,0.0,0.0,0.0,0.0,0.0,0.0,0.0,0.0,0.0,0.0,0.0,0.0,0.0,0.0,0.0,0.0,0.0,0.0,0.0,0.2879123382560828,0.0,0.0,0.0,0.0,0.0,0.0,0.0,0.0,0.0,0.45126848390840685,0.0,0.0,0.0,0.0,0.0,0.0,0.0,0.0,0.0,0.0,0.0,0.0,0.0,0.0,0.0,0.0,0.0,0.0,0.0,0.0,0.0,0.0,0.0,0.0,0.0,0.0,0.13657274417526574,0.0,0.0,0.0,0.0,0.0,0.0,0.0,0.0,0.0,0.0,0.0,0.0,0.0,0.0,0.0,0.0,0.0,0.0,0.0,0.0,0.0,0.0,0.21085169833763134,0.0,0.0,0.0,0.0,0.0,0.0,0.0,0.0,0.0,0.0,0.456523524806575,0.0,0.0,0.0,0.0,0.0,0.0,0.0,0.0,0.3446641614047438,0.0,0.0,0.0,0.28503136512051974,0.0,0.0,0.0,0.0,0.0,0.0,0.0,0.0,0.0,0.0,0.0,0.0,0.0,0.0,0.0,0.0,0.0,0.0,0.16249683949412416,0.0,0.0,0.0,0.0,0.0,0.0,0.0,0.0,0.0,0.0,0.0,0.0,0.0,0.0,0.0
b0d40d54b6d1eba59601e3bc381aa37a5a8127013d3f2afc115c325aecab27ba,0.0,0.0,0.0,0.0,0.0,0.0,0.0,0.0,0.0,0.0,0.0,0.0,0.0,0.0,0.0,0.0,0.0,0.0,0.0,0.0,0.0,0.0,0.0,0.0,0.0,0.0,0.0,0.0,0.0,0.0,0.0,0.0,0.0,0.0,0.3468990280072203,0.0,0.0,0.0,0.0,0.0,0.0,0.0,0.0,0.0,0.0,0.0,0.0,0.0,0.0,0.0,0.0,0.0,0.0,0.0,0.0,0.0,0.0,0.0,0.0,0.0,0.30737518277632697,0.0,0.0,0.4300777420510803,0.0,0.0,0.0,0.3468990280072203,0.0,0.0,0.0,0.0,0.0,0.0,0.0,0.2014490372002078,0.0,0.0,0.0,0.18431018484729322,0.0,0.0,0.0,0.0,0.0,0.0,0.0,0.0,0.0,0.0,0.0,0.0,0.0,0.0,0.0,0.0,0.0,0.0,0.0,0.0,0.0,0.0,0.0,0.0,0.0,0.0,0.3387856641775232,0.0,0.0,0.0,0.0,0.0,0.0,0.0,0.0,0.0,0.0,0.24488448479735103,0.0,0.0,0.28494485999513214,0.0,0.0,0.0,0.0,0.0,0.0,0.0,0.0,0.0,0.0,0.0,0.0,0.0,0.0,0.0,0.0,0.0,0.0,0.0,0.0,0.0,0.0,0.0,0.0,0.21929575117732078,0.0,0.0,0.0,0.0,0.0,0.0,0.0,0.0,0.3182694861979094,0.0,0.0,0.0,0.0,0.0,0.0
b0fbcec8c22a53492e24e3cd38e32af4f2d3399b1ef71f6cef6d58bc692957f1,0.0,0.2221888913514511,0.2616616596435878,0.0,0.0,0.0,0.0,0.0,0.0,0.0,0.0,0.0,0.0,0.0,0.0,0.0,0.0,0.0,0.0,0.0,0.0,0.0,0.0,0.0,0.0,0.0,0.0,0.0,0.0,0.0,0.0,0.0,0.0,0.0,0.16987560064736007,0.0,0.0,0.0,0.0,0.0,0.0,0.0,0.0,0.0,0.0,0.315351578168007,0.0,0.0,0.0,0.0,0.24600960127553137,0.0,0.0,0.0,0.0,0.0,0.0,0.0,0.0,0.0,0.15052087086601415,0.0,0.0,0.2106080122959209,0.2006168459316713,0.0,0.0,0.16987560064736007,0.0,0.0,0.0,0.0,0.0,0.0,0.0,0.09864909795453623,0.0,0.0,0.0,0.09025624411870138,0.0,0.0,0.0,0.0,0.3269500380844162,0.0,0.0,0.0,0.0,0.0,0.0,0.0,0.0,0.0,0.0,0.0,0.0,0.0,0.0,0.0,0.0,0.0,0.0,0.0,0.0,0.0,0.0,0.0,0.0,0.0,0.0,0.0,0.0,0.0,0.20859639174992728,0.0,0.0,0.11991932979213614,0.13204691068057556,0.0,0.13953679697840923,0.32208712846330967,0.2277767271835191,0.0,0.0,0.0,0.0,0.0,0.0,0.0,0.0,0.0,0.0,0.0,0.0,0.0,0.0,0.0,0.0,0.0,0.0,0.0,0.0,0.0,0.3111837798180868,0.10738858988640929,0.2221888913514511,0.0,0.0,0.0,0.0,0.0,0.0,0.0,0.155855784451697,0.0,0.0,0.0,0.0,0.0,0.0
b6b2c1f4bbe4259e0279a0c3db98a69db12ab6ae0b549085c714f1497f3c8300,0.0,0.0,0.0,0.0,0.355624804848954,0.0,0.0,0.0,0.0,0.0,0.0,0.0,0.12781910025924265,0.0,0.0,0.0,0.0,0.0,0.0,0.0,0.0,0.0,0.0,0.0,0.0,0.0,0.0,0.0,0.0,0.0,0.0,0.0,0.0,0.0,0.0,0.0,0.0,0.0,0.0,0.0,0.0,0.0,0.23437620306251555,0.0,0.0,0.0,0.0,0.0,0.0,0.0,0.30303449898932366,0.0,0.0,0.0,0.0,0.0,0.0,0.0,0.0,0.0,0.18541153050052134,0.0,0.0,0.0,0.0,0.0,0.0,0.0,0.0,0.0,0.0,0.0,0.0,0.0,0.0,0.0,0.0,0.0,0.0,0.11117759459532577,0.0,0.0,0.0,0.0,0.0,0.0,0.0,0.0,0.0,0.0,0.0,0.0,0.0,0.0,0.0,0.0,0.0,0.0,0.0,0.15645846903850494,0.0,0.0,0.0,0.0,0.0,0.0,0.20435862108132438,0.0,0.0,0.0,0.0,0.0,0.0,0.0,0.0,0.2924553851691487,0.0,0.14771656811066858,0.0,0.14416596135068088,0.0,0.0,0.2805752541591996,0.0,0.2020080922381809,0.0,0.23203093523297988,0.0,0.0,0.0,0.0,0.0,0.0,0.0,0.0,0.0,0.0,0.0,0.0,0.0,0.0,0.0,0.0,0.19748389431639013,0.0,0.13228120920756406,0.0,0.2961597722243894,0.0,0.0,0.0,0.0,0.0,0.0,0.19198307428257919,0.0,0.0,0.338943940641513,0.0,0.0,0.0
b54d6dc708eade0818fcf91e59c7dbe37267abbe43a1672fb5f1c126e021ad7d,0.0,0.0,0.0,0.0,0.0,0.0,0.0,0.0,0.0,0.0,0.0,0.0,0.0,0.0,0.0,0.0,0.0,0.4276679445374826,0.0,0.0,0.0,0.0,0.0,0.0,0.0,0.0,0.0,0.0,0.0,0.0,0.0,0.0,0.0,0.0,0.0,0.0,0.0,0.0,0.0,0.0,0.0,0.0,0.4001925670831793,0.0,0.0,0.0,0.0,0.0,0.0,0.0,0.0,0.0,0.0,0.0,0.0,0.0,0.0,0.0,0.0,0.0,0.31658639140097883,0.0,0.0,0.0,0.0,0.0,0.0,0.0,0.0,0.0,0.0,0.0,0.0,0.0,0.0,0.0,0.0,0.0,0.0,0.1898334660339594,0.0,0.0,0.0,0.0,0.0,0.0,0.0,0.0,0.0,0.0,0.0,0.0,0.0,0.0,0.0,0.0,0.0,0.0,0.0,0.2671496318665185,0.0,0.0,0.2930797719288158,0.0,0.0,0.0,0.3489381605618889,0.0,0.0,0.0,0.0,0.0,0.0,0.0,0.0,0.0,0.0,0.2522230150522487,0.0,0.0,0.0,0.0,0.0,0.0,0.0,0.0,0.0,0.0,0.0,0.0,0.0,0.0,0.0,0.0,0.0,0.0,0.0,0.0,0.0,0.0,0.0,0.0,0.42195187247016086,0.0,0.0,0.0,0.0,0.0,0.0,0.0,0.0,0.0,0.0,0.0,0.0,0.0,0.0,0.0,0.0,0.0,0.0
b535d4dc180f666de891979e5d9d090c27d1eb0f252423c0b1911f1f0b9fc5b2,0.0,0.2205569101147192,0.25973975024337836,0.0,0.0,0.0,0.0,0.0,0.0,0.0,0.0,0.0,0.1030039943987146,0.0,0.0,0.0,0.0,0.0,0.0,0.0,0.0,0.0,0.0,0.0,0.0,0.0,0.0,0.0,0.0,0.0,0.0,0.0,0.0,0.0,0.0,0.0,0.0,0.0,0.0,0.0,0.0,0.0,0.0,0.0,0.0,0.31303531539081025,0.0,0.0,0.0,0.0,0.2442026565138218,0.0,0.0,0.0,0.0,0.0,0.0,0.0,0.0,0.0,0.14941529247505256,0.0,0.0,0.2090610928154655,0.19914331174037392,0.0,0.0,0.16862786143254696,0.0,0.0,0.0,0.0,0.0,0.0,0.0,0.09792451862969648,0.0,0.0,0.0,0.08959331044994913,0.0,0.0,0.0,0.0,0.32454858441921675,0.0,0.0,0.0,0.0,0.0,0.0,0.0,0.0,0.0,0.0,0.0,0.0,0.0,0.0,0.12608324761938922,0.0,0.0,0.0,0.0,0.0,0.0,0.0,0.0,0.0,0.0,0.0,0.0,0.0,0.0,0.2070642476570555,0.0,0.12870366216132792,0.11903852024782517,0.13107702384560213,0.0,0.1385118967994789,0.3197213929530967,0.226103703196286,0.0,0.0,0.0,0.0,0.0,0.0,0.0,0.0,0.0,0.0,0.0,0.0,0.0,0.0,0.0,0.0,0.0,0.0,0.0,0.0,0.0,0.30889812959160845,0.10659981884269179,0.2205569101147192,0.0,0.0,0.0,0.0,0.0,0.0,0.0,0.1547110210284934,0.0,0.0,0.0,0.0,0.0,0.0
b565c8e1e81796db13409f37e4bd28877272b5e54ab5c0a3d9b6a024e7f5a039,0.0,0.0,0.31884924340414444,0.0,0.35180120933110376,0.0,0.0,0.0,0.0,0.0,0.0,0.0,0.12644481890377174,0.0,0.0,0.0,0.0,0.0,0.0,0.0,0.0,0.0,0.0,0.0,0.0,0.0,0.0,0.0,0.0,0.0,0.0,0.0,0.0,0.0,0.0,0.0,0.0,0.0,0.0,0.0,0.0,0.0,0.0,0.0,0.0,0.0,0.0,0.0,0.0,0.0,0.0,0.0,0.0,0.0,0.0,0.0,0.0,0.0,0.0,0.0,0.18341802867693327,0.0,0.0,0.0,0.0,0.0,0.0,0.20700284028242305,0.0,0.0,0.0,0.0,0.0,0.0,0.0,0.0,0.0,0.0,0.0,0.10998223885358943,0.0,0.0,0.0,0.0,0.0,0.0,0.0,0.0,0.0,0.0,0.0,0.0,0.0,0.0,0.0,0.0,0.0,0.0,0.0,0.154776263824503,0.0,0.0,0.0,0.0,0.0,0.0,0.20216140452908615,0.0,0.0,0.0,0.0,0.0,0.0,0.0,0.2541862716031608,0.2893109726178958,0.0,0.1461283537902978,0.1609064836694271,0.14261592233166148,0.0,0.0,0.2775585740244197,0.0,0.19983614802754168,0.0,0.22953619236953918,0.0,0.0,0.0,0.0,0.0,0.0,0.18153033820073491,0.0,0.0,0.0,0.0,0.0,0.0,0.0,0.0,0.0,0.1953605932337323,0.0,0.0,0.0,0.0,0.0,0.0,0.0,0.0,0.0,0.0,0.18991891674260733,0.0,0.0,0.3352996939113395,0.0,0.0,0.0
8f16bf4456359f103fc596a68b0a875a89f83e81798e8fa2e619adb2b4b13dff,0.0,0.0,0.0,0.0,0.0,0.0,0.0,0.0,0.0,0.0,0.23407015789849486,0.0,0.15246560168489917,0.0,0.0,0.0,0.0,0.0,0.0,0.0,0.0,0.22281914396793384,0.0,0.0,0.0,0.0,0.0,0.0,0.0,0.0,0.0,0.0,0.0,0.0,0.0,0.0,0.0,0.0,0.0,0.0,0.0,0.0,0.0,0.26427568767587745,0.0,0.0,0.0,0.0,0.0,0.0,0.0,0.0,0.0,0.0,0.0,0.0,0.0,0.0,0.0,0.0,0.0,0.0,0.0,0.0,0.0,0.0,0.0,0.0,0.0,0.0,0.0,0.4841535510681938,0.0,0.0,0.0,0.14494700656741819,0.30945038093988975,0.24664284156179808,0.0,0.13261522588937505,0.0,0.0,0.0,0.0,0.0,0.0,0.0,0.0,0.0,0.0,0.0,0.0,0.0,0.0,0.0,0.0,0.0,0.0,0.0,0.18662730822132273,0.0,0.0,0.0,0.0,0.0,0.0,0.0,0.0,0.0,0.0,0.0,0.0,0.0,0.0,0.0,0.0,0.19050602265499839,0.17619976505970536,0.19401905163335098,0.17196451856751413,0.20502408483600273,0.0,0.0,0.0,0.24095996033335992,0.0,0.0,0.0,0.0,0.0,0.0,0.0,0.0,0.2188870408276784,0.0,0.0,0.0,0.0,0.0,0.0,0.0,0.0,0.0,0.23556339161328307,0.0,0.0,0.0,0.0,0.0,0.0,0.0,0.0,0.0,0.0,0.0,0.0,0.0,0.0,0.0,0.0,0.0
b721e121d0657302f7e8d790d107e512f5f726ae6a827cdc960d3a838825906a,0.0,0.0,0.0,0.0,0.0,0.0,0.0,0.0,0.0,0.0,0.0,0.0,0.0,0.0,0.0,0.0,0.0,0.0,0.0,0.0,0.0,0.0,0.0,0.0,0.0,0.0,0.0,0.0,0.0,0.0,0.0,0.0,0.0,0.0,0.3349358986844229,0.0,0.0,0.0,0.0,0.0,0.0,0.0,0.0,0.0,0.0,0.0,0.0,0.0,0.0,0.0,0.0,0.0,0.0,0.0,0.0,0.0,0.0,0.0,0.0,0.0,0.29677506929865205,0.0,0.0,0.41524611892267344,0.0,0.0,0.0,0.3349358986844229,0.0,0.0,0.0,0.0,0.0,0.0,0.0,0.1945018834482263,0.0,0.0,0.0,0.17795408004785587,0.0,0.0,0.0,0.0,0.0,0.0,0.0,0.0,0.0,0.0,0.0,0.0,0.0,0.0,0.0,0.0,0.0,0.0,0.0,0.0,0.0,0.0,0.0,0.0,0.0,0.0,0.3271023316050804,0.0,0.0,0.0,0.0,0.0,0.0,0.0,0.0,0.0,0.0,0.23643942002560328,0.2603508127639259,0.0,0.27511827665308486,0.0,0.0,0.0,0.0,0.0,0.0,0.0,0.0,0.0,0.0,0.0,0.0,0.0,0.0,0.0,0.0,0.0,0.0,0.0,0.0,0.0,0.0,0.0,0.0,0.21173313721917597,0.0,0.0,0.0,0.0,0.0,0.0,0.0,0.0,0.30729367273207686,0.0,0.0,0.0,0.0,0.0,0.0
b2419aac70d3035892f8225bd79da96cd30aab0f331e125270ab86bb63f1a2ad,0.0,0.0,0.0,0.0,0.0,0.0,0.0,0.0,0.0,0.0,0.0,0.0,0.0,0.0,0.0,0.0,0.0,0.0,0.0,0.0,0.0,0.0,0.0,0.0,0.0,0.0,0.0,0.0,0.0,0.0,0.0,0.0,0.0,0.0,0.3468990280072203,0.0,0.0,0.0,0.0,0.0,0.0,0.0,0.0,0.0,0.0,0.0,0.0,0.0,0.0,0.0,0.0,0.0,0.0,0.0,0.0,0.0,0.0,0.0,0.0,0.0,0.30737518277632697,0.0,0.0,0.4300777420510803,0.0,0.0,0.0,0.3468990280072203,0.0,0.0,0.0,0.0,0.0,0.0,0.0,0.2014490372002078,0.0,0.0,0.0,0.18431018484729322,0.0,0.0,0.0,0.0,0.0,0.0,0.0,0.0,0.0,0.0,0.0,0.0,0.0,0.0,0.0,0.0,0.0,0.0,0.0,0.0,0.0,0.0,0.0,0.0,0.0,0.0,0.3387856641775232,0.0,0.0,0.0,0.0,0.0,0.0,0.0,0.0,0.0,0.0,0.24488448479735103,0.0,0.0,0.28494485999513214,0.0,0.0,0.0,0.0,0.0,0.0,0.0,0.0,0.0,0.0,0.0,0.0,0.0,0.0,0.0,0.0,0.0,0.0,0.0,0.0,0.0,0.0,0.0,0.0,0.21929575117732078,0.0,0.0,0.0,0.0,0.0,0.0,0.0,0.0,0.3182694861979094,0.0,0.0,0.0,0.0,0.0,0.0
b3167acfa58265b6c8c26f98ed6a4b9e2ae51447b25a50c3905265c0cbfc38c5,0.0,0.0,0.0,0.0,0.0,0.0,0.0,0.0,0.0,0.0,0.0,0.0,0.0,0.0,0.0,0.0,0.0,0.0,0.0,0.0,0.0,0.0,0.0,0.0,0.0,0.0,0.0,0.0,0.0,0.0,0.0,0.0,0.0,0.0,0.3468990280072203,0.0,0.0,0.0,0.0,0.0,0.0,0.0,0.0,0.0,0.0,0.0,0.0,0.0,0.0,0.0,0.0,0.0,0.0,0.0,0.0,0.0,0.0,0.0,0.0,0.0,0.30737518277632697,0.0,0.0,0.4300777420510803,0.0,0.0,0.0,0.3468990280072203,0.0,0.0,0.0,0.0,0.0,0.0,0.0,0.2014490372002078,0.0,0.0,0.0,0.18431018484729322,0.0,0.0,0.0,0.0,0.0,0.0,0.0,0.0,0.0,0.0,0.0,0.0,0.0,0.0,0.0,0.0,0.0,0.0,0.0,0.0,0.0,0.0,0.0,0.0,0.0,0.0,0.3387856641775232,0.0,0.0,0.0,0.0,0.0,0.0,0.0,0.0,0.0,0.0,0.24488448479735103,0.0,0.0,0.28494485999513214,0.0,0.0,0.0,0.0,0.0,0.0,0.0,0.0,0.0,0.0,0.0,0.0,0.0,0.0,0.0,0.0,0.0,0.0,0.0,0.0,0.0,0.0,0.0,0.0,0.21929575117732078,0.0,0.0,0.0,0.0,0.0,0.0,0.0,0.0,0.3182694861979094,0.0,0.0,0.0,0.0,0.0,0.0
b3503b3ccc1d21662c51075ed45b45f52a9f360826bf15a0655dfa25c7594e44,0.0,0.0,0.0,0.0,0.0,0.0,0.0,0.0,0.0,0.0,0.0,0.0,0.0,0.0,0.0,0.0,0.0,0.0,0.0,0.0,0.0,0.0,0.0,0.0,0.0,0.0,0.0,0.0,0.0,0.0,0.0,0.0,0.0,0.0,0.3468990280072203,0.0,0.0,0.0,0.0,0.0,0.0,0.0,0.0,0.0,0.0,0.0,0.0,0.0,0.0,0.0,0.0,0.0,0.0,0.0,0.0,0.0,0.0,0.0,0.0,0.0,0.30737518277632697,0.0,0.0,0.4300777420510803,0.0,0.0,0.0,0.3468990280072203,0.0,0.0,0.0,0.0,0.0,0.0,0.0,0.2014490372002078,0.0,0.0,0.0,0.18431018484729322,0.0,0.0,0.0,0.0,0.0,0.0,0.0,0.0,0.0,0.0,0.0,0.0,0.0,0.0,0.0,0.0,0.0,0.0,0.0,0.0,0.0,0.0,0.0,0.0,0.0,0.0,0.3387856641775232,0.0,0.0,0.0,0.0,0.0,0.0,0.0,0.0,0.0,0.0,0.24488448479735103,0.0,0.0,0.28494485999513214,0.0,0.0,0.0,0.0,0.0,0.0,0.0,0.0,0.0,0.0,0.0,0.0,0.0,0.0,0.0,0.0,0.0,0.0,0.0,0.0,0.0,0.0,0.0,0.0,0.21929575117732078,0.0,0.0,0.0,0.0,0.0,0.0,0.0,0.0,0.3182694861979094,0.0,0.0,0.0,0.0,0.0,0.0
b78469fb8eff53d82081bdcb0dbb3436f239b8ca6ef7fd800ce5ba7e098c256f,0.0,0.0,0.0,0.0,0.0,0.0,0.0,0.0,0.0,0.0,0.0,0.0,0.0,0.0,0.0,0.0,0.0,0.0,0.0,0.0,0.0,0.0,0.0,0.0,0.0,0.0,0.0,0.0,0.0,0.0,0.0,0.0,0.0,0.0,0.0,0.0,0.0,0.0,0.0,0.0,0.0,0.0,0.0,0.0,0.0,0.0,0.0,0.0,0.0,0.0,0.0,0.0,0.0,0.0,0.0,0.0,0.0,0.0,0.0,0.0,0.0,0.0,0.0,0.0,0.0,0.0,0.0,0.448538681668099,0.0,0.0,0.0,0.0,0.0,0.0,0.0,0.0,0.0,0.0,0.0,0.0,0.0,0.0,0.0,0.0,0.0,0.0,0.0,0.0,0.0,0.0,0.0,0.0,0.0,0.0,0.0,0.0,0.0,0.0,0.0,0.33537289263586634,0.0,0.0,0.3679249347943631,0.0,0.0,0.0,0.0,0.0,0.0,0.0,0.0,0.0,0.0,0.0,0.0,0.0,0.0,0.0,0.34865599891511556,0.30902357523330626,0.0,0.0,0.0,0.0,0.0,0.0,0.0,0.0,0.0,0.0,0.0,0.0,0.0,0.39334425782869603,0.0,0.0,0.0,0.0,0.0,0.0,0.0,0.0,0.0,0.42331198363946587,0.0,0.0,0.0,0.0,0.0,0.0,0.0,0.0,0.0,0.0,0.0,0.0,0.0,0.0,0.0,0.0,0.0
b5475975e30be3c1ff6c97d148def1287dc3a0341d546198df85dbb66c1b6ffa,0.0,0.22702296996739454,0.0,0.0,0.0,0.294984697879822,0.0,0.0,0.0,0.0,0.0,0.0,0.0,0.0,0.0,0.0,0.0,0.20775842200170624,0.0,0.0,0.0,0.0,0.0,0.0,0.0,0.0,0.0,0.0,0.0,0.0,0.0,0.0,0.0,0.0,0.0,0.0,0.0,0.0,0.0,0.0,0.0,0.0,0.194411054875604,0.0,0.0,0.0,0.0,0.0,0.0,0.0,0.0,0.0,0.0,0.0,0.0,0.296520897440948,0.0,0.0,0.0,0.0,0.15379569580744493,0.0,0.0,0.0,0.0,0.0,0.0,0.0,0.0,0.0,0.0,0.0,0.0,0.0,0.0,0.0,0.0,0.0,0.0,0.09221991465594463,0.0,0.0,0.0,0.0,0.0,0.0,0.0,0.0,0.0,0.0,0.46502912205045344,0.46502912205045344,0.0,0.0,0.0,0.0,0.0,0.0,0.0,0.0,0.0,0.0,0.14237632657365112,0.0,0.0,0.0,0.1695119836323442,0.0,0.0,0.0,0.0,0.0,0.0,0.0,0.0,0.0,0.13247686329277647,0.12252836872410275,0.13491980474534984,0.0,0.0,0.0,0.0,0.0,0.0,0.0,0.1924656952923863,0.0,0.0,0.0,0.0,0.0,0.0,0.0,0.0,0.0,0.0,0.0,0.0,0.0,0.0,0.0,0.0,0.0,0.0,0.10972500230922964,0.0,0.0,0.0,0.0,0.0,0.0,0.0,0.0,0.0,0.0,0.0,0.28114820610108837,0.0,0.0,0.0
b670441066ff868d06c682e5167b9dbc85b5323f3acfbbc044cabc0e5a594186,0.0,0.19886591428386816,0.0,0.0,0.0,0.0,0.0,0.0,0.0,0.0,0.0,0.0,0.0928739140856498,0.0,0.0,0.0,0.0,0.0,0.0,0.0,0.0,0.1357295403345104,0.0,0.0,0.0,0.0,0.0,0.0,0.0,0.0,0.0,0.0,0.0,0.0,0.0,0.0,0.0,0.0,0.0,0.0,0.0,0.0,0.0,0.0,0.0,0.0,0.0,0.0,0.0,0.0,0.22018618474892035,0.0,0.0,0.0,0.0,0.0,0.0,0.0,0.0,0.31687958653967147,0.13472082434682198,0.0,0.0,0.0,0.0,0.0,0.0,0.0,0.0,0.0,0.0,0.0,0.0,0.0,0.0,0.08829398688063436,0.0,0.0,0.0,0.08078212370258683,0.0,0.0,0.0,0.0,0.0,0.0,0.0,0.0,0.0,0.0,0.0,0.0,0.0,0.0,0.0,0.0,0.0,0.0,0.0,0.11368340398252547,0.0,0.0,0.12471776913373216,0.0,0.0,0.4073527957918525,0.0,0.0,0.30498080311990944,0.0,0.0,0.0,0.0,0.0,0.186700207689723,0.21249935464258662,0.11604610997715667,0.10733150075311411,0.0,0.0,0.1248897392600119,0.2882779192574762,0.20386719978852758,0.2785190857536974,0.0,0.0,0.0,0.0,0.2583985296820257,0.0,0.0,0.0,0.0,0.0,0.0,0.0,0.0,0.0,0.0,0.0,0.0,0.0,0.0,0.0,0.0,0.09611610185153689,0.0,0.2151909783859132,0.0,0.0,0.0,0.0,0.0,0.0,0.13949573663604217,0.0,0.0,0.0,0.0,0.0,0.0
ba9af4a25b32402f64a7b2c2a6e3ce36ee29eb1790186be1ab83bf60841e1d52,0.0,0.23856267967018757,0.28094431864635705,0.0,0.0,0.0,0.0,0.0,0.0,0.0,0.0,0.0,0.0,0.0,0.0,0.0,0.0,0.0,0.0,0.0,0.0,0.0,0.0,0.0,0.0,0.0,0.0,0.0,0.0,0.0,0.0,0.0,0.0,0.0,0.18239426037242432,0.0,0.0,0.0,0.0,0.0,0.0,0.0,0.0,0.0,0.0,0.338590813736877,0.0,0.0,0.0,0.0,0.26413881156665603,0.0,0.0,0.0,0.0,0.0,0.0,0.0,0.0,0.0,0.16161322054254934,0.0,0.0,0.22612836972958128,0.21540092333751187,0.0,0.0,0.0,0.0,0.0,0.0,0.0,0.0,0.0,0.0,0.10591885585249933,0.0,0.0,0.0,0.09690750659476381,0.0,0.0,0.0,0.0,0.0,0.3278493280599201,0.0,0.0,0.0,0.0,0.0,0.0,0.0,0.0,0.0,0.0,0.0,0.0,0.0,0.0,0.0,0.0,0.0,0.0,0.0,0.0,0.0,0.0,0.0,0.0,0.0,0.0,0.0,0.0,0.2239685066283574,0.0,0.0,0.1287565570243263,0.14177785695100315,0.12566168481323614,0.1498196961931366,0.0,0.24456230045026814,0.0,0.0,0.0,0.0,0.0,0.0,0.0,0.0,0.0,0.0,0.0,0.0,0.0,0.0,0.0,0.0,0.0,0.0,0.0,0.0,0.0,0.33411587740394744,0.1153023880423502,0.23856267967018757,0.0,0.0,0.0,0.0,0.0,0.0,0.0,0.16734128045170232,0.0,0.0,0.0,0.0,0.0,0.0
bbb95d84ad3a191568a5379da8f4e2b2e4e9034d9d23b3cefea5299917450f74,0.0,0.0,0.0,0.0,0.0,0.0,0.0,0.0,0.0,0.0,0.0,0.0,0.0,0.0,0.0,0.0,0.0,0.0,0.0,0.0,0.0,0.0,0.0,0.0,0.0,0.0,0.0,0.0,0.0,0.0,0.0,0.0,0.0,0.0,0.3233486473329126,0.0,0.0,0.0,0.0,0.0,0.0,0.0,0.3621708905417715,0.0,0.0,0.0,0.0,0.0,0.0,0.0,0.0,0.0,0.0,0.0,0.0,0.0,0.0,0.0,0.0,0.0,0.2865080082391105,0.0,0.0,0.40088050098922634,0.0,0.0,0.0,0.3233486473329126,0.0,0.0,0.0,0.0,0.0,0.0,0.0,0.18777300720441628,0.0,0.0,0.0,0.1717976821739925,0.0,0.0,0.0,0.0,0.0,0.0,0.0,0.0,0.0,0.0,0.0,0.0,0.0,0.0,0.0,0.0,0.0,0.0,0.0,0.0,0.0,0.0,0.0,0.0,0.0,0.0,0.31578608587310436,0.0,0.0,0.0,0.0,0.0,0.0,0.0,0.0,0.0,0.0,0.2282596966815155,0.0,0.0,0.26560044164198243,0.0,0.0,0.0,0.0,0.0,0.0,0.0,0.0,0.0,0.0,0.0,0.0,0.0,0.0,0.0,0.0,0.0,0.0,0.0,0.0,0.0,0.0,0.0,0.0,0.20440813834614077,0.0,0.0,0.0,0.0,0.0,0.0,0.0,0.0,0.29666271606645467,0.0,0.0,0.0,0.0,0.0,0.0
bc3b5ef9b1dc2f1b6a23b138c4c7b047479d98dfbdf216097c08a68c2f771732,0.0,0.0,0.0,0.0,0.0,0.0,0.0,0.0,0.0,0.0,0.0,0.0,0.0,0.0,0.0,0.0,0.0,0.5406308120175433,0.0,0.0,0.0,0.0,0.0,0.0,0.0,0.0,0.0,0.0,0.0,0.0,0.0,0.0,0.0,0.0,0.0,0.0,0.0,0.0,0.0,0.0,0.0,0.0,0.0,0.0,0.0,0.0,0.0,0.0,0.0,0.0,0.0,0.0,0.0,0.0,0.0,0.0,0.0,0.0,0.0,0.0,0.40020852636481413,0.0,0.0,0.0,0.0,0.0,0.0,0.0,0.0,0.0,0.0,0.0,0.0,0.0,0.0,0.0,0.0,0.0,0.0,0.0,0.0,0.0,0.0,0.0,0.0,0.0,0.0,0.0,0.0,0.0,0.0,0.0,0.0,0.0,0.0,0.0,0.0,0.0,0.0,0.3377136964576154,0.0,0.0,0.37049294226424084,0.0,0.0,0.0,0.44110559020854584,0.0,0.0,0.0,0.0,0.0,0.0,0.0,0.0,0.0,0.0,0.3188444099654964,0.0,0.0,0.0,0.0,0.0,0.0,0.0,0.0,0.0,0.0,0.0,0.0,0.0,0.0,0.0,0.0,0.0,0.0,0.0,0.0,0.0,0.0,0.0,0.0,0.0,0.0,0.0,0.0,0.0,0.0,0.0,0.0,0.0,0.0,0.0,0.0,0.0,0.0,0.0,0.0,0.0,0.0,0.0
8fc58143f3ed34fbbfbb9bd1c4f583fc12fb803a685ffc20ca9a96816f30d2bd,0.0,0.0,0.0,0.0,0.0,0.0,0.0,0.0,0.0,0.0,0.31523383159121954,0.0,0.2053329490461309,0.0,0.0,0.0,0.0,0.0,0.0,0.0,0.0,0.3000815359613128,0.0,0.0,0.0,0.0,0.0,0.0,0.0,0.0,0.0,0.0,0.0,0.0,0.0,0.0,0.0,0.0,0.0,0.0,0.0,0.0,0.37650990238120685,0.0,0.39875195578941314,0.0,0.0,0.0,0.0,0.0,0.0,0.0,0.0,0.0,0.0,0.0,0.0,0.0,0.0,0.0,0.0,0.0,0.0,0.0,0.0,0.0,0.0,0.0,0.0,0.0,0.0,0.0,0.0,0.0,0.0,0.19520728600413656,0.0,0.0,0.0,0.1785994684660808,0.0,0.0,0.0,0.0,0.0,0.0,0.0,0.0,0.0,0.0,0.0,0.0,0.0,0.0,0.0,0.0,0.0,0.0,0.0,0.2513402049127313,0.0,0.0,0.0,0.0,0.0,0.0,0.0,0.0,0.0,0.0,0.0,0.0,0.0,0.0,0.0,0.0,0.0,0.0,0.0,0.0,0.27611605174959375,0.0,0.0,0.0,0.0,0.0,0.0,0.0,0.0,0.0,0.0,0.0,0.0,0.0,0.0,0.0,0.0,0.0,0.0,0.0,0.0,0.0,0.3969815318441111,0.31724484311699463,0.0,0.0,0.0,0.0,0.0,0.0,0.0,0.0,0.0,0.0,0.0,0.0,0.0,0.0,0.0,0.0,0.0
bc9d61296a6324c766626bb0b0e858d3091eeea3cc3af56e3497ec44e3f19a90,0.0,0.0,0.0,0.0,0.0,0.0,0.0,0.0,0.0,0.0,0.0,0.0,0.0,0.0,0.0,0.0,0.0,0.0,0.0,0.0,0.0,0.0,0.0,0.0,0.0,0.0,0.0,0.0,0.0,0.0,0.0,0.0,0.0,0.0,0.3349358986844229,0.0,0.0,0.0,0.0,0.0,0.0,0.0,0.0,0.0,0.0,0.0,0.0,0.0,0.0,0.0,0.0,0.0,0.0,0.0,0.0,0.0,0.0,0.0,0.0,0.0,0.29677506929865205,0.0,0.0,0.41524611892267344,0.0,0.0,0.0,0.3349358986844229,0.0,0.0,0.0,0.0,0.0,0.0,0.0,0.1945018834482263,0.0,0.0,0.0,0.17795408004785587,0.0,0.0,0.0,0.0,0.0,0.0,0.0,0.0,0.0,0.0,0.0,0.0,0.0,0.0,0.0,0.0,0.0,0.0,0.0,0.0,0.0,0.0,0.0,0.0,0.0,0.0,0.3271023316050804,0.0,0.0,0.0,0.0,0.0,0.0,0.0,0.0,0.0,0.0,0.23643942002560328,0.2603508127639259,0.0,0.27511827665308486,0.0,0.0,0.0,0.0,0.0,0.0,0.0,0.0,0.0,0.0,0.0,0.0,0.0,0.0,0.0,0.0,0.0,0.0,0.0,0.0,0.0,0.0,0.0,0.0,0.21173313721917597,0.0,0.0,0.0,0.0,0.0,0.0,0.0,0.0,0.30729367273207686,0.0,0.0,0.0,0.0,0.0,0.0
bc32a2ccf158ebe2b76646be865a4c6dd91da6b8e5bb0dd9520102a9bfea5439,0.0,0.0,0.0,0.0,0.0,0.0,0.0,0.0,0.0,0.0,0.0,0.0,0.0,0.0,0.0,0.0,0.0,0.0,0.0,0.0,0.0,0.0,0.0,0.0,0.0,0.0,0.0,0.0,0.0,0.0,0.0,0.0,0.0,0.0,0.0,0.0,0.0,0.0,0.0,0.0,0.0,0.0,0.4383906401519299,0.0,0.0,0.0,0.0,0.0,0.0,0.0,0.0,0.0,0.0,0.0,0.0,0.0,0.0,0.0,0.0,0.0,0.0,0.0,0.0,0.0,0.0,0.0,0.0,0.0,0.0,0.0,0.0,0.0,0.0,0.0,0.0,0.0,0.0,0.0,0.0,0.0,0.0,0.0,0.0,0.0,0.0,0.0,0.0,0.0,0.0,0.0,0.0,0.0,0.0,0.0,0.0,0.0,0.0,0.0,0.0,0.0,0.0,0.0,0.0,0.0,0.0,0.0,0.0,0.0,0.0,0.0,0.0,0.0,0.0,0.0,0.0,0.0,0.0,0.0,0.0,0.0,0.0,0.0,0.0,0.0,0.0,0.0,0.0,0.0,0.0,0.0,0.0,0.0,0.0,0.0,0.0,0.0,0.0,0.0,0.8640566285737775,0.0,0.0,0.0,0.0,0.0,0.0,0.2474263309449867,0.0,0.0,0.0,0.0,0.0,0.0,0.0,0.0,0.0,0.0,0.0,0.0,0.0,0.0,0.0
bd210c5759b815a64b7166aceae471ef622bccdde3b46fc971aa78bcb73f08f1,0.0,0.0,0.0,0.0,0.35366902121233884,0.0,0.0,0.0,0.0,0.0,0.0,0.0,0.12711615012380403,0.0,0.0,0.0,0.0,0.0,0.0,0.0,0.0,0.0,0.0,0.0,0.0,0.0,0.0,0.0,0.0,0.0,0.0,0.0,0.0,0.0,0.0,0.0,0.0,0.0,0.0,0.0,0.0,0.0,0.0,0.0,0.0,0.0,0.0,0.0,0.0,0.0,0.3013679394401243,0.0,0.0,0.0,0.0,0.0,0.0,0.0,0.0,0.0,0.1843918467426724,0.0,0.0,0.0,0.0,0.0,0.0,0.0,0.0,0.0,0.0,0.0,0.0,0.0,0.0,0.0,0.0,0.0,0.0,0.11056616559120969,0.0,0.0,0.0,0.0,0.0,0.0,0.0,0.0,0.0,0.0,0.0,0.0,0.0,0.0,0.0,0.0,0.0,0.0,0.0,0.15559801467935155,0.0,0.0,0.0,0.0,0.0,0.0,0.20323473646567772,0.0,0.0,0.0,0.0,0.0,0.0,0.0,0.25553581823789223,0.2908470062007673,0.0,0.1469041904507624,0.0,0.14337311050247778,0.0,0.0,0.279032210807213,0.0,0.2008971345212942,0.0,0.2307548647785865,0.0,0.0,0.0,0.0,0.0,0.0,0.0,0.0,0.0,0.0,0.0,0.0,0.0,0.0,0.0,0.0,0.19639781774430437,0.0,0.13155371939000285,0.0,0.2945310207187509,0.0,0.0,0.0,0.0,0.0,0.0,0.19092724985731613,0.0,0.0,0.33707989459129983,0.0,0.0,0.0
bf20b92755cd5c2542cdcef804ee795932cc4b0e070ca6b81ff8fd30908a8f97,0.0,0.0,0.0,0.0,0.3394202714930882,0.0,0.0,0.0,0.0,0.0,0.0,0.0,0.12199484715477378,0.0,0.0,0.0,0.0,0.0,0.0,0.0,0.0,0.0,0.0,0.0,0.0,0.0,0.0,0.0,0.0,0.0,0.0,0.0,0.0,0.0,0.0,0.0,0.0,0.0,0.0,0.0,0.0,0.0,0.0,0.0,0.0,0.0,0.0,0.0,0.0,0.0,0.28922631525215087,0.0,0.0,0.0,0.0,0.0,0.0,0.0,0.0,0.0,0.1769629991000361,0.0,0.0,0.0,0.0,0.0,0.0,0.0,0.0,0.0,0.0,0.0,0.0,0.0,0.0,0.0,0.0,0.0,0.0,0.1061116345849995,0.0,0.0,0.0,0.0,0.0,0.0,0.0,0.0,0.0,0.0,0.0,0.0,0.0,0.0,0.0,0.0,0.0,0.0,0.0,0.1493292237052977,0.0,0.0,0.0,0.0,0.0,0.0,0.19504673943887937,0.0,0.0,0.0,0.0,0.0,0.0,0.0,0.0,0.2791292533036032,0.0,0.1409856595167643,0.0,0.13759684103726572,0.0,0.0,0.2677904568029399,0.0,0.1928033156753684,0.0,0.221458126535981,0.0,0.0,0.0,0.0,0.0,0.0,0.0,0.0,0.0,0.0,0.0,0.0,0.0,0.39374683922185816,0.0,0.0,0.18848526905442217,0.0,0.0,0.0,0.28266484486769367,0.0,0.0,0.0,0.0,0.0,0.0,0.1832351014512266,0.0,0.0,0.3234994938059588,0.0,0.0,0.0
bfb9db791b8250ffa8ebc48295c5dbbca757a5ed3bbb01de12a871b5cd9afd5a,0.0,0.2001210504190774,0.23567337621504328,0.0,0.0,0.0,0.0,0.0,0.0,0.0,0.0,0.0,0.09346008495362883,0.0,0.0,0.0,0.0,0.0,0.0,0.0,0.0,0.0,0.0,0.0,0.0,0.0,0.0,0.0,0.0,0.0,0.0,0.0,0.0,0.0,0.0,0.0,0.0,0.0,0.0,0.0,0.0,0.0,0.0,0.0,0.0,0.28403080230717936,0.0,0.0,0.0,0.0,0.22157588311903792,0.0,0.0,0.0,0.0,0.0,0.0,0.0,0.0,0.0,0.13557111070892577,0.0,0.40992379050262556,0.18969038636889712,0.18069154445756713,0.0,0.0,0.1530035252228166,0.0,0.0,0.0,0.0,0.0,0.0,0.0,0.08885125167814706,0.0,0.0,0.0,0.08129197760541972,0.0,0.0,0.0,0.0,0.0,0.275020183380087,0.0,0.0,0.0,0.0,0.0,0.0,0.0,0.0,0.0,0.0,0.0,0.0,0.0,0.0,0.0,0.0,0.12550492151882608,0.0,0.0,0.0,0.0,0.0,0.0,0.0,0.0,0.0,0.0,0.0,0.0,0.0,0.11677853145072749,0.1080089202371247,0.11893198759514981,0.10541275105151518,0.12567797702929773,0.0,0.20515390138422313,0.2802769504442542,0.0,0.0,0.0,0.0,0.0,0.0,0.0,0.0,0.0,0.0,0.0,0.0,0.0,0.0,0.0,0.0,0.0,0.0,0.0,0.0,0.2802769504442542,0.0967227356884302,0.2001210504190774,0.21654914966386107,0.0,0.0,0.0,0.0,0.0,0.0,0.14037615971100717,0.0,0.0,0.0,0.0,0.0,0.0
c2bd70495630ed8279de0713a010e5e55f3da29323b59ef71401b12942ba52f6,0.0,0.21138184643903282,0.0,0.0,0.0,0.0,0.0,0.0,0.0,0.0,0.0,0.0,0.09871907670120658,0.0,0.0,0.0,0.0,0.0,0.0,0.0,0.0,0.14427188769653002,0.0,0.0,0.0,0.0,0.0,0.0,0.0,0.0,0.0,0.0,0.0,0.0,0.1616130217463467,0.34809683348068077,0.0,0.0,0.0,0.0,0.0,0.0,0.0,0.0,0.0,0.0,0.0,0.0,0.0,0.0,0.23404394091465658,0.0,0.0,0.0,0.0,0.0,0.0,0.0,0.0,0.3368228906537485,0.14319968661683274,0.0,0.0,0.0,0.0,0.0,0.0,0.0,0.0,0.0,0.0,0.0,0.0,0.0,0.0,0.0,0.0,0.0,0.0,0.08586627089418886,0.0,0.0,0.0,0.0,0.0,0.0,0.0,0.0,0.0,0.0,0.0,0.0,0.0,0.0,0.0,0.0,0.0,0.0,0.0,0.0,0.0,0.0,0.13256707374001636,0.0,0.0,0.0,0.0,0.0,0.3241752390000962,0.0,0.0,0.0,0.0,0.0,0.1984504723905113,0.0,0.0,0.114086573820188,0.0,0.0,0.13274986707066969,0.30642113345409483,0.21669789553850105,0.29604811275545817,0.0,0.0,0.0,0.0,0.2746612385436262,0.0,0.0,0.0,0.0,0.0,0.0,0.0,0.0,0.0,0.0,0.0,0.0,0.0,0.0,0.0,0.0,0.10216531654036264,0.0,0.22873435355696972,0.0,0.0,0.0,0.0,0.0,0.0,0.14827511535440432,0.0,0.0,0.0,0.0,0.0,0.0
c2cb62e9291d6dc8dc9fdf0064de10045eb7995c2e8b197ac9cddf7932a662b8,0.0,0.0,0.0,0.0,0.0,0.0,0.3140978849498368,0.0,0.0,0.0,0.0,0.0,0.11791525761549443,0.0,0.0,0.0,0.30465655350393706,0.23106035890458498,0.0,0.0,0.0,0.0,0.0,0.0,0.0,0.31128882912088596,0.0,0.0,0.0,0.0,0.0,0.0,0.0,0.0,0.0,0.0,0.0,0.0,0.0,0.0,0.0,0.0,0.0,0.0,0.0,0.0,0.0,0.0,0.0,0.2874517195326244,0.0,0.0,0.0,0.0,0.0,0.0,0.0,0.0,0.0,0.0,0.17104523767973534,0.31268145368645606,0.0,0.0,0.0,0.0,0.0,0.0,0.0,0.0,0.0,0.0,0.0,0.0,0.0,0.11210045696284217,0.0,0.0,0.0,0.0,0.0,0.0,0.0,0.0,0.0,0.0,0.0,0.0,0.24595787420771612,0.0,0.0,0.0,0.0,0.0,0.0,0.0,0.0,0.0,0.0,0.14433555427462125,0.0,0.0,0.0,0.0,0.0,0.0,0.0,0.0,0.0,0.0,0.0,0.0,0.0,0.0,0.2370396822760975,0.2697949837959777,0.14733531032850827,0.13627100447052873,0.1500522491817012,0.13299551035465623,0.15856342357656325,0.0,0.0,0.0,0.0,0.0,0.0,0.0,0.0,0.0,0.0,0.0,0.30214547615082255,0.0,0.0,0.0,0.0,0.0,0.0,0.0,0.0,0.0,0.0,0.0,0.0,0.12203162774392269,0.0,0.0,0.0,0.0,0.0,0.0,0.0,0.0,0.0,0.0,0.0,0.0,0.0,0.0,0.0
c2e4fce565a99e5bad9e3be74a940c4b272a0e1d89aa7cebacda30d0e58edd2a,0.0,0.0,0.0,0.0,0.0,0.0,0.0,0.0,0.0,0.0,0.0,0.0,0.0,0.0,0.0,0.0,0.0,0.0,0.0,0.0,0.0,0.0,0.0,0.0,0.0,0.0,0.0,0.0,0.0,0.0,0.0,0.0,0.0,0.0,0.3468990280072203,0.0,0.0,0.0,0.0,0.0,0.0,0.0,0.0,0.0,0.0,0.0,0.0,0.0,0.0,0.0,0.0,0.0,0.0,0.0,0.0,0.0,0.0,0.0,0.0,0.0,0.30737518277632697,0.0,0.0,0.4300777420510803,0.0,0.0,0.0,0.3468990280072203,0.0,0.0,0.0,0.0,0.0,0.0,0.0,0.2014490372002078,0.0,0.0,0.0,0.18431018484729322,0.0,0.0,0.0,0.0,0.0,0.0,0.0,0.0,0.0,0.0,0.0,0.0,0.0,0.0,0.0,0.0,0.0,0.0,0.0,0.0,0.0,0.0,0.0,0.0,0.0,0.0,0.3387856641775232,0.0,0.0,0.0,0.0,0.0,0.0,0.0,0.0,0.0,0.0,0.24488448479735103,0.0,0.0,0.28494485999513214,0.0,0.0,0.0,0.0,0.0,0.0,0.0,0.0,0.0,0.0,0.0,0.0,0.0,0.0,0.0,0.0,0.0,0.0,0.0,0.0,0.0,0.0,0.0,0.0,0.21929575117732078,0.0,0.0,0.0,0.0,0.0,0.0,0.0,0.0,0.3182694861979094,0.0,0.0,0.0,0.0,0.0,0.0
c8d9a9758516d5a8936bd3bc01a9997fb677ed1dc54081caa985883935ff092b,0.0,0.0,0.0,0.0,0.0,0.0,0.0,0.0,0.0,0.0,0.0,0.0,0.0,0.0,0.0,0.0,0.0,0.5406308120175433,0.0,0.0,0.0,0.0,0.0,0.0,0.0,0.0,0.0,0.0,0.0,0.0,0.0,0.0,0.0,0.0,0.0,0.0,0.0,0.0,0.0,0.0,0.0,0.0,0.0,0.0,0.0,0.0,0.0,0.0,0.0,0.0,0.0,0.0,0.0,0.0,0.0,0.0,0.0,0.0,0.0,0.0,0.40020852636481413,0.0,0.0,0.0,0.0,0.0,0.0,0.0,0.0,0.0,0.0,0.0,0.0,0.0,0.0,0.0,0.0,0.0,0.0,0.0,0.0,0.0,0.0,0.0,0.0,0.0,0.0,0.0,0.0,0.0,0.0,0.0,0.0,0.0,0.0,0.0,0.0,0.0,0.0,0.3377136964576154,0.0,0.0,0.37049294226424084,0.0,0.0,0.0,0.44110559020854584,0.0,0.0,0.0,0.0,0.0,0.0,0.0,0.0,0.0,0.0,0.3188444099654964,0.0,0.0,0.0,0.0,0.0,0.0,0.0,0.0,0.0,0.0,0.0,0.0,0.0,0.0,0.0,0.0,0.0,0.0,0.0,0.0,0.0,0.0,0.0,0.0,0.0,0.0,0.0,0.0,0.0,0.0,0.0,0.0,0.0,0.0,0.0,0.0,0.0,0.0,0.0,0.0,0.0,0.0,0.0
c9cdf462a12dc6e78757b7f1b3ad4fd9139cafd0b1e81d67d3d0141e2b09137e,0.0,0.0,0.0,0.0,0.0,0.0,0.0,0.0,0.0,0.0,0.21727811873573283,0.0,0.14152781970768044,0.0,0.0,0.0,0.0,0.0,0.0,0.0,0.0,0.2068342451439445,0.0,0.0,0.0,0.0,0.29749735350486983,0.0,0.0,0.0,0.0,0.0,0.0,0.0,0.23169522414962818,0.0,0.0,0.0,0.0,0.0,0.0,0.0,0.25951327261360385,0.0,0.2748438337306022,0.0,0.0,0.0,0.0,0.0,0.0,0.0,0.0,0.0,0.0,0.0,0.0,0.0,0.27362355105263525,0.0,0.0,0.0,0.0,0.0,0.27362355105263525,0.0,0.0,0.0,0.0,0.0,0.0,0.0,0.0,0.0,0.0,0.1345486036584036,0.0,0.0,0.0,0.12310149681469901,0.0,0.0,0.0,0.0,0.0,0.0,0.0,0.0,0.0,0.0,0.0,0.0,0.0,0.0,0.0,0.0,0.0,0.0,0.0,0.17323878788780667,0.0,0.0,0.0,0.0,0.3228219780613028,0.0,0.0,0.0,0.0,0.0,0.0,0.0,0.0,0.0,0.0,0.0,0.0,0.16355930981365424,0.0,0.1596278971189848,0.0,0.0,0.0,0.0,0.22367365127584216,0.0,0.0,0.0,0.0,0.0,0.0,0.0,0.0,0.20318422849654227,0.0,0.0,0.0,0.0,0.0,0.0,0.0,0.0,0.27362355105263525,0.21866422884602996,0.0,0.14646849406286858,0.0,0.0,0.0,0.0,0.0,0.0,0.0,0.0,0.0,0.0,0.0,0.0,0.0,0.0,0.0
9aa89ac25459a7910489f306a1ad36af2c0ebe66a1eed7f749d53a8162b157b4,0.0,0.0,0.0,0.0,0.0,0.0,0.0,0.0,0.0,0.0,0.18208407461071663,0.0,0.11860357698737425,0.0,0.0,0.0,0.0,0.0,0.0,0.0,0.0,0.17333186767254352,0.0,0.0,0.0,0.0,0.2493096434526654,0.3930193116510445,0.0,0.0,0.0,0.0,0.0,0.0,0.19416594145091662,0.0,0.0,0.0,0.0,0.0,0.0,0.0,0.0,0.0,0.23032547142110443,0.0,0.0,0.0,0.0,0.0,0.0,0.0,0.0,0.0,0.0,0.0,0.0,0.0,0.22930284639344875,0.0,0.0,0.0,0.0,0.0,0.22930284639344875,0.4544929422674205,0.0,0.0,0.0,0.0,0.0,0.0,0.0,0.0,0.0,0.11275483297562007,0.0,0.0,0.0,0.10316189343465759,0.0,0.0,0.0,0.0,0.0,0.0,0.0,0.0,0.0,0.0,0.0,0.0,0.0,0.0,0.0,0.0,0.0,0.0,0.0,0.0,0.0,0.0,0.0,0.0,0.0,0.0,0.0,0.0,0.0,0.0,0.0,0.0,0.0,0.0,0.0,0.0,0.0,0.13706647381096346,0.15092816525901412,0.1337718593022086,0.15948902284443098,0.0,0.0,0.0,0.18744367838022874,0.0,0.0,0.0,0.0,0.0,0.0,0.0,0.0,0.1702730695412679,0.0,0.0,0.0,0.0,0.0,0.0,0.0,0.0,0.0,0.0,0.0,0.12274397604436124,0.0,0.0,0.0,0.0,0.0,0.34087117110011,0.0,0.0,0.0,0.0,0.0,0.0,0.0,0.0,0.0
c21de9109580e03f0fc0a71c10bfe2923927eb0dfe748bea47d550f1fe7f1715,0.0,0.0,0.0,0.0,0.0,0.0,0.0,0.0,0.0,0.0,0.0,0.0,0.0,0.0,0.0,0.0,0.0,0.5257054615323886,0.0,0.0,0.0,0.0,0.0,0.0,0.0,0.0,0.0,0.0,0.0,0.0,0.0,0.0,0.0,0.0,0.0,0.0,0.0,0.0,0.0,0.0,0.0,0.0,0.0,0.0,0.0,0.0,0.0,0.0,0.0,0.0,0.0,0.0,0.0,0.0,0.0,0.0,0.0,0.0,0.0,0.0,0.3891598543498933,0.0,0.0,0.0,0.0,0.0,0.0,0.0,0.0,0.0,0.0,0.0,0.0,0.0,0.0,0.0,0.0,0.0,0.0,0.23335040923771894,0.0,0.0,0.0,0.0,0.0,0.0,0.0,0.0,0.0,0.0,0.0,0.0,0.0,0.0,0.0,0.0,0.0,0.0,0.0,0.3283903372053804,0.0,0.0,0.3602646369352605,0.0,0.0,0.0,0.42892786117705667,0.0,0.0,0.0,0.0,0.0,0.0,0.0,0.0,0.0,0.0,0.3100419805382721,0.0,0.0,0.0,0.0,0.0,0.0,0.0,0.0,0.0,0.0,0.0,0.0,0.0,0.0,0.0,0.0,0.0,0.0,0.0,0.0,0.0,0.0,0.0,0.0,0.0,0.0,0.0,0.0,0.0,0.0,0.0,0.0,0.0,0.0,0.0,0.0,0.0,0.0,0.0,0.0,0.0,0.0,0.0
c29c545819bf556787d920164c5ad6ae9da655c62fa6b9ac2614bea4823e208e,0.0,0.0,0.0,0.0,0.0,0.0,0.0,0.0,0.0,0.0,0.0,0.0,0.0,0.0,0.0,0.0,0.0,0.0,0.0,0.0,0.0,0.0,0.0,0.0,0.0,0.0,0.0,0.0,0.0,0.0,0.0,0.0,0.0,0.0,0.3468990280072203,0.0,0.0,0.0,0.0,0.0,0.0,0.0,0.0,0.0,0.0,0.0,0.0,0.0,0.0,0.0,0.0,0.0,0.0,0.0,0.0,0.0,0.0,0.0,0.0,0.0,0.30737518277632697,0.0,0.0,0.4300777420510803,0.0,0.0,0.0,0.3468990280072203,0.0,0.0,0.0,0.0,0.0,0.0,0.0,0.2014490372002078,0.0,0.0,0.0,0.18431018484729322,0.0,0.0,0.0,0.0,0.0,0.0,0.0,0.0,0.0,0.0,0.0,0.0,0.0,0.0,0.0,0.0,0.0,0.0,0.0,0.0,0.0,0.0,0.0,0.0,0.0,0.0,0.3387856641775232,0.0,0.0,0.0,0.0,0.0,0.0,0.0,0.0,0.0,0.0,0.24488448479735103,0.0,0.0,0.28494485999513214,0.0,0.0,0.0,0.0,0.0,0.0,0.0,0.0,0.0,0.0,0.0,0.0,0.0,0.0,0.0,0.0,0.0,0.0,0.0,0.0,0.0,0.0,0.0,0.0,0.21929575117732078,0.0,0.0,0.0,0.0,0.0,0.0,0.0,0.0,0.3182694861979094,0.0,0.0,0.0,0.0,0.0,0.0
c83bf900eb759e5de5c8b0697a101ce81573874a440ac07ae4ecbc56c4f69331,0.0,0.20160973087697298,0.23742652686502688,0.0,0.0,0.0,0.0,0.0,0.0,0.0,0.0,0.0,0.0,0.0,0.0,0.0,0.0,0.0,0.0,0.0,0.0,0.0,0.0,0.0,0.0,0.0,0.0,0.0,0.0,0.0,0.0,0.0,0.0,0.0,0.15414170312819614,0.0,0.0,0.0,0.0,0.0,0.0,0.0,0.0,0.0,0.0,0.28614367900830423,0.0,0.0,0.0,0.0,0.22322416392932504,0.0,0.0,0.0,0.0,0.0,0.0,0.0,0.0,0.0,0.1365796106280744,0.0,0.4129731725384974,0.1911014741612442,0.18203569076590226,0.0,0.0,0.15414170312819614,0.0,0.0,0.0,0.0,0.0,0.0,0.0,0.08951220724357022,0.0,0.0,0.0,0.08189670048785237,0.0,0.0,0.0,0.0,0.0,0.2770660309891587,0.0,0.0,0.0,0.0,0.0,0.0,0.0,0.0,0.0,0.0,0.0,0.0,0.0,0.0,0.0,0.0,0.0,0.0,0.0,0.0,0.0,0.0,0.0,0.0,0.0,0.0,0.0,0.0,0.0,0.0,0.0,0.10881238778088732,0.1198167107433684,0.10619690595263519,0.12661288291750672,0.0,0.20668002071655805,0.2823619026172074,0.0,0.0,0.0,0.0,0.0,0.0,0.0,0.0,0.0,0.0,0.0,0.0,0.0,0.0,0.0,0.0,0.0,0.0,0.0,0.0,0.2823619026172074,0.09744224643531083,0.20160973087697298,0.21816003710725299,0.0,0.0,0.0,0.0,0.0,0.0,0.1414204039085995,0.0,0.0,0.0,0.0,0.0,0.0
c93a4492b65c992c3216d17f760df29b139edd3d7e8346861d7cdbd1072f72e9,0.0,0.0,0.0,0.0,0.0,0.0,0.0,0.0,0.0,0.0,0.0,0.0,0.0,0.0,0.0,0.0,0.0,0.0,0.0,0.0,0.0,0.0,0.0,0.0,0.0,0.0,0.38309426461216406,0.0,0.0,0.0,0.0,0.0,0.0,0.0,0.0,0.0,0.0,0.0,0.0,0.0,0.0,0.0,0.3341812797920477,0.0,0.3539228000711926,0.0,0.0,0.0,0.0,0.0,0.0,0.0,0.0,0.0,0.0,0.0,0.0,0.0,0.3523514136718609,0.0,0.0,0.0,0.0,0.0,0.0,0.0,0.0,0.0,0.0,0.0,0.0,0.0,0.0,0.0,0.0,0.0,0.0,0.29482275687584225,0.0,0.15852066191275146,0.0,0.0,0.0,0.0,0.0,0.0,0.0,0.0,0.0,0.0,0.0,0.0,0.0,0.0,0.0,0.0,0.0,0.0,0.0,0.22308361827862644,0.0,0.0,0.24473661262173343,0.0,0.0,0.0,0.0,0.0,0.0,0.0,0.0,0.0,0.0,0.0,0.0,0.0,0.0,0.0,0.0,0.20555655752205756,0.0,0.0,0.0,0.0,0.0,0.0,0.0,0.0,0.0,0.0,0.0,0.0,0.0,0.2616450589547803,0.0,0.0,0.0,0.0,0.0,0.0,0.0,0.0,0.3523514136718609,0.0,0.0,0.18861088799886502,0.0,0.0,0.0,0.0,0.0,0.0,0.0,0.0,0.0,0.0,0.0,0.0,0.0,0.0,0.0
c6960bb3329175489959ec95de0a83a3bd5f206f8cd7f46633e34a0227973d0e,0.0,0.0,0.0,0.0,0.0,0.0,0.0,0.0,0.0,0.0,0.0,0.0,0.0,0.0,0.0,0.0,0.0,0.5257054615323886,0.0,0.0,0.0,0.0,0.0,0.0,0.0,0.0,0.0,0.0,0.0,0.0,0.0,0.0,0.0,0.0,0.0,0.0,0.0,0.0,0.0,0.0,0.0,0.0,0.0,0.0,0.0,0.0,0.0,0.0,0.0,0.0,0.0,0.0,0.0,0.0,0.0,0.0,0.0,0.0,0.0,0.0,0.3891598543498933,0.0,0.0,0.0,0.0,0.0,0.0,0.0,0.0,0.0,0.0,0.0,0.0,0.0,0.0,0.0,0.0,0.0,0.0,0.23335040923771894,0.0,0.0,0.0,0.0,0.0,0.0,0.0,0.0,0.0,0.0,0.0,0.0,0.0,0.0,0.0,0.0,0.0,0.0,0.0,0.3283903372053804,0.0,0.0,0.3602646369352605,0.0,0.0,0.0,0.42892786117705667,0.0,0.0,0.0,0.0,0.0,0.0,0.0,0.0,0.0,0.0,0.3100419805382721,0.0,0.0,0.0,0.0,0.0,0.0,0.0,0.0,0.0,0.0,0.0,0.0,0.0,0.0,0.0,0.0,0.0,0.0,0.0,0.0,0.0,0.0,0.0,0.0,0.0,0.0,0.0,0.0,0.0,0.0,0.0,0.0,0.0,0.0,0.0,0.0,0.0,0.0,0.0,0.0,0.0,0.0,0.0
1ad82a4e7f70ad09c9ff67446d0bdd9a900e998c88888ed1509fa6a604ce2f4e,0.0,0.0,0.0,0.0,0.0,0.0,0.0,0.0,0.0,0.0,0.24446477588280172,0.0,0.15923631393412693,0.0,0.0,0.0,0.0,0.0,0.0,0.0,0.0,0.23271412546378661,0.0,0.0,0.0,0.0,0.3347213436561023,0.0,0.0,0.0,0.0,0.0,0.0,0.0,0.26068580386479256,0.0,0.0,0.0,0.0,0.0,0.0,0.0,0.0,0.0,0.30923333010555887,0.0,0.0,0.0,0.0,0.0,0.0,0.0,0.0,0.0,0.0,0.0,0.0,0.0,0.3078603610596252,0.0,0.0,0.0,0.0,0.0,0.0,0.0,0.0,0.0,0.0,0.0,0.0,0.0,0.0,0.0,0.0,0.15138383206779016,0.0,0.257595788915773,0.0,0.1385044200711485,0.0,0.0,0.0,0.0,0.0,0.0,0.0,0.0,0.0,0.0,0.0,0.0,0.0,0.0,0.0,0.0,0.0,0.0,0.0,0.1949150779729943,0.0,0.0,0.21383397086751513,0.0,0.0,0.0,0.0,0.0,0.0,0.0,0.0,0.0,0.0,0.0,0.0,0.0,0.19896603886119563,0.0,0.0,0.17960114125112725,0.0,0.0,0.0,0.0,0.25166054155937495,0.0,0.2890628299702505,0.0,0.0,0.0,0.0,0.0,0.0,0.228607404976387,0.0,0.0,0.0,0.0,0.0,0.0,0.0,0.0,0.0,0.0,0.0,0.16479518408625674,0.0,0.0,0.0,0.0,0.0,0.0,0.0,0.0,0.0,0.0,0.0,0.0,0.0,0.0,0.0
ca0ede290cb09f07579a8103a24d7de2b9c6de9fcf4474eb57258b20be63557e,0.0,0.0,0.0,0.0,0.0,0.0,0.0,0.0,0.0,0.0,0.0,0.0,0.30269417310836827,0.0,0.0,0.0,0.0,0.5931431240629859,0.0,0.0,0.0,0.0,0.0,0.0,0.0,0.0,0.0,0.0,0.0,0.0,0.0,0.0,0.0,0.0,0.0,0.0,0.0,0.0,0.0,0.0,0.0,0.0,0.5550368516004097,0.0,0.0,0.0,0.0,0.0,0.0,0.0,0.0,0.0,0.0,0.0,0.0,0.0,0.0,0.0,0.0,0.0,0.0,0.0,0.0,0.0,0.0,0.0,0.0,0.0,0.0,0.0,0.0,0.0,0.0,0.0,0.0,0.2877672984109136,0.0,0.0,0.0,0.0,0.0,0.0,0.0,0.0,0.0,0.0,0.0,0.0,0.0,0.0,0.0,0.0,0.0,0.0,0.0,0.0,0.0,0.0,0.0,0.0,0.0,0.0,0.0,0.0,0.0,0.0,0.0,0.0,0.0,0.0,0.0,0.0,0.0,0.0,0.0,0.0,0.0,0.0,0.0,0.0,0.40703998240201367,0.0,0.0,0.0,0.0,0.0,0.0,0.0,0.0,0.0,0.0,0.0,0.0,0.0,0.0,0.0,0.0,0.0,0.0,0.0,0.0,0.0,0.0,0.0,0.0,0.0,0.0,0.0,0.0,0.0,0.0,0.0,0.0,0.0,0.0,0.0,0.0,0.0,0.0,0.0,0.0
54868bd41bfff9eeba5eee485e56016d76c4845be7ebb2f819fb25f31cc4d036,0.0,0.0,0.0,0.0,0.0,0.0,0.0,0.0,0.0,0.0,0.24264715045255955,0.0,0.15805237251524765,0.0,0.0,0.0,0.0,0.0,0.0,0.0,0.44675823062512376,0.2309838675528378,0.0,0.0,0.0,0.0,0.0,0.0,0.0,0.0,0.0,0.0,0.0,0.0,0.0,0.0,0.0,0.0,0.0,0.0,0.0,0.0,0.2898136106420245,0.0,0.0,0.0,0.0,0.3296793506070259,0.0,0.0,0.0,0.0,0.0,0.0,0.0,0.0,0.0,0.0,0.0,0.0,0.0,0.0,0.0,0.0,0.0,0.0,0.0,0.0,0.0,0.0,0.0,0.0,0.0,0.0,0.0,0.15025827480948872,0.0,0.0,0.0,0.0,0.0,0.0,0.0,0.0,0.0,0.0,0.0,0.0,0.0,0.0,0.0,0.0,0.0,0.0,0.0,0.0,0.0,0.0,0.0,0.19346586059113643,0.0,0.0,0.21224408920912527,0.0,0.0,0.0,0.0,0.0,0.0,0.0,0.0,0.0,0.0,0.0,0.0,0.0,0.19748670209096894,0.18265622275817198,0.20112845838620833,0.17826578485689945,0.2125367471284975,0.0,0.0,0.0,0.0,0.0,0.2869136125674801,0.0,0.0,0.0,0.0,0.0,0.0,0.0,0.0,0.0,0.0,0.0,0.0,0.0,0.0,0.0,0.30557138172014864,0.0,0.0,0.0,0.0,0.0,0.0,0.0,0.0,0.0,0.0,0.0,0.0,0.0,0.0,0.0,0.0,0.0,0.0
cb4af8d6d57163b0322bd033b36379f805bdb59ec550049ea568cc0a7dfe52cd,0.0,0.2988167835227492,0.351902811298719,0.0,0.0,0.0,0.0,0.0,0.0,0.0,0.0,0.0,0.0,0.0,0.0,0.0,0.0,0.0,0.0,0.0,0.0,0.0,0.0,0.0,0.0,0.0,0.0,0.0,0.0,0.0,0.0,0.0,0.0,0.0,0.0,0.0,0.0,0.0,0.0,0.0,0.0,0.0,0.0,0.0,0.0,0.0,0.0,0.0,0.0,0.0,0.0,0.0,0.0,0.0,0.0,0.0,0.0,0.0,0.0,0.0,0.20243209375432034,0.0,0.0,0.0,0.0,0.0,0.0,0.0,0.0,0.0,0.0,0.0,0.0,0.0,0.0,0.0,0.0,0.0,0.0,0.12138356871196594,0.0,0.0,0.0,0.0,0.0,0.410654683399763,0.0,0.0,0.0,0.0,0.0,0.0,0.0,0.0,0.0,0.0,0.0,0.0,0.0,0.0,0.0,0.0,0.18740145969649355,0.0,0.0,0.0,0.22311850525456914,0.0,0.0,0.0,0.0,0.0,0.0,0.0,0.28053654013948764,0.0,0.0,0.16127677757754783,0.0,0.15740022923892907,0.18765986275255253,0.0,0.30633173676832165,0.4185039837235086,0.0,0.0,0.0,0.0,0.0,0.0,0.0,0.0,0.0,0.0,0.0,0.0,0.0,0.0,0.0,0.0,0.0,0.0,0.0,0.0,0.0,0.0,0.0,0.0,0.0,0.0,0.0,0.0,0.0,0.0,0.20960689762659845,0.0,0.0,0.0,0.0,0.0,0.0
1af129726e9594c9d809e9e06f0a693a81f079217d1fe13e616fd7b7702a7f5d,0.0,0.0,0.0,0.0,0.0,0.0,0.0,0.0,0.0,0.0,0.0,0.0,0.0,0.0,0.0,0.0,0.0,0.0,0.0,0.0,0.0,0.0,0.0,0.0,0.0,0.0,0.0,0.0,0.0,0.0,0.0,0.0,0.0,0.0,0.3245006072428114,0.0,0.0,0.0,0.0,0.0,0.0,0.0,0.0,0.0,0.0,0.0,0.0,0.0,0.0,0.0,0.0,0.0,0.0,0.0,0.0,0.0,0.0,0.0,0.0,0.0,0.2875287199138886,0.0,0.0,0.4023086754059397,0.0,0.0,0.0,0.3245006072428114,0.0,0.0,0.0,0.0,0.0,0.0,0.0,0.18844196616943687,0.0,0.0,0.0,0.17240972754393716,0.0,0.0,0.0,0.0,0.0,0.0,0.0,0.0,0.0,0.0,0.0,0.0,0.0,0.0,0.0,0.0,0.0,0.0,0.0,0.0,0.0,0.0,0.0,0.0,0.0,0.0,0.3169111034478807,0.0,0.0,0.0,0.0,0.0,0.0,0.0,0.0,0.0,0.24767209979965732,0.2290728932784137,0.25223930062407074,0.0,0.26654666814809785,0.0,0.0,0.0,0.0,0.0,0.0,0.0,0.0,0.0,0.0,0.0,0.0,0.0,0.0,0.0,0.0,0.0,0.0,0.0,0.0,0.0,0.0,0.0,0.0,0.2051363615274469,0.0,0.0,0.0,0.0,0.0,0.0,0.0,0.0,0.2977196048411227,0.0,0.0,0.0,0.0,0.0,0.0
9aecf5734ff36e456fd5a50650b083c1d521d36212c0a440ec6202fc00d14380,0.0,0.0,0.0,0.0,0.0,0.0,0.0,0.0,0.0,0.0,0.21710044250121144,0.0,0.14141208725274204,0.0,0.0,0.0,0.0,0.0,0.0,0.0,0.0,0.2066651092453962,0.0,0.0,0.0,0.0,0.0,0.0,0.0,0.0,0.0,0.0,0.0,0.0,0.0,0.0,0.0,0.0,0.0,0.0,0.0,0.0,0.0,0.24511611925184196,0.0,0.0,0.0,0.0,0.0,0.0,0.0,0.0,0.0,0.0,0.0,0.0,0.0,0.0,0.0,0.0,0.0,0.0,0.0,0.0,0.0,0.0,0.0,0.0,0.0,0.0,0.0,0.4490531861008055,0.0,0.0,0.0,0.13443857836272616,0.28701571886558935,0.22876162652926918,0.0,0.12300083223537897,0.0,0.0,0.0,0.0,0.0,0.0,0.0,0.0,0.0,0.0,0.0,0.0,0.0,0.0,0.0,0.0,0.0,0.0,0.0,0.17309712421875403,0.0,0.0,0.0,0.0,0.0,0.0,0.0,0.0,0.0,0.0,0.0,0.0,0.0,0.0,0.0,0.0,0.1766946380045652,0.16342556140650813,0.17995297795087592,0.0,0.1901601636916242,0.0,0.0,0.0,0.22349074518133258,0.0,0.0,0.0,0.0,0.0,0.0,0.0,0.0,0.2030180773496,0.0,0.0,0.0,0.0,0.0,0.0,0.0,0.0,0.0,0.21848541913876654,0.0,0.0,0.0,0.0,0.0,0.0,0.0,0.40642369323047073,0.0,0.0,0.0,0.0,0.0,0.0,0.0,0.0,0.0
cc43fc18d6d1dc662ad747652cd961152ee13dbf2cea9bf75564f3e2e8ffd2e8,0.0,0.0,0.0,0.0,0.0,0.0,0.0,0.0,0.0,0.0,0.0,0.0,0.0,0.0,0.0,0.0,0.0,0.5406308120175433,0.0,0.0,0.0,0.0,0.0,0.0,0.0,0.0,0.0,0.0,0.0,0.0,0.0,0.0,0.0,0.0,0.0,0.0,0.0,0.0,0.0,0.0,0.0,0.0,0.0,0.0,0.0,0.0,0.0,0.0,0.0,0.0,0.0,0.0,0.0,0.0,0.0,0.0,0.0,0.0,0.0,0.0,0.40020852636481413,0.0,0.0,0.0,0.0,0.0,0.0,0.0,0.0,0.0,0.0,0.0,0.0,0.0,0.0,0.0,0.0,0.0,0.0,0.0,0.0,0.0,0.0,0.0,0.0,0.0,0.0,0.0,0.0,0.0,0.0,0.0,0.0,0.0,0.0,0.0,0.0,0.0,0.0,0.3377136964576154,0.0,0.0,0.37049294226424084,0.0,0.0,0.0,0.44110559020854584,0.0,0.0,0.0,0.0,0.0,0.0,0.0,0.0,0.0,0.0,0.3188444099654964,0.0,0.0,0.0,0.0,0.0,0.0,0.0,0.0,0.0,0.0,0.0,0.0,0.0,0.0,0.0,0.0,0.0,0.0,0.0,0.0,0.0,0.0,0.0,0.0,0.0,0.0,0.0,0.0,0.0,0.0,0.0,0.0,0.0,0.0,0.0,0.0,0.0,0.0,0.0,0.0,0.0,0.0,0.0
cdf45f57fd8885bea02e2fcaf7b3a13c3f8185827cee1ef348a22cb36c1886c0,0.0,0.0,0.0,0.0,0.0,0.0,0.0,0.0,0.0,0.0,0.21012021393787533,0.0,0.13686539596427513,0.0,0.0,0.0,0.0,0.0,0.0,0.0,0.0,0.2000203982444426,0.0,0.0,0.0,0.0,0.0,0.0,0.0,0.0,0.0,0.0,0.0,0.0,0.0,0.0,0.0,0.0,0.0,0.0,0.0,0.3956193876411583,0.0,0.23723512869639313,0.0,0.0,0.0,0.0,0.0,0.0,0.0,0.0,0.0,0.0,0.0,0.38277693931898943,0.0,0.0,0.0,0.0,0.0,0.0,0.0,0.0,0.0,0.0,0.0,0.0,0.0,0.0,0.0,0.0,0.0,0.0,0.0,0.1301160998182775,0.0,0.0,0.0,0.11904610090184557,0.0,0.0,0.0,0.0,0.0,0.0,0.0,0.0,0.0,0.0,0.0,0.0,0.0,0.0,0.0,0.0,0.0,0.0,0.0,0.16753169341270516,0.0,0.0,0.0,0.0,0.0,0.0,0.21882194082324744,0.0,0.0,0.0,0.0,0.0,0.0,0.39793698168973596,0.0,0.0,0.0,0.0,0.17416711725764822,0.15436919321769785,0.0,0.0,0.0,0.0,0.0,0.0,0.0,0.0,0.0,0.0,0.0,0.0,0.0,0.0,0.0,0.0,0.0,0.0,0.0,0.0,0.0,0.0,0.2646094297030823,0.0,0.0,0.14164330714350507,0.2930625070583164,0.0,0.0,0.0,0.0,0.0,0.0,0.0,0.2055705244899346,0.0,0.0,0.0,0.0,0.0,0.0
ce8a3474f1be9d750b5a5d5447e8f66b651d215799c1b5acb261296426542659,0.0,0.21938763537226344,0.2583627490448515,0.0,0.0,0.0,0.0,0.0,0.0,0.0,0.0,0.0,0.0,0.0,0.0,0.0,0.0,0.0,0.0,0.0,0.0,0.0,0.0,0.0,0.0,0.0,0.0,0.0,0.0,0.0,0.0,0.0,0.0,0.0,0.16773388672486336,0.0,0.0,0.0,0.0,0.0,0.0,0.0,0.1878725382965071,0.0,0.0,0.31137576961828034,0.0,0.0,0.0,0.0,0.24290802467411343,0.0,0.0,0.0,0.0,0.0,0.0,0.0,0.0,0.0,0.1486231725295163,0.0,0.0,0.20795276274622318,0.1980875604405126,0.0,0.0,0.16773388672486336,0.0,0.0,0.0,0.0,0.0,0.0,0.0,0.09740537522021868,0.0,0.0,0.0,0.08911833464915633,0.0,0.0,0.0,0.0,0.32282800145374185,0.30149765646868576,0.0,0.0,0.0,0.0,0.0,0.0,0.0,0.0,0.0,0.0,0.0,0.0,0.0,0.0,0.0,0.0,0.0,0.0,0.0,0.0,0.0,0.0,0.0,0.0,0.0,0.0,0.0,0.0,0.20596650379255782,0.0,0.0,0.11840744169747418,0.1303821235896128,0.0,0.1377775808246449,0.0,0.22490502232437126,0.0,0.0,0.0,0.0,0.0,0.0,0.0,0.0,0.0,0.0,0.0,0.0,0.0,0.0,0.0,0.0,0.0,0.0,0.0,0.0,0.0,0.30726051696484724,0.10603468363265331,0.21938763537226344,0.0,0.0,0.0,0.0,0.0,0.0,0.0,0.15389082596331016,0.0,0.0,0.0,0.0,0.0,0.0
ce093ffa19f020a2b73719f653b5e0423df28ef1d59035d55e99154a85c5c668,0.0,0.22546592252908176,0.2655208688570957,0.0,0.0,0.0,0.0,0.0,0.0,0.0,0.0,0.0,0.0,0.0,0.0,0.0,0.0,0.0,0.0,0.0,0.0,0.0,0.0,0.0,0.0,0.0,0.0,0.0,0.0,0.0,0.0,0.0,0.0,0.0,0.0,0.0,0.0,0.0,0.0,0.0,0.0,0.0,0.0,0.0,0.0,0.3200026520686233,0.0,0.0,0.0,0.0,0.2496379605894145,0.0,0.0,0.0,0.0,0.0,0.0,0.0,0.0,0.0,0.15274088098313482,0.0,0.0,0.2137142387969608,0.20357571419406395,0.0,0.0,0.1723810708185019,0.0,0.0,0.0,0.0,0.0,0.0,0.0,0.10010405894595147,0.0,0.0,0.0,0.09158742014714191,0.0,0.0,0.0,0.0,0.3317721759591465,0.0,0.0,0.0,0.0,0.0,0.0,0.0,0.0,0.0,0.0,0.0,0.0,0.0,0.0,0.0,0.0,0.0,0.0,0.0,0.0,0.0,0.0,0.0,0.0,0.0,0.0,0.0,0.0,0.0,0.21167294915632126,0.0,0.0,0.12168800229479426,0.13399445108449967,0.0,0.1415948046103105,0.3268375440014936,0.23113617252742868,0.0,0.0,0.0,0.0,0.0,0.0,0.0,0.0,0.0,0.0,0.0,0.0,0.0,0.0,0.0,0.0,0.0,0.0,0.0,0.0,0.0,0.31577338347574135,0.108972448354936,0.22546592252908176,0.0,0.0,0.0,0.0,0.0,0.0,0.0,0.15815447842219987,0.0,0.0,0.0,0.0,0.0,0.0
ce9676c8db6fac696d6db020b83b562906f876e12c440ee2f443921ed0cc7b42,0.0,0.2278872781704817,0.0,0.0,0.0,0.0,0.0,0.0,0.0,0.0,0.0,0.28612137600858073,0.10642740647754517,0.0,0.0,0.0,0.0,0.0,0.0,0.0,0.0,0.0,0.3494879721722206,0.0,0.37981136252304165,0.0,0.0,0.0,0.0,0.0,0.0,0.0,0.0,0.0,0.0,0.0,0.0,0.0,0.0,0.0,0.0,0.0,0.0,0.0,0.2066796229229712,0.0,0.0,0.22199551766248982,0.0,0.0,0.0,0.0,0.0,0.0,0.0,0.0,0.3279731843262554,0.0,0.0,0.0,0.0,0.0,0.0,0.0,0.0,0.0,0.0,0.0,0.0,0.0,0.0,0.0,0.0,0.0,0.0,0.10117911066612682,0.0,0.0,0.0,0.09257100877094357,0.0,0.0,0.0,0.0,0.0,0.0,0.0,0.0,0.0,0.0,0.0,0.0,0.0,0.0,0.0,0.0,0.0,0.0,0.0,0.13027371533239462,0.0,0.0,0.1429183731647987,0.0,0.0,0.0,0.17015733946570352,0.0,0.0,0.0,0.0,0.0,0.0,0.0,0.0,0.0,0.1329812212424573,0.12299485136334556,0.0,0.12003847107181861,0.14311543963617288,0.0,0.0,0.0,0.0,0.0,0.1931984391168459,0.0,0.0,0.0,0.0,0.0,0.0,0.0,0.0,0.0,0.0,0.0,0.0,0.0,0.0,0.0,0.20576198340267235,0.0,0.0,0.11014274074157085,0.0,0.0,0.0,0.0,0.0,0.0,0.0,0.0,0.0,0.37981136252304165,0.0,0.0,0.0,0.0,0.0
ce40058314b131a63ee248a85505ac02b9473c1032d7bfe63b081dc57171dd3f,0.0,0.0,0.0,0.0,0.0,0.0,0.0,0.0,0.0,0.0,0.0,0.0,0.0,0.0,0.0,0.0,0.0,0.5257054615323886,0.0,0.0,0.0,0.0,0.0,0.0,0.0,0.0,0.0,0.0,0.0,0.0,0.0,0.0,0.0,0.0,0.0,0.0,0.0,0.0,0.0,0.0,0.0,0.0,0.0,0.0,0.0,0.0,0.0,0.0,0.0,0.0,0.0,0.0,0.0,0.0,0.0,0.0,0.0,0.0,0.0,0.0,0.3891598543498933,0.0,0.0,0.0,0.0,0.0,0.0,0.0,0.0,0.0,0.0,0.0,0.0,0.0,0.0,0.0,0.0,0.0,0.0,0.23335040923771894,0.0,0.0,0.0,0.0,0.0,0.0,0.0,0.0,0.0,0.0,0.0,0.0,0.0,0.0,0.0,0.0,0.0,0.0,0.0,0.3283903372053804,0.0,0.0,0.3602646369352605,0.0,0.0,0.0,0.42892786117705667,0.0,0.0,0.0,0.0,0.0,0.0,0.0,0.0,0.0,0.0,0.3100419805382721,0.0,0.0,0.0,0.0,0.0,0.0,0.0,0.0,0.0,0.0,0.0,0.0,0.0,0.0,0.0,0.0,0.0,0.0,0.0,0.0,0.0,0.0,0.0,0.0,0.0,0.0,0.0,0.0,0.0,0.0,0.0,0.0,0.0,0.0,0.0,0.0,0.0,0.0,0.0,0.0,0.0,0.0,0.0
1b6a5b2f2a6c23f7fb1955fb3147c9860414f759aa9c3972f99b58a4bfeec55e,0.0,0.0,0.0,0.0,0.0,0.0,0.0,0.0,0.0,0.0,0.0,0.0,0.0,0.0,0.0,0.0,0.0,0.0,0.0,0.0,0.0,0.0,0.0,0.0,0.0,0.0,0.0,0.0,0.0,0.0,0.0,0.0,0.0,0.0,0.3468990280072203,0.0,0.0,0.0,0.0,0.0,0.0,0.0,0.0,0.0,0.0,0.0,0.0,0.0,0.0,0.0,0.0,0.0,0.0,0.0,0.0,0.0,0.0,0.0,0.0,0.0,0.30737518277632697,0.0,0.0,0.4300777420510803,0.0,0.0,0.0,0.3468990280072203,0.0,0.0,0.0,0.0,0.0,0.0,0.0,0.2014490372002078,0.0,0.0,0.0,0.18431018484729322,0.0,0.0,0.0,0.0,0.0,0.0,0.0,0.0,0.0,0.0,0.0,0.0,0.0,0.0,0.0,0.0,0.0,0.0,0.0,0.0,0.0,0.0,0.0,0.0,0.0,0.0,0.3387856641775232,0.0,0.0,0.0,0.0,0.0,0.0,0.0,0.0,0.0,0.0,0.24488448479735103,0.0,0.0,0.28494485999513214,0.0,0.0,0.0,0.0,0.0,0.0,0.0,0.0,0.0,0.0,0.0,0.0,0.0,0.0,0.0,0.0,0.0,0.0,0.0,0.0,0.0,0.0,0.0,0.0,0.21929575117732078,0.0,0.0,0.0,0.0,0.0,0.0,0.0,0.0,0.3182694861979094,0.0,0.0,0.0,0.0,0.0,0.0
cf5ec678a2f836f859eb983eb633d529c25771b3b7505e74aa695b7ca00f9fa8,0.0,0.1740089167704686,0.0,0.0,0.0,0.0,0.0,0.0,0.0,0.0,0.0,0.21847498949407385,0.08126525475456224,0.0,0.0,0.0,0.0,0.0,0.0,0.2645289587652973,0.2297081710807324,0.118764195324335,0.0,0.0,0.0,0.0,0.0,0.0,0.0,0.0,0.0,0.0,0.0,0.0,0.13303936607534086,0.28655229361275225,0.0,0.0,0.0,0.0,0.0,0.0,0.0,0.0,0.0,0.0,0.0,0.0,0.0,0.0,0.19266428655687393,0.0,0.0,0.0,0.0,0.0,0.0,0.0,0.0,0.27727161690330504,0.11788156253641457,0.0,0.0,0.0,0.0,0.0,0.0,0.0,0.0,0.0,0.0,0.0,0.0,0.0,0.0,0.07725778985188042,0.0,0.0,0.0,0.07068486266500125,0.0,0.0,0.0,0.0,0.0,0.0,0.0,0.0,0.0,0.0,0.0,0.0,0.0,0.0,0.0,0.0,0.0,0.0,0.0,0.09947368835436232,0.0,0.0,0.10912882676320244,0.3018715634360671,0.0,0.0,0.0,0.0,0.2668601071118196,0.0,0.0,0.0,0.0,0.0,0.16336384753465805,0.1859382622152039,0.1015410708530343,0.0939157333656407,0.0,0.0,0.1092793016975248,0.2522449794349057,0.1783850728164131,0.24370593918232653,0.0,0.0,0.0,0.0,0.22610032698146743,0.0,0.0,0.0,0.0,0.0,0.0,0.0,0.0,0.0,0.0,0.0,0.0,0.0,0.0,0.0,0.0,0.08410218929480309,0.0,0.18829344979783494,0.0,0.0,0.0,0.0,0.0,0.0,0.12205964060531471,0.0,0.0,0.0,0.0,0.0,0.0
d0db9cddc41614fb5ce91b4d5ad6d059429cdb67d41954a0acf4f01b84ecf6ce,0.0,0.0,0.0,0.0,0.0,0.0,0.0,0.0,0.0,0.0,0.0,0.0,0.0,0.0,0.0,0.0,0.0,0.0,0.0,0.0,0.0,0.0,0.0,0.0,0.0,0.0,0.0,0.0,0.0,0.0,0.0,0.0,0.0,0.0,0.3468990280072203,0.0,0.0,0.0,0.0,0.0,0.0,0.0,0.0,0.0,0.0,0.0,0.0,0.0,0.0,0.0,0.0,0.0,0.0,0.0,0.0,0.0,0.0,0.0,0.0,0.0,0.30737518277632697,0.0,0.0,0.4300777420510803,0.0,0.0,0.0,0.3468990280072203,0.0,0.0,0.0,0.0,0.0,0.0,0.0,0.2014490372002078,0.0,0.0,0.0,0.18431018484729322,0.0,0.0,0.0,0.0,0.0,0.0,0.0,0.0,0.0,0.0,0.0,0.0,0.0,0.0,0.0,0.0,0.0,0.0,0.0,0.0,0.0,0.0,0.0,0.0,0.0,0.0,0.3387856641775232,0.0,0.0,0.0,0.0,0.0,0.0,0.0,0.0,0.0,0.0,0.24488448479735103,0.0,0.0,0.28494485999513214,0.0,0.0,0.0,0.0,0.0,0.0,0.0,0.0,0.0,0.0,0.0,0.0,0.0,0.0,0.0,0.0,0.0,0.0,0.0,0.0,0.0,0.0,0.0,0.0,0.21929575117732078,0.0,0.0,0.0,0.0,0.0,0.0,0.0,0.0,0.3182694861979094,0.0,0.0,0.0,0.0,0.0,0.0
d2c2702cb2dd37133f15a9e2ea360073c5ac9eb6b2664977a2e21266985ea224,0.0,0.0,0.0,0.0,0.0,0.0,0.0,0.0,0.0,0.0,0.0,0.0,0.0,0.0,0.0,0.0,0.0,0.0,0.0,0.0,0.0,0.0,0.0,0.0,0.0,0.0,0.0,0.0,0.0,0.0,0.0,0.0,0.0,0.0,0.3349358986844229,0.0,0.0,0.0,0.0,0.0,0.0,0.0,0.0,0.0,0.0,0.0,0.0,0.0,0.0,0.0,0.0,0.0,0.0,0.0,0.0,0.0,0.0,0.0,0.0,0.0,0.29677506929865205,0.0,0.0,0.41524611892267344,0.0,0.0,0.0,0.3349358986844229,0.0,0.0,0.0,0.0,0.0,0.0,0.0,0.1945018834482263,0.0,0.0,0.0,0.17795408004785587,0.0,0.0,0.0,0.0,0.0,0.0,0.0,0.0,0.0,0.0,0.0,0.0,0.0,0.0,0.0,0.0,0.0,0.0,0.0,0.0,0.0,0.0,0.0,0.0,0.0,0.0,0.3271023316050804,0.0,0.0,0.0,0.0,0.0,0.0,0.0,0.0,0.0,0.0,0.23643942002560328,0.2603508127639259,0.0,0.27511827665308486,0.0,0.0,0.0,0.0,0.0,0.0,0.0,0.0,0.0,0.0,0.0,0.0,0.0,0.0,0.0,0.0,0.0,0.0,0.0,0.0,0.0,0.0,0.0,0.0,0.21173313721917597,0.0,0.0,0.0,0.0,0.0,0.0,0.0,0.0,0.30729367273207686,0.0,0.0,0.0,0.0,0.0,0.0
b9689ae1336839dcea078f89cd37596f2c52fe818915db19064d7dfbf08abe54,0.0,0.0,0.0,0.0,0.0,0.0,0.0,0.0,0.0,0.0,0.2596698462612167,0.0,0.16914039664471148,0.0,0.0,0.0,0.0,0.0,0.0,0.0,0.0,0.24718833608554308,0.0,0.0,0.0,0.0,0.35554013674835777,0.0,0.0,0.0,0.0,0.0,0.0,0.0,0.0,0.0,0.0,0.0,0.0,0.0,0.0,0.0,0.0,0.0,0.32846683534420634,0.0,0.0,0.0,0.0,0.0,0.0,0.0,0.0,0.0,0.0,0.0,0.0,0.0,0.32700847121059423,0.0,0.0,0.0,0.0,0.0,0.0,0.0,0.0,0.0,0.0,0.0,0.0,0.0,0.0,0.0,0.0,0.1607995109214521,0.0,0.27361757399913966,0.0,0.14711903314699293,0.0,0.0,0.0,0.0,0.0,0.0,0.0,0.0,0.0,0.0,0.0,0.0,0.0,0.0,0.0,0.0,0.0,0.0,0.0,0.2070382865935051,0.0,0.0,0.0,0.0,0.0,0.0,0.0,0.0,0.0,0.0,0.0,0.0,0.0,0.0,0.0,0.0,0.21134120666553108,0.0,0.0,0.1907718630162793,0.0,0.0,0.0,0.0,0.2673131697634267,0.0,0.30704178279733824,0.0,0.0,0.0,0.0,0.0,0.0,0.2428261883129246,0.0,0.0,0.0,0.0,0.0,0.0,0.0,0.0,0.0,0.0,0.0,0.1750450139973628,0.0,0.0,0.0,0.0,0.0,0.0,0.0,0.0,0.0,0.0,0.0,0.0,0.0,0.0,0.0
d3e5092f8a81208947a4e9bd1b397d7a681802316d148f950c4184efa1946e31,0.0,0.0,0.0,0.0,0.0,0.0,0.0,0.0,0.0,0.0,0.0,0.0,0.0,0.0,0.0,0.0,0.0,0.0,0.0,0.0,0.0,0.0,0.0,0.0,0.0,0.0,0.0,0.0,0.0,0.0,0.0,0.0,0.0,0.0,0.3468990280072203,0.0,0.0,0.0,0.0,0.0,0.0,0.0,0.0,0.0,0.0,0.0,0.0,0.0,0.0,0.0,0.0,0.0,0.0,0.0,0.0,0.0,0.0,0.0,0.0,0.0,0.30737518277632697,0.0,0.0,0.4300777420510803,0.0,0.0,0.0,0.3468990280072203,0.0,0.0,0.0,0.0,0.0,0.0,0.0,0.2014490372002078,0.0,0.0,0.0,0.18431018484729322,0.0,0.0,0.0,0.0,0.0,0.0,0.0,0.0,0.0,0.0,0.0,0.0,0.0,0.0,0.0,0.0,0.0,0.0,0.0,0.0,0.0,0.0,0.0,0.0,0.0,0.0,0.3387856641775232,0.0,0.0,0.0,0.0,0.0,0.0,0.0,0.0,0.0,0.0,0.24488448479735103,0.0,0.0,0.28494485999513214,0.0,0.0,0.0,0.0,0.0,0.0,0.0,0.0,0.0,0.0,0.0,0.0,0.0,0.0,0.0,0.0,0.0,0.0,0.0,0.0,0.0,0.0,0.0,0.0,0.21929575117732078,0.0,0.0,0.0,0.0,0.0,0.0,0.0,0.0,0.3182694861979094,0.0,0.0,0.0,0.0,0.0,0.0
d3fd49f8f42fa571209af568a65119433e114bb66da21eda12b96a16b5ebfe21,0.0,0.0,0.0,0.0,0.0,0.574576999580655,0.0,0.0,0.0,0.0,0.31704880744676706,0.0,0.20651516461920547,0.0,0.0,0.0,0.0,0.0,0.0,0.0,0.0,0.0,0.0,0.0,0.0,0.0,0.0,0.0,0.0,0.0,0.0,0.0,0.0,0.0,0.3380860205122451,0.0,0.0,0.0,0.0,0.0,0.0,0.0,0.3786776785324754,0.0,0.0,0.0,0.0,0.0,0.0,0.0,0.0,0.0,0.0,0.0,0.0,0.0,0.0,0.0,0.0,0.0,0.0,0.0,0.0,0.0,0.0,0.0,0.0,0.0,0.0,0.0,0.0,0.0,0.0,0.0,0.0,0.0,0.0,0.0,0.0,0.0,0.0,0.0,0.0,0.0,0.0,0.0,0.0,0.0,0.0,0.0,0.0,0.0,0.0,0.0,0.0,0.0,0.0,0.0,0.0,0.25278730975278707,0.0,0.0,0.0,0.0,0.0,0.0,0.0,0.0,0.0,0.0,0.0,0.0,0.0,0.0,0.0,0.0,0.0,0.0,0.0,0.0,0.0,0.0,0.0,0.0,0.0,0.0,0.0,0.0,0.0,0.0,0.0,0.0,0.0,0.0,0.0,0.0,0.0,0.0,0.0,0.0,0.0,0.0,0.39926717451056726,0.0,0.0,0.2137245187935226,0.0,0.0,0.0,0.0,0.0,0.0,0.0,0.0,0.0,0.0,0.0,0.0,0.0,0.0,0.0
d4ab320cfff425eaafe322870539f5c16bfe1be83103ac093f21c1ac5f41e3b6,0.0,0.0,0.0,0.0,0.33472676615104796,0.0,0.0,0.0,0.0,0.0,0.0,0.0,0.12030790175135532,0.0,0.0,0.0,0.0,0.0,0.0,0.0,0.0,0.0,0.0,0.0,0.0,0.0,0.0,0.0,0.0,0.0,0.0,0.0,0.0,0.0,0.0,0.0,0.0,0.0,0.0,0.0,0.0,0.0,0.0,0.0,0.0,0.0,0.0,0.0,0.0,0.0,0.285226892207313,0.0,0.0,0.0,0.0,0.0,0.0,0.0,0.0,0.0,0.17451595379550602,0.0,0.0,0.0,0.0,0.0,0.0,0.19695609188939556,0.0,0.0,0.0,0.0,0.0,0.0,0.0,0.0,0.0,0.0,0.0,0.10464432233052957,0.0,0.0,0.0,0.0,0.0,0.0,0.0,0.0,0.0,0.0,0.0,0.0,0.0,0.0,0.0,0.0,0.0,0.0,0.0,0.14726429839573849,0.0,0.0,0.0,0.0,0.0,0.0,0.19234963207555988,0.0,0.0,0.0,0.0,0.0,0.0,0.0,0.0,0.2752694524857642,0.0,0.1390361090577356,0.0,0.13569415117842085,0.0,0.3734322164470122,0.26408744892417335,0.0,0.19013723038793195,0.0,0.2183958023696531,0.0,0.0,0.0,0.0,0.0,0.0,0.0,0.0,0.0,0.0,0.0,0.0,0.0,0.0,0.0,0.0,0.18587889373891356,0.0,0.0,0.0,0.27875615387066666,0.0,0.0,0.0,0.0,0.0,0.0,0.18070132548160797,0.0,0.0,0.31902614106351224,0.0,0.0,0.0
d7d50f809a7808ca53c4430d484bb100aaf9c74c6c12080ff888b8c04212f405,0.0,0.0,0.0,0.0,0.0,0.0,0.0,0.0,0.0,0.0,0.0,0.0,0.0,0.0,0.0,0.0,0.0,0.5257054615323886,0.0,0.0,0.0,0.0,0.0,0.0,0.0,0.0,0.0,0.0,0.0,0.0,0.0,0.0,0.0,0.0,0.0,0.0,0.0,0.0,0.0,0.0,0.0,0.0,0.0,0.0,0.0,0.0,0.0,0.0,0.0,0.0,0.0,0.0,0.0,0.0,0.0,0.0,0.0,0.0,0.0,0.0,0.3891598543498933,0.0,0.0,0.0,0.0,0.0,0.0,0.0,0.0,0.0,0.0,0.0,0.0,0.0,0.0,0.0,0.0,0.0,0.0,0.23335040923771894,0.0,0.0,0.0,0.0,0.0,0.0,0.0,0.0,0.0,0.0,0.0,0.0,0.0,0.0,0.0,0.0,0.0,0.0,0.0,0.3283903372053804,0.0,0.0,0.3602646369352605,0.0,0.0,0.0,0.42892786117705667,0.0,0.0,0.0,0.0,0.0,0.0,0.0,0.0,0.0,0.0,0.3100419805382721,0.0,0.0,0.0,0.0,0.0,0.0,0.0,0.0,0.0,0.0,0.0,0.0,0.0,0.0,0.0,0.0,0.0,0.0,0.0,0.0,0.0,0.0,0.0,0.0,0.0,0.0,0.0,0.0,0.0,0.0,0.0,0.0,0.0,0.0,0.0,0.0,0.0,0.0,0.0,0.0,0.0,0.0,0.0
d50b23e12c661bb78fa3cb317e679fabc4178600048572368bec173a520e4aaf,0.0,0.0,0.0,0.0,0.0,0.0,0.0,0.0,0.0,0.0,0.0,0.0,0.0,0.0,0.0,0.0,0.0,0.5257054615323886,0.0,0.0,0.0,0.0,0.0,0.0,0.0,0.0,0.0,0.0,0.0,0.0,0.0,0.0,0.0,0.0,0.0,0.0,0.0,0.0,0.0,0.0,0.0,0.0,0.0,0.0,0.0,0.0,0.0,0.0,0.0,0.0,0.0,0.0,0.0,0.0,0.0,0.0,0.0,0.0,0.0,0.0,0.3891598543498933,0.0,0.0,0.0,0.0,0.0,0.0,0.0,0.0,0.0,0.0,0.0,0.0,0.0,0.0,0.0,0.0,0.0,0.0,0.23335040923771894,0.0,0.0,0.0,0.0,0.0,0.0,0.0,0.0,0.0,0.0,0.0,0.0,0.0,0.0,0.0,0.0,0.0,0.0,0.0,0.3283903372053804,0.0,0.0,0.3602646369352605,0.0,0.0,0.0,0.42892786117705667,0.0,0.0,0.0,0.0,0.0,0.0,0.0,0.0,0.0,0.0,0.3100419805382721,0.0,0.0,0.0,0.0,0.0,0.0,0.0,0.0,0.0,0.0,0.0,0.0,0.0,0.0,0.0,0.0,0.0,0.0,0.0,0.0,0.0,0.0,0.0,0.0,0.0,0.0,0.0,0.0,0.0,0.0,0.0,0.0,0.0,0.0,0.0,0.0,0.0,0.0,0.0,0.0,0.0,0.0,0.0
d56e5fd63229d155f3490e40ed3b77a5c5b7ede955ed8af77c0434056bb5087c,0.0,0.0,0.0,0.0,0.0,0.0,0.31217494092441106,0.0,0.0,0.0,0.0,0.0,0.1171933666031609,0.0,0.0,0.0,0.30279141041498964,0.22964578033542568,0.0,0.0,0.0,0.0,0.0,0.0,0.0,0.309383082464122,0.0,0.0,0.0,0.0,0.0,0.0,0.0,0.0,0.0,0.0,0.0,0.0,0.0,0.0,0.0,0.0,0.0,0.0,0.0,0.0,0.0,0.0,0.0,0.28569190645154646,0.0,0.0,0.0,0.0,0.0,0.0,0.0,0.0,0.0,0.0,0.16999807870912875,0.3107671812190568,0.0,0.0,0.0,0.0,0.0,0.0,0.0,0.0,0.0,0.0,0.0,0.0,0.0,0.11141416484088591,0.0,0.0,0.0,0.0,0.0,0.0,0.0,0.0,0.0,0.0,0.0,0.0,0.24445209130570872,0.0,0.0,0.0,0.0,0.0,0.0,0.0,0.0,0.0,0.0,0.0,0.0,0.0,0.0,0.0,0.0,0.0,0.0,0.0,0.0,0.0,0.0,0.0,0.0,0.0,0.23558849758921419,0.26814326731828425,0.14643330630904247,0.13543673742690562,0.14913361174448406,0.13218129626949682,0.1575926797332346,0.0,0.0,0.0,0.0,0.0,0.0,0.0,0.0,0.0,0.0,0.0,0.30029570617142126,0.0,0.0,0.0,0.0,0.0,0.0,0.0,0.0,0.0,0.0,0.18106685446776222,0.0,0.12128453583172905,0.0,0.0,0.0,0.0,0.0,0.0,0.0,0.0,0.0,0.0,0.0,0.0,0.0,0.0,0.0
d65fa9ed1220cfa12d22239ca62a4b5978bb613090fc1dcb0cccdf191151d125,0.0,0.20139541062283578,0.2371741317382873,0.0,0.0,0.0,0.0,0.0,0.0,0.0,0.0,0.0,0.09405523380306455,0.0,0.0,0.0,0.0,0.18430554721134781,0.0,0.0,0.0,0.1374559667892513,0.0,0.0,0.0,0.0,0.0,0.0,0.0,0.0,0.0,0.0,0.0,0.0,0.0,0.3316514918208478,0.0,0.0,0.0,0.0,0.0,0.0,0.0,0.0,0.0,0.0,0.0,0.19618856653603792,0.0,0.0,0.22298686655615366,0.0,0.2703183032831989,0.0,0.0,0.0,0.0,0.0,0.0,0.0,0.13643442033030237,0.0,0.0,0.1908983246588364,0.18184217860090265,0.0,0.0,0.0,0.0,0.0,0.0,0.0,0.0,0.0,0.0,0.08941705172244842,0.0,0.0,0.0,0.08180964059453667,0.0,0.0,0.0,0.0,0.29635251687272424,0.27677149727832995,0.0,0.0,0.0,0.0,0.0,0.0,0.0,0.0,0.0,0.0,0.0,0.0,0.0,0.0,0.0,0.0,0.0,0.0,0.0,0.0,0.0,0.0,0.0,0.0,0.0,0.0,0.0,0.0,0.18907496101804622,0.0,0.0,0.10869671529572981,0.1196893401656453,0.10608401384284788,0.1264782877016613,0.0,0.2064603105152083,0.28206173915553145,0.0,0.0,0.0,0.0,0.0,0.0,0.0,0.0,0.0,0.0,0.0,0.0,0.0,0.0,0.0,0.0,0.0,0.0,0.0,0.0,0.0,0.09733866092419054,0.0,0.0,0.0,0.0,0.0,0.0,0.0,0.0,0.14127006762882752,0.0,0.0,0.24941070245770508,0.0,0.0,0.0
d91f951bdcf35012ac6b47c28cf32ec143e4269243d8c229f6cb326fd343df95,0.0,0.0,0.0,0.0,0.0,0.0,0.0,0.0,0.0,0.0,0.0,0.0,0.0,0.0,0.0,0.0,0.0,0.0,0.0,0.0,0.0,0.0,0.0,0.0,0.0,0.0,0.0,0.0,0.0,0.0,0.0,0.0,0.0,0.0,0.0,0.0,0.0,0.0,0.0,0.0,0.0,0.0,0.0,0.0,0.0,0.0,0.0,0.0,0.0,0.0,0.0,0.0,0.0,0.0,0.0,0.0,0.0,0.0,0.0,0.0,0.0,0.0,0.0,0.0,0.0,0.0,0.0,0.448286741686108,0.0,0.0,0.0,0.0,0.0,0.0,0.0,0.0,0.0,0.0,0.0,0.23817827538864608,0.0,0.0,0.0,0.0,0.0,0.0,0.0,0.0,0.0,0.0,0.0,0.0,0.0,0.0,0.0,0.0,0.0,0.0,0.0,0.0,0.0,0.0,0.3677182747999532,0.0,0.0,0.0,0.0,0.0,0.0,0.0,0.0,0.0,0.0,0.0,0.0,0.0,0.0,0.3164565447470808,0.348460162101753,0.30884999958161546,0.3682253120777361,0.0,0.0,0.0,0.0,0.0,0.0,0.0,0.0,0.0,0.0,0.0,0.0,0.39312332003830286,0.0,0.0,0.0,0.0,0.0,0.0,0.0,0.0,0.0,0.0,0.0,0.0,0.0,0.0,0.0,0.0,0.0,0.0,0.0,0.0,0.0,0.0,0.0,0.0,0.0,0.0,0.0
d173fdd600b0577f376067d758da1ccfa63daba40f5f9cbd1e0c14c13df739e4,0.0,0.0,0.0,0.0,0.0,0.0,0.0,0.0,0.0,0.0,0.17884907277809653,0.0,0.11649640320114532,0.0,0.0,0.0,0.0,0.0,0.0,0.0,0.0,0.17025236217064313,0.0,0.0,0.0,0.0,0.0,0.0,0.0,0.0,0.0,0.0,0.0,0.0,0.0,0.0,0.49603777902936486,0.0,0.0,0.0,0.0,0.0,0.0,0.20192861030632234,0.0,0.0,0.0,0.0,0.2871217332688775,0.0,0.0,0.0,0.0,0.0,0.0,0.0,0.0,0.0,0.22522893092393984,0.0,0.0,0.0,0.0,0.0,0.22522893092393984,0.0,0.0,0.19071628679128197,0.0,0.0,0.0,0.0,0.0,0.0,0.0,0.11075157106436978,0.0,0.0,0.0,0.10132906475355977,0.0,0.0,0.0,0.0,0.0,0.0,0.0,0.0,0.0,0.0,0.0,0.0,0.0,0.0,0.0,0.0,0.0,0.0,0.0,0.0,0.0,0.0,0.15643974588980483,0.0,0.0,0.0,0.0,0.0,0.0,0.0,0.0,0.0,0.0,0.0,0.0,0.0,0.0,0.13463127844905592,0.14824669576613975,0.1313951978016307,0.15665545663449426,0.0,0.0,0.0,0.18411345499650067,0.0,0.0,0.0,0.0,0.0,0.0,0.0,0.0,0.1672479082623944,0.0,0.0,0.0,0.3670609374866519,0.0,0.0,0.0,0.0,0.0,0.0,0.0,0.0,0.24944747899838468,0.0,0.0,0.0,0.0,0.0,0.0,0.0,0.17497649086918474,0.0,0.0,0.0,0.0,0.0,0.0
d460a39b8a903a1d6a559515723fd55c7ed0a4c06fbce1635fc8e21662250f9e,0.0,0.0,0.0,0.0,0.0,0.0,0.0,0.0,0.0,0.0,0.11910056183651224,0.0,0.07757818845616349,0.0,0.0,0.0,0.0,0.0,0.0,0.0,0.0,0.11337577362604187,0.2547524614729701,0.0,0.0,0.0,0.0,0.0,0.0,0.0,0.0,0.0,0.0,0.0,0.0,0.0,0.0,0.0,0.0,0.0,0.0,0.0,0.14225167611058265,0.13446986649010173,0.0,0.0,0.0,0.0,0.0,0.0,0.0,0.3524289712186817,0.0,0.0,0.0,0.0,0.0,0.0,0.0,0.0,0.0,0.0,0.0,0.0,0.1499861967311438,0.2972822576082304,0.0,0.1270032690434887,0.0,0.0,0.2674878111000069,0.0,0.0,0.0,0.0,0.07375254527826823,0.0,0.0,0.0,0.06747783678750667,0.0,0.0,0.0,0.0,0.0,0.2282853436961339,0.0,0.0,0.16181931586651818,0.0,0.0,0.0,0.0,0.0,0.0,0.0,0.0,0.0,0.0,0.0,0.0,0.0,0.0,0.0,0.0,0.0,0.0,0.0,0.0,0.0,0.0,0.0,0.0,0.0,0.0,0.0,0.09693407538644437,0.08965470524940979,0.09872158956093895,0.08749970932312501,0.0,0.0,0.1702916066468275,0.0,0.12260626007802343,0.0,0.0,0.0,0.21584198350874848,0.0,0.0,0.0,0.0,0.11137502437458614,0.0,0.0,0.3524289712186817,0.0,0.0,0.0,0.0,0.0,0.1499861967311438,0.0,0.0,0.08028640912273623,0.0,0.17975043304294241,0.0,0.0,0.34026445715361836,0.0,0.0,0.0,0.11652170205298089,0.0,0.0,0.0,0.0,0.0,0.0
9bb8cdc427b0a4da39b2d80146810b01f9095a0a00111b0acd964c63c68f6cdd,0.0,0.0,0.0,0.0,0.0,0.0,0.31126295158419065,0.0,0.0,0.0,0.0,0.0,0.11685099735093926,0.0,0.0,0.0,0.30190683416491954,0.22897489207299074,0.0,0.0,0.0,0.0,0.0,0.0,0.0,0.30847924927233444,0.0,0.0,0.0,0.0,0.0,0.0,0.0,0.0,0.0,0.0,0.0,0.0,0.0,0.0,0.0,0.0,0.0,0.0,0.0,0.0,0.0,0.0,0.0,0.2848572847727547,0.0,0.0,0.0,0.0,0.0,0.0,0.0,0.0,0.0,0.0,0.1695014455226802,0.3098593045146587,0.0,0.0,0.0,0.0,0.0,0.0,0.0,0.0,0.0,0.0,0.0,0.0,0.0,0.1110886789758656,0.0,0.0,0.0,0.0,0.0,0.0,0.0,0.0,0.0,0.0,0.0,0.0,0.24373794781678795,0.0,0.0,0.0,0.0,0.0,0.0,0.0,0.0,0.0,0.0,0.14303283401361883,0.0,0.0,0.0,0.0,0.0,0.0,0.0,0.0,0.0,0.0,0.0,0.0,0.0,0.0,0.2349002482446522,0.2673599123163677,0.1460055153594819,0.13504107190538167,0.14869793210992788,0.13179514120907676,0.15713228773768273,0.0,0.0,0.0,0.0,0.0,0.0,0.0,0.0,0.0,0.0,0.0,0.29941842088346277,0.0,0.0,0.0,0.0,0.0,0.0,0.0,0.0,0.0,0.0,0.18053788490776854,0.0,0.0,0.0,0.0,0.0,0.0,0.0,0.0,0.0,0.0,0.0,0.0,0.0,0.0,0.0,0.0,0.0
d781282fe08b3d2d77182bd1a51f54027f259ef44425202317a630632576200e,0.0,0.0,0.0,0.0,0.0,0.0,0.0,0.0,0.0,0.0,0.0,0.0,0.0,0.0,0.0,0.0,0.0,0.0,0.0,0.0,0.0,0.0,0.0,0.0,0.0,0.0,0.0,0.0,0.0,0.0,0.0,0.0,0.0,0.0,0.3349358986844229,0.0,0.0,0.0,0.0,0.0,0.0,0.0,0.0,0.0,0.0,0.0,0.0,0.0,0.0,0.0,0.0,0.0,0.0,0.0,0.0,0.0,0.0,0.0,0.0,0.0,0.29677506929865205,0.0,0.0,0.41524611892267344,0.0,0.0,0.0,0.3349358986844229,0.0,0.0,0.0,0.0,0.0,0.0,0.0,0.1945018834482263,0.0,0.0,0.0,0.17795408004785587,0.0,0.0,0.0,0.0,0.0,0.0,0.0,0.0,0.0,0.0,0.0,0.0,0.0,0.0,0.0,0.0,0.0,0.0,0.0,0.0,0.0,0.0,0.0,0.0,0.0,0.0,0.3271023316050804,0.0,0.0,0.0,0.0,0.0,0.0,0.0,0.0,0.0,0.0,0.23643942002560328,0.2603508127639259,0.0,0.27511827665308486,0.0,0.0,0.0,0.0,0.0,0.0,0.0,0.0,0.0,0.0,0.0,0.0,0.0,0.0,0.0,0.0,0.0,0.0,0.0,0.0,0.0,0.0,0.0,0.0,0.21173313721917597,0.0,0.0,0.0,0.0,0.0,0.0,0.0,0.0,0.30729367273207686,0.0,0.0,0.0,0.0,0.0,0.0
d4369262b0f74e13c652162343d6edfff7c696a480bc447731b1171f0b41e7fd,0.0,0.0,0.0,0.0,0.0,0.0,0.0,0.0,0.0,0.0,0.0,0.0,0.0,0.0,0.0,0.0,0.0,0.0,0.0,0.0,0.0,0.0,0.0,0.0,0.0,0.0,0.0,0.0,0.0,0.0,0.0,0.0,0.0,0.0,0.3468990280072203,0.0,0.0,0.0,0.0,0.0,0.0,0.0,0.0,0.0,0.0,0.0,0.0,0.0,0.0,0.0,0.0,0.0,0.0,0.0,0.0,0.0,0.0,0.0,0.0,0.0,0.30737518277632697,0.0,0.0,0.4300777420510803,0.0,0.0,0.0,0.3468990280072203,0.0,0.0,0.0,0.0,0.0,0.0,0.0,0.2014490372002078,0.0,0.0,0.0,0.18431018484729322,0.0,0.0,0.0,0.0,0.0,0.0,0.0,0.0,0.0,0.0,0.0,0.0,0.0,0.0,0.0,0.0,0.0,0.0,0.0,0.0,0.0,0.0,0.0,0.0,0.0,0.0,0.3387856641775232,0.0,0.0,0.0,0.0,0.0,0.0,0.0,0.0,0.0,0.0,0.24488448479735103,0.0,0.0,0.28494485999513214,0.0,0.0,0.0,0.0,0.0,0.0,0.0,0.0,0.0,0.0,0.0,0.0,0.0,0.0,0.0,0.0,0.0,0.0,0.0,0.0,0.0,0.0,0.0,0.0,0.21929575117732078,0.0,0.0,0.0,0.0,0.0,0.0,0.0,0.0,0.3182694861979094,0.0,0.0,0.0,0.0,0.0,0.0
1cc7c198a8a2c935fd6f07970479e544f5b35a8eb3173de0305ebdf76a0988cb,0.0,0.0,0.0,0.0,0.0,0.0,0.0,0.0,0.0,0.0,0.0,0.0,0.0,0.0,0.0,0.0,0.0,0.0,0.0,0.0,0.0,0.0,0.0,0.0,0.0,0.0,0.0,0.0,0.0,0.0,0.0,0.0,0.0,0.0,0.0,0.0,0.0,0.0,0.0,0.0,0.0,0.3822937111437804,0.0,0.0,0.0,0.0,0.0,0.0,0.0,0.0,0.0,0.0,0.0,0.0,0.0,0.0,0.0,0.0,0.0,0.0,0.0,0.0,0.0,0.0,0.255696571110881,0.0,0.0,0.0,0.0,0.0,0.0,0.0,0.0,0.0,0.0,0.0,0.0,0.0,0.0,0.11503626246002711,0.0,0.0,0.0,0.0,0.0,0.0,0.0,0.0,0.0,0.0,0.0,0.0,0.0,0.0,0.0,0.0,0.0,0.0,0.0,0.0,0.0,0.0,0.0,0.0,0.0,0.0,0.0,0.0,0.0,0.0,0.0,0.0,0.0,0.0,0.0,0.0,0.0,0.1528434030321049,0.0,0.14916956449817187,0.1778468820276759,0.0,0.2903132478691304,0.0,0.0,0.0,0.24008408943782666,0.0,0.36796756160094296,0.0,0.0,0.0,0.0,0.0,0.0,0.0,0.0,0.0,0.0,0.0,0.0,0.0,0.255696571110881,0.0,0.0,0.13687232536663343,0.2831912614000731,0.30643866160006916,0.0,0.0,0.0,0.0,0.0,0.0,0.1986462776195212,0.0,0.0,0.35070775057506265,0.0,0.0,0.0
dac434ec87d2d83b5426f13247201e8d8826133fc445a4468f4fdc49b19eea2c,0.0,0.4668532036388024,0.0,0.0,0.0,0.0,0.0,0.0,0.0,0.0,0.0,0.0,0.21802873801424352,0.0,0.0,0.0,0.0,0.0,0.0,0.0,0.0,0.0,0.0,0.0,0.0,0.0,0.0,0.0,0.0,0.0,0.0,0.0,0.0,0.0,0.0,0.0,0.0,0.0,0.0,0.0,0.0,0.0,0.3997896063315094,0.0,0.0,0.0,0.0,0.0,0.0,0.0,0.0,0.0,0.0,0.0,0.0,0.0,0.0,0.0,0.0,0.0,0.0,0.0,0.0,0.0,0.0,0.0,0.0,0.3569348939990015,0.0,0.0,0.0,0.0,0.0,0.0,0.0,0.0,0.0,0.0,0.0,0.1896423194648897,0.0,0.0,0.0,0.0,0.0,0.0,0.0,0.0,0.0,0.0,0.0,0.0,0.0,0.0,0.0,0.0,0.0,0.0,0.0,0.0,0.0,0.0,0.0,0.0,0.0,0.0,0.0,0.0,0.0,0.0,0.0,0.0,0.0,0.0,0.0,0.0,0.0,0.0,0.2774509693390703,0.0,0.0,0.0,0.0,0.0,0.0,0.0,0.39578914173629653,0.0,0.0,0.0,0.0,0.0,0.0,0.0,0.0,0.0,0.0,0.0,0.0,0.0,0.0,0.0,0.42152700190112863,0.0,0.0,0.0,0.0,0.0,0.0,0.0,0.0,0.0,0.0,0.0,0.0,0.0,0.0,0.0,0.0,0.0,0.0
dbf0b7ed54f95802d589b2642b3d2cc7ae2e7f0a702480d49afaad1afae4042b,0.0,0.0,0.0,0.0,0.0,0.0,0.0,0.0,0.0,0.0,0.0,0.0,0.0,0.0,0.0,0.0,0.0,0.0,0.0,0.0,0.0,0.0,0.0,0.0,0.0,0.0,0.0,0.0,0.0,0.0,0.0,0.0,0.0,0.0,0.3349358986844229,0.0,0.0,0.0,0.0,0.0,0.0,0.0,0.0,0.0,0.0,0.0,0.0,0.0,0.0,0.0,0.0,0.0,0.0,0.0,0.0,0.0,0.0,0.0,0.0,0.0,0.29677506929865205,0.0,0.0,0.41524611892267344,0.0,0.0,0.0,0.3349358986844229,0.0,0.0,0.0,0.0,0.0,0.0,0.0,0.1945018834482263,0.0,0.0,0.0,0.17795408004785587,0.0,0.0,0.0,0.0,0.0,0.0,0.0,0.0,0.0,0.0,0.0,0.0,0.0,0.0,0.0,0.0,0.0,0.0,0.0,0.0,0.0,0.0,0.0,0.0,0.0,0.0,0.3271023316050804,0.0,0.0,0.0,0.0,0.0,0.0,0.0,0.0,0.0,0.0,0.23643942002560328,0.2603508127639259,0.0,0.27511827665308486,0.0,0.0,0.0,0.0,0.0,0.0,0.0,0.0,0.0,0.0,0.0,0.0,0.0,0.0,0.0,0.0,0.0,0.0,0.0,0.0,0.0,0.0,0.0,0.0,0.21173313721917597,0.0,0.0,0.0,0.0,0.0,0.0,0.0,0.0,0.30729367273207686,0.0,0.0,0.0,0.0,0.0,0.0
dce6c3f6f356f732d43ba6d44d14f71b4e97f7b8057c0a10b35aed8460fb4eab,0.0,0.0,0.0,0.0,0.0,0.0,0.0,0.0,0.0,0.0,0.0,0.0,0.0,0.0,0.0,0.0,0.0,0.0,0.0,0.0,0.0,0.0,0.0,0.0,0.0,0.0,0.0,0.0,0.0,0.0,0.0,0.0,0.0,0.0,0.3468990280072203,0.0,0.0,0.0,0.0,0.0,0.0,0.0,0.0,0.0,0.0,0.0,0.0,0.0,0.0,0.0,0.0,0.0,0.0,0.0,0.0,0.0,0.0,0.0,0.0,0.0,0.30737518277632697,0.0,0.0,0.4300777420510803,0.0,0.0,0.0,0.3468990280072203,0.0,0.0,0.0,0.0,0.0,0.0,0.0,0.2014490372002078,0.0,0.0,0.0,0.18431018484729322,0.0,0.0,0.0,0.0,0.0,0.0,0.0,0.0,0.0,0.0,0.0,0.0,0.0,0.0,0.0,0.0,0.0,0.0,0.0,0.0,0.0,0.0,0.0,0.0,0.0,0.0,0.3387856641775232,0.0,0.0,0.0,0.0,0.0,0.0,0.0,0.0,0.0,0.0,0.24488448479735103,0.0,0.0,0.28494485999513214,0.0,0.0,0.0,0.0,0.0,0.0,0.0,0.0,0.0,0.0,0.0,0.0,0.0,0.0,0.0,0.0,0.0,0.0,0.0,0.0,0.0,0.0,0.0,0.0,0.21929575117732078,0.0,0.0,0.0,0.0,0.0,0.0,0.0,0.0,0.3182694861979094,0.0,0.0,0.0,0.0,0.0,0.0
dd5acb7be06b30114b942f3aad28b0a27620378b2146230ef99994a6604d87db,0.0,0.0,0.0,0.0,0.0,0.0,0.0,0.0,0.0,0.0,0.0,0.0,0.0,0.0,0.0,0.0,0.0,0.0,0.0,0.0,0.0,0.0,0.0,0.0,0.0,0.0,0.0,0.0,0.0,0.0,0.0,0.0,0.0,0.0,0.3468990280072203,0.0,0.0,0.0,0.0,0.0,0.0,0.0,0.0,0.0,0.0,0.0,0.0,0.0,0.0,0.0,0.0,0.0,0.0,0.0,0.0,0.0,0.0,0.0,0.0,0.0,0.30737518277632697,0.0,0.0,0.4300777420510803,0.0,0.0,0.0,0.3468990280072203,0.0,0.0,0.0,0.0,0.0,0.0,0.0,0.2014490372002078,0.0,0.0,0.0,0.18431018484729322,0.0,0.0,0.0,0.0,0.0,0.0,0.0,0.0,0.0,0.0,0.0,0.0,0.0,0.0,0.0,0.0,0.0,0.0,0.0,0.0,0.0,0.0,0.0,0.0,0.0,0.0,0.3387856641775232,0.0,0.0,0.0,0.0,0.0,0.0,0.0,0.0,0.0,0.0,0.24488448479735103,0.0,0.0,0.28494485999513214,0.0,0.0,0.0,0.0,0.0,0.0,0.0,0.0,0.0,0.0,0.0,0.0,0.0,0.0,0.0,0.0,0.0,0.0,0.0,0.0,0.0,0.0,0.0,0.0,0.21929575117732078,0.0,0.0,0.0,0.0,0.0,0.0,0.0,0.0,0.3182694861979094,0.0,0.0,0.0,0.0,0.0,0.0
dd5d4cf9422b6e4514d49a3ec542cffb682be8a24079010cda689afbb44ac0f4,0.0,0.21138184643903282,0.0,0.0,0.0,0.0,0.0,0.0,0.0,0.0,0.0,0.0,0.09871907670120658,0.0,0.0,0.0,0.0,0.0,0.0,0.0,0.0,0.14427188769653002,0.0,0.0,0.0,0.0,0.0,0.0,0.0,0.0,0.0,0.0,0.0,0.0,0.1616130217463467,0.34809683348068077,0.0,0.0,0.0,0.0,0.0,0.0,0.0,0.0,0.0,0.0,0.0,0.0,0.0,0.0,0.23404394091465658,0.0,0.0,0.0,0.0,0.0,0.0,0.0,0.0,0.3368228906537485,0.14319968661683274,0.0,0.0,0.0,0.0,0.0,0.0,0.0,0.0,0.0,0.0,0.0,0.0,0.0,0.0,0.0,0.0,0.0,0.0,0.08586627089418886,0.0,0.0,0.0,0.0,0.0,0.0,0.0,0.0,0.0,0.0,0.0,0.0,0.0,0.0,0.0,0.0,0.0,0.0,0.0,0.0,0.0,0.0,0.13256707374001636,0.0,0.0,0.0,0.0,0.0,0.3241752390000962,0.0,0.0,0.0,0.0,0.0,0.1984504723905113,0.0,0.0,0.114086573820188,0.0,0.0,0.13274986707066969,0.30642113345409483,0.21669789553850105,0.29604811275545817,0.0,0.0,0.0,0.0,0.2746612385436262,0.0,0.0,0.0,0.0,0.0,0.0,0.0,0.0,0.0,0.0,0.0,0.0,0.0,0.0,0.0,0.0,0.10216531654036264,0.0,0.22873435355696972,0.0,0.0,0.0,0.0,0.0,0.0,0.14827511535440432,0.0,0.0,0.0,0.0,0.0,0.0
dd7a018d9ee987fd7027e438b2636e802d98c2dd7aceaf2ec6db711fb08c6dab,0.0,0.3057088529189211,0.0,0.0,0.0,0.0,0.0,0.0,0.0,0.0,0.0,0.0,0.14277146409658797,0.0,0.0,0.0,0.0,0.0,0.0,0.0,0.0,0.0,0.0,0.0,0.0,0.0,0.0,0.0,0.0,0.0,0.0,0.0,0.0,0.0,0.0,0.0,0.0,0.0,0.0,0.0,0.0,0.0,0.0,0.0,0.0,0.0,0.0,0.2978051061146622,0.0,0.3480457379703998,0.0,0.0,0.0,0.0,0.0,0.39929467681697783,0.0,0.0,0.0,0.0,0.0,0.0,0.0,0.0,0.27602795744172837,0.0,0.0,0.23373119464677508,0.0,0.0,0.0,0.0,0.0,0.0,0.0,0.13573091973110743,0.0,0.0,0.0,0.0,0.0,0.0,0.0,0.0,0.0,0.0,0.0,0.0,0.0,0.0,0.0,0.0,0.0,0.0,0.0,0.0,0.0,0.0,0.0,0.0,0.0,0.0,0.19172378674233637,0.0,0.0,0.0,0.0,0.0,0.0,0.0,0.0,0.0,0.0,0.4151089111585988,0.0,0.0,0.17839318162980602,0.0,0.18168284359362208,0.1610305919317444,0.0,0.0,0.0,0.0,0.0,0.0,0.0,0.0,0.0,0.0,0.0,0.0,0.0,0.0,0.0,0.0,0.0,0.0,0.0,0.0,0.0,0.0,0.0,0.0,0.0,0.14775555353406836,0.0,0.0,0.0,0.0,0.0,0.0,0.0,0.0,0.2144413827158499,0.0,0.0,0.0,0.0,0.0,0.0
9bc85e2d8b9379ab4b4a7a165602aa01a3251bd131a10d3cc67f494c3a46aced,0.0,0.0,0.0,0.0,0.0,0.0,0.0,0.0,0.0,0.0,0.17034947910627168,0.0,0.11096004745683936,0.0,0.0,0.0,0.0,0.2174313053960382,0.0,0.0,0.0,0.16216131714792578,0.0,0.0,0.0,0.0,0.0,0.0,0.0,0.0,0.0,0.0,0.0,0.0,0.0,0.0,0.0,0.0,0.0,0.0,0.0,0.0,0.0,0.19233218852084585,0.0,0.0,0.0,0.0,0.27347660763737125,0.0,0.0,0.0,0.0,0.0,0.0,0.0,0.0,0.0,0.0,0.0,0.0,0.0,0.0,0.0,0.0,0.0,0.0,0.18165271760892257,0.0,0.0,0.0,0.0,0.0,0.0,0.0,0.10548823176972703,0.22520902141317575,0.1794995140028193,0.0,0.0965135190860691,0.0,0.0,0.0,0.0,0.0,0.0,0.0,0.0,0.23145009345156467,0.0,0.0,0.0,0.0,0.0,0.0,0.0,0.0,0.0,0.0,0.13582194769268524,0.0,0.0,0.0,0.0,0.2530975329075109,0.0,0.0,0.0,0.0,0.0,0.0,0.0,0.0,0.0,0.0,0.0,0.13864476367790432,0.0,0.1412014443838964,0.1251507942137599,0.0,0.0,0.0,0.0,0.17536367769724864,0.0,0.0,0.0,0.30871869026488313,0.0,0.0,0.0,0.0,0.1592996464089112,0.0,0.0,0.0,0.0,0.0,0.0,0.0,0.0,0.0,0.17143621133981168,0.0,0.11483361423722775,0.23759277837839363,0.25709696214552047,0.0,0.0,0.0,0.3189033778126524,0.0,0.0,0.16666093713771482,0.0,0.0,0.0,0.0,0.0,0.0
dd320feecf526e20968e9c62648ace610eb9ba57541b937fdbffffc6a96a59fa,0.0,0.0,0.0,0.0,0.0,0.0,0.0,0.0,0.0,0.0,0.0,0.0,0.0,0.0,0.0,0.0,0.0,0.0,0.0,0.0,0.0,0.0,0.0,0.0,0.0,0.0,0.0,0.0,0.0,0.0,0.0,0.0,0.0,0.0,0.3135818144794954,0.0,0.0,0.0,0.0,0.0,0.0,0.0,0.0,0.0,0.0,0.0,0.0,0.0,0.0,0.0,0.0,0.0,0.0,0.0,0.0,0.0,0.0,0.0,0.0,0.0,0.277853956797368,0.0,0.0,0.38877179764486136,0.0,0.0,0.0,0.3135818144794954,0.0,0.0,0.0,0.0,0.0,0.0,0.0,0.1821012730225168,0.0,0.0,0.0,0.16660848698100833,0.0,0.0,0.0,0.0,0.0,0.0,0.0,0.0,0.0,0.0,0.0,0.0,0.0,0.0,0.0,0.0,0.0,0.0,0.0,0.0,0.0,0.0,0.2572232303711078,0.0,0.0,0.0,0.30624768222244053,0.0,0.0,0.0,0.0,0.0,0.0,0.0,0.0,0.0,0.239338431786074,0.22136505115555244,0.24375195548878975,0.0,0.25757790887214455,0.0,0.0,0.0,0.0,0.0,0.0,0.0,0.0,0.0,0.0,0.0,0.0,0.0,0.0,0.0,0.0,0.0,0.0,0.0,0.0,0.0,0.0,0.0,0.0,0.19823393555428723,0.0,0.0,0.0,0.0,0.0,0.0,0.0,0.0,0.2877019389438008,0.0,0.0,0.0,0.0,0.0,0.0
ddc739b6d73bd1dc3f6cd7be4daced463081b6a8baffd3fee7931f529e9c23fd,0.0,0.0,0.0,0.0,0.0,0.0,0.0,0.0,0.0,0.0,0.0,0.35712154131494095,0.13283704968017776,0.44867682690263627,0.0,0.0,0.0,0.0,0.0,0.0,0.0,0.0,0.0,0.4580190947873394,0.0,0.0,0.0,0.0,0.0,0.0,0.0,0.0,0.0,0.0,0.2174675626643165,0.0,0.0,0.0,0.0,0.0,0.0,0.0,0.0,0.0,0.0,0.0,0.0,0.0,0.0,0.0,0.0,0.0,0.0,0.0,0.0,0.0,0.0,0.0,0.0,0.0,0.0,0.0,0.0,0.0,0.0,0.0,0.0,0.0,0.0,0.0,0.0,0.0,0.0,0.0,0.0,0.12628640493074714,0.0,0.0,0.0,0.11554222824780083,0.0,0.0,0.0,0.0,0.0,0.0,0.0,0.0,0.27708304265340516,0.0,0.0,0.0,0.0,0.0,0.0,0.0,0.0,0.0,0.0,0.1626007488896369,0.0,0.0,0.17838314081540743,0.0,0.0,0.0,0.21238137528815493,0.0,0.0,0.0,0.0,0.0,0.0,0.0,0.0,0.0,0.16598011430863968,0.15351565655605806,0.16904087293070433,0.1498256593207884,0.0,0.0,0.0,0.0,0.0,0.0,0.0,0.0,0.0,0.0,0.0,0.0,0.0,0.0,0.0,0.0,0.0,0.0,0.0,0.0,0.0,0.0,0.25682120532853137,0.0,0.0,0.13747433305053758,0.0,0.0,0.0,0.0,0.0,0.0,0.0,0.0,0.0,0.0,0.0,0.0,0.0,0.0,0.0
dddf7894b2e6aafa1903384759d68455c3a4a8348a7e2da3bd272555eba9bec0,0.0,0.2076208833278589,0.0,0.0,0.2697743913349665,0.2697743913349665,0.0,0.0,0.0,0.0,0.0,0.0,0.0969626401287336,0.0,0.0,0.0,0.0,0.0,0.0,0.0,0.0,0.0,0.0,0.0,0.0,0.0,0.0,0.0,0.0,0.0,0.0,0.0,0.0,0.0,0.0,0.3419034002606957,0.0,0.0,0.0,0.0,0.0,0.0,0.0,0.0,0.0,0.0,0.0,0.0,0.0,0.0,0.22987976767555268,0.0,0.0,0.0,0.0,0.0,0.0,0.0,0.0,0.0,0.14065183897537073,0.0,0.0,0.0,0.0,0.0,0.0,0.0,0.0,0.0,0.0,0.0,0.0,0.0,0.0,0.0921810839967699,0.0,0.0,0.0,0.08433851492664766,0.0,0.0,0.0,0.0,0.0,0.0,0.0,0.0,0.0,0.0,0.0,0.0,0.0,0.0,0.0,0.0,0.0,0.0,0.0,0.11868825705785838,0.0,0.0,0.13020840442904374,0.0,0.0,0.0,0.15502496413230576,0.0,0.0,0.0,0.0,0.0,0.0,0.0,0.19491958779171956,0.22185452884860077,0.1211549799621623,0.11205671457330277,0.12338914006664148,0.10936325010039476,0.0,0.0,0.21284234784072661,0.0,0.15324187004176942,0.0,0.17601698045204367,0.0,0.0,0.0,0.0,0.0,0.0,0.1392042869609434,0.0,0.0,0.0,0.0,0.0,0.0,0.31295365307403794,0.0,0.18746322783931813,0.0,0.0,0.10034756353449828,0.0,0.224664649935405,0.0,0.0,0.0,0.0,0.0,0.0,0.1456369643090457,0.0,0.0,0.2571204090279254,0.0,0.0,0.0
e0c0cbc50a9ed4d01a176497c8dba913cbbba515ea701a67ef00dcb7c8a84368,0.0,0.0,0.0,0.0,0.0,0.0,0.0,0.0,0.0,0.0,0.0,0.0,0.0,0.0,0.0,0.0,0.0,0.0,0.0,0.0,0.0,0.0,0.0,0.0,0.0,0.0,0.0,0.0,0.0,0.0,0.0,0.0,0.0,0.0,0.0,0.0,0.0,0.0,0.0,0.0,0.0,0.0,0.0,0.0,0.0,0.0,0.0,0.0,0.0,0.0,0.0,0.0,0.0,0.0,0.0,0.0,0.0,0.0,0.0,0.0,0.0,0.0,0.0,0.0,0.0,0.0,0.0,0.0,0.0,0.0,0.0,0.0,0.0,0.0,0.0,0.0,0.0,0.0,0.0,0.0,0.0,0.0,0.0,0.0,0.0,0.0,0.0,0.0,0.0,0.0,0.0,0.0,0.0,0.0,0.0,0.0,0.0,0.0,0.0,0.0,0.0,0.0,0.32103321517232375,0.0,0.0,0.0,0.0,0.0,0.0,0.0,0.0,0.0,0.0,0.0,0.0,0.0,0.29871169162960515,0.0,0.0,0.0,0.0,0.0,0.0,0.0,0.0,0.0,0.0,0.0,0.0,0.0,0.0,0.0,0.0,0.0,0.0,0.0,0.0,0.0,0.8640006605257613,0.0,0.0,0.0,0.0,0.0,0.0,0.24741030425378052,0.0,0.0,0.0,0.0,0.0,0.0,0.0,0.0,0.0,0.0,0.0,0.0,0.0,0.0,0.0
e01cf55715864d062d94a5b37c44cfb00ce2740296b76356346bb7df88e7951b,0.0,0.0,0.0,0.0,0.0,0.0,0.0,0.0,0.0,0.0,0.0,0.0,0.0,0.0,0.0,0.0,0.0,0.0,0.0,0.0,0.0,0.0,0.0,0.0,0.0,0.0,0.0,0.0,0.0,0.0,0.0,0.0,0.0,0.0,0.3468990280072203,0.0,0.0,0.0,0.0,0.0,0.0,0.0,0.0,0.0,0.0,0.0,0.0,0.0,0.0,0.0,0.0,0.0,0.0,0.0,0.0,0.0,0.0,0.0,0.0,0.0,0.30737518277632697,0.0,0.0,0.4300777420510803,0.0,0.0,0.0,0.3468990280072203,0.0,0.0,0.0,0.0,0.0,0.0,0.0,0.2014490372002078,0.0,0.0,0.0,0.18431018484729322,0.0,0.0,0.0,0.0,0.0,0.0,0.0,0.0,0.0,0.0,0.0,0.0,0.0,0.0,0.0,0.0,0.0,0.0,0.0,0.0,0.0,0.0,0.0,0.0,0.0,0.0,0.3387856641775232,0.0,0.0,0.0,0.0,0.0,0.0,0.0,0.0,0.0,0.0,0.24488448479735103,0.0,0.0,0.28494485999513214,0.0,0.0,0.0,0.0,0.0,0.0,0.0,0.0,0.0,0.0,0.0,0.0,0.0,0.0,0.0,0.0,0.0,0.0,0.0,0.0,0.0,0.0,0.0,0.0,0.21929575117732078,0.0,0.0,0.0,0.0,0.0,0.0,0.0,0.0,0.3182694861979094,0.0,0.0,0.0,0.0,0.0,0.0
57d9c43d5a4bfc779030dc8628c83961331b4ba3358a063877e41f68146c75cf,0.0,0.0,0.0,0.0,0.0,0.0,0.0,0.0,0.0,0.0,0.0,0.0,0.202183077882877,0.0,0.0,0.0,0.0,0.0,0.0,0.0,0.0,0.0,0.0,0.0,0.0,0.0,0.0,0.0,0.0,0.0,0.0,0.0,0.0,0.0,0.0,0.0,0.0,0.0,0.0,0.0,0.0,0.0,0.0,0.0,0.0,0.0,0.0,0.0,0.0,0.0,0.0,0.0,0.0,0.0,0.0,0.0,0.0,0.0,0.0,0.0,0.0,0.0,0.0,0.0,0.0,0.0,0.0,0.0,0.0,0.0,0.0,0.0,0.0,0.0,0.0,0.1922127456544368,0.0,0.0,0.0,0.17585969719163522,0.0,0.0,0.0,0.0,0.0,0.0,0.0,0.0,0.0,0.0,0.0,0.0,0.0,0.0,0.0,0.0,0.0,0.0,0.0,0.24748456816617542,0.0,0.0,0.27150597321535963,0.0,0.0,0.0,0.0,0.0,0.0,0.0,0.0,0.0,0.0,0.0,0.0,0.0,0.25262809177912793,0.0,0.0,0.2280403924977312,0.0,0.0,0.0,0.0,0.0,0.0,0.0,0.0,0.0,0.0,0.0,0.0,0.0,0.0,0.0,0.0,0.0,0.0,0.0,0.0,0.0,0.0,0.0,0.31237820876694333,0.0,0.20924120080183503,0.4329237443231372,0.46846280541776075,0.0,0.0,0.0,0.0,0.0,0.0,0.3036770622007417,0.0,0.0,0.0,0.0,0.0,0.0
1d30c8ea61630a44351f29b209813275b5077a637a571d888e97398f8c24787d,0.0,0.0,0.0,0.0,0.0,0.0,0.0,0.0,0.0,0.0,0.0,0.37393367305452313,0.0,0.0,0.0,0.0,0.0,0.0,0.0,0.0,0.0,0.0,0.0,0.0,0.0,0.0,0.0,0.0,0.0,0.0,0.0,0.0,0.0,0.0,0.0,0.0,0.0,0.0,0.0,0.0,0.0,0.0,0.25504423293444756,0.24109216066533348,0.0,0.0,0.0,0.0,0.0,0.0,0.0,0.0,0.0,0.0,0.0,0.0,0.4286300422196587,0.0,0.0,0.0,0.0,0.0,0.0,0.0,0.0,0.0,0.0,0.0,0.0,0.0,0.0,0.0,0.0,0.0,0.0,0.1322315620579157,0.0,0.22500615212739883,0.0,0.1209815841478523,0.0,0.0,0.0,0.0,0.0,0.0,0.0,0.0,0.0,0.0,0.0,0.0,0.0,0.0,0.0,0.0,0.0,0.0,0.0,0.17025546834795297,0.0,0.0,0.0,0.0,0.0,0.0,0.0,0.0,0.0,0.0,0.0,0.0,0.0,0.0,0.0,0.0,0.0,0.0,0.17699877268276296,0.1568789687156688,0.0,0.0,0.0,0.0,0.0,0.0,0.0,0.0,0.0,0.0,0.0,0.0,0.0,0.19968522295364735,0.0,0.0,0.0,0.0,0.5026855955915276,0.0,0.0,0.0,0.2689115203557445,0.0,0.0,0.14394618179297616,0.0,0.0,0.0,0.0,0.0,0.0,0.0,0.0,0.0,0.0,0.0,0.0,0.0,0.0,0.0
a25bd95aeb2115ef24d3545fc11150200f567027c0673daf0bbeede99a651b4a,0.0,0.0,0.0,0.0,0.0,0.0,0.0,0.0,0.0,0.0,0.3804286890926455,0.0,0.24779873479583195,0.0,0.0,0.0,0.0,0.0,0.0,0.0,0.0,0.3621426823714361,0.0,0.0,0.0,0.0,0.0,0.0,0.0,0.0,0.0,0.0,0.0,0.0,0.0,0.0,0.0,0.0,0.0,0.0,0.0,0.0,0.0,0.0,0.0,0.0,0.0,0.0,0.0,0.0,0.0,0.0,0.0,0.0,0.0,0.0,0.0,0.0,0.0,0.0,0.0,0.0,0.0,0.0,0.47908298100847646,0.0,0.0,0.0,0.0,0.0,0.0,0.0,0.0,0.0,0.0,0.2355789400554788,0.0,0.0,0.0,0.2155363887125588,0.0,0.0,0.0,0.0,0.0,0.0,0.0,0.0,0.0,0.0,0.0,0.0,0.0,0.0,0.0,0.0,0.0,0.0,0.0,0.0,0.0,0.0,0.0,0.0,0.0,0.0,0.0,0.0,0.0,0.0,0.0,0.0,0.0,0.0,0.0,0.0,0.30962493089069215,0.286373308934,0.0,0.0,0.0,0.0,0.0,0.0,0.39162652196435943,0.0,0.0,0.0,0.0,0.0,0.0,0.0,0.0,0.0,0.0,0.0,0.0,0.0,0.0,0.0,0.0,0.0,0.0,0.0,0.0,0.0,0.0,0.0,0.0,0.0,0.0,0.0,0.0,0.0,0.0,0.0,0.0,0.0,0.0,0.0,0.0
9c186b837c2bccd2fc41f849483ce1f6ab858c9d1ae1df29d2dbbda22496056c,0.0,0.0,0.0,0.0,0.0,0.0,0.0,0.0,0.0,0.0,0.38301468629400126,0.0,0.24948316831268866,0.0,0.0,0.0,0.0,0.4888737180981065,0.0,0.0,0.0,0.3646043788468981,0.0,0.0,0.0,0.0,0.0,0.0,0.0,0.0,0.0,0.0,0.0,0.0,0.0,0.0,0.0,0.0,0.0,0.0,0.0,0.0,0.0,0.0,0.0,0.0,0.0,0.0,0.0,0.0,0.0,0.0,0.0,0.0,0.0,0.0,0.0,0.0,0.0,0.0,0.0,0.0,0.0,0.0,0.48233958936538035,0.0,0.0,0.0,0.0,0.0,0.0,0.0,0.0,0.0,0.0,0.23718030845157645,0.0,0.0,0.0,0.21700151611746193,0.0,0.0,0.0,0.0,0.0,0.0,0.0,0.0,0.0,0.0,0.0,0.0,0.0,0.0,0.0,0.0,0.0,0.0,0.0,0.0,0.0,0.0,0.0,0.0,0.0,0.0,0.0,0.0,0.0,0.0,0.0,0.0,0.0,0.0,0.0,0.0,0.0,0.2883199564836698,0.0,0.0,0.0,0.0,0.0,0.0,0.0,0.0,0.0,0.0,0.0,0.0,0.0,0.0,0.0,0.0,0.0,0.0,0.0,0.0,0.0,0.0,0.0,0.0,0.0,0.0,0.0,0.0,0.0,0.0,0.0,0.0,0.0,0.0,0.0,0.0,0.0,0.0,0.0,0.0,0.0,0.0,0.0
e3d71566b47c005f08e0d3d287cf1fc4cb31f65bc54a44d1ec8013d6ad318bb7,0.0,0.22509600737548124,0.26508523675852547,0.0,0.0,0.0,0.0,0.0,0.0,0.0,0.0,0.0,0.0,0.0,0.0,0.0,0.0,0.0,0.0,0.0,0.0,0.0,0.0,0.0,0.0,0.0,0.0,0.0,0.0,0.0,0.0,0.0,0.0,0.0,0.17209825038349172,0.0,0.0,0.0,0.0,0.0,0.0,0.0,0.0,0.0,0.0,0.31947763334799034,0.0,0.0,0.0,0.0,0.24922838710043618,0.0,0.0,0.0,0.0,0.0,0.0,0.0,0.0,0.0,0.15249028361650765,0.0,0.0,0.21336360427718765,0.20324171364648355,0.0,0.0,0.0,0.0,0.0,0.0,0.0,0.0,0.0,0.0,0.09993982122911312,0.0,0.0,0.0,0.0914371554232689,0.0,0.0,0.0,0.0,0.3312278473348752,0.3093424959387921,0.0,0.0,0.0,0.0,0.0,0.0,0.0,0.0,0.0,0.0,0.0,0.0,0.0,0.0,0.0,0.0,0.0,0.0,0.0,0.0,0.0,0.0,0.0,0.0,0.0,0.0,0.0,0.0,0.211325663719028,0.0,0.0,0.12148835245168144,0.13377461042122538,0.11856818329941994,0.1413624942757423,0.0,0.23075695436530447,0.0,0.0,0.0,0.0,0.0,0.0,0.0,0.0,0.0,0.0,0.0,0.0,0.0,0.0,0.0,0.0,0.0,0.0,0.0,0.0,0.0,0.31525530358880716,0.10879366053849228,0.22509600737548124,0.0,0.0,0.0,0.0,0.0,0.0,0.0,0.15789499912917895,0.0,0.0,0.0,0.0,0.0,0.0
e5b246094eac60cef4b7d3b449178ec59de0126e165a5ac4e07815c84c3e2929,0.0,0.0,0.0,0.0,0.0,0.0,0.0,0.0,0.0,0.0,0.0,0.0,0.0,0.0,0.0,0.0,0.0,0.0,0.0,0.0,0.0,0.0,0.0,0.0,0.0,0.0,0.0,0.0,0.0,0.0,0.0,0.0,0.0,0.0,0.3468990280072203,0.0,0.0,0.0,0.0,0.0,0.0,0.0,0.0,0.0,0.0,0.0,0.0,0.0,0.0,0.0,0.0,0.0,0.0,0.0,0.0,0.0,0.0,0.0,0.0,0.0,0.30737518277632697,0.0,0.0,0.4300777420510803,0.0,0.0,0.0,0.3468990280072203,0.0,0.0,0.0,0.0,0.0,0.0,0.0,0.2014490372002078,0.0,0.0,0.0,0.18431018484729322,0.0,0.0,0.0,0.0,0.0,0.0,0.0,0.0,0.0,0.0,0.0,0.0,0.0,0.0,0.0,0.0,0.0,0.0,0.0,0.0,0.0,0.0,0.0,0.0,0.0,0.0,0.3387856641775232,0.0,0.0,0.0,0.0,0.0,0.0,0.0,0.0,0.0,0.0,0.24488448479735103,0.0,0.0,0.28494485999513214,0.0,0.0,0.0,0.0,0.0,0.0,0.0,0.0,0.0,0.0,0.0,0.0,0.0,0.0,0.0,0.0,0.0,0.0,0.0,0.0,0.0,0.0,0.0,0.0,0.21929575117732078,0.0,0.0,0.0,0.0,0.0,0.0,0.0,0.0,0.3182694861979094,0.0,0.0,0.0,0.0,0.0,0.0
e8a091a84dd2ea7ee429135ff48e9f48f7787637ccb79f6c3eb42f34588bc684,0.0,0.2000738082812594,0.23561774131758562,0.0,0.0,0.0,0.0,0.0,0.0,0.0,0.0,0.0,0.09343802203618652,0.0,0.0,0.0,0.0,0.18309609242781158,0.0,0.0,0.0,0.1365539495734145,0.0,0.0,0.0,0.0,0.0,0.0,0.0,0.0,0.0,0.0,0.0,0.0,0.0,0.3294751195449245,0.0,0.0,0.0,0.0,0.0,0.0,0.0,0.0,0.0,0.0,0.0,0.1949011326857695,0.0,0.0,0.22152357618588153,0.0,0.2685444132949157,0.0,0.0,0.0,0.0,0.0,0.0,0.0,0.13553910673391745,0.0,0.0,0.1896456065750832,0.18064888900064274,0.0,0.0,0.0,0.0,0.0,0.0,0.0,0.0,0.0,0.0,0.0888302767578761,0.0,0.0,0.0,0.08127278718641337,0.0,0.0,0.0,0.0,0.294407784472816,0.27495525996808823,0.0,0.0,0.0,0.0,0.0,0.0,0.0,0.0,0.0,0.0,0.0,0.0,0.0,0.11437390693657865,0.0,0.0,0.0,0.0,0.0,0.0,0.0,0.0,0.0,0.0,0.0,0.0,0.0,0.0,0.18783420825986702,0.0,0.0,0.10798342280802002,0.11890391158147122,0.10538786649438078,0.1256483085046769,0.0,0.20510547115230698,0.28021078607877453,0.0,0.0,0.0,0.0,0.0,0.0,0.0,0.0,0.0,0.0,0.0,0.0,0.0,0.0,0.0,0.0,0.0,0.0,0.0,0.0,0.0,0.09669990256417886,0.0,0.0,0.0,0.0,0.0,0.0,0.0,0.0,0.14034302141861094,0.0,0.0,0.24777401288586762,0.0,0.0,0.0
e8bcc8ddde1b44853ef87384bd1366681e41cfe084a1ce2378cbe2effc140ce8,0.0,0.0,0.0,0.0,0.0,0.0,0.0,0.0,0.0,0.0,0.0,0.0,0.3161421389648587,0.0,0.0,0.0,0.0,0.6194950303402018,0.0,0.0,0.0,0.0,0.0,0.0,0.0,0.0,0.0,0.0,0.0,0.0,0.0,0.0,0.0,0.0,0.0,0.0,0.0,0.0,0.0,0.0,0.0,0.0,0.57969578887947,0.0,0.0,0.0,0.0,0.0,0.0,0.0,0.0,0.0,0.0,0.0,0.0,0.0,0.0,0.0,0.0,0.0,0.0,0.0,0.0,0.0,0.0,0.0,0.0,0.0,0.0,0.0,0.0,0.0,0.0,0.0,0.0,0.0,0.0,0.0,0.0,0.0,0.0,0.0,0.0,0.0,0.0,0.0,0.0,0.0,0.0,0.0,0.0,0.0,0.0,0.0,0.0,0.0,0.0,0.0,0.0,0.0,0.0,0.0,0.42453839368180274,0.0,0.0,0.0,0.0,0.0,0.0,0.0,0.0,0.0,0.0,0.0,0.0,0.0,0.0,0.0,0.0,0.0,0.0,0.0,0.0,0.0,0.0,0.0,0.0,0.0,0.0,0.0,0.0,0.0,0.0,0.0,0.0,0.0,0.0,0.0,0.0,0.0,0.0,0.0,0.0,0.0,0.0,0.0,0.0,0.0,0.0,0.0,0.0,0.0,0.0,0.0,0.0,0.0,0.0,0.0,0.0,0.0,0.0
e9e5459e32521a8ca1c075a96d3358337919321f5d149fe3a8cc5f6f57b33923,0.0,0.0,0.0,0.0,0.0,0.0,0.0,0.0,0.0,0.0,0.0,0.0,0.0,0.0,0.0,0.0,0.0,0.0,0.0,0.0,0.0,0.0,0.0,0.0,0.0,0.0,0.0,0.0,0.0,0.0,0.0,0.0,0.0,0.0,0.0,0.0,0.0,0.0,0.0,0.0,0.0,0.0,0.0,0.0,0.0,0.0,0.0,0.0,0.0,0.0,0.0,0.0,0.0,0.0,0.0,0.0,0.0,0.0,0.0,0.0,0.0,0.0,0.0,0.0,0.0,0.0,0.0,0.532943874637846,0.0,0.0,0.0,0.0,0.0,0.0,0.0,0.0,0.0,0.0,0.0,0.0,0.0,0.0,0.0,0.0,0.0,0.0,0.0,0.0,0.0,0.0,0.0,0.0,0.0,0.0,0.0,0.0,0.0,0.0,0.0,0.0,0.0,0.0,0.437160379559591,0.0,0.0,0.0,0.0,0.0,0.0,0.0,0.0,0.0,0.0,0.0,0.0,0.0,0.0,0.0,0.4142654503877225,0.3671750693313535,0.0,0.0,0.0,0.0,0.0,0.0,0.0,0.0,0.0,0.0,0.0,0.0,0.0,0.4673630645503422,0.0,0.0,0.0,0.0,0.0,0.0,0.0,0.0,0.0,0.0,0.0,0.0,0.0,0.0,0.0,0.0,0.0,0.0,0.0,0.0,0.0,0.0,0.0,0.0,0.0,0.0,0.0
1e3d1dce864ea7544e10a2758f11fafacd39a0cfc7022e3493d6a25dbaffb6c3,0.0,0.22702296996739454,0.0,0.0,0.0,0.294984697879822,0.0,0.0,0.0,0.0,0.0,0.0,0.0,0.0,0.0,0.0,0.0,0.20775842200170624,0.0,0.0,0.0,0.0,0.0,0.0,0.0,0.0,0.0,0.0,0.0,0.0,0.0,0.0,0.0,0.0,0.0,0.0,0.0,0.0,0.0,0.0,0.0,0.0,0.194411054875604,0.0,0.0,0.0,0.0,0.0,0.0,0.0,0.0,0.0,0.0,0.0,0.0,0.296520897440948,0.0,0.0,0.0,0.0,0.15379569580744493,0.0,0.0,0.0,0.0,0.0,0.0,0.0,0.0,0.0,0.0,0.0,0.0,0.0,0.0,0.0,0.0,0.0,0.0,0.09221991465594463,0.0,0.0,0.0,0.0,0.0,0.0,0.0,0.0,0.0,0.0,0.46502912205045344,0.46502912205045344,0.0,0.0,0.0,0.0,0.0,0.0,0.0,0.0,0.0,0.0,0.14237632657365112,0.0,0.0,0.0,0.1695119836323442,0.0,0.0,0.0,0.0,0.0,0.0,0.0,0.0,0.0,0.13247686329277647,0.12252836872410275,0.13491980474534984,0.0,0.0,0.0,0.0,0.0,0.0,0.0,0.1924656952923863,0.0,0.0,0.0,0.0,0.0,0.0,0.0,0.0,0.0,0.0,0.0,0.0,0.0,0.0,0.0,0.0,0.0,0.0,0.10972500230922964,0.0,0.0,0.0,0.0,0.0,0.0,0.0,0.0,0.0,0.0,0.0,0.28114820610108837,0.0,0.0,0.0
e165b3e962a2916ed4693993f1911c04b18fcbf7fbdaa824d0e57449da4e4099,0.0,0.0,0.0,0.0,0.0,0.0,0.0,0.0,0.0,0.0,0.0,0.0,0.0,0.0,0.0,0.0,0.0,0.5406308120175433,0.0,0.0,0.0,0.0,0.0,0.0,0.0,0.0,0.0,0.0,0.0,0.0,0.0,0.0,0.0,0.0,0.0,0.0,0.0,0.0,0.0,0.0,0.0,0.0,0.0,0.0,0.0,0.0,0.0,0.0,0.0,0.0,0.0,0.0,0.0,0.0,0.0,0.0,0.0,0.0,0.0,0.0,0.40020852636481413,0.0,0.0,0.0,0.0,0.0,0.0,0.0,0.0,0.0,0.0,0.0,0.0,0.0,0.0,0.0,0.0,0.0,0.0,0.0,0.0,0.0,0.0,0.0,0.0,0.0,0.0,0.0,0.0,0.0,0.0,0.0,0.0,0.0,0.0,0.0,0.0,0.0,0.0,0.3377136964576154,0.0,0.0,0.37049294226424084,0.0,0.0,0.0,0.44110559020854584,0.0,0.0,0.0,0.0,0.0,0.0,0.0,0.0,0.0,0.0,0.3188444099654964,0.0,0.0,0.0,0.0,0.0,0.0,0.0,0.0,0.0,0.0,0.0,0.0,0.0,0.0,0.0,0.0,0.0,0.0,0.0,0.0,0.0,0.0,0.0,0.0,0.0,0.0,0.0,0.0,0.0,0.0,0.0,0.0,0.0,0.0,0.0,0.0,0.0,0.0,0.0,0.0,0.0,0.0,0.0
e42664c55e91e3cb94efe5bc61089593695d80324bc49c43d25008697647ad89,0.0,0.0,0.0,0.0,0.0,0.0,0.3053290310712688,0.0,0.0,0.0,0.0,0.0,0.11462334858449567,0.0,0.0,0.0,0.29615127878280734,0.22460971207935287,0.0,0.0,0.0,0.0,0.0,0.0,0.0,0.3025983972925166,0.0,0.0,0.0,0.0,0.0,0.0,0.0,0.0,0.0,0.0,0.0,0.0,0.0,0.0,0.0,0.0,0.0,0.0,0.0,0.0,0.0,0.0,0.0,0.27942676219766094,0.0,0.0,0.0,0.0,0.0,0.0,0.0,0.0,0.0,0.0,0.16627006800268362,0.3039521431457224,0.0,0.0,0.0,0.0,0.0,0.0,0.0,0.0,0.0,0.0,0.0,0.0,0.0,0.10897088311364272,0.0,0.0,0.0,0.0,0.0,0.0,0.0,0.0,0.0,0.0,0.0,0.0,0.23909132475751807,0.0,0.0,0.0,0.0,0.0,0.0,0.0,0.0,0.0,0.0,0.14030605440989466,0.0,0.0,0.15392447348469493,0.0,0.0,0.0,0.0,0.0,0.0,0.0,0.0,0.0,0.0,0.0,0.23042210719235173,0.2622629598523737,0.14322206452416134,0.1324666473470206,0.145863153010503,0.12928259711109266,0.15413671598491416,0.0,0.0,0.0,0.0,0.0,0.0,0.0,0.0,0.0,0.0,0.0,0.2937103046409601,0.0,0.0,0.0,0.0,0.0,0.0,0.0,0.0,0.0,0.0,0.17709610857955055,0.0,0.1186247996068241,0.0,0.0,0.0,0.0,0.0,0.0,0.0,0.0,0.0,0.0,0.0,0.0,0.0,0.0,0.0
e62467fc0e7982279b2752a3330e741135366e7b318890aa9613ccc5ddcfd37f,0.0,0.0,0.0,0.0,0.0,0.0,0.0,0.0,0.0,0.0,0.0,0.0,0.1701590233852186,0.0,0.0,0.0,0.0,0.0,0.0,0.0,0.0,0.0,0.0,0.0,0.0,0.0,0.0,0.0,0.0,0.0,0.0,0.0,0.0,0.0,0.0,0.0,0.0,0.0,0.0,0.0,0.0,0.0,0.0,0.0,0.0,0.0,0.0,0.35493245331798307,0.0,0.0,0.0,0.0,0.0,0.0,0.0,0.0,0.0,0.0,0.0,0.0,0.24682887682935345,0.0,0.0,0.0,0.0,0.6520551669359136,0.0,0.0,0.5805712132103805,0.0,0.0,0.0,0.0,0.0,0.0,0.0,0.0,0.0,0.0,0.14800503899878165,0.0,0.0,0.0,0.0,0.0,0.0,0.0,0.0,0.0,0.0,0.0,0.0,0.0,0.0,0.0,0.0,0.0,0.0,0.0,0.0,0.0,0.0,0.0,0.0,0.0,0.0,0.0,0.0,0.0,0.0,0.0,0.0,0.0,0.0,0.0,0.0,0.0,0.0,0.0,0.0,0.0,0.0,0.0,0.0,0.0,0.0,0.0,0.0,0.0,0.0,0.0,0.0,0.0,0.0,0.0,0.0,0.0,0.0,0.0,0.0,0.0,0.0,0.0,0.0,0.0,0.0,0.0,0.0,0.0,0.0,0.0,0.0,0.0,0.0,0.0,0.0,0.0,0.0,0.0,0.0,0.0
9c672b05b987575f132c5f798a162abfa487ac60dcf19a19220b4451b10d79a2,0.0,0.0,0.0,0.0,0.0,0.0,0.0,0.0,0.0,0.0,0.0,0.0,0.36754633830024885,0.0,0.0,0.0,0.0,0.0,0.0,0.0,0.0,0.0,0.0,0.0,0.0,0.0,0.0,0.0,0.0,0.0,0.0,0.0,0.0,0.0,0.0,0.0,0.0,0.0,0.0,0.0,0.0,0.0,0.0,0.0,0.0,0.0,0.0,0.0,0.0,0.0,0.0,0.0,0.0,0.0,0.0,0.0,0.0,0.0,0.0,0.0,0.0,0.0,0.0,0.0,0.0,0.0,0.0,0.0,0.0,0.0,0.0,0.0,0.0,0.0,0.0,0.0,0.0,0.0,0.0,0.0,0.0,0.0,0.0,0.0,0.0,0.0,0.0,0.0,0.0,0.0,0.0,0.0,0.0,0.0,0.0,0.0,0.0,0.0,0.0,0.0,0.0,0.0,0.4935676483259345,0.0,0.0,0.0,0.0,0.0,0.0,0.0,0.0,0.0,0.0,0.0,0.0,0.0,0.0,0.0,0.0,0.41455205907809073,0.0,0.0,0.0,0.0,0.0,0.0,0.0,0.0,0.0,0.0,0.0,0.0,0.0,0.0,0.0,0.0,0.0,0.0,0.0,0.0,0.0,0.0,0.0,0.0,0.0,0.3803772203963206,0.0,0.0,0.0,0.0,0.0,0.0,0.0,0.0,0.5520511083638633,0.0,0.0,0.0,0.0,0.0,0.0
e589257b8ad21635e0b1cf15b0936f939b19153806c3dcb9d502853525977817,0.0,0.0,0.0,0.0,0.3214520998072011,0.0,0.0,0.0,0.0,0.0,0.0,0.0,0.11553670501485988,0.0,0.0,0.0,0.0,0.0,0.0,0.0,0.0,0.0,0.0,0.0,0.0,0.0,0.0,0.0,0.0,0.0,0.0,0.0,0.0,0.0,0.0,0.0,0.0,0.0,0.0,0.0,0.0,0.0,0.0,0.0,0.0,0.0,0.0,0.0,0.0,0.0,0.27391530254903074,0.0,0.0,0.0,0.0,0.0,0.0,0.0,0.0,0.0,0.1675949624300646,0.0,0.0,0.0,0.0,0.0,0.0,0.0,0.0,0.0,0.0,0.0,0.0,0.0,0.0,0.0,0.0,0.0,0.0,0.10049431520773829,0.0,0.0,0.0,0.0,0.0,0.0,0.0,0.0,0.0,0.0,0.0,0.0,0.0,0.0,0.0,0.0,0.0,0.0,0.0,0.14142405906249683,0.0,0.0,0.0,0.0,0.0,0.0,0.18472138884743233,0.0,0.0,0.0,0.0,0.0,0.0,0.0,0.23225818610560267,0.2643527571213039,0.0,0.1335221850333411,0.14702543844711397,0.13031276324097635,0.0,0.0,0.2536142118706294,0.0,0.18259672706348623,0.0,0.20973461449785438,0.0,0.0,0.0,0.0,0.0,0.0,0.16587011882161382,0.0,0.0,0.0,0.0,0.0,0.0,0.3729027370803106,0.0,0.0,0.17850726844847004,0.0,0.0,0.0,0.26770118215006844,0.0,0.0,0.0,0.0,0.0,0.0,0.1735350333107071,0.0,0.0,0.30637413349841636,0.0,0.0,0.0
e483229728bfc03fd0a58d71d5df34bc340360374fa16f5b6f9acba30304d0c8,0.0,0.0,0.0,0.0,0.0,0.0,0.0,0.0,0.0,0.0,0.0,0.0,0.0,0.0,0.0,0.0,0.0,0.0,0.0,0.0,0.0,0.0,0.0,0.0,0.0,0.0,0.0,0.0,0.0,0.0,0.0,0.0,0.0,0.0,0.3349358986844229,0.0,0.0,0.0,0.0,0.0,0.0,0.0,0.0,0.0,0.0,0.0,0.0,0.0,0.0,0.0,0.0,0.0,0.0,0.0,0.0,0.0,0.0,0.0,0.0,0.0,0.29677506929865205,0.0,0.0,0.41524611892267344,0.0,0.0,0.0,0.3349358986844229,0.0,0.0,0.0,0.0,0.0,0.0,0.0,0.1945018834482263,0.0,0.0,0.0,0.17795408004785587,0.0,0.0,0.0,0.0,0.0,0.0,0.0,0.0,0.0,0.0,0.0,0.0,0.0,0.0,0.0,0.0,0.0,0.0,0.0,0.0,0.0,0.0,0.0,0.0,0.0,0.0,0.3271023316050804,0.0,0.0,0.0,0.0,0.0,0.0,0.0,0.0,0.0,0.0,0.23643942002560328,0.2603508127639259,0.0,0.27511827665308486,0.0,0.0,0.0,0.0,0.0,0.0,0.0,0.0,0.0,0.0,0.0,0.0,0.0,0.0,0.0,0.0,0.0,0.0,0.0,0.0,0.0,0.0,0.0,0.0,0.21173313721917597,0.0,0.0,0.0,0.0,0.0,0.0,0.0,0.0,0.30729367273207686,0.0,0.0,0.0,0.0,0.0,0.0
e1957024039b0e48a15c27448f19d4df4f0e4666f9ac34e7f4d42dd3c32e15ed,0.0,0.20590630838447033,0.0,0.0,0.0,0.0,0.0,0.0,0.0,0.0,0.0,0.0,0.09616190317710911,0.0,0.0,0.0,0.0,0.0,0.0,0.0,0.0,0.14053473512362086,0.0,0.0,0.0,0.0,0.0,0.0,0.0,0.0,0.0,0.0,0.0,0.0,0.15742667241885047,0.0,0.0,0.0,0.0,0.0,0.0,0.0,0.1763278078174889,0.0,0.0,0.0,0.0,0.0,0.0,0.0,0.2279813743957876,0.0,0.0,0.0,0.0,0.0,0.0,0.0,0.0,0.3280979855283016,0.1394903078471755,0.0,0.0,0.0,0.0,0.0,0.0,0.0,0.0,0.0,0.0,0.0,0.0,0.0,0.0,0.0,0.0,0.15556062998793638,0.0,0.08364203053578084,0.0,0.0,0.0,0.0,0.0,0.0,0.0,0.0,0.0,0.0,0.0,0.0,0.0,0.0,0.0,0.0,0.0,0.0,0.0,0.0,0.0,0.0,0.129133117280303,0.0,0.0,0.0,0.0,0.0,0.3157779528215791,0.0,0.0,0.0,0.0,0.0,0.1933099026972025,0.0,0.0,0.11113132772412712,0.12237016777226754,0.10846010642166581,0.12931117561665584,0.2984837414537179,0.21108465299495605,0.28837941870872763,0.0,0.0,0.0,0.0,0.2675465402424517,0.0,0.0,0.0,0.0,0.13805471000794195,0.0,0.0,0.0,0.0,0.0,0.0,0.0,0.0,0.0,0.0,0.0,0.0995188732057193,0.0,0.22280932414509838,0.0,0.0,0.0,0.0,0.0,0.0,0.1444342650148656,0.0,0.0,0.2549970570621361,0.0,0.0,0.0
ea19633a99460ad483a14f6bfc0554f19367acebeb090bd37b43b67ca6ebed41,0.0,0.0,0.0,0.0,0.0,0.0,0.0,0.0,0.0,0.0,0.0,0.0,0.0,0.0,0.0,0.0,0.0,0.0,0.0,0.0,0.0,0.0,0.0,0.0,0.0,0.0,0.0,0.0,0.0,0.0,0.0,0.0,0.0,0.0,0.3468990280072203,0.0,0.0,0.0,0.0,0.0,0.0,0.0,0.0,0.0,0.0,0.0,0.0,0.0,0.0,0.0,0.0,0.0,0.0,0.0,0.0,0.0,0.0,0.0,0.0,0.0,0.30737518277632697,0.0,0.0,0.4300777420510803,0.0,0.0,0.0,0.3468990280072203,0.0,0.0,0.0,0.0,0.0,0.0,0.0,0.2014490372002078,0.0,0.0,0.0,0.18431018484729322,0.0,0.0,0.0,0.0,0.0,0.0,0.0,0.0,0.0,0.0,0.0,0.0,0.0,0.0,0.0,0.0,0.0,0.0,0.0,0.0,0.0,0.0,0.0,0.0,0.0,0.0,0.3387856641775232,0.0,0.0,0.0,0.0,0.0,0.0,0.0,0.0,0.0,0.0,0.24488448479735103,0.0,0.0,0.28494485999513214,0.0,0.0,0.0,0.0,0.0,0.0,0.0,0.0,0.0,0.0,0.0,0.0,0.0,0.0,0.0,0.0,0.0,0.0,0.0,0.0,0.0,0.0,0.0,0.0,0.21929575117732078,0.0,0.0,0.0,0.0,0.0,0.0,0.0,0.0,0.3182694861979094,0.0,0.0,0.0,0.0,0.0,0.0
1e8e8e440cadb082cff90fecfdbaebda68160a41773e5f70ba71460110dd16e5,0.0,0.2139094888024821,0.2519113872575852,0.0,0.0,0.0,0.0,0.0,0.0,0.0,0.0,0.0,0.0,0.0,0.0,0.0,0.0,0.0,0.0,0.0,0.0,0.0,0.0,0.0,0.0,0.0,0.0,0.0,0.0,0.0,0.0,0.0,0.0,0.0,0.16354554304433305,0.0,0.0,0.0,0.0,0.0,0.0,0.0,0.0,0.0,0.0,0.3036006636905783,0.0,0.0,0.0,0.0,0.23684256998300054,0.0,0.0,0.0,0.0,0.0,0.0,0.0,0.0,0.0,0.14491202663288874,0.0,0.0,0.20276014689081384,0.19314128036459932,0.0,0.0,0.16354554304433305,0.0,0.0,0.0,0.0,0.0,0.0,0.0,0.09497314643378102,0.0,0.0,0.0,0.08689303467527902,0.0,0.0,0.0,0.0,0.31476693134925604,0.29396920870644755,0.0,0.0,0.0,0.0,0.0,0.0,0.0,0.0,0.0,0.0,0.0,0.0,0.0,0.0,0.0,0.0,0.0,0.0,0.0,0.0,0.0,0.0,0.0,0.0,0.0,0.0,0.0,0.0,0.20082348516105425,0.0,0.0,0.11545078773896394,0.12712645978754264,0.11267574122498888,0.13433725119755996,0.0,0.21928910566397128,0.0,0.0,0.0,0.0,0.0,0.0,0.0,0.0,0.0,0.0,0.0,0.0,0.0,0.0,0.0,0.0,0.0,0.0,0.0,0.0,0.0,0.29958816959584406,0.10338697954744164,0.2139094888024821,0.0,0.0,0.0,0.0,0.0,0.0,0.0,0.1500481458644922,0.0,0.0,0.26490830004319005,0.0,0.0,0.0
ec35c76ad2c8192f09c02eca1f263b406163470ca8438d054db7adcf5bfc0597,0.0,0.20918390617417917,0.0,0.0,0.0,0.0,0.0,0.0,0.0,0.0,0.0,0.0,0.09769259955926649,0.0,0.0,0.0,0.0,0.0,0.0,0.0,0.0,0.14277175418744883,0.0,0.0,0.0,0.0,0.0,0.0,0.0,0.0,0.0,0.0,0.0,0.0,0.15993257579602044,0.0,0.0,0.0,0.0,0.0,0.0,0.0,0.0,0.0,0.0,0.0,0.0,0.0,0.0,0.0,0.23161036106781896,0.0,0.0,0.0,0.0,0.0,0.0,0.0,0.0,0.33332061926212364,0.1417107018131148,0.0,0.0,0.0,0.0,0.0,0.0,0.0,0.0,0.0,0.0,0.0,0.0,0.0,0.0,0.0,0.0,0.15803682987231366,0.0,0.08497343672999491,0.0,0.0,0.0,0.0,0.0,0.0,0.0,0.0,0.0,0.0,0.0,0.0,0.0,0.0,0.0,0.0,0.0,0.0,0.0,0.0,0.0,0.0,0.13118864643381414,0.0,0.0,0.0,0.0,0.0,0.3208044774012644,0.0,0.0,0.0,0.0,0.0,0.19638699205294063,0.0,0.0,0.11290030603748646,0.12431804491388375,0.11018656447857715,0.1313695390864842,0.3032349783581552,0.21444467920068988,0.29296981592760435,0.0,0.0,0.0,0.0,0.2718053216067679,0.0,0.0,0.0,0.0,0.14025225225874097,0.0,0.0,0.0,0.0,0.0,0.0,0.0,0.0,0.0,0.0,0.0,0.10110300552984572,0.0,0.2263559825941485,0.0,0.0,0.0,0.0,0.0,0.0,0.14673335643894675,0.0,0.0,0.2590560769006568,0.0,0.0,0.0
ecac12520eaa08addb97ed05c2ac1406d56e58eb422954b704ef5c5516e02397,0.0,0.0,0.0,0.0,0.0,0.0,0.0,0.0,0.0,0.0,0.0,0.0,0.0,0.0,0.0,0.0,0.0,0.0,0.0,0.0,0.0,0.0,0.0,0.0,0.0,0.0,0.0,0.0,0.0,0.0,0.0,0.0,0.0,0.0,0.0,0.0,0.0,0.0,0.0,0.0,0.0,0.0,0.28645013024894156,0.0,0.0,0.0,0.0,0.0,0.0,0.0,0.0,0.0,0.0,0.0,0.0,0.0,0.0,0.0,0.0,0.0,0.0,0.0,0.0,0.0,0.0,0.0,0.0,0.25574463482080717,0.0,0.0,0.0,0.0,0.0,0.0,0.0,0.0,0.0,0.0,0.0,0.0,0.0,0.0,0.0,0.0,0.0,0.0,0.0,0.0,0.0,0.0,0.0,0.0,0.0,0.0,0.0,0.0,0.0,0.0,0.0,0.0,0.0,0.0,0.20978085488751708,0.0,0.35633012805694037,0.0,0.0,0.0,0.0,0.0,0.0,0.0,0.0,0.0,0.0,0.0,0.0,0.0,0.19879422837963834,0.17619689143676145,0.0,0.0,0.0,0.0,0.0,0.0,0.0,0.0,0.0,0.0,0.0,0.0,0.0,0.22427426594101008,0.6851855861084529,0.0,0.0,0.0,0.0,0.0,0.0,0.0,0.30202502187588137,0.0,0.0,0.0,0.0,0.0,0.0,0.0,0.0,0.0,0.0,0.0,0.0,0.0,0.0,0.0,0.0,0.0,0.0
ecd8e9ed858fc2d170b243352ea0e8e16e87d48d5de04f8de5f8f6e1026c76fe,0.0,0.0,0.0,0.0,0.0,0.0,0.0,0.0,0.0,0.0,0.0,0.0,0.0,0.0,0.0,0.0,0.0,0.0,0.0,0.0,0.0,0.0,0.0,0.0,0.0,0.0,0.0,0.0,0.0,0.0,0.0,0.0,0.0,0.0,0.3135818144794954,0.0,0.0,0.0,0.0,0.0,0.0,0.0,0.0,0.0,0.0,0.0,0.0,0.0,0.0,0.0,0.0,0.0,0.0,0.0,0.0,0.0,0.0,0.0,0.0,0.0,0.277853956797368,0.0,0.0,0.38877179764486136,0.0,0.0,0.0,0.3135818144794954,0.0,0.0,0.0,0.0,0.0,0.0,0.0,0.1821012730225168,0.0,0.0,0.0,0.16660848698100833,0.0,0.0,0.0,0.0,0.0,0.0,0.0,0.0,0.0,0.0,0.0,0.0,0.0,0.0,0.0,0.0,0.0,0.0,0.0,0.0,0.0,0.0,0.2572232303711078,0.0,0.0,0.0,0.30624768222244053,0.0,0.0,0.0,0.0,0.0,0.0,0.0,0.0,0.0,0.239338431786074,0.22136505115555244,0.24375195548878975,0.0,0.25757790887214455,0.0,0.0,0.0,0.0,0.0,0.0,0.0,0.0,0.0,0.0,0.0,0.0,0.0,0.0,0.0,0.0,0.0,0.0,0.0,0.0,0.0,0.0,0.0,0.0,0.19823393555428723,0.0,0.0,0.0,0.0,0.0,0.0,0.0,0.0,0.2877019389438008,0.0,0.0,0.0,0.0,0.0,0.0
ed42bb9e3f5959e3d58872874381d92e50c601cd1be46effeb3724ff19eeef71,0.0,0.0,0.0,0.0,0.0,0.0,0.0,0.0,0.0,0.0,0.0,0.0,0.0,0.0,0.0,0.0,0.0,0.5406308120175433,0.0,0.0,0.0,0.0,0.0,0.0,0.0,0.0,0.0,0.0,0.0,0.0,0.0,0.0,0.0,0.0,0.0,0.0,0.0,0.0,0.0,0.0,0.0,0.0,0.0,0.0,0.0,0.0,0.0,0.0,0.0,0.0,0.0,0.0,0.0,0.0,0.0,0.0,0.0,0.0,0.0,0.0,0.40020852636481413,0.0,0.0,0.0,0.0,0.0,0.0,0.0,0.0,0.0,0.0,0.0,0.0,0.0,0.0,0.0,0.0,0.0,0.0,0.0,0.0,0.0,0.0,0.0,0.0,0.0,0.0,0.0,0.0,0.0,0.0,0.0,0.0,0.0,0.0,0.0,0.0,0.0,0.0,0.3377136964576154,0.0,0.0,0.37049294226424084,0.0,0.0,0.0,0.44110559020854584,0.0,0.0,0.0,0.0,0.0,0.0,0.0,0.0,0.0,0.0,0.3188444099654964,0.0,0.0,0.0,0.0,0.0,0.0,0.0,0.0,0.0,0.0,0.0,0.0,0.0,0.0,0.0,0.0,0.0,0.0,0.0,0.0,0.0,0.0,0.0,0.0,0.0,0.0,0.0,0.0,0.0,0.0,0.0,0.0,0.0,0.0,0.0,0.0,0.0,0.0,0.0,0.0,0.0,0.0,0.0
ede12e010ddaffd96dbc21854ff8a5f24d75cd9766d6eb41fce18824c5c18889,0.0,0.0,0.0,0.0,0.0,0.0,0.31217494092441106,0.0,0.0,0.0,0.0,0.0,0.1171933666031609,0.0,0.0,0.0,0.30279141041498964,0.22964578033542568,0.0,0.0,0.0,0.0,0.0,0.0,0.0,0.309383082464122,0.0,0.0,0.0,0.0,0.0,0.0,0.0,0.0,0.0,0.0,0.0,0.0,0.0,0.0,0.0,0.0,0.0,0.0,0.0,0.0,0.0,0.0,0.0,0.28569190645154646,0.0,0.0,0.0,0.0,0.0,0.0,0.0,0.0,0.0,0.0,0.16999807870912875,0.3107671812190568,0.0,0.0,0.0,0.0,0.0,0.0,0.0,0.0,0.0,0.0,0.0,0.0,0.0,0.11141416484088591,0.0,0.0,0.0,0.0,0.0,0.0,0.0,0.0,0.0,0.0,0.0,0.0,0.24445209130570872,0.0,0.0,0.0,0.0,0.0,0.0,0.0,0.0,0.0,0.0,0.0,0.0,0.0,0.0,0.0,0.0,0.0,0.0,0.0,0.0,0.0,0.0,0.0,0.0,0.0,0.23558849758921419,0.26814326731828425,0.14643330630904247,0.13543673742690562,0.14913361174448406,0.13218129626949682,0.1575926797332346,0.0,0.0,0.0,0.0,0.0,0.0,0.0,0.0,0.0,0.0,0.0,0.30029570617142126,0.0,0.0,0.0,0.0,0.0,0.0,0.0,0.0,0.0,0.0,0.18106685446776222,0.0,0.12128453583172905,0.0,0.0,0.0,0.0,0.0,0.0,0.0,0.0,0.0,0.0,0.0,0.0,0.0,0.0,0.0
9ca18641bc6b48708e4314b3f8275860aef6b9ea16cd6230d781f0abaa84c853,0.0,0.0,0.0,0.0,0.0,0.0,0.0,0.0,0.0,0.0,0.2438536013876308,0.0,0.15883821497107542,0.0,0.0,0.0,0.0,0.0,0.0,0.0,0.0,0.2321323281981648,0.0,0.0,0.0,0.0,0.333884523106012,0.0,0.0,0.0,0.0,0.0,0.0,0.0,0.0,0.0,0.0,0.0,0.0,0.0,0.0,0.0,0.0,0.0,0.3084602308983836,0.0,0.0,0.0,0.0,0.0,0.0,0.0,0.0,0.0,0.0,0.0,0.0,0.0,0.30709069434557906,0.0,0.0,0.0,0.0,0.0,0.0,0.0,0.0,0.0,0.0,0.0,0.0,0.0,0.0,0.0,0.0,0.1510053647127,0.0,0.2569517862136241,0.0,0.13815815190752354,0.0,0.0,0.0,0.0,0.0,0.0,0.0,0.0,0.0,0.0,0.0,0.0,0.0,0.0,0.0,0.0,0.0,0.0,0.0,0.0,0.0,0.0,0.0,0.0,0.0,0.0,0.0,0.0,0.0,0.0,0.0,0.0,0.0,0.0,0.0,0.0,0.0,0.0,0.0,0.17915212917386628,0.0,0.0,0.0,0.0,0.25103137728044533,0.0,0.28834015804935004,0.0,0.4419277642158205,0.0,0.0,0.0,0.0,0.22803587472290068,0.0,0.0,0.0,0.0,0.0,0.0,0.0,0.0,0.0,0.0,0.0,0.16438318766232693,0.0,0.0,0.0,0.0,0.0,0.0,0.0,0.0,0.0,0.0,0.0,0.0,0.0,0.0,0.0
c65fa1c272dfed333cc5998c8a49afb64f1e29ee034d2028486535e7e312689d,0.0,0.0,0.0,0.0,0.0,0.0,0.3053290310712688,0.0,0.0,0.0,0.0,0.0,0.11462334858449567,0.0,0.0,0.0,0.29615127878280734,0.22460971207935287,0.0,0.0,0.0,0.0,0.0,0.0,0.0,0.3025983972925166,0.0,0.0,0.0,0.0,0.0,0.0,0.0,0.0,0.0,0.0,0.0,0.0,0.0,0.0,0.0,0.0,0.0,0.0,0.0,0.0,0.0,0.0,0.0,0.27942676219766094,0.0,0.0,0.0,0.0,0.0,0.0,0.0,0.0,0.0,0.0,0.16627006800268362,0.3039521431457224,0.0,0.0,0.0,0.0,0.0,0.0,0.0,0.0,0.0,0.0,0.0,0.0,0.0,0.10897088311364272,0.0,0.0,0.0,0.0,0.0,0.0,0.0,0.0,0.0,0.0,0.0,0.0,0.23909132475751807,0.0,0.0,0.0,0.0,0.0,0.0,0.0,0.0,0.0,0.0,0.14030605440989466,0.0,0.0,0.15392447348469493,0.0,0.0,0.0,0.0,0.0,0.0,0.0,0.0,0.0,0.0,0.0,0.23042210719235173,0.2622629598523737,0.14322206452416134,0.1324666473470206,0.145863153010503,0.12928259711109266,0.15413671598491416,0.0,0.0,0.0,0.0,0.0,0.0,0.0,0.0,0.0,0.0,0.0,0.2937103046409601,0.0,0.0,0.0,0.0,0.0,0.0,0.0,0.0,0.0,0.0,0.17709610857955055,0.0,0.1186247996068241,0.0,0.0,0.0,0.0,0.0,0.0,0.0,0.0,0.0,0.0,0.0,0.0,0.0,0.0,0.0
ef2e0cc0c05fb633f539b333d88842ebef9a357d790fe1dd3cb28934be350d3f,0.0,0.0,0.0,0.0,0.0,0.0,0.0,0.0,0.0,0.0,0.0,0.0,0.0,0.0,0.0,0.0,0.0,0.5406308120175433,0.0,0.0,0.0,0.0,0.0,0.0,0.0,0.0,0.0,0.0,0.0,0.0,0.0,0.0,0.0,0.0,0.0,0.0,0.0,0.0,0.0,0.0,0.0,0.0,0.0,0.0,0.0,0.0,0.0,0.0,0.0,0.0,0.0,0.0,0.0,0.0,0.0,0.0,0.0,0.0,0.0,0.0,0.40020852636481413,0.0,0.0,0.0,0.0,0.0,0.0,0.0,0.0,0.0,0.0,0.0,0.0,0.0,0.0,0.0,0.0,0.0,0.0,0.0,0.0,0.0,0.0,0.0,0.0,0.0,0.0,0.0,0.0,0.0,0.0,0.0,0.0,0.0,0.0,0.0,0.0,0.0,0.0,0.3377136964576154,0.0,0.0,0.37049294226424084,0.0,0.0,0.0,0.44110559020854584,0.0,0.0,0.0,0.0,0.0,0.0,0.0,0.0,0.0,0.0,0.3188444099654964,0.0,0.0,0.0,0.0,0.0,0.0,0.0,0.0,0.0,0.0,0.0,0.0,0.0,0.0,0.0,0.0,0.0,0.0,0.0,0.0,0.0,0.0,0.0,0.0,0.0,0.0,0.0,0.0,0.0,0.0,0.0,0.0,0.0,0.0,0.0,0.0,0.0,0.0,0.0,0.0,0.0,0.0,0.0
f0d31250d3ba9430c0e38a9fb626cc3ff4b10e05fe6f0a22707a6757f74f22b2,0.0,0.0,0.0,0.0,0.0,0.0,0.0,0.0,0.0,0.0,0.0,0.0,0.0,0.0,0.0,0.0,0.0,0.0,0.0,0.0,0.0,0.0,0.0,0.0,0.0,0.0,0.0,0.0,0.0,0.0,0.0,0.0,0.0,0.0,0.3349358986844229,0.0,0.0,0.0,0.0,0.0,0.0,0.0,0.0,0.0,0.0,0.0,0.0,0.0,0.0,0.0,0.0,0.0,0.0,0.0,0.0,0.0,0.0,0.0,0.0,0.0,0.29677506929865205,0.0,0.0,0.41524611892267344,0.0,0.0,0.0,0.3349358986844229,0.0,0.0,0.0,0.0,0.0,0.0,0.0,0.1945018834482263,0.0,0.0,0.0,0.17795408004785587,0.0,0.0,0.0,0.0,0.0,0.0,0.0,0.0,0.0,0.0,0.0,0.0,0.0,0.0,0.0,0.0,0.0,0.0,0.0,0.0,0.0,0.0,0.0,0.0,0.0,0.0,0.3271023316050804,0.0,0.0,0.0,0.0,0.0,0.0,0.0,0.0,0.0,0.0,0.23643942002560328,0.2603508127639259,0.0,0.27511827665308486,0.0,0.0,0.0,0.0,0.0,0.0,0.0,0.0,0.0,0.0,0.0,0.0,0.0,0.0,0.0,0.0,0.0,0.0,0.0,0.0,0.0,0.0,0.0,0.0,0.21173313721917597,0.0,0.0,0.0,0.0,0.0,0.0,0.0,0.0,0.30729367273207686,0.0,0.0,0.0,0.0,0.0,0.0
1ea73303f294c3f3c99b4651232952bfd97956bee1901b772298b58bde101018,0.0,0.0,0.0,0.0,0.0,0.0,0.0,0.0,0.0,0.0,0.2744996655491063,0.0,0.1788000531379024,0.0,0.0,0.0,0.0,0.0,0.0,0.0,0.0,0.26130533275266915,0.0,0.0,0.0,0.0,0.3758451357826535,0.0,0.0,0.0,0.0,0.0,0.0,0.0,0.2927136055322384,0.0,0.0,0.0,0.0,0.0,0.0,0.0,0.0,0.0,0.34722567038167723,0.0,0.0,0.0,0.0,0.0,0.0,0.0,0.0,0.0,0.0,0.0,0.0,0.0,0.34568401865472764,0.0,0.0,0.0,0.0,0.0,0.0,0.0,0.0,0.0,0.0,0.0,0.0,0.0,0.0,0.0,0.0,0.16998281704220722,0.0,0.28924395201268904,0.0,0.1555210432640406,0.0,0.0,0.0,0.0,0.0,0.0,0.0,0.0,0.0,0.0,0.0,0.0,0.0,0.0,0.0,0.0,0.0,0.0,0.0,0.0,0.0,0.0,0.0,0.0,0.0,0.0,0.0,0.0,0.0,0.0,0.0,0.0,0.0,0.0,0.0,0.0,0.0,0.0,0.0,0.20166689874907479,0.0,0.0,0.0,0.0,0.2825795014455303,0.0,0.0,0.0,0.0,0.0,0.0,0.0,0.0,0.25669406147146306,0.0,0.0,0.0,0.0,0.0,0.0,0.0,0.0,0.0,0.0,0.0,0.1850418848786112,0.0,0.0,0.0,0.0,0.0,0.0,0.0,0.0,0.0,0.0,0.0,0.0,0.0,0.0,0.0
f1e3ec3fe9b4347019a298a11db3a2c357e91b61b7152dc28b4ecef57968dbbb,0.0,0.0,0.0,0.0,0.0,0.0,0.0,0.0,0.0,0.0,0.0,0.0,0.0,0.0,0.0,0.0,0.0,0.5406308120175433,0.0,0.0,0.0,0.0,0.0,0.0,0.0,0.0,0.0,0.0,0.0,0.0,0.0,0.0,0.0,0.0,0.0,0.0,0.0,0.0,0.0,0.0,0.0,0.0,0.0,0.0,0.0,0.0,0.0,0.0,0.0,0.0,0.0,0.0,0.0,0.0,0.0,0.0,0.0,0.0,0.0,0.0,0.40020852636481413,0.0,0.0,0.0,0.0,0.0,0.0,0.0,0.0,0.0,0.0,0.0,0.0,0.0,0.0,0.0,0.0,0.0,0.0,0.0,0.0,0.0,0.0,0.0,0.0,0.0,0.0,0.0,0.0,0.0,0.0,0.0,0.0,0.0,0.0,0.0,0.0,0.0,0.0,0.3377136964576154,0.0,0.0,0.37049294226424084,0.0,0.0,0.0,0.44110559020854584,0.0,0.0,0.0,0.0,0.0,0.0,0.0,0.0,0.0,0.0,0.3188444099654964,0.0,0.0,0.0,0.0,0.0,0.0,0.0,0.0,0.0,0.0,0.0,0.0,0.0,0.0,0.0,0.0,0.0,0.0,0.0,0.0,0.0,0.0,0.0,0.0,0.0,0.0,0.0,0.0,0.0,0.0,0.0,0.0,0.0,0.0,0.0,0.0,0.0,0.0,0.0,0.0,0.0,0.0,0.0
f2a654fdff13b9c6acfbfc7b7df98cfe1a2378989941b262391f2a0869e01919,0.0,0.2278872781704817,0.0,0.0,0.0,0.0,0.0,0.0,0.0,0.0,0.0,0.28612137600858073,0.10642740647754517,0.0,0.0,0.0,0.0,0.0,0.0,0.0,0.0,0.0,0.3494879721722206,0.0,0.37981136252304165,0.0,0.0,0.0,0.0,0.0,0.0,0.0,0.0,0.0,0.0,0.0,0.0,0.0,0.0,0.0,0.0,0.0,0.0,0.0,0.2066796229229712,0.0,0.0,0.22199551766248982,0.0,0.0,0.0,0.0,0.0,0.0,0.0,0.0,0.3279731843262554,0.0,0.0,0.0,0.0,0.0,0.0,0.0,0.0,0.0,0.0,0.0,0.0,0.0,0.0,0.0,0.0,0.0,0.0,0.10117911066612682,0.0,0.0,0.0,0.09257100877094357,0.0,0.0,0.0,0.0,0.0,0.0,0.0,0.0,0.0,0.0,0.0,0.0,0.0,0.0,0.0,0.0,0.0,0.0,0.0,0.13027371533239462,0.0,0.0,0.1429183731647987,0.0,0.0,0.0,0.17015733946570352,0.0,0.0,0.0,0.0,0.0,0.0,0.0,0.0,0.0,0.1329812212424573,0.12299485136334556,0.0,0.12003847107181861,0.14311543963617288,0.0,0.0,0.0,0.0,0.0,0.1931984391168459,0.0,0.0,0.0,0.0,0.0,0.0,0.0,0.0,0.0,0.0,0.0,0.0,0.0,0.0,0.0,0.20576198340267235,0.0,0.0,0.11014274074157085,0.0,0.0,0.0,0.0,0.0,0.0,0.0,0.0,0.0,0.37981136252304165,0.0,0.0,0.0,0.0,0.0
f3e814c41e5d714dfc54c93674dba21a3226b57119abf9e56adcd1423bec1b35,0.0,0.0,0.0,0.0,0.0,0.0,0.0,0.0,0.0,0.0,0.0,0.0,0.13708246047688152,0.0,0.0,0.0,0.0,0.0,0.0,0.0,0.0,0.0,0.45015351513382995,0.0,0.0,0.0,0.0,0.0,0.0,0.0,0.0,0.0,0.0,0.0,0.0,0.0,0.0,0.0,0.0,0.0,0.0,0.0,0.251362014971746,0.23761137666777257,0.0,0.0,0.0,0.0,0.0,0.0,0.0,0.0,0.0,0.0,0.0,0.0,0.0,0.0,0.0,0.0,0.0,0.0,0.0,0.0,0.0,0.0,0.0,0.0,0.0,0.0,0.0,0.0,0.0,0.0,0.41109585980922614,0.13032246014471582,0.27822813241781763,0.22175761094083993,0.0,0.0,0.0,0.0,0.0,0.0,0.0,0.0,0.0,0.0,0.0,0.0,0.0,0.0,0.0,0.0,0.0,0.0,0.0,0.0,0.0,0.1677973937756095,0.0,0.0,0.1840841836629487,0.0,0.0,0.0,0.21916898601752566,0.0,0.0,0.0,0.0,0.0,0.0,0.0,0.0,0.0,0.17128476215365407,0.0,0.0,0.0,0.0,0.0,0.0,0.0,0.0,0.0,0.2488467798942187,0.0,0.0,0.0,0.0,0.0,0.0,0.19680225435488283,0.0,0.0,0.0,0.0,0.0,0.0,0.0,0.0,0.0,0.0,0.0,0.14186794928341523,0.2935272956179785,0.0,0.0,0.0,0.0,0.0,0.0,0.0,0.0,0.0,0.0,0.0,0.0,0.0,0.0
f4ba5e8f98fe70d764df71b7c390237b90ed0fc3408579a15a06ee56008a3531,0.0,0.0,0.0,0.0,0.0,0.0,0.0,0.0,0.0,0.0,0.0,0.0,0.21047432715381922,0.0,0.0,0.0,0.0,0.0,0.0,0.0,0.0,0.0,0.0,0.0,0.0,0.0,0.0,0.0,0.0,0.0,0.0,0.0,0.0,0.0,0.0,0.0,0.0,0.0,0.0,0.0,0.0,0.0,0.0,0.3648248977605441,0.0,0.0,0.0,0.0,0.0,0.0,0.0,0.0,0.0,0.0,0.0,0.0,0.0,0.0,0.0,0.0,0.0,0.0,0.0,0.0,0.0,0.0,0.0,0.0,0.0,0.0,0.0,0.0,0.0,0.0,0.0,0.20009512534694676,0.42718724745810793,0.3404832667260386,0.0,0.0,0.0,0.0,0.0,0.0,0.0,0.0,0.0,0.0,0.0,0.0,0.0,0.0,0.0,0.0,0.0,0.0,0.0,0.0,0.0,0.0,0.0,0.0,0.0,0.0,0.0,0.0,0.0,0.0,0.0,0.0,0.0,0.0,0.0,0.0,0.0,0.0,0.26298802152061007,0.0,0.0,0.0,0.0,0.0,0.0,0.0,0.33263821453306874,0.0,0.0,0.0,0.0,0.0,0.0,0.0,0.0,0.30216719136496967,0.0,0.0,0.0,0.0,0.0,0.0,0.0,0.0,0.406921642120915,0.0,0.0,0.2178218939625371,0.0,0.0,0.0,0.0,0.0,0.0,0.0,0.0,0.0,0.0,0.0,0.0,0.0,0.0,0.0
f4db61bb14a7af406c9cfc33075c6f74ab711bedf1e1fd6edc4f524bd304c1b6,0.0,0.0,0.27586607449443074,0.0,0.304375878657969,0.0,0.0,0.0,0.0,0.0,0.0,0.0,0.0,0.0,0.0,0.0,0.0,0.21437265288630442,0.0,0.0,0.0,0.0,0.0,0.0,0.0,0.0,0.0,0.0,0.0,0.0,0.0,0.0,0.0,0.0,0.0,0.0,0.0,0.0,0.0,0.0,0.0,0.0,0.0,0.0,0.0,0.0,0.0,0.0,0.0,0.0,0.0,0.0,0.0,0.0,0.0,0.0,0.0,0.0,0.0,0.0,0.1586919605717177,0.0,0.0,0.0,0.0,0.0,0.41253226686382316,0.0,0.0,0.0,0.0,0.0,0.0,0.0,0.0,0.0,0.0,0.0,0.0,0.0,0.0,0.0,0.0,0.0,0.0,0.0,0.0,0.0,0.0,0.0,0.0,0.0,0.0,0.0,0.0,0.0,0.0,0.0,0.0,0.13391131140951304,0.0,0.0,0.1469090424432939,0.0,0.0,0.0,0.1749085946897835,0.0,0.0,0.0,0.0,0.0,0.0,0.0,0.21992013588898396,0.25030977483958883,0.1366944182406985,0.12642920178225786,0.0,0.0,0.0,0.0,0.24014168401628166,0.0,0.0,0.0,0.0,0.0,0.0,0.0,0.0,0.0,0.0,0.0,0.0,0.0,0.0,0.0,0.0,0.0,0.35309334834290135,0.0,0.0,0.0,0.3280765240948382,0.0,0.0,0.0,0.0,0.0,0.0,0.0,0.0,0.0,0.0,0.0,0.0,0.2900988860784705,0.0,0.0,0.0
f6c3a225383873e0d278e419b531ded61dab33208c77b8946183c51ce03cc32c,0.0,0.0,0.0,0.0,0.0,0.0,0.0,0.0,0.0,0.0,0.0,0.0,0.0,0.0,0.0,0.0,0.0,0.0,0.0,0.0,0.0,0.0,0.0,0.0,0.0,0.0,0.0,0.0,0.0,0.0,0.0,0.0,0.0,0.0,0.3233486473329126,0.0,0.0,0.0,0.0,0.0,0.0,0.0,0.3621708905417715,0.0,0.0,0.0,0.0,0.0,0.0,0.0,0.0,0.0,0.0,0.0,0.0,0.0,0.0,0.0,0.0,0.0,0.2865080082391105,0.0,0.0,0.40088050098922634,0.0,0.0,0.0,0.3233486473329126,0.0,0.0,0.0,0.0,0.0,0.0,0.0,0.18777300720441628,0.0,0.0,0.0,0.1717976821739925,0.0,0.0,0.0,0.0,0.0,0.0,0.0,0.0,0.0,0.0,0.0,0.0,0.0,0.0,0.0,0.0,0.0,0.0,0.0,0.0,0.0,0.0,0.0,0.0,0.0,0.0,0.31578608587310436,0.0,0.0,0.0,0.0,0.0,0.0,0.0,0.0,0.0,0.0,0.2282596966815155,0.0,0.0,0.26560044164198243,0.0,0.0,0.0,0.0,0.0,0.0,0.0,0.0,0.0,0.0,0.0,0.0,0.0,0.0,0.0,0.0,0.0,0.0,0.0,0.0,0.0,0.0,0.0,0.0,0.20440813834614077,0.0,0.0,0.0,0.0,0.0,0.0,0.0,0.0,0.29666271606645467,0.0,0.0,0.0,0.0,0.0,0.0
f6e45bfd982d0d6636a4b4799a3d1febede323286f9ae3236487b1d3ce844d72,0.0,0.0,0.0,0.0,0.0,0.0,0.0,0.0,0.0,0.0,0.0,0.0,0.0,0.0,0.0,0.0,0.0,0.0,0.0,0.0,0.0,0.0,0.0,0.0,0.0,0.0,0.0,0.0,0.0,0.0,0.0,0.0,0.0,0.0,0.3468990280072203,0.0,0.0,0.0,0.0,0.0,0.0,0.0,0.0,0.0,0.0,0.0,0.0,0.0,0.0,0.0,0.0,0.0,0.0,0.0,0.0,0.0,0.0,0.0,0.0,0.0,0.30737518277632697,0.0,0.0,0.4300777420510803,0.0,0.0,0.0,0.3468990280072203,0.0,0.0,0.0,0.0,0.0,0.0,0.0,0.2014490372002078,0.0,0.0,0.0,0.18431018484729322,0.0,0.0,0.0,0.0,0.0,0.0,0.0,0.0,0.0,0.0,0.0,0.0,0.0,0.0,0.0,0.0,0.0,0.0,0.0,0.0,0.0,0.0,0.0,0.0,0.0,0.0,0.3387856641775232,0.0,0.0,0.0,0.0,0.0,0.0,0.0,0.0,0.0,0.0,0.24488448479735103,0.0,0.0,0.28494485999513214,0.0,0.0,0.0,0.0,0.0,0.0,0.0,0.0,0.0,0.0,0.0,0.0,0.0,0.0,0.0,0.0,0.0,0.0,0.0,0.0,0.0,0.0,0.0,0.0,0.21929575117732078,0.0,0.0,0.0,0.0,0.0,0.0,0.0,0.0,0.3182694861979094,0.0,0.0,0.0,0.0,0.0,0.0
9cba81a7ac7f0c7a020ca9c4e06f796c4a585e3d1abd77788868dcd59a27fdad,0.0,0.0,0.0,0.0,0.0,0.0,0.0,0.0,0.0,0.0,0.2524980826403906,0.0,0.1644689457198768,0.0,0.0,0.0,0.0,0.0,0.0,0.0,0.0,0.24036129651296406,0.0,0.0,0.0,0.0,0.3457205529376508,0.0,0.0,0.0,0.0,0.0,0.0,0.0,0.0,0.0,0.0,0.0,0.0,0.0,0.0,0.0,0.0,0.0,0.3193949830121503,0.0,0.0,0.0,0.0,0.0,0.0,0.0,0.0,0.0,0.0,0.0,0.0,0.0,0.31797689711257243,0.0,0.0,0.0,0.0,0.0,0.31797689711257243,0.0,0.0,0.0,0.0,0.0,0.0,0.0,0.0,0.0,0.0,0.15635842506078187,0.0,0.26606059119393666,0.0,0.14305578535351088,0.0,0.0,0.0,0.0,0.0,0.0,0.0,0.0,0.0,0.0,0.0,0.0,0.0,0.0,0.0,0.0,0.0,0.0,0.0,0.0,0.0,0.0,0.0,0.0,0.0,0.0,0.0,0.0,0.0,0.0,0.0,0.0,0.0,0.0,0.0,0.0,0.0,0.19007165731291611,0.0,0.18550297744193714,0.0,0.0,0.0,0.0,0.2599303068939792,0.0,0.29856166421736113,0.0,0.0,0.0,0.0,0.0,0.0,0.23611962592764618,0.0,0.0,0.0,0.0,0.0,0.0,0.0,0.0,0.0,0.0,0.0,0.17021048476161002,0.0,0.0,0.0,0.0,0.0,0.0,0.0,0.0,0.0,0.0,0.0,0.0,0.0,0.0,0.0
f7c432afe20c31ddd75dbb214f1b7aaeb400d9d17da6d9e3c0d7cf1dd38bf524,0.0,0.0,0.0,0.0,0.0,0.0,0.0,0.0,0.0,0.0,0.0,0.261998185622648,0.0,0.3291666869116403,0.0,0.0,0.0,0.0,0.0,0.0,0.0,0.0,0.0,0.33602053623806444,0.0,0.0,0.0,0.0,0.0,0.39525671961696646,0.0,0.0,0.0,0.0,0.1595426213721001,0.0,0.0,0.0,0.0,0.0,0.0,0.0,0.0,0.0,0.0,0.0,0.0,0.0,0.0,0.0,0.0,0.0,0.0,0.0,0.0,0.0,0.3003214245124566,0.0,0.0,0.0,0.0,0.0,0.0,0.0,0.0,0.0,0.0,0.0,0.0,0.0,0.0,0.0,0.0,0.0,0.0,0.09264859475806288,0.0,0.0,0.0,0.08476625087430757,0.0,0.0,0.0,0.0,0.0,0.0,0.0,0.0,0.0,0.0,0.0,0.0,0.0,0.0,0.0,0.0,0.0,0.0,0.0,0.11929020308634726,0.0,0.46242522090595883,0.13086877668376248,0.0,0.0,0.0,0.0,0.0,0.0,0.0,0.0,0.0,0.0,0.0,0.19590815291732183,0.0,0.12176943636103185,0.0,0.0,0.0,0.0,0.0,0.0,0.0,0.0,0.0,0.0,0.0,0.0,0.0,0.0,0.0,0.0,0.0,0.0,0.0,0.0,0.0,0.3522087564561667,0.0,0.0,0.0,0.0,0.0,0.0,0.0,0.0,0.0,0.0,0.0,0.0,0.0,0.0,0.0,0.0,0.0,0.0,0.0,0.0,0.0,0.0
1edc828da884f2b17544ba6609f55bba3c950093528a5e857a23be8ae78fcb36,0.0,0.0,0.0,0.0,0.0,0.0,0.0,0.0,0.0,0.0,0.0,0.0,0.2792892852959537,0.0,0.0,0.0,0.0,0.0,0.0,0.0,0.0,0.0,0.0,0.0,0.0,0.0,0.0,0.0,0.0,0.0,0.0,0.0,0.0,0.0,0.0,0.0,0.0,0.0,0.0,0.0,0.0,0.0,0.5121203490788611,0.0,0.0,0.0,0.0,0.0,0.0,0.0,0.0,0.0,0.0,0.0,0.0,0.0,0.0,0.0,0.0,0.0,0.0,0.0,0.0,0.0,0.0,0.0,0.0,0.0,0.0,0.0,0.0,0.0,0.0,0.0,0.0,0.265516584873135,0.0,0.0,0.0,0.24292700286948335,0.0,0.0,0.0,0.0,0.0,0.0,0.0,0.0,0.0,0.0,0.0,0.0,0.0,0.0,0.0,0.0,0.0,0.0,0.0,0.34186732583500085,0.0,0.0,0.0,0.0,0.0,0.0,0.0,0.0,0.0,0.0,0.0,0.0,0.0,0.0,0.0,0.0,0.34897242606795176,0.0,0.0,0.0,0.0,0.0,0.0,0.0,0.0,0.0,0.0,0.0,0.0,0.0,0.0,0.0,0.0,0.0,0.0,0.0,0.0,0.0,0.0,0.0,0.0,0.0,0.5399654016537091,0.0,0.0,0.0,0.0,0.0,0.0,0.0,0.0,0.0,0.0,0.0,0.0,0.0,0.0,0.0,0.0,0.0,0.0
f25a3e2bbaa9bed0210adf5bff0bc5d76fbf44e09ae4bc22e40473814a6ebad1,0.0,0.0,0.0,0.0,0.0,0.0,0.0,0.0,0.0,0.0,0.0,0.0,0.0,0.0,0.0,0.0,0.0,0.5406308120175433,0.0,0.0,0.0,0.0,0.0,0.0,0.0,0.0,0.0,0.0,0.0,0.0,0.0,0.0,0.0,0.0,0.0,0.0,0.0,0.0,0.0,0.0,0.0,0.0,0.0,0.0,0.0,0.0,0.0,0.0,0.0,0.0,0.0,0.0,0.0,0.0,0.0,0.0,0.0,0.0,0.0,0.0,0.40020852636481413,0.0,0.0,0.0,0.0,0.0,0.0,0.0,0.0,0.0,0.0,0.0,0.0,0.0,0.0,0.0,0.0,0.0,0.0,0.0,0.0,0.0,0.0,0.0,0.0,0.0,0.0,0.0,0.0,0.0,0.0,0.0,0.0,0.0,0.0,0.0,0.0,0.0,0.0,0.3377136964576154,0.0,0.0,0.37049294226424084,0.0,0.0,0.0,0.44110559020854584,0.0,0.0,0.0,0.0,0.0,0.0,0.0,0.0,0.0,0.0,0.3188444099654964,0.0,0.0,0.0,0.0,0.0,0.0,0.0,0.0,0.0,0.0,0.0,0.0,0.0,0.0,0.0,0.0,0.0,0.0,0.0,0.0,0.0,0.0,0.0,0.0,0.0,0.0,0.0,0.0,0.0,0.0,0.0,0.0,0.0,0.0,0.0,0.0,0.0,0.0,0.0,0.0,0.0,0.0,0.0
f42bcc81c05e8944649958f8b9296c5523d1eb8ab00842d66530702e476561ef,0.0,0.0,0.0,0.0,0.0,0.0,0.0,0.0,0.0,0.0,0.0,0.3543599986708954,0.0,0.0,0.0,0.0,0.0,0.0,0.0,0.0,0.0,0.0,0.0,0.0,0.0,0.0,0.2770697774112416,0.0,0.0,0.0,0.0,0.0,0.0,0.0,0.0,0.0,0.0,0.0,0.0,0.0,0.0,0.0,0.0,0.0,0.2559717555045199,0.0,0.0,0.0,0.0,0.0,0.0,0.0,0.0,0.0,0.0,0.0,0.0,0.0,0.25483526320978234,0.0,0.0,0.0,0.0,0.0,0.0,0.0,0.0,0.0,0.0,0.0,0.0,0.0,0.0,0.0,0.0,0.12530985982709597,0.0,0.21322813513289152,0.0,0.11464876550870227,0.0,0.0,0.0,0.0,0.0,0.0,0.0,0.0,0.0,0.0,0.0,0.0,0.0,0.0,0.0,0.0,0.0,0.0,0.0,0.1613433929195682,0.0,0.0,0.1770037430660398,0.0,0.0,0.0,0.0,0.0,0.0,0.0,0.0,0.0,0.0,0.0,0.0,0.0,0.1646966264461065,0.15232855361472544,0.1677337168922699,0.14866709031970504,0.17724780897788606,0.0,0.0,0.0,0.0,0.0,0.239275371814972,0.0,0.0,0.0,0.0,0.0,0.0,0.1892326378698031,0.0,0.0,0.0,0.0,0.47637236178973025,0.0,0.0,0.0,0.25483526320978234,0.0,0.0,0.13641127414968574,0.0,0.0,0.0,0.0,0.0,0.0,0.0,0.0,0.0,0.0,0.0,0.0,0.0,0.0,0.0
f51fc0ab96d1aee49950b8ca91ef67c330b8593340cc3002513100ac9bf163b0,0.0,0.0,0.0,0.0,0.0,0.0,0.0,0.0,0.0,0.0,0.0,0.0,0.17242119325064678,0.0,0.0,0.0,0.0,0.0,0.0,0.0,0.0,0.0,0.0,0.0,0.0,0.0,0.0,0.0,0.0,0.0,0.0,0.0,0.0,0.0,0.0,0.0,0.0,0.0,0.0,0.0,0.0,0.0,0.0,0.0,0.0,0.0,0.0,0.0,0.0,0.0,0.0,0.0,0.0,0.0,0.0,0.0,0.0,0.0,0.0,0.0,0.0,0.0,0.0,0.0,0.0,0.0,0.0,0.28227077263585515,0.0,0.0,0.0,0.0,0.0,0.0,0.0,0.16391852033689827,0.0,0.0,0.0,0.0,0.0,0.0,0.0,0.0,0.0,0.0,0.0,0.0,0.0,0.0,0.0,0.0,0.0,0.0,0.0,0.0,0.0,0.0,0.0,0.21105418416397984,0.0,0.0,0.2315395747590165,0.0,0.0,0.0,0.0,0.0,0.0,0.0,0.0,0.0,0.0,0.0,0.0,0.0,0.2154405674762959,0.0,0.21941340227757453,0.19447224266009952,0.0,0.0,0.0,0.0,0.0,0.0,0.0,0.0,0.0,0.0,0.0,0.0,0.0,0.24753625965160478,0.7562538503507591,0.0,0.0,0.0,0.0,0.0,0.0,0.0,0.0,0.0,0.0,0.0,0.0,0.0,0.0,0.0,0.0,0.0,0.0,0.0,0.0,0.0,0.0,0.0,0.0,0.0,0.0
f764d5514f356016a48f87911dc41ba77706527c90263c9edb925dcab757c156,0.0,0.0,0.0,0.0,0.0,0.0,0.0,0.0,0.0,0.0,0.0,0.0,0.2885982484608484,0.0,0.0,0.0,0.0,0.0,0.0,0.0,0.0,0.0,0.0,0.0,0.0,0.0,0.0,0.0,0.0,0.0,0.0,0.0,0.0,0.0,0.0,0.0,0.0,0.0,0.0,0.0,0.0,0.0,0.0,0.0,0.0,0.0,0.0,0.6019832643114471,0.0,0.0,0.0,0.0,0.0,0.0,0.0,0.0,0.0,0.0,0.0,0.0,0.0,0.0,0.0,0.0,0.0,0.0,0.0,0.0,0.0,0.0,0.0,0.0,0.0,0.0,0.0,0.2743664915411746,0.0,0.0,0.0,0.0,0.0,0.0,0.0,0.0,0.0,0.0,0.0,0.0,0.0,0.0,0.0,0.0,0.0,0.0,0.0,0.0,0.0,0.0,0.0,0.0,0.0,0.0,0.3875504772066131,0.0,0.0,0.0,0.0,0.0,0.0,0.0,0.0,0.0,0.0,0.0,0.0,0.0,0.36060399101104695,0.0,0.0,0.0,0.0,0.0,0.0,0.0,0.0,0.0,0.0,0.0,0.0,0.0,0.0,0.0,0.0,0.0,0.0,0.0,0.0,0.0,0.0,0.0,0.0,0.0,0.0,0.4458919354254825,0.0,0.0,0.0,0.0,0.0,0.0,0.0,0.0,0.0,0.0,0.0,0.0,0.0,0.0,0.0,0.0,0.0
f03172bd32ed16df6dda8e8146d24b073b864da59d669218fcc5e97835a5e956,0.0,0.1992818982625763,0.23468514523451123,0.0,0.0,0.0,0.0,0.0,0.0,0.0,0.0,0.0,0.09306818599211839,0.0,0.0,0.0,0.0,0.1823713817261915,0.0,0.0,0.0,0.13601345683382554,0.0,0.0,0.0,0.0,0.0,0.0,0.0,0.0,0.0,0.0,0.0,0.0,0.0,0.0,0.0,0.0,0.0,0.0,0.0,0.0,0.0,0.0,0.0,0.28283979786377034,0.0,0.19412969657950233,0.0,0.0,0.22064676606833983,0.0,0.26748149050069037,0.0,0.0,0.0,0.0,0.0,0.0,0.0,0.13500263083300865,0.0,0.0,0.18889497231097743,0.17993386454895405,0.0,0.0,0.0,0.0,0.0,0.0,0.29553743429080703,0.0,0.0,0.0,0.08847867858152678,0.0,0.0,0.0,0.0809511022293862,0.0,0.0,0.0,0.0,0.2932424921434244,0.2738669624696358,0.0,0.0,0.0,0.0,0.0,0.0,0.0,0.0,0.0,0.0,0.0,0.0,0.0,0.0,0.0,0.0,0.0,0.0,0.0,0.0,0.14879846687478346,0.0,0.0,0.0,0.0,0.0,0.0,0.0,0.187090743672222,0.0,0.0,0.10755601476741757,0.11843327927007138,0.10497073189769628,0.12515098126734275,0.0,0.20429364536217712,0.2791016867381607,0.0,0.0,0.0,0.0,0.0,0.0,0.0,0.0,0.0,0.0,0.0,0.0,0.0,0.0,0.0,0.0,0.0,0.0,0.0,0.0,0.0,0.09631715570538663,0.0,0.0,0.0,0.0,0.0,0.0,0.0,0.0,0.13978753119393636,0.0,0.0,0.0,0.0,0.0,0.0
f229475cf917150e0b13b02f20f1921fe047cd1527a0556b94807c72cebdfc97,0.0,0.0,0.0,0.0,0.0,0.0,0.0,0.0,0.0,0.0,0.0,0.0,0.0,0.0,0.0,0.0,0.0,0.0,0.0,0.0,0.0,0.0,0.0,0.0,0.0,0.0,0.0,0.0,0.0,0.0,0.0,0.0,0.0,0.0,0.3468990280072203,0.0,0.0,0.0,0.0,0.0,0.0,0.0,0.0,0.0,0.0,0.0,0.0,0.0,0.0,0.0,0.0,0.0,0.0,0.0,0.0,0.0,0.0,0.0,0.0,0.0,0.30737518277632697,0.0,0.0,0.4300777420510803,0.0,0.0,0.0,0.3468990280072203,0.0,0.0,0.0,0.0,0.0,0.0,0.0,0.2014490372002078,0.0,0.0,0.0,0.18431018484729322,0.0,0.0,0.0,0.0,0.0,0.0,0.0,0.0,0.0,0.0,0.0,0.0,0.0,0.0,0.0,0.0,0.0,0.0,0.0,0.0,0.0,0.0,0.0,0.0,0.0,0.0,0.3387856641775232,0.0,0.0,0.0,0.0,0.0,0.0,0.0,0.0,0.0,0.0,0.24488448479735103,0.0,0.0,0.28494485999513214,0.0,0.0,0.0,0.0,0.0,0.0,0.0,0.0,0.0,0.0,0.0,0.0,0.0,0.0,0.0,0.0,0.0,0.0,0.0,0.0,0.0,0.0,0.0,0.0,0.21929575117732078,0.0,0.0,0.0,0.0,0.0,0.0,0.0,0.0,0.3182694861979094,0.0,0.0,0.0,0.0,0.0,0.0
fa0a5c7a162480d0bc13a372721cf042c42c356a140ee62174a6d151dac5ab61,0.0,0.0,0.0,0.0,0.0,0.0,0.0,0.0,0.0,0.0,0.0,0.0,0.0,0.0,0.0,0.0,0.0,0.0,0.0,0.0,0.6082493218447282,0.0,0.0,0.0,0.0,0.0,0.0,0.0,0.0,0.0,0.0,0.0,0.0,0.0,0.3522778654902023,0.0,0.0,0.0,0.0,0.0,0.0,0.0,0.0,0.37298848995504785,0.0,0.0,0.0,0.0,0.0,0.0,0.0,0.0,0.0,0.0,0.0,0.0,0.0,0.0,0.0,0.0,0.0,0.0,0.0,0.0,0.0,0.0,0.0,0.3522778654902023,0.0,0.0,0.0,0.0,0.0,0.0,0.0,0.0,0.0,0.0,0.0,0.0,0.0,0.0,0.0,0.0,0.0,0.0,0.0,0.0,0.0,0.0,0.0,0.0,0.0,0.0,0.0,0.0,0.0,0.0,0.0,0.0,0.0,0.0,0.0,0.0,0.0,0.0,0.0,0.0,0.0,0.0,0.0,0.0,0.0,0.0,0.0,0.0,0.2688728363260481,0.0,0.2738309896292422,0.0,0.0,0.0,0.0,0.0,0.0,0.0,0.0,0.0,0.0,0.0,0.0,0.0,0.0,0.30892870830091435,0.0,0.0,0.0,0.0,0.0,0.0,0.0,0.0,0.0,0.0,0.0,0.0,0.0,0.0,0.0,0.0,0.0,0.0,0.0,0.0,0.0,0.0,0.0,0.0,0.0,0.0,0.0
fc585c35ed8447330db52c257078c7086aca4471bb756cecbf7535fa213915bd,0.0,0.22475260050746637,0.0,0.0,0.0,0.0,0.0,0.0,0.0,0.0,0.16114331708875118,0.28218566580358045,0.10496345633299942,0.0,0.0,0.0,0.0,0.0,0.0,0.0,0.0,0.15339766629046114,0.0,0.0,0.0,0.0,0.0,0.0,0.0,0.0,0.0,0.0,0.0,0.0,0.0,0.0,0.0,0.0,0.0,0.0,0.0,0.30340450942033426,0.0,0.1819380194397499,0.20383666476146997,0.0,0.0,0.0,0.0,0.0,0.0,0.0,0.0,0.0,0.0,0.29355550592185586,0.3234617863086512,0.0,0.0,0.0,0.0,0.0,0.0,0.0,0.0,0.0,0.0,0.0,0.0,0.0,0.0,0.0,0.0,0.0,0.0,0.09978735286062265,0.0,0.0,0.0,0.09129765873680962,0.0,0.0,0.0,0.0,0.0,0.0,0.0,0.0,0.0,0.0,0.0,0.0,0.0,0.0,0.0,0.0,0.0,0.0,0.0,0.12848174998527692,0.0,0.0,0.14095247565796623,0.0,0.0,0.0,0.16781675944077457,0.0,0.0,0.0,0.0,0.0,0.0,0.3051818957348341,0.0,0.0,0.1311520131042242,0.1213030096057458,0.1335705236383442,0.11838729546872134,0.14114683140379705,0.0,0.0,0.0,0.16588653437201448,0.0,0.19054091985341448,0.0,0.0,0.0,0.0,0.0,0.0,0.0,0.0,0.0,0.0,0.0,0.0,0.0,0.0,0.0,0.20293164772773586,0.0,0.0,0.10862768473705092,0.22475260050746637,0.0,0.0,0.0,0.0,0.0,0.0,0.0,0.15765411423851222,0.0,0.0,0.0,0.0,0.0,0.0
b8ab74dd84edb28eb65b60019e3420a82747b46e1d10d016dbf74fee5edb7ecb,0.0,0.0,0.0,0.0,0.0,0.0,0.0,0.0,0.0,0.0,0.0,0.0,0.0,0.0,0.0,0.0,0.0,0.0,0.0,0.0,0.0,0.0,0.0,0.0,0.0,0.0,0.0,0.0,0.0,0.0,0.0,0.0,0.0,0.0,0.2715299798101477,0.0,0.0,0.0,0.0,0.0,0.0,0.0,0.30413071280110066,0.2874933882263131,0.0,0.0,0.0,0.0,0.0,0.0,0.0,0.0,0.0,0.0,0.0,0.0,0.0,0.0,0.0,0.0,0.0,0.0,0.0,0.0,0.0,0.0,0.0,0.0,0.0,0.0,0.0,0.0,0.0,0.0,0.0,0.15768119420215734,0.0,0.0,0.0,0.14426601613120832,0.0,0.0,0.0,0.0,0.0,0.0,0.0,0.0,0.3459658629344572,0.0,0.0,0.0,0.0,0.0,0.0,0.0,0.0,0.0,0.0,0.20302328090773505,0.0,0.0,0.0,0.0,0.0,0.0,0.0,0.0,0.0,0.0,0.0,0.0,0.0,0.0,0.0,0.0,0.2072427562756976,0.0,0.21106441922474078,0.18707230518425788,0.0,0.0,0.0,0.0,0.0,0.0,0.0,0.0,0.0,0.0,0.0,0.0,0.0,0.2381171630269665,0.0,0.0,0.0,0.0,0.0,0.0,0.0,0.0,0.0,0.0,0.0,0.17165044027851736,0.35514779610956554,0.38430216657102473,0.0,0.0,0.0,0.0,0.0,0.0,0.24912063795031936,0.0,0.0,0.0,0.0,0.0,0.0
fe1b479880db7637fc96d334f216e5e966879a77fac1b85d1fd892a050fbe638,0.0,0.0,0.0,0.0,0.0,0.0,0.0,0.0,0.0,0.0,0.0,0.0,0.2166185120385368,0.0,0.0,0.0,0.0,0.42447391583720284,0.0,0.0,0.0,0.0,0.0,0.0,0.0,0.0,0.0,0.0,0.0,0.0,0.0,0.0,0.0,0.0,0.0,0.0,0.0,0.0,0.0,0.0,0.0,0.0,0.0,0.0,0.0,0.0,0.0,0.0,0.0,0.0,0.0,0.0,0.0,0.0,0.0,0.0,0.0,0.0,0.0,0.0,0.0,0.0,0.0,0.0,0.0,0.0,0.0,0.3546262127501992,0.0,0.0,0.0,0.0,0.0,0.0,0.0,0.0,0.0,0.0,0.0,0.18841569894028165,0.0,0.0,0.0,0.0,0.0,0.0,0.0,0.0,0.0,0.0,0.0,0.0,0.0,0.0,0.0,0.0,0.0,0.0,0.0,0.0,0.0,0.0,0.29089091205524154,0.0,0.0,0.0,0.34633212353317766,0.0,0.0,0.0,0.0,0.0,0.0,0.0,0.0,0.0,0.0,0.2503392929747869,0.2756563959836927,0.24432198295130397,0.0,0.0,0.0,0.0,0.0,0.0,0.0,0.0,0.0,0.0,0.0,0.0,0.0,0.3109880823256301,0.0,0.0,0.0,0.0,0.0,0.0,0.0,0.0,0.0,0.3346813367613167,0.0,0.0,0.0,0.0,0.0,0.0,0.0,0.0,0.0,0.0,0.0,0.0,0.0,0.0,0.0,0.0,0.0
1f2c57feb6fcb80fe02d53778fa7c6b3bcba0319229fe9b9ff725a24d939c2b6,0.0,0.0,0.0,0.0,0.0,0.0,0.0,0.0,0.0,0.0,0.0,0.0,0.0,0.0,0.0,0.0,0.0,0.5406308120175433,0.0,0.0,0.0,0.0,0.0,0.0,0.0,0.0,0.0,0.0,0.0,0.0,0.0,0.0,0.0,0.0,0.0,0.0,0.0,0.0,0.0,0.0,0.0,0.0,0.0,0.0,0.0,0.0,0.0,0.0,0.0,0.0,0.0,0.0,0.0,0.0,0.0,0.0,0.0,0.0,0.0,0.0,0.40020852636481413,0.0,0.0,0.0,0.0,0.0,0.0,0.0,0.0,0.0,0.0,0.0,0.0,0.0,0.0,0.0,0.0,0.0,0.0,0.0,0.0,0.0,0.0,0.0,0.0,0.0,0.0,0.0,0.0,0.0,0.0,0.0,0.0,0.0,0.0,0.0,0.0,0.0,0.0,0.3377136964576154,0.0,0.0,0.37049294226424084,0.0,0.0,0.0,0.44110559020854584,0.0,0.0,0.0,0.0,0.0,0.0,0.0,0.0,0.0,0.0,0.3188444099654964,0.0,0.0,0.0,0.0,0.0,0.0,0.0,0.0,0.0,0.0,0.0,0.0,0.0,0.0,0.0,0.0,0.0,0.0,0.0,0.0,0.0,0.0,0.0,0.0,0.0,0.0,0.0,0.0,0.0,0.0,0.0,0.0,0.0,0.0,0.0,0.0,0.0,0.0,0.0,0.0,0.0,0.0,0.0
1f4bc361329e51a44c86b2d592d4cbaf74c90d7fedf7f8e6ef6f9776e5912106,0.0,0.0,0.0,0.0,0.0,0.0,0.0,0.0,0.0,0.0,0.0,0.0,0.0,0.0,0.0,0.0,0.0,0.0,0.0,0.0,0.0,0.0,0.0,0.0,0.0,0.0,0.0,0.0,0.0,0.0,0.0,0.0,0.0,0.0,0.31359485462045666,0.0,0.0,0.0,0.0,0.0,0.0,0.0,0.3512460271722551,0.0,0.0,0.0,0.0,0.0,0.0,0.0,0.0,0.0,0.0,0.0,0.0,0.0,0.0,0.0,0.0,0.0,0.27786551121345976,0.0,0.0,0.3887879645231973,0.0,0.0,0.0,0.31359485462045666,0.0,0.0,0.0,0.0,0.0,0.0,0.0,0.18210884561174168,0.0,0.0,0.0,0.16661541531057103,0.0,0.0,0.0,0.0,0.0,0.0,0.0,0.0,0.0,0.0,0.0,0.0,0.0,0.0,0.0,0.0,0.0,0.0,0.0,0.0,0.0,0.0,0.0,0.0,0.0,0.0,0.3062604173772258,0.0,0.0,0.0,0.0,0.0,0.0,0.0,0.0,0.0,0.0,0.22137425650910827,0.24376209179042588,0.0,0.2575886201190508,0.0,0.0,0.0,0.0,0.0,0.0,0.0,0.0,0.0,0.0,0.0,0.0,0.0,0.0,0.0,0.0,0.0,0.0,0.0,0.0,0.0,0.0,0.0,0.0,0.1982421790121141,0.0,0.0,0.0,0.0,0.0,0.0,0.0,0.0,0.28771390288324317,0.0,0.0,0.0,0.0,0.0,0.0
2a035af98048e744ace980d7cea7ab1a712366e1366f15c3cfd78639e3cc332d,0.0,0.0,0.0,0.0,0.0,0.0,0.0,0.0,0.0,0.0,0.0,0.0,0.0,0.0,0.0,0.0,0.0,0.0,0.0,0.0,0.0,0.0,0.0,0.0,0.0,0.0,0.0,0.0,0.0,0.0,0.0,0.0,0.0,0.0,0.3468990280072203,0.0,0.0,0.0,0.0,0.0,0.0,0.0,0.0,0.0,0.0,0.0,0.0,0.0,0.0,0.0,0.0,0.0,0.0,0.0,0.0,0.0,0.0,0.0,0.0,0.0,0.30737518277632697,0.0,0.0,0.4300777420510803,0.0,0.0,0.0,0.3468990280072203,0.0,0.0,0.0,0.0,0.0,0.0,0.0,0.2014490372002078,0.0,0.0,0.0,0.18431018484729322,0.0,0.0,0.0,0.0,0.0,0.0,0.0,0.0,0.0,0.0,0.0,0.0,0.0,0.0,0.0,0.0,0.0,0.0,0.0,0.0,0.0,0.0,0.0,0.0,0.0,0.0,0.3387856641775232,0.0,0.0,0.0,0.0,0.0,0.0,0.0,0.0,0.0,0.0,0.24488448479735103,0.0,0.0,0.28494485999513214,0.0,0.0,0.0,0.0,0.0,0.0,0.0,0.0,0.0,0.0,0.0,0.0,0.0,0.0,0.0,0.0,0.0,0.0,0.0,0.0,0.0,0.0,0.0,0.0,0.21929575117732078,0.0,0.0,0.0,0.0,0.0,0.0,0.0,0.0,0.3182694861979094,0.0,0.0,0.0,0.0,0.0,0.0
2b51d4d0fe3f4e627de64da3617cb9f62c9d3071fdb81c161a8fba567a207aff,0.0,0.0,0.0,0.0,0.0,0.0,0.0,0.0,0.0,0.0,0.0,0.0,0.0,0.0,0.0,0.0,0.0,0.0,0.0,0.0,0.0,0.0,0.0,0.0,0.0,0.0,0.0,0.0,0.0,0.0,0.0,0.0,0.0,0.0,0.3349358986844229,0.0,0.0,0.0,0.0,0.0,0.0,0.0,0.0,0.0,0.0,0.0,0.0,0.0,0.0,0.0,0.0,0.0,0.0,0.0,0.0,0.0,0.0,0.0,0.0,0.0,0.29677506929865205,0.0,0.0,0.41524611892267344,0.0,0.0,0.0,0.3349358986844229,0.0,0.0,0.0,0.0,0.0,0.0,0.0,0.1945018834482263,0.0,0.0,0.0,0.17795408004785587,0.0,0.0,0.0,0.0,0.0,0.0,0.0,0.0,0.0,0.0,0.0,0.0,0.0,0.0,0.0,0.0,0.0,0.0,0.0,0.0,0.0,0.0,0.0,0.0,0.0,0.0,0.3271023316050804,0.0,0.0,0.0,0.0,0.0,0.0,0.0,0.0,0.0,0.0,0.23643942002560328,0.2603508127639259,0.0,0.27511827665308486,0.0,0.0,0.0,0.0,0.0,0.0,0.0,0.0,0.0,0.0,0.0,0.0,0.0,0.0,0.0,0.0,0.0,0.0,0.0,0.0,0.0,0.0,0.0,0.0,0.21173313721917597,0.0,0.0,0.0,0.0,0.0,0.0,0.0,0.0,0.30729367273207686,0.0,0.0,0.0,0.0,0.0,0.0
2dcaca208625860f4eb114af4c4158368284eb99c994793d5ac66d3af654bf5f,0.0,0.0,0.0,0.0,0.0,0.0,0.0,0.0,0.0,0.0,0.0,0.0,0.0,0.0,0.0,0.0,0.0,0.5257054615323886,0.0,0.0,0.0,0.0,0.0,0.0,0.0,0.0,0.0,0.0,0.0,0.0,0.0,0.0,0.0,0.0,0.0,0.0,0.0,0.0,0.0,0.0,0.0,0.0,0.0,0.0,0.0,0.0,0.0,0.0,0.0,0.0,0.0,0.0,0.0,0.0,0.0,0.0,0.0,0.0,0.0,0.0,0.3891598543498933,0.0,0.0,0.0,0.0,0.0,0.0,0.0,0.0,0.0,0.0,0.0,0.0,0.0,0.0,0.0,0.0,0.0,0.0,0.23335040923771894,0.0,0.0,0.0,0.0,0.0,0.0,0.0,0.0,0.0,0.0,0.0,0.0,0.0,0.0,0.0,0.0,0.0,0.0,0.0,0.3283903372053804,0.0,0.0,0.3602646369352605,0.0,0.0,0.0,0.42892786117705667,0.0,0.0,0.0,0.0,0.0,0.0,0.0,0.0,0.0,0.0,0.3100419805382721,0.0,0.0,0.0,0.0,0.0,0.0,0.0,0.0,0.0,0.0,0.0,0.0,0.0,0.0,0.0,0.0,0.0,0.0,0.0,0.0,0.0,0.0,0.0,0.0,0.0,0.0,0.0,0.0,0.0,0.0,0.0,0.0,0.0,0.0,0.0,0.0,0.0,0.0,0.0,0.0,0.0,0.0,0.0
2dd2c201103ac3a5bf77ae7b30d0032ed215f59f883543c816e516ab454383fb,0.0,0.0,0.2862704977933717,0.0,0.3158555631003144,0.0,0.0,0.0,0.0,0.0,0.0,0.0,0.11352519097903238,0.0,0.0,0.0,0.0,0.0,0.0,0.0,0.0,0.0,0.0,0.0,0.0,0.0,0.0,0.0,0.0,0.0,0.0,0.0,0.0,0.0,0.0,0.0,0.0,0.0,0.0,0.0,0.0,0.0,0.0,0.0,0.0,0.0,0.0,0.0,0.0,0.0,0.26914638971189864,0.0,0.0,0.0,0.0,0.0,0.0,0.0,0.0,0.0,0.16467710512040099,0.0,0.0,0.0,0.0,0.0,0.0,0.0,0.0,0.0,0.0,0.0,0.0,0.0,0.0,0.0,0.0,0.0,0.0,0.09874469178256584,0.0,0.0,0.0,0.0,0.0,0.0,0.0,0.0,0.0,0.0,0.0,0.0,0.0,0.0,0.0,0.0,0.0,0.0,0.0,0.13896184171112505,0.0,0.0,0.0,0.0,0.0,0.0,0.18150535748894442,0.0,0.0,0.0,0.0,0.0,0.0,0.0,0.22821453087736013,0.2597503298555202,0.0,0.131197540676776,0.0,0.128043995473426,0.0,0.0,0.24919874453669869,0.0,0.17941768643447467,0.0,0.20608309855054532,0.0,0.0,0.0,0.0,0.0,0.0,0.0,0.0,0.0,0.0,0.0,0.0,0.0,0.36641043587145183,0.0,0.0,0.17539942600190603,0.0,0.0,0.0,0.2630404582248603,0.0,0.0,0.0,0.0,0.0,0.0,0.1705137583386765,0.0,0.0,0.30104010679523757,0.0,0.0,0.0
2e7447c239a5c4718568d6f728a8f6f71178bf299e699c945325564da2e6e8df,0.0,0.0,0.0,0.0,0.0,0.0,0.3053290310712688,0.0,0.0,0.0,0.0,0.0,0.11462334858449567,0.0,0.0,0.0,0.29615127878280734,0.22460971207935287,0.0,0.0,0.0,0.0,0.0,0.0,0.0,0.3025983972925166,0.0,0.0,0.0,0.0,0.0,0.0,0.0,0.0,0.0,0.0,0.0,0.0,0.0,0.0,0.0,0.0,0.0,0.0,0.0,0.0,0.0,0.0,0.0,0.27942676219766094,0.0,0.0,0.0,0.0,0.0,0.0,0.0,0.0,0.0,0.0,0.16627006800268362,0.3039521431457224,0.0,0.0,0.0,0.0,0.0,0.0,0.0,0.0,0.0,0.0,0.0,0.0,0.0,0.10897088311364272,0.0,0.0,0.0,0.0,0.0,0.0,0.0,0.0,0.0,0.0,0.0,0.0,0.23909132475751807,0.0,0.0,0.0,0.0,0.0,0.0,0.0,0.0,0.0,0.0,0.14030605440989466,0.0,0.0,0.15392447348469493,0.0,0.0,0.0,0.0,0.0,0.0,0.0,0.0,0.0,0.0,0.0,0.23042210719235173,0.2622629598523737,0.14322206452416134,0.1324666473470206,0.145863153010503,0.12928259711109266,0.15413671598491416,0.0,0.0,0.0,0.0,0.0,0.0,0.0,0.0,0.0,0.0,0.0,0.2937103046409601,0.0,0.0,0.0,0.0,0.0,0.0,0.0,0.0,0.0,0.0,0.17709610857955055,0.0,0.1186247996068241,0.0,0.0,0.0,0.0,0.0,0.0,0.0,0.0,0.0,0.0,0.0,0.0,0.0,0.0,0.0
2f00cd865ea857a2d9d399385c408e99f9daaa1b6c193f2195393bd459524b3e,0.0,0.0,0.0,0.0,0.0,0.0,0.0,0.0,0.0,0.0,0.0,0.0,0.0,0.0,0.0,0.0,0.0,0.0,0.0,0.0,0.0,0.0,0.0,0.0,0.0,0.0,0.0,0.0,0.0,0.0,0.0,0.0,0.0,0.0,0.0,0.0,0.0,0.0,0.0,0.0,0.0,0.0,0.0,0.0,0.0,0.0,0.0,0.0,0.0,0.0,0.0,0.0,0.0,0.0,0.0,0.0,0.0,0.0,0.0,0.0,0.0,0.0,0.0,0.0,0.0,0.0,0.0,0.448286741686108,0.0,0.0,0.0,0.0,0.0,0.0,0.0,0.0,0.0,0.0,0.0,0.23817827538864608,0.0,0.0,0.0,0.0,0.0,0.0,0.0,0.0,0.0,0.0,0.0,0.0,0.0,0.0,0.0,0.0,0.0,0.0,0.0,0.0,0.0,0.0,0.3677182747999532,0.0,0.0,0.0,0.0,0.0,0.0,0.0,0.0,0.0,0.0,0.0,0.0,0.0,0.0,0.3164565447470808,0.348460162101753,0.30884999958161546,0.3682253120777361,0.0,0.0,0.0,0.0,0.0,0.0,0.0,0.0,0.0,0.0,0.0,0.0,0.39312332003830286,0.0,0.0,0.0,0.0,0.0,0.0,0.0,0.0,0.0,0.0,0.0,0.0,0.0,0.0,0.0,0.0,0.0,0.0,0.0,0.0,0.0,0.0,0.0,0.0,0.0,0.0,0.0
2f2e75affe9217c7211043936678fb1777e2db4a8f1986b8805ddb1e84e9e99b,0.0,0.0,0.0,0.0,0.32720120585604207,0.0,0.0,0.0,0.0,0.0,0.0,0.0,0.11760305570929452,0.0,0.0,0.0,0.0,0.0,0.0,0.0,0.0,0.0,0.0,0.0,0.0,0.0,0.0,0.0,0.0,0.0,0.0,0.0,0.0,0.0,0.0,0.0,0.0,0.0,0.0,0.0,0.0,0.0,0.0,0.0,0.0,0.0,0.0,0.0,0.0,0.0,0.2788142225551506,0.0,0.0,0.0,0.0,0.0,0.0,0.0,0.0,0.0,0.17059236457128518,0.0,0.0,0.0,0.0,0.0,0.0,0.0,0.0,0.0,0.0,0.0,0.0,0.0,0.0,0.0,0.0,0.0,0.0,0.10229163579074727,0.0,0.0,0.0,0.0,0.0,0.0,0.0,0.0,0.0,0.0,0.0,0.0,0.0,0.0,0.0,0.0,0.0,0.0,0.0,0.14395339986909134,0.0,0.0,0.0,0.0,0.0,0.0,0.18802509367502573,0.0,0.0,0.0,0.0,0.0,0.0,0.0,0.23641207697591715,0.2690806529288143,0.0,0.13591020241474894,0.0,0.13264338076016263,0.0,0.0,0.25815005095960086,0.0,0.18586243274308478,0.0,0.21348567582731576,0.0,0.0,0.0,0.0,0.0,0.0,0.0,0.0,0.0,0.0,0.0,0.0,0.0,0.37957202741210067,0.0,0.0,0.18169983498455644,0.0,0.12170852700557243,0.0,0.2724889638646813,0.0,0.0,0.0,0.0,0.0,0.0,0.17663867242300654,0.0,0.0,0.31185357315726625,0.0,0.0,0.0
9e1467ab8e370a976c0274bc5a901b0beab5864683a14c018d15d07cc7dd7720,0.0,0.0,0.0,0.0,0.0,0.0,0.0,0.0,0.0,0.0,0.2725360485696617,0.0,0.17752101762591055,0.0,0.0,0.0,0.0,0.0,0.0,0.0,0.0,0.25943610064564215,0.0,0.0,0.0,0.0,0.3731565500286848,0.0,0.0,0.0,0.0,0.0,0.0,0.0,0.0,0.0,0.0,0.0,0.0,0.0,0.0,0.0,0.32551239987269603,0.0,0.34474181226587003,0.0,0.0,0.0,0.0,0.0,0.0,0.0,0.0,0.0,0.0,0.0,0.0,0.0,0.34321118865256633,0.0,0.0,0.0,0.0,0.0,0.0,0.0,0.0,0.0,0.0,0.0,0.0,0.0,0.0,0.0,0.0,0.16876685510254433,0.0,0.0,0.0,0.15440853276023606,0.0,0.0,0.0,0.0,0.0,0.0,0.0,0.0,0.0,0.0,0.0,0.0,0.0,0.0,0.0,0.0,0.0,0.0,0.0,0.0,0.0,0.0,0.0,0.0,0.0,0.0,0.0,0.0,0.0,0.0,0.0,0.0,0.0,0.0,0.0,0.0,0.0,0.0,0.0,0.20022428662135697,0.0,0.0,0.0,0.0,0.2805580858420851,0.0,0.0,0.0,0.0,0.0,0.0,0.0,0.0,0.254857815818414,0.0,0.0,0.0,0.0,0.0,0.0,0.0,0.0,0.0,0.27427467266370725,0.0,0.18371819879568196,0.0,0.0,0.0,0.0,0.0,0.0,0.0,0.0,0.0,0.0,0.0,0.0,0.0,0.0,0.0
2f394d52b952eeea2fdc7b06629711193524d15f0b8b6d6765f02345c7185f99,0.0,0.0,0.0,0.0,0.0,0.0,0.0,0.0,0.0,0.0,0.19327162063892564,0.0,0.12589077648295488,0.0,0.0,0.0,0.0,0.0,0.0,0.0,0.0,0.1839816636631473,0.0,0.0,0.0,0.0,0.0,0.41716706673875,0.0,0.0,0.0,0.0,0.0,0.0,0.0,0.0,0.0,0.0,0.0,0.0,0.0,0.3638964513342488,0.2308403214607452,0.21821231254405804,0.0,0.0,0.0,0.26259390338674526,0.0,0.0,0.0,0.0,0.0,0.0,0.0,0.0,0.0,0.0,0.0,0.0,0.0,0.0,0.0,0.0,0.0,0.0,0.0,0.0,0.0,0.0,0.0,0.0,0.0,0.0,0.3775331783531813,0.11968267598723249,0.25551303578613926,0.20365287969904428,0.0,0.10950033041013099,0.0,0.0,0.0,0.0,0.0,0.0,0.0,0.0,0.0,0.0,0.0,0.0,0.0,0.0,0.0,0.0,0.0,0.0,0.0,0.0,0.0,0.0,0.0,0.0,0.28715421157367954,0.0,0.0,0.0,0.0,0.0,0.0,0.0,0.0,0.0,0.0,0.0,0.15730073440619566,0.14548806415576898,0.0,0.0,0.0,0.0,0.0,0.0,0.0,0.0,0.0,0.0,0.0,0.0,0.0,0.0,0.0,0.18073492792690646,0.0,0.0,0.0,0.0,0.0,0.0,0.0,0.0,0.0,0.0,0.0,0.0,0.0,0.0,0.0,0.0,0.0,0.0,0.0,0.0,0.0,0.0,0.0,0.0,0.0,0.0,0.0
3a99fc405bc3f694acf862883caf95687ae32ba5002a7ac1aaf5931ec1895f86,0.0,0.0,0.0,0.0,0.0,0.0,0.0,0.0,0.0,0.0,0.0,0.0,0.0,0.0,0.0,0.0,0.0,0.0,0.0,0.0,0.0,0.0,0.0,0.0,0.0,0.0,0.0,0.0,0.0,0.0,0.0,0.0,0.0,0.0,0.333653924484886,0.0,0.0,0.0,0.0,0.0,0.0,0.0,0.0,0.0,0.0,0.0,0.0,0.0,0.0,0.0,0.0,0.0,0.0,0.0,0.0,0.0,0.0,0.0,0.0,0.0,0.29563915647652383,0.0,0.0,0.41365675566538257,0.0,0.0,0.0,0.333653924484886,0.0,0.0,0.0,0.0,0.0,0.0,0.0,0.1937574233968512,0.0,0.0,0.0,0.17727295706217486,0.0,0.0,0.0,0.0,0.0,0.0,0.0,0.0,0.0,0.0,0.0,0.0,0.0,0.0,0.0,0.0,0.0,0.0,0.0,0.0,0.0,0.0,0.2736878744848639,0.0,0.0,0.0,0.32585034054836426,0.0,0.0,0.0,0.0,0.0,0.0,0.0,0.0,0.0,0.0,0.23553444317057856,0.0,0.0,0.274065255660484,0.0,0.0,0.0,0.0,0.0,0.0,0.0,0.0,0.0,0.0,0.0,0.0,0.0,0.0,0.0,0.0,0.0,0.0,0.0,0.0,0.0,0.0,0.0,0.0,0.21092272418143304,0.0,0.0,0.0,0.0,0.0,0.0,0.0,0.0,0.30611749973398733,0.0,0.0,0.0,0.0,0.0,0.0
3a7696a5e89211d08152154477f7d2281cafd814e987f6d089a3ad1c76f24608,0.0,0.0,0.2940296851189816,0.0,0.3244166355853327,0.0,0.0,0.0,0.0,0.0,0.0,0.0,0.11660222207295162,0.0,0.0,0.0,0.0,0.0,0.0,0.0,0.0,0.0,0.0,0.0,0.0,0.0,0.0,0.0,0.0,0.0,0.0,0.0,0.0,0.0,0.0,0.0,0.0,0.0,0.0,0.0,0.0,0.0,0.0,0.0,0.0,0.0,0.0,0.0,0.0,0.0,0.2764414385272103,0.0,0.0,0.0,0.0,0.0,0.0,0.0,0.0,0.0,0.16914057766373872,0.0,0.0,0.0,0.0,0.0,0.0,0.0,0.0,0.0,0.0,0.0,0.0,0.0,0.0,0.0,0.0,0.0,0.0,0.10142110645629711,0.0,0.0,0.0,0.0,0.0,0.0,0.0,0.0,0.0,0.0,0.0,0.0,0.0,0.0,0.0,0.0,0.0,0.0,0.0,0.14272831771637037,0.0,0.0,0.0,0.0,0.0,0.0,0.1864249495538418,0.0,0.0,0.0,0.0,0.0,0.0,0.0,0.0,0.26679070419647893,0.0,0.13475357003578176,0.0,0.13151454991216863,0.0,0.0,0.2559531245900798,0.0,0.18428069344813297,0.0,0.2116688553037612,0.0,0.0,0.0,0.0,0.0,0.0,0.0,0.0,0.0,0.0,0.0,0.0,0.0,0.3763417673635186,0.0,0.0,0.18015352051616354,0.0,0.0,0.0,0.270170009489532,0.0,0.0,0.0,0.0,0.0,0.0,0.17513542980933755,0.0,0.0,0.30919961536894963,0.0,0.0,0.0
3b43751ed88e4d1f82cf52ca2d4477e3e35c35f08c1b4e3ab21c80720601e804,0.0,0.19182533431675758,0.22590389210599504,0.0,0.0,0.0,0.0,0.0,0.0,0.0,0.0,0.0,0.08958583819122982,0.0,0.0,0.0,0.0,0.1755475613913566,0.0,0.0,0.0,0.13092421868818643,0.0,0.0,0.0,0.0,0.0,0.0,0.0,0.0,0.0,0.0,0.0,0.4069783713413071,0.14666099501300306,0.0,0.0,0.0,0.0,0.0,0.0,0.0,0.0,0.0,0.0,0.0,0.0,0.0,0.0,0.0,0.2123907893089311,0.0,0.0,0.0,0.0,0.0,0.0,0.0,0.0,0.305660891385142,0.1299512149320335,0.0,0.0,0.0,0.0,0.0,0.0,0.0,0.0,0.0,0.0,0.0,0.0,0.0,0.0,0.0,0.0,0.0,0.0,0.07792214136781013,0.0,0.0,0.0,0.0,0.0,0.0,0.0,0.0,0.0,0.0,0.0,0.0,0.0,0.0,0.0,0.0,0.0,0.0,0.0,0.0,0.0,0.0,0.0,0.0,0.0,0.0,0.14323084988114318,0.0,0.294183368373328,0.0,0.0,0.0,0.0,0.0,0.18009033818619755,0.0,0.11193765368333439,0.10353157346661286,0.0,0.10104302455619331,0.12046818617738275,0.27807182762737753,0.1966495560412277,0.26865849248573126,0.0,0.0,0.0,0.0,0.2492502776139855,0.0,0.0,0.0,0.0,0.0,0.0,0.0,0.0,0.0,0.0,0.0,0.0,0.0,0.0,0.0,0.0,0.09271324066414041,0.0,0.20757243150228727,0.0,0.0,0.0,0.0,0.0,0.0,0.13455707787999652,0.0,0.0,0.0,0.0,0.0,0.0
03bb4d5c0179fdceacc5df7645e6e7fa93e931ac9beb1968c7bbe40ba3499194,0.0,0.0,0.0,0.0,0.0,0.0,0.0,0.0,0.0,0.0,0.0,0.0,0.0,0.0,0.0,0.0,0.0,0.5257054615323886,0.0,0.0,0.0,0.0,0.0,0.0,0.0,0.0,0.0,0.0,0.0,0.0,0.0,0.0,0.0,0.0,0.0,0.0,0.0,0.0,0.0,0.0,0.0,0.0,0.0,0.0,0.0,0.0,0.0,0.0,0.0,0.0,0.0,0.0,0.0,0.0,0.0,0.0,0.0,0.0,0.0,0.0,0.3891598543498933,0.0,0.0,0.0,0.0,0.0,0.0,0.0,0.0,0.0,0.0,0.0,0.0,0.0,0.0,0.0,0.0,0.0,0.0,0.23335040923771894,0.0,0.0,0.0,0.0,0.0,0.0,0.0,0.0,0.0,0.0,0.0,0.0,0.0,0.0,0.0,0.0,0.0,0.0,0.0,0.3283903372053804,0.0,0.0,0.3602646369352605,0.0,0.0,0.0,0.42892786117705667,0.0,0.0,0.0,0.0,0.0,0.0,0.0,0.0,0.0,0.0,0.3100419805382721,0.0,0.0,0.0,0.0,0.0,0.0,0.0,0.0,0.0,0.0,0.0,0.0,0.0,0.0,0.0,0.0,0.0,0.0,0.0,0.0,0.0,0.0,0.0,0.0,0.0,0.0,0.0,0.0,0.0,0.0,0.0,0.0,0.0,0.0,0.0,0.0,0.0,0.0,0.0,0.0,0.0,0.0,0.0
3bb9fb8e6f269e4312f10669b64636b8228ae92d2e60b7460de1003ea24a1b3a,0.0,0.0,0.0,0.0,0.0,0.0,0.0,0.0,0.0,0.0,0.0,0.0,0.0,0.0,0.0,0.0,0.0,0.0,0.0,0.0,0.0,0.0,0.0,0.0,0.0,0.0,0.0,0.0,0.0,0.0,0.0,0.0,0.0,0.0,0.3468990280072203,0.0,0.0,0.0,0.0,0.0,0.0,0.0,0.0,0.0,0.0,0.0,0.0,0.0,0.0,0.0,0.0,0.0,0.0,0.0,0.0,0.0,0.0,0.0,0.0,0.0,0.30737518277632697,0.0,0.0,0.4300777420510803,0.0,0.0,0.0,0.3468990280072203,0.0,0.0,0.0,0.0,0.0,0.0,0.0,0.2014490372002078,0.0,0.0,0.0,0.18431018484729322,0.0,0.0,0.0,0.0,0.0,0.0,0.0,0.0,0.0,0.0,0.0,0.0,0.0,0.0,0.0,0.0,0.0,0.0,0.0,0.0,0.0,0.0,0.0,0.0,0.0,0.0,0.3387856641775232,0.0,0.0,0.0,0.0,0.0,0.0,0.0,0.0,0.0,0.0,0.24488448479735103,0.0,0.0,0.28494485999513214,0.0,0.0,0.0,0.0,0.0,0.0,0.0,0.0,0.0,0.0,0.0,0.0,0.0,0.0,0.0,0.0,0.0,0.0,0.0,0.0,0.0,0.0,0.0,0.0,0.21929575117732078,0.0,0.0,0.0,0.0,0.0,0.0,0.0,0.0,0.3182694861979094,0.0,0.0,0.0,0.0,0.0,0.0
3bc8ce79ee7043c9ad70698e3fc2013806244dc5112c8c8d465e96757b57b1e1,0.0,0.21138184643903282,0.0,0.0,0.0,0.0,0.0,0.0,0.0,0.0,0.0,0.0,0.09871907670120658,0.0,0.0,0.0,0.0,0.0,0.0,0.0,0.0,0.14427188769653002,0.0,0.0,0.0,0.0,0.0,0.0,0.0,0.0,0.0,0.0,0.0,0.0,0.1616130217463467,0.34809683348068077,0.0,0.0,0.0,0.0,0.0,0.0,0.0,0.0,0.0,0.0,0.0,0.0,0.0,0.0,0.23404394091465658,0.0,0.0,0.0,0.0,0.0,0.0,0.0,0.0,0.3368228906537485,0.14319968661683274,0.0,0.0,0.0,0.0,0.0,0.0,0.0,0.0,0.0,0.0,0.0,0.0,0.0,0.0,0.0,0.0,0.0,0.0,0.08586627089418886,0.0,0.0,0.0,0.0,0.0,0.0,0.0,0.0,0.0,0.0,0.0,0.0,0.0,0.0,0.0,0.0,0.0,0.0,0.0,0.0,0.0,0.0,0.13256707374001636,0.0,0.0,0.0,0.0,0.0,0.3241752390000962,0.0,0.0,0.0,0.0,0.0,0.1984504723905113,0.0,0.0,0.114086573820188,0.0,0.0,0.13274986707066969,0.30642113345409483,0.21669789553850105,0.29604811275545817,0.0,0.0,0.0,0.0,0.2746612385436262,0.0,0.0,0.0,0.0,0.0,0.0,0.0,0.0,0.0,0.0,0.0,0.0,0.0,0.0,0.0,0.0,0.10216531654036264,0.0,0.22873435355696972,0.0,0.0,0.0,0.0,0.0,0.0,0.14827511535440432,0.0,0.0,0.0,0.0,0.0,0.0
3bf821f05397bc709a11c60b19c8e2311b1547dee86893c94f290878c8864193,0.0,0.0,0.0,0.0,0.0,0.0,0.0,0.0,0.0,0.0,0.0,0.0,0.0,0.0,0.0,0.0,0.0,0.0,0.0,0.0,0.0,0.0,0.0,0.0,0.0,0.0,0.0,0.0,0.0,0.0,0.0,0.0,0.0,0.0,0.3349358986844229,0.0,0.0,0.0,0.0,0.0,0.0,0.0,0.0,0.0,0.0,0.0,0.0,0.0,0.0,0.0,0.0,0.0,0.0,0.0,0.0,0.0,0.0,0.0,0.0,0.0,0.29677506929865205,0.0,0.0,0.41524611892267344,0.0,0.0,0.0,0.3349358986844229,0.0,0.0,0.0,0.0,0.0,0.0,0.0,0.1945018834482263,0.0,0.0,0.0,0.17795408004785587,0.0,0.0,0.0,0.0,0.0,0.0,0.0,0.0,0.0,0.0,0.0,0.0,0.0,0.0,0.0,0.0,0.0,0.0,0.0,0.0,0.0,0.0,0.0,0.0,0.0,0.0,0.3271023316050804,0.0,0.0,0.0,0.0,0.0,0.0,0.0,0.0,0.0,0.0,0.23643942002560328,0.2603508127639259,0.0,0.27511827665308486,0.0,0.0,0.0,0.0,0.0,0.0,0.0,0.0,0.0,0.0,0.0,0.0,0.0,0.0,0.0,0.0,0.0,0.0,0.0,0.0,0.0,0.0,0.0,0.0,0.21173313721917597,0.0,0.0,0.0,0.0,0.0,0.0,0.0,0.0,0.30729367273207686,0.0,0.0,0.0,0.0,0.0,0.0
3c4ad3e800eb1b6e313b86f527ffed41f34e46221da557d611b55bae2ba46588,0.0,0.0,0.0,0.0,0.0,0.0,0.0,0.0,0.0,0.0,0.0,0.0,0.0,0.0,0.0,0.0,0.0,0.5257054615323886,0.0,0.0,0.0,0.0,0.0,0.0,0.0,0.0,0.0,0.0,0.0,0.0,0.0,0.0,0.0,0.0,0.0,0.0,0.0,0.0,0.0,0.0,0.0,0.0,0.0,0.0,0.0,0.0,0.0,0.0,0.0,0.0,0.0,0.0,0.0,0.0,0.0,0.0,0.0,0.0,0.0,0.0,0.3891598543498933,0.0,0.0,0.0,0.0,0.0,0.0,0.0,0.0,0.0,0.0,0.0,0.0,0.0,0.0,0.0,0.0,0.0,0.0,0.23335040923771894,0.0,0.0,0.0,0.0,0.0,0.0,0.0,0.0,0.0,0.0,0.0,0.0,0.0,0.0,0.0,0.0,0.0,0.0,0.0,0.3283903372053804,0.0,0.0,0.3602646369352605,0.0,0.0,0.0,0.42892786117705667,0.0,0.0,0.0,0.0,0.0,0.0,0.0,0.0,0.0,0.0,0.3100419805382721,0.0,0.0,0.0,0.0,0.0,0.0,0.0,0.0,0.0,0.0,0.0,0.0,0.0,0.0,0.0,0.0,0.0,0.0,0.0,0.0,0.0,0.0,0.0,0.0,0.0,0.0,0.0,0.0,0.0,0.0,0.0,0.0,0.0,0.0,0.0,0.0,0.0,0.0,0.0,0.0,0.0,0.0,0.0
3d34a1dd4ce728dace0214592dde9e6594b8b5747fb3844981b71b2ca601d98a,0.0,0.0,0.0,0.0,0.0,0.0,0.0,0.0,0.0,0.0,0.0,0.0,0.0,0.0,0.0,0.0,0.0,0.0,0.0,0.0,0.0,0.0,0.0,0.0,0.0,0.0,0.0,0.0,0.0,0.0,0.0,0.0,0.0,0.0,0.3468990280072203,0.0,0.0,0.0,0.0,0.0,0.0,0.0,0.0,0.0,0.0,0.0,0.0,0.0,0.0,0.0,0.0,0.0,0.0,0.0,0.0,0.0,0.0,0.0,0.0,0.0,0.30737518277632697,0.0,0.0,0.4300777420510803,0.0,0.0,0.0,0.3468990280072203,0.0,0.0,0.0,0.0,0.0,0.0,0.0,0.2014490372002078,0.0,0.0,0.0,0.18431018484729322,0.0,0.0,0.0,0.0,0.0,0.0,0.0,0.0,0.0,0.0,0.0,0.0,0.0,0.0,0.0,0.0,0.0,0.0,0.0,0.0,0.0,0.0,0.0,0.0,0.0,0.0,0.3387856641775232,0.0,0.0,0.0,0.0,0.0,0.0,0.0,0.0,0.0,0.0,0.24488448479735103,0.0,0.0,0.28494485999513214,0.0,0.0,0.0,0.0,0.0,0.0,0.0,0.0,0.0,0.0,0.0,0.0,0.0,0.0,0.0,0.0,0.0,0.0,0.0,0.0,0.0,0.0,0.0,0.0,0.21929575117732078,0.0,0.0,0.0,0.0,0.0,0.0,0.0,0.0,0.3182694861979094,0.0,0.0,0.0,0.0,0.0,0.0
9fb87f7f5f15f6706b0b832d6382a43c6cf325b857af0332f5ec9f1988fc233a,0.0,0.0,0.0,0.0,0.0,0.0,0.0,0.0,0.0,0.0,0.23785173411175228,0.0,0.15492879604443655,0.0,0.0,0.0,0.0,0.0,0.0,0.0,0.0,0.2264189517445959,0.0,0.0,0.0,0.0,0.3256667621963963,0.0,0.0,0.0,0.0,0.0,0.0,0.0,0.0,0.0,0.0,0.0,0.0,0.0,0.0,0.0,0.0,0.0,0.3008682275192904,0.0,0.0,0.32316392381475145,0.0,0.0,0.0,0.0,0.0,0.0,0.0,0.0,0.0,0.0,0.2995323988000902,0.0,0.0,0.0,0.0,0.0,0.0,0.0,0.0,0.0,0.0,0.0,0.0,0.0,0.0,0.0,0.0,0.14728873247190494,0.0,0.0,0.0,0.1347577227725381,0.0,0.0,0.0,0.0,0.0,0.0,0.0,0.0,0.0,0.0,0.0,0.0,0.0,0.0,0.0,0.0,0.0,0.0,0.0,0.0,0.0,0.0,0.0,0.0,0.35338932303927073,0.0,0.0,0.0,0.0,0.0,0.0,0.0,0.0,0.0,0.0,0.0,0.0,0.0,0.0,0.17474273232520798,0.0,0.0,0.0,0.0,0.2448528463916469,0.0,0.0,0.0,0.0,0.0,0.0,0.0,0.0,0.2224233225750646,0.0,0.0,0.0,0.0,0.0,0.0,0.0,0.0,0.2995323988000902,0.23936909211964716,0.0,0.1603372926289097,0.0,0.0,0.0,0.0,0.0,0.0,0.0,0.0,0.0,0.0,0.0,0.0,0.0,0.0,0.0
3e6fbc358e0204cb67a41b05771fac74f1b49737c7ab7138e415c7e9628ef545,0.0,0.28370718118442734,0.33410892610332343,0.0,0.0,0.0,0.0,0.0,0.0,0.0,0.0,0.0,0.0,0.0,0.0,0.0,0.0,0.0,0.0,0.0,0.0,0.0,0.0,0.0,0.0,0.0,0.0,0.0,0.0,0.0,0.0,0.0,0.0,0.0,0.0,0.0,0.0,0.0,0.0,0.0,0.0,0.0,0.24295256280794061,0.0,0.0,0.0,0.0,0.0,0.0,0.0,0.0,0.0,0.0,0.0,0.0,0.0,0.0,0.0,0.0,0.0,0.19219616121705438,0.0,0.0,0.0,0.0,0.0,0.0,0.0,0.0,0.0,0.0,0.0,0.0,0.0,0.0,0.0,0.0,0.0,0.0,0.11524583631279317,0.0,0.0,0.0,0.0,0.0,0.3898900232244168,0.0,0.0,0.0,0.0,0.0,0.0,0.0,0.0,0.0,0.0,0.0,0.0,0.0,0.0,0.0,0.0,0.1779255477338059,0.0,0.0,0.0,0.0,0.0,0.0,0.0,0.0,0.0,0.0,0.0,0.26635127412830445,0.0,0.0,0.15312185419314156,0.0,0.14944132263494356,0.1781708846984157,0.0,0.2908421425373321,0.39734242547193094,0.0,0.0,0.0,0.0,0.0,0.0,0.0,0.0,0.0,0.0,0.0,0.0,0.0,0.0,0.0,0.0,0.0,0.0,0.2561624008796932,0.0,0.0,0.13712168030872487,0.0,0.0,0.0,0.0,0.0,0.0,0.0,0.0,0.19900817277195476,0.0,0.0,0.0,0.0,0.0,0.0
3e74bf12b68d17b563160b6091c8d84d28cf08f163cafca77152c7a29edfba00,0.0,0.0,0.0,0.0,0.0,0.0,0.0,0.0,0.0,0.0,0.0,0.0,0.0,0.0,0.0,0.0,0.0,0.0,0.0,0.0,0.0,0.0,0.0,0.0,0.0,0.0,0.0,0.0,0.0,0.0,0.0,0.0,0.0,0.0,0.3349358986844229,0.0,0.0,0.0,0.0,0.0,0.0,0.0,0.0,0.0,0.0,0.0,0.0,0.0,0.0,0.0,0.0,0.0,0.0,0.0,0.0,0.0,0.0,0.0,0.0,0.0,0.29677506929865205,0.0,0.0,0.41524611892267344,0.0,0.0,0.0,0.3349358986844229,0.0,0.0,0.0,0.0,0.0,0.0,0.0,0.1945018834482263,0.0,0.0,0.0,0.17795408004785587,0.0,0.0,0.0,0.0,0.0,0.0,0.0,0.0,0.0,0.0,0.0,0.0,0.0,0.0,0.0,0.0,0.0,0.0,0.0,0.0,0.0,0.0,0.0,0.0,0.0,0.0,0.3271023316050804,0.0,0.0,0.0,0.0,0.0,0.0,0.0,0.0,0.0,0.0,0.23643942002560328,0.2603508127639259,0.0,0.27511827665308486,0.0,0.0,0.0,0.0,0.0,0.0,0.0,0.0,0.0,0.0,0.0,0.0,0.0,0.0,0.0,0.0,0.0,0.0,0.0,0.0,0.0,0.0,0.0,0.0,0.21173313721917597,0.0,0.0,0.0,0.0,0.0,0.0,0.0,0.0,0.30729367273207686,0.0,0.0,0.0,0.0,0.0,0.0
3f88affd9a69bad96f8152c87654aed50cc7a49247f154d503cacbdcd53ba825,0.0,0.0,0.0,0.0,0.0,0.0,0.0,0.0,0.0,0.0,0.0,0.0,0.0,0.0,0.0,0.0,0.0,0.5406308120175433,0.0,0.0,0.0,0.0,0.0,0.0,0.0,0.0,0.0,0.0,0.0,0.0,0.0,0.0,0.0,0.0,0.0,0.0,0.0,0.0,0.0,0.0,0.0,0.0,0.0,0.0,0.0,0.0,0.0,0.0,0.0,0.0,0.0,0.0,0.0,0.0,0.0,0.0,0.0,0.0,0.0,0.0,0.40020852636481413,0.0,0.0,0.0,0.0,0.0,0.0,0.0,0.0,0.0,0.0,0.0,0.0,0.0,0.0,0.0,0.0,0.0,0.0,0.0,0.0,0.0,0.0,0.0,0.0,0.0,0.0,0.0,0.0,0.0,0.0,0.0,0.0,0.0,0.0,0.0,0.0,0.0,0.0,0.3377136964576154,0.0,0.0,0.37049294226424084,0.0,0.0,0.0,0.44110559020854584,0.0,0.0,0.0,0.0,0.0,0.0,0.0,0.0,0.0,0.0,0.3188444099654964,0.0,0.0,0.0,0.0,0.0,0.0,0.0,0.0,0.0,0.0,0.0,0.0,0.0,0.0,0.0,0.0,0.0,0.0,0.0,0.0,0.0,0.0,0.0,0.0,0.0,0.0,0.0,0.0,0.0,0.0,0.0,0.0,0.0,0.0,0.0,0.0,0.0,0.0,0.0,0.0,0.0,0.0,0.0
3f82673c5bebf4a1c2595cb052286fac41ac41d8280b3e15d098e764c98f2dcc,0.0,0.0,0.0,0.0,0.0,0.0,0.0,0.0,0.0,0.0,0.0,0.0,0.0,0.0,0.0,0.0,0.0,0.0,0.0,0.0,0.0,0.0,0.0,0.0,0.0,0.0,0.0,0.0,0.0,0.0,0.0,0.0,0.0,0.0,0.32296850474476735,0.0,0.0,0.0,0.0,0.0,0.0,0.0,0.0,0.0,0.0,0.0,0.0,0.0,0.0,0.0,0.0,0.0,0.0,0.0,0.0,0.0,0.0,0.0,0.0,0.0,0.2861711770920663,0.0,0.0,0.4004092086166125,0.0,0.0,0.0,0.32296850474476735,0.0,0.0,0.0,0.0,0.0,0.0,0.0,0.1875522531745749,0.0,0.0,0.0,0.17159570942390479,0.0,0.0,0.0,0.0,0.0,0.0,0.0,0.0,0.0,0.0,0.0,0.0,0.0,0.0,0.0,0.0,0.0,0.0,0.0,0.0,0.0,0.0,0.264922894959547,0.0,0.0,0.0,0.3154148341577371,0.0,0.0,0.0,0.0,0.0,0.0,0.0,0.0,0.0,0.0,0.22799134475680058,0.2510483738462301,0.0,0.2652881903301829,0.0,0.0,0.0,0.0,0.0,0.0,0.0,0.0,0.0,0.0,0.0,0.0,0.0,0.0,0.0,0.0,0.0,0.0,0.0,0.0,0.0,0.0,0.0,0.0,0.20416782734008038,0.0,0.0,0.0,0.0,0.0,0.0,0.0,0.0,0.29631394660778554,0.0,0.0,0.0,0.0,0.0,0.0
4ae6519e0d6a7aaf9b684497763257e3a752ef0b31b4ba31afb9aecd1af59d9a,0.0,0.0,0.0,0.0,0.0,0.0,0.0,0.0,0.0,0.0,0.0,0.0,0.0,0.0,0.0,0.0,0.0,0.5406308120175433,0.0,0.0,0.0,0.0,0.0,0.0,0.0,0.0,0.0,0.0,0.0,0.0,0.0,0.0,0.0,0.0,0.0,0.0,0.0,0.0,0.0,0.0,0.0,0.0,0.0,0.0,0.0,0.0,0.0,0.0,0.0,0.0,0.0,0.0,0.0,0.0,0.0,0.0,0.0,0.0,0.0,0.0,0.40020852636481413,0.0,0.0,0.0,0.0,0.0,0.0,0.0,0.0,0.0,0.0,0.0,0.0,0.0,0.0,0.0,0.0,0.0,0.0,0.0,0.0,0.0,0.0,0.0,0.0,0.0,0.0,0.0,0.0,0.0,0.0,0.0,0.0,0.0,0.0,0.0,0.0,0.0,0.0,0.3377136964576154,0.0,0.0,0.37049294226424084,0.0,0.0,0.0,0.44110559020854584,0.0,0.0,0.0,0.0,0.0,0.0,0.0,0.0,0.0,0.0,0.3188444099654964,0.0,0.0,0.0,0.0,0.0,0.0,0.0,0.0,0.0,0.0,0.0,0.0,0.0,0.0,0.0,0.0,0.0,0.0,0.0,0.0,0.0,0.0,0.0,0.0,0.0,0.0,0.0,0.0,0.0,0.0,0.0,0.0,0.0,0.0,0.0,0.0,0.0,0.0,0.0,0.0,0.0,0.0,0.0
4b5fe7497864d07f78af15fa3e1aa3702b303b89f9644624871d83dd0f484749,0.0,0.22183484734750708,0.2612447182695372,0.0,0.0,0.0,0.0,0.0,0.0,0.0,0.0,0.0,0.0,0.0,0.0,0.0,0.0,0.0,0.0,0.0,0.0,0.0,0.0,0.0,0.0,0.0,0.0,0.0,0.0,0.0,0.0,0.0,0.0,0.0,0.16960491457723403,0.0,0.0,0.0,0.0,0.0,0.0,0.0,0.0,0.0,0.0,0.3148490852904128,0.0,0.0,0.0,0.0,0.24561760047065545,0.0,0.0,0.0,0.0,0.0,0.0,0.0,0.0,0.0,0.15028102533874946,0.0,0.0,0.21027242169333765,0.2002971756234023,0.0,0.0,0.16960491457723403,0.0,0.0,0.0,0.0,0.0,0.0,0.0,0.09849190683029571,0.0,0.0,0.0,0.09011242647842976,0.0,0.0,0.0,0.0,0.3264290637914667,0.30486078435949004,0.0,0.0,0.0,0.0,0.0,0.0,0.0,0.0,0.0,0.0,0.0,0.0,0.0,0.0,0.0,0.0,0.0,0.0,0.0,0.0,0.0,0.0,0.0,0.0,0.0,0.0,0.0,0.0,0.20826400653798344,0.0,0.0,0.11972824589315428,0.13183650224529586,0.1168503837503565,0.13931445388105962,0.0,0.2274137793151229,0.0,0.0,0.0,0.0,0.0,0.0,0.0,0.0,0.0,0.0,0.0,0.0,0.0,0.0,0.0,0.0,0.0,0.0,0.0,0.0,0.0,0.3106879280646571,0.10721747293222661,0.22183484734750708,0.0,0.0,0.0,0.0,0.0,0.0,0.0,0.15560743807564967,0.0,0.0,0.0,0.0,0.0,0.0
4b6db1a59ce31c78b9958342e6315a2d40e9b078747def487b9606e312cad630,0.0,0.2221888913514511,0.2616616596435878,0.0,0.0,0.0,0.0,0.0,0.0,0.0,0.0,0.0,0.0,0.0,0.0,0.0,0.0,0.0,0.0,0.0,0.0,0.0,0.0,0.0,0.0,0.0,0.0,0.0,0.0,0.0,0.0,0.0,0.0,0.0,0.16987560064736007,0.0,0.0,0.0,0.0,0.0,0.0,0.0,0.0,0.0,0.0,0.315351578168007,0.0,0.0,0.0,0.0,0.24600960127553137,0.0,0.0,0.0,0.0,0.0,0.0,0.0,0.0,0.0,0.15052087086601415,0.0,0.0,0.2106080122959209,0.2006168459316713,0.0,0.0,0.16987560064736007,0.0,0.0,0.0,0.0,0.0,0.0,0.0,0.09864909795453623,0.0,0.0,0.0,0.09025624411870138,0.0,0.0,0.0,0.0,0.3269500380844162,0.0,0.0,0.0,0.0,0.0,0.0,0.0,0.0,0.0,0.0,0.0,0.0,0.0,0.0,0.0,0.0,0.0,0.0,0.0,0.0,0.0,0.0,0.0,0.0,0.0,0.0,0.0,0.0,0.0,0.20859639174992728,0.0,0.0,0.11991932979213614,0.13204691068057556,0.0,0.13953679697840923,0.32208712846330967,0.2277767271835191,0.0,0.0,0.0,0.0,0.0,0.0,0.0,0.0,0.0,0.0,0.0,0.0,0.0,0.0,0.0,0.0,0.0,0.0,0.0,0.0,0.0,0.3111837798180868,0.10738858988640929,0.2221888913514511,0.0,0.0,0.0,0.0,0.0,0.0,0.0,0.155855784451697,0.0,0.0,0.0,0.0,0.0,0.0
4b6ef483991fa07850e3af17809005b6bf52712ac7b50ccbe680f29dc6ff3c78,0.0,0.0,0.0,0.0,0.0,0.0,0.0,0.0,0.0,0.0,0.0,0.0,0.0,0.0,0.0,0.0,0.0,0.0,0.0,0.0,0.0,0.0,0.0,0.0,0.0,0.0,0.3677484518174021,0.0,0.0,0.0,0.0,0.0,0.0,0.0,0.28640779143306555,0.0,0.0,0.0,0.0,0.0,0.0,0.0,0.0,0.0,0.3397455243054253,0.0,0.0,0.0,0.0,0.0,0.0,0.0,0.0,0.0,0.0,0.48928473878276224,0.0,0.0,0.33823708377540024,0.0,0.0,0.0,0.0,0.0,0.0,0.0,0.0,0.0,0.0,0.0,0.0,0.0,0.0,0.0,0.0,0.16632094405761233,0.0,0.2830128832949037,0.0,0.1521707145850942,0.0,0.0,0.0,0.0,0.0,0.0,0.0,0.0,0.0,0.0,0.0,0.0,0.0,0.0,0.0,0.0,0.0,0.0,0.0,0.0,0.0,0.0,0.0,0.0,0.0,0.0,0.0,0.0,0.0,0.0,0.0,0.0,0.0,0.0,0.0,0.0,0.21859810897096885,0.0,0.0,0.19732246805151255,0.0,0.0,0.0,0.0,0.0,0.0,0.0,0.0,0.0,0.0,0.0,0.0,0.0,0.2511642022458986,0.0,0.0,0.0,0.0,0.0,0.0,0.0,0.0,0.0,0.0,0.0,0.18105560031734727,0.0,0.0,0.0,0.0,0.0,0.0,0.0,0.0,0.0,0.0,0.0,0.0,0.0,0.0,0.0
04c9cc0d1577d5ee54a4e2d4dd12f17011d13703cdd0e6efd46718d14fd9aa87,0.0,0.19182533431675758,0.22590389210599504,0.0,0.0,0.0,0.0,0.0,0.0,0.0,0.0,0.0,0.08958583819122982,0.0,0.0,0.0,0.0,0.1755475613913566,0.0,0.0,0.0,0.13092421868818643,0.0,0.0,0.0,0.0,0.0,0.0,0.0,0.0,0.0,0.0,0.0,0.4069783713413071,0.14666099501300306,0.0,0.0,0.0,0.0,0.0,0.0,0.0,0.0,0.0,0.0,0.0,0.0,0.0,0.0,0.0,0.2123907893089311,0.0,0.0,0.0,0.0,0.0,0.0,0.0,0.0,0.305660891385142,0.1299512149320335,0.0,0.0,0.0,0.0,0.0,0.0,0.0,0.0,0.0,0.0,0.0,0.0,0.0,0.0,0.0,0.0,0.0,0.0,0.07792214136781013,0.0,0.0,0.0,0.0,0.0,0.0,0.0,0.0,0.0,0.0,0.0,0.0,0.0,0.0,0.0,0.0,0.0,0.0,0.0,0.0,0.0,0.0,0.0,0.0,0.0,0.0,0.14323084988114318,0.0,0.294183368373328,0.0,0.0,0.0,0.0,0.0,0.18009033818619755,0.0,0.11193765368333439,0.10353157346661286,0.0,0.10104302455619331,0.12046818617738275,0.27807182762737753,0.1966495560412277,0.26865849248573126,0.0,0.0,0.0,0.0,0.2492502776139855,0.0,0.0,0.0,0.0,0.0,0.0,0.0,0.0,0.0,0.0,0.0,0.0,0.0,0.0,0.0,0.0,0.09271324066414041,0.0,0.20757243150228727,0.0,0.0,0.0,0.0,0.0,0.0,0.13455707787999652,0.0,0.0,0.0,0.0,0.0,0.0
4c21b335baf9907cfaec588f25354b804b3d59f3882d923fbaf0d929b933ef49,0.0,0.0,0.0,0.0,0.36083013111066065,0.0,0.0,0.0,0.0,0.0,0.0,0.0,0.12969000496064487,0.0,0.0,0.0,0.0,0.0,0.0,0.0,0.0,0.0,0.0,0.0,0.0,0.0,0.0,0.0,0.0,0.0,0.0,0.0,0.0,0.0,0.0,0.0,0.0,0.0,0.0,0.0,0.0,0.0,0.0,0.0,0.0,0.0,0.0,0.0,0.0,0.0,0.30747005414263257,0.0,0.0,0.0,0.0,0.0,0.0,0.0,0.0,0.0,0.18812542305182275,0.0,0.0,0.0,0.0,0.0,0.0,0.21231553507562673,0.0,0.0,0.0,0.0,0.0,0.0,0.0,0.0,0.0,0.0,0.0,0.11280491542607105,0.0,0.0,0.0,0.0,0.0,0.0,0.0,0.0,0.0,0.0,0.0,0.0,0.0,0.0,0.0,0.0,0.0,0.0,0.0,0.158748571884673,0.0,0.0,0.0,0.0,0.0,0.0,0.20734984464789363,0.0,0.0,0.0,0.0,0.0,0.0,0.0,0.0,0.29673609246526966,0.0,0.14987871462236152,0.0,0.14627613717202614,0.0,0.0,0.2846820704412647,0.0,0.20496491081007798,0.0,0.23542720204066103,0.0,0.0,0.0,0.0,0.0,0.0,0.0,0.0,0.0,0.0,0.0,0.0,0.0,0.0,0.0,0.0,0.2003744916181892,0.0,0.0,0.0,0.30049470111292814,0.0,0.0,0.0,0.0,0.0,0.0,0.1947931553701196,0.0,0.0,0.3439051069364709,0.0,0.0,0.0
9fe9a0edbf56394c7f65764f1fe3a567ef7689716ee94cd1b415a00f907520bf,0.0,0.0,0.0,0.0,0.0,0.0,0.0,0.0,0.0,0.0,0.20765376726791887,0.0,0.1352588337312471,0.0,0.0,0.0,0.0,0.0,0.0,0.0,0.0,0.1976725058835523,0.0,0.0,0.0,0.0,0.0,0.0,0.0,0.0,0.0,0.0,0.0,0.0,0.0,0.0,0.0,0.0,0.0,0.0,0.0,0.0,0.0,0.2344503999822728,0.0,0.0,0.0,0.0,0.0,0.0,0.0,0.0,0.0,0.0,0.0,0.0,0.0,0.0,0.0,0.0,0.0,0.0,0.0,0.0,0.0,0.0,0.0,0.0,0.46149409907575206,0.0,0.0,0.42951356857309864,0.0,0.0,0.0,0.1285887626093053,0.2745268254679718,0.21880753907203282,0.0,0.11764870626932597,0.0,0.0,0.0,0.0,0.0,0.0,0.0,0.0,0.0,0.0,0.0,0.0,0.0,0.0,0.0,0.0,0.0,0.0,0.0,0.16556516206578722,0.0,0.0,0.0,0.0,0.0,0.0,0.0,0.0,0.0,0.0,0.0,0.0,0.0,0.0,0.0,0.0,0.16900613750469168,0.15631443723909802,0.17212269754987536,0.15255716678092568,0.1818857387848463,0.0,0.0,0.0,0.2137660091879326,0.0,0.0,0.0,0.0,0.0,0.0,0.0,0.0,0.1941841670124599,0.0,0.0,0.0,0.0,0.0,0.0,0.0,0.0,0.0,0.20897847952116436,0.0,0.0,0.0,0.0,0.0,0.0,0.0,0.0,0.0,0.0,0.0,0.0,0.0,0.0,0.0,0.0,0.0
4c121c1cc3d2c69e3077b50e87477d7db27ee72770231ae6c9d573e6fcd75ab7,0.0,0.0,0.0,0.0,0.0,0.0,0.0,0.0,0.0,0.0,0.0,0.0,0.0,0.0,0.0,0.0,0.0,0.0,0.0,0.0,0.0,0.0,0.0,0.0,0.0,0.0,0.0,0.0,0.0,0.0,0.0,0.0,0.0,0.0,0.3468990280072203,0.0,0.0,0.0,0.0,0.0,0.0,0.0,0.0,0.0,0.0,0.0,0.0,0.0,0.0,0.0,0.0,0.0,0.0,0.0,0.0,0.0,0.0,0.0,0.0,0.0,0.30737518277632697,0.0,0.0,0.4300777420510803,0.0,0.0,0.0,0.3468990280072203,0.0,0.0,0.0,0.0,0.0,0.0,0.0,0.2014490372002078,0.0,0.0,0.0,0.18431018484729322,0.0,0.0,0.0,0.0,0.0,0.0,0.0,0.0,0.0,0.0,0.0,0.0,0.0,0.0,0.0,0.0,0.0,0.0,0.0,0.0,0.0,0.0,0.0,0.0,0.0,0.0,0.3387856641775232,0.0,0.0,0.0,0.0,0.0,0.0,0.0,0.0,0.0,0.0,0.24488448479735103,0.0,0.0,0.28494485999513214,0.0,0.0,0.0,0.0,0.0,0.0,0.0,0.0,0.0,0.0,0.0,0.0,0.0,0.0,0.0,0.0,0.0,0.0,0.0,0.0,0.0,0.0,0.0,0.0,0.21929575117732078,0.0,0.0,0.0,0.0,0.0,0.0,0.0,0.0,0.3182694861979094,0.0,0.0,0.0,0.0,0.0,0.0
4d30670f6311dc373dcbfb5bd93cf1621b1d6c425c8c9a95dc0a1317d0bdf648,0.0,0.0,0.0,0.0,0.0,0.0,0.0,0.0,0.0,0.0,0.0,0.0,0.0,0.0,0.0,0.0,0.0,0.5406308120175433,0.0,0.0,0.0,0.0,0.0,0.0,0.0,0.0,0.0,0.0,0.0,0.0,0.0,0.0,0.0,0.0,0.0,0.0,0.0,0.0,0.0,0.0,0.0,0.0,0.0,0.0,0.0,0.0,0.0,0.0,0.0,0.0,0.0,0.0,0.0,0.0,0.0,0.0,0.0,0.0,0.0,0.0,0.40020852636481413,0.0,0.0,0.0,0.0,0.0,0.0,0.0,0.0,0.0,0.0,0.0,0.0,0.0,0.0,0.0,0.0,0.0,0.0,0.0,0.0,0.0,0.0,0.0,0.0,0.0,0.0,0.0,0.0,0.0,0.0,0.0,0.0,0.0,0.0,0.0,0.0,0.0,0.0,0.3377136964576154,0.0,0.0,0.37049294226424084,0.0,0.0,0.0,0.44110559020854584,0.0,0.0,0.0,0.0,0.0,0.0,0.0,0.0,0.0,0.0,0.3188444099654964,0.0,0.0,0.0,0.0,0.0,0.0,0.0,0.0,0.0,0.0,0.0,0.0,0.0,0.0,0.0,0.0,0.0,0.0,0.0,0.0,0.0,0.0,0.0,0.0,0.0,0.0,0.0,0.0,0.0,0.0,0.0,0.0,0.0,0.0,0.0,0.0,0.0,0.0,0.0,0.0,0.0,0.0,0.0
4dade4e22ea6cddb7a2f6528ef1e0c636b87833b14b03a6e8bcc49ac9f895e5e,0.0,0.0,0.0,0.0,0.0,0.0,0.0,0.0,0.0,0.0,0.0,0.0,0.0,0.0,0.0,0.0,0.0,0.0,0.0,0.0,0.0,0.0,0.0,0.0,0.0,0.0,0.0,0.0,0.0,0.0,0.0,0.0,0.0,0.0,0.3349358986844229,0.0,0.0,0.0,0.0,0.0,0.0,0.0,0.0,0.0,0.0,0.0,0.0,0.0,0.0,0.0,0.0,0.0,0.0,0.0,0.0,0.0,0.0,0.0,0.0,0.0,0.29677506929865205,0.0,0.0,0.41524611892267344,0.0,0.0,0.0,0.3349358986844229,0.0,0.0,0.0,0.0,0.0,0.0,0.0,0.1945018834482263,0.0,0.0,0.0,0.17795408004785587,0.0,0.0,0.0,0.0,0.0,0.0,0.0,0.0,0.0,0.0,0.0,0.0,0.0,0.0,0.0,0.0,0.0,0.0,0.0,0.0,0.0,0.0,0.0,0.0,0.0,0.0,0.3271023316050804,0.0,0.0,0.0,0.0,0.0,0.0,0.0,0.0,0.0,0.0,0.23643942002560328,0.2603508127639259,0.0,0.27511827665308486,0.0,0.0,0.0,0.0,0.0,0.0,0.0,0.0,0.0,0.0,0.0,0.0,0.0,0.0,0.0,0.0,0.0,0.0,0.0,0.0,0.0,0.0,0.0,0.0,0.21173313721917597,0.0,0.0,0.0,0.0,0.0,0.0,0.0,0.0,0.30729367273207686,0.0,0.0,0.0,0.0,0.0,0.0
4e0f7f76e731ed338ad70fc099358857258515bc80226fa0a4700404ef91c491,0.0,0.22509600737548124,0.26508523675852547,0.0,0.0,0.0,0.0,0.0,0.0,0.0,0.0,0.0,0.0,0.0,0.0,0.0,0.0,0.0,0.0,0.0,0.0,0.0,0.0,0.0,0.0,0.0,0.0,0.0,0.0,0.0,0.0,0.0,0.0,0.0,0.17209825038349172,0.0,0.0,0.0,0.0,0.0,0.0,0.0,0.0,0.0,0.0,0.31947763334799034,0.0,0.0,0.0,0.0,0.24922838710043618,0.0,0.0,0.0,0.0,0.0,0.0,0.0,0.0,0.0,0.15249028361650765,0.0,0.0,0.21336360427718765,0.20324171364648355,0.0,0.0,0.0,0.0,0.0,0.0,0.0,0.0,0.0,0.0,0.09993982122911312,0.0,0.0,0.0,0.0914371554232689,0.0,0.0,0.0,0.0,0.3312278473348752,0.3093424959387921,0.0,0.0,0.0,0.0,0.0,0.0,0.0,0.0,0.0,0.0,0.0,0.0,0.0,0.0,0.0,0.0,0.0,0.0,0.0,0.0,0.0,0.0,0.0,0.0,0.0,0.0,0.0,0.0,0.211325663719028,0.0,0.0,0.12148835245168144,0.13377461042122538,0.11856818329941994,0.1413624942757423,0.0,0.23075695436530447,0.0,0.0,0.0,0.0,0.0,0.0,0.0,0.0,0.0,0.0,0.0,0.0,0.0,0.0,0.0,0.0,0.0,0.0,0.0,0.0,0.0,0.31525530358880716,0.10879366053849228,0.22509600737548124,0.0,0.0,0.0,0.0,0.0,0.0,0.0,0.15789499912917895,0.0,0.0,0.0,0.0,0.0,0.0
10c53048944570e3619bd2fa4dad951b8b63634f062ba676abaefbdb70b7a463,0.0,0.0,0.0,0.0,0.0,0.0,0.0,0.0,0.0,0.0,0.2656707246329152,0.0,0.17304917143169507,0.0,0.0,0.0,0.0,0.0,0.0,0.0,0.0,0.25290077116843557,0.0,0.0,0.0,0.0,0.3637565436496723,0.0,0.0,0.0,0.0,0.0,0.0,0.0,0.0,0.0,0.0,0.0,0.0,0.0,0.0,0.0,0.0,0.0,0.33605758781861755,0.0,0.0,0.0,0.0,0.0,0.0,0.0,0.0,0.0,0.0,0.0,0.0,0.0,0.3345655214053089,0.0,0.0,0.0,0.0,0.0,0.0,0.0,0.0,0.0,0.0,0.0,0.0,0.0,0.0,0.0,0.0,0.16451553078729955,0.0,0.2799407794293009,0.0,0.1505189020065789,0.0,0.0,0.0,0.0,0.0,0.0,0.0,0.0,0.0,0.0,0.0,0.0,0.0,0.0,0.0,0.0,0.0,0.0,0.0,0.21182286822291255,0.0,0.0,0.0,0.0,0.0,0.0,0.0,0.0,0.0,0.0,0.0,0.0,0.0,0.0,0.0,0.0,0.0,0.0,0.0,0.19518053334587698,0.0,0.0,0.0,0.0,0.27349068263987303,0.0,0.3141374098796711,0.0,0.0,0.0,0.0,0.0,0.0,0.24843781570251053,0.0,0.0,0.0,0.0,0.0,0.0,0.0,0.0,0.0,0.0,0.0,0.1790902424044908,0.0,0.0,0.0,0.0,0.0,0.0,0.0,0.0,0.0,0.0,0.0,0.0,0.0,0.0,0.0
12f1fa49ce2f2fd19db6147e547a35625c260b2fec2ecf67de89c837990c5d94,0.0,0.0,0.0,0.0,0.0,0.0,0.0,0.0,0.0,0.0,0.0,0.0,0.2693527028034385,0.0,0.0,0.0,0.0,0.0,0.0,0.0,0.0,0.0,0.0,0.0,0.0,0.0,0.0,0.0,0.0,0.0,0.0,0.0,0.0,0.0,0.0,0.0,0.0,0.0,0.0,0.0,0.0,0.0,0.0,0.0,0.0,0.0,0.0,0.0,0.0,0.0,0.0,0.0,0.0,0.0,0.0,0.0,0.0,0.0,0.0,0.0,0.0,0.0,0.0,0.0,0.5207544578792259,0.0,0.0,0.44095736781822353,0.0,0.0,0.0,0.0,0.0,0.0,0.0,0.25607000891184434,0.0,0.0,0.0,0.23428412134571058,0.0,0.0,0.0,0.0,0.0,0.0,0.0,0.0,0.0,0.0,0.0,0.0,0.0,0.0,0.0,0.0,0.0,0.0,0.0,0.0,0.0,0.0,0.0,0.0,0.0,0.0,0.0,0.0,0.0,0.0,0.0,0.0,0.0,0.0,0.0,0.0,0.3365566497320896,0.3112825609690499,0.0,0.0,0.36220492216014644,0.0,0.0,0.0,0.0,0.0,0.0,0.0,0.0,0.0,0.0,0.0,0.0,0.0,0.0,0.0,0.0,0.0,0.0,0.0,0.0,0.0,0.0,0.0,0.0,0.0,0.0,0.0,0.0,0.0,0.0,0.0,0.0,0.0,0.0,0.0,0.0,0.0,0.0,0.0,0.0
15d9f248ee852047b99f3e6199e8dfffdf970a7597438d02bfb2842f32ff31f7,0.0,0.0,0.0,0.0,0.0,0.0,0.0,0.0,0.0,0.0,0.3122480609395972,0.0,0.20338811625334868,0.0,0.0,0.0,0.0,0.39854834809987233,0.0,0.0,0.0,0.2972392818839367,0.0,0.0,0.0,0.0,0.0,0.0,0.0,0.0,0.0,0.0,0.0,0.0,0.0,0.0,0.0,0.0,0.0,0.0,0.0,0.0,0.0,0.0,0.0,0.0,0.0,0.0,0.0,0.0,0.0,0.0,0.584545147255589,0.0,0.0,0.0,0.0,0.0,0.0,0.0,0.0,0.0,0.0,0.0,0.0,0.0,0.0,0.0,0.0,0.0,0.0,0.0,0.0,0.0,0.0,0.19335835950220642,0.0,0.0,0.0,0.17690784466843945,0.0,0.0,0.0,0.0,0.0,0.0,0.0,0.0,0.0,0.0,0.0,0.0,0.0,0.0,0.0,0.0,0.0,0.0,0.0,0.24895960951910515,0.0,0.0,0.27312418537714245,0.0,0.0,0.0,0.0,0.0,0.0,0.0,0.0,0.0,0.0,0.0,0.0,0.0,0.0,0.0,0.25882014692417565,0.0,0.0,0.0,0.0,0.0,0.0,0.0,0.0,0.0,0.0,0.0,0.0,0.0,0.0,0.0,0.0,0.0,0.0,0.0,0.0,0.0,0.0,0.0,0.0,0.0,0.0,0.0,0.0,0.0,0.0,0.0,0.0,0.0,0.0,0.0,0.0,0.0,0.0,0.0,0.0,0.0,0.0
16ad6e2bd4bce6939f1b743d03707fe4cea68167a6f6dfbac9061728292697b7,0.0,0.0,0.0,0.0,0.0,0.0,0.0,0.0,0.0,0.0,0.0,0.0,0.0,0.0,0.0,0.0,0.0,0.0,0.0,0.0,0.6785152104202267,0.0,0.0,0.0,0.0,0.0,0.0,0.0,0.0,0.0,0.0,0.0,0.0,0.0,0.0,0.0,0.0,0.0,0.0,0.0,0.0,0.0,0.0,0.41607668871479125,0.0,0.0,0.0,0.0,0.0,0.0,0.0,0.0,0.0,0.0,0.0,0.0,0.0,0.0,0.0,0.0,0.0,0.0,0.0,0.0,0.0,0.0,0.0,0.39297354135068086,0.0,0.0,0.0,0.0,0.0,0.0,0.0,0.0,0.0,0.0,0.0,0.0,0.0,0.0,0.0,0.0,0.0,0.0,0.0,0.0,0.0,0.0,0.0,0.0,0.0,0.0,0.0,0.0,0.0,0.0,0.0,0.0,0.0,0.0,0.0,0.0,0.0,0.0,0.0,0.0,0.0,0.0,0.0,0.0,0.0,0.0,0.0,0.0,0.0,0.0,0.3054643628444425,0.0,0.0,0.0,0.0,0.0,0.0,0.0,0.0,0.0,0.0,0.0,0.0,0.0,0.0,0.3446166234627598,0.0,0.0,0.0,0.0,0.0,0.0,0.0,0.0,0.0,0.0,0.0,0.0,0.0,0.0,0.0,0.0,0.0,0.0,0.0,0.0,0.0,0.0,0.0,0.0,0.0,0.0,0.0
16bd868c6c2200864825de71892e8802f0f7f243f476dcd38e9d713bb0a5ee44,0.0,0.0,0.0,0.0,0.0,0.0,0.0,0.0,0.0,0.0,0.20989874781919424,0.0,0.13672114021915713,0.0,0.0,0.0,0.0,0.0,0.0,0.0,0.0,0.19980957730329632,0.0,0.0,0.0,0.0,0.0,0.0,0.0,0.0,0.0,0.0,0.0,0.0,0.0,0.0,0.0,0.0,0.0,0.0,0.0,0.0,0.0,0.23698508353328124,0.0,0.0,0.0,0.0,0.33696843572450913,0.0,0.0,0.0,0.0,0.0,0.0,0.0,0.0,0.0,0.0,0.0,0.0,0.0,0.0,0.0,0.0,0.0,0.0,0.0,0.0,0.0,0.0,0.0,0.0,0.0,0.0,0.1299789578124484,0.277494782139732,0.22117310496641585,0.0,0.11892062664395887,0.0,0.0,0.0,0.0,0.0,0.0,0.0,0.0,0.28518481566833465,0.0,0.0,0.0,0.0,0.0,0.0,0.0,0.0,0.0,0.0,0.16735511547571927,0.0,0.0,0.0,0.0,0.0,0.0,0.0,0.0,0.0,0.0,0.0,0.0,0.0,0.0,0.0,0.0,0.1708332918912272,0.0,0.17398354560246074,0.1542064885191582,0.0,0.0,0.0,0.0,0.21607707023664202,0.0,0.0,0.0,0.0,0.0,0.0,0.0,0.0,0.19628352540139837,0.0,0.0,0.0,0.0,0.0,0.0,0.0,0.0,0.0,0.21123778176418506,0.0,0.1414940154933476,0.2927536199943219,0.3167860019624606,0.0,0.0,0.0,0.0,0.0,0.0,0.20535385373122558,0.0,0.0,0.0,0.0,0.0,0.0
d0fef87fd7e5a7214773deef4c445970147c88d5335867b552f9d4d22ef0231b,0.0,0.0,0.0,0.0,0.0,0.0,0.0,0.0,0.0,0.0,0.3218324759399387,0.0,0.20963108892848367,0.0,0.0,0.0,0.0,0.0,0.0,0.0,0.0,0.3063630042968366,0.0,0.0,0.0,0.0,0.0,0.0,0.0,0.0,0.0,0.0,0.0,0.0,0.34318710087059895,0.0,0.0,0.0,0.0,0.0,0.0,0.0,0.0,0.0,0.0,0.0,0.0,0.0,0.0,0.0,0.0,0.0,0.0,0.0,0.0,0.0,0.0,0.0,0.40529136308407115,0.0,0.0,0.0,0.0,0.0,0.0,0.0,0.0,0.0,0.0,0.0,0.0,0.0,0.0,0.0,0.0,0.19929347005398296,0.0,0.0,0.0,0.18233800873420214,0.0,0.0,0.0,0.0,0.0,0.0,0.0,0.0,0.0,0.0,0.0,0.0,0.0,0.0,0.0,0.0,0.0,0.0,0.0,0.25660139345452454,0.0,0.0,0.0,0.0,0.0,0.0,0.0,0.0,0.0,0.0,0.0,0.0,0.0,0.0,0.0,0.0,0.26193439395685747,0.0,0.0,0.0,0.0,0.0,0.0,0.0,0.0,0.0,0.0,0.0,0.0,0.0,0.0,0.0,0.0,0.0,0.0,0.0,0.0,0.0,0.0,0.0,0.0,0.0,0.40529136308407115,0.32388558304210796,0.0,0.0,0.0,0.0,0.0,0.0,0.0,0.0,0.0,0.0,0.0,0.0,0.0,0.0,0.0,0.0,0.0
