hash,Suspicious_Scheduled_Task_Creation_Via_Masqueraded_XML_File,accesses_public_folder,accesses_recyclebin,adds_admin_user,anomalous_deletefile,antianalysis_tls_section,antiav_avast_libs,antiav_bullguard_libs,antiav_detectfile,antidebug_devices,antidebug_guardpages,antidebug_ntsetinformationthread,antidebug_setunhandledexceptionfilter,antidebug_windows,antisandbox_mouse_hook,antisandbox_restart,antisandbox_sboxie_libs,antisandbox_sleep,antisandbox_sunbelt_libs,antisandbox_suspend,antisandbox_unhook,antivm_checks_available_memory,antivm_display,antivm_generic_bios,antivm_generic_disk,antivm_generic_diskreg,antivm_generic_system,antivm_network_adapters,antivm_vbox_devices,antivm_vbox_keys,antivm_vmware_keys,api_spamming,asyncrat_mutex,bcdedit_command,binary_yara,clears_logs,cmdline_http_link,cmdline_long_string,cmdline_obfuscation,cmdline_process_discovery,cmdline_switches,cmdline_terminate,contains_pe_overlay,creates_suspended_process,createtoolhelp32snapshot_module_enumeration,credential_access_via_windows_credential_history,cryptopool_domains,dead_connect,deletes_executed_files,deletes_self,deletes_shadow_copies,detect_virtualization_via_recent_files,dll_load_uncommon_file_types,dotnet_code_compile,dotnet_csc_build,dropper,dynamic_function_loading,encrypt_pcinfo,encrypted_ioc,enumerates_physical_drives,enumerates_running_processes,explorer_http,gandcrab_mutexes,generates_crypto_key,http_request,infostealer_bitcoin,infostealer_browser,infostealer_cookies,infostealer_ftp,infostealer_im,infostealer_keylog,infostealer_mail,injection_createremotethread,injection_network_traffic,injection_runpe,injection_rwx,injection_write_exe_process,injection_write_process,ipc_namedpipe,language_check_registry,legitimate_domain_abuse,long_commandline,mapped_drives_uac,masquerade_process_name,mass_data_encryption,modify_desktop_wallpaper,modify_hostfile,modify_uac_prompt,mouse_movement_detect,multiple_useragents,neshta_files,neshta_mutexes,network_anomaly,network_bind,network_cnc_https_pastesite,network_cnc_https_socialmedia,network_dns_tunneling_request,network_fake_useragent,packer_armadillo_mutex,packer_entropy,packer_mpress,packer_themida,packer_unknown_pe_section_name,packer_vmprotect,pe_compile_timestomping,persistence_ads,persistence_autorun,persistence_autorun_tasks,physical_drive_access,polymorphic,potential_protocol_tunneling_via_legit_utilities,powershell_command_suspicious,powershell_renamed,process_creation_suspicious_location,process_interest,process_needed,procmem_yara,queries_computer_name,queries_keyboard_layout,queries_locale_api,queries_user_name,ransomware_extensions_known,ransomware_file_modifications,ransomware_files,reads_memory_remote_process,reads_password_database,reads_self,recon_beacon,recon_fingerprint,recon_programs,recon_systeminfo,registry_credential_store_access,removes_zoneid_ads,resumethread_remote_process,revil_mutexes,script_created_process,script_network_activity,script_tool_executed,spoofs_procname,spooler_svc_start,spreading_autoruninf,squiblydoo_bypass,static_pe_anomaly,static_pe_pdbpath,stealth_file,stealth_timeout,stealth_window,suspicious_command_tools,suspicious_communication_trusted_site,suspicious_iocontrol_codes,suspicious_ping_use,terminates_remote_process,uiautomationcore_load,uses_remote_desktop_session,uses_windows_utilities,uses_windows_utilities_curl,uses_windows_utilities_to_create_scheduled_task,virus,warzonerat_files,windows_defender_powershell,wmic_command_suspicious
21b63a545df6a8ccbf3a70596ce720392245a6865d45a6094df56635f069dd59,0.0,0.0,0.0,0.0,0.0,0.0,0.0,0.0,0.0,0.0,0.0,0.0,0.0,0.0,0.0,0.0,0.0,0.0,0.0,0.0,0.0,0.0,0.0,0.0,0.0,0.0,0.44462252110334094,0.0,0.0,0.0,0.0,0.0,0.0,0.0,0.3462784239098283,0.0,0.0,0.0,0.0,0.0,0.0,0.0,0.0,0.0,0.4107658667323488,0.0,0.0,0.0,0.0,0.0,0.0,0.0,0.0,0.0,0.0,0.0,0.0,0.0,0.40803854332757733,0.0,0.0,0.0,0.0,0.0,0.0,0.0,0.0,0.0,0.0,0.0,0.0,0.0,0.0,0.0,0.0,0.0,0.0,0.3415966209411133,0.0,0.18398045300409846,0.0,0.0,0.0,0.0,0.0,0.0,0.0,0.0,0.0,0.0,0.0,0.0,0.0,0.0,0.0,0.0,0.0,0.0,0.0,0.0,0.0,0.0,0.0,0.0,0.0,0.0,0.0,0.0,0.0,0.0,0.0,0.0,0.0,0.0,0.0,0.0,0.0,0.0,0.0,0.23828294730032382,0.0,0.0,0.0,0.0,0.0,0.0,0.0,0.0,0.0,0.0,0.0,0.0,0.0,0.30322183890919546,0.0,0.0,0.0,0.0,0.0,0.0,0.0,0.0,0.0,0.0,0.0,0.21890342998085305,0.0,0.0,0.0,0.0,0.0,0.0,0.0,0.0,0.0,0.0,0.0,0.0,0.0,0.0,0.0
25abc25a488468887ae9b909116f16841a6be0948c5d2b9240f64be0761653de,0.0,0.0,0.0,0.0,0.0,0.0,0.0,0.0,0.0,0.0,0.35030443685022516,0.0,0.22817678774933994,0.0,0.0,0.0,0.0,0.0,0.0,0.0,0.0,0.33346640788350673,0.0,0.0,0.0,0.0,0.0,0.0,0.0,0.0,0.0,0.0,0.0,0.0,0.0,0.0,0.0,0.0,0.0,0.0,0.0,0.0,0.0,0.0,0.0,0.0,0.0,0.4759509396263093,0.0,0.0,0.0,0.0,0.0,0.0,0.0,0.0,0.0,0.0,0.0,0.0,0.0,0.0,0.0,0.0,0.0,0.0,0.0,0.0,0.0,0.0,0.0,0.0,0.0,0.0,0.0,0.2169246176641803,0.0,0.0,0.0,0.19846913609161812,0.0,0.0,0.0,0.0,0.0,0.0,0.0,0.0,0.0,0.0,0.0,0.0,0.0,0.0,0.0,0.0,0.0,0.0,0.0,0.0,0.0,0.0,0.0,0.0,0.0,0.0,0.0,0.0,0.0,0.0,0.0,0.0,0.0,0.0,0.0,0.0,0.2851072754506164,0.0,0.0,0.0,0.0,0.0,0.0,0.0,0.0,0.0,0.0,0.0,0.0,0.0,0.0,0.0,0.0,0.0,0.0,0.0,0.0,0.0,0.0,0.0,0.0,0.0,0.44212746365789046,0.3525391787764962,0.0,0.0,0.0,0.0,0.0,0.0,0.0,0.0,0.0,0.0,0.0,0.0,0.0,0.0,0.0,0.0,0.0
31f983668db02626b9c65b0f2fc7d14b59400c485d4ffc88418f3f76bf62ef85,0.0,0.0,0.0,0.0,0.0,0.0,0.0,0.0,0.0,0.0,0.0,0.0,0.22403564443622806,0.0,0.0,0.0,0.0,0.0,0.0,0.0,0.0,0.0,0.0,0.0,0.0,0.0,0.0,0.0,0.0,0.0,0.0,0.0,0.0,0.0,0.0,0.0,0.0,0.0,0.0,0.0,0.0,0.0,0.0,0.0,0.0,0.0,0.0,0.4673129836341862,0.0,0.0,0.0,0.0,0.0,0.0,0.0,0.0,0.0,0.0,0.0,0.0,0.0,0.0,0.0,0.0,0.4331404858749448,0.0,0.0,0.36614033728737455,0.0,0.0,0.0,0.0,0.0,0.0,0.0,0.2129876881511038,0.0,0.0,0.0,0.19486715210415062,0.0,0.0,0.0,0.0,0.0,0.0,0.0,0.0,0.0,0.0,0.0,0.0,0.0,0.0,0.0,0.0,0.0,0.0,0.0,0.0,0.0,0.0,0.30085117070393474,0.0,0.0,0.0,0.0,0.0,0.0,0.0,0.0,0.0,0.0,0.0,0.0,0.0,0.27993290999960974,0.25891104274291427,0.0,0.0,0.30085117070393474,0.0,0.0,0.0,0.0,0.0,0.0,0.0,0.0,0.0,0.0,0.0,0.0,0.0,0.0,0.0,0.0,0.0,0.0,0.0,0.0,0.0,0.0,0.0,0.0,0.0,0.0,0.0,0.0,0.0,0.0,0.0,0.0,0.0,0.0,0.0,0.0,0.0,0.0,0.0,0.0
34a51dc07bde9cbe8888d913bada3b4f66240ea94e035f49c9c1e4aa087d489b,0.0,0.3329137719073953,0.0,0.0,0.0,0.0,0.0,0.0,0.0,0.0,0.23869280884206462,0.0,0.1554766444586485,0.0,0.0,0.0,0.0,0.0,0.0,0.0,0.0,0.22721959866645822,0.0,0.0,0.0,0.0,0.0,0.0,0.0,0.0,0.0,0.0,0.0,0.0,0.0,0.0,0.0,0.0,0.0,0.0,0.0,0.0,0.2856702088979737,0.0,0.0,0.0,0.0,0.0,0.0,0.0,0.0,0.0,0.0,0.0,0.0,0.0,0.0,0.0,0.0,0.0,0.0,0.0,0.0,0.0,0.0,0.0,0.0,0.0,0.0,0.0,0.5360798973401883,0.0,0.0,0.0,0.0,0.1478095646256182,0.0,0.0,0.0,0.13523424364282602,0.0,0.0,0.0,0.0,0.0,0.0,0.0,0.0,0.0,0.0,0.0,0.0,0.0,0.0,0.0,0.0,0.0,0.0,0.0,0.0,0.0,0.0,0.0,0.0,0.3546389537416934,0.0,0.24857781511119054,0.0,0.0,0.0,0.0,0.0,0.0,0.0,0.0,0.0,0.0,0.17967953376462173,0.1975909148333403,0.17514911842523195,0.0,0.0,0.0,0.0,0.0,0.0,0.0,0.0,0.0,0.0,0.0,0.0,0.0,0.0,0.0,0.0,0.0,0.0,0.0,0.0,0.0,0.0,0.0,0.2402155324256281,0.0,0.0,0.0,0.0,0.0,0.0,0.0,0.0,0.0,0.0,0.0,0.0,0.0,0.0,0.0,0.0,0.0
35c2ee1406834ee537a4c945e4755f53272d46241402e96c77d0deb505c9e52b,0.0,0.0,0.0,0.0,0.0,0.5762665445511781,0.0,0.0,0.0,0.0,0.0,0.0,0.0,0.0,0.0,0.0,0.0,0.0,0.0,0.0,0.0,0.0,0.0,0.0,0.0,0.0,0.0,0.0,0.0,0.0,0.0,0.0,0.0,0.0,0.0,0.0,0.0,0.0,0.0,0.0,0.0,0.0,0.3805633060300058,0.0,0.0,0.0,0.0,0.0,0.0,0.0,0.0,0.0,0.0,0.0,0.0,0.0,0.0,0.0,0.0,0.0,0.0,0.0,0.0,0.0,0.0,0.0,0.0,0.0,0.0,0.0,0.0,0.0,0.0,0.0,0.0,0.19690851487027447,0.0,0.0,0.0,0.1801559604262474,0.0,0.0,0.0,0.0,0.0,0.0,0.0,0.0,0.43203391888888204,0.0,0.0,0.0,0.0,0.0,0.0,0.0,0.0,0.0,0.0,0.25320755645653187,0.0,0.0,0.2781388808646412,0.0,0.0,0.0,0.0,0.0,0.0,0.0,0.0,0.0,0.0,0.0,0.0,0.0,0.0,0.0,0.263226088854527,0.23332964194370387,0.0,0.0,0.0,0.0,0.0,0.0,0.0,0.0,0.0,0.0,0.0,0.0,0.0,0.0,0.0,0.0,0.0,0.0,0.0,0.0,0.0,0.0,0.0,0.0,0.0,0.0,0.0,0.0,0.0,0.0,0.0,0.0,0.0,0.0,0.0,0.0,0.0,0.0,0.0,0.0,0.0
36b8623b6b1120313cd6a82751d5eb175d274d2952a8b3d3d6f69874fb4e88b9,0.0,0.0,0.0,0.0,0.0,0.0,0.0,0.0,0.0,0.0,0.0,0.0,0.36762250705447846,0.0,0.0,0.0,0.0,0.0,0.0,0.0,0.0,0.0,0.0,0.0,0.0,0.0,0.0,0.0,0.0,0.0,0.0,0.0,0.0,0.0,0.0,0.0,0.0,0.0,0.0,0.0,0.0,0.0,0.0,0.0,0.0,0.0,0.0,0.0,0.0,0.0,0.0,0.0,0.0,0.0,0.0,0.0,0.0,0.0,0.0,0.0,0.0,0.0,0.0,0.0,0.0,0.0,0.0,0.0,0.0,0.0,0.0,0.0,0.0,0.0,0.0,0.0,0.0,0.0,0.0,0.0,0.0,0.0,0.0,0.0,0.0,0.0,0.0,0.0,0.0,0.0,0.0,0.0,0.0,0.0,0.0,0.0,0.0,0.0,0.0,0.0,0.0,0.0,0.49366993320537284,0.0,0.0,0.0,0.0,0.0,0.0,0.0,0.0,0.0,0.0,0.0,0.0,0.0,0.0,0.0,0.0,0.4141378163135669,0.0,0.0,0.0,0.0,0.0,0.0,0.0,0.0,0.0,0.0,0.0,0.0,0.0,0.0,0.0,0.0,0.0,0.0,0.0,0.0,0.0,0.0,0.0,0.0,0.0,0.3804560481684837,0.0,0.0,0.0,0.0,0.0,0.0,0.0,0.0,0.5521655131090979,0.0,0.0,0.0,0.0,0.0,0.0
38e52dbc0dbbc8d65987b05460d1a109a772aeb1fead029581115e4e4e15c240,0.0,0.3449019017370101,0.0,0.0,0.0,0.0,0.0,0.0,0.0,0.0,0.0,0.0,0.16107531401372358,0.0,0.0,0.0,0.0,0.0,0.0,0.0,0.0,0.0,0.0,0.0,0.0,0.0,0.0,0.0,0.0,0.0,0.0,0.0,0.0,0.0,0.0,0.0,0.0,0.0,0.0,0.0,0.0,0.0,0.0,0.0,0.0,0.0,0.0,0.3359848642433013,0.0,0.0,0.0,0.0,0.0,0.0,0.0,0.0,0.0,0.0,0.0,0.0,0.0,0.0,0.0,0.0,0.0,0.0,0.6073974536459802,0.26324458302188664,0.0,0.0,0.0,0.0,0.0,0.0,0.0,0.15313214482600607,0.0,0.0,0.0,0.0,0.0,0.0,0.0,0.0,0.0,0.0,0.0,0.0,0.0,0.0,0.0,0.0,0.0,0.0,0.0,0.0,0.0,0.0,0.0,0.19691487811934205,0.0,0.0,0.0,0.0,0.0,0.0,0.0,0.0,0.0,0.0,0.0,0.0,0.0,0.0,0.0,0.0,0.20126387251648944,0.0,0.20470610723467278,0.0,0.0,0.0,0.0,0.0,0.0,0.0,0.0,0.0,0.0,0.0,0.0,0.0,0.0,0.0,0.0,0.0,0.0,0.0,0.0,0.0,0.0,0.0,0.3121080840221964,0.24886562513074306,0.0,0.0,0.0,0.0,0.0,0.0,0.0,0.0,0.0,0.0,0.0,0.0,0.0,0.0,0.0,0.0,0.0
42baf0d9105229ca324cb979bcd9fa893bd2585cb91a98c7406ef610b1e35291,0.0,0.34090693536268396,0.0,0.0,0.0,0.0,0.0,0.0,0.0,0.0,0.0,0.0,0.1592095937611588,0.0,0.0,0.0,0.0,0.0,0.0,0.0,0.0,0.0,0.0,0.0,0.0,0.0,0.0,0.0,0.0,0.0,0.0,0.0,0.0,0.0,0.0,0.0,0.0,0.0,0.0,0.0,0.0,0.0,0.29252906805824636,0.2754533385896467,0.0,0.0,0.0,0.0,0.0,0.0,0.0,0.0,0.0,0.0,0.0,0.0,0.0,0.0,0.0,0.0,0.0,0.0,0.0,0.0,0.0,0.0,0.6003620259172655,0.0,0.0,0.0,0.0,0.0,0.0,0.0,0.0,0.15135842955703432,0.32235862891120864,0.25711809028116556,0.0,0.0,0.0,0.0,0.0,0.0,0.0,0.0,0.0,0.0,0.0,0.0,0.0,0.0,0.0,0.0,0.0,0.0,0.0,0.0,0.0,0.0,0.0,0.0,0.0,0.0,0.0,0.0,0.0,0.0,0.0,0.0,0.0,0.0,0.0,0.0,0.0,0.0,0.19893265196067145,0.0,0.20233501559701264,0.0,0.0,0.0,0.0,0.0,0.25120624271555975,0.0,0.0,0.0,0.0,0.0,0.0,0.0,0.0,0.0,0.0,0.0,0.0,0.0,0.0,0.0,0.0,0.0,0.0,0.0,0.0,0.0,0.0,0.0,0.0,0.0,0.0,0.0,0.0,0.0,0.0,0.0,0.0,0.0,0.0,0.0,0.0
44f53e578f99badd615955fdb2d5c5a70a69cfec2470d06e6be8d08c230b953f,0.0,0.47254515402900665,0.0,0.0,0.0,0.0,0.0,0.0,0.0,0.0,0.0,0.0,0.0,0.0,0.0,0.0,0.0,0.0,0.0,0.0,0.0,0.0,0.0,0.0,0.0,0.0,0.0,0.0,0.0,0.0,0.0,0.0,0.0,0.0,0.0,0.0,0.0,0.0,0.0,0.0,0.0,0.0,0.0,0.0,0.0,0.0,0.0,0.0,0.0,0.0,0.0,0.0,0.0,0.0,0.0,0.0,0.0,0.0,0.0,0.0,0.0,0.0,0.0,0.0,0.0,0.0,0.0,0.0,0.0,0.0,0.0,0.0,0.0,0.0,0.0,0.2098041576435655,0.0,0.0,0.0,0.19195446954946438,0.0,0.0,0.0,0.0,0.0,0.0,0.0,0.0,0.4603280487166677,0.0,0.0,0.0,0.0,0.0,0.0,0.0,0.0,0.0,0.0,0.26979025323687456,0.0,0.0,0.29635434326532195,0.0,0.0,0.0,0.0,0.0,0.0,0.0,0.0,0.0,0.0,0.0,0.0,0.0,0.0,0.0,0.28046490461988305,0.24861052359023006,0.0,0.0,0.0,0.0,0.0,0.0,0.0,0.0,0.0,0.0,0.0,0.0,0.0,0.0,0.0,0.0,0.0,0.0,0.0,0.0,0.0,0.0,0.4276148142274534,0.0,0.0,0.0,0.0,0.0,0.0,0.0,0.0,0.0,0.0,0.0,0.0,0.0,0.0,0.0,0.0,0.0,0.0
52b2b45ea5d9d4871a9447c0f379ac85704447de2007b54073af0c30f7fbf488,0.0,0.0,0.0,0.0,0.0,0.0,0.0,0.0,0.0,0.0,0.0,0.0,0.0,0.0,0.0,0.0,0.0,0.0,0.0,0.0,0.0,0.0,0.0,0.0,0.0,0.0,0.44756565905712875,0.0,0.0,0.0,0.0,0.0,0.0,0.0,0.0,0.0,0.0,0.0,0.0,0.0,0.0,0.0,0.0,0.0,0.41348489367120134,0.0,0.0,0.0,0.0,0.0,0.0,0.0,0.0,0.0,0.0,0.0,0.0,0.0,0.41073951699957123,0.0,0.0,0.0,0.0,0.0,0.0,0.0,0.0,0.0,0.0,0.0,0.0,0.0,0.0,0.0,0.0,0.0,0.0,0.3438577884084801,0.0,0.1851982947199156,0.0,0.0,0.0,0.0,0.0,0.0,0.0,0.0,0.0,0.0,0.0,0.0,0.0,0.0,0.0,0.0,0.0,0.0,0.0,0.0,0.0,0.0,0.0,0.0,0.0,0.0,0.0,0.0,0.0,0.0,0.0,0.0,0.0,0.0,0.0,0.0,0.0,0.0,0.0,0.23986023939115114,0.0,0.0,0.0,0.0,0.0,0.0,0.0,0.0,0.0,0.0,0.0,0.0,0.0,0.305228988030424,0.0,0.0,0.0,0.0,0.0,0.0,0.0,0.0,0.0,0.3289662867340103,0.0,0.22035244113618593,0.0,0.0,0.0,0.0,0.0,0.0,0.0,0.0,0.0,0.0,0.0,0.0,0.0,0.0,0.0
5ef2e70b47c26de37bcd3e806ea7c791876b1ebda407045e3a81f3bd8ea7c3ac,0.0,0.0,0.0,0.0,0.0,0.0,0.0,0.0,0.0,0.0,0.2069611577889646,0.0,0.13480769069836537,0.0,0.0,0.0,0.0,0.0,0.0,0.0,0.0,0.19701318795686643,0.0,0.0,0.0,0.0,0.0,0.0,0.0,0.0,0.0,0.0,0.0,0.0,0.0,0.0,0.0,0.0,0.0,0.0,0.0,0.0,0.0,0.23323486727898632,0.0,0.0,0.0,0.0,0.0,0.0,0.0,0.0,0.0,0.0,0.0,0.0,0.0,0.0,0.0,0.0,0.0,0.0,0.0,0.0,0.0,0.0,0.0,0.0,0.0,0.0,0.0,0.0,0.0,0.0,0.0,0.12815986696709286,0.27295102834948065,0.21770984504599536,0.0,0.11725630014917256,0.0,0.0,0.0,0.0,0.0,0.0,0.0,0.6780776714324462,0.0,0.0,0.0,0.0,0.0,0.0,0.0,0.0,0.0,0.0,0.0,0.1648026585945808,0.0,0.0,0.0,0.0,0.0,0.0,0.0,0.0,0.0,0.0,0.0,0.0,0.0,0.0,0.0,0.0,0.1684424335354486,0.0,0.17132332013214027,0.15186492006546926,0.0,0.0,0.0,0.0,0.21270410073591534,0.0,0.0,0.0,0.0,0.0,0.0,0.0,0.0,0.1932524372800008,0.0,0.0,0.0,0.0,0.0,0.0,0.0,0.0,0.0,0.20828145158992017,0.0,0.0,0.0,0.0,0.0,0.0,0.0,0.0,0.0,0.0,0.0,0.0,0.0,0.0,0.0,0.0,0.0
52bb9f927ef8b58981f8785949e2131ab47c050ad3ebbd19da010caec5c22c63,0.0,0.0,0.0,0.0,0.0,0.0,0.0,0.0,0.0,0.0,0.242843960296934,0.0,0.15818056797429064,0.0,0.0,0.0,0.0,0.0,0.0,0.0,0.0,0.23117121736898566,0.0,0.0,0.0,0.0,0.3325021218121321,0.0,0.0,0.0,0.0,0.0,0.0,0.0,0.0,0.0,0.0,0.0,0.0,0.0,0.0,0.0,0.0,0.0,0.3071830952637707,0.0,0.0,0.0,0.0,0.0,0.0,0.0,0.0,0.0,0.0,0.0,0.0,0.0,0.30514352062255806,0.0,0.0,0.0,0.0,0.0,0.0,0.0,0.0,0.25851371399474415,0.0,0.0,0.0,0.0,0.0,0.0,0.0,0.15038014851633455,0.0,0.25545624856095783,0.0,0.1375861277652234,0.0,0.0,0.0,0.0,0.0,0.0,0.0,0.0,0.0,0.0,0.0,0.0,0.0,0.0,0.0,0.0,0.0,0.0,0.0,0.19337604557363727,0.0,0.0,0.0,0.0,0.0,0.0,0.0,0.0,0.0,0.0,0.0,0.0,0.0,0.0,0.0,0.0,0.19764688253006354,0.0,0.0,0.17819516962927587,0.0,0.0,0.0,0.0,0.2495826112780952,0.0,0.2871463267095296,0.0,0.0,0.0,0.0,0.0,0.0,0.2267584299753691,0.0,0.0,0.0,0.0,0.0,0.0,0.0,0.0,0.0,0.24439316585224158,0.0,0.16370258249619785,0.0,0.0,0.0,0.0,0.0,0.0,0.0,0.0,0.0,0.0,0.0,0.0,0.0,0.0,0.0
52cdcb1cc9f243da170f6e30a49c3438b738d49d7141ff82f2876fe28086e908,0.0,0.0,0.0,0.0,0.45585356718244546,0.0,0.0,0.0,0.0,0.0,0.0,0.0,0.16384344402515535,0.0,0.0,0.0,0.0,0.0,0.0,0.0,0.0,0.0,0.0,0.0,0.0,0.0,0.0,0.0,0.0,0.0,0.0,0.0,0.0,0.0,0.0,0.0,0.0,0.0,0.0,0.0,0.0,0.0,0.301043227709215,0.0,0.0,0.0,0.0,0.0,0.0,0.0,0.0,0.0,0.470892261941437,0.0,0.0,0.0,0.0,0.0,0.0,0.0,0.0,0.0,0.0,0.0,0.0,0.0,0.0,0.0,0.0,0.0,0.0,0.0,0.0,0.0,0.0,0.0,0.0,0.0,0.0,0.14251172133104956,0.0,0.0,0.0,0.0,0.0,0.0,0.0,0.0,0.0,0.0,0.0,0.0,0.0,0.0,0.0,0.0,0.0,0.0,0.0,0.2002989223296991,0.0,0.0,0.22002075638978844,0.0,0.0,0.0,0.0,0.0,0.0,0.0,0.0,0.0,0.0,0.47637582257855743,0.0,0.0,0.0,0.0,0.0,0.0,0.0,0.0,0.0,0.0,0.0,0.0,0.2974261864763845,0.0,0.0,0.0,0.0,0.0,0.0,0.0,0.0,0.0,0.0,0.0,0.0,0.0,0.0,0.0,0.0,0.0,0.0,0.16956314707599562,0.0,0.0,0.0,0.0,0.0,0.0,0.0,0.0,0.0,0.0,0.0,0.0,0.0,0.0,0.0
52d3dd78d3f1a14e18d0689ed8c5b43372f9e76401ef1ff68522575e6251d2cf,0.0,0.0,0.0,0.0,0.0,0.4634762823816399,0.0,0.0,0.0,0.0,0.0,0.0,0.16658320960114584,0.0,0.0,0.0,0.0,0.32642744438918697,0.0,0.0,0.0,0.0,0.0,0.0,0.0,0.0,0.0,0.0,0.0,0.0,0.0,0.0,0.0,0.0,0.0,0.0,0.0,0.0,0.0,0.0,0.0,0.0,0.30607722755626493,0.0,0.0,0.0,0.0,0.0,0.0,0.0,0.0,0.0,0.0,0.0,0.0,0.0,0.5133529747312134,0.0,0.0,0.0,0.0,0.0,0.0,0.0,0.0,0.0,0.0,0.0,0.0,0.0,0.0,0.0,0.0,0.0,0.0,0.15836842743047647,0.0,0.0,0.0,0.14489478102929423,0.0,0.0,0.0,0.0,0.0,0.0,0.0,0.0,0.0,0.0,0.0,0.0,0.0,0.0,0.0,0.0,0.0,0.0,0.0,0.0,0.0,0.0,0.22369991058449382,0.0,0.0,0.0,0.0,0.0,0.0,0.0,0.0,0.0,0.0,0.0,0.0,0.0,0.2081459972053579,0.0,0.0,0.0,0.22369991058449382,0.0,0.0,0.0,0.0,0.0,0.0,0.0,0.0,0.0,0.0,0.0,0.0,0.0,0.0,0.0,0.0,0.0,0.0,0.0,0.0,0.0,0.3227804750667869,0.0,0.0,0.0,0.0,0.0,0.0,0.0,0.0,0.0,0.0,0.0,0.0,0.0,0.0,0.0,0.0,0.0,0.0
52dd0cf2c2c46f510c4861446a731366291bd65749a79addcdecc05f30bb90f5,0.0,0.0,0.0,0.0,0.0,0.0,0.3180516536390035,0.0,0.0,0.0,0.0,0.0,0.11939953903181032,0.0,0.0,0.0,0.30849147758305234,0.0,0.0,0.0,0.0,0.0,0.0,0.0,0.0,0.3152072382692382,0.0,0.0,0.0,0.0,0.0,0.0,0.0,0.0,0.0,0.0,0.0,0.0,0.0,0.0,0.0,0.0,0.0,0.0,0.0,0.0,0.0,0.0,0.0,0.2910700743920235,0.0,0.0,0.0,0.0,0.0,0.0,0.0,0.0,0.0,0.0,0.17345606744592784,0.31661739276947815,0.0,0.0,0.0,0.0,0.0,0.0,0.0,0.0,0.0,0.0,0.0,0.0,0.0,0.11351154343625713,0.0,0.0,0.0,0.10385422459103481,0.0,0.0,0.0,0.0,0.0,0.0,0.0,0.0,0.2490539171564032,0.0,0.0,0.0,0.0,0.0,0.0,0.0,0.0,0.0,0.0,0.14596616384029756,0.0,0.0,0.0,0.0,0.0,0.0,0.0,0.0,0.0,0.0,0.0,0.0,0.0,0.0,0.24002346573590314,0.27319108103361794,0.1491899224246023,0.13798634244806054,0.15174153153433445,0.13450717356691294,0.16033828540821934,0.0,0.0,0.0,0.0,0.0,0.0,0.0,0.0,0.0,0.0,0.0,0.30594879155159094,0.0,0.0,0.0,0.0,0.0,0.0,0.0,0.0,0.0,0.0,0.18447544928543405,0.0,0.0,0.0,0.0,0.0,0.0,0.0,0.0,0.0,0.0,0.0,0.0,0.0,0.0,0.0,0.0,0.0
b3d113dab0b7da85b949149a458567fa2dba6a1b2659e1f58d5652917469ef44,0.0,0.0,0.0,0.0,0.0,0.0,0.0,0.0,0.0,0.0,0.0,0.0,0.3879839734568776,0.0,0.0,0.0,0.0,0.7602724021390181,0.0,0.0,0.0,0.0,0.0,0.0,0.0,0.0,0.0,0.0,0.0,0.0,0.0,0.0,0.0,0.0,0.0,0.0,0.0,0.0,0.0,0.0,0.0,0.0,0.0,0.0,0.0,0.0,0.0,0.0,0.0,0.0,0.0,0.0,0.0,0.0,0.0,0.0,0.0,0.0,0.0,0.0,0.0,0.0,0.0,0.0,0.0,0.0,0.0,0.0,0.0,0.0,0.0,0.0,0.0,0.0,0.0,0.0,0.0,0.0,0.0,0.0,0.0,0.0,0.0,0.0,0.0,0.0,0.0,0.0,0.0,0.0,0.0,0.0,0.0,0.0,0.0,0.0,0.0,0.0,0.0,0.0,0.0,0.0,0.5210127742065257,0.0,0.0,0.0,0.0,0.0,0.0,0.0,0.0,0.0,0.0,0.0,0.0,0.0,0.0,0.0,0.0,0.0,0.0,0.0,0.0,0.0,0.0,0.0,0.0,0.0,0.0,0.0,0.0,0.0,0.0,0.0,0.0,0.0,0.0,0.0,0.0,0.0,0.0,0.0,0.0,0.0,0.0,0.0,0.0,0.0,0.0,0.0,0.0,0.0,0.0,0.0,0.0,0.0,0.0,0.0,0.0,0.0,0.0
57a8bfc0fbd4dfa10de20bb5810475ed8b5f94aa71411f0859cdc9b7d91d9b28,0.0,0.0,0.0,0.0,0.0,0.0,0.26400864497357385,0.0,0.0,0.0,0.0,0.0,0.0991112926142381,0.0,0.0,0.0,0.25607292416419475,0.19421312649478514,0.0,0.0,0.0,0.0,0.0,0.0,0.0,0.2616475497271832,0.0,0.0,0.0,0.0,0.0,0.0,0.0,0.0,0.0,0.0,0.0,0.0,0.0,0.0,0.0,0.0,0.18210544589408037,0.17147544816603624,0.0,0.0,0.0,0.20673493264856063,0.24337502274720588,0.0,0.0,0.0,0.0,0.0,0.0,0.0,0.0,0.0,0.0,0.0,0.14398259152213513,0.2628180922304279,0.0,0.0,0.0,0.0,0.0,0.0,0.0,0.0,0.0,0.0,0.0,0.0,0.0,0.09422377915217403,0.20067496965461037,0.16006137369146195,0.0,0.0,0.0,0.0,0.0,0.0,0.0,0.0,0.0,0.0,0.20673493264856063,0.0,0.0,0.0,0.0,0.0,0.0,0.0,0.0,0.0,0.0,0.0,0.0,0.0,0.1330937694669449,0.0,0.0,0.0,0.0,0.0,0.0,0.0,0.0,0.0,0.0,0.0,0.19923892621140518,0.22677073455626398,0.12383972481318256,0.11453984558093347,0.12595776713698453,0.11165185348456613,0.1330937694669449,0.0,0.0,0.0,0.1563811252835392,0.0,0.0,0.0,0.0,0.0,0.0,0.0,0.2539622887184149,0.0,0.0,0.0,0.0,0.0,0.0,0.0,0.0,0.0,0.0,0.15312957137464822,0.0,0.0,0.0,0.0,0.0,0.0,0.0,0.2848496077505104,0.0,0.0,0.0,0.0,0.0,0.0,0.0,0.0,0.0
58a98de81bf067e37ae13ff5140be15b4b156ae5adcf05671aa7023f4fde2a44,0.0,0.0,0.0,0.0,0.0,0.0,0.0,0.0,0.0,0.0,0.0,0.0,0.0,0.0,0.0,0.0,0.0,0.0,0.0,0.0,0.0,0.0,0.0,0.0,0.0,0.0,0.0,0.0,0.0,0.0,0.0,0.0,0.0,0.0,0.0,0.0,0.0,0.0,0.0,0.0,0.0,0.0,0.35603345611937526,0.3352508001637815,0.0,0.0,0.0,0.0,0.0,0.4723739325470035,0.0,0.0,0.0,0.0,0.0,0.0,0.0,0.0,0.0,0.0,0.0,0.0,0.0,0.0,0.0,0.0,0.0,0.0,0.0,0.0,0.0,0.0,0.0,0.0,0.0,0.18421644435438464,0.0,0.0,0.0,0.0,0.0,0.0,0.0,0.0,0.0,0.0,0.0,0.0,0.4041864437941334,0.0,0.0,0.0,0.0,0.0,0.0,0.0,0.0,0.0,0.0,0.23688663623721226,0.0,0.0,0.0,0.0,0.0,0.0,0.0,0.0,0.0,0.0,0.0,0.0,0.0,0.0,0.0,0.0,0.24211843316182224,0.0,0.24625940722796272,0.21828998623888154,0.0,0.0,0.0,0.0,0.0,0.0,0.0,0.0,0.0,0.0,0.0,0.0,0.0,0.2777802263768066,0.0,0.0,0.0,0.0,0.0,0.0,0.0,0.0,0.0,0.0,0.0,0.20053649352397213,0.0,0.0,0.0,0.0,0.0,0.0,0.0,0.0,0.0,0.0,0.0,0.0,0.0,0.0,0.0
58b525579968cba0c68e8f7ae12e51e0b5542acc2c14a2e75fa6df44556e373f,0.0,0.0,0.0,0.0,0.0,0.0,0.0,0.0,0.0,0.0,0.17707781455629118,0.0,0.11534266385670489,0.0,0.0,0.0,0.0,0.0,0.0,0.0,0.0,0.16856624274272364,0.0,0.0,0.0,0.0,0.24245506865325747,0.38221355126402046,0.0,0.0,0.0,0.0,0.0,0.0,0.18882749986181113,0.0,0.0,0.0,0.0,0.0,0.0,0.0,0.0,0.0,0.22399285167081948,0.0,0.0,0.0,0.0,0.0,0.0,0.0,0.0,0.0,0.0,0.0,0.0,0.0,0.22250562744811794,0.0,0.0,0.0,0.0,0.23410415775517282,0.22299834292317097,0.44199701220458476,0.0,0.0,0.0,0.0,0.0,0.0,0.0,0.0,0.0,0.10965472651394251,0.0,0.0,0.0,0.1003255373867991,0.0,0.0,0.0,0.0,0.0,0.0,0.0,0.0,0.0,0.0,0.0,0.0,0.0,0.0,0.0,0.0,0.0,0.0,0.0,0.0,0.0,0.0,0.0,0.0,0.0,0.0,0.0,0.0,0.0,0.0,0.0,0.0,0.0,0.0,0.0,0.0,0.0,0.13329793768770387,0.14658576244757013,0.12993698160686,0.1548904217483917,0.0,0.0,0.0,0.18199152782032535,0.0,0.0,0.0,0.0,0.0,0.0,0.0,0.0,0.16534851088392954,0.0,0.0,0.0,0.0,0.0,0.0,0.0,0.0,0.0,0.0,0.0,0.119369225860931,0.0,0.0,0.0,0.0,0.0,0.3314991832904563,0.0,0.0,0.0,0.0,0.0,0.0,0.0,0.0,0.0
059cbde98d16f289413cac8ac66ea5b813345f02f5e1f0ceb31623e65ff9a327,0.0,0.0,0.0,0.0,0.0,0.0,0.0,0.0,0.0,0.0,0.0,0.0,0.11644431742032431,0.0,0.0,0.0,0.0,0.0,0.0,0.0,0.0,0.17017624199030615,0.0,0.0,0.0,0.0,0.0,0.0,0.0,0.0,0.0,0.0,0.0,0.0,0.19063101714827282,0.0,0.0,0.0,0.0,0.0,0.0,0.0,0.0,0.0,0.0,0.0,0.0,0.2428896595355278,0.0,0.0,0.0,0.0,0.0,0.0,0.0,0.0,0.0,0.0,0.0,0.0,0.0,0.0,0.0,0.0,0.22512823060694895,0.0,0.0,0.19030436769454212,0.0,0.0,0.0,0.0,0.0,0.0,0.0,0.11070205380978054,0.0,0.0,0.0,0.10128376032086892,0.0,0.0,0.0,0.0,0.0,0.0,0.0,0.0,0.0,0.5857105866799894,0.0,0.0,0.0,0.0,0.0,0.0,0.0,0.0,0.0,0.14235339979259357,0.0,0.0,0.15636980135853853,0.0,0.0,0.0,0.0,0.0,0.0,0.0,0.0,0.0,0.0,0.0,0.0,0.0,0.14549736811040478,0.1345710845283145,0.0,0.0,0.0,0.0,0.0,0.0,0.0,0.0,0.21138220984817246,0.0,0.3223242069921784,0.0,0.0,0.0,0.0,0.0,0.0,0.0,0.0,0.0,0.0,0.0,0.0,0.0,0.0,0.0,0.0,0.0,0.0,0.0,0.4208399794006943,0.0,0.0,0.0,0.0,0.0,0.0,0.0,0.0,0.0,0.0,0.0,0.0
60c163c0f00a2aeeae8648898d75314b1c5e749777f227ac6c3c84656a68516e,0.0,0.0,0.0,0.0,0.0,0.0,0.0,0.0,0.0,0.0,0.0,0.0,0.36762250705447846,0.0,0.0,0.0,0.0,0.0,0.0,0.0,0.0,0.0,0.0,0.0,0.0,0.0,0.0,0.0,0.0,0.0,0.0,0.0,0.0,0.0,0.0,0.0,0.0,0.0,0.0,0.0,0.0,0.0,0.0,0.0,0.0,0.0,0.0,0.0,0.0,0.0,0.0,0.0,0.0,0.0,0.0,0.0,0.0,0.0,0.0,0.0,0.0,0.0,0.0,0.0,0.0,0.0,0.0,0.0,0.0,0.0,0.0,0.0,0.0,0.0,0.0,0.0,0.0,0.0,0.0,0.0,0.0,0.0,0.0,0.0,0.0,0.0,0.0,0.0,0.0,0.0,0.0,0.0,0.0,0.0,0.0,0.0,0.0,0.0,0.0,0.0,0.0,0.0,0.49366993320537284,0.0,0.0,0.0,0.0,0.0,0.0,0.0,0.0,0.0,0.0,0.0,0.0,0.0,0.0,0.0,0.0,0.4141378163135669,0.0,0.0,0.0,0.0,0.0,0.0,0.0,0.0,0.0,0.0,0.0,0.0,0.0,0.0,0.0,0.0,0.0,0.0,0.0,0.0,0.0,0.0,0.0,0.0,0.0,0.3804560481684837,0.0,0.0,0.0,0.0,0.0,0.0,0.0,0.0,0.5521655131090979,0.0,0.0,0.0,0.0,0.0,0.0
cccef70aff3b7d8bcc6264bc9e9ae833a9128b45421880e511171ad28a1cd4ce,0.0,0.22033274601673133,0.0,0.0,0.0,0.0,0.0,0.0,0.0,0.0,0.15797436593055092,0.27663636590935486,0.10289930578351082,0.0,0.0,0.0,0.0,0.0,0.0,0.0,0.0,0.1503810366154704,0.0,0.0,0.0,0.0,0.0,0.0,0.0,0.0,0.0,0.0,0.0,0.0,0.0,0.0,0.0,0.0,0.0,0.0,0.0,0.2974379320350542,0.0,0.17802920444069284,0.19982813095101246,0.0,0.0,0.0,0.0,0.0,0.0,0.0,0.0,0.0,0.0,0.2877826133359674,0.3171007741309524,0.0,0.1985013509466029,0.0,0.0,0.0,0.0,0.0,0.0,0.0,0.0,0.0,0.0,0.0,0.0,0.0,0.0,0.0,0.0,0.09782499256461828,0.0,0.0,0.0,0.0895022518491902,0.0,0.0,0.0,0.0,0.0,0.0,0.0,0.0,0.0,0.0,0.0,0.0,0.0,0.0,0.0,0.0,0.0,0.0,0.0,0.1257945972726683,0.0,0.0,0.1381805858951317,0.0,0.0,0.0,0.16451657222976934,0.0,0.0,0.0,0.0,0.0,0.0,0.2991803652995508,0.0,0.0,0.12857285356267137,0.11891753486358451,0.13077184702739797,0.11591916430473082,0.1381805858951317,0.0,0.0,0.0,0.1623579796497251,0.0,0.1867938524629532,0.0,0.0,0.0,0.0,0.0,0.0,0.0,0.0,0.0,0.0,0.0,0.0,0.0,0.0,0.0,0.19938316042996773,0.0,0.0,0.10649147559366771,0.21974247758388138,0.0,0.0,0.0,0.0,0.0,0.0,0.0,0.15455377972301995,0.0,0.0,0.0,0.0,0.0,0.0
60e76eda46185d1d2e9463d15e31d4c87eb03535d368cc3471c55992bc99ad5f,0.0,0.0,0.0,0.0,0.0,0.5264539032151513,0.0,0.0,0.0,0.0,0.0,0.0,0.0,0.0,0.0,0.0,0.0,0.0,0.0,0.0,0.0,0.0,0.0,0.0,0.0,0.0,0.0,0.0,0.0,0.0,0.0,0.0,0.0,0.0,0.3097699790472811,0.0,0.0,0.0,0.0,0.0,0.0,0.0,0.0,0.0,0.0,0.0,0.0,0.0,0.0,0.0,0.0,0.0,0.0,0.0,0.0,0.0,0.0,0.0,0.0,0.0,0.0,0.0,0.0,0.0,0.0,0.0,0.0,0.0,0.0,0.0,0.0,0.0,0.0,0.0,0.0,0.17988768775479094,0.0,0.0,0.0,0.16458322880385295,0.0,0.0,0.0,0.0,0.0,0.0,0.0,0.0,0.39468878606779956,0.0,0.0,0.0,0.0,0.0,0.0,0.0,0.0,0.0,0.0,0.23132022443526298,0.0,0.0,0.2540964781863719,0.0,0.0,0.0,0.0,0.0,0.0,0.0,0.0,0.0,0.0,0.0,0.0,0.0,0.23642908349976763,0.0,0.24047275208983956,0.2131605624142691,0.0,0.0,0.0,0.0,0.0,0.0,0.0,0.0,0.0,0.0,0.0,0.0,0.0,0.0,0.0,0.0,0.0,0.0,0.0,0.0,0.0,0.0,0.36664020887400284,0.0,0.0,0.0,0.0,0.0,0.0,0.0,0.0,0.0,0.0,0.0,0.0,0.0,0.0,0.0,0.0,0.0,0.0
60f95a88f8557ededb3465a372987ccd2642ce875916b57ac2e276c44f5f4fb7,0.0,0.0,0.0,0.0,0.0,0.4724942492068558,0.0,0.0,0.0,0.0,0.2607200398655373,0.0,0.16982445821499426,0.0,0.0,0.0,0.0,0.0,0.0,0.0,0.4800337588205562,0.0,0.0,0.0,0.0,0.0,0.0,0.0,0.0,0.0,0.0,0.0,0.0,0.0,0.0,0.0,0.0,0.0,0.0,0.0,0.0,0.0,0.0,0.0,0.0,0.0,0.0,0.0,0.0,0.0,0.0,0.0,0.0,0.0,0.0,0.0,0.0,0.0,0.0,0.0,0.0,0.0,0.0,0.0,0.3283310052281889,0.0,0.0,0.0,0.0,0.0,0.0,0.0,0.0,0.0,0.0,0.161449839099248,0.0,0.0,0.0,0.0,0.0,0.0,0.0,0.0,0.0,0.0,0.0,0.0,0.0,0.0,0.0,0.0,0.0,0.0,0.0,0.0,0.0,0.0,0.0,0.0,0.0,0.0,0.22805249225725696,0.0,0.0,0.0,0.0,0.0,0.0,0.0,0.0,0.0,0.0,0.0,0.0,0.0,0.21219594273429387,0.19626085692899894,0.0,0.0,0.0,0.0,0.0,0.0,0.26795473225936944,0.0,0.0,0.0,0.0,0.0,0.0,0.0,0.0,0.0,0.0,0.0,0.0,0.0,0.0,0.0,0.0,0.0,0.3290608905413869,0.0,0.0,0.0,0.0,0.0,0.0,0.0,0.0,0.0,0.0,0.0,0.0,0.0,0.0,0.0,0.0,0.0,0.0
62c4a1fafc66fd389428f73ef74c2e7309ebd3be53eeb934a8a447fa51ee253b,0.0,0.0,0.0,0.0,0.0,0.0,0.0,0.0,0.0,0.0,0.251389288619731,0.0,0.1637467137659094,0.0,0.0,0.0,0.0,0.0,0.0,0.0,0.0,0.23930579872230903,0.0,0.0,0.0,0.0,0.3442023913820942,0.0,0.0,0.0,0.0,0.0,0.0,0.0,0.0,0.0,0.0,0.0,0.0,0.0,0.0,0.0,0.0,0.0,0.31799242484739415,0.0,0.0,0.0,0.0,0.0,0.0,0.0,0.0,0.0,0.0,0.0,0.0,0.0,0.31588108051947944,0.0,0.0,0.0,0.0,0.0,0.0,0.0,0.0,0.0,0.0,0.0,0.0,0.0,0.0,0.0,0.0,0.15567180881017825,0.0,0.26444538509700444,0.0,0.14242758494199867,0.0,0.0,0.0,0.0,0.0,0.0,0.0,0.0,0.0,0.0,0.0,0.0,0.0,0.0,0.0,0.0,0.0,0.0,0.0,0.20018066940356638,0.0,0.0,0.0,0.0,0.0,0.0,0.0,0.0,0.0,0.0,0.0,0.0,0.0,0.0,0.0,0.0,0.20460179094586903,0.0,0.0,0.18446560035424328,0.0,0.0,0.0,0.0,0.25836506299904605,0.0,0.2972505913386262,0.0,0.0,0.0,0.0,0.0,0.0,0.2347377317118923,0.0,0.0,0.0,0.0,0.0,0.0,0.0,0.0,0.0,0.25299300848164685,0.0,0.169463040005659,0.0,0.0,0.0,0.0,0.0,0.0,0.0,0.0,0.0,0.0,0.0,0.0,0.0,0.0,0.0
a16d035ca37dbd7ab34c856f4cdf96a9898dcebba08c5801c99f3d3100ae6b3f,0.0,0.0,0.0,0.0,0.0,0.0,0.0,0.0,0.0,0.0,0.0,0.42812784460561654,0.0,0.0,0.0,0.0,0.0,0.0,0.0,0.0,0.0,0.0,0.0,0.0,0.0,0.0,0.0,0.0,0.0,0.0,0.0,0.0,0.0,0.0,0.0,0.0,0.0,0.0,0.0,0.0,0.0,0.0,0.0,0.27552147500022167,0.0,0.0,0.0,0.0,0.0,0.0,0.0,0.0,0.0,0.0,0.0,0.0,0.0,0.0,0.0,0.0,0.0,0.0,0.0,0.0,0.0,0.0,0.0,0.0,0.0,0.0,0.0,0.0,0.0,0.0,0.47757090503280275,0.1513958697280378,0.0,0.2571816912665642,0.0,0.1385154335930606,0.0,0.0,0.0,0.0,0.0,0.0,0.0,0.0,0.0,0.0,0.0,0.0,0.0,0.0,0.0,0.0,0.0,0.0,0.0,0.0,0.0,0.0,0.0,0.0,0.0,0.0,0.2546090613904119,0.0,0.0,0.0,0.0,0.0,0.0,0.46301737851048813,0.0,0.0,0.0,0.0,0.2023850653868137,0.17939876342407693,0.0,0.0,0.0,0.0,0.0,0.0,0.0,0.0,0.0,0.0,0.0,0.0,0.0,0.22829003736857167,0.0,0.0,0.0,0.0,0.0,0.0,0.0,0.0,0.0,0.0,0.0,0.0,0.0,0.0,0.0,0.0,0.0,0.0,0.0,0.0,0.0,0.0,0.0,0.0,0.0,0.0,0.0
062de0a9fa284c56323ccaa5cf9b4a70801234b129744e1def53b29a7a86b8cd,0.0,0.0,0.0,0.0,0.0,0.0,0.0,0.0,0.0,0.0,0.0,0.0,0.2221344159411123,0.0,0.0,0.0,0.0,0.0,0.0,0.0,0.0,0.0,0.0,0.0,0.0,0.0,0.0,0.0,0.0,0.0,0.0,0.0,0.0,0.0,0.0,0.0,0.0,0.0,0.0,0.0,0.0,0.0,0.0,0.0,0.0,0.0,0.0,0.0,0.0,0.0,0.0,0.0,0.0,0.0,0.0,0.0,0.0,0.0,0.0,0.0,0.0,0.0,0.0,0.0,0.0,0.0,0.0,0.0,0.0,0.0,0.0,0.0,0.0,0.0,0.0,0.0,0.0,0.35873954240585954,0.0,0.1932134555092415,0.0,0.0,0.0,0.0,0.0,0.0,0.0,0.0,0.0,0.0,0.0,0.0,0.0,0.0,0.0,0.0,0.0,0.0,0.0,0.2715597465011218,0.0,0.0,0.0,0.0,0.0,0.0,0.0,0.0,0.0,0.0,0.0,0.0,0.0,0.0,0.0,0.0,0.0,0.0,0.0,0.2502411037970237,0.0,0.0,0.0,0.0,0.0,0.0,0.0,0.0,0.0,0.0,0.0,0.0,0.0,0.3184389337285038,0.0,0.0,0.0,0.0,0.0,0.0,0.0,0.0,0.0,0.34320355434183686,0.0,0.22988903135532401,0.0,0.5146905110025644,0.0,0.0,0.0,0.0,0.0,0.0,0.33364378242254256,0.0,0.0,0.0,0.0,0.0,0.0
64ca65d71fa8db3699aab3a274c05c0308777f7d4edbe2a5f6286f81feb85e2d,0.0,0.0,0.0,0.0,0.0,0.0,0.31128386894892873,0.0,0.0,0.0,0.0,0.0,0.11685884992356046,0.0,0.0,0.0,0.30192712278370637,0.22899027954942822,0.0,0.0,0.0,0.0,0.0,0.0,0.0,0.30849997956785574,0.0,0.0,0.0,0.0,0.0,0.0,0.0,0.0,0.0,0.0,0.0,0.0,0.0,0.0,0.0,0.0,0.0,0.0,0.0,0.0,0.0,0.0,0.0,0.2848764276347419,0.0,0.0,0.0,0.0,0.0,0.0,0.0,0.0,0.0,0.0,0.1697651156642605,0.3098801275520843,0.0,0.0,0.0,0.0,0.0,0.0,0.0,0.0,0.0,0.0,0.0,0.0,0.0,0.11109614431153947,0.0,0.0,0.0,0.0,0.0,0.0,0.0,0.0,0.0,0.0,0.0,0.0,0.2437543273940202,0.0,0.0,0.0,0.0,0.0,0.0,0.0,0.0,0.0,0.0,0.14286016656719874,0.0,0.0,0.0,0.0,0.0,0.0,0.0,0.0,0.0,0.0,0.0,0.0,0.0,0.0,0.23491603391443588,0.267377879327134,0.14601532716202056,0.13505014687990496,0.14851264087391305,0.1316450108346776,0.15692646540727626,0.0,0.0,0.0,0.0,0.0,0.0,0.0,0.0,0.0,0.0,0.0,0.2994385422769247,0.0,0.0,0.0,0.0,0.0,0.0,0.0,0.0,0.0,0.0,0.18055001734039003,0.0,0.0,0.0,0.0,0.0,0.0,0.0,0.0,0.0,0.0,0.0,0.0,0.0,0.0,0.0,0.0,0.0
65ac3e80b5d7499316fa680cb138aa9e4038f0b107aec3371cf7d7c5c24fd6f0,0.0,0.0,0.0,0.0,0.0,0.0,0.0,0.0,0.0,0.0,0.25682228895752046,0.0,0.1672855914805754,0.0,0.0,0.0,0.0,0.0,0.0,0.0,0.0,0.2444776518765617,0.0,0.0,0.0,0.0,0.35164125927863227,0.0,0.0,0.0,0.0,0.0,0.0,0.0,0.0,0.0,0.0,0.0,0.0,0.0,0.0,0.0,0.0,0.0,0.3248648455503453,0.0,0.0,0.0,0.0,0.0,0.0,0.0,0.0,0.0,0.0,0.0,0.0,0.0,0.3227078710585133,0.0,0.0,0.0,0.0,0.0,0.0,0.0,0.0,0.0,0.0,0.0,0.0,0.0,0.0,0.0,0.0,0.15903617248093657,0.0,0.27016055249513565,0.0,0.14550571576192767,0.0,0.0,0.0,0.0,0.0,0.0,0.0,0.0,0.0,0.0,0.0,0.0,0.0,0.0,0.0,0.0,0.0,0.0,0.0,0.2045069541488709,0.0,0.0,0.0,0.0,0.0,0.0,0.0,0.0,0.0,0.0,0.0,0.0,0.0,0.0,0.0,0.0,0.0,0.0,0.0,0.18845225258806675,0.0,0.0,0.0,0.0,0.2639488230798908,0.0,0.30367474159585445,0.0,0.0,0.0,0.0,0.0,0.0,0.239810860255614,0.0,0.0,0.0,0.0,0.0,0.0,0.0,0.0,0.0,0.25846066825381137,0.0,0.17312545839527577,0.0,0.0,0.0,0.0,0.0,0.0,0.0,0.0,0.0,0.0,0.0,0.0,0.0,0.0,0.0
67fae5a52c5920f4eabb29229eaf5ce35572f4be29f1477ec2355a13776058fb,0.0,0.0,0.0,0.0,0.0,0.0,0.0,0.0,0.0,0.0,0.0,0.0,0.0,0.0,0.0,0.0,0.0,0.0,0.0,0.0,0.0,0.0,0.0,0.0,0.0,0.0,0.4304638692806069,0.0,0.0,0.0,0.0,0.0,0.0,0.0,0.3352514619248667,0.0,0.0,0.0,0.0,0.0,0.0,0.0,0.0,0.0,0.3976853532367782,0.0,0.0,0.0,0.0,0.0,0.0,0.0,0.0,0.0,0.0,0.0,0.0,0.0,0.3950448792844374,0.0,0.0,0.0,0.0,0.0,0.0,0.0,0.0,0.0,0.0,0.0,0.0,0.0,0.0,0.0,0.0,0.0,0.0,0.33071874726137784,0.0,0.17812174128205222,0.0,0.0,0.0,0.0,0.0,0.0,0.0,0.0,0.0,0.0,0.0,0.0,0.0,0.0,0.0,0.0,0.0,0.0,0.0,0.2503484800341915,0.0,0.0,0.0,0.0,0.0,0.0,0.0,0.0,0.0,0.0,0.0,0.0,0.0,0.0,0.0,0.0,0.0,0.0,0.0,0.23069501568195216,0.0,0.0,0.0,0.0,0.0,0.0,0.0,0.0,0.0,0.0,0.0,0.0,0.0,0.2935659797513851,0.0,0.0,0.0,0.0,0.0,0.0,0.0,0.0,0.0,0.0,0.0,0.21193262373331986,0.0,0.0,0.0,0.0,0.0,0.0,0.0,0.0,0.0,0.0,0.0,0.0,0.0,0.0,0.0
68f78c6fa80a3643dc8389008bb8e3632ef1ddd9927ec079a09a5a9a773d26aa,0.0,0.0,0.0,0.0,0.0,0.0,0.0,0.0,0.0,0.52802425446855,0.0,0.0,0.0,0.4297910720276536,0.0,0.0,0.0,0.0,0.0,0.0,0.0,0.0,0.0,0.0,0.0,0.0,0.0,0.0,0.5581101536954548,0.0,0.0,0.0,0.0,0.0,0.0,0.0,0.0,0.0,0.0,0.0,0.0,0.0,0.23379906208337004,0.0,0.0,0.0,0.0,0.0,0.0,0.0,0.0,0.0,0.0,0.0,0.0,0.0,0.0,0.0,0.0,0.0,0.0,0.0,0.0,0.0,0.0,0.0,0.0,0.0,0.0,0.0,0.0,0.0,0.0,0.0,0.0,0.12097074353581969,0.0,0.0,0.0,0.0,0.0,0.0,0.0,0.0,0.0,0.0,0.0,0.0,0.0,0.0,0.0,0.0,0.0,0.0,0.0,0.0,0.0,0.0,0.0,0.15555805899818276,0.0,0.0,0.0,0.0,0.0,0.0,0.0,0.0,0.0,0.0,0.0,0.0,0.0,0.0,0.0,0.0,0.0,0.0,0.0,0.0,0.0,0.0,0.0,0.0,0.0,0.0,0.2309899610310471,0.0,0.0,0.0,0.0,0.0,0.0,0.0,0.0,0.0,0.0,0.0,0.0,0.0,0.0,0.0,0.24655794530015082,0.0,0.0,0.13168774814148992,0.0,0.0,0.0,0.0,0.0,0.0,0.0,0.0,0.0,0.0,0.0,0.0,0.0,0.0,0.0
70dd30ba43b00bc3fa8f01629133d8f0a4338260b7299f899d8d0d97aa0fdad3,0.0,0.0,0.0,0.0,0.0,0.0,0.0,0.0,0.0,0.0,0.0,0.0,0.36084947509602794,0.0,0.0,0.0,0.0,0.0,0.0,0.0,0.0,0.0,0.0,0.0,0.0,0.0,0.0,0.0,0.0,0.0,0.0,0.0,0.0,0.0,0.0,0.0,0.0,0.0,0.0,0.0,0.0,0.0,0.0,0.0,0.0,0.0,0.0,0.0,0.0,0.0,0.0,0.0,0.0,0.0,0.0,0.0,0.0,0.0,0.0,0.0,0.0,0.0,0.0,0.0,0.0,0.0,0.0,0.0,0.0,0.0,0.0,0.0,0.0,0.0,0.0,0.34305476552468667,0.0,0.0,0.0,0.3138684012858346,0.0,0.0,0.0,0.0,0.0,0.0,0.0,0.0,0.0,0.0,0.0,0.0,0.0,0.0,0.0,0.0,0.0,0.0,0.0,0.0,0.0,0.0,0.0,0.0,0.0,0.0,0.0,0.0,0.0,0.0,0.0,0.0,0.0,0.0,0.0,0.0,0.45088201875044226,0.0,0.0,0.0,0.0,0.0,0.0,0.0,0.0,0.0,0.0,0.0,0.0,0.0,0.0,0.0,0.0,0.0,0.0,0.0,0.0,0.0,0.0,0.0,0.0,0.0,0.0,0.5575219936570932,0.0,0.3734465726233722,0.0,0.0,0.0,0.0,0.0,0.0,0.0,0.0,0.0,0.0,0.0,0.0,0.0,0.0,0.0
584453b0ac50b6c6ca75aa0698ff3593c393709ad8b18f2708c6440528e8b7a1,0.0,0.0,0.0,0.0,0.0,0.0,0.0,0.0,0.0,0.0,0.197608948719815,0.0,0.12871596932895782,0.0,0.0,0.0,0.0,0.0,0.0,0.0,0.0,0.18811051006872348,0.0,0.0,0.0,0.0,0.0,0.0,0.0,0.0,0.0,0.0,0.0,0.0,0.0,0.0,0.0,0.0,0.0,0.0,0.0,0.3720628768637202,0.0,0.2226953956974027,0.0,0.0,0.0,0.0,0.0,0.0,0.0,0.0,0.0,0.0,0.0,0.35998511116773313,0.0,0.0,0.0,0.0,0.0,0.0,0.0,0.0,0.0,0.0,0.0,0.0,0.0,0.0,0.0,0.0,0.0,0.0,0.0,0.12236854900697193,0.26061685361816866,0.20787192179008443,0.0,0.1119576951095341,0.0,0.0,0.0,0.0,0.0,0.0,0.0,0.0,0.0,0.0,0.0,0.0,0.0,0.0,0.0,0.0,0.0,0.0,0.0,0.1573555176199453,0.0,0.0,0.0,0.0,0.0,0.0,0.20579254547920978,0.0,0.0,0.0,0.0,0.0,0.0,0.3742424735570405,0.0,0.0,0.1608308175618553,0.0,0.16358152198308656,0.14500241263704547,0.0,0.0,0.0,0.0,0.20309237822141263,0.0,0.0,0.0,0.0,0.0,0.0,0.0,0.0,0.0,0.0,0.0,0.0,0.0,0.0,0.0,0.0,0.0,0.0,0.0,0.0,0.133209387584678,0.274874216007476,0.0,0.0,0.0,0.0,0.0,0.0,0.0,0.19333016310485734,0.0,0.0,0.0,0.0,0.0,0.0
5c21d49a85c6d2d09a61fc58df9c41bbad07c7c58df7ac801aec3ee9b3491f2d,0.0,0.0,0.0,0.0,0.0,0.0,0.0,0.0,0.0,0.0,0.0,0.0,0.16646099473266238,0.0,0.0,0.0,0.0,0.0,0.0,0.0,0.0,0.0,0.0,0.0,0.0,0.0,0.0,0.0,0.0,0.0,0.0,0.0,0.0,0.0,0.0,0.0,0.0,0.0,0.0,0.0,0.0,0.48116761975001787,0.3058526719831004,0.28799920696268794,0.0,0.0,0.0,0.0,0.0,0.0,0.0,0.0,0.0,0.0,0.0,0.0,0.0,0.0,0.0,0.0,0.0,0.0,0.0,0.0,0.0,0.0,0.0,0.0,0.0,0.0,0.0,0.0,0.0,0.0,0.0,0.15825223939101743,0.0,0.0,0.0,0.14478847801922598,0.0,0.0,0.0,0.0,0.0,0.0,0.0,0.0,0.0,0.0,0.0,0.0,0.0,0.0,0.0,0.0,0.0,0.0,0.0,0.2034988830542582,0.0,0.0,0.0,0.0,0.0,0.0,0.0,0.0,0.0,0.0,0.0,0.0,0.0,0.0,0.0,0.0,0.20799328952410528,0.0,0.21155061808683767,0.18752331953862925,0.0,0.0,0.0,0.0,0.0,0.0,0.3021778451678537,0.0,0.0,0.0,0.0,0.0,0.0,0.0,0.0,0.0,0.0,0.0,0.0,0.0,0.0,0.0,0.3225436650461146,0.2571866444444729,0.0,0.1722720753351437,0.0,0.0,0.0,0.0,0.0,0.0,0.0,0.0,0.2500228326759942,0.0,0.0,0.0,0.0,0.0,0.0
04dd197044b9d4c84a86fb2e50fc3c0c3ac5b021aa1314b821d693fa60124465,0.0,0.0,0.0,0.0,0.0,0.0,0.0,0.0,0.0,0.0,0.24577846196246808,0.0,0.16009200583590397,0.0,0.0,0.0,0.0,0.0,0.0,0.0,0.0,0.23396466679866615,0.0,0.0,0.0,0.0,0.0,0.0,0.0,0.0,0.0,0.0,0.0,0.0,0.0,0.0,0.0,0.0,0.0,0.0,0.0,0.0,0.0,0.2769800264371454,0.0,0.0,0.0,0.33393379473797724,0.0,0.0,0.0,0.0,0.0,0.0,0.0,0.0,0.0,0.0,0.0,0.0,0.0,0.0,0.0,0.0,0.0,0.0,0.0,0.0,0.0,0.0,0.0,0.0,0.0,0.0,0.48009906270097724,0.15219732690423787,0.32414528723894903,0.258543155832428,0.0,0.13924870451033886,0.0,0.0,0.0,0.0,0.0,0.0,0.0,0.0,0.0,0.0,0.0,0.0,0.0,0.0,0.0,0.0,0.0,0.0,0.0,0.0,0.0,0.0,0.0,0.0,0.3651664959051405,0.0,0.0,0.0,0.0,0.0,0.0,0.0,0.0,0.0,0.0,0.0,0.2000352273143559,0.0,0.0,0.0,0.0,0.0,0.0,0.0,0.0,0.0,0.0,0.0,0.0,0.0,0.0,0.0,0.0,0.22949855573193711,0.0,0.0,0.0,0.0,0.0,0.0,0.0,0.0,0.0,0.0,0.0,0.0,0.0,0.0,0.0,0.0,0.0,0.0,0.0,0.0,0.0,0.0,0.0,0.0,0.0,0.0,0.0
82caa68b1cd7e2b1e9d597bda4ec3c122536630a5108da8c1c82f96b3a8c5972,0.0,0.0,0.0,0.0,0.0,0.0,0.0,0.0,0.0,0.0,0.19499313502869633,0.0,0.12701211433141066,0.0,0.0,0.0,0.0,0.0,0.0,0.0,0.0,0.18562043028808176,0.0,0.0,0.0,0.0,0.0,0.0,0.0,0.0,0.0,0.0,0.0,0.0,0.0,0.0,0.0,0.0,0.0,0.0,0.0,0.0,0.0,0.21974750457815836,0.0,0.0,0.0,0.0,0.311887529657111,0.0,0.0,0.0,0.0,0.0,0.0,0.0,0.0,0.0,0.0,0.0,0.0,0.0,0.0,0.0,0.0,0.0,0.0,0.0,0.0,0.0,0.0,0.0,0.4427604367361978,0.0,0.0,0.12074871686916418,0.2571669838716458,0.20512025379862808,0.0,0.11047567481849532,0.0,0.0,0.0,0.0,0.0,0.0,0.0,0.0,0.2649328871540046,0.0,0.0,0.0,0.0,0.0,0.0,0.0,0.0,0.0,0.0,0.1552725516407733,0.0,0.0,0.0,0.0,0.0,0.0,0.0,0.0,0.0,0.0,0.0,0.0,0.0,0.0,0.0,0.0,0.1587018479111508,0.0,0.16141614036656832,0.0,0.0,0.0,0.0,0.0,0.20040397859702785,0.0,0.0,0.0,0.0,0.0,0.0,0.0,0.0,0.18207715399228966,0.0,0.0,0.0,0.40019420752546514,0.0,0.0,0.0,0.0,0.0,0.19623707969037918,0.0,0.13144605175354826,0.0,0.0,0.0,0.0,0.0,0.0,0.0,0.0,0.0,0.0,0.0,0.0,0.0,0.0,0.0
83d7f6eaf7fe075503ea6a0bc726633c34595a6eae7edd7deab95ab4d4a66fd5,0.0,0.0,0.0,0.0,0.0,0.40787823905362697,0.0,0.0,0.0,0.0,0.0,0.3941223579009091,0.0,0.0,0.0,0.0,0.0,0.0,0.0,0.47720234340361106,0.41438668208701024,0.0,0.0,0.0,0.0,0.0,0.0,0.0,0.0,0.0,0.0,0.0,0.0,0.0,0.0,0.0,0.0,0.0,0.0,0.0,0.0,0.0,0.0,0.0,0.0,0.0,0.0,0.0,0.0,0.0,0.0,0.0,0.0,0.0,0.0,0.0,0.0,0.0,0.0,0.0,0.0,0.0,0.0,0.0,0.0,0.0,0.0,0.0,0.0,0.0,0.0,0.0,0.0,0.0,0.0,0.1393707461579348,0.0,0.0,0.0,0.0,0.0,0.0,0.0,0.0,0.0,0.0,0.0,0.0,0.0,0.0,0.0,0.0,0.0,0.0,0.0,0.0,0.0,0.0,0.0,0.1792188930957278,0.0,0.0,0.19686514515218612,0.0,0.0,0.0,0.0,0.0,0.0,0.0,0.0,0.0,0.0,0.0,0.0,0.0,0.18317706004268597,0.0,0.0,0.0,0.0,0.0,0.0,0.0,0.0,0.0,0.0,0.0,0.0,0.0,0.0,0.0,0.0,0.0,0.0,0.0,0.0,0.0,0.0,0.0,0.0,0.0,0.2840601272941201,0.22650102567911104,0.0,0.15171783839538985,0.0,0.0,0.0,0.0,0.0,0.0,0.0,0.0,0.0,0.0,0.0,0.0,0.0,0.0,0.0
85a46e5b3e5f93a456439d5b37fd3fd3e1717db2a7b5162c008a94e4ca796245,0.0,0.0,0.0,0.0,0.0,0.6479170072788105,0.0,0.0,0.0,0.0,0.0,0.0,0.0,0.0,0.0,0.0,0.0,0.0,0.0,0.0,0.0,0.0,0.0,0.0,0.0,0.0,0.0,0.0,0.0,0.0,0.0,0.0,0.0,0.0,0.0,0.0,0.0,0.0,0.0,0.0,0.0,0.0,0.0,0.0,0.0,0.0,0.0,0.0,0.0,0.0,0.0,0.0,0.0,0.0,0.0,0.0,0.0,0.0,0.0,0.0,0.0,0.0,0.0,0.0,0.0,0.0,0.0,0.0,0.0,0.0,0.0,0.0,0.0,0.0,0.0,0.22139125873050403,0.0,0.0,0.0,0.20255576490862487,0.0,0.0,0.0,0.0,0.0,0.0,0.0,0.0,0.48575112752283156,0.0,0.0,0.0,0.0,0.0,0.0,0.0,0.0,0.0,0.0,0.0,0.0,0.0,0.3127214532956311,0.0,0.0,0.0,0.0,0.0,0.0,0.0,0.0,0.0,0.0,0.0,0.0,0.0,0.0,0.0,0.2959544699253055,0.2623408295120539,0.0,0.0,0.0,0.0,0.0,0.0,0.0,0.0,0.0,0.0,0.0,0.0,0.0,0.0,0.0,0.0,0.0,0.0,0.0,0.0,0.0,0.0,0.0,0.0,0.0,0.0,0.0,0.0,0.0,0.0,0.0,0.0,0.0,0.0,0.0,0.0,0.0,0.0,0.0,0.0,0.0
87d71d7df9f3e28a71abb9bb8f6b037a100df45cddb9bdd562137902872ca3b6,0.0,0.0,0.0,0.0,0.0,0.0,0.0,0.0,0.0,0.0,0.0,0.0,0.19510397553412337,0.0,0.0,0.0,0.0,0.3823151941679018,0.0,0.0,0.0,0.0,0.0,0.0,0.0,0.0,0.0,0.0,0.0,0.0,0.0,0.0,0.0,0.0,0.0,0.0,0.0,0.0,0.0,0.0,0.0,0.0,0.0,0.0,0.0,0.0,0.0,0.0,0.0,0.0,0.0,0.0,0.5607362131555573,0.0,0.0,0.0,0.0,0.0,0.0,0.0,0.0,0.0,0.0,0.0,0.0,0.0,0.0,0.0,0.0,0.0,0.0,0.0,0.0,0.0,0.0,0.0,0.0,0.0,0.0,0.0,0.0,0.0,0.0,0.0,0.0,0.0,0.0,0.0,0.0,0.0,0.0,0.0,0.0,0.0,0.0,0.0,0.0,0.0,0.0,0.0,0.0,0.0,0.0,0.0,0.0,0.0,0.0,0.0,0.6406854684234535,0.0,0.0,0.0,0.0,0.0,0.0,0.0,0.0,0.0,0.0,0.0,0.0,0.0,0.0,0.0,0.0,0.0,0.0,0.0,0.0,0.0,0.0,0.0,0.0,0.0,0.0,0.0,0.0,0.0,0.0,0.0,0.0,0.0,0.0,0.30144080819644387,0.0,0.0,0.0,0.0,0.0,0.0,0.0,0.0,0.0,0.0,0.0,0.0,0.0,0.0,0.0,0.0,0.0
89e22471cada6ad8f4da2a73ed2bc168314d57606ba7f659384f1781c167cba7,0.0,0.0,0.0,0.0,0.0,0.0,0.0,0.0,0.0,0.0,0.0,0.0,0.20401820091830053,0.0,0.0,0.9268317047665018,0.0,0.0,0.0,0.0,0.0,0.0,0.0,0.0,0.0,0.0,0.0,0.0,0.0,0.0,0.0,0.0,0.0,0.0,0.0,0.0,0.0,0.0,0.0,0.0,0.0,0.0,0.0,0.0,0.0,0.0,0.0,0.0,0.0,0.0,0.0,0.0,0.0,0.0,0.0,0.0,0.0,0.0,0.0,0.0,0.0,0.0,0.0,0.0,0.0,0.0,0.0,0.0,0.0,0.0,0.0,0.0,0.0,0.0,0.0,0.0,0.0,0.0,0.0,0.0,0.0,0.0,0.0,0.0,0.0,0.0,0.0,0.0,0.0,0.0,0.0,0.0,0.0,0.0,0.0,0.0,0.0,0.0,0.0,0.0,0.0,0.0,0.0,0.0,0.0,0.0,0.0,0.0,0.0,0.0,0.0,0.0,0.0,0.0,0.0,0.0,0.0,0.0,0.0,0.0,0.0,0.0,0.0,0.0,0.0,0.0,0.0,0.0,0.0,0.0,0.0,0.0,0.0,0.0,0.0,0.0,0.0,0.0,0.0,0.0,0.0,0.0,0.0,0.31521352244737233,0.0,0.0,0.0,0.0,0.0,0.0,0.0,0.0,0.0,0.0,0.0,0.0,0.0,0.0,0.0,0.0,0.0
90ccd84f28e4dd03fb70b8739c4636acbcf8a030404b5a24264afd1acd09ecbc,0.0,0.0,0.0,0.0,0.0,0.0,0.3034799313320144,0.0,0.0,0.0,0.0,0.0,0.0,0.0,0.0,0.0,0.29435776032681316,0.22324945570745552,0.0,0.0,0.0,0.0,0.0,0.0,0.0,0.3007658345140306,0.0,0.0,0.0,0.0,0.0,0.0,0.0,0.0,0.0,0.0,0.0,0.0,0.0,0.0,0.0,0.0,0.0,0.0,0.0,0.0,0.0,0.23764336645261674,0.0,0.27773452890000316,0.0,0.0,0.0,0.0,0.0,0.0,0.0,0.0,0.0,0.0,0.16550907638845241,0.30211138196207526,0.0,0.0,0.0,0.0,0.0,0.0,0.0,0.0,0.0,0.0,0.0,0.0,0.0,0.0,0.0,0.0,0.0,0.0,0.0,0.0,0.0,0.0,0.0,0.0,0.0,0.0,0.23764336645261674,0.0,0.0,0.0,0.0,0.0,0.0,0.0,0.0,0.0,0.0,0.13927863877522914,0.0,0.0,0.0,0.0,0.0,0.0,0.0,0.0,0.0,0.0,0.0,0.0,0.0,0.0,0.22902665043924536,0.26067467206664424,0.14235469897677816,0.13166441756163177,0.1447894046245802,0.1283446488351922,0.15299229319778673,0.0,0.0,0.0,0.0,0.0,0.0,0.0,0.0,0.0,0.0,0.0,0.2919315689412383,0.0,0.0,0.0,0.0,0.0,0.0,0.0,0.0,0.0,0.22075522940938458,0.0,0.0,0.0,0.0,0.0,0.0,0.0,0.0,0.0,0.0,0.0,0.0,0.0,0.0,0.0,0.0,0.0,0.0
91b8833d045e42de89fceb8698a75cd45b3a1b45fc67d1115cf9a181d7ca100b,0.0,0.0,0.0,0.0,0.0,0.0,0.0,0.0,0.0,0.0,0.0,0.0,0.0,0.0,0.0,0.0,0.0,0.0,0.0,0.50116968791989,0.4351991288610551,0.0,0.0,0.0,0.0,0.0,0.0,0.0,0.0,0.0,0.0,0.0,0.0,0.0,0.0,0.0,0.0,0.0,0.0,0.0,0.0,0.0,0.0,0.0,0.0,0.0,0.0,0.3211494637421629,0.0,0.0,0.0,0.0,0.0,0.0,0.0,0.0,0.0,0.0,0.0,0.0,0.0,0.0,0.0,0.0,0.0,0.0,0.0,0.0,0.0,0.0,0.0,0.0,0.0,0.0,0.0,0.14637060006651645,0.0,0.0,0.0,0.13391770310452022,0.0,0.0,0.0,0.0,0.0,0.0,0.0,0.0,0.0,0.0,0.0,0.0,0.0,0.0,0.0,0.0,0.0,0.0,0.0,0.18822010822810717,0.0,0.0,0.20675263799946875,0.0,0.0,0.0,0.0,0.0,0.0,0.0,0.0,0.0,0.0,0.0,0.0,0.0,0.0,0.0,0.0,0.0,0.20675263799946875,0.0,0.0,0.0,0.0,0.0,0.0,0.0,0.42617806960001453,0.0,0.0,0.0,0.0,0.0,0.0,0.0,0.0,0.0,0.0,0.0,0.0,0.0,0.29832696195724745,0.0,0.0,0.15933782130694052,0.0,0.0,0.0,0.0,0.0,0.0,0.0,0.0,0.0,0.0,0.0,0.0,0.0,0.0,0.0
91c8694b12c7489be239393cc92091108b67422523422933d5121e428c5bb202,0.0,0.0,0.0,0.0,0.0,0.0,0.0,0.0,0.0,0.0,0.33384859111788223,0.0,0.21745799111442862,0.0,0.0,0.0,0.0,0.0,0.0,0.0,0.0,0.31780154273252453,0.0,0.0,0.0,0.0,0.0,0.0,0.0,0.0,0.0,0.0,0.0,0.0,0.0,0.0,0.0,0.0,0.0,0.0,0.0,0.0,0.0,0.3762306544499226,0.0,0.0,0.0,0.0,0.0,0.0,0.0,0.0,0.0,0.0,0.0,0.0,0.0,0.0,0.0,0.0,0.0,0.0,0.0,0.0,0.0,0.0,0.0,0.0,0.0,0.0,0.0,0.0,0.0,0.0,0.0,0.206734401188688,0.4402967070350923,0.3511872750306652,0.0,0.1891458813948715,0.0,0.0,0.0,0.0,0.0,0.0,0.0,0.0,0.0,0.0,0.0,0.0,0.0,0.0,0.0,0.0,0.0,0.0,0.0,0.0,0.0,0.0,0.0,0.0,0.0,0.0,0.0,0.0,0.0,0.0,0.0,0.0,0.0,0.0,0.0,0.0,0.0,0.0,0.0,0.0,0.29201822491386753,0.0,0.0,0.0,0.34311251982891555,0.0,0.0,0.0,0.0,0.0,0.0,0.0,0.0,0.0,0.0,0.0,0.0,0.0,0.0,0.0,0.0,0.0,0.0,0.0,0.0,0.0,0.0,0.0,0.0,0.0,0.0,0.0,0.0,0.0,0.0,0.0,0.0,0.0,0.0,0.0,0.0
bd8f9f6dabfb081a5f0dc233d8d017923de3e0d10df2b40da280078d7c4c47ff,0.0,0.0,0.0,0.0,0.0,0.0,0.0,0.0,0.0,0.0,0.23416979810719368,0.0,0.15253050403942256,0.0,0.0,0.0,0.0,0.0,0.0,0.0,0.0,0.22291399478619442,0.0,0.0,0.0,0.0,0.32062545282063387,0.0,0.0,0.0,0.0,0.0,0.0,0.0,0.24970772104074118,0.0,0.0,0.0,0.0,0.0,0.0,0.0,0.2802570193354289,0.0,0.29621079853871995,0.0,0.0,0.0,0.0,0.0,0.0,0.0,0.0,0.0,0.0,0.0,0.0,0.0,0.29424407562177635,0.0,0.0,0.0,0.0,0.0,0.2948956483984484,0.0,0.0,0.0,0.0,0.0,0.0,0.0,0.0,0.0,0.0,0.14500870836705942,0.0,0.24633158707178204,0.0,0.13267167823213796,0.0,0.0,0.0,0.0,0.0,0.0,0.0,0.0,0.0,0.0,0.0,0.0,0.0,0.0,0.0,0.0,0.0,0.0,0.0,0.0,0.0,0.0,0.0,0.0,0.0,0.0,0.0,0.0,0.0,0.0,0.0,0.0,0.0,0.0,0.0,0.0,0.0,0.17627477069699313,0.0,0.17183020259076004,0.0,0.0,0.0,0.0,0.2406677506930595,0.0,0.2768897248693146,0.0,0.0,0.0,0.0,0.0,0.0,0.21865882808659995,0.0,0.0,0.0,0.0,0.0,0.0,0.0,0.0,0.0,0.0,0.0,0.15785527729776877,0.0,0.0,0.0,0.0,0.0,0.0,0.0,0.0,0.0,0.0,0.0,0.0,0.0,0.0,0.0
91c19873a6cb357be6a268bcba88946c84ddaaf58764a4b82ee08f9e1ac1e28c,0.0,0.0,0.0,0.0,0.0,0.0,0.0,0.0,0.0,0.0,0.2399475505260184,0.0,0.1562939419198913,0.0,0.0,0.0,0.0,0.0,0.0,0.0,0.0,0.22841402887674034,0.0,0.0,0.0,0.0,0.32853635550981497,0.0,0.0,0.0,0.0,0.0,0.0,0.0,0.0,0.0,0.0,0.0,0.0,0.0,0.0,0.0,0.0,0.0,0.30351931001873445,0.0,0.0,0.0,0.0,0.0,0.0,0.0,0.0,0.0,0.0,0.0,0.0,0.0,0.30150406146704894,0.0,0.0,0.0,0.0,0.0,0.0,0.0,0.0,0.0,0.0,0.0,0.0,0.0,0.0,0.0,0.0,0.14858655838141058,0.0,0.2524094115160147,0.0,0.13594513243507653,0.0,0.0,0.0,0.0,0.0,0.0,0.0,0.0,0.0,0.0,0.0,0.0,0.0,0.0,0.0,0.0,0.0,0.0,0.0,0.19106964162941048,0.0,0.0,0.0,0.0,0.35650319204938324,0.0,0.0,0.0,0.0,0.0,0.0,0.0,0.0,0.0,0.0,0.0,0.0,0.0,0.0,0.17606982860859283,0.0,0.0,0.0,0.0,0.24660582934342162,0.0,0.28372152081628416,0.0,0.0,0.0,0.0,0.0,0.0,0.22405387297747192,0.0,0.0,0.0,0.0,0.0,0.0,0.0,0.0,0.0,0.2414782786437893,0.0,0.1617500951504704,0.0,0.0,0.0,0.0,0.0,0.0,0.0,0.0,0.0,0.0,0.0,0.0,0.0,0.0,0.0
92c0894905793df478af3728c3be8db026e668fdb5e0adf82fc5ef83939031f1,0.0,0.0,0.0,0.0,0.0,0.0,0.31648504615772866,0.0,0.0,0.0,0.0,0.0,0.1188114200612977,0.0,0.0,0.0,0.3069719600733598,0.23281643034564764,0.0,0.0,0.0,0.0,0.0,0.0,0.0,0.3136546413499181,0.0,0.0,0.0,0.0,0.0,0.0,0.0,0.0,0.0,0.0,0.0,0.0,0.0,0.0,0.0,0.0,0.0,0.0,0.0,0.0,0.0,0.0,0.0,0.28963636841722185,0.0,0.0,0.0,0.0,0.0,0.0,0.0,0.0,0.0,0.0,0.17260168555599203,0.3150578499388114,0.0,0.0,0.0,0.0,0.0,0.0,0.0,0.0,0.0,0.0,0.0,0.0,0.0,0.11295242660374372,0.0,0.0,0.0,0.0,0.0,0.0,0.0,0.0,0.0,0.0,0.0,0.0,0.2478271675847727,0.0,0.0,0.0,0.0,0.0,0.0,0.0,0.0,0.0,0.0,0.1452471872788842,0.0,0.0,0.0,0.0,0.0,0.0,0.0,0.0,0.0,0.0,0.0,0.0,0.0,0.0,0.2388411969037776,0.27184544051746895,0.14845506679367865,0.13730667160239896,0.15099410759925375,0.13384463984956202,0.1595485169709818,0.0,0.0,0.0,0.0,0.0,0.0,0.0,0.0,0.0,0.0,0.0,0.3044417983941972,0.0,0.0,0.0,0.0,0.0,0.0,0.0,0.0,0.0,0.0,0.0,0.0,0.0,0.0,0.0,0.0,0.0,0.0,0.0,0.0,0.0,0.0,0.0,0.0,0.0,0.0,0.0,0.0
93fc5c91921dfc15f8173b8488a35a74998e3096bd24eaa42cd8087713cd43e1,0.0,0.0,0.0,0.0,0.0,0.0,0.0,0.0,0.0,0.0,0.26422436962952217,0.0,0.17210706335682507,0.0,0.0,0.0,0.0,0.0,0.0,0.0,0.0,0.25152393788638383,0.0,0.0,0.0,0.0,0.3617761933583423,0.0,0.0,0.0,0.0,0.0,0.0,0.0,0.0,0.0,0.0,0.0,0.0,0.0,0.0,0.0,0.0,0.0,0.33422803518634603,0.0,0.0,0.0,0.0,0.0,0.0,0.0,0.0,0.0,0.0,0.0,0.0,0.0,0.33200889280690277,0.0,0.0,0.0,0.0,0.0,0.0,0.0,0.0,0.0,0.0,0.0,0.0,0.0,0.0,0.0,0.0,0.16361988125188748,0.0,0.27794706593241886,0.0,0.1496994524141436,0.0,0.0,0.0,0.0,0.0,0.0,0.0,0.0,0.0,0.0,0.0,0.0,0.0,0.0,0.0,0.0,0.0,0.0,0.0,0.0,0.0,0.0,0.0,0.0,0.3925725892331902,0.0,0.0,0.0,0.0,0.0,0.0,0.0,0.0,0.0,0.0,0.0,0.0,0.0,0.0,0.19388378573941267,0.0,0.0,0.0,0.0,0.2715563032937302,0.0,0.0,0.0,0.0,0.0,0.0,0.0,0.0,0.24672264093025706,0.0,0.0,0.0,0.0,0.0,0.0,0.0,0.0,0.0,0.0,0.0,0.17811524574831614,0.0,0.0,0.0,0.0,0.0,0.0,0.0,0.0,0.0,0.0,0.0,0.0,0.0,0.0,0.0
97fc228c23bde829b5889b11c06d4bb0d9859e35d99e6b2e7e34cfb84c1eba15,0.0,0.0,0.0,0.0,0.0,0.0,0.0,0.0,0.0,0.0,0.245404535003143,0.0,0.15984844211402008,0.0,0.0,0.0,0.0,0.3132303584125057,0.0,0.0,0.0,0.23360871332842723,0.0,0.0,0.0,0.0,0.0,0.5296933388006652,0.0,0.0,0.0,0.0,0.0,0.0,0.0,0.0,0.0,0.0,0.0,0.0,0.0,0.0,0.0,0.0,0.0,0.0,0.0,0.333425748396222,0.0,0.0,0.0,0.0,0.0,0.0,0.0,0.0,0.0,0.0,0.0,0.0,0.0,0.0,0.0,0.0,0.30904382228037813,0.0,0.0,0.0,0.0,0.0,0.0,0.0,0.0,0.0,0.0,0.15196577413426654,0.0,0.0,0.0,0.1390368517537883,0.0,0.0,0.0,0.0,0.0,0.0,0.0,0.0,0.0,0.0,0.0,0.0,0.0,0.0,0.0,0.0,0.0,0.0,0.0,0.19541502488560833,0.0,0.0,0.0,0.0,0.0,0.0,0.0,0.0,0.0,0.0,0.0,0.0,0.0,0.0,0.0,0.0,0.0,0.1847318846637907,0.0,0.0,0.0,0.0,0.0,0.0,0.2522142390969088,0.0,0.0,0.0,0.0,0.0,0.0,0.0,0.0,0.0,0.0,0.0,0.0,0.0,0.0,0.0,0.0,0.0,0.30973083186346706,0.0,0.0,0.0,0.0,0.0,0.0,0.0,0.0,0.0,0.0,0.0,0.0,0.0,0.0,0.0,0.0,0.0,0.0
151eacb26f65117d4a4abb8473c8650edd42b079a662f7dc4c4ebdd966045d1c,0.0,0.0,0.0,0.0,0.0,0.0,0.0,0.0,0.0,0.0,0.243019547270661,0.0,0.15829493955346874,0.0,0.0,0.0,0.0,0.0,0.0,0.0,0.0,0.23133836443091368,0.0,0.0,0.0,0.0,0.0,0.0,0.0,0.0,0.0,0.0,0.0,0.0,0.0,0.0,0.0,0.0,0.0,0.0,0.0,0.0,0.0,0.2738708676517379,0.0,0.0,0.0,0.0,0.3887047933532714,0.0,0.0,0.0,0.0,0.0,0.0,0.0,0.0,0.0,0.0,0.0,0.0,0.0,0.0,0.0,0.0,0.0,0.0,0.0,0.0,0.0,0.0,0.0,0.0,0.0,0.0,0.15048888004564379,0.32050668852650316,0.25564095477950916,0.0,0.1376856086490451,0.0,0.0,0.0,0.0,0.0,0.0,0.0,0.0,0.3301853179795289,0.0,0.0,0.0,0.0,0.0,0.0,0.0,0.0,0.0,0.0,0.1935158650469816,0.0,0.0,0.0,0.0,0.0,0.0,0.0,0.0,0.0,0.0,0.0,0.0,0.0,0.0,0.0,0.0,0.19778979000829605,0.0,0.20117260717044208,0.0,0.0,0.0,0.0,0.0,0.2497630705959041,0.0,0.0,0.0,0.0,0.0,0.0,0.0,0.0,0.2269223863959355,0.0,0.0,0.0,0.0,0.0,0.0,0.0,0.0,0.0,0.24456987297042182,0.0,0.16382094673723827,0.0,0.0,0.0,0.0,0.0,0.0,0.0,0.0,0.0,0.0,0.0,0.0,0.0,0.0,0.0
160ffdb97712c84d3e7dca1e26924d48cd92afb6c21665df8912cae81cc91d9b,0.0,0.0,0.0,0.0,0.0,0.0,0.0,0.0,0.0,0.0,0.24215437637839443,0.0,0.1577313956919446,0.0,0.0,0.0,0.0,0.0,0.0,0.0,0.0,0.2305147795735719,0.0,0.0,0.0,0.0,0.33155794302423236,0.0,0.0,0.0,0.0,0.0,0.0,0.0,0.0,0.0,0.0,0.0,0.0,0.0,0.0,0.0,0.0,0.0,0.3063108128224776,0.0,0.0,0.0,0.0,0.0,0.0,0.0,0.0,0.0,0.0,0.0,0.0,0.0,0.3042770297927652,0.0,0.0,0.0,0.0,0.0,0.0,0.0,0.0,0.0,0.0,0.0,0.0,0.0,0.0,0.0,0.0,0.14995312644027525,0.0,0.25473085057007233,0.0,0.13719543581223012,0.0,0.0,0.0,0.0,0.0,0.0,0.0,0.0,0.0,0.0,0.0,0.0,0.0,0.0,0.0,0.0,0.0,0.0,0.0,0.0,0.0,0.0,0.0,0.0,0.35978199384979526,0.0,0.0,0.0,0.0,0.0,0.0,0.0,0.0,0.0,0.0,0.0,0.0,0.18228527980297024,0.0,0.17768916353718475,0.21181305845371776,0.0,0.0,0.0,0.24887389216943775,0.0,0.2863309410234928,0.0,0.0,0.0,0.0,0.0,0.0,0.22611452280751904,0.0,0.0,0.0,0.0,0.0,0.0,0.0,0.0,0.0,0.0,0.0,0.1632377298057099,0.0,0.0,0.0,0.0,0.0,0.0,0.0,0.0,0.0,0.0,0.0,0.0,0.0,0.0,0.0
177b40f96a09a3919b2c8846ca73abb09855d078ff9dee89610bc2b75d44cb31,0.0,0.0,0.0,0.0,0.0,0.0,0.0,0.0,0.0,0.0,0.1488484572064096,0.0,0.09695498901524062,0.0,0.0,0.0,0.0,0.0,0.0,0.0,0.0,0.14169378152879475,0.0,0.0,0.0,0.0,0.0,0.0,0.0,0.0,0.0,0.0,0.0,0.0,0.0,0.0,0.4128310925951712,0.0,0.0,0.0,0.0,0.0,0.0,0.1677447620225381,0.0,0.0,0.0,0.0,0.0,0.0,0.0,0.0,0.0,0.0,0.0,0.0,0.0,0.0,0.1870342676658014,0.0,0.0,0.0,0.0,0.0,0.0,0.0,0.0,0.0,0.0,0.0,0.0,0.0,0.0,0.0,0.0,0.09217381018559244,0.0,0.0,0.0,0.08433185995573643,0.0,0.0,0.0,0.0,0.0,0.0,0.0,0.0,0.0,0.0,0.0,0.0,0.0,0.39323119733970513,0.0,0.0,0.0,0.0,0.0,0.0,0.0,0.0,0.0,0.0,0.0,0.0,0.0,0.0,0.0,0.0,0.0,0.39323119733970513,0.0,0.0,0.0,0.0,0.0,0.0,0.12321738125929951,0.10922271259503523,0.1301981299637579,0.0,0.0,0.0,0.1529788370642074,0.0,0.0,0.0,0.0,0.0,0.0,0.0,0.0,0.0,0.0,0.0,0.0,0.3054891669101109,0.0,0.0,0.0,0.0,0.18786513652465495,0.0,0.0,0.10033964532397589,0.20704833077446314,0.0,0.0,0.0,0.0,0.0,0.0,0.0,0.14562547240926635,0.3460068012561652,0.0,0.0,0.0,0.0,0.0
0195f03c60d26ccf7bf74d6c29926169ba3233f305b8c61d07e085b9aeb6c452,0.0,0.0,0.0,0.0,0.0,0.0,0.0,0.0,0.0,0.0,0.0,0.0,0.0,0.0,0.0,0.0,0.0,0.0,0.0,0.0,0.0,0.0,0.0,0.0,0.0,0.0,0.44462252110334094,0.0,0.0,0.0,0.0,0.0,0.0,0.0,0.3462784239098283,0.0,0.0,0.0,0.0,0.0,0.0,0.0,0.0,0.0,0.4107658667323488,0.0,0.0,0.0,0.0,0.0,0.0,0.0,0.0,0.0,0.0,0.0,0.0,0.0,0.40803854332757733,0.0,0.0,0.0,0.0,0.0,0.0,0.0,0.0,0.0,0.0,0.0,0.0,0.0,0.0,0.0,0.0,0.0,0.0,0.3415966209411133,0.0,0.18398045300409846,0.0,0.0,0.0,0.0,0.0,0.0,0.0,0.0,0.0,0.0,0.0,0.0,0.0,0.0,0.0,0.0,0.0,0.0,0.0,0.0,0.0,0.0,0.0,0.0,0.0,0.0,0.0,0.0,0.0,0.0,0.0,0.0,0.0,0.0,0.0,0.0,0.0,0.0,0.0,0.23828294730032382,0.0,0.0,0.0,0.0,0.0,0.0,0.0,0.0,0.0,0.0,0.0,0.0,0.0,0.30322183890919546,0.0,0.0,0.0,0.0,0.0,0.0,0.0,0.0,0.0,0.0,0.0,0.21890342998085305,0.0,0.0,0.0,0.0,0.0,0.0,0.0,0.0,0.0,0.0,0.0,0.0,0.0,0.0,0.0
213f5c025503e250e892d59d04536da9395d36ba21cf20a0238fe5037064f4de,0.0,0.0,0.0,0.0,0.0,0.0,0.0,0.0,0.0,0.0,0.0,0.0,0.0,0.0,0.0,0.0,0.0,0.0,0.0,0.0,0.0,0.0,0.0,0.0,0.0,0.0,0.44756565905712875,0.0,0.0,0.0,0.0,0.0,0.0,0.0,0.0,0.0,0.0,0.0,0.0,0.0,0.0,0.0,0.0,0.0,0.41348489367120134,0.0,0.0,0.0,0.0,0.0,0.0,0.0,0.0,0.0,0.0,0.0,0.0,0.0,0.41073951699957123,0.0,0.0,0.0,0.0,0.0,0.0,0.0,0.0,0.0,0.0,0.0,0.0,0.0,0.0,0.0,0.0,0.0,0.0,0.3438577884084801,0.0,0.1851982947199156,0.0,0.0,0.0,0.0,0.0,0.0,0.0,0.0,0.0,0.0,0.0,0.0,0.0,0.0,0.0,0.0,0.0,0.0,0.0,0.0,0.0,0.0,0.0,0.0,0.0,0.0,0.0,0.0,0.0,0.0,0.0,0.0,0.0,0.0,0.0,0.0,0.0,0.0,0.0,0.23986023939115114,0.0,0.0,0.0,0.0,0.0,0.0,0.0,0.0,0.0,0.0,0.0,0.0,0.0,0.305228988030424,0.0,0.0,0.0,0.0,0.0,0.0,0.0,0.0,0.0,0.3289662867340103,0.0,0.22035244113618593,0.0,0.0,0.0,0.0,0.0,0.0,0.0,0.0,0.0,0.0,0.0,0.0,0.0,0.0,0.0
240e33c28d618ba23fc7489c03dcc40e3e3d2c84ef959db800321d1946d3dbcf,0.0,0.0,0.0,0.0,0.0,0.0,0.0,0.0,0.0,0.0,0.0,0.0,0.12968776522187567,0.0,0.0,0.0,0.0,0.2541291278471715,0.0,0.0,0.0,0.0,0.0,0.0,0.0,0.3423675053050747,0.0,0.0,0.0,0.0,0.0,0.0,0.0,0.0,0.0,0.0,0.0,0.0,0.0,0.0,0.0,0.0,0.0,0.0,0.0,0.0,0.0,0.0,0.0,0.3161505293651911,0.0,0.0,0.0,0.0,0.0,0.0,0.0,0.0,0.0,0.0,0.18840214906729408,0.34389916771547113,0.0,0.0,0.0,0.0,0.0,0.0,0.0,0.0,0.0,0.0,0.0,0.0,0.0,0.12329242235359124,0.0,0.0,0.0,0.0,0.0,0.0,0.0,0.0,0.0,0.0,0.0,0.0,0.2705139919104961,0.0,0.0,0.0,0.0,0.0,0.0,0.0,0.0,0.0,0.0,0.1585435399496394,0.0,0.0,0.0,0.0,0.0,0.0,0.0,0.0,0.0,0.0,0.0,0.0,0.0,0.0,0.26070541917088647,0.29673096785037967,0.16204507814487426,0.14987612622576213,0.16481655017771674,0.14609716995269548,0.17415405522260308,0.0,0.0,0.0,0.0,0.0,0.0,0.0,0.0,0.0,0.0,0.0,0.3323112917386421,0.0,0.0,0.0,0.0,0.0,0.0,0.0,0.0,0.0,0.0,0.20037103116248664,0.0,0.0,0.0,0.0,0.0,0.0,0.0,0.0,0.0,0.0,0.0,0.0,0.0,0.0,0.0,0.0,0.0
c0ccd75375402c9d18d9fd11207ddf17011449874a2bc3521c6e3b815402b578,0.0,0.0,0.0,0.0,0.0,0.0,0.0,0.0,0.0,0.0,0.18371406392378203,0.0,0.11966529841135963,0.0,0.0,0.0,0.0,0.0,0.0,0.0,0.0,0.17488350854242157,0.0,0.0,0.0,0.0,0.0,0.39653756155394854,0.0,0.0,0.0,0.0,0.0,0.0,0.1959040858229761,0.0,0.0,0.0,0.0,0.0,0.0,0.0,0.21987103538308903,0.0,0.0,0.0,0.0,0.24960826112652676,0.0,0.0,0.0,0.0,0.0,0.0,0.0,0.0,0.0,0.0,0.23084435035993892,0.0,0.0,0.0,0.0,0.0,0.0,0.0,0.0,0.0,0.0,0.0,0.0,0.0,0.0,0.0,0.0,0.1137641973208527,0.0,0.0,0.0,0.10408538322459987,0.0,0.0,0.0,0.0,0.0,0.0,0.0,0.0,0.0,0.0,0.0,0.0,0.0,0.0,0.0,0.0,0.0,0.0,0.0,0.14629105518788524,0.0,0.0,0.16069516621021926,0.4445140894418062,0.27295402711806765,0.0,0.19132223059802309,0.0,0.0,0.0,0.0,0.0,0.0,0.0,0.0,0.0,0.14952198921095738,0.0,0.15207927768980065,0.0,0.0,0.0,0.0,0.0,0.18881192575900896,0.0,0.21722927988857932,0.0,0.0,0.0,0.0,0.0,0.0,0.0,0.0,0.0,0.0,0.0,0.0,0.0,0.0,0.0,0.23186983827907828,0.0,0.0,0.0,0.0,0.0,0.0,0.0,0.0,0.0,0.0,0.0,0.0,0.0,0.0,0.0,0.0,0.0,0.0
245a20192e8a60b33f64b2b7d118c9d5db7cd4a91179df7689a37e8ce7d29d20,0.0,0.0,0.0,0.0,0.0,0.0,0.0,0.0,0.0,0.0,0.2399475505260184,0.0,0.1562939419198913,0.0,0.0,0.0,0.0,0.0,0.0,0.0,0.0,0.22841402887674034,0.0,0.0,0.0,0.0,0.32853635550981497,0.0,0.0,0.0,0.0,0.0,0.0,0.0,0.0,0.0,0.0,0.0,0.0,0.0,0.0,0.0,0.0,0.0,0.30351931001873445,0.0,0.0,0.0,0.0,0.0,0.0,0.0,0.0,0.0,0.0,0.0,0.0,0.0,0.30150406146704894,0.0,0.0,0.0,0.0,0.0,0.0,0.0,0.0,0.0,0.0,0.0,0.0,0.0,0.0,0.0,0.0,0.14858655838141058,0.0,0.2524094115160147,0.0,0.13594513243507653,0.0,0.0,0.0,0.0,0.0,0.0,0.0,0.0,0.0,0.0,0.0,0.0,0.0,0.0,0.0,0.0,0.0,0.0,0.0,0.19106964162941048,0.0,0.0,0.0,0.0,0.35650319204938324,0.0,0.0,0.0,0.0,0.0,0.0,0.0,0.0,0.0,0.0,0.0,0.0,0.0,0.0,0.17606982860859283,0.0,0.0,0.0,0.0,0.24660582934342162,0.0,0.28372152081628416,0.0,0.0,0.0,0.0,0.0,0.0,0.22405387297747192,0.0,0.0,0.0,0.0,0.0,0.0,0.0,0.0,0.0,0.2414782786437893,0.0,0.1617500951504704,0.0,0.0,0.0,0.0,0.0,0.0,0.0,0.0,0.0,0.0,0.0,0.0,0.0,0.0,0.0
b3e1e9d97d74c416c2a30dd11858789af5554cf2de62f577c13944a19623777d,0.0,0.0,0.0,0.0,0.0,0.0,0.0,0.0,0.0,0.0,0.12385368683860452,0.0,0.08067421774000667,0.0,0.0,0.0,0.0,0.0,0.0,0.0,0.0,0.1179004309067793,0.26491925057371224,0.0,0.0,0.0,0.0,0.0,0.0,0.0,0.0,0.0,0.0,0.0,0.0,0.0,0.0,0.0,0.0,0.0,0.0,0.0,0.14822947018642293,0.1395769067028062,0.0,0.0,0.0,0.0,0.0,0.0,0.0,0.3664938834972704,0.0,0.0,0.0,0.0,0.0,0.0,0.0,0.0,0.0,0.0,0.0,0.0,0.15597192115308334,0.3091463471601819,0.0,0.13184547203661237,0.0,0.0,0.0,0.0,0.0,0.0,0.0,0.07669589887395724,0.0,0.0,0.0,0.07017077616727267,0.0,0.0,0.0,0.0,0.0,0.23739586977595864,0.0,0.0,0.16827728234632716,0.0,0.0,0.0,0.0,0.0,0.0,0.0,0.0,0.0,0.0,0.0,0.0,0.0,0.0,0.0,0.0,0.0,0.0,0.0,0.0,0.0,0.0,0.0,0.0,0.0,0.0,0.0,0.10080256912123009,0.0,0.10252660483003694,0.09088193384933439,0.0,0.0,0.1770876895596065,0.0,0.1272904894970478,0.0,0.0,0.0,0.22331062463013196,0.0,0.0,0.0,0.0,0.115649849968855,0.0,0.0,0.3664938834972704,0.0,0.0,0.0,0.0,0.0,0.0,0.0,0.0,0.08349051943628219,0.17228058390041487,0.18692400354722025,0.0,0.0,0.35384390189914605,0.0,0.0,0.0,0.12117190862442109,0.0,0.0,0.0,0.0,0.0,0.0
337ba1bd5050c38f5e07f494d4dc0125276b0e0dea09667d86e7d763249c8f30,0.0,0.0,0.0,0.0,0.0,0.40690636006204867,0.0,0.0,0.0,0.0,0.0,0.0,0.1462507792587333,0.0,0.0,0.0,0.0,0.0,0.0,0.0,0.0,0.0,0.0,0.0,0.0,0.0,0.0,0.0,0.0,0.0,0.0,0.0,0.0,0.0,0.0,0.0,0.0,0.0,0.0,0.0,0.0,0.0,0.0,0.0,0.0,0.0,0.0,0.30506256353183947,0.0,0.0,0.0,0.0,0.0,0.0,0.0,0.0,0.0,0.0,0.0,0.0,0.0,0.0,0.0,0.0,0.2827547096227755,0.0,0.0,0.0,0.0,0.0,0.0,0.0,0.0,0.0,0.0,0.13903865808050817,0.0,0.0,0.0,0.0,0.0,0.0,0.0,0.0,0.0,0.0,0.0,0.0,0.0,0.0,0.0,0.0,0.0,0.0,0.0,0.0,0.0,0.6939660805999618,0.0,0.0,0.0,0.0,0.19639606129227896,0.0,0.0,0.0,0.0,0.0,0.0,0.0,0.0,0.0,0.0,0.0,0.0,0.0,0.18274059170643048,0.16901748761956936,0.0,0.0,0.19639606129227896,0.0,0.0,0.0,0.0,0.0,0.0,0.0,0.0,0.0,0.0,0.0,0.0,0.0,0.0,0.0,0.0,0.0,0.0,0.0,0.0,0.0,0.0,0.0,0.0,0.0,0.0,0.0,0.0,0.0,0.0,0.0,0.0,0.0,0.0,0.0,0.0,0.0,0.0,0.0,0.0
340a639e1ec7cb2afa90a2aba177b368e13efc4dd1313e32af30b6ceb259f7d3,0.0,0.0,0.0,0.0,0.0,0.0,0.0,0.0,0.0,0.0,0.0,0.0,0.23431847759802982,0.0,0.0,0.0,0.0,0.0,0.0,0.0,0.0,0.0,0.0,0.0,0.0,0.0,0.0,0.0,0.0,0.0,0.0,0.0,0.0,0.0,0.3836028301828556,0.0,0.0,0.0,0.0,0.0,0.0,0.0,0.0,0.0,0.0,0.0,0.0,0.0,0.0,0.0,0.0,0.0,0.6734401769158951,0.0,0.0,0.0,0.0,0.0,0.0,0.0,0.0,0.0,0.0,0.0,0.0,0.0,0.0,0.0,0.0,0.0,0.0,0.0,0.0,0.0,0.0,0.0,0.0,0.0,0.0,0.20381120392610436,0.0,0.0,0.0,0.0,0.0,0.0,0.0,0.0,0.0,0.0,0.0,0.0,0.0,0.0,0.0,0.0,0.0,0.0,0.0,0.0,0.0,0.0,0.0,0.0,0.0,0.0,0.0,0.0,0.0,0.0,0.0,0.0,0.0,0.0,0.0,0.0,0.2927813271221048,0.0,0.29778879337252656,0.2639668158837375,0.0,0.0,0.0,0.0,0.0,0.0,0.0,0.0,0.0,0.0,0.0,0.0,0.0,0.0,0.0,0.0,0.0,0.0,0.0,0.0,0.0,0.0,0.0,0.0,0.0,0.24249843328170018,0.0,0.0,0.0,0.0,0.0,0.0,0.0,0.0,0.0,0.0,0.0,0.0,0.0,0.0,0.0
358a5079b824548ef87fcf89d3e4b5284e780edc4de8a450f3e51878d1290eca,0.0,0.0,0.0,0.0,0.0,0.0,0.0,0.0,0.0,0.0,0.0,0.0,0.15344137902246774,0.0,0.0,0.0,0.0,0.0,0.0,0.0,0.0,0.0,0.0,0.0,0.0,0.0,0.32254014985609614,0.0,0.0,0.0,0.0,0.0,0.0,0.0,0.0,0.0,0.0,0.0,0.0,0.0,0.0,0.0,0.0,0.2654735756247462,0.297979697211126,0.0,0.0,0.0,0.0,0.0,0.0,0.0,0.4409963332570681,0.0,0.0,0.0,0.0,0.0,0.29600122950441127,0.0,0.0,0.0,0.0,0.0,0.0,0.0,0.0,0.0,0.0,0.0,0.0,0.0,0.0,0.0,0.0,0.14587466502017002,0.3106794722064981,0.2478026192539055,0.0,0.13346396114906217,0.0,0.0,0.0,0.0,0.0,0.0,0.0,0.0,0.0,0.0,0.0,0.0,0.0,0.0,0.0,0.0,0.0,0.0,0.0,0.187582378055142,0.0,0.0,0.0,0.0,0.0,0.0,0.0,0.0,0.0,0.0,0.0,0.0,0.0,0.0,0.0,0.0,0.19172525805972435,0.0,0.0,0.17285633066826941,0.0,0.0,0.0,0.0,0.2421049598251778,0.0,0.0,0.0,0.0,0.0,0.0,0.0,0.0,0.2199646052987082,0.0,0.0,0.0,0.0,0.0,0.0,0.0,0.0,0.0,0.0,0.0,0.15879795052852813,0.0,0.0,0.0,0.0,0.0,0.0,0.0,0.0,0.0,0.0,0.0,0.0,0.0,0.0,0.0
422ba689937e3748a4b6bd3c5af2dce0211e8a48eb25767e6d1d2192d27f1f58,0.0,0.0,0.0,0.0,0.0,0.0,0.0,0.0,0.0,0.0,0.24663410809375938,0.0,0.16064934558142271,0.0,0.0,0.0,0.0,0.0,0.0,0.0,0.0,0.2347791847202394,0.0,0.0,0.0,0.0,0.0,0.0,0.0,0.0,0.0,0.0,0.0,0.0,0.0,0.0,0.0,0.0,0.0,0.0,0.0,0.0,0.0,0.0,0.0,0.0,0.0,0.0,0.0,0.0,0.0,0.0,0.0,0.0,0.0,0.0,0.0,0.7622878816041003,0.0,0.0,0.0,0.0,0.0,0.0,0.0,0.0,0.0,0.0,0.0,0.0,0.0,0.0,0.0,0.0,0.0,0.15272718233957042,0.0,0.0,0.0,0.139733480980784,0.0,0.0,0.0,0.0,0.0,0.0,0.0,0.0,0.0,0.0,0.0,0.0,0.0,0.0,0.0,0.0,0.0,0.0,0.0,0.1963941308996777,0.0,0.0,0.0,0.0,0.0,0.0,0.0,0.0,0.0,0.0,0.0,0.0,0.0,0.0,0.0,0.0,0.2007316242525044,0.1856574639500844,0.20416475587915883,0.18097632189161544,0.215731491355384,0.0,0.0,0.0,0.0,0.0,0.0,0.0,0.0,0.0,0.0,0.0,0.0,0.0,0.0,0.0,0.0,0.0,0.0,0.0,0.0,0.0,0.0,0.0,0.0,0.0,0.0,0.0,0.0,0.0,0.0,0.0,0.0,0.0,0.0,0.0,0.0,0.0,0.0,0.0,0.0
b50fb20396458aec55216cc9f5212162b3459bc769a38e050d4d8c22649888ae,0.0,0.0,0.0,0.0,0.0,0.5530921111278535,0.0,0.0,0.0,0.0,0.0,0.0,0.19879303985804414,0.0,0.0,0.0,0.0,0.0,0.0,0.0,0.0,0.0,0.0,0.0,0.0,0.0,0.0,0.0,0.0,0.0,0.0,0.0,0.0,0.0,0.0,0.0,0.0,0.0,0.0,0.0,0.0,0.0,0.0,0.0,0.0,0.0,0.0,0.0,0.0,0.0,0.0,0.0,0.0,0.0,0.0,0.0,0.0,0.0,0.0,0.0,0.0,0.0,0.0,0.0,0.0,0.0,0.0,0.0,0.0,0.0,0.0,0.0,0.0,0.0,0.0,0.0,0.0,0.0,0.0,0.17291102776411474,0.0,0.0,0.0,0.0,0.0,0.0,0.0,0.0,0.0,0.0,0.0,0.0,0.0,0.0,0.0,0.0,0.0,0.0,0.0,0.0,0.0,0.0,0.0,0.0,0.0,0.0,0.0,0.0,0.6527996752095785,0.0,0.0,0.0,0.0,0.0,0.0,0.0,0.0,0.0,0.0,0.22394634127487198,0.0,0.0,0.0,0.0,0.0,0.0,0.0,0.0,0.0,0.0,0.0,0.0,0.0,0.0,0.0,0.0,0.0,0.0,0.0,0.0,0.0,0.0,0.38519195301246517,0.0,0.0,0.0,0.0,0.0,0.0,0.0,0.0,0.0,0.0,0.0,0.0,0.0,0.0,0.0,0.0,0.0,0.0
447c03cc63a420c07875132d35ef027adec98e7bd446cf4f7c9d45b6af40ea2b,0.0,0.0,0.0,0.0,0.0,0.0,0.0,0.0,0.0,0.0,0.0,0.0,0.13037976052501554,0.0,0.0,0.0,0.0,0.2554851244021311,0.0,0.0,0.0,0.0,0.0,0.0,0.0,0.0,0.0,0.0,0.0,0.0,0.0,0.0,0.0,0.0,0.0,0.0,0.0,0.0,0.0,0.0,0.0,0.0,0.23955761043682053,0.22557397122066974,0.0,0.0,0.0,0.27195741574863086,0.0,0.0,0.0,0.0,0.0,0.0,0.0,0.0,0.0,0.0,0.0,0.0,0.0,0.0,0.0,0.0,0.0,0.0,0.0,0.0,0.0,0.0,0.0,0.0,0.0,0.0,0.0,0.12395029302501083,0.26398560443327534,0.21055888810191822,0.0,0.11340486773640605,0.0,0.0,0.0,0.0,0.0,0.0,0.0,0.0,0.0,0.0,0.0,0.0,0.0,0.0,0.0,0.0,0.0,0.0,0.0,0.1593895055255025,0.0,0.0,0.1750833162676263,0.0,0.0,0.0,0.0,0.0,0.0,0.0,0.0,0.0,0.0,0.0,0.0,0.0,0.16290972742602536,0.0,0.0,0.14687672348449032,0.1750833162676263,0.0,0.0,0.0,0.2057175638346106,0.0,0.0,0.0,0.3608982718097049,0.0,0.0,0.0,0.0,0.0,0.0,0.0,0.0,0.0,0.0,0.0,0.0,0.0,0.25263074917406897,0.0,0.0,0.0,0.0,0.0,0.47120389340732316,0.0,0.0,0.0,0.0,0.0,0.0,0.0,0.0,0.0,0.0,0.0,0.0
472e77c5448a96067bd1c51ccfff58f9f2a6a0fb06f0294e868d5f7c83f59ca3,0.0,0.0,0.0,0.0,0.0,0.0,0.0,0.0,0.0,0.0,0.0,0.0,0.0,0.0,0.0,0.0,0.0,0.0,0.0,0.0,0.0,0.0,0.0,0.0,0.0,0.0,0.0,0.0,0.0,0.0,0.0,0.0,0.0,0.0,0.3999633651409544,0.0,0.0,0.0,0.0,0.0,0.0,0.0,0.4488949724525464,0.0,0.0,0.0,0.0,0.5096073400804942,0.0,0.0,0.0,0.0,0.0,0.0,0.0,0.0,0.0,0.0,0.0,0.0,0.0,0.0,0.0,0.0,0.0,0.0,0.0,0.0,0.0,0.0,0.0,0.0,0.0,0.0,0.0,0.23226422767988672,0.0,0.0,0.0,0.0,0.0,0.0,0.0,0.0,0.0,0.0,0.0,0.0,0.0,0.0,0.0,0.0,0.0,0.0,0.0,0.0,0.0,0.0,0.0,0.2986719877595597,0.0,0.0,0.0,0.0,0.0,0.0,0.0,0.0,0.0,0.0,0.0,0.0,0.0,0.0,0.0,0.0,0.3052683547469438,0.0,0.0,0.0,0.0,0.0,0.0,0.0,0.0,0.0,0.0,0.0,0.0,0.0,0.0,0.0,0.0,0.0,0.0,0.0,0.0,0.0,0.0,0.0,0.0,0.0,0.0,0.37746863849351486,0.0,0.0,0.0,0.0,0.0,0.0,0.0,0.0,0.0,0.0,0.0,0.0,0.0,0.0,0.0,0.0,0.0
00515fe91a6b40d5c5ae851cb18d31c675ff38901edd352b3e6379087d5f2b26,0.0,0.0,0.0,0.0,0.0,0.0,0.0,0.0,0.0,0.0,0.14446518042726791,0.0,0.09409986669856713,0.0,0.0,0.0,0.0,0.0,0.0,0.0,0.0,0.1375211950339097,0.0,0.0,0.0,0.0,0.0,0.0,0.0,0.0,0.0,0.0,0.0,0.0,0.0,0.0,0.0,0.0,0.0,0.0,0.0,0.0,0.0,0.1628050284573025,0.0,0.0,0.0,0.0,0.23106910014190282,0.0,0.0,0.0,0.2704465799148655,0.0,0.0,0.0,0.0,0.0,0.0,0.0,0.0,0.0,0.0,0.0,0.1819284698430514,0.0,0.0,0.15378694322687406,0.32106245490398105,0.4127299270272137,0.32445417802228127,0.29881352983023235,0.0,0.0,0.0,0.08945948361873218,0.0,0.0,0.0,0.0818484624760218,0.0,0.0,0.0,0.0,0.0,0.0,0.0,0.0,0.0,0.0,0.0,0.0,0.0,0.0,0.0,0.0,0.0,0.0,0.0,0.0,0.0,0.0,0.0,0.0,0.21463981544886207,0.0,0.0,0.0,0.0,0.0,0.0,0.0,0.0,0.0,0.0,0.0,0.11757793980414324,0.10874829614816196,0.11958888623693205,0.10600633139191136,0.12636406644392967,0.0,0.0,0.0,0.0,0.0,0.0,0.0,0.0,0.0,0.0,0.3816513582974837,0.0,0.0,0.0,0.0,0.0,0.0,0.0,0.0,0.0,0.0,0.0,0.0,0.0,0.0,0.0,0.0,0.0,0.0,0.0,0.0,0.0,0.0,0.0,0.0,0.0,0.0,0.0,0.0,0.0
d0f8a2be536ca434da7734bd318d2a88ea5005f47d518c30ff611185f42c3701,0.0,0.0,0.0,0.0,0.0,0.0,0.0,0.0,0.0,0.0,0.15892989303053143,0.0,0.1035217047066915,0.0,0.0,0.0,0.0,0.0,0.0,0.0,0.0,0.1512906345427215,0.0,0.0,0.0,0.0,0.0,0.0,0.0,0.0,0.0,0.0,0.0,0.0,0.0,0.0,0.0,0.0,0.0,0.0,0.0,0.2992370214186229,0.0,0.0,0.0,0.0,0.0,0.21593455282135582,0.2542051119833864,0.252363372040641,0.0,0.0,0.0,0.0,0.0,0.0,0.0,0.0,0.19970201042762023,0.0,0.0,0.0,0.0,0.0,0.0,0.0,0.0,0.1691850061326347,0.0,0.0,0.0,0.0,0.0,0.0,0.0,0.09841669888925057,0.0,0.0,0.0,0.09004361706782812,0.0,0.0,0.0,0.0,0.0,0.0,0.0,0.0,0.0,0.0,0.0,0.0,0.0,0.0,0.0,0.0,0.0,0.0,0.0,0.1265554811414981,0.0,0.0,0.13901638791741694,0.0,0.0,0.0,0.16551167065751393,0.0,0.0,0.0,0.0,0.0,0.0,0.0,0.0,0.0,0.0,0.11963682198688262,0.0,0.11662031542027926,0.13901638791741694,0.0,0.0,0.0,0.16334002156861208,0.0,0.0,0.0,0.0,0.0,0.0,0.0,0.26526350697162066,0.0,0.0,0.0,0.0,0.326179804145927,0.0,0.0,0.0,0.0,0.0,0.0,0.0,0.1071356021913424,0.0,0.0,0.0,0.0,0.0,0.0,0.0,0.0,0.1554886169927241,0.0,0.0,0.0,0.0,0.49121483000945704,0.0
546a439160f37f428820c787aa818b08ec334c8b27b631909a6eb729947ae102,0.0,0.0,0.0,0.0,0.0,0.0,0.0,0.0,0.0,0.0,0.23549884191366374,0.0,0.15339619945928434,0.0,0.0,0.0,0.0,0.0,0.0,0.0,0.0,0.22417915565040833,0.0,0.0,0.0,0.0,0.32244518053835114,0.0,0.0,0.0,0.0,0.0,0.0,0.0,0.0,0.0,0.0,0.0,0.0,0.0,0.0,0.0,0.0,0.0,0.297891959518443,0.0,0.0,0.0,0.0,0.0,0.0,0.0,0.0,0.0,0.0,0.0,0.0,0.0,0.2959140743554159,0.0,0.0,0.0,0.0,0.0,0.0,0.0,0.0,0.0,0.0,0.0,0.0,0.0,0.0,0.0,0.0,0.14583171341423995,0.0,0.2477296557927784,0.0,0.13342466377371365,0.0,0.0,0.0,0.0,0.0,0.0,0.0,0.0,0.0,0.0,0.0,0.0,0.0,0.0,0.0,0.0,0.0,0.0,0.0,0.1875271459531143,0.0,0.0,0.0,0.0,0.34989350248462125,0.0,0.0,0.0,0.0,0.0,0.0,0.0,0.0,0.0,0.0,0.0,0.19166880612045248,0.0,0.0,0.17280543453084657,0.0,0.0,0.0,0.0,0.24203367399342154,0.0,0.27846122801313294,0.0,0.0,0.0,0.0,0.0,0.0,0.21989983851385186,0.0,0.0,0.0,0.0,0.0,0.0,0.0,0.0,0.0,0.23700118981523416,0.0,0.15875119376653207,0.0,0.0,0.0,0.0,0.0,0.0,0.0,0.0,0.0,0.0,0.0,0.0,0.0,0.0,0.0
579b0544fb3ab18f7384df17157a80fcefe4e7d0d75550175ee5ebc5045cac39,0.0,0.0,0.0,0.0,0.0,0.0,0.0,0.0,0.0,0.0,0.27506283783603525,0.0,0.1791668850414213,0.0,0.0,0.0,0.0,0.0,0.0,0.0,0.0,0.26184143512473823,0.0,0.0,0.0,0.0,0.37661623167534397,0.0,0.0,0.0,0.0,0.0,0.0,0.0,0.0,0.0,0.0,0.0,0.0,0.0,0.0,0.0,0.0,0.0,0.34793804966446473,0.0,0.0,0.0,0.0,0.0,0.0,0.0,0.0,0.0,0.0,0.0,0.0,0.0,0.34562787819425644,0.0,0.0,0.0,0.0,0.0,0.0,0.0,0.0,0.0,0.0,0.0,0.0,0.0,0.0,0.0,0.0,0.1703315592223508,0.0,0.0,0.0,0.15584011520689844,0.0,0.0,0.0,0.0,0.0,0.0,0.0,0.0,0.0,0.0,0.0,0.0,0.0,0.0,0.0,0.0,0.0,0.0,0.0,0.0,0.0,0.0,0.0,0.0,0.40867589390988734,0.0,0.0,0.0,0.0,0.0,0.0,0.0,0.0,0.0,0.0,0.0,0.0,0.0,0.0,0.2018368873039711,0.0,0.0,0.0,0.0,0.28269552699082573,0.0,0.0,0.0,0.0,0.0,0.0,0.0,0.0,0.2568431892479575,0.0,0.0,0.0,0.0,0.0,0.0,0.0,0.0,0.0,0.0,0.0,0.1854215227236201,0.0,0.0,0.0,0.0,0.0,0.0,0.0,0.0,0.0,0.0,0.0,0.0,0.0,0.0,0.0
a01ed94d2c62ec929ec3cfc029fb61e4025be2f556ae559589304d5c7208d15f,0.0,0.2278811127926049,0.0,0.0,0.0,0.0,0.0,0.0,0.0,0.0,0.0,0.28611363513591825,0.10642452713657165,0.0,0.0,0.0,0.0,0.0,0.0,0.0,0.0,0.0,0.34947851694756243,0.0,0.37980108691401837,0.0,0.0,0.0,0.0,0.0,0.0,0.0,0.0,0.0,0.0,0.0,0.0,0.0,0.0,0.0,0.0,0.0,0.0,0.0,0.20667403130774378,0.0,0.0,0.22198951168328668,0.0,0.0,0.0,0.0,0.0,0.0,0.0,0.0,0.3279643111735675,0.0,0.0,0.0,0.0,0.0,0.0,0.0,0.0,0.0,0.0,0.0,0.0,0.0,0.0,0.0,0.0,0.0,0.0,0.10117637331520708,0.0,0.0,0.0,0.09256850430797357,0.0,0.0,0.0,0.0,0.0,0.0,0.0,0.0,0.0,0.0,0.0,0.0,0.0,0.0,0.0,0.0,0.0,0.0,0.0,0.13010418708990457,0.0,0.0,0.1429145065787252,0.0,0.0,0.0,0.1701527359428358,0.0,0.0,0.0,0.0,0.0,0.0,0.0,0.0,0.0,0.1329776235011263,0.12299152379832462,0.0,0.11989043223627294,0.1429145065787252,0.0,0.0,0.0,0.0,0.0,0.19319321222839503,0.0,0.0,0.0,0.0,0.0,0.0,0.0,0.0,0.0,0.0,0.0,0.0,0.0,0.0,0.0,0.20621381656740792,0.0,0.0,0.11013976088406187,0.0,0.0,0.0,0.0,0.0,0.0,0.0,0.0,0.0,0.37980108691401837,0.0,0.0,0.0,0.0,0.0
594e042df2d0e8b8cbe05a7d2126fbc40423f30dfbef755ab2f79d248708ae76,0.0,0.0,0.0,0.0,0.0,0.0,0.0,0.0,0.0,0.0,0.0,0.0,0.0,0.0,0.0,0.0,0.0,0.0,0.0,0.48224489362179546,0.418765465391524,0.0,0.0,0.0,0.0,0.0,0.0,0.0,0.0,0.0,0.0,0.0,0.0,0.0,0.0,0.0,0.0,0.0,0.0,0.0,0.0,0.0,0.27220688751705674,0.0,0.0,0.0,0.0,0.30902245828521013,0.0,0.0,0.0,0.0,0.0,0.0,0.0,0.0,0.0,0.0,0.0,0.0,0.0,0.0,0.0,0.0,0.0,0.0,0.0,0.0,0.0,0.0,0.0,0.0,0.0,0.0,0.0,0.14084346312205248,0.0,0.0,0.0,0.1288608031259017,0.0,0.0,0.0,0.0,0.0,0.0,0.0,0.0,0.0,0.0,0.0,0.0,0.0,0.0,0.0,0.0,0.0,0.0,0.0,0.181112681508494,0.0,0.0,0.19894539977449094,0.0,0.0,0.0,0.0,0.0,0.0,0.0,0.0,0.0,0.0,0.0,0.0,0.0,0.0,0.0,0.0,0.0,0.19894539977449094,0.0,0.0,0.0,0.0,0.0,0.0,0.0,0.4100850526120667,0.0,0.0,0.0,0.0,0.0,0.0,0.0,0.0,0.0,0.0,0.0,0.0,0.0,0.2870617627149524,0.0,0.0,0.1533210258685412,0.0,0.0,0.0,0.0,0.0,0.0,0.0,0.0,0.0,0.0,0.0,0.0,0.0,0.0,0.0
612a1156a16e174cb3f2d69f6ebee02301bb4810ef68a5e07001b3e18f201c26,0.0,0.0,0.0,0.0,0.0,0.0,0.0,0.0,0.0,0.0,0.22209129265148478,0.0,0.14466296287871813,0.0,0.0,0.0,0.0,0.0,0.0,0.0,0.0,0.21141606497653379,0.0,0.0,0.0,0.0,0.0,0.0,0.0,0.0,0.0,0.0,0.0,0.0,0.23682776771071107,0.0,0.0,0.0,0.0,0.0,0.0,0.0,0.0,0.0,0.0,0.0,0.0,0.0,0.0,0.0,0.0,0.0,0.0,0.0,0.0,0.0,0.0,0.0,0.0,0.0,0.0,0.0,0.0,0.0,0.0,0.0,0.0,0.0,0.0,0.0,0.0,0.0,0.0,0.0,0.0,0.13752914230305716,0.0,0.0,0.0,0.12582845761915615,0.0,0.0,0.0,0.0,0.0,0.0,0.0,0.0,0.0,0.0,0.0,0.0,0.0,0.0,0.0,0.0,0.0,0.0,0.0,0.1768507476025697,0.0,0.0,0.19426382729892244,0.0,0.3299731736500585,0.0,0.0,0.0,0.0,0.0,0.0,0.0,0.0,0.0,0.0,0.0,0.18075661250115174,0.0,0.18384810964523904,0.16296718073130573,0.0,0.0,0.0,0.0,0.22825408008627765,0.0,0.0,0.0,0.0,0.0,0.0,0.0,0.0,0.0,0.0,0.0,0.0,0.0,0.0,0.0,0.0,0.0,0.0,0.0,0.0,0.0,0.0,0.0,0.0,0.0,0.0,0.0,0.6864318252918091,0.0,0.0,0.0,0.0,0.0,0.0,0.0,0.0
708e198608b5b463224c3fb77fcf708b845d0c7b5dbc6e9cab9e185c489be089,0.3701492819017905,0.0,0.0,0.0,0.0,0.0,0.0,0.0,0.0,0.0,0.15297969277428272,0.0,0.09964593997717819,0.0,0.0,0.0,0.0,0.0,0.0,0.0,0.0,0.1456264416381734,0.0,0.0,0.0,0.0,0.0,0.0,0.0,0.0,0.0,0.0,0.0,0.0,0.0,0.0,0.0,0.0,0.0,0.0,0.0,0.0,0.0,0.17240045775629328,0.0,0.0,0.0,0.0,0.24468788842260106,0.0,0.0,0.0,0.28638620451563473,0.0,0.0,0.0,0.0,0.0,0.0,0.0,0.0,0.0,0.0,0.0,0.0,0.0,0.0,0.0,0.3399852861935535,0.0,0.0,0.3164250503479776,0.0,0.0,0.0,0.0947320612431567,0.20175749355783015,0.16092481103644532,0.0,0.08667246049599539,0.0,0.0,0.0,0.0,0.0,0.0,0.0,0.0,0.0,0.0,0.0,0.0,0.0,0.0,0.0,0.0,0.0,0.0,0.0,0.0,0.0,0.0,0.0,0.0,0.22729029187089797,0.0,0.0,0.0,0.0,0.0,0.0,0.0,0.0,0.0,0.0,0.0,0.1245077675815914,0.1151577209488773,0.12663723550295292,0.11225414982697426,0.13381173238511831,0.0,0.0,0.0,0.15722470984430031,0.0,0.0,0.0,0.0,0.0,0.0,0.0,0.0,0.14284660367585283,0.0,0.0,0.0,0.0,0.0,0.0,0.0,0.0,0.0,0.0,0.0,0.0,0.21279488296867285,0.0,0.0,0.0,0.0,0.0,0.0,0.0,0.0,0.0,0.34736277035877566,0.0,0.0,0.0,0.0
840ebbcc1ed66f3b4095e6128181d4ed680b44d3cc467bd5192b09fcf27adcdf,0.0,0.0,0.0,0.0,0.0,0.0,0.0,0.0,0.0,0.0,0.0,0.0,0.0,0.0,0.0,0.0,0.0,0.0,0.0,0.0,0.0,0.0,0.0,0.0,0.0,0.0,0.0,0.0,0.0,0.0,0.0,0.0,0.0,0.0,0.7731636414738425,0.0,0.0,0.0,0.0,0.0,0.0,0.0,0.0,0.0,0.0,0.0,0.0,0.0,0.0,0.0,0.0,0.0,0.0,0.0,0.0,0.0,0.0,0.0,0.0,0.0,0.0,0.0,0.0,0.0,0.0,0.0,0.0,0.0,0.0,0.0,0.0,0.0,0.0,0.0,0.0,0.0,0.0,0.0,0.0,0.0,0.0,0.0,0.0,0.0,0.0,0.0,0.0,0.0,0.0,0.0,0.0,0.0,0.0,0.0,0.0,0.0,0.0,0.0,0.0,0.0,0.0,0.0,0.6342065779404275,0.0,0.0,0.0,0.0,0.0,0.0,0.0,0.0,0.0,0.0,0.0,0.0,0.0,0.0,0.0,0.0,0.0,0.0,0.0,0.0,0.0,0.0,0.0,0.0,0.0,0.0,0.0,0.0,0.0,0.0,0.0,0.0,0.0,0.0,0.0,0.0,0.0,0.0,0.0,0.0,0.0,0.0,0.0,0.0,0.0,0.0,0.0,0.0,0.0,0.0,0.0,0.0,0.0,0.0,0.0,0.0,0.0,0.0
0b58a2bed7d9d44e29ad6988250456c49863a23adeb9b5ab59763352187104b3,0.0,0.0,0.0,0.0,0.0,0.0,0.0,0.0,0.0,0.0,0.22137632773460686,0.0,0.14419725824890087,0.0,0.0,0.0,0.0,0.0,0.0,0.0,0.0,0.21073546616728733,0.0,0.0,0.0,0.0,0.3031086241582103,0.0,0.0,0.0,0.0,0.0,0.0,0.0,0.0,0.0,0.0,0.0,0.0,0.0,0.0,0.0,0.26494565167589823,0.0,0.2800278231688104,0.0,0.0,0.0,0.0,0.0,0.0,0.0,0.0,0.0,0.0,0.0,0.0,0.0,0.27816854882795305,0.0,0.0,0.0,0.0,0.0,0.0,0.0,0.0,0.0,0.0,0.0,0.0,0.0,0.0,0.0,0.0,0.1370864031455644,0.0,0.23287367795408903,0.0,0.125423385760334,0.0,0.0,0.0,0.0,0.0,0.0,0.0,0.0,0.0,0.0,0.0,0.0,0.0,0.0,0.0,0.0,0.0,0.0,0.0,0.0,0.0,0.0,0.0,0.0,0.32891091119098553,0.0,0.0,0.0,0.0,0.0,0.0,0.0,0.0,0.0,0.0,0.0,0.0,0.0,0.0,0.16244255045231398,0.0,0.0,0.0,0.0,0.22751927568468402,0.0,0.2617623236407081,0.0,0.39914585739510683,0.0,0.0,0.0,0.0,0.2067127732945557,0.0,0.0,0.0,0.0,0.0,0.0,0.0,0.0,0.0,0.0,0.0,0.1492311215373362,0.0,0.0,0.0,0.0,0.0,0.0,0.0,0.0,0.0,0.0,0.0,0.0,0.0,0.0,0.0
860bda507891cdc32d478e52513a19e20f50bb104275c46fd1ce797d83acf908,0.0,0.0,0.0,0.0,0.0,0.0,0.0,0.0,0.0,0.0,0.24309038899746502,0.0,0.15834108352414208,0.0,0.0,0.0,0.0,0.0,0.0,0.0,0.0,0.23140580101943656,0.0,0.0,0.0,0.0,0.0,0.0,0.0,0.0,0.0,0.0,0.0,0.0,0.0,0.0,0.0,0.0,0.0,0.0,0.0,0.0,0.0,0.2739507027325109,0.0,0.0,0.0,0.0,0.38881810324577765,0.38600107952181306,0.0,0.0,0.0,0.0,0.0,0.0,0.0,0.0,0.0,0.0,0.0,0.0,0.0,0.0,0.0,0.0,0.0,0.0,0.0,0.0,0.0,0.0,0.0,0.0,0.0,0.15053274850086465,0.32060011824243534,0.25571547572600006,0.0,0.13772574487011172,0.0,0.0,0.0,0.0,0.0,0.0,0.0,0.0,0.0,0.0,0.0,0.0,0.0,0.0,0.0,0.0,0.0,0.0,0.0,0.19357227613900224,0.0,0.0,0.0,0.0,0.0,0.0,0.0,0.0,0.0,0.0,0.0,0.0,0.0,0.0,0.0,0.0,0.1978474469763291,0.0,0.0,0.0,0.0,0.0,0.0,0.0,0.24983587810217925,0.0,0.0,0.0,0.0,0.0,0.0,0.0,0.0,0.2269885356990814,0.0,0.0,0.0,0.0,0.0,0.0,0.0,0.0,0.0,0.24464116662692004,0.0,0.1638687015737684,0.0,0.0,0.0,0.0,0.0,0.0,0.0,0.0,0.0,0.0,0.0,0.0,0.0,0.0,0.0
890fd59af3370e2ce12e0d11916d1ad4ee9b9c267c434347dbed11e9572e8645,0.0,0.0,0.0,0.0,0.0,0.0,0.0,0.0,0.0,0.0,0.23116336733565945,0.0,0.15057221392409426,0.0,0.0,0.0,0.0,0.0,0.0,0.0,0.0,0.22005207365568188,0.0,0.0,0.0,0.0,0.3165090456866285,0.0,0.0,0.0,0.0,0.0,0.0,0.0,0.24650180387082968,0.0,0.0,0.0,0.0,0.0,0.0,0.0,0.0,0.0,0.29240784330373326,0.0,0.0,0.0,0.0,0.0,0.0,0.0,0.0,0.0,0.0,0.0,0.0,0.0,0.29046637051018037,0.0,0.0,0.0,0.0,0.0,0.0,0.0,0.0,0.0,0.0,0.0,0.0,0.0,0.0,0.0,0.0,0.14314698816872884,0.0,0.2431690150007481,0.0,0.13096834919836733,0.0,0.0,0.0,0.0,0.0,0.0,0.0,0.0,0.0,0.0,0.0,0.0,0.0,0.0,0.0,0.0,0.0,0.0,0.0,0.18407481825859642,0.0,0.0,0.0,0.0,0.34345205091439623,0.0,0.0,0.0,0.0,0.0,0.0,0.0,0.0,0.0,0.0,0.0,0.18814023150165968,0.0,0.0,0.16962412984899963,0.0,0.0,0.0,0.0,0.2375778947968336,0.0,0.27333482668903053,0.0,0.0,0.0,0.0,0.0,0.0,0.21585153767365678,0.0,0.0,0.0,0.0,0.0,0.0,0.0,0.0,0.0,0.23263805738939652,0.0,0.0,0.0,0.0,0.0,0.0,0.0,0.0,0.0,0.0,0.0,0.0,0.0,0.0,0.0,0.0,0.0
d9b6982e6ebb44f281207474f885164df5748889ee12d2f21ceaf13ce1315f52,0.0,0.3834549867178836,0.0,0.0,0.0,0.0,0.0,0.0,0.0,0.0,0.0,0.0,0.17908028945229654,0.0,0.0,0.0,0.0,0.3509160458989436,0.0,0.0,0.0,0.0,0.0,0.0,0.0,0.0,0.0,0.0,0.0,0.0,0.0,0.0,0.0,0.0,0.2931723804629377,0.0,0.0,0.0,0.0,0.0,0.0,0.0,0.0,0.0,0.0,0.0,0.0,0.0,0.0,0.0,0.0,0.0,0.0,0.0,0.0,0.0,0.0,0.0,0.0,0.0,0.0,0.0,0.0,0.0,0.0,0.0,0.0,0.0,0.0,0.0,0.0,0.0,0.0,0.0,0.0,0.17024923395496677,0.0,0.0,0.0,0.15576479399682944,0.0,0.0,0.0,0.0,0.0,0.0,0.0,0.0,0.0,0.0,0.0,0.0,0.0,0.0,0.0,0.0,0.0,0.0,0.0,0.2189259948800784,0.0,0.0,0.2404818879035961,0.0,0.0,0.0,0.0,0.0,0.0,0.0,0.0,0.0,0.0,0.0,0.0,0.0,0.22376111924557374,0.20695753389365273,0.0,0.0,0.2404818879035961,0.0,0.0,0.0,0.0,0.0,0.0,0.0,0.0,0.0,0.0,0.0,0.0,0.0,0.0,0.0,0.0,0.0,0.0,0.0,0.0,0.0,0.0,0.276683788922138,0.0,0.0,0.0,0.0,0.0,0.0,0.0,0.0,0.0,0.0,0.0,0.0,0.0,0.47487565532127946,0.0,0.0,0.0
892ec6b7d5d18610afae6178542d991ee4b6b47adc7b61a02f78cc270f0cb84a,0.36937491744353335,0.0,0.0,0.0,0.0,0.0,0.0,0.0,0.0,0.0,0.15265965423115535,0.0,0.09943747739707673,0.0,0.0,0.0,0.0,0.19485230054669347,0.0,0.0,0.0,0.1453217863379992,0.0,0.0,0.0,0.0,0.0,0.0,0.0,0.0,0.0,0.0,0.0,0.0,0.0,0.0,0.0,0.0,0.0,0.0,0.0,0.0,0.0,0.1720397903347929,0.0,0.0,0.0,0.20741531716714015,0.24417599332128698,0.0,0.0,0.0,0.0,0.0,0.0,0.0,0.0,0.0,0.0,0.0,0.0,0.0,0.0,0.0,0.0,0.0,0.0,0.0,0.0,0.0,0.3428581370558836,0.0,0.0,0.0,0.0,0.09453387865880253,0.20133541025296595,0.16058815104489244,0.0,0.08649113886118644,0.0,0.0,0.0,0.0,0.0,0.0,0.0,0.0,0.0,0.0,0.0,0.0,0.0,0.0,0.0,0.0,0.0,0.0,0.0,0.12156250547785319,0.0,0.0,0.0,0.0,0.22681479311313352,0.0,0.0,0.0,0.0,0.0,0.0,0.0,0.0,0.0,0.0,0.0,0.12424729324135561,0.11491680721337434,0.0,0.0,0.13353179384485028,0.0,0.0,0.0,0.15689579058600087,0.0,0.0,0.0,0.0,0.0,0.0,0.0,0.0,0.14254776388802184,0.0,0.0,0.0,0.0,0.0,0.0,0.0,0.0,0.0,0.15363353550091005,0.0,0.10290879629067004,0.2123497090825497,0.0,0.0,0.0,0.0,0.2857870751671388,0.0,0.0,0.0,0.0,0.3466360760312721,0.0,0.0,0.0,0.0
917e115cc403e29b4388e0d175cbfac3e7e40ca1742299fbdb353847db2de7c2,0.0,0.0,0.0,0.0,0.0,0.0,0.0,0.0,0.0,0.0,0.0,0.0,0.0,0.0,0.0,0.0,0.0,0.0,0.0,0.0,0.0,0.0,0.0,0.0,0.0,0.0,0.4210821303948267,0.0,0.0,0.0,0.0,0.0,0.0,0.0,0.0,0.0,0.0,0.0,0.0,0.0,0.0,0.0,0.0,0.0,0.3890180052686387,0.0,0.0,0.0,0.0,0.0,0.0,0.0,0.0,0.0,0.0,0.0,0.0,0.0,0.38643507908958014,0.0,0.0,0.0,0.0,0.0,0.0,0.0,0.0,0.0,0.0,0.0,0.0,0.0,0.0,0.0,0.0,0.0,0.0,0.323510902067253,0.0,0.17423966943852803,0.0,0.0,0.0,0.0,0.0,0.0,0.0,0.0,0.0,0.0,0.0,0.0,0.0,0.0,0.0,0.0,0.0,0.0,0.0,0.24489226352510818,0.0,0.0,0.0,0.0,0.0,0.0,0.0,0.0,0.0,0.0,0.0,0.0,0.0,0.0,0.0,0.0,0.0,0.0,0.0,0.22566713633171526,0.0,0.0,0.0,0.0,0.0,0.0,0.0,0.0,0.0,0.0,0.0,0.0,0.0,0.2871678600383915,0.0,0.0,0.0,0.0,0.0,0.0,0.0,0.0,0.38815175313648725,0.0,0.0,0.20731366107666957,0.0,0.0,0.0,0.0,0.0,0.0,0.0,0.0,0.0,0.0,0.0,0.0,0.0,0.0,0.0
973e8ee15e00b702b03fa42e45cce60344dbe7dbc7d3213a81a53623c303ff5c,0.0,0.0,0.0,0.0,0.0,0.0,0.0,0.0,0.0,0.0,0.0,0.0,0.17608147956940506,0.0,0.0,0.0,0.0,0.0,0.0,0.0,0.0,0.0,0.0,0.0,0.0,0.0,0.0,0.0,0.0,0.0,0.0,0.0,0.0,0.0,0.2882630281572655,0.0,0.0,0.0,0.0,0.0,0.0,0.0,0.0,0.0,0.0,0.0,0.0,0.0,0.0,0.0,0.0,0.0,0.0,0.0,0.0,0.0,0.0,0.0,0.0,0.0,0.0,0.0,0.0,0.0,0.0,0.0,0.0,0.0,0.0,0.0,0.0,0.0,0.6138147782650157,0.0,0.0,0.16739830554235183,0.35651987414654196,0.28436561322231446,0.0,0.153156416463641,0.0,0.0,0.0,0.0,0.0,0.0,0.0,0.0,0.0,0.0,0.0,0.0,0.0,0.0,0.0,0.0,0.0,0.0,0.0,0.0,0.0,0.0,0.0,0.0,0.0,0.0,0.0,0.0,0.0,0.0,0.0,0.0,0.0,0.0,0.0,0.0,0.22001410131382515,0.0,0.22377702293787524,0.0,0.0,0.0,0.0,0.0,0.2778272706403826,0.0,0.0,0.0,0.0,0.0,0.0,0.0,0.0,0.0,0.0,0.0,0.0,0.0,0.0,0.0,0.0,0.0,0.0,0.2720505482500729,0.0,0.0,0.0,0.0,0.0,0.0,0.0,0.0,0.0,0.0,0.0,0.0,0.0,0.0,0.0,0.0,0.0
987bb2748cb98b169046adc19157f2225896231e547d55298efaea4cc19331ab,0.29311102238876213,0.0,0.0,0.0,0.0,0.0,0.0,0.0,0.0,0.0,0.12114040563149299,0.0,0.07890687560849931,0.0,0.0,0.0,0.0,0.0,0.0,0.0,0.0,0.11531756856610002,0.0,0.0,0.0,0.0,0.0,0.0,0.0,0.0,0.0,0.0,0.0,0.0,0.0,0.0,0.0,0.0,0.0,0.0,0.0,0.0,0.0,0.13651917457088356,0.0,0.0,0.0,0.0,0.1937616001122628,0.19235777909736382,0.0,0.0,0.0,0.0,0.0,0.0,0.0,0.0,0.0,0.0,0.0,0.0,0.0,0.0,0.0,0.0,0.2975492279076305,0.0,0.2692249849069512,0.3460921907165386,0.0,0.2505682829921562,0.0,0.0,0.0,0.07501571036775305,0.15976620272633746,0.12743192597392605,0.0,0.06863353449830892,0.0,0.0,0.0,0.0,0.0,0.0,0.0,0.0,0.0,0.0,0.0,0.0,0.0,0.0,0.0,0.0,0.0,0.0,0.0,0.0964638056946572,0.0,0.0,0.0,0.0,0.0,0.0,0.0,0.0,0.0,0.0,0.0,0.0,0.0,0.0,0.0,0.0,0.09859427219114673,0.09119022776394566,0.0,0.0,0.1059618256869128,0.0,0.0,0.0,0.12450191774103353,0.3968986501841299,0.0,0.0,0.21841852543935988,0.0,0.0,0.0,0.0,0.11311629144076155,0.0,0.0,0.0,0.0,0.0,0.0,0.0,0.0,0.0,0.12191321212479447,0.0,0.0,0.16850640742994505,0.0,0.0,0.0,0.0,0.0,0.0,0.0,0.0,0.0,0.27506701144071855,0.0,0.0,0.0,0.0
1273d769ad266f4fc8772da8dc6402a318f05f8c3a84abe3e5542e83dce1497c,0.0,0.0,0.0,0.0,0.0,0.0,0.0,0.0,0.0,0.0,0.0,0.0,0.0,0.0,0.0,0.0,0.0,0.0,0.0,0.48224489362179546,0.418765465391524,0.0,0.0,0.0,0.0,0.0,0.0,0.0,0.0,0.0,0.0,0.0,0.0,0.0,0.0,0.0,0.0,0.0,0.0,0.0,0.0,0.0,0.27220688751705674,0.0,0.0,0.0,0.0,0.30902245828521013,0.0,0.0,0.0,0.0,0.0,0.0,0.0,0.0,0.0,0.0,0.0,0.0,0.0,0.0,0.0,0.0,0.0,0.0,0.0,0.0,0.0,0.0,0.0,0.0,0.0,0.0,0.0,0.14084346312205248,0.0,0.0,0.0,0.1288608031259017,0.0,0.0,0.0,0.0,0.0,0.0,0.0,0.0,0.0,0.0,0.0,0.0,0.0,0.0,0.0,0.0,0.0,0.0,0.0,0.181112681508494,0.0,0.0,0.19894539977449094,0.0,0.0,0.0,0.0,0.0,0.0,0.0,0.0,0.0,0.0,0.0,0.0,0.0,0.0,0.0,0.0,0.0,0.19894539977449094,0.0,0.0,0.0,0.0,0.0,0.0,0.0,0.4100850526120667,0.0,0.0,0.0,0.0,0.0,0.0,0.0,0.0,0.0,0.0,0.0,0.0,0.0,0.2870617627149524,0.0,0.0,0.1533210258685412,0.0,0.0,0.0,0.0,0.0,0.0,0.0,0.0,0.0,0.0,0.0,0.0,0.0,0.0,0.0
0cb6db3b13d90d34c76a8978afe08abae24991fa0d11cecd642c7714f9b376a8,0.0,0.0,0.0,0.0,0.0,0.49018038292664945,0.0,0.0,0.0,0.0,0.0,0.0,0.0,0.0,0.0,0.0,0.0,0.0,0.0,0.5734927854102113,0.0,0.0,0.0,0.0,0.0,0.0,0.0,0.0,0.0,0.0,0.0,0.0,0.0,0.0,0.0,0.0,0.0,0.0,0.0,0.0,0.0,0.0,0.32371247097627226,0.0,0.0,0.0,0.0,0.0,0.0,0.0,0.0,0.0,0.0,0.0,0.0,0.0,0.0,0.0,0.0,0.0,0.0,0.0,0.0,0.0,0.0,0.0,0.0,0.0,0.0,0.0,0.0,0.0,0.0,0.0,0.0,0.1674931368708964,0.0,0.0,0.0,0.15324317974598917,0.0,0.0,0.0,0.0,0.0,0.0,0.0,0.0,0.0,0.0,0.0,0.0,0.0,0.0,0.0,0.0,0.0,0.0,0.0,0.0,0.0,0.0,0.2365888223395058,0.0,0.0,0.0,0.0,0.0,0.0,0.0,0.0,0.0,0.0,0.0,0.0,0.0,0.22013873954990842,0.20360718075290635,0.0,0.19847345697498717,0.2365888223395058,0.0,0.0,0.0,0.0,0.0,0.0,0.0,0.0,0.0,0.0,0.0,0.0,0.0,0.0,0.0,0.0,0.0,0.0,0.0,0.0,0.0,0.0,0.0,0.0,0.1823316396923,0.0,0.0,0.0,0.0,0.0,0.0,0.0,0.0,0.0,0.0,0.0,0.0,0.0,0.0,0.0
bb12e133c27f52db87c0f8096ed9b3c35fa0fe4d789c712b76edc3a1bb35e409,0.0,0.0,0.0,0.0,0.0,0.3963262064604627,0.0,0.0,0.0,0.0,0.0,0.0,0.14244804757207918,0.0,0.0,0.0,0.0,0.0,0.0,0.0,0.0,0.0,0.0,0.0,0.0,0.0,0.0,0.0,0.0,0.0,0.0,0.0,0.0,0.0,0.0,0.0,0.0,0.0,0.0,0.0,0.0,0.0,0.0,0.0,0.0,0.0,0.0,0.0,0.0,0.0,0.0,0.0,0.0,0.0,0.0,0.0,0.0,0.0,0.0,0.0,0.0,0.0,0.0,0.0,0.0,0.0,0.0,0.0,0.0,0.0,0.0,0.0,0.0,0.0,0.0,0.13542345197061628,0.0,0.0,0.0,0.12390191490742493,0.0,0.0,0.0,0.0,0.0,0.0,0.0,0.0,0.0,0.0,0.0,0.0,0.0,0.0,0.0,0.0,0.0,0.0,0.0,0.174143009422315,0.0,0.0,0.19128947978074406,0.0,0.0,0.0,0.0,0.0,0.0,0.0,0.0,0.0,0.0,0.41416857562173887,0.0,0.0,0.0,0.0,0.0,0.16047201198943375,0.0,0.0,0.0,0.0,0.0,0.0,0.25858696887417276,0.0,0.0,0.0,0.0,0.0,0.0,0.0,0.0,0.0,0.0,0.0,0.0,0.0,0.0,0.0,0.0,0.0,0.0,0.14742084667998348,0.0,0.0,0.0,0.0,0.6247891133355724,0.0,0.0,0.0,0.2139556141685588,0.0,0.0,0.0,0.0,0.0,0.0
2026f682ca7fd084053865abf7f6a09d28296d469631ee635139cfe941e984cc,0.0,0.0,0.0,0.0,0.0,0.0,0.0,0.0,0.0,0.0,0.2603324652958009,0.0,0.16957200488859347,0.0,0.0,0.0,0.0,0.0,0.0,0.0,0.0,0.24781910511389119,0.0,0.0,0.0,0.0,0.3564473951981169,0.0,0.0,0.0,0.0,0.0,0.0,0.0,0.0,0.0,0.0,0.0,0.0,0.0,0.0,0.0,0.0,0.0,0.32930500881895697,0.0,0.0,0.0,0.0,0.0,0.0,0.0,0.0,0.0,0.0,0.0,0.0,0.0,0.32711855339361945,0.0,0.0,0.0,0.0,0.0,0.3278429232681368,0.0,0.0,0.0,0.0,0.0,0.0,0.0,0.0,0.0,0.0,0.16120983510126158,0.0,0.0,0.0,0.14749444782496351,0.0,0.0,0.0,0.0,0.0,0.0,0.0,0.0,0.0,0.0,0.0,0.0,0.0,0.0,0.0,0.0,0.0,0.0,0.0,0.0,0.0,0.0,0.0,0.0,0.0,0.0,0.0,0.0,0.0,0.0,0.0,0.0,0.0,0.0,0.0,0.0,0.0,0.19596910445297297,0.0,0.19102796609258932,0.0,0.0,0.0,0.0,0.2675564029245096,0.0,0.0,0.0,0.0,0.0,0.0,0.0,0.0,0.24308852906990905,0.0,0.0,0.0,0.0,0.0,0.0,0.0,0.0,0.32857172356697845,0.0,0.0,0.1754916894964773,0.0,0.0,0.0,0.0,0.0,0.0,0.0,0.0,0.0,0.0,0.0,0.0,0.0,0.0,0.0
2277b1869ee1c07aaadc672a9f9ac2f7e732a6c49d83d7185e207b767e0c3ea8,0.0,0.0,0.0,0.0,0.0,0.0,0.0,0.0,0.0,0.0,0.25682228895752046,0.0,0.1672855914805754,0.0,0.0,0.0,0.0,0.0,0.0,0.0,0.0,0.2444776518765617,0.0,0.0,0.0,0.0,0.35164125927863227,0.0,0.0,0.0,0.0,0.0,0.0,0.0,0.0,0.0,0.0,0.0,0.0,0.0,0.0,0.0,0.0,0.0,0.3248648455503453,0.0,0.0,0.0,0.0,0.0,0.0,0.0,0.0,0.0,0.0,0.0,0.0,0.0,0.3227078710585133,0.0,0.0,0.0,0.0,0.0,0.0,0.0,0.0,0.0,0.0,0.0,0.0,0.0,0.0,0.0,0.0,0.15903617248093657,0.0,0.27016055249513565,0.0,0.14550571576192767,0.0,0.0,0.0,0.0,0.0,0.0,0.0,0.0,0.0,0.0,0.0,0.0,0.0,0.0,0.0,0.0,0.0,0.0,0.0,0.2045069541488709,0.0,0.0,0.0,0.0,0.0,0.0,0.0,0.0,0.0,0.0,0.0,0.0,0.0,0.0,0.0,0.0,0.0,0.0,0.0,0.18845225258806675,0.0,0.0,0.0,0.0,0.2639488230798908,0.0,0.30367474159585445,0.0,0.0,0.0,0.0,0.0,0.0,0.239810860255614,0.0,0.0,0.0,0.0,0.0,0.0,0.0,0.0,0.0,0.25846066825381137,0.0,0.17312545839527577,0.0,0.0,0.0,0.0,0.0,0.0,0.0,0.0,0.0,0.0,0.0,0.0,0.0,0.0,0.0
3022b39e282c4983956263cdde6892c555e7e6cece866a3590b974f2cba5a604,0.0,0.0,0.0,0.0,0.0,0.0,0.0,0.0,0.0,0.0,0.25682228895752046,0.0,0.1672855914805754,0.0,0.0,0.0,0.0,0.0,0.0,0.0,0.0,0.2444776518765617,0.0,0.0,0.0,0.0,0.35164125927863227,0.0,0.0,0.0,0.0,0.0,0.0,0.0,0.0,0.0,0.0,0.0,0.0,0.0,0.0,0.0,0.0,0.0,0.3248648455503453,0.0,0.0,0.0,0.0,0.0,0.0,0.0,0.0,0.0,0.0,0.0,0.0,0.0,0.3227078710585133,0.0,0.0,0.0,0.0,0.0,0.0,0.0,0.0,0.0,0.0,0.0,0.0,0.0,0.0,0.0,0.0,0.15903617248093657,0.0,0.27016055249513565,0.0,0.14550571576192767,0.0,0.0,0.0,0.0,0.0,0.0,0.0,0.0,0.0,0.0,0.0,0.0,0.0,0.0,0.0,0.0,0.0,0.0,0.0,0.2045069541488709,0.0,0.0,0.0,0.0,0.0,0.0,0.0,0.0,0.0,0.0,0.0,0.0,0.0,0.0,0.0,0.0,0.0,0.0,0.0,0.18845225258806675,0.0,0.0,0.0,0.0,0.2639488230798908,0.0,0.30367474159585445,0.0,0.0,0.0,0.0,0.0,0.0,0.239810860255614,0.0,0.0,0.0,0.0,0.0,0.0,0.0,0.0,0.0,0.25846066825381137,0.0,0.17312545839527577,0.0,0.0,0.0,0.0,0.0,0.0,0.0,0.0,0.0,0.0,0.0,0.0,0.0,0.0,0.0
0ba6e305edc2ba967fee018f839a0bfb52e6f5479d5190e8ff3263def3ca25f3,0.0,0.0,0.0,0.0,0.0,0.0,0.0,0.0,0.0,0.0,0.19826184438648453,0.0,0.1291412440908068,0.0,0.0,0.0,0.0,0.0,0.0,0.0,0.0,0.18873202310077247,0.0,0.0,0.0,0.0,0.0,0.0,0.0,0.0,0.0,0.0,0.0,0.0,0.0,0.0,0.0,0.0,0.0,0.0,0.0,0.0,0.23728198087383437,0.223431176439014,0.0,0.0,0.0,0.0,0.0,0.0,0.0,0.0,0.0,0.0,0.0,0.0,0.0,0.0,0.0,0.0,0.0,0.0,0.0,0.0,0.0,0.0,0.0,0.0,0.4406212921636373,0.0,0.44527604204242227,0.4100872014734663,0.0,0.0,0.0,0.12277285203019468,0.0,0.0,0.0,0.11232760089801622,0.0,0.0,0.0,0.0,0.0,0.0,0.0,0.0,0.0,0.0,0.0,0.0,0.0,0.0,0.0,0.0,0.0,0.0,0.0,0.0,0.0,0.0,0.0,0.0,0.0,0.0,0.0,0.0,0.0,0.0,0.0,0.0,0.0,0.0,0.0,0.0,0.16136219908345806,0.1492445287124193,0.0,0.1454814974531971,0.1734201473549052,0.0,0.0,0.0,0.20376339101983798,0.0,0.23443103247297095,0.0,0.0,0.0,0.0,0.0,0.0,0.0,0.0,0.0,0.0,0.0,0.0,0.0,0.0,0.0,0.0,0.0,0.0,0.1336495085026687,0.0,0.0,0.0,0.0,0.0,0.0,0.0,0.0,0.0,0.0,0.0,0.0,0.0,0.0,0.0
3610ef9aa2f76e449684abe6a2ffe45b4fc8f5d021044d6a5bf50d7632d84ce1,0.0,0.0,0.0,0.0,0.23784282660247127,0.0,0.0,0.0,0.0,0.0,0.13124052057272878,0.0,0.08548575826243397,0.0,0.0,0.0,0.0,0.0,0.0,0.0,0.0,0.12493220285091916,0.0,0.0,0.0,0.0,0.0,0.0,0.0,0.0,0.0,0.0,0.0,0.0,0.0,0.0,0.0,0.0,0.0,0.0,0.0,0.0,0.15707011497232481,0.0,0.0,0.0,0.0,0.0,0.20991652729885998,0.0,0.0,0.0,0.0,0.4299901852997998,0.4299901852997998,0.0,0.0,0.0,0.16490916408599407,0.0,0.0,0.0,0.0,0.0,0.0,0.0,0.0,0.0,0.0,0.0,0.0,0.0,0.0,0.0,0.0,0.08127016603977359,0.0,0.0,0.0,0.07435587448588428,0.0,0.3275843341452599,0.0,0.0,0.0,0.0,0.0,0.0,0.1783136109987186,0.0,0.0,0.0,0.0,0.0,0.0,0.0,0.0,0.0,0.0,0.0,0.0,0.0,0.11479642231255578,0.0,0.0,0.0,0.0,0.0,0.0,0.0,0.0,0.0,0.0,0.0,0.0,0.0,0.0,0.09879323831300296,0.10864145697965968,0.09630227903175542,0.11479642231255578,0.0,0.0,0.0,0.13488229968736748,0.0,0.1551829139659328,0.0,0.0,0.0,0.0,0.0,0.0,0.0,0.0,0.0,0.0,0.2693515139294688,0.0,0.0,0.0,0.0,0.0,0.13207776002189656,0.0,0.08847002873627709,0.18255567591724406,0.1980724527404968,0.0,0.0,0.0,0.0,0.0,0.0,0.12839879677851765,0.0,0.0,0.0,0.0,0.0,0.0
4304e038656f1705995b08e0a5b7a4ef7b020d492f14d73a365f36aeaae2cfa8,0.0,0.0,0.0,0.0,0.0,0.7414638696569759,0.0,0.0,0.0,0.0,0.0,0.0,0.26649784661265247,0.0,0.0,0.0,0.0,0.0,0.0,0.0,0.0,0.0,0.0,0.0,0.0,0.0,0.0,0.0,0.0,0.0,0.0,0.0,0.0,0.0,0.0,0.0,0.0,0.0,0.0,0.0,0.0,0.0,0.0,0.0,0.0,0.0,0.0,0.0,0.0,0.0,0.0,0.0,0.0,0.0,0.0,0.0,0.0,0.0,0.0,0.0,0.0,0.0,0.0,0.0,0.0,0.0,0.0,0.0,0.0,0.0,0.0,0.0,0.0,0.0,0.0,0.25335593534730283,0.0,0.0,0.0,0.0,0.0,0.0,0.0,0.0,0.0,0.0,0.0,0.0,0.0,0.0,0.0,0.0,0.0,0.0,0.0,0.0,0.0,0.0,0.0,0.0,0.0,0.0,0.35787246866565625,0.0,0.0,0.0,0.0,0.0,0.0,0.0,0.0,0.0,0.0,0.0,0.0,0.0,0.33298950217783235,0.0,0.0,0.0,0.0,0.0,0.0,0.0,0.0,0.0,0.0,0.0,0.0,0.0,0.0,0.0,0.0,0.0,0.0,0.0,0.0,0.0,0.0,0.0,0.0,0.0,0.0,0.0,0.0,0.2758011700100703,0.0,0.0,0.0,0.0,0.0,0.0,0.0,0.0,0.0,0.0,0.0,0.0,0.0,0.0,0.0
4500eda0f4d1cf716592b3e4d2576df69c3a68b585c6de4b560452454474c831,0.0,0.0,0.0,0.0,0.0,0.0,0.0,0.0,0.0,0.0,0.2510247670729847,0.0,0.16350927642041116,0.0,0.0,0.0,0.0,0.0,0.0,0.0,0.0,0.23895879857614308,0.0,0.0,0.0,0.0,0.0,0.0,0.0,0.0,0.0,0.0,0.0,0.0,0.0,0.0,0.0,0.0,0.0,0.0,0.0,0.0,0.0,0.2828923497408453,0.0,0.0,0.0,0.0,0.0,0.0,0.0,0.0,0.0,0.0,0.0,0.0,0.0,0.0,0.0,0.0,0.0,0.0,0.0,0.0,0.0,0.0,0.0,0.0,0.0,0.0,0.0,0.0,0.0,0.0,0.0,0.15544608030422702,0.3310643844755949,0.26406193184275184,0.0,0.14222106093356757,0.0,0.0,0.0,0.0,0.0,0.0,0.0,0.0,0.34106183419236846,0.0,0.0,0.0,0.0,0.0,0.0,0.0,0.0,0.0,0.0,0.1998904017965401,0.0,0.0,0.0,0.0,0.0,0.0,0.0,0.0,0.0,0.0,0.0,0.0,0.0,0.0,0.0,0.0,0.204305112588123,0.0,0.2077993619179205,0.18419812003982017,0.0,0.0,0.0,0.0,0.25799042638303626,0.0,0.0,0.0,0.0,0.0,0.0,0.0,0.0,0.2343973553915123,0.0,0.0,0.0,0.0,0.0,0.0,0.0,0.0,0.0,0.25262616149594563,0.0,0.16921731382616126,0.0,0.0,0.0,0.0,0.0,0.0,0.0,0.0,0.24558937981290221,0.0,0.0,0.0,0.0,0.0,0.0
4715d0fa523a32f9162dfba45a7fbc845a0b28fdfa9631d477168fd422fdd271,0.3919109123164409,0.0,0.0,0.0,0.0,0.0,0.0,0.0,0.0,0.0,0.16197359793059207,0.0,0.10550427396329985,0.0,0.0,0.0,0.0,0.0,0.0,0.0,0.0,0.15418803815201296,0.0,0.0,0.0,0.0,0.0,0.0,0.0,0.0,0.0,0.0,0.0,0.0,0.0,0.0,0.0,0.0,0.0,0.0,0.0,0.0,0.0,0.18253613875973349,0.0,0.0,0.0,0.0,0.2590734556927455,0.0,0.0,0.0,0.30322327821331463,0.0,0.0,0.0,0.0,0.0,0.0,0.0,0.0,0.0,0.0,0.0,0.0,0.0,0.0,0.1724251091891677,0.0,0.0,0.3637763122051402,0.0,0.0,0.0,0.0,0.10030150094218758,0.2136191186449663,0.17038582158961924,0.0,0.09176806420148272,0.0,0.0,0.0,0.0,0.0,0.0,0.0,0.0,0.0,0.0,0.0,0.0,0.0,0.0,0.0,0.0,0.0,0.0,0.0,0.12897917583313115,0.0,0.0,0.0,0.0,0.0,0.0,0.0,0.0,0.0,0.0,0.0,0.0,0.0,0.0,0.0,0.0,0.13182776563195284,0.12192801576022269,0.1340824281603292,0.11885373934527448,0.1416787244547711,0.0,0.0,0.0,0.1664681859091549,0.0,0.0,0.0,0.0,0.0,0.0,0.0,0.0,0.15124476935433367,0.0,0.0,0.0,0.0,0.0,0.0,0.0,0.0,0.0,0.0,0.0,0.0,0.2253054127027862,0.0,0.0,0.0,0.0,0.0,0.0,0.0,0.0,0.0,0.36778474764728597,0.0,0.0,0.0,0.0
5251a8e8d7f924572e563bf7ebe78dbcb71c94811aa39c45f548caa1ea8ab870,0.0,0.0,0.0,0.0,0.0,0.0,0.0,0.0,0.0,0.0,0.2444512013817589,0.0,0.15922747195064796,0.0,0.0,0.0,0.0,0.0,0.0,0.0,0.0,0.23270120344617742,0.0,0.0,0.0,0.0,0.3347027574396951,0.0,0.0,0.0,0.0,0.0,0.0,0.0,0.0,0.0,0.0,0.0,0.0,0.0,0.0,0.0,0.0,0.0,0.3092161591730725,0.0,0.0,0.0,0.0,0.0,0.0,0.0,0.0,0.0,0.0,0.0,0.0,0.0,0.3071630857890667,0.0,0.0,0.0,0.0,0.0,0.0,0.0,0.0,0.0,0.0,0.0,0.0,0.0,0.0,0.0,0.0,0.15137542611245838,0.0,0.257146962950397,0.0,0.13849672927648127,0.0,0.0,0.0,0.0,0.0,0.0,0.0,0.0,0.0,0.0,0.0,0.0,0.0,0.0,0.0,0.0,0.0,0.0,0.0,0.0,0.0,0.0,0.0,0.0,0.36319451230844685,0.0,0.0,0.0,0.0,0.0,0.0,0.0,0.0,0.0,0.0,0.0,0.0,0.0,0.0,0.1793745384609953,0.0,0.0,0.0,0.0,0.2512344515232203,0.0,0.28904677905382425,0.0,0.0,0.0,0.0,0.0,0.0,0.22825921041290262,0.0,0.0,0.0,0.0,0.0,0.0,0.0,0.0,0.0,0.24601066021581505,0.0,0.1647860334329974,0.0,0.0,0.0,0.0,0.0,0.0,0.0,0.0,0.0,0.0,0.0,0.0,0.0,0.0,0.0
bbb0f1a271db0950dc5d182412a1306042dec012ce98847d278098beda085c0f,0.0,0.0,0.0,0.0,0.0,0.0,0.0,0.0,0.0,0.0,0.19321628628177306,0.0,0.1258547335027952,0.0,0.0,0.0,0.0,0.0,0.0,0.0,0.0,0.18392898905394703,0.0,0.0,0.0,0.0,0.0,0.0,0.0,0.0,0.0,0.0,0.0,0.0,0.0,0.0,0.0,0.0,0.0,0.0,0.0,0.0,0.0,0.2177450849642999,0.0,0.0,0.0,0.0,0.0,0.0,0.0,0.0,0.36171126948521054,0.0,0.0,0.0,0.0,0.0,0.0,0.0,0.0,0.0,0.0,0.0,0.0,0.0,0.0,0.205683763804125,0.42940793772993757,0.0,0.0,0.39965090794741887,0.0,0.0,0.0,0.11964841040847779,0.2548235842797827,0.20325112304242463,0.0,0.10946898007338106,0.0,0.0,0.0,0.0,0.0,0.0,0.0,0.0,0.0,0.0,0.0,0.0,0.0,0.0,0.0,0.0,0.0,0.0,0.0,0.15385765137377733,0.0,0.0,0.0,0.0,0.0,0.0,0.0,0.0,0.0,0.0,0.0,0.0,0.0,0.0,0.0,0.0,0.15725569864259406,0.1454464104019648,0.15994525747265864,0.14177914438152067,0.16900678464906305,0.0,0.0,0.0,0.1985778242649989,0.0,0.0,0.0,0.0,0.0,0.0,0.0,0.0,0.18041800038738484,0.0,0.0,0.0,0.0,0.0,0.0,0.0,0.0,0.0,0.0,0.0,0.0,0.0,0.0,0.0,0.0,0.0,0.0,0.0,0.0,0.0,0.0,0.0,0.0,0.0,0.0,0.0
00d56f9d4e23372133f953d1a0bb58567bc2e9bc34f9e70304116a6382448458,0.0,0.0,0.0,0.0,0.0,0.0,0.0,0.0,0.0,0.0,0.2078071219847414,0.0,0.1353587239495538,0.0,0.0,0.0,0.0,0.0,0.0,0.0,0.0,0.19781848932301607,0.0,0.0,0.0,0.0,0.0,0.0,0.0,0.0,0.0,0.0,0.0,0.0,0.0,0.0,0.0,0.0,0.0,0.0,0.0,0.0,0.0,0.2341882265906209,0.0,0.0,0.0,0.0,0.3323832396019313,0.3299750917724179,0.0,0.0,0.0,0.0,0.0,0.0,0.0,0.0,0.0,0.0,0.0,0.0,0.0,0.0,0.0,0.0,0.0,0.0,0.0,0.0,0.0,0.0,0.0,0.0,0.0,0.12868372690268634,0.2740667294774169,0.21859974504435561,0.0,0.11773559120414728,0.0,0.0,0.0,0.0,0.0,0.0,0.0,0.0,0.2823429696152111,0.0,0.0,0.0,0.0,0.0,0.0,0.0,0.0,0.0,0.0,0.16547629779349757,0.0,0.0,0.0,0.0,0.3087504004760519,0.0,0.0,0.0,0.0,0.0,0.0,0.0,0.0,0.0,0.0,0.0,0.16913095049845195,0.0,0.1720236128647563,0.15248567560405635,0.0,0.0,0.0,0.0,0.2135735395013332,0.0,0.0,0.0,0.0,0.0,0.0,0.0,0.0,0.19404236638762684,0.0,0.0,0.0,0.0,0.0,0.0,0.0,0.0,0.0,0.2091328125533584,0.0,0.14008403786698612,0.0,0.0,0.0,0.0,0.0,0.0,0.0,0.0,0.20330751743750616,0.0,0.0,0.0,0.0,0.0,0.0
6241dc2ac2d2b14d6c220040b7e39755bc2e4034e70cbffd21cb8fcc44c151cb,0.0,0.0,0.0,0.0,0.0,0.0,0.0,0.0,0.0,0.0,0.0,0.0,0.0,0.0,0.0,0.0,0.0,0.0,0.0,0.0,0.0,0.0,0.0,0.0,0.0,0.0,0.47394462741506055,0.0,0.0,0.0,0.0,0.0,0.0,0.0,0.0,0.0,0.0,0.0,0.0,0.0,0.0,0.0,0.0,0.0,0.43785518371895316,0.0,0.0,0.0,0.0,0.0,0.0,0.0,0.0,0.0,0.0,0.0,0.0,0.0,0.4349479979297422,0.0,0.0,0.0,0.0,0.0,0.0,0.0,0.0,0.0,0.0,0.0,0.0,0.0,0.0,0.0,0.0,0.0,0.0,0.36412434268157706,0.0,0.19611365396944194,0.0,0.0,0.0,0.0,0.0,0.0,0.0,0.0,0.0,0.0,0.0,0.0,0.0,0.0,0.0,0.0,0.0,0.0,0.0,0.0,0.0,0.0,0.0,0.0,0.0,0.0,0.0,0.0,0.0,0.0,0.0,0.0,0.0,0.0,0.0,0.0,0.0,0.0,0.0,0.25399730629336736,0.0,0.0,0.0,0.0,0.0,0.0,0.0,0.0,0.0,0.0,0.0,0.0,0.0,0.3232188084159741,0.0,0.0,0.0,0.0,0.0,0.0,0.0,0.0,0.0,0.0,0.0,0.2333397424509692,0.0,0.0,0.0,0.0,0.0,0.0,0.0,0.0,0.0,0.0,0.0,0.0,0.0,0.0,0.0
6510c3886e8ddeb0b7b164f915cdb5af33622d9f662b4ef814679e75657daff1,0.0,0.0,0.0,0.0,0.0,0.0,0.0,0.0,0.0,0.0,0.2175691675893998,0.0,0.14171739935761288,0.0,0.0,0.0,0.0,0.0,0.0,0.0,0.0,0.20711130419755966,0.0,0.0,0.0,0.0,0.0,0.0,0.0,0.0,0.0,0.0,0.0,0.0,0.0,0.0,0.0,0.0,0.0,0.0,0.0,0.0,0.0,0.24518956343710094,0.0,0.0,0.0,0.0,0.3479974318020253,0.3454761576816036,0.0,0.0,0.0,0.0,0.0,0.0,0.0,0.0,0.0,0.0,0.0,0.0,0.0,0.0,0.0,0.0,0.0,0.23160803956379372,0.0,0.0,0.0,0.0,0.0,0.0,0.0,0.13472883449381917,0.28694141772835446,0.22886879001215213,0.0,0.12326639399689608,0.0,0.0,0.0,0.0,0.0,0.0,0.0,0.0,0.2956064464355134,0.0,0.0,0.0,0.0,0.0,0.0,0.0,0.0,0.0,0.0,0.17324979058874818,0.0,0.0,0.0,0.0,0.0,0.0,0.0,0.0,0.0,0.0,0.0,0.0,0.0,0.0,0.0,0.0,0.17707612598693367,0.0,0.18010467542808434,0.1596489147899262,0.0,0.0,0.0,0.0,0.2236064710613661,0.0,0.0,0.0,0.0,0.0,0.0,0.0,0.0,0.20315779232596848,0.0,0.0,0.0,0.0,0.0,0.0,0.0,0.0,0.0,0.21895713442489778,0.0,0.14666469185555644,0.0,0.0,0.0,0.0,0.0,0.0,0.0,0.0,0.0,0.0,0.0,0.0,0.0,0.0,0.0
6660d0e87a142ab1bde4521d9c6f5e148490b05a57c71122e28280b35452e896,0.0,0.0,0.0,0.0,0.0,0.6206115018138549,0.0,0.0,0.0,0.0,0.3424504229745269,0.0,0.22306094144944905,0.0,0.0,0.0,0.0,0.0,0.0,0.0,0.0,0.0,0.0,0.0,0.0,0.0,0.0,0.0,0.0,0.0,0.0,0.0,0.0,0.0,0.3651731153274631,0.0,0.0,0.0,0.0,0.0,0.0,0.0,0.0,0.0,0.0,0.0,0.0,0.0,0.0,0.0,0.0,0.0,0.0,0.0,0.0,0.0,0.0,0.0,0.0,0.0,0.0,0.0,0.0,0.0,0.0,0.0,0.0,0.0,0.0,0.0,0.0,0.0,0.0,0.0,0.0,0.0,0.0,0.0,0.0,0.0,0.0,0.0,0.0,0.0,0.0,0.0,0.0,0.0,0.0,0.0,0.0,0.0,0.0,0.0,0.0,0.0,0.0,0.0,0.0,0.2726924256994566,0.0,0.0,0.0,0.0,0.0,0.0,0.0,0.0,0.0,0.0,0.0,0.0,0.0,0.0,0.0,0.0,0.0,0.0,0.0,0.0,0.0,0.0,0.0,0.0,0.0,0.0,0.0,0.0,0.0,0.0,0.0,0.0,0.0,0.0,0.0,0.0,0.0,0.0,0.0,0.0,0.0,0.0,0.43221472813669853,0.0,0.0,0.23084790146437545,0.0,0.0,0.0,0.0,0.0,0.0,0.0,0.0,0.0,0.0,0.0,0.0,0.0,0.0,0.0
cf10cad3b15bac59bdf48a71791d3affd9f13606e8bcc7311756a1309f866e9a,0.0,0.0,0.0,0.0,0.0,0.0,0.30534877471567196,0.0,0.0,0.0,0.0,0.0,0.11463076053162305,0.0,0.0,0.0,0.29617042896160733,0.2246242361299131,0.0,0.0,0.0,0.0,0.0,0.0,0.0,0.302617964364577,0.0,0.0,0.0,0.0,0.0,0.0,0.0,0.0,0.0,0.0,0.0,0.0,0.0,0.0,0.0,0.0,0.0,0.0,0.0,0.0,0.0,0.0,0.0,0.2794448309106497,0.0,0.0,0.0,0.0,0.0,0.0,0.0,0.0,0.0,0.0,0.16652828889778123,0.30397179775573047,0.0,0.0,0.0,0.0,0.0,0.0,0.0,0.0,0.0,0.0,0.0,0.0,0.0,0.10897792955255797,0.0,0.0,0.0,0.0,0.0,0.0,0.0,0.0,0.0,0.0,0.0,0.0,0.2391067852398683,0.0,0.0,0.0,0.0,0.0,0.0,0.0,0.0,0.0,0.0,0.14013632304257911,0.0,0.0,0.15393442678018984,0.0,0.0,0.0,0.0,0.0,0.0,0.0,0.0,0.0,0.0,0.0,0.23043700709273485,0.26227991869379563,0.1432313257644133,0.13247521310433272,0.14568102444164263,0.12913500108929593,0.15393442678018984,0.0,0.0,0.0,0.0,0.0,0.0,0.0,0.0,0.0,0.0,0.0,0.2937292969778238,0.0,0.0,0.0,0.0,0.0,0.0,0.0,0.0,0.0,0.0,0.17710756023411714,0.0,0.11863247030178756,0.0,0.0,0.0,0.0,0.0,0.0,0.0,0.0,0.0,0.0,0.0,0.0,0.0,0.0,0.0
07667fb2483b4727216ad7f7ce6413f32bea9530ad405fc7a415812ef6f3449a,0.0,0.0,0.0,0.0,0.0,0.0,0.0,0.0,0.0,0.0,0.0,0.0,0.36762250705447846,0.0,0.0,0.0,0.0,0.0,0.0,0.0,0.0,0.0,0.0,0.0,0.0,0.0,0.0,0.0,0.0,0.0,0.0,0.0,0.0,0.0,0.0,0.0,0.0,0.0,0.0,0.0,0.0,0.0,0.0,0.0,0.0,0.0,0.0,0.0,0.0,0.0,0.0,0.0,0.0,0.0,0.0,0.0,0.0,0.0,0.0,0.0,0.0,0.0,0.0,0.0,0.0,0.0,0.0,0.0,0.0,0.0,0.0,0.0,0.0,0.0,0.0,0.0,0.0,0.0,0.0,0.0,0.0,0.0,0.0,0.0,0.0,0.0,0.0,0.0,0.0,0.0,0.0,0.0,0.0,0.0,0.0,0.0,0.0,0.0,0.0,0.0,0.0,0.0,0.49366993320537284,0.0,0.0,0.0,0.0,0.0,0.0,0.0,0.0,0.0,0.0,0.0,0.0,0.0,0.0,0.0,0.0,0.4141378163135669,0.0,0.0,0.0,0.0,0.0,0.0,0.0,0.0,0.0,0.0,0.0,0.0,0.0,0.0,0.0,0.0,0.0,0.0,0.0,0.0,0.0,0.0,0.0,0.0,0.0,0.3804560481684837,0.0,0.0,0.0,0.0,0.0,0.0,0.0,0.0,0.5521655131090979,0.0,0.0,0.0,0.0,0.0,0.0
7767d8ab0cab91977e3ba3fb74784b15699c62acd71f0e3cf80d7528c6b837d4,0.0,0.0,0.0,0.0,0.0,0.0,0.0,0.0,0.0,0.0,0.23301162858158758,0.0,0.1517761105056205,0.0,0.0,0.0,0.0,0.0,0.0,0.0,0.0,0.22181149481532156,0.0,0.0,0.0,0.0,0.0,0.0,0.0,0.0,0.0,0.0,0.0,0.0,0.0,0.0,0.0,0.0,0.0,0.0,0.0,0.0,0.0,0.2625924441440521,0.0,0.0,0.0,0.0,0.37269733218554885,0.3699971049639749,0.0,0.0,0.0,0.0,0.0,0.0,0.0,0.0,0.0,0.0,0.0,0.0,0.0,0.0,0.0,0.0,0.0,0.0,0.0,0.0,0.0,0.0,0.0,0.0,0.0,0.1442915165330324,0.3073077301953654,0.24511326711913756,0.0,0.13201550354231248,0.0,0.0,0.0,0.0,0.0,0.0,0.0,0.0,0.0,0.0,0.0,0.0,0.0,0.0,0.0,0.0,0.0,0.0,0.0,0.18554658412210634,0.0,0.0,0.0,0.0,0.0,0.0,0.0,0.0,0.0,0.0,0.0,0.0,0.0,0.0,0.0,0.0,0.18964450228077295,0.0,0.0,0.17098035557450117,0.0,0.0,0.0,0.0,0.23947744324563505,0.0,0.0,0.0,0.0,0.0,0.0,0.0,0.0,0.21757737354702386,0.0,0.0,0.0,0.0,0.0,0.0,0.0,0.0,0.0,0.2344981094848329,0.0,0.15707454821528183,0.0,0.0,0.0,0.0,0.0,0.0,0.0,0.0,0.22796627607628994,0.0,0.0,0.0,0.0,0.0,0.0
0dba4ae0e70438be2e61de3aa90147b489dd87912930fde95e6255e83efbc4c8,0.0,0.0,0.0,0.0,0.0,0.0,0.0,0.0,0.0,0.0,0.0,0.0,0.20825132748655809,0.0,0.0,0.0,0.0,0.0,0.0,0.0,0.0,0.0,0.0,0.0,0.0,0.0,0.4377529373312663,0.0,0.0,0.0,0.0,0.0,0.0,0.0,0.0,0.0,0.0,0.0,0.0,0.0,0.0,0.0,0.0,0.0,0.4044193808970736,0.0,0.0,0.0,0.0,0.0,0.0,0.0,0.0,0.0,0.0,0.0,0.0,0.0,0.4017341956560553,0.0,0.0,0.0,0.0,0.0,0.0,0.0,0.0,0.0,0.0,0.0,0.0,0.0,0.0,0.0,0.0,0.0,0.0,0.33631882574983646,0.0,0.18113788639006465,0.0,0.0,0.0,0.0,0.0,0.0,0.0,0.0,0.0,0.0,0.0,0.0,0.0,0.0,0.0,0.0,0.0,0.0,0.0,0.0,0.0,0.0,0.0,0.0,0.0,0.0,0.0,0.0,0.0,0.0,0.0,0.0,0.0,0.0,0.0,0.0,0.0,0.0,0.0,0.23460138689741303,0.0,0.0,0.0,0.0,0.0,0.0,0.0,0.0,0.0,0.0,0.0,0.0,0.0,0.29853694841210543,0.0,0.0,0.0,0.0,0.0,0.0,0.0,0.0,0.0,0.321753815080775,0.0,0.21552129034807804,0.0,0.0,0.0,0.0,0.0,0.0,0.0,0.0,0.0,0.0,0.0,0.0,0.0,0.0,0.0
9474ca0fa771bd4dd2202e312ada0090f6890635b9039b5be855cc7cb8eab6ee,0.0,0.0,0.0,0.0,0.0,0.6479170072788105,0.0,0.0,0.0,0.0,0.0,0.0,0.0,0.0,0.0,0.0,0.0,0.0,0.0,0.0,0.0,0.0,0.0,0.0,0.0,0.0,0.0,0.0,0.0,0.0,0.0,0.0,0.0,0.0,0.0,0.0,0.0,0.0,0.0,0.0,0.0,0.0,0.0,0.0,0.0,0.0,0.0,0.0,0.0,0.0,0.0,0.0,0.0,0.0,0.0,0.0,0.0,0.0,0.0,0.0,0.0,0.0,0.0,0.0,0.0,0.0,0.0,0.0,0.0,0.0,0.0,0.0,0.0,0.0,0.0,0.22139125873050403,0.0,0.0,0.0,0.20255576490862487,0.0,0.0,0.0,0.0,0.0,0.0,0.0,0.0,0.48575112752283156,0.0,0.0,0.0,0.0,0.0,0.0,0.0,0.0,0.0,0.0,0.0,0.0,0.0,0.3127214532956311,0.0,0.0,0.0,0.0,0.0,0.0,0.0,0.0,0.0,0.0,0.0,0.0,0.0,0.0,0.0,0.2959544699253055,0.2623408295120539,0.0,0.0,0.0,0.0,0.0,0.0,0.0,0.0,0.0,0.0,0.0,0.0,0.0,0.0,0.0,0.0,0.0,0.0,0.0,0.0,0.0,0.0,0.0,0.0,0.0,0.0,0.0,0.0,0.0,0.0,0.0,0.0,0.0,0.0,0.0,0.0,0.0,0.0,0.0,0.0,0.0
10431b996eebfb109db1ffbf5f789d750cae0942f011591275f086e4cc946498,0.0,0.0,0.0,0.0,0.0,0.0,0.0,0.0,0.0,0.0,0.21486142658745452,0.0,0.13995366593351924,0.0,0.0,0.0,0.0,0.0,0.0,0.0,0.0,0.2045337157618653,0.0,0.0,0.0,0.0,0.0,0.0,0.0,0.0,0.0,0.0,0.0,0.0,0.0,0.0,0.0,0.0,0.0,0.0,0.0,0.0,0.0,0.2421380748391364,0.0,0.0,0.0,0.0,0.3436664554734295,0.3411765596838101,0.0,0.0,0.0,0.0,0.0,0.0,0.0,0.0,0.0,0.0,0.0,0.0,0.0,0.0,0.0,0.0,0.0,0.0,0.0,0.0,0.0,0.0,0.0,0.0,0.0,0.13305207673744587,0.2833703095122967,0.22602042039412318,0.0,0.12173229119692014,0.0,0.0,0.0,0.0,0.0,0.0,0.0,0.0,0.2919274982448243,0.0,0.0,0.0,0.0,0.0,0.0,0.0,0.0,0.0,0.0,0.17109362311909593,0.0,0.0,0.0,0.0,0.319231366433165,0.0,0.0,0.0,0.0,0.0,0.0,0.0,0.0,0.0,0.0,0.0,0.1748723381427603,0.0,0.17786319599558031,0.0,0.0,0.0,0.0,0.0,0.22082359324507647,0.0,0.0,0.0,0.0,0.0,0.0,0.0,0.0,0.20062940703019966,0.0,0.0,0.0,0.0,0.0,0.0,0.0,0.0,0.0,0.21623211958423974,0.0,0.1448393872681692,0.0,0.0,0.0,0.0,0.0,0.0,0.0,0.0,0.0,0.0,0.0,0.0,0.0,0.0,0.0
a196c6b8ffcb97ffb276d04f354696e2391311db3841ae16c8c9f56f36a38e92,0.0,0.0,0.0,0.0,0.0,0.599339239610114,0.0,0.0,0.0,0.0,0.0,0.0,0.215415239073554,0.0,0.0,0.0,0.0,0.0,0.0,0.0,0.0,0.0,0.0,0.0,0.0,0.0,0.0,0.0,0.0,0.0,0.0,0.0,0.0,0.0,0.0,0.0,0.0,0.0,0.0,0.0,0.0,0.0,0.0,0.0,0.0,0.0,0.0,0.0,0.0,0.0,0.0,0.0,0.0,0.0,0.0,0.0,0.0,0.0,0.0,0.0,0.0,0.0,0.0,0.0,0.0,0.0,0.0,0.0,0.0,0.0,0.0,0.0,0.0,0.0,0.0,0.0,0.0,0.0,0.0,0.18736908702064642,0.0,0.0,0.0,0.0,0.0,0.0,0.0,0.0,0.0,0.0,0.0,0.0,0.0,0.0,0.0,0.0,0.0,0.0,0.0,0.0,0.0,0.0,0.0,0.0,0.0,0.0,0.0,0.0,0.7073839114429108,0.0,0.0,0.0,0.0,0.0,0.0,0.0,0.0,0.0,0.0,0.24267174886919046,0.0,0.0,0.0,0.0,0.0,0.0,0.0,0.0,0.0,0.0,0.0,0.0,0.0,0.0,0.0,0.0,0.0,0.0,0.0,0.0,0.0,0.0,0.0,0.0,0.0,0.0,0.0,0.0,0.0,0.0,0.0,0.0,0.0,0.0,0.0,0.0,0.0,0.0,0.0,0.0,0.0
a93e5e46ea9844c1b2ea5f332af28b77dc90a6c6b2bfeb8600adb167531413e0,0.0,0.0,0.0,0.0,0.0,0.0,0.0,0.0,0.0,0.0,0.23790070283125822,0.0,0.15496069265761545,0.0,0.0,0.0,0.0,0.0,0.0,0.0,0.0,0.22646556669226578,0.0,0.0,0.0,0.0,0.3257338102017008,0.0,0.0,0.0,0.0,0.0,0.0,0.0,0.0,0.0,0.0,0.0,0.0,0.0,0.0,0.0,0.0,0.0,0.30093017002265976,0.0,0.0,0.32323045653774723,0.0,0.0,0.0,0.0,0.0,0.0,0.0,0.0,0.0,0.0,0.2989321123397427,0.0,0.0,0.0,0.0,0.0,0.0,0.0,0.0,0.0,0.0,0.0,0.0,0.0,0.0,0.0,0.0,0.14731905615507562,0.0,0.0,0.0,0.13478546658173232,0.0,0.0,0.0,0.0,0.0,0.0,0.0,0.0,0.0,0.0,0.0,0.0,0.0,0.0,0.0,0.0,0.0,0.0,0.0,0.0,0.0,0.0,0.0,0.0,0.35346207854261374,0.0,0.0,0.0,0.0,0.0,0.0,0.0,0.0,0.0,0.0,0.0,0.0,0.0,0.0,0.17456788319587963,0.0,0.0,0.0,0.0,0.2445021838917408,0.0,0.0,0.0,0.0,0.0,0.0,0.0,0.0,0.22214260465070354,0.0,0.0,0.0,0.0,0.0,0.0,0.0,0.0,0.30026006890168255,0.23941837323157253,0.0,0.16037030273891967,0.0,0.0,0.0,0.0,0.0,0.0,0.0,0.0,0.0,0.0,0.0,0.0,0.0,0.0,0.0
5c07770e22f6b69b150d3b43f2ef2145020f73738d3ba4610932189a0b62927e,0.0,0.0,0.0,0.0,0.0,0.0,0.0,0.0,0.0,0.0,0.0,0.0,0.0,0.0,0.0,0.0,0.0,0.0,0.0,0.4984063395115325,0.4327995287873791,0.0,0.0,0.0,0.0,0.0,0.0,0.0,0.0,0.0,0.0,0.0,0.0,0.0,0.250663155240318,0.0,0.0,0.0,0.0,0.0,0.0,0.0,0.0,0.0,0.0,0.0,0.0,0.0,0.0,0.0,0.0,0.0,0.0,0.0,0.0,0.0,0.0,0.0,0.0,0.0,0.0,0.0,0.0,0.0,0.0,0.0,0.0,0.0,0.0,0.0,0.0,0.0,0.0,0.0,0.0,0.14556354214886202,0.0,0.0,0.0,0.1331793079448674,0.0,0.0,0.0,0.0,0.0,0.0,0.0,0.0,0.0,0.0,0.0,0.0,0.0,0.0,0.0,0.0,0.0,0.0,0.0,0.18718230057726587,0.0,0.0,0.20561264572357743,0.5687645754818252,0.0,0.0,0.0,0.0,0.0,0.0,0.0,0.0,0.0,0.0,0.0,0.0,0.1913163446080187,0.0,0.0,0.0,0.0,0.0,0.0,0.0,0.0,0.0,0.0,0.0,0.0,0.0,0.0,0.0,0.0,0.0,0.0,0.0,0.0,0.0,0.0,0.0,0.0,0.0,0.0,0.0,0.0,0.1584592647511217,0.0,0.0,0.0,0.0,0.0,0.0,0.0,0.0,0.0,0.0,0.0,0.0,0.0,0.0,0.0
f45daafd61371b1f080a92eea8e9c8bfc9b710f22c82d5a06a1b1bf271c646ad,0.0,0.0,0.0,0.0,0.0,0.0,0.0,0.0,0.0,0.0,0.38052420015013777,0.0,0.2478609475570778,0.0,0.0,0.0,0.0,0.0,0.0,0.0,0.0,0.36223360251375997,0.0,0.0,0.0,0.0,0.0,0.0,0.0,0.0,0.0,0.0,0.0,0.0,0.0,0.0,0.0,0.0,0.0,0.0,0.0,0.0,0.0,0.0,0.0,0.0,0.0,0.0,0.0,0.0,0.0,0.0,0.0,0.0,0.0,0.0,0.0,0.0,0.0,0.0,0.0,0.0,0.0,0.0,0.4792032603760809,0.0,0.0,0.0,0.0,0.0,0.0,0.0,0.0,0.0,0.0,0.23563808489479485,0.0,0.0,0.0,0.21559050163570112,0.0,0.0,0.0,0.0,0.0,0.0,0.0,0.0,0.0,0.0,0.0,0.0,0.0,0.0,0.0,0.0,0.0,0.0,0.0,0.0,0.0,0.0,0.0,0.0,0.0,0.0,0.0,0.0,0.0,0.0,0.0,0.0,0.0,0.0,0.0,0.0,0.30970266583924677,0.2864452062917915,0.0,0.0,0.0,0.0,0.0,0.0,0.3910833253248464,0.0,0.0,0.0,0.0,0.0,0.0,0.0,0.0,0.0,0.0,0.0,0.0,0.0,0.0,0.0,0.0,0.0,0.0,0.0,0.0,0.0,0.0,0.0,0.0,0.0,0.0,0.0,0.0,0.0,0.0,0.0,0.0,0.0,0.0,0.0,0.0
a89bc5bfb93026e56434c1354508dfa0a66821d35f522429582067fc7f9200cc,0.0,0.22956552901086516,0.0,0.0,0.0,0.0,0.0,0.0,0.0,0.0,0.16459409479809706,0.0,0.10721117942790334,0.0,0.0,0.0,0.0,0.0,0.0,0.0,0.0,0.15668257600352894,0.0,0.0,0.0,0.0,0.0,0.0,0.0,0.0,0.0,0.0,0.0,0.0,0.0,0.0,0.0,0.0,0.0,0.0,0.0,0.0,0.0,0.18548930758439164,0.0,0.0,0.0,0.0,0.0,0.0,0.0,0.0,0.0,0.0,0.0,0.0,0.0,0.0,0.0,0.0,0.0,0.0,0.0,0.0,0.0,0.0,0.0,0.0,0.0,0.0,0.0,0.0,0.0,0.0,0.0,0.10192423311819125,0.21707516480557693,0.17314241598183736,0.0,0.09325273780168286,0.0,0.0,0.0,0.0,0.0,0.0,0.0,0.0,0.0,0.0,0.4702372470252804,0.4702372470252804,0.0,0.0,0.0,0.0,0.0,0.0,0.0,0.13106587101408854,0.0,0.0,0.0,0.0,0.24454644383476495,0.0,0.0,0.0,0.0,0.0,0.0,0.0,0.0,0.0,0.0,0.0,0.13396054684631312,0.0,0.13625168653003072,0.12077661971358616,0.0,0.0,0.0,0.0,0.16916139866288474,0.0,0.1946212278105002,0.0,0.0,0.0,0.0,0.0,0.0,0.15369168940416417,0.0,0.0,0.0,0.0,0.0,0.0,0.0,0.0,0.0,0.0,0.0,0.11095387486321057,0.0,0.0,0.0,0.0,0.0,0.0,0.0,0.0,0.0,0.0,0.0,0.28429694437228853,0.0,0.0,0.0
d3bf17ac4db4f367cfed8f40f92670066ca97e98d210b043e4d3b89a4971bbdf,0.0,0.40293581863093125,0.0,0.0,0.0,0.0,0.0,0.0,0.0,0.0,0.0,0.0,0.0,0.0,0.0,0.0,0.0,0.0,0.0,0.0,0.0,0.0,0.0,0.0,0.0,0.0,0.0,0.0,0.0,0.0,0.0,0.0,0.0,0.0,0.30806654552317314,0.6635417606772932,0.0,0.0,0.0,0.0,0.0,0.0,0.0,0.0,0.0,0.0,0.0,0.0,0.0,0.0,0.0,0.0,0.0,0.0,0.0,0.0,0.0,0.0,0.0,0.0,0.0,0.0,0.0,0.0,0.0,0.0,0.0,0.0,0.0,0.0,0.0,0.0,0.0,0.0,0.0,0.0,0.0,0.0,0.0,0.0,0.0,0.0,0.0,0.0,0.0,0.0,0.0,0.0,0.0,0.0,0.0,0.0,0.0,0.0,0.0,0.0,0.0,0.0,0.0,0.0,0.0,0.0,0.0,0.0,0.0,0.0,0.0,0.0,0.0,0.0,0.0,0.0,0.0,0.0,0.0,0.0,0.0,0.2174716882809246,0.0,0.0,0.0,0.0,0.41306926495974955,0.0,0.0,0.0,0.0,0.0,0.0,0.0,0.0,0.0,0.0,0.0,0.0,0.0,0.0,0.0,0.0,0.0,0.0,0.0,0.0,0.29074027683273307,0.0,0.0,0.0,0.0,0.0,0.0,0.0,0.0,0.0,0.0,0.0,0.0,0.0,0.0,0.0,0.0,0.0
ce5992b8a0d71c99e3891eefde306c2cd686d826f25b5b99ef2695ca67a94aaa,0.0,0.0,0.0,0.0,0.0,0.0,0.0,0.0,0.0,0.0,0.18548385307755327,0.0,0.12081808085320409,0.0,0.0,0.0,0.0,0.0,0.0,0.0,0.0,0.176568229515772,0.0,0.0,0.0,0.0,0.0,0.0,0.0,0.0,0.0,0.0,0.0,0.0,0.19779130620700078,0.0,0.0,0.0,0.0,0.0,0.0,0.0,0.0,0.0,0.0,0.0,0.0,0.25201283475468783,0.0,0.0,0.0,0.0,0.0,0.0,0.0,0.0,0.0,0.0,0.2330681639251643,0.0,0.0,0.0,0.0,0.0,0.0,0.0,0.0,0.0,0.0,0.0,0.0,0.0,0.0,0.0,0.0,0.11486013215679138,0.0,0.0,0.0,0.10508807827343099,0.0,0.0,0.0,0.0,0.0,0.0,0.0,0.0,0.0,0.0,0.0,0.0,0.0,0.0,0.0,0.0,0.6077104541103976,0.0,0.0,0.0,0.0,0.0,0.16224320535402864,0.0,0.0,0.0,0.0,0.0,0.0,0.0,0.0,0.0,0.0,0.0,0.0,0.0,0.0,0.0,0.15354431662269605,0.0,0.16224320535402864,0.0,0.0,0.0,0.19063082460199351,0.0,0.0,0.0,0.3344310221747997,0.0,0.0,0.0,0.0,0.0,0.0,0.0,0.0,0.3806778304283235,0.0,0.0,0.0,0.0,0.0,0.0,0.0,0.0,0.0,0.0,0.0,0.0,0.0,0.0,0.0,0.0,0.0,0.0,0.0,0.0,0.0,0.0,0.0
a44d262ed7c8085b22ad15653bd2a7d3ecc966c3e7c54252de5670ce64027847,0.0,0.0,0.0,0.0,0.0,0.0,0.0,0.0,0.0,0.0,0.1975521623116673,0.0,0.1286789805305416,0.0,0.0,0.0,0.0,0.0,0.0,0.0,0.0,0.18805645320403777,0.0,0.0,0.0,0.0,0.2704885600485466,0.0,0.0,0.0,0.0,0.0,0.0,0.0,0.0,0.0,0.0,0.0,0.0,0.0,0.0,0.0,0.0,0.2226314002573449,0.24989167785250846,0.0,0.0,0.0,0.0,0.0,0.0,0.0,0.0,0.0,0.0,0.0,0.0,0.0,0.248232495634944,0.0,0.0,0.0,0.0,0.0,0.2487821805728627,0.0,0.0,0.21029941664777901,0.0,0.0,0.0,0.0,0.0,0.0,0.0,0.12233338425146179,0.260541960779987,0.20781218613605817,0.0,0.11192552209606,0.0,0.0,0.0,0.0,0.0,0.0,0.0,0.0,0.0,0.0,0.0,0.0,0.0,0.0,0.0,0.0,0.0,0.0,0.0,0.15731029874344327,0.0,0.0,0.0,0.0,0.0,0.0,0.0,0.0,0.0,0.0,0.0,0.0,0.0,0.0,0.0,0.0,0.16078459999677053,0.14871030505925242,0.0,0.14496074364260086,0.0,0.0,0.0,0.0,0.20303401605332216,0.0,0.23359188209564144,0.0,0.0,0.0,0.0,0.0,0.0,0.18446667608804657,0.0,0.0,0.0,0.0,0.0,0.0,0.0,0.0,0.0,0.198812432103603,0.0,0.13317110752346878,0.0,0.0,0.0,0.0,0.0,0.36982826238101846,0.0,0.0,0.0,0.0,0.0,0.0,0.0,0.0,0.0
a41f46ef947c9ff3b1e5625e6cf5799e776a55e48f54f7fffe19e08e826de99a,0.0,0.0,0.0,0.0,0.0,0.0,0.0,0.0,0.37069478406059947,0.0,0.12527334770127907,0.0,0.08159893812965173,0.0,0.0,0.0,0.0,0.15989686416961907,0.0,0.0,0.0,0.11925185315122916,0.0,0.0,0.0,0.0,0.0,0.0,0.0,0.0,0.0,0.0,0.0,0.0,0.0,0.0,0.0,0.0,0.3386065914553563,0.0,0.0,0.0,0.0,0.14117679344689127,0.0,0.0,0.0,0.17020614436022605,0.0,0.0,0.0,0.0,0.0,0.0,0.0,0.22821102126574405,0.0,0.0,0.0,0.0,0.0,0.0,0.0,0.0,0.15775973415880948,0.0,0.0,0.13335673796134126,0.0,0.0,0.0,0.0,0.0,0.0,0.0,0.07757501816978318,0.0,0.0,0.0,0.07097510187747931,0.0,0.0,0.0,0.0,0.0,0.0,0.0,0.0,0.0,0.0,0.0,0.0,0.0,0.0,0.0,0.0,0.0,0.0,0.0,0.09975485725329152,0.0,0.0,0.0,0.0,0.0,0.0,0.13046130385877225,0.34744554277010553,0.0,0.0,0.0,0.0,0.0,0.0,0.0,0.0,0.10195800878468506,0.09430136088847439,0.10370180608544868,0.0919236591940002,0.10957692078990401,0.0,0.0,0.0,0.0,0.0,0.1481271413258291,0.3578998032763644,0.0,0.0,0.0,0.0,0.0,0.11697547514777208,0.0,0.0,0.0,0.0,0.0,0.0,0.0,0.0,0.0,0.0,0.0,0.08444752141073704,0.1742553333697694,0.18906660179281168,0.0,0.0,0.0,0.0,0.0,0.0,0.12256082986464087,0.0,0.2844514609781578,0.0,0.0,0.0,0.0
a8a25ee71c0e8e4a06cd1573271672b871f78eba5f41803ffda6f14006c81803,0.0,0.0,0.0,0.0,0.0,0.0,0.0,0.0,0.0,0.0,0.0,0.0,0.18031603010491873,0.0,0.0,0.0,0.0,0.0,0.0,0.0,0.0,0.2635208402922898,0.0,0.0,0.0,0.0,0.3790317823133018,0.0,0.0,0.0,0.0,0.0,0.0,0.0,0.0,0.0,0.0,0.0,0.0,0.0,0.0,0.0,0.3313096842749625,0.0,0.35016966345895806,0.0,0.0,0.0,0.0,0.0,0.0,0.0,0.0,0.0,0.0,0.0,0.0,0.0,0.3478446749530001,0.0,0.0,0.0,0.0,0.0,0.0,0.0,0.0,0.0,0.0,0.0,0.0,0.0,0.0,0.0,0.0,0.1714240360513861,0.0,0.0,0.0,0.15683964644864254,0.0,0.0,0.0,0.0,0.0,0.0,0.0,0.0,0.0,0.0,0.0,0.0,0.0,0.0,0.0,0.0,0.0,0.0,0.0,0.22043669018114412,0.0,0.0,0.24214132929723406,0.0,0.0,0.0,0.0,0.0,0.0,0.0,0.0,0.0,0.0,0.0,0.0,0.0,0.2253051792444362,0.0,0.0,0.20313143379688703,0.0,0.0,0.0,0.0,0.2845086866561244,0.0,0.0,0.0,0.0,0.0,0.0,0.0,0.0,0.25849053654067283,0.0,0.0,0.0,0.0,0.0,0.0,0.0,0.0,0.0,0.0,0.0,0.0,0.0,0.0,0.0,0.0,0.0,0.0,0.0,0.0,0.0,0.0,0.0,0.0,0.0,0.0,0.0
15aa23d4511135cccf62cd2c637a7a04dc968ed39ffd2683850a3a708c8d4c3b,0.0,0.0,0.0,0.0,0.0,0.0,0.0,0.0,0.0,0.0,0.28452281214116504,0.0,0.1853288011408703,0.0,0.0,0.0,0.0,0.0,0.0,0.0,0.0,0.0,0.0,0.0,0.0,0.0,0.0,0.0,0.0,0.0,0.0,0.0,0.0,0.0,0.0,0.0,0.0,0.0,0.0,0.0,0.0,0.0,0.3405200666702351,0.32064297009420295,0.0,0.0,0.0,0.0,0.0,0.0,0.0,0.0,0.0,0.0,0.0,0.0,0.0,0.0,0.0,0.0,0.0,0.0,0.0,0.0,0.0,0.0,0.0,0.3028819361737698,0.0,0.0,0.0,0.0,0.0,0.0,0.0,0.1761896103726725,0.0,0.0,0.0,0.16119977591993348,0.0,0.0,0.0,0.0,0.0,0.0,0.0,0.0,0.0,0.0,0.0,0.0,0.0,0.0,0.0,0.0,0.0,0.0,0.0,0.0,0.0,0.0,0.24887283864447138,0.0,0.0,0.0,0.0,0.0,0.0,0.0,0.0,0.0,0.0,0.0,0.0,0.0,0.23156864498350127,0.0,0.2355291850418745,0.20877847120801385,0.0,0.0,0.0,0.0,0.0,0.0,0.3364287103187741,0.0,0.0,0.0,0.0,0.0,0.0,0.26567655252541206,0.0,0.0,0.0,0.0,0.0,0.0,0.0,0.0,0.0,0.28633790493013894,0.0,0.19179854862207715,0.0,0.0,0.0,0.0,0.0,0.0,0.0,0.0,0.0,0.0,0.0,0.0,0.0,0.0,0.0
a0ff457b92f9248dd442a8759232c128de720e5caddd542ea338fa42f46941e5,0.0,0.0,0.0,0.0,0.0,0.0,0.0,0.0,0.0,0.0,0.0,0.0,0.33348772454526027,0.0,0.0,0.0,0.0,0.0,0.0,0.0,0.0,0.0,0.0,0.0,0.0,0.0,0.0,0.0,0.0,0.0,0.0,0.0,0.0,0.0,0.0,0.0,0.0,0.0,0.0,0.0,0.0,0.0,0.0,0.0,0.0,0.0,0.0,0.0,0.0,0.0,0.0,0.0,0.0,0.0,0.0,0.0,0.0,0.0,0.0,0.0,0.0,0.0,0.0,0.0,0.0,0.0,0.0,0.0,0.0,0.0,0.0,0.0,0.0,0.0,0.0,0.0,0.0,0.0,0.0,0.2900690348063189,0.0,0.0,0.0,0.0,0.0,0.0,0.0,0.0,0.6956176279662591,0.0,0.0,0.0,0.0,0.0,0.0,0.0,0.0,0.0,0.0,0.0,0.0,0.0,0.0,0.0,0.0,0.0,0.0,0.0,0.0,0.0,0.0,0.0,0.0,0.0,0.0,0.0,0.0,0.0,0.42382021304886447,0.37568395666832144,0.0,0.0,0.0,0.0,0.0,0.0,0.0,0.0,0.0,0.0,0.0,0.0,0.0,0.0,0.0,0.0,0.0,0.0,0.0,0.0,0.0,0.0,0.0,0.0,0.0,0.0,0.0,0.0,0.0,0.0,0.0,0.0,0.0,0.0,0.0,0.0,0.0,0.0,0.0,0.0,0.0
0340043481091d92dcfb2c498aad3c0afca2fd208ef896f65af790cc147f8891,0.0,0.0,0.0,0.0,0.0,0.0,0.0,0.0,0.0,0.0,0.0,0.0,0.23431847759802982,0.0,0.0,0.0,0.0,0.0,0.0,0.0,0.0,0.0,0.0,0.0,0.0,0.0,0.0,0.0,0.0,0.0,0.0,0.0,0.0,0.0,0.3836028301828556,0.0,0.0,0.0,0.0,0.0,0.0,0.0,0.0,0.0,0.0,0.0,0.0,0.0,0.0,0.0,0.0,0.0,0.6734401769158951,0.0,0.0,0.0,0.0,0.0,0.0,0.0,0.0,0.0,0.0,0.0,0.0,0.0,0.0,0.0,0.0,0.0,0.0,0.0,0.0,0.0,0.0,0.0,0.0,0.0,0.0,0.20381120392610436,0.0,0.0,0.0,0.0,0.0,0.0,0.0,0.0,0.0,0.0,0.0,0.0,0.0,0.0,0.0,0.0,0.0,0.0,0.0,0.0,0.0,0.0,0.0,0.0,0.0,0.0,0.0,0.0,0.0,0.0,0.0,0.0,0.0,0.0,0.0,0.0,0.2927813271221048,0.0,0.29778879337252656,0.2639668158837375,0.0,0.0,0.0,0.0,0.0,0.0,0.0,0.0,0.0,0.0,0.0,0.0,0.0,0.0,0.0,0.0,0.0,0.0,0.0,0.0,0.0,0.0,0.0,0.0,0.0,0.24249843328170018,0.0,0.0,0.0,0.0,0.0,0.0,0.0,0.0,0.0,0.0,0.0,0.0,0.0,0.0,0.0
79216574907e890b81ef15ab90f701219ffab5b9105d351f1c1908adaff5fe4b,0.0,0.0,0.0,0.0,0.0,0.0,0.0,0.0,0.0,0.0,0.0,0.0,0.19333237355248428,0.0,0.0,0.0,0.0,0.0,0.0,0.0,0.0,0.0,0.0,0.0,0.0,0.0,0.40639267670112833,0.0,0.0,0.0,0.0,0.0,0.0,0.0,0.0,0.0,0.0,0.0,0.0,0.0,0.0,0.0,0.35522569792897973,0.0,0.3754471088521833,0.0,0.0,0.0,0.0,0.0,0.0,0.0,0.0,0.0,0.0,0.0,0.0,0.0,0.3729542880748095,0.0,0.0,0.0,0.0,0.0,0.0,0.0,0.0,0.0,0.0,0.0,0.0,0.0,0.0,0.0,0.0,0.18379849952595564,0.0,0.31222522150211574,0.0,0.16816131709091672,0.0,0.0,0.0,0.0,0.0,0.0,0.0,0.0,0.0,0.0,0.0,0.0,0.0,0.0,0.0,0.0,0.0,0.0,0.0,0.0,0.0,0.0,0.2596206111067823,0.0,0.0,0.0,0.0,0.0,0.0,0.0,0.0,0.0,0.0,0.0,0.0,0.0,0.0,0.0,0.0,0.21779473636492963,0.0,0.0,0.0,0.0,0.0,0.0,0.0,0.0,0.0,0.0,0.0,0.0,0.0,0.27715000680297375,0.0,0.0,0.0,0.0,0.0,0.0,0.0,0.0,0.0,0.0,0.0,0.20008152224997233,0.0,0.0,0.0,0.0,0.0,0.0,0.0,0.0,0.0,0.0,0.0,0.0,0.0,0.0,0.0
1341251573c17f1c576e031d98e6d23eded09f655a754754d65cc72dada5bc57,0.0,0.0,0.0,0.0,0.0,0.0,0.0,0.0,0.0,0.0,0.2710097964529007,0.0,0.1765268671994144,0.0,0.0,0.0,0.0,0.0,0.0,0.0,0.0,0.25798321065236324,0.0,0.0,0.0,0.0,0.37106680455334845,0.0,0.0,0.0,0.0,0.0,0.0,0.0,0.0,0.0,0.0,0.0,0.0,0.0,0.0,0.0,0.0,0.0,0.3428111945605491,0.0,0.0,0.0,0.0,0.0,0.0,0.0,0.0,0.0,0.0,0.0,0.0,0.0,0.3405350633868947,0.0,0.0,0.0,0.0,0.0,0.0,0.0,0.0,0.0,0.0,0.0,0.0,0.0,0.0,0.0,0.0,0.16782172960009722,0.0,0.0,0.0,0.15354381651000748,0.0,0.0,0.0,0.0,0.0,0.0,0.0,0.0,0.0,0.0,0.0,0.0,0.0,0.0,0.0,0.0,0.0,0.0,0.0,0.0,0.0,0.0,0.0,0.0,0.0,0.0,0.0,0.0,0.0,0.0,0.0,0.0,0.0,0.0,0.0,0.0,0.0,0.0,0.0,0.19886282776426076,0.0,0.0,0.0,0.0,0.27853001819750833,0.0,0.0,0.0,0.0,0.0,0.0,0.0,0.0,0.2530586137553613,0.0,0.0,0.0,0.0,0.0,0.0,0.0,0.0,0.3420478341911276,0.2727386839314867,0.0,0.1826893430121222,0.0,0.0,0.0,0.0,0.0,0.0,0.0,0.0,0.0,0.0,0.0,0.0,0.0,0.0,0.0
991423212ca8d7e80497bad3a159720b03de528a052cadd51e5641a0202aaf7f,0.0,0.0,0.0,0.0,0.0,0.0,0.0,0.0,0.0,0.0,0.0,0.0,0.0,0.0,0.0,0.0,0.0,0.0,0.0,0.0,0.0,0.0,0.0,0.0,0.0,0.0,0.4210821303948267,0.0,0.0,0.0,0.0,0.0,0.0,0.0,0.0,0.0,0.0,0.0,0.0,0.0,0.0,0.0,0.0,0.0,0.3890180052686387,0.0,0.0,0.0,0.0,0.0,0.0,0.0,0.0,0.0,0.0,0.0,0.0,0.0,0.38643507908958014,0.0,0.0,0.0,0.0,0.0,0.0,0.0,0.0,0.0,0.0,0.0,0.0,0.0,0.0,0.0,0.0,0.0,0.0,0.323510902067253,0.0,0.17423966943852803,0.0,0.0,0.0,0.0,0.0,0.0,0.0,0.0,0.0,0.0,0.0,0.0,0.0,0.0,0.0,0.0,0.0,0.0,0.0,0.24489226352510818,0.0,0.0,0.0,0.0,0.0,0.0,0.0,0.0,0.0,0.0,0.0,0.0,0.0,0.0,0.0,0.0,0.0,0.0,0.0,0.22566713633171526,0.0,0.0,0.0,0.0,0.0,0.0,0.0,0.0,0.0,0.0,0.0,0.0,0.0,0.2871678600383915,0.0,0.0,0.0,0.0,0.0,0.0,0.0,0.0,0.38815175313648725,0.0,0.0,0.20731366107666957,0.0,0.0,0.0,0.0,0.0,0.0,0.0,0.0,0.0,0.0,0.0,0.0,0.0,0.0,0.0
883256088dded2fdc3a914d6e2cc68ff538a20dba921d7eab36fbc7bda213913,0.0,0.0,0.0,0.0,0.0,0.0,0.0,0.0,0.0,0.0,0.2448532786156347,0.0,0.15948937183543913,0.0,0.0,0.0,0.0,0.0,0.0,0.0,0.0,0.23308395409609176,0.0,0.0,0.0,0.0,0.3352532818720613,0.0,0.0,0.0,0.0,0.0,0.0,0.0,0.0,0.0,0.0,0.0,0.0,0.0,0.0,0.0,0.0,0.0,0.30972476284221884,0.0,0.0,0.0,0.0,0.0,0.0,0.0,0.0,0.0,0.0,0.0,0.0,0.0,0.3076683125303742,0.0,0.0,0.0,0.0,0.0,0.30834961187774695,0.0,0.0,0.0,0.0,0.0,0.0,0.0,0.0,0.0,0.0,0.15162441082705183,0.0,0.2575699223753383,0.0,0.13872453090516446,0.0,0.0,0.0,0.0,0.0,0.0,0.0,0.0,0.0,0.0,0.0,0.0,0.0,0.0,0.0,0.0,0.0,0.0,0.0,0.0,0.0,0.0,0.0,0.0,0.0,0.0,0.0,0.0,0.0,0.0,0.0,0.0,0.0,0.0,0.0,0.0,0.0,0.18431691828431424,0.0,0.17966957656203333,0.0,0.0,0.0,0.0,0.2516476859550896,0.0,0.28952220780494403,0.0,0.0,0.0,0.0,0.0,0.0,0.22863465480184697,0.0,0.0,0.0,0.0,0.0,0.0,0.0,0.0,0.0,0.24641530247244708,0.0,0.16505707612834758,0.0,0.0,0.0,0.0,0.0,0.0,0.0,0.0,0.0,0.0,0.0,0.0,0.0,0.0,0.0
ff107c629669e75b9222bcc03dd6287da864b356fff8c5bd832f333b8e420b25,0.0,0.0,0.0,0.0,0.0,0.4508350117900336,0.0,0.0,0.0,0.0,0.0,0.0,0.0,0.0,0.0,0.0,0.0,0.0,0.0,0.0,0.0,0.0,0.0,0.0,0.0,0.0,0.34061411185176677,0.0,0.0,0.0,0.0,0.0,0.0,0.0,0.0,0.0,0.0,0.0,0.0,0.0,0.0,0.0,0.0,0.0,0.3146773819033362,0.0,0.0,0.0,0.0,0.0,0.0,0.0,0.0,0.0,0.0,0.0,0.0,0.0,0.3125880481535668,0.0,0.0,0.0,0.0,0.0,0.0,0.0,0.0,0.0,0.0,0.0,0.0,0.0,0.0,0.0,0.0,0.15404894395221008,0.0,0.26168856531308904,0.0,0.1409427899481312,0.0,0.0,0.0,0.0,0.0,0.0,0.0,0.0,0.0,0.0,0.0,0.0,0.0,0.0,0.0,0.0,0.0,0.0,0.0,0.19809380360491863,0.0,0.0,0.21759851724784798,0.0,0.0,0.0,0.0,0.0,0.0,0.0,0.0,0.0,0.0,0.0,0.0,0.0,0.2024688353456146,0.0,0.20593167865506012,0.18254256276248548,0.0,0.0,0.0,0.0,0.0,0.0,0.2941517801769859,0.0,0.0,0.0,0.0,0.0,0.0,0.2322906115907475,0.0,0.0,0.0,0.0,0.0,0.0,0.0,0.0,0.0,0.0,0.0,0.1676964027805145,0.0,0.0,0.0,0.0,0.0,0.0,0.0,0.0,0.0,0.0,0.0,0.0,0.0,0.0,0.0
2946528b4254f25d435788aa8d8f565624898943dc6861aad8f732dcbb4f1051,0.0,0.0,0.0,0.0,0.0,0.0,0.0,0.0,0.0,0.0,0.21187691271592884,0.0,0.1380096517659532,0.0,0.0,0.0,0.0,0.0,0.0,0.0,0.0,0.20169265805513212,0.0,0.0,0.0,0.0,0.0,0.0,0.0,0.0,0.0,0.0,0.0,0.0,0.0,0.0,0.0,0.0,0.0,0.0,0.0,0.0,0.0,0.23877467706849104,0.0,0.0,0.0,0.0,0.0,0.0,0.0,0.0,0.0,0.0,0.0,0.0,0.0,0.0,0.0,0.0,0.0,0.0,0.0,0.0,0.0,0.0,0.0,0.0,0.0,0.0,0.0,0.0,0.48109752373905973,0.0,0.0,0.13120392849155038,0.2794341789887765,0.22288090349419343,0.0,0.12004137944295794,0.0,0.0,0.0,0.0,0.0,0.0,0.0,0.0,0.2878725048389379,0.0,0.0,0.0,0.0,0.0,0.0,0.0,0.0,0.0,0.0,0.16871706209723802,0.0,0.0,0.0,0.0,0.3147971110320073,0.0,0.0,0.0,0.0,0.0,0.0,0.0,0.0,0.0,0.0,0.0,0.17244328921004845,0.0,0.1753926028132036,0.1554720255582115,0.0,0.0,0.0,0.0,0.21775626241856433,0.0,0.0,0.0,0.0,0.0,0.0,0.0,0.0,0.19784258178274705,0.0,0.0,0.0,0.0,0.0,0.0,0.0,0.0,0.0,0.2132285662214127,0.0,0.1428275084153162,0.0,0.0,0.0,0.0,0.0,0.0,0.0,0.0,0.0,0.0,0.0,0.0,0.0,0.0,0.0
912643ee34a00adf2160b1e50272bb04cec2139a89f8dbb1eae7704a54abe01a,0.0,0.0,0.0,0.0,0.0,0.0,0.0,0.0,0.0,0.0,0.0,0.0,0.0,0.0,0.0,0.0,0.0,0.0,0.0,0.0,0.0,0.0,0.0,0.0,0.0,0.0,0.0,0.0,0.0,0.0,0.0,0.0,0.0,0.0,0.7731636414738425,0.0,0.0,0.0,0.0,0.0,0.0,0.0,0.0,0.0,0.0,0.0,0.0,0.0,0.0,0.0,0.0,0.0,0.0,0.0,0.0,0.0,0.0,0.0,0.0,0.0,0.0,0.0,0.0,0.0,0.0,0.0,0.0,0.0,0.0,0.0,0.0,0.0,0.0,0.0,0.0,0.0,0.0,0.0,0.0,0.0,0.0,0.0,0.0,0.0,0.0,0.0,0.0,0.0,0.0,0.0,0.0,0.0,0.0,0.0,0.0,0.0,0.0,0.0,0.0,0.0,0.0,0.0,0.6342065779404275,0.0,0.0,0.0,0.0,0.0,0.0,0.0,0.0,0.0,0.0,0.0,0.0,0.0,0.0,0.0,0.0,0.0,0.0,0.0,0.0,0.0,0.0,0.0,0.0,0.0,0.0,0.0,0.0,0.0,0.0,0.0,0.0,0.0,0.0,0.0,0.0,0.0,0.0,0.0,0.0,0.0,0.0,0.0,0.0,0.0,0.0,0.0,0.0,0.0,0.0,0.0,0.0,0.0,0.0,0.0,0.0,0.0,0.0
0f54e0f3c3408647bf9844f9d97b64dbc62278091280b3d7bf1db5bdde3fc436,0.0,0.0,0.0,0.0,0.0,0.0,0.0,0.0,0.0,0.0,0.0,0.0,0.0,0.0,0.0,0.0,0.0,0.0,0.0,0.0,0.0,0.0,0.0,0.0,0.0,0.0,0.0,0.0,0.0,0.0,0.0,0.0,0.0,0.0,0.7731636414738425,0.0,0.0,0.0,0.0,0.0,0.0,0.0,0.0,0.0,0.0,0.0,0.0,0.0,0.0,0.0,0.0,0.0,0.0,0.0,0.0,0.0,0.0,0.0,0.0,0.0,0.0,0.0,0.0,0.0,0.0,0.0,0.0,0.0,0.0,0.0,0.0,0.0,0.0,0.0,0.0,0.0,0.0,0.0,0.0,0.0,0.0,0.0,0.0,0.0,0.0,0.0,0.0,0.0,0.0,0.0,0.0,0.0,0.0,0.0,0.0,0.0,0.0,0.0,0.0,0.0,0.0,0.0,0.6342065779404275,0.0,0.0,0.0,0.0,0.0,0.0,0.0,0.0,0.0,0.0,0.0,0.0,0.0,0.0,0.0,0.0,0.0,0.0,0.0,0.0,0.0,0.0,0.0,0.0,0.0,0.0,0.0,0.0,0.0,0.0,0.0,0.0,0.0,0.0,0.0,0.0,0.0,0.0,0.0,0.0,0.0,0.0,0.0,0.0,0.0,0.0,0.0,0.0,0.0,0.0,0.0,0.0,0.0,0.0,0.0,0.0,0.0,0.0
784560f38065089f1c61869f7ebdc58b0115d500e5113e6c09d1b4d885ccb340,0.0,0.0,0.0,0.0,0.0,0.0,0.0,0.0,0.0,0.0,0.0,0.0,0.0,0.0,0.0,0.0,0.0,0.0,0.0,0.0,0.0,0.0,0.0,0.0,0.0,0.0,0.4304638692806069,0.0,0.0,0.0,0.0,0.0,0.0,0.0,0.3352514619248667,0.0,0.0,0.0,0.0,0.0,0.0,0.0,0.0,0.0,0.3976853532367782,0.0,0.0,0.0,0.0,0.0,0.0,0.0,0.0,0.0,0.0,0.0,0.0,0.0,0.3950448792844374,0.0,0.0,0.0,0.0,0.0,0.0,0.0,0.0,0.0,0.0,0.0,0.0,0.0,0.0,0.0,0.0,0.0,0.0,0.33071874726137784,0.0,0.17812174128205222,0.0,0.0,0.0,0.0,0.0,0.0,0.0,0.0,0.0,0.0,0.0,0.0,0.0,0.0,0.0,0.0,0.0,0.0,0.0,0.2503484800341915,0.0,0.0,0.0,0.0,0.0,0.0,0.0,0.0,0.0,0.0,0.0,0.0,0.0,0.0,0.0,0.0,0.0,0.0,0.0,0.23069501568195216,0.0,0.0,0.0,0.0,0.0,0.0,0.0,0.0,0.0,0.0,0.0,0.0,0.0,0.2935659797513851,0.0,0.0,0.0,0.0,0.0,0.0,0.0,0.0,0.0,0.0,0.0,0.21193262373331986,0.0,0.0,0.0,0.0,0.0,0.0,0.0,0.0,0.0,0.0,0.0,0.0,0.0,0.0,0.0
778782d68c349fbb021a749f1370c2446c19cd3a64e7891c84c55ddf834f2e02,0.0,0.0,0.0,0.0,0.0,0.0,0.0,0.0,0.0,0.0,0.1975521623116673,0.0,0.1286789805305416,0.0,0.0,0.0,0.0,0.0,0.0,0.0,0.0,0.18805645320403777,0.0,0.0,0.0,0.0,0.2704885600485466,0.0,0.0,0.0,0.0,0.0,0.0,0.0,0.0,0.0,0.0,0.0,0.0,0.0,0.0,0.0,0.0,0.2226314002573449,0.24989167785250846,0.0,0.0,0.0,0.0,0.0,0.0,0.0,0.0,0.0,0.0,0.0,0.0,0.0,0.248232495634944,0.0,0.0,0.0,0.0,0.0,0.2487821805728627,0.0,0.0,0.21029941664777901,0.0,0.0,0.0,0.0,0.0,0.0,0.0,0.12233338425146179,0.260541960779987,0.20781218613605817,0.0,0.11192552209606,0.0,0.0,0.0,0.0,0.0,0.0,0.0,0.0,0.0,0.0,0.0,0.0,0.0,0.0,0.0,0.0,0.0,0.0,0.0,0.15731029874344327,0.0,0.0,0.0,0.0,0.0,0.0,0.0,0.0,0.0,0.0,0.0,0.0,0.0,0.0,0.0,0.0,0.16078459999677053,0.14871030505925242,0.0,0.14496074364260086,0.0,0.0,0.0,0.0,0.20303401605332216,0.0,0.23359188209564144,0.0,0.0,0.0,0.0,0.0,0.0,0.18446667608804657,0.0,0.0,0.0,0.0,0.0,0.0,0.0,0.0,0.0,0.198812432103603,0.0,0.13317110752346878,0.0,0.0,0.0,0.0,0.0,0.36982826238101846,0.0,0.0,0.0,0.0,0.0,0.0,0.0,0.0,0.0
73437218cd12895c7a59c0c03009417705ed231d323e3a1ad279750e46bcc8ad,0.0,0.0,0.0,0.0,0.0,0.0,0.0,0.0,0.0,0.0,0.0,0.0,0.25781465213816834,0.0,0.0,0.0,0.0,0.0,0.0,0.0,0.0,0.0,0.0,0.0,0.0,0.0,0.0,0.0,0.0,0.0,0.0,0.0,0.0,0.0,0.4220684225870941,0.0,0.0,0.0,0.0,0.0,0.0,0.0,0.0,0.0,0.0,0.0,0.0,0.0,0.0,0.0,0.0,0.0,0.0,0.0,0.0,0.0,0.0,0.0,0.0,0.0,0.0,0.0,0.0,0.0,0.0,0.0,0.0,0.42134520124705466,0.0,0.0,0.0,0.0,0.0,0.0,0.0,0.0,0.0,0.0,0.0,0.0,0.0,0.0,0.0,0.0,0.0,0.0,0.0,0.0,0.0,0.0,0.0,0.0,0.0,0.0,0.0,0.0,0.0,0.0,0.0,0.0,0.0,0.0,0.0,0.0,0.0,0.0,0.0,0.0,0.0,0.0,0.0,0.0,0.0,0.0,0.0,0.0,0.0,0.0,0.3276494238140627,0.29043596352581424,0.0,0.0,0.0,0.0,0.0,0.0,0.0,0.0,0.0,0.0,0.0,0.0,0.0,0.36958803784924366,0.0,0.0,0.0,0.0,0.0,0.0,0.0,0.0,0.4995553639264493,0.0,0.0,0.0,0.0,0.0,0.0,0.0,0.0,0.0,0.0,0.0,0.0,0.0,0.0,0.0,0.0,0.0,0.0
0771775f6646f28170c196d4ddba3ecdd1b0ada28c15dcc5b85f5c374c7b6987,0.3683853380136777,0.0,0.0,0.0,0.0,0.0,0.0,0.0,0.0,0.0,0.15225066908770926,0.0,0.09917107792721037,0.0,0.0,0.0,0.0,0.19433027855934362,0.0,0.0,0.0,0.14493245981993114,0.0,0.0,0.0,0.0,0.0,0.0,0.0,0.0,0.0,0.0,0.0,0.0,0.0,0.0,0.0,0.0,0.0,0.0,0.0,0.0,0.0,0.1715788845461425,0.0,0.0,0.0,0.20685963804110158,0.24352182995273,0.0,0.0,0.0,0.0,0.0,0.0,0.0,0.0,0.0,0.0,0.0,0.0,0.0,0.0,0.0,0.0,0.0,0.0,0.0,0.0,0.0,0.3419395978054728,0.0,0.0,0.0,0.0,0.09428061624891104,0.20079601959301854,0.16015792494277256,0.0,0.08625942347435347,0.0,0.0,0.0,0.0,0.0,0.0,0.0,0.0,0.0,0.0,0.0,0.0,0.0,0.0,0.0,0.0,0.0,0.0,0.0,0.12123683161863402,0.0,0.0,0.0,0.0,0.226207141529195,0.0,0.0,0.0,0.0,0.0,0.0,0.0,0.0,0.0,0.0,0.0,0.12391442666108576,0.11460893761207575,0.1260337466175356,0.0,0.1331740534835525,0.0,0.0,0.0,0.1564754565577203,0.0,0.0,0.0,0.0,0.0,0.0,0.0,0.0,0.14216586915653381,0.0,0.0,0.0,0.0,0.0,0.0,0.0,0.0,0.0,0.1532219412661961,0.0,0.0,0.21178081039961177,0.0,0.0,0.0,0.0,0.2850214330037203,0.0,0.0,0.0,0.0,0.3457074154366098,0.0,0.0,0.0,0.0
758582d70bd36a20a8a49df28ce92479b8af7ee6f84b44a6df08784ed93ec663,0.0,0.0,0.0,0.0,0.0,0.0,0.0,0.0,0.0,0.0,0.0,0.0,0.0,0.0,0.0,0.0,0.0,0.0,0.0,0.0,0.0,0.0,0.0,0.0,0.0,0.0,0.0,0.0,0.0,0.0,0.0,0.0,0.0,0.0,0.0,0.0,0.0,0.0,0.0,0.0,0.0,0.0,0.31653499542291724,0.0,0.0,0.0,0.0,0.0,0.0,0.0,0.0,0.0,0.0,0.0,0.0,0.0,0.0,0.0,0.0,0.0,0.0,0.0,0.0,0.0,0.0,0.0,0.0,0.0,0.0,0.0,0.0,0.0,0.0,0.0,0.0,0.0,0.0,0.0,0.0,0.1498454139045062,0.0,0.0,0.0,0.0,0.0,0.0,0.0,0.0,0.0,0.0,0.0,0.0,0.0,0.0,0.0,0.0,0.0,0.0,0.0,0.0,0.0,0.0,0.0,0.0,0.0,0.0,0.27543501253419495,0.0,0.0,0.7826253415696376,0.0,0.0,0.0,0.0,0.0,0.0,0.0,0.0,0.0,0.1940728282901187,0.23134308533278009,0.0,0.0,0.0,0.0,0.0,0.31273182024840573,0.0,0.0,0.0,0.0,0.0,0.0,0.0,0.0,0.0,0.0,0.0,0.0,0.0,0.0,0.0,0.0,0.0,0.0,0.0,0.0,0.0,0.0,0.0,0.0,0.0,0.0,0.0,0.0,0.0,0.0,0.0,0.0,0.0,0.0
750361a8039bd9876939ca3ee37312821f8cd019eabe123ef884b30433757677,0.0,0.0,0.0,0.0,0.0,0.0,0.0,0.0,0.0,0.0,0.20653799001372142,0.0,0.1345320531286497,0.0,0.0,0.0,0.0,0.0,0.0,0.0,0.0,0.19661036052136147,0.0,0.0,0.0,0.0,0.0,0.0,0.0,0.0,0.0,0.0,0.0,0.0,0.0,0.0,0.0,0.0,0.0,0.0,0.0,0.0,0.24718696402633128,0.23275797837408263,0.26125821282273715,0.0,0.0,0.0,0.0,0.0,0.0,0.0,0.0,0.0,0.0,0.0,0.0,0.0,0.0,0.0,0.0,0.0,0.0,0.0,0.0,0.0,0.0,0.2198650640278271,0.0,0.0,0.0,0.427205681379486,0.0,0.0,0.0,0.12789782201933883,0.27239293290465927,0.21726469972616397,0.0,0.11701654942397627,0.0,0.0,0.0,0.0,0.0,0.0,0.0,0.0,0.0,0.0,0.0,0.0,0.0,0.0,0.0,0.0,0.0,0.0,0.0,0.16446569114070358,0.0,0.0,0.0,0.0,0.0,0.0,0.0,0.0,0.0,0.0,0.0,0.0,0.0,0.0,0.0,0.0,0.1680980239340662,0.1554745194477245,0.17097302006133416,0.0,0.18065931331065135,0.0,0.0,0.0,0.21226919052351068,0.0,0.0,0.0,0.0,0.0,0.0,0.0,0.0,0.1928572993477542,0.0,0.0,0.0,0.0,0.0,0.0,0.0,0.0,0.26067645187379723,0.20785558424633102,0.0,0.0,0.0,0.0,0.0,0.0,0.0,0.0,0.0,0.0,0.0,0.0,0.0,0.0,0.0,0.0,0.0
420963bc3830703c8a1222f3312bcbdb5d2c173a1ded1b2d6fd492fda93373c1,0.0,0.0,0.0,0.0,0.0,0.0,0.0,0.0,0.0,0.0,0.0,0.0,0.18013123477208817,0.0,0.0,0.0,0.0,0.35297542148519717,0.0,0.0,0.0,0.0,0.0,0.0,0.0,0.0,0.0,0.0,0.0,0.0,0.0,0.0,0.0,0.0,0.29489288327249885,0.0,0.0,0.0,0.0,0.0,0.0,0.0,0.0,0.0,0.0,0.0,0.0,0.0,0.0,0.0,0.0,0.0,0.0,0.0,0.0,0.0,0.0,0.0,0.0,0.0,0.0,0.0,0.0,0.0,0.34825766563518906,0.0,0.0,0.0,0.0,0.0,0.0,0.0,0.0,0.0,0.0,0.17124835360219487,0.0,0.0,0.0,0.0,0.0,0.0,0.0,0.0,0.0,0.0,0.0,0.0,0.0,0.0,0.0,0.0,0.0,0.0,0.0,0.0,0.0,0.0,0.0,0.2202107775348509,0.0,0.0,0.24189317283819115,0.6691235710581072,0.0,0.0,0.0,0.0,0.0,0.0,0.0,0.0,0.0,0.0,0.0,0.0,0.2250742771689929,0.0,0.0,0.0,0.0,0.0,0.0,0.0,0.0,0.0,0.0,0.0,0.0,0.0,0.0,0.0,0.0,0.0,0.0,0.0,0.0,0.0,0.0,0.0,0.0,0.0,0.0,0.0,0.0,0.0,0.0,0.0,0.0,0.0,0.0,0.0,0.0,0.0,0.0,0.0,0.0,0.0,0.0,0.0,0.0
f69fd03b940dbebd0d98a1c77fc689337b5f0355d29e86abb4dbb99ea5334891,0.0,0.0,0.0,0.0,0.0,0.0,0.0,0.0,0.0,0.0,0.0,0.0,0.0,0.0,0.0,0.0,0.0,0.0,0.0,0.0,0.0,0.0,0.0,0.0,0.0,0.0,0.0,0.0,0.0,0.0,0.0,0.0,0.0,0.0,0.0,0.0,0.0,0.0,0.0,0.0,0.0,0.0,0.0,0.0,0.0,0.0,0.0,0.0,0.0,0.0,0.0,0.0,0.0,0.0,0.0,0.0,0.0,0.0,0.0,0.0,0.41794898711221856,0.0,0.0,0.0,0.0,0.0,0.0,0.0,0.0,0.0,0.0,0.0,0.0,0.0,0.0,0.0,0.0,0.0,0.0,0.0,0.0,0.0,0.0,0.0,0.0,0.0,0.0,0.0,0.0,0.0,0.0,0.0,0.0,0.0,0.0,0.0,0.0,0.0,0.0,0.3517110195567317,0.0,0.0,0.3863411927205451,0.0,0.0,0.0,0.0,0.0,0.0,0.0,0.0,0.0,0.0,0.0,0.5783456633407038,0.0,0.35947878839205655,0.0,0.0,0.0,0.0,0.0,0.0,0.0,0.0,0.0,0.0,0.0,0.0,0.0,0.0,0.0,0.0,0.0,0.0,0.0,0.0,0.0,0.0,0.0,0.0,0.0,0.0,0.0,0.0,0.2977411293266046,0.0,0.0,0.0,0.0,0.0,0.0,0.0,0.0,0.0,0.0,0.0,0.0,0.0,0.0,0.0
393242de003f1c79e502bfe5b8b073f2ce1f423d5871a2261bdeffd823f8c266,0.0,0.0,0.0,0.0,0.0,0.0,0.0,0.0,0.0,0.0,0.21262741806409194,0.0,0.13849850626369334,0.0,0.0,0.0,0.0,0.0,0.0,0.0,0.0,0.2024070889792723,0.0,0.0,0.0,0.0,0.2911296108632867,0.0,0.0,0.0,0.0,0.0,0.0,0.0,0.0,0.0,0.0,0.0,0.0,0.0,0.0,0.0,0.0,0.2396204590361851,0.26896097534815316,0.0,0.0,0.0,0.0,0.0,0.0,0.0,0.0,0.0,0.0,0.0,0.0,0.0,0.26717518051356154,0.0,0.0,0.0,0.0,0.0,0.26776681204890246,0.0,0.0,0.22634741862079383,0.0,0.0,0.0,0.0,0.0,0.0,0.0,0.13166867591858572,0.28042398407467467,0.22367038691610872,0.0,0.12046658715491666,0.0,0.0,0.0,0.0,0.0,0.0,0.0,0.0,0.0,0.0,0.0,0.0,0.0,0.0,0.0,0.0,0.0,0.0,0.0,0.16931468765165655,0.0,0.0,0.0,0.0,0.0,0.0,0.0,0.0,0.0,0.0,0.0,0.0,0.0,0.0,0.0,0.0,0.17305411371729665,0.16005842626205902,0.0,0.15602273486002025,0.0,0.0,0.0,0.0,0.21852759345905504,0.0,0.25141733803130667,0.0,0.0,0.0,0.0,0.0,0.0,0.1985433750585176,0.0,0.0,0.0,0.0,0.0,0.0,0.0,0.0,0.0,0.21398385936439368,0.0,0.1433334286100012,0.0,0.0,0.0,0.0,0.0,0.0,0.0,0.0,0.0,0.0,0.0,0.0,0.0,0.0,0.0
338447d40e099471b745ab89c003011a8e3443fd687845a199b76ed67f462516,0.0,0.0,0.0,0.0,0.0,0.0,0.0,0.0,0.0,0.0,0.0,0.0,0.0,0.0,0.0,0.0,0.0,0.0,0.0,0.50116968791989,0.4351991288610551,0.0,0.0,0.0,0.0,0.0,0.0,0.0,0.0,0.0,0.0,0.0,0.0,0.0,0.0,0.0,0.0,0.0,0.0,0.0,0.0,0.0,0.0,0.0,0.0,0.0,0.0,0.3211494637421629,0.0,0.0,0.0,0.0,0.0,0.0,0.0,0.0,0.0,0.0,0.0,0.0,0.0,0.0,0.0,0.0,0.0,0.0,0.0,0.0,0.0,0.0,0.0,0.0,0.0,0.0,0.0,0.14637060006651645,0.0,0.0,0.0,0.13391770310452022,0.0,0.0,0.0,0.0,0.0,0.0,0.0,0.0,0.0,0.0,0.0,0.0,0.0,0.0,0.0,0.0,0.0,0.0,0.0,0.18822010822810717,0.0,0.0,0.20675263799946875,0.0,0.0,0.0,0.0,0.0,0.0,0.0,0.0,0.0,0.0,0.0,0.0,0.0,0.0,0.0,0.0,0.0,0.20675263799946875,0.0,0.0,0.0,0.0,0.0,0.0,0.0,0.42617806960001453,0.0,0.0,0.0,0.0,0.0,0.0,0.0,0.0,0.0,0.0,0.0,0.0,0.0,0.29832696195724745,0.0,0.0,0.15933782130694052,0.0,0.0,0.0,0.0,0.0,0.0,0.0,0.0,0.0,0.0,0.0,0.0,0.0,0.0,0.0
0fa6047b89faa0096bac58ca8733687cd676b31cd75675654e4e0343ca8ae8c6,0.0,0.0,0.0,0.0,0.0,0.0,0.0,0.0,0.0,0.0,0.21839725148390182,0.0,0.14225678596868005,0.0,0.0,0.0,0.0,0.0,0.0,0.0,0.0,0.2078995847120992,0.0,0.0,0.0,0.0,0.0,0.0,0.0,0.0,0.0,0.0,0.0,0.0,0.0,0.0,0.0,0.0,0.0,0.0,0.0,0.0,0.0,0.24612277254403392,0.0,0.0,0.0,0.0,0.3493219350475733,0.3467910647765762,0.0,0.0,0.0,0.0,0.0,0.0,0.0,0.0,0.0,0.0,0.0,0.0,0.0,0.0,0.0,0.0,0.0,0.0,0.0,0.0,0.0,0.0,0.0,0.0,0.0,0.13524162212455515,0.2880335373945696,0.22973988108200863,0.0,0.12373555475498112,0.0,0.0,0.0,0.0,0.0,0.0,0.0,0.0,0.0,0.0,0.0,0.0,0.0,0.0,0.0,0.0,0.0,0.0,0.0,0.1739091917479379,0.0,0.0,0.0,0.0,0.0,0.0,0.0,0.0,0.0,0.0,0.0,0.0,0.0,0.0,0.0,0.0,0.17775009045375245,0.0,0.0,0.16025655003795805,0.0,0.0,0.0,0.0,0.22445753336694887,0.0,0.0,0.0,0.0,0.0,0.0,0.0,0.0,0.20393102549007755,0.0,0.0,0.0,0.0,0.0,0.0,0.0,0.0,0.0,0.21979050102096695,0.0,0.14722290821756825,0.0,0.0,0.0,0.0,0.0,0.4088513893239807,0.0,0.0,0.0,0.0,0.0,0.0,0.0,0.0,0.0
2bed8e9c8a557e04ab5f5c3b2a4a26133f62993277dbf0fa0ab574eabb4eddd0,0.0,0.0,0.0,0.0,0.0,0.0,0.0,0.0,0.0,0.0,0.22327801924382673,0.0,0.14543595754647645,0.0,0.0,0.0,0.0,0.0,0.0,0.0,0.0,0.21254574936605042,0.0,0.0,0.0,0.0,0.0,0.0,0.0,0.0,0.0,0.0,0.0,0.0,0.0,0.0,0.0,0.0,0.0,0.0,0.0,0.0,0.0,0.2516231535472481,0.0,0.0,0.0,0.3033629377136226,0.0,0.0,0.0,0.0,0.0,0.0,0.0,0.0,0.0,0.0,0.0,0.0,0.0,0.0,0.0,0.0,0.0,0.0,0.0,0.0,0.0,0.0,0.0,0.0,0.0,0.0,0.43614711763092334,0.13826401798613552,0.2944705451569872,0.23487413527767878,0.0,0.12650081165405455,0.0,0.0,0.0,0.0,0.0,0.0,0.0,0.0,0.0,0.0,0.0,0.0,0.0,0.0,0.0,0.0,0.0,0.0,0.0,0.0,0.0,0.0,0.0,0.0,0.3317363582182374,0.0,0.0,0.0,0.0,0.0,0.0,0.0,0.0,0.0,0.0,0.0,0.181722470622989,0.0,0.0,0.0,0.0,0.0,0.0,0.0,0.0,0.0,0.0,0.0,0.0,0.0,0.0,0.0,0.0,0.20848850031037658,0.0,0.0,0.0,0.0,0.0,0.0,0.0,0.0,0.0,0.0,0.0,0.0,0.0,0.0,0.0,0.0,0.0,0.41798844881559283,0.0,0.0,0.0,0.0,0.0,0.0,0.0,0.0,0.0
51069afe5b2c62522b68911c1dcf5bc0a089a76bc193d05908faa60ba284109a,0.0,0.0,0.0,0.0,0.0,0.0,0.0,0.0,0.0,0.0,0.0,0.0,0.30273175753108233,0.0,0.0,0.0,0.0,0.5932167724641949,0.0,0.0,0.0,0.0,0.0,0.0,0.0,0.0,0.0,0.0,0.0,0.0,0.0,0.0,0.0,0.0,0.0,0.0,0.0,0.0,0.0,0.0,0.0,0.0,0.0,0.0,0.0,0.0,0.0,0.0,0.0,0.0,0.0,0.0,0.0,0.0,0.0,0.0,0.0,0.0,0.0,0.0,0.0,0.0,0.0,0.0,0.0,0.0,0.0,0.0,0.0,0.0,0.0,0.0,0.0,0.0,0.0,0.28780302941847047,0.0,0.0,0.0,0.0,0.0,0.0,0.0,0.0,0.0,0.0,0.0,0.0,0.0,0.0,0.0,0.0,0.0,0.0,0.0,0.0,0.0,0.0,0.0,0.0,0.0,0.0,0.40652996933446023,0.0,0.0,0.0,0.0,0.0,0.0,0.0,0.0,0.0,0.0,0.0,0.0,0.0,0.3782638340797362,0.0,0.0,0.0,0.40652996933446023,0.0,0.0,0.0,0.0,0.0,0.0,0.0,0.0,0.0,0.0,0.0,0.0,0.0,0.0,0.0,0.0,0.0,0.0,0.0,0.0,0.0,0.0,0.0,0.0,0.0,0.0,0.0,0.0,0.0,0.0,0.0,0.0,0.0,0.0,0.0,0.0,0.0,0.0,0.0,0.0
042271aadf2191749876fc99997d0e6bdd3b89159e7ab8cd11a9f13ae65fa6b1,0.0,0.0,0.0,0.0,0.0,0.0,0.0,0.0,0.0,0.0,0.0,0.0,0.1900676330194065,0.0,0.0,0.0,0.0,0.0,0.0,0.0,0.0,0.0,0.0,0.0,0.0,0.0,0.0,0.0,0.0,0.0,0.0,0.0,0.0,0.0,0.31115976298496467,0.0,0.0,0.0,0.0,0.0,0.0,0.5494043257301457,0.0,0.0,0.0,0.0,0.0,0.0,0.0,0.0,0.0,0.0,0.0,0.0,0.0,0.0,0.0,0.0,0.0,0.0,0.0,0.0,0.0,0.0,0.0,0.0,0.0,0.0,0.0,0.0,0.0,0.0,0.0,0.0,0.0,0.0,0.0,0.0,0.0,0.16532163195223806,0.0,0.0,0.0,0.0,0.0,0.0,0.0,0.0,0.0,0.0,0.0,0.0,0.0,0.0,0.0,0.0,0.0,0.0,0.0,0.0,0.0,0.0,0.0,0.0,0.0,0.0,0.3038822782921947,0.0,0.0,0.0,0.0,0.0,0.0,0.0,0.0,0.0,0.2374898232901754,0.0,0.2415516338114735,0.21411690791521815,0.0,0.0,0.0,0.0,0.0,0.0,0.0,0.0,0.0,0.0,0.0,0.0,0.0,0.0,0.0,0.0,0.0,0.0,0.0,0.0,0.0,0.0,0.0,0.0,0.0,0.19670281105118773,0.405891296060436,0.0,0.0,0.0,0.0,0.0,0.0,0.0,0.2854797791149381,0.0,0.0,0.0,0.0,0.0,0.0
14910c0c902170b9ae33ed613976464020ac0e6df96566a4a2974104fd587aa2,0.0,0.0,0.0,0.0,0.0,0.0,0.0,0.0,0.0,0.0,0.294743136275475,0.0,0.19198598410918358,0.0,0.0,0.0,0.0,0.0,0.0,0.0,0.0,0.28057576371527587,0.0,0.0,0.0,0.0,0.0,0.0,0.0,0.0,0.0,0.0,0.0,0.0,0.3143002959675375,0.0,0.0,0.0,0.0,0.0,0.0,0.0,0.0,0.0,0.0,0.0,0.0,0.0,0.0,0.0,0.0,0.0,0.0,0.0,0.0,0.0,0.0,0.0,0.0,0.0,0.0,0.0,0.0,0.0,0.0,0.0,0.0,0.0,0.0,0.0,0.0,0.0,0.0,0.0,0.0,0.18251850510541914,0.3887224202107345,0.31005084824823054,0.0,0.1669902218524812,0.0,0.0,0.0,0.0,0.0,0.0,0.0,0.0,0.0,0.0,0.0,0.0,0.0,0.0,0.0,0.0,0.0,0.0,0.0,0.23470323117458494,0.0,0.0,0.0,0.0,0.0,0.0,0.0,0.0,0.0,0.0,0.0,0.0,0.0,0.0,0.0,0.0,0.239886806164546,0.2218722447618486,0.0,0.2162779881428912,0.25781258256177225,0.0,0.0,0.0,0.0,0.0,0.0,0.0,0.0,0.0,0.0,0.0,0.0,0.27521990147962017,0.0,0.0,0.0,0.0,0.0,0.0,0.0,0.0,0.0,0.0,0.0,0.1986881309394179,0.0,0.0,0.0,0.0,0.0,0.0,0.0,0.0,0.0,0.0,0.0,0.0,0.0,0.0,0.0
bb86f9dc3d6233f657539dbfd68787724b849c96de18c982620805647dbda743,0.0,0.0,0.0,0.0,0.0,0.0,0.0,0.0,0.0,0.0,0.2242177330488623,0.0,0.14604805620947,0.0,0.0,0.0,0.0,0.0,0.0,0.0,0.0,0.21344029409354906,0.0,0.0,0.0,0.0,0.0,0.0,0.0,0.0,0.0,0.0,0.0,0.0,0.0,0.0,0.0,0.0,0.0,0.0,0.0,0.0,0.0,0.2526821639767375,0.0,0.0,0.0,0.0,0.0,0.0,0.0,0.0,0.0,0.0,0.0,0.0,0.0,0.0,0.0,0.0,0.0,0.0,0.0,0.0,0.0,0.0,0.0,0.0,0.0,0.0,0.0,0.4637746761171602,0.0,0.0,0.0,0.13884593199129056,0.29570988809543464,0.23586265384351754,0.0,0.1270332176627701,0.0,0.0,0.0,0.0,0.0,0.0,0.0,0.0,0.0,0.0,0.0,0.0,0.0,0.0,0.0,0.0,0.0,0.0,0.0,0.17854402683706294,0.0,0.0,0.0,0.0,0.3331325423858758,0.0,0.0,0.0,0.0,0.0,0.0,0.0,0.0,0.0,0.0,0.0,0.1824872889195142,0.1687832068817659,0.18560838598324306,0.0,0.19612383020667193,0.0,0.0,0.0,0.2304395268499352,0.0,0.0,0.0,0.0,0.0,0.0,0.0,0.0,0.20936596922825906,0.0,0.0,0.0,0.0,0.0,0.0,0.0,0.0,0.0,0.22564811392888517,0.0,0.0,0.0,0.0,0.0,0.0,0.0,0.0,0.0,0.0,0.0,0.0,0.0,0.0,0.0,0.0,0.0
0fda176b199295f72fafc3bc25cefa27fa44ed7712c3a24ca2409217e430436d,0.0,0.0,0.0,0.0,0.0,0.0,0.0,0.0,0.0,0.0,0.0,0.0,0.0,0.0,0.0,0.0,0.0,0.0,0.0,0.0,0.0,0.0,0.0,0.0,0.0,0.0,0.0,0.0,0.0,0.0,0.0,0.0,0.0,0.0,0.27020011872076005,0.0,0.0,0.0,0.0,0.0,0.0,0.0,0.0,0.0,0.0,0.0,0.0,0.0,0.0,0.0,0.0,0.0,0.0,0.0,0.0,0.0,0.0,0.0,0.0,0.0,0.2397712545659823,0.0,0.0,0.0,0.0,0.0,0.0,0.0,0.0,0.0,0.0,0.0,0.0,0.0,0.0,0.1569089255751562,0.0,0.0,0.0,0.14355945046391805,0.0,0.0,0.0,0.0,0.0,0.0,0.0,0.0,0.0,0.0,0.0,0.0,0.0,0.0,0.0,0.0,0.0,0.0,0.0,0.20177149605378944,0.7831596880738845,0.0,0.22163832267944014,0.0,0.0,0.0,0.0,0.0,0.0,0.0,0.0,0.0,0.0,0.0,0.0,0.0,0.20622775204735716,0.0,0.20975488445852628,0.18593154006743967,0.0,0.0,0.0,0.0,0.0,0.0,0.0,0.0,0.0,0.0,0.0,0.0,0.0,0.0,0.0,0.0,0.0,0.0,0.0,0.0,0.0,0.0,0.0,0.0,0.0,0.0,0.0,0.0,0.0,0.0,0.0,0.0,0.0,0.0,0.0,0.0,0.0,0.0,0.0,0.0,0.0
7d0cbce0335874149e3c901e113500a5217fb7ec182c1b4b3cfe8a6852d608cd,0.0,0.0,0.0,0.0,0.0,0.0,0.30839191865255866,0.0,0.0,0.0,0.0,0.0,0.11577318497467949,0.0,0.0,0.0,0.29912210036103865,0.22686286925655022,0.0,0.0,0.0,0.0,0.0,0.0,0.0,0.3056338927052313,0.0,0.0,0.0,0.0,0.0,0.0,0.0,0.0,0.0,0.0,0.0,0.0,0.0,0.0,0.0,0.0,0.0,0.0,0.0,0.0,0.0,0.0,0.0,0.2822298129158073,0.0,0.0,0.0,0.0,0.0,0.0,0.0,0.0,0.0,0.0,0.16818793057524098,0.30700121856865575,0.0,0.0,0.0,0.0,0.0,0.0,0.0,0.0,0.0,0.0,0.0,0.0,0.0,0.11006401717770445,0.0,0.0,0.0,0.0,0.0,0.0,0.0,0.0,0.0,0.0,0.0,0.0,0.24148975325553734,0.0,0.0,0.0,0.0,0.0,0.0,0.0,0.0,0.0,0.0,0.0,0.0,0.0,0.15546855645852392,0.0,0.0,0.0,0.0,0.0,0.0,0.0,0.0,0.0,0.0,0.0,0.2327335710190894,0.26489383304496134,0.14465878700436124,0.13379547758524182,0.14713289968385324,0.13042197660105512,0.15546855645852392,0.0,0.0,0.0,0.0,0.0,0.0,0.0,0.0,0.0,0.0,0.0,0.2966566397517268,0.0,0.0,0.0,0.0,0.0,0.0,0.0,0.0,0.0,0.0,0.1788726362479479,0.0,0.11981477628304762,0.0,0.0,0.0,0.0,0.0,0.0,0.0,0.0,0.0,0.0,0.0,0.0,0.0,0.0,0.0
f1fe80a633a1cd5361e637c748ada6d0cfebc7e07f058f60b3dce6067cc91c99,0.0,0.0,0.0,0.0,0.0,0.0,0.0,0.0,0.0,0.0,0.0,0.0,0.16717066316160956,0.0,0.0,0.0,0.0,0.0,0.0,0.0,0.0,0.0,0.0,0.0,0.0,0.0,0.0,0.0,0.0,0.0,0.0,0.0,0.0,0.0,0.0,0.0,0.0,0.0,0.0,0.0,0.0,0.0,0.0,0.0,0.0,0.0,0.0,0.3486990723049631,0.0,0.0,0.0,0.0,0.0,0.0,0.0,0.0,0.0,0.0,0.0,0.0,0.24285492271972123,0.0,0.0,0.0,0.0,0.0,0.0,0.0,0.0,0.0,0.0,0.0,0.0,0.0,0.0,0.0,0.0,0.0,0.0,0.14540575062348127,0.0,0.0,0.0,0.0,0.0,0.0,0.0,0.0,0.0,0.0,0.0,0.0,0.0,0.6780127634770701,0.0,0.0,0.0,0.0,0.0,0.0,0.0,0.0,0.0,0.0,0.0,0.0,0.0,0.0,0.0,0.0,0.0,0.0,0.0,0.0,0.3360555850280859,0.0,0.0,0.0,0.2124525158258341,0.18832278237844746,0.22448878546127715,0.0,0.0,0.0,0.0,0.0,0.0,0.0,0.0,0.0,0.0,0.0,0.0,0.0,0.0,0.0,0.0,0.0,0.0,0.0,0.0,0.0,0.0,0.25828310095791757,0.0,0.0,0.0,0.0,0.0,0.0,0.0,0.0,0.0,0.0,0.0,0.0,0.0,0.0,0.0,0.0,0.0
b529884827298734eb8a64d2b01527c43433ee90a198a2584381595be09a6857,0.0,0.0,0.0,0.0,0.0,0.0,0.0,0.0,0.0,0.0,0.0,0.0,0.0,0.0,0.0,0.0,0.0,0.0,0.0,0.0,0.0,0.0,0.0,0.0,0.0,0.0,0.47394462741506055,0.0,0.0,0.0,0.0,0.0,0.0,0.0,0.0,0.0,0.0,0.0,0.0,0.0,0.0,0.0,0.0,0.0,0.43785518371895316,0.0,0.0,0.0,0.0,0.0,0.0,0.0,0.0,0.0,0.0,0.0,0.0,0.0,0.4349479979297422,0.0,0.0,0.0,0.0,0.0,0.0,0.0,0.0,0.0,0.0,0.0,0.0,0.0,0.0,0.0,0.0,0.0,0.0,0.36412434268157706,0.0,0.19611365396944194,0.0,0.0,0.0,0.0,0.0,0.0,0.0,0.0,0.0,0.0,0.0,0.0,0.0,0.0,0.0,0.0,0.0,0.0,0.0,0.0,0.0,0.0,0.0,0.0,0.0,0.0,0.0,0.0,0.0,0.0,0.0,0.0,0.0,0.0,0.0,0.0,0.0,0.0,0.0,0.25399730629336736,0.0,0.0,0.0,0.0,0.0,0.0,0.0,0.0,0.0,0.0,0.0,0.0,0.0,0.3232188084159741,0.0,0.0,0.0,0.0,0.0,0.0,0.0,0.0,0.0,0.0,0.0,0.2333397424509692,0.0,0.0,0.0,0.0,0.0,0.0,0.0,0.0,0.0,0.0,0.0,0.0,0.0,0.0,0.0
b7237c2cb72c7ad699a4877b44b212805a7c88282f06a5b879288051a45cac4a,0.0,0.0,0.0,0.0,0.0,0.0,0.31648504615772866,0.0,0.0,0.0,0.0,0.0,0.1188114200612977,0.0,0.0,0.0,0.3069719600733598,0.23281643034564764,0.0,0.0,0.0,0.0,0.0,0.0,0.0,0.3136546413499181,0.0,0.0,0.0,0.0,0.0,0.0,0.0,0.0,0.0,0.0,0.0,0.0,0.0,0.0,0.0,0.0,0.0,0.0,0.0,0.0,0.0,0.0,0.0,0.28963636841722185,0.0,0.0,0.0,0.0,0.0,0.0,0.0,0.0,0.0,0.0,0.17260168555599203,0.3150578499388114,0.0,0.0,0.0,0.0,0.0,0.0,0.0,0.0,0.0,0.0,0.0,0.0,0.0,0.11295242660374372,0.0,0.0,0.0,0.0,0.0,0.0,0.0,0.0,0.0,0.0,0.0,0.0,0.2478271675847727,0.0,0.0,0.0,0.0,0.0,0.0,0.0,0.0,0.0,0.0,0.1452471872788842,0.0,0.0,0.0,0.0,0.0,0.0,0.0,0.0,0.0,0.0,0.0,0.0,0.0,0.0,0.2388411969037776,0.27184544051746895,0.14845506679367865,0.13730667160239896,0.15099410759925375,0.13384463984956202,0.1595485169709818,0.0,0.0,0.0,0.0,0.0,0.0,0.0,0.0,0.0,0.0,0.0,0.3044417983941972,0.0,0.0,0.0,0.0,0.0,0.0,0.0,0.0,0.0,0.0,0.0,0.0,0.0,0.0,0.0,0.0,0.0,0.0,0.0,0.0,0.0,0.0,0.0,0.0,0.0,0.0,0.0,0.0
b818cb146de28aef397ad51ef0403713899e0d7376acd2ec5d2d6c9258d7ba6c,0.0,0.0,0.0,0.0,0.0,0.0,0.0,0.0,0.0,0.0,0.16974703233926794,0.0,0.11056763344883848,0.0,0.0,0.0,0.0,0.0,0.0,0.0,0.0,0.16158782809611663,0.0,0.0,0.0,0.0,0.0,0.0,0.0,0.0,0.0,0.0,0.0,0.0,0.18101029655183984,0.0,0.4707932761992393,0.0,0.0,0.0,0.0,0.0,0.20315513661014875,0.0,0.0,0.0,0.0,0.0,0.0,0.0,0.0,0.0,0.0,0.0,0.0,0.0,0.0,0.0,0.21329419516919892,0.0,0.0,0.0,0.0,0.0,0.2137665128894478,0.0,0.0,0.0,0.0,0.0,0.0,0.0,0.0,0.0,0.0,0.10511516902530285,0.0,0.0,0.0,0.0,0.0,0.42369893322068836,0.0,0.0,0.0,0.0,0.0,0.0,0.23063156226934942,0.0,0.0,0.0,0.0,0.0,0.0,0.0,0.0,0.0,0.0,0.13516914244641554,0.0,0.0,0.0,0.0,0.0,0.0,0.0,0.0,0.0,0.0,0.0,0.0,0.0,0.0,0.0,0.0,0.13815444172283897,0.12777958320825972,0.14051730998043266,0.12455776616711649,0.148478167609241,0.0,0.0,0.0,0.0,0.0,0.0,0.0,0.0,0.0,0.0,0.0,0.0,0.0,0.0,0.0,0.0,0.34838036260515326,0.0,0.0,0.0,0.0,0.0,0.17082992130704552,0.0,0.11442750122764575,0.0,0.0,0.0,0.0,0.0,0.0,0.0,0.0,0.16607153502570837,0.0,0.0,0.0,0.0,0.0,0.0
b803f8964ba32cb741ae8f49c57609a81eb155f1af105c430d4ef22c506840b0,0.0,0.0,0.0,0.0,0.0,0.0,0.0,0.0,0.0,0.0,0.21989176903982596,0.0,0.14323026554607854,0.0,0.0,0.0,0.0,0.0,0.0,0.0,0.0,0.2093222655247489,0.0,0.0,0.0,0.0,0.0,0.0,0.0,0.0,0.0,0.0,0.0,0.0,0.0,0.0,0.0,0.0,0.0,0.0,0.0,0.0,0.0,0.24780701903514368,0.0,0.0,0.0,0.29876211398185515,0.0,0.0,0.0,0.0,0.0,0.0,0.0,0.0,0.0,0.0,0.0,0.0,0.0,0.0,0.0,0.0,0.0,0.0,0.0,0.0,0.0,0.0,0.0,0.0,0.0,0.0,0.0,0.13616709612747183,0.2900045840785653,0.23131201755918537,0.0,0.12458229141314352,0.0,0.0,0.0,0.0,0.0,0.0,0.0,0.0,0.0,0.0,0.0,0.0,0.0,0.0,0.0,0.0,0.0,0.0,0.0,0.17509927238511586,0.0,0.0,0.0,0.0,0.32670522118784184,0.0,0.0,0.0,0.0,0.0,0.0,0.0,0.0,0.0,0.0,0.0,0.1789664548033277,0.0,0.18202733471392235,0.1613532040748392,0.19233989831488205,0.0,0.0,0.0,0.22599352213007237,0.0,0.0,0.0,0.3964691689743284,0.0,0.0,0.0,0.0,0.20532654899470829,0.0,0.0,0.0,0.0,0.0,0.0,0.0,0.0,0.0,0.22129455274400528,0.0,0.0,0.0,0.0,0.0,0.0,0.0,0.0,0.0,0.0,0.0,0.0,0.0,0.0,0.0,0.0,0.0
b407e91e4e3f005698d688198db32e9ebce62920639d4af69ffed72921310e78,0.0,0.0,0.0,0.0,0.0,0.0,0.0,0.0,0.0,0.0,0.19941047149246519,0.0,0.1298894220063396,0.0,0.0,0.0,0.0,0.0,0.0,0.0,0.0,0.1898254393260222,0.0,0.0,0.0,0.0,0.0,0.0,0.0,0.0,0.0,0.0,0.0,0.0,0.0,0.0,0.0,0.0,0.0,0.0,0.0,0.0,0.0,0.22472562170342258,0.0,0.0,0.0,0.0,0.3189529689462757,0.31664212469069675,0.0,0.0,0.0,0.0,0.0,0.0,0.0,0.0,0.0,0.0,0.0,0.0,0.0,0.0,0.0,0.0,0.0,0.0,0.0,0.0,0.0,0.0,0.4527906453464712,0.0,0.0,0.1234841347591374,0.26299279458527175,0.2097670080365599,0.0,0.11297836921675397,0.0,0.0,0.0,0.0,0.0,0.0,0.0,0.0,0.27093462512649635,0.0,0.0,0.0,0.0,0.0,0.0,0.0,0.0,0.0,0.0,0.15879006575266386,0.0,0.0,0.0,0.0,0.0,0.0,0.0,0.0,0.0,0.0,0.0,0.0,0.0,0.0,0.0,0.0,0.16229704863215186,0.0,0.1650728301396577,0.1463243423884417,0.0,0.0,0.0,0.0,0.2049438912560593,0.0,0.0,0.0,0.0,0.0,0.0,0.0,0.0,0.18620189433984619,0.0,0.0,0.0,0.0,0.0,0.0,0.0,0.0,0.0,0.20068259623398602,0.0,0.13442380498236806,0.0,0.0,0.0,0.0,0.0,0.0,0.0,0.0,0.0,0.0,0.0,0.0,0.0,0.0,0.0
5ca6d298c6d1b95e2d810bf3906b55355416d88c05c17d4094f87924db898c7e,0.0,0.0,0.0,0.0,0.0,0.0,0.0,0.0,0.0,0.0,0.23780091971628037,0.0,0.15489569721864244,0.0,0.0,0.0,0.0,0.0,0.0,0.0,0.0,0.22637057983678008,0.0,0.0,0.0,0.0,0.0,0.0,0.0,0.0,0.0,0.0,0.0,0.0,0.0,0.0,0.0,0.0,0.0,0.0,0.0,0.0,0.0,0.26798973556865613,0.0,0.0,0.0,0.0,0.0,0.0,0.0,0.0,0.0,0.0,0.0,0.0,0.0,0.0,0.0,0.0,0.0,0.0,0.0,0.0,0.0,0.0,0.0,0.0,0.0,0.0,0.0,0.49187030402161286,0.0,0.0,0.0,0.1472572658612942,0.3136240938756093,0.2501512937805333,0.0,0.134728933273721,0.0,0.0,0.0,0.0,0.0,0.0,0.0,0.0,0.0,0.0,0.0,0.0,0.0,0.0,0.0,0.0,0.0,0.0,0.0,0.18936028481944034,0.0,0.0,0.0,0.0,0.0,0.0,0.0,0.0,0.0,0.0,0.0,0.0,0.0,0.0,0.0,0.0,0.19354243106246252,0.17900815106537715,0.19685260524978587,0.0,0.20800507866727286,0.0,0.0,0.0,0.24439963190581873,0.0,0.0,0.0,0.0,0.0,0.0,0.0,0.0,0.22204943098287686,0.0,0.0,0.0,0.0,0.0,0.0,0.0,0.0,0.0,0.23931795355739896,0.0,0.0,0.0,0.0,0.0,0.0,0.0,0.0,0.0,0.0,0.0,0.0,0.0,0.0,0.0,0.0,0.0
0ffab407dd3ebd93f007e24f439bbda8c8b68d50b5ba6537213608608c6f8d61,0.0,0.0,0.0,0.0,0.0,0.0,0.27630231278867823,0.0,0.0,0.0,0.0,0.0,0.10372644947111682,0.0,0.0,0.0,0.26799706197578854,0.20325673816401182,0.0,0.0,0.0,0.0,0.0,0.0,0.0,0.2738312722007558,0.0,0.0,0.0,0.0,0.0,0.0,0.0,0.0,0.0,0.0,0.0,0.0,0.0,0.0,0.0,0.0,0.0,0.17946027077822913,0.0,0.0,0.0,0.0,0.25470787771658426,0.2528624951888198,0.0,0.0,0.0,0.0,0.0,0.0,0.0,0.0,0.0,0.0,0.15068719830312963,0.2750563214823668,0.0,0.0,0.0,0.0,0.0,0.0,0.0,0.0,0.0,0.0,0.0,0.0,0.0,0.09861134699600935,0.2100194796269519,0.1675146953748829,0.0,0.09022170493082063,0.0,0.0,0.0,0.0,0.0,0.0,0.0,0.0,0.21636162721386087,0.0,0.0,0.0,0.0,0.0,0.0,0.0,0.0,0.0,0.0,0.12680578200590584,0.0,0.0,0.0,0.0,0.0,0.0,0.0,0.0,0.0,0.0,0.0,0.0,0.0,0.0,0.20851656624825426,0.23733040422579688,0.12960637097478683,0.11987343915816763,0.13182304078387347,0.11685096655837231,0.1392913339074975,0.0,0.0,0.0,0.163663074732507,0.0,0.0,0.0,0.0,0.0,0.0,0.0,0.2657881439489523,0.14869618392578277,0.0,0.0,0.0,0.0,0.0,0.0,0.0,0.0,0.0,0.0,0.0,0.10734749450604472,0.0,0.0,0.0,0.0,0.0,0.0,0.0,0.0,0.0,0.0,0.0,0.0,0.0,0.0,0.0
b85b8ee9ea3f8b05ee4fc5325e2c9f060468dda68ac533d40d695b29b7906f9c,0.0,0.0,0.0,0.0,0.0,0.0,0.0,0.0,0.0,0.0,0.242843960296934,0.0,0.15818056797429064,0.0,0.0,0.0,0.0,0.0,0.0,0.0,0.0,0.23117121736898566,0.0,0.0,0.0,0.0,0.3325021218121321,0.0,0.0,0.0,0.0,0.0,0.0,0.0,0.0,0.0,0.0,0.0,0.0,0.0,0.0,0.0,0.0,0.0,0.3071830952637707,0.0,0.0,0.0,0.0,0.0,0.0,0.0,0.0,0.0,0.0,0.0,0.0,0.0,0.30514352062255806,0.0,0.0,0.0,0.0,0.0,0.0,0.0,0.0,0.25851371399474415,0.0,0.0,0.0,0.0,0.0,0.0,0.0,0.15038014851633455,0.0,0.25545624856095783,0.0,0.1375861277652234,0.0,0.0,0.0,0.0,0.0,0.0,0.0,0.0,0.0,0.0,0.0,0.0,0.0,0.0,0.0,0.0,0.0,0.0,0.0,0.19337604557363727,0.0,0.0,0.0,0.0,0.0,0.0,0.0,0.0,0.0,0.0,0.0,0.0,0.0,0.0,0.0,0.0,0.19764688253006354,0.0,0.0,0.17819516962927587,0.0,0.0,0.0,0.0,0.2495826112780952,0.0,0.2871463267095296,0.0,0.0,0.0,0.0,0.0,0.0,0.2267584299753691,0.0,0.0,0.0,0.0,0.0,0.0,0.0,0.0,0.0,0.24439316585224158,0.0,0.16370258249619785,0.0,0.0,0.0,0.0,0.0,0.0,0.0,0.0,0.0,0.0,0.0,0.0,0.0,0.0,0.0
b47b40aeaf31f4342d50be9cb114ccdce5903db6c6aa84c73b3cb69a50bea774,0.0,0.0,0.0,0.0,0.0,0.0,0.0,0.0,0.0,0.0,0.0,0.0,0.26949110071757515,0.0,0.0,0.0,0.0,0.0,0.0,0.0,0.0,0.0,0.0,0.0,0.0,0.0,0.0,0.0,0.0,0.0,0.0,0.0,0.0,0.0,0.0,0.0,0.0,0.0,0.0,0.0,0.0,0.0,0.0,0.0,0.0,0.0,0.0,0.0,0.0,0.0,0.0,0.0,0.0,0.0,0.0,0.0,0.0,0.0,0.0,0.0,0.0,0.0,0.0,0.0,0.5210220302109594,0.0,0.0,0.44042796297428344,0.0,0.0,0.0,0.0,0.0,0.0,0.0,0.25620158195617426,0.0,0.0,0.0,0.2344045004374075,0.0,0.0,0.0,0.0,0.0,0.0,0.0,0.0,0.0,0.0,0.0,0.0,0.0,0.0,0.0,0.0,0.0,0.0,0.0,0.0,0.0,0.0,0.0,0.0,0.0,0.0,0.0,0.0,0.0,0.0,0.0,0.0,0.0,0.0,0.0,0.0,0.336729578155777,0.3114425031441119,0.0,0.0,0.36189202548192295,0.0,0.0,0.0,0.0,0.0,0.0,0.0,0.0,0.0,0.0,0.0,0.0,0.0,0.0,0.0,0.0,0.0,0.0,0.0,0.0,0.0,0.0,0.0,0.0,0.0,0.0,0.0,0.0,0.0,0.0,0.0,0.0,0.0,0.0,0.0,0.0,0.0,0.0,0.0,0.0
b45f9e29351506203a4101b1559e928ec3de39850008d82598b8ce1c3a7a13c3,0.0,0.0,0.0,0.0,0.0,0.0,0.0,0.0,0.0,0.0,0.19724113765114362,0.0,0.12847638929707839,0.0,0.0,0.0,0.0,0.0,0.0,0.0,0.0,0.18776037851757194,0.0,0.0,0.0,0.0,0.0,0.0,0.0,0.0,0.0,0.0,0.0,0.0,0.0,0.0,0.0,0.0,0.0,0.0,0.0,0.0,0.0,0.2222808910304314,0.0,0.0,0.0,0.0,0.31548316385456415,0.3131974586631885,0.0,0.0,0.0,0.0,0.0,0.0,0.0,0.0,0.0,0.0,0.0,0.0,0.0,0.0,0.0,0.0,0.0,0.0,0.0,0.0,0.0,0.0,0.0,0.0,0.0,0.1221407834777608,0.2601317654474959,0.20748500817004997,0.0,0.11174930738341644,0.0,0.0,0.0,0.0,0.0,0.0,0.0,0.0,0.26798719891224715,0.0,0.0,0.0,0.0,0.0,0.0,0.0,0.0,0.0,0.0,0.15706263057473765,0.0,0.0,0.0,0.0,0.29305193998410806,0.0,0.0,0.0,0.0,0.0,0.0,0.0,0.0,0.0,0.0,0.0,0.1605314619139155,0.0,0.16327704642767638,0.14473251852193844,0.0,0.0,0.0,0.0,0.202714360802887,0.0,0.0,0.0,0.0,0.0,0.0,0.0,0.0,0.18417625312007263,0.0,0.0,0.0,0.0,0.0,0.0,0.0,0.0,0.0,0.19849942328365722,0.0,0.1329614439185536,0.0,0.0,0.0,0.0,0.0,0.3692460075050751,0.0,0.0,0.0,0.0,0.0,0.0,0.0,0.0,0.0
5fb31e60567d6a71966f7232cc9836835ad962bc588960a54c3f5a2f30f49de8,0.0,0.0,0.0,0.0,0.0,0.0,0.0,0.0,0.0,0.0,0.20141859051272978,0.0,0.13119744468393482,0.0,0.0,0.0,0.0,0.0,0.0,0.0,0.0,0.19173703440118386,0.0,0.0,0.0,0.0,0.0,0.0,0.0,0.0,0.0,0.0,0.0,0.0,0.0,0.0,0.0,0.0,0.0,0.0,0.0,0.0,0.0,0.22698867134121695,0.0,0.0,0.0,0.0,0.32216491423037813,0.0,0.0,0.0,0.0,0.0,0.0,0.0,0.0,0.0,0.0,0.0,0.0,0.0,0.0,0.0,0.0,0.0,0.0,0.0,0.0,0.0,0.0,0.0,0.0,0.0,0.0,0.12472765440910777,0.2656412053184021,0.21187942026601558,0.0,0.11411609287993286,0.0,0.0,0.0,0.0,0.0,0.0,0.0,0.0,0.27366301230643103,0.0,0.0,0.0,0.0,0.0,0.0,0.0,0.0,0.0,0.0,0.1603891259669066,0.0,0.0,0.0,0.0,0.0,0.0,0.0,0.0,0.0,0.0,0.0,0.0,0.0,0.0,0.0,0.0,0.16393142514132802,0.0,0.16673515954217796,0.0,0.0,0.0,0.0,0.0,0.20700773335541406,0.0,0.0,0.0,0.0,0.0,0.0,0.0,0.0,0.1880769993071762,0.0,0.0,0.0,0.41338149263191,0.0,0.0,0.0,0.0,0.0,0.20270352590491741,0.0,0.13577749016018797,0.0,0.0,0.0,0.0,0.0,0.3770664237176886,0.0,0.0,0.0,0.0,0.0,0.0,0.0,0.0,0.0
b28c7e4510175a83aa87b5511c73319de27fc894ffc28d561d4689c3ca27d1f9,0.0,0.0,0.0,0.0,0.0,0.0,0.0,0.0,0.0,0.0,0.21016273924577705,0.0,0.13689309555107543,0.0,0.0,0.0,0.0,0.0,0.0,0.0,0.0,0.20006087949497323,0.0,0.0,0.0,0.0,0.0,0.0,0.0,0.0,0.0,0.0,0.0,0.0,0.0,0.0,0.0,0.0,0.0,0.0,0.0,0.0,0.0,0.23684288935491588,0.0,0.0,0.0,0.0,0.3361510012118666,0.0,0.0,0.0,0.0,0.0,0.0,0.0,0.0,0.0,0.0,0.0,0.0,0.0,0.0,0.0,0.0,0.0,0.0,0.0,0.0,0.0,0.0,0.0,0.0,0.0,0.0,0.13014243344465282,0.2771734387781693,0.22107770310357114,0.0,0.11907019411972534,0.0,0.0,0.0,0.0,0.0,0.0,0.0,0.0,0.2855434950178317,0.0,0.0,0.0,0.0,0.0,0.0,0.0,0.0,0.0,0.0,0.16735206999827917,0.0,0.0,0.0,0.0,0.0,0.0,0.0,0.0,0.0,0.0,0.0,0.0,0.0,0.0,0.0,0.0,0.1710481503641946,0.0,0.17397360277799748,0.15421419138389555,0.0,0.0,0.0,0.0,0.21599452253283277,0.0,0.0,0.0,0.0,0.0,0.0,0.0,0.0,0.19624195196135158,0.0,0.0,0.0,0.0,0.0,0.0,0.0,0.0,0.0,0.21150345730506132,0.0,0.14167197371077916,0.29233654932335523,0.3171844263906595,0.0,0.0,0.0,0.0,0.0,0.0,0.2056121290061571,0.0,0.0,0.0,0.0,0.0,0.0
b9d63fdb2ed5ccfb4dd3f9b0135d392aa5e2d9f5125550f96202823413752e6f,0.0,0.0,0.0,0.0,0.0,0.0,0.0,0.0,0.0,0.0,0.0,0.0,0.22403564443622806,0.0,0.0,0.0,0.0,0.0,0.0,0.0,0.0,0.0,0.0,0.0,0.0,0.0,0.0,0.0,0.0,0.0,0.0,0.0,0.0,0.0,0.0,0.0,0.0,0.0,0.0,0.0,0.0,0.0,0.0,0.0,0.0,0.0,0.0,0.4673129836341862,0.0,0.0,0.0,0.0,0.0,0.0,0.0,0.0,0.0,0.0,0.0,0.0,0.0,0.0,0.0,0.0,0.4331404858749448,0.0,0.0,0.36614033728737455,0.0,0.0,0.0,0.0,0.0,0.0,0.0,0.2129876881511038,0.0,0.0,0.0,0.19486715210415062,0.0,0.0,0.0,0.0,0.0,0.0,0.0,0.0,0.0,0.0,0.0,0.0,0.0,0.0,0.0,0.0,0.0,0.0,0.0,0.0,0.0,0.0,0.30085117070393474,0.0,0.0,0.0,0.0,0.0,0.0,0.0,0.0,0.0,0.0,0.0,0.0,0.0,0.27993290999960974,0.25891104274291427,0.0,0.0,0.30085117070393474,0.0,0.0,0.0,0.0,0.0,0.0,0.0,0.0,0.0,0.0,0.0,0.0,0.0,0.0,0.0,0.0,0.0,0.0,0.0,0.0,0.0,0.0,0.0,0.0,0.0,0.0,0.0,0.0,0.0,0.0,0.0,0.0,0.0,0.0,0.0,0.0,0.0,0.0,0.0,0.0
b9d0e6a73f63d4f9e77b7640934ffd3268454052fbf942ed9f9779b45c55430f,0.0,0.0,0.0,0.0,0.0,0.0,0.0,0.0,0.0,0.0,0.0,0.0,0.12386807935131595,0.0,0.0,0.0,0.3200368036117942,0.0,0.0,0.4032066859818871,0.0,0.0,0.0,0.0,0.0,0.0,0.2603758460128946,0.0,0.0,0.0,0.0,0.0,0.0,0.0,0.20278445940568396,0.0,0.0,0.0,0.0,0.0,0.0,0.0,0.22759315540471753,0.0,0.24054901627170763,0.0,0.0,0.0,0.0,0.0,0.0,0.0,0.0,0.0,0.0,0.0,0.0,0.0,0.23895186564356144,0.0,0.0,0.0,0.0,0.0,0.0,0.0,0.0,0.0,0.0,0.0,0.0,0.0,0.0,0.0,0.0,0.11775972490066879,0.0,0.2000427440156947,0.0,0.1077409798808722,0.0,0.0,0.0,0.0,0.0,0.0,0.0,0.0,0.0,0.0,0.0,0.0,0.0,0.0,0.0,0.0,0.0,0.0,0.0,0.1514289628903857,0.0,0.0,0.16633896262118705,0.4601259281907974,0.0,0.0,0.0,0.0,0.0,0.0,0.0,0.0,0.0,0.0,0.0,0.0,0.15477337097912847,0.0,0.15742047432844408,0.13954111869953498,0.0,0.0,0.0,0.0,0.0,0.0,0.0,0.0,0.0,0.0,0.0,0.0,0.0,0.1775700489476941,0.0,0.0,0.0,0.0,0.0,0.0,0.0,0.0,0.0,0.0,0.0,0.1281922598858674,0.0,0.0,0.0,0.0,0.0,0.0,0.0,0.0,0.0,0.0,0.0,0.0,0.0,0.0,0.0
b72ca6cd6e45b2d7f82111021bc01cfa1e67809a012b58fb03e518db14644ea5,0.0,0.2278811127926049,0.0,0.0,0.0,0.0,0.0,0.0,0.0,0.0,0.0,0.28611363513591825,0.10642452713657165,0.0,0.0,0.0,0.0,0.0,0.0,0.0,0.0,0.0,0.34947851694756243,0.0,0.37980108691401837,0.0,0.0,0.0,0.0,0.0,0.0,0.0,0.0,0.0,0.0,0.0,0.0,0.0,0.0,0.0,0.0,0.0,0.0,0.0,0.20667403130774378,0.0,0.0,0.22198951168328668,0.0,0.0,0.0,0.0,0.0,0.0,0.0,0.0,0.3279643111735675,0.0,0.0,0.0,0.0,0.0,0.0,0.0,0.0,0.0,0.0,0.0,0.0,0.0,0.0,0.0,0.0,0.0,0.0,0.10117637331520708,0.0,0.0,0.0,0.09256850430797357,0.0,0.0,0.0,0.0,0.0,0.0,0.0,0.0,0.0,0.0,0.0,0.0,0.0,0.0,0.0,0.0,0.0,0.0,0.0,0.13010418708990457,0.0,0.0,0.1429145065787252,0.0,0.0,0.0,0.1701527359428358,0.0,0.0,0.0,0.0,0.0,0.0,0.0,0.0,0.0,0.1329776235011263,0.12299152379832462,0.0,0.11989043223627294,0.1429145065787252,0.0,0.0,0.0,0.0,0.0,0.19319321222839503,0.0,0.0,0.0,0.0,0.0,0.0,0.0,0.0,0.0,0.0,0.0,0.0,0.0,0.0,0.0,0.20621381656740792,0.0,0.0,0.11013976088406187,0.0,0.0,0.0,0.0,0.0,0.0,0.0,0.0,0.0,0.37980108691401837,0.0,0.0,0.0,0.0,0.0
afac44f3d45291fc6e6d4baa02c40e917cd251b9cc98956c86f1438a9ffeffc5,0.0,0.0,0.0,0.0,0.0,0.0,0.0,0.0,0.0,0.0,0.27506283783603525,0.0,0.1791668850414213,0.0,0.0,0.0,0.0,0.0,0.0,0.0,0.0,0.26184143512473823,0.0,0.0,0.0,0.0,0.37661623167534397,0.0,0.0,0.0,0.0,0.0,0.0,0.0,0.0,0.0,0.0,0.0,0.0,0.0,0.0,0.0,0.0,0.0,0.34793804966446473,0.0,0.0,0.0,0.0,0.0,0.0,0.0,0.0,0.0,0.0,0.0,0.0,0.0,0.34562787819425644,0.0,0.0,0.0,0.0,0.0,0.0,0.0,0.0,0.0,0.0,0.0,0.0,0.0,0.0,0.0,0.0,0.1703315592223508,0.0,0.0,0.0,0.15584011520689844,0.0,0.0,0.0,0.0,0.0,0.0,0.0,0.0,0.0,0.0,0.0,0.0,0.0,0.0,0.0,0.0,0.0,0.0,0.0,0.0,0.0,0.0,0.0,0.0,0.40867589390988734,0.0,0.0,0.0,0.0,0.0,0.0,0.0,0.0,0.0,0.0,0.0,0.0,0.0,0.0,0.2018368873039711,0.0,0.0,0.0,0.0,0.28269552699082573,0.0,0.0,0.0,0.0,0.0,0.0,0.0,0.0,0.2568431892479575,0.0,0.0,0.0,0.0,0.0,0.0,0.0,0.0,0.0,0.0,0.0,0.1854215227236201,0.0,0.0,0.0,0.0,0.0,0.0,0.0,0.0,0.0,0.0,0.0,0.0,0.0,0.0,0.0
aeeb16bba21d151520e8647a94a0c46581dc2fabc9ee2c80642dd4734f432a98,0.0,0.0,0.0,0.0,0.0,0.0,0.0,0.0,0.0,0.0,0.0,0.0,0.19650225112676992,0.0,0.0,0.0,0.0,0.0,0.0,0.0,0.0,0.0,0.0,0.0,0.0,0.0,0.0,0.0,0.0,0.0,0.0,0.0,0.0,0.0,0.0,0.0,0.0,0.0,0.0,0.0,0.0,0.0,0.36104997843091724,0.0,0.0,0.0,0.0,0.0,0.0,0.0,0.0,0.0,0.5647549101535143,0.0,0.0,0.0,0.0,0.0,0.0,0.0,0.0,0.0,0.0,0.0,0.0,0.0,0.0,0.0,0.0,0.0,0.0,0.0,0.0,0.0,0.0,0.18681205970281092,0.0,0.0,0.0,0.1709184900263854,0.0,0.0,0.0,0.0,0.0,0.0,0.0,0.0,0.4098814431782256,0.0,0.0,0.0,0.0,0.0,0.0,0.0,0.0,0.0,0.0,0.0,0.0,0.0,0.0,0.0,0.0,0.0,0.0,0.0,0.0,0.0,0.0,0.0,0.0,0.0,0.0,0.0,0.0,0.0,0.2497292098253118,0.22136569883704363,0.0,0.0,0.0,0.0,0.0,0.0,0.35671195472237993,0.0,0.0,0.0,0.0,0.0,0.0,0.0,0.0,0.0,0.0,0.0,0.0,0.0,0.0,0.0,0.0,0.0,0.0,0.20336205886551717,0.0,0.0,0.0,0.0,0.0,0.0,0.0,0.0,0.0,0.0,0.0,0.0,0.0,0.0,0.0
aee70e4294c47b9cbe681db4b3660ee65ca4275a4311a1240b57696bb537095e,0.0,0.0,0.0,0.0,0.0,0.0,0.0,0.0,0.0,0.0,0.0,0.0,0.0,0.0,0.0,0.0,0.0,0.0,0.0,0.0,0.0,0.0,0.0,0.0,0.0,0.0,0.44462252110334094,0.0,0.0,0.0,0.0,0.0,0.0,0.0,0.3462784239098283,0.0,0.0,0.0,0.0,0.0,0.0,0.0,0.0,0.0,0.4107658667323488,0.0,0.0,0.0,0.0,0.0,0.0,0.0,0.0,0.0,0.0,0.0,0.0,0.0,0.40803854332757733,0.0,0.0,0.0,0.0,0.0,0.0,0.0,0.0,0.0,0.0,0.0,0.0,0.0,0.0,0.0,0.0,0.0,0.0,0.3415966209411133,0.0,0.18398045300409846,0.0,0.0,0.0,0.0,0.0,0.0,0.0,0.0,0.0,0.0,0.0,0.0,0.0,0.0,0.0,0.0,0.0,0.0,0.0,0.0,0.0,0.0,0.0,0.0,0.0,0.0,0.0,0.0,0.0,0.0,0.0,0.0,0.0,0.0,0.0,0.0,0.0,0.0,0.0,0.23828294730032382,0.0,0.0,0.0,0.0,0.0,0.0,0.0,0.0,0.0,0.0,0.0,0.0,0.0,0.30322183890919546,0.0,0.0,0.0,0.0,0.0,0.0,0.0,0.0,0.0,0.0,0.0,0.21890342998085305,0.0,0.0,0.0,0.0,0.0,0.0,0.0,0.0,0.0,0.0,0.0,0.0,0.0,0.0,0.0
bc5c16685482832a733991a0a5a29c0affe69cb5fa4e07c1ad6bae49c46bad2b,0.0,0.0,0.0,0.0,0.0,0.0,0.0,0.0,0.0,0.0,0.0,0.3571042021940839,0.13283060011779568,0.44865504254961525,0.0,0.0,0.0,0.0,0.0,0.0,0.0,0.0,0.0,0.45799685684445274,0.0,0.0,0.0,0.0,0.0,0.0,0.0,0.0,0.0,0.0,0.2174570040843506,0.0,0.0,0.0,0.0,0.0,0.0,0.0,0.0,0.0,0.0,0.0,0.0,0.0,0.0,0.0,0.0,0.0,0.0,0.0,0.0,0.0,0.0,0.0,0.0,0.0,0.0,0.0,0.0,0.0,0.0,0.0,0.0,0.0,0.0,0.0,0.0,0.0,0.0,0.0,0.0,0.12628027341812645,0.0,0.0,0.0,0.11553661839113326,0.0,0.0,0.0,0.0,0.0,0.0,0.0,0.0,0.27706958959664946,0.0,0.0,0.0,0.0,0.0,0.0,0.0,0.0,0.0,0.0,0.1623856615948381,0.0,0.0,0.1783744798793405,0.0,0.0,0.0,0.21237106365497718,0.0,0.0,0.0,0.0,0.0,0.0,0.0,0.0,0.0,0.16597205556972613,0.15350820299693455,0.16881069106246,0.14963766803389023,0.0,0.0,0.0,0.0,0.0,0.0,0.0,0.0,0.0,0.0,0.0,0.0,0.0,0.0,0.0,0.0,0.0,0.0,0.0,0.0,0.0,0.0,0.25737962614650917,0.0,0.0,0.13746765833675043,0.0,0.0,0.0,0.0,0.0,0.0,0.0,0.0,0.0,0.0,0.0,0.0,0.0,0.0,0.0
ad28bbb99354fbdc5912b497c26f6c2013574c879ea720640000011b44dc41c9,0.0,0.0,0.0,0.0,0.0,0.0,0.0,0.0,0.0,0.0,0.0,0.0,0.0,0.0,0.0,0.0,0.0,0.0,0.0,0.0,0.0,0.0,0.0,0.0,0.0,0.0,0.4144247915374968,0.0,0.0,0.0,0.0,0.0,0.0,0.0,0.32275999714690395,0.0,0.0,0.0,0.0,0.0,0.0,0.0,0.3622465271962675,0.0,0.3828676025425778,0.0,0.0,0.0,0.0,0.0,0.0,0.0,0.0,0.0,0.0,0.0,0.0,0.0,0.3803255126127358,0.0,0.0,0.0,0.0,0.0,0.0,0.0,0.0,0.0,0.0,0.0,0.0,0.0,0.0,0.0,0.0,0.0,0.0,0.3183961713683209,0.0,0.17148492769550086,0.0,0.0,0.0,0.0,0.0,0.0,0.0,0.0,0.0,0.0,0.0,0.0,0.0,0.0,0.0,0.0,0.0,0.0,0.0,0.0,0.0,0.0,0.0,0.0,0.0,0.0,0.0,0.0,0.0,0.0,0.0,0.0,0.0,0.0,0.0,0.0,0.0,0.0,0.0,0.22209932262726087,0.0,0.0,0.0,0.0,0.0,0.0,0.0,0.0,0.0,0.0,0.0,0.0,0.0,0.2826277154556297,0.0,0.0,0.0,0.0,0.0,0.0,0.0,0.0,0.0,0.0,0.0,0.20403601713997022,0.0,0.0,0.0,0.0,0.0,0.0,0.0,0.0,0.0,0.0,0.0,0.0,0.0,0.0,0.0
ac0ec8320601c7a274a4a97536cc6f3387964581b1a676d0c276381437967ca0,0.0,0.0,0.0,0.0,0.0,0.0,0.0,0.0,0.0,0.0,0.21010290523941183,0.0,0.13685412164742367,0.0,0.0,0.0,0.0,0.2681719321560493,0.0,0.0,0.0,0.20000392152050026,0.0,0.0,0.0,0.0,0.0,0.0,0.0,0.0,0.0,0.0,0.0,0.0,0.0,0.0,0.0,0.0,0.0,0.0,0.0,0.0,0.0,0.23677545942418657,0.0,0.0,0.0,0.0,0.0,0.0,0.0,0.0,0.0,0.0,0.0,0.0,0.0,0.0,0.0,0.0,0.0,0.0,0.0,0.0,0.0,0.0,0.0,0.22366000903672414,0.0,0.0,0.0,0.4345793952320804,0.0,0.0,0.0,0.13010538147616849,0.27709452661058126,0.2210147615719648,0.0,0.11903629445331237,0.0,0.0,0.0,0.0,0.0,0.0,0.0,0.0,0.0,0.0,0.0,0.0,0.0,0.0,0.0,0.0,0.0,0.0,0.0,0.16730442432684642,0.0,0.0,0.0,0.0,0.3121613711517237,0.0,0.0,0.0,0.0,0.0,0.0,0.0,0.0,0.0,0.0,0.0,0.17099945240681938,0.1581580619841328,0.17392407193493103,0.0,0.18377755386601421,0.0,0.0,0.0,0.21593302819904903,0.0,0.0,0.0,0.0,0.0,0.0,0.0,0.0,0.19618608124780398,0.0,0.0,0.0,0.0,0.0,0.0,0.0,0.0,0.0,0.21144324159196168,0.0,0.0,0.0,0.0,0.0,0.0,0.0,0.0,0.0,0.0,0.0,0.0,0.0,0.0,0.0,0.0,0.0
e718fda21871d54c4bade2114a35411b639bee1afe21ef5c5c9a608e72337a9d,0.0,0.0,0.0,0.0,0.0,0.0,0.0,0.0,0.0,0.0,0.0,0.3571042021940839,0.13283060011779568,0.44865504254961525,0.0,0.0,0.0,0.0,0.0,0.0,0.0,0.0,0.0,0.45799685684445274,0.0,0.0,0.0,0.0,0.0,0.0,0.0,0.0,0.0,0.0,0.2174570040843506,0.0,0.0,0.0,0.0,0.0,0.0,0.0,0.0,0.0,0.0,0.0,0.0,0.0,0.0,0.0,0.0,0.0,0.0,0.0,0.0,0.0,0.0,0.0,0.0,0.0,0.0,0.0,0.0,0.0,0.0,0.0,0.0,0.0,0.0,0.0,0.0,0.0,0.0,0.0,0.0,0.12628027341812645,0.0,0.0,0.0,0.11553661839113326,0.0,0.0,0.0,0.0,0.0,0.0,0.0,0.0,0.27706958959664946,0.0,0.0,0.0,0.0,0.0,0.0,0.0,0.0,0.0,0.0,0.1623856615948381,0.0,0.0,0.1783744798793405,0.0,0.0,0.0,0.21237106365497718,0.0,0.0,0.0,0.0,0.0,0.0,0.0,0.0,0.0,0.16597205556972613,0.15350820299693455,0.16881069106246,0.14963766803389023,0.0,0.0,0.0,0.0,0.0,0.0,0.0,0.0,0.0,0.0,0.0,0.0,0.0,0.0,0.0,0.0,0.0,0.0,0.0,0.0,0.0,0.0,0.25737962614650917,0.0,0.0,0.13746765833675043,0.0,0.0,0.0,0.0,0.0,0.0,0.0,0.0,0.0,0.0,0.0,0.0,0.0,0.0,0.0
ac0ae00f56127b9a2036156b7fb50c8eb65347d8773ca8a6e5ca0f92cc39ca59,0.0,0.0,0.0,0.0,0.0,0.0,0.0,0.0,0.0,0.0,0.21834587505821196,0.0,0.1422233210548886,0.0,0.0,0.0,0.0,0.0,0.0,0.0,0.0,0.20785067778908467,0.0,0.0,0.0,0.0,0.0,0.0,0.0,0.0,0.0,0.0,0.0,0.0,0.0,0.0,0.0,0.0,0.0,0.0,0.0,0.0,0.0,0.24606487388345885,0.0,0.0,0.0,0.0,0.34923975950591296,0.0,0.0,0.0,0.0,0.0,0.0,0.0,0.0,0.0,0.0,0.0,0.0,0.0,0.0,0.0,0.0,0.0,0.0,0.0,0.0,0.0,0.0,0.0,0.0,0.0,0.0,0.1352098074789859,0.28796577951973557,0.2296858363820492,0.0,0.12370644683127388,0.0,0.0,0.0,0.0,0.0,0.0,0.0,0.0,0.2966617418035078,0.0,0.0,0.0,0.0,0.0,0.0,0.0,0.0,0.0,0.0,0.17386828082710024,0.0,0.0,0.0,0.0,0.0,0.0,0.0,0.0,0.0,0.0,0.0,0.0,0.0,0.0,0.0,0.0,0.17770827598836192,0.0,0.18074763714974237,0.16021885080558038,0.0,0.0,0.0,0.0,0.2244047313023386,0.0,0.0,0.0,0.0,0.0,0.0,0.0,0.0,0.2038830521428593,0.0,0.0,0.0,0.0,0.0,0.0,0.0,0.0,0.0,0.21973879684306946,0.0,0.14718827505825652,0.0,0.0,0.0,0.0,0.0,0.40875520989461933,0.0,0.0,0.0,0.0,0.0,0.0,0.0,0.0,0.0
abe871f5e7219a1448d1308f89acc883b4435574c916253a09c215809e706e1f,0.0,0.0,0.0,0.0,0.0,0.5759992676187825,0.0,0.0,0.0,0.0,0.0,0.0,0.20702635792878957,0.0,0.0,0.0,0.0,0.0,0.0,0.0,0.0,0.3025563493844843,0.0,0.0,0.0,0.0,0.0,0.0,0.0,0.0,0.0,0.0,0.0,0.0,0.0,0.0,0.0,0.0,0.0,0.0,0.0,0.0,0.0,0.0,0.0,0.0,0.0,0.0,0.0,0.0,0.0,0.0,0.0,0.0,0.0,0.0,0.0,0.0,0.0,0.0,0.0,0.0,0.0,0.0,0.0,0.0,0.0,0.0,0.0,0.0,0.0,0.0,0.0,0.0,0.0,0.19681718716035493,0.0,0.0,0.0,0.1800724026821604,0.0,0.0,0.0,0.0,0.0,0.0,0.0,0.0,0.0,0.0,0.0,0.0,0.0,0.0,0.0,0.0,0.0,0.0,0.0,0.0,0.0,0.0,0.0,0.0,0.0,0.0,0.0,0.0,0.0,0.0,0.0,0.0,0.0,0.0,0.0,0.0,0.2586797782444987,0.23925393810210582,0.0,0.23322142183006836,0.27800987787538156,0.0,0.0,0.0,0.0,0.0,0.0,0.0,0.0,0.0,0.0,0.0,0.0,0.0,0.0,0.0,0.0,0.0,0.0,0.0,0.0,0.0,0.40114526742280826,0.0,0.0,0.21425355763821366,0.0,0.0,0.0,0.0,0.0,0.0,0.0,0.0,0.0,0.0,0.0,0.0,0.0,0.0,0.0
aa7a7e346847c1e79c0148f579c63f5e08e53b6a385193358207cddd20fc1fef,0.0,0.0,0.0,0.0,0.0,0.0,0.0,0.0,0.0,0.0,0.0,0.0,0.2037737846800416,0.0,0.0,0.0,0.0,0.0,0.0,0.0,0.0,0.0,0.0,0.0,0.0,0.0,0.0,0.0,0.0,0.0,0.0,0.0,0.0,0.0,0.0,0.0,0.0,0.0,0.0,0.0,0.0,0.0,0.3744105736277362,0.3525551945780978,0.0,0.0,0.0,0.0,0.0,0.0,0.0,0.0,0.0,0.0,0.0,0.0,0.0,0.0,0.0,0.0,0.0,0.0,0.0,0.0,0.39396711325555894,0.0,0.0,0.0,0.0,0.0,0.0,0.0,0.0,0.0,0.0,0.19372500931277964,0.41258969566902776,0.3290877460870696,0.0,0.0,0.0,0.0,0.0,0.0,0.0,0.0,0.0,0.0,0.0,0.0,0.0,0.0,0.0,0.0,0.0,0.0,0.0,0.0,0.0,0.0,0.0,0.0,0.2736420886686749,0.0,0.0,0.0,0.0,0.0,0.0,0.0,0.0,0.0,0.0,0.0,0.0,0.0,0.0,0.0,0.0,0.0,0.0,0.0,0.0,0.0,0.3215211194508493,0.0,0.0,0.0,0.0,0.0,0.0,0.0,0.0,0.0,0.0,0.0,0.0,0.0,0.0,0.0,0.0,0.0,0.0,0.0,0.0,0.21088743847833916,0.0,0.0,0.0,0.0,0.0,0.0,0.0,0.0,0.0,0.0,0.0,0.0,0.0,0.0,0.0
aa5dd4972e0211d912506d36b72be348566efb407712dd97aab3c8f69bba0294,0.0,0.0,0.0,0.0,0.0,0.0,0.0,0.0,0.0,0.0,0.251389288619731,0.0,0.1637467137659094,0.0,0.0,0.0,0.0,0.0,0.0,0.0,0.0,0.23930579872230903,0.0,0.0,0.0,0.0,0.3442023913820942,0.0,0.0,0.0,0.0,0.0,0.0,0.0,0.0,0.0,0.0,0.0,0.0,0.0,0.0,0.0,0.0,0.0,0.31799242484739415,0.0,0.0,0.0,0.0,0.0,0.0,0.0,0.0,0.0,0.0,0.0,0.0,0.0,0.31588108051947944,0.0,0.0,0.0,0.0,0.0,0.0,0.0,0.0,0.0,0.0,0.0,0.0,0.0,0.0,0.0,0.0,0.15567180881017825,0.0,0.26444538509700444,0.0,0.14242758494199867,0.0,0.0,0.0,0.0,0.0,0.0,0.0,0.0,0.0,0.0,0.0,0.0,0.0,0.0,0.0,0.0,0.0,0.0,0.0,0.20018066940356638,0.0,0.0,0.0,0.0,0.0,0.0,0.0,0.0,0.0,0.0,0.0,0.0,0.0,0.0,0.0,0.0,0.20460179094586903,0.0,0.0,0.18446560035424328,0.0,0.0,0.0,0.0,0.25836506299904605,0.0,0.2972505913386262,0.0,0.0,0.0,0.0,0.0,0.0,0.2347377317118923,0.0,0.0,0.0,0.0,0.0,0.0,0.0,0.0,0.0,0.25299300848164685,0.0,0.169463040005659,0.0,0.0,0.0,0.0,0.0,0.0,0.0,0.0,0.0,0.0,0.0,0.0,0.0,0.0,0.0
aa4ebbd38ad2aa5a12d999f6880f4053f676fbabc00a8b26c68bf212a6a2c3b4,0.0,0.0,0.0,0.0,0.0,0.0,0.0,0.0,0.0,0.0,0.0,0.0,0.0,0.0,0.0,0.0,0.0,0.0,0.0,0.5250798630672486,0.45596193165193144,0.0,0.0,0.0,0.0,0.0,0.0,0.0,0.0,0.0,0.0,0.0,0.0,0.0,0.0,0.0,0.0,0.0,0.0,0.0,0.0,0.0,0.0,0.0,0.0,0.0,0.0,0.3364711005283502,0.0,0.0,0.0,0.0,0.0,0.0,0.0,0.0,0.0,0.0,0.0,0.0,0.0,0.0,0.0,0.0,0.0,0.0,0.0,0.0,0.0,0.0,0.0,0.0,0.0,0.0,0.0,0.15335375720544903,0.0,0.0,0.0,0.1403067481999069,0.0,0.0,0.0,0.0,0.0,0.0,0.0,0.0,0.0,0.0,0.0,0.0,0.0,0.0,0.0,0.0,0.0,0.0,0.0,0.1971998527387293,0.0,0.0,0.2166165461844664,0.0,0.0,0.0,0.0,0.0,0.0,0.0,0.0,0.0,0.0,0.0,0.0,0.0,0.0,0.0,0.0,0.0,0.2166165461844664,0.0,0.0,0.0,0.0,0.0,0.0,0.0,0.4465104890054922,0.0,0.0,0.0,0.0,0.0,0.0,0.0,0.0,0.0,0.0,0.0,0.0,0.0,0.0,0.0,0.0,0.16693962825352596,0.0,0.0,0.0,0.0,0.0,0.0,0.0,0.0,0.0,0.0,0.0,0.0,0.0,0.0,0.0
1b5fd1069eddccb6aa751575d2e241dcaa5b2f4969d97dd6854950a8de2a8794,0.0,0.0,0.0,0.0,0.0,0.0,0.0,0.0,0.0,0.0,0.21829285225559644,0.0,0.14218878374532137,0.0,0.0,0.0,0.0,0.0,0.0,0.0,0.0,0.20780020362528848,0.0,0.0,0.0,0.0,0.29888672735635863,0.0,0.0,0.0,0.0,0.0,0.0,0.0,0.0,0.0,0.0,0.0,0.0,0.0,0.0,0.0,0.0,0.24600511983848294,0.2761274109837423,0.0,0.0,0.0,0.0,0.0,0.0,0.0,0.0,0.0,0.0,0.0,0.0,0.0,0.27429403384200035,0.0,0.0,0.0,0.0,0.0,0.2749014293345939,0.0,0.0,0.0,0.0,0.0,0.0,0.0,0.0,0.0,0.0,0.13517697332110803,0.2878958503182637,0.22963005979930948,0.0,0.1236764061331803,0.0,0.0,0.0,0.0,0.0,0.0,0.0,0.0,0.0,0.0,0.0,0.0,0.0,0.0,0.0,0.0,0.0,0.0,0.0,0.1738260589003845,0.0,0.0,0.0,0.0,0.0,0.0,0.0,0.0,0.0,0.0,0.0,0.0,0.0,0.0,0.0,0.0,0.17766512156266753,0.16432316544310918,0.0,0.16017994348709183,0.0,0.0,0.0,0.0,0.22435023717566613,0.0,0.25811632537822665,0.0,0.0,0.0,0.0,0.0,0.0,0.20383354147164767,0.0,0.0,0.0,0.0,0.0,0.0,0.0,0.0,0.0,0.21968543578530333,0.0,0.14715253206630097,0.0,0.0,0.0,0.0,0.0,0.0,0.0,0.0,0.0,0.0,0.0,0.0,0.0,0.0,0.0
a294620543334a721a2ae8eaaf9680a0786f4b9a216d75b55cfd28f39e9430ea,0.0,0.37350144493539744,0.0,0.0,0.0,0.0,0.0,0.0,0.0,0.0,0.0,0.0,0.0,0.0,0.0,0.0,0.0,0.0,0.0,0.0,0.0,0.0,0.0,0.0,0.0,0.0,0.0,0.0,0.0,0.0,0.0,0.0,0.0,0.0,0.28556235154302256,0.0,0.0,0.0,0.0,0.0,0.0,0.0,0.0,0.0,0.0,0.0,0.0,0.0,0.0,0.0,0.0,0.0,0.0,0.0,0.0,0.0,0.0,0.0,0.0,0.5951496709192434,0.0,0.0,0.0,0.0,0.0,0.0,0.0,0.0,0.0,0.0,0.0,0.0,0.0,0.0,0.0,0.0,0.0,0.0,0.0,0.0,0.0,0.0,0.0,0.0,0.0,0.0,0.0,0.0,0.0,0.0,0.0,0.0,0.0,0.0,0.0,0.0,0.0,0.0,0.0,0.0,0.0,0.0,0.0,0.0,0.0,0.0,0.0,0.0,0.572801885396227,0.0,0.0,0.0,0.0,0.0,0.0,0.0,0.21795283476146743,0.0,0.22168050235208747,0.0,0.0,0.0,0.0,0.0,0.0,0.0,0.0,0.0,0.0,0.0,0.0,0.0,0.0,0.0,0.0,0.0,0.0,0.0,0.0,0.0,0.0,0.0,0.0,0.0,0.0,0.0,0.0,0.0,0.0,0.0,0.0,0.0,0.0,0.0,0.0,0.0,0.0,0.0,0.0,0.0,0.0
a5380558b5d0ead794ac3970b904c8412aaa417ffa426f18c3dc62b42e991711,0.0,0.0,0.0,0.0,0.0,0.0,0.0,0.0,0.0,0.0,0.0,0.0,0.3082437325647495,0.0,0.0,0.0,0.0,0.6040177405094438,0.0,0.0,0.0,0.0,0.0,0.0,0.0,0.0,0.0,0.0,0.0,0.0,0.0,0.0,0.0,0.0,0.0,0.0,0.0,0.0,0.0,0.0,0.0,0.0,0.0,0.0,0.0,0.0,0.0,0.0,0.0,0.0,0.0,0.0,0.0,0.0,0.0,0.0,0.0,0.0,0.0,0.0,0.0,0.0,0.0,0.0,0.0,0.0,0.0,0.0,0.0,0.0,0.0,0.0,0.0,0.0,0.0,0.0,0.0,0.0,0.0,0.0,0.0,0.0,0.0,0.0,0.0,0.0,0.0,0.0,0.0,0.0,0.0,0.0,0.0,0.0,0.0,0.0,0.0,0.0,0.0,0.37682855005247595,0.0,0.0,0.4139318457007974,0.0,0.0,0.0,0.0,0.0,0.0,0.0,0.0,0.0,0.0,0.0,0.0,0.0,0.0,0.0,0.0,0.0,0.0,0.0,0.0,0.0,0.0,0.0,0.0,0.0,0.0,0.0,0.0,0.0,0.0,0.0,0.0,0.0,0.0,0.0,0.0,0.0,0.0,0.0,0.0,0.4762447285424766,0.0,0.0,0.0,0.0,0.0,0.0,0.0,0.0,0.0,0.0,0.0,0.0,0.0,0.0,0.0,0.0,0.0
a4515730dc2be572ac039d78bfc3c3e2e1bfa4a737e67f0a709b29d94c737ca6,0.0,0.0,0.0,0.0,0.0,0.0,0.0,0.0,0.0,0.0,0.16737007286938832,0.0,0.10901936023447609,0.0,0.0,0.0,0.0,0.0,0.0,0.0,0.0,0.15932512156795373,0.0,0.0,0.0,0.0,0.0,0.0,0.0,0.0,0.0,0.0,0.0,0.0,0.0,0.0,0.0,0.0,0.0,0.0,0.0,0.0,0.0,0.18861769594452632,0.0,0.0,0.0,0.0,0.26770500693822896,0.0,0.0,0.0,0.0,0.0,0.0,0.0,0.0,0.0,0.0,0.0,0.0,0.0,0.0,0.0,0.0,0.0,0.0,0.0,0.0,0.0,0.0,0.0,0.0,0.0,0.0,0.10364324640610022,0.22073626758123488,0.1760625666140065,0.0,0.09482550112313064,0.0,0.0,0.0,0.0,0.0,0.0,0.0,0.0,0.22740203967661513,0.0,0.0,0.0,0.0,0.0,0.0,0.0,0.0,0.0,0.0,0.1332763754934631,0.0,0.0,0.0,0.0,0.0,0.0,0.0,0.0,0.0,0.0,0.0,0.0,0.0,0.0,0.0,0.0,0.13621987176875167,0.0,0.1385496528966114,0.1228135898020992,0.0,0.0,0.0,0.0,0.17201440705163137,0.0,0.0,0.0,0.0,0.0,0.0,0.0,0.0,0.15628379187326563,0.0,0.0,0.0,0.0,0.0,0.5173014360326352,0.0,0.0,0.0,0.16843779819541432,0.0,0.11282517847178103,0.23281191393977635,0.25260034556342764,0.0,0.0,0.0,0.3133257692528666,0.0,0.0,0.16374604336663867,0.0,0.0,0.0,0.0,0.0,0.0
a632288c7ae62bee60155ff916cd70e7ac14183b7789bcf64be9a186c0b75b0f,0.0,0.0,0.0,0.0,0.0,0.0,0.0,0.0,0.0,0.0,0.20158014536793703,0.0,0.13130267620266167,0.0,0.0,0.0,0.0,0.0,0.0,0.0,0.0,0.191890823824254,0.0,0.0,0.0,0.0,0.0,0.0,0.0,0.0,0.0,0.0,0.0,0.0,0.0,0.0,0.0,0.0,0.0,0.0,0.0,0.0,0.0,0.2271707355778838,0.0,0.0,0.0,0.0,0.32242331791565293,0.32008733065542594,0.0,0.0,0.0,0.0,0.0,0.0,0.0,0.0,0.0,0.0,0.0,0.0,0.0,0.0,0.0,0.0,0.0,0.0,0.0,0.0,0.0,0.0,0.4577172072612671,0.0,0.0,0.12482769660529786,0.26585427217758845,0.21204936559715576,0.0,0.11420762370047483,0.0,0.0,0.0,0.0,0.0,0.0,0.0,0.0,0.2738825133376725,0.0,0.0,0.0,0.0,0.0,0.0,0.0,0.0,0.0,0.0,0.16051777169894377,0.0,0.0,0.0,0.0,0.0,0.0,0.0,0.0,0.0,0.0,0.0,0.0,0.0,0.0,0.0,0.0,0.1640629120988388,0.0,0.16686889533334412,0.0,0.0,0.0,0.0,0.0,0.207173771178953,0.0,0.0,0.0,0.0,0.0,0.0,0.0,0.0,0.18822785307054302,0.0,0.0,0.0,0.0,0.0,0.0,0.0,0.0,0.0,0.20286611138768842,0.0,0.13588639526525992,0.0,0.0,0.0,0.0,0.0,0.0,0.0,0.0,0.0,0.0,0.0,0.0,0.0,0.0,0.0
9540d034f1814af5581f3540d9130367acf7f1376047a3b00c6d2f5069c3b02e,0.0,0.0,0.0,0.0,0.0,0.0,0.30534877471567196,0.0,0.0,0.0,0.0,0.0,0.11463076053162305,0.0,0.0,0.0,0.29617042896160733,0.2246242361299131,0.0,0.0,0.0,0.0,0.0,0.0,0.0,0.302617964364577,0.0,0.0,0.0,0.0,0.0,0.0,0.0,0.0,0.0,0.0,0.0,0.0,0.0,0.0,0.0,0.0,0.0,0.0,0.0,0.0,0.0,0.0,0.0,0.2794448309106497,0.0,0.0,0.0,0.0,0.0,0.0,0.0,0.0,0.0,0.0,0.16652828889778123,0.30397179775573047,0.0,0.0,0.0,0.0,0.0,0.0,0.0,0.0,0.0,0.0,0.0,0.0,0.0,0.10897792955255797,0.0,0.0,0.0,0.0,0.0,0.0,0.0,0.0,0.0,0.0,0.0,0.0,0.2391067852398683,0.0,0.0,0.0,0.0,0.0,0.0,0.0,0.0,0.0,0.0,0.14013632304257911,0.0,0.0,0.15393442678018984,0.0,0.0,0.0,0.0,0.0,0.0,0.0,0.0,0.0,0.0,0.0,0.23043700709273485,0.26227991869379563,0.1432313257644133,0.13247521310433272,0.14568102444164263,0.12913500108929593,0.15393442678018984,0.0,0.0,0.0,0.0,0.0,0.0,0.0,0.0,0.0,0.0,0.0,0.2937292969778238,0.0,0.0,0.0,0.0,0.0,0.0,0.0,0.0,0.0,0.0,0.17710756023411714,0.0,0.11863247030178756,0.0,0.0,0.0,0.0,0.0,0.0,0.0,0.0,0.0,0.0,0.0,0.0,0.0,0.0,0.0
a74798d23c9bde7440ed3dde108f8fd57a6f38dc66aab56a5a6db8fb009c88d1,0.0,0.0,0.0,0.0,0.0,0.0,0.0,0.0,0.0,0.0,0.26236739469868453,0.0,0.17089749096756426,0.0,0.0,0.0,0.0,0.0,0.0,0.0,0.0,0.249756221881174,0.0,0.0,0.0,0.0,0.3592336219725831,0.0,0.0,0.0,0.0,0.0,0.0,0.0,0.0,0.0,0.0,0.0,0.0,0.0,0.0,0.0,0.0,0.0,0.3318790728881507,0.0,0.0,0.0,0.0,0.0,0.0,0.0,0.0,0.0,0.0,0.0,0.0,0.0,0.3296755266922554,0.0,0.0,0.0,0.0,0.0,0.0,0.0,0.0,0.0,0.0,0.0,0.0,0.0,0.0,0.0,0.0,0.1624699569731489,0.0,0.27599364757717754,0.0,0.14864736122859942,0.0,0.0,0.0,0.0,0.0,0.0,0.0,0.0,0.0,0.0,0.0,0.0,0.0,0.0,0.0,0.0,0.0,0.0,0.0,0.0,0.0,0.0,0.0,0.0,0.0,0.0,0.0,0.0,0.0,0.0,0.0,0.0,0.0,0.0,0.0,0.0,0.0,0.0,0.0,0.19252116604570765,0.0,0.0,0.0,0.0,0.2696477993649122,0.0,0.31023144880341397,0.0,0.0,0.0,0.0,0.0,0.0,0.24498866855019258,0.0,0.0,0.0,0.0,0.0,0.0,0.0,0.0,0.0,0.2640411485976977,0.0,0.17686344771538537,0.0,0.0,0.0,0.0,0.0,0.0,0.0,0.0,0.0,0.0,0.0,0.0,0.0,0.0,0.0
a36813a35722d441ec430098be1f72cde0fb40c561ea21b858ba7c10516d62e4,0.0,0.0,0.0,0.0,0.0,0.0,0.0,0.0,0.0,0.0,0.24309038899746502,0.0,0.15834108352414208,0.0,0.0,0.0,0.0,0.0,0.0,0.0,0.0,0.23140580101943656,0.0,0.0,0.0,0.0,0.0,0.0,0.0,0.0,0.0,0.0,0.0,0.0,0.0,0.0,0.0,0.0,0.0,0.0,0.0,0.0,0.0,0.2739507027325109,0.0,0.0,0.0,0.0,0.38881810324577765,0.38600107952181306,0.0,0.0,0.0,0.0,0.0,0.0,0.0,0.0,0.0,0.0,0.0,0.0,0.0,0.0,0.0,0.0,0.0,0.0,0.0,0.0,0.0,0.0,0.0,0.0,0.0,0.15053274850086465,0.32060011824243534,0.25571547572600006,0.0,0.13772574487011172,0.0,0.0,0.0,0.0,0.0,0.0,0.0,0.0,0.0,0.0,0.0,0.0,0.0,0.0,0.0,0.0,0.0,0.0,0.0,0.19357227613900224,0.0,0.0,0.0,0.0,0.0,0.0,0.0,0.0,0.0,0.0,0.0,0.0,0.0,0.0,0.0,0.0,0.1978474469763291,0.0,0.0,0.0,0.0,0.0,0.0,0.0,0.24983587810217925,0.0,0.0,0.0,0.0,0.0,0.0,0.0,0.0,0.2269885356990814,0.0,0.0,0.0,0.0,0.0,0.0,0.0,0.0,0.0,0.24464116662692004,0.0,0.1638687015737684,0.0,0.0,0.0,0.0,0.0,0.0,0.0,0.0,0.0,0.0,0.0,0.0,0.0,0.0,0.0
b2fd01b66512f2a7ec6cfa1fa7907582ec461a36fc709f14f1d9504f064e6606,0.0,0.0,0.0,0.0,0.0,0.0,0.0,0.0,0.0,0.0,0.24577846196246808,0.0,0.16009200583590397,0.0,0.0,0.0,0.0,0.0,0.0,0.0,0.0,0.23396466679866615,0.0,0.0,0.0,0.0,0.0,0.0,0.0,0.0,0.0,0.0,0.0,0.0,0.0,0.0,0.0,0.0,0.0,0.0,0.0,0.0,0.0,0.2769800264371454,0.0,0.0,0.0,0.33393379473797724,0.0,0.0,0.0,0.0,0.0,0.0,0.0,0.0,0.0,0.0,0.0,0.0,0.0,0.0,0.0,0.0,0.0,0.0,0.0,0.0,0.0,0.0,0.0,0.0,0.0,0.0,0.48009906270097724,0.15219732690423787,0.32414528723894903,0.258543155832428,0.0,0.13924870451033886,0.0,0.0,0.0,0.0,0.0,0.0,0.0,0.0,0.0,0.0,0.0,0.0,0.0,0.0,0.0,0.0,0.0,0.0,0.0,0.0,0.0,0.0,0.0,0.0,0.3651664959051405,0.0,0.0,0.0,0.0,0.0,0.0,0.0,0.0,0.0,0.0,0.0,0.2000352273143559,0.0,0.0,0.0,0.0,0.0,0.0,0.0,0.0,0.0,0.0,0.0,0.0,0.0,0.0,0.0,0.0,0.22949855573193711,0.0,0.0,0.0,0.0,0.0,0.0,0.0,0.0,0.0,0.0,0.0,0.0,0.0,0.0,0.0,0.0,0.0,0.0,0.0,0.0,0.0,0.0,0.0,0.0,0.0,0.0,0.0
af890b72e50681eee069a7024c0649ac99f60e781cb267d4849dae4b310d59c1,0.0,0.0,0.0,0.0,0.0,0.0,0.0,0.0,0.0,0.0,0.0,0.0,0.17558301009775165,0.0,0.0,0.0,0.0,0.0,0.0,0.0,0.0,0.0,0.0,0.0,0.0,0.0,0.3690827777350776,0.0,0.0,0.0,0.0,0.0,0.0,0.0,0.0,0.0,0.0,0.0,0.0,0.0,0.0,0.0,0.3226133117820167,0.0,0.3409782453576952,0.0,0.0,0.0,0.0,0.0,0.0,0.0,0.0,0.0,0.0,0.0,0.0,0.0,0.3387142842440813,0.0,0.0,0.0,0.0,0.0,0.0,0.0,0.0,0.0,0.0,0.0,0.0,0.0,0.0,0.0,0.0,0.16692441728832635,0.0,0.2835606019438657,0.0,0.15272284560666247,0.0,0.0,0.0,0.0,0.0,0.0,0.0,0.0,0.0,0.0,0.0,0.0,0.0,0.0,0.0,0.0,0.0,0.0,0.0,0.0,0.0,0.0,0.23578548974453878,0.0,0.0,0.0,0.0,0.0,0.0,0.0,0.0,0.0,0.0,0.0,0.0,0.0,0.0,0.0,0.0,0.19779954433766486,0.0,0.0,0.0,0.0,0.0,0.0,0.3187371054981049,0.0,0.0,0.0,0.0,0.0,0.0,0.2517055553030176,0.0,0.0,0.0,0.0,0.0,0.0,0.0,0.0,0.0,0.27128039971780904,0.0,0.1817125362713936,0.0,0.0,0.0,0.0,0.0,0.0,0.0,0.0,0.0,0.0,0.0,0.0,0.0,0.0,0.0
a5321ffc44084cba8e5bedc4fe98bc151b5f90a01192fa8d695ffcb0c8363ebd,0.0,0.0,0.0,0.0,0.0,0.0,0.0,0.0,0.0,0.0,0.1922288110149011,0.0,0.12521152459455887,0.0,0.0,0.0,0.0,0.0,0.0,0.0,0.0,0.18298897860738111,0.0,0.0,0.0,0.0,0.26319982369635625,0.0,0.0,0.0,0.0,0.0,0.0,0.0,0.20498381390297526,0.0,0.0,0.0,0.0,0.0,0.0,0.3619330243171563,0.0,0.0,0.24315795663285128,0.0,0.0,0.0,0.0,0.0,0.0,0.0,0.0,0.0,0.0,0.0,0.0,0.0,0.24154348366931924,0.0,0.0,0.0,0.0,0.0,0.0,0.0,0.0,0.0,0.42721335193146903,0.0,0.0,0.0,0.0,0.0,0.0,0.11903692030962236,0.0,0.0,0.0,0.10890951424163163,0.0,0.0,0.0,0.0,0.0,0.0,0.0,0.0,0.0,0.0,0.0,0.0,0.0,0.0,0.0,0.0,0.0,0.0,0.0,0.0,0.0,0.0,0.0,0.0,0.285604852312251,0.0,0.0,0.0,0.0,0.0,0.0,0.0,0.0,0.0,0.0,0.0,0.0,0.1447030738246444,0.0,0.14105455019161448,0.16814303748268222,0.0,0.0,0.0,0.19756294765296747,0.0,0.0,0.0,0.0,0.0,0.0,0.0,0.0,0.17949593363768432,0.0,0.0,0.0,0.0,0.0,0.0,0.0,0.0,0.0,0.0,0.0,0.1295826042156263,0.2673904398767335,0.0,0.0,0.0,0.0,0.0,0.0,0.0,0.18806652040671015,0.0,0.0,0.0,0.0,0.0,0.0
a3634cede75096cc15c97ba0d1c17253ad6d75fd705383dfe82469a5b3c5cb63,0.0,0.2660608253118989,0.0,0.0,0.0,0.0,0.0,0.0,0.0,0.0,0.0,0.0,0.12425513100401057,0.0,0.0,0.0,0.0,0.0,0.0,0.0,0.0,0.18159126791862645,0.0,0.0,0.0,0.0,0.0,0.0,0.0,0.0,0.0,0.0,0.0,0.0,0.0,0.0,0.0,0.0,0.0,0.0,0.0,0.0,0.0,0.21497756424964018,0.0,0.0,0.0,0.0,0.0,0.0,0.0,0.0,0.3571139513359154,0.0,0.0,0.0,0.0,0.0,0.0,0.0,0.0,0.0,0.0,0.0,0.24022930793430927,0.0,0.0,0.20306954141150282,0.0,0.0,0.0,0.0,0.0,0.0,0.0,0.11812768972568553,0.0,0.0,0.0,0.0,0.0,0.0,0.0,0.0,0.0,0.0,0.0,0.0,0.25918213214446506,0.0,0.0,0.0,0.0,0.0,0.0,0.0,0.0,0.0,0.0,0.0,0.0,0.0,0.1668587234080435,0.0,0.0,0.0,0.19866050678464833,0.0,0.0,0.0,0.0,0.0,0.0,0.0,0.0,0.0,0.0,0.14359779942768572,0.15791236743824186,0.13997714403305392,0.0,0.0,0.0,0.0,0.0,0.0,0.2255612361210642,0.0,0.0,0.0,0.0,0.0,0.0,0.17812490360657146,0.0,0.0,0.0,0.391507408130953,0.0,0.0,0.0,0.0,0.0,0.19197746744967292,0.0,0.1285928233426621,0.2653480519759387,0.0,0.0,0.0,0.0,0.0,0.0,0.0,0.1866300263196354,0.0,0.0,0.0,0.0,0.0,0.0
a1220eb6311115d3a4a6cbf77665fb444a54f9d715ee0e5c9651459222118c95,0.0,0.0,0.0,0.0,0.0,0.0,0.0,0.0,0.0,0.0,0.13725595896904091,0.0,0.08940401697053421,0.0,0.0,0.0,0.0,0.0,0.0,0.0,0.0,0.13065849810398322,0.0,0.0,0.0,0.0,0.0,0.0,0.0,0.0,0.0,0.0,0.0,0.0,0.0,0.0,0.0,0.0,0.0,0.0,0.0,0.0,0.0,0.15468059666557013,0.0,0.0,0.0,0.0,0.21953809792981693,0.0,0.0,0.0,0.25695052999155577,0.0,0.0,0.0,0.0,0.0,0.17246781223229501,0.0,0.0,0.0,0.0,0.0,0.1728497241911519,0.0,0.0,0.14611253941671515,0.30504052953428873,0.3921335353044686,0.30826299606762847,0.28390188880441974,0.0,0.0,0.0,0.08499520214247176,0.0,0.0,0.0,0.07776399250021268,0.0,0.0,0.0,0.0,0.0,0.0,0.0,0.0,0.0,0.0,0.0,0.0,0.0,0.0,0.0,0.0,0.0,0.0,0.0,0.0,0.0,0.0,0.0,0.0,0.20392868105130482,0.0,0.0,0.0,0.0,0.0,0.0,0.0,0.0,0.2599427299613318,0.0,0.0,0.11171046776594573,0.10332144832352881,0.11362106227911122,0.10071631537062348,0.12005814181446474,0.0,0.0,0.0,0.0,0.0,0.0,0.0,0.0,0.0,0.0,0.3626058751321827,0.0,0.0,0.0,0.0,0.0,0.0,0.0,0.0,0.0,0.0,0.0,0.0,0.0,0.0,0.0,0.0,0.0,0.0,0.0,0.0,0.0,0.0,0.0,0.0,0.0,0.0,0.0,0.0,0.0
a915e631517c5b9eadd5062e2c12d33521950a2650d56e69f60ed0d783f35345,0.0,0.0,0.0,0.0,0.0,0.0,0.0,0.0,0.0,0.0,0.23301162858158758,0.0,0.1517761105056205,0.0,0.0,0.0,0.0,0.0,0.0,0.0,0.0,0.22181149481532156,0.0,0.0,0.0,0.0,0.0,0.0,0.0,0.0,0.0,0.0,0.0,0.0,0.0,0.0,0.0,0.0,0.0,0.0,0.0,0.0,0.0,0.2625924441440521,0.0,0.0,0.0,0.0,0.37269733218554885,0.3699971049639749,0.0,0.0,0.0,0.0,0.0,0.0,0.0,0.0,0.0,0.0,0.0,0.0,0.0,0.0,0.0,0.0,0.0,0.0,0.0,0.0,0.0,0.0,0.0,0.0,0.0,0.1442915165330324,0.3073077301953654,0.24511326711913756,0.0,0.13201550354231248,0.0,0.0,0.0,0.0,0.0,0.0,0.0,0.0,0.0,0.0,0.0,0.0,0.0,0.0,0.0,0.0,0.0,0.0,0.0,0.18554658412210634,0.0,0.0,0.0,0.0,0.0,0.0,0.0,0.0,0.0,0.0,0.0,0.0,0.0,0.0,0.0,0.0,0.18964450228077295,0.0,0.0,0.17098035557450117,0.0,0.0,0.0,0.0,0.23947744324563505,0.0,0.0,0.0,0.0,0.0,0.0,0.0,0.0,0.21757737354702386,0.0,0.0,0.0,0.0,0.0,0.0,0.0,0.0,0.0,0.2344981094848329,0.0,0.15707454821528183,0.0,0.0,0.0,0.0,0.0,0.0,0.0,0.0,0.22796627607628994,0.0,0.0,0.0,0.0,0.0,0.0
d120e6bb00677771286e6b3f0d29425c87c3f6aa00cf454a4205c8cc746ea297,0.3477378258074572,0.0,0.0,0.0,0.0,0.0,0.0,0.0,0.0,0.0,0.14371721994083525,0.0,0.09361266984005114,0.0,0.0,0.0,0.0,0.0,0.0,0.0,0.0,0.13680918664802635,0.0,0.0,0.0,0.0,0.0,0.0,0.0,0.0,0.0,0.0,0.0,0.0,0.0,0.0,0.0,0.0,0.0,0.0,0.0,0.0,0.0,0.1619621144214188,0.0,0.0,0.0,0.0,0.2298727526481293,0.0,0.0,0.0,0.26904635769613494,0.0,0.0,0.0,0.0,0.0,0.0,0.0,0.0,0.0,0.0,0.0,0.18098654524643018,0.3587269358127592,0.0,0.15299071982880147,0.0,0.0,0.32277433444958836,0.0,0.0,0.0,0.0,0.08899631208711754,0.18954166759339197,0.15118128453680707,0.0,0.08142469658567875,0.0,0.0,0.0,0.0,0.0,0.0,0.0,0.0,0.0,0.0,0.0,0.0,0.0,0.0,0.0,0.0,0.0,0.0,0.0,0.11444166714714166,0.0,0.0,0.0,0.0,0.0,0.0,0.1496689938002501,0.0,0.0,0.0,0.0,0.0,0.0,0.0,0.0,0.0,0.11696918651986009,0.10818525785585419,0.11896972138864703,0.10545748947056854,0.1257098234746171,0.0,0.0,0.0,0.14770521364666964,0.0,0.1699357552086397,0.0,0.0,0.0,0.0,0.0,0.0,0.13419765974150957,0.0,0.0,0.0,0.0,0.0,0.0,0.0,0.0,0.0,0.0,0.0,0.0,0.19991077536687413,0.0,0.0,0.0,0.0,0.0,0.0,0.0,0.0,0.0,0.3263309708731638,0.0,0.0,0.0,0.0
d034c82de08e2aabe9f27089610a46d42fa741cfcaedec06a016810c660b402c,0.0,0.0,0.0,0.0,0.0,0.0,0.0,0.0,0.0,0.0,0.0,0.0,0.0,0.0,0.0,0.0,0.0,0.0,0.0,0.48224489362179546,0.418765465391524,0.0,0.0,0.0,0.0,0.0,0.0,0.0,0.0,0.0,0.0,0.0,0.0,0.0,0.0,0.0,0.0,0.0,0.0,0.0,0.0,0.0,0.27220688751705674,0.0,0.0,0.0,0.0,0.30902245828521013,0.0,0.0,0.0,0.0,0.0,0.0,0.0,0.0,0.0,0.0,0.0,0.0,0.0,0.0,0.0,0.0,0.0,0.0,0.0,0.0,0.0,0.0,0.0,0.0,0.0,0.0,0.0,0.14084346312205248,0.0,0.0,0.0,0.1288608031259017,0.0,0.0,0.0,0.0,0.0,0.0,0.0,0.0,0.0,0.0,0.0,0.0,0.0,0.0,0.0,0.0,0.0,0.0,0.0,0.181112681508494,0.0,0.0,0.19894539977449094,0.0,0.0,0.0,0.0,0.0,0.0,0.0,0.0,0.0,0.0,0.0,0.0,0.0,0.0,0.0,0.0,0.0,0.19894539977449094,0.0,0.0,0.0,0.0,0.0,0.0,0.0,0.4100850526120667,0.0,0.0,0.0,0.0,0.0,0.0,0.0,0.0,0.0,0.0,0.0,0.0,0.0,0.2870617627149524,0.0,0.0,0.1533210258685412,0.0,0.0,0.0,0.0,0.0,0.0,0.0,0.0,0.0,0.0,0.0,0.0,0.0,0.0,0.0
f3b7556c1a960019ed0c01cdff84412b5c58beed377181573bb34a92f00ddb76,0.0,0.22033274601673133,0.0,0.0,0.0,0.0,0.0,0.0,0.0,0.0,0.15797436593055092,0.27663636590935486,0.10289930578351082,0.0,0.0,0.0,0.0,0.0,0.0,0.0,0.0,0.1503810366154704,0.0,0.0,0.0,0.0,0.0,0.0,0.0,0.0,0.0,0.0,0.0,0.0,0.0,0.0,0.0,0.0,0.0,0.0,0.0,0.2974379320350542,0.0,0.17802920444069284,0.19982813095101246,0.0,0.0,0.0,0.0,0.0,0.0,0.0,0.0,0.0,0.0,0.2877826133359674,0.3171007741309524,0.0,0.1985013509466029,0.0,0.0,0.0,0.0,0.0,0.0,0.0,0.0,0.0,0.0,0.0,0.0,0.0,0.0,0.0,0.0,0.09782499256461828,0.0,0.0,0.0,0.0895022518491902,0.0,0.0,0.0,0.0,0.0,0.0,0.0,0.0,0.0,0.0,0.0,0.0,0.0,0.0,0.0,0.0,0.0,0.0,0.0,0.1257945972726683,0.0,0.0,0.1381805858951317,0.0,0.0,0.0,0.16451657222976934,0.0,0.0,0.0,0.0,0.0,0.0,0.2991803652995508,0.0,0.0,0.12857285356267137,0.11891753486358451,0.13077184702739797,0.11591916430473082,0.1381805858951317,0.0,0.0,0.0,0.1623579796497251,0.0,0.1867938524629532,0.0,0.0,0.0,0.0,0.0,0.0,0.0,0.0,0.0,0.0,0.0,0.0,0.0,0.0,0.0,0.19938316042996773,0.0,0.0,0.10649147559366771,0.21974247758388138,0.0,0.0,0.0,0.0,0.0,0.0,0.0,0.15455377972301995,0.0,0.0,0.0,0.0,0.0,0.0
d30d7676a3b4c91b77d403f81748ebf6b8824749db5f860e114a8a204bca5b8f,0.0,0.0,0.0,0.0,0.0,0.0,0.0,0.0,0.0,0.0,0.0,0.0,0.16607225675400925,0.0,0.0,0.0,0.0,0.0,0.0,0.0,0.0,0.0,0.0,0.0,0.0,0.0,0.0,0.0,0.0,0.0,0.0,0.0,0.0,0.0,0.2718769273287027,0.0,0.0,0.0,0.0,0.0,0.0,0.0,0.30513841126596775,0.0,0.0,0.0,0.0,0.0,0.0,0.0,0.0,0.0,0.0,0.0,0.0,0.0,0.0,0.0,0.0,0.0,0.0,0.0,0.0,0.0,0.0,0.0,0.0,0.0,0.0,0.0,0.0,0.0,0.0,0.0,0.0,0.0,0.0,0.0,0.0,0.14445035207946544,0.0,0.0,0.0,0.0,0.0,0.0,0.0,0.0,0.0,0.0,0.0,0.0,0.0,0.0,0.0,0.0,0.0,0.0,0.0,0.20302365013507656,0.7880198225274638,0.0,0.2230137663656916,0.0,0.0,0.0,0.0,0.0,0.0,0.0,0.0,0.0,0.0,0.0,0.0,0.0,0.20750756077381832,0.0,0.0,0.0,0.0,0.0,0.0,0.0,0.0,0.0,0.0,0.0,0.0,0.0,0.0,0.0,0.0,0.0,0.0,0.0,0.0,0.0,0.0,0.0,0.0,0.0,0.0,0.0,0.0,0.171869766683488,0.0,0.0,0.0,0.0,0.0,0.0,0.0,0.0,0.0,0.0,0.0,0.0,0.0,0.0,0.0
d29a1b857a9b293a671c4ba7d8caa2a9cf8717244a6aa57211d9c66d2f2ea257,0.0,0.0,0.0,0.0,0.0,0.0,0.0,0.0,0.0,0.0,0.0,0.0,0.0,0.0,0.0,0.0,0.0,0.0,0.0,0.0,0.0,0.0,0.0,0.0,0.0,0.0,0.0,0.0,0.0,0.0,0.0,0.0,0.0,0.0,0.34583269146134293,0.0,0.0,0.0,0.0,0.0,0.0,0.0,0.0,0.0,0.0,0.0,0.0,0.0,0.0,0.0,0.0,0.0,0.0,0.0,0.0,0.0,0.0,0.0,0.0,0.0,0.0,0.0,0.0,0.0,0.0,0.0,0.0,0.0,0.0,0.0,0.0,0.0,0.0,0.0,0.0,0.0,0.0,0.0,0.0,0.0,0.0,0.0,0.0,0.0,0.0,0.0,0.0,0.0,0.0,0.0,0.0,0.0,0.0,0.0,0.0,0.0,0.0,0.0,0.0,0.25824999585798647,0.0,0.0,0.28367780897395745,0.784708002890047,0.0,0.0,0.0,0.0,0.0,0.0,0.0,0.0,0.0,0.0,0.0,0.0,0.26395361660912664,0.0,0.0,0.0,0.0,0.0,0.0,0.0,0.0,0.0,0.0,0.0,0.0,0.0,0.0,0.0,0.0,0.0,0.0,0.0,0.0,0.0,0.0,0.0,0.0,0.0,0.0,0.0,0.0,0.21862165567702688,0.0,0.0,0.0,0.0,0.0,0.0,0.0,0.0,0.0,0.0,0.0,0.0,0.0,0.0,0.0
b74441c89735dcb4e566607c71e88222ae2c10864ee56a21864b222b8cf05103,0.0,0.0,0.0,0.0,0.0,0.3927080284114626,0.0,0.0,0.0,0.0,0.0,0.0,0.0,0.0,0.0,0.0,0.0,0.0,0.0,0.0,0.0,0.0,0.0,0.0,0.0,0.0,0.0,0.0,0.0,0.0,0.0,0.0,0.0,0.0,0.0,0.0,0.0,0.0,0.0,0.0,0.0,0.0,0.0,0.0,0.0,0.0,0.0,0.0,0.0,0.0,0.0,0.0,0.0,0.0,0.0,0.0,0.0,0.0,0.0,0.0,0.0,0.0,0.0,0.0,0.2728884466762412,0.0,0.0,0.0,0.0,0.0,0.0,0.0,0.0,0.0,0.0,0.1341871316030688,0.0,0.0,0.0,0.12277077802714942,0.5607858405738405,0.0,0.0,0.0,0.0,0.0,0.0,0.0,0.0,0.0,0.0,0.0,0.0,0.0,0.0,0.0,0.0,0.0,0.0,0.17255320687126544,0.0,0.0,0.18954314207845444,0.0,0.0,0.0,0.0,0.0,0.0,0.0,0.0,0.0,0.0,0.0,0.0,0.0,0.0,0.0,0.17938053034300588,0.0,0.0,0.0,0.0,0.0,0.0,0.0,0.25622625267805277,0.0,0.0,0.0,0.0,0.0,0.0,0.0,0.0,0.0,0.0,0.0,0.0,0.0,0.0,0.0,0.0,0.0,0.0,0.0,0.0,0.0,0.5101198013607628,0.0,0.0,0.0,0.0,0.0,0.0,0.0,0.0,0.0,0.0,0.0,0.0
d9df2e7b3f7714448b36cc5aca8db9a27bb52b00b2310abc300d0ffb6002afce,0.0,0.0,0.0,0.0,0.0,0.0,0.0,0.0,0.0,0.0,0.3316466876159683,0.0,0.21602374359955756,0.0,0.0,0.0,0.0,0.0,0.0,0.0,0.0,0.31570547778429986,0.0,0.0,0.0,0.0,0.0,0.0,0.0,0.0,0.0,0.0,0.0,0.0,0.0,0.0,0.0,0.0,0.0,0.0,0.0,0.0,0.0,0.0,0.0,0.0,0.0,0.0,0.0,0.0,0.0,0.0,0.0,0.0,0.0,0.0,0.0,0.0,0.0,0.0,0.0,0.0,0.0,0.0,0.0,0.0,0.0,0.0,0.0,0.0,0.74484490384467,0.0,0.0,0.0,0.0,0.20537088127560646,0.0,0.0,0.0,0.1878983668337904,0.0,0.0,0.0,0.0,0.0,0.0,0.0,0.0,0.0,0.0,0.0,0.0,0.0,0.0,0.0,0.0,0.0,0.0,0.0,0.0,0.0,0.0,0.0,0.0,0.0,0.0,0.0,0.0,0.0,0.0,0.0,0.0,0.0,0.0,0.0,0.0,0.0,0.0,0.0,0.0,0.0,0.0,0.0,0.0,0.0,0.0,0.0,0.0,0.0,0.0,0.0,0.0,0.0,0.0,0.0,0.0,0.0,0.0,0.0,0.0,0.0,0.0,0.0,0.33376240377471394,0.0,0.0,0.0,0.0,0.0,0.0,0.0,0.0,0.0,0.0,0.0,0.0,0.0,0.0,0.0,0.0,0.0
d8f9367ba0766cdae24e569453778a563689a671074096915b69f26aeb5c3efd,0.0,0.0,0.0,0.0,0.0,0.0,0.0,0.0,0.0,0.0,0.0,0.0,0.22403564443622806,0.0,0.0,0.0,0.0,0.0,0.0,0.0,0.0,0.0,0.0,0.0,0.0,0.0,0.0,0.0,0.0,0.0,0.0,0.0,0.0,0.0,0.0,0.0,0.0,0.0,0.0,0.0,0.0,0.0,0.0,0.0,0.0,0.0,0.0,0.4673129836341862,0.0,0.0,0.0,0.0,0.0,0.0,0.0,0.0,0.0,0.0,0.0,0.0,0.0,0.0,0.0,0.0,0.4331404858749448,0.0,0.0,0.36614033728737455,0.0,0.0,0.0,0.0,0.0,0.0,0.0,0.2129876881511038,0.0,0.0,0.0,0.19486715210415062,0.0,0.0,0.0,0.0,0.0,0.0,0.0,0.0,0.0,0.0,0.0,0.0,0.0,0.0,0.0,0.0,0.0,0.0,0.0,0.0,0.0,0.0,0.30085117070393474,0.0,0.0,0.0,0.0,0.0,0.0,0.0,0.0,0.0,0.0,0.0,0.0,0.0,0.27993290999960974,0.25891104274291427,0.0,0.0,0.30085117070393474,0.0,0.0,0.0,0.0,0.0,0.0,0.0,0.0,0.0,0.0,0.0,0.0,0.0,0.0,0.0,0.0,0.0,0.0,0.0,0.0,0.0,0.0,0.0,0.0,0.0,0.0,0.0,0.0,0.0,0.0,0.0,0.0,0.0,0.0,0.0,0.0,0.0,0.0,0.0,0.0
d7d5d035494e9a243f80cf2f88d2362f31d0adeafa8af33693d1a196bb58c754,0.0,0.0,0.0,0.0,0.0,0.0,0.0,0.0,0.0,0.0,0.0,0.0,0.0,0.0,0.0,0.0,0.0,0.0,0.0,0.0,0.6791143998174749,0.0,0.0,0.0,0.0,0.0,0.0,0.0,0.0,0.0,0.0,0.0,0.0,0.0,0.0,0.0,0.0,0.0,0.0,0.0,0.0,0.0,0.0,0.415671456041561,0.0,0.0,0.0,0.0,0.0,0.0,0.0,0.0,0.0,0.0,0.0,0.0,0.0,0.0,0.0,0.0,0.0,0.0,0.0,0.0,0.0,0.0,0.0,0.39264661059323885,0.0,0.0,0.0,0.0,0.0,0.0,0.0,0.0,0.0,0.0,0.0,0.0,0.0,0.0,0.0,0.0,0.0,0.0,0.0,0.0,0.0,0.0,0.0,0.0,0.0,0.0,0.0,0.0,0.0,0.0,0.0,0.0,0.0,0.0,0.0,0.0,0.0,0.0,0.0,0.0,0.0,0.0,0.0,0.0,0.0,0.0,0.0,0.0,0.0,0.0,0.30533262356531626,0.0,0.0,0.0,0.0,0.0,0.0,0.0,0.0,0.0,0.0,0.0,0.0,0.0,0.0,0.34441472205642126,0.0,0.0,0.0,0.0,0.0,0.0,0.0,0.0,0.0,0.0,0.0,0.0,0.0,0.0,0.0,0.0,0.0,0.0,0.0,0.0,0.0,0.0,0.0,0.0,0.0,0.0,0.0
1bdb8590762f40393359ab5a12face2f6affce13834fb427d800e4eb2fdb0e63,0.0,0.0,0.0,0.0,0.0,0.0,0.0,0.0,0.0,0.0,0.21277463571981775,0.0,0.13859439900226536,0.0,0.0,0.0,0.0,0.0,0.0,0.0,0.0,0.20254723034680197,0.0,0.0,0.0,0.0,0.0,0.0,0.0,0.0,0.0,0.0,0.0,0.0,0.0,0.0,0.0,0.0,0.0,0.0,0.0,0.0,0.0,0.23978636596655384,0.0,0.0,0.0,0.0,0.3403286761791868,0.0,0.0,0.0,0.0,0.0,0.0,0.0,0.0,0.0,0.0,0.0,0.0,0.0,0.0,0.0,0.0,0.0,0.0,0.0,0.0,0.0,0.0,0.0,0.48313593513857633,0.0,0.0,0.1317598398614946,0.28061814229716847,0.22382525043426113,0.0,0.12054999506493928,0.0,0.0,0.0,0.0,0.0,0.0,0.0,0.0,0.28909222135485446,0.0,0.0,0.0,0.0,0.0,0.0,0.0,0.0,0.0,0.0,0.1694319167071705,0.0,0.0,0.0,0.0,0.0,0.0,0.0,0.0,0.0,0.0,0.0,0.0,0.0,0.0,0.0,0.0,0.1731739318534859,0.0,0.17613574170568153,0.0,0.0,0.0,0.0,0.0,0.21867889624170345,0.0,0.0,0.0,0.0,0.0,0.0,0.0,0.0,0.19868084129171615,0.0,0.0,0.0,0.0,0.0,0.0,0.0,0.0,0.0,0.2141320161845517,0.0,0.14343266892218307,0.0,0.0,0.0,0.0,0.0,0.0,0.0,0.0,0.0,0.0,0.0,0.0,0.0,0.0,0.0
d6f9b6e3d507310a7679029dc098040ec3f3223040fe945b7cc67532779327b1,0.0,0.0,0.0,0.0,0.0,0.0,0.0,0.0,0.0,0.0,0.3305071368790964,0.0,0.21528147773231707,0.0,0.0,0.0,0.0,0.4218539357522653,0.0,0.0,0.0,0.3146207016557344,0.0,0.0,0.0,0.0,0.0,0.0,0.0,0.0,0.0,0.0,0.0,0.0,0.3524373535992904,0.0,0.0,0.0,0.0,0.0,0.0,0.0,0.0,0.0,0.0,0.0,0.0,0.0,0.0,0.0,0.0,0.0,0.0,0.0,0.0,0.0,0.0,0.0,0.0,0.0,0.0,0.0,0.0,0.0,0.4162155718546599,0.0,0.0,0.0,0.0,0.0,0.0,0.0,0.0,0.0,0.0,0.2046652190518346,0.0,0.0,0.0,0.18725274083968907,0.0,0.0,0.0,0.0,0.0,0.0,0.0,0.0,0.0,0.0,0.0,0.0,0.0,0.0,0.0,0.0,0.0,0.0,0.0,0.0,0.0,0.0,0.0,0.0,0.0,0.0,0.0,0.0,0.0,0.0,0.0,0.0,0.0,0.0,0.0,0.0,0.26899456415641043,0.2487941239135086,0.0,0.24252106269327897,0.0,0.0,0.0,0.0,0.0,0.0,0.0,0.0,0.0,0.0,0.0,0.0,0.0,0.0,0.0,0.0,0.0,0.0,0.0,0.0,0.0,0.0,0.0,0.0,0.0,0.0,0.0,0.0,0.0,0.0,0.0,0.0,0.0,0.0,0.0,0.0,0.0,0.0,0.0,0.0,0.0
d6f5f66e63c87f7bd8b50fa0327beaed10a8b19f0402ec623616d4c638e962c3,0.0,0.0,0.0,0.0,0.0,0.0,0.0,0.0,0.0,0.0,0.2399475505260184,0.0,0.1562939419198913,0.0,0.0,0.0,0.0,0.0,0.0,0.0,0.0,0.22841402887674034,0.0,0.0,0.0,0.0,0.32853635550981497,0.0,0.0,0.0,0.0,0.0,0.0,0.0,0.0,0.0,0.0,0.0,0.0,0.0,0.0,0.0,0.0,0.0,0.30351931001873445,0.0,0.0,0.0,0.0,0.0,0.0,0.0,0.0,0.0,0.0,0.0,0.0,0.0,0.30150406146704894,0.0,0.0,0.0,0.0,0.0,0.0,0.0,0.0,0.0,0.0,0.0,0.0,0.0,0.0,0.0,0.0,0.14858655838141058,0.0,0.2524094115160147,0.0,0.13594513243507653,0.0,0.0,0.0,0.0,0.0,0.0,0.0,0.0,0.0,0.0,0.0,0.0,0.0,0.0,0.0,0.0,0.0,0.0,0.0,0.19106964162941048,0.0,0.0,0.0,0.0,0.35650319204938324,0.0,0.0,0.0,0.0,0.0,0.0,0.0,0.0,0.0,0.0,0.0,0.0,0.0,0.0,0.17606982860859283,0.0,0.0,0.0,0.0,0.24660582934342162,0.0,0.28372152081628416,0.0,0.0,0.0,0.0,0.0,0.0,0.22405387297747192,0.0,0.0,0.0,0.0,0.0,0.0,0.0,0.0,0.0,0.2414782786437893,0.0,0.1617500951504704,0.0,0.0,0.0,0.0,0.0,0.0,0.0,0.0,0.0,0.0,0.0,0.0,0.0,0.0,0.0
d2fb9d582fc9194f578aa64d7b3c8c850ecae8b09da07b3dae555aee55e3a154,0.0,0.0,0.0,0.0,0.0,0.0,0.0,0.0,0.0,0.0,0.2212432765477378,0.0,0.14411059308217047,0.0,0.0,0.0,0.0,0.0,0.0,0.0,0.0,0.21060881033115578,0.0,0.0,0.0,0.0,0.0,0.0,0.0,0.0,0.0,0.0,0.0,0.0,0.0,0.0,0.0,0.0,0.0,0.0,0.0,0.0,0.0,0.24933010035920447,0.0,0.0,0.0,0.0,0.0,0.0,0.0,0.0,0.0,0.0,0.0,0.0,0.0,0.0,0.0,0.0,0.0,0.0,0.0,0.0,0.0,0.0,0.0,0.0,0.0,0.0,0.0,0.4576222742456589,0.0,0.0,0.0,0.13700401173168208,0.29178702174970905,0.23273371665127304,0.0,0.12534800403136903,0.0,0.0,0.0,0.0,0.0,0.0,0.0,0.0,0.0,0.0,0.0,0.0,0.0,0.0,0.0,0.0,0.0,0.0,0.0,0.17617547447440607,0.0,0.0,0.0,0.0,0.32871322976968825,0.0,0.0,0.0,0.0,0.0,0.0,0.0,0.0,0.0,0.0,0.0,0.18006642552250116,0.16654414086248406,0.18314611833454297,0.16234491953415353,0.19352206542272174,0.0,0.0,0.0,0.22738253247471568,0.0,0.0,0.0,0.0,0.0,0.0,0.0,0.0,0.2065885351697784,0.0,0.0,0.0,0.0,0.0,0.0,0.0,0.0,0.0,0.22265468209672945,0.0,0.0,0.0,0.0,0.0,0.0,0.0,0.0,0.0,0.0,0.0,0.0,0.0,0.0,0.0,0.0,0.0
f61a423a862cf7a65e83afbf7d9127178e0e994f4041fcb8dc64980bc1558e91,0.0,0.0,0.0,0.0,0.0,0.0,0.0,0.0,0.0,0.0,0.0,0.0,0.0,0.0,0.0,0.0,0.0,0.0,0.0,0.0,0.0,0.0,0.0,0.0,0.0,0.0,0.3831447121611091,0.0,0.0,0.0,0.0,0.0,0.0,0.0,0.0,0.0,0.0,0.0,0.0,0.0,0.0,0.0,0.3349047745890401,0.0,0.3539694061925279,0.0,0.0,0.0,0.0,0.0,0.0,0.0,0.0,0.0,0.0,0.0,0.0,0.0,0.3516191888929221,0.0,0.0,0.0,0.0,0.0,0.0,0.0,0.0,0.0,0.0,0.0,0.0,0.0,0.0,0.0,0.0,0.0,0.0,0.29436416914038976,0.0,0.15854153661537523,0.0,0.0,0.0,0.0,0.0,0.0,0.0,0.0,0.0,0.0,0.0,0.0,0.0,0.0,0.0,0.0,0.0,0.0,0.0,0.2228286812618511,0.0,0.0,0.2447688406224747,0.0,0.0,0.0,0.0,0.0,0.0,0.0,0.0,0.0,0.0,0.0,0.0,0.0,0.0,0.0,0.0,0.20533564298481347,0.0,0.0,0.0,0.0,0.0,0.0,0.0,0.0,0.0,0.0,0.0,0.0,0.0,0.2612954555282713,0.0,0.0,0.0,0.0,0.0,0.0,0.0,0.0,0.3531811990949697,0.0,0.0,0.18863572511568674,0.0,0.0,0.0,0.0,0.0,0.0,0.0,0.0,0.0,0.0,0.0,0.0,0.0,0.0,0.0
bcc9c66a08adbbeb61f6983d39e2125a6f1a1e42af54b9d799f4013340771a3b,0.0,0.0,0.0,0.0,0.0,0.0,0.0,0.0,0.0,0.0,0.0,0.0,0.09543246858623917,0.0,0.0,0.0,0.0,0.0,0.0,0.0,0.0,0.13946871112002862,0.0,0.0,0.0,0.0,0.0,0.0,0.0,0.0,0.0,0.0,0.0,0.0,0.0,0.0,0.0,0.0,0.0,0.45283106539630047,0.0,0.0,0.0,0.16511060333064084,0.0,0.0,0.0,0.0,0.23434140147276616,0.0,0.0,0.0,0.0,0.0,0.0,0.0,0.0,0.0,0.0,0.0,0.0,0.0,0.0,0.0,0.0,0.0,0.0,0.1559648078512728,0.0,0.0,0.0,0.0,0.0,0.0,0.0,0.0,0.0,0.0,0.0,0.08300756524019462,0.0,0.0,0.0,0.0,0.0,0.0,0.0,0.0,0.0,0.0,0.0,0.0,0.0,0.387056140879472,0.0,0.0,0.0,0.0,0.0,0.0,0.0,0.0,0.1281535800679661,0.0,0.0,0.0,0.0,0.0,0.0,0.0,0.45283106539630047,0.0,0.0,0.0,0.0,0.0,0.0,0.0,0.12128245266943755,0.10750754751765325,0.0,0.0,0.0,0.0,0.0,0.0,0.0,0.0,0.0,0.0,0.0,0.0,0.0,0.13680641701075782,0.0,0.0,0.0,0.0,0.0,0.0,0.0,0.0,0.0,0.0,0.0,0.09876397437195816,0.20379697345292072,0.2211192075518312,0.0,0.0,0.0,0.0,0.0,0.0,0.14333866118915223,0.3405733271375394,0.0,0.0,0.0,0.0,0.0
d0bef454a49faffb1607e1f20c91b1ee2fde7b3ddec800e83000158fa8bea386,0.0,0.0,0.0,0.0,0.0,0.0,0.0,0.0,0.0,0.0,0.0,0.0,0.2257922522678877,0.0,0.0,0.0,0.0,0.0,0.0,0.0,0.0,0.0,0.0,0.0,0.0,0.0,0.0,0.0,0.0,0.0,0.0,0.0,0.0,0.0,0.0,0.0,0.0,0.0,0.0,0.0,0.0,0.0,0.0,0.0,0.0,0.0,0.0,0.4709770686459876,0.0,0.0,0.0,0.0,0.0,0.0,0.0,0.0,0.0,0.0,0.0,0.0,0.0,0.0,0.0,0.0,0.436536632821166,0.0,0.0,0.3690111527131252,0.0,0.0,0.0,0.0,0.0,0.0,0.0,0.21465767170213562,0.0,0.0,0.0,0.1963950570336575,0.0,0.0,0.0,0.0,0.0,0.0,0.0,0.0,0.0,0.0,0.0,0.0,0.0,0.0,0.0,0.0,0.0,0.0,0.0,0.2760314583762643,0.0,0.0,0.0,0.0,0.0,0.0,0.0,0.0,0.0,0.0,0.0,0.0,0.0,0.0,0.0,0.0,0.2821277944041964,0.26094109990872755,0.0,0.0,0.30321006999405614,0.0,0.0,0.0,0.0,0.0,0.0,0.0,0.0,0.0,0.0,0.0,0.0,0.0,0.0,0.0,0.0,0.0,0.0,0.0,0.0,0.0,0.0,0.0,0.0,0.0,0.0,0.0,0.0,0.0,0.0,0.0,0.0,0.0,0.0,0.0,0.0,0.0,0.0,0.0,0.0
d0b0c22cd8d89cc33def6e5e61f4afd8d3f2aafdeba6833aa686489a104eefce,0.0,0.0,0.0,0.0,0.0,0.0,0.0,0.0,0.0,0.0,0.1621155307590763,0.0,0.10559672433923832,0.0,0.0,0.0,0.0,0.0,0.0,0.0,0.0,0.15432314871727143,0.0,0.0,0.0,0.0,0.0,0.0,0.0,0.0,0.0,0.0,0.0,0.0,0.0,0.0,0.0,0.0,0.0,0.0,0.0,0.0,0.0,0.1826960899542847,0.0,0.0,0.0,0.0,0.2593004743477698,0.0,0.0,0.0,0.0,0.0,0.0,0.0,0.0,0.0,0.0,0.0,0.0,0.0,0.0,0.0,0.0,0.0,0.0,0.0,0.0,0.0,0.0,0.0,0.0,0.0,0.0,0.1003893922770213,0.21380630696525404,0.17053512580895372,0.0,0.0918484779299116,0.0,0.0,0.0,0.0,0.0,0.0,0.0,0.0,0.2202628087916284,0.0,0.0,0.0,0.0,0.0,0.0,0.0,0.0,0.0,0.0,0.12909219659377022,0.0,0.0,0.0,0.0,0.0,0.0,0.0,0.0,0.0,0.0,0.0,0.0,0.0,0.0,0.0,0.0,0.1319432825303113,0.0,0.13419992075493703,0.11895788747569035,0.0,0.0,0.0,0.0,0.16661405721645803,0.0,0.0,0.0,0.0,0.0,0.0,0.0,0.0,0.15137730081737563,0.0,0.4496273118713495,0.0,0.33271784850349184,0.0,0.0,0.0,0.0,0.0,0.16314973511213704,0.0,0.10928305985272489,0.22550284138811685,0.24467002008715094,0.0,0.0,0.0,0.3034889840943282,0.0,0.0,0.15860527676771138,0.0,0.0,0.0,0.0,0.0,0.0
1c4ce65bd75a1093b173417455db9fe48fc948cd5e35ea9418018b33e0dcecf4,0.0,0.0,0.0,0.0,0.0,0.0,0.0,0.0,0.0,0.0,0.2399475505260184,0.0,0.1562939419198913,0.0,0.0,0.0,0.0,0.0,0.0,0.0,0.0,0.22841402887674034,0.0,0.0,0.0,0.0,0.32853635550981497,0.0,0.0,0.0,0.0,0.0,0.0,0.0,0.0,0.0,0.0,0.0,0.0,0.0,0.0,0.0,0.0,0.0,0.30351931001873445,0.0,0.0,0.0,0.0,0.0,0.0,0.0,0.0,0.0,0.0,0.0,0.0,0.0,0.30150406146704894,0.0,0.0,0.0,0.0,0.0,0.0,0.0,0.0,0.0,0.0,0.0,0.0,0.0,0.0,0.0,0.0,0.14858655838141058,0.0,0.2524094115160147,0.0,0.13594513243507653,0.0,0.0,0.0,0.0,0.0,0.0,0.0,0.0,0.0,0.0,0.0,0.0,0.0,0.0,0.0,0.0,0.0,0.0,0.0,0.19106964162941048,0.0,0.0,0.0,0.0,0.35650319204938324,0.0,0.0,0.0,0.0,0.0,0.0,0.0,0.0,0.0,0.0,0.0,0.0,0.0,0.0,0.17606982860859283,0.0,0.0,0.0,0.0,0.24660582934342162,0.0,0.28372152081628416,0.0,0.0,0.0,0.0,0.0,0.0,0.22405387297747192,0.0,0.0,0.0,0.0,0.0,0.0,0.0,0.0,0.0,0.2414782786437893,0.0,0.1617500951504704,0.0,0.0,0.0,0.0,0.0,0.0,0.0,0.0,0.0,0.0,0.0,0.0,0.0,0.0,0.0
cfd843a4218fd91e46bf20068627e94bcc20cf68ec6a84ad4811d39b8c6c7ccd,0.0,0.0,0.0,0.0,0.0,0.0,0.0,0.0,0.0,0.0,0.16466689473741453,0.0,0.1072585989137973,0.0,0.0,0.0,0.0,0.0,0.0,0.0,0.0,0.15675187667946847,0.0,0.0,0.0,0.0,0.0,0.0,0.0,0.0,0.0,0.0,0.0,0.0,0.0,0.0,0.0,0.0,0.0,0.0,0.0,0.0,0.0,0.18557134947266685,0.0,0.0,0.0,0.0,0.26338132882679005,0.0,0.0,0.0,0.0,0.0,0.0,0.0,0.0,0.0,0.0,0.0,0.0,0.0,0.0,0.0,0.0,0.0,0.0,0.0,0.0,0.0,0.0,0.0,0.0,0.0,0.0,0.10196931418865789,0.21717117711297207,0.17321899684211803,0.0,0.09329398347128894,0.0,0.0,0.0,0.0,0.0,0.0,0.0,0.0,0.22372929095707694,0.0,0.0,0.0,0.0,0.0,0.0,0.0,0.0,0.0,0.0,0.13112384142589537,0.0,0.0,0.0,0.0,0.0,0.0,0.0,0.0,0.0,0.0,0.0,0.0,0.0,0.0,0.0,0.0,0.13401979757273386,0.0,0.13631195062713247,0.1208300391913439,0.0,0.0,0.0,0.0,0.16923621871990213,0.0,0.0,0.0,0.0,0.0,0.0,0.0,0.0,0.15375966721148435,0.0,0.0,0.0,0.0,0.0,0.0,0.0,0.0,0.0,0.1657173753332281,0.0,0.11100294974264041,0.2290517908554297,0.2485206214015762,0.0,0.0,0.0,0.3082652745472858,0.0,0.5395067641601272,0.1611013965905609,0.0,0.0,0.0,0.0,0.0,0.0
ce9a0c42305d137c27b4f369996a15387ae6f0d1e391116f54e7733918083239,0.0,0.0,0.0,0.0,0.0,0.0,0.0,0.0,0.0,0.0,0.2637610998013458,0.0,0.17180530462888846,0.0,0.0,0.0,0.0,0.0,0.0,0.0,0.0,0.25108293597709647,0.0,0.0,0.0,0.0,0.0,0.0,0.0,0.0,0.0,0.0,0.0,0.0,0.0,0.0,0.0,0.0,0.0,0.0,0.0,0.0,0.0,0.2972455593249807,0.0,0.0,0.0,0.0,0.0,0.0,0.0,0.0,0.0,0.0,0.0,0.0,0.0,0.0,0.0,0.0,0.0,0.0,0.0,0.0,0.0,0.0,0.0,0.0,0.0,0.0,0.0,0.0,0.0,0.0,0.0,0.1633330032686792,0.3478617156885955,0.27745973582862415,0.0,0.14943698139492897,0.0,0.0,0.0,0.0,0.0,0.0,0.0,0.0,0.35836640956104576,0.0,0.0,0.0,0.0,0.0,0.0,0.0,0.0,0.0,0.0,0.2100323120796251,0.0,0.0,0.0,0.0,0.0,0.0,0.0,0.0,0.0,0.0,0.0,0.0,0.0,0.0,0.0,0.0,0.21467101361999633,0.0,0.21834255191860388,0.0,0.0,0.0,0.0,0.0,0.271080178240831,0.0,0.0,0.0,0.0,0.0,0.0,0.0,0.0,0.24629005723015687,0.0,0.0,0.0,0.0,0.0,0.0,0.0,0.0,0.0,0.2654437447416879,0.0,0.1778029527550199,0.0,0.0,0.0,0.0,0.0,0.0,0.0,0.0,0.0,0.0,0.0,0.0,0.0,0.0,0.0
ce1aa1ad228720565deeb6ba1cc75c6d683434e9644ddb04f6af251a8820325e,0.0,0.22168337483683484,0.0,0.0,0.2880466384551966,0.0,0.0,0.0,0.0,0.0,0.15894274096930788,0.0,0.1035300734314087,0.0,0.0,0.0,0.0,0.0,0.0,0.0,0.0,0.15130286492161998,0.3399736648662783,0.0,0.0,0.0,0.0,0.0,0.0,0.0,0.0,0.0,0.0,0.0,0.0,0.0,0.0,0.0,0.0,0.0,0.0,0.0,0.0,0.1791205146462101,0.0,0.0,0.0,0.0,0.25422566199857327,0.2523837731690352,0.0,0.0,0.0,0.0,0.0,0.0,0.0,0.0,0.0,0.0,0.0,0.0,0.0,0.0,0.0,0.0,0.0,0.0,0.0,0.0,0.0,0.0,0.36090274356203633,0.0,0.0,0.09842465492381273,0.20962186846913253,0.16719755473584277,0.0,0.09005089622002056,0.0,0.0,0.0,0.0,0.0,0.3046526203628746,0.0,0.0,0.21595200903340928,0.0,0.0,0.0,0.0,0.0,0.0,0.0,0.0,0.0,0.0,0.12656571192340152,0.0,0.0,0.0,0.0,0.0,0.0,0.0,0.0,0.0,0.0,0.0,0.0,0.0,0.0,0.0,0.0,0.12936099878685653,0.0,0.1315734719726068,0.1166297430404962,0.0,0.0,0.0,0.0,0.16335322602346222,0.0,0.0,0.0,0.0,0.0,0.0,0.0,0.0,0.14841467069682387,0.0,0.0,0.0,0.0,0.0,0.0,0.0,0.0,0.0,0.15995670473840629,0.0,0.10714426306458333,0.0,0.0,0.0,0.0,0.0,0.0,0.0,0.0,0.1555011867377448,0.0,0.0,0.0,0.0,0.0,0.0
a4c7cb6d7212aac61a61a4f7c7c218684a8ea7727ebf26c4bf9b4f98c39a86c4,0.0,0.0,0.0,0.0,0.0,0.0,0.0,0.0,0.0,0.45497277047357504,0.16832502233691762,0.29476188871912806,0.10964138290687787,0.3703300238774851,0.0,0.0,0.0,0.0,0.0,0.0,0.0,0.160234169627723,0.0,0.0,0.0,0.0,0.23047073936969667,0.0,0.0,0.0,0.0,0.0,0.0,0.0,0.0,0.0,0.0,0.0,0.0,0.0,0.0,0.0,0.0,0.0,0.21292109265791162,0.0,0.0,0.0,0.0,0.0,0.0,0.0,0.0,0.0,0.0,0.0,0.0,0.0,0.2115073805498561,0.0,0.15928003795134804,0.0,0.0,0.0,0.0,0.0,0.0,0.0,0.0,0.0,0.0,0.0,0.0,0.0,0.0,0.10423459503415364,0.0,0.17706711211821435,0.0,0.09536653907724804,0.0,0.0,0.0,0.0,0.0,0.0,0.0,0.0,0.0,0.0,0.0,0.0,0.0,0.0,0.0,0.0,0.0,0.0,0.0,0.13403679939499918,0.0,0.0,0.14723433178742237,0.0,0.0,0.0,0.0,0.0,0.0,0.0,0.0,0.0,0.0,0.0,0.0,0.0,0.13699709013152309,0.1267091441972546,0.1393401640972801,0.12351431705982345,0.14723433178742237,0.0,0.0,0.0,0.1729958553094063,0.0,0.19903279372583862,0.0,0.0,0.0,0.0,0.0,0.0,0.15717548727181696,0.0,0.0,0.0,0.0,0.0,0.0,0.0,0.0,0.2124469671727234,0.0,0.0,0.1134689156839265,0.0,0.0,0.0,0.0,0.0,0.0,0.0,0.0,0.0,0.0,0.0,0.0,0.0,0.0,0.0
cce241c912bf0c1da1af3a33e6fd7b603d20e578ee9817a92743f611d56a528e,0.0,0.0,0.0,0.0,0.0,0.0,0.0,0.0,0.0,0.0,0.27506283783603525,0.0,0.1791668850414213,0.0,0.0,0.0,0.0,0.0,0.0,0.0,0.0,0.26184143512473823,0.0,0.0,0.0,0.0,0.37661623167534397,0.0,0.0,0.0,0.0,0.0,0.0,0.0,0.0,0.0,0.0,0.0,0.0,0.0,0.0,0.0,0.0,0.0,0.34793804966446473,0.0,0.0,0.0,0.0,0.0,0.0,0.0,0.0,0.0,0.0,0.0,0.0,0.0,0.34562787819425644,0.0,0.0,0.0,0.0,0.0,0.0,0.0,0.0,0.0,0.0,0.0,0.0,0.0,0.0,0.0,0.0,0.1703315592223508,0.0,0.0,0.0,0.15584011520689844,0.0,0.0,0.0,0.0,0.0,0.0,0.0,0.0,0.0,0.0,0.0,0.0,0.0,0.0,0.0,0.0,0.0,0.0,0.0,0.0,0.0,0.0,0.0,0.0,0.40867589390988734,0.0,0.0,0.0,0.0,0.0,0.0,0.0,0.0,0.0,0.0,0.0,0.0,0.0,0.0,0.2018368873039711,0.0,0.0,0.0,0.0,0.28269552699082573,0.0,0.0,0.0,0.0,0.0,0.0,0.0,0.0,0.2568431892479575,0.0,0.0,0.0,0.0,0.0,0.0,0.0,0.0,0.0,0.0,0.0,0.1854215227236201,0.0,0.0,0.0,0.0,0.0,0.0,0.0,0.0,0.0,0.0,0.0,0.0,0.0,0.0,0.0
cc7c999dcf80b0e9527b5504d3f9d78788e791258b7238a98cb299253829fbcc,0.0,0.0,0.0,0.0,0.0,0.0,0.0,0.0,0.0,0.0,0.0,0.0,0.17336250004107845,0.0,0.0,0.7875663089490688,0.0,0.0,0.0,0.0,0.0,0.0,0.0,0.0,0.0,0.0,0.0,0.0,0.0,0.0,0.0,0.0,0.0,0.0,0.0,0.0,0.0,0.0,0.0,0.0,0.0,0.0,0.0,0.0,0.0,0.0,0.0,0.0,0.0,0.0,0.0,0.0,0.0,0.0,0.0,0.0,0.0,0.0,0.0,0.0,0.0,0.0,0.0,0.0,0.0,0.0,0.0,0.0,0.0,0.0,0.0,0.0,0.0,0.0,0.0,0.0,0.0,0.0,0.0,0.0,0.0,0.0,0.0,0.0,0.0,0.0,0.0,0.0,0.0,0.0,0.0,0.0,0.0,0.0,0.0,0.0,0.0,0.0,0.0,0.0,0.0,0.0,0.232803629193772,0.0,0.0,0.0,0.0,0.0,0.0,0.0,0.0,0.0,0.0,0.0,0.0,0.0,0.0,0.0,0.220321547973865,0.19529807294152784,0.0,0.0,0.0,0.0,0.0,0.0,0.0,0.0,0.0,0.0,0.0,0.0,0.0,0.0,0.0,0.0,0.0,0.0,0.0,0.0,0.0,0.0,0.0,0.26784965288520624,0.0,0.0,0.3702173206037984,0.0,0.0,0.0,0.0,0.0,0.0,0.0,0.0,0.0,0.0,0.0,0.0,0.0,0.0
e424a0ff956433e468ec8c1220f6b2b760e8624187c011e4dabf227a285af670,0.0,0.0,0.0,0.0,0.0,0.0,0.0,0.0,0.0,0.0,0.0,0.5260760250897948,0.1956823629935421,0.6609461887337729,0.0,0.0,0.0,0.0,0.0,0.0,0.0,0.0,0.0,0.0,0.0,0.0,0.0,0.0,0.0,0.0,0.0,0.0,0.0,0.0,0.0,0.0,0.0,0.0,0.0,0.0,0.0,0.0,0.0,0.0,0.0,0.0,0.0,0.0,0.0,0.0,0.0,0.0,0.0,0.0,0.0,0.0,0.0,0.0,0.0,0.0,0.28427490950650575,0.0,0.0,0.0,0.0,0.0,0.0,0.0,0.0,0.0,0.0,0.0,0.0,0.0,0.0,0.0,0.0,0.0,0.0,0.0,0.0,0.0,0.0,0.0,0.0,0.0,0.0,0.0,0.0,0.0,0.0,0.0,0.0,0.0,0.0,0.0,0.0,0.0,0.0,0.23922206139976987,0.0,0.0,0.2627763458840016,0.0,0.0,0.0,0.0,0.0,0.0,0.0,0.0,0.0,0.0,0.0,0.0,0.0,0.0,0.0,0.0,0.0,0.0,0.0,0.0,0.0,0.0,0.0,0.0,0.0,0.0,0.0,0.0,0.0,0.0,0.0,0.0,0.0,0.0,0.0,0.0,0.0,0.0,0.0,0.0,0.0,0.0,0.2025135487957519,0.0,0.0,0.0,0.0,0.0,0.0,0.0,0.0,0.0,0.0,0.0,0.0,0.0,0.0,0.0
1d11c985ab456d176302f4102a0391047843779b5dec3f38139e718e6d785600,0.0,0.0,0.0,0.0,0.0,0.47909673589647467,0.0,0.0,0.0,0.0,0.0,0.0,0.17219753201815363,0.0,0.0,0.0,0.0,0.0,0.0,0.0,0.0,0.25165615229704685,0.0,0.0,0.0,0.0,0.3619663622408699,0.0,0.0,0.0,0.0,0.0,0.0,0.0,0.0,0.0,0.0,0.0,0.0,0.0,0.0,0.0,0.0,0.0,0.3344037232861371,0.0,0.0,0.0,0.0,0.0,0.0,0.0,0.0,0.0,0.0,0.0,0.0,0.0,0.33218341440697874,0.0,0.0,0.0,0.0,0.0,0.0,0.0,0.0,0.0,0.0,0.0,0.0,0.0,0.0,0.0,0.0,0.0,0.0,0.0,0.0,0.14977814243881415,0.0,0.0,0.0,0.0,0.0,0.0,0.0,0.0,0.0,0.0,0.0,0.0,0.0,0.0,0.0,0.0,0.0,0.0,0.0,0.0,0.0,0.0,0.0,0.0,0.0,0.0,0.0,0.0,0.0,0.0,0.0,0.0,0.0,0.0,0.0,0.0,0.0,0.0,0.0,0.19398570140868882,0.0,0.0,0.0,0.0,0.27169904778518306,0.0,0.312591422705575,0.0,0.0,0.0,0.0,0.0,0.0,0.24685233152289784,0.0,0.0,0.0,0.0,0.0,0.0,0.0,0.0,0.0,0.0,0.0,0.17820887263108764,0.0,0.0,0.0,0.0,0.0,0.0,0.0,0.0,0.0,0.0,0.0,0.0,0.0,0.0,0.0
cb5834ff88fd8e818ddd26ae5e6a080be8b5e17ee4238df66080175a5cf802eb,0.0,0.0,0.0,0.0,0.0,0.0,0.31128386894892873,0.0,0.0,0.0,0.0,0.0,0.11685884992356046,0.0,0.0,0.0,0.30192712278370637,0.22899027954942822,0.0,0.0,0.0,0.0,0.0,0.0,0.0,0.30849997956785574,0.0,0.0,0.0,0.0,0.0,0.0,0.0,0.0,0.0,0.0,0.0,0.0,0.0,0.0,0.0,0.0,0.0,0.0,0.0,0.0,0.0,0.0,0.0,0.2848764276347419,0.0,0.0,0.0,0.0,0.0,0.0,0.0,0.0,0.0,0.0,0.1697651156642605,0.3098801275520843,0.0,0.0,0.0,0.0,0.0,0.0,0.0,0.0,0.0,0.0,0.0,0.0,0.0,0.11109614431153947,0.0,0.0,0.0,0.0,0.0,0.0,0.0,0.0,0.0,0.0,0.0,0.0,0.2437543273940202,0.0,0.0,0.0,0.0,0.0,0.0,0.0,0.0,0.0,0.0,0.14286016656719874,0.0,0.0,0.0,0.0,0.0,0.0,0.0,0.0,0.0,0.0,0.0,0.0,0.0,0.0,0.23491603391443588,0.267377879327134,0.14601532716202056,0.13505014687990496,0.14851264087391305,0.1316450108346776,0.15692646540727626,0.0,0.0,0.0,0.0,0.0,0.0,0.0,0.0,0.0,0.0,0.0,0.2994385422769247,0.0,0.0,0.0,0.0,0.0,0.0,0.0,0.0,0.0,0.0,0.18055001734039003,0.0,0.0,0.0,0.0,0.0,0.0,0.0,0.0,0.0,0.0,0.0,0.0,0.0,0.0,0.0,0.0,0.0
cac690dac1ab7f072111eaca623baec624101ee38fe13b3dcd83118826d2f5c4,0.0,0.6486659289649247,0.0,0.0,0.0,0.0,0.0,0.0,0.0,0.0,0.0,0.0,0.0,0.0,0.0,0.0,0.0,0.0,0.0,0.0,0.0,0.0,0.0,0.0,0.0,0.0,0.0,0.0,0.0,0.0,0.0,0.0,0.0,0.0,0.0,0.0,0.0,0.0,0.0,0.0,0.0,0.0,0.0,0.0,0.0,0.0,0.0,0.0,0.0,0.0,0.0,0.0,0.0,0.0,0.0,0.0,0.0,0.0,0.0,0.0,0.0,0.0,0.0,0.0,0.0,0.0,0.0,0.4950908972403413,0.0,0.0,0.0,0.0,0.0,0.0,0.0,0.0,0.0,0.0,0.0,0.26349719862248233,0.0,0.0,0.0,0.0,0.0,0.0,0.0,0.0,0.0,0.0,0.0,0.0,0.0,0.0,0.0,0.0,0.0,0.0,0.0,0.0,0.0,0.0,0.0,0.0,0.0,0.0,0.0,0.0,0.0,0.0,0.0,0.0,0.0,0.0,0.0,0.0,0.0,0.0,0.38499607147838405,0.34126934719388496,0.0,0.0,0.0,0.0,0.0,0.0,0.0,0.0,0.0,0.0,0.0,0.0,0.0,0.0,0.0,0.0,0.0,0.0,0.0,0.0,0.0,0.0,0.0,0.0,0.0,0.0,0.0,0.0,0.0,0.0,0.0,0.0,0.0,0.0,0.0,0.0,0.0,0.0,0.0,0.0,0.0
ca087f46f97cd465f46e4ccb04181e6eae7b2c751ae7fd9e262191b979728ccc,0.0,0.0,0.0,0.0,0.0,0.0,0.0,0.0,0.0,0.0,0.0,0.0,0.0,0.0,0.0,0.0,0.0,0.0,0.0,0.0,0.0,0.0,0.0,0.0,0.0,0.0,0.0,0.0,0.0,0.0,0.0,0.0,0.0,0.0,0.0,0.0,0.0,0.0,0.0,0.0,0.0,0.0,0.0,0.0,0.0,0.0,0.0,0.0,0.0,0.0,0.0,0.0,0.0,0.0,0.0,0.0,0.0,0.0,0.0,0.0,0.0,0.0,0.0,0.0,0.0,0.0,0.0,0.0,0.0,0.0,0.0,0.0,0.0,0.0,0.0,0.24244483537348435,0.0,0.0,0.0,0.0,0.0,0.0,0.0,0.0,0.0,0.0,0.0,0.0,0.0,0.0,0.0,0.0,0.0,0.0,0.0,0.0,0.0,0.0,0.0,0.31176338098365014,0.0,0.0,0.0,0.0,0.0,0.0,0.0,0.0,0.0,0.0,0.0,0.0,0.0,0.0,0.0,0.0,0.3186488799874983,0.0,0.0,0.0,0.0,0.0,0.0,0.0,0.0,0.0,0.0,0.0,0.7059113775376351,0.0,0.0,0.0,0.0,0.0,0.0,0.0,0.0,0.0,0.0,0.0,0.0,0.0,0.49414179586835083,0.0,0.0,0.0,0.0,0.0,0.0,0.0,0.0,0.0,0.0,0.0,0.0,0.0,0.0,0.0,0.0,0.0,0.0
c24630ac0393879f0a49b298e23fd8bdb5caf2fc7d544735d5dc1e3d8bd31100,0.0,0.0,0.0,0.0,0.0,0.0,0.0,0.0,0.0,0.0,0.0,0.0,0.36762250705447846,0.0,0.0,0.0,0.0,0.0,0.0,0.0,0.0,0.0,0.0,0.0,0.0,0.0,0.0,0.0,0.0,0.0,0.0,0.0,0.0,0.0,0.0,0.0,0.0,0.0,0.0,0.0,0.0,0.0,0.0,0.0,0.0,0.0,0.0,0.0,0.0,0.0,0.0,0.0,0.0,0.0,0.0,0.0,0.0,0.0,0.0,0.0,0.0,0.0,0.0,0.0,0.0,0.0,0.0,0.0,0.0,0.0,0.0,0.0,0.0,0.0,0.0,0.0,0.0,0.0,0.0,0.0,0.0,0.0,0.0,0.0,0.0,0.0,0.0,0.0,0.0,0.0,0.0,0.0,0.0,0.0,0.0,0.0,0.0,0.0,0.0,0.0,0.0,0.0,0.49366993320537284,0.0,0.0,0.0,0.0,0.0,0.0,0.0,0.0,0.0,0.0,0.0,0.0,0.0,0.0,0.0,0.0,0.4141378163135669,0.0,0.0,0.0,0.0,0.0,0.0,0.0,0.0,0.0,0.0,0.0,0.0,0.0,0.0,0.0,0.0,0.0,0.0,0.0,0.0,0.0,0.0,0.0,0.0,0.0,0.3804560481684837,0.0,0.0,0.0,0.0,0.0,0.0,0.0,0.0,0.5521655131090979,0.0,0.0,0.0,0.0,0.0,0.0
c23039cf2f859e659e59ec362277321fbcdac680e6d9bc93fc03c8971333c25e,0.0,0.0,0.0,0.0,0.0,0.0,0.0,0.0,0.0,0.0,0.0,0.0,0.0,0.0,0.0,0.0,0.0,0.0,0.0,0.0,0.0,0.0,0.0,0.0,0.0,0.0,0.0,0.0,0.0,0.0,0.0,0.0,0.0,0.0,0.0,0.0,0.0,0.0,0.0,0.0,0.0,0.0,0.0,0.0,0.0,0.0,0.0,0.0,0.0,0.0,0.0,0.0,0.0,0.0,0.0,0.0,0.0,0.0,0.0,0.0,0.0,0.0,0.0,0.0,0.39211075755171226,0.0,0.0,0.0,0.0,0.0,0.0,0.0,0.0,0.0,0.0,0.0,0.0,0.0,0.0,0.0,0.0,0.0,0.0,0.0,0.0,0.0,0.0,0.0,0.0,0.0,0.0,0.0,0.0,0.0,0.0,0.0,0.0,0.0,0.0,0.0,0.0,0.0,0.0,0.0,0.0,0.0,0.0,0.0,0.0,0.0,0.0,0.0,0.0,0.0,0.0,0.0,0.0,0.23438539785389392,0.0,0.0,0.0,0.0,0.0,0.0,0.0,0.0,0.0,0.8895575524299111,0.0,0.0,0.0,0.0,0.0,0.0,0.0,0.0,0.0,0.0,0.0,0.0,0.0,0.0,0.0,0.0,0.0,0.0,0.0,0.0,0.0,0.0,0.0,0.0,0.0,0.0,0.0,0.0,0.0,0.0,0.0,0.0,0.0
c22598e8b657e79f0b325f19188a0166b6e7a3debcefbbb3214614a91ec6c45a,0.0,0.0,0.0,0.0,0.0,0.0,0.0,0.0,0.0,0.0,0.15111918065809418,0.0,0.09843406358172695,0.0,0.0,0.0,0.0,0.19288606512480624,0.0,0.0,0.0,0.14385535846895164,0.0,0.0,0.0,0.0,0.0,0.0,0.0,0.0,0.0,0.0,0.0,0.0,0.0,0.0,0.0,0.0,0.0,0.0,0.0,0.0,0.18086111649745074,0.17030375371227813,0.0,0.0,0.0,0.0,0.0,0.0,0.0,0.0,0.0,0.0,0.0,0.0,0.0,0.0,0.0,0.0,0.0,0.0,0.0,0.0,0.19030801207426046,0.0,0.0,0.16087029959484586,0.3358504449422886,0.0,0.33939838927836125,0.31257674454109763,0.0,0.0,0.29519338843112236,0.09357994657657503,0.1993037544079547,0.1589676717894054,0.0,0.08561836527611152,0.0,0.0,0.0,0.0,0.0,0.0,0.0,0.0,0.0,0.0,0.0,0.0,0.0,0.0,0.0,0.0,0.0,0.0,0.0,0.12033583017777566,0.0,0.0,0.13218433763176354,0.0,0.0,0.0,0.15737749256718417,0.0,0.0,0.0,0.0,0.0,0.0,0.0,0.0,0.0,0.12299352601171894,0.11375719300158846,0.12509709571876926,0.0,0.13218433763176354,0.0,0.0,0.0,0.0,0.0,0.0,0.0,0.0,0.0,0.0,0.0,0.2522269603764417,0.14110932840698795,0.0,0.0,0.0,0.0,0.0,0.0,0.0,0.0,0.0,0.0,0.0,0.10187035373739876,0.0,0.0,0.0,0.0,0.0,0.28290322586828737,0.0,0.0,0.0,0.0,0.0,0.0,0.0,0.0,0.0
c11806a41bfe4b263711365ff5dc2fc7b7fafaf40a5c79ad199306d3cd1b2950,0.0,0.0,0.0,0.0,0.0,0.0,0.0,0.0,0.0,0.0,0.0,0.0,0.36084947509602794,0.0,0.0,0.0,0.0,0.0,0.0,0.0,0.0,0.0,0.0,0.0,0.0,0.0,0.0,0.0,0.0,0.0,0.0,0.0,0.0,0.0,0.0,0.0,0.0,0.0,0.0,0.0,0.0,0.0,0.0,0.0,0.0,0.0,0.0,0.0,0.0,0.0,0.0,0.0,0.0,0.0,0.0,0.0,0.0,0.0,0.0,0.0,0.0,0.0,0.0,0.0,0.0,0.0,0.0,0.0,0.0,0.0,0.0,0.0,0.0,0.0,0.0,0.34305476552468667,0.0,0.0,0.0,0.3138684012858346,0.0,0.0,0.0,0.0,0.0,0.0,0.0,0.0,0.0,0.0,0.0,0.0,0.0,0.0,0.0,0.0,0.0,0.0,0.0,0.0,0.0,0.0,0.0,0.0,0.0,0.0,0.0,0.0,0.0,0.0,0.0,0.0,0.0,0.0,0.0,0.0,0.45088201875044226,0.0,0.0,0.0,0.0,0.0,0.0,0.0,0.0,0.0,0.0,0.0,0.0,0.0,0.0,0.0,0.0,0.0,0.0,0.0,0.0,0.0,0.0,0.0,0.0,0.0,0.0,0.5575219936570932,0.0,0.3734465726233722,0.0,0.0,0.0,0.0,0.0,0.0,0.0,0.0,0.0,0.0,0.0,0.0,0.0,0.0,0.0
c9716a41f6865025271a42553f3240810b678f89bffaa2a5c69a0576757947ab,0.0,0.0,0.0,0.0,0.0,0.0,0.0,0.0,0.0,0.0,0.0,0.0,0.13649155087131248,0.0,0.0,0.0,0.0,0.0,0.0,0.4442977252861181,0.38581340344425313,0.0,0.0,0.0,0.0,0.0,0.0,0.0,0.0,0.0,0.0,0.0,0.0,0.0,0.0,0.0,0.0,0.0,0.0,0.0,0.0,0.0,0.0,0.23614816474680245,0.0,0.0,0.0,0.2847059182883132,0.0,0.0,0.0,0.0,0.0,0.0,0.0,0.0,0.0,0.0,0.0,0.0,0.0,0.0,0.0,0.0,0.0,0.0,0.0,0.0,0.0,0.0,0.0,0.0,0.0,0.0,0.0,0.1297606902928106,0.2763604136999874,0.22042922207435567,0.0,0.11872092885711552,0.0,0.0,0.0,0.0,0.0,0.0,0.0,0.0,0.0,0.0,0.0,0.0,0.0,0.0,0.0,0.0,0.0,0.0,0.0,0.16686118086260282,0.0,0.0,0.18329066776032074,0.0,0.0,0.0,0.0,0.0,0.0,0.0,0.0,0.0,0.0,0.0,0.0,0.0,0.0,0.0,0.0,0.0,0.18329066776032074,0.0,0.0,0.0,0.21536095185469262,0.0,0.0,0.0,0.37781604006422315,0.0,0.0,0.0,0.0,0.19566632094476039,0.0,0.0,0.0,0.0,0.0,0.0,0.0,0.0,0.0,0.0,0.0,0.14125641128167288,0.0,0.0,0.0,0.0,0.0,0.0,0.0,0.0,0.0,0.0,0.0,0.0,0.0,0.0,0.0
1f69810b8fe71e30a8738278adf09dd982f7de0ab9891d296ce7ea61b3fa4f69,0.0,0.0,0.0,0.0,0.0,0.0,0.0,0.0,0.0,0.0,0.21189733939456815,0.0,0.13802295703253278,0.0,0.0,0.0,0.0,0.0,0.0,0.0,0.0,0.20171210288778135,0.0,0.0,0.0,0.0,0.29012998663376244,0.0,0.0,0.0,0.0,0.0,0.0,0.0,0.0,0.0,0.0,0.0,0.0,0.0,0.0,0.0,0.0,0.0,0.2680374694671909,0.0,0.0,0.0,0.0,0.0,0.0,0.0,0.0,0.0,0.0,0.0,0.0,0.0,0.2662578063475435,0.0,0.0,0.0,0.0,0.0,0.0,0.0,0.0,0.0,0.0,0.0,0.0,0.0,0.0,0.0,0.0,0.13121657763037894,0.0,0.22290239104813292,0.0,0.12005295242016377,0.0,0.0,0.0,0.0,0.0,0.0,0.0,0.0,0.0,0.0,0.0,0.0,0.0,0.5597951503634117,0.0,0.0,0.0,0.0,0.0,0.0,0.0,0.0,0.18534715005618815,0.0,0.0,0.0,0.0,0.0,0.0,0.0,0.0,0.0,0.0,0.0,0.0,0.0,0.0,0.0,0.0,0.15548701434138174,0.0,0.0,0.0,0.0,0.21777725591491606,0.0,0.25055407007971175,0.0,0.0,0.0,0.0,0.0,0.0,0.19786165543634832,0.0,0.0,0.0,0.0,0.0,0.0,0.0,0.0,0.0,0.2132491232105773,0.0,0.14284127816293923,0.0,0.0,0.0,0.0,0.0,0.0,0.0,0.0,0.0,0.0,0.0,0.0,0.0,0.0,0.0
a993e52917b124010519fcf6adb63124d87c0cc594cea58b1dce686bf85d7cf9,0.0,0.2704138376600992,0.0,0.0,0.0,0.0,0.0,0.0,0.0,0.0,0.193881551042609,0.0,0.1262880650857328,0.0,0.0,0.0,0.0,0.0,0.0,0.0,0.0,0.18456227663683394,0.4147067117122537,0.0,0.0,0.0,0.0,0.0,0.0,0.0,0.0,0.0,0.0,0.0,0.0,0.0,0.0,0.0,0.0,0.0,0.0,0.0,0.0,0.21849480505601473,0.0,0.0,0.0,0.0,0.0,0.0,0.0,0.0,0.0,0.0,0.0,0.0,0.0,0.0,0.0,0.0,0.0,0.0,0.0,0.0,0.0,0.0,0.0,0.0,0.0,0.0,0.0,0.0,0.0,0.0,0.0,0.12006037294365826,0.2557009696913003,0.20395093884140578,0.0,0.10984589371895888,0.0,0.0,0.0,0.0,0.0,0.0,0.0,0.0,0.26342260242164756,0.0,0.0,0.0,0.0,0.0,0.0,0.0,0.0,0.0,0.0,0.15438740005911686,0.0,0.0,0.0,0.0,0.0,0.0,0.0,0.0,0.0,0.0,0.0,0.0,0.0,0.0,0.0,0.0,0.15779714717553495,0.0,0.16049596645018352,0.1422673054490662,0.0,0.0,0.0,0.0,0.19926154938625662,0.0,0.0,0.0,0.0,0.0,0.0,0.0,0.0,0.1810391992531118,0.0,0.0,0.0,0.0,0.0,0.0,0.0,0.0,0.0,0.19511840443430792,0.0,0.1306967262650271,0.26968940266320385,0.2926123287880442,0.0,0.0,0.0,0.0,0.0,0.0,0.18968347399710522,0.0,0.0,0.0,0.0,0.0,0.0
c340f0ccbcb5c5936660b8cd25b4967a12553924e8bbefd0e7cadd50ed6da6d1,0.0,0.0,0.0,0.0,0.0,0.0,0.0,0.0,0.0,0.0,0.0,0.0,0.20401820091830053,0.0,0.0,0.9268317047665018,0.0,0.0,0.0,0.0,0.0,0.0,0.0,0.0,0.0,0.0,0.0,0.0,0.0,0.0,0.0,0.0,0.0,0.0,0.0,0.0,0.0,0.0,0.0,0.0,0.0,0.0,0.0,0.0,0.0,0.0,0.0,0.0,0.0,0.0,0.0,0.0,0.0,0.0,0.0,0.0,0.0,0.0,0.0,0.0,0.0,0.0,0.0,0.0,0.0,0.0,0.0,0.0,0.0,0.0,0.0,0.0,0.0,0.0,0.0,0.0,0.0,0.0,0.0,0.0,0.0,0.0,0.0,0.0,0.0,0.0,0.0,0.0,0.0,0.0,0.0,0.0,0.0,0.0,0.0,0.0,0.0,0.0,0.0,0.0,0.0,0.0,0.0,0.0,0.0,0.0,0.0,0.0,0.0,0.0,0.0,0.0,0.0,0.0,0.0,0.0,0.0,0.0,0.0,0.0,0.0,0.0,0.0,0.0,0.0,0.0,0.0,0.0,0.0,0.0,0.0,0.0,0.0,0.0,0.0,0.0,0.0,0.0,0.0,0.0,0.0,0.0,0.0,0.31521352244737233,0.0,0.0,0.0,0.0,0.0,0.0,0.0,0.0,0.0,0.0,0.0,0.0,0.0,0.0,0.0,0.0,0.0
c0384c55ee30f83644024cd305a8e538ed0a3b989e2e10371de67e765f7cc0d9,0.0,0.0,0.0,0.0,0.0,0.0,0.0,0.0,0.0,0.0,0.23790070283125822,0.0,0.15496069265761545,0.0,0.0,0.0,0.0,0.0,0.0,0.0,0.0,0.22646556669226578,0.0,0.0,0.0,0.0,0.3257338102017008,0.0,0.0,0.0,0.0,0.0,0.0,0.0,0.0,0.0,0.0,0.0,0.0,0.0,0.0,0.0,0.0,0.0,0.30093017002265976,0.0,0.0,0.32323045653774723,0.0,0.0,0.0,0.0,0.0,0.0,0.0,0.0,0.0,0.0,0.2989321123397427,0.0,0.0,0.0,0.0,0.0,0.0,0.0,0.0,0.0,0.0,0.0,0.0,0.0,0.0,0.0,0.0,0.14731905615507562,0.0,0.0,0.0,0.13478546658173232,0.0,0.0,0.0,0.0,0.0,0.0,0.0,0.0,0.0,0.0,0.0,0.0,0.0,0.0,0.0,0.0,0.0,0.0,0.0,0.0,0.0,0.0,0.0,0.0,0.35346207854261374,0.0,0.0,0.0,0.0,0.0,0.0,0.0,0.0,0.0,0.0,0.0,0.0,0.0,0.0,0.17456788319587963,0.0,0.0,0.0,0.0,0.2445021838917408,0.0,0.0,0.0,0.0,0.0,0.0,0.0,0.0,0.22214260465070354,0.0,0.0,0.0,0.0,0.0,0.0,0.0,0.0,0.30026006890168255,0.23941837323157253,0.0,0.16037030273891967,0.0,0.0,0.0,0.0,0.0,0.0,0.0,0.0,0.0,0.0,0.0,0.0,0.0,0.0,0.0
c159fbb41546688567bf73b43d4d1144a00cda285006a3c8cd74ec7faba3d016,0.0,0.0,0.0,0.0,0.0,0.0,0.0,0.0,0.0,0.0,0.0,0.0,0.0,0.0,0.0,0.0,0.0,0.0,0.0,0.0,0.0,0.0,0.0,0.0,0.0,0.0,0.41849723272287453,0.0,0.0,0.0,0.0,0.0,0.0,0.0,0.0,0.0,0.0,0.0,0.0,0.0,0.0,0.0,0.0,0.0,0.38662993970237136,0.0,0.0,0.0,0.0,0.0,0.0,0.0,0.0,0.0,0.0,0.0,0.0,0.0,0.3840628693371437,0.0,0.0,0.0,0.0,0.0,0.0,0.0,0.0,0.0,0.0,0.0,0.0,0.0,0.0,0.0,0.0,0.0,0.0,0.3215249650795668,0.0,0.1731700640495008,0.0,0.0,0.0,0.0,0.0,0.0,0.0,0.0,0.0,0.0,0.0,0.0,0.0,0.0,0.0,0.0,0.0,0.0,0.0,0.0,0.0,0.0,0.2673535069282618,0.0,0.0,0.0,0.0,0.0,0.0,0.0,0.0,0.0,0.0,0.0,0.0,0.0,0.0,0.0,0.0,0.22428183305419783,0.0,0.0,0.0,0.0,0.0,0.0,0.0,0.0,0.0,0.0,0.0,0.0,0.0,0.2854050221516906,0.0,0.0,0.0,0.0,0.0,0.0,0.0,0.0,0.38576900523382535,0.0,0.0,0.20604102431248653,0.0,0.0,0.0,0.0,0.0,0.0,0.0,0.0,0.0,0.0,0.0,0.0,0.0,0.0,0.0
c93ba1ba7147a4e59cd731f553ea7131b5ea2517c74c85c3360db10f6eac4ba4,0.0,0.0,0.0,0.0,0.0,0.0,0.0,0.0,0.0,0.0,0.0,0.0,0.0,0.0,0.0,0.0,0.0,0.0,0.0,0.0,0.0,0.0,0.0,0.0,0.0,0.0,0.44462252110334094,0.0,0.0,0.0,0.0,0.0,0.0,0.0,0.3462784239098283,0.0,0.0,0.0,0.0,0.0,0.0,0.0,0.0,0.0,0.4107658667323488,0.0,0.0,0.0,0.0,0.0,0.0,0.0,0.0,0.0,0.0,0.0,0.0,0.0,0.40803854332757733,0.0,0.0,0.0,0.0,0.0,0.0,0.0,0.0,0.0,0.0,0.0,0.0,0.0,0.0,0.0,0.0,0.0,0.0,0.3415966209411133,0.0,0.18398045300409846,0.0,0.0,0.0,0.0,0.0,0.0,0.0,0.0,0.0,0.0,0.0,0.0,0.0,0.0,0.0,0.0,0.0,0.0,0.0,0.0,0.0,0.0,0.0,0.0,0.0,0.0,0.0,0.0,0.0,0.0,0.0,0.0,0.0,0.0,0.0,0.0,0.0,0.0,0.0,0.23828294730032382,0.0,0.0,0.0,0.0,0.0,0.0,0.0,0.0,0.0,0.0,0.0,0.0,0.0,0.30322183890919546,0.0,0.0,0.0,0.0,0.0,0.0,0.0,0.0,0.0,0.0,0.0,0.21890342998085305,0.0,0.0,0.0,0.0,0.0,0.0,0.0,0.0,0.0,0.0,0.0,0.0,0.0,0.0,0.0
c1fb7c4e8f1a3346aa1046a15a36369e916cc7307cd5089b05606192c8be8d7e,0.0,0.0,0.0,0.0,0.0,0.0,0.0,0.0,0.0,0.0,0.0,0.0,0.0,0.0,0.0,0.0,0.0,0.0,0.0,0.0,0.0,0.0,0.0,0.0,0.0,0.0,0.0,0.0,0.0,0.0,0.0,0.0,0.0,0.0,0.3999633651409544,0.0,0.0,0.0,0.0,0.0,0.0,0.0,0.4488949724525464,0.0,0.0,0.0,0.0,0.5096073400804942,0.0,0.0,0.0,0.0,0.0,0.0,0.0,0.0,0.0,0.0,0.0,0.0,0.0,0.0,0.0,0.0,0.0,0.0,0.0,0.0,0.0,0.0,0.0,0.0,0.0,0.0,0.0,0.23226422767988672,0.0,0.0,0.0,0.0,0.0,0.0,0.0,0.0,0.0,0.0,0.0,0.0,0.0,0.0,0.0,0.0,0.0,0.0,0.0,0.0,0.0,0.0,0.0,0.2986719877595597,0.0,0.0,0.0,0.0,0.0,0.0,0.0,0.0,0.0,0.0,0.0,0.0,0.0,0.0,0.0,0.0,0.3052683547469438,0.0,0.0,0.0,0.0,0.0,0.0,0.0,0.0,0.0,0.0,0.0,0.0,0.0,0.0,0.0,0.0,0.0,0.0,0.0,0.0,0.0,0.0,0.0,0.0,0.0,0.0,0.37746863849351486,0.0,0.0,0.0,0.0,0.0,0.0,0.0,0.0,0.0,0.0,0.0,0.0,0.0,0.0,0.0,0.0,0.0
c1d19cee2a05f48cedd6f1f7aa6eec9e27c00cedb7135d0187200b030b302c6d,0.0,0.0,0.0,0.0,0.0,0.0,0.0,0.0,0.0,0.0,0.22548385523902595,0.0,0.14687276655812373,0.0,0.0,0.0,0.0,0.0,0.0,0.0,0.0,0.21464555778501634,0.0,0.0,0.0,0.0,0.0,0.0,0.0,0.0,0.0,0.0,0.0,0.0,0.0,0.0,0.0,0.0,0.0,0.0,0.0,0.0,0.0,0.25410902032087773,0.0,0.0,0.0,0.0,0.3606568127524689,0.35804382022652437,0.0,0.0,0.0,0.0,0.0,0.0,0.0,0.0,0.0,0.0,0.0,0.0,0.0,0.0,0.0,0.0,0.0,0.0,0.0,0.0,0.0,0.0,0.0,0.0,0.0,0.13962997307991318,0.2973797152142685,0.2371945330655641,0.0,0.12775055421587703,0.0,0.0,0.0,0.0,0.0,0.0,0.0,0.0,0.0,0.0,0.0,0.0,0.0,0.0,0.0,0.0,0.0,0.0,0.0,0.17955223680879748,0.0,0.0,0.0,0.0,0.33501368933373327,0.0,0.0,0.0,0.0,0.0,0.0,0.0,0.0,0.0,0.0,0.0,0.1835177658705654,0.0,0.0,0.16545659107128555,0.0,0.0,0.0,0.0,0.23174078252881555,0.0,0.0,0.0,0.0,0.0,0.0,0.0,0.0,0.21054822584953728,0.0,0.0,0.0,0.0,0.0,0.0,0.0,0.0,0.0,0.22692231325437595,0.0,0.15200003067275544,0.0,0.0,0.0,0.0,0.0,0.0,0.0,0.0,0.0,0.0,0.0,0.0,0.0,0.0,0.0
c1ae35cd9be8a69a397e7b1e24229847a71bf7ff80bf4021429ee9804bf02652,0.0,0.3818111017153373,0.0,0.0,0.0,0.0,0.0,0.0,0.0,0.0,0.0,0.0,0.1783125659585899,0.0,0.0,0.0,0.0,0.0,0.0,0.0,0.0,0.0,0.0,0.0,0.0,0.0,0.0,0.0,0.0,0.0,0.0,0.0,0.0,0.0,0.0,0.0,0.0,0.0,0.0,0.0,0.0,0.0,0.3276285524677117,0.0,0.0,0.0,0.0,0.0,0.0,0.0,0.0,0.0,0.0,0.0,0.0,0.0,0.0,0.0,0.0,0.0,0.0,0.0,0.0,0.0,0.0,0.0,0.6723972520525443,0.0,0.0,0.0,0.0,0.0,0.0,0.0,0.0,0.16951936950649768,0.0,0.0,0.0,0.0,0.0,0.0,0.0,0.0,0.0,0.0,0.0,0.0,0.0,0.0,0.0,0.0,0.0,0.0,0.0,0.0,0.0,0.0,0.0,0.0,0.0,0.0,0.23945093359969608,0.0,0.0,0.0,0.0,0.0,0.0,0.0,0.0,0.0,0.0,0.0,0.0,0.0,0.22280184746447315,0.0,0.22661244817004572,0.0,0.0,0.0,0.0,0.0,0.0,0.0,0.0,0.0,0.0,0.0,0.0,0.0,0.0,0.0,0.0,0.0,0.0,0.0,0.0,0.0,0.0,0.0,0.0,0.27549763579644815,0.0,0.0,0.0,0.0,0.0,0.0,0.0,0.0,0.0,0.0,0.0,0.0,0.0,0.0,0.0,0.0,0.0
be817248c8fc124a548b2187aa95fca5b2a5de02cabbd18a2463d2cb5a1593ab,0.0,0.0,0.0,0.0,0.0,0.0,0.0,0.0,0.0,0.0,0.0,0.0,0.1860048011331325,0.0,0.0,0.0,0.0,0.0,0.0,0.0,0.0,0.0,0.0,0.0,0.0,0.0,0.39098981522219806,0.0,0.0,0.0,0.0,0.0,0.0,0.0,0.0,0.0,0.0,0.0,0.0,0.0,0.0,0.0,0.0,0.0,0.36121712848625265,0.0,0.0,0.3879849512631913,0.0,0.0,0.0,0.0,0.0,0.0,0.0,0.0,0.0,0.0,0.3588187891681349,0.0,0.0,0.0,0.0,0.0,0.0,0.0,0.0,0.0,0.0,0.0,0.0,0.0,0.0,0.0,0.0,0.0,0.0,0.300391440745869,0.0,0.16178776357540703,0.0,0.0,0.0,0.0,0.0,0.0,0.0,0.0,0.0,0.0,0.0,0.0,0.0,0.0,0.0,0.0,0.0,0.0,0.0,0.22739122359632727,0.0,0.0,0.0,0.0,0.0,0.0,0.0,0.0,0.0,0.0,0.0,0.0,0.0,0.0,0.0,0.0,0.0,0.0,0.0,0.20954000554079064,0.0,0.0,0.0,0.0,0.0,0.0,0.0,0.0,0.0,0.0,0.0,0.0,0.0,0.2666456266593073,0.0,0.0,0.0,0.0,0.0,0.0,0.0,0.0,0.0,0.2873823428174267,0.0,0.19249814747873772,0.0,0.0,0.0,0.0,0.0,0.0,0.0,0.0,0.0,0.0,0.0,0.0,0.0,0.0,0.0
bcc999c314a9bcdb87c69516480a039848898be7ff24e92725cbb0dc39c976ec,0.0,0.0,0.0,0.0,0.0,0.0,0.0,0.0,0.0,0.0,0.0,0.0,0.1506206072327933,0.0,0.0,0.0,0.0,0.0,0.0,0.0,0.4257512551829157,0.0,0.0,0.0,0.0,0.0,0.0,0.0,0.0,0.0,0.0,0.0,0.0,0.0,0.0,0.0,0.0,0.0,0.0,0.0,0.0,0.43537982687114707,0.2767478066068993,0.26059327294631,0.0,0.0,0.0,0.0,0.0,0.0,0.0,0.0,0.0,0.0,0.0,0.0,0.0,0.0,0.0,0.0,0.0,0.0,0.0,0.0,0.0,0.0,0.0,0.0,0.0,0.0,0.0,0.0,0.0,0.0,0.0,0.14319299503950034,0.0,0.0,0.0,0.13101044190317246,0.0,0.0,0.0,0.0,0.0,0.0,0.0,0.0,0.0,0.0,0.0,0.0,0.0,0.0,0.0,0.0,0.0,0.0,0.0,0.18413397917063695,0.0,0.0,0.0,0.0,0.0,0.0,0.0,0.0,0.0,0.0,0.0,0.0,0.0,0.0,0.0,0.0,0.18820069902129352,0.0,0.1914195130690278,0.16967864636745056,0.0,0.0,0.0,0.0,0.0,0.0,0.2734226754115899,0.0,0.0,0.0,0.0,0.0,0.0,0.0,0.0,0.0,0.0,0.0,0.0,0.0,0.0,0.0,0.29185048885691856,0.2327128263327028,0.0,0.15587870682801758,0.0,0.0,0.0,0.0,0.0,0.0,0.0,0.0,0.2262307211380137,0.0,0.0,0.0,0.0,0.0,0.0
5d1b0eb4fe5d011c4867b01b7a218e87e41cb6e39bc8c2a3470dec2115e482e6,0.0,0.0,0.0,0.0,0.0,0.0,0.0,0.0,0.0,0.0,0.22719750244594653,0.0,0.14798897998244284,0.0,0.0,0.0,0.0,0.0,0.0,0.0,0.0,0.21627683537775702,0.0,0.0,0.0,0.0,0.0,0.0,0.0,0.0,0.0,0.0,0.0,0.0,0.24227279102813856,0.0,0.0,0.0,0.0,0.0,0.0,0.0,0.27191249832656683,0.0,0.0,0.0,0.0,0.0,0.0,0.0,0.0,0.0,0.0,0.0,0.0,0.0,0.0,0.0,0.28548309658695536,0.0,0.0,0.0,0.0,0.0,0.0,0.0,0.0,0.24185765252640354,0.0,0.0,0.0,0.0,0.0,0.0,0.0,0.14069114224041535,0.0,0.0,0.0,0.0,0.0,0.0,0.0,0.0,0.0,0.0,0.0,0.0,0.30868825340094874,0.0,0.0,0.0,0.0,0.0,0.0,0.0,0.0,0.0,0.0,0.1809168098456456,0.0,0.0,0.0,0.0,0.0,0.0,0.0,0.0,0.0,0.0,0.0,0.0,0.0,0.0,0.0,0.0,0.1849124763990466,0.1710262722618731,0.1880750516696477,0.16671403908172225,0.19873024219444022,0.0,0.0,0.0,0.0,0.0,0.0,0.0,0.0,0.0,0.0,0.0,0.0,0.0,0.0,0.0,0.0,0.46628884873172444,0.0,0.0,0.0,0.0,0.0,0.22864689255023776,0.0,0.15315521062006518,0.0,0.0,0.0,0.0,0.0,0.0,0.0,0.0,0.0,0.0,0.0,0.0,0.0,0.0,0.0
bc6c1ee2b06d35ebb30a7ee02c682c6b72e5b3101cfb47e551301d2cfdc74ac7,0.0,0.0,0.0,0.0,0.0,0.0,0.0,0.0,0.0,0.0,0.23790070283125822,0.0,0.15496069265761545,0.0,0.0,0.0,0.0,0.0,0.0,0.0,0.0,0.22646556669226578,0.0,0.0,0.0,0.0,0.3257338102017008,0.0,0.0,0.0,0.0,0.0,0.0,0.0,0.0,0.0,0.0,0.0,0.0,0.0,0.0,0.0,0.0,0.0,0.30093017002265976,0.0,0.0,0.32323045653774723,0.0,0.0,0.0,0.0,0.0,0.0,0.0,0.0,0.0,0.0,0.2989321123397427,0.0,0.0,0.0,0.0,0.0,0.0,0.0,0.0,0.0,0.0,0.0,0.0,0.0,0.0,0.0,0.0,0.14731905615507562,0.0,0.0,0.0,0.13478546658173232,0.0,0.0,0.0,0.0,0.0,0.0,0.0,0.0,0.0,0.0,0.0,0.0,0.0,0.0,0.0,0.0,0.0,0.0,0.0,0.0,0.0,0.0,0.0,0.0,0.35346207854261374,0.0,0.0,0.0,0.0,0.0,0.0,0.0,0.0,0.0,0.0,0.0,0.0,0.0,0.0,0.17456788319587963,0.0,0.0,0.0,0.0,0.2445021838917408,0.0,0.0,0.0,0.0,0.0,0.0,0.0,0.0,0.22214260465070354,0.0,0.0,0.0,0.0,0.0,0.0,0.0,0.0,0.30026006890168255,0.23941837323157253,0.0,0.16037030273891967,0.0,0.0,0.0,0.0,0.0,0.0,0.0,0.0,0.0,0.0,0.0,0.0,0.0,0.0,0.0
e56bedd1e87902a99a32f20b082af4677606f8efa1bd1e5913ee0e9615980171,0.0,0.0,0.0,0.0,0.0,0.0,0.0,0.0,0.0,0.0,0.0,0.0,0.13644644978758455,0.0,0.0,0.0,0.0,0.0,0.0,0.0,0.0,0.1994081340522102,0.0,0.0,0.0,0.0,0.0,0.0,0.0,0.0,0.0,0.5809844085247242,0.0,0.0,0.0,0.0,0.0,0.0,0.0,0.0,0.0,0.0,0.0,0.0,0.0,0.0,0.0,0.0,0.0,0.0,0.0,0.0,0.0,0.0,0.0,0.0,0.0,0.0,0.0,0.0,0.1982207367719168,0.0,0.0,0.0,0.0,0.0,0.0,0.0,0.0,0.0,0.0,0.0,0.0,0.0,0.0,0.0,0.0,0.0,0.0,0.11868169974352967,0.0,0.0,0.0,0.0,0.0,0.0,0.0,0.0,0.0,0.0,0.0,0.0,0.0,0.0,0.0,0.0,0.0,0.0,0.0,0.0,0.0,0.0,0.0,0.0,0.0,0.0,0.0,0.0,0.0,0.0,0.0,0.0,0.0,0.0,0.27429209552183126,0.0,0.0,0.15768692826523956,0.0,0.1537110314913202,0.0,0.0,0.0,0.0,0.0,0.0,0.0,0.0,0.0,0.0,0.0,0.0,0.0,0.0,0.0,0.0,0.0,0.0,0.0,0.0,0.0,0.0,0.0,0.2108133777741055,0.0,0.14120973573881584,0.0,0.0,0.0,0.0,0.0,0.0,0.0,0.0,0.20494127131261713,0.0,0.0,0.0,0.0,0.0,0.5662042710083932
efd8049d67d1bcdb6c0aba4da7ca6d4feacc65eb874447cc2c69d12dd4a83675,0.0,0.0,0.0,0.0,0.0,0.0,0.0,0.0,0.0,0.0,0.0,0.0,0.36762250705447846,0.0,0.0,0.0,0.0,0.0,0.0,0.0,0.0,0.0,0.0,0.0,0.0,0.0,0.0,0.0,0.0,0.0,0.0,0.0,0.0,0.0,0.0,0.0,0.0,0.0,0.0,0.0,0.0,0.0,0.0,0.0,0.0,0.0,0.0,0.0,0.0,0.0,0.0,0.0,0.0,0.0,0.0,0.0,0.0,0.0,0.0,0.0,0.0,0.0,0.0,0.0,0.0,0.0,0.0,0.0,0.0,0.0,0.0,0.0,0.0,0.0,0.0,0.0,0.0,0.0,0.0,0.0,0.0,0.0,0.0,0.0,0.0,0.0,0.0,0.0,0.0,0.0,0.0,0.0,0.0,0.0,0.0,0.0,0.0,0.0,0.0,0.0,0.0,0.0,0.49366993320537284,0.0,0.0,0.0,0.0,0.0,0.0,0.0,0.0,0.0,0.0,0.0,0.0,0.0,0.0,0.0,0.0,0.4141378163135669,0.0,0.0,0.0,0.0,0.0,0.0,0.0,0.0,0.0,0.0,0.0,0.0,0.0,0.0,0.0,0.0,0.0,0.0,0.0,0.0,0.0,0.0,0.0,0.0,0.0,0.3804560481684837,0.0,0.0,0.0,0.0,0.0,0.0,0.0,0.0,0.5521655131090979,0.0,0.0,0.0,0.0,0.0,0.0
ef14393974b607435db89dcd21cbfeb50d14988fec8570cf13b2dbfbd719e062,0.0,0.0,0.0,0.0,0.0,0.0,0.0,0.0,0.0,0.0,0.0,0.0,0.21838124025619537,0.0,0.0,0.0,0.0,0.0,0.0,0.0,0.0,0.0,0.0,0.0,0.0,0.0,0.0,0.0,0.0,0.0,0.0,0.0,0.0,0.0,0.0,0.0,0.0,0.0,0.0,0.0,0.0,0.0,0.0,0.0,0.0,0.0,0.0,0.45551853684115884,0.0,0.0,0.0,0.0,0.0,0.0,0.0,0.0,0.0,0.0,0.0,0.0,0.3172503968270109,0.0,0.0,0.0,0.42220851395576287,0.0,0.0,0.35689937271298233,0.0,0.0,0.0,0.0,0.0,0.0,0.0,0.20761212178885063,0.0,0.0,0.0,0.0,0.0,0.0,0.0,0.0,0.0,0.0,0.0,0.0,0.0,0.0,0.0,0.0,0.0,0.0,0.0,0.0,0.0,0.0,0.0,0.2669714820790954,0.0,0.0,0.0,0.0,0.0,0.0,0.0,0.0,0.0,0.0,0.0,0.0,0.0,0.0,0.0,0.0,0.2728677225808235,0.25237642328079163,0.0,0.0,0.29325803023971597,0.0,0.0,0.0,0.0,0.0,0.0,0.0,0.0,0.0,0.0,0.0,0.0,0.0,0.0,0.0,0.0,0.0,0.0,0.0,0.0,0.0,0.0,0.0,0.0,0.0,0.0,0.0,0.0,0.0,0.0,0.0,0.0,0.0,0.0,0.0,0.0,0.0,0.0,0.0,0.0
ef25f37fb988e1e041e5dbbd6f30aac3918e540fc253964b054fc1ec6e45b6a2,0.0,0.0,0.0,0.0,0.0,0.0,0.0,0.0,0.0,0.0,0.0,0.0,0.16556839054799705,0.0,0.0,0.0,0.0,0.0,0.0,0.0,0.0,0.0,0.0,0.0,0.0,0.0,0.0,0.0,0.0,0.0,0.0,0.0,0.0,0.0,0.0,0.0,0.0,0.0,0.0,0.0,0.0,0.0,0.0,0.0,0.0,0.0,0.0,0.3453569130804932,0.0,0.0,0.0,0.0,0.0,0.0,0.0,0.0,0.0,0.0,0.0,0.0,0.0,0.0,0.0,0.0,0.0,0.0,0.0,0.0,0.0,0.0,0.0,0.0,0.0,0.0,0.0,0.1574036525413477,0.0,0.0,0.0,0.0,0.0,0.0,0.0,0.0,0.0,0.0,0.0,0.0,0.3453569130804932,0.0,0.0,0.0,0.0,0.0,0.0,0.0,0.0,0.0,0.0,0.20240767273870847,0.0,0.0,0.0,0.0,0.0,0.0,0.0,0.7049846559047027,0.0,0.0,0.0,0.0,0.0,0.0,0.0,0.0,0.20687797911213948,0.0,0.21041623241723315,0.18651777406528078,0.22233713859809515,0.0,0.0,0.0,0.0,0.0,0.0,0.0,0.0,0.0,0.0,0.0,0.0,0.0,0.0,0.0,0.0,0.0,0.0,0.0,0.0,0.0,0.0,0.0,0.0,0.0,0.0,0.0,0.0,0.0,0.0,0.0,0.0,0.0,0.0,0.0,0.0,0.0,0.0,0.0,0.0
2a6693166d2db53f60f7b18d49329204dc685a0c12c5cb8be1b62ced46980041,0.0,0.0,0.0,0.0,0.0,0.0,0.0,0.0,0.0,0.0,0.0,0.0,0.36762250705447846,0.0,0.0,0.0,0.0,0.0,0.0,0.0,0.0,0.0,0.0,0.0,0.0,0.0,0.0,0.0,0.0,0.0,0.0,0.0,0.0,0.0,0.0,0.0,0.0,0.0,0.0,0.0,0.0,0.0,0.0,0.0,0.0,0.0,0.0,0.0,0.0,0.0,0.0,0.0,0.0,0.0,0.0,0.0,0.0,0.0,0.0,0.0,0.0,0.0,0.0,0.0,0.0,0.0,0.0,0.0,0.0,0.0,0.0,0.0,0.0,0.0,0.0,0.0,0.0,0.0,0.0,0.0,0.0,0.0,0.0,0.0,0.0,0.0,0.0,0.0,0.0,0.0,0.0,0.0,0.0,0.0,0.0,0.0,0.0,0.0,0.0,0.0,0.0,0.0,0.49366993320537284,0.0,0.0,0.0,0.0,0.0,0.0,0.0,0.0,0.0,0.0,0.0,0.0,0.0,0.0,0.0,0.0,0.4141378163135669,0.0,0.0,0.0,0.0,0.0,0.0,0.0,0.0,0.0,0.0,0.0,0.0,0.0,0.0,0.0,0.0,0.0,0.0,0.0,0.0,0.0,0.0,0.0,0.0,0.0,0.3804560481684837,0.0,0.0,0.0,0.0,0.0,0.0,0.0,0.0,0.5521655131090979,0.0,0.0,0.0,0.0,0.0,0.0
ef9b97d49e19b228a9ce665014ffbf2ca16df1ec49c673feb9f70a1af0c519a9,0.0,0.0,0.0,0.0,0.0,0.0,0.0,0.0,0.0,0.0,0.0,0.0,0.19852937770031912,0.0,0.0,0.0,0.0,0.0,0.0,0.0,0.0,0.29013853290721014,0.0,0.0,0.0,0.0,0.4173169952084585,0.0,0.0,0.0,0.0,0.0,0.0,0.0,0.0,0.0,0.0,0.0,0.0,0.0,0.0,0.0,0.0,0.0,0.3855395736895205,0.0,0.0,0.0,0.0,0.0,0.0,0.0,0.0,0.0,0.0,0.0,0.0,0.0,0.38297974292472575,0.0,0.0,0.0,0.0,0.0,0.0,0.0,0.0,0.0,0.0,0.0,0.0,0.0,0.0,0.0,0.0,0.0,0.0,0.0,0.0,0.17268169330297214,0.0,0.0,0.0,0.0,0.0,0.0,0.0,0.0,0.0,0.0,0.0,0.0,0.0,0.0,0.0,0.0,0.0,0.0,0.0,0.0,0.0,0.0,0.0,0.0,0.0,0.0,0.0,0.0,0.0,0.0,0.0,0.0,0.0,0.0,0.0,0.0,0.0,0.0,0.0,0.22364931792034545,0.0,0.0,0.0,0.0,0.31324631803012776,0.0,0.0,0.0,0.0,0.0,0.0,0.0,0.0,0.2846001286240691,0.0,0.0,0.0,0.0,0.0,0.0,0.0,0.0,0.3846810672111206,0.0,0.0,0.0,0.0,0.0,0.0,0.0,0.0,0.0,0.0,0.0,0.0,0.0,0.0,0.0,0.0,0.0,0.0
ed01ebfbc9eb5bbea545af4d01bf5f1071661840480439c6e5babe8e080e41aa,0.0,0.15730549104154654,0.18525145702209647,0.0,0.20439655404205176,0.0,0.0,0.0,0.0,0.0,0.0,0.0,0.0,0.0,0.0,0.0,0.0,0.14395697755028503,0.0,0.0,0.0,0.1073638087655705,0.0,0.0,0.0,0.0,0.0,0.0,0.0,0.0,0.0,0.0,0.0,0.0,0.0,0.0,0.0,0.0,0.0,0.0,0.0,0.21235436311225103,0.0,0.0,0.0,0.0,0.0,0.15323854054194244,0.0,0.0,0.0,0.0,0.21113963473137737,0.0,0.0,0.20546099534653936,0.0,0.0,0.0,0.0,0.0,0.0,0.0,0.14910644987687655,0.0,0.0,0.27702646527017727,0.1200625980539252,0.0,0.0,0.0,0.0,0.0,0.0,0.0,0.0,0.0,0.0,0.0,0.06389969684938208,0.0,0.0,0.0,0.0,0.2314743818833387,0.21618008151738446,0.0,0.0,0.15323854054194244,0.0,0.0,0.0,0.0,0.0,0.0,0.0,0.0,0.0,0.0,0.08981044012789652,0.0,0.0,0.0,0.0,0.0,0.0,0.11745580558012349,0.0,0.0,0.0,0.0,0.0,0.0,0.0,0.0,0.0,0.09179396267658299,0.08490059491087126,0.09336392335205927,0.08275992285185205,0.09865335638757795,0.0,0.161261572077266,0.22031217218245036,0.0,0.0,0.13336056131663585,0.0,0.0,0.0,0.34859193519381526,0.0,0.0,0.0,0.0,0.0,0.0,0.2314743818833387,0.0,0.0,0.0,0.0,0.0,0.0,0.22031217218245036,0.07602907040757664,0.0,0.1702188263112159,0.0,0.0,0.0,0.21113963473137737,0.0,0.0,0.11034291838676802,0.0,0.0,0.0,0.0,0.0,0.0
ec9b16f63e7f1334124c7ecd51e4777a5b3de1f9985736ed197a75dafed18025,0.0,0.0,0.0,0.0,0.0,0.0,0.0,0.0,0.0,0.0,0.21315258278154572,0.0,0.13884058128662297,0.0,0.0,0.0,0.0,0.0,0.0,0.0,0.0,0.2029070106858059,0.0,0.0,0.0,0.0,0.0,0.0,0.0,0.0,0.0,0.0,0.0,0.0,0.0,0.0,0.0,0.0,0.0,0.0,0.0,0.0,0.0,0.24021229339043546,0.2696252773272245,0.0,0.0,0.0,0.0,0.0,0.0,0.0,0.0,0.0,0.0,0.0,0.0,0.0,0.0,0.0,0.0,0.0,0.0,0.0,0.0,0.0,0.0,0.22690647012613896,0.0,0.0,0.0,0.4408873852163369,0.0,0.0,0.0,0.13199388206375676,0.281116598337241,0.2242228264679645,0.0,0.12076412545821658,0.0,0.0,0.0,0.0,0.0,0.0,0.0,0.0,0.0,0.0,0.0,0.0,0.0,0.0,0.0,0.0,0.0,0.0,0.0,0.16973287501860543,0.0,0.0,0.0,0.0,0.0,0.0,0.0,0.0,0.0,0.0,0.0,0.0,0.0,0.0,0.0,0.0,0.17348153702686797,0.16045375175191975,0.17644860787893443,0.0,0.18644511468881597,0.0,0.0,0.0,0.21906733091586875,0.0,0.0,0.0,0.0,0.0,0.0,0.0,0.0,0.199033753846043,0.0,0.0,0.0,0.0,0.0,0.0,0.0,0.0,0.2690248848821361,0.21451237433234055,0.0,0.0,0.0,0.0,0.0,0.0,0.0,0.0,0.0,0.0,0.0,0.0,0.0,0.0,0.0,0.0,0.0
eb5741230e639ea52f1bb8cb9ea0d760ff6f2095878320f9a259871482638b72,0.0,0.0,0.0,0.0,0.0,0.0,0.0,0.0,0.0,0.0,0.35873939388497017,0.0,0.2336710413143175,0.0,0.0,0.0,0.0,0.0,0.0,0.0,0.0,0.3414959231483412,0.0,0.0,0.0,0.0,0.0,0.0,0.0,0.0,0.0,0.0,0.0,0.0,0.0,0.0,0.0,0.0,0.0,0.0,0.0,0.0,0.0,0.0,0.0,0.0,0.0,0.4874113303724045,0.0,0.0,0.0,0.0,0.0,0.0,0.0,0.0,0.0,0.0,0.0,0.0,0.0,0.0,0.0,0.0,0.0,0.0,0.0,0.0,0.0,0.0,0.0,0.0,0.0,0.0,0.0,0.2221479309805291,0.0,0.0,0.0,0.2032480611052671,0.0,0.0,0.0,0.0,0.0,0.0,0.0,0.0,0.0,0.0,0.0,0.0,0.0,0.0,0.0,0.0,0.0,0.0,0.0,0.28566329298919296,0.0,0.0,0.0,0.0,0.0,0.0,0.0,0.0,0.0,0.0,0.0,0.0,0.0,0.0,0.0,0.0,0.2919723544097715,0.0,0.0,0.0,0.0,0.0,0.0,0.0,0.0,0.0,0.0,0.0,0.0,0.0,0.0,0.0,0.0,0.0,0.0,0.0,0.0,0.0,0.0,0.0,0.0,0.0,0.4527734211951899,0.0,0.0,0.0,0.0,0.0,0.0,0.0,0.0,0.0,0.0,0.0,0.0,0.0,0.0,0.0,0.0,0.0,0.0
eb84360ca4e33b8bb60df47ab5ce962501ef3420bc7aab90655fd507d2ffcedd,0.0,0.0,0.0,0.0,0.0,0.0,0.0,0.0,0.0,0.0,0.0,0.0,0.0,0.0,0.0,0.0,0.0,0.0,0.0,0.0,0.0,0.0,0.0,0.0,0.0,0.0,0.47394462741506055,0.0,0.0,0.0,0.0,0.0,0.0,0.0,0.0,0.0,0.0,0.0,0.0,0.0,0.0,0.0,0.0,0.0,0.43785518371895316,0.0,0.0,0.0,0.0,0.0,0.0,0.0,0.0,0.0,0.0,0.0,0.0,0.0,0.4349479979297422,0.0,0.0,0.0,0.0,0.0,0.0,0.0,0.0,0.0,0.0,0.0,0.0,0.0,0.0,0.0,0.0,0.0,0.0,0.36412434268157706,0.0,0.19611365396944194,0.0,0.0,0.0,0.0,0.0,0.0,0.0,0.0,0.0,0.0,0.0,0.0,0.0,0.0,0.0,0.0,0.0,0.0,0.0,0.0,0.0,0.0,0.0,0.0,0.0,0.0,0.0,0.0,0.0,0.0,0.0,0.0,0.0,0.0,0.0,0.0,0.0,0.0,0.0,0.25399730629336736,0.0,0.0,0.0,0.0,0.0,0.0,0.0,0.0,0.0,0.0,0.0,0.0,0.0,0.3232188084159741,0.0,0.0,0.0,0.0,0.0,0.0,0.0,0.0,0.0,0.0,0.0,0.2333397424509692,0.0,0.0,0.0,0.0,0.0,0.0,0.0,0.0,0.0,0.0,0.0,0.0,0.0,0.0,0.0
eb3414abcb87814b1f26bed72e45682051e7b4cd712d30038ef5d45ea8ec3187,0.32847949348654804,0.0,0.0,0.0,0.0,0.0,0.0,0.0,0.0,0.0,0.13575790756108191,0.0,0.08842823555815772,0.0,0.0,0.0,0.0,0.0,0.0,0.0,0.0,0.1292324533004157,0.0,0.0,0.0,0.0,0.0,0.0,0.0,0.0,0.0,0.0,0.41959568595598046,0.0,0.0,0.0,0.0,0.0,0.0,0.0,0.0,0.0,0.0,0.15299236770007174,0.0,0.0,0.41959568595598046,0.1844512854201294,0.2171419953549292,0.0,0.0,0.0,0.0,0.0,0.0,0.0,0.0,0.0,0.17058544842905587,0.0,0.0,0.0,0.0,0.0,0.0,0.0,0.0,0.0,0.0,0.0,0.0,0.0,0.0,0.0,0.0,0.0840675398158546,0.17904451671629987,0.1428085991335117,0.0,0.07691525369624036,0.0,0.0,0.0,0.0,0.0,0.0,0.0,0.0,0.0,0.0,0.0,0.0,0.0,0.0,0.0,0.0,0.0,0.0,0.0,0.1081036863647494,0.0,0.0,0.0,0.0,0.0,0.0,0.0,0.0,0.0,0.0,0.0,0.0,0.0,0.0,0.0,0.0,0.11049122726974053,0.10219376802246197,0.0,0.0,0.1187477923787607,0.0,0.0,0.0,0.1395250391622479,0.0,0.0,0.0,0.0,0.0,0.0,0.0,0.0,0.12676555734658265,0.0,0.0,0.0,0.0,0.0,0.0,0.0,0.0,0.0,0.13662396535520369,0.0,0.0,0.18883936506629437,0.0,0.0,0.0,0.0,0.2541460972651305,0.0,0.0,0.0,0.0,0.3082581878243617,0.0,0.0,0.0,0.0
d4169a35ad389cc7a7313bff271319fe5db7ff5894bd3a006cccfa34a308b1c7,0.0,0.2278811127926049,0.0,0.0,0.0,0.0,0.0,0.0,0.0,0.0,0.0,0.28611363513591825,0.10642452713657165,0.0,0.0,0.0,0.0,0.0,0.0,0.0,0.0,0.0,0.34947851694756243,0.0,0.37980108691401837,0.0,0.0,0.0,0.0,0.0,0.0,0.0,0.0,0.0,0.0,0.0,0.0,0.0,0.0,0.0,0.0,0.0,0.0,0.0,0.20667403130774378,0.0,0.0,0.22198951168328668,0.0,0.0,0.0,0.0,0.0,0.0,0.0,0.0,0.3279643111735675,0.0,0.0,0.0,0.0,0.0,0.0,0.0,0.0,0.0,0.0,0.0,0.0,0.0,0.0,0.0,0.0,0.0,0.0,0.10117637331520708,0.0,0.0,0.0,0.09256850430797357,0.0,0.0,0.0,0.0,0.0,0.0,0.0,0.0,0.0,0.0,0.0,0.0,0.0,0.0,0.0,0.0,0.0,0.0,0.0,0.13010418708990457,0.0,0.0,0.1429145065787252,0.0,0.0,0.0,0.1701527359428358,0.0,0.0,0.0,0.0,0.0,0.0,0.0,0.0,0.0,0.1329776235011263,0.12299152379832462,0.0,0.11989043223627294,0.1429145065787252,0.0,0.0,0.0,0.0,0.0,0.19319321222839503,0.0,0.0,0.0,0.0,0.0,0.0,0.0,0.0,0.0,0.0,0.0,0.0,0.0,0.0,0.0,0.20621381656740792,0.0,0.0,0.11013976088406187,0.0,0.0,0.0,0.0,0.0,0.0,0.0,0.0,0.0,0.37980108691401837,0.0,0.0,0.0,0.0,0.0
ea6708c3be6f8f4ad01b29bf906dcee23b87183c26a497d867026e302d595be2,0.0,0.0,0.0,0.0,0.0,0.0,0.0,0.0,0.0,0.0,0.0,0.0,0.23411257026147725,0.0,0.0,0.0,0.0,0.0,0.0,0.0,0.0,0.0,0.0,0.0,0.0,0.0,0.0,0.0,0.0,0.0,0.0,0.0,0.0,0.0,0.0,0.0,0.0,0.0,0.0,0.0,0.0,0.0,0.0,0.0,0.0,0.0,0.0,0.0,0.5748805268291765,0.5707154633483248,0.0,0.0,0.0,0.0,0.0,0.0,0.0,0.0,0.0,0.0,0.0,0.0,0.0,0.0,0.0,0.0,0.0,0.0,0.0,0.0,0.0,0.0,0.0,0.0,0.0,0.22256768664014298,0.0,0.0,0.0,0.0,0.0,0.0,0.0,0.0,0.0,0.0,0.0,0.0,0.0,0.0,0.0,0.0,0.0,0.0,0.0,0.0,0.0,0.0,0.0,0.2862030629679044,0.0,0.0,0.31438319119670904,0.0,0.0,0.0,0.0,0.0,0.0,0.0,0.0,0.0,0.0,0.0,0.0,0.0,0.0,0.0,0.0,0.0,0.0,0.0,0.0,0.0,0.0,0.0,0.0,0.0,0.0,0.0,0.0,0.0,0.0,0.0,0.0,0.0,0.0,0.0,0.0,0.0,0.0,0.0,0.0,0.0,0.0,0.24228533780998557,0.0,0.0,0.0,0.0,0.0,0.0,0.0,0.0,0.0,0.0,0.0,0.0,0.0,0.0,0.0
e222690e07d25744be76a045355534b3a6c8e8a606fdfec66885f926f1ebaadd,0.0,0.0,0.0,0.0,0.0,0.0,0.28728248196943534,0.0,0.0,0.0,0.0,0.0,0.10784850676487244,0.0,0.0,0.0,0.27864718303608743,0.21133409860896987,0.0,0.0,0.0,0.0,0.0,0.0,0.0,0.2847132429863056,0.0,0.0,0.0,0.0,0.0,0.0,0.0,0.0,0.0,0.0,0.0,0.0,0.0,0.0,0.0,0.0,0.0,0.18659196690658011,0.0,0.0,0.0,0.22495977193098116,0.26482989066961626,0.0,0.0,0.0,0.0,0.0,0.0,0.0,0.0,0.0,0.0,0.0,0.15667546135472454,0.2859869753507005,0.0,0.0,0.0,0.0,0.0,0.0,0.0,0.0,0.0,0.0,0.0,0.0,0.0,0.10253013168597555,0.21836558934381922,0.1741716779998744,0.0,0.0,0.0,0.0,0.0,0.0,0.0,0.0,0.0,0.0,0.22495977193098116,0.0,0.0,0.0,0.0,0.0,0.0,0.0,0.0,0.0,0.0,0.0,0.0,0.0,0.0,0.0,0.0,0.0,0.0,0.0,0.0,0.0,0.0,0.0,0.0,0.0,0.21680295064832794,0.24676184171119275,0.1347568884128929,0.12463717287053273,0.13706164800043993,0.12149458813647766,0.14482672880260794,0.0,0.0,0.0,0.17016699513428896,0.0,0.0,0.0,0.0,0.0,0.0,0.0,0.2763504832842404,0.0,0.0,0.0,0.0,0.0,0.0,0.0,0.0,0.0,0.0,0.0,0.0,0.0,0.0,0.0,0.0,0.0,0.0,0.0,0.0,0.0,0.0,0.0,0.0,0.0,0.0,0.0,0.0
e24033a0af118f6a215d79fc956b3e5faddada5590c898dd04e4a7a8ddfa3e99,0.0,0.0,0.0,0.0,0.0,0.0,0.0,0.0,0.0,0.0,0.0,0.0,0.23411257026147725,0.0,0.0,0.0,0.0,0.0,0.0,0.0,0.0,0.0,0.0,0.0,0.0,0.0,0.0,0.0,0.0,0.0,0.0,0.0,0.0,0.0,0.0,0.0,0.0,0.0,0.0,0.0,0.0,0.0,0.0,0.0,0.0,0.0,0.0,0.0,0.5748805268291765,0.5707154633483248,0.0,0.0,0.0,0.0,0.0,0.0,0.0,0.0,0.0,0.0,0.0,0.0,0.0,0.0,0.0,0.0,0.0,0.0,0.0,0.0,0.0,0.0,0.0,0.0,0.0,0.22256768664014298,0.0,0.0,0.0,0.0,0.0,0.0,0.0,0.0,0.0,0.0,0.0,0.0,0.0,0.0,0.0,0.0,0.0,0.0,0.0,0.0,0.0,0.0,0.0,0.2862030629679044,0.0,0.0,0.31438319119670904,0.0,0.0,0.0,0.0,0.0,0.0,0.0,0.0,0.0,0.0,0.0,0.0,0.0,0.0,0.0,0.0,0.0,0.0,0.0,0.0,0.0,0.0,0.0,0.0,0.0,0.0,0.0,0.0,0.0,0.0,0.0,0.0,0.0,0.0,0.0,0.0,0.0,0.0,0.0,0.0,0.0,0.0,0.24228533780998557,0.0,0.0,0.0,0.0,0.0,0.0,0.0,0.0,0.0,0.0,0.0,0.0,0.0,0.0,0.0
e6986e80395ec6fb4fc2450dd4de5ea81ba8d489a1464a1108a98f6541967af6,0.0,0.0,0.0,0.0,0.0,0.0,0.0,0.0,0.0,0.0,0.2522020975106702,0.0,0.16427615074208995,0.0,0.0,0.0,0.0,0.0,0.0,0.0,0.0,0.2400795384545099,0.0,0.0,0.0,0.0,0.34531528988916266,0.0,0.0,0.0,0.0,0.0,0.0,0.0,0.0,0.0,0.0,0.0,0.0,0.0,0.0,0.0,0.0,0.0,0.31902057951375407,0.0,0.0,0.0,0.0,0.0,0.0,0.0,0.0,0.0,0.0,0.0,0.0,0.0,0.3169024086442194,0.0,0.0,0.0,0.0,0.0,0.0,0.0,0.0,0.0,0.0,0.0,0.0,0.0,0.0,0.0,0.0,0.15617513745621656,0.0,0.26530040784421394,0.0,0.14288809146553225,0.0,0.0,0.0,0.0,0.0,0.0,0.0,0.0,0.0,0.0,0.0,0.0,0.0,0.0,0.0,0.0,0.0,0.0,0.0,0.0,0.0,0.0,0.0,0.0,0.37471044237375684,0.0,0.0,0.0,0.0,0.0,0.0,0.0,0.0,0.0,0.0,0.0,0.0,0.0,0.0,0.18506202703918118,0.0,0.0,0.0,0.0,0.2592004264366321,0.0,0.2982116821026899,0.0,0.0,0.0,0.0,0.0,0.0,0.2354967016601423,0.0,0.0,0.0,0.0,0.0,0.0,0.0,0.0,0.0,0.0,0.0,0.17001095939537708,0.0,0.0,0.0,0.0,0.0,0.0,0.0,0.0,0.0,0.0,0.0,0.0,0.0,0.0,0.0
e248b01e3ccde76b4d8e8077d4fcb4d0b70e5200bf4e738b45a0bd28fbc2cae6,0.0,0.0,0.0,0.0,0.0,0.0,0.0,0.0,0.0,0.0,0.18750580880187578,0.0,0.12213511630469782,0.0,0.0,0.0,0.0,0.0,0.0,0.0,0.0,0.17849299620828638,0.0,0.0,0.0,0.0,0.0,0.0,0.0,0.0,0.0,0.0,0.0,0.0,0.0,0.0,0.0,0.0,0.0,0.0,0.0,0.0,0.22440903783346688,0.0,0.0,0.0,0.0,0.0,0.0,0.0,0.0,0.0,0.0,0.0,0.0,0.0,0.0,0.0,0.0,0.0,0.0,0.0,0.0,0.0,0.2361305664182746,0.0,0.0,0.0,0.0,0.0,0.0,0.0,0.0,0.0,0.0,0.11611222013025911,0.0,0.0,0.0,0.10623364128550715,0.0,0.0,0.0,0.0,0.0,0.0,0.0,0.0,0.0,0.0,0.0,0.0,0.0,0.0,0.0,0.0,0.0,0.0,0.0,0.0,0.0,0.0,0.0,0.0,0.27858762975128454,0.0,0.0,0.0,0.40106919393317264,0.0,0.0,0.0,0.0,0.0,0.0,0.0,0.0,0.1411477642209639,0.15521810010724896,0.13758888368098593,0.0,0.0,0.0,0.0,0.0,0.0,0.0,0.0,0.33807664797164266,0.0,0.0,0.0,0.0,0.0,0.0,0.0,0.0,0.0,0.0,0.0,0.0,0.0,0.0,0.18870198860512521,0.0,0.0,0.0,0.0,0.0,0.0,0.0,0.0,0.5795362485942471,0.0,0.0,0.0,0.0,0.0,0.0,0.0,0.0
e54c15ea5da3277ce9ce7c4242db9b7e1248acc7fed2b84be6dd4d9abaa2e92d,0.0,0.0,0.0,0.0,0.0,0.0,0.0,0.0,0.0,0.0,0.23723688600120493,0.0,0.15452830420916347,0.0,0.0,0.0,0.0,0.0,0.0,0.0,0.0,0.22583365744269746,0.0,0.0,0.0,0.0,0.0,0.0,0.0,0.0,0.0,0.0,0.0,0.0,0.0,0.0,0.0,0.0,0.0,0.0,0.0,0.0,0.0,0.26735409779931857,0.0,0.0,0.0,0.0,0.0,0.0,0.0,0.0,0.0,0.0,0.0,0.0,0.0,0.0,0.0,0.0,0.0,0.0,0.0,0.0,0.0,0.0,0.0,0.0,0.0,0.0,0.0,0.0,0.5386810527476821,0.0,0.0,0.14690799024522555,0.31288021717817316,0.24955796653970386,0.0,0.1344093732785234,0.0,0.0,0.0,0.0,0.0,0.0,0.0,0.0,0.0,0.0,0.0,0.0,0.0,0.0,0.0,0.0,0.0,0.0,0.0,0.1889111461657216,0.0,0.0,0.0,0.0,0.0,0.0,0.0,0.0,0.0,0.0,0.0,0.0,0.0,0.0,0.0,0.0,0.1930833728866273,0.0,0.19638569575930204,0.174080784597712,0.0,0.0,0.0,0.0,0.24381994687974154,0.0,0.0,0.0,0.0,0.0,0.0,0.0,0.0,0.2215227578075288,0.0,0.0,0.0,0.0,0.0,0.0,0.0,0.0,0.0,0.2387503216298594,0.0,0.0,0.0,0.0,0.0,0.0,0.0,0.0,0.0,0.0,0.0,0.0,0.0,0.0,0.0,0.0,0.0
2c2bd6f198033a90b270b4434a2fddd3b7a3a8b29416a75872e39a2181b16b48,0.0,0.0,0.0,0.0,0.0,0.0,0.0,0.0,0.0,0.0,0.0,0.0,0.0,0.0,0.0,0.0,0.0,0.0,0.0,0.0,0.0,0.0,0.0,0.0,0.0,0.0,0.45690559747956194,0.0,0.0,0.0,0.0,0.0,0.0,0.0,0.0,0.0,0.0,0.0,0.0,0.0,0.0,0.0,0.0,0.0,0.4221136241543022,0.0,0.0,0.0,0.0,0.0,0.0,0.0,0.0,0.0,0.0,0.0,0.0,0.0,0.419310956114265,0.0,0.0,0.0,0.0,0.0,0.0,0.0,0.0,0.0,0.0,0.0,0.0,0.0,0.0,0.0,0.0,0.0,0.0,0.3510335189517373,0.0,0.18906306994031039,0.0,0.0,0.0,0.0,0.0,0.0,0.0,0.0,0.0,0.0,0.0,0.0,0.0,0.0,0.0,0.0,0.0,0.0,0.0,0.26572641750231957,0.0,0.0,0.0,0.0,0.0,0.0,0.0,0.0,0.0,0.0,0.0,0.0,0.0,0.0,0.0,0.0,0.0,0.0,0.0,0.2448657169575555,0.0,0.0,0.0,0.0,0.0,0.0,0.0,0.0,0.0,0.0,0.0,0.0,0.0,0.3115986008352837,0.0,0.0,0.0,0.0,0.0,0.0,0.0,0.0,0.0,0.0,0.0,0.22495082394281257,0.0,0.0,0.0,0.0,0.0,0.0,0.0,0.0,0.0,0.0,0.0,0.0,0.0,0.0,0.0
e7fd6d23b75d0d2732db9a9e937bb7e7ed595ee3e52240f7b6dc3c03a9314270,0.0,0.0,0.0,0.0,0.0,0.0,0.0,0.0,0.0,0.0,0.2399475505260184,0.0,0.1562939419198913,0.0,0.0,0.0,0.0,0.0,0.0,0.0,0.0,0.22841402887674034,0.0,0.0,0.0,0.0,0.32853635550981497,0.0,0.0,0.0,0.0,0.0,0.0,0.0,0.0,0.0,0.0,0.0,0.0,0.0,0.0,0.0,0.0,0.0,0.30351931001873445,0.0,0.0,0.0,0.0,0.0,0.0,0.0,0.0,0.0,0.0,0.0,0.0,0.0,0.30150406146704894,0.0,0.0,0.0,0.0,0.0,0.0,0.0,0.0,0.0,0.0,0.0,0.0,0.0,0.0,0.0,0.0,0.14858655838141058,0.0,0.2524094115160147,0.0,0.13594513243507653,0.0,0.0,0.0,0.0,0.0,0.0,0.0,0.0,0.0,0.0,0.0,0.0,0.0,0.0,0.0,0.0,0.0,0.0,0.0,0.19106964162941048,0.0,0.0,0.0,0.0,0.35650319204938324,0.0,0.0,0.0,0.0,0.0,0.0,0.0,0.0,0.0,0.0,0.0,0.0,0.0,0.0,0.17606982860859283,0.0,0.0,0.0,0.0,0.24660582934342162,0.0,0.28372152081628416,0.0,0.0,0.0,0.0,0.0,0.0,0.22405387297747192,0.0,0.0,0.0,0.0,0.0,0.0,0.0,0.0,0.0,0.2414782786437893,0.0,0.1617500951504704,0.0,0.0,0.0,0.0,0.0,0.0,0.0,0.0,0.0,0.0,0.0,0.0,0.0,0.0,0.0
e7f78e22526692e61b0df20f2f6a7d22918d6b8ed0d8489db583a0e60952ff67,0.0,0.0,0.0,0.0,0.0,0.0,0.0,0.0,0.0,0.0,0.0,0.0,0.0,0.0,0.0,0.0,0.0,0.0,0.0,0.50116968791989,0.4351991288610551,0.0,0.0,0.0,0.0,0.0,0.0,0.0,0.0,0.0,0.0,0.0,0.0,0.0,0.0,0.0,0.0,0.0,0.0,0.0,0.0,0.0,0.0,0.0,0.0,0.0,0.0,0.3211494637421629,0.0,0.0,0.0,0.0,0.0,0.0,0.0,0.0,0.0,0.0,0.0,0.0,0.0,0.0,0.0,0.0,0.0,0.0,0.0,0.0,0.0,0.0,0.0,0.0,0.0,0.0,0.0,0.14637060006651645,0.0,0.0,0.0,0.13391770310452022,0.0,0.0,0.0,0.0,0.0,0.0,0.0,0.0,0.0,0.0,0.0,0.0,0.0,0.0,0.0,0.0,0.0,0.0,0.0,0.18822010822810717,0.0,0.0,0.20675263799946875,0.0,0.0,0.0,0.0,0.0,0.0,0.0,0.0,0.0,0.0,0.0,0.0,0.0,0.0,0.0,0.0,0.0,0.20675263799946875,0.0,0.0,0.0,0.0,0.0,0.0,0.0,0.42617806960001453,0.0,0.0,0.0,0.0,0.0,0.0,0.0,0.0,0.0,0.0,0.0,0.0,0.0,0.29832696195724745,0.0,0.0,0.15933782130694052,0.0,0.0,0.0,0.0,0.0,0.0,0.0,0.0,0.0,0.0,0.0,0.0,0.0,0.0,0.0
e5fe74a699fdee524980b0ccdfe82a6a98abd5c011ba909822455b831720b686,0.0,0.0,0.0,0.0,0.0,0.0,0.0,0.0,0.0,0.0,0.2020710723716027,0.0,0.13162244990499627,0.0,0.0,0.0,0.0,0.0,0.0,0.0,0.0,0.19235815351587135,0.0,0.0,0.0,0.0,0.27667585489157864,0.0,0.0,0.0,0.0,0.0,0.0,0.0,0.0,0.0,0.0,0.0,0.0,0.0,0.0,0.0,0.0,0.22772398574215083,0.2556078289881275,0.0,0.0,0.0,0.0,0.0,0.0,0.0,0.0,0.0,0.0,0.0,0.0,0.0,0.2539106937806971,0.0,0.0,0.0,0.0,0.0,0.25447295249541824,0.0,0.0,0.0,0.0,0.0,0.0,0.0,0.0,0.0,0.0,0.125131701183512,0.26650173198080285,0.21256578927316713,0.0,0.11448576422069676,0.0,0.0,0.0,0.0,0.0,0.0,0.0,0.0,0.0,0.0,0.0,0.0,0.0,0.0,0.0,0.0,0.0,0.0,0.0,0.16090869565899654,0.0,0.0,0.0,0.0,0.0,0.0,0.0,0.0,0.0,0.0,0.0,0.0,0.0,0.0,0.0,0.0,0.1644624698712689,0.15211198128331788,0.0,0.14827665046476363,0.0,0.0,0.0,0.0,0.20767832086333465,0.0,0.23893518329553365,0.0,0.0,0.0,0.0,0.0,0.0,0.18868626198648897,0.0,0.0,0.0,0.0,0.0,0.0,0.0,0.0,0.0,0.20336017022481784,0.0,0.13621733212784,0.0,0.0,0.0,0.0,0.0,0.3782879048155336,0.0,0.0,0.0,0.0,0.0,0.0,0.0,0.0,0.0
f89c3828131de9a67cd510e9da867e2ba7de41193773deb7f7e5a14ed86e967f,0.0,0.0,0.0,0.0,0.0,0.0,0.30534877471567196,0.0,0.0,0.0,0.0,0.0,0.11463076053162305,0.0,0.0,0.0,0.29617042896160733,0.2246242361299131,0.0,0.0,0.0,0.0,0.0,0.0,0.0,0.302617964364577,0.0,0.0,0.0,0.0,0.0,0.0,0.0,0.0,0.0,0.0,0.0,0.0,0.0,0.0,0.0,0.0,0.0,0.0,0.0,0.0,0.0,0.0,0.0,0.2794448309106497,0.0,0.0,0.0,0.0,0.0,0.0,0.0,0.0,0.0,0.0,0.16652828889778123,0.30397179775573047,0.0,0.0,0.0,0.0,0.0,0.0,0.0,0.0,0.0,0.0,0.0,0.0,0.0,0.10897792955255797,0.0,0.0,0.0,0.0,0.0,0.0,0.0,0.0,0.0,0.0,0.0,0.0,0.2391067852398683,0.0,0.0,0.0,0.0,0.0,0.0,0.0,0.0,0.0,0.0,0.14013632304257911,0.0,0.0,0.15393442678018984,0.0,0.0,0.0,0.0,0.0,0.0,0.0,0.0,0.0,0.0,0.0,0.23043700709273485,0.26227991869379563,0.1432313257644133,0.13247521310433272,0.14568102444164263,0.12913500108929593,0.15393442678018984,0.0,0.0,0.0,0.0,0.0,0.0,0.0,0.0,0.0,0.0,0.0,0.2937292969778238,0.0,0.0,0.0,0.0,0.0,0.0,0.0,0.0,0.0,0.0,0.17710756023411714,0.0,0.11863247030178756,0.0,0.0,0.0,0.0,0.0,0.0,0.0,0.0,0.0,0.0,0.0,0.0,0.0,0.0,0.0
e5c9d1b6f77188c03e94713b41f00afc6d12e6f82daf3604d5f34c584c2389ff,0.0,0.0,0.0,0.0,0.0,0.0,0.0,0.0,0.0,0.0,0.0,0.0,0.24880213063251677,0.0,0.0,0.0,0.0,0.0,0.0,0.0,0.0,0.0,0.0,0.0,0.0,0.0,0.0,0.0,0.0,0.0,0.0,0.0,0.0,0.0,0.0,0.0,0.0,0.0,0.0,0.0,0.0,0.0,0.457144909960773,0.43046009924349,0.0,0.0,0.0,0.0,0.0,0.0,0.0,0.0,0.0,0.0,0.0,0.0,0.0,0.0,0.0,0.0,0.0,0.0,0.0,0.0,0.0,0.0,0.0,0.0,0.0,0.0,0.0,0.0,0.0,0.0,0.0,0.23653285504563018,0.0,0.0,0.0,0.0,0.0,0.0,0.0,0.0,0.0,0.0,0.0,0.0,0.0,0.0,0.0,0.0,0.0,0.0,0.0,0.0,0.0,0.0,0.0,0.3041610784949982,0.0,0.0,0.0,0.0,0.0,0.0,0.0,0.0,0.0,0.0,0.0,0.0,0.0,0.0,0.0,0.0,0.31087867565595706,0.0,0.0,0.0,0.0,0.0,0.0,0.0,0.0,0.0,0.0,0.0,0.0,0.0,0.0,0.0,0.0,0.0,0.0,0.0,0.0,0.0,0.0,0.0,0.0,0.0,0.48209222355288406,0.0,0.0,0.2574877043159891,0.0,0.0,0.0,0.0,0.0,0.0,0.0,0.0,0.0,0.0,0.0,0.0,0.0,0.0,0.0
e4aa13a28d8809b5fbc58400d02f0c3dee7f99b884b935c68059254c992948a1,0.0,0.0,0.0,0.0,0.0,0.0,0.0,0.0,0.0,0.0,0.20388249536434688,0.0,0.13280235126010353,0.0,0.0,0.0,0.0,0.0,0.0,0.0,0.0,0.1940825071209222,0.0,0.0,0.0,0.0,0.0,0.0,0.0,0.0,0.0,0.0,0.0,0.0,0.21741075787333378,0.0,0.0,0.0,0.0,0.0,0.0,0.0,0.0,0.2297653688007516,0.0,0.0,0.0,0.2770106656785132,0.0,0.0,0.0,0.0,0.0,0.0,0.0,0.0,0.0,0.0,0.2561868219935081,0.0,0.0,0.0,0.0,0.0,0.0,0.0,0.0,0.0,0.0,0.0,0.0,0.0,0.0,0.0,0.39826026310029866,0.126253417607267,0.268890729867786,0.21447128991529835,0.0,0.11551204741510615,0.0,0.0,0.0,0.0,0.0,0.0,0.0,0.0,0.0,0.0,0.0,0.0,0.0,0.0,0.0,0.0,0.0,0.0,0.0,0.16235112731251483,0.0,0.0,0.0,0.0,0.3029193681745952,0.0,0.0,0.0,0.0,0.0,0.0,0.0,0.0,0.0,0.0,0.0,0.16593675857509912,0.0,0.1687747903800532,0.0,0.0,0.0,0.0,0.0,0.20954000883821974,0.0,0.24107706674137963,0.0,0.0,0.0,0.0,0.0,0.0,0.1903776997037528,0.0,0.0,0.0,0.0,0.0,0.0,0.0,0.0,0.0,0.20518314906008717,0.0,0.0,0.0,0.0,0.0,0.0,0.0,0.0,0.0,0.0,0.0,0.0,0.0,0.0,0.0,0.0,0.0
dfef233329384f446387917bbae7247921336ea120c40933105dc578e63e7060,0.0,0.0,0.0,0.0,0.0,0.0,0.0,0.0,0.0,0.0,0.0,0.0,0.0,0.0,0.0,0.0,0.0,0.0,0.0,0.48224489362179546,0.418765465391524,0.0,0.0,0.0,0.0,0.0,0.0,0.0,0.0,0.0,0.0,0.0,0.0,0.0,0.0,0.0,0.0,0.0,0.0,0.0,0.0,0.0,0.27220688751705674,0.0,0.0,0.0,0.0,0.30902245828521013,0.0,0.0,0.0,0.0,0.0,0.0,0.0,0.0,0.0,0.0,0.0,0.0,0.0,0.0,0.0,0.0,0.0,0.0,0.0,0.0,0.0,0.0,0.0,0.0,0.0,0.0,0.0,0.14084346312205248,0.0,0.0,0.0,0.1288608031259017,0.0,0.0,0.0,0.0,0.0,0.0,0.0,0.0,0.0,0.0,0.0,0.0,0.0,0.0,0.0,0.0,0.0,0.0,0.0,0.181112681508494,0.0,0.0,0.19894539977449094,0.0,0.0,0.0,0.0,0.0,0.0,0.0,0.0,0.0,0.0,0.0,0.0,0.0,0.0,0.0,0.0,0.0,0.19894539977449094,0.0,0.0,0.0,0.0,0.0,0.0,0.0,0.4100850526120667,0.0,0.0,0.0,0.0,0.0,0.0,0.0,0.0,0.0,0.0,0.0,0.0,0.0,0.2870617627149524,0.0,0.0,0.1533210258685412,0.0,0.0,0.0,0.0,0.0,0.0,0.0,0.0,0.0,0.0,0.0,0.0,0.0,0.0,0.0
2c4d743879afbbe0b4baa18e99e515a8b0586caf23308026e233c2031e69237c,0.0,0.0,0.0,0.0,0.0,0.0,0.0,0.0,0.0,0.0,0.19168550109781451,0.0,0.12485763038543077,0.0,0.0,0.0,0.0,0.0,0.0,0.0,0.0,0.18247178388370763,0.41000942800235884,0.0,0.0,0.0,0.0,0.0,0.0,0.0,0.0,0.0,0.0,0.0,0.0,0.0,0.0,0.0,0.0,0.0,0.0,0.0,0.0,0.21601996667143997,0.0,0.0,0.0,0.0,0.30659703686329565,0.0,0.0,0.0,0.0,0.0,0.0,0.0,0.0,0.0,0.0,0.0,0.0,0.0,0.0,0.0,0.0,0.0,0.0,0.0,0.0,0.0,0.0,0.0,0.0,0.0,0.0,0.11870047782234791,0.25280470598103594,0.2016408353499961,0.0,0.10860169556013351,0.0,0.0,0.0,0.0,0.0,0.0,0.0,0.0,0.2604388776247557,0.0,0.0,0.0,0.0,0.0,0.0,0.0,0.0,0.0,0.0,0.15263869091400442,0.0,0.0,0.0,0.0,0.0,0.0,0.0,0.0,0.0,0.0,0.0,0.0,0.0,0.0,0.0,0.0,0.1560098166405765,0.0,0.15867806703496168,0.14065587771601273,0.0,0.0,0.0,0.0,0.19700456148732454,0.0,0.0,0.0,0.0,0.0,0.0,0.0,0.0,0.17898861155465634,0.0,0.0,0.0,0.0,0.0,0.0,0.0,0.0,0.0,0.19290834494704817,0.0,0.12921635571426718,0.26663469531923367,0.2892979789438966,0.0,0.0,0.0,0.0,0.0,0.0,0.1875349746666649,0.0,0.0,0.0,0.0,0.0,0.0
df9601c2abefafaf4da2b6b95d6beb6a8f59d62e527cb803879f49e12bc6a798,0.32872840966326555,0.0,0.0,0.0,0.0,0.0,0.0,0.0,0.0,0.0,0.13586078259583856,0.0,0.08849524497197343,0.0,0.0,0.0,0.0,0.0,0.0,0.0,0.2501447996840516,0.12933038345685233,0.0,0.0,0.0,0.0,0.0,0.0,0.0,0.0,0.0,0.0,0.0,0.0,0.0,0.0,0.0,0.0,0.0,0.0,0.0,0.0,0.0,0.1531083027157729,0.0,0.0,0.0,0.0,0.21730654186806117,0.0,0.0,0.0,0.25433868485769967,0.0,0.0,0.0,0.0,0.0,0.0,0.0,0.0,0.0,0.0,0.0,0.17109274509080966,0.33911678960803987,0.0,0.0,0.0,0.0,0.3051295710995866,0.0,0.0,0.0,0.0,0.08413124476855927,0.17918019360769488,0.14291681706249532,0.0,0.0769735387680971,0.0,0.0,0.0,0.0,0.0,0.0,0.0,0.0,0.0,0.0,0.0,0.0,0.0,0.0,0.0,0.0,0.0,0.0,0.0,0.10818560550074591,0.0,0.0,0.0,0.0,0.0,0.0,0.14148719712505395,0.0,0.0,0.0,0.0,0.0,0.0,0.0,0.0,0.0,0.11057495564365176,0.10227120872279462,0.11246612938744911,0.09969255636841663,0.11883777743736765,0.0,0.0,0.0,0.13963076886529877,0.0,0.16064605691068354,0.0,0.0,0.0,0.0,0.0,0.0,0.1268616181311974,0.0,0.0,0.0,0.0,0.0,0.0,0.0,0.0,0.0,0.0,0.0,0.0,0.1889824643272776,0.0,0.0,0.0,0.0,0.25433868485769967,0.0,0.0,0.0,0.0,0.3084917806393672,0.0,0.0,0.0,0.0
0211fa99da14b1e1345530d8ecdd8445f9000c0e4a62a5af9f76e661ac48d529,0.0,0.0,0.0,0.0,0.0,0.0,0.0,0.0,0.0,0.0,0.33190427143019346,0.0,0.21619152522354892,0.0,0.0,0.0,0.0,0.0,0.0,0.0,0.0,0.0,0.0,0.0,0.0,0.0,0.0,0.0,0.0,0.0,0.0,0.0,0.0,0.0,0.0,0.0,0.0,0.0,0.0,0.0,0.0,0.0,0.3972267242300092,0.0,0.0,0.0,0.0,0.0,0.0,0.0,0.0,0.0,0.0,0.0,0.0,0.0,0.0,0.0,0.0,0.0,0.0,0.0,0.0,0.0,0.0,0.0,0.0,0.0,0.0,0.0,0.0,0.0,0.0,0.0,0.0,0.20553038901955534,0.0,0.0,0.0,0.18804430400073047,0.0,0.0,0.0,0.0,0.0,0.0,0.0,0.0,0.0,0.0,0.0,0.0,0.0,0.0,0.0,0.0,0.0,0.0,0.0,0.0,0.0,0.0,0.29031752346126355,0.0,0.0,0.0,0.0,0.0,0.0,0.0,0.0,0.0,0.0,0.0,0.0,0.0,0.27013167000891636,0.0,0.27475175706855176,0.2435462585763606,0.0,0.0,0.0,0.0,0.0,0.0,0.39245403609729373,0.0,0.0,0.0,0.0,0.0,0.0,0.0,0.0,0.0,0.0,0.0,0.0,0.0,0.0,0.0,0.0,0.33402163082633096,0.0,0.22373867691914617,0.0,0.0,0.0,0.0,0.0,0.0,0.0,0.0,0.0,0.0,0.0,0.0,0.0,0.0,0.0
debfbb04e8af278715226121ad78fc5fe71720061cd697fff77183e78133b475,0.0,0.0,0.0,0.0,0.0,0.0,0.0,0.0,0.0,0.0,0.25682228895752046,0.0,0.1672855914805754,0.0,0.0,0.0,0.0,0.0,0.0,0.0,0.0,0.2444776518765617,0.0,0.0,0.0,0.0,0.35164125927863227,0.0,0.0,0.0,0.0,0.0,0.0,0.0,0.0,0.0,0.0,0.0,0.0,0.0,0.0,0.0,0.0,0.0,0.3248648455503453,0.0,0.0,0.0,0.0,0.0,0.0,0.0,0.0,0.0,0.0,0.0,0.0,0.0,0.3227078710585133,0.0,0.0,0.0,0.0,0.0,0.0,0.0,0.0,0.0,0.0,0.0,0.0,0.0,0.0,0.0,0.0,0.15903617248093657,0.0,0.27016055249513565,0.0,0.14550571576192767,0.0,0.0,0.0,0.0,0.0,0.0,0.0,0.0,0.0,0.0,0.0,0.0,0.0,0.0,0.0,0.0,0.0,0.0,0.0,0.2045069541488709,0.0,0.0,0.0,0.0,0.0,0.0,0.0,0.0,0.0,0.0,0.0,0.0,0.0,0.0,0.0,0.0,0.0,0.0,0.0,0.18845225258806675,0.0,0.0,0.0,0.0,0.2639488230798908,0.0,0.30367474159585445,0.0,0.0,0.0,0.0,0.0,0.0,0.239810860255614,0.0,0.0,0.0,0.0,0.0,0.0,0.0,0.0,0.0,0.25846066825381137,0.0,0.17312545839527577,0.0,0.0,0.0,0.0,0.0,0.0,0.0,0.0,0.0,0.0,0.0,0.0,0.0,0.0,0.0
dddd830cca81b2e8402c75a98bb50dee4dec771a49c6328ae9d5498e8bd86f3f,0.0,0.0,0.0,0.0,0.0,0.0,0.0,0.0,0.0,0.0,0.38301468629400126,0.0,0.24948316831268866,0.0,0.0,0.0,0.0,0.4888737180981065,0.0,0.0,0.0,0.3646043788468981,0.0,0.0,0.0,0.0,0.0,0.0,0.0,0.0,0.0,0.0,0.0,0.0,0.0,0.0,0.0,0.0,0.0,0.0,0.0,0.0,0.0,0.0,0.0,0.0,0.0,0.0,0.0,0.0,0.0,0.0,0.0,0.0,0.0,0.0,0.0,0.0,0.0,0.0,0.0,0.0,0.0,0.0,0.48233958936538035,0.0,0.0,0.0,0.0,0.0,0.0,0.0,0.0,0.0,0.0,0.23718030845157645,0.0,0.0,0.0,0.21700151611746193,0.0,0.0,0.0,0.0,0.0,0.0,0.0,0.0,0.0,0.0,0.0,0.0,0.0,0.0,0.0,0.0,0.0,0.0,0.0,0.0,0.0,0.0,0.0,0.0,0.0,0.0,0.0,0.0,0.0,0.0,0.0,0.0,0.0,0.0,0.0,0.0,0.0,0.2883199564836698,0.0,0.0,0.0,0.0,0.0,0.0,0.0,0.0,0.0,0.0,0.0,0.0,0.0,0.0,0.0,0.0,0.0,0.0,0.0,0.0,0.0,0.0,0.0,0.0,0.0,0.0,0.0,0.0,0.0,0.0,0.0,0.0,0.0,0.0,0.0,0.0,0.0,0.0,0.0,0.0,0.0,0.0,0.0
cb17d332475cfea551ea8d56f90a856d096babcbd6ad4344227dd746badcdfd6,0.4040429001529154,0.0,0.0,0.0,0.0,0.0,0.0,0.0,0.0,0.0,0.16698764999744878,0.0,0.10877026255456759,0.0,0.0,0.0,0.0,0.0,0.0,0.0,0.0,0.1589610805568126,0.0,0.0,0.0,0.0,0.0,0.3604344388521291,0.0,0.0,0.0,0.0,0.0,0.0,0.0,0.0,0.0,0.0,0.0,0.0,0.0,0.0,0.0,0.18818672450653204,0.0,0.0,0.0,0.2268824501251073,0.26709332937944696,0.0,0.0,0.0,0.0,0.0,0.0,0.0,0.0,0.0,0.0,0.0,0.0,0.0,0.0,0.0,0.0,0.0,0.0,0.1777626980687974,0.0,0.0,0.0,0.0,0.0,0.0,0.0,0.10340643257631424,0.22023190861226014,0.17566028231543826,0.0,0.09460883490645931,0.0,0.0,0.0,0.0,0.0,0.0,0.0,0.0,0.0,0.0,0.0,0.0,0.0,0.0,0.0,0.0,0.0,0.0,0.0,0.13297185310541543,0.0,0.0,0.0,0.0,0.0,0.0,0.0,0.0,0.0,0.0,0.0,0.0,0.0,0.0,0.0,0.0,0.13590862380378427,0.12570241743581093,0.0,0.0,0.14606452874792805,0.0,0.0,0.0,0.1716213723684775,0.0,0.0,0.0,0.0,0.0,0.0,0.0,0.0,0.15592669997803527,0.0,0.0,0.0,0.0,0.0,0.0,0.0,0.0,0.0,0.168052935684305,0.0,0.0,0.23227996339913176,0.0,0.0,0.0,0.0,0.0,0.0,0.0,0.0,0.0,0.3791698863221055,0.0,0.0,0.0,0.0
dab555fbc59517f152fe782825ca71489594db4a848f5d9264a4e0e79413a3c0,0.0,0.0,0.0,0.0,0.0,0.0,0.0,0.0,0.0,0.0,0.27506283783603525,0.0,0.1791668850414213,0.0,0.0,0.0,0.0,0.0,0.0,0.0,0.0,0.26184143512473823,0.0,0.0,0.0,0.0,0.37661623167534397,0.0,0.0,0.0,0.0,0.0,0.0,0.0,0.0,0.0,0.0,0.0,0.0,0.0,0.0,0.0,0.0,0.0,0.34793804966446473,0.0,0.0,0.0,0.0,0.0,0.0,0.0,0.0,0.0,0.0,0.0,0.0,0.0,0.34562787819425644,0.0,0.0,0.0,0.0,0.0,0.0,0.0,0.0,0.0,0.0,0.0,0.0,0.0,0.0,0.0,0.0,0.1703315592223508,0.0,0.0,0.0,0.15584011520689844,0.0,0.0,0.0,0.0,0.0,0.0,0.0,0.0,0.0,0.0,0.0,0.0,0.0,0.0,0.0,0.0,0.0,0.0,0.0,0.0,0.0,0.0,0.0,0.0,0.40867589390988734,0.0,0.0,0.0,0.0,0.0,0.0,0.0,0.0,0.0,0.0,0.0,0.0,0.0,0.0,0.2018368873039711,0.0,0.0,0.0,0.0,0.28269552699082573,0.0,0.0,0.0,0.0,0.0,0.0,0.0,0.0,0.2568431892479575,0.0,0.0,0.0,0.0,0.0,0.0,0.0,0.0,0.0,0.0,0.0,0.1854215227236201,0.0,0.0,0.0,0.0,0.0,0.0,0.0,0.0,0.0,0.0,0.0,0.0,0.0,0.0,0.0
f091d0dd82cd117df69b6d047c11719eadfdc0751b9506fb22fe7e76a577c2cf,0.0,0.0,0.0,0.0,0.0,0.0,0.30534877471567196,0.0,0.0,0.0,0.0,0.0,0.11463076053162305,0.0,0.0,0.0,0.29617042896160733,0.2246242361299131,0.0,0.0,0.0,0.0,0.0,0.0,0.0,0.302617964364577,0.0,0.0,0.0,0.0,0.0,0.0,0.0,0.0,0.0,0.0,0.0,0.0,0.0,0.0,0.0,0.0,0.0,0.0,0.0,0.0,0.0,0.0,0.0,0.2794448309106497,0.0,0.0,0.0,0.0,0.0,0.0,0.0,0.0,0.0,0.0,0.16652828889778123,0.30397179775573047,0.0,0.0,0.0,0.0,0.0,0.0,0.0,0.0,0.0,0.0,0.0,0.0,0.0,0.10897792955255797,0.0,0.0,0.0,0.0,0.0,0.0,0.0,0.0,0.0,0.0,0.0,0.0,0.2391067852398683,0.0,0.0,0.0,0.0,0.0,0.0,0.0,0.0,0.0,0.0,0.14013632304257911,0.0,0.0,0.15393442678018984,0.0,0.0,0.0,0.0,0.0,0.0,0.0,0.0,0.0,0.0,0.0,0.23043700709273485,0.26227991869379563,0.1432313257644133,0.13247521310433272,0.14568102444164263,0.12913500108929593,0.15393442678018984,0.0,0.0,0.0,0.0,0.0,0.0,0.0,0.0,0.0,0.0,0.0,0.2937292969778238,0.0,0.0,0.0,0.0,0.0,0.0,0.0,0.0,0.0,0.0,0.17710756023411714,0.0,0.11863247030178756,0.0,0.0,0.0,0.0,0.0,0.0,0.0,0.0,0.0,0.0,0.0,0.0,0.0,0.0,0.0
daae55e6fe5fc898a9f035641df40bec187bcdd5c766549d570e2de07bff0a06,0.0,0.0,0.0,0.0,0.0,0.0,0.0,0.0,0.0,0.0,0.2417828613017106,0.0,0.1574894029910802,0.0,0.0,0.0,0.0,0.0,0.0,0.0,0.0,0.2301611220543858,0.0,0.0,0.0,0.0,0.0,0.5218761383771533,0.0,0.0,0.0,0.0,0.0,0.0,0.2578259355833858,0.0,0.0,0.0,0.0,0.0,0.0,0.0,0.0,0.0,0.0,0.0,0.0,0.32850505993245116,0.0,0.0,0.0,0.0,0.0,0.0,0.0,0.0,0.0,0.0,0.0,0.0,0.0,0.0,0.0,0.0,0.30448296164376165,0.0,0.0,0.0,0.0,0.0,0.0,0.0,0.0,0.0,0.0,0.14972306721895692,0.0,0.0,0.0,0.13698494953641405,0.0,0.0,0.0,0.0,0.0,0.0,0.0,0.0,0.0,0.0,0.0,0.0,0.0,0.0,0.0,0.0,0.0,0.0,0.0,0.0,0.0,0.0,0.0,0.0,0.3592300135922685,0.0,0.0,0.0,0.0,0.0,0.0,0.0,0.0,0.0,0.0,0.0,0.0,0.18200561634729717,0.0,0.0,0.0,0.0,0.0,0.0,0.248492067960779,0.0,0.0,0.0,0.0,0.0,0.0,0.0,0.0,0.0,0.0,0.0,0.0,0.0,0.0,0.0,0.0,0.0,0.0,0.24332529765239755,0.0,0.0,0.0,0.0,0.0,0.0,0.0,0.0,0.0,0.0,0.0,0.0,0.0,0.0,0.0,0.0,0.0
2c55b055d4a89fc7ba2576c9e6b172d793dc42351140ff1c834776e26c34f9a4,0.0,0.0,0.0,0.0,0.0,0.0,0.0,0.0,0.0,0.0,0.0,0.0,0.260341706584526,0.0,0.0,0.0,0.0,0.0,0.0,0.0,0.0,0.38047346784622665,0.0,0.0,0.0,0.0,0.0,0.0,0.0,0.0,0.0,0.0,0.0,0.0,0.0,0.0,0.0,0.0,0.0,0.0,0.0,0.0,0.47834753550162246,0.0,0.0,0.0,0.0,0.0,0.0,0.0,0.0,0.0,0.0,0.0,0.0,0.0,0.0,0.0,0.0,0.0,0.0,0.0,0.0,0.0,0.0,0.0,0.0,0.0,0.0,0.0,0.0,0.0,0.0,0.0,0.0,0.0,0.0,0.0,0.0,0.226446318681677,0.0,0.0,0.0,0.0,0.0,0.0,0.0,0.0,0.0,0.0,0.0,0.0,0.0,0.0,0.0,0.0,0.0,0.0,0.0,0.0,0.0,0.0,0.3496055612316189,0.0,0.0,0.0,0.0,0.0,0.0,0.0,0.0,0.0,0.0,0.0,0.0,0.0,0.0,0.0,0.0,0.0,0.0,0.0,0.0,0.0,0.0,0.0,0.4726001789751257,0.0,0.0,0.0,0.0,0.0,0.0,0.0,0.0,0.0,0.0,0.0,0.0,0.0,0.0,0.0,0.0,0.4022348300450462,0.0,0.0,0.0,0.0,0.0,0.0,0.0,0.0,0.0,0.0,0.0,0.0,0.0,0.0,0.0,0.0,0.0
d77378dcc42b912e514d3bd4466cdda050dda9b57799a6c97f70e8489dd8c8d0,0.0,0.22188216801269736,0.2613004456450771,0.0,0.0,0.0,0.0,0.0,0.0,0.0,0.0,0.0,0.0,0.0,0.0,0.0,0.0,0.0,0.0,0.0,0.0,0.0,0.0,0.0,0.0,0.0,0.0,0.0,0.0,0.0,0.0,0.0,0.0,0.0,0.16964109382261996,0.0,0.0,0.0,0.0,0.0,0.0,0.0,0.0,0.0,0.0,0.3149162472729806,0.0,0.0,0.0,0.0,0.24566999435004674,0.0,0.0,0.0,0.0,0.0,0.0,0.0,0.0,0.0,0.15053678763861308,0.0,0.0,0.21031727592153793,0.20033990198357324,0.0,0.0,0.16935041095549588,0.0,0.0,0.0,0.0,0.0,0.0,0.0,0.09851291661574105,0.0,0.0,0.0,0.09013164879635617,0.0,0.0,0.0,0.0,0.3264986959553073,0.30492581568923294,0.0,0.0,0.0,0.0,0.0,0.0,0.0,0.0,0.0,0.0,0.0,0.0,0.0,0.0,0.0,0.0,0.0,0.0,0.0,0.0,0.0,0.0,0.0,0.0,0.0,0.0,0.0,0.0,0.2083084323414242,0.0,0.0,0.11975378570489024,0.13169145965829565,0.11673433003100063,0.13915229819424285,0.0,0.22746229004929883,0.0,0.0,0.0,0.0,0.0,0.0,0.0,0.0,0.0,0.0,0.0,0.0,0.0,0.0,0.0,0.0,0.0,0.0,0.0,0.0,0.0,0.31075420241063295,0.10724034401041761,0.2212877486993727,0.0,0.0,0.0,0.0,0.0,0.0,0.0,0.15564063145156123,0.0,0.0,0.0,0.0,0.0,0.0
d32972bc7baaa30c367bc7c01a0e01078b4754dd5ccd448b1a23ab544e8421fa,0.0,0.0,0.0,0.0,0.0,0.0,0.0,0.0,0.0,0.0,0.2428028049134415,0.0,0.15815376071119017,0.0,0.0,0.0,0.0,0.0,0.0,0.0,0.0,0.2311320401949204,0.0,0.0,0.0,0.0,0.33244577183201107,0.0,0.0,0.0,0.0,0.0,0.0,0.0,0.0,0.0,0.0,0.0,0.0,0.0,0.0,0.0,0.0,0.0,0.3071310361634639,0.0,0.0,0.0,0.0,0.0,0.0,0.0,0.0,0.0,0.0,0.0,0.0,0.0,0.30509180717415224,0.0,0.0,0.0,0.0,0.0,0.30576740111948586,0.0,0.0,0.0,0.0,0.0,0.0,0.0,0.0,0.0,0.0,0.1503546632101557,0.0,0.0,0.0,0.13756281069427584,0.0,0.0,0.0,0.0,0.0,0.0,0.0,0.0,0.0,0.0,0.0,0.0,0.0,0.0,0.0,0.0,0.0,0.0,0.0,0.0,0.0,0.0,0.0,0.0,0.3607453995693094,0.0,0.0,0.0,0.0,0.0,0.0,0.0,0.0,0.0,0.0,0.0,0.0,0.18277339395028008,0.0,0.1781649704407367,0.0,0.0,0.0,0.0,0.24954031387828485,0.0,0.0,0.0,0.0,0.0,0.0,0.0,0.0,0.22672000064760495,0.0,0.0,0.0,0.0,0.0,0.0,0.0,0.0,0.30644712716356354,0.0,0.0,0.16367483940325409,0.0,0.0,0.0,0.0,0.0,0.0,0.0,0.0,0.0,0.0,0.0,0.0,0.0,0.0,0.0
d7185dbafc108576c151ff614adee6adba42d97f8fca816d1bc5a3f156af57fc,0.0,0.0,0.0,0.0,0.0,0.0,0.0,0.0,0.0,0.0,0.22784935869911646,0.0,0.14841357770452715,0.0,0.0,0.0,0.0,0.0,0.0,0.0,0.0,0.21689735895763365,0.0,0.0,0.0,0.0,0.31197150272279717,0.0,0.0,0.0,0.0,0.0,0.0,0.0,0.2429679000504844,0.0,0.0,0.0,0.0,0.0,0.0,0.0,0.0,0.0,0.28821582045309535,0.0,0.0,0.0,0.0,0.0,0.0,0.0,0.0,0.0,0.0,0.0,0.45736032933655907,0.0,0.2863021810385056,0.0,0.0,0.0,0.0,0.0,0.0,0.0,0.0,0.0,0.0,0.0,0.0,0.0,0.0,0.0,0.0,0.1410948016109969,0.3004994629432328,0.23968289077120275,0.0,0.12909075827485852,0.0,0.0,0.0,0.0,0.0,0.0,0.0,0.0,0.0,0.0,0.0,0.0,0.0,0.0,0.0,0.0,0.0,0.0,0.0,0.18143588136945998,0.0,0.0,0.0,0.0,0.0,0.0,0.0,0.0,0.0,0.0,0.0,0.0,0.0,0.0,0.0,0.0,0.18544301195833837,0.0,0.0,0.16719236119220623,0.0,0.0,0.0,0.0,0.0,0.0,0.0,0.0,0.0,0.0,0.0,0.0,0.0,0.21275704277895796,0.0,0.0,0.0,0.0,0.0,0.0,0.0,0.0,0.0,0.0,0.0,0.1535946308631288,0.0,0.0,0.0,0.0,0.0,0.0,0.0,0.0,0.0,0.0,0.0,0.0,0.0,0.0,0.0
d6433af8f9073eb01e076482b684cd9599bf059e09f9a128d691bd194007c8c4,0.0,0.22033274601673133,0.0,0.0,0.0,0.0,0.0,0.0,0.0,0.0,0.15797436593055092,0.27663636590935486,0.10289930578351082,0.0,0.0,0.0,0.0,0.0,0.0,0.0,0.0,0.1503810366154704,0.0,0.0,0.0,0.0,0.0,0.0,0.0,0.0,0.0,0.0,0.0,0.0,0.0,0.0,0.0,0.0,0.0,0.0,0.0,0.2974379320350542,0.0,0.17802920444069284,0.19982813095101246,0.0,0.0,0.0,0.0,0.0,0.0,0.0,0.0,0.0,0.0,0.2877826133359674,0.3171007741309524,0.0,0.1985013509466029,0.0,0.0,0.0,0.0,0.0,0.0,0.0,0.0,0.0,0.0,0.0,0.0,0.0,0.0,0.0,0.0,0.09782499256461828,0.0,0.0,0.0,0.0895022518491902,0.0,0.0,0.0,0.0,0.0,0.0,0.0,0.0,0.0,0.0,0.0,0.0,0.0,0.0,0.0,0.0,0.0,0.0,0.0,0.1257945972726683,0.0,0.0,0.1381805858951317,0.0,0.0,0.0,0.16451657222976934,0.0,0.0,0.0,0.0,0.0,0.0,0.2991803652995508,0.0,0.0,0.12857285356267137,0.11891753486358451,0.13077184702739797,0.11591916430473082,0.1381805858951317,0.0,0.0,0.0,0.1623579796497251,0.0,0.1867938524629532,0.0,0.0,0.0,0.0,0.0,0.0,0.0,0.0,0.0,0.0,0.0,0.0,0.0,0.0,0.0,0.19938316042996773,0.0,0.0,0.10649147559366771,0.21974247758388138,0.0,0.0,0.0,0.0,0.0,0.0,0.0,0.15455377972301995,0.0,0.0,0.0,0.0,0.0,0.0
d531e47f8b4a9e98fc6db1f41f5f68b6e4b92e6a9213d80706c7c38ad00193fd,0.0,0.0,0.0,0.0,0.0,0.0,0.0,0.0,0.0,0.0,0.33470040057206335,0.5861096636612912,0.218012831774676,0.0,0.0,0.0,0.0,0.0,0.0,0.0,0.6162452700153598,0.0,0.0,0.0,0.0,0.0,0.0,0.0,0.0,0.0,0.0,0.0,0.0,0.0,0.0,0.0,0.0,0.0,0.0,0.0,0.0,0.0,0.0,0.0,0.0,0.0,0.0,0.0,0.0,0.0,0.0,0.0,0.0,0.0,0.0,0.0,0.0,0.0,0.0,0.0,0.0,0.0,0.0,0.0,0.0,0.0,0.0,0.0,0.0,0.0,0.0,0.0,0.0,0.0,0.0,0.2072618807771066,0.0,0.0,0.0,0.0,0.0,0.0,0.0,0.0,0.0,0.0,0.0,0.0,0.0,0.0,0.0,0.0,0.0,0.0,0.0,0.0,0.0,0.0,0.0,0.0,0.0,0.0,0.0,0.0,0.0,0.0,0.0,0.0,0.0,0.0,0.0,0.0,0.0,0.0,0.0,0.0,0.2724073955709864,0.0,0.0,0.0,0.0,0.0,0.0,0.0,0.0,0.0,0.0,0.0,0.0,0.0,0.0,0.0,0.0,0.0,0.0,0.0,0.0,0.0,0.0,0.0,0.0,0.0,0.0,0.0,0.0,0.0,0.0,0.0,0.0,0.0,0.0,0.0,0.0,0.0,0.0,0.0,0.0,0.0,0.0,0.0,0.0
fffc596389cada3bd1e1d1659029e607e14320cbdd126de7fdbe33b99f9c59d7,0.0,0.0,0.0,0.0,0.0,0.0,0.0,0.0,0.0,0.0,0.21829285225559644,0.0,0.14218878374532137,0.0,0.0,0.0,0.0,0.0,0.0,0.0,0.0,0.20780020362528848,0.0,0.0,0.0,0.0,0.29888672735635863,0.0,0.0,0.0,0.0,0.0,0.0,0.0,0.0,0.0,0.0,0.0,0.0,0.0,0.0,0.0,0.0,0.24600511983848294,0.2761274109837423,0.0,0.0,0.0,0.0,0.0,0.0,0.0,0.0,0.0,0.0,0.0,0.0,0.0,0.27429403384200035,0.0,0.0,0.0,0.0,0.0,0.2749014293345939,0.0,0.0,0.0,0.0,0.0,0.0,0.0,0.0,0.0,0.0,0.13517697332110803,0.2878958503182637,0.22963005979930948,0.0,0.1236764061331803,0.0,0.0,0.0,0.0,0.0,0.0,0.0,0.0,0.0,0.0,0.0,0.0,0.0,0.0,0.0,0.0,0.0,0.0,0.0,0.1738260589003845,0.0,0.0,0.0,0.0,0.0,0.0,0.0,0.0,0.0,0.0,0.0,0.0,0.0,0.0,0.0,0.0,0.17766512156266753,0.16432316544310918,0.0,0.16017994348709183,0.0,0.0,0.0,0.0,0.22435023717566613,0.0,0.25811632537822665,0.0,0.0,0.0,0.0,0.0,0.0,0.20383354147164767,0.0,0.0,0.0,0.0,0.0,0.0,0.0,0.0,0.0,0.21968543578530333,0.0,0.14715253206630097,0.0,0.0,0.0,0.0,0.0,0.0,0.0,0.0,0.0,0.0,0.0,0.0,0.0,0.0,0.0
fef744e3a1b193d881e624e89d75e8dec5c03db9abb0e6ebdd53336606bc5949,0.0,0.0,0.0,0.0,0.0,0.0,0.0,0.0,0.0,0.0,0.245404535003143,0.0,0.15984844211402008,0.0,0.0,0.0,0.0,0.3132303584125057,0.0,0.0,0.0,0.23360871332842723,0.0,0.0,0.0,0.0,0.0,0.5296933388006652,0.0,0.0,0.0,0.0,0.0,0.0,0.0,0.0,0.0,0.0,0.0,0.0,0.0,0.0,0.0,0.0,0.0,0.0,0.0,0.333425748396222,0.0,0.0,0.0,0.0,0.0,0.0,0.0,0.0,0.0,0.0,0.0,0.0,0.0,0.0,0.0,0.0,0.30904382228037813,0.0,0.0,0.0,0.0,0.0,0.0,0.0,0.0,0.0,0.0,0.15196577413426654,0.0,0.0,0.0,0.1390368517537883,0.0,0.0,0.0,0.0,0.0,0.0,0.0,0.0,0.0,0.0,0.0,0.0,0.0,0.0,0.0,0.0,0.0,0.0,0.0,0.19541502488560833,0.0,0.0,0.0,0.0,0.0,0.0,0.0,0.0,0.0,0.0,0.0,0.0,0.0,0.0,0.0,0.0,0.0,0.1847318846637907,0.0,0.0,0.0,0.0,0.0,0.0,0.2522142390969088,0.0,0.0,0.0,0.0,0.0,0.0,0.0,0.0,0.0,0.0,0.0,0.0,0.0,0.0,0.0,0.0,0.0,0.30973083186346706,0.0,0.0,0.0,0.0,0.0,0.0,0.0,0.0,0.0,0.0,0.0,0.0,0.0,0.0,0.0,0.0,0.0,0.0
fdb58a52dd683e2f9fedb4ed3b7f1326f2cd5c6ed0cdf87763ebb229d8476a31,0.0,0.0,0.0,0.0,0.0,0.0,0.0,0.0,0.0,0.0,0.24253377247112987,0.0,0.15797852182743807,0.0,0.0,0.0,0.0,0.0,0.0,0.0,0.0,0.23087593929323483,0.0,0.0,0.0,0.0,0.33207741242214334,0.0,0.0,0.0,0.0,0.0,0.0,0.0,0.25862667213581636,0.0,0.0,0.0,0.0,0.0,0.0,0.0,0.2902671168970353,0.0,0.3067907262037078,0.0,0.0,0.0,0.0,0.0,0.0,0.0,0.0,0.0,0.0,0.0,0.0,0.0,0.30475375673835686,0.0,0.0,0.0,0.0,0.0,0.0,0.0,0.0,0.0,0.0,0.0,0.0,0.0,0.0,0.0,0.0,0.15018806594917763,0.0,0.2551299508913254,0.0,0.1374103871712217,0.0,0.0,0.0,0.0,0.0,0.0,0.0,0.0,0.0,0.0,0.0,0.0,0.0,0.0,0.0,0.0,0.0,0.0,0.0,0.0,0.0,0.0,0.21214491719593642,0.0,0.0,0.0,0.0,0.0,0.0,0.0,0.0,0.0,0.0,0.0,0.0,0.0,0.0,0.0,0.0,0.17796755856508253,0.0,0.0,0.0,0.0,0.0,0.0,0.0,0.0,0.0,0.0,0.0,0.0,0.0,0.22646878841174603,0.0,0.0,0.0,0.0,0.0,0.0,0.0,0.0,0.30610757499451186,0.24408099920554216,0.0,0.16349348300662878,0.0,0.0,0.0,0.0,0.0,0.0,0.0,0.0,0.0,0.0,0.0,0.0,0.0,0.0,0.0
e397dc721542e4edcb2453699c782558e9ce7855b1993889cbe2885660935625,0.0,0.0,0.0,0.0,0.0,0.0,0.30534877471567196,0.0,0.0,0.0,0.0,0.0,0.11463076053162305,0.0,0.0,0.0,0.29617042896160733,0.2246242361299131,0.0,0.0,0.0,0.0,0.0,0.0,0.0,0.302617964364577,0.0,0.0,0.0,0.0,0.0,0.0,0.0,0.0,0.0,0.0,0.0,0.0,0.0,0.0,0.0,0.0,0.0,0.0,0.0,0.0,0.0,0.0,0.0,0.2794448309106497,0.0,0.0,0.0,0.0,0.0,0.0,0.0,0.0,0.0,0.0,0.16652828889778123,0.30397179775573047,0.0,0.0,0.0,0.0,0.0,0.0,0.0,0.0,0.0,0.0,0.0,0.0,0.0,0.10897792955255797,0.0,0.0,0.0,0.0,0.0,0.0,0.0,0.0,0.0,0.0,0.0,0.0,0.2391067852398683,0.0,0.0,0.0,0.0,0.0,0.0,0.0,0.0,0.0,0.0,0.14013632304257911,0.0,0.0,0.15393442678018984,0.0,0.0,0.0,0.0,0.0,0.0,0.0,0.0,0.0,0.0,0.0,0.23043700709273485,0.26227991869379563,0.1432313257644133,0.13247521310433272,0.14568102444164263,0.12913500108929593,0.15393442678018984,0.0,0.0,0.0,0.0,0.0,0.0,0.0,0.0,0.0,0.0,0.0,0.2937292969778238,0.0,0.0,0.0,0.0,0.0,0.0,0.0,0.0,0.0,0.0,0.17710756023411714,0.0,0.11863247030178756,0.0,0.0,0.0,0.0,0.0,0.0,0.0,0.0,0.0,0.0,0.0,0.0,0.0,0.0,0.0
fd3daf1cb9b482cb4bddd379fe05feda8c87869001fd6a28d1a213ef11730ada,0.0,0.0,0.0,0.0,0.0,0.44316293384573296,0.0,0.0,0.0,0.0,0.0,0.0,0.15928216114302485,0.0,0.0,0.0,0.0,0.0,0.0,0.5184841217111328,0.45023440869600745,0.0,0.0,0.0,0.0,0.0,0.0,0.0,0.0,0.0,0.0,0.0,0.0,0.0,0.0,0.0,0.0,0.0,0.0,0.0,0.0,0.0,0.2926624021626003,0.0,0.0,0.0,0.0,0.0,0.0,0.0,0.0,0.0,0.0,0.0,0.0,0.0,0.0,0.0,0.0,0.0,0.0,0.0,0.0,0.0,0.0,0.0,0.0,0.0,0.0,0.0,0.0,0.0,0.0,0.0,0.0,0.15142741839556367,0.0,0.0,0.0,0.13854429816756633,0.0,0.0,0.0,0.0,0.0,0.0,0.0,0.0,0.0,0.0,0.0,0.0,0.0,0.0,0.0,0.0,0.0,0.0,0.0,0.19472274532019132,0.0,0.0,0.21389553779587225,0.0,0.0,0.0,0.0,0.0,0.0,0.0,0.0,0.0,0.0,0.0,0.0,0.0,0.0,0.0,0.0,0.0,0.0,0.0,0.0,0.0,0.0,0.0,0.0,0.0,0.0,0.0,0.0,0.0,0.0,0.0,0.0,0.0,0.0,0.0,0.0,0.0,0.0,0.0,0.30863357577579315,0.0,0.0,0.0,0.0,0.0,0.0,0.0,0.0,0.0,0.0,0.0,0.0,0.0,0.0,0.0,0.0,0.0,0.0
fbd8e3fb6bcaf0e1509d30735a9c268659bf53a32f8ce933148763672e7387c5,0.0,0.0,0.0,0.0,0.0,0.0,0.0,0.0,0.0,0.0,0.2028831565522476,0.0,0.13215141482872872,0.0,0.0,0.0,0.0,0.0,0.0,0.0,0.0,0.1931312033723151,0.0,0.0,0.0,0.0,0.0,0.0,0.0,0.0,0.0,0.0,0.0,0.0,0.0,0.0,0.0,0.0,0.0,0.0,0.0,0.0,0.0,0.22863916397228623,0.0,0.0,0.0,0.0,0.0,0.0,0.0,0.0,0.0,0.0,0.0,0.0,0.0,0.0,0.0,0.0,0.0,0.0,0.0,0.0,0.0,0.0,0.0,0.21597439871746651,0.45089179350125563,0.0,0.0,0.4196459795583647,0.0,0.0,0.0,0.12563458105560693,0.2675727504007877,0.2134200496716946,0.0,0.11494586015101228,0.0,0.0,0.0,0.0,0.0,0.0,0.0,0.0,0.0,0.0,0.0,0.0,0.0,0.0,0.0,0.0,0.0,0.0,0.0,0.1615553562855734,0.0,0.0,0.0,0.0,0.0,0.0,0.0,0.0,0.0,0.0,0.0,0.0,0.0,0.0,0.0,0.0,0.16512341242244533,0.15272328963258805,0.16794753349255384,0.14887254536841424,0.17746242104220822,0.0,0.0,0.0,0.20851293948071825,0.0,0.0,0.0,0.0,0.0,0.0,0.0,0.0,0.18944455522790088,0.0,0.0,0.0,0.0,0.0,0.0,0.0,0.0,0.0,0.2041774350380076,0.0,0.0,0.0,0.0,0.0,0.0,0.0,0.0,0.0,0.0,0.0,0.0,0.0,0.0,0.0,0.0,0.0
fb73a819b37523126c7708a1d06f3b8825fa60c926154ab2d511ba668f49dc4b,0.0,0.3207580752592285,0.0,0.0,0.0,0.0,0.0,0.0,0.0,0.0,0.0,0.0,0.14979971822310692,0.0,0.6805232454229031,0.0,0.0,0.0,0.0,0.0,0.0,0.0,0.0,0.0,0.0,0.0,0.0,0.0,0.0,0.0,0.0,0.0,0.0,0.0,0.2452371509922326,0.0,0.0,0.0,0.0,0.0,0.0,0.0,0.27523951874993097,0.0,0.0,0.0,0.0,0.0,0.0,0.0,0.0,0.0,0.0,0.0,0.0,0.0,0.0,0.0,0.0,0.0,0.0,0.0,0.0,0.0,0.0,0.0,0.0,0.0,0.0,0.0,0.0,0.0,0.0,0.0,0.0,0.0,0.0,0.0,0.0,0.130296429166879,0.0,0.0,0.0,0.0,0.0,0.0,0.0,0.0,0.31246524831599726,0.0,0.0,0.0,0.0,0.0,0.0,0.0,0.0,0.0,0.0,0.0,0.0,0.0,0.0,0.0,0.0,0.0,0.0,0.0,0.0,0.0,0.0,0.0,0.0,0.0,0.0,0.0,0.0,0.0,0.190376268207619,0.16875389019669482,0.20116183168955395,0.0,0.0,0.0,0.23635902514221926,0.0,0.0,0.0,0.0,0.0,0.0,0.0,0.0,0.0,0.0,0.0,0.0,0.0,0.0,0.0,0.0,0.0,0.0,0.0,0.0,0.0,0.0,0.0,0.0,0.0,0.0,0.0,0.0,0.0,0.0,0.0,0.0,0.0,0.0,0.0,0.0
faabe3a0449fda6a620de4ef00d61db4f76a4fd123648e9c28ad08b60df7f680,0.0,0.0,0.0,0.0,0.0,0.5020626916212744,0.0,0.0,0.0,0.0,0.0,0.0,0.0,0.0,0.0,0.0,0.0,0.0,0.0,0.0,0.0,0.0,0.0,0.0,0.0,0.0,0.37931756258569327,0.0,0.0,0.0,0.0,0.0,0.0,0.0,0.0,0.0,0.0,0.0,0.0,0.0,0.0,0.0,0.0,0.0,0.3504336824317095,0.0,0.0,0.0,0.0,0.0,0.0,0.0,0.0,0.0,0.0,0.0,0.0,0.0,0.3481069409438658,0.0,0.0,0.0,0.0,0.0,0.0,0.0,0.0,0.0,0.0,0.0,0.0,0.0,0.0,0.0,0.0,0.0,0.0,0.29142382918740206,0.0,0.15695789953182812,0.0,0.0,0.0,0.0,0.0,0.0,0.0,0.0,0.0,0.0,0.0,0.0,0.0,0.0,0.0,0.0,0.0,0.0,0.0,0.22060289380918965,0.0,0.0,0.2423238976682067,0.0,0.0,0.0,0.0,0.0,0.0,0.0,0.0,0.0,0.0,0.0,0.0,0.0,0.0,0.0,0.0,0.20328458970409735,0.0,0.0,0.0,0.0,0.0,0.0,0.0,0.0,0.0,0.0,0.0,0.0,0.0,0.2586854317958738,0.0,0.0,0.0,0.0,0.0,0.0,0.0,0.0,0.0,0.0,0.0,0.1867514836988792,0.0,0.0,0.0,0.0,0.0,0.0,0.0,0.0,0.0,0.0,0.0,0.0,0.0,0.0,0.0
1468cd44eaf097486ad5a42bd11a3b3fdfc726e054259631c29c28364558e177,0.0,0.0,0.0,0.0,0.0,0.0,0.0,0.0,0.0,0.0,0.1422652465384708,0.0,0.0926669021248947,0.0,0.0,0.0,0.0,0.0,0.0,0.0,0.0,0.13542700502571398,0.0,0.0,0.0,0.0,0.1947896759562311,0.0,0.0,0.0,0.0,0.0,0.0,0.0,0.0,0.0,0.0,0.4209752977198352,0.0,0.0,0.0,0.26786042457965975,0.0,0.16032581306221205,0.17995703383652423,0.0,0.0,0.0,0.0,0.0,0.0,0.0,0.0,0.0,0.0,0.0,0.0,0.0,0.17876219008249,0.0,0.0,0.0,0.0,0.0,0.17915804028375537,0.0,0.0,0.0,0.0,0.0,0.0,0.0,0.0,0.0,0.0,0.08809718338067432,0.1876267303290982,0.14965390177659849,0.0,0.08060206382262732,0.0,0.35510272175040647,0.0,0.0,0.0,0.0,0.0,0.0,0.0,0.0,0.0,0.0,0.0,0.0,0.0,0.0,0.0,0.0,0.0,0.0,0.0,0.0,0.12443977858941672,0.0,0.0,0.0,0.0,0.0,0.0,0.0,0.0,0.37583952354020256,0.0,0.0,0.0,0.0,0.0,0.10709226345337892,0.11776777167646824,0.1043920536803798,0.0,0.0,0.0,0.0,0.14621294959025516,0.0,0.0,0.0,0.0,0.0,0.0,0.0,0.0,0.132841862345175,0.0,0.0,0.0,0.2919781129140754,0.0,0.0,0.0,0.0,0.0,0.0,0.0,0.09590186319367143,0.0,0.0,0.0,0.0,0.0,0.0,0.0,0.0,0.1391848066376427,0.0,0.0,0.0,0.0,0.0,0.0
f8063fd5aa2f72dc85880a5fd41c65a0d2d0645acf14b77af01e1246b21c9da3,0.0,0.0,0.0,0.0,0.0,0.48363005981439583,0.0,0.0,0.0,0.0,0.0,0.0,0.1738269048191271,0.0,0.0,0.0,0.0,0.0,0.0,0.0,0.4913472616460922,0.0,0.0,0.0,0.0,0.0,0.0,0.0,0.0,0.0,0.0,0.0,0.0,0.0,0.0,0.0,0.0,0.0,0.0,0.0,0.0,0.0,0.0,0.3007431910225408,0.0,0.0,0.0,0.0,0.0,0.0,0.0,0.0,0.0,0.0,0.0,0.0,0.0,0.0,0.0,0.0,0.25252468787329657,0.0,0.0,0.0,0.0,0.0,0.0,0.0,0.0,0.0,0.0,0.0,0.0,0.0,0.0,0.16525491150773766,0.0,0.0,0.0,0.15119537779991332,0.0,0.0,0.0,0.0,0.0,0.0,0.0,0.0,0.0,0.0,0.0,0.0,0.0,0.0,0.0,0.0,0.0,0.0,0.0,0.21250372216194827,0.0,0.0,0.23342726531876465,0.0,0.0,0.0,0.0,0.0,0.0,0.0,0.0,0.0,0.0,0.0,0.0,0.0,0.21719700641696107,0.0,0.2209117470051543,0.0,0.0,0.0,0.0,0.0,0.0,0.0,0.0,0.0,0.0,0.0,0.0,0.0,0.0,0.24918810527137347,0.0,0.0,0.0,0.0,0.0,0.0,0.0,0.0,0.0,0.0,0.0,0.17989512612470118,0.0,0.0,0.0,0.0,0.0,0.0,0.0,0.0,0.0,0.0,0.0,0.0,0.0,0.0,0.0
f4234a501edcd30d3bc15c983692c9450383b73bdd310059405c5e3a43cc730b,0.0,0.0,0.31051488694502755,0.0,0.0,0.0,0.0,0.0,0.0,0.0,0.1890480710395474,0.0,0.1231396951973411,0.0,0.0,0.0,0.0,0.0,0.0,0.0,0.0,0.17996112676648032,0.0,0.0,0.0,0.0,0.0,0.0,0.0,0.0,0.0,0.0,0.0,0.0,0.0,0.0,0.0,0.0,0.0,0.0,0.0,0.0,0.0,0.0,0.23913451067329908,0.0,0.0,0.0,0.0,0.0,0.0,0.0,0.0,0.0,0.0,0.34438972177170896,0.0,0.0,0.0,0.0,0.0,0.0,0.0,0.0,0.23807277427878798,0.0,0.0,0.0,0.0,0.0,0.0,0.0,0.0,0.0,0.0,0.11706725983587342,0.0,0.0,0.0,0.1071074282597449,0.0,0.0,0.0,0.0,0.0,0.0,0.0,0.0,0.0,0.0,0.0,0.0,0.0,0.0,0.0,0.0,0.0,0.0,0.0,0.15053851187508116,0.0,0.0,0.0,0.0,0.0,0.0,0.0,0.0,0.0,0.0,0.0,0.0,0.0,0.0,0.0,0.0,0.0,0.14230872487642704,0.15649479129846153,0.13872057203229882,0.16536083601103546,0.3822220206715105,0.2703035086853698,0.36928297535434323,0.0,0.0,0.0,0.0,0.0,0.0,0.0,0.0,0.0,0.0,0.0,0.0,0.0,0.0,0.0,0.0,0.0,0.0,0.2386020140357753,0.19025408959366974,0.0,0.0,0.0,0.0,0.0,0.0,0.0,0.0,0.0,0.0,0.0,0.0,0.0,0.0,0.0,0.0,0.0
f760ae9ce69f789ad453f9cb8db10644979cf45383c0119f089a9afc26b3a74a,0.0,0.0,0.0,0.0,0.0,0.0,0.31128386894892873,0.0,0.0,0.0,0.0,0.0,0.11685884992356046,0.0,0.0,0.0,0.30192712278370637,0.22899027954942822,0.0,0.0,0.0,0.0,0.0,0.0,0.0,0.30849997956785574,0.0,0.0,0.0,0.0,0.0,0.0,0.0,0.0,0.0,0.0,0.0,0.0,0.0,0.0,0.0,0.0,0.0,0.0,0.0,0.0,0.0,0.0,0.0,0.2848764276347419,0.0,0.0,0.0,0.0,0.0,0.0,0.0,0.0,0.0,0.0,0.1697651156642605,0.3098801275520843,0.0,0.0,0.0,0.0,0.0,0.0,0.0,0.0,0.0,0.0,0.0,0.0,0.0,0.11109614431153947,0.0,0.0,0.0,0.0,0.0,0.0,0.0,0.0,0.0,0.0,0.0,0.0,0.2437543273940202,0.0,0.0,0.0,0.0,0.0,0.0,0.0,0.0,0.0,0.0,0.14286016656719874,0.0,0.0,0.0,0.0,0.0,0.0,0.0,0.0,0.0,0.0,0.0,0.0,0.0,0.0,0.23491603391443588,0.267377879327134,0.14601532716202056,0.13505014687990496,0.14851264087391305,0.1316450108346776,0.15692646540727626,0.0,0.0,0.0,0.0,0.0,0.0,0.0,0.0,0.0,0.0,0.0,0.2994385422769247,0.0,0.0,0.0,0.0,0.0,0.0,0.0,0.0,0.0,0.0,0.18055001734039003,0.0,0.0,0.0,0.0,0.0,0.0,0.0,0.0,0.0,0.0,0.0,0.0,0.0,0.0,0.0,0.0,0.0
f555ba7794890e836c24d23621dfa866e6ae41a6f0f5bb653db83976ad51585f,0.0,0.0,0.0,0.0,0.0,0.0,0.0,0.0,0.0,0.0,0.0,0.0,0.19445783887689422,0.0,0.0,0.0,0.0,0.0,0.0,0.0,0.0,0.0,0.0,0.0,0.0,0.0,0.4087584515443007,0.0,0.0,0.0,0.0,0.0,0.0,0.0,0.0,0.0,0.0,0.0,0.0,0.0,0.0,0.0,0.3572936092570836,0.0,0.3776327371274622,0.0,0.0,0.0,0.0,0.0,0.0,0.0,0.0,0.0,0.0,0.0,0.0,0.0,0.3751254046400559,0.0,0.0,0.0,0.0,0.0,0.0,0.0,0.0,0.0,0.0,0.0,0.0,0.0,0.0,0.0,0.0,0.1848684643440252,0.0,0.31404280980225346,0.0,0.16914025159534182,0.0,0.0,0.0,0.0,0.0,0.0,0.0,0.0,0.0,0.0,0.0,0.0,0.0,0.0,0.0,0.0,0.0,0.0,0.0,0.23772507833529252,0.0,0.0,0.0,0.0,0.0,0.0,0.0,0.0,0.0,0.0,0.0,0.0,0.0,0.0,0.0,0.0,0.0,0.0,0.0,0.21906260691921728,0.0,0.0,0.0,0.0,0.0,0.0,0.0,0.0,0.0,0.0,0.0,0.0,0.0,0.2787634082038108,0.0,0.0,0.0,0.0,0.0,0.0,0.0,0.0,0.0,0.0,0.0,0.20124627707716308,0.0,0.0,0.0,0.0,0.0,0.0,0.0,0.0,0.0,0.0,0.0,0.0,0.0,0.0,0.0
f434dde30d9a4e51fe173e8bd509e73732ee23814fb92753df8130ef7cbf8557,0.0,0.0,0.0,0.0,0.0,0.0,0.2728210507808341,0.0,0.0,0.0,0.0,0.0,0.10241955144298291,0.0,0.0,0.0,0.26462044170557125,0.20069581149905888,0.0,0.0,0.0,0.0,0.0,0.0,0.0,0.2703811439884697,0.0,0.0,0.0,0.0,0.0,0.0,0.0,0.0,0.0,0.0,0.0,0.0,0.0,0.0,0.0,0.0,0.0,0.17719916693051907,0.0,0.0,0.0,0.0,0.25149869409143116,0.2496765624008349,0.0,0.0,0.0,0.0,0.0,0.0,0.0,0.0,0.0,0.0,0.148788619846704,0.27159075830148144,0.0,0.0,0.0,0.0,0.0,0.0,0.0,0.0,0.0,0.0,0.0,0.0,0.0,0.09736889653522693,0.2073733460207823,0.16540409941613615,0.0,0.089084959492505,0.0,0.0,0.0,0.0,0.0,0.0,0.0,0.0,0.21363558592534287,0.0,0.0,0.0,0.0,0.0,0.0,0.0,0.0,0.0,0.0,0.12520809667777125,0.0,0.0,0.0,0.0,0.0,0.0,0.0,0.0,0.0,0.0,0.0,0.0,0.0,0.0,0.20588936855034232,0.23434016751297768,0.1279733997169814,0.11836309765838397,0.13016214066686876,0.11537870660385413,0.13753633727406372,0.0,0.0,0.0,0.16160100714283399,0.0,0.0,0.0,0.0,0.0,0.0,0.0,0.26243935486960585,0.1468226911902799,0.0,0.0,0.0,0.0,0.0,0.0,0.0,0.0,0.0,0.1582409188616985,0.0,0.10599497323870749,0.0,0.0,0.0,0.0,0.0,0.0,0.0,0.0,0.0,0.0,0.0,0.0,0.0,0.0,0.0
d812838222fd0d9a617d15d458b450e054515591156928f5c31dfa0db220a01f,0.0,0.0,0.0,0.0,0.0,0.0,0.0,0.0,0.0,0.0,0.0,0.0,0.1719077424504528,0.0,0.0,0.0,0.0,0.0,0.0,0.0,0.0,0.0,0.0,0.0,0.0,0.0,0.0,0.0,0.0,0.0,0.0,0.7319774037644822,0.0,0.0,0.0,0.0,0.0,0.0,0.0,0.0,0.0,0.0,0.0,0.0,0.0,0.0,0.0,0.35858008325637525,0.0,0.0,0.0,0.0,0.0,0.0,0.0,0.0,0.0,0.0,0.0,0.0,0.0,0.0,0.0,0.0,0.3323587337096671,0.0,0.0,0.2809479668358599,0.0,0.0,0.0,0.0,0.0,0.0,0.0,0.0,0.0,0.0,0.0,0.0,0.0,0.0,0.0,0.0,0.0,0.0,0.0,0.0,0.0,0.0,0.0,0.0,0.0,0.0,0.0,0.0,0.0,0.0,0.0,0.0,0.0,0.0,0.0,0.0,0.0,0.0,0.0,0.0,0.0,0.0,0.0,0.0,0.0,0.0,0.0,0.0,0.21479900984826028,0.0,0.0,0.0,0.0,0.0,0.0,0.0,0.0,0.0,0.0,0.0,0.0,0.0,0.0,0.0,0.0,0.0,0.0,0.0,0.0,0.0,0.0,0.0,0.0,0.0,0.0,0.2656020138883709,0.0,0.0,0.0,0.0,0.0,0.0,0.0,0.0,0.0,0.0,0.0,0.0,0.0,0.0,0.0,0.0,0.0
f95d84bd16012696182588589d691c5eaa131d28b7dc53cad85d497d61dab85f,0.0,0.0,0.0,0.0,0.0,0.38339392194753197,0.0,0.0,0.0,0.0,0.0,0.0,0.0,0.0,0.0,0.0,0.0,0.0,0.0,0.0,0.0,0.0,0.0,0.0,0.0,0.0,0.0,0.0,0.0,0.0,0.0,0.0,0.0,0.0,0.0,0.0,0.0,0.0,0.0,0.0,0.0,0.0,0.25319127030322497,0.0,0.0,0.0,0.0,0.0,0.0,0.0,0.0,0.0,0.0,0.0,0.0,0.0,0.0,0.0,0.0,0.0,0.0,0.0,0.0,0.0,0.0,0.0,0.0,0.0,0.0,0.0,0.0,0.0,0.0,0.0,0.0,0.13100452992594974,0.0,0.0,0.0,0.11985894527998095,0.5474853255736815,0.0,0.0,0.0,0.0,0.0,0.0,0.0,0.0,0.0,0.0,0.0,0.0,0.0,0.0,0.0,0.0,0.0,0.0,0.1684606525479103,0.0,0.0,0.18504762663924137,0.0,0.0,0.0,0.0,0.0,0.0,0.0,0.0,0.0,0.0,0.0,0.0,0.0,0.17218121668743983,0.0,0.17512604803988238,0.155235745294017,0.0,0.0,0.0,0.0,0.0,0.0,0.2501491714277635,0.0,0.0,0.0,0.0,0.0,0.0,0.0,0.0,0.0,0.0,0.0,0.0,0.0,0.0,0.0,0.0,0.0,0.0,0.0,0.0,0.0,0.49802096508676885,0.0,0.0,0.0,0.0,0.0,0.0,0.0,0.0,0.0,0.0,0.0,0.0
f84e0c6d7877be866064dd176f832737ae9cd04901913185c8e525efdcb9ee2e,0.0,0.0,0.0,0.0,0.0,0.0,0.0,0.0,0.0,0.0,0.0,0.0,0.0,0.0,0.0,0.0,0.0,0.0,0.0,0.0,0.0,0.0,0.0,0.0,0.0,0.0,0.0,0.0,0.0,0.0,0.0,0.0,0.0,0.0,0.0,0.0,0.0,0.0,0.0,0.0,0.0,0.0,0.0,0.0,0.0,0.0,0.0,0.49564454390511875,0.0,0.0,0.0,0.0,0.0,0.0,0.0,0.0,0.0,0.0,0.0,0.0,0.0,0.0,0.0,0.0,0.4594002865034529,0.0,0.0,0.38833815202131544,0.0,0.0,0.0,0.0,0.0,0.0,0.0,0.0,0.0,0.0,0.0,0.20668126953296465,0.0,0.0,0.0,0.0,0.0,0.0,0.0,0.0,0.0,0.0,0.0,0.0,0.0,0.0,0.0,0.0,0.0,0.0,0.0,0.29048863606819225,0.0,0.0,0.0,0.0,0.0,0.0,0.0,0.0,0.0,0.0,0.0,0.0,0.0,0.0,0.0,0.0,0.2969042683594704,0.27460791843259763,0.0,0.0,0.3190907304291818,0.0,0.0,0.0,0.0,0.0,0.0,0.0,0.0,0.0,0.0,0.0,0.0,0.0,0.0,0.0,0.0,0.0,0.0,0.0,0.0,0.0,0.0,0.0,0.0,0.0,0.0,0.0,0.0,0.0,0.0,0.0,0.0,0.0,0.0,0.0,0.0,0.0,0.0,0.0,0.0
f31d4be2ed36280868ff07df2eea5b9f5367784c2bbc273690233523a1b0e3f7,0.0,0.0,0.0,0.0,0.0,0.0,0.0,0.0,0.0,0.0,0.2444512013817589,0.0,0.15922747195064796,0.0,0.0,0.0,0.0,0.0,0.0,0.0,0.0,0.23270120344617742,0.0,0.0,0.0,0.0,0.3347027574396951,0.0,0.0,0.0,0.0,0.0,0.0,0.0,0.0,0.0,0.0,0.0,0.0,0.0,0.0,0.0,0.0,0.0,0.3092161591730725,0.0,0.0,0.0,0.0,0.0,0.0,0.0,0.0,0.0,0.0,0.0,0.0,0.0,0.3071630857890667,0.0,0.0,0.0,0.0,0.0,0.0,0.0,0.0,0.0,0.0,0.0,0.0,0.0,0.0,0.0,0.0,0.15137542611245838,0.0,0.257146962950397,0.0,0.13849672927648127,0.0,0.0,0.0,0.0,0.0,0.0,0.0,0.0,0.0,0.0,0.0,0.0,0.0,0.0,0.0,0.0,0.0,0.0,0.0,0.0,0.0,0.0,0.0,0.0,0.36319451230844685,0.0,0.0,0.0,0.0,0.0,0.0,0.0,0.0,0.0,0.0,0.0,0.0,0.0,0.0,0.1793745384609953,0.0,0.0,0.0,0.0,0.2512344515232203,0.0,0.28904677905382425,0.0,0.0,0.0,0.0,0.0,0.0,0.22825921041290262,0.0,0.0,0.0,0.0,0.0,0.0,0.0,0.0,0.0,0.24601066021581505,0.0,0.1647860334329974,0.0,0.0,0.0,0.0,0.0,0.0,0.0,0.0,0.0,0.0,0.0,0.0,0.0,0.0,0.0
b7f82678830c34db745a16d5551386f15ff28fda563f10c6903f6471a58e243e,0.0,0.0,0.0,0.0,0.0,0.0,0.0,0.0,0.0,0.0,0.0,0.3703473493048521,0.13775659977661664,0.0,0.0,0.0,0.0,0.0,0.0,0.4484156237744447,0.3893892498652451,0.0,0.0,0.0,0.0,0.0,0.0,0.0,0.0,0.0,0.0,0.0,0.0,0.0,0.22552135918760083,0.0,0.0,0.0,0.0,0.0,0.0,0.0,0.0,0.0,0.0,0.0,0.0,0.0,0.0,0.0,0.0,0.0,0.0,0.0,0.0,0.0,0.0,0.0,0.0,0.0,0.0,0.0,0.0,0.0,0.0,0.0,0.0,0.0,0.0,0.0,0.0,0.0,0.0,0.0,0.0,0.1309633553527248,0.0,0.0,0.0,0.11982127375120341,0.0,0.0,0.0,0.0,0.0,0.0,0.0,0.0,0.0,0.0,0.0,0.0,0.0,0.0,0.0,0.0,0.0,0.0,0.0,0.16840770555838427,0.0,0.0,0.1849894663828177,0.5117168496400887,0.0,0.0,0.0,0.0,0.0,0.0,0.0,0.0,0.0,0.0,0.0,0.0,0.17212710032887987,0.0,0.1750710061242121,0.1551869548776448,0.0,0.0,0.0,0.0,0.0,0.0,0.0,0.0,0.0,0.0,0.0,0.0,0.0,0.0,0.0,0.0,0.0,0.0,0.0,0.0,0.0,0.0,0.0,0.0,0.0,0.0,0.0,0.0,0.0,0.0,0.0,0.0,0.0,0.0,0.0,0.0,0.0,0.0,0.0,0.0,0.0
f9c7dd489dd56e10c4e003e38428fe06097aca743cc878c09bf2bda235c73e30,0.0,0.0,0.0,0.0,0.0,0.0,0.0,0.0,0.0,0.0,0.15161906037279077,0.0,0.09875966878554938,0.0,0.0,0.0,0.0,0.0,0.0,0.0,0.0,0.14433121054302905,0.0,0.0,0.0,0.0,0.0,0.0,0.0,0.0,0.0,0.0,0.0,0.0,0.0,0.0,0.42051535855124134,0.0,0.0,0.0,0.0,0.2854720100234913,0.0,0.17086709313383083,0.0,0.0,0.0,0.0,0.0,0.0,0.0,0.0,0.0,0.0,0.0,0.0,0.0,0.0,0.19051564559837922,0.0,0.0,0.0,0.0,0.0,0.0,0.0,0.0,0.0,0.0,0.0,0.0,0.0,0.0,0.0,0.0,0.09388949508519126,0.0,0.0,0.0,0.08590157806101831,0.0,0.0,0.0,0.0,0.0,0.0,0.0,0.0,0.0,0.0,0.0,0.0,0.0,0.0,0.0,0.0,0.0,0.0,0.0,0.1207338831595023,0.0,0.0,0.0,0.0,0.0,0.43316821076551293,0.0,0.0,0.0,0.0,0.0,0.40055063901156907,0.0,0.0,0.0,0.0,0.0,0.0,0.1255108982569047,0.1112557386608473,0.13262158370929636,0.0,0.0,0.0,0.15582632140038463,0.0,0.0,0.0,0.0,0.0,0.0,0.0,0.0,0.0,0.0,0.0,0.0,0.31117541498430223,0.0,0.0,0.0,0.0,0.0,0.0,0.0,0.10220732567663593,0.2109022421391082,0.0,0.0,0.0,0.0,0.0,0.0,0.0,0.14833608427945436,0.0,0.0,0.0,0.0,0.0,0.0
f8b823dc5519d25ef2599725c25306171a8496069b1ba56cb854323ae98d10d1,0.0,0.0,0.0,0.0,0.0,0.0,0.0,0.0,0.0,0.0,0.4723763998763527,0.0,0.3076904492033829,0.0,0.0,0.0,0.0,0.0,0.0,0.0,0.0,0.0,0.0,0.0,0.0,0.0,0.0,0.0,0.0,0.0,0.0,0.0,0.0,0.0,0.0,0.0,0.0,0.0,0.0,0.0,0.0,0.0,0.0,0.0,0.0,0.0,0.0,0.0,0.0,0.0,0.0,0.0,0.0,0.0,0.0,0.0,0.0,0.0,0.0,0.0,0.0,0.0,0.0,0.0,0.0,0.0,0.0,0.0,0.0,0.0,0.0,0.0,0.0,0.0,0.0,0.2925171912126579,0.0,0.0,0.0,0.26763045548753006,0.0,0.0,0.0,0.0,0.0,0.0,0.0,0.0,0.0,0.0,0.0,0.0,0.0,0.0,0.0,0.0,0.0,0.0,0.0,0.3761521600895814,0.0,0.0,0.0,0.0,0.0,0.0,0.0,0.0,0.0,0.0,0.0,0.0,0.0,0.0,0.0,0.0,0.3844597275640565,0.0,0.0,0.0,0.0,0.0,0.0,0.0,0.48548432187948587,0.0,0.0,0.0,0.0,0.0,0.0,0.0,0.0,0.0,0.0,0.0,0.0,0.0,0.0,0.0,0.0,0.0,0.0,0.0,0.0,0.0,0.0,0.0,0.0,0.0,0.0,0.0,0.0,0.0,0.0,0.0,0.0,0.0,0.0,0.0,0.0
f6ee3a24e7d397b2568fcee9ed1bcd4b69ae3afd7ccc9d6a4e8cdf8e3a47ddb0,0.0,0.0,0.0,0.0,0.0,0.0,0.0,0.0,0.0,0.0,0.0,0.0,0.4346734754201032,0.0,0.0,0.0,0.0,0.0,0.0,0.0,0.0,0.0,0.0,0.0,0.0,0.0,0.0,0.0,0.0,0.0,0.0,0.0,0.0,0.0,0.0,0.0,0.0,0.0,0.0,0.0,0.0,0.0,0.0,0.0,0.0,0.0,0.0,0.0,0.0,0.0,0.0,0.0,0.0,0.0,0.0,0.0,0.0,0.0,0.0,0.0,0.0,0.0,0.0,0.0,0.0,0.0,0.0,0.0,0.0,0.0,0.0,0.0,0.0,0.0,0.0,0.413238254400569,0.0,0.0,0.0,0.3780808293407078,0.0,0.0,0.0,0.0,0.0,0.0,0.0,0.0,0.0,0.0,0.0,0.0,0.0,0.0,0.0,0.0,0.0,0.0,0.0,0.0,0.0,0.0,0.0,0.0,0.0,0.0,0.0,0.0,0.0,0.0,0.0,0.0,0.0,0.0,0.0,0.0,0.5431252298275665,0.0,0.0,0.0,0.0,0.0,0.0,0.0,0.0,0.0,0.0,0.0,0.0,0.0,0.0,0.0,0.0,0.0,0.0,0.0,0.0,0.0,0.0,0.0,0.0,0.0,0.0,0.0,0.0,0.4498477365464623,0.0,0.0,0.0,0.0,0.0,0.0,0.0,0.0,0.0,0.0,0.0,0.0,0.0,0.0,0.0
f5d002bfe80b48386a6c99c41528931b7f5df736cd34094463c3f85dde0180bf,0.0,0.2222402778143423,0.0,0.0,0.288770256230931,0.0,0.0,0.0,0.0,0.0,0.15934202975568693,0.0,0.10379015701321971,0.0,0.0,0.0,0.0,0.0,0.0,0.0,0.0,0.15168296115591037,0.0,0.0,0.0,0.0,0.0,0.3439317523267602,0.0,0.0,0.0,0.0,0.0,0.0,0.0,0.0,0.0,0.0,0.0,0.0,0.0,0.0,0.0,0.0,0.0,0.0,0.0,0.0,0.0,0.0,0.0,0.0,0.0,0.0,0.0,0.0,0.0,0.4924886474614641,0.0,0.0,0.0,0.0,0.0,0.0,0.20066324334625904,0.0,0.0,0.0,0.0,0.0,0.0,0.0,0.0,0.0,0.0,0.09867191290347657,0.0,0.0,0.0,0.09027711802068135,0.0,0.0,0.0,0.0,0.0,0.0,0.0,0.0,0.0,0.0,0.0,0.0,0.0,0.0,0.0,0.0,0.0,0.0,0.0,0.0,0.0,0.0,0.13937688497537584,0.0,0.0,0.0,0.16594087523708725,0.0,0.0,0.0,0.0,0.0,0.0,0.0,0.0,0.0,0.0,0.11994706398781452,0.1319040049156228,0.11692273502157277,0.13937688497537584,0.32216161876826527,0.0,0.0,0.0,0.0,0.1884110211299487,0.0,0.0,0.0,0.0,0.0,0.0,0.0,0.0,0.0,0.0,0.0,0.0,0.0,0.3349899378491616,0.0,0.0,0.1603585407588416,0.0,0.0,0.0,0.0,0.0,0.0,0.0,0.0,0.0,0.0,0.0,0.0,0.0,0.0,0.0,0.0,0.0
f4e6a61d2e8cd7651788e61c8b5c9fb36df48373adec1b1e875ff10adca28b90,0.0,0.0,0.0,0.0,0.0,0.0,0.0,0.0,0.0,0.0,0.189957151770286,0.0,0.12373184048333825,0.0,0.0,0.0,0.0,0.0,0.0,0.0,0.0,0.18082651085490717,0.0,0.0,0.0,0.0,0.0,0.0,0.0,0.0,0.0,0.0,0.0,0.0,0.0,0.0,0.0,0.0,0.0,0.0,0.0,0.0,0.0,0.21407220347604422,0.0,0.0,0.0,0.0,0.0,0.0,0.0,0.0,0.0,0.0,0.0,0.0,0.0,0.0,0.0,0.0,0.0,0.0,0.0,0.0,0.23921760146702756,0.0,0.0,0.0,0.42216476865607805,0.0,0.0,0.39290967462954485,0.0,0.0,0.0,0.11763020443262044,0.25052526992000906,0.19982272286791739,0.0,0.10762247873666582,0.0,0.0,0.0,0.0,0.0,0.0,0.0,0.0,0.0,0.0,0.0,0.0,0.0,0.0,0.0,0.0,0.0,0.0,0.0,0.15126241061484175,0.0,0.0,0.0,0.0,0.0,0.0,0.0,0.0,0.0,0.0,0.0,0.0,0.0,0.0,0.0,0.0,0.15460314028720434,0.14299304880996283,0.15724733216517384,0.0,0.16615601127418328,0.0,0.0,0.0,0.1952282523798719,0.0,0.0,0.0,0.0,0.0,0.0,0.0,0.0,0.17737474485819768,0.0,0.0,0.0,0.0,0.0,0.0,0.0,0.0,0.0,0.19116896973945888,0.0,0.0,0.0,0.0,0.0,0.0,0.0,0.35560999456548725,0.0,0.0,0.0,0.0,0.0,0.0,0.0,0.0,0.0
a0c962a5903fb5b1e5cafe514b25a9dbc081d8dc768fe9c0b226c16cba635d20,0.0,0.0,0.0,0.0,0.0,0.0,0.30534877471567196,0.0,0.0,0.0,0.0,0.0,0.11463076053162305,0.0,0.0,0.0,0.29617042896160733,0.2246242361299131,0.0,0.0,0.0,0.0,0.0,0.0,0.0,0.302617964364577,0.0,0.0,0.0,0.0,0.0,0.0,0.0,0.0,0.0,0.0,0.0,0.0,0.0,0.0,0.0,0.0,0.0,0.0,0.0,0.0,0.0,0.0,0.0,0.2794448309106497,0.0,0.0,0.0,0.0,0.0,0.0,0.0,0.0,0.0,0.0,0.16652828889778123,0.30397179775573047,0.0,0.0,0.0,0.0,0.0,0.0,0.0,0.0,0.0,0.0,0.0,0.0,0.0,0.10897792955255797,0.0,0.0,0.0,0.0,0.0,0.0,0.0,0.0,0.0,0.0,0.0,0.0,0.2391067852398683,0.0,0.0,0.0,0.0,0.0,0.0,0.0,0.0,0.0,0.0,0.14013632304257911,0.0,0.0,0.15393442678018984,0.0,0.0,0.0,0.0,0.0,0.0,0.0,0.0,0.0,0.0,0.0,0.23043700709273485,0.26227991869379563,0.1432313257644133,0.13247521310433272,0.14568102444164263,0.12913500108929593,0.15393442678018984,0.0,0.0,0.0,0.0,0.0,0.0,0.0,0.0,0.0,0.0,0.0,0.2937292969778238,0.0,0.0,0.0,0.0,0.0,0.0,0.0,0.0,0.0,0.0,0.17710756023411714,0.0,0.11863247030178756,0.0,0.0,0.0,0.0,0.0,0.0,0.0,0.0,0.0,0.0,0.0,0.0,0.0,0.0,0.0
fef984d0cfaacd9e1685f796788009e017649a9485e7927a61968007f6e05bcd,0.0,0.0,0.0,0.0,0.0,0.0,0.0,0.0,0.0,0.0,0.0,0.0,0.2537292280492987,0.0,0.0,0.0,0.0,0.0,0.0,0.0,0.0,0.0,0.0,0.0,0.0,0.0,0.0,0.0,0.0,0.0,0.0,0.0,0.0,0.0,0.0,0.0,0.0,0.0,0.0,0.0,0.0,0.0,0.0,0.0,0.0,0.0,0.0,0.0,0.0,0.0,0.0,0.0,0.7292274086868255,0.0,0.0,0.0,0.0,0.0,0.0,0.0,0.0,0.0,0.0,0.0,0.0,0.0,0.0,0.0,0.0,0.0,0.0,0.0,0.0,0.0,0.0,0.0,0.0,0.0,0.0,0.2206947568543074,0.0,0.0,0.0,0.0,0.0,0.0,0.0,0.0,0.0,0.0,0.0,0.0,0.0,0.0,0.0,0.0,0.0,0.0,0.0,0.0,0.0,0.0,0.0,0.0,0.0,0.0,0.0,0.0,0.0,0.0,0.0,0.0,0.0,0.0,0.0,0.0,0.3170350920655072,0.0,0.32245737271202973,0.28583361035534155,0.0,0.0,0.0,0.0,0.0,0.0,0.0,0.0,0.0,0.0,0.0,0.0,0.0,0.0,0.0,0.0,0.0,0.0,0.0,0.0,0.0,0.0,0.0,0.0,0.0,0.262586804551036,0.0,0.0,0.0,0.0,0.0,0.0,0.0,0.0,0.0,0.0,0.0,0.0,0.0,0.0,0.0
f0de5714ce83c1b278f1426a198450e9ee1a94fdaefd77d502ec9c010cc43450,0.33952235572484335,0.0,0.0,0.0,0.0,0.0,0.0,0.0,0.0,0.0,0.14032183286139188,0.0,0.09140102637952525,0.0,0.0,0.0,0.0,0.0,0.0,0.0,0.0,0.13357700511205525,0.0,0.0,0.0,0.0,0.0,0.0,0.0,0.0,0.0,0.0,0.0,0.0,0.0,0.0,0.0,0.0,0.0,0.0,0.0,0.0,0.0,0.15813568310795337,0.0,0.0,0.0,0.0,0.22444190048873705,0.0,0.0,0.0,0.2626900106483085,0.0,0.0,0.0,0.0,0.0,0.0,0.0,0.0,0.0,0.0,0.0,0.17671065278527764,0.3502518428252357,0.0,0.0,0.0,0.0,0.31514863861983855,0.0,0.0,0.0,0.0,0.08689373225497839,0.1850636563333099,0.1476095554122022,0.0,0.07950099973954977,0.0,0.0,0.0,0.0,0.0,0.0,0.0,0.0,0.0,0.0,0.0,0.0,0.0,0.0,0.0,0.0,0.0,0.0,0.0,0.11173792880499081,0.0,0.0,0.0,0.0,0.0,0.0,0.14613299325729592,0.0,0.0,0.0,0.0,0.0,0.0,0.0,0.0,0.0,0.1142057343408795,0.10562933013291857,0.1161590056301994,0.10296600656179596,0.12273986962663326,0.0,0.0,0.0,0.144215608335707,0.0,0.16592094287224465,0.0,0.0,0.0,0.0,0.0,0.0,0.13102717675996123,0.0,0.0,0.0,0.0,0.0,0.0,0.0,0.0,0.0,0.0,0.0,0.0,0.1951877890469215,0.0,0.0,0.0,0.0,0.2626900106483085,0.0,0.0,0.0,0.0,0.3186212478310601,0.0,0.0,0.0,0.0
2d22f914168c080b550e8145a06d00b826aaa8ae47abc1af5590084a68793af6,0.0,0.0,0.0,0.0,0.0,0.0,0.0,0.0,0.0,0.0,0.1674710628853485,0.0,0.10908514180905088,0.0,0.0,0.0,0.0,0.2137573417322102,0.0,0.0,0.0,0.15942125731249962,0.0,0.0,0.0,0.0,0.0,0.0,0.0,0.0,0.0,0.0,0.0,0.0,0.0,0.0,0.0,0.0,0.0,0.0,0.0,0.0,0.20043123104927038,0.1887315066383812,0.0,0.0,0.0,0.0,0.0,0.0,0.0,0.0,0.0,0.0,0.0,0.0,0.0,0.0,0.0,0.0,0.0,0.0,0.0,0.0,0.2109003299176309,0.0,0.0,0.17827730366529268,0.3721912118638111,0.0,0.3761230622512511,0.3463991758926721,0.0,0.0,0.0,0.1037057840684748,0.2208694584128085,0.1761688016242894,0.0,0.09488271821521692,0.0,0.0,0.0,0.0,0.0,0.0,0.0,0.0,0.0,0.0,0.0,0.0,0.0,0.0,0.0,0.0,0.0,0.0,0.0,0.1333567935936494,0.0,0.0,0.0,0.0,0.24882091258546024,0.0,0.0,0.0,0.0,0.0,0.0,0.0,0.0,0.0,0.0,0.0,0.13630206595549108,0.12606631361992723,0.13863325285816616,0.0,0.14648737124953115,0.0,0.0,0.0,0.17211819942870155,0.0,0.0,0.0,0.0,0.0,0.0,0.0,0.0,0.15637809249920795,0.0,0.0,0.0,0.0,0.0,0.0,0.0,0.0,0.0,0.16853943246990807,0.0,0.0,0.0,0.0,0.0,0.0,0.0,0.0,0.0,0.0,0.0,0.0,0.0,0.0,0.0,0.0,0.0
3ffdaa1515622897c84111ab4180de09aadd03674935555270a2789625f7e513,0.0,0.0,0.0,0.0,0.0,0.0,0.0,0.0,0.0,0.0,0.352601546097087,0.0,0.22967304915490797,0.0,0.0,0.0,0.0,0.0,0.0,0.0,0.0,0.3356531023369216,0.0,0.0,0.0,0.0,0.0,0.0,0.0,0.0,0.0,0.0,0.0,0.0,0.3759977982773033,0.0,0.0,0.0,0.0,0.0,0.0,0.0,0.0,0.0,0.0,0.0,0.0,0.0,0.0,0.0,0.0,0.0,0.0,0.0,0.0,0.0,0.0,0.0,0.0,0.0,0.0,0.0,0.0,0.0,0.44403959179653746,0.0,0.0,0.0,0.0,0.0,0.0,0.0,0.0,0.0,0.0,0.21834709335300925,0.0,0.0,0.0,0.19977059059739607,0.0,0.0,0.0,0.0,0.0,0.0,0.0,0.0,0.0,0.0,0.0,0.0,0.0,0.0,0.0,0.0,0.0,0.0,0.0,0.0,0.0,0.0,0.0,0.0,0.0,0.0,0.0,0.0,0.0,0.0,0.0,0.0,0.0,0.0,0.0,0.0,0.28697685656318794,0.2654260164550224,0.0,0.0,0.0,0.0,0.0,0.0,0.3623858485424136,0.0,0.0,0.0,0.0,0.0,0.0,0.0,0.0,0.0,0.0,0.0,0.0,0.0,0.0,0.0,0.0,0.0,0.0,0.0,0.0,0.0,0.0,0.0,0.0,0.0,0.0,0.0,0.0,0.0,0.0,0.0,0.0,0.0,0.0,0.0,0.0
9e9519db3a55dd28cc85ddb8e02990758fa23d0f387e006de073e30277bce862,0.0,0.0,0.0,0.0,0.0,0.0,0.0,0.0,0.0,0.0,0.2851479047167993,0.0,0.18573596588373412,0.0,0.0,0.0,0.0,0.0,0.0,0.0,0.0,0.2714417446618715,0.0,0.0,0.0,0.0,0.0,0.0,0.0,0.0,0.0,0.0,0.0,0.0,0.0,0.0,0.0,0.0,0.0,0.0,0.0,0.0,0.0,0.0,0.0,0.0,0.0,0.0,0.0,0.0,0.0,0.0,0.0,0.0,0.0,0.0,0.0,0.0,0.0,0.0,0.0,0.0,0.0,0.0,0.35909360186759415,0.0,0.0,0.0,0.0,0.0,0.0,0.0,0.0,0.0,0.0,0.1765766964432727,0.0,0.0,0.0,0.16155392953722394,0.0,0.0,0.0,0.0,0.0,0.0,0.0,0.0,0.0,0.0,0.0,0.0,0.0,0.0,0.0,0.0,0.0,0.0,0.0,0.2270625719919917,0.0,0.0,0.2494196087348657,0.0,0.42365982905380556,0.0,0.0,0.0,0.0,0.0,0.0,0.0,0.0,0.0,0.0,0.0,0.0,0.21464929262856003,0.0,0.0,0.0,0.0,0.0,0.0,0.0,0.0,0.0,0.0,0.0,0.0,0.0,0.0,0.0,0.0,0.0,0.0,0.0,0.0,0.0,0.0,0.0,0.0,0.0,0.0,0.0,0.0,0.0,0.0,0.0,0.0,0.0,0.5338121987074496,0.0,0.0,0.0,0.0,0.0,0.0,0.0,0.0,0.0
2b396ae1fa95ef655bb7b0eb45532a857d882bb601adeb8fb1b5d43dcff9ec31,0.0,0.0,0.0,0.0,0.0,0.0,0.3090321081314424,0.0,0.0,0.0,0.0,0.0,0.11601351803944165,0.0,0.0,0.0,0.2997430466633589,0.22733381292680588,0.0,0.0,0.0,0.0,0.0,0.0,0.0,0.30626835680972236,0.0,0.0,0.0,0.0,0.0,0.0,0.0,0.0,0.0,0.0,0.0,0.0,0.0,0.0,0.0,0.0,0.0,0.0,0.0,0.0,0.0,0.0,0.0,0.2828156925901044,0.0,0.0,0.0,0.0,0.0,0.0,0.0,0.0,0.0,0.0,0.1685370711885876,0.3076385210991205,0.0,0.0,0.0,0.0,0.0,0.0,0.0,0.0,0.0,0.0,0.0,0.0,0.0,0.11029249860519683,0.0,0.0,0.0,0.0,0.0,0.0,0.0,0.0,0.0,0.0,0.0,0.0,0.24199106081238872,0.0,0.0,0.0,0.0,0.0,0.0,0.0,0.0,0.0,0.0,0.14182674672908832,0.0,0.0,0.0,0.0,0.0,0.0,0.0,0.0,0.0,0.0,0.0,0.0,0.0,0.0,0.23321670165429037,0.26544372503200664,0.14495908356813927,0.13407322305096786,0.14743833224767272,0.130692719030364,0.15579129297696728,0.0,0.0,0.0,0.0,0.0,0.0,0.0,0.0,0.0,0.0,0.0,0.29727246801480145,0.0,0.0,0.0,0.0,0.0,0.0,0.0,0.0,0.0,0.0,0.17924395719658517,0.0,0.1200634992701037,0.0,0.0,0.0,0.0,0.0,0.0,0.0,0.0,0.0,0.0,0.0,0.0,0.0,0.0,0.0
2da3696e82b2a874191a6f4e3bfd26d4b7e5aa5d187c5afdebbe52263dccd5ae,0.0,0.0,0.0,0.0,0.0,0.0,0.0,0.0,0.0,0.0,0.0,0.0,0.24246827214020344,0.0,0.0,0.0,0.0,0.4751277071062274,0.0,0.0,0.0,0.0,0.0,0.0,0.0,0.0,0.0,0.0,0.0,0.0,0.0,0.0,0.0,0.0,0.39694486058452844,0.0,0.0,0.0,0.0,0.0,0.0,0.0,0.0,0.0,0.0,0.0,0.0,0.0,0.0,0.0,0.0,0.0,0.0,0.0,0.0,0.0,0.0,0.0,0.0,0.0,0.0,0.0,0.0,0.0,0.4687773031311582,0.0,0.0,0.0,0.0,0.0,0.0,0.0,0.0,0.0,0.0,0.0,0.0,0.0,0.0,0.0,0.0,0.0,0.0,0.0,0.0,0.0,0.0,0.0,0.0,0.0,0.0,0.0,0.0,0.0,0.0,0.0,0.0,0.0,0.0,0.0,0.0,0.0,0.3256038284242972,0.0,0.0,0.0,0.0,0.0,0.0,0.0,0.0,0.0,0.0,0.0,0.0,0.0,0.3029645089449375,0.0,0.0,0.0,0.0,0.0,0.0,0.0,0.0,0.0,0.0,0.0,0.0,0.0,0.0,0.0,0.0,0.0,0.0,0.0,0.0,0.0,0.0,0.0,0.0,0.0,0.0,0.3746199005727329,0.0,0.0,0.0,0.0,0.0,0.0,0.0,0.0,0.0,0.0,0.0,0.0,0.0,0.0,0.0,0.0,0.0
f52e1ebc1a294f9f4413a4069dd27f6926e4c64e4a0fdb21957beb3f8ec12271,0.0,0.0,0.0,0.0,0.0,0.0,0.0,0.0,0.0,0.0,0.24577846196246808,0.0,0.16009200583590397,0.0,0.0,0.0,0.0,0.0,0.0,0.0,0.0,0.23396466679866615,0.0,0.0,0.0,0.0,0.0,0.0,0.0,0.0,0.0,0.0,0.0,0.0,0.0,0.0,0.0,0.0,0.0,0.0,0.0,0.0,0.0,0.2769800264371454,0.0,0.0,0.0,0.33393379473797724,0.0,0.0,0.0,0.0,0.0,0.0,0.0,0.0,0.0,0.0,0.0,0.0,0.0,0.0,0.0,0.0,0.0,0.0,0.0,0.0,0.0,0.0,0.0,0.0,0.0,0.0,0.48009906270097724,0.15219732690423787,0.32414528723894903,0.258543155832428,0.0,0.13924870451033886,0.0,0.0,0.0,0.0,0.0,0.0,0.0,0.0,0.0,0.0,0.0,0.0,0.0,0.0,0.0,0.0,0.0,0.0,0.0,0.0,0.0,0.0,0.0,0.0,0.3651664959051405,0.0,0.0,0.0,0.0,0.0,0.0,0.0,0.0,0.0,0.0,0.0,0.2000352273143559,0.0,0.0,0.0,0.0,0.0,0.0,0.0,0.0,0.0,0.0,0.0,0.0,0.0,0.0,0.0,0.0,0.22949855573193711,0.0,0.0,0.0,0.0,0.0,0.0,0.0,0.0,0.0,0.0,0.0,0.0,0.0,0.0,0.0,0.0,0.0,0.0,0.0,0.0,0.0,0.0,0.0,0.0,0.0,0.0,0.0
9b43fa2ed0b5bcaf69d80ebf5288e5e35d1f03917b01f092028fe7f32442a3d7,0.0,0.0,0.0,0.0,0.0,0.0,0.0,0.0,0.0,0.0,0.15819162677476128,0.0,0.10304082235116087,0.0,0.0,0.0,0.0,0.0,0.0,0.0,0.0,0.15058785441642086,0.0,0.0,0.0,0.0,0.0,0.0,0.0,0.0,0.0,0.0,0.0,0.0,0.0,0.0,0.0,0.0,0.0,0.0,0.0,0.0,0.0,0.17827404653911205,0.0,0.0,0.0,0.0,0.0,0.0,0.0,0.0,0.0,0.0,0.0,0.0,0.0,0.0,0.0,0.0,0.0,0.0,0.0,0.0,0.0,0.0,0.0,0.16839910249532467,0.0,0.0,0.0,0.0,0.3591972289101114,0.0,0.0,0.09795953047109612,0.208631260405283,0.16640743084663775,0.0,0.08962534355891752,0.0,0.0,0.0,0.0,0.0,0.0,0.0,0.0,0.0,0.0,0.0,0.0,0.0,0.0,0.0,0.0,0.0,0.0,0.0,0.1259676015461121,0.0,0.0,0.0,0.0,0.0,0.0,0.16474283051641403,0.0,0.0,0.0,0.0,0.0,0.0,0.0,0.0,0.0,0.12874967874910595,0.0,0.0,0.11607858697655894,0.0,0.0,0.0,0.0,0.16258126924177504,0.0,0.18705074850960196,0.0,0.0,0.0,0.0,0.41791419255016954,0.2640312963890163,0.147713308903517,0.0,0.0,0.0,0.0,0.0,0.0,0.0,0.0,0.0,0.0,0.0,0.0,0.0,0.0,0.0,0.0,0.0,0.0,0.0,0.0,0.15476633626319486,0.0,0.0,0.0,0.48893302306669273,0.0,0.0
3a550e32589fda38ebeca5616292a6d6e42842958a43376cd9f01ae6f7d135ee,0.0,0.0,0.0,0.0,0.0,0.0,0.0,0.0,0.0,0.0,0.0,0.0,0.0,0.0,0.0,0.0,0.0,0.0,0.0,0.0,0.0,0.0,0.0,0.0,0.0,0.0,0.3831447121611091,0.0,0.0,0.0,0.0,0.0,0.0,0.0,0.0,0.0,0.0,0.0,0.0,0.0,0.0,0.0,0.3349047745890401,0.0,0.3539694061925279,0.0,0.0,0.0,0.0,0.0,0.0,0.0,0.0,0.0,0.0,0.0,0.0,0.0,0.3516191888929221,0.0,0.0,0.0,0.0,0.0,0.0,0.0,0.0,0.0,0.0,0.0,0.0,0.0,0.0,0.0,0.0,0.0,0.0,0.29436416914038976,0.0,0.15854153661537523,0.0,0.0,0.0,0.0,0.0,0.0,0.0,0.0,0.0,0.0,0.0,0.0,0.0,0.0,0.0,0.0,0.0,0.0,0.0,0.2228286812618511,0.0,0.0,0.2447688406224747,0.0,0.0,0.0,0.0,0.0,0.0,0.0,0.0,0.0,0.0,0.0,0.0,0.0,0.0,0.0,0.0,0.20533564298481347,0.0,0.0,0.0,0.0,0.0,0.0,0.0,0.0,0.0,0.0,0.0,0.0,0.0,0.2612954555282713,0.0,0.0,0.0,0.0,0.0,0.0,0.0,0.0,0.3531811990949697,0.0,0.0,0.18863572511568674,0.0,0.0,0.0,0.0,0.0,0.0,0.0,0.0,0.0,0.0,0.0,0.0,0.0,0.0,0.0
3c750d7eaa45aea07cd60993c0652ff9fe04b0fee8932e117945191a3fd76914,0.0,0.0,0.0,0.0,0.0,0.0,0.0,0.0,0.0,0.0,0.0,0.0,0.13724034848227148,0.0,0.0,0.0,0.0,0.0,0.0,0.0,0.3879299898038543,0.0,0.0,0.0,0.0,0.0,0.0,0.0,0.0,0.0,0.0,0.0,0.0,0.0,0.0,0.0,0.0,0.0,0.0,0.0,0.0,0.0,0.0,0.0,0.0,0.0,0.0,0.0,0.33700370616404407,0.0,0.0,0.0,0.0,0.0,0.0,0.38382558405652456,0.0,0.0,0.0,0.0,0.1993740623764165,0.0,0.0,0.0,0.2653343461164221,0.0,0.5175183963851622,0.2242912176282698,0.0,0.0,0.0,0.0,0.0,0.0,0.0,0.0,0.0,0.0,0.0,0.11937223618955882,0.0,0.0,0.0,0.0,0.0,0.0,0.0,0.0,0.0,0.0,0.0,0.0,0.0,0.0,0.0,0.0,0.0,0.0,0.0,0.16777658736794407,0.0,0.0,0.18429620702816457,0.0,0.0,0.0,0.0,0.0,0.0,0.0,0.0,0.0,0.0,0.0,0.0,0.0,0.0,0.0,0.0,0.0,0.0,0.0,0.0,0.0,0.0,0.0,0.0,0.0,0.0,0.0,0.0,0.0,0.0,0.0,0.0,0.0,0.0,0.0,0.0,0.0,0.0,0.0,0.0,0.21203997227838137,0.0,0.14203134909009507,0.0,0.0,0.0,0.0,0.0,0.0,0.0,0.0,0.0,0.0,0.0,0.0,0.0,0.0,0.0
431d19c662ae3489b13f1e0949efa24cb39916a398599b0b127af0b46ca984c8,0.0,0.0,0.0,0.0,0.0,0.0,0.0,0.0,0.0,0.0,0.0,0.0,0.2023130288930469,0.0,0.0,0.0,0.0,0.0,0.0,0.0,0.0,0.0,0.0,0.0,0.0,0.0,0.0,0.0,0.0,0.0,0.0,0.0,0.0,0.0,0.0,0.0,0.0,0.0,0.0,0.0,0.0,0.0,0.0,0.0,0.0,0.0,0.0,0.0,0.0,0.0,0.0,0.0,0.0,0.0,0.0,0.0,0.0,0.0,0.0,0.0,0.0,0.0,0.0,0.0,0.0,0.0,0.0,0.0,0.0,0.0,0.0,0.0,0.0,0.0,0.0,0.19233628834023858,0.0,0.0,0.0,0.1759727291304974,0.0,0.0,0.0,0.0,0.0,0.0,0.0,0.0,0.0,0.0,0.0,0.0,0.0,0.0,0.0,0.0,0.0,0.0,0.0,0.24732806308876748,0.0,0.0,0.27168048077482476,0.0,0.0,0.0,0.0,0.0,0.0,0.0,0.0,0.0,0.0,0.0,0.0,0.0,0.25279046578227277,0.0,0.0,0.22791171484267614,0.0,0.0,0.0,0.0,0.0,0.0,0.0,0.0,0.0,0.0,0.0,0.0,0.0,0.0,0.0,0.0,0.0,0.0,0.0,0.0,0.0,0.0,0.0,0.31257898651852073,0.0,0.20937568834499684,0.4320414591522104,0.46876390487389985,0.0,0.0,0.0,0.0,0.0,0.0,0.30387224738345653,0.0,0.0,0.0,0.0,0.0,0.0
2b5776c5c81b695863b32f58d2a78d4ba17267684770632edaf69546397ae946,0.0,0.0,0.0,0.0,0.0,0.0,0.0,0.0,0.0,0.0,0.16162794750586795,0.0,0.10527912864596703,0.0,0.0,0.0,0.0,0.0,0.0,0.0,0.0,0.15385900205257744,0.0,0.0,0.0,0.0,0.0,0.0,0.0,0.0,0.0,0.0,0.0,0.0,0.0,0.0,0.0,0.0,0.0,0.0,0.0,0.0,0.0,0.18214660802944224,0.0,0.0,0.0,0.0,0.0,0.0,0.0,0.0,0.30257620204633595,0.0,0.0,0.0,0.0,0.0,0.0,0.0,0.0,0.0,0.0,0.0,0.0,0.0,0.0,0.0,0.3592053493710306,0.0,0.0,0.3343132052346634,0.0,0.0,0.0,0.10008745830286812,0.2131632570722644,0.17002221954365704,0.0,0.09157223185119472,0.0,0.0,0.0,0.0,0.0,0.0,0.4782712220776223,0.0,0.0,0.0,0.0,0.0,0.0,0.0,0.0,0.0,0.0,0.0,0.0,0.12870393525394494,0.0,0.0,0.0,0.0,0.0,0.0,0.16832145989994515,0.0,0.0,0.0,0.0,0.0,0.0,0.0,0.0,0.0,0.131546446183825,0.12166782230294487,0.13379629727953268,0.11860010637045874,0.14137638313552012,0.0,0.0,0.0,0.16611294406790614,0.0,0.0,0.0,0.0,0.0,0.0,0.0,0.2697667214297764,0.1509220141681025,0.0,0.0,0.0,0.0,0.0,0.0,0.0,0.0,0.0,0.0,0.0,0.0,0.0,0.0,0.0,0.0,0.0,0.0,0.0,0.0,0.0,0.0,0.0,0.0,0.0,0.0,0.0
2bfa0884b172c9eaff7358741c164f571f0565389ab9cf99a8e0b90ae8ad914d,0.0,0.0,0.0,0.0,0.0,0.0,0.3133564550987524,0.0,0.0,0.0,0.0,0.0,0.11763691797653632,0.0,0.0,0.0,0.3039374099696455,0.0,0.0,0.0,0.0,0.0,0.0,0.0,0.0,0.3105540300621269,0.0,0.0,0.0,0.0,0.0,0.0,0.0,0.0,0.0,0.0,0.0,0.0,0.0,0.0,0.0,0.0,0.0,0.0,0.0,0.0,0.0,0.0,0.0,0.28677318810717056,0.0,0.0,0.0,0.0,0.0,0.0,0.0,0.0,0.0,0.0,0.17089544351785924,0.3119433673294574,0.0,0.0,0.0,0.0,0.0,0.0,0.0,0.0,0.0,0.0,0.0,0.0,0.0,0.11183584319403016,0.0,0.0,0.0,0.0,0.0,0.0,0.0,0.0,0.0,0.0,0.0,0.0,0.24537728924110294,0.0,0.0,0.0,0.0,0.0,0.0,0.0,0.0,0.0,0.0,0.14381135624364563,0.0,0.0,0.15797131112909954,0.0,0.0,0.0,0.0,0.0,0.0,0.0,0.0,0.0,0.0,0.0,0.23648014875246634,0.2691581311960593,0.14698752448711747,0.13594933598629858,0.14950146578022228,0.13252152790917496,0.15797131112909954,0.0,0.0,0.0,0.0,0.0,0.0,0.0,0.0,0.0,0.0,0.0,0.30143226002896256,0.0,0.0,0.0,0.0,0.0,0.0,0.0,0.0,0.0,0.0,0.18175215308405587,0.0,0.12174357138976985,0.0,0.0,0.0,0.0,0.0,0.0,0.0,0.0,0.0,0.0,0.0,0.0,0.0,0.0,0.0
2d0bd38ea59864cdcd710759abea3f670449eb4505b54c8a8d22128691deefc1,0.0,0.0,0.0,0.0,0.0,0.0,0.30839191865255866,0.0,0.0,0.0,0.0,0.0,0.11577318497467949,0.0,0.0,0.0,0.29912210036103865,0.22686286925655022,0.0,0.0,0.0,0.0,0.0,0.0,0.0,0.3056338927052313,0.0,0.0,0.0,0.0,0.0,0.0,0.0,0.0,0.0,0.0,0.0,0.0,0.0,0.0,0.0,0.0,0.0,0.0,0.0,0.0,0.0,0.0,0.0,0.2822298129158073,0.0,0.0,0.0,0.0,0.0,0.0,0.0,0.0,0.0,0.0,0.16818793057524098,0.30700121856865575,0.0,0.0,0.0,0.0,0.0,0.0,0.0,0.0,0.0,0.0,0.0,0.0,0.0,0.11006401717770445,0.0,0.0,0.0,0.0,0.0,0.0,0.0,0.0,0.0,0.0,0.0,0.0,0.24148975325553734,0.0,0.0,0.0,0.0,0.0,0.0,0.0,0.0,0.0,0.0,0.0,0.0,0.0,0.15546855645852392,0.0,0.0,0.0,0.0,0.0,0.0,0.0,0.0,0.0,0.0,0.0,0.2327335710190894,0.26489383304496134,0.14465878700436124,0.13379547758524182,0.14713289968385324,0.13042197660105512,0.15546855645852392,0.0,0.0,0.0,0.0,0.0,0.0,0.0,0.0,0.0,0.0,0.0,0.2966566397517268,0.0,0.0,0.0,0.0,0.0,0.0,0.0,0.0,0.0,0.0,0.1788726362479479,0.0,0.11981477628304762,0.0,0.0,0.0,0.0,0.0,0.0,0.0,0.0,0.0,0.0,0.0,0.0,0.0,0.0,0.0
2d7c79940727d8309cafe7c58204386db4d08c42623087e1acc36d7b8fa670e2,0.0,0.0,0.0,0.0,0.0,0.0,0.0,0.0,0.0,0.0,0.0,0.24243767250543163,0.0,0.30459144307251196,0.0,0.0,0.0,0.0,0.0,0.0,0.0,0.0,0.0,0.31093359110858426,0.321823500242224,0.0,0.0,0.0,0.0,0.3657472624031252,0.0,0.0,0.0,0.0,0.1476313345412867,0.0,0.0,0.0,0.0,0.0,0.0,0.0,0.0,0.0,0.0,0.0,0.0,0.0,0.0,0.0,0.0,0.0,0.0,0.0,0.0,0.0,0.0,0.0,0.0,0.30768320716947944,0.0,0.0,0.0,0.0,0.0,0.0,0.0,0.0,0.0,0.0,0.0,0.0,0.0,0.0,0.0,0.08573154665427597,0.0,0.0,0.0,0.07843769039903681,0.0,0.0,0.0,0.0,0.0,0.0,0.0,0.0,0.0,0.0,0.0,0.0,0.0,0.0,0.0,0.0,0.0,0.0,0.0,0.11024345724139847,0.0,0.42790103297020554,0.12109824939223492,0.0,0.0,0.0,0.0,0.0,0.2961297464875019,0.0,0.0,0.0,0.0,0.0,0.1812818531748184,0.0,0.0,0.0,0.11460540308336446,0.10158885763422076,0.0,0.0,0.0,0.0,0.0,0.0,0.0,0.0,0.0,0.0,0.0,0.0,0.0,0.0,0.0,0.0,0.0,0.0,0.0,0.0,0.0,0.0,0.17473476125426443,0.0,0.0,0.0,0.0,0.0,0.0,0.0,0.0,0.0,0.0,0.0,0.0,0.0,0.0,0.0,0.0,0.0,0.0
2d7def3cae44ef0e08b5f203a9c430c0dbbcf0098ceb2999e8c0f4b0d98c3b5f,0.0,0.0,0.0,0.0,0.0,0.0,0.2805273703598069,0.0,0.0,0.0,0.0,0.0,0.1053125752484983,0.0,0.0,0.0,0.2720951203825854,0.2063648244185036,0.0,0.0,0.0,0.0,0.0,0.0,0.0,0.27801854402684606,0.0,0.0,0.0,0.0,0.0,0.0,0.0,0.0,0.0,0.0,0.0,0.0,0.0,0.0,0.0,0.0,0.0,0.18220447500915166,0.0,0.0,0.0,0.21967010596648281,0.25860272548789354,0.0,0.0,0.0,0.0,0.0,0.0,0.0,0.0,0.0,0.0,0.0,0.15299142110038771,0.27926232606422025,0.0,0.0,0.0,0.0,0.0,0.0,0.0,0.0,0.0,0.0,0.0,0.0,0.0,0.10011925554016743,0.21323097787148892,0.17007623467155275,0.0,0.0,0.0,0.0,0.0,0.0,0.0,0.0,0.0,0.0,0.21967010596648281,0.0,0.0,0.0,0.0,0.0,0.0,0.0,0.0,0.0,0.0,0.0,0.0,0.0,0.14142129763808922,0.0,0.0,0.0,0.0,0.0,0.0,0.0,0.0,0.0,0.0,0.0,0.2117050827975412,0.2409595255715894,0.1315882377692655,0.12170647550368607,0.13383880363034334,0.11863778497465083,0.14142129763808922,0.0,0.0,0.0,0.16616571724039525,0.0,0.0,0.0,0.0,0.0,0.0,0.0,0.2698524248395963,0.0,0.0,0.0,0.0,0.0,0.0,0.0,0.0,0.0,0.0,0.16271071724319577,0.0,0.0,0.0,0.0,0.0,0.0,0.0,0.0,0.0,0.0,0.0,0.0,0.0,0.0,0.0,0.0,0.0
2f7c9af7476a81cb3a868a6fa8015f558f3fbd008e154ab9fb5dfe06c3af3ade,0.0,0.0,0.0,0.0,0.0,0.0,0.0,0.0,0.0,0.0,0.1783997077353518,0.0,0.11620370159307469,0.0,0.0,0.0,0.0,0.2277064863284406,0.0,0.0,0.0,0.16982459668762534,0.0,0.0,0.0,0.0,0.0,0.0,0.0,0.0,0.0,0.0,0.0,0.0,0.0,0.0,0.0,0.0,0.0,0.0,0.0,0.0,0.0,0.2010475424509022,0.0,0.0,0.0,0.0,0.0,0.0,0.0,0.0,0.0,0.0,0.0,0.0,0.0,0.0,0.0,0.0,0.0,0.0,0.0,0.0,0.22466303473784352,0.0,0.0,0.0,0.39647926199421835,0.0,0.40066769280664255,0.3690041173341469,0.0,0.0,0.0,0.11047330356377649,0.2352827177999461,0.1876650340684616,0.0,0.1010744716555527,0.0,0.0,0.0,0.0,0.0,0.0,0.0,0.0,0.0,0.0,0.0,0.0,0.0,0.0,0.0,0.0,0.0,0.0,0.0,0.14205924648557341,0.0,0.0,0.0,0.0,0.0,0.0,0.0,0.0,0.0,0.0,0.0,0.0,0.0,0.0,0.0,0.0,0.1451967182344288,0.13429301228275548,0.14768003120174683,0.13090696652633865,0.15604668512629744,0.0,0.0,0.0,0.1833501020712857,0.0,0.0,0.0,0.0,0.0,0.0,0.0,0.0,0.16658284432797493,0.0,0.0,0.0,0.0,0.0,0.0,0.0,0.0,0.0,0.17953779582266066,0.0,0.0,0.0,0.0,0.0,0.0,0.0,0.0,0.0,0.0,0.0,0.0,0.0,0.0,0.0,0.0,0.0
2fe7b81253f7726822e0f6ff1a3bacea73ca2356ca4dcb460493586629961ad0,0.0,0.0,0.0,0.0,0.0,0.6062443664129169,0.0,0.0,0.0,0.0,0.0,0.0,0.21789708815459635,0.0,0.0,0.0,0.0,0.0,0.0,0.0,0.0,0.0,0.0,0.0,0.0,0.0,0.0,0.0,0.0,0.0,0.0,0.0,0.0,0.0,0.0,0.0,0.0,0.0,0.0,0.0,0.0,0.0,0.0,0.0,0.0,0.0,0.0,0.45450865038447313,0.0,0.0,0.0,0.0,0.0,0.0,0.0,0.0,0.0,0.0,0.0,0.0,0.0,0.0,0.0,0.0,0.4212724759558647,0.0,0.0,0.35610812534596653,0.0,0.0,0.0,0.0,0.0,0.0,0.0,0.0,0.0,0.0,0.0,0.0,0.0,0.0,0.0,0.0,0.0,0.0,0.0,0.0,0.0,0.0,0.0,0.0,0.0,0.0,0.0,0.0,0.0,0.0,0.0,0.0,0.0,0.0,0.0,0.0,0.0,0.0,0.0,0.0,0.0,0.0,0.0,0.0,0.0,0.0,0.0,0.0,0.2722627737253675,0.0,0.0,0.0,0.0,0.0,0.0,0.0,0.0,0.0,0.0,0.0,0.0,0.0,0.0,0.0,0.0,0.0,0.0,0.0,0.0,0.0,0.0,0.0,0.0,0.0,0.0,0.0,0.0,0.0,0.0,0.0,0.0,0.0,0.0,0.0,0.0,0.0,0.0,0.0,0.0,0.0,0.0,0.0,0.0
0b94a7d15b14faeeb09254c70908120f5e5d1047859b3a063fec4e96cb50c657,0.0,0.0,0.0,0.0,0.0,0.0,0.0,0.0,0.0,0.0,0.23586344568830575,0.0,0.1536336903653292,0.0,0.0,0.0,0.0,0.0,0.0,0.0,0.0,0.22452623407203454,0.0,0.0,0.0,0.0,0.32294439628388977,0.0,0.0,0.0,0.0,0.0,0.0,0.0,0.0,0.0,0.0,0.0,0.0,0.0,0.0,0.0,0.0,0.0,0.2983531615014054,0.0,0.0,0.0,0.0,0.0,0.0,0.0,0.0,0.0,0.0,0.0,0.0,0.0,0.2963722141390469,0.0,0.0,0.0,0.0,0.0,0.2970284994562175,0.0,0.0,0.0,0.0,0.0,0.0,0.0,0.0,0.0,0.0,0.14605749283948585,0.0,0.0,0.0,0.13363123436933494,0.0,0.0,0.0,0.0,0.0,0.0,0.0,0.0,0.0,0.0,0.0,0.0,0.0,0.0,0.0,0.0,0.0,0.0,0.0,0.0,0.0,0.0,0.0,0.0,0.3504352142429125,0.0,0.0,0.0,0.0,0.0,0.0,0.0,0.0,0.0,0.0,0.0,0.0,0.1775496889034195,0.0,0.1730729751828371,0.0,0.0,0.0,0.0,0.24240839511906015,0.0,0.0,0.0,0.0,0.0,0.0,0.0,0.0,0.22024029161550537,0.0,0.0,0.0,0.0,0.0,0.0,0.0,0.0,0.2976887987758131,0.23736811955339804,0.0,0.1589969753763517,0.0,0.0,0.0,0.0,0.0,0.0,0.0,0.0,0.0,0.0,0.0,0.0,0.0,0.0,0.0
0b919795439bfca71282fc1c6991ed0df9fbcf742a5472762d7607ff4e6c929a,0.0,0.0,0.0,0.0,0.0,0.0,0.0,0.0,0.0,0.0,0.0,0.0,0.38899241935761364,0.0,0.0,0.0,0.0,0.0,0.0,0.0,0.0,0.0,0.0,0.0,0.0,0.0,0.0,0.0,0.0,0.0,0.0,0.0,0.0,0.0,0.0,0.0,0.0,0.0,0.0,0.0,0.0,0.0,0.0,0.0,0.0,0.0,0.0,0.0,0.0,0.0,0.0,0.0,0.0,0.0,0.0,0.0,0.0,0.0,0.0,0.0,0.0,0.0,0.0,0.0,0.0,0.0,0.0,0.0,0.0,0.0,0.0,0.0,0.0,0.0,0.0,0.3698098859035188,0.0,0.0,0.0,0.33834725336261706,0.0,0.0,0.0,0.0,0.0,0.0,0.0,0.0,0.0,0.0,0.0,0.0,0.0,0.0,0.0,0.0,0.0,0.0,0.0,0.0,0.0,0.0,0.0,0.0,0.0,0.0,0.0,0.0,0.0,0.0,0.0,0.0,0.0,0.0,0.0,0.0,0.48604667436998605,0.0,0.0,0.0,0.0,0.0,0.0,0.0,0.0,0.0,0.0,0.0,0.0,0.0,0.0,0.0,0.0,0.0,0.0,0.0,0.0,0.0,0.0,0.0,0.0,0.0,0.0,0.6010035877149044,0.0,0.0,0.0,0.0,0.0,0.0,0.0,0.0,0.0,0.0,0.0,0.0,0.0,0.0,0.0,0.0,0.0
0d1a8fa865a99957b63339c67aa5aabc66e0001bdb4bd5f0c727f40dff2ea576,0.0,0.22480625239584648,0.0,0.0,0.0,0.0,0.0,0.0,0.0,0.0,0.16118178446684658,0.2822530278443754,0.10498851271779966,0.0,0.0,0.0,0.0,0.0,0.0,0.0,0.0,0.1534342846630673,0.0,0.0,0.0,0.0,0.0,0.0,0.0,0.0,0.0,0.0,0.0,0.0,0.0,0.0,0.0,0.0,0.0,0.0,0.0,0.3034769367241193,0.0,0.18164380461307827,0.20388532369560852,0.0,0.0,0.0,0.0,0.0,0.0,0.0,0.0,0.0,0.0,0.29362558211764417,0.32353900159165605,0.0,0.0,0.0,0.0,0.0,0.0,0.0,0.0,0.0,0.0,0.0,0.0,0.0,0.0,0.0,0.0,0.0,0.0,0.09981117363023928,0.0,0.0,0.0,0.09131945288639834,0.0,0.0,0.0,0.0,0.0,0.0,0.0,0.0,0.0,0.0,0.0,0.0,0.0,0.0,0.0,0.0,0.0,0.0,0.0,0.1283486567283371,0.0,0.0,0.14098612317293968,0.0,0.0,0.0,0.16785681987177958,0.0,0.0,0.0,0.0,0.0,0.0,0.3052547473279575,0.0,0.0,0.1311833210986679,0.1213319664921927,0.1334269616322934,0.11827271878246393,0.14098612317293968,0.0,0.0,0.0,0.1656544004986176,0.0,0.19058640488958642,0.0,0.0,0.0,0.0,0.0,0.0,0.0,0.0,0.0,0.0,0.0,0.0,0.0,0.0,0.0,0.20343131875503062,0.0,0.0,0.10865361582929788,0.2242039995001898,0.0,0.0,0.0,0.0,0.0,0.0,0.0,0.15769174869044153,0.0,0.0,0.0,0.0,0.0,0.0
af56dead22b6e7c4b7da2ba58d1fd896a71fe52cd96a958abb856a2ae7bc17f7,0.0,0.0,0.0,0.0,0.0,0.0,0.0,0.0,0.0,0.0,0.0,0.0,0.1981529351327068,0.0,0.0,0.0,0.0,0.0,0.0,0.0,0.0,0.0,0.0,0.0,0.0,0.0,0.0,0.0,0.0,0.0,0.0,0.0,0.0,0.0,0.0,0.0,0.0,0.0,0.0,0.0,0.0,0.0,0.0,0.3428303925925708,0.0,0.0,0.0,0.4133245830847916,0.0,0.0,0.0,0.0,0.0,0.0,0.0,0.0,0.0,0.0,0.0,0.0,0.0,0.0,0.0,0.0,0.38310001436114366,0.0,0.0,0.3238403544513848,0.0,0.0,0.0,0.0,0.0,0.0,0.0,0.0,0.0,0.0,0.0,0.17235426196379405,0.0,0.0,0.0,0.0,0.0,0.0,0.0,0.0,0.0,0.0,0.0,0.0,0.0,0.0,0.0,0.0,0.0,0.0,0.0,0.0,0.0,0.0,0.0,0.0,0.0,0.0,0.0,0.0,0.0,0.0,0.0,0.0,0.0,0.0,0.0,0.0,0.2475924217159648,0.0,0.25182701791712836,0.22322524404040933,0.0,0.0,0.0,0.0,0.0,0.0,0.0,0.0,0.0,0.0,0.0,0.0,0.0,0.28406048253036215,0.0,0.0,0.0,0.0,0.0,0.0,0.0,0.0,0.0,0.3061515315071257,0.0,0.20507036752894894,0.0,0.0,0.0,0.0,0.0,0.0,0.0,0.0,0.0,0.0,0.0,0.0,0.0,0.0,0.0
0dc042f00f5f3740477d5f1167f160f9f1744dd191784ba2dac06f10a8139551,0.0,0.0,0.0,0.0,0.0,0.0,0.0,0.0,0.0,0.0,0.0,0.0,0.0,0.0,0.0,0.0,0.0,0.0,0.0,0.0,0.0,0.0,0.0,0.0,0.0,0.0,0.3831447121611091,0.0,0.0,0.0,0.0,0.0,0.0,0.0,0.0,0.0,0.0,0.0,0.0,0.0,0.0,0.0,0.3349047745890401,0.0,0.3539694061925279,0.0,0.0,0.0,0.0,0.0,0.0,0.0,0.0,0.0,0.0,0.0,0.0,0.0,0.3516191888929221,0.0,0.0,0.0,0.0,0.0,0.0,0.0,0.0,0.0,0.0,0.0,0.0,0.0,0.0,0.0,0.0,0.0,0.0,0.29436416914038976,0.0,0.15854153661537523,0.0,0.0,0.0,0.0,0.0,0.0,0.0,0.0,0.0,0.0,0.0,0.0,0.0,0.0,0.0,0.0,0.0,0.0,0.0,0.2228286812618511,0.0,0.0,0.2447688406224747,0.0,0.0,0.0,0.0,0.0,0.0,0.0,0.0,0.0,0.0,0.0,0.0,0.0,0.0,0.0,0.0,0.20533564298481347,0.0,0.0,0.0,0.0,0.0,0.0,0.0,0.0,0.0,0.0,0.0,0.0,0.0,0.2612954555282713,0.0,0.0,0.0,0.0,0.0,0.0,0.0,0.0,0.3531811990949697,0.0,0.0,0.18863572511568674,0.0,0.0,0.0,0.0,0.0,0.0,0.0,0.0,0.0,0.0,0.0,0.0,0.0,0.0,0.0
0e4886f231c7c1418fc0231131283c030d6afc8098bab28204b322bf642bda7c,0.0,0.0,0.0,0.0,0.0,0.0,0.30534877471567196,0.0,0.0,0.0,0.0,0.0,0.11463076053162305,0.0,0.0,0.0,0.29617042896160733,0.2246242361299131,0.0,0.0,0.0,0.0,0.0,0.0,0.0,0.302617964364577,0.0,0.0,0.0,0.0,0.0,0.0,0.0,0.0,0.0,0.0,0.0,0.0,0.0,0.0,0.0,0.0,0.0,0.0,0.0,0.0,0.0,0.0,0.0,0.2794448309106497,0.0,0.0,0.0,0.0,0.0,0.0,0.0,0.0,0.0,0.0,0.16652828889778123,0.30397179775573047,0.0,0.0,0.0,0.0,0.0,0.0,0.0,0.0,0.0,0.0,0.0,0.0,0.0,0.10897792955255797,0.0,0.0,0.0,0.0,0.0,0.0,0.0,0.0,0.0,0.0,0.0,0.0,0.2391067852398683,0.0,0.0,0.0,0.0,0.0,0.0,0.0,0.0,0.0,0.0,0.14013632304257911,0.0,0.0,0.15393442678018984,0.0,0.0,0.0,0.0,0.0,0.0,0.0,0.0,0.0,0.0,0.0,0.23043700709273485,0.26227991869379563,0.1432313257644133,0.13247521310433272,0.14568102444164263,0.12913500108929593,0.15393442678018984,0.0,0.0,0.0,0.0,0.0,0.0,0.0,0.0,0.0,0.0,0.0,0.2937292969778238,0.0,0.0,0.0,0.0,0.0,0.0,0.0,0.0,0.0,0.0,0.17710756023411714,0.0,0.11863247030178756,0.0,0.0,0.0,0.0,0.0,0.0,0.0,0.0,0.0,0.0,0.0,0.0,0.0,0.0,0.0
25114e6e448a0ccb8edd598018fc9bdaf2649d66f199577f0d781e7683660717,0.0,0.0,0.0,0.0,0.0,0.0,0.0,0.0,0.0,0.0,0.19826184438648453,0.0,0.1291412440908068,0.0,0.0,0.0,0.0,0.0,0.0,0.0,0.0,0.18873202310077247,0.0,0.0,0.0,0.0,0.0,0.0,0.0,0.0,0.0,0.0,0.0,0.0,0.0,0.0,0.0,0.0,0.0,0.0,0.0,0.0,0.23728198087383437,0.223431176439014,0.0,0.0,0.0,0.0,0.0,0.0,0.0,0.0,0.0,0.0,0.0,0.0,0.0,0.0,0.0,0.0,0.0,0.0,0.0,0.0,0.0,0.0,0.0,0.0,0.4406212921636373,0.0,0.44527604204242227,0.4100872014734663,0.0,0.0,0.0,0.12277285203019468,0.0,0.0,0.0,0.11232760089801622,0.0,0.0,0.0,0.0,0.0,0.0,0.0,0.0,0.0,0.0,0.0,0.0,0.0,0.0,0.0,0.0,0.0,0.0,0.0,0.0,0.0,0.0,0.0,0.0,0.0,0.0,0.0,0.0,0.0,0.0,0.0,0.0,0.0,0.0,0.0,0.0,0.16136219908345806,0.1492445287124193,0.0,0.1454814974531971,0.1734201473549052,0.0,0.0,0.0,0.20376339101983798,0.0,0.23443103247297095,0.0,0.0,0.0,0.0,0.0,0.0,0.0,0.0,0.0,0.0,0.0,0.0,0.0,0.0,0.0,0.0,0.0,0.0,0.1336495085026687,0.0,0.0,0.0,0.0,0.0,0.0,0.0,0.0,0.0,0.0,0.0,0.0,0.0,0.0,0.0
1af648b66de630a3356319ff862160ffd6af17ede24c6f3645f86d6bfd490168,0.0,0.0,0.0,0.0,0.0,0.0,0.0,0.0,0.0,0.0,0.0,0.418218137135708,0.0,0.0,0.0,0.0,0.0,0.0,0.0,0.0,0.0,0.0,0.0,0.0,0.0,0.0,0.0,0.0,0.0,0.0,0.0,0.0,0.0,0.0,0.0,0.0,0.0,0.0,0.0,0.0,0.0,0.0,0.28582869772360414,0.2691440873732967,0.0,0.0,0.0,0.0,0.0,0.0,0.0,0.0,0.0,0.0,0.0,0.0,0.0,0.0,0.0,0.0,0.0,0.0,0.0,0.0,0.0,0.0,0.0,0.0,0.0,0.0,0.0,0.0,0.0,0.0,0.46651675841598056,0.14789156885141702,0.0,0.2512288074278228,0.0,0.13530927112483984,0.0,0.0,0.0,0.0,0.0,0.0,0.0,0.0,0.0,0.0,0.0,0.0,0.0,0.0,0.0,0.0,0.0,0.0,0.0,0.0,0.0,0.0,0.0,0.0,0.0,0.0,0.0,0.0,0.0,0.0,0.0,0.0,0.0,0.452300096669711,0.0,0.0,0.0,0.0,0.1977005375768808,0.17524629053917593,0.0,0.0,0.0,0.0,0.0,0.0,0.0,0.0,0.0,0.0,0.0,0.0,0.0,0.22300589732227075,0.0,0.0,0.0,0.0,0.0,0.0,0.0,0.0,0.0,0.0,0.0,0.16099353531201935,0.0,0.0,0.0,0.0,0.0,0.0,0.0,0.0,0.0,0.0,0.0,0.0,0.0,0.0,0.0
1c8a8199bc8cee2c76b1274dd751f6e61009c6685a3a2ddf2c859dcc99473c66,0.0,0.0,0.0,0.0,0.0,0.0,0.0,0.0,0.0,0.0,0.2677964758446194,0.0,0.17443381584956844,0.0,0.0,0.0,0.0,0.0,0.0,0.0,0.0,0.25492434422675825,0.0,0.0,0.0,0.0,0.0,0.0,0.0,0.0,0.0,0.0,0.0,0.0,0.28556563752636865,0.0,0.0,0.0,0.0,0.0,0.0,0.0,0.0,0.30179322617188453,0.0,0.0,0.0,0.3638491863046436,0.0,0.0,0.0,0.0,0.0,0.0,0.0,0.0,0.0,0.0,0.0,0.0,0.0,0.0,0.0,0.0,0.0,0.0,0.0,0.0,0.0,0.0,0.0,0.0,0.0,0.0,0.0,0.16583189370006868,0.35318377733801626,0.28170469223720424,0.0,0.1517232715838704,0.0,0.0,0.0,0.0,0.0,0.0,0.0,0.0,0.0,0.0,0.0,0.0,0.0,0.0,0.0,0.0,0.0,0.0,0.0,0.0,0.0,0.0,0.23424226908515589,0.0,0.0,0.0,0.0,0.0,0.0,0.0,0.0,0.0,0.0,0.0,0.0,0.0,0.21795534275799214,0.0,0.0,0.0,0.0,0.0,0.0,0.0,0.2752275315006683,0.0,0.0,0.0,0.0,0.0,0.0,0.0,0.0,0.2500581375020074,0.0,0.0,0.0,0.0,0.0,0.0,0.0,0.0,0.0,0.0,0.0,0.18052322415406738,0.0,0.0,0.0,0.0,0.0,0.0,0.0,0.0,0.0,0.0,0.0,0.0,0.0,0.0,0.0
1c55d4144572be0ee5f5f95d9ce655549a7d0f55c74d576f649a85c323b31a63,0.0,0.0,0.34056820450297737,0.0,0.3757647499009645,0.0,0.0,0.0,0.0,0.0,0.0,0.0,0.0,0.0,0.0,0.0,0.0,0.0,0.0,0.0,0.0,0.0,0.0,0.0,0.0,0.0,0.0,0.0,0.0,0.0,0.0,0.0,0.0,0.0,0.0,0.0,0.0,0.0,0.0,0.0,0.0,0.0,0.24815300638912824,0.0,0.0,0.0,0.0,0.0,0.0,0.0,0.0,0.0,0.0,0.0,0.0,0.0,0.0,0.0,0.0,0.0,0.0,0.0,0.0,0.0,0.0,0.0,0.0,0.0,0.0,0.0,0.0,0.0,0.0,0.0,0.0,0.0,0.0,0.0,0.0,0.0,0.0,0.0,0.0,0.0,0.0,0.0,0.0,0.0,0.0,0.0,0.0,0.0,0.0,0.0,0.0,0.0,0.0,0.0,0.0,0.16510844681956566,0.0,0.0,0.18136535600420256,0.0,0.0,0.0,0.0,0.0,0.0,0.6135524798050908,0.0,0.0,0.0,0.0,0.0,0.0,0.1687549752941932,0.0,0.0,0.0,0.0,0.0,0.29646495061645384,0.0,0.0,0.0,0.0,0.0,0.0,0.0,0.0,0.0,0.0,0.0,0.0,0.0,0.0,0.0,0.0,0.0,0.0,0.0,0.0,0.0,0.0,0.0,0.0,0.0,0.0,0.0,0.0,0.0,0.0,0.0,0.0,0.0,0.0,0.35813920555879386,0.0,0.0,0.0
1cb6f41ae09b700eb04f034abd2fb8c727383d671ba11f14309dd2b49d32d54c,0.0,0.0,0.0,0.0,0.0,0.0,0.0,0.0,0.0,0.0,0.2738603672405364,0.0,0.17838363524786738,0.0,0.0,0.0,0.0,0.0,0.0,0.0,0.0,0.2606967634966196,0.0,0.0,0.0,0.0,0.0,0.0,0.0,0.0,0.0,0.0,0.0,0.0,0.0,0.0,0.0,0.0,0.0,0.0,0.0,0.0,0.32775913400158013,0.3086269283024217,0.0,0.0,0.0,0.0,0.0,0.0,0.0,0.0,0.0,0.0,0.0,0.0,0.0,0.0,0.0,0.0,0.0,0.0,0.0,0.0,0.0,0.0,0.0,0.0,0.0,0.0,0.0,0.0,0.0,0.0,0.0,0.16958693412845702,0.36118114945362284,0.28808351650686254,0.0,0.15515884122016252,0.0,0.0,0.0,0.0,0.0,0.0,0.0,0.0,0.0,0.0,0.0,0.0,0.0,0.0,0.0,0.0,0.0,0.0,0.0,0.0,0.0,0.0,0.0,0.0,0.0,0.0,0.0,0.0,0.0,0.0,0.0,0.0,0.0,0.0,0.0,0.0,0.22289064865952007,0.2061524322458597,0.0,0.0,0.0,0.0,0.0,0.0,0.28145968916787656,0.0,0.0,0.0,0.0,0.0,0.0,0.0,0.0,0.25572036805860837,0.0,0.0,0.0,0.0,0.0,0.0,0.0,0.0,0.3456456065848969,0.0,0.0,0.0,0.0,0.0,0.0,0.0,0.0,0.0,0.0,0.0,0.0,0.0,0.0,0.0,0.0,0.0,0.0
01ce496e53ddf9dacd4f7781f7162d20f4dcaf5095a3c42a4325039fe0d146d0,0.0,0.0,0.0,0.0,0.0,0.0,0.0,0.0,0.0,0.0,0.0,0.0,0.0,0.0,0.0,0.0,0.0,0.0,0.0,0.0,0.0,0.0,0.0,0.0,0.0,0.0,0.3831447121611091,0.0,0.0,0.0,0.0,0.0,0.0,0.0,0.0,0.0,0.0,0.0,0.0,0.0,0.0,0.0,0.3349047745890401,0.0,0.3539694061925279,0.0,0.0,0.0,0.0,0.0,0.0,0.0,0.0,0.0,0.0,0.0,0.0,0.0,0.3516191888929221,0.0,0.0,0.0,0.0,0.0,0.0,0.0,0.0,0.0,0.0,0.0,0.0,0.0,0.0,0.0,0.0,0.0,0.0,0.29436416914038976,0.0,0.15854153661537523,0.0,0.0,0.0,0.0,0.0,0.0,0.0,0.0,0.0,0.0,0.0,0.0,0.0,0.0,0.0,0.0,0.0,0.0,0.0,0.2228286812618511,0.0,0.0,0.2447688406224747,0.0,0.0,0.0,0.0,0.0,0.0,0.0,0.0,0.0,0.0,0.0,0.0,0.0,0.0,0.0,0.0,0.20533564298481347,0.0,0.0,0.0,0.0,0.0,0.0,0.0,0.0,0.0,0.0,0.0,0.0,0.0,0.2612954555282713,0.0,0.0,0.0,0.0,0.0,0.0,0.0,0.0,0.3531811990949697,0.0,0.0,0.18863572511568674,0.0,0.0,0.0,0.0,0.0,0.0,0.0,0.0,0.0,0.0,0.0,0.0,0.0,0.0,0.0
2d4454d610ae48bf9ffbb7bafcf80140a286898a7ffda39113da1820575a892f,0.0,0.0,0.0,0.0,0.0,0.0,0.0,0.0,0.0,0.0,0.24144329736574385,0.0,0.15726822221232362,0.0,0.0,0.0,0.0,0.0,0.0,0.0,0.0,0.22983787988539772,0.0,0.0,0.0,0.0,0.3305843331383069,0.0,0.0,0.0,0.0,0.0,0.0,0.0,0.0,0.0,0.0,0.0,0.0,0.0,0.0,0.0,0.28896202416020395,0.0,0.3054113403718717,0.0,0.0,0.0,0.0,0.0,0.0,0.0,0.0,0.0,0.0,0.0,0.0,0.0,0.3033835294846015,0.0,0.0,0.0,0.0,0.0,0.0,0.0,0.0,0.0,0.0,0.0,0.0,0.0,0.0,0.0,0.0,0.1495127936133913,0.0,0.2539828411207945,0.0,0.13679256555856562,0.0,0.0,0.0,0.0,0.0,0.0,0.0,0.0,0.0,0.0,0.0,0.0,0.0,0.0,0.0,0.0,0.0,0.0,0.0,0.0,0.0,0.0,0.0,0.0,0.35872550489104765,0.0,0.0,0.0,0.0,0.0,0.0,0.0,0.0,0.0,0.0,0.0,0.0,0.0,0.0,0.17716738467505388,0.0,0.0,0.0,0.0,0.24814308150161063,0.0,0.28549013886298946,0.0,0.0,0.0,0.0,0.0,0.0,0.22545054434044112,0.0,0.0,0.0,0.0,0.0,0.0,0.0,0.0,0.0,0.0,0.0,0.162758387142267,0.0,0.0,0.0,0.0,0.0,0.0,0.0,0.0,0.0,0.0,0.0,0.0,0.0,0.0,0.0
1df11bc19aa52b623bdf15380e3fded56d8eb6fb7b53a2240779864b1a6474ad,0.0,0.0,0.0,0.0,0.0,0.0,0.0,0.0,0.0,0.0,0.0,0.0,0.4131289676892662,0.0,0.0,0.0,0.0,0.0,0.0,0.0,0.0,0.0,0.0,0.0,0.0,0.0,0.0,0.0,0.0,0.0,0.0,0.0,0.0,0.0,0.0,0.0,0.0,0.0,0.0,0.0,0.0,0.0,0.0,0.0,0.0,0.0,0.0,0.0,0.0,0.0,0.0,0.0,0.0,0.0,0.0,0.0,0.0,0.0,0.0,0.0,0.0,0.0,0.0,0.0,0.0,0.0,0.0,0.0,0.0,0.0,0.0,0.0,0.0,0.0,0.0,0.0,0.0,0.0,0.0,0.0,0.0,0.0,0.0,0.0,0.0,0.0,0.0,0.0,0.0,0.0,0.0,0.0,0.0,0.0,0.0,0.0,0.0,0.0,0.0,0.5050509497263519,0.0,0.0,0.5547792802961902,0.0,0.0,0.0,0.0,0.0,0.0,0.0,0.0,0.0,0.0,0.0,0.0,0.0,0.5162053316177125,0.0,0.0,0.0,0.0,0.0,0.0,0.0,0.0,0.0,0.0,0.0,0.0,0.0,0.0,0.0,0.0,0.0,0.0,0.0,0.0,0.0,0.0,0.0,0.0,0.0,0.0,0.0,0.0,0.0,0.0,0.0,0.0,0.0,0.0,0.0,0.0,0.0,0.0,0.0,0.0,0.0,0.0,0.0,0.0
d4b90392cc143ffe8cc6ec13a76f46280ebd1568c4426c5f7779abdc8f1804f6,0.0,0.0,0.0,0.0,0.0,0.0,0.0,0.0,0.0,0.0,0.0,0.0,0.2760661219110541,0.0,0.0,0.0,0.0,0.0,0.0,0.0,0.0,0.0,0.0,0.0,0.0,0.0,0.0,0.0,0.0,0.0,0.0,0.0,0.0,0.0,0.0,0.0,0.0,0.0,0.0,0.0,0.0,0.0,0.0,0.0,0.0,0.0,0.0,0.0,0.0,0.0,0.0,0.0,0.0,0.0,0.0,0.0,0.0,0.0,0.0,0.0,0.0,0.0,0.0,0.0,0.0,0.0,0.0,0.45117348734613083,0.0,0.0,0.0,0.0,0.0,0.0,0.0,0.0,0.0,0.0,0.0,0.24012348171032893,0.0,0.0,0.0,0.0,0.0,0.0,0.0,0.0,0.0,0.0,0.0,0.0,0.0,0.0,0.0,0.0,0.0,0.0,0.0,0.0,0.0,0.0,0.0,0.0,0.0,0.0,0.0,0.0,0.0,0.0,0.0,0.0,0.0,0.0,0.0,0.0,0.0,0.0,0.35084470579377325,0.3109967934293431,0.0,0.0,0.0,0.0,0.0,0.0,0.0,0.0,0.0,0.0,0.0,0.0,0.0,0.39575227966126664,0.0,0.0,0.0,0.0,0.0,0.0,0.0,0.0,0.5349203811935835,0.0,0.0,0.0,0.0,0.0,0.0,0.0,0.0,0.0,0.0,0.0,0.0,0.0,0.0,0.0,0.0,0.0,0.0
cf2378fb5bcedd02d512f65f2c1ad71ff2ad5d1aeb7dcba90e1193b91a78115e,0.0,0.0,0.0,0.0,0.0,0.0,0.0,0.0,0.0,0.0,0.0,0.0,0.0,0.0,0.0,0.0,0.0,0.0,0.0,0.0,0.0,0.0,0.0,0.0,0.0,0.0,0.3831447121611091,0.0,0.0,0.0,0.0,0.0,0.0,0.0,0.0,0.0,0.0,0.0,0.0,0.0,0.0,0.0,0.3349047745890401,0.0,0.3539694061925279,0.0,0.0,0.0,0.0,0.0,0.0,0.0,0.0,0.0,0.0,0.0,0.0,0.0,0.3516191888929221,0.0,0.0,0.0,0.0,0.0,0.0,0.0,0.0,0.0,0.0,0.0,0.0,0.0,0.0,0.0,0.0,0.0,0.0,0.29436416914038976,0.0,0.15854153661537523,0.0,0.0,0.0,0.0,0.0,0.0,0.0,0.0,0.0,0.0,0.0,0.0,0.0,0.0,0.0,0.0,0.0,0.0,0.0,0.2228286812618511,0.0,0.0,0.2447688406224747,0.0,0.0,0.0,0.0,0.0,0.0,0.0,0.0,0.0,0.0,0.0,0.0,0.0,0.0,0.0,0.0,0.20533564298481347,0.0,0.0,0.0,0.0,0.0,0.0,0.0,0.0,0.0,0.0,0.0,0.0,0.0,0.2612954555282713,0.0,0.0,0.0,0.0,0.0,0.0,0.0,0.0,0.3531811990949697,0.0,0.0,0.18863572511568674,0.0,0.0,0.0,0.0,0.0,0.0,0.0,0.0,0.0,0.0,0.0,0.0,0.0,0.0,0.0
b5466ce462df16b3a29f22192b1291d70479cacf35bd5e937f35b2567da948fe,0.0,0.2588175866636737,0.0,0.0,0.0,0.0,0.0,0.0,0.0,0.0,0.0,0.0,0.12087240990603057,0.0,0.0,0.0,0.0,0.0,0.0,0.0,0.34166360885094166,0.0,0.0,0.0,0.0,0.0,0.0,0.0,0.0,0.0,0.0,0.0,0.0,0.0,0.0,0.0,0.0,0.0,0.0,0.0,0.0,0.0,0.0,0.0,0.0,0.0,0.0,0.2521261590064526,0.0,0.0,0.0,0.0,0.0,0.0,0.0,0.0,0.0,0.0,0.0,0.0,0.0,0.0,0.0,0.0,0.0,0.0,0.0,0.0,0.0,0.0,0.0,0.0,0.0,0.0,0.0,0.0,0.0,0.0,0.0,0.10513533391361028,0.0,0.0,0.0,0.0,0.0,0.0,0.0,0.0,0.0,0.0,0.0,0.0,0.0,0.0,0.0,0.0,0.0,0.0,0.0,0.14776675128883668,0.0,0.0,0.0,0.0,0.0,0.0,0.0,0.0,0.0,0.0,0.0,0.0,0.0,0.0,0.0,0.0,0.0,0.13968849361614658,0.0,0.13616640692683082,0.0,0.37518443328675455,0.26532659877463943,0.0,0.0,0.0,0.0,0.0,0.0,0.0,0.5735446537810572,0.0,0.0,0.0,0.0,0.0,0.0,0.0,0.0,0.0,0.0,0.0,0.0,0.0,0.0,0.125092012928998,0.0,0.280064132147531,0.0,0.0,0.0,0.0,0.0,0.0,0.18154921136699076,0.0,0.0,0.0,0.0,0.0,0.0
1e899e9715679dacd49bcc56039ca51d3dad675c5d3525148bc94d1864304178,0.0,0.0,0.0,0.0,0.0,0.0,0.0,0.0,0.0,0.0,0.24577846196246808,0.0,0.16009200583590397,0.0,0.0,0.0,0.0,0.0,0.0,0.0,0.0,0.23396466679866615,0.0,0.0,0.0,0.0,0.0,0.0,0.0,0.0,0.0,0.0,0.0,0.0,0.0,0.0,0.0,0.0,0.0,0.0,0.0,0.0,0.0,0.2769800264371454,0.0,0.0,0.0,0.33393379473797724,0.0,0.0,0.0,0.0,0.0,0.0,0.0,0.0,0.0,0.0,0.0,0.0,0.0,0.0,0.0,0.0,0.0,0.0,0.0,0.0,0.0,0.0,0.0,0.0,0.0,0.0,0.48009906270097724,0.15219732690423787,0.32414528723894903,0.258543155832428,0.0,0.13924870451033886,0.0,0.0,0.0,0.0,0.0,0.0,0.0,0.0,0.0,0.0,0.0,0.0,0.0,0.0,0.0,0.0,0.0,0.0,0.0,0.0,0.0,0.0,0.0,0.0,0.3651664959051405,0.0,0.0,0.0,0.0,0.0,0.0,0.0,0.0,0.0,0.0,0.0,0.2000352273143559,0.0,0.0,0.0,0.0,0.0,0.0,0.0,0.0,0.0,0.0,0.0,0.0,0.0,0.0,0.0,0.0,0.22949855573193711,0.0,0.0,0.0,0.0,0.0,0.0,0.0,0.0,0.0,0.0,0.0,0.0,0.0,0.0,0.0,0.0,0.0,0.0,0.0,0.0,0.0,0.0,0.0,0.0,0.0,0.0,0.0
1f80be7f5556f97ce097e588b184ac44c66b72b05a96d833929818774bbaaaa2,0.0,0.0,0.0,0.0,0.0,0.0,0.0,0.0,0.0,0.0,0.0,0.0,0.1071093916634498,0.0,0.0,0.0,0.0,0.20988576864675748,0.0,0.0,0.0,0.0,0.0,0.36931072115068536,0.0,0.0,0.0,0.0,0.0,0.4344155443463052,0.0,0.0,0.0,0.0,0.0,0.0,0.0,0.0,0.0,0.0,0.0,0.0,0.19680102048748932,0.18531320149126027,0.0,0.0,0.0,0.22341806152965607,0.0,0.0,0.0,0.0,0.0,0.0,0.0,0.0,0.0,0.0,0.0,0.0,0.0,0.0,0.0,0.0,0.0,0.0,0.0,0.0,0.0,0.0,0.0,0.0,0.0,0.0,0.0,0.10182746485308956,0.21686907066631037,0.172978032196966,0.0,0.09316420237318877,0.0,0.0,0.0,0.0,0.0,0.0,0.0,0.0,0.0,0.0,0.0,0.0,0.0,0.0,0.0,0.0,0.0,0.0,0.0,0.13094143527820845,0.0,0.0,0.14383419190470703,0.0,0.0,0.0,0.0,0.0,0.0,0.0,0.0,0.0,0.0,0.0,0.0,0.0,0.13383336286548925,0.0,0.0,0.12066195273403699,0.14383419190470703,0.0,0.0,0.0,0.16900079451046693,0.0,0.0,0.0,0.2964846245327404,0.0,0.0,0.0,0.0,0.0,0.0,0.0,0.0,0.0,0.0,0.0,0.0,0.0,0.20754084645158058,0.0,0.0,0.0,0.0,0.0,0.387102738715522,0.0,0.0,0.0,0.0,0.0,0.0,0.0,0.0,0.0,0.0,0.0,0.0
1ffd6559d21470c40dcf9236da51e5823d7ad58c93502279871c3fe7718c901c,0.0,0.0,0.0,0.0,0.0,0.0,0.0,0.0,0.0,0.0,0.2426645145178889,0.0,0.15806368289625436,0.0,0.0,0.0,0.0,0.0,0.0,0.0,0.0,0.23100039698233546,0.0,0.0,0.0,0.0,0.0,0.0,0.0,0.0,0.0,0.0,0.0,0.0,0.0,0.0,0.0,0.0,0.0,0.0,0.0,0.0,0.0,0.2734707635072833,0.0,0.0,0.0,0.0,0.0,0.0,0.0,0.0,0.0,0.0,0.0,0.0,0.0,0.0,0.304918039549396,0.0,0.0,0.0,0.0,0.0,0.0,0.0,0.0,0.25832268929417135,0.0,0.0,0.0,0.0,0.0,0.0,0.0,0.15026902743730736,0.0,0.0,0.0,0.13748446062945258,0.0,0.0,0.0,0.0,0.0,0.0,0.0,0.0,0.0,0.0,0.0,0.0,0.0,0.0,0.0,0.0,0.0,0.0,0.0,0.0,0.0,0.0,0.0,0.0,0.0,0.0,0.0,0.0,0.0,0.0,0.0,0.0,0.0,0.0,0.0,0.0,0.0,0.0,0.2008787095588787,0.17806349507168298,0.2122592776019167,0.0,0.0,0.0,0.0,0.0,0.0,0.0,0.0,0.0,0.0,0.0,0.0,0.22659087034954098,0.0,0.0,0.0,0.49803257467370105,0.0,0.0,0.0,0.0,0.0,0.0,0.0,0.0,0.33754654641432746,0.0,0.0,0.0,0.0,0.0,0.0,0.0,0.23741015007383726,0.0,0.0,0.0,0.0,0.0,0.0
3d7cf20ca6476e14e0a026f9bdd8ff1f26995cdc5854c3adb41a6135ef11ba83,0.0,0.0,0.0,0.0,0.0,0.6206115018138549,0.0,0.0,0.0,0.0,0.3424504229745269,0.0,0.22306094144944905,0.0,0.0,0.0,0.0,0.0,0.0,0.0,0.0,0.0,0.0,0.0,0.0,0.0,0.0,0.0,0.0,0.0,0.0,0.0,0.0,0.0,0.3651731153274631,0.0,0.0,0.0,0.0,0.0,0.0,0.0,0.0,0.0,0.0,0.0,0.0,0.0,0.0,0.0,0.0,0.0,0.0,0.0,0.0,0.0,0.0,0.0,0.0,0.0,0.0,0.0,0.0,0.0,0.0,0.0,0.0,0.0,0.0,0.0,0.0,0.0,0.0,0.0,0.0,0.0,0.0,0.0,0.0,0.0,0.0,0.0,0.0,0.0,0.0,0.0,0.0,0.0,0.0,0.0,0.0,0.0,0.0,0.0,0.0,0.0,0.0,0.0,0.0,0.2726924256994566,0.0,0.0,0.0,0.0,0.0,0.0,0.0,0.0,0.0,0.0,0.0,0.0,0.0,0.0,0.0,0.0,0.0,0.0,0.0,0.0,0.0,0.0,0.0,0.0,0.0,0.0,0.0,0.0,0.0,0.0,0.0,0.0,0.0,0.0,0.0,0.0,0.0,0.0,0.0,0.0,0.0,0.0,0.43221472813669853,0.0,0.0,0.23084790146437545,0.0,0.0,0.0,0.0,0.0,0.0,0.0,0.0,0.0,0.0,0.0,0.0,0.0,0.0,0.0
3d87eae0bb5ada94d67ea6faa486c6c3531dae62fc06f24877609c9dbba25ee2,0.0,0.0,0.0,0.0,0.0,0.0,0.0,0.0,0.0,0.0,0.0,0.3571042021940839,0.13283060011779568,0.44865504254961525,0.0,0.0,0.0,0.0,0.0,0.0,0.0,0.0,0.0,0.45799685684445274,0.0,0.0,0.0,0.0,0.0,0.0,0.0,0.0,0.0,0.0,0.2174570040843506,0.0,0.0,0.0,0.0,0.0,0.0,0.0,0.0,0.0,0.0,0.0,0.0,0.0,0.0,0.0,0.0,0.0,0.0,0.0,0.0,0.0,0.0,0.0,0.0,0.0,0.0,0.0,0.0,0.0,0.0,0.0,0.0,0.0,0.0,0.0,0.0,0.0,0.0,0.0,0.0,0.12628027341812645,0.0,0.0,0.0,0.11553661839113326,0.0,0.0,0.0,0.0,0.0,0.0,0.0,0.0,0.27706958959664946,0.0,0.0,0.0,0.0,0.0,0.0,0.0,0.0,0.0,0.0,0.1623856615948381,0.0,0.0,0.1783744798793405,0.0,0.0,0.0,0.21237106365497718,0.0,0.0,0.0,0.0,0.0,0.0,0.0,0.0,0.0,0.16597205556972613,0.15350820299693455,0.16881069106246,0.14963766803389023,0.0,0.0,0.0,0.0,0.0,0.0,0.0,0.0,0.0,0.0,0.0,0.0,0.0,0.0,0.0,0.0,0.0,0.0,0.0,0.0,0.0,0.0,0.25737962614650917,0.0,0.0,0.13746765833675043,0.0,0.0,0.0,0.0,0.0,0.0,0.0,0.0,0.0,0.0,0.0,0.0,0.0,0.0,0.0
3d94c4a92382c5c45062d8ea0517be4011be8ba42e9c9a614a99327d0ebdf05b,0.0,0.0,0.0,0.0,0.0,0.0,0.0,0.0,0.0,0.0,0.0,0.0,0.33964455326167803,0.0,0.0,0.0,0.0,0.0,0.0,0.0,0.0,0.0,0.0,0.0,0.0,0.0,0.0,0.0,0.0,0.0,0.0,0.0,0.0,0.0,0.0,0.0,0.0,0.0,0.0,0.0,0.0,0.0,0.6240572712329677,0.0,0.0,0.0,0.0,0.0,0.0,0.0,0.0,0.0,0.0,0.0,0.0,0.0,0.0,0.0,0.0,0.0,0.0,0.0,0.0,0.0,0.0,0.0,0.0,0.0,0.0,0.0,0.0,0.0,0.0,0.0,0.0,0.32289553019279005,0.0,0.0,0.0,0.2954242704920532,0.0,0.0,0.0,0.0,0.0,0.0,0.0,0.0,0.0,0.0,0.0,0.0,0.0,0.0,0.0,0.0,0.0,0.0,0.0,0.0,0.0,0.0,0.0,0.0,0.0,0.0,0.0,0.0,0.0,0.0,0.0,0.0,0.0,0.0,0.0,0.0,0.4243864336825336,0.0,0.0,0.0,0.0,0.0,0.0,0.0,0.0,0.0,0.0,0.0,0.0,0.0,0.0,0.0,0.0,0.0,0.0,0.0,0.0,0.0,0.0,0.0,0.0,0.0,0.0,0.0,0.0,0.35150139623181137,0.0,0.0,0.0,0.0,0.0,0.0,0.0,0.0,0.0,0.0,0.0,0.0,0.0,0.0,0.0
aa8b65b91dabd75e184fef4367d05df97aae8da466c1896b2ca60f601a8b9681,0.0,0.22480625239584648,0.0,0.0,0.0,0.0,0.0,0.0,0.0,0.0,0.16118178446684658,0.2822530278443754,0.10498851271779966,0.0,0.0,0.0,0.0,0.0,0.0,0.0,0.0,0.1534342846630673,0.0,0.0,0.0,0.0,0.0,0.0,0.0,0.0,0.0,0.0,0.0,0.0,0.0,0.0,0.0,0.0,0.0,0.0,0.0,0.3034769367241193,0.0,0.18164380461307827,0.20388532369560852,0.0,0.0,0.0,0.0,0.0,0.0,0.0,0.0,0.0,0.0,0.29362558211764417,0.32353900159165605,0.0,0.0,0.0,0.0,0.0,0.0,0.0,0.0,0.0,0.0,0.0,0.0,0.0,0.0,0.0,0.0,0.0,0.0,0.09981117363023928,0.0,0.0,0.0,0.09131945288639834,0.0,0.0,0.0,0.0,0.0,0.0,0.0,0.0,0.0,0.0,0.0,0.0,0.0,0.0,0.0,0.0,0.0,0.0,0.0,0.1283486567283371,0.0,0.0,0.14098612317293968,0.0,0.0,0.0,0.16785681987177958,0.0,0.0,0.0,0.0,0.0,0.0,0.3052547473279575,0.0,0.0,0.1311833210986679,0.1213319664921927,0.1334269616322934,0.11827271878246393,0.14098612317293968,0.0,0.0,0.0,0.1656544004986176,0.0,0.19058640488958642,0.0,0.0,0.0,0.0,0.0,0.0,0.0,0.0,0.0,0.0,0.0,0.0,0.0,0.0,0.0,0.20343131875503062,0.0,0.0,0.10865361582929788,0.2242039995001898,0.0,0.0,0.0,0.0,0.0,0.0,0.0,0.15769174869044153,0.0,0.0,0.0,0.0,0.0,0.0
3f1f90e9c92d2bfafb6702b4b5019ffd7a8f11618c1fa2e3939ab84dc6fffb4d,0.0,0.22480625239584648,0.0,0.0,0.0,0.0,0.0,0.0,0.0,0.0,0.16118178446684658,0.2822530278443754,0.10498851271779966,0.0,0.0,0.0,0.0,0.0,0.0,0.0,0.0,0.1534342846630673,0.0,0.0,0.0,0.0,0.0,0.0,0.0,0.0,0.0,0.0,0.0,0.0,0.0,0.0,0.0,0.0,0.0,0.0,0.0,0.3034769367241193,0.0,0.18164380461307827,0.20388532369560852,0.0,0.0,0.0,0.0,0.0,0.0,0.0,0.0,0.0,0.0,0.29362558211764417,0.32353900159165605,0.0,0.0,0.0,0.0,0.0,0.0,0.0,0.0,0.0,0.0,0.0,0.0,0.0,0.0,0.0,0.0,0.0,0.0,0.09981117363023928,0.0,0.0,0.0,0.09131945288639834,0.0,0.0,0.0,0.0,0.0,0.0,0.0,0.0,0.0,0.0,0.0,0.0,0.0,0.0,0.0,0.0,0.0,0.0,0.0,0.1283486567283371,0.0,0.0,0.14098612317293968,0.0,0.0,0.0,0.16785681987177958,0.0,0.0,0.0,0.0,0.0,0.0,0.3052547473279575,0.0,0.0,0.1311833210986679,0.1213319664921927,0.1334269616322934,0.11827271878246393,0.14098612317293968,0.0,0.0,0.0,0.1656544004986176,0.0,0.19058640488958642,0.0,0.0,0.0,0.0,0.0,0.0,0.0,0.0,0.0,0.0,0.0,0.0,0.0,0.0,0.0,0.20343131875503062,0.0,0.0,0.10865361582929788,0.2242039995001898,0.0,0.0,0.0,0.0,0.0,0.0,0.0,0.15769174869044153,0.0,0.0,0.0,0.0,0.0,0.0
9e6a8bc9feb9473a0200a3dddd620680e887f12e1eea7bc8241199ceff634823,0.0,0.0,0.0,0.0,0.0,0.0,0.0,0.0,0.0,0.0,0.21020296810847605,0.0,0.13691929930900668,0.0,0.0,0.0,0.0,0.0,0.0,0.0,0.0,0.2000991746831761,0.0,0.0,0.0,0.0,0.0,0.45371252818030605,0.0,0.0,0.0,0.0,0.0,0.0,0.22415061441159728,0.0,0.0,0.0,0.0,0.0,0.0,0.0,0.0,0.2368882252698896,0.0,0.0,0.0,0.2855981530894618,0.0,0.0,0.0,0.0,0.0,0.0,0.0,0.0,0.0,0.0,0.26412875846491246,0.0,0.0,0.0,0.0,0.0,0.26471364401677366,0.0,0.0,0.0,0.0,0.0,0.0,0.0,0.0,0.0,0.0,0.13016734500654598,0.0,0.0,0.0,0.11909298625932144,0.0,0.0,0.0,0.0,0.0,0.0,0.0,0.0,0.0,0.0,0.0,0.0,0.0,0.0,0.0,0.0,0.0,0.0,0.0,0.0,0.0,0.0,0.18386507911602673,0.0,0.0,0.0,0.21890812209958777,0.0,0.0,0.0,0.0,0.0,0.0,0.0,0.0,0.0,0.1710808920032721,0.15823338578524698,0.17400690440037128,0.0,0.18386507911602673,0.0,0.0,0.0,0.2160358677019236,0.0,0.0,0.0,0.0,0.0,0.0,0.0,0.0,0.0,0.0,0.0,0.0,0.0,0.0,0.0,0.0,0.0,0.0,0.0,0.0,0.0,0.29239250770563957,0.0,0.0,0.0,0.0,0.0,0.0,0.0,0.0,0.0,0.0,0.0,0.0,0.0,0.0
723e373934071cace27bebd6c8a8e3d72d96f84bf27e39b726cb28d731628ec5,0.0,0.0,0.0,0.0,0.0,0.0,0.0,0.0,0.0,0.0,0.17236373112086847,0.0,0.11227206496521262,0.0,0.0,0.0,0.0,0.0,0.0,0.0,0.0,0.1640787504237335,0.0,0.0,0.0,0.0,0.23600054228677544,0.0,0.0,0.0,0.0,0.0,0.0,0.0,0.0,0.0,0.0,0.0,0.0,0.0,0.0,0.0,0.0,0.19424529888202152,0.2180298178805033,0.0,0.0,0.0,0.0,0.0,0.0,0.0,0.0,0.0,0.0,0.0,0.0,0.0,0.21658218585115793,0.0,0.0,0.0,0.0,0.0,0.2170617844833973,0.0,0.0,0.18348567629832765,0.0,0.0,0.0,0.0,0.0,0.0,0.0,0.10673554925184196,0.0,0.18131557435592766,0.0,0.09765471746997295,0.0,0.0,0.0,0.0,0.0,0.0,0.0,0.0,0.0,0.0,0.0,0.0,0.0,0.0,0.0,0.0,0.0,0.0,0.0,0.0,0.0,0.0,0.0,0.0,0.0,0.0,0.0,0.0,0.0,0.0,0.0,0.4553543761129388,0.0,0.0,0.0,0.0,0.0,0.12974934182546016,0.14268342427858832,0.12647785955830432,0.1507670007919081,0.0,0.0,0.0,0.1771466337897841,0.0,0.20380828985324073,0.0,0.0,0.0,0.0,0.0,0.0,0.16094667952982755,0.0,0.0,0.0,0.35375074497826275,0.0,0.0,0.0,0.0,0.0,0.17346331313007093,0.0,0.11619143370362287,0.23975809682156013,0.0,0.0,0.0,0.0,0.0,0.0,0.0,0.0,0.0,0.0,0.0,0.0,0.0,0.0
2ee076dac5df5fe560093b56afe32431838e041e275b378b69198860cd290d11,0.0,0.0,0.0,0.0,0.0,0.32688643579245663,0.0,0.0,0.0,0.0,0.0,0.0,0.1174899206698725,0.0,0.0,0.0,0.0,0.0,0.0,0.0,0.0,0.0,0.0,0.0,0.0,0.0,0.0,0.0,0.0,0.0,0.0,0.0,0.0,0.0,0.0,0.0,0.0,0.0,0.0,0.0,0.0,0.0,0.0,0.20327286901880456,0.0,0.0,0.0,0.0,0.0,0.0,0.0,0.0,0.0,0.0,0.0,0.0,0.0,0.0,0.0,0.0,0.1706818951662843,0.0,0.0,0.0,0.0,0.0,0.0,0.0,0.0,0.0,0.0,0.0,0.0,0.0,0.0,0.11169609482233889,0.23788698182877083,0.18974223422265318,0.0,0.1021932304544409,0.0,0.0,0.0,0.0,0.0,0.0,0.0,0.0,0.0,0.0,0.0,0.0,0.0,0.0,0.0,0.0,0.0,0.0,0.0,0.0,0.0,0.0,0.15777391257713508,0.0,0.0,0.0,0.0,0.0,0.0,0.0,0.0,0.0,0.0,0.0,0.2361846467489796,0.26882179528184924,0.1468038511081779,0.0,0.0,0.0,0.0,0.0,0.0,0.0,0.18537954171721663,0.0,0.0,0.0,0.0,0.0,0.0,0.0,0.30105559485336963,0.0,0.0,0.0,0.0,0.0,0.4246188812805756,0.0,0.0,0.0,0.227654710820986,0.18152503835304062,0.0,0.12159144247135072,0.0,0.0,0.0,0.0,0.0,0.33767048067582145,0.0,0.0,0.0,0.0,0.0,0.0,0.0,0.0,0.0
4d810c1676246e483dcf7152c6281577fcfbea1b9a39035918efc8ef69132b45,0.0,0.0,0.0,0.0,0.0,0.0,0.0,0.0,0.0,0.0,0.0,0.0,0.0,0.0,0.0,0.0,0.0,0.3092461873084274,0.0,0.0,0.0,0.0,0.0,0.0,0.0,0.0,0.0,0.0,0.0,0.0,0.0,0.0,0.0,0.0,0.2583593481741443,0.0,0.0,0.0,0.0,0.0,0.0,0.0,0.2899670884622601,0.2730409088171208,0.0,0.0,0.0,0.0,0.0,0.0,0.0,0.0,0.0,0.0,0.0,0.0,0.0,0.0,0.0,0.0,0.0,0.0,0.0,0.0,0.0,0.0,0.0,0.0,0.0,0.0,0.0,0.0,0.0,0.0,0.0,0.15003282724756253,0.0,0.0,0.0,0.13726835584564281,0.0,0.0,0.0,0.0,0.0,0.0,0.0,0.0,0.3291846996075652,0.0,0.0,0.0,0.0,0.0,0.0,0.0,0.0,0.0,0.0,0.19292942004386227,0.0,0.0,0.0,0.0,0.0,0.0,0.0,0.0,0.0,0.0,0.0,0.0,0.0,0.0,0.0,0.0,0.19719039298216476,0.0,0.20056295860126175,0.1777836061814717,0.0,0.0,0.0,0.0,0.0,0.0,0.0,0.0,0.0,0.0,0.0,0.0,0.0,0.22623470376296123,0.0,0.0,0.0,0.0,0.0,0.0,0.0,0.0,0.0,0.0,0.0,0.1633244914435237,0.33701597428199614,0.36566149095809997,0.0,0.0,0.0,0.0,0.0,0.0,0.2370369772154571,0.0,0.0,0.0,0.0,0.0,0.0
241589089e32610bf1d0620cec1d1b6905b0426d3125e7047bb275d962f226cf,0.0,0.0,0.0,0.0,0.0,0.0,0.0,0.0,0.0,0.0,0.0,0.0,0.30273175753108233,0.0,0.0,0.0,0.0,0.5932167724641949,0.0,0.0,0.0,0.0,0.0,0.0,0.0,0.0,0.0,0.0,0.0,0.0,0.0,0.0,0.0,0.0,0.0,0.0,0.0,0.0,0.0,0.0,0.0,0.0,0.0,0.0,0.0,0.0,0.0,0.0,0.0,0.0,0.0,0.0,0.0,0.0,0.0,0.0,0.0,0.0,0.0,0.0,0.0,0.0,0.0,0.0,0.0,0.0,0.0,0.0,0.0,0.0,0.0,0.0,0.0,0.0,0.0,0.28780302941847047,0.0,0.0,0.0,0.0,0.0,0.0,0.0,0.0,0.0,0.0,0.0,0.0,0.0,0.0,0.0,0.0,0.0,0.0,0.0,0.0,0.0,0.0,0.0,0.0,0.0,0.0,0.40652996933446023,0.0,0.0,0.0,0.0,0.0,0.0,0.0,0.0,0.0,0.0,0.0,0.0,0.0,0.3782638340797362,0.0,0.0,0.0,0.40652996933446023,0.0,0.0,0.0,0.0,0.0,0.0,0.0,0.0,0.0,0.0,0.0,0.0,0.0,0.0,0.0,0.0,0.0,0.0,0.0,0.0,0.0,0.0,0.0,0.0,0.0,0.0,0.0,0.0,0.0,0.0,0.0,0.0,0.0,0.0,0.0,0.0,0.0,0.0,0.0,0.0
4f8830dd18dd4c4414a876206b03d02b244a9b62caeb9f7642bd78affa438130,0.0,0.0,0.0,0.0,0.0,0.0,0.0,0.0,0.0,0.0,0.0,0.0,0.0,0.0,0.0,0.0,0.0,0.0,0.0,0.0,0.0,0.0,0.0,0.0,0.0,0.0,0.0,0.0,0.0,0.0,0.0,0.0,0.0,0.0,0.0,0.0,0.0,0.0,0.0,0.0,0.0,0.0,0.0,0.0,0.0,0.0,0.0,0.5131587933731144,0.0,0.0,0.0,0.0,0.0,0.0,0.0,0.0,0.0,0.0,0.0,0.0,0.0,0.0,0.0,0.0,0.47563379764047936,0.0,0.0,0.4020605895142292,0.0,0.0,0.0,0.0,0.0,0.0,0.0,0.23388287696390472,0.0,0.0,0.0,0.0,0.0,0.0,0.0,0.0,0.0,0.0,0.0,0.0,0.0,0.0,0.0,0.0,0.0,0.0,0.0,0.0,0.0,0.0,0.0,0.30075343268963967,0.0,0.0,0.3303662195360113,0.0,0.0,0.0,0.0,0.0,0.0,0.0,0.0,0.0,0.0,0.0,0.0,0.0,0.30739576975518823,0.0,0.0,0.0,0.0,0.0,0.0,0.0,0.0,0.0,0.0,0.0,0.0,0.0,0.0,0.0,0.0,0.0,0.0,0.0,0.0,0.0,0.0,0.0,0.0,0.0,0.0,0.0,0.0,0.0,0.0,0.0,0.0,0.0,0.0,0.0,0.0,0.0,0.0,0.0,0.0,0.0,0.0,0.0,0.0
2f569e9b69fc4f9fa6bdf174136418488acf726271019cffc60cddfc03f7c47d,0.0,0.0,0.0,0.0,0.0,0.0,0.0,0.0,0.0,0.0,0.0,0.0,0.15487255656229196,0.0,0.0,0.0,0.0,0.0,0.0,0.0,0.43777001408494515,0.0,0.0,0.0,0.0,0.0,0.0,0.0,0.0,0.0,0.0,0.0,0.0,0.0,0.0,0.0,0.0,0.0,0.0,0.0,0.0,0.4476703958507347,0.2845602678123155,0.2679496992184695,0.0,0.0,0.0,0.0,0.0,0.0,0.0,0.0,0.0,0.0,0.0,0.0,0.0,0.0,0.0,0.0,0.0,0.0,0.0,0.0,0.0,0.0,0.0,0.0,0.0,0.0,0.0,0.0,0.0,0.0,0.0,0.14723526634907022,0.0,0.0,0.0,0.13470880543284916,0.0,0.0,0.0,0.0,0.0,0.0,0.0,0.0,0.0,0.0,0.0,0.0,0.0,0.0,0.0,0.0,0.0,0.0,0.0,0.18933199532298486,0.0,0.0,0.0,0.0,0.0,0.0,0.0,0.0,0.0,0.0,0.0,0.0,0.0,0.0,0.0,0.0,0.19351351677390013,0.0,0.19682319643745874,0.1744685952323974,0.0,0.0,0.0,0.0,0.0,0.0,0.2811412697178073,0.0,0.0,0.0,0.0,0.0,0.0,0.0,0.0,0.0,0.0,0.0,0.0,0.0,0.0,0.0,0.30008929172199467,0.0,0.0,0.1602790898510134,0.0,0.0,0.0,0.0,0.0,0.0,0.0,0.0,0.2326171086365588,0.0,0.0,0.0,0.0,0.0,0.0
8e39804f909ddfb3acb1f5765256ff6c7f73506eec614201aaaabffa823ef555,0.0,0.0,0.0,0.0,0.0,0.0,0.0,0.0,0.0,0.0,0.352601546097087,0.0,0.22967304915490797,0.0,0.0,0.0,0.0,0.0,0.0,0.0,0.0,0.3356531023369216,0.0,0.0,0.0,0.0,0.0,0.0,0.0,0.0,0.0,0.0,0.0,0.0,0.3759977982773033,0.0,0.0,0.0,0.0,0.0,0.0,0.0,0.0,0.0,0.0,0.0,0.0,0.0,0.0,0.0,0.0,0.0,0.0,0.0,0.0,0.0,0.0,0.0,0.0,0.0,0.0,0.0,0.0,0.0,0.44403959179653746,0.0,0.0,0.0,0.0,0.0,0.0,0.0,0.0,0.0,0.0,0.21834709335300925,0.0,0.0,0.0,0.19977059059739607,0.0,0.0,0.0,0.0,0.0,0.0,0.0,0.0,0.0,0.0,0.0,0.0,0.0,0.0,0.0,0.0,0.0,0.0,0.0,0.0,0.0,0.0,0.0,0.0,0.0,0.0,0.0,0.0,0.0,0.0,0.0,0.0,0.0,0.0,0.0,0.0,0.28697685656318794,0.2654260164550224,0.0,0.0,0.0,0.0,0.0,0.0,0.3623858485424136,0.0,0.0,0.0,0.0,0.0,0.0,0.0,0.0,0.0,0.0,0.0,0.0,0.0,0.0,0.0,0.0,0.0,0.0,0.0,0.0,0.0,0.0,0.0,0.0,0.0,0.0,0.0,0.0,0.0,0.0,0.0,0.0,0.0,0.0,0.0,0.0
8d5cb428742bb5595880a0bc104dfff1099a0a1deaab8c7260495bdc5550ae9c,0.0,0.0,0.0,0.0,0.0,0.0,0.0,0.0,0.0,0.0,0.0,0.0,0.2023130288930469,0.0,0.0,0.0,0.0,0.0,0.0,0.0,0.0,0.0,0.0,0.0,0.0,0.0,0.0,0.0,0.0,0.0,0.0,0.0,0.0,0.0,0.0,0.0,0.0,0.0,0.0,0.0,0.0,0.0,0.0,0.0,0.0,0.0,0.0,0.0,0.0,0.0,0.0,0.0,0.0,0.0,0.0,0.0,0.0,0.0,0.0,0.0,0.0,0.0,0.0,0.0,0.0,0.0,0.0,0.0,0.0,0.0,0.0,0.0,0.0,0.0,0.0,0.19233628834023858,0.0,0.0,0.0,0.1759727291304974,0.0,0.0,0.0,0.0,0.0,0.0,0.0,0.0,0.0,0.0,0.0,0.0,0.0,0.0,0.0,0.0,0.0,0.0,0.0,0.24732806308876748,0.0,0.0,0.27168048077482476,0.0,0.0,0.0,0.0,0.0,0.0,0.0,0.0,0.0,0.0,0.0,0.0,0.0,0.25279046578227277,0.0,0.0,0.22791171484267614,0.0,0.0,0.0,0.0,0.0,0.0,0.0,0.0,0.0,0.0,0.0,0.0,0.0,0.0,0.0,0.0,0.0,0.0,0.0,0.0,0.0,0.0,0.0,0.31257898651852073,0.0,0.20937568834499684,0.4320414591522104,0.46876390487389985,0.0,0.0,0.0,0.0,0.0,0.0,0.30387224738345653,0.0,0.0,0.0,0.0,0.0,0.0
76db21bf9e0085a6de539f60ad224b4e0dcbb1d74a69ab2efff33d1389d4fc8a,0.0,0.0,0.0,0.0,0.0,0.0,0.0,0.0,0.0,0.0,0.0,0.0,0.23492938006546582,0.0,0.0,0.0,0.0,0.0,0.0,0.0,0.0,0.0,0.0,0.0,0.0,0.0,0.0,0.0,0.0,0.0,0.0,0.0,0.0,0.0,0.0,0.0,0.0,0.0,0.0,0.0,0.0,0.0,0.0,0.0,0.0,0.0,0.0,0.0,0.0,0.0,0.0,0.0,0.0,0.0,0.0,0.0,0.0,0.0,0.0,0.0,0.0,0.0,0.0,0.0,0.45420194667648417,0.0,0.0,0.38394391514055837,0.0,0.0,0.0,0.0,0.0,0.0,0.0,0.22334421678671168,0.0,0.0,0.0,0.20434256947885923,0.0,0.0,0.0,0.0,0.0,0.0,0.0,0.0,0.0,0.0,0.0,0.0,0.0,0.0,0.0,0.0,0.0,0.0,0.0,0.28720161450874065,0.0,0.0,0.3154800621271844,0.0,0.0,0.0,0.0,0.0,0.0,0.0,0.0,0.0,0.0,0.0,0.0,0.0,0.29354465077029324,0.0,0.0,0.0,0.3154800621271844,0.0,0.0,0.0,0.0,0.0,0.0,0.0,0.0,0.0,0.0,0.0,0.0,0.0,0.0,0.0,0.0,0.0,0.0,0.0,0.0,0.0,0.0,0.36297211270119767,0.0,0.0,0.0,0.0,0.0,0.0,0.0,0.0,0.0,0.0,0.0,0.0,0.0,0.0,0.0,0.0,0.0
5381012741146f663e9aeffcdffa5db1da8f47c3a6cc7d3aa1143bc422d0c8db,0.0,0.0,0.0,0.0,0.0,0.0,0.3133564550987524,0.0,0.0,0.0,0.0,0.0,0.11763691797653632,0.0,0.0,0.0,0.3039374099696455,0.0,0.0,0.0,0.0,0.0,0.0,0.0,0.0,0.3105540300621269,0.0,0.0,0.0,0.0,0.0,0.0,0.0,0.0,0.0,0.0,0.0,0.0,0.0,0.0,0.0,0.0,0.0,0.0,0.0,0.0,0.0,0.0,0.0,0.28677318810717056,0.0,0.0,0.0,0.0,0.0,0.0,0.0,0.0,0.0,0.0,0.17089544351785924,0.3119433673294574,0.0,0.0,0.0,0.0,0.0,0.0,0.0,0.0,0.0,0.0,0.0,0.0,0.0,0.11183584319403016,0.0,0.0,0.0,0.0,0.0,0.0,0.0,0.0,0.0,0.0,0.0,0.0,0.24537728924110294,0.0,0.0,0.0,0.0,0.0,0.0,0.0,0.0,0.0,0.0,0.14381135624364563,0.0,0.0,0.15797131112909954,0.0,0.0,0.0,0.0,0.0,0.0,0.0,0.0,0.0,0.0,0.0,0.23648014875246634,0.2691581311960593,0.14698752448711747,0.13594933598629858,0.14950146578022228,0.13252152790917496,0.15797131112909954,0.0,0.0,0.0,0.0,0.0,0.0,0.0,0.0,0.0,0.0,0.0,0.30143226002896256,0.0,0.0,0.0,0.0,0.0,0.0,0.0,0.0,0.0,0.0,0.18175215308405587,0.0,0.12174357138976985,0.0,0.0,0.0,0.0,0.0,0.0,0.0,0.0,0.0,0.0,0.0,0.0,0.0,0.0,0.0
ac5a5556c63a939d8b7f819abed37f562e07a53d4cc774676a7145fff7b5145c,0.0,0.0,0.0,0.0,0.0,0.0,0.0,0.0,0.0,0.0,0.2385139172037793,0.0,0.15536012032967605,0.0,0.0,0.0,0.0,0.0,0.0,0.0,0.0,0.22704930578476998,0.0,0.0,0.0,0.0,0.0,0.5148202870516521,0.0,0.0,0.0,0.0,0.0,0.0,0.0,0.0,0.0,0.0,0.0,0.0,0.0,0.0,0.0,0.26879324805449484,0.0,0.0,0.0,0.3240636174289367,0.0,0.0,0.0,0.0,0.0,0.0,0.0,0.0,0.0,0.0,0.0,0.0,0.0,0.0,0.0,0.0,0.0,0.0,0.0,0.0,0.0,0.0,0.0,0.0,0.0,0.0,0.0,0.14769878669603417,0.3145644316641226,0.25090132134212945,0.0,0.13513289046207919,0.0,0.0,0.0,0.0,0.0,0.0,0.0,0.0,0.0,0.0,0.0,0.0,0.0,0.0,0.0,0.0,0.0,0.0,0.0,0.0,0.0,0.0,0.2086287394111158,0.0,0.0,0.0,0.0,0.0,0.0,0.0,0.0,0.0,0.0,0.0,0.0,0.0,0.19412272851142368,0.17954487044435904,0.0,0.0,0.0,0.0,0.0,0.0,0.24513241428404678,0.0,0.0,0.0,0.0,0.0,0.0,0.0,0.0,0.22271520084861265,0.0,0.0,0.0,0.0,0.0,0.0,0.0,0.0,0.0,0.0,0.0,0.0,0.0,0.0,0.0,0.0,0.0,0.0,0.0,0.0,0.0,0.0,0.0,0.0,0.0,0.0,0.0
04fdb3ba76452feea3b4bc18bcf9cd9f2255198d0d46447547e7a19942f563c2,0.0,0.0,0.0,0.0,0.0,0.0,0.0,0.0,0.0,0.0,0.0,0.0,0.16501944764175455,0.0,0.0,0.0,0.0,0.0,0.0,0.0,0.0,0.0,0.0,0.0,0.0,0.0,0.0,0.0,0.0,0.0,0.0,0.0,0.0,0.0,0.0,0.0,0.0,0.0,0.0,0.0,0.0,0.0,0.30320399725751856,0.2855051426946738,0.0,0.0,0.0,0.0,0.0,0.0,0.0,0.0,0.4742721408640669,0.0,0.0,0.0,0.0,0.0,0.0,0.0,0.0,0.0,0.0,0.0,0.0,0.0,0.0,0.2696904609557652,0.0,0.0,0.0,0.0,0.0,0.0,0.0,0.0,0.0,0.26650080710935103,0.0,0.1435346142560015,0.0,0.0,0.0,0.0,0.0,0.0,0.0,0.0,0.0,0.0,0.0,0.0,0.0,0.0,0.0,0.0,0.0,0.0,0.0,0.0,0.0,0.0,0.22159997859657724,0.0,0.0,0.0,0.0,0.0,0.0,0.0,0.0,0.0,0.0,0.0,0.0,0.0,0.2061920740386196,0.0,0.2097185962454892,0.18589937336317577,0.0,0.0,0.0,0.0,0.0,0.0,0.29956099432938493,0.0,0.0,0.0,0.0,0.0,0.0,0.2365622487126785,0.0,0.0,0.0,0.0,0.0,0.0,0.0,0.0,0.0,0.25495941601949146,0.0,0.17078020446507675,0.0,0.0,0.0,0.0,0.0,0.0,0.0,0.0,0.0,0.0,0.0,0.0,0.0,0.0,0.0
b45c9de845522095bbfa55166b519b2be36a08cea688491b9f339e862e79c3ba,0.0,0.0,0.0,0.0,0.0,0.0,0.0,0.0,0.0,0.0,0.12566081845881658,0.0,0.08185132383620079,0.0,0.0,0.0,0.0,0.0,0.0,0.0,0.23136478136610897,0.0,0.26878464987457035,0.0,0.0,0.0,0.0,0.0,0.0,0.0,0.0,0.0,0.0,0.0,0.0,0.0,0.0,0.0,0.3396539024349532,0.0,0.0,0.23659720841452359,0.1503922654124563,0.1416134535993287,0.0,0.0,0.0,0.0,0.0,0.0,0.0,0.0,0.23524380394623542,0.0,0.0,0.0,0.0,0.0,0.0,0.0,0.0,0.0,0.0,0.0,0.0,0.0,0.0,0.13376921066386557,0.0,0.0,0.0,0.0,0.0,0.0,0.0,0.07781495788248174,0.0,0.0,0.0,0.07119462803364421,0.0,0.3136570577695013,0.0,0.0,0.0,0.0,0.0,0.0,0.17073259236295732,0.0,0.0,0.0,0.0,0.0,0.0,0.0,0.0,0.0,0.0,0.0,0.0,0.0,0.1099158424622803,0.0,0.0,0.0,0.0,0.0,0.0,0.0,0.0,0.0,0.0,0.0,0.0,0.0,0.10227336514440352,0.0,0.10402255601429829,0.09220797928695766,0.0,0.0,0.0,0.0,0.0,0.0,0.14858529892051753,0.0,0.0,0.0,0.0,0.0,0.0,0.11733728056608737,0.0,0.3485201926467991,0.0,0.2579000109553942,0.0,0.0,0.0,0.0,0.0,0.12646246260019386,0.0,0.08470871779203923,0.1747943055235809,0.18965138523450906,0.0,0.0,0.0,0.23524380394623542,0.0,0.0,0.12293991079816328,0.0,0.0,0.0,0.0,0.0,0.0
533a0d5026212d29ed28f290f42b5bcd80027c32b1fcb2613e588e5613527101,0.0,0.0,0.0,0.0,0.0,0.0,0.0,0.0,0.0,0.0,0.2736392447006205,0.0,0.17823960329865587,0.0,0.0,0.0,0.0,0.0,0.0,0.0,0.0,0.26048626961949134,0.0,0.0,0.0,0.0,0.0,0.0,0.0,0.0,0.0,0.0,0.0,0.0,0.0,0.0,0.0,0.0,0.0,0.0,0.0,0.0,0.0,0.0,0.0,0.0,0.0,0.0,0.0,0.0,0.0,0.0,0.0,0.0,0.0,0.0,0.0,0.0,0.0,0.0,0.0,0.0,0.0,0.0,0.3446004700243718,0.0,0.0,0.0,0.0,0.0,0.0,0.0,0.0,0.0,0.0,0.16945000488240042,0.0,0.0,0.0,0.15503356162090284,0.0,0.0,0.0,0.0,0.0,0.0,0.0,0.0,0.0,0.0,0.0,0.0,0.0,0.0,0.0,0.0,0.0,0.0,0.0,0.21789825445632444,0.0,0.0,0.23935295409418447,0.0,0.40656078377084925,0.0,0.0,0.0,0.0,0.0,0.0,0.0,0.0,0.0,0.0,0.0,0.0,0.2059859789912783,0.0,0.0,0.0,0.0,0.0,0.0,0.2812324307223415,0.0,0.0,0.0,0.0,0.0,0.0,0.0,0.0,0.0,0.0,0.0,0.0,0.0,0.0,0.0,0.0,0.0,0.0,0.0,0.0,0.0,0.0,0.0,0.0,0.0,0.0,0.512267368793604,0.0,0.0,0.0,0.0,0.0,0.0,0.0,0.0,0.0
da5bb95145c972315ba0f1cc0c47cb4c6831f244b0532cdb95d1abaa6118ca50,0.0,0.0,0.0,0.0,0.0,0.0,0.0,0.0,0.0,0.0,0.22327801924382673,0.0,0.14543595754647645,0.0,0.0,0.0,0.0,0.0,0.0,0.0,0.0,0.21254574936605042,0.0,0.0,0.0,0.0,0.0,0.0,0.0,0.0,0.0,0.0,0.0,0.0,0.0,0.0,0.0,0.0,0.0,0.0,0.0,0.0,0.0,0.2516231535472481,0.0,0.0,0.0,0.3033629377136226,0.0,0.0,0.0,0.0,0.0,0.0,0.0,0.0,0.0,0.0,0.0,0.0,0.0,0.0,0.0,0.0,0.0,0.0,0.0,0.0,0.0,0.0,0.0,0.0,0.0,0.0,0.43614711763092334,0.13826401798613552,0.2944705451569872,0.23487413527767878,0.0,0.12650081165405455,0.0,0.0,0.0,0.0,0.0,0.0,0.0,0.0,0.0,0.0,0.0,0.0,0.0,0.0,0.0,0.0,0.0,0.0,0.0,0.0,0.0,0.0,0.0,0.0,0.3317363582182374,0.0,0.0,0.0,0.0,0.0,0.0,0.0,0.0,0.0,0.0,0.0,0.181722470622989,0.0,0.0,0.0,0.0,0.0,0.0,0.0,0.0,0.0,0.0,0.0,0.0,0.0,0.0,0.0,0.0,0.20848850031037658,0.0,0.0,0.0,0.0,0.0,0.0,0.0,0.0,0.0,0.0,0.0,0.0,0.0,0.0,0.0,0.0,0.0,0.41798844881559283,0.0,0.0,0.0,0.0,0.0,0.0,0.0,0.0,0.0
7dfce4f0b796f94bdfe9b151ef14fdad018c8ed02017bf1e26b087f192c4e364,0.0,0.0,0.0,0.0,0.0,0.0,0.0,0.0,0.0,0.0,0.0,0.0,0.19703648821222186,0.0,0.0,0.0,0.0,0.0,0.0,0.0,0.0,0.0,0.0,0.0,0.0,0.0,0.0,0.0,0.0,0.0,0.0,0.0,0.0,0.0,0.3225684773232527,0.0,0.0,0.0,0.0,0.0,0.0,0.0,0.0,0.0,0.0,0.0,0.0,0.0,0.0,0.0,0.0,0.0,0.0,0.0,0.0,0.0,0.0,0.0,0.0,0.0,0.0,0.0,0.0,0.0,0.0,0.0,0.0,0.0,0.0,0.0,0.0,0.0,0.0,0.0,0.0,0.0,0.0,0.0,0.0,0.0,0.0,0.0,0.0,0.0,0.0,0.0,0.0,0.0,0.0,0.0,0.0,0.0,0.0,0.0,0.0,0.0,0.0,0.0,0.0,0.0,0.0,0.0,0.26459476258436504,0.0,0.0,0.0,0.0,0.0,0.0,0.0,0.0,0.0,0.0,0.0,0.0,0.0,0.0,0.0,0.0,0.0,0.0,0.0,0.0,0.0,0.0,0.0,0.0,0.0,0.0,0.0,0.0,0.0,0.0,0.0,0.0,0.0,0.0,0.0,0.7121071553977224,0.0,0.0,0.0,0.3817883652434733,0.30442659145350515,0.0,0.20391494593422427,0.0,0.0,0.0,0.0,0.0,0.0,0.0,0.0,0.0,0.0,0.0,0.0,0.0,0.0,0.0
5b169f05c80d4154ec19e26a4260681f22640d14d4f29131dd0bbecb99abd736,0.0,0.0,0.0,0.0,0.0,0.0,0.0,0.0,0.0,0.0,0.0,0.0,0.0,0.0,0.0,0.0,0.0,0.0,0.0,0.0,0.0,0.0,0.0,0.0,0.0,0.0,0.0,0.0,0.0,0.0,0.0,0.0,0.0,0.0,0.0,0.0,0.0,0.0,0.0,0.0,0.0,0.0,0.0,0.0,0.0,0.0,0.0,0.0,0.0,0.0,0.0,0.0,0.0,0.0,0.0,0.0,0.0,0.0,0.0,0.0,0.0,0.0,0.0,0.0,0.0,0.0,0.0,0.0,0.0,0.0,0.0,0.0,0.0,0.0,0.0,0.0,0.0,0.0,0.0,0.3076824907293051,0.0,0.0,0.0,0.0,0.0,0.0,0.0,0.0,0.7378566433703572,0.0,0.0,0.0,0.0,0.0,0.0,0.0,0.0,0.0,0.0,0.0,0.0,0.0,0.0,0.0,0.0,0.0,0.0,0.0,0.0,0.0,0.0,0.0,0.0,0.0,0.0,0.0,0.0,0.0,0.44955525452542605,0.3984960876362782,0.0,0.0,0.0,0.0,0.0,0.0,0.0,0.0,0.0,0.0,0.0,0.0,0.0,0.0,0.0,0.0,0.0,0.0,0.0,0.0,0.0,0.0,0.0,0.0,0.0,0.0,0.0,0.0,0.0,0.0,0.0,0.0,0.0,0.0,0.0,0.0,0.0,0.0,0.0,0.0,0.0
5cf79e2271db3a5a25c9273f00e0ac0eee696a8c572f41bff84fd629c5651e93,0.0,0.0,0.0,0.0,0.0,0.0,0.3121878603572922,0.0,0.0,0.0,0.0,0.0,0.11719821667802426,0.0,0.0,0.0,0.30280394150826784,0.2296552842797099,0.0,0.0,0.0,0.0,0.0,0.0,0.0,0.30939588635528836,0.0,0.0,0.0,0.0,0.0,0.0,0.0,0.0,0.0,0.0,0.0,0.0,0.0,0.0,0.0,0.0,0.0,0.0,0.0,0.0,0.0,0.0,0.0,0.28570372987785725,0.0,0.0,0.0,0.0,0.0,0.0,0.0,0.0,0.0,0.0,0.1702581261325463,0.31078004239147355,0.0,0.0,0.0,0.0,0.0,0.0,0.0,0.0,0.0,0.0,0.0,0.0,0.0,0.11141877574213382,0.0,0.0,0.0,0.0,0.0,0.0,0.0,0.0,0.0,0.0,0.0,0.0,0.24446220801263252,0.0,0.0,0.0,0.0,0.0,0.0,0.0,0.0,0.0,0.0,0.0,0.0,0.0,0.0,0.0,0.0,0.0,0.0,0.0,0.0,0.0,0.0,0.0,0.0,0.0,0.2355982474742407,0.26815436449006363,0.14643936648564354,0.13544234250793374,0.1489439325815004,0.13202731769545484,0.15738219148441612,0.0,0.0,0.0,0.0,0.0,0.0,0.0,0.0,0.0,0.0,0.0,0.30030813397939615,0.0,0.0,0.0,0.0,0.0,0.0,0.0,0.0,0.0,0.0,0.1810743479618472,0.0,0.12128955522058697,0.0,0.0,0.0,0.0,0.0,0.0,0.0,0.0,0.0,0.0,0.0,0.0,0.0,0.0,0.0
5e1a5b16c34ad5789d5d8c704f8dc6b6a2c4cfecd2525630075c37036682465a,0.0,0.0,0.0,0.0,0.0,0.0,0.0,0.0,0.0,0.0,0.16298347079664843,0.0,0.10616207193093018,0.0,0.0,0.0,0.0,0.0,0.0,0.0,0.0,0.15514936961584144,0.0,0.0,0.0,0.0,0.0,0.0,0.0,0.0,0.0,0.0,0.0,0.0,0.0,0.0,0.0,0.0,0.0,0.0,0.0,0.0,0.0,0.1836742149398227,0.0,0.0,0.0,0.0,0.0,0.0,0.0,0.0,0.305113814479327,0.0,0.0,0.0,0.0,0.0,0.0,0.0,0.0,0.0,0.0,0.0,0.0,0.0,0.0,0.0,0.36221789283742395,0.0,0.0,0.3371169860355958,0.0,0.0,0.0,0.10092686066451498,0.21495099096457035,0.17144814298139205,0.0,0.09234021965886355,0.0,0.0,0.0,0.0,0.0,0.0,0.48228233396044023,0.0,0.0,0.0,0.0,0.0,0.0,0.0,0.0,0.0,0.0,0.0,0.0,0.0,0.0,0.0,0.0,0.0,0.0,0.0,0.1697331195958914,0.0,0.0,0.0,0.0,0.0,0.0,0.0,0.0,0.0,0.13264968528555957,0.12268821246080538,0.13491840518216514,0.11959476854958692,0.14256206285900697,0.0,0.0,0.0,0.16750608162894576,0.0,0.0,0.0,0.0,0.0,0.0,0.0,0.2720291709604325,0.15218775012808514,0.0,0.0,0.0,0.0,0.0,0.0,0.0,0.0,0.0,0.0,0.0,0.0,0.0,0.0,0.0,0.0,0.0,0.0,0.0,0.0,0.0,0.0,0.0,0.0,0.0,0.0,0.0
5e5b5171a95955ecb0fa8f9f1ba66f313165044cc1978a447673c0ac17859170,0.0,0.0,0.0,0.0,0.0,0.0,0.0,0.0,0.0,0.0,0.0,0.0,0.3660865218375576,0.0,0.0,0.0,0.0,0.0,0.0,0.0,0.0,0.0,0.0,0.0,0.0,0.0,0.0,0.0,0.0,0.0,0.0,0.0,0.0,0.0,0.0,0.0,0.0,0.0,0.0,0.0,0.0,0.0,0.0,0.0,0.0,0.0,0.0,0.0,0.0,0.0,0.0,0.0,0.0,0.0,0.0,0.0,0.0,0.0,0.0,0.0,0.0,0.0,0.0,0.0,0.0,0.0,0.0,0.0,0.0,0.0,0.0,0.0,0.0,0.0,0.0,0.3480335557570382,0.0,0.0,0.0,0.0,0.0,0.0,0.0,0.0,0.0,0.0,0.0,0.0,0.0,0.0,0.0,0.0,0.0,0.0,0.0,0.0,0.0,0.0,0.0,0.0,0.0,0.0,0.4916073018242931,0.0,0.0,0.0,0.0,0.0,0.0,0.0,0.0,0.0,0.0,0.0,0.0,0.0,0.0,0.0,0.0,0.0,0.0,0.0,0.0,0.0,0.0,0.0,0.0,0.0,0.0,0.0,0.0,0.0,0.0,0.0,0.0,0.0,0.0,0.0,0.0,0.0,0.0,0.0,0.7093486895660204,0.0,0.0,0.0,0.0,0.0,0.0,0.0,0.0,0.0,0.0,0.0,0.0,0.0,0.0,0.0,0.0,0.0,0.0
5d37dda7b65f39f134be3805969c5c9d7dc53a2e921232dd32e5b8887fd0d908,0.0,0.0,0.0,0.0,0.0,0.43126743890999847,0.0,0.0,0.0,0.0,0.0,0.0,0.0,0.0,0.0,0.0,0.0,0.0,0.0,0.0,0.0,0.0,0.0,0.0,0.0,0.0,0.32583045201318267,0.0,0.0,0.0,0.0,0.0,0.0,0.0,0.0,0.0,0.0,0.0,0.0,0.0,0.0,0.0,0.2848066817109955,0.0,0.3010194528537621,0.0,0.0,0.0,0.0,0.0,0.0,0.0,0.0,0.0,0.0,0.0,0.0,0.0,0.2990208023680475,0.0,0.0,0.0,0.0,0.0,0.0,0.0,0.0,0.0,0.0,0.0,0.0,0.0,0.0,0.0,0.0,0.14736276417679992,0.0,0.0,0.0,0.13482545601864043,0.0,0.0,0.0,0.0,0.0,0.0,0.0,0.0,0.0,0.0,0.0,0.0,0.0,0.0,0.0,0.0,0.0,0.0,0.0,0.0,0.0,0.0,0.20815409804018925,0.0,0.0,0.0,0.0,0.0,0.0,0.0,0.0,0.0,0.0,0.0,0.0,0.0,0.0,0.17913639640721976,0.19699363474761944,0.1746196756593275,0.20815409804018925,0.0,0.0,0.0,0.0,0.0,0.2813847229478861,0.0,0.0,0.0,0.0,0.0,0.0,0.22220851203596226,0.0,0.0,0.0,0.0,0.0,0.0,0.0,0.0,0.30034915292079734,0.0,0.0,0.0,0.0,0.0,0.0,0.0,0.0,0.0,0.0,0.0,0.0,0.0,0.0,0.0,0.0,0.0,0.0
5eac63fc61a6c010a8be021bf6d86d377f03c10fcd447c1342d0aba35ae6b68a,0.0,0.22033274601673133,0.0,0.0,0.0,0.0,0.0,0.0,0.0,0.0,0.15797436593055092,0.27663636590935486,0.10289930578351082,0.0,0.0,0.0,0.0,0.0,0.0,0.0,0.0,0.1503810366154704,0.0,0.0,0.0,0.0,0.0,0.0,0.0,0.0,0.0,0.0,0.0,0.0,0.0,0.0,0.0,0.0,0.0,0.0,0.0,0.2974379320350542,0.0,0.17802920444069284,0.19982813095101246,0.0,0.0,0.0,0.0,0.0,0.0,0.0,0.0,0.0,0.0,0.2877826133359674,0.3171007741309524,0.0,0.1985013509466029,0.0,0.0,0.0,0.0,0.0,0.0,0.0,0.0,0.0,0.0,0.0,0.0,0.0,0.0,0.0,0.0,0.09782499256461828,0.0,0.0,0.0,0.0895022518491902,0.0,0.0,0.0,0.0,0.0,0.0,0.0,0.0,0.0,0.0,0.0,0.0,0.0,0.0,0.0,0.0,0.0,0.0,0.0,0.1257945972726683,0.0,0.0,0.1381805858951317,0.0,0.0,0.0,0.16451657222976934,0.0,0.0,0.0,0.0,0.0,0.0,0.2991803652995508,0.0,0.0,0.12857285356267137,0.11891753486358451,0.13077184702739797,0.11591916430473082,0.1381805858951317,0.0,0.0,0.0,0.1623579796497251,0.0,0.1867938524629532,0.0,0.0,0.0,0.0,0.0,0.0,0.0,0.0,0.0,0.0,0.0,0.0,0.0,0.0,0.0,0.19938316042996773,0.0,0.0,0.10649147559366771,0.21974247758388138,0.0,0.0,0.0,0.0,0.0,0.0,0.0,0.15455377972301995,0.0,0.0,0.0,0.0,0.0,0.0
28314e224dcbae977cbf7dec0cda849e4a56cec90b3568a29b6bbd9234b895aa,0.0,0.0,0.0,0.0,0.0,0.0,0.0,0.0,0.0,0.0,0.0,0.0,0.14698168893334163,0.0,0.0,0.0,0.0,0.0,0.0,0.0,0.0,0.0,0.0,0.0,0.0,0.0,0.0,0.0,0.0,0.0,0.0,0.0,0.0,0.0,0.24062375463453436,0.0,0.0,0.0,0.0,0.0,0.0,0.0,0.0,0.0,0.0,0.0,0.0,0.0,0.3609242796056106,0.0,0.0,0.0,0.0,0.0,0.0,0.41106958139021277,0.0,0.0,0.0,0.0,0.2135256631279437,0.0,0.0,0.0,0.2841678176680922,0.0,0.5542519295234212,0.24021144178439166,0.0,0.0,0.0,0.0,0.0,0.0,0.0,0.0,0.0,0.0,0.0,0.12784529535902212,0.0,0.0,0.0,0.0,0.0,0.0,0.0,0.0,0.0,0.0,0.0,0.0,0.0,0.0,0.0,0.0,0.0,0.0,0.0,0.0,0.0,0.0,0.19737757935311295,0.0,0.0,0.0,0.0,0.0,0.0,0.0,0.0,0.0,0.0,0.0,0.0,0.0,0.0,0.0,0.0,0.0,0.0,0.0,0.0,0.0,0.0,0.0,0.0,0.0,0.0,0.0,0.0,0.0,0.0,0.0,0.0,0.0,0.0,0.0,0.0,0.0,0.0,0.0,0.0,0.22709060120815278,0.0,0.1521127554805061,0.0,0.0,0.0,0.0,0.0,0.0,0.0,0.0,0.0,0.0,0.0,0.0,0.0,0.0,0.0
2f3907711c04a9022fda6818f25989480f3be29409ad60aa6eebb418aea443df,0.0,0.0,0.0,0.0,0.0,0.0,0.0,0.0,0.0,0.0,0.24091533191920106,0.0,0.15692432288658859,0.0,0.0,0.0,0.0,0.0,0.0,0.0,0.0,0.22933529207198525,0.0,0.0,0.0,0.0,0.0,0.0,0.0,0.0,0.0,0.0,0.0,0.0,0.0,0.0,0.0,0.0,0.0,0.0,0.0,0.0,0.0,0.2714995222579099,0.0,0.0,0.0,0.0,0.0,0.0,0.0,0.0,0.0,0.0,0.0,0.0,0.0,0.0,0.0,0.0,0.0,0.0,0.0,0.0,0.0,0.0,0.0,0.0,0.0,0.0,0.0,0.0,0.5470335022886506,0.0,0.0,0.14918585312796387,0.3177315410051726,0.25342745538182565,0.0,0.13649344046896142,0.0,0.0,0.0,0.0,0.0,0.0,0.0,0.0,0.0,0.0,0.0,0.0,0.0,0.0,0.0,0.0,0.0,0.0,0.0,0.1918402835616396,0.0,0.0,0.0,0.0,0.0,0.0,0.0,0.0,0.0,0.0,0.0,0.0,0.0,0.0,0.0,0.0,0.19607720220549693,0.0,0.19943072881927468,0.0,0.0,0.0,0.0,0.0,0.24760046559857712,0.0,0.0,0.0,0.0,0.0,0.0,0.0,0.0,0.2249575503388901,0.0,0.0,0.0,0.0,0.0,0.0,0.0,0.0,0.0,0.24245223392867096,0.0,0.0,0.0,0.0,0.0,0.0,0.0,0.0,0.0,0.0,0.0,0.0,0.0,0.0,0.0,0.0,0.0
6a49b73fa3617fbd397c7cd35313c4c657e5a129b427d5eec19370d28854ce78,0.0,0.0,0.0,0.0,0.0,0.0,0.0,0.0,0.0,0.0,0.23095781464989776,0.0,0.15043832366574617,0.0,0.0,0.0,0.0,0.0,0.0,0.0,0.0,0.21985640123894606,0.0,0.0,0.0,0.0,0.31622760280422624,0.0,0.0,0.0,0.0,0.0,0.0,0.0,0.0,0.0,0.0,0.0,0.0,0.0,0.0,0.0,0.27641288180286633,0.0,0.29214783144189876,0.0,0.0,0.0,0.0,0.0,0.0,0.0,0.0,0.0,0.0,0.0,0.0,0.0,0.29020808502459505,0.0,0.0,0.0,0.0,0.0,0.0,0.0,0.0,0.0,0.0,0.0,0.0,0.0,0.0,0.0,0.0,0.1430197004924161,0.0,0.24295278677780976,0.0,0.13085189088476087,0.0,0.0,0.0,0.0,0.0,0.0,0.0,0.0,0.0,0.0,0.0,0.0,0.0,0.0,0.0,0.0,0.0,0.0,0.0,0.0,0.0,0.0,0.0,0.0,0.3431466500530508,0.0,0.0,0.0,0.0,0.0,0.0,0.0,0.0,0.0,0.0,0.0,0.0,0.0,0.0,0.16947329844408318,0.0,0.0,0.0,0.0,0.237366638251664,0.0,0.2730917747367004,0.0,0.0,0.0,0.0,0.0,0.0,0.21565960041384782,0.0,0.0,0.0,0.0,0.0,0.0,0.0,0.0,0.29149728653533274,0.0,0.0,0.15569005982128103,0.0,0.0,0.0,0.0,0.0,0.0,0.0,0.0,0.0,0.0,0.0,0.0,0.0,0.0,0.0
6b2bc89a82c41241a24f0a8c7972b563e30303bf7c277d767ac5766510e8f03e,0.0,0.0,0.0,0.0,0.0,0.0,0.0,0.0,0.0,0.0,0.0,0.0,0.0,0.0,0.0,0.0,0.0,0.0,0.0,0.0,0.0,0.0,0.0,0.0,0.0,0.0,0.0,0.0,0.0,0.0,0.0,0.0,0.0,0.0,0.8012488404642854,0.0,0.0,0.0,0.0,0.0,0.0,0.0,0.0,0.0,0.0,0.0,0.0,0.0,0.0,0.0,0.0,0.0,0.0,0.0,0.0,0.0,0.0,0.0,0.0,0.0,0.0,0.0,0.0,0.0,0.0,0.0,0.0,0.0,0.0,0.0,0.0,0.0,0.0,0.0,0.0,0.0,0.0,0.0,0.0,0.0,0.0,0.0,0.0,0.0,0.0,0.0,0.0,0.0,0.0,0.0,0.0,0.0,0.0,0.0,0.0,0.0,0.0,0.0,0.0,0.5983312591321284,0.0,0.0,0.0,0.0,0.0,0.0,0.0,0.0,0.0,0.0,0.0,0.0,0.0,0.0,0.0,0.0,0.0,0.0,0.0,0.0,0.0,0.0,0.0,0.0,0.0,0.0,0.0,0.0,0.0,0.0,0.0,0.0,0.0,0.0,0.0,0.0,0.0,0.0,0.0,0.0,0.0,0.0,0.0,0.0,0.0,0.0,0.0,0.0,0.0,0.0,0.0,0.0,0.0,0.0,0.0,0.0,0.0,0.0,0.0,0.0,0.0
6c5d418831206f110eac092468ea4197e3253f3350e48b0986e130995bd46451,0.0,0.0,0.0,0.0,0.0,0.0,0.0,0.0,0.0,0.0,0.22628220299142413,0.0,0.14739278402432274,0.0,0.0,0.0,0.0,0.0,0.0,0.0,0.0,0.21540553147997674,0.0,0.0,0.0,0.0,0.0,0.0,0.0,0.0,0.0,0.0,0.0,0.0,0.0,0.0,0.0,0.0,0.0,0.0,0.0,0.0,0.0,0.2550087182838304,0.0,0.0,0.0,0.0,0.0,0.0,0.0,0.0,0.0,0.0,0.0,0.0,0.0,0.0,0.0,0.0,0.0,0.0,0.0,0.0,0.0,0.0,0.0,0.0,0.0,0.0,0.0,0.0,0.5138068425196997,0.0,0.0,0.14012434672390467,0.2984326173255901,0.2380343436238557,0.0,0.1282028676097462,0.0,0.0,0.0,0.0,0.0,0.0,0.0,0.0,0.30744465614783817,0.0,0.0,0.0,0.0,0.0,0.0,0.0,0.0,0.0,0.0,0.180187959151501,0.0,0.0,0.0,0.0,0.0,0.0,0.0,0.0,0.0,0.0,0.0,0.0,0.0,0.0,0.0,0.0,0.18416752855868598,0.0,0.18731736291713397,0.0,0.0,0.0,0.0,0.0,0.23256128354727984,0.0,0.0,0.0,0.0,0.0,0.0,0.0,0.0,0.21129369253805128,0.0,0.0,0.0,0.0,0.0,0.0,0.0,0.0,0.0,0.22772575400876427,0.0,0.15253820172151375,0.0,0.0,0.0,0.0,0.0,0.0,0.0,0.0,0.0,0.0,0.0,0.0,0.0,0.0,0.0
d7dd571b86ec131932b440a9599ce3d9b249bbf1af9f5e722631e5f7a842e925,0.0,0.0,0.0,0.0,0.0,0.0,0.0,0.0,0.0,0.0,0.2739825571971917,0.0,0.17846322576649037,0.0,0.0,0.0,0.0,0.3497068812870637,0.0,0.0,0.0,0.2608130801676034,0.0,0.0,0.0,0.0,0.0,0.5913775615151774,0.0,0.0,0.0,0.0,0.0,0.0,0.0,0.0,0.0,0.0,0.0,0.0,0.0,0.0,0.0,0.0,0.0,0.0,0.0,0.37225407908543484,0.0,0.0,0.0,0.0,0.0,0.0,0.0,0.0,0.0,0.0,0.0,0.0,0.0,0.0,0.0,0.0,0.345032811693101,0.0,0.0,0.0,0.0,0.0,0.0,0.0,0.0,0.0,0.0,0.16966259976908718,0.0,0.0,0.0,0.1552280693902494,0.0,0.0,0.0,0.0,0.0,0.0,0.0,0.0,0.0,0.0,0.0,0.0,0.0,0.0,0.0,0.0,0.0,0.0,0.0,0.0,0.0,0.0,0.0,0.0,0.0,0.0,0.0,0.0,0.0,0.0,0.0,0.0,0.0,0.0,0.0,0.0,0.0,0.20624441253864292,0.0,0.0,0.0,0.0,0.0,0.0,0.0,0.0,0.0,0.0,0.0,0.0,0.0,0.0,0.0,0.0,0.0,0.0,0.0,0.0,0.0,0.0,0.0,0.0,0.0,0.0,0.0,0.0,0.0,0.0,0.0,0.0,0.0,0.0,0.0,0.0,0.0,0.0,0.0,0.0,0.0,0.0,0.0
06d2775330e0fdba79346c8c1a89f588311320dcb0c18422eb8f651858b22aff,0.0,0.0,0.0,0.0,0.0,0.0,0.0,0.0,0.0,0.0,0.0,0.0,0.1778379426599479,0.0,0.0,0.0,0.0,0.0,0.0,0.0,0.0,0.0,0.0,0.0,0.0,0.0,0.0,0.0,0.0,0.0,0.0,0.0,0.0,0.0,0.0,0.0,0.0,0.0,0.0,0.0,0.0,0.0,0.0,0.3076828090340092,0.34535727353376733,0.0,0.0,0.0,0.0,0.0,0.0,0.0,0.5111129809093686,0.0,0.0,0.0,0.0,0.0,0.0,0.0,0.0,0.0,0.0,0.0,0.0,0.0,0.0,0.0,0.0,0.0,0.0,0.0,0.0,0.0,0.0,0.16906815148994145,0.0,0.2872022414984172,0.0,0.15468419549671167,0.0,0.0,0.0,0.0,0.0,0.0,0.0,0.0,0.0,0.0,0.0,0.0,0.0,0.0,0.0,0.0,0.0,0.0,0.0,0.0,0.0,0.0,0.0,0.0,0.0,0.0,0.0,0.0,0.0,0.0,0.0,0.0,0.0,0.0,0.0,0.0,0.22220880486414582,0.0,0.22600926270700444,0.20033979372208008,0.0,0.0,0.0,0.0,0.0,0.0,0.0,0.0,0.0,0.0,0.0,0.0,0.0,0.2549380950141347,0.0,0.0,0.0,0.0,0.0,0.0,0.0,0.0,0.34458824364183194,0.0,0.0,0.18404618754419907,0.0,0.0,0.0,0.0,0.0,0.0,0.0,0.0,0.0,0.0,0.0,0.0,0.0,0.0,0.0
6db75599243651cc336024c8d4d14a05be1acb0b64627a724dd87e8aa9677240,0.0,0.20485942544973612,0.0,0.0,0.0,0.0,0.0,0.0,0.0,0.0,0.0,0.25720900775407185,0.09567299025259732,0.0,0.0,0.0,0.0,0.0,0.0,0.0,0.0,0.0,0.3141724529582289,0.0,0.3414316855701962,0.0,0.0,0.0,0.0,0.0,0.0,0.0,0.0,0.0,0.0,0.0,0.0,0.0,0.0,0.0,0.0,0.0,0.0,0.16552673714793378,0.18579478917859285,0.0,0.0,0.0,0.0,0.0,0.0,0.0,0.0,0.0,0.0,0.0,0.2948317196264622,0.0,0.0,0.0,0.0,0.0,0.0,0.0,0.0,0.0,0.0,0.0,0.0,0.0,0.0,0.0,0.0,0.0,0.28691322034626154,0.09095503112320222,0.19371328845879357,0.154508632074895,0.0,0.08321677200396875,0.0,0.0,0.0,0.0,0.0,0.0,0.0,0.0,0.0,0.0,0.0,0.0,0.0,0.0,0.0,0.0,0.0,0.0,0.0,0.11696041277497113,0.0,0.0,0.12847656985419229,0.0,0.0,0.0,0.15296305734505428,0.0,0.0,0.0,0.0,0.0,0.0,0.0,0.0,0.0,0.1195435602989389,0.11056630622759525,0.0,0.10777850241233519,0.12847656985419229,0.0,0.0,0.0,0.0,0.0,0.17367586972386548,0.0,0.0,0.0,0.0,0.0,0.0,0.1371512148335049,0.0,0.0,0.0,0.0,0.0,0.0,0.0,0.0,0.18538106762820483,0.0,0.0,0.09901289254460953,0.20431060983244437,0.0,0.0,0.0,0.0,0.0,0.0,0.0,0.0,0.3414316855701962,0.0,0.0,0.0,0.0,0.0
6e2acfa891588015b4bb6f678020a482f10cfd26f383c53182ac716af5047c74,0.0,0.0,0.0,0.0,0.0,0.0,0.0,0.0,0.0,0.0,0.21729396273577778,0.0,0.14153813996815975,0.0,0.0,0.0,0.0,0.0,0.0,0.0,0.0,0.2068493275728997,0.0,0.0,0.0,0.0,0.29751904712091237,0.0,0.0,0.0,0.0,0.0,0.0,0.0,0.23171211945028342,0.0,0.0,0.0,0.0,0.0,0.0,0.0,0.26005983183209674,0.0,0.2748638754436809,0.0,0.0,0.0,0.0,0.0,0.0,0.0,0.0,0.0,0.0,0.0,0.0,0.0,0.273038887679758,0.0,0.0,0.0,0.0,0.0,0.2736435037822539,0.0,0.0,0.0,0.0,0.0,0.0,0.0,0.0,0.0,0.0,0.13455841499189092,0.0,0.0,0.0,0.12311047342096021,0.0,0.0,0.0,0.0,0.0,0.0,0.0,0.0,0.0,0.0,0.0,0.0,0.0,0.0,0.0,0.0,0.0,0.0,0.0,0.17303064564377602,0.0,0.0,0.0,0.0,0.3228455183582488,0.0,0.0,0.0,0.0,0.0,0.0,0.0,0.0,0.0,0.0,0.0,0.0,0.16357123661846606,0.0,0.1594469736936189,0.0,0.0,0.0,0.0,0.22332362957780852,0.0,0.0,0.0,0.0,0.0,0.0,0.0,0.0,0.20290081652779496,0.0,0.0,0.0,0.0,0.0,0.0,0.0,0.0,0.2742518178655488,0.21868017392173214,0.0,0.1464791745991325,0.0,0.0,0.0,0.0,0.0,0.0,0.0,0.0,0.0,0.0,0.0,0.0,0.0,0.0,0.0
2f542206688519003a19a39e51eba51d1f644489fd1e3fcb48ebbbd7062d5906,0.0,0.0,0.0,0.0,0.0,0.0,0.0,0.0,0.0,0.0,0.0,0.0,0.18815452396177962,0.0,0.0,0.0,0.0,0.0,0.0,0.0,0.0,0.0,0.0,0.0,0.0,0.0,0.0,0.0,0.0,0.0,0.0,0.0,0.0,0.0,0.0,0.0,0.0,0.0,0.0,0.0,0.0,0.0,0.0,0.0,0.36539184173276434,0.0,0.0,0.0,0.0,0.0,0.0,0.0,0.5407632262006994,0.0,0.0,0.0,0.0,0.0,0.0,0.0,0.0,0.0,0.0,0.0,0.0,0.0,0.0,0.0,0.0,0.0,0.0,0.0,0.0,0.0,0.0,0.178875987232461,0.0,0.0,0.0,0.1636576015937541,0.0,0.0,0.0,0.0,0.0,0.0,0.0,0.0,0.39246902964085134,0.0,0.0,0.0,0.0,0.0,0.0,0.0,0.0,0.0,0.0,0.23001926384809016,0.0,0.0,0.0,0.0,0.0,0.0,0.0,0.0,0.0,0.0,0.0,0.0,0.0,0.0,0.0,0.0,0.0,0.0,0.23912031706812184,0.21196173299450013,0.0,0.0,0.0,0.0,0.0,0.0,0.0,0.0,0.0,0.0,0.0,0.0,0.0,0.0,0.0,0.0,0.0,0.0,0.0,0.0,0.0,0.0,0.3645781995422102,0.0,0.0,0.19472291619215998,0.0,0.0,0.0,0.0,0.0,0.0,0.0,0.0,0.0,0.0,0.0,0.0,0.0,0.0,0.0
4b2fb0f42a923104b69a45aa7a503fbd08739ebf3711599303aa15692136fa46,0.0,0.0,0.0,0.0,0.0,0.4742757150263369,0.0,0.0,0.0,0.0,0.0,0.0,0.0,0.0,0.0,0.0,0.0,0.0,0.0,0.0,0.0,0.0,0.0,0.0,0.0,0.0,0.0,0.0,0.0,0.0,0.0,0.0,0.0,0.0,0.0,0.0,0.0,0.0,0.0,0.0,0.0,0.0,0.31320911440511057,0.0,0.0,0.0,0.0,0.0,0.41858866421442853,0.0,0.0,0.0,0.0,0.0,0.0,0.4767456131278751,0.0,0.0,0.0,0.0,0.0,0.0,0.0,0.0,0.0,0.0,0.0,0.0,0.0,0.0,0.0,0.0,0.0,0.0,0.0,0.1620585605183951,0.0,0.0,0.0,0.14827096550253877,0.0,0.0,0.0,0.0,0.0,0.0,0.0,0.0,0.0,0.0,0.0,0.0,0.0,0.0,0.0,0.0,0.0,0.0,0.0,0.0,0.0,0.0,0.22891232858475885,0.0,0.0,0.0,0.0,0.0,0.0,0.0,0.0,0.0,0.0,0.0,0.0,0.0,0.0,0.0,0.21663888470620682,0.0,0.0,0.0,0.0,0.0,0.0,0.0,0.3094458997667268,0.0,0.0,0.0,0.0,0.0,0.0,0.0,0.0,0.0,0.0,0.0,0.0,0.0,0.0,0.0,0.0,0.0,0.0,0.1764156049466594,0.0,0.0,0.0,0.0,0.0,0.0,0.0,0.0,0.0,0.0,0.0,0.0,0.0,0.0,0.0
b9dad89b3de1d7f9a4b73a5d107c74f716a6e2e89d653c48ab47108b37ad699a,0.0,0.0,0.0,0.0,0.0,0.4742757150263369,0.0,0.0,0.0,0.0,0.0,0.0,0.0,0.0,0.0,0.0,0.0,0.0,0.0,0.0,0.0,0.0,0.0,0.0,0.0,0.0,0.0,0.0,0.0,0.0,0.0,0.0,0.0,0.0,0.0,0.0,0.0,0.0,0.0,0.0,0.0,0.0,0.31320911440511057,0.0,0.0,0.0,0.0,0.0,0.41858866421442853,0.0,0.0,0.0,0.0,0.0,0.0,0.4767456131278751,0.0,0.0,0.0,0.0,0.0,0.0,0.0,0.0,0.0,0.0,0.0,0.0,0.0,0.0,0.0,0.0,0.0,0.0,0.0,0.1620585605183951,0.0,0.0,0.0,0.14827096550253877,0.0,0.0,0.0,0.0,0.0,0.0,0.0,0.0,0.0,0.0,0.0,0.0,0.0,0.0,0.0,0.0,0.0,0.0,0.0,0.0,0.0,0.0,0.22891232858475885,0.0,0.0,0.0,0.0,0.0,0.0,0.0,0.0,0.0,0.0,0.0,0.0,0.0,0.0,0.0,0.21663888470620682,0.0,0.0,0.0,0.0,0.0,0.0,0.0,0.3094458997667268,0.0,0.0,0.0,0.0,0.0,0.0,0.0,0.0,0.0,0.0,0.0,0.0,0.0,0.0,0.0,0.0,0.0,0.0,0.1764156049466594,0.0,0.0,0.0,0.0,0.0,0.0,0.0,0.0,0.0,0.0,0.0,0.0,0.0,0.0,0.0
90b33beb786f0c1274a79cda8d18e43b5ed5f2cad0b1e0de7b3b42370d2ffa77,0.0,0.0,0.0,0.0,0.0,0.0,0.0,0.0,0.0,0.0,0.2851479047167993,0.0,0.18573596588373412,0.0,0.0,0.0,0.0,0.0,0.0,0.0,0.0,0.2714417446618715,0.0,0.0,0.0,0.0,0.0,0.0,0.0,0.0,0.0,0.0,0.0,0.0,0.0,0.0,0.0,0.0,0.0,0.0,0.0,0.0,0.0,0.0,0.0,0.0,0.0,0.0,0.0,0.0,0.0,0.0,0.0,0.0,0.0,0.0,0.0,0.0,0.0,0.0,0.0,0.0,0.0,0.0,0.35909360186759415,0.0,0.0,0.0,0.0,0.0,0.0,0.0,0.0,0.0,0.0,0.1765766964432727,0.0,0.0,0.0,0.16155392953722394,0.0,0.0,0.0,0.0,0.0,0.0,0.0,0.0,0.0,0.0,0.0,0.0,0.0,0.0,0.0,0.0,0.0,0.0,0.0,0.2270625719919917,0.0,0.0,0.2494196087348657,0.0,0.42365982905380556,0.0,0.0,0.0,0.0,0.0,0.0,0.0,0.0,0.0,0.0,0.0,0.0,0.21464929262856003,0.0,0.0,0.0,0.0,0.0,0.0,0.0,0.0,0.0,0.0,0.0,0.0,0.0,0.0,0.0,0.0,0.0,0.0,0.0,0.0,0.0,0.0,0.0,0.0,0.0,0.0,0.0,0.0,0.0,0.0,0.0,0.0,0.0,0.5338121987074496,0.0,0.0,0.0,0.0,0.0,0.0,0.0,0.0,0.0
a111e371822094423c652cef67b75663d97e7d7a18c33213d745a1f2075d210f,0.0,0.0,0.0,0.0,0.0,0.0,0.0,0.0,0.0,0.0,0.0,0.0,0.08327618156884418,0.0,0.0,0.0,0.0,0.0,0.0,0.0,0.2353923508951072,0.0,0.2734636198513546,0.0,0.0,0.0,0.0,0.0,0.0,0.0,0.0,0.0,0.0,0.0,0.0,0.0,0.0,0.0,0.34556655560444177,0.0,0.0,0.24071586338711642,0.1530102753878542,0.14407864310330223,0.0,0.0,0.0,0.0,0.0,0.0,0.0,0.0,0.23933889902105687,0.0,0.0,0.0,0.0,0.0,0.0,0.0,0.0,0.0,0.0,0.0,0.0,0.0,0.0,0.13609784855597154,0.0,0.0,0.0,0.0,0.0,0.0,0.0,0.0,0.0,0.0,0.0,0.07243397532238706,0.0,0.3191171610789531,0.0,0.0,0.0,0.0,0.0,0.0,0.17370468423687058,0.0,0.0,0.0,0.0,0.0,0.0,0.0,0.0,0.0,0.0,0.0,0.0,0.0,0.0,0.0,0.0,0.0,0.0,0.0,0.0,0.0,0.0,0.0,0.0,0.0,0.0,0.0,0.10405372724900536,0.0,0.10583336781745145,0.09381312439812735,0.0,0.0,0.0,0.0,0.0,0.0,0.15117185344647371,0.0,0.0,0.0,0.0,0.0,0.0,0.11937987344920938,0.0,0.354587189100869,0.0,0.26238950248266607,0.0,0.0,0.0,0.0,0.0,0.12866390552475312,0.0,0.08618331668563602,0.17783710319837132,0.19295281311732124,0.0,0.0,0.0,0.23933889902105687,0.0,0.0,0.12508003357616262,0.0,0.0,0.0,0.0,0.0,0.0
d9e5cf75da07717a818853d2f1aa79d3d1aaa155bb06fffed3c92ccaf972aef7,0.0,0.0,0.0,0.0,0.0,0.0,0.0,0.0,0.0,0.0,0.22327801924382673,0.0,0.14543595754647645,0.0,0.0,0.0,0.0,0.0,0.0,0.0,0.0,0.21254574936605042,0.0,0.0,0.0,0.0,0.0,0.0,0.0,0.0,0.0,0.0,0.0,0.0,0.0,0.0,0.0,0.0,0.0,0.0,0.0,0.0,0.0,0.2516231535472481,0.0,0.0,0.0,0.3033629377136226,0.0,0.0,0.0,0.0,0.0,0.0,0.0,0.0,0.0,0.0,0.0,0.0,0.0,0.0,0.0,0.0,0.0,0.0,0.0,0.0,0.0,0.0,0.0,0.0,0.0,0.0,0.43614711763092334,0.13826401798613552,0.2944705451569872,0.23487413527767878,0.0,0.12650081165405455,0.0,0.0,0.0,0.0,0.0,0.0,0.0,0.0,0.0,0.0,0.0,0.0,0.0,0.0,0.0,0.0,0.0,0.0,0.0,0.0,0.0,0.0,0.0,0.0,0.3317363582182374,0.0,0.0,0.0,0.0,0.0,0.0,0.0,0.0,0.0,0.0,0.0,0.181722470622989,0.0,0.0,0.0,0.0,0.0,0.0,0.0,0.0,0.0,0.0,0.0,0.0,0.0,0.0,0.0,0.0,0.20848850031037658,0.0,0.0,0.0,0.0,0.0,0.0,0.0,0.0,0.0,0.0,0.0,0.0,0.0,0.0,0.0,0.0,0.0,0.41798844881559283,0.0,0.0,0.0,0.0,0.0,0.0,0.0,0.0,0.0
6f55f8d4f012077d31e6464428b9a8a8a4a7fcd6cf77e73f8c0a8304718800c6,0.0,0.0,0.0,0.0,0.0,0.0,0.0,0.0,0.0,0.0,0.0,0.0,0.0,0.0,0.0,0.0,0.0,0.0,0.0,0.0,0.0,0.0,0.0,0.0,0.0,0.0,0.40603323218375675,0.0,0.0,0.0,0.0,0.0,0.0,0.0,0.0,0.0,0.0,0.0,0.0,0.0,0.0,0.0,0.3549115093698095,0.0,0.37511503494294013,0.0,0.0,0.0,0.0,0.0,0.0,0.0,0.0,0.0,0.0,0.0,0.0,0.0,0.37262441900539883,0.0,0.0,0.0,0.0,0.0,0.0,0.0,0.0,0.0,0.0,0.0,0.0,0.0,0.0,0.0,0.0,0.0,0.0,0.3119490658268584,0.0,0.16801258246323353,0.0,0.0,0.0,0.0,0.0,0.0,0.0,0.0,0.0,0.0,0.0,0.0,0.0,0.0,0.0,0.0,0.0,0.0,0.0,0.0,0.0,0.0,0.0,0.0,0.0,0.0,0.0,0.0,0.0,0.0,0.0,0.0,0.0,0.0,0.0,0.0,0.0,0.0,0.0,0.21760210217542053,0.0,0.0,0.0,0.0,0.0,0.0,0.0,0.0,0.0,0.0,0.0,0.0,0.0,0.27690487430884647,0.0,0.0,0.0,0.0,0.0,0.0,0.0,0.0,0.37427974147471876,0.0,0.0,0.1999045549709753,0.0,0.0,0.0,0.0,0.0,0.0,0.0,0.0,0.0,0.0,0.0,0.0,0.0,0.0,0.0
7a2255a084370a4ffe76c410db4ae7204e25ed78008f476256e91754b641bc65,0.0,0.0,0.0,0.0,0.40310928357796616,0.0,0.0,0.0,0.0,0.0,0.0,0.0,0.1448860294066607,0.0,0.0,0.0,0.0,0.0,0.0,0.0,0.0,0.0,0.0,0.0,0.0,0.0,0.0,0.0,0.0,0.0,0.0,0.0,0.0,0.0,0.0,0.0,0.0,0.0,0.0,0.0,0.0,0.41880361232128877,0.2662111883821042,0.0,0.0,0.0,0.0,0.0,0.0,0.0,0.0,0.0,0.41640793451913233,0.0,0.0,0.0,0.0,0.0,0.0,0.0,0.0,0.0,0.0,0.0,0.0,0.0,0.0,0.0,0.0,0.0,0.0,0.0,0.0,0.0,0.0,0.0,0.0,0.0,0.0,0.12602248182963088,0.0,0.0,0.0,0.0,0.0,0.0,0.0,0.0,0.0,0.0,0.0,0.0,0.0,0.0,0.0,0.0,0.0,0.0,0.0,0.0,0.0,0.0,0.19456337707032276,0.0,0.0,0.0,0.0,0.0,0.0,0.0,0.0,0.0,0.0,0.4212570228207738,0.0,0.0,0.0,0.0,0.0,0.16321847188732058,0.0,0.0,0.0,0.0,0.0,0.0,0.26301265489458475,0.0,0.0,0.0,0.0,0.0,0.0,0.0,0.0,0.0,0.0,0.0,0.0,0.0,0.0,0.0,0.0,0.0,0.0,0.14994393739530246,0.0,0.0,0.0,0.0,0.0,0.0,0.0,0.0,0.2176174397227893,0.0,0.0,0.0,0.0,0.0,0.0
7b35814be8376bdf8465e94ccb758b1cc378b055713dcd75be748e19b948a77a,0.0,0.0,0.0,0.0,0.0,0.0,0.0,0.0,0.0,0.0,0.15767699694483417,0.0,0.10270560940744654,0.0,0.0,0.0,0.0,0.0,0.0,0.0,0.0,0.15009796121861116,0.0,0.35412658112806833,0.0,0.2711363189388477,0.21589145548860642,0.0,0.0,0.4165546319070361,0.5166053962446235,0.0,0.0,0.0,0.16813937529902542,0.0,0.0,0.0,0.0,0.0,0.0,0.0,0.0,0.0,0.19945197695749237,0.0,0.0,0.0,0.0,0.0,0.0,0.0,0.0,0.0,0.0,0.0,0.0,0.0,0.1981276944672957,0.0,0.0,0.0,0.0,0.0,0.19856642755562345,0.0,0.0,0.0,0.0,0.0,0.0,0.0,0.0,0.0,0.0,0.09764084801277702,0.0,0.0,0.0,0.08933377392117331,0.0,0.0,0.0,0.0,0.0,0.0,0.0,0.0,0.0,0.0,0.0,0.0,0.0,0.0,0.0,0.0,0.0,0.0,0.0,0.0,0.0,0.0,0.0,0.0,0.0,0.0,0.0,0.0,0.0,0.0,0.0,0.0,0.0,0.0,0.0,0.0,0.1283308296189168,0.11869368597191136,0.0,0.11570095950858315,0.0,0.0,0.0,0.0,0.1620523590039509,0.0,0.0,0.0,0.0,0.0,0.0,0.0,0.0,0.14723276719224662,0.0,0.0,0.0,0.0,0.0,0.0,0.0,0.0,0.0,0.0,0.0,0.0,0.0,0.0,0.0,0.0,0.0,0.0,0.0,0.0,0.0,0.0,0.0,0.0,0.0,0.0,0.0
7d317343ffac1b8811eb2f88ea4739083f68616a1032ef3aaa6342b3d79f0455,0.0,0.0,0.0,0.0,0.0,0.0,0.0,0.0,0.0,0.0,0.0,0.3890808378619254,0.14472481945044585,0.0,0.0,0.0,0.0,0.0,0.0,0.0,0.4090859456031518,0.0,0.0,0.0,0.0,0.0,0.0,0.0,0.0,0.0,0.0,0.0,0.0,0.0,0.0,0.0,0.0,0.0,0.0,0.0,0.0,0.0,0.0,0.0,0.0,0.0,0.0,0.0,0.0,0.0,0.0,0.0,0.0,0.0,0.0,0.0,0.0,0.0,0.0,0.0,0.0,0.0,0.0,0.0,0.2798044872398573,0.0,0.0,0.0,0.0,0.0,0.0,0.0,0.0,0.0,0.0,0.1375879485177664,0.0,0.0,0.0,0.0,0.0,0.0,0.0,0.0,0.0,0.0,0.0,0.0,0.0,0.0,0.0,0.0,0.0,0.0,0.0,0.0,0.0,0.6867253373186087,0.0,0.176926367379301,0.0,0.0,0.1943468927507029,0.0,0.0,0.0,0.0,0.0,0.0,0.0,0.0,0.0,0.0,0.0,0.0,0.0,0.0,0.0,0.0,0.0,0.0,0.0,0.0,0.0,0.0,0.0,0.0,0.0,0.0,0.0,0.0,0.0,0.0,0.0,0.0,0.0,0.0,0.0,0.0,0.0,0.0,0.0,0.0,0.0,0.0,0.1497770996699457,0.0,0.0,0.0,0.0,0.0,0.0,0.0,0.0,0.0,0.0,0.0,0.0,0.0,0.0,0.0
3a99f6960db39c701811edf0ec230f829ac336e829c551f8b849c997e334188a,0.0,0.0,0.0,0.0,0.0,0.0,0.0,0.0,0.0,0.0,0.2637610998013458,0.0,0.17180530462888846,0.0,0.0,0.0,0.0,0.0,0.0,0.0,0.0,0.25108293597709647,0.0,0.0,0.0,0.0,0.0,0.0,0.0,0.0,0.0,0.0,0.0,0.0,0.0,0.0,0.0,0.0,0.0,0.0,0.0,0.0,0.0,0.2972455593249807,0.0,0.0,0.0,0.0,0.0,0.0,0.0,0.0,0.0,0.0,0.0,0.0,0.0,0.0,0.0,0.0,0.0,0.0,0.0,0.0,0.0,0.0,0.0,0.0,0.0,0.0,0.0,0.0,0.0,0.0,0.0,0.1633330032686792,0.3478617156885955,0.27745973582862415,0.0,0.14943698139492897,0.0,0.0,0.0,0.0,0.0,0.0,0.0,0.0,0.35836640956104576,0.0,0.0,0.0,0.0,0.0,0.0,0.0,0.0,0.0,0.0,0.2100323120796251,0.0,0.0,0.0,0.0,0.0,0.0,0.0,0.0,0.0,0.0,0.0,0.0,0.0,0.0,0.0,0.0,0.21467101361999633,0.0,0.21834255191860388,0.0,0.0,0.0,0.0,0.0,0.271080178240831,0.0,0.0,0.0,0.0,0.0,0.0,0.0,0.0,0.24629005723015687,0.0,0.0,0.0,0.0,0.0,0.0,0.0,0.0,0.0,0.2654437447416879,0.0,0.1778029527550199,0.0,0.0,0.0,0.0,0.0,0.0,0.0,0.0,0.0,0.0,0.0,0.0,0.0,0.0,0.0
c10fe0c81ce363d98aa22cb8ac0b50303ad1f37bd57d0ad720690c6f469f7a3b,0.0,0.0,0.0,0.0,0.0,0.0,0.0,0.0,0.0,0.0,0.0,0.0,0.0,0.0,0.0,0.0,0.0,0.0,0.0,0.0,0.0,0.0,0.0,0.0,0.0,0.0,0.44840158803664737,0.0,0.0,0.0,0.0,0.0,0.0,0.0,0.0,0.0,0.0,0.0,0.0,0.0,0.0,0.0,0.3919454660348673,0.0,0.4142571691981958,0.0,0.0,0.0,0.0,0.0,0.0,0.0,0.0,0.0,0.0,0.0,0.0,0.0,0.4115066649215471,0.0,0.0,0.0,0.0,0.0,0.0,0.0,0.0,0.0,0.0,0.0,0.0,0.0,0.0,0.0,0.0,0.0,0.0,0.3445000197422454,0.0,0.1855441939603532,0.0,0.0,0.0,0.0,0.0,0.0,0.0,0.0,0.0,0.0,0.0,0.0,0.0,0.0,0.0,0.0,0.0,0.0,0.0,0.0,0.0,0.0,0.0,0.0,0.0,0.0,0.0,0.0,0.0,0.0,0.0,0.0,0.0,0.0,0.0,0.0,0.0,0.0,0.0,0.24030823204001464,0.0,0.0,0.0,0.0,0.0,0.0,0.0,0.0,0.0,0.0,0.0,0.0,0.0,0.30579907143901547,0.0,0.0,0.0,0.0,0.0,0.0,0.0,0.0,0.0,0.0,0.0,0.0,0.0,0.0,0.0,0.0,0.0,0.0,0.0,0.0,0.0,0.0,0.0,0.0,0.0,0.0,0.0
8bb4dbfeb12ea6c27f6a4bf9ba8188cc231208519e0d7c42bb48c1d75062c76d,0.0,0.0,0.0,0.0,0.0,0.0,0.0,0.0,0.0,0.0,0.19941047149246519,0.0,0.1298894220063396,0.0,0.0,0.0,0.0,0.0,0.0,0.0,0.0,0.1898254393260222,0.0,0.0,0.0,0.0,0.0,0.0,0.0,0.0,0.0,0.0,0.0,0.0,0.0,0.0,0.0,0.0,0.0,0.0,0.0,0.0,0.0,0.22472562170342258,0.0,0.0,0.0,0.0,0.3189529689462757,0.31664212469069675,0.0,0.0,0.0,0.0,0.0,0.0,0.0,0.0,0.0,0.0,0.0,0.0,0.0,0.0,0.0,0.0,0.0,0.0,0.0,0.0,0.0,0.0,0.4527906453464712,0.0,0.0,0.1234841347591374,0.26299279458527175,0.2097670080365599,0.0,0.11297836921675397,0.0,0.0,0.0,0.0,0.0,0.0,0.0,0.0,0.27093462512649635,0.0,0.0,0.0,0.0,0.0,0.0,0.0,0.0,0.0,0.0,0.15879006575266386,0.0,0.0,0.0,0.0,0.0,0.0,0.0,0.0,0.0,0.0,0.0,0.0,0.0,0.0,0.0,0.0,0.16229704863215186,0.0,0.1650728301396577,0.1463243423884417,0.0,0.0,0.0,0.0,0.2049438912560593,0.0,0.0,0.0,0.0,0.0,0.0,0.0,0.0,0.18620189433984619,0.0,0.0,0.0,0.0,0.0,0.0,0.0,0.0,0.0,0.20068259623398602,0.0,0.13442380498236806,0.0,0.0,0.0,0.0,0.0,0.0,0.0,0.0,0.0,0.0,0.0,0.0,0.0,0.0,0.0
dca68095317df735cbaac8724a3d4af4aa504d1b58e30699388b67ec44a0e5b8,0.0,0.0,0.0,0.0,0.0,0.0,0.0,0.0,0.0,0.0,0.0,0.3571042021940839,0.13283060011779568,0.44865504254961525,0.0,0.0,0.0,0.0,0.0,0.0,0.0,0.0,0.0,0.45799685684445274,0.0,0.0,0.0,0.0,0.0,0.0,0.0,0.0,0.0,0.0,0.2174570040843506,0.0,0.0,0.0,0.0,0.0,0.0,0.0,0.0,0.0,0.0,0.0,0.0,0.0,0.0,0.0,0.0,0.0,0.0,0.0,0.0,0.0,0.0,0.0,0.0,0.0,0.0,0.0,0.0,0.0,0.0,0.0,0.0,0.0,0.0,0.0,0.0,0.0,0.0,0.0,0.0,0.12628027341812645,0.0,0.0,0.0,0.11553661839113326,0.0,0.0,0.0,0.0,0.0,0.0,0.0,0.0,0.27706958959664946,0.0,0.0,0.0,0.0,0.0,0.0,0.0,0.0,0.0,0.0,0.1623856615948381,0.0,0.0,0.1783744798793405,0.0,0.0,0.0,0.21237106365497718,0.0,0.0,0.0,0.0,0.0,0.0,0.0,0.0,0.0,0.16597205556972613,0.15350820299693455,0.16881069106246,0.14963766803389023,0.0,0.0,0.0,0.0,0.0,0.0,0.0,0.0,0.0,0.0,0.0,0.0,0.0,0.0,0.0,0.0,0.0,0.0,0.0,0.0,0.0,0.0,0.25737962614650917,0.0,0.0,0.13746765833675043,0.0,0.0,0.0,0.0,0.0,0.0,0.0,0.0,0.0,0.0,0.0,0.0,0.0,0.0,0.0
8bfa4c75f7d250744c857d4654efad7f5a2c1f3f2a189a0f6947760f911c84d7,0.0,0.0,0.0,0.0,0.0,0.0,0.0,0.0,0.0,0.0,0.0,0.0,0.3159261550630406,0.0,0.0,0.0,0.0,0.6190717999722164,0.0,0.0,0.0,0.0,0.0,0.0,0.0,0.0,0.0,0.0,0.0,0.0,0.0,0.0,0.0,0.0,0.0,0.0,0.0,0.0,0.0,0.0,0.0,0.0,0.5804774796075306,0.0,0.0,0.0,0.0,0.0,0.0,0.0,0.0,0.0,0.0,0.0,0.0,0.0,0.0,0.0,0.0,0.0,0.0,0.0,0.0,0.0,0.0,0.0,0.0,0.0,0.0,0.0,0.0,0.0,0.0,0.0,0.0,0.0,0.0,0.0,0.0,0.0,0.0,0.0,0.0,0.0,0.0,0.0,0.0,0.0,0.0,0.0,0.0,0.0,0.0,0.0,0.0,0.0,0.0,0.0,0.0,0.0,0.0,0.0,0.42424835496997776,0.0,0.0,0.0,0.0,0.0,0.0,0.0,0.0,0.0,0.0,0.0,0.0,0.0,0.0,0.0,0.0,0.0,0.0,0.0,0.0,0.0,0.0,0.0,0.0,0.0,0.0,0.0,0.0,0.0,0.0,0.0,0.0,0.0,0.0,0.0,0.0,0.0,0.0,0.0,0.0,0.0,0.0,0.0,0.0,0.0,0.0,0.0,0.0,0.0,0.0,0.0,0.0,0.0,0.0,0.0,0.0,0.0,0.0
8c1a72991fb04dc3a8cf89605fb85150ef0e742472a0c58b8fa942a1f04877b0,0.0,0.3818865752012833,0.44973029234263284,0.0,0.0,0.0,0.0,0.0,0.0,0.0,0.0,0.0,0.17834781341703312,0.0,0.0,0.0,0.0,0.0,0.0,0.0,0.5041262733994498,0.0,0.0,0.0,0.0,0.0,0.0,0.0,0.0,0.0,0.0,0.0,0.0,0.0,0.0,0.0,0.0,0.0,0.0,0.0,0.0,0.0,0.0,0.0,0.0,0.0,0.0,0.0,0.0,0.0,0.0,0.0,0.0,0.0,0.0,0.0,0.0,0.0,0.0,0.0,0.0,0.0,0.0,0.0,0.0,0.0,0.0,0.0,0.0,0.0,0.0,0.0,0.0,0.0,0.0,0.0,0.0,0.0,0.0,0.1551276832400322,0.0,0.0,0.0,0.0,0.0,0.0,0.0,0.0,0.0,0.0,0.0,0.0,0.0,0.0,0.0,0.0,0.0,0.0,0.0,0.21803054153210638,0.0,0.0,0.23949826642105876,0.0,0.0,0.0,0.0,0.0,0.0,0.0,0.0,0.0,0.0,0.0,0.0,0.0,0.2228458892223681,0.0,0.0,0.0,0.0,0.0,0.3914906534057156,0.0,0.0,0.0,0.0,0.0,0.0,0.0,0.0,0.0,0.0,0.0,0.0,0.0,0.0,0.0,0.0,0.0,0.0,0.0,0.0,0.0,0.0,0.18457385766666132,0.0,0.0,0.0,0.0,0.0,0.0,0.0,0.0,0.0,0.0,0.0,0.0,0.0,0.0,0.0
8c4294e3154675cd926ab6b772dbbe0e7a49cae16f4a37d908e1ca6748251c43,0.0,0.0,0.0,0.0,0.0,0.0,0.0,0.0,0.0,0.0,0.15757205346227932,0.0,0.10263725267477167,0.0,0.0,0.0,0.0,0.0,0.0,0.0,0.0,0.14999806203813543,0.0,0.0,0.0,0.0,0.0,0.0,0.0,0.0,0.0,0.0,0.0,0.0,0.0,0.0,0.0,0.0,0.0,0.0,0.0,0.2966804484528936,0.0,0.0,0.0,0.0,0.0,0.21408968604152773,0.25203327537718745,0.2502072705949018,0.0,0.0,0.0,0.0,0.0,0.0,0.0,0.0,0.1979958286235085,0.0,0.0,0.0,0.0,0.0,0.0,0.0,0.0,0.16773955058427079,0.0,0.0,0.0,0.0,0.0,0.0,0.0,0.0975758621820686,0.0,0.0,0.0,0.08927431694566829,0.0,0.0,0.0,0.0,0.0,0.0,0.0,0.0,0.0,0.0,0.0,0.0,0.0,0.0,0.0,0.0,0.0,0.0,0.0,0.12547423684820394,0.0,0.0,0.1378286821400432,0.0,0.0,0.0,0.1640975987598936,0.0,0.0,0.0,0.0,0.0,0.0,0.0,0.0,0.0,0.0,0.11861468821697872,0.1304388110677464,0.11562395359230473,0.1378286821400432,0.0,0.0,0.0,0.16194450345596598,0.0,0.0,0.0,0.0,0.0,0.0,0.0,0.2629971914351835,0.0,0.0,0.0,0.0,0.3233930417817884,0.0,0.0,0.0,0.0,0.0,0.0,0.0,0.10622027432538847,0.0,0.0,0.0,0.0,0.0,0.0,0.0,0.0,0.15416017844325022,0.0,0.0,0.0,0.0,0.48701806802855685,0.0
8cf3201b5683581835a69266235c7425658b29e1e465d2c1fc9e3eade4d6b1be,0.0,0.0,0.0,0.0,0.0,0.0,0.0,0.0,0.0,0.0,0.16033803574320682,0.0,0.10443892255228872,0.0,0.0,0.0,0.0,0.0,0.0,0.0,0.0,0.15263109227829957,0.0,0.0,0.0,0.0,0.0,0.0,0.0,0.0,0.0,0.0,0.0,0.0,0.0,0.0,0.0,0.4744542604406019,0.0,0.0,0.0,0.0,0.19189434481605838,0.0,0.0,0.0,0.0,0.0,0.0,0.0,0.0,0.0,0.0,0.0,0.0,0.0,0.0,0.0,0.20147140022162366,0.0,0.0,0.0,0.0,0.0,0.20191753759715114,0.0,0.0,0.0,0.0,0.0,0.0,0.0,0.0,0.0,0.0,0.09928868561688176,0.0,0.0,0.0,0.09084141703345597,0.0,0.40021350454785987,0.0,0.0,0.0,0.0,0.0,0.0,0.0,0.0,0.0,0.0,0.0,0.0,0.0,0.0,0.0,0.0,0.0,0.0,0.0,0.0,0.14024809398514052,0.0,0.0,0.0,0.0,0.0,0.0,0.0,0.0,0.42358462397071217,0.0,0.0,0.0,0.0,0.0,0.1206968221909733,0.0,0.0,0.14024809398514052,0.0,0.0,0.0,0.16478723868223524,0.0,0.0,0.0,0.0,0.0,0.0,0.0,0.0,0.0,0.0,0.0,0.0,0.32906980618060866,0.0,0.0,0.0,0.0,0.0,0.0,0.0,0.0,0.22303034430683802,0.0,0.0,0.0,0.0,0.0,0.0,0.0,0.0,0.0,0.0,0.0,0.0,0.0,0.0
3aa75da2773573786f07530f5a09b8e0aacd0402fd11e14d8067b5f4607bbd6a,0.0,0.0,0.0,0.0,0.0,0.0,0.0,0.0,0.0,0.0,0.0,0.0,0.21607791199009177,0.0,0.0,0.0,0.0,0.0,0.0,0.0,0.0,0.0,0.0,0.0,0.0,0.0,0.0,0.0,0.0,0.0,0.0,0.0,0.0,0.0,0.0,0.0,0.0,0.0,0.0,0.0,0.0,0.0,0.0,0.0,0.0,0.0,0.0,0.4507140549158364,0.0,0.0,0.0,0.0,0.0,0.0,0.0,0.0,0.0,0.0,0.0,0.0,0.0,0.0,0.0,0.0,0.41775536219582676,0.0,0.0,0.35313505480563806,0.0,0.0,0.0,0.0,0.0,0.0,0.0,0.20542237843937153,0.0,0.0,0.0,0.18794548272922765,0.0,0.0,0.0,0.0,0.0,0.0,0.0,0.0,0.0,0.0,0.0,0.0,0.0,0.0,0.0,0.0,0.0,0.0,0.0,0.26415565888752934,0.0,0.0,0.2901649554429955,0.0,0.0,0.0,0.0,0.0,0.0,0.0,0.0,0.0,0.0,0.0,0.0,0.0,0.26998971008492234,0.24971453827290904,0.0,0.0,0.2901649554429955,0.0,0.0,0.0,0.0,0.0,0.0,0.0,0.0,0.0,0.0,0.0,0.0,0.0,0.0,0.0,0.0,0.0,0.0,0.0,0.0,0.0,0.0,0.0,0.0,0.0,0.0,0.0,0.0,0.0,0.0,0.0,0.0,0.0,0.0,0.0,0.0,0.0,0.0,0.0,0.0
d2c72e0d3a6a14fc83ae9f0ee58da6674ec7096fd7ddf61a7fabb6737c08fffb,0.0,0.0,0.0,0.0,0.0,0.0,0.0,0.0,0.0,0.0,0.0,0.0,0.36762250705447846,0.0,0.0,0.0,0.0,0.0,0.0,0.0,0.0,0.0,0.0,0.0,0.0,0.0,0.0,0.0,0.0,0.0,0.0,0.0,0.0,0.0,0.0,0.0,0.0,0.0,0.0,0.0,0.0,0.0,0.0,0.0,0.0,0.0,0.0,0.0,0.0,0.0,0.0,0.0,0.0,0.0,0.0,0.0,0.0,0.0,0.0,0.0,0.0,0.0,0.0,0.0,0.0,0.0,0.0,0.0,0.0,0.0,0.0,0.0,0.0,0.0,0.0,0.0,0.0,0.0,0.0,0.0,0.0,0.0,0.0,0.0,0.0,0.0,0.0,0.0,0.0,0.0,0.0,0.0,0.0,0.0,0.0,0.0,0.0,0.0,0.0,0.0,0.0,0.0,0.49366993320537284,0.0,0.0,0.0,0.0,0.0,0.0,0.0,0.0,0.0,0.0,0.0,0.0,0.0,0.0,0.0,0.0,0.4141378163135669,0.0,0.0,0.0,0.0,0.0,0.0,0.0,0.0,0.0,0.0,0.0,0.0,0.0,0.0,0.0,0.0,0.0,0.0,0.0,0.0,0.0,0.0,0.0,0.0,0.0,0.3804560481684837,0.0,0.0,0.0,0.0,0.0,0.0,0.0,0.0,0.5521655131090979,0.0,0.0,0.0,0.0,0.0,0.0
8eb7939848c171ebb4a2203ad90741bcdc5c7e1feebdd3cd1b7ca4bd4dc307ed,0.0,0.2582797528202888,0.0,0.0,0.0,0.0,0.0,0.0,0.0,0.0,0.18518164422725533,0.0,0.12062123194854721,0.0,0.0,0.0,0.0,0.0,0.0,0.0,0.0,0.1762805468913508,0.3960978769458893,0.0,0.0,0.0,0.0,0.0,0.0,0.0,0.0,0.0,0.0,0.0,0.0,0.0,0.0,0.0,0.0,0.0,0.0,0.0,0.0,0.2086904454694317,0.0,0.0,0.0,0.0,0.29619425087647816,0.0,0.0,0.0,0.0,0.0,0.0,0.0,0.0,0.0,0.0,0.0,0.0,0.0,0.0,0.0,0.0,0.0,0.0,0.0,0.0,0.0,0.0,0.0,0.0,0.0,0.0,0.11467299053821792,0.2442270847499683,0.19479919565964127,0.0,0.10491685826269638,0.0,0.0,0.0,0.0,0.0,0.0,0.0,0.0,0.25160223023150224,0.0,0.0,0.0,0.0,0.0,0.0,0.0,0.0,0.0,0.0,0.14745968575749221,0.0,0.0,0.0,0.0,0.0,0.0,0.0,0.0,0.0,0.0,0.0,0.0,0.0,0.0,0.0,0.0,0.15071642975413316,0.0,0.15329414686060397,0.1358834473995382,0.0,0.0,0.0,0.0,0.19032022979075552,0.0,0.0,0.0,0.0,0.0,0.0,0.0,0.0,0.1729155580146415,0.0,0.0,0.0,0.0,0.0,0.0,0.0,0.0,0.0,0.18636299718998525,0.0,0.12483206645875375,0.2575878248718098,0.2794821470879806,0.0,0.0,0.0,0.0,0.0,0.0,0.1811719444610912,0.0,0.0,0.0,0.0,0.0,0.0
8f514ff2413fa5e432688b4e5fbe53517d2fd009bcf08c74c0d0b257c961c0f9,0.0,0.0,0.0,0.0,0.0,0.0,0.0,0.0,0.0,0.0,0.26585558813341115,0.0,0.17316958543528163,0.0,0.0,0.0,0.0,0.0,0.0,0.0,0.0,0.25307674886376097,0.0,0.0,0.0,0.0,0.36400965888500847,0.0,0.0,0.0,0.0,0.0,0.0,0.0,0.0,0.0,0.0,0.0,0.0,0.0,0.0,0.0,0.0,0.0,0.3362914290976603,0.0,0.0,0.0,0.0,0.0,0.0,0.0,0.0,0.0,0.0,0.0,0.0,0.0,0.33405858659616855,0.0,0.0,0.0,0.0,0.0,0.0,0.0,0.0,0.0,0.0,0.0,0.0,0.0,0.0,0.0,0.0,0.16463000676860806,0.0,0.2796630030266631,0.0,0.15062363861673492,0.0,0.0,0.0,0.0,0.0,0.0,0.0,0.0,0.0,0.0,0.0,0.0,0.0,0.0,0.0,0.0,0.0,0.0,0.0,0.21170014796345635,0.0,0.0,0.0,0.0,0.0,0.0,0.0,0.0,0.0,0.0,0.0,0.0,0.0,0.0,0.0,0.0,0.0,0.0,0.0,0.19508074883311072,0.0,0.0,0.0,0.0,0.27323278630474657,0.0,0.314355998289468,0.0,0.0,0.0,0.0,0.0,0.0,0.24824581056740325,0.0,0.0,0.0,0.0,0.0,0.0,0.0,0.0,0.0,0.0,0.0,0.17921486000833597,0.0,0.0,0.0,0.0,0.0,0.0,0.0,0.0,0.0,0.0,0.0,0.0,0.0,0.0,0.0
8fe2ada7119ce697fc34046eeb62cfef1c568f42760376226c4ab82fea01eb44,0.0,0.46666584421133694,0.0,0.0,0.0,0.0,0.0,0.0,0.0,0.0,0.0,0.0,0.21794123783387212,0.0,0.0,0.0,0.0,0.0,0.0,0.0,0.0,0.0,0.0,0.0,0.0,0.0,0.0,0.0,0.0,0.0,0.0,0.0,0.0,0.0,0.0,0.0,0.0,0.0,0.0,0.0,0.0,0.0,0.40044161717192234,0.0,0.0,0.0,0.0,0.0,0.0,0.0,0.0,0.0,0.0,0.0,0.0,0.0,0.0,0.0,0.0,0.0,0.0,0.0,0.0,0.0,0.0,0.0,0.0,0.3561802789468002,0.0,0.0,0.0,0.0,0.0,0.0,0.0,0.0,0.0,0.0,0.0,0.1895662114375243,0.0,0.0,0.0,0.0,0.0,0.0,0.0,0.0,0.0,0.0,0.0,0.0,0.0,0.0,0.0,0.0,0.0,0.0,0.0,0.0,0.0,0.0,0.0,0.0,0.0,0.0,0.0,0.0,0.0,0.0,0.0,0.0,0.0,0.0,0.0,0.0,0.0,0.0,0.27697541784135127,0.0,0.0,0.0,0.0,0.0,0.0,0.0,0.3956303020273371,0.0,0.0,0.0,0.0,0.0,0.0,0.0,0.0,0.0,0.0,0.0,0.0,0.0,0.0,0.0,0.42229451847575017,0.0,0.0,0.0,0.0,0.0,0.0,0.0,0.0,0.0,0.0,0.0,0.0,0.0,0.0,0.0,0.0,0.0,0.0
9ad3050367fc8aab3996eedb6bd086731288c5401b587cce63fda64f6732fa93,0.0,0.0,0.0,0.0,0.0,0.0,0.30534877471567196,0.0,0.0,0.0,0.0,0.0,0.11463076053162305,0.0,0.0,0.0,0.29617042896160733,0.2246242361299131,0.0,0.0,0.0,0.0,0.0,0.0,0.0,0.302617964364577,0.0,0.0,0.0,0.0,0.0,0.0,0.0,0.0,0.0,0.0,0.0,0.0,0.0,0.0,0.0,0.0,0.0,0.0,0.0,0.0,0.0,0.0,0.0,0.2794448309106497,0.0,0.0,0.0,0.0,0.0,0.0,0.0,0.0,0.0,0.0,0.16652828889778123,0.30397179775573047,0.0,0.0,0.0,0.0,0.0,0.0,0.0,0.0,0.0,0.0,0.0,0.0,0.0,0.10897792955255797,0.0,0.0,0.0,0.0,0.0,0.0,0.0,0.0,0.0,0.0,0.0,0.0,0.2391067852398683,0.0,0.0,0.0,0.0,0.0,0.0,0.0,0.0,0.0,0.0,0.14013632304257911,0.0,0.0,0.15393442678018984,0.0,0.0,0.0,0.0,0.0,0.0,0.0,0.0,0.0,0.0,0.0,0.23043700709273485,0.26227991869379563,0.1432313257644133,0.13247521310433272,0.14568102444164263,0.12913500108929593,0.15393442678018984,0.0,0.0,0.0,0.0,0.0,0.0,0.0,0.0,0.0,0.0,0.0,0.2937292969778238,0.0,0.0,0.0,0.0,0.0,0.0,0.0,0.0,0.0,0.0,0.17710756023411714,0.0,0.11863247030178756,0.0,0.0,0.0,0.0,0.0,0.0,0.0,0.0,0.0,0.0,0.0,0.0,0.0,0.0,0.0
a6371461da7439f4ef7008ed53331209747cba960b85c70a902d46451247a29c,0.0,0.3481768350359786,0.0,0.0,0.0,0.0,0.0,0.0,0.0,0.0,0.0,0.0,0.16260476603138044,0.0,0.7386951351677368,0.0,0.0,0.0,0.0,0.0,0.0,0.0,0.0,0.0,0.0,0.0,0.0,0.0,0.0,0.0,0.0,0.0,0.0,0.0,0.0,0.0,0.0,0.0,0.0,0.0,0.0,0.0,0.0,0.0,0.0,0.0,0.0,0.0,0.0,0.0,0.0,0.0,0.0,0.0,0.0,0.0,0.0,0.0,0.0,0.0,0.0,0.0,0.0,0.0,0.0,0.0,0.0,0.0,0.0,0.0,0.0,0.0,0.0,0.0,0.0,0.0,0.0,0.0,0.0,0.141434313967465,0.0,0.0,0.0,0.0,0.0,0.0,0.0,0.0,0.3391751279510927,0.0,0.0,0.0,0.0,0.0,0.0,0.0,0.0,0.0,0.0,0.0,0.0,0.0,0.21835737052326637,0.0,0.0,0.0,0.0,0.0,0.0,0.0,0.0,0.0,0.0,0.0,0.0,0.0,0.0,0.0,0.2066498449865053,0.1831791618689849,0.21835737052326637,0.0,0.0,0.0,0.0,0.0,0.0,0.0,0.0,0.0,0.0,0.0,0.0,0.0,0.0,0.0,0.0,0.0,0.0,0.0,0.0,0.0,0.0,0.0,0.0,0.0,0.0,0.0,0.0,0.0,0.0,0.0,0.0,0.0,0.0,0.0,0.0,0.0,0.0,0.0,0.0
3b2e708eaa4744c76a633391cf2c983f4a098b46436525619e5ea44e105355fe,0.0,0.25390257657612975,0.0,0.0,0.0,0.0,0.0,0.0,0.0,0.0,0.18204329255580293,0.0,0.11857701289823026,0.0,0.0,0.0,0.0,0.0,0.0,0.0,0.0,0.17329304588233024,0.0,0.0,0.0,0.0,0.0,0.0,0.0,0.0,0.0,0.0,0.0,0.0,0.0,0.0,0.0,0.0,0.0,0.0,0.0,0.0,0.0,0.0,0.0,0.0,0.0,0.0,0.0,0.0,0.0,0.0,0.0,0.0,0.0,0.0,0.0,0.0,0.0,0.0,0.0,0.0,0.0,0.24066872400442488,0.0,0.0,0.0,0.0,0.0,0.0,0.0,0.0,0.0,0.0,0.0,0.11272957885166647,0.0,0.0,0.0,0.10313878787744701,0.0,0.0,0.0,0.0,0.0,0.0,0.538682012271034,0.0,0.0,0.0,0.0,0.0,0.0,0.0,0.0,0.0,0.0,0.0,0.0,0.0,0.0,0.0,0.0,0.0,0.2704716707674256,0.0,0.18958226742855291,0.0,0.0,0.0,0.0,0.0,0.0,0.0,0.0,0.0,0.0,0.0,0.0,0.0,0.0,0.0,0.0,0.0,0.0,0.0,0.0,0.0,0.0,0.0,0.0,0.48092605891180223,0.0,0.0,0.0,0.0,0.0,0.0,0.0,0.0,0.38271554186066026,0.0,0.0,0.0,0.0,0.0,0.0,0.0,0.0,0.0,0.0,0.0,0.0,0.0,0.0,0.0,0.0,0.0,0.0,0.0,0.0
9c183568a371d5bfd048cb80caed15756b50d8cb7f5e3e8ec6bce045c35216ed,0.0,0.0,0.0,0.0,0.0,0.0,0.0,0.0,0.0,0.0,0.2401893115234762,0.0,0.1564514170814936,0.0,0.0,0.0,0.0,0.30657373195808246,0.0,0.0,0.0,0.2286441691858768,0.0,0.0,0.0,0.0,0.0,0.0,0.0,0.0,0.0,0.0,0.0,0.0,0.0,0.0,0.0,0.0,0.0,0.0,0.0,0.0,0.0,0.0,0.0,0.0,0.0,0.3263399388705782,0.0,0.0,0.0,0.0,0.0,0.0,0.0,0.0,0.0,0.0,0.0,0.0,0.0,0.0,0.0,0.0,0.3024761661521735,0.0,0.0,0.0,0.0,0.0,0.0,0.0,0.0,0.0,0.0,0.14873626790953184,0.3167740279349284,0.2526637285572267,0.0,0.1360821049973927,0.0,0.0,0.0,0.0,0.0,0.0,0.0,0.0,0.0,0.0,0.0,0.0,0.0,0.0,0.0,0.0,0.0,0.0,0.0,0.0,0.0,0.0,0.0,0.0,0.35686238957866745,0.0,0.0,0.0,0.0,0.0,0.0,0.0,0.0,0.0,0.0,0.0,0.19548630561621053,0.18080604823892854,0.19882972607070065,0.0,0.0,0.0,0.0,0.0,0.0,0.0,0.28400738661371533,0.0,0.0,0.0,0.0,0.0,0.0,0.22427962017804373,0.0,0.0,0.0,0.0,0.0,0.0,0.0,0.0,0.0,0.0,0.0,0.0,0.0,0.0,0.0,0.0,0.0,0.0,0.0,0.0,0.0,0.0,0.0,0.0,0.0,0.0,0.0
9d3e25d86425f4cb1cb83594f63474b17fb75437fe4a090d5bf4995eaee2abd2,0.0,0.0,0.0,0.0,0.0,0.0,0.0,0.0,0.0,0.0,0.0,0.0,0.13644644978758455,0.0,0.0,0.0,0.0,0.0,0.0,0.0,0.0,0.1994081340522102,0.0,0.0,0.0,0.0,0.0,0.0,0.0,0.0,0.0,0.5809844085247242,0.0,0.0,0.0,0.0,0.0,0.0,0.0,0.0,0.0,0.0,0.0,0.0,0.0,0.0,0.0,0.0,0.0,0.0,0.0,0.0,0.0,0.0,0.0,0.0,0.0,0.0,0.0,0.0,0.1982207367719168,0.0,0.0,0.0,0.0,0.0,0.0,0.0,0.0,0.0,0.0,0.0,0.0,0.0,0.0,0.0,0.0,0.0,0.0,0.11868169974352967,0.0,0.0,0.0,0.0,0.0,0.0,0.0,0.0,0.0,0.0,0.0,0.0,0.0,0.0,0.0,0.0,0.0,0.0,0.0,0.0,0.0,0.0,0.0,0.0,0.0,0.0,0.0,0.0,0.0,0.0,0.0,0.0,0.0,0.0,0.27429209552183126,0.0,0.0,0.15768692826523956,0.0,0.1537110314913202,0.0,0.0,0.0,0.0,0.0,0.0,0.0,0.0,0.0,0.0,0.0,0.0,0.0,0.0,0.0,0.0,0.0,0.0,0.0,0.0,0.0,0.0,0.0,0.2108133777741055,0.0,0.14120973573881584,0.0,0.0,0.0,0.0,0.0,0.0,0.0,0.0,0.20494127131261713,0.0,0.0,0.0,0.0,0.0,0.5662042710083932
9d48a1d3ff1c1a0c5cd05d1cc0f5a3e04e9ae7ae6b2a6ee12a9608b6c7d83d47,0.0,0.0,0.0,0.0,0.45585356718244546,0.0,0.0,0.0,0.0,0.0,0.0,0.0,0.16384344402515535,0.0,0.0,0.0,0.0,0.0,0.0,0.0,0.0,0.0,0.0,0.0,0.0,0.0,0.0,0.0,0.0,0.0,0.0,0.0,0.0,0.0,0.0,0.0,0.0,0.0,0.0,0.0,0.0,0.0,0.301043227709215,0.0,0.0,0.0,0.0,0.0,0.0,0.0,0.0,0.0,0.470892261941437,0.0,0.0,0.0,0.0,0.0,0.0,0.0,0.0,0.0,0.0,0.0,0.0,0.0,0.0,0.0,0.0,0.0,0.0,0.0,0.0,0.0,0.0,0.0,0.0,0.0,0.0,0.14251172133104956,0.0,0.0,0.0,0.0,0.0,0.0,0.0,0.0,0.0,0.0,0.0,0.0,0.0,0.0,0.0,0.0,0.0,0.0,0.0,0.2002989223296991,0.0,0.0,0.22002075638978844,0.0,0.0,0.0,0.0,0.0,0.0,0.0,0.0,0.0,0.0,0.47637582257855743,0.0,0.0,0.0,0.0,0.0,0.0,0.0,0.0,0.0,0.0,0.0,0.0,0.2974261864763845,0.0,0.0,0.0,0.0,0.0,0.0,0.0,0.0,0.0,0.0,0.0,0.0,0.0,0.0,0.0,0.0,0.0,0.0,0.16956314707599562,0.0,0.0,0.0,0.0,0.0,0.0,0.0,0.0,0.0,0.0,0.0,0.0,0.0,0.0,0.0
c79762f99daabb3053394d3b98d951a346c1aeb957606fde0040d3905aca3dfa,0.0,0.0,0.0,0.0,0.0,0.0,0.0,0.0,0.0,0.0,0.22628220299142413,0.0,0.14739278402432274,0.0,0.0,0.0,0.0,0.0,0.0,0.0,0.0,0.21540553147997674,0.0,0.0,0.0,0.0,0.0,0.0,0.0,0.0,0.0,0.0,0.0,0.0,0.0,0.0,0.0,0.0,0.0,0.0,0.0,0.0,0.0,0.2550087182838304,0.0,0.0,0.0,0.0,0.0,0.0,0.0,0.0,0.0,0.0,0.0,0.0,0.0,0.0,0.0,0.0,0.0,0.0,0.0,0.0,0.0,0.0,0.0,0.0,0.0,0.0,0.0,0.0,0.5138068425196997,0.0,0.0,0.14012434672390467,0.2984326173255901,0.2380343436238557,0.0,0.1282028676097462,0.0,0.0,0.0,0.0,0.0,0.0,0.0,0.0,0.30744465614783817,0.0,0.0,0.0,0.0,0.0,0.0,0.0,0.0,0.0,0.0,0.180187959151501,0.0,0.0,0.0,0.0,0.0,0.0,0.0,0.0,0.0,0.0,0.0,0.0,0.0,0.0,0.0,0.0,0.18416752855868598,0.0,0.18731736291713397,0.0,0.0,0.0,0.0,0.0,0.23256128354727984,0.0,0.0,0.0,0.0,0.0,0.0,0.0,0.0,0.21129369253805128,0.0,0.0,0.0,0.0,0.0,0.0,0.0,0.0,0.0,0.22772575400876427,0.0,0.15253820172151375,0.0,0.0,0.0,0.0,0.0,0.0,0.0,0.0,0.0,0.0,0.0,0.0,0.0,0.0,0.0
60bcf1dac338d9839433c559cc05743bb50eb27ef1bdeb17fe67d4c2e7ba6f78,0.0,0.0,0.0,0.0,0.0,0.0,0.0,0.0,0.0,0.0,0.0,0.0,0.24757235420450027,0.0,0.0,0.0,0.0,0.0,0.0,0.0,0.0,0.0,0.0,0.0,0.0,0.0,0.0,0.0,0.0,0.0,0.0,0.0,0.0,0.0,0.0,0.0,0.0,0.0,0.0,0.0,0.0,0.0,0.0,0.0,0.0,0.0,0.0,0.0,0.0,0.0,0.0,0.0,0.0,0.0,0.0,0.0,0.0,0.0,0.0,0.0,0.0,0.0,0.0,0.0,0.47864530690724666,0.0,0.0,0.40460626477349504,0.0,0.0,0.0,0.0,0.0,0.0,0.0,0.2353637230577044,0.0,0.0,0.0,0.21533948191571642,0.0,0.0,0.0,0.0,0.0,0.0,0.0,0.0,0.0,0.0,0.0,0.0,0.0,0.0,0.0,0.0,0.0,0.0,0.0,0.3026576744698707,0.0,0.0,0.3324579567853302,0.0,0.0,0.0,0.0,0.0,0.0,0.0,0.0,0.0,0.0,0.0,0.0,0.0,0.30934206796565006,0.0,0.0,0.0,0.0,0.0,0.0,0.0,0.0,0.0,0.0,0.0,0.0,0.0,0.0,0.0,0.0,0.0,0.0,0.0,0.0,0.0,0.0,0.0,0.0,0.0,0.0,0.3825058425088239,0.0,0.0,0.0,0.0,0.0,0.0,0.0,0.0,0.0,0.0,0.0,0.0,0.0,0.0,0.0,0.0,0.0
9ecc8cb04d905f1efb4a9b379842f4d72a3935c01459c6b8eec6f9c0d98378a6,0.0,0.0,0.0,0.0,0.0,0.0,0.0,0.0,0.0,0.0,0.0,0.3154284864995197,0.0,0.0,0.0,0.0,0.0,0.0,0.0,0.0,0.0,0.0,0.0,0.0,0.0,0.0,0.0,0.0,0.0,0.0,0.0,0.0,0.0,0.0,0.0,0.0,0.0,0.0,0.0,0.0,0.0,0.0,0.21557772252194207,0.2029938555795001,0.0,0.0,0.0,0.0,0.0,0.0,0.0,0.0,0.0,0.0,0.0,0.0,0.0,0.0,0.0,0.0,0.0,0.0,0.0,0.0,0.2268379661430742,0.0,0.0,0.0,0.0,0.0,0.0,0.0,0.0,0.0,0.351856273000578,0.111542780158539,0.0,0.1894817930058429,0.0,0.10205295947366338,0.46615208913012385,0.0,0.0,0.0,0.0,0.0,0.0,0.0,0.0,0.0,0.0,0.0,0.0,0.0,0.0,0.0,0.0,0.0,0.0,0.0,0.0,0.0,0.0,0.0,0.0,0.0,0.0,0.0,0.0,0.0,0.0,0.0,0.0,0.0,0.0,0.0,0.0,0.0,0.14910970092093725,0.132174258553235,0.0,0.0,0.0,0.0,0.0,0.0,0.0,0.0,0.0,0.0,0.0,0.0,0.0,0.16819550953622484,0.0,0.0,0.0,0.0,0.0,0.0,0.0,0.0,0.0,0.0,0.0,0.0,0.0,0.0,0.42403604710781273,0.0,0.0,0.33720699234794116,0.0,0.0,0.0,0.0,0.0,0.0,0.0,0.0,0.0
9f4d88e9eeae7ffc241646d0233acb29bedbc9bc0c124b949567a894f8af6f54,0.0,0.0,0.0,0.0,0.0,0.0,0.0,0.0,0.0,0.0,0.22860215352780291,0.0,0.1489039234945733,0.0,0.0,0.0,0.0,0.0,0.0,0.0,0.0,0.2176139693141924,0.0,0.0,0.0,0.0,0.0,0.0,0.0,0.0,0.0,0.0,0.0,0.0,0.0,0.0,0.0,0.0,0.0,0.0,0.0,0.0,0.0,0.25762318643440907,0.0,0.0,0.0,0.0,0.0,0.0,0.0,0.0,0.0,0.0,0.0,0.0,0.0,0.0,0.0,0.0,0.0,0.0,0.0,0.0,0.0,0.0,0.0,0.0,0.0,0.0,0.0,0.0,0.0,0.0,0.44654718222169876,0.14156096678966462,0.3014922875138977,0.24047478257957713,0.0,0.1295172631191792,0.0,0.0,0.0,0.0,0.0,0.0,0.0,0.0,0.0,0.0,0.0,0.0,0.0,0.0,0.0,0.0,0.0,0.0,0.0,0.0,0.0,0.0,0.0,0.0,0.33964671555664766,0.0,0.0,0.0,0.0,0.0,0.0,0.0,0.0,0.0,0.0,0.0,0.186055699837801,0.0,0.0,0.0,0.19995889412366824,0.0,0.0,0.0,0.23494561014200943,0.0,0.0,0.0,0.0,0.0,0.0,0.0,0.0,0.21345997388433852,0.0,0.0,0.0,0.0,0.0,0.0,0.0,0.0,0.2885241512632991,0.23006050450250912,0.0,0.0,0.0,0.0,0.0,0.0,0.0,0.0,0.0,0.0,0.0,0.0,0.0,0.0,0.0,0.0,0.0
9f932b464d9cdf2675536a0d392210acdd14987ad018aea73ac34214a7a78ce4,0.0,0.0,0.0,0.0,0.0,0.0,0.0,0.0,0.0,0.0,0.0,0.0,0.15462145810108593,0.0,0.0,0.0,0.0,0.0,0.0,0.5033129279885272,0.43706024742686933,0.0,0.0,0.0,0.0,0.0,0.0,0.0,0.0,0.0,0.0,0.0,0.0,0.0,0.25313082238579343,0.0,0.0,0.0,0.0,0.0,0.0,0.0,0.0,0.0,0.0,0.0,0.0,0.0,0.0,0.0,0.0,0.0,0.0,0.0,0.0,0.0,0.0,0.0,0.0,0.0,0.0,0.0,0.0,0.0,0.0,0.0,0.0,0.0,0.0,0.0,0.0,0.0,0.0,0.0,0.0,0.14699655040328777,0.0,0.0,0.0,0.0,0.0,0.0,0.0,0.0,0.0,0.0,0.0,0.0,0.0,0.0,0.0,0.0,0.0,0.0,0.0,0.0,0.0,0.0,0.0,0.1890250269759908,0.0,0.0,0.20763681066341433,0.5743638094621092,0.0,0.0,0.0,0.0,0.0,0.0,0.0,0.0,0.0,0.0,0.0,0.0,0.19319976882937678,0.0,0.0,0.0,0.0,0.0,0.0,0.0,0.0,0.0,0.0,0.0,0.0,0.0,0.0,0.0,0.0,0.0,0.0,0.0,0.0,0.0,0.0,0.0,0.0,0.0,0.0,0.0,0.0,0.0,0.0,0.0,0.0,0.0,0.0,0.0,0.0,0.0,0.0,0.0,0.0,0.0,0.0,0.0,0.0
0017e2bb45469ea5f02edab017f77b7242c9a3330478c748e7e8380149ded601,0.0,0.0,0.0,0.0,0.0,0.0,0.0,0.0,0.0,0.0,0.0,0.0,0.17014358542135993,0.0,0.0,0.0,0.0,0.0,0.0,0.0,0.0,0.0,0.0,0.0,0.0,0.0,0.0,0.0,0.0,0.0,0.0,0.0,0.0,0.0,0.0,0.0,0.0,0.0,0.0,0.0,0.0,0.0,0.0,0.0,0.0,0.0,0.0,0.3549002514736284,0.0,0.0,0.0,0.0,0.0,0.0,0.0,0.0,0.0,0.0,0.0,0.0,0.2471737953735041,0.0,0.0,0.0,0.0,0.6519960081331612,0.0,0.0,0.5805185399096728,0.0,0.0,0.0,0.0,0.0,0.0,0.0,0.0,0.0,0.0,0.14799161099245262,0.0,0.0,0.0,0.0,0.0,0.0,0.0,0.0,0.0,0.0,0.0,0.0,0.0,0.0,0.0,0.0,0.0,0.0,0.0,0.0,0.0,0.0,0.0,0.0,0.0,0.0,0.0,0.0,0.0,0.0,0.0,0.0,0.0,0.0,0.0,0.0,0.0,0.0,0.0,0.0,0.0,0.0,0.0,0.0,0.0,0.0,0.0,0.0,0.0,0.0,0.0,0.0,0.0,0.0,0.0,0.0,0.0,0.0,0.0,0.0,0.0,0.0,0.0,0.0,0.0,0.0,0.0,0.0,0.0,0.0,0.0,0.0,0.0,0.0,0.0,0.0,0.0,0.0,0.0,0.0,0.0
e0044b1cc8966378114308fc13e5f9a618713bc57ba6496607bb88fc971bfcb3,0.0,0.0,0.0,0.0,0.0,0.0,0.0,0.0,0.0,0.0,0.0,0.0,0.0,0.0,0.0,0.0,0.0,0.0,0.0,0.0,0.0,0.0,0.0,0.0,0.0,0.0,0.3831447121611091,0.0,0.0,0.0,0.0,0.0,0.0,0.0,0.0,0.0,0.0,0.0,0.0,0.0,0.0,0.0,0.3349047745890401,0.0,0.3539694061925279,0.0,0.0,0.0,0.0,0.0,0.0,0.0,0.0,0.0,0.0,0.0,0.0,0.0,0.3516191888929221,0.0,0.0,0.0,0.0,0.0,0.0,0.0,0.0,0.0,0.0,0.0,0.0,0.0,0.0,0.0,0.0,0.0,0.0,0.29436416914038976,0.0,0.15854153661537523,0.0,0.0,0.0,0.0,0.0,0.0,0.0,0.0,0.0,0.0,0.0,0.0,0.0,0.0,0.0,0.0,0.0,0.0,0.0,0.2228286812618511,0.0,0.0,0.2447688406224747,0.0,0.0,0.0,0.0,0.0,0.0,0.0,0.0,0.0,0.0,0.0,0.0,0.0,0.0,0.0,0.0,0.20533564298481347,0.0,0.0,0.0,0.0,0.0,0.0,0.0,0.0,0.0,0.0,0.0,0.0,0.0,0.2612954555282713,0.0,0.0,0.0,0.0,0.0,0.0,0.0,0.0,0.3531811990949697,0.0,0.0,0.18863572511568674,0.0,0.0,0.0,0.0,0.0,0.0,0.0,0.0,0.0,0.0,0.0,0.0,0.0,0.0,0.0
19e7ed337ed008c4d94872f8a0cc882f59e3fa705a07bcc8efef9fe87229136b,0.0,0.0,0.0,0.0,0.0,0.0,0.0,0.0,0.0,0.0,0.0,0.0,0.0,0.0,0.0,0.0,0.0,0.0,0.0,0.0,0.0,0.0,0.0,0.0,0.0,0.0,0.3831447121611091,0.0,0.0,0.0,0.0,0.0,0.0,0.0,0.0,0.0,0.0,0.0,0.0,0.0,0.0,0.0,0.3349047745890401,0.0,0.3539694061925279,0.0,0.0,0.0,0.0,0.0,0.0,0.0,0.0,0.0,0.0,0.0,0.0,0.0,0.3516191888929221,0.0,0.0,0.0,0.0,0.0,0.0,0.0,0.0,0.0,0.0,0.0,0.0,0.0,0.0,0.0,0.0,0.0,0.0,0.29436416914038976,0.0,0.15854153661537523,0.0,0.0,0.0,0.0,0.0,0.0,0.0,0.0,0.0,0.0,0.0,0.0,0.0,0.0,0.0,0.0,0.0,0.0,0.0,0.2228286812618511,0.0,0.0,0.2447688406224747,0.0,0.0,0.0,0.0,0.0,0.0,0.0,0.0,0.0,0.0,0.0,0.0,0.0,0.0,0.0,0.0,0.20533564298481347,0.0,0.0,0.0,0.0,0.0,0.0,0.0,0.0,0.0,0.0,0.0,0.0,0.0,0.2612954555282713,0.0,0.0,0.0,0.0,0.0,0.0,0.0,0.0,0.3531811990949697,0.0,0.0,0.18863572511568674,0.0,0.0,0.0,0.0,0.0,0.0,0.0,0.0,0.0,0.0,0.0,0.0,0.0,0.0,0.0
cb83f7793fb45301ea771d25d9b47f50e00e9a0b2faf41f483dac3be63eeb15d,0.0,0.0,0.0,0.0,0.0,0.0,0.0,0.0,0.0,0.0,0.0,0.0,0.14220708806613097,0.4803255205546508,0.0,0.0,0.0,0.0,0.0,0.0,0.0,0.0,0.0,0.49032677182465406,0.0,0.0,0.0,0.0,0.0,0.0,0.0,0.0,0.0,0.0,0.23280725452566317,0.0,0.0,0.0,0.0,0.0,0.0,0.0,0.0,0.0,0.0,0.0,0.0,0.0,0.0,0.0,0.0,0.0,0.0,0.0,0.0,0.0,0.0,0.0,0.0,0.0,0.0,0.0,0.0,0.0,0.0,0.0,0.0,0.0,0.0,0.0,0.0,0.0,0.0,0.0,0.0,0.13519437499387407,0.0,0.0,0.0,0.12369232730892152,0.0,0.0,0.0,0.0,0.0,0.0,0.0,0.0,0.29662788162724557,0.0,0.0,0.0,0.0,0.0,0.0,0.0,0.0,0.0,0.0,0.17384843596743135,0.0,0.0,0.1909659020320372,0.0,0.0,0.0,0.2273622984846786,0.0,0.0,0.0,0.0,0.0,0.0,0.0,0.0,0.0,0.17768799284193512,0.16434431917870979,0.18072700709877704,0.16020056385527856,0.0,0.0,0.0,0.0,0.0,0.0,0.0,0.0,0.0,0.0,0.0,0.0,0.0,0.0,0.0,0.0,0.0,0.0,0.0,0.0,0.0,0.0,0.27554800723166295,0.0,0.0,0.14717147538295322,0.0,0.0,0.0,0.0,0.0,0.0,0.0,0.0,0.0,0.0,0.0,0.0,0.0,0.0,0.0
20fdea0c17ffb565895491b930cc6ad3df6ca3cc85780ddda1dad5a0ecd1983b,0.0,0.0,0.0,0.0,0.0,0.0,0.0,0.0,0.0,0.0,0.0,0.0,0.22551167659669394,0.0,0.0,0.0,0.0,0.0,0.0,0.0,0.0,0.0,0.0,0.0,0.0,0.0,0.0,0.0,0.0,0.0,0.0,0.0,0.0,0.0,0.0,0.0,0.0,0.0,0.0,0.0,0.0,0.0,0.0,0.0,0.0,0.0,0.0,0.0,0.0,0.0,0.0,0.0,0.0,0.0,0.0,0.0,0.0,0.0,0.0,0.0,0.0,0.0,0.0,0.0,0.0,0.0,0.0,0.0,0.0,0.0,0.0,0.0,0.0,0.0,0.0,0.21439093216740943,0.0,0.0,0.0,0.19615101112688751,0.0,0.0,0.0,0.0,0.0,0.0,0.0,0.0,0.0,0.0,0.0,0.0,0.0,0.0,0.0,0.0,0.0,0.0,0.0,0.0,0.0,0.0,0.0,0.0,0.0,0.0,0.0,0.0,0.0,0.0,0.0,0.0,0.0,0.0,0.0,0.0,0.28177721463681155,0.26061684731142376,0.28659647652861664,0.25404568955057505,0.30283329281039817,0.0,0.0,0.0,0.0,0.0,0.0,0.0,0.0,0.0,0.0,0.0,0.0,0.0,0.0,0.0,0.0,0.0,0.0,0.0,0.0,0.0,0.0,0.3484215114783921,0.0,0.0,0.0,0.0,0.0,0.0,0.0,0.0,0.0,0.0,0.0,0.0,0.0,0.5979999559637865,0.0,0.0,0.0
3c34c23aef8934651937c31be7420d2fc8a22ca260f5afdda0f08f4d3730ae59,0.0,0.285365238845848,0.0,0.0,0.37079234219530993,0.0,0.0,0.0,0.0,0.0,0.20460141980833757,0.0,0.133270634995643,0.0,0.0,0.0,0.0,0.26114992560122136,0.0,0.0,0.0,0.19476687513530655,0.0,0.0,0.0,0.0,0.0,0.4416218680728409,0.0,0.0,0.0,0.0,0.0,0.0,0.21817738527772354,0.0,0.0,0.0,0.0,0.0,0.0,0.0,0.0,0.0,0.0,0.0,0.0,0.0,0.0,0.0,0.0,0.0,0.0,0.0,0.0,0.0,0.0,0.0,0.0,0.0,0.0,0.0,0.0,0.0,0.25765947976776826,0.0,0.0,0.0,0.0,0.0,0.0,0.0,0.0,0.0,0.0,0.1266986086860451,0.0,0.0,0.0,0.1159193625910055,0.0,0.0,0.0,0.0,0.0,0.0,0.0,0.0,0.0,0.0,0.0,0.0,0.0,0.0,0.0,0.0,0.0,0.0,0.0,0.0,0.0,0.0,0.0,0.0,0.30398751351953884,0.0,0.0,0.0,0.0,0.0,0.0,0.0,0.0,0.0,0.0,0.0,0.16652187988079548,0.1540167376515579,0.0,0.0,0.17896539035023484,0.0,0.0,0.0,0.0,0.0,0.24192714558633502,0.0,0.0,0.0,0.0,0.0,0.0,0.0,0.0,0.0,0.0,0.0,0.0,0.0,0.0,0.0,0.0,0.20590665983079198,0.0,0.0,0.0,0.0,0.0,0.0,0.0,0.0,0.0,0.0,0.0,0.0,0.0,0.0,0.0,0.0,0.0
22e83b1f2a1d5a6e73e51efc8a3169810070bc333fa40ba34786321210d3b670,0.0,0.0,0.0,0.0,0.0,0.0,0.0,0.0,0.0,0.0,0.15448282342143882,0.0,0.1006250298388984,0.0,0.0,0.0,0.0,0.0,0.0,0.0,0.0,0.1470573215379363,0.0,0.0,0.0,0.0,0.0,0.3334433999942483,0.0,0.0,0.0,0.0,0.0,0.0,0.0,0.0,0.0,0.0,0.41755810982130404,0.0,0.0,0.2908639719029443,0.0,0.1740944107701719,0.0,0.0,0.0,0.0,0.0,0.0,0.0,0.0,0.0,0.0,0.0,0.28142205463438896,0.0,0.0,0.0,0.0,0.0,0.0,0.0,0.0,0.0,0.0,0.0,0.0,0.0,0.0,0.0,0.0,0.0,0.0,0.30176386545766215,0.09566286886827695,0.20373989962990688,0.1625060079323862,0.0,0.08752407700321495,0.0,0.0,0.0,0.0,0.0,0.0,0.0,0.0,0.0,0.0,0.0,0.0,0.0,0.0,0.0,0.0,0.0,0.0,0.0,0.0,0.0,0.0,0.0,0.0,0.0,0.0,0.1608804341638873,0.0,0.0,0.0,0.0,0.0,0.0,0.2925678939838292,0.0,0.0,0.1257311419907492,0.11628922472219384,0.12788153339833744,0.1133571240179627,0.1351265246444667,0.0,0.0,0.0,0.0,0.0,0.0,0.0,0.0,0.0,0.0,0.0,0.0,0.1442501697566407,0.0,0.0,0.0,0.0,0.0,0.0,0.0,0.0,0.0,0.0,0.0,0.10413780566941667,0.21488573897934707,0.0,0.0,0.0,0.0,0.0,0.0,0.0,0.15113783886028462,0.0,0.0,0.0,0.0,0.0,0.0
25d18c3823a3b210a18e69c823ce4c59fab298c315ac2a5d891027921d1c6d7e,0.0,0.34033780906242506,0.0,0.0,0.0,0.0,0.0,0.0,0.0,0.0,0.0,0.0,0.1589438016705209,0.0,0.0,0.0,0.0,0.0,0.0,0.0,0.0,0.23228663669611346,0.0,0.0,0.0,0.0,0.0,0.0,0.0,0.0,0.0,0.0,0.0,0.0,0.0,0.0,0.0,0.0,0.0,0.0,0.0,0.0,0.0,0.0,0.0,0.0,0.0,0.0,0.0,0.0,0.0,0.0,0.0,0.0,0.0,0.0,0.0,0.0,0.0,0.0,0.23090346081929966,0.0,0.0,0.0,0.0,0.0,0.0,0.0,0.0,0.0,0.0,0.0,0.0,0.0,0.0,0.0,0.0,0.0,0.0,0.1382499916657584,0.0,0.0,0.0,0.0,0.0,0.0,0.0,0.0,0.0,0.0,0.0,0.0,0.0,0.0,0.0,0.0,0.0,0.0,0.0,0.0,0.0,0.0,0.213441164369368,0.0,0.0,0.0,0.0,0.0,0.0,0.0,0.0,0.0,0.0,0.0,0.31951749934339785,0.0,0.0,0.18368641977304445,0.0,0.17905497535451917,0.0,0.0,0.0,0.0,0.0,0.0,0.0,0.0,0.0,0.0,0.0,0.0,0.0,0.0,0.0,0.0,0.0,0.0,0.0,0.0,0.0,0.0,0.0,0.0,0.0,0.16449246034732123,0.0,0.0,0.0,0.0,0.0,0.0,0.0,0.0,0.23873208011148267,0.0,0.0,0.0,0.0,0.0,0.6595602853446221
82ad9cc131eed3074341a8b1bda30207c6b0505dd165c69cb536d6efdbabb86d,0.0,0.0,0.0,0.0,0.0,0.0,0.0,0.0,0.0,0.0,0.0,0.0,0.22262907633621726,0.0,0.0,0.0,0.0,0.0,0.0,0.0,0.0,0.3253587672459296,0.0,0.0,0.0,0.0,0.0,0.0,0.0,0.0,0.0,0.0,0.0,0.0,0.0,0.0,0.0,0.0,0.0,0.0,0.0,0.0,0.40905497391696755,0.0,0.0,0.0,0.0,0.4643790418627561,0.0,0.0,0.0,0.0,0.0,0.0,0.0,0.0,0.0,0.0,0.0,0.0,0.0,0.0,0.0,0.0,0.0,0.0,0.0,0.0,0.0,0.0,0.0,0.0,0.0,0.0,0.0,0.0,0.0,0.0,0.0,0.19364371321531043,0.0,0.0,0.0,0.0,0.0,0.0,0.0,0.0,0.0,0.0,0.0,0.0,0.0,0.0,0.0,0.0,0.0,0.0,0.0,0.0,0.0,0.0,0.2989623299320659,0.0,0.0,0.0,0.0,0.0,0.0,0.0,0.0,0.0,0.0,0.0,0.0,0.0,0.0,0.0,0.0,0.0,0.0,0.0,0.0,0.0,0.0,0.0,0.404140169095046,0.0,0.0,0.0,0.0,0.0,0.0,0.0,0.0,0.0,0.0,0.0,0.0,0.0,0.0,0.0,0.0,0.343967817749976,0.0,0.23040096012871436,0.0,0.0,0.0,0.0,0.0,0.0,0.0,0.0,0.0,0.0,0.0,0.0,0.0,0.0,0.0
082fd5bb94abeb41478f187d82cecbc94378d781386f9711010e226deae3004f,0.0,0.0,0.0,0.0,0.0,0.3202124069845388,0.0,0.0,0.0,0.0,0.0,0.0,0.0,0.0,0.0,0.0,0.0,0.0,0.0,0.0,0.0,0.0,0.0,0.0,0.0,0.0,0.0,0.0,0.0,0.0,0.0,0.0,0.0,0.0,0.0,0.0,0.0,0.0,0.0,0.0,0.0,0.0,0.0,0.0,0.0,0.0,0.0,0.0,0.0,0.0,0.0,0.0,0.0,0.0,0.0,0.0,0.0,0.0,0.0,0.0,0.0,0.0,0.0,0.0,0.22251204464023785,0.0,0.0,0.0,0.0,0.0,0.0,0.0,0.0,0.0,0.0,0.10941559960151695,0.0,0.0,0.0,0.10010675487960194,0.4572623191315329,0.0,0.0,0.0,0.0,0.0,0.0,0.0,0.0,0.0,0.0,0.0,0.0,0.0,0.0,0.5789041199241538,0.0,0.0,0.0,0.1406991293981302,0.0,0.0,0.15455264817953168,0.0,0.0,0.0,0.0,0.0,0.0,0.0,0.0,0.0,0.0,0.0,0.0,0.0,0.0,0.0,0.14626609906511506,0.0,0.0,0.0,0.0,0.0,0.0,0.0,0.2089257646057156,0.0,0.0,0.0,0.0,0.0,0.0,0.0,0.0,0.0,0.0,0.0,0.0,0.0,0.0,0.0,0.0,0.0,0.0,0.0,0.0,0.0,0.415949452586839,0.0,0.0,0.0,0.0,0.0,0.0,0.0,0.0,0.0,0.0,0.0,0.0
84fd08c94c4bc99da0aeb4fecf9bc31f91bd52d4a6869e0e57f0acc9345e832d,0.0,0.0,0.0,0.0,0.0,0.0,0.0,0.0,0.0,0.0,0.0,0.0,0.22403564443622806,0.0,0.0,0.0,0.0,0.0,0.0,0.0,0.0,0.0,0.0,0.0,0.0,0.0,0.0,0.0,0.0,0.0,0.0,0.0,0.0,0.0,0.0,0.0,0.0,0.0,0.0,0.0,0.0,0.0,0.0,0.0,0.0,0.0,0.0,0.4673129836341862,0.0,0.0,0.0,0.0,0.0,0.0,0.0,0.0,0.0,0.0,0.0,0.0,0.0,0.0,0.0,0.0,0.4331404858749448,0.0,0.0,0.36614033728737455,0.0,0.0,0.0,0.0,0.0,0.0,0.0,0.2129876881511038,0.0,0.0,0.0,0.19486715210415062,0.0,0.0,0.0,0.0,0.0,0.0,0.0,0.0,0.0,0.0,0.0,0.0,0.0,0.0,0.0,0.0,0.0,0.0,0.0,0.0,0.0,0.0,0.30085117070393474,0.0,0.0,0.0,0.0,0.0,0.0,0.0,0.0,0.0,0.0,0.0,0.0,0.0,0.27993290999960974,0.25891104274291427,0.0,0.0,0.30085117070393474,0.0,0.0,0.0,0.0,0.0,0.0,0.0,0.0,0.0,0.0,0.0,0.0,0.0,0.0,0.0,0.0,0.0,0.0,0.0,0.0,0.0,0.0,0.0,0.0,0.0,0.0,0.0,0.0,0.0,0.0,0.0,0.0,0.0,0.0,0.0,0.0,0.0,0.0,0.0,0.0
27d029db3120929fbdb81576d9be67aea38dde3af3824de6697755bb781d563a,0.0,0.0,0.0,0.0,0.0,0.0,0.0,0.0,0.0,0.0,0.0,0.0,0.0,0.0,0.0,0.0,0.0,0.0,0.0,0.0,0.0,0.0,0.0,0.0,0.0,0.0,0.3831447121611091,0.0,0.0,0.0,0.0,0.0,0.0,0.0,0.0,0.0,0.0,0.0,0.0,0.0,0.0,0.0,0.3349047745890401,0.0,0.3539694061925279,0.0,0.0,0.0,0.0,0.0,0.0,0.0,0.0,0.0,0.0,0.0,0.0,0.0,0.3516191888929221,0.0,0.0,0.0,0.0,0.0,0.0,0.0,0.0,0.0,0.0,0.0,0.0,0.0,0.0,0.0,0.0,0.0,0.0,0.29436416914038976,0.0,0.15854153661537523,0.0,0.0,0.0,0.0,0.0,0.0,0.0,0.0,0.0,0.0,0.0,0.0,0.0,0.0,0.0,0.0,0.0,0.0,0.0,0.2228286812618511,0.0,0.0,0.2447688406224747,0.0,0.0,0.0,0.0,0.0,0.0,0.0,0.0,0.0,0.0,0.0,0.0,0.0,0.0,0.0,0.0,0.20533564298481347,0.0,0.0,0.0,0.0,0.0,0.0,0.0,0.0,0.0,0.0,0.0,0.0,0.0,0.2612954555282713,0.0,0.0,0.0,0.0,0.0,0.0,0.0,0.0,0.3531811990949697,0.0,0.0,0.18863572511568674,0.0,0.0,0.0,0.0,0.0,0.0,0.0,0.0,0.0,0.0,0.0,0.0,0.0,0.0,0.0
e19a6d86ae39ed1dbbe9b2e092e31133ebc9f2b071c72a98bb5a09dc27d53493,0.0,0.0,0.0,0.0,0.0,0.0,0.0,0.0,0.0,0.0,0.2401893115234762,0.0,0.1564514170814936,0.0,0.0,0.0,0.0,0.30657373195808246,0.0,0.0,0.0,0.2286441691858768,0.0,0.0,0.0,0.0,0.0,0.0,0.0,0.0,0.0,0.0,0.0,0.0,0.0,0.0,0.0,0.0,0.0,0.0,0.0,0.0,0.0,0.0,0.0,0.0,0.0,0.3263399388705782,0.0,0.0,0.0,0.0,0.0,0.0,0.0,0.0,0.0,0.0,0.0,0.0,0.0,0.0,0.0,0.0,0.3024761661521735,0.0,0.0,0.0,0.0,0.0,0.0,0.0,0.0,0.0,0.0,0.14873626790953184,0.3167740279349284,0.2526637285572267,0.0,0.1360821049973927,0.0,0.0,0.0,0.0,0.0,0.0,0.0,0.0,0.0,0.0,0.0,0.0,0.0,0.0,0.0,0.0,0.0,0.0,0.0,0.0,0.0,0.0,0.0,0.0,0.35686238957866745,0.0,0.0,0.0,0.0,0.0,0.0,0.0,0.0,0.0,0.0,0.0,0.19548630561621053,0.18080604823892854,0.19882972607070065,0.0,0.0,0.0,0.0,0.0,0.0,0.0,0.28400738661371533,0.0,0.0,0.0,0.0,0.0,0.0,0.22427962017804373,0.0,0.0,0.0,0.0,0.0,0.0,0.0,0.0,0.0,0.0,0.0,0.0,0.0,0.0,0.0,0.0,0.0,0.0,0.0,0.0,0.0,0.0,0.0,0.0,0.0,0.0,0.0
27faca387d9a8e5c7e43366b3eb4e0e108c9bc1bbfade960a7a41eb134f0eae0,0.0,0.0,0.0,0.0,0.0,0.0,0.0,0.0,0.0,0.0,0.33458196328536677,0.0,0.21793568562182913,0.0,0.0,0.0,0.0,0.0,0.0,0.0,0.0,0.31849966401392116,0.0,0.0,0.0,0.0,0.0,0.0,0.0,0.0,0.0,0.0,0.0,0.0,0.0,0.0,0.0,0.0,0.0,0.0,0.0,0.0,0.0,0.37705712818043663,0.0,0.0,0.0,0.0,0.0,0.0,0.0,0.0,0.0,0.0,0.0,0.0,0.0,0.0,0.0,0.0,0.0,0.0,0.0,0.0,0.0,0.0,0.0,0.35617120499432614,0.0,0.0,0.0,0.0,0.0,0.0,0.0,0.20718853896229875,0.0,0.0,0.0,0.1895613820999811,0.0,0.0,0.0,0.0,0.0,0.0,0.0,0.0,0.0,0.0,0.0,0.0,0.0,0.0,0.0,0.0,0.0,0.0,0.0,0.2664267906901079,0.0,0.0,0.29265970744291747,0.0,0.0,0.0,0.0,0.0,0.0,0.0,0.0,0.0,0.0,0.0,0.0,0.0,0.0,0.0,0.2769683616905015,0.2455111077484961,0.0,0.0,0.0,0.0,0.0,0.0,0.0,0.0,0.0,0.0,0.0,0.0,0.0,0.31241987900336604,0.0,0.0,0.0,0.0,0.0,0.0,0.0,0.0,0.0,0.0,0.0,0.0,0.0,0.0,0.0,0.0,0.0,0.0,0.0,0.0,0.0,0.0,0.0,0.0,0.0,0.0,0.0
28cde8bb4d2992dc507ad09b8b34385ec6fc42478b75bb4391db43747afae16a,0.0,0.0,0.0,0.0,0.0,0.0,0.0,0.0,0.3945136112437266,0.0,0.0,0.0,0.08684204132184319,0.0,0.0,0.0,0.0,0.17017096550188246,0.0,0.0,0.0,0.0,0.0,0.0,0.0,0.0,0.0,0.0,0.0,0.0,0.0,0.0,0.0,0.0,0.14216912456670744,0.0,0.0,0.0,0.0,0.0,0.0,0.25102324051452374,0.15956212698001424,0.1502480450262764,0.0,0.0,0.0,0.1811426638699256,0.0,0.0,0.0,0.0,0.0,0.0,0.0,0.0,0.0,0.0,0.0,0.0,0.0,0.0,0.0,0.0,0.1678965151602127,0.0,0.0,0.14192551538090023,0.0,0.0,0.0,0.0,0.0,0.0,0.0,0.0,0.0,0.0,0.0,0.07553557523350085,0.0,0.0,0.0,0.0,0.0,0.0,0.0,0.0,0.0,0.0,0.0,0.0,0.0,0.0,0.0,0.0,0.0,0.0,0.0,0.10616456089024703,0.0,0.0,0.0,0.0,0.0,0.0,0.13884403645797044,0.3697705003757568,0.0,0.0,0.0,0.0,0.0,0.0,0.0,0.0,0.0,0.10036065256107878,0.11036511915036536,0.09783017271004857,0.11661773671659172,0.0,0.0,0.0,0.0,0.0,0.15764498439263036,0.3808964947046455,0.0,0.0,0.0,0.0,0.0,0.12449168186826773,0.0,0.0,0.0,0.0,0.0,0.0,0.0,0.0,0.0,0.0,0.0,0.08987365904475605,0.18545203170419813,0.20121499154050204,0.0,0.0,0.0,0.0,0.0,0.0,0.13043592104879223,0.0,0.30272876209583194,0.0,0.0,0.0,0.0
3d590dced909090620ef7c09e5bac071e45ed9e814a6bc6e1038648929ee1474,0.0,0.0,0.0,0.0,0.0,0.0,0.3198772165659801,0.0,0.0,0.0,0.0,0.0,0.12008487227708867,0.0,0.0,0.0,0.31026216670955215,0.2353118184063513,0.0,0.0,0.0,0.0,0.0,0.0,0.0,0.3170164747310367,0.0,0.0,0.0,0.0,0.0,0.0,0.0,0.0,0.0,0.0,0.0,0.0,0.0,0.0,0.0,0.0,0.0,0.0,0.0,0.0,0.0,0.0,0.0,0.29274076759824563,0.0,0.0,0.0,0.0,0.0,0.0,0.0,0.0,0.0,0.0,0.17445167606033188,0.3184347232806158,0.0,0.0,0.0,0.0,0.0,0.0,0.0,0.0,0.0,0.0,0.0,0.0,0.0,0.11416308057844829,0.0,0.0,0.0,0.0,0.0,0.0,0.0,0.0,0.0,0.0,0.0,0.0,0.250483444696276,0.0,0.0,0.0,0.0,0.0,0.0,0.0,0.0,0.0,0.0,0.0,0.0,0.0,0.0,0.0,0.0,0.0,0.0,0.0,0.0,0.0,0.0,0.0,0.0,0.0,0.24140116000549258,0.27475915182906707,0.15004624745338518,0.13877836081463754,0.15261250236967602,0.13527922209005902,0.16125860016296817,0.0,0.0,0.0,0.0,0.0,0.0,0.0,0.0,0.0,0.0,0.0,0.3077048860884985,0.0,0.0,0.0,0.0,0.0,0.0,0.0,0.0,0.0,0.0,0.0,0.0,0.0,0.0,0.0,0.0,0.0,0.0,0.0,0.0,0.0,0.0,0.0,0.0,0.0,0.0,0.0,0.0
c785eb3191ed4729934ee9891374ecf45cfc625db0e21a406cc419681d945196,0.0,0.0,0.0,0.0,0.0,0.0,0.0,0.0,0.0,0.0,0.0,0.0,0.3879839734568776,0.0,0.0,0.0,0.0,0.7602724021390181,0.0,0.0,0.0,0.0,0.0,0.0,0.0,0.0,0.0,0.0,0.0,0.0,0.0,0.0,0.0,0.0,0.0,0.0,0.0,0.0,0.0,0.0,0.0,0.0,0.0,0.0,0.0,0.0,0.0,0.0,0.0,0.0,0.0,0.0,0.0,0.0,0.0,0.0,0.0,0.0,0.0,0.0,0.0,0.0,0.0,0.0,0.0,0.0,0.0,0.0,0.0,0.0,0.0,0.0,0.0,0.0,0.0,0.0,0.0,0.0,0.0,0.0,0.0,0.0,0.0,0.0,0.0,0.0,0.0,0.0,0.0,0.0,0.0,0.0,0.0,0.0,0.0,0.0,0.0,0.0,0.0,0.0,0.0,0.0,0.5210127742065257,0.0,0.0,0.0,0.0,0.0,0.0,0.0,0.0,0.0,0.0,0.0,0.0,0.0,0.0,0.0,0.0,0.0,0.0,0.0,0.0,0.0,0.0,0.0,0.0,0.0,0.0,0.0,0.0,0.0,0.0,0.0,0.0,0.0,0.0,0.0,0.0,0.0,0.0,0.0,0.0,0.0,0.0,0.0,0.0,0.0,0.0,0.0,0.0,0.0,0.0,0.0,0.0,0.0,0.0,0.0,0.0,0.0,0.0
29fc28e7fe1f87451e12b9a12800c80c56a3e88d0934ba5090d7e585b32fac30,0.0,0.0,0.0,0.0,0.0,0.0,0.0,0.0,0.0,0.0,0.0,0.0,0.13127871670269867,0.0,0.0,0.0,0.0,0.0,0.0,0.0,0.0,0.0,0.0,0.0,0.0,0.0,0.0,0.0,0.0,0.0,0.0,0.0,0.0,0.0,0.0,0.0,0.0,0.0,0.0,0.0,0.0,0.0,0.24120933761399896,0.22712928252157083,0.0,0.0,0.0,0.0,0.3223644836123692,0.3200289226122025,0.0,0.0,0.0,0.0,0.0,0.0,0.0,0.0,0.0,0.0,0.0,0.0,0.0,0.0,0.0,0.0,0.0,0.0,0.0,0.0,0.0,0.0,0.45763368516006087,0.0,0.0,0.12480491862941272,0.2658057603299352,0.2120106718179114,0.0,0.11418678362596177,0.0,0.0,0.0,0.0,0.0,0.0,0.0,0.0,0.27383253653401574,0.0,0.0,0.0,0.0,0.0,0.0,0.0,0.0,0.0,0.0,0.16048848116461262,0.0,0.0,0.0,0.0,0.0,0.0,0.0,0.0,0.0,0.0,0.0,0.0,0.0,0.0,0.0,0.0,0.16403297466382188,0.0,0.16683844587559357,0.14788942466911092,0.0,0.0,0.0,0.0,0.20713596707543847,0.0,0.0,0.0,0.0,0.0,0.0,0.0,0.0,0.1881935061298019,0.0,0.0,0.0,0.0,0.0,0.0,0.0,0.0,0.0,0.0,0.0,0.13586159934962067,0.0,0.0,0.0,0.0,0.0,0.0,0.0,0.0,0.19717938531360776,0.0,0.0,0.0,0.0,0.0,0.0
33b647a646e62b8b95a40370b3a228fa50d7ac844bf4192456213ed492d74b83,0.0,0.0,0.0,0.0,0.0,0.0,0.3121878603572922,0.0,0.0,0.0,0.0,0.0,0.11719821667802426,0.0,0.0,0.0,0.30280394150826784,0.2296552842797099,0.0,0.0,0.0,0.0,0.0,0.0,0.0,0.30939588635528836,0.0,0.0,0.0,0.0,0.0,0.0,0.0,0.0,0.0,0.0,0.0,0.0,0.0,0.0,0.0,0.0,0.0,0.0,0.0,0.0,0.0,0.0,0.0,0.28570372987785725,0.0,0.0,0.0,0.0,0.0,0.0,0.0,0.0,0.0,0.0,0.1702581261325463,0.31078004239147355,0.0,0.0,0.0,0.0,0.0,0.0,0.0,0.0,0.0,0.0,0.0,0.0,0.0,0.11141877574213382,0.0,0.0,0.0,0.0,0.0,0.0,0.0,0.0,0.0,0.0,0.0,0.0,0.24446220801263252,0.0,0.0,0.0,0.0,0.0,0.0,0.0,0.0,0.0,0.0,0.0,0.0,0.0,0.0,0.0,0.0,0.0,0.0,0.0,0.0,0.0,0.0,0.0,0.0,0.0,0.2355982474742407,0.26815436449006363,0.14643936648564354,0.13544234250793374,0.1489439325815004,0.13202731769545484,0.15738219148441612,0.0,0.0,0.0,0.0,0.0,0.0,0.0,0.0,0.0,0.0,0.0,0.30030813397939615,0.0,0.0,0.0,0.0,0.0,0.0,0.0,0.0,0.0,0.0,0.1810743479618472,0.0,0.12128955522058697,0.0,0.0,0.0,0.0,0.0,0.0,0.0,0.0,0.0,0.0,0.0,0.0,0.0,0.0,0.0
37ce65d093b8e5a9c6c1e2ad6beadec53f76b6f4085df3a4cfe32c437d7a598b,0.0,0.0,0.0,0.0,0.0,0.0,0.0,0.0,0.0,0.0,0.0,0.0,0.12974773762026715,0.0,0.0,0.0,0.0,0.0,0.0,0.0,0.0,0.18961837626872008,0.0,0.0,0.0,0.0,0.0,0.0,0.0,0.0,0.0,0.0,0.0,0.0,0.0,0.0,0.0,0.0,0.0,0.0,0.0,0.0,0.0,0.22448048925726974,0.0,0.0,0.0,0.0,0.31860505258100824,0.0,0.0,0.0,0.0,0.0,0.0,0.0,0.0,0.0,0.0,0.0,0.0,0.0,0.0,0.0,0.0,0.0,0.0,0.2120460810336856,0.0,0.0,0.0,0.0,0.0,0.0,0.0,0.0,0.0,0.0,0.0,0.1128551315378523,0.0,0.0,0.0,0.0,0.0,0.0,0.0,0.0,0.0,0.0,0.0,0.0,0.0,0.5262324170705176,0.0,0.0,0.0,0.0,0.0,0.0,0.0,0.0,0.17423459047096235,0.0,0.0,0.0,0.0,0.0,0.0,0.0,0.0,0.0,0.0,0.0,0.0,0.0,0.0,0.0,0.16489276741988954,0.14616473066411093,0.0,0.0,0.0,0.0,0.0,0.0,0.0,0.0,0.0,0.0,0.0,0.0,0.0,0.18599878387343902,0.0,0.0,0.0,0.0,0.0,0.0,0.0,0.0,0.0,0.0,0.0,0.13427717445627704,0.27707756732164135,0.0,0.0,0.0,0.0,0.0,0.0,0.0,0.19487986927640055,0.4630354778046119,0.0,0.0,0.0,0.0,0.0
95d504c99f7a810bbbc5b7bf92362a777e0f3210feb7bb8dff9ff72266f09db6,0.0,0.0,0.0,0.0,0.0,0.0,0.0,0.0,0.0,0.0,0.0,0.0,0.1719077424504528,0.0,0.0,0.0,0.0,0.0,0.0,0.0,0.0,0.0,0.0,0.0,0.0,0.0,0.0,0.0,0.0,0.0,0.0,0.7319774037644822,0.0,0.0,0.0,0.0,0.0,0.0,0.0,0.0,0.0,0.0,0.0,0.0,0.0,0.0,0.0,0.35858008325637525,0.0,0.0,0.0,0.0,0.0,0.0,0.0,0.0,0.0,0.0,0.0,0.0,0.0,0.0,0.0,0.0,0.3323587337096671,0.0,0.0,0.2809479668358599,0.0,0.0,0.0,0.0,0.0,0.0,0.0,0.0,0.0,0.0,0.0,0.0,0.0,0.0,0.0,0.0,0.0,0.0,0.0,0.0,0.0,0.0,0.0,0.0,0.0,0.0,0.0,0.0,0.0,0.0,0.0,0.0,0.0,0.0,0.0,0.0,0.0,0.0,0.0,0.0,0.0,0.0,0.0,0.0,0.0,0.0,0.0,0.0,0.21479900984826028,0.0,0.0,0.0,0.0,0.0,0.0,0.0,0.0,0.0,0.0,0.0,0.0,0.0,0.0,0.0,0.0,0.0,0.0,0.0,0.0,0.0,0.0,0.0,0.0,0.0,0.0,0.2656020138883709,0.0,0.0,0.0,0.0,0.0,0.0,0.0,0.0,0.0,0.0,0.0,0.0,0.0,0.0,0.0,0.0,0.0
3e49fe819025e4a6e061584f1a596f535d8c7dae935a079121ef19e0c11b3e60,0.0,0.0,0.0,0.0,0.0,0.0,0.0,0.0,0.0,0.0,0.13934400745224612,0.0,0.09076410307120313,0.0,0.0,0.0,0.0,0.0,0.0,0.0,0.0,0.13264618068500275,0.0,0.0,0.0,0.0,0.0,0.0,0.0,0.0,0.0,0.0,0.0,0.0,0.0,0.0,0.0,0.0,0.0,0.0,0.0,0.0,0.0,0.15703372280795985,0.0,0.0,0.0,0.0,0.22287788875442882,0.0,0.0,0.0,0.2608594689435517,0.0,0.0,0.0,0.0,0.0,0.0,0.0,0.0,0.0,0.0,0.0,0.17547925377318763,0.0,0.0,0.1483353213534553,0.3096810523924173,0.3980989872947248,0.31295254168883163,0.2882208335901312,0.0,0.0,0.0,0.08628821779182028,0.0,0.0,0.0,0.07894700114921913,0.0,0.0,0.0,0.0,0.0,0.0,0.0,0.0,0.0,0.0,0.0,0.0,0.0,0.0,0.0,0.0,0.0,0.0,0.0,0.0,0.0,0.0,0.0,0.0,0.20703100882162234,0.0,0.0,0.0,0.0,0.0,0.0,0.0,0.0,0.26389718867549516,0.0,0.0,0.11340989760876545,0.10489325762838508,0.11534955762848671,0.10224849328933289,0.12188456321572917,0.0,0.0,0.0,0.0,0.0,0.0,0.0,0.0,0.0,0.0,0.3681221285120584,0.0,0.0,0.0,0.0,0.0,0.0,0.0,0.0,0.0,0.0,0.0,0.0,0.0,0.0,0.0,0.0,0.0,0.0,0.0,0.0,0.0,0.0,0.0,0.0,0.0,0.0,0.0,0.0,0.0
104d9952fbab963d6ffc537895b117544915a901d23772272d11151650ef21f2,0.0,0.0,0.0,0.0,0.0,0.0,0.0,0.0,0.0,0.0,0.0,0.0,0.3025734824854156,0.0,0.0,0.0,0.0,0.5929066252483304,0.0,0.0,0.0,0.0,0.0,0.0,0.0,0.0,0.0,0.0,0.0,0.0,0.0,0.0,0.0,0.0,0.0,0.0,0.0,0.0,0.0,0.0,0.0,0.0,0.5559435003859061,0.0,0.0,0.0,0.0,0.0,0.0,0.0,0.0,0.0,0.0,0.0,0.0,0.0,0.0,0.0,0.0,0.0,0.0,0.0,0.0,0.0,0.0,0.0,0.0,0.0,0.0,0.0,0.0,0.0,0.0,0.0,0.0,0.28765255945127666,0.0,0.0,0.0,0.0,0.0,0.0,0.0,0.0,0.0,0.0,0.0,0.0,0.0,0.0,0.0,0.0,0.0,0.0,0.0,0.0,0.0,0.0,0.0,0.0,0.0,0.0,0.0,0.0,0.0,0.0,0.0,0.0,0.0,0.0,0.0,0.0,0.0,0.0,0.0,0.0,0.0,0.0,0.0,0.0,0.40631742622373396,0.0,0.0,0.0,0.0,0.0,0.0,0.0,0.0,0.0,0.0,0.0,0.0,0.0,0.0,0.0,0.0,0.0,0.0,0.0,0.0,0.0,0.0,0.0,0.0,0.0,0.0,0.0,0.0,0.0,0.0,0.0,0.0,0.0,0.0,0.0,0.0,0.0,0.0,0.0,0.0
fef3d75efe93dfd69e1bc5855fea1b7d6d03a17b9f5127f53b489c60897dd6b9,0.0,0.0,0.0,0.0,0.0,0.5913940457338863,0.0,0.0,0.0,0.0,0.0,0.0,0.21255956781891244,0.0,0.0,0.0,0.0,0.0,0.0,0.0,0.0,0.0,0.0,0.0,0.0,0.0,0.0,0.0,0.0,0.0,0.0,0.0,0.0,0.0,0.0,0.0,0.0,0.0,0.0,0.0,0.0,0.0,0.0,0.0,0.0,0.0,0.0,0.44337518740560955,0.0,0.0,0.0,0.0,0.0,0.0,0.0,0.0,0.0,0.0,0.0,0.0,0.0,0.0,0.0,0.0,0.41095315307586816,0.0,0.0,0.34738504245929747,0.0,0.0,0.0,0.0,0.0,0.0,0.0,0.0,0.0,0.0,0.0,0.0,0.0,0.0,0.0,0.0,0.0,0.0,0.0,0.0,0.0,0.0,0.0,0.0,0.0,0.0,0.0,0.0,0.0,0.0,0.0,0.0,0.0,0.0,0.0,0.0,0.0,0.0,0.0,0.0,0.0,0.0,0.0,0.0,0.0,0.0,0.0,0.0,0.265593533196656,0.0,0.0,0.0,0.0,0.0,0.0,0.0,0.0,0.0,0.0,0.0,0.0,0.0,0.0,0.0,0.0,0.0,0.0,0.0,0.0,0.0,0.0,0.0,0.0,0.0,0.0,0.0,0.0,0.2199799294682468,0.0,0.0,0.0,0.0,0.0,0.0,0.0,0.0,0.0,0.0,0.0,0.0,0.0,0.0,0.0
191babb0f7c471b06775a0ba0246d78ab83570f5d82308a288382ecf97bc9b8a,0.0,0.0,0.0,0.0,0.0,0.0,0.0,0.0,0.0,0.0,0.0,0.0,0.08863523684230672,0.0,0.0,0.0,0.0,0.0,0.0,0.0,0.2505405072542494,0.12953497300600586,0.0,0.0,0.0,0.0,0.0,0.0,0.0,0.0,0.0,0.0,0.0,0.0,0.0,0.0,0.0,0.0,0.0,0.42057791572985337,0.0,0.0,0.0,0.15335050688920077,0.0,0.0,0.0,0.0,0.21765030213723047,0.0,0.0,0.0,0.0,0.0,0.0,0.0,0.27314374964888916,0.0,0.0,0.0,0.0,0.0,0.0,0.0,0.0,0.0,0.0,0.14485612588413924,0.0,0.0,0.0,0.0,0.0,0.0,0.0,0.0,0.0,0.0,0.0,0.0770953042896427,0.0,0.0,0.0,0.0,0.0,0.0,0.0,0.0,0.0,0.0,0.0,0.0,0.0,0.35948784754655383,0.0,0.0,0.0,0.0,0.0,0.0,0.0,0.0,0.11902576858576186,0.0,0.0,0.0,0.0,0.0,0.0,0.0,0.42057791572985337,0.0,0.0,0.0,0.0,0.0,0.0,0.0,0.11264404113634682,0.09985026142283782,0.0,0.0,0.0,0.0,0.0,0.0,0.0,0.0,0.0,0.0,0.0,0.0,0.0,0.1270623023058253,0.0,0.0,0.0,0.0,0.0,0.0,0.0,0.0,0.0,0.0,0.0,0.09172945423742603,0.18928141834056667,0.2053698664834265,0.0,0.0,0.0,0.0,0.0,0.0,0.13312928368481536,0.31631579859772146,0.0,0.0,0.0,0.0,0.0
267fa786176679a2d99bf4d47cbcd8591640452ff393af7d61cfd5c0d8e67f33,0.0,0.0,0.0,0.0,0.0,0.0,0.0,0.0,0.0,0.0,0.0,0.0,0.09314420052563913,0.0,0.0,0.0,0.0,0.0,0.0,0.0,0.0,0.13612454742147964,0.0,0.0,0.33240710155073216,0.0,0.0,0.0,0.0,0.0,0.0,0.0,0.0,0.4231436105882612,0.0,0.0,0.0,0.0,0.0,0.0,0.0,0.0,0.17114160981825816,0.16115160147660737,0.0,0.0,0.0,0.0,0.0,0.0,0.22082698190489825,0.0,0.0,0.0,0.0,0.0,0.0,0.0,0.0,0.0,0.0,0.0,0.0,0.0,0.0,0.0,0.0,0.0,0.0,0.0,0.0,0.0,0.0,0.0,0.2793296463174314,0.08855094458098953,0.18859313727990235,0.15042472249408467,0.0,0.0,0.0,0.0,0.0,0.0,0.0,0.0,0.0,0.0,0.0,0.0,0.0,0.0,0.0,0.0,0.0,0.0,0.0,0.0,0.0,0.0,0.0,0.0,0.12508072919797023,0.0,0.0,0.0,0.0,0.0,0.0,0.0,0.0,0.0,0.0,0.27081733668276,0.0,0.0,0.11638383333305412,0.0,0.0,0.10492974469118878,0.0,0.0,0.0,0.0,0.0,0.0,0.16908533948101756,0.0,0.0,0.0,0.0,0.0,0.0,0.1335260894747688,0.0,0.0,0.0,0.0,0.0,0.0,0.0,0.0,0.0,0.14391025610008437,0.0,0.09639582387306327,0.0,0.21581723823549928,0.0,0.4231436105882612,0.0,0.0,0.0,0.0,0.13990170430113136,0.0,0.0,0.0,0.0,0.0,0.0
312f082ea8f64609d30ff62b11f564107bf7a4ec9e95944dfd3da57c6cdb4e94,0.0,0.27306366297254187,0.0,0.0,0.0,0.0,0.0,0.0,0.0,0.0,0.0,0.0,0.0,0.0,0.0,0.0,0.0,0.0,0.0,0.0,0.0,0.0,0.0,0.0,0.4551051849921462,0.0,0.0,0.0,0.0,0.0,0.0,0.0,0.0,0.0,0.0,0.0,0.0,0.0,0.0,0.0,0.0,0.0,0.23431338750837388,0.0,0.0,0.0,0.0,0.0,0.0,0.0,0.0,0.0,0.0,0.0,0.0,0.0,0.0,0.0,0.0,0.43510875623579076,0.0,0.0,0.0,0.0,0.24655224872358353,0.0,0.0,0.20841442084145614,0.0,0.0,0.0,0.0,0.0,0.0,0.0,0.1212368623496749,0.0,0.0,0.0,0.1109222899276849,0.0,0.0,0.0,0.0,0.0,0.0,0.0,0.0,0.0,0.0,0.0,0.0,0.0,0.0,0.0,0.0,0.0,0.0,0.0,0.15590026509641972,0.0,0.0,0.1712505182200714,0.0,0.0,0.0,0.2038893384886885,0.0,0.41877048430408487,0.0,0.0,0.0,0.0,0.0,0.0,0.0,0.15934342483068423,0.0,0.16206869023578807,0.14366140388121007,0.0,0.0,0.0,0.0,0.0,0.0,0.0,0.0,0.0,0.0,0.0,0.0,0.0,0.0,0.0,0.0,0.0,0.0,0.0,0.0,0.0,0.0,0.0,0.0,0.0,0.0,0.0,0.0,0.0,0.0,0.0,0.0,0.0,0.0,0.0,0.0,0.0,0.0,0.0,0.0,0.0
973f558936e9cd63c00eba6da49d86b6f34f3e0af54a314356d6271faa328745,0.0,0.0,0.0,0.0,0.0,0.0,0.0,0.0,0.0,0.0,0.0,0.0,0.0,0.0,0.0,0.0,0.0,0.0,0.0,0.48224489362179546,0.418765465391524,0.0,0.0,0.0,0.0,0.0,0.0,0.0,0.0,0.0,0.0,0.0,0.0,0.0,0.0,0.0,0.0,0.0,0.0,0.0,0.0,0.0,0.27220688751705674,0.0,0.0,0.0,0.0,0.30902245828521013,0.0,0.0,0.0,0.0,0.0,0.0,0.0,0.0,0.0,0.0,0.0,0.0,0.0,0.0,0.0,0.0,0.0,0.0,0.0,0.0,0.0,0.0,0.0,0.0,0.0,0.0,0.0,0.14084346312205248,0.0,0.0,0.0,0.1288608031259017,0.0,0.0,0.0,0.0,0.0,0.0,0.0,0.0,0.0,0.0,0.0,0.0,0.0,0.0,0.0,0.0,0.0,0.0,0.0,0.181112681508494,0.0,0.0,0.19894539977449094,0.0,0.0,0.0,0.0,0.0,0.0,0.0,0.0,0.0,0.0,0.0,0.0,0.0,0.0,0.0,0.0,0.0,0.19894539977449094,0.0,0.0,0.0,0.0,0.0,0.0,0.0,0.4100850526120667,0.0,0.0,0.0,0.0,0.0,0.0,0.0,0.0,0.0,0.0,0.0,0.0,0.0,0.2870617627149524,0.0,0.0,0.1533210258685412,0.0,0.0,0.0,0.0,0.0,0.0,0.0,0.0,0.0,0.0,0.0,0.0,0.0,0.0,0.0
5e5cfffc1cbefb7bc0439640a28eb44fabed540e073b48fa9c642b881b684040,0.0,0.0,0.0,0.0,0.0,0.0,0.31128386894892873,0.0,0.0,0.0,0.0,0.0,0.11685884992356046,0.0,0.0,0.0,0.30192712278370637,0.22899027954942822,0.0,0.0,0.0,0.0,0.0,0.0,0.0,0.30849997956785574,0.0,0.0,0.0,0.0,0.0,0.0,0.0,0.0,0.0,0.0,0.0,0.0,0.0,0.0,0.0,0.0,0.0,0.0,0.0,0.0,0.0,0.0,0.0,0.2848764276347419,0.0,0.0,0.0,0.0,0.0,0.0,0.0,0.0,0.0,0.0,0.1697651156642605,0.3098801275520843,0.0,0.0,0.0,0.0,0.0,0.0,0.0,0.0,0.0,0.0,0.0,0.0,0.0,0.11109614431153947,0.0,0.0,0.0,0.0,0.0,0.0,0.0,0.0,0.0,0.0,0.0,0.0,0.2437543273940202,0.0,0.0,0.0,0.0,0.0,0.0,0.0,0.0,0.0,0.0,0.14286016656719874,0.0,0.0,0.0,0.0,0.0,0.0,0.0,0.0,0.0,0.0,0.0,0.0,0.0,0.0,0.23491603391443588,0.267377879327134,0.14601532716202056,0.13505014687990496,0.14851264087391305,0.1316450108346776,0.15692646540727626,0.0,0.0,0.0,0.0,0.0,0.0,0.0,0.0,0.0,0.0,0.0,0.2994385422769247,0.0,0.0,0.0,0.0,0.0,0.0,0.0,0.0,0.0,0.0,0.18055001734039003,0.0,0.0,0.0,0.0,0.0,0.0,0.0,0.0,0.0,0.0,0.0,0.0,0.0,0.0,0.0,0.0,0.0
3ea80d14d46563e000b4300a80edd83c1c382f1240723ff79d197de4b1fc83bc,0.0,0.0,0.0,0.0,0.0,0.0,0.0,0.0,0.0,0.0,0.0,0.0,0.24347893385732722,0.0,0.0,0.0,0.0,0.0,0.0,0.7925555521740074,0.0,0.0,0.0,0.0,0.0,0.0,0.0,0.0,0.0,0.0,0.0,0.0,0.0,0.0,0.0,0.0,0.0,0.0,0.0,0.0,0.0,0.0,0.0,0.0,0.0,0.0,0.0,0.0,0.0,0.0,0.0,0.0,0.0,0.0,0.0,0.0,0.0,0.0,0.0,0.0,0.0,0.0,0.0,0.0,0.0,0.0,0.0,0.0,0.0,0.0,0.0,0.0,0.0,0.0,0.0,0.2314721631295107,0.0,0.0,0.0,0.0,0.0,0.0,0.0,0.0,0.0,0.0,0.0,0.0,0.0,0.0,0.0,0.0,0.0,0.0,0.0,0.0,0.0,0.0,0.0,0.2976534603003044,0.0,0.0,0.326961017640984,0.0,0.0,0.0,0.0,0.0,0.0,0.0,0.0,0.0,0.0,0.0,0.0,0.0,0.0,0.0,0.0,0.0,0.0,0.0,0.0,0.0,0.0,0.0,0.0,0.0,0.0,0.0,0.0,0.0,0.0,0.0,0.0,0.0,0.0,0.0,0.0,0.0,0.0,0.0,0.0,0.0,0.0,0.2519786770669809,0.0,0.0,0.0,0.0,0.0,0.0,0.0,0.0,0.0,0.0,0.0,0.0,0.0,0.0,0.0
841f916fd211961d16b57c00fede97127720d6d2ea52e914fa13661b1d728410,0.0,0.0,0.0,0.0,0.0,0.0,0.0,0.0,0.0,0.0,0.20061038445643603,0.0,0.13067100584284325,0.0,0.0,0.0,0.0,0.0,0.0,0.0,0.0,0.1909676762598903,0.0,0.0,0.0,0.0,0.0,0.0,0.0,0.0,0.0,0.0,0.0,0.0,0.0,0.0,0.0,0.0,0.0,0.0,0.0,0.0,0.0,0.22607786356314122,0.0,0.0,0.0,0.0,0.32087220518031706,0.0,0.0,0.0,0.0,0.0,0.0,0.0,0.0,0.0,0.0,0.0,0.0,0.0,0.0,0.0,0.0,0.0,0.0,0.0,0.0,0.0,0.0,0.0,0.0,0.0,0.0,0.12422717604996454,0.2645753015684404,0.21102923940521673,0.0,0.11365819414699384,0.0,0.0,0.0,0.0,0.0,0.0,0.0,0.0,0.2725649204998772,0.0,0.0,0.0,0.0,0.0,0.0,0.0,0.0,0.0,0.0,0.15974555348116865,0.0,0.0,0.0,0.0,0.29805781413558724,0.0,0.0,0.0,0.0,0.0,0.0,0.0,0.0,0.0,0.0,0.0,0.1632736389346089,0.0,0.16606612315682714,0.14720482009887645,0.0,0.0,0.0,0.0,0.20617710047603782,0.0,0.0,0.0,0.0,0.0,0.0,0.0,0.0,0.18732232731040233,0.0,0.0,0.0,0.0,0.0,0.0,0.0,0.0,0.0,0.2018901639562938,0.0,0.13523267356914498,0.2790492156739653,0.30276770254412694,0.0,0.0,0.0,0.0,0.0,0.0,0.19626660937547863,0.0,0.0,0.0,0.0,0.0,0.0
339a586e6e541cb228df0082d135fda48413e258c94686ae2786f60d7955dd4e,0.0,0.0,0.0,0.0,0.0,0.0,0.0,0.0,0.0,0.0,0.21767687977609382,0.0,0.14178755953309422,0.0,0.0,0.0,0.0,0.0,0.0,0.0,0.0,0.2072138389993027,0.0,0.0,0.0,0.0,0.0,0.0,0.0,0.0,0.0,0.0,0.0,0.0,0.0,0.0,0.0,0.0,0.0,0.0,0.0,0.0,0.0,0.2453109496809561,0.0,0.0,0.0,0.0,0.3481697152407065,0.34564719291056933,0.0,0.0,0.0,0.0,0.0,0.0,0.0,0.0,0.273520038842198,0.0,0.0,0.0,0.0,0.0,0.0,0.0,0.0,0.2317227019889606,0.0,0.0,0.0,0.0,0.0,0.0,0.0,0.13479553483346224,0.0,0.0,0.0,0.12332741961459,0.0,0.0,0.0,0.0,0.0,0.0,0.0,0.0,0.0,0.0,0.0,0.0,0.0,0.0,0.0,0.0,0.0,0.0,0.0,0.0,0.0,0.0,0.0,0.0,0.0,0.0,0.0,0.0,0.0,0.0,0.0,0.0,0.0,0.0,0.0,0.0,0.0,0.0,0.1801938400309512,0.15972795233879347,0.19040252895528675,0.0,0.0,0.0,0.0,0.0,0.0,0.0,0.0,0.0,0.0,0.0,0.0,0.20325836985861162,0.0,0.0,0.0,0.44674919650781425,0.0,0.0,0.0,0.0,0.0,0.0,0.0,0.0,0.3027887252021378,0.0,0.0,0.0,0.0,0.0,0.0,0.0,0.0,0.0,0.0,0.0,0.0,0.0,0.0
bdbfa96d17c2f06f68b3bcc84568cf445915e194f130b0dc2411805cf889b6cc,0.0,0.0,0.0,0.0,0.0,0.0,0.0,0.0,0.0,0.0,0.0,0.0,0.08632892997066254,0.0,0.0,0.0,0.0,0.0,0.0,0.0,0.0,0.0,0.0,0.0,0.0,0.0,0.0,0.0,0.0,0.0,0.0,0.0,0.0,0.0,0.0,0.0,0.0,0.0,0.0,0.0,0.0,0.0,0.1586193446901721,0.0,0.0,0.0,0.0,0.0,0.21198699705318594,0.0,0.0,0.0,0.0,0.0,0.0,0.24143957905531493,0.0,0.0,0.0,0.0,0.0,0.0,0.0,0.0,0.0,0.0,0.0,0.0,0.0,0.0,0.0,0.0,0.0,0.0,0.0,0.0,0.0,0.0,0.0,0.07508926880771534,0.0,0.3308153968184392,0.0,0.43423130763912254,0.0,0.0,0.0,0.0,0.0,0.0,0.0,0.0,0.0,0.0,0.0,0.0,0.0,0.0,0.0,0.10553728128630488,0.0,0.0,0.11592869390337047,0.0,0.0,0.0,0.13802366823463155,0.3675856894456293,0.0,0.0,0.0,0.0,0.0,0.0,0.0,0.0,0.10786814144978189,0.09976766569369115,0.0,0.09725213733292688,0.0,0.0,0.0,0.0,0.0,0.0,0.0,0.0,0.0,0.0,0.0,0.0,0.0,0.0,0.0,0.0,0.0,0.0,0.0,0.0,0.0,0.0,0.0,0.0,0.258891367788698,0.08934263520047427,0.0,0.20002610083024672,0.0,0.0,0.0,0.0,0.0,0.0,0.1296652326739785,0.0,0.3009400712521361,0.0,0.0,0.0,0.358234376468337
328a8b05fbe3718e41a3e3ec07593e68de43cfb1ca77fb8f29e1d3d79ea87f05,0.0,0.0,0.0,0.0,0.0,0.0,0.3121878603572922,0.0,0.0,0.0,0.0,0.0,0.11719821667802426,0.0,0.0,0.0,0.30280394150826784,0.2296552842797099,0.0,0.0,0.0,0.0,0.0,0.0,0.0,0.30939588635528836,0.0,0.0,0.0,0.0,0.0,0.0,0.0,0.0,0.0,0.0,0.0,0.0,0.0,0.0,0.0,0.0,0.0,0.0,0.0,0.0,0.0,0.0,0.0,0.28570372987785725,0.0,0.0,0.0,0.0,0.0,0.0,0.0,0.0,0.0,0.0,0.1702581261325463,0.31078004239147355,0.0,0.0,0.0,0.0,0.0,0.0,0.0,0.0,0.0,0.0,0.0,0.0,0.0,0.11141877574213382,0.0,0.0,0.0,0.0,0.0,0.0,0.0,0.0,0.0,0.0,0.0,0.0,0.24446220801263252,0.0,0.0,0.0,0.0,0.0,0.0,0.0,0.0,0.0,0.0,0.0,0.0,0.0,0.0,0.0,0.0,0.0,0.0,0.0,0.0,0.0,0.0,0.0,0.0,0.0,0.2355982474742407,0.26815436449006363,0.14643936648564354,0.13544234250793374,0.1489439325815004,0.13202731769545484,0.15738219148441612,0.0,0.0,0.0,0.0,0.0,0.0,0.0,0.0,0.0,0.0,0.0,0.30030813397939615,0.0,0.0,0.0,0.0,0.0,0.0,0.0,0.0,0.0,0.0,0.1810743479618472,0.0,0.12128955522058697,0.0,0.0,0.0,0.0,0.0,0.0,0.0,0.0,0.0,0.0,0.0,0.0,0.0,0.0,0.0
a3225cdecee4f51aef9815859cdbaa70d5ce3b5e97d52518a5e0c5e2ac5deb12,0.0,0.0,0.0,0.0,0.0,0.0,0.0,0.0,0.0,0.0,0.18554745041663753,0.0,0.12085950606800332,0.0,0.0,0.0,0.0,0.0,0.0,0.0,0.0,0.17662876993143461,0.0,0.0,0.0,0.0,0.0,0.0,0.0,0.0,0.0,0.0,0.0,0.0,0.0,0.0,0.0,0.0,0.0,0.0,0.0,0.0,0.0,0.20910269073778,0.0,0.0,0.0,0.0,0.2967793503915093,0.0,0.0,0.0,0.0,0.0,0.0,0.0,0.0,0.0,0.0,0.0,0.0,0.0,0.0,0.0,0.0,0.0,0.0,0.0,0.0,0.0,0.0,0.0,0.4213126281069757,0.0,0.0,0.11489951455396953,0.24470952878263208,0.19518400027543525,0.0,0.10512411010065895,0.0,0.0,0.0,0.0,0.0,0.0,0.0,0.0,0.2520992430616081,0.0,0.0,0.0,0.0,0.0,0.0,0.0,0.0,0.0,0.0,0.14775097632227546,0.0,0.0,0.0,0.0,0.2756779896487555,0.0,0.0,0.0,0.0,0.0,0.0,0.0,0.0,0.0,0.0,0.0,0.15101415366232995,0.0,0.15359696276847473,0.13615187036500417,0.0,0.0,0.0,0.0,0.19069618669681182,0.0,0.0,0.0,0.0,0.0,0.0,0.0,0.0,0.17325713388532882,0.0,0.0,0.0,0.380808354442473,0.0,0.0,0.0,0.0,0.0,0.18673113701360758,0.0,0.12507865862362266,0.0,0.0,0.0,0.0,0.0,0.0,0.0,0.0,0.0,0.0,0.0,0.0,0.0,0.0,0.0
cdbed3a79d37d581fc5be268df61e13aaafa5c88a001f4e8b298d77c4b37ae13,0.0,0.0,0.0,0.0,0.0,0.0,0.0,0.0,0.0,0.0,0.2840737512350683,0.0,0.1850362976374083,0.0,0.0,0.0,0.4780765598220089,0.0,0.0,0.0,0.0,0.2704192223487398,0.0,0.0,0.0,0.0,0.0,0.0,0.0,0.0,0.0,0.0,0.0,0.0,0.302922962746596,0.0,0.0,0.0,0.0,0.0,0.0,0.0,0.3399826255823578,0.0,0.0,0.0,0.0,0.0,0.0,0.0,0.0,0.0,0.0,0.0,0.0,0.0,0.0,0.0,0.0,0.0,0.0,0.0,0.0,0.3755571890237983,0.0,0.0,0.0,0.0,0.0,0.0,0.0,0.0,0.0,0.0,0.0,0.17591153120747877,0.0,0.0,0.0,0.16094535513415378,0.0,0.0,0.0,0.0,0.0,0.0,0.0,0.0,0.0,0.0,0.0,0.0,0.0,0.0,0.0,0.0,0.0,0.0,0.0,0.0,0.0,0.0,0.0,0.0,0.42206390050963594,0.0,0.0,0.0,0.0,0.0,0.0,0.0,0.0,0.0,0.0,0.0,0.0,0.0,0.0,0.0,0.0,0.0,0.0,0.0,0.0,0.0,0.0,0.0,0.0,0.0,0.0,0.0,0.0,0.0,0.0,0.0,0.0,0.0,0.0,0.0,0.0,0.0,0.0,0.0,0.0,0.0,0.0,0.0,0.0,0.0,0.0,0.0,0.0,0.0,0.0,0.0,0.0,0.0,0.0,0.0,0.0
1667e1635736f2b2ba9727457f995a67201ddcd818496c9296713ffa18e17a43,0.0,0.0,0.0,0.0,0.0,0.0,0.0,0.0,0.0,0.0,0.0,0.0,0.0,0.0,0.0,0.0,0.0,0.0,0.0,0.0,0.0,0.0,0.0,0.0,0.0,0.0,0.47394462741506055,0.0,0.0,0.0,0.0,0.0,0.0,0.0,0.0,0.0,0.0,0.0,0.0,0.0,0.0,0.0,0.0,0.0,0.43785518371895316,0.0,0.0,0.0,0.0,0.0,0.0,0.0,0.0,0.0,0.0,0.0,0.0,0.0,0.4349479979297422,0.0,0.0,0.0,0.0,0.0,0.0,0.0,0.0,0.0,0.0,0.0,0.0,0.0,0.0,0.0,0.0,0.0,0.0,0.36412434268157706,0.0,0.19611365396944194,0.0,0.0,0.0,0.0,0.0,0.0,0.0,0.0,0.0,0.0,0.0,0.0,0.0,0.0,0.0,0.0,0.0,0.0,0.0,0.0,0.0,0.0,0.0,0.0,0.0,0.0,0.0,0.0,0.0,0.0,0.0,0.0,0.0,0.0,0.0,0.0,0.0,0.0,0.0,0.25399730629336736,0.0,0.0,0.0,0.0,0.0,0.0,0.0,0.0,0.0,0.0,0.0,0.0,0.0,0.3232188084159741,0.0,0.0,0.0,0.0,0.0,0.0,0.0,0.0,0.0,0.0,0.0,0.2333397424509692,0.0,0.0,0.0,0.0,0.0,0.0,0.0,0.0,0.0,0.0,0.0,0.0,0.0,0.0,0.0
03f51ffa9c987630724a451ad872f52bf97bd257ad06b58b6194f5dec29c8f13,0.0,0.3058247615134414,0.0,0.0,0.0,0.0,0.0,0.0,0.0,0.0,0.21927050635623258,0.0,0.1428255954689151,0.0,0.0,0.0,0.0,0.0,0.0,0.0,0.0,0.20873086497809085,0.4690129111175197,0.0,0.0,0.0,0.0,0.0,0.0,0.0,0.0,0.0,0.0,0.0,0.0,0.0,0.0,0.0,0.0,0.0,0.0,0.0,0.0,0.24710688708235937,0.0,0.0,0.0,0.0,0.0,0.0,0.0,0.0,0.0,0.0,0.0,0.0,0.0,0.0,0.0,0.0,0.0,0.0,0.0,0.0,0.0,0.0,0.0,0.0,0.0,0.0,0.0,0.0,0.0,0.0,0.0,0.13578238170215856,0.28918523087155,0.23065848911924547,0.0,0.12423030766664173,0.0,0.0,0.0,0.0,0.0,0.0,0.0,0.0,0.2979180180272913,0.0,0.0,0.0,0.0,0.0,0.0,0.0,0.0,0.0,0.0,0.0,0.0,0.0,0.0,0.0,0.0,0.0,0.0,0.0,0.0,0.0,0.0,0.0,0.0,0.0,0.0,0.0,0.178460818869478,0.0,0.18151305084169955,0.16089733105600068,0.0,0.0,0.0,0.0,0.22535502009497427,0.0,0.0,0.0,0.0,0.0,0.0,0.0,0.0,0.20474643759081884,0.0,0.0,0.0,0.0,0.0,0.0,0.0,0.0,0.0,0.22066932675986467,0.0,0.14781157460895444,0.0,0.0,0.0,0.0,0.0,0.0,0.0,0.0,0.0,0.0,0.0,0.0,0.0,0.0,0.0
993afa5ca786935ff44f01d5495e0583034008d30d93eaac100e6d4325dfb89d,0.0,0.0,0.0,0.0,0.0,0.0,0.0,0.0,0.0,0.0,0.0,0.0,0.1933710191114081,0.0,0.0,0.0,0.0,0.0,0.0,0.0,0.0,0.0,0.0,0.0,0.0,0.0,0.0,0.0,0.0,0.0,0.0,0.0,0.0,0.0,0.0,0.0,0.0,0.0,0.0,0.0,0.0,0.0,0.0,0.0,0.0,0.0,0.0,0.0,0.47483667030822846,0.0,0.0,0.0,0.0,0.0,0.0,0.0,0.0,0.0,0.0,0.0,0.0,0.0,0.0,0.0,0.0,0.0,0.0,0.0,0.0,0.0,0.0,0.0,0.0,0.0,0.0,0.0,0.0,0.0,0.0,0.16819493116169512,0.0,0.0,0.0,0.0,0.0,0.0,0.0,0.0,0.0,0.0,0.0,0.0,0.0,0.0,0.0,0.0,0.0,0.0,0.0,0.0,0.0,0.0,0.2596725071417816,0.0,0.0,0.0,0.0,0.0,0.0,0.0,0.0,0.0,0.0,0.0,0.0,0.0,0.0,0.0,0.0,0.21783827174993958,0.0,0.0,0.0,0.0,0.0,0.0,0.0,0.0,0.0,0.0,0.0,0.0,0.0,0.0,0.0,0.0,0.0,0.0,0.0,0.0,0.0,0.0,0.0,0.0,0.0,0.0,0.0,0.44804506414675344,0.0,0.0,0.0,0.5557556307795359,0.0,0.0,0.2904414336423015,0.0,0.0,0.0,0.0,0.0,0.0
06edeee5eaf02a2ee9849ca2b8bc9ec67c39c338c9b184c04f5f0da7c6bedfa5,0.0,0.0,0.0,0.0,0.0,0.5048697502709071,0.0,0.0,0.0,0.0,0.0,0.0,0.1814609002179834,0.0,0.0,0.0,0.0,0.0,0.0,0.0,0.0,0.0,0.0,0.0,0.0,0.0,0.0,0.0,0.0,0.0,0.0,0.0,0.0,0.0,0.0,0.0,0.0,0.0,0.0,0.0,0.0,0.0,0.0,0.0,0.0,0.0,0.0,0.0,0.0,0.0,0.0,0.0,0.0,0.0,0.0,0.0,0.0,0.0,0.0,0.0,0.0,0.0,0.0,0.0,0.0,0.0,0.0,0.0,0.0,0.0,0.0,0.0,0.0,0.0,0.0,0.17251244874227087,0.0,0.0,0.0,0.1578354593204,0.0,0.0,0.0,0.0,0.0,0.0,0.0,0.0,0.0,0.0,0.0,0.0,0.0,0.0,0.0,0.0,0.0,0.0,0.0,0.22183629607455493,0.0,0.0,0.0,0.0,0.0,0.0,0.0,0.0,0.0,0.0,0.0,0.0,0.0,0.0,0.0,0.0,0.22673569635312332,0.0,0.0,0.20442116442950306,0.0,0.0,0.0,0.0,0.0,0.0,0.0,0.0,0.0,0.0,0.0,0.0,0.0,0.0,0.0,0.0,0.0,0.0,0.0,0.0,0.0,0.0,0.0,0.28036189558934066,0.0,0.18779562096778446,0.38751153367733315,0.4204490468732161,0.0,0.0,0.0,0.0,0.0,0.0,0.27255254821286923,0.0,0.0,0.0,0.0,0.0,0.0
852bffb94dbd3ed18ac11311b701ee80400209a19b3660b544146b41fa3b9768,0.0,0.0,0.0,0.0,0.0,0.0,0.0,0.0,0.0,0.0,0.0,0.0,0.08253313478462164,0.0,0.0,0.0,0.0,0.0,0.0,0.0,0.23329202009141156,0.0,0.2710235912680985,0.0,0.0,0.0,0.0,0.0,0.0,0.0,0.0,0.0,0.0,0.0,0.0,0.0,0.0,0.0,0.34248317554258734,0.0,0.0,0.2385680325808578,0.15164501354541535,0.14279307536452984,0.0,0.0,0.0,0.0,0.0,0.0,0.0,0.0,0.23720335442827387,0.0,0.0,0.0,0.0,0.0,0.0,0.0,0.0,0.0,0.0,0.0,0.0,0.0,0.0,0.13488349089926846,0.0,0.0,0.0,0.0,0.0,0.0,0.0,0.0,0.0,0.13328821146654432,0.0,0.07178767008338831,0.0,0.31626978052111715,0.0,0.0,0.0,0.0,0.0,0.0,0.1721547727904638,0.0,0.0,0.0,0.0,0.0,0.0,0.0,0.0,0.0,0.0,0.0,0.0,0.0,0.0,0.0,0.0,0.0,0.0,0.0,0.0,0.0,0.0,0.0,0.0,0.0,0.0,0.0,0.10312528905741,0.0,0.10488905046117127,0.09297605983670444,0.0,0.0,0.0,0.0,0.0,0.0,0.14982299525614587,0.0,0.0,0.0,0.0,0.0,0.0,0.11831468494757283,0.0,0.35142332080594607,0.0,0.2600482847135454,0.0,0.0,0.0,0.0,0.0,0.12751587856861024,0.0,0.08541433046279924,0.17625031949674633,0.19123115676141597,0.0,0.0,0.0,0.23720335442827387,0.0,0.0,0.12396398436535216,0.0,0.0,0.0,0.0,0.0,0.0
5a9a3c1a7abfcf03bc270126a2a438713a1927cdfa92e6c8c72d7443ceee2eb8,0.0,0.0,0.0,0.0,0.0,0.0,0.0,0.0,0.0,0.0,0.26129558723385365,0.0,0.17019935083948062,0.0,0.0,0.0,0.0,0.0,0.0,0.0,0.0,0.24873593281931236,0.0,0.0,0.0,0.0,0.0,0.0,0.0,0.0,0.0,0.0,0.0,0.0,0.0,0.0,0.0,0.0,0.0,0.0,0.0,0.0,0.0,0.0,0.0,0.0,0.0,0.0,0.0,0.0,0.0,0.0,0.0,0.0,0.0,0.0,0.0,0.0,0.0,0.0,0.0,0.0,0.0,0.0,0.0,0.0,0.0,0.2781559509393077,0.0,0.0,0.0,0.0,0.0,0.0,0.0,0.1618062444989119,0.0,0.0,0.0,0.1480401159892464,0.0,0.0,0.0,0.0,0.0,0.0,0.0,0.0,0.0,0.0,0.0,0.0,0.0,0.0,0.0,0.0,0.0,0.0,0.0,0.20806903051383788,0.0,0.0,0.0,0.0,0.3882211371321584,0.0,0.0,0.0,0.0,0.0,0.0,0.0,0.0,0.0,0.0,0.0,0.0,0.0,0.2163015902067401,0.19173469018370995,0.0,0.0,0.0,0.0,0.26854625042981506,0.0,0.0,0.0,0.0,0.0,0.0,0.0,0.0,0.24398785560980168,0.0,0.0,0.0,0.0,0.0,0.0,0.0,0.0,0.3297873024031854,0.0,0.0,0.0,0.36346238443358797,0.0,0.0,0.0,0.0,0.0,0.0,0.0,0.2556378080333107,0.0,0.0,0.0,0.0,0.0,0.0
d31f7a4a68a38581a88a343cbc9be8480acdba021c3bca39f6d45c4cac352be1,0.0,0.0,0.0,0.0,0.0,0.0,0.30839191865255866,0.0,0.0,0.0,0.0,0.0,0.11577318497467949,0.0,0.0,0.0,0.29912210036103865,0.22686286925655022,0.0,0.0,0.0,0.0,0.0,0.0,0.0,0.3056338927052313,0.0,0.0,0.0,0.0,0.0,0.0,0.0,0.0,0.0,0.0,0.0,0.0,0.0,0.0,0.0,0.0,0.0,0.0,0.0,0.0,0.0,0.0,0.0,0.2822298129158073,0.0,0.0,0.0,0.0,0.0,0.0,0.0,0.0,0.0,0.0,0.16818793057524098,0.30700121856865575,0.0,0.0,0.0,0.0,0.0,0.0,0.0,0.0,0.0,0.0,0.0,0.0,0.0,0.11006401717770445,0.0,0.0,0.0,0.0,0.0,0.0,0.0,0.0,0.0,0.0,0.0,0.0,0.24148975325553734,0.0,0.0,0.0,0.0,0.0,0.0,0.0,0.0,0.0,0.0,0.0,0.0,0.0,0.15546855645852392,0.0,0.0,0.0,0.0,0.0,0.0,0.0,0.0,0.0,0.0,0.0,0.2327335710190894,0.26489383304496134,0.14465878700436124,0.13379547758524182,0.14713289968385324,0.13042197660105512,0.15546855645852392,0.0,0.0,0.0,0.0,0.0,0.0,0.0,0.0,0.0,0.0,0.0,0.2966566397517268,0.0,0.0,0.0,0.0,0.0,0.0,0.0,0.0,0.0,0.0,0.1788726362479479,0.0,0.11981477628304762,0.0,0.0,0.0,0.0,0.0,0.0,0.0,0.0,0.0,0.0,0.0,0.0,0.0,0.0,0.0
3e48de73f972a09dd4a57bbd7ae247a4229df579dade5b13273115f5085b5743,0.0,0.0,0.0,0.0,0.0,0.0,0.0,0.0,0.0,0.0,0.0,0.0,0.2763575295547534,0.0,0.0,0.0,0.0,0.0,0.0,0.0,0.0,0.0,0.0,0.0,0.0,0.0,0.0,0.0,0.0,0.0,0.0,0.0,0.0,0.0,0.45242497120268477,0.0,0.0,0.0,0.0,0.0,0.0,0.0,0.0,0.0,0.0,0.0,0.0,0.0,0.0,0.0,0.0,0.0,0.0,0.0,0.0,0.0,0.0,0.0,0.0,0.0,0.0,0.0,0.0,0.0,0.0,0.0,0.0,0.45164973340608555,0.0,0.0,0.0,0.0,0.0,0.0,0.0,0.0,0.0,0.0,0.0,0.0,0.0,0.0,0.0,0.0,0.0,0.0,0.0,0.0,0.0,0.0,0.0,0.0,0.0,0.0,0.0,0.0,0.0,0.0,0.0,0.0,0.0,0.0,0.37111275979595915,0.0,0.0,0.0,0.0,0.0,0.0,0.0,0.0,0.0,0.0,0.0,0.0,0.0,0.0,0.0,0.3512150476101178,0.31132507290870814,0.0,0.0,0.0,0.0,0.0,0.0,0.0,0.0,0.0,0.0,0.0,0.0,0.0,0.3961700246511495,0.0,0.0,0.0,0.0,0.0,0.0,0.0,0.0,0.0,0.0,0.0,0.0,0.0,0.0,0.0,0.0,0.0,0.0,0.0,0.0,0.0,0.0,0.0,0.0,0.0,0.0,0.0
172362b2f1f5dca51f1520fc186c1e67c7002f924420c5828b90e099e96b0476,0.0,0.0,0.0,0.0,0.0,0.0,0.317341084281964,0.0,0.0,0.0,0.0,0.0,0.1191327847083854,0.0,0.0,0.0,0.30780226692066365,0.0,0.0,0.0,0.0,0.0,0.0,0.0,0.0,0.31450302371141864,0.0,0.0,0.0,0.0,0.0,0.0,0.0,0.0,0.0,0.0,0.0,0.0,0.0,0.0,0.0,0.0,0.0,0.0,0.0,0.0,0.0,0.0,0.0,0.2904197854428928,0.0,0.0,0.0,0.0,0.0,0.0,0.0,0.0,0.0,0.0,0.1730685437059647,0.31591002774045335,0.0,0.0,0.0,0.0,0.0,0.0,0.0,0.0,0.0,0.0,0.0,0.0,0.0,0.1132579436718377,0.0,0.0,0.0,0.0,0.0,0.0,0.0,0.0,0.0,0.0,0.0,0.0,0.24849749784602645,0.0,0.0,0.0,0.0,0.0,0.0,0.0,0.0,0.0,0.0,0.1456400561719273,0.0,0.0,0.0,0.0,0.0,0.0,0.0,0.0,0.0,0.0,0.0,0.0,0.0,0.0,0.23948722164545128,0.2725807361145523,0.14885661245422135,0.13767806275351496,0.1514025209325505,0.13420666679467927,0.15998006852405044,0.0,0.0,0.0,0.0,0.0,0.0,0.0,0.0,0.0,0.0,0.0,0.3052652615852711,0.0,0.0,0.0,0.0,0.0,0.0,0.0,0.0,0.0,0.0,0.18406330679257626,0.0,0.12329165817571211,0.0,0.0,0.0,0.0,0.0,0.0,0.0,0.0,0.0,0.0,0.0,0.0,0.0,0.0,0.0
6d5f838b8826f5fcfc939db18f02b7703b37f9ecab111bda1aeca6030dd3aa13,0.0,0.0,0.0,0.0,0.0,0.0,0.0,0.0,0.0,0.0,0.22327801924382673,0.0,0.14543595754647645,0.0,0.0,0.0,0.0,0.0,0.0,0.0,0.0,0.21254574936605042,0.0,0.0,0.0,0.0,0.0,0.0,0.0,0.0,0.0,0.0,0.0,0.0,0.0,0.0,0.0,0.0,0.0,0.0,0.0,0.0,0.0,0.2516231535472481,0.0,0.0,0.0,0.3033629377136226,0.0,0.0,0.0,0.0,0.0,0.0,0.0,0.0,0.0,0.0,0.0,0.0,0.0,0.0,0.0,0.0,0.0,0.0,0.0,0.0,0.0,0.0,0.0,0.0,0.0,0.0,0.43614711763092334,0.13826401798613552,0.2944705451569872,0.23487413527767878,0.0,0.12650081165405455,0.0,0.0,0.0,0.0,0.0,0.0,0.0,0.0,0.0,0.0,0.0,0.0,0.0,0.0,0.0,0.0,0.0,0.0,0.0,0.0,0.0,0.0,0.0,0.0,0.3317363582182374,0.0,0.0,0.0,0.0,0.0,0.0,0.0,0.0,0.0,0.0,0.0,0.181722470622989,0.0,0.0,0.0,0.0,0.0,0.0,0.0,0.0,0.0,0.0,0.0,0.0,0.0,0.0,0.0,0.0,0.20848850031037658,0.0,0.0,0.0,0.0,0.0,0.0,0.0,0.0,0.0,0.0,0.0,0.0,0.0,0.0,0.0,0.0,0.0,0.41798844881559283,0.0,0.0,0.0,0.0,0.0,0.0,0.0,0.0,0.0
e1a7ddbf735d5c1cb9097d7614840c00e5c4d5107fa687c0ab2a2ec8948ef84e,0.0,0.0,0.0,0.0,0.0,0.0,0.0,0.0,0.0,0.0,0.0,0.0,0.0,0.0,0.0,0.0,0.0,0.0,0.0,0.0,0.0,0.0,0.0,0.0,0.0,0.0,0.42770346133477066,0.0,0.0,0.0,0.0,0.0,0.0,0.0,0.3331016164549154,0.0,0.0,0.0,0.0,0.0,0.0,0.0,0.0,0.0,0.3951351419708429,0.0,0.0,0.0,0.0,0.0,0.0,0.0,0.0,0.0,0.0,0.0,0.0,0.0,0.3925116004158505,0.0,0.0,0.0,0.0,0.0,0.0,0.0,0.0,0.0,0.0,0.0,0.0,0.0,0.0,0.0,0.0,0.0,0.0,0.328597968438981,0.0,0.17697951145732177,0.0,0.0,0.0,0.0,0.0,0.0,0.0,0.0,0.0,0.0,0.0,0.0,0.0,0.0,0.0,0.0,0.0,0.0,0.0,0.0,0.0,0.0,0.27323483017850086,0.0,0.0,0.0,0.0,0.0,0.0,0.0,0.0,0.0,0.0,0.0,0.0,0.0,0.0,0.0,0.0,0.22921565260458743,0.0,0.0,0.0,0.0,0.0,0.0,0.0,0.0,0.0,0.0,0.0,0.0,0.0,0.2916834480896983,0.0,0.0,0.0,0.0,0.0,0.0,0.0,0.0,0.0,0.0,0.0,0.21057357703908028,0.0,0.0,0.0,0.0,0.0,0.0,0.0,0.0,0.0,0.0,0.0,0.0,0.0,0.0,0.0
d12662f643b6daf1cfca3b45633eb2bf92c7928dbd0670718e5d57d24fb851e0,0.0,0.0,0.0,0.0,0.0,0.0,0.0,0.0,0.0,0.0,0.3186201121399215,0.0,0.20753866081206906,0.0,0.0,0.0,0.0,0.0,0.0,0.0,0.0,0.3033050486887415,0.0,0.0,0.0,0.0,0.0,0.0,0.0,0.0,0.0,0.0,0.0,0.0,0.0,0.0,0.0,0.0,0.0,0.0,0.0,0.0,0.0,0.0,0.0,0.0,0.0,0.0,0.0,0.0,0.0,0.0,0.0,0.0,0.0,0.0,0.0,0.0,0.0,0.0,0.0,0.0,0.0,0.0,0.4012459562324833,0.0,0.0,0.0,0.0,0.0,0.0,0.0,0.0,0.0,0.0,0.19730422665363478,0.0,0.0,0.0,0.1805180058991424,0.0,0.0,0.0,0.0,0.0,0.0,0.0,0.0,0.0,0.0,0.0,0.0,0.0,0.0,0.0,0.0,0.0,0.0,0.0,0.2537164080610028,0.0,0.0,0.27869783501977924,0.0,0.4733913173108119,0.0,0.0,0.0,0.0,0.0,0.0,0.0,0.0,0.0,0.0,0.0,0.0,0.2398459906482258,0.0,0.0,0.0,0.0,0.0,0.0,0.32746146742281207,0.0,0.0,0.0,0.0,0.0,0.0,0.0,0.0,0.0,0.0,0.0,0.0,0.0,0.0,0.0,0.0,0.0,0.0,0.0,0.0,0.0,0.0,0.0,0.0,0.0,0.0,0.0,0.0,0.0,0.0,0.0,0.0,0.0,0.0,0.0,0.0
752e7330e3a78a5f97d052bbaad3b72803b4f9d21fe3b90f6619422dbcfe6fac,0.0,0.0,0.0,0.0,0.0,0.0,0.0,0.0,0.0,0.0,0.21463749870278281,0.0,0.13980780667500878,0.0,0.0,0.0,0.0,0.0,0.0,0.0,0.0,0.20432055138405195,0.0,0.0,0.0,0.0,0.0,0.0,0.0,0.0,0.0,0.0,0.0,0.0,0.0,0.0,0.0,0.0,0.0,0.0,0.0,0.40412463993935843,0.0,0.24188571931977498,0.0,0.0,0.0,0.0,0.0,0.0,0.0,0.0,0.0,0.0,0.0,0.3910060973040218,0.0,0.0,0.0,0.0,0.0,0.0,0.0,0.0,0.0,0.0,0.0,0.0,0.0,0.0,0.0,0.0,0.0,0.0,0.0,0.13291341029289971,0.0,0.0,0.0,0.12160542219629533,0.0,0.0,0.0,0.0,0.0,0.0,0.0,0.0,0.0,0.0,0.0,0.0,0.0,0.0,0.0,0.0,0.0,0.0,0.0,0.17091530989780543,0.0,0.0,0.0,0.0,0.0,0.0,0.22352630029910728,0.0,0.0,0.0,0.0,0.0,0.0,0.40649205895284873,0.0,0.0,0.17469008675687941,0.0,0.1776778275473073,0.15749770117148246,0.0,0.0,0.0,0.0,0.0,0.0,0.0,0.0,0.0,0.0,0.0,0.0,0.0,0.0,0.0,0.0,0.0,0.0,0.0,0.0,0.0,0.0,0.0,0.0,0.0,0.14468843612666726,0.298560943539988,0.0,0.0,0.0,0.0,0.0,0.0,0.0,0.2099899974239712,0.0,0.0,0.0,0.0,0.0,0.0
666d74d282cdf637e7ad87e2910a9554ca547e15dc83efd9daf91fe3aca2031a,0.0,0.0,0.0,0.0,0.0,0.0,0.0,0.0,0.0,0.0,0.2965947067676055,0.0,0.19319203622483647,0.0,0.0,0.0,0.0,0.0,0.0,0.0,0.0,0.2823383350560946,0.0,0.0,0.0,0.0,0.0,0.0,0.0,0.0,0.0,0.0,0.0,0.0,0.0,0.0,0.0,0.0,0.0,0.0,0.0,0.0,0.0,0.0,0.0,0.0,0.0,0.0,0.0,0.0,0.0,0.0,0.0,0.0,0.0,0.5403079120616336,0.0,0.0,0.0,0.0,0.0,0.0,0.0,0.0,0.0,0.0,0.0,0.0,0.0,0.0,0.0,0.0,0.0,0.0,0.0,0.18366508270716225,0.0,0.0,0.0,0.16803925108913628,0.0,0.0,0.0,0.0,0.0,0.0,0.0,0.0,0.0,0.0,0.0,0.0,0.0,0.0,0.0,0.0,0.0,0.0,0.0,0.0,0.0,0.0,0.2594321560534691,0.0,0.0,0.0,0.0,0.0,0.0,0.0,0.0,0.0,0.0,0.5617070351505977,0.0,0.0,0.24139377028713233,0.0,0.0,0.0,0.0,0.0,0.0,0.0,0.0,0.0,0.0,0.0,0.0,0.0,0.0,0.0,0.0,0.0,0.0,0.0,0.0,0.0,0.0,0.0,0.0,0.0,0.0,0.0,0.0,0.0,0.0,0.0,0.0,0.0,0.0,0.0,0.0,0.0,0.0,0.0,0.0,0.0,0.0,0.0,0.0
9c2b3a7c5abdcd9cfbafc27cddcdd4054cea214e15d3a1666cf407d2479a1f7e,0.0,0.0,0.0,0.0,0.0,0.0,0.0,0.0,0.0,0.0,0.19605120442268098,0.0,0.12770130593202556,0.0,0.0,0.0,0.0,0.0,0.0,0.0,0.0,0.1866276416248151,0.0,0.0,0.0,0.0,0.0,0.0,0.0,0.0,0.0,0.0,0.0,0.0,0.0,0.0,0.0,0.0,0.0,0.0,0.0,0.0,0.23463626237346755,0.22093989583318605,0.0,0.0,0.0,0.0,0.0,0.0,0.0,0.0,0.0,0.0,0.0,0.0,0.0,0.0,0.24634647971759746,0.0,0.0,0.0,0.0,0.0,0.0,0.0,0.0,0.0,0.0,0.0,0.0,0.0,0.0,0.0,0.38296276546437236,0.12140392209812455,0.2585624202532287,0.2062332748421574,0.0,0.1110751365907677,0.0,0.0,0.0,0.0,0.0,0.0,0.0,0.0,0.0,0.0,0.0,0.0,0.0,0.0,0.0,0.0,0.0,0.0,0.0,0.15611508968496046,0.0,0.0,0.0,0.0,0.29128399114136067,0.0,0.0,0.0,0.0,0.0,0.0,0.0,0.0,0.0,0.0,0.0,0.0,0.0,0.0,0.14385936378819855,0.17148649486893255,0.0,0.0,0.0,0.0,0.0,0.231817102340604,0.0,0.0,0.0,0.0,0.0,0.0,0.18306513884598577,0.0,0.0,0.0,0.0,0.0,0.0,0.0,0.0,0.0,0.0,0.0,0.13215930273184595,0.27270739236315844,0.29588684008007626,0.0,0.0,0.0,0.0,0.0,0.0,0.1918061483221686,0.0,0.0,0.0,0.0,0.0,0.0
06faab22cce2f53162f1a19d3cb5af5081339310ab43030681b88e3d10e5743e,0.0,0.0,0.0,0.0,0.0,0.0,0.0,0.0,0.0,0.0,0.29503707163225884,0.0,0.19217744393230185,0.0,0.0,0.0,0.0,0.0,0.0,0.0,0.0,0.2808555705269109,0.0,0.0,0.0,0.0,0.0,0.0,0.0,0.0,0.0,0.0,0.0,0.0,0.0,0.0,0.0,0.0,0.0,0.0,0.0,0.0,0.3531036493923089,0.0,0.3732042615790776,0.0,0.0,0.40086038512839933,0.0,0.0,0.0,0.0,0.0,0.0,0.0,0.0,0.0,0.0,0.0,0.0,0.0,0.0,0.0,0.0,0.0,0.0,0.0,0.0,0.0,0.0,0.0,0.0,0.0,0.0,0.0,0.1827005233963139,0.0,0.0,0.0,0.167156754417276,0.0,0.0,0.0,0.0,0.0,0.0,0.0,0.0,0.0,0.0,0.0,0.0,0.0,0.0,0.0,0.0,0.0,0.0,0.0,0.23493729117294618,0.0,0.0,0.0,0.0,0.0,0.0,0.0,0.0,0.0,0.0,0.0,0.0,0.0,0.0,0.0,0.0,0.2401260355316781,0.0,0.2442329334359662,0.0,0.0,0.0,0.0,0.0,0.0,0.0,0.0,0.0,0.0,0.0,0.0,0.0,0.0,0.0,0.0,0.0,0.0,0.0,0.0,0.0,0.0,0.0,0.37237322295633407,0.0,0.0,0.0,0.0,0.0,0.0,0.0,0.0,0.0,0.0,0.0,0.0,0.0,0.0,0.0,0.0,0.0,0.0
4a13391b70f6dd4ab733e3745a787176e0e7fc33c6c0220635f3b6f65d5fd067,0.0,0.0,0.0,0.0,0.0,0.0,0.0,0.0,0.0,0.0,0.0,0.0,0.16646099473266238,0.0,0.0,0.0,0.0,0.0,0.0,0.0,0.0,0.0,0.0,0.0,0.0,0.0,0.0,0.0,0.0,0.0,0.0,0.0,0.0,0.0,0.0,0.0,0.0,0.0,0.0,0.0,0.0,0.48116761975001787,0.3058526719831004,0.28799920696268794,0.0,0.0,0.0,0.0,0.0,0.0,0.0,0.0,0.0,0.0,0.0,0.0,0.0,0.0,0.0,0.0,0.0,0.0,0.0,0.0,0.0,0.0,0.0,0.0,0.0,0.0,0.0,0.0,0.0,0.0,0.0,0.15825223939101743,0.0,0.0,0.0,0.14478847801922598,0.0,0.0,0.0,0.0,0.0,0.0,0.0,0.0,0.0,0.0,0.0,0.0,0.0,0.0,0.0,0.0,0.0,0.0,0.0,0.2034988830542582,0.0,0.0,0.0,0.0,0.0,0.0,0.0,0.0,0.0,0.0,0.0,0.0,0.0,0.0,0.0,0.0,0.20799328952410528,0.0,0.21155061808683767,0.18752331953862925,0.0,0.0,0.0,0.0,0.0,0.0,0.3021778451678537,0.0,0.0,0.0,0.0,0.0,0.0,0.0,0.0,0.0,0.0,0.0,0.0,0.0,0.0,0.0,0.3225436650461146,0.2571866444444729,0.0,0.1722720753351437,0.0,0.0,0.0,0.0,0.0,0.0,0.0,0.0,0.2500228326759942,0.0,0.0,0.0,0.0,0.0,0.0
45e4b45aba4996e9ab4b5d097938a84a5867ed6f636c18e6f187379f5885371b,0.0,0.0,0.0,0.0,0.0,0.0,0.0,0.0,0.0,0.0,0.24577846196246808,0.0,0.16009200583590397,0.0,0.0,0.0,0.0,0.0,0.0,0.0,0.0,0.23396466679866615,0.0,0.0,0.0,0.0,0.0,0.0,0.0,0.0,0.0,0.0,0.0,0.0,0.0,0.0,0.0,0.0,0.0,0.0,0.0,0.0,0.0,0.2769800264371454,0.0,0.0,0.0,0.33393379473797724,0.0,0.0,0.0,0.0,0.0,0.0,0.0,0.0,0.0,0.0,0.0,0.0,0.0,0.0,0.0,0.0,0.0,0.0,0.0,0.0,0.0,0.0,0.0,0.0,0.0,0.0,0.48009906270097724,0.15219732690423787,0.32414528723894903,0.258543155832428,0.0,0.13924870451033886,0.0,0.0,0.0,0.0,0.0,0.0,0.0,0.0,0.0,0.0,0.0,0.0,0.0,0.0,0.0,0.0,0.0,0.0,0.0,0.0,0.0,0.0,0.0,0.0,0.3651664959051405,0.0,0.0,0.0,0.0,0.0,0.0,0.0,0.0,0.0,0.0,0.0,0.2000352273143559,0.0,0.0,0.0,0.0,0.0,0.0,0.0,0.0,0.0,0.0,0.0,0.0,0.0,0.0,0.0,0.0,0.22949855573193711,0.0,0.0,0.0,0.0,0.0,0.0,0.0,0.0,0.0,0.0,0.0,0.0,0.0,0.0,0.0,0.0,0.0,0.0,0.0,0.0,0.0,0.0,0.0,0.0,0.0,0.0,0.0
0b668d0ac89d5da1526be831f7b8c3f2af54c5dbc68c0c9ce886183ec518c051,0.0,0.0,0.0,0.0,0.0,0.0,0.0,0.0,0.0,0.0,0.18251044569747335,0.0,0.11888130108884472,0.0,0.0,0.0,0.0,0.23295336542624837,0.0,0.0,0.0,0.17373774444648496,0.0,0.0,0.0,0.0,0.0,0.0,0.0,0.0,0.0,0.0,0.0,0.0,0.19462060363729708,0.0,0.0,0.0,0.0,0.0,0.0,0.0,0.2184305317005063,0.20568013840879568,0.0,0.0,0.0,0.24797293149463887,0.0,0.0,0.0,0.0,0.0,0.0,0.0,0.0,0.0,0.0,0.0,0.0,0.0,0.0,0.0,0.0,0.0,0.0,0.0,0.0,0.0,0.0,0.0,0.0,0.0,0.0,0.0,0.11301886156118236,0.24070417062724642,0.19198926637523456,0.0,0.10340345903400862,0.0,0.0,0.0,0.0,0.0,0.0,0.0,0.0,0.0,0.0,0.0,0.0,0.0,0.0,0.0,0.0,0.0,0.0,0.0,0.14533261696813565,0.0,0.0,0.0,0.0,0.0,0.0,0.0,0.0,0.0,0.0,0.0,0.0,0.0,0.0,0.0,0.0,0.14854238325371885,0.0,0.0,0.1339233629298814,0.1596423582389658,0.0,0.0,0.0,0.1875749084597658,0.0,0.0,0.0,0.3290699103962642,0.0,0.0,0.0,0.0,0.17042129468593759,0.0,0.0,0.0,0.0,0.0,0.0,0.0,0.0,0.0,0.0,0.0,0.0,0.0,0.0,0.4296474521875196,0.0,0.0,0.3416693606835577,0.0,0.0,0.0,0.0,0.0,0.0,0.0,0.0,0.0
00e90b818309e8e0c0c73f539786c434af5156cb8d4eab78658e8871b972f1bc,0.0,0.0,0.0,0.0,0.0,0.4742757150263369,0.0,0.0,0.0,0.0,0.0,0.0,0.0,0.0,0.0,0.0,0.0,0.0,0.0,0.0,0.0,0.0,0.0,0.0,0.0,0.0,0.0,0.0,0.0,0.0,0.0,0.0,0.0,0.0,0.0,0.0,0.0,0.0,0.0,0.0,0.0,0.0,0.31320911440511057,0.0,0.0,0.0,0.0,0.0,0.41858866421442853,0.0,0.0,0.0,0.0,0.0,0.0,0.4767456131278751,0.0,0.0,0.0,0.0,0.0,0.0,0.0,0.0,0.0,0.0,0.0,0.0,0.0,0.0,0.0,0.0,0.0,0.0,0.0,0.1620585605183951,0.0,0.0,0.0,0.14827096550253877,0.0,0.0,0.0,0.0,0.0,0.0,0.0,0.0,0.0,0.0,0.0,0.0,0.0,0.0,0.0,0.0,0.0,0.0,0.0,0.0,0.0,0.0,0.22891232858475885,0.0,0.0,0.0,0.0,0.0,0.0,0.0,0.0,0.0,0.0,0.0,0.0,0.0,0.0,0.0,0.21663888470620682,0.0,0.0,0.0,0.0,0.0,0.0,0.0,0.3094458997667268,0.0,0.0,0.0,0.0,0.0,0.0,0.0,0.0,0.0,0.0,0.0,0.0,0.0,0.0,0.0,0.0,0.0,0.0,0.1764156049466594,0.0,0.0,0.0,0.0,0.0,0.0,0.0,0.0,0.0,0.0,0.0,0.0,0.0,0.0,0.0
bfc863ff5634087b983d29c2e0429240dffef2a379f0072802e01e69483027d3,0.0,0.0,0.0,0.0,0.0,0.0,0.0,0.0,0.0,0.0,0.0,0.0,0.17558301009775165,0.0,0.0,0.0,0.0,0.0,0.0,0.0,0.0,0.0,0.0,0.0,0.0,0.0,0.3690827777350776,0.0,0.0,0.0,0.0,0.0,0.0,0.0,0.0,0.0,0.0,0.0,0.0,0.0,0.0,0.0,0.3226133117820167,0.0,0.3409782453576952,0.0,0.0,0.0,0.0,0.0,0.0,0.0,0.0,0.0,0.0,0.0,0.0,0.0,0.3387142842440813,0.0,0.0,0.0,0.0,0.0,0.0,0.0,0.0,0.0,0.0,0.0,0.0,0.0,0.0,0.0,0.0,0.16692441728832635,0.0,0.2835606019438657,0.0,0.15272284560666247,0.0,0.0,0.0,0.0,0.0,0.0,0.0,0.0,0.0,0.0,0.0,0.0,0.0,0.0,0.0,0.0,0.0,0.0,0.0,0.0,0.0,0.0,0.23578548974453878,0.0,0.0,0.0,0.0,0.0,0.0,0.0,0.0,0.0,0.0,0.0,0.0,0.0,0.0,0.0,0.0,0.19779954433766486,0.0,0.0,0.0,0.0,0.0,0.0,0.3187371054981049,0.0,0.0,0.0,0.0,0.0,0.0,0.2517055553030176,0.0,0.0,0.0,0.0,0.0,0.0,0.0,0.0,0.0,0.27128039971780904,0.0,0.1817125362713936,0.0,0.0,0.0,0.0,0.0,0.0,0.0,0.0,0.0,0.0,0.0,0.0,0.0,0.0,0.0
fc0ca51fbc6a446ee39b3cdfc49a571c75ba7398ebb3b1a212882608061bb1e4,0.0,0.0,0.0,0.0,0.0,0.0,0.3121878603572922,0.0,0.0,0.0,0.0,0.0,0.11719821667802426,0.0,0.0,0.0,0.30280394150826784,0.2296552842797099,0.0,0.0,0.0,0.0,0.0,0.0,0.0,0.30939588635528836,0.0,0.0,0.0,0.0,0.0,0.0,0.0,0.0,0.0,0.0,0.0,0.0,0.0,0.0,0.0,0.0,0.0,0.0,0.0,0.0,0.0,0.0,0.0,0.28570372987785725,0.0,0.0,0.0,0.0,0.0,0.0,0.0,0.0,0.0,0.0,0.1702581261325463,0.31078004239147355,0.0,0.0,0.0,0.0,0.0,0.0,0.0,0.0,0.0,0.0,0.0,0.0,0.0,0.11141877574213382,0.0,0.0,0.0,0.0,0.0,0.0,0.0,0.0,0.0,0.0,0.0,0.0,0.24446220801263252,0.0,0.0,0.0,0.0,0.0,0.0,0.0,0.0,0.0,0.0,0.0,0.0,0.0,0.0,0.0,0.0,0.0,0.0,0.0,0.0,0.0,0.0,0.0,0.0,0.0,0.2355982474742407,0.26815436449006363,0.14643936648564354,0.13544234250793374,0.1489439325815004,0.13202731769545484,0.15738219148441612,0.0,0.0,0.0,0.0,0.0,0.0,0.0,0.0,0.0,0.0,0.0,0.30030813397939615,0.0,0.0,0.0,0.0,0.0,0.0,0.0,0.0,0.0,0.0,0.1810743479618472,0.0,0.12128955522058697,0.0,0.0,0.0,0.0,0.0,0.0,0.0,0.0,0.0,0.0,0.0,0.0,0.0,0.0,0.0
a60f26144eaf1e71a9b17abecfb91fb9e76ba4ae04ed13e064d1f8860152224a,0.0,0.0,0.0,0.0,0.0,0.0,0.0,0.0,0.0,0.0,0.24577846196246808,0.0,0.16009200583590397,0.0,0.0,0.0,0.0,0.0,0.0,0.0,0.0,0.23396466679866615,0.0,0.0,0.0,0.0,0.0,0.0,0.0,0.0,0.0,0.0,0.0,0.0,0.0,0.0,0.0,0.0,0.0,0.0,0.0,0.0,0.0,0.2769800264371454,0.0,0.0,0.0,0.33393379473797724,0.0,0.0,0.0,0.0,0.0,0.0,0.0,0.0,0.0,0.0,0.0,0.0,0.0,0.0,0.0,0.0,0.0,0.0,0.0,0.0,0.0,0.0,0.0,0.0,0.0,0.0,0.48009906270097724,0.15219732690423787,0.32414528723894903,0.258543155832428,0.0,0.13924870451033886,0.0,0.0,0.0,0.0,0.0,0.0,0.0,0.0,0.0,0.0,0.0,0.0,0.0,0.0,0.0,0.0,0.0,0.0,0.0,0.0,0.0,0.0,0.0,0.0,0.3651664959051405,0.0,0.0,0.0,0.0,0.0,0.0,0.0,0.0,0.0,0.0,0.0,0.2000352273143559,0.0,0.0,0.0,0.0,0.0,0.0,0.0,0.0,0.0,0.0,0.0,0.0,0.0,0.0,0.0,0.0,0.22949855573193711,0.0,0.0,0.0,0.0,0.0,0.0,0.0,0.0,0.0,0.0,0.0,0.0,0.0,0.0,0.0,0.0,0.0,0.0,0.0,0.0,0.0,0.0,0.0,0.0,0.0,0.0,0.0
779f51468b459d7e4fa2fb6dafabd1771416f00bdd0ad587b1f3119da41edd5e,0.0,0.0,0.0,0.0,0.0,0.0,0.0,0.0,0.0,0.0,0.0,0.0,0.0,0.0,0.0,0.0,0.0,0.2475347222708683,0.0,0.0,0.0,0.0,0.0,0.0,0.0,0.0,0.0,0.0,0.0,0.0,0.0,0.0,0.0,0.0,0.2068025803421977,0.0,0.0,0.0,0.0,0.0,0.0,0.0,0.23210285415293083,0.21855436964603,0.0,0.0,0.0,0.0,0.0,0.0,0.0,0.0,0.0,0.0,0.0,0.0,0.0,0.0,0.0,0.0,0.0,0.0,0.0,0.0,0.0,0.0,0.0,0.0,0.0,0.0,0.0,0.0,0.0,0.0,0.0,0.12009310299822241,0.0,0.0,0.0,0.10987583917062557,0.0,0.0,0.0,0.0,0.0,0.0,0.0,0.0,0.2634944149268006,0.0,0.0,0.0,0.0,0.0,0.0,0.0,0.0,0.0,0.0,0.1544294881178498,0.0,0.0,0.0,0.0,0.0,0.0,0.0,0.0,0.0,0.0,0.0,0.0,0.0,0.0,0.0,0.0,0.15784016477668422,0.0,0.16053971978536352,0.14230608940880143,0.0,0.0,0.0,0.0,0.0,0.0,0.0,0.0,0.0,0.0,0.0,0.0,0.0,0.18108855294679543,0.0,0.0,0.0,0.0,0.0,0.5994055260984099,0.0,0.0,0.0,0.0,0.0,0.13073235593097873,0.26976292358145626,0.29269209880085156,0.0,0.0,0.0,0.0,0.0,0.0,0.1897351842350599,0.0,0.0,0.0,0.0,0.0,0.0
427abc2035bd94beb2512e021757f81b9fbac201eb72018296889a8509e56072,0.0,0.0,0.0,0.0,0.0,0.0,0.0,0.0,0.0,0.0,0.0,0.3123040258071731,0.0,0.3923694404211485,0.0,0.0,0.3001382024479306,0.0,0.0,0.0,0.3283615518437249,0.0,0.0,0.40053928607038874,0.0,0.0,0.0,0.0,0.0,0.47114931147464056,0.0,0.0,0.0,0.0,0.1901761373802021,0.0,0.0,0.0,0.0,0.0,0.0,0.0,0.0,0.0,0.0,0.0,0.0,0.0,0.0,0.0,0.0,0.0,0.0,0.0,0.0,0.0,0.0,0.0,0.0,0.0,0.0,0.0,0.0,0.0,0.0,0.0,0.0,0.0,0.0,0.0,0.0,0.0,0.0,0.0,0.0,0.11043789887153782,0.0,0.0,0.0,0.10104207911865273,0.0,0.0,0.0,0.0,0.0,0.0,0.0,0.0,0.0,0.0,0.0,0.0,0.0,0.0,0.0,0.0,0.0,0.0,0.0,0.14201371907090193,0.0,0.0,0.15599667499096576,0.0,0.0,0.0,0.0,0.0,0.0,0.0,0.0,0.0,0.0,0.0,0.0,0.0,0.0,0.0,0.0,0.0,0.0,0.0,0.0,0.0,0.0,0.0,0.0,0.0,0.0,0.0,0.0,0.0,0.0,0.0,0.0,0.0,0.0,0.0,0.0,0.0,0.0,0.0,0.22509030392930957,0.0,0.0,0.12022178079416451,0.0,0.0,0.0,0.0,0.0,0.0,0.0,0.0,0.0,0.0,0.0,0.0,0.0,0.0,0.0
850a0905c028d2db812c6aa8ec5fc3c0c604eded967cacd69df74a02e61378b8,0.0,0.0,0.0,0.0,0.0,0.0,0.30534877471567196,0.0,0.0,0.0,0.0,0.0,0.11463076053162305,0.0,0.0,0.0,0.29617042896160733,0.2246242361299131,0.0,0.0,0.0,0.0,0.0,0.0,0.0,0.302617964364577,0.0,0.0,0.0,0.0,0.0,0.0,0.0,0.0,0.0,0.0,0.0,0.0,0.0,0.0,0.0,0.0,0.0,0.0,0.0,0.0,0.0,0.0,0.0,0.2794448309106497,0.0,0.0,0.0,0.0,0.0,0.0,0.0,0.0,0.0,0.0,0.16652828889778123,0.30397179775573047,0.0,0.0,0.0,0.0,0.0,0.0,0.0,0.0,0.0,0.0,0.0,0.0,0.0,0.10897792955255797,0.0,0.0,0.0,0.0,0.0,0.0,0.0,0.0,0.0,0.0,0.0,0.0,0.2391067852398683,0.0,0.0,0.0,0.0,0.0,0.0,0.0,0.0,0.0,0.0,0.14013632304257911,0.0,0.0,0.15393442678018984,0.0,0.0,0.0,0.0,0.0,0.0,0.0,0.0,0.0,0.0,0.0,0.23043700709273485,0.26227991869379563,0.1432313257644133,0.13247521310433272,0.14568102444164263,0.12913500108929593,0.15393442678018984,0.0,0.0,0.0,0.0,0.0,0.0,0.0,0.0,0.0,0.0,0.0,0.2937292969778238,0.0,0.0,0.0,0.0,0.0,0.0,0.0,0.0,0.0,0.0,0.17710756023411714,0.0,0.11863247030178756,0.0,0.0,0.0,0.0,0.0,0.0,0.0,0.0,0.0,0.0,0.0,0.0,0.0,0.0,0.0
4b402fc22d549d386739470a310d2b3df617cea9667d950fe26fd58f49cd89e4,0.0,0.0,0.0,0.0,0.0,0.34007862783945697,0.0,0.0,0.0,0.0,0.0,0.0,0.0,0.0,0.0,0.0,0.0,0.0,0.0,0.0,0.0,0.0,0.0,0.0,0.0,0.0,0.2569356344383741,0.0,0.0,0.0,0.0,0.0,0.0,0.0,0.0,0.0,0.0,0.0,0.0,0.0,0.0,0.0,0.0,0.0,0.23737076635840168,0.0,0.0,0.0,0.0,0.0,0.0,0.0,0.0,0.0,0.0,0.0,0.0,0.0,0.23579471805660926,0.0,0.0,0.0,0.0,0.0,0.0,0.0,0.0,0.0,0.0,0.0,0.0,0.0,0.0,0.0,0.0,0.11620382647606772,0.0,0.19739968255703869,0.0,0.10631745395973895,0.4856312205930486,0.0,0.0,0.0,0.0,0.0,0.0,0.0,0.0,0.0,0.0,0.0,0.0,0.0,0.0,0.0,0.0,0.0,0.0,0.14942821021370561,0.0,0.0,0.1641412118187766,0.0,0.0,0.0,0.0,0.0,0.0,0.0,0.0,0.0,0.0,0.0,0.0,0.0,0.15272843036569084,0.0,0.15534055890562717,0.137697433968318,0.0,0.0,0.0,0.0,0.0,0.0,0.22188767767156445,0.0,0.0,0.0,0.0,0.0,0.0,0.17522390760228,0.0,0.0,0.0,0.0,0.0,0.0,0.0,0.0,0.0,0.0,0.0,0.1264985217646998,0.0,0.0,0.4417552724405696,0.0,0.0,0.0,0.0,0.0,0.0,0.0,0.0,0.0,0.0,0.0,0.0
788d3574c61374d134c87d8bf84a1b4c55349c41f96317d7b819eab013f80b61,0.0,0.20485942544973612,0.0,0.0,0.0,0.0,0.0,0.0,0.0,0.0,0.0,0.25720900775407185,0.09567299025259732,0.0,0.0,0.0,0.0,0.0,0.0,0.0,0.0,0.0,0.3141724529582289,0.0,0.3414316855701962,0.0,0.0,0.0,0.0,0.0,0.0,0.0,0.0,0.0,0.0,0.0,0.0,0.0,0.0,0.0,0.0,0.0,0.0,0.16552673714793378,0.18579478917859285,0.0,0.0,0.0,0.0,0.0,0.0,0.0,0.0,0.0,0.0,0.0,0.2948317196264622,0.0,0.0,0.0,0.0,0.0,0.0,0.0,0.0,0.0,0.0,0.0,0.0,0.0,0.0,0.0,0.0,0.0,0.28691322034626154,0.09095503112320222,0.19371328845879357,0.154508632074895,0.0,0.08321677200396875,0.0,0.0,0.0,0.0,0.0,0.0,0.0,0.0,0.0,0.0,0.0,0.0,0.0,0.0,0.0,0.0,0.0,0.0,0.0,0.11696041277497113,0.0,0.0,0.12847656985419229,0.0,0.0,0.0,0.15296305734505428,0.0,0.0,0.0,0.0,0.0,0.0,0.0,0.0,0.0,0.1195435602989389,0.11056630622759525,0.0,0.10777850241233519,0.12847656985419229,0.0,0.0,0.0,0.0,0.0,0.17367586972386548,0.0,0.0,0.0,0.0,0.0,0.0,0.1371512148335049,0.0,0.0,0.0,0.0,0.0,0.0,0.0,0.0,0.18538106762820483,0.0,0.0,0.09901289254460953,0.20431060983244437,0.0,0.0,0.0,0.0,0.0,0.0,0.0,0.0,0.3414316855701962,0.0,0.0,0.0,0.0,0.0
1136cc54d8c5c563ebc7f940ed46f4ed6e95057278a94923dc0fd1f80000d7b0,0.0,0.0,0.0,0.0,0.0,0.0,0.3133564550987524,0.0,0.0,0.0,0.0,0.0,0.11763691797653632,0.0,0.0,0.0,0.3039374099696455,0.0,0.0,0.0,0.0,0.0,0.0,0.0,0.0,0.3105540300621269,0.0,0.0,0.0,0.0,0.0,0.0,0.0,0.0,0.0,0.0,0.0,0.0,0.0,0.0,0.0,0.0,0.0,0.0,0.0,0.0,0.0,0.0,0.0,0.28677318810717056,0.0,0.0,0.0,0.0,0.0,0.0,0.0,0.0,0.0,0.0,0.17089544351785924,0.3119433673294574,0.0,0.0,0.0,0.0,0.0,0.0,0.0,0.0,0.0,0.0,0.0,0.0,0.0,0.11183584319403016,0.0,0.0,0.0,0.0,0.0,0.0,0.0,0.0,0.0,0.0,0.0,0.0,0.24537728924110294,0.0,0.0,0.0,0.0,0.0,0.0,0.0,0.0,0.0,0.0,0.14381135624364563,0.0,0.0,0.15797131112909954,0.0,0.0,0.0,0.0,0.0,0.0,0.0,0.0,0.0,0.0,0.0,0.23648014875246634,0.2691581311960593,0.14698752448711747,0.13594933598629858,0.14950146578022228,0.13252152790917496,0.15797131112909954,0.0,0.0,0.0,0.0,0.0,0.0,0.0,0.0,0.0,0.0,0.0,0.30143226002896256,0.0,0.0,0.0,0.0,0.0,0.0,0.0,0.0,0.0,0.0,0.18175215308405587,0.0,0.12174357138976985,0.0,0.0,0.0,0.0,0.0,0.0,0.0,0.0,0.0,0.0,0.0,0.0,0.0,0.0,0.0
8900cf88a91fa4fbe871385c8747c7097537f1b5f4a003418d84c01dc383dd75,0.0,0.0,0.0,0.0,0.0,0.5235735269020279,0.0,0.0,0.0,0.0,0.0,0.0,0.18818343438276172,0.6356174457185144,0.0,0.0,0.0,0.0,0.0,0.0,0.0,0.0,0.0,0.0,0.0,0.0,0.0,0.0,0.0,0.0,0.0,0.0,0.0,0.0,0.0,0.0,0.0,0.0,0.0,0.0,0.0,0.0,0.0,0.0,0.0,0.0,0.0,0.39252933350509245,0.0,0.0,0.0,0.0,0.0,0.0,0.0,0.0,0.0,0.0,0.0,0.0,0.0,0.0,0.0,0.0,0.3638254279013492,0.0,0.0,0.0,0.0,0.0,0.0,0.0,0.0,0.0,0.0,0.0,0.0,0.0,0.0,0.0,0.0,0.0,0.0,0.0,0.0,0.0,0.0,0.0,0.0,0.0,0.0,0.0,0.0,0.0,0.0,0.0,0.0,0.0,0.0,0.0,0.0,0.0,0.0,0.0,0.0,0.0,0.0,0.0,0.0,0.0,0.0,0.0,0.0,0.0,0.0,0.0,0.0,0.0,0.0,0.0,0.0,0.0,0.0,0.0,0.0,0.0,0.0,0.0,0.0,0.0,0.0,0.0,0.0,0.0,0.0,0.0,0.0,0.0,0.0,0.0,0.0,0.0,0.0,0.0,0.0,0.0,0.0,0.0,0.0,0.0,0.0,0.0,0.0,0.0,0.0,0.0,0.0,0.0,0.0,0.0,0.0
626e1458922127b621d2f25c7fea6aae5a6db80ce562be768f23386fcd8c0b00,0.0,0.22480625239584648,0.0,0.0,0.0,0.0,0.0,0.0,0.0,0.0,0.16118178446684658,0.2822530278443754,0.10498851271779966,0.0,0.0,0.0,0.0,0.0,0.0,0.0,0.0,0.1534342846630673,0.0,0.0,0.0,0.0,0.0,0.0,0.0,0.0,0.0,0.0,0.0,0.0,0.0,0.0,0.0,0.0,0.0,0.0,0.0,0.3034769367241193,0.0,0.18164380461307827,0.20388532369560852,0.0,0.0,0.0,0.0,0.0,0.0,0.0,0.0,0.0,0.0,0.29362558211764417,0.32353900159165605,0.0,0.0,0.0,0.0,0.0,0.0,0.0,0.0,0.0,0.0,0.0,0.0,0.0,0.0,0.0,0.0,0.0,0.0,0.09981117363023928,0.0,0.0,0.0,0.09131945288639834,0.0,0.0,0.0,0.0,0.0,0.0,0.0,0.0,0.0,0.0,0.0,0.0,0.0,0.0,0.0,0.0,0.0,0.0,0.0,0.1283486567283371,0.0,0.0,0.14098612317293968,0.0,0.0,0.0,0.16785681987177958,0.0,0.0,0.0,0.0,0.0,0.0,0.3052547473279575,0.0,0.0,0.1311833210986679,0.1213319664921927,0.1334269616322934,0.11827271878246393,0.14098612317293968,0.0,0.0,0.0,0.1656544004986176,0.0,0.19058640488958642,0.0,0.0,0.0,0.0,0.0,0.0,0.0,0.0,0.0,0.0,0.0,0.0,0.0,0.0,0.0,0.20343131875503062,0.0,0.0,0.10865361582929788,0.2242039995001898,0.0,0.0,0.0,0.0,0.0,0.0,0.0,0.15769174869044153,0.0,0.0,0.0,0.0,0.0,0.0
904ee8689f2ebad91eda611b4dc831076af8ca848a0e3758b03e21f1f05ffb26,0.0,0.0,0.0,0.0,0.0,0.0,0.3121878603572922,0.0,0.0,0.0,0.0,0.0,0.11719821667802426,0.0,0.0,0.0,0.30280394150826784,0.2296552842797099,0.0,0.0,0.0,0.0,0.0,0.0,0.0,0.30939588635528836,0.0,0.0,0.0,0.0,0.0,0.0,0.0,0.0,0.0,0.0,0.0,0.0,0.0,0.0,0.0,0.0,0.0,0.0,0.0,0.0,0.0,0.0,0.0,0.28570372987785725,0.0,0.0,0.0,0.0,0.0,0.0,0.0,0.0,0.0,0.0,0.1702581261325463,0.31078004239147355,0.0,0.0,0.0,0.0,0.0,0.0,0.0,0.0,0.0,0.0,0.0,0.0,0.0,0.11141877574213382,0.0,0.0,0.0,0.0,0.0,0.0,0.0,0.0,0.0,0.0,0.0,0.0,0.24446220801263252,0.0,0.0,0.0,0.0,0.0,0.0,0.0,0.0,0.0,0.0,0.0,0.0,0.0,0.0,0.0,0.0,0.0,0.0,0.0,0.0,0.0,0.0,0.0,0.0,0.0,0.2355982474742407,0.26815436449006363,0.14643936648564354,0.13544234250793374,0.1489439325815004,0.13202731769545484,0.15738219148441612,0.0,0.0,0.0,0.0,0.0,0.0,0.0,0.0,0.0,0.0,0.0,0.30030813397939615,0.0,0.0,0.0,0.0,0.0,0.0,0.0,0.0,0.0,0.0,0.1810743479618472,0.0,0.12128955522058697,0.0,0.0,0.0,0.0,0.0,0.0,0.0,0.0,0.0,0.0,0.0,0.0,0.0,0.0,0.0
e80fa82616da921b5f368edb0dea27f5a5ade7a3eb55ca89b32438c1900d7d34,0.0,0.0,0.0,0.0,0.0,0.0,0.0,0.0,0.0,0.0,0.17681934634009921,0.0,0.1151743061623626,0.0,0.0,0.0,0.0,0.0,0.0,0.0,0.0,0.16832019827814143,0.0,0.0,0.0,0.0,0.0,0.0,0.0,0.0,0.0,0.0,0.5465069125677289,0.0,0.0,0.0,0.0,0.0,0.0,0.0,0.0,0.0,0.0,0.0,0.0,0.0,0.0,0.0,0.0,0.0,0.0,0.0,0.0,0.0,0.0,0.0,0.0,0.0,0.22218085140113944,0.0,0.0,0.0,0.0,0.0,0.0,0.0,0.0,0.0,0.0,0.0,0.0,0.0,0.0,0.0,0.0,0.10949467110762245,0.0,0.0,0.0,0.10017909915142874,0.0,0.0,0.0,0.0,0.0,0.0,0.0,0.0,0.0,0.0,0.0,0.0,0.0,0.0,0.0,0.0,0.0,0.0,0.0,0.0,0.0,0.0,0.0,0.0,0.2627101683186197,0.0,0.18414198146913294,0.0,0.0,0.0,0.0,0.0,0.0,0.33487000450006604,0.0,0.0,0.1439104869332237,0.1331033719242708,0.0,0.12974732159813762,0.15466433893211773,0.0,0.0,0.0,0.1817258873973529,0.0,0.20907674924530797,0.0,0.0,0.0,0.0,0.0,0.0,0.0,0.0,0.0,0.0,0.0,0.0,0.0,0.0,0.0,0.22316785315630785,0.17794735262570333,0.0,0.1191949908730315,0.24595586138713935,0.0,0.0,0.0,0.0,0.0,0.0,0.0,0.17299071367711716,0.0,0.0,0.0,0.0,0.0,0.0
bf4afdbcf434c5c54b8936ab45a120d6c6f3a73fd60399bd74349d289e6f543f,0.0,0.0,0.0,0.0,0.0,0.0,0.0,0.0,0.0,0.0,0.0,0.0,0.0,0.0,0.0,0.0,0.0,0.0,0.0,0.0,0.0,0.0,0.0,0.0,0.0,0.0,0.3831447121611091,0.0,0.0,0.0,0.0,0.0,0.0,0.0,0.0,0.0,0.0,0.0,0.0,0.0,0.0,0.0,0.3349047745890401,0.0,0.3539694061925279,0.0,0.0,0.0,0.0,0.0,0.0,0.0,0.0,0.0,0.0,0.0,0.0,0.0,0.3516191888929221,0.0,0.0,0.0,0.0,0.0,0.0,0.0,0.0,0.0,0.0,0.0,0.0,0.0,0.0,0.0,0.0,0.0,0.0,0.29436416914038976,0.0,0.15854153661537523,0.0,0.0,0.0,0.0,0.0,0.0,0.0,0.0,0.0,0.0,0.0,0.0,0.0,0.0,0.0,0.0,0.0,0.0,0.0,0.2228286812618511,0.0,0.0,0.2447688406224747,0.0,0.0,0.0,0.0,0.0,0.0,0.0,0.0,0.0,0.0,0.0,0.0,0.0,0.0,0.0,0.0,0.20533564298481347,0.0,0.0,0.0,0.0,0.0,0.0,0.0,0.0,0.0,0.0,0.0,0.0,0.0,0.2612954555282713,0.0,0.0,0.0,0.0,0.0,0.0,0.0,0.0,0.3531811990949697,0.0,0.0,0.18863572511568674,0.0,0.0,0.0,0.0,0.0,0.0,0.0,0.0,0.0,0.0,0.0,0.0,0.0,0.0,0.0
3024777c3eeadf89d0f8bd36fa667a20cb569894e9cb070c37cf2d3f50eff872,0.0,0.0,0.0,0.0,0.0,0.0,0.0,0.0,0.0,0.0,0.23995262275498958,0.0,0.15629724580300444,0.0,0.0,0.0,0.0,0.30627162626234083,0.0,0.0,0.0,0.22841885729966924,0.0,0.0,0.0,0.0,0.0,0.0,0.0,0.0,0.0,0.0,0.0,0.0,0.0,0.0,0.0,0.0,0.0,0.0,0.0,0.0,0.287177968203433,0.0,0.0,0.0,0.0,0.3260183550425996,0.0,0.0,0.0,0.0,0.0,0.0,0.0,0.0,0.0,0.0,0.0,0.0,0.0,0.0,0.0,0.0,0.3021780983039041,0.0,0.0,0.0,0.0,0.0,0.0,0.0,0.0,0.0,0.0,0.14858969933885938,0.3164618706033432,0.2524147471751072,0.0,0.1359480061665971,0.0,0.0,0.0,0.0,0.0,0.0,0.0,0.0,0.0,0.0,0.0,0.0,0.0,0.0,0.0,0.0,0.0,0.0,0.0,0.0,0.0,0.0,0.0,0.0,0.35651072813722856,0.0,0.0,0.0,0.0,0.0,0.0,0.0,0.0,0.0,0.0,0.0,0.19529366834755432,0.18062787727611107,0.1986337941089339,0.0,0.0,0.0,0.0,0.0,0.0,0.0,0.0,0.0,0.0,0.0,0.0,0.0,0.0,0.22405860923147047,0.0,0.0,0.0,0.0,0.0,0.0,0.0,0.0,0.0,0.0,0.0,0.0,0.0,0.0,0.0,0.0,0.0,0.0,0.0,0.0,0.0,0.0,0.0,0.0,0.0,0.0,0.0
4bef307f6ffd4f7335adc9a72258c1c196ff2f55b5d422e12505ffcd916b993a,0.0,0.0,0.0,0.0,0.0,0.0,0.0,0.0,0.0,0.0,0.0,0.0,0.0,0.0,0.0,0.0,0.0,0.0,0.0,0.0,0.0,0.0,0.0,0.0,0.0,0.0,0.44462252110334094,0.0,0.0,0.0,0.0,0.0,0.0,0.0,0.3462784239098283,0.0,0.0,0.0,0.0,0.0,0.0,0.0,0.0,0.0,0.4107658667323488,0.0,0.0,0.0,0.0,0.0,0.0,0.0,0.0,0.0,0.0,0.0,0.0,0.0,0.40803854332757733,0.0,0.0,0.0,0.0,0.0,0.0,0.0,0.0,0.0,0.0,0.0,0.0,0.0,0.0,0.0,0.0,0.0,0.0,0.3415966209411133,0.0,0.18398045300409846,0.0,0.0,0.0,0.0,0.0,0.0,0.0,0.0,0.0,0.0,0.0,0.0,0.0,0.0,0.0,0.0,0.0,0.0,0.0,0.0,0.0,0.0,0.0,0.0,0.0,0.0,0.0,0.0,0.0,0.0,0.0,0.0,0.0,0.0,0.0,0.0,0.0,0.0,0.0,0.23828294730032382,0.0,0.0,0.0,0.0,0.0,0.0,0.0,0.0,0.0,0.0,0.0,0.0,0.0,0.30322183890919546,0.0,0.0,0.0,0.0,0.0,0.0,0.0,0.0,0.0,0.0,0.0,0.21890342998085305,0.0,0.0,0.0,0.0,0.0,0.0,0.0,0.0,0.0,0.0,0.0,0.0,0.0,0.0,0.0
925aff03ab009c8e7935cfa389fc7a34482184cc310a8d8f88a25d9a89711e86,0.0,0.0,0.0,0.0,0.0,0.0,0.0,0.0,0.0,0.0,0.0,0.0,0.0,0.0,0.0,0.0,0.0,0.0,0.0,0.0,0.4321345711302526,0.0,0.0,0.5271228365043822,0.0,0.0,0.0,0.0,0.0,0.6200479456538373,0.0,0.0,0.0,0.0,0.2502780337848868,0.0,0.0,0.0,0.0,0.0,0.0,0.0,0.0,0.0,0.0,0.0,0.0,0.0,0.0,0.0,0.0,0.0,0.0,0.0,0.0,0.0,0.0,0.0,0.0,0.0,0.0,0.0,0.0,0.0,0.0,0.0,0.0,0.0,0.0,0.0,0.0,0.0,0.0,0.0,0.0,0.1453398968223028,0.0,0.0,0.0,0.0,0.0,0.0,0.0,0.0,0.0,0.0,0.0,0.0,0.0,0.0,0.0,0.0,0.0,0.0,0.0,0.0,0.0,0.0,0.0,0.0,0.0,0.0,0.20529674033532758,0.0,0.0,0.0,0.0,0.0,0.0,0.0,0.0,0.0,0.0,0.0,0.0,0.0,0.0,0.0,0.0,0.0,0.0,0.0,0.0,0.0,0.0,0.0,0.0,0.0,0.0,0.0,0.0,0.0,0.0,0.0,0.0,0.0,0.0,0.0,0.0,0.0,0.0,0.0,0.0,0.0,0.0,0.1582158063034332,0.0,0.0,0.0,0.0,0.0,0.0,0.0,0.0,0.0,0.0,0.0,0.0,0.0,0.0,0.0
01383cd292942f754d098b5a36acf8f47223a8980a1a91f0afcad5a29bac92e0,0.0,0.0,0.0,0.0,0.0,0.0,0.0,0.0,0.0,0.0,0.0,0.0,0.23896808777215256,0.0,0.0,0.0,0.0,0.0,0.0,0.0,0.0,0.0,0.0,0.0,0.0,0.0,0.0,0.0,0.0,0.0,0.0,0.0,0.0,0.0,0.0,0.0,0.0,0.0,0.0,0.0,0.0,0.0,0.0,0.0,0.0,0.0,0.0,0.4984603694254933,0.0,0.0,0.0,0.0,0.0,0.0,0.0,0.0,0.0,0.0,0.0,0.0,0.0,0.0,0.0,0.0,0.46201020336163473,0.0,0.0,0.39054435501990237,0.0,0.0,0.0,0.0,0.0,0.0,0.0,0.0,0.0,0.0,0.0,0.0,0.0,0.0,0.0,0.0,0.0,0.0,0.0,0.0,0.0,0.0,0.0,0.0,0.0,0.0,0.0,0.0,0.0,0.0,0.0,0.0,0.0,0.0,0.32090352920424403,0.0,0.0,0.0,0.0,0.0,0.0,0.0,0.0,0.0,0.0,0.0,0.0,0.0,0.29859102276085603,0.0,0.0,0.0,0.0,0.0,0.0,0.0,0.0,0.0,0.0,0.0,0.0,0.0,0.0,0.0,0.0,0.0,0.0,0.0,0.0,0.0,0.0,0.0,0.0,0.0,0.0,0.3692120230456178,0.0,0.0,0.0,0.0,0.0,0.0,0.0,0.0,0.0,0.0,0.0,0.0,0.0,0.0,0.0,0.0,0.0
803d0d4e9536f1996f54a384ea56848f2397ae0decc63f5c6a38eed6b1d83038,0.0,0.0,0.0,0.0,0.0,0.0,0.0,0.0,0.0,0.0,0.0,0.0,0.17214934103662594,0.0,0.0,0.0,0.0,0.33733453438924416,0.0,0.0,0.0,0.0,0.0,0.0,0.0,0.0,0.0,0.0,0.0,0.0,0.0,0.0,0.0,0.0,0.0,0.0,0.0,0.0,0.0,0.0,0.0,0.0,0.0,0.0,0.0,0.0,0.0,0.3590840305475775,0.0,0.0,0.0,0.0,0.0,0.0,0.0,0.0,0.0,0.0,0.0,0.0,0.0,0.0,0.0,0.0,0.0,0.0,0.0,0.0,0.0,0.0,0.0,0.0,0.0,0.0,0.0,0.0,0.0,0.0,0.0,0.14973622571903936,0.0,0.0,0.0,0.0,0.0,0.0,0.0,0.0,0.0,0.0,0.0,0.0,0.0,0.0,0.0,0.0,0.0,0.0,0.0,0.0,0.0,0.0,0.0,0.0,0.0,0.0,0.0,0.0,0.0,0.0,0.0,0.0,0.0,0.0,0.0,0.0,0.0,0.0,0.0,0.19393141281788465,0.2311745120608354,0.0,0.0,0.0,0.0,0.0,0.0,0.0,0.4765187435773625,0.0,0.0,0.0,0.0,0.0,0.0,0.0,0.0,0.0,0.0,0.0,0.0,0.0,0.0,0.0,0.0,0.0,0.0,0.0,0.6221628220309506,0.0,0.0,0.0,0.0,0.0,0.0,0.0,0.0,0.0,0.0,0.0,0.0
4d2f6e63d4fd2ff4c068535d0d8b1ceafb75eecb0c31cea637dfb1727cb695cf,0.0,0.0,0.0,0.0,0.0,0.42279845857976023,0.0,0.0,0.0,0.0,0.0,0.0,0.1519627366533473,0.0,0.0,0.0,0.0,0.2977779566554707,0.0,0.0,0.0,0.0,0.0,0.0,0.0,0.0,0.0,0.0,0.0,0.0,0.0,0.0,0.0,0.0,0.0,0.0,0.0,0.0,0.0,0.0,0.0,0.0,0.2792138129532078,0.2629153316927546,0.0,0.0,0.0,0.3169770598129356,0.0,0.0,0.0,0.0,0.0,0.0,0.0,0.0,0.0,0.0,0.0,0.0,0.22076181291778924,0.0,0.0,0.0,0.0,0.0,0.0,0.0,0.0,0.0,0.0,0.0,0.0,0.0,0.0,0.14446893951343762,0.3076856003203934,0.2454146620135434,0.0,0.13217783175578585,0.0,0.0,0.0,0.0,0.0,0.0,0.0,0.0,0.0,0.0,0.0,0.0,0.0,0.0,0.0,0.0,0.0,0.0,0.0,0.0,0.0,0.0,0.2040664883509061,0.0,0.0,0.0,0.0,0.0,0.0,0.0,0.0,0.0,0.0,0.0,0.0,0.0,0.18987769196247134,0.0,0.19312518777634718,0.0,0.0,0.0,0.0,0.0,0.23977190824774577,0.0,0.0,0.0,0.0,0.0,0.0,0.0,0.0,0.21784490989989466,0.0,0.0,0.0,0.0,0.0,0.0,0.0,0.0,0.0,0.0,0.0,0.0,0.0,0.0,0.0,0.0,0.0,0.0,0.0,0.0,0.0,0.0,0.0,0.0,0.0,0.0,0.0
9619da7917e44d03da1632592c37e14d5bdaa697cd168fbb94460d0d7528b25b,0.0,0.22033274601673133,0.0,0.0,0.0,0.0,0.0,0.0,0.0,0.0,0.15797436593055092,0.27663636590935486,0.10289930578351082,0.0,0.0,0.0,0.0,0.0,0.0,0.0,0.0,0.1503810366154704,0.0,0.0,0.0,0.0,0.0,0.0,0.0,0.0,0.0,0.0,0.0,0.0,0.0,0.0,0.0,0.0,0.0,0.0,0.0,0.2974379320350542,0.0,0.17802920444069284,0.19982813095101246,0.0,0.0,0.0,0.0,0.0,0.0,0.0,0.0,0.0,0.0,0.2877826133359674,0.3171007741309524,0.0,0.1985013509466029,0.0,0.0,0.0,0.0,0.0,0.0,0.0,0.0,0.0,0.0,0.0,0.0,0.0,0.0,0.0,0.0,0.09782499256461828,0.0,0.0,0.0,0.0895022518491902,0.0,0.0,0.0,0.0,0.0,0.0,0.0,0.0,0.0,0.0,0.0,0.0,0.0,0.0,0.0,0.0,0.0,0.0,0.0,0.1257945972726683,0.0,0.0,0.1381805858951317,0.0,0.0,0.0,0.16451657222976934,0.0,0.0,0.0,0.0,0.0,0.0,0.2991803652995508,0.0,0.0,0.12857285356267137,0.11891753486358451,0.13077184702739797,0.11591916430473082,0.1381805858951317,0.0,0.0,0.0,0.1623579796497251,0.0,0.1867938524629532,0.0,0.0,0.0,0.0,0.0,0.0,0.0,0.0,0.0,0.0,0.0,0.0,0.0,0.0,0.0,0.19938316042996773,0.0,0.0,0.10649147559366771,0.21974247758388138,0.0,0.0,0.0,0.0,0.0,0.0,0.0,0.15455377972301995,0.0,0.0,0.0,0.0,0.0,0.0
385a1d06223e4d1469f1b9b7438d7219f57dbb13042750b16df81c72bcc664bd,0.0,0.0,0.0,0.0,0.0,0.0,0.0,0.0,0.3945136112437266,0.0,0.0,0.0,0.08684204132184319,0.0,0.0,0.0,0.0,0.17017096550188246,0.0,0.0,0.0,0.0,0.0,0.0,0.0,0.0,0.0,0.0,0.0,0.0,0.0,0.0,0.0,0.0,0.14216912456670744,0.0,0.0,0.0,0.0,0.0,0.0,0.25102324051452374,0.15956212698001424,0.1502480450262764,0.0,0.0,0.0,0.1811426638699256,0.0,0.0,0.0,0.0,0.0,0.0,0.0,0.0,0.0,0.0,0.0,0.0,0.0,0.0,0.0,0.0,0.1678965151602127,0.0,0.0,0.14192551538090023,0.0,0.0,0.0,0.0,0.0,0.0,0.0,0.0,0.0,0.0,0.0,0.07553557523350085,0.0,0.0,0.0,0.0,0.0,0.0,0.0,0.0,0.0,0.0,0.0,0.0,0.0,0.0,0.0,0.0,0.0,0.0,0.0,0.10616456089024703,0.0,0.0,0.0,0.0,0.0,0.0,0.13884403645797044,0.3697705003757568,0.0,0.0,0.0,0.0,0.0,0.0,0.0,0.0,0.0,0.10036065256107878,0.11036511915036536,0.09783017271004857,0.11661773671659172,0.0,0.0,0.0,0.0,0.0,0.15764498439263036,0.3808964947046455,0.0,0.0,0.0,0.0,0.0,0.12449168186826773,0.0,0.0,0.0,0.0,0.0,0.0,0.0,0.0,0.0,0.0,0.0,0.08987365904475605,0.18545203170419813,0.20121499154050204,0.0,0.0,0.0,0.0,0.0,0.0,0.13043592104879223,0.0,0.30272876209583194,0.0,0.0,0.0,0.0
9718cae859c4a5d43ef196aa1c7860278152e8a2faeb8863d61ddc7d3ca59076,0.0,0.0,0.0,0.0,0.0,0.0,0.0,0.0,0.0,0.0,0.2001202201991501,0.0,0.13035172896841168,0.0,0.0,0.0,0.0,0.0,0.0,0.0,0.0,0.19050107265184094,0.0,0.0,0.0,0.0,0.0,0.0,0.0,0.0,0.0,0.0,0.0,0.0,0.2133988435913758,0.0,0.0,0.0,0.0,0.0,0.0,0.0,0.23950610571944872,0.0,0.0,0.0,0.0,0.2718989450959567,0.0,0.0,0.0,0.0,0.0,0.0,0.0,0.0,0.0,0.0,0.25145936701354804,0.0,0.0,0.0,0.0,0.0,0.0,0.0,0.0,0.0,0.0,0.0,0.0,0.0,0.0,0.0,0.0,0.12392364379938714,0.0,0.0,0.0,0.11338048576978559,0.0,0.0,0.0,0.0,0.0,0.0,0.0,0.0,0.0,0.0,0.0,0.0,0.0,0.0,0.0,0.0,0.0,0.0,0.0,0.15935523689417347,0.0,0.0,0.1750456734780508,0.4842103841196638,0.29732955030472974,0.0,0.20840781646501147,0.0,0.0,0.0,0.0,0.0,0.0,0.0,0.0,0.0,0.16287470194946924,0.0,0.16566036311535134,0.0,0.0,0.0,0.0,0.0,0.20567333470340332,0.0,0.23662843440794296,0.0,0.0,0.0,0.0,0.0,0.0,0.0,0.0,0.0,0.0,0.0,0.0,0.0,0.0,0.0,0.25257643374108435,0.0,0.0,0.0,0.0,0.0,0.0,0.0,0.0,0.0,0.0,0.0,0.0,0.0,0.0,0.0,0.0,0.0,0.0
5b38402c106d40d97f1fa99681bbf6e9815bba983be035f5a29a1f5e893638aa,0.0,0.0,0.0,0.0,0.0,0.0,0.0,0.0,0.0,0.0,0.0,0.0,0.0,0.0,0.0,0.0,0.0,0.0,0.0,0.0,0.0,0.0,0.0,0.0,0.0,0.0,0.44840158803664737,0.0,0.0,0.0,0.0,0.0,0.0,0.0,0.0,0.0,0.0,0.0,0.0,0.0,0.0,0.0,0.3919454660348673,0.0,0.4142571691981958,0.0,0.0,0.0,0.0,0.0,0.0,0.0,0.0,0.0,0.0,0.0,0.0,0.0,0.4115066649215471,0.0,0.0,0.0,0.0,0.0,0.0,0.0,0.0,0.0,0.0,0.0,0.0,0.0,0.0,0.0,0.0,0.0,0.0,0.3445000197422454,0.0,0.1855441939603532,0.0,0.0,0.0,0.0,0.0,0.0,0.0,0.0,0.0,0.0,0.0,0.0,0.0,0.0,0.0,0.0,0.0,0.0,0.0,0.0,0.0,0.0,0.0,0.0,0.0,0.0,0.0,0.0,0.0,0.0,0.0,0.0,0.0,0.0,0.0,0.0,0.0,0.0,0.0,0.24030823204001464,0.0,0.0,0.0,0.0,0.0,0.0,0.0,0.0,0.0,0.0,0.0,0.0,0.0,0.30579907143901547,0.0,0.0,0.0,0.0,0.0,0.0,0.0,0.0,0.0,0.0,0.0,0.0,0.0,0.0,0.0,0.0,0.0,0.0,0.0,0.0,0.0,0.0,0.0,0.0,0.0,0.0,0.0
c9db4f661a86286ad47ad92dfb544b702dca8ffe1641e276b42bec4cde7ba9b4,0.0,0.0,0.0,0.0,0.0,0.5235735269020279,0.0,0.0,0.0,0.0,0.0,0.0,0.18818343438276172,0.6356174457185144,0.0,0.0,0.0,0.0,0.0,0.0,0.0,0.0,0.0,0.0,0.0,0.0,0.0,0.0,0.0,0.0,0.0,0.0,0.0,0.0,0.0,0.0,0.0,0.0,0.0,0.0,0.0,0.0,0.0,0.0,0.0,0.0,0.0,0.39252933350509245,0.0,0.0,0.0,0.0,0.0,0.0,0.0,0.0,0.0,0.0,0.0,0.0,0.0,0.0,0.0,0.0,0.3638254279013492,0.0,0.0,0.0,0.0,0.0,0.0,0.0,0.0,0.0,0.0,0.0,0.0,0.0,0.0,0.0,0.0,0.0,0.0,0.0,0.0,0.0,0.0,0.0,0.0,0.0,0.0,0.0,0.0,0.0,0.0,0.0,0.0,0.0,0.0,0.0,0.0,0.0,0.0,0.0,0.0,0.0,0.0,0.0,0.0,0.0,0.0,0.0,0.0,0.0,0.0,0.0,0.0,0.0,0.0,0.0,0.0,0.0,0.0,0.0,0.0,0.0,0.0,0.0,0.0,0.0,0.0,0.0,0.0,0.0,0.0,0.0,0.0,0.0,0.0,0.0,0.0,0.0,0.0,0.0,0.0,0.0,0.0,0.0,0.0,0.0,0.0,0.0,0.0,0.0,0.0,0.0,0.0,0.0,0.0,0.0,0.0
9343339fadfe0f62d6fd46c6131ed9fdf01978d817192984e69a8bbecfb406d2,0.0,0.0,0.0,0.0,0.0,0.6714337883546642,0.0,0.0,0.0,0.0,0.0,0.0,0.0,0.0,0.0,0.0,0.0,0.0,0.0,0.0,0.0,0.0,0.0,0.0,0.0,0.0,0.0,0.0,0.0,0.0,0.0,0.0,0.0,0.0,0.0,0.0,0.0,0.0,0.0,0.0,0.0,0.0,0.0,0.0,0.0,0.0,0.0,0.503381939486358,0.0,0.0,0.0,0.0,0.0,0.0,0.0,0.0,0.0,0.0,0.0,0.0,0.0,0.0,0.0,0.0,0.0,0.0,0.0,0.0,0.0,0.0,0.0,0.0,0.0,0.0,0.0,0.2294268708616616,0.0,0.0,0.0,0.2099077243810491,0.0,0.0,0.0,0.0,0.0,0.0,0.0,0.0,0.0,0.0,0.0,0.0,0.0,0.0,0.0,0.0,0.0,0.0,0.0,0.0,0.0,0.0,0.32407198410784593,0.0,0.0,0.0,0.0,0.0,0.0,0.0,0.0,0.0,0.0,0.0,0.0,0.0,0.0,0.0,0.30669642668746033,0.0,0.0,0.0,0.0,0.0,0.0,0.0,0.0,0.0,0.0,0.0,0.0,0.0,0.0,0.0,0.0,0.0,0.0,0.0,0.0,0.0,0.0,0.0,0.0,0.0,0.0,0.0,0.0,0.0,0.0,0.0,0.0,0.0,0.0,0.0,0.0,0.0,0.0,0.0,0.0,0.0,0.0
029446e73e84a56b1fccd594b300007e29681766bc585607c7eb833e16b3d36b,0.0,0.0,0.0,0.0,0.0,0.0,0.0,0.0,0.0,0.0,0.0,0.0,0.0,0.0,0.0,0.0,0.0,0.0,0.0,0.0,0.0,0.0,0.0,0.0,0.0,0.0,0.3831447121611091,0.0,0.0,0.0,0.0,0.0,0.0,0.0,0.0,0.0,0.0,0.0,0.0,0.0,0.0,0.0,0.3349047745890401,0.0,0.3539694061925279,0.0,0.0,0.0,0.0,0.0,0.0,0.0,0.0,0.0,0.0,0.0,0.0,0.0,0.3516191888929221,0.0,0.0,0.0,0.0,0.0,0.0,0.0,0.0,0.0,0.0,0.0,0.0,0.0,0.0,0.0,0.0,0.0,0.0,0.29436416914038976,0.0,0.15854153661537523,0.0,0.0,0.0,0.0,0.0,0.0,0.0,0.0,0.0,0.0,0.0,0.0,0.0,0.0,0.0,0.0,0.0,0.0,0.0,0.2228286812618511,0.0,0.0,0.2447688406224747,0.0,0.0,0.0,0.0,0.0,0.0,0.0,0.0,0.0,0.0,0.0,0.0,0.0,0.0,0.0,0.0,0.20533564298481347,0.0,0.0,0.0,0.0,0.0,0.0,0.0,0.0,0.0,0.0,0.0,0.0,0.0,0.2612954555282713,0.0,0.0,0.0,0.0,0.0,0.0,0.0,0.0,0.3531811990949697,0.0,0.0,0.18863572511568674,0.0,0.0,0.0,0.0,0.0,0.0,0.0,0.0,0.0,0.0,0.0,0.0,0.0,0.0,0.0
47877f3c1845e3953521074c3e9edf10872e8c3d2ca495dea935bbc6f3b3bc74,0.0,0.0,0.0,0.0,0.0,0.0,0.30534877471567196,0.0,0.0,0.0,0.0,0.0,0.11463076053162305,0.0,0.0,0.0,0.29617042896160733,0.2246242361299131,0.0,0.0,0.0,0.0,0.0,0.0,0.0,0.302617964364577,0.0,0.0,0.0,0.0,0.0,0.0,0.0,0.0,0.0,0.0,0.0,0.0,0.0,0.0,0.0,0.0,0.0,0.0,0.0,0.0,0.0,0.0,0.0,0.2794448309106497,0.0,0.0,0.0,0.0,0.0,0.0,0.0,0.0,0.0,0.0,0.16652828889778123,0.30397179775573047,0.0,0.0,0.0,0.0,0.0,0.0,0.0,0.0,0.0,0.0,0.0,0.0,0.0,0.10897792955255797,0.0,0.0,0.0,0.0,0.0,0.0,0.0,0.0,0.0,0.0,0.0,0.0,0.2391067852398683,0.0,0.0,0.0,0.0,0.0,0.0,0.0,0.0,0.0,0.0,0.14013632304257911,0.0,0.0,0.15393442678018984,0.0,0.0,0.0,0.0,0.0,0.0,0.0,0.0,0.0,0.0,0.0,0.23043700709273485,0.26227991869379563,0.1432313257644133,0.13247521310433272,0.14568102444164263,0.12913500108929593,0.15393442678018984,0.0,0.0,0.0,0.0,0.0,0.0,0.0,0.0,0.0,0.0,0.0,0.2937292969778238,0.0,0.0,0.0,0.0,0.0,0.0,0.0,0.0,0.0,0.0,0.17710756023411714,0.0,0.11863247030178756,0.0,0.0,0.0,0.0,0.0,0.0,0.0,0.0,0.0,0.0,0.0,0.0,0.0,0.0,0.0
21054e559ffbfd37f07ce33085fb9c4ed8e9583f66aaee1f68b51ea01ab2e757,0.0,0.0,0.0,0.0,0.0,0.0,0.0,0.0,0.0,0.0,0.15798315899066975,0.0,0.10290503329364584,0.0,0.0,0.0,0.0,0.0,0.0,0.0,0.0,0.15038940702093395,0.0,0.0,0.0,0.0,0.0,0.0,0.0,0.0,0.0,0.0,0.0,0.0,0.0,0.0,0.0,0.4674859743263629,0.0,0.0,0.0,0.0,0.0,0.0,0.0,0.0,0.0,0.0,0.0,0.0,0.0,0.0,0.0,0.0,0.0,0.0,0.0,0.0,0.198512399791789,0.0,0.0,0.0,0.0,0.0,0.0,0.0,0.0,0.16817718311529206,0.0,0.0,0.0,0.0,0.0,0.0,0.0,0.09783043763183331,0.0,0.0,0.0,0.08950723366175607,0.0,0.3943355887211963,0.0,0.0,0.0,0.0,0.0,0.0,0.0,0.0,0.0,0.0,0.0,0.0,0.0,0.0,0.0,0.0,0.0,0.1258015991647153,0.0,0.0,0.0,0.0,0.0,0.0,0.0,0.0,0.0,0.0,0.0,0.4173634576760325,0.0,0.0,0.0,0.0,0.12858001009610237,0.0,0.0,0.11592561651724421,0.13818827720752833,0.0,0.0,0.0,0.16236701670752507,0.0,0.0,0.0,0.0,0.0,0.0,0.0,0.0,0.0,0.0,0.0,0.0,0.32423677431175324,0.0,0.0,0.0,0.0,0.19939425835782465,0.0,0.0,0.0,0.21975470873799724,0.0,0.0,0.0,0.0,0.0,0.0,0.0,0.15456238238883024,0.0,0.0,0.0,0.0,0.0,0.0
31868f961c44c39835b30bb9f1c830badc2ca50e583a7936f06ce3a32dd11d28,0.0,0.22033274601673133,0.0,0.0,0.0,0.0,0.0,0.0,0.0,0.0,0.15797436593055092,0.27663636590935486,0.10289930578351082,0.0,0.0,0.0,0.0,0.0,0.0,0.0,0.0,0.1503810366154704,0.0,0.0,0.0,0.0,0.0,0.0,0.0,0.0,0.0,0.0,0.0,0.0,0.0,0.0,0.0,0.0,0.0,0.0,0.0,0.2974379320350542,0.0,0.17802920444069284,0.19982813095101246,0.0,0.0,0.0,0.0,0.0,0.0,0.0,0.0,0.0,0.0,0.2877826133359674,0.3171007741309524,0.0,0.1985013509466029,0.0,0.0,0.0,0.0,0.0,0.0,0.0,0.0,0.0,0.0,0.0,0.0,0.0,0.0,0.0,0.0,0.09782499256461828,0.0,0.0,0.0,0.0895022518491902,0.0,0.0,0.0,0.0,0.0,0.0,0.0,0.0,0.0,0.0,0.0,0.0,0.0,0.0,0.0,0.0,0.0,0.0,0.0,0.1257945972726683,0.0,0.0,0.1381805858951317,0.0,0.0,0.0,0.16451657222976934,0.0,0.0,0.0,0.0,0.0,0.0,0.2991803652995508,0.0,0.0,0.12857285356267137,0.11891753486358451,0.13077184702739797,0.11591916430473082,0.1381805858951317,0.0,0.0,0.0,0.1623579796497251,0.0,0.1867938524629532,0.0,0.0,0.0,0.0,0.0,0.0,0.0,0.0,0.0,0.0,0.0,0.0,0.0,0.0,0.0,0.19938316042996773,0.0,0.0,0.10649147559366771,0.21974247758388138,0.0,0.0,0.0,0.0,0.0,0.0,0.0,0.15455377972301995,0.0,0.0,0.0,0.0,0.0,0.0
676675d128267eb409a15bf589b27e042db20bf60aa15c5b4d8af75c0e4bf534,0.0,0.0,0.0,0.0,0.0,0.0,0.30534877471567196,0.0,0.0,0.0,0.0,0.0,0.11463076053162305,0.0,0.0,0.0,0.29617042896160733,0.2246242361299131,0.0,0.0,0.0,0.0,0.0,0.0,0.0,0.302617964364577,0.0,0.0,0.0,0.0,0.0,0.0,0.0,0.0,0.0,0.0,0.0,0.0,0.0,0.0,0.0,0.0,0.0,0.0,0.0,0.0,0.0,0.0,0.0,0.2794448309106497,0.0,0.0,0.0,0.0,0.0,0.0,0.0,0.0,0.0,0.0,0.16652828889778123,0.30397179775573047,0.0,0.0,0.0,0.0,0.0,0.0,0.0,0.0,0.0,0.0,0.0,0.0,0.0,0.10897792955255797,0.0,0.0,0.0,0.0,0.0,0.0,0.0,0.0,0.0,0.0,0.0,0.0,0.2391067852398683,0.0,0.0,0.0,0.0,0.0,0.0,0.0,0.0,0.0,0.0,0.14013632304257911,0.0,0.0,0.15393442678018984,0.0,0.0,0.0,0.0,0.0,0.0,0.0,0.0,0.0,0.0,0.0,0.23043700709273485,0.26227991869379563,0.1432313257644133,0.13247521310433272,0.14568102444164263,0.12913500108929593,0.15393442678018984,0.0,0.0,0.0,0.0,0.0,0.0,0.0,0.0,0.0,0.0,0.0,0.2937292969778238,0.0,0.0,0.0,0.0,0.0,0.0,0.0,0.0,0.0,0.0,0.17710756023411714,0.0,0.11863247030178756,0.0,0.0,0.0,0.0,0.0,0.0,0.0,0.0,0.0,0.0,0.0,0.0,0.0,0.0,0.0
d7ba3b1d6fe9230a53606857508d0e79682e71fbd9200e70360700d831d8fef3,0.0,0.0,0.0,0.0,0.0,0.0,0.0,0.0,0.0,0.0,0.13207501397962923,0.0,0.08602931981905211,0.0,0.0,0.0,0.0,0.0,0.0,0.0,0.0,0.12572658479282,0.0,0.0,0.0,0.0,0.0,0.0,0.0,0.0,0.0,0.0,0.0,0.0,0.0,0.0,0.36630995946516903,0.0,0.0,0.0,0.0,0.0,0.0,0.14884193094735199,0.0,0.0,0.0,0.0,0.21125128242834199,0.0,0.0,0.0,0.0,0.0,0.0,0.0,0.0,0.0,0.16595773970552588,0.0,0.0,0.0,0.0,0.0,0.16632523578863867,0.0,0.0,0.14059728867884375,0.0,0.0,0.0,0.0,0.0,0.0,0.0,0.08178692273535766,0.0,0.0,0.0,0.07482866662928638,0.0,0.0,0.0,0.0,0.0,0.0,0.0,0.0,0.0,0.0,0.0,0.0,0.0,0.0,0.0,0.0,0.0,0.0,0.0,0.0,0.0,0.0,0.11552635585089846,0.0,0.0,0.0,0.0,0.0,0.0,0.0,0.0,0.34891873829668063,0.43272427971742855,0.0,0.0,0.0,0.0,0.09942141553798478,0.10933225414481831,0.09691461748157856,0.11552635585089846,0.0,0.0,0.0,0.13573994936222003,0.0,0.0,0.0,0.2381338385853474,0.0,0.0,0.0,0.0,0.12332661175668436,0.0,0.0,0.0,0.27106418667361754,0.0,0.0,0.0,0.0,0.0,0.0,0.0,0.0,0.18371645695712704,0.0,0.0,0.0,0.0,0.0,0.0,0.0,0.1292152210726155,0.0,0.2998956392129095,0.0,0.0,0.0,0.0
ac68b9c8102f90cb5cb4938fee2d9528a498b9e94886e33b4ed4ba160a0073de,0.0,0.0,0.0,0.0,0.0,0.0,0.0,0.0,0.0,0.0,0.24577846196246808,0.0,0.16009200583590397,0.0,0.0,0.0,0.0,0.0,0.0,0.0,0.0,0.23396466679866615,0.0,0.0,0.0,0.0,0.0,0.0,0.0,0.0,0.0,0.0,0.0,0.0,0.0,0.0,0.0,0.0,0.0,0.0,0.0,0.0,0.0,0.2769800264371454,0.0,0.0,0.0,0.33393379473797724,0.0,0.0,0.0,0.0,0.0,0.0,0.0,0.0,0.0,0.0,0.0,0.0,0.0,0.0,0.0,0.0,0.0,0.0,0.0,0.0,0.0,0.0,0.0,0.0,0.0,0.0,0.48009906270097724,0.15219732690423787,0.32414528723894903,0.258543155832428,0.0,0.13924870451033886,0.0,0.0,0.0,0.0,0.0,0.0,0.0,0.0,0.0,0.0,0.0,0.0,0.0,0.0,0.0,0.0,0.0,0.0,0.0,0.0,0.0,0.0,0.0,0.0,0.3651664959051405,0.0,0.0,0.0,0.0,0.0,0.0,0.0,0.0,0.0,0.0,0.0,0.2000352273143559,0.0,0.0,0.0,0.0,0.0,0.0,0.0,0.0,0.0,0.0,0.0,0.0,0.0,0.0,0.0,0.0,0.22949855573193711,0.0,0.0,0.0,0.0,0.0,0.0,0.0,0.0,0.0,0.0,0.0,0.0,0.0,0.0,0.0,0.0,0.0,0.0,0.0,0.0,0.0,0.0,0.0,0.0,0.0,0.0,0.0
da970dc18aee85e81725bca7e03bdb203adc8633bf497102a989675b7d136f53,0.0,0.0,0.0,0.0,0.0,0.0,0.30839191865255866,0.0,0.0,0.0,0.0,0.0,0.11577318497467949,0.0,0.0,0.0,0.29912210036103865,0.22686286925655022,0.0,0.0,0.0,0.0,0.0,0.0,0.0,0.3056338927052313,0.0,0.0,0.0,0.0,0.0,0.0,0.0,0.0,0.0,0.0,0.0,0.0,0.0,0.0,0.0,0.0,0.0,0.0,0.0,0.0,0.0,0.0,0.0,0.2822298129158073,0.0,0.0,0.0,0.0,0.0,0.0,0.0,0.0,0.0,0.0,0.16818793057524098,0.30700121856865575,0.0,0.0,0.0,0.0,0.0,0.0,0.0,0.0,0.0,0.0,0.0,0.0,0.0,0.11006401717770445,0.0,0.0,0.0,0.0,0.0,0.0,0.0,0.0,0.0,0.0,0.0,0.0,0.24148975325553734,0.0,0.0,0.0,0.0,0.0,0.0,0.0,0.0,0.0,0.0,0.0,0.0,0.0,0.15546855645852392,0.0,0.0,0.0,0.0,0.0,0.0,0.0,0.0,0.0,0.0,0.0,0.2327335710190894,0.26489383304496134,0.14465878700436124,0.13379547758524182,0.14713289968385324,0.13042197660105512,0.15546855645852392,0.0,0.0,0.0,0.0,0.0,0.0,0.0,0.0,0.0,0.0,0.0,0.2966566397517268,0.0,0.0,0.0,0.0,0.0,0.0,0.0,0.0,0.0,0.0,0.1788726362479479,0.0,0.11981477628304762,0.0,0.0,0.0,0.0,0.0,0.0,0.0,0.0,0.0,0.0,0.0,0.0,0.0,0.0,0.0
fe035a3111a37c273676890230dd284b8bc0481377b921e9dd3818b39ef8c3e9,0.0,0.0,0.0,0.0,0.0,0.0,0.30534877471567196,0.0,0.0,0.0,0.0,0.0,0.11463076053162305,0.0,0.0,0.0,0.29617042896160733,0.2246242361299131,0.0,0.0,0.0,0.0,0.0,0.0,0.0,0.302617964364577,0.0,0.0,0.0,0.0,0.0,0.0,0.0,0.0,0.0,0.0,0.0,0.0,0.0,0.0,0.0,0.0,0.0,0.0,0.0,0.0,0.0,0.0,0.0,0.2794448309106497,0.0,0.0,0.0,0.0,0.0,0.0,0.0,0.0,0.0,0.0,0.16652828889778123,0.30397179775573047,0.0,0.0,0.0,0.0,0.0,0.0,0.0,0.0,0.0,0.0,0.0,0.0,0.0,0.10897792955255797,0.0,0.0,0.0,0.0,0.0,0.0,0.0,0.0,0.0,0.0,0.0,0.0,0.2391067852398683,0.0,0.0,0.0,0.0,0.0,0.0,0.0,0.0,0.0,0.0,0.14013632304257911,0.0,0.0,0.15393442678018984,0.0,0.0,0.0,0.0,0.0,0.0,0.0,0.0,0.0,0.0,0.0,0.23043700709273485,0.26227991869379563,0.1432313257644133,0.13247521310433272,0.14568102444164263,0.12913500108929593,0.15393442678018984,0.0,0.0,0.0,0.0,0.0,0.0,0.0,0.0,0.0,0.0,0.0,0.2937292969778238,0.0,0.0,0.0,0.0,0.0,0.0,0.0,0.0,0.0,0.0,0.17710756023411714,0.0,0.11863247030178756,0.0,0.0,0.0,0.0,0.0,0.0,0.0,0.0,0.0,0.0,0.0,0.0,0.0,0.0,0.0
a2b19054a88a93101d0352063a7c1c1d4169b6a01093daba6c2d7863f65bfce9,0.0,0.0,0.0,0.0,0.0,0.0,0.0,0.0,0.0,0.0,0.0,0.0,0.17121135859835954,0.0,0.0,0.0,0.0,0.0,0.0,0.0,0.0,0.0,0.0,0.0,0.0,0.0,0.0,0.0,0.0,0.0,0.0,0.0,0.0,0.0,0.0,0.0,0.0,0.0,0.0,0.0,0.0,0.0,0.3145809117941675,0.2962179553145296,0.0,0.0,0.0,0.0,0.0,0.0,0.0,0.0,0.4920679274055657,0.0,0.0,0.0,0.0,0.0,0.0,0.0,0.0,0.0,0.0,0.0,0.0,0.0,0.0,0.2798098701766049,0.0,0.0,0.0,0.0,0.0,0.0,0.0,0.0,0.0,0.0,0.0,0.14892036462278996,0.0,0.0,0.0,0.0,0.0,0.0,0.0,0.0,0.0,0.0,0.0,0.0,0.0,0.0,0.0,0.0,0.0,0.0,0.0,0.0,0.0,0.0,0.2299149218051763,0.0,0.0,0.0,0.0,0.0,0.0,0.0,0.0,0.0,0.0,0.0,0.0,0.0,0.21392887706789956,0.0,0.21758772253607853,0.19287474737637902,0.0,0.0,0.0,0.0,0.0,0.0,0.3108012149789314,0.0,0.0,0.0,0.0,0.0,0.0,0.24543861086668997,0.0,0.0,0.0,0.0,0.0,0.0,0.0,0.0,0.0,0.2645260823979168,0.0,0.17718827232804893,0.0,0.0,0.0,0.0,0.0,0.0,0.0,0.0,0.0,0.0,0.0,0.0,0.0,0.0,0.0
27ad01b87bb62fa4fa70360498cc76ce4e52c41af10d84f76c059827476119b2,0.0,0.0,0.0,0.0,0.0,0.0,0.0,0.0,0.0,0.0,0.3235010359297775,0.0,0.21071793402263037,0.0,0.0,0.0,0.0,0.0,0.0,0.0,0.0,0.3079513618727573,0.0,0.0,0.0,0.0,0.0,0.0,0.0,0.0,0.0,0.0,0.0,0.0,0.0,0.0,0.0,0.0,0.0,0.0,0.0,0.0,0.0,0.0,0.40920947515613376,0.0,0.0,0.4395337478602737,0.0,0.0,0.0,0.0,0.0,0.0,0.0,0.0,0.0,0.0,0.0,0.0,0.0,0.0,0.0,0.0,0.0,0.0,0.0,0.0,0.0,0.0,0.0,0.0,0.0,0.0,0.0,0.2003267191361243,0.0,0.0,0.0,0.18328335119882508,0.0,0.0,0.0,0.0,0.0,0.0,0.0,0.0,0.0,0.0,0.0,0.0,0.0,0.0,0.0,0.0,0.0,0.0,0.0,0.2576030756152404,0.0,0.0,0.2829671916652004,0.0,0.0,0.0,0.0,0.0,0.0,0.0,0.0,0.0,0.0,0.0,0.0,0.0,0.26329240870798737,0.0,0.0,0.0,0.0,0.0,0.0,0.0,0.0,0.0,0.0,0.0,0.0,0.0,0.0,0.0,0.0,0.0,0.0,0.0,0.0,0.0,0.0,0.0,0.0,0.0,0.0,0.3255647874902337,0.0,0.0,0.0,0.0,0.0,0.0,0.0,0.0,0.0,0.0,0.0,0.0,0.0,0.0,0.0,0.0,0.0
e71c250a7f4a557997e95d51a0d91cc1323f0ca69f7b3aeb42101f988bf945e9,0.0,0.0,0.0,0.0,0.0,0.0,0.0,0.0,0.0,0.0,0.0,0.0,0.2023130288930469,0.0,0.0,0.0,0.0,0.0,0.0,0.0,0.0,0.0,0.0,0.0,0.0,0.0,0.0,0.0,0.0,0.0,0.0,0.0,0.0,0.0,0.0,0.0,0.0,0.0,0.0,0.0,0.0,0.0,0.0,0.0,0.0,0.0,0.0,0.0,0.0,0.0,0.0,0.0,0.0,0.0,0.0,0.0,0.0,0.0,0.0,0.0,0.0,0.0,0.0,0.0,0.0,0.0,0.0,0.0,0.0,0.0,0.0,0.0,0.0,0.0,0.0,0.19233628834023858,0.0,0.0,0.0,0.1759727291304974,0.0,0.0,0.0,0.0,0.0,0.0,0.0,0.0,0.0,0.0,0.0,0.0,0.0,0.0,0.0,0.0,0.0,0.0,0.0,0.24732806308876748,0.0,0.0,0.27168048077482476,0.0,0.0,0.0,0.0,0.0,0.0,0.0,0.0,0.0,0.0,0.0,0.0,0.0,0.25279046578227277,0.0,0.0,0.22791171484267614,0.0,0.0,0.0,0.0,0.0,0.0,0.0,0.0,0.0,0.0,0.0,0.0,0.0,0.0,0.0,0.0,0.0,0.0,0.0,0.0,0.0,0.0,0.0,0.31257898651852073,0.0,0.20937568834499684,0.4320414591522104,0.46876390487389985,0.0,0.0,0.0,0.0,0.0,0.0,0.30387224738345653,0.0,0.0,0.0,0.0,0.0,0.0
8f362cedd16992cd2605b87129e491620b323f2a60e0cbb2f77d66a38f1e2307,0.0,0.0,0.0,0.0,0.0,0.4742757150263369,0.0,0.0,0.0,0.0,0.0,0.0,0.0,0.0,0.0,0.0,0.0,0.0,0.0,0.0,0.0,0.0,0.0,0.0,0.0,0.0,0.0,0.0,0.0,0.0,0.0,0.0,0.0,0.0,0.0,0.0,0.0,0.0,0.0,0.0,0.0,0.0,0.31320911440511057,0.0,0.0,0.0,0.0,0.0,0.41858866421442853,0.0,0.0,0.0,0.0,0.0,0.0,0.4767456131278751,0.0,0.0,0.0,0.0,0.0,0.0,0.0,0.0,0.0,0.0,0.0,0.0,0.0,0.0,0.0,0.0,0.0,0.0,0.0,0.1620585605183951,0.0,0.0,0.0,0.14827096550253877,0.0,0.0,0.0,0.0,0.0,0.0,0.0,0.0,0.0,0.0,0.0,0.0,0.0,0.0,0.0,0.0,0.0,0.0,0.0,0.0,0.0,0.0,0.22891232858475885,0.0,0.0,0.0,0.0,0.0,0.0,0.0,0.0,0.0,0.0,0.0,0.0,0.0,0.0,0.0,0.21663888470620682,0.0,0.0,0.0,0.0,0.0,0.0,0.0,0.3094458997667268,0.0,0.0,0.0,0.0,0.0,0.0,0.0,0.0,0.0,0.0,0.0,0.0,0.0,0.0,0.0,0.0,0.0,0.0,0.1764156049466594,0.0,0.0,0.0,0.0,0.0,0.0,0.0,0.0,0.0,0.0,0.0,0.0,0.0,0.0,0.0
29b2839a3033960813a5dd05a3cb57ed38960854ced4a1466e6d0760172f0bdf,0.0,0.0,0.0,0.0,0.0,0.0,0.0,0.0,0.0,0.47601339801207937,0.0,0.3083934190338537,0.0,0.38745627099469393,0.0,0.0,0.0,0.0,0.0,0.0,0.0,0.0,0.0,0.0,0.0,0.0,0.0,0.0,0.5031358095339936,0.0,0.0,0.0,0.0,0.0,0.0,0.0,0.0,0.0,0.0,0.0,0.0,0.0,0.21076964751620283,0.0,0.0,0.0,0.0,0.0,0.0,0.0,0.0,0.0,0.0,0.0,0.0,0.0,0.0,0.0,0.0,0.0,0.0,0.0,0.0,0.0,0.0,0.0,0.0,0.0,0.0,0.0,0.0,0.0,0.0,0.0,0.0,0.10905501821784797,0.0,0.0,0.0,0.0,0.0,0.0,0.0,0.0,0.0,0.0,0.0,0.0,0.0,0.0,0.0,0.0,0.0,0.0,0.0,0.0,0.0,0.0,0.0,0.1402354524915084,0.0,0.0,0.15404331671369645,0.0,0.2616553107305194,0.0,0.0,0.0,0.0,0.0,0.0,0.0,0.0,0.0,0.0,0.0,0.0,0.0,0.0,0.0,0.0,0.0,0.0,0.0,0.0,0.0,0.20823724540406618,0.0,0.0,0.0,0.0,0.0,0.0,0.0,0.0,0.0,0.0,0.0,0.0,0.0,0.0,0.0,0.22227176944234792,0.0,0.0,0.11871638838348691,0.0,0.0,0.0,0.0,0.0,0.0,0.0,0.0,0.0,0.0,0.0,0.0,0.0,0.0,0.0
dc791b99f5e4e21d1022fe5cf80231da85fd716cf0132a25d1596b9680e45cf5,0.0,0.0,0.0,0.0,0.0,0.0,0.0,0.0,0.0,0.5050916749765568,0.0,0.3272322779612258,0.0,0.41112485008649813,0.0,0.0,0.0,0.0,0.0,0.0,0.0,0.0,0.0,0.0,0.0,0.0,0.0,0.0,0.5338709159017451,0.0,0.0,0.0,0.0,0.0,0.0,0.0,0.0,0.0,0.0,0.0,0.0,0.0,0.22364495357224357,0.0,0.0,0.0,0.0,0.0,0.0,0.0,0.0,0.0,0.0,0.0,0.0,0.0,0.0,0.0,0.0,0.0,0.0,0.0,0.0,0.0,0.0,0.0,0.0,0.0,0.0,0.0,0.0,0.0,0.0,0.0,0.0,0.11571687277351377,0.0,0.0,0.0,0.0,0.0,0.0,0.0,0.0,0.0,0.0,0.0,0.0,0.0,0.0,0.0,0.0,0.0,0.0,0.0,0.0,0.0,0.0,0.0,0.14880202928286887,0.0,0.0,0.1634533758562207,0.0,0.0,0.0,0.0,0.0,0.0,0.0,0.0,0.0,0.0,0.0,0.0,0.0,0.0,0.0,0.0,0.0,0.0,0.0,0.0,0.0,0.0,0.0,0.0,0.0,0.0,0.0,0.0,0.0,0.0,0.0,0.0,0.0,0.0,0.0,0.0,0.0,0.0,0.0,0.23584970674457711,0.0,0.0,0.1259684280026531,0.0,0.0,0.0,0.0,0.0,0.0,0.0,0.0,0.0,0.0,0.0,0.0,0.0,0.0,0.0
c24f98a0e80be8f215f9b93c9823497c1ea547ca9fdd3621ef6a96dfb1eaa895,0.0,0.0,0.0,0.0,0.0,0.4742757150263369,0.0,0.0,0.0,0.0,0.0,0.0,0.0,0.0,0.0,0.0,0.0,0.0,0.0,0.0,0.0,0.0,0.0,0.0,0.0,0.0,0.0,0.0,0.0,0.0,0.0,0.0,0.0,0.0,0.0,0.0,0.0,0.0,0.0,0.0,0.0,0.0,0.31320911440511057,0.0,0.0,0.0,0.0,0.0,0.41858866421442853,0.0,0.0,0.0,0.0,0.0,0.0,0.4767456131278751,0.0,0.0,0.0,0.0,0.0,0.0,0.0,0.0,0.0,0.0,0.0,0.0,0.0,0.0,0.0,0.0,0.0,0.0,0.0,0.1620585605183951,0.0,0.0,0.0,0.14827096550253877,0.0,0.0,0.0,0.0,0.0,0.0,0.0,0.0,0.0,0.0,0.0,0.0,0.0,0.0,0.0,0.0,0.0,0.0,0.0,0.0,0.0,0.0,0.22891232858475885,0.0,0.0,0.0,0.0,0.0,0.0,0.0,0.0,0.0,0.0,0.0,0.0,0.0,0.0,0.0,0.21663888470620682,0.0,0.0,0.0,0.0,0.0,0.0,0.0,0.3094458997667268,0.0,0.0,0.0,0.0,0.0,0.0,0.0,0.0,0.0,0.0,0.0,0.0,0.0,0.0,0.0,0.0,0.0,0.0,0.1764156049466594,0.0,0.0,0.0,0.0,0.0,0.0,0.0,0.0,0.0,0.0,0.0,0.0,0.0,0.0,0.0
5ebeb697d30caf314b05884fd63d043c1aac03ef8d5164eefedff1bf8ceec736,0.0,0.0,0.0,0.0,0.0,0.0,0.31648504615772866,0.0,0.0,0.0,0.0,0.0,0.1188114200612977,0.0,0.0,0.0,0.3069719600733598,0.23281643034564764,0.0,0.0,0.0,0.0,0.0,0.0,0.0,0.3136546413499181,0.0,0.0,0.0,0.0,0.0,0.0,0.0,0.0,0.0,0.0,0.0,0.0,0.0,0.0,0.0,0.0,0.0,0.0,0.0,0.0,0.0,0.0,0.0,0.28963636841722185,0.0,0.0,0.0,0.0,0.0,0.0,0.0,0.0,0.0,0.0,0.17260168555599203,0.3150578499388114,0.0,0.0,0.0,0.0,0.0,0.0,0.0,0.0,0.0,0.0,0.0,0.0,0.0,0.11295242660374372,0.0,0.0,0.0,0.0,0.0,0.0,0.0,0.0,0.0,0.0,0.0,0.0,0.2478271675847727,0.0,0.0,0.0,0.0,0.0,0.0,0.0,0.0,0.0,0.0,0.1452471872788842,0.0,0.0,0.0,0.0,0.0,0.0,0.0,0.0,0.0,0.0,0.0,0.0,0.0,0.0,0.2388411969037776,0.27184544051746895,0.14845506679367865,0.13730667160239896,0.15099410759925375,0.13384463984956202,0.1595485169709818,0.0,0.0,0.0,0.0,0.0,0.0,0.0,0.0,0.0,0.0,0.0,0.3044417983941972,0.0,0.0,0.0,0.0,0.0,0.0,0.0,0.0,0.0,0.0,0.0,0.0,0.0,0.0,0.0,0.0,0.0,0.0,0.0,0.0,0.0,0.0,0.0,0.0,0.0,0.0,0.0,0.0
564324c43d9f0ab1753ddd1acbdba4ed2a825f6fc064aaddc3ee16bc5dd6687f,0.0,0.0,0.0,0.0,0.0,0.0,0.0,0.0,0.0,0.0,0.0,0.0,0.3025734824854156,0.0,0.0,0.0,0.0,0.5929066252483304,0.0,0.0,0.0,0.0,0.0,0.0,0.0,0.0,0.0,0.0,0.0,0.0,0.0,0.0,0.0,0.0,0.0,0.0,0.0,0.0,0.0,0.0,0.0,0.0,0.5559435003859061,0.0,0.0,0.0,0.0,0.0,0.0,0.0,0.0,0.0,0.0,0.0,0.0,0.0,0.0,0.0,0.0,0.0,0.0,0.0,0.0,0.0,0.0,0.0,0.0,0.0,0.0,0.0,0.0,0.0,0.0,0.0,0.0,0.28765255945127666,0.0,0.0,0.0,0.0,0.0,0.0,0.0,0.0,0.0,0.0,0.0,0.0,0.0,0.0,0.0,0.0,0.0,0.0,0.0,0.0,0.0,0.0,0.0,0.0,0.0,0.0,0.0,0.0,0.0,0.0,0.0,0.0,0.0,0.0,0.0,0.0,0.0,0.0,0.0,0.0,0.0,0.0,0.0,0.0,0.40631742622373396,0.0,0.0,0.0,0.0,0.0,0.0,0.0,0.0,0.0,0.0,0.0,0.0,0.0,0.0,0.0,0.0,0.0,0.0,0.0,0.0,0.0,0.0,0.0,0.0,0.0,0.0,0.0,0.0,0.0,0.0,0.0,0.0,0.0,0.0,0.0,0.0,0.0,0.0,0.0,0.0
680289c529f4d35767c366fee328b3ea12a904d1cce8e429ddc4fa411089472a,0.0,0.0,0.0,0.0,0.0,0.0,0.0,0.0,0.0,0.0,0.0,0.30869362344108814,0.0,0.0,0.0,0.0,0.0,0.0,0.0,0.0,0.0,0.0,0.0,0.0,0.0,0.0,0.0,0.0,0.0,0.0,0.0,0.0,0.0,0.0,0.0,0.0,0.0,0.0,0.0,0.0,0.0,0.0,0.0,0.19865963759493308,0.0,0.0,0.0,0.0,0.0,0.0,0.0,0.0,0.0,0.0,0.0,0.0,0.0,0.0,0.0,0.0,0.0,0.0,0.0,0.0,0.2219946412570415,0.0,0.0,0.0,0.0,0.0,0.0,0.0,0.0,0.0,0.34434362301386656,0.10916117741282234,0.0,0.1854360774710084,0.0,0.09987397838546087,0.45619905502235003,0.0,0.0,0.0,0.0,0.0,0.0,0.0,0.0,0.0,0.0,0.0,0.0,0.0,0.0,0.0,0.0,0.0,0.0,0.0,0.0,0.0,0.0,0.0,0.0,0.0,0.0,0.0,0.0,0.0,0.0,0.0,0.0,0.333850073265525,0.0,0.0,0.1434721711729921,0.0,0.1459259890516298,0.1293521433375659,0.0,0.0,0.0,0.0,0.0,0.0,0.0,0.0,0.0,0.0,0.0,0.0,0.0,0.16460428752472991,0.0,0.0,0.0,0.0,0.0,0.0,0.0,0.0,0.22248813905554987,0.0,0.0,0.11883195240270408,0.0,0.0,0.41498225256692517,0.0,0.0,0.0,0.0,0.0,0.0,0.0,0.0,0.0,0.0,0.0,0.0
e7fd4915a63bc03b41f1dd1141a2c0ba2c3a0d0bdc3c1dbb6fdbd6388b09be74,0.0,0.0,0.0,0.0,0.0,0.0,0.3121878603572922,0.0,0.0,0.0,0.0,0.0,0.11719821667802426,0.0,0.0,0.0,0.30280394150826784,0.2296552842797099,0.0,0.0,0.0,0.0,0.0,0.0,0.0,0.30939588635528836,0.0,0.0,0.0,0.0,0.0,0.0,0.0,0.0,0.0,0.0,0.0,0.0,0.0,0.0,0.0,0.0,0.0,0.0,0.0,0.0,0.0,0.0,0.0,0.28570372987785725,0.0,0.0,0.0,0.0,0.0,0.0,0.0,0.0,0.0,0.0,0.1702581261325463,0.31078004239147355,0.0,0.0,0.0,0.0,0.0,0.0,0.0,0.0,0.0,0.0,0.0,0.0,0.0,0.11141877574213382,0.0,0.0,0.0,0.0,0.0,0.0,0.0,0.0,0.0,0.0,0.0,0.0,0.24446220801263252,0.0,0.0,0.0,0.0,0.0,0.0,0.0,0.0,0.0,0.0,0.0,0.0,0.0,0.0,0.0,0.0,0.0,0.0,0.0,0.0,0.0,0.0,0.0,0.0,0.0,0.2355982474742407,0.26815436449006363,0.14643936648564354,0.13544234250793374,0.1489439325815004,0.13202731769545484,0.15738219148441612,0.0,0.0,0.0,0.0,0.0,0.0,0.0,0.0,0.0,0.0,0.0,0.30030813397939615,0.0,0.0,0.0,0.0,0.0,0.0,0.0,0.0,0.0,0.0,0.1810743479618472,0.0,0.12128955522058697,0.0,0.0,0.0,0.0,0.0,0.0,0.0,0.0,0.0,0.0,0.0,0.0,0.0,0.0,0.0
4ee34cc00d2276e1398af50014c25ac15f1570ff1613bdffd65b63440ab9dd09,0.0,0.0,0.0,0.0,0.0,0.0,0.0,0.0,0.0,0.0,0.0,0.0,0.0,0.0,0.0,0.0,0.0,0.0,0.0,0.0,0.0,0.0,0.0,0.0,0.0,0.0,0.0,0.0,0.0,0.0,0.0,0.0,0.0,0.0,0.36661865740004734,0.0,0.0,0.0,0.0,0.0,0.0,0.0,0.4114708657283778,0.0,0.0,0.0,0.0,0.0,0.0,0.0,0.0,0.0,0.0,0.0,0.0,0.0,0.0,0.0,0.0,0.0,0.0,0.0,0.0,0.0,0.0,0.0,0.0,0.0,0.0,0.0,0.0,0.0,0.0,0.0,0.0,0.21290049723441476,0.0,0.0,0.0,0.0,0.0,0.0,0.0,0.0,0.0,0.0,0.0,0.0,0.0,0.0,0.0,0.0,0.0,0.0,0.0,0.0,0.0,0.0,0.0,0.27377188187429063,0.0,0.0,0.30072801105283775,0.0,0.0,0.0,0.0,0.0,0.0,0.0,0.0,0.0,0.0,0.0,0.0,0.0,0.2798183136713141,0.0,0.0,0.0,0.0,0.0,0.0,0.0,0.0,0.0,0.4065270339113552,0.0,0.0,0.0,0.0,0.0,0.0,0.0,0.0,0.0,0.0,0.0,0.0,0.0,0.0,0.0,0.43392565522220394,0.0,0.0,0.23176171559780448,0.0,0.0,0.0,0.0,0.0,0.0,0.0,0.0,0.0,0.0,0.0,0.0,0.0,0.0,0.0
56719990cf05483cd79512ca1d376baca27c1364fe110a6f9ea23cd53f8dcdeb,0.0,0.0,0.0,0.0,0.0,0.0,0.0,0.0,0.0,0.0,0.0,0.3814840083093371,0.0,0.4792851020190512,0.0,0.0,0.36662327429391095,0.0,0.0,0.0,0.0,0.0,0.0,0.4892646898821456,0.0,0.0,0.0,0.0,0.0,0.0,0.0,0.0,0.0,0.0,0.23230297779568462,0.0,0.0,0.0,0.0,0.0,0.0,0.0,0.0,0.0,0.0,0.0,0.0,0.0,0.0,0.0,0.0,0.0,0.0,0.0,0.0,0.0,0.0,0.0,0.0,0.0,0.0,0.0,0.0,0.0,0.0,0.0,0.0,0.0,0.0,0.0,0.0,0.0,0.0,0.0,0.0,0.13490153456039056,0.0,0.0,0.0,0.12342440111192278,0.0,0.0,0.0,0.0,0.0,0.0,0.0,0.0,0.0,0.0,0.0,0.0,0.0,0.0,0.0,0.0,0.0,0.0,0.0,0.17347186814534968,0.0,0.0,0.19055225658610672,0.0,0.0,0.0,0.0,0.0,0.0,0.0,0.0,0.0,0.0,0.0,0.0,0.0,0.0,0.0,0.0,0.0,0.0,0.0,0.0,0.0,0.0,0.0,0.0,0.0,0.0,0.0,0.0,0.0,0.0,0.0,0.0,0.0,0.0,0.0,0.0,0.0,0.0,0.0,0.2749511510541267,0.0,0.0,0.14685269171573698,0.0,0.0,0.0,0.0,0.0,0.0,0.0,0.0,0.0,0.0,0.0,0.0,0.0,0.0,0.0
556d5c93b2ceb585711ccce22e39e3327f388b893d76a3a7974967fe99a6fa7f,0.0,0.0,0.0,0.0,0.0,0.0,0.0,0.0,0.0,0.0,0.0,0.0,0.13724034848227148,0.0,0.0,0.0,0.0,0.0,0.0,0.0,0.3879299898038543,0.0,0.0,0.0,0.0,0.0,0.0,0.0,0.0,0.0,0.0,0.0,0.0,0.0,0.0,0.0,0.0,0.0,0.0,0.0,0.0,0.0,0.0,0.0,0.0,0.0,0.0,0.0,0.33700370616404407,0.0,0.0,0.0,0.0,0.0,0.0,0.38382558405652456,0.0,0.0,0.0,0.0,0.1993740623764165,0.0,0.0,0.0,0.2653343461164221,0.0,0.5175183963851622,0.2242912176282698,0.0,0.0,0.0,0.0,0.0,0.0,0.0,0.0,0.0,0.0,0.0,0.11937223618955882,0.0,0.0,0.0,0.0,0.0,0.0,0.0,0.0,0.0,0.0,0.0,0.0,0.0,0.0,0.0,0.0,0.0,0.0,0.0,0.16777658736794407,0.0,0.0,0.18429620702816457,0.0,0.0,0.0,0.0,0.0,0.0,0.0,0.0,0.0,0.0,0.0,0.0,0.0,0.0,0.0,0.0,0.0,0.0,0.0,0.0,0.0,0.0,0.0,0.0,0.0,0.0,0.0,0.0,0.0,0.0,0.0,0.0,0.0,0.0,0.0,0.0,0.0,0.0,0.0,0.0,0.21203997227838137,0.0,0.14203134909009507,0.0,0.0,0.0,0.0,0.0,0.0,0.0,0.0,0.0,0.0,0.0,0.0,0.0,0.0,0.0
924585f614812f098386c701ee509d65159093d1869327cbcd998f1c41f52e6a,0.0,0.0,0.0,0.0,0.0,0.0,0.2749850451088204,0.0,0.0,0.0,0.0,0.0,0.10323193497337096,0.0,0.0,0.0,0.26671938947107965,0.20228771431041287,0.0,0.0,0.0,0.0,0.0,0.0,0.0,0.2725257851747377,0.0,0.0,0.0,0.0,0.0,0.0,0.0,0.0,0.0,0.0,0.0,0.0,0.0,0.0,0.0,0.0,0.0,0.17860469627315612,0.0,0.0,0.0,0.0,0.25349356122485855,0.25165697653427566,0.0,0.0,0.0,0.0,0.0,0.0,0.0,0.0,0.0,0.0,0.14996879904657018,0.2737449940498439,0.0,0.0,0.0,0.0,0.0,0.0,0.0,0.0,0.0,0.0,0.0,0.0,0.0,0.09814121868273518,0.2090182144914525,0.16671607124506124,0.0,0.08979157412689233,0.0,0.0,0.0,0.0,0.0,0.0,0.0,0.0,0.21533012597229054,0.0,0.0,0.0,0.0,0.0,0.0,0.0,0.0,0.0,0.0,0.0,0.0,0.0,0.0,0.0,0.0,0.0,0.0,0.0,0.0,0.0,0.0,0.0,0.0,0.0,0.20752246623272586,0.2361989346127526,0.12898847428812635,0.11930194409725864,0.13119457615275043,0.11629388109624221,0.1386272642861152,0.0,0.0,0.0,0.16288281315396502,0.0,0.0,0.0,0.0,0.0,0.0,0.0,0.264521002432185,0.1479872768043522,0.0,0.0,0.0,0.0,0.0,0.0,0.0,0.0,0.0,0.15949607292657722,0.0,0.10683571672322652,0.0,0.0,0.0,0.0,0.0,0.0,0.0,0.0,0.0,0.0,0.0,0.0,0.0,0.0,0.0
cba58aeb27c59e275202d2b1682dde6974a0a7a9e0f33849ec1b7f1675bd38bb,0.0,0.0,0.0,0.0,0.0,0.0,0.3133564550987524,0.0,0.0,0.0,0.0,0.0,0.11763691797653632,0.0,0.0,0.0,0.3039374099696455,0.0,0.0,0.0,0.0,0.0,0.0,0.0,0.0,0.3105540300621269,0.0,0.0,0.0,0.0,0.0,0.0,0.0,0.0,0.0,0.0,0.0,0.0,0.0,0.0,0.0,0.0,0.0,0.0,0.0,0.0,0.0,0.0,0.0,0.28677318810717056,0.0,0.0,0.0,0.0,0.0,0.0,0.0,0.0,0.0,0.0,0.17089544351785924,0.3119433673294574,0.0,0.0,0.0,0.0,0.0,0.0,0.0,0.0,0.0,0.0,0.0,0.0,0.0,0.11183584319403016,0.0,0.0,0.0,0.0,0.0,0.0,0.0,0.0,0.0,0.0,0.0,0.0,0.24537728924110294,0.0,0.0,0.0,0.0,0.0,0.0,0.0,0.0,0.0,0.0,0.14381135624364563,0.0,0.0,0.15797131112909954,0.0,0.0,0.0,0.0,0.0,0.0,0.0,0.0,0.0,0.0,0.0,0.23648014875246634,0.2691581311960593,0.14698752448711747,0.13594933598629858,0.14950146578022228,0.13252152790917496,0.15797131112909954,0.0,0.0,0.0,0.0,0.0,0.0,0.0,0.0,0.0,0.0,0.0,0.30143226002896256,0.0,0.0,0.0,0.0,0.0,0.0,0.0,0.0,0.0,0.0,0.18175215308405587,0.0,0.12174357138976985,0.0,0.0,0.0,0.0,0.0,0.0,0.0,0.0,0.0,0.0,0.0,0.0,0.0,0.0,0.0
7d2680c89c943249ba247b8d75c91e3e8ef3a4778966bc4dc474137e39bd4d0b,0.0,0.0,0.0,0.0,0.0,0.0,0.0,0.0,0.0,0.0,0.24577846196246808,0.0,0.16009200583590397,0.0,0.0,0.0,0.0,0.0,0.0,0.0,0.0,0.23396466679866615,0.0,0.0,0.0,0.0,0.0,0.0,0.0,0.0,0.0,0.0,0.0,0.0,0.0,0.0,0.0,0.0,0.0,0.0,0.0,0.0,0.0,0.2769800264371454,0.0,0.0,0.0,0.33393379473797724,0.0,0.0,0.0,0.0,0.0,0.0,0.0,0.0,0.0,0.0,0.0,0.0,0.0,0.0,0.0,0.0,0.0,0.0,0.0,0.0,0.0,0.0,0.0,0.0,0.0,0.0,0.48009906270097724,0.15219732690423787,0.32414528723894903,0.258543155832428,0.0,0.13924870451033886,0.0,0.0,0.0,0.0,0.0,0.0,0.0,0.0,0.0,0.0,0.0,0.0,0.0,0.0,0.0,0.0,0.0,0.0,0.0,0.0,0.0,0.0,0.0,0.0,0.3651664959051405,0.0,0.0,0.0,0.0,0.0,0.0,0.0,0.0,0.0,0.0,0.0,0.2000352273143559,0.0,0.0,0.0,0.0,0.0,0.0,0.0,0.0,0.0,0.0,0.0,0.0,0.0,0.0,0.0,0.0,0.22949855573193711,0.0,0.0,0.0,0.0,0.0,0.0,0.0,0.0,0.0,0.0,0.0,0.0,0.0,0.0,0.0,0.0,0.0,0.0,0.0,0.0,0.0,0.0,0.0,0.0,0.0,0.0,0.0
a2156b563ac4ab106bc976ffd63326fb55dad9f321a351b7fbe5ea2f509ec5e5,0.0,0.0,0.0,0.0,0.0,0.0,0.0,0.0,0.0,0.0,0.2365291650293235,0.0,0.15406731804684493,0.0,0.0,0.0,0.0,0.0,0.0,0.0,0.0,0.22515995438486827,0.0,0.0,0.0,0.0,0.3238558996754055,0.0,0.0,0.0,0.0,0.0,0.0,0.0,0.0,0.0,0.0,0.0,0.0,0.0,0.0,0.0,0.0,0.0,0.2991952566784925,0.0,0.0,0.0,0.0,0.0,0.0,0.0,0.0,0.0,0.0,0.0,0.0,0.0,0.2972087181361663,0.0,0.0,0.0,0.0,0.0,0.2978668558040799,0.0,0.0,0.0,0.0,0.0,0.0,0.0,0.0,0.0,0.0,0.14646973687162088,0.0,0.24881348953363094,0.0,0.1340084055627097,0.0,0.0,0.0,0.0,0.0,0.0,0.0,0.0,0.0,0.0,0.0,0.0,0.0,0.0,0.0,0.0,0.0,0.0,0.0,0.0,0.0,0.0,0.0,0.0,0.35142430985802325,0.0,0.0,0.0,0.0,0.0,0.0,0.0,0.0,0.0,0.0,0.0,0.0,0.17805081896004935,0.0,0.17356146981434079,0.0,0.0,0.0,0.0,0.24309258743459636,0.0,0.27967951442891975,0.0,0.0,0.0,0.0,0.0,0.0,0.220861914950872,0.0,0.0,0.0,0.0,0.0,0.0,0.0,0.0,0.0,0.0,0.0,0.1594457408107855,0.0,0.0,0.0,0.0,0.0,0.0,0.0,0.0,0.0,0.0,0.0,0.0,0.0,0.0,0.0
816cd3eec54f3d6fc8f5fc851b010ce9064c35f80f86ef31af36635dc2b2c676,0.0,0.0,0.0,0.0,0.0,0.4742757150263369,0.0,0.0,0.0,0.0,0.0,0.0,0.0,0.0,0.0,0.0,0.0,0.0,0.0,0.0,0.0,0.0,0.0,0.0,0.0,0.0,0.0,0.0,0.0,0.0,0.0,0.0,0.0,0.0,0.0,0.0,0.0,0.0,0.0,0.0,0.0,0.0,0.31320911440511057,0.0,0.0,0.0,0.0,0.0,0.41858866421442853,0.0,0.0,0.0,0.0,0.0,0.0,0.4767456131278751,0.0,0.0,0.0,0.0,0.0,0.0,0.0,0.0,0.0,0.0,0.0,0.0,0.0,0.0,0.0,0.0,0.0,0.0,0.0,0.1620585605183951,0.0,0.0,0.0,0.14827096550253877,0.0,0.0,0.0,0.0,0.0,0.0,0.0,0.0,0.0,0.0,0.0,0.0,0.0,0.0,0.0,0.0,0.0,0.0,0.0,0.0,0.0,0.0,0.22891232858475885,0.0,0.0,0.0,0.0,0.0,0.0,0.0,0.0,0.0,0.0,0.0,0.0,0.0,0.0,0.0,0.21663888470620682,0.0,0.0,0.0,0.0,0.0,0.0,0.0,0.3094458997667268,0.0,0.0,0.0,0.0,0.0,0.0,0.0,0.0,0.0,0.0,0.0,0.0,0.0,0.0,0.0,0.0,0.0,0.0,0.1764156049466594,0.0,0.0,0.0,0.0,0.0,0.0,0.0,0.0,0.0,0.0,0.0,0.0,0.0,0.0,0.0
4ef4eed826dab18fbe3595b31ead256962bda13217893d6143943662265e593c,0.0,0.0,0.0,0.0,0.0,0.0,0.0,0.0,0.0,0.0,0.19070433757431032,0.0,0.12421853273921475,0.0,0.0,0.0,0.0,0.0,0.0,0.0,0.0,0.1815377817949212,0.0,0.0,0.0,0.0,0.0,0.0,0.0,0.0,0.0,0.0,0.0,0.0,0.20335818672255296,0.0,0.0,0.0,0.0,0.0,0.0,0.0,0.0,0.2149142444836233,0.0,0.0,0.0,0.0,0.0,0.0,0.0,0.0,0.0,0.0,0.0,0.34740694997165955,0.0,0.0,0.0,0.0,0.0,0.0,0.0,0.0,0.0,0.0,0.0,0.0,0.0,0.0,0.0,0.0,0.4330220947494525,0.0,0.0,0.11809289624526048,0.25151069702022144,0.2006087143426103,0.0,0.10804580572149654,0.0,0.0,0.0,0.0,0.0,0.0,0.0,0.0,0.25910579230862957,0.0,0.0,0.0,0.0,0.0,0.0,0.0,0.0,0.0,0.0,0.15185739282446437,0.0,0.0,0.1668095766267924,0.0,0.2833398587894012,0.0,0.0,0.0,0.0,0.0,0.0,0.0,0.0,0.0,0.0,0.0,0.15521126306965097,0.0,0.15786585572809078,0.13993591498648425,0.0,0.0,0.0,0.0,0.19599617176254996,0.0,0.0,0.0,0.0,0.0,0.0,0.0,0.0,0.17807243847023263,0.0,0.0,0.0,0.0,0.0,0.0,0.0,0.0,0.0,0.1919209221615083,0.0,0.12855494744843132,0.0,0.0,0.0,0.0,0.0,0.0,0.0,0.0,0.0,0.0,0.0,0.0,0.0,0.0,0.0
13df58cb2a7de61146bfeff4f4a54b00268bc3532c909616448342b1e99c0591,0.0,0.0,0.0,0.0,0.0,0.0,0.0,0.0,0.0,0.0,0.38052420015013777,0.0,0.2478609475570778,0.0,0.0,0.0,0.0,0.0,0.0,0.0,0.0,0.36223360251375997,0.0,0.0,0.0,0.0,0.0,0.0,0.0,0.0,0.0,0.0,0.0,0.0,0.0,0.0,0.0,0.0,0.0,0.0,0.0,0.0,0.0,0.0,0.0,0.0,0.0,0.0,0.0,0.0,0.0,0.0,0.0,0.0,0.0,0.0,0.0,0.0,0.0,0.0,0.0,0.0,0.0,0.0,0.4792032603760809,0.0,0.0,0.0,0.0,0.0,0.0,0.0,0.0,0.0,0.0,0.23563808489479485,0.0,0.0,0.0,0.21559050163570112,0.0,0.0,0.0,0.0,0.0,0.0,0.0,0.0,0.0,0.0,0.0,0.0,0.0,0.0,0.0,0.0,0.0,0.0,0.0,0.0,0.0,0.0,0.0,0.0,0.0,0.0,0.0,0.0,0.0,0.0,0.0,0.0,0.0,0.0,0.0,0.0,0.30970266583924677,0.2864452062917915,0.0,0.0,0.0,0.0,0.0,0.0,0.3910833253248464,0.0,0.0,0.0,0.0,0.0,0.0,0.0,0.0,0.0,0.0,0.0,0.0,0.0,0.0,0.0,0.0,0.0,0.0,0.0,0.0,0.0,0.0,0.0,0.0,0.0,0.0,0.0,0.0,0.0,0.0,0.0,0.0,0.0,0.0,0.0,0.0
efc68e9572dcd8d5bc5a55b2d2093e2f3301e7b843e7ffe1354c99c7223aa231,0.0,0.0,0.0,0.0,0.0,0.0,0.0,0.0,0.0,0.0,0.2428028049134415,0.0,0.15815376071119017,0.0,0.0,0.0,0.0,0.0,0.0,0.0,0.0,0.2311320401949204,0.0,0.0,0.0,0.0,0.33244577183201107,0.0,0.0,0.0,0.0,0.0,0.0,0.0,0.0,0.0,0.0,0.0,0.0,0.0,0.0,0.0,0.0,0.0,0.3071310361634639,0.0,0.0,0.0,0.0,0.0,0.0,0.0,0.0,0.0,0.0,0.0,0.0,0.0,0.30509180717415224,0.0,0.0,0.0,0.0,0.0,0.30576740111948586,0.0,0.0,0.0,0.0,0.0,0.0,0.0,0.0,0.0,0.0,0.1503546632101557,0.0,0.0,0.0,0.13756281069427584,0.0,0.0,0.0,0.0,0.0,0.0,0.0,0.0,0.0,0.0,0.0,0.0,0.0,0.0,0.0,0.0,0.0,0.0,0.0,0.0,0.0,0.0,0.0,0.0,0.3607453995693094,0.0,0.0,0.0,0.0,0.0,0.0,0.0,0.0,0.0,0.0,0.0,0.0,0.18277339395028008,0.0,0.1781649704407367,0.0,0.0,0.0,0.0,0.24954031387828485,0.0,0.0,0.0,0.0,0.0,0.0,0.0,0.0,0.22672000064760495,0.0,0.0,0.0,0.0,0.0,0.0,0.0,0.0,0.30644712716356354,0.0,0.0,0.16367483940325409,0.0,0.0,0.0,0.0,0.0,0.0,0.0,0.0,0.0,0.0,0.0,0.0,0.0,0.0,0.0
7057d3a37ba472e8991a2b77c92b1d3bcc485e84f5e6a3a88ebf90092148b00a,0.0,0.0,0.0,0.0,0.0,0.0,0.0,0.0,0.0,0.0,0.0,0.0,0.0,0.0,0.0,0.0,0.0,0.0,0.0,0.0,0.0,0.0,0.0,0.0,0.0,0.0,0.3831447121611091,0.0,0.0,0.0,0.0,0.0,0.0,0.0,0.0,0.0,0.0,0.0,0.0,0.0,0.0,0.0,0.3349047745890401,0.0,0.3539694061925279,0.0,0.0,0.0,0.0,0.0,0.0,0.0,0.0,0.0,0.0,0.0,0.0,0.0,0.3516191888929221,0.0,0.0,0.0,0.0,0.0,0.0,0.0,0.0,0.0,0.0,0.0,0.0,0.0,0.0,0.0,0.0,0.0,0.0,0.29436416914038976,0.0,0.15854153661537523,0.0,0.0,0.0,0.0,0.0,0.0,0.0,0.0,0.0,0.0,0.0,0.0,0.0,0.0,0.0,0.0,0.0,0.0,0.0,0.2228286812618511,0.0,0.0,0.2447688406224747,0.0,0.0,0.0,0.0,0.0,0.0,0.0,0.0,0.0,0.0,0.0,0.0,0.0,0.0,0.0,0.0,0.20533564298481347,0.0,0.0,0.0,0.0,0.0,0.0,0.0,0.0,0.0,0.0,0.0,0.0,0.0,0.2612954555282713,0.0,0.0,0.0,0.0,0.0,0.0,0.0,0.0,0.3531811990949697,0.0,0.0,0.18863572511568674,0.0,0.0,0.0,0.0,0.0,0.0,0.0,0.0,0.0,0.0,0.0,0.0,0.0,0.0,0.0
1479052d908e0057cf19343d000533864d9a270a1d304218a1865da2d77f58e2,0.0,0.0,0.0,0.0,0.0,0.0,0.0,0.0,0.0,0.0,0.23995262275498958,0.0,0.15629724580300444,0.0,0.0,0.0,0.0,0.30627162626234083,0.0,0.0,0.0,0.22841885729966924,0.0,0.0,0.0,0.0,0.0,0.0,0.0,0.0,0.0,0.0,0.0,0.0,0.0,0.0,0.0,0.0,0.0,0.0,0.0,0.0,0.287177968203433,0.0,0.0,0.0,0.0,0.3260183550425996,0.0,0.0,0.0,0.0,0.0,0.0,0.0,0.0,0.0,0.0,0.0,0.0,0.0,0.0,0.0,0.0,0.3021780983039041,0.0,0.0,0.0,0.0,0.0,0.0,0.0,0.0,0.0,0.0,0.14858969933885938,0.3164618706033432,0.2524147471751072,0.0,0.1359480061665971,0.0,0.0,0.0,0.0,0.0,0.0,0.0,0.0,0.0,0.0,0.0,0.0,0.0,0.0,0.0,0.0,0.0,0.0,0.0,0.0,0.0,0.0,0.0,0.0,0.35651072813722856,0.0,0.0,0.0,0.0,0.0,0.0,0.0,0.0,0.0,0.0,0.0,0.19529366834755432,0.18062787727611107,0.1986337941089339,0.0,0.0,0.0,0.0,0.0,0.0,0.0,0.0,0.0,0.0,0.0,0.0,0.0,0.0,0.22405860923147047,0.0,0.0,0.0,0.0,0.0,0.0,0.0,0.0,0.0,0.0,0.0,0.0,0.0,0.0,0.0,0.0,0.0,0.0,0.0,0.0,0.0,0.0,0.0,0.0,0.0,0.0,0.0
4726664a1167df53e184eaf298ce91c539a5c0ad60297706caf8eee472d26455,0.0,0.0,0.0,0.0,0.0,0.0,0.0,0.0,0.0,0.0,0.23480489774776475,0.0,0.1529441870552281,0.0,0.0,0.0,0.0,0.0,0.0,0.0,0.0,0.22351856719096785,0.0,0.0,0.0,0.0,0.0,0.0,0.0,0.0,0.0,0.0,0.0,0.0,0.0,0.0,0.0,0.0,0.0,0.0,0.0,0.0,0.0,0.0,0.0,0.0,0.0,0.31902425420803304,0.0,0.0,0.0,0.0,0.0,0.0,0.0,0.0,0.0,0.0,0.0,0.0,0.0,0.0,0.0,0.0,0.29569544462246056,0.0,0.0,0.24995592275266135,0.0,0.0,0.0,0.0,0.5331588676662841,0.0,0.0,0.1454019912724896,0.0,0.24699967110172588,0.0,0.1330315014708317,0.0,0.0,0.0,0.0,0.0,0.0,0.0,0.0,0.0,0.0,0.0,0.0,0.0,0.0,0.0,0.0,0.0,0.0,0.0,0.0,0.0,0.0,0.0,0.0,0.0,0.0,0.0,0.0,0.0,0.0,0.0,0.0,0.0,0.0,0.0,0.0,0.19110401587048226,0.0,0.1943724856161379,0.17229622895618693,0.0,0.0,0.0,0.0,0.0,0.0,0.0,0.0,0.0,0.0,0.0,0.0,0.0,0.0,0.0,0.0,0.0,0.0,0.0,0.0,0.0,0.0,0.0,0.0,0.0,0.15828340180692585,0.3266138127916701,0.0,0.0,0.0,0.0,0.0,0.0,0.0,0.0,0.0,0.0,0.0,0.0,0.0,0.0
6062bbdc53fc6a43026c807a0abd7199c0d8f5bf8cb3d6adcc3e20a99afdb375,0.0,0.0,0.0,0.0,0.0,0.0,0.0,0.0,0.0,0.0,0.0,0.41631572506803277,0.0,0.0,0.0,0.0,0.0,0.0,0.0,0.0,0.0,0.0,0.0,0.0,0.0,0.0,0.0,0.0,0.0,0.0,0.0,0.0,0.0,0.0,0.0,0.0,0.0,0.0,0.0,0.0,0.0,0.0,0.0,0.2679197909731713,0.0,0.0,0.0,0.0,0.0,0.0,0.0,0.0,0.0,0.0,0.0,0.0,0.0,0.0,0.0,0.0,0.0,0.0,0.0,0.0,0.0,0.0,0.0,0.0,0.0,0.0,0.0,0.0,0.0,0.0,0.46439464310777884,0.14721883211355752,0.0,0.2500860049700631,0.0,0.13469376938687314,0.0,0.0,0.0,0.0,0.0,0.0,0.0,0.0,0.0,0.0,0.0,0.0,0.0,0.0,0.0,0.0,0.0,0.0,0.0,0.0,0.0,0.0,0.0,0.0,0.0,0.0,0.0,0.0,0.0,0.0,0.0,0.0,0.0,0.45024265084010573,0.0,0.0,0.0,0.0,0.1968012272527327,0.17444912124321862,0.0,0.0,0.0,0.0,0.0,0.0,0.0,0.0,0.0,0.0,0.0,0.0,0.0,0.22199147668251987,0.0,0.0,0.0,0.0,0.0,0.0,0.0,0.0,0.30005579609138056,0.0,0.0,0.16026119967853175,0.0,0.0,0.0,0.0,0.0,0.0,0.0,0.0,0.0,0.0,0.0,0.0,0.0,0.0,0.0
6248995ca509223d8941ef0f7348b8a31dc71a453e5b5e85d3ae871abc2cfba1,0.0,0.0,0.0,0.0,0.0,0.0,0.0,0.0,0.0,0.0,0.0,0.0,0.0,0.0,0.0,0.0,0.0,0.0,0.0,0.0,0.6156699889715287,0.0,0.0,0.0,0.0,0.0,0.0,0.0,0.0,0.0,0.0,0.0,0.0,0.0,0.0,0.0,0.0,0.0,0.0,0.0,0.0,0.0,0.0,0.376838483804304,0.0,0.0,0.0,0.0,0.0,0.0,0.0,0.0,0.0,0.0,0.0,0.0,0.0,0.0,0.0,0.0,0.0,0.0,0.0,0.0,0.0,0.0,0.0,0.3559646717528298,0.0,0.0,0.0,0.0,0.0,0.0,0.0,0.0,0.0,0.0,0.0,0.0,0.0,0.0,0.0,0.0,0.0,0.0,0.0,0.0,0.0,0.0,0.0,0.0,0.0,0.0,0.0,0.0,0.0,0.0,0.0,0.0,0.0,0.0,0.0,0.0,0.0,0.0,0.0,0.0,0.0,0.0,0.0,0.0,0.0,0.0,0.0,0.0,0.0,0.0,0.27680775585620115,0.0,0.0,0.0,0.0,0.0,0.0,0.0,0.0,0.0,0.0,0.0,0.0,0.0,0.0,0.3122387158733497,0.0,0.0,0.0,0.0,0.0,0.0,0.0,0.0,0.42203889024044516,0.0,0.0,0.0,0.0,0.0,0.0,0.0,0.0,0.0,0.0,0.0,0.0,0.0,0.0,0.0,0.0,0.0,0.0
2441721595344866251f220536f40eb877df6f30e392c13156712c55598717a0,0.0,0.0,0.0,0.0,0.0,0.0,0.0,0.0,0.0,0.5745922464669334,0.0,0.0,0.0,0.0,0.0,0.0,0.0,0.0,0.0,0.0,0.0,0.0,0.0,0.0,0.0,0.0,0.0,0.0,0.6073315084941376,0.0,0.0,0.0,0.0,0.0,0.0,0.0,0.0,0.0,0.0,0.0,0.0,0.0,0.25441848015022783,0.0,0.0,0.0,0.0,0.0,0.0,0.0,0.0,0.0,0.0,0.0,0.0,0.0,0.0,0.0,0.0,0.0,0.0,0.0,0.0,0.0,0.0,0.0,0.0,0.0,0.0,0.0,0.0,0.0,0.0,0.0,0.0,0.13163950461893406,0.0,0.0,0.0,0.0,0.0,0.0,0.0,0.0,0.0,0.0,0.0,0.0,0.0,0.0,0.0,0.0,0.0,0.0,0.0,0.0,0.0,0.0,0.0,0.1692771758482268,0.0,0.0,0.1859445464631524,0.0,0.0,0.0,0.0,0.0,0.0,0.0,0.0,0.0,0.0,0.0,0.0,0.0,0.0,0.0,0.0,0.0,0.0,0.0,0.0,0.0,0.0,0.0,0.25136163632052266,0.0,0.0,0.0,0.0,0.0,0.0,0.0,0.0,0.0,0.0,0.0,0.0,0.0,0.0,0.0,0.26830260632037517,0.0,0.0,0.14330167297513277,0.0,0.0,0.0,0.0,0.0,0.0,0.0,0.0,0.0,0.0,0.0,0.0,0.0,0.0,0.0
5a5d64bb6b478e02a7bed40b6796af0c0d4d96dc8b95bca2a29c8fa01c1ae855,0.0,0.0,0.0,0.0,0.0,0.0,0.0,0.0,0.0,0.0,0.0,0.0,0.0,0.0,0.0,0.0,0.0,0.0,0.0,0.5250798630672486,0.45596193165193144,0.0,0.0,0.0,0.0,0.0,0.0,0.0,0.0,0.0,0.0,0.0,0.0,0.0,0.0,0.0,0.0,0.0,0.0,0.0,0.0,0.0,0.0,0.0,0.0,0.0,0.0,0.3364711005283502,0.0,0.0,0.0,0.0,0.0,0.0,0.0,0.0,0.0,0.0,0.0,0.0,0.0,0.0,0.0,0.0,0.0,0.0,0.0,0.0,0.0,0.0,0.0,0.0,0.0,0.0,0.0,0.15335375720544903,0.0,0.0,0.0,0.1403067481999069,0.0,0.0,0.0,0.0,0.0,0.0,0.0,0.0,0.0,0.0,0.0,0.0,0.0,0.0,0.0,0.0,0.0,0.0,0.0,0.1971998527387293,0.0,0.0,0.2166165461844664,0.0,0.0,0.0,0.0,0.0,0.0,0.0,0.0,0.0,0.0,0.0,0.0,0.0,0.0,0.0,0.0,0.0,0.2166165461844664,0.0,0.0,0.0,0.0,0.0,0.0,0.0,0.4465104890054922,0.0,0.0,0.0,0.0,0.0,0.0,0.0,0.0,0.0,0.0,0.0,0.0,0.0,0.0,0.0,0.0,0.16693962825352596,0.0,0.0,0.0,0.0,0.0,0.0,0.0,0.0,0.0,0.0,0.0,0.0,0.0,0.0,0.0
bdc9b4576df059ca895dc4f4d5491059ed86f74fa9b99ce5e9465476c4f6d9b8,0.0,0.0,0.0,0.0,0.0,0.0,0.0,0.0,0.0,0.0,0.0,0.0,0.2505570669651339,0.0,0.0,0.0,0.0,0.0,0.0,0.0,0.0,0.0,0.0,0.0,0.0,0.0,0.0,0.0,0.0,0.0,0.0,0.0,0.0,0.0,0.41018702833595405,0.0,0.0,0.0,0.0,0.0,0.0,0.0,0.0,0.0,0.0,0.0,0.0,0.522633667641386,0.0,0.0,0.0,0.0,0.0,0.0,0.0,0.0,0.0,0.0,0.0,0.0,0.0,0.0,0.0,0.0,0.0,0.0,0.0,0.0,0.0,0.0,0.0,0.0,0.0,0.0,0.0,0.0,0.0,0.0,0.0,0.0,0.0,0.0,0.0,0.0,0.0,0.0,0.0,0.0,0.0,0.0,0.0,0.0,0.0,0.0,0.0,0.0,0.0,0.0,0.0,0.0,0.0,0.0,0.3364660436703938,0.0,0.0,0.0,0.0,0.0,0.0,0.0,0.0,0.0,0.0,0.0,0.0,0.0,0.0,0.0,0.0,0.28226007544063564,0.0,0.0,0.0,0.0,0.0,0.0,0.0,0.0,0.0,0.0,0.0,0.0,0.0,0.0,0.0,0.0,0.0,0.0,0.0,0.0,0.0,0.0,0.48549268140521157,0.0,0.0,0.2593039047092797,0.0,0.0,0.0,0.0,0.0,0.0,0.0,0.0,0.0,0.0,0.0,0.0,0.0,0.0,0.0
d71a7b1efc4a06afffd94f526ad496368a9c4489296076449c74eec2d76ee4ca,0.0,0.3629090870897545,0.0,0.0,0.0,0.0,0.0,0.0,0.0,0.0,0.0,0.0,0.1694849894042881,0.0,0.0,0.0,0.0,0.0,0.0,0.0,0.0,0.0,0.0,0.0,0.0,0.0,0.0,0.0,0.0,0.0,0.0,0.0,0.0,0.0,0.0,0.0,0.0,0.0,0.0,0.0,0.0,0.0,0.0,0.0,0.0,0.0,0.0,0.0,0.0,0.0,0.0,0.0,0.0,0.0,0.0,0.4740054638910959,0.0,0.0,0.0,0.0,0.0,0.0,0.0,0.0,0.32767469142607647,0.0,0.0,0.2769884736055795,0.0,0.0,0.0,0.0,0.0,0.0,0.0,0.1611271106451502,0.0,0.0,0.0,0.0,0.0,0.0,0.0,0.0,0.0,0.0,0.0,0.0,0.0,0.0,0.0,0.0,0.0,0.0,0.0,0.0,0.0,0.0,0.0,0.0,0.0,0.0,0.22759662913165735,0.0,0.3865916937334267,0.0,0.0,0.0,0.0,0.0,0.0,0.0,0.0,0.0,0.0,0.0,0.21177177589122648,0.1958685433577375,0.0,0.0,0.22759662913165735,0.0,0.0,0.0,0.0,0.0,0.0,0.0,0.0,0.0,0.0,0.0,0.0,0.0,0.0,0.0,0.0,0.0,0.0,0.0,0.0,0.0,0.0,0.2618587962819795,0.0,0.0,0.0,0.0,0.0,0.0,0.0,0.0,0.0,0.0,0.0,0.0,0.0,0.0,0.0,0.0,0.0
5a470ca467d4dd545901e059df5ff7960d65c7492255c728f4c382c5f9ca1a36,0.0,0.0,0.0,0.0,0.0,0.0,0.0,0.0,0.0,0.0,0.0,0.0,0.0,0.0,0.0,0.0,0.0,0.0,0.0,0.0,0.0,0.0,0.0,0.0,0.0,0.0,0.3951650547416623,0.0,0.0,0.0,0.0,0.0,0.0,0.0,0.0,0.0,0.0,0.0,0.0,0.0,0.0,0.0,0.34541169271852856,0.0,0.3650744361992582,0.0,0.0,0.0,0.0,0.0,0.0,0.0,0.0,0.0,0.0,0.0,0.0,0.0,0.362650485878725,0.0,0.0,0.0,0.0,0.0,0.0,0.0,0.0,0.0,0.0,0.0,0.0,0.0,0.0,0.0,0.0,0.0,0.0,0.3035992128306692,0.0,0.16351543687518824,0.0,0.0,0.0,0.0,0.0,0.0,0.0,0.0,0.0,0.0,0.0,0.0,0.0,0.0,0.0,0.0,0.0,0.0,0.0,0.22981945263497672,0.0,0.0,0.0,0.0,0.0,0.0,0.0,0.0,0.0,0.0,0.0,0.0,0.0,0.0,0.0,0.0,0.0,0.0,0.0,0.2117776078464811,0.0,0.0,0.0,0.0,0.0,0.0,0.0,0.0,0.0,0.0,0.0,0.0,0.0,0.2694930393406007,0.0,0.0,0.0,0.0,0.0,0.0,0.0,0.0,0.3642615007966071,0.0,0.0,0.1945537659155508,0.0,0.0,0.0,0.0,0.0,0.0,0.0,0.0,0.0,0.0,0.0,0.0,0.0,0.0,0.0
d71902d94f791bc465df2e02f65b2c45f1abce409d173a040df1dcdb64e5d2f7,0.0,0.0,0.0,0.0,0.0,0.0,0.0,0.0,0.0,0.0,0.15154963945263797,0.0,0.09871445028159466,0.0,0.0,0.0,0.0,0.0,0.0,0.0,0.0,0.14426512646746475,0.0,0.0,0.0,0.0,0.0,0.3271122700103187,0.0,0.0,0.0,0.0,0.0,0.0,0.0,0.0,0.0,0.0,0.0,0.0,0.0,0.2853413026469585,0.0,0.1707888592310483,0.0,0.0,0.0,0.0,0.0,0.0,0.0,0.0,0.0,0.0,0.0,0.0,0.0,0.0,0.19042841532938518,0.0,0.0,0.0,0.0,0.0,0.0,0.0,0.0,0.0,0.0,0.0,0.0,0.0,0.0,0.0,0.2960342386103517,0.0938465064587912,0.1998714656243396,0.15942048679324478,0.0,0.08586224681482202,0.0,0.0,0.0,0.0,0.0,0.0,0.0,0.0,0.0,0.0,0.0,0.0,0.4965300142515484,0.0,0.0,0.0,0.0,0.0,0.0,0.12067860345230753,0.0,0.0,0.0,0.0,0.0,0.0,0.15782577798961553,0.0,0.0,0.0,0.0,0.0,0.0,0.287012872154133,0.0,0.0,0.12334386965911785,0.11408122721059423,0.0,0.11120479865547381,0.13256086105113857,0.0,0.0,0.0,0.0,0.0,0.0,0.0,0.0,0.0,0.0,0.0,0.0,0.1415112744150356,0.0,0.0,0.0,0.0,0.0,0.0,0.0,0.0,0.0,0.0,0.0,0.10216052861446326,0.21080567758003765,0.0,0.0,0.0,0.0,0.0,0.0,0.0,0.14826816651609911,0.0,0.0,0.0,0.0,0.0,0.0
4e2554b448424859b508433e6c4a043718343febc7894a849f446dd197b47d1e,0.0,0.1984589171572743,0.23371595815878105,0.0,0.0,0.0,0.0,0.0,0.0,0.0,0.0,0.0,0.09268383919873664,0.0,0.0,0.0,0.0,0.18161823654533457,0.0,0.0,0.0,0.13545175752236294,0.0,0.0,0.0,0.0,0.0,0.0,0.0,0.0,0.0,0.0,0.0,0.0,0.0,0.3268157687248558,0.0,0.0,0.0,0.0,0.0,0.0,0.17029574954848783,0.0,0.0,0.0,0.0,0.1933279926934201,0.0,0.0,0.21973555375551362,0.0,0.26637686326349874,0.0,0.0,0.0,0.0,0.0,0.0,0.0,0.1346451953966128,0.0,0.0,0.18811488644038998,0.17919078566412402,0.0,0.0,0.0,0.0,0.0,0.0,0.0,0.0,0.0,0.0,0.08811328523005064,0.0,0.0,0.0,0.0806167957611671,0.0,0.0,0.0,0.0,0.2920314788381029,0.2727359649357705,0.0,0.0,0.0,0.0,0.0,0.0,0.0,0.0,0.0,0.0,0.0,0.0,0.0,0.0,0.0,0.0,0.0,0.0,0.0,0.0,0.0,0.0,0.0,0.0,0.0,0.0,0.0,0.0,0.18631810878485122,0.0,0.0,0.10711183710408288,0.11778929652945618,0.10441113380371568,0.12446252290988623,0.0,0.2034499670776356,0.2779490711888007,0.0,0.0,0.0,0.0,0.0,0.0,0.0,0.0,0.0,0.0,0.0,0.0,0.0,0.0,0.0,0.0,0.0,0.0,0.0,0.0,0.0,0.09591939153336171,0.0,0.0,0.0,0.0,0.0,0.0,0.0,0.0,0.13921024596164774,0.0,0.0,0.24577411066177907,0.0,0.0,0.0
4f238c7e73db474d3eefe101a8fb04099da84ed09d79948a484552eae71a1d07,0.0,0.0,0.0,0.0,0.0,0.0,0.0,0.0,0.0,0.0,0.0,0.0,0.0,0.0,0.0,0.0,0.0,0.0,0.0,0.0,0.0,0.0,0.0,0.0,0.0,0.0,0.0,0.0,0.0,0.0,0.0,0.0,0.0,0.0,0.346960457906147,0.0,0.0,0.0,0.0,0.0,0.0,0.0,0.0,0.0,0.0,0.0,0.0,0.0,0.0,0.0,0.0,0.0,0.0,0.0,0.0,0.0,0.0,0.0,0.0,0.0,0.30788714923889043,0.0,0.0,0.4301539014810349,0.0,0.0,0.0,0.3463659353266811,0.0,0.0,0.0,0.0,0.0,0.0,0.0,0.20148471038748994,0.0,0.0,0.0,0.1843428230362538,0.0,0.0,0.0,0.0,0.0,0.0,0.0,0.0,0.0,0.0,0.0,0.0,0.0,0.0,0.0,0.0,0.0,0.0,0.0,0.0,0.0,0.0,0.0,0.0,0.0,0.0,0.3388456573381492,0.0,0.0,0.0,0.0,0.0,0.0,0.0,0.0,0.0,0.0,0.2449278496612892,0.0,0.0,0.284602887261798,0.0,0.0,0.0,0.0,0.0,0.0,0.0,0.0,0.0,0.0,0.0,0.0,0.0,0.0,0.0,0.0,0.0,0.0,0.0,0.0,0.0,0.0,0.0,0.0,0.21933458471314032,0.0,0.0,0.0,0.0,0.0,0.0,0.0,0.0,0.31832584629347066,0.0,0.0,0.0,0.0,0.0,0.0
5a96b929383817aa298eec8cca019bcd984fcd71dd8ee353541392c1082756a4,0.0,0.0,0.0,0.0,0.0,0.0,0.0,0.0,0.0,0.0,0.0,0.0,0.0,0.0,0.0,0.0,0.0,0.5405803754581913,0.0,0.0,0.0,0.0,0.0,0.0,0.0,0.0,0.0,0.0,0.0,0.0,0.0,0.0,0.0,0.0,0.0,0.0,0.0,0.0,0.0,0.0,0.0,0.0,0.0,0.0,0.0,0.0,0.0,0.0,0.0,0.0,0.0,0.0,0.0,0.0,0.0,0.0,0.0,0.0,0.0,0.0,0.40076674934003054,0.0,0.0,0.0,0.0,0.0,0.0,0.0,0.0,0.0,0.0,0.0,0.0,0.0,0.0,0.0,0.0,0.0,0.0,0.0,0.0,0.0,0.0,0.0,0.0,0.0,0.0,0.0,0.0,0.0,0.0,0.0,0.0,0.0,0.0,0.0,0.0,0.0,0.0,0.33725188087840335,0.0,0.0,0.37045837821636074,0.0,0.0,0.0,0.4410644385616428,0.0,0.0,0.0,0.0,0.0,0.0,0.0,0.0,0.0,0.0,0.3188146643153229,0.0,0.0,0.0,0.0,0.0,0.0,0.0,0.0,0.0,0.0,0.0,0.0,0.0,0.0,0.0,0.0,0.0,0.0,0.0,0.0,0.0,0.0,0.0,0.0,0.0,0.0,0.0,0.0,0.0,0.0,0.0,0.0,0.0,0.0,0.0,0.0,0.0,0.0,0.0,0.0,0.0,0.0,0.0
5bd70163b5ee71238d37ffa0ff179e6a42fc28ff5e218c11502e8341b031b951,0.0,0.0,0.0,0.0,0.0,0.0,0.0,0.0,0.0,0.0,0.1163275096224679,0.0,0.07577191345676243,0.0,0.0,0.0,0.0,0.0,0.0,0.0,0.0,0.11073601328213808,0.2488209875451595,0.0,0.0,0.0,0.0,0.0,0.0,0.0,0.0,0.0,0.0,0.0,0.0,0.0,0.0,0.0,0.0,0.0,0.0,0.0,0.1392220575711585,0.13109528163423328,0.0,0.0,0.0,0.0,0.0,0.0,0.0,0.34422326736757086,0.21777134832326614,0.0,0.0,0.0,0.0,0.0,0.0,0.0,0.11007662372600634,0.0,0.0,0.0,0.14649402550618926,0.29036055035559616,0.0,0.1238336605756762,0.0,0.0,0.0,0.2406132305642345,0.0,0.0,0.0,0.0720353438157256,0.0,0.0,0.0,0.06590673114520605,0.0,0.0,0.0,0.0,0.0,0.22297011119001517,0.0,0.0,0.15805163076730966,0.0,0.0,0.0,0.0,0.0,0.0,0.0,0.0,0.0,0.0,0.0,0.0,0.0,0.0,0.0,0.0,0.0,0.0,0.0,0.0,0.0,0.0,0.0,0.0,0.0,0.0,0.0,0.0946771317732337,0.08756724927894476,0.09629640355774706,0.08535934055918376,0.0,0.0,0.16632665879466393,0.0,0.1195554691973941,0.0,0.1375493013806728,0.0,0.2097407796129009,0.0,0.0,0.0,0.0,0.10862219267336047,0.0,0.0,0.34422326736757086,0.0,0.0,0.0,0.0,0.0,0.0,0.0,0.0,0.07841707785223319,0.0,0.17556525264883657,0.0,0.0,0.3323419831390485,0.0,0.0,0.0,0.11380869416385123,0.0,0.0,0.0,0.0,0.0,0.0
5be6173ef3d97650723e229a1a498e6a057fa99b3e8268f40cc2d922f9f9df28,0.0,0.0,0.0,0.0,0.0,0.0,0.0,0.0,0.0,0.0,0.0,0.0,0.0,0.0,0.0,0.0,0.0,0.0,0.0,0.0,0.0,0.0,0.0,0.0,0.0,0.0,0.0,0.0,0.0,0.0,0.0,0.0,0.0,0.0,0.3350210014409721,0.0,0.0,0.0,0.0,0.0,0.0,0.0,0.0,0.0,0.0,0.0,0.0,0.0,0.0,0.0,0.0,0.0,0.0,0.0,0.0,0.0,0.0,0.0,0.0,0.0,0.297292266938156,0.0,0.0,0.41535162743790116,0.0,0.0,0.0,0.33444693732094544,0.0,0.0,0.0,0.0,0.0,0.0,0.0,0.19455130378955268,0.0,0.0,0.0,0.17799929581245658,0.0,0.0,0.0,0.0,0.0,0.0,0.0,0.0,0.0,0.0,0.0,0.0,0.0,0.0,0.0,0.0,0.0,0.0,0.0,0.0,0.0,0.0,0.0,0.0,0.0,0.0,0.32718544395643656,0.0,0.0,0.0,0.0,0.0,0.0,0.0,0.0,0.0,0.0,0.23649949613712223,0.26007498361262454,0.0,0.2748092531317541,0.0,0.0,0.0,0.0,0.0,0.0,0.0,0.0,0.0,0.0,0.0,0.0,0.0,0.0,0.0,0.0,0.0,0.0,0.0,0.0,0.0,0.0,0.0,0.0,0.21178693579287597,0.0,0.0,0.0,0.0,0.0,0.0,0.0,0.0,0.3073717519667076,0.0,0.0,0.0,0.0,0.0,0.0
5db51c8351fec16e636759570d5ce125cf1f8f1fea8b1e7084da967a66567e65,0.0,0.0,0.0,0.0,0.0,0.0,0.0,0.0,0.0,0.0,0.0,0.0,0.0,0.0,0.0,0.0,0.0,0.0,0.0,0.0,0.0,0.0,0.0,0.0,0.0,0.0,0.0,0.0,0.0,0.0,0.0,0.0,0.0,0.0,0.346960457906147,0.0,0.0,0.0,0.0,0.0,0.0,0.0,0.0,0.0,0.0,0.0,0.0,0.0,0.0,0.0,0.0,0.0,0.0,0.0,0.0,0.0,0.0,0.0,0.0,0.0,0.30788714923889043,0.0,0.0,0.4301539014810349,0.0,0.0,0.0,0.3463659353266811,0.0,0.0,0.0,0.0,0.0,0.0,0.0,0.20148471038748994,0.0,0.0,0.0,0.1843428230362538,0.0,0.0,0.0,0.0,0.0,0.0,0.0,0.0,0.0,0.0,0.0,0.0,0.0,0.0,0.0,0.0,0.0,0.0,0.0,0.0,0.0,0.0,0.0,0.0,0.0,0.0,0.3388456573381492,0.0,0.0,0.0,0.0,0.0,0.0,0.0,0.0,0.0,0.0,0.2449278496612892,0.0,0.0,0.284602887261798,0.0,0.0,0.0,0.0,0.0,0.0,0.0,0.0,0.0,0.0,0.0,0.0,0.0,0.0,0.0,0.0,0.0,0.0,0.0,0.0,0.0,0.0,0.0,0.0,0.21933458471314032,0.0,0.0,0.0,0.0,0.0,0.0,0.0,0.0,0.31832584629347066,0.0,0.0,0.0,0.0,0.0,0.0
5f1cae348c31c954f11e1b846cbcd7ad139c537e1025a5e4a3d314208e329a3c,0.0,0.0,0.0,0.0,0.0,0.0,0.0,0.0,0.0,0.0,0.0,0.0,0.13037976052501554,0.0,0.0,0.0,0.0,0.2554851244021311,0.0,0.0,0.0,0.0,0.0,0.0,0.0,0.0,0.0,0.0,0.0,0.0,0.0,0.0,0.0,0.0,0.0,0.0,0.0,0.0,0.0,0.0,0.0,0.0,0.23955761043682053,0.22557397122066974,0.0,0.0,0.0,0.27195741574863086,0.0,0.0,0.0,0.0,0.0,0.0,0.0,0.0,0.0,0.0,0.0,0.0,0.0,0.0,0.0,0.0,0.0,0.0,0.0,0.0,0.0,0.0,0.0,0.0,0.0,0.0,0.0,0.12395029302501083,0.26398560443327534,0.21055888810191822,0.0,0.11340486773640605,0.0,0.0,0.0,0.0,0.0,0.0,0.0,0.0,0.0,0.0,0.0,0.0,0.0,0.0,0.0,0.0,0.0,0.0,0.0,0.1593895055255025,0.0,0.0,0.1750833162676263,0.0,0.0,0.0,0.0,0.0,0.0,0.0,0.0,0.0,0.0,0.0,0.0,0.0,0.16290972742602536,0.0,0.0,0.14687672348449032,0.1750833162676263,0.0,0.0,0.0,0.2057175638346106,0.0,0.0,0.0,0.3608982718097049,0.0,0.0,0.0,0.0,0.0,0.0,0.0,0.0,0.0,0.0,0.0,0.0,0.0,0.25263074917406897,0.0,0.0,0.0,0.0,0.0,0.47120389340732316,0.0,0.0,0.0,0.0,0.0,0.0,0.0,0.0,0.0,0.0,0.0,0.0
5f4d8d2a980566724b1c3ec3f6722dda43a24dd395412f32f94feea8bb806d17,0.0,0.2251340256751688,0.2651300091651591,0.0,0.0,0.0,0.0,0.0,0.0,0.0,0.0,0.0,0.0,0.0,0.0,0.0,0.0,0.0,0.0,0.0,0.0,0.0,0.0,0.0,0.0,0.0,0.0,0.0,0.0,0.0,0.0,0.0,0.0,0.0,0.17212731745995866,0.0,0.0,0.0,0.0,0.0,0.0,0.0,0.0,0.0,0.0,0.3195315925298955,0.0,0.0,0.0,0.0,0.2492704813144647,0.0,0.0,0.0,0.0,0.0,0.0,0.0,0.0,0.0,0.15274302264501724,0.0,0.0,0.21339964099567238,0.20327604079634515,0.0,0.0,0.0,0.0,0.0,0.0,0.0,0.0,0.0,0.0,0.09995670088023847,0.0,0.0,0.0,0.09145259898985185,0.0,0.0,0.0,0.0,0.33128379110620937,0.30939474331471767,0.0,0.0,0.0,0.0,0.0,0.0,0.0,0.0,0.0,0.0,0.0,0.0,0.0,0.0,0.0,0.0,0.0,0.0,0.0,0.0,0.0,0.0,0.0,0.0,0.0,0.0,0.0,0.0,0.2113613562331184,0.0,0.0,0.12150887160991045,0.13362150156300323,0.11844516343859134,0.14119168455496908,0.0,0.23079592878847766,0.0,0.0,0.0,0.0,0.0,0.0,0.0,0.0,0.0,0.0,0.0,0.0,0.0,0.0,0.0,0.0,0.0,0.0,0.0,0.0,0.0,0.3153085496270185,0.10881203558671586,0.22453089467935036,0.0,0.0,0.0,0.0,0.0,0.0,0.0,0.15792166730275542,0.0,0.0,0.0,0.0,0.0,0.0
5f56d5748940e4039053f85978074bde16d64bd5ba97f6f0026ba8172cb29e93,0.0,0.0,0.0,0.0,0.0,0.0,0.0,0.0,0.0,0.0,0.0,0.0,0.0,0.0,0.0,0.0,0.0,0.0,0.0,0.0,0.0,0.0,0.0,0.0,0.0,0.0,0.0,0.0,0.0,0.0,0.0,0.0,0.0,0.0,0.0,0.0,0.0,0.0,0.0,0.0,0.0,0.0,0.32466879770772794,0.0,0.0,0.0,0.0,0.0,0.0,0.0,0.0,0.0,0.0,0.0,0.0,0.0,0.0,0.0,0.0,0.0,0.0,0.0,0.0,0.0,0.0,0.0,0.0,0.2887827288021678,0.0,0.0,0.0,0.0,0.0,0.0,0.0,0.0,0.0,0.0,0.0,0.0,0.0,0.0,0.0,0.0,0.0,0.0,0.0,0.0,0.0,0.0,0.0,0.0,0.0,0.0,0.0,0.0,0.0,0.0,0.0,0.0,0.0,0.0,0.23728776425695658,0.0,0.0,0.0,0.0,0.0,0.0,0.0,0.0,0.0,0.0,0.0,0.0,0.0,0.0,0.0,0.2245652600752017,0.19905979667273552,0.0,0.0,0.0,0.0,0.0,0.0,0.0,0.0,0.0,0.0,0.0,0.0,0.0,0.2533092623028647,0.7750285692941078,0.0,0.0,0.0,0.0,0.0,0.0,0.0,0.0,0.0,0.0,0.0,0.0,0.0,0.0,0.0,0.0,0.0,0.0,0.0,0.0,0.0,0.0,0.0,0.0,0.0,0.0
5f57eb74bdc82cff74875087c7b7e535cba2cf7b08bbb4cefad986287f95849d,0.0,0.0,0.0,0.0,0.0,0.0,0.0,0.0,0.0,0.0,0.0,0.0,0.0,0.0,0.0,0.0,0.0,0.0,0.0,0.0,0.0,0.0,0.0,0.0,0.0,0.0,0.0,0.0,0.0,0.0,0.0,0.0,0.0,0.0,0.346960457906147,0.0,0.0,0.0,0.0,0.0,0.0,0.0,0.0,0.0,0.0,0.0,0.0,0.0,0.0,0.0,0.0,0.0,0.0,0.0,0.0,0.0,0.0,0.0,0.0,0.0,0.30788714923889043,0.0,0.0,0.4301539014810349,0.0,0.0,0.0,0.3463659353266811,0.0,0.0,0.0,0.0,0.0,0.0,0.0,0.20148471038748994,0.0,0.0,0.0,0.1843428230362538,0.0,0.0,0.0,0.0,0.0,0.0,0.0,0.0,0.0,0.0,0.0,0.0,0.0,0.0,0.0,0.0,0.0,0.0,0.0,0.0,0.0,0.0,0.0,0.0,0.0,0.0,0.3388456573381492,0.0,0.0,0.0,0.0,0.0,0.0,0.0,0.0,0.0,0.0,0.2449278496612892,0.0,0.0,0.284602887261798,0.0,0.0,0.0,0.0,0.0,0.0,0.0,0.0,0.0,0.0,0.0,0.0,0.0,0.0,0.0,0.0,0.0,0.0,0.0,0.0,0.0,0.0,0.0,0.0,0.21933458471314032,0.0,0.0,0.0,0.0,0.0,0.0,0.0,0.0,0.31832584629347066,0.0,0.0,0.0,0.0,0.0,0.0
d6673bf9b292d3f876c922f011d4bd8f7ec1025f797b67d04426ce176084f249,0.0,0.0,0.0,0.0,0.0,0.0,0.0,0.0,0.0,0.0,0.33190427143019346,0.0,0.21619152522354892,0.0,0.0,0.0,0.0,0.0,0.0,0.0,0.0,0.0,0.0,0.0,0.0,0.0,0.0,0.0,0.0,0.0,0.0,0.0,0.0,0.0,0.0,0.0,0.0,0.0,0.0,0.0,0.0,0.0,0.3972267242300092,0.0,0.0,0.0,0.0,0.0,0.0,0.0,0.0,0.0,0.0,0.0,0.0,0.0,0.0,0.0,0.0,0.0,0.0,0.0,0.0,0.0,0.0,0.0,0.0,0.0,0.0,0.0,0.0,0.0,0.0,0.0,0.0,0.20553038901955534,0.0,0.0,0.0,0.18804430400073047,0.0,0.0,0.0,0.0,0.0,0.0,0.0,0.0,0.0,0.0,0.0,0.0,0.0,0.0,0.0,0.0,0.0,0.0,0.0,0.0,0.0,0.0,0.29031752346126355,0.0,0.0,0.0,0.0,0.0,0.0,0.0,0.0,0.0,0.0,0.0,0.0,0.0,0.27013167000891636,0.0,0.27475175706855176,0.2435462585763606,0.0,0.0,0.0,0.0,0.0,0.0,0.39245403609729373,0.0,0.0,0.0,0.0,0.0,0.0,0.0,0.0,0.0,0.0,0.0,0.0,0.0,0.0,0.0,0.0,0.33402163082633096,0.0,0.22373867691914617,0.0,0.0,0.0,0.0,0.0,0.0,0.0,0.0,0.0,0.0,0.0,0.0,0.0,0.0,0.0
5fb7a496e9f7907ca6629b3aaa93a6ed5b4cde34e558d7c3621602d9349cad80,0.0,0.0,0.0,0.0,0.0,0.0,0.0,0.0,0.0,0.0,0.0,0.0,0.0,0.0,0.0,0.0,0.0,0.0,0.0,0.0,0.0,0.0,0.0,0.0,0.0,0.0,0.0,0.0,0.0,0.0,0.0,0.0,0.0,0.0,0.346960457906147,0.0,0.0,0.0,0.0,0.0,0.0,0.0,0.0,0.0,0.0,0.0,0.0,0.0,0.0,0.0,0.0,0.0,0.0,0.0,0.0,0.0,0.0,0.0,0.0,0.0,0.30788714923889043,0.0,0.0,0.4301539014810349,0.0,0.0,0.0,0.3463659353266811,0.0,0.0,0.0,0.0,0.0,0.0,0.0,0.20148471038748994,0.0,0.0,0.0,0.1843428230362538,0.0,0.0,0.0,0.0,0.0,0.0,0.0,0.0,0.0,0.0,0.0,0.0,0.0,0.0,0.0,0.0,0.0,0.0,0.0,0.0,0.0,0.0,0.0,0.0,0.0,0.0,0.3388456573381492,0.0,0.0,0.0,0.0,0.0,0.0,0.0,0.0,0.0,0.0,0.2449278496612892,0.0,0.0,0.284602887261798,0.0,0.0,0.0,0.0,0.0,0.0,0.0,0.0,0.0,0.0,0.0,0.0,0.0,0.0,0.0,0.0,0.0,0.0,0.0,0.0,0.0,0.0,0.0,0.0,0.21933458471314032,0.0,0.0,0.0,0.0,0.0,0.0,0.0,0.0,0.31832584629347066,0.0,0.0,0.0,0.0,0.0,0.0
5fe9d5029550e3e4c3101945b39311b73bcb91e10ba8d68edb9d1c7c8a13fb29,0.0,0.0,0.0,0.0,0.0,0.0,0.0,0.0,0.0,0.0,0.0,0.0,0.0,0.0,0.0,0.0,0.0,0.0,0.0,0.0,0.0,0.0,0.0,0.0,0.0,0.0,0.0,0.0,0.0,0.0,0.0,0.0,0.0,0.0,0.346960457906147,0.0,0.0,0.0,0.0,0.0,0.0,0.0,0.0,0.0,0.0,0.0,0.0,0.0,0.0,0.0,0.0,0.0,0.0,0.0,0.0,0.0,0.0,0.0,0.0,0.0,0.30788714923889043,0.0,0.0,0.4301539014810349,0.0,0.0,0.0,0.3463659353266811,0.0,0.0,0.0,0.0,0.0,0.0,0.0,0.20148471038748994,0.0,0.0,0.0,0.1843428230362538,0.0,0.0,0.0,0.0,0.0,0.0,0.0,0.0,0.0,0.0,0.0,0.0,0.0,0.0,0.0,0.0,0.0,0.0,0.0,0.0,0.0,0.0,0.0,0.0,0.0,0.0,0.3388456573381492,0.0,0.0,0.0,0.0,0.0,0.0,0.0,0.0,0.0,0.0,0.2449278496612892,0.0,0.0,0.284602887261798,0.0,0.0,0.0,0.0,0.0,0.0,0.0,0.0,0.0,0.0,0.0,0.0,0.0,0.0,0.0,0.0,0.0,0.0,0.0,0.0,0.0,0.0,0.0,0.0,0.21933458471314032,0.0,0.0,0.0,0.0,0.0,0.0,0.0,0.0,0.31832584629347066,0.0,0.0,0.0,0.0,0.0,0.0
6b7d70ca7d02133afbc24eeb585f2921bc35c01b23b90a66f515290c49cf0952,0.0,0.0,0.0,0.0,0.0,0.0,0.0,0.0,0.0,0.0,0.0,0.0,0.0,0.0,0.0,0.0,0.0,0.5256590876082348,0.0,0.0,0.0,0.0,0.0,0.0,0.0,0.0,0.0,0.0,0.0,0.0,0.0,0.0,0.0,0.0,0.0,0.0,0.0,0.0,0.0,0.0,0.0,0.0,0.0,0.0,0.0,0.0,0.0,0.0,0.0,0.0,0.0,0.0,0.0,0.0,0.0,0.0,0.0,0.0,0.0,0.0,0.38970464590624343,0.0,0.0,0.0,0.0,0.0,0.0,0.0,0.0,0.0,0.0,0.0,0.0,0.0,0.0,0.0,0.0,0.0,0.0,0.23332982475653868,0.0,0.0,0.0,0.0,0.0,0.0,0.0,0.0,0.0,0.0,0.0,0.0,0.0,0.0,0.0,0.0,0.0,0.0,0.0,0.32794293697110627,0.0,0.0,0.3602328570011129,0.0,0.0,0.0,0.4288900242711137,0.0,0.0,0.0,0.0,0.0,0.0,0.0,0.0,0.0,0.0,0.31001463088272907,0.0,0.0,0.0,0.0,0.0,0.0,0.0,0.0,0.0,0.0,0.0,0.0,0.0,0.0,0.0,0.0,0.0,0.0,0.0,0.0,0.0,0.0,0.0,0.0,0.0,0.0,0.0,0.0,0.0,0.0,0.0,0.0,0.0,0.0,0.0,0.0,0.0,0.0,0.0,0.0,0.0,0.0,0.0
6b049235b839482091a7f9aa2e283791b720dee4033bf20d98eb1b68561ee7a8,0.0,0.0,0.0,0.0,0.0,0.0,0.0,0.0,0.0,0.0,0.0,0.0,0.0,0.0,0.0,0.0,0.0,0.0,0.0,0.0,0.0,0.0,0.0,0.0,0.0,0.0,0.0,0.0,0.0,0.0,0.0,0.0,0.0,0.0,0.3350210014409721,0.0,0.0,0.0,0.0,0.0,0.0,0.0,0.0,0.0,0.0,0.0,0.0,0.0,0.0,0.0,0.0,0.0,0.0,0.0,0.0,0.0,0.0,0.0,0.0,0.0,0.297292266938156,0.0,0.0,0.41535162743790116,0.0,0.0,0.0,0.33444693732094544,0.0,0.0,0.0,0.0,0.0,0.0,0.0,0.19455130378955268,0.0,0.0,0.0,0.17799929581245658,0.0,0.0,0.0,0.0,0.0,0.0,0.0,0.0,0.0,0.0,0.0,0.0,0.0,0.0,0.0,0.0,0.0,0.0,0.0,0.0,0.0,0.0,0.0,0.0,0.0,0.0,0.32718544395643656,0.0,0.0,0.0,0.0,0.0,0.0,0.0,0.0,0.0,0.0,0.23649949613712223,0.26007498361262454,0.0,0.2748092531317541,0.0,0.0,0.0,0.0,0.0,0.0,0.0,0.0,0.0,0.0,0.0,0.0,0.0,0.0,0.0,0.0,0.0,0.0,0.0,0.0,0.0,0.0,0.0,0.0,0.21178693579287597,0.0,0.0,0.0,0.0,0.0,0.0,0.0,0.0,0.3073717519667076,0.0,0.0,0.0,0.0,0.0,0.0
06bc4902e0f44eb635f4e291f97bed748fb4514acbc3fc14c3c5bbf195689cb8,0.0,0.0,0.0,0.0,0.0,0.0,0.0,0.0,0.0,0.0,0.0,0.0,0.0,0.0,0.0,0.0,0.0,0.0,0.0,0.0,0.0,0.0,0.0,0.0,0.0,0.0,0.0,0.0,0.0,0.0,0.0,0.0,0.0,0.0,0.346960457906147,0.0,0.0,0.0,0.0,0.0,0.0,0.0,0.0,0.0,0.0,0.0,0.0,0.0,0.0,0.0,0.0,0.0,0.0,0.0,0.0,0.0,0.0,0.0,0.0,0.0,0.30788714923889043,0.0,0.0,0.4301539014810349,0.0,0.0,0.0,0.3463659353266811,0.0,0.0,0.0,0.0,0.0,0.0,0.0,0.20148471038748994,0.0,0.0,0.0,0.1843428230362538,0.0,0.0,0.0,0.0,0.0,0.0,0.0,0.0,0.0,0.0,0.0,0.0,0.0,0.0,0.0,0.0,0.0,0.0,0.0,0.0,0.0,0.0,0.0,0.0,0.0,0.0,0.3388456573381492,0.0,0.0,0.0,0.0,0.0,0.0,0.0,0.0,0.0,0.0,0.2449278496612892,0.0,0.0,0.284602887261798,0.0,0.0,0.0,0.0,0.0,0.0,0.0,0.0,0.0,0.0,0.0,0.0,0.0,0.0,0.0,0.0,0.0,0.0,0.0,0.0,0.0,0.0,0.0,0.0,0.21933458471314032,0.0,0.0,0.0,0.0,0.0,0.0,0.0,0.0,0.31832584629347066,0.0,0.0,0.0,0.0,0.0,0.0
6c1ed5eb1267d95d8a0dc8e1975923ebefd809c2027427b4ead867fb72703f82,0.0,0.22224541461343814,0.2617282244950079,0.0,0.0,0.0,0.0,0.0,0.0,0.0,0.0,0.0,0.10379255598963365,0.0,0.0,0.0,0.0,0.0,0.0,0.0,0.0,0.0,0.0,0.0,0.0,0.0,0.0,0.0,0.0,0.0,0.0,0.0,0.0,0.0,0.0,0.0,0.0,0.0,0.0,0.0,0.0,0.0,0.0,0.0,0.0,0.31543180135001403,0.0,0.0,0.0,0.0,0.24607218435544886,0.0,0.0,0.0,0.0,0.0,0.0,0.0,0.0,0.0,0.15078323365491952,0.0,0.0,0.21066158946525265,0.0,0.0,0.0,0.0,0.0,0.0,0.0,0.0,0.0,0.0,0.0,0.09867419357823981,0.0,0.0,0.0,0.09027920466052351,0.0,0.0,0.0,0.0,0.3270332118315235,0.0,0.0,0.0,0.0,0.0,0.0,0.0,0.0,0.0,0.0,0.0,0.0,0.0,0.0,0.12688659735068006,0.0,0.0,0.0,0.0,0.0,0.0,0.0,0.0,0.0,0.0,0.0,0.0,0.0,0.0,0.20864945717740532,0.0,0.12968897117952177,0.11994983641041901,0.0,0.11692543754069058,0.1393801064933822,0.3221690651210519,0.22783467195090523,0.0,0.0,0.0,0.0,0.0,0.0,0.0,0.0,0.0,0.0,0.0,0.0,0.0,0.0,0.0,0.0,0.0,0.0,0.0,0.0,0.0,0.3112629427420557,0.10741590877424229,0.22165002216740565,0.24048972084869863,0.0,0.0,0.0,0.0,0.0,0.0,0.1558954330465623,0.0,0.0,0.0,0.0,0.0,0.0
6cf51b6cbd93a9a90470658bb896a2010e40e65c412c83404925f5fe8d2ddfc8,0.0,0.0,0.0,0.0,0.0,0.0,0.0,0.0,0.0,0.0,0.0,0.0,0.0,0.0,0.0,0.0,0.0,0.0,0.0,0.0,0.0,0.0,0.0,0.0,0.0,0.0,0.0,0.0,0.0,0.0,0.0,0.0,0.0,0.0,0.3350210014409721,0.0,0.0,0.0,0.0,0.0,0.0,0.0,0.0,0.0,0.0,0.0,0.0,0.0,0.0,0.0,0.0,0.0,0.0,0.0,0.0,0.0,0.0,0.0,0.0,0.0,0.297292266938156,0.0,0.0,0.41535162743790116,0.0,0.0,0.0,0.33444693732094544,0.0,0.0,0.0,0.0,0.0,0.0,0.0,0.19455130378955268,0.0,0.0,0.0,0.17799929581245658,0.0,0.0,0.0,0.0,0.0,0.0,0.0,0.0,0.0,0.0,0.0,0.0,0.0,0.0,0.0,0.0,0.0,0.0,0.0,0.0,0.0,0.0,0.0,0.0,0.0,0.0,0.32718544395643656,0.0,0.0,0.0,0.0,0.0,0.0,0.0,0.0,0.0,0.0,0.23649949613712223,0.26007498361262454,0.0,0.2748092531317541,0.0,0.0,0.0,0.0,0.0,0.0,0.0,0.0,0.0,0.0,0.0,0.0,0.0,0.0,0.0,0.0,0.0,0.0,0.0,0.0,0.0,0.0,0.0,0.0,0.21178693579287597,0.0,0.0,0.0,0.0,0.0,0.0,0.0,0.0,0.3073717519667076,0.0,0.0,0.0,0.0,0.0,0.0
6e2cd690a66f2a7bc03b2ea953ee4cf7feb28e28e148642ae7dba8f4a8bf136e,0.0,0.0,0.0,0.0,0.0,0.0,0.0,0.0,0.0,0.0,0.0,0.0,0.0,0.0,0.0,0.0,0.0,0.0,0.0,0.0,0.0,0.0,0.0,0.0,0.0,0.0,0.0,0.0,0.0,0.0,0.0,0.0,0.0,0.0,0.3350210014409721,0.0,0.0,0.0,0.0,0.0,0.0,0.0,0.0,0.0,0.0,0.0,0.0,0.0,0.0,0.0,0.0,0.0,0.0,0.0,0.0,0.0,0.0,0.0,0.0,0.0,0.297292266938156,0.0,0.0,0.41535162743790116,0.0,0.0,0.0,0.33444693732094544,0.0,0.0,0.0,0.0,0.0,0.0,0.0,0.19455130378955268,0.0,0.0,0.0,0.17799929581245658,0.0,0.0,0.0,0.0,0.0,0.0,0.0,0.0,0.0,0.0,0.0,0.0,0.0,0.0,0.0,0.0,0.0,0.0,0.0,0.0,0.0,0.0,0.0,0.0,0.0,0.0,0.32718544395643656,0.0,0.0,0.0,0.0,0.0,0.0,0.0,0.0,0.0,0.0,0.23649949613712223,0.26007498361262454,0.0,0.2748092531317541,0.0,0.0,0.0,0.0,0.0,0.0,0.0,0.0,0.0,0.0,0.0,0.0,0.0,0.0,0.0,0.0,0.0,0.0,0.0,0.0,0.0,0.0,0.0,0.0,0.21178693579287597,0.0,0.0,0.0,0.0,0.0,0.0,0.0,0.0,0.3073717519667076,0.0,0.0,0.0,0.0,0.0,0.0
6e03fb16c4f4170b4e847515b221f51d5b2b74a50c293c30f25432589064d906,0.0,0.0,0.0,0.0,0.0,0.0,0.0,0.0,0.0,0.0,0.28087262234487553,0.0,0.18295118757170825,0.0,0.0,0.0,0.0,0.0,0.0,0.0,0.0,0.2673719616238032,0.0,0.0,0.0,0.0,0.0,0.0,0.0,0.0,0.0,0.0,0.0,0.0,0.0,0.0,0.0,0.0,0.0,0.0,0.0,0.0,0.0,0.31652938887067306,0.0,0.0,0.0,0.3816154591770284,0.0,0.0,0.0,0.0,0.0,0.0,0.0,0.0,0.0,0.0,0.0,0.0,0.0,0.0,0.0,0.0,0.0,0.0,0.0,0.0,0.0,0.0,0.0,0.0,0.0,0.0,0.0,0.1739292449799831,0.3704292724455223,0.295459958485146,0.0,0.15913171757059044,0.0,0.0,0.0,0.0,0.0,0.0,0.0,0.0,0.0,0.0,0.0,0.0,0.0,0.0,0.0,0.0,0.0,0.0,0.0,0.22365817520245485,0.0,0.0,0.0,0.0,0.0,0.0,0.0,0.0,0.0,0.0,0.0,0.0,0.0,0.0,0.0,0.0,0.22859781287798983,0.0,0.0,0.0,0.0,0.0,0.0,0.0,0.2886665265862301,0.0,0.0,0.0,0.0,0.0,0.0,0.0,0.0,0.2622681444830352,0.0,0.0,0.0,0.0,0.0,0.0,0.0,0.0,0.0,0.0,0.0,0.18933793360194973,0.0,0.0,0.0,0.0,0.0,0.0,0.0,0.0,0.0,0.0,0.0,0.0,0.0,0.0,0.0
6f64d864d4cdeaa6062e44e34c0969ebdead56edb22e5a2b61c987ca3400fad4,0.0,0.0,0.0,0.0,0.4300586007067414,0.0,0.0,0.0,0.0,0.0,0.0,0.0,0.15457218577436432,0.0,0.0,0.0,0.0,0.0,0.0,0.0,0.0,0.0,0.0,0.0,0.0,0.0,0.0,0.0,0.0,0.0,0.0,0.0,0.0,0.0,0.0,0.0,0.0,0.0,0.0,0.0,0.0,0.0,0.0,0.0,0.0,0.0,0.0,0.0,0.0,0.0,0.0,0.0,0.0,0.0,0.0,0.0,0.0,0.0,0.0,0.0,0.22455265487917453,0.0,0.0,0.0,0.0,0.0,0.0,0.0,0.0,0.0,0.0,0.0,0.0,0.0,0.0,0.0,0.0,0.0,0.0,0.1344475416497309,0.0,0.0,0.0,0.0,0.0,0.0,0.0,0.0,0.0,0.0,0.0,0.0,0.0,0.0,0.0,0.0,0.0,0.0,0.0,0.1889647914627438,0.0,0.0,0.0,0.0,0.0,0.0,0.24713175635181525,0.0,0.0,0.0,0.0,0.0,0.0,0.0,0.0,0.35366755074471046,0.0,0.1786342789273605,0.0,0.17413021850134947,0.0,0.0,0.0,0.0,0.0,0.0,0.2805960044585607,0.0,0.0,0.0,0.0,0.0,0.0,0.0,0.0,0.0,0.0,0.0,0.0,0.0,0.49889246144187016,0.0,0.0,0.23881811980999826,0.0,0.0,0.0,0.0,0.0,0.0,0.0,0.0,0.0,0.0,0.23216595456667352,0.0,0.0,0.0,0.0,0.0,0.0
ecf741bcb0421c4a972da3ab42eac34a8049b847b01ce699affdbf36c5a98592,0.0,0.0,0.0,0.0,0.0,0.0,0.0,0.0,0.0,0.0,0.0,0.0,0.3572815795075937,0.0,0.0,0.0,0.0,0.0,0.0,0.0,0.0,0.0,0.0,0.0,0.0,0.0,0.0,0.0,0.0,0.0,0.0,0.0,0.0,0.0,0.0,0.0,0.0,0.0,0.0,0.0,0.0,0.0,0.0,0.0,0.0,0.0,0.0,0.0,0.0,0.0,0.0,0.0,0.0,0.0,0.0,0.0,0.0,0.0,0.0,0.0,0.0,0.0,0.0,0.0,0.0,0.0,0.0,0.0,0.0,0.0,0.0,0.0,0.0,0.0,0.0,0.3396628149497797,0.0,0.0,0.0,0.0,0.0,0.0,0.0,0.0,0.0,0.0,0.0,0.0,0.0,0.0,0.0,0.0,0.0,0.0,0.0,0.0,0.0,0.0,0.0,0.4367774113234365,0.0,0.0,0.4797833922200145,0.0,0.0,0.0,0.0,0.0,0.0,0.0,0.0,0.0,0.0,0.0,0.0,0.0,0.4464239272839772,0.0,0.0,0.0,0.0,0.0,0.0,0.0,0.0,0.0,0.0,0.0,0.0,0.0,0.0,0.0,0.0,0.0,0.0,0.0,0.0,0.0,0.0,0.0,0.0,0.0,0.0,0.0,0.0,0.36975412335869134,0.0,0.0,0.0,0.0,0.0,0.0,0.0,0.0,0.0,0.0,0.0,0.0,0.0,0.0,0.0
d5b1a96dc7d4007a9228abee105cd77305827ed28aac77932e7c416c888c9d30,0.0,0.0,0.0,0.0,0.0,0.0,0.0,0.0,0.0,0.0,0.13076772592028607,0.0,0.08517779537726627,0.0,0.0,0.0,0.22007307705098564,0.0,0.0,0.0,0.0,0.12448213394561435,0.0,0.293691081129893,0.0,0.0,0.0,0.2822555555022628,0.0,0.0,0.0,0.0,0.0,0.0,0.0,0.0,0.0,0.0,0.0,0.0,0.0,0.24621261649346252,0.1565042690728008,0.14736868272882775,0.0,0.0,0.404172210990645,0.0,0.0,0.0,0.0,0.0,0.0,0.0,0.0,0.23822015479325054,0.0,0.0,0.0,0.0,0.12374089162872147,0.0,0.0,0.0,0.0,0.0,0.0,0.139205646526951,0.0,0.0,0.0,0.0,0.0,0.0,0.25543923639433774,0.08097738984733657,0.17246320829564052,0.13755924856273052,0.0,0.07408800706444148,0.0,0.0,0.0,0.0,0.0,0.0,0.0,0.0,0.0,0.0,0.0,0.0,0.0,0.0,0.0,0.0,0.0,0.0,0.0,0.10413001705375914,0.0,0.0,0.11438286760893165,0.0,0.0,0.0,0.13618322124581414,0.0,0.0,0.0,0.0,0.0,0.0,0.24765496465054415,0.0,0.0,0.1064297968625108,0.09843733516229883,0.10825007557040123,0.09595534957471301,0.11438286760893165,0.0,0.0,0.0,0.0,0.0,0.0,0.0,0.0,0.0,0.0,0.0,0.0,0.12210591601650726,0.0,0.0,0.0,0.0,0.0,0.0,0.0,0.0,0.16504502058067239,0.0,0.0,0.08815131500133129,0.1818980181529341,0.0,0.0,0.0,0.0,0.0,0.0,0.0,0.12793623945070426,0.0,0.0,0.0,0.0,0.0,0.0
056c3790765f928e991591cd139384b6680df26313a73711add657abc369028c,0.0,0.0,0.0,0.0,0.30248855383955636,0.0,0.0,0.0,0.0,0.0,0.0,0.0,0.10872080423893213,0.0,0.0,0.0,0.0,0.0,0.0,0.0,0.0,0.0,0.0,0.0,0.0,0.0,0.0,0.0,0.0,0.0,0.0,0.0,0.0,0.0,0.0,0.0,0.0,0.0,0.0,0.0,0.0,0.0,0.0,0.0,0.0,0.0,0.0,0.0,0.0,0.0,0.25775611293961354,0.0,0.0,0.0,0.0,0.0,0.0,0.0,0.0,0.0,0.15794267972692527,0.0,0.0,0.0,0.0,0.0,0.0,0.1776818685900151,0.0,0.0,0.0,0.0,0.0,0.0,0.0,0.0,0.0,0.0,0.0,0.09456581585411163,0.0,0.0,0.0,0.0,0.0,0.0,0.0,0.0,0.0,0.0,0.0,0.0,0.0,0.0,0.0,0.0,0.0,0.0,0.0,0.13291139022036702,0.0,0.0,0.0,0.0,0.0,0.0,0.17382404970820614,0.0,0.0,0.0,0.0,0.0,0.0,0.0,0.21855649060814888,0.2487576943908063,0.0,0.12564525999505766,0.0,0.12247725748928033,0.0,0.33746620388040116,0.23865265222382273,0.0,0.17154333537743746,0.0,0.19736166062565444,0.0,0.0,0.0,0.0,0.0,0.0,0.0,0.0,0.0,0.0,0.0,0.0,0.0,0.3509039441020586,0.0,0.0,0.1679765212770825,0.0,0.11251620001686605,0.0,0.2519085845084899,0.0,0.0,0.0,0.0,0.0,0.0,0.16329761509767282,0.0,0.0,0.2883000877311645,0.0,0.0,0.0
f3a23e5e9a7caefcc81cfe4ed8df93ff84d5d32c6c63cdbb09f41d84f56a4126,0.0,0.0,0.0,0.4486866163853354,0.0,0.0,0.0,0.0,0.0,0.0,0.0,0.0,0.08920277005197981,0.0,0.0,0.0,0.0,0.0,0.0,0.0,0.0,0.0,0.0,0.0,0.0,0.0,0.0,0.0,0.0,0.0,0.0,0.0,0.0,0.0,0.0,0.31454104748955736,0.0,0.0,0.0,0.0,0.4486866163853354,0.0,0.1638996908105029,0.0,0.0,0.0,0.0,0.0,0.0,0.0,0.0,0.0,0.0,0.0,0.0,0.24947696281231652,0.0,0.0,0.0,0.0,0.12958811921692232,0.0,0.0,0.0,0.0,0.0,0.0,0.0,0.0,0.0,0.0,0.0,0.0,0.0,0.0,0.0,0.0,0.0,0.0,0.07758894707836868,0.0,0.0,0.0,0.0,0.0,0.0,0.0,0.0,0.1860668766629712,0.0,0.0,0.0,0.0,0.0,0.0,0.0,0.0,0.0,0.0,0.0,0.0,0.0,0.11978789298330214,0.0,0.0,0.0,0.0,0.0,0.0,0.0,0.0,0.0,0.0,0.0,0.1793202737191036,0.0,0.11145900940680313,0.10308887350418326,0.11336530320428032,0.10048960466115758,0.0,0.0,0.0,0.0,0.0,0.0,0.1619304322949704,0.0,0.0,0.0,0.0,0.0,0.0,0.0,0.0,0.0,0.0,0.0,0.0,0.0,0.0,0.0,0.0,0.13782064165641478,0.0,0.09231679978350435,0.0,0.20668485388175475,0.0,0.0,0.0,0.0,0.0,0.0,0.1339817131740663,0.0,0.0,0.0,0.0,0.0,0.37015979138950267
7a4424af54555e5a81f6fa4e2b2c42c6d19c71bbcc261cd1be14af245c3b711c,0.0,0.0,0.0,0.0,0.0,0.0,0.0,0.0,0.0,0.0,0.2387788573135068,0.0,0.15553269360259014,0.0,0.0,0.0,0.0,0.0,0.0,0.0,0.0,0.2273015110593862,0.0,0.0,0.0,0.0,0.32693617993850405,0.0,0.0,0.0,0.0,0.0,0.0,0.0,0.2546226062217219,0.0,0.0,0.0,0.0,0.0,0.0,0.0,0.0,0.0,0.30204098295639314,0.0,0.0,0.0,0.0,0.0,0.0,0.0,0.0,0.0,0.0,0.0,0.0,0.0,0.30003554991355,0.0,0.0,0.0,0.0,0.0,0.30069994730522015,0.0,0.0,0.0,0.0,0.0,0.0,0.0,0.0,0.0,0.0,0.14786284979647135,0.0,0.0,0.0,0.1352829954255402,0.0,0.0,0.0,0.0,0.0,0.0,0.0,0.0,0.0,0.0,0.0,0.0,0.0,0.0,0.0,0.0,0.0,0.0,0.0,0.19013901411185594,0.0,0.0,0.0,0.0,0.0,0.0,0.0,0.0,0.0,0.0,0.0,0.0,0.0,0.0,0.0,0.0,0.0,0.1797443080211437,0.0,0.17521225947245517,0.0,0.0,0.0,0.0,0.2454047061884336,0.0,0.0,0.0,0.0,0.0,0.0,0.0,0.0,0.22296259182035372,0.0,0.0,0.0,0.0,0.0,0.0,0.0,0.0,0.3013684083147582,0.24030212983709667,0.0,0.16096227198698712,0.0,0.0,0.0,0.0,0.0,0.0,0.0,0.0,0.0,0.0,0.0,0.0,0.0,0.0,0.0
7af61ce420051640c50b0e73e718dd8c55dddfcb58917a3bead9d3ece2f3e929,0.0,0.21146172072264843,0.0,0.0,0.0,0.0,0.0,0.0,0.0,0.0,0.0,0.0,0.09875637941032533,0.0,0.0,0.0,0.0,0.0,0.0,0.0,0.0,0.14432640332249203,0.0,0.0,0.0,0.0,0.0,0.0,0.0,0.0,0.0,0.0,0.0,0.0,0.1616740900194856,0.3482283678847534,0.0,0.0,0.0,0.0,0.0,0.0,0.0,0.0,0.0,0.0,0.0,0.0,0.0,0.0,0.23413237846229867,0.0,0.0,0.0,0.0,0.0,0.0,0.0,0.0,0.33695016500369634,0.1434669961594182,0.0,0.0,0.0,0.0,0.0,0.0,0.0,0.0,0.0,0.0,0.0,0.0,0.0,0.0,0.0,0.0,0.0,0.0,0.08589871694852112,0.0,0.0,0.0,0.0,0.0,0.0,0.0,0.0,0.0,0.0,0.0,0.0,0.0,0.0,0.0,0.0,0.0,0.0,0.0,0.0,0.0,0.0,0.13261716649975128,0.0,0.0,0.0,0.0,0.0,0.32429773421629976,0.0,0.0,0.0,0.0,0.0,0.1985254603309726,0.0,0.0,0.11412968340366245,0.0,0.0,0.13261716649975128,0.30653691997470495,0.21677977858313674,0.29615997965093876,0.0,0.0,0.0,0.0,0.2733630320829713,0.0,0.0,0.0,0.0,0.0,0.0,0.0,0.0,0.0,0.0,0.0,0.0,0.0,0.0,0.0,0.0,0.10220392147075988,0.0,0.22882078478527254,0.0,0.0,0.0,0.0,0.0,0.0,0.14833114366911757,0.0,0.0,0.0,0.0,0.0,0.0
7af890c71121d682203be3b23497272f4338cdc27f5af49c41f8275d582e85e1,0.0,0.0,0.0,0.0,0.3198385381190674,0.0,0.0,0.0,0.0,0.0,0.0,0.0,0.11495675670872968,0.0,0.0,0.0,0.0,0.0,0.0,0.0,0.0,0.0,0.0,0.0,0.0,0.0,0.0,0.0,0.0,0.0,0.0,0.0,0.0,0.0,0.0,0.0,0.0,0.0,0.0,0.0,0.0,0.0,0.21121963892107656,0.0,0.0,0.0,0.0,0.0,0.0,0.0,0.2725403566760632,0.0,0.0,0.0,0.0,0.0,0.0,0.0,0.0,0.0,0.16700187544042489,0.0,0.0,0.0,0.0,0.0,0.0,0.0,0.0,0.0,0.0,0.0,0.0,0.0,0.0,0.0,0.0,0.0,0.0,0.09998987371554802,0.0,0.0,0.0,0.0,0.0,0.0,0.0,0.0,0.0,0.0,0.0,0.0,0.0,0.0,0.0,0.0,0.0,0.0,0.0,0.1405348539898902,0.0,0.0,0.0,0.0,0.0,0.0,0.18379416094566461,0.0,0.0,0.0,0.0,0.0,0.0,0.0,0.23109234238866877,0.2630258114230201,0.0,0.13285195677098127,0.0,0.12950224559234672,0.0,0.0,0.25234116939840373,0.0,0.18138263056489135,0.0,0.2086818301519683,0.0,0.0,0.0,0.0,0.0,0.0,0.0,0.0,0.0,0.0,0.0,0.0,0.0,0.37103091365680874,0.0,0.0,0.17761123295952905,0.0,0.11896984686301545,0.0,0.2663574286899276,0.0,0.0,0.0,0.0,0.0,0.0,0.17266395646452348,0.0,0.0,0.3048362572041109,0.0,0.0,0.0
7c2a9bae3bbdc9e38516754d76a192d6a3ce37849c06a8a8d3b06fb7f75916c1,0.0,0.0,0.0,0.0,0.0,0.0,0.0,0.0,0.0,0.0,0.0,0.0,0.0,0.0,0.0,0.0,0.0,0.5405803754581913,0.0,0.0,0.0,0.0,0.0,0.0,0.0,0.0,0.0,0.0,0.0,0.0,0.0,0.0,0.0,0.0,0.0,0.0,0.0,0.0,0.0,0.0,0.0,0.0,0.0,0.0,0.0,0.0,0.0,0.0,0.0,0.0,0.0,0.0,0.0,0.0,0.0,0.0,0.0,0.0,0.0,0.0,0.40076674934003054,0.0,0.0,0.0,0.0,0.0,0.0,0.0,0.0,0.0,0.0,0.0,0.0,0.0,0.0,0.0,0.0,0.0,0.0,0.0,0.0,0.0,0.0,0.0,0.0,0.0,0.0,0.0,0.0,0.0,0.0,0.0,0.0,0.0,0.0,0.0,0.0,0.0,0.0,0.33725188087840335,0.0,0.0,0.37045837821636074,0.0,0.0,0.0,0.4410644385616428,0.0,0.0,0.0,0.0,0.0,0.0,0.0,0.0,0.0,0.0,0.3188146643153229,0.0,0.0,0.0,0.0,0.0,0.0,0.0,0.0,0.0,0.0,0.0,0.0,0.0,0.0,0.0,0.0,0.0,0.0,0.0,0.0,0.0,0.0,0.0,0.0,0.0,0.0,0.0,0.0,0.0,0.0,0.0,0.0,0.0,0.0,0.0,0.0,0.0,0.0,0.0,0.0,0.0,0.0,0.0
7d69895163ce4782e47ea430fb72d171429c7e2adcf3e8c03b3f15be0ce101d4,0.0,0.0,0.0,0.0,0.0,0.0,0.0,0.0,0.0,0.0,0.0,0.0,0.07812262908536315,0.0,0.0,0.0,0.0,0.0,0.0,0.0,0.22082507833656598,0.0,0.25654030407634404,0.0,0.0,0.0,0.0,0.0,0.0,0.0,0.0,0.0,0.0,0.0,0.0,0.0,0.0,0.0,0.3241811444665524,0.0,0.0,0.0,0.14354122349489118,0.1351623259164033,0.0,0.0,0.0,0.0,0.0,0.0,0.0,0.0,0.22452739404800645,0.0,0.0,0.0,0.0,0.0,0.0,0.0,0.0,0.0,0.0,0.0,0.0,0.0,0.0,0.1276754234134088,0.0,0.0,0.0,0.0,0.0,0.0,0.0,0.07427013769638799,0.0,0.0,0.0,0.0679513935519622,0.0,0.29936857262283756,0.0,0.0,0.0,0.0,0.0,0.0,0.16295495736447357,0.0,0.0,0.0,0.0,0.0,0.0,0.0,0.0,0.0,0.0,0.0,0.0,0.0,0.10490868307114852,0.0,0.0,0.0,0.0,0.0,0.0,0.0,0.0,0.0,0.0,0.0,0.0,0.0,0.09761435485731786,0.0,0.09928386224123943,0.08800749245010868,0.0,0.0,0.0,0.0,0.0,0.0,0.14181657242752535,0.0,0.0,0.0,0.0,0.0,0.0,0.1119920413980578,0.0,0.33264353541052,0.0,0.24615150925718413,0.0,0.0,0.0,0.392953919334708,0.0,0.12070153048113638,0.0,0.08084985593644552,0.16683164128144398,0.1810119144053244,0.0,0.0,0.0,0.22452739404800645,0.0,0.0,0.11733944670574481,0.0,0.0,0.0,0.0,0.0,0.0
efcad1ba15b2b2c8008c4865a16e5438338159a36127e85191ab7d9d8a69a0c6,0.0,0.0,0.0,0.0,0.0,0.0,0.0,0.0,0.0,0.0,0.0,0.0,0.28197038558829385,0.0,0.0,0.0,0.0,0.0,0.0,0.0,0.0,0.0,0.0,0.0,0.0,0.0,0.0,0.0,0.0,0.0,0.0,0.0,0.0,0.0,0.0,0.0,0.0,0.0,0.0,0.0,0.0,0.0,0.0,0.0,0.0,0.0,0.0,0.0,0.0,0.0,0.0,0.0,0.0,0.0,0.0,0.0,0.0,0.0,0.0,0.0,0.0,0.0,0.0,0.0,0.0,0.0,0.0,0.4608227960517083,0.0,0.0,0.0,0.0,0.0,0.0,0.0,0.2680654710309773,0.0,0.0,0.0,0.24525903525561843,0.0,0.0,0.0,0.0,0.0,0.0,0.0,0.0,0.0,0.0,0.0,0.0,0.0,0.0,0.0,0.0,0.0,0.0,0.0,0.34470933334112336,0.0,0.0,0.0,0.0,0.0,0.0,0.0,0.0,0.0,0.0,0.0,0.0,0.0,0.0,0.0,0.0,0.3523224653383734,0.0,0.0,0.0,0.3786501064219062,0.0,0.0,0.0,0.0,0.0,0.0,0.0,0.0,0.0,0.0,0.0,0.0,0.0,0.0,0.0,0.0,0.0,0.0,0.0,0.0,0.0,0.0,0.4356517117937061,0.0,0.0,0.0,0.0,0.0,0.0,0.0,0.0,0.0,0.0,0.0,0.0,0.0,0.0,0.0,0.0,0.0
fb6cdeca45534708b5438cad6df3126daf7cc86f1235b62302717e8b8025183f,0.0,0.0,0.0,0.0,0.0,0.0,0.0,0.0,0.0,0.0,0.33728605565864506,0.0,0.21969704244922195,0.0,0.0,0.0,0.0,0.0,0.0,0.0,0.0,0.32107377919901614,0.0,0.0,0.0,0.0,0.0,0.0,0.0,0.0,0.0,0.0,0.0,0.0,0.0,0.0,0.0,0.0,0.0,0.0,0.0,0.0,0.0,0.0,0.4266467011979425,0.0,0.0,0.458263151209301,0.0,0.0,0.0,0.0,0.0,0.0,0.0,0.0,0.0,0.0,0.0,0.0,0.0,0.0,0.0,0.0,0.0,0.0,0.0,0.0,0.0,0.0,0.0,0.0,0.0,0.0,0.0,0.20886303732000244,0.0,0.0,0.0,0.19109341772608407,0.0,0.0,0.0,0.0,0.0,0.0,0.0,0.0,0.0,0.0,0.0,0.0,0.0,0.0,0.0,0.0,0.0,0.0,0.0,0.2685800527657676,0.0,0.0,0.0,0.0,0.0,0.0,0.0,0.0,0.0,0.0,0.0,0.0,0.0,0.0,0.0,0.0,0.27451181960745824,0.0,0.0,0.0,0.0,0.0,0.0,0.0,0.0,0.0,0.0,0.0,0.0,0.0,0.0,0.0,0.0,0.0,0.0,0.0,0.0,0.0,0.0,0.0,0.0,0.0,0.0,0.33943774775967667,0.0,0.0,0.0,0.0,0.0,0.0,0.0,0.0,0.0,0.0,0.0,0.0,0.0,0.0,0.0,0.0,0.0
13492a113107ae59e2fe02f3c3b9afa411a39caa73b78ea06dec0fb9a970f7a2,0.0,0.0,0.0,0.0,0.0,0.0,0.0,0.0,0.0,0.0,0.352601546097087,0.0,0.22967304915490797,0.0,0.0,0.0,0.0,0.0,0.0,0.0,0.0,0.3356531023369216,0.0,0.0,0.0,0.0,0.0,0.0,0.0,0.0,0.0,0.0,0.0,0.0,0.3759977982773033,0.0,0.0,0.0,0.0,0.0,0.0,0.0,0.0,0.0,0.0,0.0,0.0,0.0,0.0,0.0,0.0,0.0,0.0,0.0,0.0,0.0,0.0,0.0,0.0,0.0,0.0,0.0,0.0,0.0,0.44403959179653746,0.0,0.0,0.0,0.0,0.0,0.0,0.0,0.0,0.0,0.0,0.21834709335300925,0.0,0.0,0.0,0.19977059059739607,0.0,0.0,0.0,0.0,0.0,0.0,0.0,0.0,0.0,0.0,0.0,0.0,0.0,0.0,0.0,0.0,0.0,0.0,0.0,0.0,0.0,0.0,0.0,0.0,0.0,0.0,0.0,0.0,0.0,0.0,0.0,0.0,0.0,0.0,0.0,0.0,0.28697685656318794,0.2654260164550224,0.0,0.0,0.0,0.0,0.0,0.0,0.3623858485424136,0.0,0.0,0.0,0.0,0.0,0.0,0.0,0.0,0.0,0.0,0.0,0.0,0.0,0.0,0.0,0.0,0.0,0.0,0.0,0.0,0.0,0.0,0.0,0.0,0.0,0.0,0.0,0.0,0.0,0.0,0.0,0.0,0.0,0.0,0.0,0.0
ee2d8c841bb376f17fb4a469cd2bfcdb209e5f537bd3b5791a470066ef18676e,0.0,0.22480625239584648,0.0,0.0,0.0,0.0,0.0,0.0,0.0,0.0,0.16118178446684658,0.2822530278443754,0.10498851271779966,0.0,0.0,0.0,0.0,0.0,0.0,0.0,0.0,0.1534342846630673,0.0,0.0,0.0,0.0,0.0,0.0,0.0,0.0,0.0,0.0,0.0,0.0,0.0,0.0,0.0,0.0,0.0,0.0,0.0,0.3034769367241193,0.0,0.18164380461307827,0.20388532369560852,0.0,0.0,0.0,0.0,0.0,0.0,0.0,0.0,0.0,0.0,0.29362558211764417,0.32353900159165605,0.0,0.0,0.0,0.0,0.0,0.0,0.0,0.0,0.0,0.0,0.0,0.0,0.0,0.0,0.0,0.0,0.0,0.0,0.09981117363023928,0.0,0.0,0.0,0.09131945288639834,0.0,0.0,0.0,0.0,0.0,0.0,0.0,0.0,0.0,0.0,0.0,0.0,0.0,0.0,0.0,0.0,0.0,0.0,0.0,0.1283486567283371,0.0,0.0,0.14098612317293968,0.0,0.0,0.0,0.16785681987177958,0.0,0.0,0.0,0.0,0.0,0.0,0.3052547473279575,0.0,0.0,0.1311833210986679,0.1213319664921927,0.1334269616322934,0.11827271878246393,0.14098612317293968,0.0,0.0,0.0,0.1656544004986176,0.0,0.19058640488958642,0.0,0.0,0.0,0.0,0.0,0.0,0.0,0.0,0.0,0.0,0.0,0.0,0.0,0.0,0.0,0.20343131875503062,0.0,0.0,0.10865361582929788,0.2242039995001898,0.0,0.0,0.0,0.0,0.0,0.0,0.0,0.15769174869044153,0.0,0.0,0.0,0.0,0.0,0.0
a7ac72fffdad0067658b52af3ad260c0b41b9e20876230743910b8715a74ea48,0.0,0.0,0.0,0.0,0.0,0.4742757150263369,0.0,0.0,0.0,0.0,0.0,0.0,0.0,0.0,0.0,0.0,0.0,0.0,0.0,0.0,0.0,0.0,0.0,0.0,0.0,0.0,0.0,0.0,0.0,0.0,0.0,0.0,0.0,0.0,0.0,0.0,0.0,0.0,0.0,0.0,0.0,0.0,0.31320911440511057,0.0,0.0,0.0,0.0,0.0,0.41858866421442853,0.0,0.0,0.0,0.0,0.0,0.0,0.4767456131278751,0.0,0.0,0.0,0.0,0.0,0.0,0.0,0.0,0.0,0.0,0.0,0.0,0.0,0.0,0.0,0.0,0.0,0.0,0.0,0.1620585605183951,0.0,0.0,0.0,0.14827096550253877,0.0,0.0,0.0,0.0,0.0,0.0,0.0,0.0,0.0,0.0,0.0,0.0,0.0,0.0,0.0,0.0,0.0,0.0,0.0,0.0,0.0,0.0,0.22891232858475885,0.0,0.0,0.0,0.0,0.0,0.0,0.0,0.0,0.0,0.0,0.0,0.0,0.0,0.0,0.0,0.21663888470620682,0.0,0.0,0.0,0.0,0.0,0.0,0.0,0.3094458997667268,0.0,0.0,0.0,0.0,0.0,0.0,0.0,0.0,0.0,0.0,0.0,0.0,0.0,0.0,0.0,0.0,0.0,0.0,0.1764156049466594,0.0,0.0,0.0,0.0,0.0,0.0,0.0,0.0,0.0,0.0,0.0,0.0,0.0,0.0,0.0
1761d6b84b6e51f55c366f85eae03edb19759e196103e9005fa325a1fa090f9a,0.0,0.0,0.0,0.0,0.0,0.0,0.0,0.0,0.0,0.0,0.2404525971825551,0.0,0.15662291269967435,0.0,0.0,0.0,0.0,0.0,0.0,0.0,0.0,0.2288947995340668,0.0,0.0,0.0,0.0,0.0,0.0,0.0,0.0,0.0,0.0,0.0,0.0,0.25640740414055413,0.0,0.0,0.0,0.0,0.0,0.0,0.0,0.0,0.0,0.0,0.0,0.0,0.0,0.0,0.0,0.0,0.0,0.4501401815118244,0.0,0.0,0.0,0.0,0.0,0.0,0.0,0.0,0.0,0.0,0.0,0.30280772810326906,0.0,0.0,0.2559680457415488,0.0,0.0,0.0,0.0,0.0,0.0,0.0,0.14889930649803987,0.0,0.0,0.0,0.13623127261220383,0.0,0.0,0.0,0.0,0.0,0.0,0.0,0.0,0.3266976593092785,0.0,0.0,0.0,0.0,0.0,0.0,0.0,0.0,0.0,0.0,0.0,0.0,0.0,0.0,0.0,0.3572535674743229,0.0,0.0,0.0,0.0,0.0,0.0,0.0,0.0,0.0,0.0,0.0,0.0,0.18100424040357607,0.19904767505078208,0.1764404240910673,0.0,0.0,0.0,0.0,0.24712489048540584,0.0,0.0,0.0,0.0,0.0,0.0,0.0,0.0,0.0,0.0,0.0,0.0,0.0,0.0,0.0,0.0,0.0,0.0,0.0,0.0,0.0,0.0,0.0,0.0,0.0,0.0,0.0,0.0,0.0,0.0,0.0,0.0,0.0,0.0,0.0,0.0
7cd8f10164a6c3209574751d16c4e9297334f11a08ade649055450d41e0d31e9,0.0,0.3316708875591396,0.3905935817327236,0.0,0.0,0.0,0.0,0.0,0.0,0.0,0.0,0.0,0.0,0.0,0.0,0.0,0.0,0.0,0.0,0.0,0.0,0.0,0.0,0.0,0.0,0.0,0.0,0.0,0.0,0.0,0.0,0.0,0.0,0.0,0.0,0.5461849617742022,0.0,0.0,0.0,0.0,0.0,0.0,0.0,0.0,0.0,0.0,0.0,0.0,0.0,0.0,0.0,0.0,0.0,0.0,0.0,0.0,0.0,0.0,0.0,0.0,0.0,0.0,0.0,0.0,0.0,0.0,0.0,0.0,0.0,0.0,0.0,0.0,0.0,0.0,0.0,0.0,0.0,0.0,0.0,0.1347293665876989,0.0,0.0,0.0,0.0,0.0,0.0,0.0,0.0,0.0,0.0,0.0,0.0,0.0,0.0,0.0,0.0,0.0,0.0,0.0,0.0,0.0,0.0,0.0,0.0,0.0,0.0,0.24764978658910455,0.0,0.0,0.0,0.0,0.0,0.0,0.0,0.0,0.0,0.0,0.17900872678977525,0.0,0.0,0.20800574765132754,0.0,0.3400120897618421,0.0,0.0,0.0,0.0,0.0,0.0,0.0,0.0,0.0,0.0,0.0,0.0,0.0,0.0,0.0,0.0,0.0,0.0,0.0,0.0,0.0,0.0,0.0,0.0,0.0,0.0,0.0,0.0,0.0,0.0,0.0,0.0,0.0,0.0,0.4107455517236887,0.0,0.0,0.0
7d9c97a133997396b0625a5d2b762fb8b333f5152d4dd893c7a463cc41372ab5,0.0,0.0,0.0,0.0,0.0,0.0,0.0,0.0,0.0,0.0,0.0,0.0,0.0,0.0,0.0,0.0,0.0,0.5405803754581913,0.0,0.0,0.0,0.0,0.0,0.0,0.0,0.0,0.0,0.0,0.0,0.0,0.0,0.0,0.0,0.0,0.0,0.0,0.0,0.0,0.0,0.0,0.0,0.0,0.0,0.0,0.0,0.0,0.0,0.0,0.0,0.0,0.0,0.0,0.0,0.0,0.0,0.0,0.0,0.0,0.0,0.0,0.40076674934003054,0.0,0.0,0.0,0.0,0.0,0.0,0.0,0.0,0.0,0.0,0.0,0.0,0.0,0.0,0.0,0.0,0.0,0.0,0.0,0.0,0.0,0.0,0.0,0.0,0.0,0.0,0.0,0.0,0.0,0.0,0.0,0.0,0.0,0.0,0.0,0.0,0.0,0.0,0.33725188087840335,0.0,0.0,0.37045837821636074,0.0,0.0,0.0,0.4410644385616428,0.0,0.0,0.0,0.0,0.0,0.0,0.0,0.0,0.0,0.0,0.3188146643153229,0.0,0.0,0.0,0.0,0.0,0.0,0.0,0.0,0.0,0.0,0.0,0.0,0.0,0.0,0.0,0.0,0.0,0.0,0.0,0.0,0.0,0.0,0.0,0.0,0.0,0.0,0.0,0.0,0.0,0.0,0.0,0.0,0.0,0.0,0.0,0.0,0.0,0.0,0.0,0.0,0.0,0.0,0.0
7dfcbf301686c56d31874642114b1c6ff8f78dfd76f4b88c2f056b7aff8fb19b,0.0,0.0,0.0,0.0,0.0,0.0,0.0,0.0,0.0,0.0,0.0,0.0,0.1329459114529806,0.0,0.0,0.0,0.0,0.0,0.0,0.0,0.0,0.1942923115550453,0.0,0.0,0.47444891726716915,0.0,0.0,0.0,0.0,0.0,0.0,0.0,0.0,0.0,0.21764578029603707,0.0,0.0,0.0,0.0,0.0,0.0,0.0,0.0,0.0,0.0,0.0,0.0,0.0,0.0,0.0,0.31518918211849783,0.0,0.0,0.0,0.0,0.0,0.0,0.0,0.0,0.0,0.0,0.0,0.0,0.0,0.0,0.0,0.0,0.0,0.0,0.0,0.0,0.0,0.0,0.0,0.0,0.0,0.0,0.0,0.0,0.0,0.0,0.0,0.0,0.0,0.0,0.0,0.0,0.0,0.0,0.0,0.0,0.0,0.0,0.0,0.0,0.0,0.0,0.0,0.0,0.0,0.0,0.0,0.178529328230696,0.0,0.0,0.0,0.0,0.0,0.0,0.0,0.0,0.0,0.0,0.0,0.0,0.0,0.0,0.0,0.0,0.14976756972280564,0.0,0.0,0.0,0.0,0.0,0.0,0.0,0.0,0.0,0.0,0.0,0.0,0.0,0.0,0.0,0.0,0.0,0.0,0.0,0.0,0.0,0.0,0.0,0.0,0.0,0.13758699514026934,0.0,0.3080387107577961,0.0,0.6039582997942693,0.0,0.0,0.0,0.0,0.19968349598985044,0.0,0.0,0.0,0.0,0.0,0.0
7c34ba8d8accf8f66c806477c50af75634bfec7fa57f890ea299bebe306f6fd4,0.0,0.0,0.0,0.0,0.0,0.0,0.0,0.0,0.0,0.0,0.0,0.0,0.0,0.0,0.0,0.0,0.0,0.0,0.0,0.0,0.0,0.0,0.0,0.0,0.0,0.0,0.0,0.0,0.0,0.0,0.0,0.0,0.0,0.0,0.6272168621815442,0.0,0.0,0.0,0.0,0.0,0.0,0.0,0.703950713014758,0.0,0.0,0.0,0.0,0.0,0.0,0.0,0.0,0.0,0.0,0.0,0.0,0.0,0.0,0.0,0.0,0.0,0.0,0.0,0.0,0.0,0.0,0.0,0.0,0.0,0.0,0.0,0.0,0.0,0.0,0.0,0.0,0.0,0.0,0.0,0.0,0.33324525719228454,0.0,0.0,0.0,0.0,0.0,0.0,0.0,0.0,0.0,0.0,0.0,0.0,0.0,0.0,0.0,0.0,0.0,0.0,0.0,0.0,0.0,0.0,0.0,0.0,0.0,0.0,0.0,0.0,0.0,0.0,0.0,0.0,0.0,0.0,0.0,0.0,0.0,0.0,0.0,0.0,0.0,0.0,0.0,0.0,0.0,0.0,0.0,0.0,0.0,0.0,0.0,0.0,0.0,0.0,0.0,0.0,0.0,0.0,0.0,0.0,0.0,0.0,0.0,0.0,0.0,0.0,0.0,0.0,0.0,0.0,0.0,0.0,0.0,0.0,0.0,0.0,0.0,0.0,0.0,0.0,0.0
7f998f0b351d2086150d75ae51ca411e6343f5859e55caecf6873d0e637add7f,0.0,0.0,0.0,0.0,0.0,0.0,0.0,0.0,0.0,0.0,0.0,0.0,0.38899241935761364,0.0,0.0,0.0,0.0,0.0,0.0,0.0,0.0,0.0,0.0,0.0,0.0,0.0,0.0,0.0,0.0,0.0,0.0,0.0,0.0,0.0,0.0,0.0,0.0,0.0,0.0,0.0,0.0,0.0,0.0,0.0,0.0,0.0,0.0,0.0,0.0,0.0,0.0,0.0,0.0,0.0,0.0,0.0,0.0,0.0,0.0,0.0,0.0,0.0,0.0,0.0,0.0,0.0,0.0,0.0,0.0,0.0,0.0,0.0,0.0,0.0,0.0,0.3698098859035188,0.0,0.0,0.0,0.33834725336261706,0.0,0.0,0.0,0.0,0.0,0.0,0.0,0.0,0.0,0.0,0.0,0.0,0.0,0.0,0.0,0.0,0.0,0.0,0.0,0.0,0.0,0.0,0.0,0.0,0.0,0.0,0.0,0.0,0.0,0.0,0.0,0.0,0.0,0.0,0.0,0.0,0.48604667436998605,0.0,0.0,0.0,0.0,0.0,0.0,0.0,0.0,0.0,0.0,0.0,0.0,0.0,0.0,0.0,0.0,0.0,0.0,0.0,0.0,0.0,0.0,0.0,0.0,0.0,0.0,0.6010035877149044,0.0,0.0,0.0,0.0,0.0,0.0,0.0,0.0,0.0,0.0,0.0,0.0,0.0,0.0,0.0,0.0,0.0
8bd2067d088dad4df24e11244f5b72ce1fd22b686e2ce9ba6ee8711f8f6a836d,0.0,0.20244710314182549,0.23841266174885523,0.0,0.0,0.0,0.0,0.0,0.0,0.0,0.0,0.0,0.09454639288884807,0.0,0.0,0.0,0.0,0.0,0.0,0.30776078831522535,0.26724925748858736,0.0,0.0,0.0,0.0,0.0,0.0,0.0,0.0,0.0,0.0,0.0,0.0,0.0,0.15478192017771664,0.0,0.0,0.0,0.0,0.0,0.0,0.0,0.1737179748196239,0.0,0.0,0.0,0.0,0.0,0.0,0.0,0.0,0.0,0.0,0.0,0.0,0.26442168700619084,0.0,0.0,0.0,0.0,0.13735099511002338,0.0,0.0,0.0,0.0,0.0,0.0,0.0,0.0,0.0,0.0,0.0,0.0,0.0,0.0,0.08988399009048664,0.0,0.0,0.0,0.08223685284693322,0.0,0.0,0.0,0.0,0.0,0.27821680584944886,0.0,0.0,0.0,0.0,0.0,0.0,0.0,0.0,0.0,0.0,0.0,0.0,0.0,0.11558314535239542,0.0,0.0,0.12696369391586182,0.3512062753608107,0.0,0.0,0.0,0.0,0.0,0.0,0.0,0.0,0.0,0.0,0.1900623158014347,0.0,0.1181358750208849,0.10926433261114797,0.0,0.10650935658166767,0.12696369391586182,0.0,0.20753845208440108,0.2835346735190589,0.0,0.0,0.0,0.0,0.0,0.0,0.0,0.0,0.0,0.0,0.0,0.0,0.0,0.0,0.0,0.0,0.0,0.0,0.18319811273646844,0.0,0.0,0.09784696615908071,0.0,0.0,0.0,0.0,0.0,0.0,0.0,0.0,0.14200778390956564,0.0,0.0,0.25071313218596714,0.0,0.0,0.0
8be8a6f8fe7c182a5017040aa8c8cfc9cefbcf8f3d1be932c7e710101c34d57e,0.0,0.0,0.0,0.0,0.0,0.0,0.0,0.0,0.0,0.0,0.0,0.0,0.266650039098547,0.0,0.0,0.0,0.0,0.0,0.0,0.0,0.0,0.0,0.0,0.0,0.0,0.0,0.0,0.0,0.0,0.0,0.0,0.0,0.0,0.0,0.0,0.0,0.0,0.0,0.0,0.0,0.0,0.0,0.0,0.0,0.0,0.0,0.0,0.0,0.0,0.0,0.0,0.0,0.0,0.0,0.0,0.0,0.0,0.0,0.0,0.0,0.0,0.0,0.0,0.0,0.5155292488584065,0.0,0.0,0.4357848301278882,0.0,0.0,0.0,0.0,0.0,0.0,0.0,0.2535006227063444,0.0,0.0,0.0,0.0,0.0,0.0,0.0,0.0,0.0,0.0,0.0,0.0,0.0,0.0,0.0,0.0,0.0,0.0,0.0,0.0,0.0,0.0,0.0,0.0,0.0,0.0,0.35807684367780634,0.0,0.0,0.0,0.0,0.0,0.0,0.0,0.0,0.0,0.0,0.0,0.0,0.0,0.33317966694185347,0.0,0.0,0.0,0.0,0.0,0.0,0.0,0.0,0.0,0.0,0.0,0.0,0.0,0.0,0.0,0.0,0.0,0.0,0.0,0.0,0.0,0.0,0.0,0.0,0.0,0.0,0.4119813708123091,0.0,0.0,0.0,0.0,0.0,0.0,0.0,0.0,0.0,0.0,0.0,0.0,0.0,0.0,0.0,0.0,0.0
8c3d8d288d56f4db9d853ae63d2ca6a1e8846dac9a81f00da7352e17239b0044,0.0,0.0,0.0,0.0,0.0,0.0,0.0,0.0,0.0,0.0,0.0,0.0,0.0,0.0,0.0,0.0,0.0,0.0,0.0,0.0,0.0,0.0,0.0,0.0,0.0,0.0,0.0,0.0,0.0,0.0,0.0,0.0,0.0,0.0,0.346960457906147,0.0,0.0,0.0,0.0,0.0,0.0,0.0,0.0,0.0,0.0,0.0,0.0,0.0,0.0,0.0,0.0,0.0,0.0,0.0,0.0,0.0,0.0,0.0,0.0,0.0,0.30788714923889043,0.0,0.0,0.4301539014810349,0.0,0.0,0.0,0.3463659353266811,0.0,0.0,0.0,0.0,0.0,0.0,0.0,0.20148471038748994,0.0,0.0,0.0,0.1843428230362538,0.0,0.0,0.0,0.0,0.0,0.0,0.0,0.0,0.0,0.0,0.0,0.0,0.0,0.0,0.0,0.0,0.0,0.0,0.0,0.0,0.0,0.0,0.0,0.0,0.0,0.0,0.3388456573381492,0.0,0.0,0.0,0.0,0.0,0.0,0.0,0.0,0.0,0.0,0.2449278496612892,0.0,0.0,0.284602887261798,0.0,0.0,0.0,0.0,0.0,0.0,0.0,0.0,0.0,0.0,0.0,0.0,0.0,0.0,0.0,0.0,0.0,0.0,0.0,0.0,0.0,0.0,0.0,0.0,0.21933458471314032,0.0,0.0,0.0,0.0,0.0,0.0,0.0,0.0,0.31832584629347066,0.0,0.0,0.0,0.0,0.0,0.0
df73bdcf081ccb79d66e5f2ca25509a8390eabbc21516a7ccf6178545eb579b2,0.0,0.0,0.0,0.0,0.0,0.0,0.0,0.0,0.0,0.0,0.2253820478113202,0.0,0.14680645254842464,0.0,0.0,0.0,0.0,0.0,0.0,0.0,0.0,0.21454864391912828,0.0,0.0,0.0,0.0,0.0,0.0,0.0,0.0,0.0,0.0,0.0,0.0,0.24033687511101473,0.0,0.0,0.0,0.0,0.0,0.0,0.0,0.0,0.0,0.0,0.0,0.0,0.0,0.0,0.0,0.0,0.0,0.0,0.0,0.0,0.0,0.0,0.0,0.28320190244869864,0.0,0.0,0.0,0.0,0.0,0.0,0.0,0.0,0.0,0.0,0.0,0.0,0.0,0.0,0.0,0.0,0.1395669292385933,0.0,0.0,0.0,0.1276928740094653,0.0,0.0,0.0,0.0,0.0,0.0,0.0,0.0,0.0,0.0,0.0,0.0,0.0,0.0,0.0,0.0,0.0,0.0,0.0,0.0,0.0,0.0,0.0,0.0,0.0,0.0,0.23471581436411765,0.0,0.0,0.0,0.0,0.0,0.0,0.42684066493291245,0.0,0.0,0.0,0.16965966199865265,0.0,0.16538188634390685,0.19714225933658222,0.0,0.0,0.0,0.23163615005772903,0.0,0.2664988128844531,0.0,0.0,0.0,0.0,0.0,0.0,0.0,0.0,0.0,0.0,0.0,0.0,0.0,0.0,0.0,0.28445998014990986,0.0,0.0,0.1519314016699491,0.3135066205029812,0.0,0.0,0.0,0.0,0.0,0.0,0.0,0.22050189703731798,0.0,0.0,0.0,0.0,0.0,0.0
8d341b6bdc6a7f2d2ab5f2d1444a87bdac59377e095ab3b57296ddf86b08a481,0.0,0.0,0.0,0.0,0.0,0.0,0.0,0.0,0.0,0.0,0.0,0.0,0.0,0.0,0.0,0.0,0.0,0.0,0.0,0.0,0.0,0.0,0.0,0.0,0.0,0.0,0.0,0.0,0.0,0.0,0.0,0.0,0.0,0.0,0.32331207508787624,0.0,0.0,0.0,0.0,0.0,0.0,0.0,0.362866146475691,0.0,0.0,0.0,0.0,0.0,0.0,0.0,0.0,0.0,0.0,0.0,0.0,0.0,0.0,0.0,0.0,0.0,0.2869019533639275,0.0,0.0,0.40083515952875204,0.0,0.0,0.0,0.322758074410065,0.0,0.0,0.0,0.0,0.0,0.0,0.0,0.1877517691986682,0.0,0.0,0.0,0.1717782510522576,0.0,0.0,0.0,0.0,0.0,0.0,0.0,0.0,0.0,0.0,0.0,0.0,0.0,0.0,0.0,0.0,0.0,0.0,0.0,0.0,0.0,0.0,0.0,0.0,0.0,0.0,0.31575036898915615,0.0,0.0,0.0,0.0,0.0,0.0,0.0,0.0,0.0,0.0,0.228233879441741,0.0,0.0,0.2652047170213935,0.0,0.0,0.0,0.0,0.0,0.0,0.0,0.0,0.0,0.0,0.0,0.0,0.0,0.0,0.0,0.0,0.0,0.0,0.0,0.0,0.0,0.0,0.0,0.0,0.20438501882922097,0.0,0.0,0.0,0.0,0.0,0.0,0.0,0.0,0.2966291621251142,0.0,0.0,0.0,0.0,0.0,0.0
8e6fa9080a9558a6c0cd83da765e87b2125a0a9093ca1e76e510e324e9c54222,0.0,0.0,0.0,0.0,0.0,0.0,0.0,0.0,0.0,0.0,0.0,0.0,0.0,0.0,0.0,0.0,0.0,0.0,0.0,0.0,0.0,0.0,0.0,0.0,0.0,0.0,0.0,0.0,0.0,0.0,0.0,0.0,0.0,0.0,0.346960457906147,0.0,0.0,0.0,0.0,0.0,0.0,0.0,0.0,0.0,0.0,0.0,0.0,0.0,0.0,0.0,0.0,0.0,0.0,0.0,0.0,0.0,0.0,0.0,0.0,0.0,0.30788714923889043,0.0,0.0,0.4301539014810349,0.0,0.0,0.0,0.3463659353266811,0.0,0.0,0.0,0.0,0.0,0.0,0.0,0.20148471038748994,0.0,0.0,0.0,0.1843428230362538,0.0,0.0,0.0,0.0,0.0,0.0,0.0,0.0,0.0,0.0,0.0,0.0,0.0,0.0,0.0,0.0,0.0,0.0,0.0,0.0,0.0,0.0,0.0,0.0,0.0,0.0,0.3388456573381492,0.0,0.0,0.0,0.0,0.0,0.0,0.0,0.0,0.0,0.0,0.2449278496612892,0.0,0.0,0.284602887261798,0.0,0.0,0.0,0.0,0.0,0.0,0.0,0.0,0.0,0.0,0.0,0.0,0.0,0.0,0.0,0.0,0.0,0.0,0.0,0.0,0.0,0.0,0.0,0.0,0.21933458471314032,0.0,0.0,0.0,0.0,0.0,0.0,0.0,0.0,0.31832584629347066,0.0,0.0,0.0,0.0,0.0,0.0
8e8b6818423930eea073315743b788aef2f41198961946046b7b89042cb3f95a,0.0,0.0,0.0,0.0,0.36083842619385353,0.0,0.0,0.0,0.0,0.0,0.0,0.0,0.1296929863895436,0.0,0.0,0.0,0.0,0.0,0.0,0.0,0.0,0.0,0.0,0.0,0.0,0.0,0.0,0.0,0.0,0.0,0.0,0.0,0.0,0.0,0.0,0.0,0.0,0.0,0.0,0.0,0.0,0.0,0.0,0.0,0.0,0.0,0.0,0.0,0.0,0.0,0.3074771225370335,0.0,0.0,0.0,0.0,0.0,0.0,0.0,0.0,0.0,0.18840973404809466,0.0,0.0,0.0,0.0,0.0,0.0,0.0,0.0,0.0,0.0,0.0,0.0,0.0,0.0,0.0,0.0,0.0,0.0,0.11280750868555064,0.0,0.0,0.0,0.0,0.0,0.0,0.0,0.0,0.0,0.0,0.0,0.0,0.0,0.0,0.0,0.0,0.0,0.0,0.0,0.15854992283705618,0.0,0.0,0.0,0.0,0.0,0.0,0.20735461139008918,0.0,0.0,0.0,0.0,0.0,0.0,0.0,0.0,0.2967429140978361,0.0,0.14988216016722997,0.16482318561353795,0.1461030517551834,0.0,0.0,0.28468861496527814,0.0,0.20463394854428493,0.0,0.23543261425005937,0.0,0.0,0.0,0.0,0.0,0.0,0.0,0.0,0.0,0.0,0.0,0.0,0.0,0.0,0.0,0.0,0.20037909800478057,0.0,0.13422051188400871,0.0,0.3005016091517249,0.0,0.0,0.0,0.0,0.0,0.0,0.19479763344800136,0.0,0.0,0.34391301293219173,0.0,0.0,0.0
9a4e6b6a25332f21e4e15bd5c67ea1613db78bf02fa3cef2eba47f27723f8d58,0.0,0.0,0.286286713999223,0.0,0.31587345519492416,0.0,0.0,0.0,0.0,0.0,0.0,0.0,0.11353162177745699,0.0,0.0,0.0,0.0,0.0,0.0,0.0,0.0,0.0,0.0,0.0,0.0,0.0,0.0,0.0,0.0,0.0,0.0,0.0,0.0,0.0,0.0,0.0,0.0,0.0,0.0,0.0,0.0,0.0,0.0,0.0,0.0,0.0,0.0,0.0,0.0,0.0,0.2691616358979127,0.0,0.0,0.0,0.0,0.0,0.0,0.0,0.0,0.0,0.1649315299201417,0.0,0.0,0.0,0.0,0.0,0.0,0.0,0.0,0.0,0.0,0.0,0.0,0.0,0.0,0.0,0.0,0.0,0.0,0.09875028531826376,0.0,0.0,0.0,0.0,0.0,0.0,0.0,0.0,0.0,0.0,0.0,0.0,0.0,0.0,0.0,0.0,0.0,0.0,0.0,0.1387926238225086,0.0,0.0,0.0,0.0,0.0,0.0,0.181515639122095,0.0,0.0,0.0,0.0,0.0,0.0,0.0,0.22822745841910644,0.2597650437881516,0.0,0.13120497255097607,0.0,0.12789678820857997,0.0,0.0,0.24921286075953838,0.0,0.17913400481948072,0.0,0.20609477242533972,0.0,0.0,0.0,0.0,0.0,0.0,0.0,0.0,0.0,0.0,0.0,0.0,0.0,0.3664311917198538,0.0,0.0,0.17540936175574784,0.0,0.0,0.0,0.26305535853156553,0.0,0.0,0.0,0.0,0.0,0.0,0.1705234173368164,0.0,0.0,0.30105715964692475,0.0,0.0,0.0
9b5b364a32c759ada38bdc4cbfaad3ed8dc333f87796e27eef52a96d43c821a2,0.0,0.21976467778361308,0.2588067745877564,0.0,0.0,0.0,0.0,0.0,0.0,0.0,0.0,0.0,0.0,0.0,0.0,0.0,0.0,0.0,0.0,0.0,0.0,0.0,0.0,0.0,0.0,0.0,0.0,0.0,0.0,0.0,0.0,0.0,0.0,0.0,0.16802215633955006,0.0,0.0,0.0,0.0,0.0,0.0,0.0,0.0,0.0,0.0,0.3119109040200597,0.0,0.0,0.0,0.0,0.24332548952897592,0.0,0.0,0.0,0.0,0.0,0.0,0.0,0.0,0.0,0.14910016846458257,0.0,0.0,0.20831015303843184,0.19842799626917781,0.0,0.0,0.16773424754902894,0.0,0.0,0.0,0.0,0.0,0.0,0.0,0.09757277735064929,0.0,0.0,0.0,0.08927149456509492,0.0,0.0,0.0,0.0,0.32338281780842276,0.3020158142181794,0.0,0.0,0.0,0.0,0.0,0.0,0.0,0.0,0.0,0.0,0.0,0.0,0.0,0.0,0.0,0.0,0.13782432472787548,0.0,0.0,0.0,0.0,0.0,0.0,0.0,0.0,0.0,0.0,0.0,0.20632048047458654,0.0,0.0,0.1186109382494271,0.13043468728412122,0.1156202981759252,0.13782432472787548,0.0,0.22529154698788723,0.0,0.0,0.0,0.0,0.0,0.0,0.0,0.0,0.0,0.0,0.0,0.0,0.0,0.0,0.0,0.0,0.0,0.0,0.0,0.0,0.0,0.30778857884049665,0.10621691620348947,0.21917593119784115,0.0,0.0,0.0,0.0,0.0,0.0,0.0,0.15415530471575828,0.0,0.0,0.0,0.0,0.0,0.0
9bd421c6f7f7d8278036944fcad3e04db408619678acf1b2024ef69d85c3932b,0.0,0.0,0.0,0.0,0.0,0.0,0.0,0.0,0.0,0.0,0.0,0.0,0.0,0.0,0.0,0.0,0.0,0.5256590876082348,0.0,0.0,0.0,0.0,0.0,0.0,0.0,0.0,0.0,0.0,0.0,0.0,0.0,0.0,0.0,0.0,0.0,0.0,0.0,0.0,0.0,0.0,0.0,0.0,0.0,0.0,0.0,0.0,0.0,0.0,0.0,0.0,0.0,0.0,0.0,0.0,0.0,0.0,0.0,0.0,0.0,0.0,0.38970464590624343,0.0,0.0,0.0,0.0,0.0,0.0,0.0,0.0,0.0,0.0,0.0,0.0,0.0,0.0,0.0,0.0,0.0,0.0,0.23332982475653868,0.0,0.0,0.0,0.0,0.0,0.0,0.0,0.0,0.0,0.0,0.0,0.0,0.0,0.0,0.0,0.0,0.0,0.0,0.0,0.32794293697110627,0.0,0.0,0.3602328570011129,0.0,0.0,0.0,0.4288900242711137,0.0,0.0,0.0,0.0,0.0,0.0,0.0,0.0,0.0,0.0,0.31001463088272907,0.0,0.0,0.0,0.0,0.0,0.0,0.0,0.0,0.0,0.0,0.0,0.0,0.0,0.0,0.0,0.0,0.0,0.0,0.0,0.0,0.0,0.0,0.0,0.0,0.0,0.0,0.0,0.0,0.0,0.0,0.0,0.0,0.0,0.0,0.0,0.0,0.0,0.0,0.0,0.0,0.0,0.0,0.0
9bdd7f965d1c67396afb0a84c78b4d12118ff377db7efdca4a1340933120f376,0.0,0.20928348692256052,0.0,0.0,0.0,0.0,0.0,0.0,0.0,0.0,0.0,0.0,0.09773910553744307,0.0,0.0,0.0,0.0,0.0,0.0,0.0,0.0,0.14283971982777807,0.0,0.0,0.0,0.0,0.0,0.0,0.0,0.0,0.0,0.0,0.0,0.0,0.16000871074291764,0.0,0.0,0.0,0.0,0.0,0.0,0.0,0.0,0.0,0.0,0.0,0.0,0.0,0.0,0.0,0.23172061779602443,0.0,0.0,0.0,0.0,0.0,0.0,0.0,0.0,0.333479294550888,0.1419891652822099,0.0,0.0,0.0,0.0,0.0,0.0,0.0,0.0,0.0,0.0,0.0,0.0,0.0,0.0,0.0,0.0,0.15784533813506632,0.0,0.08501388782672058,0.0,0.0,0.0,0.0,0.0,0.0,0.0,0.0,0.0,0.0,0.0,0.0,0.0,0.0,0.0,0.0,0.0,0.0,0.0,0.0,0.0,0.0,0.1312510980049218,0.0,0.0,0.0,0.0,0.0,0.32095719445549653,0.0,0.0,0.0,0.0,0.0,0.19648048090683318,0.0,0.0,0.11295405155344566,0.12421389299582035,0.1101060434521206,0.1312510980049218,0.30337933155736907,0.21454676430863032,0.2931092824575912,0.0,0.0,0.0,0.0,0.27054716264739326,0.0,0.0,0.0,0.0,0.14011307711620882,0.0,0.0,0.0,0.0,0.0,0.0,0.0,0.0,0.0,0.0,0.0,0.10115113501140287,0.0,0.2264637380068835,0.0,0.0,0.0,0.0,0.0,0.0,0.14680320797635196,0.0,0.0,0.2591793989978597,0.0,0.0,0.0
9c1ac77f687ad2bfe197e4a8f2b969d7caf4f8ddb707177b9461d7e74879ae33,0.0,0.0,0.0,0.0,0.0,0.0,0.0,0.0,0.0,0.0,0.0,0.0,0.0,0.0,0.0,0.0,0.0,0.0,0.0,0.0,0.0,0.0,0.0,0.0,0.0,0.0,0.0,0.0,0.0,0.0,0.0,0.0,0.0,0.0,0.2958555529809999,0.0,0.0,0.0,0.0,0.0,0.0,0.0,0.33205058732950415,0.0,0.0,0.0,0.0,0.0,0.0,0.0,0.0,0.0,0.0,0.0,0.0,0.0,0.0,0.0,0.0,0.0,0.26253747572138464,0.0,0.0,0.36679517071663237,0.0,0.0,0.0,0.2953485995155558,0.0,0.0,0.0,0.0,0.0,0.0,0.0,0.17180738914355506,0.0,0.0,0.0,0.15719038468130642,0.0,0.0,0.0,0.0,0.0,0.0,0.0,0.0,0.0,0.0,0.0,0.0,0.0,0.0,0.0,0.0,0.0,0.0,0.0,0.0,0.0,0.0,0.24268282644936137,0.0,0.0,0.0,0.2889360070942322,0.0,0.0,0.0,0.0,0.0,0.0,0.0,0.0,0.0,0.22580902595773572,0.20885165081719279,0.22967105871658172,0.0,0.24268282644936137,0.0,0.0,0.0,0.0,0.0,0.0,0.0,0.0,0.0,0.0,0.0,0.0,0.0,0.0,0.0,0.0,0.0,0.0,0.0,0.0,0.0,0.0,0.0,0.0,0.18702809893603853,0.0,0.0,0.0,0.0,0.0,0.0,0.0,0.0,0.2714386240197287,0.0,0.0,0.0,0.0,0.0,0.0
9c7cd86de644d67f36634e5b6df6b66d015e00b57914a094cb2341030c9bd8f1,0.0,0.0,0.0,0.0,0.0,0.0,0.0,0.0,0.0,0.0,0.0,0.0,0.0,0.0,0.0,0.0,0.0,0.0,0.0,0.0,0.0,0.0,0.0,0.0,0.0,0.0,0.40664542861727515,0.0,0.0,0.0,0.0,0.0,0.0,0.0,0.0,0.0,0.0,0.0,0.0,0.0,0.0,0.0,0.0,0.0,0.3756806144776893,0.0,0.0,0.0,0.0,0.0,0.0,0.0,0.0,0.0,0.0,0.0,0.0,0.0,0.37318624331502515,0.0,0.0,0.0,0.0,0.0,0.0,0.0,0.0,0.0,0.0,0.0,0.0,0.0,0.0,0.0,0.0,0.0,0.0,0.31241940689847825,0.0,0.16826590336314368,0.0,0.0,0.0,0.0,0.0,0.0,0.0,0.0,0.0,0.0,0.0,0.0,0.0,0.0,0.0,0.0,0.0,0.0,0.0,0.0,0.0,0.0,0.0,0.0,0.0,0.0,0.0,0.0,0.0,0.0,0.0,0.0,0.0,0.0,0.0,0.0,0.0,0.0,0.0,0.21793019165263258,0.0,0.0,0.0,0.0,0.0,0.0,0.35117592773331974,0.0,0.0,0.0,0.0,0.0,0.0,0.27732237751557665,0.0,0.0,0.0,0.0,0.0,0.0,0.0,0.0,0.3748440615960957,0.0,0.0,0.20020596097890012,0.0,0.0,0.0,0.0,0.0,0.0,0.0,0.0,0.0,0.0,0.0,0.0,0.0,0.0,0.0
9c9b76b13f64015e65a489b7f42491b92540a8f26885f6b9b22b97ac083bbde3,0.0,0.0,0.0,0.0,0.0,0.0,0.0,0.0,0.0,0.0,0.0,0.0,0.0,0.0,0.0,0.0,0.0,0.0,0.0,0.0,0.0,0.0,0.0,0.0,0.0,0.0,0.0,0.0,0.0,0.0,0.0,0.0,0.0,0.0,0.346960457906147,0.0,0.0,0.0,0.0,0.0,0.0,0.0,0.0,0.0,0.0,0.0,0.0,0.0,0.0,0.0,0.0,0.0,0.0,0.0,0.0,0.0,0.0,0.0,0.0,0.0,0.30788714923889043,0.0,0.0,0.4301539014810349,0.0,0.0,0.0,0.3463659353266811,0.0,0.0,0.0,0.0,0.0,0.0,0.0,0.20148471038748994,0.0,0.0,0.0,0.1843428230362538,0.0,0.0,0.0,0.0,0.0,0.0,0.0,0.0,0.0,0.0,0.0,0.0,0.0,0.0,0.0,0.0,0.0,0.0,0.0,0.0,0.0,0.0,0.0,0.0,0.0,0.0,0.3388456573381492,0.0,0.0,0.0,0.0,0.0,0.0,0.0,0.0,0.0,0.0,0.2449278496612892,0.0,0.0,0.284602887261798,0.0,0.0,0.0,0.0,0.0,0.0,0.0,0.0,0.0,0.0,0.0,0.0,0.0,0.0,0.0,0.0,0.0,0.0,0.0,0.0,0.0,0.0,0.0,0.0,0.21933458471314032,0.0,0.0,0.0,0.0,0.0,0.0,0.0,0.0,0.31832584629347066,0.0,0.0,0.0,0.0,0.0,0.0
dc20b344d15ca9f8bf167c5a179d635c56658e3069977a5c8cc93841ad26e847,0.0,0.2278811127926049,0.0,0.0,0.0,0.0,0.0,0.0,0.0,0.0,0.0,0.28611363513591825,0.10642452713657165,0.0,0.0,0.0,0.0,0.0,0.0,0.0,0.0,0.0,0.34947851694756243,0.0,0.37980108691401837,0.0,0.0,0.0,0.0,0.0,0.0,0.0,0.0,0.0,0.0,0.0,0.0,0.0,0.0,0.0,0.0,0.0,0.0,0.0,0.20667403130774378,0.0,0.0,0.22198951168328668,0.0,0.0,0.0,0.0,0.0,0.0,0.0,0.0,0.3279643111735675,0.0,0.0,0.0,0.0,0.0,0.0,0.0,0.0,0.0,0.0,0.0,0.0,0.0,0.0,0.0,0.0,0.0,0.0,0.10117637331520708,0.0,0.0,0.0,0.09256850430797357,0.0,0.0,0.0,0.0,0.0,0.0,0.0,0.0,0.0,0.0,0.0,0.0,0.0,0.0,0.0,0.0,0.0,0.0,0.0,0.13010418708990457,0.0,0.0,0.1429145065787252,0.0,0.0,0.0,0.1701527359428358,0.0,0.0,0.0,0.0,0.0,0.0,0.0,0.0,0.0,0.1329776235011263,0.12299152379832462,0.0,0.11989043223627294,0.1429145065787252,0.0,0.0,0.0,0.0,0.0,0.19319321222839503,0.0,0.0,0.0,0.0,0.0,0.0,0.0,0.0,0.0,0.0,0.0,0.0,0.0,0.0,0.0,0.20621381656740792,0.0,0.0,0.11013976088406187,0.0,0.0,0.0,0.0,0.0,0.0,0.0,0.0,0.0,0.37980108691401837,0.0,0.0,0.0,0.0,0.0
9cee5522a7ca2bfca7cd3d9daba23e9a30deb6205f56c12045839075f7627297,0.0,0.0,0.0,0.0,0.0,0.0,0.0,0.0,0.0,0.0,0.0,0.0,0.0,0.0,0.0,0.0,0.0,0.0,0.0,0.0,0.0,0.0,0.0,0.0,0.0,0.0,0.0,0.0,0.0,0.0,0.0,0.0,0.0,0.0,0.0,0.0,0.0,0.0,0.0,0.0,0.0,0.0,0.0,0.0,0.0,0.0,0.0,0.0,0.0,0.0,0.0,0.0,0.0,0.0,0.0,0.0,0.0,0.0,0.0,0.0,0.0,0.0,0.0,0.0,0.0,0.0,0.0,0.0,0.0,0.0,0.0,0.0,0.0,0.0,0.0,0.0,0.0,0.0,0.0,0.0,0.0,0.0,0.0,0.0,0.0,0.0,0.0,0.0,0.0,0.0,0.0,0.0,0.0,0.0,0.0,0.0,0.0,0.0,0.0,0.28052216812388603,0.0,0.0,0.3081429440400401,0.0,0.0,0.0,0.0,0.0,0.0,0.0,0.0,0.0,0.0,0.0,0.0,0.0,0.2867176844256407,0.0,0.0,0.0,0.0,0.0,0.0,0.0,0.0,0.0,0.0,0.0,0.0,0.0,0.0,0.0,0.0,0.0,0.0,0.0,0.0,0.0,0.8293089144811315,0.0,0.0,0.0,0.0,0.0,0.0,0.23747617360303108,0.0,0.0,0.0,0.0,0.0,0.0,0.0,0.0,0.0,0.0,0.0,0.0,0.0,0.0,0.0
9e9767d7a2b431e1d73b191eeb6a239b6be9c20dfca8e2805cceff1d77f12673,0.0,0.0,0.0,0.0,0.0,0.0,0.0,0.0,0.0,0.0,0.0,0.0,0.0,0.0,0.0,0.0,0.0,0.0,0.0,0.0,0.0,0.0,0.0,0.0,0.0,0.0,0.0,0.0,0.0,0.0,0.0,0.0,0.0,0.0,0.2958555529809999,0.0,0.0,0.0,0.0,0.0,0.0,0.0,0.33205058732950415,0.0,0.0,0.0,0.0,0.0,0.0,0.0,0.0,0.0,0.0,0.0,0.0,0.0,0.0,0.0,0.0,0.0,0.26253747572138464,0.0,0.0,0.36679517071663237,0.0,0.0,0.0,0.2953485995155558,0.0,0.0,0.0,0.0,0.0,0.0,0.0,0.17180738914355506,0.0,0.0,0.0,0.15719038468130642,0.0,0.0,0.0,0.0,0.0,0.0,0.0,0.0,0.0,0.0,0.0,0.0,0.0,0.0,0.0,0.0,0.0,0.0,0.0,0.0,0.0,0.0,0.24268282644936137,0.0,0.0,0.0,0.2889360070942322,0.0,0.0,0.0,0.0,0.0,0.0,0.0,0.0,0.0,0.22580902595773572,0.20885165081719279,0.22967105871658172,0.0,0.24268282644936137,0.0,0.0,0.0,0.0,0.0,0.0,0.0,0.0,0.0,0.0,0.0,0.0,0.0,0.0,0.0,0.0,0.0,0.0,0.0,0.0,0.0,0.0,0.0,0.0,0.18702809893603853,0.0,0.0,0.0,0.0,0.0,0.0,0.0,0.0,0.2714386240197287,0.0,0.0,0.0,0.0,0.0,0.0
9f256973ee6ddcd3d781761480c00220a140fad833dc9a6a085f45c419d1714e,0.0,0.3079402184765796,0.362647061909761,0.0,0.0,0.0,0.0,0.0,0.0,0.0,0.0,0.0,0.0,0.0,0.0,0.0,0.0,0.0,0.0,0.0,0.0,0.0,0.0,0.0,0.0,0.0,0.0,0.0,0.0,0.0,0.0,0.0,0.0,0.0,0.0,0.5071060583433934,0.0,0.0,0.0,0.0,0.0,0.0,0.2642406351539043,0.0,0.0,0.0,0.0,0.0,0.0,0.0,0.0,0.0,0.0,0.0,0.0,0.0,0.0,0.0,0.0,0.0,0.0,0.0,0.0,0.0,0.0,0.0,0.0,0.0,0.0,0.0,0.0,0.0,0.0,0.0,0.0,0.0,0.0,0.0,0.0,0.12508963595675682,0.0,0.0,0.0,0.0,0.0,0.0,0.0,0.0,0.0,0.0,0.0,0.0,0.0,0.0,0.0,0.0,0.0,0.0,0.0,0.0,0.0,0.0,0.0,0.0,0.0,0.0,0.22993073027649785,0.0,0.0,0.0,0.0,0.0,0.0,0.0,0.0,0.0,0.0,0.16620085905799825,0.0,0.0,0.1931231765546889,0.0,0.31568461729180436,0.0,0.0,0.0,0.26106577790827246,0.0,0.0,0.0,0.0,0.0,0.0,0.0,0.0,0.0,0.0,0.0,0.0,0.0,0.0,0.0,0.0,0.0,0.0,0.0,0.0,0.0,0.0,0.0,0.0,0.0,0.0,0.0,0.0,0.0,0.0,0.38135718171382355,0.0,0.0,0.0
9feed0c7fa8c1d32390e1c168051267df61f11b048ec62aa5b8e66f60e8083af,0.0,0.0,0.0,0.0,0.0,0.0,0.0,0.0,0.0,0.0,0.0,0.4639936789392939,0.0,0.0,0.0,0.0,0.0,0.0,0.0,0.0,0.0,0.25222949337318923,0.0,0.0,0.0,0.0,0.0,0.0,0.0,0.0,0.0,0.0,0.0,0.0,0.2825468720790272,0.0,0.0,0.0,0.0,0.0,0.0,0.0,0.0,0.0,0.0,0.0,0.0,0.0,0.0,0.0,0.0,0.0,0.0,0.0,0.0,0.0,0.0,0.0,0.0,0.0,0.0,0.0,0.0,0.0,0.0,0.0,0.0,0.0,0.0,0.0,0.0,0.0,0.0,0.0,0.0,0.0,0.0,0.0,0.0,0.15011937773381745,0.0,0.0,0.0,0.0,0.0,0.0,0.0,0.0,0.0,0.0,0.0,0.0,0.0,0.0,0.0,0.0,0.0,0.0,0.0,0.0,0.0,0.0,0.0,0.0,0.0,0.0,0.0,0.0,0.0,0.0,0.0,0.0,0.0,0.0,0.0,0.0,0.0,0.0,0.2193396020240196,0.19442765353180086,0.0,0.0,0.0,0.0,0.0,0.0,0.0,0.0,0.0,0.0,0.0,0.0,0.0,0.0,0.0,0.0,0.0,0.0,0.6237548411808689,0.0,0.0,0.0,0.3344192504204514,0.0,0.0,0.178614880852543,0.0,0.0,0.0,0.0,0.0,0.0,0.0,0.0,0.0,0.0,0.0,0.0,0.0,0.0,0.0
12d8bfa1aeb557c146b98f069f3456cc8392863a2f4ad938722cd7ca1a773b39,0.0,0.0,0.0,0.0,0.0,0.0,0.0,0.0,0.0,0.0,0.0,0.0,0.0,0.0,0.0,0.0,0.0,0.0,0.0,0.0,0.0,0.0,0.0,0.0,0.0,0.0,0.0,0.0,0.0,0.0,0.0,0.0,0.0,0.0,0.0,0.0,0.0,0.0,0.0,0.0,0.0,0.0,0.0,0.0,0.0,0.0,0.0,0.0,0.0,0.0,0.0,0.0,0.0,0.0,0.0,0.0,0.0,0.0,0.0,0.0,0.0,0.0,0.0,0.0,0.0,0.0,0.0,0.4479809832035439,0.0,0.0,0.0,0.0,0.0,0.0,0.0,0.0,0.0,0.0,0.0,0.23842436766308772,0.0,0.0,0.0,0.0,0.0,0.0,0.0,0.0,0.0,0.0,0.0,0.0,0.0,0.0,0.0,0.0,0.0,0.0,0.0,0.0,0.0,0.0,0.3680982113262868,0.0,0.0,0.0,0.0,0.0,0.0,0.0,0.0,0.0,0.0,0.0,0.0,0.0,0.0,0.31678351625920415,0.3483621282308944,0.3087961797425891,0.3680982113262868,0.0,0.0,0.0,0.0,0.0,0.0,0.0,0.0,0.0,0.0,0.0,0.0,0.39295193605134277,0.0,0.0,0.0,0.0,0.0,0.0,0.0,0.0,0.0,0.0,0.0,0.0,0.0,0.0,0.0,0.0,0.0,0.0,0.0,0.0,0.0,0.0,0.0,0.0,0.0,0.0,0.0
14c8e3f1f23d16c2c9a4272cd05d00461d27b372cc5f588b4bbfc6102bbed708,0.0,0.0,0.0,0.0,0.0,0.0,0.0,0.0,0.0,0.0,0.0,0.0,0.0,0.0,0.0,0.0,0.0,0.0,0.0,0.0,0.0,0.0,0.0,0.0,0.0,0.0,0.0,0.0,0.0,0.0,0.0,0.0,0.0,0.0,0.0,0.0,0.0,0.0,0.0,0.0,0.0,0.0,0.0,0.0,0.0,0.0,0.0,0.0,0.0,0.0,0.0,0.0,0.0,0.0,0.0,0.0,0.0,0.0,0.0,0.0,0.0,0.0,0.0,0.0,0.0,0.0,0.0,0.4612839185481872,0.0,0.0,0.0,0.0,0.0,0.0,0.0,0.0,0.0,0.0,0.0,0.0,0.0,0.0,0.0,0.0,0.0,0.0,0.0,0.0,0.0,0.0,0.0,0.0,0.0,0.0,0.0,0.0,0.0,0.0,0.0,0.0,0.0,0.0,0.379029002786976,0.0,0.0,0.0,0.0,0.0,0.0,0.0,0.0,0.0,0.0,0.0,0.0,0.0,0.0,0.3261905018078077,0.3587068505341452,0.31796597883632,0.379029002786976,0.0,0.0,0.0,0.0,0.0,0.0,0.0,0.0,0.0,0.0,0.0,0.0,0.40462076663754715,0.0,0.0,0.0,0.0,0.0,0.0,0.0,0.0,0.0,0.0,0.0,0.0,0.0,0.0,0.0,0.0,0.0,0.0,0.0,0.0,0.0,0.0,0.0,0.0,0.0,0.0,0.0
14cb7790f76528aeaaa36a1e35271b25002d592e1e3129e4caa5e8e14141b319,0.0,0.22480625239584648,0.0,0.0,0.0,0.0,0.0,0.0,0.0,0.0,0.16118178446684658,0.2822530278443754,0.10498851271779966,0.0,0.0,0.0,0.0,0.0,0.0,0.0,0.0,0.1534342846630673,0.0,0.0,0.0,0.0,0.0,0.0,0.0,0.0,0.0,0.0,0.0,0.0,0.0,0.0,0.0,0.0,0.0,0.0,0.0,0.3034769367241193,0.0,0.18164380461307827,0.20388532369560852,0.0,0.0,0.0,0.0,0.0,0.0,0.0,0.0,0.0,0.0,0.29362558211764417,0.32353900159165605,0.0,0.0,0.0,0.0,0.0,0.0,0.0,0.0,0.0,0.0,0.0,0.0,0.0,0.0,0.0,0.0,0.0,0.0,0.09981117363023928,0.0,0.0,0.0,0.09131945288639834,0.0,0.0,0.0,0.0,0.0,0.0,0.0,0.0,0.0,0.0,0.0,0.0,0.0,0.0,0.0,0.0,0.0,0.0,0.0,0.1283486567283371,0.0,0.0,0.14098612317293968,0.0,0.0,0.0,0.16785681987177958,0.0,0.0,0.0,0.0,0.0,0.0,0.3052547473279575,0.0,0.0,0.1311833210986679,0.1213319664921927,0.1334269616322934,0.11827271878246393,0.14098612317293968,0.0,0.0,0.0,0.1656544004986176,0.0,0.19058640488958642,0.0,0.0,0.0,0.0,0.0,0.0,0.0,0.0,0.0,0.0,0.0,0.0,0.0,0.0,0.0,0.20343131875503062,0.0,0.0,0.10865361582929788,0.2242039995001898,0.0,0.0,0.0,0.0,0.0,0.0,0.0,0.15769174869044153,0.0,0.0,0.0,0.0,0.0,0.0
15ef2d6ef402a46165be39d9dbc0081cf28ebca0f407306dd80ac3a73a32c07b,0.0,0.0,0.0,0.0,0.0,0.0,0.0,0.0,0.0,0.0,0.0,0.0,0.0,0.0,0.0,0.0,0.0,0.0,0.0,0.0,0.0,0.0,0.0,0.0,0.0,0.0,0.0,0.0,0.0,0.0,0.0,0.0,0.0,0.0,0.0,0.0,0.0,0.0,0.0,0.0,0.0,0.0,0.0,0.0,0.0,0.0,0.0,0.0,0.0,0.0,0.0,0.0,0.0,0.0,0.0,0.0,0.0,0.0,0.0,0.0,0.0,0.0,0.0,0.0,0.0,0.0,0.0,0.3053227424202796,0.0,0.0,0.0,0.0,0.0,0.0,0.0,0.0,0.0,0.0,0.0,0.0,0.0,0.0,0.0,0.0,0.0,0.0,0.0,0.0,0.0,0.0,0.0,0.0,0.0,0.0,0.0,0.0,0.0,0.0,0.0,0.0,0.0,0.0,0.2508784068431689,0.0,0.0,0.0,0.0,0.0,0.0,0.0,0.0,0.0,0.0,0.0,0.0,0.0,0.0,0.0,0.23742722199101682,0.2104609346889952,0.0,0.0,0.0,0.0,0.0,0.0,0.0,0.0,0.0,0.0,0.0,0.0,0.0,0.2678175352368511,0.8194182845091473,0.0,0.0,0.0,0.0,0.0,0.0,0.0,0.0,0.0,0.0,0.0,0.0,0.0,0.0,0.0,0.0,0.0,0.0,0.0,0.0,0.0,0.0,0.0,0.0,0.0,0.0
017b236bf38a1cf9a52fc0bdee2d5f23f038b00f9811c8a58b8b66b1c756b8d6,0.0,0.20164525078384604,0.23746835702911048,0.0,0.0,0.0,0.0,0.0,0.0,0.0,0.0,0.0,0.0,0.0,0.0,0.0,0.0,0.0,0.0,0.0,0.0,0.0,0.0,0.0,0.0,0.0,0.0,0.0,0.0,0.0,0.0,0.0,0.0,0.0,0.1541688600462504,0.0,0.0,0.0,0.0,0.0,0.0,0.0,0.0,0.0,0.0,0.286194092233829,0.0,0.0,0.0,0.0,0.2232634918996571,0.0,0.0,0.0,0.0,0.0,0.0,0.0,0.0,0.0,0.13680697537553185,0.0,0.41304593077574037,0.19113514270757867,0.18206776208882625,0.0,0.0,0.1539046891118991,0.0,0.0,0.0,0.0,0.0,0.0,0.0,0.08952797763943089,0.0,0.0,0.0,0.08191112917223127,0.0,0.0,0.0,0.0,0.0,0.2771148449009457,0.0,0.0,0.0,0.0,0.0,0.0,0.0,0.0,0.0,0.0,0.0,0.0,0.0,0.0,0.0,0.0,0.0,0.0,0.0,0.0,0.0,0.0,0.0,0.0,0.0,0.0,0.0,0.0,0.0,0.0,0.0,0.10883155851170373,0.11968044862157712,0.10608749438953716,0.1264608161973652,0.0,0.2067164339147526,0.282411649563656,0.0,0.0,0.0,0.0,0.0,0.0,0.0,0.0,0.0,0.0,0.0,0.0,0.0,0.0,0.0,0.0,0.0,0.0,0.0,0.0,0.282411649563656,0.09745941395745288,0.20110504589681225,0.21819847287207328,0.0,0.0,0.0,0.0,0.0,0.0,0.14144531956894454,0.0,0.0,0.0,0.0,0.0,0.0
21e2829a1d9fd66d9e8586f0a3243506fa44111e55fe9807bfe618258f8966ff,0.0,0.0,0.0,0.0,0.0,0.0,0.0,0.0,0.0,0.0,0.0,0.0,0.1719077424504528,0.0,0.0,0.0,0.0,0.0,0.0,0.0,0.0,0.0,0.0,0.0,0.0,0.0,0.0,0.0,0.0,0.0,0.0,0.7319774037644822,0.0,0.0,0.0,0.0,0.0,0.0,0.0,0.0,0.0,0.0,0.0,0.0,0.0,0.0,0.0,0.35858008325637525,0.0,0.0,0.0,0.0,0.0,0.0,0.0,0.0,0.0,0.0,0.0,0.0,0.0,0.0,0.0,0.0,0.3323587337096671,0.0,0.0,0.2809479668358599,0.0,0.0,0.0,0.0,0.0,0.0,0.0,0.0,0.0,0.0,0.0,0.0,0.0,0.0,0.0,0.0,0.0,0.0,0.0,0.0,0.0,0.0,0.0,0.0,0.0,0.0,0.0,0.0,0.0,0.0,0.0,0.0,0.0,0.0,0.0,0.0,0.0,0.0,0.0,0.0,0.0,0.0,0.0,0.0,0.0,0.0,0.0,0.0,0.21479900984826028,0.0,0.0,0.0,0.0,0.0,0.0,0.0,0.0,0.0,0.0,0.0,0.0,0.0,0.0,0.0,0.0,0.0,0.0,0.0,0.0,0.0,0.0,0.0,0.0,0.0,0.0,0.2656020138883709,0.0,0.0,0.0,0.0,0.0,0.0,0.0,0.0,0.0,0.0,0.0,0.0,0.0,0.0,0.0,0.0,0.0
d079f48508ae054f1bd2cfb60de81ef8e6fefa7be94d8a05e4aeccaa12152cac,0.0,0.0,0.0,0.0,0.0,0.0,0.0,0.0,0.0,0.0,0.0,0.0,0.0,0.0,0.0,0.0,0.0,0.0,0.0,0.0,0.0,0.0,0.0,0.0,0.0,0.0,0.3831447121611091,0.0,0.0,0.0,0.0,0.0,0.0,0.0,0.0,0.0,0.0,0.0,0.0,0.0,0.0,0.0,0.3349047745890401,0.0,0.3539694061925279,0.0,0.0,0.0,0.0,0.0,0.0,0.0,0.0,0.0,0.0,0.0,0.0,0.0,0.3516191888929221,0.0,0.0,0.0,0.0,0.0,0.0,0.0,0.0,0.0,0.0,0.0,0.0,0.0,0.0,0.0,0.0,0.0,0.0,0.29436416914038976,0.0,0.15854153661537523,0.0,0.0,0.0,0.0,0.0,0.0,0.0,0.0,0.0,0.0,0.0,0.0,0.0,0.0,0.0,0.0,0.0,0.0,0.0,0.2228286812618511,0.0,0.0,0.2447688406224747,0.0,0.0,0.0,0.0,0.0,0.0,0.0,0.0,0.0,0.0,0.0,0.0,0.0,0.0,0.0,0.0,0.20533564298481347,0.0,0.0,0.0,0.0,0.0,0.0,0.0,0.0,0.0,0.0,0.0,0.0,0.0,0.2612954555282713,0.0,0.0,0.0,0.0,0.0,0.0,0.0,0.0,0.3531811990949697,0.0,0.0,0.18863572511568674,0.0,0.0,0.0,0.0,0.0,0.0,0.0,0.0,0.0,0.0,0.0,0.0,0.0,0.0,0.0
23b0842149aafb9e6e909bab3937921836ad4b3dc2610e2d661c7291f7fad273,0.0,0.0,0.0,0.0,0.0,0.0,0.0,0.0,0.0,0.0,0.0,0.0,0.0,0.0,0.0,0.0,0.0,0.0,0.0,0.0,0.0,0.0,0.0,0.0,0.0,0.0,0.0,0.0,0.0,0.0,0.0,0.0,0.0,0.0,0.0,0.0,0.0,0.0,0.0,0.0,0.0,0.0,1.0,0.0,0.0,0.0,0.0,0.0,0.0,0.0,0.0,0.0,0.0,0.0,0.0,0.0,0.0,0.0,0.0,0.0,0.0,0.0,0.0,0.0,0.0,0.0,0.0,0.0,0.0,0.0,0.0,0.0,0.0,0.0,0.0,0.0,0.0,0.0,0.0,0.0,0.0,0.0,0.0,0.0,0.0,0.0,0.0,0.0,0.0,0.0,0.0,0.0,0.0,0.0,0.0,0.0,0.0,0.0,0.0,0.0,0.0,0.0,0.0,0.0,0.0,0.0,0.0,0.0,0.0,0.0,0.0,0.0,0.0,0.0,0.0,0.0,0.0,0.0,0.0,0.0,0.0,0.0,0.0,0.0,0.0,0.0,0.0,0.0,0.0,0.0,0.0,0.0,0.0,0.0,0.0,0.0,0.0,0.0,0.0,0.0,0.0,0.0,0.0,0.0,0.0,0.0,0.0,0.0,0.0,0.0,0.0,0.0,0.0,0.0,0.0,0.0,0.0,0.0,0.0,0.0,0.0
24af6536df79d1e84d9a8cbfae9fff2746db52a91ccd1f8c9cb66475c28db643,0.0,0.2278811127926049,0.0,0.0,0.0,0.0,0.0,0.0,0.0,0.0,0.0,0.28611363513591825,0.10642452713657165,0.0,0.0,0.0,0.0,0.0,0.0,0.0,0.0,0.0,0.34947851694756243,0.0,0.37980108691401837,0.0,0.0,0.0,0.0,0.0,0.0,0.0,0.0,0.0,0.0,0.0,0.0,0.0,0.0,0.0,0.0,0.0,0.0,0.0,0.20667403130774378,0.0,0.0,0.22198951168328668,0.0,0.0,0.0,0.0,0.0,0.0,0.0,0.0,0.3279643111735675,0.0,0.0,0.0,0.0,0.0,0.0,0.0,0.0,0.0,0.0,0.0,0.0,0.0,0.0,0.0,0.0,0.0,0.0,0.10117637331520708,0.0,0.0,0.0,0.09256850430797357,0.0,0.0,0.0,0.0,0.0,0.0,0.0,0.0,0.0,0.0,0.0,0.0,0.0,0.0,0.0,0.0,0.0,0.0,0.0,0.13010418708990457,0.0,0.0,0.1429145065787252,0.0,0.0,0.0,0.1701527359428358,0.0,0.0,0.0,0.0,0.0,0.0,0.0,0.0,0.0,0.1329776235011263,0.12299152379832462,0.0,0.11989043223627294,0.1429145065787252,0.0,0.0,0.0,0.0,0.0,0.19319321222839503,0.0,0.0,0.0,0.0,0.0,0.0,0.0,0.0,0.0,0.0,0.0,0.0,0.0,0.0,0.0,0.20621381656740792,0.0,0.0,0.11013976088406187,0.0,0.0,0.0,0.0,0.0,0.0,0.0,0.0,0.0,0.37980108691401837,0.0,0.0,0.0,0.0,0.0
24b6a4ab640619edb4c457633d0644aa379ec958a9d9dcf0f07f374a7e53fe05,0.0,0.0,0.0,0.0,0.0,0.0,0.0,0.0,0.0,0.0,0.0,0.0,0.0,0.0,0.0,0.0,0.0,0.0,0.0,0.0,0.0,0.0,0.0,0.0,0.0,0.0,0.0,0.0,0.0,0.0,0.0,0.0,0.0,0.0,0.346960457906147,0.0,0.0,0.0,0.0,0.0,0.0,0.0,0.0,0.0,0.0,0.0,0.0,0.0,0.0,0.0,0.0,0.0,0.0,0.0,0.0,0.0,0.0,0.0,0.0,0.0,0.30788714923889043,0.0,0.0,0.4301539014810349,0.0,0.0,0.0,0.3463659353266811,0.0,0.0,0.0,0.0,0.0,0.0,0.0,0.20148471038748994,0.0,0.0,0.0,0.1843428230362538,0.0,0.0,0.0,0.0,0.0,0.0,0.0,0.0,0.0,0.0,0.0,0.0,0.0,0.0,0.0,0.0,0.0,0.0,0.0,0.0,0.0,0.0,0.0,0.0,0.0,0.0,0.3388456573381492,0.0,0.0,0.0,0.0,0.0,0.0,0.0,0.0,0.0,0.0,0.2449278496612892,0.0,0.0,0.284602887261798,0.0,0.0,0.0,0.0,0.0,0.0,0.0,0.0,0.0,0.0,0.0,0.0,0.0,0.0,0.0,0.0,0.0,0.0,0.0,0.0,0.0,0.0,0.0,0.0,0.21933458471314032,0.0,0.0,0.0,0.0,0.0,0.0,0.0,0.0,0.31832584629347066,0.0,0.0,0.0,0.0,0.0,0.0
26b8405b53da2fa69471859793721f24e5c407bb4d2af8537e21e244c4363f55,0.45375378967294255,0.0,0.0,0.0,0.0,0.0,0.0,0.0,0.0,0.0,0.18753275700734914,0.0,0.12215266947934732,0.0,0.0,0.0,0.0,0.0,0.0,0.0,0.0,0.17851864909855208,0.0,0.0,0.0,0.0,0.0,0.0,0.0,0.0,0.0,0.0,0.0,0.0,0.0,0.0,0.0,0.0,0.0,0.0,0.0,0.0,0.0,0.21134003190913583,0.0,0.0,0.0,0.0,0.29995480766131477,0.0,0.0,0.0,0.0,0.0,0.0,0.0,0.0,0.0,0.0,0.0,0.0,0.0,0.0,0.0,0.0,0.0,0.0,0.0,0.0,0.0,0.0,0.0,0.0,0.0,0.0,0.11612890769842585,0.24732785330938362,0.19727241529422518,0.0,0.10624890911113793,0.0,0.0,0.0,0.0,0.0,0.0,0.0,0.0,0.0,0.0,0.0,0.0,0.0,0.0,0.0,0.0,0.0,0.0,0.0,0.14933187105522938,0.0,0.0,0.0,0.0,0.0,0.0,0.0,0.0,0.0,0.0,0.0,0.0,0.0,0.0,0.0,0.0,0.15262996349363378,0.14116804988025433,0.15524040794550528,0.1376086578604206,0.1640353869133235,0.0,0.0,0.0,0.19273658334695523,0.0,0.0,0.0,0.0,0.0,0.0,0.0,0.0,0.1751109374758281,0.0,0.0,0.0,0.0,0.0,0.0,0.0,0.0,0.0,0.0,0.0,0.0,0.2608582247517756,0.0,0.0,0.0,0.0,0.0,0.0,0.0,0.0,0.0,0.4258205571324225,0.0,0.0,0.0,0.0
26f410656c8f990f26ad3f78cb5cdbf983dcc22cf13c34b0f441ceacd25126ad,0.0,0.0,0.0,0.0,0.0,0.0,0.0,0.0,0.0,0.0,0.0,0.0,0.0,0.0,0.0,0.0,0.0,0.0,0.0,0.0,0.0,0.0,0.0,0.0,0.0,0.0,0.0,0.0,0.0,0.0,0.0,0.0,0.0,0.0,0.3136516523044587,0.0,0.0,0.0,0.0,0.0,0.0,0.0,0.0,0.0,0.0,0.0,0.0,0.0,0.0,0.0,0.0,0.0,0.0,0.0,0.0,0.0,0.0,0.0,0.0,0.0,0.27832944902386975,0.0,0.0,0.3888583810355457,0.0,0.0,0.0,0.31311420492354636,0.0,0.0,0.0,0.0,0.0,0.0,0.0,0.1821418288081004,0.0,0.0,0.0,0.16664559236727092,0.0,0.0,0.0,0.0,0.0,0.0,0.0,0.0,0.0,0.0,0.0,0.0,0.0,0.0,0.0,0.0,0.0,0.0,0.0,0.0,0.0,0.0,0.2572805165723786,0.0,0.0,0.0,0.3063158866623631,0.0,0.0,0.0,0.0,0.0,0.0,0.0,0.0,0.0,0.23939173486276488,0.2214143513795506,0.2434860739544627,0.0,0.2572805165723786,0.0,0.0,0.0,0.0,0.0,0.0,0.0,0.0,0.0,0.0,0.0,0.0,0.0,0.0,0.0,0.0,0.0,0.0,0.0,0.0,0.0,0.0,0.0,0.0,0.19827808424612386,0.0,0.0,0.0,0.0,0.0,0.0,0.0,0.0,0.28776601306011046,0.0,0.0,0.0,0.0,0.0,0.0
27d3e4db70a4947d13b65667f4c8815a042f3a452ce2c58bbac2f44e9700795c,0.0,0.0,0.0,0.0,0.0,0.0,0.0,0.0,0.0,0.0,0.0,0.0,0.0,0.0,0.0,0.0,0.0,0.0,0.0,0.0,0.0,0.0,0.0,0.0,0.0,0.0,0.0,0.0,0.0,0.0,0.0,0.0,0.0,0.0,0.346960457906147,0.0,0.0,0.0,0.0,0.0,0.0,0.0,0.0,0.0,0.0,0.0,0.0,0.0,0.0,0.0,0.0,0.0,0.0,0.0,0.0,0.0,0.0,0.0,0.0,0.0,0.30788714923889043,0.0,0.0,0.4301539014810349,0.0,0.0,0.0,0.3463659353266811,0.0,0.0,0.0,0.0,0.0,0.0,0.0,0.20148471038748994,0.0,0.0,0.0,0.1843428230362538,0.0,0.0,0.0,0.0,0.0,0.0,0.0,0.0,0.0,0.0,0.0,0.0,0.0,0.0,0.0,0.0,0.0,0.0,0.0,0.0,0.0,0.0,0.0,0.0,0.0,0.0,0.3388456573381492,0.0,0.0,0.0,0.0,0.0,0.0,0.0,0.0,0.0,0.0,0.2449278496612892,0.0,0.0,0.284602887261798,0.0,0.0,0.0,0.0,0.0,0.0,0.0,0.0,0.0,0.0,0.0,0.0,0.0,0.0,0.0,0.0,0.0,0.0,0.0,0.0,0.0,0.0,0.0,0.0,0.21933458471314032,0.0,0.0,0.0,0.0,0.0,0.0,0.0,0.0,0.31832584629347066,0.0,0.0,0.0,0.0,0.0,0.0
28dbc28a9cc80258bbc6d96c50d7d1b55da2c40b219323375d3113b29a11a138,0.0,0.0,0.0,0.0,0.0,0.0,0.0,0.0,0.0,0.0,0.0,0.0,0.0,0.0,0.0,0.0,0.0,0.0,0.0,0.0,0.0,0.0,0.0,0.0,0.0,0.0,0.0,0.0,0.0,0.0,0.0,0.0,0.0,0.0,0.3350210014409721,0.0,0.0,0.0,0.0,0.0,0.0,0.0,0.0,0.0,0.0,0.0,0.0,0.0,0.0,0.0,0.0,0.0,0.0,0.0,0.0,0.0,0.0,0.0,0.0,0.0,0.297292266938156,0.0,0.0,0.41535162743790116,0.0,0.0,0.0,0.33444693732094544,0.0,0.0,0.0,0.0,0.0,0.0,0.0,0.19455130378955268,0.0,0.0,0.0,0.17799929581245658,0.0,0.0,0.0,0.0,0.0,0.0,0.0,0.0,0.0,0.0,0.0,0.0,0.0,0.0,0.0,0.0,0.0,0.0,0.0,0.0,0.0,0.0,0.0,0.0,0.0,0.0,0.32718544395643656,0.0,0.0,0.0,0.0,0.0,0.0,0.0,0.0,0.0,0.0,0.23649949613712223,0.26007498361262454,0.0,0.2748092531317541,0.0,0.0,0.0,0.0,0.0,0.0,0.0,0.0,0.0,0.0,0.0,0.0,0.0,0.0,0.0,0.0,0.0,0.0,0.0,0.0,0.0,0.0,0.0,0.0,0.21178693579287597,0.0,0.0,0.0,0.0,0.0,0.0,0.0,0.0,0.3073717519667076,0.0,0.0,0.0,0.0,0.0,0.0
30dcc7a8ae98e52ee5547379048ca1fc90925e09a2a81c055021ba225c1d064c,0.0,0.2066930650558631,0.0,0.0,0.0,0.0,0.0,0.0,0.0,0.0,0.0,0.0,0.09652933251646258,0.0,0.0,0.0,0.0,0.0,0.0,0.0,0.0,0.14107171061159124,0.0,0.0,0.0,0.0,0.0,0.0,0.0,0.0,0.0,0.0,0.0,0.0,0.0,0.0,0.0,0.0,0.0,0.0,0.0,0.0,0.0,0.0,0.0,0.0,0.0,0.0,0.0,0.0,0.22885247867941289,0.0,0.0,0.0,0.0,0.0,0.0,0.0,0.0,0.3293516298727135,0.1402316838679345,0.0,0.0,0.0,0.0,0.0,0.0,0.0,0.0,0.0,0.0,0.0,0.0,0.0,0.0,0.09176914425018128,0.0,0.0,0.0,0.08396162213085713,0.0,0.0,0.0,0.0,0.0,0.0,0.0,0.0,0.0,0.0,0.0,0.0,0.0,0.0,0.0,0.0,0.0,0.0,0.0,0.0,0.0,0.0,0.0,0.0,0.0,0.4233857683680641,0.0,0.0,0.3169845229991049,0.0,0.0,0.0,0.0,0.0,0.1940485291957619,0.0,0.12061356138060915,0.11155595441076771,0.0,0.0,0.1296265278140314,0.2996242314014689,0.2118911958360929,0.28948130059540506,0.0,0.0,0.0,0.0,0.26719844509494695,0.0,0.0,0.0,0.0,0.0,0.0,0.0,0.0,0.0,0.0,0.0,0.0,0.0,0.0,0.0,0.0,0.09989912934278672,0.0,0.22366066630938194,0.0,0.0,0.0,0.0,0.0,0.0,0.1449861403919229,0.0,0.0,0.0,0.0,0.0,0.0
33d32078ebe0c9429e405fdeb347dfb1ba5543e61d1179d13edffc7943b57640,0.0,0.0,0.0,0.0,0.0,0.0,0.0,0.0,0.0,0.0,0.0,0.0,0.0,0.0,0.0,0.0,0.0,0.5256590876082348,0.0,0.0,0.0,0.0,0.0,0.0,0.0,0.0,0.0,0.0,0.0,0.0,0.0,0.0,0.0,0.0,0.0,0.0,0.0,0.0,0.0,0.0,0.0,0.0,0.0,0.0,0.0,0.0,0.0,0.0,0.0,0.0,0.0,0.0,0.0,0.0,0.0,0.0,0.0,0.0,0.0,0.0,0.38970464590624343,0.0,0.0,0.0,0.0,0.0,0.0,0.0,0.0,0.0,0.0,0.0,0.0,0.0,0.0,0.0,0.0,0.0,0.0,0.23332982475653868,0.0,0.0,0.0,0.0,0.0,0.0,0.0,0.0,0.0,0.0,0.0,0.0,0.0,0.0,0.0,0.0,0.0,0.0,0.0,0.32794293697110627,0.0,0.0,0.3602328570011129,0.0,0.0,0.0,0.4288900242711137,0.0,0.0,0.0,0.0,0.0,0.0,0.0,0.0,0.0,0.0,0.31001463088272907,0.0,0.0,0.0,0.0,0.0,0.0,0.0,0.0,0.0,0.0,0.0,0.0,0.0,0.0,0.0,0.0,0.0,0.0,0.0,0.0,0.0,0.0,0.0,0.0,0.0,0.0,0.0,0.0,0.0,0.0,0.0,0.0,0.0,0.0,0.0,0.0,0.0,0.0,0.0,0.0,0.0,0.0,0.0
33f1b0ff64ac9ed2e5bf583bd5195cc4f3ecf25d60be43690a2d88729c1eb626,0.0,0.0,0.0,0.0,0.0,0.0,0.0,0.0,0.0,0.0,0.0,0.0,0.0,0.0,0.0,0.0,0.0,0.0,0.0,0.0,0.0,0.0,0.0,0.0,0.0,0.0,0.0,0.0,0.0,0.0,0.0,0.0,0.0,0.0,0.3350210014409721,0.0,0.0,0.0,0.0,0.0,0.0,0.0,0.0,0.0,0.0,0.0,0.0,0.0,0.0,0.0,0.0,0.0,0.0,0.0,0.0,0.0,0.0,0.0,0.0,0.0,0.297292266938156,0.0,0.0,0.41535162743790116,0.0,0.0,0.0,0.33444693732094544,0.0,0.0,0.0,0.0,0.0,0.0,0.0,0.19455130378955268,0.0,0.0,0.0,0.17799929581245658,0.0,0.0,0.0,0.0,0.0,0.0,0.0,0.0,0.0,0.0,0.0,0.0,0.0,0.0,0.0,0.0,0.0,0.0,0.0,0.0,0.0,0.0,0.0,0.0,0.0,0.0,0.32718544395643656,0.0,0.0,0.0,0.0,0.0,0.0,0.0,0.0,0.0,0.0,0.23649949613712223,0.26007498361262454,0.0,0.2748092531317541,0.0,0.0,0.0,0.0,0.0,0.0,0.0,0.0,0.0,0.0,0.0,0.0,0.0,0.0,0.0,0.0,0.0,0.0,0.0,0.0,0.0,0.0,0.0,0.0,0.21178693579287597,0.0,0.0,0.0,0.0,0.0,0.0,0.0,0.0,0.3073717519667076,0.0,0.0,0.0,0.0,0.0,0.0
a07c0e1563f9d8402a8dc658421e2964425f3492cffafc718d1291c47ade6b92,0.0,0.0,0.0,0.0,0.0,0.0,0.0,0.0,0.0,0.0,0.0,0.0,0.12757623343637697,0.0,0.0,0.0,0.0,0.0,0.0,0.0,0.0,0.0,0.0,0.0,0.0,0.0,0.0,0.0,0.0,0.0,0.0,0.0,0.0,0.0,0.0,0.0,0.0,0.0,0.0,0.0,0.0,0.0,0.0,0.0,0.0,0.0,0.0,0.0,0.0,0.0,0.0,0.0,0.0,0.0,0.0,0.0,0.0,0.0,0.0,0.0,0.0,0.0,0.0,0.0,0.24665017870608114,0.0,0.0,0.0,0.0,0.0,0.0,0.0,0.0,0.0,0.0,0.0,0.0,0.0,0.0,0.0,0.5068661919479504,0.0,0.0,0.0,0.0,0.0,0.0,0.0,0.0,0.0,0.0,0.0,0.0,0.0,0.6417037103040416,0.0,0.0,0.0,0.0,0.0,0.0,0.0,0.0,0.0,0.0,0.0,0.2039703228619928,0.0,0.0,0.0,0.0,0.0,0.0,0.0,0.0,0.0,0.0,0.0,0.0,0.0,0.0,0.0,0.0,0.0,0.0,0.0,0.0,0.0,0.0,0.0,0.0,0.0,0.0,0.0,0.0,0.0,0.0,0.0,0.0,0.0,0.0,0.0,0.0,0.0,0.0,0.0,0.0,0.0,0.46107170054149926,0.0,0.0,0.0,0.0,0.0,0.0,0.0,0.0,0.0,0.0,0.0,0.0
34c485ad11076ede709ff409c0e1867dc50fd40311ae6e7318ddf50679fa4049,0.0,0.0,0.0,0.0,0.34023838026880543,0.0,0.0,0.0,0.0,0.0,0.0,0.0,0.12228889280682209,0.0,0.0,0.0,0.0,0.0,0.0,0.0,0.0,0.0,0.0,0.0,0.0,0.0,0.0,0.0,0.0,0.0,0.0,0.0,0.0,0.0,0.0,0.0,0.0,0.0,0.0,0.0,0.0,0.0,0.22469158422902616,0.0,0.0,0.0,0.0,0.0,0.0,0.0,0.28992344092951616,0.0,0.0,0.0,0.0,0.0,0.0,0.0,0.0,0.0,0.17765353711237328,0.0,0.0,0.0,0.0,0.0,0.0,0.0,0.0,0.0,0.0,0.0,0.0,0.0,0.0,0.0,0.0,0.0,0.0,0.10636739673814907,0.0,0.0,0.0,0.0,0.0,0.0,0.0,0.0,0.0,0.0,0.0,0.0,0.0,0.0,0.0,0.0,0.0,0.0,0.0,0.14949840433247893,0.0,0.0,0.0,0.0,0.0,0.0,0.19551686294832105,0.0,0.0,0.0,0.0,0.0,0.0,0.0,0.24583180228761026,0.279802041910726,0.0,0.14132547895298586,0.15541353035878544,0.13776211753791257,0.0,0.0,0.2684359153720468,0.0,0.1929515210869289,0.0,0.22199190973041422,0.0,0.0,0.0,0.0,0.0,0.0,0.0,0.0,0.0,0.0,0.0,0.0,0.0,0.0,0.0,0.0,0.1889395773726276,0.0,0.12655794462902176,0.0,0.2833461553538227,0.0,0.0,0.0,0.0,0.0,0.0,0.18367675522711116,0.0,0.0,0.3242792285391217,0.0,0.0,0.0
34c392448fc0818278cd19bb0841adf573e967be8a0f73bb42bb367a5835b6ea,0.0,0.0,0.27792059086926846,0.0,0.3066427221904855,0.0,0.0,0.0,0.0,0.0,0.0,0.0,0.11021390048447302,0.0,0.0,0.0,0.0,0.0,0.0,0.0,0.0,0.0,0.0,0.0,0.0,0.0,0.0,0.0,0.0,0.0,0.0,0.0,0.0,0.0,0.0,0.0,0.0,0.0,0.0,0.0,0.0,0.0,0.0,0.0,0.0,0.0,0.0,0.0,0.0,0.0,0.26129595692061985,0.0,0.0,0.0,0.0,0.0,0.0,0.0,0.0,0.0,0.16011175512847103,0.0,0.0,0.0,0.0,0.0,0.0,0.0,0.0,0.0,0.0,0.0,0.0,0.0,0.0,0.0,0.0,0.0,0.0,0.09586451729029659,0.0,0.0,0.0,0.0,0.0,0.0,0.0,0.0,0.0,0.0,0.0,0.0,0.0,0.0,0.0,0.0,0.0,0.0,0.0,0.13473670322386103,0.0,0.0,0.0,0.0,0.0,0.0,0.1762112288485817,0.0,0.0,0.0,0.0,0.0,0.0,0.0,0.2215579941184473,0.25217396032210004,0.0,0.12737078499721222,0.14006776065886706,0.12415927533859186,0.0,0.0,0.24193014250287428,0.0,0.17389919276639426,0.0,0.20007208901658385,0.0,0.0,0.0,0.0,0.0,0.0,0.1579962150558383,0.0,0.0,0.0,0.0,0.0,0.0,0.3557230158993279,0.0,0.0,0.17028339451089933,0.0,0.11406141960003348,0.0,0.2553681225829375,0.0,0.0,0.0,0.0,0.0,0.0,0.16554023147376476,0.0,0.0,0.29225940151286267,0.0,0.0,0.0
34c1121937c35b39b654428cf3fc6b16e3e2eed03c1ccbcfc77183d1749ebadc,0.0,0.0,0.0,0.0,0.0,0.0,0.0,0.0,0.0,0.0,0.0,0.0,0.230012115593899,0.0,0.0,0.0,0.0,0.4507192966904527,0.0,0.0,0.0,0.0,0.0,0.0,0.0,0.0,0.0,0.0,0.0,0.0,0.0,0.0,0.0,0.0,0.0,0.0,0.0,0.0,0.0,0.0,0.0,0.0,0.0,0.0,0.0,0.0,0.0,0.0,0.0,0.0,0.0,0.0,0.0,0.0,0.0,0.0,0.0,0.0,0.0,0.0,0.0,0.0,0.0,0.0,0.0,0.0,0.0,0.3759076543183963,0.0,0.0,0.0,0.0,0.0,0.0,0.0,0.0,0.0,0.0,0.0,0.2000655120216478,0.0,0.0,0.0,0.0,0.0,0.0,0.0,0.0,0.0,0.0,0.0,0.0,0.0,0.0,0.0,0.0,0.0,0.0,0.0,0.0,0.0,0.0,0.30887680586118055,0.0,0.0,0.0,0.36774596816463234,0.0,0.0,0.0,0.0,0.0,0.0,0.0,0.0,0.0,0.0,0.2658178650177777,0.29231595845920266,0.2591155695034875,0.0,0.0,0.0,0.0,0.0,0.0,0.0,0.0,0.0,0.0,0.0,0.0,0.0,0.329731944165625,0.0,0.0,0.0,0.0,0.0,0.0,0.0,0.0,0.0,0.0,0.0,0.0,0.0,0.0,0.0,0.0,0.0,0.0,0.0,0.0,0.0,0.0,0.0,0.0,0.0,0.0,0.0
34e1a82f7334c825aab19a21d94361c3225ee8ad9a2027830aeea7d82f59ca15,0.0,0.0,0.0,0.0,0.0,0.0,0.0,0.0,0.0,0.0,0.0,0.0,0.0,0.0,0.0,0.0,0.0,0.5405803754581913,0.0,0.0,0.0,0.0,0.0,0.0,0.0,0.0,0.0,0.0,0.0,0.0,0.0,0.0,0.0,0.0,0.0,0.0,0.0,0.0,0.0,0.0,0.0,0.0,0.0,0.0,0.0,0.0,0.0,0.0,0.0,0.0,0.0,0.0,0.0,0.0,0.0,0.0,0.0,0.0,0.0,0.0,0.40076674934003054,0.0,0.0,0.0,0.0,0.0,0.0,0.0,0.0,0.0,0.0,0.0,0.0,0.0,0.0,0.0,0.0,0.0,0.0,0.0,0.0,0.0,0.0,0.0,0.0,0.0,0.0,0.0,0.0,0.0,0.0,0.0,0.0,0.0,0.0,0.0,0.0,0.0,0.0,0.33725188087840335,0.0,0.0,0.37045837821636074,0.0,0.0,0.0,0.4410644385616428,0.0,0.0,0.0,0.0,0.0,0.0,0.0,0.0,0.0,0.0,0.3188146643153229,0.0,0.0,0.0,0.0,0.0,0.0,0.0,0.0,0.0,0.0,0.0,0.0,0.0,0.0,0.0,0.0,0.0,0.0,0.0,0.0,0.0,0.0,0.0,0.0,0.0,0.0,0.0,0.0,0.0,0.0,0.0,0.0,0.0,0.0,0.0,0.0,0.0,0.0,0.0,0.0,0.0,0.0,0.0
38da8fbce28210c11fbec12da0f3b4d4b233b46dd1510778122c51dc5f70f697,0.0,0.0,0.0,0.0,0.0,0.0,0.0,0.0,0.0,0.0,0.0,0.0,0.0,0.0,0.0,0.0,0.0,0.0,0.0,0.0,0.0,0.0,0.0,0.0,0.0,0.0,0.0,0.0,0.0,0.0,0.0,0.0,0.0,0.0,0.0,0.0,0.0,0.0,0.0,0.0,0.0,0.0,0.36143050775033303,0.0,0.0,0.0,0.0,0.0,0.0,0.0,0.0,0.0,0.0,0.0,0.0,0.0,0.0,0.0,0.0,0.0,0.2857668583471272,0.0,0.0,0.3992493007125093,0.0,0.0,0.0,0.32148111871980445,0.0,0.0,0.0,0.0,0.0,0.0,0.0,0.18700895063255507,0.0,0.0,0.0,0.1710986298977904,0.0,0.0,0.0,0.0,0.0,0.0,0.0,0.0,0.0,0.0,0.0,0.0,0.0,0.0,0.0,0.0,0.0,0.0,0.0,0.0,0.0,0.0,0.0,0.0,0.0,0.0,0.3145011384900601,0.0,0.0,0.0,0.0,0.0,0.0,0.0,0.0,0.0,0.0,0.22733089800093254,0.24999241240647815,0.2215990076412334,0.26415546465767376,0.0,0.0,0.0,0.0,0.0,0.0,0.0,0.0,0.0,0.0,0.0,0.0,0.0,0.0,0.0,0.0,0.0,0.0,0.0,0.0,0.0,0.0,0.0,0.0,0.20357639269872055,0.0,0.0,0.0,0.0,0.0,0.0,0.0,0.0,0.2954555825108312,0.0,0.0,0.0,0.0,0.0,0.0
40a68110241e86f1cdece1dc5a6dfb72e028b40e8d55447cc3a961341b932784,0.0,0.0,0.0,0.0,0.3198385381190674,0.0,0.0,0.0,0.0,0.0,0.0,0.0,0.11495675670872968,0.0,0.0,0.0,0.0,0.0,0.0,0.0,0.0,0.0,0.0,0.0,0.0,0.0,0.0,0.0,0.0,0.0,0.0,0.0,0.0,0.0,0.0,0.0,0.0,0.0,0.0,0.0,0.0,0.0,0.21121963892107656,0.0,0.0,0.0,0.0,0.0,0.0,0.0,0.2725403566760632,0.0,0.0,0.0,0.0,0.0,0.0,0.0,0.0,0.0,0.16700187544042489,0.0,0.0,0.0,0.0,0.0,0.0,0.0,0.0,0.0,0.0,0.0,0.0,0.0,0.0,0.0,0.0,0.0,0.0,0.09998987371554802,0.0,0.0,0.0,0.0,0.0,0.0,0.0,0.0,0.0,0.0,0.0,0.0,0.0,0.0,0.0,0.0,0.0,0.0,0.0,0.1405348539898902,0.0,0.0,0.0,0.0,0.0,0.0,0.18379416094566461,0.0,0.0,0.0,0.0,0.0,0.0,0.0,0.23109234238866877,0.2630258114230201,0.0,0.13285195677098127,0.0,0.12950224559234672,0.0,0.0,0.25234116939840373,0.0,0.18138263056489135,0.0,0.2086818301519683,0.0,0.0,0.0,0.0,0.0,0.0,0.0,0.0,0.0,0.0,0.0,0.0,0.0,0.37103091365680874,0.0,0.0,0.17761123295952905,0.0,0.11896984686301545,0.0,0.2663574286899276,0.0,0.0,0.0,0.0,0.0,0.0,0.17266395646452348,0.0,0.0,0.3048362572041109,0.0,0.0,0.0
41e99d281f1093e49ef23383633e481b3a18afd2386f94371fb215dec16ba2a0,0.0,0.0,0.0,0.0,0.0,0.0,0.0,0.0,0.0,0.0,0.20959839017236692,0.0,0.1365254971275502,0.0,0.0,0.0,0.0,0.0,0.0,0.0,0.0,0.19952365690083598,0.0,0.0,0.0,0.0,0.0,0.0,0.0,0.0,0.0,0.0,0.0,0.0,0.0,0.0,0.0,0.0,0.0,0.0,0.0,0.39463688531690266,0.0,0.2362068961925175,0.0,0.0,0.0,0.0,0.0,0.0,0.0,0.0,0.0,0.0,0.0,0.3818263306170381,0.0,0.0,0.0,0.0,0.0,0.0,0.0,0.0,0.0,0.0,0.0,0.0,0.0,0.0,0.0,0.0,0.0,0.0,0.0,0.12979296254420009,0.0,0.0,0.0,0.11875045545452054,0.0,0.0,0.0,0.0,0.0,0.0,0.0,0.0,0.0,0.0,0.0,0.0,0.0,0.0,0.0,0.0,0.0,0.0,0.0,0.16690268022549767,0.0,0.0,0.0,0.0,0.0,0.0,0.21827850672427965,0.0,0.0,0.0,0.0,0.0,0.0,0.39694872372859674,0.0,0.0,0.17058883552316723,0.0,0.17350643223255285,0.15380008069840237,0.0,0.0,0.0,0.0,0.2154145133975763,0.0,0.0,0.0,0.0,0.0,0.0,0.0,0.0,0.0,0.0,0.0,0.0,0.0,0.0,0.0,0.0,0.0,0.0,0.0,0.0,0.1412915425868854,0.29155153928148664,0.0,0.0,0.0,0.0,0.0,0.0,0.0,0.2050599996662801,0.0,0.0,0.0,0.0,0.0,0.0
041fd213326dd5c10a16caf88ff076bb98c68c052284430fba5f601023d39a14,0.0,0.20598823381998174,0.0,0.0,0.0,0.0,0.0,0.0,0.0,0.0,0.0,0.0,0.09620016381059432,0.0,0.0,0.0,0.0,0.0,0.0,0.0,0.0,0.14059065069740692,0.0,0.0,0.0,0.0,0.0,0.0,0.0,0.0,0.0,0.0,0.0,0.0,0.15748930891017615,0.0,0.0,0.0,0.0,0.0,0.0,0.0,0.17675658609355252,0.0,0.0,0.0,0.0,0.0,0.0,0.0,0.2280720829978329,0.0,0.0,0.0,0.0,0.0,0.0,0.0,0.0,0.32822852825215365,0.1397534884769878,0.0,0.0,0.0,0.0,0.0,0.0,0.0,0.0,0.0,0.0,0.0,0.0,0.0,0.0,0.0,0.0,0.15535999947855952,0.0,0.08367530979678292,0.0,0.0,0.0,0.0,0.0,0.0,0.0,0.0,0.0,0.0,0.0,0.0,0.0,0.0,0.0,0.0,0.0,0.0,0.0,0.0,0.0,0.0,0.12918449640974852,0.0,0.0,0.0,0.0,0.0,0.3159035936847114,0.0,0.0,0.0,0.0,0.0,0.19338681630947302,0.0,0.0,0.11117554435106873,0.12225809503824274,0.10837237928858091,0.12918449640974852,0.2986025013436093,0.21116863877597494,0.28849415831848313,0.0,0.0,0.0,0.0,0.26628728820523245,0.0,0.0,0.0,0.0,0.1379069400775523,0.0,0.0,0.0,0.0,0.0,0.0,0.0,0.0,0.0,0.0,0.0,0.09955846950120413,0.0,0.22289797490601876,0.0,0.0,0.0,0.0,0.0,0.0,0.14449173212287675,0.0,0.0,0.2550985145896779,0.0,0.0,0.0
42a1d242616debc2ef4264d0878adfdeb439dbfc69011d75472f0522066d7b0a,0.0,0.0,0.0,0.0,0.0,0.0,0.0,0.0,0.0,0.0,0.0,0.3571042021940839,0.13283060011779568,0.44865504254961525,0.0,0.0,0.0,0.0,0.0,0.0,0.0,0.0,0.0,0.45799685684445274,0.0,0.0,0.0,0.0,0.0,0.0,0.0,0.0,0.0,0.0,0.2174570040843506,0.0,0.0,0.0,0.0,0.0,0.0,0.0,0.0,0.0,0.0,0.0,0.0,0.0,0.0,0.0,0.0,0.0,0.0,0.0,0.0,0.0,0.0,0.0,0.0,0.0,0.0,0.0,0.0,0.0,0.0,0.0,0.0,0.0,0.0,0.0,0.0,0.0,0.0,0.0,0.0,0.12628027341812645,0.0,0.0,0.0,0.11553661839113326,0.0,0.0,0.0,0.0,0.0,0.0,0.0,0.0,0.27706958959664946,0.0,0.0,0.0,0.0,0.0,0.0,0.0,0.0,0.0,0.0,0.1623856615948381,0.0,0.0,0.1783744798793405,0.0,0.0,0.0,0.21237106365497718,0.0,0.0,0.0,0.0,0.0,0.0,0.0,0.0,0.0,0.16597205556972613,0.15350820299693455,0.16881069106246,0.14963766803389023,0.0,0.0,0.0,0.0,0.0,0.0,0.0,0.0,0.0,0.0,0.0,0.0,0.0,0.0,0.0,0.0,0.0,0.0,0.0,0.0,0.0,0.0,0.25737962614650917,0.0,0.0,0.13746765833675043,0.0,0.0,0.0,0.0,0.0,0.0,0.0,0.0,0.0,0.0,0.0,0.0,0.0,0.0,0.0
43bef6cb68e3b49bbc9e40c3b1642d6e7b0c465bc04d3082662bb2e8a66bd9e0,0.0,0.0,0.0,0.0,0.0,0.0,0.0,0.0,0.0,0.0,0.0,0.3119206446875358,0.0,0.0,0.0,0.0,0.0,0.0,0.0,0.0,0.0,0.0,0.0,0.0,0.0,0.0,0.0,0.0,0.0,0.0,0.0,0.0,0.0,0.0,0.0,0.0,0.0,0.0,0.0,0.0,0.0,0.0,0.0,0.20073638561513565,0.0,0.0,0.0,0.0,0.0,0.0,0.0,0.0,0.0,0.0,0.0,0.0,0.0,0.0,0.0,0.0,0.0,0.0,0.0,0.0,0.2243153287268645,0.0,0.0,0.0,0.0,0.0,0.0,0.0,0.0,0.0,0.34794332220803076,0.11030232647470326,0.0,0.18737458904499646,0.0,0.10091804093079117,0.46096806847574073,0.0,0.0,0.0,0.0,0.0,0.0,0.0,0.0,0.0,0.0,0.0,0.0,0.0,0.0,0.0,0.0,0.0,0.0,0.0,0.0,0.0,0.0,0.0,0.0,0.0,0.0,0.0,0.0,0.0,0.0,0.0,0.0,0.3373400749945745,0.0,0.0,0.0,0.0,0.14745147008304593,0.13070436470893976,0.0,0.0,0.0,0.0,0.0,0.0,0.0,0.0,0.0,0.0,0.0,0.0,0.0,0.166325027743389,0.0,0.0,0.0,0.0,0.0,0.0,0.0,0.0,0.2248139854524123,0.0,0.0,0.12007419780734091,0.0,0.0,0.4193203938314069,0.0,0.0,0.0,0.0,0.0,0.0,0.0,0.0,0.0,0.0,0.0,0.0
7bfaad45889d0cb9d2bde28ef578cbe57cad912dffb0498cadc6306ed4451df4,0.0,0.0,0.0,0.0,0.0,0.0,0.0,0.5403727610265319,0.0,0.0,0.0,0.0,0.10743076656159112,0.0,0.0,0.0,0.2775678715613441,0.0,0.5403727610265319,0.0,0.0,0.0,0.0,0.0,0.0,0.0,0.0,0.0,0.0,0.0,0.0,0.0,0.0,0.0,0.17587493109457855,0.0,0.0,0.0,0.0,0.0,0.0,0.0,0.19739150939729477,0.0,0.0,0.0,0.0,0.0,0.0,0.0,0.0,0.0,0.0,0.0,0.0,0.0,0.0,0.0,0.0,0.0,0.1560685949173597,0.0,0.0,0.0,0.2077018348732043,0.0,0.0,0.17557356644245437,0.0,0.0,0.0,0.0,0.0,0.0,0.0,0.102132991666723,0.0,0.0,0.0,0.09344373562030288,0.0,0.0,0.0,0.0,0.0,0.0,0.0,0.0,0.0,0.0,0.0,0.0,0.0,0.0,0.0,0.0,0.0,0.0,0.0,0.13133431670318413,0.0,0.0,0.0,0.0,0.0,0.0,0.0,0.0,0.0,0.0,0.0,0.0,0.0,0.0,0.21596318650701005,0.0,0.0,0.1241544034795308,0.0,0.0,0.14426575722362753,0.0,0.0,0.0,0.0,0.0,0.0,0.0,0.0,0.0,0.0,0.0,0.0,0.0,0.0,0.0,0.0,0.0,0.0,0.0,0.0,0.0,0.0,0.16598337890775378,0.0,0.11118112768780193,0.0,0.0,0.0,0.0,0.0,0.0,0.0,0.0,0.0,0.0,0.0,0.0,0.0,0.0,0.0
43f846c12c24a078ebe33f71e8ea3b4f75107aeb275e2c3cd9dc61617c9757fc,0.0,0.0,0.0,0.0,0.0,0.0,0.0,0.0,0.0,0.0,0.0,0.0,0.0,0.0,0.0,0.0,0.0,0.5405803754581913,0.0,0.0,0.0,0.0,0.0,0.0,0.0,0.0,0.0,0.0,0.0,0.0,0.0,0.0,0.0,0.0,0.0,0.0,0.0,0.0,0.0,0.0,0.0,0.0,0.0,0.0,0.0,0.0,0.0,0.0,0.0,0.0,0.0,0.0,0.0,0.0,0.0,0.0,0.0,0.0,0.0,0.0,0.40076674934003054,0.0,0.0,0.0,0.0,0.0,0.0,0.0,0.0,0.0,0.0,0.0,0.0,0.0,0.0,0.0,0.0,0.0,0.0,0.0,0.0,0.0,0.0,0.0,0.0,0.0,0.0,0.0,0.0,0.0,0.0,0.0,0.0,0.0,0.0,0.0,0.0,0.0,0.0,0.33725188087840335,0.0,0.0,0.37045837821636074,0.0,0.0,0.0,0.4410644385616428,0.0,0.0,0.0,0.0,0.0,0.0,0.0,0.0,0.0,0.0,0.3188146643153229,0.0,0.0,0.0,0.0,0.0,0.0,0.0,0.0,0.0,0.0,0.0,0.0,0.0,0.0,0.0,0.0,0.0,0.0,0.0,0.0,0.0,0.0,0.0,0.0,0.0,0.0,0.0,0.0,0.0,0.0,0.0,0.0,0.0,0.0,0.0,0.0,0.0,0.0,0.0,0.0,0.0,0.0,0.0
45a2cc9060b21404632f07ee468d105ccd42075feb680f00d3aa1c20a19d272a,0.0,0.0,0.0,0.0,0.0,0.0,0.0,0.0,0.0,0.0,0.0,0.0,0.0,0.0,0.0,0.0,0.0,0.0,0.0,0.0,0.0,0.0,0.0,0.0,0.0,0.0,0.0,0.0,0.0,0.0,0.0,0.0,0.0,0.0,0.3350210014409721,0.0,0.0,0.0,0.0,0.0,0.0,0.0,0.0,0.0,0.0,0.0,0.0,0.0,0.0,0.0,0.0,0.0,0.0,0.0,0.0,0.0,0.0,0.0,0.0,0.0,0.297292266938156,0.0,0.0,0.41535162743790116,0.0,0.0,0.0,0.33444693732094544,0.0,0.0,0.0,0.0,0.0,0.0,0.0,0.19455130378955268,0.0,0.0,0.0,0.17799929581245658,0.0,0.0,0.0,0.0,0.0,0.0,0.0,0.0,0.0,0.0,0.0,0.0,0.0,0.0,0.0,0.0,0.0,0.0,0.0,0.0,0.0,0.0,0.0,0.0,0.0,0.0,0.32718544395643656,0.0,0.0,0.0,0.0,0.0,0.0,0.0,0.0,0.0,0.0,0.23649949613712223,0.26007498361262454,0.0,0.2748092531317541,0.0,0.0,0.0,0.0,0.0,0.0,0.0,0.0,0.0,0.0,0.0,0.0,0.0,0.0,0.0,0.0,0.0,0.0,0.0,0.0,0.0,0.0,0.0,0.0,0.21178693579287597,0.0,0.0,0.0,0.0,0.0,0.0,0.0,0.0,0.3073717519667076,0.0,0.0,0.0,0.0,0.0,0.0
45a378dfed22be8f90961877254497cf42affb28367a904680cde7f92fccc243,0.0,0.23474684635453333,0.27645058688405194,0.0,0.0,0.0,0.0,0.0,0.0,0.0,0.0,0.0,0.0,0.0,0.0,0.0,0.0,0.0,0.0,0.0,0.0,0.0,0.0,0.0,0.0,0.0,0.0,0.0,0.0,0.0,0.0,0.0,0.0,0.0,0.1794768463985563,0.0,0.0,0.0,0.0,0.0,0.0,0.0,0.0,0.0,0.0,0.3331750206664024,0.0,0.0,0.0,0.0,0.259913885528238,0.0,0.0,0.0,0.0,0.0,0.0,0.0,0.0,0.0,0.1592648768263535,0.0,0.0,0.22251142441348395,0.21195556457213297,0.0,0.0,0.1791693098039852,0.0,0.0,0.0,0.0,0.0,0.0,0.0,0.10422467342850616,0.0,0.0,0.0,0.09535746158054573,0.0,0.0,0.0,0.0,0.0,0.3226053460998943,0.0,0.0,0.0,0.0,0.0,0.0,0.0,0.0,0.0,0.0,0.0,0.0,0.0,0.0,0.0,0.0,0.0,0.0,0.0,0.0,0.0,0.0,0.0,0.0,0.0,0.0,0.0,0.0,0.22038610853310073,0.0,0.0,0.12669708334394345,0.13932690095601133,0.12350256030722817,0.14722031723709686,0.0,0.24065050261541263,0.0,0.0,0.0,0.0,0.0,0.0,0.0,0.0,0.0,0.0,0.0,0.0,0.0,0.0,0.0,0.0,0.0,0.0,0.0,0.0,0.0,0.3287716613763206,0.11345811510630356,0.23411796274272723,0.0,0.0,0.0,0.0,0.0,0.0,0.0,0.16466464035898273,0.0,0.0,0.0,0.0,0.0,0.0
45e69aa7263b1e2716d8b45f9b4d2e71ef1f245a4f756e7278c06a889f5e5d37,0.0,0.0,0.0,0.0,0.0,0.0,0.0,0.0,0.0,0.0,0.1700135209087015,0.0,0.11074121533747229,0.0,0.0,0.0,0.0,0.0,0.0,0.0,0.0,0.1618415074008667,0.0,0.0,0.0,0.0,0.0,0.3669656289368631,0.0,0.0,0.0,0.0,0.0,0.0,0.0,0.0,0.0,0.0,0.0,0.0,0.0,0.3201055423087671,0.0,0.19159672959120116,0.0,0.0,0.0,0.0,0.0,0.0,0.0,0.0,0.0,0.0,0.0,0.3097143961385775,0.0,0.0,0.0,0.0,0.0,0.0,0.0,0.0,0.0,0.0,0.0,0.0,0.0,0.0,0.0,0.0,0.0,0.0,0.3321012402104827,0.10528019100320309,0.22422258292865233,0.17884330416483157,0.0,0.09632317798210198,0.0,0.0,0.0,0.0,0.0,0.0,0.0,0.0,0.0,0.0,0.0,0.0,0.0,0.0,0.0,0.0,0.0,0.0,0.0,0.0,0.0,0.0,0.0,0.0,0.0,0.0,0.17705430579104237,0.0,0.0,0.0,0.0,0.0,0.0,0.3219807656242747,0.0,0.0,0.13837133258112524,0.12798018641093561,0.1407379103432272,0.12475331138790935,0.14871126584921035,0.0,0.0,0.0,0.0,0.0,0.0,0.0,0.0,0.0,0.0,0.0,0.0,0.15875214285215425,0.0,0.0,0.0,0.0,0.0,0.0,0.0,0.0,0.0,0.0,0.0,0.11460714278417715,0.23648895241434947,0.0,0.0,0.0,0.0,0.0,0.0,0.0,0.166332253373374,0.0,0.0,0.0,0.0,0.0,0.0
47c2ec67d40d8e342db29823981ab4539c758486d30d00bd15106acdb39a96cc,0.0,0.0,0.0,0.0,0.0,0.0,0.30839191865255866,0.0,0.0,0.0,0.0,0.0,0.11577318497467949,0.0,0.0,0.0,0.29912210036103865,0.22686286925655022,0.0,0.0,0.0,0.0,0.0,0.0,0.0,0.3056338927052313,0.0,0.0,0.0,0.0,0.0,0.0,0.0,0.0,0.0,0.0,0.0,0.0,0.0,0.0,0.0,0.0,0.0,0.0,0.0,0.0,0.0,0.0,0.0,0.2822298129158073,0.0,0.0,0.0,0.0,0.0,0.0,0.0,0.0,0.0,0.0,0.16818793057524098,0.30700121856865575,0.0,0.0,0.0,0.0,0.0,0.0,0.0,0.0,0.0,0.0,0.0,0.0,0.0,0.11006401717770445,0.0,0.0,0.0,0.0,0.0,0.0,0.0,0.0,0.0,0.0,0.0,0.0,0.24148975325553734,0.0,0.0,0.0,0.0,0.0,0.0,0.0,0.0,0.0,0.0,0.0,0.0,0.0,0.15546855645852392,0.0,0.0,0.0,0.0,0.0,0.0,0.0,0.0,0.0,0.0,0.0,0.2327335710190894,0.26489383304496134,0.14465878700436124,0.13379547758524182,0.14713289968385324,0.13042197660105512,0.15546855645852392,0.0,0.0,0.0,0.0,0.0,0.0,0.0,0.0,0.0,0.0,0.0,0.2966566397517268,0.0,0.0,0.0,0.0,0.0,0.0,0.0,0.0,0.0,0.0,0.1788726362479479,0.0,0.11981477628304762,0.0,0.0,0.0,0.0,0.0,0.0,0.0,0.0,0.0,0.0,0.0,0.0,0.0,0.0,0.0
47fc82f745787ef02d2e51a15e7ce14ab2a1a278b82a49840a48cc337782aac1,0.0,0.0,0.0,0.0,0.0,0.0,0.0,0.0,0.0,0.0,0.17550629351482827,0.30733735151377,0.1143190267416694,0.3861294593379079,0.0,0.0,0.0,0.0,0.0,0.0,0.3231395093988058,0.1670702597591166,0.0,0.39416937722761225,0.0,0.0,0.24030334093427325,0.0,0.0,0.0,0.0,0.0,0.0,0.0,0.18715170332014253,0.0,0.0,0.0,0.0,0.0,0.0,0.0,0.0,0.0,0.2220049714814236,0.0,0.0,0.0,0.0,0.0,0.0,0.0,0.0,0.0,0.0,0.0,0.0,0.0,0.2205309459994294,0.0,0.0,0.0,0.0,0.0,0.0,0.0,0.0,0.0,0.0,0.0,0.0,0.0,0.0,0.0,0.0,0.10868156841141952,0.0,0.0,0.0,0.09943517349003152,0.0,0.0,0.0,0.0,0.0,0.0,0.0,0.0,0.0,0.0,0.0,0.0,0.0,0.0,0.0,0.0,0.0,0.0,0.0,0.0,0.0,0.0,0.0,0.0,0.26075929396081793,0.0,0.18277455107181673,0.0,0.0,0.0,0.0,0.0,0.0,0.0,0.0,0.0,0.0,0.0,0.14528485069505917,0.12878382359454196,0.0,0.0,0.0,0.0,0.1803763988102104,0.0,0.0,0.0,0.0,0.0,0.0,0.0,0.0,0.16388108446080726,0.0,0.0,0.0,0.0,0.0,0.0,0.0,0.0,0.0,0.0,0.0,0.11830985402141717,0.0,0.0,0.0,0.0,0.0,0.0,0.0,0.0,0.0,0.0,0.0,0.0,0.0,0.0,0.0
49b769536224f160b6087dc866edf6445531c6136ab76b9d5079ce622b043200,0.0,0.0,0.38324965120494264,0.0,0.0,0.0,0.0,0.0,0.0,0.0,0.0,0.0,0.0,0.0,0.0,0.0,0.0,0.0,0.0,0.0,0.0,0.0,0.0,0.0,0.0,0.0,0.0,0.0,0.0,0.0,0.0,0.0,0.0,0.0,0.0,0.0,0.0,0.0,0.0,0.0,0.0,0.0,0.0,0.26295184511943837,0.0,0.0,0.0,0.0,0.0,0.0,0.0,0.0,0.0,0.0,0.0,0.0,0.0,0.0,0.0,0.0,0.2207924721046029,0.0,0.0,0.30847258006129497,0.0,0.0,0.0,0.0,0.0,0.0,0.0,0.0,0.0,0.0,0.0,0.14448900321986752,0.0,0.24544874496416808,0.0,0.1321961884850719,0.0,0.0,0.0,0.0,0.0,0.0,0.0,0.0,0.0,0.0,0.0,0.0,0.0,0.0,0.0,0.0,0.0,0.0,0.0,0.0,0.0,0.0,0.20409482890721004,0.0,0.0,0.0,0.0,0.0,0.0,0.0,0.0,0.0,0.0,0.0,0.0,0.0,0.18990406199247192,0.17564300928981333,0.0,0.0,0.20409482890721004,0.0,0.33361919115163075,0.0,0.0,0.0,0.0,0.0,0.0,0.0,0.0,0.0,0.0,0.21787516399004167,0.0,0.0,0.0,0.0,0.0,0.0,0.0,0.0,0.0,0.0,0.4557835306799027,0.15728953058471348,0.0,0.0,0.0,0.0,0.0,0.0,0.0,0.0,0.0,0.0,0.0,0.0,0.0,0.0,0.0
52be85cc7005732821ac9f996966b4c111f599ea7a45cbf2242917106223b34e,0.0,0.0,0.0,0.0,0.0,0.0,0.3121878603572922,0.0,0.0,0.0,0.0,0.0,0.11719821667802426,0.0,0.0,0.0,0.30280394150826784,0.2296552842797099,0.0,0.0,0.0,0.0,0.0,0.0,0.0,0.30939588635528836,0.0,0.0,0.0,0.0,0.0,0.0,0.0,0.0,0.0,0.0,0.0,0.0,0.0,0.0,0.0,0.0,0.0,0.0,0.0,0.0,0.0,0.0,0.0,0.28570372987785725,0.0,0.0,0.0,0.0,0.0,0.0,0.0,0.0,0.0,0.0,0.1702581261325463,0.31078004239147355,0.0,0.0,0.0,0.0,0.0,0.0,0.0,0.0,0.0,0.0,0.0,0.0,0.0,0.11141877574213382,0.0,0.0,0.0,0.0,0.0,0.0,0.0,0.0,0.0,0.0,0.0,0.0,0.24446220801263252,0.0,0.0,0.0,0.0,0.0,0.0,0.0,0.0,0.0,0.0,0.0,0.0,0.0,0.0,0.0,0.0,0.0,0.0,0.0,0.0,0.0,0.0,0.0,0.0,0.0,0.2355982474742407,0.26815436449006363,0.14643936648564354,0.13544234250793374,0.1489439325815004,0.13202731769545484,0.15738219148441612,0.0,0.0,0.0,0.0,0.0,0.0,0.0,0.0,0.0,0.0,0.0,0.30030813397939615,0.0,0.0,0.0,0.0,0.0,0.0,0.0,0.0,0.0,0.0,0.1810743479618472,0.0,0.12128955522058697,0.0,0.0,0.0,0.0,0.0,0.0,0.0,0.0,0.0,0.0,0.0,0.0,0.0,0.0,0.0
55c30024aed833336eb4720a1a4a40c78496efb27b3c4d5c3f1d1b5935c12715,0.0,0.0,0.0,0.0,0.0,0.0,0.0,0.0,0.0,0.0,0.0,0.0,0.0,0.0,0.0,0.0,0.0,0.5405803754581913,0.0,0.0,0.0,0.0,0.0,0.0,0.0,0.0,0.0,0.0,0.0,0.0,0.0,0.0,0.0,0.0,0.0,0.0,0.0,0.0,0.0,0.0,0.0,0.0,0.0,0.0,0.0,0.0,0.0,0.0,0.0,0.0,0.0,0.0,0.0,0.0,0.0,0.0,0.0,0.0,0.0,0.0,0.40076674934003054,0.0,0.0,0.0,0.0,0.0,0.0,0.0,0.0,0.0,0.0,0.0,0.0,0.0,0.0,0.0,0.0,0.0,0.0,0.0,0.0,0.0,0.0,0.0,0.0,0.0,0.0,0.0,0.0,0.0,0.0,0.0,0.0,0.0,0.0,0.0,0.0,0.0,0.0,0.33725188087840335,0.0,0.0,0.37045837821636074,0.0,0.0,0.0,0.4410644385616428,0.0,0.0,0.0,0.0,0.0,0.0,0.0,0.0,0.0,0.0,0.3188146643153229,0.0,0.0,0.0,0.0,0.0,0.0,0.0,0.0,0.0,0.0,0.0,0.0,0.0,0.0,0.0,0.0,0.0,0.0,0.0,0.0,0.0,0.0,0.0,0.0,0.0,0.0,0.0,0.0,0.0,0.0,0.0,0.0,0.0,0.0,0.0,0.0,0.0,0.0,0.0,0.0,0.0,0.0,0.0
7c90795c9b28fac978386626f5a54033dc9cba46ef6a3f742fc7d52b394590f2,0.0,0.0,0.0,0.0,0.0,0.0,0.0,0.0,0.0,0.0,0.0,0.0,0.22279292437008785,0.0,0.0,0.0,0.0,0.0,0.0,0.0,0.0,0.0,0.0,0.0,0.0,0.0,0.0,0.0,0.0,0.0,0.0,0.0,0.0,0.0,0.36473434450907005,0.0,0.0,0.0,0.0,0.0,0.0,0.0,0.4093560255779827,0.0,0.0,0.0,0.0,0.0,0.0,0.0,0.0,0.0,0.0,0.0,0.0,0.0,0.0,0.0,0.0,0.0,0.0,0.0,0.0,0.0,0.0,0.0,0.0,0.0,0.0,0.0,0.0,0.0,0.0,0.0,0.0,0.0,0.0,0.0,0.0,0.1937862289289085,0.0,0.0,0.0,0.0,0.0,0.0,0.0,0.0,0.4647208103066274,0.0,0.0,0.0,0.0,0.0,0.0,0.0,0.0,0.0,0.0,0.0,0.0,0.0,0.0,0.0,0.0,0.0,0.0,0.0,0.0,0.0,0.0,0.0,0.0,0.0,0.0,0.0,0.0,0.0,0.2831412904359996,0.25098293335742,0.29918235685203015,0.0,0.0,0.0,0.0,0.0,0.404437603613502,0.0,0.0,0.0,0.0,0.0,0.0,0.0,0.0,0.0,0.0,0.0,0.0,0.0,0.0,0.0,0.0,0.0,0.0,0.0,0.0,0.0,0.0,0.0,0.0,0.0,0.0,0.0,0.0,0.0,0.0,0.0,0.0,0.0,0.0
60ae6bfa08d3a76d5b4cc7688871531c7bce2f73e3d2e980e9cf03b62e34233e,0.0,0.0,0.0,0.0,0.0,0.0,0.0,0.0,0.0,0.0,0.0,0.0,0.0,0.0,0.0,0.0,0.0,0.0,0.0,0.0,0.0,0.0,0.0,0.0,0.0,0.0,0.0,0.0,0.0,0.0,0.0,0.0,0.0,0.0,0.346960457906147,0.0,0.0,0.0,0.0,0.0,0.0,0.0,0.0,0.0,0.0,0.0,0.0,0.0,0.0,0.0,0.0,0.0,0.0,0.0,0.0,0.0,0.0,0.0,0.0,0.0,0.30788714923889043,0.0,0.0,0.4301539014810349,0.0,0.0,0.0,0.3463659353266811,0.0,0.0,0.0,0.0,0.0,0.0,0.0,0.20148471038748994,0.0,0.0,0.0,0.1843428230362538,0.0,0.0,0.0,0.0,0.0,0.0,0.0,0.0,0.0,0.0,0.0,0.0,0.0,0.0,0.0,0.0,0.0,0.0,0.0,0.0,0.0,0.0,0.0,0.0,0.0,0.0,0.3388456573381492,0.0,0.0,0.0,0.0,0.0,0.0,0.0,0.0,0.0,0.0,0.2449278496612892,0.0,0.0,0.284602887261798,0.0,0.0,0.0,0.0,0.0,0.0,0.0,0.0,0.0,0.0,0.0,0.0,0.0,0.0,0.0,0.0,0.0,0.0,0.0,0.0,0.0,0.0,0.0,0.0,0.21933458471314032,0.0,0.0,0.0,0.0,0.0,0.0,0.0,0.0,0.31832584629347066,0.0,0.0,0.0,0.0,0.0,0.0
62b096449d5dc6f876c43e48d1c27a63de0f75e70279f811b5c6ba18f9126f7b,0.0,0.0,0.0,0.0,0.0,0.0,0.0,0.0,0.0,0.0,0.0,0.0,0.0,0.0,0.0,0.0,0.0,0.5405803754581913,0.0,0.0,0.0,0.0,0.0,0.0,0.0,0.0,0.0,0.0,0.0,0.0,0.0,0.0,0.0,0.0,0.0,0.0,0.0,0.0,0.0,0.0,0.0,0.0,0.0,0.0,0.0,0.0,0.0,0.0,0.0,0.0,0.0,0.0,0.0,0.0,0.0,0.0,0.0,0.0,0.0,0.0,0.40076674934003054,0.0,0.0,0.0,0.0,0.0,0.0,0.0,0.0,0.0,0.0,0.0,0.0,0.0,0.0,0.0,0.0,0.0,0.0,0.0,0.0,0.0,0.0,0.0,0.0,0.0,0.0,0.0,0.0,0.0,0.0,0.0,0.0,0.0,0.0,0.0,0.0,0.0,0.0,0.33725188087840335,0.0,0.0,0.37045837821636074,0.0,0.0,0.0,0.4410644385616428,0.0,0.0,0.0,0.0,0.0,0.0,0.0,0.0,0.0,0.0,0.3188146643153229,0.0,0.0,0.0,0.0,0.0,0.0,0.0,0.0,0.0,0.0,0.0,0.0,0.0,0.0,0.0,0.0,0.0,0.0,0.0,0.0,0.0,0.0,0.0,0.0,0.0,0.0,0.0,0.0,0.0,0.0,0.0,0.0,0.0,0.0,0.0,0.0,0.0,0.0,0.0,0.0,0.0,0.0,0.0
64cc071973e05ae577f32bab349fafb4dba96ba9b8cab272aa5cd9d6074e5a39,0.0,0.0,0.0,0.0,0.0,0.0,0.0,0.0,0.0,0.0,0.0,0.0,0.0,0.0,0.0,0.0,0.0,0.5256590876082348,0.0,0.0,0.0,0.0,0.0,0.0,0.0,0.0,0.0,0.0,0.0,0.0,0.0,0.0,0.0,0.0,0.0,0.0,0.0,0.0,0.0,0.0,0.0,0.0,0.0,0.0,0.0,0.0,0.0,0.0,0.0,0.0,0.0,0.0,0.0,0.0,0.0,0.0,0.0,0.0,0.0,0.0,0.38970464590624343,0.0,0.0,0.0,0.0,0.0,0.0,0.0,0.0,0.0,0.0,0.0,0.0,0.0,0.0,0.0,0.0,0.0,0.0,0.23332982475653868,0.0,0.0,0.0,0.0,0.0,0.0,0.0,0.0,0.0,0.0,0.0,0.0,0.0,0.0,0.0,0.0,0.0,0.0,0.0,0.32794293697110627,0.0,0.0,0.3602328570011129,0.0,0.0,0.0,0.4288900242711137,0.0,0.0,0.0,0.0,0.0,0.0,0.0,0.0,0.0,0.0,0.31001463088272907,0.0,0.0,0.0,0.0,0.0,0.0,0.0,0.0,0.0,0.0,0.0,0.0,0.0,0.0,0.0,0.0,0.0,0.0,0.0,0.0,0.0,0.0,0.0,0.0,0.0,0.0,0.0,0.0,0.0,0.0,0.0,0.0,0.0,0.0,0.0,0.0,0.0,0.0,0.0,0.0,0.0,0.0,0.0
64d341ecbc52f9d78080bf23559ec1778824979dd19498ee44032ec1d5224ff6,0.0,0.22188216801269736,0.2613004456450771,0.0,0.0,0.0,0.0,0.0,0.0,0.0,0.0,0.0,0.0,0.0,0.0,0.0,0.0,0.0,0.0,0.0,0.0,0.0,0.0,0.0,0.0,0.0,0.0,0.0,0.0,0.0,0.0,0.0,0.0,0.0,0.16964109382261996,0.0,0.0,0.0,0.0,0.0,0.0,0.0,0.0,0.0,0.0,0.3149162472729806,0.0,0.0,0.0,0.0,0.24566999435004674,0.0,0.0,0.0,0.0,0.0,0.0,0.0,0.0,0.0,0.15053678763861308,0.0,0.0,0.21031727592153793,0.20033990198357324,0.0,0.0,0.16935041095549588,0.0,0.0,0.0,0.0,0.0,0.0,0.0,0.09851291661574105,0.0,0.0,0.0,0.09013164879635617,0.0,0.0,0.0,0.0,0.3264986959553073,0.30492581568923294,0.0,0.0,0.0,0.0,0.0,0.0,0.0,0.0,0.0,0.0,0.0,0.0,0.0,0.0,0.0,0.0,0.0,0.0,0.0,0.0,0.0,0.0,0.0,0.0,0.0,0.0,0.0,0.0,0.2083084323414242,0.0,0.0,0.11975378570489024,0.13169145965829565,0.11673433003100063,0.13915229819424285,0.0,0.22746229004929883,0.0,0.0,0.0,0.0,0.0,0.0,0.0,0.0,0.0,0.0,0.0,0.0,0.0,0.0,0.0,0.0,0.0,0.0,0.0,0.0,0.0,0.31075420241063295,0.10724034401041761,0.2212877486993727,0.0,0.0,0.0,0.0,0.0,0.0,0.0,0.15564063145156123,0.0,0.0,0.0,0.0,0.0,0.0
64ede667123138343b6419c3af54e04ab8c51800ea4bc2ebc89df894a9192c07,0.0,0.0,0.0,0.0,0.0,0.0,0.0,0.0,0.0,0.0,0.0,0.0,0.0,0.0,0.0,0.0,0.0,0.0,0.0,0.0,0.0,0.0,0.0,0.0,0.0,0.0,0.0,0.0,0.0,0.0,0.0,0.0,0.0,0.0,0.346960457906147,0.0,0.0,0.0,0.0,0.0,0.0,0.0,0.0,0.0,0.0,0.0,0.0,0.0,0.0,0.0,0.0,0.0,0.0,0.0,0.0,0.0,0.0,0.0,0.0,0.0,0.30788714923889043,0.0,0.0,0.4301539014810349,0.0,0.0,0.0,0.3463659353266811,0.0,0.0,0.0,0.0,0.0,0.0,0.0,0.20148471038748994,0.0,0.0,0.0,0.1843428230362538,0.0,0.0,0.0,0.0,0.0,0.0,0.0,0.0,0.0,0.0,0.0,0.0,0.0,0.0,0.0,0.0,0.0,0.0,0.0,0.0,0.0,0.0,0.0,0.0,0.0,0.0,0.3388456573381492,0.0,0.0,0.0,0.0,0.0,0.0,0.0,0.0,0.0,0.0,0.2449278496612892,0.0,0.0,0.284602887261798,0.0,0.0,0.0,0.0,0.0,0.0,0.0,0.0,0.0,0.0,0.0,0.0,0.0,0.0,0.0,0.0,0.0,0.0,0.0,0.0,0.0,0.0,0.0,0.0,0.21933458471314032,0.0,0.0,0.0,0.0,0.0,0.0,0.0,0.0,0.31832584629347066,0.0,0.0,0.0,0.0,0.0,0.0
68eb2d2d7866775d6bf106a914281491d23769a9eda88fc078328150b8432bb3,0.0,0.2066930650558631,0.0,0.0,0.0,0.0,0.0,0.0,0.0,0.0,0.0,0.0,0.09652933251646258,0.0,0.0,0.0,0.0,0.0,0.0,0.0,0.0,0.14107171061159124,0.0,0.0,0.0,0.0,0.0,0.0,0.0,0.0,0.0,0.0,0.0,0.0,0.0,0.0,0.0,0.0,0.0,0.0,0.0,0.0,0.0,0.0,0.0,0.0,0.0,0.0,0.0,0.0,0.22885247867941289,0.0,0.0,0.0,0.0,0.0,0.0,0.0,0.0,0.3293516298727135,0.1402316838679345,0.0,0.0,0.0,0.0,0.0,0.0,0.0,0.0,0.0,0.0,0.0,0.0,0.0,0.0,0.09176914425018128,0.0,0.0,0.0,0.08396162213085713,0.0,0.0,0.0,0.0,0.0,0.0,0.0,0.0,0.0,0.0,0.0,0.0,0.0,0.0,0.0,0.0,0.0,0.0,0.0,0.0,0.0,0.0,0.0,0.0,0.0,0.4233857683680641,0.0,0.0,0.3169845229991049,0.0,0.0,0.0,0.0,0.0,0.1940485291957619,0.0,0.12061356138060915,0.11155595441076771,0.0,0.0,0.1296265278140314,0.2996242314014689,0.2118911958360929,0.28948130059540506,0.0,0.0,0.0,0.0,0.26719844509494695,0.0,0.0,0.0,0.0,0.0,0.0,0.0,0.0,0.0,0.0,0.0,0.0,0.0,0.0,0.0,0.0,0.09989912934278672,0.0,0.22366066630938194,0.0,0.0,0.0,0.0,0.0,0.0,0.1449861403919229,0.0,0.0,0.0,0.0,0.0,0.0
69bd331c4855ae99d2fb5a727b58095b9bcc426c31760fa4f932f2af50f0203c,0.0,0.0,0.0,0.0,0.0,0.0,0.0,0.0,0.0,0.0,0.0,0.0,0.0,0.0,0.0,0.0,0.0,0.0,0.0,0.0,0.0,0.0,0.0,0.0,0.0,0.0,0.0,0.0,0.0,0.0,0.0,0.0,0.0,0.0,0.3350210014409721,0.0,0.0,0.0,0.0,0.0,0.0,0.0,0.0,0.0,0.0,0.0,0.0,0.0,0.0,0.0,0.0,0.0,0.0,0.0,0.0,0.0,0.0,0.0,0.0,0.0,0.297292266938156,0.0,0.0,0.41535162743790116,0.0,0.0,0.0,0.33444693732094544,0.0,0.0,0.0,0.0,0.0,0.0,0.0,0.19455130378955268,0.0,0.0,0.0,0.17799929581245658,0.0,0.0,0.0,0.0,0.0,0.0,0.0,0.0,0.0,0.0,0.0,0.0,0.0,0.0,0.0,0.0,0.0,0.0,0.0,0.0,0.0,0.0,0.0,0.0,0.0,0.0,0.32718544395643656,0.0,0.0,0.0,0.0,0.0,0.0,0.0,0.0,0.0,0.0,0.23649949613712223,0.26007498361262454,0.0,0.2748092531317541,0.0,0.0,0.0,0.0,0.0,0.0,0.0,0.0,0.0,0.0,0.0,0.0,0.0,0.0,0.0,0.0,0.0,0.0,0.0,0.0,0.0,0.0,0.0,0.0,0.21178693579287597,0.0,0.0,0.0,0.0,0.0,0.0,0.0,0.0,0.3073717519667076,0.0,0.0,0.0,0.0,0.0,0.0
71b46e95fba31267475537a338f49ce1cd0bc56c0f15346b05b673051cbe90a8,0.0,0.0,0.0,0.0,0.0,0.0,0.0,0.0,0.0,0.0,0.0,0.0,0.0,0.0,0.0,0.0,0.0,0.5256590876082348,0.0,0.0,0.0,0.0,0.0,0.0,0.0,0.0,0.0,0.0,0.0,0.0,0.0,0.0,0.0,0.0,0.0,0.0,0.0,0.0,0.0,0.0,0.0,0.0,0.0,0.0,0.0,0.0,0.0,0.0,0.0,0.0,0.0,0.0,0.0,0.0,0.0,0.0,0.0,0.0,0.0,0.0,0.38970464590624343,0.0,0.0,0.0,0.0,0.0,0.0,0.0,0.0,0.0,0.0,0.0,0.0,0.0,0.0,0.0,0.0,0.0,0.0,0.23332982475653868,0.0,0.0,0.0,0.0,0.0,0.0,0.0,0.0,0.0,0.0,0.0,0.0,0.0,0.0,0.0,0.0,0.0,0.0,0.0,0.32794293697110627,0.0,0.0,0.3602328570011129,0.0,0.0,0.0,0.4288900242711137,0.0,0.0,0.0,0.0,0.0,0.0,0.0,0.0,0.0,0.0,0.31001463088272907,0.0,0.0,0.0,0.0,0.0,0.0,0.0,0.0,0.0,0.0,0.0,0.0,0.0,0.0,0.0,0.0,0.0,0.0,0.0,0.0,0.0,0.0,0.0,0.0,0.0,0.0,0.0,0.0,0.0,0.0,0.0,0.0,0.0,0.0,0.0,0.0,0.0,0.0,0.0,0.0,0.0,0.0,0.0
72c885ddcce541cac13dd4b9dab1f72936fb35873984b28f4ff50e1976261125,0.0,0.0,0.0,0.0,0.0,0.0,0.0,0.0,0.0,0.0,0.0,0.3228504716048633,0.0,0.0,0.0,0.0,0.0,0.0,0.0,0.3909065256773305,0.3394502571513648,0.0,0.0,0.0,0.0,0.0,0.25243286104578266,0.0,0.0,0.0,0.0,0.0,0.0,0.0,0.19659834830018802,0.0,0.0,0.0,0.0,0.0,0.0,0.0,0.0,0.0,0.2332108654817718,0.0,0.0,0.0,0.0,0.0,0.0,0.0,0.0,0.0,0.0,0.0,0.0,0.0,0.23166243728169966,0.0,0.0,0.0,0.0,0.0,0.0,0.0,0.0,0.0,0.0,0.0,0.0,0.0,0.0,0.0,0.0,0.11416736509103066,0.0,0.19394027125246538,0.0,0.10445425034493323,0.0,0.0,0.0,0.0,0.0,0.0,0.0,0.0,0.0,0.0,0.0,0.0,0.0,0.0,0.0,0.0,0.0,0.0,0.0,0.14680949455550754,0.0,0.0,0.1612646521589192,0.4460893983568553,0.0,0.0,0.0,0.0,0.0,0.0,0.0,0.0,0.0,0.0,0.0,0.0,0.15005187865247244,0.0,0.15261822987968468,0.13528429908628445,0.0,0.0,0.0,0.0,0.0,0.0,0.0,0.0,0.0,0.0,0.0,0.0,0.0,0.17215312471682281,0.0,0.0,0.0,0.0,0.0,0.0,0.0,0.0,0.0,0.0,0.0,0.12428164679035344,0.0,0.0,0.0,0.0,0.0,0.0,0.0,0.0,0.0,0.0,0.0,0.0,0.0,0.0,0.0
7e2adc1e8273c9662cc51304835805cc31d1a65c5b151789b69e5441cb666465,0.0,0.0,0.0,0.0,0.0,0.0,0.0,0.0,0.0,0.0,0.0,0.0,0.2534076286301956,0.0,0.0,0.0,0.0,0.0,0.0,0.0,0.0,0.0,0.0,0.0,0.0,0.0,0.0,0.0,0.0,0.0,0.0,0.0,0.0,0.0,0.0,0.0,0.0,0.0,0.0,0.0,0.0,0.0,0.0,0.0,0.0,0.0,0.0,0.0,0.0,0.0,0.0,0.0,0.0,0.0,0.0,0.0,0.0,0.0,0.0,0.0,0.0,0.0,0.0,0.0,0.48992696526263746,0.0,0.0,0.4141428246890609,0.0,0.0,0.0,0.0,0.0,0.0,0.0,0.2409112403413208,0.0,0.0,0.0,0.2204150283179101,0.0,0.0,0.0,0.0,0.0,0.0,0.0,0.0,0.0,0.0,0.0,0.0,0.0,0.0,0.0,0.0,0.0,0.0,0.0,0.0,0.0,0.0,0.34029398281934325,0.0,0.0,0.0,0.0,0.0,0.0,0.0,0.0,0.0,0.0,0.0,0.0,0.0,0.3166332530569411,0.29285533350175924,0.0,0.0,0.34029398281934325,0.0,0.0,0.0,0.0,0.0,0.0,0.0,0.0,0.0,0.0,0.0,0.0,0.0,0.0,0.0,0.0,0.0,0.0,0.0,0.0,0.0,0.0,0.0,0.0,0.0,0.0,0.0,0.0,0.0,0.0,0.0,0.0,0.0,0.0,0.0,0.0,0.0,0.0,0.0,0.0
8af8843d8d5492c165ef41a8636f86f104bf1c3108372a0933961810c9032cf2,0.0,0.0,0.0,0.0,0.0,0.0,0.0,0.0,0.0,0.0,0.0,0.0,0.26250409176655665,0.0,0.0,0.0,0.0,0.0,0.0,0.0,0.0,0.0,0.0,0.0,0.0,0.0,0.0,0.0,0.0,0.0,0.0,0.0,0.0,0.0,0.0,0.0,0.0,0.0,0.0,0.0,0.0,0.0,0.0,0.0,0.0,0.0,0.0,0.0,0.0,0.0,0.0,0.0,0.0,0.0,0.0,0.0,0.0,0.0,0.0,0.0,0.0,0.0,0.0,0.0,0.5075136598823343,0.0,0.0,0.42900912906330724,0.0,0.0,0.0,0.0,0.0,0.0,0.0,0.24955912607682826,0.0,0.0,0.0,0.22832717046860987,0.0,0.0,0.0,0.0,0.0,0.0,0.0,0.0,0.0,0.0,0.0,0.0,0.0,0.0,0.0,0.0,0.0,0.0,0.0,0.32091175207416345,0.0,0.0,0.0,0.0,0.0,0.0,0.0,0.0,0.0,0.0,0.0,0.0,0.0,0.0,0.0,0.0,0.32799929886127543,0.0,0.0,0.0,0.0,0.0,0.0,0.0,0.0,0.0,0.0,0.0,0.0,0.0,0.0,0.0,0.0,0.0,0.0,0.0,0.0,0.0,0.0,0.0,0.0,0.0,0.0,0.40557577240728593,0.0,0.0,0.0,0.0,0.0,0.0,0.0,0.0,0.0,0.0,0.0,0.0,0.0,0.0,0.0,0.0,0.0
e824adf88884f9b4a3475b65c4f31fc75669bf80441f098a2b0662a1a1d4b070,0.0,0.0,0.0,0.0,0.0,0.0,0.0,0.0,0.0,0.0,0.0,0.0,0.17584843817715962,0.0,0.0,0.0,0.0,0.34458308500261553,0.0,0.0,0.0,0.0,0.0,0.0,0.0,0.0,0.0,0.0,0.0,0.0,0.0,0.0,0.0,0.0,0.28788151604378864,0.0,0.0,0.0,0.0,0.0,0.0,0.0,0.0,0.0,0.0,0.0,0.0,0.0,0.0,0.0,0.0,0.0,0.0,0.0,0.0,0.0,0.0,0.0,0.0,0.0,0.0,0.0,0.0,0.0,0.3399774984202843,0.0,0.6631052947525475,0.2873882262247361,0.0,0.0,0.0,0.0,0.0,0.0,0.0,0.0,0.0,0.0,0.0,0.0,0.0,0.0,0.0,0.0,0.0,0.0,0.0,0.0,0.0,0.0,0.0,0.0,0.0,0.0,0.0,0.0,0.0,0.0,0.0,0.0,0.0,0.0,0.23614192565288955,0.0,0.0,0.0,0.0,0.0,0.0,0.0,0.0,0.0,0.0,0.0,0.0,0.0,0.0,0.0,0.0,0.0,0.0,0.0,0.0,0.0,0.0,0.0,0.0,0.0,0.0,0.0,0.0,0.0,0.0,0.0,0.0,0.0,0.0,0.0,0.0,0.0,0.0,0.0,0.0,0.27169049312854415,0.0,0.0,0.0,0.0,0.0,0.0,0.0,0.0,0.0,0.0,0.0,0.0,0.0,0.0,0.0,0.0,0.0
fb58f709914380bce2e643aa0f64cd5458cb8b29c8f072cd1645e42947f89787,0.0,0.0,0.0,0.0,0.0,0.0,0.0,0.0,0.0,0.0,0.22327801924382673,0.0,0.14543595754647645,0.0,0.0,0.0,0.0,0.0,0.0,0.0,0.0,0.21254574936605042,0.0,0.0,0.0,0.0,0.0,0.0,0.0,0.0,0.0,0.0,0.0,0.0,0.0,0.0,0.0,0.0,0.0,0.0,0.0,0.0,0.0,0.2516231535472481,0.0,0.0,0.0,0.3033629377136226,0.0,0.0,0.0,0.0,0.0,0.0,0.0,0.0,0.0,0.0,0.0,0.0,0.0,0.0,0.0,0.0,0.0,0.0,0.0,0.0,0.0,0.0,0.0,0.0,0.0,0.0,0.43614711763092334,0.13826401798613552,0.2944705451569872,0.23487413527767878,0.0,0.12650081165405455,0.0,0.0,0.0,0.0,0.0,0.0,0.0,0.0,0.0,0.0,0.0,0.0,0.0,0.0,0.0,0.0,0.0,0.0,0.0,0.0,0.0,0.0,0.0,0.0,0.3317363582182374,0.0,0.0,0.0,0.0,0.0,0.0,0.0,0.0,0.0,0.0,0.0,0.181722470622989,0.0,0.0,0.0,0.0,0.0,0.0,0.0,0.0,0.0,0.0,0.0,0.0,0.0,0.0,0.0,0.0,0.20848850031037658,0.0,0.0,0.0,0.0,0.0,0.0,0.0,0.0,0.0,0.0,0.0,0.0,0.0,0.0,0.0,0.0,0.0,0.41798844881559283,0.0,0.0,0.0,0.0,0.0,0.0,0.0,0.0,0.0
d487a2ccf6e32b1be1d6001f3f849e494570d374d44dc3240f41141bce99dc26,0.0,0.0,0.0,0.0,0.0,0.0,0.0,0.0,0.0,0.0,0.3293984753614409,0.0,0.2145593320864482,0.0,0.0,0.0,0.0,0.0,0.0,0.0,0.0,0.3135653299990822,0.0,0.0,0.0,0.0,0.0,0.0,0.0,0.0,0.0,0.0,0.0,0.0,0.0,0.0,0.0,0.0,0.0,0.0,0.0,0.0,0.0,0.0,0.0,0.0,0.0,0.0,0.0,0.0,0.0,0.0,0.0,0.0,0.0,0.0,0.0,0.0,0.0,0.0,0.0,0.0,0.0,0.0,0.41481940779018156,0.0,0.0,0.0,0.0,0.0,0.0,0.0,0.0,0.0,0.0,0.2039786848531849,0.0,0.0,0.0,0.1866246154993264,0.0,0.0,0.0,0.0,0.0,0.0,0.0,0.0,0.0,0.0,0.0,0.0,0.0,0.0,0.0,0.0,0.0,0.0,0.0,0.0,0.0,0.0,0.28812569716796377,0.0,0.4894053207257903,0.0,0.0,0.0,0.0,0.0,0.0,0.0,0.0,0.0,0.0,0.0,0.0,0.24795956259780966,0.0,0.0,0.0,0.0,0.0,0.0,0.33853891828813865,0.0,0.0,0.0,0.0,0.0,0.0,0.0,0.0,0.0,0.0,0.0,0.0,0.0,0.0,0.0,0.0,0.0,0.0,0.0,0.0,0.0,0.0,0.0,0.0,0.0,0.0,0.0,0.0,0.0,0.0,0.0,0.0,0.0,0.0,0.0,0.0
e5b74e796e5748f8f4cda3f5e354405deb83f431722c1d4ae29bc70442240a59,0.0,0.0,0.0,0.0,0.0,0.0,0.0,0.0,0.0,0.0,0.0,0.0,0.16501944764175455,0.0,0.0,0.0,0.0,0.0,0.0,0.0,0.0,0.0,0.0,0.0,0.0,0.0,0.0,0.0,0.0,0.0,0.0,0.0,0.0,0.0,0.0,0.0,0.0,0.0,0.0,0.0,0.0,0.0,0.30320399725751856,0.2855051426946738,0.0,0.0,0.0,0.0,0.0,0.0,0.0,0.0,0.4742721408640669,0.0,0.0,0.0,0.0,0.0,0.0,0.0,0.0,0.0,0.0,0.0,0.0,0.0,0.0,0.2696904609557652,0.0,0.0,0.0,0.0,0.0,0.0,0.0,0.0,0.0,0.26650080710935103,0.0,0.1435346142560015,0.0,0.0,0.0,0.0,0.0,0.0,0.0,0.0,0.0,0.0,0.0,0.0,0.0,0.0,0.0,0.0,0.0,0.0,0.0,0.0,0.0,0.0,0.22159997859657724,0.0,0.0,0.0,0.0,0.0,0.0,0.0,0.0,0.0,0.0,0.0,0.0,0.0,0.2061920740386196,0.0,0.2097185962454892,0.18589937336317577,0.0,0.0,0.0,0.0,0.0,0.0,0.29956099432938493,0.0,0.0,0.0,0.0,0.0,0.0,0.2365622487126785,0.0,0.0,0.0,0.0,0.0,0.0,0.0,0.0,0.0,0.25495941601949146,0.0,0.17078020446507675,0.0,0.0,0.0,0.0,0.0,0.0,0.0,0.0,0.0,0.0,0.0,0.0,0.0,0.0,0.0
76df33f1f8f31c6771cbcd478bfed53a67f039e64e4db4979865f2fc8bd6f03a,0.0,0.0,0.0,0.0,0.0,0.0,0.0,0.0,0.0,0.0,0.0,0.0,0.0,0.0,0.0,0.0,0.0,0.0,0.0,0.0,0.0,0.0,0.0,0.0,0.0,0.0,0.0,0.0,0.0,0.0,0.0,0.0,0.0,0.0,0.346960457906147,0.0,0.0,0.0,0.0,0.0,0.0,0.0,0.0,0.0,0.0,0.0,0.0,0.0,0.0,0.0,0.0,0.0,0.0,0.0,0.0,0.0,0.0,0.0,0.0,0.0,0.30788714923889043,0.0,0.0,0.4301539014810349,0.0,0.0,0.0,0.3463659353266811,0.0,0.0,0.0,0.0,0.0,0.0,0.0,0.20148471038748994,0.0,0.0,0.0,0.1843428230362538,0.0,0.0,0.0,0.0,0.0,0.0,0.0,0.0,0.0,0.0,0.0,0.0,0.0,0.0,0.0,0.0,0.0,0.0,0.0,0.0,0.0,0.0,0.0,0.0,0.0,0.0,0.3388456573381492,0.0,0.0,0.0,0.0,0.0,0.0,0.0,0.0,0.0,0.0,0.2449278496612892,0.0,0.0,0.284602887261798,0.0,0.0,0.0,0.0,0.0,0.0,0.0,0.0,0.0,0.0,0.0,0.0,0.0,0.0,0.0,0.0,0.0,0.0,0.0,0.0,0.0,0.0,0.0,0.0,0.21933458471314032,0.0,0.0,0.0,0.0,0.0,0.0,0.0,0.0,0.31832584629347066,0.0,0.0,0.0,0.0,0.0,0.0
78ad3f7666f077021054f2ea1e8b2ce4349b0b233981100a7ffee50681484cd7,0.0,0.23474684635453333,0.27645058688405194,0.0,0.0,0.0,0.0,0.0,0.0,0.0,0.0,0.0,0.0,0.0,0.0,0.0,0.0,0.0,0.0,0.0,0.0,0.0,0.0,0.0,0.0,0.0,0.0,0.0,0.0,0.0,0.0,0.0,0.0,0.0,0.1794768463985563,0.0,0.0,0.0,0.0,0.0,0.0,0.0,0.0,0.0,0.0,0.3331750206664024,0.0,0.0,0.0,0.0,0.259913885528238,0.0,0.0,0.0,0.0,0.0,0.0,0.0,0.0,0.0,0.1592648768263535,0.0,0.0,0.22251142441348395,0.21195556457213297,0.0,0.0,0.1791693098039852,0.0,0.0,0.0,0.0,0.0,0.0,0.0,0.10422467342850616,0.0,0.0,0.0,0.09535746158054573,0.0,0.0,0.0,0.0,0.0,0.3226053460998943,0.0,0.0,0.0,0.0,0.0,0.0,0.0,0.0,0.0,0.0,0.0,0.0,0.0,0.0,0.0,0.0,0.0,0.0,0.0,0.0,0.0,0.0,0.0,0.0,0.0,0.0,0.0,0.0,0.22038610853310073,0.0,0.0,0.12669708334394345,0.13932690095601133,0.12350256030722817,0.14722031723709686,0.0,0.24065050261541263,0.0,0.0,0.0,0.0,0.0,0.0,0.0,0.0,0.0,0.0,0.0,0.0,0.0,0.0,0.0,0.0,0.0,0.0,0.0,0.0,0.0,0.3287716613763206,0.11345811510630356,0.23411796274272723,0.0,0.0,0.0,0.0,0.0,0.0,0.0,0.16466464035898273,0.0,0.0,0.0,0.0,0.0,0.0
84ad231f0d74cd4bed8da0fbfc6801fc77424ee74a560e0d3175aa37b4ecab23,0.0,0.0,0.0,0.0,0.0,0.0,0.0,0.0,0.0,0.0,0.0,0.0,0.0,0.0,0.0,0.0,0.0,0.5405803754581913,0.0,0.0,0.0,0.0,0.0,0.0,0.0,0.0,0.0,0.0,0.0,0.0,0.0,0.0,0.0,0.0,0.0,0.0,0.0,0.0,0.0,0.0,0.0,0.0,0.0,0.0,0.0,0.0,0.0,0.0,0.0,0.0,0.0,0.0,0.0,0.0,0.0,0.0,0.0,0.0,0.0,0.0,0.40076674934003054,0.0,0.0,0.0,0.0,0.0,0.0,0.0,0.0,0.0,0.0,0.0,0.0,0.0,0.0,0.0,0.0,0.0,0.0,0.0,0.0,0.0,0.0,0.0,0.0,0.0,0.0,0.0,0.0,0.0,0.0,0.0,0.0,0.0,0.0,0.0,0.0,0.0,0.0,0.33725188087840335,0.0,0.0,0.37045837821636074,0.0,0.0,0.0,0.4410644385616428,0.0,0.0,0.0,0.0,0.0,0.0,0.0,0.0,0.0,0.0,0.3188146643153229,0.0,0.0,0.0,0.0,0.0,0.0,0.0,0.0,0.0,0.0,0.0,0.0,0.0,0.0,0.0,0.0,0.0,0.0,0.0,0.0,0.0,0.0,0.0,0.0,0.0,0.0,0.0,0.0,0.0,0.0,0.0,0.0,0.0,0.0,0.0,0.0,0.0,0.0,0.0,0.0,0.0,0.0,0.0
7e44724101abeaace0c8ab6e16471862f8fed840e9f70cfb62d56bddd39bdbbc,0.0,0.0,0.0,0.0,0.0,0.0,0.0,0.0,0.0,0.0,0.0,0.0,0.3572815795075937,0.0,0.0,0.0,0.0,0.0,0.0,0.0,0.0,0.0,0.0,0.0,0.0,0.0,0.0,0.0,0.0,0.0,0.0,0.0,0.0,0.0,0.0,0.0,0.0,0.0,0.0,0.0,0.0,0.0,0.0,0.0,0.0,0.0,0.0,0.0,0.0,0.0,0.0,0.0,0.0,0.0,0.0,0.0,0.0,0.0,0.0,0.0,0.0,0.0,0.0,0.0,0.0,0.0,0.0,0.0,0.0,0.0,0.0,0.0,0.0,0.0,0.0,0.3396628149497797,0.0,0.0,0.0,0.0,0.0,0.0,0.0,0.0,0.0,0.0,0.0,0.0,0.0,0.0,0.0,0.0,0.0,0.0,0.0,0.0,0.0,0.0,0.0,0.4367774113234365,0.0,0.0,0.4797833922200145,0.0,0.0,0.0,0.0,0.0,0.0,0.0,0.0,0.0,0.0,0.0,0.0,0.0,0.4464239272839772,0.0,0.0,0.0,0.0,0.0,0.0,0.0,0.0,0.0,0.0,0.0,0.0,0.0,0.0,0.0,0.0,0.0,0.0,0.0,0.0,0.0,0.0,0.0,0.0,0.0,0.0,0.0,0.0,0.36975412335869134,0.0,0.0,0.0,0.0,0.0,0.0,0.0,0.0,0.0,0.0,0.0,0.0,0.0,0.0,0.0
87bde727af7beabcb4d733a41d258ee407d6e977e78c06a96ba2295431d53c23,0.0,0.0,0.0,0.0,0.0,0.0,0.0,0.0,0.0,0.0,0.0,0.0,0.0,0.0,0.0,0.0,0.0,0.0,0.0,0.0,0.0,0.0,0.0,0.0,0.0,0.0,0.0,0.0,0.0,0.0,0.0,0.0,0.0,0.0,0.346960457906147,0.0,0.0,0.0,0.0,0.0,0.0,0.0,0.0,0.0,0.0,0.0,0.0,0.0,0.0,0.0,0.0,0.0,0.0,0.0,0.0,0.0,0.0,0.0,0.0,0.0,0.30788714923889043,0.0,0.0,0.4301539014810349,0.0,0.0,0.0,0.3463659353266811,0.0,0.0,0.0,0.0,0.0,0.0,0.0,0.20148471038748994,0.0,0.0,0.0,0.1843428230362538,0.0,0.0,0.0,0.0,0.0,0.0,0.0,0.0,0.0,0.0,0.0,0.0,0.0,0.0,0.0,0.0,0.0,0.0,0.0,0.0,0.0,0.0,0.0,0.0,0.0,0.0,0.3388456573381492,0.0,0.0,0.0,0.0,0.0,0.0,0.0,0.0,0.0,0.0,0.2449278496612892,0.0,0.0,0.284602887261798,0.0,0.0,0.0,0.0,0.0,0.0,0.0,0.0,0.0,0.0,0.0,0.0,0.0,0.0,0.0,0.0,0.0,0.0,0.0,0.0,0.0,0.0,0.0,0.0,0.21933458471314032,0.0,0.0,0.0,0.0,0.0,0.0,0.0,0.0,0.31832584629347066,0.0,0.0,0.0,0.0,0.0,0.0
88b1331060f87fb5e3e2afd35fb1d27f00c68e037c56e10f825c220c1ce97434,0.0,0.2251340256751688,0.2651300091651591,0.0,0.0,0.0,0.0,0.0,0.0,0.0,0.0,0.0,0.0,0.0,0.0,0.0,0.0,0.0,0.0,0.0,0.0,0.0,0.0,0.0,0.0,0.0,0.0,0.0,0.0,0.0,0.0,0.0,0.0,0.0,0.17212731745995866,0.0,0.0,0.0,0.0,0.0,0.0,0.0,0.0,0.0,0.0,0.3195315925298955,0.0,0.0,0.0,0.0,0.2492704813144647,0.0,0.0,0.0,0.0,0.0,0.0,0.0,0.0,0.0,0.15274302264501724,0.0,0.0,0.21339964099567238,0.20327604079634515,0.0,0.0,0.0,0.0,0.0,0.0,0.0,0.0,0.0,0.0,0.09995670088023847,0.0,0.0,0.0,0.09145259898985185,0.0,0.0,0.0,0.0,0.33128379110620937,0.30939474331471767,0.0,0.0,0.0,0.0,0.0,0.0,0.0,0.0,0.0,0.0,0.0,0.0,0.0,0.0,0.0,0.0,0.0,0.0,0.0,0.0,0.0,0.0,0.0,0.0,0.0,0.0,0.0,0.0,0.2113613562331184,0.0,0.0,0.12150887160991045,0.13362150156300323,0.11844516343859134,0.14119168455496908,0.0,0.23079592878847766,0.0,0.0,0.0,0.0,0.0,0.0,0.0,0.0,0.0,0.0,0.0,0.0,0.0,0.0,0.0,0.0,0.0,0.0,0.0,0.0,0.0,0.3153085496270185,0.10881203558671586,0.22453089467935036,0.0,0.0,0.0,0.0,0.0,0.0,0.0,0.15792166730275542,0.0,0.0,0.0,0.0,0.0,0.0
90c54543aaf085e00879d4fe98a6dfb8148548f374828d50b6e3ac44668138b2,0.0,0.0,0.290870572925065,0.0,0.320931040078293,0.0,0.0,0.0,0.0,0.0,0.0,0.0,0.11534942509281212,0.0,0.0,0.0,0.0,0.0,0.0,0.0,0.0,0.0,0.0,0.0,0.0,0.0,0.0,0.0,0.0,0.0,0.0,0.0,0.0,0.0,0.0,0.0,0.0,0.0,0.0,0.0,0.0,0.0,0.0,0.0,0.0,0.0,0.0,0.0,0.0,0.0,0.2734712978796707,0.0,0.0,0.0,0.0,0.0,0.0,0.0,0.0,0.0,0.16757231913112575,0.0,0.0,0.0,0.0,0.0,0.0,0.0,0.0,0.0,0.0,0.0,0.0,0.0,0.0,0.0,0.0,0.0,0.0,0.10033141833859244,0.0,0.0,0.0,0.0,0.0,0.0,0.0,0.0,0.0,0.0,0.0,0.0,0.0,0.0,0.0,0.0,0.0,0.0,0.0,0.14101489183719393,0.0,0.0,0.0,0.0,0.0,0.0,0.18442196359292598,0.0,0.0,0.0,0.0,0.0,0.0,0.0,0.0,0.26392425291789584,0.0,0.13330575143848072,0.14659435511325625,0.12994459834278696,0.0,0.0,0.25320311437721177,0.0,0.18200219592567304,0.0,0.20939464390367116,0.0,0.0,0.0,0.0,0.0,0.0,0.0,0.0,0.0,0.0,0.0,0.0,0.0,0.37229827812916766,0.0,0.0,0.17821791601007664,0.0,0.0,0.0,0.26726725029682136,0.0,0.0,0.0,0.0,0.0,0.0,0.17325374064698779,0.0,0.0,0.30587751449035605,0.0,0.0,0.0
93ce973daa9687f185966b3133f7003006655ec9d5bf3edb881efaf0e4fbafc7,0.0,0.0,0.0,0.0,0.0,0.0,0.0,0.0,0.0,0.0,0.0,0.0,0.0,0.0,0.0,0.0,0.0,0.0,0.0,0.0,0.0,0.0,0.0,0.0,0.0,0.0,0.0,0.0,0.0,0.0,0.0,0.0,0.0,0.0,0.0,0.0,0.0,0.0,0.0,0.0,0.0,0.0,0.0,0.0,0.0,0.0,0.0,0.0,0.0,0.0,0.0,0.0,0.0,0.0,0.0,0.0,0.0,0.0,0.0,0.0,0.0,0.0,0.0,0.0,0.0,0.0,0.0,0.532667242706468,0.0,0.0,0.0,0.0,0.0,0.0,0.0,0.0,0.0,0.0,0.0,0.0,0.0,0.0,0.0,0.0,0.0,0.0,0.0,0.0,0.0,0.0,0.0,0.0,0.0,0.0,0.0,0.0,0.0,0.0,0.0,0.0,0.0,0.0,0.43768344332435244,0.0,0.0,0.0,0.0,0.0,0.0,0.0,0.0,0.0,0.0,0.0,0.0,0.0,0.0,0.0,0.4142164539689765,0.36717096436890595,0.0,0.0,0.0,0.0,0.0,0.0,0.0,0.0,0.0,0.0,0.0,0.0,0.0,0.46723551253409834,0.0,0.0,0.0,0.0,0.0,0.0,0.0,0.0,0.0,0.0,0.0,0.0,0.0,0.0,0.0,0.0,0.0,0.0,0.0,0.0,0.0,0.0,0.0,0.0,0.0,0.0,0.0
93fe4c0755a3334733ca1aeda854458ac083eaffe310421c8c2e2e18265aae3b,0.0,0.0,0.0,0.0,0.0,0.0,0.0,0.0,0.0,0.0,0.0,0.0,0.0,0.0,0.0,0.0,0.0,0.0,0.0,0.0,0.0,0.0,0.0,0.0,0.0,0.0,0.0,0.0,0.0,0.0,0.0,0.0,0.0,0.0,0.3136516523044587,0.0,0.0,0.0,0.0,0.0,0.0,0.0,0.0,0.0,0.0,0.0,0.0,0.0,0.0,0.0,0.0,0.0,0.0,0.0,0.0,0.0,0.0,0.0,0.0,0.0,0.27832944902386975,0.0,0.0,0.3888583810355457,0.0,0.0,0.0,0.31311420492354636,0.0,0.0,0.0,0.0,0.0,0.0,0.0,0.1821418288081004,0.0,0.0,0.0,0.16664559236727092,0.0,0.0,0.0,0.0,0.0,0.0,0.0,0.0,0.0,0.0,0.0,0.0,0.0,0.0,0.0,0.0,0.0,0.0,0.0,0.0,0.0,0.0,0.2572805165723786,0.0,0.0,0.0,0.3063158866623631,0.0,0.0,0.0,0.0,0.0,0.0,0.0,0.0,0.0,0.23939173486276488,0.2214143513795506,0.2434860739544627,0.0,0.2572805165723786,0.0,0.0,0.0,0.0,0.0,0.0,0.0,0.0,0.0,0.0,0.0,0.0,0.0,0.0,0.0,0.0,0.0,0.0,0.0,0.0,0.0,0.0,0.0,0.0,0.19827808424612386,0.0,0.0,0.0,0.0,0.0,0.0,0.0,0.0,0.28776601306011046,0.0,0.0,0.0,0.0,0.0,0.0
94ef44e3f7be172fb47203eb942e4601f1a96cb4bfd37e055fd6cf39b5db49a6,0.0,0.0,0.30987106456350033,0.0,0.34189516677629656,0.0,0.0,0.0,0.0,0.0,0.0,0.0,0.12288437703014311,0.0,0.0,0.0,0.0,0.0,0.0,0.0,0.0,0.0,0.0,0.0,0.0,0.0,0.0,0.0,0.0,0.0,0.0,0.0,0.0,0.0,0.0,0.0,0.0,0.0,0.0,0.0,0.0,0.0,0.0,0.0,0.0,0.0,0.0,0.0,0.0,0.0,0.0,0.0,0.0,0.0,0.0,0.0,0.0,0.0,0.0,0.0,0.17851861877383463,0.0,0.0,0.0,0.0,0.0,0.0,0.0,0.0,0.0,0.0,0.0,0.0,0.0,0.0,0.0,0.0,0.0,0.0,0.10688535143689146,0.0,0.0,0.0,0.0,0.0,0.0,0.0,0.0,0.0,0.0,0.0,0.0,0.0,0.0,0.0,0.0,0.0,0.0,0.0,0.15022638492947632,0.0,0.0,0.0,0.0,0.0,0.0,0.19646892984995587,0.0,0.0,0.0,0.0,0.0,0.0,0.0,0.0,0.2811645344297649,0.0,0.142013661592784,0.15617031458746822,0.13843294843417978,0.0,0.0,0.26974306068105947,0.0,0.1938910960886796,0.0,0.22307289653890705,0.0,0.0,0.0,0.0,0.0,0.0,0.176159870714243,0.0,0.0,0.0,0.0,0.0,0.0,0.39661785865414395,0.0,0.0,0.18985961626499104,0.0,0.0,0.0,0.0,0.0,0.0,0.0,0.0,0.0,0.0,0.18457116687332112,0.0,0.0,0.32585830215826717,0.0,0.0,0.0
098aa02c6c9dfa8b4fe8a40e0aa819ee73b834ab2058051de80c4c530534643f,0.0,0.0,0.0,0.0,0.0,0.0,0.0,0.0,0.0,0.0,0.0,0.0,0.0,0.0,0.0,0.0,0.0,0.0,0.0,0.0,0.0,0.0,0.0,0.0,0.0,0.0,0.0,0.0,0.0,0.0,0.0,0.0,0.0,0.0,0.346960457906147,0.0,0.0,0.0,0.0,0.0,0.0,0.0,0.0,0.0,0.0,0.0,0.0,0.0,0.0,0.0,0.0,0.0,0.0,0.0,0.0,0.0,0.0,0.0,0.0,0.0,0.30788714923889043,0.0,0.0,0.4301539014810349,0.0,0.0,0.0,0.3463659353266811,0.0,0.0,0.0,0.0,0.0,0.0,0.0,0.20148471038748994,0.0,0.0,0.0,0.1843428230362538,0.0,0.0,0.0,0.0,0.0,0.0,0.0,0.0,0.0,0.0,0.0,0.0,0.0,0.0,0.0,0.0,0.0,0.0,0.0,0.0,0.0,0.0,0.0,0.0,0.0,0.0,0.3388456573381492,0.0,0.0,0.0,0.0,0.0,0.0,0.0,0.0,0.0,0.0,0.2449278496612892,0.0,0.0,0.284602887261798,0.0,0.0,0.0,0.0,0.0,0.0,0.0,0.0,0.0,0.0,0.0,0.0,0.0,0.0,0.0,0.0,0.0,0.0,0.0,0.0,0.0,0.0,0.0,0.0,0.21933458471314032,0.0,0.0,0.0,0.0,0.0,0.0,0.0,0.0,0.31832584629347066,0.0,0.0,0.0,0.0,0.0,0.0
098aad386b0f549cefddf2001dba9f31f40d88a3618cd3a8d5589b4b0b467342,0.0,0.22188216801269736,0.2613004456450771,0.0,0.0,0.0,0.0,0.0,0.0,0.0,0.0,0.0,0.0,0.0,0.0,0.0,0.0,0.0,0.0,0.0,0.0,0.0,0.0,0.0,0.0,0.0,0.0,0.0,0.0,0.0,0.0,0.0,0.0,0.0,0.16964109382261996,0.0,0.0,0.0,0.0,0.0,0.0,0.0,0.0,0.0,0.0,0.3149162472729806,0.0,0.0,0.0,0.0,0.24566999435004674,0.0,0.0,0.0,0.0,0.0,0.0,0.0,0.0,0.0,0.15053678763861308,0.0,0.0,0.21031727592153793,0.20033990198357324,0.0,0.0,0.16935041095549588,0.0,0.0,0.0,0.0,0.0,0.0,0.0,0.09851291661574105,0.0,0.0,0.0,0.09013164879635617,0.0,0.0,0.0,0.0,0.3264986959553073,0.30492581568923294,0.0,0.0,0.0,0.0,0.0,0.0,0.0,0.0,0.0,0.0,0.0,0.0,0.0,0.0,0.0,0.0,0.0,0.0,0.0,0.0,0.0,0.0,0.0,0.0,0.0,0.0,0.0,0.0,0.2083084323414242,0.0,0.0,0.11975378570489024,0.13169145965829565,0.11673433003100063,0.13915229819424285,0.0,0.22746229004929883,0.0,0.0,0.0,0.0,0.0,0.0,0.0,0.0,0.0,0.0,0.0,0.0,0.0,0.0,0.0,0.0,0.0,0.0,0.0,0.0,0.0,0.31075420241063295,0.10724034401041761,0.2212877486993727,0.0,0.0,0.0,0.0,0.0,0.0,0.0,0.15564063145156123,0.0,0.0,0.0,0.0,0.0,0.0
141c1029d3a44625dbca07357d78711dc4f930858abeccff2edec092efbe9f8b,0.0,0.0,0.0,0.0,0.0,0.0,0.0,0.0,0.0,0.0,0.0,0.0,0.0,0.0,0.0,0.0,0.0,0.0,0.0,0.0,0.0,0.0,0.0,0.0,0.0,0.0,0.0,0.0,0.0,0.0,0.0,0.0,0.0,0.0,0.346960457906147,0.0,0.0,0.0,0.0,0.0,0.0,0.0,0.0,0.0,0.0,0.0,0.0,0.0,0.0,0.0,0.0,0.0,0.0,0.0,0.0,0.0,0.0,0.0,0.0,0.0,0.30788714923889043,0.0,0.0,0.4301539014810349,0.0,0.0,0.0,0.3463659353266811,0.0,0.0,0.0,0.0,0.0,0.0,0.0,0.20148471038748994,0.0,0.0,0.0,0.1843428230362538,0.0,0.0,0.0,0.0,0.0,0.0,0.0,0.0,0.0,0.0,0.0,0.0,0.0,0.0,0.0,0.0,0.0,0.0,0.0,0.0,0.0,0.0,0.0,0.0,0.0,0.0,0.3388456573381492,0.0,0.0,0.0,0.0,0.0,0.0,0.0,0.0,0.0,0.0,0.2449278496612892,0.0,0.0,0.284602887261798,0.0,0.0,0.0,0.0,0.0,0.0,0.0,0.0,0.0,0.0,0.0,0.0,0.0,0.0,0.0,0.0,0.0,0.0,0.0,0.0,0.0,0.0,0.0,0.0,0.21933458471314032,0.0,0.0,0.0,0.0,0.0,0.0,0.0,0.0,0.31832584629347066,0.0,0.0,0.0,0.0,0.0,0.0
161c471b0aaaf0d7c1f0267ebb837e10fb8c5edfe09b0d00bf2472820f413713,0.0,0.0,0.0,0.0,0.0,0.0,0.0,0.0,0.0,0.0,0.0,0.0,0.0,0.0,0.0,0.0,0.0,0.5256590876082348,0.0,0.0,0.0,0.0,0.0,0.0,0.0,0.0,0.0,0.0,0.0,0.0,0.0,0.0,0.0,0.0,0.0,0.0,0.0,0.0,0.0,0.0,0.0,0.0,0.0,0.0,0.0,0.0,0.0,0.0,0.0,0.0,0.0,0.0,0.0,0.0,0.0,0.0,0.0,0.0,0.0,0.0,0.38970464590624343,0.0,0.0,0.0,0.0,0.0,0.0,0.0,0.0,0.0,0.0,0.0,0.0,0.0,0.0,0.0,0.0,0.0,0.0,0.23332982475653868,0.0,0.0,0.0,0.0,0.0,0.0,0.0,0.0,0.0,0.0,0.0,0.0,0.0,0.0,0.0,0.0,0.0,0.0,0.0,0.32794293697110627,0.0,0.0,0.3602328570011129,0.0,0.0,0.0,0.4288900242711137,0.0,0.0,0.0,0.0,0.0,0.0,0.0,0.0,0.0,0.0,0.31001463088272907,0.0,0.0,0.0,0.0,0.0,0.0,0.0,0.0,0.0,0.0,0.0,0.0,0.0,0.0,0.0,0.0,0.0,0.0,0.0,0.0,0.0,0.0,0.0,0.0,0.0,0.0,0.0,0.0,0.0,0.0,0.0,0.0,0.0,0.0,0.0,0.0,0.0,0.0,0.0,0.0,0.0,0.0,0.0
a91aba394cc1c8de40a720ba8ad3f731733628ad338a21553b39ec86d36d702f,0.0,0.0,0.0,0.0,0.0,0.0,0.0,0.0,0.0,0.0,0.23010000450848397,0.0,0.14987957435521349,0.0,0.0,0.0,0.0,0.0,0.0,0.0,0.0,0.21903982332438887,0.0,0.0,0.0,0.0,0.31505308855325087,0.0,0.0,0.0,0.0,0.0,0.0,0.0,0.0,0.0,0.0,0.0,0.0,0.0,0.0,0.0,0.0,0.0,0.2910627528833629,0.0,0.0,0.0,0.0,0.0,0.0,0.0,0.0,0.0,0.0,0.0,0.0,0.0,0.2891302109598801,0.0,0.0,0.0,0.0,0.0,0.2897704596173146,0.0,0.0,0.0,0.0,0.0,0.0,0.0,0.0,0.0,0.0,0.14248850500249371,0.0,0.242050425605495,0.0,0.13036588836869853,0.0,0.0,0.0,0.0,0.0,0.0,0.0,0.0,0.0,0.0,0.0,0.0,0.0,0.0,0.0,0.0,0.0,0.0,0.0,0.0,0.0,0.0,0.0,0.0,0.3418721546355484,0.0,0.0,0.0,0.0,0.0,0.0,0.0,0.0,0.0,0.0,0.0,0.0,0.17321117351582188,0.0,0.16884385053246112,0.0,0.0,0.0,0.0,0.23648502482873557,0.0,0.27207747308052593,0.0,0.0,0.0,0.0,0.0,0.0,0.2148586100138968,0.0,0.0,0.0,0.0,0.0,0.0,0.0,0.0,0.0,0.23156791091564752,0.0,0.15511180481642461,0.0,0.0,0.0,0.0,0.0,0.0,0.0,0.0,0.0,0.0,0.0,0.0,0.0,0.0,0.0
7184ecf9db3c6c15ab1b97ebe8b9124c9eb5b4f9f63e9da59f6b8c63d2ff5aef,0.0,0.0,0.0,0.0,0.0,0.30124607272422044,0.0,0.0,0.0,0.0,0.0,0.2910864104099665,0.10827423016399157,0.0,0.4918776308852907,0.0,0.0,0.21216832314770864,0.0,0.0,0.3060530045867909,0.0,0.0,0.0,0.0,0.0,0.0,0.0,0.0,0.0,0.0,0.0,0.0,0.0,0.0,0.0,0.0,0.0,0.0,0.0,0.0,0.0,0.0,0.0,0.0,0.0,0.0,0.22584778273098527,0.0,0.0,0.0,0.0,0.0,0.0,0.0,0.0,0.0,0.0,0.0,0.0,0.0,0.0,0.0,0.0,0.0,0.0,0.0,0.0,0.0,0.0,0.3733270575333143,0.0,0.0,0.0,0.0,0.0,0.0,0.0,0.0,0.09417738383292054,0.0,0.0,0.0,0.0,0.0,0.0,0.0,0.0,0.0,0.0,0.0,0.0,0.0,0.0,0.0,0.0,0.0,0.0,0.0,0.0,0.0,0.0,0.14539842079092236,0.0,0.0,0.0,0.0,0.0,0.0,0.0,0.0,0.0,0.0,0.0,0.0,0.0,0.0,0.0,0.137602687950143,0.0,0.0,0.0,0.0,0.0,0.0,0.0,0.0,0.0,0.0,0.0,0.0,0.43913991018789617,0.0,0.0,0.0,0.0,0.0,0.0,0.0,0.0,0.0,0.0,0.0,0.0,0.0,0.0,0.0,0.0,0.0,0.0,0.0,0.0,0.0,0.0,0.0,0.0,0.0,0.0,0.0,0.0,0.0
231bba5652f6fbdbab3016362fb7925fc4e4489fff5e6a4a98c37fba5bd0cfe9,0.0,0.0,0.0,0.0,0.0,0.0,0.0,0.0,0.0,0.0,0.0,0.0,0.0,0.0,0.0,0.0,0.0,0.5405803754581913,0.0,0.0,0.0,0.0,0.0,0.0,0.0,0.0,0.0,0.0,0.0,0.0,0.0,0.0,0.0,0.0,0.0,0.0,0.0,0.0,0.0,0.0,0.0,0.0,0.0,0.0,0.0,0.0,0.0,0.0,0.0,0.0,0.0,0.0,0.0,0.0,0.0,0.0,0.0,0.0,0.0,0.0,0.40076674934003054,0.0,0.0,0.0,0.0,0.0,0.0,0.0,0.0,0.0,0.0,0.0,0.0,0.0,0.0,0.0,0.0,0.0,0.0,0.0,0.0,0.0,0.0,0.0,0.0,0.0,0.0,0.0,0.0,0.0,0.0,0.0,0.0,0.0,0.0,0.0,0.0,0.0,0.0,0.33725188087840335,0.0,0.0,0.37045837821636074,0.0,0.0,0.0,0.4410644385616428,0.0,0.0,0.0,0.0,0.0,0.0,0.0,0.0,0.0,0.0,0.3188146643153229,0.0,0.0,0.0,0.0,0.0,0.0,0.0,0.0,0.0,0.0,0.0,0.0,0.0,0.0,0.0,0.0,0.0,0.0,0.0,0.0,0.0,0.0,0.0,0.0,0.0,0.0,0.0,0.0,0.0,0.0,0.0,0.0,0.0,0.0,0.0,0.0,0.0,0.0,0.0,0.0,0.0,0.0,0.0
245f7a3c993a0ecada1c1f8936ea82e8e48812c5758767e5d91db91324bc303a,0.0,0.0,0.3052636292571295,0.0,0.33681156897505743,0.0,0.0,0.0,0.0,0.0,0.0,0.0,0.12105722412018165,0.0,0.0,0.0,0.0,0.0,0.0,0.0,0.0,0.0,0.0,0.0,0.0,0.0,0.0,0.0,0.0,0.0,0.0,0.0,0.0,0.0,0.0,0.0,0.0,0.0,0.0,0.0,0.0,0.0,0.0,0.0,0.0,0.0,0.0,0.0,0.0,0.0,0.28700339140155107,0.0,0.0,0.0,0.0,0.0,0.0,0.0,0.0,0.0,0.17586424706558318,0.0,0.0,0.0,0.0,0.0,0.0,0.0,0.0,0.0,0.0,0.0,0.0,0.0,0.0,0.0,0.0,0.0,0.0,0.10529608609958771,0.0,0.0,0.0,0.0,0.0,0.0,0.0,0.0,0.0,0.0,0.0,0.0,0.0,0.0,0.0,0.0,0.0,0.0,0.0,0.1479926870175802,0.0,0.0,0.0,0.0,0.0,0.0,0.19354765714167413,0.0,0.0,0.0,0.0,0.0,0.0,0.0,0.24335583471518046,0.2769839330410685,0.0,0.13990207766889848,0.0,0.1363746057003104,0.0,0.0,0.26573228380138814,0.0,0.19100815287819198,0.0,0.21975605267400616,0.0,0.0,0.0,0.0,0.0,0.0,0.0,0.0,0.0,0.0,0.0,0.0,0.0,0.0,0.0,0.0,0.18703661663943527,0.0,0.12528327892662328,0.0,0.28049235089931224,0.0,0.0,0.0,0.0,0.0,0.0,0.181826800560874,0.0,0.0,0.3210131545535596,0.0,0.0,0.0
0251d3e4eac3e2e30f8648c4f366e525bb4f0b17b68bd677da867ef906653c31,0.0,0.0,0.0,0.0,0.0,0.0,0.0,0.0,0.0,0.0,0.0,0.0,0.0,0.0,0.0,0.0,0.0,0.0,0.0,0.0,0.0,0.0,0.0,0.0,0.0,0.0,0.0,0.0,0.0,0.0,0.0,0.0,0.0,0.0,0.3136516523044587,0.0,0.0,0.0,0.0,0.0,0.0,0.0,0.0,0.0,0.0,0.0,0.0,0.0,0.0,0.0,0.0,0.0,0.0,0.0,0.0,0.0,0.0,0.0,0.0,0.0,0.27832944902386975,0.0,0.0,0.3888583810355457,0.0,0.0,0.0,0.31311420492354636,0.0,0.0,0.0,0.0,0.0,0.0,0.0,0.1821418288081004,0.0,0.0,0.0,0.16664559236727092,0.0,0.0,0.0,0.0,0.0,0.0,0.0,0.0,0.0,0.0,0.0,0.0,0.0,0.0,0.0,0.0,0.0,0.0,0.0,0.0,0.0,0.0,0.2572805165723786,0.0,0.0,0.0,0.3063158866623631,0.0,0.0,0.0,0.0,0.0,0.0,0.0,0.0,0.0,0.23939173486276488,0.2214143513795506,0.2434860739544627,0.0,0.2572805165723786,0.0,0.0,0.0,0.0,0.0,0.0,0.0,0.0,0.0,0.0,0.0,0.0,0.0,0.0,0.0,0.0,0.0,0.0,0.0,0.0,0.0,0.0,0.0,0.0,0.19827808424612386,0.0,0.0,0.0,0.0,0.0,0.0,0.0,0.0,0.28776601306011046,0.0,0.0,0.0,0.0,0.0,0.0
0291e99acfedf4e277d56babb2783ce0a01e873a42627b4e3f4a56c2a10cc24d,0.0,0.0,0.0,0.0,0.33944247464528504,0.0,0.0,0.0,0.0,0.0,0.0,0.0,0.12200282743876416,0.0,0.0,0.0,0.0,0.0,0.0,0.0,0.0,0.0,0.0,0.0,0.0,0.0,0.0,0.0,0.0,0.0,0.0,0.0,0.0,0.0,0.0,0.0,0.0,0.0,0.0,0.0,0.0,0.0,0.0,0.0,0.0,0.0,0.0,0.0,0.0,0.0,0.28924523497037696,0.0,0.0,0.0,0.0,0.0,0.0,0.0,0.0,0.0,0.1772379595131785,0.0,0.0,0.0,0.0,0.0,0.0,0.0,0.0,0.0,0.0,0.0,0.0,0.0,0.0,0.0,0.0,0.0,0.0,0.1061185758698031,0.0,0.0,0.0,0.0,0.0,0.0,0.0,0.0,0.0,0.0,0.0,0.0,0.0,0.0,0.0,0.0,0.0,0.0,0.0,0.14914868887527055,0.0,0.0,0.0,0.0,0.0,0.0,0.1950594984070524,0.0,0.0,0.0,0.0,0.0,0.0,0.0,0.0,0.27914751252326153,0.0,0.14099488208335426,0.0,0.13743985629281177,0.0,0.0,0.26780797429605574,0.0,0.1925001575441723,0.0,0.2214726132031063,0.0,0.0,0.0,0.0,0.0,0.0,0.0,0.0,0.0,0.0,0.0,0.0,0.0,0.3937725961425035,0.0,0.0,0.18849759880449063,0.0,0.0,0.0,0.2826833353678152,0.0,0.0,0.0,0.0,0.0,0.0,0.18324708776196585,0.0,0.0,0.3235206555016495,0.0,0.0,0.0
930882d0f2a8881e87ba3b4a238602f9ba98308b3e03f8ef2960f6c12a6f1584,0.0,0.0,0.0,0.0,0.0,0.0,0.0,0.0,0.0,0.0,0.20950749748548983,0.0,0.13646629262101295,0.0,0.0,0.0,0.0,0.0,0.0,0.0,0.0,0.19943713313862416,0.0,0.0,0.0,0.0,0.0,0.4522113898402072,0.0,0.0,0.0,0.0,0.0,0.0,0.0,0.0,0.0,0.0,0.0,0.0,0.0,0.0,0.0,0.23610446468320972,0.0,0.0,0.0,0.28465323243853,0.0,0.0,0.0,0.0,0.0,0.0,0.0,0.0,0.0,0.0,0.263254870746527,0.0,0.0,0.0,0.0,0.0,0.2638378211652985,0.0,0.0,0.0,0.0,0.0,0.0,0.0,0.0,0.0,0.0,0.12973667761236604,0.0,0.0,0.0,0.11869895912406082,0.0,0.0,0.0,0.0,0.0,0.0,0.0,0.0,0.0,0.0,0.0,0.0,0.0,0.0,0.0,0.0,0.0,0.0,0.0,0.0,0.0,0.0,0.18325674916584142,0.0,0.0,0.0,0.21818384989057318,0.0,0.0,0.0,0.0,0.0,0.0,0.0,0.0,0.0,0.0,0.15770986001213566,0.17343119088264028,0.15373338504026732,0.18325674916584142,0.0,0.0,0.0,0.21532109853928985,0.0,0.0,0.0,0.0,0.0,0.0,0.0,0.0,0.0,0.0,0.0,0.0,0.0,0.0,0.0,0.0,0.0,0.0,0.0,0.0,0.14123027127689028,0.2914251074766114,0.0,0.0,0.0,0.0,0.0,0.0,0.0,0.20497107505991574,0.0,0.0,0.0,0.0,0.0,0.0
0a40acb8ddbc2ed8f8b703681fadf9fcb2672fdb75d93c150b45c6465cc9b1b4,0.0,0.0,0.30854113710438097,0.0,0.3404277959164956,0.0,0.0,0.0,0.0,0.0,0.0,0.0,0.12235697280948968,0.0,0.0,0.0,0.0,0.0,0.0,0.0,0.0,0.0,0.0,0.0,0.0,0.0,0.0,0.0,0.0,0.0,0.0,0.0,0.0,0.0,0.0,0.0,0.0,0.0,0.0,0.0,0.0,0.0,0.0,0.0,0.0,0.0,0.0,0.0,0.0,0.0,0.2900848455197356,0.0,0.0,0.0,0.0,0.0,0.0,0.0,0.0,0.0,0.1777524394166048,0.0,0.0,0.0,0.0,0.0,0.0,0.0,0.0,0.0,0.0,0.0,0.0,0.0,0.0,0.0,0.0,0.0,0.0,0.10642661301272209,0.0,0.0,0.0,0.0,0.0,0.0,0.0,0.0,0.0,0.0,0.0,0.0,0.0,0.0,0.0,0.0,0.0,0.0,0.0,0.1495816322653856,0.0,0.0,0.0,0.0,0.0,0.0,0.19562571002548043,0.0,0.0,0.0,0.0,0.0,0.0,0.0,0.0,0.2799578117711153,0.0,0.14140415689963565,0.15550005132825828,0.1378388117095107,0.0,0.0,0.268585357544718,0.0,0.19305894000101675,0.0,0.22211549585062307,0.0,0.0,0.0,0.0,0.0,0.0,0.17540381480567402,0.0,0.0,0.0,0.0,0.0,0.0,0.0,0.0,0.0,0.1890447627793829,0.0,0.0,0.0,0.2835038982736381,0.0,0.0,0.0,0.0,0.0,0.0,0.18377901074434433,0.0,0.0,0.3244597594952639,0.0,0.0,0.0
324cb383fd7f47c079b162b725215bb4badfd4c0b2e41d330fa38344e59e77ce,0.0,0.0,0.0,0.0,0.39418887123844626,0.0,0.0,0.0,0.0,0.0,0.0,0.0,0.14167984394481375,0.0,0.0,0.0,0.0,0.0,0.0,0.0,0.0,0.0,0.0,0.0,0.0,0.0,0.0,0.0,0.0,0.0,0.0,0.0,0.0,0.0,0.0,0.0,0.0,0.0,0.0,0.0,0.0,0.0,0.0,0.0,0.0,0.0,0.0,0.0,0.0,0.0,0.0,0.0,0.0,0.0,0.0,0.0,0.0,0.0,0.0,0.0,0.20582347943967222,0.0,0.0,0.0,0.0,0.0,0.0,0.0,0.0,0.0,0.0,0.0,0.0,0.0,0.0,0.0,0.0,0.0,0.0,0.12323372813983269,0.0,0.0,0.0,0.0,0.0,0.0,0.0,0.0,0.0,0.0,0.0,0.0,0.0,0.0,0.0,0.0,0.0,0.0,0.0,0.17320387902508405,0.0,0.0,0.0,0.0,0.0,0.0,0.2265193346288301,0.0,0.0,0.0,0.0,0.0,0.0,0.0,0.28481254990018123,0.3241693396960773,0.0,0.16373499950739667,0.0,0.15960660748732933,0.0,0.0,0.3110009235194674,0.0,0.22354721487007748,0.0,0.25719244328510005,0.0,0.0,0.0,0.0,0.0,0.0,0.0,0.0,0.0,0.0,0.0,0.0,0.0,0.0,0.0,0.0,0.21889911031772455,0.0,0.0,0.0,0.0,0.0,0.0,0.0,0.0,0.0,0.0,0.21280177961849295,0.0,0.0,0.3756991288370248,0.0,0.0,0.0
329b3ddbf1c00b7767f0ec39b90eb9f4f8bd98ace60e2f6b6fbfb9adf25e3ef9,0.0,0.23474684635453333,0.27645058688405194,0.0,0.0,0.0,0.0,0.0,0.0,0.0,0.0,0.0,0.0,0.0,0.0,0.0,0.0,0.0,0.0,0.0,0.0,0.0,0.0,0.0,0.0,0.0,0.0,0.0,0.0,0.0,0.0,0.0,0.0,0.0,0.1794768463985563,0.0,0.0,0.0,0.0,0.0,0.0,0.0,0.0,0.0,0.0,0.3331750206664024,0.0,0.0,0.0,0.0,0.259913885528238,0.0,0.0,0.0,0.0,0.0,0.0,0.0,0.0,0.0,0.1592648768263535,0.0,0.0,0.22251142441348395,0.21195556457213297,0.0,0.0,0.1791693098039852,0.0,0.0,0.0,0.0,0.0,0.0,0.0,0.10422467342850616,0.0,0.0,0.0,0.09535746158054573,0.0,0.0,0.0,0.0,0.0,0.3226053460998943,0.0,0.0,0.0,0.0,0.0,0.0,0.0,0.0,0.0,0.0,0.0,0.0,0.0,0.0,0.0,0.0,0.0,0.0,0.0,0.0,0.0,0.0,0.0,0.0,0.0,0.0,0.0,0.0,0.22038610853310073,0.0,0.0,0.12669708334394345,0.13932690095601133,0.12350256030722817,0.14722031723709686,0.0,0.24065050261541263,0.0,0.0,0.0,0.0,0.0,0.0,0.0,0.0,0.0,0.0,0.0,0.0,0.0,0.0,0.0,0.0,0.0,0.0,0.0,0.0,0.0,0.3287716613763206,0.11345811510630356,0.23411796274272723,0.0,0.0,0.0,0.0,0.0,0.0,0.0,0.16466464035898273,0.0,0.0,0.0,0.0,0.0,0.0
338c8ee7311ecb162958e309f3459c09ebf8972011de7715fe17179a20e1c2ce,0.0,0.0,0.0,0.0,0.0,0.0,0.0,0.0,0.0,0.0,0.0,0.0,0.0,0.0,0.0,0.0,0.0,0.0,0.0,0.0,0.0,0.0,0.0,0.0,0.0,0.0,0.0,0.0,0.0,0.0,0.0,0.0,0.0,0.0,0.3136516523044587,0.0,0.0,0.0,0.0,0.0,0.0,0.0,0.0,0.0,0.0,0.0,0.0,0.0,0.0,0.0,0.0,0.0,0.0,0.0,0.0,0.0,0.0,0.0,0.0,0.0,0.27832944902386975,0.0,0.0,0.3888583810355457,0.0,0.0,0.0,0.31311420492354636,0.0,0.0,0.0,0.0,0.0,0.0,0.0,0.1821418288081004,0.0,0.0,0.0,0.16664559236727092,0.0,0.0,0.0,0.0,0.0,0.0,0.0,0.0,0.0,0.0,0.0,0.0,0.0,0.0,0.0,0.0,0.0,0.0,0.0,0.0,0.0,0.0,0.2572805165723786,0.0,0.0,0.0,0.3063158866623631,0.0,0.0,0.0,0.0,0.0,0.0,0.0,0.0,0.0,0.23939173486276488,0.2214143513795506,0.2434860739544627,0.0,0.2572805165723786,0.0,0.0,0.0,0.0,0.0,0.0,0.0,0.0,0.0,0.0,0.0,0.0,0.0,0.0,0.0,0.0,0.0,0.0,0.0,0.0,0.0,0.0,0.0,0.0,0.19827808424612386,0.0,0.0,0.0,0.0,0.0,0.0,0.0,0.0,0.28776601306011046,0.0,0.0,0.0,0.0,0.0,0.0
0341ff3dcd3d14b971c1558cb3277908aa3c7841e017fd6f30359a481305813e,0.0,0.0,0.0,0.0,0.0,0.0,0.0,0.0,0.0,0.0,0.2226529270939187,0.0,0.14502879308091668,0.0,0.0,0.0,0.0,0.0,0.0,0.0,0.0,0.2119507034234404,0.0,0.0,0.0,0.0,0.3048565449018689,0.0,0.0,0.0,0.0,0.0,0.0,0.0,0.0,0.0,0.0,0.0,0.0,0.0,0.0,0.0,0.0,0.25091870597757615,0.2816426450574243,0.0,0.0,0.30251363874733816,0.0,0.0,0.0,0.0,0.0,0.0,0.0,0.0,0.0,0.0,0.27977264893589315,0.0,0.0,0.0,0.0,0.0,0.0,0.0,0.0,0.0,0.0,0.0,0.0,0.0,0.0,0.0,0.0,0.13787693217916455,0.293646141452672,0.2342165784851394,0.0,0.1261466582779643,0.0,0.0,0.0,0.0,0.0,0.0,0.0,0.0,0.0,0.0,0.0,0.0,0.0,0.0,0.0,0.0,0.0,0.0,0.0,0.17729797572141207,0.0,0.0,0.19475509039630703,0.0,0.0,0.0,0.0,0.0,0.0,0.0,0.0,0.0,0.0,0.0,0.0,0.0,0.18121371794669316,0.0,0.0,0.1633792994622669,0.0,0.0,0.0,0.0,0.2288312992625544,0.0,0.0,0.0,0.0,0.0,0.0,0.0,0.0,0.20790481309686812,0.0,0.0,0.0,0.0,0.0,0.0,0.0,0.0,0.28101549274446824,0.0,0.0,0.0,0.0,0.0,0.0,0.0,0.0,0.0,0.0,0.0,0.0,0.0,0.0,0.0,0.0,0.0,0.0
7fa868c908374d9a48101bf8ed26b2f2c762773594106f176bd4ca279a91932c,0.0,0.0,0.0,0.0,0.0,0.0,0.0,0.0,0.0,0.0,0.2642730449397506,0.0,0.17213876885285156,0.0,0.0,0.0,0.0,0.0,0.0,0.0,0.0,0.25157027352803435,0.0,0.0,0.0,0.0,0.0,0.0,0.0,0.0,0.0,0.0,0.0,0.0,0.0,0.0,0.0,0.0,0.0,0.0,0.0,0.0,0.0,0.297822495875228,0.0,0.0,0.0,0.0,0.0,0.0,0.0,0.0,0.0,0.0,0.0,0.0,0.0,0.0,0.0,0.0,0.0,0.0,0.0,0.0,0.0,0.0,0.0,0.0,0.0,0.0,0.0,0.0,0.0,0.0,0.0,0.16365002324253974,0.34853689528982573,0.2779982692324033,0.0,0.14972702998882945,0.0,0.0,0.0,0.0,0.0,0.0,0.0,0.0,0.35906197816945895,0.0,0.0,0.0,0.0,0.0,0.0,0.0,0.0,0.0,0.0,0.21043997272843976,0.0,0.0,0.0,0.0,0.0,0.0,0.0,0.0,0.0,0.0,0.0,0.0,0.0,0.0,0.0,0.0,0.21508767772195053,0.0,0.2187663422654208,0.0,0.0,0.0,0.0,0.0,0.27160632928991607,0.0,0.0,0.0,0.0,0.0,0.0,0.0,0.0,0.2467680920788566,0.0,0.0,0.0,0.0,0.0,0.0,0.0,0.0,0.0,0.0,0.0,0.1781480580693574,0.0,0.0,0.0,0.0,0.0,0.0,0.0,0.0,0.2585507954645381,0.0,0.0,0.0,0.0,0.0,0.0
358c9e8bc321c23596ca6b7e59d46566ae7cf028c8d9dc3851ec0647601ae11c,0.0,0.2278811127926049,0.0,0.0,0.0,0.0,0.0,0.0,0.0,0.0,0.0,0.28611363513591825,0.10642452713657165,0.0,0.0,0.0,0.0,0.0,0.0,0.0,0.0,0.0,0.34947851694756243,0.0,0.37980108691401837,0.0,0.0,0.0,0.0,0.0,0.0,0.0,0.0,0.0,0.0,0.0,0.0,0.0,0.0,0.0,0.0,0.0,0.0,0.0,0.20667403130774378,0.0,0.0,0.22198951168328668,0.0,0.0,0.0,0.0,0.0,0.0,0.0,0.0,0.3279643111735675,0.0,0.0,0.0,0.0,0.0,0.0,0.0,0.0,0.0,0.0,0.0,0.0,0.0,0.0,0.0,0.0,0.0,0.0,0.10117637331520708,0.0,0.0,0.0,0.09256850430797357,0.0,0.0,0.0,0.0,0.0,0.0,0.0,0.0,0.0,0.0,0.0,0.0,0.0,0.0,0.0,0.0,0.0,0.0,0.0,0.13010418708990457,0.0,0.0,0.1429145065787252,0.0,0.0,0.0,0.1701527359428358,0.0,0.0,0.0,0.0,0.0,0.0,0.0,0.0,0.0,0.1329776235011263,0.12299152379832462,0.0,0.11989043223627294,0.1429145065787252,0.0,0.0,0.0,0.0,0.0,0.19319321222839503,0.0,0.0,0.0,0.0,0.0,0.0,0.0,0.0,0.0,0.0,0.0,0.0,0.0,0.0,0.0,0.20621381656740792,0.0,0.0,0.11013976088406187,0.0,0.0,0.0,0.0,0.0,0.0,0.0,0.0,0.0,0.37980108691401837,0.0,0.0,0.0,0.0,0.0
366b32c15ff2b30da5cafc1407e6dc49aa4bbecffc34c438302022acd1c00b8e,0.0,0.0,0.0,0.0,0.0,0.0,0.0,0.0,0.0,0.0,0.0,0.0,0.33715395040650814,0.0,0.0,0.0,0.0,0.0,0.0,0.0,0.0,0.0,0.0,0.0,0.0,0.0,0.0,0.0,0.0,0.0,0.0,0.0,0.0,0.0,0.0,0.0,0.0,0.0,0.0,0.0,0.0,0.0,0.0,0.0,0.0,0.0,0.0,0.0,0.0,0.0,0.0,0.0,0.0,0.0,0.0,0.0,0.0,0.0,0.0,0.0,0.0,0.0,0.0,0.0,0.0,0.0,0.0,0.0,0.0,0.0,0.0,0.0,0.0,0.0,0.0,0.3205277473984045,0.0,0.0,0.0,0.0,0.0,0.0,0.0,0.0,0.0,0.0,0.0,0.0,0.0,0.0,0.0,0.0,0.0,0.0,0.0,0.0,0.0,0.0,0.0,0.0,0.0,0.0,0.4527545647591242,0.0,0.0,0.0,0.0,0.0,0.0,0.0,0.0,0.0,0.0,0.0,0.0,0.0,0.0,0.389638359040183,0.0,0.0,0.0,0.0,0.0,0.0,0.0,0.0,0.0,0.0,0.0,0.0,0.0,0.0,0.0,0.0,0.0,0.0,0.0,0.0,0.0,0.0,0.0,0.0,0.6532874023944131,0.0,0.0,0.0,0.0,0.0,0.0,0.0,0.0,0.0,0.0,0.0,0.0,0.0,0.0,0.0,0.0,0.0,0.0
385c92e3d2b1dc253eac89889157258df64586cad653dccfd3f3d6b240b9efba,0.0,0.5015758617123341,0.0,0.0,0.0,0.0,0.0,0.0,0.0,0.0,0.0,0.0,0.23424483605376653,0.0,0.0,0.0,0.0,0.0,0.0,0.0,0.0,0.0,0.0,0.0,0.0,0.0,0.0,0.0,0.0,0.0,0.0,0.0,0.0,0.0,0.38348227159486886,0.0,0.0,0.0,0.0,0.0,0.0,0.0,0.0,0.0,0.0,0.0,0.0,0.4886082012201675,0.0,0.0,0.0,0.0,0.0,0.0,0.0,0.0,0.0,0.0,0.0,0.0,0.0,0.0,0.0,0.0,0.0,0.0,0.0,0.0,0.0,0.0,0.0,0.0,0.0,0.0,0.0,0.22269342995831923,0.0,0.0,0.0,0.2037471501991037,0.0,0.0,0.0,0.0,0.0,0.0,0.0,0.0,0.0,0.0,0.0,0.0,0.0,0.0,0.0,0.0,0.0,0.0,0.0,0.0,0.0,0.0,0.0,0.0,0.0,0.0,0.0,0.0,0.0,0.0,0.0,0.0,0.0,0.0,0.0,0.0,0.2926893118901788,0.0,0.0,0.0,0.0,0.0,0.0,0.0,0.0,0.0,0.0,0.0,0.0,0.0,0.0,0.0,0.0,0.0,0.0,0.0,0.0,0.0,0.0,0.0,0.0,0.0,0.0,0.3619144740776496,0.0,0.0,0.0,0.0,0.0,0.0,0.0,0.0,0.0,0.0,0.0,0.0,0.0,0.0,0.0,0.0,0.0
389e03b1a1fd1c527d48df74d3c26a0483a5b105f36841193172f1ee80e62c1b,0.0,0.0,0.0,0.0,0.0,0.0,0.0,0.0,0.0,0.0,0.0,0.0,0.33964455326167803,0.0,0.0,0.0,0.0,0.0,0.0,0.0,0.0,0.0,0.0,0.0,0.0,0.0,0.0,0.0,0.0,0.0,0.0,0.0,0.0,0.0,0.0,0.0,0.0,0.0,0.0,0.0,0.0,0.0,0.6240572712329677,0.0,0.0,0.0,0.0,0.0,0.0,0.0,0.0,0.0,0.0,0.0,0.0,0.0,0.0,0.0,0.0,0.0,0.0,0.0,0.0,0.0,0.0,0.0,0.0,0.0,0.0,0.0,0.0,0.0,0.0,0.0,0.0,0.32289553019279005,0.0,0.0,0.0,0.2954242704920532,0.0,0.0,0.0,0.0,0.0,0.0,0.0,0.0,0.0,0.0,0.0,0.0,0.0,0.0,0.0,0.0,0.0,0.0,0.0,0.0,0.0,0.0,0.0,0.0,0.0,0.0,0.0,0.0,0.0,0.0,0.0,0.0,0.0,0.0,0.0,0.0,0.4243864336825336,0.0,0.0,0.0,0.0,0.0,0.0,0.0,0.0,0.0,0.0,0.0,0.0,0.0,0.0,0.0,0.0,0.0,0.0,0.0,0.0,0.0,0.0,0.0,0.0,0.0,0.0,0.0,0.0,0.35150139623181137,0.0,0.0,0.0,0.0,0.0,0.0,0.0,0.0,0.0,0.0,0.0,0.0,0.0,0.0,0.0
416ccd0f8e1dc4b7490827f9ea5d501d414faa959596017d2d22f8f61428dae1,0.0,0.0,0.0,0.0,0.0,0.0,0.0,0.0,0.0,0.0,0.0,0.0,0.0,0.0,0.0,0.0,0.0,0.0,0.0,0.0,0.0,0.0,0.0,0.0,0.0,0.0,0.0,0.0,0.0,0.0,0.0,0.0,0.0,0.0,0.346960457906147,0.0,0.0,0.0,0.0,0.0,0.0,0.0,0.0,0.0,0.0,0.0,0.0,0.0,0.0,0.0,0.0,0.0,0.0,0.0,0.0,0.0,0.0,0.0,0.0,0.0,0.30788714923889043,0.0,0.0,0.4301539014810349,0.0,0.0,0.0,0.3463659353266811,0.0,0.0,0.0,0.0,0.0,0.0,0.0,0.20148471038748994,0.0,0.0,0.0,0.1843428230362538,0.0,0.0,0.0,0.0,0.0,0.0,0.0,0.0,0.0,0.0,0.0,0.0,0.0,0.0,0.0,0.0,0.0,0.0,0.0,0.0,0.0,0.0,0.0,0.0,0.0,0.0,0.3388456573381492,0.0,0.0,0.0,0.0,0.0,0.0,0.0,0.0,0.0,0.0,0.2449278496612892,0.0,0.0,0.284602887261798,0.0,0.0,0.0,0.0,0.0,0.0,0.0,0.0,0.0,0.0,0.0,0.0,0.0,0.0,0.0,0.0,0.0,0.0,0.0,0.0,0.0,0.0,0.0,0.0,0.21933458471314032,0.0,0.0,0.0,0.0,0.0,0.0,0.0,0.0,0.31832584629347066,0.0,0.0,0.0,0.0,0.0,0.0
465f57ff96a174eff06f982b2b3e398214fbdf19849dacabb2e3d1a62c3aaa75,0.0,0.0,0.0,0.0,0.0,0.0,0.0,0.0,0.0,0.0,0.0,0.0,0.0,0.0,0.0,0.0,0.0,0.0,0.0,0.0,0.0,0.0,0.0,0.0,0.0,0.0,0.0,0.0,0.0,0.0,0.0,0.0,0.0,0.0,0.346960457906147,0.0,0.0,0.0,0.0,0.0,0.0,0.0,0.0,0.0,0.0,0.0,0.0,0.0,0.0,0.0,0.0,0.0,0.0,0.0,0.0,0.0,0.0,0.0,0.0,0.0,0.30788714923889043,0.0,0.0,0.4301539014810349,0.0,0.0,0.0,0.3463659353266811,0.0,0.0,0.0,0.0,0.0,0.0,0.0,0.20148471038748994,0.0,0.0,0.0,0.1843428230362538,0.0,0.0,0.0,0.0,0.0,0.0,0.0,0.0,0.0,0.0,0.0,0.0,0.0,0.0,0.0,0.0,0.0,0.0,0.0,0.0,0.0,0.0,0.0,0.0,0.0,0.0,0.3388456573381492,0.0,0.0,0.0,0.0,0.0,0.0,0.0,0.0,0.0,0.0,0.2449278496612892,0.0,0.0,0.284602887261798,0.0,0.0,0.0,0.0,0.0,0.0,0.0,0.0,0.0,0.0,0.0,0.0,0.0,0.0,0.0,0.0,0.0,0.0,0.0,0.0,0.0,0.0,0.0,0.0,0.21933458471314032,0.0,0.0,0.0,0.0,0.0,0.0,0.0,0.0,0.31832584629347066,0.0,0.0,0.0,0.0,0.0,0.0
511df0acd07b52089c67fa99865af5f7396106752d53d3b42e47e3e369974426,0.0,0.0,0.0,0.0,0.0,0.0,0.0,0.0,0.0,0.0,0.0,0.0,0.0,0.0,0.0,0.0,0.0,0.0,0.0,0.0,0.0,0.0,0.0,0.0,0.0,0.0,0.0,0.0,0.0,0.0,0.0,0.0,0.0,0.0,0.346960457906147,0.0,0.0,0.0,0.0,0.0,0.0,0.0,0.0,0.0,0.0,0.0,0.0,0.0,0.0,0.0,0.0,0.0,0.0,0.0,0.0,0.0,0.0,0.0,0.0,0.0,0.30788714923889043,0.0,0.0,0.4301539014810349,0.0,0.0,0.0,0.3463659353266811,0.0,0.0,0.0,0.0,0.0,0.0,0.0,0.20148471038748994,0.0,0.0,0.0,0.1843428230362538,0.0,0.0,0.0,0.0,0.0,0.0,0.0,0.0,0.0,0.0,0.0,0.0,0.0,0.0,0.0,0.0,0.0,0.0,0.0,0.0,0.0,0.0,0.0,0.0,0.0,0.0,0.3388456573381492,0.0,0.0,0.0,0.0,0.0,0.0,0.0,0.0,0.0,0.0,0.2449278496612892,0.0,0.0,0.284602887261798,0.0,0.0,0.0,0.0,0.0,0.0,0.0,0.0,0.0,0.0,0.0,0.0,0.0,0.0,0.0,0.0,0.0,0.0,0.0,0.0,0.0,0.0,0.0,0.0,0.21933458471314032,0.0,0.0,0.0,0.0,0.0,0.0,0.0,0.0,0.31832584629347066,0.0,0.0,0.0,0.0,0.0,0.0
562c7815dd2bbe330531f3ba64f189b11669214fc94263cdf961ce5dc833d105,0.0,0.0,0.0,0.0,0.0,0.0,0.0,0.0,0.0,0.0,0.0,0.0,0.0,0.0,0.0,0.0,0.0,0.0,0.0,0.0,0.0,0.0,0.0,0.0,0.0,0.0,0.0,0.0,0.0,0.0,0.0,0.0,0.0,0.0,0.6652419760704379,0.0,0.0,0.0,0.0,0.0,0.0,0.0,0.7466278278191211,0.0,0.0,0.0,0.0,0.0,0.0,0.0,0.0,0.0,0.0,0.0,0.0,0.0,0.0,0.0,0.0,0.0,0.0,0.0,0.0,0.0,0.0,0.0,0.0,0.0,0.0,0.0,0.0,0.0,0.0,0.0,0.0,0.0,0.0,0.0,0.0,0.0,0.0,0.0,0.0,0.0,0.0,0.0,0.0,0.0,0.0,0.0,0.0,0.0,0.0,0.0,0.0,0.0,0.0,0.0,0.0,0.0,0.0,0.0,0.0,0.0,0.0,0.0,0.0,0.0,0.0,0.0,0.0,0.0,0.0,0.0,0.0,0.0,0.0,0.0,0.0,0.0,0.0,0.0,0.0,0.0,0.0,0.0,0.0,0.0,0.0,0.0,0.0,0.0,0.0,0.0,0.0,0.0,0.0,0.0,0.0,0.0,0.0,0.0,0.0,0.0,0.0,0.0,0.0,0.0,0.0,0.0,0.0,0.0,0.0,0.0,0.0,0.0,0.0,0.0,0.0,0.0,0.0
622e2834e51caa303d120c7503d8fcce671226a0342d7be0f8cf546b44cee195,0.0,0.0,0.27792059086926846,0.0,0.3066427221904855,0.0,0.0,0.0,0.0,0.0,0.0,0.0,0.11021390048447302,0.0,0.0,0.0,0.0,0.0,0.0,0.0,0.0,0.0,0.0,0.0,0.0,0.0,0.0,0.0,0.0,0.0,0.0,0.0,0.0,0.0,0.0,0.0,0.0,0.0,0.0,0.0,0.0,0.0,0.0,0.0,0.0,0.0,0.0,0.0,0.0,0.0,0.26129595692061985,0.0,0.0,0.0,0.0,0.0,0.0,0.0,0.0,0.0,0.16011175512847103,0.0,0.0,0.0,0.0,0.0,0.0,0.0,0.0,0.0,0.0,0.0,0.0,0.0,0.0,0.0,0.0,0.0,0.0,0.09586451729029659,0.0,0.0,0.0,0.0,0.0,0.0,0.0,0.0,0.0,0.0,0.0,0.0,0.0,0.0,0.0,0.0,0.0,0.0,0.0,0.13473670322386103,0.0,0.0,0.0,0.0,0.0,0.0,0.1762112288485817,0.0,0.0,0.0,0.0,0.0,0.0,0.0,0.2215579941184473,0.25217396032210004,0.0,0.12737078499721222,0.14006776065886706,0.12415927533859186,0.0,0.0,0.24193014250287428,0.0,0.17389919276639426,0.0,0.20007208901658385,0.0,0.0,0.0,0.0,0.0,0.0,0.1579962150558383,0.0,0.0,0.0,0.0,0.0,0.0,0.3557230158993279,0.0,0.0,0.17028339451089933,0.0,0.11406141960003348,0.0,0.2553681225829375,0.0,0.0,0.0,0.0,0.0,0.0,0.16554023147376476,0.0,0.0,0.29225940151286267,0.0,0.0,0.0
721d393191597d49d856baef2fbde75e48f52d0465e2cfabf1a41848b0e05589,0.0,0.0,0.0,0.0,0.0,0.0,0.3124302858048276,0.0,0.0,0.0,0.0,0.0,0.0,0.0,0.0,0.0,0.30303907999492014,0.22983362012213077,0.0,0.0,0.0,0.0,0.0,0.0,0.0,0.30963614373150233,0.0,0.0,0.0,0.0,0.0,0.0,0.0,0.0,0.0,0.0,0.0,0.0,0.0,0.0,0.0,0.0,0.0,0.0,0.0,0.0,0.0,0.0,0.0,0.28592558941620994,0.0,0.0,0.0,0.0,0.0,0.0,0.0,0.0,0.0,0.0,0.17039033787959174,0.3110213746161654,0.0,0.0,0.0,0.0,0.0,0.0,0.0,0.0,0.0,0.0,0.0,0.0,0.0,0.0,0.0,0.0,0.0,0.0,0.0,0.0,0.0,0.0,0.0,0.0,0.0,0.0,0.24465204198027984,0.0,0.0,0.0,0.0,0.0,0.0,0.0,0.0,0.0,0.0,0.14338630145347525,0.0,0.0,0.0,0.0,0.0,0.0,0.0,0.0,0.0,0.0,0.0,0.0,0.0,0.0,0.2357811982479099,0.26836259629557224,0.14655308208277293,0.13554751850824379,0.14905959306705685,0.1321298418023903,0.1575044045908484,0.0,0.0,0.0,0.0,0.0,0.0,0.0,0.0,0.0,0.0,0.0,0.30054133437897335,0.0,0.0,0.0,0.0,0.0,0.0,0.0,0.0,0.0,0.22726583308017417,0.0,0.0,0.0,0.0,0.0,0.0,0.0,0.0,0.0,0.0,0.0,0.0,0.0,0.0,0.0,0.0,0.0,0.0
8a186f546c36a34567b695addfb776f2c2df584535a133fdf3ca699d4ec64e38,0.0,0.0,0.0,0.0,0.0,0.0,0.0,0.0,0.0,0.0,0.0,0.0,0.24867365013400655,0.0,0.0,0.0,0.0,0.0,0.0,0.0,0.0,0.0,0.0,0.0,0.0,0.0,0.0,0.0,0.0,0.0,0.0,0.0,0.0,0.0,0.0,0.0,0.0,0.0,0.0,0.0,0.0,0.0,0.4569088420228746,0.0,0.0,0.0,0.0,0.0,0.0,0.0,0.0,0.0,0.0,0.0,0.0,0.0,0.0,0.0,0.0,0.0,0.0,0.0,0.0,0.0,0.0,0.0,0.0,0.0,0.0,0.0,0.0,0.0,0.0,0.0,0.0,0.0,0.0,0.0,0.0,0.2162973937781204,0.0,0.0,0.0,0.0,0.0,0.0,0.0,0.0,0.0,0.0,0.0,0.0,0.0,0.0,0.0,0.0,0.0,0.0,0.0,0.3040040108409026,0.0,0.0,0.33393685613867735,0.0,0.0,0.0,0.0,0.0,0.0,0.0,0.0,0.0,0.0,0.0,0.0,0.0,0.3107181390595745,0.0,0.31603238027170544,0.2801383497065371,0.0,0.0,0.0,0.0,0.0,0.0,0.451419071886481,0.0,0.0,0.0,0.0,0.0,0.0,0.0,0.0,0.0,0.0,0.0,0.0,0.0,0.0,0.0,0.0,0.0,0.0,0.0,0.0,0.0,0.0,0.0,0.0,0.0,0.0,0.0,0.0,0.0,0.0,0.0,0.0,0.0,0.0
0b4c743246478a6a8c9fa3ff8e04f297507c2f0ea5d61a1284fe65387d172f81,0.0,0.0,0.0,0.0,0.0,0.0,0.0,0.0,0.0,0.0,0.0,0.0,0.0,0.0,0.0,0.0,0.0,0.5405803754581913,0.0,0.0,0.0,0.0,0.0,0.0,0.0,0.0,0.0,0.0,0.0,0.0,0.0,0.0,0.0,0.0,0.0,0.0,0.0,0.0,0.0,0.0,0.0,0.0,0.0,0.0,0.0,0.0,0.0,0.0,0.0,0.0,0.0,0.0,0.0,0.0,0.0,0.0,0.0,0.0,0.0,0.0,0.40076674934003054,0.0,0.0,0.0,0.0,0.0,0.0,0.0,0.0,0.0,0.0,0.0,0.0,0.0,0.0,0.0,0.0,0.0,0.0,0.0,0.0,0.0,0.0,0.0,0.0,0.0,0.0,0.0,0.0,0.0,0.0,0.0,0.0,0.0,0.0,0.0,0.0,0.0,0.0,0.33725188087840335,0.0,0.0,0.37045837821636074,0.0,0.0,0.0,0.4410644385616428,0.0,0.0,0.0,0.0,0.0,0.0,0.0,0.0,0.0,0.0,0.3188146643153229,0.0,0.0,0.0,0.0,0.0,0.0,0.0,0.0,0.0,0.0,0.0,0.0,0.0,0.0,0.0,0.0,0.0,0.0,0.0,0.0,0.0,0.0,0.0,0.0,0.0,0.0,0.0,0.0,0.0,0.0,0.0,0.0,0.0,0.0,0.0,0.0,0.0,0.0,0.0,0.0,0.0,0.0,0.0
928aca01498ca60e1dd3e263c462f3a04ef49b91d94b566293e8edfbc54fcf13,0.0,0.0,0.0,0.0,0.0,0.0,0.0,0.0,0.0,0.0,0.0,0.0,0.0,0.0,0.0,0.0,0.0,0.5256590876082348,0.0,0.0,0.0,0.0,0.0,0.0,0.0,0.0,0.0,0.0,0.0,0.0,0.0,0.0,0.0,0.0,0.0,0.0,0.0,0.0,0.0,0.0,0.0,0.0,0.0,0.0,0.0,0.0,0.0,0.0,0.0,0.0,0.0,0.0,0.0,0.0,0.0,0.0,0.0,0.0,0.0,0.0,0.38970464590624343,0.0,0.0,0.0,0.0,0.0,0.0,0.0,0.0,0.0,0.0,0.0,0.0,0.0,0.0,0.0,0.0,0.0,0.0,0.23332982475653868,0.0,0.0,0.0,0.0,0.0,0.0,0.0,0.0,0.0,0.0,0.0,0.0,0.0,0.0,0.0,0.0,0.0,0.0,0.0,0.32794293697110627,0.0,0.0,0.3602328570011129,0.0,0.0,0.0,0.4288900242711137,0.0,0.0,0.0,0.0,0.0,0.0,0.0,0.0,0.0,0.0,0.31001463088272907,0.0,0.0,0.0,0.0,0.0,0.0,0.0,0.0,0.0,0.0,0.0,0.0,0.0,0.0,0.0,0.0,0.0,0.0,0.0,0.0,0.0,0.0,0.0,0.0,0.0,0.0,0.0,0.0,0.0,0.0,0.0,0.0,0.0,0.0,0.0,0.0,0.0,0.0,0.0,0.0,0.0,0.0,0.0
973dfafc3051d8c2849f62c556ab8057da706f15d1ffd8871de894ae3a24d86b,0.0,0.0,0.0,0.0,0.0,0.0,0.0,0.0,0.0,0.0,0.0,0.0,0.0,0.0,0.0,0.0,0.0,0.0,0.0,0.0,0.0,0.0,0.0,0.0,0.0,0.0,0.0,0.0,0.0,0.0,0.0,0.0,0.0,0.0,0.0,0.0,0.0,0.0,0.0,0.0,0.0,0.0,0.0,0.0,0.0,0.0,0.0,0.0,0.0,0.0,0.0,0.0,0.0,0.0,0.0,0.0,0.0,0.0,0.0,0.0,0.0,0.0,0.0,0.0,0.0,0.0,0.0,0.0,0.0,0.0,0.0,0.0,0.0,0.0,0.0,0.0,0.0,0.0,0.0,0.0,0.0,0.0,0.0,0.0,0.0,0.0,0.0,0.0,0.0,0.0,0.0,0.0,0.0,0.0,0.0,0.0,0.0,0.0,0.0,0.0,0.0,0.0,0.0,0.0,0.0,0.0,0.0,0.0,0.0,0.0,0.0,0.0,0.0,0.0,0.0,0.0,0.0,0.0,0.0,0.0,0.0,0.0,0.0,0.0,0.0,0.0,0.0,0.0,0.0,0.0,0.0,0.0,0.0,0.0,0.0,0.0,0.0,0.0,0.9613612513030497,0.0,0.0,0.0,0.0,0.0,0.0,0.2752899280631868,0.0,0.0,0.0,0.0,0.0,0.0,0.0,0.0,0.0,0.0,0.0,0.0,0.0,0.0,0.0
974d0c7bdd7fb42b242d34e14f548dba464a9b45143ce7374beed1e6cff11e62,0.0,0.0,0.0,0.0,0.0,0.0,0.0,0.0,0.0,0.0,0.0,0.0,0.0,0.0,0.0,0.0,0.0,0.0,0.0,0.0,0.0,0.0,0.0,0.0,0.0,0.0,0.0,0.0,0.0,0.0,0.0,0.0,0.0,0.0,0.3350210014409721,0.0,0.0,0.0,0.0,0.0,0.0,0.0,0.0,0.0,0.0,0.0,0.0,0.0,0.0,0.0,0.0,0.0,0.0,0.0,0.0,0.0,0.0,0.0,0.0,0.0,0.297292266938156,0.0,0.0,0.41535162743790116,0.0,0.0,0.0,0.33444693732094544,0.0,0.0,0.0,0.0,0.0,0.0,0.0,0.19455130378955268,0.0,0.0,0.0,0.17799929581245658,0.0,0.0,0.0,0.0,0.0,0.0,0.0,0.0,0.0,0.0,0.0,0.0,0.0,0.0,0.0,0.0,0.0,0.0,0.0,0.0,0.0,0.0,0.0,0.0,0.0,0.0,0.32718544395643656,0.0,0.0,0.0,0.0,0.0,0.0,0.0,0.0,0.0,0.0,0.23649949613712223,0.26007498361262454,0.0,0.2748092531317541,0.0,0.0,0.0,0.0,0.0,0.0,0.0,0.0,0.0,0.0,0.0,0.0,0.0,0.0,0.0,0.0,0.0,0.0,0.0,0.0,0.0,0.0,0.0,0.0,0.21178693579287597,0.0,0.0,0.0,0.0,0.0,0.0,0.0,0.0,0.3073717519667076,0.0,0.0,0.0,0.0,0.0,0.0
0975c1b6414bdf4f49f01ce71ee3203516aba6dae97968438370c78550428b37,0.0,0.0,0.0,0.0,0.0,0.0,0.0,0.0,0.0,0.0,0.0,0.0,0.0,0.0,0.0,0.0,0.0,0.0,0.0,0.0,0.0,0.0,0.0,0.0,0.0,0.0,0.42770346133477066,0.0,0.0,0.0,0.0,0.0,0.0,0.0,0.3331016164549154,0.0,0.0,0.0,0.0,0.0,0.0,0.0,0.0,0.0,0.3951351419708429,0.0,0.0,0.0,0.0,0.0,0.0,0.0,0.0,0.0,0.0,0.0,0.0,0.0,0.3925116004158505,0.0,0.0,0.0,0.0,0.0,0.0,0.0,0.0,0.0,0.0,0.0,0.0,0.0,0.0,0.0,0.0,0.0,0.0,0.328597968438981,0.0,0.17697951145732177,0.0,0.0,0.0,0.0,0.0,0.0,0.0,0.0,0.0,0.0,0.0,0.0,0.0,0.0,0.0,0.0,0.0,0.0,0.0,0.0,0.0,0.0,0.27323483017850086,0.0,0.0,0.0,0.0,0.0,0.0,0.0,0.0,0.0,0.0,0.0,0.0,0.0,0.0,0.0,0.0,0.22921565260458743,0.0,0.0,0.0,0.0,0.0,0.0,0.0,0.0,0.0,0.0,0.0,0.0,0.0,0.2916834480896983,0.0,0.0,0.0,0.0,0.0,0.0,0.0,0.0,0.0,0.0,0.0,0.21057357703908028,0.0,0.0,0.0,0.0,0.0,0.0,0.0,0.0,0.0,0.0,0.0,0.0,0.0,0.0,0.0
1164e122800fda5ad79d422710877fd9767d44a15e69f3c28e9563ff3e752157,0.0,0.22551176953790478,0.26557486077516756,0.0,0.0,0.0,0.0,0.0,0.0,0.0,0.0,0.0,0.0,0.0,0.0,0.0,0.0,0.0,0.0,0.0,0.0,0.0,0.0,0.0,0.0,0.0,0.0,0.0,0.0,0.0,0.0,0.0,0.0,0.0,0.0,0.0,0.0,0.0,0.0,0.0,0.0,0.0,0.0,0.0,0.0,0.3200677224981064,0.0,0.0,0.0,0.0,0.249688722822808,0.0,0.0,0.0,0.0,0.0,0.0,0.0,0.0,0.0,0.15299930438300358,0.0,0.0,0.21375769617837712,0.20361710997334675,0.0,0.0,0.17212068544579828,0.0,0.0,0.0,0.0,0.0,0.0,0.0,0.10012441444634032,0.0,0.0,0.0,0.09160604384518223,0.0,0.0,0.0,0.0,0.33183963964371493,0.0,0.0,0.0,0.0,0.0,0.0,0.0,0.0,0.0,0.0,0.0,0.0,0.0,0.0,0.0,0.0,0.0,0.0,0.0,0.0,0.0,0.0,0.0,0.0,0.0,0.0,0.0,0.0,0.0,0.2117159914549476,0.0,0.0,0.12171274674775763,0.13384570002431365,0.0,0.14142858473987024,0.32690400426118804,0.23118317254420423,0.0,0.0,0.0,0.0,0.0,0.0,0.0,0.0,0.0,0.0,0.0,0.0,0.0,0.0,0.0,0.0,0.0,0.0,0.0,0.0,0.0,0.3158375939113402,0.10899460718384084,0.22490762657141058,0.0,0.0,0.0,0.0,0.0,0.0,0.0,0.158186638092656,0.0,0.0,0.0,0.0,0.0,0.0
1398be5280bdfc67179822e32d2d39e3e36afac05f88f3267cc7a1a63a3bdb68,0.0,0.0,0.27090143418613427,0.0,0.29889815995396424,0.0,0.0,0.0,0.0,0.0,0.0,0.0,0.10743034049800274,0.0,0.0,0.0,0.0,0.0,0.0,0.0,0.0,0.0,0.0,0.0,0.0,0.0,0.0,0.0,0.0,0.0,0.0,0.0,0.0,0.0,0.0,0.3788139293511953,0.0,0.0,0.0,0.0,0.0,0.0,0.19739072655512113,0.0,0.0,0.0,0.0,0.0,0.0,0.0,0.25469667164794985,0.0,0.0,0.0,0.0,0.0,0.0,0.0,0.0,0.0,0.15606797595923705,0.0,0.0,0.0,0.0,0.0,0.0,0.0,0.0,0.0,0.0,0.0,0.0,0.0,0.0,0.0,0.0,0.0,0.0,0.09344336502838974,0.0,0.0,0.0,0.0,0.0,0.0,0.0,0.0,0.0,0.0,0.0,0.0,0.0,0.0,0.0,0.0,0.0,0.0,0.0,0.13133379583963595,0.0,0.0,0.0,0.0,0.0,0.0,0.17176084170473163,0.0,0.0,0.0,0.0,0.0,0.0,0.0,0.215962330010746,0.24580506000647034,0.0,0.1241539110910619,0.13653021219854877,0.12102351125382163,0.0,0.0,0.23581995983778542,0.0,0.16950719835791933,0.0,0.19501907248284325,0.0,0.0,0.0,0.0,0.0,0.0,0.1540058659228345,0.0,0.0,0.0,0.0,0.0,0.0,0.0,0.0,0.0,0.16598272062822833,0.0,0.0,0.0,0.24891855057144655,0.0,0.0,0.0,0.0,0.0,0.0,0.16135935081845834,0.0,0.0,0.28487810412528347,0.0,0.0,0.0
1554f71a718baea1c04d9d1cc8c84d8aba5adfbce37566d397b57fc3c8378806,0.0,0.0,0.0,0.0,0.0,0.0,0.0,0.0,0.0,0.0,0.0,0.0,0.0,0.0,0.0,0.0,0.0,0.0,0.0,0.0,0.0,0.0,0.0,0.0,0.0,0.0,0.0,0.0,0.0,0.0,0.0,0.0,0.0,0.0,0.346960457906147,0.0,0.0,0.0,0.0,0.0,0.0,0.0,0.0,0.0,0.0,0.0,0.0,0.0,0.0,0.0,0.0,0.0,0.0,0.0,0.0,0.0,0.0,0.0,0.0,0.0,0.30788714923889043,0.0,0.0,0.4301539014810349,0.0,0.0,0.0,0.3463659353266811,0.0,0.0,0.0,0.0,0.0,0.0,0.0,0.20148471038748994,0.0,0.0,0.0,0.1843428230362538,0.0,0.0,0.0,0.0,0.0,0.0,0.0,0.0,0.0,0.0,0.0,0.0,0.0,0.0,0.0,0.0,0.0,0.0,0.0,0.0,0.0,0.0,0.0,0.0,0.0,0.0,0.3388456573381492,0.0,0.0,0.0,0.0,0.0,0.0,0.0,0.0,0.0,0.0,0.2449278496612892,0.0,0.0,0.284602887261798,0.0,0.0,0.0,0.0,0.0,0.0,0.0,0.0,0.0,0.0,0.0,0.0,0.0,0.0,0.0,0.0,0.0,0.0,0.0,0.0,0.0,0.0,0.0,0.0,0.21933458471314032,0.0,0.0,0.0,0.0,0.0,0.0,0.0,0.0,0.31832584629347066,0.0,0.0,0.0,0.0,0.0,0.0
1602d04000a8c7221ed0d97d79f3157303e209d4640d31b8566dd52c2b09d033,0.0,0.20519480909301005,0.2416485089373732,0.0,0.0,0.0,0.0,0.0,0.0,0.0,0.0,0.0,0.09582962037085224,0.0,0.0,0.0,0.0,0.0,0.0,0.0,0.0,0.14004912414234238,0.0,0.0,0.0,0.0,0.0,0.0,0.0,0.0,0.0,0.0,0.0,0.0,0.15688269216510412,0.33790821915519087,0.0,0.0,0.0,0.0,0.0,0.0,0.0,0.0,0.0,0.0,0.0,0.0,0.0,0.0,0.2271935957812254,0.0,0.0,0.0,0.0,0.0,0.0,0.0,0.0,0.3269642588053833,0.13921518650030743,0.0,0.0,0.0,0.0,0.0,0.0,0.0,0.0,0.0,0.0,0.0,0.0,0.0,0.0,0.0,0.0,0.0,0.0,0.08335300954400342,0.0,0.0,0.0,0.0,0.0,0.0,0.0,0.0,0.0,0.0,0.0,0.0,0.0,0.0,0.0,0.0,0.0,0.0,0.0,0.0,0.0,0.0,0.1286869040381257,0.0,0.0,0.0,0.0,0.0,0.31468679737591004,0.0,0.0,0.0,0.0,0.0,0.19264192967646096,0.0,0.0,0.11074731879523546,0.0,0.0,0.1286869040381257,0.2974523453191217,0.21035526018410725,0.2873829375727545,0.0,0.0,0.0,0.0,0.2652616038007295,0.0,0.0,0.0,0.0,0.0,0.0,0.0,0.0,0.0,0.0,0.0,0.0,0.0,0.0,0.0,0.0,0.09917499055186402,0.0,0.2220394173000688,0.0,0.0,0.0,0.0,0.0,0.0,0.14393517939662032,0.0,0.0,0.0,0.0,0.0,0.0
1791e9d01451f953e74249019654609cd33c2ab66e97f2ed7a609e99f9ce8320,0.0,0.22300371138937145,0.2626212358048273,0.0,0.0,0.0,0.0,0.0,0.0,0.0,0.0,0.0,0.0,0.0,0.0,0.0,0.0,0.0,0.0,0.0,0.0,0.0,0.0,0.0,0.0,0.0,0.0,0.0,0.0,0.0,0.0,0.0,0.0,0.0,0.17049857528177725,0.0,0.0,0.0,0.0,0.0,0.0,0.0,0.0,0.0,0.0,0.316508048157655,0.0,0.0,0.0,0.0,0.24691177757885985,0.0,0.0,0.0,0.0,0.0,0.0,0.0,0.0,0.0,0.15129770294169512,0.0,0.0,0.21138036246843178,0.2013525560970861,0.0,0.0,0.1702064231057526,0.0,0.0,0.0,0.0,0.0,0.0,0.0,0.09901086789383073,0.0,0.0,0.0,0.0905872354468818,0.0,0.0,0.0,0.0,0.0,0.3064671181383042,0.0,0.0,0.0,0.0,0.0,0.0,0.0,0.0,0.0,0.0,0.0,0.0,0.0,0.0,0.0,0.0,0.0,0.0,0.0,0.0,0.0,0.0,0.0,0.0,0.0,0.0,0.0,0.0,0.2093613648266725,0.0,0.0,0.12035910278102988,0.13235711785727203,0.11732438472466697,0.1398556685452113,0.0,0.2286120391577234,0.31232496549001365,0.0,0.0,0.0,0.0,0.0,0.0,0.0,0.0,0.0,0.0,0.0,0.0,0.0,0.0,0.0,0.0,0.0,0.0,0.0,0.0,0.31232496549001365,0.10778240964198406,0.22240628747657945,0.0,0.0,0.0,0.0,0.0,0.0,0.0,0.15642734505234002,0.0,0.0,0.0,0.0,0.0,0.0
8a74737cd563828a070e74b5fa4af0eefc7a98cf8b52fcc0ee5db3c83a2d9cb0,0.0,0.0,0.0,0.0,0.0,0.0,0.0,0.0,0.0,0.0,0.2148026860492883,0.0,0.1399154042790853,0.0,0.0,0.0,0.0,0.0,0.0,0.0,0.0,0.2044777986960252,0.0,0.0,0.0,0.0,0.0,0.0,0.0,0.0,0.0,0.0,0.0,0.0,0.0,0.0,0.0,0.0,0.0,0.0,0.0,0.0,0.0,0.2420718771923438,0.0,0.0,0.0,0.0,0.34357250118454286,0.34108328610258226,0.0,0.0,0.0,0.0,0.0,0.0,0.0,0.0,0.0,0.0,0.0,0.0,0.0,0.0,0.0,0.0,0.0,0.0,0.0,0.0,0.0,0.0,0.0,0.0,0.0,0.13301570189475856,0.2832928394668564,0.22595862912082962,0.0,0.12169901104789252,0.0,0.0,0.0,0.0,0.0,0.0,0.0,0.0,0.0,0.0,0.0,0.0,0.0,0.0,0.0,0.0,0.0,0.0,0.0,0.17104684817368834,0.0,0.0,0.0,0.0,0.0,0.0,0.0,0.0,0.0,0.0,0.0,0.0,0.0,0.0,0.0,0.0,0.17482453014196628,0.0,0.0,0.1576189131101906,0.0,0.0,0.0,0.0,0.22076322272202337,0.0,0.0,0.0,0.0,0.0,0.0,0.0,0.0,0.20057455735556004,0.0,0.0,0.0,0.44085034432204717,0.0,0.0,0.0,0.0,0.0,0.21617300431504072,0.0,0.14479978991609477,0.0,0.0,0.0,0.0,0.0,0.0,0.0,0.0,0.0,0.0,0.0,0.0,0.0,0.0,0.0
00b4eedbb85d52ce1a691501cbbf4587c49c93906611268a75ac547337c5919a,0.0,0.0,0.0,0.0,0.0,0.0,0.0,0.0,0.0,0.0,0.0,0.0,0.0,0.0,0.0,0.0,0.0,0.0,0.0,0.0,0.0,0.0,0.0,0.0,0.0,0.0,0.0,0.0,0.0,0.0,0.0,0.0,0.0,0.0,0.346960457906147,0.0,0.0,0.0,0.0,0.0,0.0,0.0,0.0,0.0,0.0,0.0,0.0,0.0,0.0,0.0,0.0,0.0,0.0,0.0,0.0,0.0,0.0,0.0,0.0,0.0,0.30788714923889043,0.0,0.0,0.4301539014810349,0.0,0.0,0.0,0.3463659353266811,0.0,0.0,0.0,0.0,0.0,0.0,0.0,0.20148471038748994,0.0,0.0,0.0,0.1843428230362538,0.0,0.0,0.0,0.0,0.0,0.0,0.0,0.0,0.0,0.0,0.0,0.0,0.0,0.0,0.0,0.0,0.0,0.0,0.0,0.0,0.0,0.0,0.0,0.0,0.0,0.0,0.3388456573381492,0.0,0.0,0.0,0.0,0.0,0.0,0.0,0.0,0.0,0.0,0.2449278496612892,0.0,0.0,0.284602887261798,0.0,0.0,0.0,0.0,0.0,0.0,0.0,0.0,0.0,0.0,0.0,0.0,0.0,0.0,0.0,0.0,0.0,0.0,0.0,0.0,0.0,0.0,0.0,0.0,0.21933458471314032,0.0,0.0,0.0,0.0,0.0,0.0,0.0,0.0,0.31832584629347066,0.0,0.0,0.0,0.0,0.0,0.0
4098b54c9d27b00ce34d04ffac24213ed28993a2854827851b157d63407c2e4e,0.0,0.0,0.0,0.0,0.0,0.0,0.0,0.0,0.0,0.0,0.0,0.0,0.0,0.0,0.0,0.0,0.0,0.0,0.0,0.5012725588213549,0.0,0.0,0.0,0.0,0.0,0.0,0.0,0.0,0.0,0.0,0.0,0.0,0.0,0.0,0.25210466093327316,0.0,0.0,0.0,0.0,0.0,0.0,0.0,0.0,0.0,0.0,0.0,0.0,0.0,0.0,0.0,0.0,0.0,0.0,0.0,0.0,0.0,0.0,0.0,0.0,0.0,0.0,0.0,0.0,0.0,0.0,0.0,0.0,0.0,0.0,0.0,0.0,0.0,0.0,0.0,0.0,0.1464006443328393,0.0,0.0,0.0,0.0,0.0,0.0,0.0,0.0,0.0,0.0,0.0,0.0,0.0,0.0,0.0,0.0,0.0,0.0,0.0,0.0,0.0,0.0,0.0,0.1882587425922237,0.0,0.0,0.20679507638064765,0.5720354086951159,0.0,0.0,0.0,0.0,0.0,0.0,0.0,0.0,0.0,0.0,0.0,0.0,0.19241656055177567,0.0,0.0,0.0,0.0,0.0,0.0,0.0,0.0,0.0,0.0,0.0,0.0,0.0,0.0,0.0,0.0,0.0,0.0,0.0,0.0,0.0,0.0,0.0,0.0,0.0,0.0,0.0,0.0,0.15937052724608727,0.0,0.0,0.0,0.0,0.0,0.4425864308125563,0.0,0.0,0.0,0.0,0.0,0.0,0.0,0.0,0.0
4263eacd358d5ef9efacff1f63ff79487639136c0268938755a4bfe3f5797167,0.0,0.1951576356847759,0.22982819048601205,0.0,0.0,0.0,0.0,0.0,0.0,0.0,0.0,0.0,0.09114208211606381,0.0,0.0,0.0,0.0,0.17859709278438282,0.0,0.0,0.0,0.13319857392179157,0.0,0.0,0.0,0.0,0.0,0.0,0.0,0.0,0.0,0.0,0.0,0.0,0.0,0.0,0.0,0.0,0.0,0.0,0.0,0.0,0.16746295064540745,0.0,0.0,0.27698625268976174,0.0,0.19011206201347838,0.0,0.0,0.21608034429023482,0.0,0.2619457950303836,0.0,0.0,0.0,0.0,0.0,0.0,0.0,0.13240542862124788,0.0,0.0,0.18498567361285725,0.17621002153808274,0.0,0.0,0.0,0.0,0.0,0.0,0.28942110364958284,0.0,0.0,0.0,0.0866475574100182,0.0,0.0,0.0,0.07927576892281336,0.0,0.0,0.0,0.0,0.28717365675439915,0.2681991156935019,0.0,0.0,0.0,0.0,0.0,0.0,0.0,0.0,0.0,0.0,0.0,0.0,0.0,0.0,0.0,0.0,0.0,0.0,0.0,0.0,0.14571899024436144,0.0,0.0,0.0,0.0,0.0,0.0,0.0,0.18321878460565635,0.0,0.11388218305340077,0.10533007628233686,0.11582992061497835,0.10267429805712337,0.12239214065249844,0.0,0.20006566156738465,0.27332550409412304,0.0,0.0,0.0,0.0,0.0,0.0,0.0,0.0,0.0,0.0,0.0,0.0,0.0,0.0,0.0,0.0,0.0,0.0,0.0,0.0,0.0,0.09432381238449705,0.0,0.0,0.0,0.0,0.0,0.0,0.0,0.0,0.13689454147047123,0.0,0.0,0.0,0.0,0.0,0.0
04419b76566142902680b2c44b216905b44a5743502530066e408bac72d20864,0.0,0.0,0.0,0.0,0.0,0.0,0.0,0.0,0.0,0.0,0.0,0.0,0.0,0.0,0.0,0.0,0.0,0.0,0.0,0.0,0.0,0.0,0.0,0.0,0.0,0.0,0.0,0.0,0.0,0.0,0.0,0.0,0.0,0.0,0.0,0.0,0.0,0.0,0.0,0.0,0.0,0.0,0.0,0.0,0.0,0.0,0.0,0.0,0.0,0.0,0.0,0.0,0.0,0.0,0.0,0.0,0.0,0.0,0.0,0.0,0.0,0.0,0.0,0.0,0.0,0.0,0.0,0.4479809832035439,0.0,0.0,0.0,0.0,0.0,0.0,0.0,0.0,0.0,0.0,0.0,0.23842436766308772,0.0,0.0,0.0,0.0,0.0,0.0,0.0,0.0,0.0,0.0,0.0,0.0,0.0,0.0,0.0,0.0,0.0,0.0,0.0,0.0,0.0,0.0,0.3680982113262868,0.0,0.0,0.0,0.0,0.0,0.0,0.0,0.0,0.0,0.0,0.0,0.0,0.0,0.0,0.31678351625920415,0.3483621282308944,0.3087961797425891,0.3680982113262868,0.0,0.0,0.0,0.0,0.0,0.0,0.0,0.0,0.0,0.0,0.0,0.0,0.39295193605134277,0.0,0.0,0.0,0.0,0.0,0.0,0.0,0.0,0.0,0.0,0.0,0.0,0.0,0.0,0.0,0.0,0.0,0.0,0.0,0.0,0.0,0.0,0.0,0.0,0.0,0.0,0.0
4842ddfa8eec84cc885044bded5a33918037b52d6a294398502a1330aa6b652a,0.0,0.0,0.0,0.0,0.0,0.0,0.0,0.0,0.0,0.0,0.0,0.0,0.0,0.0,0.0,0.0,0.0,0.0,0.0,0.0,0.0,0.0,0.0,0.0,0.0,0.0,0.0,0.0,0.0,0.0,0.0,0.0,0.0,0.0,0.346960457906147,0.0,0.0,0.0,0.0,0.0,0.0,0.0,0.0,0.0,0.0,0.0,0.0,0.0,0.0,0.0,0.0,0.0,0.0,0.0,0.0,0.0,0.0,0.0,0.0,0.0,0.30788714923889043,0.0,0.0,0.4301539014810349,0.0,0.0,0.0,0.3463659353266811,0.0,0.0,0.0,0.0,0.0,0.0,0.0,0.20148471038748994,0.0,0.0,0.0,0.1843428230362538,0.0,0.0,0.0,0.0,0.0,0.0,0.0,0.0,0.0,0.0,0.0,0.0,0.0,0.0,0.0,0.0,0.0,0.0,0.0,0.0,0.0,0.0,0.0,0.0,0.0,0.0,0.3388456573381492,0.0,0.0,0.0,0.0,0.0,0.0,0.0,0.0,0.0,0.0,0.2449278496612892,0.0,0.0,0.284602887261798,0.0,0.0,0.0,0.0,0.0,0.0,0.0,0.0,0.0,0.0,0.0,0.0,0.0,0.0,0.0,0.0,0.0,0.0,0.0,0.0,0.0,0.0,0.0,0.0,0.21933458471314032,0.0,0.0,0.0,0.0,0.0,0.0,0.0,0.0,0.31832584629347066,0.0,0.0,0.0,0.0,0.0,0.0
5031cc5f35470eba6a19978c0ecbd6b71ba5a5287087331c6ae1054137b629ea,0.0,0.0,0.0,0.0,0.0,0.0,0.0,0.0,0.0,0.0,0.0,0.0,0.0,0.0,0.0,0.0,0.0,0.0,0.0,0.0,0.0,0.0,0.0,0.0,0.0,0.0,0.0,0.0,0.0,0.0,0.0,0.0,0.0,0.0,0.0,0.0,0.0,0.0,0.0,0.0,0.0,0.0,0.0,0.0,0.0,0.0,0.0,0.0,0.0,0.0,0.0,0.0,0.0,0.0,0.0,0.0,0.0,0.0,0.0,0.0,0.284590867985452,0.0,0.0,0.39760630637699007,0.0,0.0,0.0,0.3201581567106277,0.0,0.0,0.0,0.0,0.0,0.0,0.0,0.18623936970647118,0.0,0.0,0.0,0.17039452326758342,0.0,0.0,0.0,0.0,0.0,0.0,0.0,0.0,0.0,0.0,0.0,0.0,0.0,0.0,0.0,0.0,0.0,0.0,0.0,0.23948794571147883,0.0,0.0,0.26306840969889367,0.0,0.0,0.0,0.313206900558694,0.0,0.0,0.0,0.0,0.0,0.0,0.0,0.0,0.0,0.24477719426410635,0.22639538383212254,0.24896364136849855,0.0,0.26306840969889367,0.0,0.0,0.0,0.0,0.0,0.0,0.0,0.0,0.0,0.0,0.0,0.0,0.0,0.0,0.0,0.0,0.0,0.0,0.0,0.0,0.0,0.0,0.0,0.0,0.20273863328510972,0.0,0.0,0.0,0.0,0.0,0.0,0.0,0.0,0.29423972102379414,0.0,0.0,0.0,0.0,0.0,0.0
5837daaf4f7cf7280ec0a749e161015c1de39b35fa26710ce7bb22e352725ed4,0.0,0.0,0.28148246536908567,0.0,0.3105727040939803,0.0,0.0,0.0,0.0,0.0,0.0,0.0,0.11162641936417594,0.0,0.0,0.0,0.0,0.0,0.0,0.0,0.0,0.0,0.0,0.0,0.0,0.0,0.0,0.0,0.0,0.0,0.0,0.0,0.0,0.0,0.0,0.0,0.0,0.0,0.0,0.0,0.0,0.0,0.0,0.0,0.0,0.0,0.0,0.0,0.0,0.0,0.26464476746736587,0.0,0.0,0.0,0.0,0.0,0.0,0.0,0.0,0.0,0.1621637728502574,0.0,0.0,0.0,0.0,0.0,0.0,0.1824305009099355,0.0,0.0,0.0,0.0,0.0,0.0,0.0,0.0,0.0,0.0,0.0,0.09709313219250874,0.0,0.0,0.0,0.0,0.0,0.0,0.0,0.0,0.0,0.0,0.0,0.0,0.0,0.0,0.0,0.0,0.0,0.0,0.0,0.13646351024417375,0.0,0.0,0.0,0.0,0.0,0.0,0.17846957998641608,0.0,0.0,0.0,0.0,0.0,0.0,0.0,0.2243975166130305,0.2554058619094557,0.0,0.12900318923787776,0.0,0.12575052036063608,0.0,0.0,0.24503075769163327,0.0,0.17612791248203696,0.0,0.2026362447337417,0.0,0.0,0.0,0.0,0.0,0.0,0.0,0.0,0.0,0.0,0.0,0.0,0.0,0.3602820186539165,0.0,0.0,0.1724657735809553,0.0,0.0,0.0,0.2586409610619051,0.0,0.0,0.0,0.0,0.0,0.0,0.16766182141186906,0.0,0.0,0.29600504449068066,0.0,0.0,0.0
5997f7c46d8860cb07a00edf9e093e21a2416cc508c51dbd3838628d9b46b0d5,0.0,0.0,0.0,0.0,0.3641332901580447,0.0,0.0,0.0,0.0,0.0,0.0,0.0,0.13087723040637586,0.0,0.0,0.0,0.0,0.0,0.0,0.0,0.0,0.0,0.0,0.0,0.0,0.0,0.0,0.0,0.0,0.0,0.0,0.0,0.0,0.0,0.0,0.0,0.0,0.0,0.0,0.0,0.0,0.0,0.0,0.0,0.0,0.0,0.0,0.0,0.0,0.0,0.3102847372956573,0.0,0.0,0.0,0.0,0.0,0.0,0.0,0.0,0.0,0.19013012854644668,0.0,0.0,0.0,0.0,0.0,0.0,0.0,0.0,0.0,0.0,0.0,0.0,0.0,0.0,0.0,0.0,0.0,0.0,0.11383756914551539,0.0,0.0,0.0,0.0,0.0,0.0,0.0,0.0,0.0,0.0,0.0,0.0,0.0,0.0,0.0,0.0,0.0,0.0,0.0,0.15999766340280305,0.0,0.0,0.0,0.0,0.0,0.0,0.2092479940990333,0.0,0.0,0.0,0.0,0.0,0.0,0.0,0.0,0.29945251336253514,0.0,0.1512507542319453,0.16632820818131036,0.14743713827519245,0.0,0.0,0.28728814481125037,0.0,0.2065024885166505,0.0,0.2375823809610778,0.0,0.0,0.0,0.0,0.0,0.0,0.0,0.0,0.0,0.0,0.0,0.0,0.0,0.0,0.0,0.0,0.20220878636740075,0.0,0.0,0.0,0.30324552956402473,0.0,0.0,0.0,0.0,0.0,0.0,0.19657635671073034,0.0,0.0,0.3470533286825933,0.0,0.0,0.0
6375e7e4c7cdc3f96afd991c4dfedd5cdfe4b31bf0662dccfa703c117e951f71,0.0,0.0,0.0,0.0,0.0,0.2121266334791357,0.0,0.0,0.0,0.31638057511125545,0.0,0.0,0.07624281282584165,0.25752140246408156,0.0,0.0,0.0,0.0,0.0,0.0,0.0,0.0,0.0,0.2628834666127298,0.27209050356857,0.0,0.0,0.0,0.0,0.0,0.0,0.0,0.0,0.0,0.0,0.0,0.0,0.0,0.0,0.0,0.0,0.0,0.14008728026491532,0.13190999889019978,0.0,0.0,0.0,0.0,0.0,0.0,0.0,0.0,0.0,0.0,0.0,0.0,0.2349545002748687,0.0,0.0,0.0,0.0,0.0,0.0,0.0,0.0,0.0,0.0,0.0,0.0,0.0,0.0,0.0,0.0,0.0,0.0,0.07248302154229624,0.1543721582742222,0.1231295549993876,0.0,0.06631632141023297,0.0,0.0,0.0,0.0,0.0,0.0,0.0,0.0,0.0,0.0,0.0,0.0,0.0,0.0,0.0,0.0,0.0,0.0,0.3834985134496739,0.09320698386965295,0.0,0.0,0.10238433064585256,0.0,0.0,0.0,0.0,0.0,0.0,0.0,0.0,0.0,0.0,0.0,0.0,0.0,0.09526552131738433,0.0,0.09689485638295936,0.0,0.0,0.0,0.0,0.0,0.12029847003301572,0.0,0.13840412840407124,0.0,0.21104425469072455,0.0,0.0,0.0,0.0,0.10929724652464107,0.0,0.0,0.0,0.0,0.2755482147167266,0.0,0.0,0.0,0.14773212380333442,0.0,0.0,0.07890441611256002,0.0,0.0,0.0,0.3463625101559726,0.0,0.0,0.0,0.0,0.0,0.0,0.0,0.0,0.0,0.0,0.0
0b6e1343a2731908678ff352ac759a147f11a86d3f2481dc21386e919a976103,0.0,0.0,0.0,0.0,0.0,0.0,0.0,0.0,0.0,0.0,0.0,0.0,0.0,0.0,0.0,0.0,0.0,0.0,0.0,0.0,0.0,0.0,0.0,0.0,0.0,0.0,0.0,0.0,0.0,0.0,0.0,0.0,0.0,0.0,0.0,0.0,0.0,0.0,0.0,0.0,0.0,0.0,0.0,0.0,0.0,0.0,0.0,0.0,0.0,0.0,0.0,0.0,0.0,0.0,0.0,0.0,0.0,0.0,0.0,0.0,0.284590867985452,0.0,0.0,0.39760630637699007,0.0,0.0,0.0,0.3201581567106277,0.0,0.0,0.0,0.0,0.0,0.0,0.0,0.18623936970647118,0.0,0.0,0.0,0.17039452326758342,0.0,0.0,0.0,0.0,0.0,0.0,0.0,0.0,0.0,0.0,0.0,0.0,0.0,0.0,0.0,0.0,0.0,0.0,0.0,0.23948794571147883,0.0,0.0,0.26306840969889367,0.0,0.0,0.0,0.313206900558694,0.0,0.0,0.0,0.0,0.0,0.0,0.0,0.0,0.0,0.24477719426410635,0.22639538383212254,0.24896364136849855,0.0,0.26306840969889367,0.0,0.0,0.0,0.0,0.0,0.0,0.0,0.0,0.0,0.0,0.0,0.0,0.0,0.0,0.0,0.0,0.0,0.0,0.0,0.0,0.0,0.0,0.0,0.0,0.20273863328510972,0.0,0.0,0.0,0.0,0.0,0.0,0.0,0.0,0.29423972102379414,0.0,0.0,0.0,0.0,0.0,0.0
8a492973b12f84f49c52216d8c29755597f0b92a02311286b1f75ef5c265c30d,0.0,0.0,0.0,0.0,0.0,0.0,0.0,0.0,0.0,0.0,0.3092565172709114,0.0,0.2014395231071407,0.0,0.0,0.0,0.0,0.0,0.0,0.0,0.0,0.29439153228021187,0.0,0.0,0.0,0.0,0.0,0.0,0.0,0.0,0.0,0.0,0.0,0.0,0.0,0.0,0.0,0.0,0.0,0.0,0.0,0.0,0.0,0.0,0.0,0.0,0.0,0.0,0.0,0.0,0.0,0.0,0.0,0.0,0.0,0.0,0.0,0.0,0.38859365635501153,0.0,0.0,0.0,0.0,0.0,0.0,0.0,0.0,0.0,0.0,0.0,0.0,0.0,0.0,0.0,0.0,0.19150585808261172,0.0,0.0,0.0,0.17521295009946694,0.0,0.0,0.0,0.0,0.0,0.0,0.0,0.0,0.0,0.0,0.0,0.0,0.0,0.0,0.0,0.0,0.0,0.0,0.0,0.0,0.0,0.0,0.0,0.0,0.45947931257252084,0.0,0.0,0.0,0.0,0.0,0.0,0.0,0.0,0.0,0.0,0.0,0.0,0.0,0.25600385056495,0.22692768429021912,0.0,0.0,0.0,0.0,0.0,0.0,0.36567462018303104,0.0,0.0,0.0,0.0,0.0,0.0,0.0,0.0,0.0,0.0,0.0,0.0,0.0,0.0,0.0,0.0,0.31122939695046103,0.0,0.0,0.0,0.0,0.0,0.0,0.0,0.0,0.0,0.0,0.0,0.0,0.0,0.0,0.0,0.0,0.0
6931b124d38d52bd7cdef48121fda457d407b63b59bb4e6ead4ce548f4bbb971,0.0,0.0,0.0,0.0,0.0,0.0,0.0,0.0,0.0,0.0,0.0,0.0,0.0,0.0,0.0,0.0,0.0,0.0,0.0,0.0,0.0,0.0,0.0,0.0,0.0,0.0,0.0,0.0,0.0,0.0,0.0,0.0,0.0,0.0,0.0,0.0,0.0,0.0,0.0,0.0,0.0,0.0,0.0,0.0,0.0,0.0,0.0,0.0,0.0,0.0,0.0,0.0,0.0,0.0,0.0,0.0,0.0,0.0,0.0,0.0,0.0,0.0,0.0,0.0,0.0,0.0,0.0,0.0,0.0,0.0,0.0,0.0,0.0,0.0,0.0,0.0,0.0,0.0,0.0,0.0,0.0,0.0,0.0,0.0,0.0,0.0,0.0,0.0,0.0,0.0,0.0,0.0,0.0,0.0,0.0,0.0,0.0,0.0,0.0,0.28052216812388603,0.0,0.0,0.3081429440400401,0.0,0.0,0.0,0.0,0.0,0.0,0.0,0.0,0.0,0.0,0.0,0.0,0.0,0.2867176844256407,0.0,0.0,0.0,0.0,0.0,0.0,0.0,0.0,0.0,0.0,0.0,0.0,0.0,0.0,0.0,0.0,0.0,0.0,0.0,0.0,0.0,0.8293089144811315,0.0,0.0,0.0,0.0,0.0,0.0,0.23747617360303108,0.0,0.0,0.0,0.0,0.0,0.0,0.0,0.0,0.0,0.0,0.0,0.0,0.0,0.0,0.0
7655c5d4d4a19b39ca249667b74f03b81c41fe6177d8eed50320e553be264da9,0.0,0.0,0.0,0.0,0.0,0.0,0.0,0.0,0.0,0.0,0.0,0.0,0.0,0.0,0.0,0.0,0.0,0.0,0.0,0.0,0.0,0.0,0.0,0.0,0.0,0.0,0.0,0.0,0.0,0.0,0.0,0.0,0.0,0.0,0.346960457906147,0.0,0.0,0.0,0.0,0.0,0.0,0.0,0.0,0.0,0.0,0.0,0.0,0.0,0.0,0.0,0.0,0.0,0.0,0.0,0.0,0.0,0.0,0.0,0.0,0.0,0.30788714923889043,0.0,0.0,0.4301539014810349,0.0,0.0,0.0,0.3463659353266811,0.0,0.0,0.0,0.0,0.0,0.0,0.0,0.20148471038748994,0.0,0.0,0.0,0.1843428230362538,0.0,0.0,0.0,0.0,0.0,0.0,0.0,0.0,0.0,0.0,0.0,0.0,0.0,0.0,0.0,0.0,0.0,0.0,0.0,0.0,0.0,0.0,0.0,0.0,0.0,0.0,0.3388456573381492,0.0,0.0,0.0,0.0,0.0,0.0,0.0,0.0,0.0,0.0,0.2449278496612892,0.0,0.0,0.284602887261798,0.0,0.0,0.0,0.0,0.0,0.0,0.0,0.0,0.0,0.0,0.0,0.0,0.0,0.0,0.0,0.0,0.0,0.0,0.0,0.0,0.0,0.0,0.0,0.0,0.21933458471314032,0.0,0.0,0.0,0.0,0.0,0.0,0.0,0.0,0.31832584629347066,0.0,0.0,0.0,0.0,0.0,0.0
8710ad8fb2938326655335455987aa17961b2496a345a7ed9f4bbfcb278212bc,0.0,0.0,0.0,0.0,0.0,0.0,0.0,0.0,0.0,0.0,0.0,0.0,0.0,0.0,0.0,0.0,0.0,0.4273345192036469,0.0,0.0,0.0,0.0,0.0,0.0,0.0,0.0,0.0,0.0,0.0,0.0,0.0,0.0,0.0,0.0,0.0,0.0,0.0,0.0,0.0,0.0,0.0,0.0,0.40069352968066313,0.0,0.0,0.0,0.0,0.0,0.0,0.0,0.0,0.0,0.0,0.0,0.0,0.0,0.0,0.0,0.0,0.0,0.3168103651503639,0.0,0.0,0.0,0.0,0.0,0.0,0.0,0.0,0.0,0.0,0.0,0.0,0.0,0.0,0.0,0.0,0.0,0.0,0.1896854650261822,0.0,0.0,0.0,0.0,0.0,0.0,0.0,0.0,0.0,0.0,0.0,0.0,0.0,0.0,0.0,0.0,0.0,0.0,0.0,0.2666011881092497,0.0,0.0,0.2928512763821095,0.0,0.0,0.0,0.34866611580342755,0.0,0.0,0.0,0.0,0.0,0.0,0.0,0.0,0.0,0.0,0.2520263729048327,0.0,0.0,0.0,0.0,0.0,0.0,0.0,0.0,0.0,0.0,0.0,0.0,0.0,0.0,0.0,0.0,0.0,0.0,0.0,0.0,0.0,0.0,0.0,0.0,0.42256017835478077,0.0,0.0,0.0,0.0,0.0,0.0,0.0,0.0,0.0,0.0,0.0,0.0,0.0,0.0,0.0,0.0,0.0,0.0
9704a4959ec0edb5b82732944be3665e80ed974dec17ab401545ee21069da08d,0.0,0.0,0.0,0.0,0.0,0.0,0.0,0.0,0.0,0.0,0.0,0.0,0.0,0.0,0.0,0.0,0.0,0.5256590876082348,0.0,0.0,0.0,0.0,0.0,0.0,0.0,0.0,0.0,0.0,0.0,0.0,0.0,0.0,0.0,0.0,0.0,0.0,0.0,0.0,0.0,0.0,0.0,0.0,0.0,0.0,0.0,0.0,0.0,0.0,0.0,0.0,0.0,0.0,0.0,0.0,0.0,0.0,0.0,0.0,0.0,0.0,0.38970464590624343,0.0,0.0,0.0,0.0,0.0,0.0,0.0,0.0,0.0,0.0,0.0,0.0,0.0,0.0,0.0,0.0,0.0,0.0,0.23332982475653868,0.0,0.0,0.0,0.0,0.0,0.0,0.0,0.0,0.0,0.0,0.0,0.0,0.0,0.0,0.0,0.0,0.0,0.0,0.0,0.32794293697110627,0.0,0.0,0.3602328570011129,0.0,0.0,0.0,0.4288900242711137,0.0,0.0,0.0,0.0,0.0,0.0,0.0,0.0,0.0,0.0,0.31001463088272907,0.0,0.0,0.0,0.0,0.0,0.0,0.0,0.0,0.0,0.0,0.0,0.0,0.0,0.0,0.0,0.0,0.0,0.0,0.0,0.0,0.0,0.0,0.0,0.0,0.0,0.0,0.0,0.0,0.0,0.0,0.0,0.0,0.0,0.0,0.0,0.0,0.0,0.0,0.0,0.0,0.0,0.0,0.0
9706a97ffa43a0258571def8912dc2b8bf1ee207676052ad1b9c16ca9953fc2c,0.0,0.2380917581346302,0.0,0.0,0.0,0.0,0.0,0.0,0.0,0.0,0.0,0.0,0.11119307986552578,0.0,0.0,0.0,0.0,0.0,0.0,0.0,0.0,0.16250187974858113,0.0,0.0,0.0,0.0,0.0,0.0,0.0,0.0,0.0,0.0,0.0,0.0,0.182034215015413,0.0,0.0,0.0,0.0,0.0,0.0,0.0,0.0,0.0,0.0,0.0,0.0,0.0,0.0,0.0,0.26361740287475494,0.0,0.0,0.0,0.0,0.0,0.0,0.0,0.0,0.0,0.16153424474726513,0.0,0.0,0.0,0.0,0.0,0.0,0.0,0.0,0.0,0.0,0.0,0.0,0.0,0.0,0.0,0.0,0.17957305004115864,0.0,0.09671621166181063,0.0,0.0,0.0,0.0,0.0,0.0,0.0,0.0,0.0,0.0,0.0,0.0,0.0,0.0,0.0,0.0,0.0,0.0,0.0,0.0,0.0,0.0,0.14931806202491074,0.0,0.0,0.0,0.0,0.0,0.0,0.0,0.0,0.0,0.0,0.0,0.22352639391733434,0.0,0.0,0.12850239222524373,0.14131217232186521,0.12526235037580216,0.14931806202491074,0.0,0.24407953569332166,0.33345633433434957,0.0,0.0,0.0,0.0,0.3077884956919157,0.0,0.0,0.0,0.0,0.1593999094663165,0.0,0.0,0.0,0.0,0.0,0.0,0.0,0.0,0.0,0.0,0.0,0.11507478170549398,0.0,0.2576369035544139,0.0,0.0,0.0,0.31957312177882025,0.0,0.0,0.1670109496017077,0.0,0.0,0.29485593769044344,0.0,0.0,0.0
13849c0c923bfed5ab37224d59e2d12e3e72f97dc7f539136ae09484cbe8e5e0,0.0,0.0,0.245562064697902,0.0,0.0,0.0,0.0,0.0,0.0,0.0,0.0,0.0,0.09738160413636694,0.0,0.0,0.0,0.0,0.0,0.0,0.0,0.0,0.0,0.0,0.0,0.0,0.0,0.20470017534690998,0.32269558808688975,0.0,0.0,0.0,0.0,0.0,0.0,0.15942344512215684,0.0,0.0,0.0,0.0,0.0,0.0,0.0,0.0,0.0,0.18911287880330777,0.0,0.0,0.0,0.0,0.0,0.0,0.0,0.0,0.0,0.0,0.0,0.0,0.0,0.1878572438485172,0.0,0.0,0.0,0.0,0.0,0.0,0.0,0.0,0.0,0.0,0.0,0.0,0.0,0.0,0.0,0.0,0.0,0.0,0.15726798550608195,0.0,0.0847029315943931,0.0,0.0,0.48982584770250537,0.0,0.0,0.0,0.0,0.0,0.0,0.0,0.0,0.0,0.0,0.0,0.0,0.0,0.0,0.0,0.0,0.0,0.0,0.0,0.0,0.0,0.0,0.0,0.0,0.0,0.0,0.0,0.0,0.0,0.0,0.0,0.0,0.0,0.0,0.1125408982770213,0.12375955447353752,0.10970330736624552,0.0,0.30226965764033337,0.21376201424963473,0.2920371734120786,0.0,0.0,0.0,0.0,0.0,0.0,0.0,0.0,0.0,0.13960058397333938,0.0,0.0,0.0,0.0,0.35194566112508446,0.0,0.0,0.0,0.0,0.0,0.0,0.10078115339260071,0.0,0.0,0.0,0.0,0.0,0.0,0.0,0.0,0.0,0.0,0.0,0.0,0.0,0.0,0.0
22709d7884e71cdeb419e81453644edef69f8373a7a676c85c4d85f1ab67be46,0.0,0.20164525078384604,0.23746835702911048,0.0,0.0,0.0,0.0,0.0,0.0,0.0,0.0,0.0,0.0,0.0,0.0,0.0,0.0,0.0,0.0,0.0,0.0,0.0,0.0,0.0,0.0,0.0,0.0,0.0,0.0,0.0,0.0,0.0,0.0,0.0,0.1541688600462504,0.0,0.0,0.0,0.0,0.0,0.0,0.0,0.0,0.0,0.0,0.286194092233829,0.0,0.0,0.0,0.0,0.2232634918996571,0.0,0.0,0.0,0.0,0.0,0.0,0.0,0.0,0.0,0.13680697537553185,0.0,0.41304593077574037,0.19113514270757867,0.18206776208882625,0.0,0.0,0.1539046891118991,0.0,0.0,0.0,0.0,0.0,0.0,0.0,0.08952797763943089,0.0,0.0,0.0,0.08191112917223127,0.0,0.0,0.0,0.0,0.0,0.2771148449009457,0.0,0.0,0.0,0.0,0.0,0.0,0.0,0.0,0.0,0.0,0.0,0.0,0.0,0.0,0.0,0.0,0.0,0.0,0.0,0.0,0.0,0.0,0.0,0.0,0.0,0.0,0.0,0.0,0.0,0.0,0.0,0.10883155851170373,0.11968044862157712,0.10608749438953716,0.1264608161973652,0.0,0.2067164339147526,0.282411649563656,0.0,0.0,0.0,0.0,0.0,0.0,0.0,0.0,0.0,0.0,0.0,0.0,0.0,0.0,0.0,0.0,0.0,0.0,0.0,0.0,0.282411649563656,0.09745941395745288,0.20110504589681225,0.21819847287207328,0.0,0.0,0.0,0.0,0.0,0.0,0.14144531956894454,0.0,0.0,0.0,0.0,0.0,0.0
35616cb24994c8f53d586c6a5959c1011331e4c224be38bb5de08ee89378ecb8,0.0,0.0,0.0,0.0,0.0,0.0,0.0,0.0,0.0,0.0,0.12898393470221514,0.0,0.08401589245130096,0.0,0.0,0.0,0.0,0.0,0.0,0.0,0.0,0.12278408394301452,0.0,0.0,0.0,0.0,0.0,0.0,0.0,0.0,0.0,0.0,0.0,0.0,0.0,0.0,0.0,0.0,0.0,0.0,0.0,0.0,0.0,0.1453584392974278,0.0,0.0,0.0,0.0,0.20630716437174945,0.0,0.0,0.0,0.0,0.0,0.0,0.0,0.25890849634749974,0.0,0.1620736702311183,0.0,0.12205295284833668,0.0,0.0,0.0,0.0,0.0,0.0,0.13730675436504228,0.0,0.0,0.0,0.0,0.0,0.0,0.0,0.07987278428923397,0.0,0.0,0.0,0.07307737897990563,0.0,0.0,0.0,0.0,0.0,0.0,0.0,0.0,0.0,0.0,0.0,0.0,0.0,0.3407526556368924,0.0,0.0,0.0,0.0,0.0,0.0,0.0,0.0,0.11282258082331485,0.0,0.0,0.0,0.0,0.0,0.0,0.0,0.0,0.0,0.0,0.0,0.16889332945987012,0.0,0.10497799722580116,0.0970945600030837,0.10677344566956695,0.09464643096583059,0.11282258082331485,0.0,0.0,0.0,0.13256309605781294,0.0,0.0,0.0,0.0,0.42259681492628504,0.0,0.0,0.0,0.12044027979677575,0.0,0.0,0.0,0.26472020937594976,0.0,0.0,0.0,0.0,0.0,0.0,0.0,0.08694885055183377,0.17941676304902948,0.0,0.0,0.0,0.0,0.0,0.0,0.0,0.1261910722942126,0.2998305759921961,0.0,0.0,0.0,0.0,0.34863609285960984
0b997e8b0d0ff6cc4e6f1919c6c0f3080eaa0d08c8fccdf50f7648bf05cca446,0.0,0.0,0.0,0.0,0.0,0.0,0.0,0.0,0.0,0.0,0.0,0.0,0.0,0.0,0.0,0.0,0.0,0.5256590876082348,0.0,0.0,0.0,0.0,0.0,0.0,0.0,0.0,0.0,0.0,0.0,0.0,0.0,0.0,0.0,0.0,0.0,0.0,0.0,0.0,0.0,0.0,0.0,0.0,0.0,0.0,0.0,0.0,0.0,0.0,0.0,0.0,0.0,0.0,0.0,0.0,0.0,0.0,0.0,0.0,0.0,0.0,0.38970464590624343,0.0,0.0,0.0,0.0,0.0,0.0,0.0,0.0,0.0,0.0,0.0,0.0,0.0,0.0,0.0,0.0,0.0,0.0,0.23332982475653868,0.0,0.0,0.0,0.0,0.0,0.0,0.0,0.0,0.0,0.0,0.0,0.0,0.0,0.0,0.0,0.0,0.0,0.0,0.0,0.32794293697110627,0.0,0.0,0.3602328570011129,0.0,0.0,0.0,0.4288900242711137,0.0,0.0,0.0,0.0,0.0,0.0,0.0,0.0,0.0,0.0,0.31001463088272907,0.0,0.0,0.0,0.0,0.0,0.0,0.0,0.0,0.0,0.0,0.0,0.0,0.0,0.0,0.0,0.0,0.0,0.0,0.0,0.0,0.0,0.0,0.0,0.0,0.0,0.0,0.0,0.0,0.0,0.0,0.0,0.0,0.0,0.0,0.0,0.0,0.0,0.0,0.0,0.0,0.0,0.0,0.0
42438a67636a6981b4e3209449040f6b393f10fe0636dfca2260fc0f4271e135,0.0,0.3494746912273,0.41156030417975487,0.0,0.0,0.0,0.0,0.0,0.0,0.0,0.0,0.0,0.0,0.0,0.0,0.0,0.0,0.0,0.0,0.0,0.0,0.0,0.0,0.0,0.0,0.0,0.0,0.0,0.0,0.0,0.0,0.0,0.0,0.0,0.0,0.0,0.0,0.0,0.0,0.0,0.0,0.0,0.0,0.0,0.0,0.0,0.0,0.0,0.0,0.0,0.0,0.0,0.0,0.0,0.0,0.0,0.0,0.0,0.0,0.0,0.23710241273351612,0.0,0.0,0.0,0.0,0.0,0.0,0.0,0.0,0.0,0.0,0.0,0.0,0.0,0.0,0.0,0.0,0.0,0.0,0.141961521356288,0.0,0.0,0.0,0.0,0.0,0.4802722825347961,0.0,0.0,0.0,0.0,0.0,0.0,0.0,0.0,0.0,0.0,0.0,0.0,0.0,0.0,0.0,0.0,0.2191713145790936,0.0,0.0,0.0,0.0,0.0,0.0,0.0,0.0,0.0,0.0,0.0,0.3280954288692374,0.0,0.0,0.18861775895448174,0.0,0.18386197642018315,0.2191713145790936,0.0,0.3582636418816868,0.0,0.0,0.0,0.0,0.0,0.0,0.0,0.0,0.0,0.0,0.0,0.0,0.0,0.0,0.0,0.0,0.0,0.0,0.0,0.0,0.0,0.0,0.0,0.0,0.0,0.0,0.0,0.0,0.0,0.0,0.0,0.0,0.0,0.0,0.0,0.0,0.0,0.0
8adec068a8f2a765688d54aefa6e4bdc256bbca4154e891f9c0ff7cde0773519,0.0,0.0,0.0,0.0,0.0,0.0,0.0,0.0,0.0,0.0,0.2739825571971917,0.0,0.17846322576649037,0.0,0.0,0.0,0.0,0.3497068812870637,0.0,0.0,0.0,0.2608130801676034,0.0,0.0,0.0,0.0,0.0,0.5913775615151774,0.0,0.0,0.0,0.0,0.0,0.0,0.0,0.0,0.0,0.0,0.0,0.0,0.0,0.0,0.0,0.0,0.0,0.0,0.0,0.37225407908543484,0.0,0.0,0.0,0.0,0.0,0.0,0.0,0.0,0.0,0.0,0.0,0.0,0.0,0.0,0.0,0.0,0.345032811693101,0.0,0.0,0.0,0.0,0.0,0.0,0.0,0.0,0.0,0.0,0.16966259976908718,0.0,0.0,0.0,0.1552280693902494,0.0,0.0,0.0,0.0,0.0,0.0,0.0,0.0,0.0,0.0,0.0,0.0,0.0,0.0,0.0,0.0,0.0,0.0,0.0,0.0,0.0,0.0,0.0,0.0,0.0,0.0,0.0,0.0,0.0,0.0,0.0,0.0,0.0,0.0,0.0,0.0,0.0,0.20624441253864292,0.0,0.0,0.0,0.0,0.0,0.0,0.0,0.0,0.0,0.0,0.0,0.0,0.0,0.0,0.0,0.0,0.0,0.0,0.0,0.0,0.0,0.0,0.0,0.0,0.0,0.0,0.0,0.0,0.0,0.0,0.0,0.0,0.0,0.0,0.0,0.0,0.0,0.0,0.0,0.0,0.0,0.0,0.0
44136c10d998dccfa03bc3b617e6c6444487bdd4c709f5b75ed2140fe5f470cc,0.0,0.0,0.0,0.0,0.0,0.0,0.0,0.0,0.0,0.0,0.0,0.0,0.0,0.0,0.0,0.0,0.0,0.0,0.0,0.0,0.0,0.0,0.0,0.0,0.0,0.0,0.0,0.0,0.0,0.0,0.0,0.0,0.0,0.0,0.32331207508787624,0.0,0.0,0.0,0.0,0.0,0.0,0.0,0.362866146475691,0.0,0.0,0.0,0.0,0.0,0.0,0.0,0.0,0.0,0.0,0.0,0.0,0.0,0.0,0.0,0.0,0.0,0.2869019533639275,0.0,0.0,0.40083515952875204,0.0,0.0,0.0,0.322758074410065,0.0,0.0,0.0,0.0,0.0,0.0,0.0,0.1877517691986682,0.0,0.0,0.0,0.1717782510522576,0.0,0.0,0.0,0.0,0.0,0.0,0.0,0.0,0.0,0.0,0.0,0.0,0.0,0.0,0.0,0.0,0.0,0.0,0.0,0.0,0.0,0.0,0.0,0.0,0.0,0.0,0.31575036898915615,0.0,0.0,0.0,0.0,0.0,0.0,0.0,0.0,0.0,0.0,0.228233879441741,0.0,0.0,0.2652047170213935,0.0,0.0,0.0,0.0,0.0,0.0,0.0,0.0,0.0,0.0,0.0,0.0,0.0,0.0,0.0,0.0,0.0,0.0,0.0,0.0,0.0,0.0,0.0,0.0,0.20438501882922097,0.0,0.0,0.0,0.0,0.0,0.0,0.0,0.0,0.2966291621251142,0.0,0.0,0.0,0.0,0.0,0.0
52715e3681686f1239443bf9e63fd1b9ff3574cef23a70d4f004b6b182203e1a,0.0,0.0,0.0,0.0,0.0,0.0,0.0,0.0,0.0,0.0,0.0,0.0,0.0,0.0,0.0,0.0,0.0,0.0,0.0,0.0,0.0,0.0,0.0,0.0,0.0,0.0,0.0,0.0,0.0,0.0,0.0,0.0,0.0,0.0,0.3353994853910335,0.0,0.0,0.0,0.0,0.0,0.0,0.0,0.0,0.0,0.0,0.0,0.0,0.0,0.0,0.0,0.0,0.0,0.0,0.0,0.0,0.0,0.0,0.0,0.0,0.0,0.2976281275290727,0.0,0.0,0.41582086346770514,0.0,0.0,0.0,0.3348247727323934,0.0,0.0,0.0,0.0,0.0,0.0,0.0,0.194771094625444,0.0,0.0,0.0,0.17820038731507126,0.0,0.0,0.0,0.0,0.0,0.0,0.0,0.0,0.0,0.0,0.0,0.0,0.0,0.0,0.0,0.0,0.0,0.0,0.0,0.0,0.0,0.0,0.0,0.0,0.0,0.0,0.32755507582637483,0.0,0.0,0.0,0.0,0.0,0.0,0.0,0.0,0.0,0.2559905681666855,0.2367666771887593,0.0,0.0,0.2751197139422446,0.0,0.0,0.0,0.0,0.0,0.0,0.0,0.0,0.0,0.0,0.0,0.0,0.0,0.0,0.0,0.0,0.0,0.0,0.0,0.0,0.0,0.0,0.0,0.0,0.2120261982739906,0.0,0.0,0.0,0.0,0.0,0.0,0.0,0.0,0.30771899967452665,0.0,0.0,0.0,0.0,0.0,0.0
57809da76e6331b7661c93e33c3e3060288a44e228a9f8d047042d06ce025878,0.0,0.0,0.0,0.0,0.0,0.0,0.0,0.0,0.0,0.0,0.0,0.0,0.0,0.0,0.0,0.0,0.0,0.0,0.0,0.0,0.0,0.0,0.0,0.0,0.0,0.0,0.0,0.0,0.0,0.0,0.0,0.0,0.0,0.0,0.346960457906147,0.0,0.0,0.0,0.0,0.0,0.0,0.0,0.0,0.0,0.0,0.0,0.0,0.0,0.0,0.0,0.0,0.0,0.0,0.0,0.0,0.0,0.0,0.0,0.0,0.0,0.30788714923889043,0.0,0.0,0.4301539014810349,0.0,0.0,0.0,0.3463659353266811,0.0,0.0,0.0,0.0,0.0,0.0,0.0,0.20148471038748994,0.0,0.0,0.0,0.1843428230362538,0.0,0.0,0.0,0.0,0.0,0.0,0.0,0.0,0.0,0.0,0.0,0.0,0.0,0.0,0.0,0.0,0.0,0.0,0.0,0.0,0.0,0.0,0.0,0.0,0.0,0.0,0.3388456573381492,0.0,0.0,0.0,0.0,0.0,0.0,0.0,0.0,0.0,0.0,0.2449278496612892,0.0,0.0,0.284602887261798,0.0,0.0,0.0,0.0,0.0,0.0,0.0,0.0,0.0,0.0,0.0,0.0,0.0,0.0,0.0,0.0,0.0,0.0,0.0,0.0,0.0,0.0,0.0,0.0,0.21933458471314032,0.0,0.0,0.0,0.0,0.0,0.0,0.0,0.0,0.31832584629347066,0.0,0.0,0.0,0.0,0.0,0.0
63096f288f49b25d50f4aea52dc1fc00871b3927fa2a81fa0b0d752b261a3059,0.0,0.20928348692256052,0.0,0.0,0.0,0.0,0.0,0.0,0.0,0.0,0.0,0.0,0.09773910553744307,0.0,0.0,0.0,0.0,0.0,0.0,0.0,0.0,0.14283971982777807,0.0,0.0,0.0,0.0,0.0,0.0,0.0,0.0,0.0,0.0,0.0,0.0,0.16000871074291764,0.0,0.0,0.0,0.0,0.0,0.0,0.0,0.0,0.0,0.0,0.0,0.0,0.0,0.0,0.0,0.23172061779602443,0.0,0.0,0.0,0.0,0.0,0.0,0.0,0.0,0.333479294550888,0.1419891652822099,0.0,0.0,0.0,0.0,0.0,0.0,0.0,0.0,0.0,0.0,0.0,0.0,0.0,0.0,0.0,0.0,0.15784533813506632,0.0,0.08501388782672058,0.0,0.0,0.0,0.0,0.0,0.0,0.0,0.0,0.0,0.0,0.0,0.0,0.0,0.0,0.0,0.0,0.0,0.0,0.0,0.0,0.0,0.0,0.1312510980049218,0.0,0.0,0.0,0.0,0.0,0.32095719445549653,0.0,0.0,0.0,0.0,0.0,0.19648048090683318,0.0,0.0,0.11295405155344566,0.12421389299582035,0.1101060434521206,0.1312510980049218,0.30337933155736907,0.21454676430863032,0.2931092824575912,0.0,0.0,0.0,0.0,0.27054716264739326,0.0,0.0,0.0,0.0,0.14011307711620882,0.0,0.0,0.0,0.0,0.0,0.0,0.0,0.0,0.0,0.0,0.0,0.10115113501140287,0.0,0.2264637380068835,0.0,0.0,0.0,0.0,0.0,0.0,0.14680320797635196,0.0,0.0,0.2591793989978597,0.0,0.0,0.0
75910d91797aedee507082e4af6260d42b6bb6eb877e5c96107693beee6a2085,0.0,0.0,0.0,0.0,0.0,0.0,0.0,0.0,0.0,0.0,0.0,0.0,0.0,0.0,0.0,0.0,0.0,0.0,0.0,0.0,0.0,0.0,0.0,0.0,0.0,0.0,0.0,0.0,0.0,0.0,0.0,0.0,0.0,0.0,0.0,0.0,0.0,0.0,0.0,0.0,0.0,0.0,0.0,0.2296071992224329,0.0,0.0,0.0,0.0,0.0,0.0,0.0,0.0,0.0,0.0,0.0,0.0,0.0,0.0,0.0,0.0,0.0,0.0,0.0,0.0,0.2565773724270506,0.0,0.0,0.21688881262388318,0.0,0.0,0.0,0.0,0.0,0.6675310463192496,0.397986102297892,0.0,0.0,0.21432364872087278,0.0,0.0,0.0,0.0,0.0,0.0,0.0,0.0,0.0,0.0,0.0,0.0,0.0,0.0,0.0,0.0,0.0,0.0,0.0,0.0,0.0,0.16223936543351358,0.0,0.0,0.1782137791042332,0.0,0.0,0.0,0.0,0.0,0.0,0.0,0.0,0.0,0.0,0.0,0.0,0.0,0.16582252836160616,0.0,0.0,0.0,0.0,0.0,0.0,0.0,0.20939576231833806,0.0,0.0,0.0,0.0,0.0,0.0,0.0,0.0,0.19024664444228934,0.0,0.0,0.0,0.0,0.0,0.0,0.0,0.0,0.0,0.0,0.0,0.13734381125244866,0.0,0.0,0.0,0.0,0.0,0.0,0.0,0.0,0.0,0.0,0.0,0.0,0.0,0.0,0.0
76434f31095e05944ab0c2fe0465037efc4bb585358309e4a2387b97a4abc7c4,0.0,0.0,0.0,0.0,0.0,0.0,0.0,0.0,0.0,0.0,0.0,0.0,0.0,0.0,0.0,0.0,0.0,0.0,0.0,0.0,0.0,0.0,0.0,0.0,0.0,0.0,0.0,0.0,0.0,0.0,0.0,0.0,0.0,0.0,0.3350210014409721,0.0,0.0,0.0,0.0,0.0,0.0,0.0,0.0,0.0,0.0,0.0,0.0,0.0,0.0,0.0,0.0,0.0,0.0,0.0,0.0,0.0,0.0,0.0,0.0,0.0,0.297292266938156,0.0,0.0,0.41535162743790116,0.0,0.0,0.0,0.33444693732094544,0.0,0.0,0.0,0.0,0.0,0.0,0.0,0.19455130378955268,0.0,0.0,0.0,0.17799929581245658,0.0,0.0,0.0,0.0,0.0,0.0,0.0,0.0,0.0,0.0,0.0,0.0,0.0,0.0,0.0,0.0,0.0,0.0,0.0,0.0,0.0,0.0,0.0,0.0,0.0,0.0,0.32718544395643656,0.0,0.0,0.0,0.0,0.0,0.0,0.0,0.0,0.0,0.0,0.23649949613712223,0.26007498361262454,0.0,0.2748092531317541,0.0,0.0,0.0,0.0,0.0,0.0,0.0,0.0,0.0,0.0,0.0,0.0,0.0,0.0,0.0,0.0,0.0,0.0,0.0,0.0,0.0,0.0,0.0,0.0,0.21178693579287597,0.0,0.0,0.0,0.0,0.0,0.0,0.0,0.0,0.3073717519667076,0.0,0.0,0.0,0.0,0.0,0.0
085105e613ad37808a8db9a3c2ba5561d5d38d5c5c43b469c93d15f0d64af0c1,0.0,0.0,0.0,0.0,0.34649198784175445,0.0,0.0,0.0,0.0,0.0,0.0,0.0,0.12453657205317904,0.0,0.0,0.0,0.0,0.0,0.0,0.0,0.0,0.0,0.0,0.0,0.0,0.0,0.0,0.0,0.0,0.0,0.0,0.0,0.0,0.0,0.0,0.0,0.0,0.0,0.0,0.0,0.0,0.0,0.0,0.0,0.0,0.0,0.0,0.0,0.0,0.0,0.2952522560512548,0.0,0.0,0.0,0.0,0.0,0.0,0.0,0.0,0.0,0.1809188227752353,0.0,0.0,0.0,0.0,0.0,0.0,0.0,0.0,0.0,0.0,0.0,0.0,0.0,0.0,0.0,0.0,0.0,0.0,0.1083224376633705,0.0,0.0,0.0,0.0,0.0,0.0,0.0,0.0,0.0,0.0,0.0,0.0,0.0,0.0,0.0,0.0,0.0,0.0,0.0,0.15224619649143165,0.0,0.0,0.0,0.0,0.0,0.0,0.19911047791264952,0.0,0.0,0.0,0.0,0.0,0.0,0.0,0.25035020970314914,0.28494482494078016,0.0,0.1439230521154633,0.15827004298861458,0.1402941958437755,0.0,0.0,0.2733697881229572,0.0,0.19649798487072645,0.0,0.22607213808891616,0.0,0.0,0.0,0.0,0.0,0.0,0.17852836106823916,0.0,0.0,0.0,0.0,0.0,0.0,0.0,0.0,0.0,0.19241230132268217,0.0,0.0,0.0,0.2885540794612874,0.0,0.0,0.0,0.0,0.0,0.0,0.18705274810174066,0.0,0.0,0.33023950567699245,0.0,0.0,0.0
86670fbfdcbfad2bb774efeb150ec3fde4f52d5b1e3c42316e0a1fb0f76761c2,0.0,0.0,0.0,0.0,0.0,0.0,0.0,0.0,0.0,0.0,0.0,0.0,0.0,0.0,0.0,0.0,0.0,0.0,0.0,0.0,0.0,0.0,0.0,0.0,0.0,0.0,0.0,0.0,0.0,0.0,0.0,0.0,0.0,0.0,0.346960457906147,0.0,0.0,0.0,0.0,0.0,0.0,0.0,0.0,0.0,0.0,0.0,0.0,0.0,0.0,0.0,0.0,0.0,0.0,0.0,0.0,0.0,0.0,0.0,0.0,0.0,0.30788714923889043,0.0,0.0,0.4301539014810349,0.0,0.0,0.0,0.3463659353266811,0.0,0.0,0.0,0.0,0.0,0.0,0.0,0.20148471038748994,0.0,0.0,0.0,0.1843428230362538,0.0,0.0,0.0,0.0,0.0,0.0,0.0,0.0,0.0,0.0,0.0,0.0,0.0,0.0,0.0,0.0,0.0,0.0,0.0,0.0,0.0,0.0,0.0,0.0,0.0,0.0,0.3388456573381492,0.0,0.0,0.0,0.0,0.0,0.0,0.0,0.0,0.0,0.0,0.2449278496612892,0.0,0.0,0.284602887261798,0.0,0.0,0.0,0.0,0.0,0.0,0.0,0.0,0.0,0.0,0.0,0.0,0.0,0.0,0.0,0.0,0.0,0.0,0.0,0.0,0.0,0.0,0.0,0.0,0.21933458471314032,0.0,0.0,0.0,0.0,0.0,0.0,0.0,0.0,0.31832584629347066,0.0,0.0,0.0,0.0,0.0,0.0
90315b1fa493435f317b54c2faf80391cac02cadc4c9f97c4172c7e5470f1969,0.0,0.0,0.0,0.0,0.0,0.0,0.0,0.0,0.0,0.0,0.0,0.0,0.0,0.0,0.0,0.0,0.0,0.0,0.0,0.0,0.0,0.0,0.0,0.0,0.0,0.0,0.0,0.0,0.0,0.0,0.0,0.0,0.0,0.0,0.3350210014409721,0.0,0.0,0.0,0.0,0.0,0.0,0.0,0.0,0.0,0.0,0.0,0.0,0.0,0.0,0.0,0.0,0.0,0.0,0.0,0.0,0.0,0.0,0.0,0.0,0.0,0.297292266938156,0.0,0.0,0.41535162743790116,0.0,0.0,0.0,0.33444693732094544,0.0,0.0,0.0,0.0,0.0,0.0,0.0,0.19455130378955268,0.0,0.0,0.0,0.17799929581245658,0.0,0.0,0.0,0.0,0.0,0.0,0.0,0.0,0.0,0.0,0.0,0.0,0.0,0.0,0.0,0.0,0.0,0.0,0.0,0.0,0.0,0.0,0.0,0.0,0.0,0.0,0.32718544395643656,0.0,0.0,0.0,0.0,0.0,0.0,0.0,0.0,0.0,0.0,0.23649949613712223,0.26007498361262454,0.0,0.2748092531317541,0.0,0.0,0.0,0.0,0.0,0.0,0.0,0.0,0.0,0.0,0.0,0.0,0.0,0.0,0.0,0.0,0.0,0.0,0.0,0.0,0.0,0.0,0.0,0.0,0.21178693579287597,0.0,0.0,0.0,0.0,0.0,0.0,0.0,0.0,0.3073717519667076,0.0,0.0,0.0,0.0,0.0,0.0
92390d8b7dd99a4b03af59b45763c706d5df368761ce9706236e3dac4f9a74e2,0.0,0.0,0.0,0.0,0.3507928922856764,0.0,0.0,0.0,0.0,0.0,0.0,0.0,0.12608240836388457,0.0,0.0,0.0,0.0,0.0,0.0,0.0,0.0,0.0,0.0,0.0,0.0,0.0,0.0,0.0,0.0,0.0,0.0,0.0,0.0,0.0,0.0,0.0,0.0,0.0,0.0,0.0,0.0,0.0,0.0,0.0,0.0,0.0,0.0,0.0,0.0,0.0,0.0,0.0,0.0,0.0,0.0,0.0,0.0,0.0,0.0,0.0,0.18316451559402136,0.0,0.0,0.0,0.0,0.0,0.0,0.2060558516950537,0.0,0.0,0.0,0.0,0.0,0.0,0.0,0.0,0.0,0.0,0.0,0.10966701263153866,0.0,0.0,0.0,0.0,0.0,0.0,0.0,0.0,0.0,0.0,0.0,0.0,0.0,0.0,0.0,0.0,0.0,0.0,0.0,0.15413598432502293,0.0,0.0,0.0,0.0,0.0,0.0,0.2015819784648558,0.0,0.0,0.0,0.0,0.0,0.0,0.0,0.25345773416902745,0.28848176232133527,0.0,0.14570952717447364,0.0,0.14203562696349456,0.0,0.0,0.2767630479322114,0.0,0.19893705730531963,0.0,0.22887830590078953,0.0,0.0,0.0,0.0,0.0,0.0,0.0,0.0,0.0,0.0,0.0,0.0,0.0,0.40693972682121177,0.0,0.0,0.19480065935363877,0.0,0.0,0.0,0.0,0.0,0.0,0.0,0.0,0.0,0.0,0.18937457955466883,0.0,0.0,0.3343386727785805,0.0,0.0,0.0
8b87459483248d7b95424cd52b7d4f3031e89c6644adc2e167556e071d9ec3aa,0.0,0.0,0.0,0.0,0.0,0.0,0.0,0.0,0.0,0.0,0.24504085310974805,0.0,0.1596115516910965,0.0,0.0,0.0,0.0,0.0,0.0,0.0,0.0,0.2332625124761253,0.0,0.0,0.0,0.0,0.0,0.5289083497360937,0.0,0.0,0.0,0.0,0.0,0.0,0.0,0.0,0.0,0.0,0.0,0.0,0.0,0.0,0.0,0.0,0.0,0.0,0.0,0.3329316218003878,0.0,0.0,0.0,0.0,0.0,0.0,0.0,0.0,0.0,0.0,0.0,0.0,0.0,0.0,0.0,0.0,0.3085858289412269,0.0,0.0,0.0,0.0,0.0,0.0,0.0,0.0,0.0,0.0,0.15174056558028576,0.0,0.0,0.0,0.13883080346092833,0.0,0.0,0.0,0.0,0.0,0.0,0.0,0.0,0.0,0.0,0.0,0.0,0.0,0.0,0.0,0.0,0.0,0.0,0.0,0.0,0.0,0.0,0.0,0.0,0.36407059011280335,0.0,0.0,0.0,0.0,0.0,0.0,0.0,0.0,0.0,0.0,0.0,0.0,0.18445811775241686,0.2028458526772535,0.0,0.0,0.0,0.0,0.0,0.25184046543370103,0.0,0.0,0.0,0.0,0.0,0.0,0.0,0.0,0.0,0.0,0.0,0.0,0.0,0.0,0.0,0.0,0.0,0.0,0.24660407358453668,0.0,0.0,0.0,0.0,0.0,0.0,0.0,0.0,0.0,0.0,0.0,0.0,0.0,0.0,0.0,0.0,0.0
93976cb0c0ed15a2e61a2bb20e6d5394c64e756d7c5f56bdc5e6ed8221210c55,0.0,0.0,0.0,0.0,0.0,0.0,0.0,0.0,0.0,0.0,0.2156633746419733,0.0,0.14047602851809637,0.0,0.0,0.0,0.0,0.0,0.0,0.4572677175209382,0.0,0.20529711670378337,0.0,0.0,0.0,0.0,0.0,0.0,0.0,0.0,0.0,0.0,0.0,0.0,0.0,0.0,0.0,0.0,0.0,0.0,0.0,0.0,0.2581083258623803,0.2430418301623988,0.0,0.0,0.0,0.29301708744189997,0.0,0.0,0.0,0.0,0.0,0.0,0.0,0.0,0.0,0.0,0.0,0.0,0.0,0.0,0.0,0.0,0.0,0.0,0.0,0.0,0.0,0.0,0.0,0.0,0.0,0.0,0.0,0.13354867985408694,0.28442795988738284,0.22686401823900113,0.0,0.12218664438468392,0.0,0.0,0.0,0.0,0.0,0.0,0.0,0.0,0.0,0.0,0.0,0.0,0.0,0.0,0.0,0.0,0.0,0.0,0.0,0.17173221237348255,0.0,0.0,0.18864131081399702,0.0,0.0,0.0,0.0,0.0,0.0,0.0,0.0,0.0,0.0,0.0,0.0,0.0,0.1755250310601912,0.0,0.0,0.15825047318516203,0.0,0.0,0.0,0.0,0.22164779447005833,0.0,0.0,0.0,0.0,0.0,0.0,0.0,0.0,0.20137823554354678,0.0,0.0,0.0,0.0,0.0,0.0,0.0,0.0,0.27219381430536904,0.0,0.0,0.14537998530236368,0.0,0.0,0.0,0.0,0.0,0.0,0.0,0.0,0.0,0.0,0.0,0.0,0.0,0.0,0.0
233437b647f9482a8a3ba51d0af69039bb58fb48609704a39db1f709a0e6aca6,0.0,0.0,0.0,0.0,0.0,0.0,0.0,0.0,0.0,0.0,0.0,0.0,0.20333875131375126,0.0,0.0,0.0,0.0,0.0,0.0,0.0,0.0,0.0,0.0,0.0,0.0,0.0,0.0,0.0,0.0,0.0,0.0,0.0,0.0,0.0,0.0,0.0,0.0,0.0,0.0,0.0,0.0,0.0,0.0,0.0,0.0,0.0,0.0,0.0,0.0,0.0,0.0,0.0,0.0,0.0,0.0,0.0,0.0,0.0,0.0,0.0,0.2953976242140441,0.0,0.0,0.4127045927639822,0.0,0.0,0.0,0.0,0.0,0.0,0.0,0.0,0.0,0.0,0.0,0.19331142891494638,0.0,0.0,0.0,0.17686490683496503,0.0,0.0,0.0,0.0,0.0,0.0,0.0,0.0,0.0,0.0,0.0,0.0,0.0,0.0,0.0,0.0,0.0,0.0,0.0,0.24858201070137353,0.0,0.0,0.27305789458708996,0.0,0.0,0.0,0.0,0.0,0.0,0.0,0.0,0.0,0.0,0.0,0.0,0.0,0.2540721076513699,0.23499228555869991,0.2584175265233431,0.0,0.27305789458708996,0.0,0.0,0.0,0.0,0.0,0.3691223028541414,0.0,0.0,0.0,0.0,0.0,0.0,0.0,0.0,0.0,0.0,0.0,0.0,0.0,0.0,0.0,0.0,0.3141637548177616,0.0,0.0,0.0,0.0,0.0,0.0,0.0,0.0,0.0,0.0,0.0,0.0,0.0,0.0,0.0,0.0,0.0
256456b2b066c65d54244785a2045c09ca77dc691493f22363482fa225600aa4,0.0,0.0,0.0,0.0,0.0,0.0,0.0,0.0,0.0,0.0,0.0,0.0,0.0,0.0,0.0,0.0,0.0,0.0,0.0,0.0,0.0,0.0,0.0,0.0,0.0,0.0,0.0,0.0,0.0,0.0,0.0,0.0,0.0,0.0,0.3350210014409721,0.0,0.0,0.0,0.0,0.0,0.0,0.0,0.0,0.0,0.0,0.0,0.0,0.0,0.0,0.0,0.0,0.0,0.0,0.0,0.0,0.0,0.0,0.0,0.0,0.0,0.297292266938156,0.0,0.0,0.41535162743790116,0.0,0.0,0.0,0.33444693732094544,0.0,0.0,0.0,0.0,0.0,0.0,0.0,0.19455130378955268,0.0,0.0,0.0,0.17799929581245658,0.0,0.0,0.0,0.0,0.0,0.0,0.0,0.0,0.0,0.0,0.0,0.0,0.0,0.0,0.0,0.0,0.0,0.0,0.0,0.0,0.0,0.0,0.0,0.0,0.0,0.0,0.32718544395643656,0.0,0.0,0.0,0.0,0.0,0.0,0.0,0.0,0.0,0.0,0.23649949613712223,0.26007498361262454,0.0,0.2748092531317541,0.0,0.0,0.0,0.0,0.0,0.0,0.0,0.0,0.0,0.0,0.0,0.0,0.0,0.0,0.0,0.0,0.0,0.0,0.0,0.0,0.0,0.0,0.0,0.0,0.21178693579287597,0.0,0.0,0.0,0.0,0.0,0.0,0.0,0.0,0.3073717519667076,0.0,0.0,0.0,0.0,0.0,0.0
276727bfacdeba0ba864fd6ccecab5fd0f244576dc503d7cf148a4deb90fc136,0.0,0.0,0.2649400548700416,0.0,0.2923206927149262,0.0,0.0,0.0,0.0,0.0,0.0,0.0,0.1050662592162272,0.0,0.0,0.0,0.0,0.0,0.0,0.0,0.0,0.0,0.0,0.0,0.0,0.0,0.0,0.0,0.0,0.0,0.0,0.0,0.0,0.0,0.0,0.0,0.0,0.0,0.0,0.0,0.0,0.0,0.0,0.0,0.0,0.0,0.0,0.0,0.0,0.0,0.2490918896917329,0.0,0.0,0.0,0.0,0.0,0.0,0.0,0.0,0.0,0.1526335888118121,0.0,0.0,0.0,0.0,0.0,0.0,0.1717092638707426,0.0,0.0,0.0,0.0,0.0,0.0,0.0,0.0,0.0,0.0,0.0,0.09138707711991158,0.0,0.0,0.0,0.0,0.0,0.0,0.0,0.0,0.0,0.0,0.0,0.0,0.0,0.0,0.0,0.0,0.0,0.0,0.0,0.1284437019707183,0.0,0.0,0.0,0.0,0.0,0.0,0.16798112185153322,0.0,0.0,0.0,0.0,0.0,0.0,0.0,0.0,0.2403959443075602,0.0,0.12142181570805359,0.13352576748061148,0.11836030255240985,0.0,0.3261226027696892,0.23063057339130077,0.0,0.16577707153428126,0.0,0.19072753866931608,0.0,0.0,0.0,0.0,0.0,0.0,0.15061685697783747,0.0,0.0,0.0,0.0,0.0,0.0,0.3391086463083867,0.0,0.0,0.16233015245133917,0.0,0.10873407642401955,0.0,0.24344092029153885,0.0,0.0,0.0,0.0,0.0,0.0,0.15780852319247254,0.0,0.0,0.27860915821644305,0.0,0.0,0.0
307077d1a3fd2b53b94d88268e31b0b89b8c0c2ee9dbb46041d3e2395243f1b3,0.0,0.0,0.0,0.0,0.359594937350774,0.0,0.0,0.0,0.0,0.0,0.0,0.0,0.12924605011587073,0.0,0.0,0.0,0.0,0.0,0.0,0.0,0.0,0.0,0.0,0.0,0.0,0.0,0.0,0.0,0.0,0.0,0.0,0.0,0.0,0.0,0.0,0.0,0.0,0.0,0.0,0.0,0.0,0.0,0.0,0.0,0.0,0.0,0.0,0.0,0.0,0.0,0.0,0.0,0.0,0.0,0.0,0.0,0.0,0.0,0.0,0.0,0.18776045341385722,0.0,0.0,0.0,0.0,0.0,0.0,0.0,0.0,0.0,0.0,0.0,0.0,0.0,0.0,0.0,0.0,0.0,0.0,0.11241876162236862,0.0,0.0,0.0,0.0,0.0,0.0,0.0,0.0,0.0,0.0,0.0,0.0,0.0,0.0,0.0,0.0,0.0,0.0,0.0,0.15800354239138525,0.0,0.0,0.0,0.0,0.0,0.0,0.20664004462804994,0.0,0.0,0.0,0.0,0.0,0.0,0.0,0.0,0.2957203054282557,0.0,0.1493656497835923,0.1642551868154245,0.14559956459414627,0.0,0.0,0.28370754673428294,0.0,0.20392875748518907,0.0,0.2346212876067054,0.0,0.0,0.0,0.0,0.0,0.0,0.18527959394832963,0.0,0.0,0.0,0.0,0.0,0.0,0.41715060022551614,0.0,0.0,0.19968856962790138,0.0,0.0,0.0,0.0,0.0,0.0,0.0,0.0,0.0,0.0,0.19412633941092794,0.0,0.0,0.34272785092192043,0.0,0.0,0.0
0bd30fd514c0ba95e84d21afb8d5a59ef0e27f3a82ee6d29af7178dfc371ec57,0.0,0.2251340256751688,0.2651300091651591,0.0,0.0,0.0,0.0,0.0,0.0,0.0,0.0,0.0,0.0,0.0,0.0,0.0,0.0,0.0,0.0,0.0,0.0,0.0,0.0,0.0,0.0,0.0,0.0,0.0,0.0,0.0,0.0,0.0,0.0,0.0,0.17212731745995866,0.0,0.0,0.0,0.0,0.0,0.0,0.0,0.0,0.0,0.0,0.3195315925298955,0.0,0.0,0.0,0.0,0.2492704813144647,0.0,0.0,0.0,0.0,0.0,0.0,0.0,0.0,0.0,0.15274302264501724,0.0,0.0,0.21339964099567238,0.20327604079634515,0.0,0.0,0.0,0.0,0.0,0.0,0.0,0.0,0.0,0.0,0.09995670088023847,0.0,0.0,0.0,0.09145259898985185,0.0,0.0,0.0,0.0,0.33128379110620937,0.30939474331471767,0.0,0.0,0.0,0.0,0.0,0.0,0.0,0.0,0.0,0.0,0.0,0.0,0.0,0.0,0.0,0.0,0.0,0.0,0.0,0.0,0.0,0.0,0.0,0.0,0.0,0.0,0.0,0.0,0.2113613562331184,0.0,0.0,0.12150887160991045,0.13362150156300323,0.11844516343859134,0.14119168455496908,0.0,0.23079592878847766,0.0,0.0,0.0,0.0,0.0,0.0,0.0,0.0,0.0,0.0,0.0,0.0,0.0,0.0,0.0,0.0,0.0,0.0,0.0,0.0,0.0,0.3153085496270185,0.10881203558671586,0.22453089467935036,0.0,0.0,0.0,0.0,0.0,0.0,0.0,0.15792166730275542,0.0,0.0,0.0,0.0,0.0,0.0
545662ab4664c7f53a07fe08acabc621549198bdc37c8837ba092e50469d714c,0.0,0.0,0.0,0.0,0.0,0.0,0.0,0.0,0.0,0.0,0.0,0.0,0.0,0.0,0.0,0.0,0.0,0.0,0.0,0.0,0.0,0.0,0.0,0.0,0.0,0.0,0.0,0.0,0.0,0.0,0.0,0.0,0.0,0.0,0.3350210014409721,0.0,0.0,0.0,0.0,0.0,0.0,0.0,0.0,0.0,0.0,0.0,0.0,0.0,0.0,0.0,0.0,0.0,0.0,0.0,0.0,0.0,0.0,0.0,0.0,0.0,0.297292266938156,0.0,0.0,0.41535162743790116,0.0,0.0,0.0,0.33444693732094544,0.0,0.0,0.0,0.0,0.0,0.0,0.0,0.19455130378955268,0.0,0.0,0.0,0.17799929581245658,0.0,0.0,0.0,0.0,0.0,0.0,0.0,0.0,0.0,0.0,0.0,0.0,0.0,0.0,0.0,0.0,0.0,0.0,0.0,0.0,0.0,0.0,0.0,0.0,0.0,0.0,0.32718544395643656,0.0,0.0,0.0,0.0,0.0,0.0,0.0,0.0,0.0,0.0,0.23649949613712223,0.26007498361262454,0.0,0.2748092531317541,0.0,0.0,0.0,0.0,0.0,0.0,0.0,0.0,0.0,0.0,0.0,0.0,0.0,0.0,0.0,0.0,0.0,0.0,0.0,0.0,0.0,0.0,0.0,0.0,0.21178693579287597,0.0,0.0,0.0,0.0,0.0,0.0,0.0,0.0,0.3073717519667076,0.0,0.0,0.0,0.0,0.0,0.0
576560ada2906c22ca777ac51ed6f2b99086b94bbe44d86b82abe7d77736ba6a,0.0,0.29269505325628337,0.0,0.0,0.0,0.0,0.0,0.0,0.0,0.0,0.20985675658787012,0.0,0.13669378851227232,0.0,0.0,0.0,0.0,0.0,0.0,0.0,0.0,0.19976960445796735,0.0,0.0,0.0,0.0,0.0,0.4529652480362017,0.0,0.0,0.0,0.0,0.0,0.0,0.0,0.0,0.0,0.0,0.0,0.0,0.0,0.0,0.0,0.0,0.0,0.0,0.0,0.0,0.0,0.0,0.0,0.0,0.0,0.0,0.0,0.0,0.0,0.0,0.0,0.0,0.0,0.0,0.0,0.0,0.2642776515374815,0.0,0.0,0.0,0.0,0.0,0.0,0.0,0.0,0.0,0.0,0.1299529549108519,0.0,0.0,0.0,0.11889683601350254,0.0,0.0,0.0,0.0,0.0,0.0,0.0,0.0,0.2851277631051856,0.0,0.0,0.0,0.0,0.0,0.0,0.0,0.0,0.0,0.0,0.0,0.0,0.0,0.0,0.0,0.0,0.0,0.21854757289085358,0.0,0.0,0.0,0.0,0.0,0.0,0.0,0.0,0.0,0.0,0.15797276995476517,0.1737203090420351,0.15398966600734235,0.18356224700475873,0.0,0.0,0.0,0.21568004919500364,0.0,0.0,0.0,0.0,0.0,0.0,0.0,0.0,0.0,0.0,0.0,0.0,0.0,0.0,0.0,0.0,0.0,0.26486514517467113,0.0,0.0,0.14146570895032487,0.2919109271855476,0.0,0.0,0.0,0.0,0.0,0.0,0.0,0.20531277172733123,0.0,0.0,0.0,0.0,0.0,0.0
840652c07a9b27f66951cdc08854e164e7997811c1052e35204e5d2339c8e0a7,0.0,0.0,0.0,0.0,0.0,0.0,0.0,0.0,0.0,0.0,0.0,0.0,0.0,0.0,0.0,0.0,0.0,0.0,0.0,0.0,0.0,0.0,0.0,0.0,0.0,0.0,0.0,0.0,0.0,0.0,0.0,0.0,0.0,0.0,0.0,0.0,0.0,0.0,0.0,0.0,0.0,0.0,0.0,0.0,0.0,0.0,0.0,0.5380704146912952,0.0,0.0,0.0,0.0,0.0,0.0,0.0,0.0,0.0,0.0,0.0,0.0,0.0,0.0,0.0,0.0,0.4987237440780389,0.0,0.0,0.42157887758078577,0.0,0.0,0.0,0.0,0.0,0.0,0.0,0.24523687057947385,0.0,0.0,0.0,0.0,0.0,0.0,0.0,0.0,0.0,0.0,0.0,0.0,0.0,0.0,0.0,0.0,0.0,0.0,0.0,0.0,0.0,0.0,0.0,0.0,0.0,0.0,0.3464040586292531,0.0,0.0,0.0,0.0,0.0,0.0,0.0,0.0,0.0,0.0,0.0,0.0,0.0,0.3223184936953081,0.0,0.0,0.0,0.0,0.0,0.0,0.0,0.0,0.0,0.0,0.0,0.0,0.0,0.0,0.0,0.0,0.0,0.0,0.0,0.0,0.0,0.0,0.0,0.0,0.0,0.0,0.0,0.0,0.0,0.0,0.0,0.0,0.0,0.0,0.0,0.0,0.0,0.0,0.0,0.0,0.0,0.0,0.0,0.0
ae1b43ac2e83f34836b91215365c6edf54c8abdbb3140c8155b352c137b58d7c,0.0,0.0,0.0,0.0,0.0,0.0,0.0,0.0,0.0,0.0,0.0,0.0,0.0,0.0,0.0,0.0,0.0,0.0,0.0,0.0,0.0,0.0,0.0,0.0,0.0,0.0,0.0,0.0,0.0,0.0,0.0,0.0,0.0,0.0,0.0,0.0,0.0,0.0,0.0,0.0,0.0,0.0,0.23326437259166863,0.2196480870461759,0.0,0.0,0.0,0.0,0.0,0.0,0.0,0.0,0.0,0.0,0.0,0.0,0.0,0.0,0.0,0.0,0.0,0.0,0.0,0.0,0.0,0.0,0.0,0.0,0.0,0.0,0.0,0.0,0.0,0.0,0.0,0.1206940880830752,0.0,0.0,0.0,0.11042569373245005,0.0,0.0,0.0,0.0,0.0,0.0,0.0,0.0,0.0,0.0,0.0,0.0,0.0,0.0,0.0,0.0,0.0,0.0,0.0,0.0,0.0,0.0,0.0,0.0,0.0,0.0,0.20297653124491052,0.0,0.0,0.0,0.0,0.0,0.0,0.0,0.0,0.0,0.1586300484790222,0.0,0.0,0.0,0.0,0.0,0.0,0.0,0.0,0.0,0.23046169584575832,0.0,0.0,0.0,0.0,0.5149041867008555,0.32530797554677066,0.0,0.0,0.0,0.0,0.0,0.0,0.0,0.0,0.0,0.0,0.0,0.0,0.131386583310076,0.0,0.0,0.0,0.0,0.0,0.0,0.0,0.0,0.0,0.0,0.0,0.0,0.6024051469922826,0.0,0.0
8c8c8bbbdf007f634a2b365447095594ab345058ff7d45e3fcf98c7135769e6a,0.0,0.0,0.0,0.0,0.0,0.0,0.0,0.0,0.0,0.0,0.2152064099895543,0.0,0.14017837677425465,0.0,0.0,0.0,0.0,0.0,0.0,0.0,0.0,0.20486211690034936,0.0,0.0,0.0,0.0,0.0,0.0,0.0,0.0,0.0,0.0,0.0,0.0,0.0,0.0,0.0,0.0,0.0,0.0,0.0,0.0,0.25756142548298133,0.0,0.0,0.0,0.0,0.0,0.0,0.0,0.0,0.0,0.0,0.0,0.0,0.0,0.0,0.0,0.0,0.0,0.20364224328988303,0.0,0.0,0.0,0.0,0.0,0.0,0.0,0.0,0.0,0.0,0.0,0.0,0.0,0.0,0.0,0.0,0.0,0.7050920226869464,0.12192774563762412,0.0,0.0,0.0,0.0,0.0,0.0,0.0,0.0,0.0,0.0,0.0,0.0,0.0,0.0,0.0,0.0,0.0,0.0,0.0,0.1713683325498144,0.0,0.0,0.0,0.0,0.0,0.0,0.0,0.0,0.0,0.0,0.0,0.0,0.0,0.0,0.2817942186998383,0.0,0.0,0.16199980048693735,0.0,0.15791515953909552,0.0,0.0,0.0,0.0,0.0,0.0,0.0,0.0,0.0,0.0,0.0,0.0,0.0,0.0,0.0,0.0,0.0,0.0,0.0,0.0,0.0,0.0,0.0,0.21657930378310777,0.0,0.1450719426661828,0.0,0.0,0.0,0.0,0.0,0.0,0.0,0.0,0.21054659019254907,0.0,0.0,0.0,0.0,0.0,0.0
3885589a3c94d0475a6d994e4644e682f4cff93f8b4d65f37508ffe706861363,0.0,0.20754571264612268,0.2444170601535384,0.0,0.0,0.0,0.0,0.0,0.0,0.0,0.0,0.0,0.09692753408523451,0.0,0.0,0.0,0.0,0.1899339514357111,0.0,0.0,0.0,0.14165365782919265,0.0,0.0,0.0,0.0,0.0,0.0,0.0,0.0,0.0,0.0,0.0,0.0,0.0,0.3417796115970816,0.0,0.0,0.0,0.0,0.0,0.0,0.0,0.0,0.0,0.0,0.0,0.0,0.0,0.0,0.22979653799953664,0.0,0.27857340305172174,0.0,0.0,0.0,0.0,0.0,0.0,0.0,0.14081016581794922,0.0,0.0,0.19672806203348833,0.0,0.0,0.0,0.0,0.0,0.0,0.0,0.0,0.0,0.0,0.0,0.09214770915115632,0.0,0.0,0.0,0.08430797954137215,0.0,0.0,0.0,0.0,0.3054026609573969,0.2852236675360073,0.0,0.0,0.0,0.0,0.0,0.0,0.0,0.0,0.0,0.0,0.0,0.0,0.0,0.1184940949994123,0.0,0.0,0.0,0.0,0.0,0.0,0.0,0.0,0.0,0.0,0.0,0.0,0.0,0.0,0.19484901570829904,0.0,0.0,0.11201614360812534,0.12318248955736268,0.10919178379023796,0.13016126150983523,0.0,0.21276528668901065,0.29067546515681,0.0,0.0,0.0,0.0,0.0,0.0,0.0,0.0,0.0,0.0,0.0,0.0,0.0,0.0,0.0,0.0,0.0,0.0,0.0,0.0,0.0,0.10031123195435782,0.0,0.0,0.0,0.0,0.0,0.0,0.0,0.0,0.14558423536522447,0.0,0.0,0.2570273166755322,0.0,0.0,0.0
4708750c9a6fdeaec5f499a3cd26bb5f61db4f82e66484dc7b44118effbb246f,0.0,0.0,0.0,0.0,0.32133905996233114,0.0,0.0,0.0,0.0,0.0,0.0,0.0,0.11549607609621383,0.0,0.0,0.0,0.0,0.0,0.0,0.0,0.0,0.0,0.0,0.0,0.0,0.0,0.0,0.0,0.0,0.0,0.0,0.0,0.0,0.0,0.0,0.0,0.0,0.0,0.0,0.0,0.0,0.0,0.0,0.0,0.0,0.0,0.0,0.0,0.0,0.0,0.2738189791984406,0.0,0.0,0.0,0.0,0.0,0.0,0.0,0.0,0.0,0.1677853643953146,0.0,0.0,0.0,0.0,0.0,0.0,0.18875466162382593,0.0,0.0,0.0,0.0,0.0,0.0,0.0,0.0,0.0,0.0,0.0,0.10045897600227592,0.0,0.0,0.0,0.0,0.0,0.0,0.0,0.0,0.0,0.0,0.0,0.0,0.0,0.0,0.0,0.0,0.0,0.0,0.0,0.1411941729681217,0.0,0.0,0.0,0.0,0.0,0.0,0.1846564308734387,0.0,0.0,0.0,0.0,0.0,0.0,0.0,0.23217651163732916,0.2642597964759267,0.0,0.13347523145272389,0.0,0.13010980511098946,0.0,0.0,0.25352502747524397,0.0,0.18223358680284768,0.0,0.20966086052859764,0.0,0.0,0.0,0.0,0.0,0.0,0.0,0.0,0.0,0.0,0.0,0.0,0.0,0.37277160442453877,0.0,0.0,0.17844449569338247,0.0,0.11952799365469832,0.0,0.2676070440183844,0.0,0.0,0.0,0.0,0.0,0.0,0.17347400906088353,0.0,0.0,0.3062663958773412,0.0,0.0,0.0
5be0bf531e818452411a456d779d953be7a50e9e6f290f458c0a3c8ba1ab26b2,0.0,0.0,0.0,0.0,0.0,0.0,0.0,0.0,0.0,0.0,0.0,0.0,0.16501944764175455,0.0,0.0,0.0,0.0,0.0,0.0,0.0,0.0,0.0,0.0,0.0,0.0,0.0,0.0,0.0,0.0,0.0,0.0,0.0,0.0,0.0,0.0,0.0,0.0,0.0,0.0,0.0,0.0,0.0,0.30320399725751856,0.2855051426946738,0.0,0.0,0.0,0.0,0.0,0.0,0.0,0.0,0.4742721408640669,0.0,0.0,0.0,0.0,0.0,0.0,0.0,0.0,0.0,0.0,0.0,0.0,0.0,0.0,0.2696904609557652,0.0,0.0,0.0,0.0,0.0,0.0,0.0,0.0,0.0,0.26650080710935103,0.0,0.1435346142560015,0.0,0.0,0.0,0.0,0.0,0.0,0.0,0.0,0.0,0.0,0.0,0.0,0.0,0.0,0.0,0.0,0.0,0.0,0.0,0.0,0.0,0.0,0.22159997859657724,0.0,0.0,0.0,0.0,0.0,0.0,0.0,0.0,0.0,0.0,0.0,0.0,0.0,0.2061920740386196,0.0,0.2097185962454892,0.18589937336317577,0.0,0.0,0.0,0.0,0.0,0.0,0.29956099432938493,0.0,0.0,0.0,0.0,0.0,0.0,0.2365622487126785,0.0,0.0,0.0,0.0,0.0,0.0,0.0,0.0,0.0,0.25495941601949146,0.0,0.17078020446507675,0.0,0.0,0.0,0.0,0.0,0.0,0.0,0.0,0.0,0.0,0.0,0.0,0.0,0.0,0.0
0c0c9a19db1f89d94ddcd8af54fa631798e3ccc82743faae6d9818759f2dbcc1,0.0,0.22700293629984894,0.0,0.0,0.0,0.2949586669219449,0.0,0.0,0.0,0.0,0.0,0.0,0.0,0.0,0.0,0.0,0.0,0.2077400883363649,0.0,0.0,0.0,0.0,0.0,0.0,0.0,0.0,0.0,0.0,0.0,0.0,0.0,0.0,0.0,0.0,0.0,0.0,0.0,0.0,0.0,0.0,0.0,0.0,0.19478910668576863,0.0,0.0,0.0,0.0,0.0,0.0,0.0,0.0,0.0,0.0,0.0,0.0,0.2964947309209677,0.0,0.0,0.0,0.0,0.15401099205573132,0.0,0.0,0.0,0.0,0.0,0.0,0.0,0.0,0.0,0.0,0.0,0.0,0.0,0.0,0.0,0.0,0.0,0.0,0.09221177669919266,0.0,0.0,0.0,0.0,0.0,0.0,0.0,0.0,0.0,0.0,0.46498808550321985,0.46498808550321985,0.0,0.0,0.0,0.0,0.0,0.0,0.0,0.0,0.0,0.0,0.14236376255868227,0.0,0.0,0.0,0.169497025028263,0.0,0.0,0.0,0.0,0.0,0.0,0.0,0.0,0.0,0.13246517285705944,0.12251755619440906,0.13473073702045082,0.0,0.0,0.0,0.0,0.0,0.0,0.0,0.19244871113543524,0.0,0.0,0.0,0.0,0.0,0.0,0.0,0.0,0.0,0.0,0.0,0.0,0.0,0.0,0.0,0.0,0.0,0.0,0.10971531961404678,0.0,0.0,0.0,0.0,0.0,0.0,0.0,0.0,0.0,0.0,0.0,0.2811233961459861,0.0,0.0,0.0
cc10c90381719811def4bc31ff3c8e32c483c0eeffcb149df0b071e5a60d517b,0.0,0.0,0.0,0.0,0.0,0.0,0.0,0.0,0.0,0.0,0.0,0.0,0.2843866051646206,0.0,0.0,0.0,0.0,0.0,0.0,0.0,0.0,0.0,0.0,0.0,0.0,0.0,0.0,0.0,0.0,0.0,0.0,0.0,0.0,0.0,0.0,0.0,0.0,0.0,0.0,0.0,0.0,0.0,0.0,0.0,0.0,0.0,0.0,0.0,0.0,0.0,0.0,0.0,0.0,0.0,0.0,0.0,0.0,0.0,0.0,0.0,0.0,0.0,0.0,0.0,0.0,0.0,0.0,0.4647716116647902,0.0,0.0,0.0,0.0,0.0,0.0,0.0,0.0,0.0,0.0,0.0,0.0,0.0,0.0,0.0,0.0,0.0,0.0,0.0,0.0,0.0,0.0,0.0,0.0,0.0,0.0,0.0,0.0,0.0,0.0,0.0,0.0,0.0,0.0,0.0,0.0,0.0,0.0,0.0,0.0,0.0,0.0,0.0,0.0,0.0,0.0,0.0,0.0,0.0,0.0,0.36141897502663517,0.3203700681858721,0.0,0.0,0.0,0.0,0.0,0.0,0.0,0.0,0.0,0.0,0.0,0.0,0.0,0.4076800388252226,0.0,0.0,0.0,0.0,0.0,0.0,0.0,0.0,0.5510425914919795,0.0,0.0,0.0,0.0,0.0,0.0,0.0,0.0,0.0,0.0,0.0,0.0,0.0,0.0,0.0,0.0,0.0,0.0
64578ffca840ebc3f791f1faa21252941d9fd384622d54a28226659ad05650a3,0.0,0.0,0.0,0.0,0.0,0.0,0.0,0.0,0.0,0.0,0.0,0.0,0.14698168893334163,0.0,0.0,0.0,0.0,0.0,0.0,0.0,0.0,0.0,0.0,0.0,0.0,0.0,0.0,0.0,0.0,0.0,0.0,0.0,0.0,0.0,0.24062375463453436,0.0,0.0,0.0,0.0,0.0,0.0,0.0,0.0,0.0,0.0,0.0,0.0,0.0,0.3609242796056106,0.0,0.0,0.0,0.0,0.0,0.0,0.41106958139021277,0.0,0.0,0.0,0.0,0.2135256631279437,0.0,0.0,0.0,0.2841678176680922,0.0,0.5542519295234212,0.24021144178439166,0.0,0.0,0.0,0.0,0.0,0.0,0.0,0.0,0.0,0.0,0.0,0.12784529535902212,0.0,0.0,0.0,0.0,0.0,0.0,0.0,0.0,0.0,0.0,0.0,0.0,0.0,0.0,0.0,0.0,0.0,0.0,0.0,0.0,0.0,0.0,0.19737757935311295,0.0,0.0,0.0,0.0,0.0,0.0,0.0,0.0,0.0,0.0,0.0,0.0,0.0,0.0,0.0,0.0,0.0,0.0,0.0,0.0,0.0,0.0,0.0,0.0,0.0,0.0,0.0,0.0,0.0,0.0,0.0,0.0,0.0,0.0,0.0,0.0,0.0,0.0,0.0,0.0,0.22709060120815278,0.0,0.1521127554805061,0.0,0.0,0.0,0.0,0.0,0.0,0.0,0.0,0.0,0.0,0.0,0.0,0.0,0.0,0.0
5489562b8793f08bfaeaf4ff2e3d408b3f653f779269b98adc6e3e370ca79c7d,0.0,0.0,0.0,0.0,0.0,0.0,0.0,0.0,0.0,0.0,0.0,0.0,0.0,0.0,0.0,0.0,0.0,0.0,0.0,0.0,0.0,0.0,0.0,0.0,0.0,0.0,0.0,0.0,0.0,0.0,0.0,0.0,0.0,0.0,0.3136516523044587,0.0,0.0,0.0,0.0,0.0,0.0,0.0,0.0,0.0,0.0,0.0,0.0,0.0,0.0,0.0,0.0,0.0,0.0,0.0,0.0,0.0,0.0,0.0,0.0,0.0,0.27832944902386975,0.0,0.0,0.3888583810355457,0.0,0.0,0.0,0.31311420492354636,0.0,0.0,0.0,0.0,0.0,0.0,0.0,0.1821418288081004,0.0,0.0,0.0,0.16664559236727092,0.0,0.0,0.0,0.0,0.0,0.0,0.0,0.0,0.0,0.0,0.0,0.0,0.0,0.0,0.0,0.0,0.0,0.0,0.0,0.0,0.0,0.0,0.2572805165723786,0.0,0.0,0.0,0.3063158866623631,0.0,0.0,0.0,0.0,0.0,0.0,0.0,0.0,0.0,0.23939173486276488,0.2214143513795506,0.2434860739544627,0.0,0.2572805165723786,0.0,0.0,0.0,0.0,0.0,0.0,0.0,0.0,0.0,0.0,0.0,0.0,0.0,0.0,0.0,0.0,0.0,0.0,0.0,0.0,0.0,0.0,0.0,0.0,0.19827808424612386,0.0,0.0,0.0,0.0,0.0,0.0,0.0,0.0,0.28776601306011046,0.0,0.0,0.0,0.0,0.0,0.0
0cbb472b555d4cab454948ba900675db48b120afaedf246a14d87d970b233a43,0.0,0.0,0.28148246536908567,0.0,0.3105727040939803,0.0,0.0,0.0,0.0,0.0,0.0,0.0,0.11162641936417594,0.0,0.0,0.0,0.0,0.0,0.0,0.0,0.0,0.0,0.0,0.0,0.0,0.0,0.0,0.0,0.0,0.0,0.0,0.0,0.0,0.0,0.0,0.0,0.0,0.0,0.0,0.0,0.0,0.0,0.0,0.0,0.0,0.0,0.0,0.0,0.0,0.0,0.26464476746736587,0.0,0.0,0.0,0.0,0.0,0.0,0.0,0.0,0.0,0.1621637728502574,0.0,0.0,0.0,0.0,0.0,0.0,0.1824305009099355,0.0,0.0,0.0,0.0,0.0,0.0,0.0,0.0,0.0,0.0,0.0,0.09709313219250874,0.0,0.0,0.0,0.0,0.0,0.0,0.0,0.0,0.0,0.0,0.0,0.0,0.0,0.0,0.0,0.0,0.0,0.0,0.0,0.13646351024417375,0.0,0.0,0.0,0.0,0.0,0.0,0.17846957998641608,0.0,0.0,0.0,0.0,0.0,0.0,0.0,0.2243975166130305,0.2554058619094557,0.0,0.12900318923787776,0.0,0.12575052036063608,0.0,0.0,0.24503075769163327,0.0,0.17612791248203696,0.0,0.2026362447337417,0.0,0.0,0.0,0.0,0.0,0.0,0.0,0.0,0.0,0.0,0.0,0.0,0.0,0.3602820186539165,0.0,0.0,0.1724657735809553,0.0,0.0,0.0,0.2586409610619051,0.0,0.0,0.0,0.0,0.0,0.0,0.16766182141186906,0.0,0.0,0.29600504449068066,0.0,0.0,0.0
ae74817df2569f0619a180f569caf62d7ac5d5418f7a64cb4e21724f20d96dd6,0.0,0.0,0.0,0.0,0.0,0.0,0.3198772165659801,0.0,0.0,0.0,0.0,0.0,0.12008487227708867,0.0,0.0,0.0,0.31026216670955215,0.2353118184063513,0.0,0.0,0.0,0.0,0.0,0.0,0.0,0.3170164747310367,0.0,0.0,0.0,0.0,0.0,0.0,0.0,0.0,0.0,0.0,0.0,0.0,0.0,0.0,0.0,0.0,0.0,0.0,0.0,0.0,0.0,0.0,0.0,0.29274076759824563,0.0,0.0,0.0,0.0,0.0,0.0,0.0,0.0,0.0,0.0,0.17445167606033188,0.3184347232806158,0.0,0.0,0.0,0.0,0.0,0.0,0.0,0.0,0.0,0.0,0.0,0.0,0.0,0.11416308057844829,0.0,0.0,0.0,0.0,0.0,0.0,0.0,0.0,0.0,0.0,0.0,0.0,0.250483444696276,0.0,0.0,0.0,0.0,0.0,0.0,0.0,0.0,0.0,0.0,0.0,0.0,0.0,0.0,0.0,0.0,0.0,0.0,0.0,0.0,0.0,0.0,0.0,0.0,0.0,0.24140116000549258,0.27475915182906707,0.15004624745338518,0.13877836081463754,0.15261250236967602,0.13527922209005902,0.16125860016296817,0.0,0.0,0.0,0.0,0.0,0.0,0.0,0.0,0.0,0.0,0.0,0.3077048860884985,0.0,0.0,0.0,0.0,0.0,0.0,0.0,0.0,0.0,0.0,0.0,0.0,0.0,0.0,0.0,0.0,0.0,0.0,0.0,0.0,0.0,0.0,0.0,0.0,0.0,0.0,0.0,0.0
8022060ef633e157518037122a6003813cc0a3066d456a1164275a211efc8f5c,0.0,0.0,0.0,0.0,0.0,0.0,0.0,0.0,0.0,0.0,0.0,0.0,0.23556357715845833,0.0,0.0,0.0,0.0,0.0,0.0,0.0,0.0,0.0,0.0,0.0,0.0,0.0,0.0,0.0,0.0,0.0,0.0,0.0,0.0,0.0,0.0,0.0,0.0,0.0,0.0,0.0,0.0,0.0,0.0,0.0,0.0,0.0,0.0,0.0,0.0,0.0,0.0,0.0,0.0,0.0,0.0,0.0,0.0,0.0,0.0,0.0,0.0,0.0,0.0,0.0,0.0,0.0,0.0,0.0,0.0,0.0,0.0,0.0,0.0,0.0,0.0,0.22394713947344994,0.0,0.0,0.0,0.0,0.0,0.0,0.0,0.0,0.0,0.0,0.0,0.0,0.0,0.0,0.0,0.0,0.0,0.0,0.0,0.0,0.0,0.0,0.0,0.2879769216626328,0.0,0.0,0.0,0.0,0.0,0.0,0.0,0.0,0.0,0.0,0.0,0.0,0.0,0.0,0.0,0.0,0.29433708109182277,0.0,0.0,0.0,0.0,0.0,0.0,0.0,0.0,0.0,0.0,0.0,0.0,0.0,0.0,0.0,0.0,0.0,0.0,0.0,0.0,0.0,0.8513474350240505,0.0,0.0,0.0,0.0,0.0,0.0,0.0,0.0,0.0,0.0,0.0,0.0,0.0,0.0,0.0,0.0,0.0,0.0,0.0,0.0,0.0,0.0
83192912fec0c2f7c3e4e350f8722aea77fb085e78e577016675a1f0ee6a4efa,0.0,0.0,0.0,0.0,0.0,0.0,0.0,0.0,0.0,0.0,0.18710967044885893,0.0,0.12187708481155306,0.0,0.0,0.0,0.31489268955229516,0.0,0.0,0.0,0.0,0.178115898975967,0.0,0.42022938777326074,0.0,0.0,0.0,0.0,0.0,0.4943105298190092,0.0,0.0,0.0,0.0,0.0,0.0,0.0,0.0,0.0,0.0,0.0,0.0,0.0,0.21086323453144815,0.0,0.0,0.0,0.2542217970861143,0.0,0.0,0.0,0.0,0.0,0.0,0.0,0.0,0.0,0.0,0.0,0.0,0.0,0.0,0.0,0.0,0.0,0.0,0.0,0.0,0.0,0.0,0.0,0.0,0.0,0.0,0.0,0.11586691304382037,0.2467698649773967,0.19682735540920138,0.0,0.10600920440025689,0.0,0.0,0.0,0.0,0.0,0.0,0.0,0.0,0.0,0.0,0.0,0.0,0.0,0.0,0.0,0.0,0.0,0.0,0.0,0.14899496827405187,0.0,0.0,0.16366531200786552,0.0,0.0,0.0,0.0,0.0,0.0,0.0,0.0,0.0,0.0,0.0,0.0,0.0,0.1522856199932901,0.0,0.0,0.0,0.0,0.0,0.0,0.0,0.19230175660497847,0.0,0.0,0.0,0.0,0.0,0.0,0.0,0.0,0.0,0.0,0.0,0.0,0.0,0.0,0.0,0.0,0.0,0.2361555130881425,0.0,0.0,0.0,0.0,0.0,0.0,0.0,0.0,0.0,0.0,0.0,0.0,0.0,0.0,0.0,0.0,0.0,0.0
571114066b38641901a6a70cf10fc8c0d64167b09c220c19acad7d15505455c0,0.0,0.0,0.0,0.0,0.0,0.0,0.0,0.0,0.0,0.0,0.3064102881634112,0.0,0.19958558308631888,0.0,0.0,0.0,0.0,0.0,0.0,0.0,0.0,0.2916821124252261,0.0,0.0,0.0,0.0,0.0,0.0,0.0,0.0,0.0,0.0,0.0,0.0,0.0,0.0,0.0,0.0,0.0,0.0,0.0,0.0,0.0,0.34530906019370844,0.0,0.0,0.0,0.0,0.0,0.0,0.0,0.0,0.0,0.0,0.0,0.0,0.0,0.0,0.0,0.0,0.0,0.0,0.0,0.0,0.0,0.0,0.0,0.0,0.0,0.0,0.0,0.0,0.0,0.0,0.0,0.18974334212226396,0.0,0.0,0.0,0.1736003852197195,0.0,0.0,0.0,0.0,0.0,0.0,0.0,0.0,0.0,0.0,0.0,0.0,0.0,0.0,0.0,0.0,0.0,0.0,0.0,0.2439937553961362,0.0,0.0,0.0,0.0,0.4552505144043242,0.0,0.0,0.0,0.0,0.0,0.0,0.0,0.0,0.0,0.0,0.0,0.0,0.0,0.0,0.0,0.0,0.0,0.0,0.0,0.0,0.0,0.0,0.0,0.0,0.0,0.0,0.0,0.0,0.0,0.0,0.0,0.0,0.0,0.0,0.0,0.0,0.0,0.0,0.0,0.0,0.0,0.0,0.0,0.0,0.0,0.0,0.5736165229533857,0.0,0.0,0.0,0.0,0.0,0.0,0.0,0.0,0.0
8642770995c3663ff3b46a3f8c946d38d475c0a2373c281aca3fae221c430ed5,0.0,0.0,0.0,0.0,0.0,0.0,0.0,0.0,0.0,0.0,0.0,0.0,0.0,0.0,0.0,0.0,0.0,0.5405803754581913,0.0,0.0,0.0,0.0,0.0,0.0,0.0,0.0,0.0,0.0,0.0,0.0,0.0,0.0,0.0,0.0,0.0,0.0,0.0,0.0,0.0,0.0,0.0,0.0,0.0,0.0,0.0,0.0,0.0,0.0,0.0,0.0,0.0,0.0,0.0,0.0,0.0,0.0,0.0,0.0,0.0,0.0,0.40076674934003054,0.0,0.0,0.0,0.0,0.0,0.0,0.0,0.0,0.0,0.0,0.0,0.0,0.0,0.0,0.0,0.0,0.0,0.0,0.0,0.0,0.0,0.0,0.0,0.0,0.0,0.0,0.0,0.0,0.0,0.0,0.0,0.0,0.0,0.0,0.0,0.0,0.0,0.0,0.33725188087840335,0.0,0.0,0.37045837821636074,0.0,0.0,0.0,0.4410644385616428,0.0,0.0,0.0,0.0,0.0,0.0,0.0,0.0,0.0,0.0,0.3188146643153229,0.0,0.0,0.0,0.0,0.0,0.0,0.0,0.0,0.0,0.0,0.0,0.0,0.0,0.0,0.0,0.0,0.0,0.0,0.0,0.0,0.0,0.0,0.0,0.0,0.0,0.0,0.0,0.0,0.0,0.0,0.0,0.0,0.0,0.0,0.0,0.0,0.0,0.0,0.0,0.0,0.0,0.0,0.0
640302971508d14f5c2b2f94d742b6e1d354500bb6fc79e84fd802613a847cf6,0.0,0.0,0.0,0.0,0.38879201609198183,0.0,0.0,0.0,0.0,0.0,0.0,0.0,0.0,0.0,0.0,0.0,0.0,0.0,0.0,0.0,0.0,0.0,0.0,0.0,0.0,0.0,0.0,0.0,0.0,0.0,0.0,0.0,0.0,0.0,0.0,0.0,0.0,0.0,0.0,0.0,0.0,0.0,0.2567561424501462,0.0,0.0,0.0,0.0,0.0,0.0,0.0,0.0,0.0,0.0,0.0,0.0,0.39081673848871146,0.0,0.0,0.0,0.0,0.0,0.0,0.0,0.0,0.0,0.0,0.0,0.0,0.0,0.0,0.0,0.0,0.0,0.0,0.0,0.13284904217668503,0.0,0.0,0.0,0.0,0.0,0.0,0.0,0.0,0.0,0.0,0.0,0.0,0.0,0.0,0.0,0.0,0.0,0.0,0.0,0.0,0.0,0.0,0.0,0.0,0.0,0.0,0.1876530526844209,0.0,0.0,0.0,0.0,0.0,0.0,0.6348235316498588,0.0,0.0,0.0,0.0,0.0,0.0,0.0,0.0,0.0,0.0,0.0,0.0,0.0,0.0,0.0,0.0,0.2536712115547011,0.0,0.0,0.0,0.0,0.0,0.0,0.0,0.0,0.0,0.0,0.0,0.0,0.0,0.0,0.0,0.0,0.0,0.0,0.1446183655291933,0.2984163546270363,0.0,0.0,0.0,0.0,0.0,0.0,0.0,0.0,0.0,0.0,0.0,0.0,0.0,0.0
0d8b03ccf47db19028069b9a0eab33121138fda2d66d8fb89db6aa28f4071c35,0.0,0.0,0.0,0.0,0.0,0.0,0.30534877471567196,0.0,0.0,0.0,0.0,0.0,0.11463076053162305,0.0,0.0,0.0,0.29617042896160733,0.2246242361299131,0.0,0.0,0.0,0.0,0.0,0.0,0.0,0.302617964364577,0.0,0.0,0.0,0.0,0.0,0.0,0.0,0.0,0.0,0.0,0.0,0.0,0.0,0.0,0.0,0.0,0.0,0.0,0.0,0.0,0.0,0.0,0.0,0.2794448309106497,0.0,0.0,0.0,0.0,0.0,0.0,0.0,0.0,0.0,0.0,0.16652828889778123,0.30397179775573047,0.0,0.0,0.0,0.0,0.0,0.0,0.0,0.0,0.0,0.0,0.0,0.0,0.0,0.10897792955255797,0.0,0.0,0.0,0.0,0.0,0.0,0.0,0.0,0.0,0.0,0.0,0.0,0.2391067852398683,0.0,0.0,0.0,0.0,0.0,0.0,0.0,0.0,0.0,0.0,0.14013632304257911,0.0,0.0,0.15393442678018984,0.0,0.0,0.0,0.0,0.0,0.0,0.0,0.0,0.0,0.0,0.0,0.23043700709273485,0.26227991869379563,0.1432313257644133,0.13247521310433272,0.14568102444164263,0.12913500108929593,0.15393442678018984,0.0,0.0,0.0,0.0,0.0,0.0,0.0,0.0,0.0,0.0,0.0,0.2937292969778238,0.0,0.0,0.0,0.0,0.0,0.0,0.0,0.0,0.0,0.0,0.17710756023411714,0.0,0.11863247030178756,0.0,0.0,0.0,0.0,0.0,0.0,0.0,0.0,0.0,0.0,0.0,0.0,0.0,0.0,0.0
a7bf19187e84d12c7fb6adb7fe37dbdfe83cf2d9a5c229f25733bb6dc7baef61,0.0,0.0,0.0,0.0,0.0,0.0,0.30534877471567196,0.0,0.0,0.0,0.0,0.0,0.11463076053162305,0.0,0.0,0.0,0.29617042896160733,0.2246242361299131,0.0,0.0,0.0,0.0,0.0,0.0,0.0,0.302617964364577,0.0,0.0,0.0,0.0,0.0,0.0,0.0,0.0,0.0,0.0,0.0,0.0,0.0,0.0,0.0,0.0,0.0,0.0,0.0,0.0,0.0,0.0,0.0,0.2794448309106497,0.0,0.0,0.0,0.0,0.0,0.0,0.0,0.0,0.0,0.0,0.16652828889778123,0.30397179775573047,0.0,0.0,0.0,0.0,0.0,0.0,0.0,0.0,0.0,0.0,0.0,0.0,0.0,0.10897792955255797,0.0,0.0,0.0,0.0,0.0,0.0,0.0,0.0,0.0,0.0,0.0,0.0,0.2391067852398683,0.0,0.0,0.0,0.0,0.0,0.0,0.0,0.0,0.0,0.0,0.14013632304257911,0.0,0.0,0.15393442678018984,0.0,0.0,0.0,0.0,0.0,0.0,0.0,0.0,0.0,0.0,0.0,0.23043700709273485,0.26227991869379563,0.1432313257644133,0.13247521310433272,0.14568102444164263,0.12913500108929593,0.15393442678018984,0.0,0.0,0.0,0.0,0.0,0.0,0.0,0.0,0.0,0.0,0.0,0.2937292969778238,0.0,0.0,0.0,0.0,0.0,0.0,0.0,0.0,0.0,0.0,0.17710756023411714,0.0,0.11863247030178756,0.0,0.0,0.0,0.0,0.0,0.0,0.0,0.0,0.0,0.0,0.0,0.0,0.0,0.0,0.0
a37ccbc6af443239e22c77957975a9d59ab79d1c58e1895f41b57fee993e0eff,0.0,0.0,0.0,0.0,0.0,0.0,0.0,0.0,0.0,0.0,0.0,0.0,0.0,0.0,0.0,0.0,0.0,0.0,0.0,0.0,0.0,0.0,0.0,0.0,0.0,0.0,0.0,0.0,0.0,0.0,0.0,0.0,0.0,0.0,0.3136516523044587,0.0,0.0,0.0,0.0,0.0,0.0,0.0,0.0,0.0,0.0,0.0,0.0,0.0,0.0,0.0,0.0,0.0,0.0,0.0,0.0,0.0,0.0,0.0,0.0,0.0,0.27832944902386975,0.0,0.0,0.3888583810355457,0.0,0.0,0.0,0.31311420492354636,0.0,0.0,0.0,0.0,0.0,0.0,0.0,0.1821418288081004,0.0,0.0,0.0,0.16664559236727092,0.0,0.0,0.0,0.0,0.0,0.0,0.0,0.0,0.0,0.0,0.0,0.0,0.0,0.0,0.0,0.0,0.0,0.0,0.0,0.0,0.0,0.0,0.2572805165723786,0.0,0.0,0.0,0.3063158866623631,0.0,0.0,0.0,0.0,0.0,0.0,0.0,0.0,0.0,0.23939173486276488,0.2214143513795506,0.2434860739544627,0.0,0.2572805165723786,0.0,0.0,0.0,0.0,0.0,0.0,0.0,0.0,0.0,0.0,0.0,0.0,0.0,0.0,0.0,0.0,0.0,0.0,0.0,0.0,0.0,0.0,0.0,0.0,0.19827808424612386,0.0,0.0,0.0,0.0,0.0,0.0,0.0,0.0,0.28776601306011046,0.0,0.0,0.0,0.0,0.0,0.0
a43dab9c34af5a49a2a615e86db3e2bf4c5467853dd5bd4f1a1c73619b683ab2,0.0,0.0,0.0,0.0,0.3502333711033246,0.0,0.0,0.0,0.0,0.0,0.0,0.0,0.12588130457942115,0.0,0.0,0.0,0.0,0.0,0.0,0.0,0.0,0.0,0.0,0.0,0.0,0.0,0.0,0.0,0.0,0.0,0.0,0.0,0.0,0.0,0.0,0.0,0.0,0.0,0.0,0.0,0.0,0.0,0.0,0.0,0.0,0.0,0.0,0.0,0.0,0.0,0.2984403581935632,0.0,0.0,0.0,0.0,0.0,0.0,0.0,0.0,0.0,0.18287236478770855,0.0,0.0,0.0,0.0,0.0,0.0,0.20572718878224577,0.0,0.0,0.0,0.0,0.0,0.0,0.0,0.0,0.0,0.0,0.0,0.10949209170833302,0.0,0.0,0.0,0.0,0.0,0.0,0.0,0.0,0.0,0.0,0.0,0.0,0.0,0.0,0.0,0.0,0.0,0.0,0.0,0.15389013456555214,0.0,0.0,0.0,0.0,0.0,0.0,0.20126045146299276,0.0,0.0,0.0,0.0,0.0,0.0,0.0,0.0,0.2880216285492704,0.0,0.14547711777075575,0.15997902591007834,0.14180907749888919,0.0,0.0,0.27632160572737846,0.0,0.19861974900185944,0.0,0.2285132407493896,0.0,0.0,0.0,0.0,0.0,0.0,0.1804560911320042,0.0,0.0,0.0,0.0,0.0,0.0,0.0,0.0,0.0,0.19448994868178257,0.0,0.0,0.0,0.291669855412353,0.0,0.0,0.0,0.0,0.0,0.0,0.18907252358093057,0.0,0.0,0.3338053963821287,0.0,0.0,0.0
a45bd4059d804b586397f43ee95232378d519c6b8978d334e07f6047435fe926,0.0,0.0,0.32364475891133543,0.0,0.0,0.0,0.0,0.0,0.0,0.0,0.0,0.0,0.0,0.0,0.0,0.0,0.0,0.0,0.0,0.0,0.0,0.0,0.0,0.0,0.0,0.0,0.0,0.0,0.0,0.0,0.0,0.0,0.0,0.0,0.0,0.0,0.0,0.0,0.0,0.0,0.0,0.0,0.0,0.2220562660694051,0.0,0.0,0.0,0.0,0.0,0.0,0.0,0.0,0.0,0.0,0.0,0.0,0.0,0.0,0.0,0.0,0.1864537284745489,0.0,0.0,0.2604973898627461,0.0,0.0,0.0,0.0,0.0,0.0,0.0,0.0,0.0,0.0,0.384897808618676,0.12201735465488167,0.0,0.0,0.0,0.11163637962026347,0.0,0.0,0.0,0.0,0.0,0.0,0.0,0.0,0.0,0.0,0.0,0.0,0.0,0.0,0.0,0.0,0.0,0.0,0.0,0.1569039116353453,0.0,0.0,0.0,0.0,0.0,0.0,0.0,0.0,0.0,0.0,0.0,0.0,0.0,0.3731684080059483,0.0,0.0,0.16036923756251606,0.14832613472011935,0.16311204753811692,0.14458625972217604,0.17235298581237785,0.0,0.28173307490037386,0.0,0.0,0.0,0.0,0.0,0.0,0.0,0.0,0.0,0.0,0.18399013463059166,0.0,0.0,0.0,0.0,0.0,0.0,0.0,0.0,0.0,0.0,0.384897808618676,0.13282708032562507,0.0,0.0,0.0,0.0,0.0,0.0,0.0,0.0,0.0,0.0,0.0,0.0,0.0,0.0,0.0
8d3e8a01a81c542e1c45a5c7057960b0325241ac96eec1aed701c54df64e5298,0.0,0.0,0.0,0.0,0.0,0.0,0.0,0.0,0.0,0.0,0.30130500978849584,0.0,0.1962601726786499,0.0,0.0,0.0,0.0,0.0,0.0,0.0,0.0,0.2868222286731506,0.0,0.0,0.0,0.0,0.0,0.0,0.0,0.0,0.0,0.0,0.0,0.0,0.321297570995908,0.0,0.0,0.0,0.0,0.0,0.0,0.0,0.0,0.33955566696322687,0.0,0.0,0.0,0.0,0.0,0.0,0.0,0.0,0.0,0.0,0.0,0.0,0.0,0.0,0.0,0.0,0.0,0.0,0.0,0.0,0.0,0.0,0.0,0.0,0.0,0.0,0.0,0.0,0.0,0.0,0.0,0.18658191896272452,0.0,0.0,0.0,0.17070792916724334,0.0,0.0,0.0,0.0,0.0,0.0,0.0,0.0,0.0,0.0,0.0,0.0,0.0,0.0,0.0,0.0,0.0,0.0,0.0,0.23992843484014376,0.0,0.0,0.0,0.0,0.44766532325330777,0.0,0.0,0.0,0.0,0.0,0.0,0.0,0.0,0.0,0.0,0.0,0.2452274118844468,0.0,0.0,0.0,0.0,0.0,0.0,0.0,0.3096658901552853,0.0,0.0,0.0,0.0,0.0,0.0,0.0,0.0,0.0,0.0,0.0,0.0,0.0,0.0,0.0,0.0,0.0,0.0,0.30322716339872186,0.0,0.0,0.0,0.0,0.0,0.0,0.0,0.0,0.0,0.0,0.0,0.0,0.0,0.0,0.0,0.0,0.0
a077a55608ced7cea2bd92e2ce7e43bf51076304990ec7bb40c2b384ce2e5283,0.0,0.36289875917112757,0.42736921287894875,0.0,0.0,0.0,0.0,0.0,0.0,0.0,0.0,0.0,0.16948016608285216,0.0,0.0,0.0,0.0,0.0,0.0,0.0,0.47906056657215057,0.0,0.0,0.0,0.0,0.0,0.0,0.0,0.0,0.0,0.0,0.0,0.0,0.0,0.0,0.0,0.0,0.0,0.0,0.0,0.0,0.0,0.31140004736742627,0.0,0.0,0.0,0.0,0.0,0.0,0.0,0.0,0.0,0.0,0.0,0.0,0.0,0.0,0.0,0.0,0.0,0.0,0.0,0.0,0.0,0.0,0.0,0.0,0.0,0.0,0.0,0.0,0.0,0.0,0.0,0.0,0.0,0.0,0.0,0.0,0.1474145660428815,0.0,0.0,0.0,0.0,0.0,0.0,0.0,0.0,0.0,0.0,0.0,0.0,0.0,0.0,0.0,0.0,0.0,0.0,0.0,0.20718982577930778,0.0,0.0,0.22759015202885374,0.0,0.0,0.0,0.0,0.0,0.0,0.0,0.0,0.0,0.0,0.0,0.0,0.0,0.21176574914307744,0.0,0.0,0.0,0.0,0.0,0.3720253121575318,0.0,0.0,0.0,0.0,0.0,0.0,0.0,0.0,0.0,0.0,0.0,0.0,0.0,0.0,0.0,0.0,0.0,0.0,0.0,0.0,0.0,0.0,0.1753966446381502,0.0,0.0,0.0,0.0,0.0,0.0,0.0,0.0,0.0,0.0,0.0,0.0,0.0,0.0,0.0
a81d350afaf97cc038b3f20b46d4757150d7854df5e56780326f91bc7d4fd215,0.0,0.23375849535172083,0.2752866512699295,0.0,0.0,0.0,0.0,0.0,0.0,0.0,0.0,0.0,0.0,0.0,0.0,0.0,0.0,0.0,0.0,0.0,0.0,0.0,0.0,0.0,0.0,0.0,0.0,0.0,0.0,0.0,0.0,0.0,0.0,0.0,0.17872119781850362,0.0,0.0,0.0,0.0,0.0,0.0,0.0,0.20058598902714456,0.0,0.0,0.3317722590493607,0.0,0.0,0.0,0.0,0.2588195741311053,0.0,0.0,0.0,0.0,0.0,0.0,0.0,0.0,0.0,0.15859432638800425,0.0,0.0,0.22157458801771757,0.21106317134917918,0.0,0.0,0.0,0.0,0.0,0.0,0.0,0.0,0.0,0.0,0.10378585790403562,0.0,0.0,0.0,0.0949559795404571,0.0,0.0,0.0,0.0,0.0,0.32124708581958805,0.0,0.0,0.0,0.0,0.0,0.0,0.0,0.0,0.0,0.0,0.0,0.0,0.0,0.0,0.0,0.0,0.0,0.0,0.0,0.0,0.0,0.0,0.0,0.0,0.0,0.0,0.0,0.0,0.21945822032179044,0.0,0.0,0.12616365258088524,0.13874029506793623,0.12298257939491718,0.14660047782099708,0.0,0.23963729554029792,0.0,0.0,0.0,0.0,0.0,0.0,0.0,0.0,0.0,0.0,0.0,0.0,0.0,0.0,0.0,0.0,0.0,0.0,0.0,0.0,0.0,0.3273874391545367,0.11298042416568417,0.23313225951882224,0.0,0.0,0.0,0.0,0.0,0.0,0.0,0.16397135538006222,0.0,0.0,0.0,0.0,0.0,0.0
0e49a7e27c826b6afb92d25bd287493693af46e42838270cf96ee2f27c2c0521,0.0,0.22480625239584648,0.0,0.0,0.0,0.0,0.0,0.0,0.0,0.0,0.16118178446684658,0.2822530278443754,0.10498851271779966,0.0,0.0,0.0,0.0,0.0,0.0,0.0,0.0,0.1534342846630673,0.0,0.0,0.0,0.0,0.0,0.0,0.0,0.0,0.0,0.0,0.0,0.0,0.0,0.0,0.0,0.0,0.0,0.0,0.0,0.3034769367241193,0.0,0.18164380461307827,0.20388532369560852,0.0,0.0,0.0,0.0,0.0,0.0,0.0,0.0,0.0,0.0,0.29362558211764417,0.32353900159165605,0.0,0.0,0.0,0.0,0.0,0.0,0.0,0.0,0.0,0.0,0.0,0.0,0.0,0.0,0.0,0.0,0.0,0.0,0.09981117363023928,0.0,0.0,0.0,0.09131945288639834,0.0,0.0,0.0,0.0,0.0,0.0,0.0,0.0,0.0,0.0,0.0,0.0,0.0,0.0,0.0,0.0,0.0,0.0,0.0,0.1283486567283371,0.0,0.0,0.14098612317293968,0.0,0.0,0.0,0.16785681987177958,0.0,0.0,0.0,0.0,0.0,0.0,0.3052547473279575,0.0,0.0,0.1311833210986679,0.1213319664921927,0.1334269616322934,0.11827271878246393,0.14098612317293968,0.0,0.0,0.0,0.1656544004986176,0.0,0.19058640488958642,0.0,0.0,0.0,0.0,0.0,0.0,0.0,0.0,0.0,0.0,0.0,0.0,0.0,0.0,0.0,0.20343131875503062,0.0,0.0,0.10865361582929788,0.2242039995001898,0.0,0.0,0.0,0.0,0.0,0.0,0.0,0.15769174869044153,0.0,0.0,0.0,0.0,0.0,0.0
a89ff5da7c1c949768bd1f83fede6a02363ec8082b057aa34ea627d4ac81de8a,0.0,0.22188216801269736,0.2613004456450771,0.0,0.0,0.0,0.0,0.0,0.0,0.0,0.0,0.0,0.0,0.0,0.0,0.0,0.0,0.0,0.0,0.0,0.0,0.0,0.0,0.0,0.0,0.0,0.0,0.0,0.0,0.0,0.0,0.0,0.0,0.0,0.16964109382261996,0.0,0.0,0.0,0.0,0.0,0.0,0.0,0.0,0.0,0.0,0.3149162472729806,0.0,0.0,0.0,0.0,0.24566999435004674,0.0,0.0,0.0,0.0,0.0,0.0,0.0,0.0,0.0,0.15053678763861308,0.0,0.0,0.21031727592153793,0.20033990198357324,0.0,0.0,0.16935041095549588,0.0,0.0,0.0,0.0,0.0,0.0,0.0,0.09851291661574105,0.0,0.0,0.0,0.09013164879635617,0.0,0.0,0.0,0.0,0.3264986959553073,0.30492581568923294,0.0,0.0,0.0,0.0,0.0,0.0,0.0,0.0,0.0,0.0,0.0,0.0,0.0,0.0,0.0,0.0,0.0,0.0,0.0,0.0,0.0,0.0,0.0,0.0,0.0,0.0,0.0,0.0,0.2083084323414242,0.0,0.0,0.11975378570489024,0.13169145965829565,0.11673433003100063,0.13915229819424285,0.0,0.22746229004929883,0.0,0.0,0.0,0.0,0.0,0.0,0.0,0.0,0.0,0.0,0.0,0.0,0.0,0.0,0.0,0.0,0.0,0.0,0.0,0.0,0.0,0.31075420241063295,0.10724034401041761,0.2212877486993727,0.0,0.0,0.0,0.0,0.0,0.0,0.0,0.15564063145156123,0.0,0.0,0.0,0.0,0.0,0.0
a4552cb0f9bf9c8fe34a9556e588e0517465942b63e91a78f14b5f59d5533d62,0.0,0.0,0.0,0.0,0.0,0.0,0.0,0.0,0.0,0.0,0.0,0.0,0.0,0.0,0.0,0.0,0.0,0.0,0.0,0.0,0.0,0.0,0.0,0.0,0.0,0.0,0.0,0.0,0.0,0.0,0.0,0.0,0.0,0.0,0.346960457906147,0.0,0.0,0.0,0.0,0.0,0.0,0.0,0.0,0.0,0.0,0.0,0.0,0.0,0.0,0.0,0.0,0.0,0.0,0.0,0.0,0.0,0.0,0.0,0.0,0.0,0.30788714923889043,0.0,0.0,0.4301539014810349,0.0,0.0,0.0,0.3463659353266811,0.0,0.0,0.0,0.0,0.0,0.0,0.0,0.20148471038748994,0.0,0.0,0.0,0.1843428230362538,0.0,0.0,0.0,0.0,0.0,0.0,0.0,0.0,0.0,0.0,0.0,0.0,0.0,0.0,0.0,0.0,0.0,0.0,0.0,0.0,0.0,0.0,0.0,0.0,0.0,0.0,0.3388456573381492,0.0,0.0,0.0,0.0,0.0,0.0,0.0,0.0,0.0,0.0,0.2449278496612892,0.0,0.0,0.284602887261798,0.0,0.0,0.0,0.0,0.0,0.0,0.0,0.0,0.0,0.0,0.0,0.0,0.0,0.0,0.0,0.0,0.0,0.0,0.0,0.0,0.0,0.0,0.0,0.0,0.21933458471314032,0.0,0.0,0.0,0.0,0.0,0.0,0.0,0.0,0.31832584629347066,0.0,0.0,0.0,0.0,0.0,0.0
ab14f462141fd6d559fcf50dd92e7c7571a6ecf8986c9be7af85baf8f025bbe9,0.0,0.0,0.0,0.0,0.0,0.0,0.0,0.0,0.0,0.0,0.0,0.0,0.0,0.0,0.0,0.0,0.0,0.0,0.0,0.0,0.0,0.0,0.0,0.0,0.0,0.0,0.0,0.0,0.0,0.0,0.0,0.0,0.0,0.0,0.346960457906147,0.0,0.0,0.0,0.0,0.0,0.0,0.0,0.0,0.0,0.0,0.0,0.0,0.0,0.0,0.0,0.0,0.0,0.0,0.0,0.0,0.0,0.0,0.0,0.0,0.0,0.30788714923889043,0.0,0.0,0.4301539014810349,0.0,0.0,0.0,0.3463659353266811,0.0,0.0,0.0,0.0,0.0,0.0,0.0,0.20148471038748994,0.0,0.0,0.0,0.1843428230362538,0.0,0.0,0.0,0.0,0.0,0.0,0.0,0.0,0.0,0.0,0.0,0.0,0.0,0.0,0.0,0.0,0.0,0.0,0.0,0.0,0.0,0.0,0.0,0.0,0.0,0.0,0.3388456573381492,0.0,0.0,0.0,0.0,0.0,0.0,0.0,0.0,0.0,0.0,0.2449278496612892,0.0,0.0,0.284602887261798,0.0,0.0,0.0,0.0,0.0,0.0,0.0,0.0,0.0,0.0,0.0,0.0,0.0,0.0,0.0,0.0,0.0,0.0,0.0,0.0,0.0,0.0,0.0,0.0,0.21933458471314032,0.0,0.0,0.0,0.0,0.0,0.0,0.0,0.0,0.31832584629347066,0.0,0.0,0.0,0.0,0.0,0.0
ab87d234f01b7b659f928ae314a5b40a08fba1aef56ac5a82d2c4e7c599c8e4a,0.0,0.21685322687513742,0.25537809247836346,0.0,0.0,0.0,0.0,0.0,0.0,0.0,0.0,0.0,0.0,0.0,0.0,0.0,0.0,0.0,0.0,0.0,0.0,0.0,0.0,0.0,0.0,0.0,0.0,0.0,0.0,0.0,0.0,0.0,0.0,0.0,0.16579619234637147,0.0,0.0,0.0,0.0,0.0,0.0,0.0,0.0,0.0,0.0,0.3077786963603428,0.0,0.0,0.0,0.0,0.24010190407980758,0.0,0.0,0.0,0.0,0.0,0.0,0.0,0.0,0.0,0.1471248836949459,0.0,0.0,0.2055504521145845,0.19579921453850435,0.0,0.0,0.16551209778258674,0.0,0.0,0.0,0.0,0.0,0.0,0.0,0.09628012944141723,0.0,0.1635545710037405,0.0,0.08808882236966395,0.0,0.0,0.0,0.0,0.3190986297933643,0.0,0.0,0.0,0.0,0.0,0.0,0.0,0.0,0.0,0.0,0.0,0.0,0.0,0.0,0.0,0.0,0.0,0.0,0.0,0.0,0.0,0.0,0.0,0.0,0.0,0.0,0.0,0.0,0.0,0.20358713880943355,0.0,0.0,0.11703957597499705,0.1287066835274665,0.0,0.1359984227699907,0.31435249853124336,0.22230687590350298,0.0,0.0,0.0,0.0,0.0,0.0,0.0,0.0,0.0,0.0,0.14518093781234442,0.0,0.0,0.0,0.0,0.0,0.0,0.0,0.0,0.0,0.0,0.3037109839033979,0.10480975041008284,0.2162722800267905,0.0,0.0,0.0,0.0,0.0,0.0,0.0,0.15211304930652933,0.0,0.0,0.0,0.0,0.0,0.0
abd588d76d00b02c96389c74527043e707f68ed1c99a933d016bdbbcd25c129c,0.0,0.0,0.0,0.0,0.0,0.0,0.0,0.0,0.0,0.0,0.0,0.0,0.0,0.0,0.0,0.0,0.0,0.0,0.0,0.0,0.0,0.0,0.0,0.0,0.0,0.0,0.0,0.0,0.0,0.0,0.0,0.0,0.0,0.0,0.346960457906147,0.0,0.0,0.0,0.0,0.0,0.0,0.0,0.0,0.0,0.0,0.0,0.0,0.0,0.0,0.0,0.0,0.0,0.0,0.0,0.0,0.0,0.0,0.0,0.0,0.0,0.30788714923889043,0.0,0.0,0.4301539014810349,0.0,0.0,0.0,0.3463659353266811,0.0,0.0,0.0,0.0,0.0,0.0,0.0,0.20148471038748994,0.0,0.0,0.0,0.1843428230362538,0.0,0.0,0.0,0.0,0.0,0.0,0.0,0.0,0.0,0.0,0.0,0.0,0.0,0.0,0.0,0.0,0.0,0.0,0.0,0.0,0.0,0.0,0.0,0.0,0.0,0.0,0.3388456573381492,0.0,0.0,0.0,0.0,0.0,0.0,0.0,0.0,0.0,0.0,0.2449278496612892,0.0,0.0,0.284602887261798,0.0,0.0,0.0,0.0,0.0,0.0,0.0,0.0,0.0,0.0,0.0,0.0,0.0,0.0,0.0,0.0,0.0,0.0,0.0,0.0,0.0,0.0,0.0,0.0,0.21933458471314032,0.0,0.0,0.0,0.0,0.0,0.0,0.0,0.0,0.31832584629347066,0.0,0.0,0.0,0.0,0.0,0.0
ac457fc7c907ca04a4aa2e243d4b5120c58d338b44771c84e0d282d625d463a0,0.0,0.24479254587818022,0.28828094615021543,0.0,0.0,0.0,0.0,0.0,0.0,0.0,0.0,0.0,0.1143224667563949,0.0,0.0,0.0,0.0,0.0,0.0,0.0,0.0,0.16707528713006392,0.0,0.0,0.0,0.0,0.0,0.0,0.0,0.0,0.0,0.0,0.0,0.0,0.0,0.0,0.0,0.0,0.0,0.0,0.0,0.0,0.0,0.0,0.0,0.3474328315736665,0.0,0.0,0.0,0.0,0.27103657721329205,0.0,0.0,0.0,0.0,0.0,0.0,0.0,0.0,0.0,0.16608041928033748,0.0,0.0,0.23203352426252996,0.0,0.0,0.0,0.0,0.0,0.0,0.0,0.0,0.0,0.0,0.0,0.10868483878736988,0.0,0.0,0.0,0.09943816562940488,0.0,0.0,0.0,0.0,0.36021122258113075,0.0,0.0,0.0,0.0,0.0,0.0,0.0,0.0,0.0,0.0,0.0,0.0,0.0,0.0,0.0,0.0,0.0,0.0,0.0,0.0,0.0,0.1827800510062113,0.0,0.0,0.0,0.0,0.0,0.0,0.0,0.22981725813059395,0.0,0.0,0.13211892755425278,0.1452892225134697,0.1287876988746436,0.15352042773360275,0.0,0.2509488417711086,0.34284103599568666,0.0,0.0,0.0,0.0,0.0,0.0,0.0,0.0,0.0,0.0,0.0,0.0,0.0,0.0,0.0,0.0,0.0,0.0,0.0,0.0,0.0,0.11831341412555385,0.0,0.0,0.0,0.0,0.0,0.0,0.0,0.0,0.171711258981997,0.0,0.0,0.0,0.0,0.0,0.0
ad4c0c2aa1ff6cf57a3bbc64e49e07b23573aecea8204f78ca820fde717575f4,0.0,0.0,0.0,0.0,0.0,0.0,0.0,0.0,0.0,0.0,0.0,0.0,0.0,0.0,0.0,0.0,0.0,0.0,0.0,0.0,0.0,0.0,0.0,0.0,0.0,0.0,0.0,0.0,0.0,0.0,0.0,0.0,0.0,0.0,0.3350210014409721,0.0,0.0,0.0,0.0,0.0,0.0,0.0,0.0,0.0,0.0,0.0,0.0,0.0,0.0,0.0,0.0,0.0,0.0,0.0,0.0,0.0,0.0,0.0,0.0,0.0,0.297292266938156,0.0,0.0,0.41535162743790116,0.0,0.0,0.0,0.33444693732094544,0.0,0.0,0.0,0.0,0.0,0.0,0.0,0.19455130378955268,0.0,0.0,0.0,0.17799929581245658,0.0,0.0,0.0,0.0,0.0,0.0,0.0,0.0,0.0,0.0,0.0,0.0,0.0,0.0,0.0,0.0,0.0,0.0,0.0,0.0,0.0,0.0,0.0,0.0,0.0,0.0,0.32718544395643656,0.0,0.0,0.0,0.0,0.0,0.0,0.0,0.0,0.0,0.0,0.23649949613712223,0.26007498361262454,0.0,0.2748092531317541,0.0,0.0,0.0,0.0,0.0,0.0,0.0,0.0,0.0,0.0,0.0,0.0,0.0,0.0,0.0,0.0,0.0,0.0,0.0,0.0,0.0,0.0,0.0,0.0,0.21178693579287597,0.0,0.0,0.0,0.0,0.0,0.0,0.0,0.0,0.3073717519667076,0.0,0.0,0.0,0.0,0.0,0.0
8e57f4355c28fcb5fba9768415171d9499a24e960de241dedd246e8beb1f0d62,0.0,0.0,0.0,0.0,0.0,0.0,0.0,0.0,0.0,0.0,0.20684983056808223,0.0,0.13473517580852157,0.0,0.0,0.0,0.0,0.0,0.0,0.0,0.0,0.19690721188422206,0.0,0.0,0.0,0.0,0.0,0.0,0.0,0.0,0.0,0.0,0.0,0.0,0.22057498535816739,0.0,0.0,0.0,0.0,0.0,0.0,0.0,0.0,0.23310940707251845,0.0,0.0,0.0,0.2810423188060124,0.0,0.0,0.0,0.0,0.0,0.0,0.0,0.0,0.0,0.0,0.2599154019006547,0.0,0.0,0.0,0.0,0.0,0.0,0.0,0.0,0.0,0.0,0.0,0.0,0.0,0.0,0.0,0.40405660033285284,0.12809092803202637,0.27280420427994145,0.2175927359600846,0.0,0.11719322639095622,0.0,0.0,0.0,0.0,0.0,0.0,0.0,0.0,0.0,0.0,0.0,0.0,0.0,0.0,0.0,0.0,0.0,0.0,0.0,0.1647140090036558,0.0,0.0,0.0,0.0,0.30732810028998075,0.0,0.0,0.0,0.0,0.0,0.0,0.0,0.0,0.0,0.0,0.0,0.16835182606009189,0.0,0.0,0.0,0.0,0.0,0.0,0.0,0.21258968430793343,0.0,0.2445857370942541,0.0,0.0,0.0,0.0,0.0,0.0,0.19314848416628144,0.0,0.0,0.0,0.0,0.0,0.0,0.0,0.0,0.0,0.2081694141650499,0.0,0.0,0.0,0.0,0.0,0.0,0.0,0.0,0.0,0.0,0.0,0.0,0.0,0.0,0.0,0.0,0.0
c2d46d256b8f9490c9599eea11ecef19fde7d4fdd2dea93604cee3cea8e172ac,0.0,0.30153006958731543,0.3550981237665201,0.0,0.0,0.0,0.0,0.0,0.0,0.0,0.0,0.0,0.14081989806014744,0.0,0.0,0.0,0.0,0.0,0.0,0.0,0.0,0.0,0.0,0.0,0.0,0.0,0.0,0.0,0.0,0.0,0.0,0.0,0.0,0.0,0.23053628546786012,0.0,0.0,0.0,0.0,0.0,0.0,0.0,0.0,0.24363676926851421,0.0,0.0,0.0,0.0,0.0,0.0,0.3338568896967235,0.0,0.0,0.0,0.0,0.0,0.0,0.0,0.0,0.0,0.20457420467211396,0.0,0.0,0.0,0.0,0.0,0.0,0.0,0.0,0.0,0.0,0.0,0.0,0.0,0.0,0.0,0.0,0.0,0.0,0.12248574356831371,0.0,0.0,0.0,0.0,0.0,0.0,0.0,0.0,0.0,0.0,0.0,0.0,0.0,0.0,0.0,0.0,0.0,0.0,0.0,0.0,0.0,0.0,0.18910308355804328,0.0,0.0,0.0,0.0,0.0,0.0,0.0,0.0,0.0,0.0,0.0,0.0,0.0,0.1759546966243867,0.0,0.1789640661549181,0.15863785257164956,0.0,0.0,0.30911325935453393,0.0,0.0,0.0,0.0,0.0,0.0,0.0,0.0,0.0,0.0,0.0,0.0,0.0,0.0,0.0,0.0,0.0,0.0,0.0,0.0,0.0,0.0,0.1457358591798977,0.30072227462787293,0.3262829174166346,0.0,0.0,0.0,0.0,0.0,0.0,0.21151014906938062,0.0,0.0,0.0,0.0,0.0,0.0
ad4f74c0c3ac37e6f1cf600a96ae203c38341d263dbac0741e602686794c4f5a,0.0,0.0,0.0,0.0,0.0,0.0,0.0,0.0,0.0,0.0,0.3013794152907792,0.0,0.19630863797544879,0.0,0.0,0.0,0.0,0.0,0.0,0.0,0.0,0.28689305773771034,0.0,0.0,0.0,0.0,0.41264890809783505,0.0,0.0,0.0,0.0,0.0,0.0,0.0,0.0,0.0,0.0,0.0,0.0,0.0,0.0,0.0,0.0,0.0,0.3812269472323203,0.0,0.0,0.0,0.0,0.0,0.0,0.0,0.0,0.0,0.0,0.0,0.0,0.0,0.37869575060688654,0.0,0.0,0.0,0.0,0.0,0.0,0.0,0.0,0.0,0.0,0.0,0.0,0.0,0.0,0.0,0.0,0.18662799427161889,0.0,0.0,0.0,0.1707500844876025,0.0,0.0,0.0,0.0,0.0,0.0,0.0,0.0,0.0,0.0,0.0,0.0,0.0,0.0,0.0,0.0,0.0,0.0,0.0,0.0,0.0,0.0,0.0,0.0,0.0,0.0,0.0,0.0,0.0,0.0,0.0,0.0,0.0,0.0,0.0,0.0,0.0,0.0,0.0,0.22114758779607344,0.0,0.0,0.0,0.0,0.30974236032786295,0.0,0.0,0.0,0.0,0.0,0.0,0.0,0.0,0.2814166057688636,0.0,0.0,0.0,0.0,0.0,0.0,0.0,0.0,0.0,0.0,0.0,0.20316168676366933,0.0,0.0,0.0,0.0,0.0,0.0,0.0,0.0,0.0,0.0,0.0,0.0,0.0,0.0,0.0
aef8910dddfc1c5c009db13160c82aae5af66692effb41469c6490e774a420e3,0.0,0.0,0.0,0.0,0.0,0.0,0.0,0.0,0.0,0.0,0.0,0.0,0.24878713348156953,0.0,0.0,0.0,0.0,0.0,0.0,0.0,0.0,0.0,0.0,0.0,0.0,0.0,0.0,0.0,0.0,0.0,0.0,0.0,0.0,0.0,0.0,0.0,0.0,0.0,0.0,0.0,0.0,0.0,0.0,0.0,0.0,0.0,0.0,0.0,0.0,0.0,0.0,0.0,0.0,0.0,0.0,0.0,0.0,0.0,0.0,0.0,0.0,0.0,0.0,0.0,0.4809939067812742,0.0,0.0,0.4065915724925195,0.0,0.0,0.0,0.0,0.0,0.0,0.0,0.2365185974549814,0.0,0.0,0.0,0.21639610207432253,0.0,0.0,0.0,0.0,0.0,0.0,0.0,0.0,0.0,0.0,0.0,0.0,0.0,0.0,0.0,0.0,0.0,0.0,0.0,0.0,0.0,0.0,0.0,0.0,0.0,0.0,0.0,0.0,0.0,0.0,0.0,0.0,0.0,0.0,0.0,0.0,0.310859936690928,0.2875155706263928,0.0,0.0,0.33408924973682835,0.0,0.0,0.0,0.0,0.0,0.0,0.0,0.0,0.0,0.0,0.0,0.0,0.0,0.0,0.0,0.0,0.0,0.0,0.0,0.0,0.0,0.0,0.38438270865702806,0.0,0.0,0.0,0.0,0.0,0.0,0.0,0.0,0.0,0.0,0.0,0.0,0.0,0.0,0.0,0.0,0.0
af91835cc8d20744eded46f50e68742609de8f60754456ac047f0cb236959d91,0.0,0.0,0.0,0.0,0.0,0.0,0.0,0.0,0.0,0.0,0.0,0.0,0.0,0.0,0.0,0.0,0.0,0.0,0.0,0.0,0.0,0.0,0.0,0.0,0.0,0.0,0.0,0.0,0.0,0.0,0.0,0.0,0.0,0.0,0.346960457906147,0.0,0.0,0.0,0.0,0.0,0.0,0.0,0.0,0.0,0.0,0.0,0.0,0.0,0.0,0.0,0.0,0.0,0.0,0.0,0.0,0.0,0.0,0.0,0.0,0.0,0.30788714923889043,0.0,0.0,0.4301539014810349,0.0,0.0,0.0,0.3463659353266811,0.0,0.0,0.0,0.0,0.0,0.0,0.0,0.20148471038748994,0.0,0.0,0.0,0.1843428230362538,0.0,0.0,0.0,0.0,0.0,0.0,0.0,0.0,0.0,0.0,0.0,0.0,0.0,0.0,0.0,0.0,0.0,0.0,0.0,0.0,0.0,0.0,0.0,0.0,0.0,0.0,0.3388456573381492,0.0,0.0,0.0,0.0,0.0,0.0,0.0,0.0,0.0,0.0,0.2449278496612892,0.0,0.0,0.284602887261798,0.0,0.0,0.0,0.0,0.0,0.0,0.0,0.0,0.0,0.0,0.0,0.0,0.0,0.0,0.0,0.0,0.0,0.0,0.0,0.0,0.0,0.0,0.0,0.0,0.21933458471314032,0.0,0.0,0.0,0.0,0.0,0.0,0.0,0.0,0.31832584629347066,0.0,0.0,0.0,0.0,0.0,0.0
afe1274014f8b9221aba0dbab08fd3cc7bb8a436745e65697fb8c88ac37fbb82,0.0,0.0,0.0,0.0,0.43678282851956,0.0,0.0,0.0,0.0,0.0,0.0,0.0,0.15698901592021905,0.0,0.0,0.0,0.0,0.0,0.0,0.0,0.0,0.0,0.0,0.0,0.0,0.0,0.0,0.0,0.0,0.0,0.0,0.0,0.0,0.0,0.0,0.0,0.0,0.0,0.0,0.0,0.0,0.0,0.2884490151480217,0.0,0.0,0.0,0.0,0.0,0.0,0.0,0.0,0.0,0.4511923760299027,0.0,0.0,0.0,0.0,0.0,0.0,0.0,0.0,0.0,0.0,0.0,0.0,0.0,0.0,0.0,0.0,0.0,0.0,0.0,0.0,0.0,0.0,0.0,0.0,0.0,0.0,0.1365497107435254,0.0,0.0,0.0,0.0,0.0,0.0,0.0,0.0,0.0,0.0,0.0,0.0,0.0,0.0,0.0,0.0,0.0,0.0,0.0,0.0,0.0,0.0,0.2108161375218161,0.0,0.0,0.0,0.0,0.0,0.0,0.0,0.0,0.0,0.0,0.45644653064855323,0.0,0.0,0.0,0.0,0.0,0.0,0.0,0.0,0.3446060326874584,0.0,0.0,0.0,0.2849832936657649,0.0,0.0,0.0,0.0,0.0,0.0,0.0,0.0,0.0,0.0,0.0,0.0,0.0,0.0,0.0,0.0,0.0,0.0,0.162469433880485,0.0,0.0,0.0,0.0,0.0,0.0,0.0,0.0,0.0,0.0,0.0,0.0,0.0,0.0,0.0
b0d40d54b6d1eba59601e3bc381aa37a5a8127013d3f2afc115c325aecab27ba,0.0,0.0,0.0,0.0,0.0,0.0,0.0,0.0,0.0,0.0,0.0,0.0,0.0,0.0,0.0,0.0,0.0,0.0,0.0,0.0,0.0,0.0,0.0,0.0,0.0,0.0,0.0,0.0,0.0,0.0,0.0,0.0,0.0,0.0,0.346960457906147,0.0,0.0,0.0,0.0,0.0,0.0,0.0,0.0,0.0,0.0,0.0,0.0,0.0,0.0,0.0,0.0,0.0,0.0,0.0,0.0,0.0,0.0,0.0,0.0,0.0,0.30788714923889043,0.0,0.0,0.4301539014810349,0.0,0.0,0.0,0.3463659353266811,0.0,0.0,0.0,0.0,0.0,0.0,0.0,0.20148471038748994,0.0,0.0,0.0,0.1843428230362538,0.0,0.0,0.0,0.0,0.0,0.0,0.0,0.0,0.0,0.0,0.0,0.0,0.0,0.0,0.0,0.0,0.0,0.0,0.0,0.0,0.0,0.0,0.0,0.0,0.0,0.0,0.3388456573381492,0.0,0.0,0.0,0.0,0.0,0.0,0.0,0.0,0.0,0.0,0.2449278496612892,0.0,0.0,0.284602887261798,0.0,0.0,0.0,0.0,0.0,0.0,0.0,0.0,0.0,0.0,0.0,0.0,0.0,0.0,0.0,0.0,0.0,0.0,0.0,0.0,0.0,0.0,0.0,0.0,0.21933458471314032,0.0,0.0,0.0,0.0,0.0,0.0,0.0,0.0,0.31832584629347066,0.0,0.0,0.0,0.0,0.0,0.0
b0fbcec8c22a53492e24e3cd38e32af4f2d3399b1ef71f6cef6d58bc692957f1,0.0,0.22223276780093998,0.2617133309243737,0.0,0.0,0.0,0.0,0.0,0.0,0.0,0.0,0.0,0.0,0.0,0.0,0.0,0.0,0.0,0.0,0.0,0.0,0.0,0.0,0.0,0.0,0.0,0.0,0.0,0.0,0.0,0.0,0.0,0.0,0.0,0.16990914660083176,0.0,0.0,0.0,0.0,0.0,0.0,0.0,0.0,0.0,0.0,0.3154138517925189,0.0,0.0,0.0,0.0,0.24605818168735347,0.0,0.0,0.0,0.0,0.0,0.0,0.0,0.0,0.0,0.15077465337762913,0.0,0.0,0.21064960182705025,0.2006564624707953,0.0,0.0,0.16961800442076436,0.0,0.0,0.0,0.0,0.0,0.0,0.0,0.09866857855114572,0.0,0.0,0.0,0.09027406734790085,0.0,0.0,0.0,0.0,0.32701460209904426,0.0,0.0,0.0,0.0,0.0,0.0,0.0,0.0,0.0,0.0,0.0,0.0,0.0,0.0,0.0,0.0,0.0,0.0,0.0,0.0,0.0,0.0,0.0,0.0,0.0,0.0,0.0,0.0,0.0,0.208637584039022,0.0,0.0,0.11994301069888338,0.13189954757398123,0.0,0.1393721751078197,0.3221507321814663,0.22782170708329816,0.0,0.0,0.0,0.0,0.0,0.0,0.0,0.0,0.0,0.0,0.0,0.0,0.0,0.0,0.0,0.0,0.0,0.0,0.0,0.0,0.0,0.31124523041228125,0.10740979630231592,0.2216374092355463,0.0,0.0,0.0,0.0,0.0,0.0,0.0,0.15588656186101058,0.0,0.0,0.0,0.0,0.0,0.0
b6b2c1f4bbe4259e0279a0c3db98a69db12ab6ae0b549085c714f1497f3c8300,0.0,0.0,0.0,0.0,0.35561058461107137,0.0,0.0,0.0,0.0,0.0,0.0,0.0,0.1278139892040326,0.0,0.0,0.0,0.0,0.0,0.0,0.0,0.0,0.0,0.0,0.0,0.0,0.0,0.0,0.0,0.0,0.0,0.0,0.0,0.0,0.0,0.0,0.0,0.0,0.0,0.0,0.0,0.0,0.0,0.23484330474928966,0.0,0.0,0.0,0.0,0.0,0.0,0.0,0.303022381660601,0.0,0.0,0.0,0.0,0.0,0.0,0.0,0.0,0.0,0.18568004626886572,0.0,0.0,0.0,0.0,0.0,0.0,0.0,0.0,0.0,0.0,0.0,0.0,0.0,0.0,0.0,0.0,0.0,0.0,0.11117314897786373,0.0,0.0,0.0,0.0,0.0,0.0,0.0,0.0,0.0,0.0,0.0,0.0,0.0,0.0,0.0,0.0,0.0,0.0,0.0,0.15625284519957316,0.0,0.0,0.0,0.0,0.0,0.0,0.20435044946853043,0.0,0.0,0.0,0.0,0.0,0.0,0.0,0.0,0.2924436908635478,0.0,0.14771066142275172,0.0,0.14398630488486314,0.0,0.0,0.2805640349000148,0.0,0.20166920369509306,0.0,0.2320216570975682,0.0,0.0,0.0,0.0,0.0,0.0,0.0,0.0,0.0,0.0,0.0,0.0,0.0,0.0,0.0,0.0,0.1974759976007593,0.0,0.1322759197276496,0.0,0.2961479297928299,0.0,0.0,0.0,0.0,0.0,0.0,0.1919753975262098,0.0,0.0,0.33893038741519393,0.0,0.0,0.0
b54d6dc708eade0818fcf91e59c7dbe37267abbe43a1672fb5f1c126e021ad7d,0.0,0.0,0.0,0.0,0.0,0.0,0.0,0.0,0.0,0.0,0.0,0.0,0.0,0.0,0.0,0.0,0.0,0.4273345192036469,0.0,0.0,0.0,0.0,0.0,0.0,0.0,0.0,0.0,0.0,0.0,0.0,0.0,0.0,0.0,0.0,0.0,0.0,0.0,0.0,0.0,0.0,0.0,0.0,0.40069352968066313,0.0,0.0,0.0,0.0,0.0,0.0,0.0,0.0,0.0,0.0,0.0,0.0,0.0,0.0,0.0,0.0,0.0,0.3168103651503639,0.0,0.0,0.0,0.0,0.0,0.0,0.0,0.0,0.0,0.0,0.0,0.0,0.0,0.0,0.0,0.0,0.0,0.0,0.1896854650261822,0.0,0.0,0.0,0.0,0.0,0.0,0.0,0.0,0.0,0.0,0.0,0.0,0.0,0.0,0.0,0.0,0.0,0.0,0.0,0.2666011881092497,0.0,0.0,0.2928512763821095,0.0,0.0,0.0,0.34866611580342755,0.0,0.0,0.0,0.0,0.0,0.0,0.0,0.0,0.0,0.0,0.2520263729048327,0.0,0.0,0.0,0.0,0.0,0.0,0.0,0.0,0.0,0.0,0.0,0.0,0.0,0.0,0.0,0.0,0.0,0.0,0.0,0.0,0.0,0.0,0.0,0.0,0.42256017835478077,0.0,0.0,0.0,0.0,0.0,0.0,0.0,0.0,0.0,0.0,0.0,0.0,0.0,0.0,0.0,0.0,0.0,0.0
b535d4dc180f666de891979e5d9d090c27d1eb0f252423c0b1911f1f0b9fc5b2,0.0,0.22060429448810143,0.25979555264513193,0.0,0.0,0.0,0.0,0.0,0.0,0.0,0.0,0.0,0.10302612374269168,0.0,0.0,0.0,0.0,0.0,0.0,0.0,0.0,0.0,0.0,0.0,0.0,0.0,0.0,0.0,0.0,0.0,0.0,0.0,0.0,0.0,0.0,0.0,0.0,0.0,0.0,0.0,0.0,0.0,0.0,0.0,0.0,0.3131025677940952,0.0,0.0,0.0,0.0,0.2442551209315141,0.0,0.0,0.0,0.0,0.0,0.0,0.0,0.0,0.0,0.1496698095613568,0.0,0.0,0.2091060074312738,0.19918609562338702,0.0,0.0,0.16837508063274959,0.0,0.0,0.0,0.0,0.0,0.0,0.0,0.09794555670078484,0.0,0.0,0.0,0.08961255864703668,0.0,0.0,0.0,0.0,0.32461831032939925,0.0,0.0,0.0,0.0,0.0,0.0,0.0,0.0,0.0,0.0,0.0,0.0,0.0,0.0,0.1259496324692678,0.0,0.0,0.0,0.0,0.0,0.0,0.0,0.0,0.0,0.0,0.0,0.0,0.0,0.0,0.20710873327131255,0.0,0.12873131281339925,0.11906409444401497,0.13093301642141913,0.0,0.1383508861684737,0.31979008179106644,0.2261522792408533,0.0,0.0,0.0,0.0,0.0,0.0,0.0,0.0,0.0,0.0,0.0,0.0,0.0,0.0,0.0,0.0,0.0,0.0,0.0,0.0,0.0,0.30896449316326907,0.10662272071239921,0.2200132985805863,0.0,0.0,0.0,0.0,0.0,0.0,0.0,0.15474425909291384,0.0,0.0,0.0,0.0,0.0,0.0
b565c8e1e81796db13409f37e4bd28877272b5e54ab5c0a3d9b6a024e7f5a039,0.0,0.0,0.31892130719385886,0.0,0.35188072066410814,0.0,0.0,0.0,0.0,0.0,0.0,0.0,0.12647339696386897,0.0,0.0,0.0,0.0,0.0,0.0,0.0,0.0,0.0,0.0,0.0,0.0,0.0,0.0,0.0,0.0,0.0,0.0,0.0,0.0,0.0,0.0,0.0,0.0,0.0,0.0,0.0,0.0,0.0,0.0,0.0,0.0,0.0,0.0,0.0,0.0,0.0,0.0,0.0,0.0,0.0,0.0,0.0,0.0,0.0,0.0,0.0,0.18373251900106477,0.0,0.0,0.0,0.0,0.0,0.0,0.2066948424156332,0.0,0.0,0.0,0.0,0.0,0.0,0.0,0.0,0.0,0.0,0.0,0.11000709617126235,0.0,0.0,0.0,0.0,0.0,0.0,0.0,0.0,0.0,0.0,0.0,0.0,0.0,0.0,0.0,0.0,0.0,0.0,0.0,0.15461396863306792,0.0,0.0,0.0,0.0,0.0,0.0,0.20220709545432974,0.0,0.0,0.0,0.0,0.0,0.0,0.0,0.25424372077829305,0.28937636040075587,0.0,0.14616138056761246,0.16073149954569257,0.14247608738660203,0.0,0.0,0.2776213056228967,0.0,0.19955397224635038,0.0,0.22958807032829537,0.0,0.0,0.0,0.0,0.0,0.0,0.18130488021663807,0.0,0.0,0.0,0.0,0.0,0.0,0.0,0.0,0.0,0.19540474709327726,0.0,0.0,0.0,0.0,0.0,0.0,0.0,0.0,0.0,0.0,0.18996184071737615,0.0,0.0,0.33537547570205467,0.0,0.0,0.0
8f16bf4456359f103fc596a68b0a875a89f83e81798e8fa2e619adb2b4b13dff,0.0,0.0,0.0,0.0,0.0,0.0,0.0,0.0,0.0,0.0,0.23426122389739457,0.0,0.15259005579192977,0.0,0.0,0.0,0.0,0.0,0.0,0.0,0.0,0.2230010260271354,0.0,0.0,0.0,0.0,0.0,0.0,0.0,0.0,0.0,0.0,0.0,0.0,0.0,0.0,0.0,0.0,0.0,0.0,0.0,0.0,0.0,0.2640006755278941,0.0,0.0,0.0,0.0,0.0,0.0,0.0,0.0,0.0,0.0,0.0,0.0,0.0,0.0,0.0,0.0,0.0,0.0,0.0,0.0,0.0,0.0,0.0,0.0,0.0,0.0,0.0,0.48454875429566285,0.0,0.0,0.0,0.1450653234209888,0.3089557608215663,0.24642776113086873,0.0,0.1327234765986126,0.0,0.0,0.0,0.0,0.0,0.0,0.0,0.0,0.0,0.0,0.0,0.0,0.0,0.0,0.0,0.0,0.0,0.0,0.0,0.18654163378462474,0.0,0.0,0.0,0.0,0.0,0.0,0.0,0.0,0.0,0.0,0.0,0.0,0.0,0.0,0.0,0.0,0.19066152826853658,0.176343592809553,0.19392243010760898,0.17189728943192925,0.20490889759217862,0.0,0.0,0.0,0.24076171344769667,0.0,0.0,0.0,0.0,0.0,0.0,0.0,0.0,0.21874419800323228,0.0,0.0,0.0,0.0,0.0,0.0,0.0,0.0,0.0,0.23575567650396234,0.0,0.0,0.0,0.0,0.0,0.0,0.0,0.0,0.0,0.0,0.0,0.0,0.0,0.0,0.0,0.0,0.0
b721e121d0657302f7e8d790d107e512f5f726ae6a827cdc960d3a838825906a,0.0,0.0,0.0,0.0,0.0,0.0,0.0,0.0,0.0,0.0,0.0,0.0,0.0,0.0,0.0,0.0,0.0,0.0,0.0,0.0,0.0,0.0,0.0,0.0,0.0,0.0,0.0,0.0,0.0,0.0,0.0,0.0,0.0,0.0,0.3350210014409721,0.0,0.0,0.0,0.0,0.0,0.0,0.0,0.0,0.0,0.0,0.0,0.0,0.0,0.0,0.0,0.0,0.0,0.0,0.0,0.0,0.0,0.0,0.0,0.0,0.0,0.297292266938156,0.0,0.0,0.41535162743790116,0.0,0.0,0.0,0.33444693732094544,0.0,0.0,0.0,0.0,0.0,0.0,0.0,0.19455130378955268,0.0,0.0,0.0,0.17799929581245658,0.0,0.0,0.0,0.0,0.0,0.0,0.0,0.0,0.0,0.0,0.0,0.0,0.0,0.0,0.0,0.0,0.0,0.0,0.0,0.0,0.0,0.0,0.0,0.0,0.0,0.0,0.32718544395643656,0.0,0.0,0.0,0.0,0.0,0.0,0.0,0.0,0.0,0.0,0.23649949613712223,0.26007498361262454,0.0,0.2748092531317541,0.0,0.0,0.0,0.0,0.0,0.0,0.0,0.0,0.0,0.0,0.0,0.0,0.0,0.0,0.0,0.0,0.0,0.0,0.0,0.0,0.0,0.0,0.0,0.0,0.21178693579287597,0.0,0.0,0.0,0.0,0.0,0.0,0.0,0.0,0.3073717519667076,0.0,0.0,0.0,0.0,0.0,0.0
b2419aac70d3035892f8225bd79da96cd30aab0f331e125270ab86bb63f1a2ad,0.0,0.0,0.0,0.0,0.0,0.0,0.0,0.0,0.0,0.0,0.0,0.0,0.0,0.0,0.0,0.0,0.0,0.0,0.0,0.0,0.0,0.0,0.0,0.0,0.0,0.0,0.0,0.0,0.0,0.0,0.0,0.0,0.0,0.0,0.346960457906147,0.0,0.0,0.0,0.0,0.0,0.0,0.0,0.0,0.0,0.0,0.0,0.0,0.0,0.0,0.0,0.0,0.0,0.0,0.0,0.0,0.0,0.0,0.0,0.0,0.0,0.30788714923889043,0.0,0.0,0.4301539014810349,0.0,0.0,0.0,0.3463659353266811,0.0,0.0,0.0,0.0,0.0,0.0,0.0,0.20148471038748994,0.0,0.0,0.0,0.1843428230362538,0.0,0.0,0.0,0.0,0.0,0.0,0.0,0.0,0.0,0.0,0.0,0.0,0.0,0.0,0.0,0.0,0.0,0.0,0.0,0.0,0.0,0.0,0.0,0.0,0.0,0.0,0.3388456573381492,0.0,0.0,0.0,0.0,0.0,0.0,0.0,0.0,0.0,0.0,0.2449278496612892,0.0,0.0,0.284602887261798,0.0,0.0,0.0,0.0,0.0,0.0,0.0,0.0,0.0,0.0,0.0,0.0,0.0,0.0,0.0,0.0,0.0,0.0,0.0,0.0,0.0,0.0,0.0,0.0,0.21933458471314032,0.0,0.0,0.0,0.0,0.0,0.0,0.0,0.0,0.31832584629347066,0.0,0.0,0.0,0.0,0.0,0.0
b3167acfa58265b6c8c26f98ed6a4b9e2ae51447b25a50c3905265c0cbfc38c5,0.0,0.0,0.0,0.0,0.0,0.0,0.0,0.0,0.0,0.0,0.0,0.0,0.0,0.0,0.0,0.0,0.0,0.0,0.0,0.0,0.0,0.0,0.0,0.0,0.0,0.0,0.0,0.0,0.0,0.0,0.0,0.0,0.0,0.0,0.346960457906147,0.0,0.0,0.0,0.0,0.0,0.0,0.0,0.0,0.0,0.0,0.0,0.0,0.0,0.0,0.0,0.0,0.0,0.0,0.0,0.0,0.0,0.0,0.0,0.0,0.0,0.30788714923889043,0.0,0.0,0.4301539014810349,0.0,0.0,0.0,0.3463659353266811,0.0,0.0,0.0,0.0,0.0,0.0,0.0,0.20148471038748994,0.0,0.0,0.0,0.1843428230362538,0.0,0.0,0.0,0.0,0.0,0.0,0.0,0.0,0.0,0.0,0.0,0.0,0.0,0.0,0.0,0.0,0.0,0.0,0.0,0.0,0.0,0.0,0.0,0.0,0.0,0.0,0.3388456573381492,0.0,0.0,0.0,0.0,0.0,0.0,0.0,0.0,0.0,0.0,0.2449278496612892,0.0,0.0,0.284602887261798,0.0,0.0,0.0,0.0,0.0,0.0,0.0,0.0,0.0,0.0,0.0,0.0,0.0,0.0,0.0,0.0,0.0,0.0,0.0,0.0,0.0,0.0,0.0,0.0,0.21933458471314032,0.0,0.0,0.0,0.0,0.0,0.0,0.0,0.0,0.31832584629347066,0.0,0.0,0.0,0.0,0.0,0.0
b3503b3ccc1d21662c51075ed45b45f52a9f360826bf15a0655dfa25c7594e44,0.0,0.0,0.0,0.0,0.0,0.0,0.0,0.0,0.0,0.0,0.0,0.0,0.0,0.0,0.0,0.0,0.0,0.0,0.0,0.0,0.0,0.0,0.0,0.0,0.0,0.0,0.0,0.0,0.0,0.0,0.0,0.0,0.0,0.0,0.346960457906147,0.0,0.0,0.0,0.0,0.0,0.0,0.0,0.0,0.0,0.0,0.0,0.0,0.0,0.0,0.0,0.0,0.0,0.0,0.0,0.0,0.0,0.0,0.0,0.0,0.0,0.30788714923889043,0.0,0.0,0.4301539014810349,0.0,0.0,0.0,0.3463659353266811,0.0,0.0,0.0,0.0,0.0,0.0,0.0,0.20148471038748994,0.0,0.0,0.0,0.1843428230362538,0.0,0.0,0.0,0.0,0.0,0.0,0.0,0.0,0.0,0.0,0.0,0.0,0.0,0.0,0.0,0.0,0.0,0.0,0.0,0.0,0.0,0.0,0.0,0.0,0.0,0.0,0.3388456573381492,0.0,0.0,0.0,0.0,0.0,0.0,0.0,0.0,0.0,0.0,0.2449278496612892,0.0,0.0,0.284602887261798,0.0,0.0,0.0,0.0,0.0,0.0,0.0,0.0,0.0,0.0,0.0,0.0,0.0,0.0,0.0,0.0,0.0,0.0,0.0,0.0,0.0,0.0,0.0,0.0,0.21933458471314032,0.0,0.0,0.0,0.0,0.0,0.0,0.0,0.0,0.31832584629347066,0.0,0.0,0.0,0.0,0.0,0.0
b78469fb8eff53d82081bdcb0dbb3436f239b8ca6ef7fd800ce5ba7e098c256f,0.0,0.0,0.0,0.0,0.0,0.0,0.0,0.0,0.0,0.0,0.0,0.0,0.0,0.0,0.0,0.0,0.0,0.0,0.0,0.0,0.0,0.0,0.0,0.0,0.0,0.0,0.0,0.0,0.0,0.0,0.0,0.0,0.0,0.0,0.0,0.0,0.0,0.0,0.0,0.0,0.0,0.0,0.0,0.0,0.0,0.0,0.0,0.0,0.0,0.0,0.0,0.0,0.0,0.0,0.0,0.0,0.0,0.0,0.0,0.0,0.0,0.0,0.0,0.0,0.0,0.0,0.0,0.44821371297224183,0.0,0.0,0.0,0.0,0.0,0.0,0.0,0.0,0.0,0.0,0.0,0.0,0.0,0.0,0.0,0.0,0.0,0.0,0.0,0.0,0.0,0.0,0.0,0.0,0.0,0.0,0.0,0.0,0.0,0.0,0.0,0.3352773593597885,0.0,0.0,0.36828944134450653,0.0,0.0,0.0,0.0,0.0,0.0,0.0,0.0,0.0,0.0,0.0,0.0,0.0,0.0,0.0,0.3485431051932345,0.30895660187250273,0.0,0.0,0.0,0.0,0.0,0.0,0.0,0.0,0.0,0.0,0.0,0.0,0.0,0.39315607778194184,0.0,0.0,0.0,0.0,0.0,0.0,0.0,0.0,0.0,0.4237313626382745,0.0,0.0,0.0,0.0,0.0,0.0,0.0,0.0,0.0,0.0,0.0,0.0,0.0,0.0,0.0,0.0,0.0
b5475975e30be3c1ff6c97d148def1287dc3a0341d546198df85dbb66c1b6ffa,0.0,0.22700293629984894,0.0,0.0,0.0,0.2949586669219449,0.0,0.0,0.0,0.0,0.0,0.0,0.0,0.0,0.0,0.0,0.0,0.2077400883363649,0.0,0.0,0.0,0.0,0.0,0.0,0.0,0.0,0.0,0.0,0.0,0.0,0.0,0.0,0.0,0.0,0.0,0.0,0.0,0.0,0.0,0.0,0.0,0.0,0.19478910668576863,0.0,0.0,0.0,0.0,0.0,0.0,0.0,0.0,0.0,0.0,0.0,0.0,0.2964947309209677,0.0,0.0,0.0,0.0,0.15401099205573132,0.0,0.0,0.0,0.0,0.0,0.0,0.0,0.0,0.0,0.0,0.0,0.0,0.0,0.0,0.0,0.0,0.0,0.0,0.09221177669919266,0.0,0.0,0.0,0.0,0.0,0.0,0.0,0.0,0.0,0.0,0.46498808550321985,0.46498808550321985,0.0,0.0,0.0,0.0,0.0,0.0,0.0,0.0,0.0,0.0,0.14236376255868227,0.0,0.0,0.0,0.169497025028263,0.0,0.0,0.0,0.0,0.0,0.0,0.0,0.0,0.0,0.13246517285705944,0.12251755619440906,0.13473073702045082,0.0,0.0,0.0,0.0,0.0,0.0,0.0,0.19244871113543524,0.0,0.0,0.0,0.0,0.0,0.0,0.0,0.0,0.0,0.0,0.0,0.0,0.0,0.0,0.0,0.0,0.0,0.0,0.10971531961404678,0.0,0.0,0.0,0.0,0.0,0.0,0.0,0.0,0.0,0.0,0.0,0.2811233961459861,0.0,0.0,0.0
b670441066ff868d06c682e5167b9dbc85b5323f3acfbbc044cabc0e5a594186,0.0,0.1989356960484154,0.0,0.0,0.0,0.0,0.0,0.0,0.0,0.0,0.0,0.0,0.09290650340910747,0.0,0.0,0.0,0.0,0.0,0.0,0.0,0.0,0.13577716763584977,0.0,0.0,0.0,0.0,0.0,0.0,0.0,0.0,0.0,0.0,0.0,0.0,0.0,0.0,0.0,0.0,0.0,0.0,0.0,0.0,0.0,0.0,0.0,0.0,0.0,0.0,0.0,0.0,0.22026344776584328,0.0,0.0,0.0,0.0,0.0,0.0,0.0,0.0,0.3169907791328183,0.13496866782041828,0.0,0.0,0.0,0.0,0.0,0.0,0.0,0.0,0.0,0.0,0.0,0.0,0.0,0.0,0.08832496911419424,0.0,0.0,0.0,0.08081047003411448,0.0,0.0,0.0,0.0,0.0,0.0,0.0,0.0,0.0,0.0,0.0,0.0,0.0,0.0,0.0,0.0,0.0,0.0,0.0,0.11357837734055223,0.0,0.0,0.12476153242032598,0.0,0.0,0.4074957353045688,0.0,0.0,0.3050878204469933,0.0,0.0,0.0,0.0,0.0,0.1867657205252476,0.21257392036183273,0.11608683039097023,0.10736916322303022,0.0,0.0,0.12476153242032598,0.28837907556653114,0.2039387364969966,0.27861681770205043,0.0,0.0,0.0,0.0,0.25717025698782514,0.0,0.0,0.0,0.0,0.0,0.0,0.0,0.0,0.0,0.0,0.0,0.0,0.0,0.0,0.0,0.0,0.09614982885403885,0.0,0.21526648859207642,0.0,0.0,0.0,0.0,0.0,0.0,0.13954468549027058,0.0,0.0,0.0,0.0,0.0,0.0
ba9af4a25b32402f64a7b2c2a6e3ce36ee29eb1790186be1ab83bf60841e1d52,0.0,0.23860793923642432,0.28099761876025664,0.0,0.0,0.0,0.0,0.0,0.0,0.0,0.0,0.0,0.0,0.0,0.0,0.0,0.0,0.0,0.0,0.0,0.0,0.0,0.0,0.0,0.0,0.0,0.0,0.0,0.0,0.0,0.0,0.0,0.0,0.0,0.18242886379455195,0.0,0.0,0.0,0.0,0.0,0.0,0.0,0.0,0.0,0.0,0.33865505041204624,0.0,0.0,0.0,0.0,0.26418892337816957,0.0,0.0,0.0,0.0,0.0,0.0,0.0,0.0,0.0,0.1618844497484142,0.0,0.0,0.22617127028696074,0.21544178870828457,0.0,0.0,0.0,0.0,0.0,0.0,0.0,0.0,0.0,0.0,0.10593895053570294,0.0,0.0,0.0,0.09692589166538604,0.0,0.0,0.0,0.0,0.0,0.3279115268849816,0.0,0.0,0.0,0.0,0.0,0.0,0.0,0.0,0.0,0.0,0.0,0.0,0.0,0.0,0.0,0.0,0.0,0.0,0.0,0.0,0.0,0.0,0.0,0.0,0.0,0.0,0.0,0.0,0.2240109974214467,0.0,0.0,0.12878098442398964,0.1416185360254117,0.12553391818871965,0.14964178243580456,0.0,0.24460869825084425,0.0,0.0,0.0,0.0,0.0,0.0,0.0,0.0,0.0,0.0,0.0,0.0,0.0,0.0,0.0,0.0,0.0,0.0,0.0,0.0,0.0,0.3341792651044252,0.11532426294783027,0.23796871180924947,0.0,0.0,0.0,0.0,0.0,0.0,0.0,0.16737302805689028,0.0,0.0,0.0,0.0,0.0,0.0
bbb95d84ad3a191568a5379da8f4e2b2e4e9034d9d23b3cefea5299917450f74,0.0,0.0,0.0,0.0,0.0,0.0,0.0,0.0,0.0,0.0,0.0,0.0,0.0,0.0,0.0,0.0,0.0,0.0,0.0,0.0,0.0,0.0,0.0,0.0,0.0,0.0,0.0,0.0,0.0,0.0,0.0,0.0,0.0,0.0,0.32331207508787624,0.0,0.0,0.0,0.0,0.0,0.0,0.0,0.362866146475691,0.0,0.0,0.0,0.0,0.0,0.0,0.0,0.0,0.0,0.0,0.0,0.0,0.0,0.0,0.0,0.0,0.0,0.2869019533639275,0.0,0.0,0.40083515952875204,0.0,0.0,0.0,0.322758074410065,0.0,0.0,0.0,0.0,0.0,0.0,0.0,0.1877517691986682,0.0,0.0,0.0,0.1717782510522576,0.0,0.0,0.0,0.0,0.0,0.0,0.0,0.0,0.0,0.0,0.0,0.0,0.0,0.0,0.0,0.0,0.0,0.0,0.0,0.0,0.0,0.0,0.0,0.0,0.0,0.0,0.31575036898915615,0.0,0.0,0.0,0.0,0.0,0.0,0.0,0.0,0.0,0.0,0.228233879441741,0.0,0.0,0.2652047170213935,0.0,0.0,0.0,0.0,0.0,0.0,0.0,0.0,0.0,0.0,0.0,0.0,0.0,0.0,0.0,0.0,0.0,0.0,0.0,0.0,0.0,0.0,0.0,0.0,0.20438501882922097,0.0,0.0,0.0,0.0,0.0,0.0,0.0,0.0,0.2966291621251142,0.0,0.0,0.0,0.0,0.0,0.0
bc3b5ef9b1dc2f1b6a23b138c4c7b047479d98dfbdf216097c08a68c2f771732,0.0,0.0,0.0,0.0,0.0,0.0,0.0,0.0,0.0,0.0,0.0,0.0,0.0,0.0,0.0,0.0,0.0,0.5405803754581913,0.0,0.0,0.0,0.0,0.0,0.0,0.0,0.0,0.0,0.0,0.0,0.0,0.0,0.0,0.0,0.0,0.0,0.0,0.0,0.0,0.0,0.0,0.0,0.0,0.0,0.0,0.0,0.0,0.0,0.0,0.0,0.0,0.0,0.0,0.0,0.0,0.0,0.0,0.0,0.0,0.0,0.0,0.40076674934003054,0.0,0.0,0.0,0.0,0.0,0.0,0.0,0.0,0.0,0.0,0.0,0.0,0.0,0.0,0.0,0.0,0.0,0.0,0.0,0.0,0.0,0.0,0.0,0.0,0.0,0.0,0.0,0.0,0.0,0.0,0.0,0.0,0.0,0.0,0.0,0.0,0.0,0.0,0.33725188087840335,0.0,0.0,0.37045837821636074,0.0,0.0,0.0,0.4410644385616428,0.0,0.0,0.0,0.0,0.0,0.0,0.0,0.0,0.0,0.0,0.3188146643153229,0.0,0.0,0.0,0.0,0.0,0.0,0.0,0.0,0.0,0.0,0.0,0.0,0.0,0.0,0.0,0.0,0.0,0.0,0.0,0.0,0.0,0.0,0.0,0.0,0.0,0.0,0.0,0.0,0.0,0.0,0.0,0.0,0.0,0.0,0.0,0.0,0.0,0.0,0.0,0.0,0.0,0.0,0.0
8fc58143f3ed34fbbfbb9bd1c4f583fc12fb803a685ffc20ca9a96816f30d2bd,0.0,0.0,0.0,0.0,0.0,0.0,0.0,0.0,0.0,0.0,0.3150908566109974,0.0,0.20523981984682943,0.0,0.0,0.0,0.0,0.0,0.0,0.0,0.0,0.2999454333372622,0.0,0.0,0.0,0.0,0.0,0.0,0.0,0.0,0.0,0.0,0.0,0.0,0.0,0.0,0.0,0.0,0.0,0.0,0.0,0.0,0.3771042423379549,0.0,0.3985711009848868,0.0,0.0,0.0,0.0,0.0,0.0,0.0,0.0,0.0,0.0,0.0,0.0,0.0,0.0,0.0,0.0,0.0,0.0,0.0,0.0,0.0,0.0,0.0,0.0,0.0,0.0,0.0,0.0,0.0,0.0,0.19511874932101858,0.0,0.0,0.0,0.17851846429421658,0.0,0.0,0.0,0.0,0.0,0.0,0.0,0.0,0.0,0.0,0.0,0.0,0.0,0.0,0.0,0.0,0.0,0.0,0.0,0.2509060706032882,0.0,0.0,0.0,0.0,0.0,0.0,0.0,0.0,0.0,0.0,0.0,0.0,0.0,0.0,0.0,0.0,0.0,0.0,0.0,0.0,0.2756107860932796,0.0,0.0,0.0,0.0,0.0,0.0,0.0,0.0,0.0,0.0,0.0,0.0,0.0,0.0,0.0,0.0,0.0,0.0,0.0,0.0,0.0,0.3976835763424124,0.3171009560381831,0.0,0.0,0.0,0.0,0.0,0.0,0.0,0.0,0.0,0.0,0.0,0.0,0.0,0.0,0.0,0.0,0.0
bc9d61296a6324c766626bb0b0e858d3091eeea3cc3af56e3497ec44e3f19a90,0.0,0.0,0.0,0.0,0.0,0.0,0.0,0.0,0.0,0.0,0.0,0.0,0.0,0.0,0.0,0.0,0.0,0.0,0.0,0.0,0.0,0.0,0.0,0.0,0.0,0.0,0.0,0.0,0.0,0.0,0.0,0.0,0.0,0.0,0.3350210014409721,0.0,0.0,0.0,0.0,0.0,0.0,0.0,0.0,0.0,0.0,0.0,0.0,0.0,0.0,0.0,0.0,0.0,0.0,0.0,0.0,0.0,0.0,0.0,0.0,0.0,0.297292266938156,0.0,0.0,0.41535162743790116,0.0,0.0,0.0,0.33444693732094544,0.0,0.0,0.0,0.0,0.0,0.0,0.0,0.19455130378955268,0.0,0.0,0.0,0.17799929581245658,0.0,0.0,0.0,0.0,0.0,0.0,0.0,0.0,0.0,0.0,0.0,0.0,0.0,0.0,0.0,0.0,0.0,0.0,0.0,0.0,0.0,0.0,0.0,0.0,0.0,0.0,0.32718544395643656,0.0,0.0,0.0,0.0,0.0,0.0,0.0,0.0,0.0,0.0,0.23649949613712223,0.26007498361262454,0.0,0.2748092531317541,0.0,0.0,0.0,0.0,0.0,0.0,0.0,0.0,0.0,0.0,0.0,0.0,0.0,0.0,0.0,0.0,0.0,0.0,0.0,0.0,0.0,0.0,0.0,0.0,0.21178693579287597,0.0,0.0,0.0,0.0,0.0,0.0,0.0,0.0,0.3073717519667076,0.0,0.0,0.0,0.0,0.0,0.0
bc32a2ccf158ebe2b76646be865a4c6dd91da6b8e5bb0dd9520102a9bfea5439,0.0,0.0,0.0,0.0,0.0,0.0,0.0,0.0,0.0,0.0,0.0,0.0,0.0,0.0,0.0,0.0,0.0,0.0,0.0,0.0,0.0,0.0,0.0,0.0,0.0,0.0,0.0,0.0,0.0,0.0,0.0,0.0,0.0,0.0,0.0,0.0,0.0,0.0,0.0,0.0,0.0,0.0,0.4391101894311844,0.0,0.0,0.0,0.0,0.0,0.0,0.0,0.0,0.0,0.0,0.0,0.0,0.0,0.0,0.0,0.0,0.0,0.0,0.0,0.0,0.0,0.0,0.0,0.0,0.0,0.0,0.0,0.0,0.0,0.0,0.0,0.0,0.0,0.0,0.0,0.0,0.0,0.0,0.0,0.0,0.0,0.0,0.0,0.0,0.0,0.0,0.0,0.0,0.0,0.0,0.0,0.0,0.0,0.0,0.0,0.0,0.0,0.0,0.0,0.0,0.0,0.0,0.0,0.0,0.0,0.0,0.0,0.0,0.0,0.0,0.0,0.0,0.0,0.0,0.0,0.0,0.0,0.0,0.0,0.0,0.0,0.0,0.0,0.0,0.0,0.0,0.0,0.0,0.0,0.0,0.0,0.0,0.0,0.0,0.0,0.8637188796361391,0.0,0.0,0.0,0.0,0.0,0.0,0.24732961508440895,0.0,0.0,0.0,0.0,0.0,0.0,0.0,0.0,0.0,0.0,0.0,0.0,0.0,0.0,0.0
bd210c5759b815a64b7166aceae471ef622bccdde3b46fc971aa78bcb73f08f1,0.0,0.0,0.0,0.0,0.3536941398465129,0.0,0.0,0.0,0.0,0.0,0.0,0.0,0.12712517829387568,0.0,0.0,0.0,0.0,0.0,0.0,0.0,0.0,0.0,0.0,0.0,0.0,0.0,0.0,0.0,0.0,0.0,0.0,0.0,0.0,0.0,0.0,0.0,0.0,0.0,0.0,0.0,0.0,0.0,0.0,0.0,0.0,0.0,0.0,0.0,0.0,0.0,0.301389343494674,0.0,0.0,0.0,0.0,0.0,0.0,0.0,0.0,0.0,0.1846793855237866,0.0,0.0,0.0,0.0,0.0,0.0,0.0,0.0,0.0,0.0,0.0,0.0,0.0,0.0,0.0,0.0,0.0,0.0,0.11057401833176353,0.0,0.0,0.0,0.0,0.0,0.0,0.0,0.0,0.0,0.0,0.0,0.0,0.0,0.0,0.0,0.0,0.0,0.0,0.0,0.15541077255019578,0.0,0.0,0.0,0.0,0.0,0.0,0.20324917080595226,0.0,0.0,0.0,0.0,0.0,0.0,0.0,0.25555396715779105,0.290867663027097,0.0,0.1469146240267819,0.0,0.143210338667585,0.0,0.0,0.2790520285113535,0.0,0.20058237471328186,0.0,0.2307712536808782,0.0,0.0,0.0,0.0,0.0,0.0,0.0,0.0,0.0,0.0,0.0,0.0,0.0,0.0,0.0,0.0,0.19641176650611444,0.0,0.13156306272954743,0.0,0.29455193919483624,0.0,0.0,0.0,0.0,0.0,0.0,0.1909408100829943,0.0,0.0,0.33710383501596763,0.0,0.0,0.0
bf20b92755cd5c2542cdcef804ee795932cc4b0e070ca6b81ff8fd30908a8f97,0.0,0.0,0.0,0.0,0.33944247464528504,0.0,0.0,0.0,0.0,0.0,0.0,0.0,0.12200282743876416,0.0,0.0,0.0,0.0,0.0,0.0,0.0,0.0,0.0,0.0,0.0,0.0,0.0,0.0,0.0,0.0,0.0,0.0,0.0,0.0,0.0,0.0,0.0,0.0,0.0,0.0,0.0,0.0,0.0,0.0,0.0,0.0,0.0,0.0,0.0,0.0,0.0,0.28924523497037696,0.0,0.0,0.0,0.0,0.0,0.0,0.0,0.0,0.0,0.1772379595131785,0.0,0.0,0.0,0.0,0.0,0.0,0.0,0.0,0.0,0.0,0.0,0.0,0.0,0.0,0.0,0.0,0.0,0.0,0.1061185758698031,0.0,0.0,0.0,0.0,0.0,0.0,0.0,0.0,0.0,0.0,0.0,0.0,0.0,0.0,0.0,0.0,0.0,0.0,0.0,0.14914868887527055,0.0,0.0,0.0,0.0,0.0,0.0,0.1950594984070524,0.0,0.0,0.0,0.0,0.0,0.0,0.0,0.0,0.27914751252326153,0.0,0.14099488208335426,0.0,0.13743985629281177,0.0,0.0,0.26780797429605574,0.0,0.1925001575441723,0.0,0.2214726132031063,0.0,0.0,0.0,0.0,0.0,0.0,0.0,0.0,0.0,0.0,0.0,0.0,0.0,0.3937725961425035,0.0,0.0,0.18849759880449063,0.0,0.0,0.0,0.2826833353678152,0.0,0.0,0.0,0.0,0.0,0.0,0.18324708776196585,0.0,0.0,0.3235206555016495,0.0,0.0,0.0
bfb9db791b8250ffa8ebc48295c5dbbca757a5ed3bbb01de12a871b5cd9afd5a,0.0,0.2001557891526109,0.23571428642713804,0.0,0.0,0.0,0.0,0.0,0.0,0.0,0.0,0.0,0.09347630855919367,0.0,0.0,0.0,0.0,0.0,0.0,0.0,0.0,0.0,0.0,0.0,0.0,0.0,0.0,0.0,0.0,0.0,0.0,0.0,0.0,0.0,0.0,0.0,0.0,0.0,0.0,0.0,0.0,0.0,0.0,0.0,0.0,0.2840801068173046,0.0,0.0,0.0,0.0,0.22161434616700315,0.0,0.0,0.0,0.0,0.0,0.0,0.0,0.0,0.0,0.13579644455511788,0.0,0.40999494860067415,0.18972331445803184,0.18072291045030764,0.0,0.0,0.15276786526701186,0.0,0.0,0.0,0.0,0.0,0.0,0.0,0.08886667524278306,0.0,0.0,0.0,0.08130608896623125,0.0,0.0,0.0,0.0,0.0,0.27506792374946226,0.0,0.0,0.0,0.0,0.0,0.0,0.0,0.0,0.0,0.0,0.0,0.0,0.0,0.0,0.0,0.0,0.1255267077427973,0.0,0.0,0.0,0.0,0.0,0.0,0.0,0.0,0.0,0.0,0.0,0.0,0.0,0.11679880287283928,0.1080276693546788,0.11879642365427485,0.10530387438443983,0.1255267077427973,0.0,0.20518951376332378,0.2803256033284794,0.0,0.0,0.0,0.0,0.0,0.0,0.0,0.0,0.0,0.0,0.0,0.0,0.0,0.0,0.0,0.0,0.0,0.0,0.0,0.0,0.2803256033284794,0.09673952565297754,0.19961957451304943,0.21658674012818915,0.0,0.0,0.0,0.0,0.0,0.0,0.1404005274124381,0.0,0.0,0.0,0.0,0.0,0.0
c2bd70495630ed8279de0713a010e5e55f3da29323b59ef71401b12942ba52f6,0.0,0.21146172072264843,0.0,0.0,0.0,0.0,0.0,0.0,0.0,0.0,0.0,0.0,0.09875637941032533,0.0,0.0,0.0,0.0,0.0,0.0,0.0,0.0,0.14432640332249203,0.0,0.0,0.0,0.0,0.0,0.0,0.0,0.0,0.0,0.0,0.0,0.0,0.1616740900194856,0.3482283678847534,0.0,0.0,0.0,0.0,0.0,0.0,0.0,0.0,0.0,0.0,0.0,0.0,0.0,0.0,0.23413237846229867,0.0,0.0,0.0,0.0,0.0,0.0,0.0,0.0,0.33695016500369634,0.1434669961594182,0.0,0.0,0.0,0.0,0.0,0.0,0.0,0.0,0.0,0.0,0.0,0.0,0.0,0.0,0.0,0.0,0.0,0.0,0.08589871694852112,0.0,0.0,0.0,0.0,0.0,0.0,0.0,0.0,0.0,0.0,0.0,0.0,0.0,0.0,0.0,0.0,0.0,0.0,0.0,0.0,0.0,0.0,0.13261716649975128,0.0,0.0,0.0,0.0,0.0,0.32429773421629976,0.0,0.0,0.0,0.0,0.0,0.1985254603309726,0.0,0.0,0.11412968340366245,0.0,0.0,0.13261716649975128,0.30653691997470495,0.21677977858313674,0.29615997965093876,0.0,0.0,0.0,0.0,0.2733630320829713,0.0,0.0,0.0,0.0,0.0,0.0,0.0,0.0,0.0,0.0,0.0,0.0,0.0,0.0,0.0,0.0,0.10220392147075988,0.0,0.22882078478527254,0.0,0.0,0.0,0.0,0.0,0.0,0.14833114366911757,0.0,0.0,0.0,0.0,0.0,0.0
c2cb62e9291d6dc8dc9fdf0064de10045eb7995c2e8b197ac9cddf7932a662b8,0.0,0.0,0.0,0.0,0.0,0.0,0.3141193791115608,0.0,0.0,0.0,0.0,0.0,0.11792332672305088,0.0,0.0,0.0,0.30467740158202056,0.23107617069116576,0.0,0.0,0.0,0.0,0.0,0.0,0.0,0.3113101310549537,0.0,0.0,0.0,0.0,0.0,0.0,0.0,0.0,0.0,0.0,0.0,0.0,0.0,0.0,0.0,0.0,0.0,0.0,0.0,0.0,0.0,0.0,0.0,0.2874713902596287,0.0,0.0,0.0,0.0,0.0,0.0,0.0,0.0,0.0,0.0,0.1713115199554684,0.31270285091978894,0.0,0.0,0.0,0.0,0.0,0.0,0.0,0.0,0.0,0.0,0.0,0.0,0.0,0.11210812815538038,0.0,0.0,0.0,0.0,0.0,0.0,0.0,0.0,0.0,0.0,0.0,0.0,0.24597470545230204,0.0,0.0,0.0,0.0,0.0,0.0,0.0,0.0,0.0,0.0,0.14416149148167115,0.0,0.0,0.0,0.0,0.0,0.0,0.0,0.0,0.0,0.0,0.0,0.0,0.0,0.0,0.23705590323621847,0.26981344624762704,0.14734539269180838,0.1362803296877579,0.14986545463808015,0.1328441759804397,0.1583559213856754,0.0,0.0,0.0,0.0,0.0,0.0,0.0,0.0,0.0,0.0,0.0,0.3021661523923375,0.0,0.0,0.0,0.0,0.0,0.0,0.0,0.0,0.0,0.0,0.0,0.0,0.12203997854049871,0.0,0.0,0.0,0.0,0.0,0.0,0.0,0.0,0.0,0.0,0.0,0.0,0.0,0.0,0.0
c2e4fce565a99e5bad9e3be74a940c4b272a0e1d89aa7cebacda30d0e58edd2a,0.0,0.0,0.0,0.0,0.0,0.0,0.0,0.0,0.0,0.0,0.0,0.0,0.0,0.0,0.0,0.0,0.0,0.0,0.0,0.0,0.0,0.0,0.0,0.0,0.0,0.0,0.0,0.0,0.0,0.0,0.0,0.0,0.0,0.0,0.346960457906147,0.0,0.0,0.0,0.0,0.0,0.0,0.0,0.0,0.0,0.0,0.0,0.0,0.0,0.0,0.0,0.0,0.0,0.0,0.0,0.0,0.0,0.0,0.0,0.0,0.0,0.30788714923889043,0.0,0.0,0.4301539014810349,0.0,0.0,0.0,0.3463659353266811,0.0,0.0,0.0,0.0,0.0,0.0,0.0,0.20148471038748994,0.0,0.0,0.0,0.1843428230362538,0.0,0.0,0.0,0.0,0.0,0.0,0.0,0.0,0.0,0.0,0.0,0.0,0.0,0.0,0.0,0.0,0.0,0.0,0.0,0.0,0.0,0.0,0.0,0.0,0.0,0.0,0.3388456573381492,0.0,0.0,0.0,0.0,0.0,0.0,0.0,0.0,0.0,0.0,0.2449278496612892,0.0,0.0,0.284602887261798,0.0,0.0,0.0,0.0,0.0,0.0,0.0,0.0,0.0,0.0,0.0,0.0,0.0,0.0,0.0,0.0,0.0,0.0,0.0,0.0,0.0,0.0,0.0,0.0,0.21933458471314032,0.0,0.0,0.0,0.0,0.0,0.0,0.0,0.0,0.31832584629347066,0.0,0.0,0.0,0.0,0.0,0.0
c8d9a9758516d5a8936bd3bc01a9997fb677ed1dc54081caa985883935ff092b,0.0,0.0,0.0,0.0,0.0,0.0,0.0,0.0,0.0,0.0,0.0,0.0,0.0,0.0,0.0,0.0,0.0,0.5405803754581913,0.0,0.0,0.0,0.0,0.0,0.0,0.0,0.0,0.0,0.0,0.0,0.0,0.0,0.0,0.0,0.0,0.0,0.0,0.0,0.0,0.0,0.0,0.0,0.0,0.0,0.0,0.0,0.0,0.0,0.0,0.0,0.0,0.0,0.0,0.0,0.0,0.0,0.0,0.0,0.0,0.0,0.0,0.40076674934003054,0.0,0.0,0.0,0.0,0.0,0.0,0.0,0.0,0.0,0.0,0.0,0.0,0.0,0.0,0.0,0.0,0.0,0.0,0.0,0.0,0.0,0.0,0.0,0.0,0.0,0.0,0.0,0.0,0.0,0.0,0.0,0.0,0.0,0.0,0.0,0.0,0.0,0.0,0.33725188087840335,0.0,0.0,0.37045837821636074,0.0,0.0,0.0,0.4410644385616428,0.0,0.0,0.0,0.0,0.0,0.0,0.0,0.0,0.0,0.0,0.3188146643153229,0.0,0.0,0.0,0.0,0.0,0.0,0.0,0.0,0.0,0.0,0.0,0.0,0.0,0.0,0.0,0.0,0.0,0.0,0.0,0.0,0.0,0.0,0.0,0.0,0.0,0.0,0.0,0.0,0.0,0.0,0.0,0.0,0.0,0.0,0.0,0.0,0.0,0.0,0.0,0.0,0.0,0.0,0.0
c9cdf462a12dc6e78757b7f1b3ad4fd9139cafd0b1e81d67d3d0141e2b09137e,0.0,0.0,0.0,0.0,0.0,0.0,0.0,0.0,0.0,0.0,0.21729396273577778,0.0,0.14153813996815975,0.0,0.0,0.0,0.0,0.0,0.0,0.0,0.0,0.2068493275728997,0.0,0.0,0.0,0.0,0.29751904712091237,0.0,0.0,0.0,0.0,0.0,0.0,0.0,0.23171211945028342,0.0,0.0,0.0,0.0,0.0,0.0,0.0,0.26005983183209674,0.0,0.2748638754436809,0.0,0.0,0.0,0.0,0.0,0.0,0.0,0.0,0.0,0.0,0.0,0.0,0.0,0.273038887679758,0.0,0.0,0.0,0.0,0.0,0.2736435037822539,0.0,0.0,0.0,0.0,0.0,0.0,0.0,0.0,0.0,0.0,0.13455841499189092,0.0,0.0,0.0,0.12311047342096021,0.0,0.0,0.0,0.0,0.0,0.0,0.0,0.0,0.0,0.0,0.0,0.0,0.0,0.0,0.0,0.0,0.0,0.0,0.0,0.17303064564377602,0.0,0.0,0.0,0.0,0.3228455183582488,0.0,0.0,0.0,0.0,0.0,0.0,0.0,0.0,0.0,0.0,0.0,0.0,0.16357123661846606,0.0,0.1594469736936189,0.0,0.0,0.0,0.0,0.22332362957780852,0.0,0.0,0.0,0.0,0.0,0.0,0.0,0.0,0.20290081652779496,0.0,0.0,0.0,0.0,0.0,0.0,0.0,0.0,0.2742518178655488,0.21868017392173214,0.0,0.1464791745991325,0.0,0.0,0.0,0.0,0.0,0.0,0.0,0.0,0.0,0.0,0.0,0.0,0.0,0.0,0.0
9aa89ac25459a7910489f306a1ad36af2c0ebe66a1eed7f749d53a8162b157b4,0.0,0.0,0.0,0.0,0.0,0.0,0.0,0.0,0.0,0.0,0.18213918531803236,0.0,0.11863947428938668,0.0,0.0,0.0,0.0,0.0,0.0,0.0,0.0,0.17338432938204895,0.0,0.0,0.0,0.0,0.24938510107201345,0.3931382653393346,0.0,0.0,0.0,0.0,0.0,0.0,0.19422470893177876,0.0,0.0,0.0,0.0,0.0,0.0,0.0,0.0,0.0,0.23039518317195354,0.0,0.0,0.0,0.0,0.0,0.0,0.0,0.0,0.0,0.0,0.0,0.0,0.0,0.22886544999229547,0.0,0.0,0.0,0.0,0.0,0.2293722486301972,0.45463050195006666,0.0,0.0,0.0,0.0,0.0,0.0,0.0,0.0,0.0,0.11278896006011024,0.0,0.0,0.0,0.10319311705993822,0.0,0.0,0.0,0.0,0.0,0.0,0.0,0.0,0.0,0.0,0.0,0.0,0.0,0.0,0.0,0.0,0.0,0.0,0.0,0.0,0.0,0.0,0.0,0.0,0.0,0.0,0.0,0.0,0.0,0.0,0.0,0.0,0.0,0.0,0.0,0.0,0.0,0.13710795920905303,0.15077558653139866,0.1336509377634897,0.15931761582617868,0.0,0.0,0.0,0.18719334601591633,0.0,0.0,0.0,0.0,0.0,0.0,0.0,0.0,0.17007462590055308,0.0,0.0,0.0,0.0,0.0,0.0,0.0,0.0,0.0,0.0,0.0,0.12278112650550406,0.0,0.0,0.0,0.0,0.0,0.34097434130531895,0.0,0.0,0.0,0.0,0.0,0.0,0.0,0.0,0.0
c21de9109580e03f0fc0a71c10bfe2923927eb0dfe748bea47d550f1fe7f1715,0.0,0.0,0.0,0.0,0.0,0.0,0.0,0.0,0.0,0.0,0.0,0.0,0.0,0.0,0.0,0.0,0.0,0.5256590876082348,0.0,0.0,0.0,0.0,0.0,0.0,0.0,0.0,0.0,0.0,0.0,0.0,0.0,0.0,0.0,0.0,0.0,0.0,0.0,0.0,0.0,0.0,0.0,0.0,0.0,0.0,0.0,0.0,0.0,0.0,0.0,0.0,0.0,0.0,0.0,0.0,0.0,0.0,0.0,0.0,0.0,0.0,0.38970464590624343,0.0,0.0,0.0,0.0,0.0,0.0,0.0,0.0,0.0,0.0,0.0,0.0,0.0,0.0,0.0,0.0,0.0,0.0,0.23332982475653868,0.0,0.0,0.0,0.0,0.0,0.0,0.0,0.0,0.0,0.0,0.0,0.0,0.0,0.0,0.0,0.0,0.0,0.0,0.0,0.32794293697110627,0.0,0.0,0.3602328570011129,0.0,0.0,0.0,0.4288900242711137,0.0,0.0,0.0,0.0,0.0,0.0,0.0,0.0,0.0,0.0,0.31001463088272907,0.0,0.0,0.0,0.0,0.0,0.0,0.0,0.0,0.0,0.0,0.0,0.0,0.0,0.0,0.0,0.0,0.0,0.0,0.0,0.0,0.0,0.0,0.0,0.0,0.0,0.0,0.0,0.0,0.0,0.0,0.0,0.0,0.0,0.0,0.0,0.0,0.0,0.0,0.0,0.0,0.0,0.0,0.0
c29c545819bf556787d920164c5ad6ae9da655c62fa6b9ac2614bea4823e208e,0.0,0.0,0.0,0.0,0.0,0.0,0.0,0.0,0.0,0.0,0.0,0.0,0.0,0.0,0.0,0.0,0.0,0.0,0.0,0.0,0.0,0.0,0.0,0.0,0.0,0.0,0.0,0.0,0.0,0.0,0.0,0.0,0.0,0.0,0.346960457906147,0.0,0.0,0.0,0.0,0.0,0.0,0.0,0.0,0.0,0.0,0.0,0.0,0.0,0.0,0.0,0.0,0.0,0.0,0.0,0.0,0.0,0.0,0.0,0.0,0.0,0.30788714923889043,0.0,0.0,0.4301539014810349,0.0,0.0,0.0,0.3463659353266811,0.0,0.0,0.0,0.0,0.0,0.0,0.0,0.20148471038748994,0.0,0.0,0.0,0.1843428230362538,0.0,0.0,0.0,0.0,0.0,0.0,0.0,0.0,0.0,0.0,0.0,0.0,0.0,0.0,0.0,0.0,0.0,0.0,0.0,0.0,0.0,0.0,0.0,0.0,0.0,0.0,0.3388456573381492,0.0,0.0,0.0,0.0,0.0,0.0,0.0,0.0,0.0,0.0,0.2449278496612892,0.0,0.0,0.284602887261798,0.0,0.0,0.0,0.0,0.0,0.0,0.0,0.0,0.0,0.0,0.0,0.0,0.0,0.0,0.0,0.0,0.0,0.0,0.0,0.0,0.0,0.0,0.0,0.0,0.21933458471314032,0.0,0.0,0.0,0.0,0.0,0.0,0.0,0.0,0.31832584629347066,0.0,0.0,0.0,0.0,0.0,0.0
c83bf900eb759e5de5c8b0697a101ce81573874a440ac07ae4ecbc56c4f69331,0.0,0.20164525078384604,0.23746835702911048,0.0,0.0,0.0,0.0,0.0,0.0,0.0,0.0,0.0,0.0,0.0,0.0,0.0,0.0,0.0,0.0,0.0,0.0,0.0,0.0,0.0,0.0,0.0,0.0,0.0,0.0,0.0,0.0,0.0,0.0,0.0,0.1541688600462504,0.0,0.0,0.0,0.0,0.0,0.0,0.0,0.0,0.0,0.0,0.286194092233829,0.0,0.0,0.0,0.0,0.2232634918996571,0.0,0.0,0.0,0.0,0.0,0.0,0.0,0.0,0.0,0.13680697537553185,0.0,0.41304593077574037,0.19113514270757867,0.18206776208882625,0.0,0.0,0.1539046891118991,0.0,0.0,0.0,0.0,0.0,0.0,0.0,0.08952797763943089,0.0,0.0,0.0,0.08191112917223127,0.0,0.0,0.0,0.0,0.0,0.2771148449009457,0.0,0.0,0.0,0.0,0.0,0.0,0.0,0.0,0.0,0.0,0.0,0.0,0.0,0.0,0.0,0.0,0.0,0.0,0.0,0.0,0.0,0.0,0.0,0.0,0.0,0.0,0.0,0.0,0.0,0.0,0.0,0.10883155851170373,0.11968044862157712,0.10608749438953716,0.1264608161973652,0.0,0.2067164339147526,0.282411649563656,0.0,0.0,0.0,0.0,0.0,0.0,0.0,0.0,0.0,0.0,0.0,0.0,0.0,0.0,0.0,0.0,0.0,0.0,0.0,0.0,0.282411649563656,0.09745941395745288,0.20110504589681225,0.21819847287207328,0.0,0.0,0.0,0.0,0.0,0.0,0.14144531956894454,0.0,0.0,0.0,0.0,0.0,0.0
c93a4492b65c992c3216d17f760df29b139edd3d7e8346861d7cdbd1072f72e9,0.0,0.0,0.0,0.0,0.0,0.0,0.0,0.0,0.0,0.0,0.0,0.0,0.0,0.0,0.0,0.0,0.0,0.0,0.0,0.0,0.0,0.0,0.0,0.0,0.0,0.0,0.3831447121611091,0.0,0.0,0.0,0.0,0.0,0.0,0.0,0.0,0.0,0.0,0.0,0.0,0.0,0.0,0.0,0.3349047745890401,0.0,0.3539694061925279,0.0,0.0,0.0,0.0,0.0,0.0,0.0,0.0,0.0,0.0,0.0,0.0,0.0,0.3516191888929221,0.0,0.0,0.0,0.0,0.0,0.0,0.0,0.0,0.0,0.0,0.0,0.0,0.0,0.0,0.0,0.0,0.0,0.0,0.29436416914038976,0.0,0.15854153661537523,0.0,0.0,0.0,0.0,0.0,0.0,0.0,0.0,0.0,0.0,0.0,0.0,0.0,0.0,0.0,0.0,0.0,0.0,0.0,0.2228286812618511,0.0,0.0,0.2447688406224747,0.0,0.0,0.0,0.0,0.0,0.0,0.0,0.0,0.0,0.0,0.0,0.0,0.0,0.0,0.0,0.0,0.20533564298481347,0.0,0.0,0.0,0.0,0.0,0.0,0.0,0.0,0.0,0.0,0.0,0.0,0.0,0.2612954555282713,0.0,0.0,0.0,0.0,0.0,0.0,0.0,0.0,0.3531811990949697,0.0,0.0,0.18863572511568674,0.0,0.0,0.0,0.0,0.0,0.0,0.0,0.0,0.0,0.0,0.0,0.0,0.0,0.0,0.0
c6960bb3329175489959ec95de0a83a3bd5f206f8cd7f46633e34a0227973d0e,0.0,0.0,0.0,0.0,0.0,0.0,0.0,0.0,0.0,0.0,0.0,0.0,0.0,0.0,0.0,0.0,0.0,0.5256590876082348,0.0,0.0,0.0,0.0,0.0,0.0,0.0,0.0,0.0,0.0,0.0,0.0,0.0,0.0,0.0,0.0,0.0,0.0,0.0,0.0,0.0,0.0,0.0,0.0,0.0,0.0,0.0,0.0,0.0,0.0,0.0,0.0,0.0,0.0,0.0,0.0,0.0,0.0,0.0,0.0,0.0,0.0,0.38970464590624343,0.0,0.0,0.0,0.0,0.0,0.0,0.0,0.0,0.0,0.0,0.0,0.0,0.0,0.0,0.0,0.0,0.0,0.0,0.23332982475653868,0.0,0.0,0.0,0.0,0.0,0.0,0.0,0.0,0.0,0.0,0.0,0.0,0.0,0.0,0.0,0.0,0.0,0.0,0.0,0.32794293697110627,0.0,0.0,0.3602328570011129,0.0,0.0,0.0,0.4288900242711137,0.0,0.0,0.0,0.0,0.0,0.0,0.0,0.0,0.0,0.0,0.31001463088272907,0.0,0.0,0.0,0.0,0.0,0.0,0.0,0.0,0.0,0.0,0.0,0.0,0.0,0.0,0.0,0.0,0.0,0.0,0.0,0.0,0.0,0.0,0.0,0.0,0.0,0.0,0.0,0.0,0.0,0.0,0.0,0.0,0.0,0.0,0.0,0.0,0.0,0.0,0.0,0.0,0.0,0.0,0.0
1ad82a4e7f70ad09c9ff67446d0bdd9a900e998c88888ed1509fa6a604ce2f4e,0.0,0.0,0.0,0.0,0.0,0.0,0.0,0.0,0.0,0.0,0.24460878814125422,0.0,0.15933011878234893,0.0,0.0,0.0,0.0,0.0,0.0,0.0,0.0,0.23285121550737597,0.0,0.0,0.0,0.0,0.3349185253420041,0.0,0.0,0.0,0.0,0.0,0.0,0.0,0.2608393718020363,0.0,0.0,0.0,0.0,0.0,0.0,0.0,0.0,0.0,0.3094154970050497,0.0,0.0,0.0,0.0,0.0,0.0,0.0,0.0,0.0,0.0,0.0,0.0,0.0,0.30736110009643136,0.0,0.0,0.0,0.0,0.0,0.0,0.0,0.0,0.0,0.0,0.0,0.0,0.0,0.0,0.0,0.0,0.1514730110812924,0.0,0.2573127340997158,0.0,0.13858601192530448,0.0,0.0,0.0,0.0,0.0,0.0,0.0,0.0,0.0,0.0,0.0,0.0,0.0,0.0,0.0,0.0,0.0,0.0,0.0,0.19478137362559128,0.0,0.0,0.21395993876193795,0.0,0.0,0.0,0.0,0.0,0.0,0.0,0.0,0.0,0.0,0.0,0.0,0.0,0.19908324817492307,0.0,0.0,0.17949017320564886,0.0,0.0,0.0,0.0,0.2513964111407854,0.0,0.28923311458826295,0.0,0.0,0.0,0.0,0.0,0.0,0.22840635891980546,0.0,0.0,0.0,0.0,0.0,0.0,0.0,0.0,0.0,0.0,0.0,0.1648922636207486,0.0,0.0,0.0,0.0,0.0,0.0,0.0,0.0,0.0,0.0,0.0,0.0,0.0,0.0,0.0
ca0ede290cb09f07579a8103a24d7de2b9c6de9fcf4474eb57258b20be63557e,0.0,0.0,0.0,0.0,0.0,0.0,0.0,0.0,0.0,0.0,0.0,0.0,0.3025734824854156,0.0,0.0,0.0,0.0,0.5929066252483304,0.0,0.0,0.0,0.0,0.0,0.0,0.0,0.0,0.0,0.0,0.0,0.0,0.0,0.0,0.0,0.0,0.0,0.0,0.0,0.0,0.0,0.0,0.0,0.0,0.5559435003859061,0.0,0.0,0.0,0.0,0.0,0.0,0.0,0.0,0.0,0.0,0.0,0.0,0.0,0.0,0.0,0.0,0.0,0.0,0.0,0.0,0.0,0.0,0.0,0.0,0.0,0.0,0.0,0.0,0.0,0.0,0.0,0.0,0.28765255945127666,0.0,0.0,0.0,0.0,0.0,0.0,0.0,0.0,0.0,0.0,0.0,0.0,0.0,0.0,0.0,0.0,0.0,0.0,0.0,0.0,0.0,0.0,0.0,0.0,0.0,0.0,0.0,0.0,0.0,0.0,0.0,0.0,0.0,0.0,0.0,0.0,0.0,0.0,0.0,0.0,0.0,0.0,0.0,0.0,0.40631742622373396,0.0,0.0,0.0,0.0,0.0,0.0,0.0,0.0,0.0,0.0,0.0,0.0,0.0,0.0,0.0,0.0,0.0,0.0,0.0,0.0,0.0,0.0,0.0,0.0,0.0,0.0,0.0,0.0,0.0,0.0,0.0,0.0,0.0,0.0,0.0,0.0,0.0,0.0,0.0,0.0
54868bd41bfff9eeba5eee485e56016d76c4845be7ebb2f819fb25f31cc4d036,0.0,0.0,0.0,0.0,0.0,0.0,0.0,0.0,0.0,0.0,0.24260408889380036,0.0,0.15802432363227745,0.0,0.0,0.0,0.0,0.0,0.0,0.0,0.4466789463402544,0.23094287582733639,0.0,0.0,0.0,0.0,0.0,0.0,0.0,0.0,0.0,0.0,0.0,0.0,0.0,0.0,0.0,0.0,0.0,0.0,0.0,0.0,0.29035127237390407,0.0,0.0,0.0,0.0,0.3296208438135137,0.0,0.0,0.0,0.0,0.0,0.0,0.0,0.0,0.0,0.0,0.0,0.0,0.0,0.0,0.0,0.0,0.0,0.0,0.0,0.0,0.0,0.0,0.0,0.0,0.0,0.0,0.0,0.15023160911192046,0.0,0.0,0.0,0.0,0.0,0.0,0.0,0.0,0.0,0.0,0.0,0.0,0.0,0.0,0.0,0.0,0.0,0.0,0.0,0.0,0.0,0.0,0.0,0.19318503656798824,0.0,0.0,0.21220642315245936,0.0,0.0,0.0,0.0,0.0,0.0,0.0,0.0,0.0,0.0,0.0,0.0,0.0,0.1974516549650893,0.18262380753444335,0.20082868897216327,0.17801915567645468,0.21220642315245936,0.0,0.0,0.0,0.0,0.0,0.2868626952277819,0.0,0.0,0.0,0.0,0.0,0.0,0.0,0.0,0.0,0.0,0.0,0.0,0.0,0.0,0.0,0.3061963230043525,0.0,0.0,0.0,0.0,0.0,0.0,0.0,0.0,0.0,0.0,0.0,0.0,0.0,0.0,0.0,0.0,0.0,0.0
cb4af8d6d57163b0322bd033b36379f805bdb59ec550049ea568cc0a7dfe52cd,0.0,0.2988219509129164,0.3519088966969536,0.0,0.0,0.0,0.0,0.0,0.0,0.0,0.0,0.0,0.0,0.0,0.0,0.0,0.0,0.0,0.0,0.0,0.0,0.0,0.0,0.0,0.0,0.0,0.0,0.0,0.0,0.0,0.0,0.0,0.0,0.0,0.0,0.0,0.0,0.0,0.0,0.0,0.0,0.0,0.0,0.0,0.0,0.0,0.0,0.0,0.0,0.0,0.0,0.0,0.0,0.0,0.0,0.0,0.0,0.0,0.0,0.0,0.20273687141798408,0.0,0.0,0.0,0.0,0.0,0.0,0.0,0.0,0.0,0.0,0.0,0.0,0.0,0.0,0.0,0.0,0.0,0.0,0.12138566777833038,0.0,0.0,0.0,0.0,0.0,0.41066178478459187,0.0,0.0,0.0,0.0,0.0,0.0,0.0,0.0,0.0,0.0,0.0,0.0,0.0,0.0,0.0,0.0,0.1874047003995382,0.0,0.0,0.0,0.22312236360668905,0.0,0.0,0.0,0.0,0.0,0.0,0.0,0.28054139141237117,0.0,0.0,0.16127956651070222,0.0,0.15721308544443133,0.1874047003995382,0.0,0.30633703411335633,0.41851122084501474,0.0,0.0,0.0,0.0,0.0,0.0,0.0,0.0,0.0,0.0,0.0,0.0,0.0,0.0,0.0,0.0,0.0,0.0,0.0,0.0,0.0,0.0,0.0,0.0,0.0,0.0,0.0,0.0,0.0,0.0,0.20961052232467933,0.0,0.0,0.0,0.0,0.0,0.0
1af129726e9594c9d809e9e06f0a693a81f079217d1fe13e616fd7b7702a7f5d,0.0,0.0,0.0,0.0,0.0,0.0,0.0,0.0,0.0,0.0,0.0,0.0,0.0,0.0,0.0,0.0,0.0,0.0,0.0,0.0,0.0,0.0,0.0,0.0,0.0,0.0,0.0,0.0,0.0,0.0,0.0,0.0,0.0,0.0,0.32457799903800144,0.0,0.0,0.0,0.0,0.0,0.0,0.0,0.0,0.0,0.0,0.0,0.0,0.0,0.0,0.0,0.0,0.0,0.0,0.0,0.0,0.0,0.0,0.0,0.0,0.0,0.28802531398694897,0.0,0.0,0.40240462404182903,0.0,0.0,0.0,0.32402182917821254,0.0,0.0,0.0,0.0,0.0,0.0,0.0,0.18848690864943685,0.0,0.0,0.0,0.17245084641405645,0.0,0.0,0.0,0.0,0.0,0.0,0.0,0.0,0.0,0.0,0.0,0.0,0.0,0.0,0.0,0.0,0.0,0.0,0.0,0.0,0.0,0.0,0.0,0.0,0.0,0.0,0.3169866851838284,0.0,0.0,0.0,0.0,0.0,0.0,0.0,0.0,0.0,0.24773116837455106,0.2291275260342376,0.25196813757271225,0.0,0.2662431224161574,0.0,0.0,0.0,0.0,0.0,0.0,0.0,0.0,0.0,0.0,0.0,0.0,0.0,0.0,0.0,0.0,0.0,0.0,0.0,0.0,0.0,0.0,0.0,0.0,0.20518528553844417,0.0,0.0,0.0,0.0,0.0,0.0,0.0,0.0,0.29779060949925784,0.0,0.0,0.0,0.0,0.0,0.0
9aecf5734ff36e456fd5a50650b083c1d521d36212c0a440ec6202fc00d14380,0.0,0.0,0.0,0.0,0.0,0.0,0.0,0.0,0.0,0.0,0.21724619474381285,0.0,0.14150702546940605,0.0,0.0,0.0,0.0,0.0,0.0,0.0,0.0,0.2068038556375866,0.0,0.0,0.0,0.0,0.0,0.0,0.0,0.0,0.0,0.0,0.0,0.0,0.0,0.0,0.0,0.0,0.0,0.0,0.0,0.0,0.0,0.2448255892035784,0.0,0.0,0.0,0.0,0.0,0.0,0.0,0.0,0.0,0.0,0.0,0.0,0.0,0.0,0.0,0.0,0.0,0.0,0.0,0.0,0.0,0.0,0.0,0.0,0.0,0.0,0.0,0.44935466180563344,0.0,0.0,0.0,0.13452883485443462,0.28651546451436155,0.2285290433228797,0.0,0.12308340989820453,0.0,0.0,0.0,0.0,0.0,0.0,0.0,0.0,0.0,0.0,0.0,0.0,0.0,0.0,0.0,0.0,0.0,0.0,0.0,0.1729926081097979,0.0,0.0,0.0,0.0,0.0,0.0,0.0,0.0,0.0,0.0,0.0,0.0,0.0,0.0,0.0,0.0,0.17681326346404422,0.16353527855769845,0.17983731714303408,0.0,0.1900258076451787,0.0,0.0,0.0,0.2232745360769632,0.0,0.0,0.0,0.0,0.0,0.0,0.0,0.0,0.2028562125983919,0.0,0.0,0.0,0.0,0.0,0.0,0.0,0.0,0.0,0.21863210119730267,0.0,0.0,0.0,0.0,0.0,0.0,0.0,0.4066965492599298,0.0,0.0,0.0,0.0,0.0,0.0,0.0,0.0,0.0
cc43fc18d6d1dc662ad747652cd961152ee13dbf2cea9bf75564f3e2e8ffd2e8,0.0,0.0,0.0,0.0,0.0,0.0,0.0,0.0,0.0,0.0,0.0,0.0,0.0,0.0,0.0,0.0,0.0,0.5405803754581913,0.0,0.0,0.0,0.0,0.0,0.0,0.0,0.0,0.0,0.0,0.0,0.0,0.0,0.0,0.0,0.0,0.0,0.0,0.0,0.0,0.0,0.0,0.0,0.0,0.0,0.0,0.0,0.0,0.0,0.0,0.0,0.0,0.0,0.0,0.0,0.0,0.0,0.0,0.0,0.0,0.0,0.0,0.40076674934003054,0.0,0.0,0.0,0.0,0.0,0.0,0.0,0.0,0.0,0.0,0.0,0.0,0.0,0.0,0.0,0.0,0.0,0.0,0.0,0.0,0.0,0.0,0.0,0.0,0.0,0.0,0.0,0.0,0.0,0.0,0.0,0.0,0.0,0.0,0.0,0.0,0.0,0.0,0.33725188087840335,0.0,0.0,0.37045837821636074,0.0,0.0,0.0,0.4410644385616428,0.0,0.0,0.0,0.0,0.0,0.0,0.0,0.0,0.0,0.0,0.3188146643153229,0.0,0.0,0.0,0.0,0.0,0.0,0.0,0.0,0.0,0.0,0.0,0.0,0.0,0.0,0.0,0.0,0.0,0.0,0.0,0.0,0.0,0.0,0.0,0.0,0.0,0.0,0.0,0.0,0.0,0.0,0.0,0.0,0.0,0.0,0.0,0.0,0.0,0.0,0.0,0.0,0.0,0.0,0.0
cdf45f57fd8885bea02e2fcaf7b3a13c3f8185827cee1ef348a22cb36c1886c0,0.0,0.0,0.0,0.0,0.0,0.0,0.0,0.0,0.0,0.0,0.21017961025302218,0.0,0.13690408477026406,0.0,0.0,0.0,0.0,0.0,0.0,0.0,0.0,0.20007693956613304,0.0,0.0,0.0,0.0,0.0,0.0,0.0,0.0,0.0,0.0,0.0,0.0,0.0,0.0,0.0,0.0,0.0,0.0,0.0,0.39573122045051135,0.0,0.23686190213575706,0.0,0.0,0.0,0.0,0.0,0.0,0.0,0.0,0.0,0.0,0.0,0.3828851418535893,0.0,0.0,0.0,0.0,0.0,0.0,0.0,0.0,0.0,0.0,0.0,0.0,0.0,0.0,0.0,0.0,0.0,0.0,0.0,0.13015288074823014,0.0,0.0,0.0,0.11907975258910428,0.0,0.0,0.0,0.0,0.0,0.0,0.0,0.0,0.0,0.0,0.0,0.0,0.0,0.0,0.0,0.0,0.0,0.0,0.0,0.16736550433966416,0.0,0.0,0.0,0.0,0.0,0.0,0.21888379692321328,0.0,0.0,0.0,0.0,0.0,0.0,0.39804946963142457,0.0,0.0,0.0,0.0,0.17398756866901824,0.15422657106998774,0.0,0.0,0.0,0.0,0.0,0.0,0.0,0.0,0.0,0.0,0.0,0.0,0.0,0.0,0.0,0.0,0.0,0.0,0.0,0.0,0.0,0.0,0.2652726263741381,0.0,0.0,0.14168334655880865,0.29236001690880525,0.0,0.0,0.0,0.0,0.0,0.0,0.0,0.20562863470897863,0.0,0.0,0.0,0.0,0.0,0.0
ce8a3474f1be9d750b5a5d5447e8f66b651d215799c1b5acb261296426542659,0.0,0.21941410663238448,0.2583939230329569,0.0,0.0,0.0,0.0,0.0,0.0,0.0,0.0,0.0,0.0,0.0,0.0,0.0,0.0,0.0,0.0,0.0,0.0,0.0,0.0,0.0,0.0,0.0,0.0,0.0,0.0,0.0,0.0,0.0,0.0,0.0,0.16775412545590704,0.0,0.0,0.0,0.0,0.0,0.0,0.0,0.18827720258527153,0.0,0.0,0.3114133401448917,0.0,0.0,0.0,0.0,0.24293733389883673,0.0,0.0,0.0,0.0,0.0,0.0,0.0,0.0,0.0,0.14886232215445594,0.0,0.0,0.20797785427732157,0.1981114616386374,0.0,0.0,0.16746667594081252,0.0,0.0,0.0,0.0,0.0,0.0,0.0,0.09741712812972184,0.0,0.0,0.0,0.08912908764630702,0.0,0.0,0.0,0.0,0.322866953803934,0.30153403510450416,0.0,0.0,0.0,0.0,0.0,0.0,0.0,0.0,0.0,0.0,0.0,0.0,0.0,0.0,0.0,0.0,0.0,0.0,0.0,0.0,0.0,0.0,0.0,0.0,0.0,0.0,0.0,0.0,0.20599135566212132,0.0,0.0,0.11842172871134406,0.13022661636507044,0.0,0.13760446577385954,0.0,0.22493215931109514,0.0,0.0,0.0,0.0,0.0,0.0,0.0,0.0,0.0,0.0,0.0,0.0,0.0,0.0,0.0,0.0,0.0,0.0,0.0,0.0,0.0,0.3072975909460482,0.10604747775246563,0.21882629922196337,0.0,0.0,0.0,0.0,0.0,0.0,0.0,0.15390939439392115,0.0,0.0,0.0,0.0,0.0,0.0
ce093ffa19f020a2b73719f653b5e0423df28ef1d59035d55e99154a85c5c668,0.0,0.22551176953790478,0.26557486077516756,0.0,0.0,0.0,0.0,0.0,0.0,0.0,0.0,0.0,0.0,0.0,0.0,0.0,0.0,0.0,0.0,0.0,0.0,0.0,0.0,0.0,0.0,0.0,0.0,0.0,0.0,0.0,0.0,0.0,0.0,0.0,0.0,0.0,0.0,0.0,0.0,0.0,0.0,0.0,0.0,0.0,0.0,0.3200677224981064,0.0,0.0,0.0,0.0,0.249688722822808,0.0,0.0,0.0,0.0,0.0,0.0,0.0,0.0,0.0,0.15299930438300358,0.0,0.0,0.21375769617837712,0.20361710997334675,0.0,0.0,0.17212068544579828,0.0,0.0,0.0,0.0,0.0,0.0,0.0,0.10012441444634032,0.0,0.0,0.0,0.09160604384518223,0.0,0.0,0.0,0.0,0.33183963964371493,0.0,0.0,0.0,0.0,0.0,0.0,0.0,0.0,0.0,0.0,0.0,0.0,0.0,0.0,0.0,0.0,0.0,0.0,0.0,0.0,0.0,0.0,0.0,0.0,0.0,0.0,0.0,0.0,0.0,0.2117159914549476,0.0,0.0,0.12171274674775763,0.13384570002431365,0.0,0.14142858473987024,0.32690400426118804,0.23118317254420423,0.0,0.0,0.0,0.0,0.0,0.0,0.0,0.0,0.0,0.0,0.0,0.0,0.0,0.0,0.0,0.0,0.0,0.0,0.0,0.0,0.0,0.3158375939113402,0.10899460718384084,0.22490762657141058,0.0,0.0,0.0,0.0,0.0,0.0,0.0,0.158186638092656,0.0,0.0,0.0,0.0,0.0,0.0
ce9676c8db6fac696d6db020b83b562906f876e12c440ee2f443921ed0cc7b42,0.0,0.2278811127926049,0.0,0.0,0.0,0.0,0.0,0.0,0.0,0.0,0.0,0.28611363513591825,0.10642452713657165,0.0,0.0,0.0,0.0,0.0,0.0,0.0,0.0,0.0,0.34947851694756243,0.0,0.37980108691401837,0.0,0.0,0.0,0.0,0.0,0.0,0.0,0.0,0.0,0.0,0.0,0.0,0.0,0.0,0.0,0.0,0.0,0.0,0.0,0.20667403130774378,0.0,0.0,0.22198951168328668,0.0,0.0,0.0,0.0,0.0,0.0,0.0,0.0,0.3279643111735675,0.0,0.0,0.0,0.0,0.0,0.0,0.0,0.0,0.0,0.0,0.0,0.0,0.0,0.0,0.0,0.0,0.0,0.0,0.10117637331520708,0.0,0.0,0.0,0.09256850430797357,0.0,0.0,0.0,0.0,0.0,0.0,0.0,0.0,0.0,0.0,0.0,0.0,0.0,0.0,0.0,0.0,0.0,0.0,0.0,0.13010418708990457,0.0,0.0,0.1429145065787252,0.0,0.0,0.0,0.1701527359428358,0.0,0.0,0.0,0.0,0.0,0.0,0.0,0.0,0.0,0.1329776235011263,0.12299152379832462,0.0,0.11989043223627294,0.1429145065787252,0.0,0.0,0.0,0.0,0.0,0.19319321222839503,0.0,0.0,0.0,0.0,0.0,0.0,0.0,0.0,0.0,0.0,0.0,0.0,0.0,0.0,0.0,0.20621381656740792,0.0,0.0,0.11013976088406187,0.0,0.0,0.0,0.0,0.0,0.0,0.0,0.0,0.0,0.37980108691401837,0.0,0.0,0.0,0.0,0.0
ce40058314b131a63ee248a85505ac02b9473c1032d7bfe63b081dc57171dd3f,0.0,0.0,0.0,0.0,0.0,0.0,0.0,0.0,0.0,0.0,0.0,0.0,0.0,0.0,0.0,0.0,0.0,0.5256590876082348,0.0,0.0,0.0,0.0,0.0,0.0,0.0,0.0,0.0,0.0,0.0,0.0,0.0,0.0,0.0,0.0,0.0,0.0,0.0,0.0,0.0,0.0,0.0,0.0,0.0,0.0,0.0,0.0,0.0,0.0,0.0,0.0,0.0,0.0,0.0,0.0,0.0,0.0,0.0,0.0,0.0,0.0,0.38970464590624343,0.0,0.0,0.0,0.0,0.0,0.0,0.0,0.0,0.0,0.0,0.0,0.0,0.0,0.0,0.0,0.0,0.0,0.0,0.23332982475653868,0.0,0.0,0.0,0.0,0.0,0.0,0.0,0.0,0.0,0.0,0.0,0.0,0.0,0.0,0.0,0.0,0.0,0.0,0.0,0.32794293697110627,0.0,0.0,0.3602328570011129,0.0,0.0,0.0,0.4288900242711137,0.0,0.0,0.0,0.0,0.0,0.0,0.0,0.0,0.0,0.0,0.31001463088272907,0.0,0.0,0.0,0.0,0.0,0.0,0.0,0.0,0.0,0.0,0.0,0.0,0.0,0.0,0.0,0.0,0.0,0.0,0.0,0.0,0.0,0.0,0.0,0.0,0.0,0.0,0.0,0.0,0.0,0.0,0.0,0.0,0.0,0.0,0.0,0.0,0.0,0.0,0.0,0.0,0.0,0.0,0.0
1b6a5b2f2a6c23f7fb1955fb3147c9860414f759aa9c3972f99b58a4bfeec55e,0.0,0.0,0.0,0.0,0.0,0.0,0.0,0.0,0.0,0.0,0.0,0.0,0.0,0.0,0.0,0.0,0.0,0.0,0.0,0.0,0.0,0.0,0.0,0.0,0.0,0.0,0.0,0.0,0.0,0.0,0.0,0.0,0.0,0.0,0.346960457906147,0.0,0.0,0.0,0.0,0.0,0.0,0.0,0.0,0.0,0.0,0.0,0.0,0.0,0.0,0.0,0.0,0.0,0.0,0.0,0.0,0.0,0.0,0.0,0.0,0.0,0.30788714923889043,0.0,0.0,0.4301539014810349,0.0,0.0,0.0,0.3463659353266811,0.0,0.0,0.0,0.0,0.0,0.0,0.0,0.20148471038748994,0.0,0.0,0.0,0.1843428230362538,0.0,0.0,0.0,0.0,0.0,0.0,0.0,0.0,0.0,0.0,0.0,0.0,0.0,0.0,0.0,0.0,0.0,0.0,0.0,0.0,0.0,0.0,0.0,0.0,0.0,0.0,0.3388456573381492,0.0,0.0,0.0,0.0,0.0,0.0,0.0,0.0,0.0,0.0,0.2449278496612892,0.0,0.0,0.284602887261798,0.0,0.0,0.0,0.0,0.0,0.0,0.0,0.0,0.0,0.0,0.0,0.0,0.0,0.0,0.0,0.0,0.0,0.0,0.0,0.0,0.0,0.0,0.0,0.0,0.21933458471314032,0.0,0.0,0.0,0.0,0.0,0.0,0.0,0.0,0.31832584629347066,0.0,0.0,0.0,0.0,0.0,0.0
cf5ec678a2f836f859eb983eb633d529c25771b3b7505e74aa695b7ca00f9fa8,0.0,0.17405566033511075,0.0,0.0,0.0,0.0,0.0,0.0,0.0,0.0,0.0,0.21853367786466799,0.08128708482947612,0.0,0.0,0.0,0.0,0.0,0.0,0.2646000184943805,0.22976987699180307,0.11879609864253472,0.0,0.0,0.0,0.0,0.0,0.0,0.0,0.0,0.0,0.0,0.0,0.0,0.13307510409568782,0.28662926941323674,0.0,0.0,0.0,0.0,0.0,0.0,0.0,0.0,0.0,0.0,0.0,0.0,0.0,0.0,0.1927160414651858,0.0,0.0,0.0,0.0,0.0,0.0,0.0,0.0,0.2773460996596413,0.11808871443723103,0.0,0.0,0.0,0.0,0.0,0.0,0.0,0.0,0.0,0.0,0.0,0.0,0.0,0.0,0.07727854341187651,0.0,0.0,0.0,0.07070385055659051,0.0,0.0,0.0,0.0,0.0,0.0,0.0,0.0,0.0,0.0,0.0,0.0,0.0,0.0,0.0,0.0,0.0,0.0,0.0,0.09937361599996103,0.0,0.0,0.10915814175730046,0.3019526544123285,0.0,0.0,0.0,0.0,0.2669317930512456,0.0,0.0,0.0,0.0,0.0,0.1634077315419213,0.18598821032901677,0.10156834756791387,0.09394096170586008,0.0,0.0,0.10915814175730046,0.2523127393504359,0.17843299193651996,0.24377140527758917,0.0,0.0,0.0,0.0,0.22500707408323653,0.0,0.0,0.0,0.0,0.0,0.0,0.0,0.0,0.0,0.0,0.0,0.0,0.0,0.0,0.0,0.0,0.08412478144809507,0.0,0.18834403057958837,0.0,0.0,0.0,0.0,0.0,0.0,0.1220924291704453,0.0,0.0,0.0,0.0,0.0,0.0
d0db9cddc41614fb5ce91b4d5ad6d059429cdb67d41954a0acf4f01b84ecf6ce,0.0,0.0,0.0,0.0,0.0,0.0,0.0,0.0,0.0,0.0,0.0,0.0,0.0,0.0,0.0,0.0,0.0,0.0,0.0,0.0,0.0,0.0,0.0,0.0,0.0,0.0,0.0,0.0,0.0,0.0,0.0,0.0,0.0,0.0,0.346960457906147,0.0,0.0,0.0,0.0,0.0,0.0,0.0,0.0,0.0,0.0,0.0,0.0,0.0,0.0,0.0,0.0,0.0,0.0,0.0,0.0,0.0,0.0,0.0,0.0,0.0,0.30788714923889043,0.0,0.0,0.4301539014810349,0.0,0.0,0.0,0.3463659353266811,0.0,0.0,0.0,0.0,0.0,0.0,0.0,0.20148471038748994,0.0,0.0,0.0,0.1843428230362538,0.0,0.0,0.0,0.0,0.0,0.0,0.0,0.0,0.0,0.0,0.0,0.0,0.0,0.0,0.0,0.0,0.0,0.0,0.0,0.0,0.0,0.0,0.0,0.0,0.0,0.0,0.3388456573381492,0.0,0.0,0.0,0.0,0.0,0.0,0.0,0.0,0.0,0.0,0.2449278496612892,0.0,0.0,0.284602887261798,0.0,0.0,0.0,0.0,0.0,0.0,0.0,0.0,0.0,0.0,0.0,0.0,0.0,0.0,0.0,0.0,0.0,0.0,0.0,0.0,0.0,0.0,0.0,0.0,0.21933458471314032,0.0,0.0,0.0,0.0,0.0,0.0,0.0,0.0,0.31832584629347066,0.0,0.0,0.0,0.0,0.0,0.0
d2c2702cb2dd37133f15a9e2ea360073c5ac9eb6b2664977a2e21266985ea224,0.0,0.0,0.0,0.0,0.0,0.0,0.0,0.0,0.0,0.0,0.0,0.0,0.0,0.0,0.0,0.0,0.0,0.0,0.0,0.0,0.0,0.0,0.0,0.0,0.0,0.0,0.0,0.0,0.0,0.0,0.0,0.0,0.0,0.0,0.3350210014409721,0.0,0.0,0.0,0.0,0.0,0.0,0.0,0.0,0.0,0.0,0.0,0.0,0.0,0.0,0.0,0.0,0.0,0.0,0.0,0.0,0.0,0.0,0.0,0.0,0.0,0.297292266938156,0.0,0.0,0.41535162743790116,0.0,0.0,0.0,0.33444693732094544,0.0,0.0,0.0,0.0,0.0,0.0,0.0,0.19455130378955268,0.0,0.0,0.0,0.17799929581245658,0.0,0.0,0.0,0.0,0.0,0.0,0.0,0.0,0.0,0.0,0.0,0.0,0.0,0.0,0.0,0.0,0.0,0.0,0.0,0.0,0.0,0.0,0.0,0.0,0.0,0.0,0.32718544395643656,0.0,0.0,0.0,0.0,0.0,0.0,0.0,0.0,0.0,0.0,0.23649949613712223,0.26007498361262454,0.0,0.2748092531317541,0.0,0.0,0.0,0.0,0.0,0.0,0.0,0.0,0.0,0.0,0.0,0.0,0.0,0.0,0.0,0.0,0.0,0.0,0.0,0.0,0.0,0.0,0.0,0.0,0.21178693579287597,0.0,0.0,0.0,0.0,0.0,0.0,0.0,0.0,0.3073717519667076,0.0,0.0,0.0,0.0,0.0,0.0
b9689ae1336839dcea078f89cd37596f2c52fe818915db19064d7dfbf08abe54,0.0,0.0,0.0,0.0,0.0,0.0,0.0,0.0,0.0,0.0,0.2598424556374728,0.0,0.1692528287148379,0.0,0.0,0.0,0.0,0.0,0.0,0.0,0.0,0.2473526486737155,0.0,0.0,0.0,0.0,0.35577647362813714,0.0,0.0,0.0,0.0,0.0,0.0,0.0,0.0,0.0,0.0,0.0,0.0,0.0,0.0,0.0,0.0,0.0,0.32868517588850105,0.0,0.0,0.0,0.0,0.0,0.0,0.0,0.0,0.0,0.0,0.0,0.0,0.0,0.32650283590944373,0.0,0.0,0.0,0.0,0.0,0.0,0.0,0.0,0.0,0.0,0.0,0.0,0.0,0.0,0.0,0.0,0.16090639858546882,0.0,0.2733375738595792,0.0,0.1472168270376296,0.0,0.0,0.0,0.0,0.0,0.0,0.0,0.0,0.0,0.0,0.0,0.0,0.0,0.0,0.0,0.0,0.0,0.0,0.0,0.2069119054139892,0.0,0.0,0.0,0.0,0.0,0.0,0.0,0.0,0.0,0.0,0.0,0.0,0.0,0.0,0.0,0.0,0.21148169072398065,0.0,0.0,0.19066840452853398,0.0,0.0,0.0,0.0,0.2670527960407828,0.0,0.30724588154571547,0.0,0.0,0.0,0.0,0.0,0.0,0.242630976736059,0.0,0.0,0.0,0.0,0.0,0.0,0.0,0.0,0.0,0.0,0.0,0.1751613710219379,0.0,0.0,0.0,0.0,0.0,0.0,0.0,0.0,0.0,0.0,0.0,0.0,0.0,0.0,0.0
d3e5092f8a81208947a4e9bd1b397d7a681802316d148f950c4184efa1946e31,0.0,0.0,0.0,0.0,0.0,0.0,0.0,0.0,0.0,0.0,0.0,0.0,0.0,0.0,0.0,0.0,0.0,0.0,0.0,0.0,0.0,0.0,0.0,0.0,0.0,0.0,0.0,0.0,0.0,0.0,0.0,0.0,0.0,0.0,0.346960457906147,0.0,0.0,0.0,0.0,0.0,0.0,0.0,0.0,0.0,0.0,0.0,0.0,0.0,0.0,0.0,0.0,0.0,0.0,0.0,0.0,0.0,0.0,0.0,0.0,0.0,0.30788714923889043,0.0,0.0,0.4301539014810349,0.0,0.0,0.0,0.3463659353266811,0.0,0.0,0.0,0.0,0.0,0.0,0.0,0.20148471038748994,0.0,0.0,0.0,0.1843428230362538,0.0,0.0,0.0,0.0,0.0,0.0,0.0,0.0,0.0,0.0,0.0,0.0,0.0,0.0,0.0,0.0,0.0,0.0,0.0,0.0,0.0,0.0,0.0,0.0,0.0,0.0,0.3388456573381492,0.0,0.0,0.0,0.0,0.0,0.0,0.0,0.0,0.0,0.0,0.2449278496612892,0.0,0.0,0.284602887261798,0.0,0.0,0.0,0.0,0.0,0.0,0.0,0.0,0.0,0.0,0.0,0.0,0.0,0.0,0.0,0.0,0.0,0.0,0.0,0.0,0.0,0.0,0.0,0.0,0.21933458471314032,0.0,0.0,0.0,0.0,0.0,0.0,0.0,0.0,0.31832584629347066,0.0,0.0,0.0,0.0,0.0,0.0
d3fd49f8f42fa571209af568a65119433e114bb66da21eda12b96a16b5ebfe21,0.0,0.0,0.0,0.0,0.0,0.574252511018251,0.0,0.0,0.0,0.0,0.3168697562285398,0.0,0.2063985365451078,0.0,0.0,0.0,0.0,0.0,0.0,0.0,0.0,0.0,0.0,0.0,0.0,0.0,0.0,0.0,0.0,0.0,0.0,0.0,0.0,0.0,0.3378950886670008,0.0,0.0,0.0,0.0,0.0,0.0,0.0,0.37923324918913376,0.0,0.0,0.0,0.0,0.0,0.0,0.0,0.0,0.0,0.0,0.0,0.0,0.0,0.0,0.0,0.0,0.0,0.0,0.0,0.0,0.0,0.0,0.0,0.0,0.0,0.0,0.0,0.0,0.0,0.0,0.0,0.0,0.0,0.0,0.0,0.0,0.0,0.0,0.0,0.0,0.0,0.0,0.0,0.0,0.0,0.0,0.0,0.0,0.0,0.0,0.0,0.0,0.0,0.0,0.0,0.0,0.252322603973491,0.0,0.0,0.0,0.0,0.0,0.0,0.0,0.0,0.0,0.0,0.0,0.0,0.0,0.0,0.0,0.0,0.0,0.0,0.0,0.0,0.0,0.0,0.0,0.0,0.0,0.0,0.0,0.0,0.0,0.0,0.0,0.0,0.0,0.0,0.0,0.0,0.0,0.0,0.0,0.0,0.0,0.0,0.39992876736276567,0.0,0.0,0.2136038192843108,0.0,0.0,0.0,0.0,0.0,0.0,0.0,0.0,0.0,0.0,0.0,0.0,0.0,0.0,0.0
d4ab320cfff425eaafe322870539f5c16bfe1be83103ac093f21c1ac5f41e3b6,0.0,0.0,0.0,0.0,0.33477029761054905,0.0,0.0,0.0,0.0,0.0,0.0,0.0,0.12032354788151985,0.0,0.0,0.0,0.0,0.0,0.0,0.0,0.0,0.0,0.0,0.0,0.0,0.0,0.0,0.0,0.0,0.0,0.0,0.0,0.0,0.0,0.0,0.0,0.0,0.0,0.0,0.0,0.0,0.0,0.0,0.0,0.0,0.0,0.0,0.0,0.0,0.0,0.28526398617218923,0.0,0.0,0.0,0.0,0.0,0.0,0.0,0.0,0.0,0.17479840882057213,0.0,0.0,0.0,0.0,0.0,0.0,0.19664417470628706,0.0,0.0,0.0,0.0,0.0,0.0,0.0,0.0,0.0,0.0,0.0,0.10465793140079287,0.0,0.0,0.0,0.0,0.0,0.0,0.0,0.0,0.0,0.0,0.0,0.0,0.0,0.0,0.0,0.0,0.0,0.0,0.0,0.1470957664186681,0.0,0.0,0.0,0.0,0.0,0.0,0.1923746472851741,0.0,0.0,0.0,0.0,0.0,0.0,0.0,0.0,0.27530525147835916,0.0,0.13905419080488787,0.0,0.13554809734043047,0.0,0.37348078157848824,0.2641217936890686,0.0,0.18985053387465128,0.0,0.2184242049026665,0.0,0.0,0.0,0.0,0.0,0.0,0.0,0.0,0.0,0.0,0.0,0.0,0.0,0.0,0.0,0.0,0.18590306742429866,0.0,0.0,0.0,0.27879240631131386,0.0,0.0,0.0,0.0,0.0,0.0,0.18072482582047375,0.0,0.0,0.3190676306452962,0.0,0.0,0.0
d7d50f809a7808ca53c4430d484bb100aaf9c74c6c12080ff888b8c04212f405,0.0,0.0,0.0,0.0,0.0,0.0,0.0,0.0,0.0,0.0,0.0,0.0,0.0,0.0,0.0,0.0,0.0,0.5256590876082348,0.0,0.0,0.0,0.0,0.0,0.0,0.0,0.0,0.0,0.0,0.0,0.0,0.0,0.0,0.0,0.0,0.0,0.0,0.0,0.0,0.0,0.0,0.0,0.0,0.0,0.0,0.0,0.0,0.0,0.0,0.0,0.0,0.0,0.0,0.0,0.0,0.0,0.0,0.0,0.0,0.0,0.0,0.38970464590624343,0.0,0.0,0.0,0.0,0.0,0.0,0.0,0.0,0.0,0.0,0.0,0.0,0.0,0.0,0.0,0.0,0.0,0.0,0.23332982475653868,0.0,0.0,0.0,0.0,0.0,0.0,0.0,0.0,0.0,0.0,0.0,0.0,0.0,0.0,0.0,0.0,0.0,0.0,0.0,0.32794293697110627,0.0,0.0,0.3602328570011129,0.0,0.0,0.0,0.4288900242711137,0.0,0.0,0.0,0.0,0.0,0.0,0.0,0.0,0.0,0.0,0.31001463088272907,0.0,0.0,0.0,0.0,0.0,0.0,0.0,0.0,0.0,0.0,0.0,0.0,0.0,0.0,0.0,0.0,0.0,0.0,0.0,0.0,0.0,0.0,0.0,0.0,0.0,0.0,0.0,0.0,0.0,0.0,0.0,0.0,0.0,0.0,0.0,0.0,0.0,0.0,0.0,0.0,0.0,0.0,0.0
d50b23e12c661bb78fa3cb317e679fabc4178600048572368bec173a520e4aaf,0.0,0.0,0.0,0.0,0.0,0.0,0.0,0.0,0.0,0.0,0.0,0.0,0.0,0.0,0.0,0.0,0.0,0.5256590876082348,0.0,0.0,0.0,0.0,0.0,0.0,0.0,0.0,0.0,0.0,0.0,0.0,0.0,0.0,0.0,0.0,0.0,0.0,0.0,0.0,0.0,0.0,0.0,0.0,0.0,0.0,0.0,0.0,0.0,0.0,0.0,0.0,0.0,0.0,0.0,0.0,0.0,0.0,0.0,0.0,0.0,0.0,0.38970464590624343,0.0,0.0,0.0,0.0,0.0,0.0,0.0,0.0,0.0,0.0,0.0,0.0,0.0,0.0,0.0,0.0,0.0,0.0,0.23332982475653868,0.0,0.0,0.0,0.0,0.0,0.0,0.0,0.0,0.0,0.0,0.0,0.0,0.0,0.0,0.0,0.0,0.0,0.0,0.0,0.32794293697110627,0.0,0.0,0.3602328570011129,0.0,0.0,0.0,0.4288900242711137,0.0,0.0,0.0,0.0,0.0,0.0,0.0,0.0,0.0,0.0,0.31001463088272907,0.0,0.0,0.0,0.0,0.0,0.0,0.0,0.0,0.0,0.0,0.0,0.0,0.0,0.0,0.0,0.0,0.0,0.0,0.0,0.0,0.0,0.0,0.0,0.0,0.0,0.0,0.0,0.0,0.0,0.0,0.0,0.0,0.0,0.0,0.0,0.0,0.0,0.0,0.0,0.0,0.0,0.0,0.0
d56e5fd63229d155f3490e40ed3b77a5c5b7ede955ed8af77c0434056bb5087c,0.0,0.0,0.0,0.0,0.0,0.0,0.3121878603572922,0.0,0.0,0.0,0.0,0.0,0.11719821667802426,0.0,0.0,0.0,0.30280394150826784,0.2296552842797099,0.0,0.0,0.0,0.0,0.0,0.0,0.0,0.30939588635528836,0.0,0.0,0.0,0.0,0.0,0.0,0.0,0.0,0.0,0.0,0.0,0.0,0.0,0.0,0.0,0.0,0.0,0.0,0.0,0.0,0.0,0.0,0.0,0.28570372987785725,0.0,0.0,0.0,0.0,0.0,0.0,0.0,0.0,0.0,0.0,0.1702581261325463,0.31078004239147355,0.0,0.0,0.0,0.0,0.0,0.0,0.0,0.0,0.0,0.0,0.0,0.0,0.0,0.11141877574213382,0.0,0.0,0.0,0.0,0.0,0.0,0.0,0.0,0.0,0.0,0.0,0.0,0.24446220801263252,0.0,0.0,0.0,0.0,0.0,0.0,0.0,0.0,0.0,0.0,0.0,0.0,0.0,0.0,0.0,0.0,0.0,0.0,0.0,0.0,0.0,0.0,0.0,0.0,0.0,0.2355982474742407,0.26815436449006363,0.14643936648564354,0.13544234250793374,0.1489439325815004,0.13202731769545484,0.15738219148441612,0.0,0.0,0.0,0.0,0.0,0.0,0.0,0.0,0.0,0.0,0.0,0.30030813397939615,0.0,0.0,0.0,0.0,0.0,0.0,0.0,0.0,0.0,0.0,0.1810743479618472,0.0,0.12128955522058697,0.0,0.0,0.0,0.0,0.0,0.0,0.0,0.0,0.0,0.0,0.0,0.0,0.0,0.0,0.0
d65fa9ed1220cfa12d22239ca62a4b5978bb613090fc1dcb0cccdf191151d125,0.0,0.20140077902769263,0.237180453862296,0.0,0.0,0.0,0.0,0.0,0.0,0.0,0.0,0.0,0.09405774094348249,0.0,0.0,0.0,0.0,0.18431046006805954,0.0,0.0,0.0,0.13745963082150223,0.0,0.0,0.0,0.0,0.0,0.0,0.0,0.0,0.0,0.0,0.0,0.0,0.0,0.331660332337491,0.0,0.0,0.0,0.0,0.0,0.0,0.0,0.0,0.0,0.0,0.0,0.19619379614703147,0.0,0.0,0.22299281050380237,0.0,0.2703255088996911,0.0,0.0,0.0,0.0,0.0,0.0,0.0,0.13664111259724138,0.0,0.0,0.19090341325291157,0.1818470257939532,0.0,0.0,0.0,0.0,0.0,0.0,0.0,0.0,0.0,0.0,0.08941943522728235,0.0,0.0,0.0,0.0818118213158875,0.0,0.0,0.0,0.0,0.2963604164583503,0.276778874911443,0.0,0.0,0.0,0.0,0.0,0.0,0.0,0.0,0.0,0.0,0.0,0.0,0.0,0.0,0.0,0.0,0.0,0.0,0.0,0.0,0.0,0.0,0.0,0.0,0.0,0.0,0.0,0.0,0.1890800010084606,0.0,0.0,0.10869961272011755,0.11953534979411648,0.10595887546120382,0.12630749695131213,0.0,0.20646581393025776,0.2820692578055629,0.0,0.0,0.0,0.0,0.0,0.0,0.0,0.0,0.0,0.0,0.0,0.0,0.0,0.0,0.0,0.0,0.0,0.0,0.0,0.0,0.0,0.09734125558778514,0.0,0.0,0.0,0.0,0.0,0.0,0.0,0.0,0.14127383332991694,0.0,0.0,0.24941735076027702,0.0,0.0,0.0
d91f951bdcf35012ac6b47c28cf32ec143e4269243d8c229f6cb326fd343df95,0.0,0.0,0.0,0.0,0.0,0.0,0.0,0.0,0.0,0.0,0.0,0.0,0.0,0.0,0.0,0.0,0.0,0.0,0.0,0.0,0.0,0.0,0.0,0.0,0.0,0.0,0.0,0.0,0.0,0.0,0.0,0.0,0.0,0.0,0.0,0.0,0.0,0.0,0.0,0.0,0.0,0.0,0.0,0.0,0.0,0.0,0.0,0.0,0.0,0.0,0.0,0.0,0.0,0.0,0.0,0.0,0.0,0.0,0.0,0.0,0.0,0.0,0.0,0.0,0.0,0.0,0.0,0.4479809832035439,0.0,0.0,0.0,0.0,0.0,0.0,0.0,0.0,0.0,0.0,0.0,0.23842436766308772,0.0,0.0,0.0,0.0,0.0,0.0,0.0,0.0,0.0,0.0,0.0,0.0,0.0,0.0,0.0,0.0,0.0,0.0,0.0,0.0,0.0,0.0,0.3680982113262868,0.0,0.0,0.0,0.0,0.0,0.0,0.0,0.0,0.0,0.0,0.0,0.0,0.0,0.0,0.31678351625920415,0.3483621282308944,0.3087961797425891,0.3680982113262868,0.0,0.0,0.0,0.0,0.0,0.0,0.0,0.0,0.0,0.0,0.0,0.0,0.39295193605134277,0.0,0.0,0.0,0.0,0.0,0.0,0.0,0.0,0.0,0.0,0.0,0.0,0.0,0.0,0.0,0.0,0.0,0.0,0.0,0.0,0.0,0.0,0.0,0.0,0.0,0.0,0.0
d173fdd600b0577f376067d758da1ccfa63daba40f5f9cbd1e0c14c13df739e4,0.0,0.0,0.0,0.0,0.0,0.0,0.0,0.0,0.0,0.0,0.17901006325314756,0.0,0.11660126710120232,0.0,0.0,0.0,0.0,0.0,0.0,0.0,0.0,0.17040561434153034,0.0,0.0,0.0,0.0,0.0,0.0,0.0,0.0,0.0,0.0,0.0,0.0,0.0,0.0,0.496484286000012,0.0,0.0,0.0,0.0,0.0,0.0,0.20173538257369109,0.0,0.0,0.0,0.0,0.28632293338722387,0.0,0.0,0.0,0.0,0.0,0.0,0.0,0.0,0.0,0.2249335781756393,0.0,0.0,0.0,0.0,0.0,0.22543167009402024,0.0,0.0,0.19056086977588918,0.0,0.0,0.0,0.0,0.0,0.0,0.0,0.11085126377041149,0.0,0.0,0.0,0.10142027581782619,0.0,0.0,0.0,0.0,0.0,0.0,0.0,0.0,0.0,0.0,0.0,0.0,0.0,0.0,0.0,0.0,0.0,0.0,0.0,0.0,0.0,0.0,0.15658056467413764,0.0,0.0,0.0,0.0,0.0,0.0,0.0,0.0,0.0,0.0,0.0,0.0,0.0,0.0,0.1347524664045626,0.14818528607607628,0.13135483603437495,0.15658056467413764,0.0,0.0,0.0,0.1839773942788135,0.0,0.0,0.0,0.0,0.0,0.0,0.0,0.0,0.16715277103635565,0.0,0.0,0.0,0.3673913463268027,0.0,0.0,0.0,0.0,0.0,0.0,0.0,0.0,0.24900315047940755,0.0,0.0,0.0,0.0,0.0,0.0,0.0,0.1751339954508425,0.0,0.0,0.0,0.0,0.0,0.0
d460a39b8a903a1d6a559515723fd55c7ed0a4c06fbce1635fc8e21662250f9e,0.0,0.0,0.0,0.0,0.0,0.0,0.0,0.0,0.0,0.0,0.11913294726133004,0.0,0.07759928325664979,0.0,0.0,0.0,0.0,0.0,0.0,0.0,0.0,0.11340660238567414,0.25482173290679844,0.0,0.0,0.0,0.0,0.0,0.0,0.0,0.0,0.0,0.0,0.0,0.0,0.0,0.0,0.0,0.0,0.0,0.0,0.0,0.14257963654570674,0.13425686945269094,0.0,0.0,0.0,0.0,0.0,0.0,0.0,0.3525248025210284,0.0,0.0,0.0,0.0,0.0,0.0,0.0,0.0,0.0,0.0,0.0,0.0,0.15002698047408378,0.29736309360140273,0.0,0.12682012193348027,0.0,0.0,0.26756054548733876,0.0,0.0,0.0,0.0,0.07377259982270866,0.0,0.0,0.0,0.06749618513428567,0.0,0.0,0.0,0.0,0.0,0.2283474182801768,0.0,0.0,0.1618633172314761,0.0,0.0,0.0,0.0,0.0,0.0,0.0,0.0,0.0,0.0,0.0,0.0,0.0,0.0,0.0,0.0,0.0,0.0,0.0,0.0,0.0,0.0,0.0,0.0,0.0,0.0,0.0,0.09696043337470492,0.08967908385578784,0.09861875667873042,0.08741792762608107,0.0,0.0,0.17033791176864324,0.0,0.12243875462408917,0.0,0.0,0.0,0.21479903865618288,0.0,0.0,0.0,0.0,0.11124180336330447,0.0,0.0,0.3525248025210284,0.0,0.0,0.0,0.0,0.0,0.15036049295961756,0.0,0.0,0.0803082403334916,0.0,0.17979931017706768,0.0,0.0,0.34035698072215065,0.0,0.0,0.0,0.11655338624290652,0.0,0.0,0.0,0.0,0.0,0.0
9bb8cdc427b0a4da39b2d80146810b01f9095a0a00111b0acd964c63c68f6cdd,0.0,0.0,0.0,0.0,0.0,0.0,0.31128386894892873,0.0,0.0,0.0,0.0,0.0,0.11685884992356046,0.0,0.0,0.0,0.30192712278370637,0.22899027954942822,0.0,0.0,0.0,0.0,0.0,0.0,0.0,0.30849997956785574,0.0,0.0,0.0,0.0,0.0,0.0,0.0,0.0,0.0,0.0,0.0,0.0,0.0,0.0,0.0,0.0,0.0,0.0,0.0,0.0,0.0,0.0,0.0,0.2848764276347419,0.0,0.0,0.0,0.0,0.0,0.0,0.0,0.0,0.0,0.0,0.1697651156642605,0.3098801275520843,0.0,0.0,0.0,0.0,0.0,0.0,0.0,0.0,0.0,0.0,0.0,0.0,0.0,0.11109614431153947,0.0,0.0,0.0,0.0,0.0,0.0,0.0,0.0,0.0,0.0,0.0,0.0,0.2437543273940202,0.0,0.0,0.0,0.0,0.0,0.0,0.0,0.0,0.0,0.0,0.14286016656719874,0.0,0.0,0.0,0.0,0.0,0.0,0.0,0.0,0.0,0.0,0.0,0.0,0.0,0.0,0.23491603391443588,0.267377879327134,0.14601532716202056,0.13505014687990496,0.14851264087391305,0.1316450108346776,0.15692646540727626,0.0,0.0,0.0,0.0,0.0,0.0,0.0,0.0,0.0,0.0,0.0,0.2994385422769247,0.0,0.0,0.0,0.0,0.0,0.0,0.0,0.0,0.0,0.0,0.18055001734039003,0.0,0.0,0.0,0.0,0.0,0.0,0.0,0.0,0.0,0.0,0.0,0.0,0.0,0.0,0.0,0.0,0.0
d781282fe08b3d2d77182bd1a51f54027f259ef44425202317a630632576200e,0.0,0.0,0.0,0.0,0.0,0.0,0.0,0.0,0.0,0.0,0.0,0.0,0.0,0.0,0.0,0.0,0.0,0.0,0.0,0.0,0.0,0.0,0.0,0.0,0.0,0.0,0.0,0.0,0.0,0.0,0.0,0.0,0.0,0.0,0.3350210014409721,0.0,0.0,0.0,0.0,0.0,0.0,0.0,0.0,0.0,0.0,0.0,0.0,0.0,0.0,0.0,0.0,0.0,0.0,0.0,0.0,0.0,0.0,0.0,0.0,0.0,0.297292266938156,0.0,0.0,0.41535162743790116,0.0,0.0,0.0,0.33444693732094544,0.0,0.0,0.0,0.0,0.0,0.0,0.0,0.19455130378955268,0.0,0.0,0.0,0.17799929581245658,0.0,0.0,0.0,0.0,0.0,0.0,0.0,0.0,0.0,0.0,0.0,0.0,0.0,0.0,0.0,0.0,0.0,0.0,0.0,0.0,0.0,0.0,0.0,0.0,0.0,0.0,0.32718544395643656,0.0,0.0,0.0,0.0,0.0,0.0,0.0,0.0,0.0,0.0,0.23649949613712223,0.26007498361262454,0.0,0.2748092531317541,0.0,0.0,0.0,0.0,0.0,0.0,0.0,0.0,0.0,0.0,0.0,0.0,0.0,0.0,0.0,0.0,0.0,0.0,0.0,0.0,0.0,0.0,0.0,0.0,0.21178693579287597,0.0,0.0,0.0,0.0,0.0,0.0,0.0,0.0,0.3073717519667076,0.0,0.0,0.0,0.0,0.0,0.0
d4369262b0f74e13c652162343d6edfff7c696a480bc447731b1171f0b41e7fd,0.0,0.0,0.0,0.0,0.0,0.0,0.0,0.0,0.0,0.0,0.0,0.0,0.0,0.0,0.0,0.0,0.0,0.0,0.0,0.0,0.0,0.0,0.0,0.0,0.0,0.0,0.0,0.0,0.0,0.0,0.0,0.0,0.0,0.0,0.346960457906147,0.0,0.0,0.0,0.0,0.0,0.0,0.0,0.0,0.0,0.0,0.0,0.0,0.0,0.0,0.0,0.0,0.0,0.0,0.0,0.0,0.0,0.0,0.0,0.0,0.0,0.30788714923889043,0.0,0.0,0.4301539014810349,0.0,0.0,0.0,0.3463659353266811,0.0,0.0,0.0,0.0,0.0,0.0,0.0,0.20148471038748994,0.0,0.0,0.0,0.1843428230362538,0.0,0.0,0.0,0.0,0.0,0.0,0.0,0.0,0.0,0.0,0.0,0.0,0.0,0.0,0.0,0.0,0.0,0.0,0.0,0.0,0.0,0.0,0.0,0.0,0.0,0.0,0.3388456573381492,0.0,0.0,0.0,0.0,0.0,0.0,0.0,0.0,0.0,0.0,0.2449278496612892,0.0,0.0,0.284602887261798,0.0,0.0,0.0,0.0,0.0,0.0,0.0,0.0,0.0,0.0,0.0,0.0,0.0,0.0,0.0,0.0,0.0,0.0,0.0,0.0,0.0,0.0,0.0,0.0,0.21933458471314032,0.0,0.0,0.0,0.0,0.0,0.0,0.0,0.0,0.31832584629347066,0.0,0.0,0.0,0.0,0.0,0.0
1cc7c198a8a2c935fd6f07970479e544f5b35a8eb3173de0305ebdf76a0988cb,0.0,0.0,0.0,0.0,0.0,0.0,0.0,0.0,0.0,0.0,0.0,0.0,0.0,0.0,0.0,0.0,0.0,0.0,0.0,0.0,0.0,0.0,0.0,0.0,0.0,0.0,0.0,0.0,0.0,0.0,0.0,0.0,0.0,0.0,0.0,0.0,0.0,0.0,0.0,0.0,0.0,0.38261084387320204,0.0,0.0,0.0,0.0,0.0,0.0,0.0,0.0,0.0,0.0,0.0,0.0,0.0,0.0,0.0,0.0,0.0,0.0,0.0,0.0,0.0,0.0,0.25590868485781537,0.0,0.0,0.0,0.0,0.0,0.0,0.0,0.0,0.0,0.0,0.0,0.0,0.0,0.0,0.11513169108684722,0.0,0.0,0.0,0.0,0.0,0.0,0.0,0.0,0.0,0.0,0.0,0.0,0.0,0.0,0.0,0.0,0.0,0.0,0.0,0.0,0.0,0.0,0.0,0.0,0.0,0.0,0.0,0.0,0.0,0.0,0.0,0.0,0.0,0.0,0.0,0.0,0.0,0.15297019466943693,0.0,0.14911322497522736,0.17774932139455218,0.0,0.29055407796913,0.0,0.0,0.0,0.24028325181051213,0.0,0.36639369343784367,0.0,0.0,0.0,0.0,0.0,0.0,0.0,0.0,0.0,0.0,0.0,0.0,0.0,0.25647757414217554,0.0,0.0,0.13698586815549058,0.28266688854348404,0.306692868578423,0.0,0.0,0.0,0.0,0.0,0.0,0.19881106514904254,0.0,0.0,0.3509986810898138,0.0,0.0,0.0
dac434ec87d2d83b5426f13247201e8d8826133fc445a4468f4fdc49b19eea2c,0.0,0.46666584421133694,0.0,0.0,0.0,0.0,0.0,0.0,0.0,0.0,0.0,0.0,0.21794123783387212,0.0,0.0,0.0,0.0,0.0,0.0,0.0,0.0,0.0,0.0,0.0,0.0,0.0,0.0,0.0,0.0,0.0,0.0,0.0,0.0,0.0,0.0,0.0,0.0,0.0,0.0,0.0,0.0,0.0,0.40044161717192234,0.0,0.0,0.0,0.0,0.0,0.0,0.0,0.0,0.0,0.0,0.0,0.0,0.0,0.0,0.0,0.0,0.0,0.0,0.0,0.0,0.0,0.0,0.0,0.0,0.3561802789468002,0.0,0.0,0.0,0.0,0.0,0.0,0.0,0.0,0.0,0.0,0.0,0.1895662114375243,0.0,0.0,0.0,0.0,0.0,0.0,0.0,0.0,0.0,0.0,0.0,0.0,0.0,0.0,0.0,0.0,0.0,0.0,0.0,0.0,0.0,0.0,0.0,0.0,0.0,0.0,0.0,0.0,0.0,0.0,0.0,0.0,0.0,0.0,0.0,0.0,0.0,0.0,0.27697541784135127,0.0,0.0,0.0,0.0,0.0,0.0,0.0,0.3956303020273371,0.0,0.0,0.0,0.0,0.0,0.0,0.0,0.0,0.0,0.0,0.0,0.0,0.0,0.0,0.0,0.42229451847575017,0.0,0.0,0.0,0.0,0.0,0.0,0.0,0.0,0.0,0.0,0.0,0.0,0.0,0.0,0.0,0.0,0.0,0.0
dbf0b7ed54f95802d589b2642b3d2cc7ae2e7f0a702480d49afaad1afae4042b,0.0,0.0,0.0,0.0,0.0,0.0,0.0,0.0,0.0,0.0,0.0,0.0,0.0,0.0,0.0,0.0,0.0,0.0,0.0,0.0,0.0,0.0,0.0,0.0,0.0,0.0,0.0,0.0,0.0,0.0,0.0,0.0,0.0,0.0,0.3350210014409721,0.0,0.0,0.0,0.0,0.0,0.0,0.0,0.0,0.0,0.0,0.0,0.0,0.0,0.0,0.0,0.0,0.0,0.0,0.0,0.0,0.0,0.0,0.0,0.0,0.0,0.297292266938156,0.0,0.0,0.41535162743790116,0.0,0.0,0.0,0.33444693732094544,0.0,0.0,0.0,0.0,0.0,0.0,0.0,0.19455130378955268,0.0,0.0,0.0,0.17799929581245658,0.0,0.0,0.0,0.0,0.0,0.0,0.0,0.0,0.0,0.0,0.0,0.0,0.0,0.0,0.0,0.0,0.0,0.0,0.0,0.0,0.0,0.0,0.0,0.0,0.0,0.0,0.32718544395643656,0.0,0.0,0.0,0.0,0.0,0.0,0.0,0.0,0.0,0.0,0.23649949613712223,0.26007498361262454,0.0,0.2748092531317541,0.0,0.0,0.0,0.0,0.0,0.0,0.0,0.0,0.0,0.0,0.0,0.0,0.0,0.0,0.0,0.0,0.0,0.0,0.0,0.0,0.0,0.0,0.0,0.0,0.21178693579287597,0.0,0.0,0.0,0.0,0.0,0.0,0.0,0.0,0.3073717519667076,0.0,0.0,0.0,0.0,0.0,0.0
dce6c3f6f356f732d43ba6d44d14f71b4e97f7b8057c0a10b35aed8460fb4eab,0.0,0.0,0.0,0.0,0.0,0.0,0.0,0.0,0.0,0.0,0.0,0.0,0.0,0.0,0.0,0.0,0.0,0.0,0.0,0.0,0.0,0.0,0.0,0.0,0.0,0.0,0.0,0.0,0.0,0.0,0.0,0.0,0.0,0.0,0.346960457906147,0.0,0.0,0.0,0.0,0.0,0.0,0.0,0.0,0.0,0.0,0.0,0.0,0.0,0.0,0.0,0.0,0.0,0.0,0.0,0.0,0.0,0.0,0.0,0.0,0.0,0.30788714923889043,0.0,0.0,0.4301539014810349,0.0,0.0,0.0,0.3463659353266811,0.0,0.0,0.0,0.0,0.0,0.0,0.0,0.20148471038748994,0.0,0.0,0.0,0.1843428230362538,0.0,0.0,0.0,0.0,0.0,0.0,0.0,0.0,0.0,0.0,0.0,0.0,0.0,0.0,0.0,0.0,0.0,0.0,0.0,0.0,0.0,0.0,0.0,0.0,0.0,0.0,0.3388456573381492,0.0,0.0,0.0,0.0,0.0,0.0,0.0,0.0,0.0,0.0,0.2449278496612892,0.0,0.0,0.284602887261798,0.0,0.0,0.0,0.0,0.0,0.0,0.0,0.0,0.0,0.0,0.0,0.0,0.0,0.0,0.0,0.0,0.0,0.0,0.0,0.0,0.0,0.0,0.0,0.0,0.21933458471314032,0.0,0.0,0.0,0.0,0.0,0.0,0.0,0.0,0.31832584629347066,0.0,0.0,0.0,0.0,0.0,0.0
dd5acb7be06b30114b942f3aad28b0a27620378b2146230ef99994a6604d87db,0.0,0.0,0.0,0.0,0.0,0.0,0.0,0.0,0.0,0.0,0.0,0.0,0.0,0.0,0.0,0.0,0.0,0.0,0.0,0.0,0.0,0.0,0.0,0.0,0.0,0.0,0.0,0.0,0.0,0.0,0.0,0.0,0.0,0.0,0.346960457906147,0.0,0.0,0.0,0.0,0.0,0.0,0.0,0.0,0.0,0.0,0.0,0.0,0.0,0.0,0.0,0.0,0.0,0.0,0.0,0.0,0.0,0.0,0.0,0.0,0.0,0.30788714923889043,0.0,0.0,0.4301539014810349,0.0,0.0,0.0,0.3463659353266811,0.0,0.0,0.0,0.0,0.0,0.0,0.0,0.20148471038748994,0.0,0.0,0.0,0.1843428230362538,0.0,0.0,0.0,0.0,0.0,0.0,0.0,0.0,0.0,0.0,0.0,0.0,0.0,0.0,0.0,0.0,0.0,0.0,0.0,0.0,0.0,0.0,0.0,0.0,0.0,0.0,0.3388456573381492,0.0,0.0,0.0,0.0,0.0,0.0,0.0,0.0,0.0,0.0,0.2449278496612892,0.0,0.0,0.284602887261798,0.0,0.0,0.0,0.0,0.0,0.0,0.0,0.0,0.0,0.0,0.0,0.0,0.0,0.0,0.0,0.0,0.0,0.0,0.0,0.0,0.0,0.0,0.0,0.0,0.21933458471314032,0.0,0.0,0.0,0.0,0.0,0.0,0.0,0.0,0.31832584629347066,0.0,0.0,0.0,0.0,0.0,0.0
dd5d4cf9422b6e4514d49a3ec542cffb682be8a24079010cda689afbb44ac0f4,0.0,0.21146172072264843,0.0,0.0,0.0,0.0,0.0,0.0,0.0,0.0,0.0,0.0,0.09875637941032533,0.0,0.0,0.0,0.0,0.0,0.0,0.0,0.0,0.14432640332249203,0.0,0.0,0.0,0.0,0.0,0.0,0.0,0.0,0.0,0.0,0.0,0.0,0.1616740900194856,0.3482283678847534,0.0,0.0,0.0,0.0,0.0,0.0,0.0,0.0,0.0,0.0,0.0,0.0,0.0,0.0,0.23413237846229867,0.0,0.0,0.0,0.0,0.0,0.0,0.0,0.0,0.33695016500369634,0.1434669961594182,0.0,0.0,0.0,0.0,0.0,0.0,0.0,0.0,0.0,0.0,0.0,0.0,0.0,0.0,0.0,0.0,0.0,0.0,0.08589871694852112,0.0,0.0,0.0,0.0,0.0,0.0,0.0,0.0,0.0,0.0,0.0,0.0,0.0,0.0,0.0,0.0,0.0,0.0,0.0,0.0,0.0,0.0,0.13261716649975128,0.0,0.0,0.0,0.0,0.0,0.32429773421629976,0.0,0.0,0.0,0.0,0.0,0.1985254603309726,0.0,0.0,0.11412968340366245,0.0,0.0,0.13261716649975128,0.30653691997470495,0.21677977858313674,0.29615997965093876,0.0,0.0,0.0,0.0,0.2733630320829713,0.0,0.0,0.0,0.0,0.0,0.0,0.0,0.0,0.0,0.0,0.0,0.0,0.0,0.0,0.0,0.0,0.10220392147075988,0.0,0.22882078478527254,0.0,0.0,0.0,0.0,0.0,0.0,0.14833114366911757,0.0,0.0,0.0,0.0,0.0,0.0
dd7a018d9ee987fd7027e438b2636e802d98c2dd7aceaf2ec6db711fb08c6dab,0.0,0.30576025808088625,0.0,0.0,0.0,0.0,0.0,0.0,0.0,0.0,0.0,0.0,0.1427954712202477,0.0,0.0,0.0,0.0,0.0,0.0,0.0,0.0,0.0,0.0,0.0,0.0,0.0,0.0,0.0,0.0,0.0,0.0,0.0,0.0,0.0,0.0,0.0,0.0,0.0,0.0,0.0,0.0,0.0,0.0,0.0,0.0,0.0,0.0,0.29785518225595714,0.0,0.3481042621098247,0.0,0.0,0.0,0.0,0.0,0.3993618185020734,0.0,0.0,0.0,0.0,0.0,0.0,0.0,0.0,0.27607437173992005,0.0,0.0,0.23336992703664852,0.0,0.0,0.0,0.0,0.0,0.0,0.0,0.1357537429822035,0.0,0.0,0.0,0.0,0.0,0.0,0.0,0.0,0.0,0.0,0.0,0.0,0.0,0.0,0.0,0.0,0.0,0.0,0.0,0.0,0.0,0.0,0.0,0.0,0.0,0.0,0.19175602523401225,0.0,0.0,0.0,0.0,0.0,0.0,0.0,0.0,0.0,0.0,0.415178712018494,0.0,0.0,0.1784231785707111,0.0,0.18147476677740434,0.16086339518340909,0.0,0.0,0.0,0.0,0.0,0.0,0.0,0.0,0.0,0.0,0.0,0.0,0.0,0.0,0.0,0.0,0.0,0.0,0.0,0.0,0.0,0.0,0.0,0.0,0.0,0.1477803987359268,0.0,0.0,0.0,0.0,0.0,0.0,0.0,0.0,0.21447744118751433,0.0,0.0,0.0,0.0,0.0,0.0
9bc85e2d8b9379ab4b4a7a165602aa01a3251bd131a10d3cc67f494c3a46aced,0.0,0.0,0.0,0.0,0.0,0.0,0.0,0.0,0.0,0.0,0.1705830653381796,0.0,0.11111219784505157,0.0,0.0,0.0,0.0,0.2177294510645353,0.0,0.0,0.0,0.16238367562669856,0.0,0.0,0.0,0.0,0.0,0.0,0.0,0.0,0.0,0.0,0.0,0.0,0.0,0.0,0.0,0.0,0.0,0.0,0.0,0.0,0.0,0.19223857765988203,0.0,0.0,0.0,0.0,0.2728441226499218,0.0,0.0,0.0,0.0,0.0,0.0,0.0,0.0,0.0,0.0,0.0,0.0,0.0,0.0,0.0,0.0,0.0,0.0,0.18159011124369998,0.0,0.0,0.0,0.0,0.0,0.0,0.0,0.10563287910706551,0.22497372743991023,0.17944242832326388,0.0,0.0966458601379453,0.0,0.0,0.0,0.0,0.0,0.0,0.0,0.0,0.23176746193127898,0.0,0.0,0.0,0.0,0.0,0.0,0.0,0.0,0.0,0.0,0.13583487345780626,0.0,0.0,0.0,0.0,0.2534445847407611,0.0,0.0,0.0,0.0,0.0,0.0,0.0,0.0,0.0,0.0,0.0,0.1388348758408014,0.0,0.14120938162635777,0.12517123434591976,0.0,0.0,0.0,0.0,0.17531655650347386,0.0,0.0,0.0,0.3075646098580096,0.0,0.0,0.0,0.0,0.15928396172247639,0.0,0.0,0.0,0.0,0.0,0.0,0.0,0.0,0.0,0.17167128771826337,0.0,0.11499107612902083,0.2372811892009344,0.2574494980671893,0.0,0.0,0.0,0.3193406637894383,0.0,0.0,0.16688946557535067,0.0,0.0,0.0,0.0,0.0,0.0
dd320feecf526e20968e9c62648ace610eb9ba57541b937fdbffffc6a96a59fa,0.0,0.0,0.0,0.0,0.0,0.0,0.0,0.0,0.0,0.0,0.0,0.0,0.0,0.0,0.0,0.0,0.0,0.0,0.0,0.0,0.0,0.0,0.0,0.0,0.0,0.0,0.0,0.0,0.0,0.0,0.0,0.0,0.0,0.0,0.3136516523044587,0.0,0.0,0.0,0.0,0.0,0.0,0.0,0.0,0.0,0.0,0.0,0.0,0.0,0.0,0.0,0.0,0.0,0.0,0.0,0.0,0.0,0.0,0.0,0.0,0.0,0.27832944902386975,0.0,0.0,0.3888583810355457,0.0,0.0,0.0,0.31311420492354636,0.0,0.0,0.0,0.0,0.0,0.0,0.0,0.1821418288081004,0.0,0.0,0.0,0.16664559236727092,0.0,0.0,0.0,0.0,0.0,0.0,0.0,0.0,0.0,0.0,0.0,0.0,0.0,0.0,0.0,0.0,0.0,0.0,0.0,0.0,0.0,0.0,0.2572805165723786,0.0,0.0,0.0,0.3063158866623631,0.0,0.0,0.0,0.0,0.0,0.0,0.0,0.0,0.0,0.23939173486276488,0.2214143513795506,0.2434860739544627,0.0,0.2572805165723786,0.0,0.0,0.0,0.0,0.0,0.0,0.0,0.0,0.0,0.0,0.0,0.0,0.0,0.0,0.0,0.0,0.0,0.0,0.0,0.0,0.0,0.0,0.0,0.0,0.19827808424612386,0.0,0.0,0.0,0.0,0.0,0.0,0.0,0.0,0.28776601306011046,0.0,0.0,0.0,0.0,0.0,0.0
ddc739b6d73bd1dc3f6cd7be4daced463081b6a8baffd3fee7931f529e9c23fd,0.0,0.0,0.0,0.0,0.0,0.0,0.0,0.0,0.0,0.0,0.0,0.3571042021940839,0.13283060011779568,0.44865504254961525,0.0,0.0,0.0,0.0,0.0,0.0,0.0,0.0,0.0,0.45799685684445274,0.0,0.0,0.0,0.0,0.0,0.0,0.0,0.0,0.0,0.0,0.2174570040843506,0.0,0.0,0.0,0.0,0.0,0.0,0.0,0.0,0.0,0.0,0.0,0.0,0.0,0.0,0.0,0.0,0.0,0.0,0.0,0.0,0.0,0.0,0.0,0.0,0.0,0.0,0.0,0.0,0.0,0.0,0.0,0.0,0.0,0.0,0.0,0.0,0.0,0.0,0.0,0.0,0.12628027341812645,0.0,0.0,0.0,0.11553661839113326,0.0,0.0,0.0,0.0,0.0,0.0,0.0,0.0,0.27706958959664946,0.0,0.0,0.0,0.0,0.0,0.0,0.0,0.0,0.0,0.0,0.1623856615948381,0.0,0.0,0.1783744798793405,0.0,0.0,0.0,0.21237106365497718,0.0,0.0,0.0,0.0,0.0,0.0,0.0,0.0,0.0,0.16597205556972613,0.15350820299693455,0.16881069106246,0.14963766803389023,0.0,0.0,0.0,0.0,0.0,0.0,0.0,0.0,0.0,0.0,0.0,0.0,0.0,0.0,0.0,0.0,0.0,0.0,0.0,0.0,0.0,0.0,0.25737962614650917,0.0,0.0,0.13746765833675043,0.0,0.0,0.0,0.0,0.0,0.0,0.0,0.0,0.0,0.0,0.0,0.0,0.0,0.0,0.0
dddf7894b2e6aafa1903384759d68455c3a4a8348a7e2da3bd272555eba9bec0,0.0,0.20762327317618762,0.0,0.0,0.2697774966096764,0.2697774966096764,0.0,0.0,0.0,0.0,0.0,0.0,0.09696375623034988,0.0,0.0,0.0,0.0,0.0,0.0,0.0,0.0,0.0,0.0,0.0,0.0,0.0,0.0,0.0,0.0,0.0,0.0,0.0,0.0,0.0,0.0,0.34190733578614285,0.0,0.0,0.0,0.0,0.0,0.0,0.0,0.0,0.0,0.0,0.0,0.0,0.0,0.0,0.22988241373778773,0.0,0.0,0.0,0.0,0.0,0.0,0.0,0.0,0.0,0.14086278704996663,0.0,0.0,0.0,0.0,0.0,0.0,0.0,0.0,0.0,0.0,0.0,0.0,0.0,0.0,0.092182145059636,0.0,0.0,0.0,0.08433948571655911,0.0,0.0,0.0,0.0,0.0,0.0,0.0,0.0,0.0,0.0,0.0,0.0,0.0,0.0,0.0,0.0,0.0,0.0,0.0,0.11853837664079407,0.0,0.0,0.13020990321053777,0.0,0.0,0.0,0.15502674856817514,0.0,0.0,0.0,0.0,0.0,0.0,0.0,0.1949218314400638,0.22185708253523614,0.12115637453298646,0.11205800441730954,0.1232285232675414,0.10923258912666979,0.0,0.0,0.21284479779143056,0.0,0.15299267027057797,0.0,0.17601900651936314,0.0,0.0,0.0,0.0,0.0,0.0,0.13900158160313467,0.0,0.0,0.0,0.0,0.0,0.0,0.31295725536949476,0.0,0.1878821243463253,0.0,0.0,0.10034871859873438,0.0,0.22466723596832017,0.0,0.0,0.0,0.0,0.0,0.0,0.14563864068307017,0.0,0.0,0.2571233686472562,0.0,0.0,0.0
e0c0cbc50a9ed4d01a176497c8dba913cbbba515ea701a67ef00dcb7c8a84368,0.0,0.0,0.0,0.0,0.0,0.0,0.0,0.0,0.0,0.0,0.0,0.0,0.0,0.0,0.0,0.0,0.0,0.0,0.0,0.0,0.0,0.0,0.0,0.0,0.0,0.0,0.0,0.0,0.0,0.0,0.0,0.0,0.0,0.0,0.0,0.0,0.0,0.0,0.0,0.0,0.0,0.0,0.0,0.0,0.0,0.0,0.0,0.0,0.0,0.0,0.0,0.0,0.0,0.0,0.0,0.0,0.0,0.0,0.0,0.0,0.0,0.0,0.0,0.0,0.0,0.0,0.0,0.0,0.0,0.0,0.0,0.0,0.0,0.0,0.0,0.0,0.0,0.0,0.0,0.0,0.0,0.0,0.0,0.0,0.0,0.0,0.0,0.0,0.0,0.0,0.0,0.0,0.0,0.0,0.0,0.0,0.0,0.0,0.0,0.0,0.0,0.0,0.32103321517232375,0.0,0.0,0.0,0.0,0.0,0.0,0.0,0.0,0.0,0.0,0.0,0.0,0.0,0.29871169162960515,0.0,0.0,0.0,0.0,0.0,0.0,0.0,0.0,0.0,0.0,0.0,0.0,0.0,0.0,0.0,0.0,0.0,0.0,0.0,0.0,0.0,0.8640006605257613,0.0,0.0,0.0,0.0,0.0,0.0,0.24741030425378052,0.0,0.0,0.0,0.0,0.0,0.0,0.0,0.0,0.0,0.0,0.0,0.0,0.0,0.0,0.0
e01cf55715864d062d94a5b37c44cfb00ce2740296b76356346bb7df88e7951b,0.0,0.0,0.0,0.0,0.0,0.0,0.0,0.0,0.0,0.0,0.0,0.0,0.0,0.0,0.0,0.0,0.0,0.0,0.0,0.0,0.0,0.0,0.0,0.0,0.0,0.0,0.0,0.0,0.0,0.0,0.0,0.0,0.0,0.0,0.346960457906147,0.0,0.0,0.0,0.0,0.0,0.0,0.0,0.0,0.0,0.0,0.0,0.0,0.0,0.0,0.0,0.0,0.0,0.0,0.0,0.0,0.0,0.0,0.0,0.0,0.0,0.30788714923889043,0.0,0.0,0.4301539014810349,0.0,0.0,0.0,0.3463659353266811,0.0,0.0,0.0,0.0,0.0,0.0,0.0,0.20148471038748994,0.0,0.0,0.0,0.1843428230362538,0.0,0.0,0.0,0.0,0.0,0.0,0.0,0.0,0.0,0.0,0.0,0.0,0.0,0.0,0.0,0.0,0.0,0.0,0.0,0.0,0.0,0.0,0.0,0.0,0.0,0.0,0.3388456573381492,0.0,0.0,0.0,0.0,0.0,0.0,0.0,0.0,0.0,0.0,0.2449278496612892,0.0,0.0,0.284602887261798,0.0,0.0,0.0,0.0,0.0,0.0,0.0,0.0,0.0,0.0,0.0,0.0,0.0,0.0,0.0,0.0,0.0,0.0,0.0,0.0,0.0,0.0,0.0,0.0,0.21933458471314032,0.0,0.0,0.0,0.0,0.0,0.0,0.0,0.0,0.31832584629347066,0.0,0.0,0.0,0.0,0.0,0.0
57d9c43d5a4bfc779030dc8628c83961331b4ba3358a063877e41f68146c75cf,0.0,0.0,0.0,0.0,0.0,0.0,0.0,0.0,0.0,0.0,0.0,0.0,0.2023130288930469,0.0,0.0,0.0,0.0,0.0,0.0,0.0,0.0,0.0,0.0,0.0,0.0,0.0,0.0,0.0,0.0,0.0,0.0,0.0,0.0,0.0,0.0,0.0,0.0,0.0,0.0,0.0,0.0,0.0,0.0,0.0,0.0,0.0,0.0,0.0,0.0,0.0,0.0,0.0,0.0,0.0,0.0,0.0,0.0,0.0,0.0,0.0,0.0,0.0,0.0,0.0,0.0,0.0,0.0,0.0,0.0,0.0,0.0,0.0,0.0,0.0,0.0,0.19233628834023858,0.0,0.0,0.0,0.1759727291304974,0.0,0.0,0.0,0.0,0.0,0.0,0.0,0.0,0.0,0.0,0.0,0.0,0.0,0.0,0.0,0.0,0.0,0.0,0.0,0.24732806308876748,0.0,0.0,0.27168048077482476,0.0,0.0,0.0,0.0,0.0,0.0,0.0,0.0,0.0,0.0,0.0,0.0,0.0,0.25279046578227277,0.0,0.0,0.22791171484267614,0.0,0.0,0.0,0.0,0.0,0.0,0.0,0.0,0.0,0.0,0.0,0.0,0.0,0.0,0.0,0.0,0.0,0.0,0.0,0.0,0.0,0.0,0.0,0.31257898651852073,0.0,0.20937568834499684,0.4320414591522104,0.46876390487389985,0.0,0.0,0.0,0.0,0.0,0.0,0.30387224738345653,0.0,0.0,0.0,0.0,0.0,0.0
1d30c8ea61630a44351f29b209813275b5077a637a571d888e97398f8c24787d,0.0,0.0,0.0,0.0,0.0,0.0,0.0,0.0,0.0,0.0,0.0,0.37395833444378185,0.0,0.0,0.0,0.0,0.0,0.0,0.0,0.0,0.0,0.0,0.0,0.0,0.0,0.0,0.0,0.0,0.0,0.0,0.0,0.0,0.0,0.0,0.0,0.0,0.0,0.0,0.0,0.0,0.0,0.0,0.25557959888829496,0.24066071196441235,0.0,0.0,0.0,0.0,0.0,0.0,0.0,0.0,0.0,0.0,0.0,0.0,0.4286583109022644,0.0,0.0,0.0,0.0,0.0,0.0,0.0,0.0,0.0,0.0,0.0,0.0,0.0,0.0,0.0,0.0,0.0,0.0,0.13224028289334505,0.0,0.22464139655311166,0.0,0.12098956303329324,0.0,0.0,0.0,0.0,0.0,0.0,0.0,0.0,0.0,0.0,0.0,0.0,0.0,0.0,0.0,0.0,0.0,0.0,0.0,0.1700497254707558,0.0,0.0,0.0,0.0,0.0,0.0,0.0,0.0,0.0,0.0,0.0,0.0,0.0,0.0,0.0,0.0,0.0,0.0,0.17677799498901328,0.1567000689552014,0.0,0.0,0.0,0.0,0.0,0.0,0.0,0.0,0.0,0.0,0.0,0.0,0.0,0.1994053019912824,0.0,0.0,0.0,0.0,0.502718748329676,0.0,0.0,0.0,0.269527089634193,0.0,0.0,0.14395567522209826,0.0,0.0,0.0,0.0,0.0,0.0,0.0,0.0,0.0,0.0,0.0,0.0,0.0,0.0,0.0
a25bd95aeb2115ef24d3545fc11150200f567027c0673daf0bbeede99a651b4a,0.0,0.0,0.0,0.0,0.0,0.0,0.0,0.0,0.0,0.0,0.38052420015013777,0.0,0.2478609475570778,0.0,0.0,0.0,0.0,0.0,0.0,0.0,0.0,0.36223360251375997,0.0,0.0,0.0,0.0,0.0,0.0,0.0,0.0,0.0,0.0,0.0,0.0,0.0,0.0,0.0,0.0,0.0,0.0,0.0,0.0,0.0,0.0,0.0,0.0,0.0,0.0,0.0,0.0,0.0,0.0,0.0,0.0,0.0,0.0,0.0,0.0,0.0,0.0,0.0,0.0,0.0,0.0,0.4792032603760809,0.0,0.0,0.0,0.0,0.0,0.0,0.0,0.0,0.0,0.0,0.23563808489479485,0.0,0.0,0.0,0.21559050163570112,0.0,0.0,0.0,0.0,0.0,0.0,0.0,0.0,0.0,0.0,0.0,0.0,0.0,0.0,0.0,0.0,0.0,0.0,0.0,0.0,0.0,0.0,0.0,0.0,0.0,0.0,0.0,0.0,0.0,0.0,0.0,0.0,0.0,0.0,0.0,0.0,0.30970266583924677,0.2864452062917915,0.0,0.0,0.0,0.0,0.0,0.0,0.3910833253248464,0.0,0.0,0.0,0.0,0.0,0.0,0.0,0.0,0.0,0.0,0.0,0.0,0.0,0.0,0.0,0.0,0.0,0.0,0.0,0.0,0.0,0.0,0.0,0.0,0.0,0.0,0.0,0.0,0.0,0.0,0.0,0.0,0.0,0.0,0.0,0.0
9c186b837c2bccd2fc41f849483ce1f6ab858c9d1ae1df29d2dbbda22496056c,0.0,0.0,0.0,0.0,0.0,0.0,0.0,0.0,0.0,0.0,0.38301468629400126,0.0,0.24948316831268866,0.0,0.0,0.0,0.0,0.4888737180981065,0.0,0.0,0.0,0.3646043788468981,0.0,0.0,0.0,0.0,0.0,0.0,0.0,0.0,0.0,0.0,0.0,0.0,0.0,0.0,0.0,0.0,0.0,0.0,0.0,0.0,0.0,0.0,0.0,0.0,0.0,0.0,0.0,0.0,0.0,0.0,0.0,0.0,0.0,0.0,0.0,0.0,0.0,0.0,0.0,0.0,0.0,0.0,0.48233958936538035,0.0,0.0,0.0,0.0,0.0,0.0,0.0,0.0,0.0,0.0,0.23718030845157645,0.0,0.0,0.0,0.21700151611746193,0.0,0.0,0.0,0.0,0.0,0.0,0.0,0.0,0.0,0.0,0.0,0.0,0.0,0.0,0.0,0.0,0.0,0.0,0.0,0.0,0.0,0.0,0.0,0.0,0.0,0.0,0.0,0.0,0.0,0.0,0.0,0.0,0.0,0.0,0.0,0.0,0.0,0.2883199564836698,0.0,0.0,0.0,0.0,0.0,0.0,0.0,0.0,0.0,0.0,0.0,0.0,0.0,0.0,0.0,0.0,0.0,0.0,0.0,0.0,0.0,0.0,0.0,0.0,0.0,0.0,0.0,0.0,0.0,0.0,0.0,0.0,0.0,0.0,0.0,0.0,0.0,0.0,0.0,0.0,0.0,0.0,0.0
e3d71566b47c005f08e0d3d287cf1fc4cb31f65bc54a44d1ec8013d6ad318bb7,0.0,0.2251340256751688,0.2651300091651591,0.0,0.0,0.0,0.0,0.0,0.0,0.0,0.0,0.0,0.0,0.0,0.0,0.0,0.0,0.0,0.0,0.0,0.0,0.0,0.0,0.0,0.0,0.0,0.0,0.0,0.0,0.0,0.0,0.0,0.0,0.0,0.17212731745995866,0.0,0.0,0.0,0.0,0.0,0.0,0.0,0.0,0.0,0.0,0.3195315925298955,0.0,0.0,0.0,0.0,0.2492704813144647,0.0,0.0,0.0,0.0,0.0,0.0,0.0,0.0,0.0,0.15274302264501724,0.0,0.0,0.21339964099567238,0.20327604079634515,0.0,0.0,0.0,0.0,0.0,0.0,0.0,0.0,0.0,0.0,0.09995670088023847,0.0,0.0,0.0,0.09145259898985185,0.0,0.0,0.0,0.0,0.33128379110620937,0.30939474331471767,0.0,0.0,0.0,0.0,0.0,0.0,0.0,0.0,0.0,0.0,0.0,0.0,0.0,0.0,0.0,0.0,0.0,0.0,0.0,0.0,0.0,0.0,0.0,0.0,0.0,0.0,0.0,0.0,0.2113613562331184,0.0,0.0,0.12150887160991045,0.13362150156300323,0.11844516343859134,0.14119168455496908,0.0,0.23079592878847766,0.0,0.0,0.0,0.0,0.0,0.0,0.0,0.0,0.0,0.0,0.0,0.0,0.0,0.0,0.0,0.0,0.0,0.0,0.0,0.0,0.0,0.3153085496270185,0.10881203558671586,0.22453089467935036,0.0,0.0,0.0,0.0,0.0,0.0,0.0,0.15792166730275542,0.0,0.0,0.0,0.0,0.0,0.0
e5b246094eac60cef4b7d3b449178ec59de0126e165a5ac4e07815c84c3e2929,0.0,0.0,0.0,0.0,0.0,0.0,0.0,0.0,0.0,0.0,0.0,0.0,0.0,0.0,0.0,0.0,0.0,0.0,0.0,0.0,0.0,0.0,0.0,0.0,0.0,0.0,0.0,0.0,0.0,0.0,0.0,0.0,0.0,0.0,0.346960457906147,0.0,0.0,0.0,0.0,0.0,0.0,0.0,0.0,0.0,0.0,0.0,0.0,0.0,0.0,0.0,0.0,0.0,0.0,0.0,0.0,0.0,0.0,0.0,0.0,0.0,0.30788714923889043,0.0,0.0,0.4301539014810349,0.0,0.0,0.0,0.3463659353266811,0.0,0.0,0.0,0.0,0.0,0.0,0.0,0.20148471038748994,0.0,0.0,0.0,0.1843428230362538,0.0,0.0,0.0,0.0,0.0,0.0,0.0,0.0,0.0,0.0,0.0,0.0,0.0,0.0,0.0,0.0,0.0,0.0,0.0,0.0,0.0,0.0,0.0,0.0,0.0,0.0,0.3388456573381492,0.0,0.0,0.0,0.0,0.0,0.0,0.0,0.0,0.0,0.0,0.2449278496612892,0.0,0.0,0.284602887261798,0.0,0.0,0.0,0.0,0.0,0.0,0.0,0.0,0.0,0.0,0.0,0.0,0.0,0.0,0.0,0.0,0.0,0.0,0.0,0.0,0.0,0.0,0.0,0.0,0.21933458471314032,0.0,0.0,0.0,0.0,0.0,0.0,0.0,0.0,0.31832584629347066,0.0,0.0,0.0,0.0,0.0,0.0
e8a091a84dd2ea7ee429135ff48e9f48f7787637ccb79f6c3eb42f34588bc684,0.0,0.20008240507321215,0.23562786536490538,0.0,0.0,0.0,0.0,0.0,0.0,0.0,0.0,0.0,0.09344203689071857,0.0,0.0,0.0,0.0,0.18310395971952498,0.0,0.0,0.0,0.13655981703755132,0.0,0.0,0.0,0.0,0.0,0.0,0.0,0.0,0.0,0.0,0.0,0.0,0.0,0.3294892764657162,0.0,0.0,0.0,0.0,0.0,0.0,0.0,0.0,0.0,0.0,0.0,0.19490950721766576,0.0,0.0,0.2215330946336657,0.0,0.26855595213886035,0.0,0.0,0.0,0.0,0.0,0.0,0.0,0.135746656851692,0.0,0.0,0.1896537552869935,0.18065665114066784,0.0,0.0,0.0,0.0,0.0,0.0,0.0,0.0,0.0,0.0,0.08883409362633556,0.0,0.0,0.0,0.08127627932388436,0.0,0.0,0.0,0.0,0.29442043461675105,0.2749670742739515,0.0,0.0,0.0,0.0,0.0,0.0,0.0,0.0,0.0,0.0,0.0,0.0,0.0,0.11423306804164433,0.0,0.0,0.0,0.0,0.0,0.0,0.0,0.0,0.0,0.0,0.0,0.0,0.0,0.0,0.1878422791394284,0.0,0.0,0.10798806265082704,0.11875286875025413,0.10526526631863499,0.12548068528235956,0.0,0.205114284145267,0.28022282620462374,0.0,0.0,0.0,0.0,0.0,0.0,0.0,0.0,0.0,0.0,0.0,0.0,0.0,0.0,0.0,0.0,0.0,0.0,0.0,0.0,0.0,0.0967040575755286,0.0,0.0,0.0,0.0,0.0,0.0,0.0,0.0,0.14034905169197615,0.0,0.0,0.24778465926511326,0.0,0.0,0.0
e8bcc8ddde1b44853ef87384bd1366681e41cfe084a1ce2378cbe2effc140ce8,0.0,0.0,0.0,0.0,0.0,0.0,0.0,0.0,0.0,0.0,0.0,0.0,0.3159261550630406,0.0,0.0,0.0,0.0,0.6190717999722164,0.0,0.0,0.0,0.0,0.0,0.0,0.0,0.0,0.0,0.0,0.0,0.0,0.0,0.0,0.0,0.0,0.0,0.0,0.0,0.0,0.0,0.0,0.0,0.0,0.5804774796075306,0.0,0.0,0.0,0.0,0.0,0.0,0.0,0.0,0.0,0.0,0.0,0.0,0.0,0.0,0.0,0.0,0.0,0.0,0.0,0.0,0.0,0.0,0.0,0.0,0.0,0.0,0.0,0.0,0.0,0.0,0.0,0.0,0.0,0.0,0.0,0.0,0.0,0.0,0.0,0.0,0.0,0.0,0.0,0.0,0.0,0.0,0.0,0.0,0.0,0.0,0.0,0.0,0.0,0.0,0.0,0.0,0.0,0.0,0.0,0.42424835496997776,0.0,0.0,0.0,0.0,0.0,0.0,0.0,0.0,0.0,0.0,0.0,0.0,0.0,0.0,0.0,0.0,0.0,0.0,0.0,0.0,0.0,0.0,0.0,0.0,0.0,0.0,0.0,0.0,0.0,0.0,0.0,0.0,0.0,0.0,0.0,0.0,0.0,0.0,0.0,0.0,0.0,0.0,0.0,0.0,0.0,0.0,0.0,0.0,0.0,0.0,0.0,0.0,0.0,0.0,0.0,0.0,0.0,0.0
e9e5459e32521a8ca1c075a96d3358337919321f5d149fe3a8cc5f6f57b33923,0.0,0.0,0.0,0.0,0.0,0.0,0.0,0.0,0.0,0.0,0.0,0.0,0.0,0.0,0.0,0.0,0.0,0.0,0.0,0.0,0.0,0.0,0.0,0.0,0.0,0.0,0.0,0.0,0.0,0.0,0.0,0.0,0.0,0.0,0.0,0.0,0.0,0.0,0.0,0.0,0.0,0.0,0.0,0.0,0.0,0.0,0.0,0.0,0.0,0.0,0.0,0.0,0.0,0.0,0.0,0.0,0.0,0.0,0.0,0.0,0.0,0.0,0.0,0.0,0.0,0.0,0.0,0.532667242706468,0.0,0.0,0.0,0.0,0.0,0.0,0.0,0.0,0.0,0.0,0.0,0.0,0.0,0.0,0.0,0.0,0.0,0.0,0.0,0.0,0.0,0.0,0.0,0.0,0.0,0.0,0.0,0.0,0.0,0.0,0.0,0.0,0.0,0.0,0.43768344332435244,0.0,0.0,0.0,0.0,0.0,0.0,0.0,0.0,0.0,0.0,0.0,0.0,0.0,0.0,0.0,0.4142164539689765,0.36717096436890595,0.0,0.0,0.0,0.0,0.0,0.0,0.0,0.0,0.0,0.0,0.0,0.0,0.0,0.46723551253409834,0.0,0.0,0.0,0.0,0.0,0.0,0.0,0.0,0.0,0.0,0.0,0.0,0.0,0.0,0.0,0.0,0.0,0.0,0.0,0.0,0.0,0.0,0.0,0.0,0.0,0.0,0.0
1e3d1dce864ea7544e10a2758f11fafacd39a0cfc7022e3493d6a25dbaffb6c3,0.0,0.22700293629984894,0.0,0.0,0.0,0.2949586669219449,0.0,0.0,0.0,0.0,0.0,0.0,0.0,0.0,0.0,0.0,0.0,0.2077400883363649,0.0,0.0,0.0,0.0,0.0,0.0,0.0,0.0,0.0,0.0,0.0,0.0,0.0,0.0,0.0,0.0,0.0,0.0,0.0,0.0,0.0,0.0,0.0,0.0,0.19478910668576863,0.0,0.0,0.0,0.0,0.0,0.0,0.0,0.0,0.0,0.0,0.0,0.0,0.2964947309209677,0.0,0.0,0.0,0.0,0.15401099205573132,0.0,0.0,0.0,0.0,0.0,0.0,0.0,0.0,0.0,0.0,0.0,0.0,0.0,0.0,0.0,0.0,0.0,0.0,0.09221177669919266,0.0,0.0,0.0,0.0,0.0,0.0,0.0,0.0,0.0,0.0,0.46498808550321985,0.46498808550321985,0.0,0.0,0.0,0.0,0.0,0.0,0.0,0.0,0.0,0.0,0.14236376255868227,0.0,0.0,0.0,0.169497025028263,0.0,0.0,0.0,0.0,0.0,0.0,0.0,0.0,0.0,0.13246517285705944,0.12251755619440906,0.13473073702045082,0.0,0.0,0.0,0.0,0.0,0.0,0.0,0.19244871113543524,0.0,0.0,0.0,0.0,0.0,0.0,0.0,0.0,0.0,0.0,0.0,0.0,0.0,0.0,0.0,0.0,0.0,0.0,0.10971531961404678,0.0,0.0,0.0,0.0,0.0,0.0,0.0,0.0,0.0,0.0,0.0,0.2811233961459861,0.0,0.0,0.0
e165b3e962a2916ed4693993f1911c04b18fcbf7fbdaa824d0e57449da4e4099,0.0,0.0,0.0,0.0,0.0,0.0,0.0,0.0,0.0,0.0,0.0,0.0,0.0,0.0,0.0,0.0,0.0,0.5405803754581913,0.0,0.0,0.0,0.0,0.0,0.0,0.0,0.0,0.0,0.0,0.0,0.0,0.0,0.0,0.0,0.0,0.0,0.0,0.0,0.0,0.0,0.0,0.0,0.0,0.0,0.0,0.0,0.0,0.0,0.0,0.0,0.0,0.0,0.0,0.0,0.0,0.0,0.0,0.0,0.0,0.0,0.0,0.40076674934003054,0.0,0.0,0.0,0.0,0.0,0.0,0.0,0.0,0.0,0.0,0.0,0.0,0.0,0.0,0.0,0.0,0.0,0.0,0.0,0.0,0.0,0.0,0.0,0.0,0.0,0.0,0.0,0.0,0.0,0.0,0.0,0.0,0.0,0.0,0.0,0.0,0.0,0.0,0.33725188087840335,0.0,0.0,0.37045837821636074,0.0,0.0,0.0,0.4410644385616428,0.0,0.0,0.0,0.0,0.0,0.0,0.0,0.0,0.0,0.0,0.3188146643153229,0.0,0.0,0.0,0.0,0.0,0.0,0.0,0.0,0.0,0.0,0.0,0.0,0.0,0.0,0.0,0.0,0.0,0.0,0.0,0.0,0.0,0.0,0.0,0.0,0.0,0.0,0.0,0.0,0.0,0.0,0.0,0.0,0.0,0.0,0.0,0.0,0.0,0.0,0.0,0.0,0.0,0.0,0.0
e42664c55e91e3cb94efe5bc61089593695d80324bc49c43d25008697647ad89,0.0,0.0,0.0,0.0,0.0,0.0,0.30534877471567196,0.0,0.0,0.0,0.0,0.0,0.11463076053162305,0.0,0.0,0.0,0.29617042896160733,0.2246242361299131,0.0,0.0,0.0,0.0,0.0,0.0,0.0,0.302617964364577,0.0,0.0,0.0,0.0,0.0,0.0,0.0,0.0,0.0,0.0,0.0,0.0,0.0,0.0,0.0,0.0,0.0,0.0,0.0,0.0,0.0,0.0,0.0,0.2794448309106497,0.0,0.0,0.0,0.0,0.0,0.0,0.0,0.0,0.0,0.0,0.16652828889778123,0.30397179775573047,0.0,0.0,0.0,0.0,0.0,0.0,0.0,0.0,0.0,0.0,0.0,0.0,0.0,0.10897792955255797,0.0,0.0,0.0,0.0,0.0,0.0,0.0,0.0,0.0,0.0,0.0,0.0,0.2391067852398683,0.0,0.0,0.0,0.0,0.0,0.0,0.0,0.0,0.0,0.0,0.14013632304257911,0.0,0.0,0.15393442678018984,0.0,0.0,0.0,0.0,0.0,0.0,0.0,0.0,0.0,0.0,0.0,0.23043700709273485,0.26227991869379563,0.1432313257644133,0.13247521310433272,0.14568102444164263,0.12913500108929593,0.15393442678018984,0.0,0.0,0.0,0.0,0.0,0.0,0.0,0.0,0.0,0.0,0.0,0.2937292969778238,0.0,0.0,0.0,0.0,0.0,0.0,0.0,0.0,0.0,0.0,0.17710756023411714,0.0,0.11863247030178756,0.0,0.0,0.0,0.0,0.0,0.0,0.0,0.0,0.0,0.0,0.0,0.0,0.0,0.0,0.0
e62467fc0e7982279b2752a3330e741135366e7b318890aa9613ccc5ddcfd37f,0.0,0.0,0.0,0.0,0.0,0.0,0.0,0.0,0.0,0.0,0.0,0.0,0.17014358542135993,0.0,0.0,0.0,0.0,0.0,0.0,0.0,0.0,0.0,0.0,0.0,0.0,0.0,0.0,0.0,0.0,0.0,0.0,0.0,0.0,0.0,0.0,0.0,0.0,0.0,0.0,0.0,0.0,0.0,0.0,0.0,0.0,0.0,0.0,0.3549002514736284,0.0,0.0,0.0,0.0,0.0,0.0,0.0,0.0,0.0,0.0,0.0,0.0,0.2471737953735041,0.0,0.0,0.0,0.0,0.6519960081331612,0.0,0.0,0.5805185399096728,0.0,0.0,0.0,0.0,0.0,0.0,0.0,0.0,0.0,0.0,0.14799161099245262,0.0,0.0,0.0,0.0,0.0,0.0,0.0,0.0,0.0,0.0,0.0,0.0,0.0,0.0,0.0,0.0,0.0,0.0,0.0,0.0,0.0,0.0,0.0,0.0,0.0,0.0,0.0,0.0,0.0,0.0,0.0,0.0,0.0,0.0,0.0,0.0,0.0,0.0,0.0,0.0,0.0,0.0,0.0,0.0,0.0,0.0,0.0,0.0,0.0,0.0,0.0,0.0,0.0,0.0,0.0,0.0,0.0,0.0,0.0,0.0,0.0,0.0,0.0,0.0,0.0,0.0,0.0,0.0,0.0,0.0,0.0,0.0,0.0,0.0,0.0,0.0,0.0,0.0,0.0,0.0,0.0
9c672b05b987575f132c5f798a162abfa487ac60dcf19a19220b4451b10d79a2,0.0,0.0,0.0,0.0,0.0,0.0,0.0,0.0,0.0,0.0,0.0,0.0,0.36762250705447846,0.0,0.0,0.0,0.0,0.0,0.0,0.0,0.0,0.0,0.0,0.0,0.0,0.0,0.0,0.0,0.0,0.0,0.0,0.0,0.0,0.0,0.0,0.0,0.0,0.0,0.0,0.0,0.0,0.0,0.0,0.0,0.0,0.0,0.0,0.0,0.0,0.0,0.0,0.0,0.0,0.0,0.0,0.0,0.0,0.0,0.0,0.0,0.0,0.0,0.0,0.0,0.0,0.0,0.0,0.0,0.0,0.0,0.0,0.0,0.0,0.0,0.0,0.0,0.0,0.0,0.0,0.0,0.0,0.0,0.0,0.0,0.0,0.0,0.0,0.0,0.0,0.0,0.0,0.0,0.0,0.0,0.0,0.0,0.0,0.0,0.0,0.0,0.0,0.0,0.49366993320537284,0.0,0.0,0.0,0.0,0.0,0.0,0.0,0.0,0.0,0.0,0.0,0.0,0.0,0.0,0.0,0.0,0.4141378163135669,0.0,0.0,0.0,0.0,0.0,0.0,0.0,0.0,0.0,0.0,0.0,0.0,0.0,0.0,0.0,0.0,0.0,0.0,0.0,0.0,0.0,0.0,0.0,0.0,0.0,0.3804560481684837,0.0,0.0,0.0,0.0,0.0,0.0,0.0,0.0,0.5521655131090979,0.0,0.0,0.0,0.0,0.0,0.0
e589257b8ad21635e0b1cf15b0936f939b19153806c3dcb9d502853525977817,0.0,0.0,0.0,0.0,0.3214930557983765,0.0,0.0,0.0,0.0,0.0,0.0,0.0,0.11555142546706368,0.0,0.0,0.0,0.0,0.0,0.0,0.0,0.0,0.0,0.0,0.0,0.0,0.0,0.0,0.0,0.0,0.0,0.0,0.0,0.0,0.0,0.0,0.0,0.0,0.0,0.0,0.0,0.0,0.0,0.0,0.0,0.0,0.0,0.0,0.0,0.0,0.0,0.27395020190952873,0.0,0.0,0.0,0.0,0.0,0.0,0.0,0.0,0.0,0.16786577244614184,0.0,0.0,0.0,0.0,0.0,0.0,0.0,0.0,0.0,0.0,0.0,0.0,0.0,0.0,0.0,0.0,0.0,0.0,0.10050711911939197,0.0,0.0,0.0,0.0,0.0,0.0,0.0,0.0,0.0,0.0,0.0,0.0,0.0,0.0,0.0,0.0,0.0,0.0,0.0,0.14126183767938807,0.0,0.0,0.0,0.0,0.0,0.0,0.18474492407266832,0.0,0.0,0.0,0.0,0.0,0.0,0.0,0.23228777796151606,0.2643864381244591,0.0,0.13353919700319672,0.14685107173383946,0.1301721578427679,0.0,0.0,0.25364652468311233,0.0,0.18232091889860516,0.0,0.20976133664098456,0.0,0.0,0.0,0.0,0.0,0.0,0.1656477793440844,0.0,0.0,0.0,0.0,0.0,0.0,0.3729502483618306,0.0,0.0,0.17853001193689552,0.0,0.0,0.0,0.26773528977375594,0.0,0.0,0.0,0.0,0.0,0.0,0.17355714329007,0.0,0.0,0.306413168416264,0.0,0.0,0.0
e483229728bfc03fd0a58d71d5df34bc340360374fa16f5b6f9acba30304d0c8,0.0,0.0,0.0,0.0,0.0,0.0,0.0,0.0,0.0,0.0,0.0,0.0,0.0,0.0,0.0,0.0,0.0,0.0,0.0,0.0,0.0,0.0,0.0,0.0,0.0,0.0,0.0,0.0,0.0,0.0,0.0,0.0,0.0,0.0,0.3350210014409721,0.0,0.0,0.0,0.0,0.0,0.0,0.0,0.0,0.0,0.0,0.0,0.0,0.0,0.0,0.0,0.0,0.0,0.0,0.0,0.0,0.0,0.0,0.0,0.0,0.0,0.297292266938156,0.0,0.0,0.41535162743790116,0.0,0.0,0.0,0.33444693732094544,0.0,0.0,0.0,0.0,0.0,0.0,0.0,0.19455130378955268,0.0,0.0,0.0,0.17799929581245658,0.0,0.0,0.0,0.0,0.0,0.0,0.0,0.0,0.0,0.0,0.0,0.0,0.0,0.0,0.0,0.0,0.0,0.0,0.0,0.0,0.0,0.0,0.0,0.0,0.0,0.0,0.32718544395643656,0.0,0.0,0.0,0.0,0.0,0.0,0.0,0.0,0.0,0.0,0.23649949613712223,0.26007498361262454,0.0,0.2748092531317541,0.0,0.0,0.0,0.0,0.0,0.0,0.0,0.0,0.0,0.0,0.0,0.0,0.0,0.0,0.0,0.0,0.0,0.0,0.0,0.0,0.0,0.0,0.0,0.0,0.21178693579287597,0.0,0.0,0.0,0.0,0.0,0.0,0.0,0.0,0.3073717519667076,0.0,0.0,0.0,0.0,0.0,0.0
e1957024039b0e48a15c27448f19d4df4f0e4666f9ac34e7f4d42dd3c32e15ed,0.0,0.20598823381998174,0.0,0.0,0.0,0.0,0.0,0.0,0.0,0.0,0.0,0.0,0.09620016381059432,0.0,0.0,0.0,0.0,0.0,0.0,0.0,0.0,0.14059065069740692,0.0,0.0,0.0,0.0,0.0,0.0,0.0,0.0,0.0,0.0,0.0,0.0,0.15748930891017615,0.0,0.0,0.0,0.0,0.0,0.0,0.0,0.17675658609355252,0.0,0.0,0.0,0.0,0.0,0.0,0.0,0.2280720829978329,0.0,0.0,0.0,0.0,0.0,0.0,0.0,0.0,0.32822852825215365,0.1397534884769878,0.0,0.0,0.0,0.0,0.0,0.0,0.0,0.0,0.0,0.0,0.0,0.0,0.0,0.0,0.0,0.0,0.15535999947855952,0.0,0.08367530979678292,0.0,0.0,0.0,0.0,0.0,0.0,0.0,0.0,0.0,0.0,0.0,0.0,0.0,0.0,0.0,0.0,0.0,0.0,0.0,0.0,0.0,0.0,0.12918449640974852,0.0,0.0,0.0,0.0,0.0,0.3159035936847114,0.0,0.0,0.0,0.0,0.0,0.19338681630947302,0.0,0.0,0.11117554435106873,0.12225809503824274,0.10837237928858091,0.12918449640974852,0.2986025013436093,0.21116863877597494,0.28849415831848313,0.0,0.0,0.0,0.0,0.26628728820523245,0.0,0.0,0.0,0.0,0.1379069400775523,0.0,0.0,0.0,0.0,0.0,0.0,0.0,0.0,0.0,0.0,0.0,0.09955846950120413,0.0,0.22289797490601876,0.0,0.0,0.0,0.0,0.0,0.0,0.14449173212287675,0.0,0.0,0.2550985145896779,0.0,0.0,0.0
ea19633a99460ad483a14f6bfc0554f19367acebeb090bd37b43b67ca6ebed41,0.0,0.0,0.0,0.0,0.0,0.0,0.0,0.0,0.0,0.0,0.0,0.0,0.0,0.0,0.0,0.0,0.0,0.0,0.0,0.0,0.0,0.0,0.0,0.0,0.0,0.0,0.0,0.0,0.0,0.0,0.0,0.0,0.0,0.0,0.346960457906147,0.0,0.0,0.0,0.0,0.0,0.0,0.0,0.0,0.0,0.0,0.0,0.0,0.0,0.0,0.0,0.0,0.0,0.0,0.0,0.0,0.0,0.0,0.0,0.0,0.0,0.30788714923889043,0.0,0.0,0.4301539014810349,0.0,0.0,0.0,0.3463659353266811,0.0,0.0,0.0,0.0,0.0,0.0,0.0,0.20148471038748994,0.0,0.0,0.0,0.1843428230362538,0.0,0.0,0.0,0.0,0.0,0.0,0.0,0.0,0.0,0.0,0.0,0.0,0.0,0.0,0.0,0.0,0.0,0.0,0.0,0.0,0.0,0.0,0.0,0.0,0.0,0.0,0.3388456573381492,0.0,0.0,0.0,0.0,0.0,0.0,0.0,0.0,0.0,0.0,0.2449278496612892,0.0,0.0,0.284602887261798,0.0,0.0,0.0,0.0,0.0,0.0,0.0,0.0,0.0,0.0,0.0,0.0,0.0,0.0,0.0,0.0,0.0,0.0,0.0,0.0,0.0,0.0,0.0,0.0,0.21933458471314032,0.0,0.0,0.0,0.0,0.0,0.0,0.0,0.0,0.31832584629347066,0.0,0.0,0.0,0.0,0.0,0.0
1e8e8e440cadb082cff90fecfdbaebda68160a41773e5f70ba71460110dd16e5,0.0,0.21395191576404804,0.2519613515429708,0.0,0.0,0.0,0.0,0.0,0.0,0.0,0.0,0.0,0.0,0.0,0.0,0.0,0.0,0.0,0.0,0.0,0.0,0.0,0.0,0.0,0.0,0.0,0.0,0.0,0.0,0.0,0.0,0.0,0.0,0.0,0.16357798078474314,0.0,0.0,0.0,0.0,0.0,0.0,0.0,0.0,0.0,0.0,0.30366088006415726,0.0,0.0,0.0,0.0,0.2368895455083506,0.0,0.0,0.0,0.0,0.0,0.0,0.0,0.0,0.0,0.14515647830881043,0.0,0.0,0.2028003624839014,0.19317958814479508,0.0,0.0,0.163297687163773,0.0,0.0,0.0,0.0,0.0,0.0,0.0,0.09499198347582205,0.0,0.0,0.0,0.08691026910215348,0.0,0.0,0.0,0.0,0.31482936244837817,0.2940275147703309,0.0,0.0,0.0,0.0,0.0,0.0,0.0,0.0,0.0,0.0,0.0,0.0,0.0,0.0,0.0,0.0,0.0,0.0,0.0,0.0,0.0,0.0,0.0,0.0,0.0,0.0,0.0,0.0,0.20086331663526408,0.0,0.0,0.1154736863310815,0.12698469794131376,0.11256214850098269,0.134178879935609,0.0,0.21933259962260737,0.0,0.0,0.0,0.0,0.0,0.0,0.0,0.0,0.0,0.0,0.0,0.0,0.0,0.0,0.0,0.0,0.0,0.0,0.0,0.0,0.0,0.2996475901284638,0.10340748539518238,0.21337874148874675,0.0,0.0,0.0,0.0,0.0,0.0,0.0,0.15007790652145642,0.0,0.0,0.2649608421455875,0.0,0.0,0.0
ec35c76ad2c8192f09c02eca1f263b406163470ca8438d054db7adcf5bfc0597,0.0,0.20928348692256052,0.0,0.0,0.0,0.0,0.0,0.0,0.0,0.0,0.0,0.0,0.09773910553744307,0.0,0.0,0.0,0.0,0.0,0.0,0.0,0.0,0.14283971982777807,0.0,0.0,0.0,0.0,0.0,0.0,0.0,0.0,0.0,0.0,0.0,0.0,0.16000871074291764,0.0,0.0,0.0,0.0,0.0,0.0,0.0,0.0,0.0,0.0,0.0,0.0,0.0,0.0,0.0,0.23172061779602443,0.0,0.0,0.0,0.0,0.0,0.0,0.0,0.0,0.333479294550888,0.1419891652822099,0.0,0.0,0.0,0.0,0.0,0.0,0.0,0.0,0.0,0.0,0.0,0.0,0.0,0.0,0.0,0.0,0.15784533813506632,0.0,0.08501388782672058,0.0,0.0,0.0,0.0,0.0,0.0,0.0,0.0,0.0,0.0,0.0,0.0,0.0,0.0,0.0,0.0,0.0,0.0,0.0,0.0,0.0,0.0,0.1312510980049218,0.0,0.0,0.0,0.0,0.0,0.32095719445549653,0.0,0.0,0.0,0.0,0.0,0.19648048090683318,0.0,0.0,0.11295405155344566,0.12421389299582035,0.1101060434521206,0.1312510980049218,0.30337933155736907,0.21454676430863032,0.2931092824575912,0.0,0.0,0.0,0.0,0.27054716264739326,0.0,0.0,0.0,0.0,0.14011307711620882,0.0,0.0,0.0,0.0,0.0,0.0,0.0,0.0,0.0,0.0,0.0,0.10115113501140287,0.0,0.2264637380068835,0.0,0.0,0.0,0.0,0.0,0.0,0.14680320797635196,0.0,0.0,0.2591793989978597,0.0,0.0,0.0
ecac12520eaa08addb97ed05c2ac1406d56e58eb422954b704ef5c5516e02397,0.0,0.0,0.0,0.0,0.0,0.0,0.0,0.0,0.0,0.0,0.0,0.0,0.0,0.0,0.0,0.0,0.0,0.0,0.0,0.0,0.0,0.0,0.0,0.0,0.0,0.0,0.0,0.0,0.0,0.0,0.0,0.0,0.0,0.0,0.0,0.0,0.0,0.0,0.0,0.0,0.0,0.0,0.2870052375993573,0.0,0.0,0.0,0.0,0.0,0.0,0.0,0.0,0.0,0.0,0.0,0.0,0.0,0.0,0.0,0.0,0.0,0.0,0.0,0.0,0.0,0.0,0.0,0.0,0.2552821714917884,0.0,0.0,0.0,0.0,0.0,0.0,0.0,0.0,0.0,0.0,0.0,0.0,0.0,0.0,0.0,0.0,0.0,0.0,0.0,0.0,0.0,0.0,0.0,0.0,0.0,0.0,0.0,0.0,0.0,0.0,0.0,0.0,0.0,0.0,0.20976093680950325,0.0,0.3562962955544791,0.0,0.0,0.0,0.0,0.0,0.0,0.0,0.0,0.0,0.0,0.0,0.0,0.0,0.19851432068462868,0.1759676465490492,0.0,0.0,0.0,0.0,0.0,0.0,0.0,0.0,0.0,0.0,0.0,0.0,0.0,0.22392384339562652,0.6851205297430121,0.0,0.0,0.0,0.0,0.0,0.0,0.0,0.30266768840862895,0.0,0.0,0.0,0.0,0.0,0.0,0.0,0.0,0.0,0.0,0.0,0.0,0.0,0.0,0.0,0.0,0.0,0.0
ecd8e9ed858fc2d170b243352ea0e8e16e87d48d5de04f8de5f8f6e1026c76fe,0.0,0.0,0.0,0.0,0.0,0.0,0.0,0.0,0.0,0.0,0.0,0.0,0.0,0.0,0.0,0.0,0.0,0.0,0.0,0.0,0.0,0.0,0.0,0.0,0.0,0.0,0.0,0.0,0.0,0.0,0.0,0.0,0.0,0.0,0.3136516523044587,0.0,0.0,0.0,0.0,0.0,0.0,0.0,0.0,0.0,0.0,0.0,0.0,0.0,0.0,0.0,0.0,0.0,0.0,0.0,0.0,0.0,0.0,0.0,0.0,0.0,0.27832944902386975,0.0,0.0,0.3888583810355457,0.0,0.0,0.0,0.31311420492354636,0.0,0.0,0.0,0.0,0.0,0.0,0.0,0.1821418288081004,0.0,0.0,0.0,0.16664559236727092,0.0,0.0,0.0,0.0,0.0,0.0,0.0,0.0,0.0,0.0,0.0,0.0,0.0,0.0,0.0,0.0,0.0,0.0,0.0,0.0,0.0,0.0,0.2572805165723786,0.0,0.0,0.0,0.3063158866623631,0.0,0.0,0.0,0.0,0.0,0.0,0.0,0.0,0.0,0.23939173486276488,0.2214143513795506,0.2434860739544627,0.0,0.2572805165723786,0.0,0.0,0.0,0.0,0.0,0.0,0.0,0.0,0.0,0.0,0.0,0.0,0.0,0.0,0.0,0.0,0.0,0.0,0.0,0.0,0.0,0.0,0.0,0.0,0.19827808424612386,0.0,0.0,0.0,0.0,0.0,0.0,0.0,0.0,0.28776601306011046,0.0,0.0,0.0,0.0,0.0,0.0
ed42bb9e3f5959e3d58872874381d92e50c601cd1be46effeb3724ff19eeef71,0.0,0.0,0.0,0.0,0.0,0.0,0.0,0.0,0.0,0.0,0.0,0.0,0.0,0.0,0.0,0.0,0.0,0.5405803754581913,0.0,0.0,0.0,0.0,0.0,0.0,0.0,0.0,0.0,0.0,0.0,0.0,0.0,0.0,0.0,0.0,0.0,0.0,0.0,0.0,0.0,0.0,0.0,0.0,0.0,0.0,0.0,0.0,0.0,0.0,0.0,0.0,0.0,0.0,0.0,0.0,0.0,0.0,0.0,0.0,0.0,0.0,0.40076674934003054,0.0,0.0,0.0,0.0,0.0,0.0,0.0,0.0,0.0,0.0,0.0,0.0,0.0,0.0,0.0,0.0,0.0,0.0,0.0,0.0,0.0,0.0,0.0,0.0,0.0,0.0,0.0,0.0,0.0,0.0,0.0,0.0,0.0,0.0,0.0,0.0,0.0,0.0,0.33725188087840335,0.0,0.0,0.37045837821636074,0.0,0.0,0.0,0.4410644385616428,0.0,0.0,0.0,0.0,0.0,0.0,0.0,0.0,0.0,0.0,0.3188146643153229,0.0,0.0,0.0,0.0,0.0,0.0,0.0,0.0,0.0,0.0,0.0,0.0,0.0,0.0,0.0,0.0,0.0,0.0,0.0,0.0,0.0,0.0,0.0,0.0,0.0,0.0,0.0,0.0,0.0,0.0,0.0,0.0,0.0,0.0,0.0,0.0,0.0,0.0,0.0,0.0,0.0,0.0,0.0
ede12e010ddaffd96dbc21854ff8a5f24d75cd9766d6eb41fce18824c5c18889,0.0,0.0,0.0,0.0,0.0,0.0,0.3121878603572922,0.0,0.0,0.0,0.0,0.0,0.11719821667802426,0.0,0.0,0.0,0.30280394150826784,0.2296552842797099,0.0,0.0,0.0,0.0,0.0,0.0,0.0,0.30939588635528836,0.0,0.0,0.0,0.0,0.0,0.0,0.0,0.0,0.0,0.0,0.0,0.0,0.0,0.0,0.0,0.0,0.0,0.0,0.0,0.0,0.0,0.0,0.0,0.28570372987785725,0.0,0.0,0.0,0.0,0.0,0.0,0.0,0.0,0.0,0.0,0.1702581261325463,0.31078004239147355,0.0,0.0,0.0,0.0,0.0,0.0,0.0,0.0,0.0,0.0,0.0,0.0,0.0,0.11141877574213382,0.0,0.0,0.0,0.0,0.0,0.0,0.0,0.0,0.0,0.0,0.0,0.0,0.24446220801263252,0.0,0.0,0.0,0.0,0.0,0.0,0.0,0.0,0.0,0.0,0.0,0.0,0.0,0.0,0.0,0.0,0.0,0.0,0.0,0.0,0.0,0.0,0.0,0.0,0.0,0.2355982474742407,0.26815436449006363,0.14643936648564354,0.13544234250793374,0.1489439325815004,0.13202731769545484,0.15738219148441612,0.0,0.0,0.0,0.0,0.0,0.0,0.0,0.0,0.0,0.0,0.0,0.30030813397939615,0.0,0.0,0.0,0.0,0.0,0.0,0.0,0.0,0.0,0.0,0.1810743479618472,0.0,0.12128955522058697,0.0,0.0,0.0,0.0,0.0,0.0,0.0,0.0,0.0,0.0,0.0,0.0,0.0,0.0,0.0
9ca18641bc6b48708e4314b3f8275860aef6b9ea16cd6230d781f0abaa84c853,0.0,0.0,0.0,0.0,0.0,0.0,0.0,0.0,0.0,0.0,0.24422791620719927,0.0,0.15908203133236412,0.0,0.0,0.0,0.0,0.0,0.0,0.0,0.0,0.23248865088542903,0.0,0.0,0.0,0.0,0.33439703522111697,0.0,0.0,0.0,0.0,0.0,0.0,0.0,0.0,0.0,0.0,0.0,0.0,0.0,0.0,0.0,0.0,0.0,0.30893371677275966,0.0,0.0,0.0,0.0,0.0,0.0,0.0,0.0,0.0,0.0,0.0,0.0,0.0,0.30688251869493494,0.0,0.0,0.0,0.0,0.0,0.0,0.0,0.0,0.0,0.0,0.0,0.0,0.0,0.0,0.0,0.0,0.15123715766357163,0.0,0.25691208128818666,0.0,0.1383702244108981,0.0,0.0,0.0,0.0,0.0,0.0,0.0,0.0,0.0,0.0,0.0,0.0,0.0,0.0,0.0,0.0,0.0,0.0,0.0,0.0,0.0,0.0,0.0,0.0,0.0,0.0,0.0,0.0,0.0,0.0,0.0,0.0,0.0,0.0,0.0,0.0,0.0,0.0,0.0,0.17921069522804972,0.0,0.0,0.0,0.0,0.251004970432325,0.0,0.2887827596497382,0.0,0.440347719252115,0.0,0.0,0.0,0.0,0.2280507152312312,0.0,0.0,0.0,0.0,0.0,0.0,0.0,0.0,0.0,0.0,0.0,0.16463551554626948,0.0,0.0,0.0,0.0,0.0,0.0,0.0,0.0,0.0,0.0,0.0,0.0,0.0,0.0,0.0
c65fa1c272dfed333cc5998c8a49afb64f1e29ee034d2028486535e7e312689d,0.0,0.0,0.0,0.0,0.0,0.0,0.30534877471567196,0.0,0.0,0.0,0.0,0.0,0.11463076053162305,0.0,0.0,0.0,0.29617042896160733,0.2246242361299131,0.0,0.0,0.0,0.0,0.0,0.0,0.0,0.302617964364577,0.0,0.0,0.0,0.0,0.0,0.0,0.0,0.0,0.0,0.0,0.0,0.0,0.0,0.0,0.0,0.0,0.0,0.0,0.0,0.0,0.0,0.0,0.0,0.2794448309106497,0.0,0.0,0.0,0.0,0.0,0.0,0.0,0.0,0.0,0.0,0.16652828889778123,0.30397179775573047,0.0,0.0,0.0,0.0,0.0,0.0,0.0,0.0,0.0,0.0,0.0,0.0,0.0,0.10897792955255797,0.0,0.0,0.0,0.0,0.0,0.0,0.0,0.0,0.0,0.0,0.0,0.0,0.2391067852398683,0.0,0.0,0.0,0.0,0.0,0.0,0.0,0.0,0.0,0.0,0.14013632304257911,0.0,0.0,0.15393442678018984,0.0,0.0,0.0,0.0,0.0,0.0,0.0,0.0,0.0,0.0,0.0,0.23043700709273485,0.26227991869379563,0.1432313257644133,0.13247521310433272,0.14568102444164263,0.12913500108929593,0.15393442678018984,0.0,0.0,0.0,0.0,0.0,0.0,0.0,0.0,0.0,0.0,0.0,0.2937292969778238,0.0,0.0,0.0,0.0,0.0,0.0,0.0,0.0,0.0,0.0,0.17710756023411714,0.0,0.11863247030178756,0.0,0.0,0.0,0.0,0.0,0.0,0.0,0.0,0.0,0.0,0.0,0.0,0.0,0.0,0.0
ef2e0cc0c05fb633f539b333d88842ebef9a357d790fe1dd3cb28934be350d3f,0.0,0.0,0.0,0.0,0.0,0.0,0.0,0.0,0.0,0.0,0.0,0.0,0.0,0.0,0.0,0.0,0.0,0.5405803754581913,0.0,0.0,0.0,0.0,0.0,0.0,0.0,0.0,0.0,0.0,0.0,0.0,0.0,0.0,0.0,0.0,0.0,0.0,0.0,0.0,0.0,0.0,0.0,0.0,0.0,0.0,0.0,0.0,0.0,0.0,0.0,0.0,0.0,0.0,0.0,0.0,0.0,0.0,0.0,0.0,0.0,0.0,0.40076674934003054,0.0,0.0,0.0,0.0,0.0,0.0,0.0,0.0,0.0,0.0,0.0,0.0,0.0,0.0,0.0,0.0,0.0,0.0,0.0,0.0,0.0,0.0,0.0,0.0,0.0,0.0,0.0,0.0,0.0,0.0,0.0,0.0,0.0,0.0,0.0,0.0,0.0,0.0,0.33725188087840335,0.0,0.0,0.37045837821636074,0.0,0.0,0.0,0.4410644385616428,0.0,0.0,0.0,0.0,0.0,0.0,0.0,0.0,0.0,0.0,0.3188146643153229,0.0,0.0,0.0,0.0,0.0,0.0,0.0,0.0,0.0,0.0,0.0,0.0,0.0,0.0,0.0,0.0,0.0,0.0,0.0,0.0,0.0,0.0,0.0,0.0,0.0,0.0,0.0,0.0,0.0,0.0,0.0,0.0,0.0,0.0,0.0,0.0,0.0,0.0,0.0,0.0,0.0,0.0,0.0
f0d31250d3ba9430c0e38a9fb626cc3ff4b10e05fe6f0a22707a6757f74f22b2,0.0,0.0,0.0,0.0,0.0,0.0,0.0,0.0,0.0,0.0,0.0,0.0,0.0,0.0,0.0,0.0,0.0,0.0,0.0,0.0,0.0,0.0,0.0,0.0,0.0,0.0,0.0,0.0,0.0,0.0,0.0,0.0,0.0,0.0,0.3350210014409721,0.0,0.0,0.0,0.0,0.0,0.0,0.0,0.0,0.0,0.0,0.0,0.0,0.0,0.0,0.0,0.0,0.0,0.0,0.0,0.0,0.0,0.0,0.0,0.0,0.0,0.297292266938156,0.0,0.0,0.41535162743790116,0.0,0.0,0.0,0.33444693732094544,0.0,0.0,0.0,0.0,0.0,0.0,0.0,0.19455130378955268,0.0,0.0,0.0,0.17799929581245658,0.0,0.0,0.0,0.0,0.0,0.0,0.0,0.0,0.0,0.0,0.0,0.0,0.0,0.0,0.0,0.0,0.0,0.0,0.0,0.0,0.0,0.0,0.0,0.0,0.0,0.0,0.32718544395643656,0.0,0.0,0.0,0.0,0.0,0.0,0.0,0.0,0.0,0.0,0.23649949613712223,0.26007498361262454,0.0,0.2748092531317541,0.0,0.0,0.0,0.0,0.0,0.0,0.0,0.0,0.0,0.0,0.0,0.0,0.0,0.0,0.0,0.0,0.0,0.0,0.0,0.0,0.0,0.0,0.0,0.0,0.21178693579287597,0.0,0.0,0.0,0.0,0.0,0.0,0.0,0.0,0.3073717519667076,0.0,0.0,0.0,0.0,0.0,0.0
1ea73303f294c3f3c99b4651232952bfd97956bee1901b772298b58bde101018,0.0,0.0,0.0,0.0,0.0,0.0,0.0,0.0,0.0,0.0,0.27468681262100925,0.0,0.1789219545847909,0.0,0.0,0.0,0.0,0.0,0.0,0.0,0.0,0.2614834842553293,0.0,0.0,0.0,0.0,0.37610137768557156,0.0,0.0,0.0,0.0,0.0,0.0,0.0,0.2929131704172153,0.0,0.0,0.0,0.0,0.0,0.0,0.0,0.0,0.0,0.3474624002420633,0.0,0.0,0.0,0.0,0.0,0.0,0.0,0.0,0.0,0.0,0.0,0.0,0.0,0.34515538689648817,0.0,0.0,0.0,0.0,0.0,0.0,0.0,0.0,0.0,0.0,0.0,0.0,0.0,0.0,0.0,0.0,0.1700987071159515,0.0,0.28895288396520075,0.0,0.15562707365867853,0.0,0.0,0.0,0.0,0.0,0.0,0.0,0.0,0.0,0.0,0.0,0.0,0.0,0.0,0.0,0.0,0.0,0.0,0.0,0.0,0.0,0.0,0.0,0.0,0.0,0.0,0.0,0.0,0.0,0.0,0.0,0.0,0.0,0.0,0.0,0.0,0.0,0.0,0.0,0.20156096577438265,0.0,0.0,0.0,0.0,0.2823090674924802,0.0,0.0,0.0,0.0,0.0,0.0,0.0,0.0,0.2564920712407969,0.0,0.0,0.0,0.0,0.0,0.0,0.0,0.0,0.0,0.0,0.0,0.18516804185175417,0.0,0.0,0.0,0.0,0.0,0.0,0.0,0.0,0.0,0.0,0.0,0.0,0.0,0.0,0.0
f1e3ec3fe9b4347019a298a11db3a2c357e91b61b7152dc28b4ecef57968dbbb,0.0,0.0,0.0,0.0,0.0,0.0,0.0,0.0,0.0,0.0,0.0,0.0,0.0,0.0,0.0,0.0,0.0,0.5405803754581913,0.0,0.0,0.0,0.0,0.0,0.0,0.0,0.0,0.0,0.0,0.0,0.0,0.0,0.0,0.0,0.0,0.0,0.0,0.0,0.0,0.0,0.0,0.0,0.0,0.0,0.0,0.0,0.0,0.0,0.0,0.0,0.0,0.0,0.0,0.0,0.0,0.0,0.0,0.0,0.0,0.0,0.0,0.40076674934003054,0.0,0.0,0.0,0.0,0.0,0.0,0.0,0.0,0.0,0.0,0.0,0.0,0.0,0.0,0.0,0.0,0.0,0.0,0.0,0.0,0.0,0.0,0.0,0.0,0.0,0.0,0.0,0.0,0.0,0.0,0.0,0.0,0.0,0.0,0.0,0.0,0.0,0.0,0.33725188087840335,0.0,0.0,0.37045837821636074,0.0,0.0,0.0,0.4410644385616428,0.0,0.0,0.0,0.0,0.0,0.0,0.0,0.0,0.0,0.0,0.3188146643153229,0.0,0.0,0.0,0.0,0.0,0.0,0.0,0.0,0.0,0.0,0.0,0.0,0.0,0.0,0.0,0.0,0.0,0.0,0.0,0.0,0.0,0.0,0.0,0.0,0.0,0.0,0.0,0.0,0.0,0.0,0.0,0.0,0.0,0.0,0.0,0.0,0.0,0.0,0.0,0.0,0.0,0.0,0.0
f2a654fdff13b9c6acfbfc7b7df98cfe1a2378989941b262391f2a0869e01919,0.0,0.2278811127926049,0.0,0.0,0.0,0.0,0.0,0.0,0.0,0.0,0.0,0.28611363513591825,0.10642452713657165,0.0,0.0,0.0,0.0,0.0,0.0,0.0,0.0,0.0,0.34947851694756243,0.0,0.37980108691401837,0.0,0.0,0.0,0.0,0.0,0.0,0.0,0.0,0.0,0.0,0.0,0.0,0.0,0.0,0.0,0.0,0.0,0.0,0.0,0.20667403130774378,0.0,0.0,0.22198951168328668,0.0,0.0,0.0,0.0,0.0,0.0,0.0,0.0,0.3279643111735675,0.0,0.0,0.0,0.0,0.0,0.0,0.0,0.0,0.0,0.0,0.0,0.0,0.0,0.0,0.0,0.0,0.0,0.0,0.10117637331520708,0.0,0.0,0.0,0.09256850430797357,0.0,0.0,0.0,0.0,0.0,0.0,0.0,0.0,0.0,0.0,0.0,0.0,0.0,0.0,0.0,0.0,0.0,0.0,0.0,0.13010418708990457,0.0,0.0,0.1429145065787252,0.0,0.0,0.0,0.1701527359428358,0.0,0.0,0.0,0.0,0.0,0.0,0.0,0.0,0.0,0.1329776235011263,0.12299152379832462,0.0,0.11989043223627294,0.1429145065787252,0.0,0.0,0.0,0.0,0.0,0.19319321222839503,0.0,0.0,0.0,0.0,0.0,0.0,0.0,0.0,0.0,0.0,0.0,0.0,0.0,0.0,0.0,0.20621381656740792,0.0,0.0,0.11013976088406187,0.0,0.0,0.0,0.0,0.0,0.0,0.0,0.0,0.0,0.37980108691401837,0.0,0.0,0.0,0.0,0.0
f3e814c41e5d714dfc54c93674dba21a3226b57119abf9e56adcd1423bec1b35,0.0,0.0,0.0,0.0,0.0,0.0,0.0,0.0,0.0,0.0,0.0,0.0,0.1371604818199799,0.0,0.0,0.0,0.0,0.0,0.0,0.0,0.0,0.0,0.4504097228334073,0.0,0.0,0.0,0.0,0.0,0.0,0.0,0.0,0.0,0.0,0.0,0.0,0.0,0.0,0.0,0.0,0.0,0.0,0.0,0.2520163953273485,0.2373055024344596,0.0,0.0,0.0,0.0,0.0,0.0,0.0,0.0,0.0,0.0,0.0,0.0,0.0,0.0,0.0,0.0,0.0,0.0,0.0,0.0,0.0,0.0,0.0,0.0,0.0,0.0,0.0,0.0,0.0,0.0,0.41132983759903896,0.1303966339911802,0.2777148274532954,0.22150952285264514,0.0,0.0,0.0,0.0,0.0,0.0,0.0,0.0,0.0,0.0,0.0,0.0,0.0,0.0,0.0,0.0,0.0,0.0,0.0,0.0,0.0,0.1676789502212016,0.0,0.0,0.1841889563319144,0.0,0.0,0.0,0.21929372742204306,0.0,0.0,0.0,0.0,0.0,0.0,0.0,0.0,0.0,0.1713822499515023,0.0,0.0,0.0,0.0,0.0,0.0,0.0,0.0,0.0,0.24898841260146296,0.0,0.0,0.0,0.0,0.0,0.0,0.1966252613103457,0.0,0.0,0.0,0.0,0.0,0.0,0.0,0.0,0.0,0.0,0.0,0.14194869431751508,0.29290755532532564,0.0,0.0,0.0,0.0,0.0,0.0,0.0,0.0,0.0,0.0,0.0,0.0,0.0,0.0
f4ba5e8f98fe70d764df71b7c390237b90ed0fc3408579a15a06ee56008a3531,0.0,0.0,0.0,0.0,0.0,0.0,0.0,0.0,0.0,0.0,0.0,0.0,0.2106488866425081,0.0,0.0,0.0,0.0,0.0,0.0,0.0,0.0,0.0,0.0,0.0,0.0,0.0,0.0,0.0,0.0,0.0,0.0,0.0,0.0,0.0,0.0,0.0,0.0,0.0,0.0,0.0,0.0,0.0,0.0,0.36445001664231724,0.0,0.0,0.0,0.0,0.0,0.0,0.0,0.0,0.0,0.0,0.0,0.0,0.0,0.0,0.0,0.0,0.0,0.0,0.0,0.0,0.0,0.0,0.0,0.0,0.0,0.0,0.0,0.0,0.0,0.0,0.0,0.20026107671613289,0.42651001535510286,0.3401908024124915,0.0,0.0,0.0,0.0,0.0,0.0,0.0,0.0,0.0,0.0,0.0,0.0,0.0,0.0,0.0,0.0,0.0,0.0,0.0,0.0,0.0,0.0,0.0,0.0,0.0,0.0,0.0,0.0,0.0,0.0,0.0,0.0,0.0,0.0,0.0,0.0,0.0,0.0,0.26320613389178965,0.0,0.0,0.0,0.0,0.0,0.0,0.0,0.3323688861681521,0.0,0.0,0.0,0.0,0.0,0.0,0.0,0.0,0.30197394928356935,0.0,0.0,0.0,0.0,0.0,0.0,0.0,0.0,0.408164471470784,0.0,0.0,0.2180025472467144,0.0,0.0,0.0,0.0,0.0,0.0,0.0,0.0,0.0,0.0,0.0,0.0,0.0,0.0,0.0
f4db61bb14a7af406c9cfc33075c6f74ab711bedf1e1fd6edc4f524bd304c1b6,0.0,0.0,0.2758620275116909,0.0,0.3043714134335676,0.0,0.0,0.0,0.0,0.0,0.0,0.0,0.0,0.0,0.0,0.0,0.0,0.21436950801817334,0.0,0.0,0.0,0.0,0.0,0.0,0.0,0.0,0.0,0.0,0.0,0.0,0.0,0.0,0.0,0.0,0.0,0.0,0.0,0.0,0.0,0.0,0.0,0.0,0.0,0.0,0.0,0.0,0.0,0.0,0.0,0.0,0.0,0.0,0.0,0.0,0.0,0.0,0.0,0.0,0.0,0.0,0.15892580416602528,0.0,0.0,0.0,0.0,0.0,0.4125262149744537,0.0,0.0,0.0,0.0,0.0,0.0,0.0,0.0,0.0,0.0,0.0,0.0,0.0,0.0,0.0,0.0,0.0,0.0,0.0,0.0,0.0,0.0,0.0,0.0,0.0,0.0,0.0,0.0,0.0,0.0,0.0,0.0,0.13373870577678484,0.0,0.0,0.14690688727303536,0.0,0.0,0.0,0.17490602876330977,0.0,0.0,0.0,0.0,0.0,0.0,0.0,0.2199169096387257,0.2503061027703058,0.13669241291999257,0.12642734705329792,0.0,0.0,0.0,0.0,0.24013816111390193,0.0,0.0,0.0,0.0,0.0,0.0,0.0,0.0,0.0,0.0,0.0,0.0,0.0,0.0,0.0,0.0,0.0,0.3530881684283761,0.0,0.0,0.0,0.32807171117961187,0.0,0.0,0.0,0.0,0.0,0.0,0.0,0.0,0.0,0.0,0.0,0.0,0.2900946302989697,0.0,0.0,0.0
f6c3a225383873e0d278e419b531ded61dab33208c77b8946183c51ce03cc32c,0.0,0.0,0.0,0.0,0.0,0.0,0.0,0.0,0.0,0.0,0.0,0.0,0.0,0.0,0.0,0.0,0.0,0.0,0.0,0.0,0.0,0.0,0.0,0.0,0.0,0.0,0.0,0.0,0.0,0.0,0.0,0.0,0.0,0.0,0.32331207508787624,0.0,0.0,0.0,0.0,0.0,0.0,0.0,0.362866146475691,0.0,0.0,0.0,0.0,0.0,0.0,0.0,0.0,0.0,0.0,0.0,0.0,0.0,0.0,0.0,0.0,0.0,0.2869019533639275,0.0,0.0,0.40083515952875204,0.0,0.0,0.0,0.322758074410065,0.0,0.0,0.0,0.0,0.0,0.0,0.0,0.1877517691986682,0.0,0.0,0.0,0.1717782510522576,0.0,0.0,0.0,0.0,0.0,0.0,0.0,0.0,0.0,0.0,0.0,0.0,0.0,0.0,0.0,0.0,0.0,0.0,0.0,0.0,0.0,0.0,0.0,0.0,0.0,0.0,0.31575036898915615,0.0,0.0,0.0,0.0,0.0,0.0,0.0,0.0,0.0,0.0,0.228233879441741,0.0,0.0,0.2652047170213935,0.0,0.0,0.0,0.0,0.0,0.0,0.0,0.0,0.0,0.0,0.0,0.0,0.0,0.0,0.0,0.0,0.0,0.0,0.0,0.0,0.0,0.0,0.0,0.0,0.20438501882922097,0.0,0.0,0.0,0.0,0.0,0.0,0.0,0.0,0.2966291621251142,0.0,0.0,0.0,0.0,0.0,0.0
f6e45bfd982d0d6636a4b4799a3d1febede323286f9ae3236487b1d3ce844d72,0.0,0.0,0.0,0.0,0.0,0.0,0.0,0.0,0.0,0.0,0.0,0.0,0.0,0.0,0.0,0.0,0.0,0.0,0.0,0.0,0.0,0.0,0.0,0.0,0.0,0.0,0.0,0.0,0.0,0.0,0.0,0.0,0.0,0.0,0.346960457906147,0.0,0.0,0.0,0.0,0.0,0.0,0.0,0.0,0.0,0.0,0.0,0.0,0.0,0.0,0.0,0.0,0.0,0.0,0.0,0.0,0.0,0.0,0.0,0.0,0.0,0.30788714923889043,0.0,0.0,0.4301539014810349,0.0,0.0,0.0,0.3463659353266811,0.0,0.0,0.0,0.0,0.0,0.0,0.0,0.20148471038748994,0.0,0.0,0.0,0.1843428230362538,0.0,0.0,0.0,0.0,0.0,0.0,0.0,0.0,0.0,0.0,0.0,0.0,0.0,0.0,0.0,0.0,0.0,0.0,0.0,0.0,0.0,0.0,0.0,0.0,0.0,0.0,0.3388456573381492,0.0,0.0,0.0,0.0,0.0,0.0,0.0,0.0,0.0,0.0,0.2449278496612892,0.0,0.0,0.284602887261798,0.0,0.0,0.0,0.0,0.0,0.0,0.0,0.0,0.0,0.0,0.0,0.0,0.0,0.0,0.0,0.0,0.0,0.0,0.0,0.0,0.0,0.0,0.0,0.0,0.21933458471314032,0.0,0.0,0.0,0.0,0.0,0.0,0.0,0.0,0.31832584629347066,0.0,0.0,0.0,0.0,0.0,0.0
9cba81a7ac7f0c7a020ca9c4e06f796c4a585e3d1abd77788868dcd59a27fdad,0.0,0.0,0.0,0.0,0.0,0.0,0.0,0.0,0.0,0.0,0.25264371687552806,0.0,0.1645638070703604,0.0,0.0,0.0,0.0,0.0,0.0,0.0,0.0,0.24049993056993701,0.0,0.0,0.0,0.0,0.3459199554351743,0.0,0.0,0.0,0.0,0.0,0.0,0.0,0.0,0.0,0.0,0.0,0.0,0.0,0.0,0.0,0.0,0.0,0.3195792016152039,0.0,0.0,0.0,0.0,0.0,0.0,0.0,0.0,0.0,0.0,0.0,0.0,0.0,0.3174573217151604,0.0,0.0,0.0,0.0,0.0,0.31816029780107724,0.0,0.0,0.0,0.0,0.0,0.0,0.0,0.0,0.0,0.0,0.15644860847684156,0.0,0.26576496305118935,0.0,0.14313829615780727,0.0,0.0,0.0,0.0,0.0,0.0,0.0,0.0,0.0,0.0,0.0,0.0,0.0,0.0,0.0,0.0,0.0,0.0,0.0,0.0,0.0,0.0,0.0,0.0,0.0,0.0,0.0,0.0,0.0,0.0,0.0,0.0,0.0,0.0,0.0,0.0,0.0,0.1901812856322468,0.0,0.18538608054883488,0.0,0.0,0.0,0.0,0.25965430024983066,0.0,0.29873386671155433,0.0,0.0,0.0,0.0,0.0,0.0,0.23590906898317332,0.0,0.0,0.0,0.0,0.0,0.0,0.0,0.0,0.0,0.0,0.0,0.17030865768039588,0.0,0.0,0.0,0.0,0.0,0.0,0.0,0.0,0.0,0.0,0.0,0.0,0.0,0.0,0.0
f7c432afe20c31ddd75dbb214f1b7aaeb400d9d17da6d9e3c0d7cf1dd38bf524,0.0,0.0,0.0,0.0,0.0,0.0,0.0,0.0,0.0,0.0,0.0,0.262002933677185,0.0,0.3291726522253982,0.0,0.0,0.0,0.0,0.0,0.0,0.0,0.0,0.0,0.3360266257605084,0.0,0.0,0.0,0.0,0.0,0.3952638826454295,0.0,0.0,0.0,0.0,0.15954551267863895,0.0,0.0,0.0,0.0,0.0,0.0,0.0,0.0,0.0,0.0,0.0,0.0,0.0,0.0,0.0,0.0,0.0,0.0,0.0,0.0,0.0,0.30032686707878137,0.0,0.0,0.0,0.0,0.0,0.0,0.0,0.0,0.0,0.0,0.0,0.0,0.0,0.0,0.0,0.0,0.0,0.0,0.09265027377954026,0.0,0.0,0.0,0.08476778704823601,0.0,0.0,0.0,0.0,0.0,0.0,0.0,0.0,0.0,0.0,0.0,0.0,0.0,0.0,0.0,0.0,0.0,0.0,0.0,0.1191403502494629,0.0,0.4624336011936427,0.13087114834938077,0.0,0.0,0.0,0.0,0.0,0.0,0.0,0.0,0.0,0.0,0.0,0.19591170325715374,0.0,0.12177164312411844,0.0,0.0,0.0,0.0,0.0,0.0,0.0,0.0,0.0,0.0,0.0,0.0,0.0,0.0,0.0,0.0,0.0,0.0,0.0,0.0,0.0,0.3522151393491631,0.0,0.0,0.0,0.0,0.0,0.0,0.0,0.0,0.0,0.0,0.0,0.0,0.0,0.0,0.0,0.0,0.0,0.0,0.0,0.0,0.0,0.0
1edc828da884f2b17544ba6609f55bba3c950093528a5e857a23be8ae78fcb36,0.0,0.0,0.0,0.0,0.0,0.0,0.0,0.0,0.0,0.0,0.0,0.0,0.2790010114117858,0.0,0.0,0.0,0.0,0.0,0.0,0.0,0.0,0.0,0.0,0.0,0.0,0.0,0.0,0.0,0.0,0.0,0.0,0.0,0.0,0.0,0.0,0.0,0.0,0.0,0.0,0.0,0.0,0.0,0.5126318328406481,0.0,0.0,0.0,0.0,0.0,0.0,0.0,0.0,0.0,0.0,0.0,0.0,0.0,0.0,0.0,0.0,0.0,0.0,0.0,0.0,0.0,0.0,0.0,0.0,0.0,0.0,0.0,0.0,0.0,0.0,0.0,0.0,0.2652425267503851,0.0,0.0,0.0,0.24267626102447398,0.0,0.0,0.0,0.0,0.0,0.0,0.0,0.0,0.0,0.0,0.0,0.0,0.0,0.0,0.0,0.0,0.0,0.0,0.0,0.34107926775572905,0.0,0.0,0.0,0.0,0.0,0.0,0.0,0.0,0.0,0.0,0.0,0.0,0.0,0.0,0.0,0.0,0.3486122273706638,0.0,0.0,0.0,0.0,0.0,0.0,0.0,0.0,0.0,0.0,0.0,0.0,0.0,0.0,0.0,0.0,0.0,0.0,0.0,0.0,0.0,0.0,0.0,0.0,0.0,0.5406071789782037,0.0,0.0,0.0,0.0,0.0,0.0,0.0,0.0,0.0,0.0,0.0,0.0,0.0,0.0,0.0,0.0,0.0,0.0
f25a3e2bbaa9bed0210adf5bff0bc5d76fbf44e09ae4bc22e40473814a6ebad1,0.0,0.0,0.0,0.0,0.0,0.0,0.0,0.0,0.0,0.0,0.0,0.0,0.0,0.0,0.0,0.0,0.0,0.5405803754581913,0.0,0.0,0.0,0.0,0.0,0.0,0.0,0.0,0.0,0.0,0.0,0.0,0.0,0.0,0.0,0.0,0.0,0.0,0.0,0.0,0.0,0.0,0.0,0.0,0.0,0.0,0.0,0.0,0.0,0.0,0.0,0.0,0.0,0.0,0.0,0.0,0.0,0.0,0.0,0.0,0.0,0.0,0.40076674934003054,0.0,0.0,0.0,0.0,0.0,0.0,0.0,0.0,0.0,0.0,0.0,0.0,0.0,0.0,0.0,0.0,0.0,0.0,0.0,0.0,0.0,0.0,0.0,0.0,0.0,0.0,0.0,0.0,0.0,0.0,0.0,0.0,0.0,0.0,0.0,0.0,0.0,0.0,0.33725188087840335,0.0,0.0,0.37045837821636074,0.0,0.0,0.0,0.4410644385616428,0.0,0.0,0.0,0.0,0.0,0.0,0.0,0.0,0.0,0.0,0.3188146643153229,0.0,0.0,0.0,0.0,0.0,0.0,0.0,0.0,0.0,0.0,0.0,0.0,0.0,0.0,0.0,0.0,0.0,0.0,0.0,0.0,0.0,0.0,0.0,0.0,0.0,0.0,0.0,0.0,0.0,0.0,0.0,0.0,0.0,0.0,0.0,0.0,0.0,0.0,0.0,0.0,0.0,0.0,0.0
f42bcc81c05e8944649958f8b9296c5523d1eb8ab00842d66530702e476561ef,0.0,0.0,0.0,0.0,0.0,0.0,0.0,0.0,0.0,0.0,0.0,0.35445497061072595,0.0,0.0,0.0,0.0,0.0,0.0,0.0,0.0,0.0,0.0,0.0,0.0,0.0,0.0,0.2771440348170658,0.0,0.0,0.0,0.0,0.0,0.0,0.0,0.0,0.0,0.0,0.0,0.0,0.0,0.0,0.0,0.0,0.0,0.25604035843445916,0.0,0.0,0.0,0.0,0.0,0.0,0.0,0.0,0.0,0.0,0.0,0.0,0.0,0.25434035140203604,0.0,0.0,0.0,0.0,0.0,0.0,0.0,0.0,0.0,0.0,0.0,0.0,0.0,0.0,0.0,0.0,0.1253434440931314,0.0,0.21292548468432626,0.0,0.11467949249735894,0.0,0.0,0.0,0.0,0.0,0.0,0.0,0.0,0.0,0.0,0.0,0.0,0.0,0.0,0.0,0.0,0.0,0.0,0.0,0.16118097898192468,0.0,0.0,0.1770511817975538,0.0,0.0,0.0,0.0,0.0,0.0,0.0,0.0,0.0,0.0,0.0,0.0,0.0,0.1647407667501922,0.15236937915452292,0.16755834339580303,0.1485275583410338,0.1770511817975538,0.0,0.0,0.0,0.0,0.0,0.2393394999510488,0.0,0.0,0.0,0.0,0.0,0.0,0.18900554940718528,0.0,0.0,0.0,0.0,0.4765000342342796,0.0,0.0,0.0,0.2554702164271309,0.0,0.0,0.13644783370316058,0.0,0.0,0.0,0.0,0.0,0.0,0.0,0.0,0.0,0.0,0.0,0.0,0.0,0.0,0.0
f51fc0ab96d1aee49950b8ca91ef67c330b8593340cc3002513100ac9bf163b0,0.0,0.0,0.0,0.0,0.0,0.0,0.0,0.0,0.0,0.0,0.0,0.0,0.17248878272561893,0.0,0.0,0.0,0.0,0.0,0.0,0.0,0.0,0.0,0.0,0.0,0.0,0.0,0.0,0.0,0.0,0.0,0.0,0.0,0.0,0.0,0.0,0.0,0.0,0.0,0.0,0.0,0.0,0.0,0.0,0.0,0.0,0.0,0.0,0.0,0.0,0.0,0.0,0.0,0.0,0.0,0.0,0.0,0.0,0.0,0.0,0.0,0.0,0.0,0.0,0.0,0.0,0.0,0.0,0.28189755806212313,0.0,0.0,0.0,0.0,0.0,0.0,0.0,0.16398277674597947,0.0,0.0,0.0,0.0,0.0,0.0,0.0,0.0,0.0,0.0,0.0,0.0,0.0,0.0,0.0,0.0,0.0,0.0,0.0,0.0,0.0,0.0,0.0,0.21086786535443328,0.0,0.0,0.23163033876544858,0.0,0.0,0.0,0.0,0.0,0.0,0.0,0.0,0.0,0.0,0.0,0.0,0.0,0.21552502063758594,0.0,0.2192111650975913,0.19431380409466387,0.0,0.0,0.0,0.0,0.0,0.0,0.0,0.0,0.0,0.0,0.0,0.0,0.0,0.2472698515381552,0.7565503034707451,0.0,0.0,0.0,0.0,0.0,0.0,0.0,0.0,0.0,0.0,0.0,0.0,0.0,0.0,0.0,0.0,0.0,0.0,0.0,0.0,0.0,0.0,0.0,0.0,0.0,0.0
f764d5514f356016a48f87911dc41ba77706527c90263c9edb925dcab757c156,0.0,0.0,0.0,0.0,0.0,0.0,0.0,0.0,0.0,0.0,0.0,0.0,0.2885982484608484,0.0,0.0,0.0,0.0,0.0,0.0,0.0,0.0,0.0,0.0,0.0,0.0,0.0,0.0,0.0,0.0,0.0,0.0,0.0,0.0,0.0,0.0,0.0,0.0,0.0,0.0,0.0,0.0,0.0,0.0,0.0,0.0,0.0,0.0,0.6019832643114471,0.0,0.0,0.0,0.0,0.0,0.0,0.0,0.0,0.0,0.0,0.0,0.0,0.0,0.0,0.0,0.0,0.0,0.0,0.0,0.0,0.0,0.0,0.0,0.0,0.0,0.0,0.0,0.2743664915411746,0.0,0.0,0.0,0.0,0.0,0.0,0.0,0.0,0.0,0.0,0.0,0.0,0.0,0.0,0.0,0.0,0.0,0.0,0.0,0.0,0.0,0.0,0.0,0.0,0.0,0.0,0.3875504772066131,0.0,0.0,0.0,0.0,0.0,0.0,0.0,0.0,0.0,0.0,0.0,0.0,0.0,0.36060399101104695,0.0,0.0,0.0,0.0,0.0,0.0,0.0,0.0,0.0,0.0,0.0,0.0,0.0,0.0,0.0,0.0,0.0,0.0,0.0,0.0,0.0,0.0,0.0,0.0,0.0,0.0,0.4458919354254825,0.0,0.0,0.0,0.0,0.0,0.0,0.0,0.0,0.0,0.0,0.0,0.0,0.0,0.0,0.0,0.0,0.0
f03172bd32ed16df6dda8e8146d24b073b864da59d669218fcc5e97835a5e956,0.0,0.19928709941694028,0.2346912703952907,0.0,0.0,0.0,0.0,0.0,0.0,0.0,0.0,0.0,0.09307061502358557,0.0,0.0,0.0,0.0,0.1823761415248295,0.0,0.0,0.0,0.13601700671462624,0.0,0.0,0.0,0.0,0.0,0.0,0.0,0.0,0.0,0.0,0.0,0.0,0.0,0.0,0.0,0.0,0.0,0.0,0.0,0.0,0.0,0.0,0.0,0.2828471798360508,0.0,0.19413476326406998,0.0,0.0,0.2206525248346916,0.0,0.26748847162910055,0.0,0.0,0.0,0.0,0.0,0.0,0.0,0.13520707875148552,0.0,0.0,0.18889990237195203,0.17993856072965578,0.0,0.0,0.0,0.0,0.0,0.0,0.29554514766482387,0.0,0.0,0.0,0.08848098782922681,0.0,0.0,0.0,0.08095321501124095,0.0,0.0,0.0,0.0,0.29325014562063945,0.27387411025555825,0.0,0.0,0.0,0.0,0.0,0.0,0.0,0.0,0.0,0.0,0.0,0.0,0.0,0.0,0.0,0.0,0.0,0.0,0.0,0.0,0.14880235043772666,0.0,0.0,0.0,0.0,0.0,0.0,0.0,0.1870956266437633,0.0,0.0,0.10755882192371453,0.11828083909736672,0.10484684840886656,0.12498191329528047,0.0,0.2042989773205455,0.2791089711476762,0.0,0.0,0.0,0.0,0.0,0.0,0.0,0.0,0.0,0.0,0.0,0.0,0.0,0.0,0.0,0.0,0.0,0.0,0.0,0.0,0.0,0.09631966953328114,0.0,0.0,0.0,0.0,0.0,0.0,0.0,0.0,0.1397911795761238,0.0,0.0,0.0,0.0,0.0,0.0
f229475cf917150e0b13b02f20f1921fe047cd1527a0556b94807c72cebdfc97,0.0,0.0,0.0,0.0,0.0,0.0,0.0,0.0,0.0,0.0,0.0,0.0,0.0,0.0,0.0,0.0,0.0,0.0,0.0,0.0,0.0,0.0,0.0,0.0,0.0,0.0,0.0,0.0,0.0,0.0,0.0,0.0,0.0,0.0,0.346960457906147,0.0,0.0,0.0,0.0,0.0,0.0,0.0,0.0,0.0,0.0,0.0,0.0,0.0,0.0,0.0,0.0,0.0,0.0,0.0,0.0,0.0,0.0,0.0,0.0,0.0,0.30788714923889043,0.0,0.0,0.4301539014810349,0.0,0.0,0.0,0.3463659353266811,0.0,0.0,0.0,0.0,0.0,0.0,0.0,0.20148471038748994,0.0,0.0,0.0,0.1843428230362538,0.0,0.0,0.0,0.0,0.0,0.0,0.0,0.0,0.0,0.0,0.0,0.0,0.0,0.0,0.0,0.0,0.0,0.0,0.0,0.0,0.0,0.0,0.0,0.0,0.0,0.0,0.3388456573381492,0.0,0.0,0.0,0.0,0.0,0.0,0.0,0.0,0.0,0.0,0.2449278496612892,0.0,0.0,0.284602887261798,0.0,0.0,0.0,0.0,0.0,0.0,0.0,0.0,0.0,0.0,0.0,0.0,0.0,0.0,0.0,0.0,0.0,0.0,0.0,0.0,0.0,0.0,0.0,0.0,0.21933458471314032,0.0,0.0,0.0,0.0,0.0,0.0,0.0,0.0,0.31832584629347066,0.0,0.0,0.0,0.0,0.0,0.0
fa0a5c7a162480d0bc13a372721cf042c42c356a140ee62174a6d151dac5ab61,0.0,0.0,0.0,0.0,0.0,0.0,0.0,0.0,0.0,0.0,0.0,0.0,0.0,0.0,0.0,0.0,0.0,0.0,0.0,0.0,0.608680858072233,0.0,0.0,0.0,0.0,0.0,0.0,0.0,0.0,0.0,0.0,0.0,0.0,0.0,0.352527796983173,0.0,0.0,0.0,0.0,0.0,0.0,0.0,0.0,0.37256058567969336,0.0,0.0,0.0,0.0,0.0,0.0,0.0,0.0,0.0,0.0,0.0,0.0,0.0,0.0,0.0,0.0,0.0,0.0,0.0,0.0,0.0,0.0,0.0,0.3519237346745725,0.0,0.0,0.0,0.0,0.0,0.0,0.0,0.0,0.0,0.0,0.0,0.0,0.0,0.0,0.0,0.0,0.0,0.0,0.0,0.0,0.0,0.0,0.0,0.0,0.0,0.0,0.0,0.0,0.0,0.0,0.0,0.0,0.0,0.0,0.0,0.0,0.0,0.0,0.0,0.0,0.0,0.0,0.0,0.0,0.0,0.0,0.0,0.0,0.2690635942361675,0.0,0.27366541389658894,0.0,0.0,0.0,0.0,0.0,0.0,0.0,0.0,0.0,0.0,0.0,0.0,0.0,0.0,0.3086941590553176,0.0,0.0,0.0,0.0,0.0,0.0,0.0,0.0,0.0,0.0,0.0,0.0,0.0,0.0,0.0,0.0,0.0,0.0,0.0,0.0,0.0,0.0,0.0,0.0,0.0,0.0,0.0
fc585c35ed8447330db52c257078c7086aca4471bb756cecbf7535fa213915bd,0.0,0.22480625239584648,0.0,0.0,0.0,0.0,0.0,0.0,0.0,0.0,0.16118178446684658,0.2822530278443754,0.10498851271779966,0.0,0.0,0.0,0.0,0.0,0.0,0.0,0.0,0.1534342846630673,0.0,0.0,0.0,0.0,0.0,0.0,0.0,0.0,0.0,0.0,0.0,0.0,0.0,0.0,0.0,0.0,0.0,0.0,0.0,0.3034769367241193,0.0,0.18164380461307827,0.20388532369560852,0.0,0.0,0.0,0.0,0.0,0.0,0.0,0.0,0.0,0.0,0.29362558211764417,0.32353900159165605,0.0,0.0,0.0,0.0,0.0,0.0,0.0,0.0,0.0,0.0,0.0,0.0,0.0,0.0,0.0,0.0,0.0,0.0,0.09981117363023928,0.0,0.0,0.0,0.09131945288639834,0.0,0.0,0.0,0.0,0.0,0.0,0.0,0.0,0.0,0.0,0.0,0.0,0.0,0.0,0.0,0.0,0.0,0.0,0.0,0.1283486567283371,0.0,0.0,0.14098612317293968,0.0,0.0,0.0,0.16785681987177958,0.0,0.0,0.0,0.0,0.0,0.0,0.3052547473279575,0.0,0.0,0.1311833210986679,0.1213319664921927,0.1334269616322934,0.11827271878246393,0.14098612317293968,0.0,0.0,0.0,0.1656544004986176,0.0,0.19058640488958642,0.0,0.0,0.0,0.0,0.0,0.0,0.0,0.0,0.0,0.0,0.0,0.0,0.0,0.0,0.0,0.20343131875503062,0.0,0.0,0.10865361582929788,0.2242039995001898,0.0,0.0,0.0,0.0,0.0,0.0,0.0,0.15769174869044153,0.0,0.0,0.0,0.0,0.0,0.0
b8ab74dd84edb28eb65b60019e3420a82747b46e1d10d016dbf74fee5edb7ecb,0.0,0.0,0.0,0.0,0.0,0.0,0.0,0.0,0.0,0.0,0.0,0.0,0.0,0.0,0.0,0.0,0.0,0.0,0.0,0.0,0.0,0.0,0.0,0.0,0.0,0.0,0.0,0.0,0.0,0.0,0.0,0.0,0.0,0.0,0.27167637631590824,0.0,0.0,0.0,0.0,0.0,0.0,0.0,0.30491332479753086,0.2871146920661772,0.0,0.0,0.0,0.0,0.0,0.0,0.0,0.0,0.0,0.0,0.0,0.0,0.0,0.0,0.0,0.0,0.0,0.0,0.0,0.0,0.0,0.0,0.0,0.0,0.0,0.0,0.0,0.0,0.0,0.0,0.0,0.15776620866675342,0.0,0.0,0.0,0.14434379774735387,0.0,0.0,0.0,0.0,0.0,0.0,0.0,0.0,0.346152391852853,0.0,0.0,0.0,0.0,0.0,0.0,0.0,0.0,0.0,0.0,0.2028738889947846,0.0,0.0,0.0,0.0,0.0,0.0,0.0,0.0,0.0,0.0,0.0,0.0,0.0,0.0,0.0,0.0,0.20735449206039497,0.0,0.2109008952107323,0.18694739028061377,0.0,0.0,0.0,0.0,0.0,0.0,0.0,0.0,0.0,0.0,0.0,0.0,0.0,0.23789588009718954,0.0,0.0,0.0,0.0,0.0,0.0,0.0,0.0,0.0,0.0,0.0,0.17174298631960866,0.3543873264140359,0.3845093646652519,0.0,0.0,0.0,0.0,0.0,0.0,0.24925495236721823,0.0,0.0,0.0,0.0,0.0,0.0
fe1b479880db7637fc96d334f216e5e966879a77fac1b85d1fd892a050fbe638,0.0,0.0,0.0,0.0,0.0,0.0,0.0,0.0,0.0,0.0,0.0,0.0,0.21673315671310125,0.0,0.0,0.0,0.0,0.4246985673385187,0.0,0.0,0.0,0.0,0.0,0.0,0.0,0.0,0.0,0.0,0.0,0.0,0.0,0.0,0.0,0.0,0.0,0.0,0.0,0.0,0.0,0.0,0.0,0.0,0.0,0.0,0.0,0.0,0.0,0.0,0.0,0.0,0.0,0.0,0.0,0.0,0.0,0.0,0.0,0.0,0.0,0.0,0.0,0.0,0.0,0.0,0.0,0.0,0.0,0.35420591799123596,0.0,0.0,0.0,0.0,0.0,0.0,0.0,0.0,0.0,0.0,0.0,0.18851541736362673,0.0,0.0,0.0,0.0,0.0,0.0,0.0,0.0,0.0,0.0,0.0,0.0,0.0,0.0,0.0,0.0,0.0,0.0,0.0,0.0,0.0,0.0,0.2910448651667854,0.0,0.0,0.0,0.3465154187336664,0.0,0.0,0.0,0.0,0.0,0.0,0.0,0.0,0.0,0.0,0.2504717842679072,0.27544010136550917,0.24415642274755653,0.0,0.0,0.0,0.0,0.0,0.0,0.0,0.0,0.0,0.0,0.0,0.0,0.0,0.31069600374589795,0.0,0.0,0.0,0.0,0.0,0.0,0.0,0.0,0.0,0.33485846581909995,0.0,0.0,0.0,0.0,0.0,0.0,0.0,0.0,0.0,0.0,0.0,0.0,0.0,0.0,0.0,0.0,0.0
1f2c57feb6fcb80fe02d53778fa7c6b3bcba0319229fe9b9ff725a24d939c2b6,0.0,0.0,0.0,0.0,0.0,0.0,0.0,0.0,0.0,0.0,0.0,0.0,0.0,0.0,0.0,0.0,0.0,0.5405803754581913,0.0,0.0,0.0,0.0,0.0,0.0,0.0,0.0,0.0,0.0,0.0,0.0,0.0,0.0,0.0,0.0,0.0,0.0,0.0,0.0,0.0,0.0,0.0,0.0,0.0,0.0,0.0,0.0,0.0,0.0,0.0,0.0,0.0,0.0,0.0,0.0,0.0,0.0,0.0,0.0,0.0,0.0,0.40076674934003054,0.0,0.0,0.0,0.0,0.0,0.0,0.0,0.0,0.0,0.0,0.0,0.0,0.0,0.0,0.0,0.0,0.0,0.0,0.0,0.0,0.0,0.0,0.0,0.0,0.0,0.0,0.0,0.0,0.0,0.0,0.0,0.0,0.0,0.0,0.0,0.0,0.0,0.0,0.33725188087840335,0.0,0.0,0.37045837821636074,0.0,0.0,0.0,0.4410644385616428,0.0,0.0,0.0,0.0,0.0,0.0,0.0,0.0,0.0,0.0,0.3188146643153229,0.0,0.0,0.0,0.0,0.0,0.0,0.0,0.0,0.0,0.0,0.0,0.0,0.0,0.0,0.0,0.0,0.0,0.0,0.0,0.0,0.0,0.0,0.0,0.0,0.0,0.0,0.0,0.0,0.0,0.0,0.0,0.0,0.0,0.0,0.0,0.0,0.0,0.0,0.0,0.0,0.0,0.0,0.0
1f4bc361329e51a44c86b2d592d4cbaf74c90d7fedf7f8e6ef6f9776e5912106,0.0,0.0,0.0,0.0,0.0,0.0,0.0,0.0,0.0,0.0,0.0,0.0,0.0,0.0,0.0,0.0,0.0,0.0,0.0,0.0,0.0,0.0,0.0,0.0,0.0,0.0,0.0,0.0,0.0,0.0,0.0,0.0,0.0,0.0,0.31358594178410687,0.0,0.0,0.0,0.0,0.0,0.0,0.0,0.35195011585391967,0.0,0.0,0.0,0.0,0.0,0.0,0.0,0.0,0.0,0.0,0.0,0.0,0.0,0.0,0.0,0.0,0.0,0.27827113856132246,0.0,0.0,0.388776914585829,0.0,0.0,0.0,0.3130486069992762,0.0,0.0,0.0,0.0,0.0,0.0,0.0,0.18210366980507625,0.0,0.0,0.0,0.16661067985044425,0.0,0.0,0.0,0.0,0.0,0.0,0.0,0.0,0.0,0.0,0.0,0.0,0.0,0.0,0.0,0.0,0.0,0.0,0.0,0.0,0.0,0.0,0.0,0.0,0.0,0.0,0.30625171299658854,0.0,0.0,0.0,0.0,0.0,0.0,0.0,0.0,0.0,0.0,0.22136796472054335,0.24343506323444764,0.0,0.2572266158946805,0.0,0.0,0.0,0.0,0.0,0.0,0.0,0.0,0.0,0.0,0.0,0.0,0.0,0.0,0.0,0.0,0.0,0.0,0.0,0.0,0.0,0.0,0.0,0.0,0.1982365446719037,0.0,0.0,0.0,0.0,0.0,0.0,0.0,0.0,0.2877057256223788,0.0,0.0,0.0,0.0,0.0,0.0
2a035af98048e744ace980d7cea7ab1a712366e1366f15c3cfd78639e3cc332d,0.0,0.0,0.0,0.0,0.0,0.0,0.0,0.0,0.0,0.0,0.0,0.0,0.0,0.0,0.0,0.0,0.0,0.0,0.0,0.0,0.0,0.0,0.0,0.0,0.0,0.0,0.0,0.0,0.0,0.0,0.0,0.0,0.0,0.0,0.346960457906147,0.0,0.0,0.0,0.0,0.0,0.0,0.0,0.0,0.0,0.0,0.0,0.0,0.0,0.0,0.0,0.0,0.0,0.0,0.0,0.0,0.0,0.0,0.0,0.0,0.0,0.30788714923889043,0.0,0.0,0.4301539014810349,0.0,0.0,0.0,0.3463659353266811,0.0,0.0,0.0,0.0,0.0,0.0,0.0,0.20148471038748994,0.0,0.0,0.0,0.1843428230362538,0.0,0.0,0.0,0.0,0.0,0.0,0.0,0.0,0.0,0.0,0.0,0.0,0.0,0.0,0.0,0.0,0.0,0.0,0.0,0.0,0.0,0.0,0.0,0.0,0.0,0.0,0.3388456573381492,0.0,0.0,0.0,0.0,0.0,0.0,0.0,0.0,0.0,0.0,0.2449278496612892,0.0,0.0,0.284602887261798,0.0,0.0,0.0,0.0,0.0,0.0,0.0,0.0,0.0,0.0,0.0,0.0,0.0,0.0,0.0,0.0,0.0,0.0,0.0,0.0,0.0,0.0,0.0,0.0,0.21933458471314032,0.0,0.0,0.0,0.0,0.0,0.0,0.0,0.0,0.31832584629347066,0.0,0.0,0.0,0.0,0.0,0.0
2b51d4d0fe3f4e627de64da3617cb9f62c9d3071fdb81c161a8fba567a207aff,0.0,0.0,0.0,0.0,0.0,0.0,0.0,0.0,0.0,0.0,0.0,0.0,0.0,0.0,0.0,0.0,0.0,0.0,0.0,0.0,0.0,0.0,0.0,0.0,0.0,0.0,0.0,0.0,0.0,0.0,0.0,0.0,0.0,0.0,0.3350210014409721,0.0,0.0,0.0,0.0,0.0,0.0,0.0,0.0,0.0,0.0,0.0,0.0,0.0,0.0,0.0,0.0,0.0,0.0,0.0,0.0,0.0,0.0,0.0,0.0,0.0,0.297292266938156,0.0,0.0,0.41535162743790116,0.0,0.0,0.0,0.33444693732094544,0.0,0.0,0.0,0.0,0.0,0.0,0.0,0.19455130378955268,0.0,0.0,0.0,0.17799929581245658,0.0,0.0,0.0,0.0,0.0,0.0,0.0,0.0,0.0,0.0,0.0,0.0,0.0,0.0,0.0,0.0,0.0,0.0,0.0,0.0,0.0,0.0,0.0,0.0,0.0,0.0,0.32718544395643656,0.0,0.0,0.0,0.0,0.0,0.0,0.0,0.0,0.0,0.0,0.23649949613712223,0.26007498361262454,0.0,0.2748092531317541,0.0,0.0,0.0,0.0,0.0,0.0,0.0,0.0,0.0,0.0,0.0,0.0,0.0,0.0,0.0,0.0,0.0,0.0,0.0,0.0,0.0,0.0,0.0,0.0,0.21178693579287597,0.0,0.0,0.0,0.0,0.0,0.0,0.0,0.0,0.3073717519667076,0.0,0.0,0.0,0.0,0.0,0.0
2dcaca208625860f4eb114af4c4158368284eb99c994793d5ac66d3af654bf5f,0.0,0.0,0.0,0.0,0.0,0.0,0.0,0.0,0.0,0.0,0.0,0.0,0.0,0.0,0.0,0.0,0.0,0.5256590876082348,0.0,0.0,0.0,0.0,0.0,0.0,0.0,0.0,0.0,0.0,0.0,0.0,0.0,0.0,0.0,0.0,0.0,0.0,0.0,0.0,0.0,0.0,0.0,0.0,0.0,0.0,0.0,0.0,0.0,0.0,0.0,0.0,0.0,0.0,0.0,0.0,0.0,0.0,0.0,0.0,0.0,0.0,0.38970464590624343,0.0,0.0,0.0,0.0,0.0,0.0,0.0,0.0,0.0,0.0,0.0,0.0,0.0,0.0,0.0,0.0,0.0,0.0,0.23332982475653868,0.0,0.0,0.0,0.0,0.0,0.0,0.0,0.0,0.0,0.0,0.0,0.0,0.0,0.0,0.0,0.0,0.0,0.0,0.0,0.32794293697110627,0.0,0.0,0.3602328570011129,0.0,0.0,0.0,0.4288900242711137,0.0,0.0,0.0,0.0,0.0,0.0,0.0,0.0,0.0,0.0,0.31001463088272907,0.0,0.0,0.0,0.0,0.0,0.0,0.0,0.0,0.0,0.0,0.0,0.0,0.0,0.0,0.0,0.0,0.0,0.0,0.0,0.0,0.0,0.0,0.0,0.0,0.0,0.0,0.0,0.0,0.0,0.0,0.0,0.0,0.0,0.0,0.0,0.0,0.0,0.0,0.0,0.0,0.0,0.0,0.0
2dd2c201103ac3a5bf77ae7b30d0032ed215f59f883543c816e516ab454383fb,0.0,0.0,0.286286713999223,0.0,0.31587345519492416,0.0,0.0,0.0,0.0,0.0,0.0,0.0,0.11353162177745699,0.0,0.0,0.0,0.0,0.0,0.0,0.0,0.0,0.0,0.0,0.0,0.0,0.0,0.0,0.0,0.0,0.0,0.0,0.0,0.0,0.0,0.0,0.0,0.0,0.0,0.0,0.0,0.0,0.0,0.0,0.0,0.0,0.0,0.0,0.0,0.0,0.0,0.2691616358979127,0.0,0.0,0.0,0.0,0.0,0.0,0.0,0.0,0.0,0.1649315299201417,0.0,0.0,0.0,0.0,0.0,0.0,0.0,0.0,0.0,0.0,0.0,0.0,0.0,0.0,0.0,0.0,0.0,0.0,0.09875028531826376,0.0,0.0,0.0,0.0,0.0,0.0,0.0,0.0,0.0,0.0,0.0,0.0,0.0,0.0,0.0,0.0,0.0,0.0,0.0,0.1387926238225086,0.0,0.0,0.0,0.0,0.0,0.0,0.181515639122095,0.0,0.0,0.0,0.0,0.0,0.0,0.0,0.22822745841910644,0.2597650437881516,0.0,0.13120497255097607,0.0,0.12789678820857997,0.0,0.0,0.24921286075953838,0.0,0.17913400481948072,0.0,0.20609477242533972,0.0,0.0,0.0,0.0,0.0,0.0,0.0,0.0,0.0,0.0,0.0,0.0,0.0,0.3664311917198538,0.0,0.0,0.17540936175574784,0.0,0.0,0.0,0.26305535853156553,0.0,0.0,0.0,0.0,0.0,0.0,0.1705234173368164,0.0,0.0,0.30105715964692475,0.0,0.0,0.0
2e7447c239a5c4718568d6f728a8f6f71178bf299e699c945325564da2e6e8df,0.0,0.0,0.0,0.0,0.0,0.0,0.30534877471567196,0.0,0.0,0.0,0.0,0.0,0.11463076053162305,0.0,0.0,0.0,0.29617042896160733,0.2246242361299131,0.0,0.0,0.0,0.0,0.0,0.0,0.0,0.302617964364577,0.0,0.0,0.0,0.0,0.0,0.0,0.0,0.0,0.0,0.0,0.0,0.0,0.0,0.0,0.0,0.0,0.0,0.0,0.0,0.0,0.0,0.0,0.0,0.2794448309106497,0.0,0.0,0.0,0.0,0.0,0.0,0.0,0.0,0.0,0.0,0.16652828889778123,0.30397179775573047,0.0,0.0,0.0,0.0,0.0,0.0,0.0,0.0,0.0,0.0,0.0,0.0,0.0,0.10897792955255797,0.0,0.0,0.0,0.0,0.0,0.0,0.0,0.0,0.0,0.0,0.0,0.0,0.2391067852398683,0.0,0.0,0.0,0.0,0.0,0.0,0.0,0.0,0.0,0.0,0.14013632304257911,0.0,0.0,0.15393442678018984,0.0,0.0,0.0,0.0,0.0,0.0,0.0,0.0,0.0,0.0,0.0,0.23043700709273485,0.26227991869379563,0.1432313257644133,0.13247521310433272,0.14568102444164263,0.12913500108929593,0.15393442678018984,0.0,0.0,0.0,0.0,0.0,0.0,0.0,0.0,0.0,0.0,0.0,0.2937292969778238,0.0,0.0,0.0,0.0,0.0,0.0,0.0,0.0,0.0,0.0,0.17710756023411714,0.0,0.11863247030178756,0.0,0.0,0.0,0.0,0.0,0.0,0.0,0.0,0.0,0.0,0.0,0.0,0.0,0.0,0.0
2f00cd865ea857a2d9d399385c408e99f9daaa1b6c193f2195393bd459524b3e,0.0,0.0,0.0,0.0,0.0,0.0,0.0,0.0,0.0,0.0,0.0,0.0,0.0,0.0,0.0,0.0,0.0,0.0,0.0,0.0,0.0,0.0,0.0,0.0,0.0,0.0,0.0,0.0,0.0,0.0,0.0,0.0,0.0,0.0,0.0,0.0,0.0,0.0,0.0,0.0,0.0,0.0,0.0,0.0,0.0,0.0,0.0,0.0,0.0,0.0,0.0,0.0,0.0,0.0,0.0,0.0,0.0,0.0,0.0,0.0,0.0,0.0,0.0,0.0,0.0,0.0,0.0,0.4479809832035439,0.0,0.0,0.0,0.0,0.0,0.0,0.0,0.0,0.0,0.0,0.0,0.23842436766308772,0.0,0.0,0.0,0.0,0.0,0.0,0.0,0.0,0.0,0.0,0.0,0.0,0.0,0.0,0.0,0.0,0.0,0.0,0.0,0.0,0.0,0.0,0.3680982113262868,0.0,0.0,0.0,0.0,0.0,0.0,0.0,0.0,0.0,0.0,0.0,0.0,0.0,0.0,0.31678351625920415,0.3483621282308944,0.3087961797425891,0.3680982113262868,0.0,0.0,0.0,0.0,0.0,0.0,0.0,0.0,0.0,0.0,0.0,0.0,0.39295193605134277,0.0,0.0,0.0,0.0,0.0,0.0,0.0,0.0,0.0,0.0,0.0,0.0,0.0,0.0,0.0,0.0,0.0,0.0,0.0,0.0,0.0,0.0,0.0,0.0,0.0,0.0,0.0
2f2e75affe9217c7211043936678fb1777e2db4a8f1986b8805ddb1e84e9e99b,0.0,0.0,0.0,0.0,0.3272210962314491,0.0,0.0,0.0,0.0,0.0,0.0,0.0,0.1176102047322358,0.0,0.0,0.0,0.0,0.0,0.0,0.0,0.0,0.0,0.0,0.0,0.0,0.0,0.0,0.0,0.0,0.0,0.0,0.0,0.0,0.0,0.0,0.0,0.0,0.0,0.0,0.0,0.0,0.0,0.0,0.0,0.0,0.0,0.0,0.0,0.0,0.0,0.27883117151333353,0.0,0.0,0.0,0.0,0.0,0.0,0.0,0.0,0.0,0.17085663621305167,0.0,0.0,0.0,0.0,0.0,0.0,0.0,0.0,0.0,0.0,0.0,0.0,0.0,0.0,0.0,0.0,0.0,0.0,0.10229785404117077,0.0,0.0,0.0,0.0,0.0,0.0,0.0,0.0,0.0,0.0,0.0,0.0,0.0,0.0,0.0,0.0,0.0,0.0,0.0,0.14377869925161793,0.0,0.0,0.0,0.0,0.0,0.0,0.18803652361364517,0.0,0.0,0.0,0.0,0.0,0.0,0.0,0.23642644833176077,0.2690970101888297,0.0,0.1359184643187374,0.0,0.13249143463564306,0.0,0.0,0.25816574375453266,0.0,0.18556932994951483,0.0,0.213498653500259,0.0,0.0,0.0,0.0,0.0,0.0,0.0,0.0,0.0,0.0,0.0,0.0,0.0,0.379595101379996,0.0,0.0,0.18171088041429376,0.0,0.12171592559778131,0.0,0.2725055283139821,0.0,0.0,0.0,0.0,0.0,0.0,0.17664941018754718,0.0,0.0,0.3118725305588012,0.0,0.0,0.0
9e1467ab8e370a976c0274bc5a901b0beab5864683a14c018d15d07cc7dd7720,0.0,0.0,0.0,0.0,0.0,0.0,0.0,0.0,0.0,0.0,0.2726224103817815,0.0,0.17757727086966302,0.0,0.0,0.0,0.0,0.0,0.0,0.0,0.0,0.25951831131795,0.0,0.0,0.0,0.0,0.37327479668278424,0.0,0.0,0.0,0.0,0.0,0.0,0.0,0.0,0.0,0.0,0.0,0.0,0.0,0.0,0.0,0.32627753346169464,0.0,0.34485105479645267,0.0,0.0,0.0,0.0,0.0,0.0,0.0,0.0,0.0,0.0,0.0,0.0,0.0,0.34256137975507606,0.0,0.0,0.0,0.0,0.0,0.0,0.0,0.0,0.0,0.0,0.0,0.0,0.0,0.0,0.0,0.0,0.16882033430835547,0.0,0.0,0.0,0.15445746206982983,0.0,0.0,0.0,0.0,0.0,0.0,0.0,0.0,0.0,0.0,0.0,0.0,0.0,0.0,0.0,0.0,0.0,0.0,0.0,0.0,0.0,0.0,0.0,0.0,0.0,0.0,0.0,0.0,0.0,0.0,0.0,0.0,0.0,0.0,0.0,0.0,0.0,0.0,0.0,0.20004613910645794,0.0,0.0,0.0,0.0,0.2801873803771622,0.0,0.0,0.0,0.0,0.0,0.0,0.0,0.0,0.2545644111497964,0.0,0.0,0.0,0.0,0.0,0.0,0.0,0.0,0.0,0.2743615854147877,0.0,0.18377641581559787,0.0,0.0,0.0,0.0,0.0,0.0,0.0,0.0,0.0,0.0,0.0,0.0,0.0,0.0,0.0
2f394d52b952eeea2fdc7b06629711193524d15f0b8b6d6765f02345c7185f99,0.0,0.0,0.0,0.0,0.0,0.0,0.0,0.0,0.0,0.0,0.19332091599636167,0.0,0.1259228858573375,0.0,0.0,0.0,0.0,0.0,0.0,0.0,0.0,0.18402858954829263,0.0,0.0,0.0,0.0,0.0,0.41727346828698275,0.0,0.0,0.0,0.0,0.0,0.0,0.0,0.0,0.0,0.0,0.0,0.0,0.0,0.3639892658177148,0.23136862281246834,0.21786299741635717,0.0,0.0,0.0,0.2626608799055181,0.0,0.0,0.0,0.0,0.0,0.0,0.0,0.0,0.0,0.0,0.0,0.0,0.0,0.0,0.0,0.0,0.0,0.0,0.0,0.0,0.0,0.0,0.0,0.0,0.0,0.0,0.3776294709848122,0.11971320193963145,0.2549615753332633,0.20336118678188977,0.0,0.10952825927992102,0.0,0.0,0.0,0.0,0.0,0.0,0.0,0.0,0.0,0.0,0.0,0.0,0.0,0.0,0.0,0.0,0.0,0.0,0.0,0.0,0.0,0.0,0.0,0.0,0.28722745238085023,0.0,0.0,0.0,0.0,0.0,0.0,0.0,0.0,0.0,0.0,0.0,0.15734085512284238,0.1455251719634312,0.0,0.0,0.0,0.0,0.0,0.0,0.0,0.0,0.0,0.0,0.0,0.0,0.0,0.0,0.0,0.18051569962511707,0.0,0.0,0.0,0.0,0.0,0.0,0.0,0.0,0.0,0.0,0.0,0.0,0.0,0.0,0.0,0.0,0.0,0.0,0.0,0.0,0.0,0.0,0.0,0.0,0.0,0.0,0.0
3a99fc405bc3f694acf862883caf95687ae32ba5002a7ac1aaf5931ec1895f86,0.0,0.0,0.0,0.0,0.0,0.0,0.0,0.0,0.0,0.0,0.0,0.0,0.0,0.0,0.0,0.0,0.0,0.0,0.0,0.0,0.0,0.0,0.0,0.0,0.0,0.0,0.0,0.0,0.0,0.0,0.0,0.0,0.0,0.0,0.33370858209303733,0.0,0.0,0.0,0.0,0.0,0.0,0.0,0.0,0.0,0.0,0.0,0.0,0.0,0.0,0.0,0.0,0.0,0.0,0.0,0.0,0.0,0.0,0.0,0.0,0.0,0.29612764704434985,0.0,0.0,0.41372451895902645,0.0,0.0,0.0,0.3331367668256343,0.0,0.0,0.0,0.0,0.0,0.0,0.0,0.19378916382172642,0.0,0.0,0.0,0.17730199707972563,0.0,0.0,0.0,0.0,0.0,0.0,0.0,0.0,0.0,0.0,0.0,0.0,0.0,0.0,0.0,0.0,0.0,0.0,0.0,0.0,0.0,0.0,0.2737327087382672,0.0,0.0,0.0,0.3259037198102961,0.0,0.0,0.0,0.0,0.0,0.0,0.0,0.0,0.0,0.0,0.23557302730928106,0.0,0.0,0.2737327087382672,0.0,0.0,0.0,0.0,0.0,0.0,0.0,0.0,0.0,0.0,0.0,0.0,0.0,0.0,0.0,0.0,0.0,0.0,0.0,0.0,0.0,0.0,0.0,0.0,0.21095727654471277,0.0,0.0,0.0,0.0,0.0,0.0,0.0,0.0,0.30616764645524813,0.0,0.0,0.0,0.0,0.0,0.0
3a7696a5e89211d08152154477f7d2281cafd814e987f6d089a3ad1c76f24608,0.0,0.0,0.294047256060495,0.0,0.3244360224228472,0.0,0.0,0.0,0.0,0.0,0.0,0.0,0.1166091901136906,0.0,0.0,0.0,0.0,0.0,0.0,0.0,0.0,0.0,0.0,0.0,0.0,0.0,0.0,0.0,0.0,0.0,0.0,0.0,0.0,0.0,0.0,0.0,0.0,0.0,0.0,0.0,0.0,0.0,0.0,0.0,0.0,0.0,0.0,0.0,0.0,0.0,0.2764579584114059,0.0,0.0,0.0,0.0,0.0,0.0,0.0,0.0,0.0,0.16940242574794695,0.0,0.0,0.0,0.0,0.0,0.0,0.0,0.0,0.0,0.0,0.0,0.0,0.0,0.0,0.0,0.0,0.0,0.0,0.10142716728763476,0.0,0.0,0.0,0.0,0.0,0.0,0.0,0.0,0.0,0.0,0.0,0.0,0.0,0.0,0.0,0.0,0.0,0.0,0.0,0.1425549569742028,0.0,0.0,0.0,0.0,0.0,0.0,0.18643609013607224,0.0,0.0,0.0,0.0,0.0,0.0,0.0,0.0,0.266806647361734,0.0,0.13476162278425463,0.0,0.13136376154635412,0.0,0.0,0.2559684201116205,0.0,0.18398989547394345,0.0,0.2116815044384064,0.0,0.0,0.0,0.0,0.0,0.0,0.0,0.0,0.0,0.0,0.0,0.0,0.0,0.3763642571987906,0.0,0.0,0.1801642863236062,0.0,0.0,0.0,0.2701861545989399,0.0,0.0,0.0,0.0,0.0,0.0,0.1751458957403297,0.0,0.0,0.3092180928514372,0.0,0.0,0.0
3b43751ed88e4d1f82cf52ca2d4477e3e35c35f08c1b4e3ab21c80720601e804,0.0,0.19188738434291583,0.2259769655739202,0.0,0.0,0.0,0.0,0.0,0.0,0.0,0.0,0.0,0.0896148166555342,0.0,0.0,0.0,0.0,0.17560434602209973,0.0,0.0,0.0,0.1309665689399052,0.0,0.0,0.0,0.0,0.0,0.0,0.0,0.0,0.0,0.0,0.0,0.40711001724030954,0.14670843566316202,0.0,0.0,0.0,0.0,0.0,0.0,0.0,0.0,0.0,0.0,0.0,0.0,0.0,0.0,0.0,0.21245949167339892,0.0,0.0,0.0,0.0,0.0,0.0,0.0,0.0,0.30575976396823207,0.13018671435419463,0.0,0.0,0.0,0.0,0.0,0.0,0.0,0.0,0.0,0.0,0.0,0.0,0.0,0.0,0.0,0.0,0.0,0.0,0.07794734695875775,0.0,0.0,0.0,0.0,0.0,0.0,0.0,0.0,0.0,0.0,0.0,0.0,0.0,0.0,0.0,0.0,0.0,0.0,0.0,0.0,0.0,0.0,0.0,0.0,0.0,0.0,0.14327718097715533,0.0,0.29427852830498097,0.0,0.0,0.0,0.0,0.0,0.18014859227570612,0.0,0.11197386232263579,0.10356506297864572,0.0,0.10095378755894233,0.12034121878721994,0.27816177593498564,0.19671316656556134,0.26874539584782237,0.0,0.0,0.0,0.0,0.24805868893523952,0.0,0.0,0.0,0.0,0.0,0.0,0.0,0.0,0.0,0.0,0.0,0.0,0.0,0.0,0.0,0.0,0.09274323075397353,0.0,0.2076395752653899,0.0,0.0,0.0,0.0,0.0,0.0,0.13460060325808054,0.0,0.0,0.0,0.0,0.0,0.0
03bb4d5c0179fdceacc5df7645e6e7fa93e931ac9beb1968c7bbe40ba3499194,0.0,0.0,0.0,0.0,0.0,0.0,0.0,0.0,0.0,0.0,0.0,0.0,0.0,0.0,0.0,0.0,0.0,0.5256590876082348,0.0,0.0,0.0,0.0,0.0,0.0,0.0,0.0,0.0,0.0,0.0,0.0,0.0,0.0,0.0,0.0,0.0,0.0,0.0,0.0,0.0,0.0,0.0,0.0,0.0,0.0,0.0,0.0,0.0,0.0,0.0,0.0,0.0,0.0,0.0,0.0,0.0,0.0,0.0,0.0,0.0,0.0,0.38970464590624343,0.0,0.0,0.0,0.0,0.0,0.0,0.0,0.0,0.0,0.0,0.0,0.0,0.0,0.0,0.0,0.0,0.0,0.0,0.23332982475653868,0.0,0.0,0.0,0.0,0.0,0.0,0.0,0.0,0.0,0.0,0.0,0.0,0.0,0.0,0.0,0.0,0.0,0.0,0.0,0.32794293697110627,0.0,0.0,0.3602328570011129,0.0,0.0,0.0,0.4288900242711137,0.0,0.0,0.0,0.0,0.0,0.0,0.0,0.0,0.0,0.0,0.31001463088272907,0.0,0.0,0.0,0.0,0.0,0.0,0.0,0.0,0.0,0.0,0.0,0.0,0.0,0.0,0.0,0.0,0.0,0.0,0.0,0.0,0.0,0.0,0.0,0.0,0.0,0.0,0.0,0.0,0.0,0.0,0.0,0.0,0.0,0.0,0.0,0.0,0.0,0.0,0.0,0.0,0.0,0.0,0.0
3bb9fb8e6f269e4312f10669b64636b8228ae92d2e60b7460de1003ea24a1b3a,0.0,0.0,0.0,0.0,0.0,0.0,0.0,0.0,0.0,0.0,0.0,0.0,0.0,0.0,0.0,0.0,0.0,0.0,0.0,0.0,0.0,0.0,0.0,0.0,0.0,0.0,0.0,0.0,0.0,0.0,0.0,0.0,0.0,0.0,0.346960457906147,0.0,0.0,0.0,0.0,0.0,0.0,0.0,0.0,0.0,0.0,0.0,0.0,0.0,0.0,0.0,0.0,0.0,0.0,0.0,0.0,0.0,0.0,0.0,0.0,0.0,0.30788714923889043,0.0,0.0,0.4301539014810349,0.0,0.0,0.0,0.3463659353266811,0.0,0.0,0.0,0.0,0.0,0.0,0.0,0.20148471038748994,0.0,0.0,0.0,0.1843428230362538,0.0,0.0,0.0,0.0,0.0,0.0,0.0,0.0,0.0,0.0,0.0,0.0,0.0,0.0,0.0,0.0,0.0,0.0,0.0,0.0,0.0,0.0,0.0,0.0,0.0,0.0,0.3388456573381492,0.0,0.0,0.0,0.0,0.0,0.0,0.0,0.0,0.0,0.0,0.2449278496612892,0.0,0.0,0.284602887261798,0.0,0.0,0.0,0.0,0.0,0.0,0.0,0.0,0.0,0.0,0.0,0.0,0.0,0.0,0.0,0.0,0.0,0.0,0.0,0.0,0.0,0.0,0.0,0.0,0.21933458471314032,0.0,0.0,0.0,0.0,0.0,0.0,0.0,0.0,0.31832584629347066,0.0,0.0,0.0,0.0,0.0,0.0
3bc8ce79ee7043c9ad70698e3fc2013806244dc5112c8c8d465e96757b57b1e1,0.0,0.21146172072264843,0.0,0.0,0.0,0.0,0.0,0.0,0.0,0.0,0.0,0.0,0.09875637941032533,0.0,0.0,0.0,0.0,0.0,0.0,0.0,0.0,0.14432640332249203,0.0,0.0,0.0,0.0,0.0,0.0,0.0,0.0,0.0,0.0,0.0,0.0,0.1616740900194856,0.3482283678847534,0.0,0.0,0.0,0.0,0.0,0.0,0.0,0.0,0.0,0.0,0.0,0.0,0.0,0.0,0.23413237846229867,0.0,0.0,0.0,0.0,0.0,0.0,0.0,0.0,0.33695016500369634,0.1434669961594182,0.0,0.0,0.0,0.0,0.0,0.0,0.0,0.0,0.0,0.0,0.0,0.0,0.0,0.0,0.0,0.0,0.0,0.0,0.08589871694852112,0.0,0.0,0.0,0.0,0.0,0.0,0.0,0.0,0.0,0.0,0.0,0.0,0.0,0.0,0.0,0.0,0.0,0.0,0.0,0.0,0.0,0.0,0.13261716649975128,0.0,0.0,0.0,0.0,0.0,0.32429773421629976,0.0,0.0,0.0,0.0,0.0,0.1985254603309726,0.0,0.0,0.11412968340366245,0.0,0.0,0.13261716649975128,0.30653691997470495,0.21677977858313674,0.29615997965093876,0.0,0.0,0.0,0.0,0.2733630320829713,0.0,0.0,0.0,0.0,0.0,0.0,0.0,0.0,0.0,0.0,0.0,0.0,0.0,0.0,0.0,0.0,0.10220392147075988,0.0,0.22882078478527254,0.0,0.0,0.0,0.0,0.0,0.0,0.14833114366911757,0.0,0.0,0.0,0.0,0.0,0.0
3bf821f05397bc709a11c60b19c8e2311b1547dee86893c94f290878c8864193,0.0,0.0,0.0,0.0,0.0,0.0,0.0,0.0,0.0,0.0,0.0,0.0,0.0,0.0,0.0,0.0,0.0,0.0,0.0,0.0,0.0,0.0,0.0,0.0,0.0,0.0,0.0,0.0,0.0,0.0,0.0,0.0,0.0,0.0,0.3350210014409721,0.0,0.0,0.0,0.0,0.0,0.0,0.0,0.0,0.0,0.0,0.0,0.0,0.0,0.0,0.0,0.0,0.0,0.0,0.0,0.0,0.0,0.0,0.0,0.0,0.0,0.297292266938156,0.0,0.0,0.41535162743790116,0.0,0.0,0.0,0.33444693732094544,0.0,0.0,0.0,0.0,0.0,0.0,0.0,0.19455130378955268,0.0,0.0,0.0,0.17799929581245658,0.0,0.0,0.0,0.0,0.0,0.0,0.0,0.0,0.0,0.0,0.0,0.0,0.0,0.0,0.0,0.0,0.0,0.0,0.0,0.0,0.0,0.0,0.0,0.0,0.0,0.0,0.32718544395643656,0.0,0.0,0.0,0.0,0.0,0.0,0.0,0.0,0.0,0.0,0.23649949613712223,0.26007498361262454,0.0,0.2748092531317541,0.0,0.0,0.0,0.0,0.0,0.0,0.0,0.0,0.0,0.0,0.0,0.0,0.0,0.0,0.0,0.0,0.0,0.0,0.0,0.0,0.0,0.0,0.0,0.0,0.21178693579287597,0.0,0.0,0.0,0.0,0.0,0.0,0.0,0.0,0.3073717519667076,0.0,0.0,0.0,0.0,0.0,0.0
3c4ad3e800eb1b6e313b86f527ffed41f34e46221da557d611b55bae2ba46588,0.0,0.0,0.0,0.0,0.0,0.0,0.0,0.0,0.0,0.0,0.0,0.0,0.0,0.0,0.0,0.0,0.0,0.5256590876082348,0.0,0.0,0.0,0.0,0.0,0.0,0.0,0.0,0.0,0.0,0.0,0.0,0.0,0.0,0.0,0.0,0.0,0.0,0.0,0.0,0.0,0.0,0.0,0.0,0.0,0.0,0.0,0.0,0.0,0.0,0.0,0.0,0.0,0.0,0.0,0.0,0.0,0.0,0.0,0.0,0.0,0.0,0.38970464590624343,0.0,0.0,0.0,0.0,0.0,0.0,0.0,0.0,0.0,0.0,0.0,0.0,0.0,0.0,0.0,0.0,0.0,0.0,0.23332982475653868,0.0,0.0,0.0,0.0,0.0,0.0,0.0,0.0,0.0,0.0,0.0,0.0,0.0,0.0,0.0,0.0,0.0,0.0,0.0,0.32794293697110627,0.0,0.0,0.3602328570011129,0.0,0.0,0.0,0.4288900242711137,0.0,0.0,0.0,0.0,0.0,0.0,0.0,0.0,0.0,0.0,0.31001463088272907,0.0,0.0,0.0,0.0,0.0,0.0,0.0,0.0,0.0,0.0,0.0,0.0,0.0,0.0,0.0,0.0,0.0,0.0,0.0,0.0,0.0,0.0,0.0,0.0,0.0,0.0,0.0,0.0,0.0,0.0,0.0,0.0,0.0,0.0,0.0,0.0,0.0,0.0,0.0,0.0,0.0,0.0,0.0
3d34a1dd4ce728dace0214592dde9e6594b8b5747fb3844981b71b2ca601d98a,0.0,0.0,0.0,0.0,0.0,0.0,0.0,0.0,0.0,0.0,0.0,0.0,0.0,0.0,0.0,0.0,0.0,0.0,0.0,0.0,0.0,0.0,0.0,0.0,0.0,0.0,0.0,0.0,0.0,0.0,0.0,0.0,0.0,0.0,0.346960457906147,0.0,0.0,0.0,0.0,0.0,0.0,0.0,0.0,0.0,0.0,0.0,0.0,0.0,0.0,0.0,0.0,0.0,0.0,0.0,0.0,0.0,0.0,0.0,0.0,0.0,0.30788714923889043,0.0,0.0,0.4301539014810349,0.0,0.0,0.0,0.3463659353266811,0.0,0.0,0.0,0.0,0.0,0.0,0.0,0.20148471038748994,0.0,0.0,0.0,0.1843428230362538,0.0,0.0,0.0,0.0,0.0,0.0,0.0,0.0,0.0,0.0,0.0,0.0,0.0,0.0,0.0,0.0,0.0,0.0,0.0,0.0,0.0,0.0,0.0,0.0,0.0,0.0,0.3388456573381492,0.0,0.0,0.0,0.0,0.0,0.0,0.0,0.0,0.0,0.0,0.2449278496612892,0.0,0.0,0.284602887261798,0.0,0.0,0.0,0.0,0.0,0.0,0.0,0.0,0.0,0.0,0.0,0.0,0.0,0.0,0.0,0.0,0.0,0.0,0.0,0.0,0.0,0.0,0.0,0.0,0.21933458471314032,0.0,0.0,0.0,0.0,0.0,0.0,0.0,0.0,0.31832584629347066,0.0,0.0,0.0,0.0,0.0,0.0
9fb87f7f5f15f6706b0b832d6382a43c6cf325b857af0332f5ec9f1988fc233a,0.0,0.0,0.0,0.0,0.0,0.0,0.0,0.0,0.0,0.0,0.23790070283125822,0.0,0.15496069265761545,0.0,0.0,0.0,0.0,0.0,0.0,0.0,0.0,0.22646556669226578,0.0,0.0,0.0,0.0,0.3257338102017008,0.0,0.0,0.0,0.0,0.0,0.0,0.0,0.0,0.0,0.0,0.0,0.0,0.0,0.0,0.0,0.0,0.0,0.30093017002265976,0.0,0.0,0.32323045653774723,0.0,0.0,0.0,0.0,0.0,0.0,0.0,0.0,0.0,0.0,0.2989321123397427,0.0,0.0,0.0,0.0,0.0,0.0,0.0,0.0,0.0,0.0,0.0,0.0,0.0,0.0,0.0,0.0,0.14731905615507562,0.0,0.0,0.0,0.13478546658173232,0.0,0.0,0.0,0.0,0.0,0.0,0.0,0.0,0.0,0.0,0.0,0.0,0.0,0.0,0.0,0.0,0.0,0.0,0.0,0.0,0.0,0.0,0.0,0.0,0.35346207854261374,0.0,0.0,0.0,0.0,0.0,0.0,0.0,0.0,0.0,0.0,0.0,0.0,0.0,0.0,0.17456788319587963,0.0,0.0,0.0,0.0,0.2445021838917408,0.0,0.0,0.0,0.0,0.0,0.0,0.0,0.0,0.22214260465070354,0.0,0.0,0.0,0.0,0.0,0.0,0.0,0.0,0.30026006890168255,0.23941837323157253,0.0,0.16037030273891967,0.0,0.0,0.0,0.0,0.0,0.0,0.0,0.0,0.0,0.0,0.0,0.0,0.0,0.0,0.0
3e6fbc358e0204cb67a41b05771fac74f1b49737c7ab7138e415c7e9628ef545,0.0,0.2836361193737178,0.3340252398703419,0.0,0.0,0.0,0.0,0.0,0.0,0.0,0.0,0.0,0.0,0.0,0.0,0.0,0.0,0.0,0.0,0.0,0.0,0.0,0.0,0.0,0.0,0.0,0.0,0.0,0.0,0.0,0.0,0.0,0.0,0.0,0.0,0.0,0.0,0.0,0.0,0.0,0.0,0.0,0.2433855139373423,0.0,0.0,0.0,0.0,0.0,0.0,0.0,0.0,0.0,0.0,0.0,0.0,0.0,0.0,0.0,0.0,0.0,0.1924339871528489,0.0,0.0,0.0,0.0,0.0,0.0,0.0,0.0,0.0,0.0,0.0,0.0,0.0,0.0,0.0,0.0,0.0,0.0,0.11521697000856028,0.0,0.0,0.0,0.0,0.0,0.3897923651710949,0.0,0.0,0.0,0.0,0.0,0.0,0.0,0.0,0.0,0.0,0.0,0.0,0.0,0.0,0.0,0.0,0.17788098167262734,0.0,0.0,0.0,0.0,0.0,0.0,0.0,0.0,0.0,0.0,0.0,0.26628455955398406,0.0,0.0,0.15308350085935302,0.0,0.14922367427827332,0.17788098167262734,0.0,0.2907692935907772,0.3972429007714708,0.0,0.0,0.0,0.0,0.0,0.0,0.0,0.0,0.0,0.0,0.0,0.0,0.0,0.0,0.0,0.0,0.0,0.0,0.2566675490375319,0.0,0.0,0.13708733463284317,0.0,0.0,0.0,0.0,0.0,0.0,0.0,0.0,0.1989583260213574,0.0,0.0,0.0,0.0,0.0,0.0
3e74bf12b68d17b563160b6091c8d84d28cf08f163cafca77152c7a29edfba00,0.0,0.0,0.0,0.0,0.0,0.0,0.0,0.0,0.0,0.0,0.0,0.0,0.0,0.0,0.0,0.0,0.0,0.0,0.0,0.0,0.0,0.0,0.0,0.0,0.0,0.0,0.0,0.0,0.0,0.0,0.0,0.0,0.0,0.0,0.3350210014409721,0.0,0.0,0.0,0.0,0.0,0.0,0.0,0.0,0.0,0.0,0.0,0.0,0.0,0.0,0.0,0.0,0.0,0.0,0.0,0.0,0.0,0.0,0.0,0.0,0.0,0.297292266938156,0.0,0.0,0.41535162743790116,0.0,0.0,0.0,0.33444693732094544,0.0,0.0,0.0,0.0,0.0,0.0,0.0,0.19455130378955268,0.0,0.0,0.0,0.17799929581245658,0.0,0.0,0.0,0.0,0.0,0.0,0.0,0.0,0.0,0.0,0.0,0.0,0.0,0.0,0.0,0.0,0.0,0.0,0.0,0.0,0.0,0.0,0.0,0.0,0.0,0.0,0.32718544395643656,0.0,0.0,0.0,0.0,0.0,0.0,0.0,0.0,0.0,0.0,0.23649949613712223,0.26007498361262454,0.0,0.2748092531317541,0.0,0.0,0.0,0.0,0.0,0.0,0.0,0.0,0.0,0.0,0.0,0.0,0.0,0.0,0.0,0.0,0.0,0.0,0.0,0.0,0.0,0.0,0.0,0.0,0.21178693579287597,0.0,0.0,0.0,0.0,0.0,0.0,0.0,0.0,0.3073717519667076,0.0,0.0,0.0,0.0,0.0,0.0
3f88affd9a69bad96f8152c87654aed50cc7a49247f154d503cacbdcd53ba825,0.0,0.0,0.0,0.0,0.0,0.0,0.0,0.0,0.0,0.0,0.0,0.0,0.0,0.0,0.0,0.0,0.0,0.5405803754581913,0.0,0.0,0.0,0.0,0.0,0.0,0.0,0.0,0.0,0.0,0.0,0.0,0.0,0.0,0.0,0.0,0.0,0.0,0.0,0.0,0.0,0.0,0.0,0.0,0.0,0.0,0.0,0.0,0.0,0.0,0.0,0.0,0.0,0.0,0.0,0.0,0.0,0.0,0.0,0.0,0.0,0.0,0.40076674934003054,0.0,0.0,0.0,0.0,0.0,0.0,0.0,0.0,0.0,0.0,0.0,0.0,0.0,0.0,0.0,0.0,0.0,0.0,0.0,0.0,0.0,0.0,0.0,0.0,0.0,0.0,0.0,0.0,0.0,0.0,0.0,0.0,0.0,0.0,0.0,0.0,0.0,0.0,0.33725188087840335,0.0,0.0,0.37045837821636074,0.0,0.0,0.0,0.4410644385616428,0.0,0.0,0.0,0.0,0.0,0.0,0.0,0.0,0.0,0.0,0.3188146643153229,0.0,0.0,0.0,0.0,0.0,0.0,0.0,0.0,0.0,0.0,0.0,0.0,0.0,0.0,0.0,0.0,0.0,0.0,0.0,0.0,0.0,0.0,0.0,0.0,0.0,0.0,0.0,0.0,0.0,0.0,0.0,0.0,0.0,0.0,0.0,0.0,0.0,0.0,0.0,0.0,0.0,0.0,0.0
3f82673c5bebf4a1c2595cb052286fac41ac41d8280b3e15d098e764c98f2dcc,0.0,0.0,0.0,0.0,0.0,0.0,0.0,0.0,0.0,0.0,0.0,0.0,0.0,0.0,0.0,0.0,0.0,0.0,0.0,0.0,0.0,0.0,0.0,0.0,0.0,0.0,0.0,0.0,0.0,0.0,0.0,0.0,0.0,0.0,0.3230448052535705,0.0,0.0,0.0,0.0,0.0,0.0,0.0,0.0,0.0,0.0,0.0,0.0,0.0,0.0,0.0,0.0,0.0,0.0,0.0,0.0,0.0,0.0,0.0,0.0,0.0,0.28666478239678456,0.0,0.0,0.4005038042997769,0.0,0.0,0.0,0.32249126254711497,0.0,0.0,0.0,0.0,0.0,0.0,0.0,0.18759656192955923,0.0,0.0,0.0,0.1716362484849746,0.0,0.0,0.0,0.0,0.0,0.0,0.0,0.0,0.0,0.0,0.0,0.0,0.0,0.0,0.0,0.0,0.0,0.0,0.0,0.0,0.0,0.0,0.26498548233689817,0.0,0.0,0.0,0.31548935013058493,0.0,0.0,0.0,0.0,0.0,0.0,0.0,0.0,0.0,0.0,0.22804520714694726,0.2507779275660386,0.0,0.26498548233689817,0.0,0.0,0.0,0.0,0.0,0.0,0.0,0.0,0.0,0.0,0.0,0.0,0.0,0.0,0.0,0.0,0.0,0.0,0.0,0.0,0.0,0.0,0.0,0.0,0.20421606148328136,0.0,0.0,0.0,0.0,0.0,0.0,0.0,0.0,0.29638395004328927,0.0,0.0,0.0,0.0,0.0,0.0
4ae6519e0d6a7aaf9b684497763257e3a752ef0b31b4ba31afb9aecd1af59d9a,0.0,0.0,0.0,0.0,0.0,0.0,0.0,0.0,0.0,0.0,0.0,0.0,0.0,0.0,0.0,0.0,0.0,0.5405803754581913,0.0,0.0,0.0,0.0,0.0,0.0,0.0,0.0,0.0,0.0,0.0,0.0,0.0,0.0,0.0,0.0,0.0,0.0,0.0,0.0,0.0,0.0,0.0,0.0,0.0,0.0,0.0,0.0,0.0,0.0,0.0,0.0,0.0,0.0,0.0,0.0,0.0,0.0,0.0,0.0,0.0,0.0,0.40076674934003054,0.0,0.0,0.0,0.0,0.0,0.0,0.0,0.0,0.0,0.0,0.0,0.0,0.0,0.0,0.0,0.0,0.0,0.0,0.0,0.0,0.0,0.0,0.0,0.0,0.0,0.0,0.0,0.0,0.0,0.0,0.0,0.0,0.0,0.0,0.0,0.0,0.0,0.0,0.33725188087840335,0.0,0.0,0.37045837821636074,0.0,0.0,0.0,0.4410644385616428,0.0,0.0,0.0,0.0,0.0,0.0,0.0,0.0,0.0,0.0,0.3188146643153229,0.0,0.0,0.0,0.0,0.0,0.0,0.0,0.0,0.0,0.0,0.0,0.0,0.0,0.0,0.0,0.0,0.0,0.0,0.0,0.0,0.0,0.0,0.0,0.0,0.0,0.0,0.0,0.0,0.0,0.0,0.0,0.0,0.0,0.0,0.0,0.0,0.0,0.0,0.0,0.0,0.0,0.0,0.0
4b5fe7497864d07f78af15fa3e1aa3702b303b89f9644624871d83dd0f484749,0.0,0.22188216801269736,0.2613004456450771,0.0,0.0,0.0,0.0,0.0,0.0,0.0,0.0,0.0,0.0,0.0,0.0,0.0,0.0,0.0,0.0,0.0,0.0,0.0,0.0,0.0,0.0,0.0,0.0,0.0,0.0,0.0,0.0,0.0,0.0,0.0,0.16964109382261996,0.0,0.0,0.0,0.0,0.0,0.0,0.0,0.0,0.0,0.0,0.3149162472729806,0.0,0.0,0.0,0.0,0.24566999435004674,0.0,0.0,0.0,0.0,0.0,0.0,0.0,0.0,0.0,0.15053678763861308,0.0,0.0,0.21031727592153793,0.20033990198357324,0.0,0.0,0.16935041095549588,0.0,0.0,0.0,0.0,0.0,0.0,0.0,0.09851291661574105,0.0,0.0,0.0,0.09013164879635617,0.0,0.0,0.0,0.0,0.3264986959553073,0.30492581568923294,0.0,0.0,0.0,0.0,0.0,0.0,0.0,0.0,0.0,0.0,0.0,0.0,0.0,0.0,0.0,0.0,0.0,0.0,0.0,0.0,0.0,0.0,0.0,0.0,0.0,0.0,0.0,0.0,0.2083084323414242,0.0,0.0,0.11975378570489024,0.13169145965829565,0.11673433003100063,0.13915229819424285,0.0,0.22746229004929883,0.0,0.0,0.0,0.0,0.0,0.0,0.0,0.0,0.0,0.0,0.0,0.0,0.0,0.0,0.0,0.0,0.0,0.0,0.0,0.0,0.0,0.31075420241063295,0.10724034401041761,0.2212877486993727,0.0,0.0,0.0,0.0,0.0,0.0,0.0,0.15564063145156123,0.0,0.0,0.0,0.0,0.0,0.0
4b6db1a59ce31c78b9958342e6315a2d40e9b078747def487b9606e312cad630,0.0,0.22223276780093998,0.2617133309243737,0.0,0.0,0.0,0.0,0.0,0.0,0.0,0.0,0.0,0.0,0.0,0.0,0.0,0.0,0.0,0.0,0.0,0.0,0.0,0.0,0.0,0.0,0.0,0.0,0.0,0.0,0.0,0.0,0.0,0.0,0.0,0.16990914660083176,0.0,0.0,0.0,0.0,0.0,0.0,0.0,0.0,0.0,0.0,0.3154138517925189,0.0,0.0,0.0,0.0,0.24605818168735347,0.0,0.0,0.0,0.0,0.0,0.0,0.0,0.0,0.0,0.15077465337762913,0.0,0.0,0.21064960182705025,0.2006564624707953,0.0,0.0,0.16961800442076436,0.0,0.0,0.0,0.0,0.0,0.0,0.0,0.09866857855114572,0.0,0.0,0.0,0.09027406734790085,0.0,0.0,0.0,0.0,0.32701460209904426,0.0,0.0,0.0,0.0,0.0,0.0,0.0,0.0,0.0,0.0,0.0,0.0,0.0,0.0,0.0,0.0,0.0,0.0,0.0,0.0,0.0,0.0,0.0,0.0,0.0,0.0,0.0,0.0,0.0,0.208637584039022,0.0,0.0,0.11994301069888338,0.13189954757398123,0.0,0.1393721751078197,0.3221507321814663,0.22782170708329816,0.0,0.0,0.0,0.0,0.0,0.0,0.0,0.0,0.0,0.0,0.0,0.0,0.0,0.0,0.0,0.0,0.0,0.0,0.0,0.0,0.0,0.31124523041228125,0.10740979630231592,0.2216374092355463,0.0,0.0,0.0,0.0,0.0,0.0,0.0,0.15588656186101058,0.0,0.0,0.0,0.0,0.0,0.0
4b6ef483991fa07850e3af17809005b6bf52712ac7b50ccbe680f29dc6ff3c78,0.0,0.0,0.0,0.0,0.0,0.0,0.0,0.0,0.0,0.0,0.0,0.0,0.0,0.0,0.0,0.0,0.0,0.0,0.0,0.0,0.0,0.0,0.0,0.0,0.0,0.0,0.3679423923471712,0.0,0.0,0.0,0.0,0.0,0.0,0.0,0.28655883511122654,0.0,0.0,0.0,0.0,0.0,0.0,0.0,0.0,0.0,0.3399246968529774,0.0,0.0,0.0,0.0,0.0,0.0,0.0,0.0,0.0,0.0,0.48954277424417203,0.0,0.0,0.3376677308860582,0.0,0.0,0.0,0.0,0.0,0.0,0.0,0.0,0.0,0.0,0.0,0.0,0.0,0.0,0.0,0.0,0.16640865719914377,0.0,0.2826844614503235,0.0,0.15225096528052506,0.0,0.0,0.0,0.0,0.0,0.0,0.0,0.0,0.0,0.0,0.0,0.0,0.0,0.0,0.0,0.0,0.0,0.0,0.0,0.0,0.0,0.0,0.0,0.0,0.0,0.0,0.0,0.0,0.0,0.0,0.0,0.0,0.0,0.0,0.0,0.0,0.2187133916672,0.0,0.0,0.19718838683126091,0.0,0.0,0.0,0.0,0.0,0.0,0.0,0.0,0.0,0.0,0.0,0.0,0.0,0.250927839964784,0.0,0.0,0.0,0.0,0.0,0.0,0.0,0.0,0.0,0.0,0.0,0.18115108411576888,0.0,0.0,0.0,0.0,0.0,0.0,0.0,0.0,0.0,0.0,0.0,0.0,0.0,0.0,0.0
04c9cc0d1577d5ee54a4e2d4dd12f17011d13703cdd0e6efd46718d14fd9aa87,0.0,0.19188738434291583,0.2259769655739202,0.0,0.0,0.0,0.0,0.0,0.0,0.0,0.0,0.0,0.0896148166555342,0.0,0.0,0.0,0.0,0.17560434602209973,0.0,0.0,0.0,0.1309665689399052,0.0,0.0,0.0,0.0,0.0,0.0,0.0,0.0,0.0,0.0,0.0,0.40711001724030954,0.14670843566316202,0.0,0.0,0.0,0.0,0.0,0.0,0.0,0.0,0.0,0.0,0.0,0.0,0.0,0.0,0.0,0.21245949167339892,0.0,0.0,0.0,0.0,0.0,0.0,0.0,0.0,0.30575976396823207,0.13018671435419463,0.0,0.0,0.0,0.0,0.0,0.0,0.0,0.0,0.0,0.0,0.0,0.0,0.0,0.0,0.0,0.0,0.0,0.0,0.07794734695875775,0.0,0.0,0.0,0.0,0.0,0.0,0.0,0.0,0.0,0.0,0.0,0.0,0.0,0.0,0.0,0.0,0.0,0.0,0.0,0.0,0.0,0.0,0.0,0.0,0.0,0.0,0.14327718097715533,0.0,0.29427852830498097,0.0,0.0,0.0,0.0,0.0,0.18014859227570612,0.0,0.11197386232263579,0.10356506297864572,0.0,0.10095378755894233,0.12034121878721994,0.27816177593498564,0.19671316656556134,0.26874539584782237,0.0,0.0,0.0,0.0,0.24805868893523952,0.0,0.0,0.0,0.0,0.0,0.0,0.0,0.0,0.0,0.0,0.0,0.0,0.0,0.0,0.0,0.0,0.09274323075397353,0.0,0.2076395752653899,0.0,0.0,0.0,0.0,0.0,0.0,0.13460060325808054,0.0,0.0,0.0,0.0,0.0,0.0
4c21b335baf9907cfaec588f25354b804b3d59f3882d923fbaf0d929b933ef49,0.0,0.0,0.0,0.0,0.3608846634365164,0.0,0.0,0.0,0.0,0.0,0.0,0.0,0.12970960503558585,0.0,0.0,0.0,0.0,0.0,0.0,0.0,0.0,0.0,0.0,0.0,0.0,0.0,0.0,0.0,0.0,0.0,0.0,0.0,0.0,0.0,0.0,0.0,0.0,0.0,0.0,0.0,0.0,0.0,0.0,0.0,0.0,0.0,0.0,0.0,0.0,0.0,0.30751652214997927,0.0,0.0,0.0,0.0,0.0,0.0,0.0,0.0,0.0,0.1884338765616432,0.0,0.0,0.0,0.0,0.0,0.0,0.2119837611405633,0.0,0.0,0.0,0.0,0.0,0.0,0.0,0.0,0.0,0.0,0.0,0.11282196365424202,0.0,0.0,0.0,0.0,0.0,0.0,0.0,0.0,0.0,0.0,0.0,0.0,0.0,0.0,0.0,0.0,0.0,0.0,0.0,0.15857023916348992,0.0,0.0,0.0,0.0,0.0,0.0,0.20738118146907222,0.0,0.0,0.0,0.0,0.0,0.0,0.0,0.0,0.29678093824696106,0.0,0.1499013658208062,0.0,0.14612177316002112,0.0,0.0,0.2847250944963312,0.0,0.20466017000200407,0.0,0.23546278219816466,0.0,0.0,0.0,0.0,0.0,0.0,0.0,0.0,0.0,0.0,0.0,0.0,0.0,0.0,0.0,0.0,0.20040477425294717,0.0,0.0,0.0,0.30054011493385424,0.0,0.0,0.0,0.0,0.0,0.0,0.19482259449647638,0.0,0.0,0.34395708138022696,0.0,0.0,0.0
9fe9a0edbf56394c7f65764f1fe3a567ef7689716ee94cd1b415a00f907520bf,0.0,0.0,0.0,0.0,0.0,0.0,0.0,0.0,0.0,0.0,0.20778713520813663,0.0,0.13534570522069,0.0,0.0,0.0,0.0,0.0,0.0,0.0,0.0,0.19779946324769856,0.0,0.0,0.0,0.0,0.0,0.0,0.0,0.0,0.0,0.0,0.0,0.0,0.0,0.0,0.0,0.0,0.0,0.0,0.0,0.0,0.0,0.23416570249364277,0.0,0.0,0.0,0.0,0.0,0.0,0.0,0.0,0.0,0.0,0.0,0.0,0.0,0.0,0.0,0.0,0.0,0.0,0.0,0.0,0.0,0.0,0.0,0.0,0.4617904987906533,0.0,0.0,0.42978942843680273,0.0,0.0,0.0,0.1286713501714285,0.27404036988759845,0.2185787202391019,0.0,0.11772426745865985,0.0,0.0,0.0,0.0,0.0,0.0,0.0,0.0,0.0,0.0,0.0,0.0,0.0,0.0,0.0,0.0,0.0,0.0,0.0,0.16546038237266986,0.0,0.0,0.0,0.0,0.0,0.0,0.0,0.0,0.0,0.0,0.0,0.0,0.0,0.0,0.0,0.0,0.1691146835751036,0.15641483192393887,0.17200706772670596,0.15247100961424515,0.1817519438384945,0.0,0.0,0.0,0.21355299811381032,0.0,0.0,0.0,0.0,0.0,0.0,0.0,0.0,0.19402370349777104,0.0,0.0,0.0,0.0,0.0,0.0,0.0,0.0,0.0,0.2091126982725517,0.0,0.0,0.0,0.0,0.0,0.0,0.0,0.0,0.0,0.0,0.0,0.0,0.0,0.0,0.0,0.0,0.0
4c121c1cc3d2c69e3077b50e87477d7db27ee72770231ae6c9d573e6fcd75ab7,0.0,0.0,0.0,0.0,0.0,0.0,0.0,0.0,0.0,0.0,0.0,0.0,0.0,0.0,0.0,0.0,0.0,0.0,0.0,0.0,0.0,0.0,0.0,0.0,0.0,0.0,0.0,0.0,0.0,0.0,0.0,0.0,0.0,0.0,0.346960457906147,0.0,0.0,0.0,0.0,0.0,0.0,0.0,0.0,0.0,0.0,0.0,0.0,0.0,0.0,0.0,0.0,0.0,0.0,0.0,0.0,0.0,0.0,0.0,0.0,0.0,0.30788714923889043,0.0,0.0,0.4301539014810349,0.0,0.0,0.0,0.3463659353266811,0.0,0.0,0.0,0.0,0.0,0.0,0.0,0.20148471038748994,0.0,0.0,0.0,0.1843428230362538,0.0,0.0,0.0,0.0,0.0,0.0,0.0,0.0,0.0,0.0,0.0,0.0,0.0,0.0,0.0,0.0,0.0,0.0,0.0,0.0,0.0,0.0,0.0,0.0,0.0,0.0,0.3388456573381492,0.0,0.0,0.0,0.0,0.0,0.0,0.0,0.0,0.0,0.0,0.2449278496612892,0.0,0.0,0.284602887261798,0.0,0.0,0.0,0.0,0.0,0.0,0.0,0.0,0.0,0.0,0.0,0.0,0.0,0.0,0.0,0.0,0.0,0.0,0.0,0.0,0.0,0.0,0.0,0.0,0.21933458471314032,0.0,0.0,0.0,0.0,0.0,0.0,0.0,0.0,0.31832584629347066,0.0,0.0,0.0,0.0,0.0,0.0
4d30670f6311dc373dcbfb5bd93cf1621b1d6c425c8c9a95dc0a1317d0bdf648,0.0,0.0,0.0,0.0,0.0,0.0,0.0,0.0,0.0,0.0,0.0,0.0,0.0,0.0,0.0,0.0,0.0,0.5405803754581913,0.0,0.0,0.0,0.0,0.0,0.0,0.0,0.0,0.0,0.0,0.0,0.0,0.0,0.0,0.0,0.0,0.0,0.0,0.0,0.0,0.0,0.0,0.0,0.0,0.0,0.0,0.0,0.0,0.0,0.0,0.0,0.0,0.0,0.0,0.0,0.0,0.0,0.0,0.0,0.0,0.0,0.0,0.40076674934003054,0.0,0.0,0.0,0.0,0.0,0.0,0.0,0.0,0.0,0.0,0.0,0.0,0.0,0.0,0.0,0.0,0.0,0.0,0.0,0.0,0.0,0.0,0.0,0.0,0.0,0.0,0.0,0.0,0.0,0.0,0.0,0.0,0.0,0.0,0.0,0.0,0.0,0.0,0.33725188087840335,0.0,0.0,0.37045837821636074,0.0,0.0,0.0,0.4410644385616428,0.0,0.0,0.0,0.0,0.0,0.0,0.0,0.0,0.0,0.0,0.3188146643153229,0.0,0.0,0.0,0.0,0.0,0.0,0.0,0.0,0.0,0.0,0.0,0.0,0.0,0.0,0.0,0.0,0.0,0.0,0.0,0.0,0.0,0.0,0.0,0.0,0.0,0.0,0.0,0.0,0.0,0.0,0.0,0.0,0.0,0.0,0.0,0.0,0.0,0.0,0.0,0.0,0.0,0.0,0.0
4dade4e22ea6cddb7a2f6528ef1e0c636b87833b14b03a6e8bcc49ac9f895e5e,0.0,0.0,0.0,0.0,0.0,0.0,0.0,0.0,0.0,0.0,0.0,0.0,0.0,0.0,0.0,0.0,0.0,0.0,0.0,0.0,0.0,0.0,0.0,0.0,0.0,0.0,0.0,0.0,0.0,0.0,0.0,0.0,0.0,0.0,0.3350210014409721,0.0,0.0,0.0,0.0,0.0,0.0,0.0,0.0,0.0,0.0,0.0,0.0,0.0,0.0,0.0,0.0,0.0,0.0,0.0,0.0,0.0,0.0,0.0,0.0,0.0,0.297292266938156,0.0,0.0,0.41535162743790116,0.0,0.0,0.0,0.33444693732094544,0.0,0.0,0.0,0.0,0.0,0.0,0.0,0.19455130378955268,0.0,0.0,0.0,0.17799929581245658,0.0,0.0,0.0,0.0,0.0,0.0,0.0,0.0,0.0,0.0,0.0,0.0,0.0,0.0,0.0,0.0,0.0,0.0,0.0,0.0,0.0,0.0,0.0,0.0,0.0,0.0,0.32718544395643656,0.0,0.0,0.0,0.0,0.0,0.0,0.0,0.0,0.0,0.0,0.23649949613712223,0.26007498361262454,0.0,0.2748092531317541,0.0,0.0,0.0,0.0,0.0,0.0,0.0,0.0,0.0,0.0,0.0,0.0,0.0,0.0,0.0,0.0,0.0,0.0,0.0,0.0,0.0,0.0,0.0,0.0,0.21178693579287597,0.0,0.0,0.0,0.0,0.0,0.0,0.0,0.0,0.3073717519667076,0.0,0.0,0.0,0.0,0.0,0.0
4e0f7f76e731ed338ad70fc099358857258515bc80226fa0a4700404ef91c491,0.0,0.2251340256751688,0.2651300091651591,0.0,0.0,0.0,0.0,0.0,0.0,0.0,0.0,0.0,0.0,0.0,0.0,0.0,0.0,0.0,0.0,0.0,0.0,0.0,0.0,0.0,0.0,0.0,0.0,0.0,0.0,0.0,0.0,0.0,0.0,0.0,0.17212731745995866,0.0,0.0,0.0,0.0,0.0,0.0,0.0,0.0,0.0,0.0,0.3195315925298955,0.0,0.0,0.0,0.0,0.2492704813144647,0.0,0.0,0.0,0.0,0.0,0.0,0.0,0.0,0.0,0.15274302264501724,0.0,0.0,0.21339964099567238,0.20327604079634515,0.0,0.0,0.0,0.0,0.0,0.0,0.0,0.0,0.0,0.0,0.09995670088023847,0.0,0.0,0.0,0.09145259898985185,0.0,0.0,0.0,0.0,0.33128379110620937,0.30939474331471767,0.0,0.0,0.0,0.0,0.0,0.0,0.0,0.0,0.0,0.0,0.0,0.0,0.0,0.0,0.0,0.0,0.0,0.0,0.0,0.0,0.0,0.0,0.0,0.0,0.0,0.0,0.0,0.0,0.2113613562331184,0.0,0.0,0.12150887160991045,0.13362150156300323,0.11844516343859134,0.14119168455496908,0.0,0.23079592878847766,0.0,0.0,0.0,0.0,0.0,0.0,0.0,0.0,0.0,0.0,0.0,0.0,0.0,0.0,0.0,0.0,0.0,0.0,0.0,0.0,0.0,0.3153085496270185,0.10881203558671586,0.22453089467935036,0.0,0.0,0.0,0.0,0.0,0.0,0.0,0.15792166730275542,0.0,0.0,0.0,0.0,0.0,0.0
10c53048944570e3619bd2fa4dad951b8b63634f062ba676abaefbdb70b7a463,0.0,0.0,0.0,0.0,0.0,0.0,0.0,0.0,0.0,0.0,0.26585558813341115,0.0,0.17316958543528163,0.0,0.0,0.0,0.0,0.0,0.0,0.0,0.0,0.25307674886376097,0.0,0.0,0.0,0.0,0.36400965888500847,0.0,0.0,0.0,0.0,0.0,0.0,0.0,0.0,0.0,0.0,0.0,0.0,0.0,0.0,0.0,0.0,0.0,0.3362914290976603,0.0,0.0,0.0,0.0,0.0,0.0,0.0,0.0,0.0,0.0,0.0,0.0,0.0,0.33405858659616855,0.0,0.0,0.0,0.0,0.0,0.0,0.0,0.0,0.0,0.0,0.0,0.0,0.0,0.0,0.0,0.0,0.16463000676860806,0.0,0.2796630030266631,0.0,0.15062363861673492,0.0,0.0,0.0,0.0,0.0,0.0,0.0,0.0,0.0,0.0,0.0,0.0,0.0,0.0,0.0,0.0,0.0,0.0,0.0,0.21170014796345635,0.0,0.0,0.0,0.0,0.0,0.0,0.0,0.0,0.0,0.0,0.0,0.0,0.0,0.0,0.0,0.0,0.0,0.0,0.0,0.19508074883311072,0.0,0.0,0.0,0.0,0.27323278630474657,0.0,0.314355998289468,0.0,0.0,0.0,0.0,0.0,0.0,0.24824581056740325,0.0,0.0,0.0,0.0,0.0,0.0,0.0,0.0,0.0,0.0,0.0,0.17921486000833597,0.0,0.0,0.0,0.0,0.0,0.0,0.0,0.0,0.0,0.0,0.0,0.0,0.0,0.0,0.0
12f1fa49ce2f2fd19db6147e547a35625c260b2fec2ecf67de89c837990c5d94,0.0,0.0,0.0,0.0,0.0,0.0,0.0,0.0,0.0,0.0,0.0,0.0,0.26949110071757515,0.0,0.0,0.0,0.0,0.0,0.0,0.0,0.0,0.0,0.0,0.0,0.0,0.0,0.0,0.0,0.0,0.0,0.0,0.0,0.0,0.0,0.0,0.0,0.0,0.0,0.0,0.0,0.0,0.0,0.0,0.0,0.0,0.0,0.0,0.0,0.0,0.0,0.0,0.0,0.0,0.0,0.0,0.0,0.0,0.0,0.0,0.0,0.0,0.0,0.0,0.0,0.5210220302109594,0.0,0.0,0.44042796297428344,0.0,0.0,0.0,0.0,0.0,0.0,0.0,0.25620158195617426,0.0,0.0,0.0,0.2344045004374075,0.0,0.0,0.0,0.0,0.0,0.0,0.0,0.0,0.0,0.0,0.0,0.0,0.0,0.0,0.0,0.0,0.0,0.0,0.0,0.0,0.0,0.0,0.0,0.0,0.0,0.0,0.0,0.0,0.0,0.0,0.0,0.0,0.0,0.0,0.0,0.0,0.336729578155777,0.3114425031441119,0.0,0.0,0.36189202548192295,0.0,0.0,0.0,0.0,0.0,0.0,0.0,0.0,0.0,0.0,0.0,0.0,0.0,0.0,0.0,0.0,0.0,0.0,0.0,0.0,0.0,0.0,0.0,0.0,0.0,0.0,0.0,0.0,0.0,0.0,0.0,0.0,0.0,0.0,0.0,0.0,0.0,0.0,0.0,0.0
15d9f248ee852047b99f3e6199e8dfffdf970a7597438d02bfb2842f32ff31f7,0.0,0.0,0.0,0.0,0.0,0.0,0.0,0.0,0.0,0.0,0.3123001704371326,0.0,0.20342205866602767,0.0,0.0,0.0,0.0,0.3986148598152711,0.0,0.0,0.0,0.2972888866423462,0.0,0.0,0.0,0.0,0.0,0.0,0.0,0.0,0.0,0.0,0.0,0.0,0.0,0.0,0.0,0.0,0.0,0.0,0.0,0.0,0.0,0.0,0.0,0.0,0.0,0.0,0.0,0.0,0.0,0.0,0.5846426990348333,0.0,0.0,0.0,0.0,0.0,0.0,0.0,0.0,0.0,0.0,0.0,0.0,0.0,0.0,0.0,0.0,0.0,0.0,0.0,0.0,0.0,0.0,0.1933906280995761,0.0,0.0,0.0,0.17693736792270082,0.0,0.0,0.0,0.0,0.0,0.0,0.0,0.0,0.0,0.0,0.0,0.0,0.0,0.0,0.0,0.0,0.0,0.0,0.0,0.24868385409817456,0.0,0.0,0.2731697656892249,0.0,0.0,0.0,0.0,0.0,0.0,0.0,0.0,0.0,0.0,0.0,0.0,0.0,0.0,0.0,0.25852339950514014,0.0,0.0,0.0,0.0,0.0,0.0,0.0,0.0,0.0,0.0,0.0,0.0,0.0,0.0,0.0,0.0,0.0,0.0,0.0,0.0,0.0,0.0,0.0,0.0,0.0,0.0,0.0,0.0,0.0,0.0,0.0,0.0,0.0,0.0,0.0,0.0,0.0,0.0,0.0,0.0,0.0,0.0
16ad6e2bd4bce6939f1b743d03707fe4cea68167a6f6dfbac9061728292697b7,0.0,0.0,0.0,0.0,0.0,0.0,0.0,0.0,0.0,0.0,0.0,0.0,0.0,0.0,0.0,0.0,0.0,0.0,0.0,0.0,0.6791143998174749,0.0,0.0,0.0,0.0,0.0,0.0,0.0,0.0,0.0,0.0,0.0,0.0,0.0,0.0,0.0,0.0,0.0,0.0,0.0,0.0,0.0,0.0,0.415671456041561,0.0,0.0,0.0,0.0,0.0,0.0,0.0,0.0,0.0,0.0,0.0,0.0,0.0,0.0,0.0,0.0,0.0,0.0,0.0,0.0,0.0,0.0,0.0,0.39264661059323885,0.0,0.0,0.0,0.0,0.0,0.0,0.0,0.0,0.0,0.0,0.0,0.0,0.0,0.0,0.0,0.0,0.0,0.0,0.0,0.0,0.0,0.0,0.0,0.0,0.0,0.0,0.0,0.0,0.0,0.0,0.0,0.0,0.0,0.0,0.0,0.0,0.0,0.0,0.0,0.0,0.0,0.0,0.0,0.0,0.0,0.0,0.0,0.0,0.0,0.0,0.30533262356531626,0.0,0.0,0.0,0.0,0.0,0.0,0.0,0.0,0.0,0.0,0.0,0.0,0.0,0.0,0.34441472205642126,0.0,0.0,0.0,0.0,0.0,0.0,0.0,0.0,0.0,0.0,0.0,0.0,0.0,0.0,0.0,0.0,0.0,0.0,0.0,0.0,0.0,0.0,0.0,0.0,0.0,0.0,0.0
16bd868c6c2200864825de71892e8802f0f7f243f476dcd38e9d713bb0a5ee44,0.0,0.0,0.0,0.0,0.0,0.0,0.0,0.0,0.0,0.0,0.21016273924577705,0.0,0.13689309555107543,0.0,0.0,0.0,0.0,0.0,0.0,0.0,0.0,0.20006087949497323,0.0,0.0,0.0,0.0,0.0,0.0,0.0,0.0,0.0,0.0,0.0,0.0,0.0,0.0,0.0,0.0,0.0,0.0,0.0,0.0,0.0,0.23684288935491588,0.0,0.0,0.0,0.0,0.3361510012118666,0.0,0.0,0.0,0.0,0.0,0.0,0.0,0.0,0.0,0.0,0.0,0.0,0.0,0.0,0.0,0.0,0.0,0.0,0.0,0.0,0.0,0.0,0.0,0.0,0.0,0.0,0.13014243344465282,0.2771734387781693,0.22107770310357114,0.0,0.11907019411972534,0.0,0.0,0.0,0.0,0.0,0.0,0.0,0.0,0.2855434950178317,0.0,0.0,0.0,0.0,0.0,0.0,0.0,0.0,0.0,0.0,0.16735206999827917,0.0,0.0,0.0,0.0,0.0,0.0,0.0,0.0,0.0,0.0,0.0,0.0,0.0,0.0,0.0,0.0,0.1710481503641946,0.0,0.17397360277799748,0.15421419138389555,0.0,0.0,0.0,0.0,0.21599452253283277,0.0,0.0,0.0,0.0,0.0,0.0,0.0,0.0,0.19624195196135158,0.0,0.0,0.0,0.0,0.0,0.0,0.0,0.0,0.0,0.21150345730506132,0.0,0.14167197371077916,0.29233654932335523,0.3171844263906595,0.0,0.0,0.0,0.0,0.0,0.0,0.2056121290061571,0.0,0.0,0.0,0.0,0.0,0.0
d0fef87fd7e5a7214773deef4c445970147c88d5335867b552f9d4d22ef0231b,0.0,0.0,0.0,0.0,0.0,0.0,0.0,0.0,0.0,0.0,0.3218584913638839,0.0,0.20964803451992728,0.0,0.0,0.0,0.0,0.0,0.0,0.0,0.0,0.306387769241439,0.0,0.0,0.0,0.0,0.0,0.0,0.0,0.0,0.0,0.0,0.0,0.0,0.34321484250200385,0.0,0.0,0.0,0.0,0.0,0.0,0.0,0.0,0.0,0.0,0.0,0.0,0.0,0.0,0.0,0.0,0.0,0.0,0.0,0.0,0.0,0.0,0.0,0.4044285601212899,0.0,0.0,0.0,0.0,0.0,0.0,0.0,0.0,0.0,0.0,0.0,0.0,0.0,0.0,0.0,0.0,0.19930958000092916,0.0,0.0,0.0,0.1823527480813879,0.0,0.0,0.0,0.0,0.0,0.0,0.0,0.0,0.0,0.0,0.0,0.0,0.0,0.0,0.0,0.0,0.0,0.0,0.0,0.25629512143576394,0.0,0.0,0.0,0.0,0.0,0.0,0.0,0.0,0.0,0.0,0.0,0.0,0.0,0.0,0.0,0.0,0.2619555675015245,0.0,0.0,0.0,0.0,0.0,0.0,0.0,0.0,0.0,0.0,0.0,0.0,0.0,0.0,0.0,0.0,0.0,0.0,0.0,0.0,0.0,0.0,0.0,0.0,0.0,0.40622516723735164,0.32391176442957653,0.0,0.0,0.0,0.0,0.0,0.0,0.0,0.0,0.0,0.0,0.0,0.0,0.0,0.0,0.0,0.0,0.0
