hash,Suspicious_Scheduled_Task_Creation_Via_Masqueraded_XML_File,accesses_public_folder,accesses_recyclebin,adds_admin_user,anomalous_deletefile,antianalysis_tls_section,antiav_avast_libs,antiav_bullguard_libs,antiav_detectfile,antidebug_devices,antidebug_guardpages,antidebug_ntsetinformationthread,antidebug_setunhandledexceptionfilter,antidebug_windows,antisandbox_mouse_hook,antisandbox_restart,antisandbox_sboxie_libs,antisandbox_sleep,antisandbox_sunbelt_libs,antisandbox_suspend,antisandbox_unhook,antivm_checks_available_memory,antivm_display,antivm_generic_bios,antivm_generic_disk,antivm_generic_diskreg,antivm_generic_system,antivm_network_adapters,antivm_vbox_devices,antivm_vbox_keys,antivm_vmware_keys,api_spamming,asyncrat_mutex,bcdedit_command,binary_yara,clears_logs,cmdline_http_link,cmdline_long_string,cmdline_obfuscation,cmdline_process_discovery,cmdline_switches,cmdline_terminate,contains_pe_overlay,creates_suspended_process,createtoolhelp32snapshot_module_enumeration,credential_access_via_windows_credential_history,cryptopool_domains,dead_connect,deletes_executed_files,deletes_self,deletes_shadow_copies,detect_virtualization_via_recent_files,dll_load_uncommon_file_types,dotnet_code_compile,dotnet_csc_build,dropper,dynamic_function_loading,encrypt_pcinfo,encrypted_ioc,enumerates_physical_drives,enumerates_running_processes,explorer_http,gandcrab_mutexes,generates_crypto_key,http_request,infostealer_bitcoin,infostealer_browser,infostealer_cookies,infostealer_ftp,infostealer_im,infostealer_keylog,infostealer_mail,injection_createremotethread,injection_network_traffic,injection_runpe,injection_rwx,injection_write_exe_process,injection_write_process,ipc_namedpipe,language_check_registry,legitimate_domain_abuse,long_commandline,mapped_drives_uac,masquerade_process_name,mass_data_encryption,modify_desktop_wallpaper,modify_hostfile,modify_uac_prompt,mouse_movement_detect,multiple_useragents,neshta_files,neshta_mutexes,network_anomaly,network_bind,network_cnc_https_pastesite,network_cnc_https_socialmedia,network_dns_tunneling_request,network_fake_useragent,packer_armadillo_mutex,packer_entropy,packer_mpress,packer_themida,packer_unknown_pe_section_name,packer_vmprotect,pe_compile_timestomping,persistence_ads,persistence_autorun,persistence_autorun_tasks,physical_drive_access,polymorphic,potential_protocol_tunneling_via_legit_utilities,powershell_command_suspicious,powershell_renamed,process_creation_suspicious_location,process_interest,process_needed,procmem_yara,queries_computer_name,queries_keyboard_layout,queries_locale_api,queries_user_name,ransomware_extensions_known,ransomware_file_modifications,ransomware_files,reads_memory_remote_process,reads_password_database,reads_self,recon_beacon,recon_fingerprint,recon_programs,recon_systeminfo,registry_credential_store_access,removes_zoneid_ads,resumethread_remote_process,revil_mutexes,script_created_process,script_network_activity,script_tool_executed,spoofs_procname,spooler_svc_start,spreading_autoruninf,squiblydoo_bypass,static_pe_anomaly,static_pe_pdbpath,stealth_file,stealth_timeout,stealth_window,suspicious_command_tools,suspicious_communication_trusted_site,suspicious_iocontrol_codes,suspicious_ping_use,terminates_remote_process,uiautomationcore_load,uses_remote_desktop_session,uses_windows_utilities,uses_windows_utilities_curl,uses_windows_utilities_to_create_scheduled_task,virus,warzonerat_files,windows_defender_powershell,wmic_command_suspicious
21b63a545df6a8ccbf3a70596ce720392245a6865d45a6094df56635f069dd59,0.0,0.0,0.0,0.0,0.0,0.0,0.0,0.0,0.0,0.0,0.0,0.0,0.0,0.0,0.0,0.0,0.0,0.0,0.0,0.0,0.0,0.0,0.0,0.0,0.0,0.0,0.44435457172793535,0.0,0.0,0.0,0.0,0.0,0.0,0.0,0.34606974107664024,0.0,0.0,0.0,0.0,0.0,0.0,0.0,0.0,0.0,0.4105183208879419,0.0,0.0,0.0,0.0,0.0,0.0,0.0,0.0,0.0,0.0,0.0,0.0,0.0,0.40869565530666246,0.0,0.0,0.0,0.0,0.0,0.0,0.0,0.0,0.0,0.0,0.0,0.0,0.0,0.0,0.0,0.0,0.0,0.0,0.34196763556312026,0.0,0.18406910188370415,0.0,0.0,0.0,0.0,0.0,0.0,0.0,0.0,0.0,0.0,0.0,0.0,0.0,0.0,0.0,0.0,0.0,0.0,0.0,0.0,0.0,0.0,0.0,0.0,0.0,0.0,0.0,0.0,0.0,0.0,0.0,0.0,0.0,0.0,0.0,0.0,0.0,0.0,0.0,0.23813934736134526,0.0,0.0,0.0,0.0,0.0,0.0,0.0,0.0,0.0,0.0,0.0,0.0,0.0,0.3030391038958105,0.0,0.0,0.0,0.0,0.0,0.0,0.0,0.0,0.0,0.0,0.0,0.21877150900394896,0.0,0.0,0.0,0.0,0.0,0.0,0.0,0.0,0.0,0.0,0.0,0.0,0.0,0.0,0.0
25abc25a488468887ae9b909116f16841a6be0948c5d2b9240f64be0761653de,0.0,0.0,0.0,0.0,0.0,0.0,0.0,0.0,0.0,0.0,0.3505081356081414,0.0,0.22820680215085137,0.0,0.0,0.0,0.0,0.0,0.0,0.0,0.0,0.33363156796238247,0.0,0.0,0.0,0.0,0.0,0.0,0.0,0.0,0.0,0.0,0.0,0.0,0.0,0.0,0.0,0.0,0.0,0.0,0.0,0.0,0.0,0.0,0.0,0.0,0.0,0.47669144179110645,0.0,0.0,0.0,0.0,0.0,0.0,0.0,0.0,0.0,0.0,0.0,0.0,0.0,0.0,0.0,0.0,0.0,0.0,0.0,0.0,0.0,0.0,0.0,0.0,0.0,0.0,0.0,0.21694835854162325,0.0,0.0,0.0,0.198485130760301,0.0,0.0,0.0,0.0,0.0,0.0,0.0,0.0,0.0,0.0,0.0,0.0,0.0,0.0,0.0,0.0,0.0,0.0,0.0,0.0,0.0,0.0,0.0,0.0,0.0,0.0,0.0,0.0,0.0,0.0,0.0,0.0,0.0,0.0,0.0,0.0,0.2851906847105869,0.0,0.0,0.0,0.0,0.0,0.0,0.0,0.0,0.0,0.0,0.0,0.0,0.0,0.0,0.0,0.0,0.0,0.0,0.0,0.0,0.0,0.0,0.0,0.0,0.0,0.4416838072891548,0.3516243717842808,0.0,0.0,0.0,0.0,0.0,0.0,0.0,0.0,0.0,0.0,0.0,0.0,0.0,0.0,0.0,0.0,0.0
31f983668db02626b9c65b0f2fc7d14b59400c485d4ffc88418f3f76bf62ef85,0.0,0.0,0.0,0.0,0.0,0.0,0.0,0.0,0.0,0.0,0.0,0.0,0.22409002946667733,0.0,0.0,0.0,0.0,0.0,0.0,0.0,0.0,0.0,0.0,0.0,0.0,0.0,0.0,0.0,0.0,0.0,0.0,0.0,0.0,0.0,0.0,0.0,0.0,0.0,0.0,0.0,0.0,0.0,0.0,0.0,0.0,0.0,0.0,0.46809209116768397,0.0,0.0,0.0,0.0,0.0,0.0,0.0,0.0,0.0,0.0,0.0,0.0,0.0,0.0,0.0,0.0,0.4327539631284136,0.0,0.0,0.3658136036445974,0.0,0.0,0.0,0.0,0.0,0.0,0.0,0.21303468433076353,0.0,0.0,0.0,0.19490452686581855,0.0,0.0,0.0,0.0,0.0,0.0,0.0,0.0,0.0,0.0,0.0,0.0,0.0,0.0,0.0,0.0,0.0,0.0,0.0,0.0,0.0,0.0,0.300169322840317,0.0,0.0,0.0,0.0,0.0,0.0,0.0,0.0,0.0,0.0,0.0,0.0,0.0,0.2800459422685042,0.2589974339582304,0.0,0.0,0.3009971650896066,0.0,0.0,0.0,0.0,0.0,0.0,0.0,0.0,0.0,0.0,0.0,0.0,0.0,0.0,0.0,0.0,0.0,0.0,0.0,0.0,0.0,0.0,0.0,0.0,0.0,0.0,0.0,0.0,0.0,0.0,0.0,0.0,0.0,0.0,0.0,0.0,0.0,0.0,0.0,0.0
34a51dc07bde9cbe8888d913bada3b4f66240ea94e035f49c9c1e4aa087d489b,0.0,0.3328720977719817,0.0,0.0,0.0,0.0,0.0,0.0,0.0,0.0,0.23904157774673218,0.0,0.1556338027476267,0.0,0.0,0.0,0.0,0.0,0.0,0.0,0.0,0.22753199794770068,0.0,0.0,0.0,0.0,0.0,0.0,0.0,0.0,0.0,0.0,0.0,0.0,0.0,0.0,0.0,0.0,0.0,0.0,0.0,0.0,0.2850549249523099,0.0,0.0,0.0,0.0,0.0,0.0,0.0,0.0,0.0,0.0,0.0,0.0,0.0,0.0,0.0,0.0,0.0,0.0,0.0,0.0,0.0,0.0,0.0,0.0,0.0,0.0,0.0,0.5360127908756337,0.0,0.0,0.0,0.0,0.14795570386797263,0.0,0.0,0.0,0.13536404435773883,0.0,0.0,0.0,0.0,0.0,0.0,0.0,0.0,0.0,0.0,0.0,0.0,0.0,0.0,0.0,0.0,0.0,0.0,0.0,0.0,0.0,0.0,0.0,0.0,0.3545945600487065,0.0,0.24896127159519002,0.0,0.0,0.0,0.0,0.0,0.0,0.0,0.0,0.0,0.0,0.17987750568255736,0.1975661804088853,0.17512719326413992,0.0,0.0,0.0,0.0,0.0,0.0,0.0,0.0,0.0,0.0,0.0,0.0,0.0,0.0,0.0,0.0,0.0,0.0,0.0,0.0,0.0,0.0,0.0,0.23980283498893395,0.0,0.0,0.0,0.0,0.0,0.0,0.0,0.0,0.0,0.0,0.0,0.0,0.0,0.0,0.0,0.0,0.0
35c2ee1406834ee537a4c945e4755f53272d46241402e96c77d0deb505c9e52b,0.0,0.0,0.0,0.0,0.0,0.5764518493402486,0.0,0.0,0.0,0.0,0.0,0.0,0.0,0.0,0.0,0.0,0.0,0.0,0.0,0.0,0.0,0.0,0.0,0.0,0.0,0.0,0.0,0.0,0.0,0.0,0.0,0.0,0.0,0.0,0.0,0.0,0.0,0.0,0.0,0.0,0.0,0.0,0.3799133070993659,0.0,0.0,0.0,0.0,0.0,0.0,0.0,0.0,0.0,0.0,0.0,0.0,0.0,0.0,0.0,0.0,0.0,0.0,0.0,0.0,0.0,0.0,0.0,0.0,0.0,0.0,0.0,0.0,0.0,0.0,0.0,0.0,0.19719126329811704,0.0,0.0,0.0,0.18040944832964234,0.0,0.0,0.0,0.0,0.0,0.0,0.0,0.0,0.43217284410494394,0.0,0.0,0.0,0.0,0.0,0.0,0.0,0.0,0.0,0.0,0.2532889781064331,0.0,0.0,0.27784568583358576,0.0,0.0,0.0,0.0,0.0,0.0,0.0,0.0,0.0,0.0,0.0,0.0,0.0,0.0,0.0,0.2633107320727291,0.23340467163351164,0.0,0.0,0.0,0.0,0.0,0.0,0.0,0.0,0.0,0.0,0.0,0.0,0.0,0.0,0.0,0.0,0.0,0.0,0.0,0.0,0.0,0.0,0.0,0.0,0.0,0.0,0.0,0.0,0.0,0.0,0.0,0.0,0.0,0.0,0.0,0.0,0.0,0.0,0.0,0.0,0.0
36b8623b6b1120313cd6a82751d5eb175d274d2952a8b3d3d6f69874fb4e88b9,0.0,0.0,0.0,0.0,0.0,0.0,0.0,0.0,0.0,0.0,0.0,0.0,0.36810692077487056,0.0,0.0,0.0,0.0,0.0,0.0,0.0,0.0,0.0,0.0,0.0,0.0,0.0,0.0,0.0,0.0,0.0,0.0,0.0,0.0,0.0,0.0,0.0,0.0,0.0,0.0,0.0,0.0,0.0,0.0,0.0,0.0,0.0,0.0,0.0,0.0,0.0,0.0,0.0,0.0,0.0,0.0,0.0,0.0,0.0,0.0,0.0,0.0,0.0,0.0,0.0,0.0,0.0,0.0,0.0,0.0,0.0,0.0,0.0,0.0,0.0,0.0,0.0,0.0,0.0,0.0,0.0,0.0,0.0,0.0,0.0,0.0,0.0,0.0,0.0,0.0,0.0,0.0,0.0,0.0,0.0,0.0,0.0,0.0,0.0,0.0,0.0,0.0,0.0,0.4930804168520932,0.0,0.0,0.0,0.0,0.0,0.0,0.0,0.0,0.0,0.0,0.0,0.0,0.0,0.0,0.0,0.0,0.41421291980473207,0.0,0.0,0.0,0.0,0.0,0.0,0.0,0.0,0.0,0.0,0.0,0.0,0.0,0.0,0.0,0.0,0.0,0.0,0.0,0.0,0.0,0.0,0.0,0.0,0.0,0.38052504350367605,0.0,0.0,0.0,0.0,0.0,0.0,0.0,0.0,0.5522656477891535,0.0,0.0,0.0,0.0,0.0,0.0
38e52dbc0dbbc8d65987b05460d1a109a772aeb1fead029581115e4e4e15c240,0.0,0.3447987534738365,0.0,0.0,0.0,0.0,0.0,0.0,0.0,0.0,0.0,0.0,0.16121009103783007,0.0,0.0,0.0,0.0,0.0,0.0,0.0,0.0,0.0,0.0,0.0,0.0,0.0,0.0,0.0,0.0,0.0,0.0,0.0,0.0,0.0,0.0,0.0,0.0,0.0,0.0,0.0,0.0,0.0,0.0,0.0,0.0,0.0,0.0,0.33674487352616383,0.0,0.0,0.0,0.0,0.0,0.0,0.0,0.0,0.0,0.0,0.0,0.0,0.0,0.0,0.0,0.0,0.0,0.0,0.6072158020166789,0.26316585564638706,0.0,0.0,0.0,0.0,0.0,0.0,0.0,0.15325688937126367,0.0,0.0,0.0,0.0,0.0,0.0,0.0,0.0,0.0,0.0,0.0,0.0,0.0,0.0,0.0,0.0,0.0,0.0,0.0,0.0,0.0,0.0,0.0,0.19685598767087323,0.0,0.0,0.0,0.0,0.0,0.0,0.0,0.0,0.0,0.0,0.0,0.0,0.0,0.0,0.0,0.0,0.2014647057494087,0.0,0.20464488669829434,0.0,0.0,0.0,0.0,0.0,0.0,0.0,0.0,0.0,0.0,0.0,0.0,0.0,0.0,0.0,0.0,0.0,0.0,0.0,0.0,0.0,0.0,0.0,0.31201474325884543,0.24839486138100741,0.0,0.0,0.0,0.0,0.0,0.0,0.0,0.0,0.0,0.0,0.0,0.0,0.0,0.0,0.0,0.0,0.0
42baf0d9105229ca324cb979bcd9fa893bd2585cb91a98c7406ef610b1e35291,0.0,0.3407228312447709,0.0,0.0,0.0,0.0,0.0,0.0,0.0,0.0,0.0,0.0,0.15930440029216839,0.0,0.0,0.0,0.0,0.0,0.0,0.0,0.0,0.0,0.0,0.0,0.0,0.0,0.0,0.0,0.0,0.0,0.0,0.0,0.0,0.0,0.0,0.0,0.0,0.0,0.0,0.0,0.0,0.0,0.29177789829818485,0.2758163285079249,0.0,0.0,0.0,0.0,0.0,0.0,0.0,0.0,0.0,0.0,0.0,0.0,0.0,0.0,0.0,0.0,0.0,0.0,0.0,0.0,0.0,0.0,0.6000378051116887,0.0,0.0,0.0,0.0,0.0,0.0,0.0,0.0,0.15144521471799907,0.3229637530293705,0.25741347458253705,0.0,0.0,0.0,0.0,0.0,0.0,0.0,0.0,0.0,0.0,0.0,0.0,0.0,0.0,0.0,0.0,0.0,0.0,0.0,0.0,0.0,0.0,0.0,0.0,0.0,0.0,0.0,0.0,0.0,0.0,0.0,0.0,0.0,0.0,0.0,0.0,0.0,0.0,0.1990831586461693,0.0,0.20222574615803865,0.0,0.0,0.0,0.0,0.0,0.2514824279185064,0.0,0.0,0.0,0.0,0.0,0.0,0.0,0.0,0.0,0.0,0.0,0.0,0.0,0.0,0.0,0.0,0.0,0.0,0.0,0.0,0.0,0.0,0.0,0.0,0.0,0.0,0.0,0.0,0.0,0.0,0.0,0.0,0.0,0.0,0.0,0.0
44f53e578f99badd615955fdb2d5c5a70a69cfec2470d06e6be8d08c230b953f,0.0,0.4725601015170454,0.0,0.0,0.0,0.0,0.0,0.0,0.0,0.0,0.0,0.0,0.0,0.0,0.0,0.0,0.0,0.0,0.0,0.0,0.0,0.0,0.0,0.0,0.0,0.0,0.0,0.0,0.0,0.0,0.0,0.0,0.0,0.0,0.0,0.0,0.0,0.0,0.0,0.0,0.0,0.0,0.0,0.0,0.0,0.0,0.0,0.0,0.0,0.0,0.0,0.0,0.0,0.0,0.0,0.0,0.0,0.0,0.0,0.0,0.0,0.0,0.0,0.0,0.0,0.0,0.0,0.0,0.0,0.0,0.0,0.0,0.0,0.0,0.0,0.21004452733604925,0.0,0.0,0.0,0.19216884494557102,0.0,0.0,0.0,0.0,0.0,0.0,0.0,0.0,0.4603426097547895,0.0,0.0,0.0,0.0,0.0,0.0,0.0,0.0,0.0,0.0,0.26979878720775297,0.0,0.0,0.2959561431737794,0.0,0.0,0.0,0.0,0.0,0.0,0.0,0.0,0.0,0.0,0.0,0.0,0.0,0.0,0.0,0.2804737762499725,0.2486183876066018,0.0,0.0,0.0,0.0,0.0,0.0,0.0,0.0,0.0,0.0,0.0,0.0,0.0,0.0,0.0,0.0,0.0,0.0,0.0,0.0,0.0,0.0,0.42762834048471443,0.0,0.0,0.0,0.0,0.0,0.0,0.0,0.0,0.0,0.0,0.0,0.0,0.0,0.0,0.0,0.0,0.0,0.0
52b2b45ea5d9d4871a9447c0f379ac85704447de2007b54073af0c30f7fbf488,0.0,0.0,0.0,0.0,0.0,0.0,0.0,0.0,0.0,0.0,0.0,0.0,0.0,0.0,0.0,0.0,0.0,0.0,0.0,0.0,0.0,0.0,0.0,0.0,0.0,0.0,0.44736933330105716,0.0,0.0,0.0,0.0,0.0,0.0,0.0,0.0,0.0,0.0,0.0,0.0,0.0,0.0,0.0,0.0,0.0,0.4133035175250842,0.0,0.0,0.0,0.0,0.0,0.0,0.0,0.0,0.0,0.0,0.0,0.0,0.0,0.4114684859133762,0.0,0.0,0.0,0.0,0.0,0.0,0.0,0.0,0.0,0.0,0.0,0.0,0.0,0.0,0.0,0.0,0.0,0.0,0.3442877442163024,0.0,0.18531793443875166,0.0,0.0,0.0,0.0,0.0,0.0,0.0,0.0,0.0,0.0,0.0,0.0,0.0,0.0,0.0,0.0,0.0,0.0,0.0,0.0,0.0,0.0,0.0,0.0,0.0,0.0,0.0,0.0,0.0,0.0,0.0,0.0,0.0,0.0,0.0,0.0,0.0,0.0,0.0,0.2397550241184933,0.0,0.0,0.0,0.0,0.0,0.0,0.0,0.0,0.0,0.0,0.0,0.0,0.0,0.3050950985984772,0.0,0.0,0.0,0.0,0.0,0.0,0.0,0.0,0.0,0.3282981552712849,0.0,0.2202557830062941,0.0,0.0,0.0,0.0,0.0,0.0,0.0,0.0,0.0,0.0,0.0,0.0,0.0,0.0,0.0
5ef2e70b47c26de37bcd3e806ea7c791876b1ebda407045e3a81f3bd8ea7c3ac,0.0,0.0,0.0,0.0,0.0,0.0,0.0,0.0,0.0,0.0,0.2071685571572166,0.0,0.13488210153247052,0.0,0.0,0.0,0.0,0.0,0.0,0.0,0.0,0.19719362700938461,0.0,0.0,0.0,0.0,0.0,0.0,0.0,0.0,0.0,0.0,0.0,0.0,0.0,0.0,0.0,0.0,0.0,0.0,0.0,0.0,0.0,0.23353206790200703,0.0,0.0,0.0,0.0,0.0,0.0,0.0,0.0,0.0,0.0,0.0,0.0,0.0,0.0,0.0,0.0,0.0,0.0,0.0,0.0,0.0,0.0,0.0,0.0,0.0,0.0,0.0,0.0,0.0,0.0,0.0,0.12822777519475825,0.2734515157617831,0.21795047940163326,0.0,0.11731504629822326,0.0,0.0,0.0,0.0,0.0,0.0,0.0,0.6776820147036297,0.0,0.0,0.0,0.0,0.0,0.0,0.0,0.0,0.0,0.0,0.0,0.1647064966303296,0.0,0.0,0.0,0.0,0.0,0.0,0.0,0.0,0.0,0.0,0.0,0.0,0.0,0.0,0.0,0.0,0.16856254295969791,0.0,0.1712233533771957,0.15177630724126553,0.0,0.0,0.0,0.0,0.21292869697211847,0.0,0.0,0.0,0.0,0.0,0.0,0.0,0.0,0.19313967493670092,0.0,0.0,0.0,0.0,0.0,0.0,0.0,0.0,0.0,0.20782831085353598,0.0,0.0,0.0,0.0,0.0,0.0,0.0,0.0,0.0,0.0,0.0,0.0,0.0,0.0,0.0,0.0,0.0
52bb9f927ef8b58981f8785949e2131ab47c050ad3ebbd19da010caec5c22c63,0.0,0.0,0.0,0.0,0.0,0.0,0.0,0.0,0.0,0.0,0.2430378352016116,0.0,0.15823566285214963,0.0,0.0,0.0,0.0,0.0,0.0,0.0,0.0,0.23133584015621178,0.0,0.0,0.0,0.0,0.33224046243585664,0.0,0.0,0.0,0.0,0.0,0.0,0.0,0.0,0.0,0.0,0.0,0.0,0.0,0.0,0.0,0.0,0.0,0.306941360454167,0.0,0.0,0.0,0.0,0.0,0.0,0.0,0.0,0.0,0.0,0.0,0.0,0.0,0.3055785675538141,0.0,0.0,0.0,0.0,0.0,0.0,0.0,0.0,0.258310279090949,0.0,0.0,0.0,0.0,0.0,0.0,0.0,0.15042920278873687,0.0,0.2556865453994943,0.0,0.1376270380029715,0.0,0.0,0.0,0.0,0.0,0.0,0.0,0.0,0.0,0.0,0.0,0.0,0.0,0.0,0.0,0.0,0.0,0.0,0.0,0.19322387013729522,0.0,0.0,0.0,0.0,0.0,0.0,0.0,0.0,0.0,0.0,0.0,0.0,0.0,0.0,0.0,0.0,0.19774755445110542,0.0,0.0,0.1780549406385964,0.0,0.0,0.0,0.0,0.24979528879535354,0.0,0.28749434659548556,0.0,0.0,0.0,0.0,0.0,0.0,0.22657998458973008,0.0,0.0,0.0,0.0,0.0,0.0,0.0,0.0,0.0,0.24381181901614404,0.0,0.16357375830885973,0.0,0.0,0.0,0.0,0.0,0.0,0.0,0.0,0.0,0.0,0.0,0.0,0.0,0.0,0.0
52cdcb1cc9f243da170f6e30a49c3438b738d49d7141ff82f2876fe28086e908,0.0,0.0,0.0,0.0,0.45586291317133704,0.0,0.0,0.0,0.0,0.0,0.0,0.0,0.16403295579188534,0.0,0.0,0.0,0.0,0.0,0.0,0.0,0.0,0.0,0.0,0.0,0.0,0.0,0.0,0.0,0.0,0.0,0.0,0.0,0.0,0.0,0.0,0.0,0.0,0.0,0.0,0.0,0.0,0.0,0.3004386005961964,0.0,0.0,0.0,0.0,0.0,0.0,0.0,0.0,0.0,0.47090191625625666,0.0,0.0,0.0,0.0,0.0,0.0,0.0,0.0,0.0,0.0,0.0,0.0,0.0,0.0,0.0,0.0,0.0,0.0,0.0,0.0,0.0,0.0,0.0,0.0,0.0,0.0,0.14266929106621973,0.0,0.0,0.0,0.0,0.0,0.0,0.0,0.0,0.0,0.0,0.0,0.0,0.0,0.0,0.0,0.0,0.0,0.0,0.0,0.2003030288929419,0.0,0.0,0.2197226774467787,0.0,0.0,0.0,0.0,0.0,0.0,0.0,0.0,0.0,0.0,0.4763855893182882,0.0,0.0,0.0,0.0,0.0,0.0,0.0,0.0,0.0,0.0,0.0,0.0,0.2980273005180741,0.0,0.0,0.0,0.0,0.0,0.0,0.0,0.0,0.0,0.0,0.0,0.0,0.0,0.0,0.0,0.0,0.0,0.0,0.16956662348904378,0.0,0.0,0.0,0.0,0.0,0.0,0.0,0.0,0.0,0.0,0.0,0.0,0.0,0.0,0.0
52d3dd78d3f1a14e18d0689ed8c5b43372f9e76401ef1ff68522575e6251d2cf,0.0,0.0,0.0,0.0,0.0,0.4634999524983423,0.0,0.0,0.0,0.0,0.0,0.0,0.16678098836508284,0.0,0.0,0.0,0.0,0.3264441153084924,0.0,0.0,0.0,0.0,0.0,0.0,0.0,0.0,0.0,0.0,0.0,0.0,0.0,0.0,0.0,0.0,0.0,0.0,0.0,0.0,0.0,0.0,0.0,0.0,0.30547182734443423,0.0,0.0,0.0,0.0,0.0,0.0,0.0,0.0,0.0,0.0,0.0,0.0,0.0,0.5133791920918063,0.0,0.0,0.0,0.0,0.0,0.0,0.0,0.0,0.0,0.0,0.0,0.0,0.0,0.0,0.0,0.0,0.0,0.0,0.15855294987147825,0.0,0.0,0.0,0.1450594196666114,0.0,0.0,0.0,0.0,0.0,0.0,0.0,0.0,0.0,0.0,0.0,0.0,0.0,0.0,0.0,0.0,0.0,0.0,0.0,0.0,0.0,0.0,0.2234036760106282,0.0,0.0,0.0,0.0,0.0,0.0,0.0,0.0,0.0,0.0,0.0,0.0,0.0,0.20842667186188846,0.0,0.0,0.0,0.2240198049337913,0.0,0.0,0.0,0.0,0.0,0.0,0.0,0.0,0.0,0.0,0.0,0.0,0.0,0.0,0.0,0.0,0.0,0.0,0.0,0.0,0.0,0.3227969597323556,0.0,0.0,0.0,0.0,0.0,0.0,0.0,0.0,0.0,0.0,0.0,0.0,0.0,0.0,0.0,0.0,0.0,0.0
52dd0cf2c2c46f510c4861446a731366291bd65749a79addcdecc05f30bb90f5,0.0,0.0,0.0,0.0,0.0,0.0,0.31802753068733763,0.0,0.0,0.0,0.0,0.0,0.11952612714647869,0.0,0.0,0.0,0.3084680797326783,0.0,0.0,0.0,0.0,0.0,0.0,0.0,0.0,0.3151833310551536,0.0,0.0,0.0,0.0,0.0,0.0,0.0,0.0,0.0,0.0,0.0,0.0,0.0,0.0,0.0,0.0,0.0,0.0,0.0,0.0,0.0,0.0,0.0,0.29104799788572144,0.0,0.0,0.0,0.0,0.0,0.0,0.0,0.0,0.0,0.0,0.17344291149379468,0.31659337860078895,0.0,0.0,0.0,0.0,0.0,0.0,0.0,0.0,0.0,0.0,0.0,0.0,0.0,0.11362937845351673,0.0,0.0,0.0,0.10395903519238142,0.0,0.0,0.0,0.0,0.0,0.0,0.0,0.0,0.24903502740834807,0.0,0.0,0.0,0.0,0.0,0.0,0.0,0.0,0.0,0.0,0.145955092887907,0.0,0.0,0.0,0.0,0.0,0.0,0.0,0.0,0.0,0.0,0.0,0.0,0.0,0.0,0.2400052609116352,0.27317036057778027,0.14937213843072009,0.13814519233889666,0.15173002254329784,0.13449697173331282,0.16054719395973757,0.0,0.0,0.0,0.0,0.0,0.0,0.0,0.0,0.0,0.0,0.0,0.3059255865538291,0.0,0.0,0.0,0.0,0.0,0.0,0.0,0.0,0.0,0.0,0.1841676013754695,0.0,0.0,0.0,0.0,0.0,0.0,0.0,0.0,0.0,0.0,0.0,0.0,0.0,0.0,0.0,0.0,0.0
b3d113dab0b7da85b949149a458567fa2dba6a1b2659e1f58d5652917469ef44,0.0,0.0,0.0,0.0,0.0,0.0,0.0,0.0,0.0,0.0,0.0,0.0,0.3885032388213411,0.0,0.0,0.0,0.0,0.7604259774135536,0.0,0.0,0.0,0.0,0.0,0.0,0.0,0.0,0.0,0.0,0.0,0.0,0.0,0.0,0.0,0.0,0.0,0.0,0.0,0.0,0.0,0.0,0.0,0.0,0.0,0.0,0.0,0.0,0.0,0.0,0.0,0.0,0.0,0.0,0.0,0.0,0.0,0.0,0.0,0.0,0.0,0.0,0.0,0.0,0.0,0.0,0.0,0.0,0.0,0.0,0.0,0.0,0.0,0.0,0.0,0.0,0.0,0.0,0.0,0.0,0.0,0.0,0.0,0.0,0.0,0.0,0.0,0.0,0.0,0.0,0.0,0.0,0.0,0.0,0.0,0.0,0.0,0.0,0.0,0.0,0.0,0.0,0.0,0.0,0.5204013511703923,0.0,0.0,0.0,0.0,0.0,0.0,0.0,0.0,0.0,0.0,0.0,0.0,0.0,0.0,0.0,0.0,0.0,0.0,0.0,0.0,0.0,0.0,0.0,0.0,0.0,0.0,0.0,0.0,0.0,0.0,0.0,0.0,0.0,0.0,0.0,0.0,0.0,0.0,0.0,0.0,0.0,0.0,0.0,0.0,0.0,0.0,0.0,0.0,0.0,0.0,0.0,0.0,0.0,0.0,0.0,0.0,0.0,0.0
57a8bfc0fbd4dfa10de20bb5810475ed8b5f94aa71411f0859cdc9b7d91d9b28,0.0,0.0,0.0,0.0,0.0,0.0,0.2638722359751434,0.0,0.0,0.0,0.0,0.0,0.09917262936144408,0.0,0.0,0.0,0.2559406154244037,0.19411277971231577,0.0,0.0,0.0,0.0,0.0,0.0,0.0,0.2615123606684929,0.0,0.0,0.0,0.0,0.0,0.0,0.0,0.0,0.0,0.0,0.0,0.0,0.0,0.0,0.0,0.0,0.18164207210043756,0.1717054297858932,0.0,0.0,0.0,0.20715746958879783,0.24414747636313336,0.0,0.0,0.0,0.0,0.0,0.0,0.0,0.0,0.0,0.0,0.0,0.1439081980449711,0.2626822983713513,0.0,0.0,0.0,0.0,0.0,0.0,0.0,0.0,0.0,0.0,0.0,0.0,0.0,0.09428000808669942,0.20105637080721192,0.1602490016634554,0.0,0.0,0.0,0.0,0.0,0.0,0.0,0.0,0.0,0.0,0.20662811605130113,0.0,0.0,0.0,0.0,0.0,0.0,0.0,0.0,0.0,0.0,0.0,0.0,0.0,0.132842059374824,0.0,0.0,0.0,0.0,0.0,0.0,0.0,0.0,0.0,0.0,0.0,0.19913598267947813,0.22665356578409274,0.12393631480556624,0.11462114840466008,0.12589268679515933,0.11159416477703062,0.1332084268243439,0.0,0.0,0.0,0.15655671512611827,0.0,0.0,0.0,0.0,0.0,0.0,0.0,0.2538310705098345,0.0,0.0,0.0,0.0,0.0,0.0,0.0,0.0,0.0,0.0,0.1528066348975961,0.0,0.0,0.0,0.0,0.0,0.0,0.0,0.28470243056356476,0.0,0.0,0.0,0.0,0.0,0.0,0.0,0.0,0.0
58a98de81bf067e37ae13ff5140be15b4b156ae5adcf05671aa7023f4fde2a44,0.0,0.0,0.0,0.0,0.0,0.0,0.0,0.0,0.0,0.0,0.0,0.0,0.0,0.0,0.0,0.0,0.0,0.0,0.0,0.0,0.0,0.0,0.0,0.0,0.0,0.0,0.0,0.0,0.0,0.0,0.0,0.0,0.0,0.0,0.0,0.0,0.0,0.0,0.0,0.0,0.0,0.0,0.3552876096175499,0.33585177157223756,0.0,0.0,0.0,0.0,0.0,0.47234270314220245,0.0,0.0,0.0,0.0,0.0,0.0,0.0,0.0,0.0,0.0,0.0,0.0,0.0,0.0,0.0,0.0,0.0,0.0,0.0,0.0,0.0,0.0,0.0,0.0,0.0,0.18440947254403198,0.0,0.0,0.0,0.0,0.0,0.0,0.0,0.0,0.0,0.0,0.0,0.0,0.404159722374515,0.0,0.0,0.0,0.0,0.0,0.0,0.0,0.0,0.0,0.0,0.23687097527849862,0.0,0.0,0.0,0.0,0.0,0.0,0.0,0.0,0.0,0.0,0.0,0.0,0.0,0.0,0.0,0.0,0.24241650914293728,0.0,0.24624312662019732,0.21827555473478155,0.0,0.0,0.0,0.0,0.0,0.0,0.0,0.0,0.0,0.0,0.0,0.0,0.0,0.27776186187669866,0.0,0.0,0.0,0.0,0.0,0.0,0.0,0.0,0.0,0.0,0.0,0.2005232357319939,0.0,0.0,0.0,0.0,0.0,0.0,0.0,0.0,0.0,0.0,0.0,0.0,0.0,0.0,0.0
58b525579968cba0c68e8f7ae12e51e0b5542acc2c14a2e75fa6df44556e373f,0.0,0.0,0.0,0.0,0.0,0.0,0.0,0.0,0.0,0.0,0.17729654398891181,0.0,0.11543320461280479,0.0,0.0,0.0,0.0,0.0,0.0,0.0,0.0,0.16875991726326772,0.0,0.0,0.0,0.0,0.2423700232282379,0.3820794830669889,0.0,0.0,0.0,0.0,0.0,0.0,0.18876126525978637,0.0,0.0,0.0,0.0,0.0,0.0,0.0,0.0,0.0,0.22391428219657622,0.0,0.0,0.0,0.0,0.0,0.0,0.0,0.0,0.0,0.0,0.0,0.0,0.0,0.22292012229054858,0.0,0.0,0.0,0.0,0.23402204156058992,0.22292012229054858,0.4418419738959648,0.0,0.0,0.0,0.0,0.0,0.0,0.0,0.0,0.0,0.10973837776050667,0.0,0.0,0.0,0.10039917520297131,0.0,0.0,0.0,0.0,0.0,0.0,0.0,0.0,0.0,0.0,0.0,0.0,0.0,0.0,0.0,0.0,0.0,0.0,0.0,0.0,0.0,0.0,0.0,0.0,0.0,0.0,0.0,0.0,0.0,0.0,0.0,0.0,0.0,0.0,0.0,0.0,0.0,0.13341469881299442,0.1465343448857991,0.12989140390090445,0.15504959068618182,0.0,0.0,0.0,0.18222611870859295,0.0,0.0,0.0,0.0,0.0,0.0,0.0,0.0,0.1652905119546327,0.0,0.0,0.0,0.0,0.0,0.0,0.0,0.0,0.0,0.0,0.0,0.11932735498314737,0.0,0.0,0.0,0.0,0.0,0.33138290405945,0.0,0.0,0.0,0.0,0.0,0.0,0.0,0.0,0.0
059cbde98d16f289413cac8ac66ea5b813345f02f5e1f0ceb31623e65ff9a327,0.0,0.0,0.0,0.0,0.0,0.0,0.0,0.0,0.0,0.0,0.0,0.0,0.11647476504410208,0.0,0.0,0.0,0.0,0.0,0.0,0.0,0.0,0.17028264768386045,0.0,0.0,0.0,0.0,0.0,0.0,0.0,0.0,0.0,0.0,0.0,0.0,0.19046446899146546,0.0,0.0,0.0,0.0,0.0,0.0,0.0,0.0,0.0,0.0,0.0,0.0,0.24329916180347408,0.0,0.0,0.0,0.0,0.0,0.0,0.0,0.0,0.0,0.0,0.0,0.0,0.0,0.0,0.0,0.0,0.22493154334999677,0.0,0.0,0.19013810492080227,0.0,0.0,0.0,0.0,0.0,0.0,0.0,0.11072855344222224,0.0,0.0,0.0,0.10130508272392302,0.0,0.0,0.0,0.0,0.0,0.0,0.0,0.0,0.0,0.5851988702757369,0.0,0.0,0.0,0.0,0.0,0.0,0.0,0.0,0.0,0.14222903022931163,0.0,0.0,0.15601832635963883,0.0,0.0,0.0,0.0,0.0,0.0,0.0,0.0,0.0,0.0,0.0,0.0,0.0,0.14555884259959284,0.1346185072986305,0.0,0.0,0.0,0.0,0.0,0.0,0.0,0.0,0.21162003474845573,0.0,0.3236942567280011,0.0,0.0,0.0,0.0,0.0,0.0,0.0,0.0,0.0,0.0,0.0,0.0,0.0,0.0,0.0,0.0,0.0,0.0,0.0,0.42047230511595013,0.0,0.0,0.0,0.0,0.0,0.0,0.0,0.0,0.0,0.0,0.0,0.0
60c163c0f00a2aeeae8648898d75314b1c5e749777f227ac6c3c84656a68516e,0.0,0.0,0.0,0.0,0.0,0.0,0.0,0.0,0.0,0.0,0.0,0.0,0.36810692077487056,0.0,0.0,0.0,0.0,0.0,0.0,0.0,0.0,0.0,0.0,0.0,0.0,0.0,0.0,0.0,0.0,0.0,0.0,0.0,0.0,0.0,0.0,0.0,0.0,0.0,0.0,0.0,0.0,0.0,0.0,0.0,0.0,0.0,0.0,0.0,0.0,0.0,0.0,0.0,0.0,0.0,0.0,0.0,0.0,0.0,0.0,0.0,0.0,0.0,0.0,0.0,0.0,0.0,0.0,0.0,0.0,0.0,0.0,0.0,0.0,0.0,0.0,0.0,0.0,0.0,0.0,0.0,0.0,0.0,0.0,0.0,0.0,0.0,0.0,0.0,0.0,0.0,0.0,0.0,0.0,0.0,0.0,0.0,0.0,0.0,0.0,0.0,0.0,0.0,0.4930804168520932,0.0,0.0,0.0,0.0,0.0,0.0,0.0,0.0,0.0,0.0,0.0,0.0,0.0,0.0,0.0,0.0,0.41421291980473207,0.0,0.0,0.0,0.0,0.0,0.0,0.0,0.0,0.0,0.0,0.0,0.0,0.0,0.0,0.0,0.0,0.0,0.0,0.0,0.0,0.0,0.0,0.0,0.0,0.0,0.38052504350367605,0.0,0.0,0.0,0.0,0.0,0.0,0.0,0.0,0.5522656477891535,0.0,0.0,0.0,0.0,0.0,0.0
cccef70aff3b7d8bcc6264bc9e9ae833a9128b45421880e511171ad28a1cd4ce,0.0,0.22020540755490575,0.0,0.0,0.0,0.0,0.0,0.0,0.0,0.0,0.1581335546073441,0.2764764874983753,0.10295667673184479,0.0,0.0,0.0,0.0,0.0,0.0,0.0,0.0,0.1505196040017047,0.0,0.0,0.0,0.0,0.0,0.0,0.0,0.0,0.0,0.0,0.0,0.0,0.0,0.0,0.0,0.0,0.0,0.0,0.0,0.29726603162788073,0.0,0.1782570507749545,0.199712642866355,0.0,0.0,0.0,0.0,0.0,0.0,0.0,0.0,0.0,0.0,0.28761629309540016,0.31691750983841516,0.0,0.1988259361305594,0.0,0.0,0.0,0.0,0.0,0.0,0.0,0.0,0.0,0.0,0.0,0.0,0.0,0.0,0.0,0.0,0.09787737178451555,0.0,0.0,0.0,0.08954759126880835,0.0,0.0,0.0,0.0,0.0,0.0,0.0,0.0,0.0,0.0,0.0,0.0,0.0,0.0,0.0,0.0,0.0,0.0,0.0,0.12572189591160302,0.0,0.0,0.13791080312693174,0.0,0.0,0.0,0.16469574543481277,0.0,0.0,0.0,0.0,0.0,0.0,0.2990074578756004,0.0,0.0,0.12866524948398353,0.11899465204175926,0.130696269129189,0.1158521703224675,0.13829114975390092,0.0,0.0,0.0,0.1625303192344901,0.0,0.18705936431233677,0.0,0.0,0.0,0.0,0.0,0.0,0.0,0.0,0.0,0.0,0.0,0.0,0.0,0.0,0.0,0.1992679295102698,0.0,0.0,0.10642993022220211,0.22020540755490575,0.0,0.0,0.0,0.0,0.0,0.0,0.0,0.15446445736429182,0.0,0.0,0.0,0.0,0.0,0.0
60e76eda46185d1d2e9463d15e31d4c87eb03535d368cc3471c55992bc99ad5f,0.0,0.0,0.0,0.0,0.0,0.5264279445298019,0.0,0.0,0.0,0.0,0.0,0.0,0.0,0.0,0.0,0.0,0.0,0.0,0.0,0.0,0.0,0.0,0.0,0.0,0.0,0.0,0.0,0.0,0.0,0.0,0.0,0.0,0.0,0.0,0.30975470473481487,0.0,0.0,0.0,0.0,0.0,0.0,0.0,0.0,0.0,0.0,0.0,0.0,0.0,0.0,0.0,0.0,0.0,0.0,0.0,0.0,0.0,0.0,0.0,0.0,0.0,0.0,0.0,0.0,0.0,0.0,0.0,0.0,0.0,0.0,0.0,0.0,0.0,0.0,0.0,0.0,0.1800792061575832,0.0,0.0,0.0,0.16475370001263,0.0,0.0,0.0,0.0,0.0,0.0,0.0,0.0,0.39466932453100423,0.0,0.0,0.0,0.0,0.0,0.0,0.0,0.0,0.0,0.0,0.23130881836744888,0.0,0.0,0.2537345199902635,0.0,0.0,0.0,0.0,0.0,0.0,0.0,0.0,0.0,0.0,0.0,0.0,0.0,0.2367241331137652,0.0,0.24046089472404084,0.21315005177329024,0.0,0.0,0.0,0.0,0.0,0.0,0.0,0.0,0.0,0.0,0.0,0.0,0.0,0.0,0.0,0.0,0.0,0.0,0.0,0.0,0.0,0.0,0.3666221303722376,0.0,0.0,0.0,0.0,0.0,0.0,0.0,0.0,0.0,0.0,0.0,0.0,0.0,0.0,0.0,0.0,0.0,0.0
60f95a88f8557ededb3465a372987ccd2642ce875916b57ac2e276c44f5f4fb7,0.0,0.0,0.0,0.0,0.0,0.47234221814735694,0.0,0.0,0.0,0.0,0.261049659735505,0.0,0.16996269700686434,0.0,0.0,0.0,0.0,0.0,0.0,0.0,0.4798793018275427,0.0,0.0,0.0,0.0,0.0,0.0,0.0,0.0,0.0,0.0,0.0,0.0,0.0,0.0,0.0,0.0,0.0,0.0,0.0,0.0,0.0,0.0,0.0,0.0,0.0,0.0,0.0,0.0,0.0,0.0,0.0,0.0,0.0,0.0,0.0,0.0,0.0,0.0,0.0,0.0,0.0,0.0,0.0,0.3282253605337298,0.0,0.0,0.0,0.0,0.0,0.0,0.0,0.0,0.0,0.0,0.16157769085503537,0.0,0.0,0.0,0.0,0.0,0.0,0.0,0.0,0.0,0.0,0.0,0.0,0.0,0.0,0.0,0.0,0.0,0.0,0.0,0.0,0.0,0.0,0.0,0.0,0.0,0.0,0.22766558507794238,0.0,0.0,0.0,0.0,0.0,0.0,0.0,0.0,0.0,0.0,0.0,0.0,0.0,0.21240286213118392,0.19643846938734025,0.0,0.0,0.0,0.0,0.0,0.0,0.2683079162940422,0.0,0.0,0.0,0.0,0.0,0.0,0.0,0.0,0.0,0.0,0.0,0.0,0.0,0.0,0.0,0.0,0.0,0.3289550109970059,0.0,0.0,0.0,0.0,0.0,0.0,0.0,0.0,0.0,0.0,0.0,0.0,0.0,0.0,0.0,0.0,0.0,0.0
62c4a1fafc66fd389428f73ef74c2e7309ebd3be53eeb934a8a447fa51ee253b,0.0,0.0,0.0,0.0,0.0,0.0,0.0,0.0,0.0,0.0,0.25157581361838205,0.0,0.1637945202747986,0.0,0.0,0.0,0.0,0.0,0.0,0.0,0.0,0.23946272463344026,0.0,0.0,0.0,0.0,0.34391215089992655,0.0,0.0,0.0,0.0,0.0,0.0,0.0,0.0,0.0,0.0,0.0,0.0,0.0,0.0,0.0,0.0,0.0,0.3177242852962923,0.0,0.0,0.0,0.0,0.0,0.0,0.0,0.0,0.0,0.0,0.0,0.0,0.0,0.31631361714902534,0.0,0.0,0.0,0.0,0.0,0.0,0.0,0.0,0.0,0.0,0.0,0.0,0.0,0.0,0.0,0.0,0.1557138173657091,0.0,0.2646688760899752,0.0,0.1424619094091402,0.0,0.0,0.0,0.0,0.0,0.0,0.0,0.0,0.0,0.0,0.0,0.0,0.0,0.0,0.0,0.0,0.0,0.0,0.0,0.20001187181394173,0.0,0.0,0.0,0.0,0.0,0.0,0.0,0.0,0.0,0.0,0.0,0.0,0.0,0.0,0.0,0.0,0.20469447426082185,0.0,0.0,0.18431005412292517,0.0,0.0,0.0,0.0,0.25857065820471503,0.0,0.29759409309849216,0.0,0.0,0.0,0.0,0.0,0.0,0.23453979470116604,0.0,0.0,0.0,0.0,0.0,0.0,0.0,0.0,0.0,0.25237698767305927,0.0,0.16932014432662743,0.0,0.0,0.0,0.0,0.0,0.0,0.0,0.0,0.0,0.0,0.0,0.0,0.0,0.0,0.0
a16d035ca37dbd7ab34c856f4cdf96a9898dcebba08c5801c99f3d3100ae6b3f,0.0,0.0,0.0,0.0,0.0,0.0,0.0,0.0,0.0,0.0,0.0,0.42795340414869487,0.0,0.0,0.0,0.0,0.0,0.0,0.0,0.0,0.0,0.0,0.0,0.0,0.0,0.0,0.0,0.0,0.0,0.0,0.0,0.0,0.0,0.0,0.0,0.0,0.0,0.0,0.0,0.0,0.0,0.0,0.0,0.27592115475315715,0.0,0.0,0.0,0.0,0.0,0.0,0.0,0.0,0.0,0.0,0.0,0.0,0.0,0.0,0.0,0.0,0.0,0.0,0.0,0.0,0.0,0.0,0.0,0.0,0.0,0.0,0.0,0.0,0.0,0.0,0.4773763190278603,0.15150277270705342,0.0,0.2575113066730396,0.0,0.13860924255639523,0.0,0.0,0.0,0.0,0.0,0.0,0.0,0.0,0.0,0.0,0.0,0.0,0.0,0.0,0.0,0.0,0.0,0.0,0.0,0.0,0.0,0.0,0.0,0.0,0.0,0.0,0.2549298334385458,0.0,0.0,0.0,0.0,0.0,0.0,0.46282872233199446,0.0,0.0,0.0,0.0,0.20230260370223738,0.17932566749570603,0.0,0.0,0.0,0.0,0.0,0.0,0.0,0.0,0.0,0.0,0.0,0.0,0.0,0.22819702071728162,0.0,0.0,0.0,0.0,0.0,0.0,0.0,0.0,0.0,0.0,0.0,0.0,0.0,0.0,0.0,0.0,0.0,0.0,0.0,0.0,0.0,0.0,0.0,0.0,0.0,0.0,0.0
062de0a9fa284c56323ccaa5cf9b4a70801234b129744e1def53b29a7a86b8cd,0.0,0.0,0.0,0.0,0.0,0.0,0.0,0.0,0.0,0.0,0.0,0.0,0.22235860256168002,0.0,0.0,0.0,0.0,0.0,0.0,0.0,0.0,0.0,0.0,0.0,0.0,0.0,0.0,0.0,0.0,0.0,0.0,0.0,0.0,0.0,0.0,0.0,0.0,0.0,0.0,0.0,0.0,0.0,0.0,0.0,0.0,0.0,0.0,0.0,0.0,0.0,0.0,0.0,0.0,0.0,0.0,0.0,0.0,0.0,0.0,0.0,0.0,0.0,0.0,0.0,0.0,0.0,0.0,0.0,0.0,0.0,0.0,0.0,0.0,0.0,0.0,0.0,0.0,0.3593001849524767,0.0,0.19339860113353857,0.0,0.0,0.0,0.0,0.0,0.0,0.0,0.0,0.0,0.0,0.0,0.0,0.0,0.0,0.0,0.0,0.0,0.0,0.0,0.2715253247647063,0.0,0.0,0.0,0.0,0.0,0.0,0.0,0.0,0.0,0.0,0.0,0.0,0.0,0.0,0.0,0.0,0.0,0.0,0.0,0.2502093843193537,0.0,0.0,0.0,0.0,0.0,0.0,0.0,0.0,0.0,0.0,0.0,0.0,0.0,0.318398569789509,0.0,0.0,0.0,0.0,0.0,0.0,0.0,0.0,0.0,0.34261338049379264,0.0,0.2298598916181425,0.0,0.5146252710642688,0.0,0.0,0.0,0.0,0.0,0.0,0.3336014911828313,0.0,0.0,0.0,0.0,0.0,0.0
64ca65d71fa8db3699aab3a274c05c0308777f7d4edbe2a5f6286f81feb85e2d,0.0,0.0,0.0,0.0,0.0,0.0,0.311264744329137,0.0,0.0,0.0,0.0,0.0,0.1169844300161461,0.0,0.0,0.0,0.30190857302252677,0.22897621087299092,0.0,0.0,0.0,0.0,0.0,0.0,0.0,0.308481025984315,0.0,0.0,0.0,0.0,0.0,0.0,0.0,0.0,0.0,0.0,0.0,0.0,0.0,0.0,0.0,0.0,0.0,0.0,0.0,0.0,0.0,0.0,0.0,0.2848589254320593,0.0,0.0,0.0,0.0,0.0,0.0,0.0,0.0,0.0,0.0,0.16975468565610766,0.30986108917518257,0.0,0.0,0.0,0.0,0.0,0.0,0.0,0.0,0.0,0.0,0.0,0.0,0.0,0.11121307440324961,0.0,0.0,0.0,0.0,0.0,0.0,0.0,0.0,0.0,0.0,0.0,0.0,0.24373935164583974,0.0,0.0,0.0,0.0,0.0,0.0,0.0,0.0,0.0,0.0,0.14285138954197668,0.0,0.0,0.0,0.0,0.0,0.0,0.0,0.0,0.0,0.0,0.0,0.0,0.0,0.0,0.2349016011722357,0.2673614521980954,0.14619577235357167,0.13520756483167629,0.1485035165726745,0.13163692284480455,0.15713319275420753,0.0,0.0,0.0,0.0,0.0,0.0,0.0,0.0,0.0,0.0,0.0,0.29942014540884604,0.0,0.0,0.0,0.0,0.0,0.0,0.0,0.0,0.0,0.0,0.1802513173370633,0.0,0.0,0.0,0.0,0.0,0.0,0.0,0.0,0.0,0.0,0.0,0.0,0.0,0.0,0.0,0.0,0.0
65ac3e80b5d7499316fa680cb138aa9e4038f0b107aec3371cf7d7c5c24fd6f0,0.0,0.0,0.0,0.0,0.0,0.0,0.0,0.0,0.0,0.0,0.2570179331376407,0.0,0.16733774385863345,0.0,0.0,0.0,0.0,0.0,0.0,0.0,0.0,0.24464281229416954,0.0,0.0,0.0,0.0,0.3513517016357608,0.0,0.0,0.0,0.0,0.0,0.0,0.0,0.0,0.0,0.0,0.0,0.0,0.0,0.0,0.0,0.0,0.0,0.32459733684240144,0.0,0.0,0.0,0.0,0.0,0.0,0.0,0.0,0.0,0.0,0.0,0.0,0.0,0.323156152945035,0.0,0.0,0.0,0.0,0.0,0.0,0.0,0.0,0.0,0.0,0.0,0.0,0.0,0.0,0.0,0.0,0.15908223817181116,0.0,0.270394226377004,0.0,0.1455436632820399,0.0,0.0,0.0,0.0,0.0,0.0,0.0,0.0,0.0,0.0,0.0,0.0,0.0,0.0,0.0,0.0,0.0,0.0,0.0,0.20433855368381837,0.0,0.0,0.0,0.0,0.0,0.0,0.0,0.0,0.0,0.0,0.0,0.0,0.0,0.0,0.0,0.0,0.0,0.0,0.0,0.18829707230528317,0.0,0.0,0.0,0.0,0.26416409107842526,0.0,0.3040316858049361,0.0,0.0,0.0,0.0,0.0,0.0,0.23961338892482345,0.0,0.0,0.0,0.0,0.0,0.0,0.0,0.0,0.0,0.2578364382898451,0.0,0.1729828989022378,0.0,0.0,0.0,0.0,0.0,0.0,0.0,0.0,0.0,0.0,0.0,0.0,0.0,0.0,0.0
67fae5a52c5920f4eabb29229eaf5ce35572f4be29f1477ec2355a13776058fb,0.0,0.0,0.0,0.0,0.0,0.0,0.0,0.0,0.0,0.0,0.0,0.0,0.0,0.0,0.0,0.0,0.0,0.0,0.0,0.0,0.0,0.0,0.0,0.0,0.0,0.0,0.4302206975448881,0.0,0.0,0.0,0.0,0.0,0.0,0.0,0.3350620762743711,0.0,0.0,0.0,0.0,0.0,0.0,0.0,0.0,0.0,0.39746069829006186,0.0,0.0,0.0,0.0,0.0,0.0,0.0,0.0,0.0,0.0,0.0,0.0,0.0,0.3956960074155654,0.0,0.0,0.0,0.0,0.0,0.0,0.0,0.0,0.0,0.0,0.0,0.0,0.0,0.0,0.0,0.0,0.0,0.0,0.33109044909257673,0.0,0.17821429652659024,0.0,0.0,0.0,0.0,0.0,0.0,0.0,0.0,0.0,0.0,0.0,0.0,0.0,0.0,0.0,0.0,0.0,0.0,0.0,0.2502070566099069,0.0,0.0,0.0,0.0,0.0,0.0,0.0,0.0,0.0,0.0,0.0,0.0,0.0,0.0,0.0,0.0,0.0,0.0,0.0,0.23056469462276824,0.0,0.0,0.0,0.0,0.0,0.0,0.0,0.0,0.0,0.0,0.0,0.0,0.0,0.2934001424908423,0.0,0.0,0.0,0.0,0.0,0.0,0.0,0.0,0.0,0.0,0.0,0.21181290166685512,0.0,0.0,0.0,0.0,0.0,0.0,0.0,0.0,0.0,0.0,0.0,0.0,0.0,0.0,0.0
68f78c6fa80a3643dc8389008bb8e3632ef1ddd9927ec079a09a5a9a773d26aa,0.0,0.0,0.0,0.0,0.0,0.0,0.0,0.0,0.0,0.5280177245152842,0.0,0.0,0.0,0.42978575690133003,0.0,0.0,0.0,0.0,0.0,0.0,0.0,0.0,0.0,0.0,0.0,0.0,0.0,0.0,0.5581032516768639,0.0,0.0,0.0,0.0,0.0,0.0,0.0,0.0,0.0,0.0,0.0,0.0,0.0,0.2333218216734219,0.0,0.0,0.0,0.0,0.0,0.0,0.0,0.0,0.0,0.0,0.0,0.0,0.0,0.0,0.0,0.0,0.0,0.0,0.0,0.0,0.0,0.0,0.0,0.0,0.0,0.0,0.0,0.0,0.0,0.0,0.0,0.0,0.12110400954912179,0.0,0.0,0.0,0.0,0.0,0.0,0.0,0.0,0.0,0.0,0.0,0.0,0.0,0.0,0.0,0.0,0.0,0.0,0.0,0.0,0.0,0.0,0.0,0.15555613524781187,0.0,0.0,0.0,0.0,0.0,0.0,0.0,0.0,0.0,0.0,0.0,0.0,0.0,0.0,0.0,0.0,0.0,0.0,0.0,0.0,0.0,0.0,0.0,0.0,0.0,0.0,0.2314491963659137,0.0,0.0,0.0,0.0,0.0,0.0,0.0,0.0,0.0,0.0,0.0,0.0,0.0,0.0,0.0,0.24655489617533036,0.0,0.0,0.131686119589707,0.0,0.0,0.0,0.0,0.0,0.0,0.0,0.0,0.0,0.0,0.0,0.0,0.0,0.0,0.0
70dd30ba43b00bc3fa8f01629133d8f0a4338260b7299f899d8d0d97aa0fdad3,0.0,0.0,0.0,0.0,0.0,0.0,0.0,0.0,0.0,0.0,0.0,0.0,0.3612033617946242,0.0,0.0,0.0,0.0,0.0,0.0,0.0,0.0,0.0,0.0,0.0,0.0,0.0,0.0,0.0,0.0,0.0,0.0,0.0,0.0,0.0,0.0,0.0,0.0,0.0,0.0,0.0,0.0,0.0,0.0,0.0,0.0,0.0,0.0,0.0,0.0,0.0,0.0,0.0,0.0,0.0,0.0,0.0,0.0,0.0,0.0,0.0,0.0,0.0,0.0,0.0,0.0,0.0,0.0,0.0,0.0,0.0,0.0,0.0,0.0,0.0,0.0,0.343383613908493,0.0,0.0,0.0,0.3141602082898247,0.0,0.0,0.0,0.0,0.0,0.0,0.0,0.0,0.0,0.0,0.0,0.0,0.0,0.0,0.0,0.0,0.0,0.0,0.0,0.0,0.0,0.0,0.0,0.0,0.0,0.0,0.0,0.0,0.0,0.0,0.0,0.0,0.0,0.0,0.0,0.0,0.45139686065045886,0.0,0.0,0.0,0.0,0.0,0.0,0.0,0.0,0.0,0.0,0.0,0.0,0.0,0.0,0.0,0.0,0.0,0.0,0.0,0.0,0.0,0.0,0.0,0.0,0.0,0.0,0.5565474121733193,0.0,0.3733885922906464,0.0,0.0,0.0,0.0,0.0,0.0,0.0,0.0,0.0,0.0,0.0,0.0,0.0,0.0,0.0
584453b0ac50b6c6ca75aa0698ff3593c393709ad8b18f2708c6440528e8b7a1,0.0,0.0,0.0,0.0,0.0,0.0,0.0,0.0,0.0,0.0,0.19775063285533082,0.0,0.1287503340512303,0.0,0.0,0.0,0.0,0.0,0.0,0.0,0.0,0.1882291650395147,0.0,0.0,0.0,0.0,0.0,0.0,0.0,0.0,0.0,0.0,0.0,0.0,0.0,0.0,0.0,0.0,0.0,0.0,0.0,0.3717398627177644,0.0,0.2229156530958988,0.0,0.0,0.0,0.0,0.0,0.0,0.0,0.0,0.0,0.0,0.0,0.35967258258594925,0.0,0.0,0.0,0.0,0.0,0.0,0.0,0.0,0.0,0.0,0.0,0.0,0.0,0.0,0.0,0.0,0.0,0.0,0.0,0.1223985147280408,0.26102035482201746,0.2080424067446104,0.0,0.11198188068337356,0.0,0.0,0.0,0.0,0.0,0.0,0.0,0.0,0.0,0.0,0.0,0.0,0.0,0.0,0.0,0.0,0.0,0.0,0.0,0.1572189061456593,0.0,0.0,0.0,0.0,0.0,0.0,0.20595684432178138,0.0,0.0,0.0,0.0,0.0,0.0,0.3739175671487597,0.0,0.0,0.16089965583284943,0.0,0.1634395052732688,0.14487652576847554,0.0,0.0,0.0,0.0,0.20324891555499558,0.0,0.0,0.0,0.0,0.0,0.0,0.0,0.0,0.0,0.0,0.0,0.0,0.0,0.0,0.0,0.0,0.0,0.0,0.0,0.0,0.13309373907675198,0.2753732995522399,0.0,0.0,0.0,0.0,0.0,0.0,0.0,0.19316231949183899,0.0,0.0,0.0,0.0,0.0,0.0
5c21d49a85c6d2d09a61fc58df9c41bbad07c7c58df7ac801aec3ee9b3491f2d,0.0,0.0,0.0,0.0,0.0,0.0,0.0,0.0,0.0,0.0,0.0,0.0,0.16662002559890232,0.0,0.0,0.0,0.0,0.0,0.0,0.0,0.0,0.0,0.0,0.0,0.0,0.0,0.0,0.0,0.0,0.0,0.0,0.0,0.0,0.0,0.0,0.0,0.0,0.0,0.0,0.0,0.0,0.48108073581790034,0.3051770120252448,0.28848245015392077,0.0,0.0,0.0,0.0,0.0,0.0,0.0,0.0,0.0,0.0,0.0,0.0,0.0,0.0,0.0,0.0,0.0,0.0,0.0,0.0,0.0,0.0,0.0,0.0,0.0,0.0,0.0,0.0,0.0,0.0,0.0,0.15839992810534306,0.0,0.0,0.0,0.1449194207034264,0.0,0.0,0.0,0.0,0.0,0.0,0.0,0.0,0.0,0.0,0.0,0.0,0.0,0.0,0.0,0.0,0.0,0.0,0.0,0.20346213747451522,0.0,0.0,0.0,0.0,0.0,0.0,0.0,0.0,0.0,0.0,0.0,0.0,0.0,0.0,0.0,0.0,0.20822551623871122,0.0,0.21151241861375006,0.18748945864962407,0.0,0.0,0.0,0.0,0.0,0.0,0.3027276817744803,0.0,0.0,0.0,0.0,0.0,0.0,0.0,0.0,0.0,0.0,0.0,0.0,0.0,0.0,0.0,0.32248542367502364,0.2567305675190464,0.0,0.17224096834729832,0.0,0.0,0.0,0.0,0.0,0.0,0.0,0.0,0.24997768631549439,0.0,0.0,0.0,0.0,0.0,0.0
04dd197044b9d4c84a86fb2e50fc3c0c3ac5b021aa1314b821d693fa60124465,0.0,0.0,0.0,0.0,0.0,0.0,0.0,0.0,0.0,0.0,0.24589749511267295,0.0,0.16009751362605543,0.0,0.0,0.0,0.0,0.0,0.0,0.0,0.0,0.23405781069852521,0.0,0.0,0.0,0.0,0.0,0.0,0.0,0.0,0.0,0.0,0.0,0.0,0.0,0.0,0.0,0.0,0.0,0.0,0.0,0.0,0.0,0.2771895084542554,0.0,0.0,0.0,0.334420858091372,0.0,0.0,0.0,0.0,0.0,0.0,0.0,0.0,0.0,0.0,0.0,0.0,0.0,0.0,0.0,0.0,0.0,0.0,0.0,0.0,0.0,0.0,0.0,0.0,0.0,0.0,0.47957072134397605,0.1521992002885542,0.3245716612755961,0.2586950340287242,0.0,0.13924640118948411,0.0,0.0,0.0,0.0,0.0,0.0,0.0,0.0,0.0,0.0,0.0,0.0,0.0,0.0,0.0,0.0,0.0,0.0,0.0,0.0,0.0,0.0,0.0,0.0,0.36476463600378495,0.0,0.0,0.0,0.0,0.0,0.0,0.0,0.0,0.0,0.0,0.0,0.20007431461791297,0.0,0.0,0.0,0.0,0.0,0.0,0.0,0.0,0.0,0.0,0.0,0.0,0.0,0.0,0.0,0.0,0.2292459962337305,0.0,0.0,0.0,0.0,0.0,0.0,0.0,0.0,0.0,0.0,0.0,0.0,0.0,0.0,0.0,0.0,0.0,0.0,0.0,0.0,0.0,0.0,0.0,0.0,0.0,0.0,0.0
82caa68b1cd7e2b1e9d597bda4ec3c122536630a5108da8c1c82f96b3a8c5972,0.0,0.0,0.0,0.0,0.0,0.0,0.0,0.0,0.0,0.0,0.195131197581748,0.0,0.12704488733973435,0.0,0.0,0.0,0.0,0.0,0.0,0.0,0.0,0.1857358525919017,0.0,0.0,0.0,0.0,0.0,0.0,0.0,0.0,0.0,0.0,0.0,0.0,0.0,0.0,0.0,0.0,0.0,0.0,0.0,0.0,0.0,0.21996287809679008,0.0,0.0,0.0,0.0,0.31276460882959767,0.0,0.0,0.0,0.0,0.0,0.0,0.0,0.0,0.0,0.0,0.0,0.0,0.0,0.0,0.0,0.0,0.0,0.0,0.0,0.0,0.0,0.0,0.0,0.4423720866164892,0.0,0.0,0.12077720519146232,0.2575628390878246,0.20528664505242622,0.0,0.1104985514822035,0.0,0.0,0.0,0.0,0.0,0.0,0.0,0.0,0.2647005115623654,0.0,0.0,0.0,0.0,0.0,0.0,0.0,0.0,0.0,0.0,0.15513636035308362,0.0,0.0,0.0,0.0,0.0,0.0,0.0,0.0,0.0,0.0,0.0,0.0,0.0,0.0,0.0,0.0,0.15876835426425098,0.0,0.16127456046865254,0.0,0.0,0.0,0.0,0.0,0.20055664918378402,0.0,0.0,0.0,0.0,0.0,0.0,0.0,0.0,0.18191745208877197,0.0,0.0,0.0,0.39984319272038266,0.0,0.0,0.0,0.0,0.0,0.1957526168291393,0.0,0.1313307589547833,0.0,0.0,0.0,0.0,0.0,0.0,0.0,0.0,0.0,0.0,0.0,0.0,0.0,0.0,0.0
83d7f6eaf7fe075503ea6a0bc726633c34595a6eae7edd7deab95ab4d4a66fd5,0.0,0.0,0.0,0.0,0.0,0.40790667765690064,0.0,0.0,0.0,0.0,0.0,0.39414983739921144,0.0,0.0,0.0,0.0,0.0,0.0,0.0,0.47723561550990634,0.41441557448019384,0.0,0.0,0.0,0.0,0.0,0.0,0.0,0.0,0.0,0.0,0.0,0.0,0.0,0.0,0.0,0.0,0.0,0.0,0.0,0.0,0.0,0.0,0.0,0.0,0.0,0.0,0.0,0.0,0.0,0.0,0.0,0.0,0.0,0.0,0.0,0.0,0.0,0.0,0.0,0.0,0.0,0.0,0.0,0.0,0.0,0.0,0.0,0.0,0.0,0.0,0.0,0.0,0.0,0.0,0.13953573601500446,0.0,0.0,0.0,0.0,0.0,0.0,0.0,0.0,0.0,0.0,0.0,0.0,0.0,0.0,0.0,0.0,0.0,0.0,0.0,0.0,0.0,0.0,0.0,0.17923138882242243,0.0,0.0,0.19660811347798335,0.0,0.0,0.0,0.0,0.0,0.0,0.0,0.0,0.0,0.0,0.0,0.0,0.0,0.18342748644525914,0.0,0.0,0.0,0.0,0.0,0.0,0.0,0.0,0.0,0.0,0.0,0.0,0.0,0.0,0.0,0.0,0.0,0.0,0.0,0.0,0.0,0.0,0.0,0.0,0.0,0.2840799328941559,0.22615596562958018,0.0,0.15172841665871098,0.0,0.0,0.0,0.0,0.0,0.0,0.0,0.0,0.0,0.0,0.0,0.0,0.0,0.0,0.0
85a46e5b3e5f93a456439d5b37fd3fd3e1717db2a7b5162c008a94e4ca796245,0.0,0.0,0.0,0.0,0.0,0.6479398285261596,0.0,0.0,0.0,0.0,0.0,0.0,0.0,0.0,0.0,0.0,0.0,0.0,0.0,0.0,0.0,0.0,0.0,0.0,0.0,0.0,0.0,0.0,0.0,0.0,0.0,0.0,0.0,0.0,0.0,0.0,0.0,0.0,0.0,0.0,0.0,0.0,0.0,0.0,0.0,0.0,0.0,0.0,0.0,0.0,0.0,0.0,0.0,0.0,0.0,0.0,0.0,0.0,0.0,0.0,0.0,0.0,0.0,0.0,0.0,0.0,0.0,0.0,0.0,0.0,0.0,0.0,0.0,0.0,0.0,0.22164569941872825,0.0,0.0,0.0,0.20278270795556247,0.0,0.0,0.0,0.0,0.0,0.0,0.0,0.0,0.48576823688484366,0.0,0.0,0.0,0.0,0.0,0.0,0.0,0.0,0.0,0.0,0.0,0.0,0.0,0.31230238265657184,0.0,0.0,0.0,0.0,0.0,0.0,0.0,0.0,0.0,0.0,0.0,0.0,0.0,0.0,0.0,0.2959648941773106,0.2623500698080993,0.0,0.0,0.0,0.0,0.0,0.0,0.0,0.0,0.0,0.0,0.0,0.0,0.0,0.0,0.0,0.0,0.0,0.0,0.0,0.0,0.0,0.0,0.0,0.0,0.0,0.0,0.0,0.0,0.0,0.0,0.0,0.0,0.0,0.0,0.0,0.0,0.0,0.0,0.0,0.0,0.0
87d71d7df9f3e28a71abb9bb8f6b037a100df45cddb9bdd562137902872ca3b6,0.0,0.0,0.0,0.0,0.0,0.0,0.0,0.0,0.0,0.0,0.0,0.0,0.1953454432662046,0.0,0.0,0.0,0.0,0.38235395431876545,0.0,0.0,0.0,0.0,0.0,0.0,0.0,0.0,0.0,0.0,0.0,0.0,0.0,0.0,0.0,0.0,0.0,0.0,0.0,0.0,0.0,0.0,0.0,0.0,0.0,0.0,0.0,0.0,0.0,0.0,0.0,0.0,0.0,0.0,0.5607930621130358,0.0,0.0,0.0,0.0,0.0,0.0,0.0,0.0,0.0,0.0,0.0,0.0,0.0,0.0,0.0,0.0,0.0,0.0,0.0,0.0,0.0,0.0,0.0,0.0,0.0,0.0,0.0,0.0,0.0,0.0,0.0,0.0,0.0,0.0,0.0,0.0,0.0,0.0,0.0,0.0,0.0,0.0,0.0,0.0,0.0,0.0,0.0,0.0,0.0,0.0,0.0,0.0,0.0,0.0,0.0,0.6407504228531782,0.0,0.0,0.0,0.0,0.0,0.0,0.0,0.0,0.0,0.0,0.0,0.0,0.0,0.0,0.0,0.0,0.0,0.0,0.0,0.0,0.0,0.0,0.0,0.0,0.0,0.0,0.0,0.0,0.0,0.0,0.0,0.0,0.0,0.0,0.3009911103526008,0.0,0.0,0.0,0.0,0.0,0.0,0.0,0.0,0.0,0.0,0.0,0.0,0.0,0.0,0.0,0.0,0.0
89e22471cada6ad8f4da2a73ed2bc168314d57606ba7f659384f1781c167cba7,0.0,0.0,0.0,0.0,0.0,0.0,0.0,0.0,0.0,0.0,0.0,0.0,0.20427263699525006,0.0,0.0,0.9269344535159019,0.0,0.0,0.0,0.0,0.0,0.0,0.0,0.0,0.0,0.0,0.0,0.0,0.0,0.0,0.0,0.0,0.0,0.0,0.0,0.0,0.0,0.0,0.0,0.0,0.0,0.0,0.0,0.0,0.0,0.0,0.0,0.0,0.0,0.0,0.0,0.0,0.0,0.0,0.0,0.0,0.0,0.0,0.0,0.0,0.0,0.0,0.0,0.0,0.0,0.0,0.0,0.0,0.0,0.0,0.0,0.0,0.0,0.0,0.0,0.0,0.0,0.0,0.0,0.0,0.0,0.0,0.0,0.0,0.0,0.0,0.0,0.0,0.0,0.0,0.0,0.0,0.0,0.0,0.0,0.0,0.0,0.0,0.0,0.0,0.0,0.0,0.0,0.0,0.0,0.0,0.0,0.0,0.0,0.0,0.0,0.0,0.0,0.0,0.0,0.0,0.0,0.0,0.0,0.0,0.0,0.0,0.0,0.0,0.0,0.0,0.0,0.0,0.0,0.0,0.0,0.0,0.0,0.0,0.0,0.0,0.0,0.0,0.0,0.0,0.0,0.0,0.0,0.31474626075647527,0.0,0.0,0.0,0.0,0.0,0.0,0.0,0.0,0.0,0.0,0.0,0.0,0.0,0.0,0.0,0.0,0.0
90ccd84f28e4dd03fb70b8739c4636acbcf8a030404b5a24264afd1acd09ecbc,0.0,0.0,0.0,0.0,0.0,0.0,0.3034117456133819,0.0,0.0,0.0,0.0,0.0,0.0,0.0,0.0,0.0,0.294291624172983,0.2231992961318127,0.0,0.0,0.0,0.0,0.0,0.0,0.0,0.30069825859730875,0.0,0.0,0.0,0.0,0.0,0.0,0.0,0.0,0.0,0.0,0.0,0.0,0.0,0.0,0.0,0.0,0.0,0.0,0.0,0.0,0.0,0.238198646524938,0.0,0.2776721276454655,0.0,0.0,0.0,0.0,0.0,0.0,0.0,0.0,0.0,0.0,0.16547188989225078,0.3020435037284282,0.0,0.0,0.0,0.0,0.0,0.0,0.0,0.0,0.0,0.0,0.0,0.0,0.0,0.0,0.0,0.0,0.0,0.0,0.0,0.0,0.0,0.0,0.0,0.0,0.0,0.0,0.23758997286033307,0.0,0.0,0.0,0.0,0.0,0.0,0.0,0.0,0.0,0.0,0.13924734572058345,0.0,0.0,0.0,0.0,0.0,0.0,0.0,0.0,0.0,0.0,0.0,0.0,0.0,0.0,0.2289751928463902,0.2606161038121763,0.14250735201860618,0.13179636953144408,0.14475687341382973,0.12831581242391762,0.15316882870918588,0.0,0.0,0.0,0.0,0.0,0.0,0.0,0.0,0.0,0.0,0.0,0.2918659779028708,0.0,0.0,0.0,0.0,0.0,0.0,0.0,0.0,0.0,0.22070563023525436,0.0,0.0,0.0,0.0,0.0,0.0,0.0,0.0,0.0,0.0,0.0,0.0,0.0,0.0,0.0,0.0,0.0,0.0
91b8833d045e42de89fceb8698a75cd45b3a1b45fc67d1115cf9a181d7ca100b,0.0,0.0,0.0,0.0,0.0,0.0,0.0,0.0,0.0,0.0,0.0,0.0,0.0,0.0,0.0,0.0,0.0,0.0,0.0,0.5005483679777487,0.43465959523785014,0.0,0.0,0.0,0.0,0.0,0.0,0.0,0.0,0.0,0.0,0.0,0.0,0.0,0.0,0.0,0.0,0.0,0.0,0.0,0.0,0.0,0.0,0.0,0.0,0.0,0.0,0.3215730439072736,0.0,0.0,0.0,0.0,0.0,0.0,0.0,0.0,0.0,0.0,0.0,0.0,0.0,0.0,0.0,0.0,0.0,0.0,0.0,0.0,0.0,0.0,0.0,0.0,0.0,0.0,0.0,0.14635199609370864,0.0,0.0,0.0,0.13389681893406719,0.0,0.0,0.0,0.0,0.0,0.0,0.0,0.0,0.0,0.0,0.0,0.0,0.0,0.0,0.0,0.0,0.0,0.0,0.0,0.1879867642937613,0.0,0.0,0.20621233439888934,0.0,0.0,0.0,0.0,0.0,0.0,0.0,0.0,0.0,0.0,0.0,0.0,0.0,0.0,0.0,0.0,0.0,0.20678105101897795,0.0,0.0,0.0,0.0,0.0,0.0,0.0,0.4278327416327312,0.0,0.0,0.0,0.0,0.0,0.0,0.0,0.0,0.0,0.0,0.0,0.0,0.0,0.29795711418869664,0.0,0.0,0.15914028388937193,0.0,0.0,0.0,0.0,0.0,0.0,0.0,0.0,0.0,0.0,0.0,0.0,0.0,0.0,0.0
91c8694b12c7489be239393cc92091108b67422523422933d5121e428c5bb202,0.0,0.0,0.0,0.0,0.0,0.0,0.0,0.0,0.0,0.0,0.33380422335631266,0.0,0.2173313159320096,0.0,0.0,0.0,0.0,0.0,0.0,0.0,0.0,0.3177319300666331,0.0,0.0,0.0,0.0,0.0,0.0,0.0,0.0,0.0,0.0,0.0,0.0,0.0,0.0,0.0,0.0,0.0,0.0,0.0,0.0,0.0,0.37628292451573725,0.0,0.0,0.0,0.0,0.0,0.0,0.0,0.0,0.0,0.0,0.0,0.0,0.0,0.0,0.0,0.0,0.0,0.0,0.0,0.0,0.0,0.0,0.0,0.0,0.0,0.0,0.0,0.0,0.0,0.0,0.0,0.2066094078123627,0.44060388360574554,0.35117679779749295,0.0,0.18902606869955774,0.0,0.0,0.0,0.0,0.0,0.0,0.0,0.0,0.0,0.0,0.0,0.0,0.0,0.0,0.0,0.0,0.0,0.0,0.0,0.0,0.0,0.0,0.0,0.0,0.0,0.0,0.0,0.0,0.0,0.0,0.0,0.0,0.0,0.0,0.0,0.0,0.0,0.0,0.0,0.0,0.29191887803493755,0.0,0.0,0.0,0.34308535666979106,0.0,0.0,0.0,0.0,0.0,0.0,0.0,0.0,0.0,0.0,0.0,0.0,0.0,0.0,0.0,0.0,0.0,0.0,0.0,0.0,0.0,0.0,0.0,0.0,0.0,0.0,0.0,0.0,0.0,0.0,0.0,0.0,0.0,0.0,0.0,0.0
bd8f9f6dabfb081a5f0dc233d8d017923de3e0d10df2b40da280078d7c4c47ff,0.0,0.0,0.0,0.0,0.0,0.0,0.0,0.0,0.0,0.0,0.23438835942349648,0.0,0.15260421237474436,0.0,0.0,0.0,0.0,0.0,0.0,0.0,0.0,0.223102826788638,0.0,0.0,0.0,0.0,0.3204163535271971,0.0,0.0,0.0,0.0,0.0,0.0,0.0,0.24954487149908444,0.0,0.0,0.0,0.0,0.0,0.0,0.0,0.27950600408080345,0.0,0.2960176215213063,0.0,0.0,0.0,0.0,0.0,0.0,0.0,0.0,0.0,0.0,0.0,0.0,0.0,0.29470332907016294,0.0,0.0,0.0,0.0,0.0,0.29470332907016294,0.0,0.0,0.0,0.0,0.0,0.0,0.0,0.0,0.0,0.0,0.14507557649115652,0.0,0.24658691455646828,0.0,0.13272902806705786,0.0,0.0,0.0,0.0,0.0,0.0,0.0,0.0,0.0,0.0,0.0,0.0,0.0,0.0,0.0,0.0,0.0,0.0,0.0,0.0,0.0,0.0,0.0,0.0,0.0,0.0,0.0,0.0,0.0,0.0,0.0,0.0,0.0,0.0,0.0,0.0,0.0,0.1763759838415878,0.0,0.1717181416996588,0.0,0.0,0.0,0.0,0.24090532193842215,0.0,0.2772627076197686,0.0,0.0,0.0,0.0,0.0,0.0,0.21851622741015833,0.0,0.0,0.0,0.0,0.0,0.0,0.0,0.0,0.0,0.0,0.0,0.15775233030258215,0.0,0.0,0.0,0.0,0.0,0.0,0.0,0.0,0.0,0.0,0.0,0.0,0.0,0.0,0.0
91c19873a6cb357be6a268bcba88946c84ddaaf58764a4b82ee08f9e1ac1e28c,0.0,0.0,0.0,0.0,0.0,0.0,0.0,0.0,0.0,0.0,0.24015546428616213,0.0,0.15635902552934944,0.0,0.0,0.0,0.0,0.0,0.0,0.0,0.0,0.22859225211851306,0.0,0.0,0.0,0.0,0.3283001695795358,0.0,0.0,0.0,0.0,0.0,0.0,0.0,0.0,0.0,0.0,0.0,0.0,0.0,0.0,0.0,0.0,0.0,0.303301108929594,0.0,0.0,0.0,0.0,0.0,0.0,0.0,0.0,0.0,0.0,0.0,0.0,0.0,0.3019544784288794,0.0,0.0,0.0,0.0,0.0,0.0,0.0,0.0,0.0,0.0,0.0,0.0,0.0,0.0,0.0,0.0,0.14864514822541003,0.0,0.2526541637897754,0.0,0.135994814068825,0.0,0.0,0.0,0.0,0.0,0.0,0.0,0.0,0.0,0.0,0.0,0.0,0.0,0.0,0.0,0.0,0.0,0.0,0.0,0.1909322809985411,0.0,0.0,0.0,0.0,0.3562469006629063,0.0,0.0,0.0,0.0,0.0,0.0,0.0,0.0,0.0,0.0,0.0,0.0,0.0,0.0,0.17594325139554898,0.0,0.0,0.0,0.0,0.24683277608763973,0.0,0.28408473202952483,0.0,0.0,0.0,0.0,0.0,0.0,0.22389279986780122,0.0,0.0,0.0,0.0,0.0,0.0,0.0,0.0,0.0,0.24092026883675738,0.0,0.1616338124436857,0.0,0.0,0.0,0.0,0.0,0.0,0.0,0.0,0.0,0.0,0.0,0.0,0.0,0.0,0.0
92c0894905793df478af3728c3be8db026e668fdb5e0adf82fc5ef83939031f1,0.0,0.0,0.0,0.0,0.0,0.0,0.3164479758674556,0.0,0.0,0.0,0.0,0.0,0.11893247391831945,0.0,0.0,0.0,0.30693600406278754,0.2327891602652504,0.0,0.0,0.0,0.0,0.0,0.0,0.0,0.313617902588509,0.0,0.0,0.0,0.0,0.0,0.0,0.0,0.0,0.0,0.0,0.0,0.0,0.0,0.0,0.0,0.0,0.0,0.0,0.0,0.0,0.0,0.0,0.0,0.2896024429462361,0.0,0.0,0.0,0.0,0.0,0.0,0.0,0.0,0.0,0.0,0.1725814685041507,0.31502094681782095,0.0,0.0,0.0,0.0,0.0,0.0,0.0,0.0,0.0,0.0,0.0,0.0,0.0,0.11306501274584185,0.0,0.0,0.0,0.0,0.0,0.0,0.0,0.0,0.0,0.0,0.0,0.0,0.24779813927790179,0.0,0.0,0.0,0.0,0.0,0.0,0.0,0.0,0.0,0.0,0.14523017429372378,0.0,0.0,0.0,0.0,0.0,0.0,0.0,0.0,0.0,0.0,0.0,0.0,0.0,0.0,0.2388132211349194,0.27181359892017476,0.148630248316036,0.1374590633615379,0.1509764214701106,0.1338289624590788,0.1597498004338074,0.0,0.0,0.0,0.0,0.0,0.0,0.0,0.0,0.0,0.0,0.0,0.30440613874463485,0.0,0.0,0.0,0.0,0.0,0.0,0.0,0.0,0.0,0.0,0.0,0.0,0.0,0.0,0.0,0.0,0.0,0.0,0.0,0.0,0.0,0.0,0.0,0.0,0.0,0.0,0.0,0.0
93fc5c91921dfc15f8173b8488a35a74998e3096bd24eaa42cd8087713cd43e1,0.0,0.0,0.0,0.0,0.0,0.0,0.0,0.0,0.0,0.0,0.26443481484030457,0.0,0.17216668414088795,0.0,0.0,0.0,0.0,0.0,0.0,0.0,0.0,0.2517025795876103,0.0,0.0,0.0,0.0,0.3614908151802873,0.0,0.0,0.0,0.0,0.0,0.0,0.0,0.0,0.0,0.0,0.0,0.0,0.0,0.0,0.0,0.0,0.0,0.33396438768966863,0.0,0.0,0.0,0.0,0.0,0.0,0.0,0.0,0.0,0.0,0.0,0.0,0.0,0.3324816149025775,0.0,0.0,0.0,0.0,0.0,0.0,0.0,0.0,0.0,0.0,0.0,0.0,0.0,0.0,0.0,0.0,0.16367294562600054,0.0,0.27819711376948625,0.0,0.14974368201208366,0.0,0.0,0.0,0.0,0.0,0.0,0.0,0.0,0.0,0.0,0.0,0.0,0.0,0.0,0.0,0.0,0.0,0.0,0.0,0.0,0.0,0.0,0.0,0.0,0.39226291808200214,0.0,0.0,0.0,0.0,0.0,0.0,0.0,0.0,0.0,0.0,0.0,0.0,0.0,0.0,0.19373084532336401,0.0,0.0,0.0,0.0,0.27178719266399104,0.0,0.0,0.0,0.0,0.0,0.0,0.0,0.0,0.24652801989369852,0.0,0.0,0.0,0.0,0.0,0.0,0.0,0.0,0.0,0.0,0.0,0.17797474395397853,0.0,0.0,0.0,0.0,0.0,0.0,0.0,0.0,0.0,0.0,0.0,0.0,0.0,0.0,0.0
97fc228c23bde829b5889b11c06d4bb0d9859e35d99e6b2e7e34cfb84c1eba15,0.0,0.0,0.0,0.0,0.0,0.0,0.0,0.0,0.0,0.0,0.24562572183704987,0.0,0.15992056905946955,0.0,0.0,0.0,0.0,0.3130160649484364,0.0,0.0,0.0,0.23379912299668604,0.0,0.0,0.0,0.0,0.0,0.5293309543209447,0.0,0.0,0.0,0.0,0.0,0.0,0.0,0.0,0.0,0.0,0.0,0.0,0.0,0.0,0.0,0.0,0.0,0.0,0.0,0.33405124614392806,0.0,0.0,0.0,0.0,0.0,0.0,0.0,0.0,0.0,0.0,0.0,0.0,0.0,0.0,0.0,0.0,0.30883239299376203,0.0,0.0,0.0,0.0,0.0,0.0,0.0,0.0,0.0,0.0,0.15203098517440397,0.0,0.0,0.0,0.13909250189680264,0.0,0.0,0.0,0.0,0.0,0.0,0.0,0.0,0.0,0.0,0.0,0.0,0.0,0.0,0.0,0.0,0.0,0.0,0.0,0.19528133362137026,0.0,0.0,0.0,0.0,0.0,0.0,0.0,0.0,0.0,0.0,0.0,0.0,0.0,0.0,0.0,0.0,0.0,0.184832038810998,0.0,0.0,0.0,0.0,0.0,0.0,0.2524551293462401,0.0,0.0,0.0,0.0,0.0,0.0,0.0,0.0,0.0,0.0,0.0,0.0,0.0,0.0,0.0,0.0,0.0,0.3095189325660125,0.0,0.0,0.0,0.0,0.0,0.0,0.0,0.0,0.0,0.0,0.0,0.0,0.0,0.0,0.0,0.0,0.0,0.0
151eacb26f65117d4a4abb8473c8650edd42b079a662f7dc4c4ebdd966045d1c,0.0,0.0,0.0,0.0,0.0,0.0,0.0,0.0,0.0,0.0,0.24307373843681807,0.0,0.15825903852210124,0.0,0.0,0.0,0.0,0.0,0.0,0.0,0.0,0.23137001469152196,0.0,0.0,0.0,0.0,0.0,0.0,0.0,0.0,0.0,0.0,0.0,0.0,0.0,0.0,0.0,0.0,0.0,0.0,0.0,0.0,0.0,0.2740064108606179,0.0,0.0,0.0,0.0,0.3896089587985519,0.0,0.0,0.0,0.0,0.0,0.0,0.0,0.0,0.0,0.0,0.0,0.0,0.0,0.0,0.0,0.0,0.0,0.0,0.0,0.0,0.0,0.0,0.0,0.0,0.0,0.0,0.1504514252342469,0.32084445211919405,0.2557243171899276,0.0,0.13764736922387827,0.0,0.0,0.0,0.0,0.0,0.0,0.0,0.0,0.3297358070313031,0.0,0.0,0.0,0.0,0.0,0.0,0.0,0.0,0.0,0.0,0.1932524145079743,0.0,0.0,0.0,0.0,0.0,0.0,0.0,0.0,0.0,0.0,0.0,0.0,0.0,0.0,0.0,0.0,0.19777676709181657,0.0,0.2008987328202451,0.0,0.0,0.0,0.0,0.0,0.2498321902884879,0.0,0.0,0.0,0.0,0.0,0.0,0.0,0.0,0.22661345655705997,0.0,0.0,0.0,0.0,0.0,0.0,0.0,0.0,0.0,0.24384783658960946,0.0,0.1635979225593078,0.0,0.0,0.0,0.0,0.0,0.0,0.0,0.0,0.0,0.0,0.0,0.0,0.0,0.0,0.0
160ffdb97712c84d3e7dca1e26924d48cd92afb6c21665df8912cae81cc91d9b,0.0,0.0,0.0,0.0,0.0,0.0,0.0,0.0,0.0,0.0,0.24231326454297733,0.0,0.1577639135940265,0.0,0.0,0.0,0.0,0.0,0.0,0.0,0.0,0.2306461567498045,0.0,0.0,0.0,0.0,0.33124995126506546,0.0,0.0,0.0,0.0,0.0,0.0,0.0,0.0,0.0,0.0,0.0,0.0,0.0,0.0,0.0,0.0,0.0,0.30602627370019764,0.0,0.0,0.0,0.0,0.0,0.0,0.0,0.0,0.0,0.0,0.0,0.0,0.0,0.304667543705312,0.0,0.0,0.0,0.0,0.0,0.0,0.0,0.0,0.0,0.0,0.0,0.0,0.0,0.0,0.0,0.0,0.14998072699297427,0.0,0.2549242650391119,0.0,0.13721672940435772,0.0,0.0,0.0,0.0,0.0,0.0,0.0,0.0,0.0,0.0,0.0,0.0,0.0,0.0,0.0,0.0,0.0,0.0,0.0,0.0,0.0,0.0,0.0,0.0,0.35944778412406325,0.0,0.0,0.0,0.0,0.0,0.0,0.0,0.0,0.0,0.0,0.0,0.0,0.1823394324562614,0.0,0.17752410400772956,0.21190809273513422,0.0,0.0,0.0,0.24905057208580894,0.0,0.2866372373808091,0.0,0.0,0.0,0.0,0.0,0.0,0.22590447985388787,0.0,0.0,0.0,0.0,0.0,0.0,0.0,0.0,0.0,0.0,0.0,0.16308609454368994,0.0,0.0,0.0,0.0,0.0,0.0,0.0,0.0,0.0,0.0,0.0,0.0,0.0,0.0,0.0
177b40f96a09a3919b2c8846ca73abb09855d078ff9dee89610bc2b75d44cb31,0.0,0.0,0.0,0.0,0.0,0.0,0.0,0.0,0.0,0.0,0.14902498030134695,0.0,0.09702631905007936,0.0,0.0,0.0,0.0,0.0,0.0,0.0,0.0,0.14184959717764306,0.0,0.0,0.0,0.0,0.0,0.0,0.0,0.0,0.0,0.0,0.0,0.0,0.0,0.0,0.41266596790190857,0.0,0.0,0.0,0.0,0.0,0.0,0.16798935271059837,0.0,0.0,0.0,0.0,0.0,0.0,0.0,0.0,0.0,0.0,0.0,0.0,0.0,0.0,0.18737345966089722,0.0,0.0,0.0,0.0,0.0,0.0,0.0,0.0,0.0,0.0,0.0,0.0,0.0,0.0,0.0,0.0,0.09223958468747166,0.0,0.0,0.0,0.0843896038257238,0.0,0.0,0.0,0.0,0.0,0.0,0.0,0.0,0.0,0.0,0.0,0.0,0.0,0.39307391223689514,0.0,0.0,0.0,0.0,0.0,0.0,0.0,0.0,0.0,0.0,0.0,0.0,0.0,0.0,0.0,0.0,0.0,0.39307391223689514,0.0,0.0,0.0,0.0,0.0,0.0,0.12316809661807455,0.10917902555876771,0.13032550820158811,0.0,0.0,0.0,0.15316848901824806,0.0,0.0,0.0,0.0,0.0,0.0,0.0,0.0,0.0,0.0,0.0,0.0,0.3053669769736311,0.0,0.0,0.0,0.0,0.1877899939939692,0.0,0.0,0.10029951134799059,0.2075214625043017,0.0,0.0,0.0,0.0,0.0,0.0,0.0,0.14556722495190638,0.34586840502596594,0.0,0.0,0.0,0.0,0.0
0195f03c60d26ccf7bf74d6c29926169ba3233f305b8c61d07e085b9aeb6c452,0.0,0.0,0.0,0.0,0.0,0.0,0.0,0.0,0.0,0.0,0.0,0.0,0.0,0.0,0.0,0.0,0.0,0.0,0.0,0.0,0.0,0.0,0.0,0.0,0.0,0.0,0.44435457172793535,0.0,0.0,0.0,0.0,0.0,0.0,0.0,0.34606974107664024,0.0,0.0,0.0,0.0,0.0,0.0,0.0,0.0,0.0,0.4105183208879419,0.0,0.0,0.0,0.0,0.0,0.0,0.0,0.0,0.0,0.0,0.0,0.0,0.0,0.40869565530666246,0.0,0.0,0.0,0.0,0.0,0.0,0.0,0.0,0.0,0.0,0.0,0.0,0.0,0.0,0.0,0.0,0.0,0.0,0.34196763556312026,0.0,0.18406910188370415,0.0,0.0,0.0,0.0,0.0,0.0,0.0,0.0,0.0,0.0,0.0,0.0,0.0,0.0,0.0,0.0,0.0,0.0,0.0,0.0,0.0,0.0,0.0,0.0,0.0,0.0,0.0,0.0,0.0,0.0,0.0,0.0,0.0,0.0,0.0,0.0,0.0,0.0,0.0,0.23813934736134526,0.0,0.0,0.0,0.0,0.0,0.0,0.0,0.0,0.0,0.0,0.0,0.0,0.0,0.3030391038958105,0.0,0.0,0.0,0.0,0.0,0.0,0.0,0.0,0.0,0.0,0.0,0.21877150900394896,0.0,0.0,0.0,0.0,0.0,0.0,0.0,0.0,0.0,0.0,0.0,0.0,0.0,0.0,0.0
213f5c025503e250e892d59d04536da9395d36ba21cf20a0238fe5037064f4de,0.0,0.0,0.0,0.0,0.0,0.0,0.0,0.0,0.0,0.0,0.0,0.0,0.0,0.0,0.0,0.0,0.0,0.0,0.0,0.0,0.0,0.0,0.0,0.0,0.0,0.0,0.44736933330105716,0.0,0.0,0.0,0.0,0.0,0.0,0.0,0.0,0.0,0.0,0.0,0.0,0.0,0.0,0.0,0.0,0.0,0.4133035175250842,0.0,0.0,0.0,0.0,0.0,0.0,0.0,0.0,0.0,0.0,0.0,0.0,0.0,0.4114684859133762,0.0,0.0,0.0,0.0,0.0,0.0,0.0,0.0,0.0,0.0,0.0,0.0,0.0,0.0,0.0,0.0,0.0,0.0,0.3442877442163024,0.0,0.18531793443875166,0.0,0.0,0.0,0.0,0.0,0.0,0.0,0.0,0.0,0.0,0.0,0.0,0.0,0.0,0.0,0.0,0.0,0.0,0.0,0.0,0.0,0.0,0.0,0.0,0.0,0.0,0.0,0.0,0.0,0.0,0.0,0.0,0.0,0.0,0.0,0.0,0.0,0.0,0.0,0.2397550241184933,0.0,0.0,0.0,0.0,0.0,0.0,0.0,0.0,0.0,0.0,0.0,0.0,0.0,0.3050950985984772,0.0,0.0,0.0,0.0,0.0,0.0,0.0,0.0,0.0,0.3282981552712849,0.0,0.2202557830062941,0.0,0.0,0.0,0.0,0.0,0.0,0.0,0.0,0.0,0.0,0.0,0.0,0.0,0.0,0.0
240e33c28d618ba23fc7489c03dcc40e3e3d2c84ef959db800321d1946d3dbcf,0.0,0.0,0.0,0.0,0.0,0.0,0.0,0.0,0.0,0.0,0.0,0.0,0.1298252843276308,0.0,0.0,0.0,0.0,0.2541098988707019,0.0,0.0,0.0,0.0,0.0,0.0,0.0,0.34234159966899413,0.0,0.0,0.0,0.0,0.0,0.0,0.0,0.0,0.0,0.0,0.0,0.0,0.0,0.0,0.0,0.0,0.0,0.0,0.0,0.0,0.0,0.0,0.0,0.3161266074671327,0.0,0.0,0.0,0.0,0.0,0.0,0.0,0.0,0.0,0.0,0.188387893399233,0.3438731461843702,0.0,0.0,0.0,0.0,0.0,0.0,0.0,0.0,0.0,0.0,0.0,0.0,0.0,0.12342043298718539,0.0,0.0,0.0,0.0,0.0,0.0,0.0,0.0,0.0,0.0,0.0,0.0,0.2704935231542019,0.0,0.0,0.0,0.0,0.0,0.0,0.0,0.0,0.0,0.0,0.1585315435680167,0.0,0.0,0.0,0.0,0.0,0.0,0.0,0.0,0.0,0.0,0.0,0.0,0.0,0.0,0.26068569259167373,0.2967085153560633,0.16224302422707393,0.1500486906257204,0.16480407914146827,0.1460861153401562,0.17438099603347074,0.0,0.0,0.0,0.0,0.0,0.0,0.0,0.0,0.0,0.0,0.0,0.3322861470176746,0.0,0.0,0.0,0.0,0.0,0.0,0.0,0.0,0.0,0.0,0.20003669309227248,0.0,0.0,0.0,0.0,0.0,0.0,0.0,0.0,0.0,0.0,0.0,0.0,0.0,0.0,0.0,0.0,0.0
c0ccd75375402c9d18d9fd11207ddf17011449874a2bc3521c6e3b815402b578,0.0,0.0,0.0,0.0,0.0,0.0,0.0,0.0,0.0,0.0,0.1839081604877313,0.0,0.11973785750089129,0.0,0.0,0.0,0.0,0.0,0.0,0.0,0.0,0.17505319195556523,0.0,0.0,0.0,0.0,0.0,0.39632771914238646,0.0,0.0,0.0,0.0,0.0,0.0,0.19580041598236161,0.0,0.0,0.0,0.0,0.0,0.0,0.0,0.21930882225640036,0.0,0.0,0.0,0.0,0.2501152962625,0.0,0.0,0.0,0.0,0.0,0.0,0.0,0.0,0.0,0.0,0.2312331007913998,0.0,0.0,0.0,0.0,0.0,0.0,0.0,0.0,0.0,0.0,0.0,0.0,0.0,0.0,0.0,0.0,0.11383066321983533,0.0,0.0,0.0,0.10414318976921884,0.0,0.0,0.0,0.0,0.0,0.0,0.0,0.0,0.0,0.0,0.0,0.0,0.0,0.0,0.0,0.0,0.0,0.0,0.0,0.1462136399042226,0.0,0.0,0.16038924931168125,0.4442788584888134,0.2728095834717417,0.0,0.1915399401365597,0.0,0.0,0.0,0.0,0.0,0.0,0.0,0.0,0.0,0.14963673845219108,0.0,0.1519987993556575,0.0,0.0,0.0,0.0,0.0,0.1890215653984332,0.0,0.2175486643433014,0.0,0.0,0.0,0.0,0.0,0.0,0.0,0.0,0.0,0.0,0.0,0.0,0.0,0.0,0.0,0.23174713583988862,0.0,0.0,0.0,0.0,0.0,0.0,0.0,0.0,0.0,0.0,0.0,0.0,0.0,0.0,0.0,0.0,0.0,0.0
245a20192e8a60b33f64b2b7d118c9d5db7cd4a91179df7689a37e8ce7d29d20,0.0,0.0,0.0,0.0,0.0,0.0,0.0,0.0,0.0,0.0,0.24015546428616213,0.0,0.15635902552934944,0.0,0.0,0.0,0.0,0.0,0.0,0.0,0.0,0.22859225211851306,0.0,0.0,0.0,0.0,0.3283001695795358,0.0,0.0,0.0,0.0,0.0,0.0,0.0,0.0,0.0,0.0,0.0,0.0,0.0,0.0,0.0,0.0,0.0,0.303301108929594,0.0,0.0,0.0,0.0,0.0,0.0,0.0,0.0,0.0,0.0,0.0,0.0,0.0,0.3019544784288794,0.0,0.0,0.0,0.0,0.0,0.0,0.0,0.0,0.0,0.0,0.0,0.0,0.0,0.0,0.0,0.0,0.14864514822541003,0.0,0.2526541637897754,0.0,0.135994814068825,0.0,0.0,0.0,0.0,0.0,0.0,0.0,0.0,0.0,0.0,0.0,0.0,0.0,0.0,0.0,0.0,0.0,0.0,0.0,0.1909322809985411,0.0,0.0,0.0,0.0,0.3562469006629063,0.0,0.0,0.0,0.0,0.0,0.0,0.0,0.0,0.0,0.0,0.0,0.0,0.0,0.0,0.17594325139554898,0.0,0.0,0.0,0.0,0.24683277608763973,0.0,0.28408473202952483,0.0,0.0,0.0,0.0,0.0,0.0,0.22389279986780122,0.0,0.0,0.0,0.0,0.0,0.0,0.0,0.0,0.0,0.24092026883675738,0.0,0.1616338124436857,0.0,0.0,0.0,0.0,0.0,0.0,0.0,0.0,0.0,0.0,0.0,0.0,0.0,0.0,0.0
b3e1e9d97d74c416c2a30dd11858789af5554cf2de62f577c13944a19623777d,0.0,0.0,0.0,0.0,0.0,0.0,0.0,0.0,0.0,0.0,0.12399659639510514,0.0,0.08073098415196805,0.0,0.0,0.0,0.0,0.0,0.0,0.0,0.0,0.11802630145951093,0.26480480613123136,0.0,0.0,0.0,0.0,0.0,0.0,0.0,0.0,0.0,0.0,0.0,0.0,0.0,0.0,0.0,0.0,0.0,0.0,0.0,0.14786482256738598,0.1397759484658879,0.0,0.0,0.0,0.0,0.0,0.0,0.0,0.36633555907170046,0.0,0.0,0.0,0.0,0.0,0.0,0.0,0.0,0.0,0.0,0.0,0.0,0.1559045416798273,0.309012796724458,0.0,0.13178851512801404,0.0,0.0,0.0,0.0,0.0,0.0,0.0,0.07674817021291812,0.0,0.0,0.0,0.07021657459280682,0.0,0.0,0.0,0.0,0.0,0.23729331536398238,0.0,0.0,0.16820458698833177,0.0,0.0,0.0,0.0,0.0,0.0,0.0,0.0,0.0,0.0,0.0,0.0,0.0,0.0,0.0,0.0,0.0,0.0,0.0,0.0,0.0,0.0,0.0,0.0,0.0,0.0,0.0,0.10088973873986433,0.0,0.10248231359750543,0.09084267308505076,0.0,0.0,0.1770111881281024,0.0,0.1274442128751762,0.0,0.0,0.0,0.22435894934062875,0.0,0.0,0.0,0.0,0.11559988952779976,0.0,0.0,0.36633555907170046,0.0,0.0,0.0,0.0,0.0,0.0,0.0,0.0,0.08345445174422646,0.17266873632484062,0.1868432528530901,0.0,0.0,0.3536910422334539,0.0,0.0,0.0,0.12111956266807085,0.0,0.0,0.0,0.0,0.0,0.0
337ba1bd5050c38f5e07f494d4dc0125276b0e0dea09667d86e7d763249c8f30,0.0,0.0,0.0,0.0,0.0,0.40675864220211233,0.0,0.0,0.0,0.0,0.0,0.0,0.14636378710901812,0.0,0.0,0.0,0.0,0.0,0.0,0.0,0.0,0.0,0.0,0.0,0.0,0.0,0.0,0.0,0.0,0.0,0.0,0.0,0.0,0.0,0.0,0.0,0.0,0.0,0.0,0.0,0.0,0.0,0.0,0.0,0.0,0.0,0.0,0.30573306336804174,0.0,0.0,0.0,0.0,0.0,0.0,0.0,0.0,0.0,0.0,0.0,0.0,0.0,0.0,0.0,0.0,0.28265206212278055,0.0,0.0,0.0,0.0,0.0,0.0,0.0,0.0,0.0,0.0,0.13914301880557953,0.0,0.0,0.0,0.0,0.0,0.0,0.0,0.0,0.0,0.0,0.0,0.0,0.0,0.0,0.0,0.0,0.0,0.0,0.0,0.0,0.0,0.6937141524062638,0.0,0.0,0.0,0.0,0.19605476856520007,0.0,0.0,0.0,0.0,0.0,0.0,0.0,0.0,0.0,0.0,0.0,0.0,0.0,0.1829112378291995,0.16916346245240418,0.0,0.0,0.1965954714560125,0.0,0.0,0.0,0.0,0.0,0.0,0.0,0.0,0.0,0.0,0.0,0.0,0.0,0.0,0.0,0.0,0.0,0.0,0.0,0.0,0.0,0.0,0.0,0.0,0.0,0.0,0.0,0.0,0.0,0.0,0.0,0.0,0.0,0.0,0.0,0.0,0.0,0.0,0.0,0.0
340a639e1ec7cb2afa90a2aba177b368e13efc4dd1313e32af30b6ceb259f7d3,0.0,0.0,0.0,0.0,0.0,0.0,0.0,0.0,0.0,0.0,0.0,0.0,0.23453338682649852,0.0,0.0,0.0,0.0,0.0,0.0,0.0,0.0,0.0,0.0,0.0,0.0,0.0,0.0,0.0,0.0,0.0,0.0,0.0,0.0,0.0,0.38351892760431855,0.0,0.0,0.0,0.0,0.0,0.0,0.0,0.0,0.0,0.0,0.0,0.0,0.0,0.0,0.0,0.0,0.0,0.6732928803818555,0.0,0.0,0.0,0.0,0.0,0.0,0.0,0.0,0.0,0.0,0.0,0.0,0.0,0.0,0.0,0.0,0.0,0.0,0.0,0.0,0.0,0.0,0.0,0.0,0.0,0.0,0.20398774056323693,0.0,0.0,0.0,0.0,0.0,0.0,0.0,0.0,0.0,0.0,0.0,0.0,0.0,0.0,0.0,0.0,0.0,0.0,0.0,0.0,0.0,0.0,0.0,0.0,0.0,0.0,0.0,0.0,0.0,0.0,0.0,0.0,0.0,0.0,0.0,0.0,0.2930970354351136,0.0,0.29772366025656,0.26390908039599276,0.0,0.0,0.0,0.0,0.0,0.0,0.0,0.0,0.0,0.0,0.0,0.0,0.0,0.0,0.0,0.0,0.0,0.0,0.0,0.0,0.0,0.0,0.0,0.0,0.0,0.2424453934127455,0.0,0.0,0.0,0.0,0.0,0.0,0.0,0.0,0.0,0.0,0.0,0.0,0.0,0.0,0.0
358a5079b824548ef87fcf89d3e4b5284e780edc4de8a450f3e51878d1290eca,0.0,0.0,0.0,0.0,0.0,0.0,0.0,0.0,0.0,0.0,0.0,0.0,0.15348121133210907,0.0,0.0,0.0,0.0,0.0,0.0,0.0,0.0,0.0,0.0,0.0,0.0,0.0,0.3222577496694995,0.0,0.0,0.0,0.0,0.0,0.0,0.0,0.0,0.0,0.0,0.0,0.0,0.0,0.0,0.0,0.0,0.26573418014149086,0.2977188009409036,0.0,0.0,0.0,0.0,0.0,0.0,0.0,0.4406102187009243,0.0,0.0,0.0,0.0,0.0,0.29639695540134026,0.0,0.0,0.0,0.0,0.0,0.0,0.0,0.0,0.0,0.0,0.0,0.0,0.0,0.0,0.0,0.0,0.14590930923904025,0.3111581848360831,0.24800402135581895,0.0,0.1334918066130458,0.0,0.0,0.0,0.0,0.0,0.0,0.0,0.0,0.0,0.0,0.0,0.0,0.0,0.0,0.0,0.0,0.0,0.0,0.0,0.18741814021191952,0.0,0.0,0.0,0.0,0.0,0.0,0.0,0.0,0.0,0.0,0.0,0.0,0.0,0.0,0.0,0.0,0.19180590296813452,0.0,0.0,0.17270498622306807,0.0,0.0,0.0,0.0,0.24228977727471906,0.0,0.0,0.0,0.0,0.0,0.0,0.0,0.0,0.21977201518052067,0.0,0.0,0.0,0.0,0.0,0.0,0.0,0.0,0.0,0.0,0.0,0.1586589149049618,0.0,0.0,0.0,0.0,0.0,0.0,0.0,0.0,0.0,0.0,0.0,0.0,0.0,0.0,0.0
422ba689937e3748a4b6bd3c5af2dce0211e8a48eb25767e6d1d2192d27f1f58,0.0,0.0,0.0,0.0,0.0,0.0,0.0,0.0,0.0,0.0,0.24692301903011651,0.0,0.16076520578482076,0.0,0.0,0.0,0.0,0.0,0.0,0.0,0.0,0.23503395680699138,0.0,0.0,0.0,0.0,0.0,0.0,0.0,0.0,0.0,0.0,0.0,0.0,0.0,0.0,0.0,0.0,0.0,0.0,0.0,0.0,0.0,0.0,0.0,0.0,0.0,0.0,0.0,0.0,0.0,0.0,0.0,0.0,0.0,0.0,0.0,0.7619719376649277,0.0,0.0,0.0,0.0,0.0,0.0,0.0,0.0,0.0,0.0,0.0,0.0,0.0,0.0,0.0,0.0,0.0,0.1528339522612824,0.0,0.0,0.0,0.13982713307035313,0.0,0.0,0.0,0.0,0.0,0.0,0.0,0.0,0.0,0.0,0.0,0.0,0.0,0.0,0.0,0.0,0.0,0.0,0.0,0.19631273181562528,0.0,0.0,0.0,0.0,0.0,0.0,0.0,0.0,0.0,0.0,0.0,0.0,0.0,0.0,0.0,0.0,0.2009087313931338,0.18580824799359072,0.20408013611965675,0.1809013129961374,0.21593942087224344,0.0,0.0,0.0,0.0,0.0,0.0,0.0,0.0,0.0,0.0,0.0,0.0,0.0,0.0,0.0,0.0,0.0,0.0,0.0,0.0,0.0,0.0,0.0,0.0,0.0,0.0,0.0,0.0,0.0,0.0,0.0,0.0,0.0,0.0,0.0,0.0,0.0,0.0,0.0,0.0
b50fb20396458aec55216cc9f5212162b3459bc769a38e050d4d8c22649888ae,0.0,0.0,0.0,0.0,0.0,0.5530493148094875,0.0,0.0,0.0,0.0,0.0,0.0,0.19900349685340704,0.0,0.0,0.0,0.0,0.0,0.0,0.0,0.0,0.0,0.0,0.0,0.0,0.0,0.0,0.0,0.0,0.0,0.0,0.0,0.0,0.0,0.0,0.0,0.0,0.0,0.0,0.0,0.0,0.0,0.0,0.0,0.0,0.0,0.0,0.0,0.0,0.0,0.0,0.0,0.0,0.0,0.0,0.0,0.0,0.0,0.0,0.0,0.0,0.0,0.0,0.0,0.0,0.0,0.0,0.0,0.0,0.0,0.0,0.0,0.0,0.0,0.0,0.0,0.0,0.0,0.0,0.1730852661814852,0.0,0.0,0.0,0.0,0.0,0.0,0.0,0.0,0.0,0.0,0.0,0.0,0.0,0.0,0.0,0.0,0.0,0.0,0.0,0.0,0.0,0.0,0.0,0.0,0.0,0.0,0.0,0.0,0.6527491638712906,0.0,0.0,0.0,0.0,0.0,0.0,0.0,0.0,0.0,0.0,0.22392901309621005,0.0,0.0,0.0,0.0,0.0,0.0,0.0,0.0,0.0,0.0,0.0,0.0,0.0,0.0,0.0,0.0,0.0,0.0,0.0,0.0,0.0,0.0,0.38516214821662464,0.0,0.0,0.0,0.0,0.0,0.0,0.0,0.0,0.0,0.0,0.0,0.0,0.0,0.0,0.0,0.0,0.0,0.0
447c03cc63a420c07875132d35ef027adec98e7bd446cf4f7c9d45b6af40ea2b,0.0,0.0,0.0,0.0,0.0,0.0,0.0,0.0,0.0,0.0,0.0,0.0,0.13036685269899884,0.0,0.0,0.0,0.0,0.2551699226156344,0.0,0.0,0.0,0.0,0.0,0.0,0.0,0.0,0.0,0.0,0.0,0.0,0.0,0.0,0.0,0.0,0.0,0.0,0.0,0.0,0.0,0.0,0.0,0.0,0.23877662022204,0.22571445989329042,0.0,0.0,0.0,0.2723177503437213,0.0,0.0,0.0,0.0,0.0,0.0,0.0,0.0,0.0,0.0,0.0,0.0,0.0,0.0,0.0,0.0,0.0,0.0,0.0,0.0,0.0,0.0,0.0,0.0,0.0,0.0,0.0,0.12393528341275986,0.26429758337545217,0.21065447321036024,0.0,0.1133878638186471,0.0,0.0,0.0,0.0,0.0,0.0,0.0,0.0,0.0,0.0,0.0,0.0,0.0,0.0,0.0,0.0,0.0,0.0,0.0,0.15919286058577053,0.0,0.0,0.17462682292743803,0.0,0.0,0.0,0.0,0.0,0.0,0.0,0.0,0.0,0.0,0.0,0.0,0.0,0.1629198237492282,0.0,0.0,0.14669551604337047,0.17510842931049753,0.0,0.0,0.0,0.20580079757188147,0.0,0.0,0.0,0.36230166654891277,0.0,0.0,0.0,0.0,0.0,0.0,0.0,0.0,0.0,0.0,0.0,0.0,0.0,0.2523190689396521,0.0,0.0,0.0,0.0,0.0,0.47062255111057,0.0,0.0,0.0,0.0,0.0,0.0,0.0,0.0,0.0,0.0,0.0,0.0
472e77c5448a96067bd1c51ccfff58f9f2a6a0fb06f0294e868d5f7c83f59ca3,0.0,0.0,0.0,0.0,0.0,0.0,0.0,0.0,0.0,0.0,0.0,0.0,0.0,0.0,0.0,0.0,0.0,0.0,0.0,0.0,0.0,0.0,0.0,0.0,0.0,0.0,0.0,0.0,0.0,0.0,0.0,0.0,0.0,0.0,0.3998785801504009,0.0,0.0,0.0,0.0,0.0,0.0,0.0,0.4478892448637395,0.0,0.0,0.0,0.0,0.5108045814997407,0.0,0.0,0.0,0.0,0.0,0.0,0.0,0.0,0.0,0.0,0.0,0.0,0.0,0.0,0.0,0.0,0.0,0.0,0.0,0.0,0.0,0.0,0.0,0.0,0.0,0.0,0.0,0.2324736837639133,0.0,0.0,0.0,0.0,0.0,0.0,0.0,0.0,0.0,0.0,0.0,0.0,0.0,0.0,0.0,0.0,0.0,0.0,0.0,0.0,0.0,0.0,0.0,0.2986086747067458,0.0,0.0,0.0,0.0,0.0,0.0,0.0,0.0,0.0,0.0,0.0,0.0,0.0,0.0,0.0,0.0,0.3055995882868265,0.0,0.0,0.0,0.0,0.0,0.0,0.0,0.0,0.0,0.0,0.0,0.0,0.0,0.0,0.0,0.0,0.0,0.0,0.0,0.0,0.0,0.0,0.0,0.0,0.0,0.0,0.37678742332673815,0.0,0.0,0.0,0.0,0.0,0.0,0.0,0.0,0.0,0.0,0.0,0.0,0.0,0.0,0.0,0.0,0.0
00515fe91a6b40d5c5ae851cb18d31c675ff38901edd352b3e6379087d5f2b26,0.0,0.0,0.0,0.0,0.0,0.0,0.0,0.0,0.0,0.0,0.14463810888422898,0.0,0.09417014027462668,0.0,0.0,0.0,0.0,0.0,0.0,0.0,0.0,0.1376739486244275,0.0,0.0,0.0,0.0,0.0,0.0,0.0,0.0,0.0,0.0,0.0,0.0,0.0,0.0,0.0,0.0,0.0,0.0,0.0,0.0,0.0,0.1630442241268128,0.0,0.0,0.0,0.0,0.2318321319586881,0.0,0.0,0.0,0.270341403624429,0.0,0.0,0.0,0.0,0.0,0.0,0.0,0.0,0.0,0.0,0.0,0.1818577181197761,0.0,0.0,0.15372713570329116,0.32093759417172163,0.4125694169453687,0.3243279982537231,0.29869732167330293,0.0,0.0,0.0,0.08952431375253135,0.0,0.0,0.0,0.08190541399274162,0.0,0.0,0.0,0.0,0.0,0.0,0.0,0.0,0.0,0.0,0.0,0.0,0.0,0.0,0.0,0.0,0.0,0.0,0.0,0.0,0.0,0.0,0.0,0.0,0.21455634232978624,0.0,0.0,0.0,0.0,0.0,0.0,0.0,0.0,0.0,0.0,0.0,0.11768469007536374,0.10883940148814936,0.11954237828909337,0.10596510568034166,0.12648909603971548,0.0,0.0,0.0,0.0,0.0,0.0,0.0,0.0,0.0,0.0,0.38150293462683343,0.0,0.0,0.0,0.0,0.0,0.0,0.0,0.0,0.0,0.0,0.0,0.0,0.0,0.0,0.0,0.0,0.0,0.0,0.0,0.0,0.0,0.0,0.0,0.0,0.0,0.0,0.0,0.0,0.0
d0f8a2be536ca434da7734bd318d2a88ea5005f47d518c30ff611185f42c3701,0.0,0.0,0.0,0.0,0.0,0.0,0.0,0.0,0.0,0.0,0.15907700066191258,0.0,0.10357093011213041,0.0,0.0,0.0,0.0,0.0,0.0,0.0,0.0,0.15141762420294047,0.0,0.0,0.0,0.0,0.0,0.0,0.0,0.0,0.0,0.0,0.0,0.0,0.0,0.0,0.0,0.0,0.0,0.0,0.0,0.2990395607526319,0.0,0.0,0.0,0.0,0.0,0.21634489216566577,0.25497540374068073,0.2521968423803782,0.0,0.0,0.0,0.0,0.0,0.0,0.0,0.0,0.20001215840611652,0.0,0.0,0.0,0.0,0.0,0.0,0.0,0.0,0.1690733642514655,0.0,0.0,0.0,0.0,0.0,0.0,0.0,0.09846132134835686,0.0,0.0,0.0,0.09008184424179971,0.0,0.0,0.0,0.0,0.0,0.0,0.0,0.0,0.0,0.0,0.0,0.0,0.0,0.0,0.0,0.0,0.0,0.0,0.0,0.12647196965126686,0.0,0.0,0.13873359752635916,0.0,0.0,0.0,0.16567834240242355,0.0,0.0,0.0,0.0,0.0,0.0,0.0,0.0,0.0,0.0,0.11970459013973161,0.0,0.11654335995186227,0.13911621335245863,0.0,0.0,0.0,0.16349999697815612,0.0,0.0,0.0,0.0,0.0,0.0,0.0,0.2650884647642714,0.0,0.0,0.0,0.0,0.32596456446383776,0.0,0.0,0.0,0.0,0.0,0.0,0.0,0.10706490549993783,0.0,0.0,0.0,0.0,0.0,0.0,0.0,0.0,0.1553860130912421,0.0,0.0,0.0,0.0,0.49089068693712423,0.0
546a439160f37f428820c787aa818b08ec334c8b27b631909a6eb729947ae102,0.0,0.0,0.0,0.0,0.0,0.0,0.0,0.0,0.0,0.0,0.23569789921785408,0.0,0.15345681994187294,0.0,0.0,0.0,0.0,0.0,0.0,0.0,0.0,0.22434931373292136,0.0,0.0,0.0,0.0,0.32220653614010014,0.0,0.0,0.0,0.0,0.0,0.0,0.0,0.0,0.0,0.0,0.0,0.0,0.0,0.0,0.0,0.0,0.0,0.2976714871661988,0.0,0.0,0.0,0.0,0.0,0.0,0.0,0.0,0.0,0.0,0.0,0.0,0.0,0.2963498516956733,0.0,0.0,0.0,0.0,0.0,0.0,0.0,0.0,0.0,0.0,0.0,0.0,0.0,0.0,0.0,0.0,0.1458861211831874,0.0,0.247964608304459,0.0,0.13347059195934216,0.0,0.0,0.0,0.0,0.0,0.0,0.0,0.0,0.0,0.0,0.0,0.0,0.0,0.0,0.0,0.0,0.0,0.0,0.0,0.18738835553042293,0.0,0.0,0.0,0.0,0.3496345433517449,0.0,0.0,0.0,0.0,0.0,0.0,0.0,0.0,0.0,0.0,0.0,0.19177542097891717,0.0,0.0,0.17267753977097058,0.0,0.0,0.0,0.0,0.2422512723368414,0.0,0.27881178859807515,0.0,0.0,0.0,0.0,0.0,0.0,0.21973708878830156,0.0,0.0,0.0,0.0,0.0,0.0,0.0,0.0,0.0,0.23644850810540685,0.0,0.15863370066880678,0.0,0.0,0.0,0.0,0.0,0.0,0.0,0.0,0.0,0.0,0.0,0.0,0.0,0.0,0.0
579b0544fb3ab18f7384df17157a80fcefe4e7d0d75550175ee5ebc5045cac39,0.0,0.0,0.0,0.0,0.0,0.0,0.0,0.0,0.0,0.0,0.27530266106715123,0.0,0.17924245837189917,0.0,0.0,0.0,0.0,0.0,0.0,0.0,0.0,0.2620471513926155,0.0,0.0,0.0,0.0,0.3763475071562261,0.0,0.0,0.0,0.0,0.0,0.0,0.0,0.0,0.0,0.0,0.0,0.0,0.0,0.0,0.0,0.0,0.0,0.3476897877011846,0.0,0.0,0.0,0.0,0.0,0.0,0.0,0.0,0.0,0.0,0.0,0.0,0.0,0.34614607533376923,0.0,0.0,0.0,0.0,0.0,0.0,0.0,0.0,0.0,0.0,0.0,0.0,0.0,0.0,0.0,0.0,0.1703996408443765,0.0,0.0,0.0,0.15589790686531244,0.0,0.0,0.0,0.0,0.0,0.0,0.0,0.0,0.0,0.0,0.0,0.0,0.0,0.0,0.0,0.0,0.0,0.0,0.0,0.0,0.0,0.0,0.0,0.0,0.4083842940694411,0.0,0.0,0.0,0.0,0.0,0.0,0.0,0.0,0.0,0.0,0.0,0.0,0.0,0.0,0.20169287194849975,0.0,0.0,0.0,0.0,0.2829572098120069,0.0,0.0,0.0,0.0,0.0,0.0,0.0,0.0,0.2566599256052507,0.0,0.0,0.0,0.0,0.0,0.0,0.0,0.0,0.0,0.0,0.0,0.18528922011598592,0.0,0.0,0.0,0.0,0.0,0.0,0.0,0.0,0.0,0.0,0.0,0.0,0.0,0.0,0.0
a01ed94d2c62ec929ec3cfc029fb61e4025be2f556ae559589304d5c7208d15f,0.0,0.22780715285592948,0.0,0.0,0.0,0.0,0.0,0.0,0.0,0.0,0.0,0.28602077554752453,0.10651086026550836,0.0,0.0,0.0,0.0,0.0,0.0,0.0,0.0,0.0,0.34936509197492605,0.0,0.3796778206020666,0.0,0.0,0.0,0.0,0.0,0.0,0.0,0.0,0.0,0.0,0.0,0.0,0.0,0.0,0.0,0.0,0.0,0.0,0.0,0.20660695423373507,0.0,0.0,0.2224859866920791,0.0,0.0,0.0,0.0,0.0,0.0,0.0,0.0,0.32785786874229733,0.0,0.0,0.0,0.0,0.0,0.0,0.0,0.0,0.0,0.0,0.0,0.0,0.0,0.0,0.0,0.0,0.0,0.0,0.10125621183799598,0.0,0.0,0.0,0.09263887766683164,0.0,0.0,0.0,0.0,0.0,0.0,0.0,0.0,0.0,0.0,0.0,0.0,0.0,0.0,0.0,0.0,0.0,0.0,0.0,0.1300619611356758,0.0,0.0,0.14267164352259354,0.0,0.0,0.0,0.17038123301143154,0.0,0.0,0.0,0.0,0.0,0.0,0.0,0.0,0.0,0.13310692267689114,0.1231024850284667,0.0,0.11985152120644901,0.14306512015493555,0.0,0.0,0.0,0.0,0.0,0.19351686987254532,0.0,0.0,0.0,0.0,0.0,0.0,0.0,0.0,0.0,0.0,0.0,0.0,0.0,0.0,0.0,0.20614688885835816,0.0,0.0,0.1101040144826133,0.0,0.0,0.0,0.0,0.0,0.0,0.0,0.0,0.0,0.3796778206020666,0.0,0.0,0.0,0.0,0.0
594e042df2d0e8b8cbe05a7d2126fbc40423f30dfbef755ab2f79d248708ae76,0.0,0.0,0.0,0.0,0.0,0.0,0.0,0.0,0.0,0.0,0.0,0.0,0.0,0.0,0.0,0.0,0.0,0.0,0.0,0.48176345010090954,0.41834739581162783,0.0,0.0,0.0,0.0,0.0,0.0,0.0,0.0,0.0,0.0,0.0,0.0,0.0,0.0,0.0,0.0,0.0,0.0,0.0,0.0,0.0,0.2713834037555566,0.0,0.0,0.0,0.0,0.3095048331055717,0.0,0.0,0.0,0.0,0.0,0.0,0.0,0.0,0.0,0.0,0.0,0.0,0.0,0.0,0.0,0.0,0.0,0.0,0.0,0.0,0.0,0.0,0.0,0.0,0.0,0.0,0.0,0.14085959934723877,0.0,0.0,0.0,0.1288718485045197,0.0,0.0,0.0,0.0,0.0,0.0,0.0,0.0,0.0,0.0,0.0,0.0,0.0,0.0,0.0,0.0,0.0,0.0,0.0,0.18093186979184175,0.0,0.0,0.1984734583687379,0.0,0.0,0.0,0.0,0.0,0.0,0.0,0.0,0.0,0.0,0.0,0.0,0.0,0.0,0.0,0.0,0.0,0.1990208318066547,0.0,0.0,0.0,0.0,0.0,0.0,0.0,0.41177674498836486,0.0,0.0,0.0,0.0,0.0,0.0,0.0,0.0,0.0,0.0,0.0,0.0,0.0,0.2867751779784812,0.0,0.0,0.15316795962461355,0.0,0.0,0.0,0.0,0.0,0.0,0.0,0.0,0.0,0.0,0.0,0.0,0.0,0.0,0.0
612a1156a16e174cb3f2d69f6ebee02301bb4810ef68a5e07001b3e18f201c26,0.0,0.0,0.0,0.0,0.0,0.0,0.0,0.0,0.0,0.0,0.22238059804102178,0.0,0.1447862688016783,0.0,0.0,0.0,0.0,0.0,0.0,0.0,0.0,0.21167322544485645,0.0,0.0,0.0,0.0,0.0,0.0,0.0,0.0,0.0,0.0,0.0,0.0,0.23676063904593928,0.0,0.0,0.0,0.0,0.0,0.0,0.0,0.0,0.0,0.0,0.0,0.0,0.0,0.0,0.0,0.0,0.0,0.0,0.0,0.0,0.0,0.0,0.0,0.0,0.0,0.0,0.0,0.0,0.0,0.0,0.0,0.0,0.0,0.0,0.0,0.0,0.0,0.0,0.0,0.0,0.1376433264032448,0.0,0.0,0.0,0.12592929406372644,0.0,0.0,0.0,0.0,0.0,0.0,0.0,0.0,0.0,0.0,0.0,0.0,0.0,0.0,0.0,0.0,0.0,0.0,0.0,0.17680061938211136,0.0,0.0,0.19394167766504106,0.0,0.3298796429852561,0.0,0.0,0.0,0.0,0.0,0.0,0.0,0.0,0.0,0.0,0.0,0.18093980874832424,0.0,0.183795998027414,0.16292098779814648,0.0,0.0,0.0,0.0,0.2285636952948473,0.0,0.0,0.0,0.0,0.0,0.0,0.0,0.0,0.0,0.0,0.0,0.0,0.0,0.0,0.0,0.0,0.0,0.0,0.0,0.0,0.0,0.0,0.0,0.0,0.0,0.0,0.0,0.6862372566720306,0.0,0.0,0.0,0.0,0.0,0.0,0.0,0.0
708e198608b5b463224c3fb77fcf708b845d0c7b5dbc6e9cab9e185c489be089,0.3741746900129532,0.0,0.0,0.0,0.0,0.0,0.0,0.0,0.0,0.0,0.15257840944821888,0.0,0.09933986507054564,0.0,0.0,0.0,0.0,0.0,0.0,0.0,0.0,0.14523193275697896,0.0,0.0,0.0,0.0,0.0,0.0,0.0,0.0,0.0,0.0,0.0,0.0,0.0,0.0,0.0,0.0,0.0,0.0,0.0,0.0,0.0,0.17199497821767043,0.0,0.0,0.0,0.0,0.24455918447854627,0.0,0.0,0.0,0.2851825268680068,0.0,0.0,0.0,0.0,0.0,0.0,0.0,0.0,0.0,0.0,0.0,0.0,0.0,0.0,0.0,0.33855633227377335,0.0,0.0,0.31509511980576593,0.0,0.0,0.0,0.09443899332393677,0.20139541399844146,0.16051923101603544,0.0,0.08640183343528941,0.0,0.0,0.0,0.0,0.0,0.0,0.0,0.0,0.0,0.0,0.0,0.0,0.0,0.0,0.0,0.0,0.0,0.0,0.0,0.0,0.0,0.0,0.0,0.0,0.22633499360745493,0.0,0.0,0.0,0.0,0.0,0.0,0.0,0.0,0.0,0.0,0.0,0.12414530974321585,0.11481443509227653,0.12610498078073226,0.11178234703455718,0.1334330574090295,0.0,0.0,0.0,0.15682071814224585,0.0,0.0,0.0,0.0,0.0,0.0,0.0,0.0,0.14224622118125957,0.0,0.0,0.0,0.0,0.0,0.0,0.0,0.0,0.0,0.0,0.0,0.0,0.21246971220024619,0.0,0.0,0.0,0.0,0.0,0.0,0.0,0.0,0.0,0.34988829586550596,0.0,0.0,0.0,0.0
840ebbcc1ed66f3b4095e6128181d4ed680b44d3cc467bd5192b09fcf27adcdf,0.0,0.0,0.0,0.0,0.0,0.0,0.0,0.0,0.0,0.0,0.0,0.0,0.0,0.0,0.0,0.0,0.0,0.0,0.0,0.0,0.0,0.0,0.0,0.0,0.0,0.0,0.0,0.0,0.0,0.0,0.0,0.0,0.0,0.0,0.7735913779102157,0.0,0.0,0.0,0.0,0.0,0.0,0.0,0.0,0.0,0.0,0.0,0.0,0.0,0.0,0.0,0.0,0.0,0.0,0.0,0.0,0.0,0.0,0.0,0.0,0.0,0.0,0.0,0.0,0.0,0.0,0.0,0.0,0.0,0.0,0.0,0.0,0.0,0.0,0.0,0.0,0.0,0.0,0.0,0.0,0.0,0.0,0.0,0.0,0.0,0.0,0.0,0.0,0.0,0.0,0.0,0.0,0.0,0.0,0.0,0.0,0.0,0.0,0.0,0.0,0.0,0.0,0.0,0.6336847639189173,0.0,0.0,0.0,0.0,0.0,0.0,0.0,0.0,0.0,0.0,0.0,0.0,0.0,0.0,0.0,0.0,0.0,0.0,0.0,0.0,0.0,0.0,0.0,0.0,0.0,0.0,0.0,0.0,0.0,0.0,0.0,0.0,0.0,0.0,0.0,0.0,0.0,0.0,0.0,0.0,0.0,0.0,0.0,0.0,0.0,0.0,0.0,0.0,0.0,0.0,0.0,0.0,0.0,0.0,0.0,0.0,0.0,0.0
0b58a2bed7d9d44e29ad6988250456c49863a23adeb9b5ab59763352187104b3,0.0,0.0,0.0,0.0,0.0,0.0,0.0,0.0,0.0,0.0,0.2214247369201471,0.0,0.14416393229209437,0.0,0.0,0.0,0.0,0.0,0.0,0.0,0.0,0.21076338794862146,0.0,0.0,0.0,0.0,0.3026946686225246,0.0,0.0,0.0,0.0,0.0,0.0,0.0,0.0,0.0,0.0,0.0,0.0,0.0,0.0,0.0,0.2640470011967211,0.0,0.2796453890897119,0.0,0.0,0.0,0.0,0.0,0.0,0.0,0.0,0.0,0.0,0.0,0.0,0.0,0.2784037879242516,0.0,0.0,0.0,0.0,0.0,0.0,0.0,0.0,0.0,0.0,0.0,0.0,0.0,0.0,0.0,0.0,0.13705169248636662,0.0,0.23294861066442238,0.0,0.12538801070881567,0.0,0.0,0.0,0.0,0.0,0.0,0.0,0.0,0.0,0.0,0.0,0.0,0.0,0.0,0.0,0.0,0.0,0.0,0.0,0.0,0.0,0.0,0.0,0.0,0.3284617174644359,0.0,0.0,0.0,0.0,0.0,0.0,0.0,0.0,0.0,0.0,0.0,0.0,0.0,0.0,0.16222070261417543,0.0,0.0,0.0,0.0,0.22758125729485823,0.0,0.26192777765703557,0.0,0.4006450400874909,0.0,0.0,0.0,0.0,0.20643046560027656,0.0,0.0,0.0,0.0,0.0,0.0,0.0,0.0,0.0,0.0,0.0,0.1490273165514882,0.0,0.0,0.0,0.0,0.0,0.0,0.0,0.0,0.0,0.0,0.0,0.0,0.0,0.0,0.0
860bda507891cdc32d478e52513a19e20f50bb104275c46fd1ce797d83acf908,0.0,0.0,0.0,0.0,0.0,0.0,0.0,0.0,0.0,0.0,0.24314440307850166,0.0,0.158305046446784,0.0,0.0,0.0,0.0,0.0,0.0,0.0,0.0,0.2314372769111663,0.0,0.0,0.0,0.0,0.0,0.0,0.0,0.0,0.0,0.0,0.0,0.0,0.0,0.0,0.0,0.0,0.0,0.0,0.0,0.0,0.0,0.27408606802542307,0.0,0.0,0.0,0.0,0.38972222310117577,0.3854752757702817,0.0,0.0,0.0,0.0,0.0,0.0,0.0,0.0,0.0,0.0,0.0,0.0,0.0,0.0,0.0,0.0,0.0,0.0,0.0,0.0,0.0,0.0,0.0,0.0,0.0,0.15049516338598362,0.3209377257010749,0.2557986595164999,0.0,0.13768738507292658,0.0,0.0,0.0,0.0,0.0,0.0,0.0,0.0,0.0,0.0,0.0,0.0,0.0,0.0,0.0,0.0,0.0,0.0,0.0,0.19330859545419055,0.0,0.0,0.0,0.0,0.0,0.0,0.0,0.0,0.0,0.0,0.0,0.0,0.0,0.0,0.0,0.0,0.19783426332513968,0.0,0.0,0.0,0.0,0.0,0.0,0.0,0.24990481969848216,0.0,0.0,0.0,0.0,0.0,0.0,0.0,0.0,0.22667933598447682,0.0,0.0,0.0,0.0,0.0,0.0,0.0,0.0,0.0,0.24391872627151726,0.0,0.16364548256579875,0.0,0.0,0.0,0.0,0.0,0.0,0.0,0.0,0.0,0.0,0.0,0.0,0.0,0.0,0.0
890fd59af3370e2ce12e0d11916d1ad4ee9b9c267c434347dbed11e9572e8645,0.0,0.0,0.0,0.0,0.0,0.0,0.0,0.0,0.0,0.0,0.23136500457644005,0.0,0.15063578405219788,0.0,0.0,0.0,0.0,0.0,0.0,0.0,0.0,0.2202250430351168,0.0,0.0,0.0,0.0,0.3162833311454743,0.0,0.0,0.0,0.0,0.0,0.0,0.0,0.2463260141349196,0.0,0.0,0.0,0.0,0.0,0.0,0.0,0.0,0.0,0.2921993162392444,0.0,0.0,0.0,0.0,0.0,0.0,0.0,0.0,0.0,0.0,0.0,0.0,0.0,0.29090197673091095,0.0,0.0,0.0,0.0,0.0,0.0,0.0,0.0,0.0,0.0,0.0,0.0,0.0,0.0,0.0,0.0,0.14320425938115638,0.0,0.2434062116189219,0.0,0.13101696800000232,0.0,0.0,0.0,0.0,0.0,0.0,0.0,0.0,0.0,0.0,0.0,0.0,0.0,0.0,0.0,0.0,0.0,0.0,0.0,0.18394354756125775,0.0,0.0,0.0,0.0,0.3432071222997576,0.0,0.0,0.0,0.0,0.0,0.0,0.0,0.0,0.0,0.0,0.0,0.1882499644658473,0.0,0.0,0.169503164482735,0.0,0.0,0.0,0.0,0.23779790536468248,0.0,0.2736863203236929,0.0,0.0,0.0,0.0,0.0,0.0,0.2156976057988892,0.0,0.0,0.0,0.0,0.0,0.0,0.0,0.0,0.0,0.23210181482922573,0.0,0.0,0.0,0.0,0.0,0.0,0.0,0.0,0.0,0.0,0.0,0.0,0.0,0.0,0.0,0.0,0.0
d9b6982e6ebb44f281207474f885164df5748889ee12d2f21ceaf13ce1315f52,0.0,0.3834200362953774,0.0,0.0,0.0,0.0,0.0,0.0,0.0,0.0,0.0,0.0,0.17926740840609265,0.0,0.0,0.0,0.0,0.3508840612736468,0.0,0.0,0.0,0.0,0.0,0.0,0.0,0.0,0.0,0.0,0.0,0.0,0.0,0.0,0.0,0.0,0.2931456589469339,0.0,0.0,0.0,0.0,0.0,0.0,0.0,0.0,0.0,0.0,0.0,0.0,0.0,0.0,0.0,0.0,0.0,0.0,0.0,0.0,0.0,0.0,0.0,0.0,0.0,0.0,0.0,0.0,0.0,0.0,0.0,0.0,0.0,0.0,0.0,0.0,0.0,0.0,0.0,0.0,0.17042335998382727,0.0,0.0,0.0,0.15591960740514163,0.0,0.0,0.0,0.0,0.0,0.0,0.0,0.0,0.0,0.0,0.0,0.0,0.0,0.0,0.0,0.0,0.0,0.0,0.0,0.2189060406317737,0.0,0.0,0.2401292762407224,0.0,0.0,0.0,0.0,0.0,0.0,0.0,0.0,0.0,0.0,0.0,0.0,0.0,0.22403098622726678,0.20719261307618464,0.0,0.0,0.2407915329906207,0.0,0.0,0.0,0.0,0.0,0.0,0.0,0.0,0.0,0.0,0.0,0.0,0.0,0.0,0.0,0.0,0.0,0.0,0.0,0.0,0.0,0.0,0.2762178395564238,0.0,0.0,0.0,0.0,0.0,0.0,0.0,0.0,0.0,0.0,0.0,0.0,0.0,0.4748323722623383,0.0,0.0,0.0
892ec6b7d5d18610afae6178542d991ee4b6b47adc7b61a02f78cc270f0cb84a,0.37337150250288653,0.0,0.0,0.0,0.0,0.0,0.0,0.0,0.0,0.0,0.15225089110973797,0.0,0.09912662633204729,0.0,0.0,0.0,0.0,0.19402273696595626,0.0,0.0,0.0,0.14492018405358803,0.0,0.0,0.0,0.0,0.0,0.0,0.0,0.0,0.0,0.0,0.0,0.0,0.0,0.0,0.0,0.0,0.0,0.0,0.0,0.0,0.0,0.1716257810966844,0.0,0.0,0.0,0.2070613758255829,0.2440342241119366,0.0,0.0,0.0,0.0,0.0,0.0,0.0,0.0,0.0,0.0,0.0,0.0,0.0,0.0,0.0,0.0,0.0,0.0,0.0,0.0,0.0,0.3413984538852822,0.0,0.0,0.0,0.0,0.0942362745887427,0.20096310714972687,0.1601746672469758,0.0,0.0862163669264251,0.0,0.0,0.0,0.0,0.0,0.0,0.0,0.0,0.0,0.0,0.0,0.0,0.0,0.0,0.0,0.0,0.0,0.0,0.0,0.12104496564360613,0.0,0.0,0.0,0.0,0.22584915251555684,0.0,0.0,0.0,0.0,0.0,0.0,0.0,0.0,0.0,0.0,0.0,0.1238788246898958,0.11456797929849132,0.0,0.0,0.13314663567073065,0.0,0.0,0.0,0.15648409344396075,0.0,0.0,0.0,0.0,0.0,0.0,0.0,0.0,0.14194088147962713,0.0,0.0,0.0,0.0,0.0,0.0,0.0,0.0,0.0,0.15273575275841633,0.0,0.10247067270013134,0.21201363373299126,0.0,0.0,0.0,0.0,0.2845703661586288,0.0,0.0,0.0,0.0,0.3491372404984314,0.0,0.0,0.0,0.0
917e115cc403e29b4388e0d175cbfac3e7e40ca1742299fbdb353847db2de7c2,0.0,0.0,0.0,0.0,0.0,0.0,0.0,0.0,0.0,0.0,0.0,0.0,0.0,0.0,0.0,0.0,0.0,0.0,0.0,0.0,0.0,0.0,0.0,0.0,0.0,0.0,0.42085450575193317,0.0,0.0,0.0,0.0,0.0,0.0,0.0,0.0,0.0,0.0,0.0,0.0,0.0,0.0,0.0,0.0,0.0,0.38880771355085575,0.0,0.0,0.0,0.0,0.0,0.0,0.0,0.0,0.0,0.0,0.0,0.0,0.0,0.38708144117477217,0.0,0.0,0.0,0.0,0.0,0.0,0.0,0.0,0.0,0.0,0.0,0.0,0.0,0.0,0.0,0.0,0.0,0.0,0.3238823889859541,0.0,0.17433445231862896,0.0,0.0,0.0,0.0,0.0,0.0,0.0,0.0,0.0,0.0,0.0,0.0,0.0,0.0,0.0,0.0,0.0,0.0,0.0,0.244759881953893,0.0,0.0,0.0,0.0,0.0,0.0,0.0,0.0,0.0,0.0,0.0,0.0,0.0,0.0,0.0,0.0,0.0,0.0,0.0,0.22554514730009295,0.0,0.0,0.0,0.0,0.0,0.0,0.0,0.0,0.0,0.0,0.0,0.0,0.0,0.28701262552029294,0.0,0.0,0.0,0.0,0.0,0.0,0.0,0.0,0.38794192968918645,0.0,0.0,0.20720159339518118,0.0,0.0,0.0,0.0,0.0,0.0,0.0,0.0,0.0,0.0,0.0,0.0,0.0,0.0,0.0
973e8ee15e00b702b03fa42e45cce60344dbe7dbc7d3213a81a53623c303ff5c,0.0,0.0,0.0,0.0,0.0,0.0,0.0,0.0,0.0,0.0,0.0,0.0,0.1761744093452708,0.0,0.0,0.0,0.0,0.0,0.0,0.0,0.0,0.0,0.0,0.0,0.0,0.0,0.0,0.0,0.0,0.0,0.0,0.0,0.0,0.0,0.2880878558812872,0.0,0.0,0.0,0.0,0.0,0.0,0.0,0.0,0.0,0.0,0.0,0.0,0.0,0.0,0.0,0.0,0.0,0.0,0.0,0.0,0.0,0.0,0.0,0.0,0.0,0.0,0.0,0.0,0.0,0.0,0.0,0.0,0.0,0.0,0.0,0.0,0.0,0.6134417740250162,0.0,0.0,0.1674829521480761,0.3571649516619061,0.2846730332553268,0.0,0.1532294407788949,0.0,0.0,0.0,0.0,0.0,0.0,0.0,0.0,0.0,0.0,0.0,0.0,0.0,0.0,0.0,0.0,0.0,0.0,0.0,0.0,0.0,0.0,0.0,0.0,0.0,0.0,0.0,0.0,0.0,0.0,0.0,0.0,0.0,0.0,0.0,0.0,0.22016565657165948,0.0,0.2236410376515544,0.0,0.0,0.0,0.0,0.0,0.27811390092176624,0.0,0.0,0.0,0.0,0.0,0.0,0.0,0.0,0.0,0.0,0.0,0.0,0.0,0.0,0.0,0.0,0.0,0.0,0.27145210145641774,0.0,0.0,0.0,0.0,0.0,0.0,0.0,0.0,0.0,0.0,0.0,0.0,0.0,0.0,0.0,0.0,0.0
987bb2748cb98b169046adc19157f2225896231e547d55298efaea4cc19331ab,0.2966977745650917,0.0,0.0,0.0,0.0,0.0,0.0,0.0,0.0,0.0,0.12098539997026724,0.0,0.07877047186437716,0.0,0.0,0.0,0.0,0.0,0.0,0.0,0.0,0.11516009071402186,0.0,0.0,0.0,0.0,0.0,0.0,0.0,0.0,0.0,0.0,0.0,0.0,0.0,0.0,0.0,0.0,0.0,0.0,0.0,0.0,0.0,0.13638155822829082,0.0,0.0,0.0,0.0,0.1939205609597124,0.19180733682222328,0.0,0.0,0.0,0.0,0.0,0.0,0.0,0.0,0.0,0.0,0.0,0.0,0.0,0.0,0.0,0.0,0.2966977745650917,0.0,0.2684545829304247,0.3451018290386261,0.0,0.24985126818560424,0.0,0.0,0.0,0.07488437860510981,0.15969431587926042,0.12728198856985448,0.0,0.06851139957570795,0.0,0.0,0.0,0.0,0.0,0.0,0.0,0.0,0.0,0.0,0.0,0.0,0.0,0.0,0.0,0.0,0.0,0.0,0.0,0.09618776925399729,0.0,0.0,0.0,0.0,0.0,0.0,0.0,0.0,0.0,0.0,0.0,0.0,0.0,0.0,0.0,0.0,0.09843968100095447,0.09104086483948806,0.0,0.0,0.10580430008588948,0.0,0.0,0.0,0.12434929277790843,0.3957629030517148,0.0,0.0,0.21891050248179578,0.0,0.0,0.0,0.0,0.11279260300399394,0.0,0.0,0.0,0.0,0.0,0.0,0.0,0.0,0.0,0.12137069282515972,0.0,0.0,0.168475560894074,0.0,0.0,0.0,0.0,0.0,0.0,0.0,0.0,0.0,0.27744014093009406,0.0,0.0,0.0,0.0
1273d769ad266f4fc8772da8dc6402a318f05f8c3a84abe3e5542e83dce1497c,0.0,0.0,0.0,0.0,0.0,0.0,0.0,0.0,0.0,0.0,0.0,0.0,0.0,0.0,0.0,0.0,0.0,0.0,0.0,0.48176345010090954,0.41834739581162783,0.0,0.0,0.0,0.0,0.0,0.0,0.0,0.0,0.0,0.0,0.0,0.0,0.0,0.0,0.0,0.0,0.0,0.0,0.0,0.0,0.0,0.2713834037555566,0.0,0.0,0.0,0.0,0.3095048331055717,0.0,0.0,0.0,0.0,0.0,0.0,0.0,0.0,0.0,0.0,0.0,0.0,0.0,0.0,0.0,0.0,0.0,0.0,0.0,0.0,0.0,0.0,0.0,0.0,0.0,0.0,0.0,0.14085959934723877,0.0,0.0,0.0,0.1288718485045197,0.0,0.0,0.0,0.0,0.0,0.0,0.0,0.0,0.0,0.0,0.0,0.0,0.0,0.0,0.0,0.0,0.0,0.0,0.0,0.18093186979184175,0.0,0.0,0.1984734583687379,0.0,0.0,0.0,0.0,0.0,0.0,0.0,0.0,0.0,0.0,0.0,0.0,0.0,0.0,0.0,0.0,0.0,0.1990208318066547,0.0,0.0,0.0,0.0,0.0,0.0,0.0,0.41177674498836486,0.0,0.0,0.0,0.0,0.0,0.0,0.0,0.0,0.0,0.0,0.0,0.0,0.0,0.2867751779784812,0.0,0.0,0.15316795962461355,0.0,0.0,0.0,0.0,0.0,0.0,0.0,0.0,0.0,0.0,0.0,0.0,0.0,0.0,0.0
0cb6db3b13d90d34c76a8978afe08abae24991fa0d11cecd642c7714f9b376a8,0.0,0.0,0.0,0.0,0.0,0.4902007282952232,0.0,0.0,0.0,0.0,0.0,0.0,0.0,0.0,0.0,0.0,0.0,0.0,0.0,0.5735165887334367,0.0,0.0,0.0,0.0,0.0,0.0,0.0,0.0,0.0,0.0,0.0,0.0,0.0,0.0,0.0,0.0,0.0,0.0,0.0,0.0,0.0,0.0,0.3230690994266065,0.0,0.0,0.0,0.0,0.0,0.0,0.0,0.0,0.0,0.0,0.0,0.0,0.0,0.0,0.0,0.0,0.0,0.0,0.0,0.0,0.0,0.0,0.0,0.0,0.0,0.0,0.0,0.0,0.0,0.0,0.0,0.0,0.16768668708899734,0.0,0.0,0.0,0.15341583701005806,0.0,0.0,0.0,0.0,0.0,0.0,0.0,0.0,0.0,0.0,0.0,0.0,0.0,0.0,0.0,0.0,0.0,0.0,0.0,0.0,0.0,0.0,0.23627325977909716,0.0,0.0,0.0,0.0,0.0,0.0,0.0,0.0,0.0,0.0,0.0,0.0,0.0,0.22043347748393272,0.20386549636948204,0.0,0.19848169479064628,0.23692488195344763,0.0,0.0,0.0,0.0,0.0,0.0,0.0,0.0,0.0,0.0,0.0,0.0,0.0,0.0,0.0,0.0,0.0,0.0,0.0,0.0,0.0,0.0,0.0,0.0,0.18233920752761412,0.0,0.0,0.0,0.0,0.0,0.0,0.0,0.0,0.0,0.0,0.0,0.0,0.0,0.0,0.0
bb12e133c27f52db87c0f8096ed9b3c35fa0fe4d789c712b76edc3a1bb35e409,0.0,0.0,0.0,0.0,0.0,0.39626923065842923,0.0,0.0,0.0,0.0,0.0,0.0,0.14258938666907456,0.0,0.0,0.0,0.0,0.0,0.0,0.0,0.0,0.0,0.0,0.0,0.0,0.0,0.0,0.0,0.0,0.0,0.0,0.0,0.0,0.0,0.0,0.0,0.0,0.0,0.0,0.0,0.0,0.0,0.0,0.0,0.0,0.0,0.0,0.0,0.0,0.0,0.0,0.0,0.0,0.0,0.0,0.0,0.0,0.0,0.0,0.0,0.0,0.0,0.0,0.0,0.0,0.0,0.0,0.0,0.0,0.0,0.0,0.0,0.0,0.0,0.0,0.1355548261127813,0.0,0.0,0.0,0.12401853402833284,0.0,0.0,0.0,0.0,0.0,0.0,0.0,0.0,0.0,0.0,0.0,0.0,0.0,0.0,0.0,0.0,0.0,0.0,0.0,0.17411797464674728,0.0,0.0,0.1909989469077955,0.0,0.0,0.0,0.0,0.0,0.0,0.0,0.0,0.0,0.0,0.41410903480311917,0.0,0.0,0.0,0.0,0.0,0.16044894255461473,0.0,0.0,0.0,0.0,0.0,0.0,0.2590670258080809,0.0,0.0,0.0,0.0,0.0,0.0,0.0,0.0,0.0,0.0,0.0,0.0,0.0,0.0,0.0,0.0,0.0,0.0,0.1473996534789306,0.0,0.0,0.0,0.0,0.6246992937368334,0.0,0.0,0.0,0.21392485593829774,0.0,0.0,0.0,0.0,0.0,0.0
2026f682ca7fd084053865abf7f6a09d28296d469631ee635139cfe941e984cc,0.0,0.0,0.0,0.0,0.0,0.0,0.0,0.0,0.0,0.0,0.2605665487032785,0.0,0.16964815588057375,0.0,0.0,0.0,0.0,0.0,0.0,0.0,0.0,0.24802056606072703,0.0,0.0,0.0,0.0,0.3562027721514134,0.0,0.0,0.0,0.0,0.0,0.0,0.0,0.0,0.0,0.0,0.0,0.0,0.0,0.0,0.0,0.0,0.0,0.3290790130741788,0.0,0.0,0.0,0.0,0.0,0.0,0.0,0.0,0.0,0.0,0.0,0.0,0.0,0.3276179309247772,0.0,0.0,0.0,0.0,0.0,0.3276179309247772,0.0,0.0,0.0,0.0,0.0,0.0,0.0,0.0,0.0,0.0,0.16127866742365898,0.0,0.0,0.0,0.1475531670652876,0.0,0.0,0.0,0.0,0.0,0.0,0.0,0.0,0.0,0.0,0.0,0.0,0.0,0.0,0.0,0.0,0.0,0.0,0.0,0.0,0.0,0.0,0.0,0.0,0.0,0.0,0.0,0.0,0.0,0.0,0.0,0.0,0.0,0.0,0.0,0.0,0.0,0.19607493092568945,0.0,0.19089686724406166,0.0,0.0,0.0,0.0,0.2678113727837895,0.0,0.0,0.0,0.0,0.0,0.0,0.0,0.0,0.24292170205026783,0.0,0.0,0.0,0.0,0.0,0.0,0.0,0.0,0.32834623106187844,0.0,0.0,0.17537125289816266,0.0,0.0,0.0,0.0,0.0,0.0,0.0,0.0,0.0,0.0,0.0,0.0,0.0,0.0,0.0
2277b1869ee1c07aaadc672a9f9ac2f7e732a6c49d83d7185e207b767e0c3ea8,0.0,0.0,0.0,0.0,0.0,0.0,0.0,0.0,0.0,0.0,0.2570179331376407,0.0,0.16733774385863345,0.0,0.0,0.0,0.0,0.0,0.0,0.0,0.0,0.24464281229416954,0.0,0.0,0.0,0.0,0.3513517016357608,0.0,0.0,0.0,0.0,0.0,0.0,0.0,0.0,0.0,0.0,0.0,0.0,0.0,0.0,0.0,0.0,0.0,0.32459733684240144,0.0,0.0,0.0,0.0,0.0,0.0,0.0,0.0,0.0,0.0,0.0,0.0,0.0,0.323156152945035,0.0,0.0,0.0,0.0,0.0,0.0,0.0,0.0,0.0,0.0,0.0,0.0,0.0,0.0,0.0,0.0,0.15908223817181116,0.0,0.270394226377004,0.0,0.1455436632820399,0.0,0.0,0.0,0.0,0.0,0.0,0.0,0.0,0.0,0.0,0.0,0.0,0.0,0.0,0.0,0.0,0.0,0.0,0.0,0.20433855368381837,0.0,0.0,0.0,0.0,0.0,0.0,0.0,0.0,0.0,0.0,0.0,0.0,0.0,0.0,0.0,0.0,0.0,0.0,0.0,0.18829707230528317,0.0,0.0,0.0,0.0,0.26416409107842526,0.0,0.3040316858049361,0.0,0.0,0.0,0.0,0.0,0.0,0.23961338892482345,0.0,0.0,0.0,0.0,0.0,0.0,0.0,0.0,0.0,0.2578364382898451,0.0,0.1729828989022378,0.0,0.0,0.0,0.0,0.0,0.0,0.0,0.0,0.0,0.0,0.0,0.0,0.0,0.0,0.0
3022b39e282c4983956263cdde6892c555e7e6cece866a3590b974f2cba5a604,0.0,0.0,0.0,0.0,0.0,0.0,0.0,0.0,0.0,0.0,0.2570179331376407,0.0,0.16733774385863345,0.0,0.0,0.0,0.0,0.0,0.0,0.0,0.0,0.24464281229416954,0.0,0.0,0.0,0.0,0.3513517016357608,0.0,0.0,0.0,0.0,0.0,0.0,0.0,0.0,0.0,0.0,0.0,0.0,0.0,0.0,0.0,0.0,0.0,0.32459733684240144,0.0,0.0,0.0,0.0,0.0,0.0,0.0,0.0,0.0,0.0,0.0,0.0,0.0,0.323156152945035,0.0,0.0,0.0,0.0,0.0,0.0,0.0,0.0,0.0,0.0,0.0,0.0,0.0,0.0,0.0,0.0,0.15908223817181116,0.0,0.270394226377004,0.0,0.1455436632820399,0.0,0.0,0.0,0.0,0.0,0.0,0.0,0.0,0.0,0.0,0.0,0.0,0.0,0.0,0.0,0.0,0.0,0.0,0.0,0.20433855368381837,0.0,0.0,0.0,0.0,0.0,0.0,0.0,0.0,0.0,0.0,0.0,0.0,0.0,0.0,0.0,0.0,0.0,0.0,0.0,0.18829707230528317,0.0,0.0,0.0,0.0,0.26416409107842526,0.0,0.3040316858049361,0.0,0.0,0.0,0.0,0.0,0.0,0.23961338892482345,0.0,0.0,0.0,0.0,0.0,0.0,0.0,0.0,0.0,0.2578364382898451,0.0,0.1729828989022378,0.0,0.0,0.0,0.0,0.0,0.0,0.0,0.0,0.0,0.0,0.0,0.0,0.0,0.0,0.0
0ba6e305edc2ba967fee018f839a0bfb52e6f5479d5190e8ff3263def3ca25f3,0.0,0.0,0.0,0.0,0.0,0.0,0.0,0.0,0.0,0.0,0.198492057416482,0.0,0.12923305645036332,0.0,0.0,0.0,0.0,0.0,0.0,0.0,0.0,0.18893489085222231,0.0,0.0,0.0,0.0,0.0,0.0,0.0,0.0,0.0,0.0,0.0,0.0,0.0,0.0,0.0,0.0,0.0,0.0,0.0,0.0,0.23669998777548792,0.22375142862735445,0.0,0.0,0.0,0.0,0.0,0.0,0.0,0.0,0.0,0.0,0.0,0.0,0.0,0.0,0.0,0.0,0.0,0.0,0.0,0.0,0.0,0.0,0.0,0.0,0.44043415570671257,0.0,0.44508692866469124,0.4099130331632217,0.0,0.0,0.0,0.12285742231158406,0.0,0.0,0.0,0.11240173328027166,0.0,0.0,0.0,0.0,0.0,0.0,0.0,0.0,0.0,0.0,0.0,0.0,0.0,0.0,0.0,0.0,0.0,0.0,0.0,0.0,0.0,0.0,0.0,0.0,0.0,0.0,0.0,0.0,0.0,0.0,0.0,0.0,0.0,0.0,0.0,0.0,0.161502915377422,0.1493642090318902,0.0,0.1454197099443643,0.1735855170352806,0.0,0.0,0.0,0.20401095477501696,0.0,0.23480024953319156,0.0,0.0,0.0,0.0,0.0,0.0,0.0,0.0,0.0,0.0,0.0,0.0,0.0,0.0,0.0,0.0,0.0,0.0,0.1335927461629095,0.0,0.0,0.0,0.0,0.0,0.0,0.0,0.0,0.0,0.0,0.0,0.0,0.0,0.0,0.0
3610ef9aa2f76e449684abe6a2ffe45b4fc8f5d021044d6a5bf50d7632d84ce1,0.0,0.0,0.0,0.0,0.23774827613545582,0.0,0.0,0.0,0.0,0.0,0.13139648374285576,0.0,0.08554885984828181,0.0,0.0,0.0,0.0,0.0,0.0,0.0,0.0,0.12506989265687796,0.0,0.0,0.0,0.0,0.0,0.0,0.0,0.0,0.0,0.0,0.0,0.0,0.0,0.0,0.0,0.0,0.0,0.0,0.0,0.0,0.15668912147158542,0.0,0.0,0.0,0.0,0.0,0.21060789022320278,0.0,0.0,0.0,0.0,0.429819249840392,0.429819249840392,0.0,0.0,0.0,0.16520863613865677,0.0,0.0,0.0,0.0,0.0,0.0,0.0,0.0,0.0,0.0,0.0,0.0,0.0,0.0,0.0,0.0,0.08132835894577597,0.0,0.0,0.0,0.07440696978943022,0.0,0.3274541084318221,0.0,0.0,0.0,0.0,0.0,0.0,0.17824272538305394,0.0,0.0,0.0,0.0,0.0,0.0,0.0,0.0,0.0,0.0,0.0,0.0,0.0,0.11459297583000443,0.0,0.0,0.0,0.0,0.0,0.0,0.0,0.0,0.0,0.0,0.0,0.0,0.0,0.0,0.0988751495614938,0.1085982683721183,0.09626399565955045,0.11490901381138857,0.0,0.0,0.0,0.13504984759271335,0.0,0.15543154508128273,0.0,0.0,0.0,0.0,0.0,0.0,0.0,0.0,0.0,0.0,0.26924443770691825,0.0,0.0,0.0,0.0,0.0,0.1318149319717872,0.0,0.08843485894514495,0.18297328688855846,0.1979937123253368,0.0,0.0,0.0,0.0,0.0,0.0,0.1283477539685534,0.0,0.0,0.0,0.0,0.0,0.0
4304e038656f1705995b08e0a5b7a4ef7b020d492f14d73a365f36aeaae2cfa8,0.0,0.0,0.0,0.0,0.0,0.7413747509328235,0.0,0.0,0.0,0.0,0.0,0.0,0.2667685574572646,0.0,0.0,0.0,0.0,0.0,0.0,0.0,0.0,0.0,0.0,0.0,0.0,0.0,0.0,0.0,0.0,0.0,0.0,0.0,0.0,0.0,0.0,0.0,0.0,0.0,0.0,0.0,0.0,0.0,0.0,0.0,0.0,0.0,0.0,0.0,0.0,0.0,0.0,0.0,0.0,0.0,0.0,0.0,0.0,0.0,0.0,0.0,0.0,0.0,0.0,0.0,0.0,0.0,0.0,0.0,0.0,0.0,0.0,0.0,0.0,0.0,0.0,0.2536076931335867,0.0,0.0,0.0,0.0,0.0,0.0,0.0,0.0,0.0,0.0,0.0,0.0,0.0,0.0,0.0,0.0,0.0,0.0,0.0,0.0,0.0,0.0,0.0,0.0,0.0,0.0,0.3573373498036098,0.0,0.0,0.0,0.0,0.0,0.0,0.0,0.0,0.0,0.0,0.0,0.0,0.0,0.3333814191489427,0.0,0.0,0.0,0.0,0.0,0.0,0.0,0.0,0.0,0.0,0.0,0.0,0.0,0.0,0.0,0.0,0.0,0.0,0.0,0.0,0.0,0.0,0.0,0.0,0.0,0.0,0.0,0.0,0.27576802065593875,0.0,0.0,0.0,0.0,0.0,0.0,0.0,0.0,0.0,0.0,0.0,0.0,0.0,0.0,0.0
4500eda0f4d1cf716592b3e4d2576df69c3a68b585c6de4b560452454474c831,0.0,0.0,0.0,0.0,0.0,0.0,0.0,0.0,0.0,0.0,0.25120729309438766,0.0,0.16355458607138335,0.0,0.0,0.0,0.0,0.0,0.0,0.0,0.0,0.2391119479530838,0.0,0.0,0.0,0.0,0.0,0.0,0.0,0.0,0.0,0.0,0.0,0.0,0.0,0.0,0.0,0.0,0.0,0.0,0.0,0.0,0.0,0.28317501185219973,0.0,0.0,0.0,0.0,0.0,0.0,0.0,0.0,0.0,0.0,0.0,0.0,0.0,0.0,0.0,0.0,0.0,0.0,0.0,0.0,0.0,0.0,0.0,0.0,0.0,0.0,0.0,0.0,0.0,0.0,0.0,0.15548572017010262,0.3315803131985174,0.26428117620937525,0.0,0.14225322425475437,0.0,0.0,0.0,0.0,0.0,0.0,0.0,0.0,0.34076918408920376,0.0,0.0,0.0,0.0,0.0,0.0,0.0,0.0,0.0,0.0,0.19971888466726087,0.0,0.0,0.0,0.0,0.0,0.0,0.0,0.0,0.0,0.0,0.0,0.0,0.0,0.0,0.0,0.0,0.20439462780965317,0.0,0.20762105845911566,0.18404006776475387,0.0,0.0,0.0,0.0,0.2581918912911527,0.0,0.0,0.0,0.0,0.0,0.0,0.0,0.0,0.2341962293687215,0.0,0.0,0.0,0.0,0.0,0.0,0.0,0.0,0.0,0.2520072935502273,0.0,0.16907211591955368,0.0,0.0,0.0,0.0,0.0,0.0,0.0,0.0,0.2453786504080464,0.0,0.0,0.0,0.0,0.0,0.0
4715d0fa523a32f9162dfba45a7fbc845a0b28fdfa9631d477168fd422fdd271,0.3959720127772057,0.0,0.0,0.0,0.0,0.0,0.0,0.0,0.0,0.0,0.16146677342998356,0.0,0.10512684949278171,0.0,0.0,0.0,0.0,0.0,0.0,0.0,0.0,0.15369233213319144,0.0,0.0,0.0,0.0,0.0,0.0,0.0,0.0,0.0,0.0,0.0,0.0,0.0,0.0,0.0,0.0,0.0,0.0,0.0,0.0,0.0,0.18201444279960502,0.0,0.0,0.0,0.0,0.2588058334938944,0.0,0.0,0.0,0.30179566439650146,0.0,0.0,0.0,0.0,0.0,0.0,0.0,0.0,0.0,0.0,0.0,0.0,0.0,0.0,0.17161330981250245,0.0,0.0,0.3620636069913668,0.0,0.0,0.0,0.0,0.09994048039389779,0.21312758338171084,0.16987018280864602,0.0,0.09143512056314669,0.0,0.0,0.0,0.0,0.0,0.0,0.0,0.0,0.0,0.0,0.0,0.0,0.0,0.0,0.0,0.0,0.0,0.0,0.0,0.12837192544462034,0.0,0.0,0.0,0.0,0.0,0.0,0.0,0.0,0.0,0.0,0.0,0.0,0.0,0.0,0.0,0.0,0.13137732050815373,0.12150288133543378,0.13345115100983654,0.11829416080147331,0.14120612035902474,0.0,0.0,0.0,0.1659562152795591,0.0,0.0,0.0,0.0,0.0,0.0,0.0,0.0,0.15053268971545097,0.0,0.0,0.0,0.0,0.0,0.0,0.0,0.0,0.0,0.0,0.0,0.0,0.2248470082014703,0.0,0.0,0.0,0.0,0.0,0.0,0.0,0.0,0.0,0.37027082926494753,0.0,0.0,0.0,0.0
5251a8e8d7f924572e563bf7ebe78dbcb71c94811aa39c45f548caa1ea8ab870,0.0,0.0,0.0,0.0,0.0,0.0,0.0,0.0,0.0,0.0,0.2446563556095074,0.0,0.15928943972343665,0.0,0.0,0.0,0.0,0.0,0.0,0.0,0.0,0.23287643064929262,0.0,0.0,0.0,0.0,0.3344530313897197,0.0,0.0,0.0,0.0,0.0,0.0,0.0,0.0,0.0,0.0,0.0,0.0,0.0,0.0,0.0,0.0,0.0,0.3089854490032205,0.0,0.0,0.0,0.0,0.0,0.0,0.0,0.0,0.0,0.0,0.0,0.0,0.0,0.3076135805277863,0.0,0.0,0.0,0.0,0.0,0.0,0.0,0.0,0.0,0.0,0.0,0.0,0.0,0.0,0.0,0.0,0.15143099221981493,0.0,0.25738930041049973,0.0,0.138543570893833,0.0,0.0,0.0,0.0,0.0,0.0,0.0,0.0,0.0,0.0,0.0,0.0,0.0,0.0,0.0,0.0,0.0,0.0,0.0,0.0,0.0,0.0,0.0,0.0,0.362923528192196,0.0,0.0,0.0,0.0,0.0,0.0,0.0,0.0,0.0,0.0,0.0,0.0,0.0,0.0,0.17924070480124696,0.0,0.0,0.0,0.0,0.25145881074195137,0.0,0.2894089269600344,0.0,0.0,0.0,0.0,0.0,0.0,0.22808890326807074,0.0,0.0,0.0,0.0,0.0,0.0,0.0,0.0,0.0,0.24543549380092178,0.0,0.16466308444525937,0.0,0.0,0.0,0.0,0.0,0.0,0.0,0.0,0.0,0.0,0.0,0.0,0.0,0.0,0.0
bbb0f1a271db0950dc5d182412a1306042dec012ce98847d278098beda085c0f,0.0,0.0,0.0,0.0,0.0,0.0,0.0,0.0,0.0,0.0,0.19340014147772028,0.0,0.12591784138070555,0.0,0.0,0.0,0.0,0.0,0.0,0.0,0.0,0.1840881448683261,0.0,0.0,0.0,0.0,0.0,0.0,0.0,0.0,0.0,0.0,0.0,0.0,0.0,0.0,0.0,0.0,0.0,0.0,0.0,0.0,0.0,0.21801153414201607,0.0,0.0,0.0,0.0,0.0,0.0,0.0,0.0,0.36148195044570985,0.0,0.0,0.0,0.0,0.0,0.0,0.0,0.0,0.0,0.0,0.0,0.0,0.0,0.0,0.20555336365589746,0.4291357001079958,0.0,0.0,0.3993975357965414,0.0,0.0,0.0,0.1197057613584663,0.2552779367744111,0.203465497514783,0.0,0.10951829207519936,0.0,0.0,0.0,0.0,0.0,0.0,0.0,0.0,0.0,0.0,0.0,0.0,0.0,0.0,0.0,0.0,0.0,0.0,0.0,0.15376010813470964,0.0,0.0,0.0,0.0,0.0,0.0,0.0,0.0,0.0,0.0,0.0,0.0,0.0,0.0,0.0,0.0,0.1573598817484175,0.14553256958722363,0.15984385479071145,0.14168925871869056,0.16913252847526208,0.0,0.0,0.0,0.19877746258484208,0.0,0.0,0.0,0.0,0.0,0.0,0.0,0.0,0.18030361832067082,0.0,0.0,0.0,0.0,0.0,0.0,0.0,0.0,0.0,0.0,0.0,0.0,0.0,0.0,0.0,0.0,0.0,0.0,0.0,0.0,0.0,0.0,0.0,0.0,0.0,0.0,0.0
00d56f9d4e23372133f953d1a0bb58567bc2e9bc34f9e70304116a6382448458,0.0,0.0,0.0,0.0,0.0,0.0,0.0,0.0,0.0,0.0,0.20792951219438274,0.0,0.13537753972054845,0.0,0.0,0.0,0.0,0.0,0.0,0.0,0.0,0.1979179429279242,0.0,0.0,0.0,0.0,0.0,0.0,0.0,0.0,0.0,0.0,0.0,0.0,0.0,0.0,0.0,0.0,0.0,0.0,0.0,0.0,0.0,0.23438985928622272,0.0,0.0,0.0,0.0,0.33327829353561134,0.3296464365993736,0.0,0.0,0.0,0.0,0.0,0.0,0.0,0.0,0.0,0.0,0.0,0.0,0.0,0.0,0.0,0.0,0.0,0.0,0.0,0.0,0.0,0.0,0.0,0.0,0.0,0.12869877124154258,0.2744559360811356,0.2187510377364948,0.0,0.11774595857874016,0.0,0.0,0.0,0.0,0.0,0.0,0.0,0.0,0.2820617560331849,0.0,0.0,0.0,0.0,0.0,0.0,0.0,0.0,0.0,0.0,0.16531148341010296,0.0,0.0,0.0,0.0,0.30844288509435774,0.0,0.0,0.0,0.0,0.0,0.0,0.0,0.0,0.0,0.0,0.0,0.1691816934616024,0.0,0.171852277355915,0.15233379987963958,0.0,0.0,0.0,0.0,0.2137108096958905,0.0,0.0,0.0,0.0,0.0,0.0,0.0,0.0,0.19384910020150198,0.0,0.0,0.0,0.0,0.0,0.0,0.0,0.0,0.0,0.2085916892454109,0.0,0.1399445141730654,0.0,0.0,0.0,0.0,0.0,0.0,0.0,0.0,0.20310502316145115,0.0,0.0,0.0,0.0,0.0,0.0
6241dc2ac2d2b14d6c220040b7e39755bc2e4034e70cbffd21cb8fcc44c151cb,0.0,0.0,0.0,0.0,0.0,0.0,0.0,0.0,0.0,0.0,0.0,0.0,0.0,0.0,0.0,0.0,0.0,0.0,0.0,0.0,0.0,0.0,0.0,0.0,0.0,0.0,0.47362013263255953,0.0,0.0,0.0,0.0,0.0,0.0,0.0,0.0,0.0,0.0,0.0,0.0,0.0,0.0,0.0,0.0,0.0,0.43755539822843553,0.0,0.0,0.0,0.0,0.0,0.0,0.0,0.0,0.0,0.0,0.0,0.0,0.0,0.4356126903791757,0.0,0.0,0.0,0.0,0.0,0.0,0.0,0.0,0.0,0.0,0.0,0.0,0.0,0.0,0.0,0.0,0.0,0.0,0.3644899078716189,0.0,0.19619204570959833,0.0,0.0,0.0,0.0,0.0,0.0,0.0,0.0,0.0,0.0,0.0,0.0,0.0,0.0,0.0,0.0,0.0,0.0,0.0,0.0,0.0,0.0,0.0,0.0,0.0,0.0,0.0,0.0,0.0,0.0,0.0,0.0,0.0,0.0,0.0,0.0,0.0,0.0,0.0,0.2538234024322538,0.0,0.0,0.0,0.0,0.0,0.0,0.0,0.0,0.0,0.0,0.0,0.0,0.0,0.32299751079834055,0.0,0.0,0.0,0.0,0.0,0.0,0.0,0.0,0.0,0.0,0.0,0.23317998216549357,0.0,0.0,0.0,0.0,0.0,0.0,0.0,0.0,0.0,0.0,0.0,0.0,0.0,0.0,0.0
6510c3886e8ddeb0b7b164f915cdb5af33622d9f662b4ef814679e75657daff1,0.0,0.0,0.0,0.0,0.0,0.0,0.0,0.0,0.0,0.0,0.21767647065533904,0.0,0.14172353285195682,0.0,0.0,0.0,0.0,0.0,0.0,0.0,0.0,0.20719559643673915,0.0,0.0,0.0,0.0,0.0,0.0,0.0,0.0,0.0,0.0,0.0,0.0,0.0,0.0,0.0,0.0,0.0,0.0,0.0,0.0,0.0,0.24537717993167524,0.0,0.0,0.0,0.0,0.34890113441446263,0.3450990295979694,0.0,0.0,0.0,0.0,0.0,0.0,0.0,0.0,0.0,0.0,0.0,0.0,0.0,0.0,0.0,0.0,0.0,0.2313552119976279,0.0,0.0,0.0,0.0,0.0,0.0,0.0,0.1347316886664377,0.2873214046724575,0.22900526887283998,0.0,0.12326544907867251,0.0,0.0,0.0,0.0,0.0,0.0,0.0,0.0,0.295283757039515,0.0,0.0,0.0,0.0,0.0,0.0,0.0,0.0,0.0,0.0,0.17306066795304093,0.0,0.0,0.0,0.0,0.0,0.0,0.0,0.0,0.0,0.0,0.0,0.0,0.0,0.0,0.0,0.0,0.17711229898807,0.0,0.17990806987488622,0.15947463911865256,0.0,0.0,0.0,0.0,0.22372877377794861,0.0,0.0,0.0,0.0,0.0,0.0,0.0,0.0,0.20293602156931367,0.0,0.0,0.0,0.0,0.0,0.0,0.0,0.0,0.0,0.21836968809184237,0.0,0.14650458999918678,0.0,0.0,0.0,0.0,0.0,0.0,0.0,0.0,0.0,0.0,0.0,0.0,0.0,0.0,0.0
6660d0e87a142ab1bde4521d9c6f5e148490b05a57c71122e28280b35452e896,0.0,0.0,0.0,0.0,0.0,0.6204608927377608,0.0,0.0,0.0,0.0,0.34291049731626966,0.0,0.2232601759178293,0.0,0.0,0.0,0.0,0.0,0.0,0.0,0.0,0.0,0.0,0.0,0.0,0.0,0.0,0.0,0.0,0.0,0.0,0.0,0.0,0.0,0.3650844956590342,0.0,0.0,0.0,0.0,0.0,0.0,0.0,0.0,0.0,0.0,0.0,0.0,0.0,0.0,0.0,0.0,0.0,0.0,0.0,0.0,0.0,0.0,0.0,0.0,0.0,0.0,0.0,0.0,0.0,0.0,0.0,0.0,0.0,0.0,0.0,0.0,0.0,0.0,0.0,0.0,0.0,0.0,0.0,0.0,0.0,0.0,0.0,0.0,0.0,0.0,0.0,0.0,0.0,0.0,0.0,0.0,0.0,0.0,0.0,0.0,0.0,0.0,0.0,0.0,0.27262624910722066,0.0,0.0,0.0,0.0,0.0,0.0,0.0,0.0,0.0,0.0,0.0,0.0,0.0,0.0,0.0,0.0,0.0,0.0,0.0,0.0,0.0,0.0,0.0,0.0,0.0,0.0,0.0,0.0,0.0,0.0,0.0,0.0,0.0,0.0,0.0,0.0,0.0,0.0,0.0,0.0,0.0,0.0,0.4321098389093982,0.0,0.0,0.23079187963903675,0.0,0.0,0.0,0.0,0.0,0.0,0.0,0.0,0.0,0.0,0.0,0.0,0.0,0.0,0.0
cf10cad3b15bac59bdf48a71791d3affd9f13606e8bcc7311756a1309f866e9a,0.0,0.0,0.0,0.0,0.0,0.0,0.3053406657121851,0.0,0.0,0.0,0.0,0.0,0.1147579492694473,0.0,0.0,0.0,0.29616256370312255,0.22461827088994873,0.0,0.0,0.0,0.0,0.0,0.0,0.0,0.3026099278819335,0.0,0.0,0.0,0.0,0.0,0.0,0.0,0.0,0.0,0.0,0.0,0.0,0.0,0.0,0.0,0.0,0.0,0.0,0.0,0.0,0.0,0.0,0.0,0.2794374098259889,0.0,0.0,0.0,0.0,0.0,0.0,0.0,0.0,0.0,0.0,0.1665238664845045,0.3039637253199717,0.0,0.0,0.0,0.0,0.0,0.0,0.0,0.0,0.0,0.0,0.0,0.0,0.0,0.10909643572829225,0.0,0.0,0.0,0.0,0.0,0.0,0.0,0.0,0.0,0.0,0.0,0.0,0.23910043539367343,0.0,0.0,0.0,0.0,0.0,0.0,0.0,0.0,0.0,0.0,0.1401326015083,0.0,0.0,0.15371864604924673,0.0,0.0,0.0,0.0,0.0,0.0,0.0,0.0,0.0,0.0,0.0,0.2304308874857518,0.26227295344961804,0.14341333308067813,0.13263425623100003,0.14567715565934192,0.12913157171193856,0.15414258940394743,0.0,0.0,0.0,0.0,0.0,0.0,0.0,0.0,0.0,0.0,0.0,0.2937214965473305,0.0,0.0,0.0,0.0,0.0,0.0,0.0,0.0,0.0,0.0,0.1768207233036293,0.0,0.11862931983519004,0.0,0.0,0.0,0.0,0.0,0.0,0.0,0.0,0.0,0.0,0.0,0.0,0.0,0.0,0.0
07667fb2483b4727216ad7f7ce6413f32bea9530ad405fc7a415812ef6f3449a,0.0,0.0,0.0,0.0,0.0,0.0,0.0,0.0,0.0,0.0,0.0,0.0,0.36810692077487056,0.0,0.0,0.0,0.0,0.0,0.0,0.0,0.0,0.0,0.0,0.0,0.0,0.0,0.0,0.0,0.0,0.0,0.0,0.0,0.0,0.0,0.0,0.0,0.0,0.0,0.0,0.0,0.0,0.0,0.0,0.0,0.0,0.0,0.0,0.0,0.0,0.0,0.0,0.0,0.0,0.0,0.0,0.0,0.0,0.0,0.0,0.0,0.0,0.0,0.0,0.0,0.0,0.0,0.0,0.0,0.0,0.0,0.0,0.0,0.0,0.0,0.0,0.0,0.0,0.0,0.0,0.0,0.0,0.0,0.0,0.0,0.0,0.0,0.0,0.0,0.0,0.0,0.0,0.0,0.0,0.0,0.0,0.0,0.0,0.0,0.0,0.0,0.0,0.0,0.4930804168520932,0.0,0.0,0.0,0.0,0.0,0.0,0.0,0.0,0.0,0.0,0.0,0.0,0.0,0.0,0.0,0.0,0.41421291980473207,0.0,0.0,0.0,0.0,0.0,0.0,0.0,0.0,0.0,0.0,0.0,0.0,0.0,0.0,0.0,0.0,0.0,0.0,0.0,0.0,0.0,0.0,0.0,0.0,0.0,0.38052504350367605,0.0,0.0,0.0,0.0,0.0,0.0,0.0,0.0,0.5522656477891535,0.0,0.0,0.0,0.0,0.0,0.0
7767d8ab0cab91977e3ba3fb74784b15699c62acd71f0e3cf80d7528c6b837d4,0.0,0.0,0.0,0.0,0.0,0.0,0.0,0.0,0.0,0.0,0.2330891697762228,0.0,0.15175834352129416,0.0,0.0,0.0,0.0,0.0,0.0,0.0,0.0,0.22186619164364094,0.0,0.0,0.0,0.0,0.0,0.0,0.0,0.0,0.0,0.0,0.0,0.0,0.0,0.0,0.0,0.0,0.0,0.0,0.0,0.0,0.0,0.26275124261301125,0.0,0.0,0.0,0.0,0.3736052661539912,0.3695339512690591,0.0,0.0,0.0,0.0,0.0,0.0,0.0,0.0,0.0,0.0,0.0,0.0,0.0,0.0,0.0,0.0,0.0,0.0,0.0,0.0,0.0,0.0,0.0,0.0,0.0,0.1442714380624685,0.3076653506574052,0.24522010962070742,0.0,0.13199332523786636,0.0,0.0,0.0,0.0,0.0,0.0,0.0,0.0,0.0,0.0,0.0,0.0,0.0,0.0,0.0,0.0,0.0,0.0,0.0,0.18531432126149952,0.0,0.0,0.0,0.0,0.0,0.0,0.0,0.0,0.0,0.0,0.0,0.0,0.0,0.0,0.0,0.0,0.18965283020255,0.0,0.0,0.1707663263770293,0.0,0.0,0.0,0.0,0.23957000946383789,0.0,0.0,0.0,0.0,0.0,0.0,0.0,0.0,0.21730501529573915,0.0,0.0,0.0,0.0,0.0,0.0,0.0,0.0,0.0,0.2338314708446961,0.0,0.15687792598119643,0.0,0.0,0.0,0.0,0.0,0.0,0.0,0.0,0.2276809132405693,0.0,0.0,0.0,0.0,0.0,0.0
0dba4ae0e70438be2e61de3aa90147b489dd87912930fde95e6255e83efbc4c8,0.0,0.0,0.0,0.0,0.0,0.0,0.0,0.0,0.0,0.0,0.0,0.0,0.20839017486249412,0.0,0.0,0.0,0.0,0.0,0.0,0.0,0.0,0.0,0.0,0.0,0.0,0.0,0.4375476856193642,0.0,0.0,0.0,0.0,0.0,0.0,0.0,0.0,0.0,0.0,0.0,0.0,0.0,0.0,0.0,0.0,0.0,0.4042297584795484,0.0,0.0,0.0,0.0,0.0,0.0,0.0,0.0,0.0,0.0,0.0,0.0,0.0,0.4024350135675164,0.0,0.0,0.0,0.0,0.0,0.0,0.0,0.0,0.0,0.0,0.0,0.0,0.0,0.0,0.0,0.0,0.0,0.0,0.3367291730914869,0.0,0.18124942252774046,0.0,0.0,0.0,0.0,0.0,0.0,0.0,0.0,0.0,0.0,0.0,0.0,0.0,0.0,0.0,0.0,0.0,0.0,0.0,0.0,0.0,0.0,0.0,0.0,0.0,0.0,0.0,0.0,0.0,0.0,0.0,0.0,0.0,0.0,0.0,0.0,0.0,0.0,0.0,0.23449138800952696,0.0,0.0,0.0,0.0,0.0,0.0,0.0,0.0,0.0,0.0,0.0,0.0,0.0,0.2983969716934998,0.0,0.0,0.0,0.0,0.0,0.0,0.0,0.0,0.0,0.3210906232041407,0.0,0.21542023765368615,0.0,0.0,0.0,0.0,0.0,0.0,0.0,0.0,0.0,0.0,0.0,0.0,0.0,0.0,0.0
9474ca0fa771bd4dd2202e312ada0090f6890635b9039b5be855cc7cb8eab6ee,0.0,0.0,0.0,0.0,0.0,0.6479398285261596,0.0,0.0,0.0,0.0,0.0,0.0,0.0,0.0,0.0,0.0,0.0,0.0,0.0,0.0,0.0,0.0,0.0,0.0,0.0,0.0,0.0,0.0,0.0,0.0,0.0,0.0,0.0,0.0,0.0,0.0,0.0,0.0,0.0,0.0,0.0,0.0,0.0,0.0,0.0,0.0,0.0,0.0,0.0,0.0,0.0,0.0,0.0,0.0,0.0,0.0,0.0,0.0,0.0,0.0,0.0,0.0,0.0,0.0,0.0,0.0,0.0,0.0,0.0,0.0,0.0,0.0,0.0,0.0,0.0,0.22164569941872825,0.0,0.0,0.0,0.20278270795556247,0.0,0.0,0.0,0.0,0.0,0.0,0.0,0.0,0.48576823688484366,0.0,0.0,0.0,0.0,0.0,0.0,0.0,0.0,0.0,0.0,0.0,0.0,0.0,0.31230238265657184,0.0,0.0,0.0,0.0,0.0,0.0,0.0,0.0,0.0,0.0,0.0,0.0,0.0,0.0,0.0,0.2959648941773106,0.2623500698080993,0.0,0.0,0.0,0.0,0.0,0.0,0.0,0.0,0.0,0.0,0.0,0.0,0.0,0.0,0.0,0.0,0.0,0.0,0.0,0.0,0.0,0.0,0.0,0.0,0.0,0.0,0.0,0.0,0.0,0.0,0.0,0.0,0.0,0.0,0.0,0.0,0.0,0.0,0.0,0.0,0.0
10431b996eebfb109db1ffbf5f789d750cae0942f011591275f086e4cc946498,0.0,0.0,0.0,0.0,0.0,0.0,0.0,0.0,0.0,0.0,0.21497319588662062,0.0,0.13996350040867567,0.0,0.0,0.0,0.0,0.0,0.0,0.0,0.0,0.2046224812702228,0.0,0.0,0.0,0.0,0.0,0.0,0.0,0.0,0.0,0.0,0.0,0.0,0.0,0.0,0.0,0.0,0.0,0.0,0.0,0.0,0.0,0.24232989633078084,0.0,0.0,0.0,0.0,0.344568210278931,0.3408133229406866,0.0,0.0,0.0,0.0,0.0,0.0,0.0,0.0,0.0,0.0,0.0,0.0,0.0,0.0,0.0,0.0,0.0,0.0,0.0,0.0,0.0,0.0,0.0,0.0,0.0,0.13305848635190964,0.2837532252480786,0.22616130432589665,0.0,0.12173464339560568,0.0,0.0,0.0,0.0,0.0,0.0,0.0,0.0,0.29161669496517073,0.0,0.0,0.0,0.0,0.0,0.0,0.0,0.0,0.0,0.0,0.17091146672919455,0.0,0.0,0.0,0.0,0.3188914938406472,0.0,0.0,0.0,0.0,0.0,0.0,0.0,0.0,0.0,0.0,0.0,0.17491278147640352,0.0,0.1776738323180321,0.0,0.0,0.0,0.0,0.0,0.2209503368280595,0.0,0.0,0.0,0.0,0.0,0.0,0.0,0.0,0.20041580509795676,0.0,0.0,0.0,0.0,0.0,0.0,0.0,0.0,0.0,0.2156578044128467,0.0,0.14468518269046887,0.0,0.0,0.0,0.0,0.0,0.0,0.0,0.0,0.0,0.0,0.0,0.0,0.0,0.0,0.0
a196c6b8ffcb97ffb276d04f354696e2391311db3841ae16c8c9f56f36a38e92,0.0,0.0,0.0,0.0,0.0,0.5992847864142845,0.0,0.0,0.0,0.0,0.0,0.0,0.21564038669602542,0.0,0.0,0.0,0.0,0.0,0.0,0.0,0.0,0.0,0.0,0.0,0.0,0.0,0.0,0.0,0.0,0.0,0.0,0.0,0.0,0.0,0.0,0.0,0.0,0.0,0.0,0.0,0.0,0.0,0.0,0.0,0.0,0.0,0.0,0.0,0.0,0.0,0.0,0.0,0.0,0.0,0.0,0.0,0.0,0.0,0.0,0.0,0.0,0.0,0.0,0.0,0.0,0.0,0.0,0.0,0.0,0.0,0.0,0.0,0.0,0.0,0.0,0.0,0.0,0.0,0.0,0.18755536621677688,0.0,0.0,0.0,0.0,0.0,0.0,0.0,0.0,0.0,0.0,0.0,0.0,0.0,0.0,0.0,0.0,0.0,0.0,0.0,0.0,0.0,0.0,0.0,0.0,0.0,0.0,0.0,0.0,0.7073196418071008,0.0,0.0,0.0,0.0,0.0,0.0,0.0,0.0,0.0,0.0,0.2426497008346382,0.0,0.0,0.0,0.0,0.0,0.0,0.0,0.0,0.0,0.0,0.0,0.0,0.0,0.0,0.0,0.0,0.0,0.0,0.0,0.0,0.0,0.0,0.0,0.0,0.0,0.0,0.0,0.0,0.0,0.0,0.0,0.0,0.0,0.0,0.0,0.0,0.0,0.0,0.0,0.0,0.0
a93e5e46ea9844c1b2ea5f332af28b77dc90a6c6b2bfeb8600adb167531413e0,0.0,0.0,0.0,0.0,0.0,0.0,0.0,0.0,0.0,0.0,0.2381088881684277,0.0,0.15502655263146323,0.0,0.0,0.0,0.0,0.0,0.0,0.0,0.0,0.22664421631064394,0.0,0.0,0.0,0.0,0.32550243483505775,0.0,0.0,0.0,0.0,0.0,0.0,0.0,0.0,0.0,0.0,0.0,0.0,0.0,0.0,0.0,0.0,0.0,0.3007164131873475,0.0,0.0,0.3238283442618292,0.0,0.0,0.0,0.0,0.0,0.0,0.0,0.0,0.0,0.0,0.29938125851055536,0.0,0.0,0.0,0.0,0.0,0.0,0.0,0.0,0.0,0.0,0.0,0.0,0.0,0.0,0.0,0.0,0.1473784120664829,0.0,0.0,0.0,0.13483588254321394,0.0,0.0,0.0,0.0,0.0,0.0,0.0,0.0,0.0,0.0,0.0,0.0,0.0,0.0,0.0,0.0,0.0,0.0,0.0,0.0,0.0,0.0,0.0,0.0,0.35321100722162757,0.0,0.0,0.0,0.0,0.0,0.0,0.0,0.0,0.0,0.0,0.0,0.0,0.0,0.0,0.17444388406925065,0.0,0.0,0.0,0.0,0.24472929671807137,0.0,0.0,0.0,0.0,0.0,0.0,0.0,0.0,0.2219848122294432,0.0,0.0,0.0,0.0,0.0,0.0,0.0,0.0,0.3000467880528589,0.2388671751461972,0.0,0.16025638844315807,0.0,0.0,0.0,0.0,0.0,0.0,0.0,0.0,0.0,0.0,0.0,0.0,0.0,0.0,0.0
5c07770e22f6b69b150d3b43f2ef2145020f73738d3ba4610932189a0b62927e,0.0,0.0,0.0,0.0,0.0,0.0,0.0,0.0,0.0,0.0,0.0,0.0,0.0,0.0,0.0,0.0,0.0,0.0,0.0,0.4983902471662581,0.4327855547286649,0.0,0.0,0.0,0.0,0.0,0.0,0.0,0.0,0.0,0.0,0.0,0.0,0.0,0.25065506192825127,0.0,0.0,0.0,0.0,0.0,0.0,0.0,0.0,0.0,0.0,0.0,0.0,0.0,0.0,0.0,0.0,0.0,0.0,0.0,0.0,0.0,0.0,0.0,0.0,0.0,0.0,0.0,0.0,0.0,0.0,0.0,0.0,0.0,0.0,0.0,0.0,0.0,0.0,0.0,0.0,0.14572099755534748,0.0,0.0,0.0,0.13331952105434092,0.0,0.0,0.0,0.0,0.0,0.0,0.0,0.0,0.0,0.0,0.0,0.0,0.0,0.0,0.0,0.0,0.0,0.0,0.0,0.18717625690973727,0.0,0.0,0.20532324723184842,0.5687462114378657,0.0,0.0,0.0,0.0,0.0,0.0,0.0,0.0,0.0,0.0,0.0,0.0,0.19155835678538227,0.0,0.0,0.0,0.0,0.0,0.0,0.0,0.0,0.0,0.0,0.0,0.0,0.0,0.0,0.0,0.0,0.0,0.0,0.0,0.0,0.0,0.0,0.0,0.0,0.0,0.0,0.0,0.0,0.1584541484815277,0.0,0.0,0.0,0.0,0.0,0.0,0.0,0.0,0.0,0.0,0.0,0.0,0.0,0.0,0.0
f45daafd61371b1f080a92eea8e9c8bfc9b710f22c82d5a06a1b1bf271c646ad,0.0,0.0,0.0,0.0,0.0,0.0,0.0,0.0,0.0,0.0,0.3807148905391018,0.0,0.24787364079409346,0.0,0.0,0.0,0.0,0.0,0.0,0.0,0.0,0.3623839020364155,0.0,0.0,0.0,0.0,0.0,0.0,0.0,0.0,0.0,0.0,0.0,0.0,0.0,0.0,0.0,0.0,0.0,0.0,0.0,0.0,0.0,0.0,0.0,0.0,0.0,0.0,0.0,0.0,0.0,0.0,0.0,0.0,0.0,0.0,0.0,0.0,0.0,0.0,0.0,0.0,0.0,0.0,0.4786839497678936,0.0,0.0,0.0,0.0,0.0,0.0,0.0,0.0,0.0,0.0,0.23564494567724217,0.0,0.0,0.0,0.2155905588323585,0.0,0.0,0.0,0.0,0.0,0.0,0.0,0.0,0.0,0.0,0.0,0.0,0.0,0.0,0.0,0.0,0.0,0.0,0.0,0.0,0.0,0.0,0.0,0.0,0.0,0.0,0.0,0.0,0.0,0.0,0.0,0.0,0.0,0.0,0.0,0.0,0.30976838846830074,0.28648591400672213,0.0,0.0,0.0,0.0,0.0,0.0,0.3913003337608552,0.0,0.0,0.0,0.0,0.0,0.0,0.0,0.0,0.0,0.0,0.0,0.0,0.0,0.0,0.0,0.0,0.0,0.0,0.0,0.0,0.0,0.0,0.0,0.0,0.0,0.0,0.0,0.0,0.0,0.0,0.0,0.0,0.0,0.0,0.0,0.0
a89bc5bfb93026e56434c1354508dfa0a66821d35f522429582067fc7f9200cc,0.0,0.22945337610589653,0.0,0.0,0.0,0.0,0.0,0.0,0.0,0.0,0.16477469097226496,0.0,0.10728054924298291,0.0,0.0,0.0,0.0,0.0,0.0,0.0,0.0,0.1568409772121617,0.0,0.0,0.0,0.0,0.0,0.0,0.0,0.0,0.0,0.0,0.0,0.0,0.0,0.0,0.0,0.0,0.0,0.0,0.0,0.0,0.0,0.1857433137957575,0.0,0.0,0.0,0.0,0.0,0.0,0.0,0.0,0.0,0.0,0.0,0.0,0.0,0.0,0.0,0.0,0.0,0.0,0.0,0.0,0.0,0.0,0.0,0.0,0.0,0.0,0.0,0.0,0.0,0.0,0.0,0.1019879286784971,0.21749385922184905,0.17335025827981987,0.0,0.09330832229292922,0.0,0.0,0.0,0.0,0.0,0.0,0.0,0.0,0.0,0.0,0.47000751535125435,0.47000751535125435,0.0,0.0,0.0,0.0,0.0,0.0,0.0,0.13100183954455644,0.0,0.0,0.0,0.0,0.24442697209092784,0.0,0.0,0.0,0.0,0.0,0.0,0.0,0.0,0.0,0.0,0.0,0.13406880516431613,0.0,0.13618512156046816,0.12071761499797605,0.0,0.0,0.0,0.0,0.169356106564387,0.0,0.19491529817671058,0.0,0.0,0.0,0.0,0.0,0.0,0.15361660422255835,0.0,0.0,0.0,0.0,0.0,0.0,0.0,0.0,0.0,0.0,0.0,0.11089966899250753,0.0,0.0,0.0,0.0,0.0,0.0,0.0,0.0,0.0,0.0,0.0,0.2841580527524428,0.0,0.0,0.0
d3bf17ac4db4f367cfed8f40f92670066ca97e98d210b043e4d3b89a4971bbdf,0.0,0.4029666391794071,0.0,0.0,0.0,0.0,0.0,0.0,0.0,0.0,0.0,0.0,0.0,0.0,0.0,0.0,0.0,0.0,0.0,0.0,0.0,0.0,0.0,0.0,0.0,0.0,0.0,0.0,0.0,0.0,0.0,0.0,0.0,0.0,0.3080901095238429,0.6635925149663267,0.0,0.0,0.0,0.0,0.0,0.0,0.0,0.0,0.0,0.0,0.0,0.0,0.0,0.0,0.0,0.0,0.0,0.0,0.0,0.0,0.0,0.0,0.0,0.0,0.0,0.0,0.0,0.0,0.0,0.0,0.0,0.0,0.0,0.0,0.0,0.0,0.0,0.0,0.0,0.0,0.0,0.0,0.0,0.0,0.0,0.0,0.0,0.0,0.0,0.0,0.0,0.0,0.0,0.0,0.0,0.0,0.0,0.0,0.0,0.0,0.0,0.0,0.0,0.0,0.0,0.0,0.0,0.0,0.0,0.0,0.0,0.0,0.0,0.0,0.0,0.0,0.0,0.0,0.0,0.0,0.0,0.21775521112774984,0.0,0.0,0.0,0.0,0.413100860615226,0.0,0.0,0.0,0.0,0.0,0.0,0.0,0.0,0.0,0.0,0.0,0.0,0.0,0.0,0.0,0.0,0.0,0.0,0.0,0.0,0.2902993165482384,0.0,0.0,0.0,0.0,0.0,0.0,0.0,0.0,0.0,0.0,0.0,0.0,0.0,0.0,0.0,0.0,0.0
ce5992b8a0d71c99e3891eefde306c2cd686d826f25b5b99ef2695ca67a94aaa,0.0,0.0,0.0,0.0,0.0,0.0,0.0,0.0,0.0,0.0,0.18558097275872884,0.0,0.12082698240322977,0.0,0.0,0.0,0.0,0.0,0.0,0.0,0.0,0.17664546022035546,0.0,0.0,0.0,0.0,0.0,0.0,0.0,0.0,0.0,0.0,0.0,0.0,0.1975813991516407,0.0,0.0,0.0,0.0,0.0,0.0,0.0,0.0,0.0,0.0,0.0,0.0,0.2523903227520397,0.0,0.0,0.0,0.0,0.0,0.0,0.0,0.0,0.0,0.0,0.23333637651031752,0.0,0.0,0.0,0.0,0.0,0.0,0.0,0.0,0.0,0.0,0.0,0.0,0.0,0.0,0.0,0.0,0.11486605680837941,0.0,0.0,0.0,0.10509046696086037,0.0,0.0,0.0,0.0,0.0,0.0,0.0,0.0,0.0,0.0,0.0,0.0,0.0,0.0,0.0,0.0,0.6070655182212521,0.0,0.0,0.0,0.0,0.0,0.16184813565839434,0.0,0.0,0.0,0.0,0.0,0.0,0.0,0.0,0.0,0.0,0.0,0.0,0.0,0.0,0.0,0.15338136691581752,0.0,0.16229449947531926,0.0,0.0,0.0,0.1907408887457121,0.0,0.0,0.0,0.3357894754876021,0.0,0.0,0.0,0.0,0.0,0.0,0.0,0.0,0.3802738340952265,0.0,0.0,0.0,0.0,0.0,0.0,0.0,0.0,0.0,0.0,0.0,0.0,0.0,0.0,0.0,0.0,0.0,0.0,0.0,0.0,0.0,0.0,0.0
a44d262ed7c8085b22ad15653bd2a7d3ecc966c3e7c54252de5670ce64027847,0.0,0.0,0.0,0.0,0.0,0.0,0.0,0.0,0.0,0.0,0.1977064700465462,0.0,0.12872158078606213,0.0,0.0,0.0,0.0,0.0,0.0,0.0,0.0,0.18818712861968992,0.0,0.0,0.0,0.0,0.2702710422858053,0.0,0.0,0.0,0.0,0.0,0.0,0.0,0.0,0.0,0.0,0.0,0.0,0.0,0.0,0.0,0.0,0.22286587029004568,0.2496907234066554,0.0,0.0,0.0,0.0,0.0,0.0,0.0,0.0,0.0,0.0,0.0,0.0,0.0,0.2485821183472425,0.0,0.0,0.0,0.0,0.0,0.2485821183472425,0.0,0.0,0.21013030096093885,0.0,0.0,0.0,0.0,0.0,0.0,0.0,0.12237117998769936,0.26096206225499785,0.20799594551768288,0.0,0.11195687224566313,0.0,0.0,0.0,0.0,0.0,0.0,0.0,0.0,0.0,0.0,0.0,0.0,0.0,0.0,0.0,0.0,0.0,0.0,0.0,0.1571837951152207,0.0,0.0,0.0,0.0,0.0,0.0,0.0,0.0,0.0,0.0,0.0,0.0,0.0,0.0,0.0,0.0,0.16086372279621916,0.14877305874777735,0.0,0.14484417110941578,0.0,0.0,0.0,0.0,0.20320352483809254,0.0,0.23387096242270528,0.0,0.0,0.0,0.0,0.0,0.0,0.18431833421852056,0.0,0.0,0.0,0.0,0.0,0.0,0.0,0.0,0.0,0.19833609056516804,0.0,0.1330640158173904,0.0,0.0,0.0,0.0,0.0,0.3695308589854102,0.0,0.0,0.0,0.0,0.0,0.0,0.0,0.0,0.0
a41f46ef947c9ff3b1e5625e6cf5799e776a55e48f54f7fffe19e08e826de99a,0.0,0.0,0.0,0.0,0.0,0.0,0.0,0.0,0.37021010231530027,0.0,0.12530804477322452,0.0,0.08158483434873247,0.0,0.0,0.0,0.0,0.15968779974647107,0.0,0.0,0.0,0.11927460509142106,0.0,0.0,0.0,0.0,0.0,0.0,0.0,0.0,0.0,0.0,0.0,0.0,0.0,0.0,0.0,0.0,0.3381638648760431,0.0,0.0,0.0,0.0,0.14125428695456368,0.0,0.0,0.0,0.17041907580072005,0.0,0.0,0.0,0.0,0.0,0.0,0.0,0.22791263639269035,0.0,0.0,0.0,0.0,0.0,0.0,0.0,0.0,0.1575534640234371,0.0,0.0,0.13318237463258198,0.0,0.0,0.0,0.0,0.0,0.0,0.0,0.0775598962302085,0.0,0.0,0.0,0.07095921927454801,0.0,0.0,0.0,0.0,0.0,0.0,0.0,0.0,0.0,0.0,0.0,0.0,0.0,0.0,0.0,0.0,0.0,0.0,0.0,0.09962442823083273,0.0,0.0,0.0,0.0,0.0,0.0,0.13050804994645102,0.3469912593021226,0.0,0.0,0.0,0.0,0.0,0.0,0.0,0.0,0.10195679774056207,0.09429363187874952,0.10356621644533127,0.09180346942741004,0.10958454471052352,0.0,0.0,0.0,0.0,0.0,0.14822940808928478,0.35743185091028556,0.0,0.0,0.0,0.0,0.0,0.1168225302456864,0.0,0.0,0.0,0.0,0.0,0.0,0.0,0.0,0.0,0.0,0.0,0.08433710666031839,0.17449496495359734,0.18881939807030193,0.0,0.0,0.0,0.0,0.0,0.0,0.12240058213664909,0.0,0.2873527021450666,0.0,0.0,0.0,0.0
a8a25ee71c0e8e4a06cd1573271672b871f78eba5f41803ffda6f14006c81803,0.0,0.0,0.0,0.0,0.0,0.0,0.0,0.0,0.0,0.0,0.0,0.0,0.18045510454853286,0.0,0.0,0.0,0.0,0.0,0.0,0.0,0.0,0.26382000409236295,0.0,0.0,0.0,0.0,0.37889364700380457,0.0,0.0,0.0,0.0,0.0,0.0,0.0,0.0,0.0,0.0,0.0,0.0,0.0,0.0,0.0,0.33051699165737747,0.0,0.35004204673367123,0.0,0.0,0.0,0.0,0.0,0.0,0.0,0.0,0.0,0.0,0.0,0.0,0.0,0.3484878905410754,0.0,0.0,0.0,0.0,0.0,0.0,0.0,0.0,0.0,0.0,0.0,0.0,0.0,0.0,0.0,0.0,0.17155246186037124,0.0,0.0,0.0,0.15695261791102444,0.0,0.0,0.0,0.0,0.0,0.0,0.0,0.0,0.0,0.0,0.0,0.0,0.0,0.0,0.0,0.0,0.0,0.0,0.0,0.22035635367153303,0.0,0.0,0.24172019908394218,0.0,0.0,0.0,0.0,0.0,0.0,0.0,0.0,0.0,0.0,0.0,0.0,0.0,0.22551525344848106,0.0,0.0,0.20305740405905107,0.0,0.0,0.0,0.0,0.28487152733334736,0.0,0.0,0.0,0.0,0.0,0.0,0.0,0.0,0.2583963315902351,0.0,0.0,0.0,0.0,0.0,0.0,0.0,0.0,0.0,0.0,0.0,0.0,0.0,0.0,0.0,0.0,0.0,0.0,0.0,0.0,0.0,0.0,0.0,0.0,0.0,0.0,0.0
15aa23d4511135cccf62cd2c637a7a04dc968ed39ffd2683850a3a708c8d4c3b,0.0,0.0,0.0,0.0,0.0,0.0,0.0,0.0,0.0,0.0,0.2848980762510614,0.0,0.1854897855862322,0.0,0.0,0.0,0.0,0.0,0.0,0.0,0.0,0.0,0.0,0.0,0.0,0.0,0.0,0.0,0.0,0.0,0.0,0.0,0.0,0.0,0.0,0.0,0.0,0.0,0.0,0.0,0.0,0.0,0.3397383857248824,0.32115316050458104,0.0,0.0,0.0,0.0,0.0,0.0,0.0,0.0,0.0,0.0,0.0,0.0,0.0,0.0,0.0,0.0,0.0,0.0,0.0,0.0,0.0,0.0,0.0,0.30280100844314195,0.0,0.0,0.0,0.0,0.0,0.0,0.0,0.17633875997512893,0.0,0.0,0.0,0.16133158170476616,0.0,0.0,0.0,0.0,0.0,0.0,0.0,0.0,0.0,0.0,0.0,0.0,0.0,0.0,0.0,0.0,0.0,0.0,0.0,0.0,0.0,0.0,0.24846417069838617,0.0,0.0,0.0,0.0,0.0,0.0,0.0,0.0,0.0,0.0,0.0,0.0,0.0,0.23180710855055528,0.0,0.2354662534498395,0.20872268720157142,0.0,0.0,0.0,0.0,0.0,0.0,0.33701166820451744,0.0,0.0,0.0,0.0,0.0,0.0,0.2656055657879773,0.0,0.0,0.0,0.0,0.0,0.0,0.0,0.0,0.0,0.28580536914077476,0.0,0.19174730152073535,0.0,0.0,0.0,0.0,0.0,0.0,0.0,0.0,0.0,0.0,0.0,0.0,0.0,0.0,0.0
a0ff457b92f9248dd442a8759232c128de720e5caddd542ea338fa42f46941e5,0.0,0.0,0.0,0.0,0.0,0.0,0.0,0.0,0.0,0.0,0.0,0.0,0.3337939271919282,0.0,0.0,0.0,0.0,0.0,0.0,0.0,0.0,0.0,0.0,0.0,0.0,0.0,0.0,0.0,0.0,0.0,0.0,0.0,0.0,0.0,0.0,0.0,0.0,0.0,0.0,0.0,0.0,0.0,0.0,0.0,0.0,0.0,0.0,0.0,0.0,0.0,0.0,0.0,0.0,0.0,0.0,0.0,0.0,0.0,0.0,0.0,0.0,0.0,0.0,0.0,0.0,0.0,0.0,0.0,0.0,0.0,0.0,0.0,0.0,0.0,0.0,0.0,0.0,0.0,0.0,0.29032058054908016,0.0,0.0,0.0,0.0,0.0,0.0,0.0,0.0,0.6954661862766707,0.0,0.0,0.0,0.0,0.0,0.0,0.0,0.0,0.0,0.0,0.0,0.0,0.0,0.0,0.0,0.0,0.0,0.0,0.0,0.0,0.0,0.0,0.0,0.0,0.0,0.0,0.0,0.0,0.0,0.42372794389614976,0.3756021671752698,0.0,0.0,0.0,0.0,0.0,0.0,0.0,0.0,0.0,0.0,0.0,0.0,0.0,0.0,0.0,0.0,0.0,0.0,0.0,0.0,0.0,0.0,0.0,0.0,0.0,0.0,0.0,0.0,0.0,0.0,0.0,0.0,0.0,0.0,0.0,0.0,0.0,0.0,0.0,0.0,0.0
0340043481091d92dcfb2c498aad3c0afca2fd208ef896f65af790cc147f8891,0.0,0.0,0.0,0.0,0.0,0.0,0.0,0.0,0.0,0.0,0.0,0.0,0.23453338682649852,0.0,0.0,0.0,0.0,0.0,0.0,0.0,0.0,0.0,0.0,0.0,0.0,0.0,0.0,0.0,0.0,0.0,0.0,0.0,0.0,0.0,0.38351892760431855,0.0,0.0,0.0,0.0,0.0,0.0,0.0,0.0,0.0,0.0,0.0,0.0,0.0,0.0,0.0,0.0,0.0,0.6732928803818555,0.0,0.0,0.0,0.0,0.0,0.0,0.0,0.0,0.0,0.0,0.0,0.0,0.0,0.0,0.0,0.0,0.0,0.0,0.0,0.0,0.0,0.0,0.0,0.0,0.0,0.0,0.20398774056323693,0.0,0.0,0.0,0.0,0.0,0.0,0.0,0.0,0.0,0.0,0.0,0.0,0.0,0.0,0.0,0.0,0.0,0.0,0.0,0.0,0.0,0.0,0.0,0.0,0.0,0.0,0.0,0.0,0.0,0.0,0.0,0.0,0.0,0.0,0.0,0.0,0.2930970354351136,0.0,0.29772366025656,0.26390908039599276,0.0,0.0,0.0,0.0,0.0,0.0,0.0,0.0,0.0,0.0,0.0,0.0,0.0,0.0,0.0,0.0,0.0,0.0,0.0,0.0,0.0,0.0,0.0,0.0,0.0,0.2424453934127455,0.0,0.0,0.0,0.0,0.0,0.0,0.0,0.0,0.0,0.0,0.0,0.0,0.0,0.0,0.0
79216574907e890b81ef15ab90f701219ffab5b9105d351f1c1908adaff5fe4b,0.0,0.0,0.0,0.0,0.0,0.0,0.0,0.0,0.0,0.0,0.0,0.0,0.19350642633373116,0.0,0.0,0.0,0.0,0.0,0.0,0.0,0.0,0.0,0.0,0.0,0.0,0.0,0.40629693338789263,0.0,0.0,0.0,0.0,0.0,0.0,0.0,0.0,0.0,0.0,0.0,0.0,0.0,0.0,0.0,0.354421461549699,0.0,0.37535865610141506,0.0,0.0,0.0,0.0,0.0,0.0,0.0,0.0,0.0,0.0,0.0,0.0,0.0,0.37369209636875433,0.0,0.0,0.0,0.0,0.0,0.0,0.0,0.0,0.0,0.0,0.0,0.0,0.0,0.0,0.0,0.0,0.18395990463337686,0.0,0.3126791316828696,0.0,0.1683041345473141,0.0,0.0,0.0,0.0,0.0,0.0,0.0,0.0,0.0,0.0,0.0,0.0,0.0,0.0,0.0,0.0,0.0,0.0,0.0,0.0,0.0,0.0,0.25920248703650195,0.0,0.0,0.0,0.0,0.0,0.0,0.0,0.0,0.0,0.0,0.0,0.0,0.0,0.0,0.0,0.0,0.217743425426371,0.0,0.0,0.0,0.0,0.0,0.0,0.0,0.0,0.0,0.0,0.0,0.0,0.0,0.2770847121718549,0.0,0.0,0.0,0.0,0.0,0.0,0.0,0.0,0.0,0.0,0.0,0.20003438442255633,0.0,0.0,0.0,0.0,0.0,0.0,0.0,0.0,0.0,0.0,0.0,0.0,0.0,0.0,0.0
1341251573c17f1c576e031d98e6d23eded09f655a754754d65cc72dada5bc57,0.0,0.0,0.0,0.0,0.0,0.0,0.0,0.0,0.0,0.0,0.271283824916001,0.0,0.1766258978608828,0.0,0.0,0.0,0.0,0.0,0.0,0.0,0.0,0.2582218176263512,0.0,0.0,0.0,0.0,0.3708536301217946,0.0,0.0,0.0,0.0,0.0,0.0,0.0,0.0,0.0,0.0,0.0,0.0,0.0,0.0,0.0,0.0,0.0,0.3426142527144071,0.0,0.0,0.0,0.0,0.0,0.0,0.0,0.0,0.0,0.0,0.0,0.0,0.0,0.3410930752801635,0.0,0.0,0.0,0.0,0.0,0.0,0.0,0.0,0.0,0.0,0.0,0.0,0.0,0.0,0.0,0.0,0.16791216675272086,0.0,0.0,0.0,0.15362212739565398,0.0,0.0,0.0,0.0,0.0,0.0,0.0,0.0,0.0,0.0,0.0,0.0,0.0,0.0,0.0,0.0,0.0,0.0,0.0,0.0,0.0,0.0,0.0,0.0,0.0,0.0,0.0,0.0,0.0,0.0,0.0,0.0,0.0,0.0,0.0,0.0,0.0,0.0,0.0,0.19874858291738778,0.0,0.0,0.0,0.0,0.27882663345065556,0.0,0.0,0.0,0.0,0.0,0.0,0.0,0.0,0.25291323393298126,0.0,0.0,0.0,0.0,0.0,0.0,0.0,0.0,0.3418513308884253,0.272147761551444,0.0,0.182584389681968,0.0,0.0,0.0,0.0,0.0,0.0,0.0,0.0,0.0,0.0,0.0,0.0,0.0,0.0,0.0
991423212ca8d7e80497bad3a159720b03de528a052cadd51e5641a0202aaf7f,0.0,0.0,0.0,0.0,0.0,0.0,0.0,0.0,0.0,0.0,0.0,0.0,0.0,0.0,0.0,0.0,0.0,0.0,0.0,0.0,0.0,0.0,0.0,0.0,0.0,0.0,0.42085450575193317,0.0,0.0,0.0,0.0,0.0,0.0,0.0,0.0,0.0,0.0,0.0,0.0,0.0,0.0,0.0,0.0,0.0,0.38880771355085575,0.0,0.0,0.0,0.0,0.0,0.0,0.0,0.0,0.0,0.0,0.0,0.0,0.0,0.38708144117477217,0.0,0.0,0.0,0.0,0.0,0.0,0.0,0.0,0.0,0.0,0.0,0.0,0.0,0.0,0.0,0.0,0.0,0.0,0.3238823889859541,0.0,0.17433445231862896,0.0,0.0,0.0,0.0,0.0,0.0,0.0,0.0,0.0,0.0,0.0,0.0,0.0,0.0,0.0,0.0,0.0,0.0,0.0,0.244759881953893,0.0,0.0,0.0,0.0,0.0,0.0,0.0,0.0,0.0,0.0,0.0,0.0,0.0,0.0,0.0,0.0,0.0,0.0,0.0,0.22554514730009295,0.0,0.0,0.0,0.0,0.0,0.0,0.0,0.0,0.0,0.0,0.0,0.0,0.0,0.28701262552029294,0.0,0.0,0.0,0.0,0.0,0.0,0.0,0.0,0.38794192968918645,0.0,0.0,0.20720159339518118,0.0,0.0,0.0,0.0,0.0,0.0,0.0,0.0,0.0,0.0,0.0,0.0,0.0,0.0,0.0
883256088dded2fdc3a914d6e2cc68ff538a20dba921d7eab36fbc7bda213913,0.0,0.0,0.0,0.0,0.0,0.0,0.0,0.0,0.0,0.0,0.2450479619086153,0.0,0.15954440447929455,0.0,0.0,0.0,0.0,0.0,0.0,0.0,0.0,0.23324918155097604,0.0,0.0,0.0,0.0,0.334988369674808,0.0,0.0,0.0,0.0,0.0,0.0,0.0,0.0,0.0,0.0,0.0,0.0,0.0,0.0,0.0,0.0,0.0,0.3094800229040738,0.0,0.0,0.0,0.0,0.0,0.0,0.0,0.0,0.0,0.0,0.0,0.0,0.0,0.308105958563606,0.0,0.0,0.0,0.0,0.0,0.308105958563606,0.0,0.0,0.0,0.0,0.0,0.0,0.0,0.0,0.0,0.0,0.1516733784447127,0.0,0.25780128754695736,0.0,0.13876532902036018,0.0,0.0,0.0,0.0,0.0,0.0,0.0,0.0,0.0,0.0,0.0,0.0,0.0,0.0,0.0,0.0,0.0,0.0,0.0,0.0,0.0,0.0,0.0,0.0,0.0,0.0,0.0,0.0,0.0,0.0,0.0,0.0,0.0,0.0,0.0,0.0,0.0,0.18439727756239105,0.0,0.17952760431334766,0.0,0.0,0.0,0.0,0.2518613053103324,0.0,0.28987216593264664,0.0,0.0,0.0,0.0,0.0,0.0,0.2284539910707312,0.0,0.0,0.0,0.0,0.0,0.0,0.0,0.0,0.0,0.2458283472183515,0.0,0.16492665046192242,0.0,0.0,0.0,0.0,0.0,0.0,0.0,0.0,0.0,0.0,0.0,0.0,0.0,0.0,0.0
ff107c629669e75b9222bcc03dd6287da864b356fff8c5bd832f333b8e420b25,0.0,0.0,0.0,0.0,0.0,0.450590921722991,0.0,0.0,0.0,0.0,0.0,0.0,0.0,0.0,0.0,0.0,0.0,0.0,0.0,0.0,0.0,0.0,0.0,0.0,0.0,0.0,0.340429697333765,0.0,0.0,0.0,0.0,0.0,0.0,0.0,0.0,0.0,0.0,0.0,0.0,0.0,0.0,0.0,0.0,0.0,0.3145070099906921,0.0,0.0,0.0,0.0,0.0,0.0,0.0,0.0,0.0,0.0,0.0,0.0,0.0,0.31311062626549996,0.0,0.0,0.0,0.0,0.0,0.0,0.0,0.0,0.0,0.0,0.0,0.0,0.0,0.0,0.0,0.0,0.1541370596467193,0.0,0.26198883972318887,0.0,0.14101934047644665,0.0,0.0,0.0,0.0,0.0,0.0,0.0,0.0,0.0,0.0,0.0,0.0,0.0,0.0,0.0,0.0,0.0,0.0,0.0,0.19798655210816668,0.0,0.0,0.21718161511633255,0.0,0.0,0.0,0.0,0.0,0.0,0.0,0.0,0.0,0.0,0.0,0.0,0.0,0.20262173853456777,0.0,0.20582018359381912,0.1824437309831924,0.0,0.0,0.0,0.0,0.0,0.0,0.29458065606793776,0.0,0.0,0.0,0.0,0.0,0.0,0.2321648453359674,0.0,0.0,0.0,0.0,0.0,0.0,0.0,0.0,0.0,0.0,0.0,0.16760560897540389,0.0,0.0,0.0,0.0,0.0,0.0,0.0,0.0,0.0,0.0,0.0,0.0,0.0,0.0,0.0
2946528b4254f25d435788aa8d8f565624898943dc6861aad8f732dcbb4f1051,0.0,0.0,0.0,0.0,0.0,0.0,0.0,0.0,0.0,0.0,0.21208329161037737,0.0,0.1380819583090628,0.0,0.0,0.0,0.0,0.0,0.0,0.0,0.0,0.20187172259447517,0.0,0.0,0.0,0.0,0.0,0.0,0.0,0.0,0.0,0.0,0.0,0.0,0.0,0.0,0.0,0.0,0.0,0.0,0.0,0.0,0.0,0.23907223343574133,0.0,0.0,0.0,0.0,0.0,0.0,0.0,0.0,0.0,0.0,0.0,0.0,0.0,0.0,0.0,0.0,0.0,0.0,0.0,0.0,0.0,0.0,0.0,0.0,0.0,0.0,0.0,0.0,0.480803323142991,0.0,0.0,0.13126976898594725,0.2799387047649077,0.22312099728763285,0.0,0.12009815348315422,0.0,0.0,0.0,0.0,0.0,0.0,0.0,0.0,0.28769646514150354,0.0,0.0,0.0,0.0,0.0,0.0,0.0,0.0,0.0,0.0,0.16861388829611304,0.0,0.0,0.0,0.0,0.3146046064084404,0.0,0.0,0.0,0.0,0.0,0.0,0.0,0.0,0.0,0.0,0.0,0.17256141300428549,0.0,0.17528534678766294,0.15537695135738053,0.0,0.0,0.0,0.0,0.2179800813010702,0.0,0.0,0.0,0.0,0.0,0.0,0.0,0.0,0.19772159715361012,0.0,0.0,0.0,0.0,0.0,0.0,0.0,0.0,0.0,0.21275869688175425,0.0,0.1427401665853599,0.0,0.0,0.0,0.0,0.0,0.0,0.0,0.0,0.0,0.0,0.0,0.0,0.0,0.0,0.0
912643ee34a00adf2160b1e50272bb04cec2139a89f8dbb1eae7704a54abe01a,0.0,0.0,0.0,0.0,0.0,0.0,0.0,0.0,0.0,0.0,0.0,0.0,0.0,0.0,0.0,0.0,0.0,0.0,0.0,0.0,0.0,0.0,0.0,0.0,0.0,0.0,0.0,0.0,0.0,0.0,0.0,0.0,0.0,0.0,0.7735913779102157,0.0,0.0,0.0,0.0,0.0,0.0,0.0,0.0,0.0,0.0,0.0,0.0,0.0,0.0,0.0,0.0,0.0,0.0,0.0,0.0,0.0,0.0,0.0,0.0,0.0,0.0,0.0,0.0,0.0,0.0,0.0,0.0,0.0,0.0,0.0,0.0,0.0,0.0,0.0,0.0,0.0,0.0,0.0,0.0,0.0,0.0,0.0,0.0,0.0,0.0,0.0,0.0,0.0,0.0,0.0,0.0,0.0,0.0,0.0,0.0,0.0,0.0,0.0,0.0,0.0,0.0,0.0,0.6336847639189173,0.0,0.0,0.0,0.0,0.0,0.0,0.0,0.0,0.0,0.0,0.0,0.0,0.0,0.0,0.0,0.0,0.0,0.0,0.0,0.0,0.0,0.0,0.0,0.0,0.0,0.0,0.0,0.0,0.0,0.0,0.0,0.0,0.0,0.0,0.0,0.0,0.0,0.0,0.0,0.0,0.0,0.0,0.0,0.0,0.0,0.0,0.0,0.0,0.0,0.0,0.0,0.0,0.0,0.0,0.0,0.0,0.0,0.0
0f54e0f3c3408647bf9844f9d97b64dbc62278091280b3d7bf1db5bdde3fc436,0.0,0.0,0.0,0.0,0.0,0.0,0.0,0.0,0.0,0.0,0.0,0.0,0.0,0.0,0.0,0.0,0.0,0.0,0.0,0.0,0.0,0.0,0.0,0.0,0.0,0.0,0.0,0.0,0.0,0.0,0.0,0.0,0.0,0.0,0.7735913779102157,0.0,0.0,0.0,0.0,0.0,0.0,0.0,0.0,0.0,0.0,0.0,0.0,0.0,0.0,0.0,0.0,0.0,0.0,0.0,0.0,0.0,0.0,0.0,0.0,0.0,0.0,0.0,0.0,0.0,0.0,0.0,0.0,0.0,0.0,0.0,0.0,0.0,0.0,0.0,0.0,0.0,0.0,0.0,0.0,0.0,0.0,0.0,0.0,0.0,0.0,0.0,0.0,0.0,0.0,0.0,0.0,0.0,0.0,0.0,0.0,0.0,0.0,0.0,0.0,0.0,0.0,0.0,0.6336847639189173,0.0,0.0,0.0,0.0,0.0,0.0,0.0,0.0,0.0,0.0,0.0,0.0,0.0,0.0,0.0,0.0,0.0,0.0,0.0,0.0,0.0,0.0,0.0,0.0,0.0,0.0,0.0,0.0,0.0,0.0,0.0,0.0,0.0,0.0,0.0,0.0,0.0,0.0,0.0,0.0,0.0,0.0,0.0,0.0,0.0,0.0,0.0,0.0,0.0,0.0,0.0,0.0,0.0,0.0,0.0,0.0,0.0,0.0
784560f38065089f1c61869f7ebdc58b0115d500e5113e6c09d1b4d885ccb340,0.0,0.0,0.0,0.0,0.0,0.0,0.0,0.0,0.0,0.0,0.0,0.0,0.0,0.0,0.0,0.0,0.0,0.0,0.0,0.0,0.0,0.0,0.0,0.0,0.0,0.0,0.4302206975448881,0.0,0.0,0.0,0.0,0.0,0.0,0.0,0.3350620762743711,0.0,0.0,0.0,0.0,0.0,0.0,0.0,0.0,0.0,0.39746069829006186,0.0,0.0,0.0,0.0,0.0,0.0,0.0,0.0,0.0,0.0,0.0,0.0,0.0,0.3956960074155654,0.0,0.0,0.0,0.0,0.0,0.0,0.0,0.0,0.0,0.0,0.0,0.0,0.0,0.0,0.0,0.0,0.0,0.0,0.33109044909257673,0.0,0.17821429652659024,0.0,0.0,0.0,0.0,0.0,0.0,0.0,0.0,0.0,0.0,0.0,0.0,0.0,0.0,0.0,0.0,0.0,0.0,0.0,0.2502070566099069,0.0,0.0,0.0,0.0,0.0,0.0,0.0,0.0,0.0,0.0,0.0,0.0,0.0,0.0,0.0,0.0,0.0,0.0,0.0,0.23056469462276824,0.0,0.0,0.0,0.0,0.0,0.0,0.0,0.0,0.0,0.0,0.0,0.0,0.0,0.2934001424908423,0.0,0.0,0.0,0.0,0.0,0.0,0.0,0.0,0.0,0.0,0.0,0.21181290166685512,0.0,0.0,0.0,0.0,0.0,0.0,0.0,0.0,0.0,0.0,0.0,0.0,0.0,0.0,0.0
778782d68c349fbb021a749f1370c2446c19cd3a64e7891c84c55ddf834f2e02,0.0,0.0,0.0,0.0,0.0,0.0,0.0,0.0,0.0,0.0,0.1977064700465462,0.0,0.12872158078606213,0.0,0.0,0.0,0.0,0.0,0.0,0.0,0.0,0.18818712861968992,0.0,0.0,0.0,0.0,0.2702710422858053,0.0,0.0,0.0,0.0,0.0,0.0,0.0,0.0,0.0,0.0,0.0,0.0,0.0,0.0,0.0,0.0,0.22286587029004568,0.2496907234066554,0.0,0.0,0.0,0.0,0.0,0.0,0.0,0.0,0.0,0.0,0.0,0.0,0.0,0.2485821183472425,0.0,0.0,0.0,0.0,0.0,0.2485821183472425,0.0,0.0,0.21013030096093885,0.0,0.0,0.0,0.0,0.0,0.0,0.0,0.12237117998769936,0.26096206225499785,0.20799594551768288,0.0,0.11195687224566313,0.0,0.0,0.0,0.0,0.0,0.0,0.0,0.0,0.0,0.0,0.0,0.0,0.0,0.0,0.0,0.0,0.0,0.0,0.0,0.1571837951152207,0.0,0.0,0.0,0.0,0.0,0.0,0.0,0.0,0.0,0.0,0.0,0.0,0.0,0.0,0.0,0.0,0.16086372279621916,0.14877305874777735,0.0,0.14484417110941578,0.0,0.0,0.0,0.0,0.20320352483809254,0.0,0.23387096242270528,0.0,0.0,0.0,0.0,0.0,0.0,0.18431833421852056,0.0,0.0,0.0,0.0,0.0,0.0,0.0,0.0,0.0,0.19833609056516804,0.0,0.1330640158173904,0.0,0.0,0.0,0.0,0.0,0.3695308589854102,0.0,0.0,0.0,0.0,0.0,0.0,0.0,0.0,0.0
73437218cd12895c7a59c0c03009417705ed231d323e3a1ad279750e46bcc8ad,0.0,0.0,0.0,0.0,0.0,0.0,0.0,0.0,0.0,0.0,0.0,0.0,0.25808806478040003,0.0,0.0,0.0,0.0,0.0,0.0,0.0,0.0,0.0,0.0,0.0,0.0,0.0,0.0,0.0,0.0,0.0,0.0,0.0,0.0,0.0,0.42203653463324126,0.0,0.0,0.0,0.0,0.0,0.0,0.0,0.0,0.0,0.0,0.0,0.0,0.0,0.0,0.0,0.0,0.0,0.0,0.0,0.0,0.0,0.0,0.0,0.0,0.0,0.0,0.0,0.0,0.0,0.0,0.0,0.0,0.42131336793374696,0.0,0.0,0.0,0.0,0.0,0.0,0.0,0.0,0.0,0.0,0.0,0.0,0.0,0.0,0.0,0.0,0.0,0.0,0.0,0.0,0.0,0.0,0.0,0.0,0.0,0.0,0.0,0.0,0.0,0.0,0.0,0.0,0.0,0.0,0.0,0.0,0.0,0.0,0.0,0.0,0.0,0.0,0.0,0.0,0.0,0.0,0.0,0.0,0.0,0.0,0.32762466936869944,0.2904140206177299,0.0,0.0,0.0,0.0,0.0,0.0,0.0,0.0,0.0,0.0,0.0,0.0,0.0,0.36956011487357243,0.0,0.0,0.0,0.0,0.0,0.0,0.0,0.0,0.499517621708507,0.0,0.0,0.0,0.0,0.0,0.0,0.0,0.0,0.0,0.0,0.0,0.0,0.0,0.0,0.0,0.0,0.0,0.0
0771775f6646f28170c196d4ddba3ecdd1b0ada28c15dcc5b85f5c374c7b6987,0.37237968122940396,0.0,0.0,0.0,0.0,0.0,0.0,0.0,0.0,0.0,0.1518464529785548,0.0,0.09886330710145357,0.0,0.0,0.0,0.0,0.193507336415105,0.0,0.0,0.0,0.1445352191579336,0.0,0.0,0.0,0.0,0.0,0.0,0.0,0.0,0.0,0.0,0.0,0.0,0.0,0.0,0.0,0.0,0.0,0.0,0.0,0.0,0.0,0.1711698756522981,0.0,0.0,0.0,0.20651133953174766,0.24338597341977197,0.0,0.0,0.0,0.0,0.0,0.0,0.0,0.0,0.0,0.0,0.0,0.0,0.0,0.0,0.0,0.0,0.0,0.0,0.0,0.0,0.0,0.340491565579593,0.0,0.0,0.0,0.0,0.09398594605203243,0.20042927025130233,0.15974918045598185,0.0,0.0859873424125916,0.0,0.0,0.0,0.0,0.0,0.0,0.0,0.0,0.0,0.0,0.0,0.0,0.0,0.0,0.0,0.0,0.0,0.0,0.0,0.12072342270000033,0.0,0.0,0.0,0.0,0.22524920851190003,0.0,0.0,0.0,0.0,0.0,0.0,0.0,0.0,0.0,0.0,0.0,0.12354975390426319,0.11426364177308718,0.12550002391381299,0.0,0.1327929459411567,0.0,0.0,0.0,0.15606841026568133,0.0,0.0,0.0,0.0,0.0,0.0,0.0,0.0,0.14156383078110127,0.0,0.0,0.0,0.0,0.0,0.0,0.0,0.0,0.0,0.15233002664436723,0.0,0.0,0.21145044229820012,0.0,0.0,0.0,0.0,0.28381443556117597,0.0,0.0,0.0,0.0,0.34820979493772297,0.0,0.0,0.0,0.0
758582d70bd36a20a8a49df28ce92479b8af7ee6f84b44a6df08784ed93ec663,0.0,0.0,0.0,0.0,0.0,0.0,0.0,0.0,0.0,0.0,0.0,0.0,0.0,0.0,0.0,0.0,0.0,0.0,0.0,0.0,0.0,0.0,0.0,0.0,0.0,0.0,0.0,0.0,0.0,0.0,0.0,0.0,0.0,0.0,0.0,0.0,0.0,0.0,0.0,0.0,0.0,0.0,0.31582404824754823,0.0,0.0,0.0,0.0,0.0,0.0,0.0,0.0,0.0,0.0,0.0,0.0,0.0,0.0,0.0,0.0,0.0,0.0,0.0,0.0,0.0,0.0,0.0,0.0,0.0,0.0,0.0,0.0,0.0,0.0,0.0,0.0,0.0,0.0,0.0,0.0,0.14997537924796112,0.0,0.0,0.0,0.0,0.0,0.0,0.0,0.0,0.0,0.0,0.0,0.0,0.0,0.0,0.0,0.0,0.0,0.0,0.0,0.0,0.0,0.0,0.0,0.0,0.0,0.0,0.27583440863266906,0.0,0.0,0.7824550645257548,0.0,0.0,0.0,0.0,0.0,0.0,0.0,0.0,0.0,0.194030603555314,0.23161167527911192,0.0,0.0,0.0,0.0,0.0,0.31328926559744597,0.0,0.0,0.0,0.0,0.0,0.0,0.0,0.0,0.0,0.0,0.0,0.0,0.0,0.0,0.0,0.0,0.0,0.0,0.0,0.0,0.0,0.0,0.0,0.0,0.0,0.0,0.0,0.0,0.0,0.0,0.0,0.0,0.0,0.0
750361a8039bd9876939ca3ee37312821f8cd019eabe123ef884b30433757677,0.0,0.0,0.0,0.0,0.0,0.0,0.0,0.0,0.0,0.0,0.2067556038081006,0.0,0.1346132382632179,0.0,0.0,0.0,0.0,0.0,0.0,0.0,0.0,0.19680055689384549,0.0,0.0,0.0,0.0,0.0,0.0,0.0,0.0,0.0,0.0,0.0,0.0,0.0,0.0,0.0,0.0,0.0,0.0,0.0,0.0,0.24655419229801048,0.23306656362428532,0.2611192050066463,0.0,0.0,0.0,0.0,0.0,0.0,0.0,0.0,0.0,0.0,0.0,0.0,0.0,0.0,0.0,0.0,0.0,0.0,0.0,0.0,0.0,0.0,0.2197480802895746,0.0,0.0,0.0,0.4269783777929364,0.0,0.0,0.0,0.12797217613116008,0.2729064392269836,0.217516034224984,0.0,0.11708119980175041,0.0,0.0,0.0,0.0,0.0,0.0,0.0,0.0,0.0,0.0,0.0,0.0,0.0,0.0,0.0,0.0,0.0,0.0,0.0,0.16437818378045518,0.0,0.0,0.0,0.0,0.0,0.0,0.0,0.0,0.0,0.0,0.0,0.0,0.0,0.0,0.0,0.0,0.16822654377330645,0.15558248338829253,0.17088205034263176,0.0,0.18081216374147288,0.0,0.0,0.0,0.21250426181774892,0.0,0.0,0.0,0.0,0.0,0.0,0.0,0.0,0.19275468564727047,0.0,0.0,0.0,0.0,0.0,0.0,0.0,0.0,0.2605377535956081,0.20741404240379743,0.0,0.0,0.0,0.0,0.0,0.0,0.0,0.0,0.0,0.0,0.0,0.0,0.0,0.0,0.0,0.0,0.0
420963bc3830703c8a1222f3312bcbdb5d2c173a1ded1b2d6fd492fda93373c1,0.0,0.0,0.0,0.0,0.0,0.0,0.0,0.0,0.0,0.0,0.0,0.0,0.18032598513008613,0.0,0.0,0.0,0.0,0.3529560368959148,0.0,0.0,0.0,0.0,0.0,0.0,0.0,0.0,0.0,0.0,0.0,0.0,0.0,0.0,0.0,0.0,0.2948766884411407,0.0,0.0,0.0,0.0,0.0,0.0,0.0,0.0,0.0,0.0,0.0,0.0,0.0,0.0,0.0,0.0,0.0,0.0,0.0,0.0,0.0,0.0,0.0,0.0,0.0,0.0,0.0,0.0,0.0,0.34823854013408656,0.0,0.0,0.0,0.0,0.0,0.0,0.0,0.0,0.0,0.0,0.1714297124698016,0.0,0.0,0.0,0.0,0.0,0.0,0.0,0.0,0.0,0.0,0.0,0.0,0.0,0.0,0.0,0.0,0.0,0.0,0.0,0.0,0.0,0.0,0.0,0.2201986840710621,0.0,0.0,0.24154724320325027,0.6690868243476717,0.0,0.0,0.0,0.0,0.0,0.0,0.0,0.0,0.0,0.0,0.0,0.0,0.22535389254683752,0.0,0.0,0.0,0.0,0.0,0.0,0.0,0.0,0.0,0.0,0.0,0.0,0.0,0.0,0.0,0.0,0.0,0.0,0.0,0.0,0.0,0.0,0.0,0.0,0.0,0.0,0.0,0.0,0.0,0.0,0.0,0.0,0.0,0.0,0.0,0.0,0.0,0.0,0.0,0.0,0.0,0.0,0.0,0.0
f69fd03b940dbebd0d98a1c77fc689337b5f0355d29e86abb4dbb99ea5334891,0.0,0.0,0.0,0.0,0.0,0.0,0.0,0.0,0.0,0.0,0.0,0.0,0.0,0.0,0.0,0.0,0.0,0.0,0.0,0.0,0.0,0.0,0.0,0.0,0.0,0.0,0.0,0.0,0.0,0.0,0.0,0.0,0.0,0.0,0.0,0.0,0.0,0.0,0.0,0.0,0.0,0.0,0.0,0.0,0.0,0.0,0.0,0.0,0.0,0.0,0.0,0.0,0.0,0.0,0.0,0.0,0.0,0.0,0.0,0.0,0.4179646083916397,0.0,0.0,0.0,0.0,0.0,0.0,0.0,0.0,0.0,0.0,0.0,0.0,0.0,0.0,0.0,0.0,0.0,0.0,0.0,0.0,0.0,0.0,0.0,0.0,0.0,0.0,0.0,0.0,0.0,0.0,0.0,0.0,0.0,0.0,0.0,0.0,0.0,0.0,0.3517241651230123,0.0,0.0,0.38582429687005265,0.0,0.0,0.0,0.0,0.0,0.0,0.0,0.0,0.0,0.0,0.0,0.5783672796132339,0.0,0.3599585985158659,0.0,0.0,0.0,0.0,0.0,0.0,0.0,0.0,0.0,0.0,0.0,0.0,0.0,0.0,0.0,0.0,0.0,0.0,0.0,0.0,0.0,0.0,0.0,0.0,0.0,0.0,0.0,0.0,0.2977522577119334,0.0,0.0,0.0,0.0,0.0,0.0,0.0,0.0,0.0,0.0,0.0,0.0,0.0,0.0,0.0
393242de003f1c79e502bfe5b8b073f2ce1f423d5871a2261bdeffd823f8c266,0.0,0.0,0.0,0.0,0.0,0.0,0.0,0.0,0.0,0.0,0.21276640402987668,0.0,0.1385267151775246,0.0,0.0,0.0,0.0,0.0,0.0,0.0,0.0,0.20252194392875805,0.0,0.0,0.0,0.0,0.2908584517594147,0.0,0.0,0.0,0.0,0.0,0.0,0.0,0.0,0.0,0.0,0.0,0.0,0.0,0.0,0.0,0.0,0.23984227623627188,0.2687104641863525,0.0,0.0,0.0,0.0,0.0,0.0,0.0,0.0,0.0,0.0,0.0,0.0,0.0,0.2675174131348362,0.0,0.0,0.0,0.0,0.0,0.2675174131348362,0.0,0.0,0.22613659786980617,0.0,0.0,0.0,0.0,0.0,0.0,0.0,0.13169258404515446,0.28084037695450553,0.2238396617479066,0.0,0.1204849851830035,0.0,0.0,0.0,0.0,0.0,0.0,0.0,0.0,0.0,0.0,0.0,0.0,0.0,0.0,0.0,0.0,0.0,0.0,0.0,0.16915698737912213,0.0,0.0,0.0,0.0,0.0,0.0,0.0,0.0,0.0,0.0,0.0,0.0,0.0,0.0,0.0,0.0,0.173117226918029,0.16010557832951985,0.0,0.15587741475725625,0.0,0.0,0.0,0.0,0.21868218706154557,0.0,0.25168566142509347,0.0,0.0,0.0,0.0,0.0,0.0,0.19835845108770975,0.0,0.0,0.0,0.0,0.0,0.0,0.0,0.0,0.0,0.21344398475659268,0.0,0.14319992736998122,0.0,0.0,0.0,0.0,0.0,0.0,0.0,0.0,0.0,0.0,0.0,0.0,0.0,0.0,0.0
338447d40e099471b745ab89c003011a8e3443fd687845a199b76ed67f462516,0.0,0.0,0.0,0.0,0.0,0.0,0.0,0.0,0.0,0.0,0.0,0.0,0.0,0.0,0.0,0.0,0.0,0.0,0.0,0.5005483679777487,0.43465959523785014,0.0,0.0,0.0,0.0,0.0,0.0,0.0,0.0,0.0,0.0,0.0,0.0,0.0,0.0,0.0,0.0,0.0,0.0,0.0,0.0,0.0,0.0,0.0,0.0,0.0,0.0,0.3215730439072736,0.0,0.0,0.0,0.0,0.0,0.0,0.0,0.0,0.0,0.0,0.0,0.0,0.0,0.0,0.0,0.0,0.0,0.0,0.0,0.0,0.0,0.0,0.0,0.0,0.0,0.0,0.0,0.14635199609370864,0.0,0.0,0.0,0.13389681893406719,0.0,0.0,0.0,0.0,0.0,0.0,0.0,0.0,0.0,0.0,0.0,0.0,0.0,0.0,0.0,0.0,0.0,0.0,0.0,0.1879867642937613,0.0,0.0,0.20621233439888934,0.0,0.0,0.0,0.0,0.0,0.0,0.0,0.0,0.0,0.0,0.0,0.0,0.0,0.0,0.0,0.0,0.0,0.20678105101897795,0.0,0.0,0.0,0.0,0.0,0.0,0.0,0.4278327416327312,0.0,0.0,0.0,0.0,0.0,0.0,0.0,0.0,0.0,0.0,0.0,0.0,0.0,0.29795711418869664,0.0,0.0,0.15914028388937193,0.0,0.0,0.0,0.0,0.0,0.0,0.0,0.0,0.0,0.0,0.0,0.0,0.0,0.0,0.0
0fa6047b89faa0096bac58ca8733687cd676b31cd75675654e4e0343ca8ae8c6,0.0,0.0,0.0,0.0,0.0,0.0,0.0,0.0,0.0,0.0,0.2185031448342643,0.0,0.14226175907733643,0.0,0.0,0.0,0.0,0.0,0.0,0.0,0.0,0.2079824671951891,0.0,0.0,0.0,0.0,0.0,0.0,0.0,0.0,0.0,0.0,0.0,0.0,0.0,0.0,0.0,0.0,0.0,0.0,0.0,0.0,0.0,0.24630905363459002,0.0,0.0,0.0,0.0,0.3502261630588072,0.34640961891468297,0.0,0.0,0.0,0.0,0.0,0.0,0.0,0.0,0.0,0.0,0.0,0.0,0.0,0.0,0.0,0.0,0.0,0.0,0.0,0.0,0.0,0.0,0.0,0.0,0.0,0.13524336182876076,0.2884125707758961,0.22987496664975202,0.0,0.12373357667923578,0.0,0.0,0.0,0.0,0.0,0.0,0.0,0.0,0.0,0.0,0.0,0.0,0.0,0.0,0.0,0.0,0.0,0.0,0.0,0.17371790382770216,0.0,0.0,0.0,0.0,0.0,0.0,0.0,0.0,0.0,0.0,0.0,0.0,0.0,0.0,0.0,0.0,0.17778492182095004,0.0,0.0,0.1600802790665804,0.0,0.0,0.0,0.0,0.22457843290650772,0.0,0.0,0.0,0.0,0.0,0.0,0.0,0.0,0.20370671565719603,0.0,0.0,0.0,0.0,0.0,0.0,0.0,0.0,0.0,0.21919899491614914,0.0,0.14706097333856075,0.0,0.0,0.0,0.0,0.0,0.4084016814553901,0.0,0.0,0.0,0.0,0.0,0.0,0.0,0.0,0.0
2bed8e9c8a557e04ab5f5c3b2a4a26133f62993277dbf0fa0ab574eabb4eddd0,0.0,0.0,0.0,0.0,0.0,0.0,0.0,0.0,0.0,0.0,0.22342909446566972,0.0,0.14546891776707352,0.0,0.0,0.0,0.0,0.0,0.0,0.0,0.0,0.21267123796046125,0.0,0.0,0.0,0.0,0.0,0.0,0.0,0.0,0.0,0.0,0.0,0.0,0.0,0.0,0.0,0.0,0.0,0.0,0.0,0.0,0.0,0.2518618615490181,0.0,0.0,0.0,0.30386380902152027,0.0,0.0,0.0,0.0,0.0,0.0,0.0,0.0,0.0,0.0,0.0,0.0,0.0,0.0,0.0,0.0,0.0,0.0,0.0,0.0,0.0,0.0,0.0,0.0,0.0,0.0,0.43575088860923633,0.13829229729765632,0.2949145632199125,0.23505728339899867,0.0,0.1265230347755843,0.0,0.0,0.0,0.0,0.0,0.0,0.0,0.0,0.0,0.0,0.0,0.0,0.0,0.0,0.0,0.0,0.0,0.0,0.0,0.0,0.0,0.0,0.0,0.0,0.33143498382560393,0.0,0.0,0.0,0.0,0.0,0.0,0.0,0.0,0.0,0.0,0.0,0.18179291708700268,0.0,0.0,0.0,0.0,0.0,0.0,0.0,0.0,0.0,0.0,0.0,0.0,0.0,0.0,0.0,0.0,0.2082990935914701,0.0,0.0,0.0,0.0,0.0,0.0,0.0,0.0,0.0,0.0,0.0,0.0,0.0,0.0,0.0,0.0,0.0,0.4176087165017573,0.0,0.0,0.0,0.0,0.0,0.0,0.0,0.0,0.0
51069afe5b2c62522b68911c1dcf5bc0a089a76bc193d05908faa60ba284109a,0.0,0.0,0.0,0.0,0.0,0.0,0.0,0.0,0.0,0.0,0.0,0.0,0.3029596412269022,0.0,0.0,0.0,0.0,0.5929896028557164,0.0,0.0,0.0,0.0,0.0,0.0,0.0,0.0,0.0,0.0,0.0,0.0,0.0,0.0,0.0,0.0,0.0,0.0,0.0,0.0,0.0,0.0,0.0,0.0,0.0,0.0,0.0,0.0,0.0,0.0,0.0,0.0,0.0,0.0,0.0,0.0,0.0,0.0,0.0,0.0,0.0,0.0,0.0,0.0,0.0,0.0,0.0,0.0,0.0,0.0,0.0,0.0,0.0,0.0,0.0,0.0,0.0,0.2880133118253343,0.0,0.0,0.0,0.0,0.0,0.0,0.0,0.0,0.0,0.0,0.0,0.0,0.0,0.0,0.0,0.0,0.0,0.0,0.0,0.0,0.0,0.0,0.0,0.0,0.0,0.0,0.4058154241465146,0.0,0.0,0.0,0.0,0.0,0.0,0.0,0.0,0.0,0.0,0.0,0.0,0.0,0.3786095186770998,0.0,0.0,0.0,0.4069346296347469,0.0,0.0,0.0,0.0,0.0,0.0,0.0,0.0,0.0,0.0,0.0,0.0,0.0,0.0,0.0,0.0,0.0,0.0,0.0,0.0,0.0,0.0,0.0,0.0,0.0,0.0,0.0,0.0,0.0,0.0,0.0,0.0,0.0,0.0,0.0,0.0,0.0,0.0,0.0,0.0
042271aadf2191749876fc99997d0e6bdd3b89159e7ab8cd11a9f13ae65fa6b1,0.0,0.0,0.0,0.0,0.0,0.0,0.0,0.0,0.0,0.0,0.0,0.0,0.19014268427569278,0.0,0.0,0.0,0.0,0.0,0.0,0.0,0.0,0.0,0.0,0.0,0.0,0.0,0.0,0.0,0.0,0.0,0.0,0.0,0.0,0.0,0.3109293706621264,0.0,0.0,0.0,0.0,0.0,0.0,0.548997529756373,0.0,0.0,0.0,0.0,0.0,0.0,0.0,0.0,0.0,0.0,0.0,0.0,0.0,0.0,0.0,0.0,0.0,0.0,0.0,0.0,0.0,0.0,0.0,0.0,0.0,0.0,0.0,0.0,0.0,0.0,0.0,0.0,0.0,0.0,0.0,0.0,0.0,0.1653784865125446,0.0,0.0,0.0,0.0,0.0,0.0,0.0,0.0,0.0,0.0,0.0,0.0,0.0,0.0,0.0,0.0,0.0,0.0,0.0,0.0,0.0,0.0,0.0,0.0,0.0,0.0,0.3041637717903869,0.0,0.0,0.0,0.0,0.0,0.0,0.0,0.0,0.0,0.2376218491745403,0.0,0.2413727815027259,0.21395836912697538,0.0,0.0,0.0,0.0,0.0,0.0,0.0,0.0,0.0,0.0,0.0,0.0,0.0,0.0,0.0,0.0,0.0,0.0,0.0,0.0,0.0,0.0,0.0,0.0,0.0,0.1965571661994493,0.4066802524479896,0.0,0.0,0.0,0.0,0.0,0.0,0.0,0.28526840104727696,0.0,0.0,0.0,0.0,0.0,0.0
14910c0c902170b9ae33ed613976464020ac0e6df96566a4a2974104fd587aa2,0.0,0.0,0.0,0.0,0.0,0.0,0.0,0.0,0.0,0.0,0.29488044932214136,0.0,0.19198905109536352,0.0,0.0,0.0,0.0,0.0,0.0,0.0,0.0,0.2806822914341299,0.0,0.0,0.0,0.0,0.0,0.0,0.0,0.0,0.0,0.0,0.0,0.0,0.3139486278869758,0.0,0.0,0.0,0.0,0.0,0.0,0.0,0.0,0.0,0.0,0.0,0.0,0.0,0.0,0.0,0.0,0.0,0.0,0.0,0.0,0.0,0.0,0.0,0.0,0.0,0.0,0.0,0.0,0.0,0.0,0.0,0.0,0.0,0.0,0.0,0.0,0.0,0.0,0.0,0.0,0.18251738817833288,0.38922656479410794,0.3102272670034423,0.0,0.16698438237620766,0.0,0.0,0.0,0.0,0.0,0.0,0.0,0.0,0.0,0.0,0.0,0.0,0.0,0.0,0.0,0.0,0.0,0.0,0.0,0.23444062361147494,0.0,0.0,0.0,0.0,0.0,0.0,0.0,0.0,0.0,0.0,0.0,0.0,0.0,0.0,0.0,0.0,0.23992925900004028,0.22189595717451988,0.0,0.21603599643644433,0.2578792115181603,0.0,0.0,0.0,0.0,0.0,0.0,0.0,0.0,0.0,0.0,0.0,0.0,0.2749119601390377,0.0,0.0,0.0,0.0,0.0,0.0,0.0,0.0,0.0,0.0,0.0,0.19846582038313046,0.0,0.0,0.0,0.0,0.0,0.0,0.0,0.0,0.0,0.0,0.0,0.0,0.0,0.0,0.0
bb86f9dc3d6233f657539dbfd68787724b849c96de18c982620805647dbda743,0.0,0.0,0.0,0.0,0.0,0.0,0.0,0.0,0.0,0.0,0.2243999543234454,0.0,0.1461010195672078,0.0,0.0,0.0,0.0,0.0,0.0,0.0,0.0,0.2135953520214928,0.0,0.0,0.0,0.0,0.0,0.0,0.0,0.0,0.0,0.0,0.0,0.0,0.0,0.0,0.0,0.0,0.0,0.0,0.0,0.0,0.0,0.2529562694714392,0.0,0.0,0.0,0.0,0.0,0.0,0.0,0.0,0.0,0.0,0.0,0.0,0.0,0.0,0.0,0.0,0.0,0.0,0.0,0.0,0.0,0.0,0.0,0.0,0.0,0.0,0.0,0.4634163558766855,0.0,0.0,0.0,0.1388932147404225,0.2961960467777651,0.23607867088336212,0.0,0.12707281158885625,0.0,0.0,0.0,0.0,0.0,0.0,0.0,0.0,0.0,0.0,0.0,0.0,0.0,0.0,0.0,0.0,0.0,0.0,0.0,0.17840608067068922,0.0,0.0,0.0,0.0,0.3328751584905389,0.0,0.0,0.0,0.0,0.0,0.0,0.0,0.0,0.0,0.0,0.0,0.18258285649059647,0.1688597625545624,0.18546498177226617,0.0,0.1962425227534276,0.0,0.0,0.0,0.23063919800548605,0.0,0.0,0.0,0.0,0.0,0.0,0.0,0.0,0.20920420950246035,0.0,0.0,0.0,0.0,0.0,0.0,0.0,0.0,0.0,0.22511458351887123,0.0,0.0,0.0,0.0,0.0,0.0,0.0,0.0,0.0,0.0,0.0,0.0,0.0,0.0,0.0,0.0,0.0
0fda176b199295f72fafc3bc25cefa27fa44ed7712c3a24ca2409217e430436d,0.0,0.0,0.0,0.0,0.0,0.0,0.0,0.0,0.0,0.0,0.0,0.0,0.0,0.0,0.0,0.0,0.0,0.0,0.0,0.0,0.0,0.0,0.0,0.0,0.0,0.0,0.0,0.0,0.0,0.0,0.0,0.0,0.0,0.0,0.2701899817549826,0.0,0.0,0.0,0.0,0.0,0.0,0.0,0.0,0.0,0.0,0.0,0.0,0.0,0.0,0.0,0.0,0.0,0.0,0.0,0.0,0.0,0.0,0.0,0.0,0.0,0.23976225918502744,0.0,0.0,0.0,0.0,0.0,0.0,0.0,0.0,0.0,0.0,0.0,0.0,0.0,0.0,0.15707783185351087,0.0,0.0,0.0,0.14370984046420893,0.0,0.0,0.0,0.0,0.0,0.0,0.0,0.0,0.0,0.0,0.0,0.0,0.0,0.0,0.0,0.0,0.0,0.0,0.0,0.2017639262912,0.7831303066546836,0.0,0.22132521081631581,0.0,0.0,0.0,0.0,0.0,0.0,0.0,0.0,0.0,0.0,0.0,0.0,0.0,0.20648754717617518,0.0,0.2097470151870564,0.18592456456473622,0.0,0.0,0.0,0.0,0.0,0.0,0.0,0.0,0.0,0.0,0.0,0.0,0.0,0.0,0.0,0.0,0.0,0.0,0.0,0.0,0.0,0.0,0.0,0.0,0.0,0.0,0.0,0.0,0.0,0.0,0.0,0.0,0.0,0.0,0.0,0.0,0.0,0.0,0.0,0.0,0.0
7d0cbce0335874149e3c901e113500a5217fb7ec182c1b4b3cfe8a6852d608cd,0.0,0.0,0.0,0.0,0.0,0.0,0.30838356478544604,0.0,0.0,0.0,0.0,0.0,0.11590157963609646,0.0,0.0,0.0,0.2991139975991771,0.22685672388714223,0.0,0.0,0.0,0.0,0.0,0.0,0.0,0.3056256135488386,0.0,0.0,0.0,0.0,0.0,0.0,0.0,0.0,0.0,0.0,0.0,0.0,0.0,0.0,0.0,0.0,0.0,0.0,0.0,0.0,0.0,0.0,0.0,0.2822221677402702,0.0,0.0,0.0,0.0,0.0,0.0,0.0,0.0,0.0,0.0,0.16818337462050614,0.30699290237348914,0.0,0.0,0.0,0.0,0.0,0.0,0.0,0.0,0.0,0.0,0.0,0.0,0.0,0.11018364578725835,0.0,0.0,0.0,0.0,0.0,0.0,0.0,0.0,0.0,0.0,0.0,0.0,0.24148321166613199,0.0,0.0,0.0,0.0,0.0,0.0,0.0,0.0,0.0,0.0,0.0,0.0,0.0,0.1552505426425655,0.0,0.0,0.0,0.0,0.0,0.0,0.0,0.0,0.0,0.0,0.0,0.23272726662131712,0.26488665747470036,0.14484253117752058,0.13395603449602939,0.1471289140778191,0.13041844366846128,0.15567871084179558,0.0,0.0,0.0,0.0,0.0,0.0,0.0,0.0,0.0,0.0,0.0,0.29664860377543606,0.0,0.0,0.0,0.0,0.0,0.0,0.0,0.0,0.0,0.0,0.1785828456656114,0.0,0.1198115306833459,0.0,0.0,0.0,0.0,0.0,0.0,0.0,0.0,0.0,0.0,0.0,0.0,0.0,0.0,0.0
f1fe80a633a1cd5361e637c748ada6d0cfebc7e07f058f60b3dce6067cc91c99,0.0,0.0,0.0,0.0,0.0,0.0,0.0,0.0,0.0,0.0,0.0,0.0,0.16730539523385443,0.0,0.0,0.0,0.0,0.0,0.0,0.0,0.0,0.0,0.0,0.0,0.0,0.0,0.0,0.0,0.0,0.0,0.0,0.0,0.0,0.0,0.0,0.0,0.0,0.0,0.0,0.0,0.0,0.0,0.0,0.0,0.0,0.0,0.0,0.3494770941171941,0.0,0.0,0.0,0.0,0.0,0.0,0.0,0.0,0.0,0.0,0.0,0.0,0.24277482715070667,0.0,0.0,0.0,0.0,0.0,0.0,0.0,0.0,0.0,0.0,0.0,0.0,0.0,0.0,0.0,0.0,0.0,0.0,0.1455155277446297,0.0,0.0,0.0,0.0,0.0,0.0,0.0,0.0,0.0,0.0,0.0,0.0,0.0,0.6777891492407117,0.0,0.0,0.0,0.0,0.0,0.0,0.0,0.0,0.0,0.0,0.0,0.0,0.0,0.0,0.0,0.0,0.0,0.0,0.0,0.0,0.3359447511071511,0.0,0.0,0.0,0.21238244722292882,0.18826067196189059,0.22472418692360774,0.0,0.0,0.0,0.0,0.0,0.0,0.0,0.0,0.0,0.0,0.0,0.0,0.0,0.0,0.0,0.0,0.0,0.0,0.0,0.0,0.0,0.0,0.25778659505660745,0.0,0.0,0.0,0.0,0.0,0.0,0.0,0.0,0.0,0.0,0.0,0.0,0.0,0.0,0.0,0.0,0.0
b529884827298734eb8a64d2b01527c43433ee90a198a2584381595be09a6857,0.0,0.0,0.0,0.0,0.0,0.0,0.0,0.0,0.0,0.0,0.0,0.0,0.0,0.0,0.0,0.0,0.0,0.0,0.0,0.0,0.0,0.0,0.0,0.0,0.0,0.0,0.47362013263255953,0.0,0.0,0.0,0.0,0.0,0.0,0.0,0.0,0.0,0.0,0.0,0.0,0.0,0.0,0.0,0.0,0.0,0.43755539822843553,0.0,0.0,0.0,0.0,0.0,0.0,0.0,0.0,0.0,0.0,0.0,0.0,0.0,0.4356126903791757,0.0,0.0,0.0,0.0,0.0,0.0,0.0,0.0,0.0,0.0,0.0,0.0,0.0,0.0,0.0,0.0,0.0,0.0,0.3644899078716189,0.0,0.19619204570959833,0.0,0.0,0.0,0.0,0.0,0.0,0.0,0.0,0.0,0.0,0.0,0.0,0.0,0.0,0.0,0.0,0.0,0.0,0.0,0.0,0.0,0.0,0.0,0.0,0.0,0.0,0.0,0.0,0.0,0.0,0.0,0.0,0.0,0.0,0.0,0.0,0.0,0.0,0.0,0.2538234024322538,0.0,0.0,0.0,0.0,0.0,0.0,0.0,0.0,0.0,0.0,0.0,0.0,0.0,0.32299751079834055,0.0,0.0,0.0,0.0,0.0,0.0,0.0,0.0,0.0,0.0,0.0,0.23317998216549357,0.0,0.0,0.0,0.0,0.0,0.0,0.0,0.0,0.0,0.0,0.0,0.0,0.0,0.0,0.0
b7237c2cb72c7ad699a4877b44b212805a7c88282f06a5b879288051a45cac4a,0.0,0.0,0.0,0.0,0.0,0.0,0.3164479758674556,0.0,0.0,0.0,0.0,0.0,0.11893247391831945,0.0,0.0,0.0,0.30693600406278754,0.2327891602652504,0.0,0.0,0.0,0.0,0.0,0.0,0.0,0.313617902588509,0.0,0.0,0.0,0.0,0.0,0.0,0.0,0.0,0.0,0.0,0.0,0.0,0.0,0.0,0.0,0.0,0.0,0.0,0.0,0.0,0.0,0.0,0.0,0.2896024429462361,0.0,0.0,0.0,0.0,0.0,0.0,0.0,0.0,0.0,0.0,0.1725814685041507,0.31502094681782095,0.0,0.0,0.0,0.0,0.0,0.0,0.0,0.0,0.0,0.0,0.0,0.0,0.0,0.11306501274584185,0.0,0.0,0.0,0.0,0.0,0.0,0.0,0.0,0.0,0.0,0.0,0.0,0.24779813927790179,0.0,0.0,0.0,0.0,0.0,0.0,0.0,0.0,0.0,0.0,0.14523017429372378,0.0,0.0,0.0,0.0,0.0,0.0,0.0,0.0,0.0,0.0,0.0,0.0,0.0,0.0,0.2388132211349194,0.27181359892017476,0.148630248316036,0.1374590633615379,0.1509764214701106,0.1338289624590788,0.1597498004338074,0.0,0.0,0.0,0.0,0.0,0.0,0.0,0.0,0.0,0.0,0.0,0.30440613874463485,0.0,0.0,0.0,0.0,0.0,0.0,0.0,0.0,0.0,0.0,0.0,0.0,0.0,0.0,0.0,0.0,0.0,0.0,0.0,0.0,0.0,0.0,0.0,0.0,0.0,0.0,0.0,0.0
b818cb146de28aef397ad51ef0403713899e0d7376acd2ec5d2d6c9258d7ba6c,0.0,0.0,0.0,0.0,0.0,0.0,0.0,0.0,0.0,0.0,0.16998962930166628,0.0,0.11067586101656485,0.0,0.0,0.0,0.0,0.0,0.0,0.0,0.0,0.16180482219865985,0.0,0.0,0.0,0.0,0.0,0.0,0.0,0.0,0.0,0.0,0.0,0.0,0.18098185551790194,0.0,0.4707193033490689,0.0,0.0,0.0,0.0,0.0,0.2027110993828766,0.0,0.0,0.0,0.0,0.0,0.0,0.0,0.0,0.0,0.0,0.0,0.0,0.0,0.0,0.0,0.21373292507282252,0.0,0.0,0.0,0.0,0.0,0.21373292507282252,0.0,0.0,0.0,0.0,0.0,0.0,0.0,0.0,0.0,0.0,0.10521573481342873,0.0,0.0,0.0,0.0,0.0,0.4236323600148059,0.0,0.0,0.0,0.0,0.0,0.0,0.23059532455130458,0.0,0.0,0.0,0.0,0.0,0.0,0.0,0.0,0.0,0.0,0.13514790415091021,0.0,0.0,0.0,0.0,0.0,0.0,0.0,0.0,0.0,0.0,0.0,0.0,0.0,0.0,0.0,0.0,0.1383119358702697,0.12791628468535032,0.14049523136027597,0.12453819517186222,0.14865953870915555,0.0,0.0,0.0,0.0,0.0,0.0,0.0,0.0,0.0,0.0,0.0,0.0,0.0,0.0,0.0,0.0,0.34832562374275206,0.0,0.0,0.0,0.0,0.0,0.17053098213921403,0.0,0.11440952193857855,0.0,0.0,0.0,0.0,0.0,0.0,0.0,0.0,0.16604544122743412,0.0,0.0,0.0,0.0,0.0,0.0
b803f8964ba32cb741ae8f49c57609a81eb155f1af105c430d4ef22c506840b0,0.0,0.0,0.0,0.0,0.0,0.0,0.0,0.0,0.0,0.0,0.21985677038441231,0.0,0.143143069742417,0.0,0.0,0.0,0.0,0.0,0.0,0.0,0.0,0.20927091721631702,0.0,0.0,0.0,0.0,0.0,0.0,0.0,0.0,0.0,0.0,0.0,0.0,0.0,0.0,0.0,0.0,0.0,0.0,0.0,0.0,0.0,0.2478349366075122,0.0,0.0,0.0,0.299005444424975,0.0,0.0,0.0,0.0,0.0,0.0,0.0,0.0,0.0,0.0,0.0,0.0,0.0,0.0,0.0,0.0,0.0,0.0,0.0,0.0,0.0,0.0,0.0,0.0,0.0,0.0,0.0,0.13608119356888596,0.2901992847615563,0.23129904056151446,0.0,0.12450010537579642,0.0,0.0,0.0,0.0,0.0,0.0,0.0,0.0,0.0,0.0,0.0,0.0,0.0,0.0,0.0,0.0,0.0,0.0,0.0,0.17479408510334327,0.0,0.0,0.0,0.0,0.3261357940449584,0.0,0.0,0.0,0.0,0.0,0.0,0.0,0.0,0.0,0.0,0.0,0.1788862982464035,0.0,0.18171007224485017,0.16107197534620923,0.19226941197354028,0.0,0.0,0.0,0.225969694826445,0.0,0.0,0.0,0.39780796766142384,0.0,0.0,0.0,0.0,0.20496867742556998,0.0,0.0,0.0,0.0,0.0,0.0,0.0,0.0,0.0,0.22055693125299372,0.0,0.0,0.0,0.0,0.0,0.0,0.0,0.0,0.0,0.0,0.0,0.0,0.0,0.0,0.0,0.0,0.0
b407e91e4e3f005698d688198db32e9ebce62920639d4af69ffed72921310e78,0.0,0.0,0.0,0.0,0.0,0.0,0.0,0.0,0.0,0.0,0.19954364571873004,0.0,0.12991771845747735,0.0,0.0,0.0,0.0,0.0,0.0,0.0,0.0,0.1899358463750412,0.0,0.0,0.0,0.0,0.0,0.0,0.0,0.0,0.0,0.0,0.0,0.0,0.0,0.0,0.0,0.0,0.0,0.0,0.0,0.0,0.0,0.22493683820000104,0.0,0.0,0.0,0.0,0.3198370689623036,0.3163516860258581,0.0,0.0,0.0,0.0,0.0,0.0,0.0,0.0,0.0,0.0,0.0,0.0,0.0,0.0,0.0,0.0,0.0,0.0,0.0,0.0,0.0,0.0,0.4523753250203638,0.0,0.0,0.12350830693552711,0.2633870367741672,0.2099287355317274,0.0,0.1129972248551407,0.0,0.0,0.0,0.0,0.0,0.0,0.0,0.0,0.2706861114745078,0.0,0.0,0.0,0.0,0.0,0.0,0.0,0.0,0.0,0.0,0.1586444162288303,0.0,0.0,0.0,0.0,0.0,0.0,0.0,0.0,0.0,0.0,0.0,0.0,0.0,0.0,0.0,0.0,0.16235853942001785,0.0,0.16492141777646147,0.14619012699723877,0.0,0.0,0.0,0.0,0.20509178156659846,0.0,0.0,0.0,0.0,0.0,0.0,0.0,0.0,0.18603110143086313,0.0,0.0,0.0,0.0,0.0,0.0,0.0,0.0,0.0,0.20017911694875876,0.0,0.13430050530933893,0.0,0.0,0.0,0.0,0.0,0.0,0.0,0.0,0.0,0.0,0.0,0.0,0.0,0.0,0.0
5ca6d298c6d1b95e2d810bf3906b55355416d88c05c17d4094f87924db898c7e,0.0,0.0,0.0,0.0,0.0,0.0,0.0,0.0,0.0,0.0,0.2379712385443373,0.0,0.15493693251329838,0.0,0.0,0.0,0.0,0.0,0.0,0.0,0.0,0.2265131943592275,0.0,0.0,0.0,0.0,0.0,0.0,0.0,0.0,0.0,0.0,0.0,0.0,0.0,0.0,0.0,0.0,0.0,0.0,0.0,0.0,0.0,0.2682545855464293,0.0,0.0,0.0,0.0,0.0,0.0,0.0,0.0,0.0,0.0,0.0,0.0,0.0,0.0,0.0,0.0,0.0,0.0,0.0,0.0,0.0,0.0,0.0,0.0,0.0,0.0,0.0,0.4914428993631758,0.0,0.0,0.0,0.14729321330227027,0.31410942268751085,0.2503562617621485,0.0,0.1347579345561029,0.0,0.0,0.0,0.0,0.0,0.0,0.0,0.0,0.0,0.0,0.0,0.0,0.0,0.0,0.0,0.0,0.0,0.0,0.0,0.1891957425260897,0.0,0.0,0.0,0.0,0.0,0.0,0.0,0.0,0.0,0.0,0.0,0.0,0.0,0.0,0.0,0.0,0.1936251218367143,0.17907208117115694,0.19668155259663458,0.0,0.20811089884352627,0.0,0.0,0.0,0.2445878198670547,0.0,0.0,0.0,0.0,0.0,0.0,0.0,0.0,0.22185648385752813,0.0,0.0,0.0,0.0,0.0,0.0,0.0,0.0,0.0,0.23872908715998498,0.0,0.0,0.0,0.0,0.0,0.0,0.0,0.0,0.0,0.0,0.0,0.0,0.0,0.0,0.0,0.0,0.0
0ffab407dd3ebd93f007e24f439bbda8c8b68d50b5ba6537213608608c6f8d61,0.0,0.0,0.0,0.0,0.0,0.0,0.2761377046867982,0.0,0.0,0.0,0.0,0.0,0.10378243144232657,0.0,0.0,0.0,0.2678374017571099,0.20313564722732796,0.0,0.0,0.0,0.0,0.0,0.0,0.0,0.2736681362302407,0.0,0.0,0.0,0.0,0.0,0.0,0.0,0.0,0.0,0.0,0.0,0.0,0.0,0.0,0.0,0.0,0.0,0.1796867453224717,0.0,0.0,0.0,0.0,0.25549608688024583,0.2527118514430271,0.0,0.0,0.0,0.0,0.0,0.0,0.0,0.0,0.0,0.0,0.15059742585989547,0.27489245568431275,0.0,0.0,0.0,0.0,0.0,0.0,0.0,0.0,0.0,0.0,0.0,0.0,0.0,0.09866238838922928,0.21040199451901095,0.16769779258574927,0.0,0.09026579962255218,0.0,0.0,0.0,0.0,0.0,0.0,0.0,0.0,0.21623272899214174,0.0,0.0,0.0,0.0,0.0,0.0,0.0,0.0,0.0,0.0,0.12673023700277963,0.0,0.0,0.0,0.0,0.0,0.0,0.0,0.0,0.0,0.0,0.0,0.0,0.0,0.0,0.2083923417499711,0.23718901377935533,0.12969719747618064,0.1199490378821409,0.13174450673068921,0.11678135217254296,0.13940030140828708,0.0,0.0,0.0,0.1638338789545998,0.0,0.0,0.0,0.0,0.0,0.0,0.0,0.26562979970117506,0.1486075976365629,0.0,0.0,0.0,0.0,0.0,0.0,0.0,0.0,0.0,0.0,0.0,0.10728354184805258,0.0,0.0,0.0,0.0,0.0,0.0,0.0,0.0,0.0,0.0,0.0,0.0,0.0,0.0,0.0
b85b8ee9ea3f8b05ee4fc5325e2c9f060468dda68ac533d40d695b29b7906f9c,0.0,0.0,0.0,0.0,0.0,0.0,0.0,0.0,0.0,0.0,0.2430378352016116,0.0,0.15823566285214963,0.0,0.0,0.0,0.0,0.0,0.0,0.0,0.0,0.23133584015621178,0.0,0.0,0.0,0.0,0.33224046243585664,0.0,0.0,0.0,0.0,0.0,0.0,0.0,0.0,0.0,0.0,0.0,0.0,0.0,0.0,0.0,0.0,0.0,0.306941360454167,0.0,0.0,0.0,0.0,0.0,0.0,0.0,0.0,0.0,0.0,0.0,0.0,0.0,0.3055785675538141,0.0,0.0,0.0,0.0,0.0,0.0,0.0,0.0,0.258310279090949,0.0,0.0,0.0,0.0,0.0,0.0,0.0,0.15042920278873687,0.0,0.2556865453994943,0.0,0.1376270380029715,0.0,0.0,0.0,0.0,0.0,0.0,0.0,0.0,0.0,0.0,0.0,0.0,0.0,0.0,0.0,0.0,0.0,0.0,0.0,0.19322387013729522,0.0,0.0,0.0,0.0,0.0,0.0,0.0,0.0,0.0,0.0,0.0,0.0,0.0,0.0,0.0,0.0,0.19774755445110542,0.0,0.0,0.1780549406385964,0.0,0.0,0.0,0.0,0.24979528879535354,0.0,0.28749434659548556,0.0,0.0,0.0,0.0,0.0,0.0,0.22657998458973008,0.0,0.0,0.0,0.0,0.0,0.0,0.0,0.0,0.0,0.24381181901614404,0.0,0.16357375830885973,0.0,0.0,0.0,0.0,0.0,0.0,0.0,0.0,0.0,0.0,0.0,0.0,0.0,0.0,0.0
b47b40aeaf31f4342d50be9cb114ccdce5903db6c6aa84c73b3cb69a50bea774,0.0,0.0,0.0,0.0,0.0,0.0,0.0,0.0,0.0,0.0,0.0,0.0,0.2696187478228769,0.0,0.0,0.0,0.0,0.0,0.0,0.0,0.0,0.0,0.0,0.0,0.0,0.0,0.0,0.0,0.0,0.0,0.0,0.0,0.0,0.0,0.0,0.0,0.0,0.0,0.0,0.0,0.0,0.0,0.0,0.0,0.0,0.0,0.0,0.0,0.0,0.0,0.0,0.0,0.0,0.0,0.0,0.0,0.0,0.0,0.0,0.0,0.0,0.0,0.0,0.0,0.5206772560642672,0.0,0.0,0.4401365200672486,0.0,0.0,0.0,0.0,0.0,0.0,0.0,0.2563172710932393,0.0,0.0,0.0,0.23450358145624928,0.0,0.0,0.0,0.0,0.0,0.0,0.0,0.0,0.0,0.0,0.0,0.0,0.0,0.0,0.0,0.0,0.0,0.0,0.0,0.0,0.0,0.0,0.0,0.0,0.0,0.0,0.0,0.0,0.0,0.0,0.0,0.0,0.0,0.0,0.0,0.0,0.33694331009287337,0.31161834374938263,0.0,0.0,0.36215122530368243,0.0,0.0,0.0,0.0,0.0,0.0,0.0,0.0,0.0,0.0,0.0,0.0,0.0,0.0,0.0,0.0,0.0,0.0,0.0,0.0,0.0,0.0,0.0,0.0,0.0,0.0,0.0,0.0,0.0,0.0,0.0,0.0,0.0,0.0,0.0,0.0,0.0,0.0,0.0,0.0
b45f9e29351506203a4101b1559e928ec3de39850008d82598b8ce1c3a7a13c3,0.0,0.0,0.0,0.0,0.0,0.0,0.0,0.0,0.0,0.0,0.19737677896492917,0.0,0.12850692743057598,0.0,0.0,0.0,0.0,0.0,0.0,0.0,0.0,0.18787331178827096,0.0,0.0,0.0,0.0,0.0,0.0,0.0,0.0,0.0,0.0,0.0,0.0,0.0,0.0,0.0,0.0,0.0,0.0,0.0,0.0,0.0,0.22249422393060103,0.0,0.0,0.0,0.0,0.3163639224791306,0.3129163877055872,0.0,0.0,0.0,0.0,0.0,0.0,0.0,0.0,0.0,0.0,0.0,0.0,0.0,0.0,0.0,0.0,0.0,0.0,0.0,0.0,0.0,0.0,0.0,0.0,0.0,0.1221671164247851,0.2605268875004963,0.20764909592680433,0.0,0.11177017535963586,0.0,0.0,0.0,0.0,0.0,0.0,0.0,0.0,0.26774670073277707,0.0,0.0,0.0,0.0,0.0,0.0,0.0,0.0,0.0,0.0,0.15692167877976637,0.0,0.0,0.0,0.0,0.2927889481011285,0.0,0.0,0.0,0.0,0.0,0.0,0.0,0.0,0.0,0.0,0.0,0.160595469892057,0.0,0.16313051766595008,0.14460263206707819,0.0,0.0,0.0,0.0,0.20286466698545627,0.0,0.0,0.0,0.0,0.0,0.0,0.0,0.0,0.1840109689059132,0.0,0.0,0.0,0.0,0.0,0.0,0.0,0.0,0.0,0.1980053495418382,0.0,0.13284212111010635,0.0,0.0,0.0,0.0,0.0,0.3689146372271587,0.0,0.0,0.0,0.0,0.0,0.0,0.0,0.0,0.0
5fb31e60567d6a71966f7232cc9836835ad962bc588960a54c3f5a2f30f49de8,0.0,0.0,0.0,0.0,0.0,0.0,0.0,0.0,0.0,0.0,0.20154936545257338,0.0,0.13122359081812054,0.0,0.0,0.0,0.0,0.0,0.0,0.0,0.0,0.19184499298738505,0.0,0.0,0.0,0.0,0.0,0.0,0.0,0.0,0.0,0.0,0.0,0.0,0.0,0.0,0.0,0.0,0.0,0.0,0.0,0.0,0.0,0.22719779847072802,0.0,0.0,0.0,0.0,0.3230519221264908,0.0,0.0,0.0,0.0,0.0,0.0,0.0,0.0,0.0,0.0,0.0,0.0,0.0,0.0,0.0,0.0,0.0,0.0,0.0,0.0,0.0,0.0,0.0,0.0,0.0,0.0,0.12474975487851674,0.2660344805220935,0.2120388413486286,0.0,0.1141330202995166,0.0,0.0,0.0,0.0,0.0,0.0,0.0,0.0,0.2734069221197489,0.0,0.0,0.0,0.0,0.0,0.0,0.0,0.0,0.0,0.0,0.1602390359680263,0.0,0.0,0.0,0.0,0.0,0.0,0.0,0.0,0.0,0.0,0.0,0.0,0.0,0.0,0.0,0.0,0.16399049179464634,0.0,0.16657913100995592,0.0,0.0,0.0,0.0,0.0,0.20715326857639804,0.0,0.0,0.0,0.0,0.0,0.0,0.0,0.0,0.1879009993667485,0.0,0.0,0.0,0.41299465576006955,0.0,0.0,0.0,0.0,0.0,0.202191224143259,0.0,0.13565043140091576,0.0,0.0,0.0,0.0,0.0,0.3767135700016252,0.0,0.0,0.0,0.0,0.0,0.0,0.0,0.0,0.0
b28c7e4510175a83aa87b5511c73319de27fc894ffc28d561d4689c3ca27d1f9,0.0,0.0,0.0,0.0,0.0,0.0,0.0,0.0,0.0,0.0,0.21023352136743576,0.0,0.136877620637633,0.0,0.0,0.0,0.0,0.0,0.0,0.0,0.0,0.20011101668260808,0.0,0.0,0.0,0.0,0.0,0.0,0.0,0.0,0.0,0.0,0.0,0.0,0.0,0.0,0.0,0.0,0.0,0.0,0.0,0.0,0.0,0.2369870682161471,0.0,0.0,0.0,0.0,0.33697125773959435,0.0,0.0,0.0,0.0,0.0,0.0,0.0,0.0,0.0,0.0,0.0,0.0,0.0,0.0,0.0,0.0,0.0,0.0,0.0,0.0,0.0,0.0,0.0,0.0,0.0,0.0,0.13012484658011195,0.2774971060798352,0.22117495722844543,0.0,0.119050668842292,0.0,0.0,0.0,0.0,0.0,0.0,0.0,0.0,0.2851872040102877,0.0,0.0,0.0,0.0,0.0,0.0,0.0,0.0,0.0,0.0,0.16714325404318084,0.0,0.0,0.0,0.0,0.0,0.0,0.0,0.0,0.0,0.0,0.0,0.0,0.0,0.0,0.0,0.0,0.1710563488173259,0.0,0.17375652471002762,0.154021768406015,0.0,0.0,0.0,0.0,0.216078879820826,0.0,0.0,0.0,0.0,0.0,0.0,0.0,0.0,0.19599708824003884,0.0,0.0,0.0,0.0,0.0,0.0,0.0,0.0,0.0,0.2109030358184494,0.0,0.1414952004655998,0.2927560717228647,0.31678865495538683,0.0,0.0,0.0,0.0,0.0,0.0,0.2053555735115124,0.0,0.0,0.0,0.0,0.0,0.0
b9d63fdb2ed5ccfb4dd3f9b0135d392aa5e2d9f5125550f96202823413752e6f,0.0,0.0,0.0,0.0,0.0,0.0,0.0,0.0,0.0,0.0,0.0,0.0,0.22409002946667733,0.0,0.0,0.0,0.0,0.0,0.0,0.0,0.0,0.0,0.0,0.0,0.0,0.0,0.0,0.0,0.0,0.0,0.0,0.0,0.0,0.0,0.0,0.0,0.0,0.0,0.0,0.0,0.0,0.0,0.0,0.0,0.0,0.0,0.0,0.46809209116768397,0.0,0.0,0.0,0.0,0.0,0.0,0.0,0.0,0.0,0.0,0.0,0.0,0.0,0.0,0.0,0.0,0.4327539631284136,0.0,0.0,0.3658136036445974,0.0,0.0,0.0,0.0,0.0,0.0,0.0,0.21303468433076353,0.0,0.0,0.0,0.19490452686581855,0.0,0.0,0.0,0.0,0.0,0.0,0.0,0.0,0.0,0.0,0.0,0.0,0.0,0.0,0.0,0.0,0.0,0.0,0.0,0.0,0.0,0.0,0.300169322840317,0.0,0.0,0.0,0.0,0.0,0.0,0.0,0.0,0.0,0.0,0.0,0.0,0.0,0.2800459422685042,0.2589974339582304,0.0,0.0,0.3009971650896066,0.0,0.0,0.0,0.0,0.0,0.0,0.0,0.0,0.0,0.0,0.0,0.0,0.0,0.0,0.0,0.0,0.0,0.0,0.0,0.0,0.0,0.0,0.0,0.0,0.0,0.0,0.0,0.0,0.0,0.0,0.0,0.0,0.0,0.0,0.0,0.0,0.0,0.0,0.0,0.0
b9d0e6a73f63d4f9e77b7640934ffd3268454052fbf942ed9f9779b45c55430f,0.0,0.0,0.0,0.0,0.0,0.0,0.0,0.0,0.0,0.0,0.0,0.0,0.12399296019106285,0.0,0.0,0.0,0.31999589749641094,0.0,0.0,0.4031551493491188,0.0,0.0,0.0,0.0,0.0,0.0,0.2603425655767703,0.0,0.0,0.0,0.0,0.0,0.0,0.0,0.2027585401226491,0.0,0.0,0.0,0.0,0.0,0.0,0.0,0.227102360399127,0.0,0.24051827003969964,0.0,0.0,0.0,0.0,0.0,0.0,0.0,0.0,0.0,0.0,0.0,0.0,0.0,0.23945038987415185,0.0,0.0,0.0,0.0,0.0,0.0,0.0,0.0,0.0,0.0,0.0,0.0,0.0,0.0,0.0,0.0,0.11787584301008779,0.0,0.20035516061086978,0.0,0.10784410755912292,0.0,0.0,0.0,0.0,0.0,0.0,0.0,0.0,0.0,0.0,0.0,0.0,0.0,0.0,0.0,0.0,0.0,0.0,0.0,0.15140960770823647,0.0,0.0,0.16608897319571392,0.4600671163163599,0.0,0.0,0.0,0.0,0.0,0.0,0.0,0.0,0.0,0.0,0.0,0.0,0.1549543522931743,0.0,0.1574003533298155,0.13952328298489897,0.0,0.0,0.0,0.0,0.0,0.0,0.0,0.0,0.0,0.0,0.0,0.0,0.0,0.17754735249269613,0.0,0.0,0.0,0.0,0.0,0.0,0.0,0.0,0.0,0.0,0.0,0.1281758747472991,0.0,0.0,0.0,0.0,0.0,0.0,0.0,0.0,0.0,0.0,0.0,0.0,0.0,0.0,0.0
b72ca6cd6e45b2d7f82111021bc01cfa1e67809a012b58fb03e518db14644ea5,0.0,0.22780715285592948,0.0,0.0,0.0,0.0,0.0,0.0,0.0,0.0,0.0,0.28602077554752453,0.10651086026550836,0.0,0.0,0.0,0.0,0.0,0.0,0.0,0.0,0.0,0.34936509197492605,0.0,0.3796778206020666,0.0,0.0,0.0,0.0,0.0,0.0,0.0,0.0,0.0,0.0,0.0,0.0,0.0,0.0,0.0,0.0,0.0,0.0,0.0,0.20660695423373507,0.0,0.0,0.2224859866920791,0.0,0.0,0.0,0.0,0.0,0.0,0.0,0.0,0.32785786874229733,0.0,0.0,0.0,0.0,0.0,0.0,0.0,0.0,0.0,0.0,0.0,0.0,0.0,0.0,0.0,0.0,0.0,0.0,0.10125621183799598,0.0,0.0,0.0,0.09263887766683164,0.0,0.0,0.0,0.0,0.0,0.0,0.0,0.0,0.0,0.0,0.0,0.0,0.0,0.0,0.0,0.0,0.0,0.0,0.0,0.1300619611356758,0.0,0.0,0.14267164352259354,0.0,0.0,0.0,0.17038123301143154,0.0,0.0,0.0,0.0,0.0,0.0,0.0,0.0,0.0,0.13310692267689114,0.1231024850284667,0.0,0.11985152120644901,0.14306512015493555,0.0,0.0,0.0,0.0,0.0,0.19351686987254532,0.0,0.0,0.0,0.0,0.0,0.0,0.0,0.0,0.0,0.0,0.0,0.0,0.0,0.0,0.0,0.20614688885835816,0.0,0.0,0.1101040144826133,0.0,0.0,0.0,0.0,0.0,0.0,0.0,0.0,0.0,0.3796778206020666,0.0,0.0,0.0,0.0,0.0
afac44f3d45291fc6e6d4baa02c40e917cd251b9cc98956c86f1438a9ffeffc5,0.0,0.0,0.0,0.0,0.0,0.0,0.0,0.0,0.0,0.0,0.27530266106715123,0.0,0.17924245837189917,0.0,0.0,0.0,0.0,0.0,0.0,0.0,0.0,0.2620471513926155,0.0,0.0,0.0,0.0,0.3763475071562261,0.0,0.0,0.0,0.0,0.0,0.0,0.0,0.0,0.0,0.0,0.0,0.0,0.0,0.0,0.0,0.0,0.0,0.3476897877011846,0.0,0.0,0.0,0.0,0.0,0.0,0.0,0.0,0.0,0.0,0.0,0.0,0.0,0.34614607533376923,0.0,0.0,0.0,0.0,0.0,0.0,0.0,0.0,0.0,0.0,0.0,0.0,0.0,0.0,0.0,0.0,0.1703996408443765,0.0,0.0,0.0,0.15589790686531244,0.0,0.0,0.0,0.0,0.0,0.0,0.0,0.0,0.0,0.0,0.0,0.0,0.0,0.0,0.0,0.0,0.0,0.0,0.0,0.0,0.0,0.0,0.0,0.0,0.4083842940694411,0.0,0.0,0.0,0.0,0.0,0.0,0.0,0.0,0.0,0.0,0.0,0.0,0.0,0.0,0.20169287194849975,0.0,0.0,0.0,0.0,0.2829572098120069,0.0,0.0,0.0,0.0,0.0,0.0,0.0,0.0,0.2566599256052507,0.0,0.0,0.0,0.0,0.0,0.0,0.0,0.0,0.0,0.0,0.0,0.18528922011598592,0.0,0.0,0.0,0.0,0.0,0.0,0.0,0.0,0.0,0.0,0.0,0.0,0.0,0.0,0.0
aeeb16bba21d151520e8647a94a0c46581dc2fabc9ee2c80642dd4734f432a98,0.0,0.0,0.0,0.0,0.0,0.0,0.0,0.0,0.0,0.0,0.0,0.0,0.1967048313039758,0.0,0.0,0.0,0.0,0.0,0.0,0.0,0.0,0.0,0.0,0.0,0.0,0.0,0.0,0.0,0.0,0.0,0.0,0.0,0.0,0.0,0.0,0.0,0.0,0.0,0.0,0.0,0.0,0.0,0.3602795789552,0.0,0.0,0.0,0.0,0.0,0.0,0.0,0.0,0.0,0.5646955610275495,0.0,0.0,0.0,0.0,0.0,0.0,0.0,0.0,0.0,0.0,0.0,0.0,0.0,0.0,0.0,0.0,0.0,0.0,0.0,0.0,0.0,0.0,0.18700051824220024,0.0,0.0,0.0,0.17108597900926736,0.0,0.0,0.0,0.0,0.0,0.0,0.0,0.0,0.40983836943957463,0.0,0.0,0.0,0.0,0.0,0.0,0.0,0.0,0.0,0.0,0.0,0.0,0.0,0.0,0.0,0.0,0.0,0.0,0.0,0.0,0.0,0.0,0.0,0.0,0.0,0.0,0.0,0.0,0.0,0.2497029662104896,0.22134243589499855,0.0,0.0,0.0,0.0,0.0,0.0,0.35738799919428843,0.0,0.0,0.0,0.0,0.0,0.0,0.0,0.0,0.0,0.0,0.0,0.0,0.0,0.0,0.0,0.0,0.0,0.0,0.20334068789515272,0.0,0.0,0.0,0.0,0.0,0.0,0.0,0.0,0.0,0.0,0.0,0.0,0.0,0.0,0.0
aee70e4294c47b9cbe681db4b3660ee65ca4275a4311a1240b57696bb537095e,0.0,0.0,0.0,0.0,0.0,0.0,0.0,0.0,0.0,0.0,0.0,0.0,0.0,0.0,0.0,0.0,0.0,0.0,0.0,0.0,0.0,0.0,0.0,0.0,0.0,0.0,0.44435457172793535,0.0,0.0,0.0,0.0,0.0,0.0,0.0,0.34606974107664024,0.0,0.0,0.0,0.0,0.0,0.0,0.0,0.0,0.0,0.4105183208879419,0.0,0.0,0.0,0.0,0.0,0.0,0.0,0.0,0.0,0.0,0.0,0.0,0.0,0.40869565530666246,0.0,0.0,0.0,0.0,0.0,0.0,0.0,0.0,0.0,0.0,0.0,0.0,0.0,0.0,0.0,0.0,0.0,0.0,0.34196763556312026,0.0,0.18406910188370415,0.0,0.0,0.0,0.0,0.0,0.0,0.0,0.0,0.0,0.0,0.0,0.0,0.0,0.0,0.0,0.0,0.0,0.0,0.0,0.0,0.0,0.0,0.0,0.0,0.0,0.0,0.0,0.0,0.0,0.0,0.0,0.0,0.0,0.0,0.0,0.0,0.0,0.0,0.0,0.23813934736134526,0.0,0.0,0.0,0.0,0.0,0.0,0.0,0.0,0.0,0.0,0.0,0.0,0.0,0.3030391038958105,0.0,0.0,0.0,0.0,0.0,0.0,0.0,0.0,0.0,0.0,0.0,0.21877150900394896,0.0,0.0,0.0,0.0,0.0,0.0,0.0,0.0,0.0,0.0,0.0,0.0,0.0,0.0,0.0
bc5c16685482832a733991a0a5a29c0affe69cb5fa4e07c1ad6bae49c46bad2b,0.0,0.0,0.0,0.0,0.0,0.0,0.0,0.0,0.0,0.0,0.0,0.35705115375022006,0.1329617594104079,0.44858839407084433,0.0,0.0,0.0,0.0,0.0,0.0,0.0,0.0,0.0,0.45792882062308976,0.0,0.0,0.0,0.0,0.0,0.0,0.0,0.0,0.0,0.0,0.21742470047211893,0.0,0.0,0.0,0.0,0.0,0.0,0.0,0.0,0.0,0.0,0.0,0.0,0.0,0.0,0.0,0.0,0.0,0.0,0.0,0.0,0.0,0.0,0.0,0.0,0.0,0.0,0.0,0.0,0.0,0.0,0.0,0.0,0.0,0.0,0.0,0.0,0.0,0.0,0.0,0.0,0.12640217198182496,0.0,0.0,0.0,0.11564480968121761,0.0,0.0,0.0,0.0,0.0,0.0,0.0,0.0,0.27702843043223807,0.0,0.0,0.0,0.0,0.0,0.0,0.0,0.0,0.0,0.0,0.162361538925319,0.0,0.0,0.17810270890171015,0.0,0.0,0.0,0.2126936957906701,0.0,0.0,0.0,0.0,0.0,0.0,0.0,0.0,0.0,0.16616268599002001,0.1536737470374069,0.16878561394375508,0.14961543910075575,0.0,0.0,0.0,0.0,0.0,0.0,0.0,0.0,0.0,0.0,0.0,0.0,0.0,0.0,0.0,0.0,0.0,0.0,0.0,0.0,0.0,0.0,0.25734139196005756,0.0,0.0,0.1374472372795028,0.0,0.0,0.0,0.0,0.0,0.0,0.0,0.0,0.0,0.0,0.0,0.0,0.0,0.0,0.0
ad28bbb99354fbdc5912b497c26f6c2013574c879ea720640000011b44dc41c9,0.0,0.0,0.0,0.0,0.0,0.0,0.0,0.0,0.0,0.0,0.0,0.0,0.0,0.0,0.0,0.0,0.0,0.0,0.0,0.0,0.0,0.0,0.0,0.0,0.0,0.0,0.41431788215660964,0.0,0.0,0.0,0.0,0.0,0.0,0.0,0.3226767345811146,0.0,0.0,0.0,0.0,0.0,0.0,0.0,0.3614183058574308,0.0,0.3827688339862911,0.0,0.0,0.0,0.0,0.0,0.0,0.0,0.0,0.0,0.0,0.0,0.0,0.0,0.3810693737093801,0.0,0.0,0.0,0.0,0.0,0.0,0.0,0.0,0.0,0.0,0.0,0.0,0.0,0.0,0.0,0.0,0.0,0.0,0.3188519158960373,0.0,0.1716267263018486,0.0,0.0,0.0,0.0,0.0,0.0,0.0,0.0,0.0,0.0,0.0,0.0,0.0,0.0,0.0,0.0,0.0,0.0,0.0,0.0,0.0,0.0,0.0,0.0,0.0,0.0,0.0,0.0,0.0,0.0,0.0,0.0,0.0,0.0,0.0,0.0,0.0,0.0,0.0,0.22204202754848568,0.0,0.0,0.0,0.0,0.0,0.0,0.0,0.0,0.0,0.0,0.0,0.0,0.0,0.2825548058356024,0.0,0.0,0.0,0.0,0.0,0.0,0.0,0.0,0.0,0.0,0.0,0.2039833818615879,0.0,0.0,0.0,0.0,0.0,0.0,0.0,0.0,0.0,0.0,0.0,0.0,0.0,0.0,0.0
ac0ec8320601c7a274a4a97536cc6f3387964581b1a676d0c276381437967ca0,0.0,0.0,0.0,0.0,0.0,0.0,0.0,0.0,0.0,0.0,0.21029346106266097,0.0,0.13691664582643642,0.0,0.0,0.0,0.0,0.2679899774905919,0.0,0.0,0.0,0.2001680703497547,0.0,0.0,0.0,0.0,0.0,0.0,0.0,0.0,0.0,0.0,0.0,0.0,0.0,0.0,0.0,0.0,0.0,0.0,0.0,0.0,0.0,0.23705463561714382,0.0,0.0,0.0,0.0,0.0,0.0,0.0,0.0,0.0,0.0,0.0,0.0,0.0,0.0,0.0,0.0,0.0,0.0,0.0,0.0,0.0,0.0,0.0,0.2235082557126783,0.0,0.0,0.0,0.4342845330970374,0.0,0.0,0.0,0.13016194648499155,0.2775762233008003,0.22123801643727897,0.0,0.1190846113875167,0.0,0.0,0.0,0.0,0.0,0.0,0.0,0.0,0.0,0.0,0.0,0.0,0.0,0.0,0.0,0.0,0.0,0.0,0.0,0.16719090826902044,0.0,0.0,0.0,0.0,0.31194956965035114,0.0,0.0,0.0,0.0,0.0,0.0,0.0,0.0,0.0,0.0,0.0,0.17110511870591338,0.15824470200486104,0.17380606444596872,0.0,0.1839060949985877,0.0,0.0,0.0,0.21614048608664327,0.0,0.0,0.0,0.0,0.0,0.0,0.0,0.0,0.19605296898473512,0.0,0.0,0.0,0.0,0.0,0.0,0.0,0.0,0.0,0.21096316639899054,0.0,0.0,0.0,0.0,0.0,0.0,0.0,0.0,0.0,0.0,0.0,0.0,0.0,0.0,0.0,0.0,0.0
e718fda21871d54c4bade2114a35411b639bee1afe21ef5c5c9a608e72337a9d,0.0,0.0,0.0,0.0,0.0,0.0,0.0,0.0,0.0,0.0,0.0,0.35705115375022006,0.1329617594104079,0.44858839407084433,0.0,0.0,0.0,0.0,0.0,0.0,0.0,0.0,0.0,0.45792882062308976,0.0,0.0,0.0,0.0,0.0,0.0,0.0,0.0,0.0,0.0,0.21742470047211893,0.0,0.0,0.0,0.0,0.0,0.0,0.0,0.0,0.0,0.0,0.0,0.0,0.0,0.0,0.0,0.0,0.0,0.0,0.0,0.0,0.0,0.0,0.0,0.0,0.0,0.0,0.0,0.0,0.0,0.0,0.0,0.0,0.0,0.0,0.0,0.0,0.0,0.0,0.0,0.0,0.12640217198182496,0.0,0.0,0.0,0.11564480968121761,0.0,0.0,0.0,0.0,0.0,0.0,0.0,0.0,0.27702843043223807,0.0,0.0,0.0,0.0,0.0,0.0,0.0,0.0,0.0,0.0,0.162361538925319,0.0,0.0,0.17810270890171015,0.0,0.0,0.0,0.2126936957906701,0.0,0.0,0.0,0.0,0.0,0.0,0.0,0.0,0.0,0.16616268599002001,0.1536737470374069,0.16878561394375508,0.14961543910075575,0.0,0.0,0.0,0.0,0.0,0.0,0.0,0.0,0.0,0.0,0.0,0.0,0.0,0.0,0.0,0.0,0.0,0.0,0.0,0.0,0.0,0.0,0.25734139196005756,0.0,0.0,0.1374472372795028,0.0,0.0,0.0,0.0,0.0,0.0,0.0,0.0,0.0,0.0,0.0,0.0,0.0,0.0,0.0
ac0ae00f56127b9a2036156b7fb50c8eb65347d8773ca8a6e5ca0f92cc39ca59,0.0,0.0,0.0,0.0,0.0,0.0,0.0,0.0,0.0,0.0,0.21845185647166276,0.0,0.14222836654795465,0.0,0.0,0.0,0.0,0.0,0.0,0.0,0.0,0.20793364830885058,0.0,0.0,0.0,0.0,0.0,0.0,0.0,0.0,0.0,0.0,0.0,0.0,0.0,0.0,0.0,0.0,0.0,0.0,0.0,0.0,0.0,0.24625123850307584,0.0,0.0,0.0,0.0,0.3501439558829923,0.0,0.0,0.0,0.0,0.0,0.0,0.0,0.0,0.0,0.0,0.0,0.0,0.0,0.0,0.0,0.0,0.0,0.0,0.0,0.0,0.0,0.0,0.0,0.0,0.0,0.0,0.13521161669948042,0.28834487285548394,0.2298210090252451,0.0,0.12370453319543821,0.0,0.0,0.0,0.0,0.0,0.0,0.0,0.0,0.2963355879347418,0.0,0.0,0.0,0.0,0.0,0.0,0.0,0.0,0.0,0.0,0.17367712772423397,0.0,0.0,0.0,0.0,0.0,0.0,0.0,0.0,0.0,0.0,0.0,0.0,0.0,0.0,0.0,0.0,0.17774319108273867,0.0,0.18054892079094154,0.1600427040678116,0.0,0.0,0.0,0.0,0.2245257185160209,0.0,0.0,0.0,0.0,0.0,0.0,0.0,0.0,0.20365890040078444,0.0,0.0,0.0,0.0,0.0,0.0,0.0,0.0,0.0,0.21914754321946223,0.0,0.14702645430895664,0.0,0.0,0.0,0.0,0.0,0.408305818974594,0.0,0.0,0.0,0.0,0.0,0.0,0.0,0.0,0.0
abe871f5e7219a1448d1308f89acc883b4435574c916253a09c215809e706e1f,0.0,0.0,0.0,0.0,0.0,0.5756951839837533,0.0,0.0,0.0,0.0,0.0,0.0,0.2071521502090596,0.0,0.0,0.0,0.0,0.0,0.0,0.0,0.0,0.3028502920580875,0.0,0.0,0.0,0.0,0.0,0.0,0.0,0.0,0.0,0.0,0.0,0.0,0.0,0.0,0.0,0.0,0.0,0.0,0.0,0.0,0.0,0.0,0.0,0.0,0.0,0.0,0.0,0.0,0.0,0.0,0.0,0.0,0.0,0.0,0.0,0.0,0.0,0.0,0.0,0.0,0.0,0.0,0.0,0.0,0.0,0.0,0.0,0.0,0.0,0.0,0.0,0.0,0.0,0.19693242503137892,0.0,0.0,0.0,0.18017263829998992,0.0,0.0,0.0,0.0,0.0,0.0,0.0,0.0,0.0,0.0,0.0,0.0,0.0,0.0,0.0,0.0,0.0,0.0,0.0,0.0,0.0,0.0,0.0,0.0,0.0,0.0,0.0,0.0,0.0,0.0,0.0,0.0,0.0,0.0,0.0,0.0,0.2588786267568828,0.23942107317654882,0.0,0.233098298726093,0.27824624818667,0.0,0.0,0.0,0.0,0.0,0.0,0.0,0.0,0.0,0.0,0.0,0.0,0.0,0.0,0.0,0.0,0.0,0.0,0.0,0.0,0.0,0.40093349334955825,0.0,0.0,0.21414044811831115,0.0,0.0,0.0,0.0,0.0,0.0,0.0,0.0,0.0,0.0,0.0,0.0,0.0,0.0,0.0
aa7a7e346847c1e79c0148f579c63f5e08e53b6a385193358207cddd20fc1fef,0.0,0.0,0.0,0.0,0.0,0.0,0.0,0.0,0.0,0.0,0.0,0.0,0.20386298587758267,0.0,0.0,0.0,0.0,0.0,0.0,0.0,0.0,0.0,0.0,0.0,0.0,0.0,0.0,0.0,0.0,0.0,0.0,0.0,0.0,0.0,0.0,0.0,0.0,0.0,0.0,0.0,0.0,0.0,0.37339027328222435,0.3529641377155486,0.0,0.0,0.0,0.0,0.0,0.0,0.0,0.0,0.0,0.0,0.0,0.0,0.0,0.0,0.0,0.0,0.0,0.0,0.0,0.0,0.39369228199791273,0.0,0.0,0.0,0.0,0.0,0.0,0.0,0.0,0.0,0.0,0.19380552961913838,0.4132990356954657,0.3294138732971275,0.0,0.0,0.0,0.0,0.0,0.0,0.0,0.0,0.0,0.0,0.0,0.0,0.0,0.0,0.0,0.0,0.0,0.0,0.0,0.0,0.0,0.0,0.0,0.0,0.2730751322078731,0.0,0.0,0.0,0.0,0.0,0.0,0.0,0.0,0.0,0.0,0.0,0.0,0.0,0.0,0.0,0.0,0.0,0.0,0.0,0.0,0.0,0.32182387025834763,0.0,0.0,0.0,0.0,0.0,0.0,0.0,0.0,0.0,0.0,0.0,0.0,0.0,0.0,0.0,0.0,0.0,0.0,0.0,0.0,0.2107403235086153,0.0,0.0,0.0,0.0,0.0,0.0,0.0,0.0,0.0,0.0,0.0,0.0,0.0,0.0,0.0
aa5dd4972e0211d912506d36b72be348566efb407712dd97aab3c8f69bba0294,0.0,0.0,0.0,0.0,0.0,0.0,0.0,0.0,0.0,0.0,0.25157581361838205,0.0,0.1637945202747986,0.0,0.0,0.0,0.0,0.0,0.0,0.0,0.0,0.23946272463344026,0.0,0.0,0.0,0.0,0.34391215089992655,0.0,0.0,0.0,0.0,0.0,0.0,0.0,0.0,0.0,0.0,0.0,0.0,0.0,0.0,0.0,0.0,0.0,0.3177242852962923,0.0,0.0,0.0,0.0,0.0,0.0,0.0,0.0,0.0,0.0,0.0,0.0,0.0,0.31631361714902534,0.0,0.0,0.0,0.0,0.0,0.0,0.0,0.0,0.0,0.0,0.0,0.0,0.0,0.0,0.0,0.0,0.1557138173657091,0.0,0.2646688760899752,0.0,0.1424619094091402,0.0,0.0,0.0,0.0,0.0,0.0,0.0,0.0,0.0,0.0,0.0,0.0,0.0,0.0,0.0,0.0,0.0,0.0,0.0,0.20001187181394173,0.0,0.0,0.0,0.0,0.0,0.0,0.0,0.0,0.0,0.0,0.0,0.0,0.0,0.0,0.0,0.0,0.20469447426082185,0.0,0.0,0.18431005412292517,0.0,0.0,0.0,0.0,0.25857065820471503,0.0,0.29759409309849216,0.0,0.0,0.0,0.0,0.0,0.0,0.23453979470116604,0.0,0.0,0.0,0.0,0.0,0.0,0.0,0.0,0.0,0.25237698767305927,0.0,0.16932014432662743,0.0,0.0,0.0,0.0,0.0,0.0,0.0,0.0,0.0,0.0,0.0,0.0,0.0,0.0,0.0
aa4ebbd38ad2aa5a12d999f6880f4053f676fbabc00a8b26c68bf212a6a2c3b4,0.0,0.0,0.0,0.0,0.0,0.0,0.0,0.0,0.0,0.0,0.0,0.0,0.0,0.0,0.0,0.0,0.0,0.0,0.0,0.5243654356090419,0.4553415465509561,0.0,0.0,0.0,0.0,0.0,0.0,0.0,0.0,0.0,0.0,0.0,0.0,0.0,0.0,0.0,0.0,0.0,0.0,0.0,0.0,0.0,0.0,0.0,0.0,0.0,0.0,0.3368741165410392,0.0,0.0,0.0,0.0,0.0,0.0,0.0,0.0,0.0,0.0,0.0,0.0,0.0,0.0,0.0,0.0,0.0,0.0,0.0,0.0,0.0,0.0,0.0,0.0,0.0,0.0,0.0,0.15331570951669113,0.0,0.0,0.0,0.1402678907348836,0.0,0.0,0.0,0.0,0.0,0.0,0.0,0.0,0.0,0.0,0.0,0.0,0.0,0.0,0.0,0.0,0.0,0.0,0.0,0.19693154119326672,0.0,0.0,0.21602431947163567,0.0,0.0,0.0,0.0,0.0,0.0,0.0,0.0,0.0,0.0,0.0,0.0,0.0,0.0,0.0,0.0,0.0,0.2166200967377482,0.0,0.0,0.0,0.0,0.0,0.0,0.0,0.44818985793602795,0.0,0.0,0.0,0.0,0.0,0.0,0.0,0.0,0.0,0.0,0.0,0.0,0.0,0.0,0.0,0.0,0.1667124889882903,0.0,0.0,0.0,0.0,0.0,0.0,0.0,0.0,0.0,0.0,0.0,0.0,0.0,0.0,0.0
1b5fd1069eddccb6aa751575d2e241dcaa5b2f4969d97dd6854950a8de2a8794,0.0,0.0,0.0,0.0,0.0,0.0,0.0,0.0,0.0,0.0,0.2184245610998713,0.0,0.1422105952357446,0.0,0.0,0.0,0.0,0.0,0.0,0.0,0.0,0.20790766717813275,0.0,0.0,0.0,0.0,0.29859333270875454,0.0,0.0,0.0,0.0,0.0,0.0,0.0,0.0,0.0,0.0,0.0,0.0,0.0,0.0,0.0,0.0,0.24622046962238234,0.2758563574473208,0.0,0.0,0.0,0.0,0.0,0.0,0.0,0.0,0.0,0.0,0.0,0.0,0.0,0.27463157925226045,0.0,0.0,0.0,0.0,0.0,0.27463157925226045,0.0,0.0,0.0,0.0,0.0,0.0,0.0,0.0,0.0,0.0,0.13519472212413577,0.28830884441134125,0.22979229308760946,0.0,0.12368907642029153,0.0,0.0,0.0,0.0,0.0,0.0,0.0,0.0,0.0,0.0,0.0,0.0,0.0,0.0,0.0,0.0,0.0,0.0,0.0,0.17365542691633296,0.0,0.0,0.0,0.0,0.0,0.0,0.0,0.0,0.0,0.0,0.0,0.0,0.0,0.0,0.0,0.0,0.17772098222371424,0.16436331118965478,0.0,0.16002270686943298,0.0,0.0,0.0,0.0,0.2244976642203851,0.0,0.2583788092982356,0.0,0.0,0.0,0.0,0.0,0.0,0.20363345339614522,0.0,0.0,0.0,0.0,0.0,0.0,0.0,0.0,0.0,0.2191201609222093,0.0,0.14700808347980296,0.0,0.0,0.0,0.0,0.0,0.0,0.0,0.0,0.0,0.0,0.0,0.0,0.0,0.0,0.0
a294620543334a721a2ae8eaaf9680a0786f4b9a216d75b55cfd28f39e9430ea,0.0,0.37347841441136775,0.0,0.0,0.0,0.0,0.0,0.0,0.0,0.0,0.0,0.0,0.0,0.0,0.0,0.0,0.0,0.0,0.0,0.0,0.0,0.0,0.0,0.0,0.0,0.0,0.0,0.0,0.0,0.0,0.0,0.0,0.0,0.0,0.2855447434435403,0.0,0.0,0.0,0.0,0.0,0.0,0.0,0.0,0.0,0.0,0.0,0.0,0.0,0.0,0.0,0.0,0.0,0.0,0.0,0.0,0.0,0.0,0.0,0.0,0.595112973313429,0.0,0.0,0.0,0.0,0.0,0.0,0.0,0.0,0.0,0.0,0.0,0.0,0.0,0.0,0.0,0.0,0.0,0.0,0.0,0.0,0.0,0.0,0.0,0.0,0.0,0.0,0.0,0.0,0.0,0.0,0.0,0.0,0.0,0.0,0.0,0.0,0.0,0.0,0.0,0.0,0.0,0.0,0.0,0.0,0.0,0.0,0.0,0.0,0.5727665657802932,0.0,0.0,0.0,0.0,0.0,0.0,0.0,0.2182221313304469,0.0,0.2216668332801051,0.0,0.0,0.0,0.0,0.0,0.0,0.0,0.0,0.0,0.0,0.0,0.0,0.0,0.0,0.0,0.0,0.0,0.0,0.0,0.0,0.0,0.0,0.0,0.0,0.0,0.0,0.0,0.0,0.0,0.0,0.0,0.0,0.0,0.0,0.0,0.0,0.0,0.0,0.0,0.0,0.0,0.0
a5380558b5d0ead794ac3970b904c8412aaa417ffa426f18c3dc62b42e991711,0.0,0.0,0.0,0.0,0.0,0.0,0.0,0.0,0.0,0.0,0.0,0.0,0.30874479639352775,0.0,0.0,0.0,0.0,0.604313014947252,0.0,0.0,0.0,0.0,0.0,0.0,0.0,0.0,0.0,0.0,0.0,0.0,0.0,0.0,0.0,0.0,0.0,0.0,0.0,0.0,0.0,0.0,0.0,0.0,0.0,0.0,0.0,0.0,0.0,0.0,0.0,0.0,0.0,0.0,0.0,0.0,0.0,0.0,0.0,0.0,0.0,0.0,0.0,0.0,0.0,0.0,0.0,0.0,0.0,0.0,0.0,0.0,0.0,0.0,0.0,0.0,0.0,0.0,0.0,0.0,0.0,0.0,0.0,0.0,0.0,0.0,0.0,0.0,0.0,0.0,0.0,0.0,0.0,0.0,0.0,0.0,0.0,0.0,0.0,0.0,0.0,0.3770127629171064,0.0,0.0,0.41356465829595446,0.0,0.0,0.0,0.0,0.0,0.0,0.0,0.0,0.0,0.0,0.0,0.0,0.0,0.0,0.0,0.0,0.0,0.0,0.0,0.0,0.0,0.0,0.0,0.0,0.0,0.0,0.0,0.0,0.0,0.0,0.0,0.0,0.0,0.0,0.0,0.0,0.0,0.0,0.0,0.0,0.4757184888896392,0.0,0.0,0.0,0.0,0.0,0.0,0.0,0.0,0.0,0.0,0.0,0.0,0.0,0.0,0.0,0.0,0.0
a4515730dc2be572ac039d78bfc3c3e2e1bfa4a737e67f0a709b29d94c737ca6,0.0,0.0,0.0,0.0,0.0,0.0,0.0,0.0,0.0,0.0,0.1675028605271802,0.0,0.10905679003914108,0.0,0.0,0.0,0.0,0.0,0.0,0.0,0.0,0.15943778850926435,0.0,0.0,0.0,0.0,0.0,0.0,0.0,0.0,0.0,0.0,0.0,0.0,0.0,0.0,0.0,0.0,0.0,0.0,0.0,0.0,0.0,0.18881866020203264,0.0,0.0,0.0,0.0,0.2684807314251962,0.0,0.0,0.0,0.0,0.0,0.0,0.0,0.0,0.0,0.0,0.0,0.0,0.0,0.0,0.0,0.0,0.0,0.0,0.0,0.0,0.0,0.0,0.0,0.0,0.0,0.0,0.10367653971668363,0.2210948984446138,0.17622041324224247,0.0,0.09485322535175295,0.0,0.0,0.0,0.0,0.0,0.0,0.0,0.0,0.22722195845248783,0.0,0.0,0.0,0.0,0.0,0.0,0.0,0.0,0.0,0.0,0.13317083302392219,0.0,0.0,0.0,0.0,0.0,0.0,0.0,0.0,0.0,0.0,0.0,0.0,0.0,0.0,0.0,0.0,0.1362885783003174,0.0,0.13843993448277694,0.1227163328838126,0.0,0.0,0.0,0.0,0.17216013047814271,0.0,0.0,0.0,0.0,0.0,0.0,0.0,0.0,0.15616002967398274,0.0,0.0,0.0,0.0,0.0,0.5168917815019369,0.0,0.0,0.0,0.1680362939443614,0.0,0.11273583144446116,0.23325242868655036,0.25240030962923493,0.0,0.0,0.0,0.3130776444420341,0.0,0.0,0.16361637175957042,0.0,0.0,0.0,0.0,0.0,0.0
a632288c7ae62bee60155ff916cd70e7ac14183b7789bcf64be9a186c0b75b0f,0.0,0.0,0.0,0.0,0.0,0.0,0.0,0.0,0.0,0.0,0.20171072242065852,0.0,0.13132864617618686,0.0,0.0,0.0,0.0,0.0,0.0,0.0,0.0,0.19199858080117577,0.0,0.0,0.0,0.0,0.0,0.0,0.0,0.0,0.0,0.0,0.0,0.0,0.0,0.0,0.0,0.0,0.0,0.0,0.0,0.0,0.0,0.22737968913475734,0.0,0.0,0.0,0.0,0.3233105519592931,0.3197873171928298,0.0,0.0,0.0,0.0,0.0,0.0,0.0,0.0,0.0,0.0,0.0,0.0,0.0,0.0,0.0,0.0,0.0,0.0,0.0,0.0,0.0,0.0,0.4572881952039667,0.0,0.0,0.12484962739447016,0.2662474631682396,0.21220859601136088,0.0,0.11422439323970213,0.0,0.0,0.0,0.0,0.0,0.0,0.0,0.0,0.2736258070162986,0.0,0.0,0.0,0.0,0.0,0.0,0.0,0.0,0.0,0.0,0.1603673205942499,0.0,0.0,0.0,0.0,0.0,0.0,0.0,0.0,0.0,0.0,0.0,0.0,0.0,0.0,0.0,0.0,0.1641217797721171,0.0,0.16671249140762162,0.0,0.0,0.0,0.0,0.0,0.20731911193329158,0.0,0.0,0.0,0.0,0.0,0.0,0.0,0.0,0.18805142968683367,0.0,0.0,0.0,0.0,0.0,0.0,0.0,0.0,0.0,0.20235309497241255,0.0,0.1357590308116911,0.0,0.0,0.0,0.0,0.0,0.0,0.0,0.0,0.0,0.0,0.0,0.0,0.0,0.0,0.0
9540d034f1814af5581f3540d9130367acf7f1376047a3b00c6d2f5069c3b02e,0.0,0.0,0.0,0.0,0.0,0.0,0.3053406657121851,0.0,0.0,0.0,0.0,0.0,0.1147579492694473,0.0,0.0,0.0,0.29616256370312255,0.22461827088994873,0.0,0.0,0.0,0.0,0.0,0.0,0.0,0.3026099278819335,0.0,0.0,0.0,0.0,0.0,0.0,0.0,0.0,0.0,0.0,0.0,0.0,0.0,0.0,0.0,0.0,0.0,0.0,0.0,0.0,0.0,0.0,0.0,0.2794374098259889,0.0,0.0,0.0,0.0,0.0,0.0,0.0,0.0,0.0,0.0,0.1665238664845045,0.3039637253199717,0.0,0.0,0.0,0.0,0.0,0.0,0.0,0.0,0.0,0.0,0.0,0.0,0.0,0.10909643572829225,0.0,0.0,0.0,0.0,0.0,0.0,0.0,0.0,0.0,0.0,0.0,0.0,0.23910043539367343,0.0,0.0,0.0,0.0,0.0,0.0,0.0,0.0,0.0,0.0,0.1401326015083,0.0,0.0,0.15371864604924673,0.0,0.0,0.0,0.0,0.0,0.0,0.0,0.0,0.0,0.0,0.0,0.2304308874857518,0.26227295344961804,0.14341333308067813,0.13263425623100003,0.14567715565934192,0.12913157171193856,0.15414258940394743,0.0,0.0,0.0,0.0,0.0,0.0,0.0,0.0,0.0,0.0,0.0,0.2937214965473305,0.0,0.0,0.0,0.0,0.0,0.0,0.0,0.0,0.0,0.0,0.1768207233036293,0.0,0.11862931983519004,0.0,0.0,0.0,0.0,0.0,0.0,0.0,0.0,0.0,0.0,0.0,0.0,0.0,0.0,0.0
a74798d23c9bde7440ed3dde108f8fd57a6f38dc66aab56a5a6db8fb009c88d1,0.0,0.0,0.0,0.0,0.0,0.0,0.0,0.0,0.0,0.0,0.26255783020155504,0.0,0.1709446278786214,0.0,0.0,0.0,0.0,0.0,0.0,0.0,0.0,0.24991596962210746,0.0,0.0,0.0,0.0,0.3589249173897403,0.0,0.0,0.0,0.0,0.0,0.0,0.0,0.0,0.0,0.0,0.0,0.0,0.0,0.0,0.0,0.0,0.0,0.33159387522155265,0.0,0.0,0.0,0.0,0.0,0.0,0.0,0.0,0.0,0.0,0.0,0.0,0.0,0.33012162730330596,0.0,0.0,0.0,0.0,0.0,0.0,0.0,0.0,0.0,0.0,0.0,0.0,0.0,0.0,0.0,0.0,0.16251117876521703,0.0,0.2762224429629772,0.0,0.14868078645101235,0.0,0.0,0.0,0.0,0.0,0.0,0.0,0.0,0.0,0.0,0.0,0.0,0.0,0.0,0.0,0.0,0.0,0.0,0.0,0.0,0.0,0.0,0.0,0.0,0.0,0.0,0.0,0.0,0.0,0.0,0.0,0.0,0.0,0.0,0.0,0.0,0.0,0.0,0.0,0.19235572449843213,0.0,0.0,0.0,0.0,0.2698580201155607,0.0,0.3105849415368063,0.0,0.0,0.0,0.0,0.0,0.0,0.24477813946800173,0.0,0.0,0.0,0.0,0.0,0.0,0.0,0.0,0.0,0.2633939778358778,0.0,0.17671146150499867,0.0,0.0,0.0,0.0,0.0,0.0,0.0,0.0,0.0,0.0,0.0,0.0,0.0,0.0,0.0
a36813a35722d441ec430098be1f72cde0fb40c561ea21b858ba7c10516d62e4,0.0,0.0,0.0,0.0,0.0,0.0,0.0,0.0,0.0,0.0,0.24314440307850166,0.0,0.158305046446784,0.0,0.0,0.0,0.0,0.0,0.0,0.0,0.0,0.2314372769111663,0.0,0.0,0.0,0.0,0.0,0.0,0.0,0.0,0.0,0.0,0.0,0.0,0.0,0.0,0.0,0.0,0.0,0.0,0.0,0.0,0.0,0.27408606802542307,0.0,0.0,0.0,0.0,0.38972222310117577,0.3854752757702817,0.0,0.0,0.0,0.0,0.0,0.0,0.0,0.0,0.0,0.0,0.0,0.0,0.0,0.0,0.0,0.0,0.0,0.0,0.0,0.0,0.0,0.0,0.0,0.0,0.0,0.15049516338598362,0.3209377257010749,0.2557986595164999,0.0,0.13768738507292658,0.0,0.0,0.0,0.0,0.0,0.0,0.0,0.0,0.0,0.0,0.0,0.0,0.0,0.0,0.0,0.0,0.0,0.0,0.0,0.19330859545419055,0.0,0.0,0.0,0.0,0.0,0.0,0.0,0.0,0.0,0.0,0.0,0.0,0.0,0.0,0.0,0.0,0.19783426332513968,0.0,0.0,0.0,0.0,0.0,0.0,0.0,0.24990481969848216,0.0,0.0,0.0,0.0,0.0,0.0,0.0,0.0,0.22667933598447682,0.0,0.0,0.0,0.0,0.0,0.0,0.0,0.0,0.0,0.24391872627151726,0.0,0.16364548256579875,0.0,0.0,0.0,0.0,0.0,0.0,0.0,0.0,0.0,0.0,0.0,0.0,0.0,0.0,0.0
b2fd01b66512f2a7ec6cfa1fa7907582ec461a36fc709f14f1d9504f064e6606,0.0,0.0,0.0,0.0,0.0,0.0,0.0,0.0,0.0,0.0,0.24589749511267295,0.0,0.16009751362605543,0.0,0.0,0.0,0.0,0.0,0.0,0.0,0.0,0.23405781069852521,0.0,0.0,0.0,0.0,0.0,0.0,0.0,0.0,0.0,0.0,0.0,0.0,0.0,0.0,0.0,0.0,0.0,0.0,0.0,0.0,0.0,0.2771895084542554,0.0,0.0,0.0,0.334420858091372,0.0,0.0,0.0,0.0,0.0,0.0,0.0,0.0,0.0,0.0,0.0,0.0,0.0,0.0,0.0,0.0,0.0,0.0,0.0,0.0,0.0,0.0,0.0,0.0,0.0,0.0,0.47957072134397605,0.1521992002885542,0.3245716612755961,0.2586950340287242,0.0,0.13924640118948411,0.0,0.0,0.0,0.0,0.0,0.0,0.0,0.0,0.0,0.0,0.0,0.0,0.0,0.0,0.0,0.0,0.0,0.0,0.0,0.0,0.0,0.0,0.0,0.0,0.36476463600378495,0.0,0.0,0.0,0.0,0.0,0.0,0.0,0.0,0.0,0.0,0.0,0.20007431461791297,0.0,0.0,0.0,0.0,0.0,0.0,0.0,0.0,0.0,0.0,0.0,0.0,0.0,0.0,0.0,0.0,0.2292459962337305,0.0,0.0,0.0,0.0,0.0,0.0,0.0,0.0,0.0,0.0,0.0,0.0,0.0,0.0,0.0,0.0,0.0,0.0,0.0,0.0,0.0,0.0,0.0,0.0,0.0,0.0,0.0
af890b72e50681eee069a7024c0649ac99f60e781cb267d4849dae4b310d59c1,0.0,0.0,0.0,0.0,0.0,0.0,0.0,0.0,0.0,0.0,0.0,0.0,0.17573317759684107,0.0,0.0,0.0,0.0,0.0,0.0,0.0,0.0,0.0,0.0,0.0,0.0,0.0,0.36897922464325067,0.0,0.0,0.0,0.0,0.0,0.0,0.0,0.0,0.0,0.0,0.0,0.0,0.0,0.0,0.0,0.321868430039774,0.0,0.3408825775192521,0.0,0.0,0.0,0.0,0.0,0.0,0.0,0.0,0.0,0.0,0.0,0.0,0.0,0.3393690885720152,0.0,0.0,0.0,0.0,0.0,0.0,0.0,0.0,0.0,0.0,0.0,0.0,0.0,0.0,0.0,0.0,0.1670634882992509,0.0,0.28396006489255016,0.0,0.1528456750871747,0.0,0.0,0.0,0.0,0.0,0.0,0.0,0.0,0.0,0.0,0.0,0.0,0.0,0.0,0.0,0.0,0.0,0.0,0.0,0.0,0.0,0.0,0.23539516258426366,0.0,0.0,0.0,0.0,0.0,0.0,0.0,0.0,0.0,0.0,0.0,0.0,0.0,0.0,0.0,0.0,0.1977440479677074,0.0,0.0,0.0,0.0,0.0,0.0,0.31928513558639854,0.0,0.0,0.0,0.0,0.0,0.0,0.2516349345912044,0.0,0.0,0.0,0.0,0.0,0.0,0.0,0.0,0.0,0.2707722451379793,0.0,0.18166155341310342,0.0,0.0,0.0,0.0,0.0,0.0,0.0,0.0,0.0,0.0,0.0,0.0,0.0,0.0,0.0
a5321ffc44084cba8e5bedc4fe98bc151b5f90a01192fa8d695ffcb0c8363ebd,0.0,0.0,0.0,0.0,0.0,0.0,0.0,0.0,0.0,0.0,0.1924172412451779,0.0,0.12527790040326534,0.0,0.0,0.0,0.0,0.0,0.0,0.0,0.0,0.18315257016286385,0.0,0.0,0.0,0.0,0.26304049803150065,0.0,0.0,0.0,0.0,0.0,0.0,0.0,0.20485972878021164,0.0,0.0,0.0,0.0,0.0,0.0,0.3617139313902588,0.0,0.0,0.24301076313339756,0.0,0.0,0.0,0.0,0.0,0.0,0.0,0.0,0.0,0.0,0.0,0.0,0.0,0.24193181651565432,0.0,0.0,0.0,0.0,0.0,0.0,0.0,0.0,0.0,0.42695474214071855,0.0,0.0,0.0,0.0,0.0,0.0,0.11909739147943263,0.0,0.0,0.0,0.10896169705967422,0.0,0.0,0.0,0.0,0.0,0.0,0.0,0.0,0.0,0.0,0.0,0.0,0.0,0.0,0.0,0.0,0.0,0.0,0.0,0.0,0.0,0.0,0.0,0.0,0.2854319639632332,0.0,0.0,0.0,0.0,0.0,0.0,0.0,0.0,0.0,0.0,0.0,0.0,0.1447929424318513,0.0,0.14096916407822516,0.16827296136068495,0.0,0.0,0.0,0.19776723367442875,0.0,0.0,0.0,0.0,0.0,0.0,0.0,0.0,0.17938727737582186,0.0,0.0,0.0,0.0,0.0,0.0,0.0,0.0,0.0,0.0,0.0,0.1295041625423743,0.26794640223066984,0.0,0.0,0.0,0.0,0.0,0.0,0.0,0.18795267601661875,0.0,0.0,0.0,0.0,0.0,0.0
a3634cede75096cc15c97ba0d1c17253ad6d75fd705383dfe82469a5b3c5cb63,0.0,0.2659400773520468,0.0,0.0,0.0,0.0,0.0,0.0,0.0,0.0,0.0,0.0,0.12433984650058834,0.0,0.0,0.0,0.0,0.0,0.0,0.0,0.0,0.18178116321340548,0.0,0.0,0.0,0.0,0.0,0.0,0.0,0.0,0.0,0.0,0.0,0.0,0.0,0.0,0.0,0.0,0.0,0.0,0.0,0.0,0.0,0.21527942659545746,0.0,0.0,0.0,0.0,0.0,0.0,0.0,0.0,0.3569518801967013,0.0,0.0,0.0,0.0,0.0,0.0,0.0,0.0,0.0,0.0,0.0,0.24012028324495205,0.0,0.0,0.20297738115903124,0.0,0.0,0.0,0.0,0.0,0.0,0.0,0.11820561589478196,0.0,0.0,0.0,0.0,0.0,0.0,0.0,0.0,0.0,0.0,0.0,0.0,0.2590645059826659,0.0,0.0,0.0,0.0,0.0,0.0,0.0,0.0,0.0,0.0,0.0,0.0,0.0,0.1665536285348232,0.0,0.0,0.0,0.19890156089634753,0.0,0.0,0.0,0.0,0.0,0.0,0.0,0.0,0.0,0.0,0.14370876410278394,0.15784070113343643,0.13991361737689137,0.0,0.0,0.0,0.0,0.0,0.0,0.22590990097390676,0.0,0.0,0.0,0.0,0.0,0.0,0.17804406412678658,0.0,0.0,0.0,0.391329728005578,0.0,0.0,0.0,0.0,0.0,0.19158465041994002,0.0,0.12853446330017163,0.2659400773520468,0.0,0.0,0.0,0.0,0.0,0.0,0.0,0.18654532690964587,0.0,0.0,0.0,0.0,0.0,0.0
a1220eb6311115d3a4a6cbf77665fb444a54f9d715ee0e5c9651459222118c95,0.0,0.0,0.0,0.0,0.0,0.0,0.0,0.0,0.0,0.0,0.13741640323141832,0.0,0.08946827408186842,0.0,0.0,0.0,0.0,0.0,0.0,0.0,0.0,0.1307999598762643,0.0,0.0,0.0,0.0,0.0,0.0,0.0,0.0,0.0,0.0,0.0,0.0,0.0,0.0,0.0,0.0,0.0,0.0,0.0,0.0,0.0,0.15490351069991648,0.0,0.0,0.0,0.0,0.22025687402158878,0.0,0.0,0.0,0.2568433977544408,0.0,0.0,0.0,0.0,0.0,0.1727776567093767,0.0,0.0,0.0,0.0,0.0,0.1727776567093767,0.0,0.0,0.1460516196621664,0.30491334678692955,0.3919700402422622,0.3081344697540631,0.2837835195429523,0.0,0.0,0.0,0.08505441126501931,0.0,0.0,0.0,0.07781591921304545,0.0,0.0,0.0,0.0,0.0,0.0,0.0,0.0,0.0,0.0,0.0,0.0,0.0,0.0,0.0,0.0,0.0,0.0,0.0,0.0,0.0,0.0,0.0,0.0,0.20384365559596274,0.0,0.0,0.0,0.0,0.0,0.0,0.0,0.0,0.2598343501647093,0.0,0.0,0.11180875462430782,0.10340510670208691,0.11357368943039307,0.10067432299107874,0.12017356117179154,0.0,0.0,0.0,0.0,0.0,0.0,0.0,0.0,0.0,0.0,0.36245469125023,0.0,0.0,0.0,0.0,0.0,0.0,0.0,0.0,0.0,0.0,0.0,0.0,0.0,0.0,0.0,0.0,0.0,0.0,0.0,0.0,0.0,0.0,0.0,0.0,0.0,0.0,0.0,0.0,0.0
a915e631517c5b9eadd5062e2c12d33521950a2650d56e69f60ed0d783f35345,0.0,0.0,0.0,0.0,0.0,0.0,0.0,0.0,0.0,0.0,0.2330891697762228,0.0,0.15175834352129416,0.0,0.0,0.0,0.0,0.0,0.0,0.0,0.0,0.22186619164364094,0.0,0.0,0.0,0.0,0.0,0.0,0.0,0.0,0.0,0.0,0.0,0.0,0.0,0.0,0.0,0.0,0.0,0.0,0.0,0.0,0.0,0.26275124261301125,0.0,0.0,0.0,0.0,0.3736052661539912,0.3695339512690591,0.0,0.0,0.0,0.0,0.0,0.0,0.0,0.0,0.0,0.0,0.0,0.0,0.0,0.0,0.0,0.0,0.0,0.0,0.0,0.0,0.0,0.0,0.0,0.0,0.0,0.1442714380624685,0.3076653506574052,0.24522010962070742,0.0,0.13199332523786636,0.0,0.0,0.0,0.0,0.0,0.0,0.0,0.0,0.0,0.0,0.0,0.0,0.0,0.0,0.0,0.0,0.0,0.0,0.0,0.18531432126149952,0.0,0.0,0.0,0.0,0.0,0.0,0.0,0.0,0.0,0.0,0.0,0.0,0.0,0.0,0.0,0.0,0.18965283020255,0.0,0.0,0.1707663263770293,0.0,0.0,0.0,0.0,0.23957000946383789,0.0,0.0,0.0,0.0,0.0,0.0,0.0,0.0,0.21730501529573915,0.0,0.0,0.0,0.0,0.0,0.0,0.0,0.0,0.0,0.2338314708446961,0.0,0.15687792598119643,0.0,0.0,0.0,0.0,0.0,0.0,0.0,0.0,0.2276809132405693,0.0,0.0,0.0,0.0,0.0,0.0
d120e6bb00677771286e6b3f0d29425c87c3f6aa00cf454a4205c8cc746ea297,0.3516595260298921,0.0,0.0,0.0,0.0,0.0,0.0,0.0,0.0,0.0,0.14339732905798092,0.0,0.0933623005483673,0.0,0.0,0.0,0.0,0.0,0.0,0.0,0.0,0.1364929109340783,0.0,0.0,0.0,0.0,0.0,0.0,0.0,0.0,0.0,0.0,0.0,0.0,0.0,0.0,0.0,0.0,0.0,0.0,0.0,0.0,0.0,0.161645547210726,0.0,0.0,0.0,0.0,0.22984335711484202,0.0,0.0,0.0,0.26802227651191074,0.0,0.0,0.0,0.0,0.0,0.0,0.0,0.0,0.0,0.0,0.0,0.18029764941014484,0.3573615000997987,0.0,0.15240838554678698,0.0,0.0,0.321545746463894,0.0,0.0,0.0,0.0,0.08875632830720342,0.1892768744696069,0.15086032862304943,0.0,0.08120278737430295,0.0,0.0,0.0,0.0,0.0,0.0,0.0,0.0,0.0,0.0,0.0,0.0,0.0,0.0,0.0,0.0,0.0,0.0,0.0,0.1140060635618703,0.0,0.0,0.0,0.0,0.0,0.0,0.14934799929848966,0.0,0.0,0.0,0.0,0.0,0.0,0.0,0.0,0.0,0.11667513048951042,0.10790572132108146,0.11851688250166195,0.10505608269581376,0.12540400774716834,0.0,0.0,0.0,0.14738436587375905,0.0,0.16962758653138582,0.0,0.0,0.0,0.0,0.0,0.0,0.1336868581849116,0.0,0.0,0.0,0.0,0.0,0.0,0.0,0.0,0.0,0.0,0.0,0.0,0.1996848003948626,0.0,0.0,0.0,0.0,0.0,0.0,0.0,0.0,0.0,0.32883451385557644,0.0,0.0,0.0,0.0
d034c82de08e2aabe9f27089610a46d42fa741cfcaedec06a016810c660b402c,0.0,0.0,0.0,0.0,0.0,0.0,0.0,0.0,0.0,0.0,0.0,0.0,0.0,0.0,0.0,0.0,0.0,0.0,0.0,0.48176345010090954,0.41834739581162783,0.0,0.0,0.0,0.0,0.0,0.0,0.0,0.0,0.0,0.0,0.0,0.0,0.0,0.0,0.0,0.0,0.0,0.0,0.0,0.0,0.0,0.2713834037555566,0.0,0.0,0.0,0.0,0.3095048331055717,0.0,0.0,0.0,0.0,0.0,0.0,0.0,0.0,0.0,0.0,0.0,0.0,0.0,0.0,0.0,0.0,0.0,0.0,0.0,0.0,0.0,0.0,0.0,0.0,0.0,0.0,0.0,0.14085959934723877,0.0,0.0,0.0,0.1288718485045197,0.0,0.0,0.0,0.0,0.0,0.0,0.0,0.0,0.0,0.0,0.0,0.0,0.0,0.0,0.0,0.0,0.0,0.0,0.0,0.18093186979184175,0.0,0.0,0.1984734583687379,0.0,0.0,0.0,0.0,0.0,0.0,0.0,0.0,0.0,0.0,0.0,0.0,0.0,0.0,0.0,0.0,0.0,0.1990208318066547,0.0,0.0,0.0,0.0,0.0,0.0,0.0,0.41177674498836486,0.0,0.0,0.0,0.0,0.0,0.0,0.0,0.0,0.0,0.0,0.0,0.0,0.0,0.2867751779784812,0.0,0.0,0.15316795962461355,0.0,0.0,0.0,0.0,0.0,0.0,0.0,0.0,0.0,0.0,0.0,0.0,0.0,0.0,0.0
f3b7556c1a960019ed0c01cdff84412b5c58beed377181573bb34a92f00ddb76,0.0,0.22020540755490575,0.0,0.0,0.0,0.0,0.0,0.0,0.0,0.0,0.1581335546073441,0.2764764874983753,0.10295667673184479,0.0,0.0,0.0,0.0,0.0,0.0,0.0,0.0,0.1505196040017047,0.0,0.0,0.0,0.0,0.0,0.0,0.0,0.0,0.0,0.0,0.0,0.0,0.0,0.0,0.0,0.0,0.0,0.0,0.0,0.29726603162788073,0.0,0.1782570507749545,0.199712642866355,0.0,0.0,0.0,0.0,0.0,0.0,0.0,0.0,0.0,0.0,0.28761629309540016,0.31691750983841516,0.0,0.1988259361305594,0.0,0.0,0.0,0.0,0.0,0.0,0.0,0.0,0.0,0.0,0.0,0.0,0.0,0.0,0.0,0.0,0.09787737178451555,0.0,0.0,0.0,0.08954759126880835,0.0,0.0,0.0,0.0,0.0,0.0,0.0,0.0,0.0,0.0,0.0,0.0,0.0,0.0,0.0,0.0,0.0,0.0,0.0,0.12572189591160302,0.0,0.0,0.13791080312693174,0.0,0.0,0.0,0.16469574543481277,0.0,0.0,0.0,0.0,0.0,0.0,0.2990074578756004,0.0,0.0,0.12866524948398353,0.11899465204175926,0.130696269129189,0.1158521703224675,0.13829114975390092,0.0,0.0,0.0,0.1625303192344901,0.0,0.18705936431233677,0.0,0.0,0.0,0.0,0.0,0.0,0.0,0.0,0.0,0.0,0.0,0.0,0.0,0.0,0.0,0.1992679295102698,0.0,0.0,0.10642993022220211,0.22020540755490575,0.0,0.0,0.0,0.0,0.0,0.0,0.0,0.15446445736429182,0.0,0.0,0.0,0.0,0.0,0.0
d30d7676a3b4c91b77d403f81748ebf6b8824749db5f860e114a8a204bca5b8f,0.0,0.0,0.0,0.0,0.0,0.0,0.0,0.0,0.0,0.0,0.0,0.0,0.1662854109004594,0.0,0.0,0.0,0.0,0.0,0.0,0.0,0.0,0.0,0.0,0.0,0.0,0.0,0.0,0.0,0.0,0.0,0.0,0.0,0.0,0.0,0.2719169467840655,0.0,0.0,0.0,0.0,0.0,0.0,0.0,0.30456414023217254,0.0,0.0,0.0,0.0,0.0,0.0,0.0,0.0,0.0,0.0,0.0,0.0,0.0,0.0,0.0,0.0,0.0,0.0,0.0,0.0,0.0,0.0,0.0,0.0,0.0,0.0,0.0,0.0,0.0,0.0,0.0,0.0,0.0,0.0,0.0,0.0,0.14462838624893692,0.0,0.0,0.0,0.0,0.0,0.0,0.0,0.0,0.0,0.0,0.0,0.0,0.0,0.0,0.0,0.0,0.0,0.0,0.0,0.20305353459781492,0.7881358166444435,0.0,0.22273984838596778,0.0,0.0,0.0,0.0,0.0,0.0,0.0,0.0,0.0,0.0,0.0,0.0,0.0,0.20780734730569195,0.0,0.0,0.0,0.0,0.0,0.0,0.0,0.0,0.0,0.0,0.0,0.0,0.0,0.0,0.0,0.0,0.0,0.0,0.0,0.0,0.0,0.0,0.0,0.0,0.0,0.0,0.0,0.0,0.17189506538950025,0.0,0.0,0.0,0.0,0.0,0.0,0.0,0.0,0.0,0.0,0.0,0.0,0.0,0.0,0.0
d29a1b857a9b293a671c4ba7d8caa2a9cf8717244a6aa57211d9c66d2f2ea257,0.0,0.0,0.0,0.0,0.0,0.0,0.0,0.0,0.0,0.0,0.0,0.0,0.0,0.0,0.0,0.0,0.0,0.0,0.0,0.0,0.0,0.0,0.0,0.0,0.0,0.0,0.0,0.0,0.0,0.0,0.0,0.0,0.0,0.0,0.3458396602427625,0.0,0.0,0.0,0.0,0.0,0.0,0.0,0.0,0.0,0.0,0.0,0.0,0.0,0.0,0.0,0.0,0.0,0.0,0.0,0.0,0.0,0.0,0.0,0.0,0.0,0.0,0.0,0.0,0.0,0.0,0.0,0.0,0.0,0.0,0.0,0.0,0.0,0.0,0.0,0.0,0.0,0.0,0.0,0.0,0.0,0.0,0.0,0.0,0.0,0.0,0.0,0.0,0.0,0.0,0.0,0.0,0.0,0.0,0.0,0.0,0.0,0.0,0.0,0.0,0.25825519978409633,0.0,0.0,0.2832933893947417,0.7847238153296612,0.0,0.0,0.0,0.0,0.0,0.0,0.0,0.0,0.0,0.0,0.0,0.0,0.26430137304101914,0.0,0.0,0.0,0.0,0.0,0.0,0.0,0.0,0.0,0.0,0.0,0.0,0.0,0.0,0.0,0.0,0.0,0.0,0.0,0.0,0.0,0.0,0.0,0.0,0.0,0.0,0.0,0.0,0.21862606106312718,0.0,0.0,0.0,0.0,0.0,0.0,0.0,0.0,0.0,0.0,0.0,0.0,0.0,0.0,0.0
b74441c89735dcb4e566607c71e88222ae2c10864ee56a21864b222b8cf05103,0.0,0.0,0.0,0.0,0.0,0.39266148912044113,0.0,0.0,0.0,0.0,0.0,0.0,0.0,0.0,0.0,0.0,0.0,0.0,0.0,0.0,0.0,0.0,0.0,0.0,0.0,0.0,0.0,0.0,0.0,0.0,0.0,0.0,0.0,0.0,0.0,0.0,0.0,0.0,0.0,0.0,0.0,0.0,0.0,0.0,0.0,0.0,0.0,0.0,0.0,0.0,0.0,0.0,0.0,0.0,0.0,0.0,0.0,0.0,0.0,0.0,0.0,0.0,0.0,0.0,0.27285610703987667,0.0,0.0,0.0,0.0,0.0,0.0,0.0,0.0,0.0,0.0,0.13432069855756018,0.0,0.0,0.0,0.12288943597559991,0.5607193826113163,0.0,0.0,0.0,0.0,0.0,0.0,0.0,0.0,0.0,0.0,0.0,0.0,0.0,0.0,0.0,0.0,0.0,0.0,0.17253275782686026,0.0,0.0,0.1892600411811856,0.0,0.0,0.0,0.0,0.0,0.0,0.0,0.0,0.0,0.0,0.0,0.0,0.0,0.0,0.0,0.1793592722018393,0.0,0.0,0.0,0.0,0.0,0.0,0.0,0.256708410003927,0.0,0.0,0.0,0.0,0.0,0.0,0.0,0.0,0.0,0.0,0.0,0.0,0.0,0.0,0.0,0.0,0.0,0.0,0.0,0.0,0.0,0.5100593477612086,0.0,0.0,0.0,0.0,0.0,0.0,0.0,0.0,0.0,0.0,0.0,0.0
d9df2e7b3f7714448b36cc5aca8db9a27bb52b00b2310abc300d0ffb6002afce,0.0,0.0,0.0,0.0,0.0,0.0,0.0,0.0,0.0,0.0,0.3320781112936354,0.0,0.21620748891072197,0.0,0.0,0.0,0.0,0.0,0.0,0.0,0.0,0.31608892833444613,0.0,0.0,0.0,0.0,0.0,0.0,0.0,0.0,0.0,0.0,0.0,0.0,0.0,0.0,0.0,0.0,0.0,0.0,0.0,0.0,0.0,0.0,0.0,0.0,0.0,0.0,0.0,0.0,0.0,0.0,0.0,0.0,0.0,0.0,0.0,0.0,0.0,0.0,0.0,0.0,0.0,0.0,0.0,0.0,0.0,0.0,0.0,0.0,0.7446324480496955,0.0,0.0,0.0,0.0,0.20554102411277467,0.0,0.0,0.0,0.1880486089955968,0.0,0.0,0.0,0.0,0.0,0.0,0.0,0.0,0.0,0.0,0.0,0.0,0.0,0.0,0.0,0.0,0.0,0.0,0.0,0.0,0.0,0.0,0.0,0.0,0.0,0.0,0.0,0.0,0.0,0.0,0.0,0.0,0.0,0.0,0.0,0.0,0.0,0.0,0.0,0.0,0.0,0.0,0.0,0.0,0.0,0.0,0.0,0.0,0.0,0.0,0.0,0.0,0.0,0.0,0.0,0.0,0.0,0.0,0.0,0.0,0.0,0.0,0.0,0.33313565479540563,0.0,0.0,0.0,0.0,0.0,0.0,0.0,0.0,0.0,0.0,0.0,0.0,0.0,0.0,0.0,0.0,0.0
d8f9367ba0766cdae24e569453778a563689a671074096915b69f26aeb5c3efd,0.0,0.0,0.0,0.0,0.0,0.0,0.0,0.0,0.0,0.0,0.0,0.0,0.22409002946667733,0.0,0.0,0.0,0.0,0.0,0.0,0.0,0.0,0.0,0.0,0.0,0.0,0.0,0.0,0.0,0.0,0.0,0.0,0.0,0.0,0.0,0.0,0.0,0.0,0.0,0.0,0.0,0.0,0.0,0.0,0.0,0.0,0.0,0.0,0.46809209116768397,0.0,0.0,0.0,0.0,0.0,0.0,0.0,0.0,0.0,0.0,0.0,0.0,0.0,0.0,0.0,0.0,0.4327539631284136,0.0,0.0,0.3658136036445974,0.0,0.0,0.0,0.0,0.0,0.0,0.0,0.21303468433076353,0.0,0.0,0.0,0.19490452686581855,0.0,0.0,0.0,0.0,0.0,0.0,0.0,0.0,0.0,0.0,0.0,0.0,0.0,0.0,0.0,0.0,0.0,0.0,0.0,0.0,0.0,0.0,0.300169322840317,0.0,0.0,0.0,0.0,0.0,0.0,0.0,0.0,0.0,0.0,0.0,0.0,0.0,0.2800459422685042,0.2589974339582304,0.0,0.0,0.3009971650896066,0.0,0.0,0.0,0.0,0.0,0.0,0.0,0.0,0.0,0.0,0.0,0.0,0.0,0.0,0.0,0.0,0.0,0.0,0.0,0.0,0.0,0.0,0.0,0.0,0.0,0.0,0.0,0.0,0.0,0.0,0.0,0.0,0.0,0.0,0.0,0.0,0.0,0.0,0.0,0.0
d7d5d035494e9a243f80cf2f88d2362f31d0adeafa8af33693d1a196bb58c754,0.0,0.0,0.0,0.0,0.0,0.0,0.0,0.0,0.0,0.0,0.0,0.0,0.0,0.0,0.0,0.0,0.0,0.0,0.0,0.0,0.678896187762259,0.0,0.0,0.0,0.0,0.0,0.0,0.0,0.0,0.0,0.0,0.0,0.0,0.0,0.0,0.0,0.0,0.0,0.0,0.0,0.0,0.0,0.0,0.41631031028806453,0.0,0.0,0.0,0.0,0.0,0.0,0.0,0.0,0.0,0.0,0.0,0.0,0.0,0.0,0.0,0.0,0.0,0.0,0.0,0.0,0.0,0.0,0.0,0.39252044595309266,0.0,0.0,0.0,0.0,0.0,0.0,0.0,0.0,0.0,0.0,0.0,0.0,0.0,0.0,0.0,0.0,0.0,0.0,0.0,0.0,0.0,0.0,0.0,0.0,0.0,0.0,0.0,0.0,0.0,0.0,0.0,0.0,0.0,0.0,0.0,0.0,0.0,0.0,0.0,0.0,0.0,0.0,0.0,0.0,0.0,0.0,0.0,0.0,0.0,0.0,0.3052345145290029,0.0,0.0,0.0,0.0,0.0,0.0,0.0,0.0,0.0,0.0,0.0,0.0,0.0,0.0,0.3443040552168332,0.0,0.0,0.0,0.0,0.0,0.0,0.0,0.0,0.0,0.0,0.0,0.0,0.0,0.0,0.0,0.0,0.0,0.0,0.0,0.0,0.0,0.0,0.0,0.0,0.0,0.0,0.0
1bdb8590762f40393359ab5a12face2f6affce13834fb427d800e4eb2fdb0e63,0.0,0.0,0.0,0.0,0.0,0.0,0.0,0.0,0.0,0.0,0.21288969848450492,0.0,0.13860698901529112,0.0,0.0,0.0,0.0,0.0,0.0,0.0,0.0,0.20263930189577734,0.0,0.0,0.0,0.0,0.0,0.0,0.0,0.0,0.0,0.0,0.0,0.0,0.0,0.0,0.0,0.0,0.0,0.0,0.0,0.0,0.0,0.23998126069098494,0.0,0.0,0.0,0.0,0.34122869174962356,0.0,0.0,0.0,0.0,0.0,0.0,0.0,0.0,0.0,0.0,0.0,0.0,0.0,0.0,0.0,0.0,0.0,0.0,0.0,0.0,0.0,0.0,0.0,0.48263148745495466,0.0,0.0,0.13176889762202046,0.2810031191001562,0.22396937296404157,0.0,0.1205548041499911,0.0,0.0,0.0,0.0,0.0,0.0,0.0,0.0,0.288790376903202,0.0,0.0,0.0,0.0,0.0,0.0,0.0,0.0,0.0,0.0,0.16925501093035222,0.0,0.0,0.0,0.0,0.0,0.0,0.0,0.0,0.0,0.0,0.0,0.0,0.0,0.0,0.0,0.0,0.17321754535964076,0.0,0.17595183638950807,0.0,0.0,0.0,0.0,0.0,0.21880890961021865,0.0,0.0,0.0,0.0,0.0,0.0,0.0,0.0,0.19847339638257092,0.0,0.0,0.0,0.0,0.0,0.0,0.0,0.0,0.0,0.21356767185754377,0.0,0.14328290925346227,0.0,0.0,0.0,0.0,0.0,0.0,0.0,0.0,0.0,0.0,0.0,0.0,0.0,0.0,0.0
d6f9b6e3d507310a7679029dc098040ec3f3223040fe945b7cc67532779327b1,0.0,0.0,0.0,0.0,0.0,0.0,0.0,0.0,0.0,0.0,0.33082333205591286,0.0,0.2153905345289096,0.0,0.0,0.0,0.0,0.421588654554549,0.0,0.0,0.0,0.3148945652883454,0.0,0.0,0.0,0.0,0.0,0.0,0.0,0.0,0.0,0.0,0.0,0.0,0.35221572474778745,0.0,0.0,0.0,0.0,0.0,0.0,0.0,0.0,0.0,0.0,0.0,0.0,0.0,0.0,0.0,0.0,0.0,0.0,0.0,0.0,0.0,0.0,0.0,0.0,0.0,0.0,0.0,0.0,0.0,0.4159538363200302,0.0,0.0,0.0,0.0,0.0,0.0,0.0,0.0,0.0,0.0,0.20476437367787476,0.0,0.0,0.0,0.18733805481504245,0.0,0.0,0.0,0.0,0.0,0.0,0.0,0.0,0.0,0.0,0.0,0.0,0.0,0.0,0.0,0.0,0.0,0.0,0.0,0.0,0.0,0.0,0.0,0.0,0.0,0.0,0.0,0.0,0.0,0.0,0.0,0.0,0.0,0.0,0.0,0.0,0.2691741588923968,0.24894278373136922,0.0,0.24236855427145287,0.0,0.0,0.0,0.0,0.0,0.0,0.0,0.0,0.0,0.0,0.0,0.0,0.0,0.0,0.0,0.0,0.0,0.0,0.0,0.0,0.0,0.0,0.0,0.0,0.0,0.0,0.0,0.0,0.0,0.0,0.0,0.0,0.0,0.0,0.0,0.0,0.0,0.0,0.0,0.0,0.0
d6f5f66e63c87f7bd8b50fa0327beaed10a8b19f0402ec623616d4c638e962c3,0.0,0.0,0.0,0.0,0.0,0.0,0.0,0.0,0.0,0.0,0.24015546428616213,0.0,0.15635902552934944,0.0,0.0,0.0,0.0,0.0,0.0,0.0,0.0,0.22859225211851306,0.0,0.0,0.0,0.0,0.3283001695795358,0.0,0.0,0.0,0.0,0.0,0.0,0.0,0.0,0.0,0.0,0.0,0.0,0.0,0.0,0.0,0.0,0.0,0.303301108929594,0.0,0.0,0.0,0.0,0.0,0.0,0.0,0.0,0.0,0.0,0.0,0.0,0.0,0.3019544784288794,0.0,0.0,0.0,0.0,0.0,0.0,0.0,0.0,0.0,0.0,0.0,0.0,0.0,0.0,0.0,0.0,0.14864514822541003,0.0,0.2526541637897754,0.0,0.135994814068825,0.0,0.0,0.0,0.0,0.0,0.0,0.0,0.0,0.0,0.0,0.0,0.0,0.0,0.0,0.0,0.0,0.0,0.0,0.0,0.1909322809985411,0.0,0.0,0.0,0.0,0.3562469006629063,0.0,0.0,0.0,0.0,0.0,0.0,0.0,0.0,0.0,0.0,0.0,0.0,0.0,0.0,0.17594325139554898,0.0,0.0,0.0,0.0,0.24683277608763973,0.0,0.28408473202952483,0.0,0.0,0.0,0.0,0.0,0.0,0.22389279986780122,0.0,0.0,0.0,0.0,0.0,0.0,0.0,0.0,0.0,0.24092026883675738,0.0,0.1616338124436857,0.0,0.0,0.0,0.0,0.0,0.0,0.0,0.0,0.0,0.0,0.0,0.0,0.0,0.0,0.0
d2fb9d582fc9194f578aa64d7b3c8c850ecae8b09da07b3dae555aee55e3a154,0.0,0.0,0.0,0.0,0.0,0.0,0.0,0.0,0.0,0.0,0.2214275877213705,0.0,0.14416578837520533,0.0,0.0,0.0,0.0,0.0,0.0,0.0,0.0,0.21076610148701183,0.0,0.0,0.0,0.0,0.0,0.0,0.0,0.0,0.0,0.0,0.0,0.0,0.0,0.0,0.0,0.0,0.0,0.0,0.0,0.0,0.0,0.2496056503974325,0.0,0.0,0.0,0.0,0.0,0.0,0.0,0.0,0.0,0.0,0.0,0.0,0.0,0.0,0.0,0.0,0.0,0.0,0.0,0.0,0.0,0.0,0.0,0.0,0.0,0.0,0.0,0.4572780155048435,0.0,0.0,0.0,0.1370534570007476,0.29227268039490106,0.2329516098333206,0.0,0.1253896250555201,0.0,0.0,0.0,0.0,0.0,0.0,0.0,0.0,0.0,0.0,0.0,0.0,0.0,0.0,0.0,0.0,0.0,0.0,0.0,0.17604294170574858,0.0,0.0,0.0,0.0,0.3284659463463531,0.0,0.0,0.0,0.0,0.0,0.0,0.0,0.0,0.0,0.0,0.0,0.18016439260819372,0.1666230726222283,0.18300834171038932,0.1622227911747577,0.19364312507396797,0.0,0.0,0.0,0.22758418736010633,0.0,0.0,0.0,0.0,0.0,0.0,0.0,0.0,0.20643312335311872,0.0,0.0,0.0,0.0,0.0,0.0,0.0,0.0,0.0,0.2221327510505498,0.0,0.0,0.0,0.0,0.0,0.0,0.0,0.0,0.0,0.0,0.0,0.0,0.0,0.0,0.0,0.0,0.0
f61a423a862cf7a65e83afbf7d9127178e0e994f4041fcb8dc64980bc1558e91,0.0,0.0,0.0,0.0,0.0,0.0,0.0,0.0,0.0,0.0,0.0,0.0,0.0,0.0,0.0,0.0,0.0,0.0,0.0,0.0,0.0,0.0,0.0,0.0,0.0,0.0,0.38309175487243335,0.0,0.0,0.0,0.0,0.0,0.0,0.0,0.0,0.0,0.0,0.0,0.0,0.0,0.0,0.0,0.33417909049267,0.0,0.3539204814405187,0.0,0.0,0.0,0.0,0.0,0.0,0.0,0.0,0.0,0.0,0.0,0.0,0.0,0.35234910533570524,0.0,0.0,0.0,0.0,0.0,0.0,0.0,0.0,0.0,0.0,0.0,0.0,0.0,0.0,0.0,0.0,0.0,0.0,0.2948208254233127,0.0,0.15869163894097468,0.0,0.0,0.0,0.0,0.0,0.0,0.0,0.0,0.0,0.0,0.0,0.0,0.0,0.0,0.0,0.0,0.0,0.0,0.0,0.22279788244765825,0.0,0.0,0.2443984373648037,0.0,0.0,0.0,0.0,0.0,0.0,0.0,0.0,0.0,0.0,0.0,0.0,0.0,0.0,0.0,0.0,0.20530726201392746,0.0,0.0,0.0,0.0,0.0,0.0,0.0,0.0,0.0,0.0,0.0,0.0,0.0,0.26125933993427025,0.0,0.0,0.0,0.0,0.0,0.0,0.0,0.0,0.35313238328694296,0.0,0.0,0.18860965236501986,0.0,0.0,0.0,0.0,0.0,0.0,0.0,0.0,0.0,0.0,0.0,0.0,0.0,0.0,0.0
bcc9c66a08adbbeb61f6983d39e2125a6f1a1e42af54b9d799f4013340771a3b,0.0,0.0,0.0,0.0,0.0,0.0,0.0,0.0,0.0,0.0,0.0,0.0,0.09550364847330019,0.0,0.0,0.0,0.0,0.0,0.0,0.0,0.0,0.13962349801130355,0.0,0.0,0.0,0.0,0.0,0.0,0.0,0.0,0.0,0.0,0.0,0.0,0.0,0.0,0.0,0.0,0.0,0.4526545388102977,0.0,0.0,0.0,0.1653530325132653,0.0,0.0,0.0,0.0,0.23511502022646916,0.0,0.0,0.0,0.0,0.0,0.0,0.0,0.0,0.0,0.0,0.0,0.0,0.0,0.0,0.0,0.0,0.0,0.0,0.1559040082790472,0.0,0.0,0.0,0.0,0.0,0.0,0.0,0.0,0.0,0.0,0.0,0.08306524598148612,0.0,0.0,0.0,0.0,0.0,0.0,0.0,0.0,0.0,0.0,0.0,0.0,0.0,0.3869052552526631,0.0,0.0,0.0,0.0,0.0,0.0,0.0,0.0,0.12792744754970492,0.0,0.0,0.0,0.0,0.0,0.0,0.0,0.4526545388102977,0.0,0.0,0.0,0.0,0.0,0.0,0.0,0.12123517327774422,0.10746563798055864,0.0,0.0,0.0,0.0,0.0,0.0,0.0,0.0,0.0,0.0,0.0,0.0,0.0,0.13675308593083943,0.0,0.0,0.0,0.0,0.0,0.0,0.0,0.0,0.0,0.0,0.0,0.09872547333139751,0.2042647500153698,0.2210330089188496,0.0,0.0,0.0,0.0,0.0,0.0,0.14328278365239405,0.34044056184973703,0.0,0.0,0.0,0.0,0.0
d0bef454a49faffb1607e1f20c91b1ee2fde7b3ddec800e83000158fa8bea386,0.0,0.0,0.0,0.0,0.0,0.0,0.0,0.0,0.0,0.0,0.0,0.0,0.22581541440537659,0.0,0.0,0.0,0.0,0.0,0.0,0.0,0.0,0.0,0.0,0.0,0.0,0.0,0.0,0.0,0.0,0.0,0.0,0.0,0.0,0.0,0.0,0.0,0.0,0.0,0.0,0.0,0.0,0.0,0.0,0.0,0.0,0.0,0.0,0.4716961740710916,0.0,0.0,0.0,0.0,0.0,0.0,0.0,0.0,0.0,0.0,0.0,0.0,0.0,0.0,0.0,0.0,0.4360859595225468,0.0,0.0,0.36863019161864446,0.0,0.0,0.0,0.0,0.0,0.0,0.0,0.2146749484542484,0.0,0.0,0.0,0.1964051975379539,0.0,0.0,0.0,0.0,0.0,0.0,0.0,0.0,0.0,0.0,0.0,0.0,0.0,0.0,0.0,0.0,0.0,0.0,0.0,0.27574648800146406,0.0,0.0,0.0,0.0,0.0,0.0,0.0,0.0,0.0,0.0,0.0,0.0,0.0,0.0,0.0,0.0,0.28220216069590986,0.2609915890430274,0.0,0.0,0.303314697808366,0.0,0.0,0.0,0.0,0.0,0.0,0.0,0.0,0.0,0.0,0.0,0.0,0.0,0.0,0.0,0.0,0.0,0.0,0.0,0.0,0.0,0.0,0.0,0.0,0.0,0.0,0.0,0.0,0.0,0.0,0.0,0.0,0.0,0.0,0.0,0.0,0.0,0.0,0.0,0.0
d0b0c22cd8d89cc33def6e5e61f4afd8d3f2aafdeba6833aa686489a104eefce,0.0,0.0,0.0,0.0,0.0,0.0,0.0,0.0,0.0,0.0,0.16225208772036404,0.0,0.10563814736203132,0.0,0.0,0.0,0.0,0.0,0.0,0.0,0.0,0.1544398344346382,0.0,0.0,0.0,0.0,0.0,0.0,0.0,0.0,0.0,0.0,0.0,0.0,0.0,0.0,0.0,0.0,0.0,0.0,0.0,0.0,0.0,0.18289969330625586,0.0,0.0,0.0,0.0,0.26006456874424433,0.0,0.0,0.0,0.0,0.0,0.0,0.0,0.0,0.0,0.0,0.0,0.0,0.0,0.0,0.0,0.0,0.0,0.0,0.0,0.0,0.0,0.0,0.0,0.0,0.0,0.0,0.10042655369414151,0.21416415662429497,0.17069636815461764,0.0,0.09187982695874478,0.0,0.0,0.0,0.0,0.0,0.0,0.0,0.0,0.22009914946403933,0.0,0.0,0.0,0.0,0.0,0.0,0.0,0.0,0.0,0.0,0.12899627871182076,0.0,0.0,0.0,0.0,0.0,0.0,0.0,0.0,0.0,0.0,0.0,0.0,0.0,0.0,0.0,0.0,0.13201629089837885,0.0,0.13410020773977233,0.11886949957224677,0.0,0.0,0.0,0.0,0.166763364544191,0.0,0.0,0.0,0.0,0.0,0.0,0.0,0.0,0.1512648246921508,0.0,0.449293230489521,0.0,0.332470633008231,0.0,0.0,0.0,0.0,0.0,0.16276879940710812,0.0,0.10920186052456554,0.2259405803645784,0.24448822575160997,0.0,0.0,0.0,0.30326348618417237,0.0,0.0,0.15848743012310404,0.0,0.0,0.0,0.0,0.0,0.0
1c4ce65bd75a1093b173417455db9fe48fc948cd5e35ea9418018b33e0dcecf4,0.0,0.0,0.0,0.0,0.0,0.0,0.0,0.0,0.0,0.0,0.24015546428616213,0.0,0.15635902552934944,0.0,0.0,0.0,0.0,0.0,0.0,0.0,0.0,0.22859225211851306,0.0,0.0,0.0,0.0,0.3283001695795358,0.0,0.0,0.0,0.0,0.0,0.0,0.0,0.0,0.0,0.0,0.0,0.0,0.0,0.0,0.0,0.0,0.0,0.303301108929594,0.0,0.0,0.0,0.0,0.0,0.0,0.0,0.0,0.0,0.0,0.0,0.0,0.0,0.3019544784288794,0.0,0.0,0.0,0.0,0.0,0.0,0.0,0.0,0.0,0.0,0.0,0.0,0.0,0.0,0.0,0.0,0.14864514822541003,0.0,0.2526541637897754,0.0,0.135994814068825,0.0,0.0,0.0,0.0,0.0,0.0,0.0,0.0,0.0,0.0,0.0,0.0,0.0,0.0,0.0,0.0,0.0,0.0,0.0,0.1909322809985411,0.0,0.0,0.0,0.0,0.3562469006629063,0.0,0.0,0.0,0.0,0.0,0.0,0.0,0.0,0.0,0.0,0.0,0.0,0.0,0.0,0.17594325139554898,0.0,0.0,0.0,0.0,0.24683277608763973,0.0,0.28408473202952483,0.0,0.0,0.0,0.0,0.0,0.0,0.22389279986780122,0.0,0.0,0.0,0.0,0.0,0.0,0.0,0.0,0.0,0.24092026883675738,0.0,0.1616338124436857,0.0,0.0,0.0,0.0,0.0,0.0,0.0,0.0,0.0,0.0,0.0,0.0,0.0,0.0,0.0
cfd843a4218fd91e46bf20068627e94bcc20cf68ec6a84ad4811d39b8c6c7ccd,0.0,0.0,0.0,0.0,0.0,0.0,0.0,0.0,0.0,0.0,0.16480171774029984,0.0,0.10729814567421841,0.0,0.0,0.0,0.0,0.0,0.0,0.0,0.0,0.156866702672088,0.0,0.0,0.0,0.0,0.0,0.0,0.0,0.0,0.0,0.0,0.0,0.0,0.0,0.0,0.0,0.0,0.0,0.0,0.0,0.0,0.0,0.1857737798911655,0.0,0.0,0.0,0.0,0.26415122452111645,0.0,0.0,0.0,0.0,0.0,0.0,0.0,0.0,0.0,0.0,0.0,0.0,0.0,0.0,0.0,0.0,0.0,0.0,0.0,0.0,0.0,0.0,0.0,0.0,0.0,0.0,0.10200465700051357,0.2175295331232687,0.17337869163443076,0.0,0.09332362696361289,0.0,0.0,0.0,0.0,0.0,0.0,0.0,0.0,0.2235577884665957,0.0,0.0,0.0,0.0,0.0,0.0,0.0,0.0,0.0,0.0,0.13102332680275502,0.0,0.0,0.0,0.0,0.0,0.0,0.0,0.0,0.0,0.0,0.0,0.0,0.0,0.0,0.0,0.0,0.1340907954740931,0.0,0.1362074589938962,0.1207374154112496,0.0,0.0,0.0,0.0,0.1693838847879746,0.0,0.0,0.0,0.0,0.0,0.0,0.0,0.0,0.15364180081254514,0.0,0.0,0.0,0.0,0.0,0.0,0.0,0.0,0.0,0.16532654903676164,0.0,0.11091785904106001,0.22949101163799335,0.24833011480619938,0.0,0.0,0.0,0.3080289699396612,0.0,0.5390931984920418,0.16097790229700154,0.0,0.0,0.0,0.0,0.0,0.0
ce9a0c42305d137c27b4f369996a15387ae6f0d1e391116f54e7733918083239,0.0,0.0,0.0,0.0,0.0,0.0,0.0,0.0,0.0,0.0,0.26392933430074605,0.0,0.1718375788056238,0.0,0.0,0.0,0.0,0.0,0.0,0.0,0.0,0.2512214373604983,0.0,0.0,0.0,0.0,0.0,0.0,0.0,0.0,0.0,0.0,0.0,0.0,0.0,0.0,0.0,0.0,0.0,0.0,0.0,0.0,0.0,0.2975160133614238,0.0,0.0,0.0,0.0,0.0,0.0,0.0,0.0,0.0,0.0,0.0,0.0,0.0,0.0,0.0,0.0,0.0,0.0,0.0,0.0,0.0,0.0,0.0,0.0,0.0,0.0,0.0,0.0,0.0,0.0,0.0,0.1633600765020309,0.34837273333794283,0.2776653258986012,0.0,0.1494574393808906,0.0,0.0,0.0,0.0,0.0,0.0,0.0,0.0,0.35802696171356224,0.0,0.0,0.0,0.0,0.0,0.0,0.0,0.0,0.0,0.0,0.2098333676073328,0.0,0.0,0.0,0.0,0.0,0.0,0.0,0.0,0.0,0.0,0.0,0.0,0.0,0.0,0.0,0.0,0.21474590720652825,0.0,0.21813573591329352,0.0,0.0,0.0,0.0,0.0,0.2712676576818978,0.0,0.0,0.0,0.0,0.0,0.0,0.0,0.0,0.2460567690994814,0.0,0.0,0.0,0.0,0.0,0.0,0.0,0.0,0.0,0.2647698496581991,0.0,0.17763453621826122,0.0,0.0,0.0,0.0,0.0,0.0,0.0,0.0,0.0,0.0,0.0,0.0,0.0,0.0,0.0
ce1aa1ad228720565deeb6ba1cc75c6d683434e9644ddb04f6af251a8820325e,0.0,0.22155412730601443,0.0,0.0,0.2878786993086149,0.0,0.0,0.0,0.0,0.0,0.15910209507499257,0.0,0.10358726843691965,0.0,0.0,0.0,0.0,0.0,0.0,0.0,0.0,0.15144151034860281,0.33977545082898175,0.0,0.0,0.0,0.0,0.0,0.0,0.0,0.0,0.0,0.0,0.0,0.0,0.0,0.0,0.0,0.0,0.0,0.0,0.0,0.0,0.17934884415016766,0.0,0.0,0.0,0.0,0.25501562613662787,0.25223662645798733,0.0,0.0,0.0,0.0,0.0,0.0,0.0,0.0,0.0,0.0,0.0,0.0,0.0,0.0,0.0,0.0,0.0,0.0,0.0,0.0,0.0,0.0,0.3606923272937616,0.0,0.0,0.09847685363184243,0.21000633327824728,0.1673824366555952,0.0,0.09009605466191704,0.0,0.0,0.0,0.0,0.0,0.30447499947015383,0.0,0.0,0.2158261030471628,0.0,0.0,0.0,0.0,0.0,0.0,0.0,0.0,0.0,0.0,0.12649192061737927,0.0,0.0,0.0,0.0,0.0,0.0,0.0,0.0,0.0,0.0,0.0,0.0,0.0,0.0,0.0,0.0,0.12945330171751965,0.0,0.13149676100415258,0.11656174467878189,0.0,0.0,0.0,0.0,0.1635257891193561,0.0,0.0,0.0,0.0,0.0,0.0,0.0,0.0,0.1483281408443295,0.0,0.0,0.0,0.0,0.0,0.0,0.0,0.0,0.0,0.159608775223555,0.0,0.10708179499970087,0.0,0.0,0.0,0.0,0.0,0.0,0.0,0.0,0.15541052525065632,0.0,0.0,0.0,0.0,0.0,0.0
a4c7cb6d7212aac61a61a4f7c7c218684a8ea7727ebf26c4bf9b4f98c39a86c4,0.0,0.0,0.0,0.0,0.0,0.0,0.0,0.0,0.0,0.45477087929557247,0.16851726521761026,0.2946310900674158,0.10971724275613214,0.37016569236223307,0.0,0.0,0.0,0.0,0.0,0.0,0.0,0.16040335076883752,0.0,0.0,0.0,0.0,0.23036846949315432,0.0,0.0,0.0,0.0,0.0,0.0,0.0,0.0,0.0,0.0,0.0,0.0,0.0,0.0,0.0,0.0,0.0,0.21282661032180708,0.0,0.0,0.0,0.0,0.0,0.0,0.0,0.0,0.0,0.0,0.0,0.0,0.0,0.21188167871296956,0.0,0.1592093584808804,0.0,0.0,0.0,0.0,0.0,0.0,0.0,0.0,0.0,0.0,0.0,0.0,0.0,0.0,0.10430440940108879,0.0,0.17728761181532862,0.0,0.09542766065629883,0.0,0.0,0.0,0.0,0.0,0.0,0.0,0.0,0.0,0.0,0.0,0.0,0.0,0.0,0.0,0.0,0.0,0.0,0.0,0.13397732144580812,0.0,0.0,0.14696660329063047,0.0,0.0,0.0,0.0,0.0,0.0,0.0,0.0,0.0,0.0,0.0,0.0,0.0,0.13711394792472126,0.12680833860587296,0.13927833281484228,0.1234595083930423,0.14737192506797708,0.0,0.0,0.0,0.17320273980023093,0.0,0.19934246457390165,0.0,0.0,0.0,0.0,0.0,0.0,0.1571057416818877,0.0,0.0,0.0,0.0,0.0,0.0,0.0,0.0,0.2123526952266882,0.0,0.0,0.11341856459801371,0.0,0.0,0.0,0.0,0.0,0.0,0.0,0.0,0.0,0.0,0.0,0.0,0.0,0.0,0.0
cce241c912bf0c1da1af3a33e6fd7b603d20e578ee9817a92743f611d56a528e,0.0,0.0,0.0,0.0,0.0,0.0,0.0,0.0,0.0,0.0,0.27530266106715123,0.0,0.17924245837189917,0.0,0.0,0.0,0.0,0.0,0.0,0.0,0.0,0.2620471513926155,0.0,0.0,0.0,0.0,0.3763475071562261,0.0,0.0,0.0,0.0,0.0,0.0,0.0,0.0,0.0,0.0,0.0,0.0,0.0,0.0,0.0,0.0,0.0,0.3476897877011846,0.0,0.0,0.0,0.0,0.0,0.0,0.0,0.0,0.0,0.0,0.0,0.0,0.0,0.34614607533376923,0.0,0.0,0.0,0.0,0.0,0.0,0.0,0.0,0.0,0.0,0.0,0.0,0.0,0.0,0.0,0.0,0.1703996408443765,0.0,0.0,0.0,0.15589790686531244,0.0,0.0,0.0,0.0,0.0,0.0,0.0,0.0,0.0,0.0,0.0,0.0,0.0,0.0,0.0,0.0,0.0,0.0,0.0,0.0,0.0,0.0,0.0,0.0,0.4083842940694411,0.0,0.0,0.0,0.0,0.0,0.0,0.0,0.0,0.0,0.0,0.0,0.0,0.0,0.0,0.20169287194849975,0.0,0.0,0.0,0.0,0.2829572098120069,0.0,0.0,0.0,0.0,0.0,0.0,0.0,0.0,0.2566599256052507,0.0,0.0,0.0,0.0,0.0,0.0,0.0,0.0,0.0,0.0,0.0,0.18528922011598592,0.0,0.0,0.0,0.0,0.0,0.0,0.0,0.0,0.0,0.0,0.0,0.0,0.0,0.0,0.0
cc7c999dcf80b0e9527b5504d3f9d78788e791258b7238a98cb299253829fbcc,0.0,0.0,0.0,0.0,0.0,0.0,0.0,0.0,0.0,0.0,0.0,0.0,0.17352230853605582,0.0,0.0,0.7873977082864345,0.0,0.0,0.0,0.0,0.0,0.0,0.0,0.0,0.0,0.0,0.0,0.0,0.0,0.0,0.0,0.0,0.0,0.0,0.0,0.0,0.0,0.0,0.0,0.0,0.0,0.0,0.0,0.0,0.0,0.0,0.0,0.0,0.0,0.0,0.0,0.0,0.0,0.0,0.0,0.0,0.0,0.0,0.0,0.0,0.0,0.0,0.0,0.0,0.0,0.0,0.0,0.0,0.0,0.0,0.0,0.0,0.0,0.0,0.0,0.0,0.0,0.0,0.0,0.0,0.0,0.0,0.0,0.0,0.0,0.0,0.0,0.0,0.0,0.0,0.0,0.0,0.0,0.0,0.0,0.0,0.0,0.0,0.0,0.0,0.0,0.0,0.23243369629125668,0.0,0.0,0.0,0.0,0.0,0.0,0.0,0.0,0.0,0.0,0.0,0.0,0.0,0.0,0.0,0.22027438196567128,0.1952562639101676,0.0,0.0,0.0,0.0,0.0,0.0,0.0,0.0,0.0,0.0,0.0,0.0,0.0,0.0,0.0,0.0,0.0,0.0,0.0,0.0,0.0,0.0,0.0,0.2673657058180776,0.0,0.0,0.3711323236527082,0.0,0.0,0.0,0.0,0.0,0.0,0.0,0.0,0.0,0.0,0.0,0.0,0.0,0.0
e424a0ff956433e468ec8c1220f6b2b760e8624187c011e4dabf227a285af670,0.0,0.0,0.0,0.0,0.0,0.0,0.0,0.0,0.0,0.0,0.0,0.5261030508717809,0.19591474930236719,0.6609801431182142,0.0,0.0,0.0,0.0,0.0,0.0,0.0,0.0,0.0,0.0,0.0,0.0,0.0,0.0,0.0,0.0,0.0,0.0,0.0,0.0,0.0,0.0,0.0,0.0,0.0,0.0,0.0,0.0,0.0,0.0,0.0,0.0,0.0,0.0,0.0,0.0,0.0,0.0,0.0,0.0,0.0,0.0,0.0,0.0,0.0,0.0,0.2842895133876219,0.0,0.0,0.0,0.0,0.0,0.0,0.0,0.0,0.0,0.0,0.0,0.0,0.0,0.0,0.0,0.0,0.0,0.0,0.0,0.0,0.0,0.0,0.0,0.0,0.0,0.0,0.0,0.0,0.0,0.0,0.0,0.0,0.0,0.0,0.0,0.0,0.0,0.0,0.2392343508084662,0.0,0.0,0.2624284434808682,0.0,0.0,0.0,0.0,0.0,0.0,0.0,0.0,0.0,0.0,0.0,0.0,0.0,0.0,0.0,0.0,0.0,0.0,0.0,0.0,0.0,0.0,0.0,0.0,0.0,0.0,0.0,0.0,0.0,0.0,0.0,0.0,0.0,0.0,0.0,0.0,0.0,0.0,0.0,0.0,0.0,0.0,0.20252395240047433,0.0,0.0,0.0,0.0,0.0,0.0,0.0,0.0,0.0,0.0,0.0,0.0,0.0,0.0,0.0
1d11c985ab456d176302f4102a0391047843779b5dec3f38139e718e6d785600,0.0,0.0,0.0,0.0,0.0,0.47875472501041694,0.0,0.0,0.0,0.0,0.0,0.0,0.17227010659073663,0.0,0.0,0.0,0.0,0.0,0.0,0.0,0.0,0.25185378013807724,0.0,0.0,0.0,0.0,0.36170796674994377,0.0,0.0,0.0,0.0,0.0,0.0,0.0,0.0,0.0,0.0,0.0,0.0,0.0,0.0,0.0,0.0,0.0,0.33416500382692793,0.0,0.0,0.0,0.0,0.0,0.0,0.0,0.0,0.0,0.0,0.0,0.0,0.0,0.3326813403216645,0.0,0.0,0.0,0.0,0.0,0.0,0.0,0.0,0.0,0.0,0.0,0.0,0.0,0.0,0.0,0.0,0.0,0.0,0.0,0.0,0.1498336347141429,0.0,0.0,0.0,0.0,0.0,0.0,0.0,0.0,0.0,0.0,0.0,0.0,0.0,0.0,0.0,0.0,0.0,0.0,0.0,0.0,0.0,0.0,0.0,0.0,0.0,0.0,0.0,0.0,0.0,0.0,0.0,0.0,0.0,0.0,0.0,0.0,0.0,0.0,0.0,0.1938472216056545,0.0,0.0,0.0,0.0,0.27195045826582953,0.0,0.31299317005746446,0.0,0.0,0.0,0.0,0.0,0.0,0.2466761120283701,0.0,0.0,0.0,0.0,0.0,0.0,0.0,0.0,0.0,0.0,0.0,0.1780816553702189,0.0,0.0,0.0,0.0,0.0,0.0,0.0,0.0,0.0,0.0,0.0,0.0,0.0,0.0,0.0
cb5834ff88fd8e818ddd26ae5e6a080be8b5e17ee4238df66080175a5cf802eb,0.0,0.0,0.0,0.0,0.0,0.0,0.311264744329137,0.0,0.0,0.0,0.0,0.0,0.1169844300161461,0.0,0.0,0.0,0.30190857302252677,0.22897621087299092,0.0,0.0,0.0,0.0,0.0,0.0,0.0,0.308481025984315,0.0,0.0,0.0,0.0,0.0,0.0,0.0,0.0,0.0,0.0,0.0,0.0,0.0,0.0,0.0,0.0,0.0,0.0,0.0,0.0,0.0,0.0,0.0,0.2848589254320593,0.0,0.0,0.0,0.0,0.0,0.0,0.0,0.0,0.0,0.0,0.16975468565610766,0.30986108917518257,0.0,0.0,0.0,0.0,0.0,0.0,0.0,0.0,0.0,0.0,0.0,0.0,0.0,0.11121307440324961,0.0,0.0,0.0,0.0,0.0,0.0,0.0,0.0,0.0,0.0,0.0,0.0,0.24373935164583974,0.0,0.0,0.0,0.0,0.0,0.0,0.0,0.0,0.0,0.0,0.14285138954197668,0.0,0.0,0.0,0.0,0.0,0.0,0.0,0.0,0.0,0.0,0.0,0.0,0.0,0.0,0.2349016011722357,0.2673614521980954,0.14619577235357167,0.13520756483167629,0.1485035165726745,0.13163692284480455,0.15713319275420753,0.0,0.0,0.0,0.0,0.0,0.0,0.0,0.0,0.0,0.0,0.0,0.29942014540884604,0.0,0.0,0.0,0.0,0.0,0.0,0.0,0.0,0.0,0.0,0.1802513173370633,0.0,0.0,0.0,0.0,0.0,0.0,0.0,0.0,0.0,0.0,0.0,0.0,0.0,0.0,0.0,0.0,0.0
cac690dac1ab7f072111eaca623baec624101ee38fe13b3dcd83118826d2f5c4,0.0,0.6486170362453744,0.0,0.0,0.0,0.0,0.0,0.0,0.0,0.0,0.0,0.0,0.0,0.0,0.0,0.0,0.0,0.0,0.0,0.0,0.0,0.0,0.0,0.0,0.0,0.0,0.0,0.0,0.0,0.0,0.0,0.0,0.0,0.0,0.0,0.0,0.0,0.0,0.0,0.0,0.0,0.0,0.0,0.0,0.0,0.0,0.0,0.0,0.0,0.0,0.0,0.0,0.0,0.0,0.0,0.0,0.0,0.0,0.0,0.0,0.0,0.0,0.0,0.0,0.0,0.0,0.0,0.4950535801263851,0.0,0.0,0.0,0.0,0.0,0.0,0.0,0.0,0.0,0.0,0.0,0.26376324676406737,0.0,0.0,0.0,0.0,0.0,0.0,0.0,0.0,0.0,0.0,0.0,0.0,0.0,0.0,0.0,0.0,0.0,0.0,0.0,0.0,0.0,0.0,0.0,0.0,0.0,0.0,0.0,0.0,0.0,0.0,0.0,0.0,0.0,0.0,0.0,0.0,0.0,0.0,0.38496705268132647,0.3412436242666609,0.0,0.0,0.0,0.0,0.0,0.0,0.0,0.0,0.0,0.0,0.0,0.0,0.0,0.0,0.0,0.0,0.0,0.0,0.0,0.0,0.0,0.0,0.0,0.0,0.0,0.0,0.0,0.0,0.0,0.0,0.0,0.0,0.0,0.0,0.0,0.0,0.0,0.0,0.0,0.0,0.0
ca087f46f97cd465f46e4ccb04181e6eae7b2c751ae7fd9e262191b979728ccc,0.0,0.0,0.0,0.0,0.0,0.0,0.0,0.0,0.0,0.0,0.0,0.0,0.0,0.0,0.0,0.0,0.0,0.0,0.0,0.0,0.0,0.0,0.0,0.0,0.0,0.0,0.0,0.0,0.0,0.0,0.0,0.0,0.0,0.0,0.0,0.0,0.0,0.0,0.0,0.0,0.0,0.0,0.0,0.0,0.0,0.0,0.0,0.0,0.0,0.0,0.0,0.0,0.0,0.0,0.0,0.0,0.0,0.0,0.0,0.0,0.0,0.0,0.0,0.0,0.0,0.0,0.0,0.0,0.0,0.0,0.0,0.0,0.0,0.0,0.0,0.2420478968178211,0.0,0.0,0.0,0.0,0.0,0.0,0.0,0.0,0.0,0.0,0.0,0.0,0.0,0.0,0.0,0.0,0.0,0.0,0.0,0.0,0.0,0.0,0.0,0.3109065960245445,0.0,0.0,0.0,0.0,0.0,0.0,0.0,0.0,0.0,0.0,0.0,0.0,0.0,0.0,0.0,0.0,0.318185423896572,0.0,0.0,0.0,0.0,0.0,0.0,0.0,0.0,0.0,0.0,0.0,0.707581844225058,0.0,0.0,0.0,0.0,0.0,0.0,0.0,0.0,0.0,0.0,0.0,0.0,0.0,0.49278380040066744,0.0,0.0,0.0,0.0,0.0,0.0,0.0,0.0,0.0,0.0,0.0,0.0,0.0,0.0,0.0,0.0,0.0,0.0
c24630ac0393879f0a49b298e23fd8bdb5caf2fc7d544735d5dc1e3d8bd31100,0.0,0.0,0.0,0.0,0.0,0.0,0.0,0.0,0.0,0.0,0.0,0.0,0.36810692077487056,0.0,0.0,0.0,0.0,0.0,0.0,0.0,0.0,0.0,0.0,0.0,0.0,0.0,0.0,0.0,0.0,0.0,0.0,0.0,0.0,0.0,0.0,0.0,0.0,0.0,0.0,0.0,0.0,0.0,0.0,0.0,0.0,0.0,0.0,0.0,0.0,0.0,0.0,0.0,0.0,0.0,0.0,0.0,0.0,0.0,0.0,0.0,0.0,0.0,0.0,0.0,0.0,0.0,0.0,0.0,0.0,0.0,0.0,0.0,0.0,0.0,0.0,0.0,0.0,0.0,0.0,0.0,0.0,0.0,0.0,0.0,0.0,0.0,0.0,0.0,0.0,0.0,0.0,0.0,0.0,0.0,0.0,0.0,0.0,0.0,0.0,0.0,0.0,0.0,0.4930804168520932,0.0,0.0,0.0,0.0,0.0,0.0,0.0,0.0,0.0,0.0,0.0,0.0,0.0,0.0,0.0,0.0,0.41421291980473207,0.0,0.0,0.0,0.0,0.0,0.0,0.0,0.0,0.0,0.0,0.0,0.0,0.0,0.0,0.0,0.0,0.0,0.0,0.0,0.0,0.0,0.0,0.0,0.0,0.0,0.38052504350367605,0.0,0.0,0.0,0.0,0.0,0.0,0.0,0.0,0.5522656477891535,0.0,0.0,0.0,0.0,0.0,0.0
c23039cf2f859e659e59ec362277321fbcdac680e6d9bc93fc03c8971333c25e,0.0,0.0,0.0,0.0,0.0,0.0,0.0,0.0,0.0,0.0,0.0,0.0,0.0,0.0,0.0,0.0,0.0,0.0,0.0,0.0,0.0,0.0,0.0,0.0,0.0,0.0,0.0,0.0,0.0,0.0,0.0,0.0,0.0,0.0,0.0,0.0,0.0,0.0,0.0,0.0,0.0,0.0,0.0,0.0,0.0,0.0,0.0,0.0,0.0,0.0,0.0,0.0,0.0,0.0,0.0,0.0,0.0,0.0,0.0,0.0,0.0,0.0,0.0,0.0,0.3920843099598775,0.0,0.0,0.0,0.0,0.0,0.0,0.0,0.0,0.0,0.0,0.0,0.0,0.0,0.0,0.0,0.0,0.0,0.0,0.0,0.0,0.0,0.0,0.0,0.0,0.0,0.0,0.0,0.0,0.0,0.0,0.0,0.0,0.0,0.0,0.0,0.0,0.0,0.0,0.0,0.0,0.0,0.0,0.0,0.0,0.0,0.0,0.0,0.0,0.0,0.0,0.0,0.0,0.23465719283259,0.0,0.0,0.0,0.0,0.0,0.0,0.0,0.0,0.0,0.8894975524054102,0.0,0.0,0.0,0.0,0.0,0.0,0.0,0.0,0.0,0.0,0.0,0.0,0.0,0.0,0.0,0.0,0.0,0.0,0.0,0.0,0.0,0.0,0.0,0.0,0.0,0.0,0.0,0.0,0.0,0.0,0.0,0.0,0.0
c22598e8b657e79f0b325f19188a0166b6e7a3debcefbbb3214614a91ec6c45a,0.0,0.0,0.0,0.0,0.0,0.0,0.0,0.0,0.0,0.0,0.15131360732769128,0.0,0.09851638504838174,0.0,0.0,0.0,0.0,0.19282829821173297,0.0,0.0,0.0,0.14402802941846837,0.0,0.0,0.0,0.0,0.0,0.0,0.0,0.0,0.0,0.0,0.0,0.0,0.0,0.0,0.0,0.0,0.0,0.0,0.0,0.0,0.18044011166441512,0.17056922201824148,0.0,0.0,0.0,0.0,0.0,0.0,0.0,0.0,0.0,0.0,0.0,0.0,0.0,0.0,0.0,0.0,0.0,0.0,0.0,0.0,0.1902510172551504,0.0,0.0,0.1608221209946616,0.3357498620233201,0.0,0.3392967437953764,0.31248313179816073,0.0,0.0,0.29510498178133004,0.09365613918717802,0.19972594223234466,0.1591886032784102,0.0,0.08568560351428271,0.0,0.0,0.0,0.0,0.0,0.0,0.0,0.0,0.0,0.0,0.0,0.0,0.0,0.0,0.0,0.0,0.0,0.0,0.0,0.1202997911334985,0.0,0.0,0.13196301798445717,0.0,0.0,0.0,0.15759278551060463,0.0,0.0,0.0,0.0,0.0,0.0,0.0,0.0,0.0,0.12311620443542941,0.11386267827755386,0.12505963073627077,0.0,0.13232696111028222,0.0,0.0,0.0,0.0,0.0,0.0,0.0,0.0,0.0,0.0,0.0,0.2521514216231089,0.1410670679652985,0.0,0.0,0.0,0.0,0.0,0.0,0.0,0.0,0.0,0.0,0.0,0.10183984486748487,0.0,0.0,0.0,0.0,0.0,0.2828184999652196,0.0,0.0,0.0,0.0,0.0,0.0,0.0,0.0,0.0
c11806a41bfe4b263711365ff5dc2fc7b7fafaf40a5c79ad199306d3cd1b2950,0.0,0.0,0.0,0.0,0.0,0.0,0.0,0.0,0.0,0.0,0.0,0.0,0.3612033617946242,0.0,0.0,0.0,0.0,0.0,0.0,0.0,0.0,0.0,0.0,0.0,0.0,0.0,0.0,0.0,0.0,0.0,0.0,0.0,0.0,0.0,0.0,0.0,0.0,0.0,0.0,0.0,0.0,0.0,0.0,0.0,0.0,0.0,0.0,0.0,0.0,0.0,0.0,0.0,0.0,0.0,0.0,0.0,0.0,0.0,0.0,0.0,0.0,0.0,0.0,0.0,0.0,0.0,0.0,0.0,0.0,0.0,0.0,0.0,0.0,0.0,0.0,0.343383613908493,0.0,0.0,0.0,0.3141602082898247,0.0,0.0,0.0,0.0,0.0,0.0,0.0,0.0,0.0,0.0,0.0,0.0,0.0,0.0,0.0,0.0,0.0,0.0,0.0,0.0,0.0,0.0,0.0,0.0,0.0,0.0,0.0,0.0,0.0,0.0,0.0,0.0,0.0,0.0,0.0,0.0,0.45139686065045886,0.0,0.0,0.0,0.0,0.0,0.0,0.0,0.0,0.0,0.0,0.0,0.0,0.0,0.0,0.0,0.0,0.0,0.0,0.0,0.0,0.0,0.0,0.0,0.0,0.0,0.0,0.5565474121733193,0.0,0.3733885922906464,0.0,0.0,0.0,0.0,0.0,0.0,0.0,0.0,0.0,0.0,0.0,0.0,0.0,0.0,0.0
c9716a41f6865025271a42553f3240810b678f89bffaa2a5c69a0576757947ab,0.0,0.0,0.0,0.0,0.0,0.0,0.0,0.0,0.0,0.0,0.0,0.0,0.136449686287316,0.0,0.0,0.0,0.0,0.0,0.0,0.4436573944926941,0.38525736142854855,0.0,0.0,0.0,0.0,0.0,0.0,0.0,0.0,0.0,0.0,0.0,0.0,0.0,0.0,0.0,0.0,0.0,0.0,0.0,0.0,0.0,0.0,0.23624615157398035,0.0,0.0,0.0,0.2850239216149595,0.0,0.0,0.0,0.0,0.0,0.0,0.0,0.0,0.0,0.0,0.0,0.0,0.0,0.0,0.0,0.0,0.0,0.0,0.0,0.0,0.0,0.0,0.0,0.0,0.0,0.0,0.0,0.12971802411036154,0.27662953880877994,0.22048347558822526,0.0,0.1186784686945359,0.0,0.0,0.0,0.0,0.0,0.0,0.0,0.0,0.0,0.0,0.0,0.0,0.0,0.0,0.0,0.0,0.0,0.0,0.0,0.16662069718183536,0.0,0.0,0.18277479829029106,0.0,0.0,0.0,0.0,0.0,0.0,0.0,0.0,0.0,0.0,0.0,0.0,0.0,0.0,0.0,0.0,0.0,0.18327887611775973,0.0,0.0,0.0,0.21540333056286404,0.0,0.0,0.0,0.37920642953705797,0.0,0.0,0.0,0.0,0.19538432271833187,0.0,0.0,0.0,0.0,0.0,0.0,0.0,0.0,0.0,0.0,0.0,0.14105282970840696,0.0,0.0,0.0,0.0,0.0,0.0,0.0,0.0,0.0,0.0,0.0,0.0,0.0,0.0,0.0
1f69810b8fe71e30a8738278adf09dd982f7de0ab9891d296ce7ea61b3fa4f69,0.0,0.0,0.0,0.0,0.0,0.0,0.0,0.0,0.0,0.0,0.21212451086059822,0.0,0.13810879509920929,0.0,0.0,0.0,0.0,0.0,0.0,0.0,0.0,0.20191095718472954,0.0,0.0,0.0,0.0,0.28998096335017765,0.0,0.0,0.0,0.0,0.0,0.0,0.0,0.0,0.0,0.0,0.0,0.0,0.0,0.0,0.0,0.0,0.0,0.2678997938539694,0.0,0.0,0.0,0.0,0.0,0.0,0.0,0.0,0.0,0.0,0.0,0.0,0.0,0.266710342108105,0.0,0.0,0.0,0.0,0.0,0.0,0.0,0.0,0.0,0.0,0.0,0.0,0.0,0.0,0.0,0.0,0.13129528179939512,0.0,0.22316436176084,0.0,0.12012149504769659,0.0,0.0,0.0,0.0,0.0,0.0,0.0,0.0,0.0,0.0,0.0,0.0,0.0,0.5595076154125783,0.0,0.0,0.0,0.0,0.0,0.0,0.0,0.0,0.18499717993649664,0.0,0.0,0.0,0.0,0.0,0.0,0.0,0.0,0.0,0.0,0.0,0.0,0.0,0.0,0.0,0.0,0.15540714949976092,0.0,0.0,0.0,0.0,0.21802244661634837,0.0,0.2509263530765282,0.0,0.0,0.0,0.0,0.0,0.0,0.19776002515010743,0.0,0.0,0.0,0.0,0.0,0.0,0.0,0.0,0.0,0.21280004739973632,0.0,0.1427679087172288,0.0,0.0,0.0,0.0,0.0,0.0,0.0,0.0,0.0,0.0,0.0,0.0,0.0,0.0,0.0
a993e52917b124010519fcf6adb63124d87c0cc594cea58b1dce686bf85d7cf9,0.0,0.27022254474689783,0.0,0.0,0.0,0.0,0.0,0.0,0.0,0.0,0.1940517810636167,0.0,0.1263421070993723,0.0,0.0,0.0,0.0,0.0,0.0,0.0,0.0,0.18470840875010955,0.414413344865002,0.0,0.0,0.0,0.0,0.0,0.0,0.0,0.0,0.0,0.0,0.0,0.0,0.0,0.0,0.0,0.0,0.0,0.0,0.0,0.0,0.21874609899157343,0.0,0.0,0.0,0.0,0.0,0.0,0.0,0.0,0.0,0.0,0.0,0.0,0.0,0.0,0.0,0.0,0.0,0.0,0.0,0.0,0.0,0.0,0.0,0.0,0.0,0.0,0.0,0.0,0.0,0.0,0.0,0.12010909618627477,0.25613806649167575,0.20415105116294316,0.0,0.10988730139417233,0.0,0.0,0.0,0.0,0.0,0.0,0.0,0.0,0.26323625516421295,0.0,0.0,0.0,0.0,0.0,0.0,0.0,0.0,0.0,0.0,0.15427818517657074,0.0,0.0,0.0,0.0,0.0,0.0,0.0,0.0,0.0,0.0,0.0,0.0,0.0,0.0,0.0,0.0,0.15789008781443045,0.0,0.16038243031887833,0.14216666441845865,0.0,0.0,0.0,0.0,0.1994472204372129,0.0,0.0,0.0,0.0,0.0,0.0,0.0,0.0,0.1809111306744901,0.0,0.0,0.0,0.0,0.0,0.0,0.0,0.0,0.0,0.19466976277662792,0.0,0.1306042703547473,0.27022254474689783,0.29240533248453826,0.0,0.0,0.0,0.0,0.0,0.0,0.1895492903893393,0.0,0.0,0.0,0.0,0.0,0.0
c340f0ccbcb5c5936660b8cd25b4967a12553924e8bbefd0e7cadd50ed6da6d1,0.0,0.0,0.0,0.0,0.0,0.0,0.0,0.0,0.0,0.0,0.0,0.0,0.20427263699525006,0.0,0.0,0.9269344535159019,0.0,0.0,0.0,0.0,0.0,0.0,0.0,0.0,0.0,0.0,0.0,0.0,0.0,0.0,0.0,0.0,0.0,0.0,0.0,0.0,0.0,0.0,0.0,0.0,0.0,0.0,0.0,0.0,0.0,0.0,0.0,0.0,0.0,0.0,0.0,0.0,0.0,0.0,0.0,0.0,0.0,0.0,0.0,0.0,0.0,0.0,0.0,0.0,0.0,0.0,0.0,0.0,0.0,0.0,0.0,0.0,0.0,0.0,0.0,0.0,0.0,0.0,0.0,0.0,0.0,0.0,0.0,0.0,0.0,0.0,0.0,0.0,0.0,0.0,0.0,0.0,0.0,0.0,0.0,0.0,0.0,0.0,0.0,0.0,0.0,0.0,0.0,0.0,0.0,0.0,0.0,0.0,0.0,0.0,0.0,0.0,0.0,0.0,0.0,0.0,0.0,0.0,0.0,0.0,0.0,0.0,0.0,0.0,0.0,0.0,0.0,0.0,0.0,0.0,0.0,0.0,0.0,0.0,0.0,0.0,0.0,0.0,0.0,0.0,0.0,0.0,0.0,0.31474626075647527,0.0,0.0,0.0,0.0,0.0,0.0,0.0,0.0,0.0,0.0,0.0,0.0,0.0,0.0,0.0,0.0,0.0
c0384c55ee30f83644024cd305a8e538ed0a3b989e2e10371de67e765f7cc0d9,0.0,0.0,0.0,0.0,0.0,0.0,0.0,0.0,0.0,0.0,0.2381088881684277,0.0,0.15502655263146323,0.0,0.0,0.0,0.0,0.0,0.0,0.0,0.0,0.22664421631064394,0.0,0.0,0.0,0.0,0.32550243483505775,0.0,0.0,0.0,0.0,0.0,0.0,0.0,0.0,0.0,0.0,0.0,0.0,0.0,0.0,0.0,0.0,0.0,0.3007164131873475,0.0,0.0,0.3238283442618292,0.0,0.0,0.0,0.0,0.0,0.0,0.0,0.0,0.0,0.0,0.29938125851055536,0.0,0.0,0.0,0.0,0.0,0.0,0.0,0.0,0.0,0.0,0.0,0.0,0.0,0.0,0.0,0.0,0.1473784120664829,0.0,0.0,0.0,0.13483588254321394,0.0,0.0,0.0,0.0,0.0,0.0,0.0,0.0,0.0,0.0,0.0,0.0,0.0,0.0,0.0,0.0,0.0,0.0,0.0,0.0,0.0,0.0,0.0,0.0,0.35321100722162757,0.0,0.0,0.0,0.0,0.0,0.0,0.0,0.0,0.0,0.0,0.0,0.0,0.0,0.0,0.17444388406925065,0.0,0.0,0.0,0.0,0.24472929671807137,0.0,0.0,0.0,0.0,0.0,0.0,0.0,0.0,0.2219848122294432,0.0,0.0,0.0,0.0,0.0,0.0,0.0,0.0,0.3000467880528589,0.2388671751461972,0.0,0.16025638844315807,0.0,0.0,0.0,0.0,0.0,0.0,0.0,0.0,0.0,0.0,0.0,0.0,0.0,0.0,0.0
c159fbb41546688567bf73b43d4d1144a00cda285006a3c8cd74ec7faba3d016,0.0,0.0,0.0,0.0,0.0,0.0,0.0,0.0,0.0,0.0,0.0,0.0,0.0,0.0,0.0,0.0,0.0,0.0,0.0,0.0,0.0,0.0,0.0,0.0,0.0,0.0,0.4183148223605044,0.0,0.0,0.0,0.0,0.0,0.0,0.0,0.0,0.0,0.0,0.0,0.0,0.0,0.0,0.0,0.0,0.0,0.38646141933499545,0.0,0.0,0.0,0.0,0.0,0.0,0.0,0.0,0.0,0.0,0.0,0.0,0.0,0.38474556430082624,0.0,0.0,0.0,0.0,0.0,0.0,0.0,0.0,0.0,0.0,0.0,0.0,0.0,0.0,0.0,0.0,0.0,0.0,0.3219278923301223,0.0,0.1732824157904317,0.0,0.0,0.0,0.0,0.0,0.0,0.0,0.0,0.0,0.0,0.0,0.0,0.0,0.0,0.0,0.0,0.0,0.0,0.0,0.0,0.0,0.0,0.2668694578025736,0.0,0.0,0.0,0.0,0.0,0.0,0.0,0.0,0.0,0.0,0.0,0.0,0.0,0.0,0.0,0.0,0.22418407534580326,0.0,0.0,0.0,0.0,0.0,0.0,0.0,0.0,0.0,0.0,0.0,0.0,0.0,0.28528062268272825,0.0,0.0,0.0,0.0,0.0,0.0,0.0,0.0,0.3856008601219018,0.0,0.0,0.20595121722424506,0.0,0.0,0.0,0.0,0.0,0.0,0.0,0.0,0.0,0.0,0.0,0.0,0.0,0.0,0.0
c93ba1ba7147a4e59cd731f553ea7131b5ea2517c74c85c3360db10f6eac4ba4,0.0,0.0,0.0,0.0,0.0,0.0,0.0,0.0,0.0,0.0,0.0,0.0,0.0,0.0,0.0,0.0,0.0,0.0,0.0,0.0,0.0,0.0,0.0,0.0,0.0,0.0,0.44435457172793535,0.0,0.0,0.0,0.0,0.0,0.0,0.0,0.34606974107664024,0.0,0.0,0.0,0.0,0.0,0.0,0.0,0.0,0.0,0.4105183208879419,0.0,0.0,0.0,0.0,0.0,0.0,0.0,0.0,0.0,0.0,0.0,0.0,0.0,0.40869565530666246,0.0,0.0,0.0,0.0,0.0,0.0,0.0,0.0,0.0,0.0,0.0,0.0,0.0,0.0,0.0,0.0,0.0,0.0,0.34196763556312026,0.0,0.18406910188370415,0.0,0.0,0.0,0.0,0.0,0.0,0.0,0.0,0.0,0.0,0.0,0.0,0.0,0.0,0.0,0.0,0.0,0.0,0.0,0.0,0.0,0.0,0.0,0.0,0.0,0.0,0.0,0.0,0.0,0.0,0.0,0.0,0.0,0.0,0.0,0.0,0.0,0.0,0.0,0.23813934736134526,0.0,0.0,0.0,0.0,0.0,0.0,0.0,0.0,0.0,0.0,0.0,0.0,0.0,0.3030391038958105,0.0,0.0,0.0,0.0,0.0,0.0,0.0,0.0,0.0,0.0,0.0,0.21877150900394896,0.0,0.0,0.0,0.0,0.0,0.0,0.0,0.0,0.0,0.0,0.0,0.0,0.0,0.0,0.0
c1fb7c4e8f1a3346aa1046a15a36369e916cc7307cd5089b05606192c8be8d7e,0.0,0.0,0.0,0.0,0.0,0.0,0.0,0.0,0.0,0.0,0.0,0.0,0.0,0.0,0.0,0.0,0.0,0.0,0.0,0.0,0.0,0.0,0.0,0.0,0.0,0.0,0.0,0.0,0.0,0.0,0.0,0.0,0.0,0.0,0.3998785801504009,0.0,0.0,0.0,0.0,0.0,0.0,0.0,0.4478892448637395,0.0,0.0,0.0,0.0,0.5108045814997407,0.0,0.0,0.0,0.0,0.0,0.0,0.0,0.0,0.0,0.0,0.0,0.0,0.0,0.0,0.0,0.0,0.0,0.0,0.0,0.0,0.0,0.0,0.0,0.0,0.0,0.0,0.0,0.2324736837639133,0.0,0.0,0.0,0.0,0.0,0.0,0.0,0.0,0.0,0.0,0.0,0.0,0.0,0.0,0.0,0.0,0.0,0.0,0.0,0.0,0.0,0.0,0.0,0.2986086747067458,0.0,0.0,0.0,0.0,0.0,0.0,0.0,0.0,0.0,0.0,0.0,0.0,0.0,0.0,0.0,0.0,0.3055995882868265,0.0,0.0,0.0,0.0,0.0,0.0,0.0,0.0,0.0,0.0,0.0,0.0,0.0,0.0,0.0,0.0,0.0,0.0,0.0,0.0,0.0,0.0,0.0,0.0,0.0,0.0,0.37678742332673815,0.0,0.0,0.0,0.0,0.0,0.0,0.0,0.0,0.0,0.0,0.0,0.0,0.0,0.0,0.0,0.0,0.0
c1d19cee2a05f48cedd6f1f7aa6eec9e27c00cedb7135d0187200b030b302c6d,0.0,0.0,0.0,0.0,0.0,0.0,0.0,0.0,0.0,0.0,0.22557683096760844,0.0,0.14686725358064803,0.0,0.0,0.0,0.0,0.0,0.0,0.0,0.0,0.21471556339521508,0.0,0.0,0.0,0.0,0.0,0.0,0.0,0.0,0.0,0.0,0.0,0.0,0.0,0.0,0.0,0.0,0.0,0.0,0.0,0.0,0.0,0.2542829111208686,0.0,0.0,0.0,0.0,0.3615641689947974,0.3576240704029325,0.0,0.0,0.0,0.0,0.0,0.0,0.0,0.0,0.0,0.0,0.0,0.0,0.0,0.0,0.0,0.0,0.0,0.0,0.0,0.0,0.0,0.0,0.0,0.0,0.0,0.1396216470654359,0.29774946157500587,0.23731679713336667,0.0,0.12773925122569993,0.0,0.0,0.0,0.0,0.0,0.0,0.0,0.0,0.0,0.0,0.0,0.0,0.0,0.0,0.0,0.0,0.0,0.0,0.0,0.17934174017272,0.0,0.0,0.0,0.0,0.33462093870083665,0.0,0.0,0.0,0.0,0.0,0.0,0.0,0.0,0.0,0.0,0.0,0.18354042129971687,0.0,0.0,0.1652626193533256,0.0,0.0,0.0,0.0,0.23184879667131247,0.0,0.0,0.0,0.0,0.0,0.0,0.0,0.0,0.2103013913123513,0.0,0.0,0.0,0.0,0.0,0.0,0.0,0.0,0.0,0.22629520807114714,0.0,0.15182183464630125,0.0,0.0,0.0,0.0,0.0,0.0,0.0,0.0,0.0,0.0,0.0,0.0,0.0,0.0,0.0
c1ae35cd9be8a69a397e7b1e24229847a71bf7ff80bf4021429ee9804bf02652,0.0,0.3819197954532747,0.0,0.0,0.0,0.0,0.0,0.0,0.0,0.0,0.0,0.0,0.17856597326371648,0.0,0.0,0.0,0.0,0.0,0.0,0.0,0.0,0.0,0.0,0.0,0.0,0.0,0.0,0.0,0.0,0.0,0.0,0.0,0.0,0.0,0.0,0.0,0.0,0.0,0.0,0.0,0.0,0.0,0.32705690672009924,0.0,0.0,0.0,0.0,0.0,0.0,0.0,0.0,0.0,0.0,0.0,0.0,0.0,0.0,0.0,0.0,0.0,0.0,0.0,0.0,0.0,0.0,0.0,0.672588669668156,0.0,0.0,0.0,0.0,0.0,0.0,0.0,0.0,0.16975652971703564,0.0,0.0,0.0,0.0,0.0,0.0,0.0,0.0,0.0,0.0,0.0,0.0,0.0,0.0,0.0,0.0,0.0,0.0,0.0,0.0,0.0,0.0,0.0,0.0,0.0,0.0,0.23918970158760394,0.0,0.0,0.0,0.0,0.0,0.0,0.0,0.0,0.0,0.0,0.0,0.0,0.0,0.22315440075019544,0.0,0.22667696005548876,0.0,0.0,0.0,0.0,0.0,0.0,0.0,0.0,0.0,0.0,0.0,0.0,0.0,0.0,0.0,0.0,0.0,0.0,0.0,0.0,0.0,0.0,0.0,0.0,0.27513705805052285,0.0,0.0,0.0,0.0,0.0,0.0,0.0,0.0,0.0,0.0,0.0,0.0,0.0,0.0,0.0,0.0,0.0
be817248c8fc124a548b2187aa95fca5b2a5de02cabbd18a2463d2cb5a1593ab,0.0,0.0,0.0,0.0,0.0,0.0,0.0,0.0,0.0,0.0,0.0,0.0,0.18607468128272928,0.0,0.0,0.0,0.0,0.0,0.0,0.0,0.0,0.0,0.0,0.0,0.0,0.0,0.3906928251360295,0.0,0.0,0.0,0.0,0.0,0.0,0.0,0.0,0.0,0.0,0.0,0.0,0.0,0.0,0.0,0.0,0.0,0.3609427532929916,0.0,0.0,0.3886834540665943,0.0,0.0,0.0,0.0,0.0,0.0,0.0,0.0,0.0,0.0,0.3593401989129182,0.0,0.0,0.0,0.0,0.0,0.0,0.0,0.0,0.0,0.0,0.0,0.0,0.0,0.0,0.0,0.0,0.0,0.0,0.30067047836079297,0.0,0.16184030054095414,0.0,0.0,0.0,0.0,0.0,0.0,0.0,0.0,0.0,0.0,0.0,0.0,0.0,0.0,0.0,0.0,0.0,0.0,0.0,0.2272185005829376,0.0,0.0,0.0,0.0,0.0,0.0,0.0,0.0,0.0,0.0,0.0,0.0,0.0,0.0,0.0,0.0,0.0,0.0,0.0,0.20938084204885682,0.0,0.0,0.0,0.0,0.0,0.0,0.0,0.0,0.0,0.0,0.0,0.0,0.0,0.266443086581395,0.0,0.0,0.0,0.0,0.0,0.0,0.0,0.0,0.0,0.28670658496739226,0.0,0.19235192873036824,0.0,0.0,0.0,0.0,0.0,0.0,0.0,0.0,0.0,0.0,0.0,0.0,0.0,0.0,0.0
bcc999c314a9bcdb87c69516480a039848898be7ff24e92725cbb0dc39c976ec,0.0,0.0,0.0,0.0,0.0,0.0,0.0,0.0,0.0,0.0,0.0,0.0,0.15076943918131017,0.0,0.0,0.0,0.0,0.0,0.0,0.0,0.4256883097609072,0.0,0.0,0.0,0.0,0.0,0.0,0.0,0.0,0.0,0.0,0.0,0.0,0.0,0.0,0.0,0.0,0.0,0.0,0.0,0.0,0.4353154579078081,0.27614548004473016,0.2610390741870312,0.0,0.0,0.0,0.0,0.0,0.0,0.0,0.0,0.0,0.0,0.0,0.0,0.0,0.0,0.0,0.0,0.0,0.0,0.0,0.0,0.0,0.0,0.0,0.0,0.0,0.0,0.0,0.0,0.0,0.0,0.0,0.14333132071586813,0.0,0.0,0.0,0.13113321587486235,0.0,0.0,0.0,0.0,0.0,0.0,0.0,0.0,0.0,0.0,0.0,0.0,0.0,0.0,0.0,0.0,0.0,0.0,0.0,0.18410675578401411,0.0,0.0,0.0,0.0,0.0,0.0,0.0,0.0,0.0,0.0,0.0,0.0,0.0,0.0,0.0,0.0,0.18841699365791062,0.0,0.19139121254874955,0.16965356013723654,0.0,0.0,0.0,0.0,0.0,0.0,0.2739291549244439,0.0,0.0,0.0,0.0,0.0,0.0,0.0,0.0,0.0,0.0,0.0,0.0,0.0,0.0,0.0,0.29180734006531583,0.2323077526030647,0.0,0.15585566085724478,0.0,0.0,0.0,0.0,0.0,0.0,0.0,0.0,0.22619727393606195,0.0,0.0,0.0,0.0,0.0,0.0
5d1b0eb4fe5d011c4867b01b7a218e87e41cb6e39bc8c2a3470dec2115e482e6,0.0,0.0,0.0,0.0,0.0,0.0,0.0,0.0,0.0,0.0,0.22749391987260423,0.0,0.14811542069576764,0.0,0.0,0.0,0.0,0.0,0.0,0.0,0.0,0.21654034665220653,0.0,0.0,0.0,0.0,0.0,0.0,0.0,0.0,0.0,0.0,0.0,0.0,0.24220460922660086,0.0,0.0,0.0,0.0,0.0,0.0,0.0,0.2712844471144665,0.0,0.0,0.0,0.0,0.0,0.0,0.0,0.0,0.0,0.0,0.0,0.0,0.0,0.0,0.0,0.286034748886751,0.0,0.0,0.0,0.0,0.0,0.0,0.0,0.0,0.2417895875555294,0.0,0.0,0.0,0.0,0.0,0.0,0.0,0.14080823661604813,0.0,0.0,0.0,0.0,0.0,0.0,0.0,0.0,0.0,0.0,0.0,0.0,0.3086013805782059,0.0,0.0,0.0,0.0,0.0,0.0,0.0,0.0,0.0,0.0,0.18086589519703244,0.0,0.0,0.0,0.0,0.0,0.0,0.0,0.0,0.0,0.0,0.0,0.0,0.0,0.0,0.0,0.0,0.18510025926615442,0.1711879550426496,0.1880221225074718,0.166667121458501,0.19894826129294604,0.0,0.0,0.0,0.0,0.0,0.0,0.0,0.0,0.0,0.0,0.0,0.0,0.0,0.0,0.0,0.0,0.4661576230434887,0.0,0.0,0.0,0.0,0.0,0.22821840218104755,0.0,0.1531121088002915,0.0,0.0,0.0,0.0,0.0,0.0,0.0,0.0,0.0,0.0,0.0,0.0,0.0,0.0,0.0
bc6c1ee2b06d35ebb30a7ee02c682c6b72e5b3101cfb47e551301d2cfdc74ac7,0.0,0.0,0.0,0.0,0.0,0.0,0.0,0.0,0.0,0.0,0.2381088881684277,0.0,0.15502655263146323,0.0,0.0,0.0,0.0,0.0,0.0,0.0,0.0,0.22664421631064394,0.0,0.0,0.0,0.0,0.32550243483505775,0.0,0.0,0.0,0.0,0.0,0.0,0.0,0.0,0.0,0.0,0.0,0.0,0.0,0.0,0.0,0.0,0.0,0.3007164131873475,0.0,0.0,0.3238283442618292,0.0,0.0,0.0,0.0,0.0,0.0,0.0,0.0,0.0,0.0,0.29938125851055536,0.0,0.0,0.0,0.0,0.0,0.0,0.0,0.0,0.0,0.0,0.0,0.0,0.0,0.0,0.0,0.0,0.1473784120664829,0.0,0.0,0.0,0.13483588254321394,0.0,0.0,0.0,0.0,0.0,0.0,0.0,0.0,0.0,0.0,0.0,0.0,0.0,0.0,0.0,0.0,0.0,0.0,0.0,0.0,0.0,0.0,0.0,0.0,0.35321100722162757,0.0,0.0,0.0,0.0,0.0,0.0,0.0,0.0,0.0,0.0,0.0,0.0,0.0,0.0,0.17444388406925065,0.0,0.0,0.0,0.0,0.24472929671807137,0.0,0.0,0.0,0.0,0.0,0.0,0.0,0.0,0.2219848122294432,0.0,0.0,0.0,0.0,0.0,0.0,0.0,0.0,0.3000467880528589,0.2388671751461972,0.0,0.16025638844315807,0.0,0.0,0.0,0.0,0.0,0.0,0.0,0.0,0.0,0.0,0.0,0.0,0.0,0.0,0.0
e56bedd1e87902a99a32f20b082af4677606f8efa1bd1e5913ee0e9615980171,0.0,0.0,0.0,0.0,0.0,0.0,0.0,0.0,0.0,0.0,0.0,0.0,0.1365938301015968,0.0,0.0,0.0,0.0,0.0,0.0,0.0,0.0,0.19969612334630846,0.0,0.0,0.0,0.0,0.0,0.0,0.0,0.0,0.0,0.5809519072779686,0.0,0.0,0.0,0.0,0.0,0.0,0.0,0.0,0.0,0.0,0.0,0.0,0.0,0.0,0.0,0.0,0.0,0.0,0.0,0.0,0.0,0.0,0.0,0.0,0.0,0.0,0.0,0.0,0.1982096479699053,0.0,0.0,0.0,0.0,0.0,0.0,0.0,0.0,0.0,0.0,0.0,0.0,0.0,0.0,0.0,0.0,0.0,0.0,0.11880383920740477,0.0,0.0,0.0,0.0,0.0,0.0,0.0,0.0,0.0,0.0,0.0,0.0,0.0,0.0,0.0,0.0,0.0,0.0,0.0,0.0,0.0,0.0,0.0,0.0,0.0,0.0,0.0,0.0,0.0,0.0,0.0,0.0,0.0,0.0,0.2742767511598332,0.0,0.0,0.15787159997719027,0.0,0.15370243263721975,0.0,0.0,0.0,0.0,0.0,0.0,0.0,0.0,0.0,0.0,0.0,0.0,0.0,0.0,0.0,0.0,0.0,0.0,0.0,0.0,0.0,0.0,0.0,0.2104657672181643,0.0,0.14120183622826413,0.0,0.0,0.0,0.0,0.0,0.0,0.0,0.0,0.20492980655257956,0.0,0.0,0.0,0.0,0.0,0.5661725965874345
efd8049d67d1bcdb6c0aba4da7ca6d4feacc65eb874447cc2c69d12dd4a83675,0.0,0.0,0.0,0.0,0.0,0.0,0.0,0.0,0.0,0.0,0.0,0.0,0.36810692077487056,0.0,0.0,0.0,0.0,0.0,0.0,0.0,0.0,0.0,0.0,0.0,0.0,0.0,0.0,0.0,0.0,0.0,0.0,0.0,0.0,0.0,0.0,0.0,0.0,0.0,0.0,0.0,0.0,0.0,0.0,0.0,0.0,0.0,0.0,0.0,0.0,0.0,0.0,0.0,0.0,0.0,0.0,0.0,0.0,0.0,0.0,0.0,0.0,0.0,0.0,0.0,0.0,0.0,0.0,0.0,0.0,0.0,0.0,0.0,0.0,0.0,0.0,0.0,0.0,0.0,0.0,0.0,0.0,0.0,0.0,0.0,0.0,0.0,0.0,0.0,0.0,0.0,0.0,0.0,0.0,0.0,0.0,0.0,0.0,0.0,0.0,0.0,0.0,0.0,0.4930804168520932,0.0,0.0,0.0,0.0,0.0,0.0,0.0,0.0,0.0,0.0,0.0,0.0,0.0,0.0,0.0,0.0,0.41421291980473207,0.0,0.0,0.0,0.0,0.0,0.0,0.0,0.0,0.0,0.0,0.0,0.0,0.0,0.0,0.0,0.0,0.0,0.0,0.0,0.0,0.0,0.0,0.0,0.0,0.0,0.38052504350367605,0.0,0.0,0.0,0.0,0.0,0.0,0.0,0.0,0.5522656477891535,0.0,0.0,0.0,0.0,0.0,0.0
ef14393974b607435db89dcd21cbfeb50d14988fec8570cf13b2dbfbd719e062,0.0,0.0,0.0,0.0,0.0,0.0,0.0,0.0,0.0,0.0,0.0,0.0,0.2184267346971538,0.0,0.0,0.0,0.0,0.0,0.0,0.0,0.0,0.0,0.0,0.0,0.0,0.0,0.0,0.0,0.0,0.0,0.0,0.0,0.0,0.0,0.0,0.0,0.0,0.0,0.0,0.0,0.0,0.0,0.0,0.0,0.0,0.0,0.0,0.4562622766155846,0.0,0.0,0.0,0.0,0.0,0.0,0.0,0.0,0.0,0.0,0.0,0.0,0.3169563819927811,0.0,0.0,0.0,0.42181722818438894,0.0,0.0,0.3565686128117988,0.0,0.0,0.0,0.0,0.0,0.0,0.0,0.20765078475982385,0.0,0.0,0.0,0.0,0.0,0.0,0.0,0.0,0.0,0.0,0.0,0.0,0.0,0.0,0.0,0.0,0.0,0.0,0.0,0.0,0.0,0.0,0.0,0.26672406370914964,0.0,0.0,0.0,0.0,0.0,0.0,0.0,0.0,0.0,0.0,0.0,0.0,0.0,0.0,0.0,0.0,0.27296850681164764,0.2524519450020884,0.0,0.0,0.29339024177066053,0.0,0.0,0.0,0.0,0.0,0.0,0.0,0.0,0.0,0.0,0.0,0.0,0.0,0.0,0.0,0.0,0.0,0.0,0.0,0.0,0.0,0.0,0.0,0.0,0.0,0.0,0.0,0.0,0.0,0.0,0.0,0.0,0.0,0.0,0.0,0.0,0.0,0.0,0.0,0.0
ef25f37fb988e1e041e5dbbd6f30aac3918e540fc253964b054fc1ec6e45b6a2,0.0,0.0,0.0,0.0,0.0,0.0,0.0,0.0,0.0,0.0,0.0,0.0,0.16567558693304021,0.0,0.0,0.0,0.0,0.0,0.0,0.0,0.0,0.0,0.0,0.0,0.0,0.0,0.0,0.0,0.0,0.0,0.0,0.0,0.0,0.0,0.0,0.0,0.0,0.0,0.0,0.0,0.0,0.0,0.0,0.0,0.0,0.0,0.0,0.346072657170373,0.0,0.0,0.0,0.0,0.0,0.0,0.0,0.0,0.0,0.0,0.0,0.0,0.0,0.0,0.0,0.0,0.0,0.0,0.0,0.0,0.0,0.0,0.0,0.0,0.0,0.0,0.0,0.15750208274591077,0.0,0.0,0.0,0.0,0.0,0.0,0.0,0.0,0.0,0.0,0.0,0.0,0.3451883309345503,0.0,0.0,0.0,0.0,0.0,0.0,0.0,0.0,0.0,0.0,0.2023088696786474,0.0,0.0,0.0,0.0,0.0,0.0,0.0,0.7046405254655893,0.0,0.0,0.0,0.0,0.0,0.0,0.0,0.0,0.2070452485725164,0.0,0.210313520067607,0.18642672748298436,0.22253503250494788,0.0,0.0,0.0,0.0,0.0,0.0,0.0,0.0,0.0,0.0,0.0,0.0,0.0,0.0,0.0,0.0,0.0,0.0,0.0,0.0,0.0,0.0,0.0,0.0,0.0,0.0,0.0,0.0,0.0,0.0,0.0,0.0,0.0,0.0,0.0,0.0,0.0,0.0,0.0,0.0
2a6693166d2db53f60f7b18d49329204dc685a0c12c5cb8be1b62ced46980041,0.0,0.0,0.0,0.0,0.0,0.0,0.0,0.0,0.0,0.0,0.0,0.0,0.36810692077487056,0.0,0.0,0.0,0.0,0.0,0.0,0.0,0.0,0.0,0.0,0.0,0.0,0.0,0.0,0.0,0.0,0.0,0.0,0.0,0.0,0.0,0.0,0.0,0.0,0.0,0.0,0.0,0.0,0.0,0.0,0.0,0.0,0.0,0.0,0.0,0.0,0.0,0.0,0.0,0.0,0.0,0.0,0.0,0.0,0.0,0.0,0.0,0.0,0.0,0.0,0.0,0.0,0.0,0.0,0.0,0.0,0.0,0.0,0.0,0.0,0.0,0.0,0.0,0.0,0.0,0.0,0.0,0.0,0.0,0.0,0.0,0.0,0.0,0.0,0.0,0.0,0.0,0.0,0.0,0.0,0.0,0.0,0.0,0.0,0.0,0.0,0.0,0.0,0.0,0.4930804168520932,0.0,0.0,0.0,0.0,0.0,0.0,0.0,0.0,0.0,0.0,0.0,0.0,0.0,0.0,0.0,0.0,0.41421291980473207,0.0,0.0,0.0,0.0,0.0,0.0,0.0,0.0,0.0,0.0,0.0,0.0,0.0,0.0,0.0,0.0,0.0,0.0,0.0,0.0,0.0,0.0,0.0,0.0,0.0,0.38052504350367605,0.0,0.0,0.0,0.0,0.0,0.0,0.0,0.0,0.5522656477891535,0.0,0.0,0.0,0.0,0.0,0.0
ef9b97d49e19b228a9ce665014ffbf2ca16df1ec49c673feb9f70a1af0c519a9,0.0,0.0,0.0,0.0,0.0,0.0,0.0,0.0,0.0,0.0,0.0,0.0,0.19861797329328634,0.0,0.0,0.0,0.0,0.0,0.0,0.0,0.0,0.29037357883638576,0.0,0.0,0.0,0.0,0.4170294237443302,0.0,0.0,0.0,0.0,0.0,0.0,0.0,0.0,0.0,0.0,0.0,0.0,0.0,0.0,0.0,0.0,0.0,0.3852738999188419,0.0,0.0,0.0,0.0,0.0,0.0,0.0,0.0,0.0,0.0,0.0,0.0,0.0,0.3835633173674263,0.0,0.0,0.0,0.0,0.0,0.0,0.0,0.0,0.0,0.0,0.0,0.0,0.0,0.0,0.0,0.0,0.0,0.0,0.0,0.0,0.172749953239362,0.0,0.0,0.0,0.0,0.0,0.0,0.0,0.0,0.0,0.0,0.0,0.0,0.0,0.0,0.0,0.0,0.0,0.0,0.0,0.0,0.0,0.0,0.0,0.0,0.0,0.0,0.0,0.0,0.0,0.0,0.0,0.0,0.0,0.0,0.0,0.0,0.0,0.0,0.0,0.2234952020742522,0.0,0.0,0.0,0.0,0.31354394517942435,0.0,0.0,0.0,0.0,0.0,0.0,0.0,0.0,0.2844040118192918,0.0,0.0,0.0,0.0,0.0,0.0,0.0,0.0,0.38441598503380586,0.0,0.0,0.0,0.0,0.0,0.0,0.0,0.0,0.0,0.0,0.0,0.0,0.0,0.0,0.0,0.0,0.0,0.0
ed01ebfbc9eb5bbea545af4d01bf5f1071661840480439c6e5babe8e080e41aa,0.0,0.15727815249106789,0.1852192616659426,0.0,0.20436103140725154,0.0,0.0,0.0,0.0,0.0,0.0,0.0,0.0,0.0,0.0,0.0,0.0,0.14393195887438595,0.0,0.0,0.0,0.10750619384845286,0.0,0.0,0.0,0.0,0.0,0.0,0.0,0.0,0.0,0.0,0.0,0.0,0.0,0.0,0.0,0.0,0.0,0.0,0.0,0.21231745746810052,0.0,0.0,0.0,0.0,0.0,0.15360441717215256,0.0,0.0,0.0,0.0,0.2111029401981864,0.0,0.0,0.2054252877195806,0.0,0.0,0.0,0.0,0.0,0.0,0.0,0.14908053626013207,0.0,0.0,0.2769783200849421,0.12004173204743196,0.0,0.0,0.0,0.0,0.0,0.0,0.0,0.0,0.0,0.0,0.0,0.06395791943152804,0.0,0.0,0.0,0.0,0.23143415331895906,0.21614251099119425,0.0,0.0,0.15321190879788735,0.0,0.0,0.0,0.0,0.0,0.0,0.0,0.0,0.0,0.0,0.0897948317264689,0.0,0.0,0.0,0.0,0.0,0.0,0.11763127369462056,0.0,0.0,0.0,0.0,0.0,0.0,0.0,0.0,0.0,0.09189707443309529,0.08499000654549746,0.09334769738108684,0.08274553977905838,0.09877221808795034,0.0,0.16123354598867043,0.22027388352894953,0.0,0.0,0.13360412694616636,0.0,0.0,0.0,0.3485313524503036,0.0,0.0,0.0,0.0,0.0,0.0,0.23143415331895906,0.0,0.0,0.0,0.0,0.0,0.0,0.22027388352894953,0.07601585710799365,0.0,0.17018924351696815,0.0,0.0,0.0,0.2111029401981864,0.0,0.0,0.11032374158992321,0.0,0.0,0.0,0.0,0.0,0.0
ec9b16f63e7f1334124c7ecd51e4777a5b3de1f9985736ed197a75dafed18025,0.0,0.0,0.0,0.0,0.0,0.0,0.0,0.0,0.0,0.0,0.21334167332644183,0.0,0.13890125817156077,0.0,0.0,0.0,0.0,0.0,0.0,0.0,0.0,0.20306951466368733,0.0,0.0,0.0,0.0,0.0,0.0,0.0,0.0,0.0,0.0,0.0,0.0,0.0,0.0,0.0,0.0,0.0,0.0,0.0,0.0,0.0,0.24049075219358348,0.2694369927960595,0.0,0.0,0.0,0.0,0.0,0.0,0.0,0.0,0.0,0.0,0.0,0.0,0.0,0.0,0.0,0.0,0.0,0.0,0.0,0.0,0.0,0.0,0.22674801696191965,0.0,0.0,0.0,0.4405795050522628,0.0,0.0,0.0,0.1320486491886715,0.28159970193738687,0.2244448704759679,0.0,0.12081074766881005,0.0,0.0,0.0,0.0,0.0,0.0,0.0,0.0,0.0,0.0,0.0,0.0,0.0,0.0,0.0,0.0,0.0,0.0,0.0,0.1696143472785027,0.0,0.0,0.0,0.0,0.0,0.0,0.0,0.0,0.0,0.0,0.0,0.0,0.0,0.0,0.0,0.0,0.17358529435473982,0.16053846539099806,0.17632539041305537,0.0,0.18657182131896863,0.0,0.0,0.0,0.21927345121575179,0.0,0.0,0.0,0.0,0.0,0.0,0.0,0.0,0.19889476473715675,0.0,0.0,0.0,0.0,0.0,0.0,0.0,0.0,0.2688370196165947,0.21402108606883624,0.0,0.0,0.0,0.0,0.0,0.0,0.0,0.0,0.0,0.0,0.0,0.0,0.0,0.0,0.0,0.0,0.0
eb5741230e639ea52f1bb8cb9ea0d760ff6f2095878320f9a259871482638b72,0.0,0.0,0.0,0.0,0.0,0.0,0.0,0.0,0.0,0.0,0.3588561635927954,0.0,0.23364198774886424,0.0,0.0,0.0,0.0,0.0,0.0,0.0,0.0,0.341577647904526,0.0,0.0,0.0,0.0,0.0,0.0,0.0,0.0,0.0,0.0,0.0,0.0,0.0,0.0,0.0,0.0,0.0,0.0,0.0,0.0,0.0,0.0,0.0,0.0,0.0,0.48804476883788894,0.0,0.0,0.0,0.0,0.0,0.0,0.0,0.0,0.0,0.0,0.0,0.0,0.0,0.0,0.0,0.0,0.0,0.0,0.0,0.0,0.0,0.0,0.0,0.0,0.0,0.0,0.0,0.22211540256811332,0.0,0.0,0.0,0.20321243736974623,0.0,0.0,0.0,0.0,0.0,0.0,0.0,0.0,0.0,0.0,0.0,0.0,0.0,0.0,0.0,0.0,0.0,0.0,0.0,0.28530363058287506,0.0,0.0,0.0,0.0,0.0,0.0,0.0,0.0,0.0,0.0,0.0,0.0,0.0,0.0,0.0,0.0,0.2919830514920195,0.0,0.0,0.0,0.0,0.0,0.0,0.0,0.0,0.0,0.0,0.0,0.0,0.0,0.0,0.0,0.0,0.0,0.0,0.0,0.0,0.0,0.0,0.0,0.0,0.0,0.4522033599301256,0.0,0.0,0.0,0.0,0.0,0.0,0.0,0.0,0.0,0.0,0.0,0.0,0.0,0.0,0.0,0.0,0.0,0.0
eb84360ca4e33b8bb60df47ab5ce962501ef3420bc7aab90655fd507d2ffcedd,0.0,0.0,0.0,0.0,0.0,0.0,0.0,0.0,0.0,0.0,0.0,0.0,0.0,0.0,0.0,0.0,0.0,0.0,0.0,0.0,0.0,0.0,0.0,0.0,0.0,0.0,0.47362013263255953,0.0,0.0,0.0,0.0,0.0,0.0,0.0,0.0,0.0,0.0,0.0,0.0,0.0,0.0,0.0,0.0,0.0,0.43755539822843553,0.0,0.0,0.0,0.0,0.0,0.0,0.0,0.0,0.0,0.0,0.0,0.0,0.0,0.4356126903791757,0.0,0.0,0.0,0.0,0.0,0.0,0.0,0.0,0.0,0.0,0.0,0.0,0.0,0.0,0.0,0.0,0.0,0.0,0.3644899078716189,0.0,0.19619204570959833,0.0,0.0,0.0,0.0,0.0,0.0,0.0,0.0,0.0,0.0,0.0,0.0,0.0,0.0,0.0,0.0,0.0,0.0,0.0,0.0,0.0,0.0,0.0,0.0,0.0,0.0,0.0,0.0,0.0,0.0,0.0,0.0,0.0,0.0,0.0,0.0,0.0,0.0,0.0,0.2538234024322538,0.0,0.0,0.0,0.0,0.0,0.0,0.0,0.0,0.0,0.0,0.0,0.0,0.0,0.32299751079834055,0.0,0.0,0.0,0.0,0.0,0.0,0.0,0.0,0.0,0.0,0.0,0.23317998216549357,0.0,0.0,0.0,0.0,0.0,0.0,0.0,0.0,0.0,0.0,0.0,0.0,0.0,0.0,0.0
eb3414abcb87814b1f26bed72e45682051e7b4cd712d30038ef5d45ea8ec3187,0.3323077544867047,0.0,0.0,0.0,0.0,0.0,0.0,0.0,0.0,0.0,0.13550619531517585,0.0,0.08822458700096059,0.0,0.0,0.0,0.0,0.0,0.0,0.0,0.0,0.12898172629625226,0.0,0.0,0.0,0.0,0.0,0.0,0.0,0.0,0.0,0.0,0.4181542839362147,0.0,0.0,0.0,0.0,0.0,0.0,0.0,0.0,0.0,0.0,0.15275021673038638,0.0,0.0,0.4181542839362147,0.1842885715173057,0.2171951112736997,0.0,0.0,0.0,0.0,0.0,0.0,0.0,0.0,0.0,0.17037589651310475,0.0,0.0,0.0,0.0,0.0,0.0,0.0,0.0,0.0,0.0,0.0,0.0,0.0,0.0,0.0,0.0,0.08387208072885931,0.17886099614975431,0.14255850712143237,0.0,0.0767342100328094,0.0,0.0,0.0,0.0,0.0,0.0,0.0,0.0,0.0,0.0,0.0,0.0,0.0,0.0,0.0,0.0,0.0,0.0,0.0,0.10773232679865838,0.0,0.0,0.0,0.0,0.0,0.0,0.0,0.0,0.0,0.0,0.0,0.0,0.0,0.0,0.0,0.0,0.11025451536926864,0.10196768548629816,0.0,0.0,0.11850304380650425,0.0,0.0,0.0,0.13927382608652153,0.0,0.0,0.0,0.0,0.0,0.0,0.0,0.0,0.12633009021355002,0.0,0.0,0.0,0.0,0.0,0.0,0.0,0.0,0.0,0.1359377314249993,0.0,0.0,0.18869617545552317,0.0,0.0,0.0,0.0,0.2532730504007927,0.0,0.0,0.0,0.0,0.31073879934589105,0.0,0.0,0.0,0.0
d4169a35ad389cc7a7313bff271319fe5db7ff5894bd3a006cccfa34a308b1c7,0.0,0.22780715285592948,0.0,0.0,0.0,0.0,0.0,0.0,0.0,0.0,0.0,0.28602077554752453,0.10651086026550836,0.0,0.0,0.0,0.0,0.0,0.0,0.0,0.0,0.0,0.34936509197492605,0.0,0.3796778206020666,0.0,0.0,0.0,0.0,0.0,0.0,0.0,0.0,0.0,0.0,0.0,0.0,0.0,0.0,0.0,0.0,0.0,0.0,0.0,0.20660695423373507,0.0,0.0,0.2224859866920791,0.0,0.0,0.0,0.0,0.0,0.0,0.0,0.0,0.32785786874229733,0.0,0.0,0.0,0.0,0.0,0.0,0.0,0.0,0.0,0.0,0.0,0.0,0.0,0.0,0.0,0.0,0.0,0.0,0.10125621183799598,0.0,0.0,0.0,0.09263887766683164,0.0,0.0,0.0,0.0,0.0,0.0,0.0,0.0,0.0,0.0,0.0,0.0,0.0,0.0,0.0,0.0,0.0,0.0,0.0,0.1300619611356758,0.0,0.0,0.14267164352259354,0.0,0.0,0.0,0.17038123301143154,0.0,0.0,0.0,0.0,0.0,0.0,0.0,0.0,0.0,0.13310692267689114,0.1231024850284667,0.0,0.11985152120644901,0.14306512015493555,0.0,0.0,0.0,0.0,0.0,0.19351686987254532,0.0,0.0,0.0,0.0,0.0,0.0,0.0,0.0,0.0,0.0,0.0,0.0,0.0,0.0,0.0,0.20614688885835816,0.0,0.0,0.1101040144826133,0.0,0.0,0.0,0.0,0.0,0.0,0.0,0.0,0.0,0.3796778206020666,0.0,0.0,0.0,0.0,0.0
ea6708c3be6f8f4ad01b29bf906dcee23b87183c26a497d867026e302d595be2,0.0,0.0,0.0,0.0,0.0,0.0,0.0,0.0,0.0,0.0,0.0,0.0,0.23409680772228764,0.0,0.0,0.0,0.0,0.0,0.0,0.0,0.0,0.0,0.0,0.0,0.0,0.0,0.0,0.0,0.0,0.0,0.0,0.0,0.0,0.0,0.0,0.0,0.0,0.0,0.0,0.0,0.0,0.0,0.0,0.0,0.0,0.0,0.0,0.0,0.5763096652581275,0.5700294054998816,0.0,0.0,0.0,0.0,0.0,0.0,0.0,0.0,0.0,0.0,0.0,0.0,0.0,0.0,0.0,0.0,0.0,0.0,0.0,0.0,0.0,0.0,0.0,0.0,0.0,0.22254778427512717,0.0,0.0,0.0,0.0,0.0,0.0,0.0,0.0,0.0,0.0,0.0,0.0,0.0,0.0,0.0,0.0,0.0,0.0,0.0,0.0,0.0,0.0,0.0,0.28585901786976453,0.0,0.0,0.31357343483917954,0.0,0.0,0.0,0.0,0.0,0.0,0.0,0.0,0.0,0.0,0.0,0.0,0.0,0.0,0.0,0.0,0.0,0.0,0.0,0.0,0.0,0.0,0.0,0.0,0.0,0.0,0.0,0.0,0.0,0.0,0.0,0.0,0.0,0.0,0.0,0.0,0.0,0.0,0.0,0.0,0.0,0.0,0.24199408627004648,0.0,0.0,0.0,0.0,0.0,0.0,0.0,0.0,0.0,0.0,0.0,0.0,0.0,0.0,0.0
e222690e07d25744be76a045355534b3a6c8e8a606fdfec66885f926f1ebaadd,0.0,0.0,0.0,0.0,0.0,0.0,0.28706299695780496,0.0,0.0,0.0,0.0,0.0,0.10788854725649681,0.0,0.0,0.0,0.2784342954287743,0.21117263847825427,0.0,0.0,0.0,0.0,0.0,0.0,0.0,0.2844957208839492,0.0,0.0,0.0,0.0,0.0,0.0,0.0,0.0,0.0,0.0,0.0,0.0,0.0,0.0,0.0,0.0,0.0,0.18679598892287236,0.0,0.0,0.0,0.22536377820346892,0.26560470071996484,0.0,0.0,0.0,0.0,0.0,0.0,0.0,0.0,0.0,0.0,0.0,0.1565557606503102,0.2857684801115175,0.0,0.0,0.0,0.0,0.0,0.0,0.0,0.0,0.0,0.0,0.0,0.0,0.0,0.10256593148027693,0.21872647627397515,0.17433269743976054,0.0,0.0,0.0,0.0,0.0,0.0,0.0,0.0,0.0,0.0,0.22478790172915,0.0,0.0,0.0,0.0,0.0,0.0,0.0,0.0,0.0,0.0,0.0,0.0,0.0,0.0,0.0,0.0,0.0,0.0,0.0,0.0,0.0,0.0,0.0,0.0,0.0,0.21663731229189795,0.24657331463732934,0.13482862199774287,0.12469477985886522,0.13695693233104295,0.12140176576559254,0.14491562586308895,0.0,0.0,0.0,0.17031590940930327,0.0,0.0,0.0,0.0,0.0,0.0,0.0,0.2761393503650944,0.0,0.0,0.0,0.0,0.0,0.0,0.0,0.0,0.0,0.0,0.0,0.0,0.0,0.0,0.0,0.0,0.0,0.0,0.0,0.0,0.0,0.0,0.0,0.0,0.0,0.0,0.0,0.0
e24033a0af118f6a215d79fc956b3e5faddada5590c898dd04e4a7a8ddfa3e99,0.0,0.0,0.0,0.0,0.0,0.0,0.0,0.0,0.0,0.0,0.0,0.0,0.23409680772228764,0.0,0.0,0.0,0.0,0.0,0.0,0.0,0.0,0.0,0.0,0.0,0.0,0.0,0.0,0.0,0.0,0.0,0.0,0.0,0.0,0.0,0.0,0.0,0.0,0.0,0.0,0.0,0.0,0.0,0.0,0.0,0.0,0.0,0.0,0.0,0.5763096652581275,0.5700294054998816,0.0,0.0,0.0,0.0,0.0,0.0,0.0,0.0,0.0,0.0,0.0,0.0,0.0,0.0,0.0,0.0,0.0,0.0,0.0,0.0,0.0,0.0,0.0,0.0,0.0,0.22254778427512717,0.0,0.0,0.0,0.0,0.0,0.0,0.0,0.0,0.0,0.0,0.0,0.0,0.0,0.0,0.0,0.0,0.0,0.0,0.0,0.0,0.0,0.0,0.0,0.28585901786976453,0.0,0.0,0.31357343483917954,0.0,0.0,0.0,0.0,0.0,0.0,0.0,0.0,0.0,0.0,0.0,0.0,0.0,0.0,0.0,0.0,0.0,0.0,0.0,0.0,0.0,0.0,0.0,0.0,0.0,0.0,0.0,0.0,0.0,0.0,0.0,0.0,0.0,0.0,0.0,0.0,0.0,0.0,0.0,0.0,0.0,0.0,0.24199408627004648,0.0,0.0,0.0,0.0,0.0,0.0,0.0,0.0,0.0,0.0,0.0,0.0,0.0,0.0,0.0
e6986e80395ec6fb4fc2450dd4de5ea81ba8d489a1464a1108a98f6541967af6,0.0,0.0,0.0,0.0,0.0,0.0,0.0,0.0,0.0,0.0,0.25237579301957946,0.0,0.16431536621926454,0.0,0.0,0.0,0.0,0.0,0.0,0.0,0.0,0.24022418593731565,0.0,0.0,0.0,0.0,0.3450057482238679,0.0,0.0,0.0,0.0,0.0,0.0,0.0,0.0,0.0,0.0,0.0,0.0,0.0,0.0,0.0,0.0,0.0,0.31873460850598995,0.0,0.0,0.0,0.0,0.0,0.0,0.0,0.0,0.0,0.0,0.0,0.0,0.0,0.3173194546116891,0.0,0.0,0.0,0.0,0.0,0.0,0.0,0.0,0.0,0.0,0.0,0.0,0.0,0.0,0.0,0.0,0.15620896769269305,0.0,0.26551048978075403,0.0,0.14291492033790718,0.0,0.0,0.0,0.0,0.0,0.0,0.0,0.0,0.0,0.0,0.0,0.0,0.0,0.0,0.0,0.0,0.0,0.0,0.0,0.0,0.0,0.0,0.0,0.0,0.3743745508052922,0.0,0.0,0.0,0.0,0.0,0.0,0.0,0.0,0.0,0.0,0.0,0.0,0.0,0.0,0.18489613688108564,0.0,0.0,0.0,0.0,0.2593928803306926,0.0,0.29854040483240935,0.0,0.0,0.0,0.0,0.0,0.0,0.23528560170790247,0.0,0.0,0.0,0.0,0.0,0.0,0.0,0.0,0.0,0.0,0.0,0.16985856105962285,0.0,0.0,0.0,0.0,0.0,0.0,0.0,0.0,0.0,0.0,0.0,0.0,0.0,0.0,0.0
e248b01e3ccde76b4d8e8077d4fcb4d0b70e5200bf4e738b45a0bd28fbc2cae6,0.0,0.0,0.0,0.0,0.0,0.0,0.0,0.0,0.0,0.0,0.1876904705103579,0.0,0.12220042195323744,0.0,0.0,0.0,0.0,0.0,0.0,0.0,0.0,0.17865338805708886,0.0,0.0,0.0,0.0,0.0,0.0,0.0,0.0,0.0,0.0,0.0,0.0,0.0,0.0,0.0,0.0,0.0,0.0,0.0,0.0,0.22381919283631901,0.0,0.0,0.0,0.0,0.0,0.0,0.0,0.0,0.0,0.0,0.0,0.0,0.0,0.0,0.0,0.0,0.0,0.0,0.0,0.0,0.0,0.23598870963641724,0.0,0.0,0.0,0.0,0.0,0.0,0.0,0.0,0.0,0.0,0.11617173855459374,0.0,0.0,0.0,0.10628502963868292,0.0,0.0,0.0,0.0,0.0,0.0,0.0,0.0,0.0,0.0,0.0,0.0,0.0,0.0,0.0,0.0,0.0,0.0,0.0,0.0,0.0,0.0,0.0,0.0,0.2784202666469595,0.0,0.0,0.0,0.4008282493319866,0.0,0.0,0.0,0.0,0.0,0.0,0.0,0.0,0.14123607279550054,0.15512485195009074,0.13750622637594326,0.0,0.0,0.0,0.0,0.0,0.0,0.0,0.0,0.3396063923462216,0.0,0.0,0.0,0.0,0.0,0.0,0.0,0.0,0.0,0.0,0.0,0.0,0.0,0.0,0.18828819384918077,0.0,0.0,0.0,0.0,0.0,0.0,0.0,0.0,0.579188088894119,0.0,0.0,0.0,0.0,0.0,0.0,0.0,0.0
e54c15ea5da3277ce9ce7c4242db9b7e1248acc7fed2b84be6dd4d9abaa2e92d,0.0,0.0,0.0,0.0,0.0,0.0,0.0,0.0,0.0,0.0,0.23743114376825034,0.0,0.15458529074185892,0.0,0.0,0.0,0.0,0.0,0.0,0.0,0.0,0.2259991045316646,0.0,0.0,0.0,0.0,0.0,0.0,0.0,0.0,0.0,0.0,0.0,0.0,0.0,0.0,0.0,0.0,0.0,0.0,0.0,0.0,0.0,0.26764576029006115,0.0,0.0,0.0,0.0,0.0,0.0,0.0,0.0,0.0,0.0,0.0,0.0,0.0,0.0,0.0,0.0,0.0,0.0,0.0,0.0,0.0,0.0,0.0,0.0,0.0,0.0,0.0,0.0,0.5382681590548749,0.0,0.0,0.14695891956347967,0.31339652620745323,0.2497880581844157,0.0,0.1344520906359081,0.0,0.0,0.0,0.0,0.0,0.0,0.0,0.0,0.0,0.0,0.0,0.0,0.0,0.0,0.0,0.0,0.0,0.0,0.0,0.18876634764282024,0.0,0.0,0.0,0.0,0.0,0.0,0.0,0.0,0.0,0.0,0.0,0.0,0.0,0.0,0.0,0.0,0.19318567412251617,0.0,0.19623516806815164,0.17394735340009942,0.0,0.0,0.0,0.0,0.24403270822998144,0.0,0.0,0.0,0.0,0.0,0.0,0.0,0.0,0.2213529628072305,0.0,0.0,0.0,0.0,0.0,0.0,0.0,0.0,0.0,0.23818727238579707,0.0,0.0,0.0,0.0,0.0,0.0,0.0,0.0,0.0,0.0,0.0,0.0,0.0,0.0,0.0,0.0,0.0
2c2bd6f198033a90b270b4434a2fddd3b7a3a8b29416a75872e39a2181b16b48,0.0,0.0,0.0,0.0,0.0,0.0,0.0,0.0,0.0,0.0,0.0,0.0,0.0,0.0,0.0,0.0,0.0,0.0,0.0,0.0,0.0,0.0,0.0,0.0,0.0,0.0,0.456614836697445,0.0,0.0,0.0,0.0,0.0,0.0,0.0,0.0,0.0,0.0,0.0,0.0,0.0,0.0,0.0,0.0,0.0,0.4218450039225118,0.0,0.0,0.0,0.0,0.0,0.0,0.0,0.0,0.0,0.0,0.0,0.0,0.0,0.41997204885531486,0.0,0.0,0.0,0.0,0.0,0.0,0.0,0.0,0.0,0.0,0.0,0.0,0.0,0.0,0.0,0.0,0.0,0.0,0.35140292460875117,0.0,0.1891477847765531,0.0,0.0,0.0,0.0,0.0,0.0,0.0,0.0,0.0,0.0,0.0,0.0,0.0,0.0,0.0,0.0,0.0,0.0,0.0,0.265557317317493,0.0,0.0,0.0,0.0,0.0,0.0,0.0,0.0,0.0,0.0,0.0,0.0,0.0,0.0,0.0,0.0,0.0,0.0,0.0,0.24470989188609885,0.0,0.0,0.0,0.0,0.0,0.0,0.0,0.0,0.0,0.0,0.0,0.0,0.0,0.31140030899253723,0.0,0.0,0.0,0.0,0.0,0.0,0.0,0.0,0.0,0.0,0.0,0.2248076721016702,0.0,0.0,0.0,0.0,0.0,0.0,0.0,0.0,0.0,0.0,0.0,0.0,0.0,0.0,0.0
e7fd6d23b75d0d2732db9a9e937bb7e7ed595ee3e52240f7b6dc3c03a9314270,0.0,0.0,0.0,0.0,0.0,0.0,0.0,0.0,0.0,0.0,0.24015546428616213,0.0,0.15635902552934944,0.0,0.0,0.0,0.0,0.0,0.0,0.0,0.0,0.22859225211851306,0.0,0.0,0.0,0.0,0.3283001695795358,0.0,0.0,0.0,0.0,0.0,0.0,0.0,0.0,0.0,0.0,0.0,0.0,0.0,0.0,0.0,0.0,0.0,0.303301108929594,0.0,0.0,0.0,0.0,0.0,0.0,0.0,0.0,0.0,0.0,0.0,0.0,0.0,0.3019544784288794,0.0,0.0,0.0,0.0,0.0,0.0,0.0,0.0,0.0,0.0,0.0,0.0,0.0,0.0,0.0,0.0,0.14864514822541003,0.0,0.2526541637897754,0.0,0.135994814068825,0.0,0.0,0.0,0.0,0.0,0.0,0.0,0.0,0.0,0.0,0.0,0.0,0.0,0.0,0.0,0.0,0.0,0.0,0.0,0.1909322809985411,0.0,0.0,0.0,0.0,0.3562469006629063,0.0,0.0,0.0,0.0,0.0,0.0,0.0,0.0,0.0,0.0,0.0,0.0,0.0,0.0,0.17594325139554898,0.0,0.0,0.0,0.0,0.24683277608763973,0.0,0.28408473202952483,0.0,0.0,0.0,0.0,0.0,0.0,0.22389279986780122,0.0,0.0,0.0,0.0,0.0,0.0,0.0,0.0,0.0,0.24092026883675738,0.0,0.1616338124436857,0.0,0.0,0.0,0.0,0.0,0.0,0.0,0.0,0.0,0.0,0.0,0.0,0.0,0.0,0.0
e7f78e22526692e61b0df20f2f6a7d22918d6b8ed0d8489db583a0e60952ff67,0.0,0.0,0.0,0.0,0.0,0.0,0.0,0.0,0.0,0.0,0.0,0.0,0.0,0.0,0.0,0.0,0.0,0.0,0.0,0.5005483679777487,0.43465959523785014,0.0,0.0,0.0,0.0,0.0,0.0,0.0,0.0,0.0,0.0,0.0,0.0,0.0,0.0,0.0,0.0,0.0,0.0,0.0,0.0,0.0,0.0,0.0,0.0,0.0,0.0,0.3215730439072736,0.0,0.0,0.0,0.0,0.0,0.0,0.0,0.0,0.0,0.0,0.0,0.0,0.0,0.0,0.0,0.0,0.0,0.0,0.0,0.0,0.0,0.0,0.0,0.0,0.0,0.0,0.0,0.14635199609370864,0.0,0.0,0.0,0.13389681893406719,0.0,0.0,0.0,0.0,0.0,0.0,0.0,0.0,0.0,0.0,0.0,0.0,0.0,0.0,0.0,0.0,0.0,0.0,0.0,0.1879867642937613,0.0,0.0,0.20621233439888934,0.0,0.0,0.0,0.0,0.0,0.0,0.0,0.0,0.0,0.0,0.0,0.0,0.0,0.0,0.0,0.0,0.0,0.20678105101897795,0.0,0.0,0.0,0.0,0.0,0.0,0.0,0.4278327416327312,0.0,0.0,0.0,0.0,0.0,0.0,0.0,0.0,0.0,0.0,0.0,0.0,0.0,0.29795711418869664,0.0,0.0,0.15914028388937193,0.0,0.0,0.0,0.0,0.0,0.0,0.0,0.0,0.0,0.0,0.0,0.0,0.0,0.0,0.0
e5fe74a699fdee524980b0ccdfe82a6a98abd5c011ba909822455b831720b686,0.0,0.0,0.0,0.0,0.0,0.0,0.0,0.0,0.0,0.0,0.20222138820737776,0.0,0.13166112749207085,0.0,0.0,0.0,0.0,0.0,0.0,0.0,0.0,0.19248465861170153,0.0,0.0,0.0,0.0,0.2764430792296431,0.0,0.0,0.0,0.0,0.0,0.0,0.0,0.0,0.0,0.0,0.0,0.0,0.0,0.0,0.0,0.0,0.2279553403765085,0.2553927784857556,0.0,0.0,0.0,0.0,0.0,0.0,0.0,0.0,0.0,0.0,0.0,0.0,0.0,0.2542588567985421,0.0,0.0,0.0,0.0,0.0,0.2542588567985421,0.0,0.0,0.0,0.0,0.0,0.0,0.0,0.0,0.0,0.0,0.12516570594711168,0.26692151494203303,0.21274583899145752,0.0,0.11451357216354056,0.0,0.0,0.0,0.0,0.0,0.0,0.0,0.0,0.0,0.0,0.0,0.0,0.0,0.0,0.0,0.0,0.0,0.0,0.0,0.16077331836646813,0.0,0.0,0.0,0.0,0.0,0.0,0.0,0.0,0.0,0.0,0.0,0.0,0.0,0.0,0.0,0.0,0.16453728261093148,0.15217051045800545,0.0,0.14815190088921776,0.0,0.0,0.0,0.0,0.20784397633378962,0.0,0.23921174998157893,0.0,0.0,0.0,0.0,0.0,0.0,0.18852751459760222,0.0,0.0,0.0,0.0,0.0,0.0,0.0,0.0,0.0,0.2028653870370042,0.0,0.1361027284170624,0.0,0.0,0.0,0.0,0.0,0.37796963990051186,0.0,0.0,0.0,0.0,0.0,0.0,0.0,0.0,0.0
f89c3828131de9a67cd510e9da867e2ba7de41193773deb7f7e5a14ed86e967f,0.0,0.0,0.0,0.0,0.0,0.0,0.3053406657121851,0.0,0.0,0.0,0.0,0.0,0.1147579492694473,0.0,0.0,0.0,0.29616256370312255,0.22461827088994873,0.0,0.0,0.0,0.0,0.0,0.0,0.0,0.3026099278819335,0.0,0.0,0.0,0.0,0.0,0.0,0.0,0.0,0.0,0.0,0.0,0.0,0.0,0.0,0.0,0.0,0.0,0.0,0.0,0.0,0.0,0.0,0.0,0.2794374098259889,0.0,0.0,0.0,0.0,0.0,0.0,0.0,0.0,0.0,0.0,0.1665238664845045,0.3039637253199717,0.0,0.0,0.0,0.0,0.0,0.0,0.0,0.0,0.0,0.0,0.0,0.0,0.0,0.10909643572829225,0.0,0.0,0.0,0.0,0.0,0.0,0.0,0.0,0.0,0.0,0.0,0.0,0.23910043539367343,0.0,0.0,0.0,0.0,0.0,0.0,0.0,0.0,0.0,0.0,0.1401326015083,0.0,0.0,0.15371864604924673,0.0,0.0,0.0,0.0,0.0,0.0,0.0,0.0,0.0,0.0,0.0,0.2304308874857518,0.26227295344961804,0.14341333308067813,0.13263425623100003,0.14567715565934192,0.12913157171193856,0.15414258940394743,0.0,0.0,0.0,0.0,0.0,0.0,0.0,0.0,0.0,0.0,0.0,0.2937214965473305,0.0,0.0,0.0,0.0,0.0,0.0,0.0,0.0,0.0,0.0,0.1768207233036293,0.0,0.11862931983519004,0.0,0.0,0.0,0.0,0.0,0.0,0.0,0.0,0.0,0.0,0.0,0.0,0.0,0.0,0.0
e5c9d1b6f77188c03e94713b41f00afc6d12e6f82daf3604d5f34c584c2389ff,0.0,0.0,0.0,0.0,0.0,0.0,0.0,0.0,0.0,0.0,0.0,0.0,0.2490401367059936,0.0,0.0,0.0,0.0,0.0,0.0,0.0,0.0,0.0,0.0,0.0,0.0,0.0,0.0,0.0,0.0,0.0,0.0,0.0,0.0,0.0,0.0,0.0,0.0,0.0,0.0,0.0,0.0,0.0,0.45613559667340675,0.431182917931839,0.0,0.0,0.0,0.0,0.0,0.0,0.0,0.0,0.0,0.0,0.0,0.0,0.0,0.0,0.0,0.0,0.0,0.0,0.0,0.0,0.0,0.0,0.0,0.0,0.0,0.0,0.0,0.0,0.0,0.0,0.0,0.23675389322370907,0.0,0.0,0.0,0.0,0.0,0.0,0.0,0.0,0.0,0.0,0.0,0.0,0.0,0.0,0.0,0.0,0.0,0.0,0.0,0.0,0.0,0.0,0.0,0.30410653430772694,0.0,0.0,0.0,0.0,0.0,0.0,0.0,0.0,0.0,0.0,0.0,0.0,0.0,0.0,0.0,0.0,0.31122616170157613,0.0,0.0,0.0,0.0,0.0,0.0,0.0,0.0,0.0,0.0,0.0,0.0,0.0,0.0,0.0,0.0,0.0,0.0,0.0,0.0,0.0,0.0,0.0,0.0,0.0,0.48200577156943636,0.0,0.0,0.25744152990855423,0.0,0.0,0.0,0.0,0.0,0.0,0.0,0.0,0.0,0.0,0.0,0.0,0.0,0.0,0.0
e4aa13a28d8809b5fbc58400d02f0c3dee7f99b884b935c68059254c992948a1,0.0,0.0,0.0,0.0,0.0,0.0,0.0,0.0,0.0,0.0,0.20399687628065388,0.0,0.13281710195970006,0.0,0.0,0.0,0.0,0.0,0.0,0.0,0.0,0.1941746589557959,0.0,0.0,0.0,0.0,0.0,0.0,0.0,0.0,0.0,0.0,0.0,0.0,0.21718815048187604,0.0,0.0,0.0,0.0,0.0,0.0,0.0,0.0,0.22995677054997282,0.0,0.0,0.0,0.27743597136878595,0.0,0.0,0.0,0.0,0.0,0.0,0.0,0.0,0.0,0.0,0.25649122980207273,0.0,0.0,0.0,0.0,0.0,0.0,0.0,0.0,0.0,0.0,0.0,0.0,0.0,0.0,0.0,0.39785248347082103,0.12626465111835336,0.26926506510001325,0.21461373092473363,0.0,0.11551899242796931,0.0,0.0,0.0,0.0,0.0,0.0,0.0,0.0,0.0,0.0,0.0,0.0,0.0,0.0,0.0,0.0,0.0,0.0,0.0,0.1621848956075855,0.0,0.0,0.0,0.0,0.3026092083139195,0.0,0.0,0.0,0.0,0.0,0.0,0.0,0.0,0.0,0.0,0.0,0.16598190716560712,0.0,0.16860198147124922,0.0,0.0,0.0,0.0,0.0,0.20966883029386874,0.0,0.241312010556609,0.0,0.0,0.0,0.0,0.0,0.0,0.1901827715247734,0.0,0.0,0.0,0.0,0.0,0.0,0.0,0.0,0.0,0.20464652936995753,0.0,0.0,0.0,0.0,0.0,0.0,0.0,0.0,0.0,0.0,0.0,0.0,0.0,0.0,0.0,0.0,0.0
dfef233329384f446387917bbae7247921336ea120c40933105dc578e63e7060,0.0,0.0,0.0,0.0,0.0,0.0,0.0,0.0,0.0,0.0,0.0,0.0,0.0,0.0,0.0,0.0,0.0,0.0,0.0,0.48176345010090954,0.41834739581162783,0.0,0.0,0.0,0.0,0.0,0.0,0.0,0.0,0.0,0.0,0.0,0.0,0.0,0.0,0.0,0.0,0.0,0.0,0.0,0.0,0.0,0.2713834037555566,0.0,0.0,0.0,0.0,0.3095048331055717,0.0,0.0,0.0,0.0,0.0,0.0,0.0,0.0,0.0,0.0,0.0,0.0,0.0,0.0,0.0,0.0,0.0,0.0,0.0,0.0,0.0,0.0,0.0,0.0,0.0,0.0,0.0,0.14085959934723877,0.0,0.0,0.0,0.1288718485045197,0.0,0.0,0.0,0.0,0.0,0.0,0.0,0.0,0.0,0.0,0.0,0.0,0.0,0.0,0.0,0.0,0.0,0.0,0.0,0.18093186979184175,0.0,0.0,0.1984734583687379,0.0,0.0,0.0,0.0,0.0,0.0,0.0,0.0,0.0,0.0,0.0,0.0,0.0,0.0,0.0,0.0,0.0,0.1990208318066547,0.0,0.0,0.0,0.0,0.0,0.0,0.0,0.41177674498836486,0.0,0.0,0.0,0.0,0.0,0.0,0.0,0.0,0.0,0.0,0.0,0.0,0.0,0.2867751779784812,0.0,0.0,0.15316795962461355,0.0,0.0,0.0,0.0,0.0,0.0,0.0,0.0,0.0,0.0,0.0,0.0,0.0,0.0,0.0
2c4d743879afbbe0b4baa18e99e515a8b0586caf23308026e233c2031e69237c,0.0,0.0,0.0,0.0,0.0,0.0,0.0,0.0,0.0,0.0,0.19179026896726245,0.0,0.1248696949322794,0.0,0.0,0.0,0.0,0.0,0.0,0.0,0.0,0.18255578588626797,0.4095837020389174,0.0,0.0,0.0,0.0,0.0,0.0,0.0,0.0,0.0,0.0,0.0,0.0,0.0,0.0,0.0,0.0,0.0,0.0,0.0,0.0,0.2161967951604606,0.0,0.0,0.0,0.0,0.3074096259043306,0.0,0.0,0.0,0.0,0.0,0.0,0.0,0.0,0.0,0.0,0.0,0.0,0.0,0.0,0.0,0.0,0.0,0.0,0.0,0.0,0.0,0.0,0.0,0.0,0.0,0.0,0.11870932457676613,0.2531529903819243,0.201771840474137,0.0,0.10860665630049408,0.0,0.0,0.0,0.0,0.0,0.0,0.0,0.0,0.26016845556974444,0.0,0.0,0.0,0.0,0.0,0.0,0.0,0.0,0.0,0.0,0.15248020125667044,0.0,0.0,0.0,0.0,0.0,0.0,0.0,0.0,0.0,0.0,0.0,0.0,0.0,0.0,0.0,0.0,0.15605001017366038,0.0,0.15851330649934517,0.14050983019865174,0.0,0.0,0.0,0.0,0.1971228289828767,0.0,0.0,0.0,0.0,0.0,0.0,0.0,0.0,0.17880276192805042,0.0,0.0,0.0,0.0,0.0,0.0,0.0,0.0,0.0,0.19240104861744467,0.0,0.12908218622017317,0.26707332575852694,0.28899759155669036,0.0,0.0,0.0,0.0,0.0,0.0,0.18734025107662963,0.0,0.0,0.0,0.0,0.0,0.0
df9601c2abefafaf4da2b6b95d6beb6a8f59d62e527cb803879f49e12bc6a798,0.33257011489880894,0.0,0.0,0.0,0.0,0.0,0.0,0.0,0.0,0.0,0.1356131788590913,0.0,0.08829424122566881,0.0,0.0,0.0,0.0,0.0,0.0,0.0,0.24929340132238165,0.1290835587043382,0.0,0.0,0.0,0.0,0.0,0.0,0.0,0.0,0.0,0.0,0.0,0.0,0.0,0.0,0.0,0.0,0.0,0.0,0.0,0.0,0.0,0.1528708146077134,0.0,0.0,0.0,0.0,0.21736658906238035,0.0,0.0,0.0,0.2534730120958807,0.0,0.0,0.0,0.0,0.0,0.0,0.0,0.0,0.0,0.0,0.0,0.1705104100470753,0.33796256421757903,0.0,0.0,0.0,0.0,0.3040910253562436,0.0,0.0,0.0,0.0,0.08393829860481004,0.17900220875772282,0.142671058538522,0.0,0.0767947924859568,0.0,0.0,0.0,0.0,0.0,0.0,0.0,0.0,0.0,0.0,0.0,0.0,0.0,0.0,0.0,0.0,0.0,0.0,0.0,0.1078173825858744,0.0,0.0,0.0,0.0,0.0,0.0,0.14124082417828193,0.0,0.0,0.0,0.0,0.0,0.0,0.0,0.0,0.0,0.11034156245046998,0.10204819002952444,0.1120833371869925,0.09935324058303964,0.11859660318629277,0.0,0.0,0.0,0.1393837842139322,0.0,0.16041955859872076,0.0,0.0,0.0,0.0,0.0,0.0,0.12642982912749984,0.0,0.0,0.0,0.0,0.0,0.0,0.0,0.0,0.0,0.0,0.0,0.0,0.18884515303936406,0.0,0.0,0.0,0.0,0.2534730120958807,0.0,0.0,0.0,0.0,0.31098413084463716,0.0,0.0,0.0,0.0
0211fa99da14b1e1345530d8ecdd8445f9000c0e4a62a5af9f76e661ac48d529,0.0,0.0,0.0,0.0,0.0,0.0,0.0,0.0,0.0,0.0,0.3323964712848923,0.0,0.21641476488567604,0.0,0.0,0.0,0.0,0.0,0.0,0.0,0.0,0.0,0.0,0.0,0.0,0.0,0.0,0.0,0.0,0.0,0.0,0.0,0.0,0.0,0.0,0.0,0.0,0.0,0.0,0.0,0.0,0.0,0.3963797932965363,0.0,0.0,0.0,0.0,0.0,0.0,0.0,0.0,0.0,0.0,0.0,0.0,0.0,0.0,0.0,0.0,0.0,0.0,0.0,0.0,0.0,0.0,0.0,0.0,0.0,0.0,0.0,0.0,0.0,0.0,0.0,0.0,0.2057380742537327,0.0,0.0,0.0,0.18822888933169754,0.0,0.0,0.0,0.0,0.0,0.0,0.0,0.0,0.0,0.0,0.0,0.0,0.0,0.0,0.0,0.0,0.0,0.0,0.0,0.0,0.0,0.0,0.2898882809868149,0.0,0.0,0.0,0.0,0.0,0.0,0.0,0.0,0.0,0.0,0.0,0.0,0.0,0.270454142459909,0.0,0.2747233424083507,0.24352107116990135,0.0,0.0,0.0,0.0,0.0,0.0,0.3931984756341408,0.0,0.0,0.0,0.0,0.0,0.0,0.0,0.0,0.0,0.0,0.0,0.0,0.0,0.0,0.0,0.0,0.3334550286431274,0.0,0.2237155380007774,0.0,0.0,0.0,0.0,0.0,0.0,0.0,0.0,0.0,0.0,0.0,0.0,0.0,0.0,0.0
debfbb04e8af278715226121ad78fc5fe71720061cd697fff77183e78133b475,0.0,0.0,0.0,0.0,0.0,0.0,0.0,0.0,0.0,0.0,0.2570179331376407,0.0,0.16733774385863345,0.0,0.0,0.0,0.0,0.0,0.0,0.0,0.0,0.24464281229416954,0.0,0.0,0.0,0.0,0.3513517016357608,0.0,0.0,0.0,0.0,0.0,0.0,0.0,0.0,0.0,0.0,0.0,0.0,0.0,0.0,0.0,0.0,0.0,0.32459733684240144,0.0,0.0,0.0,0.0,0.0,0.0,0.0,0.0,0.0,0.0,0.0,0.0,0.0,0.323156152945035,0.0,0.0,0.0,0.0,0.0,0.0,0.0,0.0,0.0,0.0,0.0,0.0,0.0,0.0,0.0,0.0,0.15908223817181116,0.0,0.270394226377004,0.0,0.1455436632820399,0.0,0.0,0.0,0.0,0.0,0.0,0.0,0.0,0.0,0.0,0.0,0.0,0.0,0.0,0.0,0.0,0.0,0.0,0.0,0.20433855368381837,0.0,0.0,0.0,0.0,0.0,0.0,0.0,0.0,0.0,0.0,0.0,0.0,0.0,0.0,0.0,0.0,0.0,0.0,0.0,0.18829707230528317,0.0,0.0,0.0,0.0,0.26416409107842526,0.0,0.3040316858049361,0.0,0.0,0.0,0.0,0.0,0.0,0.23961338892482345,0.0,0.0,0.0,0.0,0.0,0.0,0.0,0.0,0.0,0.2578364382898451,0.0,0.1729828989022378,0.0,0.0,0.0,0.0,0.0,0.0,0.0,0.0,0.0,0.0,0.0,0.0,0.0,0.0,0.0
dddd830cca81b2e8402c75a98bb50dee4dec771a49c6328ae9d5498e8bd86f3f,0.0,0.0,0.0,0.0,0.0,0.0,0.0,0.0,0.0,0.0,0.3833467601461253,0.0,0.24958718317922177,0.0,0.0,0.0,0.0,0.4885225108927193,0.0,0.0,0.0,0.36488905011847156,0.0,0.0,0.0,0.0,0.0,0.0,0.0,0.0,0.0,0.0,0.0,0.0,0.0,0.0,0.0,0.0,0.0,0.0,0.0,0.0,0.0,0.0,0.0,0.0,0.0,0.0,0.0,0.0,0.0,0.0,0.0,0.0,0.0,0.0,0.0,0.0,0.0,0.0,0.0,0.0,0.0,0.0,0.48199307628243604,0.0,0.0,0.0,0.0,0.0,0.0,0.0,0.0,0.0,0.0,0.2372739514923245,0.0,0.0,0.0,0.21708092932600698,0.0,0.0,0.0,0.0,0.0,0.0,0.0,0.0,0.0,0.0,0.0,0.0,0.0,0.0,0.0,0.0,0.0,0.0,0.0,0.0,0.0,0.0,0.0,0.0,0.0,0.0,0.0,0.0,0.0,0.0,0.0,0.0,0.0,0.0,0.0,0.0,0.0,0.28846638177578404,0.0,0.0,0.0,0.0,0.0,0.0,0.0,0.0,0.0,0.0,0.0,0.0,0.0,0.0,0.0,0.0,0.0,0.0,0.0,0.0,0.0,0.0,0.0,0.0,0.0,0.0,0.0,0.0,0.0,0.0,0.0,0.0,0.0,0.0,0.0,0.0,0.0,0.0,0.0,0.0,0.0,0.0,0.0
cb17d332475cfea551ea8d56f90a856d096babcbd6ad4344227dd746badcdfd6,0.40807403519270885,0.0,0.0,0.0,0.0,0.0,0.0,0.0,0.0,0.0,0.16640165379615754,0.0,0.10833982275346694,0.0,0.0,0.0,0.0,0.0,0.0,0.0,0.0,0.1583896036285215,0.0,0.0,0.0,0.0,0.0,0.35860066098019466,0.0,0.0,0.0,0.0,0.0,0.0,0.0,0.0,0.0,0.0,0.0,0.0,0.0,0.0,0.0,0.18757731794135277,0.0,0.0,0.0,0.22630642831410624,0.2667156702933158,0.0,0.0,0.0,0.0,0.0,0.0,0.0,0.0,0.0,0.0,0.0,0.0,0.0,0.0,0.0,0.0,0.0,0.0,0.176858296971022,0.0,0.0,0.0,0.0,0.0,0.0,0.0,0.10299494357542475,0.21964136392230355,0.1750618950856259,0.0,0.09422963594027774,0.0,0.0,0.0,0.0,0.0,0.0,0.0,0.0,0.0,0.0,0.0,0.0,0.0,0.0,0.0,0.0,0.0,0.0,0.0,0.13229533383996622,0.0,0.0,0.0,0.0,0.0,0.0,0.0,0.0,0.0,0.0,0.0,0.0,0.0,0.0,0.0,0.0,0.13539258225993062,0.12521635235364179,0.0,0.0,0.14552177797786928,0.0,0.0,0.0,0.171028305660945,0.0,0.0,0.0,0.0,0.0,0.0,0.0,0.0,0.1551333936198135,0.0,0.0,0.0,0.0,0.0,0.0,0.0,0.0,0.0,0.16693158028535135,0.0,0.0,0.23171896744482232,0.0,0.0,0.0,0.0,0.0,0.0,0.0,0.0,0.0,0.38158735096592084,0.0,0.0,0.0,0.0
dab555fbc59517f152fe782825ca71489594db4a848f5d9264a4e0e79413a3c0,0.0,0.0,0.0,0.0,0.0,0.0,0.0,0.0,0.0,0.0,0.27530266106715123,0.0,0.17924245837189917,0.0,0.0,0.0,0.0,0.0,0.0,0.0,0.0,0.2620471513926155,0.0,0.0,0.0,0.0,0.3763475071562261,0.0,0.0,0.0,0.0,0.0,0.0,0.0,0.0,0.0,0.0,0.0,0.0,0.0,0.0,0.0,0.0,0.0,0.3476897877011846,0.0,0.0,0.0,0.0,0.0,0.0,0.0,0.0,0.0,0.0,0.0,0.0,0.0,0.34614607533376923,0.0,0.0,0.0,0.0,0.0,0.0,0.0,0.0,0.0,0.0,0.0,0.0,0.0,0.0,0.0,0.0,0.1703996408443765,0.0,0.0,0.0,0.15589790686531244,0.0,0.0,0.0,0.0,0.0,0.0,0.0,0.0,0.0,0.0,0.0,0.0,0.0,0.0,0.0,0.0,0.0,0.0,0.0,0.0,0.0,0.0,0.0,0.0,0.4083842940694411,0.0,0.0,0.0,0.0,0.0,0.0,0.0,0.0,0.0,0.0,0.0,0.0,0.0,0.0,0.20169287194849975,0.0,0.0,0.0,0.0,0.2829572098120069,0.0,0.0,0.0,0.0,0.0,0.0,0.0,0.0,0.2566599256052507,0.0,0.0,0.0,0.0,0.0,0.0,0.0,0.0,0.0,0.0,0.0,0.18528922011598592,0.0,0.0,0.0,0.0,0.0,0.0,0.0,0.0,0.0,0.0,0.0,0.0,0.0,0.0,0.0
f091d0dd82cd117df69b6d047c11719eadfdc0751b9506fb22fe7e76a577c2cf,0.0,0.0,0.0,0.0,0.0,0.0,0.3053406657121851,0.0,0.0,0.0,0.0,0.0,0.1147579492694473,0.0,0.0,0.0,0.29616256370312255,0.22461827088994873,0.0,0.0,0.0,0.0,0.0,0.0,0.0,0.3026099278819335,0.0,0.0,0.0,0.0,0.0,0.0,0.0,0.0,0.0,0.0,0.0,0.0,0.0,0.0,0.0,0.0,0.0,0.0,0.0,0.0,0.0,0.0,0.0,0.2794374098259889,0.0,0.0,0.0,0.0,0.0,0.0,0.0,0.0,0.0,0.0,0.1665238664845045,0.3039637253199717,0.0,0.0,0.0,0.0,0.0,0.0,0.0,0.0,0.0,0.0,0.0,0.0,0.0,0.10909643572829225,0.0,0.0,0.0,0.0,0.0,0.0,0.0,0.0,0.0,0.0,0.0,0.0,0.23910043539367343,0.0,0.0,0.0,0.0,0.0,0.0,0.0,0.0,0.0,0.0,0.1401326015083,0.0,0.0,0.15371864604924673,0.0,0.0,0.0,0.0,0.0,0.0,0.0,0.0,0.0,0.0,0.0,0.2304308874857518,0.26227295344961804,0.14341333308067813,0.13263425623100003,0.14567715565934192,0.12913157171193856,0.15414258940394743,0.0,0.0,0.0,0.0,0.0,0.0,0.0,0.0,0.0,0.0,0.0,0.2937214965473305,0.0,0.0,0.0,0.0,0.0,0.0,0.0,0.0,0.0,0.0,0.1768207233036293,0.0,0.11862931983519004,0.0,0.0,0.0,0.0,0.0,0.0,0.0,0.0,0.0,0.0,0.0,0.0,0.0,0.0,0.0
daae55e6fe5fc898a9f035641df40bec187bcdd5c766549d570e2de07bff0a06,0.0,0.0,0.0,0.0,0.0,0.0,0.0,0.0,0.0,0.0,0.24202841374453318,0.0,0.15757845458980033,0.0,0.0,0.0,0.0,0.0,0.0,0.0,0.0,0.2303750211929782,0.0,0.0,0.0,0.0,0.0,0.521578645192418,0.0,0.0,0.0,0.0,0.0,0.0,0.2576789630490166,0.0,0.0,0.0,0.0,0.0,0.0,0.0,0.0,0.0,0.0,0.0,0.0,0.3291589032651719,0.0,0.0,0.0,0.0,0.0,0.0,0.0,0.0,0.0,0.0,0.0,0.0,0.0,0.0,0.0,0.0,0.30430939247802297,0.0,0.0,0.0,0.0,0.0,0.0,0.0,0.0,0.0,0.0,0.14980441749577955,0.0,0.0,0.0,0.13705542459504633,0.0,0.0,0.0,0.0,0.0,0.0,0.0,0.0,0.0,0.0,0.0,0.0,0.0,0.0,0.0,0.0,0.0,0.0,0.0,0.0,0.0,0.0,0.0,0.0,0.3590252361116801,0.0,0.0,0.0,0.0,0.0,0.0,0.0,0.0,0.0,0.0,0.0,0.0,0.1821250837576007,0.0,0.0,0.0,0.0,0.0,0.0,0.2487578012610445,0.0,0.0,0.0,0.0,0.0,0.0,0.0,0.0,0.0,0.0,0.0,0.0,0.0,0.0,0.0,0.0,0.0,0.0,0.242799182932548,0.0,0.0,0.0,0.0,0.0,0.0,0.0,0.0,0.0,0.0,0.0,0.0,0.0,0.0,0.0,0.0,0.0
2c55b055d4a89fc7ba2576c9e6b172d793dc42351140ff1c834776e26c34f9a4,0.0,0.0,0.0,0.0,0.0,0.0,0.0,0.0,0.0,0.0,0.0,0.0,0.2606614629781603,0.0,0.0,0.0,0.0,0.0,0.0,0.0,0.0,0.38107931832498926,0.0,0.0,0.0,0.0,0.0,0.0,0.0,0.0,0.0,0.0,0.0,0.0,0.0,0.0,0.0,0.0,0.0,0.0,0.0,0.0,0.47742092306057105,0.0,0.0,0.0,0.0,0.0,0.0,0.0,0.0,0.0,0.0,0.0,0.0,0.0,0.0,0.0,0.0,0.0,0.0,0.0,0.0,0.0,0.0,0.0,0.0,0.0,0.0,0.0,0.0,0.0,0.0,0.0,0.0,0.0,0.0,0.0,0.0,0.22671289407574952,0.0,0.0,0.0,0.0,0.0,0.0,0.0,0.0,0.0,0.0,0.0,0.0,0.0,0.0,0.0,0.0,0.0,0.0,0.0,0.0,0.0,0.0,0.3491568768986912,0.0,0.0,0.0,0.0,0.0,0.0,0.0,0.0,0.0,0.0,0.0,0.0,0.0,0.0,0.0,0.0,0.0,0.0,0.0,0.0,0.0,0.0,0.0,0.4735891747206815,0.0,0.0,0.0,0.0,0.0,0.0,0.0,0.0,0.0,0.0,0.0,0.0,0.0,0.0,0.0,0.0,0.4016309869128291,0.0,0.0,0.0,0.0,0.0,0.0,0.0,0.0,0.0,0.0,0.0,0.0,0.0,0.0,0.0,0.0,0.0
d77378dcc42b912e514d3bd4466cdda050dda9b57799a6c97f70e8489dd8c8d0,0.0,0.2218387630570678,0.26124932962096936,0.0,0.0,0.0,0.0,0.0,0.0,0.0,0.0,0.0,0.0,0.0,0.0,0.0,0.0,0.0,0.0,0.0,0.0,0.0,0.0,0.0,0.0,0.0,0.0,0.0,0.0,0.0,0.0,0.0,0.0,0.0,0.16960790835207823,0.0,0.0,0.0,0.0,0.0,0.0,0.0,0.0,0.0,0.0,0.31485464283733655,0.0,0.0,0.0,0.0,0.24562193598059873,0.0,0.0,0.0,0.0,0.0,0.0,0.0,0.0,0.0,0.15050733938395344,0.0,0.0,0.2102761333091718,0.2003007111615513,0.0,0.0,0.16931728234881602,0.0,0.0,0.0,0.0,0.0,0.0,0.0,0.0986033691408772,0.0,0.0,0.0,0.09021180316318608,0.0,0.0,0.0,0.0,0.3264348257419505,0.30486616559829127,0.0,0.0,0.0,0.0,0.0,0.0,0.0,0.0,0.0,0.0,0.0,0.0,0.0,0.0,0.0,0.0,0.0,0.0,0.0,0.0,0.0,0.0,0.0,0.0,0.0,0.0,0.0,0.0,0.20826768270235216,0.0,0.0,0.1198772850878701,0.1316656979577748,0.11671149426884442,0.13931691298496296,0.0,0.22741779350099386,0.0,0.0,0.0,0.0,0.0,0.0,0.0,0.0,0.0,0.0,0.0,0.0,0.0,0.0,0.0,0.0,0.0,0.0,0.0,0.0,0.0,0.31069341216106877,0.10721936547746401,0.2218387630570678,0.0,0.0,0.0,0.0,0.0,0.0,0.0,0.1556101847745578,0.0,0.0,0.0,0.0,0.0,0.0
d32972bc7baaa30c367bc7c01a0e01078b4754dd5ccd448b1a23ab544e8421fa,0.0,0.0,0.0,0.0,0.0,0.0,0.0,0.0,0.0,0.0,0.24304282600545113,0.0,0.1582389122357407,0.0,0.0,0.0,0.0,0.0,0.0,0.0,0.0,0.23134059065852888,0.0,0.0,0.0,0.0,0.33224728502368206,0.0,0.0,0.0,0.0,0.0,0.0,0.0,0.0,0.0,0.0,0.0,0.0,0.0,0.0,0.0,0.0,0.0,0.3069476635226542,0.0,0.0,0.0,0.0,0.0,0.0,0.0,0.0,0.0,0.0,0.0,0.0,0.0,0.3055848426372263,0.0,0.0,0.0,0.0,0.0,0.3055848426372263,0.0,0.0,0.0,0.0,0.0,0.0,0.0,0.0,0.0,0.0,0.1504322918659673,0.0,0.0,0.0,0.13762986418659479,0.0,0.0,0.0,0.0,0.0,0.0,0.0,0.0,0.0,0.0,0.0,0.0,0.0,0.0,0.0,0.0,0.0,0.0,0.0,0.0,0.0,0.0,0.0,0.0,0.3605300164631105,0.0,0.0,0.0,0.0,0.0,0.0,0.0,0.0,0.0,0.0,0.0,0.0,0.1828884235453804,0.0,0.17805859701284218,0.0,0.0,0.0,0.0,0.24980041836411132,0.0,0.0,0.0,0.0,0.0,0.0,0.0,0.0,0.2265846374301247,0.0,0.0,0.0,0.0,0.0,0.0,0.0,0.0,0.3062641628507462,0.0,0.0,0.1635771173107219,0.0,0.0,0.0,0.0,0.0,0.0,0.0,0.0,0.0,0.0,0.0,0.0,0.0,0.0,0.0
d7185dbafc108576c151ff614adee6adba42d97f8fca816d1bc5a3f156af57fc,0.0,0.0,0.0,0.0,0.0,0.0,0.0,0.0,0.0,0.0,0.2280374823160471,0.0,0.14846932017593853,0.0,0.0,0.0,0.0,0.0,0.0,0.0,0.0,0.2170577371828904,0.0,0.0,0.0,0.0,0.31173450222078664,0.0,0.0,0.0,0.0,0.0,0.0,0.0,0.2427833206456931,0.0,0.0,0.0,0.0,0.0,0.0,0.0,0.0,0.0,0.28799686681938647,0.0,0.0,0.0,0.0,0.0,0.0,0.0,0.0,0.0,0.0,0.0,0.45701287892295894,0.0,0.2867181858203689,0.0,0.0,0.0,0.0,0.0,0.0,0.0,0.0,0.0,0.0,0.0,0.0,0.0,0.0,0.0,0.0,0.14114467668088485,0.30099739094336647,0.23990551111772623,0.0,0.1291326645449171,0.0,0.0,0.0,0.0,0.0,0.0,0.0,0.0,0.0,0.0,0.0,0.0,0.0,0.0,0.0,0.0,0.0,0.0,0.0,0.1812980470012821,0.0,0.0,0.0,0.0,0.0,0.0,0.0,0.0,0.0,0.0,0.0,0.0,0.0,0.0,0.0,0.0,0.18554252844532615,0.0,0.0,0.16706534743233054,0.0,0.0,0.0,0.0,0.0,0.0,0.0,0.0,0.0,0.0,0.0,0.0,0.0,0.21259541415100694,0.0,0.0,0.0,0.0,0.0,0.0,0.0,0.0,0.0,0.0,0.0,0.15347794711380236,0.0,0.0,0.0,0.0,0.0,0.0,0.0,0.0,0.0,0.0,0.0,0.0,0.0,0.0,0.0
d6433af8f9073eb01e076482b684cd9599bf059e09f9a128d691bd194007c8c4,0.0,0.22020540755490575,0.0,0.0,0.0,0.0,0.0,0.0,0.0,0.0,0.1581335546073441,0.2764764874983753,0.10295667673184479,0.0,0.0,0.0,0.0,0.0,0.0,0.0,0.0,0.1505196040017047,0.0,0.0,0.0,0.0,0.0,0.0,0.0,0.0,0.0,0.0,0.0,0.0,0.0,0.0,0.0,0.0,0.0,0.0,0.0,0.29726603162788073,0.0,0.1782570507749545,0.199712642866355,0.0,0.0,0.0,0.0,0.0,0.0,0.0,0.0,0.0,0.0,0.28761629309540016,0.31691750983841516,0.0,0.1988259361305594,0.0,0.0,0.0,0.0,0.0,0.0,0.0,0.0,0.0,0.0,0.0,0.0,0.0,0.0,0.0,0.0,0.09787737178451555,0.0,0.0,0.0,0.08954759126880835,0.0,0.0,0.0,0.0,0.0,0.0,0.0,0.0,0.0,0.0,0.0,0.0,0.0,0.0,0.0,0.0,0.0,0.0,0.0,0.12572189591160302,0.0,0.0,0.13791080312693174,0.0,0.0,0.0,0.16469574543481277,0.0,0.0,0.0,0.0,0.0,0.0,0.2990074578756004,0.0,0.0,0.12866524948398353,0.11899465204175926,0.130696269129189,0.1158521703224675,0.13829114975390092,0.0,0.0,0.0,0.1625303192344901,0.0,0.18705936431233677,0.0,0.0,0.0,0.0,0.0,0.0,0.0,0.0,0.0,0.0,0.0,0.0,0.0,0.0,0.0,0.1992679295102698,0.0,0.0,0.10642993022220211,0.22020540755490575,0.0,0.0,0.0,0.0,0.0,0.0,0.0,0.15446445736429182,0.0,0.0,0.0,0.0,0.0,0.0
d531e47f8b4a9e98fc6db1f41f5f68b6e4b92e6a9213d80706c7c38ad00193fd,0.0,0.0,0.0,0.0,0.0,0.0,0.0,0.0,0.0,0.0,0.33510540164926317,0.5858893428391807,0.21817847954134253,0.0,0.0,0.0,0.0,0.0,0.0,0.0,0.6160136211057284,0.0,0.0,0.0,0.0,0.0,0.0,0.0,0.0,0.0,0.0,0.0,0.0,0.0,0.0,0.0,0.0,0.0,0.0,0.0,0.0,0.0,0.0,0.0,0.0,0.0,0.0,0.0,0.0,0.0,0.0,0.0,0.0,0.0,0.0,0.0,0.0,0.0,0.0,0.0,0.0,0.0,0.0,0.0,0.0,0.0,0.0,0.0,0.0,0.0,0.0,0.0,0.0,0.0,0.0,0.20741477712094045,0.0,0.0,0.0,0.0,0.0,0.0,0.0,0.0,0.0,0.0,0.0,0.0,0.0,0.0,0.0,0.0,0.0,0.0,0.0,0.0,0.0,0.0,0.0,0.0,0.0,0.0,0.0,0.0,0.0,0.0,0.0,0.0,0.0,0.0,0.0,0.0,0.0,0.0,0.0,0.0,0.2726582616427856,0.0,0.0,0.0,0.0,0.0,0.0,0.0,0.0,0.0,0.0,0.0,0.0,0.0,0.0,0.0,0.0,0.0,0.0,0.0,0.0,0.0,0.0,0.0,0.0,0.0,0.0,0.0,0.0,0.0,0.0,0.0,0.0,0.0,0.0,0.0,0.0,0.0,0.0,0.0,0.0,0.0,0.0,0.0,0.0
fffc596389cada3bd1e1d1659029e607e14320cbdd126de7fdbe33b99f9c59d7,0.0,0.0,0.0,0.0,0.0,0.0,0.0,0.0,0.0,0.0,0.2184245610998713,0.0,0.1422105952357446,0.0,0.0,0.0,0.0,0.0,0.0,0.0,0.0,0.20790766717813275,0.0,0.0,0.0,0.0,0.29859333270875454,0.0,0.0,0.0,0.0,0.0,0.0,0.0,0.0,0.0,0.0,0.0,0.0,0.0,0.0,0.0,0.0,0.24622046962238234,0.2758563574473208,0.0,0.0,0.0,0.0,0.0,0.0,0.0,0.0,0.0,0.0,0.0,0.0,0.0,0.27463157925226045,0.0,0.0,0.0,0.0,0.0,0.27463157925226045,0.0,0.0,0.0,0.0,0.0,0.0,0.0,0.0,0.0,0.0,0.13519472212413577,0.28830884441134125,0.22979229308760946,0.0,0.12368907642029153,0.0,0.0,0.0,0.0,0.0,0.0,0.0,0.0,0.0,0.0,0.0,0.0,0.0,0.0,0.0,0.0,0.0,0.0,0.0,0.17365542691633296,0.0,0.0,0.0,0.0,0.0,0.0,0.0,0.0,0.0,0.0,0.0,0.0,0.0,0.0,0.0,0.0,0.17772098222371424,0.16436331118965478,0.0,0.16002270686943298,0.0,0.0,0.0,0.0,0.2244976642203851,0.0,0.2583788092982356,0.0,0.0,0.0,0.0,0.0,0.0,0.20363345339614522,0.0,0.0,0.0,0.0,0.0,0.0,0.0,0.0,0.0,0.2191201609222093,0.0,0.14700808347980296,0.0,0.0,0.0,0.0,0.0,0.0,0.0,0.0,0.0,0.0,0.0,0.0,0.0,0.0,0.0
fef744e3a1b193d881e624e89d75e8dec5c03db9abb0e6ebdd53336606bc5949,0.0,0.0,0.0,0.0,0.0,0.0,0.0,0.0,0.0,0.0,0.24562572183704987,0.0,0.15992056905946955,0.0,0.0,0.0,0.0,0.3130160649484364,0.0,0.0,0.0,0.23379912299668604,0.0,0.0,0.0,0.0,0.0,0.5293309543209447,0.0,0.0,0.0,0.0,0.0,0.0,0.0,0.0,0.0,0.0,0.0,0.0,0.0,0.0,0.0,0.0,0.0,0.0,0.0,0.33405124614392806,0.0,0.0,0.0,0.0,0.0,0.0,0.0,0.0,0.0,0.0,0.0,0.0,0.0,0.0,0.0,0.0,0.30883239299376203,0.0,0.0,0.0,0.0,0.0,0.0,0.0,0.0,0.0,0.0,0.15203098517440397,0.0,0.0,0.0,0.13909250189680264,0.0,0.0,0.0,0.0,0.0,0.0,0.0,0.0,0.0,0.0,0.0,0.0,0.0,0.0,0.0,0.0,0.0,0.0,0.0,0.19528133362137026,0.0,0.0,0.0,0.0,0.0,0.0,0.0,0.0,0.0,0.0,0.0,0.0,0.0,0.0,0.0,0.0,0.0,0.184832038810998,0.0,0.0,0.0,0.0,0.0,0.0,0.2524551293462401,0.0,0.0,0.0,0.0,0.0,0.0,0.0,0.0,0.0,0.0,0.0,0.0,0.0,0.0,0.0,0.0,0.0,0.3095189325660125,0.0,0.0,0.0,0.0,0.0,0.0,0.0,0.0,0.0,0.0,0.0,0.0,0.0,0.0,0.0,0.0,0.0,0.0
fdb58a52dd683e2f9fedb4ed3b7f1326f2cd5c6ed0cdf87763ebb229d8476a31,0.0,0.0,0.0,0.0,0.0,0.0,0.0,0.0,0.0,0.0,0.24286126360551244,0.0,0.15812070164240039,0.0,0.0,0.0,0.0,0.0,0.0,0.0,0.0,0.23116777028142277,0.0,0.0,0.0,0.0,0.33199908343948614,0.0,0.0,0.0,0.0,0.0,0.0,0.0,0.25856566839584905,0.0,0.0,0.0,0.0,0.0,0.0,0.0,0.2896098658796561,0.0,0.3067183617351433,0.0,0.0,0.0,0.0,0.0,0.0,0.0,0.0,0.0,0.0,0.0,0.0,0.0,0.30535655892967567,0.0,0.0,0.0,0.0,0.0,0.0,0.0,0.0,0.0,0.0,0.0,0.0,0.0,0.0,0.0,0.0,0.15031991312026075,0.0,0.2555007842755737,0.0,0.1375270493499849,0.0,0.0,0.0,0.0,0.0,0.0,0.0,0.0,0.0,0.0,0.0,0.0,0.0,0.0,0.0,0.0,0.0,0.0,0.0,0.0,0.0,0.0,0.21180319379668325,0.0,0.0,0.0,0.0,0.0,0.0,0.0,0.0,0.0,0.0,0.0,0.0,0.0,0.0,0.0,0.0,0.17792558034769426,0.0,0.0,0.0,0.0,0.0,0.0,0.0,0.0,0.0,0.0,0.0,0.0,0.0,0.22641536993419734,0.0,0.0,0.0,0.0,0.0,0.0,0.0,0.0,0.3060353716646976,0.24363468510612624,0.0,0.1634549188715327,0.0,0.0,0.0,0.0,0.0,0.0,0.0,0.0,0.0,0.0,0.0,0.0,0.0,0.0,0.0
e397dc721542e4edcb2453699c782558e9ce7855b1993889cbe2885660935625,0.0,0.0,0.0,0.0,0.0,0.0,0.3053406657121851,0.0,0.0,0.0,0.0,0.0,0.1147579492694473,0.0,0.0,0.0,0.29616256370312255,0.22461827088994873,0.0,0.0,0.0,0.0,0.0,0.0,0.0,0.3026099278819335,0.0,0.0,0.0,0.0,0.0,0.0,0.0,0.0,0.0,0.0,0.0,0.0,0.0,0.0,0.0,0.0,0.0,0.0,0.0,0.0,0.0,0.0,0.0,0.2794374098259889,0.0,0.0,0.0,0.0,0.0,0.0,0.0,0.0,0.0,0.0,0.1665238664845045,0.3039637253199717,0.0,0.0,0.0,0.0,0.0,0.0,0.0,0.0,0.0,0.0,0.0,0.0,0.0,0.10909643572829225,0.0,0.0,0.0,0.0,0.0,0.0,0.0,0.0,0.0,0.0,0.0,0.0,0.23910043539367343,0.0,0.0,0.0,0.0,0.0,0.0,0.0,0.0,0.0,0.0,0.1401326015083,0.0,0.0,0.15371864604924673,0.0,0.0,0.0,0.0,0.0,0.0,0.0,0.0,0.0,0.0,0.0,0.2304308874857518,0.26227295344961804,0.14341333308067813,0.13263425623100003,0.14567715565934192,0.12913157171193856,0.15414258940394743,0.0,0.0,0.0,0.0,0.0,0.0,0.0,0.0,0.0,0.0,0.0,0.2937214965473305,0.0,0.0,0.0,0.0,0.0,0.0,0.0,0.0,0.0,0.0,0.1768207233036293,0.0,0.11862931983519004,0.0,0.0,0.0,0.0,0.0,0.0,0.0,0.0,0.0,0.0,0.0,0.0,0.0,0.0,0.0
fd3daf1cb9b482cb4bddd379fe05feda8c87869001fd6a28d1a213ef11730ada,0.0,0.0,0.0,0.0,0.0,0.4432344057270272,0.0,0.0,0.0,0.0,0.0,0.0,0.15948884539492617,0.0,0.0,0.0,0.0,0.0,0.0,0.5185677411494245,0.4503070210418407,0.0,0.0,0.0,0.0,0.0,0.0,0.0,0.0,0.0,0.0,0.0,0.0,0.0,0.0,0.0,0.0,0.0,0.0,0.0,0.0,0.0,0.292115723269343,0.0,0.0,0.0,0.0,0.0,0.0,0.0,0.0,0.0,0.0,0.0,0.0,0.0,0.0,0.0,0.0,0.0,0.0,0.0,0.0,0.0,0.0,0.0,0.0,0.0,0.0,0.0,0.0,0.0,0.0,0.0,0.0,0.1516205603339369,0.0,0.0,0.0,0.1387170059553952,0.0,0.0,0.0,0.0,0.0,0.0,0.0,0.0,0.0,0.0,0.0,0.0,0.0,0.0,0.0,0.0,0.0,0.0,0.0,0.19475414957329085,0.0,0.0,0.21363582680012952,0.0,0.0,0.0,0.0,0.0,0.0,0.0,0.0,0.0,0.0,0.0,0.0,0.0,0.0,0.0,0.0,0.0,0.0,0.0,0.0,0.0,0.0,0.0,0.0,0.0,0.0,0.0,0.0,0.0,0.0,0.0,0.0,0.0,0.0,0.0,0.0,0.0,0.0,0.0,0.3086833511983445,0.0,0.0,0.0,0.0,0.0,0.0,0.0,0.0,0.0,0.0,0.0,0.0,0.0,0.0,0.0,0.0,0.0,0.0
fbd8e3fb6bcaf0e1509d30735a9c268659bf53a32f8ce933148763672e7387c5,0.0,0.0,0.0,0.0,0.0,0.0,0.0,0.0,0.0,0.0,0.20307646822994946,0.0,0.13221784802922928,0.0,0.0,0.0,0.0,0.0,0.0,0.0,0.0,0.19329856750476884,0.0,0.0,0.0,0.0,0.0,0.0,0.0,0.0,0.0,0.0,0.0,0.0,0.0,0.0,0.0,0.0,0.0,0.0,0.0,0.0,0.0,0.2289192347465471,0.0,0.0,0.0,0.0,0.0,0.0,0.0,0.0,0.0,0.0,0.0,0.0,0.0,0.0,0.0,0.0,0.0,0.0,0.0,0.0,0.0,0.0,0.0,0.2158377486442269,0.45060650785179446,0.0,0.0,0.4193804635797028,0.0,0.0,0.0,0.12569496101560476,0.26805017525360925,0.21364542097148181,0.0,0.11499778537530009,0.0,0.0,0.0,0.0,0.0,0.0,0.0,0.0,0.0,0.0,0.0,0.0,0.0,0.0,0.0,0.0,0.0,0.0,0.0,0.16145313791432303,0.0,0.0,0.0,0.0,0.0,0.0,0.0,0.0,0.0,0.0,0.0,0.0,0.0,0.0,0.0,0.0,0.1652330178374376,0.1528139535906564,0.1678412706998874,0.1487783515919816,0.17759468159186606,0.0,0.0,0.0,0.2087228311055343,0.0,0.0,0.0,0.0,0.0,0.0,0.0,0.0,0.18932469096389334,0.0,0.0,0.0,0.0,0.0,0.0,0.0,0.0,0.0,0.20372319016685284,0.0,0.0,0.0,0.0,0.0,0.0,0.0,0.0,0.0,0.0,0.0,0.0,0.0,0.0,0.0,0.0,0.0
fb73a819b37523126c7708a1d06f3b8825fa60c926154ab2d511ba668f49dc4b,0.0,0.32074590444850765,0.0,0.0,0.0,0.0,0.0,0.0,0.0,0.0,0.0,0.0,0.1499642209700699,0.0,0.6804974237203488,0.0,0.0,0.0,0.0,0.0,0.0,0.0,0.0,0.0,0.0,0.0,0.0,0.0,0.0,0.0,0.0,0.0,0.0,0.0,0.24522784573953071,0.0,0.0,0.0,0.0,0.0,0.0,0.0,0.274670662796015,0.0,0.0,0.0,0.0,0.0,0.0,0.0,0.0,0.0,0.0,0.0,0.0,0.0,0.0,0.0,0.0,0.0,0.0,0.0,0.0,0.0,0.0,0.0,0.0,0.0,0.0,0.0,0.0,0.0,0.0,0.0,0.0,0.0,0.0,0.0,0.0,0.13043286934512588,0.0,0.0,0.0,0.0,0.0,0.0,0.0,0.0,0.31245339216743095,0.0,0.0,0.0,0.0,0.0,0.0,0.0,0.0,0.0,0.0,0.0,0.0,0.0,0.0,0.0,0.0,0.0,0.0,0.0,0.0,0.0,0.0,0.0,0.0,0.0,0.0,0.0,0.0,0.0,0.1903690445904919,0.1687474870168081,0.20143156518070165,0.0,0.0,0.0,0.23673775690623286,0.0,0.0,0.0,0.0,0.0,0.0,0.0,0.0,0.0,0.0,0.0,0.0,0.0,0.0,0.0,0.0,0.0,0.0,0.0,0.0,0.0,0.0,0.0,0.0,0.0,0.0,0.0,0.0,0.0,0.0,0.0,0.0,0.0,0.0,0.0,0.0
faabe3a0449fda6a620de4ef00d61db4f76a4fd123648e9c28ad08b60df7f680,0.0,0.0,0.0,0.0,0.0,0.5018828930402524,0.0,0.0,0.0,0.0,0.0,0.0,0.0,0.0,0.0,0.0,0.0,0.0,0.0,0.0,0.0,0.0,0.0,0.0,0.0,0.0,0.3791817214633637,0.0,0.0,0.0,0.0,0.0,0.0,0.0,0.0,0.0,0.0,0.0,0.0,0.0,0.0,0.0,0.0,0.0,0.35030818519820656,0.0,0.0,0.0,0.0,0.0,0.0,0.0,0.0,0.0,0.0,0.0,0.0,0.0,0.3487528473740135,0.0,0.0,0.0,0.0,0.0,0.0,0.0,0.0,0.0,0.0,0.0,0.0,0.0,0.0,0.0,0.0,0.0,0.0,0.2918117309637399,0.0,0.15707194965738294,0.0,0.0,0.0,0.0,0.0,0.0,0.0,0.0,0.0,0.0,0.0,0.0,0.0,0.0,0.0,0.0,0.0,0.0,0.0,0.2205238915492365,0.0,0.0,0.24190397998464155,0.0,0.0,0.0,0.0,0.0,0.0,0.0,0.0,0.0,0.0,0.0,0.0,0.0,0.0,0.0,0.0,0.20321178947141244,0.0,0.0,0.0,0.0,0.0,0.0,0.0,0.0,0.0,0.0,0.0,0.0,0.0,0.25859279142576824,0.0,0.0,0.0,0.0,0.0,0.0,0.0,0.0,0.0,0.0,0.0,0.1866846042984912,0.0,0.0,0.0,0.0,0.0,0.0,0.0,0.0,0.0,0.0,0.0,0.0,0.0,0.0,0.0
1468cd44eaf097486ad5a42bd11a3b3fdfc726e054259631c29c28364558e177,0.0,0.0,0.0,0.0,0.0,0.0,0.0,0.0,0.0,0.0,0.14244042397412382,0.0,0.09273928434142525,0.0,0.0,0.0,0.0,0.0,0.0,0.0,0.0,0.13558207974048989,0.0,0.0,0.0,0.0,0.19472059686288948,0.0,0.0,0.0,0.0,0.0,0.0,0.0,0.0,0.0,0.0,0.42082600545502213,0.0,0.0,0.0,0.26776543209516984,0.0,0.16056686989557,0.17989321490630192,0.0,0.0,0.0,0.0,0.0,0.0,0.0,0.0,0.0,0.0,0.0,0.0,0.0,0.1790945047040235,0.0,0.0,0.0,0.0,0.0,0.1790945047040235,0.0,0.0,0.0,0.0,0.0,0.0,0.0,0.0,0.0,0.0,0.08816404822542233,0.18801381047374047,0.1498536221776778,0.0,0.08066091284587001,0.0,0.3549767901580813,0.0,0.0,0.0,0.0,0.0,0.0,0.0,0.0,0.0,0.0,0.0,0.0,0.0,0.0,0.0,0.0,0.0,0.0,0.0,0.0,0.12422457280992381,0.0,0.0,0.0,0.0,0.0,0.0,0.0,0.0,0.3757062379674398,0.0,0.0,0.0,0.0,0.0,0.10718565537572722,0.11772600718945249,0.10435503268126929,0.0,0.0,0.0,0.0,0.1464008548843136,0.0,0.0,0.0,0.0,0.0,0.0,0.0,0.0,0.1327947520691115,0.0,0.0,0.0,0.2918745674709368,0.0,0.0,0.0,0.0,0.0,0.0,0.0,0.09586785310701426,0.0,0.0,0.0,0.0,0.0,0.0,0.0,0.0,0.1391354469361993,0.0,0.0,0.0,0.0,0.0,0.0
f8063fd5aa2f72dc85880a5fd41c65a0d2d0645acf14b77af01e1246b21c9da3,0.0,0.0,0.0,0.0,0.0,0.4835119782142887,0.0,0.0,0.0,0.0,0.0,0.0,0.17398190696303015,0.0,0.0,0.0,0.0,0.0,0.0,0.0,0.4912272958381652,0.0,0.0,0.0,0.0,0.0,0.0,0.0,0.0,0.0,0.0,0.0,0.0,0.0,0.0,0.0,0.0,0.0,0.0,0.0,0.0,0.0,0.0,0.3012286585765419,0.0,0.0,0.0,0.0,0.0,0.0,0.0,0.0,0.0,0.0,0.0,0.0,0.0,0.0,0.0,0.0,0.25246303223670924,0.0,0.0,0.0,0.0,0.0,0.0,0.0,0.0,0.0,0.0,0.0,0.0,0.0,0.0,0.1653986155356587,0.0,0.0,0.0,0.15132249007484164,0.0,0.0,0.0,0.0,0.0,0.0,0.0,0.0,0.0,0.0,0.0,0.0,0.0,0.0,0.0,0.0,0.0,0.0,0.0,0.21245183791895633,0.0,0.0,0.23304932987804178,0.0,0.0,0.0,0.0,0.0,0.0,0.0,0.0,0.0,0.0,0.0,0.0,0.0,0.21742568015672564,0.0,0.2208578098851605,0.0,0.0,0.0,0.0,0.0,0.0,0.0,0.0,0.0,0.0,0.0,0.0,0.0,0.0,0.24912726428434012,0.0,0.0,0.0,0.0,0.0,0.0,0.0,0.0,0.0,0.0,0.0,0.1798512034943493,0.0,0.0,0.0,0.0,0.0,0.0,0.0,0.0,0.0,0.0,0.0,0.0,0.0,0.0,0.0
f4234a501edcd30d3bc15c983692c9450383b73bdd310059405c5e3a43cc730b,0.0,0.0,0.3104666693204453,0.0,0.0,0.0,0.0,0.0,0.0,0.0,0.1893186010177398,0.0,0.12326045571230904,0.0,0.0,0.0,0.0,0.0,0.0,0.0,0.0,0.1802031259343075,0.0,0.0,0.0,0.0,0.0,0.0,0.0,0.0,0.0,0.0,0.0,0.0,0.0,0.0,0.0,0.0,0.0,0.0,0.0,0.0,0.0,0.0,0.23909737719421295,0.0,0.0,0.0,0.0,0.0,0.0,0.0,0.0,0.0,0.0,0.3443362439675439,0.0,0.0,0.0,0.0,0.0,0.0,0.0,0.0,0.23803580566911403,0.0,0.0,0.0,0.0,0.0,0.0,0.0,0.0,0.0,0.0,0.11717947619370789,0.0,0.0,0.0,0.10720700451978474,0.0,0.0,0.0,0.0,0.0,0.0,0.0,0.0,0.0,0.0,0.0,0.0,0.0,0.0,0.0,0.0,0.0,0.0,0.0,0.1505151358317546,0.0,0.0,0.0,0.0,0.0,0.0,0.0,0.0,0.0,0.0,0.0,0.0,0.0,0.0,0.0,0.0,0.0,0.14246123227342128,0.1564704903473215,0.13869903111189433,0.16556313471579523,0.382162668161616,0.27026153519664825,0.3692256320557805,0.0,0.0,0.0,0.0,0.0,0.0,0.0,0.0,0.0,0.0,0.0,0.0,0.0,0.0,0.0,0.0,0.0,0.0,0.23856496324426404,0.18992150933798593,0.0,0.0,0.0,0.0,0.0,0.0,0.0,0.0,0.0,0.0,0.0,0.0,0.0,0.0,0.0,0.0,0.0
f760ae9ce69f789ad453f9cb8db10644979cf45383c0119f089a9afc26b3a74a,0.0,0.0,0.0,0.0,0.0,0.0,0.311264744329137,0.0,0.0,0.0,0.0,0.0,0.1169844300161461,0.0,0.0,0.0,0.30190857302252677,0.22897621087299092,0.0,0.0,0.0,0.0,0.0,0.0,0.0,0.308481025984315,0.0,0.0,0.0,0.0,0.0,0.0,0.0,0.0,0.0,0.0,0.0,0.0,0.0,0.0,0.0,0.0,0.0,0.0,0.0,0.0,0.0,0.0,0.0,0.2848589254320593,0.0,0.0,0.0,0.0,0.0,0.0,0.0,0.0,0.0,0.0,0.16975468565610766,0.30986108917518257,0.0,0.0,0.0,0.0,0.0,0.0,0.0,0.0,0.0,0.0,0.0,0.0,0.0,0.11121307440324961,0.0,0.0,0.0,0.0,0.0,0.0,0.0,0.0,0.0,0.0,0.0,0.0,0.24373935164583974,0.0,0.0,0.0,0.0,0.0,0.0,0.0,0.0,0.0,0.0,0.14285138954197668,0.0,0.0,0.0,0.0,0.0,0.0,0.0,0.0,0.0,0.0,0.0,0.0,0.0,0.0,0.2349016011722357,0.2673614521980954,0.14619577235357167,0.13520756483167629,0.1485035165726745,0.13163692284480455,0.15713319275420753,0.0,0.0,0.0,0.0,0.0,0.0,0.0,0.0,0.0,0.0,0.0,0.29942014540884604,0.0,0.0,0.0,0.0,0.0,0.0,0.0,0.0,0.0,0.0,0.1802513173370633,0.0,0.0,0.0,0.0,0.0,0.0,0.0,0.0,0.0,0.0,0.0,0.0,0.0,0.0,0.0,0.0,0.0
f555ba7794890e836c24d23621dfa866e6ae41a6f0f5bb653db83976ad51585f,0.0,0.0,0.0,0.0,0.0,0.0,0.0,0.0,0.0,0.0,0.0,0.0,0.1946141410624511,0.0,0.0,0.0,0.0,0.0,0.0,0.0,0.0,0.0,0.0,0.0,0.0,0.0,0.40862275328893977,0.0,0.0,0.0,0.0,0.0,0.0,0.0,0.0,0.0,0.0,0.0,0.0,0.0,0.0,0.0,0.3564503237460167,0.0,0.3775073718820422,0.0,0.0,0.0,0.0,0.0,0.0,0.0,0.0,0.0,0.0,0.0,0.0,0.0,0.3758312720385069,0.0,0.0,0.0,0.0,0.0,0.0,0.0,0.0,0.0,0.0,0.0,0.0,0.0,0.0,0.0,0.0,0.18501297093053878,0.0,0.3144690426749269,0.0,0.16926758042492535,0.0,0.0,0.0,0.0,0.0,0.0,0.0,0.0,0.0,0.0,0.0,0.0,0.0,0.0,0.0,0.0,0.0,0.0,0.0,0.23764615916367965,0.0,0.0,0.0,0.0,0.0,0.0,0.0,0.0,0.0,0.0,0.0,0.0,0.0,0.0,0.0,0.0,0.0,0.0,0.0,0.21898988325206997,0.0,0.0,0.0,0.0,0.0,0.0,0.0,0.0,0.0,0.0,0.0,0.0,0.0,0.2786708652655332,0.0,0.0,0.0,0.0,0.0,0.0,0.0,0.0,0.0,0.0,0.0,0.2011794680152487,0.0,0.0,0.0,0.0,0.0,0.0,0.0,0.0,0.0,0.0,0.0,0.0,0.0,0.0,0.0
f434dde30d9a4e51fe173e8bd509e73732ee23814fb92753df8130ef7cbf8557,0.0,0.0,0.0,0.0,0.0,0.0,0.2726734389358726,0.0,0.0,0.0,0.0,0.0,0.10248043639894332,0.0,0.0,0.0,0.26447726686073103,0.2005872235476283,0.0,0.0,0.0,0.0,0.0,0.0,0.0,0.27023485227310273,0.0,0.0,0.0,0.0,0.0,0.0,0.0,0.0,0.0,0.0,0.0,0.0,0.0,0.0,0.0,0.0,0.0,0.17743249815828244,0.0,0.0,0.0,0.0,0.2522907790637031,0.24954147305228885,0.0,0.0,0.0,0.0,0.0,0.0,0.0,0.0,0.0,0.0,0.14870811666477582,0.2714438121153545,0.0,0.0,0.0,0.0,0.0,0.0,0.0,0.0,0.0,0.0,0.0,0.0,0.0,0.0974246264784138,0.20776241140099605,0.16559395196746218,0.0,0.08913337651333933,0.0,0.0,0.0,0.0,0.0,0.0,0.0,0.0,0.21351999681336775,0.0,0.0,0.0,0.0,0.0,0.0,0.0,0.0,0.0,0.0,0.1251403519121022,0.0,0.0,0.0,0.0,0.0,0.0,0.0,0.0,0.0,0.0,0.0,0.0,0.0,0.0,0.20577797058650232,0.2342133760341817,0.1280700905958747,0.11844422583822645,0.13009171547910195,0.11531628010229818,0.13765146493416203,0.0,0.0,0.0,0.1617785127873918,0.0,0.0,0.0,0.0,0.0,0.0,0.0,0.26229736011791077,0.14674325168857436,0.0,0.0,0.0,0.0,0.0,0.0,0.0,0.0,0.0,0.15790335226352037,0.0,0.10593762387541007,0.0,0.0,0.0,0.0,0.0,0.0,0.0,0.0,0.0,0.0,0.0,0.0,0.0,0.0,0.0
d812838222fd0d9a617d15d458b450e054515591156928f5c31dfa0db220a01f,0.0,0.0,0.0,0.0,0.0,0.0,0.0,0.0,0.0,0.0,0.0,0.0,0.17204955015164072,0.0,0.0,0.0,0.0,0.0,0.0,0.0,0.0,0.0,0.0,0.0,0.0,0.0,0.0,0.0,0.0,0.0,0.0,0.7317498472117572,0.0,0.0,0.0,0.0,0.0,0.0,0.0,0.0,0.0,0.0,0.0,0.0,0.0,0.0,0.0,0.3593869566915138,0.0,0.0,0.0,0.0,0.0,0.0,0.0,0.0,0.0,0.0,0.0,0.0,0.0,0.0,0.0,0.0,0.3322554102910451,0.0,0.0,0.2808606259555274,0.0,0.0,0.0,0.0,0.0,0.0,0.0,0.0,0.0,0.0,0.0,0.0,0.0,0.0,0.0,0.0,0.0,0.0,0.0,0.0,0.0,0.0,0.0,0.0,0.0,0.0,0.0,0.0,0.0,0.0,0.0,0.0,0.0,0.0,0.0,0.0,0.0,0.0,0.0,0.0,0.0,0.0,0.0,0.0,0.0,0.0,0.0,0.0,0.2150108083958873,0.0,0.0,0.0,0.0,0.0,0.0,0.0,0.0,0.0,0.0,0.0,0.0,0.0,0.0,0.0,0.0,0.0,0.0,0.0,0.0,0.0,0.0,0.0,0.0,0.0,0.0,0.2650964582021907,0.0,0.0,0.0,0.0,0.0,0.0,0.0,0.0,0.0,0.0,0.0,0.0,0.0,0.0,0.0,0.0,0.0
f95d84bd16012696182588589d691c5eaa131d28b7dc53cad85d497d61dab85f,0.0,0.0,0.0,0.0,0.0,0.3833856688452834,0.0,0.0,0.0,0.0,0.0,0.0,0.0,0.0,0.0,0.0,0.0,0.0,0.0,0.0,0.0,0.0,0.0,0.0,0.0,0.0,0.0,0.0,0.0,0.0,0.0,0.0,0.0,0.0,0.0,0.0,0.0,0.0,0.0,0.0,0.0,0.0,0.25267213126684346,0.0,0.0,0.0,0.0,0.0,0.0,0.0,0.0,0.0,0.0,0.0,0.0,0.0,0.0,0.0,0.0,0.0,0.0,0.0,0.0,0.0,0.0,0.0,0.0,0.0,0.0,0.0,0.0,0.0,0.0,0.0,0.0,0.13114764824940686,0.0,0.0,0.0,0.1199864257405536,0.5474735401693939,0.0,0.0,0.0,0.0,0.0,0.0,0.0,0.0,0.0,0.0,0.0,0.0,0.0,0.0,0.0,0.0,0.0,0.0,0.16845702619154224,0.0,0.0,0.1847891618718904,0.0,0.0,0.0,0.0,0.0,0.0,0.0,0.0,0.0,0.0,0.0,0.0,0.0,0.17240087850333125,0.0,0.17512227820134785,0.15523240362268317,0.0,0.0,0.0,0.0,0.0,0.0,0.2506442016710657,0.0,0.0,0.0,0.0,0.0,0.0,0.0,0.0,0.0,0.0,0.0,0.0,0.0,0.0,0.0,0.0,0.0,0.0,0.0,0.0,0.0,0.4980102444735523,0.0,0.0,0.0,0.0,0.0,0.0,0.0,0.0,0.0,0.0,0.0,0.0
f84e0c6d7877be866064dd176f832737ae9cd04901913185c8e525efdcb9ee2e,0.0,0.0,0.0,0.0,0.0,0.0,0.0,0.0,0.0,0.0,0.0,0.0,0.0,0.0,0.0,0.0,0.0,0.0,0.0,0.0,0.0,0.0,0.0,0.0,0.0,0.0,0.0,0.0,0.0,0.0,0.0,0.0,0.0,0.0,0.0,0.0,0.0,0.0,0.0,0.0,0.0,0.0,0.0,0.0,0.0,0.0,0.0,0.4964062268530503,0.0,0.0,0.0,0.0,0.0,0.0,0.0,0.0,0.0,0.0,0.0,0.0,0.0,0.0,0.0,0.0,0.4589305524397859,0.0,0.0,0.3879410785679785,0.0,0.0,0.0,0.0,0.0,0.0,0.0,0.0,0.0,0.0,0.0,0.20669398736621825,0.0,0.0,0.0,0.0,0.0,0.0,0.0,0.0,0.0,0.0,0.0,0.0,0.0,0.0,0.0,0.0,0.0,0.0,0.0,0.2901916131635965,0.0,0.0,0.0,0.0,0.0,0.0,0.0,0.0,0.0,0.0,0.0,0.0,0.0,0.0,0.0,0.0,0.29698546967591394,0.2746637710436567,0.0,0.0,0.31920399817665557,0.0,0.0,0.0,0.0,0.0,0.0,0.0,0.0,0.0,0.0,0.0,0.0,0.0,0.0,0.0,0.0,0.0,0.0,0.0,0.0,0.0,0.0,0.0,0.0,0.0,0.0,0.0,0.0,0.0,0.0,0.0,0.0,0.0,0.0,0.0,0.0,0.0,0.0,0.0,0.0
f31d4be2ed36280868ff07df2eea5b9f5367784c2bbc273690233523a1b0e3f7,0.0,0.0,0.0,0.0,0.0,0.0,0.0,0.0,0.0,0.0,0.2446563556095074,0.0,0.15928943972343665,0.0,0.0,0.0,0.0,0.0,0.0,0.0,0.0,0.23287643064929262,0.0,0.0,0.0,0.0,0.3344530313897197,0.0,0.0,0.0,0.0,0.0,0.0,0.0,0.0,0.0,0.0,0.0,0.0,0.0,0.0,0.0,0.0,0.0,0.3089854490032205,0.0,0.0,0.0,0.0,0.0,0.0,0.0,0.0,0.0,0.0,0.0,0.0,0.0,0.3076135805277863,0.0,0.0,0.0,0.0,0.0,0.0,0.0,0.0,0.0,0.0,0.0,0.0,0.0,0.0,0.0,0.0,0.15143099221981493,0.0,0.25738930041049973,0.0,0.138543570893833,0.0,0.0,0.0,0.0,0.0,0.0,0.0,0.0,0.0,0.0,0.0,0.0,0.0,0.0,0.0,0.0,0.0,0.0,0.0,0.0,0.0,0.0,0.0,0.0,0.362923528192196,0.0,0.0,0.0,0.0,0.0,0.0,0.0,0.0,0.0,0.0,0.0,0.0,0.0,0.0,0.17924070480124696,0.0,0.0,0.0,0.0,0.25145881074195137,0.0,0.2894089269600344,0.0,0.0,0.0,0.0,0.0,0.0,0.22808890326807074,0.0,0.0,0.0,0.0,0.0,0.0,0.0,0.0,0.0,0.24543549380092178,0.0,0.16466308444525937,0.0,0.0,0.0,0.0,0.0,0.0,0.0,0.0,0.0,0.0,0.0,0.0,0.0,0.0,0.0
b7f82678830c34db745a16d5551386f15ff28fda563f10c6903f6471a58e243e,0.0,0.0,0.0,0.0,0.0,0.0,0.0,0.0,0.0,0.0,0.0,0.3703296815441092,0.137906531046941,0.0,0.0,0.0,0.0,0.0,0.0,0.4483942316949035,0.38937067369313166,0.0,0.0,0.0,0.0,0.0,0.0,0.0,0.0,0.0,0.0,0.0,0.0,0.0,0.2255106004838488,0.0,0.0,0.0,0.0,0.0,0.0,0.0,0.0,0.0,0.0,0.0,0.0,0.0,0.0,0.0,0.0,0.0,0.0,0.0,0.0,0.0,0.0,0.0,0.0,0.0,0.0,0.0,0.0,0.0,0.0,0.0,0.0,0.0,0.0,0.0,0.0,0.0,0.0,0.0,0.0,0.13110299632096936,0.0,0.0,0.0,0.11994557388108718,0.0,0.0,0.0,0.0,0.0,0.0,0.0,0.0,0.0,0.0,0.0,0.0,0.0,0.0,0.0,0.0,0.0,0.0,0.0,0.16839967151398072,0.0,0.0,0.1847262465810555,0.5116924377173776,0.0,0.0,0.0,0.0,0.0,0.0,0.0,0.0,0.0,0.0,0.0,0.0,0.17234218105970764,0.0,0.17506265420092976,0.15517955154130572,0.0,0.0,0.0,0.0,0.0,0.0,0.0,0.0,0.0,0.0,0.0,0.0,0.0,0.0,0.0,0.0,0.0,0.0,0.0,0.0,0.0,0.0,0.0,0.0,0.0,0.0,0.0,0.0,0.0,0.0,0.0,0.0,0.0,0.0,0.0,0.0,0.0,0.0,0.0,0.0,0.0
f9c7dd489dd56e10c4e003e38428fe06097aca743cc878c09bf2bda235c73e30,0.0,0.0,0.0,0.0,0.0,0.0,0.0,0.0,0.0,0.0,0.1517965883557607,0.0,0.09883084153232047,0.0,0.0,0.0,0.0,0.0,0.0,0.0,0.0,0.14448775545995185,0.0,0.0,0.0,0.0,0.0,0.0,0.0,0.0,0.0,0.0,0.0,0.0,0.0,0.0,0.4203408444099046,0.0,0.0,0.0,0.0,0.28535353895771015,0.0,0.1711136654404974,0.0,0.0,0.0,0.0,0.0,0.0,0.0,0.0,0.0,0.0,0.0,0.0,0.0,0.0,0.19085828340607988,0.0,0.0,0.0,0.0,0.0,0.0,0.0,0.0,0.0,0.0,0.0,0.0,0.0,0.0,0.0,0.0,0.09395508215198142,0.0,0.0,0.0,0.08595910516166895,0.0,0.0,0.0,0.0,0.0,0.0,0.0,0.0,0.0,0.0,0.0,0.0,0.0,0.0,0.0,0.0,0.0,0.0,0.0,0.12068377852117847,0.0,0.0,0.0,0.0,0.0,0.4329884456824573,0.0,0.0,0.0,0.0,0.0,0.40038441024154314,0.0,0.0,0.0,0.0,0.0,0.0,0.12545881115427626,0.11120956745852054,0.13274933827018917,0.0,0.0,0.0,0.15601715920083709,0.0,0.0,0.0,0.0,0.0,0.0,0.0,0.0,0.0,0.0,0.0,0.0,0.3110462769891094,0.0,0.0,0.0,0.0,0.0,0.0,0.0,0.10216490957145435,0.21138100441316546,0.0,0.0,0.0,0.0,0.0,0.0,0.0,0.14827452471010483,0.0,0.0,0.0,0.0,0.0,0.0
f8b823dc5519d25ef2599725c25306171a8496069b1ba56cb854323ae98d10d1,0.0,0.0,0.0,0.0,0.0,0.0,0.0,0.0,0.0,0.0,0.47255256618227115,0.0,0.3076667815128734,0.0,0.0,0.0,0.0,0.0,0.0,0.0,0.0,0.0,0.0,0.0,0.0,0.0,0.0,0.0,0.0,0.0,0.0,0.0,0.0,0.0,0.0,0.0,0.0,0.0,0.0,0.0,0.0,0.0,0.0,0.0,0.0,0.0,0.0,0.0,0.0,0.0,0.0,0.0,0.0,0.0,0.0,0.0,0.0,0.0,0.0,0.0,0.0,0.0,0.0,0.0,0.0,0.0,0.0,0.0,0.0,0.0,0.0,0.0,0.0,0.0,0.0,0.2924882282118825,0.0,0.0,0.0,0.267596236324351,0.0,0.0,0.0,0.0,0.0,0.0,0.0,0.0,0.0,0.0,0.0,0.0,0.0,0.0,0.0,0.0,0.0,0.0,0.0,0.3756963832619066,0.0,0.0,0.0,0.0,0.0,0.0,0.0,0.0,0.0,0.0,0.0,0.0,0.0,0.0,0.0,0.0,0.3844920451773289,0.0,0.0,0.0,0.0,0.0,0.0,0.0,0.48569147533166923,0.0,0.0,0.0,0.0,0.0,0.0,0.0,0.0,0.0,0.0,0.0,0.0,0.0,0.0,0.0,0.0,0.0,0.0,0.0,0.0,0.0,0.0,0.0,0.0,0.0,0.0,0.0,0.0,0.0,0.0,0.0,0.0,0.0,0.0,0.0,0.0
f6ee3a24e7d397b2568fcee9ed1bcd4b69ae3afd7ccc9d6a4e8cdf8e3a47ddb0,0.0,0.0,0.0,0.0,0.0,0.0,0.0,0.0,0.0,0.0,0.0,0.0,0.43475742720896,0.0,0.0,0.0,0.0,0.0,0.0,0.0,0.0,0.0,0.0,0.0,0.0,0.0,0.0,0.0,0.0,0.0,0.0,0.0,0.0,0.0,0.0,0.0,0.0,0.0,0.0,0.0,0.0,0.0,0.0,0.0,0.0,0.0,0.0,0.0,0.0,0.0,0.0,0.0,0.0,0.0,0.0,0.0,0.0,0.0,0.0,0.0,0.0,0.0,0.0,0.0,0.0,0.0,0.0,0.0,0.0,0.0,0.0,0.0,0.0,0.0,0.0,0.4133089342990526,0.0,0.0,0.0,0.37813458659107074,0.0,0.0,0.0,0.0,0.0,0.0,0.0,0.0,0.0,0.0,0.0,0.0,0.0,0.0,0.0,0.0,0.0,0.0,0.0,0.0,0.0,0.0,0.0,0.0,0.0,0.0,0.0,0.0,0.0,0.0,0.0,0.0,0.0,0.0,0.0,0.0,0.543317583788656,0.0,0.0,0.0,0.0,0.0,0.0,0.0,0.0,0.0,0.0,0.0,0.0,0.0,0.0,0.0,0.0,0.0,0.0,0.0,0.0,0.0,0.0,0.0,0.0,0.0,0.0,0.0,0.0,0.4494240112464888,0.0,0.0,0.0,0.0,0.0,0.0,0.0,0.0,0.0,0.0,0.0,0.0,0.0,0.0,0.0
f5d002bfe80b48386a6c99c41528931b7f5df736cd34094463c3f85dde0180bf,0.0,0.22219568759158917,0.0,0.0,0.28871231745324205,0.0,0.0,0.0,0.0,0.0,0.15956281131979025,0.0,0.10388722889501802,0.0,0.0,0.0,0.0,0.0,0.0,0.0,0.0,0.1518800436307787,0.0,0.0,0.0,0.0,0.0,0.3438627459630221,0.0,0.0,0.0,0.0,0.0,0.0,0.0,0.0,0.0,0.0,0.0,0.0,0.0,0.0,0.0,0.0,0.0,0.0,0.0,0.0,0.0,0.0,0.0,0.0,0.0,0.0,0.0,0.0,0.0,0.49238983468679665,0.0,0.0,0.0,0.0,0.0,0.0,0.20062298233323667,0.0,0.0,0.0,0.0,0.0,0.0,0.0,0.0,0.0,0.0,0.09876201572341244,0.0,0.0,0.0,0.09035694824697864,0.0,0.0,0.0,0.0,0.0,0.0,0.0,0.0,0.0,0.0,0.0,0.0,0.0,0.0,0.0,0.0,0.0,0.0,0.0,0.0,0.0,0.0,0.13915728077411701,0.0,0.0,0.0,0.16618431312216111,0.0,0.0,0.0,0.0,0.0,0.0,0.0,0.0,0.0,0.0,0.12007016005521143,0.13187753973559754,0.11689927567905037,0.13954106508368935,0.32209698035760154,0.0,0.0,0.0,0.0,0.1887500608424513,0.0,0.0,0.0,0.0,0.0,0.0,0.0,0.0,0.0,0.0,0.0,0.0,0.0,0.3349227255684011,0.0,0.0,0.1600709586757785,0.0,0.0,0.0,0.0,0.0,0.0,0.0,0.0,0.0,0.0,0.0,0.0,0.0,0.0,0.0,0.0,0.0
f4e6a61d2e8cd7651788e61c8b5c9fb36df48373adec1b1e875ff10adca28b90,0.0,0.0,0.0,0.0,0.0,0.0,0.0,0.0,0.0,0.0,0.19015298536911723,0.0,0.12380370183200945,0.0,0.0,0.0,0.0,0.0,0.0,0.0,0.0,0.1809973356291847,0.0,0.0,0.0,0.0,0.0,0.0,0.0,0.0,0.0,0.0,0.0,0.0,0.0,0.0,0.0,0.0,0.0,0.0,0.0,0.0,0.0,0.21435115685673514,0.0,0.0,0.0,0.0,0.0,0.0,0.0,0.0,0.0,0.0,0.0,0.0,0.0,0.0,0.0,0.0,0.0,0.0,0.0,0.0,0.23908490148035558,0.0,0.0,0.0,0.4219305833000236,0.0,0.0,0.3926917178058542,0.0,0.0,0.0,0.11769592159692249,0.25099186280644503,0.20004934575761793,0.0,0.107679498223248,0.0,0.0,0.0,0.0,0.0,0.0,0.0,0.0,0.0,0.0,0.0,0.0,0.0,0.0,0.0,0.0,0.0,0.0,0.0,0.15117850157240728,0.0,0.0,0.0,0.0,0.0,0.0,0.0,0.0,0.0,0.0,0.0,0.0,0.0,0.0,0.0,0.0,0.15471783558772587,0.14308910202445407,0.15716010313706485,0.0,0.16629282154017075,0.0,0.0,0.0,0.1954400221520007,0.0,0.0,0.0,0.0,0.0,0.0,0.0,0.0,0.17727635065085556,0.0,0.0,0.0,0.0,0.0,0.0,0.0,0.0,0.0,0.1907585508887353,0.0,0.0,0.0,0.0,0.0,0.0,0.0,0.3554127288072409,0.0,0.0,0.0,0.0,0.0,0.0,0.0,0.0,0.0
a0c962a5903fb5b1e5cafe514b25a9dbc081d8dc768fe9c0b226c16cba635d20,0.0,0.0,0.0,0.0,0.0,0.0,0.3053406657121851,0.0,0.0,0.0,0.0,0.0,0.1147579492694473,0.0,0.0,0.0,0.29616256370312255,0.22461827088994873,0.0,0.0,0.0,0.0,0.0,0.0,0.0,0.3026099278819335,0.0,0.0,0.0,0.0,0.0,0.0,0.0,0.0,0.0,0.0,0.0,0.0,0.0,0.0,0.0,0.0,0.0,0.0,0.0,0.0,0.0,0.0,0.0,0.2794374098259889,0.0,0.0,0.0,0.0,0.0,0.0,0.0,0.0,0.0,0.0,0.1665238664845045,0.3039637253199717,0.0,0.0,0.0,0.0,0.0,0.0,0.0,0.0,0.0,0.0,0.0,0.0,0.0,0.10909643572829225,0.0,0.0,0.0,0.0,0.0,0.0,0.0,0.0,0.0,0.0,0.0,0.0,0.23910043539367343,0.0,0.0,0.0,0.0,0.0,0.0,0.0,0.0,0.0,0.0,0.1401326015083,0.0,0.0,0.15371864604924673,0.0,0.0,0.0,0.0,0.0,0.0,0.0,0.0,0.0,0.0,0.0,0.2304308874857518,0.26227295344961804,0.14341333308067813,0.13263425623100003,0.14567715565934192,0.12913157171193856,0.15414258940394743,0.0,0.0,0.0,0.0,0.0,0.0,0.0,0.0,0.0,0.0,0.0,0.2937214965473305,0.0,0.0,0.0,0.0,0.0,0.0,0.0,0.0,0.0,0.0,0.1768207233036293,0.0,0.11862931983519004,0.0,0.0,0.0,0.0,0.0,0.0,0.0,0.0,0.0,0.0,0.0,0.0,0.0,0.0,0.0
fef984d0cfaacd9e1685f796788009e017649a9485e7927a61968007f6e05bcd,0.0,0.0,0.0,0.0,0.0,0.0,0.0,0.0,0.0,0.0,0.0,0.0,0.2539523576209831,0.0,0.0,0.0,0.0,0.0,0.0,0.0,0.0,0.0,0.0,0.0,0.0,0.0,0.0,0.0,0.0,0.0,0.0,0.0,0.0,0.0,0.0,0.0,0.0,0.0,0.0,0.0,0.0,0.0,0.0,0.0,0.0,0.0,0.0,0.0,0.0,0.0,0.0,0.0,0.7290404008401772,0.0,0.0,0.0,0.0,0.0,0.0,0.0,0.0,0.0,0.0,0.0,0.0,0.0,0.0,0.0,0.0,0.0,0.0,0.0,0.0,0.0,0.0,0.0,0.0,0.0,0.0,0.2208775831141434,0.0,0.0,0.0,0.0,0.0,0.0,0.0,0.0,0.0,0.0,0.0,0.0,0.0,0.0,0.0,0.0,0.0,0.0,0.0,0.0,0.0,0.0,0.0,0.0,0.0,0.0,0.0,0.0,0.0,0.0,0.0,0.0,0.0,0.0,0.0,0.0,0.31736497804268365,0.0,0.3223746796341388,0.2857603093146298,0.0,0.0,0.0,0.0,0.0,0.0,0.0,0.0,0.0,0.0,0.0,0.0,0.0,0.0,0.0,0.0,0.0,0.0,0.0,0.0,0.0,0.0,0.0,0.0,0.0,0.2625194650732649,0.0,0.0,0.0,0.0,0.0,0.0,0.0,0.0,0.0,0.0,0.0,0.0,0.0,0.0,0.0
f0de5714ce83c1b278f1426a198450e9ee1a94fdaefd77d502ec9c010cc43450,0.3434123273238378,0.0,0.0,0.0,0.0,0.0,0.0,0.0,0.0,0.0,0.14003434247829108,0.0,0.09117274676897874,0.0,0.0,0.0,0.0,0.0,0.0,0.0,0.0,0.13329184832914998,0.0,0.0,0.0,0.0,0.0,0.0,0.0,0.0,0.0,0.0,0.0,0.0,0.0,0.0,0.0,0.0,0.0,0.0,0.0,0.0,0.0,0.15785459929344306,0.0,0.0,0.0,0.0,0.22445301874183415,0.0,0.0,0.0,0.2617365574898847,0.0,0.0,0.0,0.0,0.0,0.0,0.0,0.0,0.0,0.0,0.0,0.1760692681752979,0.3489805774087804,0.0,0.0,0.0,0.0,0.31400478292420914,0.0,0.0,0.0,0.0,0.08667479483011208,0.1848379104186827,0.14732231809035828,0.0,0.07929840124684048,0.0,0.0,0.0,0.0,0.0,0.0,0.0,0.0,0.0,0.0,0.0,0.0,0.0,0.0,0.0,0.0,0.0,0.0,0.0,0.11133236758524014,0.0,0.0,0.0,0.0,0.0,0.0,0.1458454562550187,0.0,0.0,0.0,0.0,0.0,0.0,0.0,0.0,0.0,0.1139388389518826,0.10537509194982016,0.11573739777947016,0.1025922836938257,0.12246300460670868,0.0,0.0,0.0,0.14392787440529428,0.0,0.16564944202341125,0.0,0.0,0.0,0.0,0.0,0.0,0.1305516037634365,0.0,0.0,0.0,0.0,0.0,0.0,0.0,0.0,0.0,0.0,0.0,0.0,0.1950017473121623,0.0,0.0,0.0,0.0,0.2617365574898847,0.0,0.0,0.0,0.0,0.3211226124952101,0.0,0.0,0.0,0.0
2d22f914168c080b550e8145a06d00b826aaa8ae47abc1af5590084a68793af6,0.0,0.0,0.0,0.0,0.0,0.0,0.0,0.0,0.0,0.0,0.16767806825373158,0.0,0.10917086326862271,0.0,0.0,0.0,0.0,0.21368254395505856,0.0,0.0,0.0,0.1596045601832714,0.0,0.0,0.0,0.0,0.0,0.0,0.0,0.0,0.0,0.0,0.0,0.0,0.0,0.0,0.0,0.0,0.0,0.0,0.0,0.0,0.1999545836869342,0.18901616422124973,0.0,0.0,0.0,0.0,0.0,0.0,0.0,0.0,0.0,0.0,0.0,0.0,0.0,0.0,0.0,0.0,0.0,0.0,0.0,0.0,0.210826531863489,0.0,0.0,0.17821492103121475,0.3720609750490323,0.0,0.3759914496069139,0.34627796420396956,0.0,0.0,0.0,0.10378498521285787,0.22132616335786168,0.17640473951511293,0.0,0.09495244167509001,0.0,0.0,0.0,0.0,0.0,0.0,0.0,0.0,0.0,0.0,0.0,0.0,0.0,0.0,0.0,0.0,0.0,0.0,0.0,0.13331012950413537,0.0,0.0,0.0,0.0,0.2487338453950685,0.0,0.0,0.0,0.0,0.0,0.0,0.0,0.0,0.0,0.0,0.0,0.1364311359371468,0.12617684738973475,0.1385847424347624,0.0,0.1466380295118256,0.0,0.0,0.0,0.17234020970167913,0.0,0.0,0.0,0.0,0.0,0.0,0.0,0.0,0.15632337281744466,0.0,0.0,0.0,0.0,0.0,0.0,0.0,0.0,0.0,0.16821205964142144,0.0,0.0,0.0,0.0,0.0,0.0,0.0,0.0,0.0,0.0,0.0,0.0,0.0,0.0,0.0,0.0,0.0
3ffdaa1515622897c84111ab4180de09aadd03674935555270a2789625f7e513,0.0,0.0,0.0,0.0,0.0,0.0,0.0,0.0,0.0,0.0,0.352832274880951,0.0,0.22971998925642556,0.0,0.0,0.0,0.0,0.0,0.0,0.0,0.0,0.33584380257543955,0.0,0.0,0.0,0.0,0.0,0.0,0.0,0.0,0.0,0.0,0.0,0.0,0.37564785603030315,0.0,0.0,0.0,0.0,0.0,0.0,0.0,0.0,0.0,0.0,0.0,0.0,0.0,0.0,0.0,0.0,0.0,0.0,0.0,0.0,0.0,0.0,0.0,0.0,0.0,0.0,0.0,0.0,0.0,0.44362632285394726,0.0,0.0,0.0,0.0,0.0,0.0,0.0,0.0,0.0,0.0,0.21838689348285462,0.0,0.0,0.0,0.19980124026134977,0.0,0.0,0.0,0.0,0.0,0.0,0.0,0.0,0.0,0.0,0.0,0.0,0.0,0.0,0.0,0.0,0.0,0.0,0.0,0.0,0.0,0.0,0.0,0.0,0.0,0.0,0.0,0.0,0.0,0.0,0.0,0.0,0.0,0.0,0.0,0.0,0.28708171890705514,0.2655043952108266,0.0,0.0,0.0,0.0,0.0,0.0,0.36264246645834297,0.0,0.0,0.0,0.0,0.0,0.0,0.0,0.0,0.0,0.0,0.0,0.0,0.0,0.0,0.0,0.0,0.0,0.0,0.0,0.0,0.0,0.0,0.0,0.0,0.0,0.0,0.0,0.0,0.0,0.0,0.0,0.0,0.0,0.0,0.0,0.0
9e9519db3a55dd28cc85ddb8e02990758fa23d0f387e006de073e30277bce862,0.0,0.0,0.0,0.0,0.0,0.0,0.0,0.0,0.0,0.0,0.2855109209089203,0.0,0.18588879292836577,0.0,0.0,0.0,0.0,0.0,0.0,0.0,0.0,0.2717638951459884,0.0,0.0,0.0,0.0,0.0,0.0,0.0,0.0,0.0,0.0,0.0,0.0,0.0,0.0,0.0,0.0,0.0,0.0,0.0,0.0,0.0,0.0,0.0,0.0,0.0,0.0,0.0,0.0,0.0,0.0,0.0,0.0,0.0,0.0,0.0,0.0,0.0,0.0,0.0,0.0,0.0,0.0,0.3589812185413163,0.0,0.0,0.0,0.0,0.0,0.0,0.0,0.0,0.0,0.0,0.17671808253302848,0.0,0.0,0.0,0.1616786223001002,0.0,0.0,0.0,0.0,0.0,0.0,0.0,0.0,0.0,0.0,0.0,0.0,0.0,0.0,0.0,0.0,0.0,0.0,0.0,0.22699150960886666,0.0,0.0,0.24899864233008526,0.0,0.4235272388306666,0.0,0.0,0.0,0.0,0.0,0.0,0.0,0.0,0.0,0.0,0.0,0.0,0.21484543727635502,0.0,0.0,0.0,0.0,0.0,0.0,0.0,0.0,0.0,0.0,0.0,0.0,0.0,0.0,0.0,0.0,0.0,0.0,0.0,0.0,0.0,0.0,0.0,0.0,0.0,0.0,0.0,0.0,0.0,0.0,0.0,0.0,0.0,0.5336451347715108,0.0,0.0,0.0,0.0,0.0,0.0,0.0,0.0,0.0
2b396ae1fa95ef655bb7b0eb45532a857d882bb601adeb8fb1b5d43dcff9ec31,0.0,0.0,0.0,0.0,0.0,0.0,0.3090133955219985,0.0,0.0,0.0,0.0,0.0,0.116138292566374,0.0,0.0,0.0,0.29972489652808765,0.22732004733823835,0.0,0.0,0.0,0.0,0.0,0.0,0.0,0.306249811551818,0.0,0.0,0.0,0.0,0.0,0.0,0.0,0.0,0.0,0.0,0.0,0.0,0.0,0.0,0.0,0.0,0.0,0.0,0.0,0.0,0.0,0.0,0.0,0.28279856744530296,0.0,0.0,0.0,0.0,0.0,0.0,0.0,0.0,0.0,0.0,0.16852686587882532,0.307619892874597,0.0,0.0,0.0,0.0,0.0,0.0,0.0,0.0,0.0,0.0,0.0,0.0,0.0,0.11040868062927564,0.0,0.0,0.0,0.0,0.0,0.0,0.0,0.0,0.0,0.0,0.0,0.0,0.24197640769353554,0.0,0.0,0.0,0.0,0.0,0.0,0.0,0.0,0.0,0.0,0.14181815879129672,0.0,0.0,0.0,0.0,0.0,0.0,0.0,0.0,0.0,0.0,0.0,0.0,0.0,0.0,0.23320257984319367,0.2654276518000506,0.1451383519945577,0.1342296211507883,0.1474294045153892,0.13068480528372076,0.1559966630555695,0.0,0.0,0.0,0.0,0.0,0.0,0.0,0.0,0.0,0.0,0.0,0.29725446747878587,0.0,0.0,0.0,0.0,0.0,0.0,0.0,0.0,0.0,0.0,0.17894757640377332,0.0,0.12005622914731971,0.0,0.0,0.0,0.0,0.0,0.0,0.0,0.0,0.0,0.0,0.0,0.0,0.0,0.0,0.0
2da3696e82b2a874191a6f4e3bfd26d4b7e5aa5d187c5afdebbe52263dccd5ae,0.0,0.0,0.0,0.0,0.0,0.0,0.0,0.0,0.0,0.0,0.0,0.0,0.24278820929994635,0.0,0.0,0.0,0.0,0.475214729023918,0.0,0.0,0.0,0.0,0.0,0.0,0.0,0.0,0.0,0.0,0.0,0.0,0.0,0.0,0.0,0.0,0.39701756293900875,0.0,0.0,0.0,0.0,0.0,0.0,0.0,0.0,0.0,0.0,0.0,0.0,0.0,0.0,0.0,0.0,0.0,0.0,0.0,0.0,0.0,0.0,0.0,0.0,0.0,0.0,0.0,0.0,0.0,0.46886316194191185,0.0,0.0,0.0,0.0,0.0,0.0,0.0,0.0,0.0,0.0,0.0,0.0,0.0,0.0,0.0,0.0,0.0,0.0,0.0,0.0,0.0,0.0,0.0,0.0,0.0,0.0,0.0,0.0,0.0,0.0,0.0,0.0,0.0,0.0,0.0,0.0,0.0,0.3252155955024991,0.0,0.0,0.0,0.0,0.0,0.0,0.0,0.0,0.0,0.0,0.0,0.0,0.0,0.30341311037757185,0.0,0.0,0.0,0.0,0.0,0.0,0.0,0.0,0.0,0.0,0.0,0.0,0.0,0.0,0.0,0.0,0.0,0.0,0.0,0.0,0.0,0.0,0.0,0.0,0.0,0.0,0.37409161675773306,0.0,0.0,0.0,0.0,0.0,0.0,0.0,0.0,0.0,0.0,0.0,0.0,0.0,0.0,0.0,0.0,0.0
f52e1ebc1a294f9f4413a4069dd27f6926e4c64e4a0fdb21957beb3f8ec12271,0.0,0.0,0.0,0.0,0.0,0.0,0.0,0.0,0.0,0.0,0.24589749511267295,0.0,0.16009751362605543,0.0,0.0,0.0,0.0,0.0,0.0,0.0,0.0,0.23405781069852521,0.0,0.0,0.0,0.0,0.0,0.0,0.0,0.0,0.0,0.0,0.0,0.0,0.0,0.0,0.0,0.0,0.0,0.0,0.0,0.0,0.0,0.2771895084542554,0.0,0.0,0.0,0.334420858091372,0.0,0.0,0.0,0.0,0.0,0.0,0.0,0.0,0.0,0.0,0.0,0.0,0.0,0.0,0.0,0.0,0.0,0.0,0.0,0.0,0.0,0.0,0.0,0.0,0.0,0.0,0.47957072134397605,0.1521992002885542,0.3245716612755961,0.2586950340287242,0.0,0.13924640118948411,0.0,0.0,0.0,0.0,0.0,0.0,0.0,0.0,0.0,0.0,0.0,0.0,0.0,0.0,0.0,0.0,0.0,0.0,0.0,0.0,0.0,0.0,0.0,0.0,0.36476463600378495,0.0,0.0,0.0,0.0,0.0,0.0,0.0,0.0,0.0,0.0,0.0,0.20007431461791297,0.0,0.0,0.0,0.0,0.0,0.0,0.0,0.0,0.0,0.0,0.0,0.0,0.0,0.0,0.0,0.0,0.2292459962337305,0.0,0.0,0.0,0.0,0.0,0.0,0.0,0.0,0.0,0.0,0.0,0.0,0.0,0.0,0.0,0.0,0.0,0.0,0.0,0.0,0.0,0.0,0.0,0.0,0.0,0.0,0.0
9b43fa2ed0b5bcaf69d80ebf5288e5e35d1f03917b01f092028fe7f32442a3d7,0.0,0.0,0.0,0.0,0.0,0.0,0.0,0.0,0.0,0.0,0.1583639304677573,0.0,0.1031066685096574,0.0,0.0,0.0,0.0,0.0,0.0,0.0,0.0,0.15073888752674178,0.0,0.0,0.0,0.0,0.0,0.0,0.0,0.0,0.0,0.0,0.0,0.0,0.0,0.0,0.0,0.0,0.0,0.0,0.0,0.0,0.0,0.17851674342240662,0.0,0.0,0.0,0.0,0.0,0.0,0.0,0.0,0.0,0.0,0.0,0.0,0.0,0.0,0.0,0.0,0.0,0.0,0.0,0.0,0.0,0.0,0.0,0.16831548488379053,0.0,0.0,0.0,0.0,0.35901887157978074,0.0,0.0,0.09801996380931276,0.209031995118538,0.16660585486040438,0.0,0.08967804810599071,0.0,0.0,0.0,0.0,0.0,0.0,0.0,0.0,0.0,0.0,0.0,0.0,0.0,0.0,0.0,0.0,0.0,0.0,0.0,0.12590505305377522,0.0,0.0,0.0,0.0,0.0,0.0,0.16493568138107761,0.0,0.0,0.0,0.0,0.0,0.0,0.0,0.0,0.0,0.1288526946320342,0.0,0.0,0.11602094881786683,0.0,0.0,0.0,0.0,0.16276710049340665,0.0,0.18733188055412242,0.0,0.0,0.0,0.0,0.4177066796472535,0.26390019315837454,0.14763996270452132,0.0,0.0,0.0,0.0,0.0,0.0,0.0,0.0,0.0,0.0,0.0,0.0,0.0,0.0,0.0,0.0,0.0,0.0,0.0,0.0,0.15468948792378892,0.0,0.0,0.0,0.48869024616952883,0.0,0.0
3a550e32589fda38ebeca5616292a6d6e42842958a43376cd9f01ae6f7d135ee,0.0,0.0,0.0,0.0,0.0,0.0,0.0,0.0,0.0,0.0,0.0,0.0,0.0,0.0,0.0,0.0,0.0,0.0,0.0,0.0,0.0,0.0,0.0,0.0,0.0,0.0,0.38309175487243335,0.0,0.0,0.0,0.0,0.0,0.0,0.0,0.0,0.0,0.0,0.0,0.0,0.0,0.0,0.0,0.33417909049267,0.0,0.3539204814405187,0.0,0.0,0.0,0.0,0.0,0.0,0.0,0.0,0.0,0.0,0.0,0.0,0.0,0.35234910533570524,0.0,0.0,0.0,0.0,0.0,0.0,0.0,0.0,0.0,0.0,0.0,0.0,0.0,0.0,0.0,0.0,0.0,0.0,0.2948208254233127,0.0,0.15869163894097468,0.0,0.0,0.0,0.0,0.0,0.0,0.0,0.0,0.0,0.0,0.0,0.0,0.0,0.0,0.0,0.0,0.0,0.0,0.0,0.22279788244765825,0.0,0.0,0.2443984373648037,0.0,0.0,0.0,0.0,0.0,0.0,0.0,0.0,0.0,0.0,0.0,0.0,0.0,0.0,0.0,0.0,0.20530726201392746,0.0,0.0,0.0,0.0,0.0,0.0,0.0,0.0,0.0,0.0,0.0,0.0,0.0,0.26125933993427025,0.0,0.0,0.0,0.0,0.0,0.0,0.0,0.0,0.35313238328694296,0.0,0.0,0.18860965236501986,0.0,0.0,0.0,0.0,0.0,0.0,0.0,0.0,0.0,0.0,0.0,0.0,0.0,0.0,0.0
3c750d7eaa45aea07cd60993c0652ff9fe04b0fee8932e117945191a3fd76914,0.0,0.0,0.0,0.0,0.0,0.0,0.0,0.0,0.0,0.0,0.0,0.0,0.13734974972612402,0.0,0.0,0.0,0.0,0.0,0.0,0.0,0.38779863561530875,0.0,0.0,0.0,0.0,0.0,0.0,0.0,0.0,0.0,0.0,0.0,0.0,0.0,0.0,0.0,0.0,0.0,0.0,0.0,0.0,0.0,0.0,0.0,0.0,0.0,0.0,0.0,0.33813356558819035,0.0,0.0,0.0,0.0,0.0,0.0,0.38369561963133986,0.0,0.0,0.0,0.0,0.1993065537566428,0.0,0.0,0.0,0.26524450315856,0.0,0.517343163196697,0.22421527198945918,0.0,0.0,0.0,0.0,0.0,0.0,0.0,0.0,0.0,0.0,0.0,0.11946130780213744,0.0,0.0,0.0,0.0,0.0,0.0,0.0,0.0,0.0,0.0,0.0,0.0,0.0,0.0,0.0,0.0,0.0,0.0,0.0,0.16771977774231603,0.0,0.0,0.18398043619209029,0.0,0.0,0.0,0.0,0.0,0.0,0.0,0.0,0.0,0.0,0.0,0.0,0.0,0.0,0.0,0.0,0.0,0.0,0.0,0.0,0.0,0.0,0.0,0.0,0.0,0.0,0.0,0.0,0.0,0.0,0.0,0.0,0.0,0.0,0.0,0.0,0.0,0.0,0.0,0.0,0.2116304992094486,0.0,0.14198325687475183,0.0,0.0,0.0,0.0,0.0,0.0,0.0,0.0,0.0,0.0,0.0,0.0,0.0,0.0,0.0
431d19c662ae3489b13f1e0949efa24cb39916a398599b0b127af0b46ca984c8,0.0,0.0,0.0,0.0,0.0,0.0,0.0,0.0,0.0,0.0,0.0,0.0,0.20245191238647967,0.0,0.0,0.0,0.0,0.0,0.0,0.0,0.0,0.0,0.0,0.0,0.0,0.0,0.0,0.0,0.0,0.0,0.0,0.0,0.0,0.0,0.0,0.0,0.0,0.0,0.0,0.0,0.0,0.0,0.0,0.0,0.0,0.0,0.0,0.0,0.0,0.0,0.0,0.0,0.0,0.0,0.0,0.0,0.0,0.0,0.0,0.0,0.0,0.0,0.0,0.0,0.0,0.0,0.0,0.0,0.0,0.0,0.0,0.0,0.0,0.0,0.0,0.1924640705793941,0.0,0.0,0.0,0.17608455981141533,0.0,0.0,0.0,0.0,0.0,0.0,0.0,0.0,0.0,0.0,0.0,0.0,0.0,0.0,0.0,0.0,0.0,0.0,0.0,0.2472169757620527,0.0,0.0,0.2711849946800663,0.0,0.0,0.0,0.0,0.0,0.0,0.0,0.0,0.0,0.0,0.0,0.0,0.0,0.25300472628463444,0.0,0.0,0.2278093483630593,0.0,0.0,0.0,0.0,0.0,0.0,0.0,0.0,0.0,0.0,0.0,0.0,0.0,0.0,0.0,0.0,0.0,0.0,0.0,0.0,0.0,0.0,0.0,0.311940861702998,0.0,0.20928164731622378,0.4330074288765946,0.46855335970404527,0.0,0.0,0.0,0.0,0.0,0.0,0.30373576325301427,0.0,0.0,0.0,0.0,0.0,0.0
2b5776c5c81b695863b32f58d2a78d4ba17267684770632edaf69546397ae946,0.0,0.0,0.0,0.0,0.0,0.0,0.0,0.0,0.0,0.0,0.16180489319248803,0.0,0.10534699054488961,0.0,0.0,0.0,0.0,0.0,0.0,0.0,0.0,0.15401417181410987,0.0,0.0,0.0,0.0,0.0,0.0,0.0,0.0,0.0,0.0,0.0,0.0,0.0,0.0,0.0,0.0,0.0,0.0,0.0,0.0,0.0,0.18239559044295267,0.0,0.0,0.0,0.0,0.0,0.0,0.0,0.0,0.3024276401039672,0.0,0.0,0.0,0.0,0.0,0.0,0.0,0.0,0.0,0.0,0.0,0.0,0.0,0.0,0.0,0.35902898307371145,0.0,0.0,0.33414906073554784,0.0,0.0,0.0,0.10014976092126288,0.21357388354827375,0.17022589974438299,0.0,0.09162659042776738,0.0,0.0,0.0,0.0,0.0,0.0,0.47803639560663613,0.0,0.0,0.0,0.0,0.0,0.0,0.0,0.0,0.0,0.0,0.0,0.0,0.12864074288626198,0.0,0.0,0.0,0.0,0.0,0.0,0.16851943640618985,0.0,0.0,0.0,0.0,0.0,0.0,0.0,0.0,0.0,0.13165243140227184,0.1217573146439594,0.13373060461212805,0.11854187488348662,0.1415018132676384,0.0,0.0,0.0,0.16630373616515354,0.0,0.0,0.0,0.0,0.0,0.0,0.0,0.2696342686200346,0.15084791294196712,0.0,0.0,0.0,0.0,0.0,0.0,0.0,0.0,0.0,0.0,0.0,0.0,0.0,0.0,0.0,0.0,0.0,0.0,0.0,0.0,0.0,0.0,0.0,0.0,0.0,0.0,0.0
2bfa0884b172c9eaff7358741c164f571f0565389ab9cf99a8e0b90ae8ad914d,0.0,0.0,0.0,0.0,0.0,0.0,0.31334769126844847,0.0,0.0,0.0,0.0,0.0,0.11776727601746377,0.0,0.0,0.0,0.3039289095674977,0.0,0.0,0.0,0.0,0.0,0.0,0.0,0.0,0.31054534460894617,0.0,0.0,0.0,0.0,0.0,0.0,0.0,0.0,0.0,0.0,0.0,0.0,0.0,0.0,0.0,0.0,0.0,0.0,0.0,0.0,0.0,0.0,0.0,0.2867651677472406,0.0,0.0,0.0,0.0,0.0,0.0,0.0,0.0,0.0,0.0,0.17089066398119315,0.31193464301983737,0.0,0.0,0.0,0.0,0.0,0.0,0.0,0.0,0.0,0.0,0.0,0.0,0.0,0.111957299173835,0.0,0.0,0.0,0.0,0.0,0.0,0.0,0.0,0.0,0.0,0.0,0.0,0.24537042662541927,0.0,0.0,0.0,0.0,0.0,0.0,0.0,0.0,0.0,0.0,0.1438073341840985,0.0,0.0,0.15774964900956223,0.0,0.0,0.0,0.0,0.0,0.0,0.0,0.0,0.0,0.0,0.0,0.23647353496851464,0.26915060348712483,0.14717409721082614,0.13611235790082035,0.1494972845819257,0.13251782159911396,0.15818470953814992,0.0,0.0,0.0,0.0,0.0,0.0,0.0,0.0,0.0,0.0,0.0,0.30142382968986464,0.0,0.0,0.0,0.0,0.0,0.0,0.0,0.0,0.0,0.0,0.18145753788273838,0.0,0.12174016651336508,0.0,0.0,0.0,0.0,0.0,0.0,0.0,0.0,0.0,0.0,0.0,0.0,0.0,0.0,0.0
2d0bd38ea59864cdcd710759abea3f670449eb4505b54c8a8d22128691deefc1,0.0,0.0,0.0,0.0,0.0,0.0,0.30838356478544604,0.0,0.0,0.0,0.0,0.0,0.11590157963609646,0.0,0.0,0.0,0.2991139975991771,0.22685672388714223,0.0,0.0,0.0,0.0,0.0,0.0,0.0,0.3056256135488386,0.0,0.0,0.0,0.0,0.0,0.0,0.0,0.0,0.0,0.0,0.0,0.0,0.0,0.0,0.0,0.0,0.0,0.0,0.0,0.0,0.0,0.0,0.0,0.2822221677402702,0.0,0.0,0.0,0.0,0.0,0.0,0.0,0.0,0.0,0.0,0.16818337462050614,0.30699290237348914,0.0,0.0,0.0,0.0,0.0,0.0,0.0,0.0,0.0,0.0,0.0,0.0,0.0,0.11018364578725835,0.0,0.0,0.0,0.0,0.0,0.0,0.0,0.0,0.0,0.0,0.0,0.0,0.24148321166613199,0.0,0.0,0.0,0.0,0.0,0.0,0.0,0.0,0.0,0.0,0.0,0.0,0.0,0.1552505426425655,0.0,0.0,0.0,0.0,0.0,0.0,0.0,0.0,0.0,0.0,0.0,0.23272726662131712,0.26488665747470036,0.14484253117752058,0.13395603449602939,0.1471289140778191,0.13041844366846128,0.15567871084179558,0.0,0.0,0.0,0.0,0.0,0.0,0.0,0.0,0.0,0.0,0.0,0.29664860377543606,0.0,0.0,0.0,0.0,0.0,0.0,0.0,0.0,0.0,0.0,0.1785828456656114,0.0,0.1198115306833459,0.0,0.0,0.0,0.0,0.0,0.0,0.0,0.0,0.0,0.0,0.0,0.0,0.0,0.0,0.0
2d7c79940727d8309cafe7c58204386db4d08c42623087e1acc36d7b8fa670e2,0.0,0.0,0.0,0.0,0.0,0.0,0.0,0.0,0.0,0.0,0.0,0.24243895295057838,0.0,0.3045930517855102,0.0,0.0,0.0,0.0,0.0,0.0,0.0,0.0,0.0,0.3109352333179141,0.32182519996708414,0.0,0.0,0.0,0.0,0.3657491941132519,0.0,0.0,0.0,0.0,0.14763211426262238,0.0,0.0,0.0,0.0,0.0,0.0,0.0,0.0,0.0,0.0,0.0,0.0,0.0,0.0,0.0,0.0,0.0,0.0,0.0,0.0,0.0,0.0,0.0,0.0,0.3076848322117647,0.0,0.0,0.0,0.0,0.0,0.0,0.0,0.0,0.0,0.0,0.0,0.0,0.0,0.0,0.0,0.08582750651854935,0.0,0.0,0.0,0.07852322077328122,0.0,0.0,0.0,0.0,0.0,0.0,0.0,0.0,0.0,0.0,0.0,0.0,0.0,0.0,0.0,0.0,0.0,0.0,0.0,0.11024403949702866,0.0,0.4279032929481838,0.12093234767699068,0.0,0.0,0.0,0.0,0.0,0.2961313105096804,0.0,0.0,0.0,0.0,0.0,0.18128281062283666,0.0,0.0,0.0,0.11460600837680196,0.10158939418020546,0.0,0.0,0.0,0.0,0.0,0.0,0.0,0.0,0.0,0.0,0.0,0.0,0.0,0.0,0.0,0.0,0.0,0.0,0.0,0.0,0.0,0.0,0.174735684123531,0.0,0.0,0.0,0.0,0.0,0.0,0.0,0.0,0.0,0.0,0.0,0.0,0.0,0.0,0.0,0.0,0.0,0.0
2d7def3cae44ef0e08b5f203a9c430c0dbbcf0098ceb2999e8c0f4b0d98c3b5f,0.0,0.0,0.0,0.0,0.0,0.0,0.2803424880214394,0.0,0.0,0.0,0.0,0.0,0.10536273949425376,0.0,0.0,0.0,0.27191579534185867,0.20622881911090615,0.0,0.0,0.0,0.0,0.0,0.0,0.0,0.2778353151374037,0.0,0.0,0.0,0.0,0.0,0.0,0.0,0.0,0.0,0.0,0.0,0.0,0.0,0.0,0.0,0.0,0.0,0.18242285784663712,0.0,0.0,0.0,0.22008772625180575,0.2593865577212293,0.0,0.0,0.0,0.0,0.0,0.0,0.0,0.0,0.0,0.0,0.0,0.15289059168168634,0.27907827745679037,0.0,0.0,0.0,0.0,0.0,0.0,0.0,0.0,0.0,0.0,0.0,0.0,0.0,0.10016473290580105,0.2136058119807815,0.1702513478284875,0.0,0.0,0.0,0.0,0.0,0.0,0.0,0.0,0.0,0.0,0.21952533177632652,0.0,0.0,0.0,0.0,0.0,0.0,0.0,0.0,0.0,0.0,0.0,0.0,0.0,0.14113373201771043,0.0,0.0,0.0,0.0,0.0,0.0,0.0,0.0,0.0,0.0,0.0,0.21156555797790702,0.24080072053063223,0.13167211290874012,0.12177551687045989,0.13375059679709297,0.11855959641473697,0.14152296721689275,0.0,0.0,0.0,0.16632859790165294,0.0,0.0,0.0,0.0,0.0,0.0,0.0,0.2696745778535625,0.0,0.0,0.0,0.0,0.0,0.0,0.0,0.0,0.0,0.0,0.16234444694443384,0.0,0.0,0.0,0.0,0.0,0.0,0.0,0.0,0.0,0.0,0.0,0.0,0.0,0.0,0.0,0.0,0.0
2f7c9af7476a81cb3a868a6fa8015f558f3fbd008e154ab9fb5dfe06c3af3ade,0.0,0.0,0.0,0.0,0.0,0.0,0.0,0.0,0.0,0.0,0.17859531221642555,0.0,0.11627879909072411,0.0,0.0,0.0,0.0,0.2275950638643195,0.0,0.0,0.0,0.16999615127938644,0.0,0.0,0.0,0.0,0.0,0.0,0.0,0.0,0.0,0.0,0.0,0.0,0.0,0.0,0.0,0.0,0.0,0.0,0.0,0.0,0.0,0.2013226966090958,0.0,0.0,0.0,0.0,0.0,0.0,0.0,0.0,0.0,0.0,0.0,0.0,0.0,0.0,0.0,0.0,0.0,0.0,0.0,0.0,0.22455310151050759,0.0,0.0,0.0,0.3962852548007624,0.0,0.40047163610950554,0.36882355441436737,0.0,0.0,0.0,0.11054225534981355,0.2357363467877454,0.18789016272828923,0.0,0.1011346393913221,0.0,0.0,0.0,0.0,0.0,0.0,0.0,0.0,0.0,0.0,0.0,0.0,0.0,0.0,0.0,0.0,0.0,0.0,0.0,0.14198973335246146,0.0,0.0,0.0,0.0,0.0,0.0,0.0,0.0,0.0,0.0,0.0,0.0,0.0,0.0,0.0,0.0,0.1453139433945863,0.13439201494112193,0.14760776767845726,0.13084291048201524,0.15618539106639012,0.0,0.0,0.0,0.18356099804621087,0.0,0.0,0.0,0.0,0.0,0.0,0.0,0.0,0.1665013311866736,0.0,0.0,0.0,0.0,0.0,0.0,0.0,0.0,0.0,0.1791640709074014,0.0,0.0,0.0,0.0,0.0,0.0,0.0,0.0,0.0,0.0,0.0,0.0,0.0,0.0,0.0,0.0,0.0
2fe7b81253f7726822e0f6ff1a3bacea73ca2356ca4dcb460493586629961ad0,0.0,0.0,0.0,0.0,0.0,0.6058324765912476,0.0,0.0,0.0,0.0,0.0,0.0,0.2179964392335414,0.0,0.0,0.0,0.0,0.0,0.0,0.0,0.0,0.0,0.0,0.0,0.0,0.0,0.0,0.0,0.0,0.0,0.0,0.0,0.0,0.0,0.0,0.0,0.0,0.0,0.0,0.0,0.0,0.0,0.0,0.0,0.0,0.0,0.0,0.45536345080052415,0.0,0.0,0.0,0.0,0.0,0.0,0.0,0.0,0.0,0.0,0.0,0.0,0.0,0.0,0.0,0.0,0.4209862582941282,0.0,0.0,0.35586618113935625,0.0,0.0,0.0,0.0,0.0,0.0,0.0,0.0,0.0,0.0,0.0,0.0,0.0,0.0,0.0,0.0,0.0,0.0,0.0,0.0,0.0,0.0,0.0,0.0,0.0,0.0,0.0,0.0,0.0,0.0,0.0,0.0,0.0,0.0,0.0,0.0,0.0,0.0,0.0,0.0,0.0,0.0,0.0,0.0,0.0,0.0,0.0,0.0,0.27243076535635846,0.0,0.0,0.0,0.0,0.0,0.0,0.0,0.0,0.0,0.0,0.0,0.0,0.0,0.0,0.0,0.0,0.0,0.0,0.0,0.0,0.0,0.0,0.0,0.0,0.0,0.0,0.0,0.0,0.0,0.0,0.0,0.0,0.0,0.0,0.0,0.0,0.0,0.0,0.0,0.0,0.0,0.0,0.0,0.0
0b94a7d15b14faeeb09254c70908120f5e5d1047859b3a063fec4e96cb50c657,0.0,0.0,0.0,0.0,0.0,0.0,0.0,0.0,0.0,0.0,0.23612570165413713,0.0,0.1537353510685959,0.0,0.0,0.0,0.0,0.0,0.0,0.0,0.0,0.2247565179689874,0.0,0.0,0.0,0.0,0.32279135569769685,0.0,0.0,0.0,0.0,0.0,0.0,0.0,0.0,0.0,0.0,0.0,0.0,0.0,0.0,0.0,0.0,0.0,0.29821177449096614,0.0,0.0,0.0,0.0,0.0,0.0,0.0,0.0,0.0,0.0,0.0,0.0,0.0,0.2968877401917873,0.0,0.0,0.0,0.0,0.0,0.2968877401917873,0.0,0.0,0.0,0.0,0.0,0.0,0.0,0.0,0.0,0.0,0.1461509111463952,0.0,0.0,0.0,0.13371284717078794,0.0,0.0,0.0,0.0,0.0,0.0,0.0,0.0,0.0,0.0,0.0,0.0,0.0,0.0,0.0,0.0,0.0,0.0,0.0,0.0,0.0,0.0,0.0,0.0,0.3502691459933083,0.0,0.0,0.0,0.0,0.0,0.0,0.0,0.0,0.0,0.0,0.0,0.0,0.17768332455574473,0.0,0.1729909573807606,0.0,0.0,0.0,0.0,0.24269096944420757,0.0,0.0,0.0,0.0,0.0,0.0,0.0,0.0,0.22013592162574866,0.0,0.0,0.0,0.0,0.0,0.0,0.0,0.0,0.29754772660118506,0.23687767293105297,0.0,0.15892162807014515,0.0,0.0,0.0,0.0,0.0,0.0,0.0,0.0,0.0,0.0,0.0,0.0,0.0,0.0,0.0
0b919795439bfca71282fc1c6991ed0df9fbcf742a5472762d7607ff4e6c929a,0.0,0.0,0.0,0.0,0.0,0.0,0.0,0.0,0.0,0.0,0.0,0.0,0.38936410980401875,0.0,0.0,0.0,0.0,0.0,0.0,0.0,0.0,0.0,0.0,0.0,0.0,0.0,0.0,0.0,0.0,0.0,0.0,0.0,0.0,0.0,0.0,0.0,0.0,0.0,0.0,0.0,0.0,0.0,0.0,0.0,0.0,0.0,0.0,0.0,0.0,0.0,0.0,0.0,0.0,0.0,0.0,0.0,0.0,0.0,0.0,0.0,0.0,0.0,0.0,0.0,0.0,0.0,0.0,0.0,0.0,0.0,0.0,0.0,0.0,0.0,0.0,0.3701550685643622,0.0,0.0,0.0,0.3386532983216361,0.0,0.0,0.0,0.0,0.0,0.0,0.0,0.0,0.0,0.0,0.0,0.0,0.0,0.0,0.0,0.0,0.0,0.0,0.0,0.0,0.0,0.0,0.0,0.0,0.0,0.0,0.0,0.0,0.0,0.0,0.0,0.0,0.0,0.0,0.0,0.0,0.48658942691521334,0.0,0.0,0.0,0.0,0.0,0.0,0.0,0.0,0.0,0.0,0.0,0.0,0.0,0.0,0.0,0.0,0.0,0.0,0.0,0.0,0.0,0.0,0.0,0.0,0.0,0.0,0.599937903755745,0.0,0.0,0.0,0.0,0.0,0.0,0.0,0.0,0.0,0.0,0.0,0.0,0.0,0.0,0.0,0.0,0.0
0d1a8fa865a99957b63339c67aa5aabc66e0001bdb4bd5f0c727f40dff2ea576,0.0,0.22469141219171768,0.0,0.0,0.0,0.0,0.0,0.0,0.0,0.0,0.16135503707265197,0.28210884148395093,0.10505410083390569,0.0,0.0,0.0,0.0,0.0,0.0,0.0,0.0,0.15358597575424388,0.0,0.0,0.0,0.0,0.0,0.0,0.0,0.0,0.0,0.0,0.0,0.0,0.0,0.0,0.0,0.0,0.0,0.0,0.0,0.3033219083252632,0.0,0.18188848728325857,0.2037811707552764,0.0,0.0,0.0,0.0,0.0,0.0,0.0,0.0,0.0,0.0,0.2934755861925822,0.3233737246716841,0.0,0.0,0.0,0.0,0.0,0.0,0.0,0.0,0.0,0.0,0.0,0.0,0.0,0.0,0.0,0.0,0.0,0.0,0.09987132074580445,0.0,0.0,0.0,0.09137184669517452,0.0,0.0,0.0,0.0,0.0,0.0,0.0,0.0,0.0,0.0,0.0,0.0,0.0,0.0,0.0,0.0,0.0,0.0,0.0,0.12828309099882,0.0,0.0,0.14072030952899237,0.0,0.0,0.0,0.16805091225785979,0.0,0.0,0.0,0.0,0.0,0.0,0.3050988107509236,0.0,0.0,0.13128640630383956,0.12141880032559309,0.1333588016974747,0.1182123002530721,0.14110840454302942,0.0,0.0,0.0,0.16584137219092873,0.0,0.19087012075552268,0.0,0.0,0.0,0.0,0.0,0.0,0.0,0.0,0.0,0.0,0.0,0.0,0.0,0.0,0.0,0.20332739773894215,0.0,0.0,0.1085981111300816,0.22469141219171768,0.0,0.0,0.0,0.0,0.0,0.0,0.0,0.15761119331257264,0.0,0.0,0.0,0.0,0.0,0.0
af56dead22b6e7c4b7da2ba58d1fd896a71fe52cd96a958abb856a2ae7bc17f7,0.0,0.0,0.0,0.0,0.0,0.0,0.0,0.0,0.0,0.0,0.0,0.0,0.1982464382983449,0.0,0.0,0.0,0.0,0.0,0.0,0.0,0.0,0.0,0.0,0.0,0.0,0.0,0.0,0.0,0.0,0.0,0.0,0.0,0.0,0.0,0.0,0.0,0.0,0.0,0.0,0.0,0.0,0.0,0.0,0.3432397639421043,0.0,0.0,0.0,0.4141085174136081,0.0,0.0,0.0,0.0,0.0,0.0,0.0,0.0,0.0,0.0,0.0,0.0,0.0,0.0,0.0,0.0,0.3828458234124991,0.0,0.0,0.32362548291961357,0.0,0.0,0.0,0.0,0.0,0.0,0.0,0.0,0.0,0.0,0.0,0.1724268069906177,0.0,0.0,0.0,0.0,0.0,0.0,0.0,0.0,0.0,0.0,0.0,0.0,0.0,0.0,0.0,0.0,0.0,0.0,0.0,0.0,0.0,0.0,0.0,0.0,0.0,0.0,0.0,0.0,0.0,0.0,0.0,0.0,0.0,0.0,0.0,0.0,0.24774913344768223,0.0,0.2516599280028003,0.22307713170833685,0.0,0.0,0.0,0.0,0.0,0.0,0.0,0.0,0.0,0.0,0.0,0.0,0.0,0.2838720053682111,0.0,0.0,0.0,0.0,0.0,0.0,0.0,0.0,0.0,0.3054610058426194,0.0,0.20493430115122252,0.0,0.0,0.0,0.0,0.0,0.0,0.0,0.0,0.0,0.0,0.0,0.0,0.0,0.0,0.0
0dc042f00f5f3740477d5f1167f160f9f1744dd191784ba2dac06f10a8139551,0.0,0.0,0.0,0.0,0.0,0.0,0.0,0.0,0.0,0.0,0.0,0.0,0.0,0.0,0.0,0.0,0.0,0.0,0.0,0.0,0.0,0.0,0.0,0.0,0.0,0.0,0.38309175487243335,0.0,0.0,0.0,0.0,0.0,0.0,0.0,0.0,0.0,0.0,0.0,0.0,0.0,0.0,0.0,0.33417909049267,0.0,0.3539204814405187,0.0,0.0,0.0,0.0,0.0,0.0,0.0,0.0,0.0,0.0,0.0,0.0,0.0,0.35234910533570524,0.0,0.0,0.0,0.0,0.0,0.0,0.0,0.0,0.0,0.0,0.0,0.0,0.0,0.0,0.0,0.0,0.0,0.0,0.2948208254233127,0.0,0.15869163894097468,0.0,0.0,0.0,0.0,0.0,0.0,0.0,0.0,0.0,0.0,0.0,0.0,0.0,0.0,0.0,0.0,0.0,0.0,0.0,0.22279788244765825,0.0,0.0,0.2443984373648037,0.0,0.0,0.0,0.0,0.0,0.0,0.0,0.0,0.0,0.0,0.0,0.0,0.0,0.0,0.0,0.0,0.20530726201392746,0.0,0.0,0.0,0.0,0.0,0.0,0.0,0.0,0.0,0.0,0.0,0.0,0.0,0.26125933993427025,0.0,0.0,0.0,0.0,0.0,0.0,0.0,0.0,0.35313238328694296,0.0,0.0,0.18860965236501986,0.0,0.0,0.0,0.0,0.0,0.0,0.0,0.0,0.0,0.0,0.0,0.0,0.0,0.0,0.0
0e4886f231c7c1418fc0231131283c030d6afc8098bab28204b322bf642bda7c,0.0,0.0,0.0,0.0,0.0,0.0,0.3053406657121851,0.0,0.0,0.0,0.0,0.0,0.1147579492694473,0.0,0.0,0.0,0.29616256370312255,0.22461827088994873,0.0,0.0,0.0,0.0,0.0,0.0,0.0,0.3026099278819335,0.0,0.0,0.0,0.0,0.0,0.0,0.0,0.0,0.0,0.0,0.0,0.0,0.0,0.0,0.0,0.0,0.0,0.0,0.0,0.0,0.0,0.0,0.0,0.2794374098259889,0.0,0.0,0.0,0.0,0.0,0.0,0.0,0.0,0.0,0.0,0.1665238664845045,0.3039637253199717,0.0,0.0,0.0,0.0,0.0,0.0,0.0,0.0,0.0,0.0,0.0,0.0,0.0,0.10909643572829225,0.0,0.0,0.0,0.0,0.0,0.0,0.0,0.0,0.0,0.0,0.0,0.0,0.23910043539367343,0.0,0.0,0.0,0.0,0.0,0.0,0.0,0.0,0.0,0.0,0.1401326015083,0.0,0.0,0.15371864604924673,0.0,0.0,0.0,0.0,0.0,0.0,0.0,0.0,0.0,0.0,0.0,0.2304308874857518,0.26227295344961804,0.14341333308067813,0.13263425623100003,0.14567715565934192,0.12913157171193856,0.15414258940394743,0.0,0.0,0.0,0.0,0.0,0.0,0.0,0.0,0.0,0.0,0.0,0.2937214965473305,0.0,0.0,0.0,0.0,0.0,0.0,0.0,0.0,0.0,0.0,0.1768207233036293,0.0,0.11862931983519004,0.0,0.0,0.0,0.0,0.0,0.0,0.0,0.0,0.0,0.0,0.0,0.0,0.0,0.0,0.0
25114e6e448a0ccb8edd598018fc9bdaf2649d66f199577f0d781e7683660717,0.0,0.0,0.0,0.0,0.0,0.0,0.0,0.0,0.0,0.0,0.198492057416482,0.0,0.12923305645036332,0.0,0.0,0.0,0.0,0.0,0.0,0.0,0.0,0.18893489085222231,0.0,0.0,0.0,0.0,0.0,0.0,0.0,0.0,0.0,0.0,0.0,0.0,0.0,0.0,0.0,0.0,0.0,0.0,0.0,0.0,0.23669998777548792,0.22375142862735445,0.0,0.0,0.0,0.0,0.0,0.0,0.0,0.0,0.0,0.0,0.0,0.0,0.0,0.0,0.0,0.0,0.0,0.0,0.0,0.0,0.0,0.0,0.0,0.0,0.44043415570671257,0.0,0.44508692866469124,0.4099130331632217,0.0,0.0,0.0,0.12285742231158406,0.0,0.0,0.0,0.11240173328027166,0.0,0.0,0.0,0.0,0.0,0.0,0.0,0.0,0.0,0.0,0.0,0.0,0.0,0.0,0.0,0.0,0.0,0.0,0.0,0.0,0.0,0.0,0.0,0.0,0.0,0.0,0.0,0.0,0.0,0.0,0.0,0.0,0.0,0.0,0.0,0.0,0.161502915377422,0.1493642090318902,0.0,0.1454197099443643,0.1735855170352806,0.0,0.0,0.0,0.20401095477501696,0.0,0.23480024953319156,0.0,0.0,0.0,0.0,0.0,0.0,0.0,0.0,0.0,0.0,0.0,0.0,0.0,0.0,0.0,0.0,0.0,0.0,0.1335927461629095,0.0,0.0,0.0,0.0,0.0,0.0,0.0,0.0,0.0,0.0,0.0,0.0,0.0,0.0,0.0
1af648b66de630a3356319ff862160ffd6af17ede24c6f3645f86d6bfd490168,0.0,0.0,0.0,0.0,0.0,0.0,0.0,0.0,0.0,0.0,0.0,0.4181678817133951,0.0,0.0,0.0,0.0,0.0,0.0,0.0,0.0,0.0,0.0,0.0,0.0,0.0,0.0,0.0,0.0,0.0,0.0,0.0,0.0,0.0,0.0,0.0,0.0,0.0,0.0,0.0,0.0,0.0,0.0,0.2852145027705619,0.2696119803803493,0.0,0.0,0.0,0.0,0.0,0.0,0.0,0.0,0.0,0.0,0.0,0.0,0.0,0.0,0.0,0.0,0.0,0.0,0.0,0.0,0.0,0.0,0.0,0.0,0.0,0.0,0.0,0.0,0.0,0.0,0.46646069916214045,0.148038531584158,0.0,0.25162308930085847,0.0,0.13543982308309147,0.0,0.0,0.0,0.0,0.0,0.0,0.0,0.0,0.0,0.0,0.0,0.0,0.0,0.0,0.0,0.0,0.0,0.0,0.0,0.0,0.0,0.0,0.0,0.0,0.0,0.0,0.0,0.0,0.0,0.0,0.0,0.0,0.0,0.45224574576918336,0.0,0.0,0.0,0.0,0.19767678077839412,0.1752252319681629,0.0,0.0,0.0,0.0,0.0,0.0,0.0,0.0,0.0,0.0,0.0,0.0,0.0,0.22297909969071666,0.0,0.0,0.0,0.0,0.0,0.0,0.0,0.0,0.0,0.0,0.0,0.16097418943151268,0.0,0.0,0.0,0.0,0.0,0.0,0.0,0.0,0.0,0.0,0.0,0.0,0.0,0.0,0.0
1c8a8199bc8cee2c76b1274dd751f6e61009c6685a3a2ddf2c859dcc99473c66,0.0,0.0,0.0,0.0,0.0,0.0,0.0,0.0,0.0,0.0,0.26785794802466045,0.0,0.17439539782247754,0.0,0.0,0.0,0.0,0.0,0.0,0.0,0.0,0.25496089280667206,0.0,0.0,0.0,0.0,0.0,0.0,0.0,0.0,0.0,0.0,0.0,0.0,0.28517874089066914,0.0,0.0,0.0,0.0,0.0,0.0,0.0,0.0,0.30194456805873576,0.0,0.0,0.0,0.3642870976947356,0.0,0.0,0.0,0.0,0.0,0.0,0.0,0.0,0.0,0.0,0.0,0.0,0.0,0.0,0.0,0.0,0.0,0.0,0.0,0.0,0.0,0.0,0.0,0.0,0.0,0.0,0.0,0.16579170707536567,0.3535582952416813,0.28179840118888855,0.0,0.1516821278530852,0.0,0.0,0.0,0.0,0.0,0.0,0.0,0.0,0.0,0.0,0.0,0.0,0.0,0.0,0.0,0.0,0.0,0.0,0.0,0.0,0.0,0.0,0.23360320222825912,0.0,0.0,0.0,0.0,0.0,0.0,0.0,0.0,0.0,0.0,0.0,0.0,0.0,0.21794242085076254,0.0,0.0,0.0,0.0,0.0,0.0,0.0,0.27530550306064927,0.0,0.0,0.0,0.0,0.0,0.0,0.0,0.0,0.2497193479579752,0.0,0.0,0.0,0.0,0.0,0.0,0.0,0.0,0.0,0.0,0.0,0.18027864350810505,0.0,0.0,0.0,0.0,0.0,0.0,0.0,0.0,0.0,0.0,0.0,0.0,0.0,0.0,0.0
1c55d4144572be0ee5f5f95d9ce655549a7d0f55c74d576f649a85c323b31a63,0.0,0.0,0.3406135258462172,0.0,0.3758147550481935,0.0,0.0,0.0,0.0,0.0,0.0,0.0,0.0,0.0,0.0,0.0,0.0,0.0,0.0,0.0,0.0,0.0,0.0,0.0,0.0,0.0,0.0,0.0,0.0,0.0,0.0,0.0,0.0,0.0,0.0,0.0,0.0,0.0,0.0,0.0,0.0,0.0,0.2476824848606283,0.0,0.0,0.0,0.0,0.0,0.0,0.0,0.0,0.0,0.0,0.0,0.0,0.0,0.0,0.0,0.0,0.0,0.0,0.0,0.0,0.0,0.0,0.0,0.0,0.0,0.0,0.0,0.0,0.0,0.0,0.0,0.0,0.0,0.0,0.0,0.0,0.0,0.0,0.0,0.0,0.0,0.0,0.0,0.0,0.0,0.0,0.0,0.0,0.0,0.0,0.0,0.0,0.0,0.0,0.0,0.0,0.16513041873735237,0.0,0.0,0.1811400353425074,0.0,0.0,0.0,0.0,0.0,0.0,0.6136341287146638,0.0,0.0,0.0,0.0,0.0,0.0,0.16899638977107762,0.0,0.0,0.0,0.0,0.0,0.29650440288947233,0.0,0.0,0.0,0.0,0.0,0.0,0.0,0.0,0.0,0.0,0.0,0.0,0.0,0.0,0.0,0.0,0.0,0.0,0.0,0.0,0.0,0.0,0.0,0.0,0.0,0.0,0.0,0.0,0.0,0.0,0.0,0.0,0.0,0.0,0.358186865174836,0.0,0.0,0.0
1cb6f41ae09b700eb04f034abd2fb8c727383d671ba11f14309dd2b49d32d54c,0.0,0.0,0.0,0.0,0.0,0.0,0.0,0.0,0.0,0.0,0.2740270052795421,0.0,0.1784119118071799,0.0,0.0,0.0,0.0,0.0,0.0,0.0,0.0,0.2608329169787355,0.0,0.0,0.0,0.0,0.0,0.0,0.0,0.0,0.0,0.0,0.0,0.0,0.0,0.0,0.0,0.0,0.0,0.0,0.0,0.0,0.3267747316645794,0.3088986769134163,0.0,0.0,0.0,0.0,0.0,0.0,0.0,0.0,0.0,0.0,0.0,0.0,0.0,0.0,0.0,0.0,0.0,0.0,0.0,0.0,0.0,0.0,0.0,0.0,0.0,0.0,0.0,0.0,0.0,0.0,0.0,0.16961006878863594,0.3617011238654692,0.2882885221059215,0.0,0.155175530748794,0.0,0.0,0.0,0.0,0.0,0.0,0.0,0.0,0.0,0.0,0.0,0.0,0.0,0.0,0.0,0.0,0.0,0.0,0.0,0.0,0.0,0.0,0.0,0.0,0.0,0.0,0.0,0.0,0.0,0.0,0.0,0.0,0.0,0.0,0.0,0.0,0.22296186971315768,0.20620385233388067,0.0,0.0,0.0,0.0,0.0,0.0,0.2816460855353899,0.0,0.0,0.0,0.0,0.0,0.0,0.0,0.0,0.25547065370255084,0.0,0.0,0.0,0.0,0.0,0.0,0.0,0.0,0.34530807903193844,0.0,0.0,0.0,0.0,0.0,0.0,0.0,0.0,0.0,0.0,0.0,0.0,0.0,0.0,0.0,0.0,0.0,0.0
01ce496e53ddf9dacd4f7781f7162d20f4dcaf5095a3c42a4325039fe0d146d0,0.0,0.0,0.0,0.0,0.0,0.0,0.0,0.0,0.0,0.0,0.0,0.0,0.0,0.0,0.0,0.0,0.0,0.0,0.0,0.0,0.0,0.0,0.0,0.0,0.0,0.0,0.38309175487243335,0.0,0.0,0.0,0.0,0.0,0.0,0.0,0.0,0.0,0.0,0.0,0.0,0.0,0.0,0.0,0.33417909049267,0.0,0.3539204814405187,0.0,0.0,0.0,0.0,0.0,0.0,0.0,0.0,0.0,0.0,0.0,0.0,0.0,0.35234910533570524,0.0,0.0,0.0,0.0,0.0,0.0,0.0,0.0,0.0,0.0,0.0,0.0,0.0,0.0,0.0,0.0,0.0,0.0,0.2948208254233127,0.0,0.15869163894097468,0.0,0.0,0.0,0.0,0.0,0.0,0.0,0.0,0.0,0.0,0.0,0.0,0.0,0.0,0.0,0.0,0.0,0.0,0.0,0.22279788244765825,0.0,0.0,0.2443984373648037,0.0,0.0,0.0,0.0,0.0,0.0,0.0,0.0,0.0,0.0,0.0,0.0,0.0,0.0,0.0,0.0,0.20530726201392746,0.0,0.0,0.0,0.0,0.0,0.0,0.0,0.0,0.0,0.0,0.0,0.0,0.0,0.26125933993427025,0.0,0.0,0.0,0.0,0.0,0.0,0.0,0.0,0.35313238328694296,0.0,0.0,0.18860965236501986,0.0,0.0,0.0,0.0,0.0,0.0,0.0,0.0,0.0,0.0,0.0,0.0,0.0,0.0,0.0
2d4454d610ae48bf9ffbb7bafcf80140a286898a7ffda39113da1820575a892f,0.0,0.0,0.0,0.0,0.0,0.0,0.0,0.0,0.0,0.0,0.24166849732508608,0.0,0.15734412229682487,0.0,0.0,0.0,0.0,0.0,0.0,0.0,0.0,0.23003243433933154,0.0,0.0,0.0,0.0,0.33036853393982485,0.0,0.0,0.0,0.0,0.0,0.0,0.0,0.0,0.0,0.0,0.0,0.0,0.0,0.0,0.0,0.28818750285077405,0.0,0.30521197362682995,0.0,0.0,0.0,0.0,0.0,0.0,0.0,0.0,0.0,0.0,0.0,0.0,0.0,0.30385685905333004,0.0,0.0,0.0,0.0,0.0,0.0,0.0,0.0,0.0,0.0,0.0,0.0,0.0,0.0,0.0,0.0,0.1495816458437728,0.0,0.2542459414258659,0.0,0.13685161175785557,0.0,0.0,0.0,0.0,0.0,0.0,0.0,0.0,0.0,0.0,0.0,0.0,0.0,0.0,0.0,0.0,0.0,0.0,0.0,0.0,0.0,0.0,0.0,0.0,0.35849133566803687,0.0,0.0,0.0,0.0,0.0,0.0,0.0,0.0,0.0,0.0,0.0,0.0,0.0,0.0,0.17705173315809575,0.0,0.0,0.0,0.0,0.24838787768160098,0.0,0.2858745292622972,0.0,0.0,0.0,0.0,0.0,0.0,0.2253033744903029,0.0,0.0,0.0,0.0,0.0,0.0,0.0,0.0,0.0,0.0,0.0,0.16265214154630034,0.0,0.0,0.0,0.0,0.0,0.0,0.0,0.0,0.0,0.0,0.0,0.0,0.0,0.0,0.0
1df11bc19aa52b623bdf15380e3fded56d8eb6fb7b53a2240779864b1a6474ad,0.0,0.0,0.0,0.0,0.0,0.0,0.0,0.0,0.0,0.0,0.0,0.0,0.41354997566898016,0.0,0.0,0.0,0.0,0.0,0.0,0.0,0.0,0.0,0.0,0.0,0.0,0.0,0.0,0.0,0.0,0.0,0.0,0.0,0.0,0.0,0.0,0.0,0.0,0.0,0.0,0.0,0.0,0.0,0.0,0.0,0.0,0.0,0.0,0.0,0.0,0.0,0.0,0.0,0.0,0.0,0.0,0.0,0.0,0.0,0.0,0.0,0.0,0.0,0.0,0.0,0.0,0.0,0.0,0.0,0.0,0.0,0.0,0.0,0.0,0.0,0.0,0.0,0.0,0.0,0.0,0.0,0.0,0.0,0.0,0.0,0.0,0.0,0.0,0.0,0.0,0.0,0.0,0.0,0.0,0.0,0.0,0.0,0.0,0.0,0.0,0.5049918921792482,0.0,0.0,0.5539515365883179,0.0,0.0,0.0,0.0,0.0,0.0,0.0,0.0,0.0,0.0,0.0,0.0,0.0,0.5168145717458535,0.0,0.0,0.0,0.0,0.0,0.0,0.0,0.0,0.0,0.0,0.0,0.0,0.0,0.0,0.0,0.0,0.0,0.0,0.0,0.0,0.0,0.0,0.0,0.0,0.0,0.0,0.0,0.0,0.0,0.0,0.0,0.0,0.0,0.0,0.0,0.0,0.0,0.0,0.0,0.0,0.0,0.0,0.0,0.0
d4b90392cc143ffe8cc6ec13a76f46280ebd1568c4426c5f7779abdc8f1804f6,0.0,0.0,0.0,0.0,0.0,0.0,0.0,0.0,0.0,0.0,0.0,0.0,0.2763385336960651,0.0,0.0,0.0,0.0,0.0,0.0,0.0,0.0,0.0,0.0,0.0,0.0,0.0,0.0,0.0,0.0,0.0,0.0,0.0,0.0,0.0,0.0,0.0,0.0,0.0,0.0,0.0,0.0,0.0,0.0,0.0,0.0,0.0,0.0,0.0,0.0,0.0,0.0,0.0,0.0,0.0,0.0,0.0,0.0,0.0,0.0,0.0,0.0,0.0,0.0,0.0,0.0,0.0,0.0,0.45110616959534844,0.0,0.0,0.0,0.0,0.0,0.0,0.0,0.0,0.0,0.0,0.0,0.2403481819026431,0.0,0.0,0.0,0.0,0.0,0.0,0.0,0.0,0.0,0.0,0.0,0.0,0.0,0.0,0.0,0.0,0.0,0.0,0.0,0.0,0.0,0.0,0.0,0.0,0.0,0.0,0.0,0.0,0.0,0.0,0.0,0.0,0.0,0.0,0.0,0.0,0.0,0.0,0.3507923576901494,0.3109503908697483,0.0,0.0,0.0,0.0,0.0,0.0,0.0,0.0,0.0,0.0,0.0,0.0,0.0,0.3956932310822145,0.0,0.0,0.0,0.0,0.0,0.0,0.0,0.0,0.5348405679112885,0.0,0.0,0.0,0.0,0.0,0.0,0.0,0.0,0.0,0.0,0.0,0.0,0.0,0.0,0.0,0.0,0.0,0.0
cf2378fb5bcedd02d512f65f2c1ad71ff2ad5d1aeb7dcba90e1193b91a78115e,0.0,0.0,0.0,0.0,0.0,0.0,0.0,0.0,0.0,0.0,0.0,0.0,0.0,0.0,0.0,0.0,0.0,0.0,0.0,0.0,0.0,0.0,0.0,0.0,0.0,0.0,0.38309175487243335,0.0,0.0,0.0,0.0,0.0,0.0,0.0,0.0,0.0,0.0,0.0,0.0,0.0,0.0,0.0,0.33417909049267,0.0,0.3539204814405187,0.0,0.0,0.0,0.0,0.0,0.0,0.0,0.0,0.0,0.0,0.0,0.0,0.0,0.35234910533570524,0.0,0.0,0.0,0.0,0.0,0.0,0.0,0.0,0.0,0.0,0.0,0.0,0.0,0.0,0.0,0.0,0.0,0.0,0.2948208254233127,0.0,0.15869163894097468,0.0,0.0,0.0,0.0,0.0,0.0,0.0,0.0,0.0,0.0,0.0,0.0,0.0,0.0,0.0,0.0,0.0,0.0,0.0,0.22279788244765825,0.0,0.0,0.2443984373648037,0.0,0.0,0.0,0.0,0.0,0.0,0.0,0.0,0.0,0.0,0.0,0.0,0.0,0.0,0.0,0.0,0.20530726201392746,0.0,0.0,0.0,0.0,0.0,0.0,0.0,0.0,0.0,0.0,0.0,0.0,0.0,0.26125933993427025,0.0,0.0,0.0,0.0,0.0,0.0,0.0,0.0,0.35313238328694296,0.0,0.0,0.18860965236501986,0.0,0.0,0.0,0.0,0.0,0.0,0.0,0.0,0.0,0.0,0.0,0.0,0.0,0.0,0.0
b5466ce462df16b3a29f22192b1291d70479cacf35bd5e937f35b2567da948fe,0.0,0.2587617959881415,0.0,0.0,0.0,0.0,0.0,0.0,0.0,0.0,0.0,0.0,0.12098365283540985,0.0,0.0,0.0,0.0,0.0,0.0,0.0,0.3415899599007745,0.0,0.0,0.0,0.0,0.0,0.0,0.0,0.0,0.0,0.0,0.0,0.0,0.0,0.0,0.0,0.0,0.0,0.0,0.0,0.0,0.0,0.0,0.0,0.0,0.0,0.0,0.2527175849260769,0.0,0.0,0.0,0.0,0.0,0.0,0.0,0.0,0.0,0.0,0.0,0.0,0.0,0.0,0.0,0.0,0.0,0.0,0.0,0.0,0.0,0.0,0.0,0.0,0.0,0.0,0.0,0.0,0.0,0.0,0.0,0.10522673262395388,0.0,0.0,0.0,0.0,0.0,0.0,0.0,0.0,0.0,0.0,0.0,0.0,0.0,0.0,0.0,0.0,0.0,0.0,0.0,0.1477348987127352,0.0,0.0,0.0,0.0,0.0,0.0,0.0,0.0,0.0,0.0,0.0,0.0,0.0,0.0,0.0,0.0,0.0,0.13982976266208236,0.0,0.1361370549190126,0.0,0.3751035585932993,0.26526940501754925,0.0,0.0,0.0,0.0,0.0,0.0,0.0,0.5734210205917719,0.0,0.0,0.0,0.0,0.0,0.0,0.0,0.0,0.0,0.0,0.0,0.0,0.0,0.0,0.12506504811569083,0.0,0.280003761570221,0.0,0.0,0.0,0.0,0.0,0.0,0.18151007664946606,0.0,0.0,0.0,0.0,0.0,0.0
1e899e9715679dacd49bcc56039ca51d3dad675c5d3525148bc94d1864304178,0.0,0.0,0.0,0.0,0.0,0.0,0.0,0.0,0.0,0.0,0.24589749511267295,0.0,0.16009751362605543,0.0,0.0,0.0,0.0,0.0,0.0,0.0,0.0,0.23405781069852521,0.0,0.0,0.0,0.0,0.0,0.0,0.0,0.0,0.0,0.0,0.0,0.0,0.0,0.0,0.0,0.0,0.0,0.0,0.0,0.0,0.0,0.2771895084542554,0.0,0.0,0.0,0.334420858091372,0.0,0.0,0.0,0.0,0.0,0.0,0.0,0.0,0.0,0.0,0.0,0.0,0.0,0.0,0.0,0.0,0.0,0.0,0.0,0.0,0.0,0.0,0.0,0.0,0.0,0.0,0.47957072134397605,0.1521992002885542,0.3245716612755961,0.2586950340287242,0.0,0.13924640118948411,0.0,0.0,0.0,0.0,0.0,0.0,0.0,0.0,0.0,0.0,0.0,0.0,0.0,0.0,0.0,0.0,0.0,0.0,0.0,0.0,0.0,0.0,0.0,0.0,0.36476463600378495,0.0,0.0,0.0,0.0,0.0,0.0,0.0,0.0,0.0,0.0,0.0,0.20007431461791297,0.0,0.0,0.0,0.0,0.0,0.0,0.0,0.0,0.0,0.0,0.0,0.0,0.0,0.0,0.0,0.0,0.2292459962337305,0.0,0.0,0.0,0.0,0.0,0.0,0.0,0.0,0.0,0.0,0.0,0.0,0.0,0.0,0.0,0.0,0.0,0.0,0.0,0.0,0.0,0.0,0.0,0.0,0.0,0.0,0.0
1f80be7f5556f97ce097e588b184ac44c66b72b05a96d833929818774bbaaaa2,0.0,0.0,0.0,0.0,0.0,0.0,0.0,0.0,0.0,0.0,0.0,0.0,0.10714174401092905,0.0,0.0,0.0,0.0,0.20971090397722575,0.0,0.0,0.0,0.0,0.0,0.3690030328418262,0.0,0.0,0.0,0.0,0.0,0.43405361446848956,0.0,0.0,0.0,0.0,0.0,0.0,0.0,0.0,0.0,0.0,0.0,0.0,0.19623810032978653,0.18550298930118878,0.0,0.0,0.0,0.2238038128014357,0.0,0.0,0.0,0.0,0.0,0.0,0.0,0.0,0.0,0.0,0.0,0.0,0.0,0.0,0.0,0.0,0.0,0.0,0.0,0.0,0.0,0.0,0.0,0.0,0.0,0.0,0.0,0.10185597131803607,0.217212454197242,0.17312596857402585,0.0,0.09318759506492917,0.0,0.0,0.0,0.0,0.0,0.0,0.0,0.0,0.0,0.0,0.0,0.0,0.0,0.0,0.0,0.0,0.0,0.0,0.0,0.13083234245616737,0.0,0.0,0.1435167143501738,0.0,0.0,0.0,0.0,0.0,0.0,0.0,0.0,0.0,0.0,0.0,0.0,0.0,0.13389533987407168,0.0,0.0,0.12056142418164427,0.14391252161819867,0.0,0.0,0.0,0.16913698470271413,0.0,0.0,0.0,0.2977569190976925,0.0,0.0,0.0,0.0,0.0,0.0,0.0,0.0,0.0,0.0,0.0,0.0,0.0,0.20736793543544507,0.0,0.0,0.0,0.0,0.0,0.38678022712782956,0.0,0.0,0.0,0.0,0.0,0.0,0.0,0.0,0.0,0.0,0.0,0.0
1ffd6559d21470c40dcf9236da51e5823d7ad58c93502279871c3fe7718c901c,0.0,0.0,0.0,0.0,0.0,0.0,0.0,0.0,0.0,0.0,0.24281613213266476,0.0,0.15809131770505735,0.0,0.0,0.0,0.0,0.0,0.0,0.0,0.0,0.23112481183760664,0.0,0.0,0.0,0.0,0.0,0.0,0.0,0.0,0.0,0.0,0.0,0.0,0.0,0.0,0.0,0.0,0.0,0.0,0.0,0.0,0.0,0.2737160225230293,0.0,0.0,0.0,0.0,0.0,0.0,0.0,0.0,0.0,0.0,0.0,0.0,0.0,0.0,0.3052998138109046,0.0,0.0,0.0,0.0,0.0,0.0,0.0,0.0,0.2580746442501125,0.0,0.0,0.0,0.0,0.0,0.0,0.0,0.15029197882157214,0.0,0.0,0.0,0.13750149237889195,0.0,0.0,0.0,0.0,0.0,0.0,0.0,0.0,0.0,0.0,0.0,0.0,0.0,0.0,0.0,0.0,0.0,0.0,0.0,0.0,0.0,0.0,0.0,0.0,0.0,0.0,0.0,0.0,0.0,0.0,0.0,0.0,0.0,0.0,0.0,0.0,0.0,0.0,0.20068582302421478,0.1778925160237294,0.21234786111525142,0.0,0.0,0.0,0.0,0.0,0.0,0.0,0.0,0.0,0.0,0.0,0.0,0.22637329463997882,0.0,0.0,0.0,0.49755435685913274,0.0,0.0,0.0,0.0,0.0,0.0,0.0,0.0,0.33812827056185096,0.0,0.0,0.0,0.0,0.0,0.0,0.0,0.2371821855411979,0.0,0.0,0.0,0.0,0.0,0.0
3d7cf20ca6476e14e0a026f9bdd8ff1f26995cdc5854c3adb41a6135ef11ba83,0.0,0.0,0.0,0.0,0.0,0.6204608927377608,0.0,0.0,0.0,0.0,0.34291049731626966,0.0,0.2232601759178293,0.0,0.0,0.0,0.0,0.0,0.0,0.0,0.0,0.0,0.0,0.0,0.0,0.0,0.0,0.0,0.0,0.0,0.0,0.0,0.0,0.0,0.3650844956590342,0.0,0.0,0.0,0.0,0.0,0.0,0.0,0.0,0.0,0.0,0.0,0.0,0.0,0.0,0.0,0.0,0.0,0.0,0.0,0.0,0.0,0.0,0.0,0.0,0.0,0.0,0.0,0.0,0.0,0.0,0.0,0.0,0.0,0.0,0.0,0.0,0.0,0.0,0.0,0.0,0.0,0.0,0.0,0.0,0.0,0.0,0.0,0.0,0.0,0.0,0.0,0.0,0.0,0.0,0.0,0.0,0.0,0.0,0.0,0.0,0.0,0.0,0.0,0.0,0.27262624910722066,0.0,0.0,0.0,0.0,0.0,0.0,0.0,0.0,0.0,0.0,0.0,0.0,0.0,0.0,0.0,0.0,0.0,0.0,0.0,0.0,0.0,0.0,0.0,0.0,0.0,0.0,0.0,0.0,0.0,0.0,0.0,0.0,0.0,0.0,0.0,0.0,0.0,0.0,0.0,0.0,0.0,0.0,0.4321098389093982,0.0,0.0,0.23079187963903675,0.0,0.0,0.0,0.0,0.0,0.0,0.0,0.0,0.0,0.0,0.0,0.0,0.0,0.0,0.0
3d87eae0bb5ada94d67ea6faa486c6c3531dae62fc06f24877609c9dbba25ee2,0.0,0.0,0.0,0.0,0.0,0.0,0.0,0.0,0.0,0.0,0.0,0.35705115375022006,0.1329617594104079,0.44858839407084433,0.0,0.0,0.0,0.0,0.0,0.0,0.0,0.0,0.0,0.45792882062308976,0.0,0.0,0.0,0.0,0.0,0.0,0.0,0.0,0.0,0.0,0.21742470047211893,0.0,0.0,0.0,0.0,0.0,0.0,0.0,0.0,0.0,0.0,0.0,0.0,0.0,0.0,0.0,0.0,0.0,0.0,0.0,0.0,0.0,0.0,0.0,0.0,0.0,0.0,0.0,0.0,0.0,0.0,0.0,0.0,0.0,0.0,0.0,0.0,0.0,0.0,0.0,0.0,0.12640217198182496,0.0,0.0,0.0,0.11564480968121761,0.0,0.0,0.0,0.0,0.0,0.0,0.0,0.0,0.27702843043223807,0.0,0.0,0.0,0.0,0.0,0.0,0.0,0.0,0.0,0.0,0.162361538925319,0.0,0.0,0.17810270890171015,0.0,0.0,0.0,0.2126936957906701,0.0,0.0,0.0,0.0,0.0,0.0,0.0,0.0,0.0,0.16616268599002001,0.1536737470374069,0.16878561394375508,0.14961543910075575,0.0,0.0,0.0,0.0,0.0,0.0,0.0,0.0,0.0,0.0,0.0,0.0,0.0,0.0,0.0,0.0,0.0,0.0,0.0,0.0,0.0,0.0,0.25734139196005756,0.0,0.0,0.1374472372795028,0.0,0.0,0.0,0.0,0.0,0.0,0.0,0.0,0.0,0.0,0.0,0.0,0.0,0.0,0.0
3d94c4a92382c5c45062d8ea0517be4011be8ba42e9c9a614a99327d0ebdf05b,0.0,0.0,0.0,0.0,0.0,0.0,0.0,0.0,0.0,0.0,0.0,0.0,0.3401030346953277,0.0,0.0,0.0,0.0,0.0,0.0,0.0,0.0,0.0,0.0,0.0,0.0,0.0,0.0,0.0,0.0,0.0,0.0,0.0,0.0,0.0,0.0,0.0,0.0,0.0,0.0,0.0,0.0,0.0,0.6229240905225383,0.0,0.0,0.0,0.0,0.0,0.0,0.0,0.0,0.0,0.0,0.0,0.0,0.0,0.0,0.0,0.0,0.0,0.0,0.0,0.0,0.0,0.0,0.0,0.0,0.0,0.0,0.0,0.0,0.0,0.0,0.0,0.0,0.32332425859682384,0.0,0.0,0.0,0.2958079894080206,0.0,0.0,0.0,0.0,0.0,0.0,0.0,0.0,0.0,0.0,0.0,0.0,0.0,0.0,0.0,0.0,0.0,0.0,0.0,0.0,0.0,0.0,0.0,0.0,0.0,0.0,0.0,0.0,0.0,0.0,0.0,0.0,0.0,0.0,0.0,0.0,0.42502772232351327,0.0,0.0,0.0,0.0,0.0,0.0,0.0,0.0,0.0,0.0,0.0,0.0,0.0,0.0,0.0,0.0,0.0,0.0,0.0,0.0,0.0,0.0,0.0,0.0,0.0,0.0,0.0,0.0,0.351576443607052,0.0,0.0,0.0,0.0,0.0,0.0,0.0,0.0,0.0,0.0,0.0,0.0,0.0,0.0,0.0
aa8b65b91dabd75e184fef4367d05df97aae8da466c1896b2ca60f601a8b9681,0.0,0.22469141219171768,0.0,0.0,0.0,0.0,0.0,0.0,0.0,0.0,0.16135503707265197,0.28210884148395093,0.10505410083390569,0.0,0.0,0.0,0.0,0.0,0.0,0.0,0.0,0.15358597575424388,0.0,0.0,0.0,0.0,0.0,0.0,0.0,0.0,0.0,0.0,0.0,0.0,0.0,0.0,0.0,0.0,0.0,0.0,0.0,0.3033219083252632,0.0,0.18188848728325857,0.2037811707552764,0.0,0.0,0.0,0.0,0.0,0.0,0.0,0.0,0.0,0.0,0.2934755861925822,0.3233737246716841,0.0,0.0,0.0,0.0,0.0,0.0,0.0,0.0,0.0,0.0,0.0,0.0,0.0,0.0,0.0,0.0,0.0,0.0,0.09987132074580445,0.0,0.0,0.0,0.09137184669517452,0.0,0.0,0.0,0.0,0.0,0.0,0.0,0.0,0.0,0.0,0.0,0.0,0.0,0.0,0.0,0.0,0.0,0.0,0.0,0.12828309099882,0.0,0.0,0.14072030952899237,0.0,0.0,0.0,0.16805091225785979,0.0,0.0,0.0,0.0,0.0,0.0,0.3050988107509236,0.0,0.0,0.13128640630383956,0.12141880032559309,0.1333588016974747,0.1182123002530721,0.14110840454302942,0.0,0.0,0.0,0.16584137219092873,0.0,0.19087012075552268,0.0,0.0,0.0,0.0,0.0,0.0,0.0,0.0,0.0,0.0,0.0,0.0,0.0,0.0,0.0,0.20332739773894215,0.0,0.0,0.1085981111300816,0.22469141219171768,0.0,0.0,0.0,0.0,0.0,0.0,0.0,0.15761119331257264,0.0,0.0,0.0,0.0,0.0,0.0
3f1f90e9c92d2bfafb6702b4b5019ffd7a8f11618c1fa2e3939ab84dc6fffb4d,0.0,0.22469141219171768,0.0,0.0,0.0,0.0,0.0,0.0,0.0,0.0,0.16135503707265197,0.28210884148395093,0.10505410083390569,0.0,0.0,0.0,0.0,0.0,0.0,0.0,0.0,0.15358597575424388,0.0,0.0,0.0,0.0,0.0,0.0,0.0,0.0,0.0,0.0,0.0,0.0,0.0,0.0,0.0,0.0,0.0,0.0,0.0,0.3033219083252632,0.0,0.18188848728325857,0.2037811707552764,0.0,0.0,0.0,0.0,0.0,0.0,0.0,0.0,0.0,0.0,0.2934755861925822,0.3233737246716841,0.0,0.0,0.0,0.0,0.0,0.0,0.0,0.0,0.0,0.0,0.0,0.0,0.0,0.0,0.0,0.0,0.0,0.0,0.09987132074580445,0.0,0.0,0.0,0.09137184669517452,0.0,0.0,0.0,0.0,0.0,0.0,0.0,0.0,0.0,0.0,0.0,0.0,0.0,0.0,0.0,0.0,0.0,0.0,0.0,0.12828309099882,0.0,0.0,0.14072030952899237,0.0,0.0,0.0,0.16805091225785979,0.0,0.0,0.0,0.0,0.0,0.0,0.3050988107509236,0.0,0.0,0.13128640630383956,0.12141880032559309,0.1333588016974747,0.1182123002530721,0.14110840454302942,0.0,0.0,0.0,0.16584137219092873,0.0,0.19087012075552268,0.0,0.0,0.0,0.0,0.0,0.0,0.0,0.0,0.0,0.0,0.0,0.0,0.0,0.0,0.0,0.20332739773894215,0.0,0.0,0.1085981111300816,0.22469141219171768,0.0,0.0,0.0,0.0,0.0,0.0,0.0,0.15761119331257264,0.0,0.0,0.0,0.0,0.0,0.0
9e6a8bc9feb9473a0200a3dddd620680e887f12e1eea7bc8241199ceff634823,0.0,0.0,0.0,0.0,0.0,0.0,0.0,0.0,0.0,0.0,0.21030322686588057,0.0,0.1369230040889039,0.0,0.0,0.0,0.0,0.0,0.0,0.0,0.0,0.2001773659406685,0.0,0.0,0.0,0.0,0.0,0.4532098956946427,0.0,0.0,0.0,0.0,0.0,0.0,0.223902295545604,0.0,0.0,0.0,0.0,0.0,0.0,0.0,0.0,0.23706564418066278,0.0,0.0,0.0,0.2860126149542368,0.0,0.0,0.0,0.0,0.0,0.0,0.0,0.0,0.0,0.0,0.2644203885551826,0.0,0.0,0.0,0.0,0.0,0.2644203885551826,0.0,0.0,0.0,0.0,0.0,0.0,0.0,0.0,0.0,0.0,0.1301679910664523,0.0,0.0,0.0,0.11909014154939343,0.0,0.0,0.0,0.0,0.0,0.0,0.0,0.0,0.0,0.0,0.0,0.0,0.0,0.0,0.0,0.0,0.0,0.0,0.0,0.0,0.0,0.0,0.18340880902396375,0.0,0.0,0.0,0.21903034306682287,0.0,0.0,0.0,0.0,0.0,0.0,0.0,0.0,0.0,0.17111306464446377,0.15825205071942647,0.173814135813548,0.0,0.18391463540077407,0.0,0.0,0.0,0.21615052341944593,0.0,0.0,0.0,0.0,0.0,0.0,0.0,0.0,0.0,0.0,0.0,0.0,0.0,0.0,0.0,0.0,0.0,0.0,0.0,0.0,0.0,0.29285313858341794,0.0,0.0,0.0,0.0,0.0,0.0,0.0,0.0,0.0,0.0,0.0,0.0,0.0,0.0
723e373934071cace27bebd6c8a8e3d72d96f84bf27e39b726cb28d731628ec5,0.0,0.0,0.0,0.0,0.0,0.0,0.0,0.0,0.0,0.0,0.17252539507863007,0.0,0.11232683267792287,0.0,0.0,0.0,0.0,0.0,0.0,0.0,0.0,0.16421849374065112,0.0,0.0,0.0,0.0,0.23584771068793994,0.0,0.0,0.0,0.0,0.0,0.0,0.0,0.0,0.0,0.0,0.0,0.0,0.0,0.0,0.0,0.0,0.1944803440791823,0.217888623943669,0.0,0.0,0.0,0.0,0.0,0.0,0.0,0.0,0.0,0.0,0.0,0.0,0.0,0.21692121743534204,0.0,0.0,0.0,0.0,0.0,0.21692121743534204,0.0,0.0,0.18336685280326123,0.0,0.0,0.0,0.0,0.0,0.0,0.0,0.10678525679329327,0.0,0.18150434159662612,0.0,0.09769737738680632,0.0,0.0,0.0,0.0,0.0,0.0,0.0,0.0,0.0,0.0,0.0,0.0,0.0,0.0,0.0,0.0,0.0,0.0,0.0,0.0,0.0,0.0,0.0,0.0,0.0,0.0,0.0,0.0,0.0,0.0,0.0,0.45505949315773975,0.0,0.0,0.0,0.0,0.0,0.12982443483753311,0.142591023915231,0.12639595375712992,0.15087711970057552,0.0,0.0,0.0,0.17732231219245606,0.0,0.20408376205339837,0.0,0.0,0.0,0.0,0.0,0.0,0.16084245206440959,0.0,0.0,0.0,0.35352165952184633,0.0,0.0,0.0,0.0,0.0,0.1730748233735122,0.0,0.11611618928930141,0.2402464488400014,0.0,0.0,0.0,0.0,0.0,0.0,0.0,0.0,0.0,0.0,0.0,0.0,0.0,0.0
2ee076dac5df5fe560093b56afe32431838e041e275b378b69198860cd290d11,0.0,0.0,0.0,0.0,0.0,0.3267840159134698,0.0,0.0,0.0,0.0,0.0,0.0,0.11758655176163016,0.0,0.0,0.0,0.0,0.0,0.0,0.0,0.0,0.0,0.0,0.0,0.0,0.0,0.0,0.0,0.0,0.0,0.0,0.0,0.0,0.0,0.0,0.0,0.0,0.0,0.0,0.0,0.0,0.0,0.0,0.20358691240994126,0.0,0.0,0.0,0.0,0.0,0.0,0.0,0.0,0.0,0.0,0.0,0.0,0.0,0.0,0.0,0.0,0.1706284172083941,0.0,0.0,0.0,0.0,0.0,0.0,0.0,0.0,0.0,0.0,0.0,0.0,0.0,0.0,0.11178549083910429,0.23838760255880628,0.190003306861754,0.0,0.1022720702542082,0.0,0.0,0.0,0.0,0.0,0.0,0.0,0.0,0.0,0.0,0.0,0.0,0.0,0.0,0.0,0.0,0.0,0.0,0.0,0.0,0.0,0.0,0.1575075682814571,0.0,0.0,0.0,0.0,0.0,0.0,0.0,0.0,0.0,0.0,0.0,0.2361106455048474,0.26873756818421807,0.1469482455982571,0.0,0.0,0.0,0.0,0.0,0.0,0.0,0.18562545336692518,0.0,0.0,0.0,0.0,0.0,0.0,0.0,0.3009612682793151,0.0,0.0,0.0,0.0,0.0,0.4244858399253084,0.0,0.0,0.0,0.22758338217170587,0.18117907531140068,0.0,0.12155334550720608,0.0,0.0,0.0,0.0,0.0,0.33756468194579947,0.0,0.0,0.0,0.0,0.0,0.0,0.0,0.0,0.0
4d810c1676246e483dcf7152c6281577fcfbea1b9a39035918efc8ef69132b45,0.0,0.0,0.0,0.0,0.0,0.0,0.0,0.0,0.0,0.0,0.0,0.0,0.0,0.0,0.0,0.0,0.0,0.30913188514925827,0.0,0.0,0.0,0.0,0.0,0.0,0.0,0.0,0.0,0.0,0.0,0.0,0.0,0.0,0.0,0.0,0.2582638545753554,0.0,0.0,0.0,0.0,0.0,0.0,0.0,0.2892718153541703,0.27344733962773216,0.0,0.0,0.0,0.0,0.0,0.0,0.0,0.0,0.0,0.0,0.0,0.0,0.0,0.0,0.0,0.0,0.0,0.0,0.0,0.0,0.0,0.0,0.0,0.0,0.0,0.0,0.0,0.0,0.0,0.0,0.0,0.15014445043197513,0.0,0.0,0.0,0.1373665192825438,0.0,0.0,0.0,0.0,0.0,0.0,0.0,0.0,0.32906302786681363,0.0,0.0,0.0,0.0,0.0,0.0,0.0,0.0,0.0,0.0,0.1928581103553898,0.0,0.0,0.0,0.0,0.0,0.0,0.0,0.0,0.0,0.0,0.0,0.0,0.0,0.0,0.0,0.0,0.1973732316392449,0.0,0.2004888274392351,0.17771789461933965,0.0,0.0,0.0,0.0,0.0,0.0,0.0,0.0,0.0,0.0,0.0,0.0,0.0,0.22615108392808414,0.0,0.0,0.0,0.0,0.0,0.0,0.0,0.0,0.0,0.0,0.0,0.1632641241931473,0.33779635983963985,0.365526336832821,0.0,0.0,0.0,0.0,0.0,0.0,0.23694936469374916,0.0,0.0,0.0,0.0,0.0,0.0
241589089e32610bf1d0620cec1d1b6905b0426d3125e7047bb275d962f226cf,0.0,0.0,0.0,0.0,0.0,0.0,0.0,0.0,0.0,0.0,0.0,0.0,0.3029596412269022,0.0,0.0,0.0,0.0,0.5929896028557164,0.0,0.0,0.0,0.0,0.0,0.0,0.0,0.0,0.0,0.0,0.0,0.0,0.0,0.0,0.0,0.0,0.0,0.0,0.0,0.0,0.0,0.0,0.0,0.0,0.0,0.0,0.0,0.0,0.0,0.0,0.0,0.0,0.0,0.0,0.0,0.0,0.0,0.0,0.0,0.0,0.0,0.0,0.0,0.0,0.0,0.0,0.0,0.0,0.0,0.0,0.0,0.0,0.0,0.0,0.0,0.0,0.0,0.2880133118253343,0.0,0.0,0.0,0.0,0.0,0.0,0.0,0.0,0.0,0.0,0.0,0.0,0.0,0.0,0.0,0.0,0.0,0.0,0.0,0.0,0.0,0.0,0.0,0.0,0.0,0.0,0.4058154241465146,0.0,0.0,0.0,0.0,0.0,0.0,0.0,0.0,0.0,0.0,0.0,0.0,0.0,0.3786095186770998,0.0,0.0,0.0,0.4069346296347469,0.0,0.0,0.0,0.0,0.0,0.0,0.0,0.0,0.0,0.0,0.0,0.0,0.0,0.0,0.0,0.0,0.0,0.0,0.0,0.0,0.0,0.0,0.0,0.0,0.0,0.0,0.0,0.0,0.0,0.0,0.0,0.0,0.0,0.0,0.0,0.0,0.0,0.0,0.0,0.0
4f8830dd18dd4c4414a876206b03d02b244a9b62caeb9f7642bd78affa438130,0.0,0.0,0.0,0.0,0.0,0.0,0.0,0.0,0.0,0.0,0.0,0.0,0.0,0.0,0.0,0.0,0.0,0.0,0.0,0.0,0.0,0.0,0.0,0.0,0.0,0.0,0.0,0.0,0.0,0.0,0.0,0.0,0.0,0.0,0.0,0.0,0.0,0.0,0.0,0.0,0.0,0.0,0.0,0.0,0.0,0.0,0.0,0.5141089971155808,0.0,0.0,0.0,0.0,0.0,0.0,0.0,0.0,0.0,0.0,0.0,0.0,0.0,0.0,0.0,0.0,0.4752968703802391,0.0,0.0,0.40177577970141176,0.0,0.0,0.0,0.0,0.0,0.0,0.0,0.23397756548056886,0.0,0.0,0.0,0.0,0.0,0.0,0.0,0.0,0.0,0.0,0.0,0.0,0.0,0.0,0.0,0.0,0.0,0.0,0.0,0.0,0.0,0.0,0.0,0.30054038636999914,0.0,0.0,0.3296781817982407,0.0,0.0,0.0,0.0,0.0,0.0,0.0,0.0,0.0,0.0,0.0,0.0,0.0,0.30757652445440037,0.0,0.0,0.0,0.0,0.0,0.0,0.0,0.0,0.0,0.0,0.0,0.0,0.0,0.0,0.0,0.0,0.0,0.0,0.0,0.0,0.0,0.0,0.0,0.0,0.0,0.0,0.0,0.0,0.0,0.0,0.0,0.0,0.0,0.0,0.0,0.0,0.0,0.0,0.0,0.0,0.0,0.0,0.0,0.0
2f569e9b69fc4f9fa6bdf174136418488acf726271019cffc60cddfc03f7c47d,0.0,0.0,0.0,0.0,0.0,0.0,0.0,0.0,0.0,0.0,0.0,0.0,0.155010155382993,0.0,0.0,0.0,0.0,0.0,0.0,0.0,0.43766171313676744,0.0,0.0,0.0,0.0,0.0,0.0,0.0,0.0,0.0,0.0,0.0,0.0,0.0,0.0,0.0,0.0,0.0,0.0,0.0,0.0,0.44755964562394485,0.28391266826010114,0.2683813621015335,0.0,0.0,0.0,0.0,0.0,0.0,0.0,0.0,0.0,0.0,0.0,0.0,0.0,0.0,0.0,0.0,0.0,0.0,0.0,0.0,0.0,0.0,0.0,0.0,0.0,0.0,0.0,0.0,0.0,0.0,0.0,0.14736282376628024,0.0,0.0,0.0,0.13482162087364036,0.0,0.0,0.0,0.0,0.0,0.0,0.0,0.0,0.0,0.0,0.0,0.0,0.0,0.0,0.0,0.0,0.0,0.0,0.0,0.1892851560376201,0.0,0.0,0.0,0.0,0.0,0.0,0.0,0.0,0.0,0.0,0.0,0.0,0.0,0.0,0.0,0.0,0.19371662866362685,0.0,0.19677450388632067,0.1744254330383618,0.0,0.0,0.0,0.0,0.0,0.0,0.28163400420762263,0.0,0.0,0.0,0.0,0.0,0.0,0.0,0.0,0.0,0.0,0.0,0.0,0.0,0.0,0.0,0.3000150519298988,0.0,0.0,0.16023943803191795,0.0,0.0,0.0,0.0,0.0,0.0,0.0,0.0,0.2325595609457231,0.0,0.0,0.0,0.0,0.0,0.0
8e39804f909ddfb3acb1f5765256ff6c7f73506eec614201aaaabffa823ef555,0.0,0.0,0.0,0.0,0.0,0.0,0.0,0.0,0.0,0.0,0.352832274880951,0.0,0.22971998925642556,0.0,0.0,0.0,0.0,0.0,0.0,0.0,0.0,0.33584380257543955,0.0,0.0,0.0,0.0,0.0,0.0,0.0,0.0,0.0,0.0,0.0,0.0,0.37564785603030315,0.0,0.0,0.0,0.0,0.0,0.0,0.0,0.0,0.0,0.0,0.0,0.0,0.0,0.0,0.0,0.0,0.0,0.0,0.0,0.0,0.0,0.0,0.0,0.0,0.0,0.0,0.0,0.0,0.0,0.44362632285394726,0.0,0.0,0.0,0.0,0.0,0.0,0.0,0.0,0.0,0.0,0.21838689348285462,0.0,0.0,0.0,0.19980124026134977,0.0,0.0,0.0,0.0,0.0,0.0,0.0,0.0,0.0,0.0,0.0,0.0,0.0,0.0,0.0,0.0,0.0,0.0,0.0,0.0,0.0,0.0,0.0,0.0,0.0,0.0,0.0,0.0,0.0,0.0,0.0,0.0,0.0,0.0,0.0,0.0,0.28708171890705514,0.2655043952108266,0.0,0.0,0.0,0.0,0.0,0.0,0.36264246645834297,0.0,0.0,0.0,0.0,0.0,0.0,0.0,0.0,0.0,0.0,0.0,0.0,0.0,0.0,0.0,0.0,0.0,0.0,0.0,0.0,0.0,0.0,0.0,0.0,0.0,0.0,0.0,0.0,0.0,0.0,0.0,0.0,0.0,0.0,0.0,0.0
8d5cb428742bb5595880a0bc104dfff1099a0a1deaab8c7260495bdc5550ae9c,0.0,0.0,0.0,0.0,0.0,0.0,0.0,0.0,0.0,0.0,0.0,0.0,0.20245191238647967,0.0,0.0,0.0,0.0,0.0,0.0,0.0,0.0,0.0,0.0,0.0,0.0,0.0,0.0,0.0,0.0,0.0,0.0,0.0,0.0,0.0,0.0,0.0,0.0,0.0,0.0,0.0,0.0,0.0,0.0,0.0,0.0,0.0,0.0,0.0,0.0,0.0,0.0,0.0,0.0,0.0,0.0,0.0,0.0,0.0,0.0,0.0,0.0,0.0,0.0,0.0,0.0,0.0,0.0,0.0,0.0,0.0,0.0,0.0,0.0,0.0,0.0,0.1924640705793941,0.0,0.0,0.0,0.17608455981141533,0.0,0.0,0.0,0.0,0.0,0.0,0.0,0.0,0.0,0.0,0.0,0.0,0.0,0.0,0.0,0.0,0.0,0.0,0.0,0.2472169757620527,0.0,0.0,0.2711849946800663,0.0,0.0,0.0,0.0,0.0,0.0,0.0,0.0,0.0,0.0,0.0,0.0,0.0,0.25300472628463444,0.0,0.0,0.2278093483630593,0.0,0.0,0.0,0.0,0.0,0.0,0.0,0.0,0.0,0.0,0.0,0.0,0.0,0.0,0.0,0.0,0.0,0.0,0.0,0.0,0.0,0.0,0.0,0.311940861702998,0.0,0.20928164731622378,0.4330074288765946,0.46855335970404527,0.0,0.0,0.0,0.0,0.0,0.0,0.30373576325301427,0.0,0.0,0.0,0.0,0.0,0.0
76db21bf9e0085a6de539f60ad224b4e0dcbb1d74a69ab2efff33d1389d4fc8a,0.0,0.0,0.0,0.0,0.0,0.0,0.0,0.0,0.0,0.0,0.0,0.0,0.23518068339325515,0.0,0.0,0.0,0.0,0.0,0.0,0.0,0.0,0.0,0.0,0.0,0.0,0.0,0.0,0.0,0.0,0.0,0.0,0.0,0.0,0.0,0.0,0.0,0.0,0.0,0.0,0.0,0.0,0.0,0.0,0.0,0.0,0.0,0.0,0.0,0.0,0.0,0.0,0.0,0.0,0.0,0.0,0.0,0.0,0.0,0.0,0.0,0.0,0.0,0.0,0.0,0.45417180332342305,0.0,0.0,0.38391843449901897,0.0,0.0,0.0,0.0,0.0,0.0,0.0,0.22357818759993325,0.0,0.0,0.0,0.20455073317556255,0.0,0.0,0.0,0.0,0.0,0.0,0.0,0.0,0.0,0.0,0.0,0.0,0.0,0.0,0.0,0.0,0.0,0.0,0.0,0.2871825542212865,0.0,0.0,0.31502528982340944,0.0,0.0,0.0,0.0,0.0,0.0,0.0,0.0,0.0,0.0,0.0,0.0,0.0,0.2939059637814392,0.0,0.0,0.0,0.31589410360505377,0.0,0.0,0.0,0.0,0.0,0.0,0.0,0.0,0.0,0.0,0.0,0.0,0.0,0.0,0.0,0.0,0.0,0.0,0.0,0.0,0.0,0.0,0.3623698297971293,0.0,0.0,0.0,0.0,0.0,0.0,0.0,0.0,0.0,0.0,0.0,0.0,0.0,0.0,0.0,0.0,0.0
5381012741146f663e9aeffcdffa5db1da8f47c3a6cc7d3aa1143bc422d0c8db,0.0,0.0,0.0,0.0,0.0,0.0,0.31334769126844847,0.0,0.0,0.0,0.0,0.0,0.11776727601746377,0.0,0.0,0.0,0.3039289095674977,0.0,0.0,0.0,0.0,0.0,0.0,0.0,0.0,0.31054534460894617,0.0,0.0,0.0,0.0,0.0,0.0,0.0,0.0,0.0,0.0,0.0,0.0,0.0,0.0,0.0,0.0,0.0,0.0,0.0,0.0,0.0,0.0,0.0,0.2867651677472406,0.0,0.0,0.0,0.0,0.0,0.0,0.0,0.0,0.0,0.0,0.17089066398119315,0.31193464301983737,0.0,0.0,0.0,0.0,0.0,0.0,0.0,0.0,0.0,0.0,0.0,0.0,0.0,0.111957299173835,0.0,0.0,0.0,0.0,0.0,0.0,0.0,0.0,0.0,0.0,0.0,0.0,0.24537042662541927,0.0,0.0,0.0,0.0,0.0,0.0,0.0,0.0,0.0,0.0,0.1438073341840985,0.0,0.0,0.15774964900956223,0.0,0.0,0.0,0.0,0.0,0.0,0.0,0.0,0.0,0.0,0.0,0.23647353496851464,0.26915060348712483,0.14717409721082614,0.13611235790082035,0.1494972845819257,0.13251782159911396,0.15818470953814992,0.0,0.0,0.0,0.0,0.0,0.0,0.0,0.0,0.0,0.0,0.0,0.30142382968986464,0.0,0.0,0.0,0.0,0.0,0.0,0.0,0.0,0.0,0.0,0.18145753788273838,0.0,0.12174016651336508,0.0,0.0,0.0,0.0,0.0,0.0,0.0,0.0,0.0,0.0,0.0,0.0,0.0,0.0,0.0
ac5a5556c63a939d8b7f819abed37f562e07a53d4cc774676a7145fff7b5145c,0.0,0.0,0.0,0.0,0.0,0.0,0.0,0.0,0.0,0.0,0.23862604727653505,0.0,0.15536326158134137,0.0,0.0,0.0,0.0,0.0,0.0,0.0,0.0,0.22713647479652624,0.0,0.0,0.0,0.0,0.0,0.5142464412359862,0.0,0.0,0.0,0.0,0.0,0.0,0.0,0.0,0.0,0.0,0.0,0.0,0.0,0.0,0.0,0.2689927228362227,0.0,0.0,0.0,0.324531681205639,0.0,0.0,0.0,0.0,0.0,0.0,0.0,0.0,0.0,0.0,0.0,0.0,0.0,0.0,0.0,0.0,0.0,0.0,0.0,0.0,0.0,0.0,0.0,0.0,0.0,0.0,0.0,0.14769850968537004,0.3149737355099323,0.2510451494923004,0.0,0.13512873849367132,0.0,0.0,0.0,0.0,0.0,0.0,0.0,0.0,0.0,0.0,0.0,0.0,0.0,0.0,0.0,0.0,0.0,0.0,0.0,0.0,0.0,0.0,0.2081095938722657,0.0,0.0,0.0,0.0,0.0,0.0,0.0,0.0,0.0,0.0,0.0,0.0,0.0,0.19415790647626607,0.17956482123151452,0.0,0.0,0.0,0.0,0.0,0.0,0.24526083498105689,0.0,0.0,0.0,0.0,0.0,0.0,0.0,0.0,0.22246695075181852,0.0,0.0,0.0,0.0,0.0,0.0,0.0,0.0,0.0,0.0,0.0,0.0,0.0,0.0,0.0,0.0,0.0,0.0,0.0,0.0,0.0,0.0,0.0,0.0,0.0,0.0,0.0
04fdb3ba76452feea3b4bc18bcf9cd9f2255198d0d46447547e7a19942f563c2,0.0,0.0,0.0,0.0,0.0,0.0,0.0,0.0,0.0,0.0,0.0,0.0,0.1651734558389333,0.0,0.0,0.0,0.0,0.0,0.0,0.0,0.0,0.0,0.0,0.0,0.0,0.0,0.0,0.0,0.0,0.0,0.0,0.0,0.0,0.0,0.0,0.0,0.0,0.0,0.0,0.0,0.0,0.0,0.30252751154985696,0.2859778893295274,0.0,0.0,0.0,0.0,0.0,0.0,0.0,0.0,0.47417603672218683,0.0,0.0,0.0,0.0,0.0,0.0,0.0,0.0,0.0,0.0,0.0,0.0,0.0,0.0,0.2696358122254473,0.0,0.0,0.0,0.0,0.0,0.0,0.0,0.0,0.0,0.26689704175356227,0.0,0.14366125229978893,0.0,0.0,0.0,0.0,0.0,0.0,0.0,0.0,0.0,0.0,0.0,0.0,0.0,0.0,0.0,0.0,0.0,0.0,0.0,0.0,0.0,0.0,0.221250380966817,0.0,0.0,0.0,0.0,0.0,0.0,0.0,0.0,0.0,0.0,0.0,0.0,0.0,0.20641773392705828,0.0,0.20967609991481345,0.18586170364106108,0.0,0.0,0.0,0.0,0.0,0.0,0.30009944601238364,0.0,0.0,0.0,0.0,0.0,0.0,0.23651431291811062,0.0,0.0,0.0,0.0,0.0,0.0,0.0,0.0,0.0,0.2545016717179694,0.0,0.17074559841596262,0.0,0.0,0.0,0.0,0.0,0.0,0.0,0.0,0.0,0.0,0.0,0.0,0.0,0.0,0.0
b45c9de845522095bbfa55166b519b2be36a08cea688491b9f339e862e79c3ba,0.0,0.0,0.0,0.0,0.0,0.0,0.0,0.0,0.0,0.0,0.12584328228113376,0.0,0.08193331367820433,0.0,0.0,0.0,0.0,0.0,0.0,0.0,0.23133371061254573,0.0,0.2687485538811848,0.0,0.0,0.0,0.0,0.0,0.0,0.0,0.0,0.0,0.0,0.0,0.0,0.0,0.0,0.0,0.33960828917161623,0.0,0.0,0.23656543498075813,0.15006697882662096,0.14185763682462096,0.0,0.0,0.0,0.0,0.0,0.0,0.0,0.0,0.23521221226570163,0.0,0.0,0.0,0.0,0.0,0.0,0.0,0.0,0.0,0.0,0.0,0.0,0.0,0.0,0.13375124634728142,0.0,0.0,0.0,0.0,0.0,0.0,0.0,0.07789118354418009,0.0,0.0,0.0,0.07126231262945934,0.0,0.3136149357097488,0.0,0.0,0.0,0.0,0.0,0.0,0.1707096641096977,0.0,0.0,0.0,0.0,0.0,0.0,0.0,0.0,0.0,0.0,0.0,0.0,0.0,0.10974993998341652,0.0,0.0,0.0,0.0,0.0,0.0,0.0,0.0,0.0,0.0,0.0,0.0,0.0,0.10239229334210803,0.0,0.10400858647587566,0.09219559636772479,0.0,0.0,0.0,0.0,0.0,0.0,0.14886255130948386,0.0,0.0,0.0,0.0,0.0,0.0,0.11732152294858517,0.0,0.34847338869957084,0.0,0.2578653766967268,0.0,0.0,0.0,0.0,0.0,0.12624404565845906,0.0,0.08469734197381991,0.1752402981870182,0.18962591631301307,0.0,0.0,0.0,0.23521221226570163,0.0,0.0,0.12292340078462993,0.0,0.0,0.0,0.0,0.0,0.0
533a0d5026212d29ed28f290f42b5bcd80027c32b1fcb2613e588e5613527101,0.0,0.0,0.0,0.0,0.0,0.0,0.0,0.0,0.0,0.0,0.27395884107495616,0.0,0.1783675318525671,0.0,0.0,0.0,0.0,0.0,0.0,0.0,0.0,0.26076803480298955,0.0,0.0,0.0,0.0,0.0,0.0,0.0,0.0,0.0,0.0,0.0,0.0,0.0,0.0,0.0,0.0,0.0,0.0,0.0,0.0,0.0,0.0,0.0,0.0,0.0,0.0,0.0,0.0,0.0,0.0,0.0,0.0,0.0,0.0,0.0,0.0,0.0,0.0,0.0,0.0,0.0,0.0,0.3444564512144444,0.0,0.0,0.0,0.0,0.0,0.0,0.0,0.0,0.0,0.0,0.16956787829205713,0.0,0.0,0.0,0.15513693084286903,0.0,0.0,0.0,0.0,0.0,0.0,0.0,0.0,0.0,0.0,0.0,0.0,0.0,0.0,0.0,0.0,0.0,0.0,0.0,0.21780718827963053,0.0,0.0,0.23892388867236647,0.0,0.40639086989859696,0.0,0.0,0.0,0.0,0.0,0.0,0.0,0.0,0.0,0.0,0.0,0.0,0.206152559135378,0.0,0.0,0.0,0.0,0.0,0.0,0.28157602608495114,0.0,0.0,0.0,0.0,0.0,0.0,0.0,0.0,0.0,0.0,0.0,0.0,0.0,0.0,0.0,0.0,0.0,0.0,0.0,0.0,0.0,0.0,0.0,0.0,0.0,0.0,0.5120532769880617,0.0,0.0,0.0,0.0,0.0,0.0,0.0,0.0,0.0
da5bb95145c972315ba0f1cc0c47cb4c6831f244b0532cdb95d1abaa6118ca50,0.0,0.0,0.0,0.0,0.0,0.0,0.0,0.0,0.0,0.0,0.22342909446566972,0.0,0.14546891776707352,0.0,0.0,0.0,0.0,0.0,0.0,0.0,0.0,0.21267123796046125,0.0,0.0,0.0,0.0,0.0,0.0,0.0,0.0,0.0,0.0,0.0,0.0,0.0,0.0,0.0,0.0,0.0,0.0,0.0,0.0,0.0,0.2518618615490181,0.0,0.0,0.0,0.30386380902152027,0.0,0.0,0.0,0.0,0.0,0.0,0.0,0.0,0.0,0.0,0.0,0.0,0.0,0.0,0.0,0.0,0.0,0.0,0.0,0.0,0.0,0.0,0.0,0.0,0.0,0.0,0.43575088860923633,0.13829229729765632,0.2949145632199125,0.23505728339899867,0.0,0.1265230347755843,0.0,0.0,0.0,0.0,0.0,0.0,0.0,0.0,0.0,0.0,0.0,0.0,0.0,0.0,0.0,0.0,0.0,0.0,0.0,0.0,0.0,0.0,0.0,0.0,0.33143498382560393,0.0,0.0,0.0,0.0,0.0,0.0,0.0,0.0,0.0,0.0,0.0,0.18179291708700268,0.0,0.0,0.0,0.0,0.0,0.0,0.0,0.0,0.0,0.0,0.0,0.0,0.0,0.0,0.0,0.0,0.2082990935914701,0.0,0.0,0.0,0.0,0.0,0.0,0.0,0.0,0.0,0.0,0.0,0.0,0.0,0.0,0.0,0.0,0.0,0.4176087165017573,0.0,0.0,0.0,0.0,0.0,0.0,0.0,0.0,0.0
7dfce4f0b796f94bdfe9b151ef14fdad018c8ed02017bf1e26b087f192c4e364,0.0,0.0,0.0,0.0,0.0,0.0,0.0,0.0,0.0,0.0,0.0,0.0,0.1972997340476513,0.0,0.0,0.0,0.0,0.0,0.0,0.0,0.0,0.0,0.0,0.0,0.0,0.0,0.0,0.0,0.0,0.0,0.0,0.0,0.0,0.0,0.3226328815800958,0.0,0.0,0.0,0.0,0.0,0.0,0.0,0.0,0.0,0.0,0.0,0.0,0.0,0.0,0.0,0.0,0.0,0.0,0.0,0.0,0.0,0.0,0.0,0.0,0.0,0.0,0.0,0.0,0.0,0.0,0.0,0.0,0.0,0.0,0.0,0.0,0.0,0.0,0.0,0.0,0.0,0.0,0.0,0.0,0.0,0.0,0.0,0.0,0.0,0.0,0.0,0.0,0.0,0.0,0.0,0.0,0.0,0.0,0.0,0.0,0.0,0.0,0.0,0.0,0.0,0.0,0.0,0.26428363504885327,0.0,0.0,0.0,0.0,0.0,0.0,0.0,0.0,0.0,0.0,0.0,0.0,0.0,0.0,0.0,0.0,0.0,0.0,0.0,0.0,0.0,0.0,0.0,0.0,0.0,0.0,0.0,0.0,0.0,0.0,0.0,0.0,0.0,0.0,0.0,0.7122493352304097,0.0,0.0,0.0,0.38186459338621953,0.30400231011454204,0.0,0.20395565974067262,0.0,0.0,0.0,0.0,0.0,0.0,0.0,0.0,0.0,0.0,0.0,0.0,0.0,0.0,0.0
5b169f05c80d4154ec19e26a4260681f22640d14d4f29131dd0bbecb99abd736,0.0,0.0,0.0,0.0,0.0,0.0,0.0,0.0,0.0,0.0,0.0,0.0,0.0,0.0,0.0,0.0,0.0,0.0,0.0,0.0,0.0,0.0,0.0,0.0,0.0,0.0,0.0,0.0,0.0,0.0,0.0,0.0,0.0,0.0,0.0,0.0,0.0,0.0,0.0,0.0,0.0,0.0,0.0,0.0,0.0,0.0,0.0,0.0,0.0,0.0,0.0,0.0,0.0,0.0,0.0,0.0,0.0,0.0,0.0,0.0,0.0,0.0,0.0,0.0,0.0,0.0,0.0,0.0,0.0,0.0,0.0,0.0,0.0,0.0,0.0,0.0,0.0,0.0,0.0,0.3079847141406693,0.0,0.0,0.0,0.0,0.0,0.0,0.0,0.0,0.7377808151589567,0.0,0.0,0.0,0.0,0.0,0.0,0.0,0.0,0.0,0.0,0.0,0.0,0.0,0.0,0.0,0.0,0.0,0.0,0.0,0.0,0.0,0.0,0.0,0.0,0.0,0.0,0.0,0.0,0.0,0.4495090545336219,0.3984551349040001,0.0,0.0,0.0,0.0,0.0,0.0,0.0,0.0,0.0,0.0,0.0,0.0,0.0,0.0,0.0,0.0,0.0,0.0,0.0,0.0,0.0,0.0,0.0,0.0,0.0,0.0,0.0,0.0,0.0,0.0,0.0,0.0,0.0,0.0,0.0,0.0,0.0,0.0,0.0,0.0,0.0
5cf79e2271db3a5a25c9273f00e0ac0eee696a8c572f41bff84fd629c5651e93,0.0,0.0,0.0,0.0,0.0,0.0,0.31216856864556547,0.0,0.0,0.0,0.0,0.0,0.11732411953903121,0.0,0.0,0.0,0.30278522967769694,0.2296410926851496,0.0,0.0,0.0,0.0,0.0,0.0,0.0,0.3093767671741576,0.0,0.0,0.0,0.0,0.0,0.0,0.0,0.0,0.0,0.0,0.0,0.0,0.0,0.0,0.0,0.0,0.0,0.0,0.0,0.0,0.0,0.0,0.0,0.2856860747583092,0.0,0.0,0.0,0.0,0.0,0.0,0.0,0.0,0.0,0.0,0.17024760499734032,0.31076083767614165,0.0,0.0,0.0,0.0,0.0,0.0,0.0,0.0,0.0,0.0,0.0,0.0,0.0,0.11153600555038956,0.0,0.0,0.0,0.0,0.0,0.0,0.0,0.0,0.0,0.0,0.0,0.0,0.244447101421237,0.0,0.0,0.0,0.0,0.0,0.0,0.0,0.0,0.0,0.0,0.0,0.0,0.0,0.0,0.0,0.0,0.0,0.0,0.0,0.0,0.0,0.0,0.0,0.0,0.0,0.23558368863307247,0.26813779383708536,0.1466202833090189,0.1356001691567287,0.14893472856117906,0.13201915904075853,0.15758946286868966,0.0,0.0,0.0,0.0,0.0,0.0,0.0,0.0,0.0,0.0,0.0,0.30028957637775433,0.0,0.0,0.0,0.0,0.0,0.0,0.0,0.0,0.0,0.0,0.1807747159122172,0.0,0.12128206010808612,0.0,0.0,0.0,0.0,0.0,0.0,0.0,0.0,0.0,0.0,0.0,0.0,0.0,0.0,0.0
5e1a5b16c34ad5789d5d8c704f8dc6b6a2c4cfecd2525630075c37036682465a,0.0,0.0,0.0,0.0,0.0,0.0,0.0,0.0,0.0,0.0,0.1631605514547369,0.0,0.10622962465636444,0.0,0.0,0.0,0.0,0.0,0.0,0.0,0.0,0.1553045566745654,0.0,0.0,0.0,0.0,0.0,0.0,0.0,0.0,0.0,0.0,0.0,0.0,0.0,0.0,0.0,0.0,0.0,0.0,0.0,0.0,0.0,0.18392376480346223,0.0,0.0,0.0,0.0,0.0,0.0,0.0,0.0,0.3049614851623588,0.0,0.0,0.0,0.0,0.0,0.0,0.0,0.0,0.0,0.0,0.0,0.0,0.0,0.0,0.0,0.3620370540763088,0.0,0.0,0.33694867900463166,0.0,0.0,0.0,0.10098885081636046,0.21536328060617582,0.17165211215912557,0.0,0.09239427020496255,0.0,0.0,0.0,0.0,0.0,0.0,0.4820415525371429,0.0,0.0,0.0,0.0,0.0,0.0,0.0,0.0,0.0,0.0,0.0,0.0,0.0,0.0,0.0,0.0,0.0,0.0,0.0,0.16993135147134056,0.0,0.0,0.0,0.0,0.0,0.0,0.0,0.0,0.0,0.13275546174241937,0.12277744021822097,0.13485104661781136,0.1195350603733537,0.142687365190665,0.0,0.0,0.0,0.1676970873149667,0.0,0.0,0.0,0.0,0.0,0.0,0.0,0.2718933592867509,0.15211176977279545,0.0,0.0,0.0,0.0,0.0,0.0,0.0,0.0,0.0,0.0,0.0,0.0,0.0,0.0,0.0,0.0,0.0,0.0,0.0,0.0,0.0,0.0,0.0,0.0,0.0,0.0,0.0
5e5b5171a95955ecb0fa8f9f1ba66f313165044cc1978a447673c0ac17859170,0.0,0.0,0.0,0.0,0.0,0.0,0.0,0.0,0.0,0.0,0.0,0.0,0.36651885782152016,0.0,0.0,0.0,0.0,0.0,0.0,0.0,0.0,0.0,0.0,0.0,0.0,0.0,0.0,0.0,0.0,0.0,0.0,0.0,0.0,0.0,0.0,0.0,0.0,0.0,0.0,0.0,0.0,0.0,0.0,0.0,0.0,0.0,0.0,0.0,0.0,0.0,0.0,0.0,0.0,0.0,0.0,0.0,0.0,0.0,0.0,0.0,0.0,0.0,0.0,0.0,0.0,0.0,0.0,0.0,0.0,0.0,0.0,0.0,0.0,0.0,0.0,0.34843687317596783,0.0,0.0,0.0,0.0,0.0,0.0,0.0,0.0,0.0,0.0,0.0,0.0,0.0,0.0,0.0,0.0,0.0,0.0,0.0,0.0,0.0,0.0,0.0,0.0,0.0,0.0,0.4909532013643293,0.0,0.0,0.0,0.0,0.0,0.0,0.0,0.0,0.0,0.0,0.0,0.0,0.0,0.0,0.0,0.0,0.0,0.0,0.0,0.0,0.0,0.0,0.0,0.0,0.0,0.0,0.0,0.0,0.0,0.0,0.0,0.0,0.0,0.0,0.0,0.0,0.0,0.0,0.0,0.7093804524672774,0.0,0.0,0.0,0.0,0.0,0.0,0.0,0.0,0.0,0.0,0.0,0.0,0.0,0.0,0.0,0.0,0.0,0.0
5d37dda7b65f39f134be3805969c5c9d7dc53a2e921232dd32e5b8887fd0d908,0.0,0.0,0.0,0.0,0.0,0.4311484816062201,0.0,0.0,0.0,0.0,0.0,0.0,0.0,0.0,0.0,0.0,0.0,0.0,0.0,0.0,0.0,0.0,0.0,0.0,0.0,0.0,0.3257405775905777,0.0,0.0,0.0,0.0,0.0,0.0,0.0,0.0,0.0,0.0,0.0,0.0,0.0,0.0,0.0,0.28415043803807355,0.0,0.3009364220954307,0.0,0.0,0.0,0.0,0.0,0.0,0.0,0.0,0.0,0.0,0.0,0.0,0.0,0.29960029059825344,0.0,0.0,0.0,0.0,0.0,0.0,0.0,0.0,0.0,0.0,0.0,0.0,0.0,0.0,0.0,0.0,0.14748623645548153,0.0,0.0,0.0,0.134934530618237,0.0,0.0,0.0,0.0,0.0,0.0,0.0,0.0,0.0,0.0,0.0,0.0,0.0,0.0,0.0,0.0,0.0,0.0,0.0,0.0,0.0,0.0,0.2078104974510753,0.0,0.0,0.0,0.0,0.0,0.0,0.0,0.0,0.0,0.0,0.0,0.0,0.0,0.0,0.1793067495376405,0.1969392976251362,0.1745715099877999,0.2083836216731245,0.0,0.0,0.0,0.0,0.0,0.28186986566128824,0.0,0.0,0.0,0.0,0.0,0.0,0.22214721984674618,0.0,0.0,0.0,0.0,0.0,0.0,0.0,0.0,0.30026630705254936,0.0,0.0,0.0,0.0,0.0,0.0,0.0,0.0,0.0,0.0,0.0,0.0,0.0,0.0,0.0,0.0,0.0,0.0
5eac63fc61a6c010a8be021bf6d86d377f03c10fcd447c1342d0aba35ae6b68a,0.0,0.22020540755490575,0.0,0.0,0.0,0.0,0.0,0.0,0.0,0.0,0.1581335546073441,0.2764764874983753,0.10295667673184479,0.0,0.0,0.0,0.0,0.0,0.0,0.0,0.0,0.1505196040017047,0.0,0.0,0.0,0.0,0.0,0.0,0.0,0.0,0.0,0.0,0.0,0.0,0.0,0.0,0.0,0.0,0.0,0.0,0.0,0.29726603162788073,0.0,0.1782570507749545,0.199712642866355,0.0,0.0,0.0,0.0,0.0,0.0,0.0,0.0,0.0,0.0,0.28761629309540016,0.31691750983841516,0.0,0.1988259361305594,0.0,0.0,0.0,0.0,0.0,0.0,0.0,0.0,0.0,0.0,0.0,0.0,0.0,0.0,0.0,0.0,0.09787737178451555,0.0,0.0,0.0,0.08954759126880835,0.0,0.0,0.0,0.0,0.0,0.0,0.0,0.0,0.0,0.0,0.0,0.0,0.0,0.0,0.0,0.0,0.0,0.0,0.0,0.12572189591160302,0.0,0.0,0.13791080312693174,0.0,0.0,0.0,0.16469574543481277,0.0,0.0,0.0,0.0,0.0,0.0,0.2990074578756004,0.0,0.0,0.12866524948398353,0.11899465204175926,0.130696269129189,0.1158521703224675,0.13829114975390092,0.0,0.0,0.0,0.1625303192344901,0.0,0.18705936431233677,0.0,0.0,0.0,0.0,0.0,0.0,0.0,0.0,0.0,0.0,0.0,0.0,0.0,0.0,0.0,0.1992679295102698,0.0,0.0,0.10642993022220211,0.22020540755490575,0.0,0.0,0.0,0.0,0.0,0.0,0.0,0.15446445736429182,0.0,0.0,0.0,0.0,0.0,0.0
28314e224dcbae977cbf7dec0cda849e4a56cec90b3568a29b6bbd9234b895aa,0.0,0.0,0.0,0.0,0.0,0.0,0.0,0.0,0.0,0.0,0.0,0.0,0.14709153556667554,0.0,0.0,0.0,0.0,0.0,0.0,0.0,0.0,0.0,0.0,0.0,0.0,0.0,0.0,0.0,0.0,0.0,0.0,0.0,0.0,0.0,0.24053030889771038,0.0,0.0,0.0,0.0,0.0,0.0,0.0,0.0,0.0,0.0,0.0,0.0,0.0,0.36211631610670625,0.0,0.0,0.0,0.0,0.0,0.0,0.4109099433695307,0.0,0.0,0.0,0.0,0.21344274087884102,0.0,0.0,0.0,0.284057461684561,0.0,0.5540366869343464,0.2401181561684092,0.0,0.0,0.0,0.0,0.0,0.0,0.0,0.0,0.0,0.0,0.0,0.1279343227086894,0.0,0.0,0.0,0.0,0.0,0.0,0.0,0.0,0.0,0.0,0.0,0.0,0.0,0.0,0.0,0.0,0.0,0.0,0.0,0.0,0.0,0.0,0.19702958998966508,0.0,0.0,0.0,0.0,0.0,0.0,0.0,0.0,0.0,0.0,0.0,0.0,0.0,0.0,0.0,0.0,0.0,0.0,0.0,0.0,0.0,0.0,0.0,0.0,0.0,0.0,0.0,0.0,0.0,0.0,0.0,0.0,0.0,0.0,0.0,0.0,0.0,0.0,0.0,0.0,0.22664078502895982,0.0,0.15205368280691328,0.0,0.0,0.0,0.0,0.0,0.0,0.0,0.0,0.0,0.0,0.0,0.0,0.0,0.0,0.0
2f3907711c04a9022fda6818f25989480f3be29409ad60aa6eebb418aea443df,0.0,0.0,0.0,0.0,0.0,0.0,0.0,0.0,0.0,0.0,0.2411068286060173,0.0,0.15697843428783056,0.0,0.0,0.0,0.0,0.0,0.0,0.0,0.0,0.2294978093295776,0.0,0.0,0.0,0.0,0.0,0.0,0.0,0.0,0.0,0.0,0.0,0.0,0.0,0.0,0.0,0.0,0.0,0.0,0.0,0.0,0.0,0.2717891992988503,0.0,0.0,0.0,0.0,0.0,0.0,0.0,0.0,0.0,0.0,0.0,0.0,0.0,0.0,0.0,0.0,0.0,0.0,0.0,0.0,0.0,0.0,0.0,0.0,0.0,0.0,0.0,0.0,0.5466011185794345,0.0,0.0,0.14923399883000313,0.31824823538640556,0.253655041106504,0.0,0.13653355098316083,0.0,0.0,0.0,0.0,0.0,0.0,0.0,0.0,0.0,0.0,0.0,0.0,0.0,0.0,0.0,0.0,0.0,0.0,0.0,0.19168865004552696,0.0,0.0,0.0,0.0,0.0,0.0,0.0,0.0,0.0,0.0,0.0,0.0,0.0,0.0,0.0,0.0,0.1961763923660294,0.0,0.19927309569827248,0.0,0.0,0.0,0.0,0.0,0.2478105922570056,0.0,0.0,0.0,0.0,0.0,0.0,0.0,0.0,0.2247797404248268,0.0,0.0,0.0,0.0,0.0,0.0,0.0,0.0,0.0,0.24187466289305123,0.0,0.0,0.0,0.0,0.0,0.0,0.0,0.0,0.0,0.0,0.0,0.0,0.0,0.0,0.0,0.0,0.0
6a49b73fa3617fbd397c7cd35313c4c657e5a129b427d5eec19370d28854ce78,0.0,0.0,0.0,0.0,0.0,0.0,0.0,0.0,0.0,0.0,0.23118605397123895,0.0,0.15051927393101325,0.0,0.0,0.0,0.0,0.0,0.0,0.0,0.0,0.2200547086978054,0.0,0.0,0.0,0.0,0.3160386999678806,0.0,0.0,0.0,0.0,0.0,0.0,0.0,0.0,0.0,0.0,0.0,0.0,0.0,0.0,0.0,0.2756872837185458,0.0,0.29197331298271867,0.0,0.0,0.0,0.0,0.0,0.0,0.0,0.0,0.0,0.0,0.0,0.0,0.0,0.2906769769091553,0.0,0.0,0.0,0.0,0.0,0.0,0.0,0.0,0.0,0.0,0.0,0.0,0.0,0.0,0.0,0.0,0.1430934972158473,0.0,0.24321794767226906,0.0,0.13091563216592433,0.0,0.0,0.0,0.0,0.0,0.0,0.0,0.0,0.0,0.0,0.0,0.0,0.0,0.0,0.0,0.0,0.0,0.0,0.0,0.0,0.0,0.0,0.0,0.0,0.3429416667596801,0.0,0.0,0.0,0.0,0.0,0.0,0.0,0.0,0.0,0.0,0.0,0.0,0.0,0.0,0.16937206127668525,0.0,0.0,0.0,0.0,0.23761397919504215,0.0,0.27347463605127303,0.0,0.0,0.0,0.0,0.0,0.0,0.21553077323417696,0.0,0.0,0.0,0.0,0.0,0.0,0.0,0.0,0.29132315668795294,0.0,0.0,0.15559705625792902,0.0,0.0,0.0,0.0,0.0,0.0,0.0,0.0,0.0,0.0,0.0,0.0,0.0,0.0,0.0
6b2bc89a82c41241a24f0a8c7972b563e30303bf7c277d767ac5766510e8f03e,0.0,0.0,0.0,0.0,0.0,0.0,0.0,0.0,0.0,0.0,0.0,0.0,0.0,0.0,0.0,0.0,0.0,0.0,0.0,0.0,0.0,0.0,0.0,0.0,0.0,0.0,0.0,0.0,0.0,0.0,0.0,0.0,0.0,0.0,0.8012488404642854,0.0,0.0,0.0,0.0,0.0,0.0,0.0,0.0,0.0,0.0,0.0,0.0,0.0,0.0,0.0,0.0,0.0,0.0,0.0,0.0,0.0,0.0,0.0,0.0,0.0,0.0,0.0,0.0,0.0,0.0,0.0,0.0,0.0,0.0,0.0,0.0,0.0,0.0,0.0,0.0,0.0,0.0,0.0,0.0,0.0,0.0,0.0,0.0,0.0,0.0,0.0,0.0,0.0,0.0,0.0,0.0,0.0,0.0,0.0,0.0,0.0,0.0,0.0,0.0,0.5983312591321284,0.0,0.0,0.0,0.0,0.0,0.0,0.0,0.0,0.0,0.0,0.0,0.0,0.0,0.0,0.0,0.0,0.0,0.0,0.0,0.0,0.0,0.0,0.0,0.0,0.0,0.0,0.0,0.0,0.0,0.0,0.0,0.0,0.0,0.0,0.0,0.0,0.0,0.0,0.0,0.0,0.0,0.0,0.0,0.0,0.0,0.0,0.0,0.0,0.0,0.0,0.0,0.0,0.0,0.0,0.0,0.0,0.0,0.0,0.0,0.0,0.0
6c5d418831206f110eac092468ea4197e3253f3350e48b0986e130995bd46451,0.0,0.0,0.0,0.0,0.0,0.0,0.0,0.0,0.0,0.0,0.22648314716012258,0.0,0.14745733266589475,0.0,0.0,0.0,0.0,0.0,0.0,0.0,0.0,0.2155782414949789,0.0,0.0,0.0,0.0,0.0,0.0,0.0,0.0,0.0,0.0,0.0,0.0,0.0,0.0,0.0,0.0,0.0,0.0,0.0,0.0,0.0,0.25530456178791594,0.0,0.0,0.0,0.0,0.0,0.0,0.0,0.0,0.0,0.0,0.0,0.0,0.0,0.0,0.0,0.0,0.0,0.0,0.0,0.0,0.0,0.0,0.0,0.0,0.0,0.0,0.0,0.0,0.5134485086666853,0.0,0.0,0.14018261495836223,0.29894575091545034,0.2382702818289135,0.0,0.12825247836568981,0.0,0.0,0.0,0.0,0.0,0.0,0.0,0.0,0.3072302412761213,0.0,0.0,0.0,0.0,0.0,0.0,0.0,0.0,0.0,0.0,0.1800622943289912,0.0,0.0,0.0,0.0,0.0,0.0,0.0,0.0,0.0,0.0,0.0,0.0,0.0,0.0,0.0,0.0,0.18427784479791598,0.0,0.18718672597960037,0.0,0.0,0.0,0.0,0.0,0.23278031218971384,0.0,0.0,0.0,0.0,0.0,0.0,0.0,0.0,0.2111463342767376,0.0,0.0,0.0,0.0,0.0,0.0,0.0,0.0,0.0,0.22720441053880963,0.0,0.15243182010680675,0.0,0.0,0.0,0.0,0.0,0.0,0.0,0.0,0.0,0.0,0.0,0.0,0.0,0.0,0.0
d7dd571b86ec131932b440a9599ce3d9b249bbf1af9f5e722631e5f7a842e925,0.0,0.0,0.0,0.0,0.0,0.0,0.0,0.0,0.0,0.0,0.2742189263708327,0.0,0.17853686667715102,0.0,0.0,0.0,0.0,0.34945415579857997,0.0,0.0,0.0,0.26101559728799917,0.0,0.0,0.0,0.0,0.0,0.5909501859297666,0.0,0.0,0.0,0.0,0.0,0.0,0.0,0.0,0.0,0.0,0.0,0.0,0.0,0.0,0.0,0.0,0.0,0.0,0.0,0.3729380350938858,0.0,0.0,0.0,0.0,0.0,0.0,0.0,0.0,0.0,0.0,0.0,0.0,0.0,0.0,0.0,0.0,0.3447834640521363,0.0,0.0,0.0,0.0,0.0,0.0,0.0,0.0,0.0,0.0,0.16972885908619287,0.0,0.0,0.0,0.15528421148692975,0.0,0.0,0.0,0.0,0.0,0.0,0.0,0.0,0.0,0.0,0.0,0.0,0.0,0.0,0.0,0.0,0.0,0.0,0.0,0.0,0.0,0.0,0.0,0.0,0.0,0.0,0.0,0.0,0.0,0.0,0.0,0.0,0.0,0.0,0.0,0.0,0.0,0.2063482719261317,0.0,0.0,0.0,0.0,0.0,0.0,0.0,0.0,0.0,0.0,0.0,0.0,0.0,0.0,0.0,0.0,0.0,0.0,0.0,0.0,0.0,0.0,0.0,0.0,0.0,0.0,0.0,0.0,0.0,0.0,0.0,0.0,0.0,0.0,0.0,0.0,0.0,0.0,0.0,0.0,0.0,0.0,0.0
06d2775330e0fdba79346c8c1a89f588311320dcb0c18422eb8f651858b22aff,0.0,0.0,0.0,0.0,0.0,0.0,0.0,0.0,0.0,0.0,0.0,0.0,0.17795574420876087,0.0,0.0,0.0,0.0,0.0,0.0,0.0,0.0,0.0,0.0,0.0,0.0,0.0,0.0,0.0,0.0,0.0,0.0,0.0,0.0,0.0,0.0,0.0,0.0,0.0,0.0,0.0,0.0,0.0,0.0,0.30810887781213936,0.345193853544304,0.0,0.0,0.0,0.0,0.0,0.0,0.0,0.5108711267937738,0.0,0.0,0.0,0.0,0.0,0.0,0.0,0.0,0.0,0.0,0.0,0.0,0.0,0.0,0.0,0.0,0.0,0.0,0.0,0.0,0.0,0.0,0.16917640594088496,0.0,0.28755141951311386,0.0,0.15477877445333107,0.0,0.0,0.0,0.0,0.0,0.0,0.0,0.0,0.0,0.0,0.0,0.0,0.0,0.0,0.0,0.0,0.0,0.0,0.0,0.0,0.0,0.0,0.0,0.0,0.0,0.0,0.0,0.0,0.0,0.0,0.0,0.0,0.0,0.0,0.0,0.0,0.22239179577798235,0.0,0.2259023171345187,0.20024499471395685,0.0,0.0,0.0,0.0,0.0,0.0,0.0,0.0,0.0,0.0,0.0,0.0,0.0,0.2548174605755584,0.0,0.0,0.0,0.0,0.0,0.0,0.0,0.0,0.344425187550472,0.0,0.0,0.18395909852556777,0.0,0.0,0.0,0.0,0.0,0.0,0.0,0.0,0.0,0.0,0.0,0.0,0.0,0.0,0.0
6db75599243651cc336024c8d4d14a05be1acb0b64627a724dd87e8aa9677240,0.0,0.20476632777129156,0.0,0.0,0.0,0.0,0.0,0.0,0.0,0.0,0.0,0.2570921199836197,0.09573816032950627,0.0,0.0,0.0,0.0,0.0,0.0,0.0,0.0,0.0,0.3140296783412571,0.0,0.34127652308643835,0.0,0.0,0.0,0.0,0.0,0.0,0.0,0.0,0.0,0.0,0.0,0.0,0.0,0.0,0.0,0.0,0.0,0.0,0.16575906146822017,0.18571035536012612,0.0,0.0,0.0,0.0,0.0,0.0,0.0,0.0,0.0,0.0,0.0,0.294697734340851,0.0,0.0,0.0,0.0,0.0,0.0,0.0,0.0,0.0,0.0,0.0,0.0,0.0,0.0,0.0,0.0,0.0,0.2867828335960759,0.09101497649290666,0.19409354362740103,0.15469938341539816,0.0,0.0832692149955786,0.0,0.0,0.0,0.0,0.0,0.0,0.0,0.0,0.0,0.0,0.0,0.0,0.0,0.0,0.0,0.0,0.0,0.0,0.0,0.11690726050787205,0.0,0.0,0.12824157694333718,0.0,0.0,0.0,0.15314856872365104,0.0,0.0,0.0,0.0,0.0,0.0,0.0,0.0,0.0,0.11964424916333273,0.1106516783287361,0.0,0.10772952283358848,0.12859525664153104,0.0,0.0,0.0,0.0,0.0,0.17394422566992981,0.0,0.0,0.0,0.0,0.0,0.0,0.13708888692416502,0.0,0.0,0.0,0.0,0.0,0.0,0.0,0.0,0.18529682182410834,0.0,0.0,0.09896789646785227,0.20476632777129156,0.0,0.0,0.0,0.0,0.0,0.0,0.0,0.0,0.34127652308643835,0.0,0.0,0.0,0.0,0.0
6e2acfa891588015b4bb6f678020a482f10cfd26f383c53182ac716af5047c74,0.0,0.0,0.0,0.0,0.0,0.0,0.0,0.0,0.0,0.0,0.21758096609958216,0.0,0.1416613523002207,0.0,0.0,0.0,0.0,0.0,0.0,0.0,0.0,0.2071046903166018,0.0,0.0,0.0,0.0,0.2974401114715256,0.0,0.0,0.0,0.0,0.0,0.0,0.0,0.23165064322952852,0.0,0.0,0.0,0.0,0.0,0.0,0.0,0.2594633391697288,0.0,0.2747909505042155,0.0,0.0,0.0,0.0,0.0,0.0,0.0,0.0,0.0,0.0,0.0,0.0,0.0,0.2735709026231666,0.0,0.0,0.0,0.0,0.0,0.2735709026231666,0.0,0.0,0.0,0.0,0.0,0.0,0.0,0.0,0.0,0.0,0.13467257575435435,0.0,0.0,0.0,0.12321136692675692,0.0,0.0,0.0,0.0,0.0,0.0,0.0,0.0,0.0,0.0,0.0,0.0,0.0,0.0,0.0,0.0,0.0,0.0,0.0,0.17298473837662834,0.0,0.0,0.0,0.0,0.32275986326863415,0.0,0.0,0.0,0.0,0.0,0.0,0.0,0.0,0.0,0.0,0.0,0.0,0.16372851047469691,0.0,0.1594046703502429,0.0,0.0,0.0,0.0,0.22363061380188246,0.0,0.0,0.0,0.0,0.0,0.0,0.0,0.0,0.2028469843181643,0.0,0.0,0.0,0.0,0.0,0.0,0.0,0.0,0.27417905531287123,0.21827387939010628,0.0,0.14644031178049785,0.0,0.0,0.0,0.0,0.0,0.0,0.0,0.0,0.0,0.0,0.0,0.0,0.0,0.0,0.0
2f542206688519003a19a39e51eba51d1f644489fd1e3fcb48ebbbd7062d5906,0.0,0.0,0.0,0.0,0.0,0.0,0.0,0.0,0.0,0.0,0.0,0.0,0.18834852000430127,0.0,0.0,0.0,0.0,0.0,0.0,0.0,0.0,0.0,0.0,0.0,0.0,0.0,0.0,0.0,0.0,0.0,0.0,0.0,0.0,0.0,0.0,0.0,0.0,0.0,0.0,0.0,0.0,0.0,0.0,0.0,0.36535348560246345,0.0,0.0,0.0,0.0,0.0,0.0,0.0,0.5407064608808506,0.0,0.0,0.0,0.0,0.0,0.0,0.0,0.0,0.0,0.0,0.0,0.0,0.0,0.0,0.0,0.0,0.0,0.0,0.0,0.0,0.0,0.0,0.17905646047161353,0.0,0.0,0.0,0.16381799433327465,0.0,0.0,0.0,0.0,0.0,0.0,0.0,0.0,0.3924278311478347,0.0,0.0,0.0,0.0,0.0,0.0,0.0,0.0,0.0,0.0,0.22999511812876042,0.0,0.0,0.0,0.0,0.0,0.0,0.0,0.0,0.0,0.0,0.0,0.0,0.0,0.0,0.0,0.0,0.0,0.0,0.23909521598760633,0.2119394828210672,0.0,0.0,0.0,0.0,0.0,0.0,0.0,0.0,0.0,0.0,0.0,0.0,0.0,0.0,0.0,0.0,0.0,0.0,0.0,0.0,0.0,0.0,0.36453992882204256,0.0,0.0,0.1947024756220843,0.0,0.0,0.0,0.0,0.0,0.0,0.0,0.0,0.0,0.0,0.0,0.0,0.0,0.0,0.0
4b2fb0f42a923104b69a45aa7a503fbd08739ebf3711599303aa15692136fa46,0.0,0.0,0.0,0.0,0.0,0.4739808803278028,0.0,0.0,0.0,0.0,0.0,0.0,0.0,0.0,0.0,0.0,0.0,0.0,0.0,0.0,0.0,0.0,0.0,0.0,0.0,0.0,0.0,0.0,0.0,0.0,0.0,0.0,0.0,0.0,0.0,0.0,0.0,0.0,0.0,0.0,0.0,0.0,0.3123793322084005,0.0,0.0,0.0,0.0,0.0,0.4198731315094821,0.0,0.0,0.0,0.0,0.0,0.0,0.4764492430109354,0.0,0.0,0.0,0.0,0.0,0.0,0.0,0.0,0.0,0.0,0.0,0.0,0.0,0.0,0.0,0.0,0.0,0.0,0.0,0.16213824047570322,0.0,0.0,0.0,0.14833958679567838,0.0,0.0,0.0,0.0,0.0,0.0,0.0,0.0,0.0,0.0,0.0,0.0,0.0,0.0,0.0,0.0,0.0,0.0,0.0,0.0,0.0,0.0,0.22845540857819935,0.0,0.0,0.0,0.0,0.0,0.0,0.0,0.0,0.0,0.0,0.0,0.0,0.0,0.0,0.0,0.21650421059526362,0.0,0.0,0.0,0.0,0.0,0.0,0.0,0.3098721966184224,0.0,0.0,0.0,0.0,0.0,0.0,0.0,0.0,0.0,0.0,0.0,0.0,0.0,0.0,0.0,0.0,0.0,0.0,0.17630593573937503,0.0,0.0,0.0,0.0,0.0,0.0,0.0,0.0,0.0,0.0,0.0,0.0,0.0,0.0,0.0
b9dad89b3de1d7f9a4b73a5d107c74f716a6e2e89d653c48ab47108b37ad699a,0.0,0.0,0.0,0.0,0.0,0.4739808803278028,0.0,0.0,0.0,0.0,0.0,0.0,0.0,0.0,0.0,0.0,0.0,0.0,0.0,0.0,0.0,0.0,0.0,0.0,0.0,0.0,0.0,0.0,0.0,0.0,0.0,0.0,0.0,0.0,0.0,0.0,0.0,0.0,0.0,0.0,0.0,0.0,0.3123793322084005,0.0,0.0,0.0,0.0,0.0,0.4198731315094821,0.0,0.0,0.0,0.0,0.0,0.0,0.4764492430109354,0.0,0.0,0.0,0.0,0.0,0.0,0.0,0.0,0.0,0.0,0.0,0.0,0.0,0.0,0.0,0.0,0.0,0.0,0.0,0.16213824047570322,0.0,0.0,0.0,0.14833958679567838,0.0,0.0,0.0,0.0,0.0,0.0,0.0,0.0,0.0,0.0,0.0,0.0,0.0,0.0,0.0,0.0,0.0,0.0,0.0,0.0,0.0,0.0,0.22845540857819935,0.0,0.0,0.0,0.0,0.0,0.0,0.0,0.0,0.0,0.0,0.0,0.0,0.0,0.0,0.0,0.21650421059526362,0.0,0.0,0.0,0.0,0.0,0.0,0.0,0.3098721966184224,0.0,0.0,0.0,0.0,0.0,0.0,0.0,0.0,0.0,0.0,0.0,0.0,0.0,0.0,0.0,0.0,0.0,0.0,0.17630593573937503,0.0,0.0,0.0,0.0,0.0,0.0,0.0,0.0,0.0,0.0,0.0,0.0,0.0,0.0,0.0
90b33beb786f0c1274a79cda8d18e43b5ed5f2cad0b1e0de7b3b42370d2ffa77,0.0,0.0,0.0,0.0,0.0,0.0,0.0,0.0,0.0,0.0,0.2855109209089203,0.0,0.18588879292836577,0.0,0.0,0.0,0.0,0.0,0.0,0.0,0.0,0.2717638951459884,0.0,0.0,0.0,0.0,0.0,0.0,0.0,0.0,0.0,0.0,0.0,0.0,0.0,0.0,0.0,0.0,0.0,0.0,0.0,0.0,0.0,0.0,0.0,0.0,0.0,0.0,0.0,0.0,0.0,0.0,0.0,0.0,0.0,0.0,0.0,0.0,0.0,0.0,0.0,0.0,0.0,0.0,0.3589812185413163,0.0,0.0,0.0,0.0,0.0,0.0,0.0,0.0,0.0,0.0,0.17671808253302848,0.0,0.0,0.0,0.1616786223001002,0.0,0.0,0.0,0.0,0.0,0.0,0.0,0.0,0.0,0.0,0.0,0.0,0.0,0.0,0.0,0.0,0.0,0.0,0.0,0.22699150960886666,0.0,0.0,0.24899864233008526,0.0,0.4235272388306666,0.0,0.0,0.0,0.0,0.0,0.0,0.0,0.0,0.0,0.0,0.0,0.0,0.21484543727635502,0.0,0.0,0.0,0.0,0.0,0.0,0.0,0.0,0.0,0.0,0.0,0.0,0.0,0.0,0.0,0.0,0.0,0.0,0.0,0.0,0.0,0.0,0.0,0.0,0.0,0.0,0.0,0.0,0.0,0.0,0.0,0.0,0.0,0.5336451347715108,0.0,0.0,0.0,0.0,0.0,0.0,0.0,0.0,0.0
a111e371822094423c652cef67b75663d97e7d7a18c33213d745a1f2075d210f,0.0,0.0,0.0,0.0,0.0,0.0,0.0,0.0,0.0,0.0,0.0,0.0,0.08336051834742297,0.0,0.0,0.0,0.0,0.0,0.0,0.0,0.2353633358908619,0.0,0.2734299120946635,0.0,0.0,0.0,0.0,0.0,0.0,0.0,0.0,0.0,0.0,0.0,0.0,0.0,0.0,0.0,0.34552396027354093,0.0,0.0,0.24068619219443946,0.15268101069304924,0.14432866933327293,0.0,0.0,0.0,0.0,0.0,0.0,0.0,0.0,0.23930939755618447,0.0,0.0,0.0,0.0,0.0,0.0,0.0,0.0,0.0,0.0,0.0,0.0,0.0,0.0,0.136081072821167,0.0,0.0,0.0,0.0,0.0,0.0,0.0,0.0,0.0,0.0,0.0,0.07250363805324893,0.0,0.3190778259614429,0.0,0.0,0.0,0.0,0.0,0.0,0.17368327299673722,0.0,0.0,0.0,0.0,0.0,0.0,0.0,0.0,0.0,0.0,0.0,0.0,0.0,0.0,0.0,0.0,0.0,0.0,0.0,0.0,0.0,0.0,0.0,0.0,0.0,0.0,0.0,0.10417587504519661,0.0,0.10582032255236598,0.09380156077597765,0.0,0.0,0.0,0.0,0.0,0.0,0.15145560313129994,0.0,0.0,0.0,0.0,0.0,0.0,0.11936515841058656,0.0,0.3545434818658719,0.0,0.26235715974723095,0.0,0.0,0.0,0.0,0.0,0.12844310344504453,0.0,0.08617269353118771,0.17829282664681012,0.1929290293084147,0.0,0.0,0.0,0.23930939755618447,0.0,0.0,0.12506461592265172,0.0,0.0,0.0,0.0,0.0,0.0
d9e5cf75da07717a818853d2f1aa79d3d1aaa155bb06fffed3c92ccaf972aef7,0.0,0.0,0.0,0.0,0.0,0.0,0.0,0.0,0.0,0.0,0.22342909446566972,0.0,0.14546891776707352,0.0,0.0,0.0,0.0,0.0,0.0,0.0,0.0,0.21267123796046125,0.0,0.0,0.0,0.0,0.0,0.0,0.0,0.0,0.0,0.0,0.0,0.0,0.0,0.0,0.0,0.0,0.0,0.0,0.0,0.0,0.0,0.2518618615490181,0.0,0.0,0.0,0.30386380902152027,0.0,0.0,0.0,0.0,0.0,0.0,0.0,0.0,0.0,0.0,0.0,0.0,0.0,0.0,0.0,0.0,0.0,0.0,0.0,0.0,0.0,0.0,0.0,0.0,0.0,0.0,0.43575088860923633,0.13829229729765632,0.2949145632199125,0.23505728339899867,0.0,0.1265230347755843,0.0,0.0,0.0,0.0,0.0,0.0,0.0,0.0,0.0,0.0,0.0,0.0,0.0,0.0,0.0,0.0,0.0,0.0,0.0,0.0,0.0,0.0,0.0,0.0,0.33143498382560393,0.0,0.0,0.0,0.0,0.0,0.0,0.0,0.0,0.0,0.0,0.0,0.18179291708700268,0.0,0.0,0.0,0.0,0.0,0.0,0.0,0.0,0.0,0.0,0.0,0.0,0.0,0.0,0.0,0.0,0.2082990935914701,0.0,0.0,0.0,0.0,0.0,0.0,0.0,0.0,0.0,0.0,0.0,0.0,0.0,0.0,0.0,0.0,0.0,0.4176087165017573,0.0,0.0,0.0,0.0,0.0,0.0,0.0,0.0,0.0
6f55f8d4f012077d31e6464428b9a8a8a4a7fcd6cf77e73f8c0a8304718800c6,0.0,0.0,0.0,0.0,0.0,0.0,0.0,0.0,0.0,0.0,0.0,0.0,0.0,0.0,0.0,0.0,0.0,0.0,0.0,0.0,0.0,0.0,0.0,0.0,0.0,0.0,0.4059326849542178,0.0,0.0,0.0,0.0,0.0,0.0,0.0,0.0,0.0,0.0,0.0,0.0,0.0,0.0,0.0,0.35410371988929873,0.0,0.3750221440795025,0.0,0.0,0.0,0.0,0.0,0.0,0.0,0.0,0.0,0.0,0.0,0.0,0.0,0.3733570784309029,0.0,0.0,0.0,0.0,0.0,0.0,0.0,0.0,0.0,0.0,0.0,0.0,0.0,0.0,0.0,0.0,0.0,0.0,0.31239881235333744,0.0,0.16815324855150146,0.0,0.0,0.0,0.0,0.0,0.0,0.0,0.0,0.0,0.0,0.0,0.0,0.0,0.0,0.0,0.0,0.0,0.0,0.0,0.0,0.0,0.0,0.0,0.0,0.0,0.0,0.0,0.0,0.0,0.0,0.0,0.0,0.0,0.0,0.0,0.0,0.0,0.0,0.0,0.21754821671289834,0.0,0.0,0.0,0.0,0.0,0.0,0.0,0.0,0.0,0.0,0.0,0.0,0.0,0.27683630352263805,0.0,0.0,0.0,0.0,0.0,0.0,0.0,0.0,0.37418705745751296,0.0,0.0,0.19985505200525389,0.0,0.0,0.0,0.0,0.0,0.0,0.0,0.0,0.0,0.0,0.0,0.0,0.0,0.0,0.0
7a2255a084370a4ffe76c410db4ae7204e25ed78008f476256e91754b641bc65,0.0,0.0,0.0,0.0,0.4031157462880778,0.0,0.0,0.0,0.0,0.0,0.0,0.0,0.14505296544058233,0.0,0.0,0.0,0.0,0.0,0.0,0.0,0.0,0.0,0.0,0.0,0.0,0.0,0.0,0.0,0.0,0.0,0.0,0.0,0.0,0.0,0.0,0.0,0.0,0.0,0.0,0.0,0.0,0.4188103266452957,0.26567533175825914,0.0,0.0,0.0,0.0,0.0,0.0,0.0,0.0,0.0,0.4164146104352638,0.0,0.0,0.0,0.0,0.0,0.0,0.0,0.0,0.0,0.0,0.0,0.0,0.0,0.0,0.0,0.0,0.0,0.0,0.0,0.0,0.0,0.0,0.0,0.0,0.0,0.0,0.12616125611195322,0.0,0.0,0.0,0.0,0.0,0.0,0.0,0.0,0.0,0.0,0.0,0.0,0.0,0.0,0.0,0.0,0.0,0.0,0.0,0.0,0.0,0.0,0.19429891867970883,0.0,0.0,0.0,0.0,0.0,0.0,0.0,0.0,0.0,0.0,0.4212637764782357,0.0,0.0,0.0,0.0,0.0,0.1632210886309969,0.0,0.0,0.0,0.0,0.0,0.0,0.2635430393465896,0.0,0.0,0.0,0.0,0.0,0.0,0.0,0.0,0.0,0.0,0.0,0.0,0.0,0.0,0.0,0.0,0.0,0.0,0.14994634131959758,0.0,0.0,0.0,0.0,0.0,0.0,0.0,0.0,0.21762092859909518,0.0,0.0,0.0,0.0,0.0,0.0
7b35814be8376bdf8465e94ccb758b1cc378b055713dcd75be748e19b948a77a,0.0,0.0,0.0,0.0,0.0,0.0,0.0,0.0,0.0,0.0,0.15788399902001218,0.0,0.1027941975287727,0.0,0.0,0.0,0.0,0.0,0.0,0.0,0.0,0.1502820642317622,0.0,0.35402980413301527,0.0,0.27106222182331047,0.21583245588949906,0.0,0.0,0.4164407943480961,0.5164642164503322,0.0,0.0,0.0,0.1680934255613929,0.0,0.0,0.0,0.0,0.0,0.0,0.0,0.0,0.0,0.19939746999863645,0.0,0.0,0.0,0.0,0.0,0.0,0.0,0.0,0.0,0.0,0.0,0.0,0.0,0.19851216260291632,0.0,0.0,0.0,0.0,0.0,0.19851216260291632,0.0,0.0,0.0,0.0,0.0,0.0,0.0,0.0,0.0,0.0,0.09772290839397936,0.0,0.0,0.0,0.08940627336958867,0.0,0.0,0.0,0.0,0.0,0.0,0.0,0.0,0.0,0.0,0.0,0.0,0.0,0.0,0.0,0.0,0.0,0.0,0.0,0.0,0.0,0.0,0.0,0.0,0.0,0.0,0.0,0.0,0.0,0.0,0.0,0.0,0.0,0.0,0.0,0.0,0.12846219876534312,0.1188068628002325,0.0,0.11566934033119657,0.0,0.0,0.0,0.0,0.16227382497318973,0.0,0.0,0.0,0.0,0.0,0.0,0.0,0.0,0.1471925308882199,0.0,0.0,0.0,0.0,0.0,0.0,0.0,0.0,0.0,0.0,0.0,0.0,0.0,0.0,0.0,0.0,0.0,0.0,0.0,0.0,0.0,0.0,0.0,0.0,0.0,0.0,0.0
7d317343ffac1b8811eb2f88ea4739083f68616a1032ef3aaa6342b3d79f0455,0.0,0.0,0.0,0.0,0.0,0.0,0.0,0.0,0.0,0.0,0.0,0.38908356052673887,0.14489026074255962,0.0,0.0,0.0,0.0,0.0,0.0,0.0,0.40908880825739075,0.0,0.0,0.0,0.0,0.0,0.0,0.0,0.0,0.0,0.0,0.0,0.0,0.0,0.0,0.0,0.0,0.0,0.0,0.0,0.0,0.0,0.0,0.0,0.0,0.0,0.0,0.0,0.0,0.0,0.0,0.0,0.0,0.0,0.0,0.0,0.0,0.0,0.0,0.0,0.0,0.0,0.0,0.0,0.2798064452232837,0.0,0.0,0.0,0.0,0.0,0.0,0.0,0.0,0.0,0.0,0.13774218796505244,0.0,0.0,0.0,0.0,0.0,0.0,0.0,0.0,0.0,0.0,0.0,0.0,0.0,0.0,0.0,0.0,0.0,0.0,0.0,0.0,0.0,0.6867301428056194,0.0,0.17692760545413835,0.0,0.0,0.1940809752078612,0.0,0.0,0.0,0.0,0.0,0.0,0.0,0.0,0.0,0.0,0.0,0.0,0.0,0.0,0.0,0.0,0.0,0.0,0.0,0.0,0.0,0.0,0.0,0.0,0.0,0.0,0.0,0.0,0.0,0.0,0.0,0.0,0.0,0.0,0.0,0.0,0.0,0.0,0.0,0.0,0.0,0.0,0.14977814776278262,0.0,0.0,0.0,0.0,0.0,0.0,0.0,0.0,0.0,0.0,0.0,0.0,0.0,0.0,0.0
3a99f6960db39c701811edf0ec230f829ac336e829c551f8b849c997e334188a,0.0,0.0,0.0,0.0,0.0,0.0,0.0,0.0,0.0,0.0,0.26392933430074605,0.0,0.1718375788056238,0.0,0.0,0.0,0.0,0.0,0.0,0.0,0.0,0.2512214373604983,0.0,0.0,0.0,0.0,0.0,0.0,0.0,0.0,0.0,0.0,0.0,0.0,0.0,0.0,0.0,0.0,0.0,0.0,0.0,0.0,0.0,0.2975160133614238,0.0,0.0,0.0,0.0,0.0,0.0,0.0,0.0,0.0,0.0,0.0,0.0,0.0,0.0,0.0,0.0,0.0,0.0,0.0,0.0,0.0,0.0,0.0,0.0,0.0,0.0,0.0,0.0,0.0,0.0,0.0,0.1633600765020309,0.34837273333794283,0.2776653258986012,0.0,0.1494574393808906,0.0,0.0,0.0,0.0,0.0,0.0,0.0,0.0,0.35802696171356224,0.0,0.0,0.0,0.0,0.0,0.0,0.0,0.0,0.0,0.0,0.2098333676073328,0.0,0.0,0.0,0.0,0.0,0.0,0.0,0.0,0.0,0.0,0.0,0.0,0.0,0.0,0.0,0.0,0.21474590720652825,0.0,0.21813573591329352,0.0,0.0,0.0,0.0,0.0,0.2712676576818978,0.0,0.0,0.0,0.0,0.0,0.0,0.0,0.0,0.2460567690994814,0.0,0.0,0.0,0.0,0.0,0.0,0.0,0.0,0.0,0.2647698496581991,0.0,0.17763453621826122,0.0,0.0,0.0,0.0,0.0,0.0,0.0,0.0,0.0,0.0,0.0,0.0,0.0,0.0,0.0
c10fe0c81ce363d98aa22cb8ac0b50303ad1f37bd57d0ad720690c6f469f7a3b,0.0,0.0,0.0,0.0,0.0,0.0,0.0,0.0,0.0,0.0,0.0,0.0,0.0,0.0,0.0,0.0,0.0,0.0,0.0,0.0,0.0,0.0,0.0,0.0,0.0,0.0,0.4482661778378216,0.0,0.0,0.0,0.0,0.0,0.0,0.0,0.0,0.0,0.0,0.0,0.0,0.0,0.0,0.0,0.39103212664639914,0.0,0.4141320700746807,0.0,0.0,0.0,0.0,0.0,0.0,0.0,0.0,0.0,0.0,0.0,0.0,0.0,0.4122933597618342,0.0,0.0,0.0,0.0,0.0,0.0,0.0,0.0,0.0,0.0,0.0,0.0,0.0,0.0,0.0,0.0,0.0,0.0,0.3449779403461913,0.0,0.18568944264169326,0.0,0.0,0.0,0.0,0.0,0.0,0.0,0.0,0.0,0.0,0.0,0.0,0.0,0.0,0.0,0.0,0.0,0.0,0.0,0.0,0.0,0.0,0.0,0.0,0.0,0.0,0.0,0.0,0.0,0.0,0.0,0.0,0.0,0.0,0.0,0.0,0.0,0.0,0.0,0.2402356627486736,0.0,0.0,0.0,0.0,0.0,0.0,0.0,0.0,0.0,0.0,0.0,0.0,0.0,0.30570672494834933,0.0,0.0,0.0,0.0,0.0,0.0,0.0,0.0,0.0,0.0,0.0,0.0,0.0,0.0,0.0,0.0,0.0,0.0,0.0,0.0,0.0,0.0,0.0,0.0,0.0,0.0,0.0
8bb4dbfeb12ea6c27f6a4bf9ba8188cc231208519e0d7c42bb48c1d75062c76d,0.0,0.0,0.0,0.0,0.0,0.0,0.0,0.0,0.0,0.0,0.19954364571873004,0.0,0.12991771845747735,0.0,0.0,0.0,0.0,0.0,0.0,0.0,0.0,0.1899358463750412,0.0,0.0,0.0,0.0,0.0,0.0,0.0,0.0,0.0,0.0,0.0,0.0,0.0,0.0,0.0,0.0,0.0,0.0,0.0,0.0,0.0,0.22493683820000104,0.0,0.0,0.0,0.0,0.3198370689623036,0.3163516860258581,0.0,0.0,0.0,0.0,0.0,0.0,0.0,0.0,0.0,0.0,0.0,0.0,0.0,0.0,0.0,0.0,0.0,0.0,0.0,0.0,0.0,0.0,0.4523753250203638,0.0,0.0,0.12350830693552711,0.2633870367741672,0.2099287355317274,0.0,0.1129972248551407,0.0,0.0,0.0,0.0,0.0,0.0,0.0,0.0,0.2706861114745078,0.0,0.0,0.0,0.0,0.0,0.0,0.0,0.0,0.0,0.0,0.1586444162288303,0.0,0.0,0.0,0.0,0.0,0.0,0.0,0.0,0.0,0.0,0.0,0.0,0.0,0.0,0.0,0.0,0.16235853942001785,0.0,0.16492141777646147,0.14619012699723877,0.0,0.0,0.0,0.0,0.20509178156659846,0.0,0.0,0.0,0.0,0.0,0.0,0.0,0.0,0.18603110143086313,0.0,0.0,0.0,0.0,0.0,0.0,0.0,0.0,0.0,0.20017911694875876,0.0,0.13430050530933893,0.0,0.0,0.0,0.0,0.0,0.0,0.0,0.0,0.0,0.0,0.0,0.0,0.0,0.0,0.0
dca68095317df735cbaac8724a3d4af4aa504d1b58e30699388b67ec44a0e5b8,0.0,0.0,0.0,0.0,0.0,0.0,0.0,0.0,0.0,0.0,0.0,0.35705115375022006,0.1329617594104079,0.44858839407084433,0.0,0.0,0.0,0.0,0.0,0.0,0.0,0.0,0.0,0.45792882062308976,0.0,0.0,0.0,0.0,0.0,0.0,0.0,0.0,0.0,0.0,0.21742470047211893,0.0,0.0,0.0,0.0,0.0,0.0,0.0,0.0,0.0,0.0,0.0,0.0,0.0,0.0,0.0,0.0,0.0,0.0,0.0,0.0,0.0,0.0,0.0,0.0,0.0,0.0,0.0,0.0,0.0,0.0,0.0,0.0,0.0,0.0,0.0,0.0,0.0,0.0,0.0,0.0,0.12640217198182496,0.0,0.0,0.0,0.11564480968121761,0.0,0.0,0.0,0.0,0.0,0.0,0.0,0.0,0.27702843043223807,0.0,0.0,0.0,0.0,0.0,0.0,0.0,0.0,0.0,0.0,0.162361538925319,0.0,0.0,0.17810270890171015,0.0,0.0,0.0,0.2126936957906701,0.0,0.0,0.0,0.0,0.0,0.0,0.0,0.0,0.0,0.16616268599002001,0.1536737470374069,0.16878561394375508,0.14961543910075575,0.0,0.0,0.0,0.0,0.0,0.0,0.0,0.0,0.0,0.0,0.0,0.0,0.0,0.0,0.0,0.0,0.0,0.0,0.0,0.0,0.0,0.0,0.25734139196005756,0.0,0.0,0.1374472372795028,0.0,0.0,0.0,0.0,0.0,0.0,0.0,0.0,0.0,0.0,0.0,0.0,0.0,0.0,0.0
8bfa4c75f7d250744c857d4654efad7f5a2c1f3f2a189a0f6947760f911c84d7,0.0,0.0,0.0,0.0,0.0,0.0,0.0,0.0,0.0,0.0,0.0,0.0,0.316543764558791,0.0,0.0,0.0,0.0,0.6195781077374173,0.0,0.0,0.0,0.0,0.0,0.0,0.0,0.0,0.0,0.0,0.0,0.0,0.0,0.0,0.0,0.0,0.0,0.0,0.0,0.0,0.0,0.0,0.0,0.0,0.5797735289983705,0.0,0.0,0.0,0.0,0.0,0.0,0.0,0.0,0.0,0.0,0.0,0.0,0.0,0.0,0.0,0.0,0.0,0.0,0.0,0.0,0.0,0.0,0.0,0.0,0.0,0.0,0.0,0.0,0.0,0.0,0.0,0.0,0.0,0.0,0.0,0.0,0.0,0.0,0.0,0.0,0.0,0.0,0.0,0.0,0.0,0.0,0.0,0.0,0.0,0.0,0.0,0.0,0.0,0.0,0.0,0.0,0.0,0.0,0.0,0.42401140150265465,0.0,0.0,0.0,0.0,0.0,0.0,0.0,0.0,0.0,0.0,0.0,0.0,0.0,0.0,0.0,0.0,0.0,0.0,0.0,0.0,0.0,0.0,0.0,0.0,0.0,0.0,0.0,0.0,0.0,0.0,0.0,0.0,0.0,0.0,0.0,0.0,0.0,0.0,0.0,0.0,0.0,0.0,0.0,0.0,0.0,0.0,0.0,0.0,0.0,0.0,0.0,0.0,0.0,0.0,0.0,0.0,0.0,0.0
8c1a72991fb04dc3a8cf89605fb85150ef0e742472a0c58b8fa942a1f04877b0,0.0,0.38186827507905957,0.44970874112860226,0.0,0.0,0.0,0.0,0.0,0.0,0.0,0.0,0.0,0.17854188499734705,0.0,0.0,0.0,0.0,0.0,0.0,0.0,0.5041021155132646,0.0,0.0,0.0,0.0,0.0,0.0,0.0,0.0,0.0,0.0,0.0,0.0,0.0,0.0,0.0,0.0,0.0,0.0,0.0,0.0,0.0,0.0,0.0,0.0,0.0,0.0,0.0,0.0,0.0,0.0,0.0,0.0,0.0,0.0,0.0,0.0,0.0,0.0,0.0,0.0,0.0,0.0,0.0,0.0,0.0,0.0,0.0,0.0,0.0,0.0,0.0,0.0,0.0,0.0,0.0,0.0,0.0,0.0,0.15528857622071912,0.0,0.0,0.0,0.0,0.0,0.0,0.0,0.0,0.0,0.0,0.0,0.0,0.0,0.0,0.0,0.0,0.0,0.0,0.0,0.21802009344144901,0.0,0.0,0.23915743527650693,0.0,0.0,0.0,0.0,0.0,0.0,0.0,0.0,0.0,0.0,0.0,0.0,0.0,0.22312429757572982,0.0,0.0,0.0,0.0,0.0,0.39147189305310837,0.0,0.0,0.0,0.0,0.0,0.0,0.0,0.0,0.0,0.0,0.0,0.0,0.0,0.0,0.0,0.0,0.0,0.0,0.0,0.0,0.0,0.0,0.18456501283059232,0.0,0.0,0.0,0.0,0.0,0.0,0.0,0.0,0.0,0.0,0.0,0.0,0.0,0.0,0.0
8c4294e3154675cd926ab6b772dbbe0e7a49cae16f4a37d908e1ca6748251c43,0.0,0.0,0.0,0.0,0.0,0.0,0.0,0.0,0.0,0.0,0.15771967446572643,0.0,0.10268721005191042,0.0,0.0,0.0,0.0,0.0,0.0,0.0,0.0,0.15012565171766762,0.0,0.0,0.0,0.0,0.0,0.0,0.0,0.0,0.0,0.0,0.0,0.0,0.0,0.0,0.0,0.0,0.0,0.0,0.0,0.2964880025272653,0.0,0.0,0.0,0.0,0.0,0.21449892707752818,0.25279982340260343,0.25004497014659227,0.0,0.0,0.0,0.0,0.0,0.0,0.0,0.0,0.19830555254209636,0.0,0.0,0.0,0.0,0.0,0.0,0.0,0.0,0.16763074397687552,0.0,0.0,0.0,0.0,0.0,0.0,0.0,0.09762119907913415,0.0,0.0,0.0,0.08931321994990715,0.0,0.0,0.0,0.0,0.0,0.0,0.0,0.0,0.0,0.0,0.0,0.0,0.0,0.0,0.0,0.0,0.0,0.0,0.0,0.12539284622816585,0.0,0.0,0.13754985163330022,0.0,0.0,0.0,0.16426469018778664,0.0,0.0,0.0,0.0,0.0,0.0,0.0,0.0,0.0,0.0,0.11868320945412451,0.13035420010714993,0.11554895249637842,0.13792920278580337,0.0,0.0,0.0,0.16210493151896718,0.0,0.0,0.0,0.0,0.0,0.0,0.0,0.262826594625696,0.0,0.0,0.0,0.0,0.32318326835859185,0.0,0.0,0.0,0.0,0.0,0.0,0.0,0.10615137305764522,0.0,0.0,0.0,0.0,0.0,0.0,0.0,0.0,0.15406018028566942,0.0,0.0,0.0,0.0,0.48670215694176894,0.0
8cf3201b5683581835a69266235c7425658b29e1e465d2c1fc9e3eade4d6b1be,0.0,0.0,0.0,0.0,0.0,0.0,0.0,0.0,0.0,0.0,0.16054107530727882,0.0,0.1045241513329431,0.0,0.0,0.0,0.0,0.0,0.0,0.0,0.0,0.1528112053211077,0.0,0.0,0.0,0.0,0.0,0.0,0.0,0.0,0.0,0.0,0.0,0.0,0.0,0.0,0.0,0.47430257189692987,0.0,0.0,0.0,0.0,0.1914437839845838,0.0,0.0,0.0,0.0,0.0,0.0,0.0,0.0,0.0,0.0,0.0,0.0,0.0,0.0,0.0,0.201852982212631,0.0,0.0,0.0,0.0,0.0,0.201852982212631,0.0,0.0,0.0,0.0,0.0,0.0,0.0,0.0,0.0,0.0,0.0993675159807397,0.0,0.0,0.0,0.09091091785780628,0.0,0.4000855516370643,0.0,0.0,0.0,0.0,0.0,0.0,0.0,0.0,0.0,0.0,0.0,0.0,0.0,0.0,0.0,0.0,0.0,0.0,0.0,0.0,0.14001044044993474,0.0,0.0,0.0,0.0,0.0,0.0,0.0,0.0,0.4234491990412947,0.0,0.0,0.0,0.0,0.0,0.12080629846103703,0.0,0.0,0.14039657770356662,0.0,0.0,0.0,0.16500477893341767,0.0,0.0,0.0,0.0,0.0,0.0,0.0,0.0,0.0,0.0,0.0,0.0,0.32896459873738826,0.0,0.0,0.0,0.0,0.0,0.0,0.0,0.0,0.22355794761664274,0.0,0.0,0.0,0.0,0.0,0.0,0.0,0.0,0.0,0.0,0.0,0.0,0.0,0.0
3aa75da2773573786f07530f5a09b8e0aacd0402fd11e14d8067b5f4607bbd6a,0.0,0.0,0.0,0.0,0.0,0.0,0.0,0.0,0.0,0.0,0.0,0.0,0.2161438185615175,0.0,0.0,0.0,0.0,0.0,0.0,0.0,0.0,0.0,0.0,0.0,0.0,0.0,0.0,0.0,0.0,0.0,0.0,0.0,0.0,0.0,0.0,0.0,0.0,0.0,0.0,0.0,0.0,0.0,0.0,0.0,0.0,0.0,0.0,0.4514935906082968,0.0,0.0,0.0,0.0,0.0,0.0,0.0,0.0,0.0,0.0,0.0,0.0,0.0,0.0,0.0,0.0,0.41740854919256737,0.0,0.0,0.35284188842168174,0.0,0.0,0.0,0.0,0.0,0.0,0.0,0.20548049490147383,0.0,0.0,0.0,0.18799323107754926,0.0,0.0,0.0,0.0,0.0,0.0,0.0,0.0,0.0,0.0,0.0,0.0,0.0,0.0,0.0,0.0,0.0,0.0,0.0,0.2639363616009423,0.0,0.0,0.28952534750493575,0.0,0.0,0.0,0.0,0.0,0.0,0.0,0.0,0.0,0.0,0.0,0.0,0.0,0.27011554007392263,0.24981340984513015,0.0,0.0,0.29032383454763844,0.0,0.0,0.0,0.0,0.0,0.0,0.0,0.0,0.0,0.0,0.0,0.0,0.0,0.0,0.0,0.0,0.0,0.0,0.0,0.0,0.0,0.0,0.0,0.0,0.0,0.0,0.0,0.0,0.0,0.0,0.0,0.0,0.0,0.0,0.0,0.0,0.0,0.0,0.0,0.0
d2c72e0d3a6a14fc83ae9f0ee58da6674ec7096fd7ddf61a7fabb6737c08fffb,0.0,0.0,0.0,0.0,0.0,0.0,0.0,0.0,0.0,0.0,0.0,0.0,0.36810692077487056,0.0,0.0,0.0,0.0,0.0,0.0,0.0,0.0,0.0,0.0,0.0,0.0,0.0,0.0,0.0,0.0,0.0,0.0,0.0,0.0,0.0,0.0,0.0,0.0,0.0,0.0,0.0,0.0,0.0,0.0,0.0,0.0,0.0,0.0,0.0,0.0,0.0,0.0,0.0,0.0,0.0,0.0,0.0,0.0,0.0,0.0,0.0,0.0,0.0,0.0,0.0,0.0,0.0,0.0,0.0,0.0,0.0,0.0,0.0,0.0,0.0,0.0,0.0,0.0,0.0,0.0,0.0,0.0,0.0,0.0,0.0,0.0,0.0,0.0,0.0,0.0,0.0,0.0,0.0,0.0,0.0,0.0,0.0,0.0,0.0,0.0,0.0,0.0,0.0,0.4930804168520932,0.0,0.0,0.0,0.0,0.0,0.0,0.0,0.0,0.0,0.0,0.0,0.0,0.0,0.0,0.0,0.0,0.41421291980473207,0.0,0.0,0.0,0.0,0.0,0.0,0.0,0.0,0.0,0.0,0.0,0.0,0.0,0.0,0.0,0.0,0.0,0.0,0.0,0.0,0.0,0.0,0.0,0.0,0.0,0.38052504350367605,0.0,0.0,0.0,0.0,0.0,0.0,0.0,0.0,0.5522656477891535,0.0,0.0,0.0,0.0,0.0,0.0
8eb7939848c171ebb4a2203ad90741bcdc5c7e1feebdd3cd1b7ca4bd4dc307ed,0.0,0.25802943653326005,0.0,0.0,0.0,0.0,0.0,0.0,0.0,0.0,0.1852956857208909,0.0,0.12064123937479156,0.0,0.0,0.0,0.0,0.0,0.0,0.0,0.0,0.17637390942856548,0.3957139918415619,0.0,0.0,0.0,0.0,0.0,0.0,0.0,0.0,0.0,0.0,0.0,0.0,0.0,0.0,0.0,0.0,0.0,0.0,0.0,0.0,0.20887573507055568,0.0,0.0,0.0,0.0,0.2969998307832215,0.0,0.0,0.0,0.0,0.0,0.0,0.0,0.0,0.0,0.0,0.0,0.0,0.0,0.0,0.0,0.0,0.0,0.0,0.0,0.0,0.0,0.0,0.0,0.0,0.0,0.0,0.11468947729913419,0.244580484701858,0.19493925182514477,0.0,0.10492891511867207,0.0,0.0,0.0,0.0,0.0,0.0,0.0,0.0,0.25135838558091694,0.0,0.0,0.0,0.0,0.0,0.0,0.0,0.0,0.0,0.0,0.14731677265407553,0.0,0.0,0.0,0.0,0.0,0.0,0.0,0.0,0.0,0.0,0.0,0.0,0.0,0.0,0.0,0.0,0.15076569732959758,0.0,0.15314557918835564,0.13575175360763114,0.0,0.0,0.0,0.0,0.19044766955230055,0.0,0.0,0.0,0.0,0.0,0.0,0.0,0.0,0.1727479739126006,0.0,0.0,0.0,0.0,0.0,0.0,0.0,0.0,0.0,0.18588578257363683,0.0,0.12471108330371787,0.25802943653326005,0.279211282134046,0.0,0.0,0.0,0.0,0.0,0.0,0.18099635853940713,0.0,0.0,0.0,0.0,0.0,0.0
8f514ff2413fa5e432688b4e5fbe53517d2fd009bcf08c74c0d0b257c961c0f9,0.0,0.0,0.0,0.0,0.0,0.0,0.0,0.0,0.0,0.0,0.2660121829216433,0.0,0.173193667794299,0.0,0.0,0.0,0.0,0.0,0.0,0.0,0.0,0.2532039991918023,0.0,0.0,0.0,0.0,0.36364712759288276,0.0,0.0,0.0,0.0,0.0,0.0,0.0,0.0,0.0,0.0,0.0,0.0,0.0,0.0,0.0,0.0,0.0,0.335956503462184,0.0,0.0,0.0,0.0,0.0,0.0,0.0,0.0,0.0,0.0,0.0,0.0,0.0,0.3344648858546116,0.0,0.0,0.0,0.0,0.0,0.0,0.0,0.0,0.0,0.0,0.0,0.0,0.0,0.0,0.0,0.0,0.16464926366628985,0.0,0.27985657471393705,0.0,0.15063691123581752,0.0,0.0,0.0,0.0,0.0,0.0,0.0,0.0,0.0,0.0,0.0,0.0,0.0,0.0,0.0,0.0,0.0,0.0,0.0,0.21148930760163878,0.0,0.0,0.0,0.0,0.0,0.0,0.0,0.0,0.0,0.0,0.0,0.0,0.0,0.0,0.0,0.0,0.0,0.0,0.0,0.1948864603734035,0.0,0.0,0.0,0.0,0.2734084180797282,0.0,0.3146711648910766,0.0,0.0,0.0,0.0,0.0,0.0,0.24799857296732014,0.0,0.0,0.0,0.0,0.0,0.0,0.0,0.0,0.0,0.0,0.0,0.17903637300069458,0.0,0.0,0.0,0.0,0.0,0.0,0.0,0.0,0.0,0.0,0.0,0.0,0.0,0.0,0.0
8fe2ada7119ce697fc34046eeb62cfef1c568f42760376226c4ab82fea01eb44,0.0,0.4666278436748607,0.0,0.0,0.0,0.0,0.0,0.0,0.0,0.0,0.0,0.0,0.21817108212173034,0.0,0.0,0.0,0.0,0.0,0.0,0.0,0.0,0.0,0.0,0.0,0.0,0.0,0.0,0.0,0.0,0.0,0.0,0.0,0.0,0.0,0.0,0.0,0.0,0.0,0.0,0.0,0.0,0.0,0.3995966193913644,0.0,0.0,0.0,0.0,0.0,0.0,0.0,0.0,0.0,0.0,0.0,0.0,0.0,0.0,0.0,0.0,0.0,0.0,0.0,0.0,0.0,0.0,0.0,0.0,0.3561512752349363,0.0,0.0,0.0,0.0,0.0,0.0,0.0,0.0,0.0,0.0,0.0,0.1897564636764113,0.0,0.0,0.0,0.0,0.0,0.0,0.0,0.0,0.0,0.0,0.0,0.0,0.0,0.0,0.0,0.0,0.0,0.0,0.0,0.0,0.0,0.0,0.0,0.0,0.0,0.0,0.0,0.0,0.0,0.0,0.0,0.0,0.0,0.0,0.0,0.0,0.0,0.0,0.2769528637705975,0.0,0.0,0.0,0.0,0.0,0.0,0.0,0.3963894836982686,0.0,0.0,0.0,0.0,0.0,0.0,0.0,0.0,0.0,0.0,0.0,0.0,0.0,0.0,0.0,0.42226013109031774,0.0,0.0,0.0,0.0,0.0,0.0,0.0,0.0,0.0,0.0,0.0,0.0,0.0,0.0,0.0,0.0,0.0,0.0
9ad3050367fc8aab3996eedb6bd086731288c5401b587cce63fda64f6732fa93,0.0,0.0,0.0,0.0,0.0,0.0,0.3053406657121851,0.0,0.0,0.0,0.0,0.0,0.1147579492694473,0.0,0.0,0.0,0.29616256370312255,0.22461827088994873,0.0,0.0,0.0,0.0,0.0,0.0,0.0,0.3026099278819335,0.0,0.0,0.0,0.0,0.0,0.0,0.0,0.0,0.0,0.0,0.0,0.0,0.0,0.0,0.0,0.0,0.0,0.0,0.0,0.0,0.0,0.0,0.0,0.2794374098259889,0.0,0.0,0.0,0.0,0.0,0.0,0.0,0.0,0.0,0.0,0.1665238664845045,0.3039637253199717,0.0,0.0,0.0,0.0,0.0,0.0,0.0,0.0,0.0,0.0,0.0,0.0,0.0,0.10909643572829225,0.0,0.0,0.0,0.0,0.0,0.0,0.0,0.0,0.0,0.0,0.0,0.0,0.23910043539367343,0.0,0.0,0.0,0.0,0.0,0.0,0.0,0.0,0.0,0.0,0.1401326015083,0.0,0.0,0.15371864604924673,0.0,0.0,0.0,0.0,0.0,0.0,0.0,0.0,0.0,0.0,0.0,0.2304308874857518,0.26227295344961804,0.14341333308067813,0.13263425623100003,0.14567715565934192,0.12913157171193856,0.15414258940394743,0.0,0.0,0.0,0.0,0.0,0.0,0.0,0.0,0.0,0.0,0.0,0.2937214965473305,0.0,0.0,0.0,0.0,0.0,0.0,0.0,0.0,0.0,0.0,0.1768207233036293,0.0,0.11862931983519004,0.0,0.0,0.0,0.0,0.0,0.0,0.0,0.0,0.0,0.0,0.0,0.0,0.0,0.0,0.0
a6371461da7439f4ef7008ed53331209747cba960b85c70a902d46451247a29c,0.0,0.3481587178113932,0.0,0.0,0.0,0.0,0.0,0.0,0.0,0.0,0.0,0.0,0.16278103684689746,0.0,0.7386566974995254,0.0,0.0,0.0,0.0,0.0,0.0,0.0,0.0,0.0,0.0,0.0,0.0,0.0,0.0,0.0,0.0,0.0,0.0,0.0,0.0,0.0,0.0,0.0,0.0,0.0,0.0,0.0,0.0,0.0,0.0,0.0,0.0,0.0,0.0,0.0,0.0,0.0,0.0,0.0,0.0,0.0,0.0,0.0,0.0,0.0,0.0,0.0,0.0,0.0,0.0,0.0,0.0,0.0,0.0,0.0,0.0,0.0,0.0,0.0,0.0,0.0,0.0,0.0,0.0,0.14158042214051186,0.0,0.0,0.0,0.0,0.0,0.0,0.0,0.0,0.3391574791262757,0.0,0.0,0.0,0.0,0.0,0.0,0.0,0.0,0.0,0.0,0.0,0.0,0.0,0.21804572795080007,0.0,0.0,0.0,0.0,0.0,0.0,0.0,0.0,0.0,0.0,0.0,0.0,0.0,0.0,0.0,0.20663909205501926,0.18316963022390972,0.21864708009487244,0.0,0.0,0.0,0.0,0.0,0.0,0.0,0.0,0.0,0.0,0.0,0.0,0.0,0.0,0.0,0.0,0.0,0.0,0.0,0.0,0.0,0.0,0.0,0.0,0.0,0.0,0.0,0.0,0.0,0.0,0.0,0.0,0.0,0.0,0.0,0.0,0.0,0.0,0.0,0.0
3b2e708eaa4744c76a633391cf2c983f4a098b46436525619e5ea44e105355fe,0.0,0.2538519624678178,0.0,0.0,0.0,0.0,0.0,0.0,0.0,0.0,0.1822957647353735,0.0,0.11868806823477694,0.0,0.0,0.0,0.0,0.0,0.0,0.0,0.0,0.17351843122283173,0.0,0.0,0.0,0.0,0.0,0.0,0.0,0.0,0.0,0.0,0.0,0.0,0.0,0.0,0.0,0.0,0.0,0.0,0.0,0.0,0.0,0.0,0.0,0.0,0.0,0.0,0.0,0.0,0.0,0.0,0.0,0.0,0.0,0.0,0.0,0.0,0.0,0.0,0.0,0.0,0.0,0.24062074799319919,0.0,0.0,0.0,0.0,0.0,0.0,0.0,0.0,0.0,0.0,0.0,0.11283266466785714,0.0,0.0,0.0,0.10323012513752687,0.0,0.0,0.0,0.0,0.0,0.0,0.5385746289191892,0.0,0.0,0.0,0.0,0.0,0.0,0.0,0.0,0.0,0.0,0.0,0.0,0.0,0.0,0.0,0.0,0.0,0.27041775369961113,0.0,0.18986063354644428,0.0,0.0,0.0,0.0,0.0,0.0,0.0,0.0,0.0,0.0,0.0,0.0,0.0,0.0,0.0,0.0,0.0,0.0,0.0,0.0,0.0,0.0,0.0,0.0,0.4808301888975471,0.0,0.0,0.0,0.0,0.0,0.0,0.0,0.0,0.3826392495829308,0.0,0.0,0.0,0.0,0.0,0.0,0.0,0.0,0.0,0.0,0.0,0.0,0.0,0.0,0.0,0.0,0.0,0.0,0.0,0.0
9c183568a371d5bfd048cb80caed15756b50d8cb7f5e3e8ec6bce045c35216ed,0.0,0.0,0.0,0.0,0.0,0.0,0.0,0.0,0.0,0.0,0.2403018544104349,0.0,0.15645433636163236,0.0,0.0,0.0,0.0,0.3062315310660618,0.0,0.0,0.0,0.22873159372497986,0.0,0.0,0.0,0.0,0.0,0.0,0.0,0.0,0.0,0.0,0.0,0.0,0.0,0.0,0.0,0.0,0.0,0.0,0.0,0.0,0.0,0.0,0.0,0.0,0.0,0.3268107807119501,0.0,0.0,0.0,0.0,0.0,0.0,0.0,0.0,0.0,0.0,0.0,0.0,0.0,0.0,0.0,0.0,0.3021385390071107,0.0,0.0,0.0,0.0,0.0,0.0,0.0,0.0,0.0,0.0,0.1487357569558253,0.31718571211090635,0.25280817267125205,0.0,0.1360777116110115,0.0,0.0,0.0,0.0,0.0,0.0,0.0,0.0,0.0,0.0,0.0,0.0,0.0,0.0,0.0,0.0,0.0,0.0,0.0,0.0,0.0,0.0,0.0,0.0,0.3564640559469422,0.0,0.0,0.0,0.0,0.0,0.0,0.0,0.0,0.0,0.0,0.0,0.19552142570851033,0.18082585711528162,0.19860779019515437,0.0,0.0,0.0,0.0,0.0,0.0,0.0,0.2842578998537482,0.0,0.0,0.0,0.0,0.0,0.0,0.224029276857379,0.0,0.0,0.0,0.0,0.0,0.0,0.0,0.0,0.0,0.0,0.0,0.0,0.0,0.0,0.0,0.0,0.0,0.0,0.0,0.0,0.0,0.0,0.0,0.0,0.0,0.0,0.0
9d3e25d86425f4cb1cb83594f63474b17fb75437fe4a090d5bf4995eaee2abd2,0.0,0.0,0.0,0.0,0.0,0.0,0.0,0.0,0.0,0.0,0.0,0.0,0.1365938301015968,0.0,0.0,0.0,0.0,0.0,0.0,0.0,0.0,0.19969612334630846,0.0,0.0,0.0,0.0,0.0,0.0,0.0,0.0,0.0,0.5809519072779686,0.0,0.0,0.0,0.0,0.0,0.0,0.0,0.0,0.0,0.0,0.0,0.0,0.0,0.0,0.0,0.0,0.0,0.0,0.0,0.0,0.0,0.0,0.0,0.0,0.0,0.0,0.0,0.0,0.1982096479699053,0.0,0.0,0.0,0.0,0.0,0.0,0.0,0.0,0.0,0.0,0.0,0.0,0.0,0.0,0.0,0.0,0.0,0.0,0.11880383920740477,0.0,0.0,0.0,0.0,0.0,0.0,0.0,0.0,0.0,0.0,0.0,0.0,0.0,0.0,0.0,0.0,0.0,0.0,0.0,0.0,0.0,0.0,0.0,0.0,0.0,0.0,0.0,0.0,0.0,0.0,0.0,0.0,0.0,0.0,0.2742767511598332,0.0,0.0,0.15787159997719027,0.0,0.15370243263721975,0.0,0.0,0.0,0.0,0.0,0.0,0.0,0.0,0.0,0.0,0.0,0.0,0.0,0.0,0.0,0.0,0.0,0.0,0.0,0.0,0.0,0.0,0.0,0.2104657672181643,0.0,0.14120183622826413,0.0,0.0,0.0,0.0,0.0,0.0,0.0,0.0,0.20492980655257956,0.0,0.0,0.0,0.0,0.0,0.5661725965874345
9d48a1d3ff1c1a0c5cd05d1cc0f5a3e04e9ae7ae6b2a6ee12a9608b6c7d83d47,0.0,0.0,0.0,0.0,0.45586291317133704,0.0,0.0,0.0,0.0,0.0,0.0,0.0,0.16403295579188534,0.0,0.0,0.0,0.0,0.0,0.0,0.0,0.0,0.0,0.0,0.0,0.0,0.0,0.0,0.0,0.0,0.0,0.0,0.0,0.0,0.0,0.0,0.0,0.0,0.0,0.0,0.0,0.0,0.0,0.3004386005961964,0.0,0.0,0.0,0.0,0.0,0.0,0.0,0.0,0.0,0.47090191625625666,0.0,0.0,0.0,0.0,0.0,0.0,0.0,0.0,0.0,0.0,0.0,0.0,0.0,0.0,0.0,0.0,0.0,0.0,0.0,0.0,0.0,0.0,0.0,0.0,0.0,0.0,0.14266929106621973,0.0,0.0,0.0,0.0,0.0,0.0,0.0,0.0,0.0,0.0,0.0,0.0,0.0,0.0,0.0,0.0,0.0,0.0,0.0,0.2003030288929419,0.0,0.0,0.2197226774467787,0.0,0.0,0.0,0.0,0.0,0.0,0.0,0.0,0.0,0.0,0.4763855893182882,0.0,0.0,0.0,0.0,0.0,0.0,0.0,0.0,0.0,0.0,0.0,0.0,0.2980273005180741,0.0,0.0,0.0,0.0,0.0,0.0,0.0,0.0,0.0,0.0,0.0,0.0,0.0,0.0,0.0,0.0,0.0,0.0,0.16956662348904378,0.0,0.0,0.0,0.0,0.0,0.0,0.0,0.0,0.0,0.0,0.0,0.0,0.0,0.0,0.0
c79762f99daabb3053394d3b98d951a346c1aeb957606fde0040d3905aca3dfa,0.0,0.0,0.0,0.0,0.0,0.0,0.0,0.0,0.0,0.0,0.22648314716012258,0.0,0.14745733266589475,0.0,0.0,0.0,0.0,0.0,0.0,0.0,0.0,0.2155782414949789,0.0,0.0,0.0,0.0,0.0,0.0,0.0,0.0,0.0,0.0,0.0,0.0,0.0,0.0,0.0,0.0,0.0,0.0,0.0,0.0,0.0,0.25530456178791594,0.0,0.0,0.0,0.0,0.0,0.0,0.0,0.0,0.0,0.0,0.0,0.0,0.0,0.0,0.0,0.0,0.0,0.0,0.0,0.0,0.0,0.0,0.0,0.0,0.0,0.0,0.0,0.0,0.5134485086666853,0.0,0.0,0.14018261495836223,0.29894575091545034,0.2382702818289135,0.0,0.12825247836568981,0.0,0.0,0.0,0.0,0.0,0.0,0.0,0.0,0.3072302412761213,0.0,0.0,0.0,0.0,0.0,0.0,0.0,0.0,0.0,0.0,0.1800622943289912,0.0,0.0,0.0,0.0,0.0,0.0,0.0,0.0,0.0,0.0,0.0,0.0,0.0,0.0,0.0,0.0,0.18427784479791598,0.0,0.18718672597960037,0.0,0.0,0.0,0.0,0.0,0.23278031218971384,0.0,0.0,0.0,0.0,0.0,0.0,0.0,0.0,0.2111463342767376,0.0,0.0,0.0,0.0,0.0,0.0,0.0,0.0,0.0,0.22720441053880963,0.0,0.15243182010680675,0.0,0.0,0.0,0.0,0.0,0.0,0.0,0.0,0.0,0.0,0.0,0.0,0.0,0.0,0.0
60bcf1dac338d9839433c559cc05743bb50eb27ef1bdeb17fe67d4c2e7ba6f78,0.0,0.0,0.0,0.0,0.0,0.0,0.0,0.0,0.0,0.0,0.0,0.0,0.24787316418696007,0.0,0.0,0.0,0.0,0.0,0.0,0.0,0.0,0.0,0.0,0.0,0.0,0.0,0.0,0.0,0.0,0.0,0.0,0.0,0.0,0.0,0.0,0.0,0.0,0.0,0.0,0.0,0.0,0.0,0.0,0.0,0.0,0.0,0.0,0.0,0.0,0.0,0.0,0.0,0.0,0.0,0.0,0.0,0.0,0.0,0.0,0.0,0.0,0.0,0.0,0.0,0.47868302936270496,0.0,0.0,0.4046381521472576,0.0,0.0,0.0,0.0,0.0,0.0,0.0,0.23564449258323145,0.0,0.0,0.0,0.21559014429857465,0.0,0.0,0.0,0.0,0.0,0.0,0.0,0.0,0.0,0.0,0.0,0.0,0.0,0.0,0.0,0.0,0.0,0.0,0.0,0.3026815271860251,0.0,0.0,0.3320269091015071,0.0,0.0,0.0,0.0,0.0,0.0,0.0,0.0,0.0,0.0,0.0,0.0,0.0,0.309767792851021,0.0,0.0,0.0,0.0,0.0,0.0,0.0,0.0,0.0,0.0,0.0,0.0,0.0,0.0,0.0,0.0,0.0,0.0,0.0,0.0,0.0,0.0,0.0,0.0,0.0,0.0,0.3819265894704031,0.0,0.0,0.0,0.0,0.0,0.0,0.0,0.0,0.0,0.0,0.0,0.0,0.0,0.0,0.0,0.0,0.0
9ecc8cb04d905f1efb4a9b379842f4d72a3935c01459c6b8eec6f9c0d98378a6,0.0,0.0,0.0,0.0,0.0,0.0,0.0,0.0,0.0,0.0,0.0,0.31540692341800064,0.0,0.0,0.0,0.0,0.0,0.0,0.0,0.0,0.0,0.0,0.0,0.0,0.0,0.0,0.0,0.0,0.0,0.0,0.0,0.0,0.0,0.0,0.0,0.0,0.0,0.0,0.0,0.0,0.0,0.0,0.21512562960230838,0.20335728535622807,0.0,0.0,0.0,0.0,0.0,0.0,0.0,0.0,0.0,0.0,0.0,0.0,0.0,0.0,0.0,0.0,0.0,0.0,0.0,0.0,0.2268224592191123,0.0,0.0,0.0,0.0,0.0,0.0,0.0,0.0,0.0,0.35183221967051287,0.11165940722888883,0.0,0.18978900084849432,0.0,0.10215671689533248,0.4661202223966853,0.0,0.0,0.0,0.0,0.0,0.0,0.0,0.0,0.0,0.0,0.0,0.0,0.0,0.0,0.0,0.0,0.0,0.0,0.0,0.0,0.0,0.0,0.0,0.0,0.0,0.0,0.0,0.0,0.0,0.0,0.0,0.0,0.0,0.0,0.0,0.0,0.0,0.14909950759733503,0.13216522295742203,0.0,0.0,0.0,0.0,0.0,0.0,0.0,0.0,0.0,0.0,0.0,0.0,0.0,0.16818401148313672,0.0,0.0,0.0,0.0,0.0,0.0,0.0,0.0,0.0,0.0,0.0,0.0,0.0,0.0,0.42400705947910394,0.0,0.0,0.33718394046082245,0.0,0.0,0.0,0.0,0.0,0.0,0.0,0.0,0.0
9f4d88e9eeae7ffc241646d0233acb29bedbc9bc0c124b949567a894f8af6f54,0.0,0.0,0.0,0.0,0.0,0.0,0.0,0.0,0.0,0.0,0.22878926625733562,0.0,0.1489587873001528,0.0,0.0,0.0,0.0,0.0,0.0,0.0,0.0,0.2177733235833768,0.0,0.0,0.0,0.0,0.0,0.0,0.0,0.0,0.0,0.0,0.0,0.0,0.0,0.0,0.0,0.0,0.0,0.0,0.0,0.0,0.0,0.25790414914321025,0.0,0.0,0.0,0.0,0.0,0.0,0.0,0.0,0.0,0.0,0.0,0.0,0.0,0.0,0.0,0.0,0.0,0.0,0.0,0.0,0.0,0.0,0.0,0.0,0.0,0.0,0.0,0.0,0.0,0.0,0.4462047626980268,0.14160999624260492,0.30198970590221763,0.2406964210543434,0.0,0.12955838343338527,0.0,0.0,0.0,0.0,0.0,0.0,0.0,0.0,0.0,0.0,0.0,0.0,0.0,0.0,0.0,0.0,0.0,0.0,0.0,0.0,0.0,0.0,0.0,0.0,0.3393862690211237,0.0,0.0,0.0,0.0,0.0,0.0,0.0,0.0,0.0,0.0,0.0,0.18615421689186823,0.0,0.0,0.0,0.2000810691990155,0.0,0.0,0.0,0.23515055090339784,0.0,0.0,0.0,0.0,0.0,0.0,0.0,0.0,0.2132962893612007,0.0,0.0,0.0,0.0,0.0,0.0,0.0,0.0,0.2883029063279893,0.2295178737553206,0.0,0.0,0.0,0.0,0.0,0.0,0.0,0.0,0.0,0.0,0.0,0.0,0.0,0.0,0.0,0.0,0.0
9f932b464d9cdf2675536a0d392210acdd14987ad018aea73ac34214a7a78ce4,0.0,0.0,0.0,0.0,0.0,0.0,0.0,0.0,0.0,0.0,0.0,0.0,0.15479086553760227,0.0,0.0,0.0,0.0,0.0,0.0,0.5032925612674373,0.43704256164201494,0.0,0.0,0.0,0.0,0.0,0.0,0.0,0.0,0.0,0.0,0.0,0.0,0.0,0.2531205793648573,0.0,0.0,0.0,0.0,0.0,0.0,0.0,0.0,0.0,0.0,0.0,0.0,0.0,0.0,0.0,0.0,0.0,0.0,0.0,0.0,0.0,0.0,0.0,0.0,0.0,0.0,0.0,0.0,0.0,0.0,0.0,0.0,0.0,0.0,0.0,0.0,0.0,0.0,0.0,0.0,0.1471543524518673,0.0,0.0,0.0,0.0,0.0,0.0,0.0,0.0,0.0,0.0,0.0,0.0,0.0,0.0,0.0,0.0,0.0,0.0,0.0,0.0,0.0,0.0,0.0,0.18901737801688534,0.0,0.0,0.2073428675111931,0.5743405676440255,0.0,0.0,0.0,0.0,0.0,0.0,0.0,0.0,0.0,0.0,0.0,0.0,0.1934425815249455,0.0,0.0,0.0,0.0,0.0,0.0,0.0,0.0,0.0,0.0,0.0,0.0,0.0,0.0,0.0,0.0,0.0,0.0,0.0,0.0,0.0,0.0,0.0,0.0,0.0,0.0,0.0,0.0,0.0,0.0,0.0,0.0,0.0,0.0,0.0,0.0,0.0,0.0,0.0,0.0,0.0,0.0,0.0,0.0
0017e2bb45469ea5f02edab017f77b7242c9a3330478c748e7e8380149ded601,0.0,0.0,0.0,0.0,0.0,0.0,0.0,0.0,0.0,0.0,0.0,0.0,0.1702722385636304,0.0,0.0,0.0,0.0,0.0,0.0,0.0,0.0,0.0,0.0,0.0,0.0,0.0,0.0,0.0,0.0,0.0,0.0,0.0,0.0,0.0,0.0,0.0,0.0,0.0,0.0,0.0,0.0,0.0,0.0,0.0,0.0,0.0,0.0,0.3556744064282634,0.0,0.0,0.0,0.0,0.0,0.0,0.0,0.0,0.0,0.0,0.0,0.0,0.24707997747513472,0.0,0.0,0.0,0.0,0.6517485349124023,0.0,0.0,0.5802981968539032,0.0,0.0,0.0,0.0,0.0,0.0,0.0,0.0,0.0,0.0,0.1480959691719043,0.0,0.0,0.0,0.0,0.0,0.0,0.0,0.0,0.0,0.0,0.0,0.0,0.0,0.0,0.0,0.0,0.0,0.0,0.0,0.0,0.0,0.0,0.0,0.0,0.0,0.0,0.0,0.0,0.0,0.0,0.0,0.0,0.0,0.0,0.0,0.0,0.0,0.0,0.0,0.0,0.0,0.0,0.0,0.0,0.0,0.0,0.0,0.0,0.0,0.0,0.0,0.0,0.0,0.0,0.0,0.0,0.0,0.0,0.0,0.0,0.0,0.0,0.0,0.0,0.0,0.0,0.0,0.0,0.0,0.0,0.0,0.0,0.0,0.0,0.0,0.0,0.0,0.0,0.0,0.0,0.0
e0044b1cc8966378114308fc13e5f9a618713bc57ba6496607bb88fc971bfcb3,0.0,0.0,0.0,0.0,0.0,0.0,0.0,0.0,0.0,0.0,0.0,0.0,0.0,0.0,0.0,0.0,0.0,0.0,0.0,0.0,0.0,0.0,0.0,0.0,0.0,0.0,0.38309175487243335,0.0,0.0,0.0,0.0,0.0,0.0,0.0,0.0,0.0,0.0,0.0,0.0,0.0,0.0,0.0,0.33417909049267,0.0,0.3539204814405187,0.0,0.0,0.0,0.0,0.0,0.0,0.0,0.0,0.0,0.0,0.0,0.0,0.0,0.35234910533570524,0.0,0.0,0.0,0.0,0.0,0.0,0.0,0.0,0.0,0.0,0.0,0.0,0.0,0.0,0.0,0.0,0.0,0.0,0.2948208254233127,0.0,0.15869163894097468,0.0,0.0,0.0,0.0,0.0,0.0,0.0,0.0,0.0,0.0,0.0,0.0,0.0,0.0,0.0,0.0,0.0,0.0,0.0,0.22279788244765825,0.0,0.0,0.2443984373648037,0.0,0.0,0.0,0.0,0.0,0.0,0.0,0.0,0.0,0.0,0.0,0.0,0.0,0.0,0.0,0.0,0.20530726201392746,0.0,0.0,0.0,0.0,0.0,0.0,0.0,0.0,0.0,0.0,0.0,0.0,0.0,0.26125933993427025,0.0,0.0,0.0,0.0,0.0,0.0,0.0,0.0,0.35313238328694296,0.0,0.0,0.18860965236501986,0.0,0.0,0.0,0.0,0.0,0.0,0.0,0.0,0.0,0.0,0.0,0.0,0.0,0.0,0.0
19e7ed337ed008c4d94872f8a0cc882f59e3fa705a07bcc8efef9fe87229136b,0.0,0.0,0.0,0.0,0.0,0.0,0.0,0.0,0.0,0.0,0.0,0.0,0.0,0.0,0.0,0.0,0.0,0.0,0.0,0.0,0.0,0.0,0.0,0.0,0.0,0.0,0.38309175487243335,0.0,0.0,0.0,0.0,0.0,0.0,0.0,0.0,0.0,0.0,0.0,0.0,0.0,0.0,0.0,0.33417909049267,0.0,0.3539204814405187,0.0,0.0,0.0,0.0,0.0,0.0,0.0,0.0,0.0,0.0,0.0,0.0,0.0,0.35234910533570524,0.0,0.0,0.0,0.0,0.0,0.0,0.0,0.0,0.0,0.0,0.0,0.0,0.0,0.0,0.0,0.0,0.0,0.0,0.2948208254233127,0.0,0.15869163894097468,0.0,0.0,0.0,0.0,0.0,0.0,0.0,0.0,0.0,0.0,0.0,0.0,0.0,0.0,0.0,0.0,0.0,0.0,0.0,0.22279788244765825,0.0,0.0,0.2443984373648037,0.0,0.0,0.0,0.0,0.0,0.0,0.0,0.0,0.0,0.0,0.0,0.0,0.0,0.0,0.0,0.0,0.20530726201392746,0.0,0.0,0.0,0.0,0.0,0.0,0.0,0.0,0.0,0.0,0.0,0.0,0.0,0.26125933993427025,0.0,0.0,0.0,0.0,0.0,0.0,0.0,0.0,0.35313238328694296,0.0,0.0,0.18860965236501986,0.0,0.0,0.0,0.0,0.0,0.0,0.0,0.0,0.0,0.0,0.0,0.0,0.0,0.0,0.0
cb83f7793fb45301ea771d25d9b47f50e00e9a0b2faf41f483dac3be63eeb15d,0.0,0.0,0.0,0.0,0.0,0.0,0.0,0.0,0.0,0.0,0.0,0.0,0.14234441545095308,0.48024374087139077,0.0,0.0,0.0,0.0,0.0,0.0,0.0,0.0,0.0,0.4902432893395938,0.0,0.0,0.0,0.0,0.0,0.0,0.0,0.0,0.0,0.0,0.2327676170241751,0.0,0.0,0.0,0.0,0.0,0.0,0.0,0.0,0.0,0.0,0.0,0.0,0.0,0.0,0.0,0.0,0.0,0.0,0.0,0.0,0.0,0.0,0.0,0.0,0.0,0.0,0.0,0.0,0.0,0.0,0.0,0.0,0.0,0.0,0.0,0.0,0.0,0.0,0.0,0.0,0.13532194040052165,0.0,0.0,0.0,0.12380546788042192,0.0,0.0,0.0,0.0,0.0,0.0,0.0,0.0,0.2965773780975194,0.0,0.0,0.0,0.0,0.0,0.0,0.0,0.0,0.0,0.0,0.1738188367281233,0.0,0.0,0.19067080716488105,0.0,0.0,0.0,0.22770276154345076,0.0,0.0,0.0,0.0,0.0,0.0,0.0,0.0,0.0,0.17788821772433788,0.1645179771176,0.18069623672167942,0.16017328828733657,0.0,0.0,0.0,0.0,0.0,0.0,0.0,0.0,0.0,0.0,0.0,0.0,0.0,0.0,0.0,0.0,0.0,0.0,0.0,0.0,0.0,0.0,0.2755010927376583,0.0,0.0,0.14714641813297027,0.0,0.0,0.0,0.0,0.0,0.0,0.0,0.0,0.0,0.0,0.0,0.0,0.0,0.0,0.0
20fdea0c17ffb565895491b930cc6ad3df6ca3cc85780ddda1dad5a0ecd1983b,0.0,0.0,0.0,0.0,0.0,0.0,0.0,0.0,0.0,0.0,0.0,0.0,0.2257068228362152,0.0,0.0,0.0,0.0,0.0,0.0,0.0,0.0,0.0,0.0,0.0,0.0,0.0,0.0,0.0,0.0,0.0,0.0,0.0,0.0,0.0,0.0,0.0,0.0,0.0,0.0,0.0,0.0,0.0,0.0,0.0,0.0,0.0,0.0,0.0,0.0,0.0,0.0,0.0,0.0,0.0,0.0,0.0,0.0,0.0,0.0,0.0,0.0,0.0,0.0,0.0,0.0,0.0,0.0,0.0,0.0,0.0,0.0,0.0,0.0,0.0,0.0,0.21457171418402077,0.0,0.0,0.0,0.19631074894307715,0.0,0.0,0.0,0.0,0.0,0.0,0.0,0.0,0.0,0.0,0.0,0.0,0.0,0.0,0.0,0.0,0.0,0.0,0.0,0.0,0.0,0.0,0.0,0.0,0.0,0.0,0.0,0.0,0.0,0.0,0.0,0.0,0.0,0.0,0.0,0.0,0.28206645350545345,0.2608660817287161,0.28651895727489063,0.25397697470625874,0.30316883788524496,0.0,0.0,0.0,0.0,0.0,0.0,0.0,0.0,0.0,0.0,0.0,0.0,0.0,0.0,0.0,0.0,0.0,0.0,0.0,0.0,0.0,0.0,0.34777236716523546,0.0,0.0,0.0,0.0,0.0,0.0,0.0,0.0,0.0,0.0,0.0,0.0,0.0,0.5978382076028995,0.0,0.0,0.0
3c34c23aef8934651937c31be7420d2fc8a22ca260f5afdda0f08f4d3730ae59,0.0,0.2852696527963603,0.0,0.0,0.3706681414506288,0.0,0.0,0.0,0.0,0.0,0.20485738619767313,0.0,0.1333773577610136,0.0,0.0,0.0,0.0,0.26106245072231454,0.0,0.0,0.0,0.19499373630007547,0.0,0.0,0.0,0.0,0.0,0.44147394224309644,0.0,0.0,0.0,0.0,0.0,0.0,0.21810430449735024,0.0,0.0,0.0,0.0,0.0,0.0,0.0,0.0,0.0,0.0,0.0,0.0,0.0,0.0,0.0,0.0,0.0,0.0,0.0,0.0,0.0,0.0,0.0,0.0,0.0,0.0,0.0,0.0,0.0,0.25757317404993213,0.0,0.0,0.0,0.0,0.0,0.0,0.0,0.0,0.0,0.0,0.12679726704089736,0.0,0.0,0.0,0.11600628047080963,0.0,0.0,0.0,0.0,0.0,0.0,0.0,0.0,0.0,0.0,0.0,0.0,0.0,0.0,0.0,0.0,0.0,0.0,0.0,0.0,0.0,0.0,0.0,0.0,0.3038856897458078,0.0,0.0,0.0,0.0,0.0,0.0,0.0,0.0,0.0,0.0,0.0,0.16668206042170536,0.154154084813346,0.0,0.0,0.17915213215310483,0.0,0.0,0.0,0.0,0.0,0.24232992505591794,0.0,0.0,0.0,0.0,0.0,0.0,0.0,0.0,0.0,0.0,0.0,0.0,0.0,0.0,0.0,0.0,0.20550977968641895,0.0,0.0,0.0,0.0,0.0,0.0,0.0,0.0,0.0,0.0,0.0,0.0,0.0,0.0,0.0,0.0,0.0
22e83b1f2a1d5a6e73e51efc8a3169810070bc333fa40ba34786321210d3b670,0.0,0.0,0.0,0.0,0.0,0.0,0.0,0.0,0.0,0.0,0.1546457151002479,0.0,0.10068583443328064,0.0,0.0,0.0,0.0,0.0,0.0,0.0,0.0,0.14719969999566876,0.0,0.0,0.0,0.0,0.0,0.33326625299432167,0.0,0.0,0.0,0.0,0.0,0.0,0.0,0.0,0.0,0.0,0.4173362755716198,0.0,0.0,0.2907094458874039,0.0,0.17432536160465067,0.0,0.0,0.0,0.0,0.0,0.0,0.0,0.0,0.0,0.0,0.0,0.2812725447844638,0.0,0.0,0.0,0.0,0.0,0.0,0.0,0.0,0.0,0.0,0.0,0.0,0.0,0.0,0.0,0.0,0.0,0.0,0.3016035487038952,0.09571856010783854,0.20412414789439287,0.16269412794109103,0.0,0.08757250364513364,0.0,0.0,0.0,0.0,0.0,0.0,0.0,0.0,0.0,0.0,0.0,0.0,0.0,0.0,0.0,0.0,0.0,0.0,0.0,0.0,0.0,0.0,0.0,0.0,0.0,0.0,0.16106316834512074,0.0,0.0,0.0,0.0,0.0,0.0,0.2924124627331432,0.0,0.0,0.12582737145452333,0.11637007151199774,0.12781359434185013,0.11329690128018939,0.13524096007852754,0.0,0.0,0.0,0.0,0.0,0.0,0.0,0.0,0.0,0.0,0.0,0.0,0.14417353460713184,0.0,0.0,0.0,0.0,0.0,0.0,0.0,0.0,0.0,0.0,0.0,0.10408248083811517,0.21534849327094294,0.0,0.0,0.0,0.0,0.0,0.0,0.0,0.15105754452928283,0.0,0.0,0.0,0.0,0.0,0.0
25d18c3823a3b210a18e69c823ce4c59fab298c315ac2a5d891027921d1c6d7e,0.0,0.3403006160891002,0.0,0.0,0.0,0.0,0.0,0.0,0.0,0.0,0.0,0.0,0.15910699428939876,0.0,0.0,0.0,0.0,0.0,0.0,0.0,0.0,0.23260970084259122,0.0,0.0,0.0,0.0,0.0,0.0,0.0,0.0,0.0,0.0,0.0,0.0,0.0,0.0,0.0,0.0,0.0,0.0,0.0,0.0,0.0,0.0,0.0,0.0,0.0,0.0,0.0,0.0,0.0,0.0,0.0,0.0,0.0,0.0,0.0,0.0,0.0,0.0,0.23087822710729297,0.0,0.0,0.0,0.0,0.0,0.0,0.0,0.0,0.0,0.0,0.0,0.0,0.0,0.0,0.0,0.0,0.0,0.0,0.13838488716709776,0.0,0.0,0.0,0.0,0.0,0.0,0.0,0.0,0.0,0.0,0.0,0.0,0.0,0.0,0.0,0.0,0.0,0.0,0.0,0.0,0.0,0.0,0.21312433600312805,0.0,0.0,0.0,0.0,0.0,0.0,0.0,0.0,0.0,0.0,0.0,0.31948258166598015,0.0,0.0,0.18389173022929542,0.0,0.1790354077756469,0.0,0.0,0.0,0.0,0.0,0.0,0.0,0.0,0.0,0.0,0.0,0.0,0.0,0.0,0.0,0.0,0.0,0.0,0.0,0.0,0.0,0.0,0.0,0.0,0.0,0.16447448419678218,0.0,0.0,0.0,0.0,0.0,0.0,0.0,0.0,0.23870599086823394,0.0,0.0,0.0,0.0,0.0,0.659488206934743
82ad9cc131eed3074341a8b1bda30207c6b0505dd165c69cb536d6efdbabb86d,0.0,0.0,0.0,0.0,0.0,0.0,0.0,0.0,0.0,0.0,0.0,0.0,0.22277378993446573,0.0,0.0,0.0,0.0,0.0,0.0,0.0,0.0,0.3256886654396377,0.0,0.0,0.0,0.0,0.0,0.0,0.0,0.0,0.0,0.0,0.0,0.0,0.0,0.0,0.0,0.0,0.0,0.0,0.0,0.0,0.4080268222584386,0.0,0.0,0.0,0.0,0.46534265462837504,0.0,0.0,0.0,0.0,0.0,0.0,0.0,0.0,0.0,0.0,0.0,0.0,0.0,0.0,0.0,0.0,0.0,0.0,0.0,0.0,0.0,0.0,0.0,0.0,0.0,0.0,0.0,0.0,0.0,0.0,0.0,0.19375971447109333,0.0,0.0,0.0,0.0,0.0,0.0,0.0,0.0,0.0,0.0,0.0,0.0,0.0,0.0,0.0,0.0,0.0,0.0,0.0,0.0,0.0,0.0,0.2984062157086882,0.0,0.0,0.0,0.0,0.0,0.0,0.0,0.0,0.0,0.0,0.0,0.0,0.0,0.0,0.0,0.0,0.0,0.0,0.0,0.0,0.0,0.0,0.0,0.4047520263219798,0.0,0.0,0.0,0.0,0.0,0.0,0.0,0.0,0.0,0.0,0.0,0.0,0.0,0.0,0.0,0.0,0.34325310725808095,0.0,0.2302890853772788,0.0,0.0,0.0,0.0,0.0,0.0,0.0,0.0,0.0,0.0,0.0,0.0,0.0,0.0,0.0
082fd5bb94abeb41478f187d82cecbc94378d781386f9711010e226deae3004f,0.0,0.0,0.0,0.0,0.0,0.3201871750377016,0.0,0.0,0.0,0.0,0.0,0.0,0.0,0.0,0.0,0.0,0.0,0.0,0.0,0.0,0.0,0.0,0.0,0.0,0.0,0.0,0.0,0.0,0.0,0.0,0.0,0.0,0.0,0.0,0.0,0.0,0.0,0.0,0.0,0.0,0.0,0.0,0.0,0.0,0.0,0.0,0.0,0.0,0.0,0.0,0.0,0.0,0.0,0.0,0.0,0.0,0.0,0.0,0.0,0.0,0.0,0.0,0.0,0.0,0.22249451124066144,0.0,0.0,0.0,0.0,0.0,0.0,0.0,0.0,0.0,0.0,0.10952885936579357,0.0,0.0,0.0,0.10020748771452535,0.4572262879900928,0.0,0.0,0.0,0.0,0.0,0.0,0.0,0.0,0.0,0.0,0.0,0.0,0.0,0.0,0.5788585037092316,0.0,0.0,0.0,0.1406880426542203,0.0,0.0,0.15432793796270525,0.0,0.0,0.0,0.0,0.0,0.0,0.0,0.0,0.0,0.0,0.0,0.0,0.0,0.0,0.0,0.14625457365774425,0.0,0.0,0.0,0.0,0.0,0.0,0.0,0.209327226847973,0.0,0.0,0.0,0.0,0.0,0.0,0.0,0.0,0.0,0.0,0.0,0.0,0.0,0.0,0.0,0.0,0.0,0.0,0.0,0.0,0.0,0.4159166767972516,0.0,0.0,0.0,0.0,0.0,0.0,0.0,0.0,0.0,0.0,0.0,0.0
84fd08c94c4bc99da0aeb4fecf9bc31f91bd52d4a6869e0e57f0acc9345e832d,0.0,0.0,0.0,0.0,0.0,0.0,0.0,0.0,0.0,0.0,0.0,0.0,0.22409002946667733,0.0,0.0,0.0,0.0,0.0,0.0,0.0,0.0,0.0,0.0,0.0,0.0,0.0,0.0,0.0,0.0,0.0,0.0,0.0,0.0,0.0,0.0,0.0,0.0,0.0,0.0,0.0,0.0,0.0,0.0,0.0,0.0,0.0,0.0,0.46809209116768397,0.0,0.0,0.0,0.0,0.0,0.0,0.0,0.0,0.0,0.0,0.0,0.0,0.0,0.0,0.0,0.0,0.4327539631284136,0.0,0.0,0.3658136036445974,0.0,0.0,0.0,0.0,0.0,0.0,0.0,0.21303468433076353,0.0,0.0,0.0,0.19490452686581855,0.0,0.0,0.0,0.0,0.0,0.0,0.0,0.0,0.0,0.0,0.0,0.0,0.0,0.0,0.0,0.0,0.0,0.0,0.0,0.0,0.0,0.0,0.300169322840317,0.0,0.0,0.0,0.0,0.0,0.0,0.0,0.0,0.0,0.0,0.0,0.0,0.0,0.2800459422685042,0.2589974339582304,0.0,0.0,0.3009971650896066,0.0,0.0,0.0,0.0,0.0,0.0,0.0,0.0,0.0,0.0,0.0,0.0,0.0,0.0,0.0,0.0,0.0,0.0,0.0,0.0,0.0,0.0,0.0,0.0,0.0,0.0,0.0,0.0,0.0,0.0,0.0,0.0,0.0,0.0,0.0,0.0,0.0,0.0,0.0,0.0
27d029db3120929fbdb81576d9be67aea38dde3af3824de6697755bb781d563a,0.0,0.0,0.0,0.0,0.0,0.0,0.0,0.0,0.0,0.0,0.0,0.0,0.0,0.0,0.0,0.0,0.0,0.0,0.0,0.0,0.0,0.0,0.0,0.0,0.0,0.0,0.38309175487243335,0.0,0.0,0.0,0.0,0.0,0.0,0.0,0.0,0.0,0.0,0.0,0.0,0.0,0.0,0.0,0.33417909049267,0.0,0.3539204814405187,0.0,0.0,0.0,0.0,0.0,0.0,0.0,0.0,0.0,0.0,0.0,0.0,0.0,0.35234910533570524,0.0,0.0,0.0,0.0,0.0,0.0,0.0,0.0,0.0,0.0,0.0,0.0,0.0,0.0,0.0,0.0,0.0,0.0,0.2948208254233127,0.0,0.15869163894097468,0.0,0.0,0.0,0.0,0.0,0.0,0.0,0.0,0.0,0.0,0.0,0.0,0.0,0.0,0.0,0.0,0.0,0.0,0.0,0.22279788244765825,0.0,0.0,0.2443984373648037,0.0,0.0,0.0,0.0,0.0,0.0,0.0,0.0,0.0,0.0,0.0,0.0,0.0,0.0,0.0,0.0,0.20530726201392746,0.0,0.0,0.0,0.0,0.0,0.0,0.0,0.0,0.0,0.0,0.0,0.0,0.0,0.26125933993427025,0.0,0.0,0.0,0.0,0.0,0.0,0.0,0.0,0.35313238328694296,0.0,0.0,0.18860965236501986,0.0,0.0,0.0,0.0,0.0,0.0,0.0,0.0,0.0,0.0,0.0,0.0,0.0,0.0,0.0
e19a6d86ae39ed1dbbe9b2e092e31133ebc9f2b071c72a98bb5a09dc27d53493,0.0,0.0,0.0,0.0,0.0,0.0,0.0,0.0,0.0,0.0,0.2403018544104349,0.0,0.15645433636163236,0.0,0.0,0.0,0.0,0.3062315310660618,0.0,0.0,0.0,0.22873159372497986,0.0,0.0,0.0,0.0,0.0,0.0,0.0,0.0,0.0,0.0,0.0,0.0,0.0,0.0,0.0,0.0,0.0,0.0,0.0,0.0,0.0,0.0,0.0,0.0,0.0,0.3268107807119501,0.0,0.0,0.0,0.0,0.0,0.0,0.0,0.0,0.0,0.0,0.0,0.0,0.0,0.0,0.0,0.0,0.3021385390071107,0.0,0.0,0.0,0.0,0.0,0.0,0.0,0.0,0.0,0.0,0.1487357569558253,0.31718571211090635,0.25280817267125205,0.0,0.1360777116110115,0.0,0.0,0.0,0.0,0.0,0.0,0.0,0.0,0.0,0.0,0.0,0.0,0.0,0.0,0.0,0.0,0.0,0.0,0.0,0.0,0.0,0.0,0.0,0.0,0.3564640559469422,0.0,0.0,0.0,0.0,0.0,0.0,0.0,0.0,0.0,0.0,0.0,0.19552142570851033,0.18082585711528162,0.19860779019515437,0.0,0.0,0.0,0.0,0.0,0.0,0.0,0.2842578998537482,0.0,0.0,0.0,0.0,0.0,0.0,0.224029276857379,0.0,0.0,0.0,0.0,0.0,0.0,0.0,0.0,0.0,0.0,0.0,0.0,0.0,0.0,0.0,0.0,0.0,0.0,0.0,0.0,0.0,0.0,0.0,0.0,0.0,0.0,0.0
27faca387d9a8e5c7e43366b3eb4e0e108c9bc1bbfade960a7a41eb134f0eae0,0.0,0.0,0.0,0.0,0.0,0.0,0.0,0.0,0.0,0.0,0.3349059786617017,0.0,0.21804864038029761,0.0,0.0,0.0,0.0,0.0,0.0,0.0,0.0,0.3187806371085112,0.0,0.0,0.0,0.0,0.0,0.0,0.0,0.0,0.0,0.0,0.0,0.0,0.0,0.0,0.0,0.0,0.0,0.0,0.0,0.0,0.0,0.3775248851603453,0.0,0.0,0.0,0.0,0.0,0.0,0.0,0.0,0.0,0.0,0.0,0.0,0.0,0.0,0.0,0.0,0.0,0.0,0.0,0.0,0.0,0.0,0.0,0.3559513963970575,0.0,0.0,0.0,0.0,0.0,0.0,0.0,0.20729134349583536,0.0,0.0,0.0,0.1896499687567606,0.0,0.0,0.0,0.0,0.0,0.0,0.0,0.0,0.0,0.0,0.0,0.0,0.0,0.0,0.0,0.0,0.0,0.0,0.0,0.26626236723780405,0.0,0.0,0.292076862522518,0.0,0.0,0.0,0.0,0.0,0.0,0.0,0.0,0.0,0.0,0.0,0.0,0.0,0.0,0.0,0.2767974325805192,0.24535959226534823,0.0,0.0,0.0,0.0,0.0,0.0,0.0,0.0,0.0,0.0,0.0,0.0,0.0,0.3122270712345188,0.0,0.0,0.0,0.0,0.0,0.0,0.0,0.0,0.0,0.0,0.0,0.0,0.0,0.0,0.0,0.0,0.0,0.0,0.0,0.0,0.0,0.0,0.0,0.0,0.0,0.0,0.0
28cde8bb4d2992dc507ad09b8b34385ec6fc42478b75bb4391db43747afae16a,0.0,0.0,0.0,0.0,0.0,0.0,0.0,0.0,0.39397936852848614,0.0,0.0,0.0,0.08682297246129565,0.0,0.0,0.0,0.0,0.16994052326599052,0.0,0.0,0.0,0.0,0.0,0.0,0.0,0.0,0.0,0.0,0.0,0.0,0.0,0.0,0.0,0.0,0.1419766018831619,0.0,0.0,0.0,0.0,0.0,0.0,0.250683309688872,0.1590227538115495,0.15032349044031093,0.0,0.0,0.0,0.1813607987714846,0.0,0.0,0.0,0.0,0.0,0.0,0.0,0.0,0.0,0.0,0.0,0.0,0.0,0.0,0.0,0.0,0.1676691529410593,0.0,0.0,0.14173332258821061,0.0,0.0,0.0,0.0,0.0,0.0,0.0,0.0,0.0,0.0,0.0,0.07551514187814048,0.0,0.0,0.0,0.0,0.0,0.0,0.0,0.0,0.0,0.0,0.0,0.0,0.0,0.0,0.0,0.0,0.0,0.0,0.0,0.10602079489167093,0.0,0.0,0.0,0.0,0.0,0.0,0.13888729341587686,0.369269764303524,0.0,0.0,0.0,0.0,0.0,0.0,0.0,0.0,0.0,0.10034773581680273,0.11021566483689606,0.09769769297902918,0.1166203986750293,0.0,0.0,0.0,0.0,0.0,0.15774644784444644,0.38038069202570857,0.0,0.0,0.0,0.0,0.0,0.12432309763631567,0.0,0.0,0.0,0.0,0.0,0.0,0.0,0.0,0.0,0.0,0.0,0.08975195387092112,0.18569837957924723,0.20094251008393382,0.0,0.0,0.0,0.0,0.0,0.0,0.13025928724291083,0.0,0.3058021254094465,0.0,0.0,0.0,0.0
3d590dced909090620ef7c09e5bac071e45ed9e814a6bc6e1038648929ee1474,0.0,0.0,0.0,0.0,0.0,0.0,0.3198389416114276,0.0,0.0,0.0,0.0,0.0,0.12020692019593376,0.0,0.0,0.0,0.31022504224517905,0.23528366213673055,0.0,0.0,0.0,0.0,0.0,0.0,0.0,0.31697854207896176,0.0,0.0,0.0,0.0,0.0,0.0,0.0,0.0,0.0,0.0,0.0,0.0,0.0,0.0,0.0,0.0,0.0,0.0,0.0,0.0,0.0,0.0,0.0,0.29270573965941404,0.0,0.0,0.0,0.0,0.0,0.0,0.0,0.0,0.0,0.0,0.17443080201983444,0.31839662092780574,0.0,0.0,0.0,0.0,0.0,0.0,0.0,0.0,0.0,0.0,0.0,0.0,0.0,0.11427658499247079,0.0,0.0,0.0,0.0,0.0,0.0,0.0,0.0,0.0,0.0,0.0,0.0,0.25045347306352006,0.0,0.0,0.0,0.0,0.0,0.0,0.0,0.0,0.0,0.0,0.0,0.0,0.0,0.0,0.0,0.0,0.0,0.0,0.0,0.0,0.0,0.0,0.0,0.0,0.0,0.24137227511482323,0.2747262754830677,0.15022292742601023,0.1389320352577231,0.15259424149866105,0.1352630352351996,0.161461633474902,0.0,0.0,0.0,0.0,0.0,0.0,0.0,0.0,0.0,0.0,0.0,0.30766806761590754,0.0,0.0,0.0,0.0,0.0,0.0,0.0,0.0,0.0,0.0,0.0,0.0,0.0,0.0,0.0,0.0,0.0,0.0,0.0,0.0,0.0,0.0,0.0,0.0,0.0,0.0,0.0,0.0
c785eb3191ed4729934ee9891374ecf45cfc625db0e21a406cc419681d945196,0.0,0.0,0.0,0.0,0.0,0.0,0.0,0.0,0.0,0.0,0.0,0.0,0.3885032388213411,0.0,0.0,0.0,0.0,0.7604259774135536,0.0,0.0,0.0,0.0,0.0,0.0,0.0,0.0,0.0,0.0,0.0,0.0,0.0,0.0,0.0,0.0,0.0,0.0,0.0,0.0,0.0,0.0,0.0,0.0,0.0,0.0,0.0,0.0,0.0,0.0,0.0,0.0,0.0,0.0,0.0,0.0,0.0,0.0,0.0,0.0,0.0,0.0,0.0,0.0,0.0,0.0,0.0,0.0,0.0,0.0,0.0,0.0,0.0,0.0,0.0,0.0,0.0,0.0,0.0,0.0,0.0,0.0,0.0,0.0,0.0,0.0,0.0,0.0,0.0,0.0,0.0,0.0,0.0,0.0,0.0,0.0,0.0,0.0,0.0,0.0,0.0,0.0,0.0,0.0,0.5204013511703923,0.0,0.0,0.0,0.0,0.0,0.0,0.0,0.0,0.0,0.0,0.0,0.0,0.0,0.0,0.0,0.0,0.0,0.0,0.0,0.0,0.0,0.0,0.0,0.0,0.0,0.0,0.0,0.0,0.0,0.0,0.0,0.0,0.0,0.0,0.0,0.0,0.0,0.0,0.0,0.0,0.0,0.0,0.0,0.0,0.0,0.0,0.0,0.0,0.0,0.0,0.0,0.0,0.0,0.0,0.0,0.0,0.0,0.0
29fc28e7fe1f87451e12b9a12800c80c56a3e88d0934ba5090d7e585b32fac30,0.0,0.0,0.0,0.0,0.0,0.0,0.0,0.0,0.0,0.0,0.0,0.0,0.13132730093924622,0.0,0.0,0.0,0.0,0.0,0.0,0.0,0.0,0.0,0.0,0.0,0.0,0.0,0.0,0.0,0.0,0.0,0.0,0.0,0.0,0.0,0.0,0.0,0.0,0.0,0.0,0.0,0.0,0.0,0.24053575285396736,0.22737736001947076,0.0,0.0,0.0,0.0,0.3233072401967001,0.31978404151973977,0.0,0.0,0.0,0.0,0.0,0.0,0.0,0.0,0.0,0.0,0.0,0.0,0.0,0.0,0.0,0.0,0.0,0.0,0.0,0.0,0.0,0.0,0.4572835110699973,0.0,0.0,0.12484834852397475,0.2662447359192103,0.21220642229792677,0.0,0.11422322320652367,0.0,0.0,0.0,0.0,0.0,0.0,0.0,0.0,0.2736230041887797,0.0,0.0,0.0,0.0,0.0,0.0,0.0,0.0,0.0,0.0,0.16036567790584935,0.0,0.0,0.0,0.0,0.0,0.0,0.0,0.0,0.0,0.0,0.0,0.0,0.0,0.0,0.0,0.0,0.16412009862571572,0.0,0.16671078372381892,0.14777626200999547,0.0,0.0,0.0,0.0,0.20731698830424344,0.0,0.0,0.0,0.0,0.0,0.0,0.0,0.0,0.1880495034221738,0.0,0.0,0.0,0.0,0.0,0.0,0.0,0.0,0.0,0.0,0.0,0.1357576401930516,0.0,0.0,0.0,0.0,0.0,0.0,0.0,0.0,0.19702850675271832,0.0,0.0,0.0,0.0,0.0,0.0
33b647a646e62b8b95a40370b3a228fa50d7ac844bf4192456213ed492d74b83,0.0,0.0,0.0,0.0,0.0,0.0,0.31216856864556547,0.0,0.0,0.0,0.0,0.0,0.11732411953903121,0.0,0.0,0.0,0.30278522967769694,0.2296410926851496,0.0,0.0,0.0,0.0,0.0,0.0,0.0,0.3093767671741576,0.0,0.0,0.0,0.0,0.0,0.0,0.0,0.0,0.0,0.0,0.0,0.0,0.0,0.0,0.0,0.0,0.0,0.0,0.0,0.0,0.0,0.0,0.0,0.2856860747583092,0.0,0.0,0.0,0.0,0.0,0.0,0.0,0.0,0.0,0.0,0.17024760499734032,0.31076083767614165,0.0,0.0,0.0,0.0,0.0,0.0,0.0,0.0,0.0,0.0,0.0,0.0,0.0,0.11153600555038956,0.0,0.0,0.0,0.0,0.0,0.0,0.0,0.0,0.0,0.0,0.0,0.0,0.244447101421237,0.0,0.0,0.0,0.0,0.0,0.0,0.0,0.0,0.0,0.0,0.0,0.0,0.0,0.0,0.0,0.0,0.0,0.0,0.0,0.0,0.0,0.0,0.0,0.0,0.0,0.23558368863307247,0.26813779383708536,0.1466202833090189,0.1356001691567287,0.14893472856117906,0.13201915904075853,0.15758946286868966,0.0,0.0,0.0,0.0,0.0,0.0,0.0,0.0,0.0,0.0,0.0,0.30028957637775433,0.0,0.0,0.0,0.0,0.0,0.0,0.0,0.0,0.0,0.0,0.1807747159122172,0.0,0.12128206010808612,0.0,0.0,0.0,0.0,0.0,0.0,0.0,0.0,0.0,0.0,0.0,0.0,0.0,0.0,0.0
37ce65d093b8e5a9c6c1e2ad6beadec53f76b6f4085df3a4cfe32c437d7a598b,0.0,0.0,0.0,0.0,0.0,0.0,0.0,0.0,0.0,0.0,0.0,0.0,0.1298015957671322,0.0,0.0,0.0,0.0,0.0,0.0,0.0,0.0,0.1897660784501121,0.0,0.0,0.0,0.0,0.0,0.0,0.0,0.0,0.0,0.0,0.0,0.0,0.0,0.0,0.0,0.0,0.0,0.0,0.0,0.0,0.0,0.2247357857868303,0.0,0.0,0.0,0.0,0.3195511930913218,0.0,0.0,0.0,0.0,0.0,0.0,0.0,0.0,0.0,0.0,0.0,0.0,0.0,0.0,0.0,0.0,0.0,0.0,0.21189336098264386,0.0,0.0,0.0,0.0,0.0,0.0,0.0,0.0,0.0,0.0,0.0,0.11289622599287999,0.0,0.0,0.0,0.0,0.0,0.0,0.0,0.0,0.0,0.0,0.0,0.0,0.0,0.5258534134067713,0.0,0.0,0.0,0.0,0.0,0.0,0.0,0.0,0.17386965942992316,0.0,0.0,0.0,0.0,0.0,0.0,0.0,0.0,0.0,0.0,0.0,0.0,0.0,0.0,0.0,0.16477400817787,0.14605945974838022,0.0,0.0,0.0,0.0,0.0,0.0,0.0,0.0,0.0,0.0,0.0,0.0,0.0,0.1858648236340968,0.0,0.0,0.0,0.0,0.0,0.0,0.0,0.0,0.0,0.0,0.0,0.13418046520875532,0.27762175513516424,0.0,0.0,0.0,0.0,0.0,0.0,0.0,0.194739512692408,0.462701989906794,0.0,0.0,0.0,0.0,0.0
95d504c99f7a810bbbc5b7bf92362a777e0f3210feb7bb8dff9ff72266f09db6,0.0,0.0,0.0,0.0,0.0,0.0,0.0,0.0,0.0,0.0,0.0,0.0,0.17204955015164072,0.0,0.0,0.0,0.0,0.0,0.0,0.0,0.0,0.0,0.0,0.0,0.0,0.0,0.0,0.0,0.0,0.0,0.0,0.7317498472117572,0.0,0.0,0.0,0.0,0.0,0.0,0.0,0.0,0.0,0.0,0.0,0.0,0.0,0.0,0.0,0.3593869566915138,0.0,0.0,0.0,0.0,0.0,0.0,0.0,0.0,0.0,0.0,0.0,0.0,0.0,0.0,0.0,0.0,0.3322554102910451,0.0,0.0,0.2808606259555274,0.0,0.0,0.0,0.0,0.0,0.0,0.0,0.0,0.0,0.0,0.0,0.0,0.0,0.0,0.0,0.0,0.0,0.0,0.0,0.0,0.0,0.0,0.0,0.0,0.0,0.0,0.0,0.0,0.0,0.0,0.0,0.0,0.0,0.0,0.0,0.0,0.0,0.0,0.0,0.0,0.0,0.0,0.0,0.0,0.0,0.0,0.0,0.0,0.2150108083958873,0.0,0.0,0.0,0.0,0.0,0.0,0.0,0.0,0.0,0.0,0.0,0.0,0.0,0.0,0.0,0.0,0.0,0.0,0.0,0.0,0.0,0.0,0.0,0.0,0.0,0.0,0.2650964582021907,0.0,0.0,0.0,0.0,0.0,0.0,0.0,0.0,0.0,0.0,0.0,0.0,0.0,0.0,0.0,0.0,0.0
3e49fe819025e4a6e061584f1a596f535d8c7dae935a079121ef19e0c11b3e60,0.0,0.0,0.0,0.0,0.0,0.0,0.0,0.0,0.0,0.0,0.13951458360543095,0.0,0.0908343451793576,0.0,0.0,0.0,0.0,0.0,0.0,0.0,0.0,0.13279711525422772,0.0,0.0,0.0,0.0,0.0,0.0,0.0,0.0,0.0,0.0,0.0,0.0,0.0,0.0,0.0,0.0,0.0,0.0,0.0,0.0,0.0,0.15726869781275973,0.0,0.0,0.0,0.0,0.22361992704470712,0.0,0.0,0.0,0.26076508223817413,0.0,0.0,0.0,0.0,0.0,0.0,0.0,0.0,0.0,0.0,0.0,0.1754157601661016,0.0,0.0,0.14828164922750037,0.30956900058777487,0.3979549432545484,0.3128393061621736,0.28811654673018344,0.0,0.0,0.0,0.08635308807683287,0.0,0.0,0.0,0.07900407310616987,0.0,0.0,0.0,0.0,0.0,0.0,0.0,0.0,0.0,0.0,0.0,0.0,0.0,0.0,0.0,0.0,0.0,0.0,0.0,0.0,0.0,0.0,0.0,0.0,0.20695609885223226,0.0,0.0,0.0,0.0,0.0,0.0,0.0,0.0,0.26380170283287513,0.0,0.0,0.11351593753027026,0.10498397618457236,0.11530782073177598,0.10221149674690148,0.12200846444095388,0.0,0.0,0.0,0.0,0.0,0.0,0.0,0.0,0.0,0.0,0.36798893098993063,0.0,0.0,0.0,0.0,0.0,0.0,0.0,0.0,0.0,0.0,0.0,0.0,0.0,0.0,0.0,0.0,0.0,0.0,0.0,0.0,0.0,0.0,0.0,0.0,0.0,0.0,0.0,0.0,0.0
104d9952fbab963d6ffc537895b117544915a901d23772272d11151650ef21f2,0.0,0.0,0.0,0.0,0.0,0.0,0.0,0.0,0.0,0.0,0.0,0.0,0.3029785583029972,0.0,0.0,0.0,0.0,0.5930266296669291,0.0,0.0,0.0,0.0,0.0,0.0,0.0,0.0,0.0,0.0,0.0,0.0,0.0,0.0,0.0,0.0,0.0,0.0,0.0,0.0,0.0,0.0,0.0,0.0,0.5549278413460659,0.0,0.0,0.0,0.0,0.0,0.0,0.0,0.0,0.0,0.0,0.0,0.0,0.0,0.0,0.0,0.0,0.0,0.0,0.0,0.0,0.0,0.0,0.0,0.0,0.0,0.0,0.0,0.0,0.0,0.0,0.0,0.0,0.2880312956390004,0.0,0.0,0.0,0.0,0.0,0.0,0.0,0.0,0.0,0.0,0.0,0.0,0.0,0.0,0.0,0.0,0.0,0.0,0.0,0.0,0.0,0.0,0.0,0.0,0.0,0.0,0.0,0.0,0.0,0.0,0.0,0.0,0.0,0.0,0.0,0.0,0.0,0.0,0.0,0.0,0.0,0.0,0.0,0.0,0.4069600390038738,0.0,0.0,0.0,0.0,0.0,0.0,0.0,0.0,0.0,0.0,0.0,0.0,0.0,0.0,0.0,0.0,0.0,0.0,0.0,0.0,0.0,0.0,0.0,0.0,0.0,0.0,0.0,0.0,0.0,0.0,0.0,0.0,0.0,0.0,0.0,0.0,0.0,0.0,0.0,0.0
fef3d75efe93dfd69e1bc5855fea1b7d6d03a17b9f5127f53b489c60897dd6b9,0.0,0.0,0.0,0.0,0.0,0.5910116701360851,0.0,0.0,0.0,0.0,0.0,0.0,0.21266347482731862,0.0,0.0,0.0,0.0,0.0,0.0,0.0,0.0,0.0,0.0,0.0,0.0,0.0,0.0,0.0,0.0,0.0,0.0,0.0,0.0,0.0,0.0,0.0,0.0,0.0,0.0,0.0,0.0,0.0,0.0,0.0,0.0,0.0,0.0,0.44422364923517677,0.0,0.0,0.0,0.0,0.0,0.0,0.0,0.0,0.0,0.0,0.0,0.0,0.0,0.0,0.0,0.0,0.41068744452044864,0.0,0.0,0.3471604349167702,0.0,0.0,0.0,0.0,0.0,0.0,0.0,0.0,0.0,0.0,0.0,0.0,0.0,0.0,0.0,0.0,0.0,0.0,0.0,0.0,0.0,0.0,0.0,0.0,0.0,0.0,0.0,0.0,0.0,0.0,0.0,0.0,0.0,0.0,0.0,0.0,0.0,0.0,0.0,0.0,0.0,0.0,0.0,0.0,0.0,0.0,0.0,0.0,0.2657661446868024,0.0,0.0,0.0,0.0,0.0,0.0,0.0,0.0,0.0,0.0,0.0,0.0,0.0,0.0,0.0,0.0,0.0,0.0,0.0,0.0,0.0,0.0,0.0,0.0,0.0,0.0,0.0,0.0,0.21983769780791565,0.0,0.0,0.0,0.0,0.0,0.0,0.0,0.0,0.0,0.0,0.0,0.0,0.0,0.0,0.0
191babb0f7c471b06775a0ba0246d78ab83570f5d82308a288382ecf97bc9b8a,0.0,0.0,0.0,0.0,0.0,0.0,0.0,0.0,0.0,0.0,0.0,0.0,0.08870609666195689,0.0,0.0,0.0,0.0,0.0,0.0,0.0,0.25045625001036065,0.12968567912181722,0.0,0.0,0.0,0.0,0.0,0.0,0.0,0.0,0.0,0.0,0.0,0.0,0.0,0.0,0.0,0.0,0.0,0.4204364745856318,0.0,0.0,0.0,0.15358389255223137,0.0,0.0,0.0,0.0,0.2183805126221732,0.0,0.0,0.0,0.0,0.0,0.0,0.0,0.27305189089206344,0.0,0.0,0.0,0.0,0.0,0.0,0.0,0.0,0.0,0.0,0.14480741049651125,0.0,0.0,0.0,0.0,0.0,0.0,0.0,0.0,0.0,0.0,0.0,0.0771530078386786,0.0,0.0,0.0,0.0,0.0,0.0,0.0,0.0,0.0,0.0,0.0,0.0,0.0,0.35936695110718064,0.0,0.0,0.0,0.0,0.0,0.0,0.0,0.0,0.11882210480402822,0.0,0.0,0.0,0.0,0.0,0.0,0.0,0.4204364745856318,0.0,0.0,0.0,0.0,0.0,0.0,0.0,0.11260615873341462,0.09981668159209003,0.0,0.0,0.0,0.0,0.0,0.0,0.0,0.0,0.0,0.0,0.0,0.0,0.0,0.12701957101453917,0.0,0.0,0.0,0.0,0.0,0.0,0.0,0.0,0.0,0.0,0.0,0.09169860544941098,0.18972603611640562,0.2053008002110008,0.0,0.0,0.0,0.0,0.0,0.0,0.13308451205627872,0.316209420999622,0.0,0.0,0.0,0.0,0.0
267fa786176679a2d99bf4d47cbcd8591640452ff393af7d61cfd5c0d8e67f33,0.0,0.0,0.0,0.0,0.0,0.0,0.0,0.0,0.0,0.0,0.0,0.0,0.09323323196745138,0.0,0.0,0.0,0.0,0.0,0.0,0.0,0.0,0.1363042165015732,0.0,0.0,0.33234723889045586,0.0,0.0,0.0,0.0,0.0,0.0,0.0,0.0,0.4230674073360125,0.0,0.0,0.0,0.0,0.0,0.0,0.0,0.0,0.17076362250583396,0.16142208055162138,0.0,0.0,0.0,0.0,0.0,0.0,0.220787213528904,0.0,0.0,0.0,0.0,0.0,0.0,0.0,0.0,0.0,0.0,0.0,0.0,0.0,0.0,0.0,0.0,0.0,0.0,0.0,0.0,0.0,0.0,0.0,0.2792793422906985,0.08863362724612595,0.18901520892104495,0.15065177197419308,0.0,0.0,0.0,0.0,0.0,0.0,0.0,0.0,0.0,0.0,0.0,0.0,0.0,0.0,0.0,0.0,0.0,0.0,0.0,0.0,0.0,0.0,0.0,0.0,0.12488621726048557,0.0,0.0,0.0,0.0,0.0,0.0,0.0,0.0,0.0,0.0,0.27076856562417806,0.0,0.0,0.11651383311967259,0.0,0.0,0.10491084806223583,0.0,0.0,0.0,0.0,0.0,0.0,0.16939308511326304,0.0,0.0,0.0,0.0,0.0,0.0,0.13350204297607798,0.0,0.0,0.0,0.0,0.0,0.0,0.0,0.0,0.0,0.14365512469826663,0.0,0.09637846410418453,0.0,0.21577837205618483,0.0,0.4230674073360125,0.0,0.0,0.0,0.0,0.13987650962822099,0.0,0.0,0.0,0.0,0.0,0.0
312f082ea8f64609d30ff62b11f564107bf7a4ec9e95944dfd3da57c6cdb4e94,0.0,0.27306898322651957,0.0,0.0,0.0,0.0,0.0,0.0,0.0,0.0,0.0,0.0,0.0,0.0,0.0,0.0,0.0,0.0,0.0,0.0,0.0,0.0,0.0,0.0,0.455114052064185,0.0,0.0,0.0,0.0,0.0,0.0,0.0,0.0,0.0,0.0,0.0,0.0,0.0,0.0,0.0,0.0,0.0,0.23384254505392488,0.0,0.0,0.0,0.0,0.0,0.0,0.0,0.0,0.0,0.0,0.0,0.0,0.0,0.0,0.0,0.0,0.4351172337060844,0.0,0.0,0.0,0.0,0.24655705244066442,0.0,0.0,0.2084184814976395,0.0,0.0,0.0,0.0,0.0,0.0,0.0,0.12137428726593626,0.0,0.0,0.0,0.11104481933333293,0.0,0.0,0.0,0.0,0.0,0.0,0.0,0.0,0.0,0.0,0.0,0.0,0.0,0.0,0.0,0.0,0.0,0.0,0.0,0.1559033025895687,0.0,0.0,0.17101833785091805,0.0,0.0,0.0,0.20423340301670131,0.0,0.41877864344657434,0.0,0.0,0.0,0.0,0.0,0.0,0.0,0.15955325186288838,0.0,0.1620718479118571,0.14366420291769527,0.0,0.0,0.0,0.0,0.0,0.0,0.0,0.0,0.0,0.0,0.0,0.0,0.0,0.0,0.0,0.0,0.0,0.0,0.0,0.0,0.0,0.0,0.0,0.0,0.0,0.0,0.0,0.0,0.0,0.0,0.0,0.0,0.0,0.0,0.0,0.0,0.0,0.0,0.0,0.0,0.0
973f558936e9cd63c00eba6da49d86b6f34f3e0af54a314356d6271faa328745,0.0,0.0,0.0,0.0,0.0,0.0,0.0,0.0,0.0,0.0,0.0,0.0,0.0,0.0,0.0,0.0,0.0,0.0,0.0,0.48176345010090954,0.41834739581162783,0.0,0.0,0.0,0.0,0.0,0.0,0.0,0.0,0.0,0.0,0.0,0.0,0.0,0.0,0.0,0.0,0.0,0.0,0.0,0.0,0.0,0.2713834037555566,0.0,0.0,0.0,0.0,0.3095048331055717,0.0,0.0,0.0,0.0,0.0,0.0,0.0,0.0,0.0,0.0,0.0,0.0,0.0,0.0,0.0,0.0,0.0,0.0,0.0,0.0,0.0,0.0,0.0,0.0,0.0,0.0,0.0,0.14085959934723877,0.0,0.0,0.0,0.1288718485045197,0.0,0.0,0.0,0.0,0.0,0.0,0.0,0.0,0.0,0.0,0.0,0.0,0.0,0.0,0.0,0.0,0.0,0.0,0.0,0.18093186979184175,0.0,0.0,0.1984734583687379,0.0,0.0,0.0,0.0,0.0,0.0,0.0,0.0,0.0,0.0,0.0,0.0,0.0,0.0,0.0,0.0,0.0,0.1990208318066547,0.0,0.0,0.0,0.0,0.0,0.0,0.0,0.41177674498836486,0.0,0.0,0.0,0.0,0.0,0.0,0.0,0.0,0.0,0.0,0.0,0.0,0.0,0.2867751779784812,0.0,0.0,0.15316795962461355,0.0,0.0,0.0,0.0,0.0,0.0,0.0,0.0,0.0,0.0,0.0,0.0,0.0,0.0,0.0
5e5cfffc1cbefb7bc0439640a28eb44fabed540e073b48fa9c642b881b684040,0.0,0.0,0.0,0.0,0.0,0.0,0.311264744329137,0.0,0.0,0.0,0.0,0.0,0.1169844300161461,0.0,0.0,0.0,0.30190857302252677,0.22897621087299092,0.0,0.0,0.0,0.0,0.0,0.0,0.0,0.308481025984315,0.0,0.0,0.0,0.0,0.0,0.0,0.0,0.0,0.0,0.0,0.0,0.0,0.0,0.0,0.0,0.0,0.0,0.0,0.0,0.0,0.0,0.0,0.0,0.2848589254320593,0.0,0.0,0.0,0.0,0.0,0.0,0.0,0.0,0.0,0.0,0.16975468565610766,0.30986108917518257,0.0,0.0,0.0,0.0,0.0,0.0,0.0,0.0,0.0,0.0,0.0,0.0,0.0,0.11121307440324961,0.0,0.0,0.0,0.0,0.0,0.0,0.0,0.0,0.0,0.0,0.0,0.0,0.24373935164583974,0.0,0.0,0.0,0.0,0.0,0.0,0.0,0.0,0.0,0.0,0.14285138954197668,0.0,0.0,0.0,0.0,0.0,0.0,0.0,0.0,0.0,0.0,0.0,0.0,0.0,0.0,0.2349016011722357,0.2673614521980954,0.14619577235357167,0.13520756483167629,0.1485035165726745,0.13163692284480455,0.15713319275420753,0.0,0.0,0.0,0.0,0.0,0.0,0.0,0.0,0.0,0.0,0.0,0.29942014540884604,0.0,0.0,0.0,0.0,0.0,0.0,0.0,0.0,0.0,0.0,0.1802513173370633,0.0,0.0,0.0,0.0,0.0,0.0,0.0,0.0,0.0,0.0,0.0,0.0,0.0,0.0,0.0,0.0,0.0
3ea80d14d46563e000b4300a80edd83c1c382f1240723ff79d197de4b1fc83bc,0.0,0.0,0.0,0.0,0.0,0.0,0.0,0.0,0.0,0.0,0.0,0.0,0.24376038743898903,0.0,0.0,0.0,0.0,0.0,0.0,0.792571249625251,0.0,0.0,0.0,0.0,0.0,0.0,0.0,0.0,0.0,0.0,0.0,0.0,0.0,0.0,0.0,0.0,0.0,0.0,0.0,0.0,0.0,0.0,0.0,0.0,0.0,0.0,0.0,0.0,0.0,0.0,0.0,0.0,0.0,0.0,0.0,0.0,0.0,0.0,0.0,0.0,0.0,0.0,0.0,0.0,0.0,0.0,0.0,0.0,0.0,0.0,0.0,0.0,0.0,0.0,0.0,0.23173461717149563,0.0,0.0,0.0,0.0,0.0,0.0,0.0,0.0,0.0,0.0,0.0,0.0,0.0,0.0,0.0,0.0,0.0,0.0,0.0,0.0,0.0,0.0,0.0,0.29765935566078444,0.0,0.0,0.3265178312796603,0.0,0.0,0.0,0.0,0.0,0.0,0.0,0.0,0.0,0.0,0.0,0.0,0.0,0.0,0.0,0.0,0.0,0.0,0.0,0.0,0.0,0.0,0.0,0.0,0.0,0.0,0.0,0.0,0.0,0.0,0.0,0.0,0.0,0.0,0.0,0.0,0.0,0.0,0.0,0.0,0.0,0.0,0.2519836677871731,0.0,0.0,0.0,0.0,0.0,0.0,0.0,0.0,0.0,0.0,0.0,0.0,0.0,0.0,0.0
841f916fd211961d16b57c00fede97127720d6d2ea52e914fa13661b1d728410,0.0,0.0,0.0,0.0,0.0,0.0,0.0,0.0,0.0,0.0,0.2007001842368784,0.0,0.1306707108418995,0.0,0.0,0.0,0.0,0.0,0.0,0.0,0.0,0.19103669888035968,0.0,0.0,0.0,0.0,0.0,0.0,0.0,0.0,0.0,0.0,0.0,0.0,0.0,0.0,0.0,0.0,0.0,0.0,0.0,0.0,0.0,0.22624055356809403,0.0,0.0,0.0,0.0,0.32169081824334056,0.0,0.0,0.0,0.0,0.0,0.0,0.0,0.0,0.0,0.0,0.0,0.0,0.0,0.0,0.0,0.0,0.0,0.0,0.0,0.0,0.0,0.0,0.0,0.0,0.0,0.0,0.12422415089922605,0.2649136063229649,0.21114546517417795,0.0,0.11365214745374379,0.0,0.0,0.0,0.0,0.0,0.0,0.0,0.0,0.27225498585845764,0.0,0.0,0.0,0.0,0.0,0.0,0.0,0.0,0.0,0.0,0.15956390618500976,0.0,0.0,0.0,0.0,0.2977188914247079,0.0,0.0,0.0,0.0,0.0,0.0,0.0,0.0,0.0,0.0,0.0,0.16329955612798278,0.0,0.16587728871607021,0.14703743291989205,0.0,0.0,0.0,0.0,0.2062804766226755,0.0,0.0,0.0,0.0,0.0,0.0,0.0,0.0,0.18710932235643263,0.0,0.0,0.0,0.0,0.0,0.0,0.0,0.0,0.0,0.2013393386057616,0.0,0.13507889996499228,0.2794806325322048,0.30242342420064333,0.0,0.0,0.0,0.0,0.0,0.0,0.19604343384324996,0.0,0.0,0.0,0.0,0.0,0.0
339a586e6e541cb228df0082d135fda48413e258c94686ae2786f60d7955dd4e,0.0,0.0,0.0,0.0,0.0,0.0,0.0,0.0,0.0,0.0,0.21775625367725007,0.0,0.14177547751870373,0.0,0.0,0.0,0.0,0.0,0.0,0.0,0.0,0.20727153799698503,0.0,0.0,0.0,0.0,0.0,0.0,0.0,0.0,0.0,0.0,0.0,0.0,0.0,0.0,0.0,0.0,0.0,0.0,0.0,0.0,0.0,0.24546711584833178,0.0,0.0,0.0,0.0,0.3490290140459541,0.34522551567777854,0.0,0.0,0.0,0.0,0.0,0.0,0.0,0.0,0.27379129681343456,0.0,0.0,0.0,0.0,0.0,0.0,0.0,0.0,0.23144000856701577,0.0,0.0,0.0,0.0,0.0,0.0,0.0,0.13478107067468426,0.0,0.0,0.0,0.12331062846804385,0.0,0.0,0.0,0.0,0.0,0.0,0.0,0.0,0.0,0.0,0.0,0.0,0.0,0.0,0.0,0.0,0.0,0.0,0.0,0.0,0.0,0.0,0.0,0.0,0.0,0.0,0.0,0.0,0.0,0.0,0.0,0.0,0.0,0.0,0.0,0.0,0.0,0.0,0.1799740099805742,0.1595330899405937,0.1904324655314519,0.0,0.0,0.0,0.0,0.0,0.0,0.0,0.0,0.0,0.0,0.0,0.0,0.20301040190544578,0.0,0.0,0.0,0.44620417844084076,0.0,0.0,0.0,0.0,0.0,0.0,0.0,0.0,0.30323168733981853,0.0,0.0,0.0,0.0,0.0,0.0,0.0,0.0,0.0,0.0,0.0,0.0,0.0,0.0
bdbfa96d17c2f06f68b3bcc84568cf445915e194f130b0dc2411805cf889b6cc,0.0,0.0,0.0,0.0,0.0,0.0,0.0,0.0,0.0,0.0,0.0,0.0,0.08632176324356054,0.0,0.0,0.0,0.0,0.0,0.0,0.0,0.0,0.0,0.0,0.0,0.0,0.0,0.0,0.0,0.0,0.0,0.0,0.0,0.0,0.0,0.0,0.0,0.0,0.0,0.0,0.0,0.0,0.0,0.15810475172315638,0.0,0.0,0.0,0.0,0.0,0.21251065729356103,0.0,0.0,0.0,0.0,0.0,0.0,0.24114556088709124,0.0,0.0,0.0,0.0,0.0,0.0,0.0,0.0,0.0,0.0,0.0,0.0,0.0,0.0,0.0,0.0,0.0,0.0,0.0,0.0,0.0,0.0,0.0,0.07507921018731097,0.0,0.330412539352512,0.0,0.43370251325438675,0.0,0.0,0.0,0.0,0.0,0.0,0.0,0.0,0.0,0.0,0.0,0.0,0.0,0.0,0.0,0.10540876102361837,0.0,0.0,0.11562828244018228,0.0,0.0,0.0,0.1380855287479216,0.36713805417597334,0.0,0.0,0.0,0.0,0.0,0.0,0.0,0.0,0.10787655114935125,0.09976845122489764,0.0,0.09713370648001393,0.0,0.0,0.0,0.0,0.0,0.0,0.0,0.0,0.0,0.0,0.0,0.0,0.0,0.0,0.0,0.0,0.0,0.0,0.0,0.0,0.0,0.0,0.0,0.0,0.2585760973345993,0.08923383631154022,0.0,0.19978251480349357,0.0,0.0,0.0,0.0,0.0,0.0,0.12950733008674625,0.0,0.3040367994857513,0.0,0.0,0.0,0.35779812895839647
328a8b05fbe3718e41a3e3ec07593e68de43cfb1ca77fb8f29e1d3d79ea87f05,0.0,0.0,0.0,0.0,0.0,0.0,0.31216856864556547,0.0,0.0,0.0,0.0,0.0,0.11732411953903121,0.0,0.0,0.0,0.30278522967769694,0.2296410926851496,0.0,0.0,0.0,0.0,0.0,0.0,0.0,0.3093767671741576,0.0,0.0,0.0,0.0,0.0,0.0,0.0,0.0,0.0,0.0,0.0,0.0,0.0,0.0,0.0,0.0,0.0,0.0,0.0,0.0,0.0,0.0,0.0,0.2856860747583092,0.0,0.0,0.0,0.0,0.0,0.0,0.0,0.0,0.0,0.0,0.17024760499734032,0.31076083767614165,0.0,0.0,0.0,0.0,0.0,0.0,0.0,0.0,0.0,0.0,0.0,0.0,0.0,0.11153600555038956,0.0,0.0,0.0,0.0,0.0,0.0,0.0,0.0,0.0,0.0,0.0,0.0,0.244447101421237,0.0,0.0,0.0,0.0,0.0,0.0,0.0,0.0,0.0,0.0,0.0,0.0,0.0,0.0,0.0,0.0,0.0,0.0,0.0,0.0,0.0,0.0,0.0,0.0,0.0,0.23558368863307247,0.26813779383708536,0.1466202833090189,0.1356001691567287,0.14893472856117906,0.13201915904075853,0.15758946286868966,0.0,0.0,0.0,0.0,0.0,0.0,0.0,0.0,0.0,0.0,0.0,0.30028957637775433,0.0,0.0,0.0,0.0,0.0,0.0,0.0,0.0,0.0,0.0,0.1807747159122172,0.0,0.12128206010808612,0.0,0.0,0.0,0.0,0.0,0.0,0.0,0.0,0.0,0.0,0.0,0.0,0.0,0.0,0.0
a3225cdecee4f51aef9815859cdbaa70d5ce3b5e97d52518a5e0c5e2ac5deb12,0.0,0.0,0.0,0.0,0.0,0.0,0.0,0.0,0.0,0.0,0.185694216400742,0.0,0.12090071241626613,0.0,0.0,0.0,0.0,0.0,0.0,0.0,0.0,0.17675325130994335,0.0,0.0,0.0,0.0,0.0,0.0,0.0,0.0,0.0,0.0,0.0,0.0,0.0,0.0,0.0,0.0,0.0,0.0,0.0,0.0,0.0,0.20932498130302035,0.0,0.0,0.0,0.0,0.2976386127603474,0.0,0.0,0.0,0.0,0.0,0.0,0.0,0.0,0.0,0.0,0.0,0.0,0.0,0.0,0.0,0.0,0.0,0.0,0.0,0.0,0.0,0.0,0.0,0.42097798301779,0.0,0.0,0.1149361493961232,0.24510652407761208,0.195358523716216,0.0,0.10515459437135187,0.0,0.0,0.0,0.0,0.0,0.0,0.0,0.0,0.2518990027458667,0.0,0.0,0.0,0.0,0.0,0.0,0.0,0.0,0.0,0.0,0.1476336189601883,0.0,0.0,0.0,0.0,0.27545902093223007,0.0,0.0,0.0,0.0,0.0,0.0,0.0,0.0,0.0,0.0,0.0,0.151089961521833,0.0,0.1534749619883527,0.13604372607555854,0.0,0.0,0.0,0.0,0.190857281027751,0.0,0.0,0.0,0.0,0.0,0.0,0.0,0.0,0.17311951719607452,0.0,0.0,0.0,0.380505881558364,0.0,0.0,0.0,0.0,0.0,0.18628558242335008,0.0,0.12497930969345078,0.0,0.0,0.0,0.0,0.0,0.0,0.0,0.0,0.0,0.0,0.0,0.0,0.0,0.0,0.0
cdbed3a79d37d581fc5be268df61e13aaafa5c88a001f4e8b298d77c4b37ae13,0.0,0.0,0.0,0.0,0.0,0.0,0.0,0.0,0.0,0.0,0.28449452389693003,0.0,0.1852270430622192,0.0,0.0,0.0,0.4780262830564585,0.0,0.0,0.0,0.0,0.27079643649286983,0.0,0.0,0.0,0.0,0.0,0.0,0.0,0.0,0.0,0.0,0.0,0.0,0.30289110595197816,0.0,0.0,0.0,0.0,0.0,0.0,0.0,0.33925715318322336,0.0,0.0,0.0,0.0,0.0,0.0,0.0,0.0,0.0,0.0,0.0,0.0,0.0,0.0,0.0,0.0,0.0,0.0,0.0,0.0,0.3755176936744543,0.0,0.0,0.0,0.0,0.0,0.0,0.0,0.0,0.0,0.0,0.0,0.17608897969353146,0.0,0.0,0.0,0.16110305878720416,0.0,0.0,0.0,0.0,0.0,0.0,0.0,0.0,0.0,0.0,0.0,0.0,0.0,0.0,0.0,0.0,0.0,0.0,0.0,0.0,0.0,0.0,0.0,0.0,0.42201951429714074,0.0,0.0,0.0,0.0,0.0,0.0,0.0,0.0,0.0,0.0,0.0,0.0,0.0,0.0,0.0,0.0,0.0,0.0,0.0,0.0,0.0,0.0,0.0,0.0,0.0,0.0,0.0,0.0,0.0,0.0,0.0,0.0,0.0,0.0,0.0,0.0,0.0,0.0,0.0,0.0,0.0,0.0,0.0,0.0,0.0,0.0,0.0,0.0,0.0,0.0,0.0,0.0,0.0,0.0,0.0,0.0
1667e1635736f2b2ba9727457f995a67201ddcd818496c9296713ffa18e17a43,0.0,0.0,0.0,0.0,0.0,0.0,0.0,0.0,0.0,0.0,0.0,0.0,0.0,0.0,0.0,0.0,0.0,0.0,0.0,0.0,0.0,0.0,0.0,0.0,0.0,0.0,0.47362013263255953,0.0,0.0,0.0,0.0,0.0,0.0,0.0,0.0,0.0,0.0,0.0,0.0,0.0,0.0,0.0,0.0,0.0,0.43755539822843553,0.0,0.0,0.0,0.0,0.0,0.0,0.0,0.0,0.0,0.0,0.0,0.0,0.0,0.4356126903791757,0.0,0.0,0.0,0.0,0.0,0.0,0.0,0.0,0.0,0.0,0.0,0.0,0.0,0.0,0.0,0.0,0.0,0.0,0.3644899078716189,0.0,0.19619204570959833,0.0,0.0,0.0,0.0,0.0,0.0,0.0,0.0,0.0,0.0,0.0,0.0,0.0,0.0,0.0,0.0,0.0,0.0,0.0,0.0,0.0,0.0,0.0,0.0,0.0,0.0,0.0,0.0,0.0,0.0,0.0,0.0,0.0,0.0,0.0,0.0,0.0,0.0,0.0,0.2538234024322538,0.0,0.0,0.0,0.0,0.0,0.0,0.0,0.0,0.0,0.0,0.0,0.0,0.0,0.32299751079834055,0.0,0.0,0.0,0.0,0.0,0.0,0.0,0.0,0.0,0.0,0.0,0.23317998216549357,0.0,0.0,0.0,0.0,0.0,0.0,0.0,0.0,0.0,0.0,0.0,0.0,0.0,0.0,0.0
03f51ffa9c987630724a451ad872f52bf97bd257ad06b58b6194f5dec29c8f13,0.0,0.30562447672859533,0.0,0.0,0.0,0.0,0.0,0.0,0.0,0.0,0.21947455976098992,0.0,0.14289422226854034,0.0,0.0,0.0,0.0,0.0,0.0,0.0,0.0,0.20890710959923262,0.4687057543342418,0.0,0.0,0.0,0.0,0.0,0.0,0.0,0.0,0.0,0.0,0.0,0.0,0.0,0.0,0.0,0.0,0.0,0.0,0.0,0.0,0.24740408726199975,0.0,0.0,0.0,0.0,0.0,0.0,0.0,0.0,0.0,0.0,0.0,0.0,0.0,0.0,0.0,0.0,0.0,0.0,0.0,0.0,0.0,0.0,0.0,0.0,0.0,0.0,0.0,0.0,0.0,0.0,0.0,0.13584462283358822,0.2896947869953446,0.23089693809118597,0.0,0.12428366781597674,0.0,0.0,0.0,0.0,0.0,0.0,0.0,0.0,0.2977229113725944,0.0,0.0,0.0,0.0,0.0,0.0,0.0,0.0,0.0,0.0,0.0,0.0,0.0,0.0,0.0,0.0,0.0,0.0,0.0,0.0,0.0,0.0,0.0,0.0,0.0,0.0,0.0,0.17857531285598346,0.0,0.18139417785654727,0.16079195931574855,0.0,0.0,0.0,0.0,0.22557685717226145,0.0,0.0,0.0,0.0,0.0,0.0,0.0,0.0,0.20461234904940073,0.0,0.0,0.0,0.0,0.0,0.0,0.0,0.0,0.0,0.22017350343293188,0.0,0.1477147727369549,0.0,0.0,0.0,0.0,0.0,0.0,0.0,0.0,0.0,0.0,0.0,0.0,0.0,0.0,0.0
993afa5ca786935ff44f01d5495e0583034008d30d93eaac100e6d4325dfb89d,0.0,0.0,0.0,0.0,0.0,0.0,0.0,0.0,0.0,0.0,0.0,0.0,0.19343320093538208,0.0,0.0,0.0,0.0,0.0,0.0,0.0,0.0,0.0,0.0,0.0,0.0,0.0,0.0,0.0,0.0,0.0,0.0,0.0,0.0,0.0,0.0,0.0,0.0,0.0,0.0,0.0,0.0,0.0,0.0,0.0,0.0,0.0,0.0,0.0,0.4762022360130832,0.0,0.0,0.0,0.0,0.0,0.0,0.0,0.0,0.0,0.0,0.0,0.0,0.0,0.0,0.0,0.0,0.0,0.0,0.0,0.0,0.0,0.0,0.0,0.0,0.0,0.0,0.0,0.0,0.0,0.0,0.16824044603045435,0.0,0.0,0.0,0.0,0.0,0.0,0.0,0.0,0.0,0.0,0.0,0.0,0.0,0.0,0.0,0.0,0.0,0.0,0.0,0.0,0.0,0.0,0.2591044013774056,0.0,0.0,0.0,0.0,0.0,0.0,0.0,0.0,0.0,0.0,0.0,0.0,0.0,0.0,0.0,0.0,0.2176610284260913,0.0,0.0,0.0,0.0,0.0,0.0,0.0,0.0,0.0,0.0,0.0,0.0,0.0,0.0,0.0,0.0,0.0,0.0,0.0,0.0,0.0,0.0,0.0,0.0,0.0,0.0,0.0,0.44768051389685826,0.0,0.0,0.0,0.55530344221572,0.0,0.0,0.29020511701773194,0.0,0.0,0.0,0.0,0.0,0.0
06edeee5eaf02a2ee9849ca2b8bc9ec67c39c338c9b184c04f5f0da7c6bedfa5,0.0,0.0,0.0,0.0,0.0,0.5046461489753512,0.0,0.0,0.0,0.0,0.0,0.0,0.18158660652946437,0.0,0.0,0.0,0.0,0.0,0.0,0.0,0.0,0.0,0.0,0.0,0.0,0.0,0.0,0.0,0.0,0.0,0.0,0.0,0.0,0.0,0.0,0.0,0.0,0.0,0.0,0.0,0.0,0.0,0.0,0.0,0.0,0.0,0.0,0.0,0.0,0.0,0.0,0.0,0.0,0.0,0.0,0.0,0.0,0.0,0.0,0.0,0.0,0.0,0.0,0.0,0.0,0.0,0.0,0.0,0.0,0.0,0.0,0.0,0.0,0.0,0.0,0.17262814188014303,0.0,0.0,0.0,0.15793675298729737,0.0,0.0,0.0,0.0,0.0,0.0,0.0,0.0,0.0,0.0,0.0,0.0,0.0,0.0,0.0,0.0,0.0,0.0,0.0,0.22173804720308468,0.0,0.0,0.0,0.0,0.0,0.0,0.0,0.0,0.0,0.0,0.0,0.0,0.0,0.0,0.0,0.0,0.2269292946674625,0.0,0.0,0.20433062852953887,0.0,0.0,0.0,0.0,0.0,0.0,0.0,0.0,0.0,0.0,0.0,0.0,0.0,0.0,0.0,0.0,0.0,0.0,0.0,0.0,0.0,0.0,0.0,0.27979129387718854,0.0,0.18771244833934794,0.3883803748005506,0.42026283458470876,0.0,0.0,0.0,0.0,0.0,0.0,0.2724318376675162,0.0,0.0,0.0,0.0,0.0,0.0
852bffb94dbd3ed18ac11311b701ee80400209a19b3660b544146b41fa3b9768,0.0,0.0,0.0,0.0,0.0,0.0,0.0,0.0,0.0,0.0,0.0,0.0,0.0826144183985312,0.0,0.0,0.0,0.0,0.0,0.0,0.0,0.23325676822117322,0.0,0.2709826379235856,0.0,0.0,0.0,0.0,0.0,0.0,0.0,0.0,0.0,0.0,0.0,0.0,0.0,0.0,0.0,0.34243142421196615,0.0,0.0,0.23853198347243026,0.15131447295392358,0.1430368873848405,0.0,0.0,0.0,0.0,0.0,0.0,0.0,0.0,0.2371675115311738,0.0,0.0,0.0,0.0,0.0,0.0,0.0,0.0,0.0,0.0,0.0,0.0,0.0,0.0,0.13486310916775182,0.0,0.0,0.0,0.0,0.0,0.0,0.0,0.0,0.0,0.1334932647910471,0.0,0.07185471021884483,0.0,0.3162219901969609,0.0,0.0,0.0,0.0,0.0,0.0,0.17212875913723666,0.0,0.0,0.0,0.0,0.0,0.0,0.0,0.0,0.0,0.0,0.0,0.0,0.0,0.0,0.0,0.0,0.0,0.0,0.0,0.0,0.0,0.0,0.0,0.0,0.0,0.0,0.0,0.1032434718333663,0.0,0.10487320107551791,0.09296201057777416,0.0,0.0,0.0,0.0,0.0,0.0,0.1501000331325065,0.0,0.0,0.0,0.0,0.0,0.0,0.11829680686533313,0.0,0.3513702185639623,0.0,0.2600089898058806,0.0,0.0,0.0,0.0,0.0,0.12729350175331258,0.0,0.08540142382804684,0.1766970559931951,0.19120226054833062,0.0,0.0,0.0,0.2371675115311738,0.0,0.0,0.12394525263895466,0.0,0.0,0.0,0.0,0.0,0.0
5a9a3c1a7abfcf03bc270126a2a438713a1927cdfa92e6c8c72d7443ceee2eb8,0.0,0.0,0.0,0.0,0.0,0.0,0.0,0.0,0.0,0.0,0.2615112261835333,0.0,0.1702632110103465,0.0,0.0,0.0,0.0,0.0,0.0,0.0,0.0,0.2489197583959044,0.0,0.0,0.0,0.0,0.0,0.0,0.0,0.0,0.0,0.0,0.0,0.0,0.0,0.0,0.0,0.0,0.0,0.0,0.0,0.0,0.0,0.0,0.0,0.0,0.0,0.0,0.0,0.0,0.0,0.0,0.0,0.0,0.0,0.0,0.0,0.0,0.0,0.0,0.0,0.0,0.0,0.0,0.0,0.0,0.0,0.2779445338823395,0.0,0.0,0.0,0.0,0.0,0.0,0.0,0.16186337918316474,0.0,0.0,0.0,0.1480881173678515,0.0,0.0,0.0,0.0,0.0,0.0,0.0,0.0,0.0,0.0,0.0,0.0,0.0,0.0,0.0,0.0,0.0,0.0,0.0,0.20791088418646678,0.0,0.0,0.0,0.0,0.38792606319975403,0.0,0.0,0.0,0.0,0.0,0.0,0.0,0.0,0.0,0.0,0.0,0.0,0.0,0.21613718658544553,0.19158895904338932,0.0,0.0,0.0,0.0,0.26878231619185167,0.0,0.0,0.0,0.0,0.0,0.0,0.0,0.0,0.24380240858199295,0.0,0.0,0.0,0.0,0.0,0.0,0.0,0.0,0.3295366420787734,0.0,0.0,0.0,0.36416171308435025,0.0,0.0,0.0,0.0,0.0,0.0,0.0,0.25544350626539347,0.0,0.0,0.0,0.0,0.0,0.0
d31f7a4a68a38581a88a343cbc9be8480acdba021c3bca39f6d45c4cac352be1,0.0,0.0,0.0,0.0,0.0,0.0,0.30838356478544604,0.0,0.0,0.0,0.0,0.0,0.11590157963609646,0.0,0.0,0.0,0.2991139975991771,0.22685672388714223,0.0,0.0,0.0,0.0,0.0,0.0,0.0,0.3056256135488386,0.0,0.0,0.0,0.0,0.0,0.0,0.0,0.0,0.0,0.0,0.0,0.0,0.0,0.0,0.0,0.0,0.0,0.0,0.0,0.0,0.0,0.0,0.0,0.2822221677402702,0.0,0.0,0.0,0.0,0.0,0.0,0.0,0.0,0.0,0.0,0.16818337462050614,0.30699290237348914,0.0,0.0,0.0,0.0,0.0,0.0,0.0,0.0,0.0,0.0,0.0,0.0,0.0,0.11018364578725835,0.0,0.0,0.0,0.0,0.0,0.0,0.0,0.0,0.0,0.0,0.0,0.0,0.24148321166613199,0.0,0.0,0.0,0.0,0.0,0.0,0.0,0.0,0.0,0.0,0.0,0.0,0.0,0.1552505426425655,0.0,0.0,0.0,0.0,0.0,0.0,0.0,0.0,0.0,0.0,0.0,0.23272726662131712,0.26488665747470036,0.14484253117752058,0.13395603449602939,0.1471289140778191,0.13041844366846128,0.15567871084179558,0.0,0.0,0.0,0.0,0.0,0.0,0.0,0.0,0.0,0.0,0.0,0.29664860377543606,0.0,0.0,0.0,0.0,0.0,0.0,0.0,0.0,0.0,0.0,0.1785828456656114,0.0,0.1198115306833459,0.0,0.0,0.0,0.0,0.0,0.0,0.0,0.0,0.0,0.0,0.0,0.0,0.0,0.0,0.0
3e48de73f972a09dd4a57bbd7ae247a4229df579dade5b13273115f5085b5743,0.0,0.0,0.0,0.0,0.0,0.0,0.0,0.0,0.0,0.0,0.0,0.0,0.2766998608058862,0.0,0.0,0.0,0.0,0.0,0.0,0.0,0.0,0.0,0.0,0.0,0.0,0.0,0.0,0.0,0.0,0.0,0.0,0.0,0.0,0.0,0.45247133178118537,0.0,0.0,0.0,0.0,0.0,0.0,0.0,0.0,0.0,0.0,0.0,0.0,0.0,0.0,0.0,0.0,0.0,0.0,0.0,0.0,0.0,0.0,0.0,0.0,0.0,0.0,0.0,0.0,0.0,0.0,0.0,0.0,0.4516960145449552,0.0,0.0,0.0,0.0,0.0,0.0,0.0,0.0,0.0,0.0,0.0,0.0,0.0,0.0,0.0,0.0,0.0,0.0,0.0,0.0,0.0,0.0,0.0,0.0,0.0,0.0,0.0,0.0,0.0,0.0,0.0,0.0,0.0,0.0,0.37064036291924163,0.0,0.0,0.0,0.0,0.0,0.0,0.0,0.0,0.0,0.0,0.0,0.0,0.0,0.0,0.0,0.351251037075381,0.3113569747960938,0.0,0.0,0.0,0.0,0.0,0.0,0.0,0.0,0.0,0.0,0.0,0.0,0.0,0.39621062071170415,0.0,0.0,0.0,0.0,0.0,0.0,0.0,0.0,0.0,0.0,0.0,0.0,0.0,0.0,0.0,0.0,0.0,0.0,0.0,0.0,0.0,0.0,0.0,0.0,0.0,0.0,0.0
172362b2f1f5dca51f1520fc186c1e67c7002f924420c5828b90e099e96b0476,0.0,0.0,0.0,0.0,0.0,0.0,0.317320821442951,0.0,0.0,0.0,0.0,0.0,0.11926052052173902,0.0,0.0,0.0,0.30778261315349836,0.0,0.0,0.0,0.0,0.0,0.0,0.0,0.0,0.3144829420880354,0.0,0.0,0.0,0.0,0.0,0.0,0.0,0.0,0.0,0.0,0.0,0.0,0.0,0.0,0.0,0.0,0.0,0.0,0.0,0.0,0.0,0.0,0.0,0.29040124158062564,0.0,0.0,0.0,0.0,0.0,0.0,0.0,0.0,0.0,0.0,0.17305749294634662,0.3158898562771548,0.0,0.0,0.0,0.0,0.0,0.0,0.0,0.0,0.0,0.0,0.0,0.0,0.0,0.11337687536985773,0.0,0.0,0.0,0.0,0.0,0.0,0.0,0.0,0.0,0.0,0.0,0.0,0.2484816308025096,0.0,0.0,0.0,0.0,0.0,0.0,0.0,0.0,0.0,0.0,0.14563075677402948,0.0,0.0,0.0,0.0,0.0,0.0,0.0,0.0,0.0,0.0,0.0,0.0,0.0,0.0,0.23947192992541175,0.27256333130991933,0.1490402090821676,0.1378382111027676,0.15139285359018678,0.13419809744069885,0.1601904318080884,0.0,0.0,0.0,0.0,0.0,0.0,0.0,0.0,0.0,0.0,0.0,0.3052457698107794,0.0,0.0,0.0,0.0,0.0,0.0,0.0,0.0,0.0,0.0,0.18375835081113231,0.0,0.12328378576603999,0.0,0.0,0.0,0.0,0.0,0.0,0.0,0.0,0.0,0.0,0.0,0.0,0.0,0.0,0.0
6d5f838b8826f5fcfc939db18f02b7703b37f9ecab111bda1aeca6030dd3aa13,0.0,0.0,0.0,0.0,0.0,0.0,0.0,0.0,0.0,0.0,0.22342909446566972,0.0,0.14546891776707352,0.0,0.0,0.0,0.0,0.0,0.0,0.0,0.0,0.21267123796046125,0.0,0.0,0.0,0.0,0.0,0.0,0.0,0.0,0.0,0.0,0.0,0.0,0.0,0.0,0.0,0.0,0.0,0.0,0.0,0.0,0.0,0.2518618615490181,0.0,0.0,0.0,0.30386380902152027,0.0,0.0,0.0,0.0,0.0,0.0,0.0,0.0,0.0,0.0,0.0,0.0,0.0,0.0,0.0,0.0,0.0,0.0,0.0,0.0,0.0,0.0,0.0,0.0,0.0,0.0,0.43575088860923633,0.13829229729765632,0.2949145632199125,0.23505728339899867,0.0,0.1265230347755843,0.0,0.0,0.0,0.0,0.0,0.0,0.0,0.0,0.0,0.0,0.0,0.0,0.0,0.0,0.0,0.0,0.0,0.0,0.0,0.0,0.0,0.0,0.0,0.0,0.33143498382560393,0.0,0.0,0.0,0.0,0.0,0.0,0.0,0.0,0.0,0.0,0.0,0.18179291708700268,0.0,0.0,0.0,0.0,0.0,0.0,0.0,0.0,0.0,0.0,0.0,0.0,0.0,0.0,0.0,0.0,0.2082990935914701,0.0,0.0,0.0,0.0,0.0,0.0,0.0,0.0,0.0,0.0,0.0,0.0,0.0,0.0,0.0,0.0,0.0,0.4176087165017573,0.0,0.0,0.0,0.0,0.0,0.0,0.0,0.0,0.0
e1a7ddbf735d5c1cb9097d7614840c00e5c4d5107fa687c0ab2a2ec8948ef84e,0.0,0.0,0.0,0.0,0.0,0.0,0.0,0.0,0.0,0.0,0.0,0.0,0.0,0.0,0.0,0.0,0.0,0.0,0.0,0.0,0.0,0.0,0.0,0.0,0.0,0.0,0.4275087517183507,0.0,0.0,0.0,0.0,0.0,0.0,0.0,0.33294997380099245,0.0,0.0,0.0,0.0,0.0,0.0,0.0,0.0,0.0,0.3949552589002521,0.0,0.0,0.0,0.0,0.0,0.0,0.0,0.0,0.0,0.0,0.0,0.0,0.0,0.39320169195837795,0.0,0.0,0.0,0.0,0.0,0.0,0.0,0.0,0.0,0.0,0.0,0.0,0.0,0.0,0.0,0.0,0.0,0.0,0.3290033822295759,0.0,0.17709090213749493,0.0,0.0,0.0,0.0,0.0,0.0,0.0,0.0,0.0,0.0,0.0,0.0,0.0,0.0,0.0,0.0,0.0,0.0,0.0,0.0,0.0,0.0,0.2727348462890688,0.0,0.0,0.0,0.0,0.0,0.0,0.0,0.0,0.0,0.0,0.0,0.0,0.0,0.0,0.0,0.0,0.229111303456566,0.0,0.0,0.0,0.0,0.0,0.0,0.0,0.0,0.0,0.0,0.0,0.0,0.0,0.2915506608260265,0.0,0.0,0.0,0.0,0.0,0.0,0.0,0.0,0.0,0.0,0.0,0.21047771459203457,0.0,0.0,0.0,0.0,0.0,0.0,0.0,0.0,0.0,0.0,0.0,0.0,0.0,0.0,0.0
d12662f643b6daf1cfca3b45633eb2bf92c7928dbd0670718e5d57d24fb851e0,0.0,0.0,0.0,0.0,0.0,0.0,0.0,0.0,0.0,0.0,0.31894483284909697,0.0,0.20765675022277463,0.0,0.0,0.0,0.0,0.0,0.0,0.0,0.0,0.3035880022936409,0.0,0.0,0.0,0.0,0.0,0.0,0.0,0.0,0.0,0.0,0.0,0.0,0.0,0.0,0.0,0.0,0.0,0.0,0.0,0.0,0.0,0.0,0.0,0.0,0.0,0.0,0.0,0.0,0.0,0.0,0.0,0.0,0.0,0.0,0.0,0.0,0.0,0.0,0.0,0.0,0.0,0.0,0.401018652383353,0.0,0.0,0.0,0.0,0.0,0.0,0.0,0.0,0.0,0.0,0.19741213091071197,0.0,0.0,0.0,0.18061151916927123,0.0,0.0,0.0,0.0,0.0,0.0,0.0,0.0,0.0,0.0,0.0,0.0,0.0,0.0,0.0,0.0,0.0,0.0,0.0,0.2535726789710419,0.0,0.0,0.27815689187929726,0.0,0.4731231434715539,0.0,0.0,0.0,0.0,0.0,0.0,0.0,0.0,0.0,0.0,0.0,0.0,0.240004276762351,0.0,0.0,0.0,0.0,0.0,0.0,0.3278128138577069,0.0,0.0,0.0,0.0,0.0,0.0,0.0,0.0,0.0,0.0,0.0,0.0,0.0,0.0,0.0,0.0,0.0,0.0,0.0,0.0,0.0,0.0,0.0,0.0,0.0,0.0,0.0,0.0,0.0,0.0,0.0,0.0,0.0,0.0,0.0,0.0
752e7330e3a78a5f97d052bbaad3b72803b4f9d21fe3b90f6619422dbcfe6fac,0.0,0.0,0.0,0.0,0.0,0.0,0.0,0.0,0.0,0.0,0.2148351173469883,0.0,0.13987360103466975,0.0,0.0,0.0,0.0,0.0,0.0,0.0,0.0,0.20449105105505944,0.0,0.0,0.0,0.0,0.0,0.0,0.0,0.0,0.0,0.0,0.0,0.0,0.0,0.0,0.0,0.0,0.0,0.0,0.0,0.40385598709031567,0.0,0.24217424642263016,0.0,0.0,0.0,0.0,0.0,0.0,0.0,0.0,0.0,0.0,0.0,0.39074616536309986,0.0,0.0,0.0,0.0,0.0,0.0,0.0,0.0,0.0,0.0,0.0,0.0,0.0,0.0,0.0,0.0,0.0,0.0,0.0,0.1329730221087728,0.0,0.0,0.0,0.1216564525229557,0.0,0.0,0.0,0.0,0.0,0.0,0.0,0.0,0.0,0.0,0.0,0.0,0.0,0.0,0.0,0.0,0.0,0.0,0.0,0.17080168929561704,0.0,0.0,0.0,0.0,0.0,0.0,0.2237502969239804,0.0,0.0,0.0,0.0,0.0,0.0,0.40622183229760855,0.0,0.0,0.17480043397498746,0.0,0.17755971137752985,0.15739300028973527,0.0,0.0,0.0,0.0,0.0,0.0,0.0,0.0,0.0,0.0,0.0,0.0,0.0,0.0,0.0,0.0,0.0,0.0,0.0,0.0,0.0,0.0,0.0,0.0,0.0,0.1445922505523484,0.2991639231152935,0.0,0.0,0.0,0.0,0.0,0.0,0.0,0.2098504008601811,0.0,0.0,0.0,0.0,0.0,0.0
666d74d282cdf637e7ad87e2910a9554ca547e15dc83efd9daf91fe3aca2031a,0.0,0.0,0.0,0.0,0.0,0.0,0.0,0.0,0.0,0.0,0.2969604010678548,0.0,0.19334325400336108,0.0,0.0,0.0,0.0,0.0,0.0,0.0,0.0,0.28266209587149194,0.0,0.0,0.0,0.0,0.0,0.0,0.0,0.0,0.0,0.0,0.0,0.0,0.0,0.0,0.0,0.0,0.0,0.0,0.0,0.0,0.0,0.0,0.0,0.0,0.0,0.0,0.0,0.0,0.0,0.0,0.0,0.0,0.0,0.5401171810963201,0.0,0.0,0.0,0.0,0.0,0.0,0.0,0.0,0.0,0.0,0.0,0.0,0.0,0.0,0.0,0.0,0.0,0.0,0.0,0.1838047823105558,0.0,0.0,0.0,0.16816221379374885,0.0,0.0,0.0,0.0,0.0,0.0,0.0,0.0,0.0,0.0,0.0,0.0,0.0,0.0,0.0,0.0,0.0,0.0,0.0,0.0,0.0,0.0,0.258983917169605,0.0,0.0,0.0,0.0,0.0,0.0,0.0,0.0,0.0,0.0,0.561508750204836,0.0,0.0,0.24162161019609973,0.0,0.0,0.0,0.0,0.0,0.0,0.0,0.0,0.0,0.0,0.0,0.0,0.0,0.0,0.0,0.0,0.0,0.0,0.0,0.0,0.0,0.0,0.0,0.0,0.0,0.0,0.0,0.0,0.0,0.0,0.0,0.0,0.0,0.0,0.0,0.0,0.0,0.0,0.0,0.0,0.0,0.0,0.0,0.0
9c2b3a7c5abdcd9cfbafc27cddcdd4054cea214e15d3a1666cf407d2479a1f7e,0.0,0.0,0.0,0.0,0.0,0.0,0.0,0.0,0.0,0.0,0.1961940838958306,0.0,0.12773690519080605,0.0,0.0,0.0,0.0,0.0,0.0,0.0,0.0,0.18674756214014906,0.0,0.0,0.0,0.0,0.0,0.0,0.0,0.0,0.0,0.0,0.0,0.0,0.0,0.0,0.0,0.0,0.0,0.0,0.0,0.0,0.23395967508325113,0.2211610234248192,0.0,0.0,0.0,0.0,0.0,0.0,0.0,0.0,0.0,0.0,0.0,0.0,0.0,0.0,0.24668055107422707,0.0,0.0,0.0,0.0,0.0,0.0,0.0,0.0,0.0,0.0,0.0,0.0,0.0,0.0,0.0,0.38263479786254606,0.121435082763281,0.2589657926907103,0.20640484843658136,0.0,0.11110044087534977,0.0,0.0,0.0,0.0,0.0,0.0,0.0,0.0,0.0,0.0,0.0,0.0,0.0,0.0,0.0,0.0,0.0,0.0,0.0,0.1559813934194481,0.0,0.0,0.0,0.0,0.29103453683237795,0.0,0.0,0.0,0.0,0.0,0.0,0.0,0.0,0.0,0.0,0.0,0.0,0.0,0.0,0.14373616327160352,0.1715758904189436,0.0,0.0,0.0,0.0,0.0,0.23208193040701372,0.0,0.0,0.0,0.0,0.0,0.0,0.1829083626787453,0.0,0.0,0.0,0.0,0.0,0.0,0.0,0.0,0.0,0.0,0.0,0.13204612209528083,0.27320576149330605,0.2956334439118212,0.0,0.0,0.0,0.0,0.0,0.0,0.19164188639345478,0.0,0.0,0.0,0.0,0.0,0.0
06faab22cce2f53162f1a19d3cb5af5081339310ab43030681b88e3d10e5743e,0.0,0.0,0.0,0.0,0.0,0.0,0.0,0.0,0.0,0.0,0.2953278688253924,0.0,0.1922803543881664,0.0,0.0,0.0,0.0,0.0,0.0,0.0,0.0,0.2811081681977252,0.0,0.0,0.0,0.0,0.0,0.0,0.0,0.0,0.0,0.0,0.0,0.0,0.0,0.0,0.0,0.0,0.0,0.0,0.0,0.0,0.35217581927752606,0.0,0.37298035411687464,0.0,0.0,0.40164621955839447,0.0,0.0,0.0,0.0,0.0,0.0,0.0,0.0,0.0,0.0,0.0,0.0,0.0,0.0,0.0,0.0,0.0,0.0,0.0,0.0,0.0,0.0,0.0,0.0,0.0,0.0,0.0,0.18279432020058514,0.0,0.0,0.0,0.1672377463058449,0.0,0.0,0.0,0.0,0.0,0.0,0.0,0.0,0.0,0.0,0.0,0.0,0.0,0.0,0.0,0.0,0.0,0.0,0.0,0.2347963383005947,0.0,0.0,0.0,0.0,0.0,0.0,0.0,0.0,0.0,0.0,0.0,0.0,0.0,0.0,0.0,0.0,0.24029330154719444,0.0,0.24408640355423156,0.0,0.0,0.0,0.0,0.0,0.0,0.0,0.0,0.0,0.0,0.0,0.0,0.0,0.0,0.0,0.0,0.0,0.0,0.0,0.0,0.0,0.0,0.0,0.37214981408369224,0.0,0.0,0.0,0.0,0.0,0.0,0.0,0.0,0.0,0.0,0.0,0.0,0.0,0.0,0.0,0.0,0.0,0.0
4a13391b70f6dd4ab733e3745a787176e0e7fc33c6c0220635f3b6f65d5fd067,0.0,0.0,0.0,0.0,0.0,0.0,0.0,0.0,0.0,0.0,0.0,0.0,0.16662002559890232,0.0,0.0,0.0,0.0,0.0,0.0,0.0,0.0,0.0,0.0,0.0,0.0,0.0,0.0,0.0,0.0,0.0,0.0,0.0,0.0,0.0,0.0,0.0,0.0,0.0,0.0,0.0,0.0,0.48108073581790034,0.3051770120252448,0.28848245015392077,0.0,0.0,0.0,0.0,0.0,0.0,0.0,0.0,0.0,0.0,0.0,0.0,0.0,0.0,0.0,0.0,0.0,0.0,0.0,0.0,0.0,0.0,0.0,0.0,0.0,0.0,0.0,0.0,0.0,0.0,0.0,0.15839992810534306,0.0,0.0,0.0,0.1449194207034264,0.0,0.0,0.0,0.0,0.0,0.0,0.0,0.0,0.0,0.0,0.0,0.0,0.0,0.0,0.0,0.0,0.0,0.0,0.0,0.20346213747451522,0.0,0.0,0.0,0.0,0.0,0.0,0.0,0.0,0.0,0.0,0.0,0.0,0.0,0.0,0.0,0.0,0.20822551623871122,0.0,0.21151241861375006,0.18748945864962407,0.0,0.0,0.0,0.0,0.0,0.0,0.3027276817744803,0.0,0.0,0.0,0.0,0.0,0.0,0.0,0.0,0.0,0.0,0.0,0.0,0.0,0.0,0.0,0.32248542367502364,0.2567305675190464,0.0,0.17224096834729832,0.0,0.0,0.0,0.0,0.0,0.0,0.0,0.0,0.24997768631549439,0.0,0.0,0.0,0.0,0.0,0.0
45e4b45aba4996e9ab4b5d097938a84a5867ed6f636c18e6f187379f5885371b,0.0,0.0,0.0,0.0,0.0,0.0,0.0,0.0,0.0,0.0,0.24589749511267295,0.0,0.16009751362605543,0.0,0.0,0.0,0.0,0.0,0.0,0.0,0.0,0.23405781069852521,0.0,0.0,0.0,0.0,0.0,0.0,0.0,0.0,0.0,0.0,0.0,0.0,0.0,0.0,0.0,0.0,0.0,0.0,0.0,0.0,0.0,0.2771895084542554,0.0,0.0,0.0,0.334420858091372,0.0,0.0,0.0,0.0,0.0,0.0,0.0,0.0,0.0,0.0,0.0,0.0,0.0,0.0,0.0,0.0,0.0,0.0,0.0,0.0,0.0,0.0,0.0,0.0,0.0,0.0,0.47957072134397605,0.1521992002885542,0.3245716612755961,0.2586950340287242,0.0,0.13924640118948411,0.0,0.0,0.0,0.0,0.0,0.0,0.0,0.0,0.0,0.0,0.0,0.0,0.0,0.0,0.0,0.0,0.0,0.0,0.0,0.0,0.0,0.0,0.0,0.0,0.36476463600378495,0.0,0.0,0.0,0.0,0.0,0.0,0.0,0.0,0.0,0.0,0.0,0.20007431461791297,0.0,0.0,0.0,0.0,0.0,0.0,0.0,0.0,0.0,0.0,0.0,0.0,0.0,0.0,0.0,0.0,0.2292459962337305,0.0,0.0,0.0,0.0,0.0,0.0,0.0,0.0,0.0,0.0,0.0,0.0,0.0,0.0,0.0,0.0,0.0,0.0,0.0,0.0,0.0,0.0,0.0,0.0,0.0,0.0,0.0
0b668d0ac89d5da1526be831f7b8c3f2af54c5dbc68c0c9ce886183ec518c051,0.0,0.0,0.0,0.0,0.0,0.0,0.0,0.0,0.0,0.0,0.1825881700828775,0.0,0.11887844581094908,0.0,0.0,0.0,0.0,0.23268340985637465,0.0,0.0,0.0,0.17379675758578214,0.0,0.0,0.0,0.0,0.0,0.0,0.0,0.0,0.0,0.0,0.0,0.0,0.1943950695873041,0.0,0.0,0.0,0.0,0.0,0.0,0.0,0.21773474560688955,0.20582367092289428,0.0,0.0,0.0,0.24832010789077097,0.0,0.0,0.0,0.0,0.0,0.0,0.0,0.0,0.0,0.0,0.0,0.0,0.0,0.0,0.0,0.0,0.0,0.0,0.0,0.0,0.0,0.0,0.0,0.0,0.0,0.0,0.0,0.11301365008224623,0.2410067075547708,0.1920908256962481,0.0,0.1033957079235973,0.0,0.0,0.0,0.0,0.0,0.0,0.0,0.0,0.0,0.0,0.0,0.0,0.0,0.0,0.0,0.0,0.0,0.0,0.0,0.14516419978573916,0.0,0.0,0.0,0.0,0.0,0.0,0.0,0.0,0.0,0.0,0.0,0.0,0.0,0.0,0.0,0.0,0.148562729237773,0.0,0.0,0.1337681672421394,0.1596772300156039,0.0,0.0,0.0,0.18766487381946972,0.0,0.0,0.0,0.3303743102051756,0.0,0.0,0.0,0.0,0.17022380375189858,0.0,0.0,0.0,0.0,0.0,0.0,0.0,0.0,0.0,0.0,0.0,0.0,0.0,0.0,0.4291495597334319,0.0,0.0,0.34127342072019656,0.0,0.0,0.0,0.0,0.0,0.0,0.0,0.0,0.0
00e90b818309e8e0c0c73f539786c434af5156cb8d4eab78658e8871b972f1bc,0.0,0.0,0.0,0.0,0.0,0.4739808803278028,0.0,0.0,0.0,0.0,0.0,0.0,0.0,0.0,0.0,0.0,0.0,0.0,0.0,0.0,0.0,0.0,0.0,0.0,0.0,0.0,0.0,0.0,0.0,0.0,0.0,0.0,0.0,0.0,0.0,0.0,0.0,0.0,0.0,0.0,0.0,0.0,0.3123793322084005,0.0,0.0,0.0,0.0,0.0,0.4198731315094821,0.0,0.0,0.0,0.0,0.0,0.0,0.4764492430109354,0.0,0.0,0.0,0.0,0.0,0.0,0.0,0.0,0.0,0.0,0.0,0.0,0.0,0.0,0.0,0.0,0.0,0.0,0.0,0.16213824047570322,0.0,0.0,0.0,0.14833958679567838,0.0,0.0,0.0,0.0,0.0,0.0,0.0,0.0,0.0,0.0,0.0,0.0,0.0,0.0,0.0,0.0,0.0,0.0,0.0,0.0,0.0,0.0,0.22845540857819935,0.0,0.0,0.0,0.0,0.0,0.0,0.0,0.0,0.0,0.0,0.0,0.0,0.0,0.0,0.0,0.21650421059526362,0.0,0.0,0.0,0.0,0.0,0.0,0.0,0.3098721966184224,0.0,0.0,0.0,0.0,0.0,0.0,0.0,0.0,0.0,0.0,0.0,0.0,0.0,0.0,0.0,0.0,0.0,0.0,0.17630593573937503,0.0,0.0,0.0,0.0,0.0,0.0,0.0,0.0,0.0,0.0,0.0,0.0,0.0,0.0,0.0
bfc863ff5634087b983d29c2e0429240dffef2a379f0072802e01e69483027d3,0.0,0.0,0.0,0.0,0.0,0.0,0.0,0.0,0.0,0.0,0.0,0.0,0.17573317759684107,0.0,0.0,0.0,0.0,0.0,0.0,0.0,0.0,0.0,0.0,0.0,0.0,0.0,0.36897922464325067,0.0,0.0,0.0,0.0,0.0,0.0,0.0,0.0,0.0,0.0,0.0,0.0,0.0,0.0,0.0,0.321868430039774,0.0,0.3408825775192521,0.0,0.0,0.0,0.0,0.0,0.0,0.0,0.0,0.0,0.0,0.0,0.0,0.0,0.3393690885720152,0.0,0.0,0.0,0.0,0.0,0.0,0.0,0.0,0.0,0.0,0.0,0.0,0.0,0.0,0.0,0.0,0.1670634882992509,0.0,0.28396006489255016,0.0,0.1528456750871747,0.0,0.0,0.0,0.0,0.0,0.0,0.0,0.0,0.0,0.0,0.0,0.0,0.0,0.0,0.0,0.0,0.0,0.0,0.0,0.0,0.0,0.0,0.23539516258426366,0.0,0.0,0.0,0.0,0.0,0.0,0.0,0.0,0.0,0.0,0.0,0.0,0.0,0.0,0.0,0.0,0.1977440479677074,0.0,0.0,0.0,0.0,0.0,0.0,0.31928513558639854,0.0,0.0,0.0,0.0,0.0,0.0,0.2516349345912044,0.0,0.0,0.0,0.0,0.0,0.0,0.0,0.0,0.0,0.2707722451379793,0.0,0.18166155341310342,0.0,0.0,0.0,0.0,0.0,0.0,0.0,0.0,0.0,0.0,0.0,0.0,0.0,0.0,0.0
fc0ca51fbc6a446ee39b3cdfc49a571c75ba7398ebb3b1a212882608061bb1e4,0.0,0.0,0.0,0.0,0.0,0.0,0.31216856864556547,0.0,0.0,0.0,0.0,0.0,0.11732411953903121,0.0,0.0,0.0,0.30278522967769694,0.2296410926851496,0.0,0.0,0.0,0.0,0.0,0.0,0.0,0.3093767671741576,0.0,0.0,0.0,0.0,0.0,0.0,0.0,0.0,0.0,0.0,0.0,0.0,0.0,0.0,0.0,0.0,0.0,0.0,0.0,0.0,0.0,0.0,0.0,0.2856860747583092,0.0,0.0,0.0,0.0,0.0,0.0,0.0,0.0,0.0,0.0,0.17024760499734032,0.31076083767614165,0.0,0.0,0.0,0.0,0.0,0.0,0.0,0.0,0.0,0.0,0.0,0.0,0.0,0.11153600555038956,0.0,0.0,0.0,0.0,0.0,0.0,0.0,0.0,0.0,0.0,0.0,0.0,0.244447101421237,0.0,0.0,0.0,0.0,0.0,0.0,0.0,0.0,0.0,0.0,0.0,0.0,0.0,0.0,0.0,0.0,0.0,0.0,0.0,0.0,0.0,0.0,0.0,0.0,0.0,0.23558368863307247,0.26813779383708536,0.1466202833090189,0.1356001691567287,0.14893472856117906,0.13201915904075853,0.15758946286868966,0.0,0.0,0.0,0.0,0.0,0.0,0.0,0.0,0.0,0.0,0.0,0.30028957637775433,0.0,0.0,0.0,0.0,0.0,0.0,0.0,0.0,0.0,0.0,0.1807747159122172,0.0,0.12128206010808612,0.0,0.0,0.0,0.0,0.0,0.0,0.0,0.0,0.0,0.0,0.0,0.0,0.0,0.0,0.0
a60f26144eaf1e71a9b17abecfb91fb9e76ba4ae04ed13e064d1f8860152224a,0.0,0.0,0.0,0.0,0.0,0.0,0.0,0.0,0.0,0.0,0.24589749511267295,0.0,0.16009751362605543,0.0,0.0,0.0,0.0,0.0,0.0,0.0,0.0,0.23405781069852521,0.0,0.0,0.0,0.0,0.0,0.0,0.0,0.0,0.0,0.0,0.0,0.0,0.0,0.0,0.0,0.0,0.0,0.0,0.0,0.0,0.0,0.2771895084542554,0.0,0.0,0.0,0.334420858091372,0.0,0.0,0.0,0.0,0.0,0.0,0.0,0.0,0.0,0.0,0.0,0.0,0.0,0.0,0.0,0.0,0.0,0.0,0.0,0.0,0.0,0.0,0.0,0.0,0.0,0.0,0.47957072134397605,0.1521992002885542,0.3245716612755961,0.2586950340287242,0.0,0.13924640118948411,0.0,0.0,0.0,0.0,0.0,0.0,0.0,0.0,0.0,0.0,0.0,0.0,0.0,0.0,0.0,0.0,0.0,0.0,0.0,0.0,0.0,0.0,0.0,0.0,0.36476463600378495,0.0,0.0,0.0,0.0,0.0,0.0,0.0,0.0,0.0,0.0,0.0,0.20007431461791297,0.0,0.0,0.0,0.0,0.0,0.0,0.0,0.0,0.0,0.0,0.0,0.0,0.0,0.0,0.0,0.0,0.2292459962337305,0.0,0.0,0.0,0.0,0.0,0.0,0.0,0.0,0.0,0.0,0.0,0.0,0.0,0.0,0.0,0.0,0.0,0.0,0.0,0.0,0.0,0.0,0.0,0.0,0.0,0.0,0.0
779f51468b459d7e4fa2fb6dafabd1771416f00bdd0ad587b1f3119da41edd5e,0.0,0.0,0.0,0.0,0.0,0.0,0.0,0.0,0.0,0.0,0.0,0.0,0.0,0.0,0.0,0.0,0.0,0.24747609006093543,0.0,0.0,0.0,0.0,0.0,0.0,0.0,0.0,0.0,0.0,0.0,0.0,0.0,0.0,0.0,0.0,0.20675359613426902,0.0,0.0,0.0,0.0,0.0,0.0,0.0,0.23157707524771878,0.218908762568966,0.0,0.0,0.0,0.0,0.0,0.0,0.0,0.0,0.0,0.0,0.0,0.0,0.0,0.0,0.0,0.0,0.0,0.0,0.0,0.0,0.0,0.0,0.0,0.0,0.0,0.0,0.0,0.0,0.0,0.0,0.0,0.12019841149453908,0.0,0.0,0.0,0.10996901558993259,0.0,0.0,0.0,0.0,0.0,0.0,0.0,0.0,0.2634320024308469,0.0,0.0,0.0,0.0,0.0,0.0,0.0,0.0,0.0,0.0,0.15439290924081758,0.0,0.0,0.0,0.0,0.0,0.0,0.0,0.0,0.0,0.0,0.0,0.0,0.0,0.0,0.0,0.0,0.15800749775516595,0.0,0.1605016936108266,0.142272382135606,0.0,0.0,0.0,0.0,0.0,0.0,0.0,0.0,0.0,0.0,0.0,0.0,0.0,0.18104565948136395,0.0,0.0,0.0,0.0,0.0,0.5992635481556037,0.0,0.0,0.0,0.0,0.0,0.1307013900653917,0.2704234871455202,0.2926227704075452,0.0,0.0,0.0,0.0,0.0,0.0,0.1896902426888733,0.0,0.0,0.0,0.0,0.0,0.0
427abc2035bd94beb2512e021757f81b9fbac201eb72018296889a8509e56072,0.0,0.0,0.0,0.0,0.0,0.0,0.0,0.0,0.0,0.0,0.0,0.3123067629387638,0.0,0.39237287927144143,0.0,0.0,0.30014083295438465,0.0,0.0,0.0,0.3283644297085696,0.0,0.0,0.4005427965238016,0.0,0.0,0.0,0.0,0.0,0.4711534407767239,0.0,0.0,0.0,0.0,0.1901778041442218,0.0,0.0,0.0,0.0,0.0,0.0,0.0,0.0,0.0,0.0,0.0,0.0,0.0,0.0,0.0,0.0,0.0,0.0,0.0,0.0,0.0,0.0,0.0,0.0,0.0,0.0,0.0,0.0,0.0,0.0,0.0,0.0,0.0,0.0,0.0,0.0,0.0,0.0,0.0,0.0,0.11056189777134515,0.0,0.0,0.0,0.10115261015926133,0.0,0.0,0.0,0.0,0.0,0.0,0.0,0.0,0.0,0.0,0.0,0.0,0.0,0.0,0.0,0.0,0.0,0.0,0.0,0.1420149637242034,0.0,0.0,0.1557835058184118,0.0,0.0,0.0,0.0,0.0,0.0,0.0,0.0,0.0,0.0,0.0,0.0,0.0,0.0,0.0,0.0,0.0,0.0,0.0,0.0,0.0,0.0,0.0,0.0,0.0,0.0,0.0,0.0,0.0,0.0,0.0,0.0,0.0,0.0,0.0,0.0,0.0,0.0,0.0,0.2250922766921648,0.0,0.0,0.12022283445600335,0.0,0.0,0.0,0.0,0.0,0.0,0.0,0.0,0.0,0.0,0.0,0.0,0.0,0.0,0.0
850a0905c028d2db812c6aa8ec5fc3c0c604eded967cacd69df74a02e61378b8,0.0,0.0,0.0,0.0,0.0,0.0,0.3053406657121851,0.0,0.0,0.0,0.0,0.0,0.1147579492694473,0.0,0.0,0.0,0.29616256370312255,0.22461827088994873,0.0,0.0,0.0,0.0,0.0,0.0,0.0,0.3026099278819335,0.0,0.0,0.0,0.0,0.0,0.0,0.0,0.0,0.0,0.0,0.0,0.0,0.0,0.0,0.0,0.0,0.0,0.0,0.0,0.0,0.0,0.0,0.0,0.2794374098259889,0.0,0.0,0.0,0.0,0.0,0.0,0.0,0.0,0.0,0.0,0.1665238664845045,0.3039637253199717,0.0,0.0,0.0,0.0,0.0,0.0,0.0,0.0,0.0,0.0,0.0,0.0,0.0,0.10909643572829225,0.0,0.0,0.0,0.0,0.0,0.0,0.0,0.0,0.0,0.0,0.0,0.0,0.23910043539367343,0.0,0.0,0.0,0.0,0.0,0.0,0.0,0.0,0.0,0.0,0.1401326015083,0.0,0.0,0.15371864604924673,0.0,0.0,0.0,0.0,0.0,0.0,0.0,0.0,0.0,0.0,0.0,0.2304308874857518,0.26227295344961804,0.14341333308067813,0.13263425623100003,0.14567715565934192,0.12913157171193856,0.15414258940394743,0.0,0.0,0.0,0.0,0.0,0.0,0.0,0.0,0.0,0.0,0.0,0.2937214965473305,0.0,0.0,0.0,0.0,0.0,0.0,0.0,0.0,0.0,0.0,0.1768207233036293,0.0,0.11862931983519004,0.0,0.0,0.0,0.0,0.0,0.0,0.0,0.0,0.0,0.0,0.0,0.0,0.0,0.0,0.0
4b402fc22d549d386739470a310d2b3df617cea9667d950fe26fd58f49cd89e4,0.0,0.0,0.0,0.0,0.0,0.3399738215773206,0.0,0.0,0.0,0.0,0.0,0.0,0.0,0.0,0.0,0.0,0.0,0.0,0.0,0.0,0.0,0.0,0.0,0.0,0.0,0.0,0.2568564513870127,0.0,0.0,0.0,0.0,0.0,0.0,0.0,0.0,0.0,0.0,0.0,0.0,0.0,0.0,0.0,0.0,0.0,0.23729761285587042,0.0,0.0,0.0,0.0,0.0,0.0,0.0,0.0,0.0,0.0,0.0,0.0,0.0,0.23624403212764217,0.0,0.0,0.0,0.0,0.0,0.0,0.0,0.0,0.0,0.0,0.0,0.0,0.0,0.0,0.0,0.0,0.11629742786296528,0.0,0.19767230709112615,0.0,0.1064000222524782,0.4854815575773794,0.0,0.0,0.0,0.0,0.0,0.0,0.0,0.0,0.0,0.0,0.0,0.0,0.0,0.0,0.0,0.0,0.0,0.0,0.14938215906291816,0.0,0.0,0.16386496067230227,0.0,0.0,0.0,0.0,0.0,0.0,0.0,0.0,0.0,0.0,0.0,0.0,0.0,0.15287943778544796,0.0,0.15529268567277948,0.1376549980368051,0.0,0.0,0.0,0.0,0.0,0.0,0.22226304742939312,0.0,0.0,0.0,0.0,0.0,0.0,0.17516990667046783,0.0,0.0,0.0,0.0,0.0,0.0,0.0,0.0,0.0,0.0,0.0,0.1264595371413021,0.0,0.0,0.4416191312217647,0.0,0.0,0.0,0.0,0.0,0.0,0.0,0.0,0.0,0.0,0.0,0.0
788d3574c61374d134c87d8bf84a1b4c55349c41f96317d7b819eab013f80b61,0.0,0.20476632777129156,0.0,0.0,0.0,0.0,0.0,0.0,0.0,0.0,0.0,0.2570921199836197,0.09573816032950627,0.0,0.0,0.0,0.0,0.0,0.0,0.0,0.0,0.0,0.3140296783412571,0.0,0.34127652308643835,0.0,0.0,0.0,0.0,0.0,0.0,0.0,0.0,0.0,0.0,0.0,0.0,0.0,0.0,0.0,0.0,0.0,0.0,0.16575906146822017,0.18571035536012612,0.0,0.0,0.0,0.0,0.0,0.0,0.0,0.0,0.0,0.0,0.0,0.294697734340851,0.0,0.0,0.0,0.0,0.0,0.0,0.0,0.0,0.0,0.0,0.0,0.0,0.0,0.0,0.0,0.0,0.0,0.2867828335960759,0.09101497649290666,0.19409354362740103,0.15469938341539816,0.0,0.0832692149955786,0.0,0.0,0.0,0.0,0.0,0.0,0.0,0.0,0.0,0.0,0.0,0.0,0.0,0.0,0.0,0.0,0.0,0.0,0.0,0.11690726050787205,0.0,0.0,0.12824157694333718,0.0,0.0,0.0,0.15314856872365104,0.0,0.0,0.0,0.0,0.0,0.0,0.0,0.0,0.0,0.11964424916333273,0.1106516783287361,0.0,0.10772952283358848,0.12859525664153104,0.0,0.0,0.0,0.0,0.0,0.17394422566992981,0.0,0.0,0.0,0.0,0.0,0.0,0.13708888692416502,0.0,0.0,0.0,0.0,0.0,0.0,0.0,0.0,0.18529682182410834,0.0,0.0,0.09896789646785227,0.20476632777129156,0.0,0.0,0.0,0.0,0.0,0.0,0.0,0.0,0.34127652308643835,0.0,0.0,0.0,0.0,0.0
1136cc54d8c5c563ebc7f940ed46f4ed6e95057278a94923dc0fd1f80000d7b0,0.0,0.0,0.0,0.0,0.0,0.0,0.31334769126844847,0.0,0.0,0.0,0.0,0.0,0.11776727601746377,0.0,0.0,0.0,0.3039289095674977,0.0,0.0,0.0,0.0,0.0,0.0,0.0,0.0,0.31054534460894617,0.0,0.0,0.0,0.0,0.0,0.0,0.0,0.0,0.0,0.0,0.0,0.0,0.0,0.0,0.0,0.0,0.0,0.0,0.0,0.0,0.0,0.0,0.0,0.2867651677472406,0.0,0.0,0.0,0.0,0.0,0.0,0.0,0.0,0.0,0.0,0.17089066398119315,0.31193464301983737,0.0,0.0,0.0,0.0,0.0,0.0,0.0,0.0,0.0,0.0,0.0,0.0,0.0,0.111957299173835,0.0,0.0,0.0,0.0,0.0,0.0,0.0,0.0,0.0,0.0,0.0,0.0,0.24537042662541927,0.0,0.0,0.0,0.0,0.0,0.0,0.0,0.0,0.0,0.0,0.1438073341840985,0.0,0.0,0.15774964900956223,0.0,0.0,0.0,0.0,0.0,0.0,0.0,0.0,0.0,0.0,0.0,0.23647353496851464,0.26915060348712483,0.14717409721082614,0.13611235790082035,0.1494972845819257,0.13251782159911396,0.15818470953814992,0.0,0.0,0.0,0.0,0.0,0.0,0.0,0.0,0.0,0.0,0.0,0.30142382968986464,0.0,0.0,0.0,0.0,0.0,0.0,0.0,0.0,0.0,0.0,0.18145753788273838,0.0,0.12174016651336508,0.0,0.0,0.0,0.0,0.0,0.0,0.0,0.0,0.0,0.0,0.0,0.0,0.0,0.0,0.0
8900cf88a91fa4fbe871385c8747c7097537f1b5f4a003418d84c01dc383dd75,0.0,0.0,0.0,0.0,0.0,0.5233456631320217,0.0,0.0,0.0,0.0,0.0,0.0,0.1883152446580897,0.6353408194568313,0.0,0.0,0.0,0.0,0.0,0.0,0.0,0.0,0.0,0.0,0.0,0.0,0.0,0.0,0.0,0.0,0.0,0.0,0.0,0.0,0.0,0.0,0.0,0.0,0.0,0.0,0.0,0.0,0.0,0.0,0.0,0.0,0.0,0.39336367120192267,0.0,0.0,0.0,0.0,0.0,0.0,0.0,0.0,0.0,0.0,0.0,0.0,0.0,0.0,0.0,0.0,0.363667087898721,0.0,0.0,0.0,0.0,0.0,0.0,0.0,0.0,0.0,0.0,0.0,0.0,0.0,0.0,0.0,0.0,0.0,0.0,0.0,0.0,0.0,0.0,0.0,0.0,0.0,0.0,0.0,0.0,0.0,0.0,0.0,0.0,0.0,0.0,0.0,0.0,0.0,0.0,0.0,0.0,0.0,0.0,0.0,0.0,0.0,0.0,0.0,0.0,0.0,0.0,0.0,0.0,0.0,0.0,0.0,0.0,0.0,0.0,0.0,0.0,0.0,0.0,0.0,0.0,0.0,0.0,0.0,0.0,0.0,0.0,0.0,0.0,0.0,0.0,0.0,0.0,0.0,0.0,0.0,0.0,0.0,0.0,0.0,0.0,0.0,0.0,0.0,0.0,0.0,0.0,0.0,0.0,0.0,0.0,0.0,0.0
626e1458922127b621d2f25c7fea6aae5a6db80ce562be768f23386fcd8c0b00,0.0,0.22469141219171768,0.0,0.0,0.0,0.0,0.0,0.0,0.0,0.0,0.16135503707265197,0.28210884148395093,0.10505410083390569,0.0,0.0,0.0,0.0,0.0,0.0,0.0,0.0,0.15358597575424388,0.0,0.0,0.0,0.0,0.0,0.0,0.0,0.0,0.0,0.0,0.0,0.0,0.0,0.0,0.0,0.0,0.0,0.0,0.0,0.3033219083252632,0.0,0.18188848728325857,0.2037811707552764,0.0,0.0,0.0,0.0,0.0,0.0,0.0,0.0,0.0,0.0,0.2934755861925822,0.3233737246716841,0.0,0.0,0.0,0.0,0.0,0.0,0.0,0.0,0.0,0.0,0.0,0.0,0.0,0.0,0.0,0.0,0.0,0.0,0.09987132074580445,0.0,0.0,0.0,0.09137184669517452,0.0,0.0,0.0,0.0,0.0,0.0,0.0,0.0,0.0,0.0,0.0,0.0,0.0,0.0,0.0,0.0,0.0,0.0,0.0,0.12828309099882,0.0,0.0,0.14072030952899237,0.0,0.0,0.0,0.16805091225785979,0.0,0.0,0.0,0.0,0.0,0.0,0.3050988107509236,0.0,0.0,0.13128640630383956,0.12141880032559309,0.1333588016974747,0.1182123002530721,0.14110840454302942,0.0,0.0,0.0,0.16584137219092873,0.0,0.19087012075552268,0.0,0.0,0.0,0.0,0.0,0.0,0.0,0.0,0.0,0.0,0.0,0.0,0.0,0.0,0.0,0.20332739773894215,0.0,0.0,0.1085981111300816,0.22469141219171768,0.0,0.0,0.0,0.0,0.0,0.0,0.0,0.15761119331257264,0.0,0.0,0.0,0.0,0.0,0.0
904ee8689f2ebad91eda611b4dc831076af8ca848a0e3758b03e21f1f05ffb26,0.0,0.0,0.0,0.0,0.0,0.0,0.31216856864556547,0.0,0.0,0.0,0.0,0.0,0.11732411953903121,0.0,0.0,0.0,0.30278522967769694,0.2296410926851496,0.0,0.0,0.0,0.0,0.0,0.0,0.0,0.3093767671741576,0.0,0.0,0.0,0.0,0.0,0.0,0.0,0.0,0.0,0.0,0.0,0.0,0.0,0.0,0.0,0.0,0.0,0.0,0.0,0.0,0.0,0.0,0.0,0.2856860747583092,0.0,0.0,0.0,0.0,0.0,0.0,0.0,0.0,0.0,0.0,0.17024760499734032,0.31076083767614165,0.0,0.0,0.0,0.0,0.0,0.0,0.0,0.0,0.0,0.0,0.0,0.0,0.0,0.11153600555038956,0.0,0.0,0.0,0.0,0.0,0.0,0.0,0.0,0.0,0.0,0.0,0.0,0.244447101421237,0.0,0.0,0.0,0.0,0.0,0.0,0.0,0.0,0.0,0.0,0.0,0.0,0.0,0.0,0.0,0.0,0.0,0.0,0.0,0.0,0.0,0.0,0.0,0.0,0.0,0.23558368863307247,0.26813779383708536,0.1466202833090189,0.1356001691567287,0.14893472856117906,0.13201915904075853,0.15758946286868966,0.0,0.0,0.0,0.0,0.0,0.0,0.0,0.0,0.0,0.0,0.0,0.30028957637775433,0.0,0.0,0.0,0.0,0.0,0.0,0.0,0.0,0.0,0.0,0.1807747159122172,0.0,0.12128206010808612,0.0,0.0,0.0,0.0,0.0,0.0,0.0,0.0,0.0,0.0,0.0,0.0,0.0,0.0,0.0
e80fa82616da921b5f368edb0dea27f5a5ade7a3eb55ca89b32438c1900d7d34,0.0,0.0,0.0,0.0,0.0,0.0,0.0,0.0,0.0,0.0,0.17698783212032015,0.0,0.11523221028154604,0.0,0.0,0.0,0.0,0.0,0.0,0.0,0.0,0.16846606951965365,0.0,0.0,0.0,0.0,0.0,0.0,0.0,0.0,0.0,0.0,0.5461611554627347,0.0,0.0,0.0,0.0,0.0,0.0,0.0,0.0,0.0,0.0,0.0,0.0,0.0,0.0,0.0,0.0,0.0,0.0,0.0,0.0,0.0,0.0,0.0,0.0,0.0,0.22253196984295606,0.0,0.0,0.0,0.0,0.0,0.0,0.0,0.0,0.0,0.0,0.0,0.0,0.0,0.0,0.0,0.0,0.1095472993621777,0.0,0.0,0.0,0.1002243583888099,0.0,0.0,0.0,0.0,0.0,0.0,0.0,0.0,0.0,0.0,0.0,0.0,0.0,0.0,0.0,0.0,0.0,0.0,0.0,0.0,0.0,0.0,0.0,0.0,0.2625439601606595,0.0,0.18433243353269865,0.0,0.0,0.0,0.0,0.0,0.0,0.33465814316648956,0.0,0.0,0.14400601840599359,0.1331823947869739,0.0,0.12966523469810967,0.1547796156049524,0.0,0.0,0.0,0.1819088233775782,0.0,0.20936246864021413,0.0,0.0,0.0,0.0,0.0,0.0,0.0,0.0,0.0,0.0,0.0,0.0,0.0,0.0,0.0,0.22302666213189323,0.17755147159364199,0.0,0.1191195800885998,0.24646051751058473,0.0,0.0,0.0,0.0,0.0,0.0,0.0,0.17288126809285023,0.0,0.0,0.0,0.0,0.0,0.0
bf4afdbcf434c5c54b8936ab45a120d6c6f3a73fd60399bd74349d289e6f543f,0.0,0.0,0.0,0.0,0.0,0.0,0.0,0.0,0.0,0.0,0.0,0.0,0.0,0.0,0.0,0.0,0.0,0.0,0.0,0.0,0.0,0.0,0.0,0.0,0.0,0.0,0.38309175487243335,0.0,0.0,0.0,0.0,0.0,0.0,0.0,0.0,0.0,0.0,0.0,0.0,0.0,0.0,0.0,0.33417909049267,0.0,0.3539204814405187,0.0,0.0,0.0,0.0,0.0,0.0,0.0,0.0,0.0,0.0,0.0,0.0,0.0,0.35234910533570524,0.0,0.0,0.0,0.0,0.0,0.0,0.0,0.0,0.0,0.0,0.0,0.0,0.0,0.0,0.0,0.0,0.0,0.0,0.2948208254233127,0.0,0.15869163894097468,0.0,0.0,0.0,0.0,0.0,0.0,0.0,0.0,0.0,0.0,0.0,0.0,0.0,0.0,0.0,0.0,0.0,0.0,0.0,0.22279788244765825,0.0,0.0,0.2443984373648037,0.0,0.0,0.0,0.0,0.0,0.0,0.0,0.0,0.0,0.0,0.0,0.0,0.0,0.0,0.0,0.0,0.20530726201392746,0.0,0.0,0.0,0.0,0.0,0.0,0.0,0.0,0.0,0.0,0.0,0.0,0.0,0.26125933993427025,0.0,0.0,0.0,0.0,0.0,0.0,0.0,0.0,0.35313238328694296,0.0,0.0,0.18860965236501986,0.0,0.0,0.0,0.0,0.0,0.0,0.0,0.0,0.0,0.0,0.0,0.0,0.0,0.0,0.0
3024777c3eeadf89d0f8bd36fa667a20cb569894e9cb070c37cf2d3f50eff872,0.0,0.0,0.0,0.0,0.0,0.0,0.0,0.0,0.0,0.0,0.2401442735631869,0.0,0.15635173953839948,0.0,0.0,0.0,0.0,0.3060307160359913,0.0,0.0,0.0,0.2285816002161075,0.0,0.0,0.0,0.0,0.0,0.0,0.0,0.0,0.0,0.0,0.0,0.0,0.0,0.0,0.0,0.0,0.0,0.0,0.0,0.0,0.28636987976547534,0.0,0.0,0.0,0.0,0.32659647059003816,0.0,0.0,0.0,0.0,0.0,0.0,0.0,0.0,0.0,0.0,0.0,0.0,0.0,0.0,0.0,0.0,0.3019404080060836,0.0,0.0,0.0,0.0,0.0,0.0,0.0,0.0,0.0,0.0,0.14863822168438653,0.3169777137441354,0.25264239065455274,0.0,0.13598847700589436,0.0,0.0,0.0,0.0,0.0,0.0,0.0,0.0,0.0,0.0,0.0,0.0,0.0,0.0,0.0,0.0,0.0,0.0,0.0,0.0,0.0,0.0,0.0,0.0,0.35623030033116726,0.0,0.0,0.0,0.0,0.0,0.0,0.0,0.0,0.0,0.0,0.0,0.19539321016895958,0.18070727837256456,0.19847755073476492,0.0,0.0,0.0,0.0,0.0,0.0,0.0,0.0,0.0,0.0,0.0,0.0,0.0,0.0,0.22388236694966251,0.0,0.0,0.0,0.0,0.0,0.0,0.0,0.0,0.0,0.0,0.0,0.0,0.0,0.0,0.0,0.0,0.0,0.0,0.0,0.0,0.0,0.0,0.0,0.0,0.0,0.0,0.0
4bef307f6ffd4f7335adc9a72258c1c196ff2f55b5d422e12505ffcd916b993a,0.0,0.0,0.0,0.0,0.0,0.0,0.0,0.0,0.0,0.0,0.0,0.0,0.0,0.0,0.0,0.0,0.0,0.0,0.0,0.0,0.0,0.0,0.0,0.0,0.0,0.0,0.44435457172793535,0.0,0.0,0.0,0.0,0.0,0.0,0.0,0.34606974107664024,0.0,0.0,0.0,0.0,0.0,0.0,0.0,0.0,0.0,0.4105183208879419,0.0,0.0,0.0,0.0,0.0,0.0,0.0,0.0,0.0,0.0,0.0,0.0,0.0,0.40869565530666246,0.0,0.0,0.0,0.0,0.0,0.0,0.0,0.0,0.0,0.0,0.0,0.0,0.0,0.0,0.0,0.0,0.0,0.0,0.34196763556312026,0.0,0.18406910188370415,0.0,0.0,0.0,0.0,0.0,0.0,0.0,0.0,0.0,0.0,0.0,0.0,0.0,0.0,0.0,0.0,0.0,0.0,0.0,0.0,0.0,0.0,0.0,0.0,0.0,0.0,0.0,0.0,0.0,0.0,0.0,0.0,0.0,0.0,0.0,0.0,0.0,0.0,0.0,0.23813934736134526,0.0,0.0,0.0,0.0,0.0,0.0,0.0,0.0,0.0,0.0,0.0,0.0,0.0,0.3030391038958105,0.0,0.0,0.0,0.0,0.0,0.0,0.0,0.0,0.0,0.0,0.0,0.21877150900394896,0.0,0.0,0.0,0.0,0.0,0.0,0.0,0.0,0.0,0.0,0.0,0.0,0.0,0.0,0.0
925aff03ab009c8e7935cfa389fc7a34482184cc310a8d8f88a25d9a89711e86,0.0,0.0,0.0,0.0,0.0,0.0,0.0,0.0,0.0,0.0,0.0,0.0,0.0,0.0,0.0,0.0,0.0,0.0,0.0,0.0,0.4321494274683542,0.0,0.0,0.5271409584404719,0.0,0.0,0.0,0.0,0.0,0.6200692622587453,0.0,0.0,0.0,0.0,0.2502866380839587,0.0,0.0,0.0,0.0,0.0,0.0,0.0,0.0,0.0,0.0,0.0,0.0,0.0,0.0,0.0,0.0,0.0,0.0,0.0,0.0,0.0,0.0,0.0,0.0,0.0,0.0,0.0,0.0,0.0,0.0,0.0,0.0,0.0,0.0,0.0,0.0,0.0,0.0,0.0,0.0,0.14550681041824967,0.0,0.0,0.0,0.0,0.0,0.0,0.0,0.0,0.0,0.0,0.0,0.0,0.0,0.0,0.0,0.0,0.0,0.0,0.0,0.0,0.0,0.0,0.0,0.0,0.0,0.0,0.20502145408438172,0.0,0.0,0.0,0.0,0.0,0.0,0.0,0.0,0.0,0.0,0.0,0.0,0.0,0.0,0.0,0.0,0.0,0.0,0.0,0.0,0.0,0.0,0.0,0.0,0.0,0.0,0.0,0.0,0.0,0.0,0.0,0.0,0.0,0.0,0.0,0.0,0.0,0.0,0.0,0.0,0.0,0.0,0.1582212455986632,0.0,0.0,0.0,0.0,0.0,0.0,0.0,0.0,0.0,0.0,0.0,0.0,0.0,0.0,0.0
01383cd292942f754d098b5a36acf8f47223a8980a1a91f0afcad5a29bac92e0,0.0,0.0,0.0,0.0,0.0,0.0,0.0,0.0,0.0,0.0,0.0,0.0,0.23912973668753562,0.0,0.0,0.0,0.0,0.0,0.0,0.0,0.0,0.0,0.0,0.0,0.0,0.0,0.0,0.0,0.0,0.0,0.0,0.0,0.0,0.0,0.0,0.0,0.0,0.0,0.0,0.0,0.0,0.0,0.0,0.0,0.0,0.0,0.0,0.4995078932018755,0.0,0.0,0.0,0.0,0.0,0.0,0.0,0.0,0.0,0.0,0.0,0.0,0.0,0.0,0.0,0.0,0.4617980616972224,0.0,0.0,0.3903650283970314,0.0,0.0,0.0,0.0,0.0,0.0,0.0,0.0,0.0,0.0,0.0,0.0,0.0,0.0,0.0,0.0,0.0,0.0,0.0,0.0,0.0,0.0,0.0,0.0,0.0,0.0,0.0,0.0,0.0,0.0,0.0,0.0,0.0,0.0,0.32031505954688017,0.0,0.0,0.0,0.0,0.0,0.0,0.0,0.0,0.0,0.0,0.0,0.0,0.0,0.29884110682862136,0.0,0.0,0.0,0.0,0.0,0.0,0.0,0.0,0.0,0.0,0.0,0.0,0.0,0.0,0.0,0.0,0.0,0.0,0.0,0.0,0.0,0.0,0.0,0.0,0.0,0.0,0.36845458875548026,0.0,0.0,0.0,0.0,0.0,0.0,0.0,0.0,0.0,0.0,0.0,0.0,0.0,0.0,0.0,0.0,0.0
803d0d4e9536f1996f54a384ea56848f2397ae0decc63f5c6a38eed6b1d83038,0.0,0.0,0.0,0.0,0.0,0.0,0.0,0.0,0.0,0.0,0.0,0.0,0.17206467512168722,0.0,0.0,0.0,0.0,0.33678599219587035,0.0,0.0,0.0,0.0,0.0,0.0,0.0,0.0,0.0,0.0,0.0,0.0,0.0,0.0,0.0,0.0,0.0,0.0,0.0,0.0,0.0,0.0,0.0,0.0,0.0,0.0,0.0,0.0,0.0,0.3594185505954227,0.0,0.0,0.0,0.0,0.0,0.0,0.0,0.0,0.0,0.0,0.0,0.0,0.0,0.0,0.0,0.0,0.0,0.0,0.0,0.0,0.0,0.0,0.0,0.0,0.0,0.0,0.0,0.0,0.0,0.0,0.0,0.14965495865535655,0.0,0.0,0.0,0.0,0.0,0.0,0.0,0.0,0.0,0.0,0.0,0.0,0.0,0.0,0.0,0.0,0.0,0.0,0.0,0.0,0.0,0.0,0.0,0.0,0.0,0.0,0.0,0.0,0.0,0.0,0.0,0.0,0.0,0.0,0.0,0.0,0.0,0.0,0.0,0.1936160595062416,0.23111683972264122,0.0,0.0,0.0,0.0,0.0,0.0,0.0,0.47818381176017505,0.0,0.0,0.0,0.0,0.0,0.0,0.0,0.0,0.0,0.0,0.0,0.0,0.0,0.0,0.0,0.0,0.0,0.0,0.0,0.6211511184422552,0.0,0.0,0.0,0.0,0.0,0.0,0.0,0.0,0.0,0.0,0.0,0.0
4d2f6e63d4fd2ff4c068535d0d8b1ceafb75eecb0c31cea637dfb1727cb695cf,0.0,0.0,0.0,0.0,0.0,0.4224978032844594,0.0,0.0,0.0,0.0,0.0,0.0,0.15202720266537784,0.0,0.0,0.0,0.0,0.29756620441826276,0.0,0.0,0.0,0.0,0.0,0.0,0.0,0.0,0.0,0.0,0.0,0.0,0.0,0.0,0.0,0.0,0.0,0.0,0.0,0.0,0.0,0.0,0.0,0.0,0.27844916773486555,0.2632167397485012,0.0,0.0,0.0,0.31756313022660415,0.0,0.0,0.0,0.0,0.0,0.0,0.0,0.0,0.0,0.0,0.0,0.0,0.22060482746359222,0.0,0.0,0.0,0.0,0.0,0.0,0.0,0.0,0.0,0.0,0.0,0.0,0.0,0.0,0.1445270332044104,0.30821041882909583,0.24565454813166465,0.0,0.1322271681464326,0.0,0.0,0.0,0.0,0.0,0.0,0.0,0.0,0.0,0.0,0.0,0.0,0.0,0.0,0.0,0.0,0.0,0.0,0.0,0.0,0.0,0.0,0.20364093211099318,0.0,0.0,0.0,0.0,0.0,0.0,0.0,0.0,0.0,0.0,0.0,0.0,0.0,0.18998882423370617,0.0,0.19298785494274137,0.0,0.0,0.0,0.0,0.0,0.23999443810609916,0.0,0.0,0.0,0.0,0.0,0.0,0.0,0.0,0.21768999867827918,0.0,0.0,0.0,0.0,0.0,0.0,0.0,0.0,0.0,0.0,0.0,0.0,0.0,0.0,0.0,0.0,0.0,0.0,0.0,0.0,0.0,0.0,0.0,0.0,0.0,0.0,0.0
9619da7917e44d03da1632592c37e14d5bdaa697cd168fbb94460d0d7528b25b,0.0,0.22020540755490575,0.0,0.0,0.0,0.0,0.0,0.0,0.0,0.0,0.1581335546073441,0.2764764874983753,0.10295667673184479,0.0,0.0,0.0,0.0,0.0,0.0,0.0,0.0,0.1505196040017047,0.0,0.0,0.0,0.0,0.0,0.0,0.0,0.0,0.0,0.0,0.0,0.0,0.0,0.0,0.0,0.0,0.0,0.0,0.0,0.29726603162788073,0.0,0.1782570507749545,0.199712642866355,0.0,0.0,0.0,0.0,0.0,0.0,0.0,0.0,0.0,0.0,0.28761629309540016,0.31691750983841516,0.0,0.1988259361305594,0.0,0.0,0.0,0.0,0.0,0.0,0.0,0.0,0.0,0.0,0.0,0.0,0.0,0.0,0.0,0.0,0.09787737178451555,0.0,0.0,0.0,0.08954759126880835,0.0,0.0,0.0,0.0,0.0,0.0,0.0,0.0,0.0,0.0,0.0,0.0,0.0,0.0,0.0,0.0,0.0,0.0,0.0,0.12572189591160302,0.0,0.0,0.13791080312693174,0.0,0.0,0.0,0.16469574543481277,0.0,0.0,0.0,0.0,0.0,0.0,0.2990074578756004,0.0,0.0,0.12866524948398353,0.11899465204175926,0.130696269129189,0.1158521703224675,0.13829114975390092,0.0,0.0,0.0,0.1625303192344901,0.0,0.18705936431233677,0.0,0.0,0.0,0.0,0.0,0.0,0.0,0.0,0.0,0.0,0.0,0.0,0.0,0.0,0.0,0.1992679295102698,0.0,0.0,0.10642993022220211,0.22020540755490575,0.0,0.0,0.0,0.0,0.0,0.0,0.0,0.15446445736429182,0.0,0.0,0.0,0.0,0.0,0.0
385a1d06223e4d1469f1b9b7438d7219f57dbb13042750b16df81c72bcc664bd,0.0,0.0,0.0,0.0,0.0,0.0,0.0,0.0,0.39397936852848614,0.0,0.0,0.0,0.08682297246129565,0.0,0.0,0.0,0.0,0.16994052326599052,0.0,0.0,0.0,0.0,0.0,0.0,0.0,0.0,0.0,0.0,0.0,0.0,0.0,0.0,0.0,0.0,0.1419766018831619,0.0,0.0,0.0,0.0,0.0,0.0,0.250683309688872,0.1590227538115495,0.15032349044031093,0.0,0.0,0.0,0.1813607987714846,0.0,0.0,0.0,0.0,0.0,0.0,0.0,0.0,0.0,0.0,0.0,0.0,0.0,0.0,0.0,0.0,0.1676691529410593,0.0,0.0,0.14173332258821061,0.0,0.0,0.0,0.0,0.0,0.0,0.0,0.0,0.0,0.0,0.0,0.07551514187814048,0.0,0.0,0.0,0.0,0.0,0.0,0.0,0.0,0.0,0.0,0.0,0.0,0.0,0.0,0.0,0.0,0.0,0.0,0.0,0.10602079489167093,0.0,0.0,0.0,0.0,0.0,0.0,0.13888729341587686,0.369269764303524,0.0,0.0,0.0,0.0,0.0,0.0,0.0,0.0,0.0,0.10034773581680273,0.11021566483689606,0.09769769297902918,0.1166203986750293,0.0,0.0,0.0,0.0,0.0,0.15774644784444644,0.38038069202570857,0.0,0.0,0.0,0.0,0.0,0.12432309763631567,0.0,0.0,0.0,0.0,0.0,0.0,0.0,0.0,0.0,0.0,0.0,0.08975195387092112,0.18569837957924723,0.20094251008393382,0.0,0.0,0.0,0.0,0.0,0.0,0.13025928724291083,0.0,0.3058021254094465,0.0,0.0,0.0,0.0
9718cae859c4a5d43ef196aa1c7860278152e8a2faeb8863d61ddc7d3ca59076,0.0,0.0,0.0,0.0,0.0,0.0,0.0,0.0,0.0,0.0,0.2003118783557398,0.0,0.1304178949030133,0.0,0.0,0.0,0.0,0.0,0.0,0.0,0.0,0.19066708948527814,0.0,0.0,0.0,0.0,0.0,0.0,0.0,0.0,0.0,0.0,0.0,0.0,0.21326486548637172,0.0,0.0,0.0,0.0,0.0,0.0,0.0,0.23887010782806053,0.0,0.0,0.0,0.0,0.2724243702235607,0.0,0.0,0.0,0.0,0.0,0.0,0.0,0.0,0.0,0.0,0.2518579742992828,0.0,0.0,0.0,0.0,0.0,0.0,0.0,0.0,0.0,0.0,0.0,0.0,0.0,0.0,0.0,0.0,0.12398380748072331,0.0,0.0,0.0,0.1134322582821014,0.0,0.0,0.0,0.0,0.0,0.0,0.0,0.0,0.0,0.0,0.0,0.0,0.0,0.0,0.0,0.0,0.0,0.0,0.0,0.15925518896372431,0.0,0.0,0.17469519412562015,0.48390638252061163,0.2971428780199079,0.0,0.20862437581425206,0.0,0.0,0.0,0.0,0.0,0.0,0.0,0.0,0.0,0.1629836113356403,0.0,0.16555635664019452,0.0,0.0,0.0,0.0,0.0,0.20588137423748726,0.0,0.23695295234762662,0.0,0.0,0.0,0.0,0.0,0.0,0.0,0.0,0.0,0.0,0.0,0.0,0.0,0.0,0.0,0.25241785878635725,0.0,0.0,0.0,0.0,0.0,0.0,0.0,0.0,0.0,0.0,0.0,0.0,0.0,0.0,0.0,0.0,0.0,0.0
5b38402c106d40d97f1fa99681bbf6e9815bba983be035f5a29a1f5e893638aa,0.0,0.0,0.0,0.0,0.0,0.0,0.0,0.0,0.0,0.0,0.0,0.0,0.0,0.0,0.0,0.0,0.0,0.0,0.0,0.0,0.0,0.0,0.0,0.0,0.0,0.0,0.4482661778378216,0.0,0.0,0.0,0.0,0.0,0.0,0.0,0.0,0.0,0.0,0.0,0.0,0.0,0.0,0.0,0.39103212664639914,0.0,0.4141320700746807,0.0,0.0,0.0,0.0,0.0,0.0,0.0,0.0,0.0,0.0,0.0,0.0,0.0,0.4122933597618342,0.0,0.0,0.0,0.0,0.0,0.0,0.0,0.0,0.0,0.0,0.0,0.0,0.0,0.0,0.0,0.0,0.0,0.0,0.3449779403461913,0.0,0.18568944264169326,0.0,0.0,0.0,0.0,0.0,0.0,0.0,0.0,0.0,0.0,0.0,0.0,0.0,0.0,0.0,0.0,0.0,0.0,0.0,0.0,0.0,0.0,0.0,0.0,0.0,0.0,0.0,0.0,0.0,0.0,0.0,0.0,0.0,0.0,0.0,0.0,0.0,0.0,0.0,0.2402356627486736,0.0,0.0,0.0,0.0,0.0,0.0,0.0,0.0,0.0,0.0,0.0,0.0,0.0,0.30570672494834933,0.0,0.0,0.0,0.0,0.0,0.0,0.0,0.0,0.0,0.0,0.0,0.0,0.0,0.0,0.0,0.0,0.0,0.0,0.0,0.0,0.0,0.0,0.0,0.0,0.0,0.0,0.0
c9db4f661a86286ad47ad92dfb544b702dca8ffe1641e276b42bec4cde7ba9b4,0.0,0.0,0.0,0.0,0.0,0.5233456631320217,0.0,0.0,0.0,0.0,0.0,0.0,0.1883152446580897,0.6353408194568313,0.0,0.0,0.0,0.0,0.0,0.0,0.0,0.0,0.0,0.0,0.0,0.0,0.0,0.0,0.0,0.0,0.0,0.0,0.0,0.0,0.0,0.0,0.0,0.0,0.0,0.0,0.0,0.0,0.0,0.0,0.0,0.0,0.0,0.39336367120192267,0.0,0.0,0.0,0.0,0.0,0.0,0.0,0.0,0.0,0.0,0.0,0.0,0.0,0.0,0.0,0.0,0.363667087898721,0.0,0.0,0.0,0.0,0.0,0.0,0.0,0.0,0.0,0.0,0.0,0.0,0.0,0.0,0.0,0.0,0.0,0.0,0.0,0.0,0.0,0.0,0.0,0.0,0.0,0.0,0.0,0.0,0.0,0.0,0.0,0.0,0.0,0.0,0.0,0.0,0.0,0.0,0.0,0.0,0.0,0.0,0.0,0.0,0.0,0.0,0.0,0.0,0.0,0.0,0.0,0.0,0.0,0.0,0.0,0.0,0.0,0.0,0.0,0.0,0.0,0.0,0.0,0.0,0.0,0.0,0.0,0.0,0.0,0.0,0.0,0.0,0.0,0.0,0.0,0.0,0.0,0.0,0.0,0.0,0.0,0.0,0.0,0.0,0.0,0.0,0.0,0.0,0.0,0.0,0.0,0.0,0.0,0.0,0.0,0.0
9343339fadfe0f62d6fd46c6131ed9fdf01978d817192984e69a8bbecfb406d2,0.0,0.0,0.0,0.0,0.0,0.6710231353613566,0.0,0.0,0.0,0.0,0.0,0.0,0.0,0.0,0.0,0.0,0.0,0.0,0.0,0.0,0.0,0.0,0.0,0.0,0.0,0.0,0.0,0.0,0.0,0.0,0.0,0.0,0.0,0.0,0.0,0.0,0.0,0.0,0.0,0.0,0.0,0.0,0.0,0.0,0.0,0.0,0.0,0.504362876358796,0.0,0.0,0.0,0.0,0.0,0.0,0.0,0.0,0.0,0.0,0.0,0.0,0.0,0.0,0.0,0.0,0.0,0.0,0.0,0.0,0.0,0.0,0.0,0.0,0.0,0.0,0.0,0.2295419815473052,0.0,0.0,0.0,0.21000698289982359,0.0,0.0,0.0,0.0,0.0,0.0,0.0,0.0,0.0,0.0,0.0,0.0,0.0,0.0,0.0,0.0,0.0,0.0,0.0,0.0,0.0,0.0,0.3234283721494892,0.0,0.0,0.0,0.0,0.0,0.0,0.0,0.0,0.0,0.0,0.0,0.0,0.0,0.0,0.0,0.30650884928542854,0.0,0.0,0.0,0.0,0.0,0.0,0.0,0.0,0.0,0.0,0.0,0.0,0.0,0.0,0.0,0.0,0.0,0.0,0.0,0.0,0.0,0.0,0.0,0.0,0.0,0.0,0.0,0.0,0.0,0.0,0.0,0.0,0.0,0.0,0.0,0.0,0.0,0.0,0.0,0.0,0.0,0.0
029446e73e84a56b1fccd594b300007e29681766bc585607c7eb833e16b3d36b,0.0,0.0,0.0,0.0,0.0,0.0,0.0,0.0,0.0,0.0,0.0,0.0,0.0,0.0,0.0,0.0,0.0,0.0,0.0,0.0,0.0,0.0,0.0,0.0,0.0,0.0,0.38309175487243335,0.0,0.0,0.0,0.0,0.0,0.0,0.0,0.0,0.0,0.0,0.0,0.0,0.0,0.0,0.0,0.33417909049267,0.0,0.3539204814405187,0.0,0.0,0.0,0.0,0.0,0.0,0.0,0.0,0.0,0.0,0.0,0.0,0.0,0.35234910533570524,0.0,0.0,0.0,0.0,0.0,0.0,0.0,0.0,0.0,0.0,0.0,0.0,0.0,0.0,0.0,0.0,0.0,0.0,0.2948208254233127,0.0,0.15869163894097468,0.0,0.0,0.0,0.0,0.0,0.0,0.0,0.0,0.0,0.0,0.0,0.0,0.0,0.0,0.0,0.0,0.0,0.0,0.0,0.22279788244765825,0.0,0.0,0.2443984373648037,0.0,0.0,0.0,0.0,0.0,0.0,0.0,0.0,0.0,0.0,0.0,0.0,0.0,0.0,0.0,0.0,0.20530726201392746,0.0,0.0,0.0,0.0,0.0,0.0,0.0,0.0,0.0,0.0,0.0,0.0,0.0,0.26125933993427025,0.0,0.0,0.0,0.0,0.0,0.0,0.0,0.0,0.35313238328694296,0.0,0.0,0.18860965236501986,0.0,0.0,0.0,0.0,0.0,0.0,0.0,0.0,0.0,0.0,0.0,0.0,0.0,0.0,0.0
47877f3c1845e3953521074c3e9edf10872e8c3d2ca495dea935bbc6f3b3bc74,0.0,0.0,0.0,0.0,0.0,0.0,0.3053406657121851,0.0,0.0,0.0,0.0,0.0,0.1147579492694473,0.0,0.0,0.0,0.29616256370312255,0.22461827088994873,0.0,0.0,0.0,0.0,0.0,0.0,0.0,0.3026099278819335,0.0,0.0,0.0,0.0,0.0,0.0,0.0,0.0,0.0,0.0,0.0,0.0,0.0,0.0,0.0,0.0,0.0,0.0,0.0,0.0,0.0,0.0,0.0,0.2794374098259889,0.0,0.0,0.0,0.0,0.0,0.0,0.0,0.0,0.0,0.0,0.1665238664845045,0.3039637253199717,0.0,0.0,0.0,0.0,0.0,0.0,0.0,0.0,0.0,0.0,0.0,0.0,0.0,0.10909643572829225,0.0,0.0,0.0,0.0,0.0,0.0,0.0,0.0,0.0,0.0,0.0,0.0,0.23910043539367343,0.0,0.0,0.0,0.0,0.0,0.0,0.0,0.0,0.0,0.0,0.1401326015083,0.0,0.0,0.15371864604924673,0.0,0.0,0.0,0.0,0.0,0.0,0.0,0.0,0.0,0.0,0.0,0.2304308874857518,0.26227295344961804,0.14341333308067813,0.13263425623100003,0.14567715565934192,0.12913157171193856,0.15414258940394743,0.0,0.0,0.0,0.0,0.0,0.0,0.0,0.0,0.0,0.0,0.0,0.2937214965473305,0.0,0.0,0.0,0.0,0.0,0.0,0.0,0.0,0.0,0.0,0.1768207233036293,0.0,0.11862931983519004,0.0,0.0,0.0,0.0,0.0,0.0,0.0,0.0,0.0,0.0,0.0,0.0,0.0,0.0,0.0
21054e559ffbfd37f07ce33085fb9c4ed8e9583f66aaee1f68b51ea01ab2e757,0.0,0.0,0.0,0.0,0.0,0.0,0.0,0.0,0.0,0.0,0.15816844230588417,0.0,0.10297939121207908,0.0,0.0,0.0,0.0,0.0,0.0,0.0,0.0,0.1505528118972827,0.0,0.0,0.0,0.0,0.0,0.0,0.0,0.0,0.0,0.0,0.0,0.0,0.0,0.0,0.0,0.4672928646766743,0.0,0.0,0.0,0.0,0.0,0.0,0.0,0.0,0.0,0.0,0.0,0.0,0.0,0.0,0.0,0.0,0.0,0.0,0.0,0.0,0.1988698014527479,0.0,0.0,0.0,0.0,0.0,0.0,0.0,0.0,0.1681077122889987,0.0,0.0,0.0,0.0,0.0,0.0,0.0,0.0978989656597003,0.0,0.0,0.0,0.08956734741339721,0.0,0.3941726961178248,0.0,0.0,0.0,0.0,0.0,0.0,0.0,0.0,0.0,0.0,0.0,0.0,0.0,0.0,0.0,0.0,0.0,0.12574963289389837,0.0,0.0,0.0,0.0,0.0,0.0,0.0,0.0,0.0,0.0,0.0,0.4171910526937851,0.0,0.0,0.0,0.0,0.12869363583403887,0.0,0.0,0.11587772982881932,0.13832165978673583,0.0,0.0,0.0,0.16256617695485281,0.0,0.0,0.0,0.0,0.0,0.0,0.0,0.0,0.0,0.0,0.0,0.0,0.3241028382081221,0.0,0.0,0.0,0.0,0.19931189234580282,0.0,0.0,0.0,0.22025398965308687,0.0,0.0,0.0,0.0,0.0,0.0,0.0,0.15449853558024707,0.0,0.0,0.0,0.0,0.0,0.0
31868f961c44c39835b30bb9f1c830badc2ca50e583a7936f06ce3a32dd11d28,0.0,0.22020540755490575,0.0,0.0,0.0,0.0,0.0,0.0,0.0,0.0,0.1581335546073441,0.2764764874983753,0.10295667673184479,0.0,0.0,0.0,0.0,0.0,0.0,0.0,0.0,0.1505196040017047,0.0,0.0,0.0,0.0,0.0,0.0,0.0,0.0,0.0,0.0,0.0,0.0,0.0,0.0,0.0,0.0,0.0,0.0,0.0,0.29726603162788073,0.0,0.1782570507749545,0.199712642866355,0.0,0.0,0.0,0.0,0.0,0.0,0.0,0.0,0.0,0.0,0.28761629309540016,0.31691750983841516,0.0,0.1988259361305594,0.0,0.0,0.0,0.0,0.0,0.0,0.0,0.0,0.0,0.0,0.0,0.0,0.0,0.0,0.0,0.0,0.09787737178451555,0.0,0.0,0.0,0.08954759126880835,0.0,0.0,0.0,0.0,0.0,0.0,0.0,0.0,0.0,0.0,0.0,0.0,0.0,0.0,0.0,0.0,0.0,0.0,0.0,0.12572189591160302,0.0,0.0,0.13791080312693174,0.0,0.0,0.0,0.16469574543481277,0.0,0.0,0.0,0.0,0.0,0.0,0.2990074578756004,0.0,0.0,0.12866524948398353,0.11899465204175926,0.130696269129189,0.1158521703224675,0.13829114975390092,0.0,0.0,0.0,0.1625303192344901,0.0,0.18705936431233677,0.0,0.0,0.0,0.0,0.0,0.0,0.0,0.0,0.0,0.0,0.0,0.0,0.0,0.0,0.0,0.1992679295102698,0.0,0.0,0.10642993022220211,0.22020540755490575,0.0,0.0,0.0,0.0,0.0,0.0,0.0,0.15446445736429182,0.0,0.0,0.0,0.0,0.0,0.0
676675d128267eb409a15bf589b27e042db20bf60aa15c5b4d8af75c0e4bf534,0.0,0.0,0.0,0.0,0.0,0.0,0.3053406657121851,0.0,0.0,0.0,0.0,0.0,0.1147579492694473,0.0,0.0,0.0,0.29616256370312255,0.22461827088994873,0.0,0.0,0.0,0.0,0.0,0.0,0.0,0.3026099278819335,0.0,0.0,0.0,0.0,0.0,0.0,0.0,0.0,0.0,0.0,0.0,0.0,0.0,0.0,0.0,0.0,0.0,0.0,0.0,0.0,0.0,0.0,0.0,0.2794374098259889,0.0,0.0,0.0,0.0,0.0,0.0,0.0,0.0,0.0,0.0,0.1665238664845045,0.3039637253199717,0.0,0.0,0.0,0.0,0.0,0.0,0.0,0.0,0.0,0.0,0.0,0.0,0.0,0.10909643572829225,0.0,0.0,0.0,0.0,0.0,0.0,0.0,0.0,0.0,0.0,0.0,0.0,0.23910043539367343,0.0,0.0,0.0,0.0,0.0,0.0,0.0,0.0,0.0,0.0,0.1401326015083,0.0,0.0,0.15371864604924673,0.0,0.0,0.0,0.0,0.0,0.0,0.0,0.0,0.0,0.0,0.0,0.2304308874857518,0.26227295344961804,0.14341333308067813,0.13263425623100003,0.14567715565934192,0.12913157171193856,0.15414258940394743,0.0,0.0,0.0,0.0,0.0,0.0,0.0,0.0,0.0,0.0,0.0,0.2937214965473305,0.0,0.0,0.0,0.0,0.0,0.0,0.0,0.0,0.0,0.0,0.1768207233036293,0.0,0.11862931983519004,0.0,0.0,0.0,0.0,0.0,0.0,0.0,0.0,0.0,0.0,0.0,0.0,0.0,0.0,0.0
d7ba3b1d6fe9230a53606857508d0e79682e71fbd9200e70360700d831d8fef3,0.0,0.0,0.0,0.0,0.0,0.0,0.0,0.0,0.0,0.0,0.1320460591677244,0.0,0.08597178164496952,0.0,0.0,0.0,0.0,0.0,0.0,0.0,0.0,0.1256881917646369,0.0,0.0,0.0,0.0,0.0,0.0,0.0,0.0,0.0,0.0,0.0,0.0,0.0,0.0,0.36564953542617024,0.0,0.0,0.0,0.0,0.0,0.0,0.1488497563476672,0.0,0.0,0.0,0.0,0.21164905742856086,0.0,0.0,0.0,0.0,0.0,0.0,0.0,0.0,0.0,0.16602536628968392,0.0,0.0,0.0,0.0,0.0,0.16602536628968392,0.0,0.0,0.1403438043635466,0.0,0.0,0.0,0.0,0.0,0.0,0.0,0.0817304161531778,0.0,0.0,0.0,0.07477481021892562,0.0,0.0,0.0,0.0,0.0,0.0,0.0,0.0,0.0,0.0,0.0,0.0,0.0,0.0,0.0,0.0,0.0,0.0,0.0,0.0,0.0,0.0,0.11515948095130897,0.0,0.0,0.0,0.0,0.0,0.0,0.0,0.0,0.3482896690713593,0.43194411660911153,0.0,0.0,0.0,0.0,0.0993639515861435,0.10913513788573384,0.0967398891088948,0.11547708130712038,0.0,0.0,0.0,0.13571748389187155,0.0,0.0,0.0,0.23892361533086923,0.0,0.0,0.0,0.0,0.12310426492458812,0.0,0.0,0.0,0.2705754822298391,0.0,0.0,0.0,0.0,0.0,0.0,0.0,0.0,0.18387783887644002,0.0,0.0,0.0,0.0,0.0,0.0,0.0,0.12898225760548648,0.0,0.3028041174700435,0.0,0.0,0.0,0.0
ac68b9c8102f90cb5cb4938fee2d9528a498b9e94886e33b4ed4ba160a0073de,0.0,0.0,0.0,0.0,0.0,0.0,0.0,0.0,0.0,0.0,0.24589749511267295,0.0,0.16009751362605543,0.0,0.0,0.0,0.0,0.0,0.0,0.0,0.0,0.23405781069852521,0.0,0.0,0.0,0.0,0.0,0.0,0.0,0.0,0.0,0.0,0.0,0.0,0.0,0.0,0.0,0.0,0.0,0.0,0.0,0.0,0.0,0.2771895084542554,0.0,0.0,0.0,0.334420858091372,0.0,0.0,0.0,0.0,0.0,0.0,0.0,0.0,0.0,0.0,0.0,0.0,0.0,0.0,0.0,0.0,0.0,0.0,0.0,0.0,0.0,0.0,0.0,0.0,0.0,0.0,0.47957072134397605,0.1521992002885542,0.3245716612755961,0.2586950340287242,0.0,0.13924640118948411,0.0,0.0,0.0,0.0,0.0,0.0,0.0,0.0,0.0,0.0,0.0,0.0,0.0,0.0,0.0,0.0,0.0,0.0,0.0,0.0,0.0,0.0,0.0,0.0,0.36476463600378495,0.0,0.0,0.0,0.0,0.0,0.0,0.0,0.0,0.0,0.0,0.0,0.20007431461791297,0.0,0.0,0.0,0.0,0.0,0.0,0.0,0.0,0.0,0.0,0.0,0.0,0.0,0.0,0.0,0.0,0.2292459962337305,0.0,0.0,0.0,0.0,0.0,0.0,0.0,0.0,0.0,0.0,0.0,0.0,0.0,0.0,0.0,0.0,0.0,0.0,0.0,0.0,0.0,0.0,0.0,0.0,0.0,0.0,0.0
da970dc18aee85e81725bca7e03bdb203adc8633bf497102a989675b7d136f53,0.0,0.0,0.0,0.0,0.0,0.0,0.30838356478544604,0.0,0.0,0.0,0.0,0.0,0.11590157963609646,0.0,0.0,0.0,0.2991139975991771,0.22685672388714223,0.0,0.0,0.0,0.0,0.0,0.0,0.0,0.3056256135488386,0.0,0.0,0.0,0.0,0.0,0.0,0.0,0.0,0.0,0.0,0.0,0.0,0.0,0.0,0.0,0.0,0.0,0.0,0.0,0.0,0.0,0.0,0.0,0.2822221677402702,0.0,0.0,0.0,0.0,0.0,0.0,0.0,0.0,0.0,0.0,0.16818337462050614,0.30699290237348914,0.0,0.0,0.0,0.0,0.0,0.0,0.0,0.0,0.0,0.0,0.0,0.0,0.0,0.11018364578725835,0.0,0.0,0.0,0.0,0.0,0.0,0.0,0.0,0.0,0.0,0.0,0.0,0.24148321166613199,0.0,0.0,0.0,0.0,0.0,0.0,0.0,0.0,0.0,0.0,0.0,0.0,0.0,0.1552505426425655,0.0,0.0,0.0,0.0,0.0,0.0,0.0,0.0,0.0,0.0,0.0,0.23272726662131712,0.26488665747470036,0.14484253117752058,0.13395603449602939,0.1471289140778191,0.13041844366846128,0.15567871084179558,0.0,0.0,0.0,0.0,0.0,0.0,0.0,0.0,0.0,0.0,0.0,0.29664860377543606,0.0,0.0,0.0,0.0,0.0,0.0,0.0,0.0,0.0,0.0,0.1785828456656114,0.0,0.1198115306833459,0.0,0.0,0.0,0.0,0.0,0.0,0.0,0.0,0.0,0.0,0.0,0.0,0.0,0.0,0.0
fe035a3111a37c273676890230dd284b8bc0481377b921e9dd3818b39ef8c3e9,0.0,0.0,0.0,0.0,0.0,0.0,0.3053406657121851,0.0,0.0,0.0,0.0,0.0,0.1147579492694473,0.0,0.0,0.0,0.29616256370312255,0.22461827088994873,0.0,0.0,0.0,0.0,0.0,0.0,0.0,0.3026099278819335,0.0,0.0,0.0,0.0,0.0,0.0,0.0,0.0,0.0,0.0,0.0,0.0,0.0,0.0,0.0,0.0,0.0,0.0,0.0,0.0,0.0,0.0,0.0,0.2794374098259889,0.0,0.0,0.0,0.0,0.0,0.0,0.0,0.0,0.0,0.0,0.1665238664845045,0.3039637253199717,0.0,0.0,0.0,0.0,0.0,0.0,0.0,0.0,0.0,0.0,0.0,0.0,0.0,0.10909643572829225,0.0,0.0,0.0,0.0,0.0,0.0,0.0,0.0,0.0,0.0,0.0,0.0,0.23910043539367343,0.0,0.0,0.0,0.0,0.0,0.0,0.0,0.0,0.0,0.0,0.1401326015083,0.0,0.0,0.15371864604924673,0.0,0.0,0.0,0.0,0.0,0.0,0.0,0.0,0.0,0.0,0.0,0.2304308874857518,0.26227295344961804,0.14341333308067813,0.13263425623100003,0.14567715565934192,0.12913157171193856,0.15414258940394743,0.0,0.0,0.0,0.0,0.0,0.0,0.0,0.0,0.0,0.0,0.0,0.2937214965473305,0.0,0.0,0.0,0.0,0.0,0.0,0.0,0.0,0.0,0.0,0.1768207233036293,0.0,0.11862931983519004,0.0,0.0,0.0,0.0,0.0,0.0,0.0,0.0,0.0,0.0,0.0,0.0,0.0,0.0,0.0
a2b19054a88a93101d0352063a7c1c1d4169b6a01093daba6c2d7863f65bfce9,0.0,0.0,0.0,0.0,0.0,0.0,0.0,0.0,0.0,0.0,0.0,0.0,0.17139064310541438,0.0,0.0,0.0,0.0,0.0,0.0,0.0,0.0,0.0,0.0,0.0,0.0,0.0,0.0,0.0,0.0,0.0,0.0,0.0,0.0,0.0,0.0,0.0,0.0,0.0,0.0,0.0,0.0,0.0,0.31391475402786195,0.296742198176879,0.0,0.0,0.0,0.0,0.0,0.0,0.0,0.0,0.49202419036531453,0.0,0.0,0.0,0.0,0.0,0.0,0.0,0.0,0.0,0.0,0.0,0.0,0.0,0.0,0.27978499951368824,0.0,0.0,0.0,0.0,0.0,0.0,0.0,0.0,0.0,0.0,0.0,0.1490687126205074,0.0,0.0,0.0,0.0,0.0,0.0,0.0,0.0,0.0,0.0,0.0,0.0,0.0,0.0,0.0,0.0,0.0,0.0,0.0,0.0,0.0,0.0,0.2295783235182663,0.0,0.0,0.0,0.0,0.0,0.0,0.0,0.0,0.0,0.0,0.0,0.0,0.0,0.21418737040060046,0.0,0.21756838243596488,0.1928576038680957,0.0,0.0,0.0,0.0,0.0,0.0,0.3113952952452386,0.0,0.0,0.0,0.0,0.0,0.0,0.2454167952639961,0.0,0.0,0.0,0.0,0.0,0.0,0.0,0.0,0.0,0.26408120460760054,0.0,0.17717252309879167,0.0,0.0,0.0,0.0,0.0,0.0,0.0,0.0,0.0,0.0,0.0,0.0,0.0,0.0,0.0
27ad01b87bb62fa4fa70360498cc76ce4e52c41af10d84f76c059827476119b2,0.0,0.0,0.0,0.0,0.0,0.0,0.0,0.0,0.0,0.0,0.3237725082442306,0.0,0.2107999250932646,0.0,0.0,0.0,0.0,0.0,0.0,0.0,0.0,0.30818323061522407,0.0,0.0,0.0,0.0,0.0,0.0,0.0,0.0,0.0,0.0,0.0,0.0,0.0,0.0,0.0,0.0,0.0,0.0,0.0,0.0,0.0,0.0,0.40890412834570516,0.0,0.0,0.44033095979207926,0.0,0.0,0.0,0.0,0.0,0.0,0.0,0.0,0.0,0.0,0.0,0.0,0.0,0.0,0.0,0.0,0.0,0.0,0.0,0.0,0.0,0.0,0.0,0.0,0.0,0.0,0.0,0.20040023916311767,0.0,0.0,0.0,0.18334532670389192,0.0,0.0,0.0,0.0,0.0,0.0,0.0,0.0,0.0,0.0,0.0,0.0,0.0,0.0,0.0,0.0,0.0,0.0,0.0,0.257410855536598,0.0,0.0,0.2823671848347184,0.0,0.0,0.0,0.0,0.0,0.0,0.0,0.0,0.0,0.0,0.0,0.0,0.0,0.26343726132470263,0.0,0.0,0.0,0.0,0.0,0.0,0.0,0.0,0.0,0.0,0.0,0.0,0.0,0.0,0.0,0.0,0.0,0.0,0.0,0.0,0.0,0.0,0.0,0.0,0.0,0.0,0.3248036015337331,0.0,0.0,0.0,0.0,0.0,0.0,0.0,0.0,0.0,0.0,0.0,0.0,0.0,0.0,0.0,0.0,0.0
e71c250a7f4a557997e95d51a0d91cc1323f0ca69f7b3aeb42101f988bf945e9,0.0,0.0,0.0,0.0,0.0,0.0,0.0,0.0,0.0,0.0,0.0,0.0,0.20245191238647967,0.0,0.0,0.0,0.0,0.0,0.0,0.0,0.0,0.0,0.0,0.0,0.0,0.0,0.0,0.0,0.0,0.0,0.0,0.0,0.0,0.0,0.0,0.0,0.0,0.0,0.0,0.0,0.0,0.0,0.0,0.0,0.0,0.0,0.0,0.0,0.0,0.0,0.0,0.0,0.0,0.0,0.0,0.0,0.0,0.0,0.0,0.0,0.0,0.0,0.0,0.0,0.0,0.0,0.0,0.0,0.0,0.0,0.0,0.0,0.0,0.0,0.0,0.1924640705793941,0.0,0.0,0.0,0.17608455981141533,0.0,0.0,0.0,0.0,0.0,0.0,0.0,0.0,0.0,0.0,0.0,0.0,0.0,0.0,0.0,0.0,0.0,0.0,0.0,0.2472169757620527,0.0,0.0,0.2711849946800663,0.0,0.0,0.0,0.0,0.0,0.0,0.0,0.0,0.0,0.0,0.0,0.0,0.0,0.25300472628463444,0.0,0.0,0.2278093483630593,0.0,0.0,0.0,0.0,0.0,0.0,0.0,0.0,0.0,0.0,0.0,0.0,0.0,0.0,0.0,0.0,0.0,0.0,0.0,0.0,0.0,0.0,0.0,0.311940861702998,0.0,0.20928164731622378,0.4330074288765946,0.46855335970404527,0.0,0.0,0.0,0.0,0.0,0.0,0.30373576325301427,0.0,0.0,0.0,0.0,0.0,0.0
8f362cedd16992cd2605b87129e491620b323f2a60e0cbb2f77d66a38f1e2307,0.0,0.0,0.0,0.0,0.0,0.4739808803278028,0.0,0.0,0.0,0.0,0.0,0.0,0.0,0.0,0.0,0.0,0.0,0.0,0.0,0.0,0.0,0.0,0.0,0.0,0.0,0.0,0.0,0.0,0.0,0.0,0.0,0.0,0.0,0.0,0.0,0.0,0.0,0.0,0.0,0.0,0.0,0.0,0.3123793322084005,0.0,0.0,0.0,0.0,0.0,0.4198731315094821,0.0,0.0,0.0,0.0,0.0,0.0,0.4764492430109354,0.0,0.0,0.0,0.0,0.0,0.0,0.0,0.0,0.0,0.0,0.0,0.0,0.0,0.0,0.0,0.0,0.0,0.0,0.0,0.16213824047570322,0.0,0.0,0.0,0.14833958679567838,0.0,0.0,0.0,0.0,0.0,0.0,0.0,0.0,0.0,0.0,0.0,0.0,0.0,0.0,0.0,0.0,0.0,0.0,0.0,0.0,0.0,0.0,0.22845540857819935,0.0,0.0,0.0,0.0,0.0,0.0,0.0,0.0,0.0,0.0,0.0,0.0,0.0,0.0,0.0,0.21650421059526362,0.0,0.0,0.0,0.0,0.0,0.0,0.0,0.3098721966184224,0.0,0.0,0.0,0.0,0.0,0.0,0.0,0.0,0.0,0.0,0.0,0.0,0.0,0.0,0.0,0.0,0.0,0.0,0.17630593573937503,0.0,0.0,0.0,0.0,0.0,0.0,0.0,0.0,0.0,0.0,0.0,0.0,0.0,0.0,0.0
29b2839a3033960813a5dd05a3cb57ed38960854ced4a1466e6d0760172f0bdf,0.0,0.0,0.0,0.0,0.0,0.0,0.0,0.0,0.0,0.47602413756322187,0.0,0.30840037683569194,0.0,0.38746501256889165,0.0,0.0,0.0,0.0,0.0,0.0,0.0,0.0,0.0,0.0,0.0,0.0,0.0,0.0,0.5031471610059914,0.0,0.0,0.0,0.0,0.0,0.0,0.0,0.0,0.0,0.0,0.0,0.0,0.0,0.21034676258023136,0.0,0.0,0.0,0.0,0.0,0.0,0.0,0.0,0.0,0.0,0.0,0.0,0.0,0.0,0.0,0.0,0.0,0.0,0.0,0.0,0.0,0.0,0.0,0.0,0.0,0.0,0.0,0.0,0.0,0.0,0.0,0.0,0.10917897075138842,0.0,0.0,0.0,0.0,0.0,0.0,0.0,0.0,0.0,0.0,0.0,0.0,0.0,0.0,0.0,0.0,0.0,0.0,0.0,0.0,0.0,0.0,0.0,0.14023861640626442,0.0,0.0,0.15383493923442085,0.0,0.26166121405299525,0.0,0.0,0.0,0.0,0.0,0.0,0.0,0.0,0.0,0.0,0.0,0.0,0.0,0.0,0.0,0.0,0.0,0.0,0.0,0.0,0.0,0.20865853355760916,0.0,0.0,0.0,0.0,0.0,0.0,0.0,0.0,0.0,0.0,0.0,0.0,0.0,0.0,0.0,0.22227678421513672,0.0,0.0,0.1187190667970144,0.0,0.0,0.0,0.0,0.0,0.0,0.0,0.0,0.0,0.0,0.0,0.0,0.0,0.0,0.0
dc791b99f5e4e21d1022fe5cf80231da85fd716cf0132a25d1596b9680e45cf5,0.0,0.0,0.0,0.0,0.0,0.0,0.0,0.0,0.0,0.5051538978715019,0.0,0.32727259012763626,0.0,0.4111754970870796,0.0,0.0,0.0,0.0,0.0,0.0,0.0,0.0,0.0,0.0,0.0,0.0,0.0,0.0,0.5339366841485013,0.0,0.0,0.0,0.0,0.0,0.0,0.0,0.0,0.0,0.0,0.0,0.0,0.0,0.22321869551823506,0.0,0.0,0.0,0.0,0.0,0.0,0.0,0.0,0.0,0.0,0.0,0.0,0.0,0.0,0.0,0.0,0.0,0.0,0.0,0.0,0.0,0.0,0.0,0.0,0.0,0.0,0.0,0.0,0.0,0.0,0.0,0.0,0.1158600547505591,0.0,0.0,0.0,0.0,0.0,0.0,0.0,0.0,0.0,0.0,0.0,0.0,0.0,0.0,0.0,0.0,0.0,0.0,0.0,0.0,0.0,0.0,0.0,0.1488203603967921,0.0,0.0,0.16324869486848753,0.0,0.0,0.0,0.0,0.0,0.0,0.0,0.0,0.0,0.0,0.0,0.0,0.0,0.0,0.0,0.0,0.0,0.0,0.0,0.0,0.0,0.0,0.0,0.0,0.0,0.0,0.0,0.0,0.0,0.0,0.0,0.0,0.0,0.0,0.0,0.0,0.0,0.0,0.0,0.2358787613741674,0.0,0.0,0.12598394621578216,0.0,0.0,0.0,0.0,0.0,0.0,0.0,0.0,0.0,0.0,0.0,0.0,0.0,0.0,0.0
c24f98a0e80be8f215f9b93c9823497c1ea547ca9fdd3621ef6a96dfb1eaa895,0.0,0.0,0.0,0.0,0.0,0.4739808803278028,0.0,0.0,0.0,0.0,0.0,0.0,0.0,0.0,0.0,0.0,0.0,0.0,0.0,0.0,0.0,0.0,0.0,0.0,0.0,0.0,0.0,0.0,0.0,0.0,0.0,0.0,0.0,0.0,0.0,0.0,0.0,0.0,0.0,0.0,0.0,0.0,0.3123793322084005,0.0,0.0,0.0,0.0,0.0,0.4198731315094821,0.0,0.0,0.0,0.0,0.0,0.0,0.4764492430109354,0.0,0.0,0.0,0.0,0.0,0.0,0.0,0.0,0.0,0.0,0.0,0.0,0.0,0.0,0.0,0.0,0.0,0.0,0.0,0.16213824047570322,0.0,0.0,0.0,0.14833958679567838,0.0,0.0,0.0,0.0,0.0,0.0,0.0,0.0,0.0,0.0,0.0,0.0,0.0,0.0,0.0,0.0,0.0,0.0,0.0,0.0,0.0,0.0,0.22845540857819935,0.0,0.0,0.0,0.0,0.0,0.0,0.0,0.0,0.0,0.0,0.0,0.0,0.0,0.0,0.0,0.21650421059526362,0.0,0.0,0.0,0.0,0.0,0.0,0.0,0.3098721966184224,0.0,0.0,0.0,0.0,0.0,0.0,0.0,0.0,0.0,0.0,0.0,0.0,0.0,0.0,0.0,0.0,0.0,0.0,0.17630593573937503,0.0,0.0,0.0,0.0,0.0,0.0,0.0,0.0,0.0,0.0,0.0,0.0,0.0,0.0,0.0
5ebeb697d30caf314b05884fd63d043c1aac03ef8d5164eefedff1bf8ceec736,0.0,0.0,0.0,0.0,0.0,0.0,0.3164479758674556,0.0,0.0,0.0,0.0,0.0,0.11893247391831945,0.0,0.0,0.0,0.30693600406278754,0.2327891602652504,0.0,0.0,0.0,0.0,0.0,0.0,0.0,0.313617902588509,0.0,0.0,0.0,0.0,0.0,0.0,0.0,0.0,0.0,0.0,0.0,0.0,0.0,0.0,0.0,0.0,0.0,0.0,0.0,0.0,0.0,0.0,0.0,0.2896024429462361,0.0,0.0,0.0,0.0,0.0,0.0,0.0,0.0,0.0,0.0,0.1725814685041507,0.31502094681782095,0.0,0.0,0.0,0.0,0.0,0.0,0.0,0.0,0.0,0.0,0.0,0.0,0.0,0.11306501274584185,0.0,0.0,0.0,0.0,0.0,0.0,0.0,0.0,0.0,0.0,0.0,0.0,0.24779813927790179,0.0,0.0,0.0,0.0,0.0,0.0,0.0,0.0,0.0,0.0,0.14523017429372378,0.0,0.0,0.0,0.0,0.0,0.0,0.0,0.0,0.0,0.0,0.0,0.0,0.0,0.0,0.2388132211349194,0.27181359892017476,0.148630248316036,0.1374590633615379,0.1509764214701106,0.1338289624590788,0.1597498004338074,0.0,0.0,0.0,0.0,0.0,0.0,0.0,0.0,0.0,0.0,0.0,0.30440613874463485,0.0,0.0,0.0,0.0,0.0,0.0,0.0,0.0,0.0,0.0,0.0,0.0,0.0,0.0,0.0,0.0,0.0,0.0,0.0,0.0,0.0,0.0,0.0,0.0,0.0,0.0,0.0,0.0
564324c43d9f0ab1753ddd1acbdba4ed2a825f6fc064aaddc3ee16bc5dd6687f,0.0,0.0,0.0,0.0,0.0,0.0,0.0,0.0,0.0,0.0,0.0,0.0,0.3029785583029972,0.0,0.0,0.0,0.0,0.5930266296669291,0.0,0.0,0.0,0.0,0.0,0.0,0.0,0.0,0.0,0.0,0.0,0.0,0.0,0.0,0.0,0.0,0.0,0.0,0.0,0.0,0.0,0.0,0.0,0.0,0.5549278413460659,0.0,0.0,0.0,0.0,0.0,0.0,0.0,0.0,0.0,0.0,0.0,0.0,0.0,0.0,0.0,0.0,0.0,0.0,0.0,0.0,0.0,0.0,0.0,0.0,0.0,0.0,0.0,0.0,0.0,0.0,0.0,0.0,0.2880312956390004,0.0,0.0,0.0,0.0,0.0,0.0,0.0,0.0,0.0,0.0,0.0,0.0,0.0,0.0,0.0,0.0,0.0,0.0,0.0,0.0,0.0,0.0,0.0,0.0,0.0,0.0,0.0,0.0,0.0,0.0,0.0,0.0,0.0,0.0,0.0,0.0,0.0,0.0,0.0,0.0,0.0,0.0,0.0,0.0,0.4069600390038738,0.0,0.0,0.0,0.0,0.0,0.0,0.0,0.0,0.0,0.0,0.0,0.0,0.0,0.0,0.0,0.0,0.0,0.0,0.0,0.0,0.0,0.0,0.0,0.0,0.0,0.0,0.0,0.0,0.0,0.0,0.0,0.0,0.0,0.0,0.0,0.0,0.0,0.0,0.0,0.0
680289c529f4d35767c366fee328b3ea12a904d1cce8e429ddc4fa411089472a,0.0,0.0,0.0,0.0,0.0,0.0,0.0,0.0,0.0,0.0,0.0,0.3086373278942698,0.0,0.0,0.0,0.0,0.0,0.0,0.0,0.0,0.0,0.0,0.0,0.0,0.0,0.0,0.0,0.0,0.0,0.0,0.0,0.0,0.0,0.0,0.0,0.0,0.0,0.0,0.0,0.0,0.0,0.0,0.0,0.19899261715634478,0.0,0.0,0.0,0.0,0.0,0.0,0.0,0.0,0.0,0.0,0.0,0.0,0.0,0.0,0.0,0.0,0.0,0.0,0.0,0.0,0.22195415674822339,0.0,0.0,0.0,0.0,0.0,0.0,0.0,0.0,0.0,0.3442808260816369,0.10926285545010189,0.0,0.18571554945854302,0.0,0.09996412186311382,0.45611585934446663,0.0,0.0,0.0,0.0,0.0,0.0,0.0,0.0,0.0,0.0,0.0,0.0,0.0,0.0,0.0,0.0,0.0,0.0,0.0,0.0,0.0,0.0,0.0,0.0,0.0,0.0,0.0,0.0,0.0,0.0,0.0,0.0,0.33378919001105317,0.0,0.0,0.14363210106182941,0.0,0.1458993769588464,0.1293285537682054,0.0,0.0,0.0,0.0,0.0,0.0,0.0,0.0,0.0,0.0,0.0,0.0,0.0,0.1645742691256728,0.0,0.0,0.0,0.0,0.0,0.0,0.0,0.0,0.2224475645489919,0.0,0.0,0.11881028136957608,0.0,0.0,0.4149065734758972,0.0,0.0,0.0,0.0,0.0,0.0,0.0,0.0,0.0,0.0,0.0,0.0
e7fd4915a63bc03b41f1dd1141a2c0ba2c3a0d0bdc3c1dbb6fdbd6388b09be74,0.0,0.0,0.0,0.0,0.0,0.0,0.31216856864556547,0.0,0.0,0.0,0.0,0.0,0.11732411953903121,0.0,0.0,0.0,0.30278522967769694,0.2296410926851496,0.0,0.0,0.0,0.0,0.0,0.0,0.0,0.3093767671741576,0.0,0.0,0.0,0.0,0.0,0.0,0.0,0.0,0.0,0.0,0.0,0.0,0.0,0.0,0.0,0.0,0.0,0.0,0.0,0.0,0.0,0.0,0.0,0.2856860747583092,0.0,0.0,0.0,0.0,0.0,0.0,0.0,0.0,0.0,0.0,0.17024760499734032,0.31076083767614165,0.0,0.0,0.0,0.0,0.0,0.0,0.0,0.0,0.0,0.0,0.0,0.0,0.0,0.11153600555038956,0.0,0.0,0.0,0.0,0.0,0.0,0.0,0.0,0.0,0.0,0.0,0.0,0.244447101421237,0.0,0.0,0.0,0.0,0.0,0.0,0.0,0.0,0.0,0.0,0.0,0.0,0.0,0.0,0.0,0.0,0.0,0.0,0.0,0.0,0.0,0.0,0.0,0.0,0.0,0.23558368863307247,0.26813779383708536,0.1466202833090189,0.1356001691567287,0.14893472856117906,0.13201915904075853,0.15758946286868966,0.0,0.0,0.0,0.0,0.0,0.0,0.0,0.0,0.0,0.0,0.0,0.30028957637775433,0.0,0.0,0.0,0.0,0.0,0.0,0.0,0.0,0.0,0.0,0.1807747159122172,0.0,0.12128206010808612,0.0,0.0,0.0,0.0,0.0,0.0,0.0,0.0,0.0,0.0,0.0,0.0,0.0,0.0,0.0
4ee34cc00d2276e1398af50014c25ac15f1570ff1613bdffd65b63440ab9dd09,0.0,0.0,0.0,0.0,0.0,0.0,0.0,0.0,0.0,0.0,0.0,0.0,0.0,0.0,0.0,0.0,0.0,0.0,0.0,0.0,0.0,0.0,0.0,0.0,0.0,0.0,0.0,0.0,0.0,0.0,0.0,0.0,0.0,0.0,0.3666129162856405,0.0,0.0,0.0,0.0,0.0,0.0,0.0,0.41062960204247456,0.0,0.0,0.0,0.0,0.0,0.0,0.0,0.0,0.0,0.0,0.0,0.0,0.0,0.0,0.0,0.0,0.0,0.0,0.0,0.0,0.0,0.0,0.0,0.0,0.0,0.0,0.0,0.0,0.0,0.0,0.0,0.0,0.21313433475806187,0.0,0.0,0.0,0.0,0.0,0.0,0.0,0.0,0.0,0.0,0.0,0.0,0.0,0.0,0.0,0.0,0.0,0.0,0.0,0.0,0.0,0.0,0.0,0.2737675947065116,0.0,0.0,0.3003097319073985,0.0,0.0,0.0,0.0,0.0,0.0,0.0,0.0,0.0,0.0,0.0,0.0,0.0,0.28017693829808454,0.0,0.0,0.0,0.0,0.0,0.0,0.0,0.0,0.0,0.40733391636986294,0.0,0.0,0.0,0.0,0.0,0.0,0.0,0.0,0.0,0.0,0.0,0.0,0.0,0.0,0.0,0.43391886010476954,0.0,0.0,0.23175808629390104,0.0,0.0,0.0,0.0,0.0,0.0,0.0,0.0,0.0,0.0,0.0,0.0,0.0,0.0,0.0
56719990cf05483cd79512ca1d376baca27c1364fe110a6f9ea23cd53f8dcdeb,0.0,0.0,0.0,0.0,0.0,0.0,0.0,0.0,0.0,0.0,0.0,0.3814889970939093,0.0,0.4792913697788277,0.0,0.0,0.3666280687400601,0.0,0.0,0.0,0.0,0.0,0.0,0.4892710881480845,0.0,0.0,0.0,0.0,0.0,0.0,0.0,0.0,0.0,0.0,0.2323060156936999,0.0,0.0,0.0,0.0,0.0,0.0,0.0,0.0,0.0,0.0,0.0,0.0,0.0,0.0,0.0,0.0,0.0,0.0,0.0,0.0,0.0,0.0,0.0,0.0,0.0,0.0,0.0,0.0,0.0,0.0,0.0,0.0,0.0,0.0,0.0,0.0,0.0,0.0,0.0,0.0,0.13505358353658178,0.0,0.0,0.0,0.12355994932666292,0.0,0.0,0.0,0.0,0.0,0.0,0.0,0.0,0.0,0.0,0.0,0.0,0.0,0.0,0.0,0.0,0.0,0.0,0.0,0.17347413669071637,0.0,0.0,0.190292687994374,0.0,0.0,0.0,0.0,0.0,0.0,0.0,0.0,0.0,0.0,0.0,0.0,0.0,0.0,0.0,0.0,0.0,0.0,0.0,0.0,0.0,0.0,0.0,0.0,0.0,0.0,0.0,0.0,0.0,0.0,0.0,0.0,0.0,0.0,0.0,0.0,0.0,0.0,0.0,0.27495474667551745,0.0,0.0,0.14685461215388607,0.0,0.0,0.0,0.0,0.0,0.0,0.0,0.0,0.0,0.0,0.0,0.0,0.0,0.0,0.0
556d5c93b2ceb585711ccce22e39e3327f388b893d76a3a7974967fe99a6fa7f,0.0,0.0,0.0,0.0,0.0,0.0,0.0,0.0,0.0,0.0,0.0,0.0,0.13734974972612402,0.0,0.0,0.0,0.0,0.0,0.0,0.0,0.38779863561530875,0.0,0.0,0.0,0.0,0.0,0.0,0.0,0.0,0.0,0.0,0.0,0.0,0.0,0.0,0.0,0.0,0.0,0.0,0.0,0.0,0.0,0.0,0.0,0.0,0.0,0.0,0.0,0.33813356558819035,0.0,0.0,0.0,0.0,0.0,0.0,0.38369561963133986,0.0,0.0,0.0,0.0,0.1993065537566428,0.0,0.0,0.0,0.26524450315856,0.0,0.517343163196697,0.22421527198945918,0.0,0.0,0.0,0.0,0.0,0.0,0.0,0.0,0.0,0.0,0.0,0.11946130780213744,0.0,0.0,0.0,0.0,0.0,0.0,0.0,0.0,0.0,0.0,0.0,0.0,0.0,0.0,0.0,0.0,0.0,0.0,0.0,0.16771977774231603,0.0,0.0,0.18398043619209029,0.0,0.0,0.0,0.0,0.0,0.0,0.0,0.0,0.0,0.0,0.0,0.0,0.0,0.0,0.0,0.0,0.0,0.0,0.0,0.0,0.0,0.0,0.0,0.0,0.0,0.0,0.0,0.0,0.0,0.0,0.0,0.0,0.0,0.0,0.0,0.0,0.0,0.0,0.0,0.0,0.2116304992094486,0.0,0.14198325687475183,0.0,0.0,0.0,0.0,0.0,0.0,0.0,0.0,0.0,0.0,0.0,0.0,0.0,0.0,0.0
924585f614812f098386c701ee509d65159093d1869327cbcd998f1c41f52e6a,0.0,0.0,0.0,0.0,0.0,0.0,0.27483389474710235,0.0,0.0,0.0,0.0,0.0,0.10329241300810448,0.0,0.0,0.0,0.2665727824722161,0.2021765233139097,0.0,0.0,0.0,0.0,0.0,0.0,0.0,0.27237598658845336,0.0,0.0,0.0,0.0,0.0,0.0,0.0,0.0,0.0,0.0,0.0,0.0,0.0,0.0,0.0,0.0,0.0,0.17883833758746584,0.0,0.0,0.0,0.0,0.2542897382651384,0.25151864885533964,0.0,0.0,0.0,0.0,0.0,0.0,0.0,0.0,0.0,0.0,0.1498863660611206,0.27359452530397904,0.0,0.0,0.0,0.0,0.0,0.0,0.0,0.0,0.0,0.0,0.0,0.0,0.0,0.09819654471604486,0.20940856186881612,0.16690599180980542,0.0,0.08983960122673382,0.0,0.0,0.0,0.0,0.0,0.0,0.0,0.0,0.21521176598505337,0.0,0.0,0.0,0.0,0.0,0.0,0.0,0.0,0.0,0.0,0.0,0.0,0.0,0.0,0.0,0.0,0.0,0.0,0.0,0.0,0.0,0.0,0.0,0.0,0.0,0.2074083978628504,0.23606910371816706,0.12908482005596583,0.11938268730707158,0.1311224627487903,0.11622995812113522,0.13874210987743882,0.0,0.0,0.0,0.16306032200741571,0.0,0.0,0.0,0.0,0.0,0.0,0.0,0.26437560381538455,0.14790593299741975,0.0,0.0,0.0,0.0,0.0,0.0,0.0,0.0,0.0,0.15915445767496683,0.0,0.10677699259435351,0.0,0.0,0.0,0.0,0.0,0.0,0.0,0.0,0.0,0.0,0.0,0.0,0.0,0.0,0.0
cba58aeb27c59e275202d2b1682dde6974a0a7a9e0f33849ec1b7f1675bd38bb,0.0,0.0,0.0,0.0,0.0,0.0,0.31334769126844847,0.0,0.0,0.0,0.0,0.0,0.11776727601746377,0.0,0.0,0.0,0.3039289095674977,0.0,0.0,0.0,0.0,0.0,0.0,0.0,0.0,0.31054534460894617,0.0,0.0,0.0,0.0,0.0,0.0,0.0,0.0,0.0,0.0,0.0,0.0,0.0,0.0,0.0,0.0,0.0,0.0,0.0,0.0,0.0,0.0,0.0,0.2867651677472406,0.0,0.0,0.0,0.0,0.0,0.0,0.0,0.0,0.0,0.0,0.17089066398119315,0.31193464301983737,0.0,0.0,0.0,0.0,0.0,0.0,0.0,0.0,0.0,0.0,0.0,0.0,0.0,0.111957299173835,0.0,0.0,0.0,0.0,0.0,0.0,0.0,0.0,0.0,0.0,0.0,0.0,0.24537042662541927,0.0,0.0,0.0,0.0,0.0,0.0,0.0,0.0,0.0,0.0,0.1438073341840985,0.0,0.0,0.15774964900956223,0.0,0.0,0.0,0.0,0.0,0.0,0.0,0.0,0.0,0.0,0.0,0.23647353496851464,0.26915060348712483,0.14717409721082614,0.13611235790082035,0.1494972845819257,0.13251782159911396,0.15818470953814992,0.0,0.0,0.0,0.0,0.0,0.0,0.0,0.0,0.0,0.0,0.0,0.30142382968986464,0.0,0.0,0.0,0.0,0.0,0.0,0.0,0.0,0.0,0.0,0.18145753788273838,0.0,0.12174016651336508,0.0,0.0,0.0,0.0,0.0,0.0,0.0,0.0,0.0,0.0,0.0,0.0,0.0,0.0,0.0
7d2680c89c943249ba247b8d75c91e3e8ef3a4778966bc4dc474137e39bd4d0b,0.0,0.0,0.0,0.0,0.0,0.0,0.0,0.0,0.0,0.0,0.24589749511267295,0.0,0.16009751362605543,0.0,0.0,0.0,0.0,0.0,0.0,0.0,0.0,0.23405781069852521,0.0,0.0,0.0,0.0,0.0,0.0,0.0,0.0,0.0,0.0,0.0,0.0,0.0,0.0,0.0,0.0,0.0,0.0,0.0,0.0,0.0,0.2771895084542554,0.0,0.0,0.0,0.334420858091372,0.0,0.0,0.0,0.0,0.0,0.0,0.0,0.0,0.0,0.0,0.0,0.0,0.0,0.0,0.0,0.0,0.0,0.0,0.0,0.0,0.0,0.0,0.0,0.0,0.0,0.0,0.47957072134397605,0.1521992002885542,0.3245716612755961,0.2586950340287242,0.0,0.13924640118948411,0.0,0.0,0.0,0.0,0.0,0.0,0.0,0.0,0.0,0.0,0.0,0.0,0.0,0.0,0.0,0.0,0.0,0.0,0.0,0.0,0.0,0.0,0.0,0.0,0.36476463600378495,0.0,0.0,0.0,0.0,0.0,0.0,0.0,0.0,0.0,0.0,0.0,0.20007431461791297,0.0,0.0,0.0,0.0,0.0,0.0,0.0,0.0,0.0,0.0,0.0,0.0,0.0,0.0,0.0,0.0,0.2292459962337305,0.0,0.0,0.0,0.0,0.0,0.0,0.0,0.0,0.0,0.0,0.0,0.0,0.0,0.0,0.0,0.0,0.0,0.0,0.0,0.0,0.0,0.0,0.0,0.0,0.0,0.0,0.0
a2156b563ac4ab106bc976ffd63326fb55dad9f321a351b7fbe5ea2f509ec5e5,0.0,0.0,0.0,0.0,0.0,0.0,0.0,0.0,0.0,0.0,0.2367084105676037,0.0,0.1541147378052155,0.0,0.0,0.0,0.0,0.0,0.0,0.0,0.0,0.22531117011173496,0.0,0.0,0.0,0.0,0.3235879373439867,0.0,0.0,0.0,0.0,0.0,0.0,0.0,0.0,0.0,0.0,0.0,0.0,0.0,0.0,0.0,0.0,0.0,0.2989476988646334,0.0,0.0,0.0,0.0,0.0,0.0,0.0,0.0,0.0,0.0,0.0,0.0,0.0,0.29762039712534766,0.0,0.0,0.0,0.0,0.0,0.29762039712534766,0.0,0.0,0.0,0.0,0.0,0.0,0.0,0.0,0.0,0.0,0.14651158106940512,0.0,0.24902771091105572,0.0,0.1340428225497729,0.0,0.0,0.0,0.0,0.0,0.0,0.0,0.0,0.0,0.0,0.0,0.0,0.0,0.0,0.0,0.0,0.0,0.0,0.0,0.0,0.0,0.0,0.0,0.0,0.35113353708691986,0.0,0.0,0.0,0.0,0.0,0.0,0.0,0.0,0.0,0.0,0.0,0.0,0.17812180988905527,0.0,0.173417862931951,0.0,0.0,0.0,0.0,0.24328988006733032,0.0,0.2800071428110626,0.0,0.0,0.0,0.0,0.0,0.0,0.22067917110179847,0.0,0.0,0.0,0.0,0.0,0.0,0.0,0.0,0.0,0.0,0.0,0.15931381345517678,0.0,0.0,0.0,0.0,0.0,0.0,0.0,0.0,0.0,0.0,0.0,0.0,0.0,0.0,0.0
816cd3eec54f3d6fc8f5fc851b010ce9064c35f80f86ef31af36635dc2b2c676,0.0,0.0,0.0,0.0,0.0,0.4739808803278028,0.0,0.0,0.0,0.0,0.0,0.0,0.0,0.0,0.0,0.0,0.0,0.0,0.0,0.0,0.0,0.0,0.0,0.0,0.0,0.0,0.0,0.0,0.0,0.0,0.0,0.0,0.0,0.0,0.0,0.0,0.0,0.0,0.0,0.0,0.0,0.0,0.3123793322084005,0.0,0.0,0.0,0.0,0.0,0.4198731315094821,0.0,0.0,0.0,0.0,0.0,0.0,0.4764492430109354,0.0,0.0,0.0,0.0,0.0,0.0,0.0,0.0,0.0,0.0,0.0,0.0,0.0,0.0,0.0,0.0,0.0,0.0,0.0,0.16213824047570322,0.0,0.0,0.0,0.14833958679567838,0.0,0.0,0.0,0.0,0.0,0.0,0.0,0.0,0.0,0.0,0.0,0.0,0.0,0.0,0.0,0.0,0.0,0.0,0.0,0.0,0.0,0.0,0.22845540857819935,0.0,0.0,0.0,0.0,0.0,0.0,0.0,0.0,0.0,0.0,0.0,0.0,0.0,0.0,0.0,0.21650421059526362,0.0,0.0,0.0,0.0,0.0,0.0,0.0,0.3098721966184224,0.0,0.0,0.0,0.0,0.0,0.0,0.0,0.0,0.0,0.0,0.0,0.0,0.0,0.0,0.0,0.0,0.0,0.0,0.17630593573937503,0.0,0.0,0.0,0.0,0.0,0.0,0.0,0.0,0.0,0.0,0.0,0.0,0.0,0.0,0.0
4ef4eed826dab18fbe3595b31ead256962bda13217893d6143943662265e593c,0.0,0.0,0.0,0.0,0.0,0.0,0.0,0.0,0.0,0.0,0.1909195484617252,0.0,0.12430279128026839,0.0,0.0,0.0,0.0,0.0,0.0,0.0,0.0,0.18172698958168187,0.0,0.0,0.0,0.0,0.0,0.0,0.0,0.0,0.0,0.0,0.0,0.0,0.2032651890423549,0.0,0.0,0.0,0.0,0.0,0.0,0.0,0.0,0.21521526995695936,0.0,0.0,0.0,0.0,0.0,0.0,0.0,0.0,0.0,0.0,0.0,0.3472480773884961,0.0,0.0,0.0,0.0,0.0,0.0,0.0,0.0,0.0,0.0,0.0,0.0,0.0,0.0,0.0,0.0,0.4328240695263955,0.0,0.0,0.11817038877119035,0.2520036854617605,0.20085580401469175,0.0,0.1081135862235403,0.0,0.0,0.0,0.0,0.0,0.0,0.0,0.0,0.25898730070522313,0.0,0.0,0.0,0.0,0.0,0.0,0.0,0.0,0.0,0.0,0.15178794695911121,0.0,0.0,0.1665039929467624,0.0,0.28321028471126974,0.0,0.0,0.0,0.0,0.0,0.0,0.0,0.0,0.0,0.0,0.0,0.15534154907978343,0.0,0.15779366213410864,0.1398719209291027,0.0,0.0,0.0,0.0,0.1962278988582717,0.0,0.0,0.0,0.0,0.0,0.0,0.0,0.0,0.17799100420908073,0.0,0.0,0.0,0.0,0.0,0.0,0.0,0.0,0.0,0.19152755519559295,0.0,0.12849615801839478,0.0,0.0,0.0,0.0,0.0,0.0,0.0,0.0,0.0,0.0,0.0,0.0,0.0,0.0,0.0
13df58cb2a7de61146bfeff4f4a54b00268bc3532c909616448342b1e99c0591,0.0,0.0,0.0,0.0,0.0,0.0,0.0,0.0,0.0,0.0,0.3807148905391018,0.0,0.24787364079409346,0.0,0.0,0.0,0.0,0.0,0.0,0.0,0.0,0.3623839020364155,0.0,0.0,0.0,0.0,0.0,0.0,0.0,0.0,0.0,0.0,0.0,0.0,0.0,0.0,0.0,0.0,0.0,0.0,0.0,0.0,0.0,0.0,0.0,0.0,0.0,0.0,0.0,0.0,0.0,0.0,0.0,0.0,0.0,0.0,0.0,0.0,0.0,0.0,0.0,0.0,0.0,0.0,0.4786839497678936,0.0,0.0,0.0,0.0,0.0,0.0,0.0,0.0,0.0,0.0,0.23564494567724217,0.0,0.0,0.0,0.2155905588323585,0.0,0.0,0.0,0.0,0.0,0.0,0.0,0.0,0.0,0.0,0.0,0.0,0.0,0.0,0.0,0.0,0.0,0.0,0.0,0.0,0.0,0.0,0.0,0.0,0.0,0.0,0.0,0.0,0.0,0.0,0.0,0.0,0.0,0.0,0.0,0.0,0.30976838846830074,0.28648591400672213,0.0,0.0,0.0,0.0,0.0,0.0,0.3913003337608552,0.0,0.0,0.0,0.0,0.0,0.0,0.0,0.0,0.0,0.0,0.0,0.0,0.0,0.0,0.0,0.0,0.0,0.0,0.0,0.0,0.0,0.0,0.0,0.0,0.0,0.0,0.0,0.0,0.0,0.0,0.0,0.0,0.0,0.0,0.0,0.0
efc68e9572dcd8d5bc5a55b2d2093e2f3301e7b843e7ffe1354c99c7223aa231,0.0,0.0,0.0,0.0,0.0,0.0,0.0,0.0,0.0,0.0,0.24304282600545113,0.0,0.1582389122357407,0.0,0.0,0.0,0.0,0.0,0.0,0.0,0.0,0.23134059065852888,0.0,0.0,0.0,0.0,0.33224728502368206,0.0,0.0,0.0,0.0,0.0,0.0,0.0,0.0,0.0,0.0,0.0,0.0,0.0,0.0,0.0,0.0,0.0,0.3069476635226542,0.0,0.0,0.0,0.0,0.0,0.0,0.0,0.0,0.0,0.0,0.0,0.0,0.0,0.3055848426372263,0.0,0.0,0.0,0.0,0.0,0.3055848426372263,0.0,0.0,0.0,0.0,0.0,0.0,0.0,0.0,0.0,0.0,0.1504322918659673,0.0,0.0,0.0,0.13762986418659479,0.0,0.0,0.0,0.0,0.0,0.0,0.0,0.0,0.0,0.0,0.0,0.0,0.0,0.0,0.0,0.0,0.0,0.0,0.0,0.0,0.0,0.0,0.0,0.0,0.3605300164631105,0.0,0.0,0.0,0.0,0.0,0.0,0.0,0.0,0.0,0.0,0.0,0.0,0.1828884235453804,0.0,0.17805859701284218,0.0,0.0,0.0,0.0,0.24980041836411132,0.0,0.0,0.0,0.0,0.0,0.0,0.0,0.0,0.2265846374301247,0.0,0.0,0.0,0.0,0.0,0.0,0.0,0.0,0.3062641628507462,0.0,0.0,0.1635771173107219,0.0,0.0,0.0,0.0,0.0,0.0,0.0,0.0,0.0,0.0,0.0,0.0,0.0,0.0,0.0
7057d3a37ba472e8991a2b77c92b1d3bcc485e84f5e6a3a88ebf90092148b00a,0.0,0.0,0.0,0.0,0.0,0.0,0.0,0.0,0.0,0.0,0.0,0.0,0.0,0.0,0.0,0.0,0.0,0.0,0.0,0.0,0.0,0.0,0.0,0.0,0.0,0.0,0.38309175487243335,0.0,0.0,0.0,0.0,0.0,0.0,0.0,0.0,0.0,0.0,0.0,0.0,0.0,0.0,0.0,0.33417909049267,0.0,0.3539204814405187,0.0,0.0,0.0,0.0,0.0,0.0,0.0,0.0,0.0,0.0,0.0,0.0,0.0,0.35234910533570524,0.0,0.0,0.0,0.0,0.0,0.0,0.0,0.0,0.0,0.0,0.0,0.0,0.0,0.0,0.0,0.0,0.0,0.0,0.2948208254233127,0.0,0.15869163894097468,0.0,0.0,0.0,0.0,0.0,0.0,0.0,0.0,0.0,0.0,0.0,0.0,0.0,0.0,0.0,0.0,0.0,0.0,0.0,0.22279788244765825,0.0,0.0,0.2443984373648037,0.0,0.0,0.0,0.0,0.0,0.0,0.0,0.0,0.0,0.0,0.0,0.0,0.0,0.0,0.0,0.0,0.20530726201392746,0.0,0.0,0.0,0.0,0.0,0.0,0.0,0.0,0.0,0.0,0.0,0.0,0.0,0.26125933993427025,0.0,0.0,0.0,0.0,0.0,0.0,0.0,0.0,0.35313238328694296,0.0,0.0,0.18860965236501986,0.0,0.0,0.0,0.0,0.0,0.0,0.0,0.0,0.0,0.0,0.0,0.0,0.0,0.0,0.0
1479052d908e0057cf19343d000533864d9a270a1d304218a1865da2d77f58e2,0.0,0.0,0.0,0.0,0.0,0.0,0.0,0.0,0.0,0.0,0.2401442735631869,0.0,0.15635173953839948,0.0,0.0,0.0,0.0,0.3060307160359913,0.0,0.0,0.0,0.2285816002161075,0.0,0.0,0.0,0.0,0.0,0.0,0.0,0.0,0.0,0.0,0.0,0.0,0.0,0.0,0.0,0.0,0.0,0.0,0.0,0.0,0.28636987976547534,0.0,0.0,0.0,0.0,0.32659647059003816,0.0,0.0,0.0,0.0,0.0,0.0,0.0,0.0,0.0,0.0,0.0,0.0,0.0,0.0,0.0,0.0,0.3019404080060836,0.0,0.0,0.0,0.0,0.0,0.0,0.0,0.0,0.0,0.0,0.14863822168438653,0.3169777137441354,0.25264239065455274,0.0,0.13598847700589436,0.0,0.0,0.0,0.0,0.0,0.0,0.0,0.0,0.0,0.0,0.0,0.0,0.0,0.0,0.0,0.0,0.0,0.0,0.0,0.0,0.0,0.0,0.0,0.0,0.35623030033116726,0.0,0.0,0.0,0.0,0.0,0.0,0.0,0.0,0.0,0.0,0.0,0.19539321016895958,0.18070727837256456,0.19847755073476492,0.0,0.0,0.0,0.0,0.0,0.0,0.0,0.0,0.0,0.0,0.0,0.0,0.0,0.0,0.22388236694966251,0.0,0.0,0.0,0.0,0.0,0.0,0.0,0.0,0.0,0.0,0.0,0.0,0.0,0.0,0.0,0.0,0.0,0.0,0.0,0.0,0.0,0.0,0.0,0.0,0.0,0.0,0.0
4726664a1167df53e184eaf298ce91c539a5c0ad60297706caf8eee472d26455,0.0,0.0,0.0,0.0,0.0,0.0,0.0,0.0,0.0,0.0,0.23495889316012963,0.0,0.152975672167911,0.0,0.0,0.0,0.0,0.0,0.0,0.0,0.0,0.22364588997545415,0.0,0.0,0.0,0.0,0.0,0.0,0.0,0.0,0.0,0.0,0.0,0.0,0.0,0.0,0.0,0.0,0.0,0.0,0.0,0.0,0.0,0.0,0.0,0.0,0.0,0.3195443476591965,0.0,0.0,0.0,0.0,0.0,0.0,0.0,0.0,0.0,0.0,0.0,0.0,0.0,0.0,0.0,0.0,0.29542067779834286,0.0,0.0,0.24972365811580888,0.0,0.0,0.0,0.0,0.5326634445155964,0.0,0.0,0.1454287105416413,0.0,0.2471871412661597,0.0,0.1330521089083123,0.0,0.0,0.0,0.0,0.0,0.0,0.0,0.0,0.0,0.0,0.0,0.0,0.0,0.0,0.0,0.0,0.0,0.0,0.0,0.0,0.0,0.0,0.0,0.0,0.0,0.0,0.0,0.0,0.0,0.0,0.0,0.0,0.0,0.0,0.0,0.0,0.19117412924786495,0.0,0.1941918703529004,0.172136127444653,0.0,0.0,0.0,0.0,0.0,0.0,0.0,0.0,0.0,0.0,0.0,0.0,0.0,0.0,0.0,0.0,0.0,0.0,0.0,0.0,0.0,0.0,0.0,0.0,0.0,0.1581363213279534,0.327186845040243,0.0,0.0,0.0,0.0,0.0,0.0,0.0,0.0,0.0,0.0,0.0,0.0,0.0,0.0
6062bbdc53fc6a43026c807a0abd7199c0d8f5bf8cb3d6adcc3e20a99afdb375,0.0,0.0,0.0,0.0,0.0,0.0,0.0,0.0,0.0,0.0,0.0,0.41619788189450063,0.0,0.0,0.0,0.0,0.0,0.0,0.0,0.0,0.0,0.0,0.0,0.0,0.0,0.0,0.0,0.0,0.0,0.0,0.0,0.0,0.0,0.0,0.0,0.0,0.0,0.0,0.0,0.0,0.0,0.0,0.0,0.2683418312949035,0.0,0.0,0.0,0.0,0.0,0.0,0.0,0.0,0.0,0.0,0.0,0.0,0.0,0.0,0.0,0.0,0.0,0.0,0.0,0.0,0.0,0.0,0.0,0.0,0.0,0.0,0.0,0.0,0.0,0.0,0.4642631906181901,0.14734111819311696,0.0,0.25043768635139885,0.0,0.13480176253704584,0.0,0.0,0.0,0.0,0.0,0.0,0.0,0.0,0.0,0.0,0.0,0.0,0.0,0.0,0.0,0.0,0.0,0.0,0.0,0.0,0.0,0.0,0.0,0.0,0.0,0.0,0.0,0.0,0.0,0.0,0.0,0.0,0.0,0.4501152042421521,0.0,0.0,0.0,0.0,0.19674552029818348,0.17439974132113226,0.0,0.0,0.0,0.0,0.0,0.0,0.0,0.0,0.0,0.0,0.0,0.0,0.0,0.22192863932487483,0.0,0.0,0.0,0.0,0.0,0.0,0.0,0.0,0.2999708616891493,0.0,0.0,0.16021583581830018,0.0,0.0,0.0,0.0,0.0,0.0,0.0,0.0,0.0,0.0,0.0,0.0,0.0,0.0,0.0
6248995ca509223d8941ef0f7348b8a31dc71a453e5b5e85d3ae871abc2cfba1,0.0,0.0,0.0,0.0,0.0,0.0,0.0,0.0,0.0,0.0,0.0,0.0,0.0,0.0,0.0,0.0,0.0,0.0,0.0,0.0,0.6155073849972471,0.0,0.0,0.0,0.0,0.0,0.0,0.0,0.0,0.0,0.0,0.0,0.0,0.0,0.0,0.0,0.0,0.0,0.0,0.0,0.0,0.0,0.0,0.37743925367648684,0.0,0.0,0.0,0.0,0.0,0.0,0.0,0.0,0.0,0.0,0.0,0.0,0.0,0.0,0.0,0.0,0.0,0.0,0.0,0.0,0.0,0.0,0.0,0.35587065828560277,0.0,0.0,0.0,0.0,0.0,0.0,0.0,0.0,0.0,0.0,0.0,0.0,0.0,0.0,0.0,0.0,0.0,0.0,0.0,0.0,0.0,0.0,0.0,0.0,0.0,0.0,0.0,0.0,0.0,0.0,0.0,0.0,0.0,0.0,0.0,0.0,0.0,0.0,0.0,0.0,0.0,0.0,0.0,0.0,0.0,0.0,0.0,0.0,0.0,0.0,0.27673464844148155,0.0,0.0,0.0,0.0,0.0,0.0,0.0,0.0,0.0,0.0,0.0,0.0,0.0,0.0,0.3121562508238345,0.0,0.0,0.0,0.0,0.0,0.0,0.0,0.0,0.42192742597861044,0.0,0.0,0.0,0.0,0.0,0.0,0.0,0.0,0.0,0.0,0.0,0.0,0.0,0.0,0.0,0.0,0.0,0.0
2441721595344866251f220536f40eb877df6f30e392c13156712c55598717a0,0.0,0.0,0.0,0.0,0.0,0.0,0.0,0.0,0.0,0.5746111357120558,0.0,0.0,0.0,0.0,0.0,0.0,0.0,0.0,0.0,0.0,0.0,0.0,0.0,0.0,0.0,0.0,0.0,0.0,0.6073514740154357,0.0,0.0,0.0,0.0,0.0,0.0,0.0,0.0,0.0,0.0,0.0,0.0,0.0,0.2539106373015133,0.0,0.0,0.0,0.0,0.0,0.0,0.0,0.0,0.0,0.0,0.0,0.0,0.0,0.0,0.0,0.0,0.0,0.0,0.0,0.0,0.0,0.0,0.0,0.0,0.0,0.0,0.0,0.0,0.0,0.0,0.0,0.0,0.13179048587845313,0.0,0.0,0.0,0.0,0.0,0.0,0.0,0.0,0.0,0.0,0.0,0.0,0.0,0.0,0.0,0.0,0.0,0.0,0.0,0.0,0.0,0.0,0.0,0.16928274069545174,0.0,0.0,0.1856949305095809,0.0,0.0,0.0,0.0,0.0,0.0,0.0,0.0,0.0,0.0,0.0,0.0,0.0,0.0,0.0,0.0,0.0,0.0,0.0,0.0,0.0,0.0,0.0,0.25187276753928484,0.0,0.0,0.0,0.0,0.0,0.0,0.0,0.0,0.0,0.0,0.0,0.0,0.0,0.0,0.0,0.2683114265467686,0.0,0.0,0.1433063838991731,0.0,0.0,0.0,0.0,0.0,0.0,0.0,0.0,0.0,0.0,0.0,0.0,0.0,0.0,0.0
5a5d64bb6b478e02a7bed40b6796af0c0d4d96dc8b95bca2a29c8fa01c1ae855,0.0,0.0,0.0,0.0,0.0,0.0,0.0,0.0,0.0,0.0,0.0,0.0,0.0,0.0,0.0,0.0,0.0,0.0,0.0,0.5243654356090419,0.4553415465509561,0.0,0.0,0.0,0.0,0.0,0.0,0.0,0.0,0.0,0.0,0.0,0.0,0.0,0.0,0.0,0.0,0.0,0.0,0.0,0.0,0.0,0.0,0.0,0.0,0.0,0.0,0.3368741165410392,0.0,0.0,0.0,0.0,0.0,0.0,0.0,0.0,0.0,0.0,0.0,0.0,0.0,0.0,0.0,0.0,0.0,0.0,0.0,0.0,0.0,0.0,0.0,0.0,0.0,0.0,0.0,0.15331570951669113,0.0,0.0,0.0,0.1402678907348836,0.0,0.0,0.0,0.0,0.0,0.0,0.0,0.0,0.0,0.0,0.0,0.0,0.0,0.0,0.0,0.0,0.0,0.0,0.0,0.19693154119326672,0.0,0.0,0.21602431947163567,0.0,0.0,0.0,0.0,0.0,0.0,0.0,0.0,0.0,0.0,0.0,0.0,0.0,0.0,0.0,0.0,0.0,0.2166200967377482,0.0,0.0,0.0,0.0,0.0,0.0,0.0,0.44818985793602795,0.0,0.0,0.0,0.0,0.0,0.0,0.0,0.0,0.0,0.0,0.0,0.0,0.0,0.0,0.0,0.0,0.1667124889882903,0.0,0.0,0.0,0.0,0.0,0.0,0.0,0.0,0.0,0.0,0.0,0.0,0.0,0.0,0.0
bdc9b4576df059ca895dc4f4d5491059ed86f74fa9b99ce5e9465476c4f6d9b8,0.0,0.0,0.0,0.0,0.0,0.0,0.0,0.0,0.0,0.0,0.0,0.0,0.25068724803337883,0.0,0.0,0.0,0.0,0.0,0.0,0.0,0.0,0.0,0.0,0.0,0.0,0.0,0.0,0.0,0.0,0.0,0.0,0.0,0.0,0.0,0.40993440563310285,0.0,0.0,0.0,0.0,0.0,0.0,0.0,0.0,0.0,0.0,0.0,0.0,0.523649885005105,0.0,0.0,0.0,0.0,0.0,0.0,0.0,0.0,0.0,0.0,0.0,0.0,0.0,0.0,0.0,0.0,0.0,0.0,0.0,0.0,0.0,0.0,0.0,0.0,0.0,0.0,0.0,0.0,0.0,0.0,0.0,0.0,0.0,0.0,0.0,0.0,0.0,0.0,0.0,0.0,0.0,0.0,0.0,0.0,0.0,0.0,0.0,0.0,0.0,0.0,0.0,0.0,0.0,0.0,0.3357963835605258,0.0,0.0,0.0,0.0,0.0,0.0,0.0,0.0,0.0,0.0,0.0,0.0,0.0,0.0,0.0,0.0,0.28208623936528715,0.0,0.0,0.0,0.0,0.0,0.0,0.0,0.0,0.0,0.0,0.0,0.0,0.0,0.0,0.0,0.0,0.0,0.0,0.0,0.0,0.0,0.0,0.48519368005968244,0.0,0.0,0.2591442066965628,0.0,0.0,0.0,0.0,0.0,0.0,0.0,0.0,0.0,0.0,0.0,0.0,0.0,0.0,0.0
d71a7b1efc4a06afffd94f526ad496368a9c4489296076449c74eec2d76ee4ca,0.0,0.3628880197953665,0.0,0.0,0.0,0.0,0.0,0.0,0.0,0.0,0.0,0.0,0.16966769780444704,0.0,0.0,0.0,0.0,0.0,0.0,0.0,0.0,0.0,0.0,0.0,0.0,0.0,0.0,0.0,0.0,0.0,0.0,0.0,0.0,0.0,0.0,0.0,0.0,0.0,0.0,0.0,0.0,0.0,0.0,0.0,0.0,0.0,0.0,0.0,0.0,0.0,0.0,0.0,0.0,0.0,0.0,0.47397794732288484,0.0,0.0,0.0,0.0,0.0,0.0,0.0,0.0,0.3276556695293168,0.0,0.0,0.2769723941026871,0.0,0.0,0.0,0.0,0.0,0.0,0.0,0.16129724525861874,0.0,0.0,0.0,0.0,0.0,0.0,0.0,0.0,0.0,0.0,0.0,0.0,0.0,0.0,0.0,0.0,0.0,0.0,0.0,0.0,0.0,0.0,0.0,0.0,0.0,0.0,0.22727043268745548,0.0,0.386569251636192,0.0,0.0,0.0,0.0,0.0,0.0,0.0,0.0,0.0,0.0,0.0,0.21203420079535373,0.19609751697358205,0.0,0.0,0.2278972258067946,0.0,0.0,0.0,0.0,0.0,0.0,0.0,0.0,0.0,0.0,0.0,0.0,0.0,0.0,0.0,0.0,0.0,0.0,0.0,0.0,0.0,0.0,0.261426465338826,0.0,0.0,0.0,0.0,0.0,0.0,0.0,0.0,0.0,0.0,0.0,0.0,0.0,0.0,0.0,0.0,0.0
5a470ca467d4dd545901e059df5ff7960d65c7492255c728f4c382c5f9ca1a36,0.0,0.0,0.0,0.0,0.0,0.0,0.0,0.0,0.0,0.0,0.0,0.0,0.0,0.0,0.0,0.0,0.0,0.0,0.0,0.0,0.0,0.0,0.0,0.0,0.0,0.0,0.39507236546698116,0.0,0.0,0.0,0.0,0.0,0.0,0.0,0.0,0.0,0.0,0.0,0.0,0.0,0.0,0.0,0.344630032078103,0.0,0.36498880493128577,0.0,0.0,0.0,0.0,0.0,0.0,0.0,0.0,0.0,0.0,0.0,0.0,0.0,0.36336828643442154,0.0,0.0,0.0,0.0,0.0,0.0,0.0,0.0,0.0,0.0,0.0,0.0,0.0,0.0,0.0,0.0,0.0,0.0,0.30404089727199046,0.0,0.16365447801694355,0.0,0.0,0.0,0.0,0.0,0.0,0.0,0.0,0.0,0.0,0.0,0.0,0.0,0.0,0.0,0.0,0.0,0.0,0.0,0.22976554655670198,0.0,0.0,0.0,0.0,0.0,0.0,0.0,0.0,0.0,0.0,0.0,0.0,0.0,0.0,0.0,0.0,0.0,0.0,0.0,0.21172793363407424,0.0,0.0,0.0,0.0,0.0,0.0,0.0,0.0,0.0,0.0,0.0,0.0,0.0,0.26942982749013883,0.0,0.0,0.0,0.0,0.0,0.0,0.0,0.0,0.3641760602094449,0.0,0.0,0.19450813169958758,0.0,0.0,0.0,0.0,0.0,0.0,0.0,0.0,0.0,0.0,0.0,0.0,0.0,0.0,0.0
d71902d94f791bc465df2e02f65b2c45f1abce409d173a040df1dcdb64e5d2f7,0.0,0.0,0.0,0.0,0.0,0.0,0.0,0.0,0.0,0.0,0.15170028701189503,0.0,0.098768142212408,0.0,0.0,0.0,0.0,0.0,0.0,0.0,0.0,0.1443960909161459,0.0,0.0,0.0,0.0,0.0,0.326918765242506,0.0,0.0,0.0,0.0,0.0,0.0,0.0,0.0,0.0,0.0,0.0,0.0,0.0,0.2851725076870069,0.0,0.17100510914081898,0.0,0.0,0.0,0.0,0.0,0.0,0.0,0.0,0.0,0.0,0.0,0.0,0.0,0.0,0.19073720091418075,0.0,0.0,0.0,0.0,0.0,0.0,0.0,0.0,0.0,0.0,0.0,0.0,0.0,0.0,0.0,0.295859118194951,0.09389547606483378,0.20023633892193282,0.15959540739822228,0.0,0.08590457180598403,0.0,0.0,0.0,0.0,0.0,0.0,0.0,0.0,0.0,0.0,0.0,0.0,0.49623628963792654,0.0,0.0,0.0,0.0,0.0,0.0,0.12060721546939801,0.0,0.0,0.0,0.0,0.0,0.0,0.15799551154172792,0.0,0.0,0.0,0.0,0.0,0.0,0.2868430883695514,0.0,0.0,0.12343082607384132,0.11415365266681421,0.0,0.11113901494536473,0.1326651207010648,0.0,0.0,0.0,0.0,0.0,0.0,0.0,0.0,0.0,0.0,0.0,0.0,0.14142756276980234,0.0,0.0,0.0,0.0,0.0,0.0,0.0,0.0,0.0,0.0,0.0,0.10210009508389427,0.2112469020923349,0.0,0.0,0.0,0.0,0.0,0.0,0.0,0.14818045780026648,0.0,0.0,0.0,0.0,0.0,0.0
4e2554b448424859b508433e6c4a043718343febc7894a849f446dd197b47d1e,0.0,0.19843399972818576,0.23368661404616725,0.0,0.0,0.0,0.0,0.0,0.0,0.0,0.0,0.0,0.09277749075043847,0.0,0.0,0.0,0.0,0.18159543354109006,0.0,0.0,0.0,0.13563793637589755,0.0,0.0,0.0,0.0,0.0,0.0,0.0,0.0,0.0,0.0,0.0,0.0,0.0,0.32677473550317515,0.0,0.0,0.0,0.0,0.0,0.0,0.1699288984541191,0.0,0.0,0.0,0.0,0.19379893769491022,0.0,0.0,0.2197079649469211,0.0,0.2663434184241523,0.0,0.0,0.0,0.0,0.0,0.0,0.0,0.1346282900735542,0.0,0.0,0.18809126775189508,0.17916828743749325,0.0,0.0,0.0,0.0,0.0,0.0,0.0,0.0,0.0,0.0,0.08820036974451406,0.0,0.0,0.0,0.0806941432492471,0.0,0.0,0.0,0.0,0.2919948129438725,0.2727017216819852,0.0,0.0,0.0,0.0,0.0,0.0,0.0,0.0,0.0,0.0,0.0,0.0,0.0,0.0,0.0,0.0,0.0,0.0,0.0,0.0,0.0,0.0,0.0,0.0,0.0,0.0,0.0,0.0,0.18629471569004824,0.0,0.0,0.1072298133506212,0.11777450754196345,0.10439802450603397,0.12461849269452568,0.0,0.20342442299929267,0.2779141734055679,0.0,0.0,0.0,0.0,0.0,0.0,0.0,0.0,0.0,0.0,0.0,0.0,0.0,0.0,0.0,0.0,0.0,0.0,0.0,0.0,0.0,0.09590734841294676,0.0,0.0,0.0,0.0,0.0,0.0,0.0,0.0,0.13919276747551151,0.0,0.0,0.24574325259270396,0.0,0.0,0.0
4f238c7e73db474d3eefe101a8fb04099da84ed09d79948a484552eae71a1d07,0.0,0.0,0.0,0.0,0.0,0.0,0.0,0.0,0.0,0.0,0.0,0.0,0.0,0.0,0.0,0.0,0.0,0.0,0.0,0.0,0.0,0.0,0.0,0.0,0.0,0.0,0.0,0.0,0.0,0.0,0.0,0.0,0.0,0.0,0.3468012285132245,0.0,0.0,0.0,0.0,0.0,0.0,0.0,0.0,0.0,0.0,0.0,0.0,0.0,0.0,0.0,0.0,0.0,0.0,0.0,0.0,0.0,0.0,0.0,0.0,0.0,0.3077458516277511,0.0,0.0,0.4299564924015985,0.0,0.0,0.0,0.3462069787760011,0.0,0.0,0.0,0.0,0.0,0.0,0.0,0.20161659845845376,0.0,0.0,0.0,0.1844581686512071,0.0,0.0,0.0,0.0,0.0,0.0,0.0,0.0,0.0,0.0,0.0,0.0,0.0,0.0,0.0,0.0,0.0,0.0,0.0,0.0,0.0,0.0,0.0,0.0,0.0,0.0,0.33925508388446063,0.0,0.0,0.0,0.0,0.0,0.0,0.0,0.0,0.0,0.0,0.24511586837686503,0.0,0.0,0.28486452692736797,0.0,0.0,0.0,0.0,0.0,0.0,0.0,0.0,0.0,0.0,0.0,0.0,0.0,0.0,0.0,0.0,0.0,0.0,0.0,0.0,0.0,0.0,0.0,0.0,0.21923392623182072,0.0,0.0,0.0,0.0,0.0,0.0,0.0,0.0,0.3181797580862935,0.0,0.0,0.0,0.0,0.0,0.0
5a96b929383817aa298eec8cca019bcd984fcd71dd8ee353541392c1082756a4,0.0,0.0,0.0,0.0,0.0,0.0,0.0,0.0,0.0,0.0,0.0,0.0,0.0,0.0,0.0,0.0,0.0,0.5404393632707973,0.0,0.0,0.0,0.0,0.0,0.0,0.0,0.0,0.0,0.0,0.0,0.0,0.0,0.0,0.0,0.0,0.0,0.0,0.0,0.0,0.0,0.0,0.0,0.0,0.0,0.0,0.0,0.0,0.0,0.0,0.0,0.0,0.0,0.0,0.0,0.0,0.0,0.0,0.0,0.0,0.0,0.0,0.4006622080016379,0.0,0.0,0.0,0.0,0.0,0.0,0.0,0.0,0.0,0.0,0.0,0.0,0.0,0.0,0.0,0.0,0.0,0.0,0.0,0.0,0.0,0.0,0.0,0.0,0.0,0.0,0.0,0.0,0.0,0.0,0.0,0.0,0.0,0.0,0.0,0.0,0.0,0.0,0.3371639076045214,0.0,0.0,0.36985240276560893,0.0,0.0,0.0,0.4416848846734272,0.0,0.0,0.0,0.0,0.0,0.0,0.0,0.0,0.0,0.0,0.31912262836578104,0.0,0.0,0.0,0.0,0.0,0.0,0.0,0.0,0.0,0.0,0.0,0.0,0.0,0.0,0.0,0.0,0.0,0.0,0.0,0.0,0.0,0.0,0.0,0.0,0.0,0.0,0.0,0.0,0.0,0.0,0.0,0.0,0.0,0.0,0.0,0.0,0.0,0.0,0.0,0.0,0.0,0.0,0.0
5bd70163b5ee71238d37ffa0ff179e6a42fc28ff5e218c11502e8341b031b951,0.0,0.0,0.0,0.0,0.0,0.0,0.0,0.0,0.0,0.0,0.11647035418099344,0.0,0.07583084206278316,0.0,0.0,0.0,0.0,0.0,0.0,0.0,0.0,0.11086243923873217,0.2487319043875895,0.0,0.0,0.0,0.0,0.0,0.0,0.0,0.0,0.0,0.0,0.0,0.0,0.0,0.0,0.0,0.0,0.0,0.0,0.0,0.1388898466249598,0.13129194427185828,0.0,0.0,0.0,0.0,0.0,0.0,0.0,0.34410002818317287,0.2176933815909245,0.0,0.0,0.0,0.0,0.0,0.0,0.0,0.11003721397479162,0.0,0.0,0.0,0.14644157755762197,0.2902565951590726,0.0,0.12378932551533275,0.0,0.0,0.0,0.24052708595664635,0.0,0.0,0.0,0.07208977364958231,0.0,0.0,0.0,0.06595462738462066,0.0,0.0,0.0,0.0,0.0,0.22289028319100065,0.0,0.0,0.1579950449524765,0.0,0.0,0.0,0.0,0.0,0.0,0.0,0.0,0.0,0.0,0.0,0.0,0.0,0.0,0.0,0.0,0.0,0.0,0.0,0.0,0.0,0.0,0.0,0.0,0.0,0.0,0.0,0.0947660173414547,0.08764331708954143,0.09626192741577771,0.08532878011627207,0.0,0.0,0.16626711034539654,0.0,0.11970871010517233,0.0,0.13777512602197278,0.0,0.2107409965521452,0.0,0.0,0.0,0.0,0.10858330363911546,0.0,0.0,0.34410002818317287,0.0,0.0,0.0,0.0,0.0,0.0,0.0,0.0,0.0783890028856823,0.0,0.17550239658826133,0.0,0.0,0.33222299770480845,0.0,0.0,0.0,0.11376794825276447,0.0,0.0,0.0,0.0,0.0,0.0
5be6173ef3d97650723e229a1a498e6a057fa99b3e8268f40cc2d922f9f9df28,0.0,0.0,0.0,0.0,0.0,0.0,0.0,0.0,0.0,0.0,0.0,0.0,0.0,0.0,0.0,0.0,0.0,0.0,0.0,0.0,0.0,0.0,0.0,0.0,0.0,0.0,0.0,0.0,0.0,0.0,0.0,0.0,0.0,0.0,0.3348776442082856,0.0,0.0,0.0,0.0,0.0,0.0,0.0,0.0,0.0,0.0,0.0,0.0,0.0,0.0,0.0,0.0,0.0,0.0,0.0,0.0,0.0,0.0,0.0,0.0,0.0,0.29716505402760995,0.0,0.0,0.41517389631165763,0.0,0.0,0.0,0.33430382573328793,0.0,0.0,0.0,0.0,0.0,0.0,0.0,0.1946846953642791,0.0,0.0,0.0,0.17811619998495873,0.0,0.0,0.0,0.0,0.0,0.0,0.0,0.0,0.0,0.0,0.0,0.0,0.0,0.0,0.0,0.0,0.0,0.0,0.0,0.0,0.0,0.0,0.0,0.0,0.0,0.0,0.32759094817503004,0.0,0.0,0.0,0.0,0.0,0.0,0.0,0.0,0.0,0.0,0.23668839038435724,0.2599636961715944,0.0,0.27507042609079757,0.0,0.0,0.0,0.0,0.0,0.0,0.0,0.0,0.0,0.0,0.0,0.0,0.0,0.0,0.0,0.0,0.0,0.0,0.0,0.0,0.0,0.0,0.0,0.0,0.2116963110591911,0.0,0.0,0.0,0.0,0.0,0.0,0.0,0.0,0.30724022599198225,0.0,0.0,0.0,0.0,0.0,0.0
5db51c8351fec16e636759570d5ce125cf1f8f1fea8b1e7084da967a66567e65,0.0,0.0,0.0,0.0,0.0,0.0,0.0,0.0,0.0,0.0,0.0,0.0,0.0,0.0,0.0,0.0,0.0,0.0,0.0,0.0,0.0,0.0,0.0,0.0,0.0,0.0,0.0,0.0,0.0,0.0,0.0,0.0,0.0,0.0,0.3468012285132245,0.0,0.0,0.0,0.0,0.0,0.0,0.0,0.0,0.0,0.0,0.0,0.0,0.0,0.0,0.0,0.0,0.0,0.0,0.0,0.0,0.0,0.0,0.0,0.0,0.0,0.3077458516277511,0.0,0.0,0.4299564924015985,0.0,0.0,0.0,0.3462069787760011,0.0,0.0,0.0,0.0,0.0,0.0,0.0,0.20161659845845376,0.0,0.0,0.0,0.1844581686512071,0.0,0.0,0.0,0.0,0.0,0.0,0.0,0.0,0.0,0.0,0.0,0.0,0.0,0.0,0.0,0.0,0.0,0.0,0.0,0.0,0.0,0.0,0.0,0.0,0.0,0.0,0.33925508388446063,0.0,0.0,0.0,0.0,0.0,0.0,0.0,0.0,0.0,0.0,0.24511586837686503,0.0,0.0,0.28486452692736797,0.0,0.0,0.0,0.0,0.0,0.0,0.0,0.0,0.0,0.0,0.0,0.0,0.0,0.0,0.0,0.0,0.0,0.0,0.0,0.0,0.0,0.0,0.0,0.0,0.21923392623182072,0.0,0.0,0.0,0.0,0.0,0.0,0.0,0.0,0.3181797580862935,0.0,0.0,0.0,0.0,0.0,0.0
5f1cae348c31c954f11e1b846cbcd7ad139c537e1025a5e4a3d314208e329a3c,0.0,0.0,0.0,0.0,0.0,0.0,0.0,0.0,0.0,0.0,0.0,0.0,0.13036685269899884,0.0,0.0,0.0,0.0,0.2551699226156344,0.0,0.0,0.0,0.0,0.0,0.0,0.0,0.0,0.0,0.0,0.0,0.0,0.0,0.0,0.0,0.0,0.0,0.0,0.0,0.0,0.0,0.0,0.0,0.0,0.23877662022204,0.22571445989329042,0.0,0.0,0.0,0.2723177503437213,0.0,0.0,0.0,0.0,0.0,0.0,0.0,0.0,0.0,0.0,0.0,0.0,0.0,0.0,0.0,0.0,0.0,0.0,0.0,0.0,0.0,0.0,0.0,0.0,0.0,0.0,0.0,0.12393528341275986,0.26429758337545217,0.21065447321036024,0.0,0.1133878638186471,0.0,0.0,0.0,0.0,0.0,0.0,0.0,0.0,0.0,0.0,0.0,0.0,0.0,0.0,0.0,0.0,0.0,0.0,0.0,0.15919286058577053,0.0,0.0,0.17462682292743803,0.0,0.0,0.0,0.0,0.0,0.0,0.0,0.0,0.0,0.0,0.0,0.0,0.0,0.1629198237492282,0.0,0.0,0.14669551604337047,0.17510842931049753,0.0,0.0,0.0,0.20580079757188147,0.0,0.0,0.0,0.36230166654891277,0.0,0.0,0.0,0.0,0.0,0.0,0.0,0.0,0.0,0.0,0.0,0.0,0.0,0.2523190689396521,0.0,0.0,0.0,0.0,0.0,0.47062255111057,0.0,0.0,0.0,0.0,0.0,0.0,0.0,0.0,0.0,0.0,0.0,0.0
5f4d8d2a980566724b1c3ec3f6722dda43a24dd395412f32f94feea8bb806d17,0.0,0.22508868460531353,0.26507661306818875,0.0,0.0,0.0,0.0,0.0,0.0,0.0,0.0,0.0,0.0,0.0,0.0,0.0,0.0,0.0,0.0,0.0,0.0,0.0,0.0,0.0,0.0,0.0,0.0,0.0,0.0,0.0,0.0,0.0,0.0,0.0,0.17209265172384194,0.0,0.0,0.0,0.0,0.0,0.0,0.0,0.0,0.0,0.0,0.31946724017704964,0.0,0.0,0.0,0.0,0.24922027926138882,0.0,0.0,0.0,0.0,0.0,0.0,0.0,0.0,0.0,0.15271226082641215,0.0,0.0,0.2133566631827876,0.20323510183503973,0.0,0.0,0.0,0.0,0.0,0.0,0.0,0.0,0.0,0.0,0.10004790124015747,0.0,0.0,0.0,0.09153339943863377,0.0,0.0,0.0,0.0,0.3312170719087473,0.3093324324817487,0.0,0.0,0.0,0.0,0.0,0.0,0.0,0.0,0.0,0.0,0.0,0.0,0.0,0.0,0.0,0.0,0.0,0.0,0.0,0.0,0.0,0.0,0.0,0.0,0.0,0.0,0.0,0.0,0.21131878892242903,0.0,0.0,0.12163347848970603,0.1335945907403572,0.11842130906822959,0.14135789550445363,0.0,0.2307494474345458,0.0,0.0,0.0,0.0,0.0,0.0,0.0,0.0,0.0,0.0,0.0,0.0,0.0,0.0,0.0,0.0,0.0,0.0,0.0,0.0,0.0,0.3152450477777013,0.10879012128881338,0.22508868460531353,0.0,0.0,0.0,0.0,0.0,0.0,0.0,0.15788986252634565,0.0,0.0,0.0,0.0,0.0,0.0
5f56d5748940e4039053f85978074bde16d64bd5ba97f6f0026ba8172cb29e93,0.0,0.0,0.0,0.0,0.0,0.0,0.0,0.0,0.0,0.0,0.0,0.0,0.0,0.0,0.0,0.0,0.0,0.0,0.0,0.0,0.0,0.0,0.0,0.0,0.0,0.0,0.0,0.0,0.0,0.0,0.0,0.0,0.0,0.0,0.0,0.0,0.0,0.0,0.0,0.0,0.0,0.0,0.32986103707791764,0.0,0.0,0.0,0.0,0.0,0.0,0.0,0.0,0.0,0.0,0.0,0.0,0.0,0.0,0.0,0.0,0.0,0.0,0.0,0.0,0.0,0.0,0.0,0.0,0.29399755479552436,0.0,0.0,0.0,0.0,0.0,0.0,0.0,0.0,0.0,0.0,0.0,0.0,0.0,0.0,0.0,0.0,0.0,0.0,0.0,0.0,0.0,0.0,0.0,0.0,0.0,0.0,0.0,0.0,0.0,0.0,0.0,0.0,0.0,0.0,0.24124047345548974,0.0,0.0,0.0,0.0,0.0,0.0,0.0,0.0,0.0,0.0,0.0,0.0,0.0,0.0,0.0,0.2286204498031417,0.20265440984862382,0.0,0.0,0.0,0.0,0.0,0.0,0.0,0.0,0.0,0.0,0.0,0.0,0.0,0.2578835099765193,0.7659765945131809,0.0,0.0,0.0,0.0,0.0,0.0,0.0,0.0,0.0,0.0,0.0,0.0,0.0,0.0,0.0,0.0,0.0,0.0,0.0,0.0,0.0,0.0,0.0,0.0,0.0,0.0
5f57eb74bdc82cff74875087c7b7e535cba2cf7b08bbb4cefad986287f95849d,0.0,0.0,0.0,0.0,0.0,0.0,0.0,0.0,0.0,0.0,0.0,0.0,0.0,0.0,0.0,0.0,0.0,0.0,0.0,0.0,0.0,0.0,0.0,0.0,0.0,0.0,0.0,0.0,0.0,0.0,0.0,0.0,0.0,0.0,0.3468012285132245,0.0,0.0,0.0,0.0,0.0,0.0,0.0,0.0,0.0,0.0,0.0,0.0,0.0,0.0,0.0,0.0,0.0,0.0,0.0,0.0,0.0,0.0,0.0,0.0,0.0,0.3077458516277511,0.0,0.0,0.4299564924015985,0.0,0.0,0.0,0.3462069787760011,0.0,0.0,0.0,0.0,0.0,0.0,0.0,0.20161659845845376,0.0,0.0,0.0,0.1844581686512071,0.0,0.0,0.0,0.0,0.0,0.0,0.0,0.0,0.0,0.0,0.0,0.0,0.0,0.0,0.0,0.0,0.0,0.0,0.0,0.0,0.0,0.0,0.0,0.0,0.0,0.0,0.33925508388446063,0.0,0.0,0.0,0.0,0.0,0.0,0.0,0.0,0.0,0.0,0.24511586837686503,0.0,0.0,0.28486452692736797,0.0,0.0,0.0,0.0,0.0,0.0,0.0,0.0,0.0,0.0,0.0,0.0,0.0,0.0,0.0,0.0,0.0,0.0,0.0,0.0,0.0,0.0,0.0,0.0,0.21923392623182072,0.0,0.0,0.0,0.0,0.0,0.0,0.0,0.0,0.3181797580862935,0.0,0.0,0.0,0.0,0.0,0.0
d6673bf9b292d3f876c922f011d4bd8f7ec1025f797b67d04426ce176084f249,0.0,0.0,0.0,0.0,0.0,0.0,0.0,0.0,0.0,0.0,0.3323964712848923,0.0,0.21641476488567604,0.0,0.0,0.0,0.0,0.0,0.0,0.0,0.0,0.0,0.0,0.0,0.0,0.0,0.0,0.0,0.0,0.0,0.0,0.0,0.0,0.0,0.0,0.0,0.0,0.0,0.0,0.0,0.0,0.0,0.3963797932965363,0.0,0.0,0.0,0.0,0.0,0.0,0.0,0.0,0.0,0.0,0.0,0.0,0.0,0.0,0.0,0.0,0.0,0.0,0.0,0.0,0.0,0.0,0.0,0.0,0.0,0.0,0.0,0.0,0.0,0.0,0.0,0.0,0.2057380742537327,0.0,0.0,0.0,0.18822888933169754,0.0,0.0,0.0,0.0,0.0,0.0,0.0,0.0,0.0,0.0,0.0,0.0,0.0,0.0,0.0,0.0,0.0,0.0,0.0,0.0,0.0,0.0,0.2898882809868149,0.0,0.0,0.0,0.0,0.0,0.0,0.0,0.0,0.0,0.0,0.0,0.0,0.0,0.270454142459909,0.0,0.2747233424083507,0.24352107116990135,0.0,0.0,0.0,0.0,0.0,0.0,0.3931984756341408,0.0,0.0,0.0,0.0,0.0,0.0,0.0,0.0,0.0,0.0,0.0,0.0,0.0,0.0,0.0,0.0,0.3334550286431274,0.0,0.2237155380007774,0.0,0.0,0.0,0.0,0.0,0.0,0.0,0.0,0.0,0.0,0.0,0.0,0.0,0.0,0.0
5fb7a496e9f7907ca6629b3aaa93a6ed5b4cde34e558d7c3621602d9349cad80,0.0,0.0,0.0,0.0,0.0,0.0,0.0,0.0,0.0,0.0,0.0,0.0,0.0,0.0,0.0,0.0,0.0,0.0,0.0,0.0,0.0,0.0,0.0,0.0,0.0,0.0,0.0,0.0,0.0,0.0,0.0,0.0,0.0,0.0,0.3468012285132245,0.0,0.0,0.0,0.0,0.0,0.0,0.0,0.0,0.0,0.0,0.0,0.0,0.0,0.0,0.0,0.0,0.0,0.0,0.0,0.0,0.0,0.0,0.0,0.0,0.0,0.3077458516277511,0.0,0.0,0.4299564924015985,0.0,0.0,0.0,0.3462069787760011,0.0,0.0,0.0,0.0,0.0,0.0,0.0,0.20161659845845376,0.0,0.0,0.0,0.1844581686512071,0.0,0.0,0.0,0.0,0.0,0.0,0.0,0.0,0.0,0.0,0.0,0.0,0.0,0.0,0.0,0.0,0.0,0.0,0.0,0.0,0.0,0.0,0.0,0.0,0.0,0.0,0.33925508388446063,0.0,0.0,0.0,0.0,0.0,0.0,0.0,0.0,0.0,0.0,0.24511586837686503,0.0,0.0,0.28486452692736797,0.0,0.0,0.0,0.0,0.0,0.0,0.0,0.0,0.0,0.0,0.0,0.0,0.0,0.0,0.0,0.0,0.0,0.0,0.0,0.0,0.0,0.0,0.0,0.0,0.21923392623182072,0.0,0.0,0.0,0.0,0.0,0.0,0.0,0.0,0.3181797580862935,0.0,0.0,0.0,0.0,0.0,0.0
5fe9d5029550e3e4c3101945b39311b73bcb91e10ba8d68edb9d1c7c8a13fb29,0.0,0.0,0.0,0.0,0.0,0.0,0.0,0.0,0.0,0.0,0.0,0.0,0.0,0.0,0.0,0.0,0.0,0.0,0.0,0.0,0.0,0.0,0.0,0.0,0.0,0.0,0.0,0.0,0.0,0.0,0.0,0.0,0.0,0.0,0.3468012285132245,0.0,0.0,0.0,0.0,0.0,0.0,0.0,0.0,0.0,0.0,0.0,0.0,0.0,0.0,0.0,0.0,0.0,0.0,0.0,0.0,0.0,0.0,0.0,0.0,0.0,0.3077458516277511,0.0,0.0,0.4299564924015985,0.0,0.0,0.0,0.3462069787760011,0.0,0.0,0.0,0.0,0.0,0.0,0.0,0.20161659845845376,0.0,0.0,0.0,0.1844581686512071,0.0,0.0,0.0,0.0,0.0,0.0,0.0,0.0,0.0,0.0,0.0,0.0,0.0,0.0,0.0,0.0,0.0,0.0,0.0,0.0,0.0,0.0,0.0,0.0,0.0,0.0,0.33925508388446063,0.0,0.0,0.0,0.0,0.0,0.0,0.0,0.0,0.0,0.0,0.24511586837686503,0.0,0.0,0.28486452692736797,0.0,0.0,0.0,0.0,0.0,0.0,0.0,0.0,0.0,0.0,0.0,0.0,0.0,0.0,0.0,0.0,0.0,0.0,0.0,0.0,0.0,0.0,0.0,0.0,0.21923392623182072,0.0,0.0,0.0,0.0,0.0,0.0,0.0,0.0,0.3181797580862935,0.0,0.0,0.0,0.0,0.0,0.0
6b7d70ca7d02133afbc24eeb585f2921bc35c01b23b90a66f515290c49cf0952,0.0,0.0,0.0,0.0,0.0,0.0,0.0,0.0,0.0,0.0,0.0,0.0,0.0,0.0,0.0,0.0,0.0,0.5254983841664272,0.0,0.0,0.0,0.0,0.0,0.0,0.0,0.0,0.0,0.0,0.0,0.0,0.0,0.0,0.0,0.0,0.0,0.0,0.0,0.0,0.0,0.0,0.0,0.0,0.0,0.0,0.0,0.0,0.0,0.0,0.0,0.0,0.0,0.0,0.0,0.0,0.0,0.0,0.0,0.0,0.0,0.0,0.3895855061836326,0.0,0.0,0.0,0.0,0.0,0.0,0.0,0.0,0.0,0.0,0.0,0.0,0.0,0.0,0.0,0.0,0.0,0.0,0.23351160908778335,0.0,0.0,0.0,0.0,0.0,0.0,0.0,0.0,0.0,0.0,0.0,0.0,0.0,0.0,0.0,0.0,0.0,0.0,0.0,0.32784267891425894,0.0,0.0,0.3596274683937335,0.0,0.0,0.0,0.4294740705079254,0.0,0.0,0.0,0.0,0.0,0.0,0.0,0.0,0.0,0.0,0.3103001686298944,0.0,0.0,0.0,0.0,0.0,0.0,0.0,0.0,0.0,0.0,0.0,0.0,0.0,0.0,0.0,0.0,0.0,0.0,0.0,0.0,0.0,0.0,0.0,0.0,0.0,0.0,0.0,0.0,0.0,0.0,0.0,0.0,0.0,0.0,0.0,0.0,0.0,0.0,0.0,0.0,0.0,0.0,0.0
6b049235b839482091a7f9aa2e283791b720dee4033bf20d98eb1b68561ee7a8,0.0,0.0,0.0,0.0,0.0,0.0,0.0,0.0,0.0,0.0,0.0,0.0,0.0,0.0,0.0,0.0,0.0,0.0,0.0,0.0,0.0,0.0,0.0,0.0,0.0,0.0,0.0,0.0,0.0,0.0,0.0,0.0,0.0,0.0,0.3348776442082856,0.0,0.0,0.0,0.0,0.0,0.0,0.0,0.0,0.0,0.0,0.0,0.0,0.0,0.0,0.0,0.0,0.0,0.0,0.0,0.0,0.0,0.0,0.0,0.0,0.0,0.29716505402760995,0.0,0.0,0.41517389631165763,0.0,0.0,0.0,0.33430382573328793,0.0,0.0,0.0,0.0,0.0,0.0,0.0,0.1946846953642791,0.0,0.0,0.0,0.17811619998495873,0.0,0.0,0.0,0.0,0.0,0.0,0.0,0.0,0.0,0.0,0.0,0.0,0.0,0.0,0.0,0.0,0.0,0.0,0.0,0.0,0.0,0.0,0.0,0.0,0.0,0.0,0.32759094817503004,0.0,0.0,0.0,0.0,0.0,0.0,0.0,0.0,0.0,0.0,0.23668839038435724,0.2599636961715944,0.0,0.27507042609079757,0.0,0.0,0.0,0.0,0.0,0.0,0.0,0.0,0.0,0.0,0.0,0.0,0.0,0.0,0.0,0.0,0.0,0.0,0.0,0.0,0.0,0.0,0.0,0.0,0.2116963110591911,0.0,0.0,0.0,0.0,0.0,0.0,0.0,0.0,0.30724022599198225,0.0,0.0,0.0,0.0,0.0,0.0
06bc4902e0f44eb635f4e291f97bed748fb4514acbc3fc14c3c5bbf195689cb8,0.0,0.0,0.0,0.0,0.0,0.0,0.0,0.0,0.0,0.0,0.0,0.0,0.0,0.0,0.0,0.0,0.0,0.0,0.0,0.0,0.0,0.0,0.0,0.0,0.0,0.0,0.0,0.0,0.0,0.0,0.0,0.0,0.0,0.0,0.3468012285132245,0.0,0.0,0.0,0.0,0.0,0.0,0.0,0.0,0.0,0.0,0.0,0.0,0.0,0.0,0.0,0.0,0.0,0.0,0.0,0.0,0.0,0.0,0.0,0.0,0.0,0.3077458516277511,0.0,0.0,0.4299564924015985,0.0,0.0,0.0,0.3462069787760011,0.0,0.0,0.0,0.0,0.0,0.0,0.0,0.20161659845845376,0.0,0.0,0.0,0.1844581686512071,0.0,0.0,0.0,0.0,0.0,0.0,0.0,0.0,0.0,0.0,0.0,0.0,0.0,0.0,0.0,0.0,0.0,0.0,0.0,0.0,0.0,0.0,0.0,0.0,0.0,0.0,0.33925508388446063,0.0,0.0,0.0,0.0,0.0,0.0,0.0,0.0,0.0,0.0,0.24511586837686503,0.0,0.0,0.28486452692736797,0.0,0.0,0.0,0.0,0.0,0.0,0.0,0.0,0.0,0.0,0.0,0.0,0.0,0.0,0.0,0.0,0.0,0.0,0.0,0.0,0.0,0.0,0.0,0.0,0.21923392623182072,0.0,0.0,0.0,0.0,0.0,0.0,0.0,0.0,0.3181797580862935,0.0,0.0,0.0,0.0,0.0,0.0
6c1ed5eb1267d95d8a0dc8e1975923ebefd809c2027427b4ead867fb72703f82,0.0,0.2221942268017369,0.2616679429585107,0.0,0.0,0.0,0.0,0.0,0.0,0.0,0.0,0.0,0.10388654590512117,0.0,0.0,0.0,0.0,0.0,0.0,0.0,0.0,0.0,0.0,0.0,0.0,0.0,0.0,0.0,0.0,0.0,0.0,0.0,0.0,0.0,0.0,0.0,0.0,0.0,0.0,0.0,0.0,0.0,0.0,0.0,0.0,0.31535915074581516,0.0,0.0,0.0,0.0,0.24601550873557337,0.0,0.0,0.0,0.0,0.0,0.0,0.0,0.0,0.0,0.15074850509241822,0.0,0.0,0.21061306965307572,0.0,0.0,0.0,0.0,0.0,0.0,0.0,0.0,0.0,0.0,0.0,0.0987613664284062,0.0,0.0,0.0,0.09035635420973825,0.0,0.0,0.0,0.0,0.32695788917752683,0.0,0.0,0.0,0.0,0.0,0.0,0.0,0.0,0.0,0.0,0.0,0.0,0.0,0.0,0.1268573726880975,0.0,0.0,0.0,0.0,0.0,0.0,0.0,0.0,0.0,0.0,0.0,0.0,0.0,0.0,0.20860140080178047,0.0,0.12982730961417482,0.12006937067323345,0.0,0.11689850714354233,0.13954014769337428,0.3220948627827492,0.2277821968152219,0.0,0.0,0.0,0.0,0.0,0.0,0.0,0.0,0.0,0.0,0.0,0.0,0.0,0.0,0.0,0.0,0.0,0.0,0.0,0.0,0.0,0.3111912523140198,0.10739116862236281,0.2221942268017369,0.2404343309880426,0.0,0.0,0.0,0.0,0.0,0.0,0.15585952703659692,0.0,0.0,0.0,0.0,0.0,0.0
6cf51b6cbd93a9a90470658bb896a2010e40e65c412c83404925f5fe8d2ddfc8,0.0,0.0,0.0,0.0,0.0,0.0,0.0,0.0,0.0,0.0,0.0,0.0,0.0,0.0,0.0,0.0,0.0,0.0,0.0,0.0,0.0,0.0,0.0,0.0,0.0,0.0,0.0,0.0,0.0,0.0,0.0,0.0,0.0,0.0,0.3348776442082856,0.0,0.0,0.0,0.0,0.0,0.0,0.0,0.0,0.0,0.0,0.0,0.0,0.0,0.0,0.0,0.0,0.0,0.0,0.0,0.0,0.0,0.0,0.0,0.0,0.0,0.29716505402760995,0.0,0.0,0.41517389631165763,0.0,0.0,0.0,0.33430382573328793,0.0,0.0,0.0,0.0,0.0,0.0,0.0,0.1946846953642791,0.0,0.0,0.0,0.17811619998495873,0.0,0.0,0.0,0.0,0.0,0.0,0.0,0.0,0.0,0.0,0.0,0.0,0.0,0.0,0.0,0.0,0.0,0.0,0.0,0.0,0.0,0.0,0.0,0.0,0.0,0.0,0.32759094817503004,0.0,0.0,0.0,0.0,0.0,0.0,0.0,0.0,0.0,0.0,0.23668839038435724,0.2599636961715944,0.0,0.27507042609079757,0.0,0.0,0.0,0.0,0.0,0.0,0.0,0.0,0.0,0.0,0.0,0.0,0.0,0.0,0.0,0.0,0.0,0.0,0.0,0.0,0.0,0.0,0.0,0.0,0.2116963110591911,0.0,0.0,0.0,0.0,0.0,0.0,0.0,0.0,0.30724022599198225,0.0,0.0,0.0,0.0,0.0,0.0
6e2cd690a66f2a7bc03b2ea953ee4cf7feb28e28e148642ae7dba8f4a8bf136e,0.0,0.0,0.0,0.0,0.0,0.0,0.0,0.0,0.0,0.0,0.0,0.0,0.0,0.0,0.0,0.0,0.0,0.0,0.0,0.0,0.0,0.0,0.0,0.0,0.0,0.0,0.0,0.0,0.0,0.0,0.0,0.0,0.0,0.0,0.3348776442082856,0.0,0.0,0.0,0.0,0.0,0.0,0.0,0.0,0.0,0.0,0.0,0.0,0.0,0.0,0.0,0.0,0.0,0.0,0.0,0.0,0.0,0.0,0.0,0.0,0.0,0.29716505402760995,0.0,0.0,0.41517389631165763,0.0,0.0,0.0,0.33430382573328793,0.0,0.0,0.0,0.0,0.0,0.0,0.0,0.1946846953642791,0.0,0.0,0.0,0.17811619998495873,0.0,0.0,0.0,0.0,0.0,0.0,0.0,0.0,0.0,0.0,0.0,0.0,0.0,0.0,0.0,0.0,0.0,0.0,0.0,0.0,0.0,0.0,0.0,0.0,0.0,0.0,0.32759094817503004,0.0,0.0,0.0,0.0,0.0,0.0,0.0,0.0,0.0,0.0,0.23668839038435724,0.2599636961715944,0.0,0.27507042609079757,0.0,0.0,0.0,0.0,0.0,0.0,0.0,0.0,0.0,0.0,0.0,0.0,0.0,0.0,0.0,0.0,0.0,0.0,0.0,0.0,0.0,0.0,0.0,0.0,0.2116963110591911,0.0,0.0,0.0,0.0,0.0,0.0,0.0,0.0,0.30724022599198225,0.0,0.0,0.0,0.0,0.0,0.0
6e03fb16c4f4170b4e847515b221f51d5b2b74a50c293c30f25432589064d906,0.0,0.0,0.0,0.0,0.0,0.0,0.0,0.0,0.0,0.0,0.2808758226132197,0.0,0.18287100003782006,0.0,0.0,0.0,0.0,0.0,0.0,0.0,0.0,0.26735197155576634,0.0,0.0,0.0,0.0,0.0,0.0,0.0,0.0,0.0,0.0,0.0,0.0,0.0,0.0,0.0,0.0,0.0,0.0,0.0,0.0,0.0,0.31661904962134163,0.0,0.0,0.0,0.38199142115047907,0.0,0.0,0.0,0.0,0.0,0.0,0.0,0.0,0.0,0.0,0.0,0.0,0.0,0.0,0.0,0.0,0.0,0.0,0.0,0.0,0.0,0.0,0.0,0.0,0.0,0.0,0.0,0.17384917061694244,0.3707411997667966,0.29549378067262794,0.0,0.15905386698675275,0.0,0.0,0.0,0.0,0.0,0.0,0.0,0.0,0.0,0.0,0.0,0.0,0.0,0.0,0.0,0.0,0.0,0.0,0.0,0.22330643880324874,0.0,0.0,0.0,0.0,0.0,0.0,0.0,0.0,0.0,0.0,0.0,0.0,0.0,0.0,0.0,0.0,0.22853440485976806,0.0,0.0,0.0,0.0,0.0,0.0,0.0,0.288685328221013,0.0,0.0,0.0,0.0,0.0,0.0,0.0,0.0,0.2618556880517716,0.0,0.0,0.0,0.0,0.0,0.0,0.0,0.0,0.0,0.0,0.0,0.18904017098746898,0.0,0.0,0.0,0.0,0.0,0.0,0.0,0.0,0.0,0.0,0.0,0.0,0.0,0.0,0.0
6f64d864d4cdeaa6062e44e34c0969ebdead56edb22e5a2b61c987ca3400fad4,0.0,0.0,0.0,0.0,0.4299490615643851,0.0,0.0,0.0,0.0,0.0,0.0,0.0,0.15470838572438572,0.0,0.0,0.0,0.0,0.0,0.0,0.0,0.0,0.0,0.0,0.0,0.0,0.0,0.0,0.0,0.0,0.0,0.0,0.0,0.0,0.0,0.0,0.0,0.0,0.0,0.0,0.0,0.0,0.0,0.0,0.0,0.0,0.0,0.0,0.0,0.0,0.0,0.0,0.0,0.0,0.0,0.0,0.0,0.0,0.0,0.0,0.0,0.22449545963836576,0.0,0.0,0.0,0.0,0.0,0.0,0.0,0.0,0.0,0.0,0.0,0.0,0.0,0.0,0.0,0.0,0.0,0.0,0.1345591537184827,0.0,0.0,0.0,0.0,0.0,0.0,0.0,0.0,0.0,0.0,0.0,0.0,0.0,0.0,0.0,0.0,0.0,0.0,0.0,0.18891666071693763,0.0,0.0,0.0,0.0,0.0,0.0,0.24748091838917402,0.0,0.0,0.0,0.0,0.0,0.0,0.0,0.0,0.35357746897417,0.0,0.17880793273042245,0.0,0.17408586623223637,0.0,0.0,0.0,0.0,0.0,0.0,0.2810857265990237,0.0,0.0,0.0,0.0,0.0,0.0,0.0,0.0,0.0,0.0,0.0,0.0,0.0,0.4987653898003205,0.0,0.0,0.23837693893163547,0.0,0.0,0.0,0.0,0.0,0.0,0.0,0.0,0.0,0.0,0.23210682016148834,0.0,0.0,0.0,0.0,0.0,0.0
ecf741bcb0421c4a972da3ab42eac34a8049b847b01ce699affdbf36c5a98592,0.0,0.0,0.0,0.0,0.0,0.0,0.0,0.0,0.0,0.0,0.0,0.0,0.35761024087410187,0.0,0.0,0.0,0.0,0.0,0.0,0.0,0.0,0.0,0.0,0.0,0.0,0.0,0.0,0.0,0.0,0.0,0.0,0.0,0.0,0.0,0.0,0.0,0.0,0.0,0.0,0.0,0.0,0.0,0.0,0.0,0.0,0.0,0.0,0.0,0.0,0.0,0.0,0.0,0.0,0.0,0.0,0.0,0.0,0.0,0.0,0.0,0.0,0.0,0.0,0.0,0.0,0.0,0.0,0.0,0.0,0.0,0.0,0.0,0.0,0.0,0.0,0.3399677574204221,0.0,0.0,0.0,0.0,0.0,0.0,0.0,0.0,0.0,0.0,0.0,0.0,0.0,0.0,0.0,0.0,0.0,0.0,0.0,0.0,0.0,0.0,0.0,0.4366830681335602,0.0,0.0,0.47902008000719204,0.0,0.0,0.0,0.0,0.0,0.0,0.0,0.0,0.0,0.0,0.0,0.0,0.0,0.44690652729530184,0.0,0.0,0.0,0.0,0.0,0.0,0.0,0.0,0.0,0.0,0.0,0.0,0.0,0.0,0.0,0.0,0.0,0.0,0.0,0.0,0.0,0.0,0.0,0.0,0.0,0.0,0.0,0.0,0.36967425708684853,0.0,0.0,0.0,0.0,0.0,0.0,0.0,0.0,0.0,0.0,0.0,0.0,0.0,0.0,0.0
d5b1a96dc7d4007a9228abee105cd77305827ed28aac77932e7c416c888c9d30,0.0,0.0,0.0,0.0,0.0,0.0,0.0,0.0,0.0,0.0,0.13093417223789605,0.0,0.08524786075745798,0.0,0.0,0.0,0.22000414919280273,0.0,0.0,0.0,0.0,0.12462984092450048,0.0,0.2935990957882012,0.0,0.0,0.0,0.2821671518176245,0.0,0.0,0.0,0.0,0.0,0.0,0.0,0.0,0.0,0.0,0.0,0.0,0.0,0.24613550161625938,0.15613781917265857,0.1475963747652537,0.0,0.0,0.404045622471895,0.0,0.0,0.0,0.0,0.0,0.0,0.0,0.0,0.23814554319029607,0.0,0.0,0.0,0.0,0.12370213543580637,0.0,0.0,0.0,0.0,0.0,0.0,0.13916204670460725,0.0,0.0,0.0,0.0,0.0,0.0,0.2553592316990953,0.08104220946179352,0.17282616799949962,0.13774853675140047,0.0,0.0741451728432489,0.0,0.0,0.0,0.0,0.0,0.0,0.0,0.0,0.0,0.0,0.0,0.0,0.0,0.0,0.0,0.0,0.0,0.0,0.0,0.10409740307323848,0.0,0.0,0.1141897865694953,0.0,0.0,0.0,0.13636764918840924,0.0,0.0,0.0,0.0,0.0,0.0,0.24757739802353795,0.0,0.0,0.10653449218161927,0.0985272626325989,0.10821617116938503,0.0959252959360944,0.11450471258813405,0.0,0.0,0.0,0.0,0.0,0.0,0.0,0.0,0.0,0.0,0.0,0.0,0.12206767190516361,0.0,0.0,0.0,0.0,0.0,0.0,0.0,0.0,0.16499332775243178,0.0,0.0,0.0881237056207543,0.18232950515849008,0.0,0.0,0.0,0.0,0.0,0.0,0.0,0.12789616925635117,0.0,0.0,0.0,0.0,0.0,0.0
056c3790765f928e991591cd139384b6680df26313a73711add657abc369028c,0.0,0.0,0.0,0.0,0.30243582308513833,0.0,0.0,0.0,0.0,0.0,0.0,0.0,0.10882535201840633,0.0,0.0,0.0,0.0,0.0,0.0,0.0,0.0,0.0,0.0,0.0,0.0,0.0,0.0,0.0,0.0,0.0,0.0,0.0,0.0,0.0,0.0,0.0,0.0,0.0,0.0,0.0,0.0,0.0,0.0,0.0,0.0,0.0,0.0,0.0,0.0,0.0,0.2577111800847381,0.0,0.0,0.0,0.0,0.0,0.0,0.0,0.0,0.0,0.15791514666310819,0.0,0.0,0.0,0.0,0.0,0.0,0.177650894528821,0.0,0.0,0.0,0.0,0.0,0.0,0.0,0.0,0.0,0.0,0.0,0.0946519298365646,0.0,0.0,0.0,0.0,0.0,0.0,0.0,0.0,0.0,0.0,0.0,0.0,0.0,0.0,0.0,0.0,0.0,0.0,0.0,0.13288822068952658,0.0,0.0,0.0,0.0,0.0,0.0,0.17408363441604444,0.0,0.0,0.0,0.0,0.0,0.0,0.0,0.21851839115451194,0.2487143301685043,0.0,0.1257775144634876,0.0,0.12245590686921726,0.0,0.3374073757122099,0.23861104954419773,0.0,0.17179477587864464,0.0,0.19772201100322567,0.0,0.0,0.0,0.0,0.0,0.0,0.0,0.0,0.0,0.0,0.0,0.0,0.0,0.35084277342480197,0.0,0.0,0.16767969086381845,0.0,0.11249658583961594,0.0,0.25186467101312987,0.0,0.0,0.0,0.0,0.0,0.0,0.1632691485447092,0.0,0.0,0.2882498303547056,0.0,0.0,0.0
f3a23e5e9a7caefcc81cfe4ed8df93ff84d5d32c6c63cdbb09f41d84f56a4126,0.0,0.0,0.0,0.44868981812840825,0.0,0.0,0.0,0.0,0.0,0.0,0.0,0.0,0.08930475398826834,0.0,0.0,0.0,0.0,0.0,0.0,0.0,0.0,0.0,0.0,0.0,0.0,0.0,0.0,0.0,0.0,0.0,0.0,0.0,0.0,0.0,0.0,0.3145432919951502,0.0,0.0,0.0,0.0,0.44868981812840825,0.0,0.1635683218978502,0.0,0.0,0.0,0.0,0.0,0.0,0.0,0.0,0.0,0.0,0.0,0.0,0.24947874303287212,0.0,0.0,0.0,0.0,0.12958904393330087,0.0,0.0,0.0,0.0,0.0,0.0,0.0,0.0,0.0,0.0,0.0,0.0,0.0,0.0,0.0,0.0,0.0,0.0,0.0776736959889599,0.0,0.0,0.0,0.0,0.0,0.0,0.0,0.0,0.18606820440111108,0.0,0.0,0.0,0.0,0.0,0.0,0.0,0.0,0.0,0.0,0.0,0.0,0.0,0.1196240082384647,0.0,0.0,0.0,0.0,0.0,0.0,0.0,0.0,0.0,0.0,0.0,0.1793215533147573,0.0,0.11160440310183692,0.10321611442633138,0.11336611215770344,0.10049032173602424,0.0,0.0,0.0,0.0,0.0,0.0,0.16225553350585278,0.0,0.0,0.0,0.0,0.0,0.0,0.0,0.0,0.0,0.0,0.0,0.0,0.0,0.0,0.0,0.0,0.13760206848574627,0.0,0.09231745853877678,0.0,0.20668632874589155,0.0,0.0,0.0,0.0,0.0,0.0,0.1339826692423027,0.0,0.0,0.0,0.0,0.0,0.37016243277996236
7a4424af54555e5a81f6fa4e2b2c42c6d19c71bbcc261cd1be14af245c3b711c,0.0,0.0,0.0,0.0,0.0,0.0,0.0,0.0,0.0,0.0,0.2390415378859072,0.0,0.15563377679527218,0.0,0.0,0.0,0.0,0.0,0.0,0.0,0.0,0.22753196000612902,0.0,0.0,0.0,0.0,0.3267773967074305,0.0,0.0,0.0,0.0,0.0,0.0,0.0,0.2544989435542011,0.0,0.0,0.0,0.0,0.0,0.0,0.0,0.0,0.0,0.3018942905860368,0.0,0.0,0.0,0.0,0.0,0.0,0.0,0.0,0.0,0.0,0.0,0.0,0.0,0.30055390623620865,0.0,0.0,0.0,0.0,0.0,0.30055390623620865,0.0,0.0,0.0,0.0,0.0,0.0,0.0,0.0,0.0,0.0,0.14795567919596173,0.0,0.0,0.0,0.13536402178542095,0.0,0.0,0.0,0.0,0.0,0.0,0.0,0.0,0.0,0.0,0.0,0.0,0.0,0.0,0.0,0.0,0.0,0.0,0.0,0.19004666921745025,0.0,0.0,0.0,0.0,0.0,0.0,0.0,0.0,0.0,0.0,0.0,0.0,0.0,0.0,0.0,0.0,0.0,0.1798774756875003,0.0,0.17512716406121018,0.0,0.0,0.0,0.0,0.24568787794197602,0.0,0.0,0.0,0.0,0.0,0.0,0.0,0.0,0.22285430548525179,0.0,0.0,0.0,0.0,0.0,0.0,0.0,0.0,0.3012220425940089,0.23980279500116727,0.0,0.1608840973731165,0.0,0.0,0.0,0.0,0.0,0.0,0.0,0.0,0.0,0.0,0.0,0.0,0.0,0.0,0.0
7af61ce420051640c50b0e73e718dd8c55dddfcb58917a3bead9d3ece2f3e929,0.0,0.21136647965301067,0.0,0.0,0.0,0.0,0.0,0.0,0.0,0.0,0.0,0.0,0.0988240505045593,0.0,0.0,0.0,0.0,0.0,0.0,0.0,0.0,0.14447782717903,0.0,0.0,0.0,0.0,0.0,0.0,0.0,0.0,0.0,0.0,0.0,0.0,0.16160127299513932,0.3480715279511606,0.0,0.0,0.0,0.0,0.0,0.0,0.0,0.0,0.0,0.0,0.0,0.0,0.0,0.0,0.234026926666648,0.0,0.0,0.0,0.0,0.0,0.0,0.0,0.0,0.336798404703913,0.14340237949912976,0.0,0.0,0.0,0.0,0.0,0.0,0.0,0.0,0.0,0.0,0.0,0.0,0.0,0.0,0.0,0.0,0.0,0.0,0.08595319859788352,0.0,0.0,0.0,0.0,0.0,0.0,0.0,0.0,0.0,0.0,0.0,0.0,0.0,0.0,0.0,0.0,0.0,0.0,0.0,0.0,0.0,0.0,0.1323751368630256,0.0,0.0,0.0,0.0,0.0,0.3241516724941956,0.0,0.0,0.0,0.0,0.0,0.19843604567413714,0.0,0.0,0.11421827001832528,0.0,0.0,0.1327402165787466,0.30639885761503965,0.21668214229266516,0.29602659100192247,0.0,0.0,0.0,0.0,0.27464127154763107,0.0,0.0,0.0,0.0,0.0,0.0,0.0,0.0,0.0,0.0,0.0,0.0,0.0,0.0,0.0,0.0,0.10215788944771201,0.0,0.22871772529902687,0.0,0.0,0.0,0.0,0.0,0.0,0.14826433622644963,0.0,0.0,0.0,0.0,0.0,0.0
7af890c71121d682203be3b23497272f4338cdc27f5af49c41f8275d582e85e1,0.0,0.0,0.0,0.0,0.31980511380210525,0.0,0.0,0.0,0.0,0.0,0.0,0.0,0.11507533641940054,0.0,0.0,0.0,0.0,0.0,0.0,0.0,0.0,0.0,0.0,0.0,0.0,0.0,0.0,0.0,0.0,0.0,0.0,0.0,0.0,0.0,0.0,0.0,0.0,0.0,0.0,0.0,0.0,0.0,0.210769066923633,0.0,0.0,0.0,0.0,0.0,0.0,0.0,0.2725118751950006,0.0,0.0,0.0,0.0,0.0,0.0,0.0,0.0,0.0,0.16698442312323125,0.0,0.0,0.0,0.0,0.0,0.0,0.0,0.0,0.0,0.0,0.0,0.0,0.0,0.0,0.0,0.0,0.0,0.0,0.10008791579048525,0.0,0.0,0.0,0.0,0.0,0.0,0.0,0.0,0.0,0.0,0.0,0.0,0.0,0.0,0.0,0.0,0.0,0.0,0.0,0.14052016757488967,0.0,0.0,0.0,0.0,0.0,0.0,0.18408148858686882,0.0,0.0,0.0,0.0,0.0,0.0,0.0,0.2310681923792767,0.2629983242473285,0.0,0.13300108405285735,0.0,0.12948871212596258,0.0,0.0,0.2523147988075482,0.0,0.18166117786586009,0.0,0.2090774485146463,0.0,0.0,0.0,0.0,0.0,0.0,0.0,0.0,0.0,0.0,0.0,0.0,0.0,0.37099213954617855,0.0,0.0,0.17730975805703222,0.0,0.11895741407147671,0.0,0.26632959334783873,0.0,0.0,0.0,0.0,0.0,0.0,0.17264591243880115,0.0,0.0,0.3048044006813095,0.0,0.0,0.0
7c2a9bae3bbdc9e38516754d76a192d6a3ce37849c06a8a8d3b06fb7f75916c1,0.0,0.0,0.0,0.0,0.0,0.0,0.0,0.0,0.0,0.0,0.0,0.0,0.0,0.0,0.0,0.0,0.0,0.5404393632707973,0.0,0.0,0.0,0.0,0.0,0.0,0.0,0.0,0.0,0.0,0.0,0.0,0.0,0.0,0.0,0.0,0.0,0.0,0.0,0.0,0.0,0.0,0.0,0.0,0.0,0.0,0.0,0.0,0.0,0.0,0.0,0.0,0.0,0.0,0.0,0.0,0.0,0.0,0.0,0.0,0.0,0.0,0.4006622080016379,0.0,0.0,0.0,0.0,0.0,0.0,0.0,0.0,0.0,0.0,0.0,0.0,0.0,0.0,0.0,0.0,0.0,0.0,0.0,0.0,0.0,0.0,0.0,0.0,0.0,0.0,0.0,0.0,0.0,0.0,0.0,0.0,0.0,0.0,0.0,0.0,0.0,0.0,0.3371639076045214,0.0,0.0,0.36985240276560893,0.0,0.0,0.0,0.4416848846734272,0.0,0.0,0.0,0.0,0.0,0.0,0.0,0.0,0.0,0.0,0.31912262836578104,0.0,0.0,0.0,0.0,0.0,0.0,0.0,0.0,0.0,0.0,0.0,0.0,0.0,0.0,0.0,0.0,0.0,0.0,0.0,0.0,0.0,0.0,0.0,0.0,0.0,0.0,0.0,0.0,0.0,0.0,0.0,0.0,0.0,0.0,0.0,0.0,0.0,0.0,0.0,0.0,0.0,0.0,0.0
7d69895163ce4782e47ea430fb72d171429c7e2adcf3e8c03b3f15be0ce101d4,0.0,0.0,0.0,0.0,0.0,0.0,0.0,0.0,0.0,0.0,0.0,0.0,0.0782036046565809,0.0,0.0,0.0,0.0,0.0,0.0,0.0,0.22080310482176885,0.0,0.25651477666700206,0.0,0.0,0.0,0.0,0.0,0.0,0.0,0.0,0.0,0.0,0.0,0.0,0.0,0.0,0.0,0.32414888635878425,0.0,0.0,0.0,0.1432357383988789,0.13540009612354573,0.0,0.0,0.0,0.0,0.0,0.0,0.0,0.0,0.2245050521289969,0.0,0.0,0.0,0.0,0.0,0.0,0.0,0.0,0.0,0.0,0.0,0.0,0.0,0.0,0.12766271888805897,0.0,0.0,0.0,0.0,0.0,0.0,0.0,0.07434547744579564,0.0,0.0,0.0,0.0680183611964716,0.0,0.2993387835254675,0.0,0.0,0.0,0.0,0.0,0.0,0.16293874229871255,0.0,0.0,0.0,0.0,0.0,0.0,0.0,0.0,0.0,0.0,0.0,0.0,0.0,0.10475398262611425,0.0,0.0,0.0,0.0,0.0,0.0,0.0,0.0,0.0,0.0,0.0,0.0,0.0,0.09773126545151554,0.0,0.09927398285873222,0.08799873513888218,0.0,0.0,0.0,0.0,0.0,0.0,0.14208613795970182,0.0,0.0,0.0,0.0,0.0,0.0,0.11198089747003405,0.0,0.3326104352404552,0.0,0.24612701559970762,0.0,0.0,0.0,0.392914817893757,0.0,0.12049725555708606,0.0,0.08084181085606267,0.16726313612974905,0.18099390255626452,0.0,0.0,0.0,0.2245050521289969,0.0,0.0,0.11732777067651888,0.0,0.0,0.0,0.0,0.0,0.0
efcad1ba15b2b2c8008c4865a16e5438338159a36127e85191ab7d9d8a69a0c6,0.0,0.0,0.0,0.0,0.0,0.0,0.0,0.0,0.0,0.0,0.0,0.0,0.28220816525183423,0.0,0.0,0.0,0.0,0.0,0.0,0.0,0.0,0.0,0.0,0.0,0.0,0.0,0.0,0.0,0.0,0.0,0.0,0.0,0.0,0.0,0.0,0.0,0.0,0.0,0.0,0.0,0.0,0.0,0.0,0.0,0.0,0.0,0.0,0.0,0.0,0.0,0.0,0.0,0.0,0.0,0.0,0.0,0.0,0.0,0.0,0.0,0.0,0.0,0.0,0.0,0.0,0.0,0.0,0.46068799292141144,0.0,0.0,0.0,0.0,0.0,0.0,0.0,0.2682855972801255,0.0,0.0,0.0,0.24545335219503214,0.0,0.0,0.0,0.0,0.0,0.0,0.0,0.0,0.0,0.0,0.0,0.0,0.0,0.0,0.0,0.0,0.0,0.0,0.0,0.34460849653883185,0.0,0.0,0.0,0.0,0.0,0.0,0.0,0.0,0.0,0.0,0.0,0.0,0.0,0.0,0.0,0.0,0.3526763405846568,0.0,0.0,0.0,0.37906129919346837,0.0,0.0,0.0,0.0,0.0,0.0,0.0,0.0,0.0,0.0,0.0,0.0,0.0,0.0,0.0,0.0,0.0,0.0,0.0,0.0,0.0,0.0,0.43483046028345784,0.0,0.0,0.0,0.0,0.0,0.0,0.0,0.0,0.0,0.0,0.0,0.0,0.0,0.0,0.0,0.0,0.0
fb6cdeca45534708b5438cad6df3126daf7cc86f1235b62302717e8b8025183f,0.0,0.0,0.0,0.0,0.0,0.0,0.0,0.0,0.0,0.0,0.33750687743498803,0.0,0.2197420184547892,0.0,0.0,0.0,0.0,0.0,0.0,0.0,0.0,0.3212563055672116,0.0,0.0,0.0,0.0,0.0,0.0,0.0,0.0,0.0,0.0,0.0,0.0,0.0,0.0,0.0,0.0,0.0,0.0,0.0,0.0,0.0,0.0,0.4262497649248567,0.0,0.0,0.45900971667820456,0.0,0.0,0.0,0.0,0.0,0.0,0.0,0.0,0.0,0.0,0.0,0.0,0.0,0.0,0.0,0.0,0.0,0.0,0.0,0.0,0.0,0.0,0.0,0.0,0.0,0.0,0.0,0.20890117979426648,0.0,0.0,0.0,0.1911228011411341,0.0,0.0,0.0,0.0,0.0,0.0,0.0,0.0,0.0,0.0,0.0,0.0,0.0,0.0,0.0,0.0,0.0,0.0,0.0,0.2683301758421427,0.0,0.0,0.0,0.0,0.0,0.0,0.0,0.0,0.0,0.0,0.0,0.0,0.0,0.0,0.0,0.0,0.2746122206356588,0.0,0.0,0.0,0.0,0.0,0.0,0.0,0.0,0.0,0.0,0.0,0.0,0.0,0.0,0.0,0.0,0.0,0.0,0.0,0.0,0.0,0.0,0.0,0.0,0.0,0.0,0.33858170950881455,0.0,0.0,0.0,0.0,0.0,0.0,0.0,0.0,0.0,0.0,0.0,0.0,0.0,0.0,0.0,0.0,0.0
13492a113107ae59e2fe02f3c3b9afa411a39caa73b78ea06dec0fb9a970f7a2,0.0,0.0,0.0,0.0,0.0,0.0,0.0,0.0,0.0,0.0,0.352832274880951,0.0,0.22971998925642556,0.0,0.0,0.0,0.0,0.0,0.0,0.0,0.0,0.33584380257543955,0.0,0.0,0.0,0.0,0.0,0.0,0.0,0.0,0.0,0.0,0.0,0.0,0.37564785603030315,0.0,0.0,0.0,0.0,0.0,0.0,0.0,0.0,0.0,0.0,0.0,0.0,0.0,0.0,0.0,0.0,0.0,0.0,0.0,0.0,0.0,0.0,0.0,0.0,0.0,0.0,0.0,0.0,0.0,0.44362632285394726,0.0,0.0,0.0,0.0,0.0,0.0,0.0,0.0,0.0,0.0,0.21838689348285462,0.0,0.0,0.0,0.19980124026134977,0.0,0.0,0.0,0.0,0.0,0.0,0.0,0.0,0.0,0.0,0.0,0.0,0.0,0.0,0.0,0.0,0.0,0.0,0.0,0.0,0.0,0.0,0.0,0.0,0.0,0.0,0.0,0.0,0.0,0.0,0.0,0.0,0.0,0.0,0.0,0.0,0.28708171890705514,0.2655043952108266,0.0,0.0,0.0,0.0,0.0,0.0,0.36264246645834297,0.0,0.0,0.0,0.0,0.0,0.0,0.0,0.0,0.0,0.0,0.0,0.0,0.0,0.0,0.0,0.0,0.0,0.0,0.0,0.0,0.0,0.0,0.0,0.0,0.0,0.0,0.0,0.0,0.0,0.0,0.0,0.0,0.0,0.0,0.0,0.0
ee2d8c841bb376f17fb4a469cd2bfcdb209e5f537bd3b5791a470066ef18676e,0.0,0.22469141219171768,0.0,0.0,0.0,0.0,0.0,0.0,0.0,0.0,0.16135503707265197,0.28210884148395093,0.10505410083390569,0.0,0.0,0.0,0.0,0.0,0.0,0.0,0.0,0.15358597575424388,0.0,0.0,0.0,0.0,0.0,0.0,0.0,0.0,0.0,0.0,0.0,0.0,0.0,0.0,0.0,0.0,0.0,0.0,0.0,0.3033219083252632,0.0,0.18188848728325857,0.2037811707552764,0.0,0.0,0.0,0.0,0.0,0.0,0.0,0.0,0.0,0.0,0.2934755861925822,0.3233737246716841,0.0,0.0,0.0,0.0,0.0,0.0,0.0,0.0,0.0,0.0,0.0,0.0,0.0,0.0,0.0,0.0,0.0,0.0,0.09987132074580445,0.0,0.0,0.0,0.09137184669517452,0.0,0.0,0.0,0.0,0.0,0.0,0.0,0.0,0.0,0.0,0.0,0.0,0.0,0.0,0.0,0.0,0.0,0.0,0.0,0.12828309099882,0.0,0.0,0.14072030952899237,0.0,0.0,0.0,0.16805091225785979,0.0,0.0,0.0,0.0,0.0,0.0,0.3050988107509236,0.0,0.0,0.13128640630383956,0.12141880032559309,0.1333588016974747,0.1182123002530721,0.14110840454302942,0.0,0.0,0.0,0.16584137219092873,0.0,0.19087012075552268,0.0,0.0,0.0,0.0,0.0,0.0,0.0,0.0,0.0,0.0,0.0,0.0,0.0,0.0,0.0,0.20332739773894215,0.0,0.0,0.1085981111300816,0.22469141219171768,0.0,0.0,0.0,0.0,0.0,0.0,0.0,0.15761119331257264,0.0,0.0,0.0,0.0,0.0,0.0
a7ac72fffdad0067658b52af3ad260c0b41b9e20876230743910b8715a74ea48,0.0,0.0,0.0,0.0,0.0,0.4739808803278028,0.0,0.0,0.0,0.0,0.0,0.0,0.0,0.0,0.0,0.0,0.0,0.0,0.0,0.0,0.0,0.0,0.0,0.0,0.0,0.0,0.0,0.0,0.0,0.0,0.0,0.0,0.0,0.0,0.0,0.0,0.0,0.0,0.0,0.0,0.0,0.0,0.3123793322084005,0.0,0.0,0.0,0.0,0.0,0.4198731315094821,0.0,0.0,0.0,0.0,0.0,0.0,0.4764492430109354,0.0,0.0,0.0,0.0,0.0,0.0,0.0,0.0,0.0,0.0,0.0,0.0,0.0,0.0,0.0,0.0,0.0,0.0,0.0,0.16213824047570322,0.0,0.0,0.0,0.14833958679567838,0.0,0.0,0.0,0.0,0.0,0.0,0.0,0.0,0.0,0.0,0.0,0.0,0.0,0.0,0.0,0.0,0.0,0.0,0.0,0.0,0.0,0.0,0.22845540857819935,0.0,0.0,0.0,0.0,0.0,0.0,0.0,0.0,0.0,0.0,0.0,0.0,0.0,0.0,0.0,0.21650421059526362,0.0,0.0,0.0,0.0,0.0,0.0,0.0,0.3098721966184224,0.0,0.0,0.0,0.0,0.0,0.0,0.0,0.0,0.0,0.0,0.0,0.0,0.0,0.0,0.0,0.0,0.0,0.0,0.17630593573937503,0.0,0.0,0.0,0.0,0.0,0.0,0.0,0.0,0.0,0.0,0.0,0.0,0.0,0.0,0.0
1761d6b84b6e51f55c366f85eae03edb19759e196103e9005fa325a1fa090f9a,0.0,0.0,0.0,0.0,0.0,0.0,0.0,0.0,0.0,0.0,0.24074172975760202,0.0,0.15674072784908769,0.0,0.0,0.0,0.0,0.0,0.0,0.0,0.0,0.22915028957501699,0.0,0.0,0.0,0.0,0.0,0.0,0.0,0.0,0.0,0.0,0.0,0.0,0.2563090768013872,0.0,0.0,0.0,0.0,0.0,0.0,0.0,0.0,0.0,0.0,0.0,0.0,0.0,0.0,0.0,0.0,0.0,0.44996756135505267,0.0,0.0,0.0,0.0,0.0,0.0,0.0,0.0,0.0,0.0,0.0,0.30269160712664056,0.0,0.0,0.2558698868879311,0.0,0.0,0.0,0.0,0.0,0.0,0.0,0.1490080194936556,0.0,0.0,0.0,0.13632680344920584,0.0,0.0,0.0,0.0,0.0,0.0,0.0,0.0,0.32657237700060415,0.0,0.0,0.0,0.0,0.0,0.0,0.0,0.0,0.0,0.0,0.0,0.0,0.0,0.0,0.0,0.35711656755883536,0.0,0.0,0.0,0.0,0.0,0.0,0.0,0.0,0.0,0.0,0.0,0.0,0.18115686095572442,0.19897134407149267,0.17637276256046325,0.0,0.0,0.0,0.0,0.24743534215570723,0.0,0.0,0.0,0.0,0.0,0.0,0.0,0.0,0.0,0.0,0.0,0.0,0.0,0.0,0.0,0.0,0.0,0.0,0.0,0.0,0.0,0.0,0.0,0.0,0.0,0.0,0.0,0.0,0.0,0.0,0.0,0.0,0.0,0.0,0.0,0.0
7cd8f10164a6c3209574751d16c4e9297334f11a08ade649055450d41e0d31e9,0.0,0.33159756660350903,0.39050723500845563,0.0,0.0,0.0,0.0,0.0,0.0,0.0,0.0,0.0,0.0,0.0,0.0,0.0,0.0,0.0,0.0,0.0,0.0,0.0,0.0,0.0,0.0,0.0,0.0,0.0,0.0,0.0,0.0,0.0,0.0,0.0,0.0,0.5460642191801113,0.0,0.0,0.0,0.0,0.0,0.0,0.0,0.0,0.0,0.0,0.0,0.0,0.0,0.0,0.0,0.0,0.0,0.0,0.0,0.0,0.0,0.0,0.0,0.0,0.0,0.0,0.0,0.0,0.0,0.0,0.0,0.0,0.0,0.0,0.0,0.0,0.0,0.0,0.0,0.0,0.0,0.0,0.0,0.1348457501096501,0.0,0.0,0.0,0.0,0.0,0.0,0.0,0.0,0.0,0.0,0.0,0.0,0.0,0.0,0.0,0.0,0.0,0.0,0.0,0.0,0.0,0.0,0.0,0.0,0.0,0.0,0.2480080258815526,0.0,0.0,0.0,0.0,0.0,0.0,0.0,0.0,0.0,0.0,0.1791887742177274,0.0,0.0,0.20824651515318068,0.0,0.33993692485505533,0.0,0.0,0.0,0.0,0.0,0.0,0.0,0.0,0.0,0.0,0.0,0.0,0.0,0.0,0.0,0.0,0.0,0.0,0.0,0.0,0.0,0.0,0.0,0.0,0.0,0.0,0.0,0.0,0.0,0.0,0.0,0.0,0.0,0.0,0.41065475009622293,0.0,0.0,0.0
7d9c97a133997396b0625a5d2b762fb8b333f5152d4dd893c7a463cc41372ab5,0.0,0.0,0.0,0.0,0.0,0.0,0.0,0.0,0.0,0.0,0.0,0.0,0.0,0.0,0.0,0.0,0.0,0.5404393632707973,0.0,0.0,0.0,0.0,0.0,0.0,0.0,0.0,0.0,0.0,0.0,0.0,0.0,0.0,0.0,0.0,0.0,0.0,0.0,0.0,0.0,0.0,0.0,0.0,0.0,0.0,0.0,0.0,0.0,0.0,0.0,0.0,0.0,0.0,0.0,0.0,0.0,0.0,0.0,0.0,0.0,0.0,0.4006622080016379,0.0,0.0,0.0,0.0,0.0,0.0,0.0,0.0,0.0,0.0,0.0,0.0,0.0,0.0,0.0,0.0,0.0,0.0,0.0,0.0,0.0,0.0,0.0,0.0,0.0,0.0,0.0,0.0,0.0,0.0,0.0,0.0,0.0,0.0,0.0,0.0,0.0,0.0,0.3371639076045214,0.0,0.0,0.36985240276560893,0.0,0.0,0.0,0.4416848846734272,0.0,0.0,0.0,0.0,0.0,0.0,0.0,0.0,0.0,0.0,0.31912262836578104,0.0,0.0,0.0,0.0,0.0,0.0,0.0,0.0,0.0,0.0,0.0,0.0,0.0,0.0,0.0,0.0,0.0,0.0,0.0,0.0,0.0,0.0,0.0,0.0,0.0,0.0,0.0,0.0,0.0,0.0,0.0,0.0,0.0,0.0,0.0,0.0,0.0,0.0,0.0,0.0,0.0,0.0,0.0
7dfcbf301686c56d31874642114b1c6ff8f78dfd76f4b88c2f056b7aff8fb19b,0.0,0.0,0.0,0.0,0.0,0.0,0.0,0.0,0.0,0.0,0.0,0.0,0.13309256901015173,0.0,0.0,0.0,0.0,0.0,0.0,0.0,0.0,0.19457738360334348,0.0,0.0,0.47443327764078286,0.0,0.0,0.0,0.0,0.0,0.0,0.0,0.0,0.0,0.21763860586995135,0.0,0.0,0.0,0.0,0.0,0.0,0.0,0.0,0.0,0.0,0.0,0.0,0.0,0.0,0.0,0.3151787922938614,0.0,0.0,0.0,0.0,0.0,0.0,0.0,0.0,0.0,0.0,0.0,0.0,0.0,0.0,0.0,0.0,0.0,0.0,0.0,0.0,0.0,0.0,0.0,0.0,0.0,0.0,0.0,0.0,0.0,0.0,0.0,0.0,0.0,0.0,0.0,0.0,0.0,0.0,0.0,0.0,0.0,0.0,0.0,0.0,0.0,0.0,0.0,0.0,0.0,0.0,0.0,0.17827792878574322,0.0,0.0,0.0,0.0,0.0,0.0,0.0,0.0,0.0,0.0,0.0,0.0,0.0,0.0,0.0,0.0,0.14976263281864163,0.0,0.0,0.0,0.0,0.0,0.0,0.0,0.0,0.0,0.0,0.0,0.0,0.0,0.0,0.0,0.0,0.0,0.0,0.0,0.0,0.0,0.0,0.0,0.0,0.0,0.13758245975380032,0.0,0.3080285566396741,0.0,0.6039383910500021,0.0,0.0,0.0,0.0,0.1996769136684263,0.0,0.0,0.0,0.0,0.0,0.0
7c34ba8d8accf8f66c806477c50af75634bfec7fa57f890ea299bebe306f6fd4,0.0,0.0,0.0,0.0,0.0,0.0,0.0,0.0,0.0,0.0,0.0,0.0,0.0,0.0,0.0,0.0,0.0,0.0,0.0,0.0,0.0,0.0,0.0,0.0,0.0,0.0,0.0,0.0,0.0,0.0,0.0,0.0,0.0,0.0,0.6277719463324297,0.0,0.0,0.0,0.0,0.0,0.0,0.0,0.7031441966301832,0.0,0.0,0.0,0.0,0.0,0.0,0.0,0.0,0.0,0.0,0.0,0.0,0.0,0.0,0.0,0.0,0.0,0.0,0.0,0.0,0.0,0.0,0.0,0.0,0.0,0.0,0.0,0.0,0.0,0.0,0.0,0.0,0.0,0.0,0.0,0.0,0.33390211461338054,0.0,0.0,0.0,0.0,0.0,0.0,0.0,0.0,0.0,0.0,0.0,0.0,0.0,0.0,0.0,0.0,0.0,0.0,0.0,0.0,0.0,0.0,0.0,0.0,0.0,0.0,0.0,0.0,0.0,0.0,0.0,0.0,0.0,0.0,0.0,0.0,0.0,0.0,0.0,0.0,0.0,0.0,0.0,0.0,0.0,0.0,0.0,0.0,0.0,0.0,0.0,0.0,0.0,0.0,0.0,0.0,0.0,0.0,0.0,0.0,0.0,0.0,0.0,0.0,0.0,0.0,0.0,0.0,0.0,0.0,0.0,0.0,0.0,0.0,0.0,0.0,0.0,0.0,0.0,0.0,0.0
7f998f0b351d2086150d75ae51ca411e6343f5859e55caecf6873d0e637add7f,0.0,0.0,0.0,0.0,0.0,0.0,0.0,0.0,0.0,0.0,0.0,0.0,0.38936410980401875,0.0,0.0,0.0,0.0,0.0,0.0,0.0,0.0,0.0,0.0,0.0,0.0,0.0,0.0,0.0,0.0,0.0,0.0,0.0,0.0,0.0,0.0,0.0,0.0,0.0,0.0,0.0,0.0,0.0,0.0,0.0,0.0,0.0,0.0,0.0,0.0,0.0,0.0,0.0,0.0,0.0,0.0,0.0,0.0,0.0,0.0,0.0,0.0,0.0,0.0,0.0,0.0,0.0,0.0,0.0,0.0,0.0,0.0,0.0,0.0,0.0,0.0,0.3701550685643622,0.0,0.0,0.0,0.3386532983216361,0.0,0.0,0.0,0.0,0.0,0.0,0.0,0.0,0.0,0.0,0.0,0.0,0.0,0.0,0.0,0.0,0.0,0.0,0.0,0.0,0.0,0.0,0.0,0.0,0.0,0.0,0.0,0.0,0.0,0.0,0.0,0.0,0.0,0.0,0.0,0.0,0.48658942691521334,0.0,0.0,0.0,0.0,0.0,0.0,0.0,0.0,0.0,0.0,0.0,0.0,0.0,0.0,0.0,0.0,0.0,0.0,0.0,0.0,0.0,0.0,0.0,0.0,0.0,0.0,0.599937903755745,0.0,0.0,0.0,0.0,0.0,0.0,0.0,0.0,0.0,0.0,0.0,0.0,0.0,0.0,0.0,0.0,0.0
8bd2067d088dad4df24e11244f5b72ce1fd22b686e2ce9ba6ee8711f8f6a836d,0.0,0.20244746564788424,0.23841308865560285,0.0,0.0,0.0,0.0,0.0,0.0,0.0,0.0,0.0,0.09465398015120689,0.0,0.0,0.0,0.0,0.0,0.0,0.3077613393981931,0.26724973603075236,0.0,0.0,0.0,0.0,0.0,0.0,0.0,0.0,0.0,0.0,0.0,0.0,0.0,0.15478219733349205,0.0,0.0,0.0,0.0,0.0,0.0,0.0,0.1733658288372778,0.0,0.0,0.0,0.0,0.0,0.0,0.0,0.0,0.0,0.0,0.0,0.0,0.2644221604852484,0.0,0.0,0.0,0.0,0.1373512410536162,0.0,0.0,0.0,0.0,0.0,0.0,0.0,0.0,0.0,0.0,0.0,0.0,0.0,0.0,0.08998428368345247,0.0,0.0,0.0,0.0823262385267386,0.0,0.0,0.0,0.0,0.0,0.2782173040303376,0.0,0.0,0.0,0.0,0.0,0.0,0.0,0.0,0.0,0.0,0.0,0.0,0.0,0.11558335231801671,0.0,0.0,0.12678931407054653,0.35120690423818524,0.0,0.0,0.0,0.0,0.0,0.0,0.0,0.0,0.0,0.0,0.19006265613103168,0.0,0.11828934613465587,0.10939861104682173,0.0,0.10650954729957114,0.12713898854744796,0.0,0.2075388237071368,0.2835351812222338,0.0,0.0,0.0,0.0,0.0,0.0,0.0,0.0,0.0,0.0,0.0,0.0,0.0,0.0,0.0,0.0,0.0,0.0,0.1831984407748784,0.0,0.0,0.09784714136592494,0.0,0.0,0.0,0.0,0.0,0.0,0.0,0.0,0.14200803819170285,0.0,0.0,0.25071358111819697,0.0,0.0,0.0
8be8a6f8fe7c182a5017040aa8c8cfc9cefbcf8f3d1be932c7e710101c34d57e,0.0,0.0,0.0,0.0,0.0,0.0,0.0,0.0,0.0,0.0,0.0,0.0,0.26699299396447423,0.0,0.0,0.0,0.0,0.0,0.0,0.0,0.0,0.0,0.0,0.0,0.0,0.0,0.0,0.0,0.0,0.0,0.0,0.0,0.0,0.0,0.0,0.0,0.0,0.0,0.0,0.0,0.0,0.0,0.0,0.0,0.0,0.0,0.0,0.0,0.0,0.0,0.0,0.0,0.0,0.0,0.0,0.0,0.0,0.0,0.0,0.0,0.0,0.0,0.0,0.0,0.5156065021751814,0.0,0.0,0.4358501335487943,0.0,0.0,0.0,0.0,0.0,0.0,0.0,0.25382105720239206,0.0,0.0,0.0,0.0,0.0,0.0,0.0,0.0,0.0,0.0,0.0,0.0,0.0,0.0,0.0,0.0,0.0,0.0,0.0,0.0,0.0,0.0,0.0,0.0,0.0,0.0,0.357637983234513,0.0,0.0,0.0,0.0,0.0,0.0,0.0,0.0,0.0,0.0,0.0,0.0,0.0,0.33366189808542446,0.0,0.0,0.0,0.0,0.0,0.0,0.0,0.0,0.0,0.0,0.0,0.0,0.0,0.0,0.0,0.0,0.0,0.0,0.0,0.0,0.0,0.0,0.0,0.0,0.0,0.0,0.41138670227500174,0.0,0.0,0.0,0.0,0.0,0.0,0.0,0.0,0.0,0.0,0.0,0.0,0.0,0.0,0.0,0.0,0.0
8c3d8d288d56f4db9d853ae63d2ca6a1e8846dac9a81f00da7352e17239b0044,0.0,0.0,0.0,0.0,0.0,0.0,0.0,0.0,0.0,0.0,0.0,0.0,0.0,0.0,0.0,0.0,0.0,0.0,0.0,0.0,0.0,0.0,0.0,0.0,0.0,0.0,0.0,0.0,0.0,0.0,0.0,0.0,0.0,0.0,0.3468012285132245,0.0,0.0,0.0,0.0,0.0,0.0,0.0,0.0,0.0,0.0,0.0,0.0,0.0,0.0,0.0,0.0,0.0,0.0,0.0,0.0,0.0,0.0,0.0,0.0,0.0,0.3077458516277511,0.0,0.0,0.4299564924015985,0.0,0.0,0.0,0.3462069787760011,0.0,0.0,0.0,0.0,0.0,0.0,0.0,0.20161659845845376,0.0,0.0,0.0,0.1844581686512071,0.0,0.0,0.0,0.0,0.0,0.0,0.0,0.0,0.0,0.0,0.0,0.0,0.0,0.0,0.0,0.0,0.0,0.0,0.0,0.0,0.0,0.0,0.0,0.0,0.0,0.0,0.33925508388446063,0.0,0.0,0.0,0.0,0.0,0.0,0.0,0.0,0.0,0.0,0.24511586837686503,0.0,0.0,0.28486452692736797,0.0,0.0,0.0,0.0,0.0,0.0,0.0,0.0,0.0,0.0,0.0,0.0,0.0,0.0,0.0,0.0,0.0,0.0,0.0,0.0,0.0,0.0,0.0,0.0,0.21923392623182072,0.0,0.0,0.0,0.0,0.0,0.0,0.0,0.0,0.3181797580862935,0.0,0.0,0.0,0.0,0.0,0.0
df73bdcf081ccb79d66e5f2ca25509a8390eabbc21516a7ccf6178545eb579b2,0.0,0.0,0.0,0.0,0.0,0.0,0.0,0.0,0.0,0.0,0.22549912444827663,0.0,0.1468166608711458,0.0,0.0,0.0,0.0,0.0,0.0,0.0,0.0,0.2146415983563135,0.0,0.0,0.0,0.0,0.0,0.0,0.0,0.0,0.0,0.0,0.0,0.0,0.2400808221534921,0.0,0.0,0.0,0.0,0.0,0.0,0.0,0.0,0.0,0.0,0.0,0.0,0.0,0.0,0.0,0.0,0.0,0.0,0.0,0.0,0.0,0.0,0.0,0.2835266343463822,0.0,0.0,0.0,0.0,0.0,0.0,0.0,0.0,0.0,0.0,0.0,0.0,0.0,0.0,0.0,0.0,0.1395735503164467,0.0,0.0,0.0,0.1276952477145582,0.0,0.0,0.0,0.0,0.0,0.0,0.0,0.0,0.0,0.0,0.0,0.0,0.0,0.0,0.0,0.0,0.0,0.0,0.0,0.0,0.0,0.0,0.0,0.0,0.0,0.0,0.23485683660323994,0.0,0.0,0.0,0.0,0.0,0.0,0.4263859123503281,0.0,0.0,0.0,0.1696868821805252,0.0,0.16520568982350411,0.19720377035654063,0.0,0.0,0.0,0.23176892959044554,0.0,0.2667474526644462,0.0,0.0,0.0,0.0,0.0,0.0,0.0,0.0,0.0,0.0,0.0,0.0,0.0,0.0,0.0,0.28415691879413346,0.0,0.0,0.1517695351868296,0.31401385193488224,0.0,0.0,0.0,0.0,0.0,0.0,0.0,0.22026697610456608,0.0,0.0,0.0,0.0,0.0,0.0
8d341b6bdc6a7f2d2ab5f2d1444a87bdac59377e095ab3b57296ddf86b08a481,0.0,0.0,0.0,0.0,0.0,0.0,0.0,0.0,0.0,0.0,0.0,0.0,0.0,0.0,0.0,0.0,0.0,0.0,0.0,0.0,0.0,0.0,0.0,0.0,0.0,0.0,0.0,0.0,0.0,0.0,0.0,0.0,0.0,0.0,0.323269440145354,0.0,0.0,0.0,0.0,0.0,0.0,0.0,0.36208217349318633,0.0,0.0,0.0,0.0,0.0,0.0,0.0,0.0,0.0,0.0,0.0,0.0,0.0,0.0,0.0,0.0,0.0,0.28686411979928916,0.0,0.0,0.40078230167003226,0.0,0.0,0.0,0.32271551252323377,0.0,0.0,0.0,0.0,0.0,0.0,0.0,0.18793614194244307,0.0,0.0,0.0,0.17194197715432594,0.0,0.0,0.0,0.0,0.0,0.0,0.0,0.0,0.0,0.0,0.0,0.0,0.0,0.0,0.0,0.0,0.0,0.0,0.0,0.0,0.0,0.0,0.0,0.0,0.0,0.0,0.31623533026098455,0.0,0.0,0.0,0.0,0.0,0.0,0.0,0.0,0.0,0.0,0.22848382020050967,0.0,0.0,0.265535380401831,0.0,0.0,0.0,0.0,0.0,0.0,0.0,0.0,0.0,0.0,0.0,0.0,0.0,0.0,0.0,0.0,0.0,0.0,0.0,0.0,0.0,0.0,0.0,0.0,0.20435806671638132,0.0,0.0,0.0,0.0,0.0,0.0,0.0,0.0,0.2965900458401002,0.0,0.0,0.0,0.0,0.0,0.0
8e6fa9080a9558a6c0cd83da765e87b2125a0a9093ca1e76e510e324e9c54222,0.0,0.0,0.0,0.0,0.0,0.0,0.0,0.0,0.0,0.0,0.0,0.0,0.0,0.0,0.0,0.0,0.0,0.0,0.0,0.0,0.0,0.0,0.0,0.0,0.0,0.0,0.0,0.0,0.0,0.0,0.0,0.0,0.0,0.0,0.3468012285132245,0.0,0.0,0.0,0.0,0.0,0.0,0.0,0.0,0.0,0.0,0.0,0.0,0.0,0.0,0.0,0.0,0.0,0.0,0.0,0.0,0.0,0.0,0.0,0.0,0.0,0.3077458516277511,0.0,0.0,0.4299564924015985,0.0,0.0,0.0,0.3462069787760011,0.0,0.0,0.0,0.0,0.0,0.0,0.0,0.20161659845845376,0.0,0.0,0.0,0.1844581686512071,0.0,0.0,0.0,0.0,0.0,0.0,0.0,0.0,0.0,0.0,0.0,0.0,0.0,0.0,0.0,0.0,0.0,0.0,0.0,0.0,0.0,0.0,0.0,0.0,0.0,0.0,0.33925508388446063,0.0,0.0,0.0,0.0,0.0,0.0,0.0,0.0,0.0,0.0,0.24511586837686503,0.0,0.0,0.28486452692736797,0.0,0.0,0.0,0.0,0.0,0.0,0.0,0.0,0.0,0.0,0.0,0.0,0.0,0.0,0.0,0.0,0.0,0.0,0.0,0.0,0.0,0.0,0.0,0.0,0.21923392623182072,0.0,0.0,0.0,0.0,0.0,0.0,0.0,0.0,0.3181797580862935,0.0,0.0,0.0,0.0,0.0,0.0
8e8b6818423930eea073315743b788aef2f41198961946046b7b89042cb3f95a,0.0,0.0,0.0,0.0,0.3607489252827356,0.0,0.0,0.0,0.0,0.0,0.0,0.0,0.1298081304776644,0.0,0.0,0.0,0.0,0.0,0.0,0.0,0.0,0.0,0.0,0.0,0.0,0.0,0.0,0.0,0.0,0.0,0.0,0.0,0.0,0.0,0.0,0.0,0.0,0.0,0.0,0.0,0.0,0.0,0.0,0.0,0.0,0.0,0.0,0.0,0.0,0.0,0.3074008571489337,0.0,0.0,0.0,0.0,0.0,0.0,0.0,0.0,0.0,0.18836300165587508,0.0,0.0,0.0,0.0,0.0,0.0,0.0,0.0,0.0,0.0,0.0,0.0,0.0,0.0,0.0,0.0,0.0,0.0,0.11290190962221197,0.0,0.0,0.0,0.0,0.0,0.0,0.0,0.0,0.0,0.0,0.0,0.0,0.0,0.0,0.0,0.0,0.0,0.0,0.0,0.1585105967522451,0.0,0.0,0.0,0.0,0.0,0.0,0.2076489596512573,0.0,0.0,0.0,0.0,0.0,0.0,0.0,0.0,0.29666931117960016,0.0,0.1500288646516047,0.1647823035338732,0.14606681294218576,0.0,0.0,0.28461800194688913,0.0,0.20491878288493304,0.0,0.23584508688997277,0.0,0.0,0.0,0.0,0.0,0.0,0.0,0.0,0.0,0.0,0.0,0.0,0.0,0.0,0.0,0.0,0.2000102621898574,0.0,0.13418722036838204,0.0,0.30042707394189383,0.0,0.0,0.0,0.0,0.0,0.0,0.1947493166269213,0.0,0.0,0.3438277101324666,0.0,0.0,0.0
9a4e6b6a25332f21e4e15bd5c67ea1613db78bf02fa3cef2eba47f27723f8d58,0.0,0.0,0.28623229452618076,0.0,0.31581341165766175,0.0,0.0,0.0,0.0,0.0,0.0,0.0,0.11363900395524201,0.0,0.0,0.0,0.0,0.0,0.0,0.0,0.0,0.0,0.0,0.0,0.0,0.0,0.0,0.0,0.0,0.0,0.0,0.0,0.0,0.0,0.0,0.0,0.0,0.0,0.0,0.0,0.0,0.0,0.0,0.0,0.0,0.0,0.0,0.0,0.0,0.0,0.26911047168500135,0.0,0.0,0.0,0.0,0.0,0.0,0.0,0.0,0.0,0.16490017852831174,0.0,0.0,0.0,0.0,0.0,0.0,0.0,0.0,0.0,0.0,0.0,0.0,0.0,0.0,0.0,0.0,0.0,0.0,0.09883865137646784,0.0,0.0,0.0,0.0,0.0,0.0,0.0,0.0,0.0,0.0,0.0,0.0,0.0,0.0,0.0,0.0,0.0,0.0,0.0,0.13876624110517932,0.0,0.0,0.0,0.0,0.0,0.0,0.1817838440495171,0.0,0.0,0.0,0.0,0.0,0.0,0.0,0.22818407527412063,0.2597156657482129,0.0,0.13134100830824116,0.0,0.12787247665139703,0.0,0.0,0.2491654885557486,0.0,0.17939374285011486,0.0,0.20646781263462996,0.0,0.0,0.0,0.0,0.0,0.0,0.0,0.0,0.0,0.0,0.0,0.0,0.0,0.36636153779815733,0.0,0.0,0.17509663603076916,0.0,0.0,0.0,0.2630053550445289,0.0,0.0,0.0,0.0,0.0,0.0,0.17049100299811656,0.0,0.0,0.3009999324995147,0.0,0.0,0.0
9b5b364a32c759ada38bdc4cbfaad3ed8dc333f87796e27eef52a96d43c821a2,0.0,0.21972823747792883,0.258763860512236,0.0,0.0,0.0,0.0,0.0,0.0,0.0,0.0,0.0,0.0,0.0,0.0,0.0,0.0,0.0,0.0,0.0,0.0,0.0,0.0,0.0,0.0,0.0,0.0,0.0,0.0,0.0,0.0,0.0,0.0,0.0,0.16799429572609528,0.0,0.0,0.0,0.0,0.0,0.0,0.0,0.0,0.0,0.0,0.31185918447712235,0.0,0.0,0.0,0.0,0.24328514248454353,0.0,0.0,0.0,0.0,0.0,0.0,0.0,0.0,0.0,0.14907544540275472,0.0,0.0,0.20827561206610445,0.198395093907828,0.0,0.0,0.16770643467520385,0.0,0.0,0.0,0.0,0.0,0.0,0.0,0.09766527820540093,0.0,0.0,0.0,0.08935354775510315,0.0,0.0,0.0,0.0,0.3233291960487623,0.30196573543071187,0.0,0.0,0.0,0.0,0.0,0.0,0.0,0.0,0.0,0.0,0.0,0.0,0.0,0.0,0.0,0.0,0.1376119598365933,0.0,0.0,0.0,0.0,0.0,0.0,0.0,0.0,0.0,0.0,0.0,0.20628626942004746,0.0,0.0,0.11873679875874915,0.13041305924123278,0.11560112658269499,0.13799148227840152,0.0,0.2252541902437411,0.0,0.0,0.0,0.0,0.0,0.0,0.0,0.0,0.0,0.0,0.0,0.0,0.0,0.0,0.0,0.0,0.0,0.0,0.0,0.0,0.0,0.3077375428413899,0.10619930383313801,0.21972823747792883,0.0,0.0,0.0,0.0,0.0,0.0,0.0,0.15412974343592317,0.0,0.0,0.0,0.0,0.0,0.0
9bd421c6f7f7d8278036944fcad3e04db408619678acf1b2024ef69d85c3932b,0.0,0.0,0.0,0.0,0.0,0.0,0.0,0.0,0.0,0.0,0.0,0.0,0.0,0.0,0.0,0.0,0.0,0.5254983841664272,0.0,0.0,0.0,0.0,0.0,0.0,0.0,0.0,0.0,0.0,0.0,0.0,0.0,0.0,0.0,0.0,0.0,0.0,0.0,0.0,0.0,0.0,0.0,0.0,0.0,0.0,0.0,0.0,0.0,0.0,0.0,0.0,0.0,0.0,0.0,0.0,0.0,0.0,0.0,0.0,0.0,0.0,0.3895855061836326,0.0,0.0,0.0,0.0,0.0,0.0,0.0,0.0,0.0,0.0,0.0,0.0,0.0,0.0,0.0,0.0,0.0,0.0,0.23351160908778335,0.0,0.0,0.0,0.0,0.0,0.0,0.0,0.0,0.0,0.0,0.0,0.0,0.0,0.0,0.0,0.0,0.0,0.0,0.0,0.32784267891425894,0.0,0.0,0.3596274683937335,0.0,0.0,0.0,0.4294740705079254,0.0,0.0,0.0,0.0,0.0,0.0,0.0,0.0,0.0,0.0,0.3103001686298944,0.0,0.0,0.0,0.0,0.0,0.0,0.0,0.0,0.0,0.0,0.0,0.0,0.0,0.0,0.0,0.0,0.0,0.0,0.0,0.0,0.0,0.0,0.0,0.0,0.0,0.0,0.0,0.0,0.0,0.0,0.0,0.0,0.0,0.0,0.0,0.0,0.0,0.0,0.0,0.0,0.0,0.0,0.0
9bdd7f965d1c67396afb0a84c78b4d12118ff377db7efdca4a1340933120f376,0.0,0.20918235124819962,0.0,0.0,0.0,0.0,0.0,0.0,0.0,0.0,0.0,0.0,0.09780286485516101,0.0,0.0,0.0,0.0,0.0,0.0,0.0,0.0,0.14298488408452828,0.0,0.0,0.0,0.0,0.0,0.0,0.0,0.0,0.0,0.0,0.0,0.0,0.15993138696977835,0.0,0.0,0.0,0.0,0.0,0.0,0.0,0.0,0.0,0.0,0.0,0.0,0.0,0.0,0.0,0.23160863943935267,0.0,0.0,0.0,0.0,0.0,0.0,0.0,0.0,0.33331814159115986,0.14192054940527704,0.0,0.0,0.0,0.0,0.0,0.0,0.0,0.0,0.0,0.0,0.0,0.0,0.0,0.0,0.0,0.0,0.15803565513771292,0.0,0.08506501224567577,0.0,0.0,0.0,0.0,0.0,0.0,0.0,0.0,0.0,0.0,0.0,0.0,0.0,0.0,0.0,0.0,0.0,0.0,0.0,0.0,0.0,0.0,0.13100725536645186,0.0,0.0,0.0,0.0,0.0,0.320802092766493,0.0,0.0,0.0,0.0,0.0,0.1963855322502169,0.0,0.0,0.11303801017624938,0.12415386697074857,0.11005283500687017,0.13136856257776044,0.30323272432267806,0.21444308516982505,0.2929676381961223,0.0,0.0,0.0,0.0,0.27180330119724555,0.0,0.0,0.0,0.0,0.14004536785376628,0.0,0.0,0.0,0.0,0.0,0.0,0.0,0.0,0.0,0.0,0.0,0.10110225400123729,0.0,0.22635430002303486,0.0,0.0,0.0,0.0,0.0,0.0,0.14673226572641457,0.0,0.0,0.25905415126004944,0.0,0.0,0.0
9c1ac77f687ad2bfe197e4a8f2b969d7caf4f8ddb707177b9461d7e74879ae33,0.0,0.0,0.0,0.0,0.0,0.0,0.0,0.0,0.0,0.0,0.0,0.0,0.0,0.0,0.0,0.0,0.0,0.0,0.0,0.0,0.0,0.0,0.0,0.0,0.0,0.0,0.0,0.0,0.0,0.0,0.0,0.0,0.0,0.0,0.2958272443329135,0.0,0.0,0.0,0.0,0.0,0.0,0.0,0.33134518239150246,0.0,0.0,0.0,0.0,0.0,0.0,0.0,0.0,0.0,0.0,0.0,0.0,0.0,0.0,0.0,0.0,0.0,0.26251235508080584,0.0,0.0,0.3667600742808786,0.0,0.0,0.0,0.29532033937481406,0.0,0.0,0.0,0.0,0.0,0.0,0.0,0.17198232829058602,0.0,0.0,0.0,0.15734590088022596,0.0,0.0,0.0,0.0,0.0,0.0,0.0,0.0,0.0,0.0,0.0,0.0,0.0,0.0,0.0,0.0,0.0,0.0,0.0,0.0,0.0,0.0,0.2423258878508897,0.0,0.0,0.0,0.28939025683885194,0.0,0.0,0.0,0.0,0.0,0.0,0.0,0.0,0.0,0.22608033678163536,0.20908793257470265,0.2296490828668425,0.0,0.24299420267454108,0.0,0.0,0.0,0.0,0.0,0.0,0.0,0.0,0.0,0.0,0.0,0.0,0.0,0.0,0.0,0.0,0.0,0.0,0.0,0.0,0.0,0.0,0.0,0.0,0.18701020333603477,0.0,0.0,0.0,0.0,0.0,0.0,0.0,0.0,0.27141265168151496,0.0,0.0,0.0,0.0,0.0,0.0
9c7cd86de644d67f36634e5b6df6b66d015e00b57914a094cb2341030c9bd8f1,0.0,0.0,0.0,0.0,0.0,0.0,0.0,0.0,0.0,0.0,0.0,0.0,0.0,0.0,0.0,0.0,0.0,0.0,0.0,0.0,0.0,0.0,0.0,0.0,0.0,0.0,0.40634017572157827,0.0,0.0,0.0,0.0,0.0,0.0,0.0,0.0,0.0,0.0,0.0,0.0,0.0,0.0,0.0,0.0,0.0,0.37539860566274597,0.0,0.0,0.0,0.0,0.0,0.0,0.0,0.0,0.0,0.0,0.0,0.0,0.0,0.3737318685575132,0.0,0.0,0.0,0.0,0.0,0.0,0.0,0.0,0.0,0.0,0.0,0.0,0.0,0.0,0.0,0.0,0.0,0.0,0.3127124102391118,0.0,0.1683220472189311,0.0,0.0,0.0,0.0,0.0,0.0,0.0,0.0,0.0,0.0,0.0,0.0,0.0,0.0,0.0,0.0,0.0,0.0,0.0,0.0,0.0,0.0,0.0,0.0,0.0,0.0,0.0,0.0,0.0,0.0,0.0,0.0,0.0,0.0,0.0,0.0,0.0,0.0,0.0,0.21776659994009828,0.0,0.0,0.0,0.0,0.0,0.0,0.35161431710661567,0.0,0.0,0.0,0.0,0.0,0.0,0.27711420240079415,0.0,0.0,0.0,0.0,0.0,0.0,0.0,0.0,0.37456268074883997,0.0,0.0,0.20005567415646516,0.0,0.0,0.0,0.0,0.0,0.0,0.0,0.0,0.0,0.0,0.0,0.0,0.0,0.0,0.0
9c9b76b13f64015e65a489b7f42491b92540a8f26885f6b9b22b97ac083bbde3,0.0,0.0,0.0,0.0,0.0,0.0,0.0,0.0,0.0,0.0,0.0,0.0,0.0,0.0,0.0,0.0,0.0,0.0,0.0,0.0,0.0,0.0,0.0,0.0,0.0,0.0,0.0,0.0,0.0,0.0,0.0,0.0,0.0,0.0,0.3468012285132245,0.0,0.0,0.0,0.0,0.0,0.0,0.0,0.0,0.0,0.0,0.0,0.0,0.0,0.0,0.0,0.0,0.0,0.0,0.0,0.0,0.0,0.0,0.0,0.0,0.0,0.3077458516277511,0.0,0.0,0.4299564924015985,0.0,0.0,0.0,0.3462069787760011,0.0,0.0,0.0,0.0,0.0,0.0,0.0,0.20161659845845376,0.0,0.0,0.0,0.1844581686512071,0.0,0.0,0.0,0.0,0.0,0.0,0.0,0.0,0.0,0.0,0.0,0.0,0.0,0.0,0.0,0.0,0.0,0.0,0.0,0.0,0.0,0.0,0.0,0.0,0.0,0.0,0.33925508388446063,0.0,0.0,0.0,0.0,0.0,0.0,0.0,0.0,0.0,0.0,0.24511586837686503,0.0,0.0,0.28486452692736797,0.0,0.0,0.0,0.0,0.0,0.0,0.0,0.0,0.0,0.0,0.0,0.0,0.0,0.0,0.0,0.0,0.0,0.0,0.0,0.0,0.0,0.0,0.0,0.0,0.21923392623182072,0.0,0.0,0.0,0.0,0.0,0.0,0.0,0.0,0.3181797580862935,0.0,0.0,0.0,0.0,0.0,0.0
dc20b344d15ca9f8bf167c5a179d635c56658e3069977a5c8cc93841ad26e847,0.0,0.22780715285592948,0.0,0.0,0.0,0.0,0.0,0.0,0.0,0.0,0.0,0.28602077554752453,0.10651086026550836,0.0,0.0,0.0,0.0,0.0,0.0,0.0,0.0,0.0,0.34936509197492605,0.0,0.3796778206020666,0.0,0.0,0.0,0.0,0.0,0.0,0.0,0.0,0.0,0.0,0.0,0.0,0.0,0.0,0.0,0.0,0.0,0.0,0.0,0.20660695423373507,0.0,0.0,0.2224859866920791,0.0,0.0,0.0,0.0,0.0,0.0,0.0,0.0,0.32785786874229733,0.0,0.0,0.0,0.0,0.0,0.0,0.0,0.0,0.0,0.0,0.0,0.0,0.0,0.0,0.0,0.0,0.0,0.0,0.10125621183799598,0.0,0.0,0.0,0.09263887766683164,0.0,0.0,0.0,0.0,0.0,0.0,0.0,0.0,0.0,0.0,0.0,0.0,0.0,0.0,0.0,0.0,0.0,0.0,0.0,0.1300619611356758,0.0,0.0,0.14267164352259354,0.0,0.0,0.0,0.17038123301143154,0.0,0.0,0.0,0.0,0.0,0.0,0.0,0.0,0.0,0.13310692267689114,0.1231024850284667,0.0,0.11985152120644901,0.14306512015493555,0.0,0.0,0.0,0.0,0.0,0.19351686987254532,0.0,0.0,0.0,0.0,0.0,0.0,0.0,0.0,0.0,0.0,0.0,0.0,0.0,0.0,0.0,0.20614688885835816,0.0,0.0,0.1101040144826133,0.0,0.0,0.0,0.0,0.0,0.0,0.0,0.0,0.0,0.3796778206020666,0.0,0.0,0.0,0.0,0.0
9cee5522a7ca2bfca7cd3d9daba23e9a30deb6205f56c12045839075f7627297,0.0,0.0,0.0,0.0,0.0,0.0,0.0,0.0,0.0,0.0,0.0,0.0,0.0,0.0,0.0,0.0,0.0,0.0,0.0,0.0,0.0,0.0,0.0,0.0,0.0,0.0,0.0,0.0,0.0,0.0,0.0,0.0,0.0,0.0,0.0,0.0,0.0,0.0,0.0,0.0,0.0,0.0,0.0,0.0,0.0,0.0,0.0,0.0,0.0,0.0,0.0,0.0,0.0,0.0,0.0,0.0,0.0,0.0,0.0,0.0,0.0,0.0,0.0,0.0,0.0,0.0,0.0,0.0,0.0,0.0,0.0,0.0,0.0,0.0,0.0,0.0,0.0,0.0,0.0,0.0,0.0,0.0,0.0,0.0,0.0,0.0,0.0,0.0,0.0,0.0,0.0,0.0,0.0,0.0,0.0,0.0,0.0,0.0,0.0,0.28052883794327954,0.0,0.0,0.3077264867865552,0.0,0.0,0.0,0.0,0.0,0.0,0.0,0.0,0.0,0.0,0.0,0.0,0.0,0.28709647320942816,0.0,0.0,0.0,0.0,0.0,0.0,0.0,0.0,0.0,0.0,0.0,0.0,0.0,0.0,0.0,0.0,0.0,0.0,0.0,0.0,0.0,0.8293286324974224,0.0,0.0,0.0,0.0,0.0,0.0,0.23748181994178136,0.0,0.0,0.0,0.0,0.0,0.0,0.0,0.0,0.0,0.0,0.0,0.0,0.0,0.0,0.0
9e9767d7a2b431e1d73b191eeb6a239b6be9c20dfca8e2805cceff1d77f12673,0.0,0.0,0.0,0.0,0.0,0.0,0.0,0.0,0.0,0.0,0.0,0.0,0.0,0.0,0.0,0.0,0.0,0.0,0.0,0.0,0.0,0.0,0.0,0.0,0.0,0.0,0.0,0.0,0.0,0.0,0.0,0.0,0.0,0.0,0.2958272443329135,0.0,0.0,0.0,0.0,0.0,0.0,0.0,0.33134518239150246,0.0,0.0,0.0,0.0,0.0,0.0,0.0,0.0,0.0,0.0,0.0,0.0,0.0,0.0,0.0,0.0,0.0,0.26251235508080584,0.0,0.0,0.3667600742808786,0.0,0.0,0.0,0.29532033937481406,0.0,0.0,0.0,0.0,0.0,0.0,0.0,0.17198232829058602,0.0,0.0,0.0,0.15734590088022596,0.0,0.0,0.0,0.0,0.0,0.0,0.0,0.0,0.0,0.0,0.0,0.0,0.0,0.0,0.0,0.0,0.0,0.0,0.0,0.0,0.0,0.0,0.2423258878508897,0.0,0.0,0.0,0.28939025683885194,0.0,0.0,0.0,0.0,0.0,0.0,0.0,0.0,0.0,0.22608033678163536,0.20908793257470265,0.2296490828668425,0.0,0.24299420267454108,0.0,0.0,0.0,0.0,0.0,0.0,0.0,0.0,0.0,0.0,0.0,0.0,0.0,0.0,0.0,0.0,0.0,0.0,0.0,0.0,0.0,0.0,0.0,0.0,0.18701020333603477,0.0,0.0,0.0,0.0,0.0,0.0,0.0,0.0,0.27141265168151496,0.0,0.0,0.0,0.0,0.0,0.0
9f256973ee6ddcd3d781761480c00220a140fad833dc9a6a085f45c419d1714e,0.0,0.3078830844550458,0.36257977779485445,0.0,0.0,0.0,0.0,0.0,0.0,0.0,0.0,0.0,0.0,0.0,0.0,0.0,0.0,0.0,0.0,0.0,0.0,0.0,0.0,0.0,0.0,0.0,0.0,0.0,0.0,0.0,0.0,0.0,0.0,0.0,0.0,0.5070119718723223,0.0,0.0,0.0,0.0,0.0,0.0,0.2636555906032625,0.0,0.0,0.0,0.0,0.0,0.0,0.0,0.0,0.0,0.0,0.0,0.0,0.0,0.0,0.0,0.0,0.0,0.0,0.0,0.0,0.0,0.0,0.0,0.0,0.0,0.0,0.0,0.0,0.0,0.0,0.0,0.0,0.0,0.0,0.0,0.0,0.12520214154362275,0.0,0.0,0.0,0.0,0.0,0.0,0.0,0.0,0.0,0.0,0.0,0.0,0.0,0.0,0.0,0.0,0.0,0.0,0.0,0.0,0.0,0.0,0.0,0.0,0.0,0.0,0.23027152086830546,0.0,0.0,0.0,0.0,0.0,0.0,0.0,0.0,0.0,0.0,0.16637393654893268,0.0,0.0,0.1933535884147143,0.0,0.31562604640485925,0.0,0.0,0.0,0.26153950849877444,0.0,0.0,0.0,0.0,0.0,0.0,0.0,0.0,0.0,0.0,0.0,0.0,0.0,0.0,0.0,0.0,0.0,0.0,0.0,0.0,0.0,0.0,0.0,0.0,0.0,0.0,0.0,0.0,0.0,0.0,0.3812864261966004,0.0,0.0,0.0
9feed0c7fa8c1d32390e1c168051267df61f11b048ec62aa5b8e66f60e8083af,0.0,0.0,0.0,0.0,0.0,0.0,0.0,0.0,0.0,0.0,0.0,0.4639380168820466,0.0,0.0,0.0,0.0,0.0,0.0,0.0,0.0,0.0,0.25257759607074076,0.0,0.0,0.0,0.0,0.0,0.0,0.0,0.0,0.0,0.0,0.0,0.0,0.2825129769186348,0.0,0.0,0.0,0.0,0.0,0.0,0.0,0.0,0.0,0.0,0.0,0.0,0.0,0.0,0.0,0.0,0.0,0.0,0.0,0.0,0.0,0.0,0.0,0.0,0.0,0.0,0.0,0.0,0.0,0.0,0.0,0.0,0.0,0.0,0.0,0.0,0.0,0.0,0.0,0.0,0.0,0.0,0.0,0.0,0.1502642495415063,0.0,0.0,0.0,0.0,0.0,0.0,0.0,0.0,0.0,0.0,0.0,0.0,0.0,0.0,0.0,0.0,0.0,0.0,0.0,0.0,0.0,0.0,0.0,0.0,0.0,0.0,0.0,0.0,0.0,0.0,0.0,0.0,0.0,0.0,0.0,0.0,0.0,0.0,0.21931328939512262,0.19440432941409716,0.0,0.0,0.0,0.0,0.0,0.0,0.0,0.0,0.0,0.0,0.0,0.0,0.0,0.0,0.0,0.0,0.0,0.0,0.6236800137009828,0.0,0.0,0.0,0.3343791324957761,0.0,0.0,0.17859345368192733,0.0,0.0,0.0,0.0,0.0,0.0,0.0,0.0,0.0,0.0,0.0,0.0,0.0,0.0,0.0
12d8bfa1aeb557c146b98f069f3456cc8392863a2f4ad938722cd7ca1a773b39,0.0,0.0,0.0,0.0,0.0,0.0,0.0,0.0,0.0,0.0,0.0,0.0,0.0,0.0,0.0,0.0,0.0,0.0,0.0,0.0,0.0,0.0,0.0,0.0,0.0,0.0,0.0,0.0,0.0,0.0,0.0,0.0,0.0,0.0,0.0,0.0,0.0,0.0,0.0,0.0,0.0,0.0,0.0,0.0,0.0,0.0,0.0,0.0,0.0,0.0,0.0,0.0,0.0,0.0,0.0,0.0,0.0,0.0,0.0,0.0,0.0,0.0,0.0,0.0,0.0,0.0,0.0,0.4478978214442973,0.0,0.0,0.0,0.0,0.0,0.0,0.0,0.0,0.0,0.0,0.0,0.23863878243752923,0.0,0.0,0.0,0.0,0.0,0.0,0.0,0.0,0.0,0.0,0.0,0.0,0.0,0.0,0.0,0.0,0.0,0.0,0.0,0.0,0.0,0.0,0.3675237454952791,0.0,0.0,0.0,0.0,0.0,0.0,0.0,0.0,0.0,0.0,0.0,0.0,0.0,0.0,0.31711337488219155,0.3482974593977859,0.30873885580581756,0.36853734569019314,0.0,0.0,0.0,0.0,0.0,0.0,0.0,0.0,0.0,0.0,0.0,0.0,0.3928789897086929,0.0,0.0,0.0,0.0,0.0,0.0,0.0,0.0,0.0,0.0,0.0,0.0,0.0,0.0,0.0,0.0,0.0,0.0,0.0,0.0,0.0,0.0,0.0,0.0,0.0,0.0,0.0
14c8e3f1f23d16c2c9a4272cd05d00461d27b372cc5f588b4bbfc6102bbed708,0.0,0.0,0.0,0.0,0.0,0.0,0.0,0.0,0.0,0.0,0.0,0.0,0.0,0.0,0.0,0.0,0.0,0.0,0.0,0.0,0.0,0.0,0.0,0.0,0.0,0.0,0.0,0.0,0.0,0.0,0.0,0.0,0.0,0.0,0.0,0.0,0.0,0.0,0.0,0.0,0.0,0.0,0.0,0.0,0.0,0.0,0.0,0.0,0.0,0.0,0.0,0.0,0.0,0.0,0.0,0.0,0.0,0.0,0.0,0.0,0.0,0.0,0.0,0.0,0.0,0.0,0.0,0.4612232988511086,0.0,0.0,0.0,0.0,0.0,0.0,0.0,0.0,0.0,0.0,0.0,0.0,0.0,0.0,0.0,0.0,0.0,0.0,0.0,0.0,0.0,0.0,0.0,0.0,0.0,0.0,0.0,0.0,0.0,0.0,0.0,0.0,0.0,0.0,0.37845800132905766,0.0,0.0,0.0,0.0,0.0,0.0,0.0,0.0,0.0,0.0,0.0,0.0,0.0,0.0,0.326547863977861,0.3586597110182309,0.3179241932883238,0.37950175730024516,0.0,0.0,0.0,0.0,0.0,0.0,0.0,0.0,0.0,0.0,0.0,0.0,0.40456759333728887,0.0,0.0,0.0,0.0,0.0,0.0,0.0,0.0,0.0,0.0,0.0,0.0,0.0,0.0,0.0,0.0,0.0,0.0,0.0,0.0,0.0,0.0,0.0,0.0,0.0,0.0,0.0
14cb7790f76528aeaaa36a1e35271b25002d592e1e3129e4caa5e8e14141b319,0.0,0.22469141219171768,0.0,0.0,0.0,0.0,0.0,0.0,0.0,0.0,0.16135503707265197,0.28210884148395093,0.10505410083390569,0.0,0.0,0.0,0.0,0.0,0.0,0.0,0.0,0.15358597575424388,0.0,0.0,0.0,0.0,0.0,0.0,0.0,0.0,0.0,0.0,0.0,0.0,0.0,0.0,0.0,0.0,0.0,0.0,0.0,0.3033219083252632,0.0,0.18188848728325857,0.2037811707552764,0.0,0.0,0.0,0.0,0.0,0.0,0.0,0.0,0.0,0.0,0.2934755861925822,0.3233737246716841,0.0,0.0,0.0,0.0,0.0,0.0,0.0,0.0,0.0,0.0,0.0,0.0,0.0,0.0,0.0,0.0,0.0,0.0,0.09987132074580445,0.0,0.0,0.0,0.09137184669517452,0.0,0.0,0.0,0.0,0.0,0.0,0.0,0.0,0.0,0.0,0.0,0.0,0.0,0.0,0.0,0.0,0.0,0.0,0.0,0.12828309099882,0.0,0.0,0.14072030952899237,0.0,0.0,0.0,0.16805091225785979,0.0,0.0,0.0,0.0,0.0,0.0,0.3050988107509236,0.0,0.0,0.13128640630383956,0.12141880032559309,0.1333588016974747,0.1182123002530721,0.14110840454302942,0.0,0.0,0.0,0.16584137219092873,0.0,0.19087012075552268,0.0,0.0,0.0,0.0,0.0,0.0,0.0,0.0,0.0,0.0,0.0,0.0,0.0,0.0,0.0,0.20332739773894215,0.0,0.0,0.1085981111300816,0.22469141219171768,0.0,0.0,0.0,0.0,0.0,0.0,0.0,0.15761119331257264,0.0,0.0,0.0,0.0,0.0,0.0
15ef2d6ef402a46165be39d9dbc0081cf28ebca0f407306dd80ac3a73a32c07b,0.0,0.0,0.0,0.0,0.0,0.0,0.0,0.0,0.0,0.0,0.0,0.0,0.0,0.0,0.0,0.0,0.0,0.0,0.0,0.0,0.0,0.0,0.0,0.0,0.0,0.0,0.0,0.0,0.0,0.0,0.0,0.0,0.0,0.0,0.0,0.0,0.0,0.0,0.0,0.0,0.0,0.0,0.0,0.0,0.0,0.0,0.0,0.0,0.0,0.0,0.0,0.0,0.0,0.0,0.0,0.0,0.0,0.0,0.0,0.0,0.0,0.0,0.0,0.0,0.0,0.0,0.0,0.3114283556849975,0.0,0.0,0.0,0.0,0.0,0.0,0.0,0.0,0.0,0.0,0.0,0.0,0.0,0.0,0.0,0.0,0.0,0.0,0.0,0.0,0.0,0.0,0.0,0.0,0.0,0.0,0.0,0.0,0.0,0.0,0.0,0.0,0.0,0.0,0.25554336336288863,0.0,0.0,0.0,0.0,0.0,0.0,0.0,0.0,0.0,0.0,0.0,0.0,0.0,0.0,0.0,0.24217511199260086,0.21466957327371367,0.0,0.0,0.0,0.0,0.0,0.0,0.0,0.0,0.0,0.0,0.0,0.0,0.0,0.27317314773628065,0.8113905283611749,0.0,0.0,0.0,0.0,0.0,0.0,0.0,0.0,0.0,0.0,0.0,0.0,0.0,0.0,0.0,0.0,0.0,0.0,0.0,0.0,0.0,0.0,0.0,0.0,0.0,0.0
017b236bf38a1cf9a52fc0bdee2d5f23f038b00f9811c8a58b8b66b1c756b8d6,0.0,0.20161267024274437,0.23742998842118912,0.0,0.0,0.0,0.0,0.0,0.0,0.0,0.0,0.0,0.0,0.0,0.0,0.0,0.0,0.0,0.0,0.0,0.0,0.0,0.0,0.0,0.0,0.0,0.0,0.0,0.0,0.0,0.0,0.0,0.0,0.0,0.15414395043463391,0.0,0.0,0.0,0.0,0.0,0.0,0.0,0.0,0.0,0.0,0.28614785083538874,0.0,0.0,0.0,0.0,0.22322741842236934,0.0,0.0,0.0,0.0,0.0,0.0,0.0,0.0,0.0,0.13678487098543643,0.0,0.41297919347410694,0.19110426032205882,0.18203834475227623,0.0,0.0,0.15387982218332105,0.0,0.0,0.0,0.0,0.0,0.0,0.0,0.08961323203154194,0.0,0.0,0.0,0.08198676494812585,0.0,0.0,0.0,0.0,0.0,0.27707007046882254,0.0,0.0,0.0,0.0,0.0,0.0,0.0,0.0,0.0,0.0,0.0,0.0,0.0,0.0,0.0,0.0,0.0,0.0,0.0,0.0,0.0,0.0,0.0,0.0,0.0,0.0,0.0,0.0,0.0,0.0,0.0,0.10894750410143071,0.11966111142538617,0.10607035345535748,0.12661472886796085,0.0,0.2066830340045372,0.2823660193079449,0.0,0.0,0.0,0.0,0.0,0.0,0.0,0.0,0.0,0.0,0.0,0.0,0.0,0.0,0.0,0.0,0.0,0.0,0.0,0.0,0.2823660193079449,0.0974436670929478,0.20161267024274437,0.21816321776794317,0.0,0.0,0.0,0.0,0.0,0.0,0.14142246574506354,0.0,0.0,0.0,0.0,0.0,0.0
21e2829a1d9fd66d9e8586f0a3243506fa44111e55fe9807bfe618258f8966ff,0.0,0.0,0.0,0.0,0.0,0.0,0.0,0.0,0.0,0.0,0.0,0.0,0.17204955015164072,0.0,0.0,0.0,0.0,0.0,0.0,0.0,0.0,0.0,0.0,0.0,0.0,0.0,0.0,0.0,0.0,0.0,0.0,0.7317498472117572,0.0,0.0,0.0,0.0,0.0,0.0,0.0,0.0,0.0,0.0,0.0,0.0,0.0,0.0,0.0,0.3593869566915138,0.0,0.0,0.0,0.0,0.0,0.0,0.0,0.0,0.0,0.0,0.0,0.0,0.0,0.0,0.0,0.0,0.3322554102910451,0.0,0.0,0.2808606259555274,0.0,0.0,0.0,0.0,0.0,0.0,0.0,0.0,0.0,0.0,0.0,0.0,0.0,0.0,0.0,0.0,0.0,0.0,0.0,0.0,0.0,0.0,0.0,0.0,0.0,0.0,0.0,0.0,0.0,0.0,0.0,0.0,0.0,0.0,0.0,0.0,0.0,0.0,0.0,0.0,0.0,0.0,0.0,0.0,0.0,0.0,0.0,0.0,0.2150108083958873,0.0,0.0,0.0,0.0,0.0,0.0,0.0,0.0,0.0,0.0,0.0,0.0,0.0,0.0,0.0,0.0,0.0,0.0,0.0,0.0,0.0,0.0,0.0,0.0,0.0,0.0,0.2650964582021907,0.0,0.0,0.0,0.0,0.0,0.0,0.0,0.0,0.0,0.0,0.0,0.0,0.0,0.0,0.0,0.0,0.0
d079f48508ae054f1bd2cfb60de81ef8e6fefa7be94d8a05e4aeccaa12152cac,0.0,0.0,0.0,0.0,0.0,0.0,0.0,0.0,0.0,0.0,0.0,0.0,0.0,0.0,0.0,0.0,0.0,0.0,0.0,0.0,0.0,0.0,0.0,0.0,0.0,0.0,0.38309175487243335,0.0,0.0,0.0,0.0,0.0,0.0,0.0,0.0,0.0,0.0,0.0,0.0,0.0,0.0,0.0,0.33417909049267,0.0,0.3539204814405187,0.0,0.0,0.0,0.0,0.0,0.0,0.0,0.0,0.0,0.0,0.0,0.0,0.0,0.35234910533570524,0.0,0.0,0.0,0.0,0.0,0.0,0.0,0.0,0.0,0.0,0.0,0.0,0.0,0.0,0.0,0.0,0.0,0.0,0.2948208254233127,0.0,0.15869163894097468,0.0,0.0,0.0,0.0,0.0,0.0,0.0,0.0,0.0,0.0,0.0,0.0,0.0,0.0,0.0,0.0,0.0,0.0,0.0,0.22279788244765825,0.0,0.0,0.2443984373648037,0.0,0.0,0.0,0.0,0.0,0.0,0.0,0.0,0.0,0.0,0.0,0.0,0.0,0.0,0.0,0.0,0.20530726201392746,0.0,0.0,0.0,0.0,0.0,0.0,0.0,0.0,0.0,0.0,0.0,0.0,0.0,0.26125933993427025,0.0,0.0,0.0,0.0,0.0,0.0,0.0,0.0,0.35313238328694296,0.0,0.0,0.18860965236501986,0.0,0.0,0.0,0.0,0.0,0.0,0.0,0.0,0.0,0.0,0.0,0.0,0.0,0.0,0.0
23b0842149aafb9e6e909bab3937921836ad4b3dc2610e2d661c7291f7fad273,0.0,0.0,0.0,0.0,0.0,0.0,0.0,0.0,0.0,0.0,0.0,0.0,0.0,0.0,0.0,0.0,0.0,0.0,0.0,0.0,0.0,0.0,0.0,0.0,0.0,0.0,0.0,0.0,0.0,0.0,0.0,0.0,0.0,0.0,0.0,0.0,0.0,0.0,0.0,0.0,0.0,0.0,1.0,0.0,0.0,0.0,0.0,0.0,0.0,0.0,0.0,0.0,0.0,0.0,0.0,0.0,0.0,0.0,0.0,0.0,0.0,0.0,0.0,0.0,0.0,0.0,0.0,0.0,0.0,0.0,0.0,0.0,0.0,0.0,0.0,0.0,0.0,0.0,0.0,0.0,0.0,0.0,0.0,0.0,0.0,0.0,0.0,0.0,0.0,0.0,0.0,0.0,0.0,0.0,0.0,0.0,0.0,0.0,0.0,0.0,0.0,0.0,0.0,0.0,0.0,0.0,0.0,0.0,0.0,0.0,0.0,0.0,0.0,0.0,0.0,0.0,0.0,0.0,0.0,0.0,0.0,0.0,0.0,0.0,0.0,0.0,0.0,0.0,0.0,0.0,0.0,0.0,0.0,0.0,0.0,0.0,0.0,0.0,0.0,0.0,0.0,0.0,0.0,0.0,0.0,0.0,0.0,0.0,0.0,0.0,0.0,0.0,0.0,0.0,0.0,0.0,0.0,0.0,0.0,0.0,0.0
24af6536df79d1e84d9a8cbfae9fff2746db52a91ccd1f8c9cb66475c28db643,0.0,0.22780715285592948,0.0,0.0,0.0,0.0,0.0,0.0,0.0,0.0,0.0,0.28602077554752453,0.10651086026550836,0.0,0.0,0.0,0.0,0.0,0.0,0.0,0.0,0.0,0.34936509197492605,0.0,0.3796778206020666,0.0,0.0,0.0,0.0,0.0,0.0,0.0,0.0,0.0,0.0,0.0,0.0,0.0,0.0,0.0,0.0,0.0,0.0,0.0,0.20660695423373507,0.0,0.0,0.2224859866920791,0.0,0.0,0.0,0.0,0.0,0.0,0.0,0.0,0.32785786874229733,0.0,0.0,0.0,0.0,0.0,0.0,0.0,0.0,0.0,0.0,0.0,0.0,0.0,0.0,0.0,0.0,0.0,0.0,0.10125621183799598,0.0,0.0,0.0,0.09263887766683164,0.0,0.0,0.0,0.0,0.0,0.0,0.0,0.0,0.0,0.0,0.0,0.0,0.0,0.0,0.0,0.0,0.0,0.0,0.0,0.1300619611356758,0.0,0.0,0.14267164352259354,0.0,0.0,0.0,0.17038123301143154,0.0,0.0,0.0,0.0,0.0,0.0,0.0,0.0,0.0,0.13310692267689114,0.1231024850284667,0.0,0.11985152120644901,0.14306512015493555,0.0,0.0,0.0,0.0,0.0,0.19351686987254532,0.0,0.0,0.0,0.0,0.0,0.0,0.0,0.0,0.0,0.0,0.0,0.0,0.0,0.0,0.0,0.20614688885835816,0.0,0.0,0.1101040144826133,0.0,0.0,0.0,0.0,0.0,0.0,0.0,0.0,0.0,0.3796778206020666,0.0,0.0,0.0,0.0,0.0
24b6a4ab640619edb4c457633d0644aa379ec958a9d9dcf0f07f374a7e53fe05,0.0,0.0,0.0,0.0,0.0,0.0,0.0,0.0,0.0,0.0,0.0,0.0,0.0,0.0,0.0,0.0,0.0,0.0,0.0,0.0,0.0,0.0,0.0,0.0,0.0,0.0,0.0,0.0,0.0,0.0,0.0,0.0,0.0,0.0,0.3468012285132245,0.0,0.0,0.0,0.0,0.0,0.0,0.0,0.0,0.0,0.0,0.0,0.0,0.0,0.0,0.0,0.0,0.0,0.0,0.0,0.0,0.0,0.0,0.0,0.0,0.0,0.3077458516277511,0.0,0.0,0.4299564924015985,0.0,0.0,0.0,0.3462069787760011,0.0,0.0,0.0,0.0,0.0,0.0,0.0,0.20161659845845376,0.0,0.0,0.0,0.1844581686512071,0.0,0.0,0.0,0.0,0.0,0.0,0.0,0.0,0.0,0.0,0.0,0.0,0.0,0.0,0.0,0.0,0.0,0.0,0.0,0.0,0.0,0.0,0.0,0.0,0.0,0.0,0.33925508388446063,0.0,0.0,0.0,0.0,0.0,0.0,0.0,0.0,0.0,0.0,0.24511586837686503,0.0,0.0,0.28486452692736797,0.0,0.0,0.0,0.0,0.0,0.0,0.0,0.0,0.0,0.0,0.0,0.0,0.0,0.0,0.0,0.0,0.0,0.0,0.0,0.0,0.0,0.0,0.0,0.0,0.21923392623182072,0.0,0.0,0.0,0.0,0.0,0.0,0.0,0.0,0.3181797580862935,0.0,0.0,0.0,0.0,0.0,0.0
26b8405b53da2fa69471859793721f24e5c407bb4d2af8537e21e244c4363f55,0.4577242576671058,0.0,0.0,0.0,0.0,0.0,0.0,0.0,0.0,0.0,0.18664768372841045,0.0,0.12152149038886585,0.0,0.0,0.0,0.0,0.0,0.0,0.0,0.0,0.1776608102713894,0.0,0.0,0.0,0.0,0.0,0.0,0.0,0.0,0.0,0.0,0.0,0.0,0.0,0.0,0.0,0.0,0.0,0.0,0.0,0.0,0.0,0.21039978338574392,0.0,0.0,0.0,0.0,0.2991668708731748,0.0,0.0,0.0,0.0,0.0,0.0,0.0,0.0,0.0,0.0,0.0,0.0,0.0,0.0,0.0,0.0,0.0,0.0,0.0,0.0,0.0,0.0,0.0,0.0,0.0,0.0,0.1155263016654902,0.24636505041750648,0.19636161349012135,0.0,0.10569452217325465,0.0,0.0,0.0,0.0,0.0,0.0,0.0,0.0,0.0,0.0,0.0,0.0,0.0,0.0,0.0,0.0,0.0,0.0,0.0,0.1483916599744556,0.0,0.0,0.0,0.0,0.0,0.0,0.0,0.0,0.0,0.0,0.0,0.0,0.0,0.0,0.0,0.0,0.15186574950619788,0.14045138133277021,0.15426299601928478,0.13674225751321725,0.16322736085833603,0.0,0.0,0.0,0.19183725867721574,0.0,0.0,0.0,0.0,0.0,0.0,0.0,0.0,0.17400841835103548,0.0,0.0,0.0,0.0,0.0,0.0,0.0,0.0,0.0,0.0,0.0,0.0,0.2599121316576346,0.0,0.0,0.0,0.0,0.0,0.0,0.0,0.0,0.0,0.4280149480070478,0.0,0.0,0.0,0.0
26f410656c8f990f26ad3f78cb5cdbf983dcc22cf13c34b0f441ceacd25126ad,0.0,0.0,0.0,0.0,0.0,0.0,0.0,0.0,0.0,0.0,0.0,0.0,0.0,0.0,0.0,0.0,0.0,0.0,0.0,0.0,0.0,0.0,0.0,0.0,0.0,0.0,0.0,0.0,0.0,0.0,0.0,0.0,0.0,0.0,0.31353919825837034,0.0,0.0,0.0,0.0,0.0,0.0,0.0,0.0,0.0,0.0,0.0,0.0,0.0,0.0,0.0,0.0,0.0,0.0,0.0,0.0,0.0,0.0,0.0,0.0,0.0,0.2782296591057924,0.0,0.0,0.3887189629965157,0.0,0.0,0.0,0.3130019435693571,0.0,0.0,0.0,0.0,0.0,0.0,0.0,0.1822793618905327,0.0,0.0,0.0,0.16676661313759253,0.0,0.0,0.0,0.0,0.0,0.0,0.0,0.0,0.0,0.0,0.0,0.0,0.0,0.0,0.0,0.0,0.0,0.0,0.0,0.0,0.0,0.0,0.2568345750755533,0.0,0.0,0.0,0.3067168114202738,0.0,0.0,0.0,0.0,0.0,0.0,0.0,0.0,0.0,0.239616360204893,0.22160657613805385,0.24339877648932529,0.0,0.2575429036626121,0.0,0.0,0.0,0.0,0.0,0.0,0.0,0.0,0.0,0.0,0.0,0.0,0.0,0.0,0.0,0.0,0.0,0.0,0.0,0.0,0.0,0.0,0.0,0.0,0.19820699527636934,0.0,0.0,0.0,0.0,0.0,0.0,0.0,0.0,0.28766283983510893,0.0,0.0,0.0,0.0,0.0,0.0
27d3e4db70a4947d13b65667f4c8815a042f3a452ce2c58bbac2f44e9700795c,0.0,0.0,0.0,0.0,0.0,0.0,0.0,0.0,0.0,0.0,0.0,0.0,0.0,0.0,0.0,0.0,0.0,0.0,0.0,0.0,0.0,0.0,0.0,0.0,0.0,0.0,0.0,0.0,0.0,0.0,0.0,0.0,0.0,0.0,0.3468012285132245,0.0,0.0,0.0,0.0,0.0,0.0,0.0,0.0,0.0,0.0,0.0,0.0,0.0,0.0,0.0,0.0,0.0,0.0,0.0,0.0,0.0,0.0,0.0,0.0,0.0,0.3077458516277511,0.0,0.0,0.4299564924015985,0.0,0.0,0.0,0.3462069787760011,0.0,0.0,0.0,0.0,0.0,0.0,0.0,0.20161659845845376,0.0,0.0,0.0,0.1844581686512071,0.0,0.0,0.0,0.0,0.0,0.0,0.0,0.0,0.0,0.0,0.0,0.0,0.0,0.0,0.0,0.0,0.0,0.0,0.0,0.0,0.0,0.0,0.0,0.0,0.0,0.0,0.33925508388446063,0.0,0.0,0.0,0.0,0.0,0.0,0.0,0.0,0.0,0.0,0.24511586837686503,0.0,0.0,0.28486452692736797,0.0,0.0,0.0,0.0,0.0,0.0,0.0,0.0,0.0,0.0,0.0,0.0,0.0,0.0,0.0,0.0,0.0,0.0,0.0,0.0,0.0,0.0,0.0,0.0,0.21923392623182072,0.0,0.0,0.0,0.0,0.0,0.0,0.0,0.0,0.3181797580862935,0.0,0.0,0.0,0.0,0.0,0.0
28dbc28a9cc80258bbc6d96c50d7d1b55da2c40b219323375d3113b29a11a138,0.0,0.0,0.0,0.0,0.0,0.0,0.0,0.0,0.0,0.0,0.0,0.0,0.0,0.0,0.0,0.0,0.0,0.0,0.0,0.0,0.0,0.0,0.0,0.0,0.0,0.0,0.0,0.0,0.0,0.0,0.0,0.0,0.0,0.0,0.3348776442082856,0.0,0.0,0.0,0.0,0.0,0.0,0.0,0.0,0.0,0.0,0.0,0.0,0.0,0.0,0.0,0.0,0.0,0.0,0.0,0.0,0.0,0.0,0.0,0.0,0.0,0.29716505402760995,0.0,0.0,0.41517389631165763,0.0,0.0,0.0,0.33430382573328793,0.0,0.0,0.0,0.0,0.0,0.0,0.0,0.1946846953642791,0.0,0.0,0.0,0.17811619998495873,0.0,0.0,0.0,0.0,0.0,0.0,0.0,0.0,0.0,0.0,0.0,0.0,0.0,0.0,0.0,0.0,0.0,0.0,0.0,0.0,0.0,0.0,0.0,0.0,0.0,0.0,0.32759094817503004,0.0,0.0,0.0,0.0,0.0,0.0,0.0,0.0,0.0,0.0,0.23668839038435724,0.2599636961715944,0.0,0.27507042609079757,0.0,0.0,0.0,0.0,0.0,0.0,0.0,0.0,0.0,0.0,0.0,0.0,0.0,0.0,0.0,0.0,0.0,0.0,0.0,0.0,0.0,0.0,0.0,0.0,0.2116963110591911,0.0,0.0,0.0,0.0,0.0,0.0,0.0,0.0,0.30724022599198225,0.0,0.0,0.0,0.0,0.0,0.0
30dcc7a8ae98e52ee5547379048ca1fc90925e09a2a81c055021ba225c1d064c,0.0,0.20659351822637784,0.0,0.0,0.0,0.0,0.0,0.0,0.0,0.0,0.0,0.0,0.09659246022659179,0.0,0.0,0.0,0.0,0.0,0.0,0.0,0.0,0.14121530846148644,0.0,0.0,0.0,0.0,0.0,0.0,0.0,0.0,0.0,0.0,0.0,0.0,0.0,0.0,0.0,0.0,0.0,0.0,0.0,0.0,0.0,0.0,0.0,0.0,0.0,0.0,0.0,0.0,0.22874225950652374,0.0,0.0,0.0,0.0,0.0,0.0,0.0,0.0,0.3291930086314504,0.1401641459487563,0.0,0.0,0.0,0.0,0.0,0.0,0.0,0.0,0.0,0.0,0.0,0.0,0.0,0.0,0.09182713002482665,0.0,0.0,0.0,0.08401225080863663,0.0,0.0,0.0,0.0,0.0,0.0,0.0,0.0,0.0,0.0,0.0,0.0,0.0,0.0,0.0,0.0,0.0,0.0,0.0,0.0,0.0,0.0,0.0,0.0,0.0,0.4231818587164324,0.0,0.0,0.31683185796289803,0.0,0.0,0.0,0.0,0.0,0.19395507218576258,0.0,0.12071187015579092,0.11163905595415977,0.0,0.0,0.12974275011891184,0.29947992737140905,0.21178914550007594,0.2893418815700896,0.0,0.0,0.0,0.0,0.268439473621062,0.0,0.0,0.0,0.0,0.0,0.0,0.0,0.0,0.0,0.0,0.0,0.0,0.0,0.0,0.0,0.0,0.09985101625494931,0.0,0.22355294759997268,0.0,0.0,0.0,0.0,0.0,0.0,0.144916312647139,0.0,0.0,0.0,0.0,0.0,0.0
33d32078ebe0c9429e405fdeb347dfb1ba5543e61d1179d13edffc7943b57640,0.0,0.0,0.0,0.0,0.0,0.0,0.0,0.0,0.0,0.0,0.0,0.0,0.0,0.0,0.0,0.0,0.0,0.5254983841664272,0.0,0.0,0.0,0.0,0.0,0.0,0.0,0.0,0.0,0.0,0.0,0.0,0.0,0.0,0.0,0.0,0.0,0.0,0.0,0.0,0.0,0.0,0.0,0.0,0.0,0.0,0.0,0.0,0.0,0.0,0.0,0.0,0.0,0.0,0.0,0.0,0.0,0.0,0.0,0.0,0.0,0.0,0.3895855061836326,0.0,0.0,0.0,0.0,0.0,0.0,0.0,0.0,0.0,0.0,0.0,0.0,0.0,0.0,0.0,0.0,0.0,0.0,0.23351160908778335,0.0,0.0,0.0,0.0,0.0,0.0,0.0,0.0,0.0,0.0,0.0,0.0,0.0,0.0,0.0,0.0,0.0,0.0,0.0,0.32784267891425894,0.0,0.0,0.3596274683937335,0.0,0.0,0.0,0.4294740705079254,0.0,0.0,0.0,0.0,0.0,0.0,0.0,0.0,0.0,0.0,0.3103001686298944,0.0,0.0,0.0,0.0,0.0,0.0,0.0,0.0,0.0,0.0,0.0,0.0,0.0,0.0,0.0,0.0,0.0,0.0,0.0,0.0,0.0,0.0,0.0,0.0,0.0,0.0,0.0,0.0,0.0,0.0,0.0,0.0,0.0,0.0,0.0,0.0,0.0,0.0,0.0,0.0,0.0,0.0,0.0
33f1b0ff64ac9ed2e5bf583bd5195cc4f3ecf25d60be43690a2d88729c1eb626,0.0,0.0,0.0,0.0,0.0,0.0,0.0,0.0,0.0,0.0,0.0,0.0,0.0,0.0,0.0,0.0,0.0,0.0,0.0,0.0,0.0,0.0,0.0,0.0,0.0,0.0,0.0,0.0,0.0,0.0,0.0,0.0,0.0,0.0,0.3348776442082856,0.0,0.0,0.0,0.0,0.0,0.0,0.0,0.0,0.0,0.0,0.0,0.0,0.0,0.0,0.0,0.0,0.0,0.0,0.0,0.0,0.0,0.0,0.0,0.0,0.0,0.29716505402760995,0.0,0.0,0.41517389631165763,0.0,0.0,0.0,0.33430382573328793,0.0,0.0,0.0,0.0,0.0,0.0,0.0,0.1946846953642791,0.0,0.0,0.0,0.17811619998495873,0.0,0.0,0.0,0.0,0.0,0.0,0.0,0.0,0.0,0.0,0.0,0.0,0.0,0.0,0.0,0.0,0.0,0.0,0.0,0.0,0.0,0.0,0.0,0.0,0.0,0.0,0.32759094817503004,0.0,0.0,0.0,0.0,0.0,0.0,0.0,0.0,0.0,0.0,0.23668839038435724,0.2599636961715944,0.0,0.27507042609079757,0.0,0.0,0.0,0.0,0.0,0.0,0.0,0.0,0.0,0.0,0.0,0.0,0.0,0.0,0.0,0.0,0.0,0.0,0.0,0.0,0.0,0.0,0.0,0.0,0.2116963110591911,0.0,0.0,0.0,0.0,0.0,0.0,0.0,0.0,0.30724022599198225,0.0,0.0,0.0,0.0,0.0,0.0
a07c0e1563f9d8402a8dc658421e2964425f3492cffafc718d1291c47ade6b92,0.0,0.0,0.0,0.0,0.0,0.0,0.0,0.0,0.0,0.0,0.0,0.0,0.12770994547844566,0.0,0.0,0.0,0.0,0.0,0.0,0.0,0.0,0.0,0.0,0.0,0.0,0.0,0.0,0.0,0.0,0.0,0.0,0.0,0.0,0.0,0.0,0.0,0.0,0.0,0.0,0.0,0.0,0.0,0.0,0.0,0.0,0.0,0.0,0.0,0.0,0.0,0.0,0.0,0.0,0.0,0.0,0.0,0.0,0.0,0.0,0.0,0.0,0.0,0.0,0.0,0.2466284875246058,0.0,0.0,0.0,0.0,0.0,0.0,0.0,0.0,0.0,0.0,0.0,0.0,0.0,0.0,0.0,0.5068216165634486,0.0,0.0,0.0,0.0,0.0,0.0,0.0,0.0,0.0,0.0,0.0,0.0,0.0,0.6416472768901004,0.0,0.0,0.0,0.0,0.0,0.0,0.0,0.0,0.0,0.0,0.0,0.20429257565096068,0.0,0.0,0.0,0.0,0.0,0.0,0.0,0.0,0.0,0.0,0.0,0.0,0.0,0.0,0.0,0.0,0.0,0.0,0.0,0.0,0.0,0.0,0.0,0.0,0.0,0.0,0.0,0.0,0.0,0.0,0.0,0.0,0.0,0.0,0.0,0.0,0.0,0.0,0.0,0.0,0.0,0.46103115246656157,0.0,0.0,0.0,0.0,0.0,0.0,0.0,0.0,0.0,0.0,0.0,0.0
34c485ad11076ede709ff409c0e1867dc50fd40311ae6e7318ddf50679fa4049,0.0,0.0,0.0,0.0,0.3401981446104688,0.0,0.0,0.0,0.0,0.0,0.0,0.0,0.12241335191572494,0.0,0.0,0.0,0.0,0.0,0.0,0.0,0.0,0.0,0.0,0.0,0.0,0.0,0.0,0.0,0.0,0.0,0.0,0.0,0.0,0.0,0.0,0.0,0.0,0.0,0.0,0.0,0.0,0.0,0.22420918995394645,0.0,0.0,0.0,0.0,0.0,0.0,0.0,0.2898891553780043,0.0,0.0,0.0,0.0,0.0,0.0,0.0,0.0,0.0,0.17763252829198126,0.0,0.0,0.0,0.0,0.0,0.0,0.0,0.0,0.0,0.0,0.0,0.0,0.0,0.0,0.0,0.0,0.0,0.0,0.10647022758654769,0.0,0.0,0.0,0.0,0.0,0.0,0.0,0.0,0.0,0.0,0.0,0.0,0.0,0.0,0.0,0.0,0.0,0.0,0.0,0.1494807250609228,0.0,0.0,0.0,0.0,0.0,0.0,0.19581982329756517,0.0,0.0,0.0,0.0,0.0,0.0,0.0,0.24580273089243931,0.27976895328812174,0.0,0.14148217171399474,0.15539515158063744,0.13774582616746633,0.0,0.0,0.2684041708764151,0.0,0.19324517648570239,0.0,0.2224097020180459,0.0,0.0,0.0,0.0,0.0,0.0,0.0,0.0,0.0,0.0,0.0,0.0,0.0,0.0,0.0,0.0,0.1886162794434227,0.0,0.12654297823335572,0.0,0.2833126476140762,0.0,0.0,0.0,0.0,0.0,0.0,0.1836550341174531,0.0,0.0,0.32424088016632835,0.0,0.0,0.0
34c392448fc0818278cd19bb0841adf573e967be8a0f73bb42bb367a5835b6ea,0.0,0.0,0.27787080339953485,0.0,0.3065877893580446,0.0,0.0,0.0,0.0,0.0,0.0,0.0,0.11031935225491396,0.0,0.0,0.0,0.0,0.0,0.0,0.0,0.0,0.0,0.0,0.0,0.0,0.0,0.0,0.0,0.0,0.0,0.0,0.0,0.0,0.0,0.0,0.0,0.0,0.0,0.0,0.0,0.0,0.0,0.0,0.0,0.0,0.0,0.0,0.0,0.0,0.0,0.2612491476341758,0.0,0.0,0.0,0.0,0.0,0.0,0.0,0.0,0.0,0.16008307226212593,0.0,0.0,0.0,0.0,0.0,0.0,0.0,0.0,0.0,0.0,0.0,0.0,0.0,0.0,0.0,0.0,0.0,0.0,0.09595135136784357,0.0,0.0,0.0,0.0,0.0,0.0,0.0,0.0,0.0,0.0,0.0,0.0,0.0,0.0,0.0,0.0,0.0,0.0,0.0,0.13471256611508192,0.0,0.0,0.0,0.0,0.0,0.0,0.17647352782016307,0.0,0.0,0.0,0.0,0.0,0.0,0.0,0.22151830360148375,0.25212878517556675,0.0,0.12750424112111428,0.1400426685295914,0.12413703309974324,0.0,0.0,0.24188680246243383,0.0,0.17415324686939374,0.0,0.2004364219903973,0.0,0.0,0.0,0.0,0.0,0.0,0.1579679111732418,0.0,0.0,0.0,0.0,0.0,0.0,0.3556592906861933,0.0,0.0,0.1699816682354671,0.0,0.11404098631922349,0.0,0.2553223752252687,0.0,0.0,0.0,0.0,0.0,0.0,0.16551057613502784,0.0,0.0,0.29220704534860126,0.0,0.0,0.0
34c1121937c35b39b654428cf3fc6b16e3e2eed03c1ccbcfc77183d1749ebadc,0.0,0.0,0.0,0.0,0.0,0.0,0.0,0.0,0.0,0.0,0.0,0.0,0.2302078393417828,0.0,0.0,0.0,0.0,0.4505908928091062,0.0,0.0,0.0,0.0,0.0,0.0,0.0,0.0,0.0,0.0,0.0,0.0,0.0,0.0,0.0,0.0,0.0,0.0,0.0,0.0,0.0,0.0,0.0,0.0,0.0,0.0,0.0,0.0,0.0,0.0,0.0,0.0,0.0,0.0,0.0,0.0,0.0,0.0,0.0,0.0,0.0,0.0,0.0,0.0,0.0,0.0,0.0,0.0,0.0,0.37580056327038314,0.0,0.0,0.0,0.0,0.0,0.0,0.0,0.0,0.0,0.0,0.0,0.20022555271422549,0.0,0.0,0.0,0.0,0.0,0.0,0.0,0.0,0.0,0.0,0.0,0.0,0.0,0.0,0.0,0.0,0.0,0.0,0.0,0.0,0.0,0.0,0.3083641490530079,0.0,0.0,0.0,0.36825442417961757,0.0,0.0,0.0,0.0,0.0,0.0,0.0,0.0,0.0,0.0,0.2660682396646139,0.2922326815639792,0.2590417509537031,0.0,0.0,0.0,0.0,0.0,0.0,0.0,0.0,0.0,0.0,0.0,0.0,0.0,0.32963800795799936,0.0,0.0,0.0,0.0,0.0,0.0,0.0,0.0,0.0,0.0,0.0,0.0,0.0,0.0,0.0,0.0,0.0,0.0,0.0,0.0,0.0,0.0,0.0,0.0,0.0,0.0,0.0
34e1a82f7334c825aab19a21d94361c3225ee8ad9a2027830aeea7d82f59ca15,0.0,0.0,0.0,0.0,0.0,0.0,0.0,0.0,0.0,0.0,0.0,0.0,0.0,0.0,0.0,0.0,0.0,0.5404393632707973,0.0,0.0,0.0,0.0,0.0,0.0,0.0,0.0,0.0,0.0,0.0,0.0,0.0,0.0,0.0,0.0,0.0,0.0,0.0,0.0,0.0,0.0,0.0,0.0,0.0,0.0,0.0,0.0,0.0,0.0,0.0,0.0,0.0,0.0,0.0,0.0,0.0,0.0,0.0,0.0,0.0,0.0,0.4006622080016379,0.0,0.0,0.0,0.0,0.0,0.0,0.0,0.0,0.0,0.0,0.0,0.0,0.0,0.0,0.0,0.0,0.0,0.0,0.0,0.0,0.0,0.0,0.0,0.0,0.0,0.0,0.0,0.0,0.0,0.0,0.0,0.0,0.0,0.0,0.0,0.0,0.0,0.0,0.3371639076045214,0.0,0.0,0.36985240276560893,0.0,0.0,0.0,0.4416848846734272,0.0,0.0,0.0,0.0,0.0,0.0,0.0,0.0,0.0,0.0,0.31912262836578104,0.0,0.0,0.0,0.0,0.0,0.0,0.0,0.0,0.0,0.0,0.0,0.0,0.0,0.0,0.0,0.0,0.0,0.0,0.0,0.0,0.0,0.0,0.0,0.0,0.0,0.0,0.0,0.0,0.0,0.0,0.0,0.0,0.0,0.0,0.0,0.0,0.0,0.0,0.0,0.0,0.0,0.0,0.0
38da8fbce28210c11fbec12da0f3b4d4b233b46dd1510778122c51dc5f70f697,0.0,0.0,0.0,0.0,0.0,0.0,0.0,0.0,0.0,0.0,0.0,0.0,0.0,0.0,0.0,0.0,0.0,0.0,0.0,0.0,0.0,0.0,0.0,0.0,0.0,0.0,0.0,0.0,0.0,0.0,0.0,0.0,0.0,0.0,0.0,0.0,0.0,0.0,0.0,0.0,0.0,0.0,0.3606500120199203,0.0,0.0,0.0,0.0,0.0,0.0,0.0,0.0,0.0,0.0,0.0,0.0,0.0,0.0,0.0,0.0,0.0,0.28572947200242205,0.0,0.0,0.39919706767167995,0.0,0.0,0.0,0.321439059945074,0.0,0.0,0.0,0.0,0.0,0.0,0.0,0.18719278885403348,0.0,0.0,0.0,0.1712618865744945,0.0,0.0,0.0,0.0,0.0,0.0,0.0,0.0,0.0,0.0,0.0,0.0,0.0,0.0,0.0,0.0,0.0,0.0,0.0,0.0,0.0,0.0,0.0,0.0,0.0,0.0,0.3149845090672318,0.0,0.0,0.0,0.0,0.0,0.0,0.0,0.0,0.0,0.0,0.22758008688108414,0.24995970636576384,0.22157001625666936,0.2644850952195153,0.0,0.0,0.0,0.0,0.0,0.0,0.0,0.0,0.0,0.0,0.0,0.0,0.0,0.0,0.0,0.0,0.0,0.0,0.0,0.0,0.0,0.0,0.0,0.0,0.20354975917923096,0.0,0.0,0.0,0.0,0.0,0.0,0.0,0.0,0.2954169286084274,0.0,0.0,0.0,0.0,0.0,0.0
40a68110241e86f1cdece1dc5a6dfb72e028b40e8d55447cc3a961341b932784,0.0,0.0,0.0,0.0,0.31980511380210525,0.0,0.0,0.0,0.0,0.0,0.0,0.0,0.11507533641940054,0.0,0.0,0.0,0.0,0.0,0.0,0.0,0.0,0.0,0.0,0.0,0.0,0.0,0.0,0.0,0.0,0.0,0.0,0.0,0.0,0.0,0.0,0.0,0.0,0.0,0.0,0.0,0.0,0.0,0.210769066923633,0.0,0.0,0.0,0.0,0.0,0.0,0.0,0.2725118751950006,0.0,0.0,0.0,0.0,0.0,0.0,0.0,0.0,0.0,0.16698442312323125,0.0,0.0,0.0,0.0,0.0,0.0,0.0,0.0,0.0,0.0,0.0,0.0,0.0,0.0,0.0,0.0,0.0,0.0,0.10008791579048525,0.0,0.0,0.0,0.0,0.0,0.0,0.0,0.0,0.0,0.0,0.0,0.0,0.0,0.0,0.0,0.0,0.0,0.0,0.0,0.14052016757488967,0.0,0.0,0.0,0.0,0.0,0.0,0.18408148858686882,0.0,0.0,0.0,0.0,0.0,0.0,0.0,0.2310681923792767,0.2629983242473285,0.0,0.13300108405285735,0.0,0.12948871212596258,0.0,0.0,0.2523147988075482,0.0,0.18166117786586009,0.0,0.2090774485146463,0.0,0.0,0.0,0.0,0.0,0.0,0.0,0.0,0.0,0.0,0.0,0.0,0.0,0.37099213954617855,0.0,0.0,0.17730975805703222,0.0,0.11895741407147671,0.0,0.26632959334783873,0.0,0.0,0.0,0.0,0.0,0.0,0.17264591243880115,0.0,0.0,0.3048044006813095,0.0,0.0,0.0
41e99d281f1093e49ef23383633e481b3a18afd2386f94371fb215dec16ba2a0,0.0,0.0,0.0,0.0,0.0,0.0,0.0,0.0,0.0,0.0,0.20978187852932573,0.0,0.13658356764048757,0.0,0.0,0.0,0.0,0.0,0.0,0.0,0.0,0.19968111993291868,0.0,0.0,0.0,0.0,0.0,0.0,0.0,0.0,0.0,0.0,0.0,0.0,0.0,0.0,0.0,0.0,0.0,0.0,0.0,0.3943566986317436,0.0,0.23647795096696467,0.0,0.0,0.0,0.0,0.0,0.0,0.0,0.0,0.0,0.0,0.0,0.3815552392470661,0.0,0.0,0.0,0.0,0.0,0.0,0.0,0.0,0.0,0.0,0.0,0.0,0.0,0.0,0.0,0.0,0.0,0.0,0.0,0.12984530050850634,0.0,0.0,0.0,0.1187949133300164,0.0,0.0,0.0,0.0,0.0,0.0,0.0,0.0,0.0,0.0,0.0,0.0,0.0,0.0,0.0,0.0,0.0,0.0,0.0,0.16678418165008196,0.0,0.0,0.0,0.0,0.0,0.0,0.2184873599337787,0.0,0.0,0.0,0.0,0.0,0.0,0.39666689567040514,0.0,0.0,0.17068886995689442,0.0,0.17338324508530487,0.15369088478592835,0.0,0.0,0.0,0.0,0.21561467945019455,0.0,0.0,0.0,0.0,0.0,0.0,0.0,0.0,0.0,0.0,0.0,0.0,0.0,0.0,0.0,0.0,0.0,0.0,0.0,0.0,0.1411912275620325,0.2921271464104462,0.0,0.0,0.0,0.0,0.0,0.0,0.0,0.20491440992618504,0.0,0.0,0.0,0.0,0.0,0.0
041fd213326dd5c10a16caf88ff076bb98c68c052284430fba5f601023d39a14,0.0,0.20590482540881394,0.0,0.0,0.0,0.0,0.0,0.0,0.0,0.0,0.0,0.0,0.09627046303055205,0.0,0.0,0.0,0.0,0.0,0.0,0.0,0.0,0.1407445581228387,0.0,0.0,0.0,0.0,0.0,0.0,0.0,0.0,0.0,0.0,0.0,0.0,0.1574255386025789,0.0,0.0,0.0,0.0,0.0,0.0,0.0,0.17632653787171315,0.0,0.0,0.0,0.0,0.0,0.0,0.0,0.22797973243138647,0.0,0.0,0.0,0.0,0.0,0.0,0.0,0.0,0.3280956225053847,0.13969689972814106,0.0,0.0,0.0,0.0,0.0,0.0,0.0,0.0,0.0,0.0,0.0,0.0,0.0,0.0,0.0,0.0,0.15555950961125062,0.0,0.08373219055207096,0.0,0.0,0.0,0.0,0.0,0.0,0.0,0.0,0.0,0.0,0.0,0.0,0.0,0.0,0.0,0.0,0.0,0.0,0.0,0.0,0.0,0.0,0.12895459814155494,0.0,0.0,0.0,0.0,0.0,0.31577567852983673,0.0,0.0,0.0,0.0,0.0,0.19330851044321046,0.0,0.0,0.1112668999608096,0.12220859049484997,0.10832849732598865,0.1293102442934388,0.29848159171811306,0.21108313272389548,0.28837734174634067,0.0,0.0,0.0,0.0,0.2675446133223431,0.0,0.0,0.0,0.0,0.1378510990299955,0.0,0.0,0.0,0.0,0.0,0.0,0.0,0.0,0.0,0.0,0.0,0.09951815645222363,0.0,0.2228077194307683,0.0,0.0,0.0,0.0,0.0,0.0,0.1444332247723366,0.0,0.0,0.25499522052574713,0.0,0.0,0.0
42a1d242616debc2ef4264d0878adfdeb439dbfc69011d75472f0522066d7b0a,0.0,0.0,0.0,0.0,0.0,0.0,0.0,0.0,0.0,0.0,0.0,0.35705115375022006,0.1329617594104079,0.44858839407084433,0.0,0.0,0.0,0.0,0.0,0.0,0.0,0.0,0.0,0.45792882062308976,0.0,0.0,0.0,0.0,0.0,0.0,0.0,0.0,0.0,0.0,0.21742470047211893,0.0,0.0,0.0,0.0,0.0,0.0,0.0,0.0,0.0,0.0,0.0,0.0,0.0,0.0,0.0,0.0,0.0,0.0,0.0,0.0,0.0,0.0,0.0,0.0,0.0,0.0,0.0,0.0,0.0,0.0,0.0,0.0,0.0,0.0,0.0,0.0,0.0,0.0,0.0,0.0,0.12640217198182496,0.0,0.0,0.0,0.11564480968121761,0.0,0.0,0.0,0.0,0.0,0.0,0.0,0.0,0.27702843043223807,0.0,0.0,0.0,0.0,0.0,0.0,0.0,0.0,0.0,0.0,0.162361538925319,0.0,0.0,0.17810270890171015,0.0,0.0,0.0,0.2126936957906701,0.0,0.0,0.0,0.0,0.0,0.0,0.0,0.0,0.0,0.16616268599002001,0.1536737470374069,0.16878561394375508,0.14961543910075575,0.0,0.0,0.0,0.0,0.0,0.0,0.0,0.0,0.0,0.0,0.0,0.0,0.0,0.0,0.0,0.0,0.0,0.0,0.0,0.0,0.0,0.0,0.25734139196005756,0.0,0.0,0.1374472372795028,0.0,0.0,0.0,0.0,0.0,0.0,0.0,0.0,0.0,0.0,0.0,0.0,0.0,0.0,0.0
43bef6cb68e3b49bbc9e40c3b1642d6e7b0c465bc04d3082662bb2e8a66bd9e0,0.0,0.0,0.0,0.0,0.0,0.0,0.0,0.0,0.0,0.0,0.0,0.3118710712278775,0.0,0.0,0.0,0.0,0.0,0.0,0.0,0.0,0.0,0.0,0.0,0.0,0.0,0.0,0.0,0.0,0.0,0.0,0.0,0.0,0.0,0.0,0.0,0.0,0.0,0.0,0.0,0.0,0.0,0.0,0.0,0.2010775595499198,0.0,0.0,0.0,0.0,0.0,0.0,0.0,0.0,0.0,0.0,0.0,0.0,0.0,0.0,0.0,0.0,0.0,0.0,0.0,0.0,0.2242796783552435,0.0,0.0,0.0,0.0,0.0,0.0,0.0,0.0,0.0,0.34788802367444344,0.11040765550663863,0.0,0.18766138155897708,0.0,0.10101149456712301,0.46089480695126156,0.0,0.0,0.0,0.0,0.0,0.0,0.0,0.0,0.0,0.0,0.0,0.0,0.0,0.0,0.0,0.0,0.0,0.0,0.0,0.0,0.0,0.0,0.0,0.0,0.0,0.0,0.0,0.0,0.0,0.0,0.0,0.0,0.3372864616320618,0.0,0.0,0.0,0.0,0.1474280356626951,0.1306835919012997,0.0,0.0,0.0,0.0,0.0,0.0,0.0,0.0,0.0,0.0,0.0,0.0,0.0,0.16629859375386818,0.0,0.0,0.0,0.0,0.0,0.0,0.0,0.0,0.22477825582941924,0.0,0.0,0.12005511444911382,0.0,0.0,0.4192537513600556,0.0,0.0,0.0,0.0,0.0,0.0,0.0,0.0,0.0,0.0,0.0,0.0
7bfaad45889d0cb9d2bde28ef578cbe57cad912dffb0498cadc6306ed4451df4,0.0,0.0,0.0,0.0,0.0,0.0,0.0,0.5403948932614797,0.0,0.0,0.0,0.0,0.10755722784291429,0.0,0.0,0.0,0.2775792400051119,0.0,0.5403948932614797,0.0,0.0,0.0,0.0,0.0,0.0,0.0,0.0,0.0,0.0,0.0,0.0,0.0,0.0,0.0,0.1758821344652463,0.0,0.0,0.0,0.0,0.0,0.0,0.0,0.19699908997634488,0.0,0.0,0.0,0.0,0.0,0.0,0.0,0.0,0.0,0.0,0.0,0.0,0.0,0.0,0.0,0.0,0.0,0.1560749870730341,0.0,0.0,0.0,0.20771034178942965,0.0,0.0,0.17558075747002533,0.0,0.0,0.0,0.0,0.0,0.0,0.0,0.1022509575081944,0.0,0.0,0.0,0.09354896625081463,0.0,0.0,0.0,0.0,0.0,0.0,0.0,0.0,0.0,0.0,0.0,0.0,0.0,0.0,0.0,0.0,0.0,0.0,0.0,0.13133969580843077,0.0,0.0,0.0,0.0,0.0,0.0,0.0,0.0,0.0,0.0,0.0,0.0,0.0,0.0,0.21597203178628502,0.0,0.0,0.12431184948868032,0.0,0.0,0.1444705984584122,0.0,0.0,0.0,0.0,0.0,0.0,0.0,0.0,0.0,0.0,0.0,0.0,0.0,0.0,0.0,0.0,0.0,0.0,0.0,0.0,0.0,0.0,0.1657257466239921,0.0,0.11118568137188306,0.0,0.0,0.0,0.0,0.0,0.0,0.0,0.0,0.0,0.0,0.0,0.0,0.0,0.0,0.0
43f846c12c24a078ebe33f71e8ea3b4f75107aeb275e2c3cd9dc61617c9757fc,0.0,0.0,0.0,0.0,0.0,0.0,0.0,0.0,0.0,0.0,0.0,0.0,0.0,0.0,0.0,0.0,0.0,0.5404393632707973,0.0,0.0,0.0,0.0,0.0,0.0,0.0,0.0,0.0,0.0,0.0,0.0,0.0,0.0,0.0,0.0,0.0,0.0,0.0,0.0,0.0,0.0,0.0,0.0,0.0,0.0,0.0,0.0,0.0,0.0,0.0,0.0,0.0,0.0,0.0,0.0,0.0,0.0,0.0,0.0,0.0,0.0,0.4006622080016379,0.0,0.0,0.0,0.0,0.0,0.0,0.0,0.0,0.0,0.0,0.0,0.0,0.0,0.0,0.0,0.0,0.0,0.0,0.0,0.0,0.0,0.0,0.0,0.0,0.0,0.0,0.0,0.0,0.0,0.0,0.0,0.0,0.0,0.0,0.0,0.0,0.0,0.0,0.3371639076045214,0.0,0.0,0.36985240276560893,0.0,0.0,0.0,0.4416848846734272,0.0,0.0,0.0,0.0,0.0,0.0,0.0,0.0,0.0,0.0,0.31912262836578104,0.0,0.0,0.0,0.0,0.0,0.0,0.0,0.0,0.0,0.0,0.0,0.0,0.0,0.0,0.0,0.0,0.0,0.0,0.0,0.0,0.0,0.0,0.0,0.0,0.0,0.0,0.0,0.0,0.0,0.0,0.0,0.0,0.0,0.0,0.0,0.0,0.0,0.0,0.0,0.0,0.0,0.0,0.0
45a2cc9060b21404632f07ee468d105ccd42075feb680f00d3aa1c20a19d272a,0.0,0.0,0.0,0.0,0.0,0.0,0.0,0.0,0.0,0.0,0.0,0.0,0.0,0.0,0.0,0.0,0.0,0.0,0.0,0.0,0.0,0.0,0.0,0.0,0.0,0.0,0.0,0.0,0.0,0.0,0.0,0.0,0.0,0.0,0.3348776442082856,0.0,0.0,0.0,0.0,0.0,0.0,0.0,0.0,0.0,0.0,0.0,0.0,0.0,0.0,0.0,0.0,0.0,0.0,0.0,0.0,0.0,0.0,0.0,0.0,0.0,0.29716505402760995,0.0,0.0,0.41517389631165763,0.0,0.0,0.0,0.33430382573328793,0.0,0.0,0.0,0.0,0.0,0.0,0.0,0.1946846953642791,0.0,0.0,0.0,0.17811619998495873,0.0,0.0,0.0,0.0,0.0,0.0,0.0,0.0,0.0,0.0,0.0,0.0,0.0,0.0,0.0,0.0,0.0,0.0,0.0,0.0,0.0,0.0,0.0,0.0,0.0,0.0,0.32759094817503004,0.0,0.0,0.0,0.0,0.0,0.0,0.0,0.0,0.0,0.0,0.23668839038435724,0.2599636961715944,0.0,0.27507042609079757,0.0,0.0,0.0,0.0,0.0,0.0,0.0,0.0,0.0,0.0,0.0,0.0,0.0,0.0,0.0,0.0,0.0,0.0,0.0,0.0,0.0,0.0,0.0,0.0,0.2116963110591911,0.0,0.0,0.0,0.0,0.0,0.0,0.0,0.0,0.30724022599198225,0.0,0.0,0.0,0.0,0.0,0.0
45a378dfed22be8f90961877254497cf42affb28367a904680cde7f92fccc243,0.0,0.2346954471722731,0.27639005642614856,0.0,0.0,0.0,0.0,0.0,0.0,0.0,0.0,0.0,0.0,0.0,0.0,0.0,0.0,0.0,0.0,0.0,0.0,0.0,0.0,0.0,0.0,0.0,0.0,0.0,0.0,0.0,0.0,0.0,0.0,0.0,0.17943754890305083,0.0,0.0,0.0,0.0,0.0,0.0,0.0,0.0,0.0,0.0,0.3331020700650302,0.0,0.0,0.0,0.0,0.25985697587691914,0.0,0.0,0.0,0.0,0.0,0.0,0.0,0.0,0.0,0.15923000485870503,0.0,0.0,0.2224627042477564,0.21190915567308408,0.0,0.0,0.17913007964539918,0.0,0.0,0.0,0.0,0.0,0.0,0.0,0.10431793566779712,0.0,0.0,0.0,0.09544003578019629,0.0,0.0,0.0,0.0,0.0,0.32253470979001486,0.0,0.0,0.0,0.0,0.0,0.0,0.0,0.0,0.0,0.0,0.0,0.0,0.0,0.0,0.0,0.0,0.0,0.0,0.0,0.0,0.0,0.0,0.0,0.0,0.0,0.0,0.0,0.0,0.2203378537176004,0.0,0.0,0.12682478319741677,0.13929639452371118,0.1234755187060079,0.1473910363593907,0.0,0.24059781079340506,0.0,0.0,0.0,0.0,0.0,0.0,0.0,0.0,0.0,0.0,0.0,0.0,0.0,0.0,0.0,0.0,0.0,0.0,0.0,0.0,0.0,0.3286996749159804,0.113433272794563,0.2346954471722731,0.0,0.0,0.0,0.0,0.0,0.0,0.0,0.16462858608181966,0.0,0.0,0.0,0.0,0.0,0.0
45e69aa7263b1e2716d8b45f9b4d2e71ef1f245a4f756e7278c06a889f5e5d37,0.0,0.0,0.0,0.0,0.0,0.0,0.0,0.0,0.0,0.0,0.17017370310276073,0.0,0.1107957067183904,0.0,0.0,0.0,0.0,0.0,0.0,0.0,0.0,0.16198003305581554,0.0,0.0,0.0,0.0,0.0,0.3667295427775763,0.0,0.0,0.0,0.0,0.0,0.0,0.0,0.0,0.0,0.0,0.0,0.0,0.0,0.31989960343577506,0.0,0.19182938440784303,0.0,0.0,0.0,0.0,0.0,0.0,0.0,0.0,0.0,0.0,0.0,0.30951514237611477,0.0,0.0,0.0,0.0,0.0,0.0,0.0,0.0,0.0,0.0,0.0,0.0,0.0,0.0,0.0,0.0,0.0,0.0,0.331887583943756,0.10532966800053914,0.2246202690929181,0.1790302576884357,0.0,0.09636566538951272,0.0,0.0,0.0,0.0,0.0,0.0,0.0,0.0,0.0,0.0,0.0,0.0,0.0,0.0,0.0,0.0,0.0,0.0,0.0,0.0,0.0,0.0,0.0,0.0,0.0,0.0,0.17723553331552097,0.0,0.0,0.0,0.0,0.0,0.0,0.32177362033238277,0.0,0.0,0.13846170738207877,0.1280547992338004,0.14064736706042646,0.1246730517455303,0.14882051515502204,0.0,0.0,0.0,0.0,0.0,0.0,0.0,0.0,0.0,0.0,0.0,0.0,0.158650010170701,0.0,0.0,0.0,0.0,0.0,0.0,0.0,0.0,0.0,0.0,0.0,0.11453341064679652,0.23697165184150365,0.0,0.0,0.0,0.0,0.0,0.0,0.0,0.16622524405215175,0.0,0.0,0.0,0.0,0.0,0.0
47c2ec67d40d8e342db29823981ab4539c758486d30d00bd15106acdb39a96cc,0.0,0.0,0.0,0.0,0.0,0.0,0.30838356478544604,0.0,0.0,0.0,0.0,0.0,0.11590157963609646,0.0,0.0,0.0,0.2991139975991771,0.22685672388714223,0.0,0.0,0.0,0.0,0.0,0.0,0.0,0.3056256135488386,0.0,0.0,0.0,0.0,0.0,0.0,0.0,0.0,0.0,0.0,0.0,0.0,0.0,0.0,0.0,0.0,0.0,0.0,0.0,0.0,0.0,0.0,0.0,0.2822221677402702,0.0,0.0,0.0,0.0,0.0,0.0,0.0,0.0,0.0,0.0,0.16818337462050614,0.30699290237348914,0.0,0.0,0.0,0.0,0.0,0.0,0.0,0.0,0.0,0.0,0.0,0.0,0.0,0.11018364578725835,0.0,0.0,0.0,0.0,0.0,0.0,0.0,0.0,0.0,0.0,0.0,0.0,0.24148321166613199,0.0,0.0,0.0,0.0,0.0,0.0,0.0,0.0,0.0,0.0,0.0,0.0,0.0,0.1552505426425655,0.0,0.0,0.0,0.0,0.0,0.0,0.0,0.0,0.0,0.0,0.0,0.23272726662131712,0.26488665747470036,0.14484253117752058,0.13395603449602939,0.1471289140778191,0.13041844366846128,0.15567871084179558,0.0,0.0,0.0,0.0,0.0,0.0,0.0,0.0,0.0,0.0,0.0,0.29664860377543606,0.0,0.0,0.0,0.0,0.0,0.0,0.0,0.0,0.0,0.0,0.1785828456656114,0.0,0.1198115306833459,0.0,0.0,0.0,0.0,0.0,0.0,0.0,0.0,0.0,0.0,0.0,0.0,0.0,0.0,0.0
47fc82f745787ef02d2e51a15e7ce14ab2a1a278b82a49840a48cc337782aac1,0.0,0.0,0.0,0.0,0.0,0.0,0.0,0.0,0.0,0.0,0.1757238515942424,0.3072308933995566,0.11440926517832697,0.3859957085462098,0.0,0.0,0.0,0.0,0.0,0.0,0.3230275775993386,0.16726294821675558,0.0,0.39403284150107715,0.0,0.0,0.24022010262825857,0.0,0.0,0.0,0.0,0.0,0.0,0.0,0.18708687612842909,0.0,0.0,0.0,0.0,0.0,0.0,0.0,0.0,0.0,0.22192807151956245,0.0,0.0,0.0,0.0,0.0,0.0,0.0,0.0,0.0,0.0,0.0,0.0,0.0,0.2209427302159064,0.0,0.0,0.0,0.0,0.0,0.0,0.0,0.0,0.0,0.0,0.0,0.0,0.0,0.0,0.0,0.0,0.10876495375446342,0.0,0.0,0.0,0.0995085937188637,0.0,0.0,0.0,0.0,0.0,0.0,0.0,0.0,0.0,0.0,0.0,0.0,0.0,0.0,0.0,0.0,0.0,0.0,0.0,0.0,0.0,0.0,0.0,0.0,0.260668969948582,0.0,0.18301600062587903,0.0,0.0,0.0,0.0,0.0,0.0,0.0,0.0,0.0,0.0,0.0,0.1452345256982679,0.12873921436324115,0.0,0.0,0.0,0.0,0.18060969898288723,0.0,0.0,0.0,0.0,0.0,0.0,0.0,0.0,0.16382431794309957,0.0,0.0,0.0,0.0,0.0,0.0,0.0,0.0,0.0,0.0,0.0,0.11826887285238598,0.0,0.0,0.0,0.0,0.0,0.0,0.0,0.0,0.0,0.0,0.0,0.0,0.0,0.0,0.0
49b769536224f160b6087dc866edf6445531c6136ab76b9d5079ce622b043200,0.0,0.0,0.3831126344780908,0.0,0.0,0.0,0.0,0.0,0.0,0.0,0.0,0.0,0.0,0.0,0.0,0.0,0.0,0.0,0.0,0.0,0.0,0.0,0.0,0.0,0.0,0.0,0.0,0.0,0.0,0.0,0.0,0.0,0.0,0.0,0.0,0.0,0.0,0.0,0.0,0.0,0.0,0.0,0.0,0.26334644628360215,0.0,0.0,0.0,0.0,0.0,0.0,0.0,0.0,0.0,0.0,0.0,0.0,0.0,0.0,0.0,0.0,0.2207135359288068,0.0,0.0,0.3083622971083669,0.0,0.0,0.0,0.0,0.0,0.0,0.0,0.0,0.0,0.0,0.0,0.14459825246167832,0.0,0.245775600464052,0.0,0.13229232634208107,0.0,0.0,0.0,0.0,0.0,0.0,0.0,0.0,0.0,0.0,0.0,0.0,0.0,0.0,0.0,0.0,0.0,0.0,0.0,0.0,0.0,0.0,0.2037412811987225,0.0,0.0,0.0,0.0,0.0,0.0,0.0,0.0,0.0,0.0,0.0,0.0,0.0,0.19008244590884282,0.17579567599552123,0.0,0.0,0.20430318285777518,0.0,0.33349991795870587,0.0,0.0,0.0,0.0,0.0,0.0,0.0,0.0,0.0,0.0,0.21779727078977815,0.0,0.0,0.0,0.0,0.0,0.0,0.0,0.0,0.0,0.0,0.45562058214927675,0.15723329753510462,0.0,0.0,0.0,0.0,0.0,0.0,0.0,0.0,0.0,0.0,0.0,0.0,0.0,0.0,0.0
52be85cc7005732821ac9f996966b4c111f599ea7a45cbf2242917106223b34e,0.0,0.0,0.0,0.0,0.0,0.0,0.31216856864556547,0.0,0.0,0.0,0.0,0.0,0.11732411953903121,0.0,0.0,0.0,0.30278522967769694,0.2296410926851496,0.0,0.0,0.0,0.0,0.0,0.0,0.0,0.3093767671741576,0.0,0.0,0.0,0.0,0.0,0.0,0.0,0.0,0.0,0.0,0.0,0.0,0.0,0.0,0.0,0.0,0.0,0.0,0.0,0.0,0.0,0.0,0.0,0.2856860747583092,0.0,0.0,0.0,0.0,0.0,0.0,0.0,0.0,0.0,0.0,0.17024760499734032,0.31076083767614165,0.0,0.0,0.0,0.0,0.0,0.0,0.0,0.0,0.0,0.0,0.0,0.0,0.0,0.11153600555038956,0.0,0.0,0.0,0.0,0.0,0.0,0.0,0.0,0.0,0.0,0.0,0.0,0.244447101421237,0.0,0.0,0.0,0.0,0.0,0.0,0.0,0.0,0.0,0.0,0.0,0.0,0.0,0.0,0.0,0.0,0.0,0.0,0.0,0.0,0.0,0.0,0.0,0.0,0.0,0.23558368863307247,0.26813779383708536,0.1466202833090189,0.1356001691567287,0.14893472856117906,0.13201915904075853,0.15758946286868966,0.0,0.0,0.0,0.0,0.0,0.0,0.0,0.0,0.0,0.0,0.0,0.30028957637775433,0.0,0.0,0.0,0.0,0.0,0.0,0.0,0.0,0.0,0.0,0.1807747159122172,0.0,0.12128206010808612,0.0,0.0,0.0,0.0,0.0,0.0,0.0,0.0,0.0,0.0,0.0,0.0,0.0,0.0,0.0
55c30024aed833336eb4720a1a4a40c78496efb27b3c4d5c3f1d1b5935c12715,0.0,0.0,0.0,0.0,0.0,0.0,0.0,0.0,0.0,0.0,0.0,0.0,0.0,0.0,0.0,0.0,0.0,0.5404393632707973,0.0,0.0,0.0,0.0,0.0,0.0,0.0,0.0,0.0,0.0,0.0,0.0,0.0,0.0,0.0,0.0,0.0,0.0,0.0,0.0,0.0,0.0,0.0,0.0,0.0,0.0,0.0,0.0,0.0,0.0,0.0,0.0,0.0,0.0,0.0,0.0,0.0,0.0,0.0,0.0,0.0,0.0,0.4006622080016379,0.0,0.0,0.0,0.0,0.0,0.0,0.0,0.0,0.0,0.0,0.0,0.0,0.0,0.0,0.0,0.0,0.0,0.0,0.0,0.0,0.0,0.0,0.0,0.0,0.0,0.0,0.0,0.0,0.0,0.0,0.0,0.0,0.0,0.0,0.0,0.0,0.0,0.0,0.3371639076045214,0.0,0.0,0.36985240276560893,0.0,0.0,0.0,0.4416848846734272,0.0,0.0,0.0,0.0,0.0,0.0,0.0,0.0,0.0,0.0,0.31912262836578104,0.0,0.0,0.0,0.0,0.0,0.0,0.0,0.0,0.0,0.0,0.0,0.0,0.0,0.0,0.0,0.0,0.0,0.0,0.0,0.0,0.0,0.0,0.0,0.0,0.0,0.0,0.0,0.0,0.0,0.0,0.0,0.0,0.0,0.0,0.0,0.0,0.0,0.0,0.0,0.0,0.0,0.0,0.0
7c90795c9b28fac978386626f5a54033dc9cba46ef6a3f742fc7d52b394590f2,0.0,0.0,0.0,0.0,0.0,0.0,0.0,0.0,0.0,0.0,0.0,0.0,0.22299953188175253,0.0,0.0,0.0,0.0,0.0,0.0,0.0,0.0,0.0,0.0,0.0,0.0,0.0,0.0,0.0,0.0,0.0,0.0,0.0,0.0,0.0,0.3646582794918812,0.0,0.0,0.0,0.0,0.0,0.0,0.0,0.4084402854824065,0.0,0.0,0.0,0.0,0.0,0.0,0.0,0.0,0.0,0.0,0.0,0.0,0.0,0.0,0.0,0.0,0.0,0.0,0.0,0.0,0.0,0.0,0.0,0.0,0.0,0.0,0.0,0.0,0.0,0.0,0.0,0.0,0.0,0.0,0.0,0.0,0.19395605576987585,0.0,0.0,0.0,0.0,0.0,0.0,0.0,0.0,0.4646238932025592,0.0,0.0,0.0,0.0,0.0,0.0,0.0,0.0,0.0,0.0,0.0,0.0,0.0,0.0,0.0,0.0,0.0,0.0,0.0,0.0,0.0,0.0,0.0,0.0,0.0,0.0,0.0,0.0,0.0,0.2830822415763347,0.25093059109399635,0.2995324114708016,0.0,0.0,0.0,0.0,0.0,0.4051621711178154,0.0,0.0,0.0,0.0,0.0,0.0,0.0,0.0,0.0,0.0,0.0,0.0,0.0,0.0,0.0,0.0,0.0,0.0,0.0,0.0,0.0,0.0,0.0,0.0,0.0,0.0,0.0,0.0,0.0,0.0,0.0,0.0,0.0,0.0
60ae6bfa08d3a76d5b4cc7688871531c7bce2f73e3d2e980e9cf03b62e34233e,0.0,0.0,0.0,0.0,0.0,0.0,0.0,0.0,0.0,0.0,0.0,0.0,0.0,0.0,0.0,0.0,0.0,0.0,0.0,0.0,0.0,0.0,0.0,0.0,0.0,0.0,0.0,0.0,0.0,0.0,0.0,0.0,0.0,0.0,0.3468012285132245,0.0,0.0,0.0,0.0,0.0,0.0,0.0,0.0,0.0,0.0,0.0,0.0,0.0,0.0,0.0,0.0,0.0,0.0,0.0,0.0,0.0,0.0,0.0,0.0,0.0,0.3077458516277511,0.0,0.0,0.4299564924015985,0.0,0.0,0.0,0.3462069787760011,0.0,0.0,0.0,0.0,0.0,0.0,0.0,0.20161659845845376,0.0,0.0,0.0,0.1844581686512071,0.0,0.0,0.0,0.0,0.0,0.0,0.0,0.0,0.0,0.0,0.0,0.0,0.0,0.0,0.0,0.0,0.0,0.0,0.0,0.0,0.0,0.0,0.0,0.0,0.0,0.0,0.33925508388446063,0.0,0.0,0.0,0.0,0.0,0.0,0.0,0.0,0.0,0.0,0.24511586837686503,0.0,0.0,0.28486452692736797,0.0,0.0,0.0,0.0,0.0,0.0,0.0,0.0,0.0,0.0,0.0,0.0,0.0,0.0,0.0,0.0,0.0,0.0,0.0,0.0,0.0,0.0,0.0,0.0,0.21923392623182072,0.0,0.0,0.0,0.0,0.0,0.0,0.0,0.0,0.3181797580862935,0.0,0.0,0.0,0.0,0.0,0.0
62b096449d5dc6f876c43e48d1c27a63de0f75e70279f811b5c6ba18f9126f7b,0.0,0.0,0.0,0.0,0.0,0.0,0.0,0.0,0.0,0.0,0.0,0.0,0.0,0.0,0.0,0.0,0.0,0.5404393632707973,0.0,0.0,0.0,0.0,0.0,0.0,0.0,0.0,0.0,0.0,0.0,0.0,0.0,0.0,0.0,0.0,0.0,0.0,0.0,0.0,0.0,0.0,0.0,0.0,0.0,0.0,0.0,0.0,0.0,0.0,0.0,0.0,0.0,0.0,0.0,0.0,0.0,0.0,0.0,0.0,0.0,0.0,0.4006622080016379,0.0,0.0,0.0,0.0,0.0,0.0,0.0,0.0,0.0,0.0,0.0,0.0,0.0,0.0,0.0,0.0,0.0,0.0,0.0,0.0,0.0,0.0,0.0,0.0,0.0,0.0,0.0,0.0,0.0,0.0,0.0,0.0,0.0,0.0,0.0,0.0,0.0,0.0,0.3371639076045214,0.0,0.0,0.36985240276560893,0.0,0.0,0.0,0.4416848846734272,0.0,0.0,0.0,0.0,0.0,0.0,0.0,0.0,0.0,0.0,0.31912262836578104,0.0,0.0,0.0,0.0,0.0,0.0,0.0,0.0,0.0,0.0,0.0,0.0,0.0,0.0,0.0,0.0,0.0,0.0,0.0,0.0,0.0,0.0,0.0,0.0,0.0,0.0,0.0,0.0,0.0,0.0,0.0,0.0,0.0,0.0,0.0,0.0,0.0,0.0,0.0,0.0,0.0,0.0,0.0
64cc071973e05ae577f32bab349fafb4dba96ba9b8cab272aa5cd9d6074e5a39,0.0,0.0,0.0,0.0,0.0,0.0,0.0,0.0,0.0,0.0,0.0,0.0,0.0,0.0,0.0,0.0,0.0,0.5254983841664272,0.0,0.0,0.0,0.0,0.0,0.0,0.0,0.0,0.0,0.0,0.0,0.0,0.0,0.0,0.0,0.0,0.0,0.0,0.0,0.0,0.0,0.0,0.0,0.0,0.0,0.0,0.0,0.0,0.0,0.0,0.0,0.0,0.0,0.0,0.0,0.0,0.0,0.0,0.0,0.0,0.0,0.0,0.3895855061836326,0.0,0.0,0.0,0.0,0.0,0.0,0.0,0.0,0.0,0.0,0.0,0.0,0.0,0.0,0.0,0.0,0.0,0.0,0.23351160908778335,0.0,0.0,0.0,0.0,0.0,0.0,0.0,0.0,0.0,0.0,0.0,0.0,0.0,0.0,0.0,0.0,0.0,0.0,0.0,0.32784267891425894,0.0,0.0,0.3596274683937335,0.0,0.0,0.0,0.4294740705079254,0.0,0.0,0.0,0.0,0.0,0.0,0.0,0.0,0.0,0.0,0.3103001686298944,0.0,0.0,0.0,0.0,0.0,0.0,0.0,0.0,0.0,0.0,0.0,0.0,0.0,0.0,0.0,0.0,0.0,0.0,0.0,0.0,0.0,0.0,0.0,0.0,0.0,0.0,0.0,0.0,0.0,0.0,0.0,0.0,0.0,0.0,0.0,0.0,0.0,0.0,0.0,0.0,0.0,0.0,0.0
64d341ecbc52f9d78080bf23559ec1778824979dd19498ee44032ec1d5224ff6,0.0,0.2218387630570678,0.26124932962096936,0.0,0.0,0.0,0.0,0.0,0.0,0.0,0.0,0.0,0.0,0.0,0.0,0.0,0.0,0.0,0.0,0.0,0.0,0.0,0.0,0.0,0.0,0.0,0.0,0.0,0.0,0.0,0.0,0.0,0.0,0.0,0.16960790835207823,0.0,0.0,0.0,0.0,0.0,0.0,0.0,0.0,0.0,0.0,0.31485464283733655,0.0,0.0,0.0,0.0,0.24562193598059873,0.0,0.0,0.0,0.0,0.0,0.0,0.0,0.0,0.0,0.15050733938395344,0.0,0.0,0.2102761333091718,0.2003007111615513,0.0,0.0,0.16931728234881602,0.0,0.0,0.0,0.0,0.0,0.0,0.0,0.0986033691408772,0.0,0.0,0.0,0.09021180316318608,0.0,0.0,0.0,0.0,0.3264348257419505,0.30486616559829127,0.0,0.0,0.0,0.0,0.0,0.0,0.0,0.0,0.0,0.0,0.0,0.0,0.0,0.0,0.0,0.0,0.0,0.0,0.0,0.0,0.0,0.0,0.0,0.0,0.0,0.0,0.0,0.0,0.20826768270235216,0.0,0.0,0.1198772850878701,0.1316656979577748,0.11671149426884442,0.13931691298496296,0.0,0.22741779350099386,0.0,0.0,0.0,0.0,0.0,0.0,0.0,0.0,0.0,0.0,0.0,0.0,0.0,0.0,0.0,0.0,0.0,0.0,0.0,0.0,0.0,0.31069341216106877,0.10721936547746401,0.2218387630570678,0.0,0.0,0.0,0.0,0.0,0.0,0.0,0.1556101847745578,0.0,0.0,0.0,0.0,0.0,0.0
64ede667123138343b6419c3af54e04ab8c51800ea4bc2ebc89df894a9192c07,0.0,0.0,0.0,0.0,0.0,0.0,0.0,0.0,0.0,0.0,0.0,0.0,0.0,0.0,0.0,0.0,0.0,0.0,0.0,0.0,0.0,0.0,0.0,0.0,0.0,0.0,0.0,0.0,0.0,0.0,0.0,0.0,0.0,0.0,0.3468012285132245,0.0,0.0,0.0,0.0,0.0,0.0,0.0,0.0,0.0,0.0,0.0,0.0,0.0,0.0,0.0,0.0,0.0,0.0,0.0,0.0,0.0,0.0,0.0,0.0,0.0,0.3077458516277511,0.0,0.0,0.4299564924015985,0.0,0.0,0.0,0.3462069787760011,0.0,0.0,0.0,0.0,0.0,0.0,0.0,0.20161659845845376,0.0,0.0,0.0,0.1844581686512071,0.0,0.0,0.0,0.0,0.0,0.0,0.0,0.0,0.0,0.0,0.0,0.0,0.0,0.0,0.0,0.0,0.0,0.0,0.0,0.0,0.0,0.0,0.0,0.0,0.0,0.0,0.33925508388446063,0.0,0.0,0.0,0.0,0.0,0.0,0.0,0.0,0.0,0.0,0.24511586837686503,0.0,0.0,0.28486452692736797,0.0,0.0,0.0,0.0,0.0,0.0,0.0,0.0,0.0,0.0,0.0,0.0,0.0,0.0,0.0,0.0,0.0,0.0,0.0,0.0,0.0,0.0,0.0,0.0,0.21923392623182072,0.0,0.0,0.0,0.0,0.0,0.0,0.0,0.0,0.3181797580862935,0.0,0.0,0.0,0.0,0.0,0.0
68eb2d2d7866775d6bf106a914281491d23769a9eda88fc078328150b8432bb3,0.0,0.20659351822637784,0.0,0.0,0.0,0.0,0.0,0.0,0.0,0.0,0.0,0.0,0.09659246022659179,0.0,0.0,0.0,0.0,0.0,0.0,0.0,0.0,0.14121530846148644,0.0,0.0,0.0,0.0,0.0,0.0,0.0,0.0,0.0,0.0,0.0,0.0,0.0,0.0,0.0,0.0,0.0,0.0,0.0,0.0,0.0,0.0,0.0,0.0,0.0,0.0,0.0,0.0,0.22874225950652374,0.0,0.0,0.0,0.0,0.0,0.0,0.0,0.0,0.3291930086314504,0.1401641459487563,0.0,0.0,0.0,0.0,0.0,0.0,0.0,0.0,0.0,0.0,0.0,0.0,0.0,0.0,0.09182713002482665,0.0,0.0,0.0,0.08401225080863663,0.0,0.0,0.0,0.0,0.0,0.0,0.0,0.0,0.0,0.0,0.0,0.0,0.0,0.0,0.0,0.0,0.0,0.0,0.0,0.0,0.0,0.0,0.0,0.0,0.0,0.4231818587164324,0.0,0.0,0.31683185796289803,0.0,0.0,0.0,0.0,0.0,0.19395507218576258,0.0,0.12071187015579092,0.11163905595415977,0.0,0.0,0.12974275011891184,0.29947992737140905,0.21178914550007594,0.2893418815700896,0.0,0.0,0.0,0.0,0.268439473621062,0.0,0.0,0.0,0.0,0.0,0.0,0.0,0.0,0.0,0.0,0.0,0.0,0.0,0.0,0.0,0.0,0.09985101625494931,0.0,0.22355294759997268,0.0,0.0,0.0,0.0,0.0,0.0,0.144916312647139,0.0,0.0,0.0,0.0,0.0,0.0
69bd331c4855ae99d2fb5a727b58095b9bcc426c31760fa4f932f2af50f0203c,0.0,0.0,0.0,0.0,0.0,0.0,0.0,0.0,0.0,0.0,0.0,0.0,0.0,0.0,0.0,0.0,0.0,0.0,0.0,0.0,0.0,0.0,0.0,0.0,0.0,0.0,0.0,0.0,0.0,0.0,0.0,0.0,0.0,0.0,0.3348776442082856,0.0,0.0,0.0,0.0,0.0,0.0,0.0,0.0,0.0,0.0,0.0,0.0,0.0,0.0,0.0,0.0,0.0,0.0,0.0,0.0,0.0,0.0,0.0,0.0,0.0,0.29716505402760995,0.0,0.0,0.41517389631165763,0.0,0.0,0.0,0.33430382573328793,0.0,0.0,0.0,0.0,0.0,0.0,0.0,0.1946846953642791,0.0,0.0,0.0,0.17811619998495873,0.0,0.0,0.0,0.0,0.0,0.0,0.0,0.0,0.0,0.0,0.0,0.0,0.0,0.0,0.0,0.0,0.0,0.0,0.0,0.0,0.0,0.0,0.0,0.0,0.0,0.0,0.32759094817503004,0.0,0.0,0.0,0.0,0.0,0.0,0.0,0.0,0.0,0.0,0.23668839038435724,0.2599636961715944,0.0,0.27507042609079757,0.0,0.0,0.0,0.0,0.0,0.0,0.0,0.0,0.0,0.0,0.0,0.0,0.0,0.0,0.0,0.0,0.0,0.0,0.0,0.0,0.0,0.0,0.0,0.0,0.2116963110591911,0.0,0.0,0.0,0.0,0.0,0.0,0.0,0.0,0.30724022599198225,0.0,0.0,0.0,0.0,0.0,0.0
71b46e95fba31267475537a338f49ce1cd0bc56c0f15346b05b673051cbe90a8,0.0,0.0,0.0,0.0,0.0,0.0,0.0,0.0,0.0,0.0,0.0,0.0,0.0,0.0,0.0,0.0,0.0,0.5254983841664272,0.0,0.0,0.0,0.0,0.0,0.0,0.0,0.0,0.0,0.0,0.0,0.0,0.0,0.0,0.0,0.0,0.0,0.0,0.0,0.0,0.0,0.0,0.0,0.0,0.0,0.0,0.0,0.0,0.0,0.0,0.0,0.0,0.0,0.0,0.0,0.0,0.0,0.0,0.0,0.0,0.0,0.0,0.3895855061836326,0.0,0.0,0.0,0.0,0.0,0.0,0.0,0.0,0.0,0.0,0.0,0.0,0.0,0.0,0.0,0.0,0.0,0.0,0.23351160908778335,0.0,0.0,0.0,0.0,0.0,0.0,0.0,0.0,0.0,0.0,0.0,0.0,0.0,0.0,0.0,0.0,0.0,0.0,0.0,0.32784267891425894,0.0,0.0,0.3596274683937335,0.0,0.0,0.0,0.4294740705079254,0.0,0.0,0.0,0.0,0.0,0.0,0.0,0.0,0.0,0.0,0.3103001686298944,0.0,0.0,0.0,0.0,0.0,0.0,0.0,0.0,0.0,0.0,0.0,0.0,0.0,0.0,0.0,0.0,0.0,0.0,0.0,0.0,0.0,0.0,0.0,0.0,0.0,0.0,0.0,0.0,0.0,0.0,0.0,0.0,0.0,0.0,0.0,0.0,0.0,0.0,0.0,0.0,0.0,0.0,0.0
72c885ddcce541cac13dd4b9dab1f72936fb35873984b28f4ff50e1976261125,0.0,0.0,0.0,0.0,0.0,0.0,0.0,0.0,0.0,0.0,0.0,0.3227851315368941,0.0,0.0,0.0,0.0,0.0,0.0,0.0,0.39082741209007005,0.33938155753706906,0.0,0.0,0.0,0.0,0.0,0.2523817724405333,0.0,0.0,0.0,0.0,0.0,0.0,0.0,0.19655855975852438,0.0,0.0,0.0,0.0,0.0,0.0,0.0,0.0,0.0,0.23316366711862246,0.0,0.0,0.0,0.0,0.0,0.0,0.0,0.0,0.0,0.0,0.0,0.0,0.0,0.23212844074932723,0.0,0.0,0.0,0.0,0.0,0.0,0.0,0.0,0.0,0.0,0.0,0.0,0.0,0.0,0.0,0.0,0.11427141820201256,0.0,0.19422867113778994,0.0,0.10454643462831242,0.0,0.0,0.0,0.0,0.0,0.0,0.0,0.0,0.0,0.0,0.0,0.0,0.0,0.0,0.0,0.0,0.0,0.0,0.0,0.14677978252719578,0.0,0.0,0.16101028022481284,0.44599911658813396,0.0,0.0,0.0,0.0,0.0,0.0,0.0,0.0,0.0,0.0,0.0,0.0,0.1502161353925584,0.0,0.15258734225091922,0.13525691958377503,0.0,0.0,0.0,0.0,0.0,0.0,0.0,0.0,0.0,0.0,0.0,0.0,0.0,0.17211828351986186,0.0,0.0,0.0,0.0,0.0,0.0,0.0,0.0,0.0,0.0,0.0,0.12425649405878628,0.0,0.0,0.0,0.0,0.0,0.0,0.0,0.0,0.0,0.0,0.0,0.0,0.0,0.0,0.0
7e2adc1e8273c9662cc51304835805cc31d1a65c5b151789b69e5441cb666465,0.0,0.0,0.0,0.0,0.0,0.0,0.0,0.0,0.0,0.0,0.0,0.0,0.25358739376973477,0.0,0.0,0.0,0.0,0.0,0.0,0.0,0.0,0.0,0.0,0.0,0.0,0.0,0.0,0.0,0.0,0.0,0.0,0.0,0.0,0.0,0.0,0.0,0.0,0.0,0.0,0.0,0.0,0.0,0.0,0.0,0.0,0.0,0.0,0.0,0.0,0.0,0.0,0.0,0.0,0.0,0.0,0.0,0.0,0.0,0.0,0.0,0.0,0.0,0.0,0.0,0.48971812764019923,0.0,0.0,0.41396629102386134,0.0,0.0,0.0,0.0,0.0,0.0,0.0,0.2410768141294292,0.0,0.0,0.0,0.2205601521828343,0.0,0.0,0.0,0.0,0.0,0.0,0.0,0.0,0.0,0.0,0.0,0.0,0.0,0.0,0.0,0.0,0.0,0.0,0.0,0.0,0.0,0.0,0.33968113820084617,0.0,0.0,0.0,0.0,0.0,0.0,0.0,0.0,0.0,0.0,0.0,0.0,0.0,0.3169088816877497,0.29308972124653665,0.0,0.0,0.34061795077992185,0.0,0.0,0.0,0.0,0.0,0.0,0.0,0.0,0.0,0.0,0.0,0.0,0.0,0.0,0.0,0.0,0.0,0.0,0.0,0.0,0.0,0.0,0.0,0.0,0.0,0.0,0.0,0.0,0.0,0.0,0.0,0.0,0.0,0.0,0.0,0.0,0.0,0.0,0.0,0.0
8af8843d8d5492c165ef41a8636f86f104bf1c3108372a0933961810c9032cf2,0.0,0.0,0.0,0.0,0.0,0.0,0.0,0.0,0.0,0.0,0.0,0.0,0.2627807379120537,0.0,0.0,0.0,0.0,0.0,0.0,0.0,0.0,0.0,0.0,0.0,0.0,0.0,0.0,0.0,0.0,0.0,0.0,0.0,0.0,0.0,0.0,0.0,0.0,0.0,0.0,0.0,0.0,0.0,0.0,0.0,0.0,0.0,0.0,0.0,0.0,0.0,0.0,0.0,0.0,0.0,0.0,0.0,0.0,0.0,0.0,0.0,0.0,0.0,0.0,0.0,0.50747195685545,0.0,0.0,0.42897387685108673,0.0,0.0,0.0,0.0,0.0,0.0,0.0,0.2498166102371102,0.0,0.0,0.0,0.2285561544799368,0.0,0.0,0.0,0.0,0.0,0.0,0.0,0.0,0.0,0.0,0.0,0.0,0.0,0.0,0.0,0.0,0.0,0.0,0.0,0.32088538235747965,0.0,0.0,0.0,0.0,0.0,0.0,0.0,0.0,0.0,0.0,0.0,0.0,0.0,0.0,0.0,0.0,0.32839782980856375,0.0,0.0,0.0,0.0,0.0,0.0,0.0,0.0,0.0,0.0,0.0,0.0,0.0,0.0,0.0,0.0,0.0,0.0,0.0,0.0,0.0,0.0,0.0,0.0,0.0,0.0,0.4048963966650584,0.0,0.0,0.0,0.0,0.0,0.0,0.0,0.0,0.0,0.0,0.0,0.0,0.0,0.0,0.0,0.0,0.0
e824adf88884f9b4a3475b65c4f31fc75669bf80441f098a2b0662a1a1d4b070,0.0,0.0,0.0,0.0,0.0,0.0,0.0,0.0,0.0,0.0,0.0,0.0,0.17607622138307136,0.0,0.0,0.0,0.0,0.3446378803706187,0.0,0.0,0.0,0.0,0.0,0.0,0.0,0.0,0.0,0.0,0.0,0.0,0.0,0.0,0.0,0.0,0.2879272947668296,0.0,0.0,0.0,0.0,0.0,0.0,0.0,0.0,0.0,0.0,0.0,0.0,0.0,0.0,0.0,0.0,0.0,0.0,0.0,0.0,0.0,0.0,0.0,0.0,0.0,0.0,0.0,0.0,0.0,0.3400315614110391,0.0,0.6632107413058819,0.2874339265051653,0.0,0.0,0.0,0.0,0.0,0.0,0.0,0.0,0.0,0.0,0.0,0.0,0.0,0.0,0.0,0.0,0.0,0.0,0.0,0.0,0.0,0.0,0.0,0.0,0.0,0.0,0.0,0.0,0.0,0.0,0.0,0.0,0.0,0.0,0.2358546708509295,0.0,0.0,0.0,0.0,0.0,0.0,0.0,0.0,0.0,0.0,0.0,0.0,0.0,0.0,0.0,0.0,0.0,0.0,0.0,0.0,0.0,0.0,0.0,0.0,0.0,0.0,0.0,0.0,0.0,0.0,0.0,0.0,0.0,0.0,0.0,0.0,0.0,0.0,0.0,0.0,0.27130081201105616,0.0,0.0,0.0,0.0,0.0,0.0,0.0,0.0,0.0,0.0,0.0,0.0,0.0,0.0,0.0,0.0,0.0
fb58f709914380bce2e643aa0f64cd5458cb8b29c8f072cd1645e42947f89787,0.0,0.0,0.0,0.0,0.0,0.0,0.0,0.0,0.0,0.0,0.22342909446566972,0.0,0.14546891776707352,0.0,0.0,0.0,0.0,0.0,0.0,0.0,0.0,0.21267123796046125,0.0,0.0,0.0,0.0,0.0,0.0,0.0,0.0,0.0,0.0,0.0,0.0,0.0,0.0,0.0,0.0,0.0,0.0,0.0,0.0,0.0,0.2518618615490181,0.0,0.0,0.0,0.30386380902152027,0.0,0.0,0.0,0.0,0.0,0.0,0.0,0.0,0.0,0.0,0.0,0.0,0.0,0.0,0.0,0.0,0.0,0.0,0.0,0.0,0.0,0.0,0.0,0.0,0.0,0.0,0.43575088860923633,0.13829229729765632,0.2949145632199125,0.23505728339899867,0.0,0.1265230347755843,0.0,0.0,0.0,0.0,0.0,0.0,0.0,0.0,0.0,0.0,0.0,0.0,0.0,0.0,0.0,0.0,0.0,0.0,0.0,0.0,0.0,0.0,0.0,0.0,0.33143498382560393,0.0,0.0,0.0,0.0,0.0,0.0,0.0,0.0,0.0,0.0,0.0,0.18179291708700268,0.0,0.0,0.0,0.0,0.0,0.0,0.0,0.0,0.0,0.0,0.0,0.0,0.0,0.0,0.0,0.0,0.2082990935914701,0.0,0.0,0.0,0.0,0.0,0.0,0.0,0.0,0.0,0.0,0.0,0.0,0.0,0.0,0.0,0.0,0.0,0.4176087165017573,0.0,0.0,0.0,0.0,0.0,0.0,0.0,0.0,0.0
d487a2ccf6e32b1be1d6001f3f849e494570d374d44dc3240f41141bce99dc26,0.0,0.0,0.0,0.0,0.0,0.0,0.0,0.0,0.0,0.0,0.3297213336922233,0.0,0.21467305183163432,0.0,0.0,0.0,0.0,0.0,0.0,0.0,0.0,0.31384562689114726,0.0,0.0,0.0,0.0,0.0,0.0,0.0,0.0,0.0,0.0,0.0,0.0,0.0,0.0,0.0,0.0,0.0,0.0,0.0,0.0,0.0,0.0,0.0,0.0,0.0,0.0,0.0,0.0,0.0,0.0,0.0,0.0,0.0,0.0,0.0,0.0,0.0,0.0,0.0,0.0,0.0,0.0,0.41456826159606364,0.0,0.0,0.0,0.0,0.0,0.0,0.0,0.0,0.0,0.0,0.2040822875525322,0.0,0.0,0.0,0.1867140171192125,0.0,0.0,0.0,0.0,0.0,0.0,0.0,0.0,0.0,0.0,0.0,0.0,0.0,0.0,0.0,0.0,0.0,0.0,0.0,0.0,0.0,0.0,0.2875552506897593,0.0,0.48910901760840214,0.0,0.0,0.0,0.0,0.0,0.0,0.0,0.0,0.0,0.0,0.0,0.0,0.24811353587082857,0.0,0.0,0.0,0.0,0.0,0.0,0.33888894584381934,0.0,0.0,0.0,0.0,0.0,0.0,0.0,0.0,0.0,0.0,0.0,0.0,0.0,0.0,0.0,0.0,0.0,0.0,0.0,0.0,0.0,0.0,0.0,0.0,0.0,0.0,0.0,0.0,0.0,0.0,0.0,0.0,0.0,0.0,0.0,0.0
e5b74e796e5748f8f4cda3f5e354405deb83f431722c1d4ae29bc70442240a59,0.0,0.0,0.0,0.0,0.0,0.0,0.0,0.0,0.0,0.0,0.0,0.0,0.1651734558389333,0.0,0.0,0.0,0.0,0.0,0.0,0.0,0.0,0.0,0.0,0.0,0.0,0.0,0.0,0.0,0.0,0.0,0.0,0.0,0.0,0.0,0.0,0.0,0.0,0.0,0.0,0.0,0.0,0.0,0.30252751154985696,0.2859778893295274,0.0,0.0,0.0,0.0,0.0,0.0,0.0,0.0,0.47417603672218683,0.0,0.0,0.0,0.0,0.0,0.0,0.0,0.0,0.0,0.0,0.0,0.0,0.0,0.0,0.2696358122254473,0.0,0.0,0.0,0.0,0.0,0.0,0.0,0.0,0.0,0.26689704175356227,0.0,0.14366125229978893,0.0,0.0,0.0,0.0,0.0,0.0,0.0,0.0,0.0,0.0,0.0,0.0,0.0,0.0,0.0,0.0,0.0,0.0,0.0,0.0,0.0,0.0,0.221250380966817,0.0,0.0,0.0,0.0,0.0,0.0,0.0,0.0,0.0,0.0,0.0,0.0,0.0,0.20641773392705828,0.0,0.20967609991481345,0.18586170364106108,0.0,0.0,0.0,0.0,0.0,0.0,0.30009944601238364,0.0,0.0,0.0,0.0,0.0,0.0,0.23651431291811062,0.0,0.0,0.0,0.0,0.0,0.0,0.0,0.0,0.0,0.2545016717179694,0.0,0.17074559841596262,0.0,0.0,0.0,0.0,0.0,0.0,0.0,0.0,0.0,0.0,0.0,0.0,0.0,0.0,0.0
76df33f1f8f31c6771cbcd478bfed53a67f039e64e4db4979865f2fc8bd6f03a,0.0,0.0,0.0,0.0,0.0,0.0,0.0,0.0,0.0,0.0,0.0,0.0,0.0,0.0,0.0,0.0,0.0,0.0,0.0,0.0,0.0,0.0,0.0,0.0,0.0,0.0,0.0,0.0,0.0,0.0,0.0,0.0,0.0,0.0,0.3468012285132245,0.0,0.0,0.0,0.0,0.0,0.0,0.0,0.0,0.0,0.0,0.0,0.0,0.0,0.0,0.0,0.0,0.0,0.0,0.0,0.0,0.0,0.0,0.0,0.0,0.0,0.3077458516277511,0.0,0.0,0.4299564924015985,0.0,0.0,0.0,0.3462069787760011,0.0,0.0,0.0,0.0,0.0,0.0,0.0,0.20161659845845376,0.0,0.0,0.0,0.1844581686512071,0.0,0.0,0.0,0.0,0.0,0.0,0.0,0.0,0.0,0.0,0.0,0.0,0.0,0.0,0.0,0.0,0.0,0.0,0.0,0.0,0.0,0.0,0.0,0.0,0.0,0.0,0.33925508388446063,0.0,0.0,0.0,0.0,0.0,0.0,0.0,0.0,0.0,0.0,0.24511586837686503,0.0,0.0,0.28486452692736797,0.0,0.0,0.0,0.0,0.0,0.0,0.0,0.0,0.0,0.0,0.0,0.0,0.0,0.0,0.0,0.0,0.0,0.0,0.0,0.0,0.0,0.0,0.0,0.0,0.21923392623182072,0.0,0.0,0.0,0.0,0.0,0.0,0.0,0.0,0.3181797580862935,0.0,0.0,0.0,0.0,0.0,0.0
78ad3f7666f077021054f2ea1e8b2ce4349b0b233981100a7ffee50681484cd7,0.0,0.2346954471722731,0.27639005642614856,0.0,0.0,0.0,0.0,0.0,0.0,0.0,0.0,0.0,0.0,0.0,0.0,0.0,0.0,0.0,0.0,0.0,0.0,0.0,0.0,0.0,0.0,0.0,0.0,0.0,0.0,0.0,0.0,0.0,0.0,0.0,0.17943754890305083,0.0,0.0,0.0,0.0,0.0,0.0,0.0,0.0,0.0,0.0,0.3331020700650302,0.0,0.0,0.0,0.0,0.25985697587691914,0.0,0.0,0.0,0.0,0.0,0.0,0.0,0.0,0.0,0.15923000485870503,0.0,0.0,0.2224627042477564,0.21190915567308408,0.0,0.0,0.17913007964539918,0.0,0.0,0.0,0.0,0.0,0.0,0.0,0.10431793566779712,0.0,0.0,0.0,0.09544003578019629,0.0,0.0,0.0,0.0,0.0,0.32253470979001486,0.0,0.0,0.0,0.0,0.0,0.0,0.0,0.0,0.0,0.0,0.0,0.0,0.0,0.0,0.0,0.0,0.0,0.0,0.0,0.0,0.0,0.0,0.0,0.0,0.0,0.0,0.0,0.0,0.2203378537176004,0.0,0.0,0.12682478319741677,0.13929639452371118,0.1234755187060079,0.1473910363593907,0.0,0.24059781079340506,0.0,0.0,0.0,0.0,0.0,0.0,0.0,0.0,0.0,0.0,0.0,0.0,0.0,0.0,0.0,0.0,0.0,0.0,0.0,0.0,0.0,0.3286996749159804,0.113433272794563,0.2346954471722731,0.0,0.0,0.0,0.0,0.0,0.0,0.0,0.16462858608181966,0.0,0.0,0.0,0.0,0.0,0.0
84ad231f0d74cd4bed8da0fbfc6801fc77424ee74a560e0d3175aa37b4ecab23,0.0,0.0,0.0,0.0,0.0,0.0,0.0,0.0,0.0,0.0,0.0,0.0,0.0,0.0,0.0,0.0,0.0,0.5404393632707973,0.0,0.0,0.0,0.0,0.0,0.0,0.0,0.0,0.0,0.0,0.0,0.0,0.0,0.0,0.0,0.0,0.0,0.0,0.0,0.0,0.0,0.0,0.0,0.0,0.0,0.0,0.0,0.0,0.0,0.0,0.0,0.0,0.0,0.0,0.0,0.0,0.0,0.0,0.0,0.0,0.0,0.0,0.4006622080016379,0.0,0.0,0.0,0.0,0.0,0.0,0.0,0.0,0.0,0.0,0.0,0.0,0.0,0.0,0.0,0.0,0.0,0.0,0.0,0.0,0.0,0.0,0.0,0.0,0.0,0.0,0.0,0.0,0.0,0.0,0.0,0.0,0.0,0.0,0.0,0.0,0.0,0.0,0.3371639076045214,0.0,0.0,0.36985240276560893,0.0,0.0,0.0,0.4416848846734272,0.0,0.0,0.0,0.0,0.0,0.0,0.0,0.0,0.0,0.0,0.31912262836578104,0.0,0.0,0.0,0.0,0.0,0.0,0.0,0.0,0.0,0.0,0.0,0.0,0.0,0.0,0.0,0.0,0.0,0.0,0.0,0.0,0.0,0.0,0.0,0.0,0.0,0.0,0.0,0.0,0.0,0.0,0.0,0.0,0.0,0.0,0.0,0.0,0.0,0.0,0.0,0.0,0.0,0.0,0.0
7e44724101abeaace0c8ab6e16471862f8fed840e9f70cfb62d56bddd39bdbbc,0.0,0.0,0.0,0.0,0.0,0.0,0.0,0.0,0.0,0.0,0.0,0.0,0.35761024087410187,0.0,0.0,0.0,0.0,0.0,0.0,0.0,0.0,0.0,0.0,0.0,0.0,0.0,0.0,0.0,0.0,0.0,0.0,0.0,0.0,0.0,0.0,0.0,0.0,0.0,0.0,0.0,0.0,0.0,0.0,0.0,0.0,0.0,0.0,0.0,0.0,0.0,0.0,0.0,0.0,0.0,0.0,0.0,0.0,0.0,0.0,0.0,0.0,0.0,0.0,0.0,0.0,0.0,0.0,0.0,0.0,0.0,0.0,0.0,0.0,0.0,0.0,0.3399677574204221,0.0,0.0,0.0,0.0,0.0,0.0,0.0,0.0,0.0,0.0,0.0,0.0,0.0,0.0,0.0,0.0,0.0,0.0,0.0,0.0,0.0,0.0,0.0,0.4366830681335602,0.0,0.0,0.47902008000719204,0.0,0.0,0.0,0.0,0.0,0.0,0.0,0.0,0.0,0.0,0.0,0.0,0.0,0.44690652729530184,0.0,0.0,0.0,0.0,0.0,0.0,0.0,0.0,0.0,0.0,0.0,0.0,0.0,0.0,0.0,0.0,0.0,0.0,0.0,0.0,0.0,0.0,0.0,0.0,0.0,0.0,0.0,0.0,0.36967425708684853,0.0,0.0,0.0,0.0,0.0,0.0,0.0,0.0,0.0,0.0,0.0,0.0,0.0,0.0,0.0
87bde727af7beabcb4d733a41d258ee407d6e977e78c06a96ba2295431d53c23,0.0,0.0,0.0,0.0,0.0,0.0,0.0,0.0,0.0,0.0,0.0,0.0,0.0,0.0,0.0,0.0,0.0,0.0,0.0,0.0,0.0,0.0,0.0,0.0,0.0,0.0,0.0,0.0,0.0,0.0,0.0,0.0,0.0,0.0,0.3468012285132245,0.0,0.0,0.0,0.0,0.0,0.0,0.0,0.0,0.0,0.0,0.0,0.0,0.0,0.0,0.0,0.0,0.0,0.0,0.0,0.0,0.0,0.0,0.0,0.0,0.0,0.3077458516277511,0.0,0.0,0.4299564924015985,0.0,0.0,0.0,0.3462069787760011,0.0,0.0,0.0,0.0,0.0,0.0,0.0,0.20161659845845376,0.0,0.0,0.0,0.1844581686512071,0.0,0.0,0.0,0.0,0.0,0.0,0.0,0.0,0.0,0.0,0.0,0.0,0.0,0.0,0.0,0.0,0.0,0.0,0.0,0.0,0.0,0.0,0.0,0.0,0.0,0.0,0.33925508388446063,0.0,0.0,0.0,0.0,0.0,0.0,0.0,0.0,0.0,0.0,0.24511586837686503,0.0,0.0,0.28486452692736797,0.0,0.0,0.0,0.0,0.0,0.0,0.0,0.0,0.0,0.0,0.0,0.0,0.0,0.0,0.0,0.0,0.0,0.0,0.0,0.0,0.0,0.0,0.0,0.0,0.21923392623182072,0.0,0.0,0.0,0.0,0.0,0.0,0.0,0.0,0.3181797580862935,0.0,0.0,0.0,0.0,0.0,0.0
88b1331060f87fb5e3e2afd35fb1d27f00c68e037c56e10f825c220c1ce97434,0.0,0.22508868460531353,0.26507661306818875,0.0,0.0,0.0,0.0,0.0,0.0,0.0,0.0,0.0,0.0,0.0,0.0,0.0,0.0,0.0,0.0,0.0,0.0,0.0,0.0,0.0,0.0,0.0,0.0,0.0,0.0,0.0,0.0,0.0,0.0,0.0,0.17209265172384194,0.0,0.0,0.0,0.0,0.0,0.0,0.0,0.0,0.0,0.0,0.31946724017704964,0.0,0.0,0.0,0.0,0.24922027926138882,0.0,0.0,0.0,0.0,0.0,0.0,0.0,0.0,0.0,0.15271226082641215,0.0,0.0,0.2133566631827876,0.20323510183503973,0.0,0.0,0.0,0.0,0.0,0.0,0.0,0.0,0.0,0.0,0.10004790124015747,0.0,0.0,0.0,0.09153339943863377,0.0,0.0,0.0,0.0,0.3312170719087473,0.3093324324817487,0.0,0.0,0.0,0.0,0.0,0.0,0.0,0.0,0.0,0.0,0.0,0.0,0.0,0.0,0.0,0.0,0.0,0.0,0.0,0.0,0.0,0.0,0.0,0.0,0.0,0.0,0.0,0.0,0.21131878892242903,0.0,0.0,0.12163347848970603,0.1335945907403572,0.11842130906822959,0.14135789550445363,0.0,0.2307494474345458,0.0,0.0,0.0,0.0,0.0,0.0,0.0,0.0,0.0,0.0,0.0,0.0,0.0,0.0,0.0,0.0,0.0,0.0,0.0,0.0,0.0,0.3152450477777013,0.10879012128881338,0.22508868460531353,0.0,0.0,0.0,0.0,0.0,0.0,0.0,0.15788986252634565,0.0,0.0,0.0,0.0,0.0,0.0
90c54543aaf085e00879d4fe98a6dfb8148548f374828d50b6e3ac44668138b2,0.0,0.0,0.290813497899721,0.0,0.32086806654658795,0.0,0.0,0.0,0.0,0.0,0.0,0.0,0.1154578182478336,0.0,0.0,0.0,0.0,0.0,0.0,0.0,0.0,0.0,0.0,0.0,0.0,0.0,0.0,0.0,0.0,0.0,0.0,0.0,0.0,0.0,0.0,0.0,0.0,0.0,0.0,0.0,0.0,0.0,0.0,0.0,0.0,0.0,0.0,0.0,0.0,0.0,0.27341763696409443,0.0,0.0,0.0,0.0,0.0,0.0,0.0,0.0,0.0,0.167539437859345,0.0,0.0,0.0,0.0,0.0,0.0,0.0,0.0,0.0,0.0,0.0,0.0,0.0,0.0,0.0,0.0,0.0,0.0,0.10042058315628881,0.0,0.0,0.0,0.0,0.0,0.0,0.0,0.0,0.0,0.0,0.0,0.0,0.0,0.0,0.0,0.0,0.0,0.0,0.0,0.1409872217004573,0.0,0.0,0.0,0.0,0.0,0.0,0.18469332972091324,0.0,0.0,0.0,0.0,0.0,0.0,0.0,0.0,0.2638724653366609,0.0,0.1334431466128721,0.1465655901665336,0.1299191004343215,0.0,0.0,0.2531534305125811,0.0,0.18226497448838053,0.0,0.2097723700093839,0.0,0.0,0.0,0.0,0.0,0.0,0.0,0.0,0.0,0.0,0.0,0.0,0.0,0.3722252252471037,0.0,0.0,0.1778990916411941,0.0,0.0,0.0,0.26721480674802606,0.0,0.0,0.0,0.0,0.0,0.0,0.17321974455883443,0.0,0.0,0.30581749478222214,0.0,0.0,0.0
93ce973daa9687f185966b3133f7003006655ec9d5bf3edb881efaf0e4fbafc7,0.0,0.0,0.0,0.0,0.0,0.0,0.0,0.0,0.0,0.0,0.0,0.0,0.0,0.0,0.0,0.0,0.0,0.0,0.0,0.0,0.0,0.0,0.0,0.0,0.0,0.0,0.0,0.0,0.0,0.0,0.0,0.0,0.0,0.0,0.0,0.0,0.0,0.0,0.0,0.0,0.0,0.0,0.0,0.0,0.0,0.0,0.0,0.0,0.0,0.0,0.0,0.0,0.0,0.0,0.0,0.0,0.0,0.0,0.0,0.0,0.0,0.0,0.0,0.0,0.0,0.0,0.0,0.5328075340368202,0.0,0.0,0.0,0.0,0.0,0.0,0.0,0.0,0.0,0.0,0.0,0.0,0.0,0.0,0.0,0.0,0.0,0.0,0.0,0.0,0.0,0.0,0.0,0.0,0.0,0.0,0.0,0.0,0.0,0.0,0.0,0.0,0.0,0.0,0.4371966353974968,0.0,0.0,0.0,0.0,0.0,0.0,0.0,0.0,0.0,0.0,0.0,0.0,0.0,0.0,0.0,0.4143255483016518,0.36726766808734046,0.0,0.0,0.0,0.0,0.0,0.0,0.0,0.0,0.0,0.0,0.0,0.0,0.0,0.46735857077080933,0.0,0.0,0.0,0.0,0.0,0.0,0.0,0.0,0.0,0.0,0.0,0.0,0.0,0.0,0.0,0.0,0.0,0.0,0.0,0.0,0.0,0.0,0.0,0.0,0.0,0.0,0.0
93fe4c0755a3334733ca1aeda854458ac083eaffe310421c8c2e2e18265aae3b,0.0,0.0,0.0,0.0,0.0,0.0,0.0,0.0,0.0,0.0,0.0,0.0,0.0,0.0,0.0,0.0,0.0,0.0,0.0,0.0,0.0,0.0,0.0,0.0,0.0,0.0,0.0,0.0,0.0,0.0,0.0,0.0,0.0,0.0,0.31353919825837034,0.0,0.0,0.0,0.0,0.0,0.0,0.0,0.0,0.0,0.0,0.0,0.0,0.0,0.0,0.0,0.0,0.0,0.0,0.0,0.0,0.0,0.0,0.0,0.0,0.0,0.2782296591057924,0.0,0.0,0.3887189629965157,0.0,0.0,0.0,0.3130019435693571,0.0,0.0,0.0,0.0,0.0,0.0,0.0,0.1822793618905327,0.0,0.0,0.0,0.16676661313759253,0.0,0.0,0.0,0.0,0.0,0.0,0.0,0.0,0.0,0.0,0.0,0.0,0.0,0.0,0.0,0.0,0.0,0.0,0.0,0.0,0.0,0.0,0.2568345750755533,0.0,0.0,0.0,0.3067168114202738,0.0,0.0,0.0,0.0,0.0,0.0,0.0,0.0,0.0,0.239616360204893,0.22160657613805385,0.24339877648932529,0.0,0.2575429036626121,0.0,0.0,0.0,0.0,0.0,0.0,0.0,0.0,0.0,0.0,0.0,0.0,0.0,0.0,0.0,0.0,0.0,0.0,0.0,0.0,0.0,0.0,0.0,0.0,0.19820699527636934,0.0,0.0,0.0,0.0,0.0,0.0,0.0,0.0,0.28766283983510893,0.0,0.0,0.0,0.0,0.0,0.0
94ef44e3f7be172fb47203eb942e4601f1a96cb4bfd37e055fd6cf39b5db49a6,0.0,0.0,0.30980206083105755,0.0,0.3418190317468935,0.0,0.0,0.0,0.0,0.0,0.0,0.0,0.12299659503621292,0.0,0.0,0.0,0.0,0.0,0.0,0.0,0.0,0.0,0.0,0.0,0.0,0.0,0.0,0.0,0.0,0.0,0.0,0.0,0.0,0.0,0.0,0.0,0.0,0.0,0.0,0.0,0.0,0.0,0.0,0.0,0.0,0.0,0.0,0.0,0.0,0.0,0.0,0.0,0.0,0.0,0.0,0.0,0.0,0.0,0.0,0.0,0.17847886530081103,0.0,0.0,0.0,0.0,0.0,0.0,0.0,0.0,0.0,0.0,0.0,0.0,0.0,0.0,0.0,0.0,0.0,0.0,0.10697750907835255,0.0,0.0,0.0,0.0,0.0,0.0,0.0,0.0,0.0,0.0,0.0,0.0,0.0,0.0,0.0,0.0,0.0,0.0,0.0,0.15019293172116815,0.0,0.0,0.0,0.0,0.0,0.0,0.19675281437252654,0.0,0.0,0.0,0.0,0.0,0.0,0.0,0.0,0.28110192321973304,0.0,0.1421562689593728,0.1561355377533728,0.13840212145087152,0.0,0.0,0.26968299286538994,0.0,0.19416590055696517,0.0,0.2234693815922243,0.0,0.0,0.0,0.0,0.0,0.0,0.17612064249974985,0.0,0.0,0.0,0.0,0.0,0.0,0.3965295376854238,0.0,0.0,0.1895149489568035,0.0,0.0,0.0,0.0,0.0,0.0,0.0,0.0,0.0,0.0,0.1845300655867795,0.0,0.0,0.3257857383029487,0.0,0.0,0.0
098aa02c6c9dfa8b4fe8a40e0aa819ee73b834ab2058051de80c4c530534643f,0.0,0.0,0.0,0.0,0.0,0.0,0.0,0.0,0.0,0.0,0.0,0.0,0.0,0.0,0.0,0.0,0.0,0.0,0.0,0.0,0.0,0.0,0.0,0.0,0.0,0.0,0.0,0.0,0.0,0.0,0.0,0.0,0.0,0.0,0.3468012285132245,0.0,0.0,0.0,0.0,0.0,0.0,0.0,0.0,0.0,0.0,0.0,0.0,0.0,0.0,0.0,0.0,0.0,0.0,0.0,0.0,0.0,0.0,0.0,0.0,0.0,0.3077458516277511,0.0,0.0,0.4299564924015985,0.0,0.0,0.0,0.3462069787760011,0.0,0.0,0.0,0.0,0.0,0.0,0.0,0.20161659845845376,0.0,0.0,0.0,0.1844581686512071,0.0,0.0,0.0,0.0,0.0,0.0,0.0,0.0,0.0,0.0,0.0,0.0,0.0,0.0,0.0,0.0,0.0,0.0,0.0,0.0,0.0,0.0,0.0,0.0,0.0,0.0,0.33925508388446063,0.0,0.0,0.0,0.0,0.0,0.0,0.0,0.0,0.0,0.0,0.24511586837686503,0.0,0.0,0.28486452692736797,0.0,0.0,0.0,0.0,0.0,0.0,0.0,0.0,0.0,0.0,0.0,0.0,0.0,0.0,0.0,0.0,0.0,0.0,0.0,0.0,0.0,0.0,0.0,0.0,0.21923392623182072,0.0,0.0,0.0,0.0,0.0,0.0,0.0,0.0,0.3181797580862935,0.0,0.0,0.0,0.0,0.0,0.0
098aad386b0f549cefddf2001dba9f31f40d88a3618cd3a8d5589b4b0b467342,0.0,0.2218387630570678,0.26124932962096936,0.0,0.0,0.0,0.0,0.0,0.0,0.0,0.0,0.0,0.0,0.0,0.0,0.0,0.0,0.0,0.0,0.0,0.0,0.0,0.0,0.0,0.0,0.0,0.0,0.0,0.0,0.0,0.0,0.0,0.0,0.0,0.16960790835207823,0.0,0.0,0.0,0.0,0.0,0.0,0.0,0.0,0.0,0.0,0.31485464283733655,0.0,0.0,0.0,0.0,0.24562193598059873,0.0,0.0,0.0,0.0,0.0,0.0,0.0,0.0,0.0,0.15050733938395344,0.0,0.0,0.2102761333091718,0.2003007111615513,0.0,0.0,0.16931728234881602,0.0,0.0,0.0,0.0,0.0,0.0,0.0,0.0986033691408772,0.0,0.0,0.0,0.09021180316318608,0.0,0.0,0.0,0.0,0.3264348257419505,0.30486616559829127,0.0,0.0,0.0,0.0,0.0,0.0,0.0,0.0,0.0,0.0,0.0,0.0,0.0,0.0,0.0,0.0,0.0,0.0,0.0,0.0,0.0,0.0,0.0,0.0,0.0,0.0,0.0,0.0,0.20826768270235216,0.0,0.0,0.1198772850878701,0.1316656979577748,0.11671149426884442,0.13931691298496296,0.0,0.22741779350099386,0.0,0.0,0.0,0.0,0.0,0.0,0.0,0.0,0.0,0.0,0.0,0.0,0.0,0.0,0.0,0.0,0.0,0.0,0.0,0.0,0.0,0.31069341216106877,0.10721936547746401,0.2218387630570678,0.0,0.0,0.0,0.0,0.0,0.0,0.0,0.1556101847745578,0.0,0.0,0.0,0.0,0.0,0.0
141c1029d3a44625dbca07357d78711dc4f930858abeccff2edec092efbe9f8b,0.0,0.0,0.0,0.0,0.0,0.0,0.0,0.0,0.0,0.0,0.0,0.0,0.0,0.0,0.0,0.0,0.0,0.0,0.0,0.0,0.0,0.0,0.0,0.0,0.0,0.0,0.0,0.0,0.0,0.0,0.0,0.0,0.0,0.0,0.3468012285132245,0.0,0.0,0.0,0.0,0.0,0.0,0.0,0.0,0.0,0.0,0.0,0.0,0.0,0.0,0.0,0.0,0.0,0.0,0.0,0.0,0.0,0.0,0.0,0.0,0.0,0.3077458516277511,0.0,0.0,0.4299564924015985,0.0,0.0,0.0,0.3462069787760011,0.0,0.0,0.0,0.0,0.0,0.0,0.0,0.20161659845845376,0.0,0.0,0.0,0.1844581686512071,0.0,0.0,0.0,0.0,0.0,0.0,0.0,0.0,0.0,0.0,0.0,0.0,0.0,0.0,0.0,0.0,0.0,0.0,0.0,0.0,0.0,0.0,0.0,0.0,0.0,0.0,0.33925508388446063,0.0,0.0,0.0,0.0,0.0,0.0,0.0,0.0,0.0,0.0,0.24511586837686503,0.0,0.0,0.28486452692736797,0.0,0.0,0.0,0.0,0.0,0.0,0.0,0.0,0.0,0.0,0.0,0.0,0.0,0.0,0.0,0.0,0.0,0.0,0.0,0.0,0.0,0.0,0.0,0.0,0.21923392623182072,0.0,0.0,0.0,0.0,0.0,0.0,0.0,0.0,0.3181797580862935,0.0,0.0,0.0,0.0,0.0,0.0
161c471b0aaaf0d7c1f0267ebb837e10fb8c5edfe09b0d00bf2472820f413713,0.0,0.0,0.0,0.0,0.0,0.0,0.0,0.0,0.0,0.0,0.0,0.0,0.0,0.0,0.0,0.0,0.0,0.5254983841664272,0.0,0.0,0.0,0.0,0.0,0.0,0.0,0.0,0.0,0.0,0.0,0.0,0.0,0.0,0.0,0.0,0.0,0.0,0.0,0.0,0.0,0.0,0.0,0.0,0.0,0.0,0.0,0.0,0.0,0.0,0.0,0.0,0.0,0.0,0.0,0.0,0.0,0.0,0.0,0.0,0.0,0.0,0.3895855061836326,0.0,0.0,0.0,0.0,0.0,0.0,0.0,0.0,0.0,0.0,0.0,0.0,0.0,0.0,0.0,0.0,0.0,0.0,0.23351160908778335,0.0,0.0,0.0,0.0,0.0,0.0,0.0,0.0,0.0,0.0,0.0,0.0,0.0,0.0,0.0,0.0,0.0,0.0,0.0,0.32784267891425894,0.0,0.0,0.3596274683937335,0.0,0.0,0.0,0.4294740705079254,0.0,0.0,0.0,0.0,0.0,0.0,0.0,0.0,0.0,0.0,0.3103001686298944,0.0,0.0,0.0,0.0,0.0,0.0,0.0,0.0,0.0,0.0,0.0,0.0,0.0,0.0,0.0,0.0,0.0,0.0,0.0,0.0,0.0,0.0,0.0,0.0,0.0,0.0,0.0,0.0,0.0,0.0,0.0,0.0,0.0,0.0,0.0,0.0,0.0,0.0,0.0,0.0,0.0,0.0,0.0
a91aba394cc1c8de40a720ba8ad3f731733628ad338a21553b39ec86d36d702f,0.0,0.0,0.0,0.0,0.0,0.0,0.0,0.0,0.0,0.0,0.23030421957253477,0.0,0.14994513430995784,0.0,0.0,0.0,0.0,0.0,0.0,0.0,0.0,0.21921533362135426,0.0,0.0,0.0,0.0,0.3148332042549424,0.0,0.0,0.0,0.0,0.0,0.0,0.0,0.0,0.0,0.0,0.0,0.0,0.0,0.0,0.0,0.0,0.0,0.2908596121064374,0.0,0.0,0.0,0.0,0.0,0.0,0.0,0.0,0.0,0.0,0.0,0.0,0.0,0.28956822076774147,0.0,0.0,0.0,0.0,0.0,0.28956822076774147,0.0,0.0,0.0,0.0,0.0,0.0,0.0,0.0,0.0,0.0,0.14254768242335333,0.0,0.2422902189059555,0.0,0.1304162685330887,0.0,0.0,0.0,0.0,0.0,0.0,0.0,0.0,0.0,0.0,0.0,0.0,0.0,0.0,0.0,0.0,0.0,0.0,0.0,0.0,0.0,0.0,0.0,0.0,0.3416335525663592,0.0,0.0,0.0,0.0,0.0,0.0,0.0,0.0,0.0,0.0,0.0,0.0,0.17330269050000816,0.0,0.16872600972103305,0.0,0.0,0.0,0.0,0.23670762616522992,0.0,0.2724314963934063,0.0,0.0,0.0,0.0,0.0,0.0,0.21470865422417454,0.0,0.0,0.0,0.0,0.0,0.0,0.0,0.0,0.0,0.23103765162528406,0.0,0.15500354798098762,0.0,0.0,0.0,0.0,0.0,0.0,0.0,0.0,0.0,0.0,0.0,0.0,0.0,0.0,0.0
7184ecf9db3c6c15ab1b97ebe8b9124c9eb5b4f9f63e9da59f6b8c63d2ff5aef,0.0,0.0,0.0,0.0,0.0,0.3012085011556377,0.0,0.0,0.0,0.0,0.0,0.2910501059598095,0.1083837252968912,0.0,0.4918162836485417,0.0,0.0,0.2121418614028894,0.0,0.0,0.30601483349513886,0.0,0.0,0.0,0.0,0.0,0.0,0.0,0.0,0.0,0.0,0.0,0.0,0.0,0.0,0.0,0.0,0.0,0.0,0.0,0.0,0.0,0.0,0.0,0.0,0.0,0.0,0.22639813446188958,0.0,0.0,0.0,0.0,0.0,0.0,0.0,0.0,0.0,0.0,0.0,0.0,0.0,0.0,0.0,0.0,0.0,0.0,0.0,0.0,0.0,0.0,0.37328049598640667,0.0,0.0,0.0,0.0,0.0,0.0,0.0,0.0,0.09426782061308392,0.0,0.0,0.0,0.0,0.0,0.0,0.0,0.0,0.0,0.0,0.0,0.0,0.0,0.0,0.0,0.0,0.0,0.0,0.0,0.0,0.0,0.0,0.14518035231958665,0.0,0.0,0.0,0.0,0.0,0.0,0.0,0.0,0.0,0.0,0.0,0.0,0.0,0.0,0.0,0.13758552607055155,0.0,0.0,0.0,0.0,0.0,0.0,0.0,0.0,0.0,0.0,0.0,0.0,0.4390851404274016,0.0,0.0,0.0,0.0,0.0,0.0,0.0,0.0,0.0,0.0,0.0,0.0,0.0,0.0,0.0,0.0,0.0,0.0,0.0,0.0,0.0,0.0,0.0,0.0,0.0,0.0,0.0,0.0,0.0
231bba5652f6fbdbab3016362fb7925fc4e4489fff5e6a4a98c37fba5bd0cfe9,0.0,0.0,0.0,0.0,0.0,0.0,0.0,0.0,0.0,0.0,0.0,0.0,0.0,0.0,0.0,0.0,0.0,0.5404393632707973,0.0,0.0,0.0,0.0,0.0,0.0,0.0,0.0,0.0,0.0,0.0,0.0,0.0,0.0,0.0,0.0,0.0,0.0,0.0,0.0,0.0,0.0,0.0,0.0,0.0,0.0,0.0,0.0,0.0,0.0,0.0,0.0,0.0,0.0,0.0,0.0,0.0,0.0,0.0,0.0,0.0,0.0,0.4006622080016379,0.0,0.0,0.0,0.0,0.0,0.0,0.0,0.0,0.0,0.0,0.0,0.0,0.0,0.0,0.0,0.0,0.0,0.0,0.0,0.0,0.0,0.0,0.0,0.0,0.0,0.0,0.0,0.0,0.0,0.0,0.0,0.0,0.0,0.0,0.0,0.0,0.0,0.0,0.3371639076045214,0.0,0.0,0.36985240276560893,0.0,0.0,0.0,0.4416848846734272,0.0,0.0,0.0,0.0,0.0,0.0,0.0,0.0,0.0,0.0,0.31912262836578104,0.0,0.0,0.0,0.0,0.0,0.0,0.0,0.0,0.0,0.0,0.0,0.0,0.0,0.0,0.0,0.0,0.0,0.0,0.0,0.0,0.0,0.0,0.0,0.0,0.0,0.0,0.0,0.0,0.0,0.0,0.0,0.0,0.0,0.0,0.0,0.0,0.0,0.0,0.0,0.0,0.0,0.0,0.0
245f7a3c993a0ecada1c1f8936ea82e8e48812c5758767e5d91db91324bc303a,0.0,0.0,0.30519765735875887,0.0,0.3367387791092861,0.0,0.0,0.0,0.0,0.0,0.0,0.0,0.12116856991673353,0.0,0.0,0.0,0.0,0.0,0.0,0.0,0.0,0.0,0.0,0.0,0.0,0.0,0.0,0.0,0.0,0.0,0.0,0.0,0.0,0.0,0.0,0.0,0.0,0.0,0.0,0.0,0.0,0.0,0.0,0.0,0.0,0.0,0.0,0.0,0.0,0.0,0.28694136580546004,0.0,0.0,0.0,0.0,0.0,0.0,0.0,0.0,0.0,0.1758262402507436,0.0,0.0,0.0,0.0,0.0,0.0,0.0,0.0,0.0,0.0,0.0,0.0,0.0,0.0,0.0,0.0,0.0,0.0,0.10538756609044311,0.0,0.0,0.0,0.0,0.0,0.0,0.0,0.0,0.0,0.0,0.0,0.0,0.0,0.0,0.0,0.0,0.0,0.0,0.0,0.1479607036511658,0.0,0.0,0.0,0.0,0.0,0.0,0.19382859450371348,0.0,0.0,0.0,0.0,0.0,0.0,0.0,0.2433032419892314,0.2769240727952693,0.0,0.14004348502033212,0.0,0.13634513316979804,0.0,0.0,0.2656748552002036,0.0,0.19128012844709524,0.0,0.2201480893006382,0.0,0.0,0.0,0.0,0.0,0.0,0.0,0.0,0.0,0.0,0.0,0.0,0.0,0.0,0.0,0.0,0.1866983011698636,0.0,0.12525620339271507,0.0,0.2804317324335215,0.0,0.0,0.0,0.0,0.0,0.0,0.18178750515173256,0.0,0.0,0.3209437789543132,0.0,0.0,0.0
0251d3e4eac3e2e30f8648c4f366e525bb4f0b17b68bd677da867ef906653c31,0.0,0.0,0.0,0.0,0.0,0.0,0.0,0.0,0.0,0.0,0.0,0.0,0.0,0.0,0.0,0.0,0.0,0.0,0.0,0.0,0.0,0.0,0.0,0.0,0.0,0.0,0.0,0.0,0.0,0.0,0.0,0.0,0.0,0.0,0.31353919825837034,0.0,0.0,0.0,0.0,0.0,0.0,0.0,0.0,0.0,0.0,0.0,0.0,0.0,0.0,0.0,0.0,0.0,0.0,0.0,0.0,0.0,0.0,0.0,0.0,0.0,0.2782296591057924,0.0,0.0,0.3887189629965157,0.0,0.0,0.0,0.3130019435693571,0.0,0.0,0.0,0.0,0.0,0.0,0.0,0.1822793618905327,0.0,0.0,0.0,0.16676661313759253,0.0,0.0,0.0,0.0,0.0,0.0,0.0,0.0,0.0,0.0,0.0,0.0,0.0,0.0,0.0,0.0,0.0,0.0,0.0,0.0,0.0,0.0,0.2568345750755533,0.0,0.0,0.0,0.3067168114202738,0.0,0.0,0.0,0.0,0.0,0.0,0.0,0.0,0.0,0.239616360204893,0.22160657613805385,0.24339877648932529,0.0,0.2575429036626121,0.0,0.0,0.0,0.0,0.0,0.0,0.0,0.0,0.0,0.0,0.0,0.0,0.0,0.0,0.0,0.0,0.0,0.0,0.0,0.0,0.0,0.0,0.0,0.0,0.19820699527636934,0.0,0.0,0.0,0.0,0.0,0.0,0.0,0.0,0.28766283983510893,0.0,0.0,0.0,0.0,0.0,0.0
0291e99acfedf4e277d56babb2783ce0a01e873a42627b4e3f4a56c2a10cc24d,0.0,0.0,0.0,0.0,0.33936796606915043,0.0,0.0,0.0,0.0,0.0,0.0,0.0,0.12211462912860437,0.0,0.0,0.0,0.0,0.0,0.0,0.0,0.0,0.0,0.0,0.0,0.0,0.0,0.0,0.0,0.0,0.0,0.0,0.0,0.0,0.0,0.0,0.0,0.0,0.0,0.0,0.0,0.0,0.0,0.0,0.0,0.0,0.0,0.0,0.0,0.0,0.0,0.2891817448292746,0.0,0.0,0.0,0.0,0.0,0.0,0.0,0.0,0.0,0.17719905528348795,0.0,0.0,0.0,0.0,0.0,0.0,0.0,0.0,0.0,0.0,0.0,0.0,0.0,0.0,0.0,0.0,0.0,0.0,0.10621041047810095,0.0,0.0,0.0,0.0,0.0,0.0,0.0,0.0,0.0,0.0,0.0,0.0,0.0,0.0,0.0,0.0,0.0,0.0,0.0,0.14911595031934277,0.0,0.0,0.0,0.0,0.0,0.0,0.19534196820681346,0.0,0.0,0.0,0.0,0.0,0.0,0.0,0.0,0.27908623886058465,0.0,0.14113691567777925,0.0,0.1374096878585072,0.0,0.0,0.2677491896938543,0.0,0.19277360425265744,0.0,0.22186696019266702,0.0,0.0,0.0,0.0,0.0,0.0,0.0,0.0,0.0,0.0,0.0,0.0,0.0,0.393686161952174,0.0,0.0,0.18815600301270752,0.0,0.0,0.0,0.2826212855820975,0.0,0.0,0.0,0.0,0.0,0.0,0.1832068645117547,0.0,0.0,0.3234496418095158,0.0,0.0,0.0
930882d0f2a8881e87ba3b4a238602f9ba98308b3e03f8ef2960f6c12a6f1584,0.0,0.0,0.0,0.0,0.0,0.0,0.0,0.0,0.0,0.0,0.2096168522849992,0.0,0.13647612331134704,0.0,0.0,0.0,0.0,0.0,0.0,0.0,0.0,0.19952403951435985,0.0,0.0,0.0,0.0,0.0,0.45173073744850184,0.0,0.0,0.0,0.0,0.0,0.0,0.0,0.0,0.0,0.0,0.0,0.0,0.0,0.0,0.0,0.23629192408805744,0.0,0.0,0.0,0.28507914478527363,0.0,0.0,0.0,0.0,0.0,0.0,0.0,0.0,0.0,0.0,0.2635573897506669,0.0,0.0,0.0,0.0,0.0,0.2635573897506669,0.0,0.0,0.0,0.0,0.0,0.0,0.0,0.0,0.0,0.0,0.1297431568799118,0.0,0.0,0.0,0.11870146255853231,0.0,0.0,0.0,0.0,0.0,0.0,0.0,0.0,0.0,0.0,0.0,0.0,0.0,0.0,0.0,0.0,0.0,0.0,0.0,0.0,0.0,0.0,0.18281021076991008,0.0,0.0,0.0,0.21831548546733073,0.0,0.0,0.0,0.0,0.0,0.0,0.0,0.0,0.0,0.0,0.15773555752716825,0.17324685205666884,0.15356998287733048,0.18331438626207847,0.0,0.0,0.0,0.2154450647960558,0.0,0.0,0.0,0.0,0.0,0.0,0.0,0.0,0.0,0.0,0.0,0.0,0.0,0.0,0.0,0.0,0.0,0.0,0.0,0.0,0.14108015858801168,0.291897342739243,0.0,0.0,0.0,0.0,0.0,0.0,0.0,0.20475321270688482,0.0,0.0,0.0,0.0,0.0,0.0
0a40acb8ddbc2ed8f8b703681fadf9fcb2672fdb75d93c150b45c6465cc9b1b4,0.0,0.0,0.3084730178352358,0.0,0.3403526367566112,0.0,0.0,0.0,0.0,0.0,0.0,0.0,0.12246894275816061,0.0,0.0,0.0,0.0,0.0,0.0,0.0,0.0,0.0,0.0,0.0,0.0,0.0,0.0,0.0,0.0,0.0,0.0,0.0,0.0,0.0,0.0,0.0,0.0,0.0,0.0,0.0,0.0,0.0,0.0,0.0,0.0,0.0,0.0,0.0,0.0,0.0,0.29002080100414096,0.0,0.0,0.0,0.0,0.0,0.0,0.0,0.0,0.0,0.17771319548830578,0.0,0.0,0.0,0.0,0.0,0.0,0.0,0.0,0.0,0.0,0.0,0.0,0.0,0.0,0.0,0.0,0.0,0.0,0.10651857827340681,0.0,0.0,0.0,0.0,0.0,0.0,0.0,0.0,0.0,0.0,0.0,0.0,0.0,0.0,0.0,0.0,0.0,0.0,0.0,0.1495486078474325,0.0,0.0,0.0,0.0,0.0,0.0,0.19590874978125633,0.0,0.0,0.0,0.0,0.0,0.0,0.0,0.0,0.27989600308748785,0.0,0.14154642216537217,0.1554657202502441,0.13780837985461575,0.0,0.0,0.2685260596552024,0.0,0.1933329337604551,0.0,0.22251070360412747,0.0,0.0,0.0,0.0,0.0,0.0,0.17536508940334367,0.0,0.0,0.0,0.0,0.0,0.0,0.0,0.0,0.0,0.1887019346248817,0.0,0.0,0.0,0.2834413066901253,0.0,0.0,0.0,0.0,0.0,0.0,0.18373843627828249,0.0,0.0,0.3243881257355285,0.0,0.0,0.0
324cb383fd7f47c079b162b725215bb4badfd4c0b2e41d330fa38344e59e77ce,0.0,0.0,0.0,0.0,0.39407219808146854,0.0,0.0,0.0,0.0,0.0,0.0,0.0,0.14179882938275618,0.0,0.0,0.0,0.0,0.0,0.0,0.0,0.0,0.0,0.0,0.0,0.0,0.0,0.0,0.0,0.0,0.0,0.0,0.0,0.0,0.0,0.0,0.0,0.0,0.0,0.0,0.0,0.0,0.0,0.0,0.0,0.0,0.0,0.0,0.0,0.0,0.0,0.0,0.0,0.0,0.0,0.0,0.0,0.0,0.0,0.0,0.0,0.20576255921366246,0.0,0.0,0.0,0.0,0.0,0.0,0.0,0.0,0.0,0.0,0.0,0.0,0.0,0.0,0.0,0.0,0.0,0.0,0.12333093898353356,0.0,0.0,0.0,0.0,0.0,0.0,0.0,0.0,0.0,0.0,0.0,0.0,0.0,0.0,0.0,0.0,0.0,0.0,0.0,0.17315261364231677,0.0,0.0,0.0,0.0,0.0,0.0,0.22683000897360459,0.0,0.0,0.0,0.0,0.0,0.0,0.0,0.2847282502616873,0.3240733911216315,0.0,0.16388740291488932,0.0,0.15955936666413828,0.0,0.0,0.3109088725707534,0.0,0.22384763900919477,0.0,0.25763068240495834,0.0,0.0,0.0,0.0,0.0,0.0,0.0,0.0,0.0,0.0,0.0,0.0,0.0,0.0,0.0,0.0,0.21848570608556697,0.0,0.0,0.0,0.0,0.0,0.0,0.0,0.0,0.0,0.0,0.21273879393510578,0.0,0.0,0.3755879283272349,0.0,0.0,0.0
329b3ddbf1c00b7767f0ec39b90eb9f4f8bd98ace60e2f6b6fbfb9adf25e3ef9,0.0,0.2346954471722731,0.27639005642614856,0.0,0.0,0.0,0.0,0.0,0.0,0.0,0.0,0.0,0.0,0.0,0.0,0.0,0.0,0.0,0.0,0.0,0.0,0.0,0.0,0.0,0.0,0.0,0.0,0.0,0.0,0.0,0.0,0.0,0.0,0.0,0.17943754890305083,0.0,0.0,0.0,0.0,0.0,0.0,0.0,0.0,0.0,0.0,0.3331020700650302,0.0,0.0,0.0,0.0,0.25985697587691914,0.0,0.0,0.0,0.0,0.0,0.0,0.0,0.0,0.0,0.15923000485870503,0.0,0.0,0.2224627042477564,0.21190915567308408,0.0,0.0,0.17913007964539918,0.0,0.0,0.0,0.0,0.0,0.0,0.0,0.10431793566779712,0.0,0.0,0.0,0.09544003578019629,0.0,0.0,0.0,0.0,0.0,0.32253470979001486,0.0,0.0,0.0,0.0,0.0,0.0,0.0,0.0,0.0,0.0,0.0,0.0,0.0,0.0,0.0,0.0,0.0,0.0,0.0,0.0,0.0,0.0,0.0,0.0,0.0,0.0,0.0,0.0,0.2203378537176004,0.0,0.0,0.12682478319741677,0.13929639452371118,0.1234755187060079,0.1473910363593907,0.0,0.24059781079340506,0.0,0.0,0.0,0.0,0.0,0.0,0.0,0.0,0.0,0.0,0.0,0.0,0.0,0.0,0.0,0.0,0.0,0.0,0.0,0.0,0.0,0.3286996749159804,0.113433272794563,0.2346954471722731,0.0,0.0,0.0,0.0,0.0,0.0,0.0,0.16462858608181966,0.0,0.0,0.0,0.0,0.0,0.0
338c8ee7311ecb162958e309f3459c09ebf8972011de7715fe17179a20e1c2ce,0.0,0.0,0.0,0.0,0.0,0.0,0.0,0.0,0.0,0.0,0.0,0.0,0.0,0.0,0.0,0.0,0.0,0.0,0.0,0.0,0.0,0.0,0.0,0.0,0.0,0.0,0.0,0.0,0.0,0.0,0.0,0.0,0.0,0.0,0.31353919825837034,0.0,0.0,0.0,0.0,0.0,0.0,0.0,0.0,0.0,0.0,0.0,0.0,0.0,0.0,0.0,0.0,0.0,0.0,0.0,0.0,0.0,0.0,0.0,0.0,0.0,0.2782296591057924,0.0,0.0,0.3887189629965157,0.0,0.0,0.0,0.3130019435693571,0.0,0.0,0.0,0.0,0.0,0.0,0.0,0.1822793618905327,0.0,0.0,0.0,0.16676661313759253,0.0,0.0,0.0,0.0,0.0,0.0,0.0,0.0,0.0,0.0,0.0,0.0,0.0,0.0,0.0,0.0,0.0,0.0,0.0,0.0,0.0,0.0,0.2568345750755533,0.0,0.0,0.0,0.3067168114202738,0.0,0.0,0.0,0.0,0.0,0.0,0.0,0.0,0.0,0.239616360204893,0.22160657613805385,0.24339877648932529,0.0,0.2575429036626121,0.0,0.0,0.0,0.0,0.0,0.0,0.0,0.0,0.0,0.0,0.0,0.0,0.0,0.0,0.0,0.0,0.0,0.0,0.0,0.0,0.0,0.0,0.0,0.0,0.19820699527636934,0.0,0.0,0.0,0.0,0.0,0.0,0.0,0.0,0.28766283983510893,0.0,0.0,0.0,0.0,0.0,0.0
0341ff3dcd3d14b971c1558cb3277908aa3c7841e017fd6f30359a481305813e,0.0,0.0,0.0,0.0,0.0,0.0,0.0,0.0,0.0,0.0,0.22275860802344893,0.0,0.14503238134660149,0.0,0.0,0.0,0.0,0.0,0.0,0.0,0.0,0.21203303467702672,0.0,0.0,0.0,0.0,0.30451811290980274,0.0,0.0,0.0,0.0,0.0,0.0,0.0,0.0,0.0,0.0,0.0,0.0,0.0,0.0,0.0,0.0,0.2511060514613258,0.2813299836335134,0.0,0.0,0.302951946738241,0.0,0.0,0.0,0.0,0.0,0.0,0.0,0.0,0.0,0.0,0.2800809030150368,0.0,0.0,0.0,0.0,0.0,0.0,0.0,0.0,0.0,0.0,0.0,0.0,0.0,0.0,0.0,0.0,0.13787729713564345,0.2940295566511606,0.23435190202491585,0.0,0.126143352891949,0.0,0.0,0.0,0.0,0.0,0.0,0.0,0.0,0.0,0.0,0.0,0.0,0.0,0.0,0.0,0.0,0.0,0.0,0.0,0.1771011509914985,0.0,0.0,0.19427134621891612,0.0,0.0,0.0,0.0,0.0,0.0,0.0,0.0,0.0,0.0,0.0,0.0,0.0,0.18124737629031235,0.0,0.0,0.1631979263452909,0.0,0.0,0.0,0.0,0.22895221551290135,0.0,0.0,0.0,0.0,0.0,0.0,0.0,0.0,0.20767401063835716,0.0,0.0,0.0,0.0,0.0,0.0,0.0,0.0,0.2807035275444376,0.0,0.0,0.0,0.0,0.0,0.0,0.0,0.0,0.0,0.0,0.0,0.0,0.0,0.0,0.0,0.0,0.0,0.0
7fa868c908374d9a48101bf8ed26b2f2c762773594106f176bd4ca279a91932c,0.0,0.0,0.0,0.0,0.0,0.0,0.0,0.0,0.0,0.0,0.2644109205291932,0.0,0.1721511271715216,0.0,0.0,0.0,0.0,0.0,0.0,0.0,0.0,0.25167983576037317,0.0,0.0,0.0,0.0,0.0,0.0,0.0,0.0,0.0,0.0,0.0,0.0,0.0,0.0,0.0,0.0,0.0,0.0,0.0,0.0,0.0,0.2980588844869732,0.0,0.0,0.0,0.0,0.0,0.0,0.0,0.0,0.0,0.0,0.0,0.0,0.0,0.0,0.0,0.0,0.0,0.0,0.0,0.0,0.0,0.0,0.0,0.0,0.0,0.0,0.0,0.0,0.0,0.0,0.0,0.16365815615024387,0.34900840163599894,0.2781719758980199,0.0,0.1497301511835991,0.0,0.0,0.0,0.0,0.0,0.0,0.0,0.0,0.35868024587627506,0.0,0.0,0.0,0.0,0.0,0.0,0.0,0.0,0.0,0.0,0.21021624607886044,0.0,0.0,0.0,0.0,0.0,0.0,0.0,0.0,0.0,0.0,0.0,0.0,0.0,0.0,0.0,0.0,0.21513774948431086,0.0,0.21853376353923495,0.0,0.0,0.0,0.0,0.0,0.2717626339925411,0.0,0.0,0.0,0.0,0.0,0.0,0.0,0.0,0.24650574363930836,0.0,0.0,0.0,0.0,0.0,0.0,0.0,0.0,0.0,0.0,0.0,0.17795866216873943,0.0,0.0,0.0,0.0,0.0,0.0,0.0,0.0,0.25827592038987723,0.0,0.0,0.0,0.0,0.0,0.0
358c9e8bc321c23596ca6b7e59d46566ae7cf028c8d9dc3851ec0647601ae11c,0.0,0.22780715285592948,0.0,0.0,0.0,0.0,0.0,0.0,0.0,0.0,0.0,0.28602077554752453,0.10651086026550836,0.0,0.0,0.0,0.0,0.0,0.0,0.0,0.0,0.0,0.34936509197492605,0.0,0.3796778206020666,0.0,0.0,0.0,0.0,0.0,0.0,0.0,0.0,0.0,0.0,0.0,0.0,0.0,0.0,0.0,0.0,0.0,0.0,0.0,0.20660695423373507,0.0,0.0,0.2224859866920791,0.0,0.0,0.0,0.0,0.0,0.0,0.0,0.0,0.32785786874229733,0.0,0.0,0.0,0.0,0.0,0.0,0.0,0.0,0.0,0.0,0.0,0.0,0.0,0.0,0.0,0.0,0.0,0.0,0.10125621183799598,0.0,0.0,0.0,0.09263887766683164,0.0,0.0,0.0,0.0,0.0,0.0,0.0,0.0,0.0,0.0,0.0,0.0,0.0,0.0,0.0,0.0,0.0,0.0,0.0,0.1300619611356758,0.0,0.0,0.14267164352259354,0.0,0.0,0.0,0.17038123301143154,0.0,0.0,0.0,0.0,0.0,0.0,0.0,0.0,0.0,0.13310692267689114,0.1231024850284667,0.0,0.11985152120644901,0.14306512015493555,0.0,0.0,0.0,0.0,0.0,0.19351686987254532,0.0,0.0,0.0,0.0,0.0,0.0,0.0,0.0,0.0,0.0,0.0,0.0,0.0,0.0,0.0,0.20614688885835816,0.0,0.0,0.1101040144826133,0.0,0.0,0.0,0.0,0.0,0.0,0.0,0.0,0.0,0.3796778206020666,0.0,0.0,0.0,0.0,0.0
366b32c15ff2b30da5cafc1407e6dc49aa4bbecffc34c438302022acd1c00b8e,0.0,0.0,0.0,0.0,0.0,0.0,0.0,0.0,0.0,0.0,0.0,0.0,0.3374869113275139,0.0,0.0,0.0,0.0,0.0,0.0,0.0,0.0,0.0,0.0,0.0,0.0,0.0,0.0,0.0,0.0,0.0,0.0,0.0,0.0,0.0,0.0,0.0,0.0,0.0,0.0,0.0,0.0,0.0,0.0,0.0,0.0,0.0,0.0,0.0,0.0,0.0,0.0,0.0,0.0,0.0,0.0,0.0,0.0,0.0,0.0,0.0,0.0,0.0,0.0,0.0,0.0,0.0,0.0,0.0,0.0,0.0,0.0,0.0,0.0,0.0,0.0,0.3208372000821771,0.0,0.0,0.0,0.0,0.0,0.0,0.0,0.0,0.0,0.0,0.0,0.0,0.0,0.0,0.0,0.0,0.0,0.0,0.0,0.0,0.0,0.0,0.0,0.0,0.0,0.0,0.45206481467179227,0.0,0.0,0.0,0.0,0.0,0.0,0.0,0.0,0.0,0.0,0.0,0.0,0.0,0.0,0.39005860384034946,0.0,0.0,0.0,0.0,0.0,0.0,0.0,0.0,0.0,0.0,0.0,0.0,0.0,0.0,0.0,0.0,0.0,0.0,0.0,0.0,0.0,0.0,0.0,0.0,0.6531904505057612,0.0,0.0,0.0,0.0,0.0,0.0,0.0,0.0,0.0,0.0,0.0,0.0,0.0,0.0,0.0,0.0,0.0,0.0
385c92e3d2b1dc253eac89889157258df64586cad653dccfd3f3d6b240b9efba,0.0,0.5012362199159961,0.0,0.0,0.0,0.0,0.0,0.0,0.0,0.0,0.0,0.0,0.2343521716073925,0.0,0.0,0.0,0.0,0.0,0.0,0.0,0.0,0.0,0.0,0.0,0.0,0.0,0.0,0.0,0.0,0.0,0.0,0.0,0.0,0.0,0.38322259680281723,0.0,0.0,0.0,0.0,0.0,0.0,0.0,0.0,0.0,0.0,0.0,0.0,0.4895282415664311,0.0,0.0,0.0,0.0,0.0,0.0,0.0,0.0,0.0,0.0,0.0,0.0,0.0,0.0,0.0,0.0,0.0,0.0,0.0,0.0,0.0,0.0,0.0,0.0,0.0,0.0,0.0,0.22279054993847355,0.0,0.0,0.0,0.2038301268281466,0.0,0.0,0.0,0.0,0.0,0.0,0.0,0.0,0.0,0.0,0.0,0.0,0.0,0.0,0.0,0.0,0.0,0.0,0.0,0.0,0.0,0.0,0.0,0.0,0.0,0.0,0.0,0.0,0.0,0.0,0.0,0.0,0.0,0.0,0.0,0.0,0.29287057026435737,0.0,0.0,0.0,0.0,0.0,0.0,0.0,0.0,0.0,0.0,0.0,0.0,0.0,0.0,0.0,0.0,0.0,0.0,0.0,0.0,0.0,0.0,0.0,0.0,0.0,0.0,0.3610932467440648,0.0,0.0,0.0,0.0,0.0,0.0,0.0,0.0,0.0,0.0,0.0,0.0,0.0,0.0,0.0,0.0,0.0
389e03b1a1fd1c527d48df74d3c26a0483a5b105f36841193172f1ee80e62c1b,0.0,0.0,0.0,0.0,0.0,0.0,0.0,0.0,0.0,0.0,0.0,0.0,0.3401030346953277,0.0,0.0,0.0,0.0,0.0,0.0,0.0,0.0,0.0,0.0,0.0,0.0,0.0,0.0,0.0,0.0,0.0,0.0,0.0,0.0,0.0,0.0,0.0,0.0,0.0,0.0,0.0,0.0,0.0,0.6229240905225383,0.0,0.0,0.0,0.0,0.0,0.0,0.0,0.0,0.0,0.0,0.0,0.0,0.0,0.0,0.0,0.0,0.0,0.0,0.0,0.0,0.0,0.0,0.0,0.0,0.0,0.0,0.0,0.0,0.0,0.0,0.0,0.0,0.32332425859682384,0.0,0.0,0.0,0.2958079894080206,0.0,0.0,0.0,0.0,0.0,0.0,0.0,0.0,0.0,0.0,0.0,0.0,0.0,0.0,0.0,0.0,0.0,0.0,0.0,0.0,0.0,0.0,0.0,0.0,0.0,0.0,0.0,0.0,0.0,0.0,0.0,0.0,0.0,0.0,0.0,0.0,0.42502772232351327,0.0,0.0,0.0,0.0,0.0,0.0,0.0,0.0,0.0,0.0,0.0,0.0,0.0,0.0,0.0,0.0,0.0,0.0,0.0,0.0,0.0,0.0,0.0,0.0,0.0,0.0,0.0,0.0,0.351576443607052,0.0,0.0,0.0,0.0,0.0,0.0,0.0,0.0,0.0,0.0,0.0,0.0,0.0,0.0,0.0
416ccd0f8e1dc4b7490827f9ea5d501d414faa959596017d2d22f8f61428dae1,0.0,0.0,0.0,0.0,0.0,0.0,0.0,0.0,0.0,0.0,0.0,0.0,0.0,0.0,0.0,0.0,0.0,0.0,0.0,0.0,0.0,0.0,0.0,0.0,0.0,0.0,0.0,0.0,0.0,0.0,0.0,0.0,0.0,0.0,0.3468012285132245,0.0,0.0,0.0,0.0,0.0,0.0,0.0,0.0,0.0,0.0,0.0,0.0,0.0,0.0,0.0,0.0,0.0,0.0,0.0,0.0,0.0,0.0,0.0,0.0,0.0,0.3077458516277511,0.0,0.0,0.4299564924015985,0.0,0.0,0.0,0.3462069787760011,0.0,0.0,0.0,0.0,0.0,0.0,0.0,0.20161659845845376,0.0,0.0,0.0,0.1844581686512071,0.0,0.0,0.0,0.0,0.0,0.0,0.0,0.0,0.0,0.0,0.0,0.0,0.0,0.0,0.0,0.0,0.0,0.0,0.0,0.0,0.0,0.0,0.0,0.0,0.0,0.0,0.33925508388446063,0.0,0.0,0.0,0.0,0.0,0.0,0.0,0.0,0.0,0.0,0.24511586837686503,0.0,0.0,0.28486452692736797,0.0,0.0,0.0,0.0,0.0,0.0,0.0,0.0,0.0,0.0,0.0,0.0,0.0,0.0,0.0,0.0,0.0,0.0,0.0,0.0,0.0,0.0,0.0,0.0,0.21923392623182072,0.0,0.0,0.0,0.0,0.0,0.0,0.0,0.0,0.3181797580862935,0.0,0.0,0.0,0.0,0.0,0.0
465f57ff96a174eff06f982b2b3e398214fbdf19849dacabb2e3d1a62c3aaa75,0.0,0.0,0.0,0.0,0.0,0.0,0.0,0.0,0.0,0.0,0.0,0.0,0.0,0.0,0.0,0.0,0.0,0.0,0.0,0.0,0.0,0.0,0.0,0.0,0.0,0.0,0.0,0.0,0.0,0.0,0.0,0.0,0.0,0.0,0.3468012285132245,0.0,0.0,0.0,0.0,0.0,0.0,0.0,0.0,0.0,0.0,0.0,0.0,0.0,0.0,0.0,0.0,0.0,0.0,0.0,0.0,0.0,0.0,0.0,0.0,0.0,0.3077458516277511,0.0,0.0,0.4299564924015985,0.0,0.0,0.0,0.3462069787760011,0.0,0.0,0.0,0.0,0.0,0.0,0.0,0.20161659845845376,0.0,0.0,0.0,0.1844581686512071,0.0,0.0,0.0,0.0,0.0,0.0,0.0,0.0,0.0,0.0,0.0,0.0,0.0,0.0,0.0,0.0,0.0,0.0,0.0,0.0,0.0,0.0,0.0,0.0,0.0,0.0,0.33925508388446063,0.0,0.0,0.0,0.0,0.0,0.0,0.0,0.0,0.0,0.0,0.24511586837686503,0.0,0.0,0.28486452692736797,0.0,0.0,0.0,0.0,0.0,0.0,0.0,0.0,0.0,0.0,0.0,0.0,0.0,0.0,0.0,0.0,0.0,0.0,0.0,0.0,0.0,0.0,0.0,0.0,0.21923392623182072,0.0,0.0,0.0,0.0,0.0,0.0,0.0,0.0,0.3181797580862935,0.0,0.0,0.0,0.0,0.0,0.0
511df0acd07b52089c67fa99865af5f7396106752d53d3b42e47e3e369974426,0.0,0.0,0.0,0.0,0.0,0.0,0.0,0.0,0.0,0.0,0.0,0.0,0.0,0.0,0.0,0.0,0.0,0.0,0.0,0.0,0.0,0.0,0.0,0.0,0.0,0.0,0.0,0.0,0.0,0.0,0.0,0.0,0.0,0.0,0.3468012285132245,0.0,0.0,0.0,0.0,0.0,0.0,0.0,0.0,0.0,0.0,0.0,0.0,0.0,0.0,0.0,0.0,0.0,0.0,0.0,0.0,0.0,0.0,0.0,0.0,0.0,0.3077458516277511,0.0,0.0,0.4299564924015985,0.0,0.0,0.0,0.3462069787760011,0.0,0.0,0.0,0.0,0.0,0.0,0.0,0.20161659845845376,0.0,0.0,0.0,0.1844581686512071,0.0,0.0,0.0,0.0,0.0,0.0,0.0,0.0,0.0,0.0,0.0,0.0,0.0,0.0,0.0,0.0,0.0,0.0,0.0,0.0,0.0,0.0,0.0,0.0,0.0,0.0,0.33925508388446063,0.0,0.0,0.0,0.0,0.0,0.0,0.0,0.0,0.0,0.0,0.24511586837686503,0.0,0.0,0.28486452692736797,0.0,0.0,0.0,0.0,0.0,0.0,0.0,0.0,0.0,0.0,0.0,0.0,0.0,0.0,0.0,0.0,0.0,0.0,0.0,0.0,0.0,0.0,0.0,0.0,0.21923392623182072,0.0,0.0,0.0,0.0,0.0,0.0,0.0,0.0,0.3181797580862935,0.0,0.0,0.0,0.0,0.0,0.0
562c7815dd2bbe330531f3ba64f189b11669214fc94263cdf961ce5dc833d105,0.0,0.0,0.0,0.0,0.0,0.0,0.0,0.0,0.0,0.0,0.0,0.0,0.0,0.0,0.0,0.0,0.0,0.0,0.0,0.0,0.0,0.0,0.0,0.0,0.0,0.0,0.0,0.0,0.0,0.0,0.0,0.0,0.0,0.0,0.665994888843285,0.0,0.0,0.0,0.0,0.0,0.0,0.0,0.745956304373534,0.0,0.0,0.0,0.0,0.0,0.0,0.0,0.0,0.0,0.0,0.0,0.0,0.0,0.0,0.0,0.0,0.0,0.0,0.0,0.0,0.0,0.0,0.0,0.0,0.0,0.0,0.0,0.0,0.0,0.0,0.0,0.0,0.0,0.0,0.0,0.0,0.0,0.0,0.0,0.0,0.0,0.0,0.0,0.0,0.0,0.0,0.0,0.0,0.0,0.0,0.0,0.0,0.0,0.0,0.0,0.0,0.0,0.0,0.0,0.0,0.0,0.0,0.0,0.0,0.0,0.0,0.0,0.0,0.0,0.0,0.0,0.0,0.0,0.0,0.0,0.0,0.0,0.0,0.0,0.0,0.0,0.0,0.0,0.0,0.0,0.0,0.0,0.0,0.0,0.0,0.0,0.0,0.0,0.0,0.0,0.0,0.0,0.0,0.0,0.0,0.0,0.0,0.0,0.0,0.0,0.0,0.0,0.0,0.0,0.0,0.0,0.0,0.0,0.0,0.0,0.0,0.0,0.0
622e2834e51caa303d120c7503d8fcce671226a0342d7be0f8cf546b44cee195,0.0,0.0,0.27787080339953485,0.0,0.3065877893580446,0.0,0.0,0.0,0.0,0.0,0.0,0.0,0.11031935225491396,0.0,0.0,0.0,0.0,0.0,0.0,0.0,0.0,0.0,0.0,0.0,0.0,0.0,0.0,0.0,0.0,0.0,0.0,0.0,0.0,0.0,0.0,0.0,0.0,0.0,0.0,0.0,0.0,0.0,0.0,0.0,0.0,0.0,0.0,0.0,0.0,0.0,0.2612491476341758,0.0,0.0,0.0,0.0,0.0,0.0,0.0,0.0,0.0,0.16008307226212593,0.0,0.0,0.0,0.0,0.0,0.0,0.0,0.0,0.0,0.0,0.0,0.0,0.0,0.0,0.0,0.0,0.0,0.0,0.09595135136784357,0.0,0.0,0.0,0.0,0.0,0.0,0.0,0.0,0.0,0.0,0.0,0.0,0.0,0.0,0.0,0.0,0.0,0.0,0.0,0.13471256611508192,0.0,0.0,0.0,0.0,0.0,0.0,0.17647352782016307,0.0,0.0,0.0,0.0,0.0,0.0,0.0,0.22151830360148375,0.25212878517556675,0.0,0.12750424112111428,0.1400426685295914,0.12413703309974324,0.0,0.0,0.24188680246243383,0.0,0.17415324686939374,0.0,0.2004364219903973,0.0,0.0,0.0,0.0,0.0,0.0,0.1579679111732418,0.0,0.0,0.0,0.0,0.0,0.0,0.3556592906861933,0.0,0.0,0.1699816682354671,0.0,0.11404098631922349,0.0,0.2553223752252687,0.0,0.0,0.0,0.0,0.0,0.0,0.16551057613502784,0.0,0.0,0.29220704534860126,0.0,0.0,0.0
721d393191597d49d856baef2fbde75e48f52d0465e2cfabf1a41848b0e05589,0.0,0.0,0.0,0.0,0.0,0.0,0.31240383508380437,0.0,0.0,0.0,0.0,0.0,0.0,0.0,0.0,0.0,0.30301342434459344,0.22981416213344075,0.0,0.0,0.0,0.0,0.0,0.0,0.0,0.3096099295658831,0.0,0.0,0.0,0.0,0.0,0.0,0.0,0.0,0.0,0.0,0.0,0.0,0.0,0.0,0.0,0.0,0.0,0.0,0.0,0.0,0.0,0.0,0.0,0.2859013826144283,0.0,0.0,0.0,0.0,0.0,0.0,0.0,0.0,0.0,0.0,0.17037591243014885,0.3109950431752456,0.0,0.0,0.0,0.0,0.0,0.0,0.0,0.0,0.0,0.0,0.0,0.0,0.0,0.0,0.0,0.0,0.0,0.0,0.0,0.0,0.0,0.0,0.0,0.0,0.0,0.0,0.24463132944630284,0.0,0.0,0.0,0.0,0.0,0.0,0.0,0.0,0.0,0.0,0.14337416219799773,0.0,0.0,0.0,0.0,0.0,0.0,0.0,0.0,0.0,0.0,0.0,0.0,0.0,0.0,0.23576123673015464,0.2683398763977576,0.14673078396569092,0.13570236448331302,0.1490469735039377,0.13211865553222651,0.15770823046849627,0.0,0.0,0.0,0.0,0.0,0.0,0.0,0.0,0.0,0.0,0.0,0.3005158901907727,0.0,0.0,0.0,0.0,0.0,0.0,0.0,0.0,0.0,0.22724659248340096,0.0,0.0,0.0,0.0,0.0,0.0,0.0,0.0,0.0,0.0,0.0,0.0,0.0,0.0,0.0,0.0,0.0,0.0
8a186f546c36a34567b695addfb776f2c2df584535a133fdf3ca699d4ec64e38,0.0,0.0,0.0,0.0,0.0,0.0,0.0,0.0,0.0,0.0,0.0,0.0,0.24893673542023662,0.0,0.0,0.0,0.0,0.0,0.0,0.0,0.0,0.0,0.0,0.0,0.0,0.0,0.0,0.0,0.0,0.0,0.0,0.0,0.0,0.0,0.0,0.0,0.0,0.0,0.0,0.0,0.0,0.0,0.4559462095015259,0.0,0.0,0.0,0.0,0.0,0.0,0.0,0.0,0.0,0.0,0.0,0.0,0.0,0.0,0.0,0.0,0.0,0.0,0.0,0.0,0.0,0.0,0.0,0.0,0.0,0.0,0.0,0.0,0.0,0.0,0.0,0.0,0.0,0.0,0.0,0.0,0.21651519593297003,0.0,0.0,0.0,0.0,0.0,0.0,0.0,0.0,0.0,0.0,0.0,0.0,0.0,0.0,0.0,0.0,0.0,0.0,0.0,0.30398026949326595,0.0,0.0,0.33345156622545347,0.0,0.0,0.0,0.0,0.0,0.0,0.0,0.0,0.0,0.0,0.0,0.0,0.0,0.31109694082293865,0.0,0.3160076995624486,0.28011647215982866,0.0,0.0,0.0,0.0,0.0,0.0,0.4522868157737928,0.0,0.0,0.0,0.0,0.0,0.0,0.0,0.0,0.0,0.0,0.0,0.0,0.0,0.0,0.0,0.0,0.0,0.0,0.0,0.0,0.0,0.0,0.0,0.0,0.0,0.0,0.0,0.0,0.0,0.0,0.0,0.0,0.0,0.0
0b4c743246478a6a8c9fa3ff8e04f297507c2f0ea5d61a1284fe65387d172f81,0.0,0.0,0.0,0.0,0.0,0.0,0.0,0.0,0.0,0.0,0.0,0.0,0.0,0.0,0.0,0.0,0.0,0.5404393632707973,0.0,0.0,0.0,0.0,0.0,0.0,0.0,0.0,0.0,0.0,0.0,0.0,0.0,0.0,0.0,0.0,0.0,0.0,0.0,0.0,0.0,0.0,0.0,0.0,0.0,0.0,0.0,0.0,0.0,0.0,0.0,0.0,0.0,0.0,0.0,0.0,0.0,0.0,0.0,0.0,0.0,0.0,0.4006622080016379,0.0,0.0,0.0,0.0,0.0,0.0,0.0,0.0,0.0,0.0,0.0,0.0,0.0,0.0,0.0,0.0,0.0,0.0,0.0,0.0,0.0,0.0,0.0,0.0,0.0,0.0,0.0,0.0,0.0,0.0,0.0,0.0,0.0,0.0,0.0,0.0,0.0,0.0,0.3371639076045214,0.0,0.0,0.36985240276560893,0.0,0.0,0.0,0.4416848846734272,0.0,0.0,0.0,0.0,0.0,0.0,0.0,0.0,0.0,0.0,0.31912262836578104,0.0,0.0,0.0,0.0,0.0,0.0,0.0,0.0,0.0,0.0,0.0,0.0,0.0,0.0,0.0,0.0,0.0,0.0,0.0,0.0,0.0,0.0,0.0,0.0,0.0,0.0,0.0,0.0,0.0,0.0,0.0,0.0,0.0,0.0,0.0,0.0,0.0,0.0,0.0,0.0,0.0,0.0,0.0
928aca01498ca60e1dd3e263c462f3a04ef49b91d94b566293e8edfbc54fcf13,0.0,0.0,0.0,0.0,0.0,0.0,0.0,0.0,0.0,0.0,0.0,0.0,0.0,0.0,0.0,0.0,0.0,0.5254983841664272,0.0,0.0,0.0,0.0,0.0,0.0,0.0,0.0,0.0,0.0,0.0,0.0,0.0,0.0,0.0,0.0,0.0,0.0,0.0,0.0,0.0,0.0,0.0,0.0,0.0,0.0,0.0,0.0,0.0,0.0,0.0,0.0,0.0,0.0,0.0,0.0,0.0,0.0,0.0,0.0,0.0,0.0,0.3895855061836326,0.0,0.0,0.0,0.0,0.0,0.0,0.0,0.0,0.0,0.0,0.0,0.0,0.0,0.0,0.0,0.0,0.0,0.0,0.23351160908778335,0.0,0.0,0.0,0.0,0.0,0.0,0.0,0.0,0.0,0.0,0.0,0.0,0.0,0.0,0.0,0.0,0.0,0.0,0.0,0.32784267891425894,0.0,0.0,0.3596274683937335,0.0,0.0,0.0,0.4294740705079254,0.0,0.0,0.0,0.0,0.0,0.0,0.0,0.0,0.0,0.0,0.3103001686298944,0.0,0.0,0.0,0.0,0.0,0.0,0.0,0.0,0.0,0.0,0.0,0.0,0.0,0.0,0.0,0.0,0.0,0.0,0.0,0.0,0.0,0.0,0.0,0.0,0.0,0.0,0.0,0.0,0.0,0.0,0.0,0.0,0.0,0.0,0.0,0.0,0.0,0.0,0.0,0.0,0.0,0.0,0.0
973dfafc3051d8c2849f62c556ab8057da706f15d1ffd8871de894ae3a24d86b,0.0,0.0,0.0,0.0,0.0,0.0,0.0,0.0,0.0,0.0,0.0,0.0,0.0,0.0,0.0,0.0,0.0,0.0,0.0,0.0,0.0,0.0,0.0,0.0,0.0,0.0,0.0,0.0,0.0,0.0,0.0,0.0,0.0,0.0,0.0,0.0,0.0,0.0,0.0,0.0,0.0,0.0,0.0,0.0,0.0,0.0,0.0,0.0,0.0,0.0,0.0,0.0,0.0,0.0,0.0,0.0,0.0,0.0,0.0,0.0,0.0,0.0,0.0,0.0,0.0,0.0,0.0,0.0,0.0,0.0,0.0,0.0,0.0,0.0,0.0,0.0,0.0,0.0,0.0,0.0,0.0,0.0,0.0,0.0,0.0,0.0,0.0,0.0,0.0,0.0,0.0,0.0,0.0,0.0,0.0,0.0,0.0,0.0,0.0,0.0,0.0,0.0,0.0,0.0,0.0,0.0,0.0,0.0,0.0,0.0,0.0,0.0,0.0,0.0,0.0,0.0,0.0,0.0,0.0,0.0,0.0,0.0,0.0,0.0,0.0,0.0,0.0,0.0,0.0,0.0,0.0,0.0,0.0,0.0,0.0,0.0,0.0,0.0,0.9613612513030497,0.0,0.0,0.0,0.0,0.0,0.0,0.2752899280631868,0.0,0.0,0.0,0.0,0.0,0.0,0.0,0.0,0.0,0.0,0.0,0.0,0.0,0.0,0.0
974d0c7bdd7fb42b242d34e14f548dba464a9b45143ce7374beed1e6cff11e62,0.0,0.0,0.0,0.0,0.0,0.0,0.0,0.0,0.0,0.0,0.0,0.0,0.0,0.0,0.0,0.0,0.0,0.0,0.0,0.0,0.0,0.0,0.0,0.0,0.0,0.0,0.0,0.0,0.0,0.0,0.0,0.0,0.0,0.0,0.3348776442082856,0.0,0.0,0.0,0.0,0.0,0.0,0.0,0.0,0.0,0.0,0.0,0.0,0.0,0.0,0.0,0.0,0.0,0.0,0.0,0.0,0.0,0.0,0.0,0.0,0.0,0.29716505402760995,0.0,0.0,0.41517389631165763,0.0,0.0,0.0,0.33430382573328793,0.0,0.0,0.0,0.0,0.0,0.0,0.0,0.1946846953642791,0.0,0.0,0.0,0.17811619998495873,0.0,0.0,0.0,0.0,0.0,0.0,0.0,0.0,0.0,0.0,0.0,0.0,0.0,0.0,0.0,0.0,0.0,0.0,0.0,0.0,0.0,0.0,0.0,0.0,0.0,0.0,0.32759094817503004,0.0,0.0,0.0,0.0,0.0,0.0,0.0,0.0,0.0,0.0,0.23668839038435724,0.2599636961715944,0.0,0.27507042609079757,0.0,0.0,0.0,0.0,0.0,0.0,0.0,0.0,0.0,0.0,0.0,0.0,0.0,0.0,0.0,0.0,0.0,0.0,0.0,0.0,0.0,0.0,0.0,0.0,0.2116963110591911,0.0,0.0,0.0,0.0,0.0,0.0,0.0,0.0,0.30724022599198225,0.0,0.0,0.0,0.0,0.0,0.0
0975c1b6414bdf4f49f01ce71ee3203516aba6dae97968438370c78550428b37,0.0,0.0,0.0,0.0,0.0,0.0,0.0,0.0,0.0,0.0,0.0,0.0,0.0,0.0,0.0,0.0,0.0,0.0,0.0,0.0,0.0,0.0,0.0,0.0,0.0,0.0,0.4275087517183507,0.0,0.0,0.0,0.0,0.0,0.0,0.0,0.33294997380099245,0.0,0.0,0.0,0.0,0.0,0.0,0.0,0.0,0.0,0.3949552589002521,0.0,0.0,0.0,0.0,0.0,0.0,0.0,0.0,0.0,0.0,0.0,0.0,0.0,0.39320169195837795,0.0,0.0,0.0,0.0,0.0,0.0,0.0,0.0,0.0,0.0,0.0,0.0,0.0,0.0,0.0,0.0,0.0,0.0,0.3290033822295759,0.0,0.17709090213749493,0.0,0.0,0.0,0.0,0.0,0.0,0.0,0.0,0.0,0.0,0.0,0.0,0.0,0.0,0.0,0.0,0.0,0.0,0.0,0.0,0.0,0.0,0.2727348462890688,0.0,0.0,0.0,0.0,0.0,0.0,0.0,0.0,0.0,0.0,0.0,0.0,0.0,0.0,0.0,0.0,0.229111303456566,0.0,0.0,0.0,0.0,0.0,0.0,0.0,0.0,0.0,0.0,0.0,0.0,0.0,0.2915506608260265,0.0,0.0,0.0,0.0,0.0,0.0,0.0,0.0,0.0,0.0,0.0,0.21047771459203457,0.0,0.0,0.0,0.0,0.0,0.0,0.0,0.0,0.0,0.0,0.0,0.0,0.0,0.0,0.0
1164e122800fda5ad79d422710877fd9767d44a15e69f3c28e9563ff3e752157,0.0,0.2254661999029352,0.2655211955075524,0.0,0.0,0.0,0.0,0.0,0.0,0.0,0.0,0.0,0.0,0.0,0.0,0.0,0.0,0.0,0.0,0.0,0.0,0.0,0.0,0.0,0.0,0.0,0.0,0.0,0.0,0.0,0.0,0.0,0.0,0.0,0.0,0.0,0.0,0.0,0.0,0.0,0.0,0.0,0.0,0.0,0.0,0.3200030457439411,0.0,0.0,0.0,0.0,0.24963826770031763,0.0,0.0,0.0,0.0,0.0,0.0,0.0,0.0,0.0,0.1529683874935409,0.0,0.0,0.2137145017135971,0.20357596463803204,0.0,0.0,0.17208590465886842,0.0,0.0,0.0,0.0,0.0,0.0,0.0,0.10021570004923279,0.0,0.0,0.0,0.09168691785557236,0.0,0.0,0.0,0.0,0.33177258411362887,0.0,0.0,0.0,0.0,0.0,0.0,0.0,0.0,0.0,0.0,0.0,0.0,0.0,0.0,0.0,0.0,0.0,0.0,0.0,0.0,0.0,0.0,0.0,0.0,0.0,0.0,0.0,0.0,0.0,0.21167320956171165,0.0,0.0,0.1218374802986522,0.133818653543747,0.0,0.14159497880380342,0.32683794608526756,0.2311364568769664,0.0,0.0,0.0,0.0,0.0,0.0,0.0,0.0,0.0,0.0,0.0,0.0,0.0,0.0,0.0,0.0,0.0,0.0,0.0,0.0,0.0,0.3157737719481065,0.10897258241558506,0.2254661999029352,0.0,0.0,0.0,0.0,0.0,0.0,0.0,0.15815467298782038,0.0,0.0,0.0,0.0,0.0,0.0
1398be5280bdfc67179822e32d2d39e3e36afac05f88f3267cc7a1a63a3bdb68,0.0,0.0,0.27087670917047163,0.0,0.2988708796934939,0.0,0.0,0.0,0.0,0.0,0.0,0.0,0.10754257997254263,0.0,0.0,0.0,0.0,0.0,0.0,0.0,0.0,0.0,0.0,0.0,0.0,0.0,0.0,0.0,0.0,0.0,0.0,0.0,0.0,0.0,0.0,0.37877935522513145,0.0,0.0,0.0,0.0,0.0,0.0,0.19697226130856327,0.0,0.0,0.0,0.0,0.0,0.0,0.0,0.25467342563149875,0.0,0.0,0.0,0.0,0.0,0.0,0.0,0.0,0.0,0.15605373172623171,0.0,0.0,0.0,0.0,0.0,0.0,0.0,0.0,0.0,0.0,0.0,0.0,0.0,0.0,0.0,0.0,0.0,0.0,0.09353622612020206,0.0,0.0,0.0,0.0,0.0,0.0,0.0,0.0,0.0,0.0,0.0,0.0,0.0,0.0,0.0,0.0,0.0,0.0,0.0,0.13132180908080274,0.0,0.0,0.0,0.0,0.0,0.0,0.17203163443874606,0.0,0.0,0.0,0.0,0.0,0.0,0.0,0.21594261925503114,0.2457826255222201,0.0,0.12429491986067213,0.13651775116582973,0.12101246550864024,0.0,0.0,0.23579843668779524,0.0,0.16976975567852368,0.0,0.19539137513701688,0.0,0.0,0.0,0.0,0.0,0.0,0.15399180989740768,0.0,0.0,0.0,0.0,0.0,0.0,0.0,0.0,0.0,0.16570317697151515,0.0,0.0,0.0,0.2488958319207311,0.0,0.0,0.0,0.0,0.0,0.0,0.16134462364476035,0.0,0.0,0.28485210346711937,0.0,0.0,0.0
1554f71a718baea1c04d9d1cc8c84d8aba5adfbce37566d397b57fc3c8378806,0.0,0.0,0.0,0.0,0.0,0.0,0.0,0.0,0.0,0.0,0.0,0.0,0.0,0.0,0.0,0.0,0.0,0.0,0.0,0.0,0.0,0.0,0.0,0.0,0.0,0.0,0.0,0.0,0.0,0.0,0.0,0.0,0.0,0.0,0.3468012285132245,0.0,0.0,0.0,0.0,0.0,0.0,0.0,0.0,0.0,0.0,0.0,0.0,0.0,0.0,0.0,0.0,0.0,0.0,0.0,0.0,0.0,0.0,0.0,0.0,0.0,0.3077458516277511,0.0,0.0,0.4299564924015985,0.0,0.0,0.0,0.3462069787760011,0.0,0.0,0.0,0.0,0.0,0.0,0.0,0.20161659845845376,0.0,0.0,0.0,0.1844581686512071,0.0,0.0,0.0,0.0,0.0,0.0,0.0,0.0,0.0,0.0,0.0,0.0,0.0,0.0,0.0,0.0,0.0,0.0,0.0,0.0,0.0,0.0,0.0,0.0,0.0,0.0,0.33925508388446063,0.0,0.0,0.0,0.0,0.0,0.0,0.0,0.0,0.0,0.0,0.24511586837686503,0.0,0.0,0.28486452692736797,0.0,0.0,0.0,0.0,0.0,0.0,0.0,0.0,0.0,0.0,0.0,0.0,0.0,0.0,0.0,0.0,0.0,0.0,0.0,0.0,0.0,0.0,0.0,0.0,0.21923392623182072,0.0,0.0,0.0,0.0,0.0,0.0,0.0,0.0,0.3181797580862935,0.0,0.0,0.0,0.0,0.0,0.0
1602d04000a8c7221ed0d97d79f3157303e209d4640d31b8566dd52c2b09d033,0.0,0.20510778385500122,0.24154602330872738,0.0,0.0,0.0,0.0,0.0,0.0,0.0,0.0,0.0,0.09589780756078442,0.0,0.0,0.0,0.0,0.0,0.0,0.0,0.0,0.14019974689233847,0.0,0.0,0.0,0.0,0.0,0.0,0.0,0.0,0.0,0.0,0.0,0.0,0.15681615659490386,0.33776490878916793,0.0,0.0,0.0,0.0,0.0,0.0,0.0,0.0,0.0,0.0,0.0,0.0,0.0,0.0,0.22709724063055498,0.0,0.0,0.0,0.0,0.0,0.0,0.0,0.0,0.32682558988598576,0.1391561439017486,0.0,0.0,0.0,0.0,0.0,0.0,0.0,0.0,0.0,0.0,0.0,0.0,0.0,0.0,0.0,0.0,0.0,0.0,0.08340806975922765,0.0,0.0,0.0,0.0,0.0,0.0,0.0,0.0,0.0,0.0,0.0,0.0,0.0,0.0,0.0,0.0,0.0,0.0,0.0,0.0,0.0,0.0,0.1284554249285427,0.0,0.0,0.0,0.0,0.0,0.3145533354547195,0.0,0.0,0.0,0.0,0.0,0.19256022824427232,0.0,0.0,0.11083619445084104,0.0,0.0,0.12880969440185217,0.29732619270706434,0.210266046345488,0.2872610555005301,0.0,0.0,0.0,0.0,0.2665089689468736,0.0,0.0,0.0,0.0,0.0,0.0,0.0,0.0,0.0,0.0,0.0,0.0,0.0,0.0,0.0,0.0,0.0991329294139851,0.0,0.22194524808973012,0.0,0.0,0.0,0.0,0.0,0.0,0.143874135000321,0.0,0.0,0.0,0.0,0.0,0.0
1791e9d01451f953e74249019654609cd33c2ab66e97f2ed7a609e99f9ce8320,0.0,0.22295964503771962,0.26256934088497996,0.0,0.0,0.0,0.0,0.0,0.0,0.0,0.0,0.0,0.0,0.0,0.0,0.0,0.0,0.0,0.0,0.0,0.0,0.0,0.0,0.0,0.0,0.0,0.0,0.0,0.0,0.0,0.0,0.0,0.0,0.0,0.1704648841376806,0.0,0.0,0.0,0.0,0.0,0.0,0.0,0.0,0.0,0.0,0.3164455050059565,0.0,0.0,0.0,0.0,0.24686298690560163,0.0,0.0,0.0,0.0,0.0,0.0,0.0,0.0,0.0,0.15126780596042783,0.0,0.0,0.211338592933177,0.20131276809316595,0.0,0.0,0.17017278969199798,0.0,0.0,0.0,0.0,0.0,0.0,0.0,0.09910158116738917,0.0,0.0,0.0,0.09066761522783284,0.0,0.0,0.0,0.0,0.0,0.30640655911122133,0.0,0.0,0.0,0.0,0.0,0.0,0.0,0.0,0.0,0.0,0.0,0.0,0.0,0.0,0.0,0.0,0.0,0.0,0.0,0.0,0.0,0.0,0.0,0.0,0.0,0.0,0.0,0.0,0.20931999425276016,0.0,0.0,0.1204829875669715,0.13233096360511729,0.11730120099573976,0.14002083783205882,0.0,0.22856686457992556,0.31226324893079954,0.0,0.0,0.0,0.0,0.0,0.0,0.0,0.0,0.0,0.0,0.0,0.0,0.0,0.0,0.0,0.0,0.0,0.0,0.0,0.0,0.31226324893079954,0.10776111144234615,0.22295964503771962,0.0,0.0,0.0,0.0,0.0,0.0,0.0,0.15639643443496917,0.0,0.0,0.0,0.0,0.0,0.0
8a74737cd563828a070e74b5fa4af0eefc7a98cf8b52fcc0ee5db3c83a2d9cb0,0.0,0.0,0.0,0.0,0.0,0.0,0.0,0.0,0.0,0.0,0.21491454981663954,0.0,0.1399253174658864,0.0,0.0,0.0,0.0,0.0,0.0,0.0,0.0,0.2045666589417377,0.0,0.0,0.0,0.0,0.0,0.0,0.0,0.0,0.0,0.0,0.0,0.0,0.0,0.0,0.0,0.0,0.0,0.0,0.0,0.0,0.0,0.24226378717703212,0.0,0.0,0.0,0.0,0.3444742098558088,0.3407203468749719,0.0,0.0,0.0,0.0,0.0,0.0,0.0,0.0,0.0,0.0,0.0,0.0,0.0,0.0,0.0,0.0,0.0,0.0,0.0,0.0,0.0,0.0,0.0,0.0,0.0,0.13302218714135,0.28367581554387516,0.2260996060680008,0.0,0.12170143340220974,0.0,0.0,0.0,0.0,0.0,0.0,0.0,0.0,0.0,0.0,0.0,0.0,0.0,0.0,0.0,0.0,0.0,0.0,0.0,0.17086484098221696,0.0,0.0,0.0,0.0,0.0,0.0,0.0,0.0,0.0,0.0,0.0,0.0,0.0,0.0,0.0,0.0,0.17486506414503697,0.0,0.0,0.15745119428926954,0.0,0.0,0.0,0.0,0.22089006015560034,0.0,0.0,0.0,0.0,0.0,0.0,0.0,0.0,0.20036113037777775,0.0,0.0,0.0,0.4403812451607007,0.0,0.0,0.0,0.0,0.0,0.21559897157725808,0.0,0.14464571164239567,0.0,0.0,0.0,0.0,0.0,0.0,0.0,0.0,0.0,0.0,0.0,0.0,0.0,0.0,0.0
00b4eedbb85d52ce1a691501cbbf4587c49c93906611268a75ac547337c5919a,0.0,0.0,0.0,0.0,0.0,0.0,0.0,0.0,0.0,0.0,0.0,0.0,0.0,0.0,0.0,0.0,0.0,0.0,0.0,0.0,0.0,0.0,0.0,0.0,0.0,0.0,0.0,0.0,0.0,0.0,0.0,0.0,0.0,0.0,0.3468012285132245,0.0,0.0,0.0,0.0,0.0,0.0,0.0,0.0,0.0,0.0,0.0,0.0,0.0,0.0,0.0,0.0,0.0,0.0,0.0,0.0,0.0,0.0,0.0,0.0,0.0,0.3077458516277511,0.0,0.0,0.4299564924015985,0.0,0.0,0.0,0.3462069787760011,0.0,0.0,0.0,0.0,0.0,0.0,0.0,0.20161659845845376,0.0,0.0,0.0,0.1844581686512071,0.0,0.0,0.0,0.0,0.0,0.0,0.0,0.0,0.0,0.0,0.0,0.0,0.0,0.0,0.0,0.0,0.0,0.0,0.0,0.0,0.0,0.0,0.0,0.0,0.0,0.0,0.33925508388446063,0.0,0.0,0.0,0.0,0.0,0.0,0.0,0.0,0.0,0.0,0.24511586837686503,0.0,0.0,0.28486452692736797,0.0,0.0,0.0,0.0,0.0,0.0,0.0,0.0,0.0,0.0,0.0,0.0,0.0,0.0,0.0,0.0,0.0,0.0,0.0,0.0,0.0,0.0,0.0,0.0,0.21923392623182072,0.0,0.0,0.0,0.0,0.0,0.0,0.0,0.0,0.3181797580862935,0.0,0.0,0.0,0.0,0.0,0.0
4098b54c9d27b00ce34d04ffac24213ed28993a2854827851b157d63407c2e4e,0.0,0.0,0.0,0.0,0.0,0.0,0.0,0.0,0.0,0.0,0.0,0.0,0.0,0.0,0.0,0.0,0.0,0.0,0.0,0.5012659510477193,0.0,0.0,0.0,0.0,0.0,0.0,0.0,0.0,0.0,0.0,0.0,0.0,0.0,0.0,0.2521013376902537,0.0,0.0,0.0,0.0,0.0,0.0,0.0,0.0,0.0,0.0,0.0,0.0,0.0,0.0,0.0,0.0,0.0,0.0,0.0,0.0,0.0,0.0,0.0,0.0,0.0,0.0,0.0,0.0,0.0,0.0,0.0,0.0,0.0,0.0,0.0,0.0,0.0,0.0,0.0,0.0,0.14656180541758587,0.0,0.0,0.0,0.0,0.0,0.0,0.0,0.0,0.0,0.0,0.0,0.0,0.0,0.0,0.0,0.0,0.0,0.0,0.0,0.0,0.0,0.0,0.0,0.18825626096594258,0.0,0.0,0.20650795913657774,0.5720278681257677,0.0,0.0,0.0,0.0,0.0,0.0,0.0,0.0,0.0,0.0,0.0,0.0,0.19266364548889559,0.0,0.0,0.0,0.0,0.0,0.0,0.0,0.0,0.0,0.0,0.0,0.0,0.0,0.0,0.0,0.0,0.0,0.0,0.0,0.0,0.0,0.0,0.0,0.0,0.0,0.0,0.0,0.0,0.1593684264241897,0.0,0.0,0.0,0.0,0.0,0.44258059663931554,0.0,0.0,0.0,0.0,0.0,0.0,0.0,0.0,0.0
4263eacd358d5ef9efacff1f63ff79487639136c0268938755a4bfe3f5797167,0.0,0.19512374197290835,0.22978827541714972,0.0,0.0,0.0,0.0,0.0,0.0,0.0,0.0,0.0,0.09122978517229911,0.0,0.0,0.0,0.0,0.17856607520015164,0.0,0.0,0.0,0.1333752367810037,0.0,0.0,0.0,0.0,0.0,0.0,0.0,0.0,0.0,0.0,0.0,0.0,0.0,0.0,0.0,0.0,0.0,0.0,0.0,0.0,0.16709416017981119,0.0,0.0,0.27693814751464524,0.0,0.19056600161869416,0.0,0.0,0.21604281685809562,0.0,0.26190030198436204,0.0,0.0,0.0,0.0,0.0,0.0,0.0,0.13238243330552968,0.0,0.0,0.18495354650136067,0.17617941852489688,0.0,0.0,0.0,0.0,0.0,0.0,0.2893708388702363,0.0,0.0,0.0,0.08672901927854026,0.0,0.0,0.0,0.07934801096414383,0.0,0.0,0.0,0.0,0.28712378229704666,0.2681525366113228,0.0,0.0,0.0,0.0,0.0,0.0,0.0,0.0,0.0,0.0,0.0,0.0,0.0,0.0,0.0,0.0,0.0,0.0,0.0,0.0,0.14593669834490983,0.0,0.0,0.0,0.0,0.0,0.0,0.0,0.18318696435597792,0.0,0.11401012000549021,0.10544101545445894,0.11580980402593899,0.1026564662512484,0.12253961844687608,0.0,0.20003091546142798,0.2732780346940696,0.0,0.0,0.0,0.0,0.0,0.0,0.0,0.0,0.0,0.0,0.0,0.0,0.0,0.0,0.0,0.0,0.0,0.0,0.0,0.0,0.0,0.09430743083679081,0.0,0.0,0.0,0.0,0.0,0.0,0.0,0.0,0.1368707665147614,0.0,0.0,0.0,0.0,0.0,0.0
04419b76566142902680b2c44b216905b44a5743502530066e408bac72d20864,0.0,0.0,0.0,0.0,0.0,0.0,0.0,0.0,0.0,0.0,0.0,0.0,0.0,0.0,0.0,0.0,0.0,0.0,0.0,0.0,0.0,0.0,0.0,0.0,0.0,0.0,0.0,0.0,0.0,0.0,0.0,0.0,0.0,0.0,0.0,0.0,0.0,0.0,0.0,0.0,0.0,0.0,0.0,0.0,0.0,0.0,0.0,0.0,0.0,0.0,0.0,0.0,0.0,0.0,0.0,0.0,0.0,0.0,0.0,0.0,0.0,0.0,0.0,0.0,0.0,0.0,0.0,0.4478978214442973,0.0,0.0,0.0,0.0,0.0,0.0,0.0,0.0,0.0,0.0,0.0,0.23863878243752923,0.0,0.0,0.0,0.0,0.0,0.0,0.0,0.0,0.0,0.0,0.0,0.0,0.0,0.0,0.0,0.0,0.0,0.0,0.0,0.0,0.0,0.0,0.3675237454952791,0.0,0.0,0.0,0.0,0.0,0.0,0.0,0.0,0.0,0.0,0.0,0.0,0.0,0.0,0.31711337488219155,0.3482974593977859,0.30873885580581756,0.36853734569019314,0.0,0.0,0.0,0.0,0.0,0.0,0.0,0.0,0.0,0.0,0.0,0.0,0.3928789897086929,0.0,0.0,0.0,0.0,0.0,0.0,0.0,0.0,0.0,0.0,0.0,0.0,0.0,0.0,0.0,0.0,0.0,0.0,0.0,0.0,0.0,0.0,0.0,0.0,0.0,0.0,0.0
4842ddfa8eec84cc885044bded5a33918037b52d6a294398502a1330aa6b652a,0.0,0.0,0.0,0.0,0.0,0.0,0.0,0.0,0.0,0.0,0.0,0.0,0.0,0.0,0.0,0.0,0.0,0.0,0.0,0.0,0.0,0.0,0.0,0.0,0.0,0.0,0.0,0.0,0.0,0.0,0.0,0.0,0.0,0.0,0.3468012285132245,0.0,0.0,0.0,0.0,0.0,0.0,0.0,0.0,0.0,0.0,0.0,0.0,0.0,0.0,0.0,0.0,0.0,0.0,0.0,0.0,0.0,0.0,0.0,0.0,0.0,0.3077458516277511,0.0,0.0,0.4299564924015985,0.0,0.0,0.0,0.3462069787760011,0.0,0.0,0.0,0.0,0.0,0.0,0.0,0.20161659845845376,0.0,0.0,0.0,0.1844581686512071,0.0,0.0,0.0,0.0,0.0,0.0,0.0,0.0,0.0,0.0,0.0,0.0,0.0,0.0,0.0,0.0,0.0,0.0,0.0,0.0,0.0,0.0,0.0,0.0,0.0,0.0,0.33925508388446063,0.0,0.0,0.0,0.0,0.0,0.0,0.0,0.0,0.0,0.0,0.24511586837686503,0.0,0.0,0.28486452692736797,0.0,0.0,0.0,0.0,0.0,0.0,0.0,0.0,0.0,0.0,0.0,0.0,0.0,0.0,0.0,0.0,0.0,0.0,0.0,0.0,0.0,0.0,0.0,0.0,0.21923392623182072,0.0,0.0,0.0,0.0,0.0,0.0,0.0,0.0,0.3181797580862935,0.0,0.0,0.0,0.0,0.0,0.0
5031cc5f35470eba6a19978c0ecbd6b71ba5a5287087331c6ae1054137b629ea,0.0,0.0,0.0,0.0,0.0,0.0,0.0,0.0,0.0,0.0,0.0,0.0,0.0,0.0,0.0,0.0,0.0,0.0,0.0,0.0,0.0,0.0,0.0,0.0,0.0,0.0,0.0,0.0,0.0,0.0,0.0,0.0,0.0,0.0,0.0,0.0,0.0,0.0,0.0,0.0,0.0,0.0,0.0,0.0,0.0,0.0,0.0,0.0,0.0,0.0,0.0,0.0,0.0,0.0,0.0,0.0,0.0,0.0,0.0,0.0,0.2844841932826115,0.0,0.0,0.39745726949860916,0.0,0.0,0.0,0.32003815013251496,0.0,0.0,0.0,0.0,0.0,0.0,0.0,0.18637695702951684,0.0,0.0,0.0,0.17051548550718,0.0,0.0,0.0,0.0,0.0,0.0,0.0,0.0,0.0,0.0,0.0,0.0,0.0,0.0,0.0,0.0,0.0,0.0,0.0,0.2393981771759545,0.0,0.0,0.2626081530354359,0.0,0.0,0.0,0.3136117297614692,0.0,0.0,0.0,0.0,0.0,0.0,0.0,0.0,0.0,0.2450028769373045,0.2265882373625184,0.24887032100776785,0.0,0.26333240467458924,0.0,0.0,0.0,0.0,0.0,0.0,0.0,0.0,0.0,0.0,0.0,0.0,0.0,0.0,0.0,0.0,0.0,0.0,0.0,0.0,0.0,0.0,0.0,0.0,0.20266263968906403,0.0,0.0,0.0,0.0,0.0,0.0,0.0,0.0,0.2941294295902486,0.0,0.0,0.0,0.0,0.0,0.0
5837daaf4f7cf7280ec0a749e161015c1de39b35fa26710ce7bb22e352725ed4,0.0,0.0,0.28143073936732454,0.0,0.3105156323889352,0.0,0.0,0.0,0.0,0.0,0.0,0.0,0.11173270632173488,0.0,0.0,0.0,0.0,0.0,0.0,0.0,0.0,0.0,0.0,0.0,0.0,0.0,0.0,0.0,0.0,0.0,0.0,0.0,0.0,0.0,0.0,0.0,0.0,0.0,0.0,0.0,0.0,0.0,0.0,0.0,0.0,0.0,0.0,0.0,0.0,0.0,0.26459613560786394,0.0,0.0,0.0,0.0,0.0,0.0,0.0,0.0,0.0,0.1621339731837345,0.0,0.0,0.0,0.0,0.0,0.0,0.18239697697302182,0.0,0.0,0.0,0.0,0.0,0.0,0.0,0.0,0.0,0.0,0.0,0.09718063009275255,0.0,0.0,0.0,0.0,0.0,0.0,0.0,0.0,0.0,0.0,0.0,0.0,0.0,0.0,0.0,0.0,0.0,0.0,0.0,0.13643843332948222,0.0,0.0,0.0,0.0,0.0,0.0,0.17873441471926785,0.0,0.0,0.0,0.0,0.0,0.0,0.0,0.22435628070043362,0.2553589278169693,0.0,0.1291377590310911,0.0,0.1257274120948011,0.0,0.0,0.24498573015719247,0.0,0.17638440753777918,0.0,0.20300430900540234,0.0,0.0,0.0,0.0,0.0,0.0,0.0,0.0,0.0,0.0,0.0,0.0,0.0,0.36021581222678806,0.0,0.0,0.17215938481170723,0.0,0.0,0.0,0.25859343247858874,0.0,0.0,0.0,0.0,0.0,0.0,0.1676310114086305,0.0,0.0,0.295950649779335,0.0,0.0,0.0
5997f7c46d8860cb07a00edf9e093e21a2416cc508c51dbd3838628d9b46b0d5,0.0,0.0,0.0,0.0,0.3640413156850031,0.0,0.0,0.0,0.0,0.0,0.0,0.0,0.13099282989869798,0.0,0.0,0.0,0.0,0.0,0.0,0.0,0.0,0.0,0.0,0.0,0.0,0.0,0.0,0.0,0.0,0.0,0.0,0.0,0.0,0.0,0.0,0.0,0.0,0.0,0.0,0.0,0.0,0.0,0.0,0.0,0.0,0.0,0.0,0.0,0.0,0.0,0.3102063641395165,0.0,0.0,0.0,0.0,0.0,0.0,0.0,0.0,0.0,0.19008210459792277,0.0,0.0,0.0,0.0,0.0,0.0,0.0,0.0,0.0,0.0,0.0,0.0,0.0,0.0,0.0,0.0,0.0,0.0,0.11393231369991368,0.0,0.0,0.0,0.0,0.0,0.0,0.0,0.0,0.0,0.0,0.0,0.0,0.0,0.0,0.0,0.0,0.0,0.0,0.0,0.1599572504518944,0.0,0.0,0.0,0.0,0.0,0.0,0.20954407670880862,0.0,0.0,0.0,0.0,0.0,0.0,0.0,0.0,0.2993768762596887,0.0,0.15139810946267349,0.1662861962320794,0.1473998979198991,0.0,0.0,0.2872155802409562,0.0,0.2067889828681649,0.0,0.2379975371014042,0.0,0.0,0.0,0.0,0.0,0.0,0.0,0.0,0.0,0.0,0.0,0.0,0.0,0.0,0.0,0.0,0.2018356643503012,0.0,0.0,0.0,0.30316893440357745,0.0,0.0,0.0,0.0,0.0,0.0,0.1965267045440387,0.0,0.0,0.34696566834533316,0.0,0.0,0.0
6375e7e4c7cdc3f96afd991c4dfedd5cdfe4b31bf0662dccfa703c117e951f71,0.0,0.0,0.0,0.0,0.0,0.2120457128579745,0.0,0.0,0.0,0.31625988440758734,0.0,0.0,0.0763003175694134,0.25742316495609907,0.0,0.0,0.0,0.0,0.0,0.0,0.0,0.0,0.0,0.26278318362109215,0.27198670833927835,0.0,0.0,0.0,0.0,0.0,0.0,0.0,0.0,0.0,0.0,0.0,0.0,0.0,0.0,0.0,0.0,0.0,0.13974972605312258,0.13210478440888943,0.0,0.0,0.0,0.0,0.0,0.0,0.0,0.0,0.0,0.0,0.0,0.0,0.23486487143479787,0.0,0.0,0.0,0.0,0.0,0.0,0.0,0.0,0.0,0.0,0.0,0.0,0.0,0.0,0.0,0.0,0.0,0.0,0.07253608786799723,0.1546864799362483,0.12329056712352011,0.0,0.0663629583653101,0.0,0.0,0.0,0.0,0.0,0.0,0.0,0.0,0.0,0.0,0.0,0.0,0.0,0.0,0.0,0.0,0.0,0.0,0.3833522190527197,0.09317142790523872,0.0,0.0,0.10220452338651546,0.0,0.0,0.0,0.0,0.0,0.0,0.0,0.0,0.0,0.0,0.0,0.0,0.0,0.09535272220708013,0.0,0.09685789359409482,0.0,0.0,0.0,0.0,0.0,0.12044983740635865,0.0,0.13862810411545956,0.0,0.2120457128579745,0.0,0.0,0.0,0.0,0.10925555255658564,0.0,0.0,0.0,0.0,0.2754431004633722,0.0,0.0,0.0,0.14767576796047036,0.0,0.0,0.07887431619413172,0.0,0.0,0.0,0.34623038214823926,0.0,0.0,0.0,0.0,0.0,0.0,0.0,0.0,0.0,0.0,0.0
0b6e1343a2731908678ff352ac759a147f11a86d3f2481dc21386e919a976103,0.0,0.0,0.0,0.0,0.0,0.0,0.0,0.0,0.0,0.0,0.0,0.0,0.0,0.0,0.0,0.0,0.0,0.0,0.0,0.0,0.0,0.0,0.0,0.0,0.0,0.0,0.0,0.0,0.0,0.0,0.0,0.0,0.0,0.0,0.0,0.0,0.0,0.0,0.0,0.0,0.0,0.0,0.0,0.0,0.0,0.0,0.0,0.0,0.0,0.0,0.0,0.0,0.0,0.0,0.0,0.0,0.0,0.0,0.0,0.0,0.2844841932826115,0.0,0.0,0.39745726949860916,0.0,0.0,0.0,0.32003815013251496,0.0,0.0,0.0,0.0,0.0,0.0,0.0,0.18637695702951684,0.0,0.0,0.0,0.17051548550718,0.0,0.0,0.0,0.0,0.0,0.0,0.0,0.0,0.0,0.0,0.0,0.0,0.0,0.0,0.0,0.0,0.0,0.0,0.0,0.2393981771759545,0.0,0.0,0.2626081530354359,0.0,0.0,0.0,0.3136117297614692,0.0,0.0,0.0,0.0,0.0,0.0,0.0,0.0,0.0,0.2450028769373045,0.2265882373625184,0.24887032100776785,0.0,0.26333240467458924,0.0,0.0,0.0,0.0,0.0,0.0,0.0,0.0,0.0,0.0,0.0,0.0,0.0,0.0,0.0,0.0,0.0,0.0,0.0,0.0,0.0,0.0,0.0,0.0,0.20266263968906403,0.0,0.0,0.0,0.0,0.0,0.0,0.0,0.0,0.2941294295902486,0.0,0.0,0.0,0.0,0.0,0.0
8a492973b12f84f49c52216d8c29755597f0b92a02311286b1f75ef5c265c30d,0.0,0.0,0.0,0.0,0.0,0.0,0.0,0.0,0.0,0.0,0.3094840133349986,0.0,0.20149705477578367,0.0,0.0,0.0,0.0,0.0,0.0,0.0,0.0,0.29458271046718654,0.0,0.0,0.0,0.0,0.0,0.0,0.0,0.0,0.0,0.0,0.0,0.0,0.0,0.0,0.0,0.0,0.0,0.0,0.0,0.0,0.0,0.0,0.0,0.0,0.0,0.0,0.0,0.0,0.0,0.0,0.0,0.0,0.0,0.0,0.0,0.0,0.38912328772704297,0.0,0.0,0.0,0.0,0.0,0.0,0.0,0.0,0.0,0.0,0.0,0.0,0.0,0.0,0.0,0.0,0.1915563202874263,0.0,0.0,0.0,0.1752540629290692,0.0,0.0,0.0,0.0,0.0,0.0,0.0,0.0,0.0,0.0,0.0,0.0,0.0,0.0,0.0,0.0,0.0,0.0,0.0,0.0,0.0,0.0,0.0,0.0,0.4590889525792216,0.0,0.0,0.0,0.0,0.0,0.0,0.0,0.0,0.0,0.0,0.0,0.0,0.0,0.25578635728798044,0.2267348932615589,0.0,0.0,0.0,0.0,0.0,0.0,0.36609486799322827,0.0,0.0,0.0,0.0,0.0,0.0,0.0,0.0,0.0,0.0,0.0,0.0,0.0,0.0,0.0,0.0,0.3104696031588181,0.0,0.0,0.0,0.0,0.0,0.0,0.0,0.0,0.0,0.0,0.0,0.0,0.0,0.0,0.0,0.0,0.0
6931b124d38d52bd7cdef48121fda457d407b63b59bb4e6ead4ce548f4bbb971,0.0,0.0,0.0,0.0,0.0,0.0,0.0,0.0,0.0,0.0,0.0,0.0,0.0,0.0,0.0,0.0,0.0,0.0,0.0,0.0,0.0,0.0,0.0,0.0,0.0,0.0,0.0,0.0,0.0,0.0,0.0,0.0,0.0,0.0,0.0,0.0,0.0,0.0,0.0,0.0,0.0,0.0,0.0,0.0,0.0,0.0,0.0,0.0,0.0,0.0,0.0,0.0,0.0,0.0,0.0,0.0,0.0,0.0,0.0,0.0,0.0,0.0,0.0,0.0,0.0,0.0,0.0,0.0,0.0,0.0,0.0,0.0,0.0,0.0,0.0,0.0,0.0,0.0,0.0,0.0,0.0,0.0,0.0,0.0,0.0,0.0,0.0,0.0,0.0,0.0,0.0,0.0,0.0,0.0,0.0,0.0,0.0,0.0,0.0,0.28052883794327954,0.0,0.0,0.3077264867865552,0.0,0.0,0.0,0.0,0.0,0.0,0.0,0.0,0.0,0.0,0.0,0.0,0.0,0.28709647320942816,0.0,0.0,0.0,0.0,0.0,0.0,0.0,0.0,0.0,0.0,0.0,0.0,0.0,0.0,0.0,0.0,0.0,0.0,0.0,0.0,0.0,0.8293286324974224,0.0,0.0,0.0,0.0,0.0,0.0,0.23748181994178136,0.0,0.0,0.0,0.0,0.0,0.0,0.0,0.0,0.0,0.0,0.0,0.0,0.0,0.0,0.0
7655c5d4d4a19b39ca249667b74f03b81c41fe6177d8eed50320e553be264da9,0.0,0.0,0.0,0.0,0.0,0.0,0.0,0.0,0.0,0.0,0.0,0.0,0.0,0.0,0.0,0.0,0.0,0.0,0.0,0.0,0.0,0.0,0.0,0.0,0.0,0.0,0.0,0.0,0.0,0.0,0.0,0.0,0.0,0.0,0.3468012285132245,0.0,0.0,0.0,0.0,0.0,0.0,0.0,0.0,0.0,0.0,0.0,0.0,0.0,0.0,0.0,0.0,0.0,0.0,0.0,0.0,0.0,0.0,0.0,0.0,0.0,0.3077458516277511,0.0,0.0,0.4299564924015985,0.0,0.0,0.0,0.3462069787760011,0.0,0.0,0.0,0.0,0.0,0.0,0.0,0.20161659845845376,0.0,0.0,0.0,0.1844581686512071,0.0,0.0,0.0,0.0,0.0,0.0,0.0,0.0,0.0,0.0,0.0,0.0,0.0,0.0,0.0,0.0,0.0,0.0,0.0,0.0,0.0,0.0,0.0,0.0,0.0,0.0,0.33925508388446063,0.0,0.0,0.0,0.0,0.0,0.0,0.0,0.0,0.0,0.0,0.24511586837686503,0.0,0.0,0.28486452692736797,0.0,0.0,0.0,0.0,0.0,0.0,0.0,0.0,0.0,0.0,0.0,0.0,0.0,0.0,0.0,0.0,0.0,0.0,0.0,0.0,0.0,0.0,0.0,0.0,0.21923392623182072,0.0,0.0,0.0,0.0,0.0,0.0,0.0,0.0,0.3181797580862935,0.0,0.0,0.0,0.0,0.0,0.0
8710ad8fb2938326655335455987aa17961b2496a345a7ed9f4bbfcb278212bc,0.0,0.0,0.0,0.0,0.0,0.0,0.0,0.0,0.0,0.0,0.0,0.0,0.0,0.0,0.0,0.0,0.0,0.4273872117279186,0.0,0.0,0.0,0.0,0.0,0.0,0.0,0.0,0.0,0.0,0.0,0.0,0.0,0.0,0.0,0.0,0.0,0.0,0.0,0.0,0.0,0.0,0.0,0.0,0.3999298698547364,0.0,0.0,0.0,0.0,0.0,0.0,0.0,0.0,0.0,0.0,0.0,0.0,0.0,0.0,0.0,0.0,0.0,0.3168494294831174,0.0,0.0,0.0,0.0,0.0,0.0,0.0,0.0,0.0,0.0,0.0,0.0,0.0,0.0,0.0,0.0,0.0,0.0,0.1899147143381519,0.0,0.0,0.0,0.0,0.0,0.0,0.0,0.0,0.0,0.0,0.0,0.0,0.0,0.0,0.0,0.0,0.0,0.0,0.0,0.2666340613945661,0.0,0.0,0.29248459292862555,0.0,0.0,0.0,0.34929075147391947,0.0,0.0,0.0,0.0,0.0,0.0,0.0,0.0,0.0,0.0,0.25236675861487107,0.0,0.0,0.0,0.0,0.0,0.0,0.0,0.0,0.0,0.0,0.0,0.0,0.0,0.0,0.0,0.0,0.0,0.0,0.0,0.0,0.0,0.0,0.0,0.0,0.4226122821784918,0.0,0.0,0.0,0.0,0.0,0.0,0.0,0.0,0.0,0.0,0.0,0.0,0.0,0.0,0.0,0.0,0.0,0.0
9704a4959ec0edb5b82732944be3665e80ed974dec17ab401545ee21069da08d,0.0,0.0,0.0,0.0,0.0,0.0,0.0,0.0,0.0,0.0,0.0,0.0,0.0,0.0,0.0,0.0,0.0,0.5254983841664272,0.0,0.0,0.0,0.0,0.0,0.0,0.0,0.0,0.0,0.0,0.0,0.0,0.0,0.0,0.0,0.0,0.0,0.0,0.0,0.0,0.0,0.0,0.0,0.0,0.0,0.0,0.0,0.0,0.0,0.0,0.0,0.0,0.0,0.0,0.0,0.0,0.0,0.0,0.0,0.0,0.0,0.0,0.3895855061836326,0.0,0.0,0.0,0.0,0.0,0.0,0.0,0.0,0.0,0.0,0.0,0.0,0.0,0.0,0.0,0.0,0.0,0.0,0.23351160908778335,0.0,0.0,0.0,0.0,0.0,0.0,0.0,0.0,0.0,0.0,0.0,0.0,0.0,0.0,0.0,0.0,0.0,0.0,0.0,0.32784267891425894,0.0,0.0,0.3596274683937335,0.0,0.0,0.0,0.4294740705079254,0.0,0.0,0.0,0.0,0.0,0.0,0.0,0.0,0.0,0.0,0.3103001686298944,0.0,0.0,0.0,0.0,0.0,0.0,0.0,0.0,0.0,0.0,0.0,0.0,0.0,0.0,0.0,0.0,0.0,0.0,0.0,0.0,0.0,0.0,0.0,0.0,0.0,0.0,0.0,0.0,0.0,0.0,0.0,0.0,0.0,0.0,0.0,0.0,0.0,0.0,0.0,0.0,0.0,0.0,0.0
9706a97ffa43a0258571def8912dc2b8bf1ee207676052ad1b9c16ca9953fc2c,0.0,0.23794287689811494,0.0,0.0,0.0,0.0,0.0,0.0,0.0,0.0,0.0,0.0,0.11124980139888757,0.0,0.0,0.0,0.0,0.0,0.0,0.0,0.0,0.16264390599400036,0.0,0.0,0.0,0.0,0.0,0.0,0.0,0.0,0.0,0.0,0.0,0.0,0.18192038713984135,0.0,0.0,0.0,0.0,0.0,0.0,0.0,0.0,0.0,0.0,0.0,0.0,0.0,0.0,0.0,0.26345256018883234,0.0,0.0,0.0,0.0,0.0,0.0,0.0,0.0,0.0,0.16143323571492418,0.0,0.0,0.0,0.0,0.0,0.0,0.0,0.0,0.0,0.0,0.0,0.0,0.0,0.0,0.0,0.0,0.17976401073782947,0.0,0.0967606187440427,0.0,0.0,0.0,0.0,0.0,0.0,0.0,0.0,0.0,0.0,0.0,0.0,0.0,0.0,0.0,0.0,0.0,0.0,0.0,0.0,0.0,0.0,0.1490194705739443,0.0,0.0,0.0,0.0,0.0,0.0,0.0,0.0,0.0,0.0,0.0,0.2233866205535651,0.0,0.0,0.12857963006765208,0.1412238083603624,0.1251840225338018,0.14943045399003943,0.0,0.24392691023762844,0.3332478206429539,0.0,0.0,0.0,0.0,0.30917359448044773,0.0,0.0,0.0,0.0,0.1593002350558804,0.0,0.0,0.0,0.0,0.0,0.0,0.0,0.0,0.0,0.0,0.0,0.11500282425544923,0.0,0.25747580053651165,0.0,0.0,0.0,0.31937328940368787,0.0,0.0,0.16690651592923159,0.0,0.0,0.29467156122591914,0.0,0.0,0.0
13849c0c923bfed5ab37224d59e2d12e3e72f97dc7f539136ae09484cbe8e5e0,0.0,0.0,0.24552421167799396,0.0,0.0,0.0,0.0,0.0,0.0,0.0,0.0,0.0,0.097477214820116,0.0,0.0,0.0,0.0,0.0,0.0,0.0,0.0,0.0,0.0,0.0,0.0,0.0,0.20466862112528328,0.32264584505131494,0.0,0.0,0.0,0.0,0.0,0.0,0.1593988702398376,0.0,0.0,0.0,0.0,0.0,0.0,0.0,0.0,0.0,0.18908372733980702,0.0,0.0,0.0,0.0,0.0,0.0,0.0,0.0,0.0,0.0,0.0,0.0,0.0,0.18824421206298125,0.0,0.0,0.0,0.0,0.0,0.0,0.0,0.0,0.0,0.0,0.0,0.0,0.0,0.0,0.0,0.0,0.0,0.0,0.15750945054534057,0.0,0.08478177489613664,0.0,0.0,0.4897503417908436,0.0,0.0,0.0,0.0,0.0,0.0,0.0,0.0,0.0,0.0,0.0,0.0,0.0,0.0,0.0,0.0,0.0,0.0,0.0,0.0,0.0,0.0,0.0,0.0,0.0,0.0,0.0,0.0,0.0,0.0,0.0,0.0,0.0,0.0,0.11266163232648159,0.1237404771258818,0.1096863967677668,0.0,0.3022230632309635,0.21372906315928236,0.2919921563246361,0.0,0.0,0.0,0.0,0.0,0.0,0.0,0.0,0.0,0.13957906475500725,0.0,0.0,0.0,0.0,0.35189140923510503,0.0,0.0,0.0,0.0,0.0,0.0,0.10076561813062766,0.0,0.0,0.0,0.0,0.0,0.0,0.0,0.0,0.0,0.0,0.0,0.0,0.0,0.0,0.0
22709d7884e71cdeb419e81453644edef69f8373a7a676c85c4d85f1ab67be46,0.0,0.20161267024274437,0.23742998842118912,0.0,0.0,0.0,0.0,0.0,0.0,0.0,0.0,0.0,0.0,0.0,0.0,0.0,0.0,0.0,0.0,0.0,0.0,0.0,0.0,0.0,0.0,0.0,0.0,0.0,0.0,0.0,0.0,0.0,0.0,0.0,0.15414395043463391,0.0,0.0,0.0,0.0,0.0,0.0,0.0,0.0,0.0,0.0,0.28614785083538874,0.0,0.0,0.0,0.0,0.22322741842236934,0.0,0.0,0.0,0.0,0.0,0.0,0.0,0.0,0.0,0.13678487098543643,0.0,0.41297919347410694,0.19110426032205882,0.18203834475227623,0.0,0.0,0.15387982218332105,0.0,0.0,0.0,0.0,0.0,0.0,0.0,0.08961323203154194,0.0,0.0,0.0,0.08198676494812585,0.0,0.0,0.0,0.0,0.0,0.27707007046882254,0.0,0.0,0.0,0.0,0.0,0.0,0.0,0.0,0.0,0.0,0.0,0.0,0.0,0.0,0.0,0.0,0.0,0.0,0.0,0.0,0.0,0.0,0.0,0.0,0.0,0.0,0.0,0.0,0.0,0.0,0.0,0.10894750410143071,0.11966111142538617,0.10607035345535748,0.12661472886796085,0.0,0.2066830340045372,0.2823660193079449,0.0,0.0,0.0,0.0,0.0,0.0,0.0,0.0,0.0,0.0,0.0,0.0,0.0,0.0,0.0,0.0,0.0,0.0,0.0,0.0,0.2823660193079449,0.0974436670929478,0.20161267024274437,0.21816321776794317,0.0,0.0,0.0,0.0,0.0,0.0,0.14142246574506354,0.0,0.0,0.0,0.0,0.0,0.0
35616cb24994c8f53d586c6a5959c1011331e4c224be38bb5de08ee89378ecb8,0.0,0.0,0.0,0.0,0.0,0.0,0.0,0.0,0.0,0.0,0.12912836561787777,0.0,0.0840721466664221,0.0,0.0,0.0,0.0,0.0,0.0,0.0,0.0,0.12291098183716935,0.0,0.0,0.0,0.0,0.0,0.0,0.0,0.0,0.0,0.0,0.0,0.0,0.0,0.0,0.0,0.0,0.0,0.0,0.0,0.0,0.0,0.14556076781798916,0.0,0.0,0.0,0.0,0.2069724537223794,0.0,0.0,0.0,0.0,0.0,0.0,0.0,0.25878783400990896,0.0,0.1623568649850063,0.0,0.12199607099699424,0.0,0.0,0.0,0.0,0.0,0.0,0.13724276359539814,0.0,0.0,0.0,0.0,0.0,0.0,0.0,0.07992449850944477,0.0,0.0,0.0,0.0731225838454778,0.0,0.0,0.0,0.0,0.0,0.0,0.0,0.0,0.0,0.0,0.0,0.0,0.0,0.3405938504506994,0.0,0.0,0.0,0.0,0.0,0.0,0.0,0.0,0.11261491372307739,0.0,0.0,0.0,0.0,0.0,0.0,0.0,0.0,0.0,0.0,0.0,0.16881461800689113,0.0,0.10506519896386161,0.09716840283249295,0.1067236847164547,0.09460232171578253,0.11292549637222325,0.0,0.0,0.0,0.13271866643492836,0.0,0.0,0.0,0.0,0.4223998668914899,0.0,0.0,0.0,0.12038414951945624,0.0,0.0,0.0,0.26459683853365823,0.0,0.0,0.0,0.0,0.0,0.0,0.0,0.08690832870065307,0.17981486882015027,0.0,0.0,0.0,0.0,0.0,0.0,0.0,0.12613226190374296,0.2996908422303042,0.0,0.0,0.0,0.0,0.34847361365739593
0b997e8b0d0ff6cc4e6f1919c6c0f3080eaa0d08c8fccdf50f7648bf05cca446,0.0,0.0,0.0,0.0,0.0,0.0,0.0,0.0,0.0,0.0,0.0,0.0,0.0,0.0,0.0,0.0,0.0,0.5254983841664272,0.0,0.0,0.0,0.0,0.0,0.0,0.0,0.0,0.0,0.0,0.0,0.0,0.0,0.0,0.0,0.0,0.0,0.0,0.0,0.0,0.0,0.0,0.0,0.0,0.0,0.0,0.0,0.0,0.0,0.0,0.0,0.0,0.0,0.0,0.0,0.0,0.0,0.0,0.0,0.0,0.0,0.0,0.3895855061836326,0.0,0.0,0.0,0.0,0.0,0.0,0.0,0.0,0.0,0.0,0.0,0.0,0.0,0.0,0.0,0.0,0.0,0.0,0.23351160908778335,0.0,0.0,0.0,0.0,0.0,0.0,0.0,0.0,0.0,0.0,0.0,0.0,0.0,0.0,0.0,0.0,0.0,0.0,0.0,0.32784267891425894,0.0,0.0,0.3596274683937335,0.0,0.0,0.0,0.4294740705079254,0.0,0.0,0.0,0.0,0.0,0.0,0.0,0.0,0.0,0.0,0.3103001686298944,0.0,0.0,0.0,0.0,0.0,0.0,0.0,0.0,0.0,0.0,0.0,0.0,0.0,0.0,0.0,0.0,0.0,0.0,0.0,0.0,0.0,0.0,0.0,0.0,0.0,0.0,0.0,0.0,0.0,0.0,0.0,0.0,0.0,0.0,0.0,0.0,0.0,0.0,0.0,0.0,0.0,0.0,0.0
42438a67636a6981b4e3209449040f6b393f10fe0636dfca2260fc0f4271e135,0.0,0.3494516875168302,0.41153321376572527,0.0,0.0,0.0,0.0,0.0,0.0,0.0,0.0,0.0,0.0,0.0,0.0,0.0,0.0,0.0,0.0,0.0,0.0,0.0,0.0,0.0,0.0,0.0,0.0,0.0,0.0,0.0,0.0,0.0,0.0,0.0,0.0,0.0,0.0,0.0,0.0,0.0,0.0,0.0,0.0,0.0,0.0,0.0,0.0,0.0,0.0,0.0,0.0,0.0,0.0,0.0,0.0,0.0,0.0,0.0,0.0,0.0,0.23708680578001956,0.0,0.0,0.0,0.0,0.0,0.0,0.0,0.0,0.0,0.0,0.0,0.0,0.0,0.0,0.0,0.0,0.0,0.0,0.142106214508606,0.0,0.0,0.0,0.0,0.0,0.4802406692454466,0.0,0.0,0.0,0.0,0.0,0.0,0.0,0.0,0.0,0.0,0.0,0.0,0.0,0.0,0.0,0.0,0.21885549230888537,0.0,0.0,0.0,0.0,0.0,0.0,0.0,0.0,0.0,0.0,0.0,0.3280738324205056,0.0,0.0,0.18883678844763416,0.0,0.18384987394816402,0.2194590777163081,0.0,0.3582400596501359,0.0,0.0,0.0,0.0,0.0,0.0,0.0,0.0,0.0,0.0,0.0,0.0,0.0,0.0,0.0,0.0,0.0,0.0,0.0,0.0,0.0,0.0,0.0,0.0,0.0,0.0,0.0,0.0,0.0,0.0,0.0,0.0,0.0,0.0,0.0,0.0,0.0,0.0
8adec068a8f2a765688d54aefa6e4bdc256bbca4154e891f9c0ff7cde0773519,0.0,0.0,0.0,0.0,0.0,0.0,0.0,0.0,0.0,0.0,0.2742189263708327,0.0,0.17853686667715102,0.0,0.0,0.0,0.0,0.34945415579857997,0.0,0.0,0.0,0.26101559728799917,0.0,0.0,0.0,0.0,0.0,0.5909501859297666,0.0,0.0,0.0,0.0,0.0,0.0,0.0,0.0,0.0,0.0,0.0,0.0,0.0,0.0,0.0,0.0,0.0,0.0,0.0,0.3729380350938858,0.0,0.0,0.0,0.0,0.0,0.0,0.0,0.0,0.0,0.0,0.0,0.0,0.0,0.0,0.0,0.0,0.3447834640521363,0.0,0.0,0.0,0.0,0.0,0.0,0.0,0.0,0.0,0.0,0.16972885908619287,0.0,0.0,0.0,0.15528421148692975,0.0,0.0,0.0,0.0,0.0,0.0,0.0,0.0,0.0,0.0,0.0,0.0,0.0,0.0,0.0,0.0,0.0,0.0,0.0,0.0,0.0,0.0,0.0,0.0,0.0,0.0,0.0,0.0,0.0,0.0,0.0,0.0,0.0,0.0,0.0,0.0,0.0,0.2063482719261317,0.0,0.0,0.0,0.0,0.0,0.0,0.0,0.0,0.0,0.0,0.0,0.0,0.0,0.0,0.0,0.0,0.0,0.0,0.0,0.0,0.0,0.0,0.0,0.0,0.0,0.0,0.0,0.0,0.0,0.0,0.0,0.0,0.0,0.0,0.0,0.0,0.0,0.0,0.0,0.0,0.0,0.0,0.0
44136c10d998dccfa03bc3b617e6c6444487bdd4c709f5b75ed2140fe5f470cc,0.0,0.0,0.0,0.0,0.0,0.0,0.0,0.0,0.0,0.0,0.0,0.0,0.0,0.0,0.0,0.0,0.0,0.0,0.0,0.0,0.0,0.0,0.0,0.0,0.0,0.0,0.0,0.0,0.0,0.0,0.0,0.0,0.0,0.0,0.323269440145354,0.0,0.0,0.0,0.0,0.0,0.0,0.0,0.36208217349318633,0.0,0.0,0.0,0.0,0.0,0.0,0.0,0.0,0.0,0.0,0.0,0.0,0.0,0.0,0.0,0.0,0.0,0.28686411979928916,0.0,0.0,0.40078230167003226,0.0,0.0,0.0,0.32271551252323377,0.0,0.0,0.0,0.0,0.0,0.0,0.0,0.18793614194244307,0.0,0.0,0.0,0.17194197715432594,0.0,0.0,0.0,0.0,0.0,0.0,0.0,0.0,0.0,0.0,0.0,0.0,0.0,0.0,0.0,0.0,0.0,0.0,0.0,0.0,0.0,0.0,0.0,0.0,0.0,0.0,0.31623533026098455,0.0,0.0,0.0,0.0,0.0,0.0,0.0,0.0,0.0,0.0,0.22848382020050967,0.0,0.0,0.265535380401831,0.0,0.0,0.0,0.0,0.0,0.0,0.0,0.0,0.0,0.0,0.0,0.0,0.0,0.0,0.0,0.0,0.0,0.0,0.0,0.0,0.0,0.0,0.0,0.0,0.20435806671638132,0.0,0.0,0.0,0.0,0.0,0.0,0.0,0.0,0.2965900458401002,0.0,0.0,0.0,0.0,0.0,0.0
52715e3681686f1239443bf9e63fd1b9ff3574cef23a70d4f004b6b182203e1a,0.0,0.0,0.0,0.0,0.0,0.0,0.0,0.0,0.0,0.0,0.0,0.0,0.0,0.0,0.0,0.0,0.0,0.0,0.0,0.0,0.0,0.0,0.0,0.0,0.0,0.0,0.0,0.0,0.0,0.0,0.0,0.0,0.0,0.0,0.33522714996605485,0.0,0.0,0.0,0.0,0.0,0.0,0.0,0.0,0.0,0.0,0.0,0.0,0.0,0.0,0.0,0.0,0.0,0.0,0.0,0.0,0.0,0.0,0.0,0.0,0.0,0.29747519983515114,0.0,0.0,0.41560720581961086,0.0,0.0,0.0,0.33465273260706363,0.0,0.0,0.0,0.0,0.0,0.0,0.0,0.19488788426970824,0.0,0.0,0.0,0.17830209665057195,0.0,0.0,0.0,0.0,0.0,0.0,0.0,0.0,0.0,0.0,0.0,0.0,0.0,0.0,0.0,0.0,0.0,0.0,0.0,0.0,0.0,0.0,0.0,0.0,0.0,0.0,0.32793284893956437,0.0,0.0,0.0,0.0,0.0,0.0,0.0,0.0,0.0,0.2561909642013364,0.23693541778874563,0.0,0.0,0.2753575121336359,0.0,0.0,0.0,0.0,0.0,0.0,0.0,0.0,0.0,0.0,0.0,0.0,0.0,0.0,0.0,0.0,0.0,0.0,0.0,0.0,0.0,0.0,0.0,0.0,0.2119172546811179,0.0,0.0,0.0,0.0,0.0,0.0,0.0,0.0,0.3075608870747978,0.0,0.0,0.0,0.0,0.0,0.0
57809da76e6331b7661c93e33c3e3060288a44e228a9f8d047042d06ce025878,0.0,0.0,0.0,0.0,0.0,0.0,0.0,0.0,0.0,0.0,0.0,0.0,0.0,0.0,0.0,0.0,0.0,0.0,0.0,0.0,0.0,0.0,0.0,0.0,0.0,0.0,0.0,0.0,0.0,0.0,0.0,0.0,0.0,0.0,0.3468012285132245,0.0,0.0,0.0,0.0,0.0,0.0,0.0,0.0,0.0,0.0,0.0,0.0,0.0,0.0,0.0,0.0,0.0,0.0,0.0,0.0,0.0,0.0,0.0,0.0,0.0,0.3077458516277511,0.0,0.0,0.4299564924015985,0.0,0.0,0.0,0.3462069787760011,0.0,0.0,0.0,0.0,0.0,0.0,0.0,0.20161659845845376,0.0,0.0,0.0,0.1844581686512071,0.0,0.0,0.0,0.0,0.0,0.0,0.0,0.0,0.0,0.0,0.0,0.0,0.0,0.0,0.0,0.0,0.0,0.0,0.0,0.0,0.0,0.0,0.0,0.0,0.0,0.0,0.33925508388446063,0.0,0.0,0.0,0.0,0.0,0.0,0.0,0.0,0.0,0.0,0.24511586837686503,0.0,0.0,0.28486452692736797,0.0,0.0,0.0,0.0,0.0,0.0,0.0,0.0,0.0,0.0,0.0,0.0,0.0,0.0,0.0,0.0,0.0,0.0,0.0,0.0,0.0,0.0,0.0,0.0,0.21923392623182072,0.0,0.0,0.0,0.0,0.0,0.0,0.0,0.0,0.3181797580862935,0.0,0.0,0.0,0.0,0.0,0.0
63096f288f49b25d50f4aea52dc1fc00871b3927fa2a81fa0b0d752b261a3059,0.0,0.20918235124819962,0.0,0.0,0.0,0.0,0.0,0.0,0.0,0.0,0.0,0.0,0.09780286485516101,0.0,0.0,0.0,0.0,0.0,0.0,0.0,0.0,0.14298488408452828,0.0,0.0,0.0,0.0,0.0,0.0,0.0,0.0,0.0,0.0,0.0,0.0,0.15993138696977835,0.0,0.0,0.0,0.0,0.0,0.0,0.0,0.0,0.0,0.0,0.0,0.0,0.0,0.0,0.0,0.23160863943935267,0.0,0.0,0.0,0.0,0.0,0.0,0.0,0.0,0.33331814159115986,0.14192054940527704,0.0,0.0,0.0,0.0,0.0,0.0,0.0,0.0,0.0,0.0,0.0,0.0,0.0,0.0,0.0,0.0,0.15803565513771292,0.0,0.08506501224567577,0.0,0.0,0.0,0.0,0.0,0.0,0.0,0.0,0.0,0.0,0.0,0.0,0.0,0.0,0.0,0.0,0.0,0.0,0.0,0.0,0.0,0.0,0.13100725536645186,0.0,0.0,0.0,0.0,0.0,0.320802092766493,0.0,0.0,0.0,0.0,0.0,0.1963855322502169,0.0,0.0,0.11303801017624938,0.12415386697074857,0.11005283500687017,0.13136856257776044,0.30323272432267806,0.21444308516982505,0.2929676381961223,0.0,0.0,0.0,0.0,0.27180330119724555,0.0,0.0,0.0,0.0,0.14004536785376628,0.0,0.0,0.0,0.0,0.0,0.0,0.0,0.0,0.0,0.0,0.0,0.10110225400123729,0.0,0.22635430002303486,0.0,0.0,0.0,0.0,0.0,0.0,0.14673226572641457,0.0,0.0,0.25905415126004944,0.0,0.0,0.0
75910d91797aedee507082e4af6260d42b6bb6eb877e5c96107693beee6a2085,0.0,0.0,0.0,0.0,0.0,0.0,0.0,0.0,0.0,0.0,0.0,0.0,0.0,0.0,0.0,0.0,0.0,0.0,0.0,0.0,0.0,0.0,0.0,0.0,0.0,0.0,0.0,0.0,0.0,0.0,0.0,0.0,0.0,0.0,0.0,0.0,0.0,0.0,0.0,0.0,0.0,0.0,0.0,0.22997885837668502,0.0,0.0,0.0,0.0,0.0,0.0,0.0,0.0,0.0,0.0,0.0,0.0,0.0,0.0,0.0,0.0,0.0,0.0,0.0,0.0,0.2565158663188559,0.0,0.0,0.2168368205614138,0.0,0.0,0.0,0.0,0.0,0.6673710273886252,0.3978906980304137,0.0,0.0,0.21463434502053688,0.0,0.0,0.0,0.0,0.0,0.0,0.0,0.0,0.0,0.0,0.0,0.0,0.0,0.0,0.0,0.0,0.0,0.0,0.0,0.0,0.0,0.16220047380456984,0.0,0.0,0.1779260283004737,0.0,0.0,0.0,0.0,0.0,0.0,0.0,0.0,0.0,0.0,0.0,0.0,0.0,0.16599785007345916,0.0,0.0,0.0,0.0,0.0,0.0,0.0,0.2096889694216683,0.0,0.0,0.0,0.0,0.0,0.0,0.0,0.0,0.19020103897604712,0.0,0.0,0.0,0.0,0.0,0.0,0.0,0.0,0.0,0.0,0.0,0.1373108875256412,0.0,0.0,0.0,0.0,0.0,0.0,0.0,0.0,0.0,0.0,0.0,0.0,0.0,0.0,0.0
76434f31095e05944ab0c2fe0465037efc4bb585358309e4a2387b97a4abc7c4,0.0,0.0,0.0,0.0,0.0,0.0,0.0,0.0,0.0,0.0,0.0,0.0,0.0,0.0,0.0,0.0,0.0,0.0,0.0,0.0,0.0,0.0,0.0,0.0,0.0,0.0,0.0,0.0,0.0,0.0,0.0,0.0,0.0,0.0,0.3348776442082856,0.0,0.0,0.0,0.0,0.0,0.0,0.0,0.0,0.0,0.0,0.0,0.0,0.0,0.0,0.0,0.0,0.0,0.0,0.0,0.0,0.0,0.0,0.0,0.0,0.0,0.29716505402760995,0.0,0.0,0.41517389631165763,0.0,0.0,0.0,0.33430382573328793,0.0,0.0,0.0,0.0,0.0,0.0,0.0,0.1946846953642791,0.0,0.0,0.0,0.17811619998495873,0.0,0.0,0.0,0.0,0.0,0.0,0.0,0.0,0.0,0.0,0.0,0.0,0.0,0.0,0.0,0.0,0.0,0.0,0.0,0.0,0.0,0.0,0.0,0.0,0.0,0.0,0.32759094817503004,0.0,0.0,0.0,0.0,0.0,0.0,0.0,0.0,0.0,0.0,0.23668839038435724,0.2599636961715944,0.0,0.27507042609079757,0.0,0.0,0.0,0.0,0.0,0.0,0.0,0.0,0.0,0.0,0.0,0.0,0.0,0.0,0.0,0.0,0.0,0.0,0.0,0.0,0.0,0.0,0.0,0.0,0.2116963110591911,0.0,0.0,0.0,0.0,0.0,0.0,0.0,0.0,0.30724022599198225,0.0,0.0,0.0,0.0,0.0,0.0
085105e613ad37808a8db9a3c2ba5561d5d38d5c5c43b469c93d15f0d64af0c1,0.0,0.0,0.0,0.0,0.3464127411212739,0.0,0.0,0.0,0.0,0.0,0.0,0.0,0.12464954750274818,0.0,0.0,0.0,0.0,0.0,0.0,0.0,0.0,0.0,0.0,0.0,0.0,0.0,0.0,0.0,0.0,0.0,0.0,0.0,0.0,0.0,0.0,0.0,0.0,0.0,0.0,0.0,0.0,0.0,0.0,0.0,0.0,0.0,0.0,0.0,0.0,0.0,0.2951847284493836,0.0,0.0,0.0,0.0,0.0,0.0,0.0,0.0,0.0,0.1808774445503954,0.0,0.0,0.0,0.0,0.0,0.0,0.0,0.0,0.0,0.0,0.0,0.0,0.0,0.0,0.0,0.0,0.0,0.0,0.10841518088904616,0.0,0.0,0.0,0.0,0.0,0.0,0.0,0.0,0.0,0.0,0.0,0.0,0.0,0.0,0.0,0.0,0.0,0.0,0.0,0.15221137602746437,0.0,0.0,0.0,0.0,0.0,0.0,0.19939697740581266,0.0,0.0,0.0,0.0,0.0,0.0,0.0,0.25029295171801025,0.28487965476748084,0.0,0.144066708474716,0.1582338448013627,0.14026210894043228,0.0,0.0,0.27330726529429916,0.0,0.19677529802970156,0.0,0.2264725888386462,0.0,0.0,0.0,0.0,0.0,0.0,0.17848752956960756,0.0,0.0,0.0,0.0,0.0,0.0,0.0,0.0,0.0,0.1920618422446317,0.0,0.0,0.0,0.28848808380978325,0.0,0.0,0.0,0.0,0.0,0.0,0.1870099669773162,0.0,0.0,0.33016397608694037,0.0,0.0,0.0
86670fbfdcbfad2bb774efeb150ec3fde4f52d5b1e3c42316e0a1fb0f76761c2,0.0,0.0,0.0,0.0,0.0,0.0,0.0,0.0,0.0,0.0,0.0,0.0,0.0,0.0,0.0,0.0,0.0,0.0,0.0,0.0,0.0,0.0,0.0,0.0,0.0,0.0,0.0,0.0,0.0,0.0,0.0,0.0,0.0,0.0,0.3468012285132245,0.0,0.0,0.0,0.0,0.0,0.0,0.0,0.0,0.0,0.0,0.0,0.0,0.0,0.0,0.0,0.0,0.0,0.0,0.0,0.0,0.0,0.0,0.0,0.0,0.0,0.3077458516277511,0.0,0.0,0.4299564924015985,0.0,0.0,0.0,0.3462069787760011,0.0,0.0,0.0,0.0,0.0,0.0,0.0,0.20161659845845376,0.0,0.0,0.0,0.1844581686512071,0.0,0.0,0.0,0.0,0.0,0.0,0.0,0.0,0.0,0.0,0.0,0.0,0.0,0.0,0.0,0.0,0.0,0.0,0.0,0.0,0.0,0.0,0.0,0.0,0.0,0.0,0.33925508388446063,0.0,0.0,0.0,0.0,0.0,0.0,0.0,0.0,0.0,0.0,0.24511586837686503,0.0,0.0,0.28486452692736797,0.0,0.0,0.0,0.0,0.0,0.0,0.0,0.0,0.0,0.0,0.0,0.0,0.0,0.0,0.0,0.0,0.0,0.0,0.0,0.0,0.0,0.0,0.0,0.0,0.21923392623182072,0.0,0.0,0.0,0.0,0.0,0.0,0.0,0.0,0.3181797580862935,0.0,0.0,0.0,0.0,0.0,0.0
90315b1fa493435f317b54c2faf80391cac02cadc4c9f97c4172c7e5470f1969,0.0,0.0,0.0,0.0,0.0,0.0,0.0,0.0,0.0,0.0,0.0,0.0,0.0,0.0,0.0,0.0,0.0,0.0,0.0,0.0,0.0,0.0,0.0,0.0,0.0,0.0,0.0,0.0,0.0,0.0,0.0,0.0,0.0,0.0,0.3348776442082856,0.0,0.0,0.0,0.0,0.0,0.0,0.0,0.0,0.0,0.0,0.0,0.0,0.0,0.0,0.0,0.0,0.0,0.0,0.0,0.0,0.0,0.0,0.0,0.0,0.0,0.29716505402760995,0.0,0.0,0.41517389631165763,0.0,0.0,0.0,0.33430382573328793,0.0,0.0,0.0,0.0,0.0,0.0,0.0,0.1946846953642791,0.0,0.0,0.0,0.17811619998495873,0.0,0.0,0.0,0.0,0.0,0.0,0.0,0.0,0.0,0.0,0.0,0.0,0.0,0.0,0.0,0.0,0.0,0.0,0.0,0.0,0.0,0.0,0.0,0.0,0.0,0.0,0.32759094817503004,0.0,0.0,0.0,0.0,0.0,0.0,0.0,0.0,0.0,0.0,0.23668839038435724,0.2599636961715944,0.0,0.27507042609079757,0.0,0.0,0.0,0.0,0.0,0.0,0.0,0.0,0.0,0.0,0.0,0.0,0.0,0.0,0.0,0.0,0.0,0.0,0.0,0.0,0.0,0.0,0.0,0.0,0.2116963110591911,0.0,0.0,0.0,0.0,0.0,0.0,0.0,0.0,0.30724022599198225,0.0,0.0,0.0,0.0,0.0,0.0
92390d8b7dd99a4b03af59b45763c706d5df368761ce9706236e3dac4f9a74e2,0.0,0.0,0.0,0.0,0.3507106584887982,0.0,0.0,0.0,0.0,0.0,0.0,0.0,0.12619606525879848,0.0,0.0,0.0,0.0,0.0,0.0,0.0,0.0,0.0,0.0,0.0,0.0,0.0,0.0,0.0,0.0,0.0,0.0,0.0,0.0,0.0,0.0,0.0,0.0,0.0,0.0,0.0,0.0,0.0,0.0,0.0,0.0,0.0,0.0,0.0,0.0,0.0,0.0,0.0,0.0,0.0,0.0,0.0,0.0,0.0,0.0,0.0,0.1831215776842122,0.0,0.0,0.0,0.0,0.0,0.0,0.20600754753773895,0.0,0.0,0.0,0.0,0.0,0.0,0.0,0.0,0.0,0.0,0.0,0.10976028005410023,0.0,0.0,0.0,0.0,0.0,0.0,0.0,0.0,0.0,0.0,0.0,0.0,0.0,0.0,0.0,0.0,0.0,0.0,0.0,0.15409985136022988,0.0,0.0,0.0,0.0,0.0,0.0,0.2018708810198956,0.0,0.0,0.0,0.0,0.0,0.0,0.0,0.2533983179371504,0.288414135664218,0.0,0.14585413351696863,0.0,0.1420023305964528,0.0,0.0,0.27669816840709116,0.0,0.19921667466083864,0.0,0.2292824175697928,0.0,0.0,0.0,0.0,0.0,0.0,0.0,0.0,0.0,0.0,0.0,0.0,0.0,0.40684433093499794,0.0,0.0,0.19444473937696588,0.0,0.0,0.0,0.0,0.0,0.0,0.0,0.0,0.0,0.0,0.18933018586525416,0.0,0.0,0.33426029622332404,0.0,0.0,0.0
8b87459483248d7b95424cd52b7d4f3031e89c6644adc2e167556e071d9ec3aa,0.0,0.0,0.0,0.0,0.0,0.0,0.0,0.0,0.0,0.0,0.24528592183773734,0.0,0.15969933404853484,0.0,0.0,0.0,0.0,0.0,0.0,0.0,0.0,0.23347568398044877,0.0,0.0,0.0,0.0,0.0,0.5285986749140115,0.0,0.0,0.0,0.0,0.0,0.0,0.0,0.0,0.0,0.0,0.0,0.0,0.0,0.0,0.0,0.0,0.0,0.0,0.0,0.33358911777902756,0.0,0.0,0.0,0.0,0.0,0.0,0.0,0.0,0.0,0.0,0.0,0.0,0.0,0.0,0.0,0.0,0.30840515253155754,0.0,0.0,0.0,0.0,0.0,0.0,0.0,0.0,0.0,0.0,0.15182066465800456,0.0,0.0,0.0,0.1389000805506365,0.0,0.0,0.0,0.0,0.0,0.0,0.0,0.0,0.0,0.0,0.0,0.0,0.0,0.0,0.0,0.0,0.0,0.0,0.0,0.0,0.0,0.0,0.0,0.0,0.363857427482123,0.0,0.0,0.0,0.0,0.0,0.0,0.0,0.0,0.0,0.0,0.0,0.0,0.18457634113328256,0.2027270868204292,0.0,0.0,0.0,0.0,0.0,0.2521058815063286,0.0,0.0,0.0,0.0,0.0,0.0,0.0,0.0,0.0,0.0,0.0,0.0,0.0,0.0,0.0,0.0,0.0,0.0,0.24606706496007294,0.0,0.0,0.0,0.0,0.0,0.0,0.0,0.0,0.0,0.0,0.0,0.0,0.0,0.0,0.0,0.0,0.0
93976cb0c0ed15a2e61a2bb20e6d5394c64e756d7c5f56bdc5e6ed8221210c55,0.0,0.0,0.0,0.0,0.0,0.0,0.0,0.0,0.0,0.0,0.21584469324536545,0.0,0.1405309098497633,0.0,0.0,0.0,0.0,0.0,0.0,0.45692723087945514,0.0,0.20545201702341906,0.0,0.0,0.0,0.0,0.0,0.0,0.0,0.0,0.0,0.0,0.0,0.0,0.0,0.0,0.0,0.0,0.0,0.0,0.0,0.0,0.2573928494548397,0.2433122972469796,0.0,0.0,0.0,0.2935490151963892,0.0,0.0,0.0,0.0,0.0,0.0,0.0,0.0,0.0,0.0,0.0,0.0,0.0,0.0,0.0,0.0,0.0,0.0,0.0,0.0,0.0,0.0,0.0,0.0,0.0,0.0,0.0,0.13359790299376595,0.28490355557330416,0.22707815806925477,0.0,0.12222815338762799,0.0,0.0,0.0,0.0,0.0,0.0,0.0,0.0,0.0,0.0,0.0,0.0,0.0,0.0,0.0,0.0,0.0,0.0,0.0,0.1716043386531541,0.0,0.0,0.1882416105175701,0.0,0.0,0.0,0.0,0.0,0.0,0.0,0.0,0.0,0.0,0.0,0.0,0.0,0.17562187465631696,0.0,0.0,0.1581326381181688,0.0,0.0,0.0,0.0,0.2218460654055934,0.0,0.0,0.0,0.0,0.0,0.0,0.0,0.0,0.2012282870637815,0.0,0.0,0.0,0.0,0.0,0.0,0.0,0.0,0.2719911357559894,0.0,0.0,0.1452717337441675,0.0,0.0,0.0,0.0,0.0,0.0,0.0,0.0,0.0,0.0,0.0,0.0,0.0,0.0,0.0
233437b647f9482a8a3ba51d0af69039bb58fb48609704a39db1f709a0e6aca6,0.0,0.0,0.0,0.0,0.0,0.0,0.0,0.0,0.0,0.0,0.0,0.0,0.20349035063750665,0.0,0.0,0.0,0.0,0.0,0.0,0.0,0.0,0.0,0.0,0.0,0.0,0.0,0.0,0.0,0.0,0.0,0.0,0.0,0.0,0.0,0.0,0.0,0.0,0.0,0.0,0.0,0.0,0.0,0.0,0.0,0.0,0.0,0.0,0.0,0.0,0.0,0.0,0.0,0.0,0.0,0.0,0.0,0.0,0.0,0.0,0.0,0.2952823764816686,0.0,0.0,0.4125435783733501,0.0,0.0,0.0,0.0,0.0,0.0,0.0,0.0,0.0,0.0,0.0,0.19345127811170165,0.0,0.0,0.0,0.17698775178509427,0.0,0.0,0.0,0.0,0.0,0.0,0.0,0.0,0.0,0.0,0.0,0.0,0.0,0.0,0.0,0.0,0.0,0.0,0.0,0.24848502781899967,0.0,0.0,0.27257598609259853,0.0,0.0,0.0,0.0,0.0,0.0,0.0,0.0,0.0,0.0,0.0,0.0,0.0,0.2543024654977026,0.23518886036922892,0.25831670636943316,0.0,0.2733277281936702,0.0,0.0,0.0,0.0,0.0,0.3697164364880181,0.0,0.0,0.0,0.0,0.0,0.0,0.0,0.0,0.0,0.0,0.0,0.0,0.0,0.0,0.0,0.0,0.31354090251778827,0.0,0.0,0.0,0.0,0.0,0.0,0.0,0.0,0.0,0.0,0.0,0.0,0.0,0.0,0.0,0.0,0.0
256456b2b066c65d54244785a2045c09ca77dc691493f22363482fa225600aa4,0.0,0.0,0.0,0.0,0.0,0.0,0.0,0.0,0.0,0.0,0.0,0.0,0.0,0.0,0.0,0.0,0.0,0.0,0.0,0.0,0.0,0.0,0.0,0.0,0.0,0.0,0.0,0.0,0.0,0.0,0.0,0.0,0.0,0.0,0.3348776442082856,0.0,0.0,0.0,0.0,0.0,0.0,0.0,0.0,0.0,0.0,0.0,0.0,0.0,0.0,0.0,0.0,0.0,0.0,0.0,0.0,0.0,0.0,0.0,0.0,0.0,0.29716505402760995,0.0,0.0,0.41517389631165763,0.0,0.0,0.0,0.33430382573328793,0.0,0.0,0.0,0.0,0.0,0.0,0.0,0.1946846953642791,0.0,0.0,0.0,0.17811619998495873,0.0,0.0,0.0,0.0,0.0,0.0,0.0,0.0,0.0,0.0,0.0,0.0,0.0,0.0,0.0,0.0,0.0,0.0,0.0,0.0,0.0,0.0,0.0,0.0,0.0,0.0,0.32759094817503004,0.0,0.0,0.0,0.0,0.0,0.0,0.0,0.0,0.0,0.0,0.23668839038435724,0.2599636961715944,0.0,0.27507042609079757,0.0,0.0,0.0,0.0,0.0,0.0,0.0,0.0,0.0,0.0,0.0,0.0,0.0,0.0,0.0,0.0,0.0,0.0,0.0,0.0,0.0,0.0,0.0,0.0,0.2116963110591911,0.0,0.0,0.0,0.0,0.0,0.0,0.0,0.0,0.30724022599198225,0.0,0.0,0.0,0.0,0.0,0.0
276727bfacdeba0ba864fd6ccecab5fd0f244576dc503d7cf148a4deb90fc136,0.0,0.0,0.2648969216983507,0.0,0.2922731018792035,0.0,0.0,0.0,0.0,0.0,0.0,0.0,0.10516850442205053,0.0,0.0,0.0,0.0,0.0,0.0,0.0,0.0,0.0,0.0,0.0,0.0,0.0,0.0,0.0,0.0,0.0,0.0,0.0,0.0,0.0,0.0,0.0,0.0,0.0,0.0,0.0,0.0,0.0,0.0,0.0,0.0,0.0,0.0,0.0,0.0,0.0,0.24905133665700907,0.0,0.0,0.0,0.0,0.0,0.0,0.0,0.0,0.0,0.1526087395273381,0.0,0.0,0.0,0.0,0.0,0.0,0.17168130899935446,0.0,0.0,0.0,0.0,0.0,0.0,0.0,0.0,0.0,0.0,0.0,0.09147135035123717,0.0,0.0,0.0,0.0,0.0,0.0,0.0,0.0,0.0,0.0,0.0,0.0,0.0,0.0,0.0,0.0,0.0,0.0,0.0,0.1284227908848033,0.0,0.0,0.0,0.0,0.0,0.0,0.16823391917715852,0.0,0.0,0.0,0.0,0.0,0.0,0.0,0.0,0.24035680700329454,0.0,0.12155102502044293,0.1335040290165777,0.11834103307934403,0.0,0.3260695088642605,0.2305930259237269,0.0,0.16602197292798612,0.0,0.19107797772170235,0.0,0.0,0.0,0.0,0.0,0.0,0.15059233602439104,0.0,0.0,0.0,0.0,0.0,0.0,0.33905343822944883,0.0,0.0,0.16204516671002267,0.0,0.10871637413438522,0.0,0.24340128725448573,0.0,0.0,0.0,0.0,0.0,0.0,0.1577828314105014,0.0,0.0,0.27856379966670664,0.0,0.0,0.0
307077d1a3fd2b53b94d88268e31b0b89b8c0c2ee9dbb46041d3e2395243f1b3,0.0,0.0,0.0,0.0,0.3595063583178425,0.0,0.0,0.0,0.0,0.0,0.0,0.0,0.1293610181416272,0.0,0.0,0.0,0.0,0.0,0.0,0.0,0.0,0.0,0.0,0.0,0.0,0.0,0.0,0.0,0.0,0.0,0.0,0.0,0.0,0.0,0.0,0.0,0.0,0.0,0.0,0.0,0.0,0.0,0.0,0.0,0.0,0.0,0.0,0.0,0.0,0.0,0.0,0.0,0.0,0.0,0.0,0.0,0.0,0.0,0.0,0.0,0.1877142023750948,0.0,0.0,0.0,0.0,0.0,0.0,0.0,0.0,0.0,0.0,0.0,0.0,0.0,0.0,0.0,0.0,0.0,0.0,0.1125130292310647,0.0,0.0,0.0,0.0,0.0,0.0,0.0,0.0,0.0,0.0,0.0,0.0,0.0,0.0,0.0,0.0,0.0,0.0,0.0,0.15796462137350914,0.0,0.0,0.0,0.0,0.0,0.0,0.20693373163677364,0.0,0.0,0.0,0.0,0.0,0.0,0.0,0.0,0.29564746063553976,0.0,0.149512103830071,0.16421472582976857,0.1455636990485354,0.0,0.0,0.28363766104481736,0.0,0.2042129587167824,0.0,0.23503273987169088,0.0,0.0,0.0,0.0,0.0,0.0,0.18523395401976223,0.0,0.0,0.0,0.0,0.0,0.0,0.41704784350422575,0.0,0.0,0.1993213449761971,0.0,0.0,0.0,0.0,0.0,0.0,0.0,0.0,0.0,0.0,0.1940785202632552,0.0,0.0,0.34264342675895243,0.0,0.0,0.0
0bd30fd514c0ba95e84d21afb8d5a59ef0e27f3a82ee6d29af7178dfc371ec57,0.0,0.22508868460531353,0.26507661306818875,0.0,0.0,0.0,0.0,0.0,0.0,0.0,0.0,0.0,0.0,0.0,0.0,0.0,0.0,0.0,0.0,0.0,0.0,0.0,0.0,0.0,0.0,0.0,0.0,0.0,0.0,0.0,0.0,0.0,0.0,0.0,0.17209265172384194,0.0,0.0,0.0,0.0,0.0,0.0,0.0,0.0,0.0,0.0,0.31946724017704964,0.0,0.0,0.0,0.0,0.24922027926138882,0.0,0.0,0.0,0.0,0.0,0.0,0.0,0.0,0.0,0.15271226082641215,0.0,0.0,0.2133566631827876,0.20323510183503973,0.0,0.0,0.0,0.0,0.0,0.0,0.0,0.0,0.0,0.0,0.10004790124015747,0.0,0.0,0.0,0.09153339943863377,0.0,0.0,0.0,0.0,0.3312170719087473,0.3093324324817487,0.0,0.0,0.0,0.0,0.0,0.0,0.0,0.0,0.0,0.0,0.0,0.0,0.0,0.0,0.0,0.0,0.0,0.0,0.0,0.0,0.0,0.0,0.0,0.0,0.0,0.0,0.0,0.0,0.21131878892242903,0.0,0.0,0.12163347848970603,0.1335945907403572,0.11842130906822959,0.14135789550445363,0.0,0.2307494474345458,0.0,0.0,0.0,0.0,0.0,0.0,0.0,0.0,0.0,0.0,0.0,0.0,0.0,0.0,0.0,0.0,0.0,0.0,0.0,0.0,0.0,0.3152450477777013,0.10879012128881338,0.22508868460531353,0.0,0.0,0.0,0.0,0.0,0.0,0.0,0.15788986252634565,0.0,0.0,0.0,0.0,0.0,0.0
545662ab4664c7f53a07fe08acabc621549198bdc37c8837ba092e50469d714c,0.0,0.0,0.0,0.0,0.0,0.0,0.0,0.0,0.0,0.0,0.0,0.0,0.0,0.0,0.0,0.0,0.0,0.0,0.0,0.0,0.0,0.0,0.0,0.0,0.0,0.0,0.0,0.0,0.0,0.0,0.0,0.0,0.0,0.0,0.3348776442082856,0.0,0.0,0.0,0.0,0.0,0.0,0.0,0.0,0.0,0.0,0.0,0.0,0.0,0.0,0.0,0.0,0.0,0.0,0.0,0.0,0.0,0.0,0.0,0.0,0.0,0.29716505402760995,0.0,0.0,0.41517389631165763,0.0,0.0,0.0,0.33430382573328793,0.0,0.0,0.0,0.0,0.0,0.0,0.0,0.1946846953642791,0.0,0.0,0.0,0.17811619998495873,0.0,0.0,0.0,0.0,0.0,0.0,0.0,0.0,0.0,0.0,0.0,0.0,0.0,0.0,0.0,0.0,0.0,0.0,0.0,0.0,0.0,0.0,0.0,0.0,0.0,0.0,0.32759094817503004,0.0,0.0,0.0,0.0,0.0,0.0,0.0,0.0,0.0,0.0,0.23668839038435724,0.2599636961715944,0.0,0.27507042609079757,0.0,0.0,0.0,0.0,0.0,0.0,0.0,0.0,0.0,0.0,0.0,0.0,0.0,0.0,0.0,0.0,0.0,0.0,0.0,0.0,0.0,0.0,0.0,0.0,0.2116963110591911,0.0,0.0,0.0,0.0,0.0,0.0,0.0,0.0,0.30724022599198225,0.0,0.0,0.0,0.0,0.0,0.0
576560ada2906c22ca777ac51ed6f2b99086b94bbe44d86b82abe7d77736ba6a,0.0,0.29250565924516775,0.0,0.0,0.0,0.0,0.0,0.0,0.0,0.0,0.2100536955599956,0.0,0.1367605406948553,0.0,0.0,0.0,0.0,0.0,0.0,0.0,0.0,0.19993984928304892,0.0,0.0,0.0,0.0,0.0,0.45267214808706646,0.0,0.0,0.0,0.0,0.0,0.0,0.0,0.0,0.0,0.0,0.0,0.0,0.0,0.0,0.0,0.0,0.0,0.0,0.0,0.0,0.0,0.0,0.0,0.0,0.0,0.0,0.0,0.0,0.0,0.0,0.0,0.0,0.0,0.0,0.0,0.0,0.26410664555731184,0.0,0.0,0.0,0.0,0.0,0.0,0.0,0.0,0.0,0.0,0.13001354270501106,0.0,0.0,0.0,0.11894883740022885,0.0,0.0,0.0,0.0,0.0,0.0,0.0,0.0,0.2849432656559321,0.0,0.0,0.0,0.0,0.0,0.0,0.0,0.0,0.0,0.0,0.0,0.0,0.0,0.0,0.0,0.0,0.0,0.2187704567667008,0.0,0.0,0.0,0.0,0.0,0.0,0.0,0.0,0.0,0.0,0.15806427974955836,0.17360789994671325,0.1538900240072777,0.18369641497768857,0.0,0.0,0.0,0.21589405411471682,0.0,0.0,0.0,0.0,0.0,0.0,0.0,0.0,0.0,0.0,0.0,0.0,0.0,0.0,0.0,0.0,0.0,0.264693759045349,0.0,0.0,0.1413741708195798,0.29250565924516775,0.0,0.0,0.0,0.0,0.0,0.0,0.0,0.20517992011628383,0.0,0.0,0.0,0.0,0.0,0.0
840652c07a9b27f66951cdc08854e164e7997811c1052e35204e5d2339c8e0a7,0.0,0.0,0.0,0.0,0.0,0.0,0.0,0.0,0.0,0.0,0.0,0.0,0.0,0.0,0.0,0.0,0.0,0.0,0.0,0.0,0.0,0.0,0.0,0.0,0.0,0.0,0.0,0.0,0.0,0.0,0.0,0.0,0.0,0.0,0.0,0.0,0.0,0.0,0.0,0.0,0.0,0.0,0.0,0.0,0.0,0.0,0.0,0.5390287887856866,0.0,0.0,0.0,0.0,0.0,0.0,0.0,0.0,0.0,0.0,0.0,0.0,0.0,0.0,0.0,0.0,0.4983353681653032,0.0,0.0,0.42125057742801647,0.0,0.0,0.0,0.0,0.0,0.0,0.0,0.24531888068798097,0.0,0.0,0.0,0.0,0.0,0.0,0.0,0.0,0.0,0.0,0.0,0.0,0.0,0.0,0.0,0.0,0.0,0.0,0.0,0.0,0.0,0.0,0.0,0.0,0.0,0.0,0.3456582787323242,0.0,0.0,0.0,0.0,0.0,0.0,0.0,0.0,0.0,0.0,0.0,0.0,0.0,0.32248531413717596,0.0,0.0,0.0,0.0,0.0,0.0,0.0,0.0,0.0,0.0,0.0,0.0,0.0,0.0,0.0,0.0,0.0,0.0,0.0,0.0,0.0,0.0,0.0,0.0,0.0,0.0,0.0,0.0,0.0,0.0,0.0,0.0,0.0,0.0,0.0,0.0,0.0,0.0,0.0,0.0,0.0,0.0,0.0,0.0
ae1b43ac2e83f34836b91215365c6edf54c8abdbb3140c8155b352c137b58d7c,0.0,0.0,0.0,0.0,0.0,0.0,0.0,0.0,0.0,0.0,0.0,0.0,0.0,0.0,0.0,0.0,0.0,0.0,0.0,0.0,0.0,0.0,0.0,0.0,0.0,0.0,0.0,0.0,0.0,0.0,0.0,0.0,0.0,0.0,0.0,0.0,0.0,0.0,0.0,0.0,0.0,0.0,0.23274065981506636,0.22000869380140742,0.0,0.0,0.0,0.0,0.0,0.0,0.0,0.0,0.0,0.0,0.0,0.0,0.0,0.0,0.0,0.0,0.0,0.0,0.0,0.0,0.0,0.0,0.0,0.0,0.0,0.0,0.0,0.0,0.0,0.0,0.0,0.12080236167607207,0.0,0.0,0.0,0.11052156704300702,0.0,0.0,0.0,0.0,0.0,0.0,0.0,0.0,0.0,0.0,0.0,0.0,0.0,0.0,0.0,0.0,0.0,0.0,0.0,0.0,0.0,0.0,0.0,0.0,0.0,0.0,0.20327103848199252,0.0,0.0,0.0,0.0,0.0,0.0,0.0,0.0,0.0,0.15880142386256,0.0,0.0,0.0,0.0,0.0,0.0,0.0,0.0,0.0,0.23087269887369383,0.0,0.0,0.0,0.0,0.5147926139558986,0.3252374857260903,0.0,0.0,0.0,0.0,0.0,0.0,0.0,0.0,0.0,0.0,0.0,0.0,0.13135811362167757,0.0,0.0,0.0,0.0,0.0,0.0,0.0,0.0,0.0,0.0,0.0,0.0,0.6022746139774772,0.0,0.0
8c8c8bbbdf007f634a2b365447095594ab345058ff7d45e3fcf98c7135769e6a,0.0,0.0,0.0,0.0,0.0,0.0,0.0,0.0,0.0,0.0,0.2155482469761593,0.0,0.14033790133374777,0.0,0.0,0.0,0.0,0.0,0.0,0.0,0.0,0.2051698443045455,0.0,0.0,0.0,0.0,0.0,0.0,0.0,0.0,0.0,0.0,0.0,0.0,0.0,0.0,0.0,0.0,0.0,0.0,0.0,0.0,0.2570393399531977,0.0,0.0,0.0,0.0,0.0,0.0,0.0,0.0,0.0,0.0,0.0,0.0,0.0,0.0,0.0,0.0,0.0,0.2036426242642732,0.0,0.0,0.0,0.0,0.0,0.0,0.0,0.0,0.0,0.0,0.0,0.0,0.0,0.0,0.0,0.0,0.0,0.7050933417747693,0.12206028231552091,0.0,0.0,0.0,0.0,0.0,0.0,0.0,0.0,0.0,0.0,0.0,0.0,0.0,0.0,0.0,0.0,0.0,0.0,0.0,0.17136865314609606,0.0,0.0,0.0,0.0,0.0,0.0,0.0,0.0,0.0,0.0,0.0,0.0,0.0,0.0,0.2817947458811288,0.0,0.0,0.1621989002323233,0.0,0.15791545496714932,0.0,0.0,0.0,0.0,0.0,0.0,0.0,0.0,0.0,0.0,0.0,0.0,0.0,0.0,0.0,0.0,0.0,0.0,0.0,0.0,0.0,0.0,0.0,0.21623468682315672,0.0,0.1450722140671161,0.0,0.0,0.0,0.0,0.0,0.0,0.0,0.0,0.21054698408360775,0.0,0.0,0.0,0.0,0.0,0.0
3885589a3c94d0475a6d994e4644e682f4cff93f8b4d65f37508ffe706861363,0.0,0.20752563094409282,0.24439341085473842,0.0,0.0,0.0,0.0,0.0,0.0,0.0,0.0,0.0,0.09702826799725925,0.0,0.0,0.0,0.0,0.18991557381196036,0.0,0.0,0.0,0.14185244648054451,0.0,0.0,0.0,0.0,0.0,0.0,0.0,0.0,0.0,0.0,0.0,0.0,0.0,0.3417465416953599,0.0,0.0,0.0,0.0,0.0,0.0,0.0,0.0,0.0,0.0,0.0,0.0,0.0,0.0,0.22977430335279417,0.0,0.2785464488544887,0.0,0.0,0.0,0.0,0.0,0.0,0.0,0.14079654131201902,0.0,0.0,0.19670902702538193,0.0,0.0,0.0,0.0,0.0,0.0,0.0,0.0,0.0,0.0,0.0,0.09224143748452932,0.0,0.0,0.0,0.08439129894187371,0.0,0.0,0.0,0.0,0.3053731108156075,0.2851960698726767,0.0,0.0,0.0,0.0,0.0,0.0,0.0,0.0,0.0,0.0,0.0,0.0,0.0,0.11848262975121353,0.0,0.0,0.0,0.0,0.0,0.0,0.0,0.0,0.0,0.0,0.0,0.0,0.0,0.0,0.19483016251290233,0.0,0.0,0.11214275125274382,0.12317057066961959,0.10918121861479672,0.13032812602254806,0.0,0.21274469995158732,0.29064733998860365,0.0,0.0,0.0,0.0,0.0,0.0,0.0,0.0,0.0,0.0,0.0,0.0,0.0,0.0,0.0,0.0,0.0,0.0,0.0,0.0,0.0,0.1003015260430929,0.0,0.0,0.0,0.0,0.0,0.0,0.0,0.0,0.14557014893001183,0.0,0.0,0.2570024472338983,0.0,0.0,0.0
4708750c9a6fdeaec5f499a3cd26bb5f61db4f82e66484dc7b44118effbb246f,0.0,0.0,0.0,0.0,0.32127584598579423,0.0,0.0,0.0,0.0,0.0,0.0,0.0,0.11560454934788918,0.0,0.0,0.0,0.0,0.0,0.0,0.0,0.0,0.0,0.0,0.0,0.0,0.0,0.0,0.0,0.0,0.0,0.0,0.0,0.0,0.0,0.0,0.0,0.0,0.0,0.0,0.0,0.0,0.0,0.0,0.0,0.0,0.0,0.0,0.0,0.0,0.0,0.2737651133953589,0.0,0.0,0.0,0.0,0.0,0.0,0.0,0.0,0.0,0.16775235757663107,0.0,0.0,0.0,0.0,0.0,0.0,0.18871752971476852,0.0,0.0,0.0,0.0,0.0,0.0,0.0,0.0,0.0,0.0,0.0,0.10054820398663496,0.0,0.0,0.0,0.0,0.0,0.0,0.0,0.0,0.0,0.0,0.0,0.0,0.0,0.0,0.0,0.0,0.0,0.0,0.0,0.1411663971815796,0.0,0.0,0.0,0.0,0.0,0.0,0.18492804968924575,0.0,0.0,0.0,0.0,0.0,0.0,0.0,0.23213083776076782,0.2642078111599305,0.0,0.13361273460608494,0.0,0.13008420984669614,0.0,0.0,0.25347515390823905,0.0,0.18249660834924974,0.0,0.2100389620087812,0.0,0.0,0.0,0.0,0.0,0.0,0.0,0.0,0.0,0.0,0.0,0.0,0.0,0.3726982726127806,0.0,0.0,0.17812517706192643,0.0,0.11950448004951358,0.0,0.26755440023021976,0.0,0.0,0.0,0.0,0.0,0.0,0.17343988316924802,0.0,0.0,0.30620614700263143,0.0,0.0,0.0
5be0bf531e818452411a456d779d953be7a50e9e6f290f458c0a3c8ba1ab26b2,0.0,0.0,0.0,0.0,0.0,0.0,0.0,0.0,0.0,0.0,0.0,0.0,0.1651734558389333,0.0,0.0,0.0,0.0,0.0,0.0,0.0,0.0,0.0,0.0,0.0,0.0,0.0,0.0,0.0,0.0,0.0,0.0,0.0,0.0,0.0,0.0,0.0,0.0,0.0,0.0,0.0,0.0,0.0,0.30252751154985696,0.2859778893295274,0.0,0.0,0.0,0.0,0.0,0.0,0.0,0.0,0.47417603672218683,0.0,0.0,0.0,0.0,0.0,0.0,0.0,0.0,0.0,0.0,0.0,0.0,0.0,0.0,0.2696358122254473,0.0,0.0,0.0,0.0,0.0,0.0,0.0,0.0,0.0,0.26689704175356227,0.0,0.14366125229978893,0.0,0.0,0.0,0.0,0.0,0.0,0.0,0.0,0.0,0.0,0.0,0.0,0.0,0.0,0.0,0.0,0.0,0.0,0.0,0.0,0.0,0.0,0.221250380966817,0.0,0.0,0.0,0.0,0.0,0.0,0.0,0.0,0.0,0.0,0.0,0.0,0.0,0.20641773392705828,0.0,0.20967609991481345,0.18586170364106108,0.0,0.0,0.0,0.0,0.0,0.0,0.30009944601238364,0.0,0.0,0.0,0.0,0.0,0.0,0.23651431291811062,0.0,0.0,0.0,0.0,0.0,0.0,0.0,0.0,0.0,0.2545016717179694,0.0,0.17074559841596262,0.0,0.0,0.0,0.0,0.0,0.0,0.0,0.0,0.0,0.0,0.0,0.0,0.0,0.0,0.0
0c0c9a19db1f89d94ddcd8af54fa631798e3ccc82743faae6d9818759f2dbcc1,0.0,0.22698754470399013,0.0,0.0,0.0,0.29493866768902605,0.0,0.0,0.0,0.0,0.0,0.0,0.0,0.0,0.0,0.0,0.0,0.2077260028292104,0.0,0.0,0.0,0.0,0.0,0.0,0.0,0.0,0.0,0.0,0.0,0.0,0.0,0.0,0.0,0.0,0.0,0.0,0.0,0.0,0.0,0.0,0.0,0.0,0.19438071846150157,0.0,0.0,0.0,0.0,0.0,0.0,0.0,0.0,0.0,0.0,0.0,0.0,0.29647462753751813,0.0,0.0,0.0,0.0,0.15400054956989312,0.0,0.0,0.0,0.0,0.0,0.0,0.0,0.0,0.0,0.0,0.0,0.0,0.0,0.0,0.0,0.0,0.0,0.0,0.09230558005799727,0.0,0.0,0.0,0.0,0.0,0.0,0.0,0.0,0.0,0.0,0.4649565576789199,0.4649565576789199,0.0,0.0,0.0,0.0,0.0,0.0,0.0,0.0,0.0,0.0,0.14215833724306834,0.0,0.0,0.0,0.16976823273570288,0.0,0.0,0.0,0.0,0.0,0.0,0.0,0.0,0.0,0.13262802850022526,0.12265958497467808,0.1347216018035775,0.0,0.0,0.0,0.0,0.0,0.0,0.0,0.19282063183920475,0.0,0.0,0.0,0.0,0.0,0.0,0.0,0.0,0.0,0.0,0.0,0.0,0.0,0.0,0.0,0.0,0.0,0.0,0.10970788053027744,0.0,0.0,0.0,0.0,0.0,0.0,0.0,0.0,0.0,0.0,0.0,0.28110433499298754,0.0,0.0,0.0
cc10c90381719811def4bc31ff3c8e32c483c0eeffcb149df0b071e5a60d517b,0.0,0.0,0.0,0.0,0.0,0.0,0.0,0.0,0.0,0.0,0.0,0.0,0.2846835355695543,0.0,0.0,0.0,0.0,0.0,0.0,0.0,0.0,0.0,0.0,0.0,0.0,0.0,0.0,0.0,0.0,0.0,0.0,0.0,0.0,0.0,0.0,0.0,0.0,0.0,0.0,0.0,0.0,0.0,0.0,0.0,0.0,0.0,0.0,0.0,0.0,0.0,0.0,0.0,0.0,0.0,0.0,0.0,0.0,0.0,0.0,0.0,0.0,0.0,0.0,0.0,0.0,0.0,0.0,0.4647288872817502,0.0,0.0,0.0,0.0,0.0,0.0,0.0,0.0,0.0,0.0,0.0,0.0,0.0,0.0,0.0,0.0,0.0,0.0,0.0,0.0,0.0,0.0,0.0,0.0,0.0,0.0,0.0,0.0,0.0,0.0,0.0,0.0,0.0,0.0,0.0,0.0,0.0,0.0,0.0,0.0,0.0,0.0,0.0,0.0,0.0,0.0,0.0,0.0,0.0,0.0,0.36138575139089796,0.32034061799320934,0.0,0.0,0.0,0.0,0.0,0.0,0.0,0.0,0.0,0.0,0.0,0.0,0.0,0.40764256261604936,0.0,0.0,0.0,0.0,0.0,0.0,0.0,0.0,0.5509919366022243,0.0,0.0,0.0,0.0,0.0,0.0,0.0,0.0,0.0,0.0,0.0,0.0,0.0,0.0,0.0,0.0,0.0,0.0
64578ffca840ebc3f791f1faa21252941d9fd384622d54a28226659ad05650a3,0.0,0.0,0.0,0.0,0.0,0.0,0.0,0.0,0.0,0.0,0.0,0.0,0.14709153556667554,0.0,0.0,0.0,0.0,0.0,0.0,0.0,0.0,0.0,0.0,0.0,0.0,0.0,0.0,0.0,0.0,0.0,0.0,0.0,0.0,0.0,0.24053030889771038,0.0,0.0,0.0,0.0,0.0,0.0,0.0,0.0,0.0,0.0,0.0,0.0,0.0,0.36211631610670625,0.0,0.0,0.0,0.0,0.0,0.0,0.4109099433695307,0.0,0.0,0.0,0.0,0.21344274087884102,0.0,0.0,0.0,0.284057461684561,0.0,0.5540366869343464,0.2401181561684092,0.0,0.0,0.0,0.0,0.0,0.0,0.0,0.0,0.0,0.0,0.0,0.1279343227086894,0.0,0.0,0.0,0.0,0.0,0.0,0.0,0.0,0.0,0.0,0.0,0.0,0.0,0.0,0.0,0.0,0.0,0.0,0.0,0.0,0.0,0.0,0.19702958998966508,0.0,0.0,0.0,0.0,0.0,0.0,0.0,0.0,0.0,0.0,0.0,0.0,0.0,0.0,0.0,0.0,0.0,0.0,0.0,0.0,0.0,0.0,0.0,0.0,0.0,0.0,0.0,0.0,0.0,0.0,0.0,0.0,0.0,0.0,0.0,0.0,0.0,0.0,0.0,0.0,0.22664078502895982,0.0,0.15205368280691328,0.0,0.0,0.0,0.0,0.0,0.0,0.0,0.0,0.0,0.0,0.0,0.0,0.0,0.0,0.0
5489562b8793f08bfaeaf4ff2e3d408b3f653f779269b98adc6e3e370ca79c7d,0.0,0.0,0.0,0.0,0.0,0.0,0.0,0.0,0.0,0.0,0.0,0.0,0.0,0.0,0.0,0.0,0.0,0.0,0.0,0.0,0.0,0.0,0.0,0.0,0.0,0.0,0.0,0.0,0.0,0.0,0.0,0.0,0.0,0.0,0.31353919825837034,0.0,0.0,0.0,0.0,0.0,0.0,0.0,0.0,0.0,0.0,0.0,0.0,0.0,0.0,0.0,0.0,0.0,0.0,0.0,0.0,0.0,0.0,0.0,0.0,0.0,0.2782296591057924,0.0,0.0,0.3887189629965157,0.0,0.0,0.0,0.3130019435693571,0.0,0.0,0.0,0.0,0.0,0.0,0.0,0.1822793618905327,0.0,0.0,0.0,0.16676661313759253,0.0,0.0,0.0,0.0,0.0,0.0,0.0,0.0,0.0,0.0,0.0,0.0,0.0,0.0,0.0,0.0,0.0,0.0,0.0,0.0,0.0,0.0,0.2568345750755533,0.0,0.0,0.0,0.3067168114202738,0.0,0.0,0.0,0.0,0.0,0.0,0.0,0.0,0.0,0.239616360204893,0.22160657613805385,0.24339877648932529,0.0,0.2575429036626121,0.0,0.0,0.0,0.0,0.0,0.0,0.0,0.0,0.0,0.0,0.0,0.0,0.0,0.0,0.0,0.0,0.0,0.0,0.0,0.0,0.0,0.0,0.0,0.0,0.19820699527636934,0.0,0.0,0.0,0.0,0.0,0.0,0.0,0.0,0.28766283983510893,0.0,0.0,0.0,0.0,0.0,0.0
0cbb472b555d4cab454948ba900675db48b120afaedf246a14d87d970b233a43,0.0,0.0,0.28143073936732454,0.0,0.3105156323889352,0.0,0.0,0.0,0.0,0.0,0.0,0.0,0.11173270632173488,0.0,0.0,0.0,0.0,0.0,0.0,0.0,0.0,0.0,0.0,0.0,0.0,0.0,0.0,0.0,0.0,0.0,0.0,0.0,0.0,0.0,0.0,0.0,0.0,0.0,0.0,0.0,0.0,0.0,0.0,0.0,0.0,0.0,0.0,0.0,0.0,0.0,0.26459613560786394,0.0,0.0,0.0,0.0,0.0,0.0,0.0,0.0,0.0,0.1621339731837345,0.0,0.0,0.0,0.0,0.0,0.0,0.18239697697302182,0.0,0.0,0.0,0.0,0.0,0.0,0.0,0.0,0.0,0.0,0.0,0.09718063009275255,0.0,0.0,0.0,0.0,0.0,0.0,0.0,0.0,0.0,0.0,0.0,0.0,0.0,0.0,0.0,0.0,0.0,0.0,0.0,0.13643843332948222,0.0,0.0,0.0,0.0,0.0,0.0,0.17873441471926785,0.0,0.0,0.0,0.0,0.0,0.0,0.0,0.22435628070043362,0.2553589278169693,0.0,0.1291377590310911,0.0,0.1257274120948011,0.0,0.0,0.24498573015719247,0.0,0.17638440753777918,0.0,0.20300430900540234,0.0,0.0,0.0,0.0,0.0,0.0,0.0,0.0,0.0,0.0,0.0,0.0,0.0,0.36021581222678806,0.0,0.0,0.17215938481170723,0.0,0.0,0.0,0.25859343247858874,0.0,0.0,0.0,0.0,0.0,0.0,0.1676310114086305,0.0,0.0,0.295950649779335,0.0,0.0,0.0
ae74817df2569f0619a180f569caf62d7ac5d5418f7a64cb4e21724f20d96dd6,0.0,0.0,0.0,0.0,0.0,0.0,0.3198389416114276,0.0,0.0,0.0,0.0,0.0,0.12020692019593376,0.0,0.0,0.0,0.31022504224517905,0.23528366213673055,0.0,0.0,0.0,0.0,0.0,0.0,0.0,0.31697854207896176,0.0,0.0,0.0,0.0,0.0,0.0,0.0,0.0,0.0,0.0,0.0,0.0,0.0,0.0,0.0,0.0,0.0,0.0,0.0,0.0,0.0,0.0,0.0,0.29270573965941404,0.0,0.0,0.0,0.0,0.0,0.0,0.0,0.0,0.0,0.0,0.17443080201983444,0.31839662092780574,0.0,0.0,0.0,0.0,0.0,0.0,0.0,0.0,0.0,0.0,0.0,0.0,0.0,0.11427658499247079,0.0,0.0,0.0,0.0,0.0,0.0,0.0,0.0,0.0,0.0,0.0,0.0,0.25045347306352006,0.0,0.0,0.0,0.0,0.0,0.0,0.0,0.0,0.0,0.0,0.0,0.0,0.0,0.0,0.0,0.0,0.0,0.0,0.0,0.0,0.0,0.0,0.0,0.0,0.0,0.24137227511482323,0.2747262754830677,0.15022292742601023,0.1389320352577231,0.15259424149866105,0.1352630352351996,0.161461633474902,0.0,0.0,0.0,0.0,0.0,0.0,0.0,0.0,0.0,0.0,0.0,0.30766806761590754,0.0,0.0,0.0,0.0,0.0,0.0,0.0,0.0,0.0,0.0,0.0,0.0,0.0,0.0,0.0,0.0,0.0,0.0,0.0,0.0,0.0,0.0,0.0,0.0,0.0,0.0,0.0,0.0
8022060ef633e157518037122a6003813cc0a3066d456a1164275a211efc8f5c,0.0,0.0,0.0,0.0,0.0,0.0,0.0,0.0,0.0,0.0,0.0,0.0,0.23577664648651636,0.0,0.0,0.0,0.0,0.0,0.0,0.0,0.0,0.0,0.0,0.0,0.0,0.0,0.0,0.0,0.0,0.0,0.0,0.0,0.0,0.0,0.0,0.0,0.0,0.0,0.0,0.0,0.0,0.0,0.0,0.0,0.0,0.0,0.0,0.0,0.0,0.0,0.0,0.0,0.0,0.0,0.0,0.0,0.0,0.0,0.0,0.0,0.0,0.0,0.0,0.0,0.0,0.0,0.0,0.0,0.0,0.0,0.0,0.0,0.0,0.0,0.0,0.22414474921692196,0.0,0.0,0.0,0.0,0.0,0.0,0.0,0.0,0.0,0.0,0.0,0.0,0.0,0.0,0.0,0.0,0.0,0.0,0.0,0.0,0.0,0.0,0.0,0.2879102934253528,0.0,0.0,0.0,0.0,0.0,0.0,0.0,0.0,0.0,0.0,0.0,0.0,0.0,0.0,0.0,0.0,0.2946507405410603,0.0,0.0,0.0,0.0,0.0,0.0,0.0,0.0,0.0,0.0,0.0,0.0,0.0,0.0,0.0,0.0,0.0,0.0,0.0,0.0,0.0,0.8511504616743079,0.0,0.0,0.0,0.0,0.0,0.0,0.0,0.0,0.0,0.0,0.0,0.0,0.0,0.0,0.0,0.0,0.0,0.0,0.0,0.0,0.0,0.0
83192912fec0c2f7c3e4e350f8722aea77fb085e78e577016675a1f0ee6a4efa,0.0,0.0,0.0,0.0,0.0,0.0,0.0,0.0,0.0,0.0,0.1872824457083519,0.0,0.12193476753382584,0.0,0.0,0.0,0.3146841991100009,0.0,0.0,0.0,0.0,0.178265009184728,0.0,0.4199511539055693,0.0,0.0,0.0,0.0,0.0,0.49398324682892386,0.0,0.0,0.0,0.0,0.0,0.0,0.0,0.0,0.0,0.0,0.0,0.0,0.0,0.211115322847115,0.0,0.0,0.0,0.25470432779536667,0.0,0.0,0.0,0.0,0.0,0.0,0.0,0.0,0.0,0.0,0.0,0.0,0.0,0.0,0.0,0.0,0.0,0.0,0.0,0.0,0.0,0.0,0.0,0.0,0.0,0.0,0.0,0.11591919003418383,0.24720290258940347,0.19702941115079234,0.0,0.10605397407120204,0.0,0.0,0.0,0.0,0.0,0.0,0.0,0.0,0.0,0.0,0.0,0.0,0.0,0.0,0.0,0.0,0.0,0.0,0.0,0.1488963187090866,0.0,0.0,0.16333201744151063,0.0,0.0,0.0,0.0,0.0,0.0,0.0,0.0,0.0,0.0,0.0,0.0,0.0,0.1523822231206367,0.0,0.0,0.0,0.0,0.0,0.0,0.0,0.1924896696566184,0.0,0.0,0.0,0.0,0.0,0.0,0.0,0.0,0.0,0.0,0.0,0.0,0.0,0.0,0.0,0.0,0.0,0.23599915452852024,0.0,0.0,0.0,0.0,0.0,0.0,0.0,0.0,0.0,0.0,0.0,0.0,0.0,0.0,0.0,0.0,0.0,0.0
571114066b38641901a6a70cf10fc8c0d64167b09c220c19acad7d15505455c0,0.0,0.0,0.0,0.0,0.0,0.0,0.0,0.0,0.0,0.0,0.30670730404787755,0.0,0.19968921101256532,0.0,0.0,0.0,0.0,0.0,0.0,0.0,0.0,0.2919396965707171,0.0,0.0,0.0,0.0,0.0,0.0,0.0,0.0,0.0,0.0,0.0,0.0,0.0,0.0,0.0,0.0,0.0,0.0,0.0,0.0,0.0,0.3457377506403867,0.0,0.0,0.0,0.0,0.0,0.0,0.0,0.0,0.0,0.0,0.0,0.0,0.0,0.0,0.0,0.0,0.0,0.0,0.0,0.0,0.0,0.0,0.0,0.0,0.0,0.0,0.0,0.0,0.0,0.0,0.0,0.18983766539531374,0.0,0.0,0.0,0.17368167287603567,0.0,0.0,0.0,0.0,0.0,0.0,0.0,0.0,0.0,0.0,0.0,0.0,0.0,0.0,0.0,0.0,0.0,0.0,0.0,0.24384340091881312,0.0,0.0,0.0,0.0,0.4549699787281828,0.0,0.0,0.0,0.0,0.0,0.0,0.0,0.0,0.0,0.0,0.0,0.0,0.0,0.0,0.0,0.0,0.0,0.0,0.0,0.0,0.0,0.0,0.0,0.0,0.0,0.0,0.0,0.0,0.0,0.0,0.0,0.0,0.0,0.0,0.0,0.0,0.0,0.0,0.0,0.0,0.0,0.0,0.0,0.0,0.0,0.0,0.5732630474623737,0.0,0.0,0.0,0.0,0.0,0.0,0.0,0.0,0.0
8642770995c3663ff3b46a3f8c946d38d475c0a2373c281aca3fae221c430ed5,0.0,0.0,0.0,0.0,0.0,0.0,0.0,0.0,0.0,0.0,0.0,0.0,0.0,0.0,0.0,0.0,0.0,0.5404393632707973,0.0,0.0,0.0,0.0,0.0,0.0,0.0,0.0,0.0,0.0,0.0,0.0,0.0,0.0,0.0,0.0,0.0,0.0,0.0,0.0,0.0,0.0,0.0,0.0,0.0,0.0,0.0,0.0,0.0,0.0,0.0,0.0,0.0,0.0,0.0,0.0,0.0,0.0,0.0,0.0,0.0,0.0,0.4006622080016379,0.0,0.0,0.0,0.0,0.0,0.0,0.0,0.0,0.0,0.0,0.0,0.0,0.0,0.0,0.0,0.0,0.0,0.0,0.0,0.0,0.0,0.0,0.0,0.0,0.0,0.0,0.0,0.0,0.0,0.0,0.0,0.0,0.0,0.0,0.0,0.0,0.0,0.0,0.3371639076045214,0.0,0.0,0.36985240276560893,0.0,0.0,0.0,0.4416848846734272,0.0,0.0,0.0,0.0,0.0,0.0,0.0,0.0,0.0,0.0,0.31912262836578104,0.0,0.0,0.0,0.0,0.0,0.0,0.0,0.0,0.0,0.0,0.0,0.0,0.0,0.0,0.0,0.0,0.0,0.0,0.0,0.0,0.0,0.0,0.0,0.0,0.0,0.0,0.0,0.0,0.0,0.0,0.0,0.0,0.0,0.0,0.0,0.0,0.0,0.0,0.0,0.0,0.0,0.0,0.0
640302971508d14f5c2b2f94d742b6e1d354500bb6fc79e84fd802613a847cf6,0.0,0.0,0.0,0.0,0.3887119292108745,0.0,0.0,0.0,0.0,0.0,0.0,0.0,0.0,0.0,0.0,0.0,0.0,0.0,0.0,0.0,0.0,0.0,0.0,0.0,0.0,0.0,0.0,0.0,0.0,0.0,0.0,0.0,0.0,0.0,0.0,0.0,0.0,0.0,0.0,0.0,0.0,0.0,0.2561824282539724,0.0,0.0,0.0,0.0,0.0,0.0,0.0,0.0,0.0,0.0,0.0,0.0,0.39073623453704937,0.0,0.0,0.0,0.0,0.0,0.0,0.0,0.0,0.0,0.0,0.0,0.0,0.0,0.0,0.0,0.0,0.0,0.0,0.0,0.13296964259524452,0.0,0.0,0.0,0.0,0.0,0.0,0.0,0.0,0.0,0.0,0.0,0.0,0.0,0.0,0.0,0.0,0.0,0.0,0.0,0.0,0.0,0.0,0.0,0.0,0.0,0.0,0.1873563814339399,0.0,0.0,0.0,0.0,0.0,0.0,0.6346927649813083,0.0,0.0,0.0,0.0,0.0,0.0,0.0,0.0,0.0,0.0,0.0,0.0,0.0,0.0,0.0,0.0,0.2541263252497761,0.0,0.0,0.0,0.0,0.0,0.0,0.0,0.0,0.0,0.0,0.0,0.0,0.0,0.0,0.0,0.0,0.0,0.0,0.1445885757357647,0.2991563198548027,0.0,0.0,0.0,0.0,0.0,0.0,0.0,0.0,0.0,0.0,0.0,0.0,0.0,0.0
0d8b03ccf47db19028069b9a0eab33121138fda2d66d8fb89db6aa28f4071c35,0.0,0.0,0.0,0.0,0.0,0.0,0.3053406657121851,0.0,0.0,0.0,0.0,0.0,0.1147579492694473,0.0,0.0,0.0,0.29616256370312255,0.22461827088994873,0.0,0.0,0.0,0.0,0.0,0.0,0.0,0.3026099278819335,0.0,0.0,0.0,0.0,0.0,0.0,0.0,0.0,0.0,0.0,0.0,0.0,0.0,0.0,0.0,0.0,0.0,0.0,0.0,0.0,0.0,0.0,0.0,0.2794374098259889,0.0,0.0,0.0,0.0,0.0,0.0,0.0,0.0,0.0,0.0,0.1665238664845045,0.3039637253199717,0.0,0.0,0.0,0.0,0.0,0.0,0.0,0.0,0.0,0.0,0.0,0.0,0.0,0.10909643572829225,0.0,0.0,0.0,0.0,0.0,0.0,0.0,0.0,0.0,0.0,0.0,0.0,0.23910043539367343,0.0,0.0,0.0,0.0,0.0,0.0,0.0,0.0,0.0,0.0,0.1401326015083,0.0,0.0,0.15371864604924673,0.0,0.0,0.0,0.0,0.0,0.0,0.0,0.0,0.0,0.0,0.0,0.2304308874857518,0.26227295344961804,0.14341333308067813,0.13263425623100003,0.14567715565934192,0.12913157171193856,0.15414258940394743,0.0,0.0,0.0,0.0,0.0,0.0,0.0,0.0,0.0,0.0,0.0,0.2937214965473305,0.0,0.0,0.0,0.0,0.0,0.0,0.0,0.0,0.0,0.0,0.1768207233036293,0.0,0.11862931983519004,0.0,0.0,0.0,0.0,0.0,0.0,0.0,0.0,0.0,0.0,0.0,0.0,0.0,0.0,0.0
a7bf19187e84d12c7fb6adb7fe37dbdfe83cf2d9a5c229f25733bb6dc7baef61,0.0,0.0,0.0,0.0,0.0,0.0,0.3053406657121851,0.0,0.0,0.0,0.0,0.0,0.1147579492694473,0.0,0.0,0.0,0.29616256370312255,0.22461827088994873,0.0,0.0,0.0,0.0,0.0,0.0,0.0,0.3026099278819335,0.0,0.0,0.0,0.0,0.0,0.0,0.0,0.0,0.0,0.0,0.0,0.0,0.0,0.0,0.0,0.0,0.0,0.0,0.0,0.0,0.0,0.0,0.0,0.2794374098259889,0.0,0.0,0.0,0.0,0.0,0.0,0.0,0.0,0.0,0.0,0.1665238664845045,0.3039637253199717,0.0,0.0,0.0,0.0,0.0,0.0,0.0,0.0,0.0,0.0,0.0,0.0,0.0,0.10909643572829225,0.0,0.0,0.0,0.0,0.0,0.0,0.0,0.0,0.0,0.0,0.0,0.0,0.23910043539367343,0.0,0.0,0.0,0.0,0.0,0.0,0.0,0.0,0.0,0.0,0.1401326015083,0.0,0.0,0.15371864604924673,0.0,0.0,0.0,0.0,0.0,0.0,0.0,0.0,0.0,0.0,0.0,0.2304308874857518,0.26227295344961804,0.14341333308067813,0.13263425623100003,0.14567715565934192,0.12913157171193856,0.15414258940394743,0.0,0.0,0.0,0.0,0.0,0.0,0.0,0.0,0.0,0.0,0.0,0.2937214965473305,0.0,0.0,0.0,0.0,0.0,0.0,0.0,0.0,0.0,0.0,0.1768207233036293,0.0,0.11862931983519004,0.0,0.0,0.0,0.0,0.0,0.0,0.0,0.0,0.0,0.0,0.0,0.0,0.0,0.0,0.0
a37ccbc6af443239e22c77957975a9d59ab79d1c58e1895f41b57fee993e0eff,0.0,0.0,0.0,0.0,0.0,0.0,0.0,0.0,0.0,0.0,0.0,0.0,0.0,0.0,0.0,0.0,0.0,0.0,0.0,0.0,0.0,0.0,0.0,0.0,0.0,0.0,0.0,0.0,0.0,0.0,0.0,0.0,0.0,0.0,0.31353919825837034,0.0,0.0,0.0,0.0,0.0,0.0,0.0,0.0,0.0,0.0,0.0,0.0,0.0,0.0,0.0,0.0,0.0,0.0,0.0,0.0,0.0,0.0,0.0,0.0,0.0,0.2782296591057924,0.0,0.0,0.3887189629965157,0.0,0.0,0.0,0.3130019435693571,0.0,0.0,0.0,0.0,0.0,0.0,0.0,0.1822793618905327,0.0,0.0,0.0,0.16676661313759253,0.0,0.0,0.0,0.0,0.0,0.0,0.0,0.0,0.0,0.0,0.0,0.0,0.0,0.0,0.0,0.0,0.0,0.0,0.0,0.0,0.0,0.0,0.2568345750755533,0.0,0.0,0.0,0.3067168114202738,0.0,0.0,0.0,0.0,0.0,0.0,0.0,0.0,0.0,0.239616360204893,0.22160657613805385,0.24339877648932529,0.0,0.2575429036626121,0.0,0.0,0.0,0.0,0.0,0.0,0.0,0.0,0.0,0.0,0.0,0.0,0.0,0.0,0.0,0.0,0.0,0.0,0.0,0.0,0.0,0.0,0.0,0.0,0.19820699527636934,0.0,0.0,0.0,0.0,0.0,0.0,0.0,0.0,0.28766283983510893,0.0,0.0,0.0,0.0,0.0,0.0
a43dab9c34af5a49a2a615e86db3e2bf4c5467853dd5bd4f1a1c73619b683ab2,0.0,0.0,0.0,0.0,0.35015153008073086,0.0,0.0,0.0,0.0,0.0,0.0,0.0,0.12599487432443524,0.0,0.0,0.0,0.0,0.0,0.0,0.0,0.0,0.0,0.0,0.0,0.0,0.0,0.0,0.0,0.0,0.0,0.0,0.0,0.0,0.0,0.0,0.0,0.0,0.0,0.0,0.0,0.0,0.0,0.0,0.0,0.0,0.0,0.0,0.0,0.0,0.0,0.2983706199386937,0.0,0.0,0.0,0.0,0.0,0.0,0.0,0.0,0.0,0.1828296319627604,0.0,0.0,0.0,0.0,0.0,0.0,0.2056791153406653,0.0,0.0,0.0,0.0,0.0,0.0,0.0,0.0,0.0,0.0,0.0,0.10958529224243772,0.0,0.0,0.0,0.0,0.0,0.0,0.0,0.0,0.0,0.0,0.0,0.0,0.0,0.0,0.0,0.0,0.0,0.0,0.0,0.15385417418307845,0.0,0.0,0.0,0.0,0.0,0.0,0.2015490437970802,0.0,0.0,0.0,0.0,0.0,0.0,0.0,0.0,0.2879543248981782,0.0,0.14562160226218787,0.15994164270175418,0.1417759401656904,0.0,0.0,0.2762570360871234,0.0,0.19889906896660756,0.0,0.22891687888418222,0.0,0.0,0.0,0.0,0.0,0.0,0.18041392293145558,0.0,0.0,0.0,0.0,0.0,0.0,0.0,0.0,0.0,0.19413474144860698,0.0,0.0,0.0,0.29160169925935275,0.0,0.0,0.0,0.0,0.0,0.0,0.18902834192963477,0.0,0.0,0.33372739417776665,0.0,0.0,0.0
a45bd4059d804b586397f43ee95232378d519c6b8978d334e07f6047435fe926,0.0,0.0,0.3235725268710513,0.0,0.0,0.0,0.0,0.0,0.0,0.0,0.0,0.0,0.0,0.0,0.0,0.0,0.0,0.0,0.0,0.0,0.0,0.0,0.0,0.0,0.0,0.0,0.0,0.0,0.0,0.0,0.0,0.0,0.0,0.0,0.0,0.0,0.0,0.0,0.0,0.0,0.0,0.0,0.0,0.22241938113729778,0.0,0.0,0.0,0.0,0.0,0.0,0.0,0.0,0.0,0.0,0.0,0.0,0.0,0.0,0.0,0.0,0.18641211515359915,0.0,0.0,0.260439251247983,0.0,0.0,0.0,0.0,0.0,0.0,0.0,0.0,0.0,0.0,0.3848119059329322,0.12212602174789189,0.0,0.0,0.0,0.11173257801448178,0.0,0.0,0.0,0.0,0.0,0.0,0.0,0.0,0.0,0.0,0.0,0.0,0.0,0.0,0.0,0.0,0.0,0.0,0.0,0.15686889333409398,0.0,0.0,0.0,0.0,0.0,0.0,0.0,0.0,0.0,0.0,0.0,0.0,0.0,0.37308512312418324,0.0,0.0,0.1605414486534548,0.1484750070233677,0.1630756436858555,0.14455399051265166,0.17255211960092448,0.0,0.28167019683961364,0.0,0.0,0.0,0.0,0.0,0.0,0.0,0.0,0.0,0.0,0.18394907114215078,0.0,0.0,0.0,0.0,0.0,0.0,0.0,0.0,0.0,0.0,0.3848119059329322,0.13279743556620066,0.0,0.0,0.0,0.0,0.0,0.0,0.0,0.0,0.0,0.0,0.0,0.0,0.0,0.0,0.0
8d3e8a01a81c542e1c45a5c7057960b0325241ac96eec1aed701c54df64e5298,0.0,0.0,0.0,0.0,0.0,0.0,0.0,0.0,0.0,0.0,0.3015763686964297,0.0,0.1963485914102126,0.0,0.0,0.0,0.0,0.0,0.0,0.0,0.0,0.28705580991442864,0.0,0.0,0.0,0.0,0.0,0.0,0.0,0.0,0.0,0.0,0.0,0.0,0.3210775328545043,0.0,0.0,0.0,0.0,0.0,0.0,0.0,0.0,0.3399538712750166,0.0,0.0,0.0,0.0,0.0,0.0,0.0,0.0,0.0,0.0,0.0,0.0,0.0,0.0,0.0,0.0,0.0,0.0,0.0,0.0,0.0,0.0,0.0,0.0,0.0,0.0,0.0,0.0,0.0,0.0,0.0,0.1866618532266505,0.0,0.0,0.0,0.17077613582655235,0.0,0.0,0.0,0.0,0.0,0.0,0.0,0.0,0.0,0.0,0.0,0.0,0.0,0.0,0.0,0.0,0.0,0.0,0.0,0.23976412171848374,0.0,0.0,0.0,0.0,0.4473587431400681,0.0,0.0,0.0,0.0,0.0,0.0,0.0,0.0,0.0,0.0,0.0,0.24537738883533483,0.0,0.0,0.0,0.0,0.0,0.0,0.0,0.3099614348107028,0.0,0.0,0.0,0.0,0.0,0.0,0.0,0.0,0.0,0.0,0.0,0.0,0.0,0.0,0.0,0.0,0.0,0.0,0.3025367756553827,0.0,0.0,0.0,0.0,0.0,0.0,0.0,0.0,0.0,0.0,0.0,0.0,0.0,0.0,0.0,0.0,0.0
a077a55608ced7cea2bd92e2ce7e43bf51076304990ec7bb40c2b384ce2e5283,0.0,0.3629543920926721,0.42743472921729325,0.0,0.0,0.0,0.0,0.0,0.0,0.0,0.0,0.0,0.169698730063071,0.0,0.0,0.0,0.0,0.0,0.0,0.0,0.47913400727218514,0.0,0.0,0.0,0.0,0.0,0.0,0.0,0.0,0.0,0.0,0.0,0.0,0.0,0.0,0.0,0.0,0.0,0.0,0.0,0.0,0.0,0.3108158890204118,0.0,0.0,0.0,0.0,0.0,0.0,0.0,0.0,0.0,0.0,0.0,0.0,0.0,0.0,0.0,0.0,0.0,0.0,0.0,0.0,0.0,0.0,0.0,0.0,0.0,0.0,0.0,0.0,0.0,0.0,0.0,0.0,0.0,0.0,0.0,0.0,0.14759715446238292,0.0,0.0,0.0,0.0,0.0,0.0,0.0,0.0,0.0,0.0,0.0,0.0,0.0,0.0,0.0,0.0,0.0,0.0,0.0,0.2072215882889089,0.0,0.0,0.2273120004987478,0.0,0.0,0.0,0.0,0.0,0.0,0.0,0.0,0.0,0.0,0.0,0.0,0.0,0.21207298189653773,0.0,0.0,0.0,0.0,0.0,0.3720823441932741,0.0,0.0,0.0,0.0,0.0,0.0,0.0,0.0,0.0,0.0,0.0,0.0,0.0,0.0,0.0,0.0,0.0,0.0,0.0,0.0,0.0,0.0,0.17542353320561904,0.0,0.0,0.0,0.0,0.0,0.0,0.0,0.0,0.0,0.0,0.0,0.0,0.0,0.0,0.0
a81d350afaf97cc038b3f20b46d4757150d7854df5e56780326f91bc7d4fd215,0.0,0.23372679530870238,0.2752493195841889,0.0,0.0,0.0,0.0,0.0,0.0,0.0,0.0,0.0,0.0,0.0,0.0,0.0,0.0,0.0,0.0,0.0,0.0,0.0,0.0,0.0,0.0,0.0,0.0,0.0,0.0,0.0,0.0,0.0,0.0,0.0,0.17869696139599145,0.0,0.0,0.0,0.0,0.0,0.0,0.0,0.20015187377376503,0.0,0.0,0.33172726733743013,0.0,0.0,0.0,0.0,0.25878447554946177,0.0,0.0,0.0,0.0,0.0,0.0,0.0,0.0,0.0,0.15857281937513007,0.0,0.0,0.22154454023715933,0.21103454902423946,0.0,0.0,0.0,0.0,0.0,0.0,0.0,0.0,0.0,0.0,0.10388738721018563,0.0,0.0,0.0,0.09504612882702952,0.0,0.0,0.0,0.0,0.0,0.3212035214288064,0.0,0.0,0.0,0.0,0.0,0.0,0.0,0.0,0.0,0.0,0.0,0.0,0.0,0.0,0.0,0.0,0.0,0.0,0.0,0.0,0.0,0.0,0.0,0.0,0.0,0.0,0.0,0.0,0.21942845954233947,0.0,0.0,0.12630134286625028,0.13872148046479024,0.1229659016991976,0.14678271351477096,0.0,0.23960479827184133,0.0,0.0,0.0,0.0,0.0,0.0,0.0,0.0,0.0,0.0,0.0,0.0,0.0,0.0,0.0,0.0,0.0,0.0,0.0,0.0,0.0,0.327343042069035,0.11296510286452287,0.23372679530870238,0.0,0.0,0.0,0.0,0.0,0.0,0.0,0.16394911918705662,0.0,0.0,0.0,0.0,0.0,0.0
0e49a7e27c826b6afb92d25bd287493693af46e42838270cf96ee2f27c2c0521,0.0,0.22469141219171768,0.0,0.0,0.0,0.0,0.0,0.0,0.0,0.0,0.16135503707265197,0.28210884148395093,0.10505410083390569,0.0,0.0,0.0,0.0,0.0,0.0,0.0,0.0,0.15358597575424388,0.0,0.0,0.0,0.0,0.0,0.0,0.0,0.0,0.0,0.0,0.0,0.0,0.0,0.0,0.0,0.0,0.0,0.0,0.0,0.3033219083252632,0.0,0.18188848728325857,0.2037811707552764,0.0,0.0,0.0,0.0,0.0,0.0,0.0,0.0,0.0,0.0,0.2934755861925822,0.3233737246716841,0.0,0.0,0.0,0.0,0.0,0.0,0.0,0.0,0.0,0.0,0.0,0.0,0.0,0.0,0.0,0.0,0.0,0.0,0.09987132074580445,0.0,0.0,0.0,0.09137184669517452,0.0,0.0,0.0,0.0,0.0,0.0,0.0,0.0,0.0,0.0,0.0,0.0,0.0,0.0,0.0,0.0,0.0,0.0,0.0,0.12828309099882,0.0,0.0,0.14072030952899237,0.0,0.0,0.0,0.16805091225785979,0.0,0.0,0.0,0.0,0.0,0.0,0.3050988107509236,0.0,0.0,0.13128640630383956,0.12141880032559309,0.1333588016974747,0.1182123002530721,0.14110840454302942,0.0,0.0,0.0,0.16584137219092873,0.0,0.19087012075552268,0.0,0.0,0.0,0.0,0.0,0.0,0.0,0.0,0.0,0.0,0.0,0.0,0.0,0.0,0.0,0.20332739773894215,0.0,0.0,0.1085981111300816,0.22469141219171768,0.0,0.0,0.0,0.0,0.0,0.0,0.0,0.15761119331257264,0.0,0.0,0.0,0.0,0.0,0.0
a89ff5da7c1c949768bd1f83fede6a02363ec8082b057aa34ea627d4ac81de8a,0.0,0.2218387630570678,0.26124932962096936,0.0,0.0,0.0,0.0,0.0,0.0,0.0,0.0,0.0,0.0,0.0,0.0,0.0,0.0,0.0,0.0,0.0,0.0,0.0,0.0,0.0,0.0,0.0,0.0,0.0,0.0,0.0,0.0,0.0,0.0,0.0,0.16960790835207823,0.0,0.0,0.0,0.0,0.0,0.0,0.0,0.0,0.0,0.0,0.31485464283733655,0.0,0.0,0.0,0.0,0.24562193598059873,0.0,0.0,0.0,0.0,0.0,0.0,0.0,0.0,0.0,0.15050733938395344,0.0,0.0,0.2102761333091718,0.2003007111615513,0.0,0.0,0.16931728234881602,0.0,0.0,0.0,0.0,0.0,0.0,0.0,0.0986033691408772,0.0,0.0,0.0,0.09021180316318608,0.0,0.0,0.0,0.0,0.3264348257419505,0.30486616559829127,0.0,0.0,0.0,0.0,0.0,0.0,0.0,0.0,0.0,0.0,0.0,0.0,0.0,0.0,0.0,0.0,0.0,0.0,0.0,0.0,0.0,0.0,0.0,0.0,0.0,0.0,0.0,0.0,0.20826768270235216,0.0,0.0,0.1198772850878701,0.1316656979577748,0.11671149426884442,0.13931691298496296,0.0,0.22741779350099386,0.0,0.0,0.0,0.0,0.0,0.0,0.0,0.0,0.0,0.0,0.0,0.0,0.0,0.0,0.0,0.0,0.0,0.0,0.0,0.0,0.0,0.31069341216106877,0.10721936547746401,0.2218387630570678,0.0,0.0,0.0,0.0,0.0,0.0,0.0,0.1556101847745578,0.0,0.0,0.0,0.0,0.0,0.0
a4552cb0f9bf9c8fe34a9556e588e0517465942b63e91a78f14b5f59d5533d62,0.0,0.0,0.0,0.0,0.0,0.0,0.0,0.0,0.0,0.0,0.0,0.0,0.0,0.0,0.0,0.0,0.0,0.0,0.0,0.0,0.0,0.0,0.0,0.0,0.0,0.0,0.0,0.0,0.0,0.0,0.0,0.0,0.0,0.0,0.3468012285132245,0.0,0.0,0.0,0.0,0.0,0.0,0.0,0.0,0.0,0.0,0.0,0.0,0.0,0.0,0.0,0.0,0.0,0.0,0.0,0.0,0.0,0.0,0.0,0.0,0.0,0.3077458516277511,0.0,0.0,0.4299564924015985,0.0,0.0,0.0,0.3462069787760011,0.0,0.0,0.0,0.0,0.0,0.0,0.0,0.20161659845845376,0.0,0.0,0.0,0.1844581686512071,0.0,0.0,0.0,0.0,0.0,0.0,0.0,0.0,0.0,0.0,0.0,0.0,0.0,0.0,0.0,0.0,0.0,0.0,0.0,0.0,0.0,0.0,0.0,0.0,0.0,0.0,0.33925508388446063,0.0,0.0,0.0,0.0,0.0,0.0,0.0,0.0,0.0,0.0,0.24511586837686503,0.0,0.0,0.28486452692736797,0.0,0.0,0.0,0.0,0.0,0.0,0.0,0.0,0.0,0.0,0.0,0.0,0.0,0.0,0.0,0.0,0.0,0.0,0.0,0.0,0.0,0.0,0.0,0.0,0.21923392623182072,0.0,0.0,0.0,0.0,0.0,0.0,0.0,0.0,0.3181797580862935,0.0,0.0,0.0,0.0,0.0,0.0
ab14f462141fd6d559fcf50dd92e7c7571a6ecf8986c9be7af85baf8f025bbe9,0.0,0.0,0.0,0.0,0.0,0.0,0.0,0.0,0.0,0.0,0.0,0.0,0.0,0.0,0.0,0.0,0.0,0.0,0.0,0.0,0.0,0.0,0.0,0.0,0.0,0.0,0.0,0.0,0.0,0.0,0.0,0.0,0.0,0.0,0.3468012285132245,0.0,0.0,0.0,0.0,0.0,0.0,0.0,0.0,0.0,0.0,0.0,0.0,0.0,0.0,0.0,0.0,0.0,0.0,0.0,0.0,0.0,0.0,0.0,0.0,0.0,0.3077458516277511,0.0,0.0,0.4299564924015985,0.0,0.0,0.0,0.3462069787760011,0.0,0.0,0.0,0.0,0.0,0.0,0.0,0.20161659845845376,0.0,0.0,0.0,0.1844581686512071,0.0,0.0,0.0,0.0,0.0,0.0,0.0,0.0,0.0,0.0,0.0,0.0,0.0,0.0,0.0,0.0,0.0,0.0,0.0,0.0,0.0,0.0,0.0,0.0,0.0,0.0,0.33925508388446063,0.0,0.0,0.0,0.0,0.0,0.0,0.0,0.0,0.0,0.0,0.24511586837686503,0.0,0.0,0.28486452692736797,0.0,0.0,0.0,0.0,0.0,0.0,0.0,0.0,0.0,0.0,0.0,0.0,0.0,0.0,0.0,0.0,0.0,0.0,0.0,0.0,0.0,0.0,0.0,0.0,0.21923392623182072,0.0,0.0,0.0,0.0,0.0,0.0,0.0,0.0,0.3181797580862935,0.0,0.0,0.0,0.0,0.0,0.0
ab87d234f01b7b659f928ae314a5b40a08fba1aef56ac5a82d2c4e7c599c8e4a,0.0,0.2168029020278573,0.25531882721545796,0.0,0.0,0.0,0.0,0.0,0.0,0.0,0.0,0.0,0.0,0.0,0.0,0.0,0.0,0.0,0.0,0.0,0.0,0.0,0.0,0.0,0.0,0.0,0.0,0.0,0.0,0.0,0.0,0.0,0.0,0.0,0.16575771623891533,0.0,0.0,0.0,0.0,0.0,0.0,0.0,0.0,0.0,0.0,0.307707270557215,0.0,0.0,0.0,0.0,0.24004618394214305,0.0,0.0,0.0,0.0,0.0,0.0,0.0,0.0,0.0,0.14709074061388713,0.0,0.0,0.20550275028759263,0.1957537756685774,0.0,0.0,0.16547368760458778,0.0,0.0,0.0,0.0,0.0,0.0,0.0,0.09636501883111792,0.0,0.16379292255433384,0.0,0.08816394598230452,0.0,0.0,0.0,0.0,0.31902457698795733,0.0,0.0,0.0,0.0,0.0,0.0,0.0,0.0,0.0,0.0,0.0,0.0,0.0,0.0,0.0,0.0,0.0,0.0,0.0,0.0,0.0,0.0,0.0,0.0,0.0,0.0,0.0,0.0,0.0,0.2035398926060156,0.0,0.0,0.1171560052721047,0.1286768147342473,0.0,0.1361543430033119,0.3142795471543666,0.22225528543496176,0.0,0.0,0.0,0.0,0.0,0.0,0.0,0.0,0.0,0.0,0.14514724586028693,0.0,0.0,0.0,0.0,0.0,0.0,0.0,0.0,0.0,0.0,0.30364050208902754,0.10478542734715746,0.2168029020278573,0.0,0.0,0.0,0.0,0.0,0.0,0.0,0.15207774862834264,0.0,0.0,0.0,0.0,0.0,0.0
abd588d76d00b02c96389c74527043e707f68ed1c99a933d016bdbbcd25c129c,0.0,0.0,0.0,0.0,0.0,0.0,0.0,0.0,0.0,0.0,0.0,0.0,0.0,0.0,0.0,0.0,0.0,0.0,0.0,0.0,0.0,0.0,0.0,0.0,0.0,0.0,0.0,0.0,0.0,0.0,0.0,0.0,0.0,0.0,0.3468012285132245,0.0,0.0,0.0,0.0,0.0,0.0,0.0,0.0,0.0,0.0,0.0,0.0,0.0,0.0,0.0,0.0,0.0,0.0,0.0,0.0,0.0,0.0,0.0,0.0,0.0,0.3077458516277511,0.0,0.0,0.4299564924015985,0.0,0.0,0.0,0.3462069787760011,0.0,0.0,0.0,0.0,0.0,0.0,0.0,0.20161659845845376,0.0,0.0,0.0,0.1844581686512071,0.0,0.0,0.0,0.0,0.0,0.0,0.0,0.0,0.0,0.0,0.0,0.0,0.0,0.0,0.0,0.0,0.0,0.0,0.0,0.0,0.0,0.0,0.0,0.0,0.0,0.0,0.33925508388446063,0.0,0.0,0.0,0.0,0.0,0.0,0.0,0.0,0.0,0.0,0.24511586837686503,0.0,0.0,0.28486452692736797,0.0,0.0,0.0,0.0,0.0,0.0,0.0,0.0,0.0,0.0,0.0,0.0,0.0,0.0,0.0,0.0,0.0,0.0,0.0,0.0,0.0,0.0,0.0,0.0,0.21923392623182072,0.0,0.0,0.0,0.0,0.0,0.0,0.0,0.0,0.3181797580862935,0.0,0.0,0.0,0.0,0.0,0.0
ac457fc7c907ca04a4aa2e243d4b5120c58d338b44771c84e0d282d625d463a0,0.0,0.24474595205303476,0.28822607474083695,0.0,0.0,0.0,0.0,0.0,0.0,0.0,0.0,0.0,0.11443056801713188,0.0,0.0,0.0,0.0,0.0,0.0,0.0,0.0,0.1672940923344836,0.0,0.0,0.0,0.0,0.0,0.0,0.0,0.0,0.0,0.0,0.0,0.0,0.0,0.0,0.0,0.0,0.0,0.0,0.0,0.0,0.0,0.0,0.0,0.3473667011915258,0.0,0.0,0.0,0.0,0.27098498809793975,0.0,0.0,0.0,0.0,0.0,0.0,0.0,0.0,0.0,0.16604880752521534,0.0,0.0,0.23198935899018236,0.0,0.0,0.0,0.0,0.0,0.0,0.0,0.0,0.0,0.0,0.0,0.10878520563068902,0.0,0.0,0.0,0.09952712207431105,0.0,0.0,0.0,0.0,0.36014265995942113,0.0,0.0,0.0,0.0,0.0,0.0,0.0,0.0,0.0,0.0,0.0,0.0,0.0,0.0,0.0,0.0,0.0,0.0,0.0,0.0,0.0,0.18305007793905792,0.0,0.0,0.0,0.0,0.0,0.0,0.0,0.22977351470245022,0.0,0.0,0.13225587748529,0.14526156815575622,0.12876318541774598,0.15370285172759945,0.0,0.250901076156302,0.3427757796161406,0.0,0.0,0.0,0.0,0.0,0.0,0.0,0.0,0.0,0.0,0.0,0.0,0.0,0.0,0.0,0.0,0.0,0.0,0.0,0.0,0.0,0.11829089434452723,0.0,0.0,0.0,0.0,0.0,0.0,0.0,0.0,0.17167857545257084,0.0,0.0,0.0,0.0,0.0,0.0
ad4c0c2aa1ff6cf57a3bbc64e49e07b23573aecea8204f78ca820fde717575f4,0.0,0.0,0.0,0.0,0.0,0.0,0.0,0.0,0.0,0.0,0.0,0.0,0.0,0.0,0.0,0.0,0.0,0.0,0.0,0.0,0.0,0.0,0.0,0.0,0.0,0.0,0.0,0.0,0.0,0.0,0.0,0.0,0.0,0.0,0.3348776442082856,0.0,0.0,0.0,0.0,0.0,0.0,0.0,0.0,0.0,0.0,0.0,0.0,0.0,0.0,0.0,0.0,0.0,0.0,0.0,0.0,0.0,0.0,0.0,0.0,0.0,0.29716505402760995,0.0,0.0,0.41517389631165763,0.0,0.0,0.0,0.33430382573328793,0.0,0.0,0.0,0.0,0.0,0.0,0.0,0.1946846953642791,0.0,0.0,0.0,0.17811619998495873,0.0,0.0,0.0,0.0,0.0,0.0,0.0,0.0,0.0,0.0,0.0,0.0,0.0,0.0,0.0,0.0,0.0,0.0,0.0,0.0,0.0,0.0,0.0,0.0,0.0,0.0,0.32759094817503004,0.0,0.0,0.0,0.0,0.0,0.0,0.0,0.0,0.0,0.0,0.23668839038435724,0.2599636961715944,0.0,0.27507042609079757,0.0,0.0,0.0,0.0,0.0,0.0,0.0,0.0,0.0,0.0,0.0,0.0,0.0,0.0,0.0,0.0,0.0,0.0,0.0,0.0,0.0,0.0,0.0,0.0,0.2116963110591911,0.0,0.0,0.0,0.0,0.0,0.0,0.0,0.0,0.30724022599198225,0.0,0.0,0.0,0.0,0.0,0.0
8e57f4355c28fcb5fba9768415171d9499a24e960de241dedd246e8beb1f0d62,0.0,0.0,0.0,0.0,0.0,0.0,0.0,0.0,0.0,0.0,0.20695966635273458,0.0,0.13474609812014787,0.0,0.0,0.0,0.0,0.0,0.0,0.0,0.0,0.19699479405929818,0.0,0.0,0.0,0.0,0.0,0.0,0.0,0.0,0.0,0.0,0.0,0.0,0.22034252670446086,0.0,0.0,0.0,0.0,0.0,0.0,0.0,0.0,0.23329659441990241,0.0,0.0,0.0,0.28146536905661446,0.0,0.0,0.0,0.0,0.0,0.0,0.0,0.0,0.0,0.0,0.2602164322810943,0.0,0.0,0.0,0.0,0.0,0.0,0.0,0.0,0.0,0.0,0.0,0.0,0.0,0.0,0.0,0.4036307748332746,0.1280984814279583,0.27317579097082967,0.2177307170419191,0.0,0.11719675598073805,0.0,0.0,0.0,0.0,0.0,0.0,0.0,0.0,0.0,0.0,0.0,0.0,0.0,0.0,0.0,0.0,0.0,0.0,0.0,0.16454042088477902,0.0,0.0,0.0,0.0,0.3070042146221495,0.0,0.0,0.0,0.0,0.0,0.0,0.0,0.0,0.0,0.0,0.0,0.16839257911147906,0.0,0.0,0.0,0.0,0.0,0.0,0.0,0.21271399814224703,0.0,0.24481675456145022,0.0,0.0,0.0,0.0,0.0,0.0,0.19294492964026916,0.0,0.0,0.0,0.0,0.0,0.0,0.0,0.0,0.0,0.20761875481064967,0.0,0.0,0.0,0.0,0.0,0.0,0.0,0.0,0.0,0.0,0.0,0.0,0.0,0.0,0.0,0.0,0.0
c2d46d256b8f9490c9599eea11ecef19fde7d4fdd2dea93604cee3cea8e172ac,0.0,0.3014144792063195,0.35496199828001956,0.0,0.0,0.0,0.0,0.0,0.0,0.0,0.0,0.0,0.14092584483968565,0.0,0.0,0.0,0.0,0.0,0.0,0.0,0.0,0.0,0.0,0.0,0.0,0.0,0.0,0.0,0.0,0.0,0.0,0.0,0.0,0.0,0.23044791027825764,0.0,0.0,0.0,0.0,0.0,0.0,0.0,0.0,0.24399607948224689,0.0,0.0,0.0,0.0,0.0,0.0,0.3337289069548,0.0,0.0,0.0,0.0,0.0,0.0,0.0,0.0,0.0,0.2044957819453446,0.0,0.0,0.0,0.0,0.0,0.0,0.0,0.0,0.0,0.0,0.0,0.0,0.0,0.0,0.0,0.0,0.0,0.0,0.12257165201421466,0.0,0.0,0.0,0.0,0.0,0.0,0.0,0.0,0.0,0.0,0.0,0.0,0.0,0.0,0.0,0.0,0.0,0.0,0.0,0.0,0.0,0.0,0.18877062722024568,0.0,0.0,0.0,0.0,0.0,0.0,0.0,0.0,0.0,0.0,0.0,0.0,0.0,0.17611542602783864,0.0,0.17889546097527634,0.1585770393670354,0.0,0.0,0.3089947619871948,0.0,0.0,0.0,0.0,0.0,0.0,0.0,0.0,0.0,0.0,0.0,0.0,0.0,0.0,0.0,0.0,0.0,0.0,0.0,0.0,0.0,0.0,0.1456799919043373,0.3014144792063195,0.32615783812756644,0.0,0.0,0.0,0.0,0.0,0.0,0.21142906747526663,0.0,0.0,0.0,0.0,0.0,0.0
ad4f74c0c3ac37e6f1cf600a96ae203c38341d263dbac0741e602686794c4f5a,0.0,0.0,0.0,0.0,0.0,0.0,0.0,0.0,0.0,0.0,0.30159905414007726,0.0,0.1963633613171684,0.0,0.0,0.0,0.0,0.0,0.0,0.0,0.0,0.2870774030797939,0.0,0.0,0.0,0.0,0.4122955141309281,0.0,0.0,0.0,0.0,0.0,0.0,0.0,0.0,0.0,0.0,0.0,0.0,0.0,0.0,0.0,0.0,0.0,0.38090046314250336,0.0,0.0,0.0,0.0,0.0,0.0,0.0,0.0,0.0,0.0,0.0,0.0,0.0,0.3792092982693704,0.0,0.0,0.0,0.0,0.0,0.0,0.0,0.0,0.0,0.0,0.0,0.0,0.0,0.0,0.0,0.0,0.18667589446924132,0.0,0.0,0.0,0.170788982099695,0.0,0.0,0.0,0.0,0.0,0.0,0.0,0.0,0.0,0.0,0.0,0.0,0.0,0.0,0.0,0.0,0.0,0.0,0.0,0.0,0.0,0.0,0.0,0.0,0.0,0.0,0.0,0.0,0.0,0.0,0.0,0.0,0.0,0.0,0.0,0.0,0.0,0.0,0.0,0.22095819622907906,0.0,0.0,0.0,0.0,0.3099847510031907,0.0,0.0,0.0,0.0,0.0,0.0,0.0,0.0,0.28117559960426575,0.0,0.0,0.0,0.0,0.0,0.0,0.0,0.0,0.0,0.0,0.0,0.20298769838517128,0.0,0.0,0.0,0.0,0.0,0.0,0.0,0.0,0.0,0.0,0.0,0.0,0.0,0.0,0.0
aef8910dddfc1c5c009db13160c82aae5af66692effb41469c6490e774a420e3,0.0,0.0,0.0,0.0,0.0,0.0,0.0,0.0,0.0,0.0,0.0,0.0,0.24898780413267682,0.0,0.0,0.0,0.0,0.0,0.0,0.0,0.0,0.0,0.0,0.0,0.0,0.0,0.0,0.0,0.0,0.0,0.0,0.0,0.0,0.0,0.0,0.0,0.0,0.0,0.0,0.0,0.0,0.0,0.0,0.0,0.0,0.0,0.0,0.0,0.0,0.0,0.0,0.0,0.0,0.0,0.0,0.0,0.0,0.0,0.0,0.0,0.0,0.0,0.0,0.0,0.48083557874260446,0.0,0.0,0.4064577353579845,0.0,0.0,0.0,0.0,0.0,0.0,0.0,0.23670414244602703,0.0,0.0,0.0,0.21655961345239066,0.0,0.0,0.0,0.0,0.0,0.0,0.0,0.0,0.0,0.0,0.0,0.0,0.0,0.0,0.0,0.0,0.0,0.0,0.0,0.0,0.0,0.0,0.0,0.0,0.0,0.0,0.0,0.0,0.0,0.0,0.0,0.0,0.0,0.0,0.0,0.0,0.31116076153700517,0.287773635046298,0.0,0.0,0.33443979352488945,0.0,0.0,0.0,0.0,0.0,0.0,0.0,0.0,0.0,0.0,0.0,0.0,0.0,0.0,0.0,0.0,0.0,0.0,0.0,0.0,0.0,0.0,0.3836440429686526,0.0,0.0,0.0,0.0,0.0,0.0,0.0,0.0,0.0,0.0,0.0,0.0,0.0,0.0,0.0,0.0,0.0
af91835cc8d20744eded46f50e68742609de8f60754456ac047f0cb236959d91,0.0,0.0,0.0,0.0,0.0,0.0,0.0,0.0,0.0,0.0,0.0,0.0,0.0,0.0,0.0,0.0,0.0,0.0,0.0,0.0,0.0,0.0,0.0,0.0,0.0,0.0,0.0,0.0,0.0,0.0,0.0,0.0,0.0,0.0,0.3468012285132245,0.0,0.0,0.0,0.0,0.0,0.0,0.0,0.0,0.0,0.0,0.0,0.0,0.0,0.0,0.0,0.0,0.0,0.0,0.0,0.0,0.0,0.0,0.0,0.0,0.0,0.3077458516277511,0.0,0.0,0.4299564924015985,0.0,0.0,0.0,0.3462069787760011,0.0,0.0,0.0,0.0,0.0,0.0,0.0,0.20161659845845376,0.0,0.0,0.0,0.1844581686512071,0.0,0.0,0.0,0.0,0.0,0.0,0.0,0.0,0.0,0.0,0.0,0.0,0.0,0.0,0.0,0.0,0.0,0.0,0.0,0.0,0.0,0.0,0.0,0.0,0.0,0.0,0.33925508388446063,0.0,0.0,0.0,0.0,0.0,0.0,0.0,0.0,0.0,0.0,0.24511586837686503,0.0,0.0,0.28486452692736797,0.0,0.0,0.0,0.0,0.0,0.0,0.0,0.0,0.0,0.0,0.0,0.0,0.0,0.0,0.0,0.0,0.0,0.0,0.0,0.0,0.0,0.0,0.0,0.0,0.21923392623182072,0.0,0.0,0.0,0.0,0.0,0.0,0.0,0.0,0.3181797580862935,0.0,0.0,0.0,0.0,0.0,0.0
afe1274014f8b9221aba0dbab08fd3cc7bb8a436745e65697fb8c88ac37fbb82,0.0,0.0,0.0,0.0,0.4367910499003258,0.0,0.0,0.0,0.0,0.0,0.0,0.0,0.15717033544174766,0.0,0.0,0.0,0.0,0.0,0.0,0.0,0.0,0.0,0.0,0.0,0.0,0.0,0.0,0.0,0.0,0.0,0.0,0.0,0.0,0.0,0.0,0.0,0.0,0.0,0.0,0.0,0.0,0.0,0.2878691992556864,0.0,0.0,0.0,0.0,0.0,0.0,0.0,0.0,0.0,0.4512008686355633,0.0,0.0,0.0,0.0,0.0,0.0,0.0,0.0,0.0,0.0,0.0,0.0,0.0,0.0,0.0,0.0,0.0,0.0,0.0,0.0,0.0,0.0,0.0,0.0,0.0,0.0,0.136700458916094,0.0,0.0,0.0,0.0,0.0,0.0,0.0,0.0,0.0,0.0,0.0,0.0,0.0,0.0,0.0,0.0,0.0,0.0,0.0,0.0,0.0,0.0,0.21053017518189177,0.0,0.0,0.0,0.0,0.0,0.0,0.0,0.0,0.0,0.0,0.45645512215097195,0.0,0.0,0.0,0.0,0.0,0.0,0.0,0.0,0.34461251906289236,0.0,0.0,0.0,0.2855587803505364,0.0,0.0,0.0,0.0,0.0,0.0,0.0,0.0,0.0,0.0,0.0,0.0,0.0,0.0,0.0,0.0,0.0,0.0,0.1624724919747861,0.0,0.0,0.0,0.0,0.0,0.0,0.0,0.0,0.0,0.0,0.0,0.0,0.0,0.0,0.0
b0d40d54b6d1eba59601e3bc381aa37a5a8127013d3f2afc115c325aecab27ba,0.0,0.0,0.0,0.0,0.0,0.0,0.0,0.0,0.0,0.0,0.0,0.0,0.0,0.0,0.0,0.0,0.0,0.0,0.0,0.0,0.0,0.0,0.0,0.0,0.0,0.0,0.0,0.0,0.0,0.0,0.0,0.0,0.0,0.0,0.3468012285132245,0.0,0.0,0.0,0.0,0.0,0.0,0.0,0.0,0.0,0.0,0.0,0.0,0.0,0.0,0.0,0.0,0.0,0.0,0.0,0.0,0.0,0.0,0.0,0.0,0.0,0.3077458516277511,0.0,0.0,0.4299564924015985,0.0,0.0,0.0,0.3462069787760011,0.0,0.0,0.0,0.0,0.0,0.0,0.0,0.20161659845845376,0.0,0.0,0.0,0.1844581686512071,0.0,0.0,0.0,0.0,0.0,0.0,0.0,0.0,0.0,0.0,0.0,0.0,0.0,0.0,0.0,0.0,0.0,0.0,0.0,0.0,0.0,0.0,0.0,0.0,0.0,0.0,0.33925508388446063,0.0,0.0,0.0,0.0,0.0,0.0,0.0,0.0,0.0,0.0,0.24511586837686503,0.0,0.0,0.28486452692736797,0.0,0.0,0.0,0.0,0.0,0.0,0.0,0.0,0.0,0.0,0.0,0.0,0.0,0.0,0.0,0.0,0.0,0.0,0.0,0.0,0.0,0.0,0.0,0.0,0.21923392623182072,0.0,0.0,0.0,0.0,0.0,0.0,0.0,0.0,0.3181797580862935,0.0,0.0,0.0,0.0,0.0,0.0
b0fbcec8c22a53492e24e3cd38e32af4f2d3399b1ef71f6cef6d58bc692957f1,0.0,0.22218915680576676,0.2616619722569519,0.0,0.0,0.0,0.0,0.0,0.0,0.0,0.0,0.0,0.0,0.0,0.0,0.0,0.0,0.0,0.0,0.0,0.0,0.0,0.0,0.0,0.0,0.0,0.0,0.0,0.0,0.0,0.0,0.0,0.0,0.0,0.1698758036017519,0.0,0.0,0.0,0.0,0.0,0.0,0.0,0.0,0.0,0.0,0.3153519549259847,0.0,0.0,0.0,0.0,0.2460098951890117,0.0,0.0,0.0,0.0,0.0,0.0,0.0,0.0,0.0,0.15074506533466964,0.0,0.0,0.21060826391428686,0.20061708561335487,0.0,0.0,0.16958471855547416,0.0,0.0,0.0,0.0,0.0,0.0,0.0,0.09875911290572469,0.0,0.0,0.0,0.09035429247141896,0.0,0.0,0.0,0.0,0.3269504286993479,0.0,0.0,0.0,0.0,0.0,0.0,0.0,0.0,0.0,0.0,0.0,0.0,0.0,0.0,0.0,0.0,0.0,0.0,0.0,0.0,0.0,0.0,0.0,0.0,0.0,0.0,0.0,0.0,0.0,0.20859664096496267,0.0,0.0,0.12006663094756995,0.13187366358491193,0.0,0.13953696368631585,0.3220875132684084,0.22777699931375417,0.0,0.0,0.0,0.0,0.0,0.0,0.0,0.0,0.0,0.0,0.0,0.0,0.0,0.0,0.0,0.0,0.0,0.0,0.0,0.0,0.0,0.31118415159669743,0.10738871818609369,0.22218915680576676,0.0,0.0,0.0,0.0,0.0,0.0,0.0,0.15585597065628334,0.0,0.0,0.0,0.0,0.0,0.0
b6b2c1f4bbe4259e0279a0c3db98a69db12ab6ae0b549085c714f1497f3c8300,0.0,0.0,0.0,0.0,0.3555646459721009,0.0,0.0,0.0,0.0,0.0,0.0,0.0,0.12794267348521435,0.0,0.0,0.0,0.0,0.0,0.0,0.0,0.0,0.0,0.0,0.0,0.0,0.0,0.0,0.0,0.0,0.0,0.0,0.0,0.0,0.0,0.0,0.0,0.0,0.0,0.0,0.0,0.0,0.0,0.2343365550713038,0.0,0.0,0.0,0.0,0.0,0.0,0.0,0.3029832364934056,0.0,0.0,0.0,0.0,0.0,0.0,0.0,0.0,0.0,0.18565605966953858,0.0,0.0,0.0,0.0,0.0,0.0,0.0,0.0,0.0,0.0,0.0,0.0,0.0,0.0,0.0,0.0,0.0,0.0,0.11127940989133447,0.0,0.0,0.0,0.0,0.0,0.0,0.0,0.0,0.0,0.0,0.0,0.0,0.0,0.0,0.0,0.0,0.0,0.0,0.0,0.15623266007754824,0.0,0.0,0.0,0.0,0.0,0.0,0.20466486148782928,0.0,0.0,0.0,0.0,0.0,0.0,0.0,0.0,0.2924059122773214,0.0,0.14787281792630472,0.0,0.1439677043843071,0.0,0.0,0.2805277909565972,0.0,0.20197391976264326,0.0,0.23245578558153435,0.0,0.0,0.0,0.0,0.0,0.0,0.0,0.0,0.0,0.0,0.0,0.0,0.0,0.0,0.0,0.0,0.19713593882666836,0.0,0.1322588320030885,0.0,0.2961096726840223,0.0,0.0,0.0,0.0,0.0,0.0,0.19195059767811806,0.0,0.0,0.3388866035646074,0.0,0.0,0.0
b54d6dc708eade0818fcf91e59c7dbe37267abbe43a1672fb5f1c126e021ad7d,0.0,0.0,0.0,0.0,0.0,0.0,0.0,0.0,0.0,0.0,0.0,0.0,0.0,0.0,0.0,0.0,0.0,0.4273872117279186,0.0,0.0,0.0,0.0,0.0,0.0,0.0,0.0,0.0,0.0,0.0,0.0,0.0,0.0,0.0,0.0,0.0,0.0,0.0,0.0,0.0,0.0,0.0,0.0,0.3999298698547364,0.0,0.0,0.0,0.0,0.0,0.0,0.0,0.0,0.0,0.0,0.0,0.0,0.0,0.0,0.0,0.0,0.0,0.3168494294831174,0.0,0.0,0.0,0.0,0.0,0.0,0.0,0.0,0.0,0.0,0.0,0.0,0.0,0.0,0.0,0.0,0.0,0.0,0.1899147143381519,0.0,0.0,0.0,0.0,0.0,0.0,0.0,0.0,0.0,0.0,0.0,0.0,0.0,0.0,0.0,0.0,0.0,0.0,0.0,0.2666340613945661,0.0,0.0,0.29248459292862555,0.0,0.0,0.0,0.34929075147391947,0.0,0.0,0.0,0.0,0.0,0.0,0.0,0.0,0.0,0.0,0.25236675861487107,0.0,0.0,0.0,0.0,0.0,0.0,0.0,0.0,0.0,0.0,0.0,0.0,0.0,0.0,0.0,0.0,0.0,0.0,0.0,0.0,0.0,0.0,0.0,0.0,0.4226122821784918,0.0,0.0,0.0,0.0,0.0,0.0,0.0,0.0,0.0,0.0,0.0,0.0,0.0,0.0,0.0,0.0,0.0,0.0
b535d4dc180f666de891979e5d9d090c27d1eb0f252423c0b1911f1f0b9fc5b2,0.0,0.22055423202297164,0.25973659637764246,0.0,0.0,0.0,0.0,0.0,0.0,0.0,0.0,0.0,0.10311976903913005,0.0,0.0,0.0,0.0,0.0,0.0,0.0,0.0,0.0,0.0,0.0,0.0,0.0,0.0,0.0,0.0,0.0,0.0,0.0,0.0,0.0,0.0,0.0,0.0,0.0,0.0,0.0,0.0,0.0,0.0,0.0,0.0,0.31303151438863625,0.0,0.0,0.0,0.0,0.2441996913058,0.0,0.0,0.0,0.0,0.0,0.0,0.0,0.0,0.0,0.14963584449445033,0.0,0.0,0.2090585543106093,0.19914089366125107,0.0,0.0,0.1683368707165625,0.0,0.0,0.0,0.0,0.0,0.0,0.0,0.09803241803214192,0.0,0.0,0.0,0.08968944242150148,0.0,0.0,0.0,0.0,0.3245446436182454,0.0,0.0,0.0,0.0,0.0,0.0,0.0,0.0,0.0,0.0,0.0,0.0,0.0,0.0,0.12592105030091866,0.0,0.0,0.0,0.0,0.0,0.0,0.0,0.0,0.0,0.0,0.0,0.0,0.0,0.0,0.2070617333987057,0.0,0.12886906640068949,0.11918314989320644,0.13090330335720093,0.0,0.13851021493166726,0.31971751076584837,0.22610095775311986,0.0,0.0,0.0,0.0,0.0,0.0,0.0,0.0,0.0,0.0,0.0,0.0,0.0,0.0,0.0,0.0,0.0,0.0,0.0,0.0,0.0,0.30889437882482784,0.10659852446431578,0.22055423202297164,0.0,0.0,0.0,0.0,0.0,0.0,0.0,0.15470914246432393,0.0,0.0,0.0,0.0,0.0,0.0
b565c8e1e81796db13409f37e4bd28877272b5e54ab5c0a3d9b6a024e7f5a039,0.0,0.0,0.318846080578916,0.0,0.35179771963883294,0.0,0.0,0.0,0.0,0.0,0.0,0.0,0.12658722200442235,0.0,0.0,0.0,0.0,0.0,0.0,0.0,0.0,0.0,0.0,0.0,0.0,0.0,0.0,0.0,0.0,0.0,0.0,0.0,0.0,0.0,0.0,0.0,0.0,0.0,0.0,0.0,0.0,0.0,0.0,0.0,0.0,0.0,0.0,0.0,0.0,0.0,0.0,0.0,0.0,0.0,0.0,0.0,0.0,0.0,0.0,0.0,0.1836891804873073,0.0,0.0,0.0,0.0,0.0,0.0,0.20664608758812458,0.0,0.0,0.0,0.0,0.0,0.0,0.0,0.0,0.0,0.0,0.0,0.11010049251521525,0.0,0.0,0.0,0.0,0.0,0.0,0.0,0.0,0.0,0.0,0.0,0.0,0.0,0.0,0.0,0.0,0.0,0.0,0.0,0.15457749855339378,0.0,0.0,0.0,0.0,0.0,0.0,0.20249659907769743,0.0,0.0,0.0,0.0,0.0,0.0,0.0,0.2541837502023133,0.2893081027975591,0.0,0.14630622232088886,0.16069358647324253,0.14244248036969023,0.0,0.0,0.2775558207820067,0.0,0.199834165752772,0.0,0.2299931003006803,0.0,0.0,0.0,0.0,0.0,0.0,0.18126211433018377,0.0,0.0,0.0,0.0,0.0,0.0,0.0,0.0,0.0,0.19504743940015914,0.0,0.0,0.0,0.0,0.0,0.0,0.0,0.0,0.0,0.0,0.18991703284181832,0.0,0.0,0.3352963679058591,0.0,0.0,0.0
8f16bf4456359f103fc596a68b0a875a89f83e81798e8fa2e619adb2b4b13dff,0.0,0.0,0.0,0.0,0.0,0.0,0.0,0.0,0.0,0.0,0.23443502431533603,0.0,0.15263459468162274,0.0,0.0,0.0,0.0,0.0,0.0,0.0,0.0,0.22314724481906745,0.0,0.0,0.0,0.0,0.0,0.0,0.0,0.0,0.0,0.0,0.0,0.0,0.0,0.0,0.0,0.0,0.0,0.0,0.0,0.0,0.0,0.2642683656645364,0.0,0.0,0.0,0.0,0.0,0.0,0.0,0.0,0.0,0.0,0.0,0.0,0.0,0.0,0.0,0.0,0.0,0.0,0.0,0.0,0.0,0.0,0.0,0.0,0.0,0.0,0.0,0.4841401371298065,0.0,0.0,0.0,0.14510445990542747,0.30944180732035376,0.24663600808536676,0.0,0.13275545337996142,0.0,0.0,0.0,0.0,0.0,0.0,0.0,0.0,0.0,0.0,0.0,0.0,0.0,0.0,0.0,0.0,0.0,0.0,0.0,0.18638432430227536,0.0,0.0,0.0,0.0,0.0,0.0,0.0,0.0,0.0,0.0,0.0,0.0,0.0,0.0,0.0,0.0,0.19074788375063556,0.17641109892251292,0.19375889644235023,0.17175232944059016,0.2050184044471347,0.0,0.0,0.0,0.24095328430660234,0.0,0.0,0.0,0.0,0.0,0.0,0.0,0.0,0.2185597322844719,0.0,0.0,0.0,0.0,0.0,0.0,0.0,0.0,0.0,0.23518161142276753,0.0,0.0,0.0,0.0,0.0,0.0,0.0,0.0,0.0,0.0,0.0,0.0,0.0,0.0,0.0,0.0,0.0
b721e121d0657302f7e8d790d107e512f5f726ae6a827cdc960d3a838825906a,0.0,0.0,0.0,0.0,0.0,0.0,0.0,0.0,0.0,0.0,0.0,0.0,0.0,0.0,0.0,0.0,0.0,0.0,0.0,0.0,0.0,0.0,0.0,0.0,0.0,0.0,0.0,0.0,0.0,0.0,0.0,0.0,0.0,0.0,0.3348776442082856,0.0,0.0,0.0,0.0,0.0,0.0,0.0,0.0,0.0,0.0,0.0,0.0,0.0,0.0,0.0,0.0,0.0,0.0,0.0,0.0,0.0,0.0,0.0,0.0,0.0,0.29716505402760995,0.0,0.0,0.41517389631165763,0.0,0.0,0.0,0.33430382573328793,0.0,0.0,0.0,0.0,0.0,0.0,0.0,0.1946846953642791,0.0,0.0,0.0,0.17811619998495873,0.0,0.0,0.0,0.0,0.0,0.0,0.0,0.0,0.0,0.0,0.0,0.0,0.0,0.0,0.0,0.0,0.0,0.0,0.0,0.0,0.0,0.0,0.0,0.0,0.0,0.0,0.32759094817503004,0.0,0.0,0.0,0.0,0.0,0.0,0.0,0.0,0.0,0.0,0.23668839038435724,0.2599636961715944,0.0,0.27507042609079757,0.0,0.0,0.0,0.0,0.0,0.0,0.0,0.0,0.0,0.0,0.0,0.0,0.0,0.0,0.0,0.0,0.0,0.0,0.0,0.0,0.0,0.0,0.0,0.0,0.2116963110591911,0.0,0.0,0.0,0.0,0.0,0.0,0.0,0.0,0.30724022599198225,0.0,0.0,0.0,0.0,0.0,0.0
b2419aac70d3035892f8225bd79da96cd30aab0f331e125270ab86bb63f1a2ad,0.0,0.0,0.0,0.0,0.0,0.0,0.0,0.0,0.0,0.0,0.0,0.0,0.0,0.0,0.0,0.0,0.0,0.0,0.0,0.0,0.0,0.0,0.0,0.0,0.0,0.0,0.0,0.0,0.0,0.0,0.0,0.0,0.0,0.0,0.3468012285132245,0.0,0.0,0.0,0.0,0.0,0.0,0.0,0.0,0.0,0.0,0.0,0.0,0.0,0.0,0.0,0.0,0.0,0.0,0.0,0.0,0.0,0.0,0.0,0.0,0.0,0.3077458516277511,0.0,0.0,0.4299564924015985,0.0,0.0,0.0,0.3462069787760011,0.0,0.0,0.0,0.0,0.0,0.0,0.0,0.20161659845845376,0.0,0.0,0.0,0.1844581686512071,0.0,0.0,0.0,0.0,0.0,0.0,0.0,0.0,0.0,0.0,0.0,0.0,0.0,0.0,0.0,0.0,0.0,0.0,0.0,0.0,0.0,0.0,0.0,0.0,0.0,0.0,0.33925508388446063,0.0,0.0,0.0,0.0,0.0,0.0,0.0,0.0,0.0,0.0,0.24511586837686503,0.0,0.0,0.28486452692736797,0.0,0.0,0.0,0.0,0.0,0.0,0.0,0.0,0.0,0.0,0.0,0.0,0.0,0.0,0.0,0.0,0.0,0.0,0.0,0.0,0.0,0.0,0.0,0.0,0.21923392623182072,0.0,0.0,0.0,0.0,0.0,0.0,0.0,0.0,0.3181797580862935,0.0,0.0,0.0,0.0,0.0,0.0
b3167acfa58265b6c8c26f98ed6a4b9e2ae51447b25a50c3905265c0cbfc38c5,0.0,0.0,0.0,0.0,0.0,0.0,0.0,0.0,0.0,0.0,0.0,0.0,0.0,0.0,0.0,0.0,0.0,0.0,0.0,0.0,0.0,0.0,0.0,0.0,0.0,0.0,0.0,0.0,0.0,0.0,0.0,0.0,0.0,0.0,0.3468012285132245,0.0,0.0,0.0,0.0,0.0,0.0,0.0,0.0,0.0,0.0,0.0,0.0,0.0,0.0,0.0,0.0,0.0,0.0,0.0,0.0,0.0,0.0,0.0,0.0,0.0,0.3077458516277511,0.0,0.0,0.4299564924015985,0.0,0.0,0.0,0.3462069787760011,0.0,0.0,0.0,0.0,0.0,0.0,0.0,0.20161659845845376,0.0,0.0,0.0,0.1844581686512071,0.0,0.0,0.0,0.0,0.0,0.0,0.0,0.0,0.0,0.0,0.0,0.0,0.0,0.0,0.0,0.0,0.0,0.0,0.0,0.0,0.0,0.0,0.0,0.0,0.0,0.0,0.33925508388446063,0.0,0.0,0.0,0.0,0.0,0.0,0.0,0.0,0.0,0.0,0.24511586837686503,0.0,0.0,0.28486452692736797,0.0,0.0,0.0,0.0,0.0,0.0,0.0,0.0,0.0,0.0,0.0,0.0,0.0,0.0,0.0,0.0,0.0,0.0,0.0,0.0,0.0,0.0,0.0,0.0,0.21923392623182072,0.0,0.0,0.0,0.0,0.0,0.0,0.0,0.0,0.3181797580862935,0.0,0.0,0.0,0.0,0.0,0.0
b3503b3ccc1d21662c51075ed45b45f52a9f360826bf15a0655dfa25c7594e44,0.0,0.0,0.0,0.0,0.0,0.0,0.0,0.0,0.0,0.0,0.0,0.0,0.0,0.0,0.0,0.0,0.0,0.0,0.0,0.0,0.0,0.0,0.0,0.0,0.0,0.0,0.0,0.0,0.0,0.0,0.0,0.0,0.0,0.0,0.3468012285132245,0.0,0.0,0.0,0.0,0.0,0.0,0.0,0.0,0.0,0.0,0.0,0.0,0.0,0.0,0.0,0.0,0.0,0.0,0.0,0.0,0.0,0.0,0.0,0.0,0.0,0.3077458516277511,0.0,0.0,0.4299564924015985,0.0,0.0,0.0,0.3462069787760011,0.0,0.0,0.0,0.0,0.0,0.0,0.0,0.20161659845845376,0.0,0.0,0.0,0.1844581686512071,0.0,0.0,0.0,0.0,0.0,0.0,0.0,0.0,0.0,0.0,0.0,0.0,0.0,0.0,0.0,0.0,0.0,0.0,0.0,0.0,0.0,0.0,0.0,0.0,0.0,0.0,0.33925508388446063,0.0,0.0,0.0,0.0,0.0,0.0,0.0,0.0,0.0,0.0,0.24511586837686503,0.0,0.0,0.28486452692736797,0.0,0.0,0.0,0.0,0.0,0.0,0.0,0.0,0.0,0.0,0.0,0.0,0.0,0.0,0.0,0.0,0.0,0.0,0.0,0.0,0.0,0.0,0.0,0.0,0.21923392623182072,0.0,0.0,0.0,0.0,0.0,0.0,0.0,0.0,0.3181797580862935,0.0,0.0,0.0,0.0,0.0,0.0
b78469fb8eff53d82081bdcb0dbb3436f239b8ca6ef7fd800ce5ba7e098c256f,0.0,0.0,0.0,0.0,0.0,0.0,0.0,0.0,0.0,0.0,0.0,0.0,0.0,0.0,0.0,0.0,0.0,0.0,0.0,0.0,0.0,0.0,0.0,0.0,0.0,0.0,0.0,0.0,0.0,0.0,0.0,0.0,0.0,0.0,0.0,0.0,0.0,0.0,0.0,0.0,0.0,0.0,0.0,0.0,0.0,0.0,0.0,0.0,0.0,0.0,0.0,0.0,0.0,0.0,0.0,0.0,0.0,0.0,0.0,0.0,0.0,0.0,0.0,0.0,0.0,0.0,0.0,0.4484255131649587,0.0,0.0,0.0,0.0,0.0,0.0,0.0,0.0,0.0,0.0,0.0,0.0,0.0,0.0,0.0,0.0,0.0,0.0,0.0,0.0,0.0,0.0,0.0,0.0,0.0,0.0,0.0,0.0,0.0,0.0,0.0,0.33543579228424125,0.0,0.0,0.3679567443364411,0.0,0.0,0.0,0.0,0.0,0.0,0.0,0.0,0.0,0.0,0.0,0.0,0.0,0.0,0.0,0.3487078067512492,0.3091025971107649,0.0,0.0,0.0,0.0,0.0,0.0,0.0,0.0,0.0,0.0,0.0,0.0,0.0,0.39334186088190515,0.0,0.0,0.0,0.0,0.0,0.0,0.0,0.0,0.0,0.4232562499748672,0.0,0.0,0.0,0.0,0.0,0.0,0.0,0.0,0.0,0.0,0.0,0.0,0.0,0.0,0.0,0.0,0.0
b5475975e30be3c1ff6c97d148def1287dc3a0341d546198df85dbb66c1b6ffa,0.0,0.22698754470399013,0.0,0.0,0.0,0.29493866768902605,0.0,0.0,0.0,0.0,0.0,0.0,0.0,0.0,0.0,0.0,0.0,0.2077260028292104,0.0,0.0,0.0,0.0,0.0,0.0,0.0,0.0,0.0,0.0,0.0,0.0,0.0,0.0,0.0,0.0,0.0,0.0,0.0,0.0,0.0,0.0,0.0,0.0,0.19438071846150157,0.0,0.0,0.0,0.0,0.0,0.0,0.0,0.0,0.0,0.0,0.0,0.0,0.29647462753751813,0.0,0.0,0.0,0.0,0.15400054956989312,0.0,0.0,0.0,0.0,0.0,0.0,0.0,0.0,0.0,0.0,0.0,0.0,0.0,0.0,0.0,0.0,0.0,0.0,0.09230558005799727,0.0,0.0,0.0,0.0,0.0,0.0,0.0,0.0,0.0,0.0,0.4649565576789199,0.4649565576789199,0.0,0.0,0.0,0.0,0.0,0.0,0.0,0.0,0.0,0.0,0.14215833724306834,0.0,0.0,0.0,0.16976823273570288,0.0,0.0,0.0,0.0,0.0,0.0,0.0,0.0,0.0,0.13262802850022526,0.12265958497467808,0.1347216018035775,0.0,0.0,0.0,0.0,0.0,0.0,0.0,0.19282063183920475,0.0,0.0,0.0,0.0,0.0,0.0,0.0,0.0,0.0,0.0,0.0,0.0,0.0,0.0,0.0,0.0,0.0,0.0,0.10970788053027744,0.0,0.0,0.0,0.0,0.0,0.0,0.0,0.0,0.0,0.0,0.0,0.28110433499298754,0.0,0.0,0.0
b670441066ff868d06c682e5167b9dbc85b5323f3acfbbc044cabc0e5a594186,0.0,0.19885118734701554,0.0,0.0,0.0,0.0,0.0,0.0,0.0,0.0,0.0,0.0,0.09297254613661318,0.0,0.0,0.0,0.0,0.0,0.0,0.0,0.0,0.13592310155816045,0.0,0.0,0.0,0.0,0.0,0.0,0.0,0.0,0.0,0.0,0.0,0.0,0.0,0.0,0.0,0.0,0.0,0.0,0.0,0.0,0.0,0.0,0.0,0.0,0.0,0.0,0.0,0.0,0.22016987894784684,0.0,0.0,0.0,0.0,0.0,0.0,0.0,0.0,0.3168561201468627,0.134911332575544,0.0,0.0,0.0,0.0,0.0,0.0,0.0,0.0,0.0,0.0,0.0,0.0,0.0,0.0,0.08838580219199797,0.0,0.0,0.0,0.08086379460698707,0.0,0.0,0.0,0.0,0.0,0.0,0.0,0.0,0.0,0.0,0.0,0.0,0.0,0.0,0.0,0.0,0.0,0.0,0.0,0.11353012877899786,0.0,0.0,0.12453702774275914,0.0,0.0,0.40732262944121383,0.0,0.0,0.30495821788681415,0.0,0.0,0.0,0.0,0.0,0.18668638167947427,0.21248361808668506,0.11618805330114662,0.10745525329821377,0.0,0.0,0.12488049059962561,0.288256570949858,0.20385210248344934,0.27849846013264556,0.0,0.0,0.0,0.0,0.2583793940808185,0.0,0.0,0.0,0.0,0.0,0.0,0.0,0.0,0.0,0.0,0.0,0.0,0.0,0.0,0.0,0.0,0.096108984011521,0.0,0.21517504250287683,0.0,0.0,0.0,0.0,0.0,0.0,0.13948540633428058,0.0,0.0,0.0,0.0,0.0,0.0
ba9af4a25b32402f64a7b2c2a6e3ce36ee29eb1790186be1ab83bf60841e1d52,0.0,0.2385539624718018,0.28093405280190736,0.0,0.0,0.0,0.0,0.0,0.0,0.0,0.0,0.0,0.0,0.0,0.0,0.0,0.0,0.0,0.0,0.0,0.0,0.0,0.0,0.0,0.0,0.0,0.0,0.0,0.0,0.0,0.0,0.0,0.0,0.0,0.18238759559587886,0.0,0.0,0.0,0.0,0.0,0.0,0.0,0.0,0.0,0.0,0.338578441460966,0.0,0.0,0.0,0.0,0.26412915980375257,0.0,0.0,0.0,0.0,0.0,0.0,0.0,0.0,0.0,0.16184782901036132,0.0,0.0,0.22612010688703482,0.21539305248116586,0.0,0.0,0.0,0.0,0.0,0.0,0.0,0.0,0.0,0.0,0.10603297682278805,0.0,0.0,0.0,0.09700911964050289,0.0,0.0,0.0,0.0,0.0,0.32783734828321204,0.0,0.0,0.0,0.0,0.0,0.0,0.0,0.0,0.0,0.0,0.0,0.0,0.0,0.0,0.0,0.0,0.0,0.0,0.0,0.0,0.0,0.0,0.0,0.0,0.0,0.0,0.0,0.0,0.22396032270827762,0.0,0.0,0.1289098486395574,0.14158649974694715,0.12550552049677405,0.1498142217072882,0.0,0.24455336402276973,0.0,0.0,0.0,0.0,0.0,0.0,0.0,0.0,0.0,0.0,0.0,0.0,0.0,0.0,0.0,0.0,0.0,0.0,0.0,0.0,0.0,0.3341036686444248,0.11529817483602511,0.2385539624718018,0.0,0.0,0.0,0.0,0.0,0.0,0.0,0.16733516571849327,0.0,0.0,0.0,0.0,0.0,0.0
bbb95d84ad3a191568a5379da8f4e2b2e4e9034d9d23b3cefea5299917450f74,0.0,0.0,0.0,0.0,0.0,0.0,0.0,0.0,0.0,0.0,0.0,0.0,0.0,0.0,0.0,0.0,0.0,0.0,0.0,0.0,0.0,0.0,0.0,0.0,0.0,0.0,0.0,0.0,0.0,0.0,0.0,0.0,0.0,0.0,0.323269440145354,0.0,0.0,0.0,0.0,0.0,0.0,0.0,0.36208217349318633,0.0,0.0,0.0,0.0,0.0,0.0,0.0,0.0,0.0,0.0,0.0,0.0,0.0,0.0,0.0,0.0,0.0,0.28686411979928916,0.0,0.0,0.40078230167003226,0.0,0.0,0.0,0.32271551252323377,0.0,0.0,0.0,0.0,0.0,0.0,0.0,0.18793614194244307,0.0,0.0,0.0,0.17194197715432594,0.0,0.0,0.0,0.0,0.0,0.0,0.0,0.0,0.0,0.0,0.0,0.0,0.0,0.0,0.0,0.0,0.0,0.0,0.0,0.0,0.0,0.0,0.0,0.0,0.0,0.0,0.31623533026098455,0.0,0.0,0.0,0.0,0.0,0.0,0.0,0.0,0.0,0.0,0.22848382020050967,0.0,0.0,0.265535380401831,0.0,0.0,0.0,0.0,0.0,0.0,0.0,0.0,0.0,0.0,0.0,0.0,0.0,0.0,0.0,0.0,0.0,0.0,0.0,0.0,0.0,0.0,0.0,0.0,0.20435806671638132,0.0,0.0,0.0,0.0,0.0,0.0,0.0,0.0,0.2965900458401002,0.0,0.0,0.0,0.0,0.0,0.0
bc3b5ef9b1dc2f1b6a23b138c4c7b047479d98dfbdf216097c08a68c2f771732,0.0,0.0,0.0,0.0,0.0,0.0,0.0,0.0,0.0,0.0,0.0,0.0,0.0,0.0,0.0,0.0,0.0,0.5404393632707973,0.0,0.0,0.0,0.0,0.0,0.0,0.0,0.0,0.0,0.0,0.0,0.0,0.0,0.0,0.0,0.0,0.0,0.0,0.0,0.0,0.0,0.0,0.0,0.0,0.0,0.0,0.0,0.0,0.0,0.0,0.0,0.0,0.0,0.0,0.0,0.0,0.0,0.0,0.0,0.0,0.0,0.0,0.4006622080016379,0.0,0.0,0.0,0.0,0.0,0.0,0.0,0.0,0.0,0.0,0.0,0.0,0.0,0.0,0.0,0.0,0.0,0.0,0.0,0.0,0.0,0.0,0.0,0.0,0.0,0.0,0.0,0.0,0.0,0.0,0.0,0.0,0.0,0.0,0.0,0.0,0.0,0.0,0.3371639076045214,0.0,0.0,0.36985240276560893,0.0,0.0,0.0,0.4416848846734272,0.0,0.0,0.0,0.0,0.0,0.0,0.0,0.0,0.0,0.0,0.31912262836578104,0.0,0.0,0.0,0.0,0.0,0.0,0.0,0.0,0.0,0.0,0.0,0.0,0.0,0.0,0.0,0.0,0.0,0.0,0.0,0.0,0.0,0.0,0.0,0.0,0.0,0.0,0.0,0.0,0.0,0.0,0.0,0.0,0.0,0.0,0.0,0.0,0.0,0.0,0.0,0.0,0.0,0.0,0.0
8fc58143f3ed34fbbfbb9bd1c4f583fc12fb803a685ffc20ca9a96816f30d2bd,0.0,0.0,0.0,0.0,0.0,0.0,0.0,0.0,0.0,0.0,0.3155673597979748,0.0,0.2054577646756632,0.0,0.0,0.0,0.0,0.0,0.0,0.0,0.0,0.30037315072438553,0.0,0.0,0.0,0.0,0.0,0.0,0.0,0.0,0.0,0.0,0.0,0.0,0.0,0.0,0.0,0.0,0.0,0.0,0.0,0.0,0.3763112296720104,0.0,0.3985415466319035,0.0,0.0,0.0,0.0,0.0,0.0,0.0,0.0,0.0,0.0,0.0,0.0,0.0,0.0,0.0,0.0,0.0,0.0,0.0,0.0,0.0,0.0,0.0,0.0,0.0,0.0,0.0,0.0,0.0,0.0,0.19532163097641453,0.0,0.0,0.0,0.17869892966823653,0.0,0.0,0.0,0.0,0.0,0.0,0.0,0.0,0.0,0.0,0.0,0.0,0.0,0.0,0.0,0.0,0.0,0.0,0.0,0.2508874657256191,0.0,0.0,0.0,0.0,0.0,0.0,0.0,0.0,0.0,0.0,0.0,0.0,0.0,0.0,0.0,0.0,0.0,0.0,0.0,0.0,0.2759703537913016,0.0,0.0,0.0,0.0,0.0,0.0,0.0,0.0,0.0,0.0,0.0,0.0,0.0,0.0,0.0,0.0,0.0,0.0,0.0,0.0,0.0,0.39765408780006245,0.31657232278522224,0.0,0.0,0.0,0.0,0.0,0.0,0.0,0.0,0.0,0.0,0.0,0.0,0.0,0.0,0.0,0.0,0.0
bc9d61296a6324c766626bb0b0e858d3091eeea3cc3af56e3497ec44e3f19a90,0.0,0.0,0.0,0.0,0.0,0.0,0.0,0.0,0.0,0.0,0.0,0.0,0.0,0.0,0.0,0.0,0.0,0.0,0.0,0.0,0.0,0.0,0.0,0.0,0.0,0.0,0.0,0.0,0.0,0.0,0.0,0.0,0.0,0.0,0.3348776442082856,0.0,0.0,0.0,0.0,0.0,0.0,0.0,0.0,0.0,0.0,0.0,0.0,0.0,0.0,0.0,0.0,0.0,0.0,0.0,0.0,0.0,0.0,0.0,0.0,0.0,0.29716505402760995,0.0,0.0,0.41517389631165763,0.0,0.0,0.0,0.33430382573328793,0.0,0.0,0.0,0.0,0.0,0.0,0.0,0.1946846953642791,0.0,0.0,0.0,0.17811619998495873,0.0,0.0,0.0,0.0,0.0,0.0,0.0,0.0,0.0,0.0,0.0,0.0,0.0,0.0,0.0,0.0,0.0,0.0,0.0,0.0,0.0,0.0,0.0,0.0,0.0,0.0,0.32759094817503004,0.0,0.0,0.0,0.0,0.0,0.0,0.0,0.0,0.0,0.0,0.23668839038435724,0.2599636961715944,0.0,0.27507042609079757,0.0,0.0,0.0,0.0,0.0,0.0,0.0,0.0,0.0,0.0,0.0,0.0,0.0,0.0,0.0,0.0,0.0,0.0,0.0,0.0,0.0,0.0,0.0,0.0,0.2116963110591911,0.0,0.0,0.0,0.0,0.0,0.0,0.0,0.0,0.30724022599198225,0.0,0.0,0.0,0.0,0.0,0.0
bc32a2ccf158ebe2b76646be865a4c6dd91da6b8e5bb0dd9520102a9bfea5439,0.0,0.0,0.0,0.0,0.0,0.0,0.0,0.0,0.0,0.0,0.0,0.0,0.0,0.0,0.0,0.0,0.0,0.0,0.0,0.0,0.0,0.0,0.0,0.0,0.0,0.0,0.0,0.0,0.0,0.0,0.0,0.0,0.0,0.0,0.0,0.0,0.0,0.0,0.0,0.0,0.0,0.0,0.4383906401519299,0.0,0.0,0.0,0.0,0.0,0.0,0.0,0.0,0.0,0.0,0.0,0.0,0.0,0.0,0.0,0.0,0.0,0.0,0.0,0.0,0.0,0.0,0.0,0.0,0.0,0.0,0.0,0.0,0.0,0.0,0.0,0.0,0.0,0.0,0.0,0.0,0.0,0.0,0.0,0.0,0.0,0.0,0.0,0.0,0.0,0.0,0.0,0.0,0.0,0.0,0.0,0.0,0.0,0.0,0.0,0.0,0.0,0.0,0.0,0.0,0.0,0.0,0.0,0.0,0.0,0.0,0.0,0.0,0.0,0.0,0.0,0.0,0.0,0.0,0.0,0.0,0.0,0.0,0.0,0.0,0.0,0.0,0.0,0.0,0.0,0.0,0.0,0.0,0.0,0.0,0.0,0.0,0.0,0.0,0.0,0.8640566285737775,0.0,0.0,0.0,0.0,0.0,0.0,0.2474263309449867,0.0,0.0,0.0,0.0,0.0,0.0,0.0,0.0,0.0,0.0,0.0,0.0,0.0,0.0,0.0
bd210c5759b815a64b7166aceae471ef622bccdde3b46fc971aa78bcb73f08f1,0.0,0.0,0.0,0.0,0.35360984926617084,0.0,0.0,0.0,0.0,0.0,0.0,0.0,0.1272392798280834,0.0,0.0,0.0,0.0,0.0,0.0,0.0,0.0,0.0,0.0,0.0,0.0,0.0,0.0,0.0,0.0,0.0,0.0,0.0,0.0,0.0,0.0,0.0,0.0,0.0,0.0,0.0,0.0,0.0,0.0,0.0,0.0,0.0,0.0,0.0,0.0,0.0,0.301317517926167,0.0,0.0,0.0,0.0,0.0,0.0,0.0,0.0,0.0,0.18463537367617788,0.0,0.0,0.0,0.0,0.0,0.0,0.0,0.0,0.0,0.0,0.0,0.0,0.0,0.0,0.0,0.0,0.0,0.0,0.11066762627798138,0.0,0.0,0.0,0.0,0.0,0.0,0.0,0.0,0.0,0.0,0.0,0.0,0.0,0.0,0.0,0.0,0.0,0.0,0.0,0.15537373584889405,0.0,0.0,0.0,0.0,0.0,0.0,0.20353967032614265,0.0,0.0,0.0,0.0,0.0,0.0,0.0,0.2554930648419942,0.29079834493172246,0.0,0.14705985381231454,0.0,0.1431762095113527,0.0,0.0,0.27898552625762923,0.0,0.20086352265902688,0.0,0.23117780755678768,0.0,0.0,0.0,0.0,0.0,0.0,0.0,0.0,0.0,0.0,0.0,0.0,0.0,0.0,0.0,0.0,0.1960521396126457,0.0,0.13153170929260932,0.0,0.2944817430815888,0.0,0.0,0.0,0.0,0.0,0.0,0.19089530604467503,0.0,0.0,0.3370234981523109,0.0,0.0,0.0
bf20b92755cd5c2542cdcef804ee795932cc4b0e070ca6b81ff8fd30908a8f97,0.0,0.0,0.0,0.0,0.33936796606915043,0.0,0.0,0.0,0.0,0.0,0.0,0.0,0.12211462912860437,0.0,0.0,0.0,0.0,0.0,0.0,0.0,0.0,0.0,0.0,0.0,0.0,0.0,0.0,0.0,0.0,0.0,0.0,0.0,0.0,0.0,0.0,0.0,0.0,0.0,0.0,0.0,0.0,0.0,0.0,0.0,0.0,0.0,0.0,0.0,0.0,0.0,0.2891817448292746,0.0,0.0,0.0,0.0,0.0,0.0,0.0,0.0,0.0,0.17719905528348795,0.0,0.0,0.0,0.0,0.0,0.0,0.0,0.0,0.0,0.0,0.0,0.0,0.0,0.0,0.0,0.0,0.0,0.0,0.10621041047810095,0.0,0.0,0.0,0.0,0.0,0.0,0.0,0.0,0.0,0.0,0.0,0.0,0.0,0.0,0.0,0.0,0.0,0.0,0.0,0.14911595031934277,0.0,0.0,0.0,0.0,0.0,0.0,0.19534196820681346,0.0,0.0,0.0,0.0,0.0,0.0,0.0,0.0,0.27908623886058465,0.0,0.14113691567777925,0.0,0.1374096878585072,0.0,0.0,0.2677491896938543,0.0,0.19277360425265744,0.0,0.22186696019266702,0.0,0.0,0.0,0.0,0.0,0.0,0.0,0.0,0.0,0.0,0.0,0.0,0.0,0.393686161952174,0.0,0.0,0.18815600301270752,0.0,0.0,0.0,0.2826212855820975,0.0,0.0,0.0,0.0,0.0,0.0,0.1832068645117547,0.0,0.0,0.3234496418095158,0.0,0.0,0.0
bfb9db791b8250ffa8ebc48295c5dbbca757a5ed3bbb01de12a871b5cd9afd5a,0.0,0.200122727293798,0.23567535099343895,0.0,0.0,0.0,0.0,0.0,0.0,0.0,0.0,0.0,0.09356705255090216,0.0,0.0,0.0,0.0,0.0,0.0,0.0,0.0,0.0,0.0,0.0,0.0,0.0,0.0,0.0,0.0,0.0,0.0,0.0,0.0,0.0,0.0,0.0,0.0,0.0,0.0,0.0,0.0,0.0,0.0,0.0,0.0,0.2840331822870529,0.0,0.0,0.0,0.0,0.22157773977028133,0.0,0.0,0.0,0.0,0.0,0.0,0.0,0.0,0.0,0.13577401361321914,0.0,0.4099272253778684,0.18969197584193342,0.1806930585265893,0.0,0.0,0.15274263097519353,0.0,0.0,0.0,0.0,0.0,0.0,0.0,0.08895097899438444,0.0,0.0,0.0,0.08138087246034564,0.0,0.0,0.0,0.0,0.0,0.27502248785726313,0.0,0.0,0.0,0.0,0.0,0.0,0.0,0.0,0.0,0.0,0.0,0.0,0.0,0.0,0.0,0.0,0.12533337101704964,0.0,0.0,0.0,0.0,0.0,0.0,0.0,0.0,0.0,0.0,0.0,0.0,0.0,0.11693100964494496,0.10814236836593458,0.11877680078649289,0.10528648022441034,0.12567903012302362,0.0,0.2051556204307219,0.2802792989694692,0.0,0.0,0.0,0.0,0.0,0.0,0.0,0.0,0.0,0.0,0.0,0.0,0.0,0.0,0.0,0.0,0.0,0.0,0.0,0.0,0.2802792989694692,0.09672354615744404,0.200122727293798,0.21655096419458672,0.0,0.0,0.0,0.0,0.0,0.0,0.1403773359652448,0.0,0.0,0.0,0.0,0.0,0.0
c2bd70495630ed8279de0713a010e5e55f3da29323b59ef71401b12942ba52f6,0.0,0.21136647965301067,0.0,0.0,0.0,0.0,0.0,0.0,0.0,0.0,0.0,0.0,0.0988240505045593,0.0,0.0,0.0,0.0,0.0,0.0,0.0,0.0,0.14447782717903,0.0,0.0,0.0,0.0,0.0,0.0,0.0,0.0,0.0,0.0,0.0,0.0,0.16160127299513932,0.3480715279511606,0.0,0.0,0.0,0.0,0.0,0.0,0.0,0.0,0.0,0.0,0.0,0.0,0.0,0.0,0.234026926666648,0.0,0.0,0.0,0.0,0.0,0.0,0.0,0.0,0.336798404703913,0.14340237949912976,0.0,0.0,0.0,0.0,0.0,0.0,0.0,0.0,0.0,0.0,0.0,0.0,0.0,0.0,0.0,0.0,0.0,0.0,0.08595319859788352,0.0,0.0,0.0,0.0,0.0,0.0,0.0,0.0,0.0,0.0,0.0,0.0,0.0,0.0,0.0,0.0,0.0,0.0,0.0,0.0,0.0,0.0,0.1323751368630256,0.0,0.0,0.0,0.0,0.0,0.3241516724941956,0.0,0.0,0.0,0.0,0.0,0.19843604567413714,0.0,0.0,0.11421827001832528,0.0,0.0,0.1327402165787466,0.30639885761503965,0.21668214229266516,0.29602659100192247,0.0,0.0,0.0,0.0,0.27464127154763107,0.0,0.0,0.0,0.0,0.0,0.0,0.0,0.0,0.0,0.0,0.0,0.0,0.0,0.0,0.0,0.0,0.10215788944771201,0.0,0.22871772529902687,0.0,0.0,0.0,0.0,0.0,0.0,0.14826433622644963,0.0,0.0,0.0,0.0,0.0,0.0
c2cb62e9291d6dc8dc9fdf0064de10045eb7995c2e8b197ac9cddf7932a662b8,0.0,0.0,0.0,0.0,0.0,0.0,0.31408313380890024,0.0,0.0,0.0,0.0,0.0,0.1180436816431308,0.0,0.0,0.0,0.3046422457611177,0.23104950749780268,0.0,0.0,0.0,0.0,0.0,0.0,0.0,0.31127420990308685,0.0,0.0,0.0,0.0,0.0,0.0,0.0,0.0,0.0,0.0,0.0,0.0,0.0,0.0,0.0,0.0,0.0,0.0,0.0,0.0,0.0,0.0,0.0,0.2874382197892945,0.0,0.0,0.0,0.0,0.0,0.0,0.0,0.0,0.0,0.0,0.1712917528277363,0.3126667690661113,0.0,0.0,0.0,0.0,0.0,0.0,0.0,0.0,0.0,0.0,0.0,0.0,0.0,0.11222006849628706,0.0,0.0,0.0,0.0,0.0,0.0,0.0,0.0,0.0,0.0,0.0,0.0,0.24594632316124068,0.0,0.0,0.0,0.0,0.0,0.0,0.0,0.0,0.0,0.0,0.14414485711512703,0.0,0.0,0.0,0.0,0.0,0.0,0.0,0.0,0.0,0.0,0.0,0.0,0.0,0.0,0.23702855005926846,0.269782313275033,0.14751952210131528,0.1364318203416516,0.14984816210816024,0.1328288474853347,0.15855597688073805,0.0,0.0,0.0,0.0,0.0,0.0,0.0,0.0,0.0,0.0,0.0,0.30213128633702374,0.0,0.0,0.0,0.0,0.0,0.0,0.0,0.0,0.0,0.0,0.0,0.0,0.12202589670966293,0.0,0.0,0.0,0.0,0.0,0.0,0.0,0.0,0.0,0.0,0.0,0.0,0.0,0.0,0.0
c2e4fce565a99e5bad9e3be74a940c4b272a0e1d89aa7cebacda30d0e58edd2a,0.0,0.0,0.0,0.0,0.0,0.0,0.0,0.0,0.0,0.0,0.0,0.0,0.0,0.0,0.0,0.0,0.0,0.0,0.0,0.0,0.0,0.0,0.0,0.0,0.0,0.0,0.0,0.0,0.0,0.0,0.0,0.0,0.0,0.0,0.3468012285132245,0.0,0.0,0.0,0.0,0.0,0.0,0.0,0.0,0.0,0.0,0.0,0.0,0.0,0.0,0.0,0.0,0.0,0.0,0.0,0.0,0.0,0.0,0.0,0.0,0.0,0.3077458516277511,0.0,0.0,0.4299564924015985,0.0,0.0,0.0,0.3462069787760011,0.0,0.0,0.0,0.0,0.0,0.0,0.0,0.20161659845845376,0.0,0.0,0.0,0.1844581686512071,0.0,0.0,0.0,0.0,0.0,0.0,0.0,0.0,0.0,0.0,0.0,0.0,0.0,0.0,0.0,0.0,0.0,0.0,0.0,0.0,0.0,0.0,0.0,0.0,0.0,0.0,0.33925508388446063,0.0,0.0,0.0,0.0,0.0,0.0,0.0,0.0,0.0,0.0,0.24511586837686503,0.0,0.0,0.28486452692736797,0.0,0.0,0.0,0.0,0.0,0.0,0.0,0.0,0.0,0.0,0.0,0.0,0.0,0.0,0.0,0.0,0.0,0.0,0.0,0.0,0.0,0.0,0.0,0.0,0.21923392623182072,0.0,0.0,0.0,0.0,0.0,0.0,0.0,0.0,0.3181797580862935,0.0,0.0,0.0,0.0,0.0,0.0
c8d9a9758516d5a8936bd3bc01a9997fb677ed1dc54081caa985883935ff092b,0.0,0.0,0.0,0.0,0.0,0.0,0.0,0.0,0.0,0.0,0.0,0.0,0.0,0.0,0.0,0.0,0.0,0.5404393632707973,0.0,0.0,0.0,0.0,0.0,0.0,0.0,0.0,0.0,0.0,0.0,0.0,0.0,0.0,0.0,0.0,0.0,0.0,0.0,0.0,0.0,0.0,0.0,0.0,0.0,0.0,0.0,0.0,0.0,0.0,0.0,0.0,0.0,0.0,0.0,0.0,0.0,0.0,0.0,0.0,0.0,0.0,0.4006622080016379,0.0,0.0,0.0,0.0,0.0,0.0,0.0,0.0,0.0,0.0,0.0,0.0,0.0,0.0,0.0,0.0,0.0,0.0,0.0,0.0,0.0,0.0,0.0,0.0,0.0,0.0,0.0,0.0,0.0,0.0,0.0,0.0,0.0,0.0,0.0,0.0,0.0,0.0,0.3371639076045214,0.0,0.0,0.36985240276560893,0.0,0.0,0.0,0.4416848846734272,0.0,0.0,0.0,0.0,0.0,0.0,0.0,0.0,0.0,0.0,0.31912262836578104,0.0,0.0,0.0,0.0,0.0,0.0,0.0,0.0,0.0,0.0,0.0,0.0,0.0,0.0,0.0,0.0,0.0,0.0,0.0,0.0,0.0,0.0,0.0,0.0,0.0,0.0,0.0,0.0,0.0,0.0,0.0,0.0,0.0,0.0,0.0,0.0,0.0,0.0,0.0,0.0,0.0,0.0,0.0
c9cdf462a12dc6e78757b7f1b3ad4fd9139cafd0b1e81d67d3d0141e2b09137e,0.0,0.0,0.0,0.0,0.0,0.0,0.0,0.0,0.0,0.0,0.21758096609958216,0.0,0.1416613523002207,0.0,0.0,0.0,0.0,0.0,0.0,0.0,0.0,0.2071046903166018,0.0,0.0,0.0,0.0,0.2974401114715256,0.0,0.0,0.0,0.0,0.0,0.0,0.0,0.23165064322952852,0.0,0.0,0.0,0.0,0.0,0.0,0.0,0.2594633391697288,0.0,0.2747909505042155,0.0,0.0,0.0,0.0,0.0,0.0,0.0,0.0,0.0,0.0,0.0,0.0,0.0,0.2735709026231666,0.0,0.0,0.0,0.0,0.0,0.2735709026231666,0.0,0.0,0.0,0.0,0.0,0.0,0.0,0.0,0.0,0.0,0.13467257575435435,0.0,0.0,0.0,0.12321136692675692,0.0,0.0,0.0,0.0,0.0,0.0,0.0,0.0,0.0,0.0,0.0,0.0,0.0,0.0,0.0,0.0,0.0,0.0,0.0,0.17298473837662834,0.0,0.0,0.0,0.0,0.32275986326863415,0.0,0.0,0.0,0.0,0.0,0.0,0.0,0.0,0.0,0.0,0.0,0.0,0.16372851047469691,0.0,0.1594046703502429,0.0,0.0,0.0,0.0,0.22363061380188246,0.0,0.0,0.0,0.0,0.0,0.0,0.0,0.0,0.2028469843181643,0.0,0.0,0.0,0.0,0.0,0.0,0.0,0.0,0.27417905531287123,0.21827387939010628,0.0,0.14644031178049785,0.0,0.0,0.0,0.0,0.0,0.0,0.0,0.0,0.0,0.0,0.0,0.0,0.0,0.0,0.0
9aa89ac25459a7910489f306a1ad36af2c0ebe66a1eed7f749d53a8162b157b4,0.0,0.0,0.0,0.0,0.0,0.0,0.0,0.0,0.0,0.0,0.18236045841056464,0.0,0.11873018861725862,0.0,0.0,0.0,0.0,0.0,0.0,0.0,0.0,0.17358000997122175,0.0,0.0,0.0,0.0,0.24929255554831836,0.39299237375842616,0.0,0.0,0.0,0.0,0.0,0.0,0.19415263314487188,0.0,0.0,0.0,0.0,0.0,0.0,0.0,0.0,0.0,0.2303096847087662,0.0,0.0,0.0,0.0,0.0,0.0,0.0,0.0,0.0,0.0,0.0,0.0,0.0,0.229287129772738,0.0,0.0,0.0,0.0,0.0,0.229287129772738,0.45446179091757166,0.0,0.0,0.0,0.0,0.0,0.0,0.0,0.0,0.0,0.11287270706691983,0.0,0.0,0.0,0.10326675975816814,0.0,0.0,0.0,0.0,0.0,0.0,0.0,0.0,0.0,0.0,0.0,0.0,0.0,0.0,0.0,0.0,0.0,0.0,0.0,0.0,0.0,0.0,0.0,0.0,0.0,0.0,0.0,0.0,0.0,0.0,0.0,0.0,0.0,0.0,0.0,0.0,0.0,0.13722526726616094,0.1507196344895325,0.13360134059038475,0.15947809132518034,0.0,0.0,0.0,0.18743083082406417,0.0,0.0,0.0,0.0,0.0,0.0,0.0,0.0,0.17001151208479764,0.0,0.0,0.0,0.0,0.0,0.0,0.0,0.0,0.0,0.0,0.0,0.12273556306324757,0.0,0.0,0.0,0.0,0.0,0.3408478074873521,0.0,0.0,0.0,0.0,0.0,0.0,0.0,0.0,0.0
c21de9109580e03f0fc0a71c10bfe2923927eb0dfe748bea47d550f1fe7f1715,0.0,0.0,0.0,0.0,0.0,0.0,0.0,0.0,0.0,0.0,0.0,0.0,0.0,0.0,0.0,0.0,0.0,0.5254983841664272,0.0,0.0,0.0,0.0,0.0,0.0,0.0,0.0,0.0,0.0,0.0,0.0,0.0,0.0,0.0,0.0,0.0,0.0,0.0,0.0,0.0,0.0,0.0,0.0,0.0,0.0,0.0,0.0,0.0,0.0,0.0,0.0,0.0,0.0,0.0,0.0,0.0,0.0,0.0,0.0,0.0,0.0,0.3895855061836326,0.0,0.0,0.0,0.0,0.0,0.0,0.0,0.0,0.0,0.0,0.0,0.0,0.0,0.0,0.0,0.0,0.0,0.0,0.23351160908778335,0.0,0.0,0.0,0.0,0.0,0.0,0.0,0.0,0.0,0.0,0.0,0.0,0.0,0.0,0.0,0.0,0.0,0.0,0.0,0.32784267891425894,0.0,0.0,0.3596274683937335,0.0,0.0,0.0,0.4294740705079254,0.0,0.0,0.0,0.0,0.0,0.0,0.0,0.0,0.0,0.0,0.3103001686298944,0.0,0.0,0.0,0.0,0.0,0.0,0.0,0.0,0.0,0.0,0.0,0.0,0.0,0.0,0.0,0.0,0.0,0.0,0.0,0.0,0.0,0.0,0.0,0.0,0.0,0.0,0.0,0.0,0.0,0.0,0.0,0.0,0.0,0.0,0.0,0.0,0.0,0.0,0.0,0.0,0.0,0.0,0.0
c29c545819bf556787d920164c5ad6ae9da655c62fa6b9ac2614bea4823e208e,0.0,0.0,0.0,0.0,0.0,0.0,0.0,0.0,0.0,0.0,0.0,0.0,0.0,0.0,0.0,0.0,0.0,0.0,0.0,0.0,0.0,0.0,0.0,0.0,0.0,0.0,0.0,0.0,0.0,0.0,0.0,0.0,0.0,0.0,0.3468012285132245,0.0,0.0,0.0,0.0,0.0,0.0,0.0,0.0,0.0,0.0,0.0,0.0,0.0,0.0,0.0,0.0,0.0,0.0,0.0,0.0,0.0,0.0,0.0,0.0,0.0,0.3077458516277511,0.0,0.0,0.4299564924015985,0.0,0.0,0.0,0.3462069787760011,0.0,0.0,0.0,0.0,0.0,0.0,0.0,0.20161659845845376,0.0,0.0,0.0,0.1844581686512071,0.0,0.0,0.0,0.0,0.0,0.0,0.0,0.0,0.0,0.0,0.0,0.0,0.0,0.0,0.0,0.0,0.0,0.0,0.0,0.0,0.0,0.0,0.0,0.0,0.0,0.0,0.33925508388446063,0.0,0.0,0.0,0.0,0.0,0.0,0.0,0.0,0.0,0.0,0.24511586837686503,0.0,0.0,0.28486452692736797,0.0,0.0,0.0,0.0,0.0,0.0,0.0,0.0,0.0,0.0,0.0,0.0,0.0,0.0,0.0,0.0,0.0,0.0,0.0,0.0,0.0,0.0,0.0,0.0,0.21923392623182072,0.0,0.0,0.0,0.0,0.0,0.0,0.0,0.0,0.3181797580862935,0.0,0.0,0.0,0.0,0.0,0.0
c83bf900eb759e5de5c8b0697a101ce81573874a440ac07ae4ecbc56c4f69331,0.0,0.20161267024274437,0.23742998842118912,0.0,0.0,0.0,0.0,0.0,0.0,0.0,0.0,0.0,0.0,0.0,0.0,0.0,0.0,0.0,0.0,0.0,0.0,0.0,0.0,0.0,0.0,0.0,0.0,0.0,0.0,0.0,0.0,0.0,0.0,0.0,0.15414395043463391,0.0,0.0,0.0,0.0,0.0,0.0,0.0,0.0,0.0,0.0,0.28614785083538874,0.0,0.0,0.0,0.0,0.22322741842236934,0.0,0.0,0.0,0.0,0.0,0.0,0.0,0.0,0.0,0.13678487098543643,0.0,0.41297919347410694,0.19110426032205882,0.18203834475227623,0.0,0.0,0.15387982218332105,0.0,0.0,0.0,0.0,0.0,0.0,0.0,0.08961323203154194,0.0,0.0,0.0,0.08198676494812585,0.0,0.0,0.0,0.0,0.0,0.27707007046882254,0.0,0.0,0.0,0.0,0.0,0.0,0.0,0.0,0.0,0.0,0.0,0.0,0.0,0.0,0.0,0.0,0.0,0.0,0.0,0.0,0.0,0.0,0.0,0.0,0.0,0.0,0.0,0.0,0.0,0.0,0.0,0.10894750410143071,0.11966111142538617,0.10607035345535748,0.12661472886796085,0.0,0.2066830340045372,0.2823660193079449,0.0,0.0,0.0,0.0,0.0,0.0,0.0,0.0,0.0,0.0,0.0,0.0,0.0,0.0,0.0,0.0,0.0,0.0,0.0,0.0,0.2823660193079449,0.0974436670929478,0.20161267024274437,0.21816321776794317,0.0,0.0,0.0,0.0,0.0,0.0,0.14142246574506354,0.0,0.0,0.0,0.0,0.0,0.0
c93a4492b65c992c3216d17f760df29b139edd3d7e8346861d7cdbd1072f72e9,0.0,0.0,0.0,0.0,0.0,0.0,0.0,0.0,0.0,0.0,0.0,0.0,0.0,0.0,0.0,0.0,0.0,0.0,0.0,0.0,0.0,0.0,0.0,0.0,0.0,0.0,0.38309175487243335,0.0,0.0,0.0,0.0,0.0,0.0,0.0,0.0,0.0,0.0,0.0,0.0,0.0,0.0,0.0,0.33417909049267,0.0,0.3539204814405187,0.0,0.0,0.0,0.0,0.0,0.0,0.0,0.0,0.0,0.0,0.0,0.0,0.0,0.35234910533570524,0.0,0.0,0.0,0.0,0.0,0.0,0.0,0.0,0.0,0.0,0.0,0.0,0.0,0.0,0.0,0.0,0.0,0.0,0.2948208254233127,0.0,0.15869163894097468,0.0,0.0,0.0,0.0,0.0,0.0,0.0,0.0,0.0,0.0,0.0,0.0,0.0,0.0,0.0,0.0,0.0,0.0,0.0,0.22279788244765825,0.0,0.0,0.2443984373648037,0.0,0.0,0.0,0.0,0.0,0.0,0.0,0.0,0.0,0.0,0.0,0.0,0.0,0.0,0.0,0.0,0.20530726201392746,0.0,0.0,0.0,0.0,0.0,0.0,0.0,0.0,0.0,0.0,0.0,0.0,0.0,0.26125933993427025,0.0,0.0,0.0,0.0,0.0,0.0,0.0,0.0,0.35313238328694296,0.0,0.0,0.18860965236501986,0.0,0.0,0.0,0.0,0.0,0.0,0.0,0.0,0.0,0.0,0.0,0.0,0.0,0.0,0.0
c6960bb3329175489959ec95de0a83a3bd5f206f8cd7f46633e34a0227973d0e,0.0,0.0,0.0,0.0,0.0,0.0,0.0,0.0,0.0,0.0,0.0,0.0,0.0,0.0,0.0,0.0,0.0,0.5254983841664272,0.0,0.0,0.0,0.0,0.0,0.0,0.0,0.0,0.0,0.0,0.0,0.0,0.0,0.0,0.0,0.0,0.0,0.0,0.0,0.0,0.0,0.0,0.0,0.0,0.0,0.0,0.0,0.0,0.0,0.0,0.0,0.0,0.0,0.0,0.0,0.0,0.0,0.0,0.0,0.0,0.0,0.0,0.3895855061836326,0.0,0.0,0.0,0.0,0.0,0.0,0.0,0.0,0.0,0.0,0.0,0.0,0.0,0.0,0.0,0.0,0.0,0.0,0.23351160908778335,0.0,0.0,0.0,0.0,0.0,0.0,0.0,0.0,0.0,0.0,0.0,0.0,0.0,0.0,0.0,0.0,0.0,0.0,0.0,0.32784267891425894,0.0,0.0,0.3596274683937335,0.0,0.0,0.0,0.4294740705079254,0.0,0.0,0.0,0.0,0.0,0.0,0.0,0.0,0.0,0.0,0.3103001686298944,0.0,0.0,0.0,0.0,0.0,0.0,0.0,0.0,0.0,0.0,0.0,0.0,0.0,0.0,0.0,0.0,0.0,0.0,0.0,0.0,0.0,0.0,0.0,0.0,0.0,0.0,0.0,0.0,0.0,0.0,0.0,0.0,0.0,0.0,0.0,0.0,0.0,0.0,0.0,0.0,0.0,0.0,0.0
1ad82a4e7f70ad09c9ff67446d0bdd9a900e998c88888ed1509fa6a604ce2f4e,0.0,0.0,0.0,0.0,0.0,0.0,0.0,0.0,0.0,0.0,0.24479306418240687,0.0,0.15937844714745508,0.0,0.0,0.0,0.0,0.0,0.0,0.0,0.0,0.23300655686006147,0.0,0.0,0.0,0.0,0.3346399163635814,0.0,0.0,0.0,0.0,0.0,0.0,0.0,0.26062238711647445,0.0,0.0,0.0,0.0,0.0,0.0,0.0,0.0,0.0,0.3091581032540152,0.0,0.0,0.0,0.0,0.0,0.0,0.0,0.0,0.0,0.0,0.0,0.0,0.0,0.3077854682087488,0.0,0.0,0.0,0.0,0.0,0.0,0.0,0.0,0.0,0.0,0.0,0.0,0.0,0.0,0.0,0.0,0.15151560851677376,0.0,0.25753312387198735,0.0,0.1386209859841302,0.0,0.0,0.0,0.0,0.0,0.0,0.0,0.0,0.0,0.0,0.0,0.0,0.0,0.0,0.0,0.0,0.0,0.0,0.0,0.19461934066707942,0.0,0.0,0.2134879479888097,0.0,0.0,0.0,0.0,0.0,0.0,0.0,0.0,0.0,0.0,0.0,0.0,0.0,0.1991756952102018,0.0,0.0,0.17934086055194398,0.0,0.0,0.0,0.0,0.25159932037667504,0.0,0.2895706422822892,0.0,0.0,0.0,0.0,0.0,0.0,0.2282163543141811,0.0,0.0,0.0,0.0,0.0,0.0,0.0,0.0,0.0,0.0,0.0,0.16475509454337292,0.0,0.0,0.0,0.0,0.0,0.0,0.0,0.0,0.0,0.0,0.0,0.0,0.0,0.0,0.0
ca0ede290cb09f07579a8103a24d7de2b9c6de9fcf4474eb57258b20be63557e,0.0,0.0,0.0,0.0,0.0,0.0,0.0,0.0,0.0,0.0,0.0,0.0,0.3029785583029972,0.0,0.0,0.0,0.0,0.5930266296669291,0.0,0.0,0.0,0.0,0.0,0.0,0.0,0.0,0.0,0.0,0.0,0.0,0.0,0.0,0.0,0.0,0.0,0.0,0.0,0.0,0.0,0.0,0.0,0.0,0.5549278413460659,0.0,0.0,0.0,0.0,0.0,0.0,0.0,0.0,0.0,0.0,0.0,0.0,0.0,0.0,0.0,0.0,0.0,0.0,0.0,0.0,0.0,0.0,0.0,0.0,0.0,0.0,0.0,0.0,0.0,0.0,0.0,0.0,0.2880312956390004,0.0,0.0,0.0,0.0,0.0,0.0,0.0,0.0,0.0,0.0,0.0,0.0,0.0,0.0,0.0,0.0,0.0,0.0,0.0,0.0,0.0,0.0,0.0,0.0,0.0,0.0,0.0,0.0,0.0,0.0,0.0,0.0,0.0,0.0,0.0,0.0,0.0,0.0,0.0,0.0,0.0,0.0,0.0,0.0,0.4069600390038738,0.0,0.0,0.0,0.0,0.0,0.0,0.0,0.0,0.0,0.0,0.0,0.0,0.0,0.0,0.0,0.0,0.0,0.0,0.0,0.0,0.0,0.0,0.0,0.0,0.0,0.0,0.0,0.0,0.0,0.0,0.0,0.0,0.0,0.0,0.0,0.0,0.0,0.0,0.0,0.0
54868bd41bfff9eeba5eee485e56016d76c4845be7ebb2f819fb25f31cc4d036,0.0,0.0,0.0,0.0,0.0,0.0,0.0,0.0,0.0,0.0,0.24284538873763323,0.0,0.1581103659255789,0.0,0.0,0.0,0.0,0.0,0.0,0.0,0.44641496839156264,0.23115265977035704,0.0,0.0,0.0,0.0,0.0,0.0,0.0,0.0,0.0,0.0,0.0,0.0,0.0,0.0,0.0,0.0,0.0,0.0,0.0,0.0,0.28959093524292506,0.0,0.0,0.0,0.0,0.3302699901353595,0.0,0.0,0.0,0.0,0.0,0.0,0.0,0.0,0.0,0.0,0.0,0.0,0.0,0.0,0.0,0.0,0.0,0.0,0.0,0.0,0.0,0.0,0.0,0.0,0.0,0.0,0.0,0.15031008730973433,0.0,0.0,0.0,0.0,0.0,0.0,0.0,0.0,0.0,0.0,0.0,0.0,0.0,0.0,0.0,0.0,0.0,0.0,0.0,0.0,0.0,0.0,0.0,0.19307086823726888,0.0,0.0,0.21178934907040622,0.0,0.0,0.0,0.0,0.0,0.0,0.0,0.0,0.0,0.0,0.0,0.0,0.0,0.1975909705283474,0.18273985305986643,0.20071000340216344,0.17791395006529181,0.21237344663724284,0.0,0.0,0.0,0.0,0.0,0.28726669780010283,0.0,0.0,0.0,0.0,0.0,0.0,0.0,0.0,0.0,0.0,0.0,0.0,0.0,0.0,0.0,0.30601536735845536,0.0,0.0,0.0,0.0,0.0,0.0,0.0,0.0,0.0,0.0,0.0,0.0,0.0,0.0,0.0,0.0,0.0,0.0
cb4af8d6d57163b0322bd033b36379f805bdb59ec550049ea568cc0a7dfe52cd,0.0,0.29878274180873987,0.351862721934527,0.0,0.0,0.0,0.0,0.0,0.0,0.0,0.0,0.0,0.0,0.0,0.0,0.0,0.0,0.0,0.0,0.0,0.0,0.0,0.0,0.0,0.0,0.0,0.0,0.0,0.0,0.0,0.0,0.0,0.0,0.0,0.0,0.0,0.0,0.0,0.0,0.0,0.0,0.0,0.0,0.0,0.0,0.0,0.0,0.0,0.0,0.0,0.0,0.0,0.0,0.0,0.0,0.0,0.0,0.0,0.0,0.0,0.20271026985445242,0.0,0.0,0.0,0.0,0.0,0.0,0.0,0.0,0.0,0.0,0.0,0.0,0.0,0.0,0.0,0.0,0.0,0.0,0.12150144330579984,0.0,0.0,0.0,0.0,0.0,0.4106079009228081,0.0,0.0,0.0,0.0,0.0,0.0,0.0,0.0,0.0,0.0,0.0,0.0,0.0,0.0,0.0,0.0,0.18712241602439264,0.0,0.0,0.0,0.2234652042910349,0.0,0.0,0.0,0.0,0.0,0.0,0.0,0.2805045809417611,0.0,0.0,0.1614562911619185,0.0,0.1571924571598415,0.18763848422319568,0.0,0.3062968389381124,0.4184563070409684,0.0,0.0,0.0,0.0,0.0,0.0,0.0,0.0,0.0,0.0,0.0,0.0,0.0,0.0,0.0,0.0,0.0,0.0,0.0,0.0,0.0,0.0,0.0,0.0,0.0,0.0,0.0,0.0,0.0,0.0,0.2095830188538626,0.0,0.0,0.0,0.0,0.0,0.0
1af129726e9594c9d809e9e06f0a693a81f079217d1fe13e616fd7b7702a7f5d,0.0,0.0,0.0,0.0,0.0,0.0,0.0,0.0,0.0,0.0,0.0,0.0,0.0,0.0,0.0,0.0,0.0,0.0,0.0,0.0,0.0,0.0,0.0,0.0,0.0,0.0,0.0,0.0,0.0,0.0,0.0,0.0,0.0,0.0,0.32442180449117497,0.0,0.0,0.0,0.0,0.0,0.0,0.0,0.0,0.0,0.0,0.0,0.0,0.0,0.0,0.0,0.0,0.0,0.0,0.0,0.0,0.0,0.0,0.0,0.0,0.0,0.28788670944959255,0.0,0.0,0.4022109774974564,0.0,0.0,0.0,0.32386590227336876,0.0,0.0,0.0,0.0,0.0,0.0,0.0,0.18860608126355005,0.0,0.0,0.0,0.17255490179060926,0.0,0.0,0.0,0.0,0.0,0.0,0.0,0.0,0.0,0.0,0.0,0.0,0.0,0.0,0.0,0.0,0.0,0.0,0.0,0.0,0.0,0.0,0.0,0.0,0.0,0.0,0.31736261998969445,0.0,0.0,0.0,0.0,0.0,0.0,0.0,0.0,0.0,0.24793318473443368,0.22929830055435207,0.25184688459444654,0.0,0.2664819391139427,0.0,0.0,0.0,0.0,0.0,0.0,0.0,0.0,0.0,0.0,0.0,0.0,0.0,0.0,0.0,0.0,0.0,0.0,0.0,0.0,0.0,0.0,0.0,0.0,0.20508654556597183,0.0,0.0,0.0,0.0,0.0,0.0,0.0,0.0,0.2976473056726344,0.0,0.0,0.0,0.0,0.0,0.0
9aecf5734ff36e456fd5a50650b083c1d521d36212c0a440ec6202fc00d14380,0.0,0.0,0.0,0.0,0.0,0.0,0.0,0.0,0.0,0.0,0.217433030810956,0.0,0.14156503545130059,0.0,0.0,0.0,0.0,0.0,0.0,0.0,0.0,0.20696387794368587,0.0,0.0,0.0,0.0,0.0,0.0,0.0,0.0,0.0,0.0,0.0,0.0,0.0,0.0,0.0,0.0,0.0,0.0,0.0,0.0,0.0,0.24510276082556842,0.0,0.0,0.0,0.0,0.0,0.0,0.0,0.0,0.0,0.0,0.0,0.0,0.0,0.0,0.0,0.0,0.0,0.0,0.0,0.0,0.0,0.0,0.0,0.0,0.0,0.0,0.0,0.4490287134390412,0.0,0.0,0.0,0.13458101063852002,0.28700007697989244,0.22874915939601195,0.0,0.12312759439161708,0.0,0.0,0.0,0.0,0.0,0.0,0.0,0.0,0.0,0.0,0.0,0.0,0.0,0.0,0.0,0.0,0.0,0.0,0.0,0.17286712447106292,0.0,0.0,0.0,0.0,0.0,0.0,0.0,0.0,0.0,0.0,0.0,0.0,0.0,0.0,0.0,0.0,0.1769142243391464,0.16361718996313007,0.17970686855807994,0.0,0.19014980027474818,0.0,0.0,0.0,0.22347856530245952,0.0,0.0,0.0,0.0,0.0,0.0,0.0,0.0,0.20270906679849338,0.0,0.0,0.0,0.0,0.0,0.0,0.0,0.0,0.0,0.21812547298339718,0.0,0.0,0.0,0.0,0.0,0.0,0.0,0.4064015438061146,0.0,0.0,0.0,0.0,0.0,0.0,0.0,0.0,0.0
cc43fc18d6d1dc662ad747652cd961152ee13dbf2cea9bf75564f3e2e8ffd2e8,0.0,0.0,0.0,0.0,0.0,0.0,0.0,0.0,0.0,0.0,0.0,0.0,0.0,0.0,0.0,0.0,0.0,0.5404393632707973,0.0,0.0,0.0,0.0,0.0,0.0,0.0,0.0,0.0,0.0,0.0,0.0,0.0,0.0,0.0,0.0,0.0,0.0,0.0,0.0,0.0,0.0,0.0,0.0,0.0,0.0,0.0,0.0,0.0,0.0,0.0,0.0,0.0,0.0,0.0,0.0,0.0,0.0,0.0,0.0,0.0,0.0,0.4006622080016379,0.0,0.0,0.0,0.0,0.0,0.0,0.0,0.0,0.0,0.0,0.0,0.0,0.0,0.0,0.0,0.0,0.0,0.0,0.0,0.0,0.0,0.0,0.0,0.0,0.0,0.0,0.0,0.0,0.0,0.0,0.0,0.0,0.0,0.0,0.0,0.0,0.0,0.0,0.3371639076045214,0.0,0.0,0.36985240276560893,0.0,0.0,0.0,0.4416848846734272,0.0,0.0,0.0,0.0,0.0,0.0,0.0,0.0,0.0,0.0,0.31912262836578104,0.0,0.0,0.0,0.0,0.0,0.0,0.0,0.0,0.0,0.0,0.0,0.0,0.0,0.0,0.0,0.0,0.0,0.0,0.0,0.0,0.0,0.0,0.0,0.0,0.0,0.0,0.0,0.0,0.0,0.0,0.0,0.0,0.0,0.0,0.0,0.0,0.0,0.0,0.0,0.0,0.0,0.0,0.0
cdf45f57fd8885bea02e2fcaf7b3a13c3f8185827cee1ef348a22cb36c1886c0,0.0,0.0,0.0,0.0,0.0,0.0,0.0,0.0,0.0,0.0,0.21038685362270804,0.0,0.13697745131226644,0.0,0.0,0.0,0.0,0.0,0.0,0.0,0.0,0.200256966164371,0.0,0.0,0.0,0.0,0.0,0.0,0.0,0.0,0.0,0.0,0.0,0.0,0.0,0.0,0.0,0.0,0.0,0.0,0.0,0.39549395596899894,0.0,0.23715991297184347,0.0,0.0,0.0,0.0,0.0,0.0,0.0,0.0,0.0,0.0,0.0,0.3826555793627722,0.0,0.0,0.0,0.0,0.0,0.0,0.0,0.0,0.0,0.0,0.0,0.0,0.0,0.0,0.0,0.0,0.0,0.0,0.0,0.13021975216920786,0.0,0.0,0.0,0.1191374975622151,0.0,0.0,0.0,0.0,0.0,0.0,0.0,0.0,0.0,0.0,0.0,0.0,0.0,0.0,0.0,0.0,0.0,0.0,0.0,0.1672651587324487,0.0,0.0,0.0,0.0,0.0,0.0,0.2191174401480729,0.0,0.0,0.0,0.0,0.0,0.0,0.39781081522118905,0.0,0.0,0.0,0.0,0.17388325273907249,0.15413410303731978,0.0,0.0,0.0,0.0,0.0,0.0,0.0,0.0,0.0,0.0,0.0,0.0,0.0,0.0,0.0,0.0,0.0,0.0,0.0,0.0,0.0,0.0,0.2651135796047565,0.0,0.0,0.14159839893773912,0.2929695911865066,0.0,0.0,0.0,0.0,0.0,0.0,0.0,0.20550534807179396,0.0,0.0,0.0,0.0,0.0,0.0
ce8a3474f1be9d750b5a5d5447e8f66b651d215799c1b5acb261296426542659,0.0,0.21938789091243763,0.25836304998278625,0.0,0.0,0.0,0.0,0.0,0.0,0.0,0.0,0.0,0.0,0.0,0.0,0.0,0.0,0.0,0.0,0.0,0.0,0.0,0.0,0.0,0.0,0.0,0.0,0.0,0.0,0.0,0.0,0.0,0.0,0.0,0.16773408209934998,0.0,0.0,0.0,0.0,0.0,0.0,0.0,0.18787275712826157,0.0,0.0,0.3113761323051668,0.0,0.0,0.0,0.0,0.2429083076105644,0.0,0.0,0.0,0.0,0.0,0.0,0.0,0.0,0.0,0.14884453600110353,0.0,0.0,0.2079530049671903,0.19808779117060646,0.0,0.0,0.167446666928884,0.0,0.0,0.0,0.0,0.0,0.0,0.0,0.09751400023409199,0.0,0.0,0.0,0.08921514418239003,0.0,0.0,0.0,0.0,0.3228283774800552,0.30149800764966056,0.0,0.0,0.0,0.0,0.0,0.0,0.0,0.0,0.0,0.0,0.0,0.0,0.0,0.0,0.0,0.0,0.0,0.0,0.0,0.0,0.0,0.0,0.0,0.0,0.0,0.0,0.0,0.0,0.20596674369995352,0.0,0.0,0.11855288219837071,0.130211056816249,0.0,0.13777774130637369,0.0,0.2249052842911338,0.0,0.0,0.0,0.0,0.0,0.0,0.0,0.0,0.0,0.0,0.0,0.0,0.0,0.0,0.0,0.0,0.0,0.0,0.0,0.0,0.0,0.30726087485833514,0.10603480714062348,0.21938789091243763,0.0,0.0,0.0,0.0,0.0,0.0,0.0,0.15389100521356008,0.0,0.0,0.0,0.0,0.0,0.0
ce093ffa19f020a2b73719f653b5e0423df28ef1d59035d55e99154a85c5c668,0.0,0.2254661999029352,0.2655211955075524,0.0,0.0,0.0,0.0,0.0,0.0,0.0,0.0,0.0,0.0,0.0,0.0,0.0,0.0,0.0,0.0,0.0,0.0,0.0,0.0,0.0,0.0,0.0,0.0,0.0,0.0,0.0,0.0,0.0,0.0,0.0,0.0,0.0,0.0,0.0,0.0,0.0,0.0,0.0,0.0,0.0,0.0,0.3200030457439411,0.0,0.0,0.0,0.0,0.24963826770031763,0.0,0.0,0.0,0.0,0.0,0.0,0.0,0.0,0.0,0.1529683874935409,0.0,0.0,0.2137145017135971,0.20357596463803204,0.0,0.0,0.17208590465886842,0.0,0.0,0.0,0.0,0.0,0.0,0.0,0.10021570004923279,0.0,0.0,0.0,0.09168691785557236,0.0,0.0,0.0,0.0,0.33177258411362887,0.0,0.0,0.0,0.0,0.0,0.0,0.0,0.0,0.0,0.0,0.0,0.0,0.0,0.0,0.0,0.0,0.0,0.0,0.0,0.0,0.0,0.0,0.0,0.0,0.0,0.0,0.0,0.0,0.0,0.21167320956171165,0.0,0.0,0.1218374802986522,0.133818653543747,0.0,0.14159497880380342,0.32683794608526756,0.2311364568769664,0.0,0.0,0.0,0.0,0.0,0.0,0.0,0.0,0.0,0.0,0.0,0.0,0.0,0.0,0.0,0.0,0.0,0.0,0.0,0.0,0.0,0.3157737719481065,0.10897258241558506,0.2254661999029352,0.0,0.0,0.0,0.0,0.0,0.0,0.0,0.15815467298782038,0.0,0.0,0.0,0.0,0.0,0.0
ce9676c8db6fac696d6db020b83b562906f876e12c440ee2f443921ed0cc7b42,0.0,0.22780715285592948,0.0,0.0,0.0,0.0,0.0,0.0,0.0,0.0,0.0,0.28602077554752453,0.10651086026550836,0.0,0.0,0.0,0.0,0.0,0.0,0.0,0.0,0.0,0.34936509197492605,0.0,0.3796778206020666,0.0,0.0,0.0,0.0,0.0,0.0,0.0,0.0,0.0,0.0,0.0,0.0,0.0,0.0,0.0,0.0,0.0,0.0,0.0,0.20660695423373507,0.0,0.0,0.2224859866920791,0.0,0.0,0.0,0.0,0.0,0.0,0.0,0.0,0.32785786874229733,0.0,0.0,0.0,0.0,0.0,0.0,0.0,0.0,0.0,0.0,0.0,0.0,0.0,0.0,0.0,0.0,0.0,0.0,0.10125621183799598,0.0,0.0,0.0,0.09263887766683164,0.0,0.0,0.0,0.0,0.0,0.0,0.0,0.0,0.0,0.0,0.0,0.0,0.0,0.0,0.0,0.0,0.0,0.0,0.0,0.1300619611356758,0.0,0.0,0.14267164352259354,0.0,0.0,0.0,0.17038123301143154,0.0,0.0,0.0,0.0,0.0,0.0,0.0,0.0,0.0,0.13310692267689114,0.1231024850284667,0.0,0.11985152120644901,0.14306512015493555,0.0,0.0,0.0,0.0,0.0,0.19351686987254532,0.0,0.0,0.0,0.0,0.0,0.0,0.0,0.0,0.0,0.0,0.0,0.0,0.0,0.0,0.0,0.20614688885835816,0.0,0.0,0.1101040144826133,0.0,0.0,0.0,0.0,0.0,0.0,0.0,0.0,0.0,0.3796778206020666,0.0,0.0,0.0,0.0,0.0
ce40058314b131a63ee248a85505ac02b9473c1032d7bfe63b081dc57171dd3f,0.0,0.0,0.0,0.0,0.0,0.0,0.0,0.0,0.0,0.0,0.0,0.0,0.0,0.0,0.0,0.0,0.0,0.5254983841664272,0.0,0.0,0.0,0.0,0.0,0.0,0.0,0.0,0.0,0.0,0.0,0.0,0.0,0.0,0.0,0.0,0.0,0.0,0.0,0.0,0.0,0.0,0.0,0.0,0.0,0.0,0.0,0.0,0.0,0.0,0.0,0.0,0.0,0.0,0.0,0.0,0.0,0.0,0.0,0.0,0.0,0.0,0.3895855061836326,0.0,0.0,0.0,0.0,0.0,0.0,0.0,0.0,0.0,0.0,0.0,0.0,0.0,0.0,0.0,0.0,0.0,0.0,0.23351160908778335,0.0,0.0,0.0,0.0,0.0,0.0,0.0,0.0,0.0,0.0,0.0,0.0,0.0,0.0,0.0,0.0,0.0,0.0,0.0,0.32784267891425894,0.0,0.0,0.3596274683937335,0.0,0.0,0.0,0.4294740705079254,0.0,0.0,0.0,0.0,0.0,0.0,0.0,0.0,0.0,0.0,0.3103001686298944,0.0,0.0,0.0,0.0,0.0,0.0,0.0,0.0,0.0,0.0,0.0,0.0,0.0,0.0,0.0,0.0,0.0,0.0,0.0,0.0,0.0,0.0,0.0,0.0,0.0,0.0,0.0,0.0,0.0,0.0,0.0,0.0,0.0,0.0,0.0,0.0,0.0,0.0,0.0,0.0,0.0,0.0,0.0
1b6a5b2f2a6c23f7fb1955fb3147c9860414f759aa9c3972f99b58a4bfeec55e,0.0,0.0,0.0,0.0,0.0,0.0,0.0,0.0,0.0,0.0,0.0,0.0,0.0,0.0,0.0,0.0,0.0,0.0,0.0,0.0,0.0,0.0,0.0,0.0,0.0,0.0,0.0,0.0,0.0,0.0,0.0,0.0,0.0,0.0,0.3468012285132245,0.0,0.0,0.0,0.0,0.0,0.0,0.0,0.0,0.0,0.0,0.0,0.0,0.0,0.0,0.0,0.0,0.0,0.0,0.0,0.0,0.0,0.0,0.0,0.0,0.0,0.3077458516277511,0.0,0.0,0.4299564924015985,0.0,0.0,0.0,0.3462069787760011,0.0,0.0,0.0,0.0,0.0,0.0,0.0,0.20161659845845376,0.0,0.0,0.0,0.1844581686512071,0.0,0.0,0.0,0.0,0.0,0.0,0.0,0.0,0.0,0.0,0.0,0.0,0.0,0.0,0.0,0.0,0.0,0.0,0.0,0.0,0.0,0.0,0.0,0.0,0.0,0.0,0.33925508388446063,0.0,0.0,0.0,0.0,0.0,0.0,0.0,0.0,0.0,0.0,0.24511586837686503,0.0,0.0,0.28486452692736797,0.0,0.0,0.0,0.0,0.0,0.0,0.0,0.0,0.0,0.0,0.0,0.0,0.0,0.0,0.0,0.0,0.0,0.0,0.0,0.0,0.0,0.0,0.0,0.0,0.21923392623182072,0.0,0.0,0.0,0.0,0.0,0.0,0.0,0.0,0.3181797580862935,0.0,0.0,0.0,0.0,0.0,0.0
cf5ec678a2f836f859eb983eb633d529c25771b3b7505e74aa695b7ca00f9fa8,0.0,0.17399905040524807,0.0,0.0,0.0,0.0,0.0,0.0,0.0,0.0,0.0,0.21846260188728966,0.08135297031592809,0.0,0.0,0.0,0.0,0.0,0.0,0.26451395988267096,0.2296951465487022,0.11893562676084758,0.0,0.0,0.0,0.0,0.0,0.0,0.0,0.0,0.0,0.0,0.0,0.0,0.13303182269768662,0.2865360459994918,0.0,0.0,0.0,0.0,0.0,0.0,0.0,0.0,0.0,0.0,0.0,0.0,0.0,0.0,0.19265336242579262,0.0,0.0,0.0,0.0,0.0,0.0,0.0,0.0,0.2772558955075949,0.11805030721836213,0.0,0.0,0.0,0.0,0.0,0.0,0.0,0.0,0.0,0.0,0.0,0.0,0.0,0.0,0.07733947106826043,0.0,0.0,0.0,0.07075755323113461,0.0,0.0,0.0,0.0,0.0,0.0,0.0,0.0,0.0,0.0,0.0,0.0,0.0,0.0,0.0,0.0,0.0,0.0,0.0,0.09934129568690069,0.0,0.0,0.10897256816333188,0.30185444721495713,0.0,0.0,0.0,0.0,0.266844976052283,0.0,0.0,0.0,0.0,0.0,0.1633545847485117,0.18592771945200803,0.10166703660438206,0.09402564945371052,0.0,0.0,0.10927310552366429,0.2522306770581176,0.1783749583216449,0.24369212097204737,0.0,0.0,0.0,0.0,0.2260875070154342,0.0,0.0,0.0,0.0,0.0,0.0,0.0,0.0,0.0,0.0,0.0,0.0,0.0,0.0,0.0,0.0,0.08409742067184499,0.0,0.1882827734946959,0.0,0.0,0.0,0.0,0.0,0.0,0.1220527197818578,0.0,0.0,0.0,0.0,0.0,0.0
d0db9cddc41614fb5ce91b4d5ad6d059429cdb67d41954a0acf4f01b84ecf6ce,0.0,0.0,0.0,0.0,0.0,0.0,0.0,0.0,0.0,0.0,0.0,0.0,0.0,0.0,0.0,0.0,0.0,0.0,0.0,0.0,0.0,0.0,0.0,0.0,0.0,0.0,0.0,0.0,0.0,0.0,0.0,0.0,0.0,0.0,0.3468012285132245,0.0,0.0,0.0,0.0,0.0,0.0,0.0,0.0,0.0,0.0,0.0,0.0,0.0,0.0,0.0,0.0,0.0,0.0,0.0,0.0,0.0,0.0,0.0,0.0,0.0,0.3077458516277511,0.0,0.0,0.4299564924015985,0.0,0.0,0.0,0.3462069787760011,0.0,0.0,0.0,0.0,0.0,0.0,0.0,0.20161659845845376,0.0,0.0,0.0,0.1844581686512071,0.0,0.0,0.0,0.0,0.0,0.0,0.0,0.0,0.0,0.0,0.0,0.0,0.0,0.0,0.0,0.0,0.0,0.0,0.0,0.0,0.0,0.0,0.0,0.0,0.0,0.0,0.33925508388446063,0.0,0.0,0.0,0.0,0.0,0.0,0.0,0.0,0.0,0.0,0.24511586837686503,0.0,0.0,0.28486452692736797,0.0,0.0,0.0,0.0,0.0,0.0,0.0,0.0,0.0,0.0,0.0,0.0,0.0,0.0,0.0,0.0,0.0,0.0,0.0,0.0,0.0,0.0,0.0,0.0,0.21923392623182072,0.0,0.0,0.0,0.0,0.0,0.0,0.0,0.0,0.3181797580862935,0.0,0.0,0.0,0.0,0.0,0.0
d2c2702cb2dd37133f15a9e2ea360073c5ac9eb6b2664977a2e21266985ea224,0.0,0.0,0.0,0.0,0.0,0.0,0.0,0.0,0.0,0.0,0.0,0.0,0.0,0.0,0.0,0.0,0.0,0.0,0.0,0.0,0.0,0.0,0.0,0.0,0.0,0.0,0.0,0.0,0.0,0.0,0.0,0.0,0.0,0.0,0.3348776442082856,0.0,0.0,0.0,0.0,0.0,0.0,0.0,0.0,0.0,0.0,0.0,0.0,0.0,0.0,0.0,0.0,0.0,0.0,0.0,0.0,0.0,0.0,0.0,0.0,0.0,0.29716505402760995,0.0,0.0,0.41517389631165763,0.0,0.0,0.0,0.33430382573328793,0.0,0.0,0.0,0.0,0.0,0.0,0.0,0.1946846953642791,0.0,0.0,0.0,0.17811619998495873,0.0,0.0,0.0,0.0,0.0,0.0,0.0,0.0,0.0,0.0,0.0,0.0,0.0,0.0,0.0,0.0,0.0,0.0,0.0,0.0,0.0,0.0,0.0,0.0,0.0,0.0,0.32759094817503004,0.0,0.0,0.0,0.0,0.0,0.0,0.0,0.0,0.0,0.0,0.23668839038435724,0.2599636961715944,0.0,0.27507042609079757,0.0,0.0,0.0,0.0,0.0,0.0,0.0,0.0,0.0,0.0,0.0,0.0,0.0,0.0,0.0,0.0,0.0,0.0,0.0,0.0,0.0,0.0,0.0,0.0,0.2116963110591911,0.0,0.0,0.0,0.0,0.0,0.0,0.0,0.0,0.30724022599198225,0.0,0.0,0.0,0.0,0.0,0.0
b9689ae1336839dcea078f89cd37596f2c52fe818915db19064d7dfbf08abe54,0.0,0.0,0.0,0.0,0.0,0.0,0.0,0.0,0.0,0.0,0.25999201868755023,0.0,0.16927409421321318,0.0,0.0,0.0,0.0,0.0,0.0,0.0,0.0,0.24747369901110405,0.0,0.0,0.0,0.0,0.3554173713188619,0.0,0.0,0.0,0.0,0.0,0.0,0.0,0.0,0.0,0.0,0.0,0.0,0.0,0.0,0.0,0.0,0.0,0.32835341812924723,0.0,0.0,0.0,0.0,0.0,0.0,0.0,0.0,0.0,0.0,0.0,0.0,0.0,0.3268955575581889,0.0,0.0,0.0,0.0,0.0,0.0,0.0,0.0,0.0,0.0,0.0,0.0,0.0,0.0,0.0,0.0,0.1609230598608591,0.0,0.2735230958361485,0.0,0.14722782321813355,0.0,0.0,0.0,0.0,0.0,0.0,0.0,0.0,0.0,0.0,0.0,0.0,0.0,0.0,0.0,0.0,0.0,0.0,0.0,0.20670305927446522,0.0,0.0,0.0,0.0,0.0,0.0,0.0,0.0,0.0,0.0,0.0,0.0,0.0,0.0,0.0,0.0,0.21154231327653067,0.0,0.0,0.19047595373583884,0.0,0.0,0.0,0.0,0.26722086846547466,0.0,0.30754979145783173,0.0,0.0,0.0,0.0,0.0,0.0,0.2423860776196023,0.0,0.0,0.0,0.0,0.0,0.0,0.0,0.0,0.0,0.0,0.0,0.17498457222411878,0.0,0.0,0.0,0.0,0.0,0.0,0.0,0.0,0.0,0.0,0.0,0.0,0.0,0.0,0.0
d3e5092f8a81208947a4e9bd1b397d7a681802316d148f950c4184efa1946e31,0.0,0.0,0.0,0.0,0.0,0.0,0.0,0.0,0.0,0.0,0.0,0.0,0.0,0.0,0.0,0.0,0.0,0.0,0.0,0.0,0.0,0.0,0.0,0.0,0.0,0.0,0.0,0.0,0.0,0.0,0.0,0.0,0.0,0.0,0.3468012285132245,0.0,0.0,0.0,0.0,0.0,0.0,0.0,0.0,0.0,0.0,0.0,0.0,0.0,0.0,0.0,0.0,0.0,0.0,0.0,0.0,0.0,0.0,0.0,0.0,0.0,0.3077458516277511,0.0,0.0,0.4299564924015985,0.0,0.0,0.0,0.3462069787760011,0.0,0.0,0.0,0.0,0.0,0.0,0.0,0.20161659845845376,0.0,0.0,0.0,0.1844581686512071,0.0,0.0,0.0,0.0,0.0,0.0,0.0,0.0,0.0,0.0,0.0,0.0,0.0,0.0,0.0,0.0,0.0,0.0,0.0,0.0,0.0,0.0,0.0,0.0,0.0,0.0,0.33925508388446063,0.0,0.0,0.0,0.0,0.0,0.0,0.0,0.0,0.0,0.0,0.24511586837686503,0.0,0.0,0.28486452692736797,0.0,0.0,0.0,0.0,0.0,0.0,0.0,0.0,0.0,0.0,0.0,0.0,0.0,0.0,0.0,0.0,0.0,0.0,0.0,0.0,0.0,0.0,0.0,0.0,0.21923392623182072,0.0,0.0,0.0,0.0,0.0,0.0,0.0,0.0,0.3181797580862935,0.0,0.0,0.0,0.0,0.0,0.0
d3fd49f8f42fa571209af568a65119433e114bb66da21eda12b96a16b5ebfe21,0.0,0.0,0.0,0.0,0.0,0.5743005494704678,0.0,0.0,0.0,0.0,0.31739903244983325,0.0,0.2066503194725513,0.0,0.0,0.0,0.0,0.0,0.0,0.0,0.0,0.0,0.0,0.0,0.0,0.0,0.0,0.0,0.0,0.0,0.0,0.0,0.0,0.0,0.33792335490312475,0.0,0.0,0.0,0.0,0.0,0.0,0.0,0.3784954827849392,0.0,0.0,0.0,0.0,0.0,0.0,0.0,0.0,0.0,0.0,0.0,0.0,0.0,0.0,0.0,0.0,0.0,0.0,0.0,0.0,0.0,0.0,0.0,0.0,0.0,0.0,0.0,0.0,0.0,0.0,0.0,0.0,0.0,0.0,0.0,0.0,0.0,0.0,0.0,0.0,0.0,0.0,0.0,0.0,0.0,0.0,0.0,0.0,0.0,0.0,0.0,0.0,0.0,0.0,0.0,0.0,0.2523437117390151,0.0,0.0,0.0,0.0,0.0,0.0,0.0,0.0,0.0,0.0,0.0,0.0,0.0,0.0,0.0,0.0,0.0,0.0,0.0,0.0,0.0,0.0,0.0,0.0,0.0,0.0,0.0,0.0,0.0,0.0,0.0,0.0,0.0,0.0,0.0,0.0,0.0,0.0,0.0,0.0,0.0,0.0,0.39996222295697287,0.0,0.0,0.21362168807316087,0.0,0.0,0.0,0.0,0.0,0.0,0.0,0.0,0.0,0.0,0.0,0.0,0.0,0.0,0.0
d4ab320cfff425eaafe322870539f5c16bfe1be83103ac093f21c1ac5f41e3b6,0.0,0.0,0.0,0.0,0.3346988229052245,0.0,0.0,0.0,0.0,0.0,0.0,0.0,0.1204345333540521,0.0,0.0,0.0,0.0,0.0,0.0,0.0,0.0,0.0,0.0,0.0,0.0,0.0,0.0,0.0,0.0,0.0,0.0,0.0,0.0,0.0,0.0,0.0,0.0,0.0,0.0,0.0,0.0,0.0,0.0,0.0,0.0,0.0,0.0,0.0,0.0,0.0,0.28520308124873306,0.0,0.0,0.0,0.0,0.0,0.0,0.0,0.0,0.0,0.17476108870928736,0.0,0.0,0.0,0.0,0.0,0.0,0.19660219044262553,0.0,0.0,0.0,0.0,0.0,0.0,0.0,0.0,0.0,0.0,0.0,0.1047491305059054,0.0,0.0,0.0,0.0,0.0,0.0,0.0,0.0,0.0,0.0,0.0,0.0,0.0,0.0,0.0,0.0,0.0,0.0,0.0,0.1470643609247091,0.0,0.0,0.0,0.0,0.0,0.0,0.19265438509151486,0.0,0.0,0.0,0.0,0.0,0.0,0.0,0.0,0.27524647278184944,0.0,0.13919510463224227,0.0,0.13551915731682662,0.0,0.3734010420406671,0.2640654027024474,0.0,0.1901213575868709,0.0,0.2188144369610738,0.0,0.0,0.0,0.0,0.0,0.0,0.0,0.0,0.0,0.0,0.0,0.0,0.0,0.0,0.0,0.0,0.1855672869196883,0.0,0.0,0.0,0.27873288309426003,0.0,0.0,0.0,0.0,0.0,0.0,0.18068624039708778,0.0,0.0,0.31899950851785014,0.0,0.0,0.0
d7d50f809a7808ca53c4430d484bb100aaf9c74c6c12080ff888b8c04212f405,0.0,0.0,0.0,0.0,0.0,0.0,0.0,0.0,0.0,0.0,0.0,0.0,0.0,0.0,0.0,0.0,0.0,0.5254983841664272,0.0,0.0,0.0,0.0,0.0,0.0,0.0,0.0,0.0,0.0,0.0,0.0,0.0,0.0,0.0,0.0,0.0,0.0,0.0,0.0,0.0,0.0,0.0,0.0,0.0,0.0,0.0,0.0,0.0,0.0,0.0,0.0,0.0,0.0,0.0,0.0,0.0,0.0,0.0,0.0,0.0,0.0,0.3895855061836326,0.0,0.0,0.0,0.0,0.0,0.0,0.0,0.0,0.0,0.0,0.0,0.0,0.0,0.0,0.0,0.0,0.0,0.0,0.23351160908778335,0.0,0.0,0.0,0.0,0.0,0.0,0.0,0.0,0.0,0.0,0.0,0.0,0.0,0.0,0.0,0.0,0.0,0.0,0.0,0.32784267891425894,0.0,0.0,0.3596274683937335,0.0,0.0,0.0,0.4294740705079254,0.0,0.0,0.0,0.0,0.0,0.0,0.0,0.0,0.0,0.0,0.3103001686298944,0.0,0.0,0.0,0.0,0.0,0.0,0.0,0.0,0.0,0.0,0.0,0.0,0.0,0.0,0.0,0.0,0.0,0.0,0.0,0.0,0.0,0.0,0.0,0.0,0.0,0.0,0.0,0.0,0.0,0.0,0.0,0.0,0.0,0.0,0.0,0.0,0.0,0.0,0.0,0.0,0.0,0.0,0.0
d50b23e12c661bb78fa3cb317e679fabc4178600048572368bec173a520e4aaf,0.0,0.0,0.0,0.0,0.0,0.0,0.0,0.0,0.0,0.0,0.0,0.0,0.0,0.0,0.0,0.0,0.0,0.5254983841664272,0.0,0.0,0.0,0.0,0.0,0.0,0.0,0.0,0.0,0.0,0.0,0.0,0.0,0.0,0.0,0.0,0.0,0.0,0.0,0.0,0.0,0.0,0.0,0.0,0.0,0.0,0.0,0.0,0.0,0.0,0.0,0.0,0.0,0.0,0.0,0.0,0.0,0.0,0.0,0.0,0.0,0.0,0.3895855061836326,0.0,0.0,0.0,0.0,0.0,0.0,0.0,0.0,0.0,0.0,0.0,0.0,0.0,0.0,0.0,0.0,0.0,0.0,0.23351160908778335,0.0,0.0,0.0,0.0,0.0,0.0,0.0,0.0,0.0,0.0,0.0,0.0,0.0,0.0,0.0,0.0,0.0,0.0,0.0,0.32784267891425894,0.0,0.0,0.3596274683937335,0.0,0.0,0.0,0.4294740705079254,0.0,0.0,0.0,0.0,0.0,0.0,0.0,0.0,0.0,0.0,0.3103001686298944,0.0,0.0,0.0,0.0,0.0,0.0,0.0,0.0,0.0,0.0,0.0,0.0,0.0,0.0,0.0,0.0,0.0,0.0,0.0,0.0,0.0,0.0,0.0,0.0,0.0,0.0,0.0,0.0,0.0,0.0,0.0,0.0,0.0,0.0,0.0,0.0,0.0,0.0,0.0,0.0,0.0,0.0,0.0
d56e5fd63229d155f3490e40ed3b77a5c5b7ede955ed8af77c0434056bb5087c,0.0,0.0,0.0,0.0,0.0,0.0,0.31216856864556547,0.0,0.0,0.0,0.0,0.0,0.11732411953903121,0.0,0.0,0.0,0.30278522967769694,0.2296410926851496,0.0,0.0,0.0,0.0,0.0,0.0,0.0,0.3093767671741576,0.0,0.0,0.0,0.0,0.0,0.0,0.0,0.0,0.0,0.0,0.0,0.0,0.0,0.0,0.0,0.0,0.0,0.0,0.0,0.0,0.0,0.0,0.0,0.2856860747583092,0.0,0.0,0.0,0.0,0.0,0.0,0.0,0.0,0.0,0.0,0.17024760499734032,0.31076083767614165,0.0,0.0,0.0,0.0,0.0,0.0,0.0,0.0,0.0,0.0,0.0,0.0,0.0,0.11153600555038956,0.0,0.0,0.0,0.0,0.0,0.0,0.0,0.0,0.0,0.0,0.0,0.0,0.244447101421237,0.0,0.0,0.0,0.0,0.0,0.0,0.0,0.0,0.0,0.0,0.0,0.0,0.0,0.0,0.0,0.0,0.0,0.0,0.0,0.0,0.0,0.0,0.0,0.0,0.0,0.23558368863307247,0.26813779383708536,0.1466202833090189,0.1356001691567287,0.14893472856117906,0.13201915904075853,0.15758946286868966,0.0,0.0,0.0,0.0,0.0,0.0,0.0,0.0,0.0,0.0,0.0,0.30028957637775433,0.0,0.0,0.0,0.0,0.0,0.0,0.0,0.0,0.0,0.0,0.1807747159122172,0.0,0.12128206010808612,0.0,0.0,0.0,0.0,0.0,0.0,0.0,0.0,0.0,0.0,0.0,0.0,0.0,0.0,0.0
d65fa9ed1220cfa12d22239ca62a4b5978bb613090fc1dcb0cccdf191151d125,0.0,0.2013625511280563,0.23713543461942257,0.0,0.0,0.0,0.0,0.0,0.0,0.0,0.0,0.0,0.09414673014885734,0.0,0.0,0.0,0.0,0.18427547608337277,0.0,0.0,0.0,0.137639723715735,0.0,0.0,0.0,0.0,0.0,0.0,0.0,0.0,0.0,0.0,0.0,0.0,0.0,0.33159737986054844,0.0,0.0,0.0,0.0,0.0,0.0,0.0,0.0,0.0,0.0,0.0,0.19665908339099697,0.0,0.0,0.22295048421876654,0.0,0.2702741983909967,0.0,0.0,0.0,0.0,0.0,0.0,0.0,0.13661517673560378,0.0,0.0,0.1908671778591991,0.18181250939394333,0.0,0.0,0.0,0.0,0.0,0.0,0.0,0.0,0.0,0.0,0.08950205855106039,0.0,0.0,0.0,0.08188505280354547,0.0,0.0,0.0,0.0,0.2963041642615552,0.27672633948877656,0.0,0.0,0.0,0.0,0.0,0.0,0.0,0.0,0.0,0.0,0.0,0.0,0.0,0.0,0.0,0.0,0.0,0.0,0.0,0.0,0.0,0.0,0.0,0.0,0.0,0.0,0.0,0.0,0.18904411171678712,0.0,0.0,0.10881234467300532,0.11951266077882575,0.10593876339770404,0.12645765161754402,0.0,0.2064266246358997,0.28201571821485255,0.0,0.0,0.0,0.0,0.0,0.0,0.0,0.0,0.0,0.0,0.0,0.0,0.0,0.0,0.0,0.0,0.0,0.0,0.0,0.0,0.0,0.09732277923547385,0.0,0.0,0.0,0.0,0.0,0.0,0.0,0.0,0.14124701813114834,0.0,0.0,0.24937000883092375,0.0,0.0,0.0
d91f951bdcf35012ac6b47c28cf32ec143e4269243d8c229f6cb326fd343df95,0.0,0.0,0.0,0.0,0.0,0.0,0.0,0.0,0.0,0.0,0.0,0.0,0.0,0.0,0.0,0.0,0.0,0.0,0.0,0.0,0.0,0.0,0.0,0.0,0.0,0.0,0.0,0.0,0.0,0.0,0.0,0.0,0.0,0.0,0.0,0.0,0.0,0.0,0.0,0.0,0.0,0.0,0.0,0.0,0.0,0.0,0.0,0.0,0.0,0.0,0.0,0.0,0.0,0.0,0.0,0.0,0.0,0.0,0.0,0.0,0.0,0.0,0.0,0.0,0.0,0.0,0.0,0.4478978214442973,0.0,0.0,0.0,0.0,0.0,0.0,0.0,0.0,0.0,0.0,0.0,0.23863878243752923,0.0,0.0,0.0,0.0,0.0,0.0,0.0,0.0,0.0,0.0,0.0,0.0,0.0,0.0,0.0,0.0,0.0,0.0,0.0,0.0,0.0,0.0,0.3675237454952791,0.0,0.0,0.0,0.0,0.0,0.0,0.0,0.0,0.0,0.0,0.0,0.0,0.0,0.0,0.31711337488219155,0.3482974593977859,0.30873885580581756,0.36853734569019314,0.0,0.0,0.0,0.0,0.0,0.0,0.0,0.0,0.0,0.0,0.0,0.0,0.3928789897086929,0.0,0.0,0.0,0.0,0.0,0.0,0.0,0.0,0.0,0.0,0.0,0.0,0.0,0.0,0.0,0.0,0.0,0.0,0.0,0.0,0.0,0.0,0.0,0.0,0.0,0.0,0.0
d173fdd600b0577f376067d758da1ccfa63daba40f5f9cbd1e0c14c13df739e4,0.0,0.0,0.0,0.0,0.0,0.0,0.0,0.0,0.0,0.0,0.17913815748055625,0.0,0.11663223163395187,0.0,0.0,0.0,0.0,0.0,0.0,0.0,0.0,0.17051285916212544,0.0,0.0,0.0,0.0,0.0,0.0,0.0,0.0,0.0,0.0,0.0,0.0,0.0,0.0,0.49605254766948703,0.0,0.0,0.0,0.0,0.0,0.0,0.20193462237052806,0.0,0.0,0.0,0.0,0.2871302818063663,0.0,0.0,0.0,0.0,0.0,0.0,0.0,0.0,0.0,0.22523563671363275,0.0,0.0,0.0,0.0,0.0,0.22523563671363275,0.0,0.0,0.1903951597341006,0.0,0.0,0.0,0.0,0.0,0.0,0.0,0.11087825151375683,0.0,0.0,0.0,0.10144204085305036,0.0,0.0,0.0,0.0,0.0,0.0,0.0,0.0,0.0,0.0,0.0,0.0,0.0,0.0,0.0,0.0,0.0,0.0,0.0,0.0,0.0,0.0,0.15622925336856322,0.0,0.0,0.0,0.0,0.0,0.0,0.0,0.0,0.0,0.0,0.0,0.0,0.0,0.0,0.13480050309202796,0.14805642546593634,0.13124061103427928,0.15666012077129998,0.0,0.0,0.0,0.1841189366462327,0.0,0.0,0.0,0.0,0.0,0.0,0.0,0.0,0.16700741646956507,0.0,0.0,0.0,0.3670718660713642,0.0,0.0,0.0,0.0,0.0,0.0,0.0,0.0,0.24945490585214955,0.0,0.0,0.0,0.0,0.0,0.0,0.0,0.17498170048210684,0.0,0.0,0.0,0.0,0.0,0.0
d460a39b8a903a1d6a559515723fd55c7ed0a4c06fbce1635fc8e21662250f9e,0.0,0.0,0.0,0.0,0.0,0.0,0.0,0.0,0.0,0.0,0.11928188895807698,0.0,0.07766135980383625,0.0,0.0,0.0,0.0,0.0,0.0,0.0,0.0,0.11353860181747422,0.25473616533685384,0.0,0.0,0.0,0.0,0.0,0.0,0.0,0.0,0.0,0.0,0.0,0.0,0.0,0.0,0.0,0.0,0.0,0.0,0.0,0.14224257648240532,0.13446126465271346,0.0,0.0,0.0,0.0,0.0,0.0,0.0,0.35240642686149243,0.0,0.0,0.0,0.0,0.0,0.0,0.0,0.0,0.0,0.0,0.0,0.0,0.14997660233718446,0.29726324090430173,0.0,0.12677753651688278,0.0,0.0,0.26747070030251385,0.0,0.0,0.0,0.0,0.07382998391264131,0.0,0.0,0.0,0.06754673835487911,0.0,0.0,0.0,0.0,0.0,0.22827074062218242,0.0,0.0,0.16180896452552485,0.0,0.0,0.0,0.0,0.0,0.0,0.0,0.0,0.0,0.0,0.0,0.0,0.0,0.0,0.0,0.0,0.0,0.0,0.0,0.0,0.0,0.0,0.0,0.0,0.0,0.0,0.0,0.09705362052867572,0.089758981935836,0.09858564110705724,0.08738857322388299,0.0,0.0,0.17028071334599215,0.0,0.12259841713789488,0.0,0.0,0.0,0.21582817641804355,0.0,0.0,0.0,0.0,0.11120444905022656,0.0,0.0,0.35240642686149243,0.0,0.0,0.0,0.0,0.0,0.1503100028312778,0.0,0.0,0.08028127332053914,0.0,0.17973893467504878,0.0,0.0,0.3402426909423039,0.0,0.0,0.0,0.1165142483329808,0.0,0.0,0.0,0.0,0.0,0.0
9bb8cdc427b0a4da39b2d80146810b01f9095a0a00111b0acd964c63c68f6cdd,0.0,0.0,0.0,0.0,0.0,0.0,0.311264744329137,0.0,0.0,0.0,0.0,0.0,0.1169844300161461,0.0,0.0,0.0,0.30190857302252677,0.22897621087299092,0.0,0.0,0.0,0.0,0.0,0.0,0.0,0.308481025984315,0.0,0.0,0.0,0.0,0.0,0.0,0.0,0.0,0.0,0.0,0.0,0.0,0.0,0.0,0.0,0.0,0.0,0.0,0.0,0.0,0.0,0.0,0.0,0.2848589254320593,0.0,0.0,0.0,0.0,0.0,0.0,0.0,0.0,0.0,0.0,0.16975468565610766,0.30986108917518257,0.0,0.0,0.0,0.0,0.0,0.0,0.0,0.0,0.0,0.0,0.0,0.0,0.0,0.11121307440324961,0.0,0.0,0.0,0.0,0.0,0.0,0.0,0.0,0.0,0.0,0.0,0.0,0.24373935164583974,0.0,0.0,0.0,0.0,0.0,0.0,0.0,0.0,0.0,0.0,0.14285138954197668,0.0,0.0,0.0,0.0,0.0,0.0,0.0,0.0,0.0,0.0,0.0,0.0,0.0,0.0,0.2349016011722357,0.2673614521980954,0.14619577235357167,0.13520756483167629,0.1485035165726745,0.13163692284480455,0.15713319275420753,0.0,0.0,0.0,0.0,0.0,0.0,0.0,0.0,0.0,0.0,0.0,0.29942014540884604,0.0,0.0,0.0,0.0,0.0,0.0,0.0,0.0,0.0,0.0,0.1802513173370633,0.0,0.0,0.0,0.0,0.0,0.0,0.0,0.0,0.0,0.0,0.0,0.0,0.0,0.0,0.0,0.0,0.0
d781282fe08b3d2d77182bd1a51f54027f259ef44425202317a630632576200e,0.0,0.0,0.0,0.0,0.0,0.0,0.0,0.0,0.0,0.0,0.0,0.0,0.0,0.0,0.0,0.0,0.0,0.0,0.0,0.0,0.0,0.0,0.0,0.0,0.0,0.0,0.0,0.0,0.0,0.0,0.0,0.0,0.0,0.0,0.3348776442082856,0.0,0.0,0.0,0.0,0.0,0.0,0.0,0.0,0.0,0.0,0.0,0.0,0.0,0.0,0.0,0.0,0.0,0.0,0.0,0.0,0.0,0.0,0.0,0.0,0.0,0.29716505402760995,0.0,0.0,0.41517389631165763,0.0,0.0,0.0,0.33430382573328793,0.0,0.0,0.0,0.0,0.0,0.0,0.0,0.1946846953642791,0.0,0.0,0.0,0.17811619998495873,0.0,0.0,0.0,0.0,0.0,0.0,0.0,0.0,0.0,0.0,0.0,0.0,0.0,0.0,0.0,0.0,0.0,0.0,0.0,0.0,0.0,0.0,0.0,0.0,0.0,0.0,0.32759094817503004,0.0,0.0,0.0,0.0,0.0,0.0,0.0,0.0,0.0,0.0,0.23668839038435724,0.2599636961715944,0.0,0.27507042609079757,0.0,0.0,0.0,0.0,0.0,0.0,0.0,0.0,0.0,0.0,0.0,0.0,0.0,0.0,0.0,0.0,0.0,0.0,0.0,0.0,0.0,0.0,0.0,0.0,0.2116963110591911,0.0,0.0,0.0,0.0,0.0,0.0,0.0,0.0,0.30724022599198225,0.0,0.0,0.0,0.0,0.0,0.0
d4369262b0f74e13c652162343d6edfff7c696a480bc447731b1171f0b41e7fd,0.0,0.0,0.0,0.0,0.0,0.0,0.0,0.0,0.0,0.0,0.0,0.0,0.0,0.0,0.0,0.0,0.0,0.0,0.0,0.0,0.0,0.0,0.0,0.0,0.0,0.0,0.0,0.0,0.0,0.0,0.0,0.0,0.0,0.0,0.3468012285132245,0.0,0.0,0.0,0.0,0.0,0.0,0.0,0.0,0.0,0.0,0.0,0.0,0.0,0.0,0.0,0.0,0.0,0.0,0.0,0.0,0.0,0.0,0.0,0.0,0.0,0.3077458516277511,0.0,0.0,0.4299564924015985,0.0,0.0,0.0,0.3462069787760011,0.0,0.0,0.0,0.0,0.0,0.0,0.0,0.20161659845845376,0.0,0.0,0.0,0.1844581686512071,0.0,0.0,0.0,0.0,0.0,0.0,0.0,0.0,0.0,0.0,0.0,0.0,0.0,0.0,0.0,0.0,0.0,0.0,0.0,0.0,0.0,0.0,0.0,0.0,0.0,0.0,0.33925508388446063,0.0,0.0,0.0,0.0,0.0,0.0,0.0,0.0,0.0,0.0,0.24511586837686503,0.0,0.0,0.28486452692736797,0.0,0.0,0.0,0.0,0.0,0.0,0.0,0.0,0.0,0.0,0.0,0.0,0.0,0.0,0.0,0.0,0.0,0.0,0.0,0.0,0.0,0.0,0.0,0.0,0.21923392623182072,0.0,0.0,0.0,0.0,0.0,0.0,0.0,0.0,0.3181797580862935,0.0,0.0,0.0,0.0,0.0,0.0
1cc7c198a8a2c935fd6f07970479e544f5b35a8eb3173de0305ebdf76a0988cb,0.0,0.0,0.0,0.0,0.0,0.0,0.0,0.0,0.0,0.0,0.0,0.0,0.0,0.0,0.0,0.0,0.0,0.0,0.0,0.0,0.0,0.0,0.0,0.0,0.0,0.0,0.0,0.0,0.0,0.0,0.0,0.0,0.0,0.0,0.0,0.0,0.0,0.0,0.0,0.0,0.0,0.3821877995464524,0.0,0.0,0.0,0.0,0.0,0.0,0.0,0.0,0.0,0.0,0.0,0.0,0.0,0.0,0.0,0.0,0.0,0.0,0.0,0.0,0.0,0.0,0.25562573229902447,0.0,0.0,0.0,0.0,0.0,0.0,0.0,0.0,0.0,0.0,0.0,0.0,0.0,0.0,0.11512918806866154,0.0,0.0,0.0,0.0,0.0,0.0,0.0,0.0,0.0,0.0,0.0,0.0,0.0,0.0,0.0,0.0,0.0,0.0,0.0,0.0,0.0,0.0,0.0,0.0,0.0,0.0,0.0,0.0,0.0,0.0,0.0,0.0,0.0,0.0,0.0,0.0,0.0,0.1529885670844684,0.0,0.14894835378853924,0.17779761088664928,0.0,0.29023281876734025,0.0,0.0,0.0,0.24049773342614542,0.0,0.36786561895559455,0.0,0.0,0.0,0.0,0.0,0.0,0.0,0.0,0.0,0.0,0.0,0.0,0.0,0.25619399257511644,0.0,0.0,0.13683440591834797,0.2831128053910677,0.3063537650736889,0.0,0.0,0.0,0.0,0.0,0.0,0.19859124416238425,0.0,0.0,0.3506105896305428,0.0,0.0,0.0
dac434ec87d2d83b5426f13247201e8d8826133fc445a4468f4fdc49b19eea2c,0.0,0.4666278436748607,0.0,0.0,0.0,0.0,0.0,0.0,0.0,0.0,0.0,0.0,0.21817108212173034,0.0,0.0,0.0,0.0,0.0,0.0,0.0,0.0,0.0,0.0,0.0,0.0,0.0,0.0,0.0,0.0,0.0,0.0,0.0,0.0,0.0,0.0,0.0,0.0,0.0,0.0,0.0,0.0,0.0,0.3995966193913644,0.0,0.0,0.0,0.0,0.0,0.0,0.0,0.0,0.0,0.0,0.0,0.0,0.0,0.0,0.0,0.0,0.0,0.0,0.0,0.0,0.0,0.0,0.0,0.0,0.3561512752349363,0.0,0.0,0.0,0.0,0.0,0.0,0.0,0.0,0.0,0.0,0.0,0.1897564636764113,0.0,0.0,0.0,0.0,0.0,0.0,0.0,0.0,0.0,0.0,0.0,0.0,0.0,0.0,0.0,0.0,0.0,0.0,0.0,0.0,0.0,0.0,0.0,0.0,0.0,0.0,0.0,0.0,0.0,0.0,0.0,0.0,0.0,0.0,0.0,0.0,0.0,0.0,0.2769528637705975,0.0,0.0,0.0,0.0,0.0,0.0,0.0,0.3963894836982686,0.0,0.0,0.0,0.0,0.0,0.0,0.0,0.0,0.0,0.0,0.0,0.0,0.0,0.0,0.0,0.42226013109031774,0.0,0.0,0.0,0.0,0.0,0.0,0.0,0.0,0.0,0.0,0.0,0.0,0.0,0.0,0.0,0.0,0.0,0.0
dbf0b7ed54f95802d589b2642b3d2cc7ae2e7f0a702480d49afaad1afae4042b,0.0,0.0,0.0,0.0,0.0,0.0,0.0,0.0,0.0,0.0,0.0,0.0,0.0,0.0,0.0,0.0,0.0,0.0,0.0,0.0,0.0,0.0,0.0,0.0,0.0,0.0,0.0,0.0,0.0,0.0,0.0,0.0,0.0,0.0,0.3348776442082856,0.0,0.0,0.0,0.0,0.0,0.0,0.0,0.0,0.0,0.0,0.0,0.0,0.0,0.0,0.0,0.0,0.0,0.0,0.0,0.0,0.0,0.0,0.0,0.0,0.0,0.29716505402760995,0.0,0.0,0.41517389631165763,0.0,0.0,0.0,0.33430382573328793,0.0,0.0,0.0,0.0,0.0,0.0,0.0,0.1946846953642791,0.0,0.0,0.0,0.17811619998495873,0.0,0.0,0.0,0.0,0.0,0.0,0.0,0.0,0.0,0.0,0.0,0.0,0.0,0.0,0.0,0.0,0.0,0.0,0.0,0.0,0.0,0.0,0.0,0.0,0.0,0.0,0.32759094817503004,0.0,0.0,0.0,0.0,0.0,0.0,0.0,0.0,0.0,0.0,0.23668839038435724,0.2599636961715944,0.0,0.27507042609079757,0.0,0.0,0.0,0.0,0.0,0.0,0.0,0.0,0.0,0.0,0.0,0.0,0.0,0.0,0.0,0.0,0.0,0.0,0.0,0.0,0.0,0.0,0.0,0.0,0.2116963110591911,0.0,0.0,0.0,0.0,0.0,0.0,0.0,0.0,0.30724022599198225,0.0,0.0,0.0,0.0,0.0,0.0
dce6c3f6f356f732d43ba6d44d14f71b4e97f7b8057c0a10b35aed8460fb4eab,0.0,0.0,0.0,0.0,0.0,0.0,0.0,0.0,0.0,0.0,0.0,0.0,0.0,0.0,0.0,0.0,0.0,0.0,0.0,0.0,0.0,0.0,0.0,0.0,0.0,0.0,0.0,0.0,0.0,0.0,0.0,0.0,0.0,0.0,0.3468012285132245,0.0,0.0,0.0,0.0,0.0,0.0,0.0,0.0,0.0,0.0,0.0,0.0,0.0,0.0,0.0,0.0,0.0,0.0,0.0,0.0,0.0,0.0,0.0,0.0,0.0,0.3077458516277511,0.0,0.0,0.4299564924015985,0.0,0.0,0.0,0.3462069787760011,0.0,0.0,0.0,0.0,0.0,0.0,0.0,0.20161659845845376,0.0,0.0,0.0,0.1844581686512071,0.0,0.0,0.0,0.0,0.0,0.0,0.0,0.0,0.0,0.0,0.0,0.0,0.0,0.0,0.0,0.0,0.0,0.0,0.0,0.0,0.0,0.0,0.0,0.0,0.0,0.0,0.33925508388446063,0.0,0.0,0.0,0.0,0.0,0.0,0.0,0.0,0.0,0.0,0.24511586837686503,0.0,0.0,0.28486452692736797,0.0,0.0,0.0,0.0,0.0,0.0,0.0,0.0,0.0,0.0,0.0,0.0,0.0,0.0,0.0,0.0,0.0,0.0,0.0,0.0,0.0,0.0,0.0,0.0,0.21923392623182072,0.0,0.0,0.0,0.0,0.0,0.0,0.0,0.0,0.3181797580862935,0.0,0.0,0.0,0.0,0.0,0.0
dd5acb7be06b30114b942f3aad28b0a27620378b2146230ef99994a6604d87db,0.0,0.0,0.0,0.0,0.0,0.0,0.0,0.0,0.0,0.0,0.0,0.0,0.0,0.0,0.0,0.0,0.0,0.0,0.0,0.0,0.0,0.0,0.0,0.0,0.0,0.0,0.0,0.0,0.0,0.0,0.0,0.0,0.0,0.0,0.3468012285132245,0.0,0.0,0.0,0.0,0.0,0.0,0.0,0.0,0.0,0.0,0.0,0.0,0.0,0.0,0.0,0.0,0.0,0.0,0.0,0.0,0.0,0.0,0.0,0.0,0.0,0.3077458516277511,0.0,0.0,0.4299564924015985,0.0,0.0,0.0,0.3462069787760011,0.0,0.0,0.0,0.0,0.0,0.0,0.0,0.20161659845845376,0.0,0.0,0.0,0.1844581686512071,0.0,0.0,0.0,0.0,0.0,0.0,0.0,0.0,0.0,0.0,0.0,0.0,0.0,0.0,0.0,0.0,0.0,0.0,0.0,0.0,0.0,0.0,0.0,0.0,0.0,0.0,0.33925508388446063,0.0,0.0,0.0,0.0,0.0,0.0,0.0,0.0,0.0,0.0,0.24511586837686503,0.0,0.0,0.28486452692736797,0.0,0.0,0.0,0.0,0.0,0.0,0.0,0.0,0.0,0.0,0.0,0.0,0.0,0.0,0.0,0.0,0.0,0.0,0.0,0.0,0.0,0.0,0.0,0.0,0.21923392623182072,0.0,0.0,0.0,0.0,0.0,0.0,0.0,0.0,0.3181797580862935,0.0,0.0,0.0,0.0,0.0,0.0
dd5d4cf9422b6e4514d49a3ec542cffb682be8a24079010cda689afbb44ac0f4,0.0,0.21136647965301067,0.0,0.0,0.0,0.0,0.0,0.0,0.0,0.0,0.0,0.0,0.0988240505045593,0.0,0.0,0.0,0.0,0.0,0.0,0.0,0.0,0.14447782717903,0.0,0.0,0.0,0.0,0.0,0.0,0.0,0.0,0.0,0.0,0.0,0.0,0.16160127299513932,0.3480715279511606,0.0,0.0,0.0,0.0,0.0,0.0,0.0,0.0,0.0,0.0,0.0,0.0,0.0,0.0,0.234026926666648,0.0,0.0,0.0,0.0,0.0,0.0,0.0,0.0,0.336798404703913,0.14340237949912976,0.0,0.0,0.0,0.0,0.0,0.0,0.0,0.0,0.0,0.0,0.0,0.0,0.0,0.0,0.0,0.0,0.0,0.0,0.08595319859788352,0.0,0.0,0.0,0.0,0.0,0.0,0.0,0.0,0.0,0.0,0.0,0.0,0.0,0.0,0.0,0.0,0.0,0.0,0.0,0.0,0.0,0.0,0.1323751368630256,0.0,0.0,0.0,0.0,0.0,0.3241516724941956,0.0,0.0,0.0,0.0,0.0,0.19843604567413714,0.0,0.0,0.11421827001832528,0.0,0.0,0.1327402165787466,0.30639885761503965,0.21668214229266516,0.29602659100192247,0.0,0.0,0.0,0.0,0.27464127154763107,0.0,0.0,0.0,0.0,0.0,0.0,0.0,0.0,0.0,0.0,0.0,0.0,0.0,0.0,0.0,0.0,0.10215788944771201,0.0,0.22871772529902687,0.0,0.0,0.0,0.0,0.0,0.0,0.14826433622644963,0.0,0.0,0.0,0.0,0.0,0.0
dd7a018d9ee987fd7027e438b2636e802d98c2dd7aceaf2ec6db711fb08c6dab,0.0,0.3056801533887673,0.0,0.0,0.0,0.0,0.0,0.0,0.0,0.0,0.0,0.0,0.1429202537995844,0.0,0.0,0.0,0.0,0.0,0.0,0.0,0.0,0.0,0.0,0.0,0.0,0.0,0.0,0.0,0.0,0.0,0.0,0.0,0.0,0.0,0.0,0.0,0.0,0.0,0.0,0.0,0.0,0.0,0.0,0.0,0.0,0.0,0.0,0.29854001371895816,0.0,0.34801306391122094,0.0,0.0,0.0,0.0,0.0,0.3992571915773188,0.0,0.0,0.0,0.0,0.0,0.0,0.0,0.0,0.27600204431356007,0.0,0.0,0.23330878754693057,0.0,0.0,0.0,0.0,0.0,0.0,0.0,0.13586937011490108,0.0,0.0,0.0,0.0,0.0,0.0,0.0,0.0,0.0,0.0,0.0,0.0,0.0,0.0,0.0,0.0,0.0,0.0,0.0,0.0,0.0,0.0,0.0,0.0,0.0,0.0,0.19144214450454544,0.0,0.0,0.0,0.0,0.0,0.0,0.0,0.0,0.0,0.0,0.4150699413001889,0.0,0.0,0.1786078445337974,0.0,0.18142722305667588,0.16082125133899564,0.0,0.0,0.0,0.0,0.0,0.0,0.0,0.0,0.0,0.0,0.0,0.0,0.0,0.0,0.0,0.0,0.0,0.0,0.0,0.0,0.0,0.0,0.0,0.0,0.0,0.14774168244422733,0.0,0.0,0.0,0.0,0.0,0.0,0.0,0.0,0.2144212512513185,0.0,0.0,0.0,0.0,0.0,0.0
9bc85e2d8b9379ab4b4a7a165602aa01a3251bd131a10d3cc67f494c3a46aced,0.0,0.0,0.0,0.0,0.0,0.0,0.0,0.0,0.0,0.0,0.17063032656305152,0.0,0.11109300247011158,0.0,0.0,0.0,0.0,0.21744478950403132,0.0,0.0,0.0,0.16241467061639855,0.0,0.0,0.0,0.0,0.0,0.0,0.0,0.0,0.0,0.0,0.0,0.0,0.0,0.0,0.0,0.0,0.0,0.0,0.0,0.0,0.0,0.1923441160949173,0.0,0.0,0.0,0.0,0.2734935674219996,0.0,0.0,0.0,0.0,0.0,0.0,0.0,0.0,0.0,0.0,0.0,0.0,0.0,0.0,0.0,0.0,0.0,0.0,0.18135269860068826,0.0,0.0,0.0,0.0,0.0,0.0,0.0,0.1056122968473983,0.2252229878600047,0.17951064575234874,0.0,0.09662424131975977,0.0,0.0,0.0,0.0,0.0,0.0,0.0,0.0,0.23146444694150686,0.0,0.0,0.0,0.0,0.0,0.0,0.0,0.0,0.0,0.0,0.13565728164897972,0.0,0.0,0.0,0.0,0.25311322887392335,0.0,0.0,0.0,0.0,0.0,0.0,0.0,0.0,0.0,0.0,0.0,0.13883323872205552,0.0,0.14102476313430246,0.12500758428055236,0.0,0.0,0.0,0.0,0.17537455296088114,0.0,0.0,0.0,0.3087378356043799,0.0,0.0,0.0,0.0,0.15907571235205134,0.0,0.0,0.0,0.0,0.0,0.0,0.0,0.0,0.0,0.17117371977966173,0.0,0.11484073569958017,0.23760751280992456,0.2571129061384793,0.0,0.0,0.0,0.31892315476049327,0.0,0.0,0.1666712726966653,0.0,0.0,0.0,0.0,0.0,0.0
dd320feecf526e20968e9c62648ace610eb9ba57541b937fdbffffc6a96a59fa,0.0,0.0,0.0,0.0,0.0,0.0,0.0,0.0,0.0,0.0,0.0,0.0,0.0,0.0,0.0,0.0,0.0,0.0,0.0,0.0,0.0,0.0,0.0,0.0,0.0,0.0,0.0,0.0,0.0,0.0,0.0,0.0,0.0,0.0,0.31353919825837034,0.0,0.0,0.0,0.0,0.0,0.0,0.0,0.0,0.0,0.0,0.0,0.0,0.0,0.0,0.0,0.0,0.0,0.0,0.0,0.0,0.0,0.0,0.0,0.0,0.0,0.2782296591057924,0.0,0.0,0.3887189629965157,0.0,0.0,0.0,0.3130019435693571,0.0,0.0,0.0,0.0,0.0,0.0,0.0,0.1822793618905327,0.0,0.0,0.0,0.16676661313759253,0.0,0.0,0.0,0.0,0.0,0.0,0.0,0.0,0.0,0.0,0.0,0.0,0.0,0.0,0.0,0.0,0.0,0.0,0.0,0.0,0.0,0.0,0.2568345750755533,0.0,0.0,0.0,0.3067168114202738,0.0,0.0,0.0,0.0,0.0,0.0,0.0,0.0,0.0,0.239616360204893,0.22160657613805385,0.24339877648932529,0.0,0.2575429036626121,0.0,0.0,0.0,0.0,0.0,0.0,0.0,0.0,0.0,0.0,0.0,0.0,0.0,0.0,0.0,0.0,0.0,0.0,0.0,0.0,0.0,0.0,0.0,0.0,0.19820699527636934,0.0,0.0,0.0,0.0,0.0,0.0,0.0,0.0,0.28766283983510893,0.0,0.0,0.0,0.0,0.0,0.0
ddc739b6d73bd1dc3f6cd7be4daced463081b6a8baffd3fee7931f529e9c23fd,0.0,0.0,0.0,0.0,0.0,0.0,0.0,0.0,0.0,0.0,0.0,0.35705115375022006,0.1329617594104079,0.44858839407084433,0.0,0.0,0.0,0.0,0.0,0.0,0.0,0.0,0.0,0.45792882062308976,0.0,0.0,0.0,0.0,0.0,0.0,0.0,0.0,0.0,0.0,0.21742470047211893,0.0,0.0,0.0,0.0,0.0,0.0,0.0,0.0,0.0,0.0,0.0,0.0,0.0,0.0,0.0,0.0,0.0,0.0,0.0,0.0,0.0,0.0,0.0,0.0,0.0,0.0,0.0,0.0,0.0,0.0,0.0,0.0,0.0,0.0,0.0,0.0,0.0,0.0,0.0,0.0,0.12640217198182496,0.0,0.0,0.0,0.11564480968121761,0.0,0.0,0.0,0.0,0.0,0.0,0.0,0.0,0.27702843043223807,0.0,0.0,0.0,0.0,0.0,0.0,0.0,0.0,0.0,0.0,0.162361538925319,0.0,0.0,0.17810270890171015,0.0,0.0,0.0,0.2126936957906701,0.0,0.0,0.0,0.0,0.0,0.0,0.0,0.0,0.0,0.16616268599002001,0.1536737470374069,0.16878561394375508,0.14961543910075575,0.0,0.0,0.0,0.0,0.0,0.0,0.0,0.0,0.0,0.0,0.0,0.0,0.0,0.0,0.0,0.0,0.0,0.0,0.0,0.0,0.0,0.0,0.25734139196005756,0.0,0.0,0.1374472372795028,0.0,0.0,0.0,0.0,0.0,0.0,0.0,0.0,0.0,0.0,0.0,0.0,0.0,0.0,0.0
dddf7894b2e6aafa1903384759d68455c3a4a8348a7e2da3bd272555eba9bec0,0.0,0.20758598434606737,0.0,0.0,0.2697290449737521,0.2697290449737521,0.0,0.0,0.0,0.0,0.0,0.0,0.09705648613125403,0.0,0.0,0.0,0.0,0.0,0.0,0.0,0.0,0.0,0.0,0.0,0.0,0.0,0.0,0.0,0.0,0.0,0.0,0.0,0.0,0.0,0.0,0.34184592973870914,0.0,0.0,0.0,0.0,0.0,0.0,0.0,0.0,0.0,0.0,0.0,0.0,0.0,0.0,0.22984112719922983,0.0,0.0,0.0,0.0,0.0,0.0,0.0,0.0,0.0,0.14083748830355822,0.0,0.0,0.0,0.0,0.0,0.0,0.0,0.0,0.0,0.0,0.0,0.0,0.0,0.0,0.09226826349406793,0.0,0.0,0.0,0.08441584194393578,0.0,0.0,0.0,0.0,0.0,0.0,0.0,0.0,0.0,0.0,0.0,0.0,0.0,0.0,0.0,0.0,0.0,0.0,0.0,0.11851708732519052,0.0,0.0,0.13000747863979079,0.0,0.0,0.0,0.15525744264554636,0.0,0.0,0.0,0.0,0.0,0.0,0.0,0.19488682376993074,0.22181723733418968,0.12129176463845667,0.11217536503887761,0.12320639160860067,0.10921297111662097,0.0,0.0,0.21280657118327911,0.0,0.15321611162505058,0.0,0.17633945824987973,0.0,0.0,0.0,0.0,0.0,0.0,0.13897661712644788,0.0,0.0,0.0,0.0,0.0,0.0,0.3129010487133148,0.0,0.18784838099708412,0.0,0.0,0.100330696118579,0.0,0.22462688606790943,0.0,0.0,0.0,0.0,0.0,0.0,0.1456124842004741,0.0,0.0,0.2570771896738359,0.0,0.0,0.0
e0c0cbc50a9ed4d01a176497c8dba913cbbba515ea701a67ef00dcb7c8a84368,0.0,0.0,0.0,0.0,0.0,0.0,0.0,0.0,0.0,0.0,0.0,0.0,0.0,0.0,0.0,0.0,0.0,0.0,0.0,0.0,0.0,0.0,0.0,0.0,0.0,0.0,0.0,0.0,0.0,0.0,0.0,0.0,0.0,0.0,0.0,0.0,0.0,0.0,0.0,0.0,0.0,0.0,0.0,0.0,0.0,0.0,0.0,0.0,0.0,0.0,0.0,0.0,0.0,0.0,0.0,0.0,0.0,0.0,0.0,0.0,0.0,0.0,0.0,0.0,0.0,0.0,0.0,0.0,0.0,0.0,0.0,0.0,0.0,0.0,0.0,0.0,0.0,0.0,0.0,0.0,0.0,0.0,0.0,0.0,0.0,0.0,0.0,0.0,0.0,0.0,0.0,0.0,0.0,0.0,0.0,0.0,0.0,0.0,0.0,0.0,0.0,0.0,0.32059998772826653,0.0,0.0,0.0,0.0,0.0,0.0,0.0,0.0,0.0,0.0,0.0,0.0,0.0,0.29910693339704003,0.0,0.0,0.0,0.0,0.0,0.0,0.0,0.0,0.0,0.0,0.0,0.0,0.0,0.0,0.0,0.0,0.0,0.0,0.0,0.0,0.0,0.8640229581075839,0.0,0.0,0.0,0.0,0.0,0.0,0.2474166892622127,0.0,0.0,0.0,0.0,0.0,0.0,0.0,0.0,0.0,0.0,0.0,0.0,0.0,0.0,0.0
e01cf55715864d062d94a5b37c44cfb00ce2740296b76356346bb7df88e7951b,0.0,0.0,0.0,0.0,0.0,0.0,0.0,0.0,0.0,0.0,0.0,0.0,0.0,0.0,0.0,0.0,0.0,0.0,0.0,0.0,0.0,0.0,0.0,0.0,0.0,0.0,0.0,0.0,0.0,0.0,0.0,0.0,0.0,0.0,0.3468012285132245,0.0,0.0,0.0,0.0,0.0,0.0,0.0,0.0,0.0,0.0,0.0,0.0,0.0,0.0,0.0,0.0,0.0,0.0,0.0,0.0,0.0,0.0,0.0,0.0,0.0,0.3077458516277511,0.0,0.0,0.4299564924015985,0.0,0.0,0.0,0.3462069787760011,0.0,0.0,0.0,0.0,0.0,0.0,0.0,0.20161659845845376,0.0,0.0,0.0,0.1844581686512071,0.0,0.0,0.0,0.0,0.0,0.0,0.0,0.0,0.0,0.0,0.0,0.0,0.0,0.0,0.0,0.0,0.0,0.0,0.0,0.0,0.0,0.0,0.0,0.0,0.0,0.0,0.33925508388446063,0.0,0.0,0.0,0.0,0.0,0.0,0.0,0.0,0.0,0.0,0.24511586837686503,0.0,0.0,0.28486452692736797,0.0,0.0,0.0,0.0,0.0,0.0,0.0,0.0,0.0,0.0,0.0,0.0,0.0,0.0,0.0,0.0,0.0,0.0,0.0,0.0,0.0,0.0,0.0,0.0,0.21923392623182072,0.0,0.0,0.0,0.0,0.0,0.0,0.0,0.0,0.3181797580862935,0.0,0.0,0.0,0.0,0.0,0.0
57d9c43d5a4bfc779030dc8628c83961331b4ba3358a063877e41f68146c75cf,0.0,0.0,0.0,0.0,0.0,0.0,0.0,0.0,0.0,0.0,0.0,0.0,0.20245191238647967,0.0,0.0,0.0,0.0,0.0,0.0,0.0,0.0,0.0,0.0,0.0,0.0,0.0,0.0,0.0,0.0,0.0,0.0,0.0,0.0,0.0,0.0,0.0,0.0,0.0,0.0,0.0,0.0,0.0,0.0,0.0,0.0,0.0,0.0,0.0,0.0,0.0,0.0,0.0,0.0,0.0,0.0,0.0,0.0,0.0,0.0,0.0,0.0,0.0,0.0,0.0,0.0,0.0,0.0,0.0,0.0,0.0,0.0,0.0,0.0,0.0,0.0,0.1924640705793941,0.0,0.0,0.0,0.17608455981141533,0.0,0.0,0.0,0.0,0.0,0.0,0.0,0.0,0.0,0.0,0.0,0.0,0.0,0.0,0.0,0.0,0.0,0.0,0.0,0.2472169757620527,0.0,0.0,0.2711849946800663,0.0,0.0,0.0,0.0,0.0,0.0,0.0,0.0,0.0,0.0,0.0,0.0,0.0,0.25300472628463444,0.0,0.0,0.2278093483630593,0.0,0.0,0.0,0.0,0.0,0.0,0.0,0.0,0.0,0.0,0.0,0.0,0.0,0.0,0.0,0.0,0.0,0.0,0.0,0.0,0.0,0.0,0.0,0.311940861702998,0.0,0.20928164731622378,0.4330074288765946,0.46855335970404527,0.0,0.0,0.0,0.0,0.0,0.0,0.30373576325301427,0.0,0.0,0.0,0.0,0.0,0.0
1d30c8ea61630a44351f29b209813275b5077a637a571d888e97398f8c24787d,0.0,0.0,0.0,0.0,0.0,0.0,0.0,0.0,0.0,0.0,0.0,0.37392240424006973,0.0,0.0,0.0,0.0,0.0,0.0,0.0,0.0,0.0,0.0,0.0,0.0,0.0,0.0,0.0,0.0,0.0,0.0,0.0,0.0,0.0,0.0,0.0,0.0,0.0,0.0,0.0,0.0,0.0,0.0,0.2550365469560363,0.24108489514467976,0.0,0.0,0.0,0.0,0.0,0.0,0.0,0.0,0.0,0.0,0.0,0.0,0.4286171250828428,0.0,0.0,0.0,0.0,0.0,0.0,0.0,0.0,0.0,0.0,0.0,0.0,0.0,0.0,0.0,0.0,0.0,0.0,0.1323748811680787,0.0,0.22499937137251658,0.0,0.12110921591962376,0.0,0.0,0.0,0.0,0.0,0.0,0.0,0.0,0.0,0.0,0.0,0.0,0.0,0.0,0.0,0.0,0.0,0.0,0.0,0.1700333869626532,0.0,0.0,0.0,0.0,0.0,0.0,0.0,0.0,0.0,0.0,0.0,0.0,0.0,0.0,0.0,0.0,0.0,0.0,0.17676101002361272,0.15668501309233998,0.0,0.0,0.0,0.0,0.0,0.0,0.0,0.0,0.0,0.0,0.0,0.0,0.0,0.19938614297686308,0.0,0.0,0.0,0.0,0.5026704467265997,0.0,0.0,0.0,0.26950119326461236,0.0,0.0,0.14394184385036551,0.0,0.0,0.0,0.0,0.0,0.0,0.0,0.0,0.0,0.0,0.0,0.0,0.0,0.0,0.0
a25bd95aeb2115ef24d3545fc11150200f567027c0673daf0bbeede99a651b4a,0.0,0.0,0.0,0.0,0.0,0.0,0.0,0.0,0.0,0.0,0.3807148905391018,0.0,0.24787364079409346,0.0,0.0,0.0,0.0,0.0,0.0,0.0,0.0,0.3623839020364155,0.0,0.0,0.0,0.0,0.0,0.0,0.0,0.0,0.0,0.0,0.0,0.0,0.0,0.0,0.0,0.0,0.0,0.0,0.0,0.0,0.0,0.0,0.0,0.0,0.0,0.0,0.0,0.0,0.0,0.0,0.0,0.0,0.0,0.0,0.0,0.0,0.0,0.0,0.0,0.0,0.0,0.0,0.4786839497678936,0.0,0.0,0.0,0.0,0.0,0.0,0.0,0.0,0.0,0.0,0.23564494567724217,0.0,0.0,0.0,0.2155905588323585,0.0,0.0,0.0,0.0,0.0,0.0,0.0,0.0,0.0,0.0,0.0,0.0,0.0,0.0,0.0,0.0,0.0,0.0,0.0,0.0,0.0,0.0,0.0,0.0,0.0,0.0,0.0,0.0,0.0,0.0,0.0,0.0,0.0,0.0,0.0,0.0,0.30976838846830074,0.28648591400672213,0.0,0.0,0.0,0.0,0.0,0.0,0.3913003337608552,0.0,0.0,0.0,0.0,0.0,0.0,0.0,0.0,0.0,0.0,0.0,0.0,0.0,0.0,0.0,0.0,0.0,0.0,0.0,0.0,0.0,0.0,0.0,0.0,0.0,0.0,0.0,0.0,0.0,0.0,0.0,0.0,0.0,0.0,0.0,0.0
9c186b837c2bccd2fc41f849483ce1f6ab858c9d1ae1df29d2dbbda22496056c,0.0,0.0,0.0,0.0,0.0,0.0,0.0,0.0,0.0,0.0,0.3833467601461253,0.0,0.24958718317922177,0.0,0.0,0.0,0.0,0.4885225108927193,0.0,0.0,0.0,0.36488905011847156,0.0,0.0,0.0,0.0,0.0,0.0,0.0,0.0,0.0,0.0,0.0,0.0,0.0,0.0,0.0,0.0,0.0,0.0,0.0,0.0,0.0,0.0,0.0,0.0,0.0,0.0,0.0,0.0,0.0,0.0,0.0,0.0,0.0,0.0,0.0,0.0,0.0,0.0,0.0,0.0,0.0,0.0,0.48199307628243604,0.0,0.0,0.0,0.0,0.0,0.0,0.0,0.0,0.0,0.0,0.2372739514923245,0.0,0.0,0.0,0.21708092932600698,0.0,0.0,0.0,0.0,0.0,0.0,0.0,0.0,0.0,0.0,0.0,0.0,0.0,0.0,0.0,0.0,0.0,0.0,0.0,0.0,0.0,0.0,0.0,0.0,0.0,0.0,0.0,0.0,0.0,0.0,0.0,0.0,0.0,0.0,0.0,0.0,0.0,0.28846638177578404,0.0,0.0,0.0,0.0,0.0,0.0,0.0,0.0,0.0,0.0,0.0,0.0,0.0,0.0,0.0,0.0,0.0,0.0,0.0,0.0,0.0,0.0,0.0,0.0,0.0,0.0,0.0,0.0,0.0,0.0,0.0,0.0,0.0,0.0,0.0,0.0,0.0,0.0,0.0,0.0,0.0,0.0,0.0
e3d71566b47c005f08e0d3d287cf1fc4cb31f65bc54a44d1ec8013d6ad318bb7,0.0,0.22508868460531353,0.26507661306818875,0.0,0.0,0.0,0.0,0.0,0.0,0.0,0.0,0.0,0.0,0.0,0.0,0.0,0.0,0.0,0.0,0.0,0.0,0.0,0.0,0.0,0.0,0.0,0.0,0.0,0.0,0.0,0.0,0.0,0.0,0.0,0.17209265172384194,0.0,0.0,0.0,0.0,0.0,0.0,0.0,0.0,0.0,0.0,0.31946724017704964,0.0,0.0,0.0,0.0,0.24922027926138882,0.0,0.0,0.0,0.0,0.0,0.0,0.0,0.0,0.0,0.15271226082641215,0.0,0.0,0.2133566631827876,0.20323510183503973,0.0,0.0,0.0,0.0,0.0,0.0,0.0,0.0,0.0,0.0,0.10004790124015747,0.0,0.0,0.0,0.09153339943863377,0.0,0.0,0.0,0.0,0.3312170719087473,0.3093324324817487,0.0,0.0,0.0,0.0,0.0,0.0,0.0,0.0,0.0,0.0,0.0,0.0,0.0,0.0,0.0,0.0,0.0,0.0,0.0,0.0,0.0,0.0,0.0,0.0,0.0,0.0,0.0,0.0,0.21131878892242903,0.0,0.0,0.12163347848970603,0.1335945907403572,0.11842130906822959,0.14135789550445363,0.0,0.2307494474345458,0.0,0.0,0.0,0.0,0.0,0.0,0.0,0.0,0.0,0.0,0.0,0.0,0.0,0.0,0.0,0.0,0.0,0.0,0.0,0.0,0.0,0.3152450477777013,0.10879012128881338,0.22508868460531353,0.0,0.0,0.0,0.0,0.0,0.0,0.0,0.15788986252634565,0.0,0.0,0.0,0.0,0.0,0.0
e5b246094eac60cef4b7d3b449178ec59de0126e165a5ac4e07815c84c3e2929,0.0,0.0,0.0,0.0,0.0,0.0,0.0,0.0,0.0,0.0,0.0,0.0,0.0,0.0,0.0,0.0,0.0,0.0,0.0,0.0,0.0,0.0,0.0,0.0,0.0,0.0,0.0,0.0,0.0,0.0,0.0,0.0,0.0,0.0,0.3468012285132245,0.0,0.0,0.0,0.0,0.0,0.0,0.0,0.0,0.0,0.0,0.0,0.0,0.0,0.0,0.0,0.0,0.0,0.0,0.0,0.0,0.0,0.0,0.0,0.0,0.0,0.3077458516277511,0.0,0.0,0.4299564924015985,0.0,0.0,0.0,0.3462069787760011,0.0,0.0,0.0,0.0,0.0,0.0,0.0,0.20161659845845376,0.0,0.0,0.0,0.1844581686512071,0.0,0.0,0.0,0.0,0.0,0.0,0.0,0.0,0.0,0.0,0.0,0.0,0.0,0.0,0.0,0.0,0.0,0.0,0.0,0.0,0.0,0.0,0.0,0.0,0.0,0.0,0.33925508388446063,0.0,0.0,0.0,0.0,0.0,0.0,0.0,0.0,0.0,0.0,0.24511586837686503,0.0,0.0,0.28486452692736797,0.0,0.0,0.0,0.0,0.0,0.0,0.0,0.0,0.0,0.0,0.0,0.0,0.0,0.0,0.0,0.0,0.0,0.0,0.0,0.0,0.0,0.0,0.0,0.0,0.21923392623182072,0.0,0.0,0.0,0.0,0.0,0.0,0.0,0.0,0.3181797580862935,0.0,0.0,0.0,0.0,0.0,0.0
e8a091a84dd2ea7ee429135ff48e9f48f7787637ccb79f6c3eb42f34588bc684,0.0,0.20004492285283648,0.23558372427427313,0.0,0.0,0.0,0.0,0.0,0.0,0.0,0.0,0.0,0.09353067521228309,0.0,0.0,0.0,0.0,0.18306965813779744,0.0,0.0,0.0,0.13673906969270386,0.0,0.0,0.0,0.0,0.0,0.0,0.0,0.0,0.0,0.0,0.0,0.0,0.0,0.3294275519494231,0.0,0.0,0.0,0.0,0.0,0.0,0.0,0.0,0.0,0.0,0.0,0.19537223254706823,0.0,0.0,0.22149159397162335,0.0,0.26850564250080106,0.0,0.0,0.0,0.0,0.0,0.0,0.0,0.13572122689894073,0.0,0.0,0.1896182267064162,0.18062280802283895,0.0,0.0,0.0,0.0,0.0,0.0,0.0,0.0,0.0,0.0,0.08891639630961283,0.0,0.0,0.0,0.08134923290909447,0.0,0.0,0.0,0.0,0.2943652796839154,0.2749155636152796,0.0,0.0,0.0,0.0,0.0,0.0,0.0,0.0,0.0,0.0,0.0,0.0,0.0,0.11421166831372244,0.0,0.0,0.0,0.0,0.0,0.0,0.0,0.0,0.0,0.0,0.0,0.0,0.0,0.0,0.18780708990977077,0.0,0.0,0.10810032438308093,0.11873062231036798,0.10524554656412377,0.12563016817310152,0.0,0.2050758592832822,0.2801703309653635,0.0,0.0,0.0,0.0,0.0,0.0,0.0,0.0,0.0,0.0,0.0,0.0,0.0,0.0,0.0,0.0,0.0,0.0,0.0,0.0,0.0,0.0966859416257731,0.0,0.0,0.0,0.0,0.0,0.0,0.0,0.0,0.1403227595545785,0.0,0.0,0.2477382407946791,0.0,0.0,0.0
e8bcc8ddde1b44853ef87384bd1366681e41cfe084a1ce2378cbe2effc140ce8,0.0,0.0,0.0,0.0,0.0,0.0,0.0,0.0,0.0,0.0,0.0,0.0,0.316543764558791,0.0,0.0,0.0,0.0,0.6195781077374173,0.0,0.0,0.0,0.0,0.0,0.0,0.0,0.0,0.0,0.0,0.0,0.0,0.0,0.0,0.0,0.0,0.0,0.0,0.0,0.0,0.0,0.0,0.0,0.0,0.5797735289983705,0.0,0.0,0.0,0.0,0.0,0.0,0.0,0.0,0.0,0.0,0.0,0.0,0.0,0.0,0.0,0.0,0.0,0.0,0.0,0.0,0.0,0.0,0.0,0.0,0.0,0.0,0.0,0.0,0.0,0.0,0.0,0.0,0.0,0.0,0.0,0.0,0.0,0.0,0.0,0.0,0.0,0.0,0.0,0.0,0.0,0.0,0.0,0.0,0.0,0.0,0.0,0.0,0.0,0.0,0.0,0.0,0.0,0.0,0.0,0.42401140150265465,0.0,0.0,0.0,0.0,0.0,0.0,0.0,0.0,0.0,0.0,0.0,0.0,0.0,0.0,0.0,0.0,0.0,0.0,0.0,0.0,0.0,0.0,0.0,0.0,0.0,0.0,0.0,0.0,0.0,0.0,0.0,0.0,0.0,0.0,0.0,0.0,0.0,0.0,0.0,0.0,0.0,0.0,0.0,0.0,0.0,0.0,0.0,0.0,0.0,0.0,0.0,0.0,0.0,0.0,0.0,0.0,0.0,0.0
e9e5459e32521a8ca1c075a96d3358337919321f5d149fe3a8cc5f6f57b33923,0.0,0.0,0.0,0.0,0.0,0.0,0.0,0.0,0.0,0.0,0.0,0.0,0.0,0.0,0.0,0.0,0.0,0.0,0.0,0.0,0.0,0.0,0.0,0.0,0.0,0.0,0.0,0.0,0.0,0.0,0.0,0.0,0.0,0.0,0.0,0.0,0.0,0.0,0.0,0.0,0.0,0.0,0.0,0.0,0.0,0.0,0.0,0.0,0.0,0.0,0.0,0.0,0.0,0.0,0.0,0.0,0.0,0.0,0.0,0.0,0.0,0.0,0.0,0.0,0.0,0.0,0.0,0.5328075340368202,0.0,0.0,0.0,0.0,0.0,0.0,0.0,0.0,0.0,0.0,0.0,0.0,0.0,0.0,0.0,0.0,0.0,0.0,0.0,0.0,0.0,0.0,0.0,0.0,0.0,0.0,0.0,0.0,0.0,0.0,0.0,0.0,0.0,0.0,0.4371966353974968,0.0,0.0,0.0,0.0,0.0,0.0,0.0,0.0,0.0,0.0,0.0,0.0,0.0,0.0,0.0,0.4143255483016518,0.36726766808734046,0.0,0.0,0.0,0.0,0.0,0.0,0.0,0.0,0.0,0.0,0.0,0.0,0.0,0.46735857077080933,0.0,0.0,0.0,0.0,0.0,0.0,0.0,0.0,0.0,0.0,0.0,0.0,0.0,0.0,0.0,0.0,0.0,0.0,0.0,0.0,0.0,0.0,0.0,0.0,0.0,0.0,0.0
1e3d1dce864ea7544e10a2758f11fafacd39a0cfc7022e3493d6a25dbaffb6c3,0.0,0.22698754470399013,0.0,0.0,0.0,0.29493866768902605,0.0,0.0,0.0,0.0,0.0,0.0,0.0,0.0,0.0,0.0,0.0,0.2077260028292104,0.0,0.0,0.0,0.0,0.0,0.0,0.0,0.0,0.0,0.0,0.0,0.0,0.0,0.0,0.0,0.0,0.0,0.0,0.0,0.0,0.0,0.0,0.0,0.0,0.19438071846150157,0.0,0.0,0.0,0.0,0.0,0.0,0.0,0.0,0.0,0.0,0.0,0.0,0.29647462753751813,0.0,0.0,0.0,0.0,0.15400054956989312,0.0,0.0,0.0,0.0,0.0,0.0,0.0,0.0,0.0,0.0,0.0,0.0,0.0,0.0,0.0,0.0,0.0,0.0,0.09230558005799727,0.0,0.0,0.0,0.0,0.0,0.0,0.0,0.0,0.0,0.0,0.4649565576789199,0.4649565576789199,0.0,0.0,0.0,0.0,0.0,0.0,0.0,0.0,0.0,0.0,0.14215833724306834,0.0,0.0,0.0,0.16976823273570288,0.0,0.0,0.0,0.0,0.0,0.0,0.0,0.0,0.0,0.13262802850022526,0.12265958497467808,0.1347216018035775,0.0,0.0,0.0,0.0,0.0,0.0,0.0,0.19282063183920475,0.0,0.0,0.0,0.0,0.0,0.0,0.0,0.0,0.0,0.0,0.0,0.0,0.0,0.0,0.0,0.0,0.0,0.0,0.10970788053027744,0.0,0.0,0.0,0.0,0.0,0.0,0.0,0.0,0.0,0.0,0.0,0.28110433499298754,0.0,0.0,0.0
e165b3e962a2916ed4693993f1911c04b18fcbf7fbdaa824d0e57449da4e4099,0.0,0.0,0.0,0.0,0.0,0.0,0.0,0.0,0.0,0.0,0.0,0.0,0.0,0.0,0.0,0.0,0.0,0.5404393632707973,0.0,0.0,0.0,0.0,0.0,0.0,0.0,0.0,0.0,0.0,0.0,0.0,0.0,0.0,0.0,0.0,0.0,0.0,0.0,0.0,0.0,0.0,0.0,0.0,0.0,0.0,0.0,0.0,0.0,0.0,0.0,0.0,0.0,0.0,0.0,0.0,0.0,0.0,0.0,0.0,0.0,0.0,0.4006622080016379,0.0,0.0,0.0,0.0,0.0,0.0,0.0,0.0,0.0,0.0,0.0,0.0,0.0,0.0,0.0,0.0,0.0,0.0,0.0,0.0,0.0,0.0,0.0,0.0,0.0,0.0,0.0,0.0,0.0,0.0,0.0,0.0,0.0,0.0,0.0,0.0,0.0,0.0,0.3371639076045214,0.0,0.0,0.36985240276560893,0.0,0.0,0.0,0.4416848846734272,0.0,0.0,0.0,0.0,0.0,0.0,0.0,0.0,0.0,0.0,0.31912262836578104,0.0,0.0,0.0,0.0,0.0,0.0,0.0,0.0,0.0,0.0,0.0,0.0,0.0,0.0,0.0,0.0,0.0,0.0,0.0,0.0,0.0,0.0,0.0,0.0,0.0,0.0,0.0,0.0,0.0,0.0,0.0,0.0,0.0,0.0,0.0,0.0,0.0,0.0,0.0,0.0,0.0,0.0,0.0
e42664c55e91e3cb94efe5bc61089593695d80324bc49c43d25008697647ad89,0.0,0.0,0.0,0.0,0.0,0.0,0.3053406657121851,0.0,0.0,0.0,0.0,0.0,0.1147579492694473,0.0,0.0,0.0,0.29616256370312255,0.22461827088994873,0.0,0.0,0.0,0.0,0.0,0.0,0.0,0.3026099278819335,0.0,0.0,0.0,0.0,0.0,0.0,0.0,0.0,0.0,0.0,0.0,0.0,0.0,0.0,0.0,0.0,0.0,0.0,0.0,0.0,0.0,0.0,0.0,0.2794374098259889,0.0,0.0,0.0,0.0,0.0,0.0,0.0,0.0,0.0,0.0,0.1665238664845045,0.3039637253199717,0.0,0.0,0.0,0.0,0.0,0.0,0.0,0.0,0.0,0.0,0.0,0.0,0.0,0.10909643572829225,0.0,0.0,0.0,0.0,0.0,0.0,0.0,0.0,0.0,0.0,0.0,0.0,0.23910043539367343,0.0,0.0,0.0,0.0,0.0,0.0,0.0,0.0,0.0,0.0,0.1401326015083,0.0,0.0,0.15371864604924673,0.0,0.0,0.0,0.0,0.0,0.0,0.0,0.0,0.0,0.0,0.0,0.2304308874857518,0.26227295344961804,0.14341333308067813,0.13263425623100003,0.14567715565934192,0.12913157171193856,0.15414258940394743,0.0,0.0,0.0,0.0,0.0,0.0,0.0,0.0,0.0,0.0,0.0,0.2937214965473305,0.0,0.0,0.0,0.0,0.0,0.0,0.0,0.0,0.0,0.0,0.1768207233036293,0.0,0.11862931983519004,0.0,0.0,0.0,0.0,0.0,0.0,0.0,0.0,0.0,0.0,0.0,0.0,0.0,0.0,0.0
e62467fc0e7982279b2752a3330e741135366e7b318890aa9613ccc5ddcfd37f,0.0,0.0,0.0,0.0,0.0,0.0,0.0,0.0,0.0,0.0,0.0,0.0,0.1702722385636304,0.0,0.0,0.0,0.0,0.0,0.0,0.0,0.0,0.0,0.0,0.0,0.0,0.0,0.0,0.0,0.0,0.0,0.0,0.0,0.0,0.0,0.0,0.0,0.0,0.0,0.0,0.0,0.0,0.0,0.0,0.0,0.0,0.0,0.0,0.3556744064282634,0.0,0.0,0.0,0.0,0.0,0.0,0.0,0.0,0.0,0.0,0.0,0.0,0.24707997747513472,0.0,0.0,0.0,0.0,0.6517485349124023,0.0,0.0,0.5802981968539032,0.0,0.0,0.0,0.0,0.0,0.0,0.0,0.0,0.0,0.0,0.1480959691719043,0.0,0.0,0.0,0.0,0.0,0.0,0.0,0.0,0.0,0.0,0.0,0.0,0.0,0.0,0.0,0.0,0.0,0.0,0.0,0.0,0.0,0.0,0.0,0.0,0.0,0.0,0.0,0.0,0.0,0.0,0.0,0.0,0.0,0.0,0.0,0.0,0.0,0.0,0.0,0.0,0.0,0.0,0.0,0.0,0.0,0.0,0.0,0.0,0.0,0.0,0.0,0.0,0.0,0.0,0.0,0.0,0.0,0.0,0.0,0.0,0.0,0.0,0.0,0.0,0.0,0.0,0.0,0.0,0.0,0.0,0.0,0.0,0.0,0.0,0.0,0.0,0.0,0.0,0.0,0.0,0.0
9c672b05b987575f132c5f798a162abfa487ac60dcf19a19220b4451b10d79a2,0.0,0.0,0.0,0.0,0.0,0.0,0.0,0.0,0.0,0.0,0.0,0.0,0.36810692077487056,0.0,0.0,0.0,0.0,0.0,0.0,0.0,0.0,0.0,0.0,0.0,0.0,0.0,0.0,0.0,0.0,0.0,0.0,0.0,0.0,0.0,0.0,0.0,0.0,0.0,0.0,0.0,0.0,0.0,0.0,0.0,0.0,0.0,0.0,0.0,0.0,0.0,0.0,0.0,0.0,0.0,0.0,0.0,0.0,0.0,0.0,0.0,0.0,0.0,0.0,0.0,0.0,0.0,0.0,0.0,0.0,0.0,0.0,0.0,0.0,0.0,0.0,0.0,0.0,0.0,0.0,0.0,0.0,0.0,0.0,0.0,0.0,0.0,0.0,0.0,0.0,0.0,0.0,0.0,0.0,0.0,0.0,0.0,0.0,0.0,0.0,0.0,0.0,0.0,0.4930804168520932,0.0,0.0,0.0,0.0,0.0,0.0,0.0,0.0,0.0,0.0,0.0,0.0,0.0,0.0,0.0,0.0,0.41421291980473207,0.0,0.0,0.0,0.0,0.0,0.0,0.0,0.0,0.0,0.0,0.0,0.0,0.0,0.0,0.0,0.0,0.0,0.0,0.0,0.0,0.0,0.0,0.0,0.0,0.0,0.38052504350367605,0.0,0.0,0.0,0.0,0.0,0.0,0.0,0.0,0.5522656477891535,0.0,0.0,0.0,0.0,0.0,0.0
e589257b8ad21635e0b1cf15b0936f939b19153806c3dcb9d502853525977817,0.0,0.0,0.0,0.0,0.3214297509137784,0.0,0.0,0.0,0.0,0.0,0.0,0.0,0.11565992889186776,0.0,0.0,0.0,0.0,0.0,0.0,0.0,0.0,0.0,0.0,0.0,0.0,0.0,0.0,0.0,0.0,0.0,0.0,0.0,0.0,0.0,0.0,0.0,0.0,0.0,0.0,0.0,0.0,0.0,0.0,0.0,0.0,0.0,0.0,0.0,0.0,0.0,0.2738962586420001,0.0,0.0,0.0,0.0,0.0,0.0,0.0,0.0,0.0,0.16783271816033066,0.0,0.0,0.0,0.0,0.0,0.0,0.0,0.0,0.0,0.0,0.0,0.0,0.0,0.0,0.0,0.0,0.0,0.0,0.10059637089456423,0.0,0.0,0.0,0.0,0.0,0.0,0.0,0.0,0.0,0.0,0.0,0.0,0.0,0.0,0.0,0.0,0.0,0.0,0.0,0.14123402194846907,0.0,0.0,0.0,0.0,0.0,0.0,0.18501663816710764,0.0,0.0,0.0,0.0,0.0,0.0,0.0,0.2322420384013228,0.26433437804834575,0.0,0.13367674084419542,0.14682215543228472,0.13014652576990818,0.0,0.0,0.2535965793928979,0.0,0.18258403206228724,0.0,0.21013957969207647,0.0,0.0,0.0,0.0,0.0,0.0,0.16561516180113542,0.0,0.0,0.0,0.0,0.0,0.0,0.37287681109154575,0.0,0.0,0.17821050667163849,0.0,0.0,0.0,0.2676825702785249,0.0,0.0,0.0,0.0,0.0,0.0,0.17352296832196729,0.0,0.0,0.3063528328976079,0.0,0.0,0.0
e483229728bfc03fd0a58d71d5df34bc340360374fa16f5b6f9acba30304d0c8,0.0,0.0,0.0,0.0,0.0,0.0,0.0,0.0,0.0,0.0,0.0,0.0,0.0,0.0,0.0,0.0,0.0,0.0,0.0,0.0,0.0,0.0,0.0,0.0,0.0,0.0,0.0,0.0,0.0,0.0,0.0,0.0,0.0,0.0,0.3348776442082856,0.0,0.0,0.0,0.0,0.0,0.0,0.0,0.0,0.0,0.0,0.0,0.0,0.0,0.0,0.0,0.0,0.0,0.0,0.0,0.0,0.0,0.0,0.0,0.0,0.0,0.29716505402760995,0.0,0.0,0.41517389631165763,0.0,0.0,0.0,0.33430382573328793,0.0,0.0,0.0,0.0,0.0,0.0,0.0,0.1946846953642791,0.0,0.0,0.0,0.17811619998495873,0.0,0.0,0.0,0.0,0.0,0.0,0.0,0.0,0.0,0.0,0.0,0.0,0.0,0.0,0.0,0.0,0.0,0.0,0.0,0.0,0.0,0.0,0.0,0.0,0.0,0.0,0.32759094817503004,0.0,0.0,0.0,0.0,0.0,0.0,0.0,0.0,0.0,0.0,0.23668839038435724,0.2599636961715944,0.0,0.27507042609079757,0.0,0.0,0.0,0.0,0.0,0.0,0.0,0.0,0.0,0.0,0.0,0.0,0.0,0.0,0.0,0.0,0.0,0.0,0.0,0.0,0.0,0.0,0.0,0.0,0.2116963110591911,0.0,0.0,0.0,0.0,0.0,0.0,0.0,0.0,0.30724022599198225,0.0,0.0,0.0,0.0,0.0,0.0
e1957024039b0e48a15c27448f19d4df4f0e4666f9ac34e7f4d42dd3c32e15ed,0.0,0.20590482540881394,0.0,0.0,0.0,0.0,0.0,0.0,0.0,0.0,0.0,0.0,0.09627046303055205,0.0,0.0,0.0,0.0,0.0,0.0,0.0,0.0,0.1407445581228387,0.0,0.0,0.0,0.0,0.0,0.0,0.0,0.0,0.0,0.0,0.0,0.0,0.1574255386025789,0.0,0.0,0.0,0.0,0.0,0.0,0.0,0.17632653787171315,0.0,0.0,0.0,0.0,0.0,0.0,0.0,0.22797973243138647,0.0,0.0,0.0,0.0,0.0,0.0,0.0,0.0,0.3280956225053847,0.13969689972814106,0.0,0.0,0.0,0.0,0.0,0.0,0.0,0.0,0.0,0.0,0.0,0.0,0.0,0.0,0.0,0.0,0.15555950961125062,0.0,0.08373219055207096,0.0,0.0,0.0,0.0,0.0,0.0,0.0,0.0,0.0,0.0,0.0,0.0,0.0,0.0,0.0,0.0,0.0,0.0,0.0,0.0,0.0,0.0,0.12895459814155494,0.0,0.0,0.0,0.0,0.0,0.31577567852983673,0.0,0.0,0.0,0.0,0.0,0.19330851044321046,0.0,0.0,0.1112668999608096,0.12220859049484997,0.10832849732598865,0.1293102442934388,0.29848159171811306,0.21108313272389548,0.28837734174634067,0.0,0.0,0.0,0.0,0.2675446133223431,0.0,0.0,0.0,0.0,0.1378510990299955,0.0,0.0,0.0,0.0,0.0,0.0,0.0,0.0,0.0,0.0,0.0,0.09951815645222363,0.0,0.2228077194307683,0.0,0.0,0.0,0.0,0.0,0.0,0.1444332247723366,0.0,0.0,0.25499522052574713,0.0,0.0,0.0
ea19633a99460ad483a14f6bfc0554f19367acebeb090bd37b43b67ca6ebed41,0.0,0.0,0.0,0.0,0.0,0.0,0.0,0.0,0.0,0.0,0.0,0.0,0.0,0.0,0.0,0.0,0.0,0.0,0.0,0.0,0.0,0.0,0.0,0.0,0.0,0.0,0.0,0.0,0.0,0.0,0.0,0.0,0.0,0.0,0.3468012285132245,0.0,0.0,0.0,0.0,0.0,0.0,0.0,0.0,0.0,0.0,0.0,0.0,0.0,0.0,0.0,0.0,0.0,0.0,0.0,0.0,0.0,0.0,0.0,0.0,0.0,0.3077458516277511,0.0,0.0,0.4299564924015985,0.0,0.0,0.0,0.3462069787760011,0.0,0.0,0.0,0.0,0.0,0.0,0.0,0.20161659845845376,0.0,0.0,0.0,0.1844581686512071,0.0,0.0,0.0,0.0,0.0,0.0,0.0,0.0,0.0,0.0,0.0,0.0,0.0,0.0,0.0,0.0,0.0,0.0,0.0,0.0,0.0,0.0,0.0,0.0,0.0,0.0,0.33925508388446063,0.0,0.0,0.0,0.0,0.0,0.0,0.0,0.0,0.0,0.0,0.24511586837686503,0.0,0.0,0.28486452692736797,0.0,0.0,0.0,0.0,0.0,0.0,0.0,0.0,0.0,0.0,0.0,0.0,0.0,0.0,0.0,0.0,0.0,0.0,0.0,0.0,0.0,0.0,0.0,0.0,0.21923392623182072,0.0,0.0,0.0,0.0,0.0,0.0,0.0,0.0,0.3181797580862935,0.0,0.0,0.0,0.0,0.0,0.0
1e8e8e440cadb082cff90fecfdbaebda68160a41773e5f70ba71460110dd16e5,0.0,0.21391299963818852,0.25191552180766147,0.0,0.0,0.0,0.0,0.0,0.0,0.0,0.0,0.0,0.0,0.0,0.0,0.0,0.0,0.0,0.0,0.0,0.0,0.0,0.0,0.0,0.0,0.0,0.0,0.0,0.0,0.0,0.0,0.0,0.0,0.0,0.16354822727089713,0.0,0.0,0.0,0.0,0.0,0.0,0.0,0.0,0.0,0.0,0.30360564660207306,0.0,0.0,0.0,0.0,0.23684645721285724,0.0,0.0,0.0,0.0,0.0,0.0,0.0,0.0,0.0,0.14513007551751494,0.0,0.0,0.20276347473553702,0.1931444503375972,0.0,0.0,0.16326798463307332,0.0,0.0,0.0,0.0,0.0,0.0,0.0,0.0950805088195096,0.0,0.0,0.0,0.0869887532344503,0.0,0.0,0.0,0.0,0.31477209752953156,0.2939740335396062,0.0,0.0,0.0,0.0,0.0,0.0,0.0,0.0,0.0,0.0,0.0,0.0,0.0,0.0,0.0,0.0,0.0,0.0,0.0,0.0,0.0,0.0,0.0,0.0,0.0,0.0,0.0,0.0,0.20082678121989833,0.0,0.0,0.11559435911131484,0.1269616004501337,0.11254167435508668,0.1343394560367228,0.0,0.2192927047938019,0.0,0.0,0.0,0.0,0.0,0.0,0.0,0.0,0.0,0.0,0.0,0.0,0.0,0.0,0.0,0.0,0.0,0.0,0.0,0.0,0.0,0.29959308665141243,0.10338867640858328,0.21391299963818852,0.0,0.0,0.0,0.0,0.0,0.0,0.0,0.15005060856210856,0.0,0.0,0.2649126479079058,0.0,0.0,0.0
ec35c76ad2c8192f09c02eca1f263b406163470ca8438d054db7adcf5bfc0597,0.0,0.20918235124819962,0.0,0.0,0.0,0.0,0.0,0.0,0.0,0.0,0.0,0.0,0.09780286485516101,0.0,0.0,0.0,0.0,0.0,0.0,0.0,0.0,0.14298488408452828,0.0,0.0,0.0,0.0,0.0,0.0,0.0,0.0,0.0,0.0,0.0,0.0,0.15993138696977835,0.0,0.0,0.0,0.0,0.0,0.0,0.0,0.0,0.0,0.0,0.0,0.0,0.0,0.0,0.0,0.23160863943935267,0.0,0.0,0.0,0.0,0.0,0.0,0.0,0.0,0.33331814159115986,0.14192054940527704,0.0,0.0,0.0,0.0,0.0,0.0,0.0,0.0,0.0,0.0,0.0,0.0,0.0,0.0,0.0,0.0,0.15803565513771292,0.0,0.08506501224567577,0.0,0.0,0.0,0.0,0.0,0.0,0.0,0.0,0.0,0.0,0.0,0.0,0.0,0.0,0.0,0.0,0.0,0.0,0.0,0.0,0.0,0.0,0.13100725536645186,0.0,0.0,0.0,0.0,0.0,0.320802092766493,0.0,0.0,0.0,0.0,0.0,0.1963855322502169,0.0,0.0,0.11303801017624938,0.12415386697074857,0.11005283500687017,0.13136856257776044,0.30323272432267806,0.21444308516982505,0.2929676381961223,0.0,0.0,0.0,0.0,0.27180330119724555,0.0,0.0,0.0,0.0,0.14004536785376628,0.0,0.0,0.0,0.0,0.0,0.0,0.0,0.0,0.0,0.0,0.0,0.10110225400123729,0.0,0.22635430002303486,0.0,0.0,0.0,0.0,0.0,0.0,0.14673226572641457,0.0,0.0,0.25905415126004944,0.0,0.0,0.0
ecac12520eaa08addb97ed05c2ac1406d56e58eb422954b704ef5c5516e02397,0.0,0.0,0.0,0.0,0.0,0.0,0.0,0.0,0.0,0.0,0.0,0.0,0.0,0.0,0.0,0.0,0.0,0.0,0.0,0.0,0.0,0.0,0.0,0.0,0.0,0.0,0.0,0.0,0.0,0.0,0.0,0.0,0.0,0.0,0.0,0.0,0.0,0.0,0.0,0.0,0.0,0.0,0.2904408207141219,0.0,0.0,0.0,0.0,0.0,0.0,0.0,0.0,0.0,0.0,0.0,0.0,0.0,0.0,0.0,0.0,0.0,0.0,0.0,0.0,0.0,0.0,0.0,0.0,0.2588632227048602,0.0,0.0,0.0,0.0,0.0,0.0,0.0,0.0,0.0,0.0,0.0,0.0,0.0,0.0,0.0,0.0,0.0,0.0,0.0,0.0,0.0,0.0,0.0,0.0,0.0,0.0,0.0,0.0,0.0,0.0,0.0,0.0,0.0,0.0,0.21241090405995788,0.0,0.3612943542671275,0.0,0.0,0.0,0.0,0.0,0.0,0.0,0.0,0.0,0.0,0.0,0.0,0.0,0.20129904295781206,0.17843608823635332,0.0,0.0,0.0,0.0,0.0,0.0,0.0,0.0,0.0,0.0,0.0,0.0,0.0,0.22706500576643232,0.6744381595625245,0.0,0.0,0.0,0.0,0.0,0.0,0.0,0.306913454912414,0.0,0.0,0.0,0.0,0.0,0.0,0.0,0.0,0.0,0.0,0.0,0.0,0.0,0.0,0.0,0.0,0.0,0.0
ecd8e9ed858fc2d170b243352ea0e8e16e87d48d5de04f8de5f8f6e1026c76fe,0.0,0.0,0.0,0.0,0.0,0.0,0.0,0.0,0.0,0.0,0.0,0.0,0.0,0.0,0.0,0.0,0.0,0.0,0.0,0.0,0.0,0.0,0.0,0.0,0.0,0.0,0.0,0.0,0.0,0.0,0.0,0.0,0.0,0.0,0.31353919825837034,0.0,0.0,0.0,0.0,0.0,0.0,0.0,0.0,0.0,0.0,0.0,0.0,0.0,0.0,0.0,0.0,0.0,0.0,0.0,0.0,0.0,0.0,0.0,0.0,0.0,0.2782296591057924,0.0,0.0,0.3887189629965157,0.0,0.0,0.0,0.3130019435693571,0.0,0.0,0.0,0.0,0.0,0.0,0.0,0.1822793618905327,0.0,0.0,0.0,0.16676661313759253,0.0,0.0,0.0,0.0,0.0,0.0,0.0,0.0,0.0,0.0,0.0,0.0,0.0,0.0,0.0,0.0,0.0,0.0,0.0,0.0,0.0,0.0,0.2568345750755533,0.0,0.0,0.0,0.3067168114202738,0.0,0.0,0.0,0.0,0.0,0.0,0.0,0.0,0.0,0.239616360204893,0.22160657613805385,0.24339877648932529,0.0,0.2575429036626121,0.0,0.0,0.0,0.0,0.0,0.0,0.0,0.0,0.0,0.0,0.0,0.0,0.0,0.0,0.0,0.0,0.0,0.0,0.0,0.0,0.0,0.0,0.0,0.0,0.19820699527636934,0.0,0.0,0.0,0.0,0.0,0.0,0.0,0.0,0.28766283983510893,0.0,0.0,0.0,0.0,0.0,0.0
ed42bb9e3f5959e3d58872874381d92e50c601cd1be46effeb3724ff19eeef71,0.0,0.0,0.0,0.0,0.0,0.0,0.0,0.0,0.0,0.0,0.0,0.0,0.0,0.0,0.0,0.0,0.0,0.5404393632707973,0.0,0.0,0.0,0.0,0.0,0.0,0.0,0.0,0.0,0.0,0.0,0.0,0.0,0.0,0.0,0.0,0.0,0.0,0.0,0.0,0.0,0.0,0.0,0.0,0.0,0.0,0.0,0.0,0.0,0.0,0.0,0.0,0.0,0.0,0.0,0.0,0.0,0.0,0.0,0.0,0.0,0.0,0.4006622080016379,0.0,0.0,0.0,0.0,0.0,0.0,0.0,0.0,0.0,0.0,0.0,0.0,0.0,0.0,0.0,0.0,0.0,0.0,0.0,0.0,0.0,0.0,0.0,0.0,0.0,0.0,0.0,0.0,0.0,0.0,0.0,0.0,0.0,0.0,0.0,0.0,0.0,0.0,0.3371639076045214,0.0,0.0,0.36985240276560893,0.0,0.0,0.0,0.4416848846734272,0.0,0.0,0.0,0.0,0.0,0.0,0.0,0.0,0.0,0.0,0.31912262836578104,0.0,0.0,0.0,0.0,0.0,0.0,0.0,0.0,0.0,0.0,0.0,0.0,0.0,0.0,0.0,0.0,0.0,0.0,0.0,0.0,0.0,0.0,0.0,0.0,0.0,0.0,0.0,0.0,0.0,0.0,0.0,0.0,0.0,0.0,0.0,0.0,0.0,0.0,0.0,0.0,0.0,0.0,0.0
ede12e010ddaffd96dbc21854ff8a5f24d75cd9766d6eb41fce18824c5c18889,0.0,0.0,0.0,0.0,0.0,0.0,0.31216856864556547,0.0,0.0,0.0,0.0,0.0,0.11732411953903121,0.0,0.0,0.0,0.30278522967769694,0.2296410926851496,0.0,0.0,0.0,0.0,0.0,0.0,0.0,0.3093767671741576,0.0,0.0,0.0,0.0,0.0,0.0,0.0,0.0,0.0,0.0,0.0,0.0,0.0,0.0,0.0,0.0,0.0,0.0,0.0,0.0,0.0,0.0,0.0,0.2856860747583092,0.0,0.0,0.0,0.0,0.0,0.0,0.0,0.0,0.0,0.0,0.17024760499734032,0.31076083767614165,0.0,0.0,0.0,0.0,0.0,0.0,0.0,0.0,0.0,0.0,0.0,0.0,0.0,0.11153600555038956,0.0,0.0,0.0,0.0,0.0,0.0,0.0,0.0,0.0,0.0,0.0,0.0,0.244447101421237,0.0,0.0,0.0,0.0,0.0,0.0,0.0,0.0,0.0,0.0,0.0,0.0,0.0,0.0,0.0,0.0,0.0,0.0,0.0,0.0,0.0,0.0,0.0,0.0,0.0,0.23558368863307247,0.26813779383708536,0.1466202833090189,0.1356001691567287,0.14893472856117906,0.13201915904075853,0.15758946286868966,0.0,0.0,0.0,0.0,0.0,0.0,0.0,0.0,0.0,0.0,0.0,0.30028957637775433,0.0,0.0,0.0,0.0,0.0,0.0,0.0,0.0,0.0,0.0,0.1807747159122172,0.0,0.12128206010808612,0.0,0.0,0.0,0.0,0.0,0.0,0.0,0.0,0.0,0.0,0.0,0.0,0.0,0.0,0.0
9ca18641bc6b48708e4314b3f8275860aef6b9ea16cd6230d781f0abaa84c853,0.0,0.0,0.0,0.0,0.0,0.0,0.0,0.0,0.0,0.0,0.24416683706743794,0.0,0.15897072683283456,0.0,0.0,0.0,0.0,0.0,0.0,0.0,0.0,0.23241048186766466,0.0,0.0,0.0,0.0,0.33378384394961114,0.0,0.0,0.0,0.0,0.0,0.0,0.0,0.0,0.0,0.0,0.0,0.0,0.0,0.0,0.0,0.0,0.0,0.3083672181539138,0.0,0.0,0.0,0.0,0.0,0.0,0.0,0.0,0.0,0.0,0.0,0.0,0.0,0.30699809456959165,0.0,0.0,0.0,0.0,0.0,0.0,0.0,0.0,0.0,0.0,0.0,0.0,0.0,0.0,0.0,0.0,0.1511280028355788,0.0,0.2568743052665259,0.0,0.13826636719451324,0.0,0.0,0.0,0.0,0.0,0.0,0.0,0.0,0.0,0.0,0.0,0.0,0.0,0.0,0.0,0.0,0.0,0.0,0.0,0.0,0.0,0.0,0.0,0.0,0.0,0.0,0.0,0.0,0.0,0.0,0.0,0.0,0.0,0.0,0.0,0.0,0.0,0.0,0.0,0.17888207259537098,0.0,0.0,0.0,0.0,0.2509556815666709,0.0,0.2888298656246588,0.0,0.44179450582433394,0.0,0.0,0.0,0.0,0.22763253356898056,0.0,0.0,0.0,0.0,0.0,0.0,0.0,0.0,0.0,0.0,0.0,0.1643336197443343,0.0,0.0,0.0,0.0,0.0,0.0,0.0,0.0,0.0,0.0,0.0,0.0,0.0,0.0,0.0
c65fa1c272dfed333cc5998c8a49afb64f1e29ee034d2028486535e7e312689d,0.0,0.0,0.0,0.0,0.0,0.0,0.3053406657121851,0.0,0.0,0.0,0.0,0.0,0.1147579492694473,0.0,0.0,0.0,0.29616256370312255,0.22461827088994873,0.0,0.0,0.0,0.0,0.0,0.0,0.0,0.3026099278819335,0.0,0.0,0.0,0.0,0.0,0.0,0.0,0.0,0.0,0.0,0.0,0.0,0.0,0.0,0.0,0.0,0.0,0.0,0.0,0.0,0.0,0.0,0.0,0.2794374098259889,0.0,0.0,0.0,0.0,0.0,0.0,0.0,0.0,0.0,0.0,0.1665238664845045,0.3039637253199717,0.0,0.0,0.0,0.0,0.0,0.0,0.0,0.0,0.0,0.0,0.0,0.0,0.0,0.10909643572829225,0.0,0.0,0.0,0.0,0.0,0.0,0.0,0.0,0.0,0.0,0.0,0.0,0.23910043539367343,0.0,0.0,0.0,0.0,0.0,0.0,0.0,0.0,0.0,0.0,0.1401326015083,0.0,0.0,0.15371864604924673,0.0,0.0,0.0,0.0,0.0,0.0,0.0,0.0,0.0,0.0,0.0,0.2304308874857518,0.26227295344961804,0.14341333308067813,0.13263425623100003,0.14567715565934192,0.12913157171193856,0.15414258940394743,0.0,0.0,0.0,0.0,0.0,0.0,0.0,0.0,0.0,0.0,0.0,0.2937214965473305,0.0,0.0,0.0,0.0,0.0,0.0,0.0,0.0,0.0,0.0,0.1768207233036293,0.0,0.11862931983519004,0.0,0.0,0.0,0.0,0.0,0.0,0.0,0.0,0.0,0.0,0.0,0.0,0.0,0.0,0.0
ef2e0cc0c05fb633f539b333d88842ebef9a357d790fe1dd3cb28934be350d3f,0.0,0.0,0.0,0.0,0.0,0.0,0.0,0.0,0.0,0.0,0.0,0.0,0.0,0.0,0.0,0.0,0.0,0.5404393632707973,0.0,0.0,0.0,0.0,0.0,0.0,0.0,0.0,0.0,0.0,0.0,0.0,0.0,0.0,0.0,0.0,0.0,0.0,0.0,0.0,0.0,0.0,0.0,0.0,0.0,0.0,0.0,0.0,0.0,0.0,0.0,0.0,0.0,0.0,0.0,0.0,0.0,0.0,0.0,0.0,0.0,0.0,0.4006622080016379,0.0,0.0,0.0,0.0,0.0,0.0,0.0,0.0,0.0,0.0,0.0,0.0,0.0,0.0,0.0,0.0,0.0,0.0,0.0,0.0,0.0,0.0,0.0,0.0,0.0,0.0,0.0,0.0,0.0,0.0,0.0,0.0,0.0,0.0,0.0,0.0,0.0,0.0,0.3371639076045214,0.0,0.0,0.36985240276560893,0.0,0.0,0.0,0.4416848846734272,0.0,0.0,0.0,0.0,0.0,0.0,0.0,0.0,0.0,0.0,0.31912262836578104,0.0,0.0,0.0,0.0,0.0,0.0,0.0,0.0,0.0,0.0,0.0,0.0,0.0,0.0,0.0,0.0,0.0,0.0,0.0,0.0,0.0,0.0,0.0,0.0,0.0,0.0,0.0,0.0,0.0,0.0,0.0,0.0,0.0,0.0,0.0,0.0,0.0,0.0,0.0,0.0,0.0,0.0,0.0
f0d31250d3ba9430c0e38a9fb626cc3ff4b10e05fe6f0a22707a6757f74f22b2,0.0,0.0,0.0,0.0,0.0,0.0,0.0,0.0,0.0,0.0,0.0,0.0,0.0,0.0,0.0,0.0,0.0,0.0,0.0,0.0,0.0,0.0,0.0,0.0,0.0,0.0,0.0,0.0,0.0,0.0,0.0,0.0,0.0,0.0,0.3348776442082856,0.0,0.0,0.0,0.0,0.0,0.0,0.0,0.0,0.0,0.0,0.0,0.0,0.0,0.0,0.0,0.0,0.0,0.0,0.0,0.0,0.0,0.0,0.0,0.0,0.0,0.29716505402760995,0.0,0.0,0.41517389631165763,0.0,0.0,0.0,0.33430382573328793,0.0,0.0,0.0,0.0,0.0,0.0,0.0,0.1946846953642791,0.0,0.0,0.0,0.17811619998495873,0.0,0.0,0.0,0.0,0.0,0.0,0.0,0.0,0.0,0.0,0.0,0.0,0.0,0.0,0.0,0.0,0.0,0.0,0.0,0.0,0.0,0.0,0.0,0.0,0.0,0.0,0.32759094817503004,0.0,0.0,0.0,0.0,0.0,0.0,0.0,0.0,0.0,0.0,0.23668839038435724,0.2599636961715944,0.0,0.27507042609079757,0.0,0.0,0.0,0.0,0.0,0.0,0.0,0.0,0.0,0.0,0.0,0.0,0.0,0.0,0.0,0.0,0.0,0.0,0.0,0.0,0.0,0.0,0.0,0.0,0.2116963110591911,0.0,0.0,0.0,0.0,0.0,0.0,0.0,0.0,0.30724022599198225,0.0,0.0,0.0,0.0,0.0,0.0
1ea73303f294c3f3c99b4651232952bfd97956bee1901b772298b58bde101018,0.0,0.0,0.0,0.0,0.0,0.0,0.0,0.0,0.0,0.0,0.27488808603393344,0.0,0.17897253926597584,0.0,0.0,0.0,0.0,0.0,0.0,0.0,0.0,0.2616525376752177,0.0,0.0,0.0,0.0,0.3757807698799647,0.0,0.0,0.0,0.0,0.0,0.0,0.0,0.29266347644007884,0.0,0.0,0.0,0.0,0.0,0.0,0.0,0.0,0.0,0.3471662057469566,0.0,0.0,0.0,0.0,0.0,0.0,0.0,0.0,0.0,0.0,0.0,0.0,0.0,0.34562481803780476,0.0,0.0,0.0,0.0,0.0,0.0,0.0,0.0,0.0,0.0,0.0,0.0,0.0,0.0,0.0,0.0,0.17014303803316677,0.0,0.2891944171210646,0.0,0.15566314204441775,0.0,0.0,0.0,0.0,0.0,0.0,0.0,0.0,0.0,0.0,0.0,0.0,0.0,0.0,0.0,0.0,0.0,0.0,0.0,0.0,0.0,0.0,0.0,0.0,0.0,0.0,0.0,0.0,0.0,0.0,0.0,0.0,0.0,0.0,0.0,0.0,0.0,0.0,0.0,0.2013891450293203,0.0,0.0,0.0,0.0,0.2825311078840332,0.0,0.0,0.0,0.0,0.0,0.0,0.0,0.0,0.25627342444768464,0.0,0.0,0.0,0.0,0.0,0.0,0.0,0.0,0.0,0.0,0.0,0.18501019526280538,0.0,0.0,0.0,0.0,0.0,0.0,0.0,0.0,0.0,0.0,0.0,0.0,0.0,0.0,0.0
f1e3ec3fe9b4347019a298a11db3a2c357e91b61b7152dc28b4ecef57968dbbb,0.0,0.0,0.0,0.0,0.0,0.0,0.0,0.0,0.0,0.0,0.0,0.0,0.0,0.0,0.0,0.0,0.0,0.5404393632707973,0.0,0.0,0.0,0.0,0.0,0.0,0.0,0.0,0.0,0.0,0.0,0.0,0.0,0.0,0.0,0.0,0.0,0.0,0.0,0.0,0.0,0.0,0.0,0.0,0.0,0.0,0.0,0.0,0.0,0.0,0.0,0.0,0.0,0.0,0.0,0.0,0.0,0.0,0.0,0.0,0.0,0.0,0.4006622080016379,0.0,0.0,0.0,0.0,0.0,0.0,0.0,0.0,0.0,0.0,0.0,0.0,0.0,0.0,0.0,0.0,0.0,0.0,0.0,0.0,0.0,0.0,0.0,0.0,0.0,0.0,0.0,0.0,0.0,0.0,0.0,0.0,0.0,0.0,0.0,0.0,0.0,0.0,0.3371639076045214,0.0,0.0,0.36985240276560893,0.0,0.0,0.0,0.4416848846734272,0.0,0.0,0.0,0.0,0.0,0.0,0.0,0.0,0.0,0.0,0.31912262836578104,0.0,0.0,0.0,0.0,0.0,0.0,0.0,0.0,0.0,0.0,0.0,0.0,0.0,0.0,0.0,0.0,0.0,0.0,0.0,0.0,0.0,0.0,0.0,0.0,0.0,0.0,0.0,0.0,0.0,0.0,0.0,0.0,0.0,0.0,0.0,0.0,0.0,0.0,0.0,0.0,0.0,0.0,0.0
f2a654fdff13b9c6acfbfc7b7df98cfe1a2378989941b262391f2a0869e01919,0.0,0.22780715285592948,0.0,0.0,0.0,0.0,0.0,0.0,0.0,0.0,0.0,0.28602077554752453,0.10651086026550836,0.0,0.0,0.0,0.0,0.0,0.0,0.0,0.0,0.0,0.34936509197492605,0.0,0.3796778206020666,0.0,0.0,0.0,0.0,0.0,0.0,0.0,0.0,0.0,0.0,0.0,0.0,0.0,0.0,0.0,0.0,0.0,0.0,0.0,0.20660695423373507,0.0,0.0,0.2224859866920791,0.0,0.0,0.0,0.0,0.0,0.0,0.0,0.0,0.32785786874229733,0.0,0.0,0.0,0.0,0.0,0.0,0.0,0.0,0.0,0.0,0.0,0.0,0.0,0.0,0.0,0.0,0.0,0.0,0.10125621183799598,0.0,0.0,0.0,0.09263887766683164,0.0,0.0,0.0,0.0,0.0,0.0,0.0,0.0,0.0,0.0,0.0,0.0,0.0,0.0,0.0,0.0,0.0,0.0,0.0,0.1300619611356758,0.0,0.0,0.14267164352259354,0.0,0.0,0.0,0.17038123301143154,0.0,0.0,0.0,0.0,0.0,0.0,0.0,0.0,0.0,0.13310692267689114,0.1231024850284667,0.0,0.11985152120644901,0.14306512015493555,0.0,0.0,0.0,0.0,0.0,0.19351686987254532,0.0,0.0,0.0,0.0,0.0,0.0,0.0,0.0,0.0,0.0,0.0,0.0,0.0,0.0,0.0,0.20614688885835816,0.0,0.0,0.1101040144826133,0.0,0.0,0.0,0.0,0.0,0.0,0.0,0.0,0.0,0.3796778206020666,0.0,0.0,0.0,0.0,0.0
f3e814c41e5d714dfc54c93674dba21a3226b57119abf9e56adcd1423bec1b35,0.0,0.0,0.0,0.0,0.0,0.0,0.0,0.0,0.0,0.0,0.0,0.0,0.13721853726384975,0.0,0.0,0.0,0.0,0.0,0.0,0.0,0.0,0.0,0.4500890028711372,0.0,0.0,0.0,0.0,0.0,0.0,0.0,0.0,0.0,0.0,0.0,0.0,0.0,0.0,0.0,0.0,0.0,0.0,0.0,0.25132599185564075,0.23757732417893254,0.0,0.0,0.0,0.0,0.0,0.0,0.0,0.0,0.0,0.0,0.0,0.0,0.0,0.0,0.0,0.0,0.0,0.0,0.0,0.0,0.0,0.0,0.0,0.0,0.0,0.0,0.0,0.0,0.0,0.0,0.4110369449652711,0.13044894429218795,0.2781882590729172,0.22172583048201824,0.0,0.0,0.0,0.0,0.0,0.0,0.0,0.0,0.0,0.0,0.0,0.0,0.0,0.0,0.0,0.0,0.0,0.0,0.0,0.0,0.0,0.16755955229557482,0.0,0.0,0.18380467667238826,0.0,0.0,0.0,0.21950309586045855,0.0,0.0,0.0,0.0,0.0,0.0,0.0,0.0,0.0,0.1714823932872699,0.0,0.0,0.0,0.0,0.0,0.0,0.0,0.0,0.0,0.24930886628458201,0.0,0.0,0.0,0.0,0.0,0.0,0.19648525179635895,0.0,0.0,0.0,0.0,0.0,0.0,0.0,0.0,0.0,0.0,0.0,0.14184761794731726,0.29348522972408725,0.0,0.0,0.0,0.0,0.0,0.0,0.0,0.0,0.0,0.0,0.0,0.0,0.0,0.0
f4ba5e8f98fe70d764df71b7c390237b90ed0fc3408579a15a06ee56008a3531,0.0,0.0,0.0,0.0,0.0,0.0,0.0,0.0,0.0,0.0,0.0,0.0,0.21062514335786345,0.0,0.0,0.0,0.0,0.0,0.0,0.0,0.0,0.0,0.0,0.0,0.0,0.0,0.0,0.0,0.0,0.0,0.0,0.0,0.0,0.0,0.0,0.0,0.0,0.0,0.0,0.0,0.0,0.0,0.0,0.36467199666723343,0.0,0.0,0.0,0.0,0.0,0.0,0.0,0.0,0.0,0.0,0.0,0.0,0.0,0.0,0.0,0.0,0.0,0.0,0.0,0.0,0.0,0.0,0.0,0.0,0.0,0.0,0.0,0.0,0.0,0.0,0.0,0.2002340801781928,0.42700820979487364,0.34034056740903484,0.0,0.0,0.0,0.0,0.0,0.0,0.0,0.0,0.0,0.0,0.0,0.0,0.0,0.0,0.0,0.0,0.0,0.0,0.0,0.0,0.0,0.0,0.0,0.0,0.0,0.0,0.0,0.0,0.0,0.0,0.0,0.0,0.0,0.0,0.0,0.0,0.0,0.0,0.26321883609668945,0.0,0.0,0.0,0.0,0.0,0.0,0.0,0.332498803141491,0.0,0.0,0.0,0.0,0.0,0.0,0.0,0.0,0.3015972561180829,0.0,0.0,0.0,0.0,0.0,0.0,0.0,0.0,0.40765531242854797,0.0,0.0,0.21773060302834285,0.0,0.0,0.0,0.0,0.0,0.0,0.0,0.0,0.0,0.0,0.0,0.0,0.0,0.0,0.0
f4db61bb14a7af406c9cfc33075c6f74ab711bedf1e1fd6edc4f524bd304c1b6,0.0,0.0,0.27584401757237154,0.0,0.304351542229343,0.0,0.0,0.0,0.0,0.0,0.0,0.0,0.0,0.0,0.0,0.0,0.0,0.21435551268193168,0.0,0.0,0.0,0.0,0.0,0.0,0.0,0.0,0.0,0.0,0.0,0.0,0.0,0.0,0.0,0.0,0.0,0.0,0.0,0.0,0.0,0.0,0.0,0.0,0.0,0.0,0.0,0.0,0.0,0.0,0.0,0.0,0.0,0.0,0.0,0.0,0.0,0.0,0.0,0.0,0.0,0.0,0.15891542852964238,0.0,0.0,0.0,0.0,0.0,0.41249928277154646,0.0,0.0,0.0,0.0,0.0,0.0,0.0,0.0,0.0,0.0,0.0,0.0,0.0,0.0,0.0,0.0,0.0,0.0,0.0,0.0,0.0,0.0,0.0,0.0,0.0,0.0,0.0,0.0,0.0,0.0,0.0,0.0,0.1337299745063109,0.0,0.0,0.14669527573205599,0.0,0.0,0.0,0.1751863323297425,0.0,0.0,0.0,0.0,0.0,0.0,0.0,0.2199025521346008,0.2502897612761073,0.13686081019203952,0.12657422693593948,0.0,0.0,0.0,0.0,0.24012248344434756,0.0,0.0,0.0,0.0,0.0,0.0,0.0,0.0,0.0,0.0,0.0,0.0,0.0,0.0,0.0,0.0,0.0,0.3530651167001439,0.0,0.0,0.0,0.32805029267680436,0.0,0.0,0.0,0.0,0.0,0.0,0.0,0.0,0.0,0.0,0.0,0.0,0.2900756911693777,0.0,0.0,0.0
f6c3a225383873e0d278e419b531ded61dab33208c77b8946183c51ce03cc32c,0.0,0.0,0.0,0.0,0.0,0.0,0.0,0.0,0.0,0.0,0.0,0.0,0.0,0.0,0.0,0.0,0.0,0.0,0.0,0.0,0.0,0.0,0.0,0.0,0.0,0.0,0.0,0.0,0.0,0.0,0.0,0.0,0.0,0.0,0.323269440145354,0.0,0.0,0.0,0.0,0.0,0.0,0.0,0.36208217349318633,0.0,0.0,0.0,0.0,0.0,0.0,0.0,0.0,0.0,0.0,0.0,0.0,0.0,0.0,0.0,0.0,0.0,0.28686411979928916,0.0,0.0,0.40078230167003226,0.0,0.0,0.0,0.32271551252323377,0.0,0.0,0.0,0.0,0.0,0.0,0.0,0.18793614194244307,0.0,0.0,0.0,0.17194197715432594,0.0,0.0,0.0,0.0,0.0,0.0,0.0,0.0,0.0,0.0,0.0,0.0,0.0,0.0,0.0,0.0,0.0,0.0,0.0,0.0,0.0,0.0,0.0,0.0,0.0,0.0,0.31623533026098455,0.0,0.0,0.0,0.0,0.0,0.0,0.0,0.0,0.0,0.0,0.22848382020050967,0.0,0.0,0.265535380401831,0.0,0.0,0.0,0.0,0.0,0.0,0.0,0.0,0.0,0.0,0.0,0.0,0.0,0.0,0.0,0.0,0.0,0.0,0.0,0.0,0.0,0.0,0.0,0.0,0.20435806671638132,0.0,0.0,0.0,0.0,0.0,0.0,0.0,0.0,0.2965900458401002,0.0,0.0,0.0,0.0,0.0,0.0
f6e45bfd982d0d6636a4b4799a3d1febede323286f9ae3236487b1d3ce844d72,0.0,0.0,0.0,0.0,0.0,0.0,0.0,0.0,0.0,0.0,0.0,0.0,0.0,0.0,0.0,0.0,0.0,0.0,0.0,0.0,0.0,0.0,0.0,0.0,0.0,0.0,0.0,0.0,0.0,0.0,0.0,0.0,0.0,0.0,0.3468012285132245,0.0,0.0,0.0,0.0,0.0,0.0,0.0,0.0,0.0,0.0,0.0,0.0,0.0,0.0,0.0,0.0,0.0,0.0,0.0,0.0,0.0,0.0,0.0,0.0,0.0,0.3077458516277511,0.0,0.0,0.4299564924015985,0.0,0.0,0.0,0.3462069787760011,0.0,0.0,0.0,0.0,0.0,0.0,0.0,0.20161659845845376,0.0,0.0,0.0,0.1844581686512071,0.0,0.0,0.0,0.0,0.0,0.0,0.0,0.0,0.0,0.0,0.0,0.0,0.0,0.0,0.0,0.0,0.0,0.0,0.0,0.0,0.0,0.0,0.0,0.0,0.0,0.0,0.33925508388446063,0.0,0.0,0.0,0.0,0.0,0.0,0.0,0.0,0.0,0.0,0.24511586837686503,0.0,0.0,0.28486452692736797,0.0,0.0,0.0,0.0,0.0,0.0,0.0,0.0,0.0,0.0,0.0,0.0,0.0,0.0,0.0,0.0,0.0,0.0,0.0,0.0,0.0,0.0,0.0,0.0,0.21923392623182072,0.0,0.0,0.0,0.0,0.0,0.0,0.0,0.0,0.3181797580862935,0.0,0.0,0.0,0.0,0.0,0.0
9cba81a7ac7f0c7a020ca9c4e06f796c4a585e3d1abd77788868dcd59a27fdad,0.0,0.0,0.0,0.0,0.0,0.0,0.0,0.0,0.0,0.0,0.2528057154779211,0.0,0.16459527763764217,0.0,0.0,0.0,0.0,0.0,0.0,0.0,0.0,0.24063340811879194,0.0,0.0,0.0,0.0,0.34559346591914974,0.0,0.0,0.0,0.0,0.0,0.0,0.0,0.0,0.0,0.0,0.0,0.0,0.0,0.0,0.0,0.0,0.0,0.31927757328406126,0.0,0.0,0.0,0.0,0.0,0.0,0.0,0.0,0.0,0.0,0.0,0.0,0.0,0.31786000867344766,0.0,0.0,0.0,0.0,0.0,0.31786000867344766,0.0,0.0,0.0,0.0,0.0,0.0,0.0,0.0,0.0,0.0,0.15647506985170728,0.0,0.26596278721037786,0.0,0.14315837607171678,0.0,0.0,0.0,0.0,0.0,0.0,0.0,0.0,0.0,0.0,0.0,0.0,0.0,0.0,0.0,0.0,0.0,0.0,0.0,0.0,0.0,0.0,0.0,0.0,0.0,0.0,0.0,0.0,0.0,0.0,0.0,0.0,0.0,0.0,0.0,0.0,0.0,0.19023494553170628,0.0,0.1852111076663369,0.0,0.0,0.0,0.0,0.259834756405469,0.0,0.2990489687609232,0.0,0.0,0.0,0.0,0.0,0.0,0.23568641100537258,0.0,0.0,0.0,0.0,0.0,0.0,0.0,0.0,0.0,0.0,0.0,0.17014791531688894,0.0,0.0,0.0,0.0,0.0,0.0,0.0,0.0,0.0,0.0,0.0,0.0,0.0,0.0,0.0
f7c432afe20c31ddd75dbb214f1b7aaeb400d9d17da6d9e3c0d7cf1dd38bf524,0.0,0.0,0.0,0.0,0.0,0.0,0.0,0.0,0.0,0.0,0.0,0.26199950645204706,0.0,0.32916834636220577,0.0,0.0,0.0,0.0,0.0,0.0,0.0,0.0,0.0,0.3360222302414099,0.0,0.0,0.0,0.0,0.0,0.3952587122517407,0.0,0.0,0.0,0.0,0.1595434256852453,0.0,0.0,0.0,0.0,0.0,0.0,0.0,0.0,0.0,0.0,0.0,0.0,0.0,0.0,0.0,0.0,0.0,0.0,0.0,0.0,0.0,0.3003229385434249,0.0,0.0,0.0,0.0,0.0,0.0,0.0,0.0,0.0,0.0,0.0,0.0,0.0,0.0,0.0,0.0,0.0,0.0,0.09275227464150017,0.0,0.0,0.0,0.08485866168469496,0.0,0.0,0.0,0.0,0.0,0.0,0.0,0.0,0.0,0.0,0.0,0.0,0.0,0.0,0.0,0.0,0.0,0.0,0.0,0.11913879179056479,0.0,0.4624275521618994,0.13068945819081226,0.0,0.0,0.0,0.0,0.0,0.0,0.0,0.0,0.0,0.0,0.0,0.1959091405625121,0.0,0.12192802421410713,0.0,0.0,0.0,0.0,0.0,0.0,0.0,0.0,0.0,0.0,0.0,0.0,0.0,0.0,0.0,0.0,0.0,0.0,0.0,0.0,0.0,0.3522105320702957,0.0,0.0,0.0,0.0,0.0,0.0,0.0,0.0,0.0,0.0,0.0,0.0,0.0,0.0,0.0,0.0,0.0,0.0,0.0,0.0,0.0,0.0
1edc828da884f2b17544ba6609f55bba3c950093528a5e857a23be8ae78fcb36,0.0,0.0,0.0,0.0,0.0,0.0,0.0,0.0,0.0,0.0,0.0,0.0,0.279358232020082,0.0,0.0,0.0,0.0,0.0,0.0,0.0,0.0,0.0,0.0,0.0,0.0,0.0,0.0,0.0,0.0,0.0,0.0,0.0,0.0,0.0,0.0,0.0,0.0,0.0,0.0,0.0,0.0,0.0,0.5116654509330799,0.0,0.0,0.0,0.0,0.0,0.0,0.0,0.0,0.0,0.0,0.0,0.0,0.0,0.0,0.0,0.0,0.0,0.0,0.0,0.0,0.0,0.0,0.0,0.0,0.0,0.0,0.0,0.0,0.0,0.0,0.0,0.0,0.2655762637687906,0.0,0.0,0.0,0.24297459448566047,0.0,0.0,0.0,0.0,0.0,0.0,0.0,0.0,0.0,0.0,0.0,0.0,0.0,0.0,0.0,0.0,0.0,0.0,0.0,0.34112840160481817,0.0,0.0,0.0,0.0,0.0,0.0,0.0,0.0,0.0,0.0,0.0,0.0,0.0,0.0,0.0,0.0,0.34911477098163674,0.0,0.0,0.0,0.0,0.0,0.0,0.0,0.0,0.0,0.0,0.0,0.0,0.0,0.0,0.0,0.0,0.0,0.0,0.0,0.0,0.0,0.0,0.0,0.0,0.0,0.5406850556305232,0.0,0.0,0.0,0.0,0.0,0.0,0.0,0.0,0.0,0.0,0.0,0.0,0.0,0.0,0.0,0.0,0.0,0.0
f25a3e2bbaa9bed0210adf5bff0bc5d76fbf44e09ae4bc22e40473814a6ebad1,0.0,0.0,0.0,0.0,0.0,0.0,0.0,0.0,0.0,0.0,0.0,0.0,0.0,0.0,0.0,0.0,0.0,0.5404393632707973,0.0,0.0,0.0,0.0,0.0,0.0,0.0,0.0,0.0,0.0,0.0,0.0,0.0,0.0,0.0,0.0,0.0,0.0,0.0,0.0,0.0,0.0,0.0,0.0,0.0,0.0,0.0,0.0,0.0,0.0,0.0,0.0,0.0,0.0,0.0,0.0,0.0,0.0,0.0,0.0,0.0,0.0,0.4006622080016379,0.0,0.0,0.0,0.0,0.0,0.0,0.0,0.0,0.0,0.0,0.0,0.0,0.0,0.0,0.0,0.0,0.0,0.0,0.0,0.0,0.0,0.0,0.0,0.0,0.0,0.0,0.0,0.0,0.0,0.0,0.0,0.0,0.0,0.0,0.0,0.0,0.0,0.0,0.3371639076045214,0.0,0.0,0.36985240276560893,0.0,0.0,0.0,0.4416848846734272,0.0,0.0,0.0,0.0,0.0,0.0,0.0,0.0,0.0,0.0,0.31912262836578104,0.0,0.0,0.0,0.0,0.0,0.0,0.0,0.0,0.0,0.0,0.0,0.0,0.0,0.0,0.0,0.0,0.0,0.0,0.0,0.0,0.0,0.0,0.0,0.0,0.0,0.0,0.0,0.0,0.0,0.0,0.0,0.0,0.0,0.0,0.0,0.0,0.0,0.0,0.0,0.0,0.0,0.0,0.0
f42bcc81c05e8944649958f8b9296c5523d1eb8ab00842d66530702e476561ef,0.0,0.0,0.0,0.0,0.0,0.0,0.0,0.0,0.0,0.0,0.0,0.354302478476646,0.0,0.0,0.0,0.0,0.0,0.0,0.0,0.0,0.0,0.0,0.0,0.0,0.0,0.0,0.27702480307024063,0.0,0.0,0.0,0.0,0.0,0.0,0.0,0.0,0.0,0.0,0.0,0.0,0.0,0.0,0.0,0.0,0.0,0.2559302058229695,0.0,0.0,0.0,0.0,0.0,0.0,0.0,0.0,0.0,0.0,0.0,0.0,0.0,0.25479389800519825,0.0,0.0,0.0,0.0,0.0,0.0,0.0,0.0,0.0,0.0,0.0,0.0,0.0,0.0,0.0,0.0,0.12542909425611748,0.0,0.21319352365360975,0.0,0.11475454500751678,0.0,0.0,0.0,0.0,0.0,0.0,0.0,0.0,0.0,0.0,0.0,0.0,0.0,0.0,0.0,0.0,0.0,0.0,0.0,0.16111163637568135,0.0,0.0,0.17673162661567682,0.0,0.0,0.0,0.0,0.0,0.0,0.0,0.0,0.0,0.0,0.0,0.0,0.0,0.16488352119367564,0.1524907254332401,0.1674862571465305,0.14846365943646467,0.1772190378738085,0.0,0.0,0.0,0.0,0.0,0.23971512730722264,0.0,0.0,0.0,0.0,0.0,0.0,0.188924236230698,0.0,0.0,0.0,0.0,0.47629503638368,0.0,0.0,0.0,0.2553603090997496,0.0,0.0,0.1363891316871721,0.0,0.0,0.0,0.0,0.0,0.0,0.0,0.0,0.0,0.0,0.0,0.0,0.0,0.0,0.0
f51fc0ab96d1aee49950b8ca91ef67c330b8593340cc3002513100ac9bf163b0,0.0,0.0,0.0,0.0,0.0,0.0,0.0,0.0,0.0,0.0,0.0,0.0,0.17559283325629704,0.0,0.0,0.0,0.0,0.0,0.0,0.0,0.0,0.0,0.0,0.0,0.0,0.0,0.0,0.0,0.0,0.0,0.0,0.0,0.0,0.0,0.0,0.0,0.0,0.0,0.0,0.0,0.0,0.0,0.0,0.0,0.0,0.0,0.0,0.0,0.0,0.0,0.0,0.0,0.0,0.0,0.0,0.0,0.0,0.0,0.0,0.0,0.0,0.0,0.0,0.0,0.0,0.0,0.0,0.28664482422767806,0.0,0.0,0.0,0.0,0.0,0.0,0.0,0.1669300677612798,0.0,0.0,0.0,0.0,0.0,0.0,0.0,0.0,0.0,0.0,0.0,0.0,0.0,0.0,0.0,0.0,0.0,0.0,0.0,0.0,0.0,0.0,0.0,0.2144189634536204,0.0,0.0,0.23520717088393756,0.0,0.0,0.0,0.0,0.0,0.0,0.0,0.0,0.0,0.0,0.0,0.0,0.0,0.21943885929190055,0.0,0.2229027676582291,0.19758612526700828,0.0,0.0,0.0,0.0,0.0,0.0,0.0,0.0,0.0,0.0,0.0,0.0,0.0,0.2514339734554873,0.7468199062045011,0.0,0.0,0.0,0.0,0.0,0.0,0.0,0.0,0.0,0.0,0.0,0.0,0.0,0.0,0.0,0.0,0.0,0.0,0.0,0.0,0.0,0.0,0.0,0.0,0.0,0.0
f764d5514f356016a48f87911dc41ba77706527c90263c9edb925dcab757c156,0.0,0.0,0.0,0.0,0.0,0.0,0.0,0.0,0.0,0.0,0.0,0.0,0.28870851133172837,0.0,0.0,0.0,0.0,0.0,0.0,0.0,0.0,0.0,0.0,0.0,0.0,0.0,0.0,0.0,0.0,0.0,0.0,0.0,0.0,0.0,0.0,0.0,0.0,0.0,0.0,0.0,0.0,0.0,0.0,0.0,0.0,0.0,0.0,0.6030708779360202,0.0,0.0,0.0,0.0,0.0,0.0,0.0,0.0,0.0,0.0,0.0,0.0,0.0,0.0,0.0,0.0,0.0,0.0,0.0,0.0,0.0,0.0,0.0,0.0,0.0,0.0,0.0,0.2744652527447918,0.0,0.0,0.0,0.0,0.0,0.0,0.0,0.0,0.0,0.0,0.0,0.0,0.0,0.0,0.0,0.0,0.0,0.0,0.0,0.0,0.0,0.0,0.0,0.0,0.0,0.0,0.38672598933085345,0.0,0.0,0.0,0.0,0.0,0.0,0.0,0.0,0.0,0.0,0.0,0.0,0.0,0.36079984142647376,0.0,0.0,0.0,0.0,0.0,0.0,0.0,0.0,0.0,0.0,0.0,0.0,0.0,0.0,0.0,0.0,0.0,0.0,0.0,0.0,0.0,0.0,0.0,0.0,0.0,0.0,0.44484628840593554,0.0,0.0,0.0,0.0,0.0,0.0,0.0,0.0,0.0,0.0,0.0,0.0,0.0,0.0,0.0,0.0,0.0
f03172bd32ed16df6dda8e8146d24b073b864da59d669218fcc5e97835a5e956,0.0,0.19924270043413136,0.23463898375099626,0.0,0.0,0.0,0.0,0.0,0.0,0.0,0.0,0.0,0.09315559743764185,0.0,0.0,0.0,0.0,0.18233551011820054,0.0,0.0,0.0,0.13619071712441064,0.0,0.0,0.0,0.0,0.0,0.0,0.0,0.0,0.0,0.0,0.0,0.0,0.0,0.0,0.0,0.0,0.0,0.0,0.0,0.0,0.0,0.0,0.0,0.28278416458262073,0.0,0.19458874860402894,0.0,0.0,0.22060336586913115,0.0,0.2674288781276236,0.0,0.0,0.0,0.0,0.0,0.0,0.0,0.1351769560953643,0.0,0.0,0.18885781754286599,0.17989847238932732,0.0,0.0,0.0,0.0,0.0,0.0,0.29547930344325196,0.0,0.0,0.0,0.08855982276856617,0.0,0.0,0.0,0.08102300529254981,0.0,0.0,0.0,0.0,0.2931848127003841,0.273813094103742,0.0,0.0,0.0,0.0,0.0,0.0,0.0,0.0,0.0,0.0,0.0,0.0,0.0,0.0,0.0,0.0,0.0,0.0,0.0,0.0,0.14901734446399756,0.0,0.0,0.0,0.0,0.0,0.0,0.0,0.1870539437875459,0.0,0.0,0.10766681923607352,0.11825448742203463,0.10482348967950728,0.1251263646476889,0.0,0.2042534617462385,0.27904678872619454,0.0,0.0,0.0,0.0,0.0,0.0,0.0,0.0,0.0,0.0,0.0,0.0,0.0,0.0,0.0,0.0,0.0,0.0,0.0,0.0,0.0,0.09629821056597075,0.0,0.0,0.0,0.0,0.0,0.0,0.0,0.0,0.13976003563255196,0.0,0.0,0.0,0.0,0.0,0.0
f229475cf917150e0b13b02f20f1921fe047cd1527a0556b94807c72cebdfc97,0.0,0.0,0.0,0.0,0.0,0.0,0.0,0.0,0.0,0.0,0.0,0.0,0.0,0.0,0.0,0.0,0.0,0.0,0.0,0.0,0.0,0.0,0.0,0.0,0.0,0.0,0.0,0.0,0.0,0.0,0.0,0.0,0.0,0.0,0.3468012285132245,0.0,0.0,0.0,0.0,0.0,0.0,0.0,0.0,0.0,0.0,0.0,0.0,0.0,0.0,0.0,0.0,0.0,0.0,0.0,0.0,0.0,0.0,0.0,0.0,0.0,0.3077458516277511,0.0,0.0,0.4299564924015985,0.0,0.0,0.0,0.3462069787760011,0.0,0.0,0.0,0.0,0.0,0.0,0.0,0.20161659845845376,0.0,0.0,0.0,0.1844581686512071,0.0,0.0,0.0,0.0,0.0,0.0,0.0,0.0,0.0,0.0,0.0,0.0,0.0,0.0,0.0,0.0,0.0,0.0,0.0,0.0,0.0,0.0,0.0,0.0,0.0,0.0,0.33925508388446063,0.0,0.0,0.0,0.0,0.0,0.0,0.0,0.0,0.0,0.0,0.24511586837686503,0.0,0.0,0.28486452692736797,0.0,0.0,0.0,0.0,0.0,0.0,0.0,0.0,0.0,0.0,0.0,0.0,0.0,0.0,0.0,0.0,0.0,0.0,0.0,0.0,0.0,0.0,0.0,0.0,0.21923392623182072,0.0,0.0,0.0,0.0,0.0,0.0,0.0,0.0,0.3181797580862935,0.0,0.0,0.0,0.0,0.0,0.0
fa0a5c7a162480d0bc13a372721cf042c42c356a140ee62174a6d151dac5ab61,0.0,0.0,0.0,0.0,0.0,0.0,0.0,0.0,0.0,0.0,0.0,0.0,0.0,0.0,0.0,0.0,0.0,0.0,0.0,0.0,0.6084665761140599,0.0,0.0,0.0,0.0,0.0,0.0,0.0,0.0,0.0,0.0,0.0,0.0,0.0,0.3524036919687862,0.0,0.0,0.0,0.0,0.0,0.0,0.0,0.0,0.3731217138468699,0.0,0.0,0.0,0.0,0.0,0.0,0.0,0.0,0.0,0.0,0.0,0.0,0.0,0.0,0.0,0.0,0.0,0.0,0.0,0.0,0.0,0.0,0.0,0.3517998423162149,0.0,0.0,0.0,0.0,0.0,0.0,0.0,0.0,0.0,0.0,0.0,0.0,0.0,0.0,0.0,0.0,0.0,0.0,0.0,0.0,0.0,0.0,0.0,0.0,0.0,0.0,0.0,0.0,0.0,0.0,0.0,0.0,0.0,0.0,0.0,0.0,0.0,0.0,0.0,0.0,0.0,0.0,0.0,0.0,0.0,0.0,0.0,0.0,0.2693178092607837,0.0,0.27356907184804846,0.0,0.0,0.0,0.0,0.0,0.0,0.0,0.0,0.0,0.0,0.0,0.0,0.0,0.0,0.3085854853751751,0.0,0.0,0.0,0.0,0.0,0.0,0.0,0.0,0.0,0.0,0.0,0.0,0.0,0.0,0.0,0.0,0.0,0.0,0.0,0.0,0.0,0.0,0.0,0.0,0.0,0.0,0.0
fc585c35ed8447330db52c257078c7086aca4471bb756cecbf7535fa213915bd,0.0,0.22469141219171768,0.0,0.0,0.0,0.0,0.0,0.0,0.0,0.0,0.16135503707265197,0.28210884148395093,0.10505410083390569,0.0,0.0,0.0,0.0,0.0,0.0,0.0,0.0,0.15358597575424388,0.0,0.0,0.0,0.0,0.0,0.0,0.0,0.0,0.0,0.0,0.0,0.0,0.0,0.0,0.0,0.0,0.0,0.0,0.0,0.3033219083252632,0.0,0.18188848728325857,0.2037811707552764,0.0,0.0,0.0,0.0,0.0,0.0,0.0,0.0,0.0,0.0,0.2934755861925822,0.3233737246716841,0.0,0.0,0.0,0.0,0.0,0.0,0.0,0.0,0.0,0.0,0.0,0.0,0.0,0.0,0.0,0.0,0.0,0.0,0.09987132074580445,0.0,0.0,0.0,0.09137184669517452,0.0,0.0,0.0,0.0,0.0,0.0,0.0,0.0,0.0,0.0,0.0,0.0,0.0,0.0,0.0,0.0,0.0,0.0,0.0,0.12828309099882,0.0,0.0,0.14072030952899237,0.0,0.0,0.0,0.16805091225785979,0.0,0.0,0.0,0.0,0.0,0.0,0.3050988107509236,0.0,0.0,0.13128640630383956,0.12141880032559309,0.1333588016974747,0.1182123002530721,0.14110840454302942,0.0,0.0,0.0,0.16584137219092873,0.0,0.19087012075552268,0.0,0.0,0.0,0.0,0.0,0.0,0.0,0.0,0.0,0.0,0.0,0.0,0.0,0.0,0.0,0.20332739773894215,0.0,0.0,0.1085981111300816,0.22469141219171768,0.0,0.0,0.0,0.0,0.0,0.0,0.0,0.15761119331257264,0.0,0.0,0.0,0.0,0.0,0.0
b8ab74dd84edb28eb65b60019e3420a82747b46e1d10d016dbf74fee5edb7ecb,0.0,0.0,0.0,0.0,0.0,0.0,0.0,0.0,0.0,0.0,0.0,0.0,0.0,0.0,0.0,0.0,0.0,0.0,0.0,0.0,0.0,0.0,0.0,0.0,0.0,0.0,0.0,0.0,0.0,0.0,0.0,0.0,0.0,0.0,0.27156534847616365,0.0,0.0,0.0,0.0,0.0,0.0,0.0,0.3041703279390452,0.28753083623716286,0.0,0.0,0.0,0.0,0.0,0.0,0.0,0.0,0.0,0.0,0.0,0.0,0.0,0.0,0.0,0.0,0.0,0.0,0.0,0.0,0.0,0.0,0.0,0.0,0.0,0.0,0.0,0.0,0.0,0.0,0.0,0.1578774159874722,0.0,0.0,0.0,0.14444137658851994,0.0,0.0,0.0,0.0,0.0,0.0,0.0,0.0,0.3460109273913087,0.0,0.0,0.0,0.0,0.0,0.0,0.0,0.0,0.0,0.0,0.2027909791373243,0.0,0.0,0.0,0.0,0.0,0.0,0.0,0.0,0.0,0.0,0.0,0.0,0.0,0.0,0.0,0.0,0.2075386449958639,0.0,0.21081470490183246,0.18687098921413087,0.0,0.0,0.0,0.0,0.0,0.0,0.0,0.0,0.0,0.0,0.0,0.0,0.0,0.2377986575634915,0.0,0.0,0.0,0.0,0.0,0.0,0.0,0.0,0.0,0.0,0.0,0.1716727989407098,0.35519405657699415,0.3843522245977227,0.0,0.0,0.0,0.0,0.0,0.0,0.24915308764389463,0.0,0.0,0.0,0.0,0.0,0.0
fe1b479880db7637fc96d334f216e5e966879a77fac1b85d1fd892a050fbe638,0.0,0.0,0.0,0.0,0.0,0.0,0.0,0.0,0.0,0.0,0.0,0.0,0.2169632185659544,0.0,0.0,0.0,0.0,0.42466690378526506,0.0,0.0,0.0,0.0,0.0,0.0,0.0,0.0,0.0,0.0,0.0,0.0,0.0,0.0,0.0,0.0,0.0,0.0,0.0,0.0,0.0,0.0,0.0,0.0,0.0,0.0,0.0,0.0,0.0,0.0,0.0,0.0,0.0,0.0,0.0,0.0,0.0,0.0,0.0,0.0,0.0,0.0,0.0,0.0,0.0,0.0,0.0,0.0,0.0,0.3541795100426117,0.0,0.0,0.0,0.0,0.0,0.0,0.0,0.0,0.0,0.0,0.0,0.18870591236265025,0.0,0.0,0.0,0.0,0.0,0.0,0.0,0.0,0.0,0.0,0.0,0.0,0.0,0.0,0.0,0.0,0.0,0.0,0.0,0.0,0.0,0.0,0.29062293647421095,0.0,0.0,0.0,0.34706752537015195,0.0,0.0,0.0,0.0,0.0,0.0,0.0,0.0,0.0,0.0,0.25076045108136724,0.27541956583045335,0.2441382195783245,0.0,0.0,0.0,0.0,0.0,0.0,0.0,0.0,0.0,0.0,0.0,0.0,0.0,0.310672839694458,0.0,0.0,0.0,0.0,0.0,0.0,0.0,0.0,0.0,0.3343000940792277,0.0,0.0,0.0,0.0,0.0,0.0,0.0,0.0,0.0,0.0,0.0,0.0,0.0,0.0,0.0,0.0,0.0
1f2c57feb6fcb80fe02d53778fa7c6b3bcba0319229fe9b9ff725a24d939c2b6,0.0,0.0,0.0,0.0,0.0,0.0,0.0,0.0,0.0,0.0,0.0,0.0,0.0,0.0,0.0,0.0,0.0,0.5404393632707973,0.0,0.0,0.0,0.0,0.0,0.0,0.0,0.0,0.0,0.0,0.0,0.0,0.0,0.0,0.0,0.0,0.0,0.0,0.0,0.0,0.0,0.0,0.0,0.0,0.0,0.0,0.0,0.0,0.0,0.0,0.0,0.0,0.0,0.0,0.0,0.0,0.0,0.0,0.0,0.0,0.0,0.0,0.4006622080016379,0.0,0.0,0.0,0.0,0.0,0.0,0.0,0.0,0.0,0.0,0.0,0.0,0.0,0.0,0.0,0.0,0.0,0.0,0.0,0.0,0.0,0.0,0.0,0.0,0.0,0.0,0.0,0.0,0.0,0.0,0.0,0.0,0.0,0.0,0.0,0.0,0.0,0.0,0.3371639076045214,0.0,0.0,0.36985240276560893,0.0,0.0,0.0,0.4416848846734272,0.0,0.0,0.0,0.0,0.0,0.0,0.0,0.0,0.0,0.0,0.31912262836578104,0.0,0.0,0.0,0.0,0.0,0.0,0.0,0.0,0.0,0.0,0.0,0.0,0.0,0.0,0.0,0.0,0.0,0.0,0.0,0.0,0.0,0.0,0.0,0.0,0.0,0.0,0.0,0.0,0.0,0.0,0.0,0.0,0.0,0.0,0.0,0.0,0.0,0.0,0.0,0.0,0.0,0.0,0.0
1f4bc361329e51a44c86b2d592d4cbaf74c90d7fedf7f8e6ef6f9776e5912106,0.0,0.0,0.0,0.0,0.0,0.0,0.0,0.0,0.0,0.0,0.0,0.0,0.0,0.0,0.0,0.0,0.0,0.0,0.0,0.0,0.0,0.0,0.0,0.0,0.0,0.0,0.0,0.0,0.0,0.0,0.0,0.0,0.0,0.0,0.3135470395312894,0.0,0.0,0.0,0.0,0.0,0.0,0.0,0.35119247125492603,0.0,0.0,0.0,0.0,0.0,0.0,0.0,0.0,0.0,0.0,0.0,0.0,0.0,0.0,0.0,0.0,0.0,0.2782366173257003,0.0,0.0,0.3887286844332439,0.0,0.0,0.0,0.3130097714061232,0.0,0.0,0.0,0.0,0.0,0.0,0.0,0.1822839204982986,0.0,0.0,0.0,0.16677078378845425,0.0,0.0,0.0,0.0,0.0,0.0,0.0,0.0,0.0,0.0,0.0,0.0,0.0,0.0,0.0,0.0,0.0,0.0,0.0,0.0,0.0,0.0,0.0,0.0,0.0,0.0,0.30672448207274905,0.0,0.0,0.0,0.0,0.0,0.0,0.0,0.0,0.0,0.0,0.22161211827649718,0.24340486362689923,0.0,0.25754934452935924,0.0,0.0,0.0,0.0,0.0,0.0,0.0,0.0,0.0,0.0,0.0,0.0,0.0,0.0,0.0,0.0,0.0,0.0,0.0,0.0,0.0,0.0,0.0,0.0,0.198211952216851,0.0,0.0,0.0,0.0,0.0,0.0,0.0,0.0,0.2876700339685645,0.0,0.0,0.0,0.0,0.0,0.0
2a035af98048e744ace980d7cea7ab1a712366e1366f15c3cfd78639e3cc332d,0.0,0.0,0.0,0.0,0.0,0.0,0.0,0.0,0.0,0.0,0.0,0.0,0.0,0.0,0.0,0.0,0.0,0.0,0.0,0.0,0.0,0.0,0.0,0.0,0.0,0.0,0.0,0.0,0.0,0.0,0.0,0.0,0.0,0.0,0.3468012285132245,0.0,0.0,0.0,0.0,0.0,0.0,0.0,0.0,0.0,0.0,0.0,0.0,0.0,0.0,0.0,0.0,0.0,0.0,0.0,0.0,0.0,0.0,0.0,0.0,0.0,0.3077458516277511,0.0,0.0,0.4299564924015985,0.0,0.0,0.0,0.3462069787760011,0.0,0.0,0.0,0.0,0.0,0.0,0.0,0.20161659845845376,0.0,0.0,0.0,0.1844581686512071,0.0,0.0,0.0,0.0,0.0,0.0,0.0,0.0,0.0,0.0,0.0,0.0,0.0,0.0,0.0,0.0,0.0,0.0,0.0,0.0,0.0,0.0,0.0,0.0,0.0,0.0,0.33925508388446063,0.0,0.0,0.0,0.0,0.0,0.0,0.0,0.0,0.0,0.0,0.24511586837686503,0.0,0.0,0.28486452692736797,0.0,0.0,0.0,0.0,0.0,0.0,0.0,0.0,0.0,0.0,0.0,0.0,0.0,0.0,0.0,0.0,0.0,0.0,0.0,0.0,0.0,0.0,0.0,0.0,0.21923392623182072,0.0,0.0,0.0,0.0,0.0,0.0,0.0,0.0,0.3181797580862935,0.0,0.0,0.0,0.0,0.0,0.0
2b51d4d0fe3f4e627de64da3617cb9f62c9d3071fdb81c161a8fba567a207aff,0.0,0.0,0.0,0.0,0.0,0.0,0.0,0.0,0.0,0.0,0.0,0.0,0.0,0.0,0.0,0.0,0.0,0.0,0.0,0.0,0.0,0.0,0.0,0.0,0.0,0.0,0.0,0.0,0.0,0.0,0.0,0.0,0.0,0.0,0.3348776442082856,0.0,0.0,0.0,0.0,0.0,0.0,0.0,0.0,0.0,0.0,0.0,0.0,0.0,0.0,0.0,0.0,0.0,0.0,0.0,0.0,0.0,0.0,0.0,0.0,0.0,0.29716505402760995,0.0,0.0,0.41517389631165763,0.0,0.0,0.0,0.33430382573328793,0.0,0.0,0.0,0.0,0.0,0.0,0.0,0.1946846953642791,0.0,0.0,0.0,0.17811619998495873,0.0,0.0,0.0,0.0,0.0,0.0,0.0,0.0,0.0,0.0,0.0,0.0,0.0,0.0,0.0,0.0,0.0,0.0,0.0,0.0,0.0,0.0,0.0,0.0,0.0,0.0,0.32759094817503004,0.0,0.0,0.0,0.0,0.0,0.0,0.0,0.0,0.0,0.0,0.23668839038435724,0.2599636961715944,0.0,0.27507042609079757,0.0,0.0,0.0,0.0,0.0,0.0,0.0,0.0,0.0,0.0,0.0,0.0,0.0,0.0,0.0,0.0,0.0,0.0,0.0,0.0,0.0,0.0,0.0,0.0,0.2116963110591911,0.0,0.0,0.0,0.0,0.0,0.0,0.0,0.0,0.30724022599198225,0.0,0.0,0.0,0.0,0.0,0.0
2dcaca208625860f4eb114af4c4158368284eb99c994793d5ac66d3af654bf5f,0.0,0.0,0.0,0.0,0.0,0.0,0.0,0.0,0.0,0.0,0.0,0.0,0.0,0.0,0.0,0.0,0.0,0.5254983841664272,0.0,0.0,0.0,0.0,0.0,0.0,0.0,0.0,0.0,0.0,0.0,0.0,0.0,0.0,0.0,0.0,0.0,0.0,0.0,0.0,0.0,0.0,0.0,0.0,0.0,0.0,0.0,0.0,0.0,0.0,0.0,0.0,0.0,0.0,0.0,0.0,0.0,0.0,0.0,0.0,0.0,0.0,0.3895855061836326,0.0,0.0,0.0,0.0,0.0,0.0,0.0,0.0,0.0,0.0,0.0,0.0,0.0,0.0,0.0,0.0,0.0,0.0,0.23351160908778335,0.0,0.0,0.0,0.0,0.0,0.0,0.0,0.0,0.0,0.0,0.0,0.0,0.0,0.0,0.0,0.0,0.0,0.0,0.0,0.32784267891425894,0.0,0.0,0.3596274683937335,0.0,0.0,0.0,0.4294740705079254,0.0,0.0,0.0,0.0,0.0,0.0,0.0,0.0,0.0,0.0,0.3103001686298944,0.0,0.0,0.0,0.0,0.0,0.0,0.0,0.0,0.0,0.0,0.0,0.0,0.0,0.0,0.0,0.0,0.0,0.0,0.0,0.0,0.0,0.0,0.0,0.0,0.0,0.0,0.0,0.0,0.0,0.0,0.0,0.0,0.0,0.0,0.0,0.0,0.0,0.0,0.0,0.0,0.0,0.0,0.0
2dd2c201103ac3a5bf77ae7b30d0032ed215f59f883543c816e516ab454383fb,0.0,0.0,0.28623229452618076,0.0,0.31581341165766175,0.0,0.0,0.0,0.0,0.0,0.0,0.0,0.11363900395524201,0.0,0.0,0.0,0.0,0.0,0.0,0.0,0.0,0.0,0.0,0.0,0.0,0.0,0.0,0.0,0.0,0.0,0.0,0.0,0.0,0.0,0.0,0.0,0.0,0.0,0.0,0.0,0.0,0.0,0.0,0.0,0.0,0.0,0.0,0.0,0.0,0.0,0.26911047168500135,0.0,0.0,0.0,0.0,0.0,0.0,0.0,0.0,0.0,0.16490017852831174,0.0,0.0,0.0,0.0,0.0,0.0,0.0,0.0,0.0,0.0,0.0,0.0,0.0,0.0,0.0,0.0,0.0,0.0,0.09883865137646784,0.0,0.0,0.0,0.0,0.0,0.0,0.0,0.0,0.0,0.0,0.0,0.0,0.0,0.0,0.0,0.0,0.0,0.0,0.0,0.13876624110517932,0.0,0.0,0.0,0.0,0.0,0.0,0.1817838440495171,0.0,0.0,0.0,0.0,0.0,0.0,0.0,0.22818407527412063,0.2597156657482129,0.0,0.13134100830824116,0.0,0.12787247665139703,0.0,0.0,0.2491654885557486,0.0,0.17939374285011486,0.0,0.20646781263462996,0.0,0.0,0.0,0.0,0.0,0.0,0.0,0.0,0.0,0.0,0.0,0.0,0.0,0.36636153779815733,0.0,0.0,0.17509663603076916,0.0,0.0,0.0,0.2630053550445289,0.0,0.0,0.0,0.0,0.0,0.0,0.17049100299811656,0.0,0.0,0.3009999324995147,0.0,0.0,0.0
2e7447c239a5c4718568d6f728a8f6f71178bf299e699c945325564da2e6e8df,0.0,0.0,0.0,0.0,0.0,0.0,0.3053406657121851,0.0,0.0,0.0,0.0,0.0,0.1147579492694473,0.0,0.0,0.0,0.29616256370312255,0.22461827088994873,0.0,0.0,0.0,0.0,0.0,0.0,0.0,0.3026099278819335,0.0,0.0,0.0,0.0,0.0,0.0,0.0,0.0,0.0,0.0,0.0,0.0,0.0,0.0,0.0,0.0,0.0,0.0,0.0,0.0,0.0,0.0,0.0,0.2794374098259889,0.0,0.0,0.0,0.0,0.0,0.0,0.0,0.0,0.0,0.0,0.1665238664845045,0.3039637253199717,0.0,0.0,0.0,0.0,0.0,0.0,0.0,0.0,0.0,0.0,0.0,0.0,0.0,0.10909643572829225,0.0,0.0,0.0,0.0,0.0,0.0,0.0,0.0,0.0,0.0,0.0,0.0,0.23910043539367343,0.0,0.0,0.0,0.0,0.0,0.0,0.0,0.0,0.0,0.0,0.1401326015083,0.0,0.0,0.15371864604924673,0.0,0.0,0.0,0.0,0.0,0.0,0.0,0.0,0.0,0.0,0.0,0.2304308874857518,0.26227295344961804,0.14341333308067813,0.13263425623100003,0.14567715565934192,0.12913157171193856,0.15414258940394743,0.0,0.0,0.0,0.0,0.0,0.0,0.0,0.0,0.0,0.0,0.0,0.2937214965473305,0.0,0.0,0.0,0.0,0.0,0.0,0.0,0.0,0.0,0.0,0.1768207233036293,0.0,0.11862931983519004,0.0,0.0,0.0,0.0,0.0,0.0,0.0,0.0,0.0,0.0,0.0,0.0,0.0,0.0,0.0
2f00cd865ea857a2d9d399385c408e99f9daaa1b6c193f2195393bd459524b3e,0.0,0.0,0.0,0.0,0.0,0.0,0.0,0.0,0.0,0.0,0.0,0.0,0.0,0.0,0.0,0.0,0.0,0.0,0.0,0.0,0.0,0.0,0.0,0.0,0.0,0.0,0.0,0.0,0.0,0.0,0.0,0.0,0.0,0.0,0.0,0.0,0.0,0.0,0.0,0.0,0.0,0.0,0.0,0.0,0.0,0.0,0.0,0.0,0.0,0.0,0.0,0.0,0.0,0.0,0.0,0.0,0.0,0.0,0.0,0.0,0.0,0.0,0.0,0.0,0.0,0.0,0.0,0.4478978214442973,0.0,0.0,0.0,0.0,0.0,0.0,0.0,0.0,0.0,0.0,0.0,0.23863878243752923,0.0,0.0,0.0,0.0,0.0,0.0,0.0,0.0,0.0,0.0,0.0,0.0,0.0,0.0,0.0,0.0,0.0,0.0,0.0,0.0,0.0,0.0,0.3675237454952791,0.0,0.0,0.0,0.0,0.0,0.0,0.0,0.0,0.0,0.0,0.0,0.0,0.0,0.0,0.31711337488219155,0.3482974593977859,0.30873885580581756,0.36853734569019314,0.0,0.0,0.0,0.0,0.0,0.0,0.0,0.0,0.0,0.0,0.0,0.0,0.3928789897086929,0.0,0.0,0.0,0.0,0.0,0.0,0.0,0.0,0.0,0.0,0.0,0.0,0.0,0.0,0.0,0.0,0.0,0.0,0.0,0.0,0.0,0.0,0.0,0.0,0.0,0.0,0.0
2f2e75affe9217c7211043936678fb1777e2db4a8f1986b8805ddb1e84e9e99b,0.0,0.0,0.0,0.0,0.32715434770142593,0.0,0.0,0.0,0.0,0.0,0.0,0.0,0.11771980808945808,0.0,0.0,0.0,0.0,0.0,0.0,0.0,0.0,0.0,0.0,0.0,0.0,0.0,0.0,0.0,0.0,0.0,0.0,0.0,0.0,0.0,0.0,0.0,0.0,0.0,0.0,0.0,0.0,0.0,0.0,0.0,0.0,0.0,0.0,0.0,0.0,0.0,0.27877429385160113,0.0,0.0,0.0,0.0,0.0,0.0,0.0,0.0,0.0,0.17082178384734764,0.0,0.0,0.0,0.0,0.0,0.0,0.0,0.0,0.0,0.0,0.0,0.0,0.0,0.0,0.0,0.0,0.0,0.0,0.10238797126769367,0.0,0.0,0.0,0.0,0.0,0.0,0.0,0.0,0.0,0.0,0.0,0.0,0.0,0.0,0.0,0.0,0.0,0.0,0.0,0.1437493704065825,0.0,0.0,0.0,0.0,0.0,0.0,0.188311745883496,0.0,0.0,0.0,0.0,0.0,0.0,0.0,0.23637822064086156,0.26904211815995194,0.0,0.13605749570289905,0.0,0.13246440823482586,0.0,0.0,0.2581130815512199,0.0,0.18583581557158624,0.0,0.21388212175435609,0.0,0.0,0.0,0.0,0.0,0.0,0.0,0.0,0.0,0.0,0.0,0.0,0.0,0.37951766928496017,0.0,0.0,0.18138439860639957,0.0,0.12169109725019726,0.0,0.2724499409950481,0.0,0.0,0.0,0.0,0.0,0.0,0.17661337617691866,0.0,0.0,0.31180891292164653,0.0,0.0,0.0
9e1467ab8e370a976c0274bc5a901b0beab5864683a14c018d15d07cc7dd7720,0.0,0.0,0.0,0.0,0.0,0.0,0.0,0.0,0.0,0.0,0.2729550324707082,0.0,0.17771397797385471,0.0,0.0,0.0,0.0,0.0,0.0,0.0,0.0,0.2598125584401133,0.0,0.0,0.0,0.0,0.3731382240836426,0.0,0.0,0.0,0.0,0.0,0.0,0.0,0.0,0.0,0.0,0.0,0.0,0.0,0.0,0.0,0.32549641376083455,0.0,0.34472488178587485,0.0,0.0,0.0,0.0,0.0,0.0,0.0,0.0,0.0,0.0,0.0,0.0,0.0,0.3431943333424274,0.0,0.0,0.0,0.0,0.0,0.0,0.0,0.0,0.0,0.0,0.0,0.0,0.0,0.0,0.0,0.0,0.1689465670959455,0.0,0.0,0.0,0.15456849587137605,0.0,0.0,0.0,0.0,0.0,0.0,0.0,0.0,0.0,0.0,0.0,0.0,0.0,0.0,0.0,0.0,0.0,0.0,0.0,0.0,0.0,0.0,0.0,0.0,0.0,0.0,0.0,0.0,0.0,0.0,0.0,0.0,0.0,0.0,0.0,0.0,0.0,0.0,0.0,0.19997294685932843,0.0,0.0,0.0,0.0,0.2805443074639168,0.0,0.0,0.0,0.0,0.0,0.0,0.0,0.0,0.25447127193014196,0.0,0.0,0.0,0.0,0.0,0.0,0.0,0.0,0.0,0.27382429127171853,0.0,0.18370917628324282,0.0,0.0,0.0,0.0,0.0,0.0,0.0,0.0,0.0,0.0,0.0,0.0,0.0,0.0,0.0
2f394d52b952eeea2fdc7b06629711193524d15f0b8b6d6765f02345c7185f99,0.0,0.0,0.0,0.0,0.0,0.0,0.0,0.0,0.0,0.0,0.19351165526157985,0.0,0.1259904451277375,0.0,0.0,0.0,0.0,0.0,0.0,0.0,0.0,0.1841942893904609,0.0,0.0,0.0,0.0,0.0,0.41702354454470264,0.0,0.0,0.0,0.0,0.0,0.0,0.0,0.0,0.0,0.0,0.0,0.0,0.0,0.36377125636737423,0.2307609031364042,0.2181372387610068,0.0,0.0,0.0,0.26317605949424766,0.0,0.0,0.0,0.0,0.0,0.0,0.0,0.0,0.0,0.0,0.0,0.0,0.0,0.0,0.0,0.0,0.0,0.0,0.0,0.0,0.0,0.0,0.0,0.0,0.0,0.0,0.37740329180555304,0.11977478324385314,0.25542512905900855,0.20358281494453967,0.0,0.10958143990465714,0.0,0.0,0.0,0.0,0.0,0.0,0.0,0.0,0.0,0.0,0.0,0.0,0.0,0.0,0.0,0.0,0.0,0.0,0.0,0.0,0.0,0.0,0.0,0.0,0.2870554190136695,0.0,0.0,0.0,0.0,0.0,0.0,0.0,0.0,0.0,0.0,0.0,0.15745061485599118,0.14561648311171993,0.0,0.0,0.0,0.0,0.0,0.0,0.0,0.0,0.0,0.0,0.0,0.0,0.0,0.0,0.0,0.18040758069923415,0.0,0.0,0.0,0.0,0.0,0.0,0.0,0.0,0.0,0.0,0.0,0.0,0.0,0.0,0.0,0.0,0.0,0.0,0.0,0.0,0.0,0.0,0.0,0.0,0.0,0.0,0.0
3a99fc405bc3f694acf862883caf95687ae32ba5002a7ac1aaf5931ec1895f86,0.0,0.0,0.0,0.0,0.0,0.0,0.0,0.0,0.0,0.0,0.0,0.0,0.0,0.0,0.0,0.0,0.0,0.0,0.0,0.0,0.0,0.0,0.0,0.0,0.0,0.0,0.0,0.0,0.0,0.0,0.0,0.0,0.0,0.0,0.33360122788768537,0.0,0.0,0.0,0.0,0.0,0.0,0.0,0.0,0.0,0.0,0.0,0.0,0.0,0.0,0.0,0.0,0.0,0.0,0.0,0.0,0.0,0.0,0.0,0.0,0.0,0.2960323826432014,0.0,0.0,0.4135914235897408,0.0,0.0,0.0,0.33302959657351866,0.0,0.0,0.0,0.0,0.0,0.0,0.0,0.193942637102607,0.0,0.0,0.0,0.17743729403660383,0.0,0.0,0.0,0.0,0.0,0.0,0.0,0.0,0.0,0.0,0.0,0.0,0.0,0.0,0.0,0.0,0.0,0.0,0.0,0.0,0.0,0.0,0.273268318874159,0.0,0.0,0.0,0.3263423057530491,0.0,0.0,0.0,0.0,0.0,0.0,0.0,0.0,0.0,0.0,0.23578623125367704,0.0,0.0,0.2740219703719728,0.0,0.0,0.0,0.0,0.0,0.0,0.0,0.0,0.0,0.0,0.0,0.0,0.0,0.0,0.0,0.0,0.0,0.0,0.0,0.0,0.0,0.0,0.0,0.0,0.2108894114911843,0.0,0.0,0.0,0.0,0.0,0.0,0.0,0.0,0.30606915218164116,0.0,0.0,0.0,0.0,0.0,0.0
3a7696a5e89211d08152154477f7d2281cafd814e987f6d089a3ad1c76f24608,0.0,0.0,0.29398829091966894,0.0,0.3243709634387658,0.0,0.0,0.0,0.0,0.0,0.0,0.0,0.11671826412850604,0.0,0.0,0.0,0.0,0.0,0.0,0.0,0.0,0.0,0.0,0.0,0.0,0.0,0.0,0.0,0.0,0.0,0.0,0.0,0.0,0.0,0.0,0.0,0.0,0.0,0.0,0.0,0.0,0.0,0.0,0.0,0.0,0.0,0.0,0.0,0.0,0.0,0.27640252044313984,0.0,0.0,0.0,0.0,0.0,0.0,0.0,0.0,0.0,0.1693684555690569,0.0,0.0,0.0,0.0,0.0,0.0,0.0,0.0,0.0,0.0,0.0,0.0,0.0,0.0,0.0,0.0,0.0,0.0,0.10151686846892455,0.0,0.0,0.0,0.0,0.0,0.0,0.0,0.0,0.0,0.0,0.0,0.0,0.0,0.0,0.0,0.0,0.0,0.0,0.0,0.14252637050403455,0.0,0.0,0.0,0.0,0.0,0.0,0.18670961541007025,0.0,0.0,0.0,0.0,0.0,0.0,0.0,0.0,0.2667531447657711,0.0,0.1348999372140172,0.0,0.1313374192406894,0.0,0.0,0.25591709089963904,0.0,0.18425474997323865,0.0,0.2120624420345599,0.0,0.0,0.0,0.0,0.0,0.0,0.0,0.0,0.0,0.0,0.0,0.0,0.0,0.3762887850732386,0.0,0.0,0.17984120505228585,0.0,0.0,0.0,0.2701319743121771,0.0,0.0,0.0,0.0,0.0,0.0,0.17511077382643805,0.0,0.0,0.3091560855107287,0.0,0.0,0.0
3b43751ed88e4d1f82cf52ca2d4477e3e35c35f08c1b4e3ab21c80720601e804,0.0,0.19180270878685066,0.22587724705785717,0.0,0.0,0.0,0.0,0.0,0.0,0.0,0.0,0.0,0.08967704155919133,0.0,0.0,0.0,0.0,0.17552685580200109,0.0,0.0,0.0,0.13110517172859443,0.0,0.0,0.0,0.0,0.0,0.0,0.0,0.0,0.0,0.0,0.0,0.4069303688115836,0.14664369655375278,0.0,0.0,0.0,0.0,0.0,0.0,0.0,0.0,0.0,0.0,0.0,0.0,0.0,0.0,0.0,0.2123657381123695,0.0,0.0,0.0,0.0,0.0,0.0,0.0,0.0,0.30562483911048266,0.13012926590614793,0.0,0.0,0.0,0.0,0.0,0.0,0.0,0.0,0.0,0.0,0.0,0.0,0.0,0.0,0.0,0.0,0.0,0.0,0.07799749679813228,0.0,0.0,0.0,0.0,0.0,0.0,0.0,0.0,0.0,0.0,0.0,0.0,0.0,0.0,0.0,0.0,0.0,0.0,0.0,0.0,0.0,0.0,0.0,0.0,0.0,0.0,0.14345283547221835,0.0,0.2941486698564561,0.0,0.0,0.0,0.0,0.0,0.18006909678267236,0.0,0.1120696519299178,0.10364639472837373,0.0,0.10090923893930424,0.12045397712330291,0.27803902944420394,0.19662636150111523,0.26862680459227267,0.0,0.0,0.0,0.0,0.24922087889232786,0.0,0.0,0.0,0.0,0.0,0.0,0.0,0.0,0.0,0.0,0.0,0.0,0.0,0.0,0.0,0.0,0.09270230526706742,0.0,0.20754794862429027,0.0,0.0,0.0,0.0,0.0,0.0,0.13454120706084424,0.0,0.0,0.0,0.0,0.0,0.0
03bb4d5c0179fdceacc5df7645e6e7fa93e931ac9beb1968c7bbe40ba3499194,0.0,0.0,0.0,0.0,0.0,0.0,0.0,0.0,0.0,0.0,0.0,0.0,0.0,0.0,0.0,0.0,0.0,0.5254983841664272,0.0,0.0,0.0,0.0,0.0,0.0,0.0,0.0,0.0,0.0,0.0,0.0,0.0,0.0,0.0,0.0,0.0,0.0,0.0,0.0,0.0,0.0,0.0,0.0,0.0,0.0,0.0,0.0,0.0,0.0,0.0,0.0,0.0,0.0,0.0,0.0,0.0,0.0,0.0,0.0,0.0,0.0,0.3895855061836326,0.0,0.0,0.0,0.0,0.0,0.0,0.0,0.0,0.0,0.0,0.0,0.0,0.0,0.0,0.0,0.0,0.0,0.0,0.23351160908778335,0.0,0.0,0.0,0.0,0.0,0.0,0.0,0.0,0.0,0.0,0.0,0.0,0.0,0.0,0.0,0.0,0.0,0.0,0.0,0.32784267891425894,0.0,0.0,0.3596274683937335,0.0,0.0,0.0,0.4294740705079254,0.0,0.0,0.0,0.0,0.0,0.0,0.0,0.0,0.0,0.0,0.3103001686298944,0.0,0.0,0.0,0.0,0.0,0.0,0.0,0.0,0.0,0.0,0.0,0.0,0.0,0.0,0.0,0.0,0.0,0.0,0.0,0.0,0.0,0.0,0.0,0.0,0.0,0.0,0.0,0.0,0.0,0.0,0.0,0.0,0.0,0.0,0.0,0.0,0.0,0.0,0.0,0.0,0.0,0.0,0.0
3bb9fb8e6f269e4312f10669b64636b8228ae92d2e60b7460de1003ea24a1b3a,0.0,0.0,0.0,0.0,0.0,0.0,0.0,0.0,0.0,0.0,0.0,0.0,0.0,0.0,0.0,0.0,0.0,0.0,0.0,0.0,0.0,0.0,0.0,0.0,0.0,0.0,0.0,0.0,0.0,0.0,0.0,0.0,0.0,0.0,0.3468012285132245,0.0,0.0,0.0,0.0,0.0,0.0,0.0,0.0,0.0,0.0,0.0,0.0,0.0,0.0,0.0,0.0,0.0,0.0,0.0,0.0,0.0,0.0,0.0,0.0,0.0,0.3077458516277511,0.0,0.0,0.4299564924015985,0.0,0.0,0.0,0.3462069787760011,0.0,0.0,0.0,0.0,0.0,0.0,0.0,0.20161659845845376,0.0,0.0,0.0,0.1844581686512071,0.0,0.0,0.0,0.0,0.0,0.0,0.0,0.0,0.0,0.0,0.0,0.0,0.0,0.0,0.0,0.0,0.0,0.0,0.0,0.0,0.0,0.0,0.0,0.0,0.0,0.0,0.33925508388446063,0.0,0.0,0.0,0.0,0.0,0.0,0.0,0.0,0.0,0.0,0.24511586837686503,0.0,0.0,0.28486452692736797,0.0,0.0,0.0,0.0,0.0,0.0,0.0,0.0,0.0,0.0,0.0,0.0,0.0,0.0,0.0,0.0,0.0,0.0,0.0,0.0,0.0,0.0,0.0,0.0,0.21923392623182072,0.0,0.0,0.0,0.0,0.0,0.0,0.0,0.0,0.3181797580862935,0.0,0.0,0.0,0.0,0.0,0.0
3bc8ce79ee7043c9ad70698e3fc2013806244dc5112c8c8d465e96757b57b1e1,0.0,0.21136647965301067,0.0,0.0,0.0,0.0,0.0,0.0,0.0,0.0,0.0,0.0,0.0988240505045593,0.0,0.0,0.0,0.0,0.0,0.0,0.0,0.0,0.14447782717903,0.0,0.0,0.0,0.0,0.0,0.0,0.0,0.0,0.0,0.0,0.0,0.0,0.16160127299513932,0.3480715279511606,0.0,0.0,0.0,0.0,0.0,0.0,0.0,0.0,0.0,0.0,0.0,0.0,0.0,0.0,0.234026926666648,0.0,0.0,0.0,0.0,0.0,0.0,0.0,0.0,0.336798404703913,0.14340237949912976,0.0,0.0,0.0,0.0,0.0,0.0,0.0,0.0,0.0,0.0,0.0,0.0,0.0,0.0,0.0,0.0,0.0,0.0,0.08595319859788352,0.0,0.0,0.0,0.0,0.0,0.0,0.0,0.0,0.0,0.0,0.0,0.0,0.0,0.0,0.0,0.0,0.0,0.0,0.0,0.0,0.0,0.0,0.1323751368630256,0.0,0.0,0.0,0.0,0.0,0.3241516724941956,0.0,0.0,0.0,0.0,0.0,0.19843604567413714,0.0,0.0,0.11421827001832528,0.0,0.0,0.1327402165787466,0.30639885761503965,0.21668214229266516,0.29602659100192247,0.0,0.0,0.0,0.0,0.27464127154763107,0.0,0.0,0.0,0.0,0.0,0.0,0.0,0.0,0.0,0.0,0.0,0.0,0.0,0.0,0.0,0.0,0.10215788944771201,0.0,0.22871772529902687,0.0,0.0,0.0,0.0,0.0,0.0,0.14826433622644963,0.0,0.0,0.0,0.0,0.0,0.0
3bf821f05397bc709a11c60b19c8e2311b1547dee86893c94f290878c8864193,0.0,0.0,0.0,0.0,0.0,0.0,0.0,0.0,0.0,0.0,0.0,0.0,0.0,0.0,0.0,0.0,0.0,0.0,0.0,0.0,0.0,0.0,0.0,0.0,0.0,0.0,0.0,0.0,0.0,0.0,0.0,0.0,0.0,0.0,0.3348776442082856,0.0,0.0,0.0,0.0,0.0,0.0,0.0,0.0,0.0,0.0,0.0,0.0,0.0,0.0,0.0,0.0,0.0,0.0,0.0,0.0,0.0,0.0,0.0,0.0,0.0,0.29716505402760995,0.0,0.0,0.41517389631165763,0.0,0.0,0.0,0.33430382573328793,0.0,0.0,0.0,0.0,0.0,0.0,0.0,0.1946846953642791,0.0,0.0,0.0,0.17811619998495873,0.0,0.0,0.0,0.0,0.0,0.0,0.0,0.0,0.0,0.0,0.0,0.0,0.0,0.0,0.0,0.0,0.0,0.0,0.0,0.0,0.0,0.0,0.0,0.0,0.0,0.0,0.32759094817503004,0.0,0.0,0.0,0.0,0.0,0.0,0.0,0.0,0.0,0.0,0.23668839038435724,0.2599636961715944,0.0,0.27507042609079757,0.0,0.0,0.0,0.0,0.0,0.0,0.0,0.0,0.0,0.0,0.0,0.0,0.0,0.0,0.0,0.0,0.0,0.0,0.0,0.0,0.0,0.0,0.0,0.0,0.2116963110591911,0.0,0.0,0.0,0.0,0.0,0.0,0.0,0.0,0.30724022599198225,0.0,0.0,0.0,0.0,0.0,0.0
3c4ad3e800eb1b6e313b86f527ffed41f34e46221da557d611b55bae2ba46588,0.0,0.0,0.0,0.0,0.0,0.0,0.0,0.0,0.0,0.0,0.0,0.0,0.0,0.0,0.0,0.0,0.0,0.5254983841664272,0.0,0.0,0.0,0.0,0.0,0.0,0.0,0.0,0.0,0.0,0.0,0.0,0.0,0.0,0.0,0.0,0.0,0.0,0.0,0.0,0.0,0.0,0.0,0.0,0.0,0.0,0.0,0.0,0.0,0.0,0.0,0.0,0.0,0.0,0.0,0.0,0.0,0.0,0.0,0.0,0.0,0.0,0.3895855061836326,0.0,0.0,0.0,0.0,0.0,0.0,0.0,0.0,0.0,0.0,0.0,0.0,0.0,0.0,0.0,0.0,0.0,0.0,0.23351160908778335,0.0,0.0,0.0,0.0,0.0,0.0,0.0,0.0,0.0,0.0,0.0,0.0,0.0,0.0,0.0,0.0,0.0,0.0,0.0,0.32784267891425894,0.0,0.0,0.3596274683937335,0.0,0.0,0.0,0.4294740705079254,0.0,0.0,0.0,0.0,0.0,0.0,0.0,0.0,0.0,0.0,0.3103001686298944,0.0,0.0,0.0,0.0,0.0,0.0,0.0,0.0,0.0,0.0,0.0,0.0,0.0,0.0,0.0,0.0,0.0,0.0,0.0,0.0,0.0,0.0,0.0,0.0,0.0,0.0,0.0,0.0,0.0,0.0,0.0,0.0,0.0,0.0,0.0,0.0,0.0,0.0,0.0,0.0,0.0,0.0,0.0
3d34a1dd4ce728dace0214592dde9e6594b8b5747fb3844981b71b2ca601d98a,0.0,0.0,0.0,0.0,0.0,0.0,0.0,0.0,0.0,0.0,0.0,0.0,0.0,0.0,0.0,0.0,0.0,0.0,0.0,0.0,0.0,0.0,0.0,0.0,0.0,0.0,0.0,0.0,0.0,0.0,0.0,0.0,0.0,0.0,0.3468012285132245,0.0,0.0,0.0,0.0,0.0,0.0,0.0,0.0,0.0,0.0,0.0,0.0,0.0,0.0,0.0,0.0,0.0,0.0,0.0,0.0,0.0,0.0,0.0,0.0,0.0,0.3077458516277511,0.0,0.0,0.4299564924015985,0.0,0.0,0.0,0.3462069787760011,0.0,0.0,0.0,0.0,0.0,0.0,0.0,0.20161659845845376,0.0,0.0,0.0,0.1844581686512071,0.0,0.0,0.0,0.0,0.0,0.0,0.0,0.0,0.0,0.0,0.0,0.0,0.0,0.0,0.0,0.0,0.0,0.0,0.0,0.0,0.0,0.0,0.0,0.0,0.0,0.0,0.33925508388446063,0.0,0.0,0.0,0.0,0.0,0.0,0.0,0.0,0.0,0.0,0.24511586837686503,0.0,0.0,0.28486452692736797,0.0,0.0,0.0,0.0,0.0,0.0,0.0,0.0,0.0,0.0,0.0,0.0,0.0,0.0,0.0,0.0,0.0,0.0,0.0,0.0,0.0,0.0,0.0,0.0,0.21923392623182072,0.0,0.0,0.0,0.0,0.0,0.0,0.0,0.0,0.3181797580862935,0.0,0.0,0.0,0.0,0.0,0.0
9fb87f7f5f15f6706b0b832d6382a43c6cf325b857af0332f5ec9f1988fc233a,0.0,0.0,0.0,0.0,0.0,0.0,0.0,0.0,0.0,0.0,0.2381088881684277,0.0,0.15502655263146323,0.0,0.0,0.0,0.0,0.0,0.0,0.0,0.0,0.22664421631064394,0.0,0.0,0.0,0.0,0.32550243483505775,0.0,0.0,0.0,0.0,0.0,0.0,0.0,0.0,0.0,0.0,0.0,0.0,0.0,0.0,0.0,0.0,0.0,0.3007164131873475,0.0,0.0,0.3238283442618292,0.0,0.0,0.0,0.0,0.0,0.0,0.0,0.0,0.0,0.0,0.29938125851055536,0.0,0.0,0.0,0.0,0.0,0.0,0.0,0.0,0.0,0.0,0.0,0.0,0.0,0.0,0.0,0.0,0.1473784120664829,0.0,0.0,0.0,0.13483588254321394,0.0,0.0,0.0,0.0,0.0,0.0,0.0,0.0,0.0,0.0,0.0,0.0,0.0,0.0,0.0,0.0,0.0,0.0,0.0,0.0,0.0,0.0,0.0,0.0,0.35321100722162757,0.0,0.0,0.0,0.0,0.0,0.0,0.0,0.0,0.0,0.0,0.0,0.0,0.0,0.0,0.17444388406925065,0.0,0.0,0.0,0.0,0.24472929671807137,0.0,0.0,0.0,0.0,0.0,0.0,0.0,0.0,0.2219848122294432,0.0,0.0,0.0,0.0,0.0,0.0,0.0,0.0,0.3000467880528589,0.2388671751461972,0.0,0.16025638844315807,0.0,0.0,0.0,0.0,0.0,0.0,0.0,0.0,0.0,0.0,0.0,0.0,0.0,0.0,0.0
3e6fbc358e0204cb67a41b05771fac74f1b49737c7ab7138e415c7e9628ef545,0.0,0.2836578768528522,0.33405086265492556,0.0,0.0,0.0,0.0,0.0,0.0,0.0,0.0,0.0,0.0,0.0,0.0,0.0,0.0,0.0,0.0,0.0,0.0,0.0,0.0,0.0,0.0,0.0,0.0,0.0,0.0,0.0,0.0,0.0,0.0,0.0,0.0,0.0,0.0,0.0,0.0,0.0,0.0,0.0,0.24291034105781184,0.0,0.0,0.0,0.0,0.0,0.0,0.0,0.0,0.0,0.0,0.0,0.0,0.0,0.0,0.0,0.0,0.0,0.19244874859602998,0.0,0.0,0.0,0.0,0.0,0.0,0.0,0.0,0.0,0.0,0.0,0.0,0.0,0.0,0.0,0.0,0.0,0.0,0.11535084400805988,0.0,0.0,0.0,0.0,0.0,0.38982226580318186,0.0,0.0,0.0,0.0,0.0,0.0,0.0,0.0,0.0,0.0,0.0,0.0,0.0,0.0,0.0,0.0,0.17764997710286998,0.0,0.0,0.0,0.0,0.0,0.0,0.0,0.0,0.0,0.0,0.0,0.2663049860101107,0.0,0.0,0.1532831129344234,0.0,0.14923512109607157,0.17813992109594523,0.0,0.2907915982494793,0.3972733729276402,0.0,0.0,0.0,0.0,0.0,0.0,0.0,0.0,0.0,0.0,0.0,0.0,0.0,0.0,0.0,0.0,0.0,0.0,0.2566872377811764,0.0,0.0,0.13709785048262088,0.0,0.0,0.0,0.0,0.0,0.0,0.0,0.0,0.19897358794087808,0.0,0.0,0.0,0.0,0.0,0.0
3e74bf12b68d17b563160b6091c8d84d28cf08f163cafca77152c7a29edfba00,0.0,0.0,0.0,0.0,0.0,0.0,0.0,0.0,0.0,0.0,0.0,0.0,0.0,0.0,0.0,0.0,0.0,0.0,0.0,0.0,0.0,0.0,0.0,0.0,0.0,0.0,0.0,0.0,0.0,0.0,0.0,0.0,0.0,0.0,0.3348776442082856,0.0,0.0,0.0,0.0,0.0,0.0,0.0,0.0,0.0,0.0,0.0,0.0,0.0,0.0,0.0,0.0,0.0,0.0,0.0,0.0,0.0,0.0,0.0,0.0,0.0,0.29716505402760995,0.0,0.0,0.41517389631165763,0.0,0.0,0.0,0.33430382573328793,0.0,0.0,0.0,0.0,0.0,0.0,0.0,0.1946846953642791,0.0,0.0,0.0,0.17811619998495873,0.0,0.0,0.0,0.0,0.0,0.0,0.0,0.0,0.0,0.0,0.0,0.0,0.0,0.0,0.0,0.0,0.0,0.0,0.0,0.0,0.0,0.0,0.0,0.0,0.0,0.0,0.32759094817503004,0.0,0.0,0.0,0.0,0.0,0.0,0.0,0.0,0.0,0.0,0.23668839038435724,0.2599636961715944,0.0,0.27507042609079757,0.0,0.0,0.0,0.0,0.0,0.0,0.0,0.0,0.0,0.0,0.0,0.0,0.0,0.0,0.0,0.0,0.0,0.0,0.0,0.0,0.0,0.0,0.0,0.0,0.2116963110591911,0.0,0.0,0.0,0.0,0.0,0.0,0.0,0.0,0.30724022599198225,0.0,0.0,0.0,0.0,0.0,0.0
3f88affd9a69bad96f8152c87654aed50cc7a49247f154d503cacbdcd53ba825,0.0,0.0,0.0,0.0,0.0,0.0,0.0,0.0,0.0,0.0,0.0,0.0,0.0,0.0,0.0,0.0,0.0,0.5404393632707973,0.0,0.0,0.0,0.0,0.0,0.0,0.0,0.0,0.0,0.0,0.0,0.0,0.0,0.0,0.0,0.0,0.0,0.0,0.0,0.0,0.0,0.0,0.0,0.0,0.0,0.0,0.0,0.0,0.0,0.0,0.0,0.0,0.0,0.0,0.0,0.0,0.0,0.0,0.0,0.0,0.0,0.0,0.4006622080016379,0.0,0.0,0.0,0.0,0.0,0.0,0.0,0.0,0.0,0.0,0.0,0.0,0.0,0.0,0.0,0.0,0.0,0.0,0.0,0.0,0.0,0.0,0.0,0.0,0.0,0.0,0.0,0.0,0.0,0.0,0.0,0.0,0.0,0.0,0.0,0.0,0.0,0.0,0.3371639076045214,0.0,0.0,0.36985240276560893,0.0,0.0,0.0,0.4416848846734272,0.0,0.0,0.0,0.0,0.0,0.0,0.0,0.0,0.0,0.0,0.31912262836578104,0.0,0.0,0.0,0.0,0.0,0.0,0.0,0.0,0.0,0.0,0.0,0.0,0.0,0.0,0.0,0.0,0.0,0.0,0.0,0.0,0.0,0.0,0.0,0.0,0.0,0.0,0.0,0.0,0.0,0.0,0.0,0.0,0.0,0.0,0.0,0.0,0.0,0.0,0.0,0.0,0.0,0.0,0.0
3f82673c5bebf4a1c2595cb052286fac41ac41d8280b3e15d098e764c98f2dcc,0.0,0.0,0.0,0.0,0.0,0.0,0.0,0.0,0.0,0.0,0.0,0.0,0.0,0.0,0.0,0.0,0.0,0.0,0.0,0.0,0.0,0.0,0.0,0.0,0.0,0.0,0.0,0.0,0.0,0.0,0.0,0.0,0.0,0.0,0.3229474143493062,0.0,0.0,0.0,0.0,0.0,0.0,0.0,0.0,0.0,0.0,0.0,0.0,0.0,0.0,0.0,0.0,0.0,0.0,0.0,0.0,0.0,0.0,0.0,0.0,0.0,0.2865783592693288,0.0,0.0,0.4003830612108068,0.0,0.0,0.0,0.32239403852380294,0.0,0.0,0.0,0.0,0.0,0.0,0.0,0.18774892880628036,0.0,0.0,0.0,0.17177069665208525,0.0,0.0,0.0,0.0,0.0,0.0,0.0,0.0,0.0,0.0,0.0,0.0,0.0,0.0,0.0,0.0,0.0,0.0,0.0,0.0,0.0,0.0,0.2645412835042178,0.0,0.0,0.0,0.31592031151402233,0.0,0.0,0.0,0.0,0.0,0.0,0.0,0.0,0.0,0.0,0.22825621537633872,0.25070232353607746,0.0,0.2652708665578551,0.0,0.0,0.0,0.0,0.0,0.0,0.0,0.0,0.0,0.0,0.0,0.0,0.0,0.0,0.0,0.0,0.0,0.0,0.0,0.0,0.0,0.0,0.0,0.0,0.20415449483193857,0.0,0.0,0.0,0.0,0.0,0.0,0.0,0.0,0.29629459680053555,0.0,0.0,0.0,0.0,0.0,0.0
4ae6519e0d6a7aaf9b684497763257e3a752ef0b31b4ba31afb9aecd1af59d9a,0.0,0.0,0.0,0.0,0.0,0.0,0.0,0.0,0.0,0.0,0.0,0.0,0.0,0.0,0.0,0.0,0.0,0.5404393632707973,0.0,0.0,0.0,0.0,0.0,0.0,0.0,0.0,0.0,0.0,0.0,0.0,0.0,0.0,0.0,0.0,0.0,0.0,0.0,0.0,0.0,0.0,0.0,0.0,0.0,0.0,0.0,0.0,0.0,0.0,0.0,0.0,0.0,0.0,0.0,0.0,0.0,0.0,0.0,0.0,0.0,0.0,0.4006622080016379,0.0,0.0,0.0,0.0,0.0,0.0,0.0,0.0,0.0,0.0,0.0,0.0,0.0,0.0,0.0,0.0,0.0,0.0,0.0,0.0,0.0,0.0,0.0,0.0,0.0,0.0,0.0,0.0,0.0,0.0,0.0,0.0,0.0,0.0,0.0,0.0,0.0,0.0,0.3371639076045214,0.0,0.0,0.36985240276560893,0.0,0.0,0.0,0.4416848846734272,0.0,0.0,0.0,0.0,0.0,0.0,0.0,0.0,0.0,0.0,0.31912262836578104,0.0,0.0,0.0,0.0,0.0,0.0,0.0,0.0,0.0,0.0,0.0,0.0,0.0,0.0,0.0,0.0,0.0,0.0,0.0,0.0,0.0,0.0,0.0,0.0,0.0,0.0,0.0,0.0,0.0,0.0,0.0,0.0,0.0,0.0,0.0,0.0,0.0,0.0,0.0,0.0,0.0,0.0,0.0
4b5fe7497864d07f78af15fa3e1aa3702b303b89f9644624871d83dd0f484749,0.0,0.2218387630570678,0.26124932962096936,0.0,0.0,0.0,0.0,0.0,0.0,0.0,0.0,0.0,0.0,0.0,0.0,0.0,0.0,0.0,0.0,0.0,0.0,0.0,0.0,0.0,0.0,0.0,0.0,0.0,0.0,0.0,0.0,0.0,0.0,0.0,0.16960790835207823,0.0,0.0,0.0,0.0,0.0,0.0,0.0,0.0,0.0,0.0,0.31485464283733655,0.0,0.0,0.0,0.0,0.24562193598059873,0.0,0.0,0.0,0.0,0.0,0.0,0.0,0.0,0.0,0.15050733938395344,0.0,0.0,0.2102761333091718,0.2003007111615513,0.0,0.0,0.16931728234881602,0.0,0.0,0.0,0.0,0.0,0.0,0.0,0.0986033691408772,0.0,0.0,0.0,0.09021180316318608,0.0,0.0,0.0,0.0,0.3264348257419505,0.30486616559829127,0.0,0.0,0.0,0.0,0.0,0.0,0.0,0.0,0.0,0.0,0.0,0.0,0.0,0.0,0.0,0.0,0.0,0.0,0.0,0.0,0.0,0.0,0.0,0.0,0.0,0.0,0.0,0.0,0.20826768270235216,0.0,0.0,0.1198772850878701,0.1316656979577748,0.11671149426884442,0.13931691298496296,0.0,0.22741779350099386,0.0,0.0,0.0,0.0,0.0,0.0,0.0,0.0,0.0,0.0,0.0,0.0,0.0,0.0,0.0,0.0,0.0,0.0,0.0,0.0,0.0,0.31069341216106877,0.10721936547746401,0.2218387630570678,0.0,0.0,0.0,0.0,0.0,0.0,0.0,0.1556101847745578,0.0,0.0,0.0,0.0,0.0,0.0
4b6db1a59ce31c78b9958342e6315a2d40e9b078747def487b9606e312cad630,0.0,0.22218915680576676,0.2616619722569519,0.0,0.0,0.0,0.0,0.0,0.0,0.0,0.0,0.0,0.0,0.0,0.0,0.0,0.0,0.0,0.0,0.0,0.0,0.0,0.0,0.0,0.0,0.0,0.0,0.0,0.0,0.0,0.0,0.0,0.0,0.0,0.1698758036017519,0.0,0.0,0.0,0.0,0.0,0.0,0.0,0.0,0.0,0.0,0.3153519549259847,0.0,0.0,0.0,0.0,0.2460098951890117,0.0,0.0,0.0,0.0,0.0,0.0,0.0,0.0,0.0,0.15074506533466964,0.0,0.0,0.21060826391428686,0.20061708561335487,0.0,0.0,0.16958471855547416,0.0,0.0,0.0,0.0,0.0,0.0,0.0,0.09875911290572469,0.0,0.0,0.0,0.09035429247141896,0.0,0.0,0.0,0.0,0.3269504286993479,0.0,0.0,0.0,0.0,0.0,0.0,0.0,0.0,0.0,0.0,0.0,0.0,0.0,0.0,0.0,0.0,0.0,0.0,0.0,0.0,0.0,0.0,0.0,0.0,0.0,0.0,0.0,0.0,0.0,0.20859664096496267,0.0,0.0,0.12006663094756995,0.13187366358491193,0.0,0.13953696368631585,0.3220875132684084,0.22777699931375417,0.0,0.0,0.0,0.0,0.0,0.0,0.0,0.0,0.0,0.0,0.0,0.0,0.0,0.0,0.0,0.0,0.0,0.0,0.0,0.0,0.0,0.31118415159669743,0.10738871818609369,0.22218915680576676,0.0,0.0,0.0,0.0,0.0,0.0,0.0,0.15585597065628334,0.0,0.0,0.0,0.0,0.0,0.0
4b6ef483991fa07850e3af17809005b6bf52712ac7b50ccbe680f29dc6ff3c78,0.0,0.0,0.0,0.0,0.0,0.0,0.0,0.0,0.0,0.0,0.0,0.0,0.0,0.0,0.0,0.0,0.0,0.0,0.0,0.0,0.0,0.0,0.0,0.0,0.0,0.0,0.36775633957040144,0.0,0.0,0.0,0.0,0.0,0.0,0.0,0.28641393452871894,0.0,0.0,0.0,0.0,0.0,0.0,0.0,0.0,0.0,0.33975281142999403,0.0,0.0,0.0,0.0,0.0,0.0,0.0,0.0,0.0,0.0,0.4892952333399705,0.0,0.0,0.3382443385457707,0.0,0.0,0.0,0.0,0.0,0.0,0.0,0.0,0.0,0.0,0.0,0.0,0.0,0.0,0.0,0.0,0.1665098000902283,0.0,0.2830189535739437,0.0,0.15233910809903495,0.0,0.0,0.0,0.0,0.0,0.0,0.0,0.0,0.0,0.0,0.0,0.0,0.0,0.0,0.0,0.0,0.0,0.0,0.0,0.0,0.0,0.0,0.0,0.0,0.0,0.0,0.0,0.0,0.0,0.0,0.0,0.0,0.0,0.0,0.0,0.0,0.21888639406158208,0.0,0.0,0.19708867707321248,0.0,0.0,0.0,0.0,0.0,0.0,0.0,0.0,0.0,0.0,0.0,0.0,0.0,0.25080095645702494,0.0,0.0,0.0,0.0,0.0,0.0,0.0,0.0,0.0,0.0,0.0,0.18105948373778694,0.0,0.0,0.0,0.0,0.0,0.0,0.0,0.0,0.0,0.0,0.0,0.0,0.0,0.0,0.0
04c9cc0d1577d5ee54a4e2d4dd12f17011d13703cdd0e6efd46718d14fd9aa87,0.0,0.19180270878685066,0.22587724705785717,0.0,0.0,0.0,0.0,0.0,0.0,0.0,0.0,0.0,0.08967704155919133,0.0,0.0,0.0,0.0,0.17552685580200109,0.0,0.0,0.0,0.13110517172859443,0.0,0.0,0.0,0.0,0.0,0.0,0.0,0.0,0.0,0.0,0.0,0.4069303688115836,0.14664369655375278,0.0,0.0,0.0,0.0,0.0,0.0,0.0,0.0,0.0,0.0,0.0,0.0,0.0,0.0,0.0,0.2123657381123695,0.0,0.0,0.0,0.0,0.0,0.0,0.0,0.0,0.30562483911048266,0.13012926590614793,0.0,0.0,0.0,0.0,0.0,0.0,0.0,0.0,0.0,0.0,0.0,0.0,0.0,0.0,0.0,0.0,0.0,0.0,0.07799749679813228,0.0,0.0,0.0,0.0,0.0,0.0,0.0,0.0,0.0,0.0,0.0,0.0,0.0,0.0,0.0,0.0,0.0,0.0,0.0,0.0,0.0,0.0,0.0,0.0,0.0,0.0,0.14345283547221835,0.0,0.2941486698564561,0.0,0.0,0.0,0.0,0.0,0.18006909678267236,0.0,0.1120696519299178,0.10364639472837373,0.0,0.10090923893930424,0.12045397712330291,0.27803902944420394,0.19662636150111523,0.26862680459227267,0.0,0.0,0.0,0.0,0.24922087889232786,0.0,0.0,0.0,0.0,0.0,0.0,0.0,0.0,0.0,0.0,0.0,0.0,0.0,0.0,0.0,0.0,0.09270230526706742,0.0,0.20754794862429027,0.0,0.0,0.0,0.0,0.0,0.0,0.13454120706084424,0.0,0.0,0.0,0.0,0.0,0.0
4c21b335baf9907cfaec588f25354b804b3d59f3882d923fbaf0d929b933ef49,0.0,0.0,0.0,0.0,0.36079512812402764,0.0,0.0,0.0,0.0,0.0,0.0,0.0,0.1298247556261556,0.0,0.0,0.0,0.0,0.0,0.0,0.0,0.0,0.0,0.0,0.0,0.0,0.0,0.0,0.0,0.0,0.0,0.0,0.0,0.0,0.0,0.0,0.0,0.0,0.0,0.0,0.0,0.0,0.0,0.0,0.0,0.0,0.0,0.0,0.0,0.0,0.0,0.3074402274478327,0.0,0.0,0.0,0.0,0.0,0.0,0.0,0.0,0.0,0.1883871262069433,0.0,0.0,0.0,0.0,0.0,0.0,0.21193116807075668,0.0,0.0,0.0,0.0,0.0,0.0,0.0,0.0,0.0,0.0,0.0,0.11291636951009036,0.0,0.0,0.0,0.0,0.0,0.0,0.0,0.0,0.0,0.0,0.0,0.0,0.0,0.0,0.0,0.0,0.0,0.0,0.0,0.1585308979629531,0.0,0.0,0.0,0.0,0.0,0.0,0.20767555424726253,0.0,0.0,0.0,0.0,0.0,0.0,0.0,0.0,0.29670730703804904,0.0,0.15004807956629165,0.0,0.14608552041794914,0.0,0.0,0.28465445433649084,0.0,0.20494502781413404,0.0,0.2358752926989313,0.0,0.0,0.0,0.0,0.0,0.0,0.0,0.0,0.0,0.0,0.0,0.0,0.0,0.0,0.0,0.0,0.20003587846132234,0.0,0.0,0.0,0.30046555107500317,0.0,0.0,0.0,0.0,0.0,0.0,0.19477425910391077,0.0,0.0,0.3438717457927547,0.0,0.0,0.0
9fe9a0edbf56394c7f65764f1fe3a567ef7689716ee94cd1b415a00f907520bf,0.0,0.0,0.0,0.0,0.0,0.0,0.0,0.0,0.0,0.0,0.20797868326911664,0.0,0.13540955373843672,0.0,0.0,0.0,0.0,0.0,0.0,0.0,0.0,0.1979647464713952,0.0,0.0,0.0,0.0,0.0,0.0,0.0,0.0,0.0,0.0,0.0,0.0,0.0,0.0,0.0,0.0,0.0,0.0,0.0,0.0,0.0,0.23444528769158088,0.0,0.0,0.0,0.0,0.0,0.0,0.0,0.0,0.0,0.0,0.0,0.0,0.0,0.0,0.0,0.0,0.0,0.0,0.0,0.0,0.0,0.0,0.0,0.0,0.4614840360006315,0.0,0.0,0.4295042028470481,0.0,0.0,0.0,0.12872920586735445,0.27452083929377624,0.21880276788057654,0.0,0.11777380308848671,0.0,0.0,0.0,0.0,0.0,0.0,0.0,0.0,0.0,0.0,0.0,0.0,0.0,0.0,0.0,0.0,0.0,0.0,0.0,0.16535057619312998,0.0,0.0,0.0,0.0,0.0,0.0,0.0,0.0,0.0,0.0,0.0,0.0,0.0,0.0,0.0,0.0,0.16922170147010976,0.15650284412542015,0.17189291690286473,0.15236982370607638,0.18188177268894948,0.0,0.0,0.0,0.21376134792917978,0.0,0.0,0.0,0.0,0.0,0.0,0.0,0.0,0.19389494154692966,0.0,0.0,0.0,0.0,0.0,0.0,0.0,0.0,0.0,0.20864101691146714,0.0,0.0,0.0,0.0,0.0,0.0,0.0,0.0,0.0,0.0,0.0,0.0,0.0,0.0,0.0,0.0,0.0
4c121c1cc3d2c69e3077b50e87477d7db27ee72770231ae6c9d573e6fcd75ab7,0.0,0.0,0.0,0.0,0.0,0.0,0.0,0.0,0.0,0.0,0.0,0.0,0.0,0.0,0.0,0.0,0.0,0.0,0.0,0.0,0.0,0.0,0.0,0.0,0.0,0.0,0.0,0.0,0.0,0.0,0.0,0.0,0.0,0.0,0.3468012285132245,0.0,0.0,0.0,0.0,0.0,0.0,0.0,0.0,0.0,0.0,0.0,0.0,0.0,0.0,0.0,0.0,0.0,0.0,0.0,0.0,0.0,0.0,0.0,0.0,0.0,0.3077458516277511,0.0,0.0,0.4299564924015985,0.0,0.0,0.0,0.3462069787760011,0.0,0.0,0.0,0.0,0.0,0.0,0.0,0.20161659845845376,0.0,0.0,0.0,0.1844581686512071,0.0,0.0,0.0,0.0,0.0,0.0,0.0,0.0,0.0,0.0,0.0,0.0,0.0,0.0,0.0,0.0,0.0,0.0,0.0,0.0,0.0,0.0,0.0,0.0,0.0,0.0,0.33925508388446063,0.0,0.0,0.0,0.0,0.0,0.0,0.0,0.0,0.0,0.0,0.24511586837686503,0.0,0.0,0.28486452692736797,0.0,0.0,0.0,0.0,0.0,0.0,0.0,0.0,0.0,0.0,0.0,0.0,0.0,0.0,0.0,0.0,0.0,0.0,0.0,0.0,0.0,0.0,0.0,0.0,0.21923392623182072,0.0,0.0,0.0,0.0,0.0,0.0,0.0,0.0,0.3181797580862935,0.0,0.0,0.0,0.0,0.0,0.0
4d30670f6311dc373dcbfb5bd93cf1621b1d6c425c8c9a95dc0a1317d0bdf648,0.0,0.0,0.0,0.0,0.0,0.0,0.0,0.0,0.0,0.0,0.0,0.0,0.0,0.0,0.0,0.0,0.0,0.5404393632707973,0.0,0.0,0.0,0.0,0.0,0.0,0.0,0.0,0.0,0.0,0.0,0.0,0.0,0.0,0.0,0.0,0.0,0.0,0.0,0.0,0.0,0.0,0.0,0.0,0.0,0.0,0.0,0.0,0.0,0.0,0.0,0.0,0.0,0.0,0.0,0.0,0.0,0.0,0.0,0.0,0.0,0.0,0.4006622080016379,0.0,0.0,0.0,0.0,0.0,0.0,0.0,0.0,0.0,0.0,0.0,0.0,0.0,0.0,0.0,0.0,0.0,0.0,0.0,0.0,0.0,0.0,0.0,0.0,0.0,0.0,0.0,0.0,0.0,0.0,0.0,0.0,0.0,0.0,0.0,0.0,0.0,0.0,0.3371639076045214,0.0,0.0,0.36985240276560893,0.0,0.0,0.0,0.4416848846734272,0.0,0.0,0.0,0.0,0.0,0.0,0.0,0.0,0.0,0.0,0.31912262836578104,0.0,0.0,0.0,0.0,0.0,0.0,0.0,0.0,0.0,0.0,0.0,0.0,0.0,0.0,0.0,0.0,0.0,0.0,0.0,0.0,0.0,0.0,0.0,0.0,0.0,0.0,0.0,0.0,0.0,0.0,0.0,0.0,0.0,0.0,0.0,0.0,0.0,0.0,0.0,0.0,0.0,0.0,0.0
4dade4e22ea6cddb7a2f6528ef1e0c636b87833b14b03a6e8bcc49ac9f895e5e,0.0,0.0,0.0,0.0,0.0,0.0,0.0,0.0,0.0,0.0,0.0,0.0,0.0,0.0,0.0,0.0,0.0,0.0,0.0,0.0,0.0,0.0,0.0,0.0,0.0,0.0,0.0,0.0,0.0,0.0,0.0,0.0,0.0,0.0,0.3348776442082856,0.0,0.0,0.0,0.0,0.0,0.0,0.0,0.0,0.0,0.0,0.0,0.0,0.0,0.0,0.0,0.0,0.0,0.0,0.0,0.0,0.0,0.0,0.0,0.0,0.0,0.29716505402760995,0.0,0.0,0.41517389631165763,0.0,0.0,0.0,0.33430382573328793,0.0,0.0,0.0,0.0,0.0,0.0,0.0,0.1946846953642791,0.0,0.0,0.0,0.17811619998495873,0.0,0.0,0.0,0.0,0.0,0.0,0.0,0.0,0.0,0.0,0.0,0.0,0.0,0.0,0.0,0.0,0.0,0.0,0.0,0.0,0.0,0.0,0.0,0.0,0.0,0.0,0.32759094817503004,0.0,0.0,0.0,0.0,0.0,0.0,0.0,0.0,0.0,0.0,0.23668839038435724,0.2599636961715944,0.0,0.27507042609079757,0.0,0.0,0.0,0.0,0.0,0.0,0.0,0.0,0.0,0.0,0.0,0.0,0.0,0.0,0.0,0.0,0.0,0.0,0.0,0.0,0.0,0.0,0.0,0.0,0.2116963110591911,0.0,0.0,0.0,0.0,0.0,0.0,0.0,0.0,0.30724022599198225,0.0,0.0,0.0,0.0,0.0,0.0
4e0f7f76e731ed338ad70fc099358857258515bc80226fa0a4700404ef91c491,0.0,0.22508868460531353,0.26507661306818875,0.0,0.0,0.0,0.0,0.0,0.0,0.0,0.0,0.0,0.0,0.0,0.0,0.0,0.0,0.0,0.0,0.0,0.0,0.0,0.0,0.0,0.0,0.0,0.0,0.0,0.0,0.0,0.0,0.0,0.0,0.0,0.17209265172384194,0.0,0.0,0.0,0.0,0.0,0.0,0.0,0.0,0.0,0.0,0.31946724017704964,0.0,0.0,0.0,0.0,0.24922027926138882,0.0,0.0,0.0,0.0,0.0,0.0,0.0,0.0,0.0,0.15271226082641215,0.0,0.0,0.2133566631827876,0.20323510183503973,0.0,0.0,0.0,0.0,0.0,0.0,0.0,0.0,0.0,0.0,0.10004790124015747,0.0,0.0,0.0,0.09153339943863377,0.0,0.0,0.0,0.0,0.3312170719087473,0.3093324324817487,0.0,0.0,0.0,0.0,0.0,0.0,0.0,0.0,0.0,0.0,0.0,0.0,0.0,0.0,0.0,0.0,0.0,0.0,0.0,0.0,0.0,0.0,0.0,0.0,0.0,0.0,0.0,0.0,0.21131878892242903,0.0,0.0,0.12163347848970603,0.1335945907403572,0.11842130906822959,0.14135789550445363,0.0,0.2307494474345458,0.0,0.0,0.0,0.0,0.0,0.0,0.0,0.0,0.0,0.0,0.0,0.0,0.0,0.0,0.0,0.0,0.0,0.0,0.0,0.0,0.0,0.3152450477777013,0.10879012128881338,0.22508868460531353,0.0,0.0,0.0,0.0,0.0,0.0,0.0,0.15788986252634565,0.0,0.0,0.0,0.0,0.0,0.0
10c53048944570e3619bd2fa4dad951b8b63634f062ba676abaefbdb70b7a463,0.0,0.0,0.0,0.0,0.0,0.0,0.0,0.0,0.0,0.0,0.2660121829216433,0.0,0.173193667794299,0.0,0.0,0.0,0.0,0.0,0.0,0.0,0.0,0.2532039991918023,0.0,0.0,0.0,0.0,0.36364712759288276,0.0,0.0,0.0,0.0,0.0,0.0,0.0,0.0,0.0,0.0,0.0,0.0,0.0,0.0,0.0,0.0,0.0,0.335956503462184,0.0,0.0,0.0,0.0,0.0,0.0,0.0,0.0,0.0,0.0,0.0,0.0,0.0,0.3344648858546116,0.0,0.0,0.0,0.0,0.0,0.0,0.0,0.0,0.0,0.0,0.0,0.0,0.0,0.0,0.0,0.0,0.16464926366628985,0.0,0.27985657471393705,0.0,0.15063691123581752,0.0,0.0,0.0,0.0,0.0,0.0,0.0,0.0,0.0,0.0,0.0,0.0,0.0,0.0,0.0,0.0,0.0,0.0,0.0,0.21148930760163878,0.0,0.0,0.0,0.0,0.0,0.0,0.0,0.0,0.0,0.0,0.0,0.0,0.0,0.0,0.0,0.0,0.0,0.0,0.0,0.1948864603734035,0.0,0.0,0.0,0.0,0.2734084180797282,0.0,0.3146711648910766,0.0,0.0,0.0,0.0,0.0,0.0,0.24799857296732014,0.0,0.0,0.0,0.0,0.0,0.0,0.0,0.0,0.0,0.0,0.0,0.17903637300069458,0.0,0.0,0.0,0.0,0.0,0.0,0.0,0.0,0.0,0.0,0.0,0.0,0.0,0.0,0.0
12f1fa49ce2f2fd19db6147e547a35625c260b2fec2ecf67de89c837990c5d94,0.0,0.0,0.0,0.0,0.0,0.0,0.0,0.0,0.0,0.0,0.0,0.0,0.2696187478228769,0.0,0.0,0.0,0.0,0.0,0.0,0.0,0.0,0.0,0.0,0.0,0.0,0.0,0.0,0.0,0.0,0.0,0.0,0.0,0.0,0.0,0.0,0.0,0.0,0.0,0.0,0.0,0.0,0.0,0.0,0.0,0.0,0.0,0.0,0.0,0.0,0.0,0.0,0.0,0.0,0.0,0.0,0.0,0.0,0.0,0.0,0.0,0.0,0.0,0.0,0.0,0.5206772560642672,0.0,0.0,0.4401365200672486,0.0,0.0,0.0,0.0,0.0,0.0,0.0,0.2563172710932393,0.0,0.0,0.0,0.23450358145624928,0.0,0.0,0.0,0.0,0.0,0.0,0.0,0.0,0.0,0.0,0.0,0.0,0.0,0.0,0.0,0.0,0.0,0.0,0.0,0.0,0.0,0.0,0.0,0.0,0.0,0.0,0.0,0.0,0.0,0.0,0.0,0.0,0.0,0.0,0.0,0.0,0.33694331009287337,0.31161834374938263,0.0,0.0,0.36215122530368243,0.0,0.0,0.0,0.0,0.0,0.0,0.0,0.0,0.0,0.0,0.0,0.0,0.0,0.0,0.0,0.0,0.0,0.0,0.0,0.0,0.0,0.0,0.0,0.0,0.0,0.0,0.0,0.0,0.0,0.0,0.0,0.0,0.0,0.0,0.0,0.0,0.0,0.0,0.0,0.0
15d9f248ee852047b99f3e6199e8dfffdf970a7597438d02bfb2842f32ff31f7,0.0,0.0,0.0,0.0,0.0,0.0,0.0,0.0,0.0,0.0,0.312699438838825,0.0,0.2035905353465253,0.0,0.0,0.0,0.0,0.3984922553096766,0.0,0.0,0.0,0.2976433168940433,0.0,0.0,0.0,0.0,0.0,0.0,0.0,0.0,0.0,0.0,0.0,0.0,0.0,0.0,0.0,0.0,0.0,0.0,0.0,0.0,0.0,0.0,0.0,0.0,0.0,0.0,0.0,0.0,0.0,0.0,0.58446287676454,0.0,0.0,0.0,0.0,0.0,0.0,0.0,0.0,0.0,0.0,0.0,0.0,0.0,0.0,0.0,0.0,0.0,0.0,0.0,0.0,0.0,0.0,0.193546520269112,0.0,0.0,0.0,0.17707488842993716,0.0,0.0,0.0,0.0,0.0,0.0,0.0,0.0,0.0,0.0,0.0,0.0,0.0,0.0,0.0,0.0,0.0,0.0,0.0,0.24860736482480633,0.0,0.0,0.2727101838359638,0.0,0.0,0.0,0.0,0.0,0.0,0.0,0.0,0.0,0.0,0.0,0.0,0.0,0.0,0.0,0.2584438838202617,0.0,0.0,0.0,0.0,0.0,0.0,0.0,0.0,0.0,0.0,0.0,0.0,0.0,0.0,0.0,0.0,0.0,0.0,0.0,0.0,0.0,0.0,0.0,0.0,0.0,0.0,0.0,0.0,0.0,0.0,0.0,0.0,0.0,0.0,0.0,0.0,0.0,0.0,0.0,0.0,0.0,0.0
16ad6e2bd4bce6939f1b743d03707fe4cea68167a6f6dfbac9061728292697b7,0.0,0.0,0.0,0.0,0.0,0.0,0.0,0.0,0.0,0.0,0.0,0.0,0.0,0.0,0.0,0.0,0.0,0.0,0.0,0.0,0.678896187762259,0.0,0.0,0.0,0.0,0.0,0.0,0.0,0.0,0.0,0.0,0.0,0.0,0.0,0.0,0.0,0.0,0.0,0.0,0.0,0.0,0.0,0.0,0.41631031028806453,0.0,0.0,0.0,0.0,0.0,0.0,0.0,0.0,0.0,0.0,0.0,0.0,0.0,0.0,0.0,0.0,0.0,0.0,0.0,0.0,0.0,0.0,0.0,0.39252044595309266,0.0,0.0,0.0,0.0,0.0,0.0,0.0,0.0,0.0,0.0,0.0,0.0,0.0,0.0,0.0,0.0,0.0,0.0,0.0,0.0,0.0,0.0,0.0,0.0,0.0,0.0,0.0,0.0,0.0,0.0,0.0,0.0,0.0,0.0,0.0,0.0,0.0,0.0,0.0,0.0,0.0,0.0,0.0,0.0,0.0,0.0,0.0,0.0,0.0,0.0,0.3052345145290029,0.0,0.0,0.0,0.0,0.0,0.0,0.0,0.0,0.0,0.0,0.0,0.0,0.0,0.0,0.3443040552168332,0.0,0.0,0.0,0.0,0.0,0.0,0.0,0.0,0.0,0.0,0.0,0.0,0.0,0.0,0.0,0.0,0.0,0.0,0.0,0.0,0.0,0.0,0.0,0.0,0.0,0.0,0.0
16bd868c6c2200864825de71892e8802f0f7f243f476dcd38e9d713bb0a5ee44,0.0,0.0,0.0,0.0,0.0,0.0,0.0,0.0,0.0,0.0,0.21023352136743576,0.0,0.136877620637633,0.0,0.0,0.0,0.0,0.0,0.0,0.0,0.0,0.20011101668260808,0.0,0.0,0.0,0.0,0.0,0.0,0.0,0.0,0.0,0.0,0.0,0.0,0.0,0.0,0.0,0.0,0.0,0.0,0.0,0.0,0.0,0.2369870682161471,0.0,0.0,0.0,0.0,0.33697125773959435,0.0,0.0,0.0,0.0,0.0,0.0,0.0,0.0,0.0,0.0,0.0,0.0,0.0,0.0,0.0,0.0,0.0,0.0,0.0,0.0,0.0,0.0,0.0,0.0,0.0,0.0,0.13012484658011195,0.2774971060798352,0.22117495722844543,0.0,0.119050668842292,0.0,0.0,0.0,0.0,0.0,0.0,0.0,0.0,0.2851872040102877,0.0,0.0,0.0,0.0,0.0,0.0,0.0,0.0,0.0,0.0,0.16714325404318084,0.0,0.0,0.0,0.0,0.0,0.0,0.0,0.0,0.0,0.0,0.0,0.0,0.0,0.0,0.0,0.0,0.1710563488173259,0.0,0.17375652471002762,0.154021768406015,0.0,0.0,0.0,0.0,0.216078879820826,0.0,0.0,0.0,0.0,0.0,0.0,0.0,0.0,0.19599708824003884,0.0,0.0,0.0,0.0,0.0,0.0,0.0,0.0,0.0,0.2109030358184494,0.0,0.1414952004655998,0.2927560717228647,0.31678865495538683,0.0,0.0,0.0,0.0,0.0,0.0,0.2053555735115124,0.0,0.0,0.0,0.0,0.0,0.0
d0fef87fd7e5a7214773deef4c445970147c88d5335867b552f9d4d22ef0231b,0.0,0.0,0.0,0.0,0.0,0.0,0.0,0.0,0.0,0.0,0.32213713766545377,0.0,0.2097351775105395,0.0,0.0,0.0,0.0,0.0,0.0,0.0,0.0,0.3066266012678048,0.0,0.0,0.0,0.0,0.0,0.0,0.0,0.0,0.0,0.0,0.0,0.0,0.3429678454234276,0.0,0.0,0.0,0.0,0.0,0.0,0.0,0.0,0.0,0.0,0.0,0.0,0.0,0.0,0.0,0.0,0.0,0.0,0.0,0.0,0.0,0.0,0.0,0.4050324304527973,0.0,0.0,0.0,0.0,0.0,0.0,0.0,0.0,0.0,0.0,0.0,0.0,0.0,0.0,0.0,0.0,0.19938802025396932,0.0,0.0,0.0,0.18241925192789027,0.0,0.0,0.0,0.0,0.0,0.0,0.0,0.0,0.0,0.0,0.0,0.0,0.0,0.0,0.0,0.0,0.0,0.0,0.0,0.2561106767719304,0.0,0.0,0.0,0.0,0.0,0.0,0.0,0.0,0.0,0.0,0.0,0.0,0.0,0.0,0.0,0.0,0.26210664326555916,0.0,0.0,0.0,0.0,0.0,0.0,0.0,0.0,0.0,0.0,0.0,0.0,0.0,0.0,0.0,0.0,0.0,0.0,0.0,0.0,0.0,0.0,0.0,0.0,0.0,0.40593282431645605,0.3231630229166371,0.0,0.0,0.0,0.0,0.0,0.0,0.0,0.0,0.0,0.0,0.0,0.0,0.0,0.0,0.0,0.0,0.0
