hash,Suspicious_Scheduled_Task_Creation_Via_Masqueraded_XML_File,accesses_public_folder,accesses_recyclebin,adds_admin_user,anomalous_deletefile,antianalysis_tls_section,antiav_avast_libs,antiav_bullguard_libs,antiav_detectfile,antidebug_devices,antidebug_guardpages,antidebug_ntsetinformationthread,antidebug_setunhandledexceptionfilter,antidebug_windows,antisandbox_mouse_hook,antisandbox_restart,antisandbox_sboxie_libs,antisandbox_sleep,antisandbox_sunbelt_libs,antisandbox_suspend,antisandbox_unhook,antivm_checks_available_memory,antivm_display,antivm_generic_bios,antivm_generic_disk,antivm_generic_diskreg,antivm_generic_system,antivm_network_adapters,antivm_vbox_devices,antivm_vbox_keys,antivm_vmware_keys,api_spamming,asyncrat_mutex,bcdedit_command,binary_yara,clears_logs,cmdline_http_link,cmdline_long_string,cmdline_obfuscation,cmdline_process_discovery,cmdline_switches,cmdline_terminate,contains_pe_overlay,creates_suspended_process,createtoolhelp32snapshot_module_enumeration,credential_access_via_windows_credential_history,cryptopool_domains,dead_connect,deletes_executed_files,deletes_self,deletes_shadow_copies,detect_virtualization_via_recent_files,dll_load_uncommon_file_types,dotnet_code_compile,dotnet_csc_build,dropper,dynamic_function_loading,encrypt_pcinfo,encrypted_ioc,enumerates_physical_drives,enumerates_running_processes,explorer_http,gandcrab_mutexes,generates_crypto_key,http_request,infostealer_bitcoin,infostealer_browser,infostealer_cookies,infostealer_ftp,infostealer_im,infostealer_keylog,infostealer_mail,injection_createremotethread,injection_network_traffic,injection_runpe,injection_rwx,injection_write_exe_process,injection_write_process,ipc_namedpipe,language_check_registry,legitimate_domain_abuse,long_commandline,mapped_drives_uac,masquerade_process_name,mass_data_encryption,modify_desktop_wallpaper,modify_hostfile,modify_uac_prompt,mouse_movement_detect,multiple_useragents,neshta_files,neshta_mutexes,network_anomaly,network_bind,network_cnc_https_pastesite,network_cnc_https_socialmedia,network_dns_tunneling_request,network_fake_useragent,packer_armadillo_mutex,packer_entropy,packer_mpress,packer_themida,packer_unknown_pe_section_name,packer_vmprotect,pe_compile_timestomping,persistence_ads,persistence_autorun,persistence_autorun_tasks,physical_drive_access,polymorphic,potential_protocol_tunneling_via_legit_utilities,powershell_command_suspicious,powershell_renamed,process_creation_suspicious_location,process_interest,process_needed,procmem_yara,queries_computer_name,queries_keyboard_layout,queries_locale_api,queries_user_name,ransomware_extensions_known,ransomware_file_modifications,ransomware_files,reads_memory_remote_process,reads_password_database,reads_self,recon_beacon,recon_fingerprint,recon_programs,recon_systeminfo,registry_credential_store_access,removes_zoneid_ads,resumethread_remote_process,revil_mutexes,script_created_process,script_network_activity,script_tool_executed,spoofs_procname,spooler_svc_start,spreading_autoruninf,squiblydoo_bypass,static_pe_anomaly,static_pe_pdbpath,stealth_file,stealth_timeout,stealth_window,suspicious_command_tools,suspicious_communication_trusted_site,suspicious_iocontrol_codes,suspicious_ping_use,terminates_remote_process,uiautomationcore_load,uses_remote_desktop_session,uses_windows_utilities,uses_windows_utilities_curl,uses_windows_utilities_to_create_scheduled_task,virus,warzonerat_files,windows_defender_powershell,wmic_command_suspicious
21b63a545df6a8ccbf3a70596ce720392245a6865d45a6094df56635f069dd59,0.0,0.0,0.0,0.0,0.0,0.0,0.0,0.0,0.0,0.0,0.0,0.0,0.0,0.0,0.0,0.0,0.0,0.0,0.0,0.0,0.0,0.0,0.0,0.0,0.0,0.0,0.44431086668828307,0.0,0.0,0.0,0.0,0.0,0.0,0.0,0.3460357029622187,0.0,0.0,0.0,0.0,0.0,0.0,0.0,0.0,0.0,0.41047794385429814,0.0,0.0,0.0,0.0,0.0,0.0,0.0,0.0,0.0,0.0,0.0,0.0,0.0,0.40865545754353055,0.0,0.0,0.0,0.0,0.0,0.0,0.0,0.0,0.0,0.0,0.0,0.0,0.0,0.0,0.0,0.0,0.0,0.0,0.3419340009163247,0.0,0.18385149345359977,0.0,0.0,0.0,0.0,0.0,0.0,0.0,0.0,0.0,0.0,0.0,0.0,0.0,0.0,0.0,0.0,0.0,0.0,0.0,0.0,0.0,0.0,0.0,0.0,0.0,0.0,0.0,0.0,0.0,0.0,0.0,0.0,0.0,0.0,0.0,0.0,0.0,0.0,0.0,0.23811592487335617,0.0,0.0,0.0,0.0,0.0,0.0,0.0,0.0,0.0,0.0,0.0,0.0,0.0,0.3034546680739164,0.0,0.0,0.0,0.0,0.0,0.0,0.0,0.0,0.0,0.0,0.0,0.2187499914634888,0.0,0.0,0.0,0.0,0.0,0.0,0.0,0.0,0.0,0.0,0.0,0.0,0.0,0.0,0.0
25abc25a488468887ae9b909116f16841a6be0948c5d2b9240f64be0761653de,0.0,0.0,0.0,0.0,0.0,0.0,0.0,0.0,0.0,0.0,0.35066075380092276,0.0,0.22830616791782352,0.0,0.0,0.0,0.0,0.0,0.0,0.0,0.0,0.3337768377629504,0.0,0.0,0.0,0.0,0.0,0.0,0.0,0.0,0.0,0.0,0.0,0.0,0.0,0.0,0.0,0.0,0.0,0.0,0.0,0.0,0.0,0.0,0.0,0.0,0.0,0.4768990026976009,0.0,0.0,0.0,0.0,0.0,0.0,0.0,0.0,0.0,0.0,0.0,0.0,0.0,0.0,0.0,0.0,0.0,0.0,0.0,0.0,0.0,0.0,0.0,0.0,0.0,0.0,0.0,0.2168013014075156,0.0,0.0,0.0,0.1983563113177873,0.0,0.0,0.0,0.0,0.0,0.0,0.0,0.0,0.0,0.0,0.0,0.0,0.0,0.0,0.0,0.0,0.0,0.0,0.0,0.0,0.0,0.0,0.0,0.0,0.0,0.0,0.0,0.0,0.0,0.0,0.0,0.0,0.0,0.0,0.0,0.0,0.28494519904667925,0.0,0.0,0.0,0.0,0.0,0.0,0.0,0.0,0.0,0.0,0.0,0.0,0.0,0.0,0.0,0.0,0.0,0.0,0.0,0.0,0.0,0.0,0.0,0.0,0.0,0.44089600598580414,0.3523387690105485,0.0,0.0,0.0,0.0,0.0,0.0,0.0,0.0,0.0,0.0,0.0,0.0,0.0,0.0,0.0,0.0,0.0
31f983668db02626b9c65b0f2fc7d14b59400c485d4ffc88418f3f76bf62ef85,0.0,0.0,0.0,0.0,0.0,0.0,0.0,0.0,0.0,0.0,0.0,0.0,0.22408180161791297,0.0,0.0,0.0,0.0,0.0,0.0,0.0,0.0,0.0,0.0,0.0,0.0,0.0,0.0,0.0,0.0,0.0,0.0,0.0,0.0,0.0,0.0,0.0,0.0,0.0,0.0,0.0,0.0,0.0,0.0,0.0,0.0,0.0,0.0,0.4680749043658298,0.0,0.0,0.0,0.0,0.0,0.0,0.0,0.0,0.0,0.0,0.0,0.0,0.0,0.0,0.0,0.0,0.43273807382638046,0.0,0.0,0.36642805280308105,0.0,0.0,0.0,0.0,0.0,0.0,0.0,0.2127898105231681,0.0,0.0,0.0,0.1946861094807216,0.0,0.0,0.0,0.0,0.0,0.0,0.0,0.0,0.0,0.0,0.0,0.0,0.0,0.0,0.0,0.0,0.0,0.0,0.0,0.0,0.0,0.0,0.3001583016101538,0.0,0.0,0.0,0.0,0.0,0.0,0.0,0.0,0.0,0.0,0.0,0.0,0.0,0.27967283646816427,0.25898792442439683,0.0,0.0,0.30098611346379905,0.0,0.0,0.0,0.0,0.0,0.0,0.0,0.0,0.0,0.0,0.0,0.0,0.0,0.0,0.0,0.0,0.0,0.0,0.0,0.0,0.0,0.0,0.0,0.0,0.0,0.0,0.0,0.0,0.0,0.0,0.0,0.0,0.0,0.0,0.0,0.0,0.0,0.0,0.0,0.0
34a51dc07bde9cbe8888d913bada3b4f66240ea94e035f49c9c1e4aa087d489b,0.0,0.3328562438678095,0.0,0.0,0.0,0.0,0.0,0.0,0.0,0.0,0.2390301927664586,0.0,0.15562639028076264,0.0,0.0,0.0,0.0,0.0,0.0,0.0,0.0,0.22752116114126447,0.0,0.0,0.0,0.0,0.0,0.0,0.0,0.0,0.0,0.0,0.0,0.0,0.0,0.0,0.0,0.0,0.0,0.0,0.0,0.0,0.28504134846604307,0.0,0.0,0.0,0.0,0.0,0.0,0.0,0.0,0.0,0.0,0.0,0.0,0.0,0.0,0.0,0.0,0.0,0.0,0.0,0.0,0.0,0.0,0.0,0.0,0.0,0.0,0.0,0.5359872618647058,0.0,0.0,0.0,0.0,0.14778402289318635,0.0,0.0,0.0,0.13521087494625014,0.0,0.0,0.0,0.0,0.0,0.0,0.0,0.0,0.0,0.0,0.0,0.0,0.0,0.0,0.0,0.0,0.0,0.0,0.0,0.0,0.0,0.0,0.0,0.0,0.35457767155546055,0.0,0.24894941416355526,0.0,0.0,0.0,0.0,0.0,0.0,0.0,0.0,0.0,0.0,0.17986893854593972,0.19755677080287498,0.17511885237357402,0.0,0.0,0.0,0.0,0.0,0.0,0.0,0.0,0.0,0.0,0.0,0.0,0.0,0.0,0.0,0.0,0.0,0.0,0.0,0.0,0.0,0.0,0.0,0.24017402279212952,0.0,0.0,0.0,0.0,0.0,0.0,0.0,0.0,0.0,0.0,0.0,0.0,0.0,0.0,0.0,0.0,0.0
35c2ee1406834ee537a4c945e4755f53272d46241402e96c77d0deb505c9e52b,0.0,0.0,0.0,0.0,0.0,0.5744809363447446,0.0,0.0,0.0,0.0,0.0,0.0,0.0,0.0,0.0,0.0,0.0,0.0,0.0,0.0,0.0,0.0,0.0,0.0,0.0,0.0,0.0,0.0,0.0,0.0,0.0,0.0,0.0,0.0,0.0,0.0,0.0,0.0,0.0,0.0,0.0,0.0,0.3805561601495534,0.0,0.0,0.0,0.0,0.0,0.0,0.0,0.0,0.0,0.0,0.0,0.0,0.0,0.0,0.0,0.0,0.0,0.0,0.0,0.0,0.0,0.0,0.0,0.0,0.0,0.0,0.0,0.0,0.0,0.0,0.0,0.0,0.19730512989200427,0.0,0.0,0.0,0.18051883229192717,0.0,0.0,0.0,0.0,0.0,0.0,0.0,0.0,0.43290412575749315,0.0,0.0,0.0,0.0,0.0,0.0,0.0,0.0,0.0,0.0,0.2540412952431425,0.0,0.0,0.27831582979348884,0.0,0.0,0.0,0.0,0.0,0.0,0.0,0.0,0.0,0.0,0.0,0.0,0.0,0.0,0.0,0.2637562813706793,0.2337996167493677,0.0,0.0,0.0,0.0,0.0,0.0,0.0,0.0,0.0,0.0,0.0,0.0,0.0,0.0,0.0,0.0,0.0,0.0,0.0,0.0,0.0,0.0,0.0,0.0,0.0,0.0,0.0,0.0,0.0,0.0,0.0,0.0,0.0,0.0,0.0,0.0,0.0,0.0,0.0,0.0,0.0
36b8623b6b1120313cd6a82751d5eb175d274d2952a8b3d3d6f69874fb4e88b9,0.0,0.0,0.0,0.0,0.0,0.0,0.0,0.0,0.0,0.0,0.0,0.0,0.36810692077487056,0.0,0.0,0.0,0.0,0.0,0.0,0.0,0.0,0.0,0.0,0.0,0.0,0.0,0.0,0.0,0.0,0.0,0.0,0.0,0.0,0.0,0.0,0.0,0.0,0.0,0.0,0.0,0.0,0.0,0.0,0.0,0.0,0.0,0.0,0.0,0.0,0.0,0.0,0.0,0.0,0.0,0.0,0.0,0.0,0.0,0.0,0.0,0.0,0.0,0.0,0.0,0.0,0.0,0.0,0.0,0.0,0.0,0.0,0.0,0.0,0.0,0.0,0.0,0.0,0.0,0.0,0.0,0.0,0.0,0.0,0.0,0.0,0.0,0.0,0.0,0.0,0.0,0.0,0.0,0.0,0.0,0.0,0.0,0.0,0.0,0.0,0.0,0.0,0.0,0.4930804168520932,0.0,0.0,0.0,0.0,0.0,0.0,0.0,0.0,0.0,0.0,0.0,0.0,0.0,0.0,0.0,0.0,0.41421291980473207,0.0,0.0,0.0,0.0,0.0,0.0,0.0,0.0,0.0,0.0,0.0,0.0,0.0,0.0,0.0,0.0,0.0,0.0,0.0,0.0,0.0,0.0,0.0,0.0,0.0,0.38052504350367605,0.0,0.0,0.0,0.0,0.0,0.0,0.0,0.0,0.5522656477891535,0.0,0.0,0.0,0.0,0.0,0.0
38e52dbc0dbbc8d65987b05460d1a109a772aeb1fead029581115e4e4e15c240,0.0,0.3448081988354153,0.0,0.0,0.0,0.0,0.0,0.0,0.0,0.0,0.0,0.0,0.16121450720112726,0.0,0.0,0.0,0.0,0.0,0.0,0.0,0.0,0.0,0.0,0.0,0.0,0.0,0.0,0.0,0.0,0.0,0.0,0.0,0.0,0.0,0.0,0.0,0.0,0.0,0.0,0.0,0.0,0.0,0.0,0.0,0.0,0.0,0.0,0.3367540982610511,0.0,0.0,0.0,0.0,0.0,0.0,0.0,0.0,0.0,0.0,0.0,0.0,0.0,0.0,0.0,0.0,0.0,0.0,0.6072324359886658,0.2636247902810286,0.0,0.0,0.0,0.0,0.0,0.0,0.0,0.15309054190579785,0.0,0.0,0.0,0.0,0.0,0.0,0.0,0.0,0.0,0.0,0.0,0.0,0.0,0.0,0.0,0.0,0.0,0.0,0.0,0.0,0.0,0.0,0.0,0.19711256152595114,0.0,0.0,0.0,0.0,0.0,0.0,0.0,0.0,0.0,0.0,0.0,0.0,0.0,0.0,0.0,0.0,0.20120919317507086,0.0,0.20465049270739574,0.0,0.0,0.0,0.0,0.0,0.0,0.0,0.0,0.0,0.0,0.0,0.0,0.0,0.0,0.0,0.0,0.0,0.0,0.0,0.0,0.0,0.0,0.0,0.3113311960872243,0.2487980133516705,0.0,0.0,0.0,0.0,0.0,0.0,0.0,0.0,0.0,0.0,0.0,0.0,0.0,0.0,0.0,0.0,0.0
42baf0d9105229ca324cb979bcd9fa893bd2585cb91a98c7406ef610b1e35291,0.0,0.34074901066957997,0.0,0.0,0.0,0.0,0.0,0.0,0.0,0.0,0.0,0.0,0.15931664043925206,0.0,0.0,0.0,0.0,0.0,0.0,0.0,0.0,0.0,0.0,0.0,0.0,0.0,0.0,0.0,0.0,0.0,0.0,0.0,0.0,0.0,0.0,0.0,0.0,0.0,0.0,0.0,0.0,0.0,0.29180031704107195,0.2758375208442498,0.0,0.0,0.0,0.0,0.0,0.0,0.0,0.0,0.0,0.0,0.0,0.0,0.0,0.0,0.0,0.0,0.0,0.0,0.0,0.0,0.0,0.0,0.6000839089919134,0.0,0.0,0.0,0.0,0.0,0.0,0.0,0.0,0.15128831296198453,0.32298856793613095,0.2574332529363329,0.0,0.0,0.0,0.0,0.0,0.0,0.0,0.0,0.0,0.0,0.0,0.0,0.0,0.0,0.0,0.0,0.0,0.0,0.0,0.0,0.0,0.0,0.0,0.0,0.0,0.0,0.0,0.0,0.0,0.0,0.0,0.0,0.0,0.0,0.0,0.0,0.0,0.0,0.1988404966691523,0.0,0.20224128416497722,0.0,0.0,0.0,0.0,0.0,0.2515017505605743,0.0,0.0,0.0,0.0,0.0,0.0,0.0,0.0,0.0,0.0,0.0,0.0,0.0,0.0,0.0,0.0,0.0,0.0,0.0,0.0,0.0,0.0,0.0,0.0,0.0,0.0,0.0,0.0,0.0,0.0,0.0,0.0,0.0,0.0,0.0,0.0
44f53e578f99badd615955fdb2d5c5a70a69cfec2470d06e6be8d08c230b953f,0.0,0.4727498548439256,0.0,0.0,0.0,0.0,0.0,0.0,0.0,0.0,0.0,0.0,0.0,0.0,0.0,0.0,0.0,0.0,0.0,0.0,0.0,0.0,0.0,0.0,0.0,0.0,0.0,0.0,0.0,0.0,0.0,0.0,0.0,0.0,0.0,0.0,0.0,0.0,0.0,0.0,0.0,0.0,0.0,0.0,0.0,0.0,0.0,0.0,0.0,0.0,0.0,0.0,0.0,0.0,0.0,0.0,0.0,0.0,0.0,0.0,0.0,0.0,0.0,0.0,0.0,0.0,0.0,0.0,0.0,0.0,0.0,0.0,0.0,0.0,0.0,0.20989504225359026,0.0,0.0,0.0,0.19203762189164605,0.0,0.0,0.0,0.0,0.0,0.0,0.0,0.0,0.4605274572301165,0.0,0.0,0.0,0.0,0.0,0.0,0.0,0.0,0.0,0.0,0.27025150551535176,0.0,0.0,0.29607498237031243,0.0,0.0,0.0,0.0,0.0,0.0,0.0,0.0,0.0,0.0,0.0,0.0,0.0,0.0,0.0,0.2805863986063145,0.24871821864612567,0.0,0.0,0.0,0.0,0.0,0.0,0.0,0.0,0.0,0.0,0.0,0.0,0.0,0.0,0.0,0.0,0.0,0.0,0.0,0.0,0.0,0.0,0.4268511545135103,0.0,0.0,0.0,0.0,0.0,0.0,0.0,0.0,0.0,0.0,0.0,0.0,0.0,0.0,0.0,0.0,0.0,0.0
52b2b45ea5d9d4871a9447c0f379ac85704447de2007b54073af0c30f7fbf488,0.0,0.0,0.0,0.0,0.0,0.0,0.0,0.0,0.0,0.0,0.0,0.0,0.0,0.0,0.0,0.0,0.0,0.0,0.0,0.0,0.0,0.0,0.0,0.0,0.0,0.0,0.44724777911976277,0.0,0.0,0.0,0.0,0.0,0.0,0.0,0.0,0.0,0.0,0.0,0.0,0.0,0.0,0.0,0.0,0.0,0.4131912193254554,0.0,0.0,0.0,0.0,0.0,0.0,0.0,0.0,0.0,0.0,0.0,0.0,0.0,0.4113566863079705,0.0,0.0,0.0,0.0,0.0,0.0,0.0,0.0,0.0,0.0,0.0,0.0,0.0,0.0,0.0,0.0,0.0,0.0,0.3441941982090938,0.0,0.18506675910914094,0.0,0.0,0.0,0.0,0.0,0.0,0.0,0.0,0.0,0.0,0.0,0.0,0.0,0.0,0.0,0.0,0.0,0.0,0.0,0.0,0.0,0.0,0.0,0.0,0.0,0.0,0.0,0.0,0.0,0.0,0.0,0.0,0.0,0.0,0.0,0.0,0.0,0.0,0.0,0.23968988057042553,0.0,0.0,0.0,0.0,0.0,0.0,0.0,0.0,0.0,0.0,0.0,0.0,0.0,0.30546051545212627,0.0,0.0,0.0,0.0,0.0,0.0,0.0,0.0,0.0,0.3287326410543064,0.0,0.22019593757348105,0.0,0.0,0.0,0.0,0.0,0.0,0.0,0.0,0.0,0.0,0.0,0.0,0.0,0.0,0.0
5ef2e70b47c26de37bcd3e806ea7c791876b1ebda407045e3a81f3bd8ea7c3ac,0.0,0.0,0.0,0.0,0.0,0.0,0.0,0.0,0.0,0.0,0.2071502269774623,0.0,0.13487016722544704,0.0,0.0,0.0,0.0,0.0,0.0,0.0,0.0,0.19717617940691498,0.0,0.0,0.0,0.0,0.0,0.0,0.0,0.0,0.0,0.0,0.0,0.0,0.0,0.0,0.0,0.0,0.0,0.0,0.0,0.0,0.0,0.23351140509080742,0.0,0.0,0.0,0.0,0.0,0.0,0.0,0.0,0.0,0.0,0.0,0.0,0.0,0.0,0.0,0.0,0.0,0.0,0.0,0.0,0.0,0.0,0.0,0.0,0.0,0.0,0.0,0.0,0.0,0.0,0.0,0.1280737530755228,0.27342732089598504,0.21793119524230048,0.0,0.11717751264294377,0.0,0.0,0.0,0.0,0.0,0.0,0.0,0.6776220537070565,0.0,0.0,0.0,0.0,0.0,0.0,0.0,0.0,0.0,0.0,0.0,0.16490205873392616,0.0,0.0,0.0,0.0,0.0,0.0,0.0,0.0,0.0,0.0,0.0,0.0,0.0,0.0,0.0,0.0,0.16832925275740526,0.0,0.17120820361273043,0.1517628781426014,0.0,0.0,0.0,0.0,0.21290985713781205,0.0,0.0,0.0,0.0,0.0,0.0,0.0,0.0,0.19340644199752308,0.0,0.0,0.0,0.0,0.0,0.0,0.0,0.0,0.0,0.20814150195699124,0.0,0.0,0.0,0.0,0.0,0.0,0.0,0.0,0.0,0.0,0.0,0.0,0.0,0.0,0.0,0.0,0.0
52bb9f927ef8b58981f8785949e2131ab47c050ad3ebbd19da010caec5c22c63,0.0,0.0,0.0,0.0,0.0,0.0,0.0,0.0,0.0,0.0,0.24302044498470024,0.0,0.15822434053067722,0.0,0.0,0.0,0.0,0.0,0.0,0.0,0.0,0.23131928725844442,0.0,0.0,0.0,0.0,0.3322166894553917,0.0,0.0,0.0,0.0,0.0,0.0,0.0,0.0,0.0,0.0,0.0,0.0,0.0,0.0,0.0,0.0,0.0,0.3069193977139502,0.0,0.0,0.0,0.0,0.0,0.0,0.0,0.0,0.0,0.0,0.0,0.0,0.0,0.30555670232625054,0.0,0.0,0.0,0.0,0.0,0.0,0.0,0.0,0.25873514309549783,0.0,0.0,0.0,0.0,0.0,0.0,0.0,0.1502510565274953,0.0,0.2556682501226205,0.0,0.13746801864613328,0.0,0.0,0.0,0.0,0.0,0.0,0.0,0.0,0.0,0.0,0.0,0.0,0.0,0.0,0.0,0.0,0.0,0.0,0.0,0.19345656665281843,0.0,0.0,0.0,0.0,0.0,0.0,0.0,0.0,0.0,0.0,0.0,0.0,0.0,0.0,0.0,0.0,0.19747721499478438,0.0,0.0,0.17804220017768305,0.0,0.0,0.0,0.0,0.24977741505873147,0.0,0.2868998294772251,0.0,0.0,0.0,0.0,0.0,0.0,0.22689678057779492,0.0,0.0,0.0,0.0,0.0,0.0,0.0,0.0,0.0,0.24418336954501715,0.0,0.16356205402777263,0.0,0.0,0.0,0.0,0.0,0.0,0.0,0.0,0.0,0.0,0.0,0.0,0.0,0.0,0.0
52cdcb1cc9f243da170f6e30a49c3438b738d49d7141ff82f2876fe28086e908,0.0,0.0,0.0,0.0,0.455930387191138,0.0,0.0,0.0,0.0,0.0,0.0,0.0,0.16405723493938193,0.0,0.0,0.0,0.0,0.0,0.0,0.0,0.0,0.0,0.0,0.0,0.0,0.0,0.0,0.0,0.0,0.0,0.0,0.0,0.0,0.0,0.0,0.0,0.0,0.0,0.0,0.0,0.0,0.0,0.30048306966683125,0.0,0.0,0.0,0.0,0.0,0.0,0.0,0.0,0.0,0.4709716162566378,0.0,0.0,0.0,0.0,0.0,0.0,0.0,0.0,0.0,0.0,0.0,0.0,0.0,0.0,0.0,0.0,0.0,0.0,0.0,0.0,0.0,0.0,0.0,0.0,0.0,0.0,0.14253573727050817,0.0,0.0,0.0,0.0,0.0,0.0,0.0,0.0,0.0,0.0,0.0,0.0,0.0,0.0,0.0,0.0,0.0,0.0,0.0,0.20058828685573915,0.0,0.0,0.21975519944376595,0.0,0.0,0.0,0.0,0.0,0.0,0.0,0.0,0.0,0.0,0.4764561009781707,0.0,0.0,0.0,0.0,0.0,0.0,0.0,0.0,0.0,0.0,0.0,0.0,0.29747630845386897,0.0,0.0,0.0,0.0,0.0,0.0,0.0,0.0,0.0,0.0,0.0,0.0,0.0,0.0,0.0,0.0,0.0,0.0,0.16959172169593956,0.0,0.0,0.0,0.0,0.0,0.0,0.0,0.0,0.0,0.0,0.0,0.0,0.0,0.0,0.0
52d3dd78d3f1a14e18d0689ed8c5b43372f9e76401ef1ff68522575e6251d2cf,0.0,0.0,0.0,0.0,0.0,0.4617963598325083,0.0,0.0,0.0,0.0,0.0,0.0,0.16702020804056633,0.0,0.0,0.0,0.0,0.326912345267393,0.0,0.0,0.0,0.0,0.0,0.0,0.0,0.0,0.0,0.0,0.0,0.0,0.0,0.0,0.0,0.0,0.0,0.0,0.0,0.0,0.0,0.0,0.0,0.0,0.30590997603346054,0.0,0.0,0.0,0.0,0.0,0.0,0.0,0.0,0.0,0.0,0.0,0.0,0.0,0.5141155494244738,0.0,0.0,0.0,0.0,0.0,0.0,0.0,0.0,0.0,0.0,0.0,0.0,0.0,0.0,0.0,0.0,0.0,0.0,0.15860368028945354,0.0,0.0,0.0,0.14511001907920773,0.0,0.0,0.0,0.0,0.0,0.0,0.0,0.0,0.0,0.0,0.0,0.0,0.0,0.0,0.0,0.0,0.0,0.0,0.0,0.0,0.0,0.0,0.22372411154348454,0.0,0.0,0.0,0.0,0.0,0.0,0.0,0.0,0.0,0.0,0.0,0.0,0.0,0.20845519356300118,0.0,0.0,0.0,0.22434112420143362,0.0,0.0,0.0,0.0,0.0,0.0,0.0,0.0,0.0,0.0,0.0,0.0,0.0,0.0,0.0,0.0,0.0,0.0,0.0,0.0,0.0,0.32254294010361223,0.0,0.0,0.0,0.0,0.0,0.0,0.0,0.0,0.0,0.0,0.0,0.0,0.0,0.0,0.0,0.0,0.0,0.0
52dd0cf2c2c46f510c4861446a731366291bd65749a79addcdecc05f30bb90f5,0.0,0.0,0.0,0.0,0.0,0.0,0.3180191343107331,0.0,0.0,0.0,0.0,0.0,0.11952297148767319,0.0,0.0,0.0,0.30845993573909913,0.0,0.0,0.0,0.0,0.0,0.0,0.0,0.0,0.31517500976944196,0.0,0.0,0.0,0.0,0.0,0.0,0.0,0.0,0.0,0.0,0.0,0.0,0.0,0.0,0.0,0.0,0.0,0.0,0.0,0.0,0.0,0.0,0.0,0.2910403138069407,0.0,0.0,0.0,0.0,0.0,0.0,0.0,0.0,0.0,0.0,0.17343833235562653,0.31658502008782785,0.0,0.0,0.0,0.0,0.0,0.0,0.0,0.0,0.0,0.0,0.0,0.0,0.0,0.11349993739962362,0.0,0.0,0.0,0.1038436059711248,0.0,0.0,0.0,0.0,0.0,0.0,0.0,0.0,0.24902845253140793,0.0,0.0,0.0,0.0,0.0,0.0,0.0,0.0,0.0,0.0,0.14613746293772592,0.0,0.0,0.0,0.0,0.0,0.0,0.0,0.0,0.0,0.0,0.0,0.0,0.0,0.0,0.23999892443330162,0.27316314849390927,0.14917466843674698,0.13814154511043666,0.15172601665610708,0.13449342082303659,0.16054295528675105,0.0,0.0,0.0,0.0,0.0,0.0,0.0,0.0,0.0,0.0,0.0,0.3059175096856658,0.0,0.0,0.0,0.0,0.0,0.0,0.0,0.0,0.0,0.0,0.18445658751369193,0.0,0.0,0.0,0.0,0.0,0.0,0.0,0.0,0.0,0.0,0.0,0.0,0.0,0.0,0.0,0.0,0.0
b3d113dab0b7da85b949149a458567fa2dba6a1b2659e1f58d5652917469ef44,0.0,0.0,0.0,0.0,0.0,0.0,0.0,0.0,0.0,0.0,0.0,0.0,0.3885032388213411,0.0,0.0,0.0,0.0,0.7604259774135536,0.0,0.0,0.0,0.0,0.0,0.0,0.0,0.0,0.0,0.0,0.0,0.0,0.0,0.0,0.0,0.0,0.0,0.0,0.0,0.0,0.0,0.0,0.0,0.0,0.0,0.0,0.0,0.0,0.0,0.0,0.0,0.0,0.0,0.0,0.0,0.0,0.0,0.0,0.0,0.0,0.0,0.0,0.0,0.0,0.0,0.0,0.0,0.0,0.0,0.0,0.0,0.0,0.0,0.0,0.0,0.0,0.0,0.0,0.0,0.0,0.0,0.0,0.0,0.0,0.0,0.0,0.0,0.0,0.0,0.0,0.0,0.0,0.0,0.0,0.0,0.0,0.0,0.0,0.0,0.0,0.0,0.0,0.0,0.0,0.5204013511703923,0.0,0.0,0.0,0.0,0.0,0.0,0.0,0.0,0.0,0.0,0.0,0.0,0.0,0.0,0.0,0.0,0.0,0.0,0.0,0.0,0.0,0.0,0.0,0.0,0.0,0.0,0.0,0.0,0.0,0.0,0.0,0.0,0.0,0.0,0.0,0.0,0.0,0.0,0.0,0.0,0.0,0.0,0.0,0.0,0.0,0.0,0.0,0.0,0.0,0.0,0.0,0.0,0.0,0.0,0.0,0.0,0.0,0.0
57a8bfc0fbd4dfa10de20bb5810475ed8b5f94aa71411f0859cdc9b7d91d9b28,0.0,0.0,0.0,0.0,0.0,0.0,0.26387025363576977,0.0,0.0,0.0,0.0,0.0,0.09917188432736634,0.0,0.0,0.0,0.2559386926713055,0.19411132144064605,0.0,0.0,0.0,0.0,0.0,0.0,0.0,0.2615103960576754,0.0,0.0,0.0,0.0,0.0,0.0,0.0,0.0,0.0,0.0,0.0,0.0,0.0,0.0,0.0,0.0,0.18164070751492098,0.17170413984937194,0.0,0.0,0.0,0.2071559133189349,0.24414564220595655,0.0,0.0,0.0,0.0,0.0,0.0,0.0,0.0,0.0,0.0,0.0,0.1439071169350691,0.26268032497138033,0.0,0.0,0.0,0.0,0.0,0.0,0.0,0.0,0.0,0.0,0.0,0.0,0.0,0.09417438775875535,0.20105486037183512,0.16024779779331572,0.0,0.0,0.0,0.0,0.0,0.0,0.0,0.0,0.0,0.0,0.20662656375820507,0.0,0.0,0.0,0.0,0.0,0.0,0.0,0.0,0.0,0.0,0.0,0.0,0.0,0.13284106139925525,0.0,0.0,0.0,0.0,0.0,0.0,0.0,0.0,0.0,0.0,0.0,0.19913448667101133,0.22665186304986618,0.12377480896471897,0.11462028731362982,0.12589174102673104,0.11159332642620569,0.13320742609644076,0.0,0.0,0.0,0.15655553899427,0.0,0.0,0.0,0.0,0.0,0.0,0.0,0.25382916360468605,0.0,0.0,0.0,0.0,0.0,0.0,0.0,0.0,0.0,0.0,0.1530493020098249,0.0,0.0,0.0,0.0,0.0,0.0,0.0,0.28470029173741734,0.0,0.0,0.0,0.0,0.0,0.0,0.0,0.0,0.0
58a98de81bf067e37ae13ff5140be15b4b156ae5adcf05671aa7023f4fde2a44,0.0,0.0,0.0,0.0,0.0,0.0,0.0,0.0,0.0,0.0,0.0,0.0,0.0,0.0,0.0,0.0,0.0,0.0,0.0,0.0,0.0,0.0,0.0,0.0,0.0,0.0,0.0,0.0,0.0,0.0,0.0,0.0,0.0,0.0,0.0,0.0,0.0,0.0,0.0,0.0,0.0,0.0,0.35526231323950797,0.33582785902040696,0.0,0.0,0.0,0.0,0.0,0.47230907247437,0.0,0.0,0.0,0.0,0.0,0.0,0.0,0.0,0.0,0.0,0.0,0.0,0.0,0.0,0.0,0.0,0.0,0.0,0.0,0.0,0.0,0.0,0.0,0.0,0.0,0.18419115021527604,0.0,0.0,0.0,0.0,0.0,0.0,0.0,0.0,0.0,0.0,0.0,0.0,0.4041309463157678,0.0,0.0,0.0,0.0,0.0,0.0,0.0,0.0,0.0,0.0,0.2371563192433203,0.0,0.0,0.0,0.0,0.0,0.0,0.0,0.0,0.0,0.0,0.0,0.0,0.0,0.0,0.0,0.0,0.24208518869577791,0.0,0.2462255941787257,0.21826001357657504,0.0,0.0,0.0,0.0,0.0,0.0,0.0,0.0,0.0,0.0,0.0,0.0,0.0,0.2781503169471512,0.0,0.0,0.0,0.0,0.0,0.0,0.0,0.0,0.0,0.0,0.0,0.20050895853391562,0.0,0.0,0.0,0.0,0.0,0.0,0.0,0.0,0.0,0.0,0.0,0.0,0.0,0.0,0.0
58b525579968cba0c68e8f7ae12e51e0b5542acc2c14a2e75fa6df44556e373f,0.0,0.0,0.0,0.0,0.0,0.0,0.0,0.0,0.0,0.0,0.17729372985065173,0.0,0.11543137240000315,0.0,0.0,0.0,0.0,0.0,0.0,0.0,0.0,0.16875723862256073,0.0,0.0,0.0,0.0,0.24236617621159492,0.38207341851283855,0.0,0.0,0.0,0.0,0.0,0.0,0.18875826914781127,0.0,0.0,0.0,0.0,0.0,0.0,0.0,0.0,0.0,0.22391072811856472,0.0,0.0,0.0,0.0,0.0,0.0,0.0,0.0,0.0,0.0,0.0,0.0,0.0,0.2229165839923338,0.0,0.0,0.0,0.0,0.23401832704723255,0.2229165839923338,0.44183496076206114,0.0,0.0,0.0,0.0,0.0,0.0,0.0,0.0,0.0,0.10961452328604628,0.0,0.0,0.0,0.10028875456337141,0.0,0.0,0.0,0.0,0.0,0.0,0.0,0.0,0.0,0.0,0.0,0.0,0.0,0.0,0.0,0.0,0.0,0.0,0.0,0.0,0.0,0.0,0.0,0.0,0.0,0.0,0.0,0.0,0.0,0.0,0.0,0.0,0.0,0.0,0.0,0.0,0.0,0.13341258118904115,0.1465320190203475,0.12988934220042708,0.1550471296625457,0.0,0.0,0.0,0.18222322632568966,0.0,0.0,0.0,0.0,0.0,0.0,0.0,0.0,0.16553083228151752,0.0,0.0,0.0,0.0,0.0,0.0,0.0,0.0,0.0,0.0,0.0,0.11932546096046888,0.0,0.0,0.0,0.0,0.0,0.33137764418642557,0.0,0.0,0.0,0.0,0.0,0.0,0.0,0.0,0.0
059cbde98d16f289413cac8ac66ea5b813345f02f5e1f0ceb31623e65ff9a327,0.0,0.0,0.0,0.0,0.0,0.0,0.0,0.0,0.0,0.0,0.0,0.0,0.11673868113562538,0.0,0.0,0.0,0.0,0.0,0.0,0.0,0.0,0.17066848517246966,0.0,0.0,0.0,0.0,0.0,0.0,0.0,0.0,0.0,0.0,0.0,0.0,0.19089603576226988,0.0,0.0,0.0,0.0,0.0,0.0,0.0,0.0,0.0,0.0,0.0,0.0,0.24385044485461183,0.0,0.0,0.0,0.0,0.0,0.0,0.0,0.0,0.0,0.0,0.0,0.0,0.0,0.0,0.0,0.0,0.22544120785765864,0.0,0.0,0.19089603576226988,0.0,0.0,0.0,0.0,0.0,0.0,0.0,0.11085595376429043,0.0,0.0,0.0,0.10142456679707719,0.0,0.0,0.0,0.0,0.0,0.0,0.0,0.0,0.0,0.5865248519040196,0.0,0.0,0.0,0.0,0.0,0.0,0.0,0.0,0.0,0.14273318739917626,0.0,0.0,0.15637184282205238,0.0,0.0,0.0,0.0,0.0,0.0,0.0,0.0,0.0,0.0,0.0,0.0,0.0,0.14569964112669387,0.13492353466038998,0.0,0.0,0.0,0.0,0.0,0.0,0.0,0.0,0.211676077137534,0.0,0.324427704209538,0.0,0.0,0.0,0.0,0.0,0.0,0.0,0.0,0.0,0.0,0.0,0.0,0.0,0.0,0.0,0.0,0.0,0.0,0.0,0.4161367950934396,0.0,0.0,0.0,0.0,0.0,0.0,0.0,0.0,0.0,0.0,0.0,0.0
60c163c0f00a2aeeae8648898d75314b1c5e749777f227ac6c3c84656a68516e,0.0,0.0,0.0,0.0,0.0,0.0,0.0,0.0,0.0,0.0,0.0,0.0,0.36810692077487056,0.0,0.0,0.0,0.0,0.0,0.0,0.0,0.0,0.0,0.0,0.0,0.0,0.0,0.0,0.0,0.0,0.0,0.0,0.0,0.0,0.0,0.0,0.0,0.0,0.0,0.0,0.0,0.0,0.0,0.0,0.0,0.0,0.0,0.0,0.0,0.0,0.0,0.0,0.0,0.0,0.0,0.0,0.0,0.0,0.0,0.0,0.0,0.0,0.0,0.0,0.0,0.0,0.0,0.0,0.0,0.0,0.0,0.0,0.0,0.0,0.0,0.0,0.0,0.0,0.0,0.0,0.0,0.0,0.0,0.0,0.0,0.0,0.0,0.0,0.0,0.0,0.0,0.0,0.0,0.0,0.0,0.0,0.0,0.0,0.0,0.0,0.0,0.0,0.0,0.4930804168520932,0.0,0.0,0.0,0.0,0.0,0.0,0.0,0.0,0.0,0.0,0.0,0.0,0.0,0.0,0.0,0.0,0.41421291980473207,0.0,0.0,0.0,0.0,0.0,0.0,0.0,0.0,0.0,0.0,0.0,0.0,0.0,0.0,0.0,0.0,0.0,0.0,0.0,0.0,0.0,0.0,0.0,0.0,0.0,0.38052504350367605,0.0,0.0,0.0,0.0,0.0,0.0,0.0,0.0,0.5522656477891535,0.0,0.0,0.0,0.0,0.0,0.0
cccef70aff3b7d8bcc6264bc9e9ae833a9128b45421880e511171ad28a1cd4ce,0.0,0.22024469494953106,0.0,0.0,0.0,0.0,0.0,0.0,0.0,0.0,0.15816176760825243,0.2765258143563738,0.10297504548869317,0.0,0.0,0.0,0.0,0.0,0.0,0.0,0.0,0.15054645857874221,0.0,0.0,0.0,0.0,0.0,0.0,0.0,0.0,0.0,0.0,0.0,0.0,0.0,0.0,0.0,0.0,0.0,0.0,0.0,0.29731906760017107,0.0,0.17828885405888062,0.19974827409584694,0.0,0.0,0.0,0.0,0.0,0.0,0.0,0.0,0.0,0.0,0.2876676074338307,0.3169740518798252,0.0,0.1988614091604965,0.0,0.0,0.0,0.0,0.0,0.0,0.0,0.0,0.0,0.0,0.0,0.0,0.0,0.0,0.0,0.0,0.09778589898842549,0.0,0.0,0.0,0.08946648427067715,0.0,0.0,0.0,0.0,0.0,0.0,0.0,0.0,0.0,0.0,0.0,0.0,0.0,0.0,0.0,0.0,0.0,0.0,0.0,0.12590476714483745,0.0,0.0,0.13793540813643493,0.0,0.0,0.0,0.16472512921251312,0.0,0.0,0.0,0.0,0.0,0.0,0.2990608045400802,0.0,0.0,0.1285214722896929,0.1190158821736846,0.1307195869757321,0.11587283979641093,0.1383158226219921,0.0,0.0,0.0,0.16255931667311455,0.0,0.18671920446644266,0.0,0.0,0.0,0.0,0.0,0.0,0.0,0.0,0.0,0.0,0.0,0.0,0.0,0.0,0.0,0.1988614091604965,0.0,0.0,0.10644891865084703,0.22024469494953106,0.0,0.0,0.0,0.0,0.0,0.0,0.0,0.1544920157524324,0.0,0.0,0.0,0.0,0.0,0.0
60e76eda46185d1d2e9463d15e31d4c87eb03535d368cc3471c55992bc99ad5f,0.0,0.0,0.0,0.0,0.0,0.5246755219801035,0.0,0.0,0.0,0.0,0.0,0.0,0.0,0.0,0.0,0.0,0.0,0.0,0.0,0.0,0.0,0.0,0.0,0.0,0.0,0.0,0.0,0.0,0.0,0.0,0.0,0.0,0.0,0.0,0.3103069091869206,0.0,0.0,0.0,0.0,0.0,0.0,0.0,0.0,0.0,0.0,0.0,0.0,0.0,0.0,0.0,0.0,0.0,0.0,0.0,0.0,0.0,0.0,0.0,0.0,0.0,0.0,0.0,0.0,0.0,0.0,0.0,0.0,0.0,0.0,0.0,0.0,0.0,0.0,0.0,0.0,0.18019949047241604,0.0,0.0,0.0,0.1648685040144972,0.0,0.0,0.0,0.0,0.0,0.0,0.0,0.0,0.3953729075752139,0.0,0.0,0.0,0.0,0.0,0.0,0.0,0.0,0.0,0.0,0.232016835988115,0.0,0.0,0.2541868564017846,0.0,0.0,0.0,0.0,0.0,0.0,0.0,0.0,0.0,0.0,0.0,0.0,0.0,0.23683889048367487,0.0,0.2408895680406822,0.21353003763228323,0.0,0.0,0.0,0.0,0.0,0.0,0.0,0.0,0.0,0.0,0.0,0.0,0.0,0.0,0.0,0.0,0.0,0.0,0.0,0.0,0.0,0.0,0.36646106418257424,0.0,0.0,0.0,0.0,0.0,0.0,0.0,0.0,0.0,0.0,0.0,0.0,0.0,0.0,0.0,0.0,0.0,0.0
60f95a88f8557ededb3465a372987ccd2642ce875916b57ac2e276c44f5f4fb7,0.0,0.0,0.0,0.0,0.0,0.47062097175612433,0.0,0.0,0.0,0.0,0.26143233921595704,0.0,0.1702118497414541,0.0,0.0,0.0,0.0,0.0,0.0,0.0,0.4805827693673554,0.0,0.0,0.0,0.0,0.0,0.0,0.0,0.0,0.0,0.0,0.0,0.0,0.0,0.0,0.0,0.0,0.0,0.0,0.0,0.0,0.0,0.0,0.0,0.0,0.0,0.0,0.0,0.0,0.0,0.0,0.0,0.0,0.0,0.0,0.0,0.0,0.0,0.0,0.0,0.0,0.0,0.0,0.0,0.3287065146197666,0.0,0.0,0.0,0.0,0.0,0.0,0.0,0.0,0.0,0.0,0.16163448791366117,0.0,0.0,0.0,0.0,0.0,0.0,0.0,0.0,0.0,0.0,0.0,0.0,0.0,0.0,0.0,0.0,0.0,0.0,0.0,0.0,0.0,0.0,0.0,0.0,0.0,0.0,0.22799932597575748,0.0,0.0,0.0,0.0,0.0,0.0,0.0,0.0,0.0,0.0,0.0,0.0,0.0,0.2124386294379027,0.19672643364472375,0.0,0.0,0.0,0.0,0.0,0.0,0.2687012358414135,0.0,0.0,0.0,0.0,0.0,0.0,0.0,0.0,0.0,0.0,0.0,0.0,0.0,0.0,0.0,0.0,0.0,0.3287065146197666,0.0,0.0,0.0,0.0,0.0,0.0,0.0,0.0,0.0,0.0,0.0,0.0,0.0,0.0,0.0,0.0,0.0,0.0
62c4a1fafc66fd389428f73ef74c2e7309ebd3be53eeb934a8a447fa51ee253b,0.0,0.0,0.0,0.0,0.0,0.0,0.0,0.0,0.0,0.0,0.2515874234821046,0.0,0.16380207915747313,0.0,0.0,0.0,0.0,0.0,0.0,0.0,0.0,0.2394737754954434,0.0,0.0,0.0,0.0,0.3439280219534553,0.0,0.0,0.0,0.0,0.0,0.0,0.0,0.0,0.0,0.0,0.0,0.0,0.0,0.0,0.0,0.0,0.0,0.3177389478173057,0.0,0.0,0.0,0.0,0.0,0.0,0.0,0.0,0.0,0.0,0.0,0.0,0.0,0.3163282145697228,0.0,0.0,0.0,0.0,0.0,0.0,0.0,0.0,0.0,0.0,0.0,0.0,0.0,0.0,0.0,0.0,0.1555477202323304,0.0,0.26468109017979097,0.0,0.1423140535544158,0.0,0.0,0.0,0.0,0.0,0.0,0.0,0.0,0.0,0.0,0.0,0.0,0.0,0.0,0.0,0.0,0.0,0.0,0.0,0.20027631487112454,0.0,0.0,0.0,0.0,0.0,0.0,0.0,0.0,0.0,0.0,0.0,0.0,0.0,0.0,0.0,0.0,0.20443869946862825,0.0,0.0,0.18431855976812328,0.0,0.0,0.0,0.0,0.25858259087050367,0.0,0.2970136479676616,0.0,0.0,0.0,0.0,0.0,0.0,0.2348953662131007,0.0,0.0,0.0,0.0,0.0,0.0,0.0,0.0,0.0,0.25279134356320154,0.0,0.16932795820894322,0.0,0.0,0.0,0.0,0.0,0.0,0.0,0.0,0.0,0.0,0.0,0.0,0.0,0.0,0.0
a16d035ca37dbd7ab34c856f4cdf96a9898dcebba08c5801c99f3d3100ae6b3f,0.0,0.0,0.0,0.0,0.0,0.0,0.0,0.0,0.0,0.0,0.0,0.427940457529663,0.0,0.0,0.0,0.0,0.0,0.0,0.0,0.0,0.0,0.0,0.0,0.0,0.0,0.0,0.0,0.0,0.0,0.0,0.0,0.0,0.0,0.0,0.0,0.0,0.0,0.0,0.0,0.0,0.0,0.0,0.0,0.27591280747506847,0.0,0.0,0.0,0.0,0.0,0.0,0.0,0.0,0.0,0.0,0.0,0.0,0.0,0.0,0.0,0.0,0.0,0.0,0.0,0.0,0.0,0.0,0.0,0.0,0.0,0.0,0.0,0.0,0.0,0.0,0.4773618772468688,0.1513296053406656,0.0,0.2575035163371021,0.0,0.1384548068377526,0.0,0.0,0.0,0.0,0.0,0.0,0.0,0.0,0.0,0.0,0.0,0.0,0.0,0.0,0.0,0.0,0.0,0.0,0.0,0.0,0.0,0.0,0.0,0.0,0.0,0.0,0.2549221211983781,0.0,0.0,0.0,0.0,0.0,0.0,0.4628147206507671,0.0,0.0,0.0,0.0,0.2022964835622551,0.17932024246326744,0.0,0.0,0.0,0.0,0.0,0.0,0.0,0.0,0.0,0.0,0.0,0.0,0.0,0.22852551623570067,0.0,0.0,0.0,0.0,0.0,0.0,0.0,0.0,0.0,0.0,0.0,0.0,0.0,0.0,0.0,0.0,0.0,0.0,0.0,0.0,0.0,0.0,0.0,0.0,0.0,0.0,0.0
062de0a9fa284c56323ccaa5cf9b4a70801234b129744e1def53b29a7a86b8cd,0.0,0.0,0.0,0.0,0.0,0.0,0.0,0.0,0.0,0.0,0.0,0.0,0.2222718955142941,0.0,0.0,0.0,0.0,0.0,0.0,0.0,0.0,0.0,0.0,0.0,0.0,0.0,0.0,0.0,0.0,0.0,0.0,0.0,0.0,0.0,0.0,0.0,0.0,0.0,0.0,0.0,0.0,0.0,0.0,0.0,0.0,0.0,0.0,0.0,0.0,0.0,0.0,0.0,0.0,0.0,0.0,0.0,0.0,0.0,0.0,0.0,0.0,0.0,0.0,0.0,0.0,0.0,0.0,0.0,0.0,0.0,0.0,0.0,0.0,0.0,0.0,0.0,0.0,0.35916007857564425,0.0,0.19311363204036353,0.0,0.0,0.0,0.0,0.0,0.0,0.0,0.0,0.0,0.0,0.0,0.0,0.0,0.0,0.0,0.0,0.0,0.0,0.0,0.2717657575654254,0.0,0.0,0.0,0.0,0.0,0.0,0.0,0.0,0.0,0.0,0.0,0.0,0.0,0.0,0.0,0.0,0.0,0.0,0.0,0.25011181707125696,0.0,0.0,0.0,0.0,0.0,0.0,0.0,0.0,0.0,0.0,0.0,0.0,0.0,0.31874221966081906,0.0,0.0,0.0,0.0,0.0,0.0,0.0,0.0,0.0,0.3430262386924927,0.0,0.22977025950009064,0.0,0.5144245968504084,0.0,0.0,0.0,0.0,0.0,0.0,0.33347140581635226,0.0,0.0,0.0,0.0,0.0,0.0
64ca65d71fa8db3699aab3a274c05c0308777f7d4edbe2a5f6286f81feb85e2d,0.0,0.0,0.0,0.0,0.0,0.0,0.31125338148891524,0.0,0.0,0.0,0.0,0.0,0.11698015945415371,0.0,0.0,0.0,0.30189755173296756,0.22896785200760017,0.0,0.0,0.0,0.0,0.0,0.0,0.0,0.30846976476481114,0.0,0.0,0.0,0.0,0.0,0.0,0.0,0.0,0.0,0.0,0.0,0.0,0.0,0.0,0.0,0.0,0.0,0.0,0.0,0.0,0.0,0.0,0.0,0.28484852654649845,0.0,0.0,0.0,0.0,0.0,0.0,0.0,0.0,0.0,0.0,0.1697484886954652,0.3098497775759367,0.0,0.0,0.0,0.0,0.0,0.0,0.0,0.0,0.0,0.0,0.0,0.0,0.0,0.11108526344171223,0.0,0.0,0.0,0.0,0.0,0.0,0.0,0.0,0.0,0.0,0.0,0.0,0.24373045384626893,0.0,0.0,0.0,0.0,0.0,0.0,0.0,0.0,0.0,0.0,0.14302843632400605,0.0,0.0,0.0,0.0,0.0,0.0,0.0,0.0,0.0,0.0,0.0,0.0,0.0,0.0,0.23489302599817385,0.26735169206458165,0.14600102627176484,0.13520262902707925,0.14849809539420208,0.13163211738787822,0.15712745654605892,0.0,0.0,0.0,0.0,0.0,0.0,0.0,0.0,0.0,0.0,0.0,0.29940921496030204,0.0,0.0,0.0,0.0,0.0,0.0,0.0,0.0,0.0,0.0,0.18053233408731081,0.0,0.0,0.0,0.0,0.0,0.0,0.0,0.0,0.0,0.0,0.0,0.0,0.0,0.0,0.0,0.0,0.0
65ac3e80b5d7499316fa680cb138aa9e4038f0b107aec3371cf7d7c5c24fd6f0,0.0,0.0,0.0,0.0,0.0,0.0,0.0,0.0,0.0,0.0,0.2570157585980381,0.0,0.1673363280720127,0.0,0.0,0.0,0.0,0.0,0.0,0.0,0.0,0.2446407424561729,0.0,0.0,0.0,0.0,0.35134872897085634,0.0,0.0,0.0,0.0,0.0,0.0,0.0,0.0,0.0,0.0,0.0,0.0,0.0,0.0,0.0,0.0,0.0,0.3245945905368995,0.0,0.0,0.0,0.0,0.0,0.0,0.0,0.0,0.0,0.0,0.0,0.0,0.0,0.3231534188328903,0.0,0.0,0.0,0.0,0.0,0.0,0.0,0.0,0.0,0.0,0.0,0.0,0.0,0.0,0.0,0.0,0.15890387031429434,0.0,0.270391938665223,0.0,0.14538466958008223,0.0,0.0,0.0,0.0,0.0,0.0,0.0,0.0,0.0,0.0,0.0,0.0,0.0,0.0,0.0,0.0,0.0,0.0,0.0,0.20459754419911605,0.0,0.0,0.0,0.0,0.0,0.0,0.0,0.0,0.0,0.0,0.0,0.0,0.0,0.0,0.0,0.0,0.0,0.0,0.0,0.1882954791890528,0.0,0.0,0.0,0.0,0.26416185607765846,0.0,0.30342211462652485,0.0,0.0,0.0,0.0,0.0,0.0,0.23996354787073962,0.0,0.0,0.0,0.0,0.0,0.0,0.0,0.0,0.0,0.2582456548649179,0.0,0.17298143535391788,0.0,0.0,0.0,0.0,0.0,0.0,0.0,0.0,0.0,0.0,0.0,0.0,0.0,0.0,0.0
67fae5a52c5920f4eabb29229eaf5ce35572f4be29f1477ec2355a13776058fb,0.0,0.0,0.0,0.0,0.0,0.0,0.0,0.0,0.0,0.0,0.0,0.0,0.0,0.0,0.0,0.0,0.0,0.0,0.0,0.0,0.0,0.0,0.0,0.0,0.0,0.0,0.4301466580090035,0.0,0.0,0.0,0.0,0.0,0.0,0.0,0.33500441321733676,0.0,0.0,0.0,0.0,0.0,0.0,0.0,0.0,0.0,0.3973922966399281,0.0,0.0,0.0,0.0,0.0,0.0,0.0,0.0,0.0,0.0,0.0,0.0,0.0,0.3956279094627992,0.0,0.0,0.0,0.0,0.0,0.0,0.0,0.0,0.0,0.0,0.0,0.0,0.0,0.0,0.0,0.0,0.0,0.0,0.3310334695392299,0.0,0.17799048235863377,0.0,0.0,0.0,0.0,0.0,0.0,0.0,0.0,0.0,0.0,0.0,0.0,0.0,0.0,0.0,0.0,0.0,0.0,0.0,0.2504831884033915,0.0,0.0,0.0,0.0,0.0,0.0,0.0,0.0,0.0,0.0,0.0,0.0,0.0,0.0,0.0,0.0,0.0,0.0,0.0,0.230525015213854,0.0,0.0,0.0,0.0,0.0,0.0,0.0,0.0,0.0,0.0,0.0,0.0,0.0,0.29378082130231364,0.0,0.0,0.0,0.0,0.0,0.0,0.0,0.0,0.0,0.0,0.0,0.21177644937847548,0.0,0.0,0.0,0.0,0.0,0.0,0.0,0.0,0.0,0.0,0.0,0.0,0.0,0.0,0.0
68f78c6fa80a3643dc8389008bb8e3632ef1ddd9927ec079a09a5a9a773d26aa,0.0,0.0,0.0,0.0,0.0,0.0,0.0,0.0,0.0,0.528137597522809,0.0,0.0,0.0,0.4298833288366631,0.0,0.0,0.0,0.0,0.0,0.0,0.0,0.0,0.0,0.0,0.0,0.0,0.0,0.0,0.5582299548388634,0.0,0.0,0.0,0.0,0.0,0.0,0.0,0.0,0.0,0.0,0.0,0.0,0.0,0.2333747914643713,0.0,0.0,0.0,0.0,0.0,0.0,0.0,0.0,0.0,0.0,0.0,0.0,0.0,0.0,0.0,0.0,0.0,0.0,0.0,0.0,0.0,0.0,0.0,0.0,0.0,0.0,0.0,0.0,0.0,0.0,0.0,0.0,0.12099671051258694,0.0,0.0,0.0,0.0,0.0,0.0,0.0,0.0,0.0,0.0,0.0,0.0,0.0,0.0,0.0,0.0,0.0,0.0,0.0,0.0,0.0,0.0,0.0,0.15578997401436948,0.0,0.0,0.0,0.0,0.0,0.0,0.0,0.0,0.0,0.0,0.0,0.0,0.0,0.0,0.0,0.0,0.0,0.0,0.0,0.0,0.0,0.0,0.0,0.0,0.0,0.0,0.2310395441845952,0.0,0.0,0.0,0.0,0.0,0.0,0.0,0.0,0.0,0.0,0.0,0.0,0.0,0.0,0.0,0.24606386611187947,0.0,0.0,0.1317160155770415,0.0,0.0,0.0,0.0,0.0,0.0,0.0,0.0,0.0,0.0,0.0,0.0,0.0,0.0,0.0
70dd30ba43b00bc3fa8f01629133d8f0a4338260b7299f899d8d0d97aa0fdad3,0.0,0.0,0.0,0.0,0.0,0.0,0.0,0.0,0.0,0.0,0.0,0.0,0.36120598705421114,0.0,0.0,0.0,0.0,0.0,0.0,0.0,0.0,0.0,0.0,0.0,0.0,0.0,0.0,0.0,0.0,0.0,0.0,0.0,0.0,0.0,0.0,0.0,0.0,0.0,0.0,0.0,0.0,0.0,0.0,0.0,0.0,0.0,0.0,0.0,0.0,0.0,0.0,0.0,0.0,0.0,0.0,0.0,0.0,0.0,0.0,0.0,0.0,0.0,0.0,0.0,0.0,0.0,0.0,0.0,0.0,0.0,0.0,0.0,0.0,0.0,0.0,0.3430039967107944,0.0,0.0,0.0,0.31382195177382394,0.0,0.0,0.0,0.0,0.0,0.0,0.0,0.0,0.0,0.0,0.0,0.0,0.0,0.0,0.0,0.0,0.0,0.0,0.0,0.0,0.0,0.0,0.0,0.0,0.0,0.0,0.0,0.0,0.0,0.0,0.0,0.0,0.0,0.0,0.0,0.0,0.4508152925376106,0.0,0.0,0.0,0.0,0.0,0.0,0.0,0.0,0.0,0.0,0.0,0.0,0.0,0.0,0.0,0.0,0.0,0.0,0.0,0.0,0.0,0.0,0.0,0.0,0.0,0.0,0.5574394857511221,0.0,0.37339130611362054,0.0,0.0,0.0,0.0,0.0,0.0,0.0,0.0,0.0,0.0,0.0,0.0,0.0,0.0,0.0
584453b0ac50b6c6ca75aa0698ff3593c393709ad8b18f2708c6440528e8b7a1,0.0,0.0,0.0,0.0,0.0,0.0,0.0,0.0,0.0,0.0,0.19775700259377219,0.0,0.1287544812235569,0.0,0.0,0.0,0.0,0.0,0.0,0.0,0.0,0.1882352280823026,0.0,0.0,0.0,0.0,0.0,0.0,0.0,0.0,0.0,0.0,0.0,0.0,0.0,0.0,0.0,0.0,0.0,0.0,0.0,0.3717518368169597,0.0,0.22292283342389171,0.0,0.0,0.0,0.0,0.0,0.0,0.0,0.0,0.0,0.0,0.0,0.35968416798642316,0.0,0.0,0.0,0.0,0.0,0.0,0.0,0.0,0.0,0.0,0.0,0.0,0.0,0.0,0.0,0.0,0.0,0.0,0.0,0.12226625038603457,0.26102876253917157,0.20804910799100612,0.0,0.11186409983602655,0.0,0.0,0.0,0.0,0.0,0.0,0.0,0.0,0.0,0.0,0.0,0.0,0.0,0.0,0.0,0.0,0.0,0.0,0.0,0.15742457699701864,0.0,0.0,0.0,0.0,0.0,0.0,0.2059634783902018,0.0,0.0,0.0,0.0,0.0,0.0,0.3739296113939132,0.0,0.0,0.16069636495148834,0.0,0.16344476981722775,0.14488119238097694,0.0,0.0,0.0,0.0,0.20325546239842096,0.0,0.0,0.0,0.0,0.0,0.0,0.0,0.0,0.0,0.0,0.0,0.0,0.0,0.0,0.0,0.0,0.0,0.0,0.0,0.0,0.13309802615433985,0.2753821695915746,0.0,0.0,0.0,0.0,0.0,0.0,0.0,0.1931685414362855,0.0,0.0,0.0,0.0,0.0,0.0
5c21d49a85c6d2d09a61fc58df9c41bbad07c7c58df7ac801aec3ee9b3491f2d,0.0,0.0,0.0,0.0,0.0,0.0,0.0,0.0,0.0,0.0,0.0,0.0,0.16668035774864218,0.0,0.0,0.0,0.0,0.0,0.0,0.0,0.0,0.0,0.0,0.0,0.0,0.0,0.0,0.0,0.0,0.0,0.0,0.0,0.0,0.0,0.0,0.0,0.0,0.0,0.0,0.0,0.0,0.48125493237612316,0.30528751486018607,0.2885869079843493,0.0,0.0,0.0,0.0,0.0,0.0,0.0,0.0,0.0,0.0,0.0,0.0,0.0,0.0,0.0,0.0,0.0,0.0,0.0,0.0,0.0,0.0,0.0,0.0,0.0,0.0,0.0,0.0,0.0,0.0,0.0,0.1582809558258753,0.0,0.0,0.0,0.1448147513213493,0.0,0.0,0.0,0.0,0.0,0.0,0.0,0.0,0.0,0.0,0.0,0.0,0.0,0.0,0.0,0.0,0.0,0.0,0.0,0.20379550725486473,0.0,0.0,0.0,0.0,0.0,0.0,0.0,0.0,0.0,0.0,0.0,0.0,0.0,0.0,0.0,0.0,0.20803103196473346,0.0,0.2115890060399359,0.18755734750063843,0.0,0.0,0.0,0.0,0.0,0.0,0.3022326783281278,0.0,0.0,0.0,0.0,0.0,0.0,0.0,0.0,0.0,0.0,0.0,0.0,0.0,0.0,0.0,0.32188663441678383,0.25723331350615525,0.0,0.17230333580797005,0.0,0.0,0.0,0.0,0.0,0.0,0.0,0.0,0.25006820179314,0.0,0.0,0.0,0.0,0.0,0.0
04dd197044b9d4c84a86fb2e50fc3c0c3ac5b021aa1314b821d693fa60124465,0.0,0.0,0.0,0.0,0.0,0.0,0.0,0.0,0.0,0.0,0.2459027323273908,0.0,0.16010092344141066,0.0,0.0,0.0,0.0,0.0,0.0,0.0,0.0,0.2340627957473174,0.0,0.0,0.0,0.0,0.0,0.0,0.0,0.0,0.0,0.0,0.0,0.0,0.0,0.0,0.0,0.0,0.0,0.0,0.0,0.0,0.0,0.2771954121377095,0.0,0.0,0.0,0.3344279807090267,0.0,0.0,0.0,0.0,0.0,0.0,0.0,0.0,0.0,0.0,0.0,0.0,0.0,0.0,0.0,0.0,0.0,0.0,0.0,0.0,0.0,0.0,0.0,0.0,0.0,0.0,0.4795809354164655,0.1520330741617826,0.3245785741214575,0.25870054381010293,0.0,0.13909842603919623,0.0,0.0,0.0,0.0,0.0,0.0,0.0,0.0,0.0,0.0,0.0,0.0,0.0,0.0,0.0,0.0,0.0,0.0,0.0,0.0,0.0,0.0,0.0,0.0,0.36477240489431123,0.0,0.0,0.0,0.0,0.0,0.0,0.0,0.0,0.0,0.0,0.0,0.1998193474737414,0.0,0.0,0.0,0.0,0.0,0.0,0.0,0.0,0.0,0.0,0.0,0.0,0.0,0.0,0.0,0.0,0.22958783695701349,0.0,0.0,0.0,0.0,0.0,0.0,0.0,0.0,0.0,0.0,0.0,0.0,0.0,0.0,0.0,0.0,0.0,0.0,0.0,0.0,0.0,0.0,0.0,0.0,0.0,0.0,0.0
82caa68b1cd7e2b1e9d597bda4ec3c122536630a5108da8c1c82f96b3a8c5972,0.0,0.0,0.0,0.0,0.0,0.0,0.0,0.0,0.0,0.0,0.19511588029533836,0.0,0.12703491464981917,0.0,0.0,0.0,0.0,0.0,0.0,0.0,0.0,0.18572127281539264,0.0,0.0,0.0,0.0,0.0,0.0,0.0,0.0,0.0,0.0,0.0,0.0,0.0,0.0,0.0,0.0,0.0,0.0,0.0,0.0,0.0,0.2199456115886917,0.0,0.0,0.0,0.0,0.3127400576294226,0.0,0.0,0.0,0.0,0.0,0.0,0.0,0.0,0.0,0.0,0.0,0.0,0.0,0.0,0.0,0.0,0.0,0.0,0.0,0.0,0.0,0.0,0.0,0.44233736156978065,0.0,0.0,0.12063333667878254,0.2575426210815618,0.20527053059006803,0.0,0.11037011092743626,0.0,0.0,0.0,0.0,0.0,0.0,0.0,0.0,0.2646797332675636,0.0,0.0,0.0,0.0,0.0,0.0,0.0,0.0,0.0,0.0,0.1553221100543819,0.0,0.0,0.0,0.0,0.0,0.0,0.0,0.0,0.0,0.0,0.0,0.0,0.0,0.0,0.0,0.0,0.1585502019980456,0.0,0.1612619008393165,0.0,0.0,0.0,0.0,0.0,0.20054090601367605,0.0,0.0,0.0,0.0,0.0,0.0,0.0,0.0,0.1821705374681618,0.0,0.0,0.0,0.3998118060801235,0.0,0.0,0.0,0.0,0.0,0.1960495673738786,0.0,0.13132044983520513,0.0,0.0,0.0,0.0,0.0,0.0,0.0,0.0,0.0,0.0,0.0,0.0,0.0,0.0,0.0
83d7f6eaf7fe075503ea6a0bc726633c34595a6eae7edd7deab95ab4d4a66fd5,0.0,0.0,0.0,0.0,0.0,0.40621880591197634,0.0,0.0,0.0,0.0,0.0,0.3945319943180917,0.0,0.0,0.0,0.0,0.0,0.0,0.0,0.47769833013033247,0.41481738050433015,0.0,0.0,0.0,0.0,0.0,0.0,0.0,0.0,0.0,0.0,0.0,0.0,0.0,0.0,0.0,0.0,0.0,0.0,0.0,0.0,0.0,0.0,0.0,0.0,0.0,0.0,0.0,0.0,0.0,0.0,0.0,0.0,0.0,0.0,0.0,0.0,0.0,0.0,0.0,0.0,0.0,0.0,0.0,0.0,0.0,0.0,0.0,0.0,0.0,0.0,0.0,0.0,0.0,0.0,0.1395156030328918,0.0,0.0,0.0,0.0,0.0,0.0,0.0,0.0,0.0,0.0,0.0,0.0,0.0,0.0,0.0,0.0,0.0,0.0,0.0,0.0,0.0,0.0,0.0,0.17963407500100803,0.0,0.0,0.19679873933582814,0.0,0.0,0.0,0.0,0.0,0.0,0.0,0.0,0.0,0.0,0.0,0.0,0.0,0.18336744760401483,0.0,0.0,0.0,0.0,0.0,0.0,0.0,0.0,0.0,0.0,0.0,0.0,0.0,0.0,0.0,0.0,0.0,0.0,0.0,0.0,0.0,0.0,0.0,0.0,0.0,0.28372464441198497,0.22673644259161896,0.0,0.15187552838809665,0.0,0.0,0.0,0.0,0.0,0.0,0.0,0.0,0.0,0.0,0.0,0.0,0.0,0.0,0.0
85a46e5b3e5f93a456439d5b37fd3fd3e1717db2a7b5162c008a94e4ca796245,0.0,0.0,0.0,0.0,0.0,0.6460798885603847,0.0,0.0,0.0,0.0,0.0,0.0,0.0,0.0,0.0,0.0,0.0,0.0,0.0,0.0,0.0,0.0,0.0,0.0,0.0,0.0,0.0,0.0,0.0,0.0,0.0,0.0,0.0,0.0,0.0,0.0,0.0,0.0,0.0,0.0,0.0,0.0,0.0,0.0,0.0,0.0,0.0,0.0,0.0,0.0,0.0,0.0,0.0,0.0,0.0,0.0,0.0,0.0,0.0,0.0,0.0,0.0,0.0,0.0,0.0,0.0,0.0,0.0,0.0,0.0,0.0,0.0,0.0,0.0,0.0,0.22189574669632026,0.0,0.0,0.0,0.20301733211949427,0.0,0.0,0.0,0.0,0.0,0.0,0.0,0.0,0.48685801674520707,0.0,0.0,0.0,0.0,0.0,0.0,0.0,0.0,0.0,0.0,0.0,0.0,0.0,0.3130030065778582,0.0,0.0,0.0,0.0,0.0,0.0,0.0,0.0,0.0,0.0,0.0,0.0,0.0,0.0,0.0,0.29662886632813995,0.26293862995002054,0.0,0.0,0.0,0.0,0.0,0.0,0.0,0.0,0.0,0.0,0.0,0.0,0.0,0.0,0.0,0.0,0.0,0.0,0.0,0.0,0.0,0.0,0.0,0.0,0.0,0.0,0.0,0.0,0.0,0.0,0.0,0.0,0.0,0.0,0.0,0.0,0.0,0.0,0.0,0.0,0.0
87d71d7df9f3e28a71abb9bb8f6b037a100df45cddb9bdd562137902872ca3b6,0.0,0.0,0.0,0.0,0.0,0.0,0.0,0.0,0.0,0.0,0.0,0.0,0.1953171889805508,0.0,0.0,0.0,0.0,0.3822986515808795,0.0,0.0,0.0,0.0,0.0,0.0,0.0,0.0,0.0,0.0,0.0,0.0,0.0,0.0,0.0,0.0,0.0,0.0,0.0,0.0,0.0,0.0,0.0,0.0,0.0,0.0,0.0,0.0,0.0,0.0,0.0,0.0,0.0,0.0,0.5607119503803807,0.0,0.0,0.0,0.0,0.0,0.0,0.0,0.0,0.0,0.0,0.0,0.0,0.0,0.0,0.0,0.0,0.0,0.0,0.0,0.0,0.0,0.0,0.0,0.0,0.0,0.0,0.0,0.0,0.0,0.0,0.0,0.0,0.0,0.0,0.0,0.0,0.0,0.0,0.0,0.0,0.0,0.0,0.0,0.0,0.0,0.0,0.0,0.0,0.0,0.0,0.0,0.0,0.0,0.0,0.0,0.6406577462840329,0.0,0.0,0.0,0.0,0.0,0.0,0.0,0.0,0.0,0.0,0.0,0.0,0.0,0.0,0.0,0.0,0.0,0.0,0.0,0.0,0.0,0.0,0.0,0.0,0.0,0.0,0.0,0.0,0.0,0.0,0.0,0.0,0.0,0.0,0.30142776500360785,0.0,0.0,0.0,0.0,0.0,0.0,0.0,0.0,0.0,0.0,0.0,0.0,0.0,0.0,0.0,0.0,0.0
89e22471cada6ad8f4da2a73ed2bc168314d57606ba7f659384f1781c167cba7,0.0,0.0,0.0,0.0,0.0,0.0,0.0,0.0,0.0,0.0,0.0,0.0,0.20424033002333164,0.0,0.0,0.9267878531400492,0.0,0.0,0.0,0.0,0.0,0.0,0.0,0.0,0.0,0.0,0.0,0.0,0.0,0.0,0.0,0.0,0.0,0.0,0.0,0.0,0.0,0.0,0.0,0.0,0.0,0.0,0.0,0.0,0.0,0.0,0.0,0.0,0.0,0.0,0.0,0.0,0.0,0.0,0.0,0.0,0.0,0.0,0.0,0.0,0.0,0.0,0.0,0.0,0.0,0.0,0.0,0.0,0.0,0.0,0.0,0.0,0.0,0.0,0.0,0.0,0.0,0.0,0.0,0.0,0.0,0.0,0.0,0.0,0.0,0.0,0.0,0.0,0.0,0.0,0.0,0.0,0.0,0.0,0.0,0.0,0.0,0.0,0.0,0.0,0.0,0.0,0.0,0.0,0.0,0.0,0.0,0.0,0.0,0.0,0.0,0.0,0.0,0.0,0.0,0.0,0.0,0.0,0.0,0.0,0.0,0.0,0.0,0.0,0.0,0.0,0.0,0.0,0.0,0.0,0.0,0.0,0.0,0.0,0.0,0.0,0.0,0.0,0.0,0.0,0.0,0.0,0.0,0.31519860860102017,0.0,0.0,0.0,0.0,0.0,0.0,0.0,0.0,0.0,0.0,0.0,0.0,0.0,0.0,0.0,0.0,0.0
90ccd84f28e4dd03fb70b8739c4636acbcf8a030404b5a24264afd1acd09ecbc,0.0,0.0,0.0,0.0,0.0,0.0,0.30344496390950365,0.0,0.0,0.0,0.0,0.0,0.0,0.0,0.0,0.0,0.29432384397481753,0.2232237325632306,0.0,0.0,0.0,0.0,0.0,0.0,0.0,0.30073117981391223,0.0,0.0,0.0,0.0,0.0,0.0,0.0,0.0,0.0,0.0,0.0,0.0,0.0,0.0,0.0,0.0,0.0,0.0,0.0,0.0,0.0,0.23822472512370838,0.0,0.27770252790219335,0.0,0.0,0.0,0.0,0.0,0.0,0.0,0.0,0.0,0.0,0.16549000617917026,0.30207657222591905,0.0,0.0,0.0,0.0,0.0,0.0,0.0,0.0,0.0,0.0,0.0,0.0,0.0,0.0,0.0,0.0,0.0,0.0,0.0,0.0,0.0,0.0,0.0,0.0,0.0,0.0,0.23761598481994947,0.0,0.0,0.0,0.0,0.0,0.0,0.0,0.0,0.0,0.0,0.13944028010476867,0.0,0.0,0.0,0.0,0.0,0.0,0.0,0.0,0.0,0.0,0.0,0.0,0.0,0.0,0.22900026163779486,0.2606446367316684,0.1423382966503256,0.1318107989360211,0.1447727217676138,0.12832986076817532,0.15318559802541126,0.0,0.0,0.0,0.0,0.0,0.0,0.0,0.0,0.0,0.0,0.0,0.29189793213873017,0.0,0.0,0.0,0.0,0.0,0.0,0.0,0.0,0.0,0.22024019601632408,0.0,0.0,0.0,0.0,0.0,0.0,0.0,0.0,0.0,0.0,0.0,0.0,0.0,0.0,0.0,0.0,0.0,0.0
91b8833d045e42de89fceb8698a75cd45b3a1b45fc67d1115cf9a181d7ca100b,0.0,0.0,0.0,0.0,0.0,0.0,0.0,0.0,0.0,0.0,0.0,0.0,0.0,0.0,0.0,0.0,0.0,0.0,0.0,0.500645915979166,0.4347443026857709,0.0,0.0,0.0,0.0,0.0,0.0,0.0,0.0,0.0,0.0,0.0,0.0,0.0,0.0,0.0,0.0,0.0,0.0,0.0,0.0,0.0,0.0,0.0,0.0,0.0,0.0,0.3216357127915406,0.0,0.0,0.0,0.0,0.0,0.0,0.0,0.0,0.0,0.0,0.0,0.0,0.0,0.0,0.0,0.0,0.0,0.0,0.0,0.0,0.0,0.0,0.0,0.0,0.0,0.0,0.0,0.14621762829845125,0.0,0.0,0.0,0.13377774584664318,0.0,0.0,0.0,0.0,0.0,0.0,0.0,0.0,0.0,0.0,0.0,0.0,0.0,0.0,0.0,0.0,0.0,0.0,0.0,0.1882633041556018,0.0,0.0,0.20625252152639806,0.0,0.0,0.0,0.0,0.0,0.0,0.0,0.0,0.0,0.0,0.0,0.0,0.0,0.0,0.0,0.0,0.0,0.2068213489792717,0.0,0.0,0.0,0.0,0.0,0.0,0.0,0.42791611864793505,0.0,0.0,0.0,0.0,0.0,0.0,0.0,0.0,0.0,0.0,0.0,0.0,0.0,0.297354157484173,0.0,0.0,0.15917129750889705,0.0,0.0,0.0,0.0,0.0,0.0,0.0,0.0,0.0,0.0,0.0,0.0,0.0,0.0,0.0
91c8694b12c7489be239393cc92091108b67422523422933d5121e428c5bb202,0.0,0.0,0.0,0.0,0.0,0.0,0.0,0.0,0.0,0.0,0.333832996038171,0.0,0.21735004908268188,0.0,0.0,0.0,0.0,0.0,0.0,0.0,0.0,0.31775931737662017,0.0,0.0,0.0,0.0,0.0,0.0,0.0,0.0,0.0,0.0,0.0,0.0,0.0,0.0,0.0,0.0,0.0,0.0,0.0,0.0,0.0,0.37631535870355837,0.0,0.0,0.0,0.0,0.0,0.0,0.0,0.0,0.0,0.0,0.0,0.0,0.0,0.0,0.0,0.0,0.0,0.0,0.0,0.0,0.0,0.0,0.0,0.0,0.0,0.0,0.0,0.0,0.0,0.0,0.0,0.20639728629264992,0.44064186202088085,0.35120706793061907,0.0,0.18883744751170628,0.0,0.0,0.0,0.0,0.0,0.0,0.0,0.0,0.0,0.0,0.0,0.0,0.0,0.0,0.0,0.0,0.0,0.0,0.0,0.0,0.0,0.0,0.0,0.0,0.0,0.0,0.0,0.0,0.0,0.0,0.0,0.0,0.0,0.0,0.0,0.0,0.0,0.0,0.0,0.0,0.2919440403558983,0.0,0.0,0.0,0.3431149293508029,0.0,0.0,0.0,0.0,0.0,0.0,0.0,0.0,0.0,0.0,0.0,0.0,0.0,0.0,0.0,0.0,0.0,0.0,0.0,0.0,0.0,0.0,0.0,0.0,0.0,0.0,0.0,0.0,0.0,0.0,0.0,0.0,0.0,0.0,0.0,0.0
bd8f9f6dabfb081a5f0dc233d8d017923de3e0d10df2b40da280078d7c4c47ff,0.0,0.0,0.0,0.0,0.0,0.0,0.0,0.0,0.0,0.0,0.2344178010605271,0.0,0.15262338106486673,0.0,0.0,0.0,0.0,0.0,0.0,0.0,0.0,0.2231308508443674,0.0,0.0,0.0,0.0,0.32045660118285035,0.0,0.0,0.0,0.0,0.0,0.0,0.0,0.24957621695304638,0.0,0.0,0.0,0.0,0.0,0.0,0.0,0.27954111296735507,0.0,0.2960548044402402,0.0,0.0,0.0,0.0,0.0,0.0,0.0,0.0,0.0,0.0,0.0,0.0,0.0,0.29474034690017603,0.0,0.0,0.0,0.0,0.0,0.29474034690017603,0.0,0.0,0.0,0.0,0.0,0.0,0.0,0.0,0.0,0.0,0.14493234213448106,0.0,0.2466178884600048,0.0,0.13260180907496436,0.0,0.0,0.0,0.0,0.0,0.0,0.0,0.0,0.0,0.0,0.0,0.0,0.0,0.0,0.0,0.0,0.0,0.0,0.0,0.0,0.0,0.0,0.0,0.0,0.0,0.0,0.0,0.0,0.0,0.0,0.0,0.0,0.0,0.0,0.0,0.0,0.0,0.1763981385156081,0.0,0.17173971129983825,0.0,0.0,0.0,0.0,0.24093558217431738,0.0,0.2767439058673661,0.0,0.0,0.0,0.0,0.0,0.0,0.218864895807874,0.0,0.0,0.0,0.0,0.0,0.0,0.0,0.0,0.0,0.0,0.0,0.15777214565032777,0.0,0.0,0.0,0.0,0.0,0.0,0.0,0.0,0.0,0.0,0.0,0.0,0.0,0.0,0.0
91c19873a6cb357be6a268bcba88946c84ddaaf58764a4b82ee08f9e1ac1e28c,0.0,0.0,0.0,0.0,0.0,0.0,0.0,0.0,0.0,0.0,0.24015369027985953,0.0,0.15635787051962446,0.0,0.0,0.0,0.0,0.0,0.0,0.0,0.0,0.22859056352859408,0.0,0.0,0.0,0.0,0.328297744456411,0.0,0.0,0.0,0.0,0.0,0.0,0.0,0.0,0.0,0.0,0.0,0.0,0.0,0.0,0.0,0.0,0.0,0.3032988684722285,0.0,0.0,0.0,0.0,0.0,0.0,0.0,0.0,0.0,0.0,0.0,0.0,0.0,0.3019522479189494,0.0,0.0,0.0,0.0,0.0,0.0,0.0,0.0,0.0,0.0,0.0,0.0,0.0,0.0,0.0,0.0,0.14847864218089743,0.0,0.2526522974567304,0.0,0.1358463975136243,0.0,0.0,0.0,0.0,0.0,0.0,0.0,0.0,0.0,0.0,0.0,0.0,0.0,0.0,0.0,0.0,0.0,0.0,0.0,0.19117448490175748,0.0,0.0,0.0,0.0,0.35624426909985224,0.0,0.0,0.0,0.0,0.0,0.0,0.0,0.0,0.0,0.0,0.0,0.0,0.0,0.0,0.17594195171895072,0.0,0.0,0.0,0.0,0.24683095275664965,0.0,0.28351545810870254,0.0,0.0,0.0,0.0,0.0,0.0,0.22422022629333727,0.0,0.0,0.0,0.0,0.0,0.0,0.0,0.0,0.0,0.24130289657274892,0.0,0.16163261846959545,0.0,0.0,0.0,0.0,0.0,0.0,0.0,0.0,0.0,0.0,0.0,0.0,0.0,0.0,0.0
92c0894905793df478af3728c3be8db026e668fdb5e0adf82fc5ef83939031f1,0.0,0.0,0.0,0.0,0.0,0.0,0.316453004953481,0.0,0.0,0.0,0.0,0.0,0.11893436402882153,0.0,0.0,0.0,0.3069408819817077,0.232792859820318,0.0,0.0,0.0,0.0,0.0,0.0,0.0,0.31362288669816213,0.0,0.0,0.0,0.0,0.0,0.0,0.0,0.0,0.0,0.0,0.0,0.0,0.0,0.0,0.0,0.0,0.0,0.0,0.0,0.0,0.0,0.0,0.0,0.28960704539501064,0.0,0.0,0.0,0.0,0.0,0.0,0.0,0.0,0.0,0.0,0.17258421122054546,0.3150259532250732,0.0,0.0,0.0,0.0,0.0,0.0,0.0,0.0,0.0,0.0,0.0,0.0,0.0,0.11294099120793272,0.0,0.0,0.0,0.0,0.0,0.0,0.0,0.0,0.0,0.0,0.0,0.0,0.24780207736015986,0.0,0.0,0.0,0.0,0.0,0.0,0.0,0.0,0.0,0.0,0.14541778872253394,0.0,0.0,0.0,0.0,0.0,0.0,0.0,0.0,0.0,0.0,0.0,0.0,0.0,0.0,0.23881701642616687,0.27181791866331134,0.14844003708161332,0.13746124790214911,0.150978820832626,0.13383108930903906,0.15975233922548943,0.0,0.0,0.0,0.0,0.0,0.0,0.0,0.0,0.0,0.0,0.0,0.30441097645817755,0.0,0.0,0.0,0.0,0.0,0.0,0.0,0.0,0.0,0.0,0.0,0.0,0.0,0.0,0.0,0.0,0.0,0.0,0.0,0.0,0.0,0.0,0.0,0.0,0.0,0.0,0.0,0.0
93fc5c91921dfc15f8173b8488a35a74998e3096bd24eaa42cd8087713cd43e1,0.0,0.0,0.0,0.0,0.0,0.0,0.0,0.0,0.0,0.0,0.26442547825955887,0.0,0.17216060533409705,0.0,0.0,0.0,0.0,0.0,0.0,0.0,0.0,0.25169369255259694,0.0,0.0,0.0,0.0,0.36147805177700093,0.0,0.0,0.0,0.0,0.0,0.0,0.0,0.0,0.0,0.0,0.0,0.0,0.0,0.0,0.0,0.0,0.0,0.3339525961807717,0.0,0.0,0.0,0.0,0.0,0.0,0.0,0.0,0.0,0.0,0.0,0.0,0.0,0.33246987574695275,0.0,0.0,0.0,0.0,0.0,0.0,0.0,0.0,0.0,0.0,0.0,0.0,0.0,0.0,0.0,0.0,0.16348504128444105,0.0,0.2781872912738459,0.0,0.14957608434214753,0.0,0.0,0.0,0.0,0.0,0.0,0.0,0.0,0.0,0.0,0.0,0.0,0.0,0.0,0.0,0.0,0.0,0.0,0.0,0.0,0.0,0.0,0.0,0.0,0.39224906818704625,0.0,0.0,0.0,0.0,0.0,0.0,0.0,0.0,0.0,0.0,0.0,0.0,0.0,0.0,0.1937240051359954,0.0,0.0,0.0,0.0,0.27177759648781624,0.0,0.0,0.0,0.0,0.0,0.0,0.0,0.0,0.24688165525997136,0.0,0.0,0.0,0.0,0.0,0.0,0.0,0.0,0.0,0.0,0.0,0.17796846007805006,0.0,0.0,0.0,0.0,0.0,0.0,0.0,0.0,0.0,0.0,0.0,0.0,0.0,0.0,0.0
97fc228c23bde829b5889b11c06d4bb0d9859e35d99e6b2e7e34cfb84c1eba15,0.0,0.0,0.0,0.0,0.0,0.0,0.0,0.0,0.0,0.0,0.24567737811782772,0.0,0.15995420113088174,0.0,0.0,0.0,0.0,0.3130818937452661,0.0,0.0,0.0,0.23384829208635957,0.0,0.0,0.0,0.0,0.0,0.5294422751883046,0.0,0.0,0.0,0.0,0.0,0.0,0.0,0.0,0.0,0.0,0.0,0.0,0.0,0.0,0.0,0.0,0.0,0.0,0.0,0.3341214987414001,0.0,0.0,0.0,0.0,0.0,0.0,0.0,0.0,0.0,0.0,0.0,0.0,0.0,0.0,0.0,0.0,0.3088973419440856,0.0,0.0,0.0,0.0,0.0,0.0,0.0,0.0,0.0,0.0,0.15189374552183257,0.0,0.0,0.0,0.13897095118133335,0.0,0.0,0.0,0.0,0.0,0.0,0.0,0.0,0.0,0.0,0.0,0.0,0.0,0.0,0.0,0.0,0.0,0.0,0.0,0.19557161981961402,0.0,0.0,0.0,0.0,0.0,0.0,0.0,0.0,0.0,0.0,0.0,0.0,0.0,0.0,0.0,0.0,0.0,0.18487090988533889,0.0,0.0,0.0,0.0,0.0,0.0,0.2525082218845451,0.0,0.0,0.0,0.0,0.0,0.0,0.0,0.0,0.0,0.0,0.0,0.0,0.0,0.0,0.0,0.0,0.0,0.3088973419440856,0.0,0.0,0.0,0.0,0.0,0.0,0.0,0.0,0.0,0.0,0.0,0.0,0.0,0.0,0.0,0.0,0.0,0.0
151eacb26f65117d4a4abb8473c8650edd42b079a662f7dc4c4ebdd966045d1c,0.0,0.0,0.0,0.0,0.0,0.0,0.0,0.0,0.0,0.0,0.24304413189984897,0.0,0.15823976246988422,0.0,0.0,0.0,0.0,0.0,0.0,0.0,0.0,0.23134183367559832,0.0,0.0,0.0,0.0,0.0,0.0,0.0,0.0,0.0,0.0,0.0,0.0,0.0,0.0,0.0,0.0,0.0,0.0,0.0,0.0,0.0,0.273973036704343,0.0,0.0,0.0,0.0,0.38956150417792385,0.0,0.0,0.0,0.0,0.0,0.0,0.0,0.0,0.0,0.0,0.0,0.0,0.0,0.0,0.0,0.0,0.0,0.0,0.0,0.0,0.0,0.0,0.0,0.0,0.0,0.0,0.1502657013201472,0.3208053730595059,0.2556931698043669,0.0,0.1374814174912121,0.0,0.0,0.0,0.0,0.0,0.0,0.0,0.0,0.329695644998894,0.0,0.0,0.0,0.0,0.0,0.0,0.0,0.0,0.0,0.0,0.1934754226354069,0.0,0.0,0.0,0.0,0.0,0.0,0.0,0.0,0.0,0.0,0.0,0.0,0.0,0.0,0.0,0.0,0.19749646286520814,0.0,0.20087426322596255,0.0,0.0,0.0,0.0,0.0,0.2498017605677562,0.0,0.0,0.0,0.0,0.0,0.0,0.0,0.0,0.22691889593845685,0.0,0.0,0.0,0.0,0.0,0.0,0.0,0.0,0.0,0.24420716980904641,0.0,0.16357799622759683,0.0,0.0,0.0,0.0,0.0,0.0,0.0,0.0,0.0,0.0,0.0,0.0,0.0,0.0,0.0
160ffdb97712c84d3e7dca1e26924d48cd92afb6c21665df8912cae81cc91d9b,0.0,0.0,0.0,0.0,0.0,0.0,0.0,0.0,0.0,0.0,0.24234579506477952,0.0,0.15778509337731425,0.0,0.0,0.0,0.0,0.0,0.0,0.0,0.0,0.2306771209640207,0.0,0.0,0.0,0.0,0.33129442152459465,0.0,0.0,0.0,0.0,0.0,0.0,0.0,0.0,0.0,0.0,0.0,0.0,0.0,0.0,0.0,0.0,0.0,0.3060673576845491,0.0,0.0,0.0,0.0,0.0,0.0,0.0,0.0,0.0,0.0,0.0,0.0,0.0,0.3047084452803521,0.0,0.0,0.0,0.0,0.0,0.0,0.0,0.0,0.0,0.0,0.0,0.0,0.0,0.0,0.0,0.0,0.14983394403615466,0.0,0.25495848858596315,0.0,0.13708639319162835,0.0,0.0,0.0,0.0,0.0,0.0,0.0,0.0,0.0,0.0,0.0,0.0,0.0,0.0,0.0,0.0,0.0,0.0,0.0,0.0,0.0,0.0,0.0,0.0,0.3594960399387016,0.0,0.0,0.0,0.0,0.0,0.0,0.0,0.0,0.0,0.0,0.0,0.0,0.1823639114995119,0.0,0.17754793659381074,0.2119365413668828,0.0,0.0,0.0,0.24908400709020442,0.0,0.28610336584226526,0.0,0.0,0.0,0.0,0.0,0.0,0.226266891619865,0.0,0.0,0.0,0.0,0.0,0.0,0.0,0.0,0.0,0.0,0.0,0.16310798882902422,0.0,0.0,0.0,0.0,0.0,0.0,0.0,0.0,0.0,0.0,0.0,0.0,0.0,0.0,0.0
177b40f96a09a3919b2c8846ca73abb09855d078ff9dee89610bc2b75d44cb31,0.0,0.0,0.0,0.0,0.0,0.0,0.0,0.0,0.0,0.0,0.14903918620166087,0.0,0.09703556814518721,0.0,0.0,0.0,0.0,0.0,0.0,0.0,0.0,0.14186311908003152,0.0,0.0,0.0,0.0,0.0,0.0,0.0,0.0,0.0,0.0,0.0,0.0,0.0,0.0,0.4127053055457795,0.0,0.0,0.0,0.0,0.0,0.0,0.1680053664016828,0.0,0.0,0.0,0.0,0.0,0.0,0.0,0.0,0.0,0.0,0.0,0.0,0.0,0.0,0.1873913211542122,0.0,0.0,0.0,0.0,0.0,0.0,0.0,0.0,0.0,0.0,0.0,0.0,0.0,0.0,0.0,0.0,0.09214572540268147,0.0,0.0,0.0,0.0843061645659661,0.0,0.0,0.0,0.0,0.0,0.0,0.0,0.0,0.0,0.0,0.0,0.0,0.0,0.393111382255693,0.0,0.0,0.0,0.0,0.0,0.0,0.0,0.0,0.0,0.0,0.0,0.0,0.0,0.0,0.0,0.0,0.0,0.393111382255693,0.0,0.0,0.0,0.0,0.0,0.0,0.12317983769463013,0.10918943311829446,0.13033793156292076,0.0,0.0,0.0,0.15318308990114587,0.0,0.0,0.0,0.0,0.0,0.0,0.0,0.0,0.0,0.0,0.0,0.0,0.30539608627346315,0.0,0.0,0.0,0.0,0.1873913211542122,0.0,0.0,0.10030907246222033,0.20754124461870543,0.0,0.0,0.0,0.0,0.0,0.0,0.0,0.14558110123950904,0.34590137514999214,0.0,0.0,0.0,0.0,0.0
0195f03c60d26ccf7bf74d6c29926169ba3233f305b8c61d07e085b9aeb6c452,0.0,0.0,0.0,0.0,0.0,0.0,0.0,0.0,0.0,0.0,0.0,0.0,0.0,0.0,0.0,0.0,0.0,0.0,0.0,0.0,0.0,0.0,0.0,0.0,0.0,0.0,0.44431086668828307,0.0,0.0,0.0,0.0,0.0,0.0,0.0,0.3460357029622187,0.0,0.0,0.0,0.0,0.0,0.0,0.0,0.0,0.0,0.41047794385429814,0.0,0.0,0.0,0.0,0.0,0.0,0.0,0.0,0.0,0.0,0.0,0.0,0.0,0.40865545754353055,0.0,0.0,0.0,0.0,0.0,0.0,0.0,0.0,0.0,0.0,0.0,0.0,0.0,0.0,0.0,0.0,0.0,0.0,0.3419340009163247,0.0,0.18385149345359977,0.0,0.0,0.0,0.0,0.0,0.0,0.0,0.0,0.0,0.0,0.0,0.0,0.0,0.0,0.0,0.0,0.0,0.0,0.0,0.0,0.0,0.0,0.0,0.0,0.0,0.0,0.0,0.0,0.0,0.0,0.0,0.0,0.0,0.0,0.0,0.0,0.0,0.0,0.0,0.23811592487335617,0.0,0.0,0.0,0.0,0.0,0.0,0.0,0.0,0.0,0.0,0.0,0.0,0.0,0.3034546680739164,0.0,0.0,0.0,0.0,0.0,0.0,0.0,0.0,0.0,0.0,0.0,0.2187499914634888,0.0,0.0,0.0,0.0,0.0,0.0,0.0,0.0,0.0,0.0,0.0,0.0,0.0,0.0,0.0
213f5c025503e250e892d59d04536da9395d36ba21cf20a0238fe5037064f4de,0.0,0.0,0.0,0.0,0.0,0.0,0.0,0.0,0.0,0.0,0.0,0.0,0.0,0.0,0.0,0.0,0.0,0.0,0.0,0.0,0.0,0.0,0.0,0.0,0.0,0.0,0.44724777911976277,0.0,0.0,0.0,0.0,0.0,0.0,0.0,0.0,0.0,0.0,0.0,0.0,0.0,0.0,0.0,0.0,0.0,0.4131912193254554,0.0,0.0,0.0,0.0,0.0,0.0,0.0,0.0,0.0,0.0,0.0,0.0,0.0,0.4113566863079705,0.0,0.0,0.0,0.0,0.0,0.0,0.0,0.0,0.0,0.0,0.0,0.0,0.0,0.0,0.0,0.0,0.0,0.0,0.3441941982090938,0.0,0.18506675910914094,0.0,0.0,0.0,0.0,0.0,0.0,0.0,0.0,0.0,0.0,0.0,0.0,0.0,0.0,0.0,0.0,0.0,0.0,0.0,0.0,0.0,0.0,0.0,0.0,0.0,0.0,0.0,0.0,0.0,0.0,0.0,0.0,0.0,0.0,0.0,0.0,0.0,0.0,0.0,0.23968988057042553,0.0,0.0,0.0,0.0,0.0,0.0,0.0,0.0,0.0,0.0,0.0,0.0,0.0,0.30546051545212627,0.0,0.0,0.0,0.0,0.0,0.0,0.0,0.0,0.0,0.3287326410543064,0.0,0.22019593757348105,0.0,0.0,0.0,0.0,0.0,0.0,0.0,0.0,0.0,0.0,0.0,0.0,0.0,0.0,0.0
240e33c28d618ba23fc7489c03dcc40e3e3d2c84ef959db800321d1946d3dbcf,0.0,0.0,0.0,0.0,0.0,0.0,0.0,0.0,0.0,0.0,0.0,0.0,0.12981944754956176,0.0,0.0,0.0,0.0,0.25409847441596234,0.0,0.0,0.0,0.0,0.0,0.0,0.0,0.3423262084302889,0.0,0.0,0.0,0.0,0.0,0.0,0.0,0.0,0.0,0.0,0.0,0.0,0.0,0.0,0.0,0.0,0.0,0.0,0.0,0.0,0.0,0.0,0.0,0.31611239482081305,0.0,0.0,0.0,0.0,0.0,0.0,0.0,0.0,0.0,0.0,0.18837942372146294,0.3438576860893004,0.0,0.0,0.0,0.0,0.0,0.0,0.0,0.0,0.0,0.0,0.0,0.0,0.0,0.12327755063928109,0.0,0.0,0.0,0.0,0.0,0.0,0.0,0.0,0.0,0.0,0.0,0.0,0.2704813621127535,0.0,0.0,0.0,0.0,0.0,0.0,0.0,0.0,0.0,0.0,0.15872668214935345,0.0,0.0,0.0,0.0,0.0,0.0,0.0,0.0,0.0,0.0,0.0,0.0,0.0,0.0,0.26067397249769275,0.2966951757222293,0.16202553202791484,0.15004194462927398,0.1647966697617022,0.14607954749600607,0.17437315608781936,0.0,0.0,0.0,0.0,0.0,0.0,0.0,0.0,0.0,0.0,0.0,0.33227120785920794,0.0,0.0,0.0,0.0,0.0,0.0,0.0,0.0,0.0,0.0,0.2003468621123975,0.0,0.0,0.0,0.0,0.0,0.0,0.0,0.0,0.0,0.0,0.0,0.0,0.0,0.0,0.0,0.0,0.0
c0ccd75375402c9d18d9fd11207ddf17011449874a2bc3521c6e3b815402b578,0.0,0.0,0.0,0.0,0.0,0.0,0.0,0.0,0.0,0.0,0.18395254394864569,0.0,0.11976675442696719,0.0,0.0,0.0,0.0,0.0,0.0,0.0,0.0,0.17509543840337102,0.0,0.0,0.0,0.0,0.0,0.39642336686016694,0.0,0.0,0.0,0.0,0.0,0.0,0.19584766945978607,0.0,0.0,0.0,0.0,0.0,0.0,0.0,0.21936174913313597,0.0,0.0,0.0,0.0,0.25017565781712775,0.0,0.0,0.0,0.0,0.0,0.0,0.0,0.0,0.0,0.0,0.23128890541292327,0.0,0.0,0.0,0.0,0.0,0.0,0.0,0.0,0.0,0.0,0.0,0.0,0.0,0.0,0.0,0.0,0.11373143556273461,0.0,0.0,0.0,0.10405540876664966,0.0,0.0,0.0,0.0,0.0,0.0,0.0,0.0,0.0,0.0,0.0,0.0,0.0,0.0,0.0,0.0,0.0,0.0,0.0,0.14643552965923143,0.0,0.0,0.16042795683808486,0.44438607849089784,0.2728754219503225,0.0,0.19158616541239332,0.0,0.0,0.0,0.0,0.0,0.0,0.0,0.0,0.0,0.14947892994135215,0.0,0.15203548197350517,0.0,0.0,0.0,0.0,0.0,0.18906718290250477,0.0,0.21716672230639197,0.0,0.0,0.0,0.0,0.0,0.0,0.0,0.0,0.0,0.0,0.0,0.0,0.0,0.0,0.0,0.23128890541292327,0.0,0.0,0.0,0.0,0.0,0.0,0.0,0.0,0.0,0.0,0.0,0.0,0.0,0.0,0.0,0.0,0.0,0.0
245a20192e8a60b33f64b2b7d118c9d5db7cd4a91179df7689a37e8ce7d29d20,0.0,0.0,0.0,0.0,0.0,0.0,0.0,0.0,0.0,0.0,0.24015369027985953,0.0,0.15635787051962446,0.0,0.0,0.0,0.0,0.0,0.0,0.0,0.0,0.22859056352859408,0.0,0.0,0.0,0.0,0.328297744456411,0.0,0.0,0.0,0.0,0.0,0.0,0.0,0.0,0.0,0.0,0.0,0.0,0.0,0.0,0.0,0.0,0.0,0.3032988684722285,0.0,0.0,0.0,0.0,0.0,0.0,0.0,0.0,0.0,0.0,0.0,0.0,0.0,0.3019522479189494,0.0,0.0,0.0,0.0,0.0,0.0,0.0,0.0,0.0,0.0,0.0,0.0,0.0,0.0,0.0,0.0,0.14847864218089743,0.0,0.2526522974567304,0.0,0.1358463975136243,0.0,0.0,0.0,0.0,0.0,0.0,0.0,0.0,0.0,0.0,0.0,0.0,0.0,0.0,0.0,0.0,0.0,0.0,0.0,0.19117448490175748,0.0,0.0,0.0,0.0,0.35624426909985224,0.0,0.0,0.0,0.0,0.0,0.0,0.0,0.0,0.0,0.0,0.0,0.0,0.0,0.0,0.17594195171895072,0.0,0.0,0.0,0.0,0.24683095275664965,0.0,0.28351545810870254,0.0,0.0,0.0,0.0,0.0,0.0,0.22422022629333727,0.0,0.0,0.0,0.0,0.0,0.0,0.0,0.0,0.0,0.24130289657274892,0.0,0.16163261846959545,0.0,0.0,0.0,0.0,0.0,0.0,0.0,0.0,0.0,0.0,0.0,0.0,0.0,0.0,0.0
b3e1e9d97d74c416c2a30dd11858789af5554cf2de62f577c13944a19623777d,0.0,0.0,0.0,0.0,0.0,0.0,0.0,0.0,0.0,0.0,0.12399356828240474,0.0,0.08072901262592996,0.0,0.0,0.0,0.0,0.0,0.0,0.0,0.0,0.11802341914698927,0.2647983393505302,0.0,0.0,0.0,0.0,0.0,0.0,0.0,0.0,0.0,0.0,0.0,0.0,0.0,0.0,0.0,0.0,0.0,0.0,0.0,0.14786121157030882,0.13977253500667153,0.0,0.0,0.0,0.0,0.0,0.0,0.0,0.3663266128151798,0.0,0.0,0.0,0.0,0.0,0.0,0.0,0.0,0.0,0.0,0.0,0.0,0.15590073434530008,0.30900525034333504,0.0,0.1320115006557951,0.0,0.0,0.0,0.0,0.0,0.0,0.0,0.07666089426434199,0.0,0.0,0.0,0.07013874967482395,0.0,0.0,0.0,0.0,0.0,0.2372875204395823,0.0,0.0,0.1682004792752095,0.0,0.0,0.0,0.0,0.0,0.0,0.0,0.0,0.0,0.0,0.0,0.0,0.0,0.0,0.0,0.0,0.0,0.0,0.0,0.0,0.0,0.0,0.0,0.0,0.0,0.0,0.0,0.10075656203829464,0.0,0.10247981088368589,0.0908404546221243,0.0,0.0,0.1770068653495547,0.0,0.12744110056846117,0.0,0.0,0.0,0.22435347028552804,0.0,0.0,0.0,0.0,0.11576697366923933,0.0,0.0,0.3663266128151798,0.0,0.0,0.0,0.0,0.0,0.0,0.0,0.0,0.08345241370856597,0.17266451959302193,0.18683868996633837,0.0,0.0,0.35368240476784474,0.0,0.0,0.0,0.1211166048152213,0.0,0.0,0.0,0.0,0.0,0.0
337ba1bd5050c38f5e07f494d4dc0125276b0e0dea09667d86e7d763249c8f30,0.0,0.0,0.0,0.0,0.0,0.4050506671198327,0.0,0.0,0.0,0.0,0.0,0.0,0.1464967084492862,0.0,0.0,0.0,0.0,0.0,0.0,0.0,0.0,0.0,0.0,0.0,0.0,0.0,0.0,0.0,0.0,0.0,0.0,0.0,0.0,0.0,0.0,0.0,0.0,0.0,0.0,0.0,0.0,0.0,0.0,0.0,0.0,0.0,0.0,0.30601071707836064,0.0,0.0,0.0,0.0,0.0,0.0,0.0,0.0,0.0,0.0,0.0,0.0,0.0,0.0,0.0,0.0,0.282908754653556,0.0,0.0,0.0,0.0,0.0,0.0,0.0,0.0,0.0,0.0,0.13911440647172776,0.0,0.0,0.0,0.0,0.0,0.0,0.0,0.0,0.0,0.0,0.0,0.0,0.0,0.0,0.0,0.0,0.0,0.0,0.0,0.0,0.0,0.6943441539710092,0.0,0.0,0.0,0.0,0.19623281713252924,0.0,0.0,0.0,0.0,0.0,0.0,0.0,0.0,0.0,0.0,0.0,0.0,0.0,0.1828401489520439,0.169317089484047,0.0,0.0,0.19677401106661374,0.0,0.0,0.0,0.0,0.0,0.0,0.0,0.0,0.0,0.0,0.0,0.0,0.0,0.0,0.0,0.0,0.0,0.0,0.0,0.0,0.0,0.0,0.0,0.0,0.0,0.0,0.0,0.0,0.0,0.0,0.0,0.0,0.0,0.0,0.0,0.0,0.0,0.0,0.0,0.0
340a639e1ec7cb2afa90a2aba177b368e13efc4dd1313e32af30b6ceb259f7d3,0.0,0.0,0.0,0.0,0.0,0.0,0.0,0.0,0.0,0.0,0.0,0.0,0.2345700554849874,0.0,0.0,0.0,0.0,0.0,0.0,0.0,0.0,0.0,0.0,0.0,0.0,0.0,0.0,0.0,0.0,0.0,0.0,0.0,0.0,0.0,0.38357888974775,0.0,0.0,0.0,0.0,0.0,0.0,0.0,0.0,0.0,0.0,0.0,0.0,0.0,0.0,0.0,0.0,0.0,0.6733981478963352,0.0,0.0,0.0,0.0,0.0,0.0,0.0,0.0,0.0,0.0,0.0,0.0,0.0,0.0,0.0,0.0,0.0,0.0,0.0,0.0,0.0,0.0,0.0,0.0,0.0,0.0,0.20379848418444063,0.0,0.0,0.0,0.0,0.0,0.0,0.0,0.0,0.0,0.0,0.0,0.0,0.0,0.0,0.0,0.0,0.0,0.0,0.0,0.0,0.0,0.0,0.0,0.0,0.0,0.0,0.0,0.0,0.0,0.0,0.0,0.0,0.0,0.0,0.0,0.0,0.2927630548055039,0.0,0.2977702085427965,0.2639503418644434,0.0,0.0,0.0,0.0,0.0,0.0,0.0,0.0,0.0,0.0,0.0,0.0,0.0,0.0,0.0,0.0,0.0,0.0,0.0,0.0,0.0,0.0,0.0,0.0,0.0,0.24248329909199037,0.0,0.0,0.0,0.0,0.0,0.0,0.0,0.0,0.0,0.0,0.0,0.0,0.0,0.0,0.0
358a5079b824548ef87fcf89d3e4b5284e780edc4de8a450f3e51878d1290eca,0.0,0.0,0.0,0.0,0.0,0.0,0.0,0.0,0.0,0.0,0.0,0.0,0.15347733261123792,0.0,0.0,0.0,0.0,0.0,0.0,0.0,0.0,0.0,0.0,0.0,0.0,0.0,0.32224960568986394,0.0,0.0,0.0,0.0,0.0,0.0,0.0,0.0,0.0,0.0,0.0,0.0,0.0,0.0,0.0,0.0,0.2657274646047698,0.2977112771005786,0.0,0.0,0.0,0.0,0.0,0.0,0.0,0.44059908376110674,0.0,0.0,0.0,0.0,0.0,0.2963894649662109,0.0,0.0,0.0,0.0,0.0,0.0,0.0,0.0,0.0,0.0,0.0,0.0,0.0,0.0,0.0,0.0,0.1457432611222627,0.3111503213605783,0.24799775388916676,0.0,0.13334373681317283,0.0,0.0,0.0,0.0,0.0,0.0,0.0,0.0,0.0,0.0,0.0,0.0,0.0,0.0,0.0,0.0,0.0,0.0,0.0,0.18765253011274885,0.0,0.0,0.0,0.0,0.0,0.0,0.0,0.0,0.0,0.0,0.0,0.0,0.0,0.0,0.0,0.0,0.1915525519477148,0.0,0.0,0.17270062168600975,0.0,0.0,0.0,0.0,0.24228365421634715,0.0,0.0,0.0,0.0,0.0,0.0,0.0,0.0,0.22008947892821562,0.0,0.0,0.0,0.0,0.0,0.0,0.0,0.0,0.0,0.0,0.0,0.1586549053350653,0.0,0.0,0.0,0.0,0.0,0.0,0.0,0.0,0.0,0.0,0.0,0.0,0.0,0.0,0.0
422ba689937e3748a4b6bd3c5af2dce0211e8a48eb25767e6d1d2192d27f1f58,0.0,0.0,0.0,0.0,0.0,0.0,0.0,0.0,0.0,0.0,0.24693542025038315,0.0,0.16077327989932,0.0,0.0,0.0,0.0,0.0,0.0,0.0,0.0,0.23504576092262203,0.0,0.0,0.0,0.0,0.0,0.0,0.0,0.0,0.0,0.0,0.0,0.0,0.0,0.0,0.0,0.0,0.0,0.0,0.0,0.0,0.0,0.0,0.0,0.0,0.0,0.0,0.0,0.0,0.0,0.0,0.0,0.0,0.0,0.0,0.0,0.7620102061984693,0.0,0.0,0.0,0.0,0.0,0.0,0.0,0.0,0.0,0.0,0.0,0.0,0.0,0.0,0.0,0.0,0.0,0.1526715490501919,0.0,0.0,0.0,0.13968258085243626,0.0,0.0,0.0,0.0,0.0,0.0,0.0,0.0,0.0,0.0,0.0,0.0,0.0,0.0,0.0,0.0,0.0,0.0,0.0,0.19657308499133685,0.0,0.0,0.0,0.0,0.0,0.0,0.0,0.0,0.0,0.0,0.0,0.0,0.0,0.0,0.0,0.0,0.2006585045866506,0.18581757984535477,0.20409038564086382,0.18091039840679615,0.21595026600257192,0.0,0.0,0.0,0.0,0.0,0.0,0.0,0.0,0.0,0.0,0.0,0.0,0.0,0.0,0.0,0.0,0.0,0.0,0.0,0.0,0.0,0.0,0.0,0.0,0.0,0.0,0.0,0.0,0.0,0.0,0.0,0.0,0.0,0.0,0.0,0.0,0.0,0.0,0.0,0.0
b50fb20396458aec55216cc9f5212162b3459bc769a38e050d4d8c22649888ae,0.0,0.0,0.0,0.0,0.0,0.55128566450515,0.0,0.0,0.0,0.0,0.0,0.0,0.19938625416802236,0.0,0.0,0.0,0.0,0.0,0.0,0.0,0.0,0.0,0.0,0.0,0.0,0.0,0.0,0.0,0.0,0.0,0.0,0.0,0.0,0.0,0.0,0.0,0.0,0.0,0.0,0.0,0.0,0.0,0.0,0.0,0.0,0.0,0.0,0.0,0.0,0.0,0.0,0.0,0.0,0.0,0.0,0.0,0.0,0.0,0.0,0.0,0.0,0.0,0.0,0.0,0.0,0.0,0.0,0.0,0.0,0.0,0.0,0.0,0.0,0.0,0.0,0.0,0.0,0.0,0.0,0.17323019463265293,0.0,0.0,0.0,0.0,0.0,0.0,0.0,0.0,0.0,0.0,0.0,0.0,0.0,0.0,0.0,0.0,0.0,0.0,0.0,0.0,0.0,0.0,0.0,0.0,0.0,0.0,0.0,0.0,0.6540046418957035,0.0,0.0,0.0,0.0,0.0,0.0,0.0,0.0,0.0,0.0,0.22435971139585,0.0,0.0,0.0,0.0,0.0,0.0,0.0,0.0,0.0,0.0,0.0,0.0,0.0,0.0,0.0,0.0,0.0,0.0,0.0,0.0,0.0,0.0,0.38504699155912975,0.0,0.0,0.0,0.0,0.0,0.0,0.0,0.0,0.0,0.0,0.0,0.0,0.0,0.0,0.0,0.0,0.0,0.0
447c03cc63a420c07875132d35ef027adec98e7bd446cf4f7c9d45b6af40ea2b,0.0,0.0,0.0,0.0,0.0,0.0,0.0,0.0,0.0,0.0,0.0,0.0,0.1307512971861889,0.0,0.0,0.0,0.0,0.25592240430875923,0.0,0.0,0.0,0.0,0.0,0.0,0.0,0.0,0.0,0.0,0.0,0.0,0.0,0.0,0.0,0.0,0.0,0.0,0.0,0.0,0.0,0.0,0.0,0.0,0.23948075899208598,0.22638007909010735,0.0,0.0,0.0,0.27312080001253064,0.0,0.0,0.0,0.0,0.0,0.0,0.0,0.0,0.0,0.0,0.0,0.0,0.0,0.0,0.0,0.0,0.0,0.0,0.0,0.0,0.0,0.0,0.0,0.0,0.0,0.0,0.0,0.12416244225556718,0.2650769820247465,0.21127568135684083,0.0,0.11359896776509068,0.0,0.0,0.0,0.0,0.0,0.0,0.0,0.0,0.0,0.0,0.0,0.0,0.0,0.0,0.0,0.0,0.0,0.0,0.0,0.15986602917228265,0.0,0.0,0.17514178756760598,0.0,0.0,0.0,0.0,0.0,0.0,0.0,0.0,0.0,0.0,0.0,0.0,0.0,0.1631885583386445,0.0,0.0,0.1471281128367332,0.17562481418069428,0.0,0.0,0.0,0.20640769250297644,0.0,0.0,0.0,0.3633700737054934,0.0,0.0,0.0,0.0,0.0,0.0,0.0,0.0,0.0,0.0,0.0,0.0,0.0,0.25250182784200254,0.0,0.0,0.0,0.0,0.0,0.4660873776889533,0.0,0.0,0.0,0.0,0.0,0.0,0.0,0.0,0.0,0.0,0.0,0.0
472e77c5448a96067bd1c51ccfff58f9f2a6a0fb06f0294e868d5f7c83f59ca3,0.0,0.0,0.0,0.0,0.0,0.0,0.0,0.0,0.0,0.0,0.0,0.0,0.0,0.0,0.0,0.0,0.0,0.0,0.0,0.0,0.0,0.0,0.0,0.0,0.0,0.0,0.0,0.0,0.0,0.0,0.0,0.0,0.0,0.0,0.3998148065569806,0.0,0.0,0.0,0.0,0.0,0.0,0.0,0.44781781441455537,0.0,0.0,0.0,0.0,0.5107231171620272,0.0,0.0,0.0,0.0,0.0,0.0,0.0,0.0,0.0,0.0,0.0,0.0,0.0,0.0,0.0,0.0,0.0,0.0,0.0,0.0,0.0,0.0,0.0,0.0,0.0,0.0,0.0,0.23217795766673258,0.0,0.0,0.0,0.0,0.0,0.0,0.0,0.0,0.0,0.0,0.0,0.0,0.0,0.0,0.0,0.0,0.0,0.0,0.0,0.0,0.0,0.0,0.0,0.2989419946904001,0.0,0.0,0.0,0.0,0.0,0.0,0.0,0.0,0.0,0.0,0.0,0.0,0.0,0.0,0.0,0.0,0.3051549687759631,0.0,0.0,0.0,0.0,0.0,0.0,0.0,0.0,0.0,0.0,0.0,0.0,0.0,0.0,0.0,0.0,0.0,0.0,0.0,0.0,0.0,0.0,0.0,0.0,0.0,0.0,0.3773284351366165,0.0,0.0,0.0,0.0,0.0,0.0,0.0,0.0,0.0,0.0,0.0,0.0,0.0,0.0,0.0,0.0,0.0
00515fe91a6b40d5c5ae851cb18d31c675ff38901edd352b3e6379087d5f2b26,0.0,0.0,0.0,0.0,0.0,0.0,0.0,0.0,0.0,0.0,0.14463717100360465,0.0,0.0941695296447544,0.0,0.0,0.0,0.0,0.0,0.0,0.0,0.0,0.13767305590168738,0.0,0.0,0.0,0.0,0.0,0.0,0.0,0.0,0.0,0.0,0.0,0.0,0.0,0.0,0.0,0.0,0.0,0.0,0.0,0.0,0.0,0.1630431668949401,0.0,0.0,0.0,0.0,0.23183062868360838,0.0,0.0,0.0,0.2703396506426846,0.0,0.0,0.0,0.0,0.0,0.0,0.0,0.0,0.0,0.0,0.0,0.18185653889507852,0.0,0.0,0.15399000334684454,0.3209355131077924,0.41256674171084484,0.3243258952053091,0.2986953848225469,0.0,0.0,0.0,0.08942411309389124,0.0,0.0,0.0,0.08181610119963059,0.0,0.0,0.0,0.0,0.0,0.0,0.0,0.0,0.0,0.0,0.0,0.0,0.0,0.0,0.0,0.0,0.0,0.0,0.0,0.0,0.0,0.0,0.0,0.0,0.21455495107655534,0.0,0.0,0.0,0.0,0.0,0.0,0.0,0.0,0.0,0.0,0.0,0.1175314517933437,0.10883869573800779,0.11954160313736296,0.10596441856807064,0.12648827584320377,0.0,0.0,0.0,0.0,0.0,0.0,0.0,0.0,0.0,0.0,0.38150046083750316,0.0,0.0,0.0,0.0,0.0,0.0,0.0,0.0,0.0,0.0,0.0,0.0,0.0,0.0,0.0,0.0,0.0,0.0,0.0,0.0,0.0,0.0,0.0,0.0,0.0,0.0,0.0,0.0,0.0
d0f8a2be536ca434da7734bd318d2a88ea5005f47d518c30ff611185f42c3701,0.0,0.0,0.0,0.0,0.0,0.0,0.0,0.0,0.0,0.0,0.1590690542671623,0.0,0.10356575641956707,0.0,0.0,0.0,0.0,0.0,0.0,0.0,0.0,0.15141006041804977,0.0,0.0,0.0,0.0,0.0,0.0,0.0,0.0,0.0,0.0,0.0,0.0,0.0,0.0,0.0,0.0,0.0,0.0,0.0,0.29902462278934494,0.0,0.0,0.0,0.0,0.0,0.21633408506025015,0.25496266692013914,0.2521842443576849,0.0,0.0,0.0,0.0,0.0,0.0,0.0,0.0,0.20000216717194103,0.0,0.0,0.0,0.0,0.0,0.0,0.0,0.0,0.169355111338352,0.0,0.0,0.0,0.0,0.0,0.0,0.0,0.09834684265340435,0.0,0.0,0.0,0.08997970405081648,0.0,0.0,0.0,0.0,0.0,0.0,0.0,0.0,0.0,0.0,0.0,0.0,0.0,0.0,0.0,0.0,0.0,0.0,0.0,0.12662701321764697,0.0,0.0,0.1387266673483543,0.0,0.0,0.0,0.16567006624996392,0.0,0.0,0.0,0.0,0.0,0.0,0.0,0.0,0.0,0.0,0.11969861052028498,0.0,0.11653753824577122,0.13910926406159407,0.0,0.0,0.0,0.16349182964087763,0.0,0.0,0.0,0.0,0.0,0.0,0.0,0.265075222764636,0.0,0.0,0.0,0.0,0.3259482815122291,0.0,0.0,0.0,0.0,0.0,0.0,0.0,0.1070595572723533,0.0,0.0,0.0,0.0,0.0,0.0,0.0,0.0,0.155378251072889,0.0,0.0,0.0,0.0,0.49086616540879896,0.0
546a439160f37f428820c787aa818b08ec334c8b27b631909a6eb729947ae102,0.0,0.0,0.0,0.0,0.0,0.0,0.0,0.0,0.0,0.0,0.2357074465916037,0.0,0.15346303599054914,0.0,0.0,0.0,0.0,0.0,0.0,0.0,0.0,0.22435840141149546,0.0,0.0,0.0,0.0,0.32221958770413744,0.0,0.0,0.0,0.0,0.0,0.0,0.0,0.0,0.0,0.0,0.0,0.0,0.0,0.0,0.0,0.0,0.0,0.29768354489328086,0.0,0.0,0.0,0.0,0.0,0.0,0.0,0.0,0.0,0.0,0.0,0.0,0.0,0.2963618558874975,0.0,0.0,0.0,0.0,0.0,0.0,0.0,0.0,0.0,0.0,0.0,0.0,0.0,0.0,0.0,0.0,0.1457296849407722,0.0,0.24797465256365697,0.0,0.13333131566410794,0.0,0.0,0.0,0.0,0.0,0.0,0.0,0.0,0.0,0.0,0.0,0.0,0.0,0.0,0.0,0.0,0.0,0.0,0.0,0.1876350500262848,0.0,0.0,0.0,0.0,0.3496487059372929,0.0,0.0,0.0,0.0,0.0,0.0,0.0,0.0,0.0,0.0,0.0,0.1915347085689528,0.0,0.0,0.172684534389997,0.0,0.0,0.0,0.0,0.24226108516693448,0.0,0.27826640774154066,0.0,0.0,0.0,0.0,0.0,0.0,0.22006897729618766,0.0,0.0,0.0,0.0,0.0,0.0,0.0,0.0,0.0,0.23683537629607046,0.0,0.15864012641648886,0.0,0.0,0.0,0.0,0.0,0.0,0.0,0.0,0.0,0.0,0.0,0.0,0.0,0.0,0.0
579b0544fb3ab18f7384df17157a80fcefe4e7d0d75550175ee5ebc5045cac39,0.0,0.0,0.0,0.0,0.0,0.0,0.0,0.0,0.0,0.0,0.2752921254190179,0.0,0.1792355988832744,0.0,0.0,0.0,0.0,0.0,0.0,0.0,0.0,0.262037123023944,0.0,0.0,0.0,0.0,0.3763331045896258,0.0,0.0,0.0,0.0,0.0,0.0,0.0,0.0,0.0,0.0,0.0,0.0,0.0,0.0,0.0,0.0,0.0,0.3476764818462808,0.0,0.0,0.0,0.0,0.0,0.0,0.0,0.0,0.0,0.0,0.0,0.0,0.0,0.3461328285557021,0.0,0.0,0.0,0.0,0.0,0.0,0.0,0.0,0.0,0.0,0.0,0.0,0.0,0.0,0.0,0.0,0.1702035098343732,0.0,0.0,0.0,0.1557229599864231,0.0,0.0,0.0,0.0,0.0,0.0,0.0,0.0,0.0,0.0,0.0,0.0,0.0,0.0,0.0,0.0,0.0,0.0,0.0,0.0,0.0,0.0,0.0,0.0,0.4083686654764997,0.0,0.0,0.0,0.0,0.0,0.0,0.0,0.0,0.0,0.0,0.0,0.0,0.0,0.0,0.20168515329760978,0.0,0.0,0.0,0.0,0.28294638122942867,0.0,0.0,0.0,0.0,0.0,0.0,0.0,0.0,0.25702733356416224,0.0,0.0,0.0,0.0,0.0,0.0,0.0,0.0,0.0,0.0,0.0,0.18528212922184606,0.0,0.0,0.0,0.0,0.0,0.0,0.0,0.0,0.0,0.0,0.0,0.0,0.0,0.0,0.0
a01ed94d2c62ec929ec3cfc029fb61e4025be2f556ae559589304d5c7208d15f,0.0,0.22785065188090978,0.0,0.0,0.0,0.0,0.0,0.0,0.0,0.0,0.0,0.28607539027188433,0.10653119816321385,0.0,0.0,0.0,0.0,0.0,0.0,0.0,0.0,0.0,0.34943180208772334,0.0,0.3797503188304838,0.0,0.0,0.0,0.0,0.0,0.0,0.0,0.0,0.0,0.0,0.0,0.0,0.0,0.0,0.0,0.0,0.0,0.0,0.0,0.2066464051506648,0.0,0.0,0.2225284696579191,0.0,0.0,0.0,0.0,0.0,0.0,0.0,0.0,0.32792047212170666,0.0,0.0,0.0,0.0,0.0,0.0,0.0,0.0,0.0,0.0,0.0,0.0,0.0,0.0,0.0,0.0,0.0,0.0,0.10116284905014,0.0,0.0,0.0,0.0925561306583941,0.0,0.0,0.0,0.0,0.0,0.0,0.0,0.0,0.0,0.0,0.0,0.0,0.0,0.0,0.0,0.0,0.0,0.0,0.0,0.13025277760011011,0.0,0.0,0.1426988862026752,0.0,0.0,0.0,0.17041376674629466,0.0,0.0,0.0,0.0,0.0,0.0,0.0,0.0,0.0,0.13295984835689756,0.12312599104223429,0.0,0.11987440645939004,0.14309243796808324,0.0,0.0,0.0,0.0,0.0,0.19316738805496675,0.0,0.0,0.0,0.0,0.0,0.0,0.0,0.0,0.0,0.0,0.0,0.0,0.0,0.0,0.0,0.20572891311438113,0.0,0.0,0.11012503848127342,0.0,0.0,0.0,0.0,0.0,0.0,0.0,0.0,0.0,0.3797503188304838,0.0,0.0,0.0,0.0,0.0
594e042df2d0e8b8cbe05a7d2126fbc40423f30dfbef755ab2f79d248708ae76,0.0,0.0,0.0,0.0,0.0,0.0,0.0,0.0,0.0,0.0,0.0,0.0,0.0,0.0,0.0,0.0,0.0,0.0,0.0,0.48185042069190087,0.4184229181872788,0.0,0.0,0.0,0.0,0.0,0.0,0.0,0.0,0.0,0.0,0.0,0.0,0.0,0.0,0.0,0.0,0.0,0.0,0.0,0.0,0.0,0.271432395382059,0.0,0.0,0.0,0.0,0.3095607066224278,0.0,0.0,0.0,0.0,0.0,0.0,0.0,0.0,0.0,0.0,0.0,0.0,0.0,0.0,0.0,0.0,0.0,0.0,0.0,0.0,0.0,0.0,0.0,0.0,0.0,0.0,0.0,0.14072825416019705,0.0,0.0,0.0,0.12875539589561277,0.0,0.0,0.0,0.0,0.0,0.0,0.0,0.0,0.0,0.0,0.0,0.0,0.0,0.0,0.0,0.0,0.0,0.0,0.0,0.1811954305685359,0.0,0.0,0.19850928789039796,0.0,0.0,0.0,0.0,0.0,0.0,0.0,0.0,0.0,0.0,0.0,0.0,0.0,0.0,0.0,0.0,0.0,0.19905676014318205,0.0,0.0,0.0,0.0,0.0,0.0,0.0,0.41185108119394587,0.0,0.0,0.0,0.0,0.0,0.0,0.0,0.0,0.0,0.0,0.0,0.0,0.0,0.2861907414105362,0.0,0.0,0.1531956103481516,0.0,0.0,0.0,0.0,0.0,0.0,0.0,0.0,0.0,0.0,0.0,0.0,0.0,0.0,0.0
612a1156a16e174cb3f2d69f6ebee02301bb4810ef68a5e07001b3e18f201c26,0.0,0.0,0.0,0.0,0.0,0.0,0.0,0.0,0.0,0.0,0.22238965670577587,0.0,0.14479216666453876,0.0,0.0,0.0,0.0,0.0,0.0,0.0,0.0,0.2116818479452167,0.0,0.0,0.0,0.0,0.0,0.0,0.0,0.0,0.0,0.0,0.0,0.0,0.23677028348108775,0.0,0.0,0.0,0.0,0.0,0.0,0.0,0.0,0.0,0.0,0.0,0.0,0.0,0.0,0.0,0.0,0.0,0.0,0.0,0.0,0.0,0.0,0.0,0.0,0.0,0.0,0.0,0.0,0.0,0.0,0.0,0.0,0.0,0.0,0.0,0.0,0.0,0.0,0.0,0.0,0.13749576042021264,0.0,0.0,0.0,0.12579791579536223,0.0,0.0,0.0,0.0,0.0,0.0,0.0,0.0,0.0,0.0,0.0,0.0,0.0,0.0,0.0,0.0,0.0,0.0,0.0,0.17703341563754815,0.0,0.0,0.1939495778715127,0.0,0.32989308061930034,0.0,0.0,0.0,0.0,0.0,0.0,0.0,0.0,0.0,0.0,0.0,0.18071273819232642,0.0,0.183803484950032,0.16292762437805888,0.0,0.0,0.0,0.0,0.2285730058278204,0.0,0.0,0.0,0.0,0.0,0.0,0.0,0.0,0.0,0.0,0.0,0.0,0.0,0.0,0.0,0.0,0.0,0.0,0.0,0.0,0.0,0.0,0.0,0.0,0.0,0.0,0.0,0.686265210519195,0.0,0.0,0.0,0.0,0.0,0.0,0.0,0.0
708e198608b5b463224c3fb77fcf708b845d0c7b5dbc6e9cab9e185c489be089,0.3741777582584604,0.0,0.0,0.0,0.0,0.0,0.0,0.0,0.0,0.0,0.1525796605964974,0.0,0.09934067966090362,0.0,0.0,0.0,0.0,0.0,0.0,0.0,0.0,0.14523312366389246,0.0,0.0,0.0,0.0,0.0,0.0,0.0,0.0,0.0,0.0,0.0,0.0,0.0,0.0,0.0,0.0,0.0,0.0,0.0,0.0,0.0,0.17199638858249003,0.0,0.0,0.0,0.0,0.2445611898723878,0.0,0.0,0.0,0.2851848653746727,0.0,0.0,0.0,0.0,0.0,0.0,0.0,0.0,0.0,0.0,0.0,0.0,0.0,0.0,0.0,0.338559108447505,0.0,0.0,0.3150977035967371,0.0,0.0,0.0,0.09433467711193468,0.2013970654478598,0.16052054727932777,0.0,0.08630888495501068,0.0,0.0,0.0,0.0,0.0,0.0,0.0,0.0,0.0,0.0,0.0,0.0,0.0,0.0,0.0,0.0,0.0,0.0,0.0,0.0,0.0,0.0,0.0,0.0,0.2263368495622958,0.0,0.0,0.0,0.0,0.0,0.0,0.0,0.0,0.0,0.0,0.0,0.12398547966341968,0.11481537657464837,0.1261060148459725,0.1117832636537012,0.13343415156475363,0.0,0.0,0.0,0.15682200407760363,0.0,0.0,0.0,0.0,0.0,0.0,0.0,0.0,0.14245646605238274,0.0,0.0,0.0,0.0,0.0,0.0,0.0,0.0,0.0,0.0,0.0,0.0,0.21247145445929597,0.0,0.0,0.0,0.0,0.0,0.0,0.0,0.0,0.0,0.3498911649617342,0.0,0.0,0.0,0.0
840ebbcc1ed66f3b4095e6128181d4ed680b44d3cc467bd5192b09fcf27adcdf,0.0,0.0,0.0,0.0,0.0,0.0,0.0,0.0,0.0,0.0,0.0,0.0,0.0,0.0,0.0,0.0,0.0,0.0,0.0,0.0,0.0,0.0,0.0,0.0,0.0,0.0,0.0,0.0,0.0,0.0,0.0,0.0,0.0,0.0,0.7735913779102157,0.0,0.0,0.0,0.0,0.0,0.0,0.0,0.0,0.0,0.0,0.0,0.0,0.0,0.0,0.0,0.0,0.0,0.0,0.0,0.0,0.0,0.0,0.0,0.0,0.0,0.0,0.0,0.0,0.0,0.0,0.0,0.0,0.0,0.0,0.0,0.0,0.0,0.0,0.0,0.0,0.0,0.0,0.0,0.0,0.0,0.0,0.0,0.0,0.0,0.0,0.0,0.0,0.0,0.0,0.0,0.0,0.0,0.0,0.0,0.0,0.0,0.0,0.0,0.0,0.0,0.0,0.0,0.6336847639189173,0.0,0.0,0.0,0.0,0.0,0.0,0.0,0.0,0.0,0.0,0.0,0.0,0.0,0.0,0.0,0.0,0.0,0.0,0.0,0.0,0.0,0.0,0.0,0.0,0.0,0.0,0.0,0.0,0.0,0.0,0.0,0.0,0.0,0.0,0.0,0.0,0.0,0.0,0.0,0.0,0.0,0.0,0.0,0.0,0.0,0.0,0.0,0.0,0.0,0.0,0.0,0.0,0.0,0.0,0.0,0.0,0.0,0.0
0b58a2bed7d9d44e29ad6988250456c49863a23adeb9b5ab59763352187104b3,0.0,0.0,0.0,0.0,0.0,0.0,0.0,0.0,0.0,0.0,0.22144955815861792,0.0,0.1441800927599449,0.0,0.0,0.0,0.0,0.0,0.0,0.0,0.0,0.21078701407272102,0.0,0.0,0.0,0.0,0.3027286000461687,0.0,0.0,0.0,0.0,0.0,0.0,0.0,0.0,0.0,0.0,0.0,0.0,0.0,0.0,0.0,0.264076600299673,0.0,0.27967673673851756,0.0,0.0,0.0,0.0,0.0,0.0,0.0,0.0,0.0,0.0,0.0,0.0,0.0,0.27843499639222746,0.0,0.0,0.0,0.0,0.0,0.0,0.0,0.0,0.0,0.0,0.0,0.0,0.0,0.0,0.0,0.0,0.136914530310296,0.0,0.23297472370444297,0.0,0.12526613549754387,0.0,0.0,0.0,0.0,0.0,0.0,0.0,0.0,0.0,0.0,0.0,0.0,0.0,0.0,0.0,0.0,0.0,0.0,0.0,0.0,0.0,0.0,0.0,0.0,0.3284985373190335,0.0,0.0,0.0,0.0,0.0,0.0,0.0,0.0,0.0,0.0,0.0,0.0,0.0,0.0,0.16223888720728138,0.0,0.0,0.0,0.0,0.22760676866606894,0.0,0.26143413768135515,0.0,0.40068995153785764,0.0,0.0,0.0,0.0,0.20675705622104715,0.0,0.0,0.0,0.0,0.0,0.0,0.0,0.0,0.0,0.0,0.0,0.14904402219429144,0.0,0.0,0.0,0.0,0.0,0.0,0.0,0.0,0.0,0.0,0.0,0.0,0.0,0.0,0.0
860bda507891cdc32d478e52513a19e20f50bb104275c46fd1ce797d83acf908,0.0,0.0,0.0,0.0,0.0,0.0,0.0,0.0,0.0,0.0,0.24311477071617774,0.0,0.15828575358034486,0.0,0.0,0.0,0.0,0.0,0.0,0.0,0.0,0.23140907131334926,0.0,0.0,0.0,0.0,0.0,0.0,0.0,0.0,0.0,0.0,0.0,0.0,0.0,0.0,0.0,0.0,0.0,0.0,0.0,0.0,0.0,0.2740526647573534,0.0,0.0,0.0,0.0,0.38967472708656714,0.3854282973373261,0.0,0.0,0.0,0.0,0.0,0.0,0.0,0.0,0.0,0.0,0.0,0.0,0.0,0.0,0.0,0.0,0.0,0.0,0.0,0.0,0.0,0.0,0.0,0.0,0.0,0.15030937483406048,0.3208986125532871,0.2557674849615243,0.0,0.13752137535615977,0.0,0.0,0.0,0.0,0.0,0.0,0.0,0.0,0.0,0.0,0.0,0.0,0.0,0.0,0.0,0.0,0.0,0.0,0.0,0.1935316547062528,0.0,0.0,0.0,0.0,0.0,0.0,0.0,0.0,0.0,0.0,0.0,0.0,0.0,0.0,0.0,0.0,0.19755386361895957,0.0,0.0,0.0,0.0,0.0,0.0,0.0,0.2498743634343443,0.0,0.0,0.0,0.0,0.0,0.0,0.0,0.0,0.2269848480850338,0.0,0.0,0.0,0.0,0.0,0.0,0.0,0.0,0.0,0.2442781466529614,0.0,0.16362553885263625,0.0,0.0,0.0,0.0,0.0,0.0,0.0,0.0,0.0,0.0,0.0,0.0,0.0,0.0,0.0
890fd59af3370e2ce12e0d11916d1ad4ee9b9c267c434347dbed11e9572e8645,0.0,0.0,0.0,0.0,0.0,0.0,0.0,0.0,0.0,0.0,0.23137403501489773,0.0,0.15064166353764513,0.0,0.0,0.0,0.0,0.0,0.0,0.0,0.0,0.22023363866824466,0.0,0.0,0.0,0.0,0.3162956760425011,0.0,0.0,0.0,0.0,0.0,0.0,0.0,0.24633562851854363,0.0,0.0,0.0,0.0,0.0,0.0,0.0,0.0,0.0,0.2922107211098622,0.0,0.0,0.0,0.0,0.0,0.0,0.0,0.0,0.0,0.0,0.0,0.0,0.0,0.29091333096489674,0.0,0.0,0.0,0.0,0.0,0.0,0.0,0.0,0.0,0.0,0.0,0.0,0.0,0.0,0.0,0.0,0.14305048785589505,0.0,0.24341571203934317,0.0,0.13088005892533647,0.0,0.0,0.0,0.0,0.0,0.0,0.0,0.0,0.0,0.0,0.0,0.0,0.0,0.0,0.0,0.0,0.0,0.0,0.0,0.18418543521887265,0.0,0.0,0.0,0.0,0.3432205180628802,0.0,0.0,0.0,0.0,0.0,0.0,0.0,0.0,0.0,0.0,0.0,0.1880133996945166,0.0,0.0,0.1695097803834329,0.0,0.0,0.0,0.0,0.23780718688655175,0.0,0.27315056227228457,0.0,0.0,0.0,0.0,0.0,0.0,0.2160230743445449,0.0,0.0,0.0,0.0,0.0,0.0,0.0,0.0,0.0,0.23248122806589966,0.0,0.0,0.0,0.0,0.0,0.0,0.0,0.0,0.0,0.0,0.0,0.0,0.0,0.0,0.0,0.0,0.0
d9b6982e6ebb44f281207474f885164df5748889ee12d2f21ceaf13ce1315f52,0.0,0.38339726658572754,0.0,0.0,0.0,0.0,0.0,0.0,0.0,0.0,0.0,0.0,0.17925676246573302,0.0,0.0,0.0,0.0,0.3508632237392468,0.0,0.0,0.0,0.0,0.0,0.0,0.0,0.0,0.0,0.0,0.0,0.0,0.0,0.0,0.0,0.0,0.2931282502543579,0.0,0.0,0.0,0.0,0.0,0.0,0.0,0.0,0.0,0.0,0.0,0.0,0.0,0.0,0.0,0.0,0.0,0.0,0.0,0.0,0.0,0.0,0.0,0.0,0.0,0.0,0.0,0.0,0.0,0.0,0.0,0.0,0.0,0.0,0.0,0.0,0.0,0.0,0.0,0.0,0.17022360693582833,0.0,0.0,0.0,0.15574134726955718,0.0,0.0,0.0,0.0,0.0,0.0,0.0,0.0,0.0,0.0,0.0,0.0,0.0,0.0,0.0,0.0,0.0,0.0,0.0,0.21917233277516443,0.0,0.0,0.2401150159690077,0.0,0.0,0.0,0.0,0.0,0.0,0.0,0.0,0.0,0.0,0.0,0.0,0.0,0.2237274372703182,0.20718030877490995,0.0,0.0,0.2407772333902521,0.0,0.0,0.0,0.0,0.0,0.0,0.0,0.0,0.0,0.0,0.0,0.0,0.0,0.0,0.0,0.0,0.0,0.0,0.0,0.0,0.0,0.0,0.276642140683322,0.0,0.0,0.0,0.0,0.0,0.0,0.0,0.0,0.0,0.0,0.0,0.0,0.0,0.4748041739570196,0.0,0.0,0.0
892ec6b7d5d18610afae6178542d991ee4b6b47adc7b61a02f78cc270f0cb84a,0.37335365889947003,0.0,0.0,0.0,0.0,0.0,0.0,0.0,0.0,0.0,0.15224361496653324,0.0,0.09912188902296926,0.0,0.0,0.0,0.0,0.19401346452617713,0.0,0.0,0.0,0.1449132582483941,0.0,0.0,0.0,0.0,0.0,0.0,0.0,0.0,0.0,0.0,0.0,0.0,0.0,0.0,0.0,0.0,0.0,0.0,0.0,0.0,0.0,0.1716175790181824,0.0,0.0,0.0,0.20705148026299083,0.24402256159916869,0.0,0.0,0.0,0.0,0.0,0.0,0.0,0.0,0.0,0.0,0.0,0.0,0.0,0.0,0.0,0.0,0.0,0.0,0.0,0.0,0.0,0.3413821382892142,0.0,0.0,0.0,0.0,0.09412691183133558,0.20095350302632353,0.1601670124227041,0.0,0.08611879589921632,0.0,0.0,0.0,0.0,0.0,0.0,0.0,0.0,0.0,0.0,0.0,0.0,0.0,0.0,0.0,0.0,0.0,0.0,0.0,0.12119361829040105,0.0,0.0,0.0,0.0,0.22583835907609393,0.0,0.0,0.0,0.0,0.0,0.0,0.0,0.0,0.0,0.0,0.0,0.12371241064191958,0.1145625040397393,0.0,0.0,0.13314027252906818,0.0,0.0,0.0,0.15647661499398346,0.0,0.0,0.0,0.0,0.0,0.0,0.0,0.0,0.14214271602377546,0.0,0.0,0.0,0.0,0.0,0.0,0.0,0.0,0.0,0.15297214560109432,0.0,0.1024657755774714,0.21200350149961547,0.0,0.0,0.0,0.0,0.28455676640416494,0.0,0.0,0.0,0.0,0.3491205550620346,0.0,0.0,0.0,0.0
917e115cc403e29b4388e0d175cbfac3e7e40ca1742299fbdb353847db2de7c2,0.0,0.0,0.0,0.0,0.0,0.0,0.0,0.0,0.0,0.0,0.0,0.0,0.0,0.0,0.0,0.0,0.0,0.0,0.0,0.0,0.0,0.0,0.0,0.0,0.0,0.0,0.42092553111800757,0.0,0.0,0.0,0.0,0.0,0.0,0.0,0.0,0.0,0.0,0.0,0.0,0.0,0.0,0.0,0.0,0.0,0.3888733305510544,0.0,0.0,0.0,0.0,0.0,0.0,0.0,0.0,0.0,0.0,0.0,0.0,0.0,0.3871467668412063,0.0,0.0,0.0,0.0,0.0,0.0,0.0,0.0,0.0,0.0,0.0,0.0,0.0,0.0,0.0,0.0,0.0,0.0,0.32393704888605823,0.0,0.17417487018855346,0.0,0.0,0.0,0.0,0.0,0.0,0.0,0.0,0.0,0.0,0.0,0.0,0.0,0.0,0.0,0.0,0.0,0.0,0.0,0.2451135377939462,0.0,0.0,0.0,0.0,0.0,0.0,0.0,0.0,0.0,0.0,0.0,0.0,0.0,0.0,0.0,0.0,0.0,0.0,0.0,0.22558321134938875,0.0,0.0,0.0,0.0,0.0,0.0,0.0,0.0,0.0,0.0,0.0,0.0,0.0,0.28748299199007726,0.0,0.0,0.0,0.0,0.0,0.0,0.0,0.0,0.3871467668412063,0.0,0.0,0.20723656170090432,0.0,0.0,0.0,0.0,0.0,0.0,0.0,0.0,0.0,0.0,0.0,0.0,0.0,0.0,0.0
973e8ee15e00b702b03fa42e45cce60344dbe7dbc7d3213a81a53623c303ff5c,0.0,0.0,0.0,0.0,0.0,0.0,0.0,0.0,0.0,0.0,0.0,0.0,0.17617471395359396,0.0,0.0,0.0,0.0,0.0,0.0,0.0,0.0,0.0,0.0,0.0,0.0,0.0,0.0,0.0,0.0,0.0,0.0,0.0,0.0,0.0,0.2880883539897187,0.0,0.0,0.0,0.0,0.0,0.0,0.0,0.0,0.0,0.0,0.0,0.0,0.0,0.0,0.0,0.0,0.0,0.0,0.0,0.0,0.0,0.0,0.0,0.0,0.0,0.0,0.0,0.0,0.0,0.0,0.0,0.0,0.0,0.0,0.0,0.0,0.0,0.6134428346754865,0.0,0.0,0.16729686985059394,0.35716556920572207,0.2846735254594763,0.0,0.15306361070314772,0.0,0.0,0.0,0.0,0.0,0.0,0.0,0.0,0.0,0.0,0.0,0.0,0.0,0.0,0.0,0.0,0.0,0.0,0.0,0.0,0.0,0.0,0.0,0.0,0.0,0.0,0.0,0.0,0.0,0.0,0.0,0.0,0.0,0.0,0.0,0.0,0.2198807828642091,0.0,0.22364142433042408,0.0,0.0,0.0,0.0,0.0,0.2781143817850728,0.0,0.0,0.0,0.0,0.0,0.0,0.0,0.0,0.0,0.0,0.0,0.0,0.0,0.0,0.0,0.0,0.0,0.0,0.27188569810140834,0.0,0.0,0.0,0.0,0.0,0.0,0.0,0.0,0.0,0.0,0.0,0.0,0.0,0.0,0.0,0.0,0.0
987bb2748cb98b169046adc19157f2225896231e547d55298efaea4cc19331ab,0.2966888206411699,0.0,0.0,0.0,0.0,0.0,0.0,0.0,0.0,0.0,0.12098174880008719,0.0,0.07876809468169223,0.0,0.0,0.0,0.0,0.0,0.0,0.0,0.0,0.11515661534352882,0.0,0.0,0.0,0.0,0.0,0.0,0.0,0.0,0.0,0.0,0.0,0.0,0.0,0.0,0.0,0.0,0.0,0.0,0.0,0.0,0.0,0.13637744242358515,0.0,0.0,0.0,0.0,0.1939147087083693,0.19180154834502938,0.0,0.0,0.0,0.0,0.0,0.0,0.0,0.0,0.0,0.0,0.0,0.0,0.0,0.0,0.0,0.0,0.2966888206411699,0.0,0.26844648134653,0.34509141434803053,0.0,0.2498437280237329,0.0,0.0,0.0,0.07479879143049689,0.15968949652813041,0.12727814737743592,0.0,0.06843507055934837,0.0,0.0,0.0,0.0,0.0,0.0,0.0,0.0,0.0,0.0,0.0,0.0,0.0,0.0,0.0,0.0,0.0,0.0,0.0,0.09630759153614457,0.0,0.0,0.0,0.0,0.0,0.0,0.0,0.0,0.0,0.0,0.0,0.0,0.0,0.0,0.0,0.0,0.0983091723815415,0.09103811735350256,0.0,0.0,0.10580110706007405,0.0,0.0,0.0,0.12434554009014766,0.3957509594807521,0.0,0.0,0.2189038960689645,0.0,0.0,0.0,0.0,0.11295497921230237,0.0,0.0,0.0,0.0,0.0,0.0,0.0,0.0,0.0,0.12156068217764138,0.0,0.0,0.1684704765372495,0.0,0.0,0.0,0.0,0.0,0.0,0.0,0.0,0.0,0.2774317681746247,0.0,0.0,0.0,0.0
1273d769ad266f4fc8772da8dc6402a318f05f8c3a84abe3e5542e83dce1497c,0.0,0.0,0.0,0.0,0.0,0.0,0.0,0.0,0.0,0.0,0.0,0.0,0.0,0.0,0.0,0.0,0.0,0.0,0.0,0.48185042069190087,0.4184229181872788,0.0,0.0,0.0,0.0,0.0,0.0,0.0,0.0,0.0,0.0,0.0,0.0,0.0,0.0,0.0,0.0,0.0,0.0,0.0,0.0,0.0,0.271432395382059,0.0,0.0,0.0,0.0,0.3095607066224278,0.0,0.0,0.0,0.0,0.0,0.0,0.0,0.0,0.0,0.0,0.0,0.0,0.0,0.0,0.0,0.0,0.0,0.0,0.0,0.0,0.0,0.0,0.0,0.0,0.0,0.0,0.0,0.14072825416019705,0.0,0.0,0.0,0.12875539589561277,0.0,0.0,0.0,0.0,0.0,0.0,0.0,0.0,0.0,0.0,0.0,0.0,0.0,0.0,0.0,0.0,0.0,0.0,0.0,0.1811954305685359,0.0,0.0,0.19850928789039796,0.0,0.0,0.0,0.0,0.0,0.0,0.0,0.0,0.0,0.0,0.0,0.0,0.0,0.0,0.0,0.0,0.0,0.19905676014318205,0.0,0.0,0.0,0.0,0.0,0.0,0.0,0.41185108119394587,0.0,0.0,0.0,0.0,0.0,0.0,0.0,0.0,0.0,0.0,0.0,0.0,0.0,0.2861907414105362,0.0,0.0,0.1531956103481516,0.0,0.0,0.0,0.0,0.0,0.0,0.0,0.0,0.0,0.0,0.0,0.0,0.0,0.0,0.0
0cb6db3b13d90d34c76a8978afe08abae24991fa0d11cecd642c7714f9b376a8,0.0,0.0,0.0,0.0,0.0,0.4883556169463148,0.0,0.0,0.0,0.0,0.0,0.0,0.0,0.0,0.0,0.0,0.0,0.0,0.0,0.5742881898372125,0.0,0.0,0.0,0.0,0.0,0.0,0.0,0.0,0.0,0.0,0.0,0.0,0.0,0.0,0.0,0.0,0.0,0.0,0.0,0.0,0.0,0.0,0.32350375202185916,0.0,0.0,0.0,0.0,0.0,0.0,0.0,0.0,0.0,0.0,0.0,0.0,0.0,0.0,0.0,0.0,0.0,0.0,0.0,0.0,0.0,0.0,0.0,0.0,0.0,0.0,0.0,0.0,0.0,0.0,0.0,0.0,0.1677254410706156,0.0,0.0,0.0,0.15345572000225505,0.0,0.0,0.0,0.0,0.0,0.0,0.0,0.0,0.0,0.0,0.0,0.0,0.0,0.0,0.0,0.0,0.0,0.0,0.0,0.0,0.0,0.0,0.23659113847976543,0.0,0.0,0.0,0.0,0.0,0.0,0.0,0.0,0.0,0.0,0.0,0.0,0.0,0.22044406044050557,0.20413977412379758,0.0,0.19874872925449324,0.23724363733736945,0.0,0.0,0.0,0.0,0.0,0.0,0.0,0.0,0.0,0.0,0.0,0.0,0.0,0.0,0.0,0.0,0.0,0.0,0.0,0.0,0.0,0.0,0.0,0.0,0.182584524117498,0.0,0.0,0.0,0.0,0.0,0.0,0.0,0.0,0.0,0.0,0.0,0.0,0.0,0.0,0.0
bb12e133c27f52db87c0f8096ed9b3c35fa0fe4d789c712b76edc3a1bb35e409,0.0,0.0,0.0,0.0,0.0,0.3946149996329952,0.0,0.0,0.0,0.0,0.0,0.0,0.14272238819408553,0.0,0.0,0.0,0.0,0.0,0.0,0.0,0.0,0.0,0.0,0.0,0.0,0.0,0.0,0.0,0.0,0.0,0.0,0.0,0.0,0.0,0.0,0.0,0.0,0.0,0.0,0.0,0.0,0.0,0.0,0.0,0.0,0.0,0.0,0.0,0.0,0.0,0.0,0.0,0.0,0.0,0.0,0.0,0.0,0.0,0.0,0.0,0.0,0.0,0.0,0.0,0.0,0.0,0.0,0.0,0.0,0.0,0.0,0.0,0.0,0.0,0.0,0.13553028278939788,0.0,0.0,0.0,0.12399965678909725,0.0,0.0,0.0,0.0,0.0,0.0,0.0,0.0,0.0,0.0,0.0,0.0,0.0,0.0,0.0,0.0,0.0,0.0,0.0,0.17450275420275985,0.0,0.0,0.19117710288284842,0.0,0.0,0.0,0.0,0.0,0.0,0.0,0.0,0.0,0.0,0.4144952987070201,0.0,0.0,0.0,0.0,0.0,0.1605986027400231,0.0,0.0,0.0,0.0,0.0,0.0,0.25879095907829985,0.0,0.0,0.0,0.0,0.0,0.0,0.0,0.0,0.0,0.0,0.0,0.0,0.0,0.0,0.0,0.0,0.0,0.0,0.14753714182330707,0.0,0.0,0.0,0.0,0.6252819875872047,0.0,0.0,0.0,0.21412439625993177,0.0,0.0,0.0,0.0,0.0,0.0
2026f682ca7fd084053865abf7f6a09d28296d469631ee635139cfe941e984cc,0.0,0.0,0.0,0.0,0.0,0.0,0.0,0.0,0.0,0.0,0.26061987316175084,0.0,0.1696828740594351,0.0,0.0,0.0,0.0,0.0,0.0,0.0,0.0,0.24807132300723847,0.0,0.0,0.0,0.0,0.35627566838473973,0.0,0.0,0.0,0.0,0.0,0.0,0.0,0.0,0.0,0.0,0.0,0.0,0.0,0.0,0.0,0.0,0.0,0.3291463584807712,0.0,0.0,0.0,0.0,0.0,0.0,0.0,0.0,0.0,0.0,0.0,0.0,0.0,0.3276849773236313,0.0,0.0,0.0,0.0,0.0,0.3276849773236313,0.0,0.0,0.0,0.0,0.0,0.0,0.0,0.0,0.0,0.0,0.16113216851808565,0.0,0.0,0.0,0.1474233889482344,0.0,0.0,0.0,0.0,0.0,0.0,0.0,0.0,0.0,0.0,0.0,0.0,0.0,0.0,0.0,0.0,0.0,0.0,0.0,0.0,0.0,0.0,0.0,0.0,0.0,0.0,0.0,0.0,0.0,0.0,0.0,0.0,0.0,0.0,0.0,0.0,0.0,0.1961150572948019,0.0,0.19093593393209402,0.0,0.0,0.0,0.0,0.26786617988200495,0.0,0.0,0.0,0.0,0.0,0.0,0.0,0.0,0.24332854043912805,0.0,0.0,0.0,0.0,0.0,0.0,0.0,0.0,0.3276849773236313,0.0,0.0,0.1754071422981603,0.0,0.0,0.0,0.0,0.0,0.0,0.0,0.0,0.0,0.0,0.0,0.0,0.0,0.0,0.0
2277b1869ee1c07aaadc672a9f9ac2f7e732a6c49d83d7185e207b767e0c3ea8,0.0,0.0,0.0,0.0,0.0,0.0,0.0,0.0,0.0,0.0,0.2570157585980381,0.0,0.1673363280720127,0.0,0.0,0.0,0.0,0.0,0.0,0.0,0.0,0.2446407424561729,0.0,0.0,0.0,0.0,0.35134872897085634,0.0,0.0,0.0,0.0,0.0,0.0,0.0,0.0,0.0,0.0,0.0,0.0,0.0,0.0,0.0,0.0,0.0,0.3245945905368995,0.0,0.0,0.0,0.0,0.0,0.0,0.0,0.0,0.0,0.0,0.0,0.0,0.0,0.3231534188328903,0.0,0.0,0.0,0.0,0.0,0.0,0.0,0.0,0.0,0.0,0.0,0.0,0.0,0.0,0.0,0.0,0.15890387031429434,0.0,0.270391938665223,0.0,0.14538466958008223,0.0,0.0,0.0,0.0,0.0,0.0,0.0,0.0,0.0,0.0,0.0,0.0,0.0,0.0,0.0,0.0,0.0,0.0,0.0,0.20459754419911605,0.0,0.0,0.0,0.0,0.0,0.0,0.0,0.0,0.0,0.0,0.0,0.0,0.0,0.0,0.0,0.0,0.0,0.0,0.0,0.1882954791890528,0.0,0.0,0.0,0.0,0.26416185607765846,0.0,0.30342211462652485,0.0,0.0,0.0,0.0,0.0,0.0,0.23996354787073962,0.0,0.0,0.0,0.0,0.0,0.0,0.0,0.0,0.0,0.2582456548649179,0.0,0.17298143535391788,0.0,0.0,0.0,0.0,0.0,0.0,0.0,0.0,0.0,0.0,0.0,0.0,0.0,0.0,0.0
3022b39e282c4983956263cdde6892c555e7e6cece866a3590b974f2cba5a604,0.0,0.0,0.0,0.0,0.0,0.0,0.0,0.0,0.0,0.0,0.2570157585980381,0.0,0.1673363280720127,0.0,0.0,0.0,0.0,0.0,0.0,0.0,0.0,0.2446407424561729,0.0,0.0,0.0,0.0,0.35134872897085634,0.0,0.0,0.0,0.0,0.0,0.0,0.0,0.0,0.0,0.0,0.0,0.0,0.0,0.0,0.0,0.0,0.0,0.3245945905368995,0.0,0.0,0.0,0.0,0.0,0.0,0.0,0.0,0.0,0.0,0.0,0.0,0.0,0.3231534188328903,0.0,0.0,0.0,0.0,0.0,0.0,0.0,0.0,0.0,0.0,0.0,0.0,0.0,0.0,0.0,0.0,0.15890387031429434,0.0,0.270391938665223,0.0,0.14538466958008223,0.0,0.0,0.0,0.0,0.0,0.0,0.0,0.0,0.0,0.0,0.0,0.0,0.0,0.0,0.0,0.0,0.0,0.0,0.0,0.20459754419911605,0.0,0.0,0.0,0.0,0.0,0.0,0.0,0.0,0.0,0.0,0.0,0.0,0.0,0.0,0.0,0.0,0.0,0.0,0.0,0.1882954791890528,0.0,0.0,0.0,0.0,0.26416185607765846,0.0,0.30342211462652485,0.0,0.0,0.0,0.0,0.0,0.0,0.23996354787073962,0.0,0.0,0.0,0.0,0.0,0.0,0.0,0.0,0.0,0.2582456548649179,0.0,0.17298143535391788,0.0,0.0,0.0,0.0,0.0,0.0,0.0,0.0,0.0,0.0,0.0,0.0,0.0,0.0,0.0
0ba6e305edc2ba967fee018f839a0bfb52e6f5479d5190e8ff3263def3ca25f3,0.0,0.0,0.0,0.0,0.0,0.0,0.0,0.0,0.0,0.0,0.19852664517570465,0.0,0.12925557564784806,0.0,0.0,0.0,0.0,0.0,0.0,0.0,0.0,0.18896781325021958,0.0,0.0,0.0,0.0,0.0,0.0,0.0,0.0,0.0,0.0,0.0,0.0,0.0,0.0,0.0,0.0,0.0,0.0,0.0,0.0,0.2367412333663279,0.22379041789795712,0.0,0.0,0.0,0.0,0.0,0.0,0.0,0.0,0.0,0.0,0.0,0.0,0.0,0.0,0.0,0.0,0.0,0.0,0.0,0.0,0.0,0.0,0.0,0.0,0.4405109025082184,0.0,0.4451644862240323,0.4099844615794406,0.0,0.0,0.0,0.12274209352380508,0.0,0.0,0.0,0.11229945925943066,0.0,0.0,0.0,0.0,0.0,0.0,0.0,0.0,0.0,0.0,0.0,0.0,0.0,0.0,0.0,0.0,0.0,0.0,0.0,0.0,0.0,0.0,0.0,0.0,0.0,0.0,0.0,0.0,0.0,0.0,0.0,0.0,0.0,0.0,0.0,0.0,0.16132177271761677,0.14939023613527017,0.0,0.14544504970848005,0.17361576476481652,0.0,0.0,0.0,0.20404650421651296,0.0,0.23437230003912254,0.0,0.0,0.0,0.0,0.0,0.0,0.0,0.0,0.0,0.0,0.0,0.0,0.0,0.0,0.0,0.0,0.0,0.0,0.13361602504770884,0.0,0.0,0.0,0.0,0.0,0.0,0.0,0.0,0.0,0.0,0.0,0.0,0.0,0.0,0.0
3610ef9aa2f76e449684abe6a2ffe45b4fc8f5d021044d6a5bf50d7632d84ce1,0.0,0.0,0.0,0.0,0.23775631099750313,0.0,0.0,0.0,0.0,0.0,0.13140092437492903,0.0,0.0855517510292332,0.0,0.0,0.0,0.0,0.0,0.0,0.0,0.0,0.12507411947757296,0.0,0.0,0.0,0.0,0.0,0.0,0.0,0.0,0.0,0.0,0.0,0.0,0.0,0.0,0.0,0.0,0.0,0.0,0.0,0.0,0.15669441688527172,0.0,0.0,0.0,0.0,0.0,0.21061500785775106,0.0,0.0,0.0,0.0,0.4298337758694925,0.4298337758694925,0.0,0.0,0.0,0.16521421947504084,0.0,0.0,0.0,0.0,0.0,0.0,0.0,0.0,0.0,0.0,0.0,0.0,0.0,0.0,0.0,0.0,0.08124060392229782,0.0,0.0,0.0,0.0743288274500078,0.0,0.3274651749624857,0.0,0.0,0.0,0.0,0.0,0.0,0.17824874921520392,0.0,0.0,0.0,0.0,0.0,0.0,0.0,0.0,0.0,0.0,0.0,0.0,0.0,0.11459684857628613,0.0,0.0,0.0,0.0,0.0,0.0,0.0,0.0,0.0,0.0,0.0,0.0,0.0,0.0,0.09887849111332142,0.10860193852325097,0.09626724896568507,0.11491289723838528,0.0,0.0,0.0,0.13505441169266205,0.0,0.15512646600038235,0.0,0.0,0.0,0.0,0.0,0.0,0.0,0.0,0.0,0.0,0.269253537002817,0.0,0.0,0.0,0.0,0.0,0.13202971658298204,0.0,0.08843784766036655,0.1829794705931993,0.19800040365530405,0.0,0.0,0.0,0.0,0.0,0.0,0.12835209156676433,0.0,0.0,0.0,0.0,0.0,0.0
4304e038656f1705995b08e0a5b7a4ef7b020d492f14d73a365f36aeaae2cfa8,0.0,0.0,0.0,0.0,0.0,0.739824194805639,0.0,0.0,0.0,0.0,0.0,0.0,0.26757593103310523,0.0,0.0,0.0,0.0,0.0,0.0,0.0,0.0,0.0,0.0,0.0,0.0,0.0,0.0,0.0,0.0,0.0,0.0,0.0,0.0,0.0,0.0,0.0,0.0,0.0,0.0,0.0,0.0,0.0,0.0,0.0,0.0,0.0,0.0,0.0,0.0,0.0,0.0,0.0,0.0,0.0,0.0,0.0,0.0,0.0,0.0,0.0,0.0,0.0,0.0,0.0,0.0,0.0,0.0,0.0,0.0,0.0,0.0,0.0,0.0,0.0,0.0,0.25409217193897826,0.0,0.0,0.0,0.0,0.0,0.0,0.0,0.0,0.0,0.0,0.0,0.0,0.0,0.0,0.0,0.0,0.0,0.0,0.0,0.0,0.0,0.0,0.0,0.0,0.0,0.0,0.3584188293326903,0.0,0.0,0.0,0.0,0.0,0.0,0.0,0.0,0.0,0.0,0.0,0.0,0.0,0.33395714896223094,0.0,0.0,0.0,0.0,0.0,0.0,0.0,0.0,0.0,0.0,0.0,0.0,0.0,0.0,0.0,0.0,0.0,0.0,0.0,0.0,0.0,0.0,0.0,0.0,0.0,0.0,0.0,0.0,0.27660263105778554,0.0,0.0,0.0,0.0,0.0,0.0,0.0,0.0,0.0,0.0,0.0,0.0,0.0,0.0,0.0
4500eda0f4d1cf716592b3e4d2576df69c3a68b585c6de4b560452454474c831,0.0,0.0,0.0,0.0,0.0,0.0,0.0,0.0,0.0,0.0,0.2511746143905061,0.0,0.16353330981056755,0.0,0.0,0.0,0.0,0.0,0.0,0.0,0.0,0.23908084269158655,0.0,0.0,0.0,0.0,0.0,0.0,0.0,0.0,0.0,0.0,0.0,0.0,0.0,0.0,0.0,0.0,0.0,0.0,0.0,0.0,0.0,0.2831381745763189,0.0,0.0,0.0,0.0,0.0,0.0,0.0,0.0,0.0,0.0,0.0,0.0,0.0,0.0,0.0,0.0,0.0,0.0,0.0,0.0,0.0,0.0,0.0,0.0,0.0,0.0,0.0,0.0,0.0,0.0,0.0,0.1552924947834562,0.33153717904132585,0.26424679676842655,0.0,0.14208054213974972,0.0,0.0,0.0,0.0,0.0,0.0,0.0,0.0,0.3407248545829954,0.0,0.0,0.0,0.0,0.0,0.0,0.0,0.0,0.0,0.0,0.1999476979535284,0.0,0.0,0.0,0.0,0.0,0.0,0.0,0.0,0.0,0.0,0.0,0.0,0.0,0.0,0.0,0.0,0.20410325283680872,0.0,0.2075940497405176,0.18401612661717512,0.0,0.0,0.0,0.0,0.2581583039846052,0.0,0.0,0.0,0.0,0.0,0.0,0.0,0.0,0.23450994574412393,0.0,0.0,0.0,0.0,0.0,0.0,0.0,0.0,0.0,0.25237655905825307,0.0,0.16905012190201257,0.0,0.0,0.0,0.0,0.0,0.0,0.0,0.0,0.24534672993250295,0.0,0.0,0.0,0.0,0.0,0.0
4715d0fa523a32f9162dfba45a7fbc845a0b28fdfa9631d477168fd422fdd271,0.3959472859342307,0.0,0.0,0.0,0.0,0.0,0.0,0.0,0.0,0.0,0.1614566904861808,0.0,0.10512028474826444,0.0,0.0,0.0,0.0,0.0,0.0,0.0,0.0,0.1536827346716525,0.0,0.0,0.0,0.0,0.0,0.0,0.0,0.0,0.0,0.0,0.0,0.0,0.0,0.0,0.0,0.0,0.0,0.0,0.0,0.0,0.0,0.1820030767373555,0.0,0.0,0.0,0.0,0.2587896721213748,0.0,0.0,0.0,0.3017768184837519,0.0,0.0,0.0,0.0,0.0,0.0,0.0,0.0,0.0,0.0,0.0,0.0,0.0,0.0,0.17189714190218638,0.0,0.0,0.36204099759053,0.0,0.0,0.0,0.0,0.09982303476774859,0.2131142744302752,0.16985957510607888,0.0,0.09133030490374835,0.0,0.0,0.0,0.0,0.0,0.0,0.0,0.0,0.0,0.0,0.0,0.0,0.0,0.0,0.0,0.0,0.0,0.0,0.0,0.12852769241925205,0.0,0.0,0.0,0.0,0.0,0.0,0.0,0.0,0.0,0.0,0.0,0.0,0.0,0.0,0.0,0.0,0.13119891036942674,0.12149529397427984,0.13344281752779896,0.11828677381187654,0.14119730261066737,0.0,0.0,0.0,0.16594585198835785,0.0,0.0,0.0,0.0,0.0,0.0,0.0,0.0,0.1507445321169018,0.0,0.0,0.0,0.0,0.0,0.0,0.0,0.0,0.0,0.0,0.0,0.0,0.2248329674195822,0.0,0.0,0.0,0.0,0.0,0.0,0.0,0.0,0.0,0.3702477073564337,0.0,0.0,0.0,0.0
5251a8e8d7f924572e563bf7ebe78dbcb71c94811aa39c45f548caa1ea8ab870,0.0,0.0,0.0,0.0,0.0,0.0,0.0,0.0,0.0,0.0,0.24466629864348988,0.0,0.15929591337628032,0.0,0.0,0.0,0.0,0.0,0.0,0.0,0.0,0.23288589493750983,0.0,0.0,0.0,0.0,0.33446662383389864,0.0,0.0,0.0,0.0,0.0,0.0,0.0,0.0,0.0,0.0,0.0,0.0,0.0,0.0,0.0,0.0,0.0,0.3089980064240644,0.0,0.0,0.0,0.0,0.0,0.0,0.0,0.0,0.0,0.0,0.0,0.0,0.0,0.30762608219477566,0.0,0.0,0.0,0.0,0.0,0.0,0.0,0.0,0.0,0.0,0.0,0.0,0.0,0.0,0.0,0.0,0.15126863038280758,0.0,0.25739976092175165,0.0,0.1383990194986317,0.0,0.0,0.0,0.0,0.0,0.0,0.0,0.0,0.0,0.0,0.0,0.0,0.0,0.0,0.0,0.0,0.0,0.0,0.0,0.0,0.0,0.0,0.0,0.0,0.36293827770060283,0.0,0.0,0.0,0.0,0.0,0.0,0.0,0.0,0.0,0.0,0.0,0.0,0.0,0.0,0.17924798928978777,0.0,0.0,0.0,0.0,0.2514690302332626,0.0,0.28884285585132685,0.0,0.0,0.0,0.0,0.0,0.0,0.22843343687230983,0.0,0.0,0.0,0.0,0.0,0.0,0.0,0.0,0.0,0.24583709909936208,0.0,0.16466977648741057,0.0,0.0,0.0,0.0,0.0,0.0,0.0,0.0,0.0,0.0,0.0,0.0,0.0,0.0,0.0
bbb0f1a271db0950dc5d182412a1306042dec012ce98847d278098beda085c0f,0.0,0.0,0.0,0.0,0.0,0.0,0.0,0.0,0.0,0.0,0.19338281578820424,0.0,0.1259065610713551,0.0,0.0,0.0,0.0,0.0,0.0,0.0,0.0,0.18407165339103349,0.0,0.0,0.0,0.0,0.0,0.0,0.0,0.0,0.0,0.0,0.0,0.0,0.0,0.0,0.0,0.0,0.0,0.0,0.0,0.0,0.0,0.21799200364879825,0.0,0.0,0.0,0.0,0.0,0.0,0.0,0.0,0.36144956720135846,0.0,0.0,0.0,0.0,0.0,0.0,0.0,0.0,0.0,0.0,0.0,0.0,0.0,0.0,0.20588774133106932,0.4290972561242246,0.0,0.0,0.39936175589666234,0.0,0.0,0.0,0.11956184340074333,0.25525506778249074,0.20344727012358135,0.0,0.10938977800114003,0.0,0.0,0.0,0.0,0.0,0.0,0.0,0.0,0.0,0.0,0.0,0.0,0.0,0.0,0.0,0.0,0.0,0.0,0.0,0.15394250304494228,0.0,0.0,0.0,0.0,0.0,0.0,0.0,0.0,0.0,0.0,0.0,0.0,0.0,0.0,0.0,0.0,0.1571419223271862,0.1455195320987509,0.1598295352303534,0.14167656553198676,0.16911737679205735,0.0,0.0,0.0,0.19875965516974295,0.0,0.0,0.0,0.0,0.0,0.0,0.0,0.0,0.18055245649877205,0.0,0.0,0.0,0.0,0.0,0.0,0.0,0.0,0.0,0.0,0.0,0.0,0.0,0.0,0.0,0.0,0.0,0.0,0.0,0.0,0.0,0.0,0.0,0.0,0.0,0.0,0.0
00d56f9d4e23372133f953d1a0bb58567bc2e9bc34f9e70304116a6382448458,0.0,0.0,0.0,0.0,0.0,0.0,0.0,0.0,0.0,0.0,0.20791097930303273,0.0,0.13536547343323602,0.0,0.0,0.0,0.0,0.0,0.0,0.0,0.0,0.1979003023741914,0.0,0.0,0.0,0.0,0.0,0.0,0.0,0.0,0.0,0.0,0.0,0.0,0.0,0.0,0.0,0.0,0.0,0.0,0.0,0.0,0.0,0.23436896796709322,0.0,0.0,0.0,0.0,0.33324858822664283,0.3296170550001531,0.0,0.0,0.0,0.0,0.0,0.0,0.0,0.0,0.0,0.0,0.0,0.0,0.0,0.0,0.0,0.0,0.0,0.0,0.0,0.0,0.0,0.0,0.0,0.0,0.0,0.1285440996781714,0.27443147364677467,0.21873154031560305,0.0,0.11760784316465435,0.0,0.0,0.0,0.0,0.0,0.0,0.0,0.0,0.28203661568719274,0.0,0.0,0.0,0.0,0.0,0.0,0.0,0.0,0.0,0.0,0.1655076560654069,0.0,0.0,0.0,0.0,0.30841539338134016,0.0,0.0,0.0,0.0,0.0,0.0,0.0,0.0,0.0,0.0,0.0,0.16894743634506149,0.0,0.17183696005174362,0.15232022226993758,0.0,0.0,0.0,0.0,0.21369176151377045,0.0,0.0,0.0,0.0,0.0,0.0,0.0,0.0,0.19411672072942102,0.0,0.0,0.0,0.0,0.0,0.0,0.0,0.0,0.0,0.20890589470698678,0.0,0.1399320408283784,0.0,0.0,0.0,0.0,0.0,0.0,0.0,0.0,0.20308692027991615,0.0,0.0,0.0,0.0,0.0,0.0
6241dc2ac2d2b14d6c220040b7e39755bc2e4034e70cbffd21cb8fcc44c151cb,0.0,0.0,0.0,0.0,0.0,0.0,0.0,0.0,0.0,0.0,0.0,0.0,0.0,0.0,0.0,0.0,0.0,0.0,0.0,0.0,0.0,0.0,0.0,0.0,0.0,0.0,0.47356721208754593,0.0,0.0,0.0,0.0,0.0,0.0,0.0,0.0,0.0,0.0,0.0,0.0,0.0,0.0,0.0,0.0,0.0,0.43750650742217023,0.0,0.0,0.0,0.0,0.0,0.0,0.0,0.0,0.0,0.0,0.0,0.0,0.0,0.43556401664383093,0.0,0.0,0.0,0.0,0.0,0.0,0.0,0.0,0.0,0.0,0.0,0.0,0.0,0.0,0.0,0.0,0.0,0.0,0.36444918113040264,0.0,0.195957483196188,0.0,0.0,0.0,0.0,0.0,0.0,0.0,0.0,0.0,0.0,0.0,0.0,0.0,0.0,0.0,0.0,0.0,0.0,0.0,0.0,0.0,0.0,0.0,0.0,0.0,0.0,0.0,0.0,0.0,0.0,0.0,0.0,0.0,0.0,0.0,0.0,0.0,0.0,0.0,0.25379504115310114,0.0,0.0,0.0,0.0,0.0,0.0,0.0,0.0,0.0,0.0,0.0,0.0,0.0,0.3234361163071367,0.0,0.0,0.0,0.0,0.0,0.0,0.0,0.0,0.0,0.0,0.0,0.23315392750503422,0.0,0.0,0.0,0.0,0.0,0.0,0.0,0.0,0.0,0.0,0.0,0.0,0.0,0.0,0.0
6510c3886e8ddeb0b7b164f915cdb5af33622d9f662b4ef814679e75657daff1,0.0,0.0,0.0,0.0,0.0,0.0,0.0,0.0,0.0,0.0,0.21763520039049397,0.0,0.14169666284750493,0.0,0.0,0.0,0.0,0.0,0.0,0.0,0.0,0.20715631328815662,0.0,0.0,0.0,0.0,0.0,0.0,0.0,0.0,0.0,0.0,0.0,0.0,0.0,0.0,0.0,0.0,0.0,0.0,0.0,0.0,0.0,0.2453306577642943,0.0,0.0,0.0,0.0,0.3488349846731576,0.3450336007148824,0.0,0.0,0.0,0.0,0.0,0.0,0.0,0.0,0.0,0.0,0.0,0.0,0.0,0.0,0.0,0.0,0.0,0.2317083845319964,0.0,0.0,0.0,0.0,0.0,0.0,0.0,0.13455624607346742,0.28726693011013665,0.22896185072999317,0.0,0.12310848902946792,0.0,0.0,0.0,0.0,0.0,0.0,0.0,0.0,0.29522777285886015,0.0,0.0,0.0,0.0,0.0,0.0,0.0,0.0,0.0,0.0,0.17324862792097084,0.0,0.0,0.0,0.0,0.0,0.0,0.0,0.0,0.0,0.0,0.0,0.0,0.0,0.0,0.0,0.0,0.17684929043995584,0.0,0.17987396029166325,0.15944440360182024,0.0,0.0,0.0,0.0,0.22368635602962936,0.0,0.0,0.0,0.0,0.0,0.0,0.0,0.0,0.20319576944283507,0.0,0.0,0.0,0.0,0.0,0.0,0.0,0.0,0.0,0.21867664906259865,0.0,0.14647681353252465,0.0,0.0,0.0,0.0,0.0,0.0,0.0,0.0,0.0,0.0,0.0,0.0,0.0,0.0,0.0
6660d0e87a142ab1bde4521d9c6f5e148490b05a57c71122e28280b35452e896,0.0,0.0,0.0,0.0,0.0,0.6187060771213458,0.0,0.0,0.0,0.0,0.34369436709416445,0.0,0.22377053330227542,0.0,0.0,0.0,0.0,0.0,0.0,0.0,0.0,0.0,0.0,0.0,0.0,0.0,0.0,0.0,0.0,0.0,0.0,0.0,0.0,0.0,0.3659190536698411,0.0,0.0,0.0,0.0,0.0,0.0,0.0,0.0,0.0,0.0,0.0,0.0,0.0,0.0,0.0,0.0,0.0,0.0,0.0,0.0,0.0,0.0,0.0,0.0,0.0,0.0,0.0,0.0,0.0,0.0,0.0,0.0,0.0,0.0,0.0,0.0,0.0,0.0,0.0,0.0,0.0,0.0,0.0,0.0,0.0,0.0,0.0,0.0,0.0,0.0,0.0,0.0,0.0,0.0,0.0,0.0,0.0,0.0,0.0,0.0,0.0,0.0,0.0,0.0,0.27359810093400355,0.0,0.0,0.0,0.0,0.0,0.0,0.0,0.0,0.0,0.0,0.0,0.0,0.0,0.0,0.0,0.0,0.0,0.0,0.0,0.0,0.0,0.0,0.0,0.0,0.0,0.0,0.0,0.0,0.0,0.0,0.0,0.0,0.0,0.0,0.0,0.0,0.0,0.0,0.0,0.0,0.0,0.0,0.4321369645422725,0.0,0.0,0.2313194539794213,0.0,0.0,0.0,0.0,0.0,0.0,0.0,0.0,0.0,0.0,0.0,0.0,0.0,0.0,0.0
cf10cad3b15bac59bdf48a71791d3affd9f13606e8bcc7311756a1309f866e9a,0.0,0.0,0.0,0.0,0.0,0.0,0.30532993936270836,0.0,0.0,0.0,0.0,0.0,0.11475391792345467,0.0,0.0,0.0,0.29615215977231035,0.22461038024732236,0.0,0.0,0.0,0.0,0.0,0.0,0.0,0.30259929746087894,0.0,0.0,0.0,0.0,0.0,0.0,0.0,0.0,0.0,0.0,0.0,0.0,0.0,0.0,0.0,0.0,0.0,0.0,0.0,0.0,0.0,0.0,0.0,0.2794275934351466,0.0,0.0,0.0,0.0,0.0,0.0,0.0,0.0,0.0,0.0,0.1665180166472941,0.3039530473412019,0.0,0.0,0.0,0.0,0.0,0.0,0.0,0.0,0.0,0.0,0.0,0.0,0.0,0.10897120727973969,0.0,0.0,0.0,0.0,0.0,0.0,0.0,0.0,0.0,0.0,0.0,0.0,0.23909203600532436,0.0,0.0,0.0,0.0,0.0,0.0,0.0,0.0,0.0,0.0,0.1403064717917194,0.0,0.0,0.15371324604818637,0.0,0.0,0.0,0.0,0.0,0.0,0.0,0.0,0.0,0.0,0.0,0.2304227926510083,0.2622637400310567,0.14322249058051997,0.13262959690604045,0.14567203814877797,0.12912703543321055,0.15413717451012926,0.0,0.0,0.0,0.0,0.0,0.0,0.0,0.0,0.0,0.0,0.0,0.2937111783690641,0.0,0.0,0.0,0.0,0.0,0.0,0.0,0.0,0.0,0.0,0.17709663540426432,0.0,0.11862515249134878,0.0,0.0,0.0,0.0,0.0,0.0,0.0,0.0,0.0,0.0,0.0,0.0,0.0,0.0,0.0
07667fb2483b4727216ad7f7ce6413f32bea9530ad405fc7a415812ef6f3449a,0.0,0.0,0.0,0.0,0.0,0.0,0.0,0.0,0.0,0.0,0.0,0.0,0.36810692077487056,0.0,0.0,0.0,0.0,0.0,0.0,0.0,0.0,0.0,0.0,0.0,0.0,0.0,0.0,0.0,0.0,0.0,0.0,0.0,0.0,0.0,0.0,0.0,0.0,0.0,0.0,0.0,0.0,0.0,0.0,0.0,0.0,0.0,0.0,0.0,0.0,0.0,0.0,0.0,0.0,0.0,0.0,0.0,0.0,0.0,0.0,0.0,0.0,0.0,0.0,0.0,0.0,0.0,0.0,0.0,0.0,0.0,0.0,0.0,0.0,0.0,0.0,0.0,0.0,0.0,0.0,0.0,0.0,0.0,0.0,0.0,0.0,0.0,0.0,0.0,0.0,0.0,0.0,0.0,0.0,0.0,0.0,0.0,0.0,0.0,0.0,0.0,0.0,0.0,0.4930804168520932,0.0,0.0,0.0,0.0,0.0,0.0,0.0,0.0,0.0,0.0,0.0,0.0,0.0,0.0,0.0,0.0,0.41421291980473207,0.0,0.0,0.0,0.0,0.0,0.0,0.0,0.0,0.0,0.0,0.0,0.0,0.0,0.0,0.0,0.0,0.0,0.0,0.0,0.0,0.0,0.0,0.0,0.0,0.0,0.38052504350367605,0.0,0.0,0.0,0.0,0.0,0.0,0.0,0.0,0.5522656477891535,0.0,0.0,0.0,0.0,0.0,0.0
7767d8ab0cab91977e3ba3fb74784b15699c62acd71f0e3cf80d7528c6b837d4,0.0,0.0,0.0,0.0,0.0,0.0,0.0,0.0,0.0,0.0,0.23306306342601035,0.0,0.15174134635035127,0.0,0.0,0.0,0.0,0.0,0.0,0.0,0.0,0.22184134228446692,0.0,0.0,0.0,0.0,0.0,0.0,0.0,0.0,0.0,0.0,0.0,0.0,0.0,0.0,0.0,0.0,0.0,0.0,0.0,0.0,0.0,0.2627218140644219,0.0,0.0,0.0,0.0,0.37356342178203356,0.36949256289071236,0.0,0.0,0.0,0.0,0.0,0.0,0.0,0.0,0.0,0.0,0.0,0.0,0.0,0.0,0.0,0.0,0.0,0.0,0.0,0.0,0.0,0.0,0.0,0.0,0.0,0.14409475515320253,0.3076308916587301,0.24519264458633008,0.0,0.13183548219899272,0.0,0.0,0.0,0.0,0.0,0.0,0.0,0.0,0.0,0.0,0.0,0.0,0.0,0.0,0.0,0.0,0.0,0.0,0.0,0.1855299872684481,0.0,0.0,0.0,0.0,0.0,0.0,0.0,0.0,0.0,0.0,0.0,0.0,0.0,0.0,0.0,0.0,0.18938589585093912,0.0,0.0,0.1707472002823885,0.0,0.0,0.0,0.0,0.23954317724948204,0.0,0.0,0.0,0.0,0.0,0.0,0.0,0.0,0.21760004087841006,0.0,0.0,0.0,0.0,0.0,0.0,0.0,0.0,0.0,0.2341783389765011,0.0,0.15686035540904072,0.0,0.0,0.0,0.0,0.0,0.0,0.0,0.0,0.22765541262351596,0.0,0.0,0.0,0.0,0.0,0.0
0dba4ae0e70438be2e61de3aa90147b489dd87912930fde95e6255e83efbc4c8,0.0,0.0,0.0,0.0,0.0,0.0,0.0,0.0,0.0,0.0,0.0,0.0,0.2083360113302844,0.0,0.0,0.0,0.0,0.0,0.0,0.0,0.0,0.0,0.0,0.0,0.0,0.0,0.4374339608327759,0.0,0.0,0.0,0.0,0.0,0.0,0.0,0.0,0.0,0.0,0.0,0.0,0.0,0.0,0.0,0.0,0.0,0.40412469349000185,0.0,0.0,0.0,0.0,0.0,0.0,0.0,0.0,0.0,0.0,0.0,0.0,0.0,0.4023304150573704,0.0,0.0,0.0,0.0,0.0,0.0,0.0,0.0,0.0,0.0,0.0,0.0,0.0,0.0,0.0,0.0,0.0,0.0,0.33664165245177957,0.0,0.1810058970330157,0.0,0.0,0.0,0.0,0.0,0.0,0.0,0.0,0.0,0.0,0.0,0.0,0.0,0.0,0.0,0.0,0.0,0.0,0.0,0.0,0.0,0.0,0.0,0.0,0.0,0.0,0.0,0.0,0.0,0.0,0.0,0.0,0.0,0.0,0.0,0.0,0.0,0.0,0.0,0.2344304404055637,0.0,0.0,0.0,0.0,0.0,0.0,0.0,0.0,0.0,0.0,0.0,0.0,0.0,0.29875789079427684,0.0,0.0,0.0,0.0,0.0,0.0,0.0,0.0,0.0,0.3215193634151024,0.0,0.21536424690945613,0.0,0.0,0.0,0.0,0.0,0.0,0.0,0.0,0.0,0.0,0.0,0.0,0.0,0.0,0.0
9474ca0fa771bd4dd2202e312ada0090f6890635b9039b5be855cc7cb8eab6ee,0.0,0.0,0.0,0.0,0.0,0.6460798885603847,0.0,0.0,0.0,0.0,0.0,0.0,0.0,0.0,0.0,0.0,0.0,0.0,0.0,0.0,0.0,0.0,0.0,0.0,0.0,0.0,0.0,0.0,0.0,0.0,0.0,0.0,0.0,0.0,0.0,0.0,0.0,0.0,0.0,0.0,0.0,0.0,0.0,0.0,0.0,0.0,0.0,0.0,0.0,0.0,0.0,0.0,0.0,0.0,0.0,0.0,0.0,0.0,0.0,0.0,0.0,0.0,0.0,0.0,0.0,0.0,0.0,0.0,0.0,0.0,0.0,0.0,0.0,0.0,0.0,0.22189574669632026,0.0,0.0,0.0,0.20301733211949427,0.0,0.0,0.0,0.0,0.0,0.0,0.0,0.0,0.48685801674520707,0.0,0.0,0.0,0.0,0.0,0.0,0.0,0.0,0.0,0.0,0.0,0.0,0.0,0.3130030065778582,0.0,0.0,0.0,0.0,0.0,0.0,0.0,0.0,0.0,0.0,0.0,0.0,0.0,0.0,0.0,0.29662886632813995,0.26293862995002054,0.0,0.0,0.0,0.0,0.0,0.0,0.0,0.0,0.0,0.0,0.0,0.0,0.0,0.0,0.0,0.0,0.0,0.0,0.0,0.0,0.0,0.0,0.0,0.0,0.0,0.0,0.0,0.0,0.0,0.0,0.0,0.0,0.0,0.0,0.0,0.0,0.0,0.0,0.0,0.0,0.0
10431b996eebfb109db1ffbf5f789d750cae0942f011591275f086e4cc946498,0.0,0.0,0.0,0.0,0.0,0.0,0.0,0.0,0.0,0.0,0.21495271523765144,0.0,0.13995016598663976,0.0,0.0,0.0,0.0,0.0,0.0,0.0,0.0,0.20460298674118252,0.0,0.0,0.0,0.0,0.0,0.0,0.0,0.0,0.0,0.0,0.0,0.0,0.0,0.0,0.0,0.0,0.0,0.0,0.0,0.0,0.0,0.2423068093895414,0.0,0.0,0.0,0.0,0.34453538302094866,0.34078085341348635,0.0,0.0,0.0,0.0,0.0,0.0,0.0,0.0,0.0,0.0,0.0,0.0,0.0,0.0,0.0,0.0,0.0,0.0,0.0,0.0,0.0,0.0,0.0,0.0,0.0,0.13289775915744156,0.2837261918768892,0.2261397577778947,0.0,0.12159110262589949,0.0,0.0,0.0,0.0,0.0,0.0,0.0,0.0,0.29158891243563956,0.0,0.0,0.0,0.0,0.0,0.0,0.0,0.0,0.0,0.0,0.17111323405401144,0.0,0.0,0.0,0.0,0.31886111282166635,0.0,0.0,0.0,0.0,0.0,0.0,0.0,0.0,0.0,0.0,0.0,0.17466951623502608,0.0,0.17765690520590677,0.0,0.0,0.0,0.0,0.0,0.22092928673263004,0.0,0.0,0.0,0.0,0.0,0.0,0.0,0.0,0.20069125898830925,0.0,0.0,0.0,0.0,0.0,0.0,0.0,0.0,0.0,0.21598132742652476,0.0,0.1446713984304103,0.0,0.0,0.0,0.0,0.0,0.0,0.0,0.0,0.0,0.0,0.0,0.0,0.0,0.0,0.0
a196c6b8ffcb97ffb276d04f354696e2391311db3841ae16c8c9f56f36a38e92,0.0,0.0,0.0,0.0,0.0,0.5973425890193045,0.0,0.0,0.0,0.0,0.0,0.0,0.21604389329894308,0.0,0.0,0.0,0.0,0.0,0.0,0.0,0.0,0.0,0.0,0.0,0.0,0.0,0.0,0.0,0.0,0.0,0.0,0.0,0.0,0.0,0.0,0.0,0.0,0.0,0.0,0.0,0.0,0.0,0.0,0.0,0.0,0.0,0.0,0.0,0.0,0.0,0.0,0.0,0.0,0.0,0.0,0.0,0.0,0.0,0.0,0.0,0.0,0.0,0.0,0.0,0.0,0.0,0.0,0.0,0.0,0.0,0.0,0.0,0.0,0.0,0.0,0.0,0.0,0.0,0.0,0.18770263698235573,0.0,0.0,0.0,0.0,0.0,0.0,0.0,0.0,0.0,0.0,0.0,0.0,0.0,0.0,0.0,0.0,0.0,0.0,0.0,0.0,0.0,0.0,0.0,0.0,0.0,0.0,0.0,0.0,0.708643179342047,0.0,0.0,0.0,0.0,0.0,0.0,0.0,0.0,0.0,0.0,0.24310374730516687,0.0,0.0,0.0,0.0,0.0,0.0,0.0,0.0,0.0,0.0,0.0,0.0,0.0,0.0,0.0,0.0,0.0,0.0,0.0,0.0,0.0,0.0,0.0,0.0,0.0,0.0,0.0,0.0,0.0,0.0,0.0,0.0,0.0,0.0,0.0,0.0,0.0,0.0,0.0,0.0,0.0
a93e5e46ea9844c1b2ea5f332af28b77dc90a6c6b2bfeb8600adb167531413e0,0.0,0.0,0.0,0.0,0.0,0.0,0.0,0.0,0.0,0.0,0.23812787400907254,0.0,0.15503891382237306,0.0,0.0,0.0,0.0,0.0,0.0,0.0,0.0,0.22666228800467875,0.0,0.0,0.0,0.0,0.3255283890839933,0.0,0.0,0.0,0.0,0.0,0.0,0.0,0.0,0.0,0.0,0.0,0.0,0.0,0.0,0.0,0.0,0.0,0.3007403910990667,0.0,0.0,0.3238541650255467,0.0,0.0,0.0,0.0,0.0,0.0,0.0,0.0,0.0,0.0,0.29940512996243546,0.0,0.0,0.0,0.0,0.0,0.0,0.0,0.0,0.0,0.0,0.0,0.0,0.0,0.0,0.0,0.0,0.1472261507082746,0.0,0.0,0.0,0.13470046533123642,0.0,0.0,0.0,0.0,0.0,0.0,0.0,0.0,0.0,0.0,0.0,0.0,0.0,0.0,0.0,0.0,0.0,0.0,0.0,0.0,0.0,0.0,0.0,0.0,0.35323917084016654,0.0,0.0,0.0,0.0,0.0,0.0,0.0,0.0,0.0,0.0,0.0,0.0,0.0,0.0,0.17445779351971208,0.0,0.0,0.0,0.0,0.24474881044334365,0.0,0.0,0.0,0.0,0.0,0.0,0.0,0.0,0.22232881674582936,0.0,0.0,0.0,0.0,0.0,0.0,0.0,0.0,0.29940512996243546,0.23926738617315668,0.0,0.16026916664004395,0.0,0.0,0.0,0.0,0.0,0.0,0.0,0.0,0.0,0.0,0.0,0.0,0.0,0.0,0.0
5c07770e22f6b69b150d3b43f2ef2145020f73738d3ba4610932189a0b62927e,0.0,0.0,0.0,0.0,0.0,0.0,0.0,0.0,0.0,0.0,0.0,0.0,0.0,0.0,0.0,0.0,0.0,0.0,0.0,0.4984130020167762,0.4328053142858798,0.0,0.0,0.0,0.0,0.0,0.0,0.0,0.0,0.0,0.0,0.0,0.0,0.0,0.25066650600946716,0.0,0.0,0.0,0.0,0.0,0.0,0.0,0.0,0.0,0.0,0.0,0.0,0.0,0.0,0.0,0.0,0.0,0.0,0.0,0.0,0.0,0.0,0.0,0.0,0.0,0.0,0.0,0.0,0.0,0.0,0.0,0.0,0.0,0.0,0.0,0.0,0.0,0.0,0.0,0.0,0.14556548798659716,0.0,0.0,0.0,0.13318108823489822,0.0,0.0,0.0,0.0,0.0,0.0,0.0,0.0,0.0,0.0,0.0,0.0,0.0,0.0,0.0,0.0,0.0,0.0,0.0,0.18742363734311518,0.0,0.0,0.20533262161231675,0.5687721785090465,0.0,0.0,0.0,0.0,0.0,0.0,0.0,0.0,0.0,0.0,0.0,0.0,0.1913189020517109,0.0,0.0,0.0,0.0,0.0,0.0,0.0,0.0,0.0,0.0,0.0,0.0,0.0,0.0,0.0,0.0,0.0,0.0,0.0,0.0,0.0,0.0,0.0,0.0,0.0,0.0,0.0,0.0,0.15846138297394236,0.0,0.0,0.0,0.0,0.0,0.0,0.0,0.0,0.0,0.0,0.0,0.0,0.0,0.0,0.0
f45daafd61371b1f080a92eea8e9c8bfc9b710f22c82d5a06a1b1bf271c646ad,0.0,0.0,0.0,0.0,0.0,0.0,0.0,0.0,0.0,0.0,0.3808049062693046,0.0,0.24793224771315175,0.0,0.0,0.0,0.0,0.0,0.0,0.0,0.0,0.3624695836116997,0.0,0.0,0.0,0.0,0.0,0.0,0.0,0.0,0.0,0.0,0.0,0.0,0.0,0.0,0.0,0.0,0.0,0.0,0.0,0.0,0.0,0.0,0.0,0.0,0.0,0.0,0.0,0.0,0.0,0.0,0.0,0.0,0.0,0.0,0.0,0.0,0.0,0.0,0.0,0.0,0.0,0.0,0.4787971291741776,0.0,0.0,0.0,0.0,0.0,0.0,0.0,0.0,0.0,0.0,0.23543837845173474,0.0,0.0,0.0,0.21540778578881908,0.0,0.0,0.0,0.0,0.0,0.0,0.0,0.0,0.0,0.0,0.0,0.0,0.0,0.0,0.0,0.0,0.0,0.0,0.0,0.0,0.0,0.0,0.0,0.0,0.0,0.0,0.0,0.0,0.0,0.0,0.0,0.0,0.0,0.0,0.0,0.0,0.30944018866867984,0.28655365036109903,0.0,0.0,0.0,0.0,0.0,0.0,0.3913928522993925,0.0,0.0,0.0,0.0,0.0,0.0,0.0,0.0,0.0,0.0,0.0,0.0,0.0,0.0,0.0,0.0,0.0,0.0,0.0,0.0,0.0,0.0,0.0,0.0,0.0,0.0,0.0,0.0,0.0,0.0,0.0,0.0,0.0,0.0,0.0,0.0
a89bc5bfb93026e56434c1354508dfa0a66821d35f522429582067fc7f9200cc,0.0,0.22946793132463278,0.0,0.0,0.0,0.0,0.0,0.0,0.0,0.0,0.1647851433426332,0.0,0.10728735451160383,0.0,0.0,0.0,0.0,0.0,0.0,0.0,0.0,0.15685092631279762,0.0,0.0,0.0,0.0,0.0,0.0,0.0,0.0,0.0,0.0,0.0,0.0,0.0,0.0,0.0,0.0,0.0,0.0,0.0,0.0,0.0,0.18575509629644227,0.0,0.0,0.0,0.0,0.0,0.0,0.0,0.0,0.0,0.0,0.0,0.0,0.0,0.0,0.0,0.0,0.0,0.0,0.0,0.0,0.0,0.0,0.0,0.0,0.0,0.0,0.0,0.0,0.0,0.0,0.0,0.10188090096215628,0.21750765579677198,0.1733612546354633,0.0,0.09321309225261679,0.0,0.0,0.0,0.0,0.0,0.0,0.0,0.0,0.0,0.0,0.4700373299580809,0.4700373299580809,0.0,0.0,0.0,0.0,0.0,0.0,0.0,0.131177309252583,0.0,0.0,0.0,0.0,0.24444247714953363,0.0,0.0,0.0,0.0,0.0,0.0,0.0,0.0,0.0,0.0,0.0,0.13390359474433614,0.0,0.13619376037096018,0.12072527263771722,0.0,0.0,0.0,0.0,0.16936684955373496,0.0,0.19453848637450216,0.0,0.0,0.0,0.0,0.0,0.0,0.1538521522905113,0.0,0.0,0.0,0.0,0.0,0.0,0.0,0.0,0.0,0.0,0.0,0.1109067038375264,0.0,0.0,0.0,0.0,0.0,0.0,0.0,0.0,0.0,0.0,0.0,0.2841760781251075,0.0,0.0,0.0
d3bf17ac4db4f367cfed8f40f92670066ca97e98d210b043e4d3b89a4971bbdf,0.0,0.4029124214403331,0.0,0.0,0.0,0.0,0.0,0.0,0.0,0.0,0.0,0.0,0.0,0.0,0.0,0.0,0.0,0.0,0.0,0.0,0.0,0.0,0.0,0.0,0.0,0.0,0.0,0.0,0.0,0.0,0.0,0.0,0.0,0.0,0.30804865708697754,0.6635032309355167,0.0,0.0,0.0,0.0,0.0,0.0,0.0,0.0,0.0,0.0,0.0,0.0,0.0,0.0,0.0,0.0,0.0,0.0,0.0,0.0,0.0,0.0,0.0,0.0,0.0,0.0,0.0,0.0,0.0,0.0,0.0,0.0,0.0,0.0,0.0,0.0,0.0,0.0,0.0,0.0,0.0,0.0,0.0,0.0,0.0,0.0,0.0,0.0,0.0,0.0,0.0,0.0,0.0,0.0,0.0,0.0,0.0,0.0,0.0,0.0,0.0,0.0,0.0,0.0,0.0,0.0,0.0,0.0,0.0,0.0,0.0,0.0,0.0,0.0,0.0,0.0,0.0,0.0,0.0,0.0,0.0,0.2177259129326363,0.0,0.0,0.0,0.0,0.4130452793524254,0.0,0.0,0.0,0.0,0.0,0.0,0.0,0.0,0.0,0.0,0.0,0.0,0.0,0.0,0.0,0.0,0.0,0.0,0.0,0.0,0.2907233944773875,0.0,0.0,0.0,0.0,0.0,0.0,0.0,0.0,0.0,0.0,0.0,0.0,0.0,0.0,0.0,0.0,0.0
ce5992b8a0d71c99e3891eefde306c2cd686d826f25b5b99ef2695ca67a94aaa,0.0,0.0,0.0,0.0,0.0,0.0,0.0,0.0,0.0,0.0,0.18558591662150503,0.0,0.12083020122470581,0.0,0.0,0.0,0.0,0.0,0.0,0.0,0.0,0.17665016604176798,0.0,0.0,0.0,0.0,0.0,0.0,0.0,0.0,0.0,0.0,0.0,0.0,0.19758666270484881,0.0,0.0,0.0,0.0,0.0,0.0,0.0,0.0,0.0,0.0,0.0,0.0,0.25239704641073796,0.0,0.0,0.0,0.0,0.0,0.0,0.0,0.0,0.0,0.0,0.23334259257336004,0.0,0.0,0.0,0.0,0.0,0.0,0.0,0.0,0.0,0.0,0.0,0.0,0.0,0.0,0.0,0.0,0.11474129286019658,0.0,0.0,0.0,0.10497934956950206,0.0,0.0,0.0,0.0,0.0,0.0,0.0,0.0,0.0,0.0,0.0,0.0,0.0,0.0,0.0,0.0,0.6070816903997551,0.0,0.0,0.0,0.0,0.0,0.16185244728022377,0.0,0.0,0.0,0.0,0.0,0.0,0.0,0.0,0.0,0.0,0.0,0.0,0.0,0.0,0.0,0.1533854529835818,0.0,0.1622988229882463,0.0,0.0,0.0,0.1907459700682515,0.0,0.0,0.0,0.33579842089328577,0.0,0.0,0.0,0.0,0.0,0.0,0.0,0.0,0.3802839645607866,0.0,0.0,0.0,0.0,0.0,0.0,0.0,0.0,0.0,0.0,0.0,0.0,0.0,0.0,0.0,0.0,0.0,0.0,0.0,0.0,0.0,0.0,0.0
a44d262ed7c8085b22ad15653bd2a7d3ecc966c3e7c54252de5670ce64027847,0.0,0.0,0.0,0.0,0.0,0.0,0.0,0.0,0.0,0.0,0.19769710819505507,0.0,0.128715485526141,0.0,0.0,0.0,0.0,0.0,0.0,0.0,0.0,0.1881782175306888,0.0,0.0,0.0,0.0,0.27025824433660495,0.0,0.0,0.0,0.0,0.0,0.0,0.0,0.0,0.0,0.0,0.0,0.0,0.0,0.0,0.0,0.0,0.22285531708367054,0.24967889998241088,0.0,0.0,0.0,0.0,0.0,0.0,0.0,0.0,0.0,0.0,0.0,0.0,0.0,0.2485703474179716,0.0,0.0,0.0,0.0,0.0,0.2485703474179716,0.0,0.0,0.21048101356918344,0.0,0.0,0.0,0.0,0.0,0.0,0.0,0.12222921977040924,0.26094970510719645,0.20798609643610128,0.0,0.11183021970581708,0.0,0.0,0.0,0.0,0.0,0.0,0.0,0.0,0.0,0.0,0.0,0.0,0.0,0.0,0.0,0.0,0.0,0.0,0.0,0.15737689802606508,0.0,0.0,0.0,0.0,0.0,0.0,0.0,0.0,0.0,0.0,0.0,0.0,0.0,0.0,0.0,0.0,0.16064769505849563,0.1487660140047219,0.0,0.1448373124081352,0.0,0.0,0.0,0.0,0.20319390268854143,0.0,0.2333929831824342,0.0,0.0,0.0,0.0,0.0,0.0,0.18458050877909482,0.0,0.0,0.0,0.0,0.0,0.0,0.0,0.0,0.0,0.1986431472109829,0.0,0.13305771493328375,0.0,0.0,0.0,0.0,0.0,0.3695133608578962,0.0,0.0,0.0,0.0,0.0,0.0,0.0,0.0,0.0
a41f46ef947c9ff3b1e5625e6cf5799e776a55e48f54f7fffe19e08e826de99a,0.0,0.0,0.0,0.0,0.0,0.0,0.0,0.0,0.37021240160002317,0.0,0.1253088230309522,0.0,0.08158534105225586,0.0,0.0,0.0,0.0,0.15968879152847834,0.0,0.0,0.0,0.11927534587692527,0.0,0.0,0.0,0.0,0.0,0.0,0.0,0.0,0.0,0.0,0.0,0.0,0.0,0.0,0.0,0.0,0.3381659651293951,0.0,0.0,0.0,0.0,0.14125516425051537,0.0,0.0,0.0,0.17042013423206762,0.0,0.0,0.0,0.0,0.0,0.0,0.0,0.2279140519025312,0.0,0.0,0.0,0.0,0.0,0.0,0.0,0.0,0.15755444254960532,0.0,0.0,0.13341180516759815,0.0,0.0,0.0,0.0,0.0,0.0,0.0,0.07747407035569719,0.0,0.0,0.0,0.07088274248707117,0.0,0.0,0.0,0.0,0.0,0.0,0.0,0.0,0.0,0.0,0.0,0.0,0.0,0.0,0.0,0.0,0.0,0.0,0.0,0.0997521614957121,0.0,0.0,0.0,0.0,0.0,0.0,0.13050886050014357,0.3469934143802701,0.0,0.0,0.0,0.0,0.0,0.0,0.0,0.0,0.10182533156000369,0.09429421751351713,0.10356685966986186,0.09180403959638554,0.10958522531342424,0.0,0.0,0.0,0.0,0.0,0.1479343845405078,0.3574340708324031,0.0,0.0,0.0,0.0,0.0,0.11699496528164818,0.0,0.0,0.0,0.0,0.0,0.0,0.0,0.0,0.0,0.0,0.0,0.08433763045753435,0.17449604869929908,0.1888205707815668,0.0,0.0,0.0,0.0,0.0,0.0,0.12240134233683492,0.0,0.28735448682266984,0.0,0.0,0.0,0.0
a8a25ee71c0e8e4a06cd1573271672b871f78eba5f41803ffda6f14006c81803,0.0,0.0,0.0,0.0,0.0,0.0,0.0,0.0,0.0,0.0,0.0,0.0,0.18044880043403963,0.0,0.0,0.0,0.0,0.0,0.0,0.0,0.0,0.26381078766417954,0.0,0.0,0.0,0.0,0.3788804105318442,0.0,0.0,0.0,0.0,0.0,0.0,0.0,0.0,0.0,0.0,0.0,0.0,0.0,0.0,0.0,0.3305054452011961,0.0,0.35002981817884277,0.0,0.0,0.0,0.0,0.0,0.0,0.0,0.0,0.0,0.0,0.0,0.0,0.0,0.348475716279965,0.0,0.0,0.0,0.0,0.0,0.0,0.0,0.0,0.0,0.0,0.0,0.0,0.0,0.0,0.0,0.0,0.17135557540261573,0.0,0.0,0.0,0.1567770102851493,0.0,0.0,0.0,0.0,0.0,0.0,0.0,0.0,0.0,0.0,0.0,0.0,0.0,0.0,0.0,0.0,0.0,0.0,0.0,0.22062980494344747,0.0,0.0,0.24171175470208797,0.0,0.0,0.0,0.0,0.0,0.0,0.0,0.0,0.0,0.0,0.0,0.0,0.0,0.22521520038792522,0.0,0.0,0.20305031034381874,0.0,0.0,0.0,0.0,0.28486157548006696,0.0,0.0,0.0,0.0,0.0,0.0,0.0,0.0,0.25876708817547794,0.0,0.0,0.0,0.0,0.0,0.0,0.0,0.0,0.0,0.0,0.0,0.0,0.0,0.0,0.0,0.0,0.0,0.0,0.0,0.0,0.0,0.0,0.0,0.0,0.0,0.0,0.0
15aa23d4511135cccf62cd2c637a7a04dc968ed39ffd2683850a3a708c8d4c3b,0.0,0.0,0.0,0.0,0.0,0.0,0.0,0.0,0.0,0.0,0.28488872267733784,0.0,0.1854836957157519,0.0,0.0,0.0,0.0,0.0,0.0,0.0,0.0,0.0,0.0,0.0,0.0,0.0,0.0,0.0,0.0,0.0,0.0,0.0,0.0,0.0,0.0,0.0,0.0,0.0,0.0,0.0,0.0,0.0,0.3397272316726002,0.3211426166293718,0.0,0.0,0.0,0.0,0.0,0.0,0.0,0.0,0.0,0.0,0.0,0.0,0.0,0.0,0.0,0.0,0.0,0.0,0.0,0.0,0.0,0.0,0.0,0.3033107952413436,0.0,0.0,0.0,0.0,0.0,0.0,0.0,0.17613675087185968,0.0,0.0,0.0,0.16115141359216487,0.0,0.0,0.0,0.0,0.0,0.0,0.0,0.0,0.0,0.0,0.0,0.0,0.0,0.0,0.0,0.0,0.0,0.0,0.0,0.0,0.0,0.0,0.2484560132970837,0.0,0.0,0.0,0.0,0.0,0.0,0.0,0.0,0.0,0.0,0.0,0.0,0.0,0.23149917094952252,0.0,0.23545852278703536,0.2087158345647681,0.0,0.0,0.0,0.0,0.0,0.0,0.33632777670725783,0.0,0.0,0.0,0.0,0.0,0.0,0.2659872258997704,0.0,0.0,0.0,0.0,0.0,0.0,0.0,0.0,0.0,0.28625199930445316,0.0,0.1917410062078829,0.0,0.0,0.0,0.0,0.0,0.0,0.0,0.0,0.0,0.0,0.0,0.0,0.0,0.0,0.0
a0ff457b92f9248dd442a8759232c128de720e5caddd542ea338fa42f46941e5,0.0,0.0,0.0,0.0,0.0,0.0,0.0,0.0,0.0,0.0,0.0,0.0,0.3338244111775599,0.0,0.0,0.0,0.0,0.0,0.0,0.0,0.0,0.0,0.0,0.0,0.0,0.0,0.0,0.0,0.0,0.0,0.0,0.0,0.0,0.0,0.0,0.0,0.0,0.0,0.0,0.0,0.0,0.0,0.0,0.0,0.0,0.0,0.0,0.0,0.0,0.0,0.0,0.0,0.0,0.0,0.0,0.0,0.0,0.0,0.0,0.0,0.0,0.0,0.0,0.0,0.0,0.0,0.0,0.0,0.0,0.0,0.0,0.0,0.0,0.0,0.0,0.0,0.0,0.0,0.0,0.2900323693963754,0.0,0.0,0.0,0.0,0.0,0.0,0.0,0.0,0.695529700257911,0.0,0.0,0.0,0.0,0.0,0.0,0.0,0.0,0.0,0.0,0.0,0.0,0.0,0.0,0.0,0.0,0.0,0.0,0.0,0.0,0.0,0.0,0.0,0.0,0.0,0.0,0.0,0.0,0.0,0.42376664117462376,0.3756364693303861,0.0,0.0,0.0,0.0,0.0,0.0,0.0,0.0,0.0,0.0,0.0,0.0,0.0,0.0,0.0,0.0,0.0,0.0,0.0,0.0,0.0,0.0,0.0,0.0,0.0,0.0,0.0,0.0,0.0,0.0,0.0,0.0,0.0,0.0,0.0,0.0,0.0,0.0,0.0,0.0,0.0
0340043481091d92dcfb2c498aad3c0afca2fd208ef896f65af790cc147f8891,0.0,0.0,0.0,0.0,0.0,0.0,0.0,0.0,0.0,0.0,0.0,0.0,0.2345700554849874,0.0,0.0,0.0,0.0,0.0,0.0,0.0,0.0,0.0,0.0,0.0,0.0,0.0,0.0,0.0,0.0,0.0,0.0,0.0,0.0,0.0,0.38357888974775,0.0,0.0,0.0,0.0,0.0,0.0,0.0,0.0,0.0,0.0,0.0,0.0,0.0,0.0,0.0,0.0,0.0,0.6733981478963352,0.0,0.0,0.0,0.0,0.0,0.0,0.0,0.0,0.0,0.0,0.0,0.0,0.0,0.0,0.0,0.0,0.0,0.0,0.0,0.0,0.0,0.0,0.0,0.0,0.0,0.0,0.20379848418444063,0.0,0.0,0.0,0.0,0.0,0.0,0.0,0.0,0.0,0.0,0.0,0.0,0.0,0.0,0.0,0.0,0.0,0.0,0.0,0.0,0.0,0.0,0.0,0.0,0.0,0.0,0.0,0.0,0.0,0.0,0.0,0.0,0.0,0.0,0.0,0.0,0.2927630548055039,0.0,0.2977702085427965,0.2639503418644434,0.0,0.0,0.0,0.0,0.0,0.0,0.0,0.0,0.0,0.0,0.0,0.0,0.0,0.0,0.0,0.0,0.0,0.0,0.0,0.0,0.0,0.0,0.0,0.0,0.0,0.24248329909199037,0.0,0.0,0.0,0.0,0.0,0.0,0.0,0.0,0.0,0.0,0.0,0.0,0.0,0.0,0.0
79216574907e890b81ef15ab90f701219ffab5b9105d351f1c1908adaff5fe4b,0.0,0.0,0.0,0.0,0.0,0.0,0.0,0.0,0.0,0.0,0.0,0.0,0.19349779553246352,0.0,0.0,0.0,0.0,0.0,0.0,0.0,0.0,0.0,0.0,0.0,0.0,0.0,0.4062788116740345,0.0,0.0,0.0,0.0,0.0,0.0,0.0,0.0,0.0,0.0,0.0,0.0,0.0,0.0,0.0,0.35440565359304566,0.0,0.37534191430101965,0.0,0.0,0.0,0.0,0.0,0.0,0.0,0.0,0.0,0.0,0.0,0.0,0.0,0.3736754289004942,0.0,0.0,0.0,0.0,0.0,0.0,0.0,0.0,0.0,0.0,0.0,0.0,0.0,0.0,0.0,0.0,0.18374700199086663,0.0,0.3126651855235755,0.0,0.16811420085574702,0.0,0.0,0.0,0.0,0.0,0.0,0.0,0.0,0.0,0.0,0.0,0.0,0.0,0.0,0.0,0.0,0.0,0.0,0.0,0.0,0.0,0.0,0.25919092605015087,0.0,0.0,0.0,0.0,0.0,0.0,0.0,0.0,0.0,0.0,0.0,0.0,0.0,0.0,0.0,0.0,0.21773371360300786,0.0,0.0,0.0,0.0,0.0,0.0,0.0,0.0,0.0,0.0,0.0,0.0,0.0,0.27747960085006074,0.0,0.0,0.0,0.0,0.0,0.0,0.0,0.0,0.0,0.0,0.0,0.20002546246036956,0.0,0.0,0.0,0.0,0.0,0.0,0.0,0.0,0.0,0.0,0.0,0.0,0.0,0.0,0.0
1341251573c17f1c576e031d98e6d23eded09f655a754754d65cc72dada5bc57,0.0,0.0,0.0,0.0,0.0,0.0,0.0,0.0,0.0,0.0,0.2713119044692269,0.0,0.17664417973338883,0.0,0.0,0.0,0.0,0.0,0.0,0.0,0.0,0.2582485451810603,0.0,0.0,0.0,0.0,0.37089201576549913,0.0,0.0,0.0,0.0,0.0,0.0,0.0,0.0,0.0,0.0,0.0,0.0,0.0,0.0,0.0,0.0,0.0,0.342649715407946,0.0,0.0,0.0,0.0,0.0,0.0,0.0,0.0,0.0,0.0,0.0,0.0,0.0,0.3411283805224325,0.0,0.0,0.0,0.0,0.0,0.0,0.0,0.0,0.0,0.0,0.0,0.0,0.0,0.0,0.0,0.0,0.16774267818312422,0.0,0.0,0.0,0.15347149061817286,0.0,0.0,0.0,0.0,0.0,0.0,0.0,0.0,0.0,0.0,0.0,0.0,0.0,0.0,0.0,0.0,0.0,0.0,0.0,0.0,0.0,0.0,0.0,0.0,0.0,0.0,0.0,0.0,0.0,0.0,0.0,0.0,0.0,0.0,0.0,0.0,0.0,0.0,0.0,0.19876915462458164,0.0,0.0,0.0,0.0,0.278855493731202,0.0,0.0,0.0,0.0,0.0,0.0,0.0,0.0,0.2533111881198861,0.0,0.0,0.0,0.0,0.0,0.0,0.0,0.0,0.3411283805224325,0.2726102120138184,0.0,0.18260328829521882,0.0,0.0,0.0,0.0,0.0,0.0,0.0,0.0,0.0,0.0,0.0,0.0,0.0,0.0,0.0
991423212ca8d7e80497bad3a159720b03de528a052cadd51e5641a0202aaf7f,0.0,0.0,0.0,0.0,0.0,0.0,0.0,0.0,0.0,0.0,0.0,0.0,0.0,0.0,0.0,0.0,0.0,0.0,0.0,0.0,0.0,0.0,0.0,0.0,0.0,0.0,0.42092553111800757,0.0,0.0,0.0,0.0,0.0,0.0,0.0,0.0,0.0,0.0,0.0,0.0,0.0,0.0,0.0,0.0,0.0,0.3888733305510544,0.0,0.0,0.0,0.0,0.0,0.0,0.0,0.0,0.0,0.0,0.0,0.0,0.0,0.3871467668412063,0.0,0.0,0.0,0.0,0.0,0.0,0.0,0.0,0.0,0.0,0.0,0.0,0.0,0.0,0.0,0.0,0.0,0.0,0.32393704888605823,0.0,0.17417487018855346,0.0,0.0,0.0,0.0,0.0,0.0,0.0,0.0,0.0,0.0,0.0,0.0,0.0,0.0,0.0,0.0,0.0,0.0,0.0,0.2451135377939462,0.0,0.0,0.0,0.0,0.0,0.0,0.0,0.0,0.0,0.0,0.0,0.0,0.0,0.0,0.0,0.0,0.0,0.0,0.0,0.22558321134938875,0.0,0.0,0.0,0.0,0.0,0.0,0.0,0.0,0.0,0.0,0.0,0.0,0.0,0.28748299199007726,0.0,0.0,0.0,0.0,0.0,0.0,0.0,0.0,0.3871467668412063,0.0,0.0,0.20723656170090432,0.0,0.0,0.0,0.0,0.0,0.0,0.0,0.0,0.0,0.0,0.0,0.0,0.0,0.0,0.0
883256088dded2fdc3a914d6e2cc68ff538a20dba921d7eab36fbc7bda213913,0.0,0.0,0.0,0.0,0.0,0.0,0.0,0.0,0.0,0.0,0.2450579527666122,0.0,0.15955090926911994,0.0,0.0,0.0,0.0,0.0,0.0,0.0,0.0,0.23325869136053584,0.0,0.0,0.0,0.0,0.33500202749593805,0.0,0.0,0.0,0.0,0.0,0.0,0.0,0.0,0.0,0.0,0.0,0.0,0.0,0.0,0.0,0.0,0.0,0.30949264072361254,0.0,0.0,0.0,0.0,0.0,0.0,0.0,0.0,0.0,0.0,0.0,0.0,0.0,0.3081185203611253,0.0,0.0,0.0,0.0,0.0,0.3081185203611253,0.0,0.0,0.0,0.0,0.0,0.0,0.0,0.0,0.0,0.0,0.15151077645325933,0.0,0.2578117983711864,0.0,0.13862056430036065,0.0,0.0,0.0,0.0,0.0,0.0,0.0,0.0,0.0,0.0,0.0,0.0,0.0,0.0,0.0,0.0,0.0,0.0,0.0,0.0,0.0,0.0,0.0,0.0,0.0,0.0,0.0,0.0,0.0,0.0,0.0,0.0,0.0,0.0,0.0,0.0,0.0,0.1844047956294698,0.0,0.17953492383882852,0.0,0.0,0.0,0.0,0.2518715739553628,0.0,0.28930522641914025,0.0,0.0,0.0,0.0,0.0,0.0,0.22879910594036731,0.0,0.0,0.0,0.0,0.0,0.0,0.0,0.0,0.0,0.24623062740306603,0.0,0.16493337469146443,0.0,0.0,0.0,0.0,0.0,0.0,0.0,0.0,0.0,0.0,0.0,0.0,0.0,0.0,0.0
ff107c629669e75b9222bcc03dd6287da864b356fff8c5bd832f333b8e420b25,0.0,0.0,0.0,0.0,0.0,0.4488208922889608,0.0,0.0,0.0,0.0,0.0,0.0,0.0,0.0,0.0,0.0,0.0,0.0,0.0,0.0,0.0,0.0,0.0,0.0,0.0,0.0,0.34083150466097006,0.0,0.0,0.0,0.0,0.0,0.0,0.0,0.0,0.0,0.0,0.0,0.0,0.0,0.0,0.0,0.0,0.0,0.3148782209104836,0.0,0.0,0.0,0.0,0.0,0.0,0.0,0.0,0.0,0.0,0.0,0.0,0.0,0.31348018904114666,0.0,0.0,0.0,0.0,0.0,0.0,0.0,0.0,0.0,0.0,0.0,0.0,0.0,0.0,0.0,0.0,0.15414726381482088,0.0,0.26229806373117404,0.0,0.14103274496754362,0.0,0.0,0.0,0.0,0.0,0.0,0.0,0.0,0.0,0.0,0.0,0.0,0.0,0.0,0.0,0.0,0.0,0.0,0.0,0.19847314957871465,0.0,0.0,0.21743795339989427,0.0,0.0,0.0,0.0,0.0,0.0,0.0,0.0,0.0,0.0,0.0,0.0,0.0,0.20259805861429425,0.0,0.20606311204131472,0.18265906833033282,0.0,0.0,0.0,0.0,0.0,0.0,0.29433951896877336,0.0,0.0,0.0,0.0,0.0,0.0,0.23278051218267815,0.0,0.0,0.0,0.0,0.0,0.0,0.0,0.0,0.0,0.0,0.0,0.16780343296753625,0.0,0.0,0.0,0.0,0.0,0.0,0.0,0.0,0.0,0.0,0.0,0.0,0.0,0.0,0.0
2946528b4254f25d435788aa8d8f565624898943dc6861aad8f732dcbb4f1051,0.0,0.0,0.0,0.0,0.0,0.0,0.0,0.0,0.0,0.0,0.2120636258022234,0.0,0.13806915440885448,0.0,0.0,0.0,0.0,0.0,0.0,0.0,0.0,0.2018530036725926,0.0,0.0,0.0,0.0,0.0,0.0,0.0,0.0,0.0,0.0,0.0,0.0,0.0,0.0,0.0,0.0,0.0,0.0,0.0,0.0,0.0,0.2390500650289706,0.0,0.0,0.0,0.0,0.0,0.0,0.0,0.0,0.0,0.0,0.0,0.0,0.0,0.0,0.0,0.0,0.0,0.0,0.0,0.0,0.0,0.0,0.0,0.0,0.0,0.0,0.0,0.0,0.48075873978217587,0.0,0.0,0.13111153602669706,0.27991274694040874,0.2231003079881861,0.0,0.11995684753100501,0.0,0.0,0.0,0.0,0.0,0.0,0.0,0.0,0.2876697879645931,0.0,0.0,0.0,0.0,0.0,0.0,0.0,0.0,0.0,0.0,0.168813372727669,0.0,0.0,0.0,0.0,0.31457543412529165,0.0,0.0,0.0,0.0,0.0,0.0,0.0,0.0,0.0,0.0,0.0,0.17232185640905917,0.0,0.17526909313573236,0.1553625437475507,0.0,0.0,0.0,0.0,0.21795986870238923,0.0,0.0,0.0,0.0,0.0,0.0,0.0,0.0,0.19799385181443457,0.0,0.0,0.0,0.0,0.0,0.0,0.0,0.0,0.0,0.21307841284539086,0.0,0.14272693074433435,0.0,0.0,0.0,0.0,0.0,0.0,0.0,0.0,0.0,0.0,0.0,0.0,0.0,0.0,0.0
912643ee34a00adf2160b1e50272bb04cec2139a89f8dbb1eae7704a54abe01a,0.0,0.0,0.0,0.0,0.0,0.0,0.0,0.0,0.0,0.0,0.0,0.0,0.0,0.0,0.0,0.0,0.0,0.0,0.0,0.0,0.0,0.0,0.0,0.0,0.0,0.0,0.0,0.0,0.0,0.0,0.0,0.0,0.0,0.0,0.7735913779102157,0.0,0.0,0.0,0.0,0.0,0.0,0.0,0.0,0.0,0.0,0.0,0.0,0.0,0.0,0.0,0.0,0.0,0.0,0.0,0.0,0.0,0.0,0.0,0.0,0.0,0.0,0.0,0.0,0.0,0.0,0.0,0.0,0.0,0.0,0.0,0.0,0.0,0.0,0.0,0.0,0.0,0.0,0.0,0.0,0.0,0.0,0.0,0.0,0.0,0.0,0.0,0.0,0.0,0.0,0.0,0.0,0.0,0.0,0.0,0.0,0.0,0.0,0.0,0.0,0.0,0.0,0.0,0.6336847639189173,0.0,0.0,0.0,0.0,0.0,0.0,0.0,0.0,0.0,0.0,0.0,0.0,0.0,0.0,0.0,0.0,0.0,0.0,0.0,0.0,0.0,0.0,0.0,0.0,0.0,0.0,0.0,0.0,0.0,0.0,0.0,0.0,0.0,0.0,0.0,0.0,0.0,0.0,0.0,0.0,0.0,0.0,0.0,0.0,0.0,0.0,0.0,0.0,0.0,0.0,0.0,0.0,0.0,0.0,0.0,0.0,0.0,0.0
0f54e0f3c3408647bf9844f9d97b64dbc62278091280b3d7bf1db5bdde3fc436,0.0,0.0,0.0,0.0,0.0,0.0,0.0,0.0,0.0,0.0,0.0,0.0,0.0,0.0,0.0,0.0,0.0,0.0,0.0,0.0,0.0,0.0,0.0,0.0,0.0,0.0,0.0,0.0,0.0,0.0,0.0,0.0,0.0,0.0,0.7735913779102157,0.0,0.0,0.0,0.0,0.0,0.0,0.0,0.0,0.0,0.0,0.0,0.0,0.0,0.0,0.0,0.0,0.0,0.0,0.0,0.0,0.0,0.0,0.0,0.0,0.0,0.0,0.0,0.0,0.0,0.0,0.0,0.0,0.0,0.0,0.0,0.0,0.0,0.0,0.0,0.0,0.0,0.0,0.0,0.0,0.0,0.0,0.0,0.0,0.0,0.0,0.0,0.0,0.0,0.0,0.0,0.0,0.0,0.0,0.0,0.0,0.0,0.0,0.0,0.0,0.0,0.0,0.0,0.6336847639189173,0.0,0.0,0.0,0.0,0.0,0.0,0.0,0.0,0.0,0.0,0.0,0.0,0.0,0.0,0.0,0.0,0.0,0.0,0.0,0.0,0.0,0.0,0.0,0.0,0.0,0.0,0.0,0.0,0.0,0.0,0.0,0.0,0.0,0.0,0.0,0.0,0.0,0.0,0.0,0.0,0.0,0.0,0.0,0.0,0.0,0.0,0.0,0.0,0.0,0.0,0.0,0.0,0.0,0.0,0.0,0.0,0.0,0.0
784560f38065089f1c61869f7ebdc58b0115d500e5113e6c09d1b4d885ccb340,0.0,0.0,0.0,0.0,0.0,0.0,0.0,0.0,0.0,0.0,0.0,0.0,0.0,0.0,0.0,0.0,0.0,0.0,0.0,0.0,0.0,0.0,0.0,0.0,0.0,0.0,0.4301466580090035,0.0,0.0,0.0,0.0,0.0,0.0,0.0,0.33500441321733676,0.0,0.0,0.0,0.0,0.0,0.0,0.0,0.0,0.0,0.3973922966399281,0.0,0.0,0.0,0.0,0.0,0.0,0.0,0.0,0.0,0.0,0.0,0.0,0.0,0.3956279094627992,0.0,0.0,0.0,0.0,0.0,0.0,0.0,0.0,0.0,0.0,0.0,0.0,0.0,0.0,0.0,0.0,0.0,0.0,0.3310334695392299,0.0,0.17799048235863377,0.0,0.0,0.0,0.0,0.0,0.0,0.0,0.0,0.0,0.0,0.0,0.0,0.0,0.0,0.0,0.0,0.0,0.0,0.0,0.2504831884033915,0.0,0.0,0.0,0.0,0.0,0.0,0.0,0.0,0.0,0.0,0.0,0.0,0.0,0.0,0.0,0.0,0.0,0.0,0.0,0.230525015213854,0.0,0.0,0.0,0.0,0.0,0.0,0.0,0.0,0.0,0.0,0.0,0.0,0.0,0.29378082130231364,0.0,0.0,0.0,0.0,0.0,0.0,0.0,0.0,0.0,0.0,0.0,0.21177644937847548,0.0,0.0,0.0,0.0,0.0,0.0,0.0,0.0,0.0,0.0,0.0,0.0,0.0,0.0,0.0
778782d68c349fbb021a749f1370c2446c19cd3a64e7891c84c55ddf834f2e02,0.0,0.0,0.0,0.0,0.0,0.0,0.0,0.0,0.0,0.0,0.19769710819505507,0.0,0.128715485526141,0.0,0.0,0.0,0.0,0.0,0.0,0.0,0.0,0.1881782175306888,0.0,0.0,0.0,0.0,0.27025824433660495,0.0,0.0,0.0,0.0,0.0,0.0,0.0,0.0,0.0,0.0,0.0,0.0,0.0,0.0,0.0,0.0,0.22285531708367054,0.24967889998241088,0.0,0.0,0.0,0.0,0.0,0.0,0.0,0.0,0.0,0.0,0.0,0.0,0.0,0.2485703474179716,0.0,0.0,0.0,0.0,0.0,0.2485703474179716,0.0,0.0,0.21048101356918344,0.0,0.0,0.0,0.0,0.0,0.0,0.0,0.12222921977040924,0.26094970510719645,0.20798609643610128,0.0,0.11183021970581708,0.0,0.0,0.0,0.0,0.0,0.0,0.0,0.0,0.0,0.0,0.0,0.0,0.0,0.0,0.0,0.0,0.0,0.0,0.0,0.15737689802606508,0.0,0.0,0.0,0.0,0.0,0.0,0.0,0.0,0.0,0.0,0.0,0.0,0.0,0.0,0.0,0.0,0.16064769505849563,0.1487660140047219,0.0,0.1448373124081352,0.0,0.0,0.0,0.0,0.20319390268854143,0.0,0.2333929831824342,0.0,0.0,0.0,0.0,0.0,0.0,0.18458050877909482,0.0,0.0,0.0,0.0,0.0,0.0,0.0,0.0,0.0,0.1986431472109829,0.0,0.13305771493328375,0.0,0.0,0.0,0.0,0.0,0.3695133608578962,0.0,0.0,0.0,0.0,0.0,0.0,0.0,0.0,0.0
73437218cd12895c7a59c0c03009417705ed231d323e3a1ad279750e46bcc8ad,0.0,0.0,0.0,0.0,0.0,0.0,0.0,0.0,0.0,0.0,0.0,0.0,0.2581001980582363,0.0,0.0,0.0,0.0,0.0,0.0,0.0,0.0,0.0,0.0,0.0,0.0,0.0,0.0,0.0,0.0,0.0,0.0,0.0,0.0,0.0,0.4220563754830541,0.0,0.0,0.0,0.0,0.0,0.0,0.0,0.0,0.0,0.0,0.0,0.0,0.0,0.0,0.0,0.0,0.0,0.0,0.0,0.0,0.0,0.0,0.0,0.0,0.0,0.0,0.0,0.0,0.0,0.0,0.0,0.0,0.4220563754830541,0.0,0.0,0.0,0.0,0.0,0.0,0.0,0.0,0.0,0.0,0.0,0.0,0.0,0.0,0.0,0.0,0.0,0.0,0.0,0.0,0.0,0.0,0.0,0.0,0.0,0.0,0.0,0.0,0.0,0.0,0.0,0.0,0.0,0.0,0.0,0.0,0.0,0.0,0.0,0.0,0.0,0.0,0.0,0.0,0.0,0.0,0.0,0.0,0.0,0.0,0.32764007171263526,0.2904276736086294,0.0,0.0,0.0,0.0,0.0,0.0,0.0,0.0,0.0,0.0,0.0,0.0,0.0,0.3701207020960899,0.0,0.0,0.0,0.0,0.0,0.0,0.0,0.0,0.4984330800426771,0.0,0.0,0.0,0.0,0.0,0.0,0.0,0.0,0.0,0.0,0.0,0.0,0.0,0.0,0.0,0.0,0.0,0.0
0771775f6646f28170c196d4ddba3ecdd1b0ada28c15dcc5b85f5c374c7b6987,0.37236197944069827,0.0,0.0,0.0,0.0,0.0,0.0,0.0,0.0,0.0,0.15183923466358804,0.0,0.098858607442849,0.0,0.0,0.0,0.0,0.19349813766942983,0.0,0.0,0.0,0.1445283483966138,0.0,0.0,0.0,0.0,0.0,0.0,0.0,0.0,0.0,0.0,0.0,0.0,0.0,0.0,0.0,0.0,0.0,0.0,0.0,0.0,0.0,0.1711617387610435,0.0,0.0,0.0,0.20650152261562146,0.24337440359657114,0.0,0.0,0.0,0.0,0.0,0.0,0.0,0.0,0.0,0.0,0.0,0.0,0.0,0.0,0.0,0.0,0.0,0.0,0.0,0.0,0.0,0.3404753796541685,0.0,0.0,0.0,0.0,0.09387689760821023,0.20041974245810826,0.15974158646957257,0.0,0.08589005235038075,0.0,0.0,0.0,0.0,0.0,0.0,0.0,0.0,0.0,0.0,0.0,0.0,0.0,0.0,0.0,0.0,0.0,0.0,0.0,0.12087171111491739,0.0,0.0,0.0,0.0,0.2252385008549139,0.0,0.0,0.0,0.0,0.0,0.0,0.0,0.0,0.0,0.0,0.0,0.12338381320218814,0.11425821002977418,0.12549405802733243,0.0,0.1327866333715157,0.0,0.0,0.0,0.1560609912518054,0.0,0.0,0.0,0.0,0.0,0.0,0.0,0.0,0.14176516511906403,0.0,0.0,0.0,0.0,0.0,0.0,0.0,0.0,0.0,0.15256583021904072,0.0,0.0,0.2114403905922667,0.0,0.0,0.0,0.0,0.28380094389279775,0.0,0.0,0.0,0.0,0.3481932421113311,0.0,0.0,0.0,0.0
758582d70bd36a20a8a49df28ce92479b8af7ee6f84b44a6df08784ed93ec663,0.0,0.0,0.0,0.0,0.0,0.0,0.0,0.0,0.0,0.0,0.0,0.0,0.0,0.0,0.0,0.0,0.0,0.0,0.0,0.0,0.0,0.0,0.0,0.0,0.0,0.0,0.0,0.0,0.0,0.0,0.0,0.0,0.0,0.0,0.0,0.0,0.0,0.0,0.0,0.0,0.0,0.0,0.3158935937551088,0.0,0.0,0.0,0.0,0.0,0.0,0.0,0.0,0.0,0.0,0.0,0.0,0.0,0.0,0.0,0.0,0.0,0.0,0.0,0.0,0.0,0.0,0.0,0.0,0.0,0.0,0.0,0.0,0.0,0.0,0.0,0.0,0.0,0.0,0.0,0.0,0.1498458010790384,0.0,0.0,0.0,0.0,0.0,0.0,0.0,0.0,0.0,0.0,0.0,0.0,0.0,0.0,0.0,0.0,0.0,0.0,0.0,0.0,0.0,0.0,0.0,0.0,0.0,0.0,0.27589514828836487,0.0,0.0,0.7826273637376346,0.0,0.0,0.0,0.0,0.0,0.0,0.0,0.0,0.0,0.19407332974061056,0.23166267694159967,0.0,0.0,0.0,0.0,0.0,0.31273262829313025,0.0,0.0,0.0,0.0,0.0,0.0,0.0,0.0,0.0,0.0,0.0,0.0,0.0,0.0,0.0,0.0,0.0,0.0,0.0,0.0,0.0,0.0,0.0,0.0,0.0,0.0,0.0,0.0,0.0,0.0,0.0,0.0,0.0,0.0
750361a8039bd9876939ca3ee37312821f8cd019eabe123ef884b30433757677,0.0,0.0,0.0,0.0,0.0,0.0,0.0,0.0,0.0,0.0,0.20675132412130123,0.0,0.13461045186958115,0.0,0.0,0.0,0.0,0.0,0.0,0.0,0.0,0.19679648326909271,0.0,0.0,0.0,0.0,0.0,0.0,0.0,0.0,0.0,0.0,0.0,0.0,0.0,0.0,0.0,0.0,0.0,0.0,0.0,0.0,0.24654908881011137,0.23306173932024063,0.2611138000338468,0.0,0.0,0.0,0.0,0.0,0.0,0.0,0.0,0.0,0.0,0.0,0.0,0.0,0.0,0.0,0.0,0.0,0.0,0.0,0.0,0.0,0.0,0.22012071221035054,0.0,0.0,0.0,0.4269695396589589,0.0,0.0,0.0,0.12782712536650923,0.2729007902672267,0.2175115318053002,0.0,0.11695186749085708,0.0,0.0,0.0,0.0,0.0,0.0,0.0,0.0,0.0,0.0,0.0,0.0,0.0,0.0,0.0,0.0,0.0,0.0,0.0,0.16458451188314252,0.0,0.0,0.0,0.0,0.0,0.0,0.0,0.0,0.0,0.0,0.0,0.0,0.0,0.0,0.0,0.0,0.16800510626391535,0.15557926294692065,0.17087851321163444,0.0,0.18080842106453415,0.0,0.0,0.0,0.21249986313801614,0.0,0.0,0.0,0.0,0.0,0.0,0.0,0.0,0.1930340051277283,0.0,0.0,0.0,0.0,0.0,0.0,0.0,0.0,0.25995447750936274,0.20774069023292138,0.0,0.0,0.0,0.0,0.0,0.0,0.0,0.0,0.0,0.0,0.0,0.0,0.0,0.0,0.0,0.0,0.0
420963bc3830703c8a1222f3312bcbdb5d2c173a1ded1b2d6fd492fda93373c1,0.0,0.0,0.0,0.0,0.0,0.0,0.0,0.0,0.0,0.0,0.0,0.0,0.1803325734431035,0.0,0.0,0.0,0.0,0.3529689323466218,0.0,0.0,0.0,0.0,0.0,0.0,0.0,0.0,0.0,0.0,0.0,0.0,0.0,0.0,0.0,0.0,0.29488746192962917,0.0,0.0,0.0,0.0,0.0,0.0,0.0,0.0,0.0,0.0,0.0,0.0,0.0,0.0,0.0,0.0,0.0,0.0,0.0,0.0,0.0,0.0,0.0,0.0,0.0,0.0,0.0,0.0,0.0,0.3482512632283508,0.0,0.0,0.0,0.0,0.0,0.0,0.0,0.0,0.0,0.0,0.1712452053538192,0.0,0.0,0.0,0.0,0.0,0.0,0.0,0.0,0.0,0.0,0.0,0.0,0.0,0.0,0.0,0.0,0.0,0.0,0.0,0.0,0.0,0.0,0.0,0.2204876973856376,0.0,0.0,0.2415560682699513,0.6691112698175324,0.0,0.0,0.0,0.0,0.0,0.0,0.0,0.0,0.0,0.0,0.0,0.0,0.2250701393789786,0.0,0.0,0.0,0.0,0.0,0.0,0.0,0.0,0.0,0.0,0.0,0.0,0.0,0.0,0.0,0.0,0.0,0.0,0.0,0.0,0.0,0.0,0.0,0.0,0.0,0.0,0.0,0.0,0.0,0.0,0.0,0.0,0.0,0.0,0.0,0.0,0.0,0.0,0.0,0.0,0.0,0.0,0.0,0.0
f69fd03b940dbebd0d98a1c77fc689337b5f0355d29e86abb4dbb99ea5334891,0.0,0.0,0.0,0.0,0.0,0.0,0.0,0.0,0.0,0.0,0.0,0.0,0.0,0.0,0.0,0.0,0.0,0.0,0.0,0.0,0.0,0.0,0.0,0.0,0.0,0.0,0.0,0.0,0.0,0.0,0.0,0.0,0.0,0.0,0.0,0.0,0.0,0.0,0.0,0.0,0.0,0.0,0.0,0.0,0.0,0.0,0.0,0.0,0.0,0.0,0.0,0.0,0.0,0.0,0.0,0.0,0.0,0.0,0.0,0.0,0.41796871323401213,0.0,0.0,0.0,0.0,0.0,0.0,0.0,0.0,0.0,0.0,0.0,0.0,0.0,0.0,0.0,0.0,0.0,0.0,0.0,0.0,0.0,0.0,0.0,0.0,0.0,0.0,0.0,0.0,0.0,0.0,0.0,0.0,0.0,0.0,0.0,0.0,0.0,0.0,0.35217639901034775,0.0,0.0,0.3858280860615065,0.0,0.0,0.0,0.0,0.0,0.0,0.0,0.0,0.0,0.0,0.0,0.5783729597748277,0.0,0.359495754870217,0.0,0.0,0.0,0.0,0.0,0.0,0.0,0.0,0.0,0.0,0.0,0.0,0.0,0.0,0.0,0.0,0.0,0.0,0.0,0.0,0.0,0.0,0.0,0.0,0.0,0.0,0.0,0.0,0.29775518194537187,0.0,0.0,0.0,0.0,0.0,0.0,0.0,0.0,0.0,0.0,0.0,0.0,0.0,0.0,0.0
393242de003f1c79e502bfe5b8b073f2ce1f423d5871a2261bdeffd823f8c266,0.0,0.0,0.0,0.0,0.0,0.0,0.0,0.0,0.0,0.0,0.21275473584279128,0.0,0.13851911832201358,0.0,0.0,0.0,0.0,0.0,0.0,0.0,0.0,0.20251083755159557,0.0,0.0,0.0,0.0,0.2908425009759911,0.0,0.0,0.0,0.0,0.0,0.0,0.0,0.0,0.0,0.0,0.0,0.0,0.0,0.0,0.0,0.0,0.23982912319849378,0.2686957280066336,0.0,0.0,0.0,0.0,0.0,0.0,0.0,0.0,0.0,0.0,0.0,0.0,0.0,0.26750274238247146,0.0,0.0,0.0,0.0,0.0,0.26750274238247146,0.0,0.0,0.22651232914166966,0.0,0.0,0.0,0.0,0.0,0.0,0.0,0.13153882523595936,0.28082497556595276,0.22382738629933513,0.0,0.12034778389008088,0.0,0.0,0.0,0.0,0.0,0.0,0.0,0.0,0.0,0.0,0.0,0.0,0.0,0.0,0.0,0.0,0.0,0.0,0.0,0.16936353127764603,0.0,0.0,0.0,0.0,0.0,0.0,0.0,0.0,0.0,0.0,0.0,0.0,0.0,0.0,0.0,0.0,0.17288344901940464,0.16009679808129465,0.0,0.15586886638306124,0.0,0.0,0.0,0.0,0.21867019445076424,0.0,0.25116939209625644,0.0,0.0,0.0,0.0,0.0,0.0,0.1986391088142714,0.0,0.0,0.0,0.0,0.0,0.0,0.0,0.0,0.0,0.21377283005149417,0.0,0.1431920742338116,0.0,0.0,0.0,0.0,0.0,0.0,0.0,0.0,0.0,0.0,0.0,0.0,0.0,0.0,0.0
338447d40e099471b745ab89c003011a8e3443fd687845a199b76ed67f462516,0.0,0.0,0.0,0.0,0.0,0.0,0.0,0.0,0.0,0.0,0.0,0.0,0.0,0.0,0.0,0.0,0.0,0.0,0.0,0.500645915979166,0.4347443026857709,0.0,0.0,0.0,0.0,0.0,0.0,0.0,0.0,0.0,0.0,0.0,0.0,0.0,0.0,0.0,0.0,0.0,0.0,0.0,0.0,0.0,0.0,0.0,0.0,0.0,0.0,0.3216357127915406,0.0,0.0,0.0,0.0,0.0,0.0,0.0,0.0,0.0,0.0,0.0,0.0,0.0,0.0,0.0,0.0,0.0,0.0,0.0,0.0,0.0,0.0,0.0,0.0,0.0,0.0,0.0,0.14621762829845125,0.0,0.0,0.0,0.13377774584664318,0.0,0.0,0.0,0.0,0.0,0.0,0.0,0.0,0.0,0.0,0.0,0.0,0.0,0.0,0.0,0.0,0.0,0.0,0.0,0.1882633041556018,0.0,0.0,0.20625252152639806,0.0,0.0,0.0,0.0,0.0,0.0,0.0,0.0,0.0,0.0,0.0,0.0,0.0,0.0,0.0,0.0,0.0,0.2068213489792717,0.0,0.0,0.0,0.0,0.0,0.0,0.0,0.42791611864793505,0.0,0.0,0.0,0.0,0.0,0.0,0.0,0.0,0.0,0.0,0.0,0.0,0.0,0.297354157484173,0.0,0.0,0.15917129750889705,0.0,0.0,0.0,0.0,0.0,0.0,0.0,0.0,0.0,0.0,0.0,0.0,0.0,0.0,0.0
0fa6047b89faa0096bac58ca8733687cd676b31cd75675654e4e0343ca8ae8c6,0.0,0.0,0.0,0.0,0.0,0.0,0.0,0.0,0.0,0.0,0.2184816387275568,0.0,0.14224775700622924,0.0,0.0,0.0,0.0,0.0,0.0,0.0,0.0,0.207961996583033,0.0,0.0,0.0,0.0,0.0,0.0,0.0,0.0,0.0,0.0,0.0,0.0,0.0,0.0,0.0,0.0,0.0,0.0,0.0,0.0,0.0,0.24628481073962158,0.0,0.0,0.0,0.0,0.35019169215341034,0.3463755236515025,0.0,0.0,0.0,0.0,0.0,0.0,0.0,0.0,0.0,0.0,0.0,0.0,0.0,0.0,0.0,0.0,0.0,0.0,0.0,0.0,0.0,0.0,0.0,0.0,0.0,0.13507956934545415,0.2883841838548401,0.229852341274882,0.0,0.12358728907902539,0.0,0.0,0.0,0.0,0.0,0.0,0.0,0.0,0.0,0.0,0.0,0.0,0.0,0.0,0.0,0.0,0.0,0.0,0.0,0.17392243565176405,0.0,0.0,0.0,0.0,0.0,0.0,0.0,0.0,0.0,0.0,0.0,0.0,0.0,0.0,0.0,0.0,0.17753710205793927,0.0,0.0,0.1600645232129702,0.0,0.0,0.0,0.0,0.22455632884138796,0.0,0.0,0.0,0.0,0.0,0.0,0.0,0.0,0.20398604918102448,0.0,0.0,0.0,0.0,0.0,0.0,0.0,0.0,0.0,0.21952713785694306,0.0,0.14704649890622465,0.0,0.0,0.0,0.0,0.0,0.4083614846419869,0.0,0.0,0.0,0.0,0.0,0.0,0.0,0.0,0.0
2bed8e9c8a557e04ab5f5c3b2a4a26133f62993277dbf0fa0ab574eabb4eddd0,0.0,0.0,0.0,0.0,0.0,0.0,0.0,0.0,0.0,0.0,0.22343302321954048,0.0,0.14547147567733637,0.0,0.0,0.0,0.0,0.0,0.0,0.0,0.0,0.21267497754930637,0.0,0.0,0.0,0.0,0.0,0.0,0.0,0.0,0.0,0.0,0.0,0.0,0.0,0.0,0.0,0.0,0.0,0.0,0.0,0.0,0.0,0.2518662902616968,0.0,0.0,0.0,0.3038691521310143,0.0,0.0,0.0,0.0,0.0,0.0,0.0,0.0,0.0,0.0,0.0,0.0,0.0,0.0,0.0,0.0,0.0,0.0,0.0,0.0,0.0,0.0,0.0,0.0,0.0,0.0,0.4357585508073686,0.13814083750847328,0.2949197489668027,0.23506141662172966,0.0,0.12638811110743967,0.0,0.0,0.0,0.0,0.0,0.0,0.0,0.0,0.0,0.0,0.0,0.0,0.0,0.0,0.0,0.0,0.0,0.0,0.0,0.0,0.0,0.0,0.0,0.0,0.3314408117437573,0.0,0.0,0.0,0.0,0.0,0.0,0.0,0.0,0.0,0.0,0.0,0.18156057267542935,0.0,0.0,0.0,0.0,0.0,0.0,0.0,0.0,0.0,0.0,0.0,0.0,0.0,0.0,0.0,0.0,0.20860892443213613,0.0,0.0,0.0,0.0,0.0,0.0,0.0,0.0,0.0,0.0,0.0,0.0,0.0,0.0,0.0,0.0,0.0,0.41761605968982934,0.0,0.0,0.0,0.0,0.0,0.0,0.0,0.0,0.0
51069afe5b2c62522b68911c1dcf5bc0a089a76bc193d05908faa60ba284109a,0.0,0.0,0.0,0.0,0.0,0.0,0.0,0.0,0.0,0.0,0.0,0.0,0.30304385607256296,0.0,0.0,0.0,0.0,0.5931544384347417,0.0,0.0,0.0,0.0,0.0,0.0,0.0,0.0,0.0,0.0,0.0,0.0,0.0,0.0,0.0,0.0,0.0,0.0,0.0,0.0,0.0,0.0,0.0,0.0,0.0,0.0,0.0,0.0,0.0,0.0,0.0,0.0,0.0,0.0,0.0,0.0,0.0,0.0,0.0,0.0,0.0,0.0,0.0,0.0,0.0,0.0,0.0,0.0,0.0,0.0,0.0,0.0,0.0,0.0,0.0,0.0,0.0,0.28777278765298914,0.0,0.0,0.0,0.0,0.0,0.0,0.0,0.0,0.0,0.0,0.0,0.0,0.0,0.0,0.0,0.0,0.0,0.0,0.0,0.0,0.0,0.0,0.0,0.0,0.0,0.0,0.40592823020600444,0.0,0.0,0.0,0.0,0.0,0.0,0.0,0.0,0.0,0.0,0.0,0.0,0.0,0.3782240868742136,0.0,0.0,0.0,0.4070477468040502,0.0,0.0,0.0,0.0,0.0,0.0,0.0,0.0,0.0,0.0,0.0,0.0,0.0,0.0,0.0,0.0,0.0,0.0,0.0,0.0,0.0,0.0,0.0,0.0,0.0,0.0,0.0,0.0,0.0,0.0,0.0,0.0,0.0,0.0,0.0,0.0,0.0,0.0,0.0,0.0
042271aadf2191749876fc99997d0e6bdd3b89159e7ab8cd11a9f13ae65fa6b1,0.0,0.0,0.0,0.0,0.0,0.0,0.0,0.0,0.0,0.0,0.0,0.0,0.19016222249372156,0.0,0.0,0.0,0.0,0.0,0.0,0.0,0.0,0.0,0.0,0.0,0.0,0.0,0.0,0.0,0.0,0.0,0.0,0.0,0.0,0.0,0.3109613203837719,0.0,0.0,0.0,0.0,0.0,0.0,0.5490539423050571,0.0,0.0,0.0,0.0,0.0,0.0,0.0,0.0,0.0,0.0,0.0,0.0,0.0,0.0,0.0,0.0,0.0,0.0,0.0,0.0,0.0,0.0,0.0,0.0,0.0,0.0,0.0,0.0,0.0,0.0,0.0,0.0,0.0,0.0,0.0,0.0,0.0,0.1652161978358108,0.0,0.0,0.0,0.0,0.0,0.0,0.0,0.0,0.0,0.0,0.0,0.0,0.0,0.0,0.0,0.0,0.0,0.0,0.0,0.0,0.0,0.0,0.0,0.0,0.0,0.0,0.3041950263091307,0.0,0.0,0.0,0.0,0.0,0.0,0.0,0.0,0.0,0.23733836380248838,0.0,0.2413975838980911,0.21398035453904107,0.0,0.0,0.0,0.0,0.0,0.0,0.0,0.0,0.0,0.0,0.0,0.0,0.0,0.0,0.0,0.0,0.0,0.0,0.0,0.0,0.0,0.0,0.0,0.0,0.0,0.19657736354116112,0.40672204110512666,0.0,0.0,0.0,0.0,0.0,0.0,0.0,0.2852977139616161,0.0,0.0,0.0,0.0,0.0,0.0
14910c0c902170b9ae33ed613976464020ac0e6df96566a4a2974104fd587aa2,0.0,0.0,0.0,0.0,0.0,0.0,0.0,0.0,0.0,0.0,0.2948687889481694,0.0,0.19198145932676905,0.0,0.0,0.0,0.0,0.0,0.0,0.0,0.0,0.28067119249388844,0.0,0.0,0.0,0.0,0.0,0.0,0.0,0.0,0.0,0.0,0.0,0.0,0.3139362135054271,0.0,0.0,0.0,0.0,0.0,0.0,0.0,0.0,0.0,0.0,0.0,0.0,0.0,0.0,0.0,0.0,0.0,0.0,0.0,0.0,0.0,0.0,0.0,0.0,0.0,0.0,0.0,0.0,0.0,0.0,0.0,0.0,0.0,0.0,0.0,0.0,0.0,0.0,0.0,0.0,0.18230707741167512,0.3892111737184509,0.31021499977461153,0.0,0.16679678197380324,0.0,0.0,0.0,0.0,0.0,0.0,0.0,0.0,0.0,0.0,0.0,0.0,0.0,0.0,0.0,0.0,0.0,0.0,0.0,0.23473047103744177,0.0,0.0,0.0,0.0,0.0,0.0,0.0,0.0,0.0,0.0,0.0,0.0,0.0,0.0,0.0,0.0,0.23960892357857097,0.22188718280562067,0.0,0.21602745378631055,0.25786901427364034,0.0,0.0,0.0,0.0,0.0,0.0,0.0,0.0,0.0,0.0,0.0,0.0,0.2753051452499193,0.0,0.0,0.0,0.0,0.0,0.0,0.0,0.0,0.0,0.0,0.0,0.19845797250548503,0.0,0.0,0.0,0.0,0.0,0.0,0.0,0.0,0.0,0.0,0.0,0.0,0.0,0.0,0.0
bb86f9dc3d6233f657539dbfd68787724b849c96de18c982620805647dbda743,0.0,0.0,0.0,0.0,0.0,0.0,0.0,0.0,0.0,0.0,0.224376659817409,0.0,0.14608585311544764,0.0,0.0,0.0,0.0,0.0,0.0,0.0,0.0,0.21357317911939927,0.0,0.0,0.0,0.0,0.0,0.0,0.0,0.0,0.0,0.0,0.0,0.0,0.0,0.0,0.0,0.0,0.0,0.0,0.0,0.0,0.0,0.2529300105920026,0.0,0.0,0.0,0.0,0.0,0.0,0.0,0.0,0.0,0.0,0.0,0.0,0.0,0.0,0.0,0.0,0.0,0.0,0.0,0.0,0.0,0.0,0.0,0.0,0.0,0.0,0.0,0.46336824956074674,0.0,0.0,0.0,0.1387242550716198,0.29616529926437807,0.2360541640333472,0.0,0.12692189275465512,0.0,0.0,0.0,0.0,0.0,0.0,0.0,0.0,0.0,0.0,0.0,0.0,0.0,0.0,0.0,0.0,0.0,0.0,0.0,0.17861517062087565,0.0,0.0,0.0,0.0,0.33284060339264593,0.0,0.0,0.0,0.0,0.0,0.0,0.0,0.0,0.0,0.0,0.0,0.1823273671207525,0.16884223356365868,0.18544572902709314,0.0,0.19622215121349276,0.0,0.0,0.0,0.23061525581616446,0.0,0.0,0.0,0.0,0.0,0.0,0.0,0.0,0.20948995362334363,0.0,0.0,0.0,0.0,0.0,0.0,0.0,0.0,0.0,0.22545036836271254,0.0,0.0,0.0,0.0,0.0,0.0,0.0,0.0,0.0,0.0,0.0,0.0,0.0,0.0,0.0,0.0,0.0
0fda176b199295f72fafc3bc25cefa27fa44ed7712c3a24ca2409217e430436d,0.0,0.0,0.0,0.0,0.0,0.0,0.0,0.0,0.0,0.0,0.0,0.0,0.0,0.0,0.0,0.0,0.0,0.0,0.0,0.0,0.0,0.0,0.0,0.0,0.0,0.0,0.0,0.0,0.0,0.0,0.0,0.0,0.0,0.0,0.2702043156439288,0.0,0.0,0.0,0.0,0.0,0.0,0.0,0.0,0.0,0.0,0.0,0.0,0.0,0.0,0.0,0.0,0.0,0.0,0.0,0.0,0.0,0.0,0.0,0.0,0.0,0.23977497884833368,0.0,0.0,0.0,0.0,0.0,0.0,0.0,0.0,0.0,0.0,0.0,0.0,0.0,0.0,0.15691136278616946,0.0,0.0,0.0,0.14356168032224156,0.0,0.0,0.0,0.0,0.0,0.0,0.0,0.0,0.0,0.0,0.0,0.0,0.0,0.0,0.0,0.0,0.0,0.0,0.0,0.2020320802727416,0.7831718526171692,0.0,0.22133695237302428,0.0,0.0,0.0,0.0,0.0,0.0,0.0,0.0,0.0,0.0,0.0,0.0,0.0,0.2062309553103117,0.0,0.20975814250718486,0.18593442807649016,0.0,0.0,0.0,0.0,0.0,0.0,0.0,0.0,0.0,0.0,0.0,0.0,0.0,0.0,0.0,0.0,0.0,0.0,0.0,0.0,0.0,0.0,0.0,0.0,0.0,0.0,0.0,0.0,0.0,0.0,0.0,0.0,0.0,0.0,0.0,0.0,0.0,0.0,0.0,0.0,0.0
7d0cbce0335874149e3c901e113500a5217fb7ec182c1b4b3cfe8a6852d608cd,0.0,0.0,0.0,0.0,0.0,0.0,0.3083804005499474,0.0,0.0,0.0,0.0,0.0,0.11590039040315894,0.0,0.0,0.0,0.2991109284760544,0.22685439617522501,0.0,0.0,0.0,0.0,0.0,0.0,0.0,0.30562247761188827,0.0,0.0,0.0,0.0,0.0,0.0,0.0,0.0,0.0,0.0,0.0,0.0,0.0,0.0,0.0,0.0,0.0,0.0,0.0,0.0,0.0,0.0,0.0,0.28221927193937923,0.0,0.0,0.0,0.0,0.0,0.0,0.0,0.0,0.0,0.0,0.16818164893903337,0.30698975240717946,0.0,0.0,0.0,0.0,0.0,0.0,0.0,0.0,0.0,0.0,0.0,0.0,0.0,0.11005990640641966,0.0,0.0,0.0,0.0,0.0,0.0,0.0,0.0,0.0,0.0,0.0,0.0,0.24148073387600977,0.0,0.0,0.0,0.0,0.0,0.0,0.0,0.0,0.0,0.0,0.0,0.0,0.0,0.15524894966118027,0.0,0.0,0.0,0.0,0.0,0.0,0.0,0.0,0.0,0.0,0.0,0.23272487867344105,0.2648839395485188,0.1446533841560648,0.13395466001149775,0.1471274044301402,0.13041710548213667,0.155677113467099,0.0,0.0,0.0,0.0,0.0,0.0,0.0,0.0,0.0,0.0,0.0,0.29664555994901376,0.0,0.0,0.0,0.0,0.0,0.0,0.0,0.0,0.0,0.0,0.17886595554960907,0.0,0.11981030133151971,0.0,0.0,0.0,0.0,0.0,0.0,0.0,0.0,0.0,0.0,0.0,0.0,0.0,0.0,0.0
f1fe80a633a1cd5361e637c748ada6d0cfebc7e07f058f60b3dce6067cc91c99,0.0,0.0,0.0,0.0,0.0,0.0,0.0,0.0,0.0,0.0,0.0,0.0,0.16729148089080534,0.0,0.0,0.0,0.0,0.0,0.0,0.0,0.0,0.0,0.0,0.0,0.0,0.0,0.0,0.0,0.0,0.0,0.0,0.0,0.0,0.0,0.0,0.0,0.0,0.0,0.0,0.0,0.0,0.0,0.0,0.0,0.0,0.0,0.0,0.34944802904031147,0.0,0.0,0.0,0.0,0.0,0.0,0.0,0.0,0.0,0.0,0.0,0.0,0.24275463621649362,0.0,0.0,0.0,0.0,0.0,0.0,0.0,0.0,0.0,0.0,0.0,0.0,0.0,0.0,0.0,0.0,0.0,0.0,0.14534570558047408,0.0,0.0,0.0,0.0,0.0,0.0,0.0,0.0,0.0,0.0,0.0,0.0,0.0,0.6777327793267331,0.0,0.0,0.0,0.0,0.0,0.0,0.0,0.0,0.0,0.0,0.0,0.0,0.0,0.0,0.0,0.0,0.0,0.0,0.0,0.0,0.335916811479108,0.0,0.0,0.0,0.21236478394181268,0.18824501482442252,0.2247054972129507,0.0,0.0,0.0,0.0,0.0,0.0,0.0,0.0,0.0,0.0,0.0,0.0,0.0,0.0,0.0,0.0,0.0,0.0,0.0,0.0,0.0,0.0,0.25817644341625534,0.0,0.0,0.0,0.0,0.0,0.0,0.0,0.0,0.0,0.0,0.0,0.0,0.0,0.0,0.0,0.0,0.0
b529884827298734eb8a64d2b01527c43433ee90a198a2584381595be09a6857,0.0,0.0,0.0,0.0,0.0,0.0,0.0,0.0,0.0,0.0,0.0,0.0,0.0,0.0,0.0,0.0,0.0,0.0,0.0,0.0,0.0,0.0,0.0,0.0,0.0,0.0,0.47356721208754593,0.0,0.0,0.0,0.0,0.0,0.0,0.0,0.0,0.0,0.0,0.0,0.0,0.0,0.0,0.0,0.0,0.0,0.43750650742217023,0.0,0.0,0.0,0.0,0.0,0.0,0.0,0.0,0.0,0.0,0.0,0.0,0.0,0.43556401664383093,0.0,0.0,0.0,0.0,0.0,0.0,0.0,0.0,0.0,0.0,0.0,0.0,0.0,0.0,0.0,0.0,0.0,0.0,0.36444918113040264,0.0,0.195957483196188,0.0,0.0,0.0,0.0,0.0,0.0,0.0,0.0,0.0,0.0,0.0,0.0,0.0,0.0,0.0,0.0,0.0,0.0,0.0,0.0,0.0,0.0,0.0,0.0,0.0,0.0,0.0,0.0,0.0,0.0,0.0,0.0,0.0,0.0,0.0,0.0,0.0,0.0,0.0,0.25379504115310114,0.0,0.0,0.0,0.0,0.0,0.0,0.0,0.0,0.0,0.0,0.0,0.0,0.0,0.3234361163071367,0.0,0.0,0.0,0.0,0.0,0.0,0.0,0.0,0.0,0.0,0.0,0.23315392750503422,0.0,0.0,0.0,0.0,0.0,0.0,0.0,0.0,0.0,0.0,0.0,0.0,0.0,0.0,0.0
b7237c2cb72c7ad699a4877b44b212805a7c88282f06a5b879288051a45cac4a,0.0,0.0,0.0,0.0,0.0,0.0,0.316453004953481,0.0,0.0,0.0,0.0,0.0,0.11893436402882153,0.0,0.0,0.0,0.3069408819817077,0.232792859820318,0.0,0.0,0.0,0.0,0.0,0.0,0.0,0.31362288669816213,0.0,0.0,0.0,0.0,0.0,0.0,0.0,0.0,0.0,0.0,0.0,0.0,0.0,0.0,0.0,0.0,0.0,0.0,0.0,0.0,0.0,0.0,0.0,0.28960704539501064,0.0,0.0,0.0,0.0,0.0,0.0,0.0,0.0,0.0,0.0,0.17258421122054546,0.3150259532250732,0.0,0.0,0.0,0.0,0.0,0.0,0.0,0.0,0.0,0.0,0.0,0.0,0.0,0.11294099120793272,0.0,0.0,0.0,0.0,0.0,0.0,0.0,0.0,0.0,0.0,0.0,0.0,0.24780207736015986,0.0,0.0,0.0,0.0,0.0,0.0,0.0,0.0,0.0,0.0,0.14541778872253394,0.0,0.0,0.0,0.0,0.0,0.0,0.0,0.0,0.0,0.0,0.0,0.0,0.0,0.0,0.23881701642616687,0.27181791866331134,0.14844003708161332,0.13746124790214911,0.150978820832626,0.13383108930903906,0.15975233922548943,0.0,0.0,0.0,0.0,0.0,0.0,0.0,0.0,0.0,0.0,0.0,0.30441097645817755,0.0,0.0,0.0,0.0,0.0,0.0,0.0,0.0,0.0,0.0,0.0,0.0,0.0,0.0,0.0,0.0,0.0,0.0,0.0,0.0,0.0,0.0,0.0,0.0,0.0,0.0,0.0,0.0
b818cb146de28aef397ad51ef0403713899e0d7376acd2ec5d2d6c9258d7ba6c,0.0,0.0,0.0,0.0,0.0,0.0,0.0,0.0,0.0,0.0,0.16998407497291232,0.0,0.11067224473644388,0.0,0.0,0.0,0.0,0.0,0.0,0.0,0.0,0.1617995353045113,0.0,0.0,0.0,0.0,0.0,0.0,0.0,0.0,0.0,0.0,0.0,0.0,0.1809759420234836,0.0,0.4707039228239605,0.0,0.0,0.0,0.0,0.0,0.2027044758959458,0.0,0.0,0.0,0.0,0.0,0.0,0.0,0.0,0.0,0.0,0.0,0.0,0.0,0.0,0.0,0.21372594145307888,0.0,0.0,0.0,0.0,0.0,0.21372594145307888,0.0,0.0,0.0,0.0,0.0,0.0,0.0,0.0,0.0,0.0,0.10509521887813586,0.0,0.0,0.0,0.0,0.0,0.42361851803275086,0.0,0.0,0.0,0.0,0.0,0.0,0.23058778996083018,0.0,0.0,0.0,0.0,0.0,0.0,0.0,0.0,0.0,0.0,0.13531592180232077,0.0,0.0,0.0,0.0,0.0,0.0,0.0,0.0,0.0,0.0,0.0,0.0,0.0,0.0,0.0,0.0,0.13812822094547922,0.12791210508274134,0.14049064074668063,0.12453412594669094,0.1486546813307743,0.0,0.0,0.0,0.0,0.0,0.0,0.0,0.0,0.0,0.0,0.0,0.0,0.0,0.0,0.0,0.0,0.34831424237180814,0.0,0.0,0.0,0.0,0.0,0.17079749894496207,0.0,0.11440578366289643,0.0,0.0,0.0,0.0,0.0,0.0,0.0,0.0,0.16604001577311397,0.0,0.0,0.0,0.0,0.0,0.0
b803f8964ba32cb741ae8f49c57609a81eb155f1af105c430d4ef22c506840b0,0.0,0.0,0.0,0.0,0.0,0.0,0.0,0.0,0.0,0.0,0.21983486214613876,0.0,0.14312880585382426,0.0,0.0,0.0,0.0,0.0,0.0,0.0,0.0,0.20925006383477193,0.0,0.0,0.0,0.0,0.0,0.0,0.0,0.0,0.0,0.0,0.0,0.0,0.0,0.0,0.0,0.0,0.0,0.0,0.0,0.0,0.0,0.24781024040718955,0.0,0.0,0.0,0.29897564919733616,0.0,0.0,0.0,0.0,0.0,0.0,0.0,0.0,0.0,0.0,0.0,0.0,0.0,0.0,0.0,0.0,0.0,0.0,0.0,0.0,0.0,0.0,0.0,0.0,0.0,0.0,0.0,0.13591622013988625,0.29017036704814564,0.23127599212646194,0.0,0.12435275941692113,0.0,0.0,0.0,0.0,0.0,0.0,0.0,0.0,0.0,0.0,0.0,0.0,0.0,0.0,0.0,0.0,0.0,0.0,0.0,0.1749996699416179,0.0,0.0,0.0,0.0,0.3261032953383097,0.0,0.0,0.0,0.0,0.0,0.0,0.0,0.0,0.0,0.0,0.0,0.1786367247336533,0.0,0.18169196524021947,0.16105592488204157,0.1922502527541864,0.0,0.0,0.0,0.2259471774488441,0.0,0.0,0.0,0.3977683269820515,0.0,0.0,0.0,0.0,0.20524949035815693,0.0,0.0,0.0,0.0,0.0,0.0,0.0,0.0,0.0,0.22088683684900678,0.0,0.0,0.0,0.0,0.0,0.0,0.0,0.0,0.0,0.0,0.0,0.0,0.0,0.0,0.0,0.0,0.0
b407e91e4e3f005698d688198db32e9ebce62920639d4af69ffed72921310e78,0.0,0.0,0.0,0.0,0.0,0.0,0.0,0.0,0.0,0.0,0.19952726574984872,0.0,0.12990705388242763,0.0,0.0,0.0,0.0,0.0,0.0,0.0,0.0,0.18992025508301152,0.0,0.0,0.0,0.0,0.0,0.0,0.0,0.0,0.0,0.0,0.0,0.0,0.0,0.0,0.0,0.0,0.0,0.0,0.0,0.0,0.0,0.22491837377635726,0.0,0.0,0.0,0.0,0.31981081444932313,0.31632571761802436,0.0,0.0,0.0,0.0,0.0,0.0,0.0,0.0,0.0,0.0,0.0,0.0,0.0,0.0,0.0,0.0,0.0,0.0,0.0,0.0,0.0,0.0,0.4523381908198744,0.0,0.0,0.12336074228999329,0.26336541608336267,0.20991150308043627,0.0,0.11286547471443817,0.0,0.0,0.0,0.0,0.0,0.0,0.0,0.0,0.27066389162347426,0.0,0.0,0.0,0.0,0.0,0.0,0.0,0.0,0.0,0.0,0.15883379601259617,0.0,0.0,0.0,0.0,0.0,0.0,0.0,0.0,0.0,0.0,0.0,0.0,0.0,0.0,0.0,0.0,0.16213487206101107,0.0,0.16490787984754715,0.14617812666657254,0.0,0.0,0.0,0.0,0.2050749461670658,0.0,0.0,0.0,0.0,0.0,0.0,0.0,0.0,0.18628924096892746,0.0,0.0,0.0,0.0,0.0,0.0,0.0,0.0,0.0,0.2004820626098742,0.0,0.134289480963814,0.0,0.0,0.0,0.0,0.0,0.0,0.0,0.0,0.0,0.0,0.0,0.0,0.0,0.0,0.0
5ca6d298c6d1b95e2d810bf3906b55355416d88c05c17d4094f87924db898c7e,0.0,0.0,0.0,0.0,0.0,0.0,0.0,0.0,0.0,0.0,0.2379434573956243,0.0,0.15491884492427033,0.0,0.0,0.0,0.0,0.0,0.0,0.0,0.0,0.2264867508411938,0.0,0.0,0.0,0.0,0.0,0.0,0.0,0.0,0.0,0.0,0.0,0.0,0.0,0.0,0.0,0.0,0.0,0.0,0.0,0.0,0.0,0.26822326907062494,0.0,0.0,0.0,0.0,0.0,0.0,0.0,0.0,0.0,0.0,0.0,0.0,0.0,0.0,0.0,0.0,0.0,0.0,0.0,0.0,0.0,0.0,0.0,0.0,0.0,0.0,0.0,0.49138552752128994,0.0,0.0,0.0,0.1471121323547424,0.31407275304357735,0.25032703476571905,0.0,0.13459614741486622,0.0,0.0,0.0,0.0,0.0,0.0,0.0,0.0,0.0,0.0,0.0,0.0,0.0,0.0,0.0,0.0,0.0,0.0,0.0,0.1894150277280443,0.0,0.0,0.0,0.0,0.0,0.0,0.0,0.0,0.0,0.0,0.0,0.0,0.0,0.0,0.0,0.0,0.19335167992008348,0.17905117600569329,0.1966585916728893,0.0,0.20808660363934559,0.0,0.0,0.0,0.24455926628789665,0.0,0.0,0.0,0.0,0.0,0.0,0.0,0.0,0.22215663561152563,0.0,0.0,0.0,0.0,0.0,0.0,0.0,0.0,0.0,0.2390820870717798,0.0,0.0,0.0,0.0,0.0,0.0,0.0,0.0,0.0,0.0,0.0,0.0,0.0,0.0,0.0,0.0,0.0
0ffab407dd3ebd93f007e24f439bbda8c8b68d50b5ba6537213608608c6f8d61,0.0,0.0,0.0,0.0,0.0,0.0,0.27613451384552257,0.0,0.0,0.0,0.0,0.0,0.10378123220998592,0.0,0.0,0.0,0.2678343068279416,0.20313329994335794,0.0,0.0,0.0,0.0,0.0,0.0,0.0,0.27366497392545547,0.0,0.0,0.0,0.0,0.0,0.0,0.0,0.0,0.0,0.0,0.0,0.0,0.0,0.0,0.0,0.0,0.0,0.17968466899651572,0.0,0.0,0.0,0.0,0.2554931345581038,0.25270893129343236,0.0,0.0,0.0,0.0,0.0,0.0,0.0,0.0,0.0,0.0,0.15059568566841025,0.2748892792322054,0.0,0.0,0.0,0.0,0.0,0.0,0.0,0.0,0.0,0.0,0.0,0.0,0.0,0.09855146012918553,0.2103995632705534,0.16769585479518556,0.0,0.09016691311028067,0.0,0.0,0.0,0.0,0.0,0.0,0.0,0.0,0.2162302303680672,0.0,0.0,0.0,0.0,0.0,0.0,0.0,0.0,0.0,0.0,0.12689046956368968,0.0,0.0,0.0,0.0,0.0,0.0,0.0,0.0,0.0,0.0,0.0,0.0,0.0,0.0,0.20838993372356143,0.2371862730000903,0.12952766076836,0.1199476518405589,0.13174298438947038,0.11678000273437346,0.1393986906024173,0.0,0.0,0.0,0.16383198581253897,0.0,0.0,0.0,0.0,0.0,0.0,0.0,0.26562673028140893,0.14882430474265015,0.0,0.0,0.0,0.0,0.0,0.0,0.0,0.0,0.0,0.0,0.0,0.10728230215949242,0.0,0.0,0.0,0.0,0.0,0.0,0.0,0.0,0.0,0.0,0.0,0.0,0.0,0.0,0.0
b85b8ee9ea3f8b05ee4fc5325e2c9f060468dda68ac533d40d695b29b7906f9c,0.0,0.0,0.0,0.0,0.0,0.0,0.0,0.0,0.0,0.0,0.24302044498470024,0.0,0.15822434053067722,0.0,0.0,0.0,0.0,0.0,0.0,0.0,0.0,0.23131928725844442,0.0,0.0,0.0,0.0,0.3322166894553917,0.0,0.0,0.0,0.0,0.0,0.0,0.0,0.0,0.0,0.0,0.0,0.0,0.0,0.0,0.0,0.0,0.0,0.3069193977139502,0.0,0.0,0.0,0.0,0.0,0.0,0.0,0.0,0.0,0.0,0.0,0.0,0.0,0.30555670232625054,0.0,0.0,0.0,0.0,0.0,0.0,0.0,0.0,0.25873514309549783,0.0,0.0,0.0,0.0,0.0,0.0,0.0,0.1502510565274953,0.0,0.2556682501226205,0.0,0.13746801864613328,0.0,0.0,0.0,0.0,0.0,0.0,0.0,0.0,0.0,0.0,0.0,0.0,0.0,0.0,0.0,0.0,0.0,0.0,0.0,0.19345656665281843,0.0,0.0,0.0,0.0,0.0,0.0,0.0,0.0,0.0,0.0,0.0,0.0,0.0,0.0,0.0,0.0,0.19747721499478438,0.0,0.0,0.17804220017768305,0.0,0.0,0.0,0.0,0.24977741505873147,0.0,0.2868998294772251,0.0,0.0,0.0,0.0,0.0,0.0,0.22689678057779492,0.0,0.0,0.0,0.0,0.0,0.0,0.0,0.0,0.0,0.24418336954501715,0.0,0.16356205402777263,0.0,0.0,0.0,0.0,0.0,0.0,0.0,0.0,0.0,0.0,0.0,0.0,0.0,0.0,0.0
b47b40aeaf31f4342d50be9cb114ccdce5903db6c6aa84c73b3cb69a50bea774,0.0,0.0,0.0,0.0,0.0,0.0,0.0,0.0,0.0,0.0,0.0,0.0,0.26960441742478386,0.0,0.0,0.0,0.0,0.0,0.0,0.0,0.0,0.0,0.0,0.0,0.0,0.0,0.0,0.0,0.0,0.0,0.0,0.0,0.0,0.0,0.0,0.0,0.0,0.0,0.0,0.0,0.0,0.0,0.0,0.0,0.0,0.0,0.0,0.0,0.0,0.0,0.0,0.0,0.0,0.0,0.0,0.0,0.0,0.0,0.0,0.0,0.0,0.0,0.0,0.0,0.5206495817559423,0.0,0.0,0.4408685622428312,0.0,0.0,0.0,0.0,0.0,0.0,0.0,0.256018438292683,0.0,0.0,0.0,0.2342369382443048,0.0,0.0,0.0,0.0,0.0,0.0,0.0,0.0,0.0,0.0,0.0,0.0,0.0,0.0,0.0,0.0,0.0,0.0,0.0,0.0,0.0,0.0,0.0,0.0,0.0,0.0,0.0,0.0,0.0,0.0,0.0,0.0,0.0,0.0,0.0,0.0,0.33648886969457836,0.3116017810475858,0.0,0.0,0.36213197674893466,0.0,0.0,0.0,0.0,0.0,0.0,0.0,0.0,0.0,0.0,0.0,0.0,0.0,0.0,0.0,0.0,0.0,0.0,0.0,0.0,0.0,0.0,0.0,0.0,0.0,0.0,0.0,0.0,0.0,0.0,0.0,0.0,0.0,0.0,0.0,0.0,0.0,0.0,0.0,0.0
b45f9e29351506203a4101b1559e928ec3de39850008d82598b8ce1c3a7a13c3,0.0,0.0,0.0,0.0,0.0,0.0,0.0,0.0,0.0,0.0,0.19736092679600845,0.0,0.12849660649246059,0.0,0.0,0.0,0.0,0.0,0.0,0.0,0.0,0.18785822288323473,0.0,0.0,0.0,0.0,0.0,0.0,0.0,0.0,0.0,0.0,0.0,0.0,0.0,0.0,0.0,0.0,0.0,0.0,0.0,0.0,0.0,0.222476354472805,0.0,0.0,0.0,0.0,0.31633851394644574,0.31289125605908863,0.0,0.0,0.0,0.0,0.0,0.0,0.0,0.0,0.0,0.0,0.0,0.0,0.0,0.0,0.0,0.0,0.0,0.0,0.0,0.0,0.0,0.0,0.0,0.0,0.0,0.12202137054852659,0.26050596347766697,0.20763241874440158,0.0,0.11164005385028367,0.0,0.0,0.0,0.0,0.0,0.0,0.0,0.0,0.267725196856028,0.0,0.0,0.0,0.0,0.0,0.0,0.0,0.0,0.0,0.0,0.1571092806277174,0.0,0.0,0.0,0.0,0.2927654329749431,0.0,0.0,0.0,0.0,0.0,0.0,0.0,0.0,0.0,0.0,0.0,0.16037451571170874,0.0,0.16311741595998583,0.14459101841443914,0.0,0.0,0.0,0.0,0.20284837406089867,0.0,0.0,0.0,0.0,0.0,0.0,0.0,0.0,0.18426663198926907,0.0,0.0,0.0,0.0,0.0,0.0,0.0,0.0,0.0,0.19830535708471292,0.0,0.1328314519941411,0.0,0.0,0.0,0.0,0.0,0.3688850081229788,0.0,0.0,0.0,0.0,0.0,0.0,0.0,0.0,0.0
5fb31e60567d6a71966f7232cc9836835ad962bc588960a54c3f5a2f30f49de8,0.0,0.0,0.0,0.0,0.0,0.0,0.0,0.0,0.0,0.0,0.20153248661283696,0.0,0.13121260144113053,0.0,0.0,0.0,0.0,0.0,0.0,0.0,0.0,0.19182892684456396,0.0,0.0,0.0,0.0,0.0,0.0,0.0,0.0,0.0,0.0,0.0,0.0,0.0,0.0,0.0,0.0,0.0,0.0,0.0,0.0,0.0,0.22717877169175385,0.0,0.0,0.0,0.0,0.3230248680020193,0.0,0.0,0.0,0.0,0.0,0.0,0.0,0.0,0.0,0.0,0.0,0.0,0.0,0.0,0.0,0.0,0.0,0.0,0.0,0.0,0.0,0.0,0.0,0.0,0.0,0.0,0.12460050034102446,0.26601220134819975,0.21202108406314682,0.0,0.113999756807454,0.0,0.0,0.0,0.0,0.0,0.0,0.0,0.0,0.27338402553751,0.0,0.0,0.0,0.0,0.0,0.0,0.0,0.0,0.0,0.0,0.1604300532474915,0.0,0.0,0.0,0.0,0.0,0.0,0.0,0.0,0.0,0.0,0.0,0.0,0.0,0.0,0.0,0.0,0.1637643046443367,0.0,0.1665651807677935,0.0,0.0,0.0,0.0,0.0,0.20713592043534426,0.0,0.0,0.0,0.0,0.0,0.0,0.0,0.0,0.18816142155105134,0.0,0.0,0.0,0.4129600693420428,0.0,0.0,0.0,0.0,0.0,0.20249687904656233,0.0,0.13563907129622552,0.0,0.0,0.0,0.0,0.0,0.37668202195898903,0.0,0.0,0.0,0.0,0.0,0.0,0.0,0.0,0.0
b28c7e4510175a83aa87b5511c73319de27fc894ffc28d561d4689c3ca27d1f9,0.0,0.0,0.0,0.0,0.0,0.0,0.0,0.0,0.0,0.0,0.2102143656079369,0.0,0.1368651488169421,0.0,0.0,0.0,0.0,0.0,0.0,0.0,0.0,0.2000927832511186,0.0,0.0,0.0,0.0,0.0,0.0,0.0,0.0,0.0,0.0,0.0,0.0,0.0,0.0,0.0,0.0,0.0,0.0,0.0,0.0,0.0,0.2369654747649526,0.0,0.0,0.0,0.0,0.33694055407098195,0.0,0.0,0.0,0.0,0.0,0.0,0.0,0.0,0.0,0.0,0.0,0.0,0.0,0.0,0.0,0.0,0.0,0.0,0.0,0.0,0.0,0.0,0.0,0.0,0.0,0.0,0.1299682030120477,0.277471821492529,0.22115480452272904,0.0,0.11891078683892731,0.0,0.0,0.0,0.0,0.0,0.0,0.0,0.0,0.2851612187275571,0.0,0.0,0.0,0.0,0.0,0.0,0.0,0.0,0.0,0.0,0.1673412680738531,0.0,0.0,0.0,0.0,0.0,0.0,0.0,0.0,0.0,0.0,0.0,0.0,0.0,0.0,0.0,0.0,0.17081915669590786,0.0,0.17374069260971814,0.15400773446920993,0.0,0.0,0.0,0.0,0.21605919145225513,0.0,0.0,0.0,0.0,0.0,0.0,0.0,0.0,0.19626728438690522,0.0,0.0,0.0,0.0,0.0,0.0,0.0,0.0,0.0,0.2112203033952383,0.0,0.14148230790682642,0.29272939679079263,0.3167597902565185,0.0,0.0,0.0,0.0,0.0,0.0,0.2053368622139403,0.0,0.0,0.0,0.0,0.0,0.0
b9d63fdb2ed5ccfb4dd3f9b0135d392aa5e2d9f5125550f96202823413752e6f,0.0,0.0,0.0,0.0,0.0,0.0,0.0,0.0,0.0,0.0,0.0,0.0,0.22408180161791297,0.0,0.0,0.0,0.0,0.0,0.0,0.0,0.0,0.0,0.0,0.0,0.0,0.0,0.0,0.0,0.0,0.0,0.0,0.0,0.0,0.0,0.0,0.0,0.0,0.0,0.0,0.0,0.0,0.0,0.0,0.0,0.0,0.0,0.0,0.4680749043658298,0.0,0.0,0.0,0.0,0.0,0.0,0.0,0.0,0.0,0.0,0.0,0.0,0.0,0.0,0.0,0.0,0.43273807382638046,0.0,0.0,0.36642805280308105,0.0,0.0,0.0,0.0,0.0,0.0,0.0,0.2127898105231681,0.0,0.0,0.0,0.1946861094807216,0.0,0.0,0.0,0.0,0.0,0.0,0.0,0.0,0.0,0.0,0.0,0.0,0.0,0.0,0.0,0.0,0.0,0.0,0.0,0.0,0.0,0.0,0.3001583016101538,0.0,0.0,0.0,0.0,0.0,0.0,0.0,0.0,0.0,0.0,0.0,0.0,0.0,0.27967283646816427,0.25898792442439683,0.0,0.0,0.30098611346379905,0.0,0.0,0.0,0.0,0.0,0.0,0.0,0.0,0.0,0.0,0.0,0.0,0.0,0.0,0.0,0.0,0.0,0.0,0.0,0.0,0.0,0.0,0.0,0.0,0.0,0.0,0.0,0.0,0.0,0.0,0.0,0.0,0.0,0.0,0.0,0.0,0.0,0.0,0.0,0.0
b9d0e6a73f63d4f9e77b7640934ffd3268454052fbf942ed9f9779b45c55430f,0.0,0.0,0.0,0.0,0.0,0.0,0.0,0.0,0.0,0.0,0.0,0.0,0.12399091506691731,0.0,0.0,0.0,0.3199906195246984,0.0,0.0,0.40314849975926254,0.0,0.0,0.0,0.0,0.0,0.0,0.260338271519542,0.0,0.0,0.0,0.0,0.0,0.0,0.0,0.2027551958490268,0.0,0.0,0.0,0.0,0.0,0.0,0.0,0.2270986146016233,0.0,0.2405143029618854,0.0,0.0,0.0,0.0,0.0,0.0,0.0,0.0,0.0,0.0,0.0,0.0,0.0,0.23944644040981747,0.0,0.0,0.0,0.0,0.0,0.0,0.0,0.0,0.0,0.0,0.0,0.0,0.0,0.0,0.0,0.0,0.11774273115079435,0.0,0.20035185597828403,0.0,0.10772543192281722,0.0,0.0,0.0,0.0,0.0,0.0,0.0,0.0,0.0,0.0,0.0,0.0,0.0,0.0,0.0,0.0,0.0,0.0,0.0,0.1516002951539328,0.0,0.0,0.16608623374527362,0.46005952802774497,0.0,0.0,0.0,0.0,0.0,0.0,0.0,0.0,0.0,0.0,0.0,0.0,0.15475103583902977,0.0,0.15739775718836832,0.13952098170558072,0.0,0.0,0.0,0.0,0.0,0.0,0.0,0.0,0.0,0.0,0.0,0.0,0.0,0.1778053828837022,0.0,0.0,0.0,0.0,0.0,0.0,0.0,0.0,0.0,0.0,0.0,0.12817376063069186,0.0,0.0,0.0,0.0,0.0,0.0,0.0,0.0,0.0,0.0,0.0,0.0,0.0,0.0,0.0
b72ca6cd6e45b2d7f82111021bc01cfa1e67809a012b58fb03e518db14644ea5,0.0,0.22785065188090978,0.0,0.0,0.0,0.0,0.0,0.0,0.0,0.0,0.0,0.28607539027188433,0.10653119816321385,0.0,0.0,0.0,0.0,0.0,0.0,0.0,0.0,0.0,0.34943180208772334,0.0,0.3797503188304838,0.0,0.0,0.0,0.0,0.0,0.0,0.0,0.0,0.0,0.0,0.0,0.0,0.0,0.0,0.0,0.0,0.0,0.0,0.0,0.2066464051506648,0.0,0.0,0.2225284696579191,0.0,0.0,0.0,0.0,0.0,0.0,0.0,0.0,0.32792047212170666,0.0,0.0,0.0,0.0,0.0,0.0,0.0,0.0,0.0,0.0,0.0,0.0,0.0,0.0,0.0,0.0,0.0,0.0,0.10116284905014,0.0,0.0,0.0,0.0925561306583941,0.0,0.0,0.0,0.0,0.0,0.0,0.0,0.0,0.0,0.0,0.0,0.0,0.0,0.0,0.0,0.0,0.0,0.0,0.0,0.13025277760011011,0.0,0.0,0.1426988862026752,0.0,0.0,0.0,0.17041376674629466,0.0,0.0,0.0,0.0,0.0,0.0,0.0,0.0,0.0,0.13295984835689756,0.12312599104223429,0.0,0.11987440645939004,0.14309243796808324,0.0,0.0,0.0,0.0,0.0,0.19316738805496675,0.0,0.0,0.0,0.0,0.0,0.0,0.0,0.0,0.0,0.0,0.0,0.0,0.0,0.0,0.0,0.20572891311438113,0.0,0.0,0.11012503848127342,0.0,0.0,0.0,0.0,0.0,0.0,0.0,0.0,0.0,0.3797503188304838,0.0,0.0,0.0,0.0,0.0
afac44f3d45291fc6e6d4baa02c40e917cd251b9cc98956c86f1438a9ffeffc5,0.0,0.0,0.0,0.0,0.0,0.0,0.0,0.0,0.0,0.0,0.2752921254190179,0.0,0.1792355988832744,0.0,0.0,0.0,0.0,0.0,0.0,0.0,0.0,0.262037123023944,0.0,0.0,0.0,0.0,0.3763331045896258,0.0,0.0,0.0,0.0,0.0,0.0,0.0,0.0,0.0,0.0,0.0,0.0,0.0,0.0,0.0,0.0,0.0,0.3476764818462808,0.0,0.0,0.0,0.0,0.0,0.0,0.0,0.0,0.0,0.0,0.0,0.0,0.0,0.3461328285557021,0.0,0.0,0.0,0.0,0.0,0.0,0.0,0.0,0.0,0.0,0.0,0.0,0.0,0.0,0.0,0.0,0.1702035098343732,0.0,0.0,0.0,0.1557229599864231,0.0,0.0,0.0,0.0,0.0,0.0,0.0,0.0,0.0,0.0,0.0,0.0,0.0,0.0,0.0,0.0,0.0,0.0,0.0,0.0,0.0,0.0,0.0,0.0,0.4083686654764997,0.0,0.0,0.0,0.0,0.0,0.0,0.0,0.0,0.0,0.0,0.0,0.0,0.0,0.0,0.20168515329760978,0.0,0.0,0.0,0.0,0.28294638122942867,0.0,0.0,0.0,0.0,0.0,0.0,0.0,0.0,0.25702733356416224,0.0,0.0,0.0,0.0,0.0,0.0,0.0,0.0,0.0,0.0,0.0,0.18528212922184606,0.0,0.0,0.0,0.0,0.0,0.0,0.0,0.0,0.0,0.0,0.0,0.0,0.0,0.0,0.0
aeeb16bba21d151520e8647a94a0c46581dc2fabc9ee2c80642dd4734f432a98,0.0,0.0,0.0,0.0,0.0,0.0,0.0,0.0,0.0,0.0,0.0,0.0,0.19676886143184097,0.0,0.0,0.0,0.0,0.0,0.0,0.0,0.0,0.0,0.0,0.0,0.0,0.0,0.0,0.0,0.0,0.0,0.0,0.0,0.0,0.0,0.0,0.0,0.0,0.0,0.0,0.0,0.0,0.0,0.3603968549130643,0.0,0.0,0.0,0.0,0.0,0.0,0.0,0.0,0.0,0.5648793771989052,0.0,0.0,0.0,0.0,0.0,0.0,0.0,0.0,0.0,0.0,0.0,0.0,0.0,0.0,0.0,0.0,0.0,0.0,0.0,0.0,0.0,0.0,0.18685323144775118,0.0,0.0,0.0,0.17095615896750269,0.0,0.0,0.0,0.0,0.0,0.0,0.0,0.0,0.4099717774653221,0.0,0.0,0.0,0.0,0.0,0.0,0.0,0.0,0.0,0.0,0.0,0.0,0.0,0.0,0.0,0.0,0.0,0.0,0.0,0.0,0.0,0.0,0.0,0.0,0.0,0.0,0.0,0.0,0.0,0.2497842479601486,0.2214144859019983,0.0,0.0,0.0,0.0,0.0,0.0,0.35679057091900196,0.0,0.0,0.0,0.0,0.0,0.0,0.0,0.0,0.0,0.0,0.0,0.0,0.0,0.0,0.0,0.0,0.0,0.0,0.203406878085601,0.0,0.0,0.0,0.0,0.0,0.0,0.0,0.0,0.0,0.0,0.0,0.0,0.0,0.0,0.0
aee70e4294c47b9cbe681db4b3660ee65ca4275a4311a1240b57696bb537095e,0.0,0.0,0.0,0.0,0.0,0.0,0.0,0.0,0.0,0.0,0.0,0.0,0.0,0.0,0.0,0.0,0.0,0.0,0.0,0.0,0.0,0.0,0.0,0.0,0.0,0.0,0.44431086668828307,0.0,0.0,0.0,0.0,0.0,0.0,0.0,0.3460357029622187,0.0,0.0,0.0,0.0,0.0,0.0,0.0,0.0,0.0,0.41047794385429814,0.0,0.0,0.0,0.0,0.0,0.0,0.0,0.0,0.0,0.0,0.0,0.0,0.0,0.40865545754353055,0.0,0.0,0.0,0.0,0.0,0.0,0.0,0.0,0.0,0.0,0.0,0.0,0.0,0.0,0.0,0.0,0.0,0.0,0.3419340009163247,0.0,0.18385149345359977,0.0,0.0,0.0,0.0,0.0,0.0,0.0,0.0,0.0,0.0,0.0,0.0,0.0,0.0,0.0,0.0,0.0,0.0,0.0,0.0,0.0,0.0,0.0,0.0,0.0,0.0,0.0,0.0,0.0,0.0,0.0,0.0,0.0,0.0,0.0,0.0,0.0,0.0,0.0,0.23811592487335617,0.0,0.0,0.0,0.0,0.0,0.0,0.0,0.0,0.0,0.0,0.0,0.0,0.0,0.3034546680739164,0.0,0.0,0.0,0.0,0.0,0.0,0.0,0.0,0.0,0.0,0.0,0.2187499914634888,0.0,0.0,0.0,0.0,0.0,0.0,0.0,0.0,0.0,0.0,0.0,0.0,0.0,0.0,0.0
bc5c16685482832a733991a0a5a29c0affe69cb5fa4e07c1ad6bae49c46bad2b,0.0,0.0,0.0,0.0,0.0,0.0,0.0,0.0,0.0,0.0,0.0,0.3571158261159857,0.13298584265855626,0.4486696464975481,0.0,0.0,0.0,0.0,0.0,0.0,0.0,0.0,0.0,0.4580117648731528,0.0,0.0,0.0,0.0,0.0,0.0,0.0,0.0,0.0,0.0,0.21746408241951704,0.0,0.0,0.0,0.0,0.0,0.0,0.0,0.0,0.0,0.0,0.0,0.0,0.0,0.0,0.0,0.0,0.0,0.0,0.0,0.0,0.0,0.0,0.0,0.0,0.0,0.0,0.0,0.0,0.0,0.0,0.0,0.0,0.0,0.0,0.0,0.0,0.0,0.0,0.0,0.0,0.1262843839047209,0.0,0.0,0.0,0.11554037916633758,0.0,0.0,0.0,0.0,0.0,0.0,0.0,0.0,0.27707860835154235,0.0,0.0,0.0,0.0,0.0,0.0,0.0,0.0,0.0,0.0,0.1625981467065629,0.0,0.0,0.17813496849088375,0.0,0.0,0.0,0.212732220815294,0.0,0.0,0.0,0.0,0.0,0.0,0.0,0.0,0.0,0.16597745804384983,0.1537015818299082,0.16881618593560077,0.14964253881546072,0.0,0.0,0.0,0.0,0.0,0.0,0.0,0.0,0.0,0.0,0.0,0.0,0.0,0.0,0.0,0.0,0.0,0.0,0.0,0.0,0.0,0.0,0.25681709528723007,0.0,0.0,0.13747213297836683,0.0,0.0,0.0,0.0,0.0,0.0,0.0,0.0,0.0,0.0,0.0,0.0,0.0,0.0,0.0
ad28bbb99354fbdc5912b497c26f6c2013574c879ea720640000011b44dc41c9,0.0,0.0,0.0,0.0,0.0,0.0,0.0,0.0,0.0,0.0,0.0,0.0,0.0,0.0,0.0,0.0,0.0,0.0,0.0,0.0,0.0,0.0,0.0,0.0,0.0,0.0,0.41428245372198647,0.0,0.0,0.0,0.0,0.0,0.0,0.0,0.3226491424059084,0.0,0.0,0.0,0.0,0.0,0.0,0.0,0.36138740087994337,0.0,0.38273610331934504,0.0,0.0,0.0,0.0,0.0,0.0,0.0,0.0,0.0,0.0,0.0,0.0,0.0,0.3810367883637439,0.0,0.0,0.0,0.0,0.0,0.0,0.0,0.0,0.0,0.0,0.0,0.0,0.0,0.0,0.0,0.0,0.0,0.0,0.3188246507821156,0.0,0.1714260296988087,0.0,0.0,0.0,0.0,0.0,0.0,0.0,0.0,0.0,0.0,0.0,0.0,0.0,0.0,0.0,0.0,0.0,0.0,0.0,0.0,0.0,0.0,0.0,0.0,0.0,0.0,0.0,0.0,0.0,0.0,0.0,0.0,0.0,0.0,0.0,0.0,0.0,0.0,0.0,0.22202304067440812,0.0,0.0,0.0,0.0,0.0,0.0,0.0,0.0,0.0,0.0,0.0,0.0,0.0,0.282945914467701,0.0,0.0,0.0,0.0,0.0,0.0,0.0,0.0,0.0,0.0,0.0,0.20396593918720737,0.0,0.0,0.0,0.0,0.0,0.0,0.0,0.0,0.0,0.0,0.0,0.0,0.0,0.0,0.0
ac0ec8320601c7a274a4a97536cc6f3387964581b1a676d0c276381437967ca0,0.0,0.0,0.0,0.0,0.0,0.0,0.0,0.0,0.0,0.0,0.2102562486064919,0.0,0.13689241775650077,0.0,0.0,0.0,0.0,0.2679425553537326,0.0,0.0,0.0,0.20013264963098057,0.0,0.0,0.0,0.0,0.0,0.0,0.0,0.0,0.0,0.0,0.0,0.0,0.0,0.0,0.0,0.0,0.0,0.0,0.0,0.0,0.0,0.23701268764028804,0.0,0.0,0.0,0.0,0.0,0.0,0.0,0.0,0.0,0.0,0.0,0.0,0.0,0.0,0.0,0.0,0.0,0.0,0.0,0.0,0.0,0.0,0.0,0.2238522794793999,0.0,0.0,0.0,0.4342076843254631,0.0,0.0,0.0,0.1299940978077873,0.2775271048308728,0.22119886728852275,0.0,0.11893447856094137,0.0,0.0,0.0,0.0,0.0,0.0,0.0,0.0,0.0,0.0,0.0,0.0,0.0,0.0,0.0,0.0,0.0,0.0,0.0,0.1673746090592261,0.0,0.0,0.0,0.0,0.3118943686487179,0.0,0.0,0.0,0.0,0.0,0.0,0.0,0.0,0.0,0.0,0.0,0.17085319061396273,0.15821669983110068,0.1737753086130368,0.0,0.1838735519158652,0.0,0.0,0.0,0.21610223897080705,0.0,0.0,0.0,0.0,0.0,0.0,0.0,0.0,0.19630638857640528,0.0,0.0,0.0,0.0,0.0,0.0,0.0,0.0,0.0,0.21126238681630377,0.0,0.0,0.0,0.0,0.0,0.0,0.0,0.0,0.0,0.0,0.0,0.0,0.0,0.0,0.0,0.0,0.0
e718fda21871d54c4bade2114a35411b639bee1afe21ef5c5c9a608e72337a9d,0.0,0.0,0.0,0.0,0.0,0.0,0.0,0.0,0.0,0.0,0.0,0.3571158261159857,0.13298584265855626,0.4486696464975481,0.0,0.0,0.0,0.0,0.0,0.0,0.0,0.0,0.0,0.4580117648731528,0.0,0.0,0.0,0.0,0.0,0.0,0.0,0.0,0.0,0.0,0.21746408241951704,0.0,0.0,0.0,0.0,0.0,0.0,0.0,0.0,0.0,0.0,0.0,0.0,0.0,0.0,0.0,0.0,0.0,0.0,0.0,0.0,0.0,0.0,0.0,0.0,0.0,0.0,0.0,0.0,0.0,0.0,0.0,0.0,0.0,0.0,0.0,0.0,0.0,0.0,0.0,0.0,0.1262843839047209,0.0,0.0,0.0,0.11554037916633758,0.0,0.0,0.0,0.0,0.0,0.0,0.0,0.0,0.27707860835154235,0.0,0.0,0.0,0.0,0.0,0.0,0.0,0.0,0.0,0.0,0.1625981467065629,0.0,0.0,0.17813496849088375,0.0,0.0,0.0,0.212732220815294,0.0,0.0,0.0,0.0,0.0,0.0,0.0,0.0,0.0,0.16597745804384983,0.1537015818299082,0.16881618593560077,0.14964253881546072,0.0,0.0,0.0,0.0,0.0,0.0,0.0,0.0,0.0,0.0,0.0,0.0,0.0,0.0,0.0,0.0,0.0,0.0,0.0,0.0,0.0,0.0,0.25681709528723007,0.0,0.0,0.13747213297836683,0.0,0.0,0.0,0.0,0.0,0.0,0.0,0.0,0.0,0.0,0.0,0.0,0.0,0.0,0.0
ac0ae00f56127b9a2036156b7fb50c8eb65347d8773ca8a6e5ca0f92cc39ca59,0.0,0.0,0.0,0.0,0.0,0.0,0.0,0.0,0.0,0.0,0.21843036550403683,0.0,0.1422143743335128,0.0,0.0,0.0,0.0,0.0,0.0,0.0,0.0,0.20791319210684653,0.0,0.0,0.0,0.0,0.0,0.0,0.0,0.0,0.0,0.0,0.0,0.0,0.0,0.0,0.0,0.0,0.0,0.0,0.0,0.0,0.0,0.24622701267373298,0.0,0.0,0.0,0.0,0.3501095092431613,0.0,0.0,0.0,0.0,0.0,0.0,0.0,0.0,0.0,0.0,0.0,0.0,0.0,0.0,0.0,0.0,0.0,0.0,0.0,0.0,0.0,0.0,0.0,0.0,0.0,0.0,0.13504786890146095,0.2883165059172133,0.2297983995773581,0.0,0.12355828564086885,0.0,0.0,0.0,0.0,0.0,0.0,0.0,0.0,0.2963064348818468,0.0,0.0,0.0,0.0,0.0,0.0,0.0,0.0,0.0,0.0,0.17388161957234316,0.0,0.0,0.0,0.0,0.0,0.0,0.0,0.0,0.0,0.0,0.0,0.0,0.0,0.0,0.0,0.0,0.17749543768939136,0.0,0.1805311586575622,0.16002695930543037,0.0,0.0,0.0,0.0,0.22450363001091156,0.0,0.0,0.0,0.0,0.0,0.0,0.0,0.0,0.2039381777793107,0.0,0.0,0.0,0.0,0.0,0.0,0.0,0.0,0.0,0.21947561927591452,0.0,0.14701199006580146,0.0,0.0,0.0,0.0,0.0,0.40826565045747176,0.0,0.0,0.0,0.0,0.0,0.0,0.0,0.0,0.0
abe871f5e7219a1448d1308f89acc883b4435574c916253a09c215809e706e1f,0.0,0.0,0.0,0.0,0.0,0.5740265553315881,0.0,0.0,0.0,0.0,0.0,0.0,0.20761106633032933,0.0,0.0,0.0,0.0,0.0,0.0,0.0,0.0,0.3035212137995053,0.0,0.0,0.0,0.0,0.0,0.0,0.0,0.0,0.0,0.0,0.0,0.0,0.0,0.0,0.0,0.0,0.0,0.0,0.0,0.0,0.0,0.0,0.0,0.0,0.0,0.0,0.0,0.0,0.0,0.0,0.0,0.0,0.0,0.0,0.0,0.0,0.0,0.0,0.0,0.0,0.0,0.0,0.0,0.0,0.0,0.0,0.0,0.0,0.0,0.0,0.0,0.0,0.0,0.19714907300804269,0.0,0.0,0.0,0.18037605239320237,0.0,0.0,0.0,0.0,0.0,0.0,0.0,0.0,0.0,0.0,0.0,0.0,0.0,0.0,0.0,0.0,0.0,0.0,0.0,0.0,0.0,0.0,0.0,0.0,0.0,0.0,0.0,0.0,0.0,0.0,0.0,0.0,0.0,0.0,0.0,0.0,0.2591159807871781,0.2399514765063792,0.0,0.2336146948485469,0.27886266316883074,0.0,0.0,0.0,0.0,0.0,0.0,0.0,0.0,0.0,0.0,0.0,0.0,0.0,0.0,0.0,0.0,0.0,0.0,0.0,0.0,0.0,0.4009304294242419,0.0,0.0,0.21461484581950924,0.0,0.0,0.0,0.0,0.0,0.0,0.0,0.0,0.0,0.0,0.0,0.0,0.0,0.0,0.0
aa7a7e346847c1e79c0148f579c63f5e08e53b6a385193358207cddd20fc1fef,0.0,0.0,0.0,0.0,0.0,0.0,0.0,0.0,0.0,0.0,0.0,0.0,0.20387150245781707,0.0,0.0,0.0,0.0,0.0,0.0,0.0,0.0,0.0,0.0,0.0,0.0,0.0,0.0,0.0,0.0,0.0,0.0,0.0,0.0,0.0,0.0,0.0,0.0,0.0,0.0,0.0,0.0,0.0,0.37340587203453074,0.35297888314560194,0.0,0.0,0.0,0.0,0.0,0.0,0.0,0.0,0.0,0.0,0.0,0.0,0.0,0.0,0.0,0.0,0.0,0.0,0.0,0.0,0.39370872888694886,0.0,0.0,0.0,0.0,0.0,0.0,0.0,0.0,0.0,0.0,0.19359795425531146,0.4133163016762574,0.3294276348913187,0.0,0.0,0.0,0.0,0.0,0.0,0.0,0.0,0.0,0.0,0.0,0.0,0.0,0.0,0.0,0.0,0.0,0.0,0.0,0.0,0.0,0.0,0.0,0.0,0.2730865401947789,0.0,0.0,0.0,0.0,0.0,0.0,0.0,0.0,0.0,0.0,0.0,0.0,0.0,0.0,0.0,0.0,0.0,0.0,0.0,0.0,0.0,0.32183731477256683,0.0,0.0,0.0,0.0,0.0,0.0,0.0,0.0,0.0,0.0,0.0,0.0,0.0,0.0,0.0,0.0,0.0,0.0,0.0,0.0,0.21074912739651117,0.0,0.0,0.0,0.0,0.0,0.0,0.0,0.0,0.0,0.0,0.0,0.0,0.0,0.0,0.0
aa5dd4972e0211d912506d36b72be348566efb407712dd97aab3c8f69bba0294,0.0,0.0,0.0,0.0,0.0,0.0,0.0,0.0,0.0,0.0,0.2515874234821046,0.0,0.16380207915747313,0.0,0.0,0.0,0.0,0.0,0.0,0.0,0.0,0.2394737754954434,0.0,0.0,0.0,0.0,0.3439280219534553,0.0,0.0,0.0,0.0,0.0,0.0,0.0,0.0,0.0,0.0,0.0,0.0,0.0,0.0,0.0,0.0,0.0,0.3177389478173057,0.0,0.0,0.0,0.0,0.0,0.0,0.0,0.0,0.0,0.0,0.0,0.0,0.0,0.3163282145697228,0.0,0.0,0.0,0.0,0.0,0.0,0.0,0.0,0.0,0.0,0.0,0.0,0.0,0.0,0.0,0.0,0.1555477202323304,0.0,0.26468109017979097,0.0,0.1423140535544158,0.0,0.0,0.0,0.0,0.0,0.0,0.0,0.0,0.0,0.0,0.0,0.0,0.0,0.0,0.0,0.0,0.0,0.0,0.0,0.20027631487112454,0.0,0.0,0.0,0.0,0.0,0.0,0.0,0.0,0.0,0.0,0.0,0.0,0.0,0.0,0.0,0.0,0.20443869946862825,0.0,0.0,0.18431855976812328,0.0,0.0,0.0,0.0,0.25858259087050367,0.0,0.2970136479676616,0.0,0.0,0.0,0.0,0.0,0.0,0.2348953662131007,0.0,0.0,0.0,0.0,0.0,0.0,0.0,0.0,0.0,0.25279134356320154,0.0,0.16932795820894322,0.0,0.0,0.0,0.0,0.0,0.0,0.0,0.0,0.0,0.0,0.0,0.0,0.0,0.0,0.0
aa4ebbd38ad2aa5a12d999f6880f4053f676fbabc00a8b26c68bf212a6a2c3b4,0.0,0.0,0.0,0.0,0.0,0.0,0.0,0.0,0.0,0.0,0.0,0.0,0.0,0.0,0.0,0.0,0.0,0.0,0.0,0.5243643569237005,0.45534060985639496,0.0,0.0,0.0,0.0,0.0,0.0,0.0,0.0,0.0,0.0,0.0,0.0,0.0,0.0,0.0,0.0,0.0,0.0,0.0,0.0,0.0,0.0,0.0,0.0,0.0,0.0,0.33687342354881145,0.0,0.0,0.0,0.0,0.0,0.0,0.0,0.0,0.0,0.0,0.0,0.0,0.0,0.0,0.0,0.0,0.0,0.0,0.0,0.0,0.0,0.0,0.0,0.0,0.0,0.0,0.0,0.15314478793594455,0.0,0.0,0.0,0.14011555758800293,0.0,0.0,0.0,0.0,0.0,0.0,0.0,0.0,0.0,0.0,0.0,0.0,0.0,0.0,0.0,0.0,0.0,0.0,0.0,0.19718240629769024,0.0,0.0,0.21602387508256848,0.0,0.0,0.0,0.0,0.0,0.0,0.0,0.0,0.0,0.0,0.0,0.0,0.0,0.0,0.0,0.0,0.0,0.2166196511230926,0.0,0.0,0.0,0.0,0.0,0.0,0.0,0.4481889359533855,0.0,0.0,0.0,0.0,0.0,0.0,0.0,0.0,0.0,0.0,0.0,0.0,0.0,0.0,0.0,0.0,0.1667121460398313,0.0,0.0,0.0,0.0,0.0,0.0,0.0,0.0,0.0,0.0,0.0,0.0,0.0,0.0,0.0
1b5fd1069eddccb6aa751575d2e241dcaa5b2f4969d97dd6854950a8de2a8794,0.0,0.0,0.0,0.0,0.0,0.0,0.0,0.0,0.0,0.0,0.21843215941809685,0.0,0.1422155423046649,0.0,0.0,0.0,0.0,0.0,0.0,0.0,0.0,0.20791489964598706,0.0,0.0,0.0,0.0,0.2986037198518053,0.0,0.0,0.0,0.0,0.0,0.0,0.0,0.0,0.0,0.0,0.0,0.0,0.0,0.0,0.0,0.0,0.24622903487471665,0.2758659536409808,0.0,0.0,0.0,0.0,0.0,0.0,0.0,0.0,0.0,0.0,0.0,0.0,0.0,0.27464113283965663,0.0,0.0,0.0,0.0,0.0,0.27464113283965663,0.0,0.0,0.0,0.0,0.0,0.0,0.0,0.0,0.0,0.0,0.13504897801589308,0.2883188737886972,0.22980028685424386,0.0,0.12355930039422207,0.0,0.0,0.0,0.0,0.0,0.0,0.0,0.0,0.0,0.0,0.0,0.0,0.0,0.0,0.0,0.0,0.0,0.0,0.0,0.17388304761867457,0.0,0.0,0.0,0.0,0.0,0.0,0.0,0.0,0.0,0.0,0.0,0.0,0.0,0.0,0.0,0.0,0.17749689541510874,0.1643690288833827,0.0,0.16002827356689586,0.0,0.0,0.0,0.0,0.22450547380317676,0.0,0.2578719222299976,0.0,0.0,0.0,0.0,0.0,0.0,0.20393985267265094,0.0,0.0,0.0,0.0,0.0,0.0,0.0,0.0,0.0,0.2194774217743828,0.0,0.14701319743857383,0.0,0.0,0.0,0.0,0.0,0.0,0.0,0.0,0.0,0.0,0.0,0.0,0.0,0.0,0.0
a294620543334a721a2ae8eaaf9680a0786f4b9a216d75b55cfd28f39e9430ea,0.0,0.37350144493539744,0.0,0.0,0.0,0.0,0.0,0.0,0.0,0.0,0.0,0.0,0.0,0.0,0.0,0.0,0.0,0.0,0.0,0.0,0.0,0.0,0.0,0.0,0.0,0.0,0.0,0.0,0.0,0.0,0.0,0.0,0.0,0.0,0.28556235154302256,0.0,0.0,0.0,0.0,0.0,0.0,0.0,0.0,0.0,0.0,0.0,0.0,0.0,0.0,0.0,0.0,0.0,0.0,0.0,0.0,0.0,0.0,0.0,0.0,0.5951496709192434,0.0,0.0,0.0,0.0,0.0,0.0,0.0,0.0,0.0,0.0,0.0,0.0,0.0,0.0,0.0,0.0,0.0,0.0,0.0,0.0,0.0,0.0,0.0,0.0,0.0,0.0,0.0,0.0,0.0,0.0,0.0,0.0,0.0,0.0,0.0,0.0,0.0,0.0,0.0,0.0,0.0,0.0,0.0,0.0,0.0,0.0,0.0,0.0,0.572801885396227,0.0,0.0,0.0,0.0,0.0,0.0,0.0,0.21795283476146743,0.0,0.22168050235208747,0.0,0.0,0.0,0.0,0.0,0.0,0.0,0.0,0.0,0.0,0.0,0.0,0.0,0.0,0.0,0.0,0.0,0.0,0.0,0.0,0.0,0.0,0.0,0.0,0.0,0.0,0.0,0.0,0.0,0.0,0.0,0.0,0.0,0.0,0.0,0.0,0.0,0.0,0.0,0.0,0.0,0.0
a5380558b5d0ead794ac3970b904c8412aaa417ffa426f18c3dc62b42e991711,0.0,0.0,0.0,0.0,0.0,0.0,0.0,0.0,0.0,0.0,0.0,0.0,0.3085773282344678,0.0,0.0,0.0,0.0,0.6039852258175522,0.0,0.0,0.0,0.0,0.0,0.0,0.0,0.0,0.0,0.0,0.0,0.0,0.0,0.0,0.0,0.0,0.0,0.0,0.0,0.0,0.0,0.0,0.0,0.0,0.0,0.0,0.0,0.0,0.0,0.0,0.0,0.0,0.0,0.0,0.0,0.0,0.0,0.0,0.0,0.0,0.0,0.0,0.0,0.0,0.0,0.0,0.0,0.0,0.0,0.0,0.0,0.0,0.0,0.0,0.0,0.0,0.0,0.0,0.0,0.0,0.0,0.0,0.0,0.0,0.0,0.0,0.0,0.0,0.0,0.0,0.0,0.0,0.0,0.0,0.0,0.0,0.0,0.0,0.0,0.0,0.0,0.3772890458378354,0.0,0.0,0.4133403341525645,0.0,0.0,0.0,0.0,0.0,0.0,0.0,0.0,0.0,0.0,0.0,0.0,0.0,0.0,0.0,0.0,0.0,0.0,0.0,0.0,0.0,0.0,0.0,0.0,0.0,0.0,0.0,0.0,0.0,0.0,0.0,0.0,0.0,0.0,0.0,0.0,0.0,0.0,0.0,0.0,0.47621909196001383,0.0,0.0,0.0,0.0,0.0,0.0,0.0,0.0,0.0,0.0,0.0,0.0,0.0,0.0,0.0,0.0,0.0
a4515730dc2be572ac039d78bfc3c3e2e1bfa4a737e67f0a709b29d94c737ca6,0.0,0.0,0.0,0.0,0.0,0.0,0.0,0.0,0.0,0.0,0.16749317146277207,0.0,0.1090504817393335,0.0,0.0,0.0,0.0,0.0,0.0,0.0,0.0,0.15942856596227564,0.0,0.0,0.0,0.0,0.0,0.0,0.0,0.0,0.0,0.0,0.0,0.0,0.0,0.0,0.0,0.0,0.0,0.0,0.0,0.0,0.0,0.18880773814282484,0.0,0.0,0.0,0.0,0.2684652013793753,0.0,0.0,0.0,0.0,0.0,0.0,0.0,0.0,0.0,0.0,0.0,0.0,0.0,0.0,0.0,0.0,0.0,0.0,0.0,0.0,0.0,0.0,0.0,0.0,0.0,0.0,0.10355518020307633,0.2210821093931039,0.17621021991820873,0.0,0.09474492740392243,0.0,0.0,0.0,0.0,0.0,0.0,0.0,0.0,0.2272088149862601,0.0,0.0,0.0,0.0,0.0,0.0,0.0,0.0,0.0,0.0,0.1333330366135231,0.0,0.0,0.0,0.0,0.0,0.0,0.0,0.0,0.0,0.0,0.0,0.0,0.0,0.0,0.0,0.0,0.13610412503851058,0.0,0.13843192653928488,0.12270923445904841,0.0,0.0,0.0,0.0,0.1721501720178068,0.0,0.0,0.0,0.0,0.0,0.0,0.0,0.0,0.1563805110144546,0.0,0.0,0.0,0.0,0.0,0.516861882324411,0.0,0.0,0.0,0.16829467572629894,0.0,0.11272931033354681,0.23323893639276036,0.252385709742111,0.0,0.0,0.0,0.31305953472467046,0.0,0.0,0.16360690750589013,0.0,0.0,0.0,0.0,0.0,0.0
a632288c7ae62bee60155ff916cd70e7ac14183b7789bcf64be9a186c0b75b0f,0.0,0.0,0.0,0.0,0.0,0.0,0.0,0.0,0.0,0.0,0.20169380301313367,0.0,0.13131763038655664,0.0,0.0,0.0,0.0,0.0,0.0,0.0,0.0,0.191982476043859,0.0,0.0,0.0,0.0,0.0,0.0,0.0,0.0,0.0,0.0,0.0,0.0,0.0,0.0,0.0,0.0,0.0,0.0,0.0,0.0,0.0,0.22736061662548676,0.0,0.0,0.0,0.0,0.3232834328110394,0.3197604935719735,0.0,0.0,0.0,0.0,0.0,0.0,0.0,0.0,0.0,0.0,0.0,0.0,0.0,0.0,0.0,0.0,0.0,0.0,0.0,0.0,0.0,0.0,0.45724983806936265,0.0,0.0,0.12470023663926602,0.2662251304470151,0.21219079604677243,0.0,0.11409100775518932,0.0,0.0,0.0,0.0,0.0,0.0,0.0,0.0,0.2736028554028064,0.0,0.0,0.0,0.0,0.0,0.0,0.0,0.0,0.0,0.0,0.16055846926182377,0.0,0.0,0.0,0.0,0.0,0.0,0.0,0.0,0.0,0.0,0.0,0.0,0.0,0.0,0.0,0.0,0.16389538955559005,0.0,0.16669850763646776,0.0,0.0,0.0,0.0,0.0,0.2073017220964976,0.0,0.0,0.0,0.0,0.0,0.0,0.0,0.0,0.1883120351008044,0.0,0.0,0.0,0.0,0.0,0.0,0.0,0.0,0.0,0.20265896739344935,0.0,0.13574764340332768,0.0,0.0,0.0,0.0,0.0,0.0,0.0,0.0,0.0,0.0,0.0,0.0,0.0,0.0,0.0
9540d034f1814af5581f3540d9130367acf7f1376047a3b00c6d2f5069c3b02e,0.0,0.0,0.0,0.0,0.0,0.0,0.30532993936270836,0.0,0.0,0.0,0.0,0.0,0.11475391792345467,0.0,0.0,0.0,0.29615215977231035,0.22461038024732236,0.0,0.0,0.0,0.0,0.0,0.0,0.0,0.30259929746087894,0.0,0.0,0.0,0.0,0.0,0.0,0.0,0.0,0.0,0.0,0.0,0.0,0.0,0.0,0.0,0.0,0.0,0.0,0.0,0.0,0.0,0.0,0.0,0.2794275934351466,0.0,0.0,0.0,0.0,0.0,0.0,0.0,0.0,0.0,0.0,0.1665180166472941,0.3039530473412019,0.0,0.0,0.0,0.0,0.0,0.0,0.0,0.0,0.0,0.0,0.0,0.0,0.0,0.10897120727973969,0.0,0.0,0.0,0.0,0.0,0.0,0.0,0.0,0.0,0.0,0.0,0.0,0.23909203600532436,0.0,0.0,0.0,0.0,0.0,0.0,0.0,0.0,0.0,0.0,0.1403064717917194,0.0,0.0,0.15371324604818637,0.0,0.0,0.0,0.0,0.0,0.0,0.0,0.0,0.0,0.0,0.0,0.2304227926510083,0.2622637400310567,0.14322249058051997,0.13262959690604045,0.14567203814877797,0.12912703543321055,0.15413717451012926,0.0,0.0,0.0,0.0,0.0,0.0,0.0,0.0,0.0,0.0,0.0,0.2937111783690641,0.0,0.0,0.0,0.0,0.0,0.0,0.0,0.0,0.0,0.0,0.17709663540426432,0.0,0.11862515249134878,0.0,0.0,0.0,0.0,0.0,0.0,0.0,0.0,0.0,0.0,0.0,0.0,0.0,0.0,0.0
a74798d23c9bde7440ed3dde108f8fd57a6f38dc66aab56a5a6db8fb009c88d1,0.0,0.0,0.0,0.0,0.0,0.0,0.0,0.0,0.0,0.0,0.26257011953582765,0.0,0.1709526291470372,0.0,0.0,0.0,0.0,0.0,0.0,0.0,0.0,0.24992766723892734,0.0,0.0,0.0,0.0,0.3589417173011549,0.0,0.0,0.0,0.0,0.0,0.0,0.0,0.0,0.0,0.0,0.0,0.0,0.0,0.0,0.0,0.0,0.0,0.33160939587074534,0.0,0.0,0.0,0.0,0.0,0.0,0.0,0.0,0.0,0.0,0.0,0.0,0.0,0.3301370790421684,0.0,0.0,0.0,0.0,0.0,0.0,0.0,0.0,0.0,0.0,0.0,0.0,0.0,0.0,0.0,0.0,0.16233793776195485,0.0,0.2762353718858456,0.0,0.14852657392895904,0.0,0.0,0.0,0.0,0.0,0.0,0.0,0.0,0.0,0.0,0.0,0.0,0.0,0.0,0.0,0.0,0.0,0.0,0.0,0.0,0.0,0.0,0.0,0.0,0.0,0.0,0.0,0.0,0.0,0.0,0.0,0.0,0.0,0.0,0.0,0.0,0.0,0.0,0.0,0.19236472793891532,0.0,0.0,0.0,0.0,0.2698706511439814,0.0,0.3099793621289196,0.0,0.0,0.0,0.0,0.0,0.0,0.24514939392180274,0.0,0.0,0.0,0.0,0.0,0.0,0.0,0.0,0.0,0.2638265950592462,0.0,0.17671973269698166,0.0,0.0,0.0,0.0,0.0,0.0,0.0,0.0,0.0,0.0,0.0,0.0,0.0,0.0,0.0
a36813a35722d441ec430098be1f72cde0fb40c561ea21b858ba7c10516d62e4,0.0,0.0,0.0,0.0,0.0,0.0,0.0,0.0,0.0,0.0,0.24311477071617774,0.0,0.15828575358034486,0.0,0.0,0.0,0.0,0.0,0.0,0.0,0.0,0.23140907131334926,0.0,0.0,0.0,0.0,0.0,0.0,0.0,0.0,0.0,0.0,0.0,0.0,0.0,0.0,0.0,0.0,0.0,0.0,0.0,0.0,0.0,0.2740526647573534,0.0,0.0,0.0,0.0,0.38967472708656714,0.3854282973373261,0.0,0.0,0.0,0.0,0.0,0.0,0.0,0.0,0.0,0.0,0.0,0.0,0.0,0.0,0.0,0.0,0.0,0.0,0.0,0.0,0.0,0.0,0.0,0.0,0.0,0.15030937483406048,0.3208986125532871,0.2557674849615243,0.0,0.13752137535615977,0.0,0.0,0.0,0.0,0.0,0.0,0.0,0.0,0.0,0.0,0.0,0.0,0.0,0.0,0.0,0.0,0.0,0.0,0.0,0.1935316547062528,0.0,0.0,0.0,0.0,0.0,0.0,0.0,0.0,0.0,0.0,0.0,0.0,0.0,0.0,0.0,0.0,0.19755386361895957,0.0,0.0,0.0,0.0,0.0,0.0,0.0,0.2498743634343443,0.0,0.0,0.0,0.0,0.0,0.0,0.0,0.0,0.2269848480850338,0.0,0.0,0.0,0.0,0.0,0.0,0.0,0.0,0.0,0.2442781466529614,0.0,0.16362553885263625,0.0,0.0,0.0,0.0,0.0,0.0,0.0,0.0,0.0,0.0,0.0,0.0,0.0,0.0,0.0
b2fd01b66512f2a7ec6cfa1fa7907582ec461a36fc709f14f1d9504f064e6606,0.0,0.0,0.0,0.0,0.0,0.0,0.0,0.0,0.0,0.0,0.2459027323273908,0.0,0.16010092344141066,0.0,0.0,0.0,0.0,0.0,0.0,0.0,0.0,0.2340627957473174,0.0,0.0,0.0,0.0,0.0,0.0,0.0,0.0,0.0,0.0,0.0,0.0,0.0,0.0,0.0,0.0,0.0,0.0,0.0,0.0,0.0,0.2771954121377095,0.0,0.0,0.0,0.3344279807090267,0.0,0.0,0.0,0.0,0.0,0.0,0.0,0.0,0.0,0.0,0.0,0.0,0.0,0.0,0.0,0.0,0.0,0.0,0.0,0.0,0.0,0.0,0.0,0.0,0.0,0.0,0.4795809354164655,0.1520330741617826,0.3245785741214575,0.25870054381010293,0.0,0.13909842603919623,0.0,0.0,0.0,0.0,0.0,0.0,0.0,0.0,0.0,0.0,0.0,0.0,0.0,0.0,0.0,0.0,0.0,0.0,0.0,0.0,0.0,0.0,0.0,0.0,0.36477240489431123,0.0,0.0,0.0,0.0,0.0,0.0,0.0,0.0,0.0,0.0,0.0,0.1998193474737414,0.0,0.0,0.0,0.0,0.0,0.0,0.0,0.0,0.0,0.0,0.0,0.0,0.0,0.0,0.0,0.0,0.22958783695701349,0.0,0.0,0.0,0.0,0.0,0.0,0.0,0.0,0.0,0.0,0.0,0.0,0.0,0.0,0.0,0.0,0.0,0.0,0.0,0.0,0.0,0.0,0.0,0.0,0.0,0.0,0.0
af890b72e50681eee069a7024c0649ac99f60e781cb267d4849dae4b310d59c1,0.0,0.0,0.0,0.0,0.0,0.0,0.0,0.0,0.0,0.0,0.0,0.0,0.17574187031275035,0.0,0.0,0.0,0.0,0.0,0.0,0.0,0.0,0.0,0.0,0.0,0.0,0.0,0.36899747635655894,0.0,0.0,0.0,0.0,0.0,0.0,0.0,0.0,0.0,0.0,0.0,0.0,0.0,0.0,0.0,0.32188435139771426,0.0,0.34089943942003437,0.0,0.0,0.0,0.0,0.0,0.0,0.0,0.0,0.0,0.0,0.0,0.0,0.0,0.339385875607427,0.0,0.0,0.0,0.0,0.0,0.0,0.0,0.0,0.0,0.0,0.0,0.0,0.0,0.0,0.0,0.0,0.16688583818422809,0.0,0.2839741110971852,0.0,0.15268754873006074,0.0,0.0,0.0,0.0,0.0,0.0,0.0,0.0,0.0,0.0,0.0,0.0,0.0,0.0,0.0,0.0,0.0,0.0,0.0,0.0,0.0,0.0,0.23540680650547846,0.0,0.0,0.0,0.0,0.0,0.0,0.0,0.0,0.0,0.0,0.0,0.0,0.0,0.0,0.0,0.0,0.1977538294606232,0.0,0.0,0.0,0.0,0.0,0.0,0.31866343987043494,0.0,0.0,0.0,0.0,0.0,0.0,0.2520172588676533,0.0,0.0,0.0,0.0,0.0,0.0,0.0,0.0,0.0,0.27121770215114654,0.0,0.1816705393786283,0.0,0.0,0.0,0.0,0.0,0.0,0.0,0.0,0.0,0.0,0.0,0.0,0.0,0.0,0.0
a5321ffc44084cba8e5bedc4fe98bc151b5f90a01192fa8d695ffcb0c8363ebd,0.0,0.0,0.0,0.0,0.0,0.0,0.0,0.0,0.0,0.0,0.19241364396112154,0.0,0.12527555830444498,0.0,0.0,0.0,0.0,0.0,0.0,0.0,0.0,0.183149146083939,0.0,0.0,0.0,0.0,0.2630355804296079,0.0,0.0,0.0,0.0,0.0,0.0,0.0,0.20485589888102296,0.0,0.0,0.0,0.0,0.0,0.0,0.36170716906610356,0.0,0.0,0.24300621999195096,0.0,0.0,0.0,0.0,0.0,0.0,0.0,0.0,0.0,0.0,0.0,0.0,0.0,0.24192729354535994,0.0,0.0,0.0,0.0,0.0,0.0,0.0,0.0,0.0,0.42694676012477883,0.0,0.0,0.0,0.0,0.0,0.0,0.11896263829688868,0.0,0.0,0.0,0.1088415519833451,0.0,0.0,0.0,0.0,0.0,0.0,0.0,0.0,0.0,0.0,0.0,0.0,0.0,0.0,0.0,0.0,0.0,0.0,0.0,0.0,0.0,0.0,0.0,0.0,0.2854266277477959,0.0,0.0,0.0,0.0,0.0,0.0,0.0,0.0,0.0,0.0,0.0,0.0,0.14479023549488498,0.0,0.1409665286276642,0.16826981545942837,0.0,0.0,0.0,0.19776353637104802,0.0,0.0,0.0,0.0,0.0,0.0,0.0,0.0,0.17964758626283114,0.0,0.0,0.0,0.0,0.0,0.0,0.0,0.0,0.0,0.0,0.0,0.12950174143262275,0.2679413929117831,0.0,0.0,0.0,0.0,0.0,0.0,0.0,0.187949162198624,0.0,0.0,0.0,0.0,0.0,0.0
a3634cede75096cc15c97ba0d1c17253ad6d75fd705383dfe82469a5b3c5cb63,0.0,0.26592447143758036,0.0,0.0,0.0,0.0,0.0,0.0,0.0,0.0,0.0,0.0,0.12433254998090401,0.0,0.0,0.0,0.0,0.0,0.0,0.0,0.0,0.18177049591830294,0.0,0.0,0.0,0.0,0.0,0.0,0.0,0.0,0.0,0.0,0.0,0.0,0.0,0.0,0.0,0.0,0.0,0.0,0.0,0.0,0.0,0.2152667935528891,0.0,0.0,0.0,0.0,0.0,0.0,0.0,0.0,0.3569309335211704,0.0,0.0,0.0,0.0,0.0,0.0,0.0,0.0,0.0,0.0,0.0,0.24010619248947332,0.0,0.0,0.20331385173003919,0.0,0.0,0.0,0.0,0.0,0.0,0.0,0.11806715030527476,0.0,0.0,0.0,0.0,0.0,0.0,0.0,0.0,0.0,0.0,0.0,0.0,0.2590493035409659,0.0,0.0,0.0,0.0,0.0,0.0,0.0,0.0,0.0,0.0,0.0,0.0,0.0,0.16654385482298983,0.0,0.0,0.0,0.19888988894085483,0.0,0.0,0.0,0.0,0.0,0.0,0.0,0.0,0.0,0.0,0.1437003309749042,0.1578314387142263,0.13990540695608075,0.0,0.0,0.0,0.0,0.0,0.0,0.22544563793630656,0.0,0.0,0.0,0.0,0.0,0.0,0.1782952939925529,0.0,0.0,0.0,0.3913067639667456,0.0,0.0,0.0,0.0,0.0,0.1918790806562097,0.0,0.128526920631687,0.26592447143758036,0.0,0.0,0.0,0.0,0.0,0.0,0.0,0.18653438004355166,0.0,0.0,0.0,0.0,0.0,0.0
a1220eb6311115d3a4a6cbf77665fb444a54f9d715ee0e5c9651459222118c95,0.0,0.0,0.0,0.0,0.0,0.0,0.0,0.0,0.0,0.0,0.1374155989361723,0.0,0.08946775042598877,0.0,0.0,0.0,0.0,0.0,0.0,0.0,0.0,0.13079919430691864,0.0,0.0,0.0,0.0,0.0,0.0,0.0,0.0,0.0,0.0,0.0,0.0,0.0,0.0,0.0,0.0,0.0,0.0,0.0,0.0,0.0,0.15490260405300743,0.0,0.0,0.0,0.0,0.2202555848628529,0.0,0.0,0.0,0.2568418944555702,0.0,0.0,0.0,0.0,0.0,0.17277664544547633,0.0,0.0,0.0,0.0,0.0,0.17277664544547633,0.0,0.0,0.14630145482838888,0.30491156213568343,0.3919677460500658,0.30813266624965374,0.2837818585641296,0.0,0.0,0.0,0.0849592672123463,0.0,0.0,0.0,0.07773111483692896,0.0,0.0,0.0,0.0,0.0,0.0,0.0,0.0,0.0,0.0,0.0,0.0,0.0,0.0,0.0,0.0,0.0,0.0,0.0,0.0,0.0,0.0,0.0,0.0,0.20384246250344054,0.0,0.0,0.0,0.0,0.0,0.0,0.0,0.0,0.25983282935985874,0.0,0.0,0.11166323794882355,0.10340450147422635,0.113573024686037,0.10067373374643639,0.12017285779852843,0.0,0.0,0.0,0.0,0.0,0.0,0.0,0.0,0.0,0.0,0.3624525698107351,0.0,0.0,0.0,0.0,0.0,0.0,0.0,0.0,0.0,0.0,0.0,0.0,0.0,0.0,0.0,0.0,0.0,0.0,0.0,0.0,0.0,0.0,0.0,0.0,0.0,0.0,0.0,0.0,0.0
a915e631517c5b9eadd5062e2c12d33521950a2650d56e69f60ed0d783f35345,0.0,0.0,0.0,0.0,0.0,0.0,0.0,0.0,0.0,0.0,0.23306306342601035,0.0,0.15174134635035127,0.0,0.0,0.0,0.0,0.0,0.0,0.0,0.0,0.22184134228446692,0.0,0.0,0.0,0.0,0.0,0.0,0.0,0.0,0.0,0.0,0.0,0.0,0.0,0.0,0.0,0.0,0.0,0.0,0.0,0.0,0.0,0.2627218140644219,0.0,0.0,0.0,0.0,0.37356342178203356,0.36949256289071236,0.0,0.0,0.0,0.0,0.0,0.0,0.0,0.0,0.0,0.0,0.0,0.0,0.0,0.0,0.0,0.0,0.0,0.0,0.0,0.0,0.0,0.0,0.0,0.0,0.0,0.14409475515320253,0.3076308916587301,0.24519264458633008,0.0,0.13183548219899272,0.0,0.0,0.0,0.0,0.0,0.0,0.0,0.0,0.0,0.0,0.0,0.0,0.0,0.0,0.0,0.0,0.0,0.0,0.0,0.1855299872684481,0.0,0.0,0.0,0.0,0.0,0.0,0.0,0.0,0.0,0.0,0.0,0.0,0.0,0.0,0.0,0.0,0.18938589585093912,0.0,0.0,0.1707472002823885,0.0,0.0,0.0,0.0,0.23954317724948204,0.0,0.0,0.0,0.0,0.0,0.0,0.0,0.0,0.21760004087841006,0.0,0.0,0.0,0.0,0.0,0.0,0.0,0.0,0.0,0.2341783389765011,0.0,0.15686035540904072,0.0,0.0,0.0,0.0,0.0,0.0,0.0,0.0,0.22765541262351596,0.0,0.0,0.0,0.0,0.0,0.0
d120e6bb00677771286e6b3f0d29425c87c3f6aa00cf454a4205c8cc746ea297,0.35166238620316576,0.0,0.0,0.0,0.0,0.0,0.0,0.0,0.0,0.0,0.14339849535997967,0.0,0.09336305989750202,0.0,0.0,0.0,0.0,0.0,0.0,0.0,0.0,0.13649402107996378,0.0,0.0,0.0,0.0,0.0,0.0,0.0,0.0,0.0,0.0,0.0,0.0,0.0,0.0,0.0,0.0,0.0,0.0,0.0,0.0,0.0,0.16164686193203945,0.0,0.0,0.0,0.0,0.22984522651344635,0.0,0.0,0.0,0.26802445643338396,0.0,0.0,0.0,0.0,0.0,0.0,0.0,0.0,0.0,0.0,0.0,0.180299115835707,0.35736440664927627,0.0,0.15267122985878517,0.0,0.0,0.32154836171097884,0.0,0.0,0.0,0.0,0.08865828318949268,0.18927841392643266,0.15086155562430506,0.0,0.08111542646222293,0.0,0.0,0.0,0.0,0.0,0.0,0.0,0.0,0.0,0.0,0.0,0.0,0.0,0.0,0.0,0.0,0.0,0.0,0.0,0.11415245568029592,0.0,0.0,0.0,0.0,0.0,0.0,0.14934921399942752,0.0,0.0,0.0,0.0,0.0,0.0,0.0,0.0,0.0,0.11652491007459928,0.10790659895708264,0.11851784644204952,0.10505693715468015,0.12540502770302,0.0,0.0,0.0,0.14738556460376076,0.0,0.16929029929419692,0.0,0.0,0.0,0.0,0.0,0.0,0.13388444309254577,0.0,0.0,0.0,0.0,0.0,0.0,0.0,0.0,0.0,0.0,0.0,0.0,0.1996864245030894,0.0,0.0,0.0,0.0,0.0,0.0,0.0,0.0,0.0,0.3288371883848253,0.0,0.0,0.0,0.0
d034c82de08e2aabe9f27089610a46d42fa741cfcaedec06a016810c660b402c,0.0,0.0,0.0,0.0,0.0,0.0,0.0,0.0,0.0,0.0,0.0,0.0,0.0,0.0,0.0,0.0,0.0,0.0,0.0,0.48185042069190087,0.4184229181872788,0.0,0.0,0.0,0.0,0.0,0.0,0.0,0.0,0.0,0.0,0.0,0.0,0.0,0.0,0.0,0.0,0.0,0.0,0.0,0.0,0.0,0.271432395382059,0.0,0.0,0.0,0.0,0.3095607066224278,0.0,0.0,0.0,0.0,0.0,0.0,0.0,0.0,0.0,0.0,0.0,0.0,0.0,0.0,0.0,0.0,0.0,0.0,0.0,0.0,0.0,0.0,0.0,0.0,0.0,0.0,0.0,0.14072825416019705,0.0,0.0,0.0,0.12875539589561277,0.0,0.0,0.0,0.0,0.0,0.0,0.0,0.0,0.0,0.0,0.0,0.0,0.0,0.0,0.0,0.0,0.0,0.0,0.0,0.1811954305685359,0.0,0.0,0.19850928789039796,0.0,0.0,0.0,0.0,0.0,0.0,0.0,0.0,0.0,0.0,0.0,0.0,0.0,0.0,0.0,0.0,0.0,0.19905676014318205,0.0,0.0,0.0,0.0,0.0,0.0,0.0,0.41185108119394587,0.0,0.0,0.0,0.0,0.0,0.0,0.0,0.0,0.0,0.0,0.0,0.0,0.0,0.2861907414105362,0.0,0.0,0.1531956103481516,0.0,0.0,0.0,0.0,0.0,0.0,0.0,0.0,0.0,0.0,0.0,0.0,0.0,0.0,0.0
f3b7556c1a960019ed0c01cdff84412b5c58beed377181573bb34a92f00ddb76,0.0,0.22024469494953106,0.0,0.0,0.0,0.0,0.0,0.0,0.0,0.0,0.15816176760825243,0.2765258143563738,0.10297504548869317,0.0,0.0,0.0,0.0,0.0,0.0,0.0,0.0,0.15054645857874221,0.0,0.0,0.0,0.0,0.0,0.0,0.0,0.0,0.0,0.0,0.0,0.0,0.0,0.0,0.0,0.0,0.0,0.0,0.0,0.29731906760017107,0.0,0.17828885405888062,0.19974827409584694,0.0,0.0,0.0,0.0,0.0,0.0,0.0,0.0,0.0,0.0,0.2876676074338307,0.3169740518798252,0.0,0.1988614091604965,0.0,0.0,0.0,0.0,0.0,0.0,0.0,0.0,0.0,0.0,0.0,0.0,0.0,0.0,0.0,0.0,0.09778589898842549,0.0,0.0,0.0,0.08946648427067715,0.0,0.0,0.0,0.0,0.0,0.0,0.0,0.0,0.0,0.0,0.0,0.0,0.0,0.0,0.0,0.0,0.0,0.0,0.0,0.12590476714483745,0.0,0.0,0.13793540813643493,0.0,0.0,0.0,0.16472512921251312,0.0,0.0,0.0,0.0,0.0,0.0,0.2990608045400802,0.0,0.0,0.1285214722896929,0.1190158821736846,0.1307195869757321,0.11587283979641093,0.1383158226219921,0.0,0.0,0.0,0.16255931667311455,0.0,0.18671920446644266,0.0,0.0,0.0,0.0,0.0,0.0,0.0,0.0,0.0,0.0,0.0,0.0,0.0,0.0,0.0,0.1988614091604965,0.0,0.0,0.10644891865084703,0.22024469494953106,0.0,0.0,0.0,0.0,0.0,0.0,0.0,0.1544920157524324,0.0,0.0,0.0,0.0,0.0,0.0
d30d7676a3b4c91b77d403f81748ebf6b8824749db5f860e114a8a204bca5b8f,0.0,0.0,0.0,0.0,0.0,0.0,0.0,0.0,0.0,0.0,0.0,0.0,0.1662897235944324,0.0,0.0,0.0,0.0,0.0,0.0,0.0,0.0,0.0,0.0,0.0,0.0,0.0,0.0,0.0,0.0,0.0,0.0,0.0,0.0,0.0,0.27192399908391074,0.0,0.0,0.0,0.0,0.0,0.0,0.0,0.30457203925304793,0.0,0.0,0.0,0.0,0.0,0.0,0.0,0.0,0.0,0.0,0.0,0.0,0.0,0.0,0.0,0.0,0.0,0.0,0.0,0.0,0.0,0.0,0.0,0.0,0.0,0.0,0.0,0.0,0.0,0.0,0.0,0.0,0.0,0.0,0.0,0.0,0.14447536167362116,0.0,0.0,0.0,0.0,0.0,0.0,0.0,0.0,0.0,0.0,0.0,0.0,0.0,0.0,0.0,0.0,0.0,0.0,0.0,0.203317889575832,0.7881562573347479,0.0,0.22274562525356237,0.0,0.0,0.0,0.0,0.0,0.0,0.0,0.0,0.0,0.0,0.0,0.0,0.0,0.20754348785744595,0.0,0.0,0.0,0.0,0.0,0.0,0.0,0.0,0.0,0.0,0.0,0.0,0.0,0.0,0.0,0.0,0.0,0.0,0.0,0.0,0.0,0.0,0.0,0.0,0.0,0.0,0.0,0.0,0.17189952357262336,0.0,0.0,0.0,0.0,0.0,0.0,0.0,0.0,0.0,0.0,0.0,0.0,0.0,0.0,0.0
d29a1b857a9b293a671c4ba7d8caa2a9cf8717244a6aa57211d9c66d2f2ea257,0.0,0.0,0.0,0.0,0.0,0.0,0.0,0.0,0.0,0.0,0.0,0.0,0.0,0.0,0.0,0.0,0.0,0.0,0.0,0.0,0.0,0.0,0.0,0.0,0.0,0.0,0.0,0.0,0.0,0.0,0.0,0.0,0.0,0.0,0.3458414913870106,0.0,0.0,0.0,0.0,0.0,0.0,0.0,0.0,0.0,0.0,0.0,0.0,0.0,0.0,0.0,0.0,0.0,0.0,0.0,0.0,0.0,0.0,0.0,0.0,0.0,0.0,0.0,0.0,0.0,0.0,0.0,0.0,0.0,0.0,0.0,0.0,0.0,0.0,0.0,0.0,0.0,0.0,0.0,0.0,0.0,0.0,0.0,0.0,0.0,0.0,0.0,0.0,0.0,0.0,0.0,0.0,0.0,0.0,0.0,0.0,0.0,0.0,0.0,0.0,0.25858608432302116,0.0,0.0,0.2832948893703667,0.784727970268108,0.0,0.0,0.0,0.0,0.0,0.0,0.0,0.0,0.0,0.0,0.0,0.0,0.2639603330713444,0.0,0.0,0.0,0.0,0.0,0.0,0.0,0.0,0.0,0.0,0.0,0.0,0.0,0.0,0.0,0.0,0.0,0.0,0.0,0.0,0.0,0.0,0.0,0.0,0.0,0.0,0.0,0.0,0.21862721863960038,0.0,0.0,0.0,0.0,0.0,0.0,0.0,0.0,0.0,0.0,0.0,0.0,0.0,0.0,0.0
b74441c89735dcb4e566607c71e88222ae2c10864ee56a21864b222b8cf05103,0.0,0.0,0.0,0.0,0.0,0.3946092112862339,0.0,0.0,0.0,0.0,0.0,0.0,0.0,0.0,0.0,0.0,0.0,0.0,0.0,0.0,0.0,0.0,0.0,0.0,0.0,0.0,0.0,0.0,0.0,0.0,0.0,0.0,0.0,0.0,0.0,0.0,0.0,0.0,0.0,0.0,0.0,0.0,0.0,0.0,0.0,0.0,0.0,0.0,0.0,0.0,0.0,0.0,0.0,0.0,0.0,0.0,0.0,0.0,0.0,0.0,0.0,0.0,0.0,0.0,0.2756158910529151,0.0,0.0,0.0,0.0,0.0,0.0,0.0,0.0,0.0,0.0,0.13552829478520603,0.0,0.0,0.0,0.12399783792004147,0.5558361518905829,0.0,0.0,0.0,0.0,0.0,0.0,0.0,0.0,0.0,0.0,0.0,0.0,0.0,0.0,0.0,0.0,0.0,0.0,0.17450019453712862,0.0,0.0,0.19117429863221086,0.0,0.0,0.0,0.0,0.0,0.0,0.0,0.0,0.0,0.0,0.0,0.0,0.0,0.0,0.0,0.18117338901741237,0.0,0.0,0.0,0.0,0.0,0.0,0.0,0.25878716304466903,0.0,0.0,0.0,0.0,0.0,0.0,0.0,0.0,0.0,0.0,0.0,0.0,0.0,0.0,0.0,0.0,0.0,0.0,0.0,0.0,0.0,0.5087531009503786,0.0,0.0,0.0,0.0,0.0,0.0,0.0,0.0,0.0,0.0,0.0,0.0
d9df2e7b3f7714448b36cc5aca8db9a27bb52b00b2310abc300d0ffb6002afce,0.0,0.0,0.0,0.0,0.0,0.0,0.0,0.0,0.0,0.0,0.33204758993628775,0.0,0.21618761724256358,0.0,0.0,0.0,0.0,0.0,0.0,0.0,0.0,0.31605987654570356,0.0,0.0,0.0,0.0,0.0,0.0,0.0,0.0,0.0,0.0,0.0,0.0,0.0,0.0,0.0,0.0,0.0,0.0,0.0,0.0,0.0,0.0,0.0,0.0,0.0,0.0,0.0,0.0,0.0,0.0,0.0,0.0,0.0,0.0,0.0,0.0,0.0,0.0,0.0,0.0,0.0,0.0,0.0,0.0,0.0,0.0,0.0,0.0,0.7445640087510285,0.0,0.0,0.0,0.0,0.20529343203398664,0.0,0.0,0.0,0.1878275068076636,0.0,0.0,0.0,0.0,0.0,0.0,0.0,0.0,0.0,0.0,0.0,0.0,0.0,0.0,0.0,0.0,0.0,0.0,0.0,0.0,0.0,0.0,0.0,0.0,0.0,0.0,0.0,0.0,0.0,0.0,0.0,0.0,0.0,0.0,0.0,0.0,0.0,0.0,0.0,0.0,0.0,0.0,0.0,0.0,0.0,0.0,0.0,0.0,0.0,0.0,0.0,0.0,0.0,0.0,0.0,0.0,0.0,0.0,0.0,0.0,0.0,0.0,0.0,0.33363653566287166,0.0,0.0,0.0,0.0,0.0,0.0,0.0,0.0,0.0,0.0,0.0,0.0,0.0,0.0,0.0,0.0,0.0
d8f9367ba0766cdae24e569453778a563689a671074096915b69f26aeb5c3efd,0.0,0.0,0.0,0.0,0.0,0.0,0.0,0.0,0.0,0.0,0.0,0.0,0.22408180161791297,0.0,0.0,0.0,0.0,0.0,0.0,0.0,0.0,0.0,0.0,0.0,0.0,0.0,0.0,0.0,0.0,0.0,0.0,0.0,0.0,0.0,0.0,0.0,0.0,0.0,0.0,0.0,0.0,0.0,0.0,0.0,0.0,0.0,0.0,0.4680749043658298,0.0,0.0,0.0,0.0,0.0,0.0,0.0,0.0,0.0,0.0,0.0,0.0,0.0,0.0,0.0,0.0,0.43273807382638046,0.0,0.0,0.36642805280308105,0.0,0.0,0.0,0.0,0.0,0.0,0.0,0.2127898105231681,0.0,0.0,0.0,0.1946861094807216,0.0,0.0,0.0,0.0,0.0,0.0,0.0,0.0,0.0,0.0,0.0,0.0,0.0,0.0,0.0,0.0,0.0,0.0,0.0,0.0,0.0,0.0,0.3001583016101538,0.0,0.0,0.0,0.0,0.0,0.0,0.0,0.0,0.0,0.0,0.0,0.0,0.0,0.27967283646816427,0.25898792442439683,0.0,0.0,0.30098611346379905,0.0,0.0,0.0,0.0,0.0,0.0,0.0,0.0,0.0,0.0,0.0,0.0,0.0,0.0,0.0,0.0,0.0,0.0,0.0,0.0,0.0,0.0,0.0,0.0,0.0,0.0,0.0,0.0,0.0,0.0,0.0,0.0,0.0,0.0,0.0,0.0,0.0,0.0,0.0,0.0
d7d5d035494e9a243f80cf2f88d2362f31d0adeafa8af33693d1a196bb58c754,0.0,0.0,0.0,0.0,0.0,0.0,0.0,0.0,0.0,0.0,0.0,0.0,0.0,0.0,0.0,0.0,0.0,0.0,0.0,0.0,0.6785983116986696,0.0,0.0,0.0,0.0,0.0,0.0,0.0,0.0,0.0,0.0,0.0,0.0,0.0,0.0,0.0,0.0,0.0,0.0,0.0,0.0,0.0,0.0,0.416127647785762,0.0,0.0,0.0,0.0,0.0,0.0,0.0,0.0,0.0,0.0,0.0,0.0,0.0,0.0,0.0,0.0,0.0,0.0,0.0,0.0,0.0,0.0,0.0,0.3930216708593182,0.0,0.0,0.0,0.0,0.0,0.0,0.0,0.0,0.0,0.0,0.0,0.0,0.0,0.0,0.0,0.0,0.0,0.0,0.0,0.0,0.0,0.0,0.0,0.0,0.0,0.0,0.0,0.0,0.0,0.0,0.0,0.0,0.0,0.0,0.0,0.0,0.0,0.0,0.0,0.0,0.0,0.0,0.0,0.0,0.0,0.0,0.0,0.0,0.0,0.0,0.3051005882273113,0.0,0.0,0.0,0.0,0.0,0.0,0.0,0.0,0.0,0.0,0.0,0.0,0.0,0.0,0.34465883044875306,0.0,0.0,0.0,0.0,0.0,0.0,0.0,0.0,0.0,0.0,0.0,0.0,0.0,0.0,0.0,0.0,0.0,0.0,0.0,0.0,0.0,0.0,0.0,0.0,0.0,0.0,0.0
1bdb8590762f40393359ab5a12face2f6affce13834fb427d800e4eb2fdb0e63,0.0,0.0,0.0,0.0,0.0,0.0,0.0,0.0,0.0,0.0,0.2128698075167654,0.0,0.13859403851948693,0.0,0.0,0.0,0.0,0.0,0.0,0.0,0.0,0.20262036865548688,0.0,0.0,0.0,0.0,0.0,0.0,0.0,0.0,0.0,0.0,0.0,0.0,0.0,0.0,0.0,0.0,0.0,0.0,0.0,0.0,0.0,0.23995883847164565,0.0,0.0,0.0,0.0,0.3411968096578751,0.0,0.0,0.0,0.0,0.0,0.0,0.0,0.0,0.0,0.0,0.0,0.0,0.0,0.0,0.0,0.0,0.0,0.0,0.0,0.0,0.0,0.0,0.0,0.4825863936462106,0.0,0.0,0.13160997003446423,0.28097686407693756,0.2239484467867583,0.0,0.12041287584160172,0.0,0.0,0.0,0.0,0.0,0.0,0.0,0.0,0.2887633942914957,0.0,0.0,0.0,0.0,0.0,0.0,0.0,0.0,0.0,0.0,0.16945513415067767,0.0,0.0,0.0,0.0,0.0,0.0,0.0,0.0,0.0,0.0,0.0,0.0,0.0,0.0,0.0,0.0,0.17297695569413166,0.0,0.17593539664476587,0.0,0.0,0.0,0.0,0.0,0.2187884655915876,0.0,0.0,0.0,0.0,0.0,0.0,0.0,0.0,0.19874654583407472,0.0,0.0,0.0,0.0,0.0,0.0,0.0,0.0,0.0,0.21388845237739337,0.0,0.1432695218714242,0.0,0.0,0.0,0.0,0.0,0.0,0.0,0.0,0.0,0.0,0.0,0.0,0.0,0.0,0.0
d6f9b6e3d507310a7679029dc098040ec3f3223040fe945b7cc67532779327b1,0.0,0.0,0.0,0.0,0.0,0.0,0.0,0.0,0.0,0.0,0.3308823887984567,0.0,0.215428984850007,0.0,0.0,0.0,0.0,0.42166391421799754,0.0,0.0,0.0,0.314950778515977,0.0,0.0,0.0,0.0,0.0,0.0,0.0,0.0,0.0,0.0,0.0,0.0,0.35227860034137715,0.0,0.0,0.0,0.0,0.0,0.0,0.0,0.0,0.0,0.0,0.0,0.0,0.0,0.0,0.0,0.0,0.0,0.0,0.0,0.0,0.0,0.0,0.0,0.0,0.0,0.0,0.0,0.0,0.0,0.41602809008704544,0.0,0.0,0.0,0.0,0.0,0.0,0.0,0.0,0.0,0.0,0.20457302885129486,0.0,0.0,0.0,0.1871683939838354,0.0,0.0,0.0,0.0,0.0,0.0,0.0,0.0,0.0,0.0,0.0,0.0,0.0,0.0,0.0,0.0,0.0,0.0,0.0,0.0,0.0,0.0,0.0,0.0,0.0,0.0,0.0,0.0,0.0,0.0,0.0,0.0,0.0,0.0,0.0,0.0,0.2688733971944392,0.24898722361351297,0.0,0.24241182055869262,0.0,0.0,0.0,0.0,0.0,0.0,0.0,0.0,0.0,0.0,0.0,0.0,0.0,0.0,0.0,0.0,0.0,0.0,0.0,0.0,0.0,0.0,0.0,0.0,0.0,0.0,0.0,0.0,0.0,0.0,0.0,0.0,0.0,0.0,0.0,0.0,0.0,0.0,0.0,0.0,0.0
d6f5f66e63c87f7bd8b50fa0327beaed10a8b19f0402ec623616d4c638e962c3,0.0,0.0,0.0,0.0,0.0,0.0,0.0,0.0,0.0,0.0,0.24015369027985953,0.0,0.15635787051962446,0.0,0.0,0.0,0.0,0.0,0.0,0.0,0.0,0.22859056352859408,0.0,0.0,0.0,0.0,0.328297744456411,0.0,0.0,0.0,0.0,0.0,0.0,0.0,0.0,0.0,0.0,0.0,0.0,0.0,0.0,0.0,0.0,0.0,0.3032988684722285,0.0,0.0,0.0,0.0,0.0,0.0,0.0,0.0,0.0,0.0,0.0,0.0,0.0,0.3019522479189494,0.0,0.0,0.0,0.0,0.0,0.0,0.0,0.0,0.0,0.0,0.0,0.0,0.0,0.0,0.0,0.0,0.14847864218089743,0.0,0.2526522974567304,0.0,0.1358463975136243,0.0,0.0,0.0,0.0,0.0,0.0,0.0,0.0,0.0,0.0,0.0,0.0,0.0,0.0,0.0,0.0,0.0,0.0,0.0,0.19117448490175748,0.0,0.0,0.0,0.0,0.35624426909985224,0.0,0.0,0.0,0.0,0.0,0.0,0.0,0.0,0.0,0.0,0.0,0.0,0.0,0.0,0.17594195171895072,0.0,0.0,0.0,0.0,0.24683095275664965,0.0,0.28351545810870254,0.0,0.0,0.0,0.0,0.0,0.0,0.22422022629333727,0.0,0.0,0.0,0.0,0.0,0.0,0.0,0.0,0.0,0.24130289657274892,0.0,0.16163261846959545,0.0,0.0,0.0,0.0,0.0,0.0,0.0,0.0,0.0,0.0,0.0,0.0,0.0,0.0,0.0
d2fb9d582fc9194f578aa64d7b3c8c850ecae8b09da07b3dae555aee55e3a154,0.0,0.0,0.0,0.0,0.0,0.0,0.0,0.0,0.0,0.0,0.22140520658265436,0.0,0.14415121659333774,0.0,0.0,0.0,0.0,0.0,0.0,0.0,0.0,0.21074479797464202,0.0,0.0,0.0,0.0,0.0,0.0,0.0,0.0,0.0,0.0,0.0,0.0,0.0,0.0,0.0,0.0,0.0,0.0,0.0,0.0,0.0,0.24958042111709136,0.0,0.0,0.0,0.0,0.0,0.0,0.0,0.0,0.0,0.0,0.0,0.0,0.0,0.0,0.0,0.0,0.0,0.0,0.0,0.0,0.0,0.0,0.0,0.0,0.0,0.0,0.0,0.4572317954163614,0.0,0.0,0.0,0.13688710927933045,0.29224313847796934,0.23292806388609932,0.0,0.12524104738912598,0.0,0.0,0.0,0.0,0.0,0.0,0.0,0.0,0.0,0.0,0.0,0.0,0.0,0.0,0.0,0.0,0.0,0.0,0.0,0.17624974354414868,0.0,0.0,0.0,0.0,0.3284327461386267,0.0,0.0,0.0,0.0,0.0,0.0,0.0,0.0,0.0,0.0,0.0,0.17991277887767884,0.16660623093533627,0.1829898438568735,0.16220639425317462,0.19362355229314013,0.0,0.0,0.0,0.2275611839334813,0.0,0.0,0.0,0.0,0.0,0.0,0.0,0.0,0.2067156472367112,0.0,0.0,0.0,0.0,0.0,0.0,0.0,0.0,0.0,0.22246469584716141,0.0,0.0,0.0,0.0,0.0,0.0,0.0,0.0,0.0,0.0,0.0,0.0,0.0,0.0,0.0,0.0,0.0
f61a423a862cf7a65e83afbf7d9127178e0e994f4041fcb8dc64980bc1558e91,0.0,0.0,0.0,0.0,0.0,0.0,0.0,0.0,0.0,0.0,0.0,0.0,0.0,0.0,0.0,0.0,0.0,0.0,0.0,0.0,0.0,0.0,0.0,0.0,0.0,0.0,0.3831453230790484,0.0,0.0,0.0,0.0,0.0,0.0,0.0,0.0,0.0,0.0,0.0,0.0,0.0,0.0,0.0,0.3342258191793051,0.0,0.3539699705909219,0.0,0.0,0.0,0.0,0.0,0.0,0.0,0.0,0.0,0.0,0.0,0.0,0.0,0.352398374758592,0.0,0.0,0.0,0.0,0.0,0.0,0.0,0.0,0.0,0.0,0.0,0.0,0.0,0.0,0.0,0.0,0.0,0.0,0.2948620505937577,0.0,0.15854178940724672,0.0,0.0,0.0,0.0,0.0,0.0,0.0,0.0,0.0,0.0,0.0,0.0,0.0,0.0,0.0,0.0,0.0,0.0,0.0,0.2231133506672015,0.0,0.0,0.24443261190868942,0.0,0.0,0.0,0.0,0.0,0.0,0.0,0.0,0.0,0.0,0.0,0.0,0.0,0.0,0.0,0.0,0.2053359703891176,0.0,0.0,0.0,0.0,0.0,0.0,0.0,0.0,0.0,0.0,0.0,0.0,0.0,0.26167993077827684,0.0,0.0,0.0,0.0,0.0,0.0,0.0,0.0,0.352398374758592,0.0,0.0,0.18863602589224662,0.0,0.0,0.0,0.0,0.0,0.0,0.0,0.0,0.0,0.0,0.0,0.0,0.0,0.0,0.0
bcc9c66a08adbbeb61f6983d39e2125a6f1a1e42af54b9d799f4013340771a3b,0.0,0.0,0.0,0.0,0.0,0.0,0.0,0.0,0.0,0.0,0.0,0.0,0.09549774794598423,0.0,0.0,0.0,0.0,0.0,0.0,0.0,0.0,0.13961487161558844,0.0,0.0,0.0,0.0,0.0,0.0,0.0,0.0,0.0,0.0,0.0,0.0,0.0,0.0,0.0,0.0,0.0,0.4526265723345281,0.0,0.0,0.0,0.16534281646287646,0.0,0.0,0.0,0.0,0.23510049405263794,0.0,0.0,0.0,0.0,0.0,0.0,0.0,0.0,0.0,0.0,0.0,0.0,0.0,0.0,0.0,0.0,0.0,0.0,0.15616196216859188,0.0,0.0,0.0,0.0,0.0,0.0,0.0,0.0,0.0,0.0,0.0,0.08297008002227702,0.0,0.0,0.0,0.0,0.0,0.0,0.0,0.0,0.0,0.0,0.0,0.0,0.0,0.38688135098236764,0.0,0.0,0.0,0.0,0.0,0.0,0.0,0.0,0.12791954377418643,0.0,0.0,0.0,0.0,0.0,0.0,0.0,0.4526265723345281,0.0,0.0,0.0,0.0,0.0,0.0,0.0,0.12122768297278712,0.10745899840246327,0.0,0.0,0.0,0.0,0.0,0.0,0.0,0.0,0.0,0.0,0.0,0.0,0.0,0.13694562725747267,0.0,0.0,0.0,0.0,0.0,0.0,0.0,0.0,0.0,0.0,0.0,0.0987193737492194,0.2042521298719887,0.22101935277766857,0.0,0.0,0.0,0.0,0.0,0.0,0.1432739311740609,0.3404195283199529,0.0,0.0,0.0,0.0,0.0
d0bef454a49faffb1607e1f20c91b1ee2fde7b3ddec800e83000158fa8bea386,0.0,0.0,0.0,0.0,0.0,0.0,0.0,0.0,0.0,0.0,0.0,0.0,0.22578507884003676,0.0,0.0,0.0,0.0,0.0,0.0,0.0,0.0,0.0,0.0,0.0,0.0,0.0,0.0,0.0,0.0,0.0,0.0,0.0,0.0,0.0,0.0,0.0,0.0,0.0,0.0,0.0,0.0,0.0,0.0,0.0,0.0,0.0,0.0,0.4716328074043529,0.0,0.0,0.0,0.0,0.0,0.0,0.0,0.0,0.0,0.0,0.0,0.0,0.0,0.0,0.0,0.0,0.4360273766567415,0.0,0.0,0.36921332385758143,0.0,0.0,0.0,0.0,0.0,0.0,0.0,0.21440725573624325,0.0,0.0,0.0,0.19616594592146852,0.0,0.0,0.0,0.0,0.0,0.0,0.0,0.0,0.0,0.0,0.0,0.0,0.0,0.0,0.0,0.0,0.0,0.0,0.0,0.27606123057508114,0.0,0.0,0.0,0.0,0.0,0.0,0.0,0.0,0.0,0.0,0.0,0.0,0.0,0.0,0.0,0.0,0.2817986689479264,0.26095652798475816,0.0,0.0,0.30327395115314704,0.0,0.0,0.0,0.0,0.0,0.0,0.0,0.0,0.0,0.0,0.0,0.0,0.0,0.0,0.0,0.0,0.0,0.0,0.0,0.0,0.0,0.0,0.0,0.0,0.0,0.0,0.0,0.0,0.0,0.0,0.0,0.0,0.0,0.0,0.0,0.0,0.0,0.0,0.0,0.0
d0b0c22cd8d89cc33def6e5e61f4afd8d3f2aafdeba6833aa686489a104eefce,0.0,0.0,0.0,0.0,0.0,0.0,0.0,0.0,0.0,0.0,0.16224328152400758,0.0,0.10563241387482956,0.0,0.0,0.0,0.0,0.0,0.0,0.0,0.0,0.1544314522466097,0.0,0.0,0.0,0.0,0.0,0.0,0.0,0.0,0.0,0.0,0.0,0.0,0.0,0.0,0.0,0.0,0.0,0.0,0.0,0.0,0.0,0.18288976646564986,0.0,0.0,0.0,0.0,0.26005045379700453,0.0,0.0,0.0,0.0,0.0,0.0,0.0,0.0,0.0,0.0,0.0,0.0,0.0,0.0,0.0,0.0,0.0,0.0,0.0,0.0,0.0,0.0,0.0,0.0,0.0,0.0,0.10030935654407475,0.21415253291182235,0.17068710364679884,0.0,0.09177525146559692,0.0,0.0,0.0,0.0,0.0,0.0,0.0,0.0,0.22008720363113635,0.0,0.0,0.0,0.0,0.0,0.0,0.0,0.0,0.0,0.0,0.129153858672661,0.0,0.0,0.0,0.0,0.0,0.0,0.0,0.0,0.0,0.0,0.0,0.0,0.0,0.0,0.0,0.0,0.1318380903672235,0.0,0.13409292948050683,0.11886304795631546,0.0,0.0,0.0,0.0,0.16675431349927766,0.0,0.0,0.0,0.0,0.0,0.0,0.0,0.0,0.1514789352414022,0.0,0.4492688451983059,0.0,0.3324525882377867,0.0,0.0,0.0,0.0,0.0,0.1630196635145951,0.0,0.1091959336176161,0.22592831748929873,0.24447495620695844,0.0,0.0,0.0,0.3032470266251947,0.0,0.0,0.15847882825271023,0.0,0.0,0.0,0.0,0.0,0.0
1c4ce65bd75a1093b173417455db9fe48fc948cd5e35ea9418018b33e0dcecf4,0.0,0.0,0.0,0.0,0.0,0.0,0.0,0.0,0.0,0.0,0.24015369027985953,0.0,0.15635787051962446,0.0,0.0,0.0,0.0,0.0,0.0,0.0,0.0,0.22859056352859408,0.0,0.0,0.0,0.0,0.328297744456411,0.0,0.0,0.0,0.0,0.0,0.0,0.0,0.0,0.0,0.0,0.0,0.0,0.0,0.0,0.0,0.0,0.0,0.3032988684722285,0.0,0.0,0.0,0.0,0.0,0.0,0.0,0.0,0.0,0.0,0.0,0.0,0.0,0.3019522479189494,0.0,0.0,0.0,0.0,0.0,0.0,0.0,0.0,0.0,0.0,0.0,0.0,0.0,0.0,0.0,0.0,0.14847864218089743,0.0,0.2526522974567304,0.0,0.1358463975136243,0.0,0.0,0.0,0.0,0.0,0.0,0.0,0.0,0.0,0.0,0.0,0.0,0.0,0.0,0.0,0.0,0.0,0.0,0.0,0.19117448490175748,0.0,0.0,0.0,0.0,0.35624426909985224,0.0,0.0,0.0,0.0,0.0,0.0,0.0,0.0,0.0,0.0,0.0,0.0,0.0,0.0,0.17594195171895072,0.0,0.0,0.0,0.0,0.24683095275664965,0.0,0.28351545810870254,0.0,0.0,0.0,0.0,0.0,0.0,0.22422022629333727,0.0,0.0,0.0,0.0,0.0,0.0,0.0,0.0,0.0,0.24130289657274892,0.0,0.16163261846959545,0.0,0.0,0.0,0.0,0.0,0.0,0.0,0.0,0.0,0.0,0.0,0.0,0.0,0.0,0.0
cfd843a4218fd91e46bf20068627e94bcc20cf68ec6a84ad4811d39b8c6c7ccd,0.0,0.0,0.0,0.0,0.0,0.0,0.0,0.0,0.0,0.0,0.1647924898682035,0.0,0.10729213764482387,0.0,0.0,0.0,0.0,0.0,0.0,0.0,0.0,0.15685791911152638,0.0,0.0,0.0,0.0,0.0,0.0,0.0,0.0,0.0,0.0,0.0,0.0,0.0,0.0,0.0,0.0,0.0,0.0,0.0,0.0,0.0,0.18576337771391158,0.0,0.0,0.0,0.0,0.2641364336940098,0.0,0.0,0.0,0.0,0.0,0.0,0.0,0.0,0.0,0.0,0.0,0.0,0.0,0.0,0.0,0.0,0.0,0.0,0.0,0.0,0.0,0.0,0.0,0.0,0.0,0.0,0.10188544306242614,0.21751735282116771,0.17336898350509466,0.0,0.09321724792073001,0.0,0.0,0.0,0.0,0.0,0.0,0.0,0.0,0.2235452706196558,0.0,0.0,0.0,0.0,0.0,0.0,0.0,0.0,0.0,0.0,0.13118315745853848,0.0,0.0,0.0,0.0,0.0,0.0,0.0,0.0,0.0,0.0,0.0,0.0,0.0,0.0,0.0,0.0,0.1339095644947808,0.0,0.13619983222260157,0.12073065486626298,0.0,0.0,0.0,0.0,0.1693744003429977,0.0,0.0,0.0,0.0,0.0,0.0,0.0,0.0,0.1538590113965443,0.0,0.0,0.0,0.0,0.0,0.0,0.0,0.0,0.0,0.16558107057315438,0.0,0.11091164833021024,0.22947816156742556,0.24831620986292255,0.0,0.0,0.0,0.3080117222314726,0.0,0.5390630126229145,0.1609688885348084,0.0,0.0,0.0,0.0,0.0,0.0
ce9a0c42305d137c27b4f369996a15387ae6f0d1e391116f54e7733918083239,0.0,0.0,0.0,0.0,0.0,0.0,0.0,0.0,0.0,0.0,0.2638914357782951,0.0,0.17181290405563612,0.0,0.0,0.0,0.0,0.0,0.0,0.0,0.0,0.2511853636087526,0.0,0.0,0.0,0.0,0.0,0.0,0.0,0.0,0.0,0.0,0.0,0.0,0.0,0.0,0.0,0.0,0.0,0.0,0.0,0.0,0.0,0.2974732920120074,0.0,0.0,0.0,0.0,0.0,0.0,0.0,0.0,0.0,0.0,0.0,0.0,0.0,0.0,0.0,0.0,0.0,0.0,0.0,0.0,0.0,0.0,0.0,0.0,0.0,0.0,0.0,0.0,0.0,0.0,0.0,0.16315486146337502,0.3483227092968839,0.2776254549777909,0.0,0.1492739955126385,0.0,0.0,0.0,0.0,0.0,0.0,0.0,0.0,0.35797555138858833,0.0,0.0,0.0,0.0,0.0,0.0,0.0,0.0,0.0,0.0,0.21007093101967508,0.0,0.0,0.0,0.0,0.0,0.0,0.0,0.0,0.0,0.0,0.0,0.0,0.0,0.0,0.0,0.0,0.21443687917596213,0.0,0.2181044130514117,0.0,0.0,0.0,0.0,0.0,0.2712287054243092,0.0,0.0,0.0,0.0,0.0,0.0,0.0,0.0,0.24638304486652013,0.0,0.0,0.0,0.0,0.0,0.0,0.0,0.0,0.0,0.26515423418993983,0.0,0.17760902906318593,0.0,0.0,0.0,0.0,0.0,0.0,0.0,0.0,0.0,0.0,0.0,0.0,0.0,0.0,0.0
ce1aa1ad228720565deeb6ba1cc75c6d683434e9644ddb04f6af251a8820325e,0.0,0.22154256483956852,0.0,0.0,0.28786367549551006,0.0,0.0,0.0,0.0,0.0,0.15909379185510608,0.0,0.10358186242471808,0.0,0.0,0.0,0.0,0.0,0.0,0.0,0.0,0.15143360691929994,0.3397577186282906,0.0,0.0,0.0,0.0,0.0,0.0,0.0,0.0,0.0,0.0,0.0,0.0,0.0,0.0,0.0,0.0,0.0,0.0,0.0,0.0,0.17933948429297245,0.0,0.0,0.0,0.0,0.25500231738153384,0.25222346273332413,0.0,0.0,0.0,0.0,0.0,0.0,0.0,0.0,0.0,0.0,0.0,0.0,0.0,0.0,0.0,0.0,0.0,0.0,0.0,0.0,0.0,0.0,0.3606735034831545,0.0,0.0,0.09836213704036315,0.20999537346805783,0.16737370130125542,0.0,0.08999369722411073,0.0,0.0,0.0,0.0,0.0,0.3044591095293624,0.0,0.0,0.21581483951483788,0.0,0.0,0.0,0.0,0.0,0.0,0.0,0.0,0.0,0.0,0.12664670558892532,0.0,0.0,0.0,0.0,0.0,0.0,0.0,0.0,0.0,0.0,0.0,0.0,0.0,0.0,0.0,0.0,0.1292788305958546,0.0,0.131489898451397,0.11655566155463469,0.0,0.0,0.0,0.0,0.16351725503573183,0.0,0.0,0.0,0.0,0.0,0.0,0.0,0.0,0.14853840459435413,0.0,0.0,0.0,0.0,0.0,0.0,0.0,0.0,0.0,0.1598551026080096,0.0,0.10707620661515256,0.0,0.0,0.0,0.0,0.0,0.0,0.0,0.0,0.15540241468641,0.0,0.0,0.0,0.0,0.0,0.0
a4c7cb6d7212aac61a61a4f7c7c218684a8ea7727ebf26c4bf9b4f98c39a86c4,0.0,0.0,0.0,0.0,0.0,0.0,0.0,0.0,0.0,0.45484650519378517,0.1685452887127957,0.29468008559866493,0.10973548813069461,0.3702272488827732,0.0,0.0,0.0,0.0,0.0,0.0,0.0,0.16043002496463696,0.0,0.0,0.0,0.0,0.23040677850373187,0.0,0.0,0.0,0.0,0.0,0.0,0.0,0.0,0.0,0.0,0.0,0.0,0.0,0.0,0.0,0.0,0.0,0.21286200221759882,0.0,0.0,0.0,0.0,0.0,0.0,0.0,0.0,0.0,0.0,0.0,0.0,0.0,0.21191691347182726,0.0,0.15923583412232345,0.0,0.0,0.0,0.0,0.0,0.0,0.0,0.0,0.0,0.0,0.0,0.0,0.0,0.0,0.10420566756605028,0.0,0.17731709377095928,0.0,0.09534007269613551,0.0,0.0,0.0,0.0,0.0,0.0,0.0,0.0,0.0,0.0,0.0,0.0,0.0,0.0,0.0,0.0,0.0,0.0,0.0,0.13417057516267106,0.0,0.0,0.14699104302916063,0.0,0.0,0.0,0.0,0.0,0.0,0.0,0.0,0.0,0.0,0.0,0.0,0.0,0.13695907032673818,0.12682942613575784,0.13930149403624018,0.12348003903086498,0.14739643220929155,0.0,0.0,0.0,0.17323154246409228,0.0,0.1989775576039912,0.0,0.0,0.0,0.0,0.0,0.0,0.15736282349781688,0.0,0.0,0.0,0.0,0.0,0.0,0.0,0.0,0.21191691347182726,0.0,0.0,0.11343742548205933,0.0,0.0,0.0,0.0,0.0,0.0,0.0,0.0,0.0,0.0,0.0,0.0,0.0,0.0,0.0
cce241c912bf0c1da1af3a33e6fd7b603d20e578ee9817a92743f611d56a528e,0.0,0.0,0.0,0.0,0.0,0.0,0.0,0.0,0.0,0.0,0.2752921254190179,0.0,0.1792355988832744,0.0,0.0,0.0,0.0,0.0,0.0,0.0,0.0,0.262037123023944,0.0,0.0,0.0,0.0,0.3763331045896258,0.0,0.0,0.0,0.0,0.0,0.0,0.0,0.0,0.0,0.0,0.0,0.0,0.0,0.0,0.0,0.0,0.0,0.3476764818462808,0.0,0.0,0.0,0.0,0.0,0.0,0.0,0.0,0.0,0.0,0.0,0.0,0.0,0.3461328285557021,0.0,0.0,0.0,0.0,0.0,0.0,0.0,0.0,0.0,0.0,0.0,0.0,0.0,0.0,0.0,0.0,0.1702035098343732,0.0,0.0,0.0,0.1557229599864231,0.0,0.0,0.0,0.0,0.0,0.0,0.0,0.0,0.0,0.0,0.0,0.0,0.0,0.0,0.0,0.0,0.0,0.0,0.0,0.0,0.0,0.0,0.0,0.0,0.4083686654764997,0.0,0.0,0.0,0.0,0.0,0.0,0.0,0.0,0.0,0.0,0.0,0.0,0.0,0.0,0.20168515329760978,0.0,0.0,0.0,0.0,0.28294638122942867,0.0,0.0,0.0,0.0,0.0,0.0,0.0,0.0,0.25702733356416224,0.0,0.0,0.0,0.0,0.0,0.0,0.0,0.0,0.0,0.0,0.0,0.18528212922184606,0.0,0.0,0.0,0.0,0.0,0.0,0.0,0.0,0.0,0.0,0.0,0.0,0.0,0.0,0.0
cc7c999dcf80b0e9527b5504d3f9d78788e791258b7238a98cb299253829fbcc,0.0,0.0,0.0,0.0,0.0,0.0,0.0,0.0,0.0,0.0,0.0,0.0,0.17350250419927832,0.0,0.0,0.7873078415164249,0.0,0.0,0.0,0.0,0.0,0.0,0.0,0.0,0.0,0.0,0.0,0.0,0.0,0.0,0.0,0.0,0.0,0.0,0.0,0.0,0.0,0.0,0.0,0.0,0.0,0.0,0.0,0.0,0.0,0.0,0.0,0.0,0.0,0.0,0.0,0.0,0.0,0.0,0.0,0.0,0.0,0.0,0.0,0.0,0.0,0.0,0.0,0.0,0.0,0.0,0.0,0.0,0.0,0.0,0.0,0.0,0.0,0.0,0.0,0.0,0.0,0.0,0.0,0.0,0.0,0.0,0.0,0.0,0.0,0.0,0.0,0.0,0.0,0.0,0.0,0.0,0.0,0.0,0.0,0.0,0.0,0.0,0.0,0.0,0.0,0.0,0.23240716831777225,0.0,0.0,0.0,0.0,0.0,0.0,0.0,0.0,0.0,0.0,0.0,0.0,0.0,0.0,0.0,0.22024924175124747,0.19523397904754086,0.0,0.0,0.0,0.0,0.0,0.0,0.0,0.0,0.0,0.0,0.0,0.0,0.0,0.0,0.0,0.0,0.0,0.0,0.0,0.0,0.0,0.0,0.0,0.2677617486524716,0.0,0.0,0.3710899658164815,0.0,0.0,0.0,0.0,0.0,0.0,0.0,0.0,0.0,0.0,0.0,0.0,0.0,0.0
e424a0ff956433e468ec8c1220f6b2b760e8624187c011e4dabf227a285af670,0.0,0.0,0.0,0.0,0.0,0.0,0.0,0.0,0.0,0.0,0.0,0.5260646117104456,0.19590043499903076,0.6609318493052081,0.0,0.0,0.0,0.0,0.0,0.0,0.0,0.0,0.0,0.0,0.0,0.0,0.0,0.0,0.0,0.0,0.0,0.0,0.0,0.0,0.0,0.0,0.0,0.0,0.0,0.0,0.0,0.0,0.0,0.0,0.0,0.0,0.0,0.0,0.0,0.0,0.0,0.0,0.0,0.0,0.0,0.0,0.0,0.0,0.0,0.0,0.2842687420758932,0.0,0.0,0.0,0.0,0.0,0.0,0.0,0.0,0.0,0.0,0.0,0.0,0.0,0.0,0.0,0.0,0.0,0.0,0.0,0.0,0.0,0.0,0.0,0.0,0.0,0.0,0.0,0.0,0.0,0.0,0.0,0.0,0.0,0.0,0.0,0.0,0.0,0.0,0.23952209523261214,0.0,0.0,0.26240926942502263,0.0,0.0,0.0,0.0,0.0,0.0,0.0,0.0,0.0,0.0,0.0,0.0,0.0,0.0,0.0,0.0,0.0,0.0,0.0,0.0,0.0,0.0,0.0,0.0,0.0,0.0,0.0,0.0,0.0,0.0,0.0,0.0,0.0,0.0,0.0,0.0,0.0,0.0,0.0,0.0,0.0,0.0,0.20250915520272442,0.0,0.0,0.0,0.0,0.0,0.0,0.0,0.0,0.0,0.0,0.0,0.0,0.0,0.0,0.0
1d11c985ab456d176302f4102a0391047843779b5dec3f38139e718e6d785600,0.0,0.0,0.0,0.0,0.0,0.47693073677555636,0.0,0.0,0.0,0.0,0.0,0.0,0.17249393413600164,0.0,0.0,0.0,0.0,0.0,0.0,0.0,0.0,0.2521810093625181,0.0,0.0,0.0,0.0,0.36217792760329587,0.0,0.0,0.0,0.0,0.0,0.0,0.0,0.0,0.0,0.0,0.0,0.0,0.0,0.0,0.0,0.0,0.0,0.33459917858887744,0.0,0.0,0.0,0.0,0.0,0.0,0.0,0.0,0.0,0.0,0.0,0.0,0.0,0.3331135873854954,0.0,0.0,0.0,0.0,0.0,0.0,0.0,0.0,0.0,0.0,0.0,0.0,0.0,0.0,0.0,0.0,0.0,0.0,0.0,0.0,0.14986568611771398,0.0,0.0,0.0,0.0,0.0,0.0,0.0,0.0,0.0,0.0,0.0,0.0,0.0,0.0,0.0,0.0,0.0,0.0,0.0,0.0,0.0,0.0,0.0,0.0,0.0,0.0,0.0,0.0,0.0,0.0,0.0,0.0,0.0,0.0,0.0,0.0,0.0,0.0,0.0,0.19409908392017386,0.0,0.0,0.0,0.0,0.2723037987536946,0.0,0.31277412895824036,0.0,0.0,0.0,0.0,0.0,0.0,0.24735965524260578,0.0,0.0,0.0,0.0,0.0,0.0,0.0,0.0,0.0,0.0,0.0,0.17831303375946517,0.0,0.0,0.0,0.0,0.0,0.0,0.0,0.0,0.0,0.0,0.0,0.0,0.0,0.0,0.0
cb5834ff88fd8e818ddd26ae5e6a080be8b5e17ee4238df66080175a5cf802eb,0.0,0.0,0.0,0.0,0.0,0.0,0.31125338148891524,0.0,0.0,0.0,0.0,0.0,0.11698015945415371,0.0,0.0,0.0,0.30189755173296756,0.22896785200760017,0.0,0.0,0.0,0.0,0.0,0.0,0.0,0.30846976476481114,0.0,0.0,0.0,0.0,0.0,0.0,0.0,0.0,0.0,0.0,0.0,0.0,0.0,0.0,0.0,0.0,0.0,0.0,0.0,0.0,0.0,0.0,0.0,0.28484852654649845,0.0,0.0,0.0,0.0,0.0,0.0,0.0,0.0,0.0,0.0,0.1697484886954652,0.3098497775759367,0.0,0.0,0.0,0.0,0.0,0.0,0.0,0.0,0.0,0.0,0.0,0.0,0.0,0.11108526344171223,0.0,0.0,0.0,0.0,0.0,0.0,0.0,0.0,0.0,0.0,0.0,0.0,0.24373045384626893,0.0,0.0,0.0,0.0,0.0,0.0,0.0,0.0,0.0,0.0,0.14302843632400605,0.0,0.0,0.0,0.0,0.0,0.0,0.0,0.0,0.0,0.0,0.0,0.0,0.0,0.0,0.23489302599817385,0.26735169206458165,0.14600102627176484,0.13520262902707925,0.14849809539420208,0.13163211738787822,0.15712745654605892,0.0,0.0,0.0,0.0,0.0,0.0,0.0,0.0,0.0,0.0,0.0,0.29940921496030204,0.0,0.0,0.0,0.0,0.0,0.0,0.0,0.0,0.0,0.0,0.18053233408731081,0.0,0.0,0.0,0.0,0.0,0.0,0.0,0.0,0.0,0.0,0.0,0.0,0.0,0.0,0.0,0.0,0.0
cac690dac1ab7f072111eaca623baec624101ee38fe13b3dcd83118826d2f5c4,0.0,0.6483929541975462,0.0,0.0,0.0,0.0,0.0,0.0,0.0,0.0,0.0,0.0,0.0,0.0,0.0,0.0,0.0,0.0,0.0,0.0,0.0,0.0,0.0,0.0,0.0,0.0,0.0,0.0,0.0,0.0,0.0,0.0,0.0,0.0,0.0,0.0,0.0,0.0,0.0,0.0,0.0,0.0,0.0,0.0,0.0,0.0,0.0,0.0,0.0,0.0,0.0,0.0,0.0,0.0,0.0,0.0,0.0,0.0,0.0,0.0,0.0,0.0,0.0,0.0,0.0,0.0,0.0,0.4957319957801078,0.0,0.0,0.0,0.0,0.0,0.0,0.0,0.0,0.0,0.0,0.0,0.2633863124431918,0.0,0.0,0.0,0.0,0.0,0.0,0.0,0.0,0.0,0.0,0.0,0.0,0.0,0.0,0.0,0.0,0.0,0.0,0.0,0.0,0.0,0.0,0.0,0.0,0.0,0.0,0.0,0.0,0.0,0.0,0.0,0.0,0.0,0.0,0.0,0.0,0.0,0.0,0.3848340555494433,0.34112573255882567,0.0,0.0,0.0,0.0,0.0,0.0,0.0,0.0,0.0,0.0,0.0,0.0,0.0,0.0,0.0,0.0,0.0,0.0,0.0,0.0,0.0,0.0,0.0,0.0,0.0,0.0,0.0,0.0,0.0,0.0,0.0,0.0,0.0,0.0,0.0,0.0,0.0,0.0,0.0,0.0,0.0
ca087f46f97cd465f46e4ccb04181e6eae7b2c751ae7fd9e262191b979728ccc,0.0,0.0,0.0,0.0,0.0,0.0,0.0,0.0,0.0,0.0,0.0,0.0,0.0,0.0,0.0,0.0,0.0,0.0,0.0,0.0,0.0,0.0,0.0,0.0,0.0,0.0,0.0,0.0,0.0,0.0,0.0,0.0,0.0,0.0,0.0,0.0,0.0,0.0,0.0,0.0,0.0,0.0,0.0,0.0,0.0,0.0,0.0,0.0,0.0,0.0,0.0,0.0,0.0,0.0,0.0,0.0,0.0,0.0,0.0,0.0,0.0,0.0,0.0,0.0,0.0,0.0,0.0,0.0,0.0,0.0,0.0,0.0,0.0,0.0,0.0,0.24192638058520374,0.0,0.0,0.0,0.0,0.0,0.0,0.0,0.0,0.0,0.0,0.0,0.0,0.0,0.0,0.0,0.0,0.0,0.0,0.0,0.0,0.0,0.0,0.0,0.3114936297449062,0.0,0.0,0.0,0.0,0.0,0.0,0.0,0.0,0.0,0.0,0.0,0.0,0.0,0.0,0.0,0.0,0.3179674670906005,0.0,0.0,0.0,0.0,0.0,0.0,0.0,0.0,0.0,0.0,0.0,0.7080144780303489,0.0,0.0,0.0,0.0,0.0,0.0,0.0,0.0,0.0,0.0,0.0,0.0,0.0,0.49199139603928743,0.0,0.0,0.0,0.0,0.0,0.0,0.0,0.0,0.0,0.0,0.0,0.0,0.0,0.0,0.0,0.0,0.0,0.0
c24630ac0393879f0a49b298e23fd8bdb5caf2fc7d544735d5dc1e3d8bd31100,0.0,0.0,0.0,0.0,0.0,0.0,0.0,0.0,0.0,0.0,0.0,0.0,0.36810692077487056,0.0,0.0,0.0,0.0,0.0,0.0,0.0,0.0,0.0,0.0,0.0,0.0,0.0,0.0,0.0,0.0,0.0,0.0,0.0,0.0,0.0,0.0,0.0,0.0,0.0,0.0,0.0,0.0,0.0,0.0,0.0,0.0,0.0,0.0,0.0,0.0,0.0,0.0,0.0,0.0,0.0,0.0,0.0,0.0,0.0,0.0,0.0,0.0,0.0,0.0,0.0,0.0,0.0,0.0,0.0,0.0,0.0,0.0,0.0,0.0,0.0,0.0,0.0,0.0,0.0,0.0,0.0,0.0,0.0,0.0,0.0,0.0,0.0,0.0,0.0,0.0,0.0,0.0,0.0,0.0,0.0,0.0,0.0,0.0,0.0,0.0,0.0,0.0,0.0,0.4930804168520932,0.0,0.0,0.0,0.0,0.0,0.0,0.0,0.0,0.0,0.0,0.0,0.0,0.0,0.0,0.0,0.0,0.41421291980473207,0.0,0.0,0.0,0.0,0.0,0.0,0.0,0.0,0.0,0.0,0.0,0.0,0.0,0.0,0.0,0.0,0.0,0.0,0.0,0.0,0.0,0.0,0.0,0.0,0.0,0.38052504350367605,0.0,0.0,0.0,0.0,0.0,0.0,0.0,0.0,0.5522656477891535,0.0,0.0,0.0,0.0,0.0,0.0
c23039cf2f859e659e59ec362277321fbcdac680e6d9bc93fc03c8971333c25e,0.0,0.0,0.0,0.0,0.0,0.0,0.0,0.0,0.0,0.0,0.0,0.0,0.0,0.0,0.0,0.0,0.0,0.0,0.0,0.0,0.0,0.0,0.0,0.0,0.0,0.0,0.0,0.0,0.0,0.0,0.0,0.0,0.0,0.0,0.0,0.0,0.0,0.0,0.0,0.0,0.0,0.0,0.0,0.0,0.0,0.0,0.0,0.0,0.0,0.0,0.0,0.0,0.0,0.0,0.0,0.0,0.0,0.0,0.0,0.0,0.0,0.0,0.0,0.0,0.3920843099598775,0.0,0.0,0.0,0.0,0.0,0.0,0.0,0.0,0.0,0.0,0.0,0.0,0.0,0.0,0.0,0.0,0.0,0.0,0.0,0.0,0.0,0.0,0.0,0.0,0.0,0.0,0.0,0.0,0.0,0.0,0.0,0.0,0.0,0.0,0.0,0.0,0.0,0.0,0.0,0.0,0.0,0.0,0.0,0.0,0.0,0.0,0.0,0.0,0.0,0.0,0.0,0.0,0.23465719283259,0.0,0.0,0.0,0.0,0.0,0.0,0.0,0.0,0.0,0.8894975524054102,0.0,0.0,0.0,0.0,0.0,0.0,0.0,0.0,0.0,0.0,0.0,0.0,0.0,0.0,0.0,0.0,0.0,0.0,0.0,0.0,0.0,0.0,0.0,0.0,0.0,0.0,0.0,0.0,0.0,0.0,0.0,0.0,0.0
c22598e8b657e79f0b325f19188a0166b6e7a3debcefbbb3214614a91ec6c45a,0.0,0.0,0.0,0.0,0.0,0.0,0.0,0.0,0.0,0.0,0.15130530926415112,0.0,0.09851098239334419,0.0,0.0,0.0,0.0,0.19281772347559945,0.0,0.0,0.0,0.1440201308972396,0.0,0.0,0.0,0.0,0.0,0.0,0.0,0.0,0.0,0.0,0.0,0.0,0.0,0.0,0.0,0.0,0.0,0.0,0.0,0.0,0.18043021629850434,0.17055986797357028,0.0,0.0,0.0,0.0,0.0,0.0,0.0,0.0,0.0,0.0,0.0,0.0,0.0,0.0,0.0,0.0,0.0,0.0,0.0,0.0,0.19024058385753567,0.0,0.0,0.1610893307599421,0.3357314494447167,0.0,0.3392781367051833,0.31246599517093543,0.0,0.0,0.29508879817475897,0.09354679017475,0.1997149892282591,0.15917987334877465,0.0,0.08558802974989518,0.0,0.0,0.0,0.0,0.0,0.0,0.0,0.0,0.0,0.0,0.0,0.0,0.0,0.0,0.0,0.0,0.0,0.0,0.0,0.12044667948998432,0.0,0.0,0.13195578111047387,0.0,0.0,0.0,0.15758414309588242,0.0,0.0,0.0,0.0,0.0,0.0,0.0,0.0,0.0,0.12294994805597619,0.11385643402922822,0.12505277244519908,0.0,0.13231970427759704,0.0,0.0,0.0,0.0,0.0,0.0,0.0,0.0,0.0,0.0,0.0,0.25213759359696286,0.14126666403941793,0.0,0.0,0.0,0.0,0.0,0.0,0.0,0.0,0.0,0.0,0.0,0.10183425995335485,0.0,0.0,0.0,0.0,0.0,0.28280299015136684,0.0,0.0,0.0,0.0,0.0,0.0,0.0,0.0,0.0
c11806a41bfe4b263711365ff5dc2fc7b7fafaf40a5c79ad199306d3cd1b2950,0.0,0.0,0.0,0.0,0.0,0.0,0.0,0.0,0.0,0.0,0.0,0.0,0.36120598705421114,0.0,0.0,0.0,0.0,0.0,0.0,0.0,0.0,0.0,0.0,0.0,0.0,0.0,0.0,0.0,0.0,0.0,0.0,0.0,0.0,0.0,0.0,0.0,0.0,0.0,0.0,0.0,0.0,0.0,0.0,0.0,0.0,0.0,0.0,0.0,0.0,0.0,0.0,0.0,0.0,0.0,0.0,0.0,0.0,0.0,0.0,0.0,0.0,0.0,0.0,0.0,0.0,0.0,0.0,0.0,0.0,0.0,0.0,0.0,0.0,0.0,0.0,0.3430039967107944,0.0,0.0,0.0,0.31382195177382394,0.0,0.0,0.0,0.0,0.0,0.0,0.0,0.0,0.0,0.0,0.0,0.0,0.0,0.0,0.0,0.0,0.0,0.0,0.0,0.0,0.0,0.0,0.0,0.0,0.0,0.0,0.0,0.0,0.0,0.0,0.0,0.0,0.0,0.0,0.0,0.0,0.4508152925376106,0.0,0.0,0.0,0.0,0.0,0.0,0.0,0.0,0.0,0.0,0.0,0.0,0.0,0.0,0.0,0.0,0.0,0.0,0.0,0.0,0.0,0.0,0.0,0.0,0.0,0.0,0.5574394857511221,0.0,0.37339130611362054,0.0,0.0,0.0,0.0,0.0,0.0,0.0,0.0,0.0,0.0,0.0,0.0,0.0,0.0,0.0
c9716a41f6865025271a42553f3240810b678f89bffaa2a5c69a0576757947ab,0.0,0.0,0.0,0.0,0.0,0.0,0.0,0.0,0.0,0.0,0.0,0.0,0.13644182413764844,0.0,0.0,0.0,0.0,0.0,0.0,0.4436318312178232,0.3852351631288053,0.0,0.0,0.0,0.0,0.0,0.0,0.0,0.0,0.0,0.0,0.0,0.0,0.0,0.0,0.0,0.0,0.0,0.0,0.0,0.0,0.0,0.0,0.23623253921141216,0.0,0.0,0.0,0.28500749870632885,0.0,0.0,0.0,0.0,0.0,0.0,0.0,0.0,0.0,0.0,0.0,0.0,0.0,0.0,0.0,0.0,0.0,0.0,0.0,0.0,0.0,0.0,0.0,0.0,0.0,0.0,0.0,0.12956621062513235,0.2766135995794878,0.22047077146166064,0.0,0.11854299510276756,0.0,0.0,0.0,0.0,0.0,0.0,0.0,0.0,0.0,0.0,0.0,0.0,0.0,0.0,0.0,0.0,0.0,0.0,0.0,0.16682368058534858,0.0,0.0,0.18276426691525668,0.0,0.0,0.0,0.0,0.0,0.0,0.0,0.0,0.0,0.0,0.0,0.0,0.0,0.0,0.0,0.0,0.0,0.18326831569806112,0.0,0.0,0.0,0.21539091915123051,0.0,0.0,0.0,0.3791845798884069,0.0,0.0,0.0,0.0,0.1956602285663614,0.0,0.0,0.0,0.0,0.0,0.0,0.0,0.0,0.0,0.0,0.0,0.14104470232835667,0.0,0.0,0.0,0.0,0.0,0.0,0.0,0.0,0.0,0.0,0.0,0.0,0.0,0.0,0.0
1f69810b8fe71e30a8738278adf09dd982f7de0ab9891d296ce7ea61b3fa4f69,0.0,0.0,0.0,0.0,0.0,0.0,0.0,0.0,0.0,0.0,0.21213099146342695,0.0,0.13811301445247762,0.0,0.0,0.0,0.0,0.0,0.0,0.0,0.0,0.20191712575391083,0.0,0.0,0.0,0.0,0.28998982254067734,0.0,0.0,0.0,0.0,0.0,0.0,0.0,0.0,0.0,0.0,0.0,0.0,0.0,0.0,0.0,0.0,0.0,0.2679079784440237,0.0,0.0,0.0,0.0,0.0,0.0,0.0,0.0,0.0,0.0,0.0,0.0,0.0,0.2667184903592925,0.0,0.0,0.0,0.0,0.0,0.0,0.0,0.0,0.0,0.0,0.0,0.0,0.0,0.0,0.0,0.0,0.13115318586307254,0.0,0.22317117964147168,0.0,0.11999495388856281,0.0,0.0,0.0,0.0,0.0,0.0,0.0,0.0,0.0,0.0,0.0,0.0,0.0,0.559524708895177,0.0,0.0,0.0,0.0,0.0,0.0,0.0,0.0,0.18500283177391394,0.0,0.0,0.0,0.0,0.0,0.0,0.0,0.0,0.0,0.0,0.0,0.0,0.0,0.0,0.0,0.0,0.15541189733398605,0.0,0.0,0.0,0.0,0.21802910740664808,0.0,0.2504330254251796,0.0,0.0,0.0,0.0,0.0,0.0,0.19805674796973355,0.0,0.0,0.0,0.0,0.0,0.0,0.0,0.0,0.0,0.21314610087116725,0.0,0.14277227041078952,0.0,0.0,0.0,0.0,0.0,0.0,0.0,0.0,0.0,0.0,0.0,0.0,0.0,0.0,0.0
a993e52917b124010519fcf6adb63124d87c0cc594cea58b1dce686bf85d7cf9,0.0,0.27020156698686176,0.0,0.0,0.0,0.0,0.0,0.0,0.0,0.0,0.19403671654817617,0.0,0.12633229898211226,0.0,0.0,0.0,0.0,0.0,0.0,0.0,0.0,0.1846940695739352,0.4143811733683104,0.0,0.0,0.0,0.0,0.0,0.0,0.0,0.0,0.0,0.0,0.0,0.0,0.0,0.0,0.0,0.0,0.0,0.0,0.0,0.0,0.21872911742115053,0.0,0.0,0.0,0.0,0.0,0.0,0.0,0.0,0.0,0.0,0.0,0.0,0.0,0.0,0.0,0.0,0.0,0.0,0.0,0.0,0.0,0.0,0.0,0.0,0.0,0.0,0.0,0.0,0.0,0.0,0.0,0.11996612741090591,0.2561181821296955,0.20413520262681745,0.0,0.10975966639415238,0.0,0.0,0.0,0.0,0.0,0.0,0.0,0.0,0.26321581975976216,0.0,0.0,0.0,0.0,0.0,0.0,0.0,0.0,0.0,0.0,0.1544630411254474,0.0,0.0,0.0,0.0,0.0,0.0,0.0,0.0,0.0,0.0,0.0,0.0,0.0,0.0,0.0,0.0,0.15767327885963908,0.0,0.16036997960296792,0.14215562781833305,0.0,0.0,0.0,0.0,0.19943173706614883,0.0,0.0,0.0,0.0,0.0,0.0,0.0,0.0,0.18116297294015352,0.0,0.0,0.0,0.0,0.0,0.0,0.0,0.0,0.0,0.19496523950965514,0.0,0.13059413135969877,0.27020156698686176,0.2923826326431765,0.0,0.0,0.0,0.0,0.0,0.0,0.18953457540864618,0.0,0.0,0.0,0.0,0.0,0.0
c340f0ccbcb5c5936660b8cd25b4967a12553924e8bbefd0e7cadd50ed6da6d1,0.0,0.0,0.0,0.0,0.0,0.0,0.0,0.0,0.0,0.0,0.0,0.0,0.20424033002333164,0.0,0.0,0.9267878531400492,0.0,0.0,0.0,0.0,0.0,0.0,0.0,0.0,0.0,0.0,0.0,0.0,0.0,0.0,0.0,0.0,0.0,0.0,0.0,0.0,0.0,0.0,0.0,0.0,0.0,0.0,0.0,0.0,0.0,0.0,0.0,0.0,0.0,0.0,0.0,0.0,0.0,0.0,0.0,0.0,0.0,0.0,0.0,0.0,0.0,0.0,0.0,0.0,0.0,0.0,0.0,0.0,0.0,0.0,0.0,0.0,0.0,0.0,0.0,0.0,0.0,0.0,0.0,0.0,0.0,0.0,0.0,0.0,0.0,0.0,0.0,0.0,0.0,0.0,0.0,0.0,0.0,0.0,0.0,0.0,0.0,0.0,0.0,0.0,0.0,0.0,0.0,0.0,0.0,0.0,0.0,0.0,0.0,0.0,0.0,0.0,0.0,0.0,0.0,0.0,0.0,0.0,0.0,0.0,0.0,0.0,0.0,0.0,0.0,0.0,0.0,0.0,0.0,0.0,0.0,0.0,0.0,0.0,0.0,0.0,0.0,0.0,0.0,0.0,0.0,0.0,0.0,0.31519860860102017,0.0,0.0,0.0,0.0,0.0,0.0,0.0,0.0,0.0,0.0,0.0,0.0,0.0,0.0,0.0,0.0,0.0
c0384c55ee30f83644024cd305a8e538ed0a3b989e2e10371de67e765f7cc0d9,0.0,0.0,0.0,0.0,0.0,0.0,0.0,0.0,0.0,0.0,0.23812787400907254,0.0,0.15503891382237306,0.0,0.0,0.0,0.0,0.0,0.0,0.0,0.0,0.22666228800467875,0.0,0.0,0.0,0.0,0.3255283890839933,0.0,0.0,0.0,0.0,0.0,0.0,0.0,0.0,0.0,0.0,0.0,0.0,0.0,0.0,0.0,0.0,0.0,0.3007403910990667,0.0,0.0,0.3238541650255467,0.0,0.0,0.0,0.0,0.0,0.0,0.0,0.0,0.0,0.0,0.29940512996243546,0.0,0.0,0.0,0.0,0.0,0.0,0.0,0.0,0.0,0.0,0.0,0.0,0.0,0.0,0.0,0.0,0.1472261507082746,0.0,0.0,0.0,0.13470046533123642,0.0,0.0,0.0,0.0,0.0,0.0,0.0,0.0,0.0,0.0,0.0,0.0,0.0,0.0,0.0,0.0,0.0,0.0,0.0,0.0,0.0,0.0,0.0,0.0,0.35323917084016654,0.0,0.0,0.0,0.0,0.0,0.0,0.0,0.0,0.0,0.0,0.0,0.0,0.0,0.0,0.17445779351971208,0.0,0.0,0.0,0.0,0.24474881044334365,0.0,0.0,0.0,0.0,0.0,0.0,0.0,0.0,0.22232881674582936,0.0,0.0,0.0,0.0,0.0,0.0,0.0,0.0,0.29940512996243546,0.23926738617315668,0.0,0.16026916664004395,0.0,0.0,0.0,0.0,0.0,0.0,0.0,0.0,0.0,0.0,0.0,0.0,0.0,0.0,0.0
c159fbb41546688567bf73b43d4d1144a00cda285006a3c8cd74ec7faba3d016,0.0,0.0,0.0,0.0,0.0,0.0,0.0,0.0,0.0,0.0,0.0,0.0,0.0,0.0,0.0,0.0,0.0,0.0,0.0,0.0,0.0,0.0,0.0,0.0,0.0,0.0,0.41841619922355655,0.0,0.0,0.0,0.0,0.0,0.0,0.0,0.0,0.0,0.0,0.0,0.0,0.0,0.0,0.0,0.0,0.0,0.3865550766578744,0.0,0.0,0.0,0.0,0.0,0.0,0.0,0.0,0.0,0.0,0.0,0.0,0.0,0.38483880579335084,0.0,0.0,0.0,0.0,0.0,0.0,0.0,0.0,0.0,0.0,0.0,0.0,0.0,0.0,0.0,0.0,0.0,0.0,0.3220059102202589,0.0,0.17313653317959338,0.0,0.0,0.0,0.0,0.0,0.0,0.0,0.0,0.0,0.0,0.0,0.0,0.0,0.0,0.0,0.0,0.0,0.0,0.0,0.0,0.0,0.0,0.26693413250935016,0.0,0.0,0.0,0.0,0.0,0.0,0.0,0.0,0.0,0.0,0.0,0.0,0.0,0.0,0.0,0.0,0.22423840542709603,0.0,0.0,0.0,0.0,0.0,0.0,0.0,0.0,0.0,0.0,0.0,0.0,0.0,0.2857691728282962,0.0,0.0,0.0,0.0,0.0,0.0,0.0,0.0,0.38483880579335084,0.0,0.0,0.20600112864795736,0.0,0.0,0.0,0.0,0.0,0.0,0.0,0.0,0.0,0.0,0.0,0.0,0.0,0.0,0.0
c93ba1ba7147a4e59cd731f553ea7131b5ea2517c74c85c3360db10f6eac4ba4,0.0,0.0,0.0,0.0,0.0,0.0,0.0,0.0,0.0,0.0,0.0,0.0,0.0,0.0,0.0,0.0,0.0,0.0,0.0,0.0,0.0,0.0,0.0,0.0,0.0,0.0,0.44431086668828307,0.0,0.0,0.0,0.0,0.0,0.0,0.0,0.3460357029622187,0.0,0.0,0.0,0.0,0.0,0.0,0.0,0.0,0.0,0.41047794385429814,0.0,0.0,0.0,0.0,0.0,0.0,0.0,0.0,0.0,0.0,0.0,0.0,0.0,0.40865545754353055,0.0,0.0,0.0,0.0,0.0,0.0,0.0,0.0,0.0,0.0,0.0,0.0,0.0,0.0,0.0,0.0,0.0,0.0,0.3419340009163247,0.0,0.18385149345359977,0.0,0.0,0.0,0.0,0.0,0.0,0.0,0.0,0.0,0.0,0.0,0.0,0.0,0.0,0.0,0.0,0.0,0.0,0.0,0.0,0.0,0.0,0.0,0.0,0.0,0.0,0.0,0.0,0.0,0.0,0.0,0.0,0.0,0.0,0.0,0.0,0.0,0.0,0.0,0.23811592487335617,0.0,0.0,0.0,0.0,0.0,0.0,0.0,0.0,0.0,0.0,0.0,0.0,0.0,0.3034546680739164,0.0,0.0,0.0,0.0,0.0,0.0,0.0,0.0,0.0,0.0,0.0,0.2187499914634888,0.0,0.0,0.0,0.0,0.0,0.0,0.0,0.0,0.0,0.0,0.0,0.0,0.0,0.0,0.0
c1fb7c4e8f1a3346aa1046a15a36369e916cc7307cd5089b05606192c8be8d7e,0.0,0.0,0.0,0.0,0.0,0.0,0.0,0.0,0.0,0.0,0.0,0.0,0.0,0.0,0.0,0.0,0.0,0.0,0.0,0.0,0.0,0.0,0.0,0.0,0.0,0.0,0.0,0.0,0.0,0.0,0.0,0.0,0.0,0.0,0.3998148065569806,0.0,0.0,0.0,0.0,0.0,0.0,0.0,0.44781781441455537,0.0,0.0,0.0,0.0,0.5107231171620272,0.0,0.0,0.0,0.0,0.0,0.0,0.0,0.0,0.0,0.0,0.0,0.0,0.0,0.0,0.0,0.0,0.0,0.0,0.0,0.0,0.0,0.0,0.0,0.0,0.0,0.0,0.0,0.23217795766673258,0.0,0.0,0.0,0.0,0.0,0.0,0.0,0.0,0.0,0.0,0.0,0.0,0.0,0.0,0.0,0.0,0.0,0.0,0.0,0.0,0.0,0.0,0.0,0.2989419946904001,0.0,0.0,0.0,0.0,0.0,0.0,0.0,0.0,0.0,0.0,0.0,0.0,0.0,0.0,0.0,0.0,0.3051549687759631,0.0,0.0,0.0,0.0,0.0,0.0,0.0,0.0,0.0,0.0,0.0,0.0,0.0,0.0,0.0,0.0,0.0,0.0,0.0,0.0,0.0,0.0,0.0,0.0,0.0,0.0,0.3773284351366165,0.0,0.0,0.0,0.0,0.0,0.0,0.0,0.0,0.0,0.0,0.0,0.0,0.0,0.0,0.0,0.0,0.0
c1d19cee2a05f48cedd6f1f7aa6eec9e27c00cedb7135d0187200b030b302c6d,0.0,0.0,0.0,0.0,0.0,0.0,0.0,0.0,0.0,0.0,0.22555316806723041,0.0,0.1468518472768385,0.0,0.0,0.0,0.0,0.0,0.0,0.0,0.0,0.214693039836548,0.0,0.0,0.0,0.0,0.0,0.0,0.0,0.0,0.0,0.0,0.0,0.0,0.0,0.0,0.0,0.0,0.0,0.0,0.0,0.0,0.0,0.2542562369665777,0.0,0.0,0.0,0.0,0.361526241088485,0.3575865558110552,0.0,0.0,0.0,0.0,0.0,0.0,0.0,0.0,0.0,0.0,0.0,0.0,0.0,0.0,0.0,0.0,0.0,0.0,0.0,0.0,0.0,0.0,0.0,0.0,0.0,0.13945164904688848,0.2977182278006123,0.2372919027162206,0.0,0.12758740160940996,0.0,0.0,0.0,0.0,0.0,0.0,0.0,0.0,0.0,0.0,0.0,0.0,0.0,0.0,0.0,0.0,0.0,0.0,0.0,0.17955173069780045,0.0,0.0,0.0,0.0,0.3345858371263402,0.0,0.0,0.0,0.0,0.0,0.0,0.0,0.0,0.0,0.0,0.0,0.1832833919219076,0.0,0.0,0.1652452833845508,0.0,0.0,0.0,0.0,0.2318244758447681,0.0,0.0,0.0,0.0,0.0,0.0,0.0,0.0,0.21058840414352312,0.0,0.0,0.0,0.0,0.0,0.0,0.0,0.0,0.0,0.2266325065517731,0.0,0.15180590860933624,0.0,0.0,0.0,0.0,0.0,0.0,0.0,0.0,0.0,0.0,0.0,0.0,0.0,0.0,0.0
c1ae35cd9be8a69a397e7b1e24229847a71bf7ff80bf4021429ee9804bf02652,0.0,0.38191049381895836,0.0,0.0,0.0,0.0,0.0,0.0,0.0,0.0,0.0,0.0,0.17856162429986489,0.0,0.0,0.0,0.0,0.0,0.0,0.0,0.0,0.0,0.0,0.0,0.0,0.0,0.0,0.0,0.0,0.0,0.0,0.0,0.0,0.0,0.0,0.0,0.0,0.0,0.0,0.0,0.0,0.0,0.3270489412682343,0.0,0.0,0.0,0.0,0.0,0.0,0.0,0.0,0.0,0.0,0.0,0.0,0.0,0.0,0.0,0.0,0.0,0.0,0.0,0.0,0.0,0.0,0.0,0.6725722888103816,0.0,0.0,0.0,0.0,0.0,0.0,0.0,0.0,0.16956349836148402,0.0,0.0,0.0,0.0,0.0,0.0,0.0,0.0,0.0,0.0,0.0,0.0,0.0,0.0,0.0,0.0,0.0,0.0,0.0,0.0,0.0,0.0,0.0,0.0,0.0,0.0,0.23918387613638908,0.0,0.0,0.0,0.0,0.0,0.0,0.0,0.0,0.0,0.0,0.0,0.0,0.0,0.22285984667981987,0.0,0.22667143935136327,0.0,0.0,0.0,0.0,0.0,0.0,0.0,0.0,0.0,0.0,0.0,0.0,0.0,0.0,0.0,0.0,0.0,0.0,0.0,0.0,0.0,0.0,0.0,0.0,0.2755693526465906,0.0,0.0,0.0,0.0,0.0,0.0,0.0,0.0,0.0,0.0,0.0,0.0,0.0,0.0,0.0,0.0,0.0
be817248c8fc124a548b2187aa95fca5b2a5de02cabbd18a2463d2cb5a1593ab,0.0,0.0,0.0,0.0,0.0,0.0,0.0,0.0,0.0,0.0,0.0,0.0,0.18602386176053196,0.0,0.0,0.0,0.0,0.0,0.0,0.0,0.0,0.0,0.0,0.0,0.0,0.0,0.39058612162020206,0.0,0.0,0.0,0.0,0.0,0.0,0.0,0.0,0.0,0.0,0.0,0.0,0.0,0.0,0.0,0.0,0.0,0.3608441749257657,0.0,0.0,0.38857729933729157,0.0,0.0,0.0,0.0,0.0,0.0,0.0,0.0,0.0,0.0,0.35924205822505484,0.0,0.0,0.0,0.0,0.0,0.0,0.0,0.0,0.0,0.0,0.0,0.0,0.0,0.0,0.0,0.0,0.0,0.0,0.3005883611702983,0.0,0.1616207191090454,0.0,0.0,0.0,0.0,0.0,0.0,0.0,0.0,0.0,0.0,0.0,0.0,0.0,0.0,0.0,0.0,0.0,0.0,0.0,0.2274462797000163,0.0,0.0,0.0,0.0,0.0,0.0,0.0,0.0,0.0,0.0,0.0,0.0,0.0,0.0,0.0,0.0,0.0,0.0,0.0,0.20932365729767605,0.0,0.0,0.0,0.0,0.0,0.0,0.0,0.0,0.0,0.0,0.0,0.0,0.0,0.2667618345100953,0.0,0.0,0.0,0.0,0.0,0.0,0.0,0.0,0.0,0.2870856230344419,0.0,0.1922993948066532,0.0,0.0,0.0,0.0,0.0,0.0,0.0,0.0,0.0,0.0,0.0,0.0,0.0,0.0,0.0
bcc999c314a9bcdb87c69516480a039848898be7ff24e92725cbb0dc39c976ec,0.0,0.0,0.0,0.0,0.0,0.0,0.0,0.0,0.0,0.0,0.0,0.0,0.1508141347451909,0.0,0.0,0.0,0.0,0.0,0.0,0.0,0.42581450495766265,0.0,0.0,0.0,0.0,0.0,0.0,0.0,0.0,0.0,0.0,0.0,0.0,0.0,0.0,0.0,0.0,0.0,0.0,0.0,0.0,0.4354445070703097,0.27622734330568494,0.26111645915761306,0.0,0.0,0.0,0.0,0.0,0.0,0.0,0.0,0.0,0.0,0.0,0.0,0.0,0.0,0.0,0.0,0.0,0.0,0.0,0.0,0.0,0.0,0.0,0.0,0.0,0.0,0.0,0.0,0.0,0.0,0.0,0.14321426784744004,0.0,0.0,0.0,0.1310299048662031,0.0,0.0,0.0,0.0,0.0,0.0,0.0,0.0,0.0,0.0,0.0,0.0,0.0,0.0,0.0,0.0,0.0,0.0,0.0,0.18439631103953566,0.0,0.0,0.0,0.0,0.0,0.0,0.0,0.0,0.0,0.0,0.0,0.0,0.0,0.0,0.0,0.0,0.18822865819152593,0.0,0.19144795042754734,0.1697038538942199,0.0,0.0,0.0,0.0,0.0,0.0,0.27346329519231855,0.0,0.0,0.0,0.0,0.0,0.0,0.0,0.0,0.0,0.0,0.0,0.0,0.0,0.0,0.0,0.29124640066357366,0.23274739824216187,0.0,0.15590186423031457,0.0,0.0,0.0,0.0,0.0,0.0,0.0,0.0,0.22626433006336302,0.0,0.0,0.0,0.0,0.0,0.0
5d1b0eb4fe5d011c4867b01b7a218e87e41cb6e39bc8c2a3470dec2115e482e6,0.0,0.0,0.0,0.0,0.0,0.0,0.0,0.0,0.0,0.0,0.22745776677548776,0.0,0.14809188234717416,0.0,0.0,0.0,0.0,0.0,0.0,0.0,0.0,0.21650593428555281,0.0,0.0,0.0,0.0,0.0,0.0,0.0,0.0,0.0,0.0,0.0,0.0,0.24216611832203372,0.0,0.0,0.0,0.0,0.0,0.0,0.0,0.27124133487230984,0.0,0.0,0.0,0.0,0.0,0.0,0.0,0.0,0.0,0.0,0.0,0.0,0.0,0.0,0.0,0.28598929254197936,0.0,0.0,0.0,0.0,0.0,0.0,0.0,0.0,0.24216611832203372,0.0,0.0,0.0,0.0,0.0,0.0,0.0,0.1406291959326848,0.0,0.0,0.0,0.0,0.0,0.0,0.0,0.0,0.0,0.0,0.0,0.0,0.3085523379677987,0.0,0.0,0.0,0.0,0.0,0.0,0.0,0.0,0.0,0.0,0.1810678876078664,0.0,0.0,0.0,0.0,0.0,0.0,0.0,0.0,0.0,0.0,0.0,0.0,0.0,0.0,0.0,0.0,0.18483105943857686,0.1711607500308968,0.18799224222733568,0.166640634892919,0.19891664464219908,0.0,0.0,0.0,0.0,0.0,0.0,0.0,0.0,0.0,0.0,0.0,0.0,0.0,0.0,0.0,0.0,0.4660835417589123,0.0,0.0,0.0,0.0,0.0,0.22854621932701985,0.0,0.15308777638322177,0.0,0.0,0.0,0.0,0.0,0.0,0.0,0.0,0.0,0.0,0.0,0.0,0.0,0.0,0.0
bc6c1ee2b06d35ebb30a7ee02c682c6b72e5b3101cfb47e551301d2cfdc74ac7,0.0,0.0,0.0,0.0,0.0,0.0,0.0,0.0,0.0,0.0,0.23812787400907254,0.0,0.15503891382237306,0.0,0.0,0.0,0.0,0.0,0.0,0.0,0.0,0.22666228800467875,0.0,0.0,0.0,0.0,0.3255283890839933,0.0,0.0,0.0,0.0,0.0,0.0,0.0,0.0,0.0,0.0,0.0,0.0,0.0,0.0,0.0,0.0,0.0,0.3007403910990667,0.0,0.0,0.3238541650255467,0.0,0.0,0.0,0.0,0.0,0.0,0.0,0.0,0.0,0.0,0.29940512996243546,0.0,0.0,0.0,0.0,0.0,0.0,0.0,0.0,0.0,0.0,0.0,0.0,0.0,0.0,0.0,0.0,0.1472261507082746,0.0,0.0,0.0,0.13470046533123642,0.0,0.0,0.0,0.0,0.0,0.0,0.0,0.0,0.0,0.0,0.0,0.0,0.0,0.0,0.0,0.0,0.0,0.0,0.0,0.0,0.0,0.0,0.0,0.0,0.35323917084016654,0.0,0.0,0.0,0.0,0.0,0.0,0.0,0.0,0.0,0.0,0.0,0.0,0.0,0.0,0.17445779351971208,0.0,0.0,0.0,0.0,0.24474881044334365,0.0,0.0,0.0,0.0,0.0,0.0,0.0,0.0,0.22232881674582936,0.0,0.0,0.0,0.0,0.0,0.0,0.0,0.0,0.29940512996243546,0.23926738617315668,0.0,0.16026916664004395,0.0,0.0,0.0,0.0,0.0,0.0,0.0,0.0,0.0,0.0,0.0,0.0,0.0,0.0,0.0
e56bedd1e87902a99a32f20b082af4677606f8efa1bd1e5913ee0e9615980171,0.0,0.0,0.0,0.0,0.0,0.0,0.0,0.0,0.0,0.0,0.0,0.0,0.13658625751617098,0.0,0.0,0.0,0.0,0.0,0.0,0.0,0.0,0.19968505245128984,0.0,0.0,0.0,0.0,0.0,0.0,0.0,0.0,0.0,0.5809197000549713,0.0,0.0,0.0,0.0,0.0,0.0,0.0,0.0,0.0,0.0,0.0,0.0,0.0,0.0,0.0,0.0,0.0,0.0,0.0,0.0,0.0,0.0,0.0,0.0,0.0,0.0,0.0,0.0,0.19819865948316065,0.0,0.0,0.0,0.0,0.0,0.0,0.0,0.0,0.0,0.0,0.0,0.0,0.0,0.0,0.0,0.0,0.0,0.0,0.11866848129727638,0.0,0.0,0.0,0.0,0.0,0.0,0.0,0.0,0.0,0.0,0.0,0.0,0.0,0.0,0.0,0.0,0.0,0.0,0.0,0.0,0.0,0.0,0.0,0.0,0.0,0.0,0.0,0.0,0.0,0.0,0.0,0.0,0.0,0.0,0.27426154561118626,0.0,0.0,0.157862847779699,0.0,0.15369391157297813,0.0,0.0,0.0,0.0,0.0,0.0,0.0,0.0,0.0,0.0,0.0,0.0,0.0,0.0,0.0,0.0,0.0,0.0,0.0,0.0,0.0,0.0,0.0,0.21078989795110328,0.0,0.1411940081809334,0.0,0.0,0.0,0.0,0.0,0.0,0.0,0.0,0.20491844550892727,0.0,0.0,0.0,0.0,0.0,0.566141208710323
efd8049d67d1bcdb6c0aba4da7ca6d4feacc65eb874447cc2c69d12dd4a83675,0.0,0.0,0.0,0.0,0.0,0.0,0.0,0.0,0.0,0.0,0.0,0.0,0.36810692077487056,0.0,0.0,0.0,0.0,0.0,0.0,0.0,0.0,0.0,0.0,0.0,0.0,0.0,0.0,0.0,0.0,0.0,0.0,0.0,0.0,0.0,0.0,0.0,0.0,0.0,0.0,0.0,0.0,0.0,0.0,0.0,0.0,0.0,0.0,0.0,0.0,0.0,0.0,0.0,0.0,0.0,0.0,0.0,0.0,0.0,0.0,0.0,0.0,0.0,0.0,0.0,0.0,0.0,0.0,0.0,0.0,0.0,0.0,0.0,0.0,0.0,0.0,0.0,0.0,0.0,0.0,0.0,0.0,0.0,0.0,0.0,0.0,0.0,0.0,0.0,0.0,0.0,0.0,0.0,0.0,0.0,0.0,0.0,0.0,0.0,0.0,0.0,0.0,0.0,0.4930804168520932,0.0,0.0,0.0,0.0,0.0,0.0,0.0,0.0,0.0,0.0,0.0,0.0,0.0,0.0,0.0,0.0,0.41421291980473207,0.0,0.0,0.0,0.0,0.0,0.0,0.0,0.0,0.0,0.0,0.0,0.0,0.0,0.0,0.0,0.0,0.0,0.0,0.0,0.0,0.0,0.0,0.0,0.0,0.0,0.38052504350367605,0.0,0.0,0.0,0.0,0.0,0.0,0.0,0.0,0.5522656477891535,0.0,0.0,0.0,0.0,0.0,0.0
ef14393974b607435db89dcd21cbfeb50d14988fec8570cf13b2dbfbd719e062,0.0,0.0,0.0,0.0,0.0,0.0,0.0,0.0,0.0,0.0,0.0,0.0,0.2183907431490183,0.0,0.0,0.0,0.0,0.0,0.0,0.0,0.0,0.0,0.0,0.0,0.0,0.0,0.0,0.0,0.0,0.0,0.0,0.0,0.0,0.0,0.0,0.0,0.0,0.0,0.0,0.0,0.0,0.0,0.0,0.0,0.0,0.0,0.0,0.45618709540796365,0.0,0.0,0.0,0.0,0.0,0.0,0.0,0.0,0.0,0.0,0.0,0.0,0.316904155094388,0.0,0.0,0.0,0.42174772270423955,0.0,0.0,0.35712179295471835,0.0,0.0,0.0,0.0,0.0,0.0,0.0,0.20738553742053895,0.0,0.0,0.0,0.0,0.0,0.0,0.0,0.0,0.0,0.0,0.0,0.0,0.0,0.0,0.0,0.0,0.0,0.0,0.0,0.0,0.0,0.0,0.0,0.26702037889154717,0.0,0.0,0.0,0.0,0.0,0.0,0.0,0.0,0.0,0.0,0.0,0.0,0.0,0.0,0.0,0.0,0.27256991935035263,0.2524103469058524,0.0,0.0,0.29334189801354754,0.0,0.0,0.0,0.0,0.0,0.0,0.0,0.0,0.0,0.0,0.0,0.0,0.0,0.0,0.0,0.0,0.0,0.0,0.0,0.0,0.0,0.0,0.0,0.0,0.0,0.0,0.0,0.0,0.0,0.0,0.0,0.0,0.0,0.0,0.0,0.0,0.0,0.0,0.0,0.0
ef25f37fb988e1e041e5dbbd6f30aac3918e540fc253964b054fc1ec6e45b6a2,0.0,0.0,0.0,0.0,0.0,0.0,0.0,0.0,0.0,0.0,0.0,0.0,0.1656806963474401,0.0,0.0,0.0,0.0,0.0,0.0,0.0,0.0,0.0,0.0,0.0,0.0,0.0,0.0,0.0,0.0,0.0,0.0,0.0,0.0,0.0,0.0,0.0,0.0,0.0,0.0,0.0,0.0,0.0,0.0,0.0,0.0,0.0,0.0,0.34608333000787844,0.0,0.0,0.0,0.0,0.0,0.0,0.0,0.0,0.0,0.0,0.0,0.0,0.0,0.0,0.0,0.0,0.0,0.0,0.0,0.0,0.0,0.0,0.0,0.0,0.0,0.0,0.0,0.15733166963389877,0.0,0.0,0.0,0.0,0.0,0.0,0.0,0.0,0.0,0.0,0.0,0.0,0.3451989764995451,0.0,0.0,0.0,0.0,0.0,0.0,0.0,0.0,0.0,0.0,0.20257324864507517,0.0,0.0,0.0,0.0,0.0,0.0,0.0,0.7046622564913501,0.0,0.0,0.0,0.0,0.0,0.0,0.0,0.0,0.20678337089826884,0.0,0.21032000611028728,0.18643247685996597,0.22254189545754466,0.0,0.0,0.0,0.0,0.0,0.0,0.0,0.0,0.0,0.0,0.0,0.0,0.0,0.0,0.0,0.0,0.0,0.0,0.0,0.0,0.0,0.0,0.0,0.0,0.0,0.0,0.0,0.0,0.0,0.0,0.0,0.0,0.0,0.0,0.0,0.0,0.0,0.0,0.0,0.0
2a6693166d2db53f60f7b18d49329204dc685a0c12c5cb8be1b62ced46980041,0.0,0.0,0.0,0.0,0.0,0.0,0.0,0.0,0.0,0.0,0.0,0.0,0.36810692077487056,0.0,0.0,0.0,0.0,0.0,0.0,0.0,0.0,0.0,0.0,0.0,0.0,0.0,0.0,0.0,0.0,0.0,0.0,0.0,0.0,0.0,0.0,0.0,0.0,0.0,0.0,0.0,0.0,0.0,0.0,0.0,0.0,0.0,0.0,0.0,0.0,0.0,0.0,0.0,0.0,0.0,0.0,0.0,0.0,0.0,0.0,0.0,0.0,0.0,0.0,0.0,0.0,0.0,0.0,0.0,0.0,0.0,0.0,0.0,0.0,0.0,0.0,0.0,0.0,0.0,0.0,0.0,0.0,0.0,0.0,0.0,0.0,0.0,0.0,0.0,0.0,0.0,0.0,0.0,0.0,0.0,0.0,0.0,0.0,0.0,0.0,0.0,0.0,0.0,0.4930804168520932,0.0,0.0,0.0,0.0,0.0,0.0,0.0,0.0,0.0,0.0,0.0,0.0,0.0,0.0,0.0,0.0,0.41421291980473207,0.0,0.0,0.0,0.0,0.0,0.0,0.0,0.0,0.0,0.0,0.0,0.0,0.0,0.0,0.0,0.0,0.0,0.0,0.0,0.0,0.0,0.0,0.0,0.0,0.0,0.38052504350367605,0.0,0.0,0.0,0.0,0.0,0.0,0.0,0.0,0.5522656477891535,0.0,0.0,0.0,0.0,0.0,0.0
ef9b97d49e19b228a9ce665014ffbf2ca16df1ec49c673feb9f70a1af0c519a9,0.0,0.0,0.0,0.0,0.0,0.0,0.0,0.0,0.0,0.0,0.0,0.0,0.19866581206951162,0.0,0.0,0.0,0.0,0.0,0.0,0.0,0.0,0.2904435177066167,0.0,0.0,0.0,0.0,0.4171298687189267,0.0,0.0,0.0,0.0,0.0,0.0,0.0,0.0,0.0,0.0,0.0,0.0,0.0,0.0,0.0,0.0,0.0,0.3853666963137404,0.0,0.0,0.0,0.0,0.0,0.0,0.0,0.0,0.0,0.0,0.0,0.0,0.0,0.38365570175441566,0.0,0.0,0.0,0.0,0.0,0.0,0.0,0.0,0.0,0.0,0.0,0.0,0.0,0.0,0.0,0.0,0.0,0.0,0.0,0.0,0.17260426219078356,0.0,0.0,0.0,0.0,0.0,0.0,0.0,0.0,0.0,0.0,0.0,0.0,0.0,0.0,0.0,0.0,0.0,0.0,0.0,0.0,0.0,0.0,0.0,0.0,0.0,0.0,0.0,0.0,0.0,0.0,0.0,0.0,0.0,0.0,0.0,0.0,0.0,0.0,0.0,0.2235490327361111,0.0,0.0,0.0,0.0,0.31361946482339975,0.0,0.0,0.0,0.0,0.0,0.0,0.0,0.0,0.284890637042698,0.0,0.0,0.0,0.0,0.0,0.0,0.0,0.0,0.38365570175441566,0.0,0.0,0.0,0.0,0.0,0.0,0.0,0.0,0.0,0.0,0.0,0.0,0.0,0.0,0.0,0.0,0.0,0.0
ed01ebfbc9eb5bbea545af4d01bf5f1071661840480439c6e5babe8e080e41aa,0.0,0.15728065621480414,0.1852222101864745,0.0,0.20436428464717707,0.0,0.0,0.0,0.0,0.0,0.0,0.0,0.0,0.0,0.0,0.0,0.0,0.14393425013897757,0.0,0.0,0.0,0.10750790524832035,0.0,0.0,0.0,0.0,0.0,0.0,0.0,0.0,0.0,0.0,0.0,0.0,0.0,0.0,0.0,0.0,0.0,0.0,0.0,0.21232083736702137,0.0,0.0,0.0,0.0,0.0,0.15360686241339666,0.0,0.0,0.0,0.0,0.2111063007631078,0.0,0.0,0.20542855790148917,0.0,0.0,0.0,0.0,0.0,0.0,0.0,0.14908290948534697,0.0,0.0,0.27698272932540835,0.12024969287253391,0.0,0.0,0.0,0.0,0.0,0.0,0.0,0.0,0.0,0.0,0.0,0.06388960859442265,0.0,0.0,0.0,0.0,0.23143783753812025,0.2161459517814541,0.0,0.0,0.15321434779075863,0.0,0.0,0.0,0.0,0.0,0.0,0.0,0.0,0.0,0.0,0.08991083486324088,0.0,0.0,0.0,0.0,0.0,0.0,0.11763314627645986,0.0,0.0,0.0,0.0,0.0,0.0,0.0,0.0,0.0,0.09177947057497879,0.08499135950834297,0.09334918339069437,0.08274685701205439,0.09877379045094539,0.0,0.16123611267863833,0.22027739008686575,0.0,0.0,0.13333950682951884,0.0,0.0,0.0,0.3485369007493275,0.0,0.0,0.0,0.0,0.0,0.0,0.23143783753812025,0.0,0.0,0.0,0.0,0.0,0.0,0.22027739008686575,0.07601706721062239,0.0,0.1701919527734154,0.0,0.0,0.0,0.2111063007631078,0.0,0.0,0.11032549784256297,0.0,0.0,0.0,0.0,0.0,0.0
ec9b16f63e7f1334124c7ecd51e4777a5b3de1f9985736ed197a75dafed18025,0.0,0.0,0.0,0.0,0.0,0.0,0.0,0.0,0.0,0.0,0.2133369715027729,0.0,0.13889819693550157,0.0,0.0,0.0,0.0,0.0,0.0,0.0,0.0,0.20306503922747465,0.0,0.0,0.0,0.0,0.0,0.0,0.0,0.0,0.0,0.0,0.0,0.0,0.0,0.0,0.0,0.0,0.0,0.0,0.0,0.0,0.0,0.2404854520330795,0.2694310546911864,0.0,0.0,0.0,0.0,0.0,0.0,0.0,0.0,0.0,0.0,0.0,0.0,0.0,0.0,0.0,0.0,0.0,0.0,0.0,0.0,0.0,0.0,0.22713221454600316,0.0,0.0,0.0,0.4405697951483673,0.0,0.0,0.0,0.13189880121685155,0.28159349577933496,0.22443992394963802,0.0,0.12067713388599516,0.0,0.0,0.0,0.0,0.0,0.0,0.0,0.0,0.0,0.0,0.0,0.0,0.0,0.0,0.0,0.0,0.0,0.0,0.0,0.16982702031359925,0.0,0.0,0.0,0.0,0.0,0.0,0.0,0.0,0.0,0.0,0.0,0.0,0.0,0.0,0.0,0.0,0.17335657084506445,0.16053492729389507,0.1763215043889085,0.0,0.18656770947437798,0.0,0.0,0.0,0.21926861866200448,0.0,0.0,0.0,0.0,0.0,0.0,0.0,0.0,0.19918271491620138,0.0,0.0,0.0,0.0,0.0,0.0,0.0,0.0,0.2682348042806049,0.21435785188096423,0.0,0.0,0.0,0.0,0.0,0.0,0.0,0.0,0.0,0.0,0.0,0.0,0.0,0.0,0.0,0.0,0.0
eb5741230e639ea52f1bb8cb9ea0d760ff6f2095878320f9a259871482638b72,0.0,0.0,0.0,0.0,0.0,0.0,0.0,0.0,0.0,0.0,0.35905698196629465,0.0,0.233772735409685,0.0,0.0,0.0,0.0,0.0,0.0,0.0,0.0,0.3417687971019903,0.0,0.0,0.0,0.0,0.0,0.0,0.0,0.0,0.0,0.0,0.0,0.0,0.0,0.0,0.0,0.0,0.0,0.0,0.0,0.0,0.0,0.0,0.0,0.0,0.0,0.488317882042053,0.0,0.0,0.0,0.0,0.0,0.0,0.0,0.0,0.0,0.0,0.0,0.0,0.0,0.0,0.0,0.0,0.0,0.0,0.0,0.0,0.0,0.0,0.0,0.0,0.0,0.0,0.0,0.2219923961434851,0.0,0.0,0.0,0.20310575883882695,0.0,0.0,0.0,0.0,0.0,0.0,0.0,0.0,0.0,0.0,0.0,0.0,0.0,0.0,0.0,0.0,0.0,0.0,0.0,0.2858275194430469,0.0,0.0,0.0,0.0,0.0,0.0,0.0,0.0,0.0,0.0,0.0,0.0,0.0,0.0,0.0,0.0,0.2917679326428703,0.0,0.0,0.0,0.0,0.0,0.0,0.0,0.0,0.0,0.0,0.0,0.0,0.0,0.0,0.0,0.0,0.0,0.0,0.0,0.0,0.0,0.0,0.0,0.0,0.0,0.45145282885044563,0.0,0.0,0.0,0.0,0.0,0.0,0.0,0.0,0.0,0.0,0.0,0.0,0.0,0.0,0.0,0.0,0.0,0.0
eb84360ca4e33b8bb60df47ab5ce962501ef3420bc7aab90655fd507d2ffcedd,0.0,0.0,0.0,0.0,0.0,0.0,0.0,0.0,0.0,0.0,0.0,0.0,0.0,0.0,0.0,0.0,0.0,0.0,0.0,0.0,0.0,0.0,0.0,0.0,0.0,0.0,0.47356721208754593,0.0,0.0,0.0,0.0,0.0,0.0,0.0,0.0,0.0,0.0,0.0,0.0,0.0,0.0,0.0,0.0,0.0,0.43750650742217023,0.0,0.0,0.0,0.0,0.0,0.0,0.0,0.0,0.0,0.0,0.0,0.0,0.0,0.43556401664383093,0.0,0.0,0.0,0.0,0.0,0.0,0.0,0.0,0.0,0.0,0.0,0.0,0.0,0.0,0.0,0.0,0.0,0.0,0.36444918113040264,0.0,0.195957483196188,0.0,0.0,0.0,0.0,0.0,0.0,0.0,0.0,0.0,0.0,0.0,0.0,0.0,0.0,0.0,0.0,0.0,0.0,0.0,0.0,0.0,0.0,0.0,0.0,0.0,0.0,0.0,0.0,0.0,0.0,0.0,0.0,0.0,0.0,0.0,0.0,0.0,0.0,0.0,0.25379504115310114,0.0,0.0,0.0,0.0,0.0,0.0,0.0,0.0,0.0,0.0,0.0,0.0,0.0,0.3234361163071367,0.0,0.0,0.0,0.0,0.0,0.0,0.0,0.0,0.0,0.0,0.0,0.23315392750503422,0.0,0.0,0.0,0.0,0.0,0.0,0.0,0.0,0.0,0.0,0.0,0.0,0.0,0.0,0.0
eb3414abcb87814b1f26bed72e45682051e7b4cd712d30038ef5d45ea8ec3187,0.3322951743037073,0.0,0.0,0.0,0.0,0.0,0.0,0.0,0.0,0.0,0.13550106545374072,0.0,0.08822124708055742,0.0,0.0,0.0,0.0,0.0,0.0,0.0,0.0,0.12897684343180443,0.0,0.0,0.0,0.0,0.0,0.0,0.0,0.0,0.0,0.0,0.41813845385899856,0.0,0.0,0.0,0.0,0.0,0.0,0.0,0.0,0.0,0.0,0.15274443406159996,0.0,0.0,0.41813845385899856,0.184281594900231,0.217186888912924,0.0,0.0,0.0,0.0,0.0,0.0,0.0,0.0,0.0,0.1703694465885167,0.0,0.0,0.0,0.0,0.0,0.0,0.0,0.0,0.0,0.0,0.0,0.0,0.0,0.0,0.0,0.0,0.08377557800253219,0.17885422500453643,0.14255311028045226,0.0,0.07664813136828243,0.0,0.0,0.0,0.0,0.0,0.0,0.0,0.0,0.0,0.0,0.0,0.0,0.0,0.0,0.0,0.0,0.0,0.0,0.0,0.10786570200762255,0.0,0.0,0.0,0.0,0.0,0.0,0.0,0.0,0.0,0.0,0.0,0.0,0.0,0.0,0.0,0.0,0.11010749748365956,0.1019638252930709,0.0,0.0,0.11849855763380229,0.0,0.0,0.0,0.13926855359379378,0.0,0.0,0.0,0.0,0.0,0.0,0.0,0.0,0.12651098354399945,0.0,0.0,0.0,0.0,0.0,0.0,0.0,0.0,0.0,0.1361494780470729,0.0,0.0,0.18868903197967563,0.0,0.0,0.0,0.0,0.2532634622365704,0.0,0.0,0.0,0.0,0.3107270356993695,0.0,0.0,0.0,0.0
d4169a35ad389cc7a7313bff271319fe5db7ff5894bd3a006cccfa34a308b1c7,0.0,0.22785065188090978,0.0,0.0,0.0,0.0,0.0,0.0,0.0,0.0,0.0,0.28607539027188433,0.10653119816321385,0.0,0.0,0.0,0.0,0.0,0.0,0.0,0.0,0.0,0.34943180208772334,0.0,0.3797503188304838,0.0,0.0,0.0,0.0,0.0,0.0,0.0,0.0,0.0,0.0,0.0,0.0,0.0,0.0,0.0,0.0,0.0,0.0,0.0,0.2066464051506648,0.0,0.0,0.2225284696579191,0.0,0.0,0.0,0.0,0.0,0.0,0.0,0.0,0.32792047212170666,0.0,0.0,0.0,0.0,0.0,0.0,0.0,0.0,0.0,0.0,0.0,0.0,0.0,0.0,0.0,0.0,0.0,0.0,0.10116284905014,0.0,0.0,0.0,0.0925561306583941,0.0,0.0,0.0,0.0,0.0,0.0,0.0,0.0,0.0,0.0,0.0,0.0,0.0,0.0,0.0,0.0,0.0,0.0,0.0,0.13025277760011011,0.0,0.0,0.1426988862026752,0.0,0.0,0.0,0.17041376674629466,0.0,0.0,0.0,0.0,0.0,0.0,0.0,0.0,0.0,0.13295984835689756,0.12312599104223429,0.0,0.11987440645939004,0.14309243796808324,0.0,0.0,0.0,0.0,0.0,0.19316738805496675,0.0,0.0,0.0,0.0,0.0,0.0,0.0,0.0,0.0,0.0,0.0,0.0,0.0,0.0,0.0,0.20572891311438113,0.0,0.0,0.11012503848127342,0.0,0.0,0.0,0.0,0.0,0.0,0.0,0.0,0.0,0.3797503188304838,0.0,0.0,0.0,0.0,0.0
ea6708c3be6f8f4ad01b29bf906dcee23b87183c26a497d867026e302d595be2,0.0,0.0,0.0,0.0,0.0,0.0,0.0,0.0,0.0,0.0,0.0,0.0,0.23408527999966008,0.0,0.0,0.0,0.0,0.0,0.0,0.0,0.0,0.0,0.0,0.0,0.0,0.0,0.0,0.0,0.0,0.0,0.0,0.0,0.0,0.0,0.0,0.0,0.0,0.0,0.0,0.0,0.0,0.0,0.0,0.0,0.0,0.0,0.0,0.0,0.5762812858110377,0.570001335314132,0.0,0.0,0.0,0.0,0.0,0.0,0.0,0.0,0.0,0.0,0.0,0.0,0.0,0.0,0.0,0.0,0.0,0.0,0.0,0.0,0.0,0.0,0.0,0.0,0.0,0.22228919090147373,0.0,0.0,0.0,0.0,0.0,0.0,0.0,0.0,0.0,0.0,0.0,0.0,0.0,0.0,0.0,0.0,0.0,0.0,0.0,0.0,0.0,0.0,0.0,0.2862096591511329,0.0,0.0,0.3135579934172509,0.0,0.0,0.0,0.0,0.0,0.0,0.0,0.0,0.0,0.0,0.0,0.0,0.0,0.0,0.0,0.0,0.0,0.0,0.0,0.0,0.0,0.0,0.0,0.0,0.0,0.0,0.0,0.0,0.0,0.0,0.0,0.0,0.0,0.0,0.0,0.0,0.0,0.0,0.0,0.0,0.0,0.0,0.24198216965857633,0.0,0.0,0.0,0.0,0.0,0.0,0.0,0.0,0.0,0.0,0.0,0.0,0.0,0.0,0.0
e222690e07d25744be76a045355534b3a6c8e8a606fdfec66885f926f1ebaadd,0.0,0.0,0.0,0.0,0.0,0.0,0.2870731128485516,0.0,0.0,0.0,0.0,0.0,0.10789234917025244,0.0,0.0,0.0,0.27844410725036933,0.21118008004809144,0.0,0.0,0.0,0.0,0.0,0.0,0.0,0.28450574630575853,0.0,0.0,0.0,0.0,0.0,0.0,0.0,0.0,0.0,0.0,0.0,0.0,0.0,0.0,0.0,0.0,0.0,0.18680257147734955,0.0,0.0,0.0,0.2253717198587248,0.26561406043599495,0.0,0.0,0.0,0.0,0.0,0.0,0.0,0.0,0.0,0.0,0.0,0.15656127756118787,0.28577855038443417,0.0,0.0,0.0,0.0,0.0,0.0,0.0,0.0,0.0,0.0,0.0,0.0,0.0,0.10245540856541482,0.21873418403554956,0.1743388407969315,0.0,0.0,0.0,0.0,0.0,0.0,0.0,0.0,0.0,0.0,0.22479582309093873,0.0,0.0,0.0,0.0,0.0,0.0,0.0,0.0,0.0,0.0,0.0,0.0,0.0,0.0,0.0,0.0,0.0,0.0,0.0,0.0,0.0,0.0,0.0,0.0,0.0,0.21664494643285662,0.2465820037011876,0.1346586786958694,0.12469917401200617,0.13696175859349802,0.12140604387531741,0.1449207325841023,0.0,0.0,0.0,0.1703219112177922,0.0,0.0,0.0,0.0,0.0,0.0,0.0,0.27614908131449833,0.0,0.0,0.0,0.0,0.0,0.0,0.0,0.0,0.0,0.0,0.0,0.0,0.0,0.0,0.0,0.0,0.0,0.0,0.0,0.0,0.0,0.0,0.0,0.0,0.0,0.0,0.0,0.0
e24033a0af118f6a215d79fc956b3e5faddada5590c898dd04e4a7a8ddfa3e99,0.0,0.0,0.0,0.0,0.0,0.0,0.0,0.0,0.0,0.0,0.0,0.0,0.23408527999966008,0.0,0.0,0.0,0.0,0.0,0.0,0.0,0.0,0.0,0.0,0.0,0.0,0.0,0.0,0.0,0.0,0.0,0.0,0.0,0.0,0.0,0.0,0.0,0.0,0.0,0.0,0.0,0.0,0.0,0.0,0.0,0.0,0.0,0.0,0.0,0.5762812858110377,0.570001335314132,0.0,0.0,0.0,0.0,0.0,0.0,0.0,0.0,0.0,0.0,0.0,0.0,0.0,0.0,0.0,0.0,0.0,0.0,0.0,0.0,0.0,0.0,0.0,0.0,0.0,0.22228919090147373,0.0,0.0,0.0,0.0,0.0,0.0,0.0,0.0,0.0,0.0,0.0,0.0,0.0,0.0,0.0,0.0,0.0,0.0,0.0,0.0,0.0,0.0,0.0,0.2862096591511329,0.0,0.0,0.3135579934172509,0.0,0.0,0.0,0.0,0.0,0.0,0.0,0.0,0.0,0.0,0.0,0.0,0.0,0.0,0.0,0.0,0.0,0.0,0.0,0.0,0.0,0.0,0.0,0.0,0.0,0.0,0.0,0.0,0.0,0.0,0.0,0.0,0.0,0.0,0.0,0.0,0.0,0.0,0.0,0.0,0.0,0.0,0.24198216965857633,0.0,0.0,0.0,0.0,0.0,0.0,0.0,0.0,0.0,0.0,0.0,0.0,0.0,0.0,0.0
e6986e80395ec6fb4fc2450dd4de5ea81ba8d489a1464a1108a98f6541967af6,0.0,0.0,0.0,0.0,0.0,0.0,0.0,0.0,0.0,0.0,0.25241254747296493,0.0,0.16433929609540665,0.0,0.0,0.0,0.0,0.0,0.0,0.0,0.0,0.24025917070561872,0.0,0.0,0.0,0.0,0.34505599273242044,0.0,0.0,0.0,0.0,0.0,0.0,0.0,0.0,0.0,0.0,0.0,0.0,0.0,0.0,0.0,0.0,0.0,0.3187810270478418,0.0,0.0,0.0,0.0,0.0,0.0,0.0,0.0,0.0,0.0,0.0,0.0,0.0,0.31736566705925895,0.0,0.0,0.0,0.0,0.0,0.0,0.0,0.0,0.0,0.0,0.0,0.0,0.0,0.0,0.0,0.0,0.1560578655882109,0.0,0.2655491570903373,0.0,0.14278079683672731,0.0,0.0,0.0,0.0,0.0,0.0,0.0,0.0,0.0,0.0,0.0,0.0,0.0,0.0,0.0,0.0,0.0,0.0,0.0,0.0,0.0,0.0,0.0,0.0,0.3744290724050528,0.0,0.0,0.0,0.0,0.0,0.0,0.0,0.0,0.0,0.0,0.0,0.0,0.0,0.0,0.18492306401368755,0.0,0.0,0.0,0.0,0.25943065670938,0.0,0.29798775503215286,0.0,0.0,0.0,0.0,0.0,0.0,0.23566574574686996,0.0,0.0,0.0,0.0,0.0,0.0,0.0,0.0,0.0,0.0,0.0,0.16988329821246106,0.0,0.0,0.0,0.0,0.0,0.0,0.0,0.0,0.0,0.0,0.0,0.0,0.0,0.0,0.0
e248b01e3ccde76b4d8e8077d4fcb4d0b70e5200bf4e738b45a0bd28fbc2cae6,0.0,0.0,0.0,0.0,0.0,0.0,0.0,0.0,0.0,0.0,0.18768495925530274,0.0,0.12219683371729025,0.0,0.0,0.0,0.0,0.0,0.0,0.0,0.0,0.1786481421626896,0.0,0.0,0.0,0.0,0.0,0.0,0.0,0.0,0.0,0.0,0.0,0.0,0.0,0.0,0.0,0.0,0.0,0.0,0.0,0.0,0.22381262071438549,0.0,0.0,0.0,0.0,0.0,0.0,0.0,0.0,0.0,0.0,0.0,0.0,0.0,0.0,0.0,0.0,0.0,0.0,0.0,0.0,0.0,0.235981780174493,0.0,0.0,0.0,0.0,0.0,0.0,0.0,0.0,0.0,0.0,0.11603905763650674,0.0,0.0,0.0,0.10616670329992627,0.0,0.0,0.0,0.0,0.0,0.0,0.0,0.0,0.0,0.0,0.0,0.0,0.0,0.0,0.0,0.0,0.0,0.0,0.0,0.0,0.0,0.0,0.0,0.0,0.27841209124467164,0.0,0.0,0.0,0.40081647959903544,0.0,0.0,0.0,0.0,0.0,0.0,0.0,0.0,0.14123192560561898,0.1551202969366041,0.1375021887075248,0.0,0.0,0.0,0.0,0.0,0.0,0.0,0.0,0.3395964203032005,0.0,0.0,0.0,0.0,0.0,0.0,0.0,0.0,0.0,0.0,0.0,0.0,0.0,0.0,0.18858308718332054,0.0,0.0,0.0,0.0,0.0,0.0,0.0,0.0,0.579171081886389,0.0,0.0,0.0,0.0,0.0,0.0,0.0,0.0
e54c15ea5da3277ce9ce7c4242db9b7e1248acc7fed2b84be6dd4d9abaa2e92d,0.0,0.0,0.0,0.0,0.0,0.0,0.0,0.0,0.0,0.0,0.23740355132327703,0.0,0.15456732601296624,0.0,0.0,0.0,0.0,0.0,0.0,0.0,0.0,0.2259728406315004,0.0,0.0,0.0,0.0,0.0,0.0,0.0,0.0,0.0,0.0,0.0,0.0,0.0,0.0,0.0,0.0,0.0,0.0,0.0,0.0,0.0,0.2676146565317423,0.0,0.0,0.0,0.0,0.0,0.0,0.0,0.0,0.0,0.0,0.0,0.0,0.0,0.0,0.0,0.0,0.0,0.0,0.0,0.0,0.0,0.0,0.0,0.0,0.0,0.0,0.0,0.0,0.5382056056159119,0.0,0.0,0.14677832728002577,0.31336010564245503,0.2497590297126615,0.0,0.13429074176051783,0.0,0.0,0.0,0.0,0.0,0.0,0.0,0.0,0.0,0.0,0.0,0.0,0.0,0.0,0.0,0.0,0.0,0.0,0.0,0.18898523518496058,0.0,0.0,0.0,0.0,0.0,0.0,0.0,0.0,0.0,0.0,0.0,0.0,0.0,0.0,0.0,0.0,0.19291295490856183,0.0,0.19621236310671814,0.1739271385592796,0.0,0.0,0.0,0.0,0.24400434860130488,0.0,0.0,0.0,0.0,0.0,0.0,0.0,0.0,0.22165255065835343,0.0,0.0,0.0,0.0,0.0,0.0,0.0,0.0,0.0,0.23853959738951513,0.0,0.0,0.0,0.0,0.0,0.0,0.0,0.0,0.0,0.0,0.0,0.0,0.0,0.0,0.0,0.0,0.0
2c2bd6f198033a90b270b4434a2fddd3b7a3a8b29416a75872e39a2181b16b48,0.0,0.0,0.0,0.0,0.0,0.0,0.0,0.0,0.0,0.0,0.0,0.0,0.0,0.0,0.0,0.0,0.0,0.0,0.0,0.0,0.0,0.0,0.0,0.0,0.0,0.0,0.4565263199052297,0.0,0.0,0.0,0.0,0.0,0.0,0.0,0.0,0.0,0.0,0.0,0.0,0.0,0.0,0.0,0.0,0.0,0.4217632274151399,0.0,0.0,0.0,0.0,0.0,0.0,0.0,0.0,0.0,0.0,0.0,0.0,0.0,0.4198906354285115,0.0,0.0,0.0,0.0,0.0,0.0,0.0,0.0,0.0,0.0,0.0,0.0,0.0,0.0,0.0,0.0,0.0,0.0,0.3513348036079391,0.0,0.18890612858752692,0.0,0.0,0.0,0.0,0.0,0.0,0.0,0.0,0.0,0.0,0.0,0.0,0.0,0.0,0.0,0.0,0.0,0.0,0.0,0.2658446045570232,0.0,0.0,0.0,0.0,0.0,0.0,0.0,0.0,0.0,0.0,0.0,0.0,0.0,0.0,0.0,0.0,0.0,0.0,0.0,0.24466245379843224,0.0,0.0,0.0,0.0,0.0,0.0,0.0,0.0,0.0,0.0,0.0,0.0,0.0,0.31179755720681174,0.0,0.0,0.0,0.0,0.0,0.0,0.0,0.0,0.0,0.0,0.0,0.22476409214674853,0.0,0.0,0.0,0.0,0.0,0.0,0.0,0.0,0.0,0.0,0.0,0.0,0.0,0.0,0.0
e7fd6d23b75d0d2732db9a9e937bb7e7ed595ee3e52240f7b6dc3c03a9314270,0.0,0.0,0.0,0.0,0.0,0.0,0.0,0.0,0.0,0.0,0.24015369027985953,0.0,0.15635787051962446,0.0,0.0,0.0,0.0,0.0,0.0,0.0,0.0,0.22859056352859408,0.0,0.0,0.0,0.0,0.328297744456411,0.0,0.0,0.0,0.0,0.0,0.0,0.0,0.0,0.0,0.0,0.0,0.0,0.0,0.0,0.0,0.0,0.0,0.3032988684722285,0.0,0.0,0.0,0.0,0.0,0.0,0.0,0.0,0.0,0.0,0.0,0.0,0.0,0.3019522479189494,0.0,0.0,0.0,0.0,0.0,0.0,0.0,0.0,0.0,0.0,0.0,0.0,0.0,0.0,0.0,0.0,0.14847864218089743,0.0,0.2526522974567304,0.0,0.1358463975136243,0.0,0.0,0.0,0.0,0.0,0.0,0.0,0.0,0.0,0.0,0.0,0.0,0.0,0.0,0.0,0.0,0.0,0.0,0.0,0.19117448490175748,0.0,0.0,0.0,0.0,0.35624426909985224,0.0,0.0,0.0,0.0,0.0,0.0,0.0,0.0,0.0,0.0,0.0,0.0,0.0,0.0,0.17594195171895072,0.0,0.0,0.0,0.0,0.24683095275664965,0.0,0.28351545810870254,0.0,0.0,0.0,0.0,0.0,0.0,0.22422022629333727,0.0,0.0,0.0,0.0,0.0,0.0,0.0,0.0,0.0,0.24130289657274892,0.0,0.16163261846959545,0.0,0.0,0.0,0.0,0.0,0.0,0.0,0.0,0.0,0.0,0.0,0.0,0.0,0.0,0.0
e7f78e22526692e61b0df20f2f6a7d22918d6b8ed0d8489db583a0e60952ff67,0.0,0.0,0.0,0.0,0.0,0.0,0.0,0.0,0.0,0.0,0.0,0.0,0.0,0.0,0.0,0.0,0.0,0.0,0.0,0.500645915979166,0.4347443026857709,0.0,0.0,0.0,0.0,0.0,0.0,0.0,0.0,0.0,0.0,0.0,0.0,0.0,0.0,0.0,0.0,0.0,0.0,0.0,0.0,0.0,0.0,0.0,0.0,0.0,0.0,0.3216357127915406,0.0,0.0,0.0,0.0,0.0,0.0,0.0,0.0,0.0,0.0,0.0,0.0,0.0,0.0,0.0,0.0,0.0,0.0,0.0,0.0,0.0,0.0,0.0,0.0,0.0,0.0,0.0,0.14621762829845125,0.0,0.0,0.0,0.13377774584664318,0.0,0.0,0.0,0.0,0.0,0.0,0.0,0.0,0.0,0.0,0.0,0.0,0.0,0.0,0.0,0.0,0.0,0.0,0.0,0.1882633041556018,0.0,0.0,0.20625252152639806,0.0,0.0,0.0,0.0,0.0,0.0,0.0,0.0,0.0,0.0,0.0,0.0,0.0,0.0,0.0,0.0,0.0,0.2068213489792717,0.0,0.0,0.0,0.0,0.0,0.0,0.0,0.42791611864793505,0.0,0.0,0.0,0.0,0.0,0.0,0.0,0.0,0.0,0.0,0.0,0.0,0.0,0.297354157484173,0.0,0.0,0.15917129750889705,0.0,0.0,0.0,0.0,0.0,0.0,0.0,0.0,0.0,0.0,0.0,0.0,0.0,0.0,0.0
e5fe74a699fdee524980b0ccdfe82a6a98abd5c011ba909822455b831720b686,0.0,0.0,0.0,0.0,0.0,0.0,0.0,0.0,0.0,0.0,0.20222741784327558,0.0,0.1316650532324078,0.0,0.0,0.0,0.0,0.0,0.0,0.0,0.0,0.19249039792749614,0.0,0.0,0.0,0.0,0.2764513219339832,0.0,0.0,0.0,0.0,0.0,0.0,0.0,0.0,0.0,0.0,0.0,0.0,0.0,0.0,0.0,0.0,0.2279621373217556,0.25540039353319866,0.0,0.0,0.0,0.0,0.0,0.0,0.0,0.0,0.0,0.0,0.0,0.0,0.0,0.2542664380358379,0.0,0.0,0.0,0.0,0.0,0.2542664380358379,0.0,0.0,0.0,0.0,0.0,0.0,0.0,0.0,0.0,0.0,0.1250301520585741,0.2669294737418547,0.21275218243494423,0.0,0.11439285467767528,0.0,0.0,0.0,0.0,0.0,0.0,0.0,0.0,0.0,0.0,0.0,0.0,0.0,0.0,0.0,0.0,0.0,0.0,0.0,0.1609832536578888,0.0,0.0,0.0,0.0,0.0,0.0,0.0,0.0,0.0,0.0,0.0,0.0,0.0,0.0,0.0,0.0,0.16432900233472467,0.15217504772669194,0.0,0.1481563183350075,0.0,0.0,0.0,0.0,0.20785017361841893,0.0,0.2387412783254018,0.0,0.0,0.0,0.0,0.0,0.0,0.18881024621647985,0.0,0.0,0.0,0.0,0.0,0.0,0.0,0.0,0.0,0.20319513572805778,0.0,0.1361067865926309,0.0,0.0,0.0,0.0,0.0,0.37798090982269583,0.0,0.0,0.0,0.0,0.0,0.0,0.0,0.0,0.0
f89c3828131de9a67cd510e9da867e2ba7de41193773deb7f7e5a14ed86e967f,0.0,0.0,0.0,0.0,0.0,0.0,0.30532993936270836,0.0,0.0,0.0,0.0,0.0,0.11475391792345467,0.0,0.0,0.0,0.29615215977231035,0.22461038024732236,0.0,0.0,0.0,0.0,0.0,0.0,0.0,0.30259929746087894,0.0,0.0,0.0,0.0,0.0,0.0,0.0,0.0,0.0,0.0,0.0,0.0,0.0,0.0,0.0,0.0,0.0,0.0,0.0,0.0,0.0,0.0,0.0,0.2794275934351466,0.0,0.0,0.0,0.0,0.0,0.0,0.0,0.0,0.0,0.0,0.1665180166472941,0.3039530473412019,0.0,0.0,0.0,0.0,0.0,0.0,0.0,0.0,0.0,0.0,0.0,0.0,0.0,0.10897120727973969,0.0,0.0,0.0,0.0,0.0,0.0,0.0,0.0,0.0,0.0,0.0,0.0,0.23909203600532436,0.0,0.0,0.0,0.0,0.0,0.0,0.0,0.0,0.0,0.0,0.1403064717917194,0.0,0.0,0.15371324604818637,0.0,0.0,0.0,0.0,0.0,0.0,0.0,0.0,0.0,0.0,0.0,0.2304227926510083,0.2622637400310567,0.14322249058051997,0.13262959690604045,0.14567203814877797,0.12912703543321055,0.15413717451012926,0.0,0.0,0.0,0.0,0.0,0.0,0.0,0.0,0.0,0.0,0.0,0.2937111783690641,0.0,0.0,0.0,0.0,0.0,0.0,0.0,0.0,0.0,0.0,0.17709663540426432,0.0,0.11862515249134878,0.0,0.0,0.0,0.0,0.0,0.0,0.0,0.0,0.0,0.0,0.0,0.0,0.0,0.0,0.0
e5c9d1b6f77188c03e94713b41f00afc6d12e6f82daf3604d5f34c584c2389ff,0.0,0.0,0.0,0.0,0.0,0.0,0.0,0.0,0.0,0.0,0.0,0.0,0.24918581253986904,0.0,0.0,0.0,0.0,0.0,0.0,0.0,0.0,0.0,0.0,0.0,0.0,0.0,0.0,0.0,0.0,0.0,0.0,0.0,0.0,0.0,0.0,0.0,0.0,0.0,0.0,0.0,0.0,0.0,0.45640241283518923,0.4314351380436386,0.0,0.0,0.0,0.0,0.0,0.0,0.0,0.0,0.0,0.0,0.0,0.0,0.0,0.0,0.0,0.0,0.0,0.0,0.0,0.0,0.0,0.0,0.0,0.0,0.0,0.0,0.0,0.0,0.0,0.0,0.0,0.2366287732987492,0.0,0.0,0.0,0.0,0.0,0.0,0.0,0.0,0.0,0.0,0.0,0.0,0.0,0.0,0.0,0.0,0.0,0.0,0.0,0.0,0.0,0.0,0.0,0.30467266661294373,0.0,0.0,0.0,0.0,0.0,0.0,0.0,0.0,0.0,0.0,0.0,0.0,0.0,0.0,0.0,0.0,0.3110047424532953,0.0,0.0,0.0,0.0,0.0,0.0,0.0,0.0,0.0,0.0,0.0,0.0,0.0,0.0,0.0,0.0,0.0,0.0,0.0,0.0,0.0,0.0,0.0,0.0,0.0,0.481217964889588,0.0,0.0,0.2575921201308359,0.0,0.0,0.0,0.0,0.0,0.0,0.0,0.0,0.0,0.0,0.0,0.0,0.0,0.0,0.0
e4aa13a28d8809b5fbc58400d02f0c3dee7f99b884b935c68059254c992948a1,0.0,0.0,0.0,0.0,0.0,0.0,0.0,0.0,0.0,0.0,0.2040030661391395,0.0,0.1328211320168293,0.0,0.0,0.0,0.0,0.0,0.0,0.0,0.0,0.1941805507796431,0.0,0.0,0.0,0.0,0.0,0.0,0.0,0.0,0.0,0.0,0.0,0.0,0.2171947406019835,0.0,0.0,0.0,0.0,0.0,0.0,0.0,0.0,0.2299637481071466,0.0,0.0,0.0,0.2774443895829905,0.0,0.0,0.0,0.0,0.0,0.0,0.0,0.0,0.0,0.0,0.2564990124919071,0.0,0.0,0.0,0.0,0.0,0.0,0.0,0.0,0.0,0.0,0.0,0.0,0.0,0.0,0.0,0.39786455547219546,0.1261279734064512,0.2692732353851592,0.21462024292946486,0.0,0.11539727573805217,0.0,0.0,0.0,0.0,0.0,0.0,0.0,0.0,0.0,0.0,0.0,0.0,0.0,0.0,0.0,0.0,0.0,0.0,0.0,0.16239675951712787,0.0,0.0,0.0,0.0,0.3026183903573413,0.0,0.0,0.0,0.0,0.0,0.0,0.0,0.0,0.0,0.0,0.0,0.1657718853822786,0.0,0.16860709734569165,0.0,0.0,0.0,0.0,0.0,0.20967519225593417,0.0,0.24083753484952655,0.0,0.0,0.0,0.0,0.0,0.0,0.19046808567025642,0.0,0.0,0.0,0.0,0.0,0.0,0.0,0.0,0.0,0.20497928102512616,0.0,0.0,0.0,0.0,0.0,0.0,0.0,0.0,0.0,0.0,0.0,0.0,0.0,0.0,0.0,0.0,0.0
dfef233329384f446387917bbae7247921336ea120c40933105dc578e63e7060,0.0,0.0,0.0,0.0,0.0,0.0,0.0,0.0,0.0,0.0,0.0,0.0,0.0,0.0,0.0,0.0,0.0,0.0,0.0,0.48185042069190087,0.4184229181872788,0.0,0.0,0.0,0.0,0.0,0.0,0.0,0.0,0.0,0.0,0.0,0.0,0.0,0.0,0.0,0.0,0.0,0.0,0.0,0.0,0.0,0.271432395382059,0.0,0.0,0.0,0.0,0.3095607066224278,0.0,0.0,0.0,0.0,0.0,0.0,0.0,0.0,0.0,0.0,0.0,0.0,0.0,0.0,0.0,0.0,0.0,0.0,0.0,0.0,0.0,0.0,0.0,0.0,0.0,0.0,0.0,0.14072825416019705,0.0,0.0,0.0,0.12875539589561277,0.0,0.0,0.0,0.0,0.0,0.0,0.0,0.0,0.0,0.0,0.0,0.0,0.0,0.0,0.0,0.0,0.0,0.0,0.0,0.1811954305685359,0.0,0.0,0.19850928789039796,0.0,0.0,0.0,0.0,0.0,0.0,0.0,0.0,0.0,0.0,0.0,0.0,0.0,0.0,0.0,0.0,0.0,0.19905676014318205,0.0,0.0,0.0,0.0,0.0,0.0,0.0,0.41185108119394587,0.0,0.0,0.0,0.0,0.0,0.0,0.0,0.0,0.0,0.0,0.0,0.0,0.0,0.2861907414105362,0.0,0.0,0.1531956103481516,0.0,0.0,0.0,0.0,0.0,0.0,0.0,0.0,0.0,0.0,0.0,0.0,0.0,0.0,0.0
2c4d743879afbbe0b4baa18e99e515a8b0586caf23308026e233c2031e69237c,0.0,0.0,0.0,0.0,0.0,0.0,0.0,0.0,0.0,0.0,0.19177572499144238,0.0,0.12486022572493362,0.0,0.0,0.0,0.0,0.0,0.0,0.0,0.0,0.18254194218632405,0.40955264219687837,0.0,0.0,0.0,0.0,0.0,0.0,0.0,0.0,0.0,0.0,0.0,0.0,0.0,0.0,0.0,0.0,0.0,0.0,0.0,0.0,0.21618040037162106,0.0,0.0,0.0,0.0,0.307386314199362,0.0,0.0,0.0,0.0,0.0,0.0,0.0,0.0,0.0,0.0,0.0,0.0,0.0,0.0,0.0,0.0,0.0,0.0,0.0,0.0,0.0,0.0,0.0,0.0,0.0,0.0,0.11856823526968963,0.2531337931046551,0.2017565395687009,0.0,0.108480703920442,0.0,0.0,0.0,0.0,0.0,0.0,0.0,0.0,0.26014872629073915,0.0,0.0,0.0,0.0,0.0,0.0,0.0,0.0,0.0,0.0,0.15266317748095334,0.0,0.0,0.0,0.0,0.0,0.0,0.0,0.0,0.0,0.0,0.0,0.0,0.0,0.0,0.0,0.0,0.1558360082720611,0.0,0.15850128600576488,0.14049917495746617,0.0,0.0,0.0,0.0,0.19710788062458015,0.0,0.0,0.0,0.0,0.0,0.0,0.0,0.0,0.1790519912687605,0.0,0.0,0.0,0.0,0.0,0.0,0.0,0.0,0.0,0.1926934284409574,0.0,0.12907239756819777,0.267053072864504,0.2889756760861803,0.0,0.0,0.0,0.0,0.0,0.0,0.18732604455772514,0.0,0.0,0.0,0.0,0.0,0.0
df9601c2abefafaf4da2b6b95d6beb6a8f59d62e527cb803879f49e12bc6a798,0.3325844043961854,0.0,0.0,0.0,0.0,0.0,0.0,0.0,0.0,0.0,0.1356190057331149,0.0,0.08829803495298173,0.0,0.0,0.0,0.0,0.0,0.0,0.0,0.2493041126799107,0.12908910502101195,0.0,0.0,0.0,0.0,0.0,0.0,0.0,0.0,0.0,0.0,0.0,0.0,0.0,0.0,0.0,0.0,0.0,0.0,0.0,0.0,0.0,0.1528773829883538,0.0,0.0,0.0,0.0,0.2173759286246711,0.0,0.0,0.0,0.2534839030382086,0.0,0.0,0.0,0.0,0.0,0.0,0.0,0.0,0.0,0.0,0.0,0.17051773634594544,0.3379770854116322,0.0,0.0,0.0,0.0,0.30410409119624054,0.0,0.0,0.0,0.0,0.08384849635960388,0.1790098999226166,0.1426771886675545,0.0,0.0767148459878082,0.0,0.0,0.0,0.0,0.0,0.0,0.0,0.0,0.0,0.0,0.0,0.0,0.0,0.0,0.0,0.0,0.0,0.0,0.0,0.10795958843565225,0.0,0.0,0.0,0.0,0.0,0.0,0.14124689285461853,0.0,0.0,0.0,0.0,0.0,0.0,0.0,0.0,0.0,0.11020333517298642,0.10205257472098761,0.11208815305733359,0.09935750948095635,0.11860169891129681,0.0,0.0,0.0,0.13938977309907136,0.0,0.1601061574105465,0.0,0.0,0.0,0.0,0.0,0.0,0.12662109884599443,0.0,0.0,0.0,0.0,0.0,0.0,0.0,0.0,0.0,0.0,0.0,0.0,0.18885326712477948,0.0,0.0,0.0,0.0,0.2534839030382086,0.0,0.0,0.0,0.0,0.31099749285981154,0.0,0.0,0.0,0.0
0211fa99da14b1e1345530d8ecdd8445f9000c0e4a62a5af9f76e661ac48d529,0.0,0.0,0.0,0.0,0.0,0.0,0.0,0.0,0.0,0.0,0.3324998856264807,0.0,0.21648209529485318,0.0,0.0,0.0,0.0,0.0,0.0,0.0,0.0,0.0,0.0,0.0,0.0,0.0,0.0,0.0,0.0,0.0,0.0,0.0,0.0,0.0,0.0,0.0,0.0,0.0,0.0,0.0,0.0,0.0,0.3965031139659292,0.0,0.0,0.0,0.0,0.0,0.0,0.0,0.0,0.0,0.0,0.0,0.0,0.0,0.0,0.0,0.0,0.0,0.0,0.0,0.0,0.0,0.0,0.0,0.0,0.0,0.0,0.0,0.0,0.0,0.0,0.0,0.0,0.2055730706681707,0.0,0.0,0.0,0.18808335438615406,0.0,0.0,0.0,0.0,0.0,0.0,0.0,0.0,0.0,0.0,0.0,0.0,0.0,0.0,0.0,0.0,0.0,0.0,0.0,0.0,0.0,0.0,0.2899784702887547,0.0,0.0,0.0,0.0,0.0,0.0,0.0,0.0,0.0,0.0,0.0,0.0,0.0,0.2701877671392444,0.0,0.2748088136333138,0.24359683482389136,0.0,0.0,0.0,0.0,0.0,0.0,0.3925355354091293,0.0,0.0,0.0,0.0,0.0,0.0,0.0,0.0,0.0,0.0,0.0,0.0,0.0,0.0,0.0,0.0,0.3340909957214439,0.0,0.22378513980784834,0.0,0.0,0.0,0.0,0.0,0.0,0.0,0.0,0.0,0.0,0.0,0.0,0.0,0.0,0.0
debfbb04e8af278715226121ad78fc5fe71720061cd697fff77183e78133b475,0.0,0.0,0.0,0.0,0.0,0.0,0.0,0.0,0.0,0.0,0.2570157585980381,0.0,0.1673363280720127,0.0,0.0,0.0,0.0,0.0,0.0,0.0,0.0,0.2446407424561729,0.0,0.0,0.0,0.0,0.35134872897085634,0.0,0.0,0.0,0.0,0.0,0.0,0.0,0.0,0.0,0.0,0.0,0.0,0.0,0.0,0.0,0.0,0.0,0.3245945905368995,0.0,0.0,0.0,0.0,0.0,0.0,0.0,0.0,0.0,0.0,0.0,0.0,0.0,0.3231534188328903,0.0,0.0,0.0,0.0,0.0,0.0,0.0,0.0,0.0,0.0,0.0,0.0,0.0,0.0,0.0,0.0,0.15890387031429434,0.0,0.270391938665223,0.0,0.14538466958008223,0.0,0.0,0.0,0.0,0.0,0.0,0.0,0.0,0.0,0.0,0.0,0.0,0.0,0.0,0.0,0.0,0.0,0.0,0.0,0.20459754419911605,0.0,0.0,0.0,0.0,0.0,0.0,0.0,0.0,0.0,0.0,0.0,0.0,0.0,0.0,0.0,0.0,0.0,0.0,0.0,0.1882954791890528,0.0,0.0,0.0,0.0,0.26416185607765846,0.0,0.30342211462652485,0.0,0.0,0.0,0.0,0.0,0.0,0.23996354787073962,0.0,0.0,0.0,0.0,0.0,0.0,0.0,0.0,0.0,0.2582456548649179,0.0,0.17298143535391788,0.0,0.0,0.0,0.0,0.0,0.0,0.0,0.0,0.0,0.0,0.0,0.0,0.0,0.0,0.0
dddd830cca81b2e8402c75a98bb50dee4dec771a49c6328ae9d5498e8bd86f3f,0.0,0.0,0.0,0.0,0.0,0.0,0.0,0.0,0.0,0.0,0.38339034124328897,0.0,0.24961555770696475,0.0,0.0,0.0,0.0,0.4885780489831045,0.0,0.0,0.0,0.36493053283542765,0.0,0.0,0.0,0.0,0.0,0.0,0.0,0.0,0.0,0.0,0.0,0.0,0.0,0.0,0.0,0.0,0.0,0.0,0.0,0.0,0.0,0.0,0.0,0.0,0.0,0.0,0.0,0.0,0.0,0.0,0.0,0.0,0.0,0.0,0.0,0.0,0.0,0.0,0.0,0.0,0.0,0.0,0.4820478720685845,0.0,0.0,0.0,0.0,0.0,0.0,0.0,0.0,0.0,0.0,0.23703686263049897,0.0,0.0,0.0,0.21687027435941825,0.0,0.0,0.0,0.0,0.0,0.0,0.0,0.0,0.0,0.0,0.0,0.0,0.0,0.0,0.0,0.0,0.0,0.0,0.0,0.0,0.0,0.0,0.0,0.0,0.0,0.0,0.0,0.0,0.0,0.0,0.0,0.0,0.0,0.0,0.0,0.0,0.0,0.2884991763177487,0.0,0.0,0.0,0.0,0.0,0.0,0.0,0.0,0.0,0.0,0.0,0.0,0.0,0.0,0.0,0.0,0.0,0.0,0.0,0.0,0.0,0.0,0.0,0.0,0.0,0.0,0.0,0.0,0.0,0.0,0.0,0.0,0.0,0.0,0.0,0.0,0.0,0.0,0.0,0.0,0.0,0.0,0.0
cb17d332475cfea551ea8d56f90a856d096babcbd6ad4344227dd746badcdfd6,0.4080288175032325,0.0,0.0,0.0,0.0,0.0,0.0,0.0,0.0,0.0,0.16638321523437513,0.0,0.10832781788170176,0.0,0.0,0.0,0.0,0.0,0.0,0.0,0.0,0.158372052862495,0.0,0.0,0.0,0.0,0.0,0.3585609253147619,0.0,0.0,0.0,0.0,0.0,0.0,0.0,0.0,0.0,0.0,0.0,0.0,0.0,0.0,0.0,0.18755653295582564,0.0,0.0,0.0,0.22628135185023082,0.26668611617980276,0.0,0.0,0.0,0.0,0.0,0.0,0.0,0.0,0.0,0.0,0.0,0.0,0.0,0.0,0.0,0.0,0.0,0.0,0.1771422359343688,0.0,0.0,0.0,0.0,0.0,0.0,0.0,0.10286893301911444,0.21961702599797248,0.1750424969036088,0.0,0.09411706465965304,0.0,0.0,0.0,0.0,0.0,0.0,0.0,0.0,0.0,0.0,0.0,0.0,0.0,0.0,0.0,0.0,0.0,0.0,0.0,0.13244945531198238,0.0,0.0,0.0,0.0,0.0,0.0,0.0,0.0,0.0,0.0,0.0,0.0,0.0,0.0,0.0,0.0,0.13520218008172416,0.12520247743475504,0.0,0.0,0.14550565306424781,0.0,0.0,0.0,0.17100935443114332,0.0,0.0,0.0,0.0,0.0,0.0,0.0,0.0,0.1553441969923097,0.0,0.0,0.0,0.0,0.0,0.0,0.0,0.0,0.0,0.1671794080297292,0.0,0.0,0.23169329123067467,0.0,0.0,0.0,0.0,0.0,0.0,0.0,0.0,0.0,0.38154506820138295,0.0,0.0,0.0,0.0
dab555fbc59517f152fe782825ca71489594db4a848f5d9264a4e0e79413a3c0,0.0,0.0,0.0,0.0,0.0,0.0,0.0,0.0,0.0,0.0,0.2752921254190179,0.0,0.1792355988832744,0.0,0.0,0.0,0.0,0.0,0.0,0.0,0.0,0.262037123023944,0.0,0.0,0.0,0.0,0.3763331045896258,0.0,0.0,0.0,0.0,0.0,0.0,0.0,0.0,0.0,0.0,0.0,0.0,0.0,0.0,0.0,0.0,0.0,0.3476764818462808,0.0,0.0,0.0,0.0,0.0,0.0,0.0,0.0,0.0,0.0,0.0,0.0,0.0,0.3461328285557021,0.0,0.0,0.0,0.0,0.0,0.0,0.0,0.0,0.0,0.0,0.0,0.0,0.0,0.0,0.0,0.0,0.1702035098343732,0.0,0.0,0.0,0.1557229599864231,0.0,0.0,0.0,0.0,0.0,0.0,0.0,0.0,0.0,0.0,0.0,0.0,0.0,0.0,0.0,0.0,0.0,0.0,0.0,0.0,0.0,0.0,0.0,0.0,0.4083686654764997,0.0,0.0,0.0,0.0,0.0,0.0,0.0,0.0,0.0,0.0,0.0,0.0,0.0,0.0,0.20168515329760978,0.0,0.0,0.0,0.0,0.28294638122942867,0.0,0.0,0.0,0.0,0.0,0.0,0.0,0.0,0.25702733356416224,0.0,0.0,0.0,0.0,0.0,0.0,0.0,0.0,0.0,0.0,0.0,0.18528212922184606,0.0,0.0,0.0,0.0,0.0,0.0,0.0,0.0,0.0,0.0,0.0,0.0,0.0,0.0,0.0
f091d0dd82cd117df69b6d047c11719eadfdc0751b9506fb22fe7e76a577c2cf,0.0,0.0,0.0,0.0,0.0,0.0,0.30532993936270836,0.0,0.0,0.0,0.0,0.0,0.11475391792345467,0.0,0.0,0.0,0.29615215977231035,0.22461038024732236,0.0,0.0,0.0,0.0,0.0,0.0,0.0,0.30259929746087894,0.0,0.0,0.0,0.0,0.0,0.0,0.0,0.0,0.0,0.0,0.0,0.0,0.0,0.0,0.0,0.0,0.0,0.0,0.0,0.0,0.0,0.0,0.0,0.2794275934351466,0.0,0.0,0.0,0.0,0.0,0.0,0.0,0.0,0.0,0.0,0.1665180166472941,0.3039530473412019,0.0,0.0,0.0,0.0,0.0,0.0,0.0,0.0,0.0,0.0,0.0,0.0,0.0,0.10897120727973969,0.0,0.0,0.0,0.0,0.0,0.0,0.0,0.0,0.0,0.0,0.0,0.0,0.23909203600532436,0.0,0.0,0.0,0.0,0.0,0.0,0.0,0.0,0.0,0.0,0.1403064717917194,0.0,0.0,0.15371324604818637,0.0,0.0,0.0,0.0,0.0,0.0,0.0,0.0,0.0,0.0,0.0,0.2304227926510083,0.2622637400310567,0.14322249058051997,0.13262959690604045,0.14567203814877797,0.12912703543321055,0.15413717451012926,0.0,0.0,0.0,0.0,0.0,0.0,0.0,0.0,0.0,0.0,0.0,0.2937111783690641,0.0,0.0,0.0,0.0,0.0,0.0,0.0,0.0,0.0,0.0,0.17709663540426432,0.0,0.11862515249134878,0.0,0.0,0.0,0.0,0.0,0.0,0.0,0.0,0.0,0.0,0.0,0.0,0.0,0.0,0.0
daae55e6fe5fc898a9f035641df40bec187bcdd5c766549d570e2de07bff0a06,0.0,0.0,0.0,0.0,0.0,0.0,0.0,0.0,0.0,0.0,0.2420165966631702,0.0,0.15757076079306742,0.0,0.0,0.0,0.0,0.0,0.0,0.0,0.0,0.23036377309062808,0.0,0.0,0.0,0.0,0.0,0.5215531790201117,0.0,0.0,0.0,0.0,0.0,0.0,0.2576663818267346,0.0,0.0,0.0,0.0,0.0,0.0,0.0,0.0,0.0,0.0,0.0,0.0,0.32914283202179573,0.0,0.0,0.0,0.0,0.0,0.0,0.0,0.0,0.0,0.0,0.0,0.0,0.0,0.0,0.0,0.0,0.30429453451653493,0.0,0.0,0.0,0.0,0.0,0.0,0.0,0.0,0.0,0.0,0.14963041215778913,0.0,0.0,0.0,0.1369001773692783,0.0,0.0,0.0,0.0,0.0,0.0,0.0,0.0,0.0,0.0,0.0,0.0,0.0,0.0,0.0,0.0,0.0,0.0,0.0,0.0,0.0,0.0,0.0,0.0,0.3590077066391654,0.0,0.0,0.0,0.0,0.0,0.0,0.0,0.0,0.0,0.0,0.0,0.0,0.18211619146722988,0.0,0.0,0.0,0.0,0.0,0.0,0.2487456556161109,0.0,0.0,0.0,0.0,0.0,0.0,0.0,0.0,0.0,0.0,0.0,0.0,0.0,0.0,0.0,0.0,0.0,0.0,0.24317471751296799,0.0,0.0,0.0,0.0,0.0,0.0,0.0,0.0,0.0,0.0,0.0,0.0,0.0,0.0,0.0,0.0,0.0
2c55b055d4a89fc7ba2576c9e6b172d793dc42351140ff1c834776e26c34f9a4,0.0,0.0,0.0,0.0,0.0,0.0,0.0,0.0,0.0,0.0,0.0,0.0,0.2607254640369435,0.0,0.0,0.0,0.0,0.0,0.0,0.0,0.0,0.3811728859723681,0.0,0.0,0.0,0.0,0.0,0.0,0.0,0.0,0.0,0.0,0.0,0.0,0.0,0.0,0.0,0.0,0.0,0.0,0.0,0.0,0.4775381457762423,0.0,0.0,0.0,0.0,0.0,0.0,0.0,0.0,0.0,0.0,0.0,0.0,0.0,0.0,0.0,0.0,0.0,0.0,0.0,0.0,0.0,0.0,0.0,0.0,0.0,0.0,0.0,0.0,0.0,0.0,0.0,0.0,0.0,0.0,0.0,0.0,0.2265227513765698,0.0,0.0,0.0,0.0,0.0,0.0,0.0,0.0,0.0,0.0,0.0,0.0,0.0,0.0,0.0,0.0,0.0,0.0,0.0,0.0,0.0,0.0,0.3492426065249568,0.0,0.0,0.0,0.0,0.0,0.0,0.0,0.0,0.0,0.0,0.0,0.0,0.0,0.0,0.0,0.0,0.0,0.0,0.0,0.0,0.0,0.0,0.0,0.47275969627483794,0.0,0.0,0.0,0.0,0.0,0.0,0.0,0.0,0.0,0.0,0.0,0.0,0.0,0.0,0.0,0.0,0.4023705968449618,0.0,0.0,0.0,0.0,0.0,0.0,0.0,0.0,0.0,0.0,0.0,0.0,0.0,0.0,0.0,0.0,0.0
d77378dcc42b912e514d3bd4466cdda050dda9b57799a6c97f70e8489dd8c8d0,0.0,0.22183219238609997,0.2612415916433416,0.0,0.0,0.0,0.0,0.0,0.0,0.0,0.0,0.0,0.0,0.0,0.0,0.0,0.0,0.0,0.0,0.0,0.0,0.0,0.0,0.0,0.0,0.0,0.0,0.0,0.0,0.0,0.0,0.0,0.0,0.0,0.16960288471354018,0.0,0.0,0.0,0.0,0.0,0.0,0.0,0.0,0.0,0.0,0.31484531711701486,0.0,0.0,0.0,0.0,0.24561466087276107,0.0,0.0,0.0,0.0,0.0,0.0,0.0,0.0,0.0,0.15050288148763402,0.0,0.0,0.2102699051132275,0.20029477842892365,0.0,0.0,0.16960288471354018,0.0,0.0,0.0,0.0,0.0,0.0,0.0,0.0984907280605277,0.0,0.0,0.0,0.09011134799586734,0.0,0.0,0.0,0.0,0.32642515702669606,0.3048571357279667,0.0,0.0,0.0,0.0,0.0,0.0,0.0,0.0,0.0,0.0,0.0,0.0,0.0,0.0,0.0,0.0,0.0,0.0,0.0,0.0,0.0,0.0,0.0,0.0,0.0,0.0,0.0,0.0,0.2082615139949657,0.0,0.0,0.11987373442708396,0.13166179813446569,0.11670803737602534,0.139312786539328,0.0,0.2274110575840029,0.0,0.0,0.0,0.0,0.0,0.0,0.0,0.0,0.0,0.0,0.0,0.0,0.0,0.0,0.0,0.0,0.0,0.0,0.0,0.0,0.0,0.31068420969277577,0.10721618973323327,0.22183219238609997,0.0,0.0,0.0,0.0,0.0,0.0,0.0,0.15560557573640182,0.0,0.0,0.0,0.0,0.0,0.0
d32972bc7baaa30c367bc7c01a0e01078b4754dd5ccd448b1a23ab544e8421fa,0.0,0.0,0.0,0.0,0.0,0.0,0.0,0.0,0.0,0.0,0.24308609746671656,0.0,0.15826708516754054,0.0,0.0,0.0,0.0,0.0,0.0,0.0,0.0,0.23138177864820267,0.0,0.0,0.0,0.0,0.3323064384895989,0.0,0.0,0.0,0.0,0.0,0.0,0.0,0.0,0.0,0.0,0.0,0.0,0.0,0.0,0.0,0.0,0.0,0.3070023126318294,0.0,0.0,0.0,0.0,0.0,0.0,0.0,0.0,0.0,0.0,0.0,0.0,0.0,0.3056392491091177,0.0,0.0,0.0,0.0,0.0,0.3056392491091177,0.0,0.0,0.0,0.0,0.0,0.0,0.0,0.0,0.0,0.0,0.15029164716499177,0.0,0.0,0.0,0.1375051559191827,0.0,0.0,0.0,0.0,0.0,0.0,0.0,0.0,0.0,0.0,0.0,0.0,0.0,0.0,0.0,0.0,0.0,0.0,0.0,0.0,0.0,0.0,0.0,0.0,0.36059420540009257,0.0,0.0,0.0,0.0,0.0,0.0,0.0,0.0,0.0,0.0,0.0,0.0,0.18292098508799168,0.0,0.17809029865082202,0.0,0.0,0.0,0.0,0.24984489295036014,0.0,0.0,0.0,0.0,0.0,0.0,0.0,0.0,0.22695807721811412,0.0,0.0,0.0,0.0,0.0,0.0,0.0,0.0,0.3056392491091177,0.0,0.0,0.16360624065911258,0.0,0.0,0.0,0.0,0.0,0.0,0.0,0.0,0.0,0.0,0.0,0.0,0.0,0.0,0.0
d7185dbafc108576c151ff614adee6adba42d97f8fca816d1bc5a3f156af57fc,0.0,0.0,0.0,0.0,0.0,0.0,0.0,0.0,0.0,0.0,0.22803208964899238,0.0,0.14846580914957824,0.0,0.0,0.0,0.0,0.0,0.0,0.0,0.0,0.21705260416661434,0.0,0.0,0.0,0.0,0.3117271302731451,0.0,0.0,0.0,0.0,0.0,0.0,0.0,0.24277757926668217,0.0,0.0,0.0,0.0,0.0,0.0,0.0,0.0,0.0,0.28799005622316437,0.0,0.0,0.0,0.0,0.0,0.0,0.0,0.0,0.0,0.0,0.0,0.45700207140890153,0.0,0.2867114054626007,0.0,0.0,0.0,0.0,0.0,0.0,0.0,0.0,0.0,0.0,0.0,0.0,0.0,0.0,0.0,0.0,0.14098427971395847,0.30099027290865915,0.23989983779361782,0.0,0.12898963934395696,0.0,0.0,0.0,0.0,0.0,0.0,0.0,0.0,0.0,0.0,0.0,0.0,0.0,0.0,0.0,0.0,0.0,0.0,0.0,0.18152507766553985,0.0,0.0,0.0,0.0,0.0,0.0,0.0,0.0,0.0,0.0,0.0,0.0,0.0,0.0,0.0,0.0,0.18529775137297205,0.0,0.0,0.16706139664412709,0.0,0.0,0.0,0.0,0.0,0.0,0.0,0.0,0.0,0.0,0.0,0.0,0.0,0.21290285684828222,0.0,0.0,0.0,0.0,0.0,0.0,0.0,0.0,0.0,0.0,0.0,0.15347431764262676,0.0,0.0,0.0,0.0,0.0,0.0,0.0,0.0,0.0,0.0,0.0,0.0,0.0,0.0,0.0
d6433af8f9073eb01e076482b684cd9599bf059e09f9a128d691bd194007c8c4,0.0,0.22024469494953106,0.0,0.0,0.0,0.0,0.0,0.0,0.0,0.0,0.15816176760825243,0.2765258143563738,0.10297504548869317,0.0,0.0,0.0,0.0,0.0,0.0,0.0,0.0,0.15054645857874221,0.0,0.0,0.0,0.0,0.0,0.0,0.0,0.0,0.0,0.0,0.0,0.0,0.0,0.0,0.0,0.0,0.0,0.0,0.0,0.29731906760017107,0.0,0.17828885405888062,0.19974827409584694,0.0,0.0,0.0,0.0,0.0,0.0,0.0,0.0,0.0,0.0,0.2876676074338307,0.3169740518798252,0.0,0.1988614091604965,0.0,0.0,0.0,0.0,0.0,0.0,0.0,0.0,0.0,0.0,0.0,0.0,0.0,0.0,0.0,0.0,0.09778589898842549,0.0,0.0,0.0,0.08946648427067715,0.0,0.0,0.0,0.0,0.0,0.0,0.0,0.0,0.0,0.0,0.0,0.0,0.0,0.0,0.0,0.0,0.0,0.0,0.0,0.12590476714483745,0.0,0.0,0.13793540813643493,0.0,0.0,0.0,0.16472512921251312,0.0,0.0,0.0,0.0,0.0,0.0,0.2990608045400802,0.0,0.0,0.1285214722896929,0.1190158821736846,0.1307195869757321,0.11587283979641093,0.1383158226219921,0.0,0.0,0.0,0.16255931667311455,0.0,0.18671920446644266,0.0,0.0,0.0,0.0,0.0,0.0,0.0,0.0,0.0,0.0,0.0,0.0,0.0,0.0,0.0,0.1988614091604965,0.0,0.0,0.10644891865084703,0.22024469494953106,0.0,0.0,0.0,0.0,0.0,0.0,0.0,0.1544920157524324,0.0,0.0,0.0,0.0,0.0,0.0
d531e47f8b4a9e98fc6db1f41f5f68b6e4b92e6a9213d80706c7c38ad00193fd,0.0,0.0,0.0,0.0,0.0,0.0,0.0,0.0,0.0,0.0,0.33515370223610885,0.5859737902964478,0.2182099268070299,0.0,0.0,0.0,0.0,0.0,0.0,0.0,0.6161024105411057,0.0,0.0,0.0,0.0,0.0,0.0,0.0,0.0,0.0,0.0,0.0,0.0,0.0,0.0,0.0,0.0,0.0,0.0,0.0,0.0,0.0,0.0,0.0,0.0,0.0,0.0,0.0,0.0,0.0,0.0,0.0,0.0,0.0,0.0,0.0,0.0,0.0,0.0,0.0,0.0,0.0,0.0,0.0,0.0,0.0,0.0,0.0,0.0,0.0,0.0,0.0,0.0,0.0,0.0,0.20721383282483596,0.0,0.0,0.0,0.0,0.0,0.0,0.0,0.0,0.0,0.0,0.0,0.0,0.0,0.0,0.0,0.0,0.0,0.0,0.0,0.0,0.0,0.0,0.0,0.0,0.0,0.0,0.0,0.0,0.0,0.0,0.0,0.0,0.0,0.0,0.0,0.0,0.0,0.0,0.0,0.0,0.27234424542735414,0.0,0.0,0.0,0.0,0.0,0.0,0.0,0.0,0.0,0.0,0.0,0.0,0.0,0.0,0.0,0.0,0.0,0.0,0.0,0.0,0.0,0.0,0.0,0.0,0.0,0.0,0.0,0.0,0.0,0.0,0.0,0.0,0.0,0.0,0.0,0.0,0.0,0.0,0.0,0.0,0.0,0.0,0.0,0.0
fffc596389cada3bd1e1d1659029e607e14320cbdd126de7fdbe33b99f9c59d7,0.0,0.0,0.0,0.0,0.0,0.0,0.0,0.0,0.0,0.0,0.21843215941809685,0.0,0.1422155423046649,0.0,0.0,0.0,0.0,0.0,0.0,0.0,0.0,0.20791489964598706,0.0,0.0,0.0,0.0,0.2986037198518053,0.0,0.0,0.0,0.0,0.0,0.0,0.0,0.0,0.0,0.0,0.0,0.0,0.0,0.0,0.0,0.0,0.24622903487471665,0.2758659536409808,0.0,0.0,0.0,0.0,0.0,0.0,0.0,0.0,0.0,0.0,0.0,0.0,0.0,0.27464113283965663,0.0,0.0,0.0,0.0,0.0,0.27464113283965663,0.0,0.0,0.0,0.0,0.0,0.0,0.0,0.0,0.0,0.0,0.13504897801589308,0.2883188737886972,0.22980028685424386,0.0,0.12355930039422207,0.0,0.0,0.0,0.0,0.0,0.0,0.0,0.0,0.0,0.0,0.0,0.0,0.0,0.0,0.0,0.0,0.0,0.0,0.0,0.17388304761867457,0.0,0.0,0.0,0.0,0.0,0.0,0.0,0.0,0.0,0.0,0.0,0.0,0.0,0.0,0.0,0.0,0.17749689541510874,0.1643690288833827,0.0,0.16002827356689586,0.0,0.0,0.0,0.0,0.22450547380317676,0.0,0.2578719222299976,0.0,0.0,0.0,0.0,0.0,0.0,0.20393985267265094,0.0,0.0,0.0,0.0,0.0,0.0,0.0,0.0,0.0,0.2194774217743828,0.0,0.14701319743857383,0.0,0.0,0.0,0.0,0.0,0.0,0.0,0.0,0.0,0.0,0.0,0.0,0.0,0.0,0.0
fef744e3a1b193d881e624e89d75e8dec5c03db9abb0e6ebdd53336606bc5949,0.0,0.0,0.0,0.0,0.0,0.0,0.0,0.0,0.0,0.0,0.24567737811782772,0.0,0.15995420113088174,0.0,0.0,0.0,0.0,0.3130818937452661,0.0,0.0,0.0,0.23384829208635957,0.0,0.0,0.0,0.0,0.0,0.5294422751883046,0.0,0.0,0.0,0.0,0.0,0.0,0.0,0.0,0.0,0.0,0.0,0.0,0.0,0.0,0.0,0.0,0.0,0.0,0.0,0.3341214987414001,0.0,0.0,0.0,0.0,0.0,0.0,0.0,0.0,0.0,0.0,0.0,0.0,0.0,0.0,0.0,0.0,0.3088973419440856,0.0,0.0,0.0,0.0,0.0,0.0,0.0,0.0,0.0,0.0,0.15189374552183257,0.0,0.0,0.0,0.13897095118133335,0.0,0.0,0.0,0.0,0.0,0.0,0.0,0.0,0.0,0.0,0.0,0.0,0.0,0.0,0.0,0.0,0.0,0.0,0.0,0.19557161981961402,0.0,0.0,0.0,0.0,0.0,0.0,0.0,0.0,0.0,0.0,0.0,0.0,0.0,0.0,0.0,0.0,0.0,0.18487090988533889,0.0,0.0,0.0,0.0,0.0,0.0,0.2525082218845451,0.0,0.0,0.0,0.0,0.0,0.0,0.0,0.0,0.0,0.0,0.0,0.0,0.0,0.0,0.0,0.0,0.0,0.3088973419440856,0.0,0.0,0.0,0.0,0.0,0.0,0.0,0.0,0.0,0.0,0.0,0.0,0.0,0.0,0.0,0.0,0.0,0.0
fdb58a52dd683e2f9fedb4ed3b7f1326f2cd5c6ed0cdf87763ebb229d8476a31,0.0,0.0,0.0,0.0,0.0,0.0,0.0,0.0,0.0,0.0,0.24288140918921025,0.0,0.15813381791208458,0.0,0.0,0.0,0.0,0.0,0.0,0.0,0.0,0.23118694587820304,0.0,0.0,0.0,0.0,0.3320266230941175,0.0,0.0,0.0,0.0,0.0,0.0,0.0,0.25858711667556533,0.0,0.0,0.0,0.0,0.0,0.0,0.0,0.2896338893064726,0.0,0.30674380432873055,0.0,0.0,0.0,0.0,0.0,0.0,0.0,0.0,0.0,0.0,0.0,0.0,0.0,0.3053818885603639,0.0,0.0,0.0,0.0,0.0,0.0,0.0,0.0,0.0,0.0,0.0,0.0,0.0,0.0,0.0,0.0,0.1501650955493199,0.0,0.2555219783200997,0.0,0.13738937104375523,0.0,0.0,0.0,0.0,0.0,0.0,0.0,0.0,0.0,0.0,0.0,0.0,0.0,0.0,0.0,0.0,0.0,0.0,0.0,0.0,0.0,0.0,0.21182076308255765,0.0,0.0,0.0,0.0,0.0,0.0,0.0,0.0,0.0,0.0,0.0,0.0,0.0,0.0,0.0,0.0,0.17794033945179208,0.0,0.0,0.0,0.0,0.0,0.0,0.0,0.0,0.0,0.0,0.0,0.0,0.0,0.22676696938275848,0.0,0.0,0.0,0.0,0.0,0.0,0.0,0.0,0.3053818885603639,0.24404366842220732,0.0,0.16346847761984878,0.0,0.0,0.0,0.0,0.0,0.0,0.0,0.0,0.0,0.0,0.0,0.0,0.0,0.0,0.0
e397dc721542e4edcb2453699c782558e9ce7855b1993889cbe2885660935625,0.0,0.0,0.0,0.0,0.0,0.0,0.30532993936270836,0.0,0.0,0.0,0.0,0.0,0.11475391792345467,0.0,0.0,0.0,0.29615215977231035,0.22461038024732236,0.0,0.0,0.0,0.0,0.0,0.0,0.0,0.30259929746087894,0.0,0.0,0.0,0.0,0.0,0.0,0.0,0.0,0.0,0.0,0.0,0.0,0.0,0.0,0.0,0.0,0.0,0.0,0.0,0.0,0.0,0.0,0.0,0.2794275934351466,0.0,0.0,0.0,0.0,0.0,0.0,0.0,0.0,0.0,0.0,0.1665180166472941,0.3039530473412019,0.0,0.0,0.0,0.0,0.0,0.0,0.0,0.0,0.0,0.0,0.0,0.0,0.0,0.10897120727973969,0.0,0.0,0.0,0.0,0.0,0.0,0.0,0.0,0.0,0.0,0.0,0.0,0.23909203600532436,0.0,0.0,0.0,0.0,0.0,0.0,0.0,0.0,0.0,0.0,0.1403064717917194,0.0,0.0,0.15371324604818637,0.0,0.0,0.0,0.0,0.0,0.0,0.0,0.0,0.0,0.0,0.0,0.2304227926510083,0.2622637400310567,0.14322249058051997,0.13262959690604045,0.14567203814877797,0.12912703543321055,0.15413717451012926,0.0,0.0,0.0,0.0,0.0,0.0,0.0,0.0,0.0,0.0,0.0,0.2937111783690641,0.0,0.0,0.0,0.0,0.0,0.0,0.0,0.0,0.0,0.0,0.17709663540426432,0.0,0.11862515249134878,0.0,0.0,0.0,0.0,0.0,0.0,0.0,0.0,0.0,0.0,0.0,0.0,0.0,0.0,0.0
fd3daf1cb9b482cb4bddd379fe05feda8c87869001fd6a28d1a213ef11730ada,0.0,0.0,0.0,0.0,0.0,0.4415068884809642,0.0,0.0,0.0,0.0,0.0,0.0,0.15968201306779284,0.0,0.0,0.0,0.0,0.0,0.0,0.5191958134358187,0.45085241817676125,0.0,0.0,0.0,0.0,0.0,0.0,0.0,0.0,0.0,0.0,0.0,0.0,0.0,0.0,0.0,0.0,0.0,0.0,0.0,0.0,0.0,0.292469524278636,0.0,0.0,0.0,0.0,0.0,0.0,0.0,0.0,0.0,0.0,0.0,0.0,0.0,0.0,0.0,0.0,0.0,0.0,0.0,0.0,0.0,0.0,0.0,0.0,0.0,0.0,0.0,0.0,0.0,0.0,0.0,0.0,0.1516352736336508,0.0,0.0,0.0,0.13873446952745844,0.0,0.0,0.0,0.0,0.0,0.0,0.0,0.0,0.0,0.0,0.0,0.0,0.0,0.0,0.0,0.0,0.0,0.0,0.0,0.19523882293139536,0.0,0.0,0.21389457552579583,0.0,0.0,0.0,0.0,0.0,0.0,0.0,0.0,0.0,0.0,0.0,0.0,0.0,0.0,0.0,0.0,0.0,0.0,0.0,0.0,0.0,0.0,0.0,0.0,0.0,0.0,0.0,0.0,0.0,0.0,0.0,0.0,0.0,0.0,0.0,0.0,0.0,0.0,0.0,0.30837170292615024,0.0,0.0,0.0,0.0,0.0,0.0,0.0,0.0,0.0,0.0,0.0,0.0,0.0,0.0,0.0,0.0,0.0,0.0
fbd8e3fb6bcaf0e1509d30735a9c268659bf53a32f8ce933148763672e7387c5,0.0,0.0,0.0,0.0,0.0,0.0,0.0,0.0,0.0,0.0,0.20304295644107134,0.0,0.1321960293682702,0.0,0.0,0.0,0.0,0.0,0.0,0.0,0.0,0.19326666927036915,0.0,0.0,0.0,0.0,0.0,0.0,0.0,0.0,0.0,0.0,0.0,0.0,0.0,0.0,0.0,0.0,0.0,0.0,0.0,0.0,0.0,0.22888145837032867,0.0,0.0,0.0,0.0,0.0,0.0,0.0,0.0,0.0,0.0,0.0,0.0,0.0,0.0,0.0,0.0,0.0,0.0,0.0,0.0,0.0,0.0,0.0,0.2161725462753593,0.4505321485215882,0.0,0.0,0.41931125718825046,0.0,0.0,0.0,0.12553437110057888,0.26800594146837486,0.2136101650882927,0.0,0.11485417584419477,0.0,0.0,0.0,0.0,0.0,0.0,0.0,0.0,0.0,0.0,0.0,0.0,0.0,0.0,0.0,0.0,0.0,0.0,0.0,0.16163246363325673,0.0,0.0,0.0,0.0,0.0,0.0,0.0,0.0,0.0,0.0,0.0,0.0,0.0,0.0,0.0,0.0,0.1649917049769801,0.15278873614919214,0.16781357344240724,0.14875380010774691,0.17756537482123302,0.0,0.0,0.0,0.2086883875507935,0.0,0.0,0.0,0.0,0.0,0.0,0.0,0.0,0.1895716763187432,0.0,0.0,0.0,0.0,0.0,0.0,0.0,0.0,0.0,0.2040145769187622,0.0,0.0,0.0,0.0,0.0,0.0,0.0,0.0,0.0,0.0,0.0,0.0,0.0,0.0,0.0,0.0,0.0
fb73a819b37523126c7708a1d06f3b8825fa60c926154ab2d511ba668f49dc4b,0.0,0.32075181632568495,0.0,0.0,0.0,0.0,0.0,0.0,0.0,0.0,0.0,0.0,0.149966985058537,0.0,0.6805099664126567,0.0,0.0,0.0,0.0,0.0,0.0,0.0,0.0,0.0,0.0,0.0,0.0,0.0,0.0,0.0,0.0,0.0,0.0,0.0,0.24523236569406281,0.0,0.0,0.0,0.0,0.0,0.0,0.0,0.2746757254303312,0.0,0.0,0.0,0.0,0.0,0.0,0.0,0.0,0.0,0.0,0.0,0.0,0.0,0.0,0.0,0.0,0.0,0.0,0.0,0.0,0.0,0.0,0.0,0.0,0.0,0.0,0.0,0.0,0.0,0.0,0.0,0.0,0.0,0.0,0.0,0.0,0.13029388670028494,0.0,0.0,0.0,0.0,0.0,0.0,0.0,0.0,0.31245915119990025,0.0,0.0,0.0,0.0,0.0,0.0,0.0,0.0,0.0,0.0,0.0,0.0,0.0,0.0,0.0,0.0,0.0,0.0,0.0,0.0,0.0,0.0,0.0,0.0,0.0,0.0,0.0,0.0,0.0,0.19037255340664314,0.1687505973119152,0.20143527789739252,0.0,0.0,0.0,0.23674212037439454,0.0,0.0,0.0,0.0,0.0,0.0,0.0,0.0,0.0,0.0,0.0,0.0,0.0,0.0,0.0,0.0,0.0,0.0,0.0,0.0,0.0,0.0,0.0,0.0,0.0,0.0,0.0,0.0,0.0,0.0,0.0,0.0,0.0,0.0,0.0,0.0
faabe3a0449fda6a620de4ef00d61db4f76a4fd123648e9c28ad08b60df7f680,0.0,0.0,0.0,0.0,0.0,0.4998963675535323,0.0,0.0,0.0,0.0,0.0,0.0,0.0,0.0,0.0,0.0,0.0,0.0,0.0,0.0,0.0,0.0,0.0,0.0,0.0,0.0,0.37961786996789143,0.0,0.0,0.0,0.0,0.0,0.0,0.0,0.0,0.0,0.0,0.0,0.0,0.0,0.0,0.0,0.0,0.0,0.3507111223189844,0.0,0.0,0.0,0.0,0.0,0.0,0.0,0.0,0.0,0.0,0.0,0.0,0.0,0.3491539954890781,0.0,0.0,0.0,0.0,0.0,0.0,0.0,0.0,0.0,0.0,0.0,0.0,0.0,0.0,0.0,0.0,0.0,0.0,0.292147383351129,0.0,0.1570821637910478,0.0,0.0,0.0,0.0,0.0,0.0,0.0,0.0,0.0,0.0,0.0,0.0,0.0,0.0,0.0,0.0,0.0,0.0,0.0,0.2210592426420089,0.0,0.0,0.24218222667517936,0.0,0.0,0.0,0.0,0.0,0.0,0.0,0.0,0.0,0.0,0.0,0.0,0.0,0.0,0.0,0.0,0.20344553100762972,0.0,0.0,0.0,0.0,0.0,0.0,0.0,0.0,0.0,0.0,0.0,0.0,0.0,0.259270756946966,0.0,0.0,0.0,0.0,0.0,0.0,0.0,0.0,0.0,0.0,0.0,0.18689933566968944,0.0,0.0,0.0,0.0,0.0,0.0,0.0,0.0,0.0,0.0,0.0,0.0,0.0,0.0,0.0
1468cd44eaf097486ad5a42bd11a3b3fdfc726e054259631c29c28364558e177,0.0,0.0,0.0,0.0,0.0,0.0,0.0,0.0,0.0,0.0,0.14243896466244002,0.0,0.0927383342212458,0.0,0.0,0.0,0.0,0.0,0.0,0.0,0.0,0.1355806906930021,0.0,0.0,0.0,0.0,0.19471860193733287,0.0,0.0,0.0,0.0,0.0,0.0,0.0,0.0,0.0,0.0,0.4208216940644107,0.0,0.0,0.0,0.267762688820384,0.0,0.16056522487723368,0.17989137188826657,0.0,0.0,0.0,0.0,0.0,0.0,0.0,0.0,0.0,0.0,0.0,0.0,0.0,0.17909266986882763,0.0,0.0,0.0,0.0,0.0,0.17909266986882763,0.0,0.0,0.0,0.0,0.0,0.0,0.0,0.0,0.0,0.0,0.08806503885943241,0.18801188425965962,0.14985208691728188,0.0,0.08057265408836269,0.0,0.354973153397091,0.0,0.0,0.0,0.0,0.0,0.0,0.0,0.0,0.0,0.0,0.0,0.0,0.0,0.0,0.0,0.0,0.0,0.0,0.0,0.0,0.12422330012085522,0.0,0.0,0.0,0.0,0.0,0.0,0.0,0.0,0.37570238883186824,0.0,0.0,0.0,0.0,0.0,0.10718455725150895,0.11772480107862393,0.10435396355697012,0.0,0.0,0.0,0.0,0.14639935499774986,0.0,0.0,0.0,0.0,0.0,0.0,0.0,0.0,0.13298857432664413,0.0,0.0,0.0,0.2918715771964443,0.0,0.0,0.0,0.0,0.0,0.0,0.0,0.09586687093443827,0.0,0.0,0.0,0.0,0.0,0.0,0.0,0.0,0.1391340214842266,0.0,0.0,0.0,0.0,0.0,0.0
f8063fd5aa2f72dc85880a5fd41c65a0d2d0645acf14b77af01e1246b21c9da3,0.0,0.0,0.0,0.0,0.0,0.48160256601853507,0.0,0.0,0.0,0.0,0.0,0.0,0.17418361807455696,0.0,0.0,0.0,0.0,0.0,0.0,0.0,0.49179681485071913,0.0,0.0,0.0,0.0,0.0,0.0,0.0,0.0,0.0,0.0,0.0,0.0,0.0,0.0,0.0,0.0,0.0,0.0,0.0,0.0,0.0,0.0,0.30157789700371995,0.0,0.0,0.0,0.0,0.0,0.0,0.0,0.0,0.0,0.0,0.0,0.0,0.0,0.0,0.0,0.0,0.2527557327809257,0.0,0.0,0.0,0.0,0.0,0.0,0.0,0.0,0.0,0.0,0.0,0.0,0.0,0.0,0.16540610981664805,0.0,0.0,0.0,0.1513337124807397,0.0,0.0,0.0,0.0,0.0,0.0,0.0,0.0,0.0,0.0,0.0,0.0,0.0,0.0,0.0,0.0,0.0,0.0,0.0,0.21296953810552485,0.0,0.0,0.23331952256756247,0.0,0.0,0.0,0.0,0.0,0.0,0.0,0.0,0.0,0.0,0.0,0.0,0.0,0.21739572861995657,0.0,0.22111386797245794,0.0,0.0,0.0,0.0,0.0,0.0,0.0,0.0,0.0,0.0,0.0,0.0,0.0,0.0,0.2497826948619612,0.0,0.0,0.0,0.0,0.0,0.0,0.0,0.0,0.0,0.0,0.0,0.18005971934981693,0.0,0.0,0.0,0.0,0.0,0.0,0.0,0.0,0.0,0.0,0.0,0.0,0.0,0.0,0.0
f4234a501edcd30d3bc15c983692c9450383b73bdd310059405c5e3a43cc730b,0.0,0.0,0.31048756508924724,0.0,0.0,0.0,0.0,0.0,0.0,0.0,0.18933134299009202,0.0,0.12326875168169801,0.0,0.0,0.0,0.0,0.0,0.0,0.0,0.0,0.1802152543951988,0.0,0.0,0.0,0.0,0.0,0.0,0.0,0.0,0.0,0.0,0.0,0.0,0.0,0.0,0.0,0.0,0.0,0.0,0.0,0.0,0.0,0.0,0.2391134694965716,0.0,0.0,0.0,0.0,0.0,0.0,0.0,0.0,0.0,0.0,0.3443594193072988,0.0,0.0,0.0,0.0,0.0,0.0,0.0,0.0,0.23805182652305212,0.0,0.0,0.0,0.0,0.0,0.0,0.0,0.0,0.0,0.0,0.11705695921930298,0.0,0.0,0.0,0.10709800399755667,0.0,0.0,0.0,0.0,0.0,0.0,0.0,0.0,0.0,0.0,0.0,0.0,0.0,0.0,0.0,0.0,0.0,0.0,0.0,0.15071732576630048,0.0,0.0,0.0,0.0,0.0,0.0,0.0,0.0,0.0,0.0,0.0,0.0,0.0,0.0,0.0,0.0,0.0,0.14247082053930288,0.15648102149772736,0.13870836616513374,0.16557427784105475,0.38218838938565625,0.2702797249835516,0.3692504825605386,0.0,0.0,0.0,0.0,0.0,0.0,0.0,0.0,0.0,0.0,0.0,0.0,0.0,0.0,0.0,0.0,0.0,0.0,0.23805182652305212,0.19023734935023523,0.0,0.0,0.0,0.0,0.0,0.0,0.0,0.0,0.0,0.0,0.0,0.0,0.0,0.0,0.0,0.0,0.0
f760ae9ce69f789ad453f9cb8db10644979cf45383c0119f089a9afc26b3a74a,0.0,0.0,0.0,0.0,0.0,0.0,0.31125338148891524,0.0,0.0,0.0,0.0,0.0,0.11698015945415371,0.0,0.0,0.0,0.30189755173296756,0.22896785200760017,0.0,0.0,0.0,0.0,0.0,0.0,0.0,0.30846976476481114,0.0,0.0,0.0,0.0,0.0,0.0,0.0,0.0,0.0,0.0,0.0,0.0,0.0,0.0,0.0,0.0,0.0,0.0,0.0,0.0,0.0,0.0,0.0,0.28484852654649845,0.0,0.0,0.0,0.0,0.0,0.0,0.0,0.0,0.0,0.0,0.1697484886954652,0.3098497775759367,0.0,0.0,0.0,0.0,0.0,0.0,0.0,0.0,0.0,0.0,0.0,0.0,0.0,0.11108526344171223,0.0,0.0,0.0,0.0,0.0,0.0,0.0,0.0,0.0,0.0,0.0,0.0,0.24373045384626893,0.0,0.0,0.0,0.0,0.0,0.0,0.0,0.0,0.0,0.0,0.14302843632400605,0.0,0.0,0.0,0.0,0.0,0.0,0.0,0.0,0.0,0.0,0.0,0.0,0.0,0.0,0.23489302599817385,0.26735169206458165,0.14600102627176484,0.13520262902707925,0.14849809539420208,0.13163211738787822,0.15712745654605892,0.0,0.0,0.0,0.0,0.0,0.0,0.0,0.0,0.0,0.0,0.0,0.29940921496030204,0.0,0.0,0.0,0.0,0.0,0.0,0.0,0.0,0.0,0.0,0.18053233408731081,0.0,0.0,0.0,0.0,0.0,0.0,0.0,0.0,0.0,0.0,0.0,0.0,0.0,0.0,0.0,0.0,0.0
f555ba7794890e836c24d23621dfa866e6ae41a6f0f5bb653db83976ad51585f,0.0,0.0,0.0,0.0,0.0,0.0,0.0,0.0,0.0,0.0,0.0,0.0,0.19459133196789713,0.0,0.0,0.0,0.0,0.0,0.0,0.0,0.0,0.0,0.0,0.0,0.0,0.0,0.40857486203619836,0.0,0.0,0.0,0.0,0.0,0.0,0.0,0.0,0.0,0.0,0.0,0.0,0.0,0.0,0.0,0.3564085471870589,0.0,0.3774631274027198,0.0,0.0,0.0,0.0,0.0,0.0,0.0,0.0,0.0,0.0,0.0,0.0,0.0,0.37578722400081827,0.0,0.0,0.0,0.0,0.0,0.0,0.0,0.0,0.0,0.0,0.0,0.0,0.0,0.0,0.0,0.0,0.18478543264081682,0.0,0.3144321863905402,0.0,0.16906428405149443,0.0,0.0,0.0,0.0,0.0,0.0,0.0,0.0,0.0,0.0,0.0,0.0,0.0,0.0,0.0,0.0,0.0,0.0,0.0,0.237921490818977,0.0,0.0,0.0,0.0,0.0,0.0,0.0,0.0,0.0,0.0,0.0,0.0,0.0,0.0,0.0,0.0,0.0,0.0,0.0,0.21896421728079887,0.0,0.0,0.0,0.0,0.0,0.0,0.0,0.0,0.0,0.0,0.0,0.0,0.0,0.2790477533594169,0.0,0.0,0.0,0.0,0.0,0.0,0.0,0.0,0.0,0.0,0.0,0.20115588945367435,0.0,0.0,0.0,0.0,0.0,0.0,0.0,0.0,0.0,0.0,0.0,0.0,0.0,0.0,0.0
f434dde30d9a4e51fe173e8bd509e73732ee23814fb92753df8130ef7cbf8557,0.0,0.0,0.0,0.0,0.0,0.0,0.272659511108706,0.0,0.0,0.0,0.0,0.0,0.10247520182306498,0.0,0.0,0.0,0.26446375768405184,0.2005769777965486,0.0,0.0,0.0,0.0,0.0,0.0,0.0,0.27022104900597294,0.0,0.0,0.0,0.0,0.0,0.0,0.0,0.0,0.0,0.0,0.0,0.0,0.0,0.0,0.0,0.0,0.0,0.17742343512237502,0.0,0.0,0.0,0.0,0.2522778923579784,0.24952872677776677,0.0,0.0,0.0,0.0,0.0,0.0,0.0,0.0,0.0,0.0,0.1487005208352911,0.27142994709602836,0.0,0.0,0.0,0.0,0.0,0.0,0.0,0.0,0.0,0.0,0.0,0.0,0.0,0.09731124358074722,0.20775179915005956,0.1655854936300758,0.0,0.08903221152783448,0.0,0.0,0.0,0.0,0.0,0.0,0.0,0.0,0.21350909047198072,0.0,0.0,0.0,0.0,0.0,0.0,0.0,0.0,0.0,0.0,0.12529362198795913,0.0,0.0,0.0,0.0,0.0,0.0,0.0,0.0,0.0,0.0,0.0,0.0,0.0,0.0,0.20576745969838578,0.23420141270018688,0.12789762557502196,0.11843817585142617,0.13008507055271654,0.1153103898871565,0.1376444338649816,0.0,0.0,0.0,0.16177024933799183,0.0,0.0,0.0,0.0,0.0,0.0,0.0,0.26228396228821305,0.1469514317754743,0.0,0.0,0.0,0.0,0.0,0.0,0.0,0.0,0.0,0.15814722306338308,0.0,0.10593221271060602,0.0,0.0,0.0,0.0,0.0,0.0,0.0,0.0,0.0,0.0,0.0,0.0,0.0,0.0,0.0
d812838222fd0d9a617d15d458b450e054515591156928f5c31dfa0db220a01f,0.0,0.0,0.0,0.0,0.0,0.0,0.0,0.0,0.0,0.0,0.0,0.0,0.17201723482921288,0.0,0.0,0.0,0.0,0.0,0.0,0.0,0.0,0.0,0.0,0.0,0.0,0.0,0.0,0.0,0.0,0.0,0.0,0.7316124058047421,0.0,0.0,0.0,0.0,0.0,0.0,0.0,0.0,0.0,0.0,0.0,0.0,0.0,0.0,0.0,0.35931945459475384,0.0,0.0,0.0,0.0,0.0,0.0,0.0,0.0,0.0,0.0,0.0,0.0,0.0,0.0,0.0,0.0,0.3321930041952286,0.0,0.0,0.2812898680389763,0.0,0.0,0.0,0.0,0.0,0.0,0.0,0.0,0.0,0.0,0.0,0.0,0.0,0.0,0.0,0.0,0.0,0.0,0.0,0.0,0.0,0.0,0.0,0.0,0.0,0.0,0.0,0.0,0.0,0.0,0.0,0.0,0.0,0.0,0.0,0.0,0.0,0.0,0.0,0.0,0.0,0.0,0.0,0.0,0.0,0.0,0.0,0.0,0.21469190107694358,0.0,0.0,0.0,0.0,0.0,0.0,0.0,0.0,0.0,0.0,0.0,0.0,0.0,0.0,0.0,0.0,0.0,0.0,0.0,0.0,0.0,0.0,0.0,0.0,0.0,0.0,0.2654695723776445,0.0,0.0,0.0,0.0,0.0,0.0,0.0,0.0,0.0,0.0,0.0,0.0,0.0,0.0,0.0,0.0,0.0
f95d84bd16012696182588589d691c5eaa131d28b7dc53cad85d497d61dab85f,0.0,0.0,0.0,0.0,0.0,0.385119757485366,0.0,0.0,0.0,0.0,0.0,0.0,0.0,0.0,0.0,0.0,0.0,0.0,0.0,0.0,0.0,0.0,0.0,0.0,0.0,0.0,0.0,0.0,0.0,0.0,0.0,0.0,0.0,0.0,0.0,0.0,0.0,0.0,0.0,0.0,0.0,0.0,0.2551167268297446,0.0,0.0,0.0,0.0,0.0,0.0,0.0,0.0,0.0,0.0,0.0,0.0,0.0,0.0,0.0,0.0,0.0,0.0,0.0,0.0,0.0,0.0,0.0,0.0,0.0,0.0,0.0,0.0,0.0,0.0,0.0,0.0,0.1322691476206414,0.0,0.0,0.0,0.12101597201145217,0.5424695569572682,0.0,0.0,0.0,0.0,0.0,0.0,0.0,0.0,0.0,0.0,0.0,0.0,0.0,0.0,0.0,0.0,0.0,0.0,0.1703038618440699,0.0,0.0,0.1865769916690245,0.0,0.0,0.0,0.0,0.0,0.0,0.0,0.0,0.0,0.0,0.0,0.0,0.0,0.17384332267293176,0.0,0.17681658117852914,0.15673427263851747,0.0,0.0,0.0,0.0,0.0,0.0,0.2525639205107061,0.0,0.0,0.0,0.0,0.0,0.0,0.0,0.0,0.0,0.0,0.0,0.0,0.0,0.0,0.0,0.0,0.0,0.0,0.0,0.0,0.0,0.4965187462788781,0.0,0.0,0.0,0.0,0.0,0.0,0.0,0.0,0.0,0.0,0.0,0.0
f84e0c6d7877be866064dd176f832737ae9cd04901913185c8e525efdcb9ee2e,0.0,0.0,0.0,0.0,0.0,0.0,0.0,0.0,0.0,0.0,0.0,0.0,0.0,0.0,0.0,0.0,0.0,0.0,0.0,0.0,0.0,0.0,0.0,0.0,0.0,0.0,0.0,0.0,0.0,0.0,0.0,0.0,0.0,0.0,0.0,0.0,0.0,0.0,0.0,0.0,0.0,0.0,0.0,0.0,0.0,0.0,0.0,0.49630420903577965,0.0,0.0,0.0,0.0,0.0,0.0,0.0,0.0,0.0,0.0,0.0,0.0,0.0,0.0,0.0,0.0,0.4588362363520617,0.0,0.0,0.3885270994422278,0.0,0.0,0.0,0.0,0.0,0.0,0.0,0.0,0.0,0.0,0.0,0.20642750695424036,0.0,0.0,0.0,0.0,0.0,0.0,0.0,0.0,0.0,0.0,0.0,0.0,0.0,0.0,0.0,0.0,0.0,0.0,0.0,0.2905021629857574,0.0,0.0,0.0,0.0,0.0,0.0,0.0,0.0,0.0,0.0,0.0,0.0,0.0,0.0,0.0,0.0,0.2965397302813785,0.274607324132056,0.0,0.0,0.3191383976797309,0.0,0.0,0.0,0.0,0.0,0.0,0.0,0.0,0.0,0.0,0.0,0.0,0.0,0.0,0.0,0.0,0.0,0.0,0.0,0.0,0.0,0.0,0.0,0.0,0.0,0.0,0.0,0.0,0.0,0.0,0.0,0.0,0.0,0.0,0.0,0.0,0.0,0.0,0.0,0.0
f31d4be2ed36280868ff07df2eea5b9f5367784c2bbc273690233523a1b0e3f7,0.0,0.0,0.0,0.0,0.0,0.0,0.0,0.0,0.0,0.0,0.24466629864348988,0.0,0.15929591337628032,0.0,0.0,0.0,0.0,0.0,0.0,0.0,0.0,0.23288589493750983,0.0,0.0,0.0,0.0,0.33446662383389864,0.0,0.0,0.0,0.0,0.0,0.0,0.0,0.0,0.0,0.0,0.0,0.0,0.0,0.0,0.0,0.0,0.0,0.3089980064240644,0.0,0.0,0.0,0.0,0.0,0.0,0.0,0.0,0.0,0.0,0.0,0.0,0.0,0.30762608219477566,0.0,0.0,0.0,0.0,0.0,0.0,0.0,0.0,0.0,0.0,0.0,0.0,0.0,0.0,0.0,0.0,0.15126863038280758,0.0,0.25739976092175165,0.0,0.1383990194986317,0.0,0.0,0.0,0.0,0.0,0.0,0.0,0.0,0.0,0.0,0.0,0.0,0.0,0.0,0.0,0.0,0.0,0.0,0.0,0.0,0.0,0.0,0.0,0.0,0.36293827770060283,0.0,0.0,0.0,0.0,0.0,0.0,0.0,0.0,0.0,0.0,0.0,0.0,0.0,0.0,0.17924798928978777,0.0,0.0,0.0,0.0,0.2514690302332626,0.0,0.28884285585132685,0.0,0.0,0.0,0.0,0.0,0.0,0.22843343687230983,0.0,0.0,0.0,0.0,0.0,0.0,0.0,0.0,0.0,0.24583709909936208,0.0,0.16466977648741057,0.0,0.0,0.0,0.0,0.0,0.0,0.0,0.0,0.0,0.0,0.0,0.0,0.0,0.0,0.0
b7f82678830c34db745a16d5551386f15ff28fda563f10c6903f6471a58e243e,0.0,0.0,0.0,0.0,0.0,0.0,0.0,0.0,0.0,0.0,0.0,0.37034336728360706,0.1379116274595512,0.0,0.0,0.0,0.0,0.0,0.0,0.448410802353301,0.3893850631030921,0.0,0.0,0.0,0.0,0.0,0.0,0.0,0.0,0.0,0.0,0.0,0.0,0.0,0.22551893435360332,0.0,0.0,0.0,0.0,0.0,0.0,0.0,0.0,0.0,0.0,0.0,0.0,0.0,0.0,0.0,0.0,0.0,0.0,0.0,0.0,0.0,0.0,0.0,0.0,0.0,0.0,0.0,0.0,0.0,0.0,0.0,0.0,0.0,0.0,0.0,0.0,0.0,0.0,0.0,0.0,0.1309619472182686,0.0,0.0,0.0,0.1198199854178089,0.0,0.0,0.0,0.0,0.0,0.0,0.0,0.0,0.0,0.0,0.0,0.0,0.0,0.0,0.0,0.0,0.0,0.0,0.0,0.1686207688421651,0.0,0.0,0.18473307324231197,0.5117113475962088,0.0,0.0,0.0,0.0,0.0,0.0,0.0,0.0,0.0,0.0,0.0,0.0,0.1721252495966642,0.0,0.17506912373875133,0.15518528628800204,0.0,0.0,0.0,0.0,0.0,0.0,0.0,0.0,0.0,0.0,0.0,0.0,0.0,0.0,0.0,0.0,0.0,0.0,0.0,0.0,0.0,0.0,0.0,0.0,0.0,0.0,0.0,0.0,0.0,0.0,0.0,0.0,0.0,0.0,0.0,0.0,0.0,0.0,0.0,0.0,0.0
f9c7dd489dd56e10c4e003e38428fe06097aca743cc878c09bf2bda235c73e30,0.0,0.0,0.0,0.0,0.0,0.0,0.0,0.0,0.0,0.0,0.15179647108471256,0.0,0.09883076518016723,0.0,0.0,0.0,0.0,0.0,0.0,0.0,0.0,0.14448764383537116,0.0,0.0,0.0,0.0,0.0,0.0,0.0,0.0,0.0,0.0,0.0,0.0,0.0,0.0,0.4203405196739409,0.0,0.0,0.0,0.0,0.28535331850671736,0.0,0.17111353324596576,0.0,0.0,0.0,0.0,0.0,0.0,0.0,0.0,0.0,0.0,0.0,0.0,0.0,0.0,0.19085813595776643,0.0,0.0,0.0,0.0,0.0,0.0,0.0,0.0,0.0,0.0,0.0,0.0,0.0,0.0,0.0,0.0,0.09385045838040229,0.0,0.0,0.0,0.08586586251541192,0.0,0.0,0.0,0.0,0.0,0.0,0.0,0.0,0.0,0.0,0.0,0.0,0.0,0.0,0.0,0.0,0.0,0.0,0.0,0.12083766914306782,0.0,0.0,0.0,0.0,0.0,0.4329881111755398,0.0,0.0,0.0,0.0,0.0,0.40038410092300075,0.0,0.0,0.0,0.0,0.0,0.0,0.12545871423058091,0.11120948154313416,0.1327492357141686,0.0,0.0,0.0,0.1560170386691704,0.0,0.0,0.0,0.0,0.0,0.0,0.0,0.0,0.0,0.0,0.0,0.0,0.31104603668909137,0.0,0.0,0.0,0.0,0.0,0.0,0.0,0.1021648306435538,0.2113808411099436,0.0,0.0,0.0,0.0,0.0,0.0,0.0,0.14827441016004073,0.0,0.0,0.0,0.0,0.0,0.0
f8b823dc5519d25ef2599725c25306171a8496069b1ba56cb854323ae98d10d1,0.0,0.0,0.0,0.0,0.0,0.0,0.0,0.0,0.0,0.0,0.47263950569191093,0.0,0.3077233855841057,0.0,0.0,0.0,0.0,0.0,0.0,0.0,0.0,0.0,0.0,0.0,0.0,0.0,0.0,0.0,0.0,0.0,0.0,0.0,0.0,0.0,0.0,0.0,0.0,0.0,0.0,0.0,0.0,0.0,0.0,0.0,0.0,0.0,0.0,0.0,0.0,0.0,0.0,0.0,0.0,0.0,0.0,0.0,0.0,0.0,0.0,0.0,0.0,0.0,0.0,0.0,0.0,0.0,0.0,0.0,0.0,0.0,0.0,0.0,0.0,0.0,0.0,0.2922165050406092,0.0,0.0,0.0,0.2673553510505888,0.0,0.0,0.0,0.0,0.0,0.0,0.0,0.0,0.0,0.0,0.0,0.0,0.0,0.0,0.0,0.0,0.0,0.0,0.0,0.3762449535527712,0.0,0.0,0.0,0.0,0.0,0.0,0.0,0.0,0.0,0.0,0.0,0.0,0.0,0.0,0.0,0.0,0.3840645312225735,0.0,0.0,0.0,0.0,0.0,0.0,0.0,0.4857808321180321,0.0,0.0,0.0,0.0,0.0,0.0,0.0,0.0,0.0,0.0,0.0,0.0,0.0,0.0,0.0,0.0,0.0,0.0,0.0,0.0,0.0,0.0,0.0,0.0,0.0,0.0,0.0,0.0,0.0,0.0,0.0,0.0,0.0,0.0,0.0,0.0
f6ee3a24e7d397b2568fcee9ed1bcd4b69ae3afd7ccc9d6a4e8cdf8e3a47ddb0,0.0,0.0,0.0,0.0,0.0,0.0,0.0,0.0,0.0,0.0,0.0,0.0,0.4350738872372838,0.0,0.0,0.0,0.0,0.0,0.0,0.0,0.0,0.0,0.0,0.0,0.0,0.0,0.0,0.0,0.0,0.0,0.0,0.0,0.0,0.0,0.0,0.0,0.0,0.0,0.0,0.0,0.0,0.0,0.0,0.0,0.0,0.0,0.0,0.0,0.0,0.0,0.0,0.0,0.0,0.0,0.0,0.0,0.0,0.0,0.0,0.0,0.0,0.0,0.0,0.0,0.0,0.0,0.0,0.0,0.0,0.0,0.0,0.0,0.0,0.0,0.0,0.4131495255766414,0.0,0.0,0.0,0.3779996493749623,0.0,0.0,0.0,0.0,0.0,0.0,0.0,0.0,0.0,0.0,0.0,0.0,0.0,0.0,0.0,0.0,0.0,0.0,0.0,0.0,0.0,0.0,0.0,0.0,0.0,0.0,0.0,0.0,0.0,0.0,0.0,0.0,0.0,0.0,0.0,0.0,0.5430086122047428,0.0,0.0,0.0,0.0,0.0,0.0,0.0,0.0,0.0,0.0,0.0,0.0,0.0,0.0,0.0,0.0,0.0,0.0,0.0,0.0,0.0,0.0,0.0,0.0,0.0,0.0,0.0,0.0,0.4497511470846078,0.0,0.0,0.0,0.0,0.0,0.0,0.0,0.0,0.0,0.0,0.0,0.0,0.0,0.0,0.0
f5d002bfe80b48386a6c99c41528931b7f5df736cd34094463c3f85dde0180bf,0.0,0.2222067615527684,0.0,0.0,0.2887267065218603,0.0,0.0,0.0,0.0,0.0,0.15957076373505696,0.0,0.10389240650738425,0.0,0.0,0.0,0.0,0.0,0.0,0.0,0.0,0.15188761314630483,0.0,0.0,0.0,0.0,0.0,0.3438798836615123,0.0,0.0,0.0,0.0,0.0,0.0,0.0,0.0,0.0,0.0,0.0,0.0,0.0,0.0,0.0,0.0,0.0,0.0,0.0,0.0,0.0,0.0,0.0,0.0,0.0,0.0,0.0,0.0,0.0,0.49241437479364325,0.0,0.0,0.0,0.0,0.0,0.0,0.2006329811371833,0.0,0.0,0.0,0.0,0.0,0.0,0.0,0.0,0.0,0.0,0.09865703210115127,0.0,0.0,0.0,0.09026350324512634,0.0,0.0,0.0,0.0,0.0,0.0,0.0,0.0,0.0,0.0,0.0,0.0,0.0,0.0,0.0,0.0,0.0,0.0,0.0,0.0,0.0,0.0,0.1391642162027106,0.0,0.0,0.0,0.16619259554497523,0.0,0.0,0.0,0.0,0.0,0.0,0.0,0.0,0.0,0.0,0.1200761442050644,0.13188411235080566,0.1169051017959061,0.13954801963962332,0.3221130332769677,0.0,0.0,0.0,0.0,0.18838260668982243,0.0,0.0,0.0,0.0,0.0,0.0,0.0,0.0,0.0,0.0,0.0,0.0,0.0,0.3349394177072143,0.0,0.0,0.16033435693919132,0.0,0.0,0.0,0.0,0.0,0.0,0.0,0.0,0.0,0.0,0.0,0.0,0.0,0.0,0.0,0.0,0.0
f4e6a61d2e8cd7651788e61c8b5c9fb36df48373adec1b1e875ff10adca28b90,0.0,0.0,0.0,0.0,0.0,0.0,0.0,0.0,0.0,0.0,0.19013881067409635,0.0,0.12379447305386265,0.0,0.0,0.0,0.0,0.0,0.0,0.0,0.0,0.18098384342958998,0.0,0.0,0.0,0.0,0.0,0.0,0.0,0.0,0.0,0.0,0.0,0.0,0.0,0.0,0.0,0.0,0.0,0.0,0.0,0.0,0.0,0.21433517834201493,0.0,0.0,0.0,0.0,0.0,0.0,0.0,0.0,0.0,0.0,0.0,0.0,0.0,0.0,0.0,0.0,0.0,0.0,0.0,0.0,0.23906707922236684,0.0,0.0,0.0,0.42189913105999355,0.0,0.0,0.39266244513718535,0.0,0.0,0.0,0.11755618829709147,0.25097315296025935,0.20003443335190557,0.0,0.10755475973532123,0.0,0.0,0.0,0.0,0.0,0.0,0.0,0.0,0.0,0.0,0.0,0.0,0.0,0.0,0.0,0.0,0.0,0.0,0.0,0.15136011088604798,0.0,0.0,0.0,0.0,0.0,0.0,0.0,0.0,0.0,0.0,0.0,0.0,0.0,0.0,0.0,0.0,0.1545058597712017,0.14307843564244557,0.15714838785146423,0.0,0.1662804254685292,0.0,0.0,0.0,0.19542545334203176,0.0,0.0,0.0,0.0,0.0,0.0,0.0,0.0,0.17752368121768275,0.0,0.0,0.0,0.0,0.0,0.0,0.0,0.0,0.0,0.1910486810054435,0.0,0.0,0.0,0.0,0.0,0.0,0.0,0.355386235049977,0.0,0.0,0.0,0.0,0.0,0.0,0.0,0.0,0.0
a0c962a5903fb5b1e5cafe514b25a9dbc081d8dc768fe9c0b226c16cba635d20,0.0,0.0,0.0,0.0,0.0,0.0,0.30532993936270836,0.0,0.0,0.0,0.0,0.0,0.11475391792345467,0.0,0.0,0.0,0.29615215977231035,0.22461038024732236,0.0,0.0,0.0,0.0,0.0,0.0,0.0,0.30259929746087894,0.0,0.0,0.0,0.0,0.0,0.0,0.0,0.0,0.0,0.0,0.0,0.0,0.0,0.0,0.0,0.0,0.0,0.0,0.0,0.0,0.0,0.0,0.0,0.2794275934351466,0.0,0.0,0.0,0.0,0.0,0.0,0.0,0.0,0.0,0.0,0.1665180166472941,0.3039530473412019,0.0,0.0,0.0,0.0,0.0,0.0,0.0,0.0,0.0,0.0,0.0,0.0,0.0,0.10897120727973969,0.0,0.0,0.0,0.0,0.0,0.0,0.0,0.0,0.0,0.0,0.0,0.0,0.23909203600532436,0.0,0.0,0.0,0.0,0.0,0.0,0.0,0.0,0.0,0.0,0.1403064717917194,0.0,0.0,0.15371324604818637,0.0,0.0,0.0,0.0,0.0,0.0,0.0,0.0,0.0,0.0,0.0,0.2304227926510083,0.2622637400310567,0.14322249058051997,0.13262959690604045,0.14567203814877797,0.12912703543321055,0.15413717451012926,0.0,0.0,0.0,0.0,0.0,0.0,0.0,0.0,0.0,0.0,0.0,0.2937111783690641,0.0,0.0,0.0,0.0,0.0,0.0,0.0,0.0,0.0,0.0,0.17709663540426432,0.0,0.11862515249134878,0.0,0.0,0.0,0.0,0.0,0.0,0.0,0.0,0.0,0.0,0.0,0.0,0.0,0.0,0.0
fef984d0cfaacd9e1685f796788009e017649a9485e7927a61968007f6e05bcd,0.0,0.0,0.0,0.0,0.0,0.0,0.0,0.0,0.0,0.0,0.0,0.0,0.25399891143950987,0.0,0.0,0.0,0.0,0.0,0.0,0.0,0.0,0.0,0.0,0.0,0.0,0.0,0.0,0.0,0.0,0.0,0.0,0.0,0.0,0.0,0.0,0.0,0.0,0.0,0.0,0.0,0.0,0.0,0.0,0.0,0.0,0.0,0.0,0.0,0.0,0.0,0.0,0.0,0.7291740464374747,0.0,0.0,0.0,0.0,0.0,0.0,0.0,0.0,0.0,0.0,0.0,0.0,0.0,0.0,0.0,0.0,0.0,0.0,0.0,0.0,0.0,0.0,0.0,0.0,0.0,0.0,0.22067860720262758,0.0,0.0,0.0,0.0,0.0,0.0,0.0,0.0,0.0,0.0,0.0,0.0,0.0,0.0,0.0,0.0,0.0,0.0,0.0,0.0,0.0,0.0,0.0,0.0,0.0,0.0,0.0,0.0,0.0,0.0,0.0,0.0,0.0,0.0,0.0,0.0,0.31701189257323054,0.0,0.3224337764366804,0.28581269407571885,0.0,0.0,0.0,0.0,0.0,0.0,0.0,0.0,0.0,0.0,0.0,0.0,0.0,0.0,0.0,0.0,0.0,0.0,0.0,0.0,0.0,0.0,0.0,0.0,0.0,0.2625675893893817,0.0,0.0,0.0,0.0,0.0,0.0,0.0,0.0,0.0,0.0,0.0,0.0,0.0,0.0,0.0
f0de5714ce83c1b278f1426a198450e9ee1a94fdaefd77d502ec9c010cc43450,0.3434280605138884,0.0,0.0,0.0,0.0,0.0,0.0,0.0,0.0,0.0,0.14004075805149135,0.0,0.09117692378313409,0.0,0.0,0.0,0.0,0.0,0.0,0.0,0.0,0.13329795499980535,0.0,0.0,0.0,0.0,0.0,0.0,0.0,0.0,0.0,0.0,0.0,0.0,0.0,0.0,0.0,0.0,0.0,0.0,0.0,0.0,0.0,0.15786183128895817,0.0,0.0,0.0,0.0,0.22446330189628239,0.0,0.0,0.0,0.2617485487629828,0.0,0.0,0.0,0.0,0.0,0.0,0.0,0.0,0.0,0.0,0.0,0.17607733466283448,0.3489965657042244,0.0,0.0,0.0,0.0,0.3140191688286554,0.0,0.0,0.0,0.0,0.0865823114408033,0.18484637863528935,0.14732906755694639,0.0,0.07921607394082848,0.0,0.0,0.0,0.0,0.0,0.0,0.0,0.0,0.0,0.0,0.0,0.0,0.0,0.0,0.0,0.0,0.0,0.0,0.0,0.11147952694188001,0.0,0.0,0.0,0.0,0.0,0.0,0.14585213806023856,0.0,0.0,0.0,0.0,0.0,0.0,0.0,0.0,0.0,0.11379642929839914,0.10537991963425761,0.11574270020553452,0.1025969838858941,0.12246861516163739,0.0,0.0,0.0,0.1439344683578738,0.0,0.16532629428509055,0.0,0.0,0.0,0.0,0.0,0.0,0.13074948140086623,0.0,0.0,0.0,0.0,0.0,0.0,0.0,0.0,0.0,0.0,0.0,0.0,0.1950106811776836,0.0,0.0,0.0,0.0,0.2617485487629828,0.0,0.0,0.0,0.0,0.3211373244979251,0.0,0.0,0.0,0.0
2d22f914168c080b550e8145a06d00b826aaa8ae47abc1af5590084a68793af6,0.0,0.0,0.0,0.0,0.0,0.0,0.0,0.0,0.0,0.0,0.1676592021680482,0.0,0.10915858004707799,0.0,0.0,0.0,0.0,0.213658501734002,0.0,0.0,0.0,0.159586602478133,0.0,0.0,0.0,0.0,0.0,0.0,0.0,0.0,0.0,0.0,0.0,0.0,0.0,0.0,0.0,0.0,0.0,0.0,0.0,0.0,0.19993208604995694,0.18899489730669805,0.0,0.0,0.0,0.0,0.0,0.0,0.0,0.0,0.0,0.0,0.0,0.0,0.0,0.0,0.0,0.0,0.0,0.0,0.0,0.0,0.21080281098301915,0.0,0.0,0.17850073341342934,0.3720191130792004,0.0,0.3759491454047104,0.34623900317697914,0.0,0.0,0.0,0.10365783119149548,0.2213012611246396,0.1763848915590546,0.0,0.09483884506624161,0.0,0.0,0.0,0.0,0.0,0.0,0.0,0.0,0.0,0.0,0.0,0.0,0.0,0.0,0.0,0.0,0.0,0.0,0.0,0.1334652054530777,0.0,0.0,0.0,0.0,0.24870585942118142,0.0,0.0,0.0,0.0,0.0,0.0,0.0,0.0,0.0,0.0,0.0,0.13623904077073887,0.12616265076140462,0.13856914974782122,0.0,0.14662153071947892,0.0,0.0,0.0,0.17232081906104985,0.0,0.0,0.0,0.0,0.0,0.0,0.0,0.0,0.15653552608944793,0.0,0.0,0.0,0.0,0.0,0.0,0.0,0.0,0.0,0.16846150093750623,0.0,0.0,0.0,0.0,0.0,0.0,0.0,0.0,0.0,0.0,0.0,0.0,0.0,0.0,0.0,0.0,0.0
3ffdaa1515622897c84111ab4180de09aadd03674935555270a2789625f7e513,0.0,0.0,0.0,0.0,0.0,0.0,0.0,0.0,0.0,0.0,0.35290392253872566,0.0,0.22976663719751825,0.0,0.0,0.0,0.0,0.0,0.0,0.0,0.0,0.33591200048006936,0.0,0.0,0.0,0.0,0.0,0.0,0.0,0.0,0.0,0.0,0.0,0.0,0.37572413671931243,0.0,0.0,0.0,0.0,0.0,0.0,0.0,0.0,0.0,0.0,0.0,0.0,0.0,0.0,0.0,0.0,0.0,0.0,0.0,0.0,0.0,0.0,0.0,0.0,0.0,0.0,0.0,0.0,0.0,0.44371640754637054,0.0,0.0,0.0,0.0,0.0,0.0,0.0,0.0,0.0,0.0,0.21818817432203746,0.0,0.0,0.0,0.19962519205699478,0.0,0.0,0.0,0.0,0.0,0.0,0.0,0.0,0.0,0.0,0.0,0.0,0.0,0.0,0.0,0.0,0.0,0.0,0.0,0.0,0.0,0.0,0.0,0.0,0.0,0.0,0.0,0.0,0.0,0.0,0.0,0.0,0.0,0.0,0.0,0.0,0.2867679868994979,0.26555830968917793,0.0,0.0,0.0,0.0,0.0,0.0,0.3627161062163275,0.0,0.0,0.0,0.0,0.0,0.0,0.0,0.0,0.0,0.0,0.0,0.0,0.0,0.0,0.0,0.0,0.0,0.0,0.0,0.0,0.0,0.0,0.0,0.0,0.0,0.0,0.0,0.0,0.0,0.0,0.0,0.0,0.0,0.0,0.0,0.0
9e9519db3a55dd28cc85ddb8e02990758fa23d0f387e006de073e30277bce862,0.0,0.0,0.0,0.0,0.0,0.0,0.0,0.0,0.0,0.0,0.28551014059083674,0.0,0.18588828488339787,0.0,0.0,0.0,0.0,0.0,0.0,0.0,0.0,0.2717631523993322,0.0,0.0,0.0,0.0,0.0,0.0,0.0,0.0,0.0,0.0,0.0,0.0,0.0,0.0,0.0,0.0,0.0,0.0,0.0,0.0,0.0,0.0,0.0,0.0,0.0,0.0,0.0,0.0,0.0,0.0,0.0,0.0,0.0,0.0,0.0,0.0,0.0,0.0,0.0,0.0,0.0,0.0,0.3589802374246025,0.0,0.0,0.0,0.0,0.0,0.0,0.0,0.0,0.0,0.0,0.1765209518721261,0.0,0.0,0.0,0.16150292759472248,0.0,0.0,0.0,0.0,0.0,0.0,0.0,0.0,0.0,0.0,0.0,0.0,0.0,0.0,0.0,0.0,0.0,0.0,0.0,0.22728051356643722,0.0,0.0,0.24899796180219946,0.0,0.42352608130589575,0.0,0.0,0.0,0.0,0.0,0.0,0.0,0.0,0.0,0.0,0.0,0.0,0.2148448500911807,0.0,0.0,0.0,0.0,0.0,0.0,0.0,0.0,0.0,0.0,0.0,0.0,0.0,0.0,0.0,0.0,0.0,0.0,0.0,0.0,0.0,0.0,0.0,0.0,0.0,0.0,0.0,0.0,0.0,0.0,0.0,0.0,0.0,0.5336436762880752,0.0,0.0,0.0,0.0,0.0,0.0,0.0,0.0,0.0
2b396ae1fa95ef655bb7b0eb45532a857d882bb601adeb8fb1b5d43dcff9ec31,0.0,0.0,0.0,0.0,0.0,0.0,0.3090022774530469,0.0,0.0,0.0,0.0,0.0,0.11613411399818444,0.0,0.0,0.0,0.2997141126523256,0.22731186853435148,0.0,0.0,0.0,0.0,0.0,0.0,0.0,0.30623879291453376,0.0,0.0,0.0,0.0,0.0,0.0,0.0,0.0,0.0,0.0,0.0,0.0,0.0,0.0,0.0,0.0,0.0,0.0,0.0,0.0,0.0,0.0,0.0,0.28278839256609767,0.0,0.0,0.0,0.0,0.0,0.0,0.0,0.0,0.0,0.0,0.16852080240927292,0.3076088249428199,0.0,0.0,0.0,0.0,0.0,0.0,0.0,0.0,0.0,0.0,0.0,0.0,0.0,0.11028185213847458,0.0,0.0,0.0,0.0,0.0,0.0,0.0,0.0,0.0,0.0,0.0,0.0,0.24196770156485511,0.0,0.0,0.0,0.0,0.0,0.0,0.0,0.0,0.0,0.0,0.14199399972218435,0.0,0.0,0.0,0.0,0.0,0.0,0.0,0.0,0.0,0.0,0.0,0.0,0.0,0.0,0.23319418939022316,0.2654181019132912,0.1449450907573968,0.1342247916702385,0.14742410011658755,0.1306801033429728,0.15599105041326594,0.0,0.0,0.0,0.0,0.0,0.0,0.0,0.0,0.0,0.0,0.0,0.2972437724871982,0.0,0.0,0.0,0.0,0.0,0.0,0.0,0.0,0.0,0.0,0.1792266548881817,0.0,0.1200519096147264,0.0,0.0,0.0,0.0,0.0,0.0,0.0,0.0,0.0,0.0,0.0,0.0,0.0,0.0,0.0
2da3696e82b2a874191a6f4e3bfd26d4b7e5aa5d187c5afdebbe52263dccd5ae,0.0,0.0,0.0,0.0,0.0,0.0,0.0,0.0,0.0,0.0,0.0,0.0,0.2427628966827364,0.0,0.0,0.0,0.0,0.47516518407870423,0.0,0.0,0.0,0.0,0.0,0.0,0.0,0.0,0.0,0.0,0.0,0.0,0.0,0.0,0.0,0.0,0.3969761706752523,0.0,0.0,0.0,0.0,0.0,0.0,0.0,0.0,0.0,0.0,0.0,0.0,0.0,0.0,0.0,0.0,0.0,0.0,0.0,0.0,0.0,0.0,0.0,0.0,0.0,0.0,0.0,0.0,0.0,0.46881427919848584,0.0,0.0,0.0,0.0,0.0,0.0,0.0,0.0,0.0,0.0,0.0,0.0,0.0,0.0,0.0,0.0,0.0,0.0,0.0,0.0,0.0,0.0,0.0,0.0,0.0,0.0,0.0,0.0,0.0,0.0,0.0,0.0,0.0,0.0,0.0,0.0,0.0,0.3251816891694717,0.0,0.0,0.0,0.0,0.0,0.0,0.0,0.0,0.0,0.0,0.0,0.0,0.0,0.3029884060833139,0.0,0.0,0.0,0.0,0.0,0.0,0.0,0.0,0.0,0.0,0.0,0.0,0.0,0.0,0.0,0.0,0.0,0.0,0.0,0.0,0.0,0.0,0.0,0.0,0.0,0.0,0.37464944972234693,0.0,0.0,0.0,0.0,0.0,0.0,0.0,0.0,0.0,0.0,0.0,0.0,0.0,0.0,0.0,0.0,0.0
f52e1ebc1a294f9f4413a4069dd27f6926e4c64e4a0fdb21957beb3f8ec12271,0.0,0.0,0.0,0.0,0.0,0.0,0.0,0.0,0.0,0.0,0.2459027323273908,0.0,0.16010092344141066,0.0,0.0,0.0,0.0,0.0,0.0,0.0,0.0,0.2340627957473174,0.0,0.0,0.0,0.0,0.0,0.0,0.0,0.0,0.0,0.0,0.0,0.0,0.0,0.0,0.0,0.0,0.0,0.0,0.0,0.0,0.0,0.2771954121377095,0.0,0.0,0.0,0.3344279807090267,0.0,0.0,0.0,0.0,0.0,0.0,0.0,0.0,0.0,0.0,0.0,0.0,0.0,0.0,0.0,0.0,0.0,0.0,0.0,0.0,0.0,0.0,0.0,0.0,0.0,0.0,0.4795809354164655,0.1520330741617826,0.3245785741214575,0.25870054381010293,0.0,0.13909842603919623,0.0,0.0,0.0,0.0,0.0,0.0,0.0,0.0,0.0,0.0,0.0,0.0,0.0,0.0,0.0,0.0,0.0,0.0,0.0,0.0,0.0,0.0,0.0,0.0,0.36477240489431123,0.0,0.0,0.0,0.0,0.0,0.0,0.0,0.0,0.0,0.0,0.0,0.1998193474737414,0.0,0.0,0.0,0.0,0.0,0.0,0.0,0.0,0.0,0.0,0.0,0.0,0.0,0.0,0.0,0.0,0.22958783695701349,0.0,0.0,0.0,0.0,0.0,0.0,0.0,0.0,0.0,0.0,0.0,0.0,0.0,0.0,0.0,0.0,0.0,0.0,0.0,0.0,0.0,0.0,0.0,0.0,0.0,0.0,0.0
9b43fa2ed0b5bcaf69d80ebf5288e5e35d1f03917b01f092028fe7f32442a3d7,0.0,0.0,0.0,0.0,0.0,0.0,0.0,0.0,0.0,0.0,0.1583655014013015,0.0,0.10310769130394973,0.0,0.0,0.0,0.0,0.0,0.0,0.0,0.0,0.1507403828216245,0.0,0.0,0.0,0.0,0.0,0.0,0.0,0.0,0.0,0.0,0.0,0.0,0.0,0.0,0.0,0.0,0.0,0.0,0.0,0.0,0.0,0.17851851426719192,0.0,0.0,0.0,0.0,0.0,0.0,0.0,0.0,0.0,0.0,0.0,0.0,0.0,0.0,0.0,0.0,0.0,0.0,0.0,0.0,0.0,0.0,0.0,0.16860606386032928,0.0,0.0,0.0,0.0,0.35902243296390846,0.0,0.0,0.09791186047968153,0.20903406866755878,0.16660750755193138,0.0,0.08958172922820935,0.0,0.0,0.0,0.0,0.0,0.0,0.0,0.0,0.0,0.0,0.0,0.0,0.0,0.0,0.0,0.0,0.0,0.0,0.0,0.12606694954935455,0.0,0.0,0.0,0.0,0.0,0.0,0.16493731750487017,0.0,0.0,0.0,0.0,0.0,0.0,0.0,0.0,0.0,0.12868702536509027,0.0,0.0,0.1160220997188314,0.0,0.0,0.0,0.0,0.1627687151053786,0.0,0.18695972410868186,0.0,0.0,0.0,0.0,0.4177108232008567,0.2639028109872231,0.14785843398816007,0.0,0.0,0.0,0.0,0.0,0.0,0.0,0.0,0.0,0.0,0.0,0.0,0.0,0.0,0.0,0.0,0.0,0.0,0.0,0.0,0.15469102240771337,0.0,0.0,0.0,0.48869509386368604,0.0,0.0
3a550e32589fda38ebeca5616292a6d6e42842958a43376cd9f01ae6f7d135ee,0.0,0.0,0.0,0.0,0.0,0.0,0.0,0.0,0.0,0.0,0.0,0.0,0.0,0.0,0.0,0.0,0.0,0.0,0.0,0.0,0.0,0.0,0.0,0.0,0.0,0.0,0.3831453230790484,0.0,0.0,0.0,0.0,0.0,0.0,0.0,0.0,0.0,0.0,0.0,0.0,0.0,0.0,0.0,0.3342258191793051,0.0,0.3539699705909219,0.0,0.0,0.0,0.0,0.0,0.0,0.0,0.0,0.0,0.0,0.0,0.0,0.0,0.352398374758592,0.0,0.0,0.0,0.0,0.0,0.0,0.0,0.0,0.0,0.0,0.0,0.0,0.0,0.0,0.0,0.0,0.0,0.0,0.2948620505937577,0.0,0.15854178940724672,0.0,0.0,0.0,0.0,0.0,0.0,0.0,0.0,0.0,0.0,0.0,0.0,0.0,0.0,0.0,0.0,0.0,0.0,0.0,0.2231133506672015,0.0,0.0,0.24443261190868942,0.0,0.0,0.0,0.0,0.0,0.0,0.0,0.0,0.0,0.0,0.0,0.0,0.0,0.0,0.0,0.0,0.2053359703891176,0.0,0.0,0.0,0.0,0.0,0.0,0.0,0.0,0.0,0.0,0.0,0.0,0.0,0.26167993077827684,0.0,0.0,0.0,0.0,0.0,0.0,0.0,0.0,0.352398374758592,0.0,0.0,0.18863602589224662,0.0,0.0,0.0,0.0,0.0,0.0,0.0,0.0,0.0,0.0,0.0,0.0,0.0,0.0,0.0
3c750d7eaa45aea07cd60993c0652ff9fe04b0fee8932e117945191a3fd76914,0.0,0.0,0.0,0.0,0.0,0.0,0.0,0.0,0.0,0.0,0.0,0.0,0.1373252615921698,0.0,0.0,0.0,0.0,0.0,0.0,0.0,0.38772949486364994,0.0,0.0,0.0,0.0,0.0,0.0,0.0,0.0,0.0,0.0,0.0,0.0,0.0,0.0,0.0,0.0,0.0,0.0,0.0,0.0,0.0,0.0,0.0,0.0,0.0,0.0,0.0,0.338073279638889,0.0,0.0,0.0,0.0,0.0,0.0,0.3836272104078071,0.0,0.0,0.0,0.0,0.19927101932286279,0.0,0.0,0.0,0.2651972126251814,0.0,0.5172509259068154,0.22456008405222488,0.0,0.0,0.0,0.0,0.0,0.0,0.0,0.0,0.0,0.0,0.0,0.119310540703296,0.0,0.0,0.0,0.0,0.0,0.0,0.0,0.0,0.0,0.0,0.0,0.0,0.0,0.0,0.0,0.0,0.0,0.0,0.0,0.167903835359456,0.0,0.0,0.18394763425706376,0.0,0.0,0.0,0.0,0.0,0.0,0.0,0.0,0.0,0.0,0.0,0.0,0.0,0.0,0.0,0.0,0.0,0.0,0.0,0.0,0.0,0.0,0.0,0.0,0.0,0.0,0.0,0.0,0.0,0.0,0.0,0.0,0.0,0.0,0.0,0.0,0.0,0.0,0.0,0.0,0.21193038306723433,0.0,0.14195794263121997,0.0,0.0,0.0,0.0,0.0,0.0,0.0,0.0,0.0,0.0,0.0,0.0,0.0,0.0,0.0
431d19c662ae3489b13f1e0949efa24cb39916a398599b0b127af0b46ca984c8,0.0,0.0,0.0,0.0,0.0,0.0,0.0,0.0,0.0,0.0,0.0,0.0,0.20243657910861723,0.0,0.0,0.0,0.0,0.0,0.0,0.0,0.0,0.0,0.0,0.0,0.0,0.0,0.0,0.0,0.0,0.0,0.0,0.0,0.0,0.0,0.0,0.0,0.0,0.0,0.0,0.0,0.0,0.0,0.0,0.0,0.0,0.0,0.0,0.0,0.0,0.0,0.0,0.0,0.0,0.0,0.0,0.0,0.0,0.0,0.0,0.0,0.0,0.0,0.0,0.0,0.0,0.0,0.0,0.0,0.0,0.0,0.0,0.0,0.0,0.0,0.0,0.1922353399538068,0.0,0.0,0.0,0.1758803692164374,0.0,0.0,0.0,0.0,0.0,0.0,0.0,0.0,0.0,0.0,0.0,0.0,0.0,0.0,0.0,0.0,0.0,0.0,0.0,0.2475136595794611,0.0,0.0,0.2711644557045311,0.0,0.0,0.0,0.0,0.0,0.0,0.0,0.0,0.0,0.0,0.0,0.0,0.0,0.25265778780534875,0.0,0.0,0.22779209456685193,0.0,0.0,0.0,0.0,0.0,0.0,0.0,0.0,0.0,0.0,0.0,0.0,0.0,0.0,0.0,0.0,0.0,0.0,0.0,0.0,0.0,0.0,0.0,0.31241492832339895,0.0,0.20926579676874327,0.43297463381358336,0.46851787246772814,0.0,0.0,0.0,0.0,0.0,0.0,0.303712758951401,0.0,0.0,0.0,0.0,0.0,0.0
2b5776c5c81b695863b32f58d2a78d4ba17267684770632edaf69546397ae946,0.0,0.0,0.0,0.0,0.0,0.0,0.0,0.0,0.0,0.0,0.16180296669921054,0.0,0.10534573625483024,0.0,0.0,0.0,0.0,0.0,0.0,0.0,0.0,0.1540123380792902,0.0,0.0,0.0,0.0,0.0,0.0,0.0,0.0,0.0,0.0,0.0,0.0,0.0,0.0,0.0,0.0,0.0,0.0,0.0,0.0,0.0,0.18239341879120655,0.0,0.0,0.0,0.0,0.0,0.0,0.0,0.0,0.3024240393178347,0.0,0.0,0.0,0.0,0.0,0.0,0.0,0.0,0.0,0.0,0.0,0.0,0.0,0.0,0.0,0.3590247083765211,0.0,0.0,0.3341450822655122,0.0,0.0,0.0,0.10003712526067536,0.21357134067924932,0.17022387298830016,0.0,0.09152618103636131,0.0,0.0,0.0,0.0,0.0,0.0,0.478030703974669,0.0,0.0,0.0,0.0,0.0,0.0,0.0,0.0,0.0,0.0,0.0,0.0,0.12880334580014552,0.0,0.0,0.0,0.0,0.0,0.0,0.1685174299677259,0.0,0.0,0.0,0.0,0.0,0.0,0.0,0.0,0.0,0.13148029271226772,0.12175586496809658,0.13372901237900273,0.11854046349152833,0.14150012850837906,0.0,0.0,0.0,0.16630175610742215,0.0,0.0,0.0,0.0,0.0,0.0,0.0,0.2696310582807449,0.15106783396062967,0.0,0.0,0.0,0.0,0.0,0.0,0.0,0.0,0.0,0.0,0.0,0.0,0.0,0.0,0.0,0.0,0.0,0.0,0.0,0.0,0.0,0.0,0.0,0.0,0.0,0.0,0.0
2bfa0884b172c9eaff7358741c164f571f0565389ab9cf99a8e0b90ae8ad914d,0.0,0.0,0.0,0.0,0.0,0.0,0.3133360987904602,0.0,0.0,0.0,0.0,0.0,0.11776291914938078,0.0,0.0,0.0,0.30391766554275346,0.0,0.0,0.0,0.0,0.0,0.0,0.0,0.0,0.3105338558053837,0.0,0.0,0.0,0.0,0.0,0.0,0.0,0.0,0.0,0.0,0.0,0.0,0.0,0.0,0.0,0.0,0.0,0.0,0.0,0.0,0.0,0.0,0.0,0.28675455870499283,0.0,0.0,0.0,0.0,0.0,0.0,0.0,0.0,0.0,0.0,0.17088434178283074,0.3119231028183815,0.0,0.0,0.0,0.0,0.0,0.0,0.0,0.0,0.0,0.0,0.0,0.0,0.0,0.11182857809747598,0.0,0.0,0.0,0.0,0.0,0.0,0.0,0.0,0.0,0.0,0.0,0.0,0.24536134900541795,0.0,0.0,0.0,0.0,0.0,0.0,0.0,0.0,0.0,0.0,0.14398549515986497,0.0,0.0,0.15774381297060372,0.0,0.0,0.0,0.0,0.0,0.0,0.0,0.0,0.0,0.0,0.0,0.23646478649413516,0.26914064610580885,0.14697797586185424,0.13610732234588613,0.14949175384393365,0.13251291902611678,0.15817885740387705,0.0,0.0,0.0,0.0,0.0,0.0,0.0,0.0,0.0,0.0,0.0,0.30141267834199076,0.0,0.0,0.0,0.0,0.0,0.0,0.0,0.0,0.0,0.0,0.18174034607385794,0.0,0.1217356626659141,0.0,0.0,0.0,0.0,0.0,0.0,0.0,0.0,0.0,0.0,0.0,0.0,0.0,0.0,0.0
2d0bd38ea59864cdcd710759abea3f670449eb4505b54c8a8d22128691deefc1,0.0,0.0,0.0,0.0,0.0,0.0,0.3083804005499474,0.0,0.0,0.0,0.0,0.0,0.11590039040315894,0.0,0.0,0.0,0.2991109284760544,0.22685439617522501,0.0,0.0,0.0,0.0,0.0,0.0,0.0,0.30562247761188827,0.0,0.0,0.0,0.0,0.0,0.0,0.0,0.0,0.0,0.0,0.0,0.0,0.0,0.0,0.0,0.0,0.0,0.0,0.0,0.0,0.0,0.0,0.0,0.28221927193937923,0.0,0.0,0.0,0.0,0.0,0.0,0.0,0.0,0.0,0.0,0.16818164893903337,0.30698975240717946,0.0,0.0,0.0,0.0,0.0,0.0,0.0,0.0,0.0,0.0,0.0,0.0,0.0,0.11005990640641966,0.0,0.0,0.0,0.0,0.0,0.0,0.0,0.0,0.0,0.0,0.0,0.0,0.24148073387600977,0.0,0.0,0.0,0.0,0.0,0.0,0.0,0.0,0.0,0.0,0.0,0.0,0.0,0.15524894966118027,0.0,0.0,0.0,0.0,0.0,0.0,0.0,0.0,0.0,0.0,0.0,0.23272487867344105,0.2648839395485188,0.1446533841560648,0.13395466001149775,0.1471274044301402,0.13041710548213667,0.155677113467099,0.0,0.0,0.0,0.0,0.0,0.0,0.0,0.0,0.0,0.0,0.0,0.29664555994901376,0.0,0.0,0.0,0.0,0.0,0.0,0.0,0.0,0.0,0.0,0.17886595554960907,0.0,0.11981030133151971,0.0,0.0,0.0,0.0,0.0,0.0,0.0,0.0,0.0,0.0,0.0,0.0,0.0,0.0,0.0
2d7c79940727d8309cafe7c58204386db4d08c42623087e1acc36d7b8fa670e2,0.0,0.0,0.0,0.0,0.0,0.0,0.0,0.0,0.0,0.0,0.0,0.2424551989759998,0.0,0.30461346280610846,0.0,0.0,0.0,0.0,0.0,0.0,0.0,0.0,0.0,0.3109560693330982,0.3218467657275211,0.0,0.0,0.0,0.0,0.3657737032551745,0.0,0.0,0.0,0.0,0.1476420072070199,0.0,0.0,0.0,0.0,0.0,0.0,0.0,0.0,0.0,0.0,0.0,0.0,0.0,0.0,0.0,0.0,0.0,0.0,0.0,0.0,0.0,0.0,0.0,0.0,0.30770545041500746,0.0,0.0,0.0,0.0,0.0,0.0,0.0,0.0,0.0,0.0,0.0,0.0,0.0,0.0,0.0,0.08573774441807097,0.0,0.0,0.0,0.07844336087037077,0.0,0.0,0.0,0.0,0.0,0.0,0.0,0.0,0.0,0.0,0.0,0.0,0.0,0.0,0.0,0.0,0.0,0.0,0.0,0.11039210006913726,0.0,0.4279319670852832,0.12094045144897418,0.0,0.0,0.0,0.0,0.0,0.29615115450232293,0.0,0.0,0.0,0.0,0.0,0.18129495852693378,0.0,0.0,0.0,0.11461368821580009,0.10159620176562155,0.0,0.0,0.0,0.0,0.0,0.0,0.0,0.0,0.0,0.0,0.0,0.0,0.0,0.0,0.0,0.0,0.0,0.0,0.0,0.0,0.0,0.0,0.17435978857481502,0.0,0.0,0.0,0.0,0.0,0.0,0.0,0.0,0.0,0.0,0.0,0.0,0.0,0.0,0.0,0.0,0.0,0.0
2d7def3cae44ef0e08b5f203a9c430c0dbbcf0098ceb2999e8c0f4b0d98c3b5f,0.0,0.0,0.0,0.0,0.0,0.0,0.28034011083603183,0.0,0.0,0.0,0.0,0.0,0.10536184606290627,0.0,0.0,0.0,0.27191348961123135,0.20622707037797997,0.0,0.0,0.0,0.0,0.0,0.0,0.0,0.27783295921175893,0.0,0.0,0.0,0.0,0.0,0.0,0.0,0.0,0.0,0.0,0.0,0.0,0.0,0.0,0.0,0.0,0.0,0.18242131097816655,0.0,0.0,0.0,0.22008586000122443,0.2593843582332234,0.0,0.0,0.0,0.0,0.0,0.0,0.0,0.0,0.0,0.0,0.0,0.15288929523430847,0.2790759109913522,0.0,0.0,0.0,0.0,0.0,0.0,0.0,0.0,0.0,0.0,0.0,0.0,0.0,0.10005242325892115,0.21360400069408428,0.17024990416926003,0.0,0.0,0.0,0.0,0.0,0.0,0.0,0.0,0.0,0.0,0.21952347029461186,0.0,0.0,0.0,0.0,0.0,0.0,0.0,0.0,0.0,0.0,0.0,0.0,0.0,0.14113253526351652,0.0,0.0,0.0,0.0,0.0,0.0,0.0,0.0,0.0,0.0,0.0,0.21156376399169852,0.24079867864264365,0.1315003991005913,0.12177448426572077,0.13374946264875462,0.11855859107963948,0.14152176716214943,0.0,0.0,0.0,0.16632718750568126,0.0,0.0,0.0,0.0,0.0,0.0,0.0,0.26967229112750896,0.0,0.0,0.0,0.0,0.0,0.0,0.0,0.0,0.0,0.0,0.16260210348695167,0.0,0.0,0.0,0.0,0.0,0.0,0.0,0.0,0.0,0.0,0.0,0.0,0.0,0.0,0.0,0.0,0.0
2f7c9af7476a81cb3a868a6fa8015f558f3fbd008e154ab9fb5dfe06c3af3ade,0.0,0.0,0.0,0.0,0.0,0.0,0.0,0.0,0.0,0.0,0.17858356810485032,0.0,0.116271152802737,0.0,0.0,0.0,0.0,0.22758009761581713,0.0,0.0,0.0,0.1699849726334119,0.0,0.0,0.0,0.0,0.0,0.0,0.0,0.0,0.0,0.0,0.0,0.0,0.0,0.0,0.0,0.0,0.0,0.0,0.0,0.0,0.0,0.20130945798495578,0.0,0.0,0.0,0.0,0.0,0.0,0.0,0.0,0.0,0.0,0.0,0.0,0.0,0.0,0.0,0.0,0.0,0.0,0.0,0.0,0.22453833529606462,0.0,0.0,0.0,0.3962591957839257,0.0,0.40044530180364496,0.36879930123033444,0.0,0.0,0.0,0.1104119852463152,0.23572084518289,0.18787780740379847,0.0,0.1010183701691277,0.0,0.0,0.0,0.0,0.0,0.0,0.0,0.0,0.0,0.0,0.0,0.0,0.0,0.0,0.0,0.0,0.0,0.0,0.0,0.14216155331436892,0.0,0.0,0.0,0.0,0.0,0.0,0.0,0.0,0.0,0.0,0.0,0.0,0.0,0.0,0.0,0.0,0.1451161266509799,0.13438317756012522,0.14759806125295555,0.13083430648384498,0.15617512059155883,0.0,0.0,0.0,0.18354892739992595,0.0,0.0,0.0,0.0,0.0,0.0,0.0,0.0,0.16673509370636255,0.0,0.0,0.0,0.0,0.0,0.0,0.0,0.0,0.0,0.17943814318980353,0.0,0.0,0.0,0.0,0.0,0.0,0.0,0.0,0.0,0.0,0.0,0.0,0.0,0.0,0.0,0.0,0.0
2fe7b81253f7726822e0f6ff1a3bacea73ca2356ca4dcb460493586629961ad0,0.0,0.0,0.0,0.0,0.0,0.6037966925056785,0.0,0.0,0.0,0.0,0.0,0.0,0.2183781813115218,0.0,0.0,0.0,0.0,0.0,0.0,0.0,0.0,0.0,0.0,0.0,0.0,0.0,0.0,0.0,0.0,0.0,0.0,0.0,0.0,0.0,0.0,0.0,0.0,0.0,0.0,0.0,0.0,0.0,0.0,0.0,0.0,0.0,0.0,0.4561608555221614,0.0,0.0,0.0,0.0,0.0,0.0,0.0,0.0,0.0,0.0,0.0,0.0,0.0,0.0,0.0,0.0,0.4217234637714628,0.0,0.0,0.357101251305998,0.0,0.0,0.0,0.0,0.0,0.0,0.0,0.0,0.0,0.0,0.0,0.0,0.0,0.0,0.0,0.0,0.0,0.0,0.0,0.0,0.0,0.0,0.0,0.0,0.0,0.0,0.0,0.0,0.0,0.0,0.0,0.0,0.0,0.0,0.0,0.0,0.0,0.0,0.0,0.0,0.0,0.0,0.0,0.0,0.0,0.0,0.0,0.0,0.27255424112615717,0.0,0.0,0.0,0.0,0.0,0.0,0.0,0.0,0.0,0.0,0.0,0.0,0.0,0.0,0.0,0.0,0.0,0.0,0.0,0.0,0.0,0.0,0.0,0.0,0.0,0.0,0.0,0.0,0.0,0.0,0.0,0.0,0.0,0.0,0.0,0.0,0.0,0.0,0.0,0.0,0.0,0.0,0.0,0.0
0b94a7d15b14faeeb09254c70908120f5e5d1047859b3a063fec4e96cb50c657,0.0,0.0,0.0,0.0,0.0,0.0,0.0,0.0,0.0,0.0,0.2361442170044194,0.0,0.15374740593537178,0.0,0.0,0.0,0.0,0.0,0.0,0.0,0.0,0.2247741418262349,0.0,0.0,0.0,0.0,0.32281666677131976,0.0,0.0,0.0,0.0,0.0,0.0,0.0,0.0,0.0,0.0,0.0,0.0,0.0,0.0,0.0,0.0,0.0,0.29823515820321905,0.0,0.0,0.0,0.0,0.0,0.0,0.0,0.0,0.0,0.0,0.0,0.0,0.0,0.29691102008239495,0.0,0.0,0.0,0.0,0.0,0.29691102008239495,0.0,0.0,0.0,0.0,0.0,0.0,0.0,0.0,0.0,0.0,0.14599972483799006,0.0,0.0,0.0,0.13357838114560192,0.0,0.0,0.0,0.0,0.0,0.0,0.0,0.0,0.0,0.0,0.0,0.0,0.0,0.0,0.0,0.0,0.0,0.0,0.0,0.0,0.0,0.0,0.0,0.0,0.35029661168588516,0.0,0.0,0.0,0.0,0.0,0.0,0.0,0.0,0.0,0.0,0.0,0.0,0.1776972572575659,0.0,0.173004522139485,0.0,0.0,0.0,0.0,0.24270999959754588,0.0,0.0,0.0,0.0,0.0,0.0,0.0,0.0,0.22047676932589017,0.0,0.0,0.0,0.0,0.0,0.0,0.0,0.0,0.29691102008239495,0.23727423678423068,0.0,0.15893408960902267,0.0,0.0,0.0,0.0,0.0,0.0,0.0,0.0,0.0,0.0,0.0,0.0,0.0,0.0,0.0
0b919795439bfca71282fc1c6991ed0df9fbcf742a5472762d7607ff4e6c929a,0.0,0.0,0.0,0.0,0.0,0.0,0.0,0.0,0.0,0.0,0.0,0.0,0.3893673982099353,0.0,0.0,0.0,0.0,0.0,0.0,0.0,0.0,0.0,0.0,0.0,0.0,0.0,0.0,0.0,0.0,0.0,0.0,0.0,0.0,0.0,0.0,0.0,0.0,0.0,0.0,0.0,0.0,0.0,0.0,0.0,0.0,0.0,0.0,0.0,0.0,0.0,0.0,0.0,0.0,0.0,0.0,0.0,0.0,0.0,0.0,0.0,0.0,0.0,0.0,0.0,0.0,0.0,0.0,0.0,0.0,0.0,0.0,0.0,0.0,0.0,0.0,0.3697462903759866,0.0,0.0,0.0,0.3382890684062736,0.0,0.0,0.0,0.0,0.0,0.0,0.0,0.0,0.0,0.0,0.0,0.0,0.0,0.0,0.0,0.0,0.0,0.0,0.0,0.0,0.0,0.0,0.0,0.0,0.0,0.0,0.0,0.0,0.0,0.0,0.0,0.0,0.0,0.0,0.0,0.0,0.4859630898152186,0.0,0.0,0.0,0.0,0.0,0.0,0.0,0.0,0.0,0.0,0.0,0.0,0.0,0.0,0.0,0.0,0.0,0.0,0.0,0.0,0.0,0.0,0.0,0.0,0.0,0.0,0.600900234230678,0.0,0.0,0.0,0.0,0.0,0.0,0.0,0.0,0.0,0.0,0.0,0.0,0.0,0.0,0.0,0.0,0.0
0d1a8fa865a99957b63339c67aa5aabc66e0001bdb4bd5f0c727f40dff2ea576,0.0,0.22473315037055597,0.0,0.0,0.0,0.0,0.0,0.0,0.0,0.0,0.1613850100267943,0.28216124539722415,0.10507361545088875,0.0,0.0,0.0,0.0,0.0,0.0,0.0,0.0,0.15361450554477105,0.0,0.0,0.0,0.0,0.0,0.0,0.0,0.0,0.0,0.0,0.0,0.0,0.0,0.0,0.0,0.0,0.0,0.0,0.0,0.3033782527308271,0.0,0.18192227448561227,0.20381902469400018,0.0,0.0,0.0,0.0,0.0,0.0,0.0,0.0,0.0,0.0,0.293530101567165,0.32343379385821996,0.0,0.0,0.0,0.0,0.0,0.0,0.0,0.0,0.0,0.0,0.0,0.0,0.0,0.0,0.0,0.0,0.0,0.0,0.09977871724229975,0.0,0.0,0.0,0.09128975781838634,0.0,0.0,0.0,0.0,0.0,0.0,0.0,0.0,0.0,0.0,0.0,0.0,0.0,0.0,0.0,0.0,0.0,0.0,0.0,0.12847063114784385,0.0,0.0,0.14074644942187037,0.0,0.0,0.0,0.16808212902293923,0.0,0.0,0.0,0.0,0.0,0.0,0.3051554852299447,0.0,0.0,0.13114066318166404,0.12144135481289141,0.13338357413297017,0.11823425910802218,0.14113461652757728,0.0,0.0,0.0,0.16587217851674144,0.0,0.19052443040248127,0.0,0.0,0.0,0.0,0.0,0.0,0.0,0.0,0.0,0.0,0.0,0.0,0.0,0.0,0.0,0.20291408598062885,0.0,0.0,0.10861828407456416,0.22473315037055597,0.0,0.0,0.0,0.0,0.0,0.0,0.0,0.15764047081859403,0.0,0.0,0.0,0.0,0.0,0.0
af56dead22b6e7c4b7da2ba58d1fd896a71fe52cd96a958abb856a2ae7bc17f7,0.0,0.0,0.0,0.0,0.0,0.0,0.0,0.0,0.0,0.0,0.0,0.0,0.1981799067907489,0.0,0.0,0.0,0.0,0.0,0.0,0.0,0.0,0.0,0.0,0.0,0.0,0.0,0.0,0.0,0.0,0.0,0.0,0.0,0.0,0.0,0.0,0.0,0.0,0.0,0.0,0.0,0.0,0.0,0.0,0.343124572672299,0.0,0.0,0.0,0.41396954258909996,0.0,0.0,0.0,0.0,0.0,0.0,0.0,0.0,0.0,0.0,0.0,0.0,0.0,0.0,0.0,0.0,0.3827173403485556,0.0,0.0,0.32407217732859006,0.0,0.0,0.0,0.0,0.0,0.0,0.0,0.0,0.0,0.0,0.0,0.17218209935732082,0.0,0.0,0.0,0.0,0.0,0.0,0.0,0.0,0.0,0.0,0.0,0.0,0.0,0.0,0.0,0.0,0.0,0.0,0.0,0.0,0.0,0.0,0.0,0.0,0.0,0.0,0.0,0.0,0.0,0.0,0.0,0.0,0.0,0.0,0.0,0.0,0.24734510461350412,0.0,0.2515754709272773,0.22300226701966883,0.0,0.0,0.0,0.0,0.0,0.0,0.0,0.0,0.0,0.0,0.0,0.0,0.0,0.2841938394258002,0.0,0.0,0.0,0.0,0.0,0.0,0.0,0.0,0.0,0.30584572041177194,0.0,0.20486552519675516,0.0,0.0,0.0,0.0,0.0,0.0,0.0,0.0,0.0,0.0,0.0,0.0,0.0,0.0,0.0
0dc042f00f5f3740477d5f1167f160f9f1744dd191784ba2dac06f10a8139551,0.0,0.0,0.0,0.0,0.0,0.0,0.0,0.0,0.0,0.0,0.0,0.0,0.0,0.0,0.0,0.0,0.0,0.0,0.0,0.0,0.0,0.0,0.0,0.0,0.0,0.0,0.3831453230790484,0.0,0.0,0.0,0.0,0.0,0.0,0.0,0.0,0.0,0.0,0.0,0.0,0.0,0.0,0.0,0.3342258191793051,0.0,0.3539699705909219,0.0,0.0,0.0,0.0,0.0,0.0,0.0,0.0,0.0,0.0,0.0,0.0,0.0,0.352398374758592,0.0,0.0,0.0,0.0,0.0,0.0,0.0,0.0,0.0,0.0,0.0,0.0,0.0,0.0,0.0,0.0,0.0,0.0,0.2948620505937577,0.0,0.15854178940724672,0.0,0.0,0.0,0.0,0.0,0.0,0.0,0.0,0.0,0.0,0.0,0.0,0.0,0.0,0.0,0.0,0.0,0.0,0.0,0.2231133506672015,0.0,0.0,0.24443261190868942,0.0,0.0,0.0,0.0,0.0,0.0,0.0,0.0,0.0,0.0,0.0,0.0,0.0,0.0,0.0,0.0,0.2053359703891176,0.0,0.0,0.0,0.0,0.0,0.0,0.0,0.0,0.0,0.0,0.0,0.0,0.0,0.26167993077827684,0.0,0.0,0.0,0.0,0.0,0.0,0.0,0.0,0.352398374758592,0.0,0.0,0.18863602589224662,0.0,0.0,0.0,0.0,0.0,0.0,0.0,0.0,0.0,0.0,0.0,0.0,0.0,0.0,0.0
0e4886f231c7c1418fc0231131283c030d6afc8098bab28204b322bf642bda7c,0.0,0.0,0.0,0.0,0.0,0.0,0.30532993936270836,0.0,0.0,0.0,0.0,0.0,0.11475391792345467,0.0,0.0,0.0,0.29615215977231035,0.22461038024732236,0.0,0.0,0.0,0.0,0.0,0.0,0.0,0.30259929746087894,0.0,0.0,0.0,0.0,0.0,0.0,0.0,0.0,0.0,0.0,0.0,0.0,0.0,0.0,0.0,0.0,0.0,0.0,0.0,0.0,0.0,0.0,0.0,0.2794275934351466,0.0,0.0,0.0,0.0,0.0,0.0,0.0,0.0,0.0,0.0,0.1665180166472941,0.3039530473412019,0.0,0.0,0.0,0.0,0.0,0.0,0.0,0.0,0.0,0.0,0.0,0.0,0.0,0.10897120727973969,0.0,0.0,0.0,0.0,0.0,0.0,0.0,0.0,0.0,0.0,0.0,0.0,0.23909203600532436,0.0,0.0,0.0,0.0,0.0,0.0,0.0,0.0,0.0,0.0,0.1403064717917194,0.0,0.0,0.15371324604818637,0.0,0.0,0.0,0.0,0.0,0.0,0.0,0.0,0.0,0.0,0.0,0.2304227926510083,0.2622637400310567,0.14322249058051997,0.13262959690604045,0.14567203814877797,0.12912703543321055,0.15413717451012926,0.0,0.0,0.0,0.0,0.0,0.0,0.0,0.0,0.0,0.0,0.0,0.2937111783690641,0.0,0.0,0.0,0.0,0.0,0.0,0.0,0.0,0.0,0.0,0.17709663540426432,0.0,0.11862515249134878,0.0,0.0,0.0,0.0,0.0,0.0,0.0,0.0,0.0,0.0,0.0,0.0,0.0,0.0,0.0
25114e6e448a0ccb8edd598018fc9bdaf2649d66f199577f0d781e7683660717,0.0,0.0,0.0,0.0,0.0,0.0,0.0,0.0,0.0,0.0,0.19852664517570465,0.0,0.12925557564784806,0.0,0.0,0.0,0.0,0.0,0.0,0.0,0.0,0.18896781325021958,0.0,0.0,0.0,0.0,0.0,0.0,0.0,0.0,0.0,0.0,0.0,0.0,0.0,0.0,0.0,0.0,0.0,0.0,0.0,0.0,0.2367412333663279,0.22379041789795712,0.0,0.0,0.0,0.0,0.0,0.0,0.0,0.0,0.0,0.0,0.0,0.0,0.0,0.0,0.0,0.0,0.0,0.0,0.0,0.0,0.0,0.0,0.0,0.0,0.4405109025082184,0.0,0.4451644862240323,0.4099844615794406,0.0,0.0,0.0,0.12274209352380508,0.0,0.0,0.0,0.11229945925943066,0.0,0.0,0.0,0.0,0.0,0.0,0.0,0.0,0.0,0.0,0.0,0.0,0.0,0.0,0.0,0.0,0.0,0.0,0.0,0.0,0.0,0.0,0.0,0.0,0.0,0.0,0.0,0.0,0.0,0.0,0.0,0.0,0.0,0.0,0.0,0.0,0.16132177271761677,0.14939023613527017,0.0,0.14544504970848005,0.17361576476481652,0.0,0.0,0.0,0.20404650421651296,0.0,0.23437230003912254,0.0,0.0,0.0,0.0,0.0,0.0,0.0,0.0,0.0,0.0,0.0,0.0,0.0,0.0,0.0,0.0,0.0,0.0,0.13361602504770884,0.0,0.0,0.0,0.0,0.0,0.0,0.0,0.0,0.0,0.0,0.0,0.0,0.0,0.0,0.0
1af648b66de630a3356319ff862160ffd6af17ede24c6f3645f86d6bfd490168,0.0,0.0,0.0,0.0,0.0,0.0,0.0,0.0,0.0,0.0,0.0,0.41815580302375926,0.0,0.0,0.0,0.0,0.0,0.0,0.0,0.0,0.0,0.0,0.0,0.0,0.0,0.0,0.0,0.0,0.0,0.0,0.0,0.0,0.0,0.0,0.0,0.0,0.0,0.0,0.0,0.0,0.0,0.0,0.28520626441078045,0.26960419269608293,0.0,0.0,0.0,0.0,0.0,0.0,0.0,0.0,0.0,0.0,0.0,0.0,0.0,0.0,0.0,0.0,0.0,0.0,0.0,0.0,0.0,0.0,0.0,0.0,0.0,0.0,0.0,0.0,0.0,0.0,0.4664472255448234,0.1478695260732817,0.0,0.25161582122185533,0.0,0.13528910369902766,0.0,0.0,0.0,0.0,0.0,0.0,0.0,0.0,0.0,0.0,0.0,0.0,0.0,0.0,0.0,0.0,0.0,0.0,0.0,0.0,0.0,0.0,0.0,0.0,0.0,0.0,0.0,0.0,0.0,0.0,0.0,0.0,0.0,0.45223268274774836,0.0,0.0,0.0,0.0,0.19767107092695013,0.17522017062489414,0.0,0.0,0.0,0.0,0.0,0.0,0.0,0.0,0.0,0.0,0.0,0.0,0.0,0.22330038927514767,0.0,0.0,0.0,0.0,0.0,0.0,0.0,0.0,0.0,0.0,0.0,0.16096953972655315,0.0,0.0,0.0,0.0,0.0,0.0,0.0,0.0,0.0,0.0,0.0,0.0,0.0,0.0,0.0
1c8a8199bc8cee2c76b1274dd751f6e61009c6685a3a2ddf2c859dcc99473c66,0.0,0.0,0.0,0.0,0.0,0.0,0.0,0.0,0.0,0.0,0.2678647174884103,0.0,0.17439980524563747,0.0,0.0,0.0,0.0,0.0,0.0,0.0,0.0,0.25496733632845,0.0,0.0,0.0,0.0,0.0,0.0,0.0,0.0,0.0,0.0,0.0,0.0,0.28518594809569303,0.0,0.0,0.0,0.0,0.0,0.0,0.0,0.0,0.30195219897961384,0.0,0.0,0.0,0.3642963041727236,0.0,0.0,0.0,0.0,0.0,0.0,0.0,0.0,0.0,0.0,0.0,0.0,0.0,0.0,0.0,0.0,0.0,0.0,0.0,0.0,0.0,0.0,0.0,0.0,0.0,0.0,0.0,0.1656114028250031,0.3535672305750577,0.2818055229639775,0.0,0.15152153959991416,0.0,0.0,0.0,0.0,0.0,0.0,0.0,0.0,0.0,0.0,0.0,0.0,0.0,0.0,0.0,0.0,0.0,0.0,0.0,0.0,0.0,0.0,0.23360910598590753,0.0,0.0,0.0,0.0,0.0,0.0,0.0,0.0,0.0,0.0,0.0,0.0,0.0,0.21766554829700116,0.0,0.0,0.0,0.0,0.0,0.0,0.0,0.2753124607433943,0.0,0.0,0.0,0.0,0.0,0.0,0.0,0.0,0.2500927114684825,0.0,0.0,0.0,0.0,0.0,0.0,0.0,0.0,0.0,0.0,0.0,0.18028319961611342,0.0,0.0,0.0,0.0,0.0,0.0,0.0,0.0,0.0,0.0,0.0,0.0,0.0,0.0,0.0
1c55d4144572be0ee5f5f95d9ce655549a7d0f55c74d576f649a85c323b31a63,0.0,0.0,0.34061426317914234,0.0,0.37581556858192494,0.0,0.0,0.0,0.0,0.0,0.0,0.0,0.0,0.0,0.0,0.0,0.0,0.0,0.0,0.0,0.0,0.0,0.0,0.0,0.0,0.0,0.0,0.0,0.0,0.0,0.0,0.0,0.0,0.0,0.0,0.0,0.0,0.0,0.0,0.0,0.0,0.0,0.24768302102386675,0.0,0.0,0.0,0.0,0.0,0.0,0.0,0.0,0.0,0.0,0.0,0.0,0.0,0.0,0.0,0.0,0.0,0.0,0.0,0.0,0.0,0.0,0.0,0.0,0.0,0.0,0.0,0.0,0.0,0.0,0.0,0.0,0.0,0.0,0.0,0.0,0.0,0.0,0.0,0.0,0.0,0.0,0.0,0.0,0.0,0.0,0.0,0.0,0.0,0.0,0.0,0.0,0.0,0.0,0.0,0.0,0.16534147140309124,0.0,0.0,0.18114042745997186,0.0,0.0,0.0,0.0,0.0,0.0,0.6136354570607592,0.0,0.0,0.0,0.0,0.0,0.0,0.1687777978321035,0.0,0.0,0.0,0.0,0.0,0.2965050447384951,0.0,0.0,0.0,0.0,0.0,0.0,0.0,0.0,0.0,0.0,0.0,0.0,0.0,0.0,0.0,0.0,0.0,0.0,0.0,0.0,0.0,0.0,0.0,0.0,0.0,0.0,0.0,0.0,0.0,0.0,0.0,0.0,0.0,0.0,0.358187640549121,0.0,0.0,0.0
1cb6f41ae09b700eb04f034abd2fb8c727383d671ba11f14309dd2b49d32d54c,0.0,0.0,0.0,0.0,0.0,0.0,0.0,0.0,0.0,0.0,0.27410668190245174,0.0,0.17846378720028266,0.0,0.0,0.0,0.0,0.0,0.0,0.0,0.0,0.26090875726297075,0.0,0.0,0.0,0.0,0.0,0.0,0.0,0.0,0.0,0.0,0.0,0.0,0.0,0.0,0.0,0.0,0.0,0.0,0.0,0.0,0.32686974531859747,0.3089884928911248,0.0,0.0,0.0,0.0,0.0,0.0,0.0,0.0,0.0,0.0,0.0,0.0,0.0,0.0,0.0,0.0,0.0,0.0,0.0,0.0,0.0,0.0,0.0,0.0,0.0,0.0,0.0,0.0,0.0,0.0,0.0,0.1694705914956345,0.3618062927849442,0.28837234543509144,0.0,0.15505239676920282,0.0,0.0,0.0,0.0,0.0,0.0,0.0,0.0,0.0,0.0,0.0,0.0,0.0,0.0,0.0,0.0,0.0,0.0,0.0,0.0,0.0,0.0,0.0,0.0,0.0,0.0,0.0,0.0,0.0,0.0,0.0,0.0,0.0,0.0,0.0,0.0,0.22273773779389333,0.20626380856545048,0.0,0.0,0.0,0.0,0.0,0.0,0.28172797749683465,0.0,0.0,0.0,0.0,0.0,0.0,0.0,0.0,0.2559205406049007,0.0,0.0,0.0,0.0,0.0,0.0,0.0,0.0,0.34464233580420217,0.0,0.0,0.0,0.0,0.0,0.0,0.0,0.0,0.0,0.0,0.0,0.0,0.0,0.0,0.0,0.0,0.0,0.0
01ce496e53ddf9dacd4f7781f7162d20f4dcaf5095a3c42a4325039fe0d146d0,0.0,0.0,0.0,0.0,0.0,0.0,0.0,0.0,0.0,0.0,0.0,0.0,0.0,0.0,0.0,0.0,0.0,0.0,0.0,0.0,0.0,0.0,0.0,0.0,0.0,0.0,0.3831453230790484,0.0,0.0,0.0,0.0,0.0,0.0,0.0,0.0,0.0,0.0,0.0,0.0,0.0,0.0,0.0,0.3342258191793051,0.0,0.3539699705909219,0.0,0.0,0.0,0.0,0.0,0.0,0.0,0.0,0.0,0.0,0.0,0.0,0.0,0.352398374758592,0.0,0.0,0.0,0.0,0.0,0.0,0.0,0.0,0.0,0.0,0.0,0.0,0.0,0.0,0.0,0.0,0.0,0.0,0.2948620505937577,0.0,0.15854178940724672,0.0,0.0,0.0,0.0,0.0,0.0,0.0,0.0,0.0,0.0,0.0,0.0,0.0,0.0,0.0,0.0,0.0,0.0,0.0,0.2231133506672015,0.0,0.0,0.24443261190868942,0.0,0.0,0.0,0.0,0.0,0.0,0.0,0.0,0.0,0.0,0.0,0.0,0.0,0.0,0.0,0.0,0.2053359703891176,0.0,0.0,0.0,0.0,0.0,0.0,0.0,0.0,0.0,0.0,0.0,0.0,0.0,0.26167993077827684,0.0,0.0,0.0,0.0,0.0,0.0,0.0,0.0,0.352398374758592,0.0,0.0,0.18863602589224662,0.0,0.0,0.0,0.0,0.0,0.0,0.0,0.0,0.0,0.0,0.0,0.0,0.0,0.0,0.0
2d4454d610ae48bf9ffbb7bafcf80140a286898a7ffda39113da1820575a892f,0.0,0.0,0.0,0.0,0.0,0.0,0.0,0.0,0.0,0.0,0.2417007688229869,0.0,0.15736513343633463,0.0,0.0,0.0,0.0,0.0,0.0,0.0,0.0,0.23006315200135236,0.0,0.0,0.0,0.0,0.33041265010543,0.0,0.0,0.0,0.0,0.0,0.0,0.0,0.0,0.0,0.0,0.0,0.0,0.0,0.0,0.0,0.28822598632088386,0.0,0.3052527304804341,0.0,0.0,0.0,0.0,0.0,0.0,0.0,0.0,0.0,0.0,0.0,0.0,0.0,0.3038974349500548,0.0,0.0,0.0,0.0,0.0,0.0,0.0,0.0,0.0,0.0,0.0,0.0,0.0,0.0,0.0,0.0,0.14943514683074505,0.0,0.2542798924681235,0.0,0.13672152479777955,0.0,0.0,0.0,0.0,0.0,0.0,0.0,0.0,0.0,0.0,0.0,0.0,0.0,0.0,0.0,0.0,0.0,0.0,0.0,0.0,0.0,0.0,0.0,0.0,0.3585392072463126,0.0,0.0,0.0,0.0,0.0,0.0,0.0,0.0,0.0,0.0,0.0,0.0,0.0,0.0,0.1770753759774876,0.0,0.0,0.0,0.0,0.248421046460163,0.0,0.2853418746895752,0.0,0.0,0.0,0.0,0.0,0.0,0.22566466089948198,0.0,0.0,0.0,0.0,0.0,0.0,0.0,0.0,0.0,0.0,0.0,0.1626738614986424,0.0,0.0,0.0,0.0,0.0,0.0,0.0,0.0,0.0,0.0,0.0,0.0,0.0,0.0,0.0
1df11bc19aa52b623bdf15380e3fded56d8eb6fb7b53a2240779864b1a6474ad,0.0,0.0,0.0,0.0,0.0,0.0,0.0,0.0,0.0,0.0,0.0,0.0,0.4135583481883723,0.0,0.0,0.0,0.0,0.0,0.0,0.0,0.0,0.0,0.0,0.0,0.0,0.0,0.0,0.0,0.0,0.0,0.0,0.0,0.0,0.0,0.0,0.0,0.0,0.0,0.0,0.0,0.0,0.0,0.0,0.0,0.0,0.0,0.0,0.0,0.0,0.0,0.0,0.0,0.0,0.0,0.0,0.0,0.0,0.0,0.0,0.0,0.0,0.0,0.0,0.0,0.0,0.0,0.0,0.0,0.0,0.0,0.0,0.0,0.0,0.0,0.0,0.0,0.0,0.0,0.0,0.0,0.0,0.0,0.0,0.0,0.0,0.0,0.0,0.0,0.0,0.0,0.0,0.0,0.0,0.0,0.0,0.0,0.0,0.0,0.0,0.5056464630081459,0.0,0.0,0.5539627516052572,0.0,0.0,0.0,0.0,0.0,0.0,0.0,0.0,0.0,0.0,0.0,0.0,0.0,0.5161554193505954,0.0,0.0,0.0,0.0,0.0,0.0,0.0,0.0,0.0,0.0,0.0,0.0,0.0,0.0,0.0,0.0,0.0,0.0,0.0,0.0,0.0,0.0,0.0,0.0,0.0,0.0,0.0,0.0,0.0,0.0,0.0,0.0,0.0,0.0,0.0,0.0,0.0,0.0,0.0,0.0,0.0,0.0,0.0,0.0
d4b90392cc143ffe8cc6ec13a76f46280ebd1568c4426c5f7779abdc8f1804f6,0.0,0.0,0.0,0.0,0.0,0.0,0.0,0.0,0.0,0.0,0.0,0.0,0.2763707260706926,0.0,0.0,0.0,0.0,0.0,0.0,0.0,0.0,0.0,0.0,0.0,0.0,0.0,0.0,0.0,0.0,0.0,0.0,0.0,0.0,0.0,0.0,0.0,0.0,0.0,0.0,0.0,0.0,0.0,0.0,0.0,0.0,0.0,0.0,0.0,0.0,0.0,0.0,0.0,0.0,0.0,0.0,0.0,0.0,0.0,0.0,0.0,0.0,0.0,0.0,0.0,0.0,0.0,0.0,0.45193311672197,0.0,0.0,0.0,0.0,0.0,0.0,0.0,0.0,0.0,0.0,0.0,0.2401156231544873,0.0,0.0,0.0,0.0,0.0,0.0,0.0,0.0,0.0,0.0,0.0,0.0,0.0,0.0,0.0,0.0,0.0,0.0,0.0,0.0,0.0,0.0,0.0,0.0,0.0,0.0,0.0,0.0,0.0,0.0,0.0,0.0,0.0,0.0,0.0,0.0,0.0,0.0,0.35083322364845126,0.3109866153924001,0.0,0.0,0.0,0.0,0.0,0.0,0.0,0.0,0.0,0.0,0.0,0.0,0.0,0.3963209944883908,0.0,0.0,0.0,0.0,0.0,0.0,0.0,0.0,0.5337164142662324,0.0,0.0,0.0,0.0,0.0,0.0,0.0,0.0,0.0,0.0,0.0,0.0,0.0,0.0,0.0,0.0,0.0,0.0
cf2378fb5bcedd02d512f65f2c1ad71ff2ad5d1aeb7dcba90e1193b91a78115e,0.0,0.0,0.0,0.0,0.0,0.0,0.0,0.0,0.0,0.0,0.0,0.0,0.0,0.0,0.0,0.0,0.0,0.0,0.0,0.0,0.0,0.0,0.0,0.0,0.0,0.0,0.3831453230790484,0.0,0.0,0.0,0.0,0.0,0.0,0.0,0.0,0.0,0.0,0.0,0.0,0.0,0.0,0.0,0.3342258191793051,0.0,0.3539699705909219,0.0,0.0,0.0,0.0,0.0,0.0,0.0,0.0,0.0,0.0,0.0,0.0,0.0,0.352398374758592,0.0,0.0,0.0,0.0,0.0,0.0,0.0,0.0,0.0,0.0,0.0,0.0,0.0,0.0,0.0,0.0,0.0,0.0,0.2948620505937577,0.0,0.15854178940724672,0.0,0.0,0.0,0.0,0.0,0.0,0.0,0.0,0.0,0.0,0.0,0.0,0.0,0.0,0.0,0.0,0.0,0.0,0.0,0.2231133506672015,0.0,0.0,0.24443261190868942,0.0,0.0,0.0,0.0,0.0,0.0,0.0,0.0,0.0,0.0,0.0,0.0,0.0,0.0,0.0,0.0,0.2053359703891176,0.0,0.0,0.0,0.0,0.0,0.0,0.0,0.0,0.0,0.0,0.0,0.0,0.0,0.26167993077827684,0.0,0.0,0.0,0.0,0.0,0.0,0.0,0.0,0.352398374758592,0.0,0.0,0.18863602589224662,0.0,0.0,0.0,0.0,0.0,0.0,0.0,0.0,0.0,0.0,0.0,0.0,0.0,0.0,0.0
b5466ce462df16b3a29f22192b1291d70479cacf35bd5e937f35b2567da948fe,0.0,0.2587576895727389,0.0,0.0,0.0,0.0,0.0,0.0,0.0,0.0,0.0,0.0,0.120981732887631,0.0,0.0,0.0,0.0,0.0,0.0,0.0,0.34158453904539926,0.0,0.0,0.0,0.0,0.0,0.0,0.0,0.0,0.0,0.0,0.0,0.0,0.0,0.0,0.0,0.0,0.0,0.0,0.0,0.0,0.0,0.0,0.0,0.0,0.0,0.0,0.25271357442916687,0.0,0.0,0.0,0.0,0.0,0.0,0.0,0.0,0.0,0.0,0.0,0.0,0.0,0.0,0.0,0.0,0.0,0.0,0.0,0.0,0.0,0.0,0.0,0.0,0.0,0.0,0.0,0.0,0.0,0.0,0.0,0.1051110028751478,0.0,0.0,0.0,0.0,0.0,0.0,0.0,0.0,0.0,0.0,0.0,0.0,0.0,0.0,0.0,0.0,0.0,0.0,0.0,0.14792105053907087,0.0,0.0,0.0,0.0,0.0,0.0,0.0,0.0,0.0,0.0,0.0,0.0,0.0,0.0,0.0,0.0,0.0,0.13982754363632188,0.0,0.13613489449460744,0.0,0.3750976058945067,0.2652651953297689,0.0,0.0,0.0,0.0,0.0,0.0,0.0,0.573411920697786,0.0,0.0,0.0,0.0,0.0,0.0,0.0,0.0,0.0,0.0,0.0,0.0,0.0,0.0,0.12506306339828716,0.0,0.2799993180558495,0.0,0.0,0.0,0.0,0.0,0.0,0.18150719617875508,0.0,0.0,0.0,0.0,0.0,0.0
1e899e9715679dacd49bcc56039ca51d3dad675c5d3525148bc94d1864304178,0.0,0.0,0.0,0.0,0.0,0.0,0.0,0.0,0.0,0.0,0.2459027323273908,0.0,0.16010092344141066,0.0,0.0,0.0,0.0,0.0,0.0,0.0,0.0,0.2340627957473174,0.0,0.0,0.0,0.0,0.0,0.0,0.0,0.0,0.0,0.0,0.0,0.0,0.0,0.0,0.0,0.0,0.0,0.0,0.0,0.0,0.0,0.2771954121377095,0.0,0.0,0.0,0.3344279807090267,0.0,0.0,0.0,0.0,0.0,0.0,0.0,0.0,0.0,0.0,0.0,0.0,0.0,0.0,0.0,0.0,0.0,0.0,0.0,0.0,0.0,0.0,0.0,0.0,0.0,0.0,0.4795809354164655,0.1520330741617826,0.3245785741214575,0.25870054381010293,0.0,0.13909842603919623,0.0,0.0,0.0,0.0,0.0,0.0,0.0,0.0,0.0,0.0,0.0,0.0,0.0,0.0,0.0,0.0,0.0,0.0,0.0,0.0,0.0,0.0,0.0,0.0,0.36477240489431123,0.0,0.0,0.0,0.0,0.0,0.0,0.0,0.0,0.0,0.0,0.0,0.1998193474737414,0.0,0.0,0.0,0.0,0.0,0.0,0.0,0.0,0.0,0.0,0.0,0.0,0.0,0.0,0.0,0.0,0.22958783695701349,0.0,0.0,0.0,0.0,0.0,0.0,0.0,0.0,0.0,0.0,0.0,0.0,0.0,0.0,0.0,0.0,0.0,0.0,0.0,0.0,0.0,0.0,0.0,0.0,0.0,0.0,0.0
1f80be7f5556f97ce097e588b184ac44c66b72b05a96d833929818774bbaaaa2,0.0,0.0,0.0,0.0,0.0,0.0,0.0,0.0,0.0,0.0,0.0,0.0,0.10735484460073813,0.0,0.0,0.0,0.0,0.21012801047235974,0.0,0.0,0.0,0.0,0.0,0.36973696493025576,0.0,0.0,0.0,0.0,0.0,0.4349169295293548,0.0,0.0,0.0,0.0,0.0,0.0,0.0,0.0,0.0,0.0,0.0,0.0,0.19662840996408767,0.18587194723440478,0.0,0.0,0.0,0.2242489495214861,0.0,0.0,0.0,0.0,0.0,0.0,0.0,0.0,0.0,0.0,0.0,0.0,0.0,0.0,0.0,0.0,0.0,0.0,0.0,0.0,0.0,0.0,0.0,0.0,0.0,0.0,0.0,0.10194499007236242,0.21764448097196568,0.1734703091142604,0.0,0.09327172879867807,0.0,0.0,0.0,0.0,0.0,0.0,0.0,0.0,0.0,0.0,0.0,0.0,0.0,0.0,0.0,0.0,0.0,0.0,0.0,0.13125982753569435,0.0,0.0,0.14380216328287332,0.0,0.0,0.0,0.0,0.0,0.0,0.0,0.0,0.0,0.0,0.0,0.0,0.0,0.13398782802220788,0.0,0.0,0.12080121597184242,0.14419875779552488,0.0,0.0,0.0,0.1694733913155746,0.0,0.0,0.0,0.29834914555121167,0.0,0.0,0.0,0.0,0.0,0.0,0.0,0.0,0.0,0.0,0.0,0.0,0.0,0.2073195071310071,0.0,0.0,0.0,0.0,0.0,0.3826863601277406,0.0,0.0,0.0,0.0,0.0,0.0,0.0,0.0,0.0,0.0,0.0,0.0
1ffd6559d21470c40dcf9236da51e5823d7ad58c93502279871c3fe7718c901c,0.0,0.0,0.0,0.0,0.0,0.0,0.0,0.0,0.0,0.0,0.24278112787939074,0.0,0.15806852733904353,0.0,0.0,0.0,0.0,0.0,0.0,0.0,0.0,0.2310914929992724,0.0,0.0,0.0,0.0,0.0,0.0,0.0,0.0,0.0,0.0,0.0,0.0,0.0,0.0,0.0,0.0,0.0,0.0,0.0,0.0,0.0,0.2736765637568699,0.0,0.0,0.0,0.0,0.0,0.0,0.0,0.0,0.0,0.0,0.0,0.0,0.0,0.0,0.3052558019410454,0.0,0.0,0.0,0.0,0.0,0.0,0.0,0.0,0.2584803507652009,0.0,0.0,0.0,0.0,0.0,0.0,0.0,0.15010309511659378,0.0,0.0,0.0,0.1373326454749703,0.0,0.0,0.0,0.0,0.0,0.0,0.0,0.0,0.0,0.0,0.0,0.0,0.0,0.0,0.0,0.0,0.0,0.0,0.0,0.0,0.0,0.0,0.0,0.0,0.0,0.0,0.0,0.0,0.0,0.0,0.0,0.0,0.0,0.0,0.0,0.0,0.0,0.0,0.20065689225542302,0.17786687112677899,0.2123172491528279,0.0,0.0,0.0,0.0,0.0,0.0,0.0,0.0,0.0,0.0,0.0,0.0,0.22667334143161386,0.0,0.0,0.0,0.49748262966962475,0.0,0.0,0.0,0.0,0.0,0.0,0.0,0.0,0.3380795261579356,0.0,0.0,0.0,0.0,0.0,0.0,0.0,0.23714799347487248,0.0,0.0,0.0,0.0,0.0,0.0
3d7cf20ca6476e14e0a026f9bdd8ff1f26995cdc5854c3adb41a6135ef11ba83,0.0,0.0,0.0,0.0,0.0,0.6187060771213458,0.0,0.0,0.0,0.0,0.34369436709416445,0.0,0.22377053330227542,0.0,0.0,0.0,0.0,0.0,0.0,0.0,0.0,0.0,0.0,0.0,0.0,0.0,0.0,0.0,0.0,0.0,0.0,0.0,0.0,0.0,0.3659190536698411,0.0,0.0,0.0,0.0,0.0,0.0,0.0,0.0,0.0,0.0,0.0,0.0,0.0,0.0,0.0,0.0,0.0,0.0,0.0,0.0,0.0,0.0,0.0,0.0,0.0,0.0,0.0,0.0,0.0,0.0,0.0,0.0,0.0,0.0,0.0,0.0,0.0,0.0,0.0,0.0,0.0,0.0,0.0,0.0,0.0,0.0,0.0,0.0,0.0,0.0,0.0,0.0,0.0,0.0,0.0,0.0,0.0,0.0,0.0,0.0,0.0,0.0,0.0,0.0,0.27359810093400355,0.0,0.0,0.0,0.0,0.0,0.0,0.0,0.0,0.0,0.0,0.0,0.0,0.0,0.0,0.0,0.0,0.0,0.0,0.0,0.0,0.0,0.0,0.0,0.0,0.0,0.0,0.0,0.0,0.0,0.0,0.0,0.0,0.0,0.0,0.0,0.0,0.0,0.0,0.0,0.0,0.0,0.0,0.4321369645422725,0.0,0.0,0.2313194539794213,0.0,0.0,0.0,0.0,0.0,0.0,0.0,0.0,0.0,0.0,0.0,0.0,0.0,0.0,0.0
3d87eae0bb5ada94d67ea6faa486c6c3531dae62fc06f24877609c9dbba25ee2,0.0,0.0,0.0,0.0,0.0,0.0,0.0,0.0,0.0,0.0,0.0,0.3571158261159857,0.13298584265855626,0.4486696464975481,0.0,0.0,0.0,0.0,0.0,0.0,0.0,0.0,0.0,0.4580117648731528,0.0,0.0,0.0,0.0,0.0,0.0,0.0,0.0,0.0,0.0,0.21746408241951704,0.0,0.0,0.0,0.0,0.0,0.0,0.0,0.0,0.0,0.0,0.0,0.0,0.0,0.0,0.0,0.0,0.0,0.0,0.0,0.0,0.0,0.0,0.0,0.0,0.0,0.0,0.0,0.0,0.0,0.0,0.0,0.0,0.0,0.0,0.0,0.0,0.0,0.0,0.0,0.0,0.1262843839047209,0.0,0.0,0.0,0.11554037916633758,0.0,0.0,0.0,0.0,0.0,0.0,0.0,0.0,0.27707860835154235,0.0,0.0,0.0,0.0,0.0,0.0,0.0,0.0,0.0,0.0,0.1625981467065629,0.0,0.0,0.17813496849088375,0.0,0.0,0.0,0.212732220815294,0.0,0.0,0.0,0.0,0.0,0.0,0.0,0.0,0.0,0.16597745804384983,0.1537015818299082,0.16881618593560077,0.14964253881546072,0.0,0.0,0.0,0.0,0.0,0.0,0.0,0.0,0.0,0.0,0.0,0.0,0.0,0.0,0.0,0.0,0.0,0.0,0.0,0.0,0.0,0.0,0.25681709528723007,0.0,0.0,0.13747213297836683,0.0,0.0,0.0,0.0,0.0,0.0,0.0,0.0,0.0,0.0,0.0,0.0,0.0,0.0,0.0
3d94c4a92382c5c45062d8ea0517be4011be8ba42e9c9a614a99327d0ebdf05b,0.0,0.0,0.0,0.0,0.0,0.0,0.0,0.0,0.0,0.0,0.0,0.0,0.34025446937975873,0.0,0.0,0.0,0.0,0.0,0.0,0.0,0.0,0.0,0.0,0.0,0.0,0.0,0.0,0.0,0.0,0.0,0.0,0.0,0.0,0.0,0.0,0.0,0.0,0.0,0.0,0.0,0.0,0.0,0.6232014544489062,0.0,0.0,0.0,0.0,0.0,0.0,0.0,0.0,0.0,0.0,0.0,0.0,0.0,0.0,0.0,0.0,0.0,0.0,0.0,0.0,0.0,0.0,0.0,0.0,0.0,0.0,0.0,0.0,0.0,0.0,0.0,0.0,0.32310827361355937,0.0,0.0,0.0,0.295618914158521,0.0,0.0,0.0,0.0,0.0,0.0,0.0,0.0,0.0,0.0,0.0,0.0,0.0,0.0,0.0,0.0,0.0,0.0,0.0,0.0,0.0,0.0,0.0,0.0,0.0,0.0,0.0,0.0,0.0,0.0,0.0,0.0,0.0,0.0,0.0,0.0,0.4246660455482532,0.0,0.0,0.0,0.0,0.0,0.0,0.0,0.0,0.0,0.0,0.0,0.0,0.0,0.0,0.0,0.0,0.0,0.0,0.0,0.0,0.0,0.0,0.0,0.0,0.0,0.0,0.0,0.0,0.35173298695527205,0.0,0.0,0.0,0.0,0.0,0.0,0.0,0.0,0.0,0.0,0.0,0.0,0.0,0.0,0.0
aa8b65b91dabd75e184fef4367d05df97aae8da466c1896b2ca60f601a8b9681,0.0,0.22473315037055597,0.0,0.0,0.0,0.0,0.0,0.0,0.0,0.0,0.1613850100267943,0.28216124539722415,0.10507361545088875,0.0,0.0,0.0,0.0,0.0,0.0,0.0,0.0,0.15361450554477105,0.0,0.0,0.0,0.0,0.0,0.0,0.0,0.0,0.0,0.0,0.0,0.0,0.0,0.0,0.0,0.0,0.0,0.0,0.0,0.3033782527308271,0.0,0.18192227448561227,0.20381902469400018,0.0,0.0,0.0,0.0,0.0,0.0,0.0,0.0,0.0,0.0,0.293530101567165,0.32343379385821996,0.0,0.0,0.0,0.0,0.0,0.0,0.0,0.0,0.0,0.0,0.0,0.0,0.0,0.0,0.0,0.0,0.0,0.0,0.09977871724229975,0.0,0.0,0.0,0.09128975781838634,0.0,0.0,0.0,0.0,0.0,0.0,0.0,0.0,0.0,0.0,0.0,0.0,0.0,0.0,0.0,0.0,0.0,0.0,0.0,0.12847063114784385,0.0,0.0,0.14074644942187037,0.0,0.0,0.0,0.16808212902293923,0.0,0.0,0.0,0.0,0.0,0.0,0.3051554852299447,0.0,0.0,0.13114066318166404,0.12144135481289141,0.13338357413297017,0.11823425910802218,0.14113461652757728,0.0,0.0,0.0,0.16587217851674144,0.0,0.19052443040248127,0.0,0.0,0.0,0.0,0.0,0.0,0.0,0.0,0.0,0.0,0.0,0.0,0.0,0.0,0.0,0.20291408598062885,0.0,0.0,0.10861828407456416,0.22473315037055597,0.0,0.0,0.0,0.0,0.0,0.0,0.0,0.15764047081859403,0.0,0.0,0.0,0.0,0.0,0.0
3f1f90e9c92d2bfafb6702b4b5019ffd7a8f11618c1fa2e3939ab84dc6fffb4d,0.0,0.22473315037055597,0.0,0.0,0.0,0.0,0.0,0.0,0.0,0.0,0.1613850100267943,0.28216124539722415,0.10507361545088875,0.0,0.0,0.0,0.0,0.0,0.0,0.0,0.0,0.15361450554477105,0.0,0.0,0.0,0.0,0.0,0.0,0.0,0.0,0.0,0.0,0.0,0.0,0.0,0.0,0.0,0.0,0.0,0.0,0.0,0.3033782527308271,0.0,0.18192227448561227,0.20381902469400018,0.0,0.0,0.0,0.0,0.0,0.0,0.0,0.0,0.0,0.0,0.293530101567165,0.32343379385821996,0.0,0.0,0.0,0.0,0.0,0.0,0.0,0.0,0.0,0.0,0.0,0.0,0.0,0.0,0.0,0.0,0.0,0.0,0.09977871724229975,0.0,0.0,0.0,0.09128975781838634,0.0,0.0,0.0,0.0,0.0,0.0,0.0,0.0,0.0,0.0,0.0,0.0,0.0,0.0,0.0,0.0,0.0,0.0,0.0,0.12847063114784385,0.0,0.0,0.14074644942187037,0.0,0.0,0.0,0.16808212902293923,0.0,0.0,0.0,0.0,0.0,0.0,0.3051554852299447,0.0,0.0,0.13114066318166404,0.12144135481289141,0.13338357413297017,0.11823425910802218,0.14113461652757728,0.0,0.0,0.0,0.16587217851674144,0.0,0.19052443040248127,0.0,0.0,0.0,0.0,0.0,0.0,0.0,0.0,0.0,0.0,0.0,0.0,0.0,0.0,0.0,0.20291408598062885,0.0,0.0,0.10861828407456416,0.22473315037055597,0.0,0.0,0.0,0.0,0.0,0.0,0.0,0.15764047081859403,0.0,0.0,0.0,0.0,0.0,0.0
9e6a8bc9feb9473a0200a3dddd620680e887f12e1eea7bc8241199ceff634823,0.0,0.0,0.0,0.0,0.0,0.0,0.0,0.0,0.0,0.0,0.21031839560942406,0.0,0.1369328800663921,0.0,0.0,0.0,0.0,0.0,0.0,0.0,0.0,0.2001918043264813,0.0,0.0,0.0,0.0,0.0,0.45324258480161267,0.0,0.0,0.0,0.0,0.0,0.0,0.22391844516228152,0.0,0.0,0.0,0.0,0.0,0.0,0.0,0.0,0.2370827432428747,0.0,0.0,0.0,0.2860332444617869,0.0,0.0,0.0,0.0,0.0,0.0,0.0,0.0,0.0,0.0,0.26443946065940765,0.0,0.0,0.0,0.0,0.0,0.26443946065940765,0.0,0.0,0.0,0.0,0.0,0.0,0.0,0.0,0.0,0.0,0.13003252112995334,0.0,0.0,0.0,0.11896963290920379,0.0,0.0,0.0,0.0,0.0,0.0,0.0,0.0,0.0,0.0,0.0,0.0,0.0,0.0,0.0,0.0,0.0,0.0,0.0,0.0,0.0,0.0,0.18342203792790954,0.0,0.0,0.0,0.21904614127948813,0.0,0.0,0.0,0.0,0.0,0.0,0.0,0.0,0.0,0.17090369096203054,0.15826346511761885,0.17382667267325136,0.0,0.1839279007889465,0.0,0.0,0.0,0.2161661139165838,0.0,0.0,0.0,0.0,0.0,0.0,0.0,0.0,0.0,0.0,0.0,0.0,0.0,0.0,0.0,0.0,0.0,0.0,0.0,0.0,0.0,0.292874261484009,0.0,0.0,0.0,0.0,0.0,0.0,0.0,0.0,0.0,0.0,0.0,0.0,0.0,0.0
723e373934071cace27bebd6c8a8e3d72d96f84bf27e39b726cb28d731628ec5,0.0,0.0,0.0,0.0,0.0,0.0,0.0,0.0,0.0,0.0,0.17251891635145408,0.0,0.11232261454584365,0.0,0.0,0.0,0.0,0.0,0.0,0.0,0.0,0.16421232695681207,0.0,0.0,0.0,0.0,0.2358388540615173,0.0,0.0,0.0,0.0,0.0,0.0,0.0,0.0,0.0,0.0,0.0,0.0,0.0,0.0,0.0,0.0,0.19447304089294815,0.21788044172244508,0.0,0.0,0.0,0.0,0.0,0.0,0.0,0.0,0.0,0.0,0.0,0.0,0.0,0.21691307154246753,0.0,0.0,0.0,0.0,0.0,0.21691307154246753,0.0,0.0,0.18367469663584837,0.0,0.0,0.0,0.0,0.0,0.0,0.0,0.10666242280321918,0.0,0.18149752568926406,0.0,0.09758781246287929,0.0,0.0,0.0,0.0,0.0,0.0,0.0,0.0,0.0,0.0,0.0,0.0,0.0,0.0,0.0,0.0,0.0,0.0,0.0,0.0,0.0,0.0,0.0,0.0,0.0,0.0,0.0,0.0,0.0,0.0,0.0,0.4550424046224336,0.0,0.0,0.0,0.0,0.0,0.12981955963006753,0.14258566929285052,0.12639120729704986,0.15087145391615467,0.0,0.0,0.0,0.17731565332996,0.0,0.20366865712036664,0.0,0.0,0.0,0.0,0.0,0.0,0.16107281307701996,0.0,0.0,0.0,0.35350838396677925,0.0,0.0,0.0,0.0,0.0,0.17334447028769595,0.0,0.11611182885812675,0.24023742703079862,0.0,0.0,0.0,0.0,0.0,0.0,0.0,0.0,0.0,0.0,0.0,0.0,0.0,0.0
2ee076dac5df5fe560093b56afe32431838e041e275b378b69198860cd290d11,0.0,0.0,0.0,0.0,0.0,0.32533106765793457,0.0,0.0,0.0,0.0,0.0,0.0,0.11766412065698299,0.0,0.0,0.0,0.0,0.0,0.0,0.0,0.0,0.0,0.0,0.0,0.0,0.0,0.0,0.0,0.0,0.0,0.0,0.0,0.0,0.0,0.0,0.0,0.0,0.0,0.0,0.0,0.0,0.0,0.0,0.2037212135835648,0.0,0.0,0.0,0.0,0.0,0.0,0.0,0.0,0.0,0.0,0.0,0.0,0.0,0.0,0.0,0.0,0.17074097649038997,0.0,0.0,0.0,0.0,0.0,0.0,0.0,0.0,0.0,0.0,0.0,0.0,0.0,0.0,0.11173475828557913,0.2385448608738029,0.19012864727191017,0.0,0.10222860451308961,0.0,0.0,0.0,0.0,0.0,0.0,0.0,0.0,0.0,0.0,0.0,0.0,0.0,0.0,0.0,0.0,0.0,0.0,0.0,0.0,0.0,0.0,0.1576114720689078,0.0,0.0,0.0,0.0,0.0,0.0,0.0,0.0,0.0,0.0,0.0,0.23626640176845468,0.26891484760938666,0.1468546670772579,0.0,0.0,0.0,0.0,0.0,0.0,0.0,0.18574790581706785,0.0,0.0,0.0,0.0,0.0,0.0,0.0,0.30115980487023186,0.0,0.0,0.0,0.0,0.0,0.42476586257417964,0.0,0.0,0.0,0.22722838072499377,0.18158787301757126,0.0,0.12163353119677837,0.0,0.0,0.0,0.0,0.0,0.3377873648895237,0.0,0.0,0.0,0.0,0.0,0.0,0.0,0.0,0.0
4d810c1676246e483dcf7152c6281577fcfbea1b9a39035918efc8ef69132b45,0.0,0.0,0.0,0.0,0.0,0.0,0.0,0.0,0.0,0.0,0.0,0.0,0.0,0.0,0.0,0.0,0.0,0.309123612802932,0.0,0.0,0.0,0.0,0.0,0.0,0.0,0.0,0.0,0.0,0.0,0.0,0.0,0.0,0.0,0.0,0.2582569434537557,0.0,0.0,0.0,0.0,0.0,0.0,0.0,0.28926407446183927,0.2734400221971982,0.0,0.0,0.0,0.0,0.0,0.0,0.0,0.0,0.0,0.0,0.0,0.0,0.0,0.0,0.0,0.0,0.0,0.0,0.0,0.0,0.0,0.0,0.0,0.0,0.0,0.0,0.0,0.0,0.0,0.0,0.0,0.14997335941784404,0.0,0.0,0.0,0.1372139474114293,0.0,0.0,0.0,0.0,0.0,0.0,0.0,0.0,0.329054222164586,0.0,0.0,0.0,0.0,0.0,0.0,0.0,0.0,0.0,0.0,0.19309901622592537,0.0,0.0,0.0,0.0,0.0,0.0,0.0,0.0,0.0,0.0,0.0,0.0,0.0,0.0,0.0,0.0,0.19711223352248441,0.0,0.20048346237307793,0.17771313890165638,0.0,0.0,0.0,0.0,0.0,0.0,0.0,0.0,0.0,0.0,0.0,0.0,0.0,0.22647742525602985,0.0,0.0,0.0,0.0,0.0,0.0,0.0,0.0,0.0,0.0,0.0,0.16325975525728897,0.3377873204340962,0.365516555375149,0.0,0.0,0.0,0.0,0.0,0.0,0.2369430239463184,0.0,0.0,0.0,0.0,0.0,0.0
241589089e32610bf1d0620cec1d1b6905b0426d3125e7047bb275d962f226cf,0.0,0.0,0.0,0.0,0.0,0.0,0.0,0.0,0.0,0.0,0.0,0.0,0.30304385607256296,0.0,0.0,0.0,0.0,0.5931544384347417,0.0,0.0,0.0,0.0,0.0,0.0,0.0,0.0,0.0,0.0,0.0,0.0,0.0,0.0,0.0,0.0,0.0,0.0,0.0,0.0,0.0,0.0,0.0,0.0,0.0,0.0,0.0,0.0,0.0,0.0,0.0,0.0,0.0,0.0,0.0,0.0,0.0,0.0,0.0,0.0,0.0,0.0,0.0,0.0,0.0,0.0,0.0,0.0,0.0,0.0,0.0,0.0,0.0,0.0,0.0,0.0,0.0,0.28777278765298914,0.0,0.0,0.0,0.0,0.0,0.0,0.0,0.0,0.0,0.0,0.0,0.0,0.0,0.0,0.0,0.0,0.0,0.0,0.0,0.0,0.0,0.0,0.0,0.0,0.0,0.0,0.40592823020600444,0.0,0.0,0.0,0.0,0.0,0.0,0.0,0.0,0.0,0.0,0.0,0.0,0.0,0.3782240868742136,0.0,0.0,0.0,0.4070477468040502,0.0,0.0,0.0,0.0,0.0,0.0,0.0,0.0,0.0,0.0,0.0,0.0,0.0,0.0,0.0,0.0,0.0,0.0,0.0,0.0,0.0,0.0,0.0,0.0,0.0,0.0,0.0,0.0,0.0,0.0,0.0,0.0,0.0,0.0,0.0,0.0,0.0,0.0,0.0,0.0
4f8830dd18dd4c4414a876206b03d02b244a9b62caeb9f7642bd78affa438130,0.0,0.0,0.0,0.0,0.0,0.0,0.0,0.0,0.0,0.0,0.0,0.0,0.0,0.0,0.0,0.0,0.0,0.0,0.0,0.0,0.0,0.0,0.0,0.0,0.0,0.0,0.0,0.0,0.0,0.0,0.0,0.0,0.0,0.0,0.0,0.0,0.0,0.0,0.0,0.0,0.0,0.0,0.0,0.0,0.0,0.0,0.0,0.5140014491301761,0.0,0.0,0.0,0.0,0.0,0.0,0.0,0.0,0.0,0.0,0.0,0.0,0.0,0.0,0.0,0.0,0.4751974416187015,0.0,0.0,0.4023812180187496,0.0,0.0,0.0,0.0,0.0,0.0,0.0,0.23366830810386954,0.0,0.0,0.0,0.0,0.0,0.0,0.0,0.0,0.0,0.0,0.0,0.0,0.0,0.0,0.0,0.0,0.0,0.0,0.0,0.0,0.0,0.0,0.0,0.30086090351767536,0.0,0.0,0.329609215441917,0.0,0.0,0.0,0.0,0.0,0.0,0.0,0.0,0.0,0.0,0.0,0.0,0.0,0.3071137586872887,0.0,0.0,0.0,0.0,0.0,0.0,0.0,0.0,0.0,0.0,0.0,0.0,0.0,0.0,0.0,0.0,0.0,0.0,0.0,0.0,0.0,0.0,0.0,0.0,0.0,0.0,0.0,0.0,0.0,0.0,0.0,0.0,0.0,0.0,0.0,0.0,0.0,0.0,0.0,0.0,0.0,0.0,0.0,0.0
2f569e9b69fc4f9fa6bdf174136418488acf726271019cffc60cddfc03f7c47d,0.0,0.0,0.0,0.0,0.0,0.0,0.0,0.0,0.0,0.0,0.0,0.0,0.15507286641459592,0.0,0.0,0.0,0.0,0.0,0.0,0.0,0.4378387739071157,0.0,0.0,0.0,0.0,0.0,0.0,0.0,0.0,0.0,0.0,0.0,0.0,0.0,0.0,0.0,0.0,0.0,0.0,0.0,0.0,0.4477407107097231,0.2840275281947147,0.2684899386785894,0.0,0.0,0.0,0.0,0.0,0.0,0.0,0.0,0.0,0.0,0.0,0.0,0.0,0.0,0.0,0.0,0.0,0.0,0.0,0.0,0.0,0.0,0.0,0.0,0.0,0.0,0.0,0.0,0.0,0.0,0.0,0.14725839235223548,0.0,0.0,0.0,0.13472996392522724,0.0,0.0,0.0,0.0,0.0,0.0,0.0,0.0,0.0,0.0,0.0,0.0,0.0,0.0,0.0,0.0,0.0,0.0,0.0,0.18960334558488734,0.0,0.0,0.0,0.0,0.0,0.0,0.0,0.0,0.0,0.0,0.0,0.0,0.0,0.0,0.0,0.0,0.1935439116263863,0.0,0.19685411113593201,0.17449599873011665,0.0,0.0,0.0,0.0,0.0,0.0,0.2811854281185397,0.0,0.0,0.0,0.0,0.0,0.0,0.0,0.0,0.0,0.0,0.0,0.0,0.0,0.0,0.0,0.29947069789010233,0.0,0.0,0.16030426462626352,0.0,0.0,0.0,0.0,0.0,0.0,0.0,0.0,0.23265364542644631,0.0,0.0,0.0,0.0,0.0,0.0
8e39804f909ddfb3acb1f5765256ff6c7f73506eec614201aaaabffa823ef555,0.0,0.0,0.0,0.0,0.0,0.0,0.0,0.0,0.0,0.0,0.35290392253872566,0.0,0.22976663719751825,0.0,0.0,0.0,0.0,0.0,0.0,0.0,0.0,0.33591200048006936,0.0,0.0,0.0,0.0,0.0,0.0,0.0,0.0,0.0,0.0,0.0,0.0,0.37572413671931243,0.0,0.0,0.0,0.0,0.0,0.0,0.0,0.0,0.0,0.0,0.0,0.0,0.0,0.0,0.0,0.0,0.0,0.0,0.0,0.0,0.0,0.0,0.0,0.0,0.0,0.0,0.0,0.0,0.0,0.44371640754637054,0.0,0.0,0.0,0.0,0.0,0.0,0.0,0.0,0.0,0.0,0.21818817432203746,0.0,0.0,0.0,0.19962519205699478,0.0,0.0,0.0,0.0,0.0,0.0,0.0,0.0,0.0,0.0,0.0,0.0,0.0,0.0,0.0,0.0,0.0,0.0,0.0,0.0,0.0,0.0,0.0,0.0,0.0,0.0,0.0,0.0,0.0,0.0,0.0,0.0,0.0,0.0,0.0,0.0,0.2867679868994979,0.26555830968917793,0.0,0.0,0.0,0.0,0.0,0.0,0.3627161062163275,0.0,0.0,0.0,0.0,0.0,0.0,0.0,0.0,0.0,0.0,0.0,0.0,0.0,0.0,0.0,0.0,0.0,0.0,0.0,0.0,0.0,0.0,0.0,0.0,0.0,0.0,0.0,0.0,0.0,0.0,0.0,0.0,0.0,0.0,0.0,0.0
8d5cb428742bb5595880a0bc104dfff1099a0a1deaab8c7260495bdc5550ae9c,0.0,0.0,0.0,0.0,0.0,0.0,0.0,0.0,0.0,0.0,0.0,0.0,0.20243657910861723,0.0,0.0,0.0,0.0,0.0,0.0,0.0,0.0,0.0,0.0,0.0,0.0,0.0,0.0,0.0,0.0,0.0,0.0,0.0,0.0,0.0,0.0,0.0,0.0,0.0,0.0,0.0,0.0,0.0,0.0,0.0,0.0,0.0,0.0,0.0,0.0,0.0,0.0,0.0,0.0,0.0,0.0,0.0,0.0,0.0,0.0,0.0,0.0,0.0,0.0,0.0,0.0,0.0,0.0,0.0,0.0,0.0,0.0,0.0,0.0,0.0,0.0,0.1922353399538068,0.0,0.0,0.0,0.1758803692164374,0.0,0.0,0.0,0.0,0.0,0.0,0.0,0.0,0.0,0.0,0.0,0.0,0.0,0.0,0.0,0.0,0.0,0.0,0.0,0.2475136595794611,0.0,0.0,0.2711644557045311,0.0,0.0,0.0,0.0,0.0,0.0,0.0,0.0,0.0,0.0,0.0,0.0,0.0,0.25265778780534875,0.0,0.0,0.22779209456685193,0.0,0.0,0.0,0.0,0.0,0.0,0.0,0.0,0.0,0.0,0.0,0.0,0.0,0.0,0.0,0.0,0.0,0.0,0.0,0.0,0.0,0.0,0.0,0.31241492832339895,0.0,0.20926579676874327,0.43297463381358336,0.46851787246772814,0.0,0.0,0.0,0.0,0.0,0.0,0.303712758951401,0.0,0.0,0.0,0.0,0.0,0.0
76db21bf9e0085a6de539f60ad224b4e0dcbb1d74a69ab2efff33d1389d4fc8a,0.0,0.0,0.0,0.0,0.0,0.0,0.0,0.0,0.0,0.0,0.0,0.0,0.23509713804331397,0.0,0.0,0.0,0.0,0.0,0.0,0.0,0.0,0.0,0.0,0.0,0.0,0.0,0.0,0.0,0.0,0.0,0.0,0.0,0.0,0.0,0.0,0.0,0.0,0.0,0.0,0.0,0.0,0.0,0.0,0.0,0.0,0.0,0.0,0.0,0.0,0.0,0.0,0.0,0.0,0.0,0.0,0.0,0.0,0.0,0.0,0.0,0.0,0.0,0.0,0.0,0.45401046378781745,0.0,0.0,0.3844407974712669,0.0,0.0,0.0,0.0,0.0,0.0,0.0,0.2232500591193783,0.0,0.0,0.0,0.2042564225440702,0.0,0.0,0.0,0.0,0.0,0.0,0.0,0.0,0.0,0.0,0.0,0.0,0.0,0.0,0.0,0.0,0.0,0.0,0.0,0.2874468302615245,0.0,0.0,0.3149133805556121,0.0,0.0,0.0,0.0,0.0,0.0,0.0,0.0,0.0,0.0,0.0,0.0,0.0,0.29342089793723414,0.0,0.0,0.0,0.3157818857007206,0.0,0.0,0.0,0.0,0.0,0.0,0.0,0.0,0.0,0.0,0.0,0.0,0.0,0.0,0.0,0.0,0.0,0.0,0.0,0.0,0.0,0.0,0.362819090572706,0.0,0.0,0.0,0.0,0.0,0.0,0.0,0.0,0.0,0.0,0.0,0.0,0.0,0.0,0.0,0.0,0.0
5381012741146f663e9aeffcdffa5db1da8f47c3a6cc7d3aa1143bc422d0c8db,0.0,0.0,0.0,0.0,0.0,0.0,0.3133360987904602,0.0,0.0,0.0,0.0,0.0,0.11776291914938078,0.0,0.0,0.0,0.30391766554275346,0.0,0.0,0.0,0.0,0.0,0.0,0.0,0.0,0.3105338558053837,0.0,0.0,0.0,0.0,0.0,0.0,0.0,0.0,0.0,0.0,0.0,0.0,0.0,0.0,0.0,0.0,0.0,0.0,0.0,0.0,0.0,0.0,0.0,0.28675455870499283,0.0,0.0,0.0,0.0,0.0,0.0,0.0,0.0,0.0,0.0,0.17088434178283074,0.3119231028183815,0.0,0.0,0.0,0.0,0.0,0.0,0.0,0.0,0.0,0.0,0.0,0.0,0.0,0.11182857809747598,0.0,0.0,0.0,0.0,0.0,0.0,0.0,0.0,0.0,0.0,0.0,0.0,0.24536134900541795,0.0,0.0,0.0,0.0,0.0,0.0,0.0,0.0,0.0,0.0,0.14398549515986497,0.0,0.0,0.15774381297060372,0.0,0.0,0.0,0.0,0.0,0.0,0.0,0.0,0.0,0.0,0.0,0.23646478649413516,0.26914064610580885,0.14697797586185424,0.13610732234588613,0.14949175384393365,0.13251291902611678,0.15817885740387705,0.0,0.0,0.0,0.0,0.0,0.0,0.0,0.0,0.0,0.0,0.0,0.30141267834199076,0.0,0.0,0.0,0.0,0.0,0.0,0.0,0.0,0.0,0.0,0.18174034607385794,0.0,0.1217356626659141,0.0,0.0,0.0,0.0,0.0,0.0,0.0,0.0,0.0,0.0,0.0,0.0,0.0,0.0,0.0
ac5a5556c63a939d8b7f819abed37f562e07a53d4cc774676a7145fff7b5145c,0.0,0.0,0.0,0.0,0.0,0.0,0.0,0.0,0.0,0.0,0.23863083347606,0.0,0.15536637775234308,0.0,0.0,0.0,0.0,0.0,0.0,0.0,0.0,0.22714103054599355,0.0,0.0,0.0,0.0,0.0,0.5142567556425686,0.0,0.0,0.0,0.0,0.0,0.0,0.0,0.0,0.0,0.0,0.0,0.0,0.0,0.0,0.0,0.2689981181099447,0.0,0.0,0.0,0.3245381904421458,0.0,0.0,0.0,0.0,0.0,0.0,0.0,0.0,0.0,0.0,0.0,0.0,0.0,0.0,0.0,0.0,0.0,0.0,0.0,0.0,0.0,0.0,0.0,0.0,0.0,0.0,0.0,0.14753711298681926,0.3149800530396424,0.2510501847857604,0.0,0.134984971605556,0.0,0.0,0.0,0.0,0.0,0.0,0.0,0.0,0.0,0.0,0.0,0.0,0.0,0.0,0.0,0.0,0.0,0.0,0.0,0.0,0.0,0.0,0.20811376799345113,0.0,0.0,0.0,0.0,0.0,0.0,0.0,0.0,0.0,0.0,0.0,0.0,0.0,0.19391023833284182,0.1795684228209968,0.0,0.0,0.0,0.0,0.0,0.0,0.2452657542566568,0.0,0.0,0.0,0.0,0.0,0.0,0.0,0.0,0.22279840638808257,0.0,0.0,0.0,0.0,0.0,0.0,0.0,0.0,0.0,0.0,0.0,0.0,0.0,0.0,0.0,0.0,0.0,0.0,0.0,0.0,0.0,0.0,0.0,0.0,0.0,0.0,0.0
04fdb3ba76452feea3b4bc18bcf9cd9f2255198d0d46447547e7a19942f563c2,0.0,0.0,0.0,0.0,0.0,0.0,0.0,0.0,0.0,0.0,0.0,0.0,0.16516462690041042,0.0,0.0,0.0,0.0,0.0,0.0,0.0,0.0,0.0,0.0,0.0,0.0,0.0,0.0,0.0,0.0,0.0,0.0,0.0,0.0,0.0,0.0,0.0,0.0,0.0,0.0,0.0,0.0,0.0,0.3025113406900334,0.2859626030888238,0.0,0.0,0.0,0.0,0.0,0.0,0.0,0.0,0.4741506908150253,0.0,0.0,0.0,0.0,0.0,0.0,0.0,0.0,0.0,0.0,0.0,0.0,0.0,0.0,0.2700841933173156,0.0,0.0,0.0,0.0,0.0,0.0,0.0,0.0,0.0,0.26688277543236916,0.0,0.14349785838434354,0.0,0.0,0.0,0.0,0.0,0.0,0.0,0.0,0.0,0.0,0.0,0.0,0.0,0.0,0.0,0.0,0.0,0.0,0.0,0.0,0.0,0.0,0.22123855457496852,0.0,0.0,0.0,0.0,0.0,0.0,0.0,0.0,0.0,0.0,0.0,0.0,0.0,0.20613927305086108,0.0,0.20966489219752943,0.1858517688634246,0.0,0.0,0.0,0.0,0.0,0.0,0.2994842837357879,0.0,0.0,0.0,0.0,0.0,0.0,0.23684928616763556,0.0,0.0,0.0,0.0,0.0,0.0,0.0,0.0,0.0,0.25489412685128787,0.0,0.17073647163234104,0.0,0.0,0.0,0.0,0.0,0.0,0.0,0.0,0.0,0.0,0.0,0.0,0.0,0.0,0.0
b45c9de845522095bbfa55166b519b2be36a08cea688491b9f339e862e79c3ba,0.0,0.0,0.0,0.0,0.0,0.0,0.0,0.0,0.0,0.0,0.12584247613022126,0.0,0.08193278881414812,0.0,0.0,0.0,0.0,0.0,0.0,0.0,0.23133222869091652,0.0,0.2687468322804127,0.0,0.0,0.0,0.0,0.0,0.0,0.0,0.0,0.0,0.0,0.0,0.0,0.0,0.0,0.0,0.3396061136440295,0.0,0.0,0.2365639195447506,0.15006601749893048,0.1418567280859001,0.0,0.0,0.0,0.0,0.0,0.0,0.0,0.0,0.2352107054984264,0.0,0.0,0.0,0.0,0.0,0.0,0.0,0.0,0.0,0.0,0.0,0.0,0.0,0.0,0.13397996646370403,0.0,0.0,0.0,0.0,0.0,0.0,0.0,0.07780400943547047,0.0,0.0,0.0,0.07118461105704067,0.0,0.313612926695346,0.0,0.0,0.0,0.0,0.0,0.0,0.17070857054515456,0.0,0.0,0.0,0.0,0.0,0.0,0.0,0.0,0.0,0.0,0.0,0.0,0.0,0.10974923692630723,0.0,0.0,0.0,0.0,0.0,0.0,0.0,0.0,0.0,0.0,0.0,0.0,0.0,0.10225897543644225,0.0,0.1040079201978243,0.09219500576357975,0.0,0.0,0.0,0.0,0.0,0.0,0.148564393193442,0.0,0.0,0.0,0.0,0.0,0.0,0.11749321212741103,0.0,0.3484711563822378,0.0,0.25786372481348796,0.0,0.0,0.0,0.0,0.0,0.12644466952276542,0.0,0.08469679940342377,0.17523917559927468,0.18962470157113176,0.0,0.0,0.0,0.2352107054984264,0.0,0.0,0.12292261333845153,0.0,0.0,0.0,0.0,0.0,0.0
533a0d5026212d29ed28f290f42b5bcd80027c32b1fcb2613e588e5613527101,0.0,0.0,0.0,0.0,0.0,0.0,0.0,0.0,0.0,0.0,0.2739581516934964,0.0,0.17836708301408827,0.0,0.0,0.0,0.0,0.0,0.0,0.0,0.0,0.26076737861446214,0.0,0.0,0.0,0.0,0.0,0.0,0.0,0.0,0.0,0.0,0.0,0.0,0.0,0.0,0.0,0.0,0.0,0.0,0.0,0.0,0.0,0.0,0.0,0.0,0.0,0.0,0.0,0.0,0.0,0.0,0.0,0.0,0.0,0.0,0.0,0.0,0.0,0.0,0.0,0.0,0.0,0.0,0.34445558443500324,0.0,0.0,0.0,0.0,0.0,0.0,0.0,0.0,0.0,0.0,0.16937876045309322,0.0,0.0,0.0,0.15496837851495482,0.0,0.0,0.0,0.0,0.0,0.0,0.0,0.0,0.0,0.0,0.0,0.0,0.0,0.0,0.0,0.0,0.0,0.0,0.0,0.21808454608217212,0.0,0.0,0.23892328745176522,0.0,0.4063898472693216,0.0,0.0,0.0,0.0,0.0,0.0,0.0,0.0,0.0,0.0,0.0,0.0,0.2061520403795255,0.0,0.0,0.0,0.0,0.0,0.0,0.2815753175358452,0.0,0.0,0.0,0.0,0.0,0.0,0.0,0.0,0.0,0.0,0.0,0.0,0.0,0.0,0.0,0.0,0.0,0.0,0.0,0.0,0.0,0.0,0.0,0.0,0.0,0.0,0.5120519884732097,0.0,0.0,0.0,0.0,0.0,0.0,0.0,0.0,0.0
da5bb95145c972315ba0f1cc0c47cb4c6831f244b0532cdb95d1abaa6118ca50,0.0,0.0,0.0,0.0,0.0,0.0,0.0,0.0,0.0,0.0,0.22343302321954048,0.0,0.14547147567733637,0.0,0.0,0.0,0.0,0.0,0.0,0.0,0.0,0.21267497754930637,0.0,0.0,0.0,0.0,0.0,0.0,0.0,0.0,0.0,0.0,0.0,0.0,0.0,0.0,0.0,0.0,0.0,0.0,0.0,0.0,0.0,0.2518662902616968,0.0,0.0,0.0,0.3038691521310143,0.0,0.0,0.0,0.0,0.0,0.0,0.0,0.0,0.0,0.0,0.0,0.0,0.0,0.0,0.0,0.0,0.0,0.0,0.0,0.0,0.0,0.0,0.0,0.0,0.0,0.0,0.4357585508073686,0.13814083750847328,0.2949197489668027,0.23506141662172966,0.0,0.12638811110743967,0.0,0.0,0.0,0.0,0.0,0.0,0.0,0.0,0.0,0.0,0.0,0.0,0.0,0.0,0.0,0.0,0.0,0.0,0.0,0.0,0.0,0.0,0.0,0.0,0.3314408117437573,0.0,0.0,0.0,0.0,0.0,0.0,0.0,0.0,0.0,0.0,0.0,0.18156057267542935,0.0,0.0,0.0,0.0,0.0,0.0,0.0,0.0,0.0,0.0,0.0,0.0,0.0,0.0,0.0,0.0,0.20860892443213613,0.0,0.0,0.0,0.0,0.0,0.0,0.0,0.0,0.0,0.0,0.0,0.0,0.0,0.0,0.0,0.0,0.0,0.41761605968982934,0.0,0.0,0.0,0.0,0.0,0.0,0.0,0.0,0.0
7dfce4f0b796f94bdfe9b151ef14fdad018c8ed02017bf1e26b087f192c4e364,0.0,0.0,0.0,0.0,0.0,0.0,0.0,0.0,0.0,0.0,0.0,0.0,0.19733437041397575,0.0,0.0,0.0,0.0,0.0,0.0,0.0,0.0,0.0,0.0,0.0,0.0,0.0,0.0,0.0,0.0,0.0,0.0,0.0,0.0,0.0,0.32268952043330384,0.0,0.0,0.0,0.0,0.0,0.0,0.0,0.0,0.0,0.0,0.0,0.0,0.0,0.0,0.0,0.0,0.0,0.0,0.0,0.0,0.0,0.0,0.0,0.0,0.0,0.0,0.0,0.0,0.0,0.0,0.0,0.0,0.0,0.0,0.0,0.0,0.0,0.0,0.0,0.0,0.0,0.0,0.0,0.0,0.0,0.0,0.0,0.0,0.0,0.0,0.0,0.0,0.0,0.0,0.0,0.0,0.0,0.0,0.0,0.0,0.0,0.0,0.0,0.0,0.0,0.0,0.0,0.26433003057412496,0.0,0.0,0.0,0.0,0.0,0.0,0.0,0.0,0.0,0.0,0.0,0.0,0.0,0.0,0.0,0.0,0.0,0.0,0.0,0.0,0.0,0.0,0.0,0.0,0.0,0.0,0.0,0.0,0.0,0.0,0.0,0.0,0.0,0.0,0.0,0.7123743720380286,0.0,0.0,0.0,0.3810844733312739,0.3045408268608753,0.0,0.20399146456817946,0.0,0.0,0.0,0.0,0.0,0.0,0.0,0.0,0.0,0.0,0.0,0.0,0.0,0.0,0.0
5b169f05c80d4154ec19e26a4260681f22640d14d4f29131dd0bbecb99abd736,0.0,0.0,0.0,0.0,0.0,0.0,0.0,0.0,0.0,0.0,0.0,0.0,0.0,0.0,0.0,0.0,0.0,0.0,0.0,0.0,0.0,0.0,0.0,0.0,0.0,0.0,0.0,0.0,0.0,0.0,0.0,0.0,0.0,0.0,0.0,0.0,0.0,0.0,0.0,0.0,0.0,0.0,0.0,0.0,0.0,0.0,0.0,0.0,0.0,0.0,0.0,0.0,0.0,0.0,0.0,0.0,0.0,0.0,0.0,0.0,0.0,0.0,0.0,0.0,0.0,0.0,0.0,0.0,0.0,0.0,0.0,0.0,0.0,0.0,0.0,0.0,0.0,0.0,0.0,0.3076824907293051,0.0,0.0,0.0,0.0,0.0,0.0,0.0,0.0,0.7378566433703572,0.0,0.0,0.0,0.0,0.0,0.0,0.0,0.0,0.0,0.0,0.0,0.0,0.0,0.0,0.0,0.0,0.0,0.0,0.0,0.0,0.0,0.0,0.0,0.0,0.0,0.0,0.0,0.0,0.0,0.44955525452542605,0.3984960876362782,0.0,0.0,0.0,0.0,0.0,0.0,0.0,0.0,0.0,0.0,0.0,0.0,0.0,0.0,0.0,0.0,0.0,0.0,0.0,0.0,0.0,0.0,0.0,0.0,0.0,0.0,0.0,0.0,0.0,0.0,0.0,0.0,0.0,0.0,0.0,0.0,0.0,0.0,0.0,0.0,0.0
5cf79e2271db3a5a25c9273f00e0ac0eee696a8c572f41bff84fd629c5651e93,0.0,0.0,0.0,0.0,0.0,0.0,0.31216528646492603,0.0,0.0,0.0,0.0,0.0,0.11732288597808893,0.0,0.0,0.0,0.30278204615469506,0.22963867820904876,0.0,0.0,0.0,0.0,0.0,0.0,0.0,0.3093735143468793,0.0,0.0,0.0,0.0,0.0,0.0,0.0,0.0,0.0,0.0,0.0,0.0,0.0,0.0,0.0,0.0,0.0,0.0,0.0,0.0,0.0,0.0,0.0,0.2856830710180301,0.0,0.0,0.0,0.0,0.0,0.0,0.0,0.0,0.0,0.0,0.17024581499203817,0.3107575702965674,0.0,0.0,0.0,0.0,0.0,0.0,0.0,0.0,0.0,0.0,0.0,0.0,0.0,0.11141071919743571,0.0,0.0,0.0,0.0,0.0,0.0,0.0,0.0,0.0,0.0,0.0,0.0,0.2444445312728485,0.0,0.0,0.0,0.0,0.0,0.0,0.0,0.0,0.0,0.0,0.0,0.0,0.0,0.0,0.0,0.0,0.0,0.0,0.0,0.0,0.0,0.0,0.0,0.0,0.0,0.2355812116757505,0.2681349746016977,0.14642877764822546,0.13559874343904083,0.1489331626422118,0.13201777097427345,0.15758780595272834,0.0,0.0,0.0,0.0,0.0,0.0,0.0,0.0,0.0,0.0,0.0,0.3002864190943735,0.0,0.0,0.0,0.0,0.0,0.0,0.0,0.0,0.0,0.0,0.18106125471460663,0.0,0.12128078493284562,0.0,0.0,0.0,0.0,0.0,0.0,0.0,0.0,0.0,0.0,0.0,0.0,0.0,0.0,0.0
5e1a5b16c34ad5789d5d8c704f8dc6b6a2c4cfecd2525630075c37036682465a,0.0,0.0,0.0,0.0,0.0,0.0,0.0,0.0,0.0,0.0,0.16316208139964647,0.0,0.10623062076401449,0.0,0.0,0.0,0.0,0.0,0.0,0.0,0.0,0.15530601295436958,0.0,0.0,0.0,0.0,0.0,0.0,0.0,0.0,0.0,0.0,0.0,0.0,0.0,0.0,0.0,0.0,0.0,0.0,0.0,0.0,0.0,0.18392548944354956,0.0,0.0,0.0,0.0,0.0,0.0,0.0,0.0,0.3049643447645585,0.0,0.0,0.0,0.0,0.0,0.0,0.0,0.0,0.0,0.0,0.0,0.0,0.0,0.0,0.0,0.3620404488720668,0.0,0.0,0.3369518385484775,0.0,0.0,0.0,0.10087741842899461,0.2153653000523712,0.17165372172879712,0.0,0.09229498386277997,0.0,0.0,0.0,0.0,0.0,0.0,0.4820460726065649,0.0,0.0,0.0,0.0,0.0,0.0,0.0,0.0,0.0,0.0,0.0,0.0,0.0,0.0,0.0,0.0,0.0,0.0,0.0,0.1699329449055613,0.0,0.0,0.0,0.0,0.0,0.0,0.0,0.0,0.0,0.1325847026145599,0.12277859149356293,0.13485231110650353,0.11953618124513,0.1426887031599602,0.0,0.0,0.0,0.167698659798651,0.0,0.0,0.0,0.0,0.0,0.0,0.0,0.27189590881148146,0.15233677555105543,0.0,0.0,0.0,0.0,0.0,0.0,0.0,0.0,0.0,0.0,0.0,0.0,0.0,0.0,0.0,0.0,0.0,0.0,0.0,0.0,0.0,0.0,0.0,0.0,0.0,0.0,0.0
5e5b5171a95955ecb0fa8f9f1ba66f313165044cc1978a447673c0ac17859170,0.0,0.0,0.0,0.0,0.0,0.0,0.0,0.0,0.0,0.0,0.0,0.0,0.36697785768137897,0.0,0.0,0.0,0.0,0.0,0.0,0.0,0.0,0.0,0.0,0.0,0.0,0.0,0.0,0.0,0.0,0.0,0.0,0.0,0.0,0.0,0.0,0.0,0.0,0.0,0.0,0.0,0.0,0.0,0.0,0.0,0.0,0.0,0.0,0.0,0.0,0.0,0.0,0.0,0.0,0.0,0.0,0.0,0.0,0.0,0.0,0.0,0.0,0.0,0.0,0.0,0.0,0.0,0.0,0.0,0.0,0.0,0.0,0.0,0.0,0.0,0.0,0.34848500966343704,0.0,0.0,0.0,0.0,0.0,0.0,0.0,0.0,0.0,0.0,0.0,0.0,0.0,0.0,0.0,0.0,0.0,0.0,0.0,0.0,0.0,0.0,0.0,0.0,0.0,0.0,0.49156803316851766,0.0,0.0,0.0,0.0,0.0,0.0,0.0,0.0,0.0,0.0,0.0,0.0,0.0,0.0,0.0,0.0,0.0,0.0,0.0,0.0,0.0,0.0,0.0,0.0,0.0,0.0,0.0,0.0,0.0,0.0,0.0,0.0,0.0,0.0,0.0,0.0,0.0,0.0,0.0,0.7086933884115859,0.0,0.0,0.0,0.0,0.0,0.0,0.0,0.0,0.0,0.0,0.0,0.0,0.0,0.0,0.0,0.0,0.0,0.0
5d37dda7b65f39f134be3805969c5c9d7dc53a2e921232dd32e5b8887fd0d908,0.0,0.0,0.0,0.0,0.0,0.4294967728949629,0.0,0.0,0.0,0.0,0.0,0.0,0.0,0.0,0.0,0.0,0.0,0.0,0.0,0.0,0.0,0.0,0.0,0.0,0.0,0.0,0.3261569010441131,0.0,0.0,0.0,0.0,0.0,0.0,0.0,0.0,0.0,0.0,0.0,0.0,0.0,0.0,0.0,0.284513605846526,0.0,0.3013210437826276,0.0,0.0,0.0,0.0,0.0,0.0,0.0,0.0,0.0,0.0,0.0,0.0,0.0,0.29998320459866656,0.0,0.0,0.0,0.0,0.0,0.0,0.0,0.0,0.0,0.0,0.0,0.0,0.0,0.0,0.0,0.0,0.14751040670457322,0.0,0.0,0.0,0.13496053743656836,0.0,0.0,0.0,0.0,0.0,0.0,0.0,0.0,0.0,0.0,0.0,0.0,0.0,0.0,0.0,0.0,0.0,0.0,0.0,0.0,0.0,0.0,0.20807609648887307,0.0,0.0,0.0,0.0,0.0,0.0,0.0,0.0,0.0,0.0,0.0,0.0,0.0,0.0,0.17953591842338967,0.19719100236861828,0.17479462684497687,0.20864995321117505,0.0,0.0,0.0,0.0,0.0,0.2816666418709254,0.0,0.0,0.0,0.0,0.0,0.0,0.22275807675844222,0.0,0.0,0.0,0.0,0.0,0.0,0.0,0.0,0.29998320459866656,0.0,0.0,0.0,0.0,0.0,0.0,0.0,0.0,0.0,0.0,0.0,0.0,0.0,0.0,0.0,0.0,0.0,0.0
5eac63fc61a6c010a8be021bf6d86d377f03c10fcd447c1342d0aba35ae6b68a,0.0,0.22024469494953106,0.0,0.0,0.0,0.0,0.0,0.0,0.0,0.0,0.15816176760825243,0.2765258143563738,0.10297504548869317,0.0,0.0,0.0,0.0,0.0,0.0,0.0,0.0,0.15054645857874221,0.0,0.0,0.0,0.0,0.0,0.0,0.0,0.0,0.0,0.0,0.0,0.0,0.0,0.0,0.0,0.0,0.0,0.0,0.0,0.29731906760017107,0.0,0.17828885405888062,0.19974827409584694,0.0,0.0,0.0,0.0,0.0,0.0,0.0,0.0,0.0,0.0,0.2876676074338307,0.3169740518798252,0.0,0.1988614091604965,0.0,0.0,0.0,0.0,0.0,0.0,0.0,0.0,0.0,0.0,0.0,0.0,0.0,0.0,0.0,0.0,0.09778589898842549,0.0,0.0,0.0,0.08946648427067715,0.0,0.0,0.0,0.0,0.0,0.0,0.0,0.0,0.0,0.0,0.0,0.0,0.0,0.0,0.0,0.0,0.0,0.0,0.0,0.12590476714483745,0.0,0.0,0.13793540813643493,0.0,0.0,0.0,0.16472512921251312,0.0,0.0,0.0,0.0,0.0,0.0,0.2990608045400802,0.0,0.0,0.1285214722896929,0.1190158821736846,0.1307195869757321,0.11587283979641093,0.1383158226219921,0.0,0.0,0.0,0.16255931667311455,0.0,0.18671920446644266,0.0,0.0,0.0,0.0,0.0,0.0,0.0,0.0,0.0,0.0,0.0,0.0,0.0,0.0,0.0,0.1988614091604965,0.0,0.0,0.10644891865084703,0.22024469494953106,0.0,0.0,0.0,0.0,0.0,0.0,0.0,0.1544920157524324,0.0,0.0,0.0,0.0,0.0,0.0
28314e224dcbae977cbf7dec0cda849e4a56cec90b3568a29b6bbd9234b895aa,0.0,0.0,0.0,0.0,0.0,0.0,0.0,0.0,0.0,0.0,0.0,0.0,0.14706751506461885,0.0,0.0,0.0,0.0,0.0,0.0,0.0,0.0,0.0,0.0,0.0,0.0,0.0,0.0,0.0,0.0,0.0,0.0,0.0,0.0,0.0,0.240491029555379,0.0,0.0,0.0,0.0,0.0,0.0,0.0,0.0,0.0,0.0,0.0,0.0,0.0,0.36205718139387394,0.0,0.0,0.0,0.0,0.0,0.0,0.41084284050666514,0.0,0.0,0.0,0.0,0.21340788502002828,0.0,0.0,0.0,0.284011074223744,0.0,0.5539462110322034,0.240491029555379,0.0,0.0,0.0,0.0,0.0,0.0,0.0,0.0,0.0,0.0,0.0,0.1277747774794722,0.0,0.0,0.0,0.0,0.0,0.0,0.0,0.0,0.0,0.0,0.0,0.0,0.0,0.0,0.0,0.0,0.0,0.0,0.0,0.0,0.0,0.0,0.19699741444908525,0.0,0.0,0.0,0.0,0.0,0.0,0.0,0.0,0.0,0.0,0.0,0.0,0.0,0.0,0.0,0.0,0.0,0.0,0.0,0.0,0.0,0.0,0.0,0.0,0.0,0.0,0.0,0.0,0.0,0.0,0.0,0.0,0.0,0.0,0.0,0.0,0.0,0.0,0.0,0.0,0.22696534084860692,0.0,0.15202885197088645,0.0,0.0,0.0,0.0,0.0,0.0,0.0,0.0,0.0,0.0,0.0,0.0,0.0,0.0,0.0
2f3907711c04a9022fda6818f25989480f3be29409ad60aa6eebb418aea443df,0.0,0.0,0.0,0.0,0.0,0.0,0.0,0.0,0.0,0.0,0.2410779348965861,0.0,0.15695962233922878,0.0,0.0,0.0,0.0,0.0,0.0,0.0,0.0,0.22947030681935757,0.0,0.0,0.0,0.0,0.0,0.0,0.0,0.0,0.0,0.0,0.0,0.0,0.0,0.0,0.0,0.0,0.0,0.0,0.0,0.0,0.0,0.27175662868193134,0.0,0.0,0.0,0.0,0.0,0.0,0.0,0.0,0.0,0.0,0.0,0.0,0.0,0.0,0.0,0.0,0.0,0.0,0.0,0.0,0.0,0.0,0.0,0.0,0.0,0.0,0.0,0.0,0.546535615109515,0.0,0.0,0.1490500703591388,0.3182100972212884,0.25362464364702153,0.0,0.13636920980710748,0.0,0.0,0.0,0.0,0.0,0.0,0.0,0.0,0.0,0.0,0.0,0.0,0.0,0.0,0.0,0.0,0.0,0.0,0.0,0.19191023036675542,0.0,0.0,0.0,0.0,0.0,0.0,0.0,0.0,0.0,0.0,0.0,0.0,0.0,0.0,0.0,0.0,0.19589874087782605,0.0,0.19924921525092948,0.0,0.0,0.0,0.0,0.0,0.24778089518335555,0.0,0.0,0.0,0.0,0.0,0.0,0.0,0.0,0.22508315010213378,0.0,0.0,0.0,0.0,0.0,0.0,0.0,0.0,0.0,0.24223156397277096,0.0,0.0,0.0,0.0,0.0,0.0,0.0,0.0,0.0,0.0,0.0,0.0,0.0,0.0,0.0,0.0,0.0
6a49b73fa3617fbd397c7cd35313c4c657e5a129b427d5eec19370d28854ce78,0.0,0.0,0.0,0.0,0.0,0.0,0.0,0.0,0.0,0.0,0.23125780520397898,0.0,0.1505659893070931,0.0,0.0,0.0,0.0,0.0,0.0,0.0,0.0,0.220123005190384,0.0,0.0,0.0,0.0,0.3161367861885965,0.0,0.0,0.0,0.0,0.0,0.0,0.0,0.0,0.0,0.0,0.0,0.0,0.0,0.0,0.0,0.2757728464162854,0.0,0.2920639302356794,0.0,0.0,0.0,0.0,0.0,0.0,0.0,0.0,0.0,0.0,0.0,0.0,0.0,0.29076719182940725,0.0,0.0,0.0,0.0,0.0,0.0,0.0,0.0,0.0,0.0,0.0,0.0,0.0,0.0,0.0,0.0,0.14297862702175154,0.0,0.24329343314066224,0.0,0.13081431185695455,0.0,0.0,0.0,0.0,0.0,0.0,0.0,0.0,0.0,0.0,0.0,0.0,0.0,0.0,0.0,0.0,0.0,0.0,0.0,0.0,0.0,0.0,0.0,0.0,0.3430481026234584,0.0,0.0,0.0,0.0,0.0,0.0,0.0,0.0,0.0,0.0,0.0,0.0,0.0,0.0,0.16942462783067744,0.0,0.0,0.0,0.0,0.237687725407803,0.0,0.27301334619182327,0.0,0.0,0.0,0.0,0.0,0.0,0.21591455602664664,0.0,0.0,0.0,0.0,0.0,0.0,0.0,0.0,0.29076719182940725,0.0,0.0,0.1556453475817587,0.0,0.0,0.0,0.0,0.0,0.0,0.0,0.0,0.0,0.0,0.0,0.0,0.0,0.0,0.0
6b2bc89a82c41241a24f0a8c7972b563e30303bf7c277d767ac5766510e8f03e,0.0,0.0,0.0,0.0,0.0,0.0,0.0,0.0,0.0,0.0,0.0,0.0,0.0,0.0,0.0,0.0,0.0,0.0,0.0,0.0,0.0,0.0,0.0,0.0,0.0,0.0,0.0,0.0,0.0,0.0,0.0,0.0,0.0,0.0,0.80088286095393,0.0,0.0,0.0,0.0,0.0,0.0,0.0,0.0,0.0,0.0,0.0,0.0,0.0,0.0,0.0,0.0,0.0,0.0,0.0,0.0,0.0,0.0,0.0,0.0,0.0,0.0,0.0,0.0,0.0,0.0,0.0,0.0,0.0,0.0,0.0,0.0,0.0,0.0,0.0,0.0,0.0,0.0,0.0,0.0,0.0,0.0,0.0,0.0,0.0,0.0,0.0,0.0,0.0,0.0,0.0,0.0,0.0,0.0,0.0,0.0,0.0,0.0,0.0,0.0,0.5988210442446459,0.0,0.0,0.0,0.0,0.0,0.0,0.0,0.0,0.0,0.0,0.0,0.0,0.0,0.0,0.0,0.0,0.0,0.0,0.0,0.0,0.0,0.0,0.0,0.0,0.0,0.0,0.0,0.0,0.0,0.0,0.0,0.0,0.0,0.0,0.0,0.0,0.0,0.0,0.0,0.0,0.0,0.0,0.0,0.0,0.0,0.0,0.0,0.0,0.0,0.0,0.0,0.0,0.0,0.0,0.0,0.0,0.0,0.0,0.0,0.0,0.0
6c5d418831206f110eac092468ea4197e3253f3350e48b0986e130995bd46451,0.0,0.0,0.0,0.0,0.0,0.0,0.0,0.0,0.0,0.0,0.2264591979262267,0.0,0.14744173993772067,0.0,0.0,0.0,0.0,0.0,0.0,0.0,0.0,0.2155554453894268,0.0,0.0,0.0,0.0,0.0,0.0,0.0,0.0,0.0,0.0,0.0,0.0,0.0,0.0,0.0,0.0,0.0,0.0,0.0,0.0,0.0,0.25527756486235387,0.0,0.0,0.0,0.0,0.0,0.0,0.0,0.0,0.0,0.0,0.0,0.0,0.0,0.0,0.0,0.0,0.0,0.0,0.0,0.0,0.0,0.0,0.0,0.0,0.0,0.0,0.0,0.0,0.5133942145676244,0.0,0.0,0.1400118156763596,0.2989141391959885,0.2382450861762501,0.0,0.12809991046255725,0.0,0.0,0.0,0.0,0.0,0.0,0.0,0.0,0.3071977535215114,0.0,0.0,0.0,0.0,0.0,0.0,0.0,0.0,0.0,0.0,0.1802729762943073,0.0,0.0,0.0,0.0,0.0,0.0,0.0,0.0,0.0,0.0,0.0,0.0,0.0,0.0,0.0,0.0,0.18401962731670315,0.0,0.1871669321064628,0.0,0.0,0.0,0.0,0.0,0.23275569706839958,0.0,0.0,0.0,0.0,0.0,0.0,0.0,0.0,0.21143432168814186,0.0,0.0,0.0,0.0,0.0,0.0,0.0,0.0,0.0,0.22754287203107276,0.0,0.1524157013564331,0.0,0.0,0.0,0.0,0.0,0.0,0.0,0.0,0.0,0.0,0.0,0.0,0.0,0.0,0.0
d7dd571b86ec131932b440a9599ce3d9b249bbf1af9f5e722631e5f7a842e925,0.0,0.0,0.0,0.0,0.0,0.0,0.0,0.0,0.0,0.0,0.27423487703910987,0.0,0.17854725174565558,0.0,0.0,0.0,0.0,0.34947448272273135,0.0,0.0,0.0,0.26103077994976004,0.0,0.0,0.0,0.0,0.0,0.5909845601084888,0.0,0.0,0.0,0.0,0.0,0.0,0.0,0.0,0.0,0.0,0.0,0.0,0.0,0.0,0.0,0.0,0.0,0.0,0.0,0.3729597280199155,0.0,0.0,0.0,0.0,0.0,0.0,0.0,0.0,0.0,0.0,0.0,0.0,0.0,0.0,0.0,0.0,0.34480351929316333,0.0,0.0,0.0,0.0,0.0,0.0,0.0,0.0,0.0,0.0,0.16954985007293563,0.0,0.0,0.0,0.15512491219660882,0.0,0.0,0.0,0.0,0.0,0.0,0.0,0.0,0.0,0.0,0.0,0.0,0.0,0.0,0.0,0.0,0.0,0.0,0.0,0.0,0.0,0.0,0.0,0.0,0.0,0.0,0.0,0.0,0.0,0.0,0.0,0.0,0.0,0.0,0.0,0.0,0.0,0.20636027471849408,0.0,0.0,0.0,0.0,0.0,0.0,0.0,0.0,0.0,0.0,0.0,0.0,0.0,0.0,0.0,0.0,0.0,0.0,0.0,0.0,0.0,0.0,0.0,0.0,0.0,0.0,0.0,0.0,0.0,0.0,0.0,0.0,0.0,0.0,0.0,0.0,0.0,0.0,0.0,0.0,0.0,0.0,0.0
06d2775330e0fdba79346c8c1a89f588311320dcb0c18422eb8f651858b22aff,0.0,0.0,0.0,0.0,0.0,0.0,0.0,0.0,0.0,0.0,0.0,0.0,0.17800722259517862,0.0,0.0,0.0,0.0,0.0,0.0,0.0,0.0,0.0,0.0,0.0,0.0,0.0,0.0,0.0,0.0,0.0,0.0,0.0,0.0,0.0,0.0,0.0,0.0,0.0,0.0,0.0,0.0,0.0,0.0,0.3081980064207228,0.34529370995894687,0.0,0.0,0.0,0.0,0.0,0.0,0.0,0.5110189097236909,0.0,0.0,0.0,0.0,0.0,0.0,0.0,0.0,0.0,0.0,0.0,0.0,0.0,0.0,0.0,0.0,0.0,0.0,0.0,0.0,0.0,0.0,0.16903703421829105,0.0,0.287634601335395,0.0,0.15465572561584484,0.0,0.0,0.0,0.0,0.0,0.0,0.0,0.0,0.0,0.0,0.0,0.0,0.0,0.0,0.0,0.0,0.0,0.0,0.0,0.0,0.0,0.0,0.0,0.0,0.0,0.0,0.0,0.0,0.0,0.0,0.0,0.0,0.0,0.0,0.0,0.0,0.22216790696774646,0.0,0.2259676653300817,0.2003029208531885,0.0,0.0,0.0,0.0,0.0,0.0,0.0,0.0,0.0,0.0,0.0,0.0,0.0,0.25526581808448173,0.0,0.0,0.0,0.0,0.0,0.0,0.0,0.0,0.34376063596796597,0.0,0.0,0.18401231354035172,0.0,0.0,0.0,0.0,0.0,0.0,0.0,0.0,0.0,0.0,0.0,0.0,0.0,0.0,0.0
6db75599243651cc336024c8d4d14a05be1acb0b64627a724dd87e8aa9677240,0.0,0.20479225350042124,0.0,0.0,0.0,0.0,0.0,0.0,0.0,0.0,0.0,0.25712467074885836,0.09575028186159161,0.0,0.0,0.0,0.0,0.0,0.0,0.0,0.0,0.0,0.3140694380442706,0.0,0.341319732547643,0.0,0.0,0.0,0.0,0.0,0.0,0.0,0.0,0.0,0.0,0.0,0.0,0.0,0.0,0.0,0.0,0.0,0.0,0.16578004843700153,0.18573386838798595,0.0,0.0,0.0,0.0,0.0,0.0,0.0,0.0,0.0,0.0,0.0,0.2947350464014754,0.0,0.0,0.0,0.0,0.0,0.0,0.0,0.0,0.0,0.0,0.0,0.0,0.0,0.0,0.0,0.0,0.0,0.28681914354089827,0.09092520761507157,0.1941181180615508,0.1547189701040623,0.0,0.0831894858159941,0.0,0.0,0.0,0.0,0.0,0.0,0.0,0.0,0.0,0.0,0.0,0.0,0.0,0.0,0.0,0.0,0.0,0.0,0.0,0.11707124657847273,0.0,0.0,0.12825781377496465,0.0,0.0,0.0,0.15316795906166483,0.0,0.0,0.0,0.0,0.0,0.0,0.0,0.0,0.0,0.11950436281531962,0.11066568808058992,0.0,0.10774316260756232,0.1286115382530017,0.0,0.0,0.0,0.0,0.0,0.17361892264079765,0.0,0.0,0.0,0.0,0.0,0.0,0.1373077658023125,0.0,0.0,0.0,0.0,0.0,0.0,0.0,0.0,0.18490922619307384,0.0,0.0,0.09898042692099995,0.20479225350042124,0.0,0.0,0.0,0.0,0.0,0.0,0.0,0.0,0.341319732547643,0.0,0.0,0.0,0.0,0.0
6e2acfa891588015b4bb6f678020a482f10cfd26f383c53182ac716af5047c74,0.0,0.0,0.0,0.0,0.0,0.0,0.0,0.0,0.0,0.0,0.2175871385432571,0.0,0.1416653710190161,0.0,0.0,0.0,0.0,0.0,0.0,0.0,0.0,0.20711056556414162,0.0,0.0,0.0,0.0,0.2974485493986459,0.0,0.0,0.0,0.0,0.0,0.0,0.0,0.2316572148087122,0.0,0.0,0.0,0.0,0.0,0.0,0.0,0.25947069975312653,0.0,0.27479874590881714,0.0,0.0,0.0,0.0,0.0,0.0,0.0,0.0,0.0,0.0,0.0,0.0,0.0,0.27357866341685094,0.0,0.0,0.0,0.0,0.0,0.27357866341685094,0.0,0.0,0.0,0.0,0.0,0.0,0.0,0.0,0.0,0.0,0.1345265311113108,0.0,0.0,0.0,0.12308130215260846,0.0,0.0,0.0,0.0,0.0,0.0,0.0,0.0,0.0,0.0,0.0,0.0,0.0,0.0,0.0,0.0,0.0,0.0,0.0,0.17321036825950892,0.0,0.0,0.0,0.0,0.322769019478905,0.0,0.0,0.0,0.0,0.0,0.0,0.0,0.0,0.0,0.0,0.0,0.0,0.16373315520547,0.0,0.1594091924201964,0.0,0.0,0.0,0.0,0.22363695786493365,0.0,0.0,0.0,0.0,0.0,0.0,0.0,0.0,0.20315089635239464,0.0,0.0,0.0,0.0,0.0,0.0,0.0,0.0,0.27357866341685094,0.21862835722523657,0.0,0.14644446607116215,0.0,0.0,0.0,0.0,0.0,0.0,0.0,0.0,0.0,0.0,0.0,0.0,0.0,0.0,0.0
2f542206688519003a19a39e51eba51d1f644489fd1e3fcb48ebbbd7062d5906,0.0,0.0,0.0,0.0,0.0,0.0,0.0,0.0,0.0,0.0,0.0,0.0,0.18840347160116744,0.0,0.0,0.0,0.0,0.0,0.0,0.0,0.0,0.0,0.0,0.0,0.0,0.0,0.0,0.0,0.0,0.0,0.0,0.0,0.0,0.0,0.0,0.0,0.0,0.0,0.0,0.0,0.0,0.0,0.0,0.0,0.3654600792590211,0.0,0.0,0.0,0.0,0.0,0.0,0.0,0.5408642146208884,0.0,0.0,0.0,0.0,0.0,0.0,0.0,0.0,0.0,0.0,0.0,0.0,0.0,0.0,0.0,0.0,0.0,0.0,0.0,0.0,0.0,0.0,0.17890939261671263,0.0,0.0,0.0,0.16368816491950575,0.0,0.0,0.0,0.0,0.0,0.0,0.0,0.0,0.3925423238763988,0.0,0.0,0.0,0.0,0.0,0.0,0.0,0.0,0.0,0.0,0.23035576346337788,0.0,0.0,0.0,0.0,0.0,0.0,0.0,0.0,0.0,0.0,0.0,0.0,0.0,0.0,0.0,0.0,0.0,0.0,0.23916497317986501,0.21200131719608506,0.0,0.0,0.0,0.0,0.0,0.0,0.0,0.0,0.0,0.0,0.0,0.0,0.0,0.0,0.0,0.0,0.0,0.0,0.0,0.0,0.0,0.0,0.3638374683451981,0.0,0.0,0.1947592810164085,0.0,0.0,0.0,0.0,0.0,0.0,0.0,0.0,0.0,0.0,0.0,0.0,0.0,0.0,0.0
4b2fb0f42a923104b69a45aa7a503fbd08739ebf3711599303aa15692136fa46,0.0,0.0,0.0,0.0,0.0,0.4722182754329023,0.0,0.0,0.0,0.0,0.0,0.0,0.0,0.0,0.0,0.0,0.0,0.0,0.0,0.0,0.0,0.0,0.0,0.0,0.0,0.0,0.0,0.0,0.0,0.0,0.0,0.0,0.0,0.0,0.0,0.0,0.0,0.0,0.0,0.0,0.0,0.0,0.3128138155368634,0.0,0.0,0.0,0.0,0.0,0.4204571262136793,0.0,0.0,0.0,0.0,0.0,0.0,0.47711192850771117,0.0,0.0,0.0,0.0,0.0,0.0,0.0,0.0,0.0,0.0,0.0,0.0,0.0,0.0,0.0,0.0,0.0,0.0,0.0,0.1621830808947075,0.0,0.0,0.0,0.14838489195209825,0.0,0.0,0.0,0.0,0.0,0.0,0.0,0.0,0.0,0.0,0.0,0.0,0.0,0.0,0.0,0.0,0.0,0.0,0.0,0.0,0.0,0.0,0.22877316348734356,0.0,0.0,0.0,0.0,0.0,0.0,0.0,0.0,0.0,0.0,0.0,0.0,0.0,0.0,0.0,0.2168053427776671,0.0,0.0,0.0,0.0,0.0,0.0,0.0,0.3096836676437463,0.0,0.0,0.0,0.0,0.0,0.0,0.0,0.0,0.0,0.0,0.0,0.0,0.0,0.0,0.0,0.0,0.0,0.0,0.1765511567956026,0.0,0.0,0.0,0.0,0.0,0.0,0.0,0.0,0.0,0.0,0.0,0.0,0.0,0.0,0.0
b9dad89b3de1d7f9a4b73a5d107c74f716a6e2e89d653c48ab47108b37ad699a,0.0,0.0,0.0,0.0,0.0,0.4722182754329023,0.0,0.0,0.0,0.0,0.0,0.0,0.0,0.0,0.0,0.0,0.0,0.0,0.0,0.0,0.0,0.0,0.0,0.0,0.0,0.0,0.0,0.0,0.0,0.0,0.0,0.0,0.0,0.0,0.0,0.0,0.0,0.0,0.0,0.0,0.0,0.0,0.3128138155368634,0.0,0.0,0.0,0.0,0.0,0.4204571262136793,0.0,0.0,0.0,0.0,0.0,0.0,0.47711192850771117,0.0,0.0,0.0,0.0,0.0,0.0,0.0,0.0,0.0,0.0,0.0,0.0,0.0,0.0,0.0,0.0,0.0,0.0,0.0,0.1621830808947075,0.0,0.0,0.0,0.14838489195209825,0.0,0.0,0.0,0.0,0.0,0.0,0.0,0.0,0.0,0.0,0.0,0.0,0.0,0.0,0.0,0.0,0.0,0.0,0.0,0.0,0.0,0.0,0.22877316348734356,0.0,0.0,0.0,0.0,0.0,0.0,0.0,0.0,0.0,0.0,0.0,0.0,0.0,0.0,0.0,0.2168053427776671,0.0,0.0,0.0,0.0,0.0,0.0,0.0,0.3096836676437463,0.0,0.0,0.0,0.0,0.0,0.0,0.0,0.0,0.0,0.0,0.0,0.0,0.0,0.0,0.0,0.0,0.0,0.0,0.1765511567956026,0.0,0.0,0.0,0.0,0.0,0.0,0.0,0.0,0.0,0.0,0.0,0.0,0.0,0.0,0.0
90b33beb786f0c1274a79cda8d18e43b5ed5f2cad0b1e0de7b3b42370d2ffa77,0.0,0.0,0.0,0.0,0.0,0.0,0.0,0.0,0.0,0.0,0.28551014059083674,0.0,0.18588828488339787,0.0,0.0,0.0,0.0,0.0,0.0,0.0,0.0,0.2717631523993322,0.0,0.0,0.0,0.0,0.0,0.0,0.0,0.0,0.0,0.0,0.0,0.0,0.0,0.0,0.0,0.0,0.0,0.0,0.0,0.0,0.0,0.0,0.0,0.0,0.0,0.0,0.0,0.0,0.0,0.0,0.0,0.0,0.0,0.0,0.0,0.0,0.0,0.0,0.0,0.0,0.0,0.0,0.3589802374246025,0.0,0.0,0.0,0.0,0.0,0.0,0.0,0.0,0.0,0.0,0.1765209518721261,0.0,0.0,0.0,0.16150292759472248,0.0,0.0,0.0,0.0,0.0,0.0,0.0,0.0,0.0,0.0,0.0,0.0,0.0,0.0,0.0,0.0,0.0,0.0,0.0,0.22728051356643722,0.0,0.0,0.24899796180219946,0.0,0.42352608130589575,0.0,0.0,0.0,0.0,0.0,0.0,0.0,0.0,0.0,0.0,0.0,0.0,0.2148448500911807,0.0,0.0,0.0,0.0,0.0,0.0,0.0,0.0,0.0,0.0,0.0,0.0,0.0,0.0,0.0,0.0,0.0,0.0,0.0,0.0,0.0,0.0,0.0,0.0,0.0,0.0,0.0,0.0,0.0,0.0,0.0,0.0,0.0,0.5336436762880752,0.0,0.0,0.0,0.0,0.0,0.0,0.0,0.0,0.0
a111e371822094423c652cef67b75663d97e7d7a18c33213d745a1f2075d210f,0.0,0.0,0.0,0.0,0.0,0.0,0.0,0.0,0.0,0.0,0.0,0.0,0.08335938334993984,0.0,0.0,0.0,0.0,0.0,0.0,0.0,0.23536013129473948,0.0,0.2734261892020017,0.0,0.0,0.0,0.0,0.0,0.0,0.0,0.0,0.0,0.0,0.0,0.0,0.0,0.0,0.0,0.3455192557823376,0.0,0.0,0.2406829151248173,0.15267893186045203,0.14432670422221455,0.0,0.0,0.0,0.0,0.0,0.0,0.0,0.0,0.23930613923234842,0.0,0.0,0.0,0.0,0.0,0.0,0.0,0.0,0.0,0.0,0.0,0.0,0.0,0.0,0.1363127942708502,0.0,0.0,0.0,0.0,0.0,0.0,0.0,0.0,0.0,0.0,0.0,0.07242406083821178,0.0,0.31907348154832543,0.0,0.0,0.0,0.0,0.0,0.0,0.1736809082072467,0.0,0.0,0.0,0.0,0.0,0.0,0.0,0.0,0.0,0.0,0.0,0.0,0.0,0.0,0.0,0.0,0.0,0.0,0.0,0.0,0.0,0.0,0.0,0.0,0.0,0.0,0.0,0.1040394847747024,0.0,0.10581888175278673,0.09380028361818755,0.0,0.0,0.0,0.0,0.0,0.0,0.1511511616241338,0.0,0.0,0.0,0.0,0.0,0.0,0.11953897642812086,0.0,0.35453865456911854,0.0,0.26235358761594024,0.0,0.0,0.0,0.0,0.0,0.12864629450382575,0.0,0.08617152024445424,0.17829039909581218,0.19292640247778758,0.0,0.0,0.0,0.23930613923234842,0.0,0.0,0.1250629131018546,0.0,0.0,0.0,0.0,0.0,0.0
d9e5cf75da07717a818853d2f1aa79d3d1aaa155bb06fffed3c92ccaf972aef7,0.0,0.0,0.0,0.0,0.0,0.0,0.0,0.0,0.0,0.0,0.22343302321954048,0.0,0.14547147567733637,0.0,0.0,0.0,0.0,0.0,0.0,0.0,0.0,0.21267497754930637,0.0,0.0,0.0,0.0,0.0,0.0,0.0,0.0,0.0,0.0,0.0,0.0,0.0,0.0,0.0,0.0,0.0,0.0,0.0,0.0,0.0,0.2518662902616968,0.0,0.0,0.0,0.3038691521310143,0.0,0.0,0.0,0.0,0.0,0.0,0.0,0.0,0.0,0.0,0.0,0.0,0.0,0.0,0.0,0.0,0.0,0.0,0.0,0.0,0.0,0.0,0.0,0.0,0.0,0.0,0.4357585508073686,0.13814083750847328,0.2949197489668027,0.23506141662172966,0.0,0.12638811110743967,0.0,0.0,0.0,0.0,0.0,0.0,0.0,0.0,0.0,0.0,0.0,0.0,0.0,0.0,0.0,0.0,0.0,0.0,0.0,0.0,0.0,0.0,0.0,0.0,0.3314408117437573,0.0,0.0,0.0,0.0,0.0,0.0,0.0,0.0,0.0,0.0,0.0,0.18156057267542935,0.0,0.0,0.0,0.0,0.0,0.0,0.0,0.0,0.0,0.0,0.0,0.0,0.0,0.0,0.0,0.0,0.20860892443213613,0.0,0.0,0.0,0.0,0.0,0.0,0.0,0.0,0.0,0.0,0.0,0.0,0.0,0.0,0.0,0.0,0.0,0.41761605968982934,0.0,0.0,0.0,0.0,0.0,0.0,0.0,0.0,0.0
6f55f8d4f012077d31e6464428b9a8a8a4a7fcd6cf77e73f8c0a8304718800c6,0.0,0.0,0.0,0.0,0.0,0.0,0.0,0.0,0.0,0.0,0.0,0.0,0.0,0.0,0.0,0.0,0.0,0.0,0.0,0.0,0.0,0.0,0.0,0.0,0.0,0.0,0.4060253214127504,0.0,0.0,0.0,0.0,0.0,0.0,0.0,0.0,0.0,0.0,0.0,0.0,0.0,0.0,0.0,0.35418452864350747,0.0,0.3751077265531157,0.0,0.0,0.0,0.0,0.0,0.0,0.0,0.0,0.0,0.0,0.0,0.0,0.0,0.37344228092578896,0.0,0.0,0.0,0.0,0.0,0.0,0.0,0.0,0.0,0.0,0.0,0.0,0.0,0.0,0.0,0.0,0.0,0.0,0.3124701037784895,0.0,0.16800930906351966,0.0,0.0,0.0,0.0,0.0,0.0,0.0,0.0,0.0,0.0,0.0,0.0,0.0,0.0,0.0,0.0,0.0,0.0,0.0,0.0,0.0,0.0,0.0,0.0,0.0,0.0,0.0,0.0,0.0,0.0,0.0,0.0,0.0,0.0,0.0,0.0,0.0,0.0,0.0,0.21759786261997438,0.0,0.0,0.0,0.0,0.0,0.0,0.0,0.0,0.0,0.0,0.0,0.0,0.0,0.277306472509376,0.0,0.0,0.0,0.0,0.0,0.0,0.0,0.0,0.37344228092578896,0.0,0.0,0.19990066021795472,0.0,0.0,0.0,0.0,0.0,0.0,0.0,0.0,0.0,0.0,0.0,0.0,0.0,0.0,0.0
7a2255a084370a4ffe76c410db4ae7204e25ed78008f476256e91754b641bc65,0.0,0.0,0.0,0.0,0.4031785555628889,0.0,0.0,0.0,0.0,0.0,0.0,0.0,0.14507556607489744,0.0,0.0,0.0,0.0,0.0,0.0,0.0,0.0,0.0,0.0,0.0,0.0,0.0,0.0,0.0,0.0,0.0,0.0,0.0,0.0,0.0,0.0,0.0,0.0,0.0,0.0,0.0,0.0,0.41887558128528984,0.2657167265067317,0.0,0.0,0.0,0.0,0.0,0.0,0.0,0.0,0.0,0.41647949179984217,0.0,0.0,0.0,0.0,0.0,0.0,0.0,0.0,0.0,0.0,0.0,0.0,0.0,0.0,0.0,0.0,0.0,0.0,0.0,0.0,0.0,0.0,0.0,0.0,0.0,0.0,0.12604413805988124,0.0,0.0,0.0,0.0,0.0,0.0,0.0,0.0,0.0,0.0,0.0,0.0,0.0,0.0,0.0,0.0,0.0,0.0,0.0,0.0,0.0,0.0,0.1943291923028338,0.0,0.0,0.0,0.0,0.0,0.0,0.0,0.0,0.0,0.0,0.42132941338909424,0.0,0.0,0.0,0.0,0.0,0.16324652003204038,0.0,0.0,0.0,0.0,0.0,0.0,0.2630578520890096,0.0,0.0,0.0,0.0,0.0,0.0,0.0,0.0,0.0,0.0,0.0,0.0,0.0,0.0,0.0,0.0,0.0,0.0,0.14996970438850665,0.0,0.0,0.0,0.0,0.0,0.0,0.0,0.0,0.21765483601361546,0.0,0.0,0.0,0.0,0.0,0.0
7b35814be8376bdf8465e94ccb758b1cc378b055713dcd75be748e19b948a77a,0.0,0.0,0.0,0.0,0.0,0.0,0.0,0.0,0.0,0.0,0.15788538527864893,0.0,0.10279510008599836,0.0,0.0,0.0,0.0,0.0,0.0,0.0,0.0,0.150283383743624,0.0,0.3540329125979433,0.0,0.27106460181335656,0.21583435094921333,0.0,0.0,0.4164444507961938,0.5164687511275957,0.0,0.0,0.0,0.16809490146119538,0.0,0.0,0.0,0.0,0.0,0.0,0.0,0.0,0.0,0.19939922075531002,0.0,0.0,0.0,0.0,0.0,0.0,0.0,0.0,0.0,0.0,0.0,0.0,0.0,0.1985139055863828,0.0,0.0,0.0,0.0,0.0,0.1985139055863828,0.0,0.0,0.0,0.0,0.0,0.0,0.0,0.0,0.0,0.0,0.09761502144340631,0.0,0.0,0.0,0.08931014462097489,0.0,0.0,0.0,0.0,0.0,0.0,0.0,0.0,0.0,0.0,0.0,0.0,0.0,0.0,0.0,0.0,0.0,0.0,0.0,0.0,0.0,0.0,0.0,0.0,0.0,0.0,0.0,0.0,0.0,0.0,0.0,0.0,0.0,0.0,0.0,0.0,0.12829688537180087,0.11880790595242453,0.0,0.11567035593520356,0.0,0.0,0.0,0.0,0.16227524977553062,0.0,0.0,0.0,0.0,0.0,0.0,0.0,0.0,0.14741017210410243,0.0,0.0,0.0,0.0,0.0,0.0,0.0,0.0,0.0,0.0,0.0,0.0,0.0,0.0,0.0,0.0,0.0,0.0,0.0,0.0,0.0,0.0,0.0,0.0,0.0,0.0,0.0
7d317343ffac1b8811eb2f88ea4739083f68616a1032ef3aaa6342b3d79f0455,0.0,0.0,0.0,0.0,0.0,0.0,0.0,0.0,0.0,0.0,0.0,0.3890762204921937,0.14488752739777971,0.0,0.0,0.0,0.0,0.0,0.0,0.0,0.4090810908252263,0.0,0.0,0.0,0.0,0.0,0.0,0.0,0.0,0.0,0.0,0.0,0.0,0.0,0.0,0.0,0.0,0.0,0.0,0.0,0.0,0.0,0.0,0.0,0.0,0.0,0.0,0.0,0.0,0.0,0.0,0.0,0.0,0.0,0.0,0.0,0.0,0.0,0.0,0.0,0.0,0.0,0.0,0.0,0.2798011666939849,0.0,0.0,0.0,0.0,0.0,0.0,0.0,0.0,0.0,0.0,0.13758631570944713,0.0,0.0,0.0,0.0,0.0,0.0,0.0,0.0,0.0,0.0,0.0,0.0,0.0,0.0,0.0,0.0,0.0,0.0,0.0,0.0,0.0,0.6867171876888198,0.0,0.1771500105936998,0.0,0.0,0.19407731388364421,0.0,0.0,0.0,0.0,0.0,0.0,0.0,0.0,0.0,0.0,0.0,0.0,0.0,0.0,0.0,0.0,0.0,0.0,0.0,0.0,0.0,0.0,0.0,0.0,0.0,0.0,0.0,0.0,0.0,0.0,0.0,0.0,0.0,0.0,0.0,0.0,0.0,0.0,0.0,0.0,0.0,0.0,0.14977532220835105,0.0,0.0,0.0,0.0,0.0,0.0,0.0,0.0,0.0,0.0,0.0,0.0,0.0,0.0,0.0
3a99f6960db39c701811edf0ec230f829ac336e829c551f8b849c997e334188a,0.0,0.0,0.0,0.0,0.0,0.0,0.0,0.0,0.0,0.0,0.2638914357782951,0.0,0.17181290405563612,0.0,0.0,0.0,0.0,0.0,0.0,0.0,0.0,0.2511853636087526,0.0,0.0,0.0,0.0,0.0,0.0,0.0,0.0,0.0,0.0,0.0,0.0,0.0,0.0,0.0,0.0,0.0,0.0,0.0,0.0,0.0,0.2974732920120074,0.0,0.0,0.0,0.0,0.0,0.0,0.0,0.0,0.0,0.0,0.0,0.0,0.0,0.0,0.0,0.0,0.0,0.0,0.0,0.0,0.0,0.0,0.0,0.0,0.0,0.0,0.0,0.0,0.0,0.0,0.0,0.16315486146337502,0.3483227092968839,0.2776254549777909,0.0,0.1492739955126385,0.0,0.0,0.0,0.0,0.0,0.0,0.0,0.0,0.35797555138858833,0.0,0.0,0.0,0.0,0.0,0.0,0.0,0.0,0.0,0.0,0.21007093101967508,0.0,0.0,0.0,0.0,0.0,0.0,0.0,0.0,0.0,0.0,0.0,0.0,0.0,0.0,0.0,0.0,0.21443687917596213,0.0,0.2181044130514117,0.0,0.0,0.0,0.0,0.0,0.2712287054243092,0.0,0.0,0.0,0.0,0.0,0.0,0.0,0.0,0.24638304486652013,0.0,0.0,0.0,0.0,0.0,0.0,0.0,0.0,0.0,0.26515423418993983,0.0,0.17760902906318593,0.0,0.0,0.0,0.0,0.0,0.0,0.0,0.0,0.0,0.0,0.0,0.0,0.0,0.0,0.0
c10fe0c81ce363d98aa22cb8ac0b50303ad1f37bd57d0ad720690c6f469f7a3b,0.0,0.0,0.0,0.0,0.0,0.0,0.0,0.0,0.0,0.0,0.0,0.0,0.0,0.0,0.0,0.0,0.0,0.0,0.0,0.0,0.0,0.0,0.0,0.0,0.0,0.0,0.4482213085327083,0.0,0.0,0.0,0.0,0.0,0.0,0.0,0.0,0.0,0.0,0.0,0.0,0.0,0.0,0.0,0.39099298619666856,0.0,0.41409061743085424,0.0,0.0,0.0,0.0,0.0,0.0,0.0,0.0,0.0,0.0,0.0,0.0,0.0,0.412252091164135,0.0,0.0,0.0,0.0,0.0,0.0,0.0,0.0,0.0,0.0,0.0,0.0,0.0,0.0,0.0,0.0,0.0,0.0,0.34494340970072207,0.0,0.18546959606387292,0.0,0.0,0.0,0.0,0.0,0.0,0.0,0.0,0.0,0.0,0.0,0.0,0.0,0.0,0.0,0.0,0.0,0.0,0.0,0.0,0.0,0.0,0.0,0.0,0.0,0.0,0.0,0.0,0.0,0.0,0.0,0.0,0.0,0.0,0.0,0.0,0.0,0.0,0.0,0.24021161630532392,0.0,0.0,0.0,0.0,0.0,0.0,0.0,0.0,0.0,0.0,0.0,0.0,0.0,0.3061254148885671,0.0,0.0,0.0,0.0,0.0,0.0,0.0,0.0,0.0,0.0,0.0,0.0,0.0,0.0,0.0,0.0,0.0,0.0,0.0,0.0,0.0,0.0,0.0,0.0,0.0,0.0,0.0
8bb4dbfeb12ea6c27f6a4bf9ba8188cc231208519e0d7c42bb48c1d75062c76d,0.0,0.0,0.0,0.0,0.0,0.0,0.0,0.0,0.0,0.0,0.19952726574984872,0.0,0.12990705388242763,0.0,0.0,0.0,0.0,0.0,0.0,0.0,0.0,0.18992025508301152,0.0,0.0,0.0,0.0,0.0,0.0,0.0,0.0,0.0,0.0,0.0,0.0,0.0,0.0,0.0,0.0,0.0,0.0,0.0,0.0,0.0,0.22491837377635726,0.0,0.0,0.0,0.0,0.31981081444932313,0.31632571761802436,0.0,0.0,0.0,0.0,0.0,0.0,0.0,0.0,0.0,0.0,0.0,0.0,0.0,0.0,0.0,0.0,0.0,0.0,0.0,0.0,0.0,0.0,0.4523381908198744,0.0,0.0,0.12336074228999329,0.26336541608336267,0.20991150308043627,0.0,0.11286547471443817,0.0,0.0,0.0,0.0,0.0,0.0,0.0,0.0,0.27066389162347426,0.0,0.0,0.0,0.0,0.0,0.0,0.0,0.0,0.0,0.0,0.15883379601259617,0.0,0.0,0.0,0.0,0.0,0.0,0.0,0.0,0.0,0.0,0.0,0.0,0.0,0.0,0.0,0.0,0.16213487206101107,0.0,0.16490787984754715,0.14617812666657254,0.0,0.0,0.0,0.0,0.2050749461670658,0.0,0.0,0.0,0.0,0.0,0.0,0.0,0.0,0.18628924096892746,0.0,0.0,0.0,0.0,0.0,0.0,0.0,0.0,0.0,0.2004820626098742,0.0,0.134289480963814,0.0,0.0,0.0,0.0,0.0,0.0,0.0,0.0,0.0,0.0,0.0,0.0,0.0,0.0,0.0
dca68095317df735cbaac8724a3d4af4aa504d1b58e30699388b67ec44a0e5b8,0.0,0.0,0.0,0.0,0.0,0.0,0.0,0.0,0.0,0.0,0.0,0.3571158261159857,0.13298584265855626,0.4486696464975481,0.0,0.0,0.0,0.0,0.0,0.0,0.0,0.0,0.0,0.4580117648731528,0.0,0.0,0.0,0.0,0.0,0.0,0.0,0.0,0.0,0.0,0.21746408241951704,0.0,0.0,0.0,0.0,0.0,0.0,0.0,0.0,0.0,0.0,0.0,0.0,0.0,0.0,0.0,0.0,0.0,0.0,0.0,0.0,0.0,0.0,0.0,0.0,0.0,0.0,0.0,0.0,0.0,0.0,0.0,0.0,0.0,0.0,0.0,0.0,0.0,0.0,0.0,0.0,0.1262843839047209,0.0,0.0,0.0,0.11554037916633758,0.0,0.0,0.0,0.0,0.0,0.0,0.0,0.0,0.27707860835154235,0.0,0.0,0.0,0.0,0.0,0.0,0.0,0.0,0.0,0.0,0.1625981467065629,0.0,0.0,0.17813496849088375,0.0,0.0,0.0,0.212732220815294,0.0,0.0,0.0,0.0,0.0,0.0,0.0,0.0,0.0,0.16597745804384983,0.1537015818299082,0.16881618593560077,0.14964253881546072,0.0,0.0,0.0,0.0,0.0,0.0,0.0,0.0,0.0,0.0,0.0,0.0,0.0,0.0,0.0,0.0,0.0,0.0,0.0,0.0,0.0,0.0,0.25681709528723007,0.0,0.0,0.13747213297836683,0.0,0.0,0.0,0.0,0.0,0.0,0.0,0.0,0.0,0.0,0.0,0.0,0.0,0.0,0.0
8bfa4c75f7d250744c857d4654efad7f5a2c1f3f2a189a0f6947760f911c84d7,0.0,0.0,0.0,0.0,0.0,0.0,0.0,0.0,0.0,0.0,0.0,0.0,0.316543764558791,0.0,0.0,0.0,0.0,0.6195781077374173,0.0,0.0,0.0,0.0,0.0,0.0,0.0,0.0,0.0,0.0,0.0,0.0,0.0,0.0,0.0,0.0,0.0,0.0,0.0,0.0,0.0,0.0,0.0,0.0,0.5797735289983705,0.0,0.0,0.0,0.0,0.0,0.0,0.0,0.0,0.0,0.0,0.0,0.0,0.0,0.0,0.0,0.0,0.0,0.0,0.0,0.0,0.0,0.0,0.0,0.0,0.0,0.0,0.0,0.0,0.0,0.0,0.0,0.0,0.0,0.0,0.0,0.0,0.0,0.0,0.0,0.0,0.0,0.0,0.0,0.0,0.0,0.0,0.0,0.0,0.0,0.0,0.0,0.0,0.0,0.0,0.0,0.0,0.0,0.0,0.0,0.42401140150265465,0.0,0.0,0.0,0.0,0.0,0.0,0.0,0.0,0.0,0.0,0.0,0.0,0.0,0.0,0.0,0.0,0.0,0.0,0.0,0.0,0.0,0.0,0.0,0.0,0.0,0.0,0.0,0.0,0.0,0.0,0.0,0.0,0.0,0.0,0.0,0.0,0.0,0.0,0.0,0.0,0.0,0.0,0.0,0.0,0.0,0.0,0.0,0.0,0.0,0.0,0.0,0.0,0.0,0.0,0.0,0.0,0.0,0.0
8c1a72991fb04dc3a8cf89605fb85150ef0e742472a0c58b8fa942a1f04877b0,0.0,0.38187969288326223,0.449722187352574,0.0,0.0,0.0,0.0,0.0,0.0,0.0,0.0,0.0,0.1785472233729543,0.0,0.0,0.0,0.0,0.0,0.0,0.0,0.5041171880909797,0.0,0.0,0.0,0.0,0.0,0.0,0.0,0.0,0.0,0.0,0.0,0.0,0.0,0.0,0.0,0.0,0.0,0.0,0.0,0.0,0.0,0.0,0.0,0.0,0.0,0.0,0.0,0.0,0.0,0.0,0.0,0.0,0.0,0.0,0.0,0.0,0.0,0.0,0.0,0.0,0.0,0.0,0.0,0.0,0.0,0.0,0.0,0.0,0.0,0.0,0.0,0.0,0.0,0.0,0.0,0.0,0.0,0.0,0.15512488754591972,0.0,0.0,0.0,0.0,0.0,0.0,0.0,0.0,0.0,0.0,0.0,0.0,0.0,0.0,0.0,0.0,0.0,0.0,0.0,0.21830479876406006,0.0,0.0,0.23916458604798443,0.0,0.0,0.0,0.0,0.0,0.0,0.0,0.0,0.0,0.0,0.0,0.0,0.0,0.2228418731181662,0.0,0.0,0.0,0.0,0.0,0.39148359800404936,0.0,0.0,0.0,0.0,0.0,0.0,0.0,0.0,0.0,0.0,0.0,0.0,0.0,0.0,0.0,0.0,0.0,0.0,0.0,0.0,0.0,0.0,0.18457053129681925,0.0,0.0,0.0,0.0,0.0,0.0,0.0,0.0,0.0,0.0,0.0,0.0,0.0,0.0,0.0
8c4294e3154675cd926ab6b772dbbe0e7a49cae16f4a37d908e1ca6748251c43,0.0,0.0,0.0,0.0,0.0,0.0,0.0,0.0,0.0,0.0,0.15771192973856274,0.0,0.10268216765990862,0.0,0.0,0.0,0.0,0.0,0.0,0.0,0.0,0.15011827989029883,0.0,0.0,0.0,0.0,0.0,0.0,0.0,0.0,0.0,0.0,0.0,0.0,0.0,0.0,0.0,0.0,0.0,0.0,0.0,0.29647344366709355,0.0,0.0,0.0,0.0,0.0,0.21448839424024746,0.2527874098234738,0.2500326918428296,0.0,0.0,0.0,0.0,0.0,0.0,0.0,0.0,0.1982958148704667,0.0,0.0,0.0,0.0,0.0,0.0,0.0,0.0,0.1679102295748949,0.0,0.0,0.0,0.0,0.0,0.0,0.0,0.09750777993884838,0.0,0.0,0.0,0.08921202699379194,0.0,0.0,0.0,0.0,0.0,0.0,0.0,0.0,0.0,0.0,0.0,0.0,0.0,0.0,0.0,0.0,0.0,0.0,0.0,0.1255466734468934,0.0,0.0,0.1375430973328243,0.0,0.0,0.0,0.1642566240716699,0.0,0.0,0.0,0.0,0.0,0.0,0.0,0.0,0.0,0.0,0.11867738158845559,0.1303477991446962,0.11554327853646082,0.1379224298575235,0.0,0.0,0.0,0.16209697145646543,0.0,0.0,0.0,0.0,0.0,0.0,0.0,0.26281368868816074,0.0,0.0,0.0,0.0,0.3231673986438858,0.0,0.0,0.0,0.0,0.0,0.0,0.0,0.10614616056005943,0.0,0.0,0.0,0.0,0.0,0.0,0.0,0.0,0.15405261525570635,0.0,0.0,0.0,0.0,0.48667825773307316,0.0
8cf3201b5683581835a69266235c7425658b29e1e465d2c1fc9e3eade4d6b1be,0.0,0.0,0.0,0.0,0.0,0.0,0.0,0.0,0.0,0.0,0.16054427582475356,0.0,0.10452623510728079,0.0,0.0,0.0,0.0,0.0,0.0,0.0,0.0,0.1528142517373101,0.0,0.0,0.0,0.0,0.0,0.0,0.0,0.0,0.0,0.0,0.0,0.0,0.0,0.0,0.0,0.4743120275061361,0.0,0.0,0.0,0.0,0.191447600572799,0.0,0.0,0.0,0.0,0.0,0.0,0.0,0.0,0.0,0.0,0.0,0.0,0.0,0.0,0.0,0.20185700631671566,0.0,0.0,0.0,0.0,0.0,0.20185700631671566,0.0,0.0,0.0,0.0,0.0,0.0,0.0,0.0,0.0,0.0,0.0992589206378479,0.0,0.0,0.0,0.090814184395048,0.0,0.4000935276693473,0.0,0.0,0.0,0.0,0.0,0.0,0.0,0.0,0.0,0.0,0.0,0.0,0.0,0.0,0.0,0.0,0.0,0.0,0.0,0.0,0.14001323167243307,0.0,0.0,0.0,0.0,0.0,0.0,0.0,0.0,0.4234576408469734,0.0,0.0,0.0,0.0,0.0,0.12080870683327787,0.0,0.0,0.14039937662402652,0.0,0.0,0.0,0.16500806843847035,0.0,0.0,0.0,0.0,0.0,0.0,0.0,0.0,0.0,0.0,0.0,0.0,0.32897115691537987,0.0,0.0,0.0,0.0,0.0,0.0,0.0,0.0,0.22356240442694247,0.0,0.0,0.0,0.0,0.0,0.0,0.0,0.0,0.0,0.0,0.0,0.0,0.0,0.0
3aa75da2773573786f07530f5a09b8e0aacd0402fd11e14d8067b5f4607bbd6a,0.0,0.0,0.0,0.0,0.0,0.0,0.0,0.0,0.0,0.0,0.0,0.0,0.21611721577460427,0.0,0.0,0.0,0.0,0.0,0.0,0.0,0.0,0.0,0.0,0.0,0.0,0.0,0.0,0.0,0.0,0.0,0.0,0.0,0.0,0.0,0.0,0.0,0.0,0.0,0.0,0.0,0.0,0.0,0.0,0.0,0.0,0.0,0.0,0.45143802118297816,0.0,0.0,0.0,0.0,0.0,0.0,0.0,0.0,0.0,0.0,0.0,0.0,0.0,0.0,0.0,0.0,0.4173571749235097,0.0,0.0,0.3534040246987243,0.0,0.0,0.0,0.0,0.0,0.0,0.0,0.2052265782559491,0.0,0.0,0.0,0.18776634080578494,0.0,0.0,0.0,0.0,0.0,0.0,0.0,0.0,0.0,0.0,0.0,0.0,0.0,0.0,0.0,0.0,0.0,0.0,0.0,0.2642405992535334,0.0,0.0,0.2894897129853973,0.0,0.0,0.0,0.0,0.0,0.0,0.0,0.0,0.0,0.0,0.0,0.0,0.0,0.26973236696992964,0.2497826630351848,0.0,0.0,0.2902881017510324,0.0,0.0,0.0,0.0,0.0,0.0,0.0,0.0,0.0,0.0,0.0,0.0,0.0,0.0,0.0,0.0,0.0,0.0,0.0,0.0,0.0,0.0,0.0,0.0,0.0,0.0,0.0,0.0,0.0,0.0,0.0,0.0,0.0,0.0,0.0,0.0,0.0,0.0,0.0,0.0
d2c72e0d3a6a14fc83ae9f0ee58da6674ec7096fd7ddf61a7fabb6737c08fffb,0.0,0.0,0.0,0.0,0.0,0.0,0.0,0.0,0.0,0.0,0.0,0.0,0.36810692077487056,0.0,0.0,0.0,0.0,0.0,0.0,0.0,0.0,0.0,0.0,0.0,0.0,0.0,0.0,0.0,0.0,0.0,0.0,0.0,0.0,0.0,0.0,0.0,0.0,0.0,0.0,0.0,0.0,0.0,0.0,0.0,0.0,0.0,0.0,0.0,0.0,0.0,0.0,0.0,0.0,0.0,0.0,0.0,0.0,0.0,0.0,0.0,0.0,0.0,0.0,0.0,0.0,0.0,0.0,0.0,0.0,0.0,0.0,0.0,0.0,0.0,0.0,0.0,0.0,0.0,0.0,0.0,0.0,0.0,0.0,0.0,0.0,0.0,0.0,0.0,0.0,0.0,0.0,0.0,0.0,0.0,0.0,0.0,0.0,0.0,0.0,0.0,0.0,0.0,0.4930804168520932,0.0,0.0,0.0,0.0,0.0,0.0,0.0,0.0,0.0,0.0,0.0,0.0,0.0,0.0,0.0,0.0,0.41421291980473207,0.0,0.0,0.0,0.0,0.0,0.0,0.0,0.0,0.0,0.0,0.0,0.0,0.0,0.0,0.0,0.0,0.0,0.0,0.0,0.0,0.0,0.0,0.0,0.0,0.0,0.38052504350367605,0.0,0.0,0.0,0.0,0.0,0.0,0.0,0.0,0.5522656477891535,0.0,0.0,0.0,0.0,0.0,0.0
8eb7939848c171ebb4a2203ad90741bcdc5c7e1feebdd3cd1b7ca4bd4dc307ed,0.0,0.2580111720833121,0.0,0.0,0.0,0.0,0.0,0.0,0.0,0.0,0.18528256968334536,0.0,0.12063269986120805,0.0,0.0,0.0,0.0,0.0,0.0,0.0,0.0,0.176361424913294,0.3956859814777259,0.0,0.0,0.0,0.0,0.0,0.0,0.0,0.0,0.0,0.0,0.0,0.0,0.0,0.0,0.0,0.0,0.0,0.0,0.0,0.0,0.20886094993417822,0.0,0.0,0.0,0.0,0.29697880783864283,0.0,0.0,0.0,0.0,0.0,0.0,0.0,0.0,0.0,0.0,0.0,0.0,0.0,0.0,0.0,0.0,0.0,0.0,0.0,0.0,0.0,0.0,0.0,0.0,0.0,0.0,0.11455374403912624,0.24456317222743218,0.19492545317389126,0.0,0.10480775700018631,0.0,0.0,0.0,0.0,0.0,0.0,0.0,0.0,0.2513405933370779,0.0,0.0,0.0,0.0,0.0,0.0,0.0,0.0,0.0,0.0,0.14749429741933115,0.0,0.0,0.0,0.0,0.0,0.0,0.0,0.0,0.0,0.0,0.0,0.0,0.0,0.0,0.0,0.0,0.15055970229355656,0.0,0.1531347388757021,0.13574214450588512,0.0,0.0,0.0,0.0,0.1904341888348484,0.0,0.0,0.0,0.0,0.0,0.0,0.0,0.0,0.17298963698703912,0.0,0.0,0.0,0.0,0.0,0.0,0.0,0.0,0.0,0.18616920146816068,0.0,0.12470225570881412,0.2580111720833121,0.27919151834059686,0.0,0.0,0.0,0.0,0.0,0.0,0.18098354682700823,0.0,0.0,0.0,0.0,0.0,0.0
8f514ff2413fa5e432688b4e5fbe53517d2fd009bcf08c74c0d0b257c961c0f9,0.0,0.0,0.0,0.0,0.0,0.0,0.0,0.0,0.0,0.0,0.2660400269668499,0.0,0.17321179633361097,0.0,0.0,0.0,0.0,0.0,0.0,0.0,0.0,0.25323050257793506,0.0,0.0,0.0,0.0,0.36368519128962296,0.0,0.0,0.0,0.0,0.0,0.0,0.0,0.0,0.0,0.0,0.0,0.0,0.0,0.0,0.0,0.0,0.0,0.3359916687240419,0.0,0.0,0.0,0.0,0.0,0.0,0.0,0.0,0.0,0.0,0.0,0.0,0.0,0.33449989498577043,0.0,0.0,0.0,0.0,0.0,0.0,0.0,0.0,0.0,0.0,0.0,0.0,0.0,0.0,0.0,0.0,0.16448326038119587,0.0,0.2798858678802579,0.0,0.15048937709746674,0.0,0.0,0.0,0.0,0.0,0.0,0.0,0.0,0.0,0.0,0.0,0.0,0.0,0.0,0.0,0.0,0.0,0.0,0.0,0.21178131828567023,0.0,0.0,0.0,0.0,0.0,0.0,0.0,0.0,0.0,0.0,0.0,0.0,0.0,0.0,0.0,0.0,0.0,0.0,0.0,0.1949068595421678,0.0,0.0,0.0,0.0,0.2734370363041616,0.0,0.3140757905192334,0.0,0.0,0.0,0.0,0.0,0.0,0.24838908359092288,0.0,0.0,0.0,0.0,0.0,0.0,0.0,0.0,0.0,0.0,0.0,0.17905511310804115,0.0,0.0,0.0,0.0,0.0,0.0,0.0,0.0,0.0,0.0,0.0,0.0,0.0,0.0,0.0
8fe2ada7119ce697fc34046eeb62cfef1c568f42760376226c4ab82fea01eb44,0.0,0.4668751398742714,0.0,0.0,0.0,0.0,0.0,0.0,0.0,0.0,0.0,0.0,0.21828670505371214,0.0,0.0,0.0,0.0,0.0,0.0,0.0,0.0,0.0,0.0,0.0,0.0,0.0,0.0,0.0,0.0,0.0,0.0,0.0,0.0,0.0,0.0,0.0,0.0,0.0,0.0,0.0,0.0,0.0,0.39980839142042857,0.0,0.0,0.0,0.0,0.0,0.0,0.0,0.0,0.0,0.0,0.0,0.0,0.0,0.0,0.0,0.0,0.0,0.0,0.0,0.0,0.0,0.0,0.0,0.0,0.35695166545482715,0.0,0.0,0.0,0.0,0.0,0.0,0.0,0.0,0.0,0.0,0.0,0.18965123027141786,0.0,0.0,0.0,0.0,0.0,0.0,0.0,0.0,0.0,0.0,0.0,0.0,0.0,0.0,0.0,0.0,0.0,0.0,0.0,0.0,0.0,0.0,0.0,0.0,0.0,0.0,0.0,0.0,0.0,0.0,0.0,0.0,0.0,0.0,0.0,0.0,0.0,0.0,0.2770996389610512,0.0,0.0,0.0,0.0,0.0,0.0,0.0,0.3958077388536378,0.0,0.0,0.0,0.0,0.0,0.0,0.0,0.0,0.0,0.0,0.0,0.0,0.0,0.0,0.0,0.4215468083745515,0.0,0.0,0.0,0.0,0.0,0.0,0.0,0.0,0.0,0.0,0.0,0.0,0.0,0.0,0.0,0.0,0.0,0.0
9ad3050367fc8aab3996eedb6bd086731288c5401b587cce63fda64f6732fa93,0.0,0.0,0.0,0.0,0.0,0.0,0.30532993936270836,0.0,0.0,0.0,0.0,0.0,0.11475391792345467,0.0,0.0,0.0,0.29615215977231035,0.22461038024732236,0.0,0.0,0.0,0.0,0.0,0.0,0.0,0.30259929746087894,0.0,0.0,0.0,0.0,0.0,0.0,0.0,0.0,0.0,0.0,0.0,0.0,0.0,0.0,0.0,0.0,0.0,0.0,0.0,0.0,0.0,0.0,0.0,0.2794275934351466,0.0,0.0,0.0,0.0,0.0,0.0,0.0,0.0,0.0,0.0,0.1665180166472941,0.3039530473412019,0.0,0.0,0.0,0.0,0.0,0.0,0.0,0.0,0.0,0.0,0.0,0.0,0.0,0.10897120727973969,0.0,0.0,0.0,0.0,0.0,0.0,0.0,0.0,0.0,0.0,0.0,0.0,0.23909203600532436,0.0,0.0,0.0,0.0,0.0,0.0,0.0,0.0,0.0,0.0,0.1403064717917194,0.0,0.0,0.15371324604818637,0.0,0.0,0.0,0.0,0.0,0.0,0.0,0.0,0.0,0.0,0.0,0.2304227926510083,0.2622637400310567,0.14322249058051997,0.13262959690604045,0.14567203814877797,0.12912703543321055,0.15413717451012926,0.0,0.0,0.0,0.0,0.0,0.0,0.0,0.0,0.0,0.0,0.0,0.2937111783690641,0.0,0.0,0.0,0.0,0.0,0.0,0.0,0.0,0.0,0.0,0.17709663540426432,0.0,0.11862515249134878,0.0,0.0,0.0,0.0,0.0,0.0,0.0,0.0,0.0,0.0,0.0,0.0,0.0,0.0,0.0
a6371461da7439f4ef7008ed53331209747cba960b85c70a902d46451247a29c,0.0,0.3481662787551371,0.0,0.0,0.0,0.0,0.0,0.0,0.0,0.0,0.0,0.0,0.16278457195373008,0.0,0.738672738866437,0.0,0.0,0.0,0.0,0.0,0.0,0.0,0.0,0.0,0.0,0.0,0.0,0.0,0.0,0.0,0.0,0.0,0.0,0.0,0.0,0.0,0.0,0.0,0.0,0.0,0.0,0.0,0.0,0.0,0.0,0.0,0.0,0.0,0.0,0.0,0.0,0.0,0.0,0.0,0.0,0.0,0.0,0.0,0.0,0.0,0.0,0.0,0.0,0.0,0.0,0.0,0.0,0.0,0.0,0.0,0.0,0.0,0.0,0.0,0.0,0.0,0.0,0.0,0.0,0.14143002585812336,0.0,0.0,0.0,0.0,0.0,0.0,0.0,0.0,0.33916484459061375,0.0,0.0,0.0,0.0,0.0,0.0,0.0,0.0,0.0,0.0,0.0,0.0,0.0,0.2180504632378927,0.0,0.0,0.0,0.0,0.0,0.0,0.0,0.0,0.0,0.0,0.0,0.0,0.0,0.0,0.0,0.20664357962482696,0.18317360810870442,0.21865182844149655,0.0,0.0,0.0,0.0,0.0,0.0,0.0,0.0,0.0,0.0,0.0,0.0,0.0,0.0,0.0,0.0,0.0,0.0,0.0,0.0,0.0,0.0,0.0,0.0,0.0,0.0,0.0,0.0,0.0,0.0,0.0,0.0,0.0,0.0,0.0,0.0,0.0,0.0,0.0,0.0
3b2e708eaa4744c76a633391cf2c983f4a098b46436525619e5ea44e105355fe,0.0,0.253858487747655,0.0,0.0,0.0,0.0,0.0,0.0,0.0,0.0,0.18230045065887973,0.0,0.11869111911865049,0.0,0.0,0.0,0.0,0.0,0.0,0.0,0.0,0.17352289152445644,0.0,0.0,0.0,0.0,0.0,0.0,0.0,0.0,0.0,0.0,0.0,0.0,0.0,0.0,0.0,0.0,0.0,0.0,0.0,0.0,0.0,0.0,0.0,0.0,0.0,0.0,0.0,0.0,0.0,0.0,0.0,0.0,0.0,0.0,0.0,0.0,0.0,0.0,0.0,0.0,0.0,0.24062693316387906,0.0,0.0,0.0,0.0,0.0,0.0,0.0,0.0,0.0,0.0,0.0,0.11271000396143478,0.0,0.0,0.0,0.10312087837692464,0.0,0.0,0.0,0.0,0.0,0.0,0.5385884730121508,0.0,0.0,0.0,0.0,0.0,0.0,0.0,0.0,0.0,0.0,0.0,0.0,0.0,0.0,0.0,0.0,0.0,0.2704247048041001,0.0,0.18986551392535453,0.0,0.0,0.0,0.0,0.0,0.0,0.0,0.0,0.0,0.0,0.0,0.0,0.0,0.0,0.0,0.0,0.0,0.0,0.0,0.0,0.0,0.0,0.0,0.0,0.4808425486662336,0.0,0.0,0.0,0.0,0.0,0.0,0.0,0.0,0.38264908534766523,0.0,0.0,0.0,0.0,0.0,0.0,0.0,0.0,0.0,0.0,0.0,0.0,0.0,0.0,0.0,0.0,0.0,0.0,0.0,0.0
9c183568a371d5bfd048cb80caed15756b50d8cb7f5e3e8ec6bce045c35216ed,0.0,0.0,0.0,0.0,0.0,0.0,0.0,0.0,0.0,0.0,0.24034548153908003,0.0,0.15648274085928507,0.0,0.0,0.0,0.0,0.30628712781721384,0.0,0.0,0.0,0.228773120257054,0.0,0.0,0.0,0.0,0.0,0.0,0.0,0.0,0.0,0.0,0.0,0.0,0.0,0.0,0.0,0.0,0.0,0.0,0.0,0.0,0.0,0.0,0.0,0.0,0.0,0.3268701136538773,0.0,0.0,0.0,0.0,0.0,0.0,0.0,0.0,0.0,0.0,0.0,0.0,0.0,0.0,0.0,0.0,0.3021933926699851,0.0,0.0,0.0,0.0,0.0,0.0,0.0,0.0,0.0,0.0,0.1485972200204386,0.31724329760853226,0.2528540703389947,0.0,0.13595488700470537,0.0,0.0,0.0,0.0,0.0,0.0,0.0,0.0,0.0,0.0,0.0,0.0,0.0,0.0,0.0,0.0,0.0,0.0,0.0,0.0,0.0,0.0,0.0,0.0,0.35652877248133735,0.0,0.0,0.0,0.0,0.0,0.0,0.0,0.0,0.0,0.0,0.0,0.1953035528920457,0.18085868629568927,0.19864384770970844,0.0,0.0,0.0,0.0,0.0,0.0,0.0,0.2837418788922257,0.0,0.0,0.0,0.0,0.0,0.0,0.22439929278818643,0.0,0.0,0.0,0.0,0.0,0.0,0.0,0.0,0.0,0.0,0.0,0.0,0.0,0.0,0.0,0.0,0.0,0.0,0.0,0.0,0.0,0.0,0.0,0.0,0.0,0.0,0.0
9d3e25d86425f4cb1cb83594f63474b17fb75437fe4a090d5bf4995eaee2abd2,0.0,0.0,0.0,0.0,0.0,0.0,0.0,0.0,0.0,0.0,0.0,0.0,0.13658625751617098,0.0,0.0,0.0,0.0,0.0,0.0,0.0,0.0,0.19968505245128984,0.0,0.0,0.0,0.0,0.0,0.0,0.0,0.0,0.0,0.5809197000549713,0.0,0.0,0.0,0.0,0.0,0.0,0.0,0.0,0.0,0.0,0.0,0.0,0.0,0.0,0.0,0.0,0.0,0.0,0.0,0.0,0.0,0.0,0.0,0.0,0.0,0.0,0.0,0.0,0.19819865948316065,0.0,0.0,0.0,0.0,0.0,0.0,0.0,0.0,0.0,0.0,0.0,0.0,0.0,0.0,0.0,0.0,0.0,0.0,0.11866848129727638,0.0,0.0,0.0,0.0,0.0,0.0,0.0,0.0,0.0,0.0,0.0,0.0,0.0,0.0,0.0,0.0,0.0,0.0,0.0,0.0,0.0,0.0,0.0,0.0,0.0,0.0,0.0,0.0,0.0,0.0,0.0,0.0,0.0,0.0,0.27426154561118626,0.0,0.0,0.157862847779699,0.0,0.15369391157297813,0.0,0.0,0.0,0.0,0.0,0.0,0.0,0.0,0.0,0.0,0.0,0.0,0.0,0.0,0.0,0.0,0.0,0.0,0.0,0.0,0.0,0.0,0.0,0.21078989795110328,0.0,0.1411940081809334,0.0,0.0,0.0,0.0,0.0,0.0,0.0,0.0,0.20491844550892727,0.0,0.0,0.0,0.0,0.0,0.566141208710323
9d48a1d3ff1c1a0c5cd05d1cc0f5a3e04e9ae7ae6b2a6ee12a9608b6c7d83d47,0.0,0.0,0.0,0.0,0.455930387191138,0.0,0.0,0.0,0.0,0.0,0.0,0.0,0.16405723493938193,0.0,0.0,0.0,0.0,0.0,0.0,0.0,0.0,0.0,0.0,0.0,0.0,0.0,0.0,0.0,0.0,0.0,0.0,0.0,0.0,0.0,0.0,0.0,0.0,0.0,0.0,0.0,0.0,0.0,0.30048306966683125,0.0,0.0,0.0,0.0,0.0,0.0,0.0,0.0,0.0,0.4709716162566378,0.0,0.0,0.0,0.0,0.0,0.0,0.0,0.0,0.0,0.0,0.0,0.0,0.0,0.0,0.0,0.0,0.0,0.0,0.0,0.0,0.0,0.0,0.0,0.0,0.0,0.0,0.14253573727050817,0.0,0.0,0.0,0.0,0.0,0.0,0.0,0.0,0.0,0.0,0.0,0.0,0.0,0.0,0.0,0.0,0.0,0.0,0.0,0.20058828685573915,0.0,0.0,0.21975519944376595,0.0,0.0,0.0,0.0,0.0,0.0,0.0,0.0,0.0,0.0,0.4764561009781707,0.0,0.0,0.0,0.0,0.0,0.0,0.0,0.0,0.0,0.0,0.0,0.0,0.29747630845386897,0.0,0.0,0.0,0.0,0.0,0.0,0.0,0.0,0.0,0.0,0.0,0.0,0.0,0.0,0.0,0.0,0.0,0.0,0.16959172169593956,0.0,0.0,0.0,0.0,0.0,0.0,0.0,0.0,0.0,0.0,0.0,0.0,0.0,0.0,0.0
c79762f99daabb3053394d3b98d951a346c1aeb957606fde0040d3905aca3dfa,0.0,0.0,0.0,0.0,0.0,0.0,0.0,0.0,0.0,0.0,0.2264591979262267,0.0,0.14744173993772067,0.0,0.0,0.0,0.0,0.0,0.0,0.0,0.0,0.2155554453894268,0.0,0.0,0.0,0.0,0.0,0.0,0.0,0.0,0.0,0.0,0.0,0.0,0.0,0.0,0.0,0.0,0.0,0.0,0.0,0.0,0.0,0.25527756486235387,0.0,0.0,0.0,0.0,0.0,0.0,0.0,0.0,0.0,0.0,0.0,0.0,0.0,0.0,0.0,0.0,0.0,0.0,0.0,0.0,0.0,0.0,0.0,0.0,0.0,0.0,0.0,0.0,0.5133942145676244,0.0,0.0,0.1400118156763596,0.2989141391959885,0.2382450861762501,0.0,0.12809991046255725,0.0,0.0,0.0,0.0,0.0,0.0,0.0,0.0,0.3071977535215114,0.0,0.0,0.0,0.0,0.0,0.0,0.0,0.0,0.0,0.0,0.1802729762943073,0.0,0.0,0.0,0.0,0.0,0.0,0.0,0.0,0.0,0.0,0.0,0.0,0.0,0.0,0.0,0.0,0.18401962731670315,0.0,0.1871669321064628,0.0,0.0,0.0,0.0,0.0,0.23275569706839958,0.0,0.0,0.0,0.0,0.0,0.0,0.0,0.0,0.21143432168814186,0.0,0.0,0.0,0.0,0.0,0.0,0.0,0.0,0.0,0.22754287203107276,0.0,0.1524157013564331,0.0,0.0,0.0,0.0,0.0,0.0,0.0,0.0,0.0,0.0,0.0,0.0,0.0,0.0,0.0
60bcf1dac338d9839433c559cc05743bb50eb27ef1bdeb17fe67d4c2e7ba6f78,0.0,0.0,0.0,0.0,0.0,0.0,0.0,0.0,0.0,0.0,0.0,0.0,0.24777535487097313,0.0,0.0,0.0,0.0,0.0,0.0,0.0,0.0,0.0,0.0,0.0,0.0,0.0,0.0,0.0,0.0,0.0,0.0,0.0,0.0,0.0,0.0,0.0,0.0,0.0,0.0,0.0,0.0,0.0,0.0,0.0,0.0,0.0,0.0,0.0,0.0,0.0,0.0,0.0,0.0,0.0,0.0,0.0,0.0,0.0,0.0,0.0,0.0,0.0,0.0,0.0,0.4784941438097647,0.0,0.0,0.4051727546031353,0.0,0.0,0.0,0.0,0.0,0.0,0.0,0.2352893917963322,0.0,0.0,0.0,0.21527147459875998,0.0,0.0,0.0,0.0,0.0,0.0,0.0,0.0,0.0,0.0,0.0,0.0,0.0,0.0,0.0,0.0,0.0,0.0,0.0,0.30294813866030024,0.0,0.0,0.33189589320482865,0.0,0.0,0.0,0.0,0.0,0.0,0.0,0.0,0.0,0.0,0.0,0.0,0.0,0.30924437327502974,0.0,0.0,0.0,0.0,0.0,0.0,0.0,0.0,0.0,0.0,0.0,0.0,0.0,0.0,0.0,0.0,0.0,0.0,0.0,0.0,0.0,0.0,0.0,0.0,0.0,0.0,0.38238504164203546,0.0,0.0,0.0,0.0,0.0,0.0,0.0,0.0,0.0,0.0,0.0,0.0,0.0,0.0,0.0,0.0,0.0
9ecc8cb04d905f1efb4a9b379842f4d72a3935c01459c6b8eec6f9c0d98378a6,0.0,0.0,0.0,0.0,0.0,0.0,0.0,0.0,0.0,0.0,0.0,0.3173925304321475,0.0,0.0,0.0,0.0,0.0,0.0,0.0,0.0,0.0,0.0,0.0,0.0,0.0,0.0,0.0,0.0,0.0,0.0,0.0,0.0,0.0,0.0,0.0,0.0,0.0,0.0,0.0,0.0,0.0,0.0,0.21647992758166823,0.20463749711507415,0.0,0.0,0.0,0.0,0.0,0.0,0.0,0.0,0.0,0.0,0.0,0.0,0.0,0.0,0.0,0.0,0.0,0.0,0.0,0.0,0.2282503932070883,0.0,0.0,0.0,0.0,0.0,0.0,0.0,0.0,0.0,0.3540471378327714,0.11223731134381652,0.0,0.19098379507561172,0.0,0.10268840143417021,0.46031388009983365,0.0,0.0,0.0,0.0,0.0,0.0,0.0,0.0,0.0,0.0,0.0,0.0,0.0,0.0,0.0,0.0,0.0,0.0,0.0,0.0,0.0,0.0,0.0,0.0,0.0,0.0,0.0,0.0,0.0,0.0,0.0,0.0,0.0,0.0,0.0,0.0,0.0,0.15003814592804396,0.13299725350033675,0.0,0.0,0.0,0.0,0.0,0.0,0.0,0.0,0.0,0.0,0.0,0.0,0.0,0.16949155096263413,0.0,0.0,0.0,0.0,0.0,0.0,0.0,0.0,0.0,0.0,0.0,0.0,0.0,0.0,0.4213222063997576,0.0,0.0,0.3393066421123312,0.0,0.0,0.0,0.0,0.0,0.0,0.0,0.0,0.0
9f4d88e9eeae7ffc241646d0233acb29bedbc9bc0c124b949567a894f8af6f54,0.0,0.0,0.0,0.0,0.0,0.0,0.0,0.0,0.0,0.0,0.22881637723650783,0.0,0.14897643855908674,0.0,0.0,0.0,0.0,0.0,0.0,0.0,0.0,0.21779912919977004,0.0,0.0,0.0,0.0,0.0,0.0,0.0,0.0,0.0,0.0,0.0,0.0,0.0,0.0,0.0,0.0,0.0,0.0,0.0,0.0,0.0,0.25793471016615604,0.0,0.0,0.0,0.0,0.0,0.0,0.0,0.0,0.0,0.0,0.0,0.0,0.0,0.0,0.0,0.0,0.0,0.0,0.0,0.0,0.0,0.0,0.0,0.0,0.0,0.0,0.0,0.0,0.0,0.0,0.44625763689193426,0.1414691773473778,0.30202549095787545,0.24072494300279307,0.0,0.12943328292592512,0.0,0.0,0.0,0.0,0.0,0.0,0.0,0.0,0.0,0.0,0.0,0.0,0.0,0.0,0.0,0.0,0.0,0.0,0.0,0.0,0.0,0.0,0.0,0.0,0.3394264854797944,0.0,0.0,0.0,0.0,0.0,0.0,0.0,0.0,0.0,0.0,0.0,0.18593505959840664,0.0,0.0,0.0,0.20010477832570897,0.0,0.0,0.0,0.23517841567953948,0.0,0.0,0.0,0.0,0.0,0.0,0.0,0.0,0.21363510934936536,0.0,0.0,0.0,0.0,0.0,0.0,0.0,0.0,0.2876975131496791,0.22991133114010978,0.0,0.0,0.0,0.0,0.0,0.0,0.0,0.0,0.0,0.0,0.0,0.0,0.0,0.0,0.0,0.0,0.0
9f932b464d9cdf2675536a0d392210acdd14987ad018aea73ac34214a7a78ce4,0.0,0.0,0.0,0.0,0.0,0.0,0.0,0.0,0.0,0.0,0.0,0.0,0.15479503259043761,0.0,0.0,0.0,0.0,0.0,0.0,0.5033061101721944,0.43705432706137176,0.0,0.0,0.0,0.0,0.0,0.0,0.0,0.0,0.0,0.0,0.0,0.0,0.0,0.2531273935061457,0.0,0.0,0.0,0.0,0.0,0.0,0.0,0.0,0.0,0.0,0.0,0.0,0.0,0.0,0.0,0.0,0.0,0.0,0.0,0.0,0.0,0.0,0.0,0.0,0.0,0.0,0.0,0.0,0.0,0.0,0.0,0.0,0.0,0.0,0.0,0.0,0.0,0.0,0.0,0.0,0.1469945592057117,0.0,0.0,0.0,0.0,0.0,0.0,0.0,0.0,0.0,0.0,0.0,0.0,0.0,0.0,0.0,0.0,0.0,0.0,0.0,0.0,0.0,0.0,0.0,0.18926364577927327,0.0,0.0,0.2073484492920104,0.5743560291990891,0.0,0.0,0.0,0.0,0.0,0.0,0.0,0.0,0.0,0.0,0.0,0.0,0.19319715176856597,0.0,0.0,0.0,0.0,0.0,0.0,0.0,0.0,0.0,0.0,0.0,0.0,0.0,0.0,0.0,0.0,0.0,0.0,0.0,0.0,0.0,0.0,0.0,0.0,0.0,0.0,0.0,0.0,0.0,0.0,0.0,0.0,0.0,0.0,0.0,0.0,0.0,0.0,0.0,0.0,0.0,0.0,0.0,0.0
0017e2bb45469ea5f02edab017f77b7242c9a3330478c748e7e8380149ded601,0.0,0.0,0.0,0.0,0.0,0.0,0.0,0.0,0.0,0.0,0.0,0.0,0.1702762845459526,0.0,0.0,0.0,0.0,0.0,0.0,0.0,0.0,0.0,0.0,0.0,0.0,0.0,0.0,0.0,0.0,0.0,0.0,0.0,0.0,0.0,0.0,0.0,0.0,0.0,0.0,0.0,0.0,0.0,0.0,0.0,0.0,0.0,0.0,0.35568285790792326,0.0,0.0,0.0,0.0,0.0,0.0,0.0,0.0,0.0,0.0,0.0,0.0,0.2470858485509452,0.0,0.0,0.0,0.0,0.651764021659232,0.0,0.0,0.5803119858089663,0.0,0.0,0.0,0.0,0.0,0.0,0.0,0.0,0.0,0.0,0.1479389541485809,0.0,0.0,0.0,0.0,0.0,0.0,0.0,0.0,0.0,0.0,0.0,0.0,0.0,0.0,0.0,0.0,0.0,0.0,0.0,0.0,0.0,0.0,0.0,0.0,0.0,0.0,0.0,0.0,0.0,0.0,0.0,0.0,0.0,0.0,0.0,0.0,0.0,0.0,0.0,0.0,0.0,0.0,0.0,0.0,0.0,0.0,0.0,0.0,0.0,0.0,0.0,0.0,0.0,0.0,0.0,0.0,0.0,0.0,0.0,0.0,0.0,0.0,0.0,0.0,0.0,0.0,0.0,0.0,0.0,0.0,0.0,0.0,0.0,0.0,0.0,0.0,0.0,0.0,0.0,0.0,0.0
e0044b1cc8966378114308fc13e5f9a618713bc57ba6496607bb88fc971bfcb3,0.0,0.0,0.0,0.0,0.0,0.0,0.0,0.0,0.0,0.0,0.0,0.0,0.0,0.0,0.0,0.0,0.0,0.0,0.0,0.0,0.0,0.0,0.0,0.0,0.0,0.0,0.3831453230790484,0.0,0.0,0.0,0.0,0.0,0.0,0.0,0.0,0.0,0.0,0.0,0.0,0.0,0.0,0.0,0.3342258191793051,0.0,0.3539699705909219,0.0,0.0,0.0,0.0,0.0,0.0,0.0,0.0,0.0,0.0,0.0,0.0,0.0,0.352398374758592,0.0,0.0,0.0,0.0,0.0,0.0,0.0,0.0,0.0,0.0,0.0,0.0,0.0,0.0,0.0,0.0,0.0,0.0,0.2948620505937577,0.0,0.15854178940724672,0.0,0.0,0.0,0.0,0.0,0.0,0.0,0.0,0.0,0.0,0.0,0.0,0.0,0.0,0.0,0.0,0.0,0.0,0.0,0.2231133506672015,0.0,0.0,0.24443261190868942,0.0,0.0,0.0,0.0,0.0,0.0,0.0,0.0,0.0,0.0,0.0,0.0,0.0,0.0,0.0,0.0,0.2053359703891176,0.0,0.0,0.0,0.0,0.0,0.0,0.0,0.0,0.0,0.0,0.0,0.0,0.0,0.26167993077827684,0.0,0.0,0.0,0.0,0.0,0.0,0.0,0.0,0.352398374758592,0.0,0.0,0.18863602589224662,0.0,0.0,0.0,0.0,0.0,0.0,0.0,0.0,0.0,0.0,0.0,0.0,0.0,0.0,0.0
19e7ed337ed008c4d94872f8a0cc882f59e3fa705a07bcc8efef9fe87229136b,0.0,0.0,0.0,0.0,0.0,0.0,0.0,0.0,0.0,0.0,0.0,0.0,0.0,0.0,0.0,0.0,0.0,0.0,0.0,0.0,0.0,0.0,0.0,0.0,0.0,0.0,0.3831453230790484,0.0,0.0,0.0,0.0,0.0,0.0,0.0,0.0,0.0,0.0,0.0,0.0,0.0,0.0,0.0,0.3342258191793051,0.0,0.3539699705909219,0.0,0.0,0.0,0.0,0.0,0.0,0.0,0.0,0.0,0.0,0.0,0.0,0.0,0.352398374758592,0.0,0.0,0.0,0.0,0.0,0.0,0.0,0.0,0.0,0.0,0.0,0.0,0.0,0.0,0.0,0.0,0.0,0.0,0.2948620505937577,0.0,0.15854178940724672,0.0,0.0,0.0,0.0,0.0,0.0,0.0,0.0,0.0,0.0,0.0,0.0,0.0,0.0,0.0,0.0,0.0,0.0,0.0,0.2231133506672015,0.0,0.0,0.24443261190868942,0.0,0.0,0.0,0.0,0.0,0.0,0.0,0.0,0.0,0.0,0.0,0.0,0.0,0.0,0.0,0.0,0.2053359703891176,0.0,0.0,0.0,0.0,0.0,0.0,0.0,0.0,0.0,0.0,0.0,0.0,0.0,0.26167993077827684,0.0,0.0,0.0,0.0,0.0,0.0,0.0,0.0,0.352398374758592,0.0,0.0,0.18863602589224662,0.0,0.0,0.0,0.0,0.0,0.0,0.0,0.0,0.0,0.0,0.0,0.0,0.0,0.0,0.0
cb83f7793fb45301ea771d25d9b47f50e00e9a0b2faf41f483dac3be63eeb15d,0.0,0.0,0.0,0.0,0.0,0.0,0.0,0.0,0.0,0.0,0.0,0.0,0.14237396652993886,0.4803434407484386,0.0,0.0,0.0,0.0,0.0,0.0,0.0,0.0,0.0,0.49034506514948156,0.0,0.0,0.0,0.0,0.0,0.0,0.0,0.0,0.0,0.0,0.23281594020014387,0.0,0.0,0.0,0.0,0.0,0.0,0.0,0.0,0.0,0.0,0.0,0.0,0.0,0.0,0.0,0.0,0.0,0.0,0.0,0.0,0.0,0.0,0.0,0.0,0.0,0.0,0.0,0.0,0.0,0.0,0.0,0.0,0.0,0.0,0.0,0.0,0.0,0.0,0.0,0.0,0.1351994188845175,0.0,0.0,0.0,0.12369694207615871,0.0,0.0,0.0,0.0,0.0,0.0,0.0,0.0,0.2966389483494874,0.0,0.0,0.0,0.0,0.0,0.0,0.0,0.0,0.0,0.0,0.1740767485789272,0.0,0.0,0.19071039093123365,0.0,0.0,0.0,0.22775003324195983,0.0,0.0,0.0,0.0,0.0,0.0,0.0,0.0,0.0,0.1776946221029867,0.16455213148692302,0.18073374974069656,0.16020654068771065,0.0,0.0,0.0,0.0,0.0,0.0,0.0,0.0,0.0,0.0,0.0,0.0,0.0,0.0,0.0,0.0,0.0,0.0,0.0,0.0,0.0,0.0,0.2749470755516372,0.0,0.0,0.1471769661204761,0.0,0.0,0.0,0.0,0.0,0.0,0.0,0.0,0.0,0.0,0.0,0.0,0.0,0.0,0.0
20fdea0c17ffb565895491b930cc6ad3df6ca3cc85780ddda1dad5a0ecd1983b,0.0,0.0,0.0,0.0,0.0,0.0,0.0,0.0,0.0,0.0,0.0,0.0,0.22570746337890382,0.0,0.0,0.0,0.0,0.0,0.0,0.0,0.0,0.0,0.0,0.0,0.0,0.0,0.0,0.0,0.0,0.0,0.0,0.0,0.0,0.0,0.0,0.0,0.0,0.0,0.0,0.0,0.0,0.0,0.0,0.0,0.0,0.0,0.0,0.0,0.0,0.0,0.0,0.0,0.0,0.0,0.0,0.0,0.0,0.0,0.0,0.0,0.0,0.0,0.0,0.0,0.0,0.0,0.0,0.0,0.0,0.0,0.0,0.0,0.0,0.0,0.0,0.2143335514945382,0.0,0.0,0.0,0.19609851227868977,0.0,0.0,0.0,0.0,0.0,0.0,0.0,0.0,0.0,0.0,0.0,0.0,0.0,0.0,0.0,0.0,0.0,0.0,0.0,0.0,0.0,0.0,0.0,0.0,0.0,0.0,0.0,0.0,0.0,0.0,0.0,0.0,0.0,0.0,0.0,0.0,0.28170179835865006,0.2608668220513136,0.28651977039884013,0.25397769547797566,0.30316969826057644,0.0,0.0,0.0,0.0,0.0,0.0,0.0,0.0,0.0,0.0,0.0,0.0,0.0,0.0,0.0,0.0,0.0,0.0,0.0,0.0,0.0,0.0,0.34832825818372465,0.0,0.0,0.0,0.0,0.0,0.0,0.0,0.0,0.0,0.0,0.0,0.0,0.0,0.5978399042325717,0.0,0.0,0.0
3c34c23aef8934651937c31be7420d2fc8a22ca260f5afdda0f08f4d3730ae59,0.0,0.28530335394488054,0.0,0.0,0.3707119313945093,0.0,0.0,0.0,0.0,0.0,0.20488158761247505,0.0,0.133393114677668,0.0,0.0,0.0,0.0,0.26109329208359716,0.0,0.0,0.0,0.19501677244431007,0.0,0.0,0.0,0.0,0.0,0.4415260970333082,0.0,0.0,0.0,0.0,0.0,0.0,0.2181300708748346,0.0,0.0,0.0,0.0,0.0,0.0,0.0,0.0,0.0,0.0,0.0,0.0,0.0,0.0,0.0,0.0,0.0,0.0,0.0,0.0,0.0,0.0,0.0,0.0,0.0,0.0,0.0,0.0,0.0,0.2576036031955086,0.0,0.0,0.0,0.0,0.0,0.0,0.0,0.0,0.0,0.0,0.1266711325614724,0.0,0.0,0.0,0.11589422407622645,0.0,0.0,0.0,0.0,0.0,0.0,0.0,0.0,0.0,0.0,0.0,0.0,0.0,0.0,0.0,0.0,0.0,0.0,0.0,0.0,0.0,0.0,0.0,0.0,0.3039215901532396,0.0,0.0,0.0,0.0,0.0,0.0,0.0,0.0,0.0,0.0,0.0,0.16648576759856018,0.1541722962482336,0.0,0.0,0.17917329680400348,0.0,0.0,0.0,0.0,0.0,0.2418746807608836,0.0,0.0,0.0,0.0,0.0,0.0,0.0,0.0,0.0,0.0,0.0,0.0,0.0,0.0,0.0,0.0,0.20586200648302017,0.0,0.0,0.0,0.0,0.0,0.0,0.0,0.0,0.0,0.0,0.0,0.0,0.0,0.0,0.0,0.0,0.0
22e83b1f2a1d5a6e73e51efc8a3169810070bc333fa40ba34786321210d3b670,0.0,0.0,0.0,0.0,0.0,0.0,0.0,0.0,0.0,0.0,0.1546470177970649,0.0,0.1006866825855618,0.0,0.0,0.0,0.0,0.0,0.0,0.0,0.0,0.14720093996911726,0.0,0.0,0.0,0.0,0.0,0.33326906034586523,0.0,0.0,0.0,0.0,0.0,0.0,0.0,0.0,0.0,0.0,0.4173397911080021,0.0,0.0,0.2907118947510506,0.0,0.17432683007788669,0.0,0.0,0.0,0.0,0.0,0.0,0.0,0.0,0.0,0.0,0.0,0.2812749141540164,0.0,0.0,0.0,0.0,0.0,0.0,0.0,0.0,0.0,0.0,0.0,0.0,0.0,0.0,0.0,0.0,0.0,0.0,0.3016060893367387,0.09561285189111651,0.20412586738514993,0.16269549843572437,0.0,0.08747831536327827,0.0,0.0,0.0,0.0,0.0,0.0,0.0,0.0,0.0,0.0,0.0,0.0,0.0,0.0,0.0,0.0,0.0,0.0,0.0,0.0,0.0,0.0,0.0,0.0,0.0,0.0,0.16106452510095848,0.0,0.0,0.0,0.0,0.0,0.0,0.2924149259425778,0.0,0.0,0.1256654039281999,0.11637105178436839,0.12781467101159433,0.11329785566494283,0.13524209931454265,0.0,0.0,0.0,0.0,0.0,0.0,0.0,0.0,0.0,0.0,0.0,0.0,0.1443866604158348,0.0,0.0,0.0,0.0,0.0,0.0,0.0,0.0,0.0,0.0,0.0,0.10408335760289592,0.21535030731277752,0.0,0.0,0.0,0.0,0.0,0.0,0.0,0.1510588170002486,0.0,0.0,0.0,0.0,0.0,0.0
25d18c3823a3b210a18e69c823ce4c59fab298c315ac2a5d891027921d1c6d7e,0.0,0.3403076765289679,0.0,0.0,0.0,0.0,0.0,0.0,0.0,0.0,0.0,0.0,0.15911029538646584,0.0,0.0,0.0,0.0,0.0,0.0,0.0,0.0,0.23261452694847462,0.0,0.0,0.0,0.0,0.0,0.0,0.0,0.0,0.0,0.0,0.0,0.0,0.0,0.0,0.0,0.0,0.0,0.0,0.0,0.0,0.0,0.0,0.0,0.0,0.0,0.0,0.0,0.0,0.0,0.0,0.0,0.0,0.0,0.0,0.0,0.0,0.0,0.0,0.23088301728915625,0.0,0.0,0.0,0.0,0.0,0.0,0.0,0.0,0.0,0.0,0.0,0.0,0.0,0.0,0.0,0.0,0.0,0.0,0.13823775140802508,0.0,0.0,0.0,0.0,0.0,0.0,0.0,0.0,0.0,0.0,0.0,0.0,0.0,0.0,0.0,0.0,0.0,0.0,0.0,0.0,0.0,0.0,0.21312875783337915,0.0,0.0,0.0,0.0,0.0,0.0,0.0,0.0,0.0,0.0,0.0,0.31948921018044635,0.0,0.0,0.18389554555151955,0.0,0.1790391223405669,0.0,0.0,0.0,0.0,0.0,0.0,0.0,0.0,0.0,0.0,0.0,0.0,0.0,0.0,0.0,0.0,0.0,0.0,0.0,0.0,0.0,0.0,0.0,0.0,0.0,0.1644778966566795,0.0,0.0,0.0,0.0,0.0,0.0,0.0,0.0,0.23871094345784116,0.0,0.0,0.0,0.0,0.0,0.659501889768709
82ad9cc131eed3074341a8b1bda30207c6b0505dd165c69cb536d6efdbabb86d,0.0,0.0,0.0,0.0,0.0,0.0,0.0,0.0,0.0,0.0,0.0,0.0,0.22281373892719275,0.0,0.0,0.0,0.0,0.0,0.0,0.0,0.0,0.3257470696806875,0.0,0.0,0.0,0.0,0.0,0.0,0.0,0.0,0.0,0.0,0.0,0.0,0.0,0.0,0.0,0.0,0.0,0.0,0.0,0.0,0.40809999182008055,0.0,0.0,0.0,0.0,0.46542610237297183,0.0,0.0,0.0,0.0,0.0,0.0,0.0,0.0,0.0,0.0,0.0,0.0,0.0,0.0,0.0,0.0,0.0,0.0,0.0,0.0,0.0,0.0,0.0,0.0,0.0,0.0,0.0,0.0,0.0,0.0,0.0,0.19358439488341161,0.0,0.0,0.0,0.0,0.0,0.0,0.0,0.0,0.0,0.0,0.0,0.0,0.0,0.0,0.0,0.0,0.0,0.0,0.0,0.0,0.0,0.0,0.29845972751429395,0.0,0.0,0.0,0.0,0.0,0.0,0.0,0.0,0.0,0.0,0.0,0.0,0.0,0.0,0.0,0.0,0.0,0.0,0.0,0.0,0.0,0.0,0.0,0.4040163699781732,0.0,0.0,0.0,0.0,0.0,0.0,0.0,0.0,0.0,0.0,0.0,0.0,0.0,0.0,0.0,0.0,0.3438624510595887,0.0,0.23033038205315592,0.0,0.0,0.0,0.0,0.0,0.0,0.0,0.0,0.0,0.0,0.0,0.0,0.0,0.0,0.0
082fd5bb94abeb41478f187d82cecbc94378d781386f9711010e226deae3004f,0.0,0.0,0.0,0.0,0.0,0.32068492199666715,0.0,0.0,0.0,0.0,0.0,0.0,0.0,0.0,0.0,0.0,0.0,0.0,0.0,0.0,0.0,0.0,0.0,0.0,0.0,0.0,0.0,0.0,0.0,0.0,0.0,0.0,0.0,0.0,0.0,0.0,0.0,0.0,0.0,0.0,0.0,0.0,0.0,0.0,0.0,0.0,0.0,0.0,0.0,0.0,0.0,0.0,0.0,0.0,0.0,0.0,0.0,0.0,0.0,0.0,0.0,0.0,0.0,0.0,0.22398326748443384,0.0,0.0,0.0,0.0,0.0,0.0,0.0,0.0,0.0,0.0,0.11013904237022379,0.0,0.0,0.0,0.10076864868798127,0.4517083431249783,0.0,0.0,0.0,0.0,0.0,0.0,0.0,0.0,0.0,0.0,0.0,0.0,0.0,0.0,0.5827317642532894,0.0,0.0,0.0,0.1418101242268049,0.0,0.0,0.15536057773412854,0.0,0.0,0.0,0.0,0.0,0.0,0.0,0.0,0.0,0.0,0.0,0.0,0.0,0.0,0.0,0.14723319289872733,0.0,0.0,0.0,0.0,0.0,0.0,0.0,0.21030715660238714,0.0,0.0,0.0,0.0,0.0,0.0,0.0,0.0,0.0,0.0,0.0,0.0,0.0,0.0,0.0,0.0,0.0,0.0,0.0,0.0,0.0,0.41344561613766423,0.0,0.0,0.0,0.0,0.0,0.0,0.0,0.0,0.0,0.0,0.0,0.0
84fd08c94c4bc99da0aeb4fecf9bc31f91bd52d4a6869e0e57f0acc9345e832d,0.0,0.0,0.0,0.0,0.0,0.0,0.0,0.0,0.0,0.0,0.0,0.0,0.22408180161791297,0.0,0.0,0.0,0.0,0.0,0.0,0.0,0.0,0.0,0.0,0.0,0.0,0.0,0.0,0.0,0.0,0.0,0.0,0.0,0.0,0.0,0.0,0.0,0.0,0.0,0.0,0.0,0.0,0.0,0.0,0.0,0.0,0.0,0.0,0.4680749043658298,0.0,0.0,0.0,0.0,0.0,0.0,0.0,0.0,0.0,0.0,0.0,0.0,0.0,0.0,0.0,0.0,0.43273807382638046,0.0,0.0,0.36642805280308105,0.0,0.0,0.0,0.0,0.0,0.0,0.0,0.2127898105231681,0.0,0.0,0.0,0.1946861094807216,0.0,0.0,0.0,0.0,0.0,0.0,0.0,0.0,0.0,0.0,0.0,0.0,0.0,0.0,0.0,0.0,0.0,0.0,0.0,0.0,0.0,0.0,0.3001583016101538,0.0,0.0,0.0,0.0,0.0,0.0,0.0,0.0,0.0,0.0,0.0,0.0,0.0,0.27967283646816427,0.25898792442439683,0.0,0.0,0.30098611346379905,0.0,0.0,0.0,0.0,0.0,0.0,0.0,0.0,0.0,0.0,0.0,0.0,0.0,0.0,0.0,0.0,0.0,0.0,0.0,0.0,0.0,0.0,0.0,0.0,0.0,0.0,0.0,0.0,0.0,0.0,0.0,0.0,0.0,0.0,0.0,0.0,0.0,0.0,0.0,0.0
27d029db3120929fbdb81576d9be67aea38dde3af3824de6697755bb781d563a,0.0,0.0,0.0,0.0,0.0,0.0,0.0,0.0,0.0,0.0,0.0,0.0,0.0,0.0,0.0,0.0,0.0,0.0,0.0,0.0,0.0,0.0,0.0,0.0,0.0,0.0,0.3831453230790484,0.0,0.0,0.0,0.0,0.0,0.0,0.0,0.0,0.0,0.0,0.0,0.0,0.0,0.0,0.0,0.3342258191793051,0.0,0.3539699705909219,0.0,0.0,0.0,0.0,0.0,0.0,0.0,0.0,0.0,0.0,0.0,0.0,0.0,0.352398374758592,0.0,0.0,0.0,0.0,0.0,0.0,0.0,0.0,0.0,0.0,0.0,0.0,0.0,0.0,0.0,0.0,0.0,0.0,0.2948620505937577,0.0,0.15854178940724672,0.0,0.0,0.0,0.0,0.0,0.0,0.0,0.0,0.0,0.0,0.0,0.0,0.0,0.0,0.0,0.0,0.0,0.0,0.0,0.2231133506672015,0.0,0.0,0.24443261190868942,0.0,0.0,0.0,0.0,0.0,0.0,0.0,0.0,0.0,0.0,0.0,0.0,0.0,0.0,0.0,0.0,0.2053359703891176,0.0,0.0,0.0,0.0,0.0,0.0,0.0,0.0,0.0,0.0,0.0,0.0,0.0,0.26167993077827684,0.0,0.0,0.0,0.0,0.0,0.0,0.0,0.0,0.352398374758592,0.0,0.0,0.18863602589224662,0.0,0.0,0.0,0.0,0.0,0.0,0.0,0.0,0.0,0.0,0.0,0.0,0.0,0.0,0.0
e19a6d86ae39ed1dbbe9b2e092e31133ebc9f2b071c72a98bb5a09dc27d53493,0.0,0.0,0.0,0.0,0.0,0.0,0.0,0.0,0.0,0.0,0.24034548153908003,0.0,0.15648274085928507,0.0,0.0,0.0,0.0,0.30628712781721384,0.0,0.0,0.0,0.228773120257054,0.0,0.0,0.0,0.0,0.0,0.0,0.0,0.0,0.0,0.0,0.0,0.0,0.0,0.0,0.0,0.0,0.0,0.0,0.0,0.0,0.0,0.0,0.0,0.0,0.0,0.3268701136538773,0.0,0.0,0.0,0.0,0.0,0.0,0.0,0.0,0.0,0.0,0.0,0.0,0.0,0.0,0.0,0.0,0.3021933926699851,0.0,0.0,0.0,0.0,0.0,0.0,0.0,0.0,0.0,0.0,0.1485972200204386,0.31724329760853226,0.2528540703389947,0.0,0.13595488700470537,0.0,0.0,0.0,0.0,0.0,0.0,0.0,0.0,0.0,0.0,0.0,0.0,0.0,0.0,0.0,0.0,0.0,0.0,0.0,0.0,0.0,0.0,0.0,0.0,0.35652877248133735,0.0,0.0,0.0,0.0,0.0,0.0,0.0,0.0,0.0,0.0,0.0,0.1953035528920457,0.18085868629568927,0.19864384770970844,0.0,0.0,0.0,0.0,0.0,0.0,0.0,0.2837418788922257,0.0,0.0,0.0,0.0,0.0,0.0,0.22439929278818643,0.0,0.0,0.0,0.0,0.0,0.0,0.0,0.0,0.0,0.0,0.0,0.0,0.0,0.0,0.0,0.0,0.0,0.0,0.0,0.0,0.0,0.0,0.0,0.0,0.0,0.0,0.0
27faca387d9a8e5c7e43366b3eb4e0e108c9bc1bbfade960a7a41eb134f0eae0,0.0,0.0,0.0,0.0,0.0,0.0,0.0,0.0,0.0,0.0,0.3347838661243424,0.0,0.21796913605836532,0.0,0.0,0.0,0.0,0.0,0.0,0.0,0.0,0.3186644041507901,0.0,0.0,0.0,0.0,0.0,0.0,0.0,0.0,0.0,0.0,0.0,0.0,0.0,0.0,0.0,0.0,0.0,0.0,0.0,0.0,0.0,0.377387233029358,0.0,0.0,0.0,0.0,0.0,0.0,0.0,0.0,0.0,0.0,0.0,0.0,0.0,0.0,0.0,0.0,0.0,0.0,0.0,0.0,0.0,0.0,0.0,0.3564323631832666,0.0,0.0,0.0,0.0,0.0,0.0,0.0,0.20698517606907033,0.0,0.0,0.0,0.18937532088587483,0.0,0.0,0.0,0.0,0.0,0.0,0.0,0.0,0.0,0.0,0.0,0.0,0.0,0.0,0.0,0.0,0.0,0.0,0.0,0.2665048914516207,0.0,0.0,0.2919703662248733,0.0,0.0,0.0,0.0,0.0,0.0,0.0,0.0,0.0,0.0,0.0,0.0,0.0,0.0,0.0,0.2766965074284452,0.2452701298959493,0.0,0.0,0.0,0.0,0.0,0.0,0.0,0.0,0.0,0.0,0.0,0.0,0.0,0.3125719789451586,0.0,0.0,0.0,0.0,0.0,0.0,0.0,0.0,0.0,0.0,0.0,0.0,0.0,0.0,0.0,0.0,0.0,0.0,0.0,0.0,0.0,0.0,0.0,0.0,0.0,0.0,0.0
28cde8bb4d2992dc507ad09b8b34385ec6fc42478b75bb4391db43747afae16a,0.0,0.0,0.0,0.0,0.0,0.0,0.0,0.0,0.39397314910065434,0.0,0.0,0.0,0.08682160185853191,0.0,0.0,0.0,0.0,0.16993784055490316,0.0,0.0,0.0,0.0,0.0,0.0,0.0,0.0,0.0,0.0,0.0,0.0,0.0,0.0,0.0,0.0,0.14197436061547192,0.0,0.0,0.0,0.0,0.0,0.0,0.2506793523579106,0.15902024345029725,0.1503211174071653,0.0,0.0,0.0,0.1813579357779129,0.0,0.0,0.0,0.0,0.0,0.0,0.0,0.0,0.0,0.0,0.0,0.0,0.0,0.0,0.0,0.0,0.1676665060862247,0.0,0.0,0.14197436061547192,0.0,0.0,0.0,0.0,0.0,0.0,0.0,0.0,0.0,0.0,0.0,0.07543209561275928,0.0,0.0,0.0,0.0,0.0,0.0,0.0,0.0,0.0,0.0,0.0,0.0,0.0,0.0,0.0,0.0,0.0,0.0,0.0,0.10615439413756333,0.0,0.0,0.0,0.0,0.0,0.0,0.13888510091655545,0.36926393494586474,0.0,0.0,0.0,0.0,0.0,0.0,0.0,0.0,0.0,0.10034615170973812,0.11021392495296269,0.09769615070600843,0.1166185576848374,0.0,0.0,0.0,0.0,0.0,0.15742901935699868,0.38037468726898366,0.0,0.0,0.0,0.0,0.0,0.12450386508318899,0.0,0.0,0.0,0.0,0.0,0.0,0.0,0.0,0.0,0.0,0.0,0.08975053703074001,0.18569544811185953,0.20093933797001207,0.0,0.0,0.0,0.0,0.0,0.0,0.13025723094681732,0.0,0.30579729796313404,0.0,0.0,0.0,0.0
3d590dced909090620ef7c09e5bac071e45ed9e814a6bc6e1038648929ee1474,0.0,0.0,0.0,0.0,0.0,0.0,0.3198529333617555,0.0,0.0,0.0,0.0,0.0,0.12021217879642372,0.0,0.0,0.0,0.31023861342358117,0.23529395491171368,0.0,0.0,0.0,0.0,0.0,0.0,0.0,0.31699240869757206,0.0,0.0,0.0,0.0,0.0,0.0,0.0,0.0,0.0,0.0,0.0,0.0,0.0,0.0,0.0,0.0,0.0,0.0,0.0,0.0,0.0,0.0,0.0,0.29271854443424294,0.0,0.0,0.0,0.0,0.0,0.0,0.0,0.0,0.0,0.0,0.1744384327111413,0.3184105495820303,0.0,0.0,0.0,0.0,0.0,0.0,0.0,0.0,0.0,0.0,0.0,0.0,0.0,0.11415441398621531,0.0,0.0,0.0,0.0,0.0,0.0,0.0,0.0,0.0,0.0,0.0,0.0,0.25046442946065606,0.0,0.0,0.0,0.0,0.0,0.0,0.0,0.0,0.0,0.0,0.0,0.0,0.0,0.0,0.0,0.0,0.0,0.0,0.0,0.0,0.0,0.0,0.0,0.0,0.0,0.24138283424371623,0.27473829372398517,0.15003485682135093,0.13893811301154532,0.15260091692260339,0.13526895248407514,0.16146869681388043,0.0,0.0,0.0,0.0,0.0,0.0,0.0,0.0,0.0,0.0,0.0,0.30768152693629003,0.0,0.0,0.0,0.0,0.0,0.0,0.0,0.0,0.0,0.0,0.0,0.0,0.0,0.0,0.0,0.0,0.0,0.0,0.0,0.0,0.0,0.0,0.0,0.0,0.0,0.0,0.0,0.0
c785eb3191ed4729934ee9891374ecf45cfc625db0e21a406cc419681d945196,0.0,0.0,0.0,0.0,0.0,0.0,0.0,0.0,0.0,0.0,0.0,0.0,0.3885032388213411,0.0,0.0,0.0,0.0,0.7604259774135536,0.0,0.0,0.0,0.0,0.0,0.0,0.0,0.0,0.0,0.0,0.0,0.0,0.0,0.0,0.0,0.0,0.0,0.0,0.0,0.0,0.0,0.0,0.0,0.0,0.0,0.0,0.0,0.0,0.0,0.0,0.0,0.0,0.0,0.0,0.0,0.0,0.0,0.0,0.0,0.0,0.0,0.0,0.0,0.0,0.0,0.0,0.0,0.0,0.0,0.0,0.0,0.0,0.0,0.0,0.0,0.0,0.0,0.0,0.0,0.0,0.0,0.0,0.0,0.0,0.0,0.0,0.0,0.0,0.0,0.0,0.0,0.0,0.0,0.0,0.0,0.0,0.0,0.0,0.0,0.0,0.0,0.0,0.0,0.0,0.5204013511703923,0.0,0.0,0.0,0.0,0.0,0.0,0.0,0.0,0.0,0.0,0.0,0.0,0.0,0.0,0.0,0.0,0.0,0.0,0.0,0.0,0.0,0.0,0.0,0.0,0.0,0.0,0.0,0.0,0.0,0.0,0.0,0.0,0.0,0.0,0.0,0.0,0.0,0.0,0.0,0.0,0.0,0.0,0.0,0.0,0.0,0.0,0.0,0.0,0.0,0.0,0.0,0.0,0.0,0.0,0.0,0.0,0.0,0.0
29fc28e7fe1f87451e12b9a12800c80c56a3e88d0934ba5090d7e585b32fac30,0.0,0.0,0.0,0.0,0.0,0.0,0.0,0.0,0.0,0.0,0.0,0.0,0.1313248710172173,0.0,0.0,0.0,0.0,0.0,0.0,0.0,0.0,0.0,0.0,0.0,0.0,0.0,0.0,0.0,0.0,0.0,0.0,0.0,0.0,0.0,0.0,0.0,0.0,0.0,0.0,0.0,0.0,0.0,0.24053130227042213,0.2273731529029608,0.0,0.0,0.0,0.0,0.32330125810935467,0.31977812462141453,0.0,0.0,0.0,0.0,0.0,0.0,0.0,0.0,0.0,0.0,0.0,0.0,0.0,0.0,0.0,0.0,0.0,0.0,0.0,0.0,0.0,0.0,0.45727505004727725,0.0,0.0,0.12470711239809705,0.26623980964764093,0.21220249588615608,0.0,0.11409729853919467,0.0,0.0,0.0,0.0,0.0,0.0,0.0,0.0,0.2736179413986307,0.0,0.0,0.0,0.0,0.0,0.0,0.0,0.0,0.0,0.0,0.16056732218257738,0.0,0.0,0.0,0.0,0.0,0.0,0.0,0.0,0.0,0.0,0.0,0.0,0.0,0.0,0.0,0.0,0.16390442646844983,0.0,0.16670769910848812,0.1477735277362242,0.0,0.0,0.0,0.0,0.20731315236066397,0.0,0.0,0.0,0.0,0.0,0.0,0.0,0.0,0.18832241830594684,0.0,0.0,0.0,0.0,0.0,0.0,0.0,0.0,0.0,0.0,0.0,0.135755128297367,0.0,0.0,0.0,0.0,0.0,0.0,0.0,0.0,0.19702486117479615,0.0,0.0,0.0,0.0,0.0,0.0
33b647a646e62b8b95a40370b3a228fa50d7ac844bf4192456213ed492d74b83,0.0,0.0,0.0,0.0,0.0,0.0,0.31216528646492603,0.0,0.0,0.0,0.0,0.0,0.11732288597808893,0.0,0.0,0.0,0.30278204615469506,0.22963867820904876,0.0,0.0,0.0,0.0,0.0,0.0,0.0,0.3093735143468793,0.0,0.0,0.0,0.0,0.0,0.0,0.0,0.0,0.0,0.0,0.0,0.0,0.0,0.0,0.0,0.0,0.0,0.0,0.0,0.0,0.0,0.0,0.0,0.2856830710180301,0.0,0.0,0.0,0.0,0.0,0.0,0.0,0.0,0.0,0.0,0.17024581499203817,0.3107575702965674,0.0,0.0,0.0,0.0,0.0,0.0,0.0,0.0,0.0,0.0,0.0,0.0,0.0,0.11141071919743571,0.0,0.0,0.0,0.0,0.0,0.0,0.0,0.0,0.0,0.0,0.0,0.0,0.2444445312728485,0.0,0.0,0.0,0.0,0.0,0.0,0.0,0.0,0.0,0.0,0.0,0.0,0.0,0.0,0.0,0.0,0.0,0.0,0.0,0.0,0.0,0.0,0.0,0.0,0.0,0.2355812116757505,0.2681349746016977,0.14642877764822546,0.13559874343904083,0.1489331626422118,0.13201777097427345,0.15758780595272834,0.0,0.0,0.0,0.0,0.0,0.0,0.0,0.0,0.0,0.0,0.0,0.3002864190943735,0.0,0.0,0.0,0.0,0.0,0.0,0.0,0.0,0.0,0.0,0.18106125471460663,0.0,0.12128078493284562,0.0,0.0,0.0,0.0,0.0,0.0,0.0,0.0,0.0,0.0,0.0,0.0,0.0,0.0,0.0
37ce65d093b8e5a9c6c1e2ad6beadec53f76b6f4085df3a4cfe32c437d7a598b,0.0,0.0,0.0,0.0,0.0,0.0,0.0,0.0,0.0,0.0,0.0,0.0,0.1297867829748033,0.0,0.0,0.0,0.0,0.0,0.0,0.0,0.0,0.18974442258760485,0.0,0.0,0.0,0.0,0.0,0.0,0.0,0.0,0.0,0.0,0.0,0.0,0.0,0.0,0.0,0.0,0.0,0.0,0.0,0.0,0.0,0.22471013922598443,0.0,0.0,0.0,0.0,0.31951472631729066,0.0,0.0,0.0,0.0,0.0,0.0,0.0,0.0,0.0,0.0,0.0,0.0,0.0,0.0,0.0,0.0,0.0,0.0,0.21223284453114435,0.0,0.0,0.0,0.0,0.0,0.0,0.0,0.0,0.0,0.0,0.0,0.11276098128873366,0.0,0.0,0.0,0.0,0.0,0.0,0.0,0.0,0.0,0.0,0.0,0.0,0.0,0.5257934036868429,0.0,0.0,0.0,0.0,0.0,0.0,0.0,0.0,0.17384981764645194,0.0,0.0,0.0,0.0,0.0,0.0,0.0,0.0,0.0,0.0,0.0,0.0,0.0,0.0,0.0,0.16475520437850283,0.146042791629378,0.0,0.0,0.0,0.0,0.0,0.0,0.0,0.0,0.0,0.0,0.0,0.0,0.0,0.18611677014904224,0.0,0.0,0.0,0.0,0.0,0.0,0.0,0.0,0.0,0.0,0.0,0.13416515270543833,0.27759007329504126,0.0,0.0,0.0,0.0,0.0,0.0,0.0,0.194717289267937,0.4626491869466597,0.0,0.0,0.0,0.0,0.0
95d504c99f7a810bbbc5b7bf92362a777e0f3210feb7bb8dff9ff72266f09db6,0.0,0.0,0.0,0.0,0.0,0.0,0.0,0.0,0.0,0.0,0.0,0.0,0.17201723482921288,0.0,0.0,0.0,0.0,0.0,0.0,0.0,0.0,0.0,0.0,0.0,0.0,0.0,0.0,0.0,0.0,0.0,0.0,0.7316124058047421,0.0,0.0,0.0,0.0,0.0,0.0,0.0,0.0,0.0,0.0,0.0,0.0,0.0,0.0,0.0,0.35931945459475384,0.0,0.0,0.0,0.0,0.0,0.0,0.0,0.0,0.0,0.0,0.0,0.0,0.0,0.0,0.0,0.0,0.3321930041952286,0.0,0.0,0.2812898680389763,0.0,0.0,0.0,0.0,0.0,0.0,0.0,0.0,0.0,0.0,0.0,0.0,0.0,0.0,0.0,0.0,0.0,0.0,0.0,0.0,0.0,0.0,0.0,0.0,0.0,0.0,0.0,0.0,0.0,0.0,0.0,0.0,0.0,0.0,0.0,0.0,0.0,0.0,0.0,0.0,0.0,0.0,0.0,0.0,0.0,0.0,0.0,0.0,0.21469190107694358,0.0,0.0,0.0,0.0,0.0,0.0,0.0,0.0,0.0,0.0,0.0,0.0,0.0,0.0,0.0,0.0,0.0,0.0,0.0,0.0,0.0,0.0,0.0,0.0,0.0,0.0,0.2654695723776445,0.0,0.0,0.0,0.0,0.0,0.0,0.0,0.0,0.0,0.0,0.0,0.0,0.0,0.0,0.0,0.0,0.0
3e49fe819025e4a6e061584f1a596f535d8c7dae935a079121ef19e0c11b3e60,0.0,0.0,0.0,0.0,0.0,0.0,0.0,0.0,0.0,0.0,0.13951374190320637,0.0,0.09083379716875949,0.0,0.0,0.0,0.0,0.0,0.0,0.0,0.0,0.13279631407900688,0.0,0.0,0.0,0.0,0.0,0.0,0.0,0.0,0.0,0.0,0.0,0.0,0.0,0.0,0.0,0.0,0.0,0.0,0.0,0.0,0.0,0.15726774899859716,0.0,0.0,0.0,0.0,0.22361857792846998,0.0,0.0,0.0,0.2607635090223558,0.0,0.0,0.0,0.0,0.0,0.0,0.0,0.0,0.0,0.0,0.0,0.17541470186931465,0.0,0.0,0.1485352723199359,0.3095671329341595,0.39795254236173583,0.312837418778553,0.28811480850087395,0.0,0.0,0.0,0.08625647575610666,0.0,0.0,0.0,0.07891795965787662,0.0,0.0,0.0,0.0,0.0,0.0,0.0,0.0,0.0,0.0,0.0,0.0,0.0,0.0,0.0,0.0,0.0,0.0,0.0,0.0,0.0,0.0,0.0,0.0,0.20695485027015362,0.0,0.0,0.0,0.0,0.0,0.0,0.0,0.0,0.26380011129689096,0.0,0.0,0.11336817857559617,0.10498334280816096,0.11530712507081556,0.102210880097072,0.12200772835449405,0.0,0.0,0.0,0.0,0.0,0.0,0.0,0.0,0.0,0.0,0.36798671088437723,0.0,0.0,0.0,0.0,0.0,0.0,0.0,0.0,0.0,0.0,0.0,0.0,0.0,0.0,0.0,0.0,0.0,0.0,0.0,0.0,0.0,0.0,0.0,0.0,0.0,0.0,0.0,0.0,0.0
104d9952fbab963d6ffc537895b117544915a901d23772272d11151650ef21f2,0.0,0.0,0.0,0.0,0.0,0.0,0.0,0.0,0.0,0.0,0.0,0.0,0.3030065171129261,0.0,0.0,0.0,0.0,0.5930813540636471,0.0,0.0,0.0,0.0,0.0,0.0,0.0,0.0,0.0,0.0,0.0,0.0,0.0,0.0,0.0,0.0,0.0,0.0,0.0,0.0,0.0,0.0,0.0,0.0,0.554979049993065,0.0,0.0,0.0,0.0,0.0,0.0,0.0,0.0,0.0,0.0,0.0,0.0,0.0,0.0,0.0,0.0,0.0,0.0,0.0,0.0,0.0,0.0,0.0,0.0,0.0,0.0,0.0,0.0,0.0,0.0,0.0,0.0,0.287737330288362,0.0,0.0,0.0,0.0,0.0,0.0,0.0,0.0,0.0,0.0,0.0,0.0,0.0,0.0,0.0,0.0,0.0,0.0,0.0,0.0,0.0,0.0,0.0,0.0,0.0,0.0,0.0,0.0,0.0,0.0,0.0,0.0,0.0,0.0,0.0,0.0,0.0,0.0,0.0,0.0,0.0,0.0,0.0,0.0,0.40699759320719076,0.0,0.0,0.0,0.0,0.0,0.0,0.0,0.0,0.0,0.0,0.0,0.0,0.0,0.0,0.0,0.0,0.0,0.0,0.0,0.0,0.0,0.0,0.0,0.0,0.0,0.0,0.0,0.0,0.0,0.0,0.0,0.0,0.0,0.0,0.0,0.0,0.0,0.0,0.0,0.0
fef3d75efe93dfd69e1bc5855fea1b7d6d03a17b9f5127f53b489c60897dd6b9,0.0,0.0,0.0,0.0,0.0,0.5889758019097784,0.0,0.0,0.0,0.0,0.0,0.0,0.21301783539720687,0.0,0.0,0.0,0.0,0.0,0.0,0.0,0.0,0.0,0.0,0.0,0.0,0.0,0.0,0.0,0.0,0.0,0.0,0.0,0.0,0.0,0.0,0.0,0.0,0.0,0.0,0.0,0.0,0.0,0.0,0.0,0.0,0.0,0.0,0.44496385789408555,0.0,0.0,0.0,0.0,0.0,0.0,0.0,0.0,0.0,0.0,0.0,0.0,0.0,0.0,0.0,0.0,0.4113717718926238,0.0,0.0,0.348335786633938,0.0,0.0,0.0,0.0,0.0,0.0,0.0,0.0,0.0,0.0,0.0,0.0,0.0,0.0,0.0,0.0,0.0,0.0,0.0,0.0,0.0,0.0,0.0,0.0,0.0,0.0,0.0,0.0,0.0,0.0,0.0,0.0,0.0,0.0,0.0,0.0,0.0,0.0,0.0,0.0,0.0,0.0,0.0,0.0,0.0,0.0,0.0,0.0,0.2658640809458886,0.0,0.0,0.0,0.0,0.0,0.0,0.0,0.0,0.0,0.0,0.0,0.0,0.0,0.0,0.0,0.0,0.0,0.0,0.0,0.0,0.0,0.0,0.0,0.0,0.0,0.0,0.0,0.0,0.22020401276605026,0.0,0.0,0.0,0.0,0.0,0.0,0.0,0.0,0.0,0.0,0.0,0.0,0.0,0.0,0.0
191babb0f7c471b06775a0ba0246d78ab83570f5d82308a288382ecf97bc9b8a,0.0,0.0,0.0,0.0,0.0,0.0,0.0,0.0,0.0,0.0,0.0,0.0,0.08870136845073089,0.0,0.0,0.0,0.0,0.0,0.0,0.0,0.2504429001945364,0.1296787666174128,0.0,0.0,0.0,0.0,0.0,0.0,0.0,0.0,0.0,0.0,0.0,0.0,0.0,0.0,0.0,0.0,0.0,0.42041406448605845,0.0,0.0,0.0,0.15357570622556135,0.0,0.0,0.0,0.0,0.21836887250689166,0.0,0.0,0.0,0.0,0.0,0.0,0.0,0.27303733668367886,0.0,0.0,0.0,0.0,0.0,0.0,0.0,0.0,0.0,0.0,0.145048234562979,0.0,0.0,0.0,0.0,0.0,0.0,0.0,0.0,0.0,0.0,0.0,0.07706526904284025,0.0,0.0,0.0,0.0,0.0,0.0,0.0,0.0,0.0,0.0,0.0,0.0,0.0,0.35934779613456413,0.0,0.0,0.0,0.0,0.0,0.0,0.0,0.0,0.11881577134972267,0.0,0.0,0.0,0.0,0.0,0.0,0.0,0.42041406448605845,0.0,0.0,0.0,0.0,0.0,0.0,0.0,0.11260015660138677,0.09981136116460865,0.0,0.0,0.0,0.0,0.0,0.0,0.0,0.0,0.0,0.0,0.0,0.0,0.0,0.12719948692352742,0.0,0.0,0.0,0.0,0.0,0.0,0.0,0.0,0.0,0.0,0.0,0.09169371773151999,0.1897159233416631,0.20528985727038235,0.0,0.0,0.0,0.0,0.0,0.0,0.13307741838732484,0.3161925664091215,0.0,0.0,0.0,0.0,0.0
267fa786176679a2d99bf4d47cbcd8591640452ff393af7d61cfd5c0d8e67f33,0.0,0.0,0.0,0.0,0.0,0.0,0.0,0.0,0.0,0.0,0.0,0.0,0.09323550466509745,0.0,0.0,0.0,0.0,0.0,0.0,0.0,0.0,0.13630753911804216,0.0,0.0,0.3323553403449647,0.0,0.0,0.0,0.0,0.0,0.0,0.0,0.0,0.4230777202285347,0.0,0.0,0.0,0.0,0.0,0.0,0.0,0.0,0.17076778512118806,0.16142601545310178,0.0,0.0,0.0,0.0,0.0,0.0,0.2207925955431266,0.0,0.0,0.0,0.0,0.0,0.0,0.0,0.0,0.0,0.0,0.0,0.0,0.0,0.0,0.0,0.0,0.0,0.0,0.0,0.0,0.0,0.0,0.0,0.27928615013689695,0.08853715575505296,0.1890198164457582,0.1506554443335044,0.0,0.0,0.0,0.0,0.0,0.0,0.0,0.0,0.0,0.0,0.0,0.0,0.0,0.0,0.0,0.0,0.0,0.0,0.0,0.0,0.0,0.0,0.0,0.0,0.1248892615463695,0.0,0.0,0.0,0.0,0.0,0.0,0.0,0.0,0.0,0.0,0.27077516600763285,0.0,0.0,0.11636571047251036,0.0,0.0,0.10491340541901094,0.0,0.0,0.0,0.0,0.0,0.0,0.16905901013664343,0.0,0.0,0.0,0.0,0.0,0.0,0.13370152640930108,0.0,0.0,0.0,0.0,0.0,0.0,0.0,0.0,0.0,0.14388784692668435,0.0,0.09638081347150644,0.0,0.21578363197250322,0.0,0.4230777202285347,0.0,0.0,0.0,0.0,0.1398799193246078,0.0,0.0,0.0,0.0,0.0,0.0
312f082ea8f64609d30ff62b11f564107bf7a4ec9e95944dfd3da57c6cdb4e94,0.0,0.2730572553043851,0.0,0.0,0.0,0.0,0.0,0.0,0.0,0.0,0.0,0.0,0.0,0.0,0.0,0.0,0.0,0.0,0.0,0.0,0.0,0.0,0.0,0.0,0.4550945055668061,0.0,0.0,0.0,0.0,0.0,0.0,0.0,0.0,0.0,0.0,0.0,0.0,0.0,0.0,0.0,0.0,0.0,0.23383250185118648,0.0,0.0,0.0,0.0,0.0,0.0,0.0,0.0,0.0,0.0,0.0,0.0,0.0,0.0,0.0,0.0,0.4350985460434434,0.0,0.0,0.0,0.0,0.24654646316802512,0.0,0.0,0.20876725642678728,0.0,0.0,0.0,0.0,0.0,0.0,0.0,0.12123401742489129,0.0,0.0,0.0,0.11091968704300481,0.0,0.0,0.0,0.0,0.0,0.0,0.0,0.0,0.0,0.0,0.0,0.0,0.0,0.0,0.0,0.0,0.0,0.0,0.0,0.15609551982255473,0.0,0.0,0.1710109928579929,0.0,0.0,0.0,0.20422463148424996,0.0,0.4187606575030084,0.0,0.0,0.0,0.0,0.0,0.0,0.0,0.159339685703412,0.0,0.1620648871578746,0.14365803274572841,0.0,0.0,0.0,0.0,0.0,0.0,0.0,0.0,0.0,0.0,0.0,0.0,0.0,0.0,0.0,0.0,0.0,0.0,0.0,0.0,0.0,0.0,0.0,0.0,0.0,0.0,0.0,0.0,0.0,0.0,0.0,0.0,0.0,0.0,0.0,0.0,0.0,0.0,0.0,0.0,0.0
973f558936e9cd63c00eba6da49d86b6f34f3e0af54a314356d6271faa328745,0.0,0.0,0.0,0.0,0.0,0.0,0.0,0.0,0.0,0.0,0.0,0.0,0.0,0.0,0.0,0.0,0.0,0.0,0.0,0.48185042069190087,0.4184229181872788,0.0,0.0,0.0,0.0,0.0,0.0,0.0,0.0,0.0,0.0,0.0,0.0,0.0,0.0,0.0,0.0,0.0,0.0,0.0,0.0,0.0,0.271432395382059,0.0,0.0,0.0,0.0,0.3095607066224278,0.0,0.0,0.0,0.0,0.0,0.0,0.0,0.0,0.0,0.0,0.0,0.0,0.0,0.0,0.0,0.0,0.0,0.0,0.0,0.0,0.0,0.0,0.0,0.0,0.0,0.0,0.0,0.14072825416019705,0.0,0.0,0.0,0.12875539589561277,0.0,0.0,0.0,0.0,0.0,0.0,0.0,0.0,0.0,0.0,0.0,0.0,0.0,0.0,0.0,0.0,0.0,0.0,0.0,0.1811954305685359,0.0,0.0,0.19850928789039796,0.0,0.0,0.0,0.0,0.0,0.0,0.0,0.0,0.0,0.0,0.0,0.0,0.0,0.0,0.0,0.0,0.0,0.19905676014318205,0.0,0.0,0.0,0.0,0.0,0.0,0.0,0.41185108119394587,0.0,0.0,0.0,0.0,0.0,0.0,0.0,0.0,0.0,0.0,0.0,0.0,0.0,0.2861907414105362,0.0,0.0,0.1531956103481516,0.0,0.0,0.0,0.0,0.0,0.0,0.0,0.0,0.0,0.0,0.0,0.0,0.0,0.0,0.0
5e5cfffc1cbefb7bc0439640a28eb44fabed540e073b48fa9c642b881b684040,0.0,0.0,0.0,0.0,0.0,0.0,0.31125338148891524,0.0,0.0,0.0,0.0,0.0,0.11698015945415371,0.0,0.0,0.0,0.30189755173296756,0.22896785200760017,0.0,0.0,0.0,0.0,0.0,0.0,0.0,0.30846976476481114,0.0,0.0,0.0,0.0,0.0,0.0,0.0,0.0,0.0,0.0,0.0,0.0,0.0,0.0,0.0,0.0,0.0,0.0,0.0,0.0,0.0,0.0,0.0,0.28484852654649845,0.0,0.0,0.0,0.0,0.0,0.0,0.0,0.0,0.0,0.0,0.1697484886954652,0.3098497775759367,0.0,0.0,0.0,0.0,0.0,0.0,0.0,0.0,0.0,0.0,0.0,0.0,0.0,0.11108526344171223,0.0,0.0,0.0,0.0,0.0,0.0,0.0,0.0,0.0,0.0,0.0,0.0,0.24373045384626893,0.0,0.0,0.0,0.0,0.0,0.0,0.0,0.0,0.0,0.0,0.14302843632400605,0.0,0.0,0.0,0.0,0.0,0.0,0.0,0.0,0.0,0.0,0.0,0.0,0.0,0.0,0.23489302599817385,0.26735169206458165,0.14600102627176484,0.13520262902707925,0.14849809539420208,0.13163211738787822,0.15712745654605892,0.0,0.0,0.0,0.0,0.0,0.0,0.0,0.0,0.0,0.0,0.0,0.29940921496030204,0.0,0.0,0.0,0.0,0.0,0.0,0.0,0.0,0.0,0.0,0.18053233408731081,0.0,0.0,0.0,0.0,0.0,0.0,0.0,0.0,0.0,0.0,0.0,0.0,0.0,0.0,0.0,0.0,0.0
3ea80d14d46563e000b4300a80edd83c1c382f1240723ff79d197de4b1fc83bc,0.0,0.0,0.0,0.0,0.0,0.0,0.0,0.0,0.0,0.0,0.0,0.0,0.24374737245209033,0.0,0.0,0.0,0.0,0.0,0.0,0.7925289322309502,0.0,0.0,0.0,0.0,0.0,0.0,0.0,0.0,0.0,0.0,0.0,0.0,0.0,0.0,0.0,0.0,0.0,0.0,0.0,0.0,0.0,0.0,0.0,0.0,0.0,0.0,0.0,0.0,0.0,0.0,0.0,0.0,0.0,0.0,0.0,0.0,0.0,0.0,0.0,0.0,0.0,0.0,0.0,0.0,0.0,0.0,0.0,0.0,0.0,0.0,0.0,0.0,0.0,0.0,0.0,0.23146438856306556,0.0,0.0,0.0,0.0,0.0,0.0,0.0,0.0,0.0,0.0,0.0,0.0,0.0,0.0,0.0,0.0,0.0,0.0,0.0,0.0,0.0,0.0,0.0,0.29802323490224725,0.0,0.0,0.32650039766240624,0.0,0.0,0.0,0.0,0.0,0.0,0.0,0.0,0.0,0.0,0.0,0.0,0.0,0.0,0.0,0.0,0.0,0.0,0.0,0.0,0.0,0.0,0.0,0.0,0.0,0.0,0.0,0.0,0.0,0.0,0.0,0.0,0.0,0.0,0.0,0.0,0.0,0.0,0.0,0.0,0.0,0.0,0.25197021373842715,0.0,0.0,0.0,0.0,0.0,0.0,0.0,0.0,0.0,0.0,0.0,0.0,0.0,0.0,0.0
841f916fd211961d16b57c00fede97127720d6d2ea52e914fa13661b1d728410,0.0,0.0,0.0,0.0,0.0,0.0,0.0,0.0,0.0,0.0,0.20068351782707683,0.0,0.13065985977255823,0.0,0.0,0.0,0.0,0.0,0.0,0.0,0.0,0.1910208349392139,0.0,0.0,0.0,0.0,0.0,0.0,0.0,0.0,0.0,0.0,0.0,0.0,0.0,0.0,0.0,0.0,0.0,0.0,0.0,0.0,0.0,0.22622176625210905,0.0,0.0,0.0,0.0,0.32166410461063194,0.0,0.0,0.0,0.0,0.0,0.0,0.0,0.0,0.0,0.0,0.0,0.0,0.0,0.0,0.0,0.0,0.0,0.0,0.0,0.0,0.0,0.0,0.0,0.0,0.0,0.0,0.12407561258095408,0.2648916075453266,0.2111279313743774,0.0,0.11351952537310613,0.0,0.0,0.0,0.0,0.0,0.0,0.0,0.0,0.27223237744291434,0.0,0.0,0.0,0.0,0.0,0.0,0.0,0.0,0.0,0.0,0.15975423115154022,0.0,0.0,0.0,0.0,0.2976941684526338,0.0,0.0,0.0,0.0,0.0,0.0,0.0,0.0,0.0,0.0,0.0,0.16307443679622222,0.0,0.16586351404575275,0.14702522273621665,0.0,0.0,0.0,0.0,0.20626334681798433,0.0,0.0,0.0,0.0,0.0,0.0,0.0,0.0,0.18736877925170842,0.0,0.0,0.0,0.0,0.0,0.0,0.0,0.0,0.0,0.2016438476945767,0.0,0.13506768283377277,0.2794574240893671,0.3023983105579205,0.0,0.0,0.0,0.0,0.0,0.0,0.1960271541361846,0.0,0.0,0.0,0.0,0.0,0.0
339a586e6e541cb228df0082d135fda48413e258c94686ae2786f60d7955dd4e,0.0,0.0,0.0,0.0,0.0,0.0,0.0,0.0,0.0,0.0,0.2177310061703683,0.0,0.14175903951849078,0.0,0.0,0.0,0.0,0.0,0.0,0.0,0.0,0.20724750612881315,0.0,0.0,0.0,0.0,0.0,0.0,0.0,0.0,0.0,0.0,0.0,0.0,0.0,0.0,0.0,0.0,0.0,0.0,0.0,0.0,0.0,0.24543865543632537,0.0,0.0,0.0,0.0,0.34898854626472964,0.3451854888889463,0.0,0.0,0.0,0.0,0.0,0.0,0.0,0.0,0.27375955238573735,0.0,0.0,0.0,0.0,0.0,0.0,0.0,0.0,0.23181038550630426,0.0,0.0,0.0,0.0,0.0,0.0,0.0,0.13461547944228322,0.0,0.0,0.0,0.12316268295020985,0.0,0.0,0.0,0.0,0.0,0.0,0.0,0.0,0.0,0.0,0.0,0.0,0.0,0.0,0.0,0.0,0.0,0.0,0.0,0.0,0.0,0.0,0.0,0.0,0.0,0.0,0.0,0.0,0.0,0.0,0.0,0.0,0.0,0.0,0.0,0.0,0.0,0.0,0.17995314309395766,0.15951459305373913,0.19041038605082702,0.0,0.0,0.0,0.0,0.0,0.0,0.0,0.0,0.0,0.0,0.0,0.0,0.20328521880177933,0.0,0.0,0.0,0.4461524437931527,0.0,0.0,0.0,0.0,0.0,0.0,0.0,0.0,0.30319652947875325,0.0,0.0,0.0,0.0,0.0,0.0,0.0,0.0,0.0,0.0,0.0,0.0,0.0,0.0
bdbfa96d17c2f06f68b3bcc84568cf445915e194f130b0dc2411805cf889b6cc,0.0,0.0,0.0,0.0,0.0,0.0,0.0,0.0,0.0,0.0,0.0,0.0,0.0863223665455595,0.0,0.0,0.0,0.0,0.0,0.0,0.0,0.0,0.0,0.0,0.0,0.0,0.0,0.0,0.0,0.0,0.0,0.0,0.0,0.0,0.0,0.0,0.0,0.0,0.0,0.0,0.0,0.0,0.0,0.15810585671579294,0.0,0.0,0.0,0.0,0.0,0.21251214252856465,0.0,0.0,0.0,0.0,0.0,0.0,0.24114724625116926,0.0,0.0,0.0,0.0,0.0,0.0,0.0,0.0,0.0,0.0,0.0,0.0,0.0,0.0,0.0,0.0,0.0,0.0,0.0,0.0,0.0,0.0,0.0,0.0749983514171297,0.0,0.33041484860267073,0.0,0.4337055443972106,0.0,0.0,0.0,0.0,0.0,0.0,0.0,0.0,0.0,0.0,0.0,0.0,0.0,0.0,0.0,0.10554399279681158,0.0,0.0,0.11562909056517082,0.0,0.0,0.0,0.13808649382639535,0.36714062010041293,0.0,0.0,0.0,0.0,0.0,0.0,0.0,0.0,0.1077375357040654,0.09976914850567359,0.0,0.09713438534658342,0.0,0.0,0.0,0.0,0.0,0.0,0.0,0.0,0.0,0.0,0.0,0.0,0.0,0.0,0.0,0.0,0.0,0.0,0.0,0.0,0.0,0.0,0.0,0.0,0.25857790452053414,0.0892344599659907,0.0,0.19978391108162794,0.0,0.0,0.0,0.0,0.0,0.0,0.12950823521226945,0.0,0.30403892439610986,0.0,0.0,0.0,0.35780062960618575
328a8b05fbe3718e41a3e3ec07593e68de43cfb1ca77fb8f29e1d3d79ea87f05,0.0,0.0,0.0,0.0,0.0,0.0,0.31216528646492603,0.0,0.0,0.0,0.0,0.0,0.11732288597808893,0.0,0.0,0.0,0.30278204615469506,0.22963867820904876,0.0,0.0,0.0,0.0,0.0,0.0,0.0,0.3093735143468793,0.0,0.0,0.0,0.0,0.0,0.0,0.0,0.0,0.0,0.0,0.0,0.0,0.0,0.0,0.0,0.0,0.0,0.0,0.0,0.0,0.0,0.0,0.0,0.2856830710180301,0.0,0.0,0.0,0.0,0.0,0.0,0.0,0.0,0.0,0.0,0.17024581499203817,0.3107575702965674,0.0,0.0,0.0,0.0,0.0,0.0,0.0,0.0,0.0,0.0,0.0,0.0,0.0,0.11141071919743571,0.0,0.0,0.0,0.0,0.0,0.0,0.0,0.0,0.0,0.0,0.0,0.0,0.2444445312728485,0.0,0.0,0.0,0.0,0.0,0.0,0.0,0.0,0.0,0.0,0.0,0.0,0.0,0.0,0.0,0.0,0.0,0.0,0.0,0.0,0.0,0.0,0.0,0.0,0.0,0.2355812116757505,0.2681349746016977,0.14642877764822546,0.13559874343904083,0.1489331626422118,0.13201777097427345,0.15758780595272834,0.0,0.0,0.0,0.0,0.0,0.0,0.0,0.0,0.0,0.0,0.0,0.3002864190943735,0.0,0.0,0.0,0.0,0.0,0.0,0.0,0.0,0.0,0.0,0.18106125471460663,0.0,0.12128078493284562,0.0,0.0,0.0,0.0,0.0,0.0,0.0,0.0,0.0,0.0,0.0,0.0,0.0,0.0,0.0
a3225cdecee4f51aef9815859cdbaa70d5ce3b5e97d52518a5e0c5e2ac5deb12,0.0,0.0,0.0,0.0,0.0,0.0,0.0,0.0,0.0,0.0,0.1856810155578585,0.0,0.12089211768811547,0.0,0.0,0.0,0.0,0.0,0.0,0.0,0.0,0.17674068607261437,0.0,0.0,0.0,0.0,0.0,0.0,0.0,0.0,0.0,0.0,0.0,0.0,0.0,0.0,0.0,0.0,0.0,0.0,0.0,0.0,0.0,0.20931010056928867,0.0,0.0,0.0,0.0,0.29761745388615485,0.0,0.0,0.0,0.0,0.0,0.0,0.0,0.0,0.0,0.0,0.0,0.0,0.0,0.0,0.0,0.0,0.0,0.0,0.0,0.0,0.0,0.0,0.0,0.4209480560533484,0.0,0.0,0.11480008921234156,0.24508909966463474,0.1953446358459984,0.0,0.10503314365401495,0.0,0.0,0.0,0.0,0.0,0.0,0.0,0.0,0.25188109546139537,0.0,0.0,0.0,0.0,0.0,0.0,0.0,0.0,0.0,0.0,0.147811480489608,0.0,0.0,0.0,0.0,0.27543943878623406,0.0,0.0,0.0,0.0,0.0,0.0,0.0,0.0,0.0,0.0,0.0,0.15088347744601327,0.0,0.15346405158468462,0.1360340548435298,0.0,0.0,0.0,0.0,0.19084371314702292,0.0,0.0,0.0,0.0,0.0,0.0,0.0,0.0,0.1733616471945228,0.0,0.0,0.0,0.3804788317209697,0.0,0.0,0.0,0.0,0.0,0.18656955402379052,0.0,0.12497042502131112,0.0,0.0,0.0,0.0,0.0,0.0,0.0,0.0,0.0,0.0,0.0,0.0,0.0,0.0,0.0
cdbed3a79d37d581fc5be268df61e13aaafa5c88a001f4e8b298d77c4b37ae13,0.0,0.0,0.0,0.0,0.0,0.0,0.0,0.0,0.0,0.0,0.2845123358372662,0.0,0.18523863995693085,0.0,0.0,0.0,0.47805621184213876,0.0,0.0,0.0,0.0,0.2708133908085592,0.0,0.0,0.0,0.0,0.0,0.0,0.0,0.0,0.0,0.0,0.0,0.0,0.3029100696853874,0.0,0.0,0.0,0.0,0.0,0.0,0.0,0.3392783937613841,0.0,0.0,0.0,0.0,0.0,0.0,0.0,0.0,0.0,0.0,0.0,0.0,0.0,0.0,0.0,0.0,0.0,0.0,0.0,0.0,0.37554120449168654,0.0,0.0,0.0,0.0,0.0,0.0,0.0,0.0,0.0,0.0,0.0,0.1759040440294894,0.0,0.0,0.0,0.16093850494922174,0.0,0.0,0.0,0.0,0.0,0.0,0.0,0.0,0.0,0.0,0.0,0.0,0.0,0.0,0.0,0.0,0.0,0.0,0.0,0.0,0.0,0.0,0.0,0.0,0.422045936550569,0.0,0.0,0.0,0.0,0.0,0.0,0.0,0.0,0.0,0.0,0.0,0.0,0.0,0.0,0.0,0.0,0.0,0.0,0.0,0.0,0.0,0.0,0.0,0.0,0.0,0.0,0.0,0.0,0.0,0.0,0.0,0.0,0.0,0.0,0.0,0.0,0.0,0.0,0.0,0.0,0.0,0.0,0.0,0.0,0.0,0.0,0.0,0.0,0.0,0.0,0.0,0.0,0.0,0.0,0.0,0.0
1667e1635736f2b2ba9727457f995a67201ddcd818496c9296713ffa18e17a43,0.0,0.0,0.0,0.0,0.0,0.0,0.0,0.0,0.0,0.0,0.0,0.0,0.0,0.0,0.0,0.0,0.0,0.0,0.0,0.0,0.0,0.0,0.0,0.0,0.0,0.0,0.47356721208754593,0.0,0.0,0.0,0.0,0.0,0.0,0.0,0.0,0.0,0.0,0.0,0.0,0.0,0.0,0.0,0.0,0.0,0.43750650742217023,0.0,0.0,0.0,0.0,0.0,0.0,0.0,0.0,0.0,0.0,0.0,0.0,0.0,0.43556401664383093,0.0,0.0,0.0,0.0,0.0,0.0,0.0,0.0,0.0,0.0,0.0,0.0,0.0,0.0,0.0,0.0,0.0,0.0,0.36444918113040264,0.0,0.195957483196188,0.0,0.0,0.0,0.0,0.0,0.0,0.0,0.0,0.0,0.0,0.0,0.0,0.0,0.0,0.0,0.0,0.0,0.0,0.0,0.0,0.0,0.0,0.0,0.0,0.0,0.0,0.0,0.0,0.0,0.0,0.0,0.0,0.0,0.0,0.0,0.0,0.0,0.0,0.0,0.25379504115310114,0.0,0.0,0.0,0.0,0.0,0.0,0.0,0.0,0.0,0.0,0.0,0.0,0.0,0.3234361163071367,0.0,0.0,0.0,0.0,0.0,0.0,0.0,0.0,0.0,0.0,0.0,0.23315392750503422,0.0,0.0,0.0,0.0,0.0,0.0,0.0,0.0,0.0,0.0,0.0,0.0,0.0,0.0,0.0
03f51ffa9c987630724a451ad872f52bf97bd257ad06b58b6194f5dec29c8f13,0.0,0.30560600534058163,0.0,0.0,0.0,0.0,0.0,0.0,0.0,0.0,0.21946129511741203,0.0,0.14288558600140397,0.0,0.0,0.0,0.0,0.0,0.0,0.0,0.0,0.20889448363314006,0.4686774266101496,0.0,0.0,0.0,0.0,0.0,0.0,0.0,0.0,0.0,0.0,0.0,0.0,0.0,0.0,0.0,0.0,0.0,0.0,0.0,0.0,0.2473891346085313,0.0,0.0,0.0,0.0,0.0,0.0,0.0,0.0,0.0,0.0,0.0,0.0,0.0,0.0,0.0,0.0,0.0,0.0,0.0,0.0,0.0,0.0,0.0,0.0,0.0,0.0,0.0,0.0,0.0,0.0,0.0,0.13568525668842205,0.28967727836883206,0.23088298309981775,0.0,0.12414144584092211,0.0,0.0,0.0,0.0,0.0,0.0,0.0,0.0,0.2977049175408326,0.0,0.0,0.0,0.0,0.0,0.0,0.0,0.0,0.0,0.0,0.0,0.0,0.0,0.0,0.0,0.0,0.0,0.0,0.0,0.0,0.0,0.0,0.0,0.0,0.0,0.0,0.0,0.17833316600857782,0.0,0.18138321472205463,0.16078224134190758,0.0,0.0,0.0,0.0,0.22556322371691667,0.0,0.0,0.0,0.0,0.0,0.0,0.0,0.0,0.2049007083610149,0.0,0.0,0.0,0.0,0.0,0.0,0.0,0.0,0.0,0.22051148219178376,0.0,0.1477058451245078,0.0,0.0,0.0,0.0,0.0,0.0,0.0,0.0,0.0,0.0,0.0,0.0,0.0,0.0,0.0
993afa5ca786935ff44f01d5495e0583034008d30d93eaac100e6d4325dfb89d,0.0,0.0,0.0,0.0,0.0,0.0,0.0,0.0,0.0,0.0,0.0,0.0,0.1934391327831516,0.0,0.0,0.0,0.0,0.0,0.0,0.0,0.0,0.0,0.0,0.0,0.0,0.0,0.0,0.0,0.0,0.0,0.0,0.0,0.0,0.0,0.0,0.0,0.0,0.0,0.0,0.0,0.0,0.0,0.0,0.0,0.0,0.0,0.0,0.0,0.4762168392929642,0.0,0.0,0.0,0.0,0.0,0.0,0.0,0.0,0.0,0.0,0.0,0.0,0.0,0.0,0.0,0.0,0.0,0.0,0.0,0.0,0.0,0.0,0.0,0.0,0.0,0.0,0.0,0.0,0.0,0.0,0.16806323365380327,0.0,0.0,0.0,0.0,0.0,0.0,0.0,0.0,0.0,0.0,0.0,0.0,0.0,0.0,0.0,0.0,0.0,0.0,0.0,0.0,0.0,0.0,0.25911234710677344,0.0,0.0,0.0,0.0,0.0,0.0,0.0,0.0,0.0,0.0,0.0,0.0,0.0,0.0,0.0,0.0,0.21766770324757875,0.0,0.0,0.0,0.0,0.0,0.0,0.0,0.0,0.0,0.0,0.0,0.0,0.0,0.0,0.0,0.0,0.0,0.0,0.0,0.0,0.0,0.0,0.0,0.0,0.0,0.0,0.0,0.4476942425258888,0.0,0.0,0.0,0.5553204712235077,0.0,0.0,0.2902140164857021,0.0,0.0,0.0,0.0,0.0,0.0
06edeee5eaf02a2ee9849ca2b8bc9ec67c39c338c9b184c04f5f0da7c6bedfa5,0.0,0.0,0.0,0.0,0.0,0.5026924915840816,0.0,0.0,0.0,0.0,0.0,0.0,0.1818113173418167,0.0,0.0,0.0,0.0,0.0,0.0,0.0,0.0,0.0,0.0,0.0,0.0,0.0,0.0,0.0,0.0,0.0,0.0,0.0,0.0,0.0,0.0,0.0,0.0,0.0,0.0,0.0,0.0,0.0,0.0,0.0,0.0,0.0,0.0,0.0,0.0,0.0,0.0,0.0,0.0,0.0,0.0,0.0,0.0,0.0,0.0,0.0,0.0,0.0,0.0,0.0,0.0,0.0,0.0,0.0,0.0,0.0,0.0,0.0,0.0,0.0,0.0,0.1726494319877875,0.0,0.0,0.0,0.1579607883249614,0.0,0.0,0.0,0.0,0.0,0.0,0.0,0.0,0.0,0.0,0.0,0.0,0.0,0.0,0.0,0.0,0.0,0.0,0.0,0.22229571704079548,0.0,0.0,0.0,0.0,0.0,0.0,0.0,0.0,0.0,0.0,0.0,0.0,0.0,0.0,0.0,0.0,0.22691573548529825,0.0,0.0,0.20458348474180518,0.0,0.0,0.0,0.0,0.0,0.0,0.0,0.0,0.0,0.0,0.0,0.0,0.0,0.0,0.0,0.0,0.0,0.0,0.0,0.0,0.0,0.0,0.0,0.28058451652282707,0.0,0.1879447397927825,0.38886098992515217,0.4207829037944701,0.0,0.0,0.0,0.0,0.0,0.0,0.2727689681460406,0.0,0.0,0.0,0.0,0.0,0.0
852bffb94dbd3ed18ac11311b701ee80400209a19b3660b544146b41fa3b9768,0.0,0.0,0.0,0.0,0.0,0.0,0.0,0.0,0.0,0.0,0.0,0.0,0.08261331360432883,0.0,0.0,0.0,0.0,0.0,0.0,0.0,0.2332536489021707,0.0,0.2709790141003702,0.0,0.0,0.0,0.0,0.0,0.0,0.0,0.0,0.0,0.0,0.0,0.0,0.0,0.0,0.0,0.3424268449114093,0.0,0.0,0.2385287936085115,0.15131244944088926,0.14303497456711484,0.0,0.0,0.0,0.0,0.0,0.0,0.0,0.0,0.23716433991419933,0.0,0.0,0.0,0.0,0.0,0.0,0.0,0.0,0.0,0.0,0.0,0.0,0.0,0.0,0.1350927894236664,0.0,0.0,0.0,0.0,0.0,0.0,0.0,0.0,0.0,0.1334914795992143,0.0,0.07177586265734412,0.0,0.31621776139249547,0.0,0.0,0.0,0.0,0.0,0.0,0.17212645727687326,0.0,0.0,0.0,0.0,0.0,0.0,0.0,0.0,0.0,0.0,0.0,0.0,0.0,0.0,0.0,0.0,0.0,0.0,0.0,0.0,0.0,0.0,0.0,0.0,0.0,0.0,0.0,0.10310832731143862,0.0,0.10487179861688203,0.09296076740627555,0.0,0.0,0.0,0.0,0.0,0.0,0.14979835280801862,0.0,0.0,0.0,0.0,0.0,0.0,0.11846909790754766,0.0,0.35136551972581903,0.0,0.26000551273214373,0.0,0.0,0.0,0.0,0.0,0.1274949051298023,0.0,0.08540028176350474,0.17669469304146318,0.19119970361997563,0.0,0.0,0.0,0.23716433991419933,0.0,0.0,0.12394359513171585,0.0,0.0,0.0,0.0,0.0,0.0
5a9a3c1a7abfcf03bc270126a2a438713a1927cdfa92e6c8c72d7443ceee2eb8,0.0,0.0,0.0,0.0,0.0,0.0,0.0,0.0,0.0,0.0,0.2615159769631257,0.0,0.17026630412034413,0.0,0.0,0.0,0.0,0.0,0.0,0.0,0.0,0.24892428043086862,0.0,0.0,0.0,0.0,0.0,0.0,0.0,0.0,0.0,0.0,0.0,0.0,0.0,0.0,0.0,0.0,0.0,0.0,0.0,0.0,0.0,0.0,0.0,0.0,0.0,0.0,0.0,0.0,0.0,0.0,0.0,0.0,0.0,0.0,0.0,0.0,0.0,0.0,0.0,0.0,0.0,0.0,0.0,0.0,0.0,0.27842667198462706,0.0,0.0,0.0,0.0,0.0,0.0,0.0,0.16168619821267924,0.0,0.0,0.0,0.14793028298377126,0.0,0.0,0.0,0.0,0.0,0.0,0.0,0.0,0.0,0.0,0.0,0.0,0.0,0.0,0.0,0.0,0.0,0.0,0.0,0.2081799456474905,0.0,0.0,0.0,0.0,0.38793311051183815,0.0,0.0,0.0,0.0,0.0,0.0,0.0,0.0,0.0,0.0,0.0,0.0,0.0,0.21614111307131834,0.19159243957051633,0.0,0.0,0.0,0.0,0.26878719906269893,0.0,0.0,0.0,0.0,0.0,0.0,0.0,0.0,0.24416519048973703,0.0,0.0,0.0,0.0,0.0,0.0,0.0,0.0,0.32881167480172757,0.0,0.0,0.0,0.36416832867810545,0.0,0.0,0.0,0.0,0.0,0.0,0.0,0.25544814681491895,0.0,0.0,0.0,0.0,0.0,0.0
d31f7a4a68a38581a88a343cbc9be8480acdba021c3bca39f6d45c4cac352be1,0.0,0.0,0.0,0.0,0.0,0.0,0.3083804005499474,0.0,0.0,0.0,0.0,0.0,0.11590039040315894,0.0,0.0,0.0,0.2991109284760544,0.22685439617522501,0.0,0.0,0.0,0.0,0.0,0.0,0.0,0.30562247761188827,0.0,0.0,0.0,0.0,0.0,0.0,0.0,0.0,0.0,0.0,0.0,0.0,0.0,0.0,0.0,0.0,0.0,0.0,0.0,0.0,0.0,0.0,0.0,0.28221927193937923,0.0,0.0,0.0,0.0,0.0,0.0,0.0,0.0,0.0,0.0,0.16818164893903337,0.30698975240717946,0.0,0.0,0.0,0.0,0.0,0.0,0.0,0.0,0.0,0.0,0.0,0.0,0.0,0.11005990640641966,0.0,0.0,0.0,0.0,0.0,0.0,0.0,0.0,0.0,0.0,0.0,0.0,0.24148073387600977,0.0,0.0,0.0,0.0,0.0,0.0,0.0,0.0,0.0,0.0,0.0,0.0,0.0,0.15524894966118027,0.0,0.0,0.0,0.0,0.0,0.0,0.0,0.0,0.0,0.0,0.0,0.23272487867344105,0.2648839395485188,0.1446533841560648,0.13395466001149775,0.1471274044301402,0.13041710548213667,0.155677113467099,0.0,0.0,0.0,0.0,0.0,0.0,0.0,0.0,0.0,0.0,0.0,0.29664555994901376,0.0,0.0,0.0,0.0,0.0,0.0,0.0,0.0,0.0,0.0,0.17886595554960907,0.0,0.11981030133151971,0.0,0.0,0.0,0.0,0.0,0.0,0.0,0.0,0.0,0.0,0.0,0.0,0.0,0.0,0.0
3e48de73f972a09dd4a57bbd7ae247a4229df579dade5b13273115f5085b5743,0.0,0.0,0.0,0.0,0.0,0.0,0.0,0.0,0.0,0.0,0.0,0.0,0.2765391235780689,0.0,0.0,0.0,0.0,0.0,0.0,0.0,0.0,0.0,0.0,0.0,0.0,0.0,0.0,0.0,0.0,0.0,0.0,0.0,0.0,0.0,0.45220848745836756,0.0,0.0,0.0,0.0,0.0,0.0,0.0,0.0,0.0,0.0,0.0,0.0,0.0,0.0,0.0,0.0,0.0,0.0,0.0,0.0,0.0,0.0,0.0,0.0,0.0,0.0,0.0,0.0,0.0,0.0,0.0,0.0,0.45220848745836756,0.0,0.0,0.0,0.0,0.0,0.0,0.0,0.0,0.0,0.0,0.0,0.0,0.0,0.0,0.0,0.0,0.0,0.0,0.0,0.0,0.0,0.0,0.0,0.0,0.0,0.0,0.0,0.0,0.0,0.0,0.0,0.0,0.0,0.0,0.37042505488012906,0.0,0.0,0.0,0.0,0.0,0.0,0.0,0.0,0.0,0.0,0.0,0.0,0.0,0.0,0.0,0.3510469924553259,0.3111761049653518,0.0,0.0,0.0,0.0,0.0,0.0,0.0,0.0,0.0,0.0,0.0,0.0,0.0,0.39656247978801584,0.0,0.0,0.0,0.0,0.0,0.0,0.0,0.0,0.0,0.0,0.0,0.0,0.0,0.0,0.0,0.0,0.0,0.0,0.0,0.0,0.0,0.0,0.0,0.0,0.0,0.0,0.0
172362b2f1f5dca51f1520fc186c1e67c7002f924420c5828b90e099e96b0476,0.0,0.0,0.0,0.0,0.0,0.0,0.31730878240240956,0.0,0.0,0.0,0.0,0.0,0.11925599581946761,0.0,0.0,0.0,0.3077709359892302,0.0,0.0,0.0,0.0,0.0,0.0,0.0,0.0,0.31447101071564026,0.0,0.0,0.0,0.0,0.0,0.0,0.0,0.0,0.0,0.0,0.0,0.0,0.0,0.0,0.0,0.0,0.0,0.0,0.0,0.0,0.0,0.0,0.0,0.2903902238594917,0.0,0.0,0.0,0.0,0.0,0.0,0.0,0.0,0.0,0.0,0.1730509272058317,0.31587787152692937,0.0,0.0,0.0,0.0,0.0,0.0,0.0,0.0,0.0,0.0,0.0,0.0,0.0,0.1132464152419045,0.0,0.0,0.0,0.0,0.0,0.0,0.0,0.0,0.0,0.0,0.0,0.0,0.24847220349668886,0.0,0.0,0.0,0.0,0.0,0.0,0.0,0.0,0.0,0.0,0.14581103910193893,0.0,0.0,0.0,0.0,0.0,0.0,0.0,0.0,0.0,0.0,0.0,0.0,0.0,0.0,0.23946284444447866,0.2725529903528374,0.14884146046601518,0.13783298156943893,0.15138710979848172,0.13419300601200432,0.16018435423935493,0.0,0.0,0.0,0.0,0.0,0.0,0.0,0.0,0.0,0.0,0.0,0.3052341888934569,0.0,0.0,0.0,0.0,0.0,0.0,0.0,0.0,0.0,0.0,0.18404457114484296,0.0,0.12327910842249794,0.0,0.0,0.0,0.0,0.0,0.0,0.0,0.0,0.0,0.0,0.0,0.0,0.0,0.0,0.0
6d5f838b8826f5fcfc939db18f02b7703b37f9ecab111bda1aeca6030dd3aa13,0.0,0.0,0.0,0.0,0.0,0.0,0.0,0.0,0.0,0.0,0.22343302321954048,0.0,0.14547147567733637,0.0,0.0,0.0,0.0,0.0,0.0,0.0,0.0,0.21267497754930637,0.0,0.0,0.0,0.0,0.0,0.0,0.0,0.0,0.0,0.0,0.0,0.0,0.0,0.0,0.0,0.0,0.0,0.0,0.0,0.0,0.0,0.2518662902616968,0.0,0.0,0.0,0.3038691521310143,0.0,0.0,0.0,0.0,0.0,0.0,0.0,0.0,0.0,0.0,0.0,0.0,0.0,0.0,0.0,0.0,0.0,0.0,0.0,0.0,0.0,0.0,0.0,0.0,0.0,0.0,0.4357585508073686,0.13814083750847328,0.2949197489668027,0.23506141662172966,0.0,0.12638811110743967,0.0,0.0,0.0,0.0,0.0,0.0,0.0,0.0,0.0,0.0,0.0,0.0,0.0,0.0,0.0,0.0,0.0,0.0,0.0,0.0,0.0,0.0,0.0,0.0,0.3314408117437573,0.0,0.0,0.0,0.0,0.0,0.0,0.0,0.0,0.0,0.0,0.0,0.18156057267542935,0.0,0.0,0.0,0.0,0.0,0.0,0.0,0.0,0.0,0.0,0.0,0.0,0.0,0.0,0.0,0.0,0.20860892443213613,0.0,0.0,0.0,0.0,0.0,0.0,0.0,0.0,0.0,0.0,0.0,0.0,0.0,0.0,0.0,0.0,0.0,0.41761605968982934,0.0,0.0,0.0,0.0,0.0,0.0,0.0,0.0,0.0
e1a7ddbf735d5c1cb9097d7614840c00e5c4d5107fa687c0ab2a2ec8948ef84e,0.0,0.0,0.0,0.0,0.0,0.0,0.0,0.0,0.0,0.0,0.0,0.0,0.0,0.0,0.0,0.0,0.0,0.0,0.0,0.0,0.0,0.0,0.0,0.0,0.0,0.0,0.42746983086483,0.0,0.0,0.0,0.0,0.0,0.0,0.0,0.33291966167964304,0.0,0.0,0.0,0.0,0.0,0.0,0.0,0.0,0.0,0.3949193017514988,0.0,0.0,0.0,0.0,0.0,0.0,0.0,0.0,0.0,0.0,0.0,0.0,0.0,0.39316589445623257,0.0,0.0,0.0,0.0,0.0,0.0,0.0,0.0,0.0,0.0,0.0,0.0,0.0,0.0,0.0,0.0,0.0,0.0,0.3289734294101398,0.0,0.17688283745262093,0.0,0.0,0.0,0.0,0.0,0.0,0.0,0.0,0.0,0.0,0.0,0.0,0.0,0.0,0.0,0.0,0.0,0.0,0.0,0.0,0.0,0.0,0.2727100162172639,0.0,0.0,0.0,0.0,0.0,0.0,0.0,0.0,0.0,0.0,0.0,0.0,0.0,0.0,0.0,0.0,0.22909044491870936,0.0,0.0,0.0,0.0,0.0,0.0,0.0,0.0,0.0,0.0,0.0,0.0,0.0,0.2919526065242666,0.0,0.0,0.0,0.0,0.0,0.0,0.0,0.0,0.0,0.0,0.0,0.21045855247601689,0.0,0.0,0.0,0.0,0.0,0.0,0.0,0.0,0.0,0.0,0.0,0.0,0.0,0.0,0.0
d12662f643b6daf1cfca3b45633eb2bf92c7928dbd0670718e5d57d24fb851e0,0.0,0.0,0.0,0.0,0.0,0.0,0.0,0.0,0.0,0.0,0.31894374504731077,0.0,0.2076560419831026,0.0,0.0,0.0,0.0,0.0,0.0,0.0,0.0,0.30358696686827213,0.0,0.0,0.0,0.0,0.0,0.0,0.0,0.0,0.0,0.0,0.0,0.0,0.0,0.0,0.0,0.0,0.0,0.0,0.0,0.0,0.0,0.0,0.0,0.0,0.0,0.0,0.0,0.0,0.0,0.0,0.0,0.0,0.0,0.0,0.0,0.0,0.0,0.0,0.0,0.0,0.0,0.0,0.4010172846584005,0.0,0.0,0.0,0.0,0.0,0.0,0.0,0.0,0.0,0.0,0.19719178223548858,0.0,0.0,0.0,0.18041512801110873,0.0,0.0,0.0,0.0,0.0,0.0,0.0,0.0,0.0,0.0,0.0,0.0,0.0,0.0,0.0,0.0,0.0,0.0,0.0,0.2538953538502867,0.0,0.0,0.27815594318995457,0.0,0.4731215298250936,0.0,0.0,0.0,0.0,0.0,0.0,0.0,0.0,0.0,0.0,0.0,0.0,0.2400034581973389,0.0,0.0,0.0,0.0,0.0,0.0,0.3278116958105472,0.0,0.0,0.0,0.0,0.0,0.0,0.0,0.0,0.0,0.0,0.0,0.0,0.0,0.0,0.0,0.0,0.0,0.0,0.0,0.0,0.0,0.0,0.0,0.0,0.0,0.0,0.0,0.0,0.0,0.0,0.0,0.0,0.0,0.0,0.0,0.0
752e7330e3a78a5f97d052bbaad3b72803b4f9d21fe3b90f6619422dbcfe6fac,0.0,0.0,0.0,0.0,0.0,0.0,0.0,0.0,0.0,0.0,0.21484328481713863,0.0,0.13987891866372118,0.0,0.0,0.0,0.0,0.0,0.0,0.0,0.0,0.20449882527082142,0.0,0.0,0.0,0.0,0.0,0.0,0.0,0.0,0.0,0.0,0.0,0.0,0.0,0.0,0.0,0.0,0.0,0.0,0.0,0.40387134064033264,0.0,0.24218345325507573,0.0,0.0,0.0,0.0,0.0,0.0,0.0,0.0,0.0,0.0,0.0,0.39076102051192924,0.0,0.0,0.0,0.0,0.0,0.0,0.0,0.0,0.0,0.0,0.0,0.0,0.0,0.0,0.0,0.0,0.0,0.0,0.0,0.13283010214899796,0.0,0.0,0.0,0.1215292017307363,0.0,0.0,0.0,0.0,0.0,0.0,0.0,0.0,0.0,0.0,0.0,0.0,0.0,0.0,0.0,0.0,0.0,0.0,0.0,0.1710261219040805,0.0,0.0,0.0,0.0,0.0,0.0,0.22375880332597753,0.0,0.0,0.0,0.0,0.0,0.0,0.40623727579088226,0.0,0.0,0.17458059361503853,0.0,0.17756646173408464,0.15739898396059696,0.0,0.0,0.0,0.0,0.0,0.0,0.0,0.0,0.0,0.0,0.0,0.0,0.0,0.0,0.0,0.0,0.0,0.0,0.0,0.0,0.0,0.0,0.0,0.0,0.0,0.1445977475721324,0.2991752965464265,0.0,0.0,0.0,0.0,0.0,0.0,0.0,0.20985837882442748,0.0,0.0,0.0,0.0,0.0,0.0
666d74d282cdf637e7ad87e2910a9554ca547e15dc83efd9daf91fe3aca2031a,0.0,0.0,0.0,0.0,0.0,0.0,0.0,0.0,0.0,0.0,0.297003113482873,0.0,0.19337106295457568,0.0,0.0,0.0,0.0,0.0,0.0,0.0,0.0,0.2827027517323588,0.0,0.0,0.0,0.0,0.0,0.0,0.0,0.0,0.0,0.0,0.0,0.0,0.0,0.0,0.0,0.0,0.0,0.0,0.0,0.0,0.0,0.0,0.0,0.0,0.0,0.0,0.0,0.0,0.0,0.0,0.0,0.0,0.0,0.5401948672427372,0.0,0.0,0.0,0.0,0.0,0.0,0.0,0.0,0.0,0.0,0.0,0.0,0.0,0.0,0.0,0.0,0.0,0.0,0.0,0.18362665575551348,0.0,0.0,0.0,0.16800409342017972,0.0,0.0,0.0,0.0,0.0,0.0,0.0,0.0,0.0,0.0,0.0,0.0,0.0,0.0,0.0,0.0,0.0,0.0,0.0,0.0,0.0,0.0,0.25902116735014563,0.0,0.0,0.0,0.0,0.0,0.0,0.0,0.0,0.0,0.0,0.5615895131438975,0.0,0.0,0.24134326516878096,0.0,0.0,0.0,0.0,0.0,0.0,0.0,0.0,0.0,0.0,0.0,0.0,0.0,0.0,0.0,0.0,0.0,0.0,0.0,0.0,0.0,0.0,0.0,0.0,0.0,0.0,0.0,0.0,0.0,0.0,0.0,0.0,0.0,0.0,0.0,0.0,0.0,0.0,0.0,0.0,0.0,0.0,0.0,0.0
9c2b3a7c5abdcd9cfbafc27cddcdd4054cea214e15d3a1666cf407d2479a1f7e,0.0,0.0,0.0,0.0,0.0,0.0,0.0,0.0,0.0,0.0,0.1962052539267487,0.0,0.1277441777096916,0.0,0.0,0.0,0.0,0.0,0.0,0.0,0.0,0.1867581943467965,0.0,0.0,0.0,0.0,0.0,0.0,0.0,0.0,0.0,0.0,0.0,0.0,0.0,0.0,0.0,0.0,0.0,0.0,0.0,0.0,0.23397299524435067,0.22117361491290324,0.0,0.0,0.0,0.0,0.0,0.0,0.0,0.0,0.0,0.0,0.0,0.0,0.0,0.0,0.24669459548029518,0.0,0.0,0.0,0.0,0.0,0.0,0.0,0.0,0.0,0.0,0.0,0.0,0.0,0.0,0.0,0.3826565826301476,0.12130685836163066,0.2589805365395239,0.20641659980284532,0.0,0.1109863308289542,0.0,0.0,0.0,0.0,0.0,0.0,0.0,0.0,0.0,0.0,0.0,0.0,0.0,0.0,0.0,0.0,0.0,0.0,0.0,0.15618930656761362,0.0,0.0,0.0,0.0,0.2910511064694949,0.0,0.0,0.0,0.0,0.0,0.0,0.0,0.0,0.0,0.0,0.0,0.0,0.0,0.0,0.1437443466854757,0.17158565884805588,0.0,0.0,0.0,0.0,0.0,0.23163176208348957,0.0,0.0,0.0,0.0,0.0,0.0,0.18318763448577652,0.0,0.0,0.0,0.0,0.0,0.0,0.0,0.0,0.0,0.0,0.0,0.13205363995329739,0.2732213160744753,0.295650275381167,0.0,0.0,0.0,0.0,0.0,0.0,0.19165279725148734,0.0,0.0,0.0,0.0,0.0,0.0
06faab22cce2f53162f1a19d3cb5af5081339310ab43030681b88e3d10e5743e,0.0,0.0,0.0,0.0,0.0,0.0,0.0,0.0,0.0,0.0,0.29543977082809064,0.0,0.19235321089446614,0.0,0.0,0.0,0.0,0.0,0.0,0.0,0.0,0.2812146822464036,0.0,0.0,0.0,0.0,0.0,0.0,0.0,0.0,0.0,0.0,0.0,0.0,0.0,0.0,0.0,0.0,0.0,0.0,0.0,0.0,0.3523092614062212,0.0,0.3731216792439572,0.0,0.0,0.40179840640254005,0.0,0.0,0.0,0.0,0.0,0.0,0.0,0.0,0.0,0.0,0.0,0.0,0.0,0.0,0.0,0.0,0.0,0.0,0.0,0.0,0.0,0.0,0.0,0.0,0.0,0.0,0.0,0.18266009557326077,0.0,0.0,0.0,0.16711976610676607,0.0,0.0,0.0,0.0,0.0,0.0,0.0,0.0,0.0,0.0,0.0,0.0,0.0,0.0,0.0,0.0,0.0,0.0,0.0,0.23518500149522895,0.0,0.0,0.0,0.0,0.0,0.0,0.0,0.0,0.0,0.0,0.0,0.0,0.0,0.0,0.0,0.0,0.24007290063805845,0.0,0.2441788897713223,0.0,0.0,0.0,0.0,0.0,0.0,0.0,0.0,0.0,0.0,0.0,0.0,0.0,0.0,0.0,0.0,0.0,0.0,0.0,0.0,0.0,0.0,0.0,0.37146505149366305,0.0,0.0,0.0,0.0,0.0,0.0,0.0,0.0,0.0,0.0,0.0,0.0,0.0,0.0,0.0,0.0,0.0,0.0
4a13391b70f6dd4ab733e3745a787176e0e7fc33c6c0220635f3b6f65d5fd067,0.0,0.0,0.0,0.0,0.0,0.0,0.0,0.0,0.0,0.0,0.0,0.0,0.16668035774864218,0.0,0.0,0.0,0.0,0.0,0.0,0.0,0.0,0.0,0.0,0.0,0.0,0.0,0.0,0.0,0.0,0.0,0.0,0.0,0.0,0.0,0.0,0.0,0.0,0.0,0.0,0.0,0.0,0.48125493237612316,0.30528751486018607,0.2885869079843493,0.0,0.0,0.0,0.0,0.0,0.0,0.0,0.0,0.0,0.0,0.0,0.0,0.0,0.0,0.0,0.0,0.0,0.0,0.0,0.0,0.0,0.0,0.0,0.0,0.0,0.0,0.0,0.0,0.0,0.0,0.0,0.1582809558258753,0.0,0.0,0.0,0.1448147513213493,0.0,0.0,0.0,0.0,0.0,0.0,0.0,0.0,0.0,0.0,0.0,0.0,0.0,0.0,0.0,0.0,0.0,0.0,0.0,0.20379550725486473,0.0,0.0,0.0,0.0,0.0,0.0,0.0,0.0,0.0,0.0,0.0,0.0,0.0,0.0,0.0,0.0,0.20803103196473346,0.0,0.2115890060399359,0.18755734750063843,0.0,0.0,0.0,0.0,0.0,0.0,0.3022326783281278,0.0,0.0,0.0,0.0,0.0,0.0,0.0,0.0,0.0,0.0,0.0,0.0,0.0,0.0,0.0,0.32188663441678383,0.25723331350615525,0.0,0.17230333580797005,0.0,0.0,0.0,0.0,0.0,0.0,0.0,0.0,0.25006820179314,0.0,0.0,0.0,0.0,0.0,0.0
45e4b45aba4996e9ab4b5d097938a84a5867ed6f636c18e6f187379f5885371b,0.0,0.0,0.0,0.0,0.0,0.0,0.0,0.0,0.0,0.0,0.2459027323273908,0.0,0.16010092344141066,0.0,0.0,0.0,0.0,0.0,0.0,0.0,0.0,0.2340627957473174,0.0,0.0,0.0,0.0,0.0,0.0,0.0,0.0,0.0,0.0,0.0,0.0,0.0,0.0,0.0,0.0,0.0,0.0,0.0,0.0,0.0,0.2771954121377095,0.0,0.0,0.0,0.3344279807090267,0.0,0.0,0.0,0.0,0.0,0.0,0.0,0.0,0.0,0.0,0.0,0.0,0.0,0.0,0.0,0.0,0.0,0.0,0.0,0.0,0.0,0.0,0.0,0.0,0.0,0.0,0.4795809354164655,0.1520330741617826,0.3245785741214575,0.25870054381010293,0.0,0.13909842603919623,0.0,0.0,0.0,0.0,0.0,0.0,0.0,0.0,0.0,0.0,0.0,0.0,0.0,0.0,0.0,0.0,0.0,0.0,0.0,0.0,0.0,0.0,0.0,0.0,0.36477240489431123,0.0,0.0,0.0,0.0,0.0,0.0,0.0,0.0,0.0,0.0,0.0,0.1998193474737414,0.0,0.0,0.0,0.0,0.0,0.0,0.0,0.0,0.0,0.0,0.0,0.0,0.0,0.0,0.0,0.0,0.22958783695701349,0.0,0.0,0.0,0.0,0.0,0.0,0.0,0.0,0.0,0.0,0.0,0.0,0.0,0.0,0.0,0.0,0.0,0.0,0.0,0.0,0.0,0.0,0.0,0.0,0.0,0.0,0.0
0b668d0ac89d5da1526be831f7b8c3f2af54c5dbc68c0c9ce886183ec518c051,0.0,0.0,0.0,0.0,0.0,0.0,0.0,0.0,0.0,0.0,0.18300615465784542,0.0,0.11915058478152193,0.0,0.0,0.0,0.0,0.23321607347925205,0.0,0.0,0.0,0.17419461667937686,0.0,0.0,0.0,0.0,0.0,0.0,0.0,0.0,0.0,0.0,0.0,0.0,0.19484008275820353,0.0,0.0,0.0,0.0,0.0,0.0,0.0,0.21823318844169604,0.2062948466818166,0.0,0.0,0.0,0.24888856736273782,0.0,0.0,0.0,0.0,0.0,0.0,0.0,0.0,0.0,0.0,0.0,0.0,0.0,0.0,0.0,0.0,0.0,0.0,0.0,0.0,0.0,0.0,0.0,0.0,0.0,0.0,0.0,0.11314631610565354,0.24155842504104588,0.19253056394488402,0.0,0.10352007001898823,0.0,0.0,0.0,0.0,0.0,0.0,0.0,0.0,0.0,0.0,0.0,0.0,0.0,0.0,0.0,0.0,0.0,0.0,0.0,0.1456821559135503,0.0,0.0,0.0,0.0,0.0,0.0,0.0,0.0,0.0,0.0,0.0,0.0,0.0,0.0,0.0,0.0,0.1487098986713292,0.0,0.0,0.13407439206767746,0.1600427663977793,0.0,0.0,0.0,0.18809448008850801,0.0,0.0,0.0,0.3311306098360265,0.0,0.0,0.0,0.0,0.17086425514693357,0.0,0.0,0.0,0.0,0.0,0.0,0.0,0.0,0.0,0.0,0.0,0.0,0.0,0.0,0.42473447534401143,0.0,0.0,0.3420546708178498,0.0,0.0,0.0,0.0,0.0,0.0,0.0,0.0,0.0
00e90b818309e8e0c0c73f539786c434af5156cb8d4eab78658e8871b972f1bc,0.0,0.0,0.0,0.0,0.0,0.4722182754329023,0.0,0.0,0.0,0.0,0.0,0.0,0.0,0.0,0.0,0.0,0.0,0.0,0.0,0.0,0.0,0.0,0.0,0.0,0.0,0.0,0.0,0.0,0.0,0.0,0.0,0.0,0.0,0.0,0.0,0.0,0.0,0.0,0.0,0.0,0.0,0.0,0.3128138155368634,0.0,0.0,0.0,0.0,0.0,0.4204571262136793,0.0,0.0,0.0,0.0,0.0,0.0,0.47711192850771117,0.0,0.0,0.0,0.0,0.0,0.0,0.0,0.0,0.0,0.0,0.0,0.0,0.0,0.0,0.0,0.0,0.0,0.0,0.0,0.1621830808947075,0.0,0.0,0.0,0.14838489195209825,0.0,0.0,0.0,0.0,0.0,0.0,0.0,0.0,0.0,0.0,0.0,0.0,0.0,0.0,0.0,0.0,0.0,0.0,0.0,0.0,0.0,0.0,0.22877316348734356,0.0,0.0,0.0,0.0,0.0,0.0,0.0,0.0,0.0,0.0,0.0,0.0,0.0,0.0,0.0,0.2168053427776671,0.0,0.0,0.0,0.0,0.0,0.0,0.0,0.3096836676437463,0.0,0.0,0.0,0.0,0.0,0.0,0.0,0.0,0.0,0.0,0.0,0.0,0.0,0.0,0.0,0.0,0.0,0.0,0.1765511567956026,0.0,0.0,0.0,0.0,0.0,0.0,0.0,0.0,0.0,0.0,0.0,0.0,0.0,0.0,0.0
bfc863ff5634087b983d29c2e0429240dffef2a379f0072802e01e69483027d3,0.0,0.0,0.0,0.0,0.0,0.0,0.0,0.0,0.0,0.0,0.0,0.0,0.17574187031275035,0.0,0.0,0.0,0.0,0.0,0.0,0.0,0.0,0.0,0.0,0.0,0.0,0.0,0.36899747635655894,0.0,0.0,0.0,0.0,0.0,0.0,0.0,0.0,0.0,0.0,0.0,0.0,0.0,0.0,0.0,0.32188435139771426,0.0,0.34089943942003437,0.0,0.0,0.0,0.0,0.0,0.0,0.0,0.0,0.0,0.0,0.0,0.0,0.0,0.339385875607427,0.0,0.0,0.0,0.0,0.0,0.0,0.0,0.0,0.0,0.0,0.0,0.0,0.0,0.0,0.0,0.0,0.16688583818422809,0.0,0.2839741110971852,0.0,0.15268754873006074,0.0,0.0,0.0,0.0,0.0,0.0,0.0,0.0,0.0,0.0,0.0,0.0,0.0,0.0,0.0,0.0,0.0,0.0,0.0,0.0,0.0,0.0,0.23540680650547846,0.0,0.0,0.0,0.0,0.0,0.0,0.0,0.0,0.0,0.0,0.0,0.0,0.0,0.0,0.0,0.0,0.1977538294606232,0.0,0.0,0.0,0.0,0.0,0.0,0.31866343987043494,0.0,0.0,0.0,0.0,0.0,0.0,0.2520172588676533,0.0,0.0,0.0,0.0,0.0,0.0,0.0,0.0,0.0,0.27121770215114654,0.0,0.1816705393786283,0.0,0.0,0.0,0.0,0.0,0.0,0.0,0.0,0.0,0.0,0.0,0.0,0.0,0.0,0.0
fc0ca51fbc6a446ee39b3cdfc49a571c75ba7398ebb3b1a212882608061bb1e4,0.0,0.0,0.0,0.0,0.0,0.0,0.31216528646492603,0.0,0.0,0.0,0.0,0.0,0.11732288597808893,0.0,0.0,0.0,0.30278204615469506,0.22963867820904876,0.0,0.0,0.0,0.0,0.0,0.0,0.0,0.3093735143468793,0.0,0.0,0.0,0.0,0.0,0.0,0.0,0.0,0.0,0.0,0.0,0.0,0.0,0.0,0.0,0.0,0.0,0.0,0.0,0.0,0.0,0.0,0.0,0.2856830710180301,0.0,0.0,0.0,0.0,0.0,0.0,0.0,0.0,0.0,0.0,0.17024581499203817,0.3107575702965674,0.0,0.0,0.0,0.0,0.0,0.0,0.0,0.0,0.0,0.0,0.0,0.0,0.0,0.11141071919743571,0.0,0.0,0.0,0.0,0.0,0.0,0.0,0.0,0.0,0.0,0.0,0.0,0.2444445312728485,0.0,0.0,0.0,0.0,0.0,0.0,0.0,0.0,0.0,0.0,0.0,0.0,0.0,0.0,0.0,0.0,0.0,0.0,0.0,0.0,0.0,0.0,0.0,0.0,0.0,0.2355812116757505,0.2681349746016977,0.14642877764822546,0.13559874343904083,0.1489331626422118,0.13201777097427345,0.15758780595272834,0.0,0.0,0.0,0.0,0.0,0.0,0.0,0.0,0.0,0.0,0.0,0.3002864190943735,0.0,0.0,0.0,0.0,0.0,0.0,0.0,0.0,0.0,0.0,0.18106125471460663,0.0,0.12128078493284562,0.0,0.0,0.0,0.0,0.0,0.0,0.0,0.0,0.0,0.0,0.0,0.0,0.0,0.0,0.0
a60f26144eaf1e71a9b17abecfb91fb9e76ba4ae04ed13e064d1f8860152224a,0.0,0.0,0.0,0.0,0.0,0.0,0.0,0.0,0.0,0.0,0.2459027323273908,0.0,0.16010092344141066,0.0,0.0,0.0,0.0,0.0,0.0,0.0,0.0,0.2340627957473174,0.0,0.0,0.0,0.0,0.0,0.0,0.0,0.0,0.0,0.0,0.0,0.0,0.0,0.0,0.0,0.0,0.0,0.0,0.0,0.0,0.0,0.2771954121377095,0.0,0.0,0.0,0.3344279807090267,0.0,0.0,0.0,0.0,0.0,0.0,0.0,0.0,0.0,0.0,0.0,0.0,0.0,0.0,0.0,0.0,0.0,0.0,0.0,0.0,0.0,0.0,0.0,0.0,0.0,0.0,0.4795809354164655,0.1520330741617826,0.3245785741214575,0.25870054381010293,0.0,0.13909842603919623,0.0,0.0,0.0,0.0,0.0,0.0,0.0,0.0,0.0,0.0,0.0,0.0,0.0,0.0,0.0,0.0,0.0,0.0,0.0,0.0,0.0,0.0,0.0,0.0,0.36477240489431123,0.0,0.0,0.0,0.0,0.0,0.0,0.0,0.0,0.0,0.0,0.0,0.1998193474737414,0.0,0.0,0.0,0.0,0.0,0.0,0.0,0.0,0.0,0.0,0.0,0.0,0.0,0.0,0.0,0.0,0.22958783695701349,0.0,0.0,0.0,0.0,0.0,0.0,0.0,0.0,0.0,0.0,0.0,0.0,0.0,0.0,0.0,0.0,0.0,0.0,0.0,0.0,0.0,0.0,0.0,0.0,0.0,0.0,0.0
779f51468b459d7e4fa2fb6dafabd1771416f00bdd0ad587b1f3119da41edd5e,0.0,0.0,0.0,0.0,0.0,0.0,0.0,0.0,0.0,0.0,0.0,0.0,0.0,0.0,0.0,0.0,0.0,0.24747184578804993,0.0,0.0,0.0,0.0,0.0,0.0,0.0,0.0,0.0,0.0,0.0,0.0,0.0,0.0,0.0,0.0,0.20675005026168863,0.0,0.0,0.0,0.0,0.0,0.0,0.0,0.2315731036466597,0.21890500823243536,0.0,0.0,0.0,0.0,0.0,0.0,0.0,0.0,0.0,0.0,0.0,0.0,0.0,0.0,0.0,0.0,0.0,0.0,0.0,0.0,0.0,0.0,0.0,0.0,0.0,0.0,0.0,0.0,0.0,0.0,0.0,0.12006259805791343,0.0,0.0,0.0,0.10984792952526193,0.0,0.0,0.0,0.0,0.0,0.0,0.0,0.0,0.2634274845103285,0.0,0.0,0.0,0.0,0.0,0.0,0.0,0.0,0.0,0.0,0.15458725243273652,0.0,0.0,0.0,0.0,0.0,0.0,0.0,0.0,0.0,0.0,0.0,0.0,0.0,0.0,0.0,0.0,0.1578000716765422,0.0,0.16049894096920334,0.1422699421309425,0.0,0.0,0.0,0.0,0.0,0.0,0.0,0.0,0.0,0.0,0.0,0.0,0.0,0.18130865497216142,0.0,0.0,0.0,0.0,0.0,0.5992532706454488,0.0,0.0,0.0,0.0,0.0,0.13069914850595127,0.2704188493194021,0.2926177518585217,0.0,0.0,0.0,0.0,0.0,0.0,0.18968698945679946,0.0,0.0,0.0,0.0,0.0,0.0
427abc2035bd94beb2512e021757f81b9fbac201eb72018296889a8509e56072,0.0,0.0,0.0,0.0,0.0,0.0,0.0,0.0,0.0,0.0,0.0,0.31234149358658725,0.0,0.3924165138189524,0.0,0.0,0.3001742106675942,0.0,0.0,0.0,0.3284009460787521,0.0,0.0,0.40058733962198295,0.0,0.0,0.0,0.0,0.0,0.471205836261434,0.0,0.0,0.0,0.0,0.19019895321661914,0.0,0.0,0.0,0.0,0.0,0.0,0.0,0.0,0.0,0.0,0.0,0.0,0.0,0.0,0.0,0.0,0.0,0.0,0.0,0.0,0.0,0.0,0.0,0.0,0.0,0.0,0.0,0.0,0.0,0.0,0.0,0.0,0.0,0.0,0.0,0.0,0.0,0.0,0.0,0.0,0.11045114834157968,0.0,0.0,0.0,0.10105420135217881,0.0,0.0,0.0,0.0,0.0,0.0,0.0,0.0,0.0,0.0,0.0,0.0,0.0,0.0,0.0,0.0,0.0,0.0,0.0,0.14221197797110322,0.0,0.0,0.15580083000962164,0.0,0.0,0.0,0.0,0.0,0.0,0.0,0.0,0.0,0.0,0.0,0.0,0.0,0.0,0.0,0.0,0.0,0.0,0.0,0.0,0.0,0.0,0.0,0.0,0.0,0.0,0.0,0.0,0.0,0.0,0.0,0.0,0.0,0.0,0.0,0.0,0.0,0.0,0.0,0.22461797897058158,0.0,0.0,0.12023620405736753,0.0,0.0,0.0,0.0,0.0,0.0,0.0,0.0,0.0,0.0,0.0,0.0,0.0,0.0,0.0
850a0905c028d2db812c6aa8ec5fc3c0c604eded967cacd69df74a02e61378b8,0.0,0.0,0.0,0.0,0.0,0.0,0.30532993936270836,0.0,0.0,0.0,0.0,0.0,0.11475391792345467,0.0,0.0,0.0,0.29615215977231035,0.22461038024732236,0.0,0.0,0.0,0.0,0.0,0.0,0.0,0.30259929746087894,0.0,0.0,0.0,0.0,0.0,0.0,0.0,0.0,0.0,0.0,0.0,0.0,0.0,0.0,0.0,0.0,0.0,0.0,0.0,0.0,0.0,0.0,0.0,0.2794275934351466,0.0,0.0,0.0,0.0,0.0,0.0,0.0,0.0,0.0,0.0,0.1665180166472941,0.3039530473412019,0.0,0.0,0.0,0.0,0.0,0.0,0.0,0.0,0.0,0.0,0.0,0.0,0.0,0.10897120727973969,0.0,0.0,0.0,0.0,0.0,0.0,0.0,0.0,0.0,0.0,0.0,0.0,0.23909203600532436,0.0,0.0,0.0,0.0,0.0,0.0,0.0,0.0,0.0,0.0,0.1403064717917194,0.0,0.0,0.15371324604818637,0.0,0.0,0.0,0.0,0.0,0.0,0.0,0.0,0.0,0.0,0.0,0.2304227926510083,0.2622637400310567,0.14322249058051997,0.13262959690604045,0.14567203814877797,0.12912703543321055,0.15413717451012926,0.0,0.0,0.0,0.0,0.0,0.0,0.0,0.0,0.0,0.0,0.0,0.2937111783690641,0.0,0.0,0.0,0.0,0.0,0.0,0.0,0.0,0.0,0.0,0.17709663540426432,0.0,0.11862515249134878,0.0,0.0,0.0,0.0,0.0,0.0,0.0,0.0,0.0,0.0,0.0,0.0,0.0,0.0,0.0
4b402fc22d549d386739470a310d2b3df617cea9667d950fe26fd58f49cd89e4,0.0,0.0,0.0,0.0,0.0,0.34078882270390165,0.0,0.0,0.0,0.0,0.0,0.0,0.0,0.0,0.0,0.0,0.0,0.0,0.0,0.0,0.0,0.0,0.0,0.0,0.0,0.0,0.25879269260716675,0.0,0.0,0.0,0.0,0.0,0.0,0.0,0.0,0.0,0.0,0.0,0.0,0.0,0.0,0.0,0.0,0.0,0.23908641518874785,0.0,0.0,0.0,0.0,0.0,0.0,0.0,0.0,0.0,0.0,0.0,0.0,0.0,0.23802489233399818,0.0,0.0,0.0,0.0,0.0,0.0,0.0,0.0,0.0,0.0,0.0,0.0,0.0,0.0,0.0,0.0,0.11704371490055214,0.0,0.1991624050310689,0.0,0.10708588647706081,0.48002616867871095,0.0,0.0,0.0,0.0,0.0,0.0,0.0,0.0,0.0,0.0,0.0,0.0,0.0,0.0,0.0,0.0,0.0,0.0,0.15070027297151548,0.0,0.0,0.1651002112945052,0.0,0.0,0.0,0.0,0.0,0.0,0.0,0.0,0.0,0.0,0.0,0.0,0.0,0.1538323083070961,0.0,0.1564633165740646,0.13869267211475728,0.0,0.0,0.0,0.0,0.0,0.0,0.22349141911161466,0.0,0.0,0.0,0.0,0.0,0.0,0.17674978606849778,0.0,0.0,0.0,0.0,0.0,0.0,0.0,0.0,0.0,0.0,0.0,0.12741281733797374,0.0,0.0,0.439364731894405,0.0,0.0,0.0,0.0,0.0,0.0,0.0,0.0,0.0,0.0,0.0,0.0
788d3574c61374d134c87d8bf84a1b4c55349c41f96317d7b819eab013f80b61,0.0,0.20479225350042124,0.0,0.0,0.0,0.0,0.0,0.0,0.0,0.0,0.0,0.25712467074885836,0.09575028186159161,0.0,0.0,0.0,0.0,0.0,0.0,0.0,0.0,0.0,0.3140694380442706,0.0,0.341319732547643,0.0,0.0,0.0,0.0,0.0,0.0,0.0,0.0,0.0,0.0,0.0,0.0,0.0,0.0,0.0,0.0,0.0,0.0,0.16578004843700153,0.18573386838798595,0.0,0.0,0.0,0.0,0.0,0.0,0.0,0.0,0.0,0.0,0.0,0.2947350464014754,0.0,0.0,0.0,0.0,0.0,0.0,0.0,0.0,0.0,0.0,0.0,0.0,0.0,0.0,0.0,0.0,0.0,0.28681914354089827,0.09092520761507157,0.1941181180615508,0.1547189701040623,0.0,0.0831894858159941,0.0,0.0,0.0,0.0,0.0,0.0,0.0,0.0,0.0,0.0,0.0,0.0,0.0,0.0,0.0,0.0,0.0,0.0,0.0,0.11707124657847273,0.0,0.0,0.12825781377496465,0.0,0.0,0.0,0.15316795906166483,0.0,0.0,0.0,0.0,0.0,0.0,0.0,0.0,0.0,0.11950436281531962,0.11066568808058992,0.0,0.10774316260756232,0.1286115382530017,0.0,0.0,0.0,0.0,0.0,0.17361892264079765,0.0,0.0,0.0,0.0,0.0,0.0,0.1373077658023125,0.0,0.0,0.0,0.0,0.0,0.0,0.0,0.0,0.18490922619307384,0.0,0.0,0.09898042692099995,0.20479225350042124,0.0,0.0,0.0,0.0,0.0,0.0,0.0,0.0,0.341319732547643,0.0,0.0,0.0,0.0,0.0
1136cc54d8c5c563ebc7f940ed46f4ed6e95057278a94923dc0fd1f80000d7b0,0.0,0.0,0.0,0.0,0.0,0.0,0.3133360987904602,0.0,0.0,0.0,0.0,0.0,0.11776291914938078,0.0,0.0,0.0,0.30391766554275346,0.0,0.0,0.0,0.0,0.0,0.0,0.0,0.0,0.3105338558053837,0.0,0.0,0.0,0.0,0.0,0.0,0.0,0.0,0.0,0.0,0.0,0.0,0.0,0.0,0.0,0.0,0.0,0.0,0.0,0.0,0.0,0.0,0.0,0.28675455870499283,0.0,0.0,0.0,0.0,0.0,0.0,0.0,0.0,0.0,0.0,0.17088434178283074,0.3119231028183815,0.0,0.0,0.0,0.0,0.0,0.0,0.0,0.0,0.0,0.0,0.0,0.0,0.0,0.11182857809747598,0.0,0.0,0.0,0.0,0.0,0.0,0.0,0.0,0.0,0.0,0.0,0.0,0.24536134900541795,0.0,0.0,0.0,0.0,0.0,0.0,0.0,0.0,0.0,0.0,0.14398549515986497,0.0,0.0,0.15774381297060372,0.0,0.0,0.0,0.0,0.0,0.0,0.0,0.0,0.0,0.0,0.0,0.23646478649413516,0.26914064610580885,0.14697797586185424,0.13610732234588613,0.14949175384393365,0.13251291902611678,0.15817885740387705,0.0,0.0,0.0,0.0,0.0,0.0,0.0,0.0,0.0,0.0,0.0,0.30141267834199076,0.0,0.0,0.0,0.0,0.0,0.0,0.0,0.0,0.0,0.0,0.18174034607385794,0.0,0.1217356626659141,0.0,0.0,0.0,0.0,0.0,0.0,0.0,0.0,0.0,0.0,0.0,0.0,0.0,0.0,0.0
8900cf88a91fa4fbe871385c8747c7097537f1b5f4a003418d84c01dc383dd75,0.0,0.0,0.0,0.0,0.0,0.5214026097295352,0.0,0.0,0.0,0.0,0.0,0.0,0.18857829971095158,0.6362283185711541,0.0,0.0,0.0,0.0,0.0,0.0,0.0,0.0,0.0,0.0,0.0,0.0,0.0,0.0,0.0,0.0,0.0,0.0,0.0,0.0,0.0,0.0,0.0,0.0,0.0,0.0,0.0,0.0,0.0,0.0,0.0,0.0,0.0,0.3939131556661775,0.0,0.0,0.0,0.0,0.0,0.0,0.0,0.0,0.0,0.0,0.0,0.0,0.0,0.0,0.0,0.0,0.3641750896019555,0.0,0.0,0.0,0.0,0.0,0.0,0.0,0.0,0.0,0.0,0.0,0.0,0.0,0.0,0.0,0.0,0.0,0.0,0.0,0.0,0.0,0.0,0.0,0.0,0.0,0.0,0.0,0.0,0.0,0.0,0.0,0.0,0.0,0.0,0.0,0.0,0.0,0.0,0.0,0.0,0.0,0.0,0.0,0.0,0.0,0.0,0.0,0.0,0.0,0.0,0.0,0.0,0.0,0.0,0.0,0.0,0.0,0.0,0.0,0.0,0.0,0.0,0.0,0.0,0.0,0.0,0.0,0.0,0.0,0.0,0.0,0.0,0.0,0.0,0.0,0.0,0.0,0.0,0.0,0.0,0.0,0.0,0.0,0.0,0.0,0.0,0.0,0.0,0.0,0.0,0.0,0.0,0.0,0.0,0.0,0.0
626e1458922127b621d2f25c7fea6aae5a6db80ce562be768f23386fcd8c0b00,0.0,0.22473315037055597,0.0,0.0,0.0,0.0,0.0,0.0,0.0,0.0,0.1613850100267943,0.28216124539722415,0.10507361545088875,0.0,0.0,0.0,0.0,0.0,0.0,0.0,0.0,0.15361450554477105,0.0,0.0,0.0,0.0,0.0,0.0,0.0,0.0,0.0,0.0,0.0,0.0,0.0,0.0,0.0,0.0,0.0,0.0,0.0,0.3033782527308271,0.0,0.18192227448561227,0.20381902469400018,0.0,0.0,0.0,0.0,0.0,0.0,0.0,0.0,0.0,0.0,0.293530101567165,0.32343379385821996,0.0,0.0,0.0,0.0,0.0,0.0,0.0,0.0,0.0,0.0,0.0,0.0,0.0,0.0,0.0,0.0,0.0,0.0,0.09977871724229975,0.0,0.0,0.0,0.09128975781838634,0.0,0.0,0.0,0.0,0.0,0.0,0.0,0.0,0.0,0.0,0.0,0.0,0.0,0.0,0.0,0.0,0.0,0.0,0.0,0.12847063114784385,0.0,0.0,0.14074644942187037,0.0,0.0,0.0,0.16808212902293923,0.0,0.0,0.0,0.0,0.0,0.0,0.3051554852299447,0.0,0.0,0.13114066318166404,0.12144135481289141,0.13338357413297017,0.11823425910802218,0.14113461652757728,0.0,0.0,0.0,0.16587217851674144,0.0,0.19052443040248127,0.0,0.0,0.0,0.0,0.0,0.0,0.0,0.0,0.0,0.0,0.0,0.0,0.0,0.0,0.0,0.20291408598062885,0.0,0.0,0.10861828407456416,0.22473315037055597,0.0,0.0,0.0,0.0,0.0,0.0,0.0,0.15764047081859403,0.0,0.0,0.0,0.0,0.0,0.0
904ee8689f2ebad91eda611b4dc831076af8ca848a0e3758b03e21f1f05ffb26,0.0,0.0,0.0,0.0,0.0,0.0,0.31216528646492603,0.0,0.0,0.0,0.0,0.0,0.11732288597808893,0.0,0.0,0.0,0.30278204615469506,0.22963867820904876,0.0,0.0,0.0,0.0,0.0,0.0,0.0,0.3093735143468793,0.0,0.0,0.0,0.0,0.0,0.0,0.0,0.0,0.0,0.0,0.0,0.0,0.0,0.0,0.0,0.0,0.0,0.0,0.0,0.0,0.0,0.0,0.0,0.2856830710180301,0.0,0.0,0.0,0.0,0.0,0.0,0.0,0.0,0.0,0.0,0.17024581499203817,0.3107575702965674,0.0,0.0,0.0,0.0,0.0,0.0,0.0,0.0,0.0,0.0,0.0,0.0,0.0,0.11141071919743571,0.0,0.0,0.0,0.0,0.0,0.0,0.0,0.0,0.0,0.0,0.0,0.0,0.2444445312728485,0.0,0.0,0.0,0.0,0.0,0.0,0.0,0.0,0.0,0.0,0.0,0.0,0.0,0.0,0.0,0.0,0.0,0.0,0.0,0.0,0.0,0.0,0.0,0.0,0.0,0.2355812116757505,0.2681349746016977,0.14642877764822546,0.13559874343904083,0.1489331626422118,0.13201777097427345,0.15758780595272834,0.0,0.0,0.0,0.0,0.0,0.0,0.0,0.0,0.0,0.0,0.0,0.3002864190943735,0.0,0.0,0.0,0.0,0.0,0.0,0.0,0.0,0.0,0.0,0.18106125471460663,0.0,0.12128078493284562,0.0,0.0,0.0,0.0,0.0,0.0,0.0,0.0,0.0,0.0,0.0,0.0,0.0,0.0,0.0
e80fa82616da921b5f368edb0dea27f5a5ade7a3eb55ca89b32438c1900d7d34,0.0,0.0,0.0,0.0,0.0,0.0,0.0,0.0,0.0,0.0,0.1770229520212319,0.0,0.11525507594275249,0.0,0.0,0.0,0.0,0.0,0.0,0.0,0.0,0.16849949843732354,0.0,0.0,0.0,0.0,0.0,0.0,0.0,0.0,0.0,0.0,0.5462695308546015,0.0,0.0,0.0,0.0,0.0,0.0,0.0,0.0,0.0,0.0,0.0,0.0,0.0,0.0,0.0,0.0,0.0,0.0,0.0,0.0,0.0,0.0,0.0,0.0,0.0,0.2225761271199674,0.0,0.0,0.0,0.0,0.0,0.0,0.0,0.0,0.0,0.0,0.0,0.0,0.0,0.0,0.0,0.0,0.10944711080781996,0.0,0.0,0.0,0.10013558518000538,0.0,0.0,0.0,0.0,0.0,0.0,0.0,0.0,0.0,0.0,0.0,0.0,0.0,0.0,0.0,0.0,0.0,0.0,0.0,0.0,0.0,0.0,0.0,0.0,0.2625960570633412,0.0,0.18436901083139162,0.0,0.0,0.0,0.0,0.0,0.0,0.33472454977018945,0.0,0.0,0.14384797771853744,0.1332088223241219,0.0,0.1296909643210998,0.15481032870368963,0.0,0.0,0.0,0.18194491975649563,0.0,0.20898593429718995,0.0,0.0,0.0,0.0,0.0,0.0,0.0,0.0,0.0,0.0,0.0,0.0,0.0,0.0,0.0,0.2225761271199674,0.17787005909758613,0.0,0.11914321712510813,0.24650942295707745,0.0,0.0,0.0,0.0,0.0,0.0,0.0,0.1729155731234966,0.0,0.0,0.0,0.0,0.0,0.0
bf4afdbcf434c5c54b8936ab45a120d6c6f3a73fd60399bd74349d289e6f543f,0.0,0.0,0.0,0.0,0.0,0.0,0.0,0.0,0.0,0.0,0.0,0.0,0.0,0.0,0.0,0.0,0.0,0.0,0.0,0.0,0.0,0.0,0.0,0.0,0.0,0.0,0.3831453230790484,0.0,0.0,0.0,0.0,0.0,0.0,0.0,0.0,0.0,0.0,0.0,0.0,0.0,0.0,0.0,0.3342258191793051,0.0,0.3539699705909219,0.0,0.0,0.0,0.0,0.0,0.0,0.0,0.0,0.0,0.0,0.0,0.0,0.0,0.352398374758592,0.0,0.0,0.0,0.0,0.0,0.0,0.0,0.0,0.0,0.0,0.0,0.0,0.0,0.0,0.0,0.0,0.0,0.0,0.2948620505937577,0.0,0.15854178940724672,0.0,0.0,0.0,0.0,0.0,0.0,0.0,0.0,0.0,0.0,0.0,0.0,0.0,0.0,0.0,0.0,0.0,0.0,0.0,0.2231133506672015,0.0,0.0,0.24443261190868942,0.0,0.0,0.0,0.0,0.0,0.0,0.0,0.0,0.0,0.0,0.0,0.0,0.0,0.0,0.0,0.0,0.2053359703891176,0.0,0.0,0.0,0.0,0.0,0.0,0.0,0.0,0.0,0.0,0.0,0.0,0.0,0.26167993077827684,0.0,0.0,0.0,0.0,0.0,0.0,0.0,0.0,0.352398374758592,0.0,0.0,0.18863602589224662,0.0,0.0,0.0,0.0,0.0,0.0,0.0,0.0,0.0,0.0,0.0,0.0,0.0,0.0,0.0
3024777c3eeadf89d0f8bd36fa667a20cb569894e9cb070c37cf2d3f50eff872,0.0,0.0,0.0,0.0,0.0,0.0,0.0,0.0,0.0,0.0,0.2401491517017114,0.0,0.15635491556851125,0.0,0.0,0.0,0.0,0.30603693254993697,0.0,0.0,0.0,0.2285862434778162,0.0,0.0,0.0,0.0,0.0,0.0,0.0,0.0,0.0,0.0,0.0,0.0,0.0,0.0,0.0,0.0,0.0,0.0,0.0,0.0,0.2863756969016577,0.0,0.0,0.0,0.0,0.3266031048636833,0.0,0.0,0.0,0.0,0.0,0.0,0.0,0.0,0.0,0.0,0.0,0.0,0.0,0.0,0.0,0.0,0.3019465414321051,0.0,0.0,0.0,0.0,0.0,0.0,0.0,0.0,0.0,0.0,0.14847583613648443,0.3169841526284522,0.25264752267190416,0.0,0.1358438302014562,0.0,0.0,0.0,0.0,0.0,0.0,0.0,0.0,0.0,0.0,0.0,0.0,0.0,0.0,0.0,0.0,0.0,0.0,0.0,0.0,0.0,0.0,0.0,0.0,0.3562375365676423,0.0,0.0,0.0,0.0,0.0,0.0,0.0,0.0,0.0,0.0,0.0,0.19514401623451724,0.18071094914565108,0.19848158248189807,0.0,0.0,0.0,0.0,0.0,0.0,0.0,0.0,0.0,0.0,0.0,0.0,0.0,0.0,0.22421598883598967,0.0,0.0,0.0,0.0,0.0,0.0,0.0,0.0,0.0,0.0,0.0,0.0,0.0,0.0,0.0,0.0,0.0,0.0,0.0,0.0,0.0,0.0,0.0,0.0,0.0,0.0,0.0
4bef307f6ffd4f7335adc9a72258c1c196ff2f55b5d422e12505ffcd916b993a,0.0,0.0,0.0,0.0,0.0,0.0,0.0,0.0,0.0,0.0,0.0,0.0,0.0,0.0,0.0,0.0,0.0,0.0,0.0,0.0,0.0,0.0,0.0,0.0,0.0,0.0,0.44431086668828307,0.0,0.0,0.0,0.0,0.0,0.0,0.0,0.3460357029622187,0.0,0.0,0.0,0.0,0.0,0.0,0.0,0.0,0.0,0.41047794385429814,0.0,0.0,0.0,0.0,0.0,0.0,0.0,0.0,0.0,0.0,0.0,0.0,0.0,0.40865545754353055,0.0,0.0,0.0,0.0,0.0,0.0,0.0,0.0,0.0,0.0,0.0,0.0,0.0,0.0,0.0,0.0,0.0,0.0,0.3419340009163247,0.0,0.18385149345359977,0.0,0.0,0.0,0.0,0.0,0.0,0.0,0.0,0.0,0.0,0.0,0.0,0.0,0.0,0.0,0.0,0.0,0.0,0.0,0.0,0.0,0.0,0.0,0.0,0.0,0.0,0.0,0.0,0.0,0.0,0.0,0.0,0.0,0.0,0.0,0.0,0.0,0.0,0.0,0.23811592487335617,0.0,0.0,0.0,0.0,0.0,0.0,0.0,0.0,0.0,0.0,0.0,0.0,0.0,0.3034546680739164,0.0,0.0,0.0,0.0,0.0,0.0,0.0,0.0,0.0,0.0,0.0,0.2187499914634888,0.0,0.0,0.0,0.0,0.0,0.0,0.0,0.0,0.0,0.0,0.0,0.0,0.0,0.0,0.0
925aff03ab009c8e7935cfa389fc7a34482184cc310a8d8f88a25d9a89711e86,0.0,0.0,0.0,0.0,0.0,0.0,0.0,0.0,0.0,0.0,0.0,0.0,0.0,0.0,0.0,0.0,0.0,0.0,0.0,0.0,0.4321596036123264,0.0,0.0,0.5271533714206722,0.0,0.0,0.0,0.0,0.0,0.6200838634908293,0.0,0.0,0.0,0.0,0.250292531769572,0.0,0.0,0.0,0.0,0.0,0.0,0.0,0.0,0.0,0.0,0.0,0.0,0.0,0.0,0.0,0.0,0.0,0.0,0.0,0.0,0.0,0.0,0.0,0.0,0.0,0.0,0.0,0.0,0.0,0.0,0.0,0.0,0.0,0.0,0.0,0.0,0.0,0.0,0.0,0.0,0.14534831600143094,0.0,0.0,0.0,0.0,0.0,0.0,0.0,0.0,0.0,0.0,0.0,0.0,0.0,0.0,0.0,0.0,0.0,0.0,0.0,0.0,0.0,0.0,0.0,0.0,0.0,0.0,0.20502628187704217,0.0,0.0,0.0,0.0,0.0,0.0,0.0,0.0,0.0,0.0,0.0,0.0,0.0,0.0,0.0,0.0,0.0,0.0,0.0,0.0,0.0,0.0,0.0,0.0,0.0,0.0,0.0,0.0,0.0,0.0,0.0,0.0,0.0,0.0,0.0,0.0,0.0,0.0,0.0,0.0,0.0,0.0,0.1582249713520076,0.0,0.0,0.0,0.0,0.0,0.0,0.0,0.0,0.0,0.0,0.0,0.0,0.0,0.0,0.0
01383cd292942f754d098b5a36acf8f47223a8980a1a91f0afcad5a29bac92e0,0.0,0.0,0.0,0.0,0.0,0.0,0.0,0.0,0.0,0.0,0.0,0.0,0.2390429936472249,0.0,0.0,0.0,0.0,0.0,0.0,0.0,0.0,0.0,0.0,0.0,0.0,0.0,0.0,0.0,0.0,0.0,0.0,0.0,0.0,0.0,0.0,0.0,0.0,0.0,0.0,0.0,0.0,0.0,0.0,0.0,0.0,0.0,0.0,0.4993266993699592,0.0,0.0,0.0,0.0,0.0,0.0,0.0,0.0,0.0,0.0,0.0,0.0,0.0,0.0,0.0,0.0,0.46163054690614663,0.0,0.0,0.3908932276781991,0.0,0.0,0.0,0.0,0.0,0.0,0.0,0.0,0.0,0.0,0.0,0.0,0.0,0.0,0.0,0.0,0.0,0.0,0.0,0.0,0.0,0.0,0.0,0.0,0.0,0.0,0.0,0.0,0.0,0.0,0.0,0.0,0.0,0.0,0.3201988669624392,0.0,0.0,0.0,0.0,0.0,0.0,0.0,0.0,0.0,0.0,0.0,0.0,0.0,0.29834565586523965,0.0,0.0,0.0,0.0,0.0,0.0,0.0,0.0,0.0,0.0,0.0,0.0,0.0,0.0,0.0,0.0,0.0,0.0,0.0,0.0,0.0,0.0,0.0,0.0,0.0,0.0,0.3689086234086115,0.0,0.0,0.0,0.0,0.0,0.0,0.0,0.0,0.0,0.0,0.0,0.0,0.0,0.0,0.0,0.0,0.0
803d0d4e9536f1996f54a384ea56848f2397ae0decc63f5c6a38eed6b1d83038,0.0,0.0,0.0,0.0,0.0,0.0,0.0,0.0,0.0,0.0,0.0,0.0,0.17290276910219332,0.0,0.0,0.0,0.0,0.33842641207042345,0.0,0.0,0.0,0.0,0.0,0.0,0.0,0.0,0.0,0.0,0.0,0.0,0.0,0.0,0.0,0.0,0.0,0.0,0.0,0.0,0.0,0.0,0.0,0.0,0.0,0.0,0.0,0.0,0.0,0.3611692093144377,0.0,0.0,0.0,0.0,0.0,0.0,0.0,0.0,0.0,0.0,0.0,0.0,0.0,0.0,0.0,0.0,0.0,0.0,0.0,0.0,0.0,0.0,0.0,0.0,0.0,0.0,0.0,0.0,0.0,0.0,0.0,0.15022088894281113,0.0,0.0,0.0,0.0,0.0,0.0,0.0,0.0,0.0,0.0,0.0,0.0,0.0,0.0,0.0,0.0,0.0,0.0,0.0,0.0,0.0,0.0,0.0,0.0,0.0,0.0,0.0,0.0,0.0,0.0,0.0,0.0,0.0,0.0,0.0,0.0,0.0,0.0,0.0,0.19455912614026594,0.23224256545355115,0.0,0.0,0.0,0.0,0.0,0.0,0.0,0.4805129532526298,0.0,0.0,0.0,0.0,0.0,0.0,0.0,0.0,0.0,0.0,0.0,0.0,0.0,0.0,0.0,0.0,0.0,0.0,0.0,0.6163441585687935,0.0,0.0,0.0,0.0,0.0,0.0,0.0,0.0,0.0,0.0,0.0,0.0
4d2f6e63d4fd2ff4c068535d0d8b1ceafb75eecb0c31cea637dfb1727cb695cf,0.0,0.0,0.0,0.0,0.0,0.42073249848617944,0.0,0.0,0.0,0.0,0.0,0.0,0.15216843513464656,0.0,0.0,0.0,0.0,0.29784264185238046,0.0,0.0,0.0,0.0,0.0,0.0,0.0,0.0,0.0,0.0,0.0,0.0,0.0,0.0,0.0,0.0,0.0,0.0,0.0,0.0,0.0,0.0,0.0,0.0,0.2787078455427548,0.26346126671114856,0.0,0.0,0.0,0.3178581446993056,0.0,0.0,0.0,0.0,0.0,0.0,0.0,0.0,0.0,0.0,0.0,0.0,0.22080976818452266,0.0,0.0,0.0,0.0,0.0,0.0,0.0,0.0,0.0,0.0,0.0,0.0,0.0,0.0,0.1445003219633165,0.3084967446822485,0.24588275991094796,0.0,0.1322065442540858,0.0,0.0,0.0,0.0,0.0,0.0,0.0,0.0,0.0,0.0,0.0,0.0,0.0,0.0,0.0,0.0,0.0,0.0,0.0,0.0,0.0,0.0,0.20383011346263277,0.0,0.0,0.0,0.0,0.0,0.0,0.0,0.0,0.0,0.0,0.0,0.0,0.0,0.18991893838658988,0.0,0.1931671396418911,0.0,0.0,0.0,0.0,0.0,0.24021739167302816,0.0,0.0,0.0,0.0,0.0,0.0,0.0,0.0,0.2182124944987094,0.0,0.0,0.0,0.0,0.0,0.0,0.0,0.0,0.0,0.0,0.0,0.0,0.0,0.0,0.0,0.0,0.0,0.0,0.0,0.0,0.0,0.0,0.0,0.0,0.0,0.0,0.0
9619da7917e44d03da1632592c37e14d5bdaa697cd168fbb94460d0d7528b25b,0.0,0.22024469494953106,0.0,0.0,0.0,0.0,0.0,0.0,0.0,0.0,0.15816176760825243,0.2765258143563738,0.10297504548869317,0.0,0.0,0.0,0.0,0.0,0.0,0.0,0.0,0.15054645857874221,0.0,0.0,0.0,0.0,0.0,0.0,0.0,0.0,0.0,0.0,0.0,0.0,0.0,0.0,0.0,0.0,0.0,0.0,0.0,0.29731906760017107,0.0,0.17828885405888062,0.19974827409584694,0.0,0.0,0.0,0.0,0.0,0.0,0.0,0.0,0.0,0.0,0.2876676074338307,0.3169740518798252,0.0,0.1988614091604965,0.0,0.0,0.0,0.0,0.0,0.0,0.0,0.0,0.0,0.0,0.0,0.0,0.0,0.0,0.0,0.0,0.09778589898842549,0.0,0.0,0.0,0.08946648427067715,0.0,0.0,0.0,0.0,0.0,0.0,0.0,0.0,0.0,0.0,0.0,0.0,0.0,0.0,0.0,0.0,0.0,0.0,0.0,0.12590476714483745,0.0,0.0,0.13793540813643493,0.0,0.0,0.0,0.16472512921251312,0.0,0.0,0.0,0.0,0.0,0.0,0.2990608045400802,0.0,0.0,0.1285214722896929,0.1190158821736846,0.1307195869757321,0.11587283979641093,0.1383158226219921,0.0,0.0,0.0,0.16255931667311455,0.0,0.18671920446644266,0.0,0.0,0.0,0.0,0.0,0.0,0.0,0.0,0.0,0.0,0.0,0.0,0.0,0.0,0.0,0.1988614091604965,0.0,0.0,0.10644891865084703,0.22024469494953106,0.0,0.0,0.0,0.0,0.0,0.0,0.0,0.1544920157524324,0.0,0.0,0.0,0.0,0.0,0.0
385a1d06223e4d1469f1b9b7438d7219f57dbb13042750b16df81c72bcc664bd,0.0,0.0,0.0,0.0,0.0,0.0,0.0,0.0,0.39397314910065434,0.0,0.0,0.0,0.08682160185853191,0.0,0.0,0.0,0.0,0.16993784055490316,0.0,0.0,0.0,0.0,0.0,0.0,0.0,0.0,0.0,0.0,0.0,0.0,0.0,0.0,0.0,0.0,0.14197436061547192,0.0,0.0,0.0,0.0,0.0,0.0,0.2506793523579106,0.15902024345029725,0.1503211174071653,0.0,0.0,0.0,0.1813579357779129,0.0,0.0,0.0,0.0,0.0,0.0,0.0,0.0,0.0,0.0,0.0,0.0,0.0,0.0,0.0,0.0,0.1676665060862247,0.0,0.0,0.14197436061547192,0.0,0.0,0.0,0.0,0.0,0.0,0.0,0.0,0.0,0.0,0.0,0.07543209561275928,0.0,0.0,0.0,0.0,0.0,0.0,0.0,0.0,0.0,0.0,0.0,0.0,0.0,0.0,0.0,0.0,0.0,0.0,0.0,0.10615439413756333,0.0,0.0,0.0,0.0,0.0,0.0,0.13888510091655545,0.36926393494586474,0.0,0.0,0.0,0.0,0.0,0.0,0.0,0.0,0.0,0.10034615170973812,0.11021392495296269,0.09769615070600843,0.1166185576848374,0.0,0.0,0.0,0.0,0.0,0.15742901935699868,0.38037468726898366,0.0,0.0,0.0,0.0,0.0,0.12450386508318899,0.0,0.0,0.0,0.0,0.0,0.0,0.0,0.0,0.0,0.0,0.0,0.08975053703074001,0.18569544811185953,0.20093933797001207,0.0,0.0,0.0,0.0,0.0,0.0,0.13025723094681732,0.0,0.30579729796313404,0.0,0.0,0.0,0.0
9718cae859c4a5d43ef196aa1c7860278152e8a2faeb8863d61ddc7d3ca59076,0.0,0.0,0.0,0.0,0.0,0.0,0.0,0.0,0.0,0.0,0.20036923286569372,0.0,0.1304552369443979,0.0,0.0,0.0,0.0,0.0,0.0,0.0,0.0,0.19072168244088084,0.0,0.0,0.0,0.0,0.0,0.0,0.0,0.0,0.0,0.0,0.0,0.0,0.21332592877403475,0.0,0.0,0.0,0.0,0.0,0.0,0.0,0.23893850256375757,0.0,0.0,0.0,0.0,0.27250237241884706,0.0,0.0,0.0,0.0,0.0,0.0,0.0,0.0,0.0,0.0,0.25193008779955295,0.0,0.0,0.0,0.0,0.0,0.0,0.0,0.0,0.0,0.0,0.0,0.0,0.0,0.0,0.0,0.0,0.12388130116200541,0.0,0.0,0.0,0.11334174555324639,0.0,0.0,0.0,0.0,0.0,0.0,0.0,0.0,0.0,0.0,0.0,0.0,0.0,0.0,0.0,0.0,0.0,0.0,0.0,0.15950404442513694,0.0,0.0,0.17474521391142928,0.48404493752624017,0.29722795776802374,0.0,0.2086841104088127,0.0,0.0,0.0,0.0,0.0,0.0,0.0,0.0,0.0,0.1628190503866854,0.0,0.16560375973871666,0.0,0.0,0.0,0.0,0.0,0.20594032343922683,0.0,0.23654758242776264,0.0,0.0,0.0,0.0,0.0,0.0,0.0,0.0,0.0,0.0,0.0,0.0,0.0,0.0,0.0,0.25193008779955295,0.0,0.0,0.0,0.0,0.0,0.0,0.0,0.0,0.0,0.0,0.0,0.0,0.0,0.0,0.0,0.0,0.0,0.0
5b38402c106d40d97f1fa99681bbf6e9815bba983be035f5a29a1f5e893638aa,0.0,0.0,0.0,0.0,0.0,0.0,0.0,0.0,0.0,0.0,0.0,0.0,0.0,0.0,0.0,0.0,0.0,0.0,0.0,0.0,0.0,0.0,0.0,0.0,0.0,0.0,0.4482213085327083,0.0,0.0,0.0,0.0,0.0,0.0,0.0,0.0,0.0,0.0,0.0,0.0,0.0,0.0,0.0,0.39099298619666856,0.0,0.41409061743085424,0.0,0.0,0.0,0.0,0.0,0.0,0.0,0.0,0.0,0.0,0.0,0.0,0.0,0.412252091164135,0.0,0.0,0.0,0.0,0.0,0.0,0.0,0.0,0.0,0.0,0.0,0.0,0.0,0.0,0.0,0.0,0.0,0.0,0.34494340970072207,0.0,0.18546959606387292,0.0,0.0,0.0,0.0,0.0,0.0,0.0,0.0,0.0,0.0,0.0,0.0,0.0,0.0,0.0,0.0,0.0,0.0,0.0,0.0,0.0,0.0,0.0,0.0,0.0,0.0,0.0,0.0,0.0,0.0,0.0,0.0,0.0,0.0,0.0,0.0,0.0,0.0,0.0,0.24021161630532392,0.0,0.0,0.0,0.0,0.0,0.0,0.0,0.0,0.0,0.0,0.0,0.0,0.0,0.3061254148885671,0.0,0.0,0.0,0.0,0.0,0.0,0.0,0.0,0.0,0.0,0.0,0.0,0.0,0.0,0.0,0.0,0.0,0.0,0.0,0.0,0.0,0.0,0.0,0.0,0.0,0.0,0.0
c9db4f661a86286ad47ad92dfb544b702dca8ffe1641e276b42bec4cde7ba9b4,0.0,0.0,0.0,0.0,0.0,0.5214026097295352,0.0,0.0,0.0,0.0,0.0,0.0,0.18857829971095158,0.6362283185711541,0.0,0.0,0.0,0.0,0.0,0.0,0.0,0.0,0.0,0.0,0.0,0.0,0.0,0.0,0.0,0.0,0.0,0.0,0.0,0.0,0.0,0.0,0.0,0.0,0.0,0.0,0.0,0.0,0.0,0.0,0.0,0.0,0.0,0.3939131556661775,0.0,0.0,0.0,0.0,0.0,0.0,0.0,0.0,0.0,0.0,0.0,0.0,0.0,0.0,0.0,0.0,0.3641750896019555,0.0,0.0,0.0,0.0,0.0,0.0,0.0,0.0,0.0,0.0,0.0,0.0,0.0,0.0,0.0,0.0,0.0,0.0,0.0,0.0,0.0,0.0,0.0,0.0,0.0,0.0,0.0,0.0,0.0,0.0,0.0,0.0,0.0,0.0,0.0,0.0,0.0,0.0,0.0,0.0,0.0,0.0,0.0,0.0,0.0,0.0,0.0,0.0,0.0,0.0,0.0,0.0,0.0,0.0,0.0,0.0,0.0,0.0,0.0,0.0,0.0,0.0,0.0,0.0,0.0,0.0,0.0,0.0,0.0,0.0,0.0,0.0,0.0,0.0,0.0,0.0,0.0,0.0,0.0,0.0,0.0,0.0,0.0,0.0,0.0,0.0,0.0,0.0,0.0,0.0,0.0,0.0,0.0,0.0,0.0,0.0
9343339fadfe0f62d6fd46c6131ed9fdf01978d817192984e69a8bbecfb406d2,0.0,0.0,0.0,0.0,0.0,0.6692059403865038,0.0,0.0,0.0,0.0,0.0,0.0,0.0,0.0,0.0,0.0,0.0,0.0,0.0,0.0,0.0,0.0,0.0,0.0,0.0,0.0,0.0,0.0,0.0,0.0,0.0,0.0,0.0,0.0,0.0,0.0,0.0,0.0,0.0,0.0,0.0,0.0,0.0,0.0,0.0,0.0,0.0,0.5055767248747379,0.0,0.0,0.0,0.0,0.0,0.0,0.0,0.0,0.0,0.0,0.0,0.0,0.0,0.0,0.0,0.0,0.0,0.0,0.0,0.0,0.0,0.0,0.0,0.0,0.0,0.0,0.0,0.22983837519931985,0.0,0.0,0.0,0.21028421881156792,0.0,0.0,0.0,0.0,0.0,0.0,0.0,0.0,0.0,0.0,0.0,0.0,0.0,0.0,0.0,0.0,0.0,0.0,0.0,0.0,0.0,0.0,0.3242067661748018,0.0,0.0,0.0,0.0,0.0,0.0,0.0,0.0,0.0,0.0,0.0,0.0,0.0,0.0,0.0,0.307246523149362,0.0,0.0,0.0,0.0,0.0,0.0,0.0,0.0,0.0,0.0,0.0,0.0,0.0,0.0,0.0,0.0,0.0,0.0,0.0,0.0,0.0,0.0,0.0,0.0,0.0,0.0,0.0,0.0,0.0,0.0,0.0,0.0,0.0,0.0,0.0,0.0,0.0,0.0,0.0,0.0,0.0,0.0
029446e73e84a56b1fccd594b300007e29681766bc585607c7eb833e16b3d36b,0.0,0.0,0.0,0.0,0.0,0.0,0.0,0.0,0.0,0.0,0.0,0.0,0.0,0.0,0.0,0.0,0.0,0.0,0.0,0.0,0.0,0.0,0.0,0.0,0.0,0.0,0.3831453230790484,0.0,0.0,0.0,0.0,0.0,0.0,0.0,0.0,0.0,0.0,0.0,0.0,0.0,0.0,0.0,0.3342258191793051,0.0,0.3539699705909219,0.0,0.0,0.0,0.0,0.0,0.0,0.0,0.0,0.0,0.0,0.0,0.0,0.0,0.352398374758592,0.0,0.0,0.0,0.0,0.0,0.0,0.0,0.0,0.0,0.0,0.0,0.0,0.0,0.0,0.0,0.0,0.0,0.0,0.2948620505937577,0.0,0.15854178940724672,0.0,0.0,0.0,0.0,0.0,0.0,0.0,0.0,0.0,0.0,0.0,0.0,0.0,0.0,0.0,0.0,0.0,0.0,0.0,0.2231133506672015,0.0,0.0,0.24443261190868942,0.0,0.0,0.0,0.0,0.0,0.0,0.0,0.0,0.0,0.0,0.0,0.0,0.0,0.0,0.0,0.0,0.2053359703891176,0.0,0.0,0.0,0.0,0.0,0.0,0.0,0.0,0.0,0.0,0.0,0.0,0.0,0.26167993077827684,0.0,0.0,0.0,0.0,0.0,0.0,0.0,0.0,0.352398374758592,0.0,0.0,0.18863602589224662,0.0,0.0,0.0,0.0,0.0,0.0,0.0,0.0,0.0,0.0,0.0,0.0,0.0,0.0,0.0
47877f3c1845e3953521074c3e9edf10872e8c3d2ca495dea935bbc6f3b3bc74,0.0,0.0,0.0,0.0,0.0,0.0,0.30532993936270836,0.0,0.0,0.0,0.0,0.0,0.11475391792345467,0.0,0.0,0.0,0.29615215977231035,0.22461038024732236,0.0,0.0,0.0,0.0,0.0,0.0,0.0,0.30259929746087894,0.0,0.0,0.0,0.0,0.0,0.0,0.0,0.0,0.0,0.0,0.0,0.0,0.0,0.0,0.0,0.0,0.0,0.0,0.0,0.0,0.0,0.0,0.0,0.2794275934351466,0.0,0.0,0.0,0.0,0.0,0.0,0.0,0.0,0.0,0.0,0.1665180166472941,0.3039530473412019,0.0,0.0,0.0,0.0,0.0,0.0,0.0,0.0,0.0,0.0,0.0,0.0,0.0,0.10897120727973969,0.0,0.0,0.0,0.0,0.0,0.0,0.0,0.0,0.0,0.0,0.0,0.0,0.23909203600532436,0.0,0.0,0.0,0.0,0.0,0.0,0.0,0.0,0.0,0.0,0.1403064717917194,0.0,0.0,0.15371324604818637,0.0,0.0,0.0,0.0,0.0,0.0,0.0,0.0,0.0,0.0,0.0,0.2304227926510083,0.2622637400310567,0.14322249058051997,0.13262959690604045,0.14567203814877797,0.12912703543321055,0.15413717451012926,0.0,0.0,0.0,0.0,0.0,0.0,0.0,0.0,0.0,0.0,0.0,0.2937111783690641,0.0,0.0,0.0,0.0,0.0,0.0,0.0,0.0,0.0,0.0,0.17709663540426432,0.0,0.11862515249134878,0.0,0.0,0.0,0.0,0.0,0.0,0.0,0.0,0.0,0.0,0.0,0.0,0.0,0.0,0.0
21054e559ffbfd37f07ce33085fb9c4ed8e9583f66aaee1f68b51ea01ab2e757,0.0,0.0,0.0,0.0,0.0,0.0,0.0,0.0,0.0,0.0,0.15817794478873076,0.0,0.10298557803344673,0.0,0.0,0.0,0.0,0.0,0.0,0.0,0.0,0.15056185684639964,0.0,0.0,0.0,0.0,0.0,0.0,0.0,0.0,0.0,0.0,0.0,0.0,0.0,0.0,0.0,0.4673209388131214,0.0,0.0,0.0,0.0,0.0,0.0,0.0,0.0,0.0,0.0,0.0,0.0,0.0,0.0,0.0,0.0,0.0,0.0,0.0,0.0,0.19888174920192886,0.0,0.0,0.0,0.0,0.0,0.0,0.0,0.0,0.16840637906839726,0.0,0.0,0.0,0.0,0.0,0.0,0.0,0.09779590077431909,0.0,0.0,0.0,0.08947563512606208,0.0,0.39419637732267737,0.0,0.0,0.0,0.0,0.0,0.0,0.0,0.0,0.0,0.0,0.0,0.0,0.0,0.0,0.0,0.0,0.0,0.12591764499877134,0.0,0.0,0.0,0.0,0.0,0.0,0.0,0.0,0.0,0.0,0.0,0.41721611680116444,0.0,0.0,0.0,0.0,0.1285346177867622,0.0,0.0,0.1158846915597686,0.13832996990966728,0.0,0.0,0.0,0.16257594364589073,0.0,0.0,0.0,0.0,0.0,0.0,0.0,0.0,0.0,0.0,0.0,0.0,0.32412230973869866,0.0,0.0,0.0,0.0,0.19888174920192886,0.0,0.0,0.0,0.2202672221268222,0.0,0.0,0.0,0.0,0.0,0.0,0.0,0.15450781758152854,0.0,0.0,0.0,0.0,0.0,0.0
31868f961c44c39835b30bb9f1c830badc2ca50e583a7936f06ce3a32dd11d28,0.0,0.22024469494953106,0.0,0.0,0.0,0.0,0.0,0.0,0.0,0.0,0.15816176760825243,0.2765258143563738,0.10297504548869317,0.0,0.0,0.0,0.0,0.0,0.0,0.0,0.0,0.15054645857874221,0.0,0.0,0.0,0.0,0.0,0.0,0.0,0.0,0.0,0.0,0.0,0.0,0.0,0.0,0.0,0.0,0.0,0.0,0.0,0.29731906760017107,0.0,0.17828885405888062,0.19974827409584694,0.0,0.0,0.0,0.0,0.0,0.0,0.0,0.0,0.0,0.0,0.2876676074338307,0.3169740518798252,0.0,0.1988614091604965,0.0,0.0,0.0,0.0,0.0,0.0,0.0,0.0,0.0,0.0,0.0,0.0,0.0,0.0,0.0,0.0,0.09778589898842549,0.0,0.0,0.0,0.08946648427067715,0.0,0.0,0.0,0.0,0.0,0.0,0.0,0.0,0.0,0.0,0.0,0.0,0.0,0.0,0.0,0.0,0.0,0.0,0.0,0.12590476714483745,0.0,0.0,0.13793540813643493,0.0,0.0,0.0,0.16472512921251312,0.0,0.0,0.0,0.0,0.0,0.0,0.2990608045400802,0.0,0.0,0.1285214722896929,0.1190158821736846,0.1307195869757321,0.11587283979641093,0.1383158226219921,0.0,0.0,0.0,0.16255931667311455,0.0,0.18671920446644266,0.0,0.0,0.0,0.0,0.0,0.0,0.0,0.0,0.0,0.0,0.0,0.0,0.0,0.0,0.0,0.1988614091604965,0.0,0.0,0.10644891865084703,0.22024469494953106,0.0,0.0,0.0,0.0,0.0,0.0,0.0,0.1544920157524324,0.0,0.0,0.0,0.0,0.0,0.0
676675d128267eb409a15bf589b27e042db20bf60aa15c5b4d8af75c0e4bf534,0.0,0.0,0.0,0.0,0.0,0.0,0.30532993936270836,0.0,0.0,0.0,0.0,0.0,0.11475391792345467,0.0,0.0,0.0,0.29615215977231035,0.22461038024732236,0.0,0.0,0.0,0.0,0.0,0.0,0.0,0.30259929746087894,0.0,0.0,0.0,0.0,0.0,0.0,0.0,0.0,0.0,0.0,0.0,0.0,0.0,0.0,0.0,0.0,0.0,0.0,0.0,0.0,0.0,0.0,0.0,0.2794275934351466,0.0,0.0,0.0,0.0,0.0,0.0,0.0,0.0,0.0,0.0,0.1665180166472941,0.3039530473412019,0.0,0.0,0.0,0.0,0.0,0.0,0.0,0.0,0.0,0.0,0.0,0.0,0.0,0.10897120727973969,0.0,0.0,0.0,0.0,0.0,0.0,0.0,0.0,0.0,0.0,0.0,0.0,0.23909203600532436,0.0,0.0,0.0,0.0,0.0,0.0,0.0,0.0,0.0,0.0,0.1403064717917194,0.0,0.0,0.15371324604818637,0.0,0.0,0.0,0.0,0.0,0.0,0.0,0.0,0.0,0.0,0.0,0.2304227926510083,0.2622637400310567,0.14322249058051997,0.13262959690604045,0.14567203814877797,0.12912703543321055,0.15413717451012926,0.0,0.0,0.0,0.0,0.0,0.0,0.0,0.0,0.0,0.0,0.0,0.2937111783690641,0.0,0.0,0.0,0.0,0.0,0.0,0.0,0.0,0.0,0.0,0.17709663540426432,0.0,0.11862515249134878,0.0,0.0,0.0,0.0,0.0,0.0,0.0,0.0,0.0,0.0,0.0,0.0,0.0,0.0,0.0
d7ba3b1d6fe9230a53606857508d0e79682e71fbd9200e70360700d831d8fef3,0.0,0.0,0.0,0.0,0.0,0.0,0.0,0.0,0.0,0.0,0.132040428878791,0.0,0.08596811590913589,0.0,0.0,0.0,0.0,0.0,0.0,0.0,0.0,0.12568283256770504,0.0,0.0,0.0,0.0,0.0,0.0,0.0,0.0,0.0,0.0,0.0,0.0,0.0,0.0,0.3656339445592728,0.0,0.0,0.0,0.0,0.0,0.0,0.1488434095688145,0.0,0.0,0.0,0.0,0.21164003296124,0.0,0.0,0.0,0.0,0.0,0.0,0.0,0.0,0.0,0.16601828716298844,0.0,0.0,0.0,0.0,0.0,0.16601828716298844,0.0,0.0,0.14057870424233532,0.0,0.0,0.0,0.0,0.0,0.0,0.0,0.08163598722992611,0.0,0.0,0.0,0.07469057239318208,0.0,0.0,0.0,0.0,0.0,0.0,0.0,0.0,0.0,0.0,0.0,0.0,0.0,0.0,0.0,0.0,0.0,0.0,0.0,0.0,0.0,0.0,0.11515457068624492,0.0,0.0,0.0,0.0,0.0,0.0,0.0,0.0,0.34827481840878177,0.43192569901910605,0.0,0.0,0.0,0.0,0.09935971482390674,0.10913048449158519,0.09673576423360127,0.11547215749995005,0.0,0.0,0.0,0.13571169705769837,0.0,0.0,0.0,0.2389134279084213,0.0,0.0,0.0,0.0,0.12327994963796207,0.0,0.0,0.0,0.2705639452089477,0.0,0.0,0.0,0.0,0.0,0.0,0.0,0.0,0.18386999854127326,0.0,0.0,0.0,0.0,0.0,0.0,0.0,0.12897675795345462,0.0,0.30279120625798367,0.0,0.0,0.0,0.0
ac68b9c8102f90cb5cb4938fee2d9528a498b9e94886e33b4ed4ba160a0073de,0.0,0.0,0.0,0.0,0.0,0.0,0.0,0.0,0.0,0.0,0.2459027323273908,0.0,0.16010092344141066,0.0,0.0,0.0,0.0,0.0,0.0,0.0,0.0,0.2340627957473174,0.0,0.0,0.0,0.0,0.0,0.0,0.0,0.0,0.0,0.0,0.0,0.0,0.0,0.0,0.0,0.0,0.0,0.0,0.0,0.0,0.0,0.2771954121377095,0.0,0.0,0.0,0.3344279807090267,0.0,0.0,0.0,0.0,0.0,0.0,0.0,0.0,0.0,0.0,0.0,0.0,0.0,0.0,0.0,0.0,0.0,0.0,0.0,0.0,0.0,0.0,0.0,0.0,0.0,0.0,0.4795809354164655,0.1520330741617826,0.3245785741214575,0.25870054381010293,0.0,0.13909842603919623,0.0,0.0,0.0,0.0,0.0,0.0,0.0,0.0,0.0,0.0,0.0,0.0,0.0,0.0,0.0,0.0,0.0,0.0,0.0,0.0,0.0,0.0,0.0,0.0,0.36477240489431123,0.0,0.0,0.0,0.0,0.0,0.0,0.0,0.0,0.0,0.0,0.0,0.1998193474737414,0.0,0.0,0.0,0.0,0.0,0.0,0.0,0.0,0.0,0.0,0.0,0.0,0.0,0.0,0.0,0.0,0.22958783695701349,0.0,0.0,0.0,0.0,0.0,0.0,0.0,0.0,0.0,0.0,0.0,0.0,0.0,0.0,0.0,0.0,0.0,0.0,0.0,0.0,0.0,0.0,0.0,0.0,0.0,0.0,0.0
da970dc18aee85e81725bca7e03bdb203adc8633bf497102a989675b7d136f53,0.0,0.0,0.0,0.0,0.0,0.0,0.3083804005499474,0.0,0.0,0.0,0.0,0.0,0.11590039040315894,0.0,0.0,0.0,0.2991109284760544,0.22685439617522501,0.0,0.0,0.0,0.0,0.0,0.0,0.0,0.30562247761188827,0.0,0.0,0.0,0.0,0.0,0.0,0.0,0.0,0.0,0.0,0.0,0.0,0.0,0.0,0.0,0.0,0.0,0.0,0.0,0.0,0.0,0.0,0.0,0.28221927193937923,0.0,0.0,0.0,0.0,0.0,0.0,0.0,0.0,0.0,0.0,0.16818164893903337,0.30698975240717946,0.0,0.0,0.0,0.0,0.0,0.0,0.0,0.0,0.0,0.0,0.0,0.0,0.0,0.11005990640641966,0.0,0.0,0.0,0.0,0.0,0.0,0.0,0.0,0.0,0.0,0.0,0.0,0.24148073387600977,0.0,0.0,0.0,0.0,0.0,0.0,0.0,0.0,0.0,0.0,0.0,0.0,0.0,0.15524894966118027,0.0,0.0,0.0,0.0,0.0,0.0,0.0,0.0,0.0,0.0,0.0,0.23272487867344105,0.2648839395485188,0.1446533841560648,0.13395466001149775,0.1471274044301402,0.13041710548213667,0.155677113467099,0.0,0.0,0.0,0.0,0.0,0.0,0.0,0.0,0.0,0.0,0.0,0.29664555994901376,0.0,0.0,0.0,0.0,0.0,0.0,0.0,0.0,0.0,0.0,0.17886595554960907,0.0,0.11981030133151971,0.0,0.0,0.0,0.0,0.0,0.0,0.0,0.0,0.0,0.0,0.0,0.0,0.0,0.0,0.0
fe035a3111a37c273676890230dd284b8bc0481377b921e9dd3818b39ef8c3e9,0.0,0.0,0.0,0.0,0.0,0.0,0.30532993936270836,0.0,0.0,0.0,0.0,0.0,0.11475391792345467,0.0,0.0,0.0,0.29615215977231035,0.22461038024732236,0.0,0.0,0.0,0.0,0.0,0.0,0.0,0.30259929746087894,0.0,0.0,0.0,0.0,0.0,0.0,0.0,0.0,0.0,0.0,0.0,0.0,0.0,0.0,0.0,0.0,0.0,0.0,0.0,0.0,0.0,0.0,0.0,0.2794275934351466,0.0,0.0,0.0,0.0,0.0,0.0,0.0,0.0,0.0,0.0,0.1665180166472941,0.3039530473412019,0.0,0.0,0.0,0.0,0.0,0.0,0.0,0.0,0.0,0.0,0.0,0.0,0.0,0.10897120727973969,0.0,0.0,0.0,0.0,0.0,0.0,0.0,0.0,0.0,0.0,0.0,0.0,0.23909203600532436,0.0,0.0,0.0,0.0,0.0,0.0,0.0,0.0,0.0,0.0,0.1403064717917194,0.0,0.0,0.15371324604818637,0.0,0.0,0.0,0.0,0.0,0.0,0.0,0.0,0.0,0.0,0.0,0.2304227926510083,0.2622637400310567,0.14322249058051997,0.13262959690604045,0.14567203814877797,0.12912703543321055,0.15413717451012926,0.0,0.0,0.0,0.0,0.0,0.0,0.0,0.0,0.0,0.0,0.0,0.2937111783690641,0.0,0.0,0.0,0.0,0.0,0.0,0.0,0.0,0.0,0.0,0.17709663540426432,0.0,0.11862515249134878,0.0,0.0,0.0,0.0,0.0,0.0,0.0,0.0,0.0,0.0,0.0,0.0,0.0,0.0,0.0
a2b19054a88a93101d0352063a7c1c1d4169b6a01093daba6c2d7863f65bfce9,0.0,0.0,0.0,0.0,0.0,0.0,0.0,0.0,0.0,0.0,0.0,0.0,0.17138077925719128,0.0,0.0,0.0,0.0,0.0,0.0,0.0,0.0,0.0,0.0,0.0,0.0,0.0,0.0,0.0,0.0,0.0,0.0,0.0,0.0,0.0,0.0,0.0,0.0,0.0,0.0,0.0,0.0,0.0,0.3138966876536853,0.29672512011502467,0.0,0.0,0.0,0.0,0.0,0.0,0.0,0.0,0.4919958734639486,0.0,0.0,0.0,0.0,0.0,0.0,0.0,0.0,0.0,0.0,0.0,0.0,0.0,0.0,0.28024910893106264,0.0,0.0,0.0,0.0,0.0,0.0,0.0,0.0,0.0,0.0,0.0,0.14889855808214686,0.0,0.0,0.0,0.0,0.0,0.0,0.0,0.0,0.0,0.0,0.0,0.0,0.0,0.0,0.0,0.0,0.0,0.0,0.0,0.0,0.0,0.0,0.22956511086151055,0.0,0.0,0.0,0.0,0.0,0.0,0.0,0.0,0.0,0.0,0.0,0.0,0.0,0.2138975512733091,0.0,0.21755586097351157,0.19284650455661193,0.0,0.0,0.0,0.0,0.0,0.0,0.3107557040822617,0.0,0.0,0.0,0.0,0.0,0.0,0.24576336950401825,0.0,0.0,0.0,0.0,0.0,0.0,0.0,0.0,0.0,0.26448734760981996,0.0,0.17716232649269062,0.0,0.0,0.0,0.0,0.0,0.0,0.0,0.0,0.0,0.0,0.0,0.0,0.0,0.0,0.0
27ad01b87bb62fa4fa70360498cc76ce4e52c41af10d84f76c059827476119b2,0.0,0.0,0.0,0.0,0.0,0.0,0.0,0.0,0.0,0.0,0.3237459226680716,0.0,0.21078261591067443,0.0,0.0,0.0,0.0,0.0,0.0,0.0,0.0,0.3081579251042872,0.0,0.0,0.0,0.0,0.0,0.0,0.0,0.0,0.0,0.0,0.0,0.0,0.0,0.0,0.0,0.0,0.0,0.0,0.0,0.0,0.0,0.0,0.4088705524503804,0.0,0.0,0.44029480337988053,0.0,0.0,0.0,0.0,0.0,0.0,0.0,0.0,0.0,0.0,0.0,0.0,0.0,0.0,0.0,0.0,0.0,0.0,0.0,0.0,0.0,0.0,0.0,0.0,0.0,0.0,0.0,0.20016080099931086,0.0,0.0,0.0,0.18313154902150708,0.0,0.0,0.0,0.0,0.0,0.0,0.0,0.0,0.0,0.0,0.0,0.0,0.0,0.0,0.0,0.0,0.0,0.0,0.0,0.2577181301398614,0.0,0.0,0.2823439991283781,0.0,0.0,0.0,0.0,0.0,0.0,0.0,0.0,0.0,0.0,0.0,0.0,0.0,0.26307434001461316,0.0,0.0,0.0,0.0,0.0,0.0,0.0,0.0,0.0,0.0,0.0,0.0,0.0,0.0,0.0,0.0,0.0,0.0,0.0,0.0,0.0,0.0,0.0,0.0,0.0,0.0,0.3252951424664177,0.0,0.0,0.0,0.0,0.0,0.0,0.0,0.0,0.0,0.0,0.0,0.0,0.0,0.0,0.0,0.0,0.0
e71c250a7f4a557997e95d51a0d91cc1323f0ca69f7b3aeb42101f988bf945e9,0.0,0.0,0.0,0.0,0.0,0.0,0.0,0.0,0.0,0.0,0.0,0.0,0.20243657910861723,0.0,0.0,0.0,0.0,0.0,0.0,0.0,0.0,0.0,0.0,0.0,0.0,0.0,0.0,0.0,0.0,0.0,0.0,0.0,0.0,0.0,0.0,0.0,0.0,0.0,0.0,0.0,0.0,0.0,0.0,0.0,0.0,0.0,0.0,0.0,0.0,0.0,0.0,0.0,0.0,0.0,0.0,0.0,0.0,0.0,0.0,0.0,0.0,0.0,0.0,0.0,0.0,0.0,0.0,0.0,0.0,0.0,0.0,0.0,0.0,0.0,0.0,0.1922353399538068,0.0,0.0,0.0,0.1758803692164374,0.0,0.0,0.0,0.0,0.0,0.0,0.0,0.0,0.0,0.0,0.0,0.0,0.0,0.0,0.0,0.0,0.0,0.0,0.0,0.2475136595794611,0.0,0.0,0.2711644557045311,0.0,0.0,0.0,0.0,0.0,0.0,0.0,0.0,0.0,0.0,0.0,0.0,0.0,0.25265778780534875,0.0,0.0,0.22779209456685193,0.0,0.0,0.0,0.0,0.0,0.0,0.0,0.0,0.0,0.0,0.0,0.0,0.0,0.0,0.0,0.0,0.0,0.0,0.0,0.0,0.0,0.0,0.0,0.31241492832339895,0.0,0.20926579676874327,0.43297463381358336,0.46851787246772814,0.0,0.0,0.0,0.0,0.0,0.0,0.303712758951401,0.0,0.0,0.0,0.0,0.0,0.0
8f362cedd16992cd2605b87129e491620b323f2a60e0cbb2f77d66a38f1e2307,0.0,0.0,0.0,0.0,0.0,0.4722182754329023,0.0,0.0,0.0,0.0,0.0,0.0,0.0,0.0,0.0,0.0,0.0,0.0,0.0,0.0,0.0,0.0,0.0,0.0,0.0,0.0,0.0,0.0,0.0,0.0,0.0,0.0,0.0,0.0,0.0,0.0,0.0,0.0,0.0,0.0,0.0,0.0,0.3128138155368634,0.0,0.0,0.0,0.0,0.0,0.4204571262136793,0.0,0.0,0.0,0.0,0.0,0.0,0.47711192850771117,0.0,0.0,0.0,0.0,0.0,0.0,0.0,0.0,0.0,0.0,0.0,0.0,0.0,0.0,0.0,0.0,0.0,0.0,0.0,0.1621830808947075,0.0,0.0,0.0,0.14838489195209825,0.0,0.0,0.0,0.0,0.0,0.0,0.0,0.0,0.0,0.0,0.0,0.0,0.0,0.0,0.0,0.0,0.0,0.0,0.0,0.0,0.0,0.0,0.22877316348734356,0.0,0.0,0.0,0.0,0.0,0.0,0.0,0.0,0.0,0.0,0.0,0.0,0.0,0.0,0.0,0.2168053427776671,0.0,0.0,0.0,0.0,0.0,0.0,0.0,0.3096836676437463,0.0,0.0,0.0,0.0,0.0,0.0,0.0,0.0,0.0,0.0,0.0,0.0,0.0,0.0,0.0,0.0,0.0,0.0,0.1765511567956026,0.0,0.0,0.0,0.0,0.0,0.0,0.0,0.0,0.0,0.0,0.0,0.0,0.0,0.0,0.0
29b2839a3033960813a5dd05a3cb57ed38960854ced4a1466e6d0760172f0bdf,0.0,0.0,0.0,0.0,0.0,0.0,0.0,0.0,0.0,0.4761119659952907,0.0,0.3084572779871453,0.0,0.38753650147428553,0.0,0.0,0.0,0.0,0.0,0.0,0.0,0.0,0.0,0.0,0.0,0.0,0.0,0.0,0.5032399937486276,0.0,0.0,0.0,0.0,0.0,0.0,0.0,0.0,0.0,0.0,0.0,0.0,0.0,0.21038557243227532,0.0,0.0,0.0,0.0,0.0,0.0,0.0,0.0,0.0,0.0,0.0,0.0,0.0,0.0,0.0,0.0,0.0,0.0,0.0,0.0,0.0,0.0,0.0,0.0,0.0,0.0,0.0,0.0,0.0,0.0,0.0,0.0,0.10907760021501381,0.0,0.0,0.0,0.0,0.0,0.0,0.0,0.0,0.0,0.0,0.0,0.0,0.0,0.0,0.0,0.0,0.0,0.0,0.0,0.0,0.0,0.0,0.0,0.14044345859533952,0.0,0.0,0.15386332242015494,0.0,0.26170949163463464,0.0,0.0,0.0,0.0,0.0,0.0,0.0,0.0,0.0,0.0,0.0,0.0,0.0,0.0,0.0,0.0,0.0,0.0,0.0,0.0,0.0,0.20828036504186354,0.0,0.0,0.0,0.0,0.0,0.0,0.0,0.0,0.0,0.0,0.0,0.0,0.0,0.0,0.0,0.22182467524454047,0.0,0.0,0.11874097095831772,0.0,0.0,0.0,0.0,0.0,0.0,0.0,0.0,0.0,0.0,0.0,0.0,0.0,0.0,0.0
dc791b99f5e4e21d1022fe5cf80231da85fd716cf0132a25d1596b9680e45cf5,0.0,0.0,0.0,0.0,0.0,0.0,0.0,0.0,0.0,0.5052094371892937,0.0,0.3273085722243086,0.0,0.4112207039175072,0.0,0.0,0.0,0.0,0.0,0.0,0.0,0.0,0.0,0.0,0.0,0.0,0.0,0.0,0.5339953879995585,0.0,0.0,0.0,0.0,0.0,0.0,0.0,0.0,0.0,0.0,0.0,0.0,0.0,0.22324323737393426,0.0,0.0,0.0,0.0,0.0,0.0,0.0,0.0,0.0,0.0,0.0,0.0,0.0,0.0,0.0,0.0,0.0,0.0,0.0,0.0,0.0,0.0,0.0,0.0,0.0,0.0,0.0,0.0,0.0,0.0,0.0,0.0,0.11574385218272581,0.0,0.0,0.0,0.0,0.0,0.0,0.0,0.0,0.0,0.0,0.0,0.0,0.0,0.0,0.0,0.0,0.0,0.0,0.0,0.0,0.0,0.0,0.0,0.14902662764533658,0.0,0.0,0.16326664330198787,0.0,0.0,0.0,0.0,0.0,0.0,0.0,0.0,0.0,0.0,0.0,0.0,0.0,0.0,0.0,0.0,0.0,0.0,0.0,0.0,0.0,0.0,0.0,0.0,0.0,0.0,0.0,0.0,0.0,0.0,0.0,0.0,0.0,0.0,0.0,0.0,0.0,0.0,0.0,0.2353814382730734,0.0,0.0,0.12599779756376744,0.0,0.0,0.0,0.0,0.0,0.0,0.0,0.0,0.0,0.0,0.0,0.0,0.0,0.0,0.0
c24f98a0e80be8f215f9b93c9823497c1ea547ca9fdd3621ef6a96dfb1eaa895,0.0,0.0,0.0,0.0,0.0,0.4722182754329023,0.0,0.0,0.0,0.0,0.0,0.0,0.0,0.0,0.0,0.0,0.0,0.0,0.0,0.0,0.0,0.0,0.0,0.0,0.0,0.0,0.0,0.0,0.0,0.0,0.0,0.0,0.0,0.0,0.0,0.0,0.0,0.0,0.0,0.0,0.0,0.0,0.3128138155368634,0.0,0.0,0.0,0.0,0.0,0.4204571262136793,0.0,0.0,0.0,0.0,0.0,0.0,0.47711192850771117,0.0,0.0,0.0,0.0,0.0,0.0,0.0,0.0,0.0,0.0,0.0,0.0,0.0,0.0,0.0,0.0,0.0,0.0,0.0,0.1621830808947075,0.0,0.0,0.0,0.14838489195209825,0.0,0.0,0.0,0.0,0.0,0.0,0.0,0.0,0.0,0.0,0.0,0.0,0.0,0.0,0.0,0.0,0.0,0.0,0.0,0.0,0.0,0.0,0.22877316348734356,0.0,0.0,0.0,0.0,0.0,0.0,0.0,0.0,0.0,0.0,0.0,0.0,0.0,0.0,0.0,0.2168053427776671,0.0,0.0,0.0,0.0,0.0,0.0,0.0,0.3096836676437463,0.0,0.0,0.0,0.0,0.0,0.0,0.0,0.0,0.0,0.0,0.0,0.0,0.0,0.0,0.0,0.0,0.0,0.0,0.1765511567956026,0.0,0.0,0.0,0.0,0.0,0.0,0.0,0.0,0.0,0.0,0.0,0.0,0.0,0.0,0.0
5ebeb697d30caf314b05884fd63d043c1aac03ef8d5164eefedff1bf8ceec736,0.0,0.0,0.0,0.0,0.0,0.0,0.316453004953481,0.0,0.0,0.0,0.0,0.0,0.11893436402882153,0.0,0.0,0.0,0.3069408819817077,0.232792859820318,0.0,0.0,0.0,0.0,0.0,0.0,0.0,0.31362288669816213,0.0,0.0,0.0,0.0,0.0,0.0,0.0,0.0,0.0,0.0,0.0,0.0,0.0,0.0,0.0,0.0,0.0,0.0,0.0,0.0,0.0,0.0,0.0,0.28960704539501064,0.0,0.0,0.0,0.0,0.0,0.0,0.0,0.0,0.0,0.0,0.17258421122054546,0.3150259532250732,0.0,0.0,0.0,0.0,0.0,0.0,0.0,0.0,0.0,0.0,0.0,0.0,0.0,0.11294099120793272,0.0,0.0,0.0,0.0,0.0,0.0,0.0,0.0,0.0,0.0,0.0,0.0,0.24780207736015986,0.0,0.0,0.0,0.0,0.0,0.0,0.0,0.0,0.0,0.0,0.14541778872253394,0.0,0.0,0.0,0.0,0.0,0.0,0.0,0.0,0.0,0.0,0.0,0.0,0.0,0.0,0.23881701642616687,0.27181791866331134,0.14844003708161332,0.13746124790214911,0.150978820832626,0.13383108930903906,0.15975233922548943,0.0,0.0,0.0,0.0,0.0,0.0,0.0,0.0,0.0,0.0,0.0,0.30441097645817755,0.0,0.0,0.0,0.0,0.0,0.0,0.0,0.0,0.0,0.0,0.0,0.0,0.0,0.0,0.0,0.0,0.0,0.0,0.0,0.0,0.0,0.0,0.0,0.0,0.0,0.0,0.0,0.0
564324c43d9f0ab1753ddd1acbdba4ed2a825f6fc064aaddc3ee16bc5dd6687f,0.0,0.0,0.0,0.0,0.0,0.0,0.0,0.0,0.0,0.0,0.0,0.0,0.3030065171129261,0.0,0.0,0.0,0.0,0.5930813540636471,0.0,0.0,0.0,0.0,0.0,0.0,0.0,0.0,0.0,0.0,0.0,0.0,0.0,0.0,0.0,0.0,0.0,0.0,0.0,0.0,0.0,0.0,0.0,0.0,0.554979049993065,0.0,0.0,0.0,0.0,0.0,0.0,0.0,0.0,0.0,0.0,0.0,0.0,0.0,0.0,0.0,0.0,0.0,0.0,0.0,0.0,0.0,0.0,0.0,0.0,0.0,0.0,0.0,0.0,0.0,0.0,0.0,0.0,0.287737330288362,0.0,0.0,0.0,0.0,0.0,0.0,0.0,0.0,0.0,0.0,0.0,0.0,0.0,0.0,0.0,0.0,0.0,0.0,0.0,0.0,0.0,0.0,0.0,0.0,0.0,0.0,0.0,0.0,0.0,0.0,0.0,0.0,0.0,0.0,0.0,0.0,0.0,0.0,0.0,0.0,0.0,0.0,0.0,0.0,0.40699759320719076,0.0,0.0,0.0,0.0,0.0,0.0,0.0,0.0,0.0,0.0,0.0,0.0,0.0,0.0,0.0,0.0,0.0,0.0,0.0,0.0,0.0,0.0,0.0,0.0,0.0,0.0,0.0,0.0,0.0,0.0,0.0,0.0,0.0,0.0,0.0,0.0,0.0,0.0,0.0,0.0
680289c529f4d35767c366fee328b3ea12a904d1cce8e429ddc4fa411089472a,0.0,0.0,0.0,0.0,0.0,0.0,0.0,0.0,0.0,0.0,0.0,0.31053991659379476,0.0,0.0,0.0,0.0,0.0,0.0,0.0,0.0,0.0,0.0,0.0,0.0,0.0,0.0,0.0,0.0,0.0,0.0,0.0,0.0,0.0,0.0,0.0,0.0,0.0,0.0,0.0,0.0,0.0,0.0,0.0,0.2002193032065177,0.0,0.0,0.0,0.0,0.0,0.0,0.0,0.0,0.0,0.0,0.0,0.0,0.0,0.0,0.0,0.0,0.0,0.0,0.0,0.0,0.22332238875477578,0.0,0.0,0.0,0.0,0.0,0.0,0.0,0.0,0.0,0.346403138420313,0.10981406920939406,0.0,0.18686038928766094,0.0,0.10047132354721423,0.45037554519175266,0.0,0.0,0.0,0.0,0.0,0.0,0.0,0.0,0.0,0.0,0.0,0.0,0.0,0.0,0.0,0.0,0.0,0.0,0.0,0.0,0.0,0.0,0.0,0.0,0.0,0.0,0.0,0.0,0.0,0.0,0.0,0.0,0.3358468268668134,0.0,0.0,0.14433027664432588,0.0,0.1467987707805967,0.1301257970783522,0.0,0.0,0.0,0.0,0.0,0.0,0.0,0.0,0.0,0.0,0.0,0.0,0.0,0.16583217011322024,0.0,0.0,0.0,0.0,0.0,0.0,0.0,0.0,0.22332238875477578,0.0,0.0,0.11954268499768994,0.0,0.0,0.41222571513057343,0.0,0.0,0.0,0.0,0.0,0.0,0.0,0.0,0.0,0.0,0.0,0.0
e7fd4915a63bc03b41f1dd1141a2c0ba2c3a0d0bdc3c1dbb6fdbd6388b09be74,0.0,0.0,0.0,0.0,0.0,0.0,0.31216528646492603,0.0,0.0,0.0,0.0,0.0,0.11732288597808893,0.0,0.0,0.0,0.30278204615469506,0.22963867820904876,0.0,0.0,0.0,0.0,0.0,0.0,0.0,0.3093735143468793,0.0,0.0,0.0,0.0,0.0,0.0,0.0,0.0,0.0,0.0,0.0,0.0,0.0,0.0,0.0,0.0,0.0,0.0,0.0,0.0,0.0,0.0,0.0,0.2856830710180301,0.0,0.0,0.0,0.0,0.0,0.0,0.0,0.0,0.0,0.0,0.17024581499203817,0.3107575702965674,0.0,0.0,0.0,0.0,0.0,0.0,0.0,0.0,0.0,0.0,0.0,0.0,0.0,0.11141071919743571,0.0,0.0,0.0,0.0,0.0,0.0,0.0,0.0,0.0,0.0,0.0,0.0,0.2444445312728485,0.0,0.0,0.0,0.0,0.0,0.0,0.0,0.0,0.0,0.0,0.0,0.0,0.0,0.0,0.0,0.0,0.0,0.0,0.0,0.0,0.0,0.0,0.0,0.0,0.0,0.2355812116757505,0.2681349746016977,0.14642877764822546,0.13559874343904083,0.1489331626422118,0.13201777097427345,0.15758780595272834,0.0,0.0,0.0,0.0,0.0,0.0,0.0,0.0,0.0,0.0,0.0,0.3002864190943735,0.0,0.0,0.0,0.0,0.0,0.0,0.0,0.0,0.0,0.0,0.18106125471460663,0.0,0.12128078493284562,0.0,0.0,0.0,0.0,0.0,0.0,0.0,0.0,0.0,0.0,0.0,0.0,0.0,0.0,0.0
4ee34cc00d2276e1398af50014c25ac15f1570ff1613bdffd65b63440ab9dd09,0.0,0.0,0.0,0.0,0.0,0.0,0.0,0.0,0.0,0.0,0.0,0.0,0.0,0.0,0.0,0.0,0.0,0.0,0.0,0.0,0.0,0.0,0.0,0.0,0.0,0.0,0.0,0.0,0.0,0.0,0.0,0.0,0.0,0.0,0.3669082401857184,0.0,0.0,0.0,0.0,0.0,0.0,0.0,0.41096038344753594,0.0,0.0,0.0,0.0,0.0,0.0,0.0,0.0,0.0,0.0,0.0,0.0,0.0,0.0,0.0,0.0,0.0,0.0,0.0,0.0,0.0,0.0,0.0,0.0,0.0,0.0,0.0,0.0,0.0,0.0,0.0,0.0,0.2130686619412988,0.0,0.0,0.0,0.0,0.0,0.0,0.0,0.0,0.0,0.0,0.0,0.0,0.0,0.0,0.0,0.0,0.0,0.0,0.0,0.0,0.0,0.0,0.0,0.27433771683948666,0.0,0.0,0.3005516454825033,0.0,0.0,0.0,0.0,0.0,0.0,0.0,0.0,0.0,0.0,0.0,0.0,0.0,0.28003933506539525,0.0,0.0,0.0,0.0,0.0,0.0,0.0,0.0,0.0,0.40684813931217007,0.0,0.0,0.0,0.0,0.0,0.0,0.0,0.0,0.0,0.0,0.0,0.0,0.0,0.0,0.0,0.4333051574910962,0.0,0.0,0.23194477830304341,0.0,0.0,0.0,0.0,0.0,0.0,0.0,0.0,0.0,0.0,0.0,0.0,0.0,0.0,0.0
56719990cf05483cd79512ca1d376baca27c1364fe110a6f9ea23cd53f8dcdeb,0.0,0.0,0.0,0.0,0.0,0.0,0.0,0.0,0.0,0.0,0.0,0.3815523039025973,0.0,0.479370906560448,0.0,0.0,0.3666889094279546,0.0,0.0,0.0,0.0,0.0,0.0,0.489352281030212,0.0,0.0,0.0,0.0,0.0,0.0,0.0,0.0,0.0,0.0,0.23234456609123333,0.0,0.0,0.0,0.0,0.0,0.0,0.0,0.0,0.0,0.0,0.0,0.0,0.0,0.0,0.0,0.0,0.0,0.0,0.0,0.0,0.0,0.0,0.0,0.0,0.0,0.0,0.0,0.0,0.0,0.0,0.0,0.0,0.0,0.0,0.0,0.0,0.0,0.0,0.0,0.0,0.13492568545566752,0.0,0.0,0.0,0.12344649730078816,0.0,0.0,0.0,0.0,0.0,0.0,0.0,0.0,0.0,0.0,0.0,0.0,0.0,0.0,0.0,0.0,0.0,0.0,0.0,0.17372430161085065,0.0,0.0,0.19032426642228503,0.0,0.0,0.0,0.0,0.0,0.0,0.0,0.0,0.0,0.0,0.0,0.0,0.0,0.0,0.0,0.0,0.0,0.0,0.0,0.0,0.0,0.0,0.0,0.0,0.0,0.0,0.0,0.0,0.0,0.0,0.0,0.0,0.0,0.0,0.0,0.0,0.0,0.0,0.0,0.2743904000395383,0.0,0.0,0.1468789821800399,0.0,0.0,0.0,0.0,0.0,0.0,0.0,0.0,0.0,0.0,0.0,0.0,0.0,0.0,0.0
556d5c93b2ceb585711ccce22e39e3327f388b893d76a3a7974967fe99a6fa7f,0.0,0.0,0.0,0.0,0.0,0.0,0.0,0.0,0.0,0.0,0.0,0.0,0.1373252615921698,0.0,0.0,0.0,0.0,0.0,0.0,0.0,0.38772949486364994,0.0,0.0,0.0,0.0,0.0,0.0,0.0,0.0,0.0,0.0,0.0,0.0,0.0,0.0,0.0,0.0,0.0,0.0,0.0,0.0,0.0,0.0,0.0,0.0,0.0,0.0,0.0,0.338073279638889,0.0,0.0,0.0,0.0,0.0,0.0,0.3836272104078071,0.0,0.0,0.0,0.0,0.19927101932286279,0.0,0.0,0.0,0.2651972126251814,0.0,0.5172509259068154,0.22456008405222488,0.0,0.0,0.0,0.0,0.0,0.0,0.0,0.0,0.0,0.0,0.0,0.119310540703296,0.0,0.0,0.0,0.0,0.0,0.0,0.0,0.0,0.0,0.0,0.0,0.0,0.0,0.0,0.0,0.0,0.0,0.0,0.0,0.167903835359456,0.0,0.0,0.18394763425706376,0.0,0.0,0.0,0.0,0.0,0.0,0.0,0.0,0.0,0.0,0.0,0.0,0.0,0.0,0.0,0.0,0.0,0.0,0.0,0.0,0.0,0.0,0.0,0.0,0.0,0.0,0.0,0.0,0.0,0.0,0.0,0.0,0.0,0.0,0.0,0.0,0.0,0.0,0.0,0.0,0.21193038306723433,0.0,0.14195794263121997,0.0,0.0,0.0,0.0,0.0,0.0,0.0,0.0,0.0,0.0,0.0,0.0,0.0,0.0,0.0
924585f614812f098386c701ee509d65159093d1869327cbcd998f1c41f52e6a,0.0,0.0,0.0,0.0,0.0,0.0,0.27482521498148216,0.0,0.0,0.0,0.0,0.0,0.10328915084156538,0.0,0.0,0.0,0.2665643636078882,0.20217013820323082,0.0,0.0,0.0,0.0,0.0,0.0,0.0,0.27236738444814484,0.0,0.0,0.0,0.0,0.0,0.0,0.0,0.0,0.0,0.0,0.0,0.0,0.0,0.0,0.0,0.0,0.0,0.17883268954010403,0.0,0.0,0.0,0.0,0.2542817073221945,0.2515107054285539,0.0,0.0,0.0,0.0,0.0,0.0,0.0,0.0,0.0,0.0,0.14988163237087376,0.27358588467995126,0.0,0.0,0.0,0.0,0.0,0.0,0.0,0.0,0.0,0.0,0.0,0.0,0.0,0.09808417585892279,0.20940194835690723,0.16690072060811886,0.0,0.08973938438427954,0.0,0.0,0.0,0.0,0.0,0.0,0.0,0.0,0.2152049691971638,0.0,0.0,0.0,0.0,0.0,0.0,0.0,0.0,0.0,0.0,0.0,0.0,0.0,0.0,0.0,0.0,0.0,0.0,0.0,0.0,0.0,0.0,0.0,0.0,0.0,0.20740184751984136,0.23606164821675474,0.1289135020500453,0.11937891697974028,0.13111832165751314,0.11622628736285606,0.13873772814353189,0.0,0.0,0.0,0.16305517225913493,0.0,0.0,0.0,0.0,0.0,0.0,0.0,0.26436725434204567,0.1481186504931051,0.0,0.0,0.0,0.0,0.0,0.0,0.0,0.0,0.0,0.15940336869374994,0.0,0.10677362037830936,0.0,0.0,0.0,0.0,0.0,0.0,0.0,0.0,0.0,0.0,0.0,0.0,0.0,0.0,0.0
cba58aeb27c59e275202d2b1682dde6974a0a7a9e0f33849ec1b7f1675bd38bb,0.0,0.0,0.0,0.0,0.0,0.0,0.3133360987904602,0.0,0.0,0.0,0.0,0.0,0.11776291914938078,0.0,0.0,0.0,0.30391766554275346,0.0,0.0,0.0,0.0,0.0,0.0,0.0,0.0,0.3105338558053837,0.0,0.0,0.0,0.0,0.0,0.0,0.0,0.0,0.0,0.0,0.0,0.0,0.0,0.0,0.0,0.0,0.0,0.0,0.0,0.0,0.0,0.0,0.0,0.28675455870499283,0.0,0.0,0.0,0.0,0.0,0.0,0.0,0.0,0.0,0.0,0.17088434178283074,0.3119231028183815,0.0,0.0,0.0,0.0,0.0,0.0,0.0,0.0,0.0,0.0,0.0,0.0,0.0,0.11182857809747598,0.0,0.0,0.0,0.0,0.0,0.0,0.0,0.0,0.0,0.0,0.0,0.0,0.24536134900541795,0.0,0.0,0.0,0.0,0.0,0.0,0.0,0.0,0.0,0.0,0.14398549515986497,0.0,0.0,0.15774381297060372,0.0,0.0,0.0,0.0,0.0,0.0,0.0,0.0,0.0,0.0,0.0,0.23646478649413516,0.26914064610580885,0.14697797586185424,0.13610732234588613,0.14949175384393365,0.13251291902611678,0.15817885740387705,0.0,0.0,0.0,0.0,0.0,0.0,0.0,0.0,0.0,0.0,0.0,0.30141267834199076,0.0,0.0,0.0,0.0,0.0,0.0,0.0,0.0,0.0,0.0,0.18174034607385794,0.0,0.1217356626659141,0.0,0.0,0.0,0.0,0.0,0.0,0.0,0.0,0.0,0.0,0.0,0.0,0.0,0.0,0.0
7d2680c89c943249ba247b8d75c91e3e8ef3a4778966bc4dc474137e39bd4d0b,0.0,0.0,0.0,0.0,0.0,0.0,0.0,0.0,0.0,0.0,0.2459027323273908,0.0,0.16010092344141066,0.0,0.0,0.0,0.0,0.0,0.0,0.0,0.0,0.2340627957473174,0.0,0.0,0.0,0.0,0.0,0.0,0.0,0.0,0.0,0.0,0.0,0.0,0.0,0.0,0.0,0.0,0.0,0.0,0.0,0.0,0.0,0.2771954121377095,0.0,0.0,0.0,0.3344279807090267,0.0,0.0,0.0,0.0,0.0,0.0,0.0,0.0,0.0,0.0,0.0,0.0,0.0,0.0,0.0,0.0,0.0,0.0,0.0,0.0,0.0,0.0,0.0,0.0,0.0,0.0,0.4795809354164655,0.1520330741617826,0.3245785741214575,0.25870054381010293,0.0,0.13909842603919623,0.0,0.0,0.0,0.0,0.0,0.0,0.0,0.0,0.0,0.0,0.0,0.0,0.0,0.0,0.0,0.0,0.0,0.0,0.0,0.0,0.0,0.0,0.0,0.0,0.36477240489431123,0.0,0.0,0.0,0.0,0.0,0.0,0.0,0.0,0.0,0.0,0.0,0.1998193474737414,0.0,0.0,0.0,0.0,0.0,0.0,0.0,0.0,0.0,0.0,0.0,0.0,0.0,0.0,0.0,0.0,0.22958783695701349,0.0,0.0,0.0,0.0,0.0,0.0,0.0,0.0,0.0,0.0,0.0,0.0,0.0,0.0,0.0,0.0,0.0,0.0,0.0,0.0,0.0,0.0,0.0,0.0,0.0,0.0,0.0
a2156b563ac4ab106bc976ffd63326fb55dad9f321a351b7fbe5ea2f509ec5e5,0.0,0.0,0.0,0.0,0.0,0.0,0.0,0.0,0.0,0.0,0.23673873526894415,0.0,0.15413448143572236,0.0,0.0,0.0,0.0,0.0,0.0,0.0,0.0,0.22534003471323316,0.0,0.0,0.0,0.0,0.3236293921766807,0.0,0.0,0.0,0.0,0.0,0.0,0.0,0.0,0.0,0.0,0.0,0.0,0.0,0.0,0.0,0.0,0.0,0.2989859970377433,0.0,0.0,0.0,0.0,0.0,0.0,0.0,0.0,0.0,0.0,0.0,0.0,0.0,0.29765852525790537,0.0,0.0,0.0,0.0,0.0,0.29765852525790537,0.0,0.0,0.0,0.0,0.0,0.0,0.0,0.0,0.0,0.0,0.14636729472444698,0.0,0.24905961383727945,0.0,0.13391467897387024,0.0,0.0,0.0,0.0,0.0,0.0,0.0,0.0,0.0,0.0,0.0,0.0,0.0,0.0,0.0,0.0,0.0,0.0,0.0,0.0,0.0,0.0,0.0,0.0,0.3511785207848681,0.0,0.0,0.0,0.0,0.0,0.0,0.0,0.0,0.0,0.0,0.0,0.0,0.1781446290642344,0.0,0.1734400794847465,0.0,0.0,0.0,0.0,0.24332104792036313,0.0,0.2794839042599484,0.0,0.0,0.0,0.0,0.0,0.0,0.22103184311905955,0.0,0.0,0.0,0.0,0.0,0.0,0.0,0.0,0.0,0.0,0.0,0.15933422313897658,0.0,0.0,0.0,0.0,0.0,0.0,0.0,0.0,0.0,0.0,0.0,0.0,0.0,0.0,0.0
816cd3eec54f3d6fc8f5fc851b010ce9064c35f80f86ef31af36635dc2b2c676,0.0,0.0,0.0,0.0,0.0,0.4722182754329023,0.0,0.0,0.0,0.0,0.0,0.0,0.0,0.0,0.0,0.0,0.0,0.0,0.0,0.0,0.0,0.0,0.0,0.0,0.0,0.0,0.0,0.0,0.0,0.0,0.0,0.0,0.0,0.0,0.0,0.0,0.0,0.0,0.0,0.0,0.0,0.0,0.3128138155368634,0.0,0.0,0.0,0.0,0.0,0.4204571262136793,0.0,0.0,0.0,0.0,0.0,0.0,0.47711192850771117,0.0,0.0,0.0,0.0,0.0,0.0,0.0,0.0,0.0,0.0,0.0,0.0,0.0,0.0,0.0,0.0,0.0,0.0,0.0,0.1621830808947075,0.0,0.0,0.0,0.14838489195209825,0.0,0.0,0.0,0.0,0.0,0.0,0.0,0.0,0.0,0.0,0.0,0.0,0.0,0.0,0.0,0.0,0.0,0.0,0.0,0.0,0.0,0.0,0.22877316348734356,0.0,0.0,0.0,0.0,0.0,0.0,0.0,0.0,0.0,0.0,0.0,0.0,0.0,0.0,0.0,0.2168053427776671,0.0,0.0,0.0,0.0,0.0,0.0,0.0,0.3096836676437463,0.0,0.0,0.0,0.0,0.0,0.0,0.0,0.0,0.0,0.0,0.0,0.0,0.0,0.0,0.0,0.0,0.0,0.0,0.1765511567956026,0.0,0.0,0.0,0.0,0.0,0.0,0.0,0.0,0.0,0.0,0.0,0.0,0.0,0.0,0.0
4ef4eed826dab18fbe3595b31ead256962bda13217893d6143943662265e593c,0.0,0.0,0.0,0.0,0.0,0.0,0.0,0.0,0.0,0.0,0.19090520166045988,0.0,0.12429345044818706,0.0,0.0,0.0,0.0,0.0,0.0,0.0,0.0,0.1817133335625624,0.0,0.0,0.0,0.0,0.0,0.0,0.0,0.0,0.0,0.0,0.0,0.0,0.2032499145181124,0.0,0.0,0.0,0.0,0.0,0.0,0.0,0.0,0.21519909743438523,0.0,0.0,0.0,0.0,0.0,0.0,0.0,0.0,0.0,0.0,0.0,0.347221983155631,0.0,0.0,0.0,0.0,0.0,0.0,0.0,0.0,0.0,0.0,0.0,0.0,0.0,0.0,0.0,0.0,0.43279154461756153,0.0,0.0,0.1180300210868451,0.25198474844445357,0.2008407105456028,0.0,0.10798827984680931,0.0,0.0,0.0,0.0,0.0,0.0,0.0,0.0,0.2589678388985962,0.0,0.0,0.0,0.0,0.0,0.0,0.0,0.0,0.0,0.0,0.15197019687673444,0.0,0.0,0.16649148087182855,0.0,0.2831890026492505,0.0,0.0,0.0,0.0,0.0,0.0,0.0,0.0,0.0,0.0,0.0,0.155128625306808,0.0,0.15778180460390911,0.1398614101423952,0.0,0.0,0.0,0.0,0.19621315315679524,0.0,0.0,0.0,0.0,0.0,0.0,0.0,0.0,0.17823922450244906,0.0,0.0,0.0,0.0,0.0,0.0,0.0,0.0,0.0,0.19181873939888835,0.0,0.12848650207243587,0.0,0.0,0.0,0.0,0.0,0.0,0.0,0.0,0.0,0.0,0.0,0.0,0.0,0.0,0.0
13df58cb2a7de61146bfeff4f4a54b00268bc3532c909616448342b1e99c0591,0.0,0.0,0.0,0.0,0.0,0.0,0.0,0.0,0.0,0.0,0.3808049062693046,0.0,0.24793224771315175,0.0,0.0,0.0,0.0,0.0,0.0,0.0,0.0,0.3624695836116997,0.0,0.0,0.0,0.0,0.0,0.0,0.0,0.0,0.0,0.0,0.0,0.0,0.0,0.0,0.0,0.0,0.0,0.0,0.0,0.0,0.0,0.0,0.0,0.0,0.0,0.0,0.0,0.0,0.0,0.0,0.0,0.0,0.0,0.0,0.0,0.0,0.0,0.0,0.0,0.0,0.0,0.0,0.4787971291741776,0.0,0.0,0.0,0.0,0.0,0.0,0.0,0.0,0.0,0.0,0.23543837845173474,0.0,0.0,0.0,0.21540778578881908,0.0,0.0,0.0,0.0,0.0,0.0,0.0,0.0,0.0,0.0,0.0,0.0,0.0,0.0,0.0,0.0,0.0,0.0,0.0,0.0,0.0,0.0,0.0,0.0,0.0,0.0,0.0,0.0,0.0,0.0,0.0,0.0,0.0,0.0,0.0,0.0,0.30944018866867984,0.28655365036109903,0.0,0.0,0.0,0.0,0.0,0.0,0.3913928522993925,0.0,0.0,0.0,0.0,0.0,0.0,0.0,0.0,0.0,0.0,0.0,0.0,0.0,0.0,0.0,0.0,0.0,0.0,0.0,0.0,0.0,0.0,0.0,0.0,0.0,0.0,0.0,0.0,0.0,0.0,0.0,0.0,0.0,0.0,0.0,0.0
efc68e9572dcd8d5bc5a55b2d2093e2f3301e7b843e7ffe1354c99c7223aa231,0.0,0.0,0.0,0.0,0.0,0.0,0.0,0.0,0.0,0.0,0.24308609746671656,0.0,0.15826708516754054,0.0,0.0,0.0,0.0,0.0,0.0,0.0,0.0,0.23138177864820267,0.0,0.0,0.0,0.0,0.3323064384895989,0.0,0.0,0.0,0.0,0.0,0.0,0.0,0.0,0.0,0.0,0.0,0.0,0.0,0.0,0.0,0.0,0.0,0.3070023126318294,0.0,0.0,0.0,0.0,0.0,0.0,0.0,0.0,0.0,0.0,0.0,0.0,0.0,0.3056392491091177,0.0,0.0,0.0,0.0,0.0,0.3056392491091177,0.0,0.0,0.0,0.0,0.0,0.0,0.0,0.0,0.0,0.0,0.15029164716499177,0.0,0.0,0.0,0.1375051559191827,0.0,0.0,0.0,0.0,0.0,0.0,0.0,0.0,0.0,0.0,0.0,0.0,0.0,0.0,0.0,0.0,0.0,0.0,0.0,0.0,0.0,0.0,0.0,0.0,0.36059420540009257,0.0,0.0,0.0,0.0,0.0,0.0,0.0,0.0,0.0,0.0,0.0,0.0,0.18292098508799168,0.0,0.17809029865082202,0.0,0.0,0.0,0.0,0.24984489295036014,0.0,0.0,0.0,0.0,0.0,0.0,0.0,0.0,0.22695807721811412,0.0,0.0,0.0,0.0,0.0,0.0,0.0,0.0,0.3056392491091177,0.0,0.0,0.16360624065911258,0.0,0.0,0.0,0.0,0.0,0.0,0.0,0.0,0.0,0.0,0.0,0.0,0.0,0.0,0.0
7057d3a37ba472e8991a2b77c92b1d3bcc485e84f5e6a3a88ebf90092148b00a,0.0,0.0,0.0,0.0,0.0,0.0,0.0,0.0,0.0,0.0,0.0,0.0,0.0,0.0,0.0,0.0,0.0,0.0,0.0,0.0,0.0,0.0,0.0,0.0,0.0,0.0,0.3831453230790484,0.0,0.0,0.0,0.0,0.0,0.0,0.0,0.0,0.0,0.0,0.0,0.0,0.0,0.0,0.0,0.3342258191793051,0.0,0.3539699705909219,0.0,0.0,0.0,0.0,0.0,0.0,0.0,0.0,0.0,0.0,0.0,0.0,0.0,0.352398374758592,0.0,0.0,0.0,0.0,0.0,0.0,0.0,0.0,0.0,0.0,0.0,0.0,0.0,0.0,0.0,0.0,0.0,0.0,0.2948620505937577,0.0,0.15854178940724672,0.0,0.0,0.0,0.0,0.0,0.0,0.0,0.0,0.0,0.0,0.0,0.0,0.0,0.0,0.0,0.0,0.0,0.0,0.0,0.2231133506672015,0.0,0.0,0.24443261190868942,0.0,0.0,0.0,0.0,0.0,0.0,0.0,0.0,0.0,0.0,0.0,0.0,0.0,0.0,0.0,0.0,0.2053359703891176,0.0,0.0,0.0,0.0,0.0,0.0,0.0,0.0,0.0,0.0,0.0,0.0,0.0,0.26167993077827684,0.0,0.0,0.0,0.0,0.0,0.0,0.0,0.0,0.352398374758592,0.0,0.0,0.18863602589224662,0.0,0.0,0.0,0.0,0.0,0.0,0.0,0.0,0.0,0.0,0.0,0.0,0.0,0.0,0.0
1479052d908e0057cf19343d000533864d9a270a1d304218a1865da2d77f58e2,0.0,0.0,0.0,0.0,0.0,0.0,0.0,0.0,0.0,0.0,0.2401491517017114,0.0,0.15635491556851125,0.0,0.0,0.0,0.0,0.30603693254993697,0.0,0.0,0.0,0.2285862434778162,0.0,0.0,0.0,0.0,0.0,0.0,0.0,0.0,0.0,0.0,0.0,0.0,0.0,0.0,0.0,0.0,0.0,0.0,0.0,0.0,0.2863756969016577,0.0,0.0,0.0,0.0,0.3266031048636833,0.0,0.0,0.0,0.0,0.0,0.0,0.0,0.0,0.0,0.0,0.0,0.0,0.0,0.0,0.0,0.0,0.3019465414321051,0.0,0.0,0.0,0.0,0.0,0.0,0.0,0.0,0.0,0.0,0.14847583613648443,0.3169841526284522,0.25264752267190416,0.0,0.1358438302014562,0.0,0.0,0.0,0.0,0.0,0.0,0.0,0.0,0.0,0.0,0.0,0.0,0.0,0.0,0.0,0.0,0.0,0.0,0.0,0.0,0.0,0.0,0.0,0.0,0.3562375365676423,0.0,0.0,0.0,0.0,0.0,0.0,0.0,0.0,0.0,0.0,0.0,0.19514401623451724,0.18071094914565108,0.19848158248189807,0.0,0.0,0.0,0.0,0.0,0.0,0.0,0.0,0.0,0.0,0.0,0.0,0.0,0.0,0.22421598883598967,0.0,0.0,0.0,0.0,0.0,0.0,0.0,0.0,0.0,0.0,0.0,0.0,0.0,0.0,0.0,0.0,0.0,0.0,0.0,0.0,0.0,0.0,0.0,0.0,0.0,0.0,0.0
4726664a1167df53e184eaf298ce91c539a5c0ad60297706caf8eee472d26455,0.0,0.0,0.0,0.0,0.0,0.0,0.0,0.0,0.0,0.0,0.23495487277091262,0.0,0.1529730545962389,0.0,0.0,0.0,0.0,0.0,0.0,0.0,0.0,0.22364206316340038,0.0,0.0,0.0,0.0,0.0,0.0,0.0,0.0,0.0,0.0,0.0,0.0,0.0,0.0,0.0,0.0,0.0,0.0,0.0,0.0,0.0,0.0,0.0,0.0,0.0,0.3195388799255329,0.0,0.0,0.0,0.0,0.0,0.0,0.0,0.0,0.0,0.0,0.0,0.0,0.0,0.0,0.0,0.0,0.2954156228455742,0.0,0.0,0.25014801792167635,0.0,0.0,0.0,0.0,0.5326543300941764,0.0,0.0,0.1452643948221532,0.0,0.24718291163899403,0.0,0.13290561143160246,0.0,0.0,0.0,0.0,0.0,0.0,0.0,0.0,0.0,0.0,0.0,0.0,0.0,0.0,0.0,0.0,0.0,0.0,0.0,0.0,0.0,0.0,0.0,0.0,0.0,0.0,0.0,0.0,0.0,0.0,0.0,0.0,0.0,0.0,0.0,0.0,0.19092317079402435,0.0,0.1941885475295286,0.1721331820178112,0.0,0.0,0.0,0.0,0.0,0.0,0.0,0.0,0.0,0.0,0.0,0.0,0.0,0.0,0.0,0.0,0.0,0.0,0.0,0.0,0.0,0.0,0.0,0.0,0.0,0.15813361545224666,0.32718124653555963,0.0,0.0,0.0,0.0,0.0,0.0,0.0,0.0,0.0,0.0,0.0,0.0,0.0,0.0
6062bbdc53fc6a43026c807a0abd7199c0d8f5bf8cb3d6adcc3e20a99afdb375,0.0,0.0,0.0,0.0,0.0,0.0,0.0,0.0,0.0,0.0,0.0,0.41626896717502193,0.0,0.0,0.0,0.0,0.0,0.0,0.0,0.0,0.0,0.0,0.0,0.0,0.0,0.0,0.0,0.0,0.0,0.0,0.0,0.0,0.0,0.0,0.0,0.0,0.0,0.0,0.0,0.0,0.0,0.0,0.0,0.2683876632301031,0.0,0.0,0.0,0.0,0.0,0.0,0.0,0.0,0.0,0.0,0.0,0.0,0.0,0.0,0.0,0.0,0.0,0.0,0.0,0.0,0.0,0.0,0.0,0.0,0.0,0.0,0.0,0.0,0.0,0.0,0.4643424853012639,0.14720229744530777,0.0,0.2504804603153276,0.0,0.1346786414527621,0.0,0.0,0.0,0.0,0.0,0.0,0.0,0.0,0.0,0.0,0.0,0.0,0.0,0.0,0.0,0.0,0.0,0.0,0.0,0.0,0.0,0.0,0.0,0.0,0.0,0.0,0.0,0.0,0.0,0.0,0.0,0.0,0.0,0.4501920824939462,0.0,0.0,0.0,0.0,0.19677912381014284,0.17442952824479036,0.0,0.0,0.0,0.0,0.0,0.0,0.0,0.0,0.0,0.0,0.0,0.0,0.0,0.22229279551111372,0.0,0.0,0.0,0.0,0.0,0.0,0.0,0.0,0.29935662098991767,0.0,0.0,0.16024320017580546,0.0,0.0,0.0,0.0,0.0,0.0,0.0,0.0,0.0,0.0,0.0,0.0,0.0,0.0,0.0
6248995ca509223d8941ef0f7348b8a31dc71a453e5b5e85d3ae871abc2cfba1,0.0,0.0,0.0,0.0,0.0,0.0,0.0,0.0,0.0,0.0,0.0,0.0,0.0,0.0,0.0,0.0,0.0,0.0,0.0,0.0,0.6155280296983339,0.0,0.0,0.0,0.0,0.0,0.0,0.0,0.0,0.0,0.0,0.0,0.0,0.0,0.0,0.0,0.0,0.0,0.0,0.0,0.0,0.0,0.0,0.37745191334680195,0.0,0.0,0.0,0.0,0.0,0.0,0.0,0.0,0.0,0.0,0.0,0.0,0.0,0.0,0.0,0.0,0.0,0.0,0.0,0.0,0.0,0.0,0.0,0.3564934520500333,0.0,0.0,0.0,0.0,0.0,0.0,0.0,0.0,0.0,0.0,0.0,0.0,0.0,0.0,0.0,0.0,0.0,0.0,0.0,0.0,0.0,0.0,0.0,0.0,0.0,0.0,0.0,0.0,0.0,0.0,0.0,0.0,0.0,0.0,0.0,0.0,0.0,0.0,0.0,0.0,0.0,0.0,0.0,0.0,0.0,0.0,0.0,0.0,0.0,0.0,0.2767439303838866,0.0,0.0,0.0,0.0,0.0,0.0,0.0,0.0,0.0,0.0,0.0,0.0,0.0,0.0,0.3126255505900178,0.0,0.0,0.0,0.0,0.0,0.0,0.0,0.0,0.4210056751707068,0.0,0.0,0.0,0.0,0.0,0.0,0.0,0.0,0.0,0.0,0.0,0.0,0.0,0.0,0.0,0.0,0.0,0.0
2441721595344866251f220536f40eb877df6f30e392c13156712c55598717a0,0.0,0.0,0.0,0.0,0.0,0.0,0.0,0.0,0.0,0.5747656345680872,0.0,0.0,0.0,0.0,0.0,0.0,0.0,0.0,0.0,0.0,0.0,0.0,0.0,0.0,0.0,0.0,0.0,0.0,0.6075147759462765,0.0,0.0,0.0,0.0,0.0,0.0,0.0,0.0,0.0,0.0,0.0,0.0,0.0,0.2539789076509013,0.0,0.0,0.0,0.0,0.0,0.0,0.0,0.0,0.0,0.0,0.0,0.0,0.0,0.0,0.0,0.0,0.0,0.0,0.0,0.0,0.0,0.0,0.0,0.0,0.0,0.0,0.0,0.0,0.0,0.0,0.0,0.0,0.13167922795993464,0.0,0.0,0.0,0.0,0.0,0.0,0.0,0.0,0.0,0.0,0.0,0.0,0.0,0.0,0.0,0.0,0.0,0.0,0.0,0.0,0.0,0.0,0.0,0.16954430757005093,0.0,0.0,0.18574485932674348,0.0,0.0,0.0,0.0,0.0,0.0,0.0,0.0,0.0,0.0,0.0,0.0,0.0,0.0,0.0,0.0,0.0,0.0,0.0,0.0,0.0,0.0,0.0,0.2514374868338084,0.0,0.0,0.0,0.0,0.0,0.0,0.0,0.0,0.0,0.0,0.0,0.0,0.0,0.0,0.0,0.2677882711123653,0.0,0.0,0.14334491547470024,0.0,0.0,0.0,0.0,0.0,0.0,0.0,0.0,0.0,0.0,0.0,0.0,0.0,0.0,0.0
5a5d64bb6b478e02a7bed40b6796af0c0d4d96dc8b95bca2a29c8fa01c1ae855,0.0,0.0,0.0,0.0,0.0,0.0,0.0,0.0,0.0,0.0,0.0,0.0,0.0,0.0,0.0,0.0,0.0,0.0,0.0,0.5243643569237005,0.45534060985639496,0.0,0.0,0.0,0.0,0.0,0.0,0.0,0.0,0.0,0.0,0.0,0.0,0.0,0.0,0.0,0.0,0.0,0.0,0.0,0.0,0.0,0.0,0.0,0.0,0.0,0.0,0.33687342354881145,0.0,0.0,0.0,0.0,0.0,0.0,0.0,0.0,0.0,0.0,0.0,0.0,0.0,0.0,0.0,0.0,0.0,0.0,0.0,0.0,0.0,0.0,0.0,0.0,0.0,0.0,0.0,0.15314478793594455,0.0,0.0,0.0,0.14011555758800293,0.0,0.0,0.0,0.0,0.0,0.0,0.0,0.0,0.0,0.0,0.0,0.0,0.0,0.0,0.0,0.0,0.0,0.0,0.0,0.19718240629769024,0.0,0.0,0.21602387508256848,0.0,0.0,0.0,0.0,0.0,0.0,0.0,0.0,0.0,0.0,0.0,0.0,0.0,0.0,0.0,0.0,0.0,0.2166196511230926,0.0,0.0,0.0,0.0,0.0,0.0,0.0,0.4481889359533855,0.0,0.0,0.0,0.0,0.0,0.0,0.0,0.0,0.0,0.0,0.0,0.0,0.0,0.0,0.0,0.0,0.1667121460398313,0.0,0.0,0.0,0.0,0.0,0.0,0.0,0.0,0.0,0.0,0.0,0.0,0.0,0.0,0.0
bdc9b4576df059ca895dc4f4d5491059ed86f74fa9b99ce5e9465476c4f6d9b8,0.0,0.0,0.0,0.0,0.0,0.0,0.0,0.0,0.0,0.0,0.0,0.0,0.25081810561717494,0.0,0.0,0.0,0.0,0.0,0.0,0.0,0.0,0.0,0.0,0.0,0.0,0.0,0.0,0.0,0.0,0.0,0.0,0.0,0.0,0.0,0.41014838949648985,0.0,0.0,0.0,0.0,0.0,0.0,0.0,0.0,0.0,0.0,0.0,0.0,0.5239232278226772,0.0,0.0,0.0,0.0,0.0,0.0,0.0,0.0,0.0,0.0,0.0,0.0,0.0,0.0,0.0,0.0,0.0,0.0,0.0,0.0,0.0,0.0,0.0,0.0,0.0,0.0,0.0,0.0,0.0,0.0,0.0,0.0,0.0,0.0,0.0,0.0,0.0,0.0,0.0,0.0,0.0,0.0,0.0,0.0,0.0,0.0,0.0,0.0,0.0,0.0,0.0,0.0,0.0,0.0,0.3359716677193529,0.0,0.0,0.0,0.0,0.0,0.0,0.0,0.0,0.0,0.0,0.0,0.0,0.0,0.0,0.0,0.0,0.282233487077307,0.0,0.0,0.0,0.0,0.0,0.0,0.0,0.0,0.0,0.0,0.0,0.0,0.0,0.0,0.0,0.0,0.0,0.0,0.0,0.0,0.0,0.0,0.48437018589590564,0.0,0.0,0.25927947877365926,0.0,0.0,0.0,0.0,0.0,0.0,0.0,0.0,0.0,0.0,0.0,0.0,0.0,0.0,0.0
d71a7b1efc4a06afffd94f526ad496368a9c4489296076449c74eec2d76ee4ca,0.0,0.3628322285489928,0.0,0.0,0.0,0.0,0.0,0.0,0.0,0.0,0.0,0.0,0.16964161269881248,0.0,0.0,0.0,0.0,0.0,0.0,0.0,0.0,0.0,0.0,0.0,0.0,0.0,0.0,0.0,0.0,0.0,0.0,0.0,0.0,0.0,0.0,0.0,0.0,0.0,0.0,0.0,0.0,0.0,0.0,0.0,0.0,0.0,0.0,0.0,0.0,0.0,0.0,0.0,0.0,0.0,0.0,0.4739050768532294,0.0,0.0,0.0,0.0,0.0,0.0,0.0,0.0,0.32760529498624213,0.0,0.0,0.2774051501138553,0.0,0.0,0.0,0.0,0.0,0.0,0.0,0.16109298641117015,0.0,0.0,0.0,0.0,0.0,0.0,0.0,0.0,0.0,0.0,0.0,0.0,0.0,0.0,0.0,0.0,0.0,0.0,0.0,0.0,0.0,0.0,0.0,0.0,0.0,0.0,0.22723549160367243,0.0,0.38650981958227437,0.0,0.0,0.0,0.0,0.0,0.0,0.0,0.0,0.0,0.0,0.0,0.21172692589918013,0.19606736848620868,0.0,0.0,0.22786218835838273,0.0,0.0,0.0,0.0,0.0,0.0,0.0,0.0,0.0,0.0,0.0,0.0,0.0,0.0,0.0,0.0,0.0,0.0,0.0,0.0,0.0,0.0,0.2618033386324363,0.0,0.0,0.0,0.0,0.0,0.0,0.0,0.0,0.0,0.0,0.0,0.0,0.0,0.0,0.0,0.0,0.0
5a470ca467d4dd545901e059df5ff7960d65c7492255c728f4c382c5f9ca1a36,0.0,0.0,0.0,0.0,0.0,0.0,0.0,0.0,0.0,0.0,0.0,0.0,0.0,0.0,0.0,0.0,0.0,0.0,0.0,0.0,0.0,0.0,0.0,0.0,0.0,0.0,0.39513111906090265,0.0,0.0,0.0,0.0,0.0,0.0,0.0,0.0,0.0,0.0,0.0,0.0,0.0,0.0,0.0,0.3446812840884377,0.0,0.36504308461750345,0.0,0.0,0.0,0.0,0.0,0.0,0.0,0.0,0.0,0.0,0.0,0.0,0.0,0.36342232512356115,0.0,0.0,0.0,0.0,0.0,0.0,0.0,0.0,0.0,0.0,0.0,0.0,0.0,0.0,0.0,0.0,0.0,0.0,0.3040861130273185,0.0,0.1635013946222145,0.0,0.0,0.0,0.0,0.0,0.0,0.0,0.0,0.0,0.0,0.0,0.0,0.0,0.0,0.0,0.0,0.0,0.0,0.0,0.23009292458039593,0.0,0.0,0.0,0.0,0.0,0.0,0.0,0.0,0.0,0.0,0.0,0.0,0.0,0.0,0.0,0.0,0.0,0.0,0.0,0.21175942097189365,0.0,0.0,0.0,0.0,0.0,0.0,0.0,0.0,0.0,0.0,0.0,0.0,0.0,0.26986596900953846,0.0,0.0,0.0,0.0,0.0,0.0,0.0,0.0,0.36342232512356115,0.0,0.0,0.19453705817681866,0.0,0.0,0.0,0.0,0.0,0.0,0.0,0.0,0.0,0.0,0.0,0.0,0.0,0.0,0.0
d71902d94f791bc465df2e02f65b2c45f1abce409d173a040df1dcdb64e5d2f7,0.0,0.0,0.0,0.0,0.0,0.0,0.0,0.0,0.0,0.0,0.15169869936948902,0.0,0.09876710853940693,0.0,0.0,0.0,0.0,0.0,0.0,0.0,0.0,0.14439457971691408,0.0,0.0,0.0,0.0,0.0,0.32691534382449006,0.0,0.0,0.0,0.0,0.0,0.0,0.0,0.0,0.0,0.0,0.0,0.0,0.0,0.2851695231707931,0.0,0.17100331946086347,0.0,0.0,0.0,0.0,0.0,0.0,0.0,0.0,0.0,0.0,0.0,0.0,0.0,0.0,0.19073520472502029,0.0,0.0,0.0,0.0,0.0,0.0,0.0,0.0,0.0,0.0,0.0,0.0,0.0,0.0,0.0,0.295856021836391,0.09379000954239704,0.20023424331810005,0.15959373712823413,0.0,0.08581055653499427,0.0,0.0,0.0,0.0,0.0,0.0,0.0,0.0,0.0,0.0,0.0,0.0,0.4962310962016296,0.0,0.0,0.0,0.0,0.0,0.0,0.12075983791226708,0.0,0.0,0.0,0.0,0.0,0.0,0.157993858015693,0.0,0.0,0.0,0.0,0.0,0.0,0.2868400863696216,0.0,0.0,0.12326961491533661,0.11415245797441552,0.0,0.11113785180311521,0.13266373227408437,0.0,0.0,0.0,0.0,0.0,0.0,0.0,0.0,0.0,0.0,0.0,0.0,0.14163395391257222,0.0,0.0,0.0,0.0,0.0,0.0,0.0,0.0,0.0,0.0,0.0,0.1020990265398341,0.21124469125578013,0.0,0.0,0.0,0.0,0.0,0.0,0.0,0.14817890699516797,0.0,0.0,0.0,0.0,0.0,0.0
4e2554b448424859b508433e6c4a043718343febc7894a849f446dd197b47d1e,0.0,0.19843711645911902,0.23369028447714016,0.0,0.0,0.0,0.0,0.0,0.0,0.0,0.0,0.0,0.09277894797286873,0.0,0.0,0.0,0.0,0.18159828579476547,0.0,0.0,0.0,0.13564006679181723,0.0,0.0,0.0,0.0,0.0,0.0,0.0,0.0,0.0,0.0,0.0,0.0,0.0,0.32677986803554226,0.0,0.0,0.0,0.0,0.0,0.0,0.16993156746575513,0.0,0.0,0.0,0.0,0.19380198162460358,0.0,0.0,0.21971141582031764,0.0,0.26634760178371875,0.0,0.0,0.0,0.0,0.0,0.0,0.0,0.13463040463132522,0.0,0.0,0.18809422203328474,0.1791711015688643,0.0,0.0,0.0,0.0,0.0,0.0,0.0,0.0,0.0,0.0,0.08810360599183709,0.0,0.0,0.0,0.08060794001179687,0.0,0.0,0.0,0.0,0.29199939920059814,0.27270600490911706,0.0,0.0,0.0,0.0,0.0,0.0,0.0,0.0,0.0,0.0,0.0,0.0,0.0,0.0,0.0,0.0,0.0,0.0,0.0,0.0,0.0,0.0,0.0,0.0,0.0,0.0,0.0,0.0,0.18629764175364566,0.0,0.0,0.1072314975704459,0.11777635738347904,0.10439966424797735,0.12462045003203623,0.0,0.203427618112996,0.27791853850279025,0.0,0.0,0.0,0.0,0.0,0.0,0.0,0.0,0.0,0.0,0.0,0.0,0.0,0.0,0.0,0.0,0.0,0.0,0.0,0.0,0.0,0.09590885479491726,0.0,0.0,0.0,0.0,0.0,0.0,0.0,0.0,0.13919495372587523,0.0,0.0,0.24574711239292993,0.0,0.0,0.0
4f238c7e73db474d3eefe101a8fb04099da84ed09d79948a484552eae71a1d07,0.0,0.0,0.0,0.0,0.0,0.0,0.0,0.0,0.0,0.0,0.0,0.0,0.0,0.0,0.0,0.0,0.0,0.0,0.0,0.0,0.0,0.0,0.0,0.0,0.0,0.0,0.0,0.0,0.0,0.0,0.0,0.0,0.0,0.0,0.3467582886555867,0.0,0.0,0.0,0.0,0.0,0.0,0.0,0.0,0.0,0.0,0.0,0.0,0.0,0.0,0.0,0.0,0.0,0.0,0.0,0.0,0.0,0.0,0.0,0.0,0.0,0.30770774748632646,0.0,0.0,0.42990325651586275,0.0,0.0,0.0,0.3467582886555867,0.0,0.0,0.0,0.0,0.0,0.0,0.0,0.20136730792282806,0.0,0.0,0.0,0.18423540892167625,0.0,0.0,0.0,0.0,0.0,0.0,0.0,0.0,0.0,0.0,0.0,0.0,0.0,0.0,0.0,0.0,0.0,0.0,0.0,0.0,0.0,0.0,0.0,0.0,0.0,0.0,0.33921307836715797,0.0,0.0,0.0,0.0,0.0,0.0,0.0,0.0,0.0,0.0,0.24508551888664556,0.0,0.0,0.28482925588093955,0.0,0.0,0.0,0.0,0.0,0.0,0.0,0.0,0.0,0.0,0.0,0.0,0.0,0.0,0.0,0.0,0.0,0.0,0.0,0.0,0.0,0.0,0.0,0.0,0.21920678136378746,0.0,0.0,0.0,0.0,0.0,0.0,0.0,0.0,0.31814036205077767,0.0,0.0,0.0,0.0,0.0,0.0
5a96b929383817aa298eec8cca019bcd984fcd71dd8ee353541392c1082756a4,0.0,0.0,0.0,0.0,0.0,0.0,0.0,0.0,0.0,0.0,0.0,0.0,0.0,0.0,0.0,0.0,0.0,0.5403609412194295,0.0,0.0,0.0,0.0,0.0,0.0,0.0,0.0,0.0,0.0,0.0,0.0,0.0,0.0,0.0,0.0,0.0,0.0,0.0,0.0,0.0,0.0,0.0,0.0,0.0,0.0,0.0,0.0,0.0,0.0,0.0,0.0,0.0,0.0,0.0,0.0,0.0,0.0,0.0,0.0,0.0,0.0,0.4006040687275722,0.0,0.0,0.0,0.0,0.0,0.0,0.0,0.0,0.0,0.0,0.0,0.0,0.0,0.0,0.0,0.0,0.0,0.0,0.0,0.0,0.0,0.0,0.0,0.0,0.0,0.0,0.0,0.0,0.0,0.0,0.0,0.0,0.0,0.0,0.0,0.0,0.0,0.0,0.33754511734082976,0.0,0.0,0.36979873423940707,0.0,0.0,0.0,0.44162079268259835,0.0,0.0,0.0,0.0,0.0,0.0,0.0,0.0,0.0,0.0,0.3190763211334527,0.0,0.0,0.0,0.0,0.0,0.0,0.0,0.0,0.0,0.0,0.0,0.0,0.0,0.0,0.0,0.0,0.0,0.0,0.0,0.0,0.0,0.0,0.0,0.0,0.0,0.0,0.0,0.0,0.0,0.0,0.0,0.0,0.0,0.0,0.0,0.0,0.0,0.0,0.0,0.0,0.0,0.0,0.0
5bd70163b5ee71238d37ffa0ff179e6a42fc28ff5e218c11502e8341b031b951,0.0,0.0,0.0,0.0,0.0,0.0,0.0,0.0,0.0,0.0,0.11647225419296947,0.0,0.07583207911155052,0.0,0.0,0.0,0.0,0.0,0.0,0.0,0.0,0.11086424776729488,0.2487359620175373,0.0,0.0,0.0,0.0,0.0,0.0,0.0,0.0,0.0,0.0,0.0,0.0,0.0,0.0,0.0,0.0,0.0,0.0,0.0,0.13889211237210028,0.13129408607238963,0.0,0.0,0.0,0.0,0.0,0.0,0.0,0.3441056415787798,0.21769693288116512,0.0,0.0,0.0,0.0,0.0,0.0,0.0,0.11003900904123433,0.0,0.0,0.0,0.14644396649816485,0.2902613301923847,0.0,0.12400382756755458,0.0,0.0,0.0,0.24053100973920105,0.0,0.0,0.0,0.07201072835552746,0.0,0.0,0.0,0.06588420991560737,0.0,0.0,0.0,0.0,0.0,0.22289391925968424,0.0,0.0,0.15799762236781684,0.0,0.0,0.0,0.0,0.0,0.0,0.0,0.0,0.0,0.0,0.0,0.0,0.0,0.0,0.0,0.0,0.0,0.0,0.0,0.0,0.0,0.0,0.0,0.0,0.0,0.0,0.0,0.09464477930505086,0.08764474683836686,0.09626349776229388,0.08533017210743807,0.0,0.0,0.16626982270514765,0.0,0.11971066294531292,0.0,0.13750229890696936,0.0,0.21074443442627297,0.0,0.0,0.0,0.0,0.10874467580160638,0.0,0.0,0.3441056415787798,0.0,0.0,0.0,0.0,0.0,0.0,0.0,0.0,0.07839028166640997,0.0,0.17550525960570199,0.0,0.0,0.332228417347247,0.0,0.0,0.0,0.11376980417967125,0.0,0.0,0.0,0.0,0.0,0.0
5be6173ef3d97650723e229a1a498e6a057fa99b3e8268f40cc2d922f9f9df28,0.0,0.0,0.0,0.0,0.0,0.0,0.0,0.0,0.0,0.0,0.0,0.0,0.0,0.0,0.0,0.0,0.0,0.0,0.0,0.0,0.0,0.0,0.0,0.0,0.0,0.0,0.0,0.0,0.0,0.0,0.0,0.0,0.0,0.0,0.3348389823578099,0.0,0.0,0.0,0.0,0.0,0.0,0.0,0.0,0.0,0.0,0.0,0.0,0.0,0.0,0.0,0.0,0.0,0.0,0.0,0.0,0.0,0.0,0.0,0.0,0.0,0.2971307461211728,0.0,0.0,0.41512596420457853,0.0,0.0,0.0,0.3348389823578099,0.0,0.0,0.0,0.0,0.0,0.0,0.0,0.1944456028042668,0.0,0.0,0.0,0.1779025876404675,0.0,0.0,0.0,0.0,0.0,0.0,0.0,0.0,0.0,0.0,0.0,0.0,0.0,0.0,0.0,0.0,0.0,0.0,0.0,0.0,0.0,0.0,0.0,0.0,0.0,0.0,0.3275531275785389,0.0,0.0,0.0,0.0,0.0,0.0,0.0,0.0,0.0,0.0,0.23666106454963334,0.2599336831870781,0.0,0.27503866902409657,0.0,0.0,0.0,0.0,0.0,0.0,0.0,0.0,0.0,0.0,0.0,0.0,0.0,0.0,0.0,0.0,0.0,0.0,0.0,0.0,0.0,0.0,0.0,0.0,0.2116718705769255,0.0,0.0,0.0,0.0,0.0,0.0,0.0,0.0,0.3072047549001288,0.0,0.0,0.0,0.0,0.0,0.0
5db51c8351fec16e636759570d5ce125cf1f8f1fea8b1e7084da967a66567e65,0.0,0.0,0.0,0.0,0.0,0.0,0.0,0.0,0.0,0.0,0.0,0.0,0.0,0.0,0.0,0.0,0.0,0.0,0.0,0.0,0.0,0.0,0.0,0.0,0.0,0.0,0.0,0.0,0.0,0.0,0.0,0.0,0.0,0.0,0.3467582886555867,0.0,0.0,0.0,0.0,0.0,0.0,0.0,0.0,0.0,0.0,0.0,0.0,0.0,0.0,0.0,0.0,0.0,0.0,0.0,0.0,0.0,0.0,0.0,0.0,0.0,0.30770774748632646,0.0,0.0,0.42990325651586275,0.0,0.0,0.0,0.3467582886555867,0.0,0.0,0.0,0.0,0.0,0.0,0.0,0.20136730792282806,0.0,0.0,0.0,0.18423540892167625,0.0,0.0,0.0,0.0,0.0,0.0,0.0,0.0,0.0,0.0,0.0,0.0,0.0,0.0,0.0,0.0,0.0,0.0,0.0,0.0,0.0,0.0,0.0,0.0,0.0,0.0,0.33921307836715797,0.0,0.0,0.0,0.0,0.0,0.0,0.0,0.0,0.0,0.0,0.24508551888664556,0.0,0.0,0.28482925588093955,0.0,0.0,0.0,0.0,0.0,0.0,0.0,0.0,0.0,0.0,0.0,0.0,0.0,0.0,0.0,0.0,0.0,0.0,0.0,0.0,0.0,0.0,0.0,0.0,0.21920678136378746,0.0,0.0,0.0,0.0,0.0,0.0,0.0,0.0,0.31814036205077767,0.0,0.0,0.0,0.0,0.0,0.0
5f1cae348c31c954f11e1b846cbcd7ad139c537e1025a5e4a3d314208e329a3c,0.0,0.0,0.0,0.0,0.0,0.0,0.0,0.0,0.0,0.0,0.0,0.0,0.1307512971861889,0.0,0.0,0.0,0.0,0.25592240430875923,0.0,0.0,0.0,0.0,0.0,0.0,0.0,0.0,0.0,0.0,0.0,0.0,0.0,0.0,0.0,0.0,0.0,0.0,0.0,0.0,0.0,0.0,0.0,0.0,0.23948075899208598,0.22638007909010735,0.0,0.0,0.0,0.27312080001253064,0.0,0.0,0.0,0.0,0.0,0.0,0.0,0.0,0.0,0.0,0.0,0.0,0.0,0.0,0.0,0.0,0.0,0.0,0.0,0.0,0.0,0.0,0.0,0.0,0.0,0.0,0.0,0.12416244225556718,0.2650769820247465,0.21127568135684083,0.0,0.11359896776509068,0.0,0.0,0.0,0.0,0.0,0.0,0.0,0.0,0.0,0.0,0.0,0.0,0.0,0.0,0.0,0.0,0.0,0.0,0.0,0.15986602917228265,0.0,0.0,0.17514178756760598,0.0,0.0,0.0,0.0,0.0,0.0,0.0,0.0,0.0,0.0,0.0,0.0,0.0,0.1631885583386445,0.0,0.0,0.1471281128367332,0.17562481418069428,0.0,0.0,0.0,0.20640769250297644,0.0,0.0,0.0,0.3633700737054934,0.0,0.0,0.0,0.0,0.0,0.0,0.0,0.0,0.0,0.0,0.0,0.0,0.0,0.25250182784200254,0.0,0.0,0.0,0.0,0.0,0.4660873776889533,0.0,0.0,0.0,0.0,0.0,0.0,0.0,0.0,0.0,0.0,0.0,0.0
5f4d8d2a980566724b1c3ec3f6722dda43a24dd395412f32f94feea8bb806d17,0.0,0.225093233595244,0.265081970204847,0.0,0.0,0.0,0.0,0.0,0.0,0.0,0.0,0.0,0.0,0.0,0.0,0.0,0.0,0.0,0.0,0.0,0.0,0.0,0.0,0.0,0.0,0.0,0.0,0.0,0.0,0.0,0.0,0.0,0.0,0.0,0.17209612967628174,0.0,0.0,0.0,0.0,0.0,0.0,0.0,0.0,0.0,0.0,0.31947369653562324,0.0,0.0,0.0,0.0,0.24922531594523106,0.0,0.0,0.0,0.0,0.0,0.0,0.0,0.0,0.0,0.15271534710566237,0.0,0.0,0.2133609750712955,0.20323920916914842,0.0,0.0,0.0,0.0,0.0,0.0,0.0,0.0,0.0,0.0,0.0999385897052657,0.0,0.0,0.0,0.09143602867483111,0.0,0.0,0.0,0.0,0.3312237657286856,0.30933868401821746,0.0,0.0,0.0,0.0,0.0,0.0,0.0,0.0,0.0,0.0,0.0,0.0,0.0,0.0,0.0,0.0,0.0,0.0,0.0,0.0,0.0,0.0,0.0,0.0,0.0,0.0,0.0,0.0,0.21132305962597242,0.0,0.0,0.12163593667399825,0.13359729065594428,0.11842370233532538,0.1413607523146232,0.0,0.2307541108271756,0.0,0.0,0.0,0.0,0.0,0.0,0.0,0.0,0.0,0.0,0.0,0.0,0.0,0.0,0.0,0.0,0.0,0.0,0.0,0.0,0.0,0.3152514188067491,0.10879231991184564,0.225093233595244,0.0,0.0,0.0,0.0,0.0,0.0,0.0,0.1578930534437212,0.0,0.0,0.0,0.0,0.0,0.0
5f56d5748940e4039053f85978074bde16d64bd5ba97f6f0026ba8172cb29e93,0.0,0.0,0.0,0.0,0.0,0.0,0.0,0.0,0.0,0.0,0.0,0.0,0.0,0.0,0.0,0.0,0.0,0.0,0.0,0.0,0.0,0.0,0.0,0.0,0.0,0.0,0.0,0.0,0.0,0.0,0.0,0.0,0.0,0.0,0.0,0.0,0.0,0.0,0.0,0.0,0.0,0.0,0.3240273745036159,0.0,0.0,0.0,0.0,0.0,0.0,0.0,0.0,0.0,0.0,0.0,0.0,0.0,0.0,0.0,0.0,0.0,0.0,0.0,0.0,0.0,0.0,0.0,0.0,0.2892938554168396,0.0,0.0,0.0,0.0,0.0,0.0,0.0,0.0,0.0,0.0,0.0,0.0,0.0,0.0,0.0,0.0,0.0,0.0,0.0,0.0,0.0,0.0,0.0,0.0,0.0,0.0,0.0,0.0,0.0,0.0,0.0,0.0,0.0,0.0,0.2369740843909586,0.0,0.0,0.0,0.0,0.0,0.0,0.0,0.0,0.0,0.0,0.0,0.0,0.0,0.0,0.0,0.22457724854011535,0.1990704235229764,0.0,0.0,0.0,0.0,0.0,0.0,0.0,0.0,0.0,0.0,0.0,0.0,0.0,0.25369512486671225,0.7750699443616803,0.0,0.0,0.0,0.0,0.0,0.0,0.0,0.0,0.0,0.0,0.0,0.0,0.0,0.0,0.0,0.0,0.0,0.0,0.0,0.0,0.0,0.0,0.0,0.0,0.0,0.0
5f57eb74bdc82cff74875087c7b7e535cba2cf7b08bbb4cefad986287f95849d,0.0,0.0,0.0,0.0,0.0,0.0,0.0,0.0,0.0,0.0,0.0,0.0,0.0,0.0,0.0,0.0,0.0,0.0,0.0,0.0,0.0,0.0,0.0,0.0,0.0,0.0,0.0,0.0,0.0,0.0,0.0,0.0,0.0,0.0,0.3467582886555867,0.0,0.0,0.0,0.0,0.0,0.0,0.0,0.0,0.0,0.0,0.0,0.0,0.0,0.0,0.0,0.0,0.0,0.0,0.0,0.0,0.0,0.0,0.0,0.0,0.0,0.30770774748632646,0.0,0.0,0.42990325651586275,0.0,0.0,0.0,0.3467582886555867,0.0,0.0,0.0,0.0,0.0,0.0,0.0,0.20136730792282806,0.0,0.0,0.0,0.18423540892167625,0.0,0.0,0.0,0.0,0.0,0.0,0.0,0.0,0.0,0.0,0.0,0.0,0.0,0.0,0.0,0.0,0.0,0.0,0.0,0.0,0.0,0.0,0.0,0.0,0.0,0.0,0.33921307836715797,0.0,0.0,0.0,0.0,0.0,0.0,0.0,0.0,0.0,0.0,0.24508551888664556,0.0,0.0,0.28482925588093955,0.0,0.0,0.0,0.0,0.0,0.0,0.0,0.0,0.0,0.0,0.0,0.0,0.0,0.0,0.0,0.0,0.0,0.0,0.0,0.0,0.0,0.0,0.0,0.0,0.21920678136378746,0.0,0.0,0.0,0.0,0.0,0.0,0.0,0.0,0.31814036205077767,0.0,0.0,0.0,0.0,0.0,0.0
d6673bf9b292d3f876c922f011d4bd8f7ec1025f797b67d04426ce176084f249,0.0,0.0,0.0,0.0,0.0,0.0,0.0,0.0,0.0,0.0,0.3324998856264807,0.0,0.21648209529485318,0.0,0.0,0.0,0.0,0.0,0.0,0.0,0.0,0.0,0.0,0.0,0.0,0.0,0.0,0.0,0.0,0.0,0.0,0.0,0.0,0.0,0.0,0.0,0.0,0.0,0.0,0.0,0.0,0.0,0.3965031139659292,0.0,0.0,0.0,0.0,0.0,0.0,0.0,0.0,0.0,0.0,0.0,0.0,0.0,0.0,0.0,0.0,0.0,0.0,0.0,0.0,0.0,0.0,0.0,0.0,0.0,0.0,0.0,0.0,0.0,0.0,0.0,0.0,0.2055730706681707,0.0,0.0,0.0,0.18808335438615406,0.0,0.0,0.0,0.0,0.0,0.0,0.0,0.0,0.0,0.0,0.0,0.0,0.0,0.0,0.0,0.0,0.0,0.0,0.0,0.0,0.0,0.0,0.2899784702887547,0.0,0.0,0.0,0.0,0.0,0.0,0.0,0.0,0.0,0.0,0.0,0.0,0.0,0.2701877671392444,0.0,0.2748088136333138,0.24359683482389136,0.0,0.0,0.0,0.0,0.0,0.0,0.3925355354091293,0.0,0.0,0.0,0.0,0.0,0.0,0.0,0.0,0.0,0.0,0.0,0.0,0.0,0.0,0.0,0.0,0.3340909957214439,0.0,0.22378513980784834,0.0,0.0,0.0,0.0,0.0,0.0,0.0,0.0,0.0,0.0,0.0,0.0,0.0,0.0,0.0
5fb7a496e9f7907ca6629b3aaa93a6ed5b4cde34e558d7c3621602d9349cad80,0.0,0.0,0.0,0.0,0.0,0.0,0.0,0.0,0.0,0.0,0.0,0.0,0.0,0.0,0.0,0.0,0.0,0.0,0.0,0.0,0.0,0.0,0.0,0.0,0.0,0.0,0.0,0.0,0.0,0.0,0.0,0.0,0.0,0.0,0.3467582886555867,0.0,0.0,0.0,0.0,0.0,0.0,0.0,0.0,0.0,0.0,0.0,0.0,0.0,0.0,0.0,0.0,0.0,0.0,0.0,0.0,0.0,0.0,0.0,0.0,0.0,0.30770774748632646,0.0,0.0,0.42990325651586275,0.0,0.0,0.0,0.3467582886555867,0.0,0.0,0.0,0.0,0.0,0.0,0.0,0.20136730792282806,0.0,0.0,0.0,0.18423540892167625,0.0,0.0,0.0,0.0,0.0,0.0,0.0,0.0,0.0,0.0,0.0,0.0,0.0,0.0,0.0,0.0,0.0,0.0,0.0,0.0,0.0,0.0,0.0,0.0,0.0,0.0,0.33921307836715797,0.0,0.0,0.0,0.0,0.0,0.0,0.0,0.0,0.0,0.0,0.24508551888664556,0.0,0.0,0.28482925588093955,0.0,0.0,0.0,0.0,0.0,0.0,0.0,0.0,0.0,0.0,0.0,0.0,0.0,0.0,0.0,0.0,0.0,0.0,0.0,0.0,0.0,0.0,0.0,0.0,0.21920678136378746,0.0,0.0,0.0,0.0,0.0,0.0,0.0,0.0,0.31814036205077767,0.0,0.0,0.0,0.0,0.0,0.0
5fe9d5029550e3e4c3101945b39311b73bcb91e10ba8d68edb9d1c7c8a13fb29,0.0,0.0,0.0,0.0,0.0,0.0,0.0,0.0,0.0,0.0,0.0,0.0,0.0,0.0,0.0,0.0,0.0,0.0,0.0,0.0,0.0,0.0,0.0,0.0,0.0,0.0,0.0,0.0,0.0,0.0,0.0,0.0,0.0,0.0,0.3467582886555867,0.0,0.0,0.0,0.0,0.0,0.0,0.0,0.0,0.0,0.0,0.0,0.0,0.0,0.0,0.0,0.0,0.0,0.0,0.0,0.0,0.0,0.0,0.0,0.0,0.0,0.30770774748632646,0.0,0.0,0.42990325651586275,0.0,0.0,0.0,0.3467582886555867,0.0,0.0,0.0,0.0,0.0,0.0,0.0,0.20136730792282806,0.0,0.0,0.0,0.18423540892167625,0.0,0.0,0.0,0.0,0.0,0.0,0.0,0.0,0.0,0.0,0.0,0.0,0.0,0.0,0.0,0.0,0.0,0.0,0.0,0.0,0.0,0.0,0.0,0.0,0.0,0.0,0.33921307836715797,0.0,0.0,0.0,0.0,0.0,0.0,0.0,0.0,0.0,0.0,0.24508551888664556,0.0,0.0,0.28482925588093955,0.0,0.0,0.0,0.0,0.0,0.0,0.0,0.0,0.0,0.0,0.0,0.0,0.0,0.0,0.0,0.0,0.0,0.0,0.0,0.0,0.0,0.0,0.0,0.0,0.21920678136378746,0.0,0.0,0.0,0.0,0.0,0.0,0.0,0.0,0.31814036205077767,0.0,0.0,0.0,0.0,0.0,0.0
6b7d70ca7d02133afbc24eeb585f2921bc35c01b23b90a66f515290c49cf0952,0.0,0.0,0.0,0.0,0.0,0.0,0.0,0.0,0.0,0.0,0.0,0.0,0.0,0.0,0.0,0.0,0.0,0.5254573204434756,0.0,0.0,0.0,0.0,0.0,0.0,0.0,0.0,0.0,0.0,0.0,0.0,0.0,0.0,0.0,0.0,0.0,0.0,0.0,0.0,0.0,0.0,0.0,0.0,0.0,0.0,0.0,0.0,0.0,0.0,0.0,0.0,0.0,0.0,0.0,0.0,0.0,0.0,0.0,0.0,0.0,0.0,0.3895550630238172,0.0,0.0,0.0,0.0,0.0,0.0,0.0,0.0,0.0,0.0,0.0,0.0,0.0,0.0,0.0,0.0,0.0,0.0,0.23324026424421293,0.0,0.0,0.0,0.0,0.0,0.0,0.0,0.0,0.0,0.0,0.0,0.0,0.0,0.0,0.0,0.0,0.0,0.0,0.0,0.3282353318995098,0.0,0.0,0.35959936622791744,0.0,0.0,0.0,0.4294405103585936,0.0,0.0,0.0,0.0,0.0,0.0,0.0,0.0,0.0,0.0,0.3102759210193586,0.0,0.0,0.0,0.0,0.0,0.0,0.0,0.0,0.0,0.0,0.0,0.0,0.0,0.0,0.0,0.0,0.0,0.0,0.0,0.0,0.0,0.0,0.0,0.0,0.0,0.0,0.0,0.0,0.0,0.0,0.0,0.0,0.0,0.0,0.0,0.0,0.0,0.0,0.0,0.0,0.0,0.0,0.0
6b049235b839482091a7f9aa2e283791b720dee4033bf20d98eb1b68561ee7a8,0.0,0.0,0.0,0.0,0.0,0.0,0.0,0.0,0.0,0.0,0.0,0.0,0.0,0.0,0.0,0.0,0.0,0.0,0.0,0.0,0.0,0.0,0.0,0.0,0.0,0.0,0.0,0.0,0.0,0.0,0.0,0.0,0.0,0.0,0.3348389823578099,0.0,0.0,0.0,0.0,0.0,0.0,0.0,0.0,0.0,0.0,0.0,0.0,0.0,0.0,0.0,0.0,0.0,0.0,0.0,0.0,0.0,0.0,0.0,0.0,0.0,0.2971307461211728,0.0,0.0,0.41512596420457853,0.0,0.0,0.0,0.3348389823578099,0.0,0.0,0.0,0.0,0.0,0.0,0.0,0.1944456028042668,0.0,0.0,0.0,0.1779025876404675,0.0,0.0,0.0,0.0,0.0,0.0,0.0,0.0,0.0,0.0,0.0,0.0,0.0,0.0,0.0,0.0,0.0,0.0,0.0,0.0,0.0,0.0,0.0,0.0,0.0,0.0,0.3275531275785389,0.0,0.0,0.0,0.0,0.0,0.0,0.0,0.0,0.0,0.0,0.23666106454963334,0.2599336831870781,0.0,0.27503866902409657,0.0,0.0,0.0,0.0,0.0,0.0,0.0,0.0,0.0,0.0,0.0,0.0,0.0,0.0,0.0,0.0,0.0,0.0,0.0,0.0,0.0,0.0,0.0,0.0,0.2116718705769255,0.0,0.0,0.0,0.0,0.0,0.0,0.0,0.0,0.3072047549001288,0.0,0.0,0.0,0.0,0.0,0.0
06bc4902e0f44eb635f4e291f97bed748fb4514acbc3fc14c3c5bbf195689cb8,0.0,0.0,0.0,0.0,0.0,0.0,0.0,0.0,0.0,0.0,0.0,0.0,0.0,0.0,0.0,0.0,0.0,0.0,0.0,0.0,0.0,0.0,0.0,0.0,0.0,0.0,0.0,0.0,0.0,0.0,0.0,0.0,0.0,0.0,0.3467582886555867,0.0,0.0,0.0,0.0,0.0,0.0,0.0,0.0,0.0,0.0,0.0,0.0,0.0,0.0,0.0,0.0,0.0,0.0,0.0,0.0,0.0,0.0,0.0,0.0,0.0,0.30770774748632646,0.0,0.0,0.42990325651586275,0.0,0.0,0.0,0.3467582886555867,0.0,0.0,0.0,0.0,0.0,0.0,0.0,0.20136730792282806,0.0,0.0,0.0,0.18423540892167625,0.0,0.0,0.0,0.0,0.0,0.0,0.0,0.0,0.0,0.0,0.0,0.0,0.0,0.0,0.0,0.0,0.0,0.0,0.0,0.0,0.0,0.0,0.0,0.0,0.0,0.0,0.33921307836715797,0.0,0.0,0.0,0.0,0.0,0.0,0.0,0.0,0.0,0.0,0.24508551888664556,0.0,0.0,0.28482925588093955,0.0,0.0,0.0,0.0,0.0,0.0,0.0,0.0,0.0,0.0,0.0,0.0,0.0,0.0,0.0,0.0,0.0,0.0,0.0,0.0,0.0,0.0,0.0,0.0,0.21920678136378746,0.0,0.0,0.0,0.0,0.0,0.0,0.0,0.0,0.31814036205077767,0.0,0.0,0.0,0.0,0.0,0.0
6c1ed5eb1267d95d8a0dc8e1975923ebefd809c2027427b4ead867fb72703f82,0.0,0.22219888642763622,0.2616734303860716,0.0,0.0,0.0,0.0,0.0,0.0,0.0,0.0,0.0,0.10388872450555943,0.0,0.0,0.0,0.0,0.0,0.0,0.0,0.0,0.0,0.0,0.0,0.0,0.0,0.0,0.0,0.0,0.0,0.0,0.0,0.0,0.0,0.0,0.0,0.0,0.0,0.0,0.0,0.0,0.0,0.0,0.0,0.0,0.31536576412946404,0.0,0.0,0.0,0.0,0.24602066791658647,0.0,0.0,0.0,0.0,0.0,0.0,0.0,0.0,0.0,0.15075166643305574,0.0,0.0,0.2106174864110096,0.0,0.0,0.0,0.0,0.0,0.0,0.0,0.0,0.0,0.0,0.0,0.09865353564376386,0.0,0.0,0.0,0.09026030425884007,0.0,0.0,0.0,0.0,0.32696474579783746,0.0,0.0,0.0,0.0,0.0,0.0,0.0,0.0,0.0,0.0,0.0,0.0,0.0,0.0,0.12702189744876435,0.0,0.0,0.0,0.0,0.0,0.0,0.0,0.0,0.0,0.0,0.0,0.0,0.0,0.0,0.20860577537309044,0.0,0.12966182014669622,0.12007188864301761,0.0,0.11690095861727914,0.13954307398401442,0.3221016174207353,0.22778697362620823,0.0,0.0,0.0,0.0,0.0,0.0,0.0,0.0,0.0,0.0,0.0,0.0,0.0,0.0,0.0,0.0,0.0,0.0,0.0,0.0,0.0,0.3111977782928438,0.10739342071809847,0.22219888642763622,0.240439373126409,0.0,0.0,0.0,0.0,0.0,0.0,0.1558627955602633,0.0,0.0,0.0,0.0,0.0,0.0
6cf51b6cbd93a9a90470658bb896a2010e40e65c412c83404925f5fe8d2ddfc8,0.0,0.0,0.0,0.0,0.0,0.0,0.0,0.0,0.0,0.0,0.0,0.0,0.0,0.0,0.0,0.0,0.0,0.0,0.0,0.0,0.0,0.0,0.0,0.0,0.0,0.0,0.0,0.0,0.0,0.0,0.0,0.0,0.0,0.0,0.3348389823578099,0.0,0.0,0.0,0.0,0.0,0.0,0.0,0.0,0.0,0.0,0.0,0.0,0.0,0.0,0.0,0.0,0.0,0.0,0.0,0.0,0.0,0.0,0.0,0.0,0.0,0.2971307461211728,0.0,0.0,0.41512596420457853,0.0,0.0,0.0,0.3348389823578099,0.0,0.0,0.0,0.0,0.0,0.0,0.0,0.1944456028042668,0.0,0.0,0.0,0.1779025876404675,0.0,0.0,0.0,0.0,0.0,0.0,0.0,0.0,0.0,0.0,0.0,0.0,0.0,0.0,0.0,0.0,0.0,0.0,0.0,0.0,0.0,0.0,0.0,0.0,0.0,0.0,0.3275531275785389,0.0,0.0,0.0,0.0,0.0,0.0,0.0,0.0,0.0,0.0,0.23666106454963334,0.2599336831870781,0.0,0.27503866902409657,0.0,0.0,0.0,0.0,0.0,0.0,0.0,0.0,0.0,0.0,0.0,0.0,0.0,0.0,0.0,0.0,0.0,0.0,0.0,0.0,0.0,0.0,0.0,0.0,0.2116718705769255,0.0,0.0,0.0,0.0,0.0,0.0,0.0,0.0,0.3072047549001288,0.0,0.0,0.0,0.0,0.0,0.0
6e2cd690a66f2a7bc03b2ea953ee4cf7feb28e28e148642ae7dba8f4a8bf136e,0.0,0.0,0.0,0.0,0.0,0.0,0.0,0.0,0.0,0.0,0.0,0.0,0.0,0.0,0.0,0.0,0.0,0.0,0.0,0.0,0.0,0.0,0.0,0.0,0.0,0.0,0.0,0.0,0.0,0.0,0.0,0.0,0.0,0.0,0.3348389823578099,0.0,0.0,0.0,0.0,0.0,0.0,0.0,0.0,0.0,0.0,0.0,0.0,0.0,0.0,0.0,0.0,0.0,0.0,0.0,0.0,0.0,0.0,0.0,0.0,0.0,0.2971307461211728,0.0,0.0,0.41512596420457853,0.0,0.0,0.0,0.3348389823578099,0.0,0.0,0.0,0.0,0.0,0.0,0.0,0.1944456028042668,0.0,0.0,0.0,0.1779025876404675,0.0,0.0,0.0,0.0,0.0,0.0,0.0,0.0,0.0,0.0,0.0,0.0,0.0,0.0,0.0,0.0,0.0,0.0,0.0,0.0,0.0,0.0,0.0,0.0,0.0,0.0,0.3275531275785389,0.0,0.0,0.0,0.0,0.0,0.0,0.0,0.0,0.0,0.0,0.23666106454963334,0.2599336831870781,0.0,0.27503866902409657,0.0,0.0,0.0,0.0,0.0,0.0,0.0,0.0,0.0,0.0,0.0,0.0,0.0,0.0,0.0,0.0,0.0,0.0,0.0,0.0,0.0,0.0,0.0,0.0,0.2116718705769255,0.0,0.0,0.0,0.0,0.0,0.0,0.0,0.0,0.3072047549001288,0.0,0.0,0.0,0.0,0.0,0.0
6e03fb16c4f4170b4e847515b221f51d5b2b74a50c293c30f25432589064d906,0.0,0.0,0.0,0.0,0.0,0.0,0.0,0.0,0.0,0.0,0.28086574587442176,0.0,0.18286443933322127,0.0,0.0,0.0,0.0,0.0,0.0,0.0,0.0,0.2673423800004682,0.0,0.0,0.0,0.0,0.0,0.0,0.0,0.0,0.0,0.0,0.0,0.0,0.0,0.0,0.0,0.0,0.0,0.0,0.0,0.0,0.0,0.316607690553723,0.0,0.0,0.0,0.38197771677486503,0.0,0.0,0.0,0.0,0.0,0.0,0.0,0.0,0.0,0.0,0.0,0.0,0.0,0.0,0.0,0.0,0.0,0.0,0.0,0.0,0.0,0.0,0.0,0.0,0.0,0.0,0.0,0.17364948476936445,0.37072789900563835,0.29548317949800007,0.0,0.15887575875912788,0.0,0.0,0.0,0.0,0.0,0.0,0.0,0.0,0.0,0.0,0.0,0.0,0.0,0.0,0.0,0.0,0.0,0.0,0.0,0.22358334044968692,0.0,0.0,0.0,0.0,0.0,0.0,0.0,0.0,0.0,0.0,0.0,0.0,0.0,0.0,0.0,0.0,0.2282301198411744,0.0,0.0,0.0,0.0,0.0,0.0,0.0,0.28867497130734127,0.0,0.0,0.0,0.0,0.0,0.0,0.0,0.0,0.26223116132265933,0.0,0.0,0.0,0.0,0.0,0.0,0.0,0.0,0.0,0.0,0.0,0.18903338895686328,0.0,0.0,0.0,0.0,0.0,0.0,0.0,0.0,0.0,0.0,0.0,0.0,0.0,0.0,0.0
6f64d864d4cdeaa6062e44e34c0969ebdead56edb22e5a2b61c987ca3400fad4,0.0,0.0,0.0,0.0,0.429966645624224,0.0,0.0,0.0,0.0,0.0,0.0,0.0,0.1547147129890674,0.0,0.0,0.0,0.0,0.0,0.0,0.0,0.0,0.0,0.0,0.0,0.0,0.0,0.0,0.0,0.0,0.0,0.0,0.0,0.0,0.0,0.0,0.0,0.0,0.0,0.0,0.0,0.0,0.0,0.0,0.0,0.0,0.0,0.0,0.0,0.0,0.0,0.0,0.0,0.0,0.0,0.0,0.0,0.0,0.0,0.0,0.0,0.22450464105530266,0.0,0.0,0.0,0.0,0.0,0.0,0.0,0.0,0.0,0.0,0.0,0.0,0.0,0.0,0.0,0.0,0.0,0.0,0.13441879409122065,0.0,0.0,0.0,0.0,0.0,0.0,0.0,0.0,0.0,0.0,0.0,0.0,0.0,0.0,0.0,0.0,0.0,0.0,0.0,0.18916544120301215,0.0,0.0,0.0,0.0,0.0,0.0,0.24749103986556964,0.0,0.0,0.0,0.0,0.0,0.0,0.0,0.0,0.35359192958806107,0.0,0.1788152456185524,0.0,0.17409298599725642,0.0,0.0,0.0,0.0,0.0,0.0,0.2805360074518699,0.0,0.0,0.0,0.0,0.0,0.0,0.0,0.0,0.0,0.0,0.0,0.0,0.0,0.4987857883108508,0.0,0.0,0.23876705574599003,0.0,0.0,0.0,0.0,0.0,0.0,0.0,0.0,0.0,0.0,0.23211631286790313,0.0,0.0,0.0,0.0,0.0,0.0
ecf741bcb0421c4a972da3ab42eac34a8049b847b01ce699affdbf36c5a98592,0.0,0.0,0.0,0.0,0.0,0.0,0.0,0.0,0.0,0.0,0.0,0.0,0.3576616332785342,0.0,0.0,0.0,0.0,0.0,0.0,0.0,0.0,0.0,0.0,0.0,0.0,0.0,0.0,0.0,0.0,0.0,0.0,0.0,0.0,0.0,0.0,0.0,0.0,0.0,0.0,0.0,0.0,0.0,0.0,0.0,0.0,0.0,0.0,0.0,0.0,0.0,0.0,0.0,0.0,0.0,0.0,0.0,0.0,0.0,0.0,0.0,0.0,0.0,0.0,0.0,0.0,0.0,0.0,0.0,0.0,0.0,0.0,0.0,0.0,0.0,0.0,0.3396382509746039,0.0,0.0,0.0,0.0,0.0,0.0,0.0,0.0,0.0,0.0,0.0,0.0,0.0,0.0,0.0,0.0,0.0,0.0,0.0,0.0,0.0,0.0,0.0,0.43730308096363607,0.0,0.0,0.4790889202999722,0.0,0.0,0.0,0.0,0.0,0.0,0.0,0.0,0.0,0.0,0.0,0.0,0.0,0.4463916424833307,0.0,0.0,0.0,0.0,0.0,0.0,0.0,0.0,0.0,0.0,0.0,0.0,0.0,0.0,0.0,0.0,0.0,0.0,0.0,0.0,0.0,0.0,0.0,0.0,0.0,0.0,0.0,0.0,0.3697273832190365,0.0,0.0,0.0,0.0,0.0,0.0,0.0,0.0,0.0,0.0,0.0,0.0,0.0,0.0,0.0
d5b1a96dc7d4007a9228abee105cd77305827ed28aac77932e7c416c888c9d30,0.0,0.0,0.0,0.0,0.0,0.0,0.0,0.0,0.0,0.0,0.13093669270643868,0.0,0.08524950176948481,0.0,0.0,0.0,0.22000838424869237,0.0,0.0,0.0,0.0,0.12463224003535256,0.0,0.29360474753879034,0.0,0.0,0.0,0.28217258350453833,0.0,0.0,0.0,0.0,0.0,0.0,0.0,0.0,0.0,0.0,0.0,0.0,0.0,0.2461402396978346,0.15614082480865726,0.14759921597937867,0.0,0.0,0.4040534003060832,0.0,0.0,0.0,0.0,0.0,0.0,0.0,0.0,0.23815012746604258,0.0,0.0,0.0,0.0,0.12370451668842891,0.0,0.0,0.0,0.0,0.0,0.0,0.13940359596487645,0.0,0.0,0.0,0.0,0.0,0.0,0.25536414733646917,0.08095358568945493,0.17282949488439409,0.13775118839571718,0.0,0.07406622811329694,0.0,0.0,0.0,0.0,0.0,0.0,0.0,0.0,0.0,0.0,0.0,0.0,0.0,0.0,0.0,0.0,0.0,0.0,0.0,0.10423223042595238,0.0,0.0,0.11419198471043909,0.0,0.0,0.0,0.13637027425079087,0.0,0.0,0.0,0.0,0.0,0.0,0.24758216386146184,0.0,0.0,0.10639851070111932,0.09852915927166427,0.10821825431888356,0.0959271424875845,0.11450691679136937,0.0,0.0,0.0,0.0,0.0,0.0,0.0,0.0,0.0,0.0,0.0,0.0,0.12224944299013757,0.0,0.0,0.0,0.0,0.0,0.0,0.0,0.0,0.16463052744144152,0.0,0.0,0.08812540199248127,0.1823330149815889,0.0,0.0,0.0,0.0,0.0,0.0,0.0,0.1278986312436676,0.0,0.0,0.0,0.0,0.0,0.0
056c3790765f928e991591cd139384b6680df26313a73711add657abc369028c,0.0,0.0,0.0,0.0,0.30242554611076766,0.0,0.0,0.0,0.0,0.0,0.0,0.0,0.10882165405914289,0.0,0.0,0.0,0.0,0.0,0.0,0.0,0.0,0.0,0.0,0.0,0.0,0.0,0.0,0.0,0.0,0.0,0.0,0.0,0.0,0.0,0.0,0.0,0.0,0.0,0.0,0.0,0.0,0.0,0.0,0.0,0.0,0.0,0.0,0.0,0.0,0.0,0.25770242288406736,0.0,0.0,0.0,0.0,0.0,0.0,0.0,0.0,0.0,0.15790978059933158,0.0,0.0,0.0,0.0,0.0,0.0,0.17794977776773918,0.0,0.0,0.0,0.0,0.0,0.0,0.0,0.0,0.0,0.0,0.0,0.09454611799380455,0.0,0.0,0.0,0.0,0.0,0.0,0.0,0.0,0.0,0.0,0.0,0.0,0.0,0.0,0.0,0.0,0.0,0.0,0.0,0.13305325527762793,0.0,0.0,0.0,0.0,0.0,0.0,0.17407771893608903,0.0,0.0,0.0,0.0,0.0,0.0,0.0,0.21851096575138834,0.2487058786868951,0.0,0.12577324045824784,0.0,0.12245174573445618,0.0,0.3373959103807644,0.23860294137891586,0.0,0.17178893817565458,0.0,0.1973205506073475,0.0,0.0,0.0,0.0,0.0,0.0,0.0,0.0,0.0,0.0,0.0,0.0,0.0,0.35083085154943067,0.0,0.0,0.16794153212142304,0.0,0.11249276312933754,0.0,0.2518561124808023,0.0,0.0,0.0,0.0,0.0,0.0,0.16326360054831776,0.0,0.0,0.28824003542998833,0.0,0.0,0.0
f3a23e5e9a7caefcc81cfe4ed8df93ff84d5d32c6c63cdbb09f41d84f56a4126,0.0,0.0,0.0,0.44870998250113675,0.0,0.0,0.0,0.0,0.0,0.0,0.0,0.0,0.08930876739412935,0.0,0.0,0.0,0.0,0.0,0.0,0.0,0.0,0.0,0.0,0.0,0.0,0.0,0.0,0.0,0.0,0.0,0.0,0.0,0.0,0.0,0.0,0.3145574277475627,0.0,0.0,0.0,0.0,0.44870998250113675,0.0,0.16357567275021206,0.0,0.0,0.0,0.0,0.0,0.0,0.0,0.0,0.0,0.0,0.0,0.0,0.2494899547478679,0.0,0.0,0.0,0.0,0.12959486773780418,0.0,0.0,0.0,0.0,0.0,0.0,0.0,0.0,0.0,0.0,0.0,0.0,0.0,0.0,0.0,0.0,0.0,0.0,0.07759298765425422,0.0,0.0,0.0,0.0,0.0,0.0,0.0,0.0,0.1860765664108445,0.0,0.0,0.0,0.0,0.0,0.0,0.0,0.0,0.0,0.0,0.0,0.0,0.0,0.11962938420866047,0.0,0.0,0.0,0.0,0.0,0.0,0.0,0.0,0.0,0.0,0.0,0.17932961212619722,0.0,0.11146481382357376,0.10322075301655295,0.11337120689453047,0.10049483782758956,0.0,0.0,0.0,0.0,0.0,0.0,0.16193886509660654,0.0,0.0,0.0,0.0,0.0,0.0,0.0,0.0,0.0,0.0,0.0,0.0,0.0,0.0,0.0,0.0,0.13782781889985185,0.0,0.09232160733727435,0.0,0.20669561734572675,0.0,0.0,0.0,0.0,0.0,0.0,0.133988690498798,0.0,0.0,0.0,0.0,0.0,0.3701790680878368
7a4424af54555e5a81f6fa4e2b2c42c6d19c71bbcc261cd1be14af245c3b711c,0.0,0.0,0.0,0.0,0.0,0.0,0.0,0.0,0.0,0.0,0.23904972288020607,0.0,0.1556391058338445,0.0,0.0,0.0,0.0,0.0,0.0,0.0,0.0,0.22753975090227174,0.0,0.0,0.0,0.0,0.32678858585536147,0.0,0.0,0.0,0.0,0.0,0.0,0.0,0.2545076578237816,0.0,0.0,0.0,0.0,0.0,0.0,0.0,0.0,0.0,0.3019046277143416,0.0,0.0,0.0,0.0,0.0,0.0,0.0,0.0,0.0,0.0,0.0,0.0,0.0,0.30056419746856433,0.0,0.0,0.0,0.0,0.0,0.30056419746856433,0.0,0.0,0.0,0.0,0.0,0.0,0.0,0.0,0.0,0.0,0.14779609768065882,0.0,0.0,0.0,0.13522192243668235,0.0,0.0,0.0,0.0,0.0,0.0,0.0,0.0,0.0,0.0,0.0,0.0,0.0,0.0,0.0,0.0,0.0,0.0,0.0,0.19029567101082318,0.0,0.0,0.0,0.0,0.0,0.0,0.0,0.0,0.0,0.0,0.0,0.0,0.0,0.0,0.0,0.0,0.0,0.17988363485182804,0.0,0.1751331605706541,0.0,0.0,0.0,0.0,0.24569629051285405,0.0,0.0,0.0,0.0,0.0,0.0,0.0,0.0,0.22318950375943697,0.0,0.0,0.0,0.0,0.0,0.0,0.0,0.0,0.30056419746856433,0.24019364636323587,0.0,0.1608896061873227,0.0,0.0,0.0,0.0,0.0,0.0,0.0,0.0,0.0,0.0,0.0,0.0,0.0,0.0,0.0
7af61ce420051640c50b0e73e718dd8c55dddfcb58917a3bead9d3ece2f3e929,0.0,0.21136817143186953,0.0,0.0,0.0,0.0,0.0,0.0,0.0,0.0,0.0,0.0,0.09882484149298693,0.0,0.0,0.0,0.0,0.0,0.0,0.0,0.0,0.14447898358062214,0.0,0.0,0.0,0.0,0.0,0.0,0.0,0.0,0.0,0.0,0.0,0.0,0.16160256645291782,0.3480743139182323,0.0,0.0,0.0,0.0,0.0,0.0,0.0,0.0,0.0,0.0,0.0,0.0,0.0,0.0,0.23402879981989158,0.0,0.0,0.0,0.0,0.0,0.0,0.0,0.0,0.33680110044082323,0.1434035272928308,0.0,0.0,0.0,0.0,0.0,0.0,0.0,0.0,0.0,0.0,0.0,0.0,0.0,0.0,0.0,0.0,0.0,0.0,0.08586071591447161,0.0,0.0,0.0,0.0,0.0,0.0,0.0,0.0,0.0,0.0,0.0,0.0,0.0,0.0,0.0,0.0,0.0,0.0,0.0,0.0,0.0,0.0,0.13237619639459539,0.0,0.0,0.0,0.0,0.0,0.3241542670065681,0.0,0.0,0.0,0.0,0.0,0.1984376339577073,0.0,0.0,0.1142191842221992,0.0,0.0,0.13274127903241711,0.3064013100337512,0.21668387661812694,0.29602896040093574,0.0,0.0,0.0,0.0,0.27464346977839,0.0,0.0,0.0,0.0,0.0,0.0,0.0,0.0,0.0,0.0,0.0,0.0,0.0,0.0,0.0,0.0,0.10215870712021106,0.0,0.2287195559573836,0.0,0.0,0.0,0.0,0.0,0.0,0.14826552293528808,0.0,0.0,0.0,0.0,0.0,0.0
7af890c71121d682203be3b23497272f4338cdc27f5af49c41f8275d582e85e1,0.0,0.0,0.0,0.0,0.3198123500335146,0.0,0.0,0.0,0.0,0.0,0.0,0.0,0.1150779402294333,0.0,0.0,0.0,0.0,0.0,0.0,0.0,0.0,0.0,0.0,0.0,0.0,0.0,0.0,0.0,0.0,0.0,0.0,0.0,0.0,0.0,0.0,0.0,0.0,0.0,0.0,0.0,0.0,0.0,0.21077383599603483,0.0,0.0,0.0,0.0,0.0,0.0,0.0,0.2725180413221374,0.0,0.0,0.0,0.0,0.0,0.0,0.0,0.0,0.0,0.1669882014803473,0.0,0.0,0.0,0.0,0.0,0.0,0.0,0.0,0.0,0.0,0.0,0.0,0.0,0.0,0.0,0.0,0.0,0.0,0.09998168663658413,0.0,0.0,0.0,0.0,0.0,0.0,0.0,0.0,0.0,0.0,0.0,0.0,0.0,0.0,0.0,0.0,0.0,0.0,0.0,0.14070264498873392,0.0,0.0,0.0,0.0,0.0,0.0,0.18408565379934388,0.0,0.0,0.0,0.0,0.0,0.0,0.0,0.23107342076006,0.26300427511131536,0.0,0.13300409346884343,0.0,0.12949164206749697,0.0,0.0,0.2523205079353682,0.0,0.18166528831395615,0.0,0.20866474347550504,0.0,0.0,0.0,0.0,0.0,0.0,0.0,0.0,0.0,0.0,0.0,0.0,0.0,0.3710005339865954,0.0,0.0,0.17759669031500838,0.0,0.11896010572129384,0.0,0.26633561958846297,0.0,0.0,0.0,0.0,0.0,0.0,0.1726498188984554,0.0,0.0,0.3048112974915315,0.0,0.0,0.0
7c2a9bae3bbdc9e38516754d76a192d6a3ce37849c06a8a8d3b06fb7f75916c1,0.0,0.0,0.0,0.0,0.0,0.0,0.0,0.0,0.0,0.0,0.0,0.0,0.0,0.0,0.0,0.0,0.0,0.5403609412194295,0.0,0.0,0.0,0.0,0.0,0.0,0.0,0.0,0.0,0.0,0.0,0.0,0.0,0.0,0.0,0.0,0.0,0.0,0.0,0.0,0.0,0.0,0.0,0.0,0.0,0.0,0.0,0.0,0.0,0.0,0.0,0.0,0.0,0.0,0.0,0.0,0.0,0.0,0.0,0.0,0.0,0.0,0.4006040687275722,0.0,0.0,0.0,0.0,0.0,0.0,0.0,0.0,0.0,0.0,0.0,0.0,0.0,0.0,0.0,0.0,0.0,0.0,0.0,0.0,0.0,0.0,0.0,0.0,0.0,0.0,0.0,0.0,0.0,0.0,0.0,0.0,0.0,0.0,0.0,0.0,0.0,0.0,0.33754511734082976,0.0,0.0,0.36979873423940707,0.0,0.0,0.0,0.44162079268259835,0.0,0.0,0.0,0.0,0.0,0.0,0.0,0.0,0.0,0.0,0.3190763211334527,0.0,0.0,0.0,0.0,0.0,0.0,0.0,0.0,0.0,0.0,0.0,0.0,0.0,0.0,0.0,0.0,0.0,0.0,0.0,0.0,0.0,0.0,0.0,0.0,0.0,0.0,0.0,0.0,0.0,0.0,0.0,0.0,0.0,0.0,0.0,0.0,0.0,0.0,0.0,0.0,0.0,0.0,0.0
7d69895163ce4782e47ea430fb72d171429c7e2adcf3e8c03b3f15be0ce101d4,0.0,0.0,0.0,0.0,0.0,0.0,0.0,0.0,0.0,0.0,0.0,0.0,0.07820314825624076,0.0,0.0,0.0,0.0,0.0,0.0,0.0,0.22080181620326353,0.0,0.256513279633306,0.0,0.0,0.0,0.0,0.0,0.0,0.0,0.0,0.0,0.0,0.0,0.0,0.0,0.0,0.0,0.3241469946088753,0.0,0.0,0.0,0.143234902467594,0.13539930592148028,0.0,0.0,0.0,0.0,0.0,0.0,0.0,0.0,0.22450374190573286,0.0,0.0,0.0,0.0,0.0,0.0,0.0,0.0,0.0,0.0,0.0,0.0,0.0,0.0,0.1278811002576045,0.0,0.0,0.0,0.0,0.0,0.0,0.0,0.07426231393897556,0.0,0.0,0.0,0.06794423542306306,0.0,0.2993370365686205,0.0,0.0,0.0,0.0,0.0,0.0,0.16293779137966308,0.0,0.0,0.0,0.0,0.0,0.0,0.0,0.0,0.0,0.0,0.0,0.0,0.0,0.10475337127637518,0.0,0.0,0.0,0.0,0.0,0.0,0.0,0.0,0.0,0.0,0.0,0.0,0.0,0.09760407197571751,0.0,0.09927340349055933,0.08799822157364659,0.0,0.0,0.0,0.0,0.0,0.0,0.14180163320034536,0.0,0.0,0.0,0.0,0.0,0.0,0.11214483505430528,0.0,0.33260849410850296,0.0,0.24612557918953024,0.0,0.0,0.0,0.39291252482226346,0.0,0.12068881555259198,0.0,0.08084133905901272,0.16726215997331026,0.1809928462663524,0.0,0.0,0.0,0.22450374190573286,0.0,0.0,0.117327085945493,0.0,0.0,0.0,0.0,0.0,0.0
efcad1ba15b2b2c8008c4865a16e5438338159a36127e85191ab7d9d8a69a0c6,0.0,0.0,0.0,0.0,0.0,0.0,0.0,0.0,0.0,0.0,0.0,0.0,0.2820638459937847,0.0,0.0,0.0,0.0,0.0,0.0,0.0,0.0,0.0,0.0,0.0,0.0,0.0,0.0,0.0,0.0,0.0,0.0,0.0,0.0,0.0,0.0,0.0,0.0,0.0,0.0,0.0,0.0,0.0,0.0,0.0,0.0,0.0,0.0,0.0,0.0,0.0,0.0,0.0,0.0,0.0,0.0,0.0,0.0,0.0,0.0,0.0,0.0,0.0,0.0,0.0,0.0,0.0,0.0,0.4612427475475475,0.0,0.0,0.0,0.0,0.0,0.0,0.0,0.2678500079484166,0.0,0.0,0.0,0.24506190331035602,0.0,0.0,0.0,0.0,0.0,0.0,0.0,0.0,0.0,0.0,0.0,0.0,0.0,0.0,0.0,0.0,0.0,0.0,0.0,0.3448717374319991,0.0,0.0,0.0,0.0,0.0,0.0,0.0,0.0,0.0,0.0,0.0,0.0,0.0,0.0,0.0,0.0,0.3520392789804094,0.0,0.0,0.0,0.37886744992831306,0.0,0.0,0.0,0.0,0.0,0.0,0.0,0.0,0.0,0.0,0.0,0.0,0.0,0.0,0.0,0.0,0.0,0.0,0.0,0.0,0.0,0.0,0.43530154785657205,0.0,0.0,0.0,0.0,0.0,0.0,0.0,0.0,0.0,0.0,0.0,0.0,0.0,0.0,0.0,0.0,0.0
fb6cdeca45534708b5438cad6df3126daf7cc86f1235b62302717e8b8025183f,0.0,0.0,0.0,0.0,0.0,0.0,0.0,0.0,0.0,0.0,0.33747676336786253,0.0,0.21972241196278425,0.0,0.0,0.0,0.0,0.0,0.0,0.0,0.0,0.3212276414581307,0.0,0.0,0.0,0.0,0.0,0.0,0.0,0.0,0.0,0.0,0.0,0.0,0.0,0.0,0.0,0.0,0.0,0.0,0.0,0.0,0.0,0.0,0.4262117327693915,0.0,0.0,0.45896876151449245,0.0,0.0,0.0,0.0,0.0,0.0,0.0,0.0,0.0,0.0,0.0,0.0,0.0,0.0,0.0,0.0,0.0,0.0,0.0,0.0,0.0,0.0,0.0,0.0,0.0,0.0,0.0,0.20865010041724336,0.0,0.0,0.0,0.1908985970386596,0.0,0.0,0.0,0.0,0.0,0.0,0.0,0.0,0.0,0.0,0.0,0.0,0.0,0.0,0.0,0.0,0.0,0.0,0.0,0.2686485738694232,0.0,0.0,0.0,0.0,0.0,0.0,0.0,0.0,0.0,0.0,0.0,0.0,0.0,0.0,0.0,0.0,0.2742319534454603,0.0,0.0,0.0,0.0,0.0,0.0,0.0,0.0,0.0,0.0,0.0,0.0,0.0,0.0,0.0,0.0,0.0,0.0,0.0,0.0,0.0,0.0,0.0,0.0,0.0,0.0,0.33909168929181704,0.0,0.0,0.0,0.0,0.0,0.0,0.0,0.0,0.0,0.0,0.0,0.0,0.0,0.0,0.0,0.0,0.0
13492a113107ae59e2fe02f3c3b9afa411a39caa73b78ea06dec0fb9a970f7a2,0.0,0.0,0.0,0.0,0.0,0.0,0.0,0.0,0.0,0.0,0.35290392253872566,0.0,0.22976663719751825,0.0,0.0,0.0,0.0,0.0,0.0,0.0,0.0,0.33591200048006936,0.0,0.0,0.0,0.0,0.0,0.0,0.0,0.0,0.0,0.0,0.0,0.0,0.37572413671931243,0.0,0.0,0.0,0.0,0.0,0.0,0.0,0.0,0.0,0.0,0.0,0.0,0.0,0.0,0.0,0.0,0.0,0.0,0.0,0.0,0.0,0.0,0.0,0.0,0.0,0.0,0.0,0.0,0.0,0.44371640754637054,0.0,0.0,0.0,0.0,0.0,0.0,0.0,0.0,0.0,0.0,0.21818817432203746,0.0,0.0,0.0,0.19962519205699478,0.0,0.0,0.0,0.0,0.0,0.0,0.0,0.0,0.0,0.0,0.0,0.0,0.0,0.0,0.0,0.0,0.0,0.0,0.0,0.0,0.0,0.0,0.0,0.0,0.0,0.0,0.0,0.0,0.0,0.0,0.0,0.0,0.0,0.0,0.0,0.0,0.2867679868994979,0.26555830968917793,0.0,0.0,0.0,0.0,0.0,0.0,0.3627161062163275,0.0,0.0,0.0,0.0,0.0,0.0,0.0,0.0,0.0,0.0,0.0,0.0,0.0,0.0,0.0,0.0,0.0,0.0,0.0,0.0,0.0,0.0,0.0,0.0,0.0,0.0,0.0,0.0,0.0,0.0,0.0,0.0,0.0,0.0,0.0,0.0
ee2d8c841bb376f17fb4a469cd2bfcdb209e5f537bd3b5791a470066ef18676e,0.0,0.22473315037055597,0.0,0.0,0.0,0.0,0.0,0.0,0.0,0.0,0.1613850100267943,0.28216124539722415,0.10507361545088875,0.0,0.0,0.0,0.0,0.0,0.0,0.0,0.0,0.15361450554477105,0.0,0.0,0.0,0.0,0.0,0.0,0.0,0.0,0.0,0.0,0.0,0.0,0.0,0.0,0.0,0.0,0.0,0.0,0.0,0.3033782527308271,0.0,0.18192227448561227,0.20381902469400018,0.0,0.0,0.0,0.0,0.0,0.0,0.0,0.0,0.0,0.0,0.293530101567165,0.32343379385821996,0.0,0.0,0.0,0.0,0.0,0.0,0.0,0.0,0.0,0.0,0.0,0.0,0.0,0.0,0.0,0.0,0.0,0.0,0.09977871724229975,0.0,0.0,0.0,0.09128975781838634,0.0,0.0,0.0,0.0,0.0,0.0,0.0,0.0,0.0,0.0,0.0,0.0,0.0,0.0,0.0,0.0,0.0,0.0,0.0,0.12847063114784385,0.0,0.0,0.14074644942187037,0.0,0.0,0.0,0.16808212902293923,0.0,0.0,0.0,0.0,0.0,0.0,0.3051554852299447,0.0,0.0,0.13114066318166404,0.12144135481289141,0.13338357413297017,0.11823425910802218,0.14113461652757728,0.0,0.0,0.0,0.16587217851674144,0.0,0.19052443040248127,0.0,0.0,0.0,0.0,0.0,0.0,0.0,0.0,0.0,0.0,0.0,0.0,0.0,0.0,0.0,0.20291408598062885,0.0,0.0,0.10861828407456416,0.22473315037055597,0.0,0.0,0.0,0.0,0.0,0.0,0.0,0.15764047081859403,0.0,0.0,0.0,0.0,0.0,0.0
a7ac72fffdad0067658b52af3ad260c0b41b9e20876230743910b8715a74ea48,0.0,0.0,0.0,0.0,0.0,0.4722182754329023,0.0,0.0,0.0,0.0,0.0,0.0,0.0,0.0,0.0,0.0,0.0,0.0,0.0,0.0,0.0,0.0,0.0,0.0,0.0,0.0,0.0,0.0,0.0,0.0,0.0,0.0,0.0,0.0,0.0,0.0,0.0,0.0,0.0,0.0,0.0,0.0,0.3128138155368634,0.0,0.0,0.0,0.0,0.0,0.4204571262136793,0.0,0.0,0.0,0.0,0.0,0.0,0.47711192850771117,0.0,0.0,0.0,0.0,0.0,0.0,0.0,0.0,0.0,0.0,0.0,0.0,0.0,0.0,0.0,0.0,0.0,0.0,0.0,0.1621830808947075,0.0,0.0,0.0,0.14838489195209825,0.0,0.0,0.0,0.0,0.0,0.0,0.0,0.0,0.0,0.0,0.0,0.0,0.0,0.0,0.0,0.0,0.0,0.0,0.0,0.0,0.0,0.0,0.22877316348734356,0.0,0.0,0.0,0.0,0.0,0.0,0.0,0.0,0.0,0.0,0.0,0.0,0.0,0.0,0.0,0.2168053427776671,0.0,0.0,0.0,0.0,0.0,0.0,0.0,0.3096836676437463,0.0,0.0,0.0,0.0,0.0,0.0,0.0,0.0,0.0,0.0,0.0,0.0,0.0,0.0,0.0,0.0,0.0,0.0,0.1765511567956026,0.0,0.0,0.0,0.0,0.0,0.0,0.0,0.0,0.0,0.0,0.0,0.0,0.0,0.0,0.0
1761d6b84b6e51f55c366f85eae03edb19759e196103e9005fa325a1fa090f9a,0.0,0.0,0.0,0.0,0.0,0.0,0.0,0.0,0.0,0.0,0.24072544674833818,0.0,0.15673012640194284,0.0,0.0,0.0,0.0,0.0,0.0,0.0,0.0,0.22913479057410957,0.0,0.0,0.0,0.0,0.0,0.0,0.0,0.0,0.0,0.0,0.0,0.0,0.2562917408660005,0.0,0.0,0.0,0.0,0.0,0.0,0.0,0.0,0.0,0.0,0.0,0.0,0.0,0.0,0.0,0.0,0.0,0.44993712697220867,0.0,0.0,0.0,0.0,0.0,0.0,0.0,0.0,0.0,0.0,0.0,0.30267113402358575,0.0,0.0,0.2562917408660005,0.0,0.0,0.0,0.0,0.0,0.0,0.0,0.14883213924354477,0.0,0.0,0.0,0.13616981980377282,0.0,0.0,0.0,0.0,0.0,0.0,0.0,0.0,0.32655028867779706,0.0,0.0,0.0,0.0,0.0,0.0,0.0,0.0,0.0,0.0,0.0,0.0,0.0,0.0,0.0,0.35709241332357383,0.0,0.0,0.0,0.0,0.0,0.0,0.0,0.0,0.0,0.0,0.0,0.0,0.18114460807855134,0.1989578862790193,0.1763608332645761,0.0,0.0,0.0,0.0,0.24741860641166907,0.0,0.0,0.0,0.0,0.0,0.0,0.0,0.0,0.0,0.0,0.0,0.0,0.0,0.0,0.0,0.0,0.0,0.0,0.0,0.0,0.0,0.0,0.0,0.0,0.0,0.0,0.0,0.0,0.0,0.0,0.0,0.0,0.0,0.0,0.0,0.0
7cd8f10164a6c3209574751d16c4e9297334f11a08ade649055450d41e0d31e9,0.0,0.3316040990652465,0.3905149279888264,0.0,0.0,0.0,0.0,0.0,0.0,0.0,0.0,0.0,0.0,0.0,0.0,0.0,0.0,0.0,0.0,0.0,0.0,0.0,0.0,0.0,0.0,0.0,0.0,0.0,0.0,0.0,0.0,0.0,0.0,0.0,0.0,0.5460749766282269,0.0,0.0,0.0,0.0,0.0,0.0,0.0,0.0,0.0,0.0,0.0,0.0,0.0,0.0,0.0,0.0,0.0,0.0,0.0,0.0,0.0,0.0,0.0,0.0,0.0,0.0,0.0,0.0,0.0,0.0,0.0,0.0,0.0,0.0,0.0,0.0,0.0,0.0,0.0,0.0,0.0,0.0,0.0,0.134702236164695,0.0,0.0,0.0,0.0,0.0,0.0,0.0,0.0,0.0,0.0,0.0,0.0,0.0,0.0,0.0,0.0,0.0,0.0,0.0,0.0,0.0,0.0,0.0,0.0,0.0,0.0,0.24801291163194047,0.0,0.0,0.0,0.0,0.0,0.0,0.0,0.0,0.0,0.0,0.17919230423100024,0.0,0.0,0.20825061760304522,0.0,0.3399436216018907,0.0,0.0,0.0,0.0,0.0,0.0,0.0,0.0,0.0,0.0,0.0,0.0,0.0,0.0,0.0,0.0,0.0,0.0,0.0,0.0,0.0,0.0,0.0,0.0,0.0,0.0,0.0,0.0,0.0,0.0,0.0,0.0,0.0,0.0,0.4106628399820137,0.0,0.0,0.0
7d9c97a133997396b0625a5d2b762fb8b333f5152d4dd893c7a463cc41372ab5,0.0,0.0,0.0,0.0,0.0,0.0,0.0,0.0,0.0,0.0,0.0,0.0,0.0,0.0,0.0,0.0,0.0,0.5403609412194295,0.0,0.0,0.0,0.0,0.0,0.0,0.0,0.0,0.0,0.0,0.0,0.0,0.0,0.0,0.0,0.0,0.0,0.0,0.0,0.0,0.0,0.0,0.0,0.0,0.0,0.0,0.0,0.0,0.0,0.0,0.0,0.0,0.0,0.0,0.0,0.0,0.0,0.0,0.0,0.0,0.0,0.0,0.4006040687275722,0.0,0.0,0.0,0.0,0.0,0.0,0.0,0.0,0.0,0.0,0.0,0.0,0.0,0.0,0.0,0.0,0.0,0.0,0.0,0.0,0.0,0.0,0.0,0.0,0.0,0.0,0.0,0.0,0.0,0.0,0.0,0.0,0.0,0.0,0.0,0.0,0.0,0.0,0.33754511734082976,0.0,0.0,0.36979873423940707,0.0,0.0,0.0,0.44162079268259835,0.0,0.0,0.0,0.0,0.0,0.0,0.0,0.0,0.0,0.0,0.3190763211334527,0.0,0.0,0.0,0.0,0.0,0.0,0.0,0.0,0.0,0.0,0.0,0.0,0.0,0.0,0.0,0.0,0.0,0.0,0.0,0.0,0.0,0.0,0.0,0.0,0.0,0.0,0.0,0.0,0.0,0.0,0.0,0.0,0.0,0.0,0.0,0.0,0.0,0.0,0.0,0.0,0.0,0.0,0.0
7dfcbf301686c56d31874642114b1c6ff8f78dfd76f4b88c2f056b7aff8fb19b,0.0,0.0,0.0,0.0,0.0,0.0,0.0,0.0,0.0,0.0,0.0,0.0,0.13309256901015173,0.0,0.0,0.0,0.0,0.0,0.0,0.0,0.0,0.19457738360334348,0.0,0.0,0.47443327764078286,0.0,0.0,0.0,0.0,0.0,0.0,0.0,0.0,0.0,0.21763860586995135,0.0,0.0,0.0,0.0,0.0,0.0,0.0,0.0,0.0,0.0,0.0,0.0,0.0,0.0,0.0,0.3151787922938614,0.0,0.0,0.0,0.0,0.0,0.0,0.0,0.0,0.0,0.0,0.0,0.0,0.0,0.0,0.0,0.0,0.0,0.0,0.0,0.0,0.0,0.0,0.0,0.0,0.0,0.0,0.0,0.0,0.0,0.0,0.0,0.0,0.0,0.0,0.0,0.0,0.0,0.0,0.0,0.0,0.0,0.0,0.0,0.0,0.0,0.0,0.0,0.0,0.0,0.0,0.0,0.17827792878574322,0.0,0.0,0.0,0.0,0.0,0.0,0.0,0.0,0.0,0.0,0.0,0.0,0.0,0.0,0.0,0.0,0.14976263281864163,0.0,0.0,0.0,0.0,0.0,0.0,0.0,0.0,0.0,0.0,0.0,0.0,0.0,0.0,0.0,0.0,0.0,0.0,0.0,0.0,0.0,0.0,0.0,0.0,0.0,0.13758245975380032,0.0,0.3080285566396741,0.0,0.6039383910500021,0.0,0.0,0.0,0.0,0.1996769136684263,0.0,0.0,0.0,0.0,0.0,0.0
7c34ba8d8accf8f66c806477c50af75634bfec7fa57f890ea299bebe306f6fd4,0.0,0.0,0.0,0.0,0.0,0.0,0.0,0.0,0.0,0.0,0.0,0.0,0.0,0.0,0.0,0.0,0.0,0.0,0.0,0.0,0.0,0.0,0.0,0.0,0.0,0.0,0.0,0.0,0.0,0.0,0.0,0.0,0.0,0.0,0.6278477861214925,0.0,0.0,0.0,0.0,0.0,0.0,0.0,0.703229141979947,0.0,0.0,0.0,0.0,0.0,0.0,0.0,0.0,0.0,0.0,0.0,0.0,0.0,0.0,0.0,0.0,0.0,0.0,0.0,0.0,0.0,0.0,0.0,0.0,0.0,0.0,0.0,0.0,0.0,0.0,0.0,0.0,0.0,0.0,0.0,0.0,0.33358047204908153,0.0,0.0,0.0,0.0,0.0,0.0,0.0,0.0,0.0,0.0,0.0,0.0,0.0,0.0,0.0,0.0,0.0,0.0,0.0,0.0,0.0,0.0,0.0,0.0,0.0,0.0,0.0,0.0,0.0,0.0,0.0,0.0,0.0,0.0,0.0,0.0,0.0,0.0,0.0,0.0,0.0,0.0,0.0,0.0,0.0,0.0,0.0,0.0,0.0,0.0,0.0,0.0,0.0,0.0,0.0,0.0,0.0,0.0,0.0,0.0,0.0,0.0,0.0,0.0,0.0,0.0,0.0,0.0,0.0,0.0,0.0,0.0,0.0,0.0,0.0,0.0,0.0,0.0,0.0,0.0,0.0
7f998f0b351d2086150d75ae51ca411e6343f5859e55caecf6873d0e637add7f,0.0,0.0,0.0,0.0,0.0,0.0,0.0,0.0,0.0,0.0,0.0,0.0,0.3893673982099353,0.0,0.0,0.0,0.0,0.0,0.0,0.0,0.0,0.0,0.0,0.0,0.0,0.0,0.0,0.0,0.0,0.0,0.0,0.0,0.0,0.0,0.0,0.0,0.0,0.0,0.0,0.0,0.0,0.0,0.0,0.0,0.0,0.0,0.0,0.0,0.0,0.0,0.0,0.0,0.0,0.0,0.0,0.0,0.0,0.0,0.0,0.0,0.0,0.0,0.0,0.0,0.0,0.0,0.0,0.0,0.0,0.0,0.0,0.0,0.0,0.0,0.0,0.3697462903759866,0.0,0.0,0.0,0.3382890684062736,0.0,0.0,0.0,0.0,0.0,0.0,0.0,0.0,0.0,0.0,0.0,0.0,0.0,0.0,0.0,0.0,0.0,0.0,0.0,0.0,0.0,0.0,0.0,0.0,0.0,0.0,0.0,0.0,0.0,0.0,0.0,0.0,0.0,0.0,0.0,0.0,0.4859630898152186,0.0,0.0,0.0,0.0,0.0,0.0,0.0,0.0,0.0,0.0,0.0,0.0,0.0,0.0,0.0,0.0,0.0,0.0,0.0,0.0,0.0,0.0,0.0,0.0,0.0,0.0,0.600900234230678,0.0,0.0,0.0,0.0,0.0,0.0,0.0,0.0,0.0,0.0,0.0,0.0,0.0,0.0,0.0,0.0,0.0
8bd2067d088dad4df24e11244f5b72ce1fd22b686e2ce9ba6ee8711f8f6a836d,0.0,0.202466046546371,0.23843497052695176,0.0,0.0,0.0,0.0,0.0,0.0,0.0,0.0,0.0,0.0946626676197851,0.0,0.0,0.0,0.0,0.0,0.0,0.3077895861445142,0.26727426456806896,0.0,0.0,0.0,0.0,0.0,0.0,0.0,0.0,0.0,0.0,0.0,0.0,0.0,0.15479640345006163,0.0,0.0,0.0,0.0,0.0,0.0,0.0,0.1733817405843396,0.0,0.0,0.0,0.0,0.0,0.0,0.0,0.0,0.0,0.0,0.0,0.0,0.2644464295039091,0.0,0.0,0.0,0.0,0.1373638473337634,0.0,0.0,0.0,0.0,0.0,0.0,0.0,0.0,0.0,0.0,0.0,0.0,0.0,0.0,0.08989240072595646,0.0,0.0,0.0,0.08224454792356238,0.0,0.0,0.0,0.0,0.0,0.27824283918567727,0.0,0.0,0.0,0.0,0.0,0.0,0.0,0.0,0.0,0.0,0.0,0.0,0.0,0.11574145043992097,0.0,0.0,0.1268009509629443,0.351239138476409,0.0,0.0,0.0,0.0,0.0,0.0,0.0,0.0,0.0,0.0,0.1900801003351781,0.0,0.11814692924511004,0.10940865179729468,0.0,0.106519322887919,0.12715065753343574,0.0,0.20755787189725872,0.2835612044594369,0.0,0.0,0.0,0.0,0.0,0.0,0.0,0.0,0.0,0.0,0.0,0.0,0.0,0.0,0.0,0.0,0.0,0.0,0.18280886780311406,0.0,0.0,0.09785612190709951,0.0,0.0,0.0,0.0,0.0,0.0,0.0,0.0,0.14202107187890411,0.0,0.0,0.2507365919451544,0.0,0.0,0.0
8be8a6f8fe7c182a5017040aa8c8cfc9cefbcf8f3d1be932c7e710101c34d57e,0.0,0.0,0.0,0.0,0.0,0.0,0.0,0.0,0.0,0.0,0.0,0.0,0.2668913815252574,0.0,0.0,0.0,0.0,0.0,0.0,0.0,0.0,0.0,0.0,0.0,0.0,0.0,0.0,0.0,0.0,0.0,0.0,0.0,0.0,0.0,0.0,0.0,0.0,0.0,0.0,0.0,0.0,0.0,0.0,0.0,0.0,0.0,0.0,0.0,0.0,0.0,0.0,0.0,0.0,0.0,0.0,0.0,0.0,0.0,0.0,0.0,0.0,0.0,0.0,0.0,0.5154102721783409,0.0,0.0,0.4364320910315569,0.0,0.0,0.0,0.0,0.0,0.0,0.0,0.25344211843611925,0.0,0.0,0.0,0.0,0.0,0.0,0.0,0.0,0.0,0.0,0.0,0.0,0.0,0.0,0.0,0.0,0.0,0.0,0.0,0.0,0.0,0.0,0.0,0.0,0.0,0.0,0.3575018730419066,0.0,0.0,0.0,0.0,0.0,0.0,0.0,0.0,0.0,0.0,0.0,0.0,0.0,0.33310277390285353,0.0,0.0,0.0,0.0,0.0,0.0,0.0,0.0,0.0,0.0,0.0,0.0,0.0,0.0,0.0,0.0,0.0,0.0,0.0,0.0,0.0,0.0,0.0,0.0,0.0,0.0,0.4118862914819769,0.0,0.0,0.0,0.0,0.0,0.0,0.0,0.0,0.0,0.0,0.0,0.0,0.0,0.0,0.0,0.0,0.0
8c3d8d288d56f4db9d853ae63d2ca6a1e8846dac9a81f00da7352e17239b0044,0.0,0.0,0.0,0.0,0.0,0.0,0.0,0.0,0.0,0.0,0.0,0.0,0.0,0.0,0.0,0.0,0.0,0.0,0.0,0.0,0.0,0.0,0.0,0.0,0.0,0.0,0.0,0.0,0.0,0.0,0.0,0.0,0.0,0.0,0.3467582886555867,0.0,0.0,0.0,0.0,0.0,0.0,0.0,0.0,0.0,0.0,0.0,0.0,0.0,0.0,0.0,0.0,0.0,0.0,0.0,0.0,0.0,0.0,0.0,0.0,0.0,0.30770774748632646,0.0,0.0,0.42990325651586275,0.0,0.0,0.0,0.3467582886555867,0.0,0.0,0.0,0.0,0.0,0.0,0.0,0.20136730792282806,0.0,0.0,0.0,0.18423540892167625,0.0,0.0,0.0,0.0,0.0,0.0,0.0,0.0,0.0,0.0,0.0,0.0,0.0,0.0,0.0,0.0,0.0,0.0,0.0,0.0,0.0,0.0,0.0,0.0,0.0,0.0,0.33921307836715797,0.0,0.0,0.0,0.0,0.0,0.0,0.0,0.0,0.0,0.0,0.24508551888664556,0.0,0.0,0.28482925588093955,0.0,0.0,0.0,0.0,0.0,0.0,0.0,0.0,0.0,0.0,0.0,0.0,0.0,0.0,0.0,0.0,0.0,0.0,0.0,0.0,0.0,0.0,0.0,0.0,0.21920678136378746,0.0,0.0,0.0,0.0,0.0,0.0,0.0,0.0,0.31814036205077767,0.0,0.0,0.0,0.0,0.0,0.0
df73bdcf081ccb79d66e5f2ca25509a8390eabbc21516a7ccf6178545eb579b2,0.0,0.0,0.0,0.0,0.0,0.0,0.0,0.0,0.0,0.0,0.22558038209140954,0.0,0.14686956562571735,0.0,0.0,0.0,0.0,0.0,0.0,0.0,0.0,0.2147189435364484,0.0,0.0,0.0,0.0,0.0,0.0,0.0,0.0,0.0,0.0,0.0,0.0,0.24016733424890416,0.0,0.0,0.0,0.0,0.0,0.0,0.0,0.0,0.0,0.0,0.0,0.0,0.0,0.0,0.0,0.0,0.0,0.0,0.0,0.0,0.0,0.0,0.0,0.2836288019540337,0.0,0.0,0.0,0.0,0.0,0.0,0.0,0.0,0.0,0.0,0.0,0.0,0.0,0.0,0.0,0.0,0.13946847452791142,0.0,0.0,0.0,0.12760279561456672,0.0,0.0,0.0,0.0,0.0,0.0,0.0,0.0,0.0,0.0,0.0,0.0,0.0,0.0,0.0,0.0,0.0,0.0,0.0,0.0,0.0,0.0,0.0,0.0,0.0,0.0,0.234941466257846,0.0,0.0,0.0,0.0,0.0,0.0,0.4265395586865941,0.0,0.0,0.0,0.16974802812133669,0.0,0.16526522098585364,0.19727483189008452,0.0,0.0,0.0,0.2318524465309926,0.0,0.2663108166043691,0.0,0.0,0.0,0.0,0.0,0.0,0.0,0.0,0.0,0.0,0.0,0.0,0.0,0.0,0.0,0.2836288019540337,0.0,0.0,0.15182422468843557,0.31412700548074074,0.0,0.0,0.0,0.0,0.0,0.0,0.0,0.22034634836546538,0.0,0.0,0.0,0.0,0.0,0.0
8d341b6bdc6a7f2d2ab5f2d1444a87bdac59377e095ab3b57296ddf86b08a481,0.0,0.0,0.0,0.0,0.0,0.0,0.0,0.0,0.0,0.0,0.0,0.0,0.0,0.0,0.0,0.0,0.0,0.0,0.0,0.0,0.0,0.0,0.0,0.0,0.0,0.0,0.0,0.0,0.0,0.0,0.0,0.0,0.0,0.0,0.32323466065239814,0.0,0.0,0.0,0.0,0.0,0.0,0.0,0.3620432182662499,0.0,0.0,0.0,0.0,0.0,0.0,0.0,0.0,0.0,0.0,0.0,0.0,0.0,0.0,0.0,0.0,0.0,0.2868332570346883,0.0,0.0,0.40073918282393434,0.0,0.0,0.0,0.32323466065239814,0.0,0.0,0.0,0.0,0.0,0.0,0.0,0.18770681357114152,0.0,0.0,0.0,0.171737120153175,0.0,0.0,0.0,0.0,0.0,0.0,0.0,0.0,0.0,0.0,0.0,0.0,0.0,0.0,0.0,0.0,0.0,0.0,0.0,0.0,0.0,0.0,0.0,0.0,0.0,0.0,0.3162013075447133,0.0,0.0,0.0,0.0,0.0,0.0,0.0,0.0,0.0,0.0,0.22845923837981041,0.0,0.0,0.2655068123259619,0.0,0.0,0.0,0.0,0.0,0.0,0.0,0.0,0.0,0.0,0.0,0.0,0.0,0.0,0.0,0.0,0.0,0.0,0.0,0.0,0.0,0.0,0.0,0.0,0.20433608050593519,0.0,0.0,0.0,0.0,0.0,0.0,0.0,0.0,0.29655813669519165,0.0,0.0,0.0,0.0,0.0,0.0
8e6fa9080a9558a6c0cd83da765e87b2125a0a9093ca1e76e510e324e9c54222,0.0,0.0,0.0,0.0,0.0,0.0,0.0,0.0,0.0,0.0,0.0,0.0,0.0,0.0,0.0,0.0,0.0,0.0,0.0,0.0,0.0,0.0,0.0,0.0,0.0,0.0,0.0,0.0,0.0,0.0,0.0,0.0,0.0,0.0,0.3467582886555867,0.0,0.0,0.0,0.0,0.0,0.0,0.0,0.0,0.0,0.0,0.0,0.0,0.0,0.0,0.0,0.0,0.0,0.0,0.0,0.0,0.0,0.0,0.0,0.0,0.0,0.30770774748632646,0.0,0.0,0.42990325651586275,0.0,0.0,0.0,0.3467582886555867,0.0,0.0,0.0,0.0,0.0,0.0,0.0,0.20136730792282806,0.0,0.0,0.0,0.18423540892167625,0.0,0.0,0.0,0.0,0.0,0.0,0.0,0.0,0.0,0.0,0.0,0.0,0.0,0.0,0.0,0.0,0.0,0.0,0.0,0.0,0.0,0.0,0.0,0.0,0.0,0.0,0.33921307836715797,0.0,0.0,0.0,0.0,0.0,0.0,0.0,0.0,0.0,0.0,0.24508551888664556,0.0,0.0,0.28482925588093955,0.0,0.0,0.0,0.0,0.0,0.0,0.0,0.0,0.0,0.0,0.0,0.0,0.0,0.0,0.0,0.0,0.0,0.0,0.0,0.0,0.0,0.0,0.0,0.0,0.21920678136378746,0.0,0.0,0.0,0.0,0.0,0.0,0.0,0.0,0.31814036205077767,0.0,0.0,0.0,0.0,0.0,0.0
8e8b6818423930eea073315743b788aef2f41198961946046b7b89042cb3f95a,0.0,0.0,0.0,0.0,0.3607593119301345,0.0,0.0,0.0,0.0,0.0,0.0,0.0,0.12981186790052635,0.0,0.0,0.0,0.0,0.0,0.0,0.0,0.0,0.0,0.0,0.0,0.0,0.0,0.0,0.0,0.0,0.0,0.0,0.0,0.0,0.0,0.0,0.0,0.0,0.0,0.0,0.0,0.0,0.0,0.0,0.0,0.0,0.0,0.0,0.0,0.0,0.0,0.307409707804028,0.0,0.0,0.0,0.0,0.0,0.0,0.0,0.0,0.0,0.1883684249848002,0.0,0.0,0.0,0.0,0.0,0.0,0.0,0.0,0.0,0.0,0.0,0.0,0.0,0.0,0.0,0.0,0.0,0.0,0.11278277550209848,0.0,0.0,0.0,0.0,0.0,0.0,0.0,0.0,0.0,0.0,0.0,0.0,0.0,0.0,0.0,0.0,0.0,0.0,0.0,0.15871741472012035,0.0,0.0,0.0,0.0,0.0,0.0,0.2076549382595787,0.0,0.0,0.0,0.0,0.0,0.0,0.0,0.0,0.2966778528530836,0.0,0.1500331842678463,0.16478704792966878,0.14607101848342616,0.0,0.0,0.2846261966402684,0.0,0.20492468288627486,0.0,0.23538099536310123,0.0,0.0,0.0,0.0,0.0,0.0,0.0,0.0,0.0,0.0,0.0,0.0,0.0,0.0,0.0,0.0,0.20033516464388396,0.0,0.1341910838735673,0.0,0.3004357238085113,0.0,0.0,0.0,0.0,0.0,0.0,0.19475492382999582,0.0,0.0,0.3438376095859114,0.0,0.0,0.0
9a4e6b6a25332f21e4e15bd5c67ea1613db78bf02fa3cef2eba47f27723f8d58,0.0,0.0,0.2862386104319185,0.0,0.31582038029040127,0.0,0.0,0.0,0.0,0.0,0.0,0.0,0.11364151147536058,0.0,0.0,0.0,0.0,0.0,0.0,0.0,0.0,0.0,0.0,0.0,0.0,0.0,0.0,0.0,0.0,0.0,0.0,0.0,0.0,0.0,0.0,0.0,0.0,0.0,0.0,0.0,0.0,0.0,0.0,0.0,0.0,0.0,0.0,0.0,0.0,0.0,0.26911640978634316,0.0,0.0,0.0,0.0,0.0,0.0,0.0,0.0,0.0,0.16490381716030275,0.0,0.0,0.0,0.0,0.0,0.0,0.0,0.0,0.0,0.0,0.0,0.0,0.0,0.0,0.0,0.0,0.0,0.0,0.09873369271803516,0.0,0.0,0.0,0.0,0.0,0.0,0.0,0.0,0.0,0.0,0.0,0.0,0.0,0.0,0.0,0.0,0.0,0.0,0.0,0.13894636290171575,0.0,0.0,0.0,0.0,0.0,0.0,0.18178785523080454,0.0,0.0,0.0,0.0,0.0,0.0,0.0,0.2281891103073361,0.2597213965469203,0.0,0.13134390643484614,0.0,0.1278752982425467,0.0,0.0,0.24917098655778716,0.0,0.17939770129223143,0.0,0.20606014317685667,0.0,0.0,0.0,0.0,0.0,0.0,0.0,0.0,0.0,0.0,0.0,0.0,0.0,0.3663696218088819,0.0,0.0,0.17537988844935093,0.0,0.0,0.0,0.26301115843241607,0.0,0.0,0.0,0.0,0.0,0.0,0.17049476499536376,0.0,0.0,0.30100657426299515,0.0,0.0,0.0
9b5b364a32c759ada38bdc4cbfaad3ed8dc333f87796e27eef52a96d43c821a2,0.0,0.21972185255886156,0.25875634128609615,0.0,0.0,0.0,0.0,0.0,0.0,0.0,0.0,0.0,0.0,0.0,0.0,0.0,0.0,0.0,0.0,0.0,0.0,0.0,0.0,0.0,0.0,0.0,0.0,0.0,0.0,0.0,0.0,0.0,0.0,0.0,0.1679894141050789,0.0,0.0,0.0,0.0,0.0,0.0,0.0,0.0,0.0,0.0,0.31185012239354076,0.0,0.0,0.0,0.0,0.243278073042933,0.0,0.0,0.0,0.0,0.0,0.0,0.0,0.0,0.0,0.14907111353050773,0.0,0.0,0.20826955994034224,0.198389328892678,0.0,0.0,0.1679894141050789,0.0,0.0,0.0,0.0,0.0,0.0,0.0,0.09755376348471863,0.0,0.0,0.0,0.0892540983581284,0.0,0.0,0.0,0.0,0.32331980066666416,0.30195696083349155,0.0,0.0,0.0,0.0,0.0,0.0,0.0,0.0,0.0,0.0,0.0,0.0,0.0,0.0,0.0,0.0,0.13760796107322848,0.0,0.0,0.0,0.0,0.0,0.0,0.0,0.0,0.0,0.0,0.0,0.20628027510111036,0.0,0.0,0.11873334847462054,0.13040926966535432,0.1155977674157268,0.13798747248677695,0.0,0.22524764475013148,0.0,0.0,0.0,0.0,0.0,0.0,0.0,0.0,0.0,0.0,0.0,0.0,0.0,0.0,0.0,0.0,0.0,0.0,0.0,0.0,0.0,0.30772860052552026,0.10619621786672898,0.21972185255886156,0.0,0.0,0.0,0.0,0.0,0.0,0.0,0.1541252646945971,0.0,0.0,0.0,0.0,0.0,0.0
9bd421c6f7f7d8278036944fcad3e04db408619678acf1b2024ef69d85c3932b,0.0,0.0,0.0,0.0,0.0,0.0,0.0,0.0,0.0,0.0,0.0,0.0,0.0,0.0,0.0,0.0,0.0,0.5254573204434756,0.0,0.0,0.0,0.0,0.0,0.0,0.0,0.0,0.0,0.0,0.0,0.0,0.0,0.0,0.0,0.0,0.0,0.0,0.0,0.0,0.0,0.0,0.0,0.0,0.0,0.0,0.0,0.0,0.0,0.0,0.0,0.0,0.0,0.0,0.0,0.0,0.0,0.0,0.0,0.0,0.0,0.0,0.3895550630238172,0.0,0.0,0.0,0.0,0.0,0.0,0.0,0.0,0.0,0.0,0.0,0.0,0.0,0.0,0.0,0.0,0.0,0.0,0.23324026424421293,0.0,0.0,0.0,0.0,0.0,0.0,0.0,0.0,0.0,0.0,0.0,0.0,0.0,0.0,0.0,0.0,0.0,0.0,0.0,0.3282353318995098,0.0,0.0,0.35959936622791744,0.0,0.0,0.0,0.4294405103585936,0.0,0.0,0.0,0.0,0.0,0.0,0.0,0.0,0.0,0.0,0.3102759210193586,0.0,0.0,0.0,0.0,0.0,0.0,0.0,0.0,0.0,0.0,0.0,0.0,0.0,0.0,0.0,0.0,0.0,0.0,0.0,0.0,0.0,0.0,0.0,0.0,0.0,0.0,0.0,0.0,0.0,0.0,0.0,0.0,0.0,0.0,0.0,0.0,0.0,0.0,0.0,0.0,0.0,0.0,0.0
9bdd7f965d1c67396afb0a84c78b4d12118ff377db7efdca4a1340933120f376,0.0,0.2091779566674563,0.0,0.0,0.0,0.0,0.0,0.0,0.0,0.0,0.0,0.0,0.09780081017615025,0.0,0.0,0.0,0.0,0.0,0.0,0.0,0.0,0.14298188020482985,0.0,0.0,0.0,0.0,0.0,0.0,0.0,0.0,0.0,0.0,0.0,0.0,0.15992802707163573,0.0,0.0,0.0,0.0,0.0,0.0,0.0,0.0,0.0,0.0,0.0,0.0,0.0,0.0,0.0,0.23160377371879456,0.0,0.0,0.0,0.0,0.0,0.0,0.0,0.0,0.33331113911949967,0.14191756788551796,0.0,0.0,0.0,0.0,0.0,0.0,0.0,0.0,0.0,0.0,0.0,0.0,0.0,0.0,0.0,0.0,0.1580323350658107,0.0,0.08497101995691549,0.0,0.0,0.0,0.0,0.0,0.0,0.0,0.0,0.0,0.0,0.0,0.0,0.0,0.0,0.0,0.0,0.0,0.0,0.0,0.0,0.0,0.0,0.13100450311723852,0.0,0.0,0.0,0.0,0.0,0.320795353236648,0.0,0.0,0.0,0.0,0.0,0.19638140650981317,0.0,0.0,0.1130356354316315,0.12415125870007113,0.11005052297592406,0.13136580273807064,0.3032263538966689,0.21443858006962419,0.29296148342286565,0.0,0.0,0.0,0.0,0.27179759105226303,0.0,0.0,0.0,0.0,0.14024826327252796,0.0,0.0,0.0,0.0,0.0,0.0,0.0,0.0,0.0,0.0,0.0,0.10110013000743051,0.0,0.22634954468759613,0.0,0.0,0.0,0.0,0.0,0.0,0.14672918312032693,0.0,0.0,0.2590487089539571,0.0,0.0,0.0
9c1ac77f687ad2bfe197e4a8f2b969d7caf4f8ddb707177b9461d7e74879ae33,0.0,0.0,0.0,0.0,0.0,0.0,0.0,0.0,0.0,0.0,0.0,0.0,0.0,0.0,0.0,0.0,0.0,0.0,0.0,0.0,0.0,0.0,0.0,0.0,0.0,0.0,0.0,0.0,0.0,0.0,0.0,0.0,0.0,0.0,0.29582016524543403,0.0,0.0,0.0,0.0,0.0,0.0,0.0,0.33133725336678616,0.0,0.0,0.0,0.0,0.0,0.0,0.0,0.0,0.0,0.0,0.0,0.0,0.0,0.0,0.0,0.0,0.0,0.26250607321204067,0.0,0.0,0.36675129778480003,0.0,0.0,0.0,0.29582016524543403,0.0,0.0,0.0,0.0,0.0,0.0,0.0,0.17178683899874952,0.0,0.0,0.0,0.15717158289877928,0.0,0.0,0.0,0.0,0.0,0.0,0.0,0.0,0.0,0.0,0.0,0.0,0.0,0.0,0.0,0.0,0.0,0.0,0.0,0.0,0.0,0.0,0.24232008904029498,0.0,0.0,0.0,0.2893833317872107,0.0,0.0,0.0,0.0,0.0,0.0,0.0,0.0,0.0,0.22578201659448915,0.2090829291418074,0.22964358740968516,0.0,0.24298838787130475,0.0,0.0,0.0,0.0,0.0,0.0,0.0,0.0,0.0,0.0,0.0,0.0,0.0,0.0,0.0,0.0,0.0,0.0,0.0,0.0,0.0,0.0,0.0,0.0,0.18700572821883601,0.0,0.0,0.0,0.0,0.0,0.0,0.0,0.0,0.27140615683041147,0.0,0.0,0.0,0.0,0.0,0.0
9c7cd86de644d67f36634e5b6df6b66d015e00b57914a094cb2341030c9bd8f1,0.0,0.0,0.0,0.0,0.0,0.0,0.0,0.0,0.0,0.0,0.0,0.0,0.0,0.0,0.0,0.0,0.0,0.0,0.0,0.0,0.0,0.0,0.0,0.0,0.0,0.0,0.4065333960097429,0.0,0.0,0.0,0.0,0.0,0.0,0.0,0.0,0.0,0.0,0.0,0.0,0.0,0.0,0.0,0.0,0.0,0.37557711281290396,0.0,0.0,0.0,0.0,0.0,0.0,0.0,0.0,0.0,0.0,0.0,0.0,0.0,0.3739095831514757,0.0,0.0,0.0,0.0,0.0,0.0,0.0,0.0,0.0,0.0,0.0,0.0,0.0,0.0,0.0,0.0,0.0,0.0,0.31286110924952043,0.0,0.16821954536527647,0.0,0.0,0.0,0.0,0.0,0.0,0.0,0.0,0.0,0.0,0.0,0.0,0.0,0.0,0.0,0.0,0.0,0.0,0.0,0.0,0.0,0.0,0.0,0.0,0.0,0.0,0.0,0.0,0.0,0.0,0.0,0.0,0.0,0.0,0.0,0.0,0.0,0.0,0.0,0.21787015092448803,0.0,0.0,0.0,0.0,0.0,0.0,0.35107917721771625,0.0,0.0,0.0,0.0,0.0,0.0,0.27765347641980553,0.0,0.0,0.0,0.0,0.0,0.0,0.0,0.0,0.3739095831514757,0.0,0.0,0.20015080335441082,0.0,0.0,0.0,0.0,0.0,0.0,0.0,0.0,0.0,0.0,0.0,0.0,0.0,0.0,0.0
9c9b76b13f64015e65a489b7f42491b92540a8f26885f6b9b22b97ac083bbde3,0.0,0.0,0.0,0.0,0.0,0.0,0.0,0.0,0.0,0.0,0.0,0.0,0.0,0.0,0.0,0.0,0.0,0.0,0.0,0.0,0.0,0.0,0.0,0.0,0.0,0.0,0.0,0.0,0.0,0.0,0.0,0.0,0.0,0.0,0.3467582886555867,0.0,0.0,0.0,0.0,0.0,0.0,0.0,0.0,0.0,0.0,0.0,0.0,0.0,0.0,0.0,0.0,0.0,0.0,0.0,0.0,0.0,0.0,0.0,0.0,0.0,0.30770774748632646,0.0,0.0,0.42990325651586275,0.0,0.0,0.0,0.3467582886555867,0.0,0.0,0.0,0.0,0.0,0.0,0.0,0.20136730792282806,0.0,0.0,0.0,0.18423540892167625,0.0,0.0,0.0,0.0,0.0,0.0,0.0,0.0,0.0,0.0,0.0,0.0,0.0,0.0,0.0,0.0,0.0,0.0,0.0,0.0,0.0,0.0,0.0,0.0,0.0,0.0,0.33921307836715797,0.0,0.0,0.0,0.0,0.0,0.0,0.0,0.0,0.0,0.0,0.24508551888664556,0.0,0.0,0.28482925588093955,0.0,0.0,0.0,0.0,0.0,0.0,0.0,0.0,0.0,0.0,0.0,0.0,0.0,0.0,0.0,0.0,0.0,0.0,0.0,0.0,0.0,0.0,0.0,0.0,0.21920678136378746,0.0,0.0,0.0,0.0,0.0,0.0,0.0,0.0,0.31814036205077767,0.0,0.0,0.0,0.0,0.0,0.0
dc20b344d15ca9f8bf167c5a179d635c56658e3069977a5c8cc93841ad26e847,0.0,0.22785065188090978,0.0,0.0,0.0,0.0,0.0,0.0,0.0,0.0,0.0,0.28607539027188433,0.10653119816321385,0.0,0.0,0.0,0.0,0.0,0.0,0.0,0.0,0.0,0.34943180208772334,0.0,0.3797503188304838,0.0,0.0,0.0,0.0,0.0,0.0,0.0,0.0,0.0,0.0,0.0,0.0,0.0,0.0,0.0,0.0,0.0,0.0,0.0,0.2066464051506648,0.0,0.0,0.2225284696579191,0.0,0.0,0.0,0.0,0.0,0.0,0.0,0.0,0.32792047212170666,0.0,0.0,0.0,0.0,0.0,0.0,0.0,0.0,0.0,0.0,0.0,0.0,0.0,0.0,0.0,0.0,0.0,0.0,0.10116284905014,0.0,0.0,0.0,0.0925561306583941,0.0,0.0,0.0,0.0,0.0,0.0,0.0,0.0,0.0,0.0,0.0,0.0,0.0,0.0,0.0,0.0,0.0,0.0,0.0,0.13025277760011011,0.0,0.0,0.1426988862026752,0.0,0.0,0.0,0.17041376674629466,0.0,0.0,0.0,0.0,0.0,0.0,0.0,0.0,0.0,0.13295984835689756,0.12312599104223429,0.0,0.11987440645939004,0.14309243796808324,0.0,0.0,0.0,0.0,0.0,0.19316738805496675,0.0,0.0,0.0,0.0,0.0,0.0,0.0,0.0,0.0,0.0,0.0,0.0,0.0,0.0,0.0,0.20572891311438113,0.0,0.0,0.11012503848127342,0.0,0.0,0.0,0.0,0.0,0.0,0.0,0.0,0.0,0.3797503188304838,0.0,0.0,0.0,0.0,0.0
9cee5522a7ca2bfca7cd3d9daba23e9a30deb6205f56c12045839075f7627297,0.0,0.0,0.0,0.0,0.0,0.0,0.0,0.0,0.0,0.0,0.0,0.0,0.0,0.0,0.0,0.0,0.0,0.0,0.0,0.0,0.0,0.0,0.0,0.0,0.0,0.0,0.0,0.0,0.0,0.0,0.0,0.0,0.0,0.0,0.0,0.0,0.0,0.0,0.0,0.0,0.0,0.0,0.0,0.0,0.0,0.0,0.0,0.0,0.0,0.0,0.0,0.0,0.0,0.0,0.0,0.0,0.0,0.0,0.0,0.0,0.0,0.0,0.0,0.0,0.0,0.0,0.0,0.0,0.0,0.0,0.0,0.0,0.0,0.0,0.0,0.0,0.0,0.0,0.0,0.0,0.0,0.0,0.0,0.0,0.0,0.0,0.0,0.0,0.0,0.0,0.0,0.0,0.0,0.0,0.0,0.0,0.0,0.0,0.0,0.28088852775832207,0.0,0.0,0.30772840930332596,0.0,0.0,0.0,0.0,0.0,0.0,0.0,0.0,0.0,0.0,0.0,0.0,0.0,0.28672629285954765,0.0,0.0,0.0,0.0,0.0,0.0,0.0,0.0,0.0,0.0,0.0,0.0,0.0,0.0,0.0,0.0,0.0,0.0,0.0,0.0,0.0,0.8293338137160464,0.0,0.0,0.0,0.0,0.0,0.0,0.23748330360601308,0.0,0.0,0.0,0.0,0.0,0.0,0.0,0.0,0.0,0.0,0.0,0.0,0.0,0.0,0.0
9e9767d7a2b431e1d73b191eeb6a239b6be9c20dfca8e2805cceff1d77f12673,0.0,0.0,0.0,0.0,0.0,0.0,0.0,0.0,0.0,0.0,0.0,0.0,0.0,0.0,0.0,0.0,0.0,0.0,0.0,0.0,0.0,0.0,0.0,0.0,0.0,0.0,0.0,0.0,0.0,0.0,0.0,0.0,0.0,0.0,0.29582016524543403,0.0,0.0,0.0,0.0,0.0,0.0,0.0,0.33133725336678616,0.0,0.0,0.0,0.0,0.0,0.0,0.0,0.0,0.0,0.0,0.0,0.0,0.0,0.0,0.0,0.0,0.0,0.26250607321204067,0.0,0.0,0.36675129778480003,0.0,0.0,0.0,0.29582016524543403,0.0,0.0,0.0,0.0,0.0,0.0,0.0,0.17178683899874952,0.0,0.0,0.0,0.15717158289877928,0.0,0.0,0.0,0.0,0.0,0.0,0.0,0.0,0.0,0.0,0.0,0.0,0.0,0.0,0.0,0.0,0.0,0.0,0.0,0.0,0.0,0.0,0.24232008904029498,0.0,0.0,0.0,0.2893833317872107,0.0,0.0,0.0,0.0,0.0,0.0,0.0,0.0,0.0,0.22578201659448915,0.2090829291418074,0.22964358740968516,0.0,0.24298838787130475,0.0,0.0,0.0,0.0,0.0,0.0,0.0,0.0,0.0,0.0,0.0,0.0,0.0,0.0,0.0,0.0,0.0,0.0,0.0,0.0,0.0,0.0,0.0,0.0,0.18700572821883601,0.0,0.0,0.0,0.0,0.0,0.0,0.0,0.0,0.27140615683041147,0.0,0.0,0.0,0.0,0.0,0.0
9f256973ee6ddcd3d781761480c00220a140fad833dc9a6a085f45c419d1714e,0.0,0.3079303287980447,0.36263541528925247,0.0,0.0,0.0,0.0,0.0,0.0,0.0,0.0,0.0,0.0,0.0,0.0,0.0,0.0,0.0,0.0,0.0,0.0,0.0,0.0,0.0,0.0,0.0,0.0,0.0,0.0,0.0,0.0,0.0,0.0,0.0,0.0,0.5070897723385157,0.0,0.0,0.0,0.0,0.0,0.0,0.263696048282768,0.0,0.0,0.0,0.0,0.0,0.0,0.0,0.0,0.0,0.0,0.0,0.0,0.0,0.0,0.0,0.0,0.0,0.0,0.0,0.0,0.0,0.0,0.0,0.0,0.0,0.0,0.0,0.0,0.0,0.0,0.0,0.0,0.0,0.0,0.0,0.0,0.12508561863062195,0.0,0.0,0.0,0.0,0.0,0.0,0.0,0.0,0.0,0.0,0.0,0.0,0.0,0.0,0.0,0.0,0.0,0.0,0.0,0.0,0.0,0.0,0.0,0.0,0.0,0.0,0.230306855796608,0.0,0.0,0.0,0.0,0.0,0.0,0.0,0.0,0.0,0.0,0.16639946645856807,0.0,0.0,0.1933832583242103,0.0,0.31567447889741446,0.0,0.0,0.0,0.26105739362955516,0.0,0.0,0.0,0.0,0.0,0.0,0.0,0.0,0.0,0.0,0.0,0.0,0.0,0.0,0.0,0.0,0.0,0.0,0.0,0.0,0.0,0.0,0.0,0.0,0.0,0.0,0.0,0.0,0.0,0.0,0.38134493420697696,0.0,0.0,0.0
9feed0c7fa8c1d32390e1c168051267df61f11b048ec62aa5b8e66f60e8083af,0.0,0.0,0.0,0.0,0.0,0.0,0.0,0.0,0.0,0.0,0.0,0.46406434760197635,0.0,0.0,0.0,0.0,0.0,0.0,0.0,0.0,0.0,0.2526463731667938,0.0,0.0,0.0,0.0,0.0,0.0,0.0,0.0,0.0,0.0,0.0,0.0,0.28258990544456913,0.0,0.0,0.0,0.0,0.0,0.0,0.0,0.0,0.0,0.0,0.0,0.0,0.0,0.0,0.0,0.0,0.0,0.0,0.0,0.0,0.0,0.0,0.0,0.0,0.0,0.0,0.0,0.0,0.0,0.0,0.0,0.0,0.0,0.0,0.0,0.0,0.0,0.0,0.0,0.0,0.0,0.0,0.0,0.0,0.1501422416997478,0.0,0.0,0.0,0.0,0.0,0.0,0.0,0.0,0.0,0.0,0.0,0.0,0.0,0.0,0.0,0.0,0.0,0.0,0.0,0.0,0.0,0.0,0.0,0.0,0.0,0.0,0.0,0.0,0.0,0.0,0.0,0.0,0.0,0.0,0.0,0.0,0.0,0.0,0.21937300859193615,0.19445726587974274,0.0,0.0,0.0,0.0,0.0,0.0,0.0,0.0,0.0,0.0,0.0,0.0,0.0,0.0,0.0,0.0,0.0,0.0,0.6238498423036616,0.0,0.0,0.0,0.3337283006292623,0.0,0.0,0.17864208483254956,0.0,0.0,0.0,0.0,0.0,0.0,0.0,0.0,0.0,0.0,0.0,0.0,0.0,0.0,0.0
12d8bfa1aeb557c146b98f069f3456cc8392863a2f4ad938722cd7ca1a773b39,0.0,0.0,0.0,0.0,0.0,0.0,0.0,0.0,0.0,0.0,0.0,0.0,0.0,0.0,0.0,0.0,0.0,0.0,0.0,0.0,0.0,0.0,0.0,0.0,0.0,0.0,0.0,0.0,0.0,0.0,0.0,0.0,0.0,0.0,0.0,0.0,0.0,0.0,0.0,0.0,0.0,0.0,0.0,0.0,0.0,0.0,0.0,0.0,0.0,0.0,0.0,0.0,0.0,0.0,0.0,0.0,0.0,0.0,0.0,0.0,0.0,0.0,0.0,0.0,0.0,0.0,0.0,0.4484379824373487,0.0,0.0,0.0,0.0,0.0,0.0,0.0,0.0,0.0,0.0,0.0,0.23825863079055581,0.0,0.0,0.0,0.0,0.0,0.0,0.0,0.0,0.0,0.0,0.0,0.0,0.0,0.0,0.0,0.0,0.0,0.0,0.0,0.0,0.0,0.0,0.3673364584294371,0.0,0.0,0.0,0.0,0.0,0.0,0.0,0.0,0.0,0.0,0.0,0.0,0.0,0.0,0.3169517765249455,0.34811996988857624,0.30858152503433944,0.36834954210206167,0.0,0.0,0.0,0.0,0.0,0.0,0.0,0.0,0.0,0.0,0.0,0.0,0.39325595002871744,0.0,0.0,0.0,0.0,0.0,0.0,0.0,0.0,0.0,0.0,0.0,0.0,0.0,0.0,0.0,0.0,0.0,0.0,0.0,0.0,0.0,0.0,0.0,0.0,0.0,0.0,0.0
14c8e3f1f23d16c2c9a4272cd05d00461d27b372cc5f588b4bbfc6102bbed708,0.0,0.0,0.0,0.0,0.0,0.0,0.0,0.0,0.0,0.0,0.0,0.0,0.0,0.0,0.0,0.0,0.0,0.0,0.0,0.0,0.0,0.0,0.0,0.0,0.0,0.0,0.0,0.0,0.0,0.0,0.0,0.0,0.0,0.0,0.0,0.0,0.0,0.0,0.0,0.0,0.0,0.0,0.0,0.0,0.0,0.0,0.0,0.0,0.0,0.0,0.0,0.0,0.0,0.0,0.0,0.0,0.0,0.0,0.0,0.0,0.0,0.0,0.0,0.0,0.0,0.0,0.0,0.4617351501357539,0.0,0.0,0.0,0.0,0.0,0.0,0.0,0.0,0.0,0.0,0.0,0.0,0.0,0.0,0.0,0.0,0.0,0.0,0.0,0.0,0.0,0.0,0.0,0.0,0.0,0.0,0.0,0.0,0.0,0.0,0.0,0.0,0.0,0.0,0.3782287884299559,0.0,0.0,0.0,0.0,0.0,0.0,0.0,0.0,0.0,0.0,0.0,0.0,0.0,0.0,0.32635009042746704,0.3584424889437477,0.31773164265976717,0.3792719122508618,0.0,0.0,0.0,0.0,0.0,0.0,0.0,0.0,0.0,0.0,0.0,0.0,0.40491684968647135,0.0,0.0,0.0,0.0,0.0,0.0,0.0,0.0,0.0,0.0,0.0,0.0,0.0,0.0,0.0,0.0,0.0,0.0,0.0,0.0,0.0,0.0,0.0,0.0,0.0,0.0,0.0
14cb7790f76528aeaaa36a1e35271b25002d592e1e3129e4caa5e8e14141b319,0.0,0.22473315037055597,0.0,0.0,0.0,0.0,0.0,0.0,0.0,0.0,0.1613850100267943,0.28216124539722415,0.10507361545088875,0.0,0.0,0.0,0.0,0.0,0.0,0.0,0.0,0.15361450554477105,0.0,0.0,0.0,0.0,0.0,0.0,0.0,0.0,0.0,0.0,0.0,0.0,0.0,0.0,0.0,0.0,0.0,0.0,0.0,0.3033782527308271,0.0,0.18192227448561227,0.20381902469400018,0.0,0.0,0.0,0.0,0.0,0.0,0.0,0.0,0.0,0.0,0.293530101567165,0.32343379385821996,0.0,0.0,0.0,0.0,0.0,0.0,0.0,0.0,0.0,0.0,0.0,0.0,0.0,0.0,0.0,0.0,0.0,0.0,0.09977871724229975,0.0,0.0,0.0,0.09128975781838634,0.0,0.0,0.0,0.0,0.0,0.0,0.0,0.0,0.0,0.0,0.0,0.0,0.0,0.0,0.0,0.0,0.0,0.0,0.0,0.12847063114784385,0.0,0.0,0.14074644942187037,0.0,0.0,0.0,0.16808212902293923,0.0,0.0,0.0,0.0,0.0,0.0,0.3051554852299447,0.0,0.0,0.13114066318166404,0.12144135481289141,0.13338357413297017,0.11823425910802218,0.14113461652757728,0.0,0.0,0.0,0.16587217851674144,0.0,0.19052443040248127,0.0,0.0,0.0,0.0,0.0,0.0,0.0,0.0,0.0,0.0,0.0,0.0,0.0,0.0,0.0,0.20291408598062885,0.0,0.0,0.10861828407456416,0.22473315037055597,0.0,0.0,0.0,0.0,0.0,0.0,0.0,0.15764047081859403,0.0,0.0,0.0,0.0,0.0,0.0
15ef2d6ef402a46165be39d9dbc0081cf28ebca0f407306dd80ac3a73a32c07b,0.0,0.0,0.0,0.0,0.0,0.0,0.0,0.0,0.0,0.0,0.0,0.0,0.0,0.0,0.0,0.0,0.0,0.0,0.0,0.0,0.0,0.0,0.0,0.0,0.0,0.0,0.0,0.0,0.0,0.0,0.0,0.0,0.0,0.0,0.0,0.0,0.0,0.0,0.0,0.0,0.0,0.0,0.0,0.0,0.0,0.0,0.0,0.0,0.0,0.0,0.0,0.0,0.0,0.0,0.0,0.0,0.0,0.0,0.0,0.0,0.0,0.0,0.0,0.0,0.0,0.0,0.0,0.3057920375656851,0.0,0.0,0.0,0.0,0.0,0.0,0.0,0.0,0.0,0.0,0.0,0.0,0.0,0.0,0.0,0.0,0.0,0.0,0.0,0.0,0.0,0.0,0.0,0.0,0.0,0.0,0.0,0.0,0.0,0.0,0.0,0.0,0.0,0.0,0.25048851456509613,0.0,0.0,0.0,0.0,0.0,0.0,0.0,0.0,0.0,0.0,0.0,0.0,0.0,0.0,0.0,0.23738469772552134,0.21042324020481565,0.0,0.0,0.0,0.0,0.0,0.0,0.0,0.0,0.0,0.0,0.0,0.0,0.0,0.26816314173590666,0.8192715230704627,0.0,0.0,0.0,0.0,0.0,0.0,0.0,0.0,0.0,0.0,0.0,0.0,0.0,0.0,0.0,0.0,0.0,0.0,0.0,0.0,0.0,0.0,0.0,0.0,0.0,0.0
017b236bf38a1cf9a52fc0bdee2d5f23f038b00f9811c8a58b8b66b1c756b8d6,0.0,0.20160773788875347,0.23742417981427202,0.0,0.0,0.0,0.0,0.0,0.0,0.0,0.0,0.0,0.0,0.0,0.0,0.0,0.0,0.0,0.0,0.0,0.0,0.0,0.0,0.0,0.0,0.0,0.0,0.0,0.0,0.0,0.0,0.0,0.0,0.0,0.15414017937933178,0.0,0.0,0.0,0.0,0.0,0.0,0.0,0.0,0.0,0.0,0.28614085037012854,0.0,0.0,0.0,0.0,0.2232219572742837,0.0,0.0,0.0,0.0,0.0,0.0,0.0,0.0,0.0,0.13678152461140405,0.0,0.412969090142949,0.19109958505110514,0.18203389127445088,0.0,0.0,0.15414017937933178,0.0,0.0,0.0,0.0,0.0,0.0,0.0,0.08951132238164533,0.0,0.0,0.0,0.08189589090808368,0.0,0.0,0.0,0.0,0.0,0.27706329208695696,0.0,0.0,0.0,0.0,0.0,0.0,0.0,0.0,0.0,0.0,0.0,0.0,0.0,0.0,0.0,0.0,0.0,0.0,0.0,0.0,0.0,0.0,0.0,0.0,0.0,0.0,0.0,0.0,0.0,0.0,0.0,0.10894483875477365,0.11965818397563917,0.10606775849676409,0.12661163130141165,0.0,0.2066779776066114,0.2823591113633175,0.0,0.0,0.0,0.0,0.0,0.0,0.0,0.0,0.0,0.0,0.0,0.0,0.0,0.0,0.0,0.0,0.0,0.0,0.0,0.0,0.2823591113633175,0.09744128318195801,0.20160773788875347,0.21815788051301505,0.0,0.0,0.0,0.0,0.0,0.0,0.1414190059145753,0.0,0.0,0.0,0.0,0.0,0.0
21e2829a1d9fd66d9e8586f0a3243506fa44111e55fe9807bfe618258f8966ff,0.0,0.0,0.0,0.0,0.0,0.0,0.0,0.0,0.0,0.0,0.0,0.0,0.17201723482921288,0.0,0.0,0.0,0.0,0.0,0.0,0.0,0.0,0.0,0.0,0.0,0.0,0.0,0.0,0.0,0.0,0.0,0.0,0.7316124058047421,0.0,0.0,0.0,0.0,0.0,0.0,0.0,0.0,0.0,0.0,0.0,0.0,0.0,0.0,0.0,0.35931945459475384,0.0,0.0,0.0,0.0,0.0,0.0,0.0,0.0,0.0,0.0,0.0,0.0,0.0,0.0,0.0,0.0,0.3321930041952286,0.0,0.0,0.2812898680389763,0.0,0.0,0.0,0.0,0.0,0.0,0.0,0.0,0.0,0.0,0.0,0.0,0.0,0.0,0.0,0.0,0.0,0.0,0.0,0.0,0.0,0.0,0.0,0.0,0.0,0.0,0.0,0.0,0.0,0.0,0.0,0.0,0.0,0.0,0.0,0.0,0.0,0.0,0.0,0.0,0.0,0.0,0.0,0.0,0.0,0.0,0.0,0.0,0.21469190107694358,0.0,0.0,0.0,0.0,0.0,0.0,0.0,0.0,0.0,0.0,0.0,0.0,0.0,0.0,0.0,0.0,0.0,0.0,0.0,0.0,0.0,0.0,0.0,0.0,0.0,0.0,0.2654695723776445,0.0,0.0,0.0,0.0,0.0,0.0,0.0,0.0,0.0,0.0,0.0,0.0,0.0,0.0,0.0,0.0,0.0
d079f48508ae054f1bd2cfb60de81ef8e6fefa7be94d8a05e4aeccaa12152cac,0.0,0.0,0.0,0.0,0.0,0.0,0.0,0.0,0.0,0.0,0.0,0.0,0.0,0.0,0.0,0.0,0.0,0.0,0.0,0.0,0.0,0.0,0.0,0.0,0.0,0.0,0.3831453230790484,0.0,0.0,0.0,0.0,0.0,0.0,0.0,0.0,0.0,0.0,0.0,0.0,0.0,0.0,0.0,0.3342258191793051,0.0,0.3539699705909219,0.0,0.0,0.0,0.0,0.0,0.0,0.0,0.0,0.0,0.0,0.0,0.0,0.0,0.352398374758592,0.0,0.0,0.0,0.0,0.0,0.0,0.0,0.0,0.0,0.0,0.0,0.0,0.0,0.0,0.0,0.0,0.0,0.0,0.2948620505937577,0.0,0.15854178940724672,0.0,0.0,0.0,0.0,0.0,0.0,0.0,0.0,0.0,0.0,0.0,0.0,0.0,0.0,0.0,0.0,0.0,0.0,0.0,0.2231133506672015,0.0,0.0,0.24443261190868942,0.0,0.0,0.0,0.0,0.0,0.0,0.0,0.0,0.0,0.0,0.0,0.0,0.0,0.0,0.0,0.0,0.2053359703891176,0.0,0.0,0.0,0.0,0.0,0.0,0.0,0.0,0.0,0.0,0.0,0.0,0.0,0.26167993077827684,0.0,0.0,0.0,0.0,0.0,0.0,0.0,0.0,0.352398374758592,0.0,0.0,0.18863602589224662,0.0,0.0,0.0,0.0,0.0,0.0,0.0,0.0,0.0,0.0,0.0,0.0,0.0,0.0,0.0
23b0842149aafb9e6e909bab3937921836ad4b3dc2610e2d661c7291f7fad273,0.0,0.0,0.0,0.0,0.0,0.0,0.0,0.0,0.0,0.0,0.0,0.0,0.0,0.0,0.0,0.0,0.0,0.0,0.0,0.0,0.0,0.0,0.0,0.0,0.0,0.0,0.0,0.0,0.0,0.0,0.0,0.0,0.0,0.0,0.0,0.0,0.0,0.0,0.0,0.0,0.0,0.0,1.0,0.0,0.0,0.0,0.0,0.0,0.0,0.0,0.0,0.0,0.0,0.0,0.0,0.0,0.0,0.0,0.0,0.0,0.0,0.0,0.0,0.0,0.0,0.0,0.0,0.0,0.0,0.0,0.0,0.0,0.0,0.0,0.0,0.0,0.0,0.0,0.0,0.0,0.0,0.0,0.0,0.0,0.0,0.0,0.0,0.0,0.0,0.0,0.0,0.0,0.0,0.0,0.0,0.0,0.0,0.0,0.0,0.0,0.0,0.0,0.0,0.0,0.0,0.0,0.0,0.0,0.0,0.0,0.0,0.0,0.0,0.0,0.0,0.0,0.0,0.0,0.0,0.0,0.0,0.0,0.0,0.0,0.0,0.0,0.0,0.0,0.0,0.0,0.0,0.0,0.0,0.0,0.0,0.0,0.0,0.0,0.0,0.0,0.0,0.0,0.0,0.0,0.0,0.0,0.0,0.0,0.0,0.0,0.0,0.0,0.0,0.0,0.0,0.0,0.0,0.0,0.0,0.0,0.0
24af6536df79d1e84d9a8cbfae9fff2746db52a91ccd1f8c9cb66475c28db643,0.0,0.22785065188090978,0.0,0.0,0.0,0.0,0.0,0.0,0.0,0.0,0.0,0.28607539027188433,0.10653119816321385,0.0,0.0,0.0,0.0,0.0,0.0,0.0,0.0,0.0,0.34943180208772334,0.0,0.3797503188304838,0.0,0.0,0.0,0.0,0.0,0.0,0.0,0.0,0.0,0.0,0.0,0.0,0.0,0.0,0.0,0.0,0.0,0.0,0.0,0.2066464051506648,0.0,0.0,0.2225284696579191,0.0,0.0,0.0,0.0,0.0,0.0,0.0,0.0,0.32792047212170666,0.0,0.0,0.0,0.0,0.0,0.0,0.0,0.0,0.0,0.0,0.0,0.0,0.0,0.0,0.0,0.0,0.0,0.0,0.10116284905014,0.0,0.0,0.0,0.0925561306583941,0.0,0.0,0.0,0.0,0.0,0.0,0.0,0.0,0.0,0.0,0.0,0.0,0.0,0.0,0.0,0.0,0.0,0.0,0.0,0.13025277760011011,0.0,0.0,0.1426988862026752,0.0,0.0,0.0,0.17041376674629466,0.0,0.0,0.0,0.0,0.0,0.0,0.0,0.0,0.0,0.13295984835689756,0.12312599104223429,0.0,0.11987440645939004,0.14309243796808324,0.0,0.0,0.0,0.0,0.0,0.19316738805496675,0.0,0.0,0.0,0.0,0.0,0.0,0.0,0.0,0.0,0.0,0.0,0.0,0.0,0.0,0.0,0.20572891311438113,0.0,0.0,0.11012503848127342,0.0,0.0,0.0,0.0,0.0,0.0,0.0,0.0,0.0,0.3797503188304838,0.0,0.0,0.0,0.0,0.0
24b6a4ab640619edb4c457633d0644aa379ec958a9d9dcf0f07f374a7e53fe05,0.0,0.0,0.0,0.0,0.0,0.0,0.0,0.0,0.0,0.0,0.0,0.0,0.0,0.0,0.0,0.0,0.0,0.0,0.0,0.0,0.0,0.0,0.0,0.0,0.0,0.0,0.0,0.0,0.0,0.0,0.0,0.0,0.0,0.0,0.3467582886555867,0.0,0.0,0.0,0.0,0.0,0.0,0.0,0.0,0.0,0.0,0.0,0.0,0.0,0.0,0.0,0.0,0.0,0.0,0.0,0.0,0.0,0.0,0.0,0.0,0.0,0.30770774748632646,0.0,0.0,0.42990325651586275,0.0,0.0,0.0,0.3467582886555867,0.0,0.0,0.0,0.0,0.0,0.0,0.0,0.20136730792282806,0.0,0.0,0.0,0.18423540892167625,0.0,0.0,0.0,0.0,0.0,0.0,0.0,0.0,0.0,0.0,0.0,0.0,0.0,0.0,0.0,0.0,0.0,0.0,0.0,0.0,0.0,0.0,0.0,0.0,0.0,0.0,0.33921307836715797,0.0,0.0,0.0,0.0,0.0,0.0,0.0,0.0,0.0,0.0,0.24508551888664556,0.0,0.0,0.28482925588093955,0.0,0.0,0.0,0.0,0.0,0.0,0.0,0.0,0.0,0.0,0.0,0.0,0.0,0.0,0.0,0.0,0.0,0.0,0.0,0.0,0.0,0.0,0.0,0.0,0.21920678136378746,0.0,0.0,0.0,0.0,0.0,0.0,0.0,0.0,0.31814036205077767,0.0,0.0,0.0,0.0,0.0,0.0
26b8405b53da2fa69471859793721f24e5c407bb4d2af8537e21e244c4363f55,0.45771700597897214,0.0,0.0,0.0,0.0,0.0,0.0,0.0,0.0,0.0,0.18664472668435914,0.0,0.12151956513379125,0.0,0.0,0.0,0.0,0.0,0.0,0.0,0.0,0.17765799560564233,0.0,0.0,0.0,0.0,0.0,0.0,0.0,0.0,0.0,0.0,0.0,0.0,0.0,0.0,0.0,0.0,0.0,0.0,0.0,0.0,0.0,0.21039645003911228,0.0,0.0,0.0,0.0,0.29916213119680596,0.0,0.0,0.0,0.0,0.0,0.0,0.0,0.0,0.0,0.0,0.0,0.0,0.0,0.0,0.0,0.0,0.0,0.0,0.0,0.0,0.0,0.0,0.0,0.0,0.0,0.0,0.11539591815567651,0.24636114727607852,0.196358502549072,0.0,0.10557828074779163,0.0,0.0,0.0,0.0,0.0,0.0,0.0,0.0,0.0,0.0,0.0,0.0,0.0,0.0,0.0,0.0,0.0,0.0,0.0,0.1485786432926786,0.0,0.0,0.0,0.0,0.0,0.0,0.0,0.0,0.0,0.0,0.0,0.0,0.0,0.0,0.0,0.0,0.1516665843542934,0.14044915617297518,0.1542605520432032,0.1367400911167688,0.16322477486055242,0.0,0.0,0.0,0.1918342194151512,0.0,0.0,0.0,0.0,0.0,0.0,0.0,0.0,0.17426141903068976,0.0,0.0,0.0,0.0,0.0,0.0,0.0,0.0,0.0,0.0,0.0,0.0,0.25990801389090196,0.0,0.0,0.0,0.0,0.0,0.0,0.0,0.0,0.0,0.42800816700108735,0.0,0.0,0.0,0.0
26f410656c8f990f26ad3f78cb5cdbf983dcc22cf13c34b0f441ceacd25126ad,0.0,0.0,0.0,0.0,0.0,0.0,0.0,0.0,0.0,0.0,0.0,0.0,0.0,0.0,0.0,0.0,0.0,0.0,0.0,0.0,0.0,0.0,0.0,0.0,0.0,0.0,0.0,0.0,0.0,0.0,0.0,0.0,0.0,0.0,0.31353077002828733,0.0,0.0,0.0,0.0,0.0,0.0,0.0,0.0,0.0,0.0,0.0,0.0,0.0,0.0,0.0,0.0,0.0,0.0,0.0,0.0,0.0,0.0,0.0,0.0,0.0,0.27822218002950505,0.0,0.0,0.3887085138632783,0.0,0.0,0.0,0.31353077002828733,0.0,0.0,0.0,0.0,0.0,0.0,0.0,0.18207163080757796,0.0,0.0,0.0,0.16658136666218928,0.0,0.0,0.0,0.0,0.0,0.0,0.0,0.0,0.0,0.0,0.0,0.0,0.0,0.0,0.0,0.0,0.0,0.0,0.0,0.0,0.0,0.0,0.2568276711193525,0.0,0.0,0.0,0.3067085665823992,0.0,0.0,0.0,0.0,0.0,0.0,0.0,0.0,0.0,0.23929947257881323,0.22160061914377063,0.2433922337000933,0.0,0.25753598066586925,0.0,0.0,0.0,0.0,0.0,0.0,0.0,0.0,0.0,0.0,0.0,0.0,0.0,0.0,0.0,0.0,0.0,0.0,0.0,0.0,0.0,0.0,0.0,0.0,0.19820166728494268,0.0,0.0,0.0,0.0,0.0,0.0,0.0,0.0,0.287655107186005,0.0,0.0,0.0,0.0,0.0,0.0
27d3e4db70a4947d13b65667f4c8815a042f3a452ce2c58bbac2f44e9700795c,0.0,0.0,0.0,0.0,0.0,0.0,0.0,0.0,0.0,0.0,0.0,0.0,0.0,0.0,0.0,0.0,0.0,0.0,0.0,0.0,0.0,0.0,0.0,0.0,0.0,0.0,0.0,0.0,0.0,0.0,0.0,0.0,0.0,0.0,0.3467582886555867,0.0,0.0,0.0,0.0,0.0,0.0,0.0,0.0,0.0,0.0,0.0,0.0,0.0,0.0,0.0,0.0,0.0,0.0,0.0,0.0,0.0,0.0,0.0,0.0,0.0,0.30770774748632646,0.0,0.0,0.42990325651586275,0.0,0.0,0.0,0.3467582886555867,0.0,0.0,0.0,0.0,0.0,0.0,0.0,0.20136730792282806,0.0,0.0,0.0,0.18423540892167625,0.0,0.0,0.0,0.0,0.0,0.0,0.0,0.0,0.0,0.0,0.0,0.0,0.0,0.0,0.0,0.0,0.0,0.0,0.0,0.0,0.0,0.0,0.0,0.0,0.0,0.0,0.33921307836715797,0.0,0.0,0.0,0.0,0.0,0.0,0.0,0.0,0.0,0.0,0.24508551888664556,0.0,0.0,0.28482925588093955,0.0,0.0,0.0,0.0,0.0,0.0,0.0,0.0,0.0,0.0,0.0,0.0,0.0,0.0,0.0,0.0,0.0,0.0,0.0,0.0,0.0,0.0,0.0,0.0,0.21920678136378746,0.0,0.0,0.0,0.0,0.0,0.0,0.0,0.0,0.31814036205077767,0.0,0.0,0.0,0.0,0.0,0.0
28dbc28a9cc80258bbc6d96c50d7d1b55da2c40b219323375d3113b29a11a138,0.0,0.0,0.0,0.0,0.0,0.0,0.0,0.0,0.0,0.0,0.0,0.0,0.0,0.0,0.0,0.0,0.0,0.0,0.0,0.0,0.0,0.0,0.0,0.0,0.0,0.0,0.0,0.0,0.0,0.0,0.0,0.0,0.0,0.0,0.3348389823578099,0.0,0.0,0.0,0.0,0.0,0.0,0.0,0.0,0.0,0.0,0.0,0.0,0.0,0.0,0.0,0.0,0.0,0.0,0.0,0.0,0.0,0.0,0.0,0.0,0.0,0.2971307461211728,0.0,0.0,0.41512596420457853,0.0,0.0,0.0,0.3348389823578099,0.0,0.0,0.0,0.0,0.0,0.0,0.0,0.1944456028042668,0.0,0.0,0.0,0.1779025876404675,0.0,0.0,0.0,0.0,0.0,0.0,0.0,0.0,0.0,0.0,0.0,0.0,0.0,0.0,0.0,0.0,0.0,0.0,0.0,0.0,0.0,0.0,0.0,0.0,0.0,0.0,0.3275531275785389,0.0,0.0,0.0,0.0,0.0,0.0,0.0,0.0,0.0,0.0,0.23666106454963334,0.2599336831870781,0.0,0.27503866902409657,0.0,0.0,0.0,0.0,0.0,0.0,0.0,0.0,0.0,0.0,0.0,0.0,0.0,0.0,0.0,0.0,0.0,0.0,0.0,0.0,0.0,0.0,0.0,0.0,0.2116718705769255,0.0,0.0,0.0,0.0,0.0,0.0,0.0,0.0,0.3072047549001288,0.0,0.0,0.0,0.0,0.0,0.0
30dcc7a8ae98e52ee5547379048ca1fc90925e09a2a81c055021ba225c1d064c,0.0,0.20660093355458986,0.0,0.0,0.0,0.0,0.0,0.0,0.0,0.0,0.0,0.0,0.09659592725112158,0.0,0.0,0.0,0.0,0.0,0.0,0.0,0.0,0.14122037714839294,0.0,0.0,0.0,0.0,0.0,0.0,0.0,0.0,0.0,0.0,0.0,0.0,0.0,0.0,0.0,0.0,0.0,0.0,0.0,0.0,0.0,0.0,0.0,0.0,0.0,0.0,0.0,0.0,0.22875046982669622,0.0,0.0,0.0,0.0,0.0,0.0,0.0,0.0,0.32920482446296856,0.14016917690594552,0.0,0.0,0.0,0.0,0.0,0.0,0.0,0.0,0.0,0.0,0.0,0.0,0.0,0.0,0.09172823901212675,0.0,0.0,0.0,0.08392419702279091,0.0,0.0,0.0,0.0,0.0,0.0,0.0,0.0,0.0,0.0,0.0,0.0,0.0,0.0,0.0,0.0,0.0,0.0,0.0,0.0,0.0,0.0,0.0,0.0,0.0,0.4231970481202564,0.0,0.0,0.3168432301116227,0.0,0.0,0.0,0.0,0.0,0.1939620338781283,0.0,0.12055979901329941,0.11164306305103427,0.0,0.0,0.12974740701755766,0.29949067670165636,0.21179674731662426,0.2893522670121681,0.0,0.0,0.0,0.0,0.26844910880622685,0.0,0.0,0.0,0.0,0.0,0.0,0.0,0.0,0.0,0.0,0.0,0.0,0.0,0.0,0.0,0.0,0.09985460023988839,0.0,0.2235609716584884,0.0,0.0,0.0,0.0,0.0,0.0,0.14492151417539012,0.0,0.0,0.0,0.0,0.0,0.0
33d32078ebe0c9429e405fdeb347dfb1ba5543e61d1179d13edffc7943b57640,0.0,0.0,0.0,0.0,0.0,0.0,0.0,0.0,0.0,0.0,0.0,0.0,0.0,0.0,0.0,0.0,0.0,0.5254573204434756,0.0,0.0,0.0,0.0,0.0,0.0,0.0,0.0,0.0,0.0,0.0,0.0,0.0,0.0,0.0,0.0,0.0,0.0,0.0,0.0,0.0,0.0,0.0,0.0,0.0,0.0,0.0,0.0,0.0,0.0,0.0,0.0,0.0,0.0,0.0,0.0,0.0,0.0,0.0,0.0,0.0,0.0,0.3895550630238172,0.0,0.0,0.0,0.0,0.0,0.0,0.0,0.0,0.0,0.0,0.0,0.0,0.0,0.0,0.0,0.0,0.0,0.0,0.23324026424421293,0.0,0.0,0.0,0.0,0.0,0.0,0.0,0.0,0.0,0.0,0.0,0.0,0.0,0.0,0.0,0.0,0.0,0.0,0.0,0.3282353318995098,0.0,0.0,0.35959936622791744,0.0,0.0,0.0,0.4294405103585936,0.0,0.0,0.0,0.0,0.0,0.0,0.0,0.0,0.0,0.0,0.3102759210193586,0.0,0.0,0.0,0.0,0.0,0.0,0.0,0.0,0.0,0.0,0.0,0.0,0.0,0.0,0.0,0.0,0.0,0.0,0.0,0.0,0.0,0.0,0.0,0.0,0.0,0.0,0.0,0.0,0.0,0.0,0.0,0.0,0.0,0.0,0.0,0.0,0.0,0.0,0.0,0.0,0.0,0.0,0.0
33f1b0ff64ac9ed2e5bf583bd5195cc4f3ecf25d60be43690a2d88729c1eb626,0.0,0.0,0.0,0.0,0.0,0.0,0.0,0.0,0.0,0.0,0.0,0.0,0.0,0.0,0.0,0.0,0.0,0.0,0.0,0.0,0.0,0.0,0.0,0.0,0.0,0.0,0.0,0.0,0.0,0.0,0.0,0.0,0.0,0.0,0.3348389823578099,0.0,0.0,0.0,0.0,0.0,0.0,0.0,0.0,0.0,0.0,0.0,0.0,0.0,0.0,0.0,0.0,0.0,0.0,0.0,0.0,0.0,0.0,0.0,0.0,0.0,0.2971307461211728,0.0,0.0,0.41512596420457853,0.0,0.0,0.0,0.3348389823578099,0.0,0.0,0.0,0.0,0.0,0.0,0.0,0.1944456028042668,0.0,0.0,0.0,0.1779025876404675,0.0,0.0,0.0,0.0,0.0,0.0,0.0,0.0,0.0,0.0,0.0,0.0,0.0,0.0,0.0,0.0,0.0,0.0,0.0,0.0,0.0,0.0,0.0,0.0,0.0,0.0,0.3275531275785389,0.0,0.0,0.0,0.0,0.0,0.0,0.0,0.0,0.0,0.0,0.23666106454963334,0.2599336831870781,0.0,0.27503866902409657,0.0,0.0,0.0,0.0,0.0,0.0,0.0,0.0,0.0,0.0,0.0,0.0,0.0,0.0,0.0,0.0,0.0,0.0,0.0,0.0,0.0,0.0,0.0,0.0,0.2116718705769255,0.0,0.0,0.0,0.0,0.0,0.0,0.0,0.0,0.3072047549001288,0.0,0.0,0.0,0.0,0.0,0.0
a07c0e1563f9d8402a8dc658421e2964425f3492cffafc718d1291c47ade6b92,0.0,0.0,0.0,0.0,0.0,0.0,0.0,0.0,0.0,0.0,0.0,0.0,0.1286646450471481,0.0,0.0,0.0,0.0,0.0,0.0,0.0,0.0,0.0,0.0,0.0,0.0,0.0,0.0,0.0,0.0,0.0,0.0,0.0,0.0,0.0,0.0,0.0,0.0,0.0,0.0,0.0,0.0,0.0,0.0,0.0,0.0,0.0,0.0,0.0,0.0,0.0,0.0,0.0,0.0,0.0,0.0,0.0,0.0,0.0,0.0,0.0,0.0,0.0,0.0,0.0,0.2484721662591584,0.0,0.0,0.0,0.0,0.0,0.0,0.0,0.0,0.0,0.0,0.0,0.0,0.0,0.0,0.0,0.5010952460607295,0.0,0.0,0.0,0.0,0.0,0.0,0.0,0.0,0.0,0.0,0.0,0.0,0.0,0.6464439305587802,0.0,0.0,0.0,0.0,0.0,0.0,0.0,0.0,0.0,0.0,0.0,0.20581977099297108,0.0,0.0,0.0,0.0,0.0,0.0,0.0,0.0,0.0,0.0,0.0,0.0,0.0,0.0,0.0,0.0,0.0,0.0,0.0,0.0,0.0,0.0,0.0,0.0,0.0,0.0,0.0,0.0,0.0,0.0,0.0,0.0,0.0,0.0,0.0,0.0,0.0,0.0,0.0,0.0,0.0,0.4586491170784322,0.0,0.0,0.0,0.0,0.0,0.0,0.0,0.0,0.0,0.0,0.0,0.0
34c485ad11076ede709ff409c0e1867dc50fd40311ae6e7318ddf50679fa4049,0.0,0.0,0.0,0.0,0.340206855329324,0.0,0.0,0.0,0.0,0.0,0.0,0.0,0.12241648628994053,0.0,0.0,0.0,0.0,0.0,0.0,0.0,0.0,0.0,0.0,0.0,0.0,0.0,0.0,0.0,0.0,0.0,0.0,0.0,0.0,0.0,0.0,0.0,0.0,0.0,0.0,0.0,0.0,0.0,0.2242149307942461,0.0,0.0,0.0,0.0,0.0,0.0,0.0,0.2898965779432701,0.0,0.0,0.0,0.0,0.0,0.0,0.0,0.0,0.0,0.17763707654433947,0.0,0.0,0.0,0.0,0.0,0.0,0.0,0.0,0.0,0.0,0.0,0.0,0.0,0.0,0.0,0.0,0.0,0.0,0.10635754121937334,0.0,0.0,0.0,0.0,0.0,0.0,0.0,0.0,0.0,0.0,0.0,0.0,0.0,0.0,0.0,0.0,0.0,0.0,0.0,0.14967528421938403,0.0,0.0,0.0,0.0,0.0,0.0,0.19582483723269103,0.0,0.0,0.0,0.0,0.0,0.0,0.0,0.24580902463188664,0.27977611672723834,0.0,0.14148579434227873,0.1553991304485364,0.13774935312722267,0.0,0.0,0.2684110433221033,0.0,0.19325012449741014,0.0,0.22197134097061091,0.0,0.0,0.0,0.0,0.0,0.0,0.0,0.0,0.0,0.0,0.0,0.0,0.0,0.0,0.0,0.0,0.1889220710914796,0.0,0.12654621834598995,0.0,0.2833199017889169,0.0,0.0,0.0,0.0,0.0,0.0,0.18365973657510573,0.0,0.0,0.3242491823019903,0.0,0.0,0.0
34c392448fc0818278cd19bb0841adf573e967be8a0f73bb42bb367a5835b6ea,0.0,0.0,0.2778663825590764,0.0,0.3065829116390232,0.0,0.0,0.0,0.0,0.0,0.0,0.0,0.11031759710737839,0.0,0.0,0.0,0.0,0.0,0.0,0.0,0.0,0.0,0.0,0.0,0.0,0.0,0.0,0.0,0.0,0.0,0.0,0.0,0.0,0.0,0.0,0.0,0.0,0.0,0.0,0.0,0.0,0.0,0.0,0.0,0.0,0.0,0.0,0.0,0.0,0.0,0.2612449912392345,0.0,0.0,0.0,0.0,0.0,0.0,0.0,0.0,0.0,0.1600805253888528,0.0,0.0,0.0,0.0,0.0,0.0,0.0,0.0,0.0,0.0,0.0,0.0,0.0,0.0,0.0,0.0,0.0,0.0,0.09584581895105722,0.0,0.0,0.0,0.0,0.0,0.0,0.0,0.0,0.0,0.0,0.0,0.0,0.0,0.0,0.0,0.0,0.0,0.0,0.0,0.13488230386174058,0.0,0.0,0.0,0.0,0.0,0.0,0.17647072017969823,0.0,0.0,0.0,0.0,0.0,0.0,0.0,0.22151477931225705,0.25212477388283433,0.0,0.1275022125671933,0.14004044049308176,0.12413505811708367,0.0,0.0,0.24188295411654934,0.0,0.1741504761438972,0.0,0.20003306502837107,0.0,0.0,0.0,0.0,0.0,0.0,0.15819757908796186,0.0,0.0,0.0,0.0,0.0,0.0,0.3556536322544242,0.0,0.0,0.17025018079671816,0.0,0.11403917196161532,0.0,0.25531831312348424,0.0,0.0,0.0,0.0,0.0,0.0,0.16550794291180929,0.0,0.0,0.2922023964228685,0.0,0.0,0.0
34c1121937c35b39b654428cf3fc6b16e3e2eed03c1ccbcfc77183d1749ebadc,0.0,0.0,0.0,0.0,0.0,0.0,0.0,0.0,0.0,0.0,0.0,0.0,0.2301252359819669,0.0,0.0,0.0,0.0,0.45042921142694775,0.0,0.0,0.0,0.0,0.0,0.0,0.0,0.0,0.0,0.0,0.0,0.0,0.0,0.0,0.0,0.0,0.0,0.0,0.0,0.0,0.0,0.0,0.0,0.0,0.0,0.0,0.0,0.0,0.0,0.0,0.0,0.0,0.0,0.0,0.0,0.0,0.0,0.0,0.0,0.0,0.0,0.0,0.0,0.0,0.0,0.0,0.0,0.0,0.0,0.3763105326397948,0.0,0.0,0.0,0.0,0.0,0.0,0.0,0.0,0.0,0.0,0.0,0.19993674882646356,0.0,0.0,0.0,0.0,0.0,0.0,0.0,0.0,0.0,0.0,0.0,0.0,0.0,0.0,0.0,0.0,0.0,0.0,0.0,0.0,0.0,0.0,0.3082535015840452,0.0,0.0,0.0,0.3681222868345503,0.0,0.0,0.0,0.0,0.0,0.0,0.0,0.0,0.0,0.0,0.2659727688474626,0.29212782240099755,0.25894880138681364,0.0,0.0,0.0,0.0,0.0,0.0,0.0,0.0,0.0,0.0,0.0,0.0,0.0,0.3300040625790443,0.0,0.0,0.0,0.0,0.0,0.0,0.0,0.0,0.0,0.0,0.0,0.0,0.0,0.0,0.0,0.0,0.0,0.0,0.0,0.0,0.0,0.0,0.0,0.0,0.0,0.0,0.0
34e1a82f7334c825aab19a21d94361c3225ee8ad9a2027830aeea7d82f59ca15,0.0,0.0,0.0,0.0,0.0,0.0,0.0,0.0,0.0,0.0,0.0,0.0,0.0,0.0,0.0,0.0,0.0,0.5403609412194295,0.0,0.0,0.0,0.0,0.0,0.0,0.0,0.0,0.0,0.0,0.0,0.0,0.0,0.0,0.0,0.0,0.0,0.0,0.0,0.0,0.0,0.0,0.0,0.0,0.0,0.0,0.0,0.0,0.0,0.0,0.0,0.0,0.0,0.0,0.0,0.0,0.0,0.0,0.0,0.0,0.0,0.0,0.4006040687275722,0.0,0.0,0.0,0.0,0.0,0.0,0.0,0.0,0.0,0.0,0.0,0.0,0.0,0.0,0.0,0.0,0.0,0.0,0.0,0.0,0.0,0.0,0.0,0.0,0.0,0.0,0.0,0.0,0.0,0.0,0.0,0.0,0.0,0.0,0.0,0.0,0.0,0.0,0.33754511734082976,0.0,0.0,0.36979873423940707,0.0,0.0,0.0,0.44162079268259835,0.0,0.0,0.0,0.0,0.0,0.0,0.0,0.0,0.0,0.0,0.3190763211334527,0.0,0.0,0.0,0.0,0.0,0.0,0.0,0.0,0.0,0.0,0.0,0.0,0.0,0.0,0.0,0.0,0.0,0.0,0.0,0.0,0.0,0.0,0.0,0.0,0.0,0.0,0.0,0.0,0.0,0.0,0.0,0.0,0.0,0.0,0.0,0.0,0.0,0.0,0.0,0.0,0.0,0.0,0.0
38da8fbce28210c11fbec12da0f3b4d4b233b46dd1510778122c51dc5f70f697,0.0,0.0,0.0,0.0,0.0,0.0,0.0,0.0,0.0,0.0,0.0,0.0,0.0,0.0,0.0,0.0,0.0,0.0,0.0,0.0,0.0,0.0,0.0,0.0,0.0,0.0,0.0,0.0,0.0,0.0,0.0,0.0,0.0,0.0,0.0,0.0,0.0,0.0,0.0,0.0,0.0,0.0,0.3606115171626003,0.0,0.0,0.0,0.0,0.0,0.0,0.0,0.0,0.0,0.0,0.0,0.0,0.0,0.0,0.0,0.0,0.0,0.285698973971394,0.0,0.0,0.39915445840050173,0.0,0.0,0.0,0.3219564281181444,0.0,0.0,0.0,0.0,0.0,0.0,0.0,0.18696452635626343,0.0,0.0,0.0,0.1710579851437185,0.0,0.0,0.0,0.0,0.0,0.0,0.0,0.0,0.0,0.0,0.0,0.0,0.0,0.0,0.0,0.0,0.0,0.0,0.0,0.0,0.0,0.0,0.0,0.0,0.0,0.0,0.31495088842857816,0.0,0.0,0.0,0.0,0.0,0.0,0.0,0.0,0.0,0.0,0.22755579556628758,0.24993302630778075,0.22154636644139716,0.2644568647587794,0.0,0.0,0.0,0.0,0.0,0.0,0.0,0.0,0.0,0.0,0.0,0.0,0.0,0.0,0.0,0.0,0.0,0.0,0.0,0.0,0.0,0.0,0.0,0.0,0.20352803279998244,0.0,0.0,0.0,0.0,0.0,0.0,0.0,0.0,0.29538539656312673,0.0,0.0,0.0,0.0,0.0,0.0
40a68110241e86f1cdece1dc5a6dfb72e028b40e8d55447cc3a961341b932784,0.0,0.0,0.0,0.0,0.3198123500335146,0.0,0.0,0.0,0.0,0.0,0.0,0.0,0.1150779402294333,0.0,0.0,0.0,0.0,0.0,0.0,0.0,0.0,0.0,0.0,0.0,0.0,0.0,0.0,0.0,0.0,0.0,0.0,0.0,0.0,0.0,0.0,0.0,0.0,0.0,0.0,0.0,0.0,0.0,0.21077383599603483,0.0,0.0,0.0,0.0,0.0,0.0,0.0,0.2725180413221374,0.0,0.0,0.0,0.0,0.0,0.0,0.0,0.0,0.0,0.1669882014803473,0.0,0.0,0.0,0.0,0.0,0.0,0.0,0.0,0.0,0.0,0.0,0.0,0.0,0.0,0.0,0.0,0.0,0.0,0.09998168663658413,0.0,0.0,0.0,0.0,0.0,0.0,0.0,0.0,0.0,0.0,0.0,0.0,0.0,0.0,0.0,0.0,0.0,0.0,0.0,0.14070264498873392,0.0,0.0,0.0,0.0,0.0,0.0,0.18408565379934388,0.0,0.0,0.0,0.0,0.0,0.0,0.0,0.23107342076006,0.26300427511131536,0.0,0.13300409346884343,0.0,0.12949164206749697,0.0,0.0,0.2523205079353682,0.0,0.18166528831395615,0.0,0.20866474347550504,0.0,0.0,0.0,0.0,0.0,0.0,0.0,0.0,0.0,0.0,0.0,0.0,0.0,0.3710005339865954,0.0,0.0,0.17759669031500838,0.0,0.11896010572129384,0.0,0.26633561958846297,0.0,0.0,0.0,0.0,0.0,0.0,0.1726498188984554,0.0,0.0,0.3048112974915315,0.0,0.0,0.0
41e99d281f1093e49ef23383633e481b3a18afd2386f94371fb215dec16ba2a0,0.0,0.0,0.0,0.0,0.0,0.0,0.0,0.0,0.0,0.0,0.20978948309639403,0.0,0.13658851877786815,0.0,0.0,0.0,0.0,0.0,0.0,0.0,0.0,0.1996883583487411,0.0,0.0,0.0,0.0,0.0,0.0,0.0,0.0,0.0,0.0,0.0,0.0,0.0,0.0,0.0,0.0,0.0,0.0,0.0,0.3943709940131398,0.0,0.23648652326334657,0.0,0.0,0.0,0.0,0.0,0.0,0.0,0.0,0.0,0.0,0.0,0.3815690705771479,0.0,0.0,0.0,0.0,0.0,0.0,0.0,0.0,0.0,0.0,0.0,0.0,0.0,0.0,0.0,0.0,0.0,0.0,0.0,0.12970551298914287,0.0,0.0,0.0,0.11867044592019156,0.0,0.0,0.0,0.0,0.0,0.0,0.0,0.0,0.0,0.0,0.0,0.0,0.0,0.0,0.0,0.0,0.0,0.0,0.0,0.16700304010328426,0.0,0.0,0.0,0.0,0.0,0.0,0.21849528007346783,0.0,0.0,0.0,0.0,0.0,0.0,0.39668127479615733,0.0,0.0,0.1704738992625888,0.0,0.17338953020642695,0.15369645606143287,0.0,0.0,0.0,0.0,0.21562249545557255,0.0,0.0,0.0,0.0,0.0,0.0,0.0,0.0,0.0,0.0,0.0,0.0,0.0,0.0,0.0,0.0,0.0,0.0,0.0,0.0,0.14119634572651354,0.2921377359832583,0.0,0.0,0.0,0.0,0.0,0.0,0.0,0.20492183804812042,0.0,0.0,0.0,0.0,0.0,0.0
041fd213326dd5c10a16caf88ff076bb98c68c052284430fba5f601023d39a14,0.0,0.2059006341707793,0.0,0.0,0.0,0.0,0.0,0.0,0.0,0.0,0.0,0.0,0.09626850342409082,0.0,0.0,0.0,0.0,0.0,0.0,0.0,0.0,0.14074169323638447,0.0,0.0,0.0,0.0,0.0,0.0,0.0,0.0,0.0,0.0,0.0,0.0,0.15742233417109605,0.0,0.0,0.0,0.0,0.0,0.0,0.0,0.1763229487062306,0.0,0.0,0.0,0.0,0.0,0.0,0.0,0.22797509185376136,0.0,0.0,0.0,0.0,0.0,0.0,0.0,0.0,0.3280889440467847,0.139694056167004,0.0,0.0,0.0,0.0,0.0,0.0,0.0,0.0,0.0,0.0,0.0,0.0,0.0,0.0,0.0,0.0,0.15555634316319852,0.0,0.08363972559059224,0.0,0.0,0.0,0.0,0.0,0.0,0.0,0.0,0.0,0.0,0.0,0.0,0.0,0.0,0.0,0.0,0.0,0.0,0.0,0.0,0.0,0.0,0.12895197324233074,0.0,0.0,0.0,0.0,0.0,0.31576925084640756,0.0,0.0,0.0,0.0,0.0,0.193304575605939,0.0,0.0,0.1112646350985744,0.12220610291209602,0.10832629227558574,0.1293076121549589,0.29847551605962686,0.21107883608027583,0.2883714717620863,0.0,0.0,0.0,0.0,0.2675391673928604,0.0,0.0,0.0,0.0,0.1380509055983938,0.0,0.0,0.0,0.0,0.0,0.0,0.0,0.0,0.0,0.0,0.0,0.0995161307382481,0.0,0.222803184130606,0.0,0.0,0.0,0.0,0.0,0.0,0.14443028480226097,0.0,0.0,0.25499003004191656,0.0,0.0,0.0
42a1d242616debc2ef4264d0878adfdeb439dbfc69011d75472f0522066d7b0a,0.0,0.0,0.0,0.0,0.0,0.0,0.0,0.0,0.0,0.0,0.0,0.3571158261159857,0.13298584265855626,0.4486696464975481,0.0,0.0,0.0,0.0,0.0,0.0,0.0,0.0,0.0,0.4580117648731528,0.0,0.0,0.0,0.0,0.0,0.0,0.0,0.0,0.0,0.0,0.21746408241951704,0.0,0.0,0.0,0.0,0.0,0.0,0.0,0.0,0.0,0.0,0.0,0.0,0.0,0.0,0.0,0.0,0.0,0.0,0.0,0.0,0.0,0.0,0.0,0.0,0.0,0.0,0.0,0.0,0.0,0.0,0.0,0.0,0.0,0.0,0.0,0.0,0.0,0.0,0.0,0.0,0.1262843839047209,0.0,0.0,0.0,0.11554037916633758,0.0,0.0,0.0,0.0,0.0,0.0,0.0,0.0,0.27707860835154235,0.0,0.0,0.0,0.0,0.0,0.0,0.0,0.0,0.0,0.0,0.1625981467065629,0.0,0.0,0.17813496849088375,0.0,0.0,0.0,0.212732220815294,0.0,0.0,0.0,0.0,0.0,0.0,0.0,0.0,0.0,0.16597745804384983,0.1537015818299082,0.16881618593560077,0.14964253881546072,0.0,0.0,0.0,0.0,0.0,0.0,0.0,0.0,0.0,0.0,0.0,0.0,0.0,0.0,0.0,0.0,0.0,0.0,0.0,0.0,0.0,0.0,0.25681709528723007,0.0,0.0,0.13747213297836683,0.0,0.0,0.0,0.0,0.0,0.0,0.0,0.0,0.0,0.0,0.0,0.0,0.0,0.0,0.0
43bef6cb68e3b49bbc9e40c3b1642d6e7b0c465bc04d3082662bb2e8a66bd9e0,0.0,0.0,0.0,0.0,0.0,0.0,0.0,0.0,0.0,0.0,0.0,0.31382580753135425,0.0,0.0,0.0,0.0,0.0,0.0,0.0,0.0,0.0,0.0,0.0,0.0,0.0,0.0,0.0,0.0,0.0,0.0,0.0,0.0,0.0,0.0,0.0,0.0,0.0,0.0,0.0,0.0,0.0,0.0,0.0,0.20233786754809108,0.0,0.0,0.0,0.0,0.0,0.0,0.0,0.0,0.0,0.0,0.0,0.0,0.0,0.0,0.0,0.0,0.0,0.0,0.0,0.0,0.22568541190945557,0.0,0.0,0.0,0.0,0.0,0.0,0.0,0.0,0.0,0.35006850597036093,0.11097603595038369,0.0,0.18883760003236635,0.0,0.10153443264812972,0.45514106757185874,0.0,0.0,0.0,0.0,0.0,0.0,0.0,0.0,0.0,0.0,0.0,0.0,0.0,0.0,0.0,0.0,0.0,0.0,0.0,0.0,0.0,0.0,0.0,0.0,0.0,0.0,0.0,0.0,0.0,0.0,0.0,0.0,0.33940049577003945,0.0,0.0,0.0,0.0,0.14835208075711673,0.1315026866648905,0.0,0.0,0.0,0.0,0.0,0.0,0.0,0.0,0.0,0.0,0.0,0.0,0.0,0.1675868766607963,0.0,0.0,0.0,0.0,0.0,0.0,0.0,0.0,0.22568541190945557,0.0,0.0,0.12080759235515295,0.0,0.0,0.41658756579516404,0.0,0.0,0.0,0.0,0.0,0.0,0.0,0.0,0.0,0.0,0.0,0.0
7bfaad45889d0cb9d2bde28ef578cbe57cad912dffb0498cadc6306ed4451df4,0.0,0.0,0.0,0.0,0.0,0.0,0.0,0.5403420858713555,0.0,0.0,0.0,0.0,0.10754671735037963,0.0,0.0,0.0,0.2775521149611854,0.0,0.5403420858713555,0.0,0.0,0.0,0.0,0.0,0.0,0.0,0.0,0.0,0.0,0.0,0.0,0.0,0.0,0.0,0.17586494726269053,0.0,0.0,0.0,0.0,0.0,0.0,0.0,0.19697983922485143,0.0,0.0,0.0,0.0,0.0,0.0,0.0,0.0,0.0,0.0,0.0,0.0,0.0,0.0,0.0,0.0,0.0,0.1560597354249638,0.0,0.0,0.0,0.20769004433438612,0.0,0.0,0.17586494726269053,0.0,0.0,0.0,0.0,0.0,0.0,0.0,0.10212719391821685,0.0,0.0,0.0,0.09343843113181428,0.0,0.0,0.0,0.0,0.0,0.0,0.0,0.0,0.0,0.0,0.0,0.0,0.0,0.0,0.0,0.0,0.0,0.0,0.0,0.13149442509037768,0.0,0.0,0.0,0.0,0.0,0.0,0.0,0.0,0.0,0.0,0.0,0.0,0.0,0.0,0.21595092699887733,0.0,0.0,0.12429970173448264,0.0,0.0,0.14445648079122214,0.0,0.0,0.0,0.0,0.0,0.0,0.0,0.0,0.0,0.0,0.0,0.0,0.0,0.0,0.0,0.0,0.0,0.0,0.0,0.0,0.0,0.0,0.16597395658621591,0.0,0.1111748163068618,0.0,0.0,0.0,0.0,0.0,0.0,0.0,0.0,0.0,0.0,0.0,0.0,0.0,0.0,0.0
43f846c12c24a078ebe33f71e8ea3b4f75107aeb275e2c3cd9dc61617c9757fc,0.0,0.0,0.0,0.0,0.0,0.0,0.0,0.0,0.0,0.0,0.0,0.0,0.0,0.0,0.0,0.0,0.0,0.5403609412194295,0.0,0.0,0.0,0.0,0.0,0.0,0.0,0.0,0.0,0.0,0.0,0.0,0.0,0.0,0.0,0.0,0.0,0.0,0.0,0.0,0.0,0.0,0.0,0.0,0.0,0.0,0.0,0.0,0.0,0.0,0.0,0.0,0.0,0.0,0.0,0.0,0.0,0.0,0.0,0.0,0.0,0.0,0.4006040687275722,0.0,0.0,0.0,0.0,0.0,0.0,0.0,0.0,0.0,0.0,0.0,0.0,0.0,0.0,0.0,0.0,0.0,0.0,0.0,0.0,0.0,0.0,0.0,0.0,0.0,0.0,0.0,0.0,0.0,0.0,0.0,0.0,0.0,0.0,0.0,0.0,0.0,0.0,0.33754511734082976,0.0,0.0,0.36979873423940707,0.0,0.0,0.0,0.44162079268259835,0.0,0.0,0.0,0.0,0.0,0.0,0.0,0.0,0.0,0.0,0.3190763211334527,0.0,0.0,0.0,0.0,0.0,0.0,0.0,0.0,0.0,0.0,0.0,0.0,0.0,0.0,0.0,0.0,0.0,0.0,0.0,0.0,0.0,0.0,0.0,0.0,0.0,0.0,0.0,0.0,0.0,0.0,0.0,0.0,0.0,0.0,0.0,0.0,0.0,0.0,0.0,0.0,0.0,0.0,0.0
45a2cc9060b21404632f07ee468d105ccd42075feb680f00d3aa1c20a19d272a,0.0,0.0,0.0,0.0,0.0,0.0,0.0,0.0,0.0,0.0,0.0,0.0,0.0,0.0,0.0,0.0,0.0,0.0,0.0,0.0,0.0,0.0,0.0,0.0,0.0,0.0,0.0,0.0,0.0,0.0,0.0,0.0,0.0,0.0,0.3348389823578099,0.0,0.0,0.0,0.0,0.0,0.0,0.0,0.0,0.0,0.0,0.0,0.0,0.0,0.0,0.0,0.0,0.0,0.0,0.0,0.0,0.0,0.0,0.0,0.0,0.0,0.2971307461211728,0.0,0.0,0.41512596420457853,0.0,0.0,0.0,0.3348389823578099,0.0,0.0,0.0,0.0,0.0,0.0,0.0,0.1944456028042668,0.0,0.0,0.0,0.1779025876404675,0.0,0.0,0.0,0.0,0.0,0.0,0.0,0.0,0.0,0.0,0.0,0.0,0.0,0.0,0.0,0.0,0.0,0.0,0.0,0.0,0.0,0.0,0.0,0.0,0.0,0.0,0.3275531275785389,0.0,0.0,0.0,0.0,0.0,0.0,0.0,0.0,0.0,0.0,0.23666106454963334,0.2599336831870781,0.0,0.27503866902409657,0.0,0.0,0.0,0.0,0.0,0.0,0.0,0.0,0.0,0.0,0.0,0.0,0.0,0.0,0.0,0.0,0.0,0.0,0.0,0.0,0.0,0.0,0.0,0.0,0.2116718705769255,0.0,0.0,0.0,0.0,0.0,0.0,0.0,0.0,0.3072047549001288,0.0,0.0,0.0,0.0,0.0,0.0
45a378dfed22be8f90961877254497cf42affb28367a904680cde7f92fccc243,0.0,0.23468766664358595,0.27638089365461305,0.0,0.0,0.0,0.0,0.0,0.0,0.0,0.0,0.0,0.0,0.0,0.0,0.0,0.0,0.0,0.0,0.0,0.0,0.0,0.0,0.0,0.0,0.0,0.0,0.0,0.0,0.0,0.0,0.0,0.0,0.0,0.17943160026189223,0.0,0.0,0.0,0.0,0.0,0.0,0.0,0.0,0.0,0.0,0.3330910271997206,0.0,0.0,0.0,0.0,0.25984836120339344,0.0,0.0,0.0,0.0,0.0,0.0,0.0,0.0,0.0,0.15922472612988614,0.0,0.0,0.22245532925402273,0.21190213054633086,0.0,0.0,0.17943160026189223,0.0,0.0,0.0,0.0,0.0,0.0,0.0,0.10419839837457948,0.0,0.0,0.0,0.09533342195189619,0.0,0.0,0.0,0.0,0.0,0.3225240172495657,0.0,0.0,0.0,0.0,0.0,0.0,0.0,0.0,0.0,0.0,0.0,0.0,0.0,0.0,0.0,0.0,0.0,0.0,0.0,0.0,0.0,0.0,0.0,0.0,0.0,0.0,0.0,0.0,0.2203305491660534,0.0,0.0,0.12682057875342012,0.13929177662589226,0.12347142529547511,0.1473861501112745,0.0,0.24058983459194272,0.0,0.0,0.0,0.0,0.0,0.0,0.0,0.0,0.0,0.0,0.0,0.0,0.0,0.0,0.0,0.0,0.0,0.0,0.0,0.0,0.0,0.328688777997097,0.11342951230051129,0.23468766664358595,0.0,0.0,0.0,0.0,0.0,0.0,0.0,0.16462312838141613,0.0,0.0,0.0,0.0,0.0,0.0
45e69aa7263b1e2716d8b45f9b4d2e71ef1f245a4f756e7278c06a889f5e5d37,0.0,0.0,0.0,0.0,0.0,0.0,0.0,0.0,0.0,0.0,0.17017543893673592,0.0,0.11079683687509805,0.0,0.0,0.0,0.0,0.0,0.0,0.0,0.0,0.1619816853113612,0.0,0.0,0.0,0.0,0.0,0.36673328355296314,0.0,0.0,0.0,0.0,0.0,0.0,0.0,0.0,0.0,0.0,0.0,0.0,0.0,0.3199028665286629,0.0,0.19183134113768333,0.0,0.0,0.0,0.0,0.0,0.0,0.0,0.0,0.0,0.0,0.0,0.30951829954370397,0.0,0.0,0.0,0.0,0.0,0.0,0.0,0.0,0.0,0.0,0.0,0.0,0.0,0.0,0.0,0.0,0.0,0.0,0.331890969318427,0.10521353253585136,0.22462256030176822,0.179032083862505,0.0,0.09626219067429458,0.0,0.0,0.0,0.0,0.0,0.0,0.0,0.0,0.0,0.0,0.0,0.0,0.0,0.0,0.0,0.0,0.0,0.0,0.0,0.0,0.0,0.0,0.0,0.0,0.0,0.0,0.17723734118274562,0.0,0.0,0.0,0.0,0.0,0.0,0.32177690254092794,0.0,0.0,0.13828372235865716,0.1280561054395604,0.14064880171498126,0.12467432345622981,0.14882203317867493,0.0,0.0,0.0,0.0,0.0,0.0,0.0,0.0,0.0,0.0,0.0,0.0,0.15888481823243064,0.0,0.0,0.0,0.0,0.0,0.0,0.0,0.0,0.0,0.0,0.0,0.11453457892945047,0.2369740690389726,0.0,0.0,0.0,0.0,0.0,0.0,0.0,0.16622693961040133,0.0,0.0,0.0,0.0,0.0,0.0
47c2ec67d40d8e342db29823981ab4539c758486d30d00bd15106acdb39a96cc,0.0,0.0,0.0,0.0,0.0,0.0,0.3083804005499474,0.0,0.0,0.0,0.0,0.0,0.11590039040315894,0.0,0.0,0.0,0.2991109284760544,0.22685439617522501,0.0,0.0,0.0,0.0,0.0,0.0,0.0,0.30562247761188827,0.0,0.0,0.0,0.0,0.0,0.0,0.0,0.0,0.0,0.0,0.0,0.0,0.0,0.0,0.0,0.0,0.0,0.0,0.0,0.0,0.0,0.0,0.0,0.28221927193937923,0.0,0.0,0.0,0.0,0.0,0.0,0.0,0.0,0.0,0.0,0.16818164893903337,0.30698975240717946,0.0,0.0,0.0,0.0,0.0,0.0,0.0,0.0,0.0,0.0,0.0,0.0,0.0,0.11005990640641966,0.0,0.0,0.0,0.0,0.0,0.0,0.0,0.0,0.0,0.0,0.0,0.0,0.24148073387600977,0.0,0.0,0.0,0.0,0.0,0.0,0.0,0.0,0.0,0.0,0.0,0.0,0.0,0.15524894966118027,0.0,0.0,0.0,0.0,0.0,0.0,0.0,0.0,0.0,0.0,0.0,0.23272487867344105,0.2648839395485188,0.1446533841560648,0.13395466001149775,0.1471274044301402,0.13041710548213667,0.155677113467099,0.0,0.0,0.0,0.0,0.0,0.0,0.0,0.0,0.0,0.0,0.0,0.29664555994901376,0.0,0.0,0.0,0.0,0.0,0.0,0.0,0.0,0.0,0.0,0.17886595554960907,0.0,0.11981030133151971,0.0,0.0,0.0,0.0,0.0,0.0,0.0,0.0,0.0,0.0,0.0,0.0,0.0,0.0,0.0
47fc82f745787ef02d2e51a15e7ce14ab2a1a278b82a49840a48cc337782aac1,0.0,0.0,0.0,0.0,0.0,0.0,0.0,0.0,0.0,0.0,0.1757211116801603,0.3072261030068829,0.11440748129097227,0.3859896900400829,0.0,0.0,0.0,0.0,0.0,0.0,0.3230225409022668,0.16726034022641692,0.0,0.39402669767870224,0.0,0.0,0.24021635707843128,0.0,0.0,0.0,0.0,0.0,0.0,0.0,0.18708395904027159,0.0,0.0,0.0,0.0,0.0,0.0,0.0,0.0,0.0,0.22192461118197682,0.0,0.0,0.0,0.0,0.0,0.0,0.0,0.0,0.0,0.0,0.0,0.0,0.0,0.2209392852419182,0.0,0.0,0.0,0.0,0.0,0.0,0.0,0.0,0.0,0.0,0.0,0.0,0.0,0.0,0.0,0.0,0.10864222837626802,0.0,0.0,0.0,0.09939918042075979,0.0,0.0,0.0,0.0,0.0,0.0,0.0,0.0,0.0,0.0,0.0,0.0,0.0,0.0,0.0,0.0,0.0,0.0,0.0,0.0,0.0,0.0,0.0,0.0,0.26066490555678185,0.0,0.1830131470114561,0.0,0.0,0.0,0.0,0.0,0.0,0.0,0.0,0.0,0.0,0.0,0.1452322611785766,0.12873720704105265,0.0,0.0,0.0,0.0,0.18060688288790003,0.0,0.0,0.0,0.0,0.0,0.0,0.0,0.0,0.16406255252429336,0.0,0.0,0.0,0.0,0.0,0.0,0.0,0.0,0.0,0.0,0.0,0.11826702878541807,0.0,0.0,0.0,0.0,0.0,0.0,0.0,0.0,0.0,0.0,0.0,0.0,0.0,0.0,0.0
49b769536224f160b6087dc866edf6445531c6136ab76b9d5079ce622b043200,0.0,0.0,0.38311999947800307,0.0,0.0,0.0,0.0,0.0,0.0,0.0,0.0,0.0,0.0,0.0,0.0,0.0,0.0,0.0,0.0,0.0,0.0,0.0,0.0,0.0,0.0,0.0,0.0,0.0,0.0,0.0,0.0,0.0,0.0,0.0,0.0,0.0,0.0,0.0,0.0,0.0,0.0,0.0,0.0,0.26335150888498676,0.0,0.0,0.0,0.0,0.0,0.0,0.0,0.0,0.0,0.0,0.0,0.0,0.0,0.0,0.0,0.0,0.22071777895037922,0.0,0.0,0.3083682250994764,0.0,0.0,0.0,0.0,0.0,0.0,0.0,0.0,0.0,0.0,0.0,0.1444401232046285,0.0,0.2457803252815416,0.0,0.13215146707677305,0.0,0.0,0.0,0.0,0.0,0.0,0.0,0.0,0.0,0.0,0.0,0.0,0.0,0.0,0.0,0.0,0.0,0.0,0.0,0.0,0.0,0.0,0.20374519794378157,0.0,0.0,0.0,0.0,0.0,0.0,0.0,0.0,0.0,0.0,0.0,0.0,0.0,0.1898398182560125,0.1757990555111565,0.0,0.0,0.20430711040489427,0.0,0.3335063291982356,0.0,0.0,0.0,0.0,0.0,0.0,0.0,0.0,0.0,0.0,0.21812158728742742,0.0,0.0,0.0,0.0,0.0,0.0,0.0,0.0,0.0,0.0,0.45562934105004266,0.157236320205511,0.0,0.0,0.0,0.0,0.0,0.0,0.0,0.0,0.0,0.0,0.0,0.0,0.0,0.0,0.0
52be85cc7005732821ac9f996966b4c111f599ea7a45cbf2242917106223b34e,0.0,0.0,0.0,0.0,0.0,0.0,0.31216528646492603,0.0,0.0,0.0,0.0,0.0,0.11732288597808893,0.0,0.0,0.0,0.30278204615469506,0.22963867820904876,0.0,0.0,0.0,0.0,0.0,0.0,0.0,0.3093735143468793,0.0,0.0,0.0,0.0,0.0,0.0,0.0,0.0,0.0,0.0,0.0,0.0,0.0,0.0,0.0,0.0,0.0,0.0,0.0,0.0,0.0,0.0,0.0,0.2856830710180301,0.0,0.0,0.0,0.0,0.0,0.0,0.0,0.0,0.0,0.0,0.17024581499203817,0.3107575702965674,0.0,0.0,0.0,0.0,0.0,0.0,0.0,0.0,0.0,0.0,0.0,0.0,0.0,0.11141071919743571,0.0,0.0,0.0,0.0,0.0,0.0,0.0,0.0,0.0,0.0,0.0,0.0,0.2444445312728485,0.0,0.0,0.0,0.0,0.0,0.0,0.0,0.0,0.0,0.0,0.0,0.0,0.0,0.0,0.0,0.0,0.0,0.0,0.0,0.0,0.0,0.0,0.0,0.0,0.0,0.2355812116757505,0.2681349746016977,0.14642877764822546,0.13559874343904083,0.1489331626422118,0.13201777097427345,0.15758780595272834,0.0,0.0,0.0,0.0,0.0,0.0,0.0,0.0,0.0,0.0,0.0,0.3002864190943735,0.0,0.0,0.0,0.0,0.0,0.0,0.0,0.0,0.0,0.0,0.18106125471460663,0.0,0.12128078493284562,0.0,0.0,0.0,0.0,0.0,0.0,0.0,0.0,0.0,0.0,0.0,0.0,0.0,0.0,0.0
55c30024aed833336eb4720a1a4a40c78496efb27b3c4d5c3f1d1b5935c12715,0.0,0.0,0.0,0.0,0.0,0.0,0.0,0.0,0.0,0.0,0.0,0.0,0.0,0.0,0.0,0.0,0.0,0.5403609412194295,0.0,0.0,0.0,0.0,0.0,0.0,0.0,0.0,0.0,0.0,0.0,0.0,0.0,0.0,0.0,0.0,0.0,0.0,0.0,0.0,0.0,0.0,0.0,0.0,0.0,0.0,0.0,0.0,0.0,0.0,0.0,0.0,0.0,0.0,0.0,0.0,0.0,0.0,0.0,0.0,0.0,0.0,0.4006040687275722,0.0,0.0,0.0,0.0,0.0,0.0,0.0,0.0,0.0,0.0,0.0,0.0,0.0,0.0,0.0,0.0,0.0,0.0,0.0,0.0,0.0,0.0,0.0,0.0,0.0,0.0,0.0,0.0,0.0,0.0,0.0,0.0,0.0,0.0,0.0,0.0,0.0,0.0,0.33754511734082976,0.0,0.0,0.36979873423940707,0.0,0.0,0.0,0.44162079268259835,0.0,0.0,0.0,0.0,0.0,0.0,0.0,0.0,0.0,0.0,0.3190763211334527,0.0,0.0,0.0,0.0,0.0,0.0,0.0,0.0,0.0,0.0,0.0,0.0,0.0,0.0,0.0,0.0,0.0,0.0,0.0,0.0,0.0,0.0,0.0,0.0,0.0,0.0,0.0,0.0,0.0,0.0,0.0,0.0,0.0,0.0,0.0,0.0,0.0,0.0,0.0,0.0,0.0,0.0,0.0
7c90795c9b28fac978386626f5a54033dc9cba46ef6a3f742fc7d52b394590f2,0.0,0.0,0.0,0.0,0.0,0.0,0.0,0.0,0.0,0.0,0.0,0.0,0.2230816787624354,0.0,0.0,0.0,0.0,0.0,0.0,0.0,0.0,0.0,0.0,0.0,0.0,0.0,0.0,0.0,0.0,0.0,0.0,0.0,0.0,0.0,0.3647926095504363,0.0,0.0,0.0,0.0,0.0,0.0,0.0,0.4085907436251411,0.0,0.0,0.0,0.0,0.0,0.0,0.0,0.0,0.0,0.0,0.0,0.0,0.0,0.0,0.0,0.0,0.0,0.0,0.0,0.0,0.0,0.0,0.0,0.0,0.0,0.0,0.0,0.0,0.0,0.0,0.0,0.0,0.0,0.0,0.0,0.0,0.19381718560412908,0.0,0.0,0.0,0.0,0.0,0.0,0.0,0.0,0.4647950478377069,0.0,0.0,0.0,0.0,0.0,0.0,0.0,0.0,0.0,0.0,0.0,0.0,0.0,0.0,0.0,0.0,0.0,0.0,0.0,0.0,0.0,0.0,0.0,0.0,0.0,0.0,0.0,0.0,0.0,0.2831865212711214,0.25102302700698836,0.29964275095473736,0.0,0.0,0.0,0.0,0.0,0.40450221111224555,0.0,0.0,0.0,0.0,0.0,0.0,0.0,0.0,0.0,0.0,0.0,0.0,0.0,0.0,0.0,0.0,0.0,0.0,0.0,0.0,0.0,0.0,0.0,0.0,0.0,0.0,0.0,0.0,0.0,0.0,0.0,0.0,0.0,0.0
60ae6bfa08d3a76d5b4cc7688871531c7bce2f73e3d2e980e9cf03b62e34233e,0.0,0.0,0.0,0.0,0.0,0.0,0.0,0.0,0.0,0.0,0.0,0.0,0.0,0.0,0.0,0.0,0.0,0.0,0.0,0.0,0.0,0.0,0.0,0.0,0.0,0.0,0.0,0.0,0.0,0.0,0.0,0.0,0.0,0.0,0.3467582886555867,0.0,0.0,0.0,0.0,0.0,0.0,0.0,0.0,0.0,0.0,0.0,0.0,0.0,0.0,0.0,0.0,0.0,0.0,0.0,0.0,0.0,0.0,0.0,0.0,0.0,0.30770774748632646,0.0,0.0,0.42990325651586275,0.0,0.0,0.0,0.3467582886555867,0.0,0.0,0.0,0.0,0.0,0.0,0.0,0.20136730792282806,0.0,0.0,0.0,0.18423540892167625,0.0,0.0,0.0,0.0,0.0,0.0,0.0,0.0,0.0,0.0,0.0,0.0,0.0,0.0,0.0,0.0,0.0,0.0,0.0,0.0,0.0,0.0,0.0,0.0,0.0,0.0,0.33921307836715797,0.0,0.0,0.0,0.0,0.0,0.0,0.0,0.0,0.0,0.0,0.24508551888664556,0.0,0.0,0.28482925588093955,0.0,0.0,0.0,0.0,0.0,0.0,0.0,0.0,0.0,0.0,0.0,0.0,0.0,0.0,0.0,0.0,0.0,0.0,0.0,0.0,0.0,0.0,0.0,0.0,0.21920678136378746,0.0,0.0,0.0,0.0,0.0,0.0,0.0,0.0,0.31814036205077767,0.0,0.0,0.0,0.0,0.0,0.0
62b096449d5dc6f876c43e48d1c27a63de0f75e70279f811b5c6ba18f9126f7b,0.0,0.0,0.0,0.0,0.0,0.0,0.0,0.0,0.0,0.0,0.0,0.0,0.0,0.0,0.0,0.0,0.0,0.5403609412194295,0.0,0.0,0.0,0.0,0.0,0.0,0.0,0.0,0.0,0.0,0.0,0.0,0.0,0.0,0.0,0.0,0.0,0.0,0.0,0.0,0.0,0.0,0.0,0.0,0.0,0.0,0.0,0.0,0.0,0.0,0.0,0.0,0.0,0.0,0.0,0.0,0.0,0.0,0.0,0.0,0.0,0.0,0.4006040687275722,0.0,0.0,0.0,0.0,0.0,0.0,0.0,0.0,0.0,0.0,0.0,0.0,0.0,0.0,0.0,0.0,0.0,0.0,0.0,0.0,0.0,0.0,0.0,0.0,0.0,0.0,0.0,0.0,0.0,0.0,0.0,0.0,0.0,0.0,0.0,0.0,0.0,0.0,0.33754511734082976,0.0,0.0,0.36979873423940707,0.0,0.0,0.0,0.44162079268259835,0.0,0.0,0.0,0.0,0.0,0.0,0.0,0.0,0.0,0.0,0.3190763211334527,0.0,0.0,0.0,0.0,0.0,0.0,0.0,0.0,0.0,0.0,0.0,0.0,0.0,0.0,0.0,0.0,0.0,0.0,0.0,0.0,0.0,0.0,0.0,0.0,0.0,0.0,0.0,0.0,0.0,0.0,0.0,0.0,0.0,0.0,0.0,0.0,0.0,0.0,0.0,0.0,0.0,0.0,0.0
64cc071973e05ae577f32bab349fafb4dba96ba9b8cab272aa5cd9d6074e5a39,0.0,0.0,0.0,0.0,0.0,0.0,0.0,0.0,0.0,0.0,0.0,0.0,0.0,0.0,0.0,0.0,0.0,0.5254573204434756,0.0,0.0,0.0,0.0,0.0,0.0,0.0,0.0,0.0,0.0,0.0,0.0,0.0,0.0,0.0,0.0,0.0,0.0,0.0,0.0,0.0,0.0,0.0,0.0,0.0,0.0,0.0,0.0,0.0,0.0,0.0,0.0,0.0,0.0,0.0,0.0,0.0,0.0,0.0,0.0,0.0,0.0,0.3895550630238172,0.0,0.0,0.0,0.0,0.0,0.0,0.0,0.0,0.0,0.0,0.0,0.0,0.0,0.0,0.0,0.0,0.0,0.0,0.23324026424421293,0.0,0.0,0.0,0.0,0.0,0.0,0.0,0.0,0.0,0.0,0.0,0.0,0.0,0.0,0.0,0.0,0.0,0.0,0.0,0.3282353318995098,0.0,0.0,0.35959936622791744,0.0,0.0,0.0,0.4294405103585936,0.0,0.0,0.0,0.0,0.0,0.0,0.0,0.0,0.0,0.0,0.3102759210193586,0.0,0.0,0.0,0.0,0.0,0.0,0.0,0.0,0.0,0.0,0.0,0.0,0.0,0.0,0.0,0.0,0.0,0.0,0.0,0.0,0.0,0.0,0.0,0.0,0.0,0.0,0.0,0.0,0.0,0.0,0.0,0.0,0.0,0.0,0.0,0.0,0.0,0.0,0.0,0.0,0.0,0.0,0.0
64d341ecbc52f9d78080bf23559ec1778824979dd19498ee44032ec1d5224ff6,0.0,0.22183219238609997,0.2612415916433416,0.0,0.0,0.0,0.0,0.0,0.0,0.0,0.0,0.0,0.0,0.0,0.0,0.0,0.0,0.0,0.0,0.0,0.0,0.0,0.0,0.0,0.0,0.0,0.0,0.0,0.0,0.0,0.0,0.0,0.0,0.0,0.16960288471354018,0.0,0.0,0.0,0.0,0.0,0.0,0.0,0.0,0.0,0.0,0.31484531711701486,0.0,0.0,0.0,0.0,0.24561466087276107,0.0,0.0,0.0,0.0,0.0,0.0,0.0,0.0,0.0,0.15050288148763402,0.0,0.0,0.2102699051132275,0.20029477842892365,0.0,0.0,0.16960288471354018,0.0,0.0,0.0,0.0,0.0,0.0,0.0,0.0984907280605277,0.0,0.0,0.0,0.09011134799586734,0.0,0.0,0.0,0.0,0.32642515702669606,0.3048571357279667,0.0,0.0,0.0,0.0,0.0,0.0,0.0,0.0,0.0,0.0,0.0,0.0,0.0,0.0,0.0,0.0,0.0,0.0,0.0,0.0,0.0,0.0,0.0,0.0,0.0,0.0,0.0,0.0,0.2082615139949657,0.0,0.0,0.11987373442708396,0.13166179813446569,0.11670803737602534,0.139312786539328,0.0,0.2274110575840029,0.0,0.0,0.0,0.0,0.0,0.0,0.0,0.0,0.0,0.0,0.0,0.0,0.0,0.0,0.0,0.0,0.0,0.0,0.0,0.0,0.0,0.31068420969277577,0.10721618973323327,0.22183219238609997,0.0,0.0,0.0,0.0,0.0,0.0,0.0,0.15560557573640182,0.0,0.0,0.0,0.0,0.0,0.0
64ede667123138343b6419c3af54e04ab8c51800ea4bc2ebc89df894a9192c07,0.0,0.0,0.0,0.0,0.0,0.0,0.0,0.0,0.0,0.0,0.0,0.0,0.0,0.0,0.0,0.0,0.0,0.0,0.0,0.0,0.0,0.0,0.0,0.0,0.0,0.0,0.0,0.0,0.0,0.0,0.0,0.0,0.0,0.0,0.3467582886555867,0.0,0.0,0.0,0.0,0.0,0.0,0.0,0.0,0.0,0.0,0.0,0.0,0.0,0.0,0.0,0.0,0.0,0.0,0.0,0.0,0.0,0.0,0.0,0.0,0.0,0.30770774748632646,0.0,0.0,0.42990325651586275,0.0,0.0,0.0,0.3467582886555867,0.0,0.0,0.0,0.0,0.0,0.0,0.0,0.20136730792282806,0.0,0.0,0.0,0.18423540892167625,0.0,0.0,0.0,0.0,0.0,0.0,0.0,0.0,0.0,0.0,0.0,0.0,0.0,0.0,0.0,0.0,0.0,0.0,0.0,0.0,0.0,0.0,0.0,0.0,0.0,0.0,0.33921307836715797,0.0,0.0,0.0,0.0,0.0,0.0,0.0,0.0,0.0,0.0,0.24508551888664556,0.0,0.0,0.28482925588093955,0.0,0.0,0.0,0.0,0.0,0.0,0.0,0.0,0.0,0.0,0.0,0.0,0.0,0.0,0.0,0.0,0.0,0.0,0.0,0.0,0.0,0.0,0.0,0.0,0.21920678136378746,0.0,0.0,0.0,0.0,0.0,0.0,0.0,0.0,0.31814036205077767,0.0,0.0,0.0,0.0,0.0,0.0
68eb2d2d7866775d6bf106a914281491d23769a9eda88fc078328150b8432bb3,0.0,0.20660093355458986,0.0,0.0,0.0,0.0,0.0,0.0,0.0,0.0,0.0,0.0,0.09659592725112158,0.0,0.0,0.0,0.0,0.0,0.0,0.0,0.0,0.14122037714839294,0.0,0.0,0.0,0.0,0.0,0.0,0.0,0.0,0.0,0.0,0.0,0.0,0.0,0.0,0.0,0.0,0.0,0.0,0.0,0.0,0.0,0.0,0.0,0.0,0.0,0.0,0.0,0.0,0.22875046982669622,0.0,0.0,0.0,0.0,0.0,0.0,0.0,0.0,0.32920482446296856,0.14016917690594552,0.0,0.0,0.0,0.0,0.0,0.0,0.0,0.0,0.0,0.0,0.0,0.0,0.0,0.0,0.09172823901212675,0.0,0.0,0.0,0.08392419702279091,0.0,0.0,0.0,0.0,0.0,0.0,0.0,0.0,0.0,0.0,0.0,0.0,0.0,0.0,0.0,0.0,0.0,0.0,0.0,0.0,0.0,0.0,0.0,0.0,0.0,0.4231970481202564,0.0,0.0,0.3168432301116227,0.0,0.0,0.0,0.0,0.0,0.1939620338781283,0.0,0.12055979901329941,0.11164306305103427,0.0,0.0,0.12974740701755766,0.29949067670165636,0.21179674731662426,0.2893522670121681,0.0,0.0,0.0,0.0,0.26844910880622685,0.0,0.0,0.0,0.0,0.0,0.0,0.0,0.0,0.0,0.0,0.0,0.0,0.0,0.0,0.0,0.0,0.09985460023988839,0.0,0.2235609716584884,0.0,0.0,0.0,0.0,0.0,0.0,0.14492151417539012,0.0,0.0,0.0,0.0,0.0,0.0
69bd331c4855ae99d2fb5a727b58095b9bcc426c31760fa4f932f2af50f0203c,0.0,0.0,0.0,0.0,0.0,0.0,0.0,0.0,0.0,0.0,0.0,0.0,0.0,0.0,0.0,0.0,0.0,0.0,0.0,0.0,0.0,0.0,0.0,0.0,0.0,0.0,0.0,0.0,0.0,0.0,0.0,0.0,0.0,0.0,0.3348389823578099,0.0,0.0,0.0,0.0,0.0,0.0,0.0,0.0,0.0,0.0,0.0,0.0,0.0,0.0,0.0,0.0,0.0,0.0,0.0,0.0,0.0,0.0,0.0,0.0,0.0,0.2971307461211728,0.0,0.0,0.41512596420457853,0.0,0.0,0.0,0.3348389823578099,0.0,0.0,0.0,0.0,0.0,0.0,0.0,0.1944456028042668,0.0,0.0,0.0,0.1779025876404675,0.0,0.0,0.0,0.0,0.0,0.0,0.0,0.0,0.0,0.0,0.0,0.0,0.0,0.0,0.0,0.0,0.0,0.0,0.0,0.0,0.0,0.0,0.0,0.0,0.0,0.0,0.3275531275785389,0.0,0.0,0.0,0.0,0.0,0.0,0.0,0.0,0.0,0.0,0.23666106454963334,0.2599336831870781,0.0,0.27503866902409657,0.0,0.0,0.0,0.0,0.0,0.0,0.0,0.0,0.0,0.0,0.0,0.0,0.0,0.0,0.0,0.0,0.0,0.0,0.0,0.0,0.0,0.0,0.0,0.0,0.2116718705769255,0.0,0.0,0.0,0.0,0.0,0.0,0.0,0.0,0.3072047549001288,0.0,0.0,0.0,0.0,0.0,0.0
71b46e95fba31267475537a338f49ce1cd0bc56c0f15346b05b673051cbe90a8,0.0,0.0,0.0,0.0,0.0,0.0,0.0,0.0,0.0,0.0,0.0,0.0,0.0,0.0,0.0,0.0,0.0,0.5254573204434756,0.0,0.0,0.0,0.0,0.0,0.0,0.0,0.0,0.0,0.0,0.0,0.0,0.0,0.0,0.0,0.0,0.0,0.0,0.0,0.0,0.0,0.0,0.0,0.0,0.0,0.0,0.0,0.0,0.0,0.0,0.0,0.0,0.0,0.0,0.0,0.0,0.0,0.0,0.0,0.0,0.0,0.0,0.3895550630238172,0.0,0.0,0.0,0.0,0.0,0.0,0.0,0.0,0.0,0.0,0.0,0.0,0.0,0.0,0.0,0.0,0.0,0.0,0.23324026424421293,0.0,0.0,0.0,0.0,0.0,0.0,0.0,0.0,0.0,0.0,0.0,0.0,0.0,0.0,0.0,0.0,0.0,0.0,0.0,0.3282353318995098,0.0,0.0,0.35959936622791744,0.0,0.0,0.0,0.4294405103585936,0.0,0.0,0.0,0.0,0.0,0.0,0.0,0.0,0.0,0.0,0.3102759210193586,0.0,0.0,0.0,0.0,0.0,0.0,0.0,0.0,0.0,0.0,0.0,0.0,0.0,0.0,0.0,0.0,0.0,0.0,0.0,0.0,0.0,0.0,0.0,0.0,0.0,0.0,0.0,0.0,0.0,0.0,0.0,0.0,0.0,0.0,0.0,0.0,0.0,0.0,0.0,0.0,0.0,0.0,0.0
72c885ddcce541cac13dd4b9dab1f72936fb35873984b28f4ff50e1976261125,0.0,0.0,0.0,0.0,0.0,0.0,0.0,0.0,0.0,0.0,0.0,0.32278012816911106,0.0,0.0,0.0,0.0,0.0,0.0,0.0,0.3908213540251491,0.33937629691449006,0.0,0.0,0.0,0.0,0.0,0.2523778603680557,0.0,0.0,0.0,0.0,0.0,0.0,0.0,0.19655551298012822,0.0,0.0,0.0,0.0,0.0,0.0,0.0,0.0,0.0,0.23316005293858053,0.0,0.0,0.0,0.0,0.0,0.0,0.0,0.0,0.0,0.0,0.0,0.0,0.0,0.23212484261592983,0.0,0.0,0.0,0.0,0.0,0.0,0.0,0.0,0.0,0.0,0.0,0.0,0.0,0.0,0.0,0.0,0.11414249003146713,0.0,0.1942256604740983,0.0,0.10443149160212681,0.0,0.0,0.0,0.0,0.0,0.0,0.0,0.0,0.0,0.0,0.0,0.0,0.0,0.0,0.0,0.0,0.0,0.0,0.0,0.1469647850805651,0.0,0.0,0.16100778446658207,0.4459922033279086,0.0,0.0,0.0,0.0,0.0,0.0,0.0,0.0,0.0,0.0,0.0,0.0,0.15001918498895378,0.0,0.1525849770534001,0.13525482301845107,0.0,0.0,0.0,0.0,0.0,0.0,0.0,0.0,0.0,0.0,0.0,0.0,0.0,0.17236859502903804,0.0,0.0,0.0,0.0,0.0,0.0,0.0,0.0,0.0,0.0,0.0,0.12425456800681405,0.0,0.0,0.0,0.0,0.0,0.0,0.0,0.0,0.0,0.0,0.0,0.0,0.0,0.0,0.0
7e2adc1e8273c9662cc51304835805cc31d1a65c5b151789b69e5441cb666465,0.0,0.0,0.0,0.0,0.0,0.0,0.0,0.0,0.0,0.0,0.0,0.0,0.2535754705109846,0.0,0.0,0.0,0.0,0.0,0.0,0.0,0.0,0.0,0.0,0.0,0.0,0.0,0.0,0.0,0.0,0.0,0.0,0.0,0.0,0.0,0.0,0.0,0.0,0.0,0.0,0.0,0.0,0.0,0.0,0.0,0.0,0.0,0.0,0.0,0.0,0.0,0.0,0.0,0.0,0.0,0.0,0.0,0.0,0.0,0.0,0.0,0.0,0.0,0.0,0.0,0.48969510190590027,0.0,0.0,0.4146573493567335,0.0,0.0,0.0,0.0,0.0,0.0,0.0,0.24079722643144894,0.0,0.0,0.0,0.22031071446714315,0.0,0.0,0.0,0.0,0.0,0.0,0.0,0.0,0.0,0.0,0.0,0.0,0.0,0.0,0.0,0.0,0.0,0.0,0.0,0.0,0.0,0.0,0.33966516695699556,0.0,0.0,0.0,0.0,0.0,0.0,0.0,0.0,0.0,0.0,0.0,0.0,0.0,0.3164834028667826,0.29307594065385223,0.0,0.0,0.3406019354886972,0.0,0.0,0.0,0.0,0.0,0.0,0.0,0.0,0.0,0.0,0.0,0.0,0.0,0.0,0.0,0.0,0.0,0.0,0.0,0.0,0.0,0.0,0.0,0.0,0.0,0.0,0.0,0.0,0.0,0.0,0.0,0.0,0.0,0.0,0.0,0.0,0.0,0.0,0.0,0.0
8af8843d8d5492c165ef41a8636f86f104bf1c3108372a0933961810c9032cf2,0.0,0.0,0.0,0.0,0.0,0.0,0.0,0.0,0.0,0.0,0.0,0.0,0.26266420719218136,0.0,0.0,0.0,0.0,0.0,0.0,0.0,0.0,0.0,0.0,0.0,0.0,0.0,0.0,0.0,0.0,0.0,0.0,0.0,0.0,0.0,0.0,0.0,0.0,0.0,0.0,0.0,0.0,0.0,0.0,0.0,0.0,0.0,0.0,0.0,0.0,0.0,0.0,0.0,0.0,0.0,0.0,0.0,0.0,0.0,0.0,0.0,0.0,0.0,0.0,0.0,0.5072469172543086,0.0,0.0,0.4295196365236743,0.0,0.0,0.0,0.0,0.0,0.0,0.0,0.24942796102177736,0.0,0.0,0.0,0.22820716465533852,0.0,0.0,0.0,0.0,0.0,0.0,0.0,0.0,0.0,0.0,0.0,0.0,0.0,0.0,0.0,0.0,0.0,0.0,0.0,0.32115233051726255,0.0,0.0,0.0,0.0,0.0,0.0,0.0,0.0,0.0,0.0,0.0,0.0,0.0,0.0,0.0,0.0,0.32782690666401093,0.0,0.0,0.0,0.0,0.0,0.0,0.0,0.0,0.0,0.0,0.0,0.0,0.0,0.0,0.0,0.0,0.0,0.0,0.0,0.0,0.0,0.0,0.0,0.0,0.0,0.0,0.40536260701697785,0.0,0.0,0.0,0.0,0.0,0.0,0.0,0.0,0.0,0.0,0.0,0.0,0.0,0.0,0.0,0.0,0.0
e824adf88884f9b4a3475b65c4f31fc75669bf80441f098a2b0662a1a1d4b070,0.0,0.0,0.0,0.0,0.0,0.0,0.0,0.0,0.0,0.0,0.0,0.0,0.17603055296372247,0.0,0.0,0.0,0.0,0.3445484925639027,0.0,0.0,0.0,0.0,0.0,0.0,0.0,0.0,0.0,0.0,0.0,0.0,0.0,0.0,0.0,0.0,0.28785261583326255,0.0,0.0,0.0,0.0,0.0,0.0,0.0,0.0,0.0,0.0,0.0,0.0,0.0,0.0,0.0,0.0,0.0,0.0,0.0,0.0,0.0,0.0,0.0,0.0,0.0,0.0,0.0,0.0,0.0,0.33994336833297095,0.0,0.6630387261069371,0.28785261583326255,0.0,0.0,0.0,0.0,0.0,0.0,0.0,0.0,0.0,0.0,0.0,0.0,0.0,0.0,0.0,0.0,0.0,0.0,0.0,0.0,0.0,0.0,0.0,0.0,0.0,0.0,0.0,0.0,0.0,0.0,0.0,0.0,0.0,0.0,0.23579349785477358,0.0,0.0,0.0,0.0,0.0,0.0,0.0,0.0,0.0,0.0,0.0,0.0,0.0,0.0,0.0,0.0,0.0,0.0,0.0,0.0,0.0,0.0,0.0,0.0,0.0,0.0,0.0,0.0,0.0,0.0,0.0,0.0,0.0,0.0,0.0,0.0,0.0,0.0,0.0,0.0,0.27166321832272383,0.0,0.0,0.0,0.0,0.0,0.0,0.0,0.0,0.0,0.0,0.0,0.0,0.0,0.0,0.0,0.0,0.0
fb58f709914380bce2e643aa0f64cd5458cb8b29c8f072cd1645e42947f89787,0.0,0.0,0.0,0.0,0.0,0.0,0.0,0.0,0.0,0.0,0.22343302321954048,0.0,0.14547147567733637,0.0,0.0,0.0,0.0,0.0,0.0,0.0,0.0,0.21267497754930637,0.0,0.0,0.0,0.0,0.0,0.0,0.0,0.0,0.0,0.0,0.0,0.0,0.0,0.0,0.0,0.0,0.0,0.0,0.0,0.0,0.0,0.2518662902616968,0.0,0.0,0.0,0.3038691521310143,0.0,0.0,0.0,0.0,0.0,0.0,0.0,0.0,0.0,0.0,0.0,0.0,0.0,0.0,0.0,0.0,0.0,0.0,0.0,0.0,0.0,0.0,0.0,0.0,0.0,0.0,0.4357585508073686,0.13814083750847328,0.2949197489668027,0.23506141662172966,0.0,0.12638811110743967,0.0,0.0,0.0,0.0,0.0,0.0,0.0,0.0,0.0,0.0,0.0,0.0,0.0,0.0,0.0,0.0,0.0,0.0,0.0,0.0,0.0,0.0,0.0,0.0,0.3314408117437573,0.0,0.0,0.0,0.0,0.0,0.0,0.0,0.0,0.0,0.0,0.0,0.18156057267542935,0.0,0.0,0.0,0.0,0.0,0.0,0.0,0.0,0.0,0.0,0.0,0.0,0.0,0.0,0.0,0.0,0.20860892443213613,0.0,0.0,0.0,0.0,0.0,0.0,0.0,0.0,0.0,0.0,0.0,0.0,0.0,0.0,0.0,0.0,0.0,0.41761605968982934,0.0,0.0,0.0,0.0,0.0,0.0,0.0,0.0,0.0
d487a2ccf6e32b1be1d6001f3f849e494570d374d44dc3240f41141bce99dc26,0.0,0.0,0.0,0.0,0.0,0.0,0.0,0.0,0.0,0.0,0.3297490633583479,0.0,0.2146911059016776,0.0,0.0,0.0,0.0,0.0,0.0,0.0,0.0,0.3138720214054206,0.0,0.0,0.0,0.0,0.0,0.0,0.0,0.0,0.0,0.0,0.0,0.0,0.0,0.0,0.0,0.0,0.0,0.0,0.0,0.0,0.0,0.0,0.0,0.0,0.0,0.0,0.0,0.0,0.0,0.0,0.0,0.0,0.0,0.0,0.0,0.0,0.0,0.0,0.0,0.0,0.0,0.0,0.4146031269150625,0.0,0.0,0.0,0.0,0.0,0.0,0.0,0.0,0.0,0.0,0.20387233329962406,0.0,0.0,0.0,0.18652731210801698,0.0,0.0,0.0,0.0,0.0,0.0,0.0,0.0,0.0,0.0,0.0,0.0,0.0,0.0,0.0,0.0,0.0,0.0,0.0,0.0,0.0,0.0,0.2875794341752642,0.0,0.48915015182803223,0.0,0.0,0.0,0.0,0.0,0.0,0.0,0.0,0.0,0.0,0.0,0.0,0.2481344022959205,0.0,0.0,0.0,0.0,0.0,0.0,0.33891744650896083,0.0,0.0,0.0,0.0,0.0,0.0,0.0,0.0,0.0,0.0,0.0,0.0,0.0,0.0,0.0,0.0,0.0,0.0,0.0,0.0,0.0,0.0,0.0,0.0,0.0,0.0,0.0,0.0,0.0,0.0,0.0,0.0,0.0,0.0,0.0,0.0
e5b74e796e5748f8f4cda3f5e354405deb83f431722c1d4ae29bc70442240a59,0.0,0.0,0.0,0.0,0.0,0.0,0.0,0.0,0.0,0.0,0.0,0.0,0.16516462690041042,0.0,0.0,0.0,0.0,0.0,0.0,0.0,0.0,0.0,0.0,0.0,0.0,0.0,0.0,0.0,0.0,0.0,0.0,0.0,0.0,0.0,0.0,0.0,0.0,0.0,0.0,0.0,0.0,0.0,0.3025113406900334,0.2859626030888238,0.0,0.0,0.0,0.0,0.0,0.0,0.0,0.0,0.4741506908150253,0.0,0.0,0.0,0.0,0.0,0.0,0.0,0.0,0.0,0.0,0.0,0.0,0.0,0.0,0.2700841933173156,0.0,0.0,0.0,0.0,0.0,0.0,0.0,0.0,0.0,0.26688277543236916,0.0,0.14349785838434354,0.0,0.0,0.0,0.0,0.0,0.0,0.0,0.0,0.0,0.0,0.0,0.0,0.0,0.0,0.0,0.0,0.0,0.0,0.0,0.0,0.0,0.0,0.22123855457496852,0.0,0.0,0.0,0.0,0.0,0.0,0.0,0.0,0.0,0.0,0.0,0.0,0.0,0.20613927305086108,0.0,0.20966489219752943,0.1858517688634246,0.0,0.0,0.0,0.0,0.0,0.0,0.2994842837357879,0.0,0.0,0.0,0.0,0.0,0.0,0.23684928616763556,0.0,0.0,0.0,0.0,0.0,0.0,0.0,0.0,0.0,0.25489412685128787,0.0,0.17073647163234104,0.0,0.0,0.0,0.0,0.0,0.0,0.0,0.0,0.0,0.0,0.0,0.0,0.0,0.0,0.0
76df33f1f8f31c6771cbcd478bfed53a67f039e64e4db4979865f2fc8bd6f03a,0.0,0.0,0.0,0.0,0.0,0.0,0.0,0.0,0.0,0.0,0.0,0.0,0.0,0.0,0.0,0.0,0.0,0.0,0.0,0.0,0.0,0.0,0.0,0.0,0.0,0.0,0.0,0.0,0.0,0.0,0.0,0.0,0.0,0.0,0.3467582886555867,0.0,0.0,0.0,0.0,0.0,0.0,0.0,0.0,0.0,0.0,0.0,0.0,0.0,0.0,0.0,0.0,0.0,0.0,0.0,0.0,0.0,0.0,0.0,0.0,0.0,0.30770774748632646,0.0,0.0,0.42990325651586275,0.0,0.0,0.0,0.3467582886555867,0.0,0.0,0.0,0.0,0.0,0.0,0.0,0.20136730792282806,0.0,0.0,0.0,0.18423540892167625,0.0,0.0,0.0,0.0,0.0,0.0,0.0,0.0,0.0,0.0,0.0,0.0,0.0,0.0,0.0,0.0,0.0,0.0,0.0,0.0,0.0,0.0,0.0,0.0,0.0,0.0,0.33921307836715797,0.0,0.0,0.0,0.0,0.0,0.0,0.0,0.0,0.0,0.0,0.24508551888664556,0.0,0.0,0.28482925588093955,0.0,0.0,0.0,0.0,0.0,0.0,0.0,0.0,0.0,0.0,0.0,0.0,0.0,0.0,0.0,0.0,0.0,0.0,0.0,0.0,0.0,0.0,0.0,0.0,0.21920678136378746,0.0,0.0,0.0,0.0,0.0,0.0,0.0,0.0,0.31814036205077767,0.0,0.0,0.0,0.0,0.0,0.0
78ad3f7666f077021054f2ea1e8b2ce4349b0b233981100a7ffee50681484cd7,0.0,0.23468766664358595,0.27638089365461305,0.0,0.0,0.0,0.0,0.0,0.0,0.0,0.0,0.0,0.0,0.0,0.0,0.0,0.0,0.0,0.0,0.0,0.0,0.0,0.0,0.0,0.0,0.0,0.0,0.0,0.0,0.0,0.0,0.0,0.0,0.0,0.17943160026189223,0.0,0.0,0.0,0.0,0.0,0.0,0.0,0.0,0.0,0.0,0.3330910271997206,0.0,0.0,0.0,0.0,0.25984836120339344,0.0,0.0,0.0,0.0,0.0,0.0,0.0,0.0,0.0,0.15922472612988614,0.0,0.0,0.22245532925402273,0.21190213054633086,0.0,0.0,0.17943160026189223,0.0,0.0,0.0,0.0,0.0,0.0,0.0,0.10419839837457948,0.0,0.0,0.0,0.09533342195189619,0.0,0.0,0.0,0.0,0.0,0.3225240172495657,0.0,0.0,0.0,0.0,0.0,0.0,0.0,0.0,0.0,0.0,0.0,0.0,0.0,0.0,0.0,0.0,0.0,0.0,0.0,0.0,0.0,0.0,0.0,0.0,0.0,0.0,0.0,0.0,0.2203305491660534,0.0,0.0,0.12682057875342012,0.13929177662589226,0.12347142529547511,0.1473861501112745,0.0,0.24058983459194272,0.0,0.0,0.0,0.0,0.0,0.0,0.0,0.0,0.0,0.0,0.0,0.0,0.0,0.0,0.0,0.0,0.0,0.0,0.0,0.0,0.0,0.328688777997097,0.11342951230051129,0.23468766664358595,0.0,0.0,0.0,0.0,0.0,0.0,0.0,0.16462312838141613,0.0,0.0,0.0,0.0,0.0,0.0
84ad231f0d74cd4bed8da0fbfc6801fc77424ee74a560e0d3175aa37b4ecab23,0.0,0.0,0.0,0.0,0.0,0.0,0.0,0.0,0.0,0.0,0.0,0.0,0.0,0.0,0.0,0.0,0.0,0.5403609412194295,0.0,0.0,0.0,0.0,0.0,0.0,0.0,0.0,0.0,0.0,0.0,0.0,0.0,0.0,0.0,0.0,0.0,0.0,0.0,0.0,0.0,0.0,0.0,0.0,0.0,0.0,0.0,0.0,0.0,0.0,0.0,0.0,0.0,0.0,0.0,0.0,0.0,0.0,0.0,0.0,0.0,0.0,0.4006040687275722,0.0,0.0,0.0,0.0,0.0,0.0,0.0,0.0,0.0,0.0,0.0,0.0,0.0,0.0,0.0,0.0,0.0,0.0,0.0,0.0,0.0,0.0,0.0,0.0,0.0,0.0,0.0,0.0,0.0,0.0,0.0,0.0,0.0,0.0,0.0,0.0,0.0,0.0,0.33754511734082976,0.0,0.0,0.36979873423940707,0.0,0.0,0.0,0.44162079268259835,0.0,0.0,0.0,0.0,0.0,0.0,0.0,0.0,0.0,0.0,0.3190763211334527,0.0,0.0,0.0,0.0,0.0,0.0,0.0,0.0,0.0,0.0,0.0,0.0,0.0,0.0,0.0,0.0,0.0,0.0,0.0,0.0,0.0,0.0,0.0,0.0,0.0,0.0,0.0,0.0,0.0,0.0,0.0,0.0,0.0,0.0,0.0,0.0,0.0,0.0,0.0,0.0,0.0,0.0,0.0
7e44724101abeaace0c8ab6e16471862f8fed840e9f70cfb62d56bddd39bdbbc,0.0,0.0,0.0,0.0,0.0,0.0,0.0,0.0,0.0,0.0,0.0,0.0,0.3576616332785342,0.0,0.0,0.0,0.0,0.0,0.0,0.0,0.0,0.0,0.0,0.0,0.0,0.0,0.0,0.0,0.0,0.0,0.0,0.0,0.0,0.0,0.0,0.0,0.0,0.0,0.0,0.0,0.0,0.0,0.0,0.0,0.0,0.0,0.0,0.0,0.0,0.0,0.0,0.0,0.0,0.0,0.0,0.0,0.0,0.0,0.0,0.0,0.0,0.0,0.0,0.0,0.0,0.0,0.0,0.0,0.0,0.0,0.0,0.0,0.0,0.0,0.0,0.3396382509746039,0.0,0.0,0.0,0.0,0.0,0.0,0.0,0.0,0.0,0.0,0.0,0.0,0.0,0.0,0.0,0.0,0.0,0.0,0.0,0.0,0.0,0.0,0.0,0.43730308096363607,0.0,0.0,0.4790889202999722,0.0,0.0,0.0,0.0,0.0,0.0,0.0,0.0,0.0,0.0,0.0,0.0,0.0,0.4463916424833307,0.0,0.0,0.0,0.0,0.0,0.0,0.0,0.0,0.0,0.0,0.0,0.0,0.0,0.0,0.0,0.0,0.0,0.0,0.0,0.0,0.0,0.0,0.0,0.0,0.0,0.0,0.0,0.0,0.3697273832190365,0.0,0.0,0.0,0.0,0.0,0.0,0.0,0.0,0.0,0.0,0.0,0.0,0.0,0.0,0.0
87bde727af7beabcb4d733a41d258ee407d6e977e78c06a96ba2295431d53c23,0.0,0.0,0.0,0.0,0.0,0.0,0.0,0.0,0.0,0.0,0.0,0.0,0.0,0.0,0.0,0.0,0.0,0.0,0.0,0.0,0.0,0.0,0.0,0.0,0.0,0.0,0.0,0.0,0.0,0.0,0.0,0.0,0.0,0.0,0.3467582886555867,0.0,0.0,0.0,0.0,0.0,0.0,0.0,0.0,0.0,0.0,0.0,0.0,0.0,0.0,0.0,0.0,0.0,0.0,0.0,0.0,0.0,0.0,0.0,0.0,0.0,0.30770774748632646,0.0,0.0,0.42990325651586275,0.0,0.0,0.0,0.3467582886555867,0.0,0.0,0.0,0.0,0.0,0.0,0.0,0.20136730792282806,0.0,0.0,0.0,0.18423540892167625,0.0,0.0,0.0,0.0,0.0,0.0,0.0,0.0,0.0,0.0,0.0,0.0,0.0,0.0,0.0,0.0,0.0,0.0,0.0,0.0,0.0,0.0,0.0,0.0,0.0,0.0,0.33921307836715797,0.0,0.0,0.0,0.0,0.0,0.0,0.0,0.0,0.0,0.0,0.24508551888664556,0.0,0.0,0.28482925588093955,0.0,0.0,0.0,0.0,0.0,0.0,0.0,0.0,0.0,0.0,0.0,0.0,0.0,0.0,0.0,0.0,0.0,0.0,0.0,0.0,0.0,0.0,0.0,0.0,0.21920678136378746,0.0,0.0,0.0,0.0,0.0,0.0,0.0,0.0,0.31814036205077767,0.0,0.0,0.0,0.0,0.0,0.0
88b1331060f87fb5e3e2afd35fb1d27f00c68e037c56e10f825c220c1ce97434,0.0,0.225093233595244,0.265081970204847,0.0,0.0,0.0,0.0,0.0,0.0,0.0,0.0,0.0,0.0,0.0,0.0,0.0,0.0,0.0,0.0,0.0,0.0,0.0,0.0,0.0,0.0,0.0,0.0,0.0,0.0,0.0,0.0,0.0,0.0,0.0,0.17209612967628174,0.0,0.0,0.0,0.0,0.0,0.0,0.0,0.0,0.0,0.0,0.31947369653562324,0.0,0.0,0.0,0.0,0.24922531594523106,0.0,0.0,0.0,0.0,0.0,0.0,0.0,0.0,0.0,0.15271534710566237,0.0,0.0,0.2133609750712955,0.20323920916914842,0.0,0.0,0.0,0.0,0.0,0.0,0.0,0.0,0.0,0.0,0.0999385897052657,0.0,0.0,0.0,0.09143602867483111,0.0,0.0,0.0,0.0,0.3312237657286856,0.30933868401821746,0.0,0.0,0.0,0.0,0.0,0.0,0.0,0.0,0.0,0.0,0.0,0.0,0.0,0.0,0.0,0.0,0.0,0.0,0.0,0.0,0.0,0.0,0.0,0.0,0.0,0.0,0.0,0.0,0.21132305962597242,0.0,0.0,0.12163593667399825,0.13359729065594428,0.11842370233532538,0.1413607523146232,0.0,0.2307541108271756,0.0,0.0,0.0,0.0,0.0,0.0,0.0,0.0,0.0,0.0,0.0,0.0,0.0,0.0,0.0,0.0,0.0,0.0,0.0,0.0,0.0,0.3152514188067491,0.10879231991184564,0.225093233595244,0.0,0.0,0.0,0.0,0.0,0.0,0.0,0.1578930534437212,0.0,0.0,0.0,0.0,0.0,0.0
90c54543aaf085e00879d4fe98a6dfb8148548f374828d50b6e3ac44668138b2,0.0,0.0,0.2908201219540814,0.0,0.320875375174044,0.0,0.0,0.0,0.0,0.0,0.0,0.0,0.11546044810810466,0.0,0.0,0.0,0.0,0.0,0.0,0.0,0.0,0.0,0.0,0.0,0.0,0.0,0.0,0.0,0.0,0.0,0.0,0.0,0.0,0.0,0.0,0.0,0.0,0.0,0.0,0.0,0.0,0.0,0.0,0.0,0.0,0.0,0.0,0.0,0.0,0.0,0.2734238647812468,0.0,0.0,0.0,0.0,0.0,0.0,0.0,0.0,0.0,0.16754325401764547,0.0,0.0,0.0,0.0,0.0,0.0,0.0,0.0,0.0,0.0,0.0,0.0,0.0,0.0,0.0,0.0,0.0,0.0,0.10031401603685927,0.0,0.0,0.0,0.0,0.0,0.0,0.0,0.0,0.0,0.0,0.0,0.0,0.0,0.0,0.0,0.0,0.0,0.0,0.0,0.14117032689328304,0.0,0.0,0.0,0.0,0.0,0.0,0.18469753660492969,0.0,0.0,0.0,0.0,0.0,0.0,0.0,0.0,0.26387847573702833,0.0,0.13344618613704679,0.1465689285894185,0.12992205968892953,0.0,0.0,0.25315919675829307,0.0,0.1822691260601189,0.0,0.20935832478414845,0.0,0.0,0.0,0.0,0.0,0.0,0.0,0.0,0.0,0.0,0.0,0.0,0.0,0.37223370367105646,0.0,0.0,0.17818700443721122,0.0,0.0,0.0,0.26722089327914855,0.0,0.0,0.0,0.0,0.0,0.0,0.17322369010129565,0.0,0.0,0.3058244605926967,0.0,0.0,0.0
93ce973daa9687f185966b3133f7003006655ec9d5bf3edb881efaf0e4fbafc7,0.0,0.0,0.0,0.0,0.0,0.0,0.0,0.0,0.0,0.0,0.0,0.0,0.0,0.0,0.0,0.0,0.0,0.0,0.0,0.0,0.0,0.0,0.0,0.0,0.0,0.0,0.0,0.0,0.0,0.0,0.0,0.0,0.0,0.0,0.0,0.0,0.0,0.0,0.0,0.0,0.0,0.0,0.0,0.0,0.0,0.0,0.0,0.0,0.0,0.0,0.0,0.0,0.0,0.0,0.0,0.0,0.0,0.0,0.0,0.0,0.0,0.0,0.0,0.0,0.0,0.0,0.0,0.5332908320091051,0.0,0.0,0.0,0.0,0.0,0.0,0.0,0.0,0.0,0.0,0.0,0.0,0.0,0.0,0.0,0.0,0.0,0.0,0.0,0.0,0.0,0.0,0.0,0.0,0.0,0.0,0.0,0.0,0.0,0.0,0.0,0.0,0.0,0.0,0.43684338351174645,0.0,0.0,0.0,0.0,0.0,0.0,0.0,0.0,0.0,0.0,0.0,0.0,0.0,0.0,0.0,0.41399077609756324,0.3669709183280267,0.0,0.0,0.0,0.0,0.0,0.0,0.0,0.0,0.0,0.0,0.0,0.0,0.0,0.4676673274718556,0.0,0.0,0.0,0.0,0.0,0.0,0.0,0.0,0.0,0.0,0.0,0.0,0.0,0.0,0.0,0.0,0.0,0.0,0.0,0.0,0.0,0.0,0.0,0.0,0.0,0.0,0.0
93fe4c0755a3334733ca1aeda854458ac083eaffe310421c8c2e2e18265aae3b,0.0,0.0,0.0,0.0,0.0,0.0,0.0,0.0,0.0,0.0,0.0,0.0,0.0,0.0,0.0,0.0,0.0,0.0,0.0,0.0,0.0,0.0,0.0,0.0,0.0,0.0,0.0,0.0,0.0,0.0,0.0,0.0,0.0,0.0,0.31353077002828733,0.0,0.0,0.0,0.0,0.0,0.0,0.0,0.0,0.0,0.0,0.0,0.0,0.0,0.0,0.0,0.0,0.0,0.0,0.0,0.0,0.0,0.0,0.0,0.0,0.0,0.27822218002950505,0.0,0.0,0.3887085138632783,0.0,0.0,0.0,0.31353077002828733,0.0,0.0,0.0,0.0,0.0,0.0,0.0,0.18207163080757796,0.0,0.0,0.0,0.16658136666218928,0.0,0.0,0.0,0.0,0.0,0.0,0.0,0.0,0.0,0.0,0.0,0.0,0.0,0.0,0.0,0.0,0.0,0.0,0.0,0.0,0.0,0.0,0.2568276711193525,0.0,0.0,0.0,0.3067085665823992,0.0,0.0,0.0,0.0,0.0,0.0,0.0,0.0,0.0,0.23929947257881323,0.22160061914377063,0.2433922337000933,0.0,0.25753598066586925,0.0,0.0,0.0,0.0,0.0,0.0,0.0,0.0,0.0,0.0,0.0,0.0,0.0,0.0,0.0,0.0,0.0,0.0,0.0,0.0,0.0,0.0,0.0,0.0,0.19820166728494268,0.0,0.0,0.0,0.0,0.0,0.0,0.0,0.0,0.287655107186005,0.0,0.0,0.0,0.0,0.0,0.0
94ef44e3f7be172fb47203eb942e4601f1a96cb4bfd37e055fd6cf39b5db49a6,0.0,0.0,0.30979593413296047,0.0,0.34181227187574953,0.0,0.0,0.0,0.0,0.0,0.0,0.0,0.1229941626346894,0.0,0.0,0.0,0.0,0.0,0.0,0.0,0.0,0.0,0.0,0.0,0.0,0.0,0.0,0.0,0.0,0.0,0.0,0.0,0.0,0.0,0.0,0.0,0.0,0.0,0.0,0.0,0.0,0.0,0.0,0.0,0.0,0.0,0.0,0.0,0.0,0.0,0.0,0.0,0.0,0.0,0.0,0.0,0.0,0.0,0.0,0.0,0.17847533567250104,0.0,0.0,0.0,0.0,0.0,0.0,0.0,0.0,0.0,0.0,0.0,0.0,0.0,0.0,0.0,0.0,0.0,0.0,0.1068594363277051,0.0,0.0,0.0,0.0,0.0,0.0,0.0,0.0,0.0,0.0,0.0,0.0,0.0,0.0,0.0,0.0,0.0,0.0,0.0,0.1503815932608175,0.0,0.0,0.0,0.0,0.0,0.0,0.19674892335550043,0.0,0.0,0.0,0.0,0.0,0.0,0.0,0.0,0.2810963641004249,0.0,0.14215345765288834,0.1561324499904978,0.13839938438704485,0.0,0.0,0.26967765956878514,0.0,0.19416206069918543,0.0,0.2230188109379093,0.0,0.0,0.0,0.0,0.0,0.0,0.1763760205166538,0.0,0.0,0.0,0.0,0.0,0.0,0.3965216958500356,0.0,0.0,0.18981358345862945,0.0,0.0,0.0,0.0,0.0,0.0,0.0,0.0,0.0,0.0,0.18452641628890637,0.0,0.0,0.32577929550893514,0.0,0.0,0.0
098aa02c6c9dfa8b4fe8a40e0aa819ee73b834ab2058051de80c4c530534643f,0.0,0.0,0.0,0.0,0.0,0.0,0.0,0.0,0.0,0.0,0.0,0.0,0.0,0.0,0.0,0.0,0.0,0.0,0.0,0.0,0.0,0.0,0.0,0.0,0.0,0.0,0.0,0.0,0.0,0.0,0.0,0.0,0.0,0.0,0.3467582886555867,0.0,0.0,0.0,0.0,0.0,0.0,0.0,0.0,0.0,0.0,0.0,0.0,0.0,0.0,0.0,0.0,0.0,0.0,0.0,0.0,0.0,0.0,0.0,0.0,0.0,0.30770774748632646,0.0,0.0,0.42990325651586275,0.0,0.0,0.0,0.3467582886555867,0.0,0.0,0.0,0.0,0.0,0.0,0.0,0.20136730792282806,0.0,0.0,0.0,0.18423540892167625,0.0,0.0,0.0,0.0,0.0,0.0,0.0,0.0,0.0,0.0,0.0,0.0,0.0,0.0,0.0,0.0,0.0,0.0,0.0,0.0,0.0,0.0,0.0,0.0,0.0,0.0,0.33921307836715797,0.0,0.0,0.0,0.0,0.0,0.0,0.0,0.0,0.0,0.0,0.24508551888664556,0.0,0.0,0.28482925588093955,0.0,0.0,0.0,0.0,0.0,0.0,0.0,0.0,0.0,0.0,0.0,0.0,0.0,0.0,0.0,0.0,0.0,0.0,0.0,0.0,0.0,0.0,0.0,0.0,0.21920678136378746,0.0,0.0,0.0,0.0,0.0,0.0,0.0,0.0,0.31814036205077767,0.0,0.0,0.0,0.0,0.0,0.0
098aad386b0f549cefddf2001dba9f31f40d88a3618cd3a8d5589b4b0b467342,0.0,0.22183219238609997,0.2612415916433416,0.0,0.0,0.0,0.0,0.0,0.0,0.0,0.0,0.0,0.0,0.0,0.0,0.0,0.0,0.0,0.0,0.0,0.0,0.0,0.0,0.0,0.0,0.0,0.0,0.0,0.0,0.0,0.0,0.0,0.0,0.0,0.16960288471354018,0.0,0.0,0.0,0.0,0.0,0.0,0.0,0.0,0.0,0.0,0.31484531711701486,0.0,0.0,0.0,0.0,0.24561466087276107,0.0,0.0,0.0,0.0,0.0,0.0,0.0,0.0,0.0,0.15050288148763402,0.0,0.0,0.2102699051132275,0.20029477842892365,0.0,0.0,0.16960288471354018,0.0,0.0,0.0,0.0,0.0,0.0,0.0,0.0984907280605277,0.0,0.0,0.0,0.09011134799586734,0.0,0.0,0.0,0.0,0.32642515702669606,0.3048571357279667,0.0,0.0,0.0,0.0,0.0,0.0,0.0,0.0,0.0,0.0,0.0,0.0,0.0,0.0,0.0,0.0,0.0,0.0,0.0,0.0,0.0,0.0,0.0,0.0,0.0,0.0,0.0,0.0,0.2082615139949657,0.0,0.0,0.11987373442708396,0.13166179813446569,0.11670803737602534,0.139312786539328,0.0,0.2274110575840029,0.0,0.0,0.0,0.0,0.0,0.0,0.0,0.0,0.0,0.0,0.0,0.0,0.0,0.0,0.0,0.0,0.0,0.0,0.0,0.0,0.0,0.31068420969277577,0.10721618973323327,0.22183219238609997,0.0,0.0,0.0,0.0,0.0,0.0,0.0,0.15560557573640182,0.0,0.0,0.0,0.0,0.0,0.0
141c1029d3a44625dbca07357d78711dc4f930858abeccff2edec092efbe9f8b,0.0,0.0,0.0,0.0,0.0,0.0,0.0,0.0,0.0,0.0,0.0,0.0,0.0,0.0,0.0,0.0,0.0,0.0,0.0,0.0,0.0,0.0,0.0,0.0,0.0,0.0,0.0,0.0,0.0,0.0,0.0,0.0,0.0,0.0,0.3467582886555867,0.0,0.0,0.0,0.0,0.0,0.0,0.0,0.0,0.0,0.0,0.0,0.0,0.0,0.0,0.0,0.0,0.0,0.0,0.0,0.0,0.0,0.0,0.0,0.0,0.0,0.30770774748632646,0.0,0.0,0.42990325651586275,0.0,0.0,0.0,0.3467582886555867,0.0,0.0,0.0,0.0,0.0,0.0,0.0,0.20136730792282806,0.0,0.0,0.0,0.18423540892167625,0.0,0.0,0.0,0.0,0.0,0.0,0.0,0.0,0.0,0.0,0.0,0.0,0.0,0.0,0.0,0.0,0.0,0.0,0.0,0.0,0.0,0.0,0.0,0.0,0.0,0.0,0.33921307836715797,0.0,0.0,0.0,0.0,0.0,0.0,0.0,0.0,0.0,0.0,0.24508551888664556,0.0,0.0,0.28482925588093955,0.0,0.0,0.0,0.0,0.0,0.0,0.0,0.0,0.0,0.0,0.0,0.0,0.0,0.0,0.0,0.0,0.0,0.0,0.0,0.0,0.0,0.0,0.0,0.0,0.21920678136378746,0.0,0.0,0.0,0.0,0.0,0.0,0.0,0.0,0.31814036205077767,0.0,0.0,0.0,0.0,0.0,0.0
161c471b0aaaf0d7c1f0267ebb837e10fb8c5edfe09b0d00bf2472820f413713,0.0,0.0,0.0,0.0,0.0,0.0,0.0,0.0,0.0,0.0,0.0,0.0,0.0,0.0,0.0,0.0,0.0,0.5254573204434756,0.0,0.0,0.0,0.0,0.0,0.0,0.0,0.0,0.0,0.0,0.0,0.0,0.0,0.0,0.0,0.0,0.0,0.0,0.0,0.0,0.0,0.0,0.0,0.0,0.0,0.0,0.0,0.0,0.0,0.0,0.0,0.0,0.0,0.0,0.0,0.0,0.0,0.0,0.0,0.0,0.0,0.0,0.3895550630238172,0.0,0.0,0.0,0.0,0.0,0.0,0.0,0.0,0.0,0.0,0.0,0.0,0.0,0.0,0.0,0.0,0.0,0.0,0.23324026424421293,0.0,0.0,0.0,0.0,0.0,0.0,0.0,0.0,0.0,0.0,0.0,0.0,0.0,0.0,0.0,0.0,0.0,0.0,0.0,0.3282353318995098,0.0,0.0,0.35959936622791744,0.0,0.0,0.0,0.4294405103585936,0.0,0.0,0.0,0.0,0.0,0.0,0.0,0.0,0.0,0.0,0.3102759210193586,0.0,0.0,0.0,0.0,0.0,0.0,0.0,0.0,0.0,0.0,0.0,0.0,0.0,0.0,0.0,0.0,0.0,0.0,0.0,0.0,0.0,0.0,0.0,0.0,0.0,0.0,0.0,0.0,0.0,0.0,0.0,0.0,0.0,0.0,0.0,0.0,0.0,0.0,0.0,0.0,0.0,0.0,0.0
a91aba394cc1c8de40a720ba8ad3f731733628ad338a21553b39ec86d36d702f,0.0,0.0,0.0,0.0,0.0,0.0,0.0,0.0,0.0,0.0,0.23031251334443809,0.0,0.14995053417082138,0.0,0.0,0.0,0.0,0.0,0.0,0.0,0.0,0.2192232280575836,0.0,0.0,0.0,0.0,0.31484454210532364,0.0,0.0,0.0,0.0,0.0,0.0,0.0,0.0,0.0,0.0,0.0,0.0,0.0,0.0,0.0,0.0,0.0,0.2908700866139526,0.0,0.0,0.0,0.0,0.0,0.0,0.0,0.0,0.0,0.0,0.0,0.0,0.0,0.28957864876935585,0.0,0.0,0.0,0.0,0.0,0.28957864876935585,0.0,0.0,0.0,0.0,0.0,0.0,0.0,0.0,0.0,0.0,0.14239418606810336,0.0,0.2422989443205994,0.0,0.13027959388710808,0.0,0.0,0.0,0.0,0.0,0.0,0.0,0.0,0.0,0.0,0.0,0.0,0.0,0.0,0.0,0.0,0.0,0.0,0.0,0.0,0.0,0.0,0.0,0.0,0.341645855557441,0.0,0.0,0.0,0.0,0.0,0.0,0.0,0.0,0.0,0.0,0.0,0.0,0.17330893151890006,0.0,0.16873208592337696,0.0,0.0,0.0,0.0,0.23671615053817815,0.0,0.27189737393967156,0.0,0.0,0.0,0.0,0.0,0.0,0.21503198139532403,0.0,0.0,0.0,0.0,0.0,0.0,0.0,0.0,0.0,0.23141462670092308,0.0,0.15500913000668193,0.0,0.0,0.0,0.0,0.0,0.0,0.0,0.0,0.0,0.0,0.0,0.0,0.0,0.0,0.0
7184ecf9db3c6c15ab1b97ebe8b9124c9eb5b4f9f63e9da59f6b8c63d2ff5aef,0.0,0.0,0.0,0.0,0.0,0.2998129400747005,0.0,0.0,0.0,0.0,0.0,0.2911873981424521,0.10843485133293874,0.0,0.49204827989131433,0.0,0.0,0.21224193152341317,0.0,0.0,0.30615918473759246,0.0,0.0,0.0,0.0,0.0,0.0,0.0,0.0,0.0,0.0,0.0,0.0,0.0,0.0,0.0,0.0,0.0,0.0,0.0,0.0,0.0,0.0,0.0,0.0,0.0,0.0,0.22650492945488218,0.0,0.0,0.0,0.0,0.0,0.0,0.0,0.0,0.0,0.0,0.0,0.0,0.0,0.0,0.0,0.0,0.0,0.0,0.0,0.0,0.0,0.0,0.37345657733110454,0.0,0.0,0.0,0.0,0.0,0.0,0.0,0.0,0.09421005715638936,0.0,0.0,0.0,0.0,0.0,0.0,0.0,0.0,0.0,0.0,0.0,0.0,0.0,0.0,0.0,0.0,0.0,0.0,0.0,0.0,0.0,0.0,0.14524883581104953,0.0,0.0,0.0,0.0,0.0,0.0,0.0,0.0,0.0,0.0,0.0,0.0,0.0,0.0,0.0,0.13765042698206972,0.0,0.0,0.0,0.0,0.0,0.0,0.0,0.0,0.0,0.0,0.0,0.0,0.43929226269281496,0.0,0.0,0.0,0.0,0.0,0.0,0.0,0.0,0.0,0.0,0.0,0.0,0.0,0.0,0.0,0.0,0.0,0.0,0.0,0.0,0.0,0.0,0.0,0.0,0.0,0.0,0.0,0.0,0.0
231bba5652f6fbdbab3016362fb7925fc4e4489fff5e6a4a98c37fba5bd0cfe9,0.0,0.0,0.0,0.0,0.0,0.0,0.0,0.0,0.0,0.0,0.0,0.0,0.0,0.0,0.0,0.0,0.0,0.5403609412194295,0.0,0.0,0.0,0.0,0.0,0.0,0.0,0.0,0.0,0.0,0.0,0.0,0.0,0.0,0.0,0.0,0.0,0.0,0.0,0.0,0.0,0.0,0.0,0.0,0.0,0.0,0.0,0.0,0.0,0.0,0.0,0.0,0.0,0.0,0.0,0.0,0.0,0.0,0.0,0.0,0.0,0.0,0.4006040687275722,0.0,0.0,0.0,0.0,0.0,0.0,0.0,0.0,0.0,0.0,0.0,0.0,0.0,0.0,0.0,0.0,0.0,0.0,0.0,0.0,0.0,0.0,0.0,0.0,0.0,0.0,0.0,0.0,0.0,0.0,0.0,0.0,0.0,0.0,0.0,0.0,0.0,0.0,0.33754511734082976,0.0,0.0,0.36979873423940707,0.0,0.0,0.0,0.44162079268259835,0.0,0.0,0.0,0.0,0.0,0.0,0.0,0.0,0.0,0.0,0.3190763211334527,0.0,0.0,0.0,0.0,0.0,0.0,0.0,0.0,0.0,0.0,0.0,0.0,0.0,0.0,0.0,0.0,0.0,0.0,0.0,0.0,0.0,0.0,0.0,0.0,0.0,0.0,0.0,0.0,0.0,0.0,0.0,0.0,0.0,0.0,0.0,0.0,0.0,0.0,0.0,0.0,0.0,0.0,0.0
245f7a3c993a0ecada1c1f8936ea82e8e48812c5758767e5d91db91324bc303a,0.0,0.0,0.305205313770822,0.0,0.33674722678504093,0.0,0.0,0.0,0.0,0.0,0.0,0.0,0.12117160964026355,0.0,0.0,0.0,0.0,0.0,0.0,0.0,0.0,0.0,0.0,0.0,0.0,0.0,0.0,0.0,0.0,0.0,0.0,0.0,0.0,0.0,0.0,0.0,0.0,0.0,0.0,0.0,0.0,0.0,0.0,0.0,0.0,0.0,0.0,0.0,0.0,0.0,0.28694856422681614,0.0,0.0,0.0,0.0,0.0,0.0,0.0,0.0,0.0,0.17583065115664148,0.0,0.0,0.0,0.0,0.0,0.0,0.0,0.0,0.0,0.0,0.0,0.0,0.0,0.0,0.0,0.0,0.0,0.0,0.10527597105187593,0.0,0.0,0.0,0.0,0.0,0.0,0.0,0.0,0.0,0.0,0.0,0.0,0.0,0.0,0.0,0.0,0.0,0.0,0.0,0.14815320764289117,0.0,0.0,0.0,0.0,0.0,0.0,0.19383345702986124,0.0,0.0,0.0,0.0,0.0,0.0,0.0,0.243309345672638,0.27693101991547286,0.0,0.14004699825381284,0.0,0.1363485536237143,0.0,0.0,0.26568152011429186,0.0,0.1912849270405561,0.0,0.2197140719732201,0.0,0.0,0.0,0.0,0.0,0.0,0.0,0.0,0.0,0.0,0.0,0.0,0.0,0.0,0.0,0.0,0.18700088643704205,0.0,0.12525934566161365,0.0,0.28043876754944497,0.0,0.0,0.0,0.0,0.0,0.0,0.1817920656062898,0.0,0.0,0.32095183038512043,0.0,0.0,0.0
0251d3e4eac3e2e30f8648c4f366e525bb4f0b17b68bd677da867ef906653c31,0.0,0.0,0.0,0.0,0.0,0.0,0.0,0.0,0.0,0.0,0.0,0.0,0.0,0.0,0.0,0.0,0.0,0.0,0.0,0.0,0.0,0.0,0.0,0.0,0.0,0.0,0.0,0.0,0.0,0.0,0.0,0.0,0.0,0.0,0.31353077002828733,0.0,0.0,0.0,0.0,0.0,0.0,0.0,0.0,0.0,0.0,0.0,0.0,0.0,0.0,0.0,0.0,0.0,0.0,0.0,0.0,0.0,0.0,0.0,0.0,0.0,0.27822218002950505,0.0,0.0,0.3887085138632783,0.0,0.0,0.0,0.31353077002828733,0.0,0.0,0.0,0.0,0.0,0.0,0.0,0.18207163080757796,0.0,0.0,0.0,0.16658136666218928,0.0,0.0,0.0,0.0,0.0,0.0,0.0,0.0,0.0,0.0,0.0,0.0,0.0,0.0,0.0,0.0,0.0,0.0,0.0,0.0,0.0,0.0,0.2568276711193525,0.0,0.0,0.0,0.3067085665823992,0.0,0.0,0.0,0.0,0.0,0.0,0.0,0.0,0.0,0.23929947257881323,0.22160061914377063,0.2433922337000933,0.0,0.25753598066586925,0.0,0.0,0.0,0.0,0.0,0.0,0.0,0.0,0.0,0.0,0.0,0.0,0.0,0.0,0.0,0.0,0.0,0.0,0.0,0.0,0.0,0.0,0.0,0.0,0.19820166728494268,0.0,0.0,0.0,0.0,0.0,0.0,0.0,0.0,0.287655107186005,0.0,0.0,0.0,0.0,0.0,0.0
0291e99acfedf4e277d56babb2783ce0a01e873a42627b4e3f4a56c2a10cc24d,0.0,0.0,0.0,0.0,0.33937661317211154,0.0,0.0,0.0,0.0,0.0,0.0,0.0,0.12211774061194018,0.0,0.0,0.0,0.0,0.0,0.0,0.0,0.0,0.0,0.0,0.0,0.0,0.0,0.0,0.0,0.0,0.0,0.0,0.0,0.0,0.0,0.0,0.0,0.0,0.0,0.0,0.0,0.0,0.0,0.0,0.0,0.0,0.0,0.0,0.0,0.0,0.0,0.2891891131862559,0.0,0.0,0.0,0.0,0.0,0.0,0.0,0.0,0.0,0.17720357031916853,0.0,0.0,0.0,0.0,0.0,0.0,0.0,0.0,0.0,0.0,0.0,0.0,0.0,0.0,0.0,0.0,0.0,0.0,0.1060979858545283,0.0,0.0,0.0,0.0,0.0,0.0,0.0,0.0,0.0,0.0,0.0,0.0,0.0,0.0,0.0,0.0,0.0,0.0,0.0,0.149310016062952,0.0,0.0,0.0,0.0,0.0,0.0,0.1953469455242995,0.0,0.0,0.0,0.0,0.0,0.0,0.0,0.0,0.2790933499838601,0.0,0.1411405118493791,0.0,0.1374131890602633,0.0,0.0,0.26775601194887694,0.0,0.1927785161281755,0.0,0.22142964123093817,0.0,0.0,0.0,0.0,0.0,0.0,0.0,0.0,0.0,0.0,0.0,0.0,0.0,0.39369619308391635,0.0,0.0,0.18846102492091904,0.0,0.0,0.0,0.2826284867784382,0.0,0.0,0.0,0.0,0.0,0.0,0.1832115326265416,0.0,0.0,0.3234578833132377,0.0,0.0,0.0
930882d0f2a8881e87ba3b4a238602f9ba98308b3e03f8ef2960f6c12a6f1584,0.0,0.0,0.0,0.0,0.0,0.0,0.0,0.0,0.0,0.0,0.2096239767037693,0.0,0.13648076183656097,0.0,0.0,0.0,0.0,0.0,0.0,0.0,0.0,0.1995308209004779,0.0,0.0,0.0,0.0,0.0,0.45174609078917943,0.0,0.0,0.0,0.0,0.0,0.0,0.0,0.0,0.0,0.0,0.0,0.0,0.0,0.0,0.0,0.23629995513422974,0.0,0.0,0.0,0.2850888340024712,0.0,0.0,0.0,0.0,0.0,0.0,0.0,0.0,0.0,0.0,0.2635663474904386,0.0,0.0,0.0,0.0,0.0,0.2635663474904386,0.0,0.0,0.0,0.0,0.0,0.0,0.0,0.0,0.0,0.0,0.1296031861649307,0.0,0.0,0.0,0.11857682484288334,0.0,0.0,0.0,0.0,0.0,0.0,0.0,0.0,0.0,0.0,0.0,0.0,0.0,0.0,0.0,0.0,0.0,0.0,0.0,0.0,0.0,0.0,0.18281642408951093,0.0,0.0,0.0,0.21832290553363506,0.0,0.0,0.0,0.0,0.0,0.0,0.0,0.0,0.0,0.0,0.15774091861409664,0.1732527403386042,0.15357520238547884,0.1833206167175026,0.0,0.0,0.0,0.21545238730303376,0.0,0.0,0.0,0.0,0.0,0.0,0.0,0.0,0.0,0.0,0.0,0.0,0.0,0.0,0.0,0.0,0.0,0.0,0.0,0.0,0.14108495359432427,0.29190726369209047,0.0,0.0,0.0,0.0,0.0,0.0,0.0,0.20476017182117331,0.0,0.0,0.0,0.0,0.0,0.0
0a40acb8ddbc2ed8f8b703681fadf9fcb2672fdb75d93c150b45c6465cc9b1b4,0.0,0.0,0.30846696964796033,0.0,0.3403459635101106,0.0,0.0,0.0,0.0,0.0,0.0,0.0,0.12246654152674522,0.0,0.0,0.0,0.0,0.0,0.0,0.0,0.0,0.0,0.0,0.0,0.0,0.0,0.0,0.0,0.0,0.0,0.0,0.0,0.0,0.0,0.0,0.0,0.0,0.0,0.0,0.0,0.0,0.0,0.0,0.0,0.0,0.0,0.0,0.0,0.0,0.0,0.29001511460689766,0.0,0.0,0.0,0.0,0.0,0.0,0.0,0.0,0.0,0.1777097110905611,0.0,0.0,0.0,0.0,0.0,0.0,0.0,0.0,0.0,0.0,0.0,0.0,0.0,0.0,0.0,0.0,0.0,0.0,0.10640103006693828,0.0,0.0,0.0,0.0,0.0,0.0,0.0,0.0,0.0,0.0,0.0,0.0,0.0,0.0,0.0,0.0,0.0,0.0,0.0,0.14973648538617512,0.0,0.0,0.0,0.0,0.0,0.0,0.19590490862582596,0.0,0.0,0.0,0.0,0.0,0.0,0.0,0.0,0.2798905152057399,0.0,0.14154364688448884,0.15546267205563186,0.13780567786500467,0.0,0.0,0.2685207947023435,0.0,0.19332914310868887,0.0,0.22206210348449176,0.0,0.0,0.0,0.0,0.0,0.0,0.17561940158965494,0.0,0.0,0.0,0.0,0.0,0.0,0.0,0.0,0.0,0.18899931999228303,0.0,0.0,0.0,0.28343574929610593,0.0,0.0,0.0,0.0,0.0,0.0,0.18373483374448518,0.0,0.0,0.3243817655029605,0.0,0.0,0.0
324cb383fd7f47c079b162b725215bb4badfd4c0b2e41d330fa38344e59e77ce,0.0,0.0,0.0,0.0,0.3940857372272663,0.0,0.0,0.0,0.0,0.0,0.0,0.0,0.1418037011677598,0.0,0.0,0.0,0.0,0.0,0.0,0.0,0.0,0.0,0.0,0.0,0.0,0.0,0.0,0.0,0.0,0.0,0.0,0.0,0.0,0.0,0.0,0.0,0.0,0.0,0.0,0.0,0.0,0.0,0.0,0.0,0.0,0.0,0.0,0.0,0.0,0.0,0.0,0.0,0.0,0.0,0.0,0.0,0.0,0.0,0.0,0.0,0.2057696286017149,0.0,0.0,0.0,0.0,0.0,0.0,0.0,0.0,0.0,0.0,0.0,0.0,0.0,0.0,0.0,0.0,0.0,0.0,0.12320148575649041,0.0,0.0,0.0,0.0,0.0,0.0,0.0,0.0,0.0,0.0,0.0,0.0,0.0,0.0,0.0,0.0,0.0,0.0,0.0,0.17337950074285993,0.0,0.0,0.0,0.0,0.0,0.0,0.22683780217641805,0.0,0.0,0.0,0.0,0.0,0.0,0.0,0.2847380326754475,0.32408452531712395,0.0,0.16389303359742233,0.0,0.15956484864824977,0.0,0.0,0.31091955447263847,0.0,0.22385532974666822,0.0,0.257125152475398,0.0,0.0,0.0,0.0,0.0,0.0,0.0,0.0,0.0,0.0,0.0,0.0,0.0,0.0,0.0,0.0,0.2188418384236199,0.0,0.0,0.0,0.0,0.0,0.0,0.0,0.0,0.0,0.0,0.21274610300578356,0.0,0.0,0.37560083240863484,0.0,0.0,0.0
329b3ddbf1c00b7767f0ec39b90eb9f4f8bd98ace60e2f6b6fbfb9adf25e3ef9,0.0,0.23468766664358595,0.27638089365461305,0.0,0.0,0.0,0.0,0.0,0.0,0.0,0.0,0.0,0.0,0.0,0.0,0.0,0.0,0.0,0.0,0.0,0.0,0.0,0.0,0.0,0.0,0.0,0.0,0.0,0.0,0.0,0.0,0.0,0.0,0.0,0.17943160026189223,0.0,0.0,0.0,0.0,0.0,0.0,0.0,0.0,0.0,0.0,0.3330910271997206,0.0,0.0,0.0,0.0,0.25984836120339344,0.0,0.0,0.0,0.0,0.0,0.0,0.0,0.0,0.0,0.15922472612988614,0.0,0.0,0.22245532925402273,0.21190213054633086,0.0,0.0,0.17943160026189223,0.0,0.0,0.0,0.0,0.0,0.0,0.0,0.10419839837457948,0.0,0.0,0.0,0.09533342195189619,0.0,0.0,0.0,0.0,0.0,0.3225240172495657,0.0,0.0,0.0,0.0,0.0,0.0,0.0,0.0,0.0,0.0,0.0,0.0,0.0,0.0,0.0,0.0,0.0,0.0,0.0,0.0,0.0,0.0,0.0,0.0,0.0,0.0,0.0,0.0,0.2203305491660534,0.0,0.0,0.12682057875342012,0.13929177662589226,0.12347142529547511,0.1473861501112745,0.0,0.24058983459194272,0.0,0.0,0.0,0.0,0.0,0.0,0.0,0.0,0.0,0.0,0.0,0.0,0.0,0.0,0.0,0.0,0.0,0.0,0.0,0.0,0.0,0.328688777997097,0.11342951230051129,0.23468766664358595,0.0,0.0,0.0,0.0,0.0,0.0,0.0,0.16462312838141613,0.0,0.0,0.0,0.0,0.0,0.0
338c8ee7311ecb162958e309f3459c09ebf8972011de7715fe17179a20e1c2ce,0.0,0.0,0.0,0.0,0.0,0.0,0.0,0.0,0.0,0.0,0.0,0.0,0.0,0.0,0.0,0.0,0.0,0.0,0.0,0.0,0.0,0.0,0.0,0.0,0.0,0.0,0.0,0.0,0.0,0.0,0.0,0.0,0.0,0.0,0.31353077002828733,0.0,0.0,0.0,0.0,0.0,0.0,0.0,0.0,0.0,0.0,0.0,0.0,0.0,0.0,0.0,0.0,0.0,0.0,0.0,0.0,0.0,0.0,0.0,0.0,0.0,0.27822218002950505,0.0,0.0,0.3887085138632783,0.0,0.0,0.0,0.31353077002828733,0.0,0.0,0.0,0.0,0.0,0.0,0.0,0.18207163080757796,0.0,0.0,0.0,0.16658136666218928,0.0,0.0,0.0,0.0,0.0,0.0,0.0,0.0,0.0,0.0,0.0,0.0,0.0,0.0,0.0,0.0,0.0,0.0,0.0,0.0,0.0,0.0,0.2568276711193525,0.0,0.0,0.0,0.3067085665823992,0.0,0.0,0.0,0.0,0.0,0.0,0.0,0.0,0.0,0.23929947257881323,0.22160061914377063,0.2433922337000933,0.0,0.25753598066586925,0.0,0.0,0.0,0.0,0.0,0.0,0.0,0.0,0.0,0.0,0.0,0.0,0.0,0.0,0.0,0.0,0.0,0.0,0.0,0.0,0.0,0.0,0.0,0.0,0.19820166728494268,0.0,0.0,0.0,0.0,0.0,0.0,0.0,0.0,0.287655107186005,0.0,0.0,0.0,0.0,0.0,0.0
0341ff3dcd3d14b971c1558cb3277908aa3c7841e017fd6f30359a481305813e,0.0,0.0,0.0,0.0,0.0,0.0,0.0,0.0,0.0,0.0,0.22279247779645497,0.0,0.14505443308178836,0.0,0.0,0.0,0.0,0.0,0.0,0.0,0.0,0.21206527365902617,0.0,0.0,0.0,0.0,0.30456441396838807,0.0,0.0,0.0,0.0,0.0,0.0,0.0,0.0,0.0,0.0,0.0,0.0,0.0,0.0,0.0,0.0,0.25114423137741926,0.28137275900713427,0.0,0.0,0.30299800966599405,0.0,0.0,0.0,0.0,0.0,0.0,0.0,0.0,0.0,0.0,0.28012348846972523,0.0,0.0,0.0,0.0,0.0,0.0,0.0,0.0,0.0,0.0,0.0,0.0,0.0,0.0,0.0,0.0,0.13774481063683083,0.29407426295647104,0.23438753452323116,0.0,0.12602577735329829,0.0,0.0,0.0,0.0,0.0,0.0,0.0,0.0,0.0,0.0,0.0,0.0,0.0,0.0,0.0,0.0,0.0,0.0,0.0,0.1773540816012,0.0,0.0,0.19430088458987468,0.0,0.0,0.0,0.0,0.0,0.0,0.0,0.0,0.0,0.0,0.0,0.0,0.0,0.18104006862386057,0.0,0.0,0.16322274009668492,0.0,0.0,0.0,0.0,0.22898702700520443,0.0,0.0,0.0,0.0,0.0,0.0,0.0,0.0,0.2080108772418222,0.0,0.0,0.0,0.0,0.0,0.0,0.0,0.0,0.28012348846972523,0.0,0.0,0.0,0.0,0.0,0.0,0.0,0.0,0.0,0.0,0.0,0.0,0.0,0.0,0.0,0.0,0.0,0.0
7fa868c908374d9a48101bf8ed26b2f2c762773594106f176bd4ca279a91932c,0.0,0.0,0.0,0.0,0.0,0.0,0.0,0.0,0.0,0.0,0.2644025139801059,0.0,0.17214565388434377,0.0,0.0,0.0,0.0,0.0,0.0,0.0,0.0,0.25167183397705284,0.0,0.0,0.0,0.0,0.0,0.0,0.0,0.0,0.0,0.0,0.0,0.0,0.0,0.0,0.0,0.0,0.0,0.0,0.0,0.0,0.0,0.29804940815128206,0.0,0.0,0.0,0.0,0.0,0.0,0.0,0.0,0.0,0.0,0.0,0.0,0.0,0.0,0.0,0.0,0.0,0.0,0.0,0.0,0.0,0.0,0.0,0.0,0.0,0.0,0.0,0.0,0.0,0.0,0.0,0.16347084327221037,0.34899730543674073,0.2781631318367934,0.0,0.1495630942663692,0.0,0.0,0.0,0.0,0.0,0.0,0.0,0.0,0.35866884217521927,0.0,0.0,0.0,0.0,0.0,0.0,0.0,0.0,0.0,0.0,0.2104777751196422,0.0,0.0,0.0,0.0,0.0,0.0,0.0,0.0,0.0,0.0,0.0,0.0,0.0,0.0,0.0,0.0,0.21485217880206764,0.0,0.21852681558562262,0.0,0.0,0.0,0.0,0.0,0.27175399370673825,0.0,0.0,0.0,0.0,0.0,0.0,0.0,0.0,0.2468602145903335,0.0,0.0,0.0,0.0,0.0,0.0,0.0,0.0,0.0,0.0,0.0,0.17795300423968705,0.0,0.0,0.0,0.0,0.0,0.0,0.0,0.0,0.25826770889392814,0.0,0.0,0.0,0.0,0.0,0.0
358c9e8bc321c23596ca6b7e59d46566ae7cf028c8d9dc3851ec0647601ae11c,0.0,0.22785065188090978,0.0,0.0,0.0,0.0,0.0,0.0,0.0,0.0,0.0,0.28607539027188433,0.10653119816321385,0.0,0.0,0.0,0.0,0.0,0.0,0.0,0.0,0.0,0.34943180208772334,0.0,0.3797503188304838,0.0,0.0,0.0,0.0,0.0,0.0,0.0,0.0,0.0,0.0,0.0,0.0,0.0,0.0,0.0,0.0,0.0,0.0,0.0,0.2066464051506648,0.0,0.0,0.2225284696579191,0.0,0.0,0.0,0.0,0.0,0.0,0.0,0.0,0.32792047212170666,0.0,0.0,0.0,0.0,0.0,0.0,0.0,0.0,0.0,0.0,0.0,0.0,0.0,0.0,0.0,0.0,0.0,0.0,0.10116284905014,0.0,0.0,0.0,0.0925561306583941,0.0,0.0,0.0,0.0,0.0,0.0,0.0,0.0,0.0,0.0,0.0,0.0,0.0,0.0,0.0,0.0,0.0,0.0,0.0,0.13025277760011011,0.0,0.0,0.1426988862026752,0.0,0.0,0.0,0.17041376674629466,0.0,0.0,0.0,0.0,0.0,0.0,0.0,0.0,0.0,0.13295984835689756,0.12312599104223429,0.0,0.11987440645939004,0.14309243796808324,0.0,0.0,0.0,0.0,0.0,0.19316738805496675,0.0,0.0,0.0,0.0,0.0,0.0,0.0,0.0,0.0,0.0,0.0,0.0,0.0,0.0,0.0,0.20572891311438113,0.0,0.0,0.11012503848127342,0.0,0.0,0.0,0.0,0.0,0.0,0.0,0.0,0.0,0.3797503188304838,0.0,0.0,0.0,0.0,0.0
366b32c15ff2b30da5cafc1407e6dc49aa4bbecffc34c438302022acd1c00b8e,0.0,0.0,0.0,0.0,0.0,0.0,0.0,0.0,0.0,0.0,0.0,0.0,0.3378451481545055,0.0,0.0,0.0,0.0,0.0,0.0,0.0,0.0,0.0,0.0,0.0,0.0,0.0,0.0,0.0,0.0,0.0,0.0,0.0,0.0,0.0,0.0,0.0,0.0,0.0,0.0,0.0,0.0,0.0,0.0,0.0,0.0,0.0,0.0,0.0,0.0,0.0,0.0,0.0,0.0,0.0,0.0,0.0,0.0,0.0,0.0,0.0,0.0,0.0,0.0,0.0,0.0,0.0,0.0,0.0,0.0,0.0,0.0,0.0,0.0,0.0,0.0,0.3208203635587962,0.0,0.0,0.0,0.0,0.0,0.0,0.0,0.0,0.0,0.0,0.0,0.0,0.0,0.0,0.0,0.0,0.0,0.0,0.0,0.0,0.0,0.0,0.0,0.0,0.0,0.0,0.4525446740659405,0.0,0.0,0.0,0.0,0.0,0.0,0.0,0.0,0.0,0.0,0.0,0.0,0.0,0.0,0.39047264465760934,0.0,0.0,0.0,0.0,0.0,0.0,0.0,0.0,0.0,0.0,0.0,0.0,0.0,0.0,0.0,0.0,0.0,0.0,0.0,0.0,0.0,0.0,0.0,0.0,0.6524334310434331,0.0,0.0,0.0,0.0,0.0,0.0,0.0,0.0,0.0,0.0,0.0,0.0,0.0,0.0,0.0,0.0,0.0,0.0
385c92e3d2b1dc253eac89889157258df64586cad653dccfd3f3d6b240b9efba,0.0,0.501237753454098,0.0,0.0,0.0,0.0,0.0,0.0,0.0,0.0,0.0,0.0,0.23435288861061404,0.0,0.0,0.0,0.0,0.0,0.0,0.0,0.0,0.0,0.0,0.0,0.0,0.0,0.0,0.0,0.0,0.0,0.0,0.0,0.0,0.0,0.38322376927685314,0.0,0.0,0.0,0.0,0.0,0.0,0.0,0.0,0.0,0.0,0.0,0.0,0.4895297392838358,0.0,0.0,0.0,0.0,0.0,0.0,0.0,0.0,0.0,0.0,0.0,0.0,0.0,0.0,0.0,0.0,0.0,0.0,0.0,0.0,0.0,0.0,0.0,0.0,0.0,0.0,0.0,0.2225433141065181,0.0,0.0,0.0,0.20360980588225558,0.0,0.0,0.0,0.0,0.0,0.0,0.0,0.0,0.0,0.0,0.0,0.0,0.0,0.0,0.0,0.0,0.0,0.0,0.0,0.0,0.0,0.0,0.0,0.0,0.0,0.0,0.0,0.0,0.0,0.0,0.0,0.0,0.0,0.0,0.0,0.0,0.29249201237678185,0.0,0.0,0.0,0.0,0.0,0.0,0.0,0.0,0.0,0.0,0.0,0.0,0.0,0.0,0.0,0.0,0.0,0.0,0.0,0.0,0.0,0.0,0.0,0.0,0.0,0.0,0.36167051043864373,0.0,0.0,0.0,0.0,0.0,0.0,0.0,0.0,0.0,0.0,0.0,0.0,0.0,0.0,0.0,0.0,0.0
389e03b1a1fd1c527d48df74d3c26a0483a5b105f36841193172f1ee80e62c1b,0.0,0.0,0.0,0.0,0.0,0.0,0.0,0.0,0.0,0.0,0.0,0.0,0.34025446937975873,0.0,0.0,0.0,0.0,0.0,0.0,0.0,0.0,0.0,0.0,0.0,0.0,0.0,0.0,0.0,0.0,0.0,0.0,0.0,0.0,0.0,0.0,0.0,0.0,0.0,0.0,0.0,0.0,0.0,0.6232014544489062,0.0,0.0,0.0,0.0,0.0,0.0,0.0,0.0,0.0,0.0,0.0,0.0,0.0,0.0,0.0,0.0,0.0,0.0,0.0,0.0,0.0,0.0,0.0,0.0,0.0,0.0,0.0,0.0,0.0,0.0,0.0,0.0,0.32310827361355937,0.0,0.0,0.0,0.295618914158521,0.0,0.0,0.0,0.0,0.0,0.0,0.0,0.0,0.0,0.0,0.0,0.0,0.0,0.0,0.0,0.0,0.0,0.0,0.0,0.0,0.0,0.0,0.0,0.0,0.0,0.0,0.0,0.0,0.0,0.0,0.0,0.0,0.0,0.0,0.0,0.0,0.4246660455482532,0.0,0.0,0.0,0.0,0.0,0.0,0.0,0.0,0.0,0.0,0.0,0.0,0.0,0.0,0.0,0.0,0.0,0.0,0.0,0.0,0.0,0.0,0.0,0.0,0.0,0.0,0.0,0.0,0.35173298695527205,0.0,0.0,0.0,0.0,0.0,0.0,0.0,0.0,0.0,0.0,0.0,0.0,0.0,0.0,0.0
416ccd0f8e1dc4b7490827f9ea5d501d414faa959596017d2d22f8f61428dae1,0.0,0.0,0.0,0.0,0.0,0.0,0.0,0.0,0.0,0.0,0.0,0.0,0.0,0.0,0.0,0.0,0.0,0.0,0.0,0.0,0.0,0.0,0.0,0.0,0.0,0.0,0.0,0.0,0.0,0.0,0.0,0.0,0.0,0.0,0.3467582886555867,0.0,0.0,0.0,0.0,0.0,0.0,0.0,0.0,0.0,0.0,0.0,0.0,0.0,0.0,0.0,0.0,0.0,0.0,0.0,0.0,0.0,0.0,0.0,0.0,0.0,0.30770774748632646,0.0,0.0,0.42990325651586275,0.0,0.0,0.0,0.3467582886555867,0.0,0.0,0.0,0.0,0.0,0.0,0.0,0.20136730792282806,0.0,0.0,0.0,0.18423540892167625,0.0,0.0,0.0,0.0,0.0,0.0,0.0,0.0,0.0,0.0,0.0,0.0,0.0,0.0,0.0,0.0,0.0,0.0,0.0,0.0,0.0,0.0,0.0,0.0,0.0,0.0,0.33921307836715797,0.0,0.0,0.0,0.0,0.0,0.0,0.0,0.0,0.0,0.0,0.24508551888664556,0.0,0.0,0.28482925588093955,0.0,0.0,0.0,0.0,0.0,0.0,0.0,0.0,0.0,0.0,0.0,0.0,0.0,0.0,0.0,0.0,0.0,0.0,0.0,0.0,0.0,0.0,0.0,0.0,0.21920678136378746,0.0,0.0,0.0,0.0,0.0,0.0,0.0,0.0,0.31814036205077767,0.0,0.0,0.0,0.0,0.0,0.0
465f57ff96a174eff06f982b2b3e398214fbdf19849dacabb2e3d1a62c3aaa75,0.0,0.0,0.0,0.0,0.0,0.0,0.0,0.0,0.0,0.0,0.0,0.0,0.0,0.0,0.0,0.0,0.0,0.0,0.0,0.0,0.0,0.0,0.0,0.0,0.0,0.0,0.0,0.0,0.0,0.0,0.0,0.0,0.0,0.0,0.3467582886555867,0.0,0.0,0.0,0.0,0.0,0.0,0.0,0.0,0.0,0.0,0.0,0.0,0.0,0.0,0.0,0.0,0.0,0.0,0.0,0.0,0.0,0.0,0.0,0.0,0.0,0.30770774748632646,0.0,0.0,0.42990325651586275,0.0,0.0,0.0,0.3467582886555867,0.0,0.0,0.0,0.0,0.0,0.0,0.0,0.20136730792282806,0.0,0.0,0.0,0.18423540892167625,0.0,0.0,0.0,0.0,0.0,0.0,0.0,0.0,0.0,0.0,0.0,0.0,0.0,0.0,0.0,0.0,0.0,0.0,0.0,0.0,0.0,0.0,0.0,0.0,0.0,0.0,0.33921307836715797,0.0,0.0,0.0,0.0,0.0,0.0,0.0,0.0,0.0,0.0,0.24508551888664556,0.0,0.0,0.28482925588093955,0.0,0.0,0.0,0.0,0.0,0.0,0.0,0.0,0.0,0.0,0.0,0.0,0.0,0.0,0.0,0.0,0.0,0.0,0.0,0.0,0.0,0.0,0.0,0.0,0.21920678136378746,0.0,0.0,0.0,0.0,0.0,0.0,0.0,0.0,0.31814036205077767,0.0,0.0,0.0,0.0,0.0,0.0
511df0acd07b52089c67fa99865af5f7396106752d53d3b42e47e3e369974426,0.0,0.0,0.0,0.0,0.0,0.0,0.0,0.0,0.0,0.0,0.0,0.0,0.0,0.0,0.0,0.0,0.0,0.0,0.0,0.0,0.0,0.0,0.0,0.0,0.0,0.0,0.0,0.0,0.0,0.0,0.0,0.0,0.0,0.0,0.3467582886555867,0.0,0.0,0.0,0.0,0.0,0.0,0.0,0.0,0.0,0.0,0.0,0.0,0.0,0.0,0.0,0.0,0.0,0.0,0.0,0.0,0.0,0.0,0.0,0.0,0.0,0.30770774748632646,0.0,0.0,0.42990325651586275,0.0,0.0,0.0,0.3467582886555867,0.0,0.0,0.0,0.0,0.0,0.0,0.0,0.20136730792282806,0.0,0.0,0.0,0.18423540892167625,0.0,0.0,0.0,0.0,0.0,0.0,0.0,0.0,0.0,0.0,0.0,0.0,0.0,0.0,0.0,0.0,0.0,0.0,0.0,0.0,0.0,0.0,0.0,0.0,0.0,0.0,0.33921307836715797,0.0,0.0,0.0,0.0,0.0,0.0,0.0,0.0,0.0,0.0,0.24508551888664556,0.0,0.0,0.28482925588093955,0.0,0.0,0.0,0.0,0.0,0.0,0.0,0.0,0.0,0.0,0.0,0.0,0.0,0.0,0.0,0.0,0.0,0.0,0.0,0.0,0.0,0.0,0.0,0.0,0.21920678136378746,0.0,0.0,0.0,0.0,0.0,0.0,0.0,0.0,0.31814036205077767,0.0,0.0,0.0,0.0,0.0,0.0
562c7815dd2bbe330531f3ba64f189b11669214fc94263cdf961ce5dc833d105,0.0,0.0,0.0,0.0,0.0,0.0,0.0,0.0,0.0,0.0,0.0,0.0,0.0,0.0,0.0,0.0,0.0,0.0,0.0,0.0,0.0,0.0,0.0,0.0,0.0,0.0,0.0,0.0,0.0,0.0,0.0,0.0,0.0,0.0,0.665994888843285,0.0,0.0,0.0,0.0,0.0,0.0,0.0,0.745956304373534,0.0,0.0,0.0,0.0,0.0,0.0,0.0,0.0,0.0,0.0,0.0,0.0,0.0,0.0,0.0,0.0,0.0,0.0,0.0,0.0,0.0,0.0,0.0,0.0,0.0,0.0,0.0,0.0,0.0,0.0,0.0,0.0,0.0,0.0,0.0,0.0,0.0,0.0,0.0,0.0,0.0,0.0,0.0,0.0,0.0,0.0,0.0,0.0,0.0,0.0,0.0,0.0,0.0,0.0,0.0,0.0,0.0,0.0,0.0,0.0,0.0,0.0,0.0,0.0,0.0,0.0,0.0,0.0,0.0,0.0,0.0,0.0,0.0,0.0,0.0,0.0,0.0,0.0,0.0,0.0,0.0,0.0,0.0,0.0,0.0,0.0,0.0,0.0,0.0,0.0,0.0,0.0,0.0,0.0,0.0,0.0,0.0,0.0,0.0,0.0,0.0,0.0,0.0,0.0,0.0,0.0,0.0,0.0,0.0,0.0,0.0,0.0,0.0,0.0,0.0,0.0,0.0,0.0
622e2834e51caa303d120c7503d8fcce671226a0342d7be0f8cf546b44cee195,0.0,0.0,0.2778663825590764,0.0,0.3065829116390232,0.0,0.0,0.0,0.0,0.0,0.0,0.0,0.11031759710737839,0.0,0.0,0.0,0.0,0.0,0.0,0.0,0.0,0.0,0.0,0.0,0.0,0.0,0.0,0.0,0.0,0.0,0.0,0.0,0.0,0.0,0.0,0.0,0.0,0.0,0.0,0.0,0.0,0.0,0.0,0.0,0.0,0.0,0.0,0.0,0.0,0.0,0.2612449912392345,0.0,0.0,0.0,0.0,0.0,0.0,0.0,0.0,0.0,0.1600805253888528,0.0,0.0,0.0,0.0,0.0,0.0,0.0,0.0,0.0,0.0,0.0,0.0,0.0,0.0,0.0,0.0,0.0,0.0,0.09584581895105722,0.0,0.0,0.0,0.0,0.0,0.0,0.0,0.0,0.0,0.0,0.0,0.0,0.0,0.0,0.0,0.0,0.0,0.0,0.0,0.13488230386174058,0.0,0.0,0.0,0.0,0.0,0.0,0.17647072017969823,0.0,0.0,0.0,0.0,0.0,0.0,0.0,0.22151477931225705,0.25212477388283433,0.0,0.1275022125671933,0.14004044049308176,0.12413505811708367,0.0,0.0,0.24188295411654934,0.0,0.1741504761438972,0.0,0.20003306502837107,0.0,0.0,0.0,0.0,0.0,0.0,0.15819757908796186,0.0,0.0,0.0,0.0,0.0,0.0,0.3556536322544242,0.0,0.0,0.17025018079671816,0.0,0.11403917196161532,0.0,0.25531831312348424,0.0,0.0,0.0,0.0,0.0,0.0,0.16550794291180929,0.0,0.0,0.2922023964228685,0.0,0.0,0.0
721d393191597d49d856baef2fbde75e48f52d0465e2cfabf1a41848b0e05589,0.0,0.0,0.0,0.0,0.0,0.0,0.3124400955635063,0.0,0.0,0.0,0.0,0.0,0.0,0.0,0.0,0.0,0.3030485948863376,0.2298408364915165,0.0,0.0,0.0,0.0,0.0,0.0,0.0,0.3096458657590593,0.0,0.0,0.0,0.0,0.0,0.0,0.0,0.0,0.0,0.0,0.0,0.0,0.0,0.0,0.0,0.0,0.0,0.0,0.0,0.0,0.0,0.0,0.0,0.28593456697427544,0.0,0.0,0.0,0.0,0.0,0.0,0.0,0.0,0.0,0.0,0.1703956878349953,0.3110311401375234,0.0,0.0,0.0,0.0,0.0,0.0,0.0,0.0,0.0,0.0,0.0,0.0,0.0,0.0,0.0,0.0,0.0,0.0,0.0,0.0,0.0,0.0,0.0,0.0,0.0,0.0,0.2446597236219168,0.0,0.0,0.0,0.0,0.0,0.0,0.0,0.0,0.0,0.0,0.1435737600651989,0.0,0.0,0.0,0.0,0.0,0.0,0.0,0.0,0.0,0.0,0.0,0.0,0.0,0.0,0.235788601360735,0.2683710224067006,0.14655768359048257,0.13571811535535827,0.14906427327478053,0.13213399044585167,0.15772653554496308,0.0,0.0,0.0,0.0,0.0,0.0,0.0,0.0,0.0,0.0,0.0,0.3005507708455939,0.0,0.0,0.0,0.0,0.0,0.0,0.0,0.0,0.0,0.22676885786375223,0.0,0.0,0.0,0.0,0.0,0.0,0.0,0.0,0.0,0.0,0.0,0.0,0.0,0.0,0.0,0.0,0.0,0.0
8a186f546c36a34567b695addfb776f2c2df584535a133fdf3ca699d4ec64e38,0.0,0.0,0.0,0.0,0.0,0.0,0.0,0.0,0.0,0.0,0.0,0.0,0.24905285328382165,0.0,0.0,0.0,0.0,0.0,0.0,0.0,0.0,0.0,0.0,0.0,0.0,0.0,0.0,0.0,0.0,0.0,0.0,0.0,0.0,0.0,0.0,0.0,0.0,0.0,0.0,0.0,0.0,0.0,0.456158888034759,0.0,0.0,0.0,0.0,0.0,0.0,0.0,0.0,0.0,0.0,0.0,0.0,0.0,0.0,0.0,0.0,0.0,0.0,0.0,0.0,0.0,0.0,0.0,0.0,0.0,0.0,0.0,0.0,0.0,0.0,0.0,0.0,0.0,0.0,0.0,0.0,0.2163813871131611,0.0,0.0,0.0,0.0,0.0,0.0,0.0,0.0,0.0,0.0,0.0,0.0,0.0,0.0,0.0,0.0,0.0,0.0,0.0,0.30451010097295833,0.0,0.0,0.33360710648114866,0.0,0.0,0.0,0.0,0.0,0.0,0.0,0.0,0.0,0.0,0.0,0.0,0.0,0.3108387981775666,0.0,0.3161551030338072,0.28024713397736745,0.0,0.0,0.0,0.0,0.0,0.0,0.4515943684662799,0.0,0.0,0.0,0.0,0.0,0.0,0.0,0.0,0.0,0.0,0.0,0.0,0.0,0.0,0.0,0.0,0.0,0.0,0.0,0.0,0.0,0.0,0.0,0.0,0.0,0.0,0.0,0.0,0.0,0.0,0.0,0.0,0.0,0.0
0b4c743246478a6a8c9fa3ff8e04f297507c2f0ea5d61a1284fe65387d172f81,0.0,0.0,0.0,0.0,0.0,0.0,0.0,0.0,0.0,0.0,0.0,0.0,0.0,0.0,0.0,0.0,0.0,0.5403609412194295,0.0,0.0,0.0,0.0,0.0,0.0,0.0,0.0,0.0,0.0,0.0,0.0,0.0,0.0,0.0,0.0,0.0,0.0,0.0,0.0,0.0,0.0,0.0,0.0,0.0,0.0,0.0,0.0,0.0,0.0,0.0,0.0,0.0,0.0,0.0,0.0,0.0,0.0,0.0,0.0,0.0,0.0,0.4006040687275722,0.0,0.0,0.0,0.0,0.0,0.0,0.0,0.0,0.0,0.0,0.0,0.0,0.0,0.0,0.0,0.0,0.0,0.0,0.0,0.0,0.0,0.0,0.0,0.0,0.0,0.0,0.0,0.0,0.0,0.0,0.0,0.0,0.0,0.0,0.0,0.0,0.0,0.0,0.33754511734082976,0.0,0.0,0.36979873423940707,0.0,0.0,0.0,0.44162079268259835,0.0,0.0,0.0,0.0,0.0,0.0,0.0,0.0,0.0,0.0,0.3190763211334527,0.0,0.0,0.0,0.0,0.0,0.0,0.0,0.0,0.0,0.0,0.0,0.0,0.0,0.0,0.0,0.0,0.0,0.0,0.0,0.0,0.0,0.0,0.0,0.0,0.0,0.0,0.0,0.0,0.0,0.0,0.0,0.0,0.0,0.0,0.0,0.0,0.0,0.0,0.0,0.0,0.0,0.0,0.0
928aca01498ca60e1dd3e263c462f3a04ef49b91d94b566293e8edfbc54fcf13,0.0,0.0,0.0,0.0,0.0,0.0,0.0,0.0,0.0,0.0,0.0,0.0,0.0,0.0,0.0,0.0,0.0,0.5254573204434756,0.0,0.0,0.0,0.0,0.0,0.0,0.0,0.0,0.0,0.0,0.0,0.0,0.0,0.0,0.0,0.0,0.0,0.0,0.0,0.0,0.0,0.0,0.0,0.0,0.0,0.0,0.0,0.0,0.0,0.0,0.0,0.0,0.0,0.0,0.0,0.0,0.0,0.0,0.0,0.0,0.0,0.0,0.3895550630238172,0.0,0.0,0.0,0.0,0.0,0.0,0.0,0.0,0.0,0.0,0.0,0.0,0.0,0.0,0.0,0.0,0.0,0.0,0.23324026424421293,0.0,0.0,0.0,0.0,0.0,0.0,0.0,0.0,0.0,0.0,0.0,0.0,0.0,0.0,0.0,0.0,0.0,0.0,0.0,0.3282353318995098,0.0,0.0,0.35959936622791744,0.0,0.0,0.0,0.4294405103585936,0.0,0.0,0.0,0.0,0.0,0.0,0.0,0.0,0.0,0.0,0.3102759210193586,0.0,0.0,0.0,0.0,0.0,0.0,0.0,0.0,0.0,0.0,0.0,0.0,0.0,0.0,0.0,0.0,0.0,0.0,0.0,0.0,0.0,0.0,0.0,0.0,0.0,0.0,0.0,0.0,0.0,0.0,0.0,0.0,0.0,0.0,0.0,0.0,0.0,0.0,0.0,0.0,0.0,0.0,0.0
973dfafc3051d8c2849f62c556ab8057da706f15d1ffd8871de894ae3a24d86b,0.0,0.0,0.0,0.0,0.0,0.0,0.0,0.0,0.0,0.0,0.0,0.0,0.0,0.0,0.0,0.0,0.0,0.0,0.0,0.0,0.0,0.0,0.0,0.0,0.0,0.0,0.0,0.0,0.0,0.0,0.0,0.0,0.0,0.0,0.0,0.0,0.0,0.0,0.0,0.0,0.0,0.0,0.0,0.0,0.0,0.0,0.0,0.0,0.0,0.0,0.0,0.0,0.0,0.0,0.0,0.0,0.0,0.0,0.0,0.0,0.0,0.0,0.0,0.0,0.0,0.0,0.0,0.0,0.0,0.0,0.0,0.0,0.0,0.0,0.0,0.0,0.0,0.0,0.0,0.0,0.0,0.0,0.0,0.0,0.0,0.0,0.0,0.0,0.0,0.0,0.0,0.0,0.0,0.0,0.0,0.0,0.0,0.0,0.0,0.0,0.0,0.0,0.0,0.0,0.0,0.0,0.0,0.0,0.0,0.0,0.0,0.0,0.0,0.0,0.0,0.0,0.0,0.0,0.0,0.0,0.0,0.0,0.0,0.0,0.0,0.0,0.0,0.0,0.0,0.0,0.0,0.0,0.0,0.0,0.0,0.0,0.0,0.0,0.9613612513030497,0.0,0.0,0.0,0.0,0.0,0.0,0.2752899280631868,0.0,0.0,0.0,0.0,0.0,0.0,0.0,0.0,0.0,0.0,0.0,0.0,0.0,0.0,0.0
974d0c7bdd7fb42b242d34e14f548dba464a9b45143ce7374beed1e6cff11e62,0.0,0.0,0.0,0.0,0.0,0.0,0.0,0.0,0.0,0.0,0.0,0.0,0.0,0.0,0.0,0.0,0.0,0.0,0.0,0.0,0.0,0.0,0.0,0.0,0.0,0.0,0.0,0.0,0.0,0.0,0.0,0.0,0.0,0.0,0.3348389823578099,0.0,0.0,0.0,0.0,0.0,0.0,0.0,0.0,0.0,0.0,0.0,0.0,0.0,0.0,0.0,0.0,0.0,0.0,0.0,0.0,0.0,0.0,0.0,0.0,0.0,0.2971307461211728,0.0,0.0,0.41512596420457853,0.0,0.0,0.0,0.3348389823578099,0.0,0.0,0.0,0.0,0.0,0.0,0.0,0.1944456028042668,0.0,0.0,0.0,0.1779025876404675,0.0,0.0,0.0,0.0,0.0,0.0,0.0,0.0,0.0,0.0,0.0,0.0,0.0,0.0,0.0,0.0,0.0,0.0,0.0,0.0,0.0,0.0,0.0,0.0,0.0,0.0,0.3275531275785389,0.0,0.0,0.0,0.0,0.0,0.0,0.0,0.0,0.0,0.0,0.23666106454963334,0.2599336831870781,0.0,0.27503866902409657,0.0,0.0,0.0,0.0,0.0,0.0,0.0,0.0,0.0,0.0,0.0,0.0,0.0,0.0,0.0,0.0,0.0,0.0,0.0,0.0,0.0,0.0,0.0,0.0,0.2116718705769255,0.0,0.0,0.0,0.0,0.0,0.0,0.0,0.0,0.3072047549001288,0.0,0.0,0.0,0.0,0.0,0.0
0975c1b6414bdf4f49f01ce71ee3203516aba6dae97968438370c78550428b37,0.0,0.0,0.0,0.0,0.0,0.0,0.0,0.0,0.0,0.0,0.0,0.0,0.0,0.0,0.0,0.0,0.0,0.0,0.0,0.0,0.0,0.0,0.0,0.0,0.0,0.0,0.42746983086483,0.0,0.0,0.0,0.0,0.0,0.0,0.0,0.33291966167964304,0.0,0.0,0.0,0.0,0.0,0.0,0.0,0.0,0.0,0.3949193017514988,0.0,0.0,0.0,0.0,0.0,0.0,0.0,0.0,0.0,0.0,0.0,0.0,0.0,0.39316589445623257,0.0,0.0,0.0,0.0,0.0,0.0,0.0,0.0,0.0,0.0,0.0,0.0,0.0,0.0,0.0,0.0,0.0,0.0,0.3289734294101398,0.0,0.17688283745262093,0.0,0.0,0.0,0.0,0.0,0.0,0.0,0.0,0.0,0.0,0.0,0.0,0.0,0.0,0.0,0.0,0.0,0.0,0.0,0.0,0.0,0.0,0.2727100162172639,0.0,0.0,0.0,0.0,0.0,0.0,0.0,0.0,0.0,0.0,0.0,0.0,0.0,0.0,0.0,0.0,0.22909044491870936,0.0,0.0,0.0,0.0,0.0,0.0,0.0,0.0,0.0,0.0,0.0,0.0,0.0,0.2919526065242666,0.0,0.0,0.0,0.0,0.0,0.0,0.0,0.0,0.0,0.0,0.0,0.21045855247601689,0.0,0.0,0.0,0.0,0.0,0.0,0.0,0.0,0.0,0.0,0.0,0.0,0.0,0.0,0.0
1164e122800fda5ad79d422710877fd9767d44a15e69f3c28e9563ff3e752157,0.0,0.22545930161823516,0.2655130717142685,0.0,0.0,0.0,0.0,0.0,0.0,0.0,0.0,0.0,0.0,0.0,0.0,0.0,0.0,0.0,0.0,0.0,0.0,0.0,0.0,0.0,0.0,0.0,0.0,0.0,0.0,0.0,0.0,0.0,0.0,0.0,0.0,0.0,0.0,0.0,0.0,0.0,0.0,0.0,0.0,0.0,0.0,0.31999325504309384,0.0,0.0,0.0,0.0,0.2496306298555171,0.0,0.0,0.0,0.0,0.0,0.0,0.0,0.0,0.0,0.15296370732645828,0.0,0.0,0.2137079629797293,0.2035697360992854,0.0,0.0,0.1723760087688195,0.0,0.0,0.0,0.0,0.0,0.0,0.0,0.1001011193440718,0.0,0.0,0.0,0.09158473064029021,0.0,0.0,0.0,0.0,0.3317624333161175,0.0,0.0,0.0,0.0,0.0,0.0,0.0,0.0,0.0,0.0,0.0,0.0,0.0,0.0,0.0,0.0,0.0,0.0,0.0,0.0,0.0,0.0,0.0,0.0,0.0,0.0,0.0,0.0,0.0,0.2116667332825019,0.0,0.0,0.12183375260187726,0.13381455927520156,0.0,0.1415906466135403,0.3268279462662089,0.23112938510707456,0.0,0.0,0.0,0.0,0.0,0.0,0.0,0.0,0.0,0.0,0.0,0.0,0.0,0.0,0.0,0.0,0.0,0.0,0.0,0.0,0.0,0.31576411064463555,0.10896924832870941,0.22545930161823516,0.0,0.0,0.0,0.0,0.0,0.0,0.0,0.15814983414296743,0.0,0.0,0.0,0.0,0.0,0.0
1398be5280bdfc67179822e32d2d39e3e36afac05f88f3267cc7a1a63a3bdb68,0.0,0.0,0.2708726138150276,0.0,0.2988663610972367,0.0,0.0,0.0,0.0,0.0,0.0,0.0,0.1075409540479967,0.0,0.0,0.0,0.0,0.0,0.0,0.0,0.0,0.0,0.0,0.0,0.0,0.0,0.0,0.0,0.0,0.0,0.0,0.0,0.0,0.0,0.0,0.37877362850134155,0.0,0.0,0.0,0.0,0.0,0.0,0.19696928330641184,0.0,0.0,0.0,0.0,0.0,0.0,0.0,0.2546695752517326,0.0,0.0,0.0,0.0,0.0,0.0,0.0,0.0,0.0,0.15605137236686947,0.0,0.0,0.0,0.0,0.0,0.0,0.0,0.0,0.0,0.0,0.0,0.0,0.0,0.0,0.0,0.0,0.0,0.0,0.09343342387593453,0.0,0.0,0.0,0.0,0.0,0.0,0.0,0.0,0.0,0.0,0.0,0.0,0.0,0.0,0.0,0.0,0.0,0.0,0.0,0.13148737845843822,0.0,0.0,0.0,0.0,0.0,0.0,0.17202903351121407,0.0,0.0,0.0,0.0,0.0,0.0,0.0,0.2159393544421054,0.24577890956149182,0.0,0.12429304065932521,0.13651568716882845,0.12101063593436293,0.0,0.0,0.23579487167692978,0.0,0.16976718894809018,0.0,0.19499832500301273,0.0,0.0,0.0,0.0,0.0,0.0,0.1542158189562757,0.0,0.0,0.0,0.0,0.0,0.0,0.0,0.0,0.0,0.1659650622366433,0.0,0.0,0.0,0.24889206889177454,0.0,0.0,0.0,0.0,0.0,0.0,0.16134218429297983,0.0,0.0,0.2848477968192121,0.0,0.0,0.0
1554f71a718baea1c04d9d1cc8c84d8aba5adfbce37566d397b57fc3c8378806,0.0,0.0,0.0,0.0,0.0,0.0,0.0,0.0,0.0,0.0,0.0,0.0,0.0,0.0,0.0,0.0,0.0,0.0,0.0,0.0,0.0,0.0,0.0,0.0,0.0,0.0,0.0,0.0,0.0,0.0,0.0,0.0,0.0,0.0,0.3467582886555867,0.0,0.0,0.0,0.0,0.0,0.0,0.0,0.0,0.0,0.0,0.0,0.0,0.0,0.0,0.0,0.0,0.0,0.0,0.0,0.0,0.0,0.0,0.0,0.0,0.0,0.30770774748632646,0.0,0.0,0.42990325651586275,0.0,0.0,0.0,0.3467582886555867,0.0,0.0,0.0,0.0,0.0,0.0,0.0,0.20136730792282806,0.0,0.0,0.0,0.18423540892167625,0.0,0.0,0.0,0.0,0.0,0.0,0.0,0.0,0.0,0.0,0.0,0.0,0.0,0.0,0.0,0.0,0.0,0.0,0.0,0.0,0.0,0.0,0.0,0.0,0.0,0.0,0.33921307836715797,0.0,0.0,0.0,0.0,0.0,0.0,0.0,0.0,0.0,0.0,0.24508551888664556,0.0,0.0,0.28482925588093955,0.0,0.0,0.0,0.0,0.0,0.0,0.0,0.0,0.0,0.0,0.0,0.0,0.0,0.0,0.0,0.0,0.0,0.0,0.0,0.0,0.0,0.0,0.0,0.0,0.21920678136378746,0.0,0.0,0.0,0.0,0.0,0.0,0.0,0.0,0.31814036205077767,0.0,0.0,0.0,0.0,0.0,0.0
1602d04000a8c7221ed0d97d79f3157303e209d4640d31b8566dd52c2b09d033,0.0,0.20510932975491608,0.24154784384410566,0.0,0.0,0.0,0.0,0.0,0.0,0.0,0.0,0.0,0.09589853034375129,0.0,0.0,0.0,0.0,0.0,0.0,0.0,0.0,0.1402008035795724,0.0,0.0,0.0,0.0,0.0,0.0,0.0,0.0,0.0,0.0,0.0,0.0,0.15681733852022414,0.33776745452748136,0.0,0.0,0.0,0.0,0.0,0.0,0.0,0.0,0.0,0.0,0.0,0.0,0.0,0.0,0.22709895226527868,0.0,0.0,0.0,0.0,0.0,0.0,0.0,0.0,0.3268280531745167,0.13915719272333382,0.0,0.0,0.0,0.0,0.0,0.0,0.0,0.0,0.0,0.0,0.0,0.0,0.0,0.0,0.0,0.0,0.0,0.0,0.08331828663792477,0.0,0.0,0.0,0.0,0.0,0.0,0.0,0.0,0.0,0.0,0.0,0.0,0.0,0.0,0.0,0.0,0.0,0.0,0.0,0.0,0.0,0.0,0.12845639309867612,0.0,0.0,0.0,0.0,0.0,0.3145557062471163,0.0,0.0,0.0,0.0,0.0,0.19256167957310466,0.0,0.0,0.11083702982461548,0.0,0.0,0.12881066524211898,0.29732843365827233,0.21026763112329133,0.2872632205906739,0.0,0.0,0.0,0.0,0.26651097762828324,0.0,0.0,0.0,0.0,0.0,0.0,0.0,0.0,0.0,0.0,0.0,0.0,0.0,0.0,0.0,0.0,0.09913367658010556,0.0,0.22194692089382206,0.0,0.0,0.0,0.0,0.0,0.0,0.14387521938146378,0.0,0.0,0.0,0.0,0.0,0.0
1791e9d01451f953e74249019654609cd33c2ab66e97f2ed7a609e99f9ce8320,0.0,0.22295297426702154,0.2625614850244941,0.0,0.0,0.0,0.0,0.0,0.0,0.0,0.0,0.0,0.0,0.0,0.0,0.0,0.0,0.0,0.0,0.0,0.0,0.0,0.0,0.0,0.0,0.0,0.0,0.0,0.0,0.0,0.0,0.0,0.0,0.0,0.17045978396740555,0.0,0.0,0.0,0.0,0.0,0.0,0.0,0.0,0.0,0.0,0.3164360372145901,0.0,0.0,0.0,0.0,0.2468556009664142,0.0,0.0,0.0,0.0,0.0,0.0,0.0,0.0,0.0,0.15126328015107166,0.0,0.0,0.21133226985487788,0.2013067449793674,0.0,0.0,0.17045978396740555,0.0,0.0,0.0,0.0,0.0,0.0,0.0,0.09898834124399605,0.0,0.0,0.0,0.09056662531613745,0.0,0.0,0.0,0.0,0.0,0.3063973916769268,0.0,0.0,0.0,0.0,0.0,0.0,0.0,0.0,0.0,0.0,0.0,0.0,0.0,0.0,0.0,0.0,0.0,0.0,0.0,0.0,0.0,0.0,0.0,0.0,0.0,0.0,0.0,0.0,0.20931373156928687,0.0,0.0,0.12047938281426863,0.13232700437063644,0.11729769143949553,0.1400166485228142,0.0,0.22856002604579292,0.3122539062691232,0.0,0.0,0.0,0.0,0.0,0.0,0.0,0.0,0.0,0.0,0.0,0.0,0.0,0.0,0.0,0.0,0.0,0.0,0.0,0.0,0.3122539062691232,0.10775788731779894,0.22295297426702154,0.0,0.0,0.0,0.0,0.0,0.0,0.0,0.15639175518123274,0.0,0.0,0.0,0.0,0.0,0.0
8a74737cd563828a070e74b5fa4af0eefc7a98cf8b52fcc0ee5db3c83a2d9cb0,0.0,0.0,0.0,0.0,0.0,0.0,0.0,0.0,0.0,0.0,0.2148940859232609,0.0,0.1399119939529831,0.0,0.0,0.0,0.0,0.0,0.0,0.0,0.0,0.20454718036152533,0.0,0.0,0.0,0.0,0.0,0.0,0.0,0.0,0.0,0.0,0.0,0.0,0.0,0.0,0.0,0.0,0.0,0.0,0.0,0.0,0.0,0.24224071912363823,0.0,0.0,0.0,0.0,0.3444414094544019,0.34068790391168097,0.0,0.0,0.0,0.0,0.0,0.0,0.0,0.0,0.0,0.0,0.0,0.0,0.0,0.0,0.0,0.0,0.0,0.0,0.0,0.0,0.0,0.0,0.0,0.0,0.0,0.13286151069928728,0.2836488042891772,0.2260780771476207,0.0,0.12155793810887972,0.0,0.0,0.0,0.0,0.0,0.0,0.0,0.0,0.0,0.0,0.0,0.0,0.0,0.0,0.0,0.0,0.0,0.0,0.0,0.17106656215417224,0.0,0.0,0.0,0.0,0.0,0.0,0.0,0.0,0.0,0.0,0.0,0.0,0.0,0.0,0.0,0.0,0.17462187434331763,0.0,0.0,0.15743620198439756,0.0,0.0,0.0,0.0,0.22086902728163585,0.0,0.0,0.0,0.0,0.0,0.0,0.0,0.0,0.20063651954989065,0.0,0.0,0.0,0.4403393126119058,0.0,0.0,0.0,0.0,0.0,0.21592241755355954,0.0,0.14463193865949037,0.0,0.0,0.0,0.0,0.0,0.0,0.0,0.0,0.0,0.0,0.0,0.0,0.0,0.0,0.0
00b4eedbb85d52ce1a691501cbbf4587c49c93906611268a75ac547337c5919a,0.0,0.0,0.0,0.0,0.0,0.0,0.0,0.0,0.0,0.0,0.0,0.0,0.0,0.0,0.0,0.0,0.0,0.0,0.0,0.0,0.0,0.0,0.0,0.0,0.0,0.0,0.0,0.0,0.0,0.0,0.0,0.0,0.0,0.0,0.3467582886555867,0.0,0.0,0.0,0.0,0.0,0.0,0.0,0.0,0.0,0.0,0.0,0.0,0.0,0.0,0.0,0.0,0.0,0.0,0.0,0.0,0.0,0.0,0.0,0.0,0.0,0.30770774748632646,0.0,0.0,0.42990325651586275,0.0,0.0,0.0,0.3467582886555867,0.0,0.0,0.0,0.0,0.0,0.0,0.0,0.20136730792282806,0.0,0.0,0.0,0.18423540892167625,0.0,0.0,0.0,0.0,0.0,0.0,0.0,0.0,0.0,0.0,0.0,0.0,0.0,0.0,0.0,0.0,0.0,0.0,0.0,0.0,0.0,0.0,0.0,0.0,0.0,0.0,0.33921307836715797,0.0,0.0,0.0,0.0,0.0,0.0,0.0,0.0,0.0,0.0,0.24508551888664556,0.0,0.0,0.28482925588093955,0.0,0.0,0.0,0.0,0.0,0.0,0.0,0.0,0.0,0.0,0.0,0.0,0.0,0.0,0.0,0.0,0.0,0.0,0.0,0.0,0.0,0.0,0.0,0.0,0.21920678136378746,0.0,0.0,0.0,0.0,0.0,0.0,0.0,0.0,0.31814036205077767,0.0,0.0,0.0,0.0,0.0,0.0
4098b54c9d27b00ce34d04ffac24213ed28993a2854827851b157d63407c2e4e,0.0,0.0,0.0,0.0,0.0,0.0,0.0,0.0,0.0,0.0,0.0,0.0,0.0,0.0,0.0,0.0,0.0,0.0,0.0,0.5012793369340164,0.0,0.0,0.0,0.0,0.0,0.0,0.0,0.0,0.0,0.0,0.0,0.0,0.0,0.0,0.2521080698447809,0.0,0.0,0.0,0.0,0.0,0.0,0.0,0.0,0.0,0.0,0.0,0.0,0.0,0.0,0.0,0.0,0.0,0.0,0.0,0.0,0.0,0.0,0.0,0.0,0.0,0.0,0.0,0.0,0.0,0.0,0.0,0.0,0.0,0.0,0.0,0.0,0.0,0.0,0.0,0.0,0.14640262393464182,0.0,0.0,0.0,0.0,0.0,0.0,0.0,0.0,0.0,0.0,0.0,0.0,0.0,0.0,0.0,0.0,0.0,0.0,0.0,0.0,0.0,0.0,0.0,0.18850149629514681,0.0,0.0,0.20651347375821652,0.5720431436496397,0.0,0.0,0.0,0.0,0.0,0.0,0.0,0.0,0.0,0.0,0.0,0.0,0.1924191623720876,0.0,0.0,0.0,0.0,0.0,0.0,0.0,0.0,0.0,0.0,0.0,0.0,0.0,0.0,0.0,0.0,0.0,0.0,0.0,0.0,0.0,0.0,0.0,0.0,0.0,0.0,0.0,0.0,0.15937268222419165,0.0,0.0,0.0,0.0,0.0,0.4425924153825027,0.0,0.0,0.0,0.0,0.0,0.0,0.0,0.0,0.0
4263eacd358d5ef9efacff1f63ff79487639136c0268938755a4bfe3f5797167,0.0,0.19512998949970034,0.22979563284271276,0.0,0.0,0.0,0.0,0.0,0.0,0.0,0.0,0.0,0.09123270619319244,0.0,0.0,0.0,0.0,0.17857179257891687,0.0,0.0,0.0,0.13337950722680772,0.0,0.0,0.0,0.0,0.0,0.0,0.0,0.0,0.0,0.0,0.0,0.0,0.0,0.0,0.0,0.0,0.0,0.0,0.0,0.0,0.1670995102475782,0.0,0.0,0.2769470145980602,0.0,0.19057210321447496,0.0,0.0,0.21604973417770462,0.0,0.26190868758181385,0.0,0.0,0.0,0.0,0.0,0.0,0.0,0.13238667196347312,0.0,0.0,0.18495946839597663,0.17618505948701815,0.0,0.0,0.0,0.0,0.0,0.0,0.28938010402705616,0.0,0.0,0.0,0.08663528284848185,0.0,0.0,0.0,0.07926453865466651,0.0,0.0,0.0,0.0,0.2871329755069778,0.2681611223945795,0.0,0.0,0.0,0.0,0.0,0.0,0.0,0.0,0.0,0.0,0.0,0.0,0.0,0.0,0.0,0.0,0.0,0.0,0.0,0.0,0.14594137098711946,0.0,0.0,0.0,0.0,0.0,0.0,0.0,0.18319282968767042,0.0,0.11386605041324833,0.1054443914945162,0.11581351205678193,0.10265975313482695,0.12254354195480795,0.0,0.20003732010747943,0.2732867845869639,0.0,0.0,0.0,0.0,0.0,0.0,0.0,0.0,0.0,0.0,0.0,0.0,0.0,0.0,0.0,0.0,0.0,0.0,0.0,0.0,0.0,0.09431045039860773,0.0,0.0,0.0,0.0,0.0,0.0,0.0,0.0,0.13687514888141855,0.0,0.0,0.0,0.0,0.0,0.0
04419b76566142902680b2c44b216905b44a5743502530066e408bac72d20864,0.0,0.0,0.0,0.0,0.0,0.0,0.0,0.0,0.0,0.0,0.0,0.0,0.0,0.0,0.0,0.0,0.0,0.0,0.0,0.0,0.0,0.0,0.0,0.0,0.0,0.0,0.0,0.0,0.0,0.0,0.0,0.0,0.0,0.0,0.0,0.0,0.0,0.0,0.0,0.0,0.0,0.0,0.0,0.0,0.0,0.0,0.0,0.0,0.0,0.0,0.0,0.0,0.0,0.0,0.0,0.0,0.0,0.0,0.0,0.0,0.0,0.0,0.0,0.0,0.0,0.0,0.0,0.4484379824373487,0.0,0.0,0.0,0.0,0.0,0.0,0.0,0.0,0.0,0.0,0.0,0.23825863079055581,0.0,0.0,0.0,0.0,0.0,0.0,0.0,0.0,0.0,0.0,0.0,0.0,0.0,0.0,0.0,0.0,0.0,0.0,0.0,0.0,0.0,0.0,0.3673364584294371,0.0,0.0,0.0,0.0,0.0,0.0,0.0,0.0,0.0,0.0,0.0,0.0,0.0,0.0,0.3169517765249455,0.34811996988857624,0.30858152503433944,0.36834954210206167,0.0,0.0,0.0,0.0,0.0,0.0,0.0,0.0,0.0,0.0,0.0,0.0,0.39325595002871744,0.0,0.0,0.0,0.0,0.0,0.0,0.0,0.0,0.0,0.0,0.0,0.0,0.0,0.0,0.0,0.0,0.0,0.0,0.0,0.0,0.0,0.0,0.0,0.0,0.0,0.0,0.0
4842ddfa8eec84cc885044bded5a33918037b52d6a294398502a1330aa6b652a,0.0,0.0,0.0,0.0,0.0,0.0,0.0,0.0,0.0,0.0,0.0,0.0,0.0,0.0,0.0,0.0,0.0,0.0,0.0,0.0,0.0,0.0,0.0,0.0,0.0,0.0,0.0,0.0,0.0,0.0,0.0,0.0,0.0,0.0,0.3467582886555867,0.0,0.0,0.0,0.0,0.0,0.0,0.0,0.0,0.0,0.0,0.0,0.0,0.0,0.0,0.0,0.0,0.0,0.0,0.0,0.0,0.0,0.0,0.0,0.0,0.0,0.30770774748632646,0.0,0.0,0.42990325651586275,0.0,0.0,0.0,0.3467582886555867,0.0,0.0,0.0,0.0,0.0,0.0,0.0,0.20136730792282806,0.0,0.0,0.0,0.18423540892167625,0.0,0.0,0.0,0.0,0.0,0.0,0.0,0.0,0.0,0.0,0.0,0.0,0.0,0.0,0.0,0.0,0.0,0.0,0.0,0.0,0.0,0.0,0.0,0.0,0.0,0.0,0.33921307836715797,0.0,0.0,0.0,0.0,0.0,0.0,0.0,0.0,0.0,0.0,0.24508551888664556,0.0,0.0,0.28482925588093955,0.0,0.0,0.0,0.0,0.0,0.0,0.0,0.0,0.0,0.0,0.0,0.0,0.0,0.0,0.0,0.0,0.0,0.0,0.0,0.0,0.0,0.0,0.0,0.0,0.21920678136378746,0.0,0.0,0.0,0.0,0.0,0.0,0.0,0.0,0.31814036205077767,0.0,0.0,0.0,0.0,0.0,0.0
5031cc5f35470eba6a19978c0ecbd6b71ba5a5287087331c6ae1054137b629ea,0.0,0.0,0.0,0.0,0.0,0.0,0.0,0.0,0.0,0.0,0.0,0.0,0.0,0.0,0.0,0.0,0.0,0.0,0.0,0.0,0.0,0.0,0.0,0.0,0.0,0.0,0.0,0.0,0.0,0.0,0.0,0.0,0.0,0.0,0.0,0.0,0.0,0.0,0.0,0.0,0.0,0.0,0.0,0.0,0.0,0.0,0.0,0.0,0.0,0.0,0.0,0.0,0.0,0.0,0.0,0.0,0.0,0.0,0.0,0.0,0.2844553861587895,0.0,0.0,0.3974170226200593,0.0,0.0,0.0,0.3205550191994079,0.0,0.0,0.0,0.0,0.0,0.0,0.0,0.18615070892061072,0.0,0.0,0.0,0.17031340555137212,0.0,0.0,0.0,0.0,0.0,0.0,0.0,0.0,0.0,0.0,0.0,0.0,0.0,0.0,0.0,0.0,0.0,0.0,0.0,0.23967935973335053,0.0,0.0,0.26258156109901276,0.0,0.0,0.0,0.31357997315725505,0.0,0.0,0.0,0.0,0.0,0.0,0.0,0.0,0.0,0.2446606660647338,0.22656529283496843,0.2488451201765014,0.0,0.26330573939979746,0.0,0.0,0.0,0.0,0.0,0.0,0.0,0.0,0.0,0.0,0.0,0.0,0.0,0.0,0.0,0.0,0.0,0.0,0.0,0.0,0.0,0.0,0.0,0.0,0.2026421178889308,0.0,0.0,0.0,0.0,0.0,0.0,0.0,0.0,0.29409964578117254,0.0,0.0,0.0,0.0,0.0,0.0
5837daaf4f7cf7280ec0a749e161015c1de39b35fa26710ce7bb22e352725ed4,0.0,0.0,0.2814206583850751,0.0,0.3105045095720555,0.0,0.0,0.0,0.0,0.0,0.0,0.0,0.11172870400332557,0.0,0.0,0.0,0.0,0.0,0.0,0.0,0.0,0.0,0.0,0.0,0.0,0.0,0.0,0.0,0.0,0.0,0.0,0.0,0.0,0.0,0.0,0.0,0.0,0.0,0.0,0.0,0.0,0.0,0.0,0.0,0.0,0.0,0.0,0.0,0.0,0.0,0.2645866576490868,0.0,0.0,0.0,0.0,0.0,0.0,0.0,0.0,0.0,0.1621281654680977,0.0,0.0,0.0,0.0,0.0,0.0,0.18270350896213802,0.0,0.0,0.0,0.0,0.0,0.0,0.0,0.0,0.0,0.0,0.0,0.09707181280530965,0.0,0.0,0.0,0.0,0.0,0.0,0.0,0.0,0.0,0.0,0.0,0.0,0.0,0.0,0.0,0.0,0.0,0.0,0.0,0.1366076256065143,0.0,0.0,0.0,0.0,0.0,0.0,0.17872801236796038,0.0,0.0,0.0,0.0,0.0,0.0,0.0,0.22434824415229968,0.25534978073934606,0.0,0.12913313325545814,0.0,0.1257229084794091,0.0,0.0,0.2449769546524177,0.0,0.1763780893648409,0.0,0.2025917505407489,0.0,0.0,0.0,0.0,0.0,0.0,0.0,0.0,0.0,0.0,0.0,0.0,0.0,0.3602029091259498,0.0,0.0,0.17242790411972223,0.0,0.0,0.0,0.25858416953947805,0.0,0.0,0.0,0.0,0.0,0.0,0.16762500678648343,0.0,0.0,0.2959400486870241,0.0,0.0,0.0
5997f7c46d8860cb07a00edf9e093e21a2416cc508c51dbd3838628d9b46b0d5,0.0,0.0,0.0,0.0,0.36405198932671673,0.0,0.0,0.0,0.0,0.0,0.0,0.0,0.13099667059060066,0.0,0.0,0.0,0.0,0.0,0.0,0.0,0.0,0.0,0.0,0.0,0.0,0.0,0.0,0.0,0.0,0.0,0.0,0.0,0.0,0.0,0.0,0.0,0.0,0.0,0.0,0.0,0.0,0.0,0.0,0.0,0.0,0.0,0.0,0.0,0.0,0.0,0.31021545934779493,0.0,0.0,0.0,0.0,0.0,0.0,0.0,0.0,0.0,0.19008767777929872,0.0,0.0,0.0,0.0,0.0,0.0,0.0,0.0,0.0,0.0,0.0,0.0,0.0,0.0,0.0,0.0,0.0,0.0,0.1138121523839667,0.0,0.0,0.0,0.0,0.0,0.0,0.0,0.0,0.0,0.0,0.0,0.0,0.0,0.0,0.0,0.0,0.0,0.0,0.0,0.16016604051191727,0.0,0.0,0.0,0.0,0.0,0.0,0.20955022051255187,0.0,0.0,0.0,0.0,0.0,0.0,0.0,0.0,0.29938565394885985,0.0,0.1514025484345893,0.16629107172066826,0.14740421966479791,0.0,0.0,0.28722400136258713,0.0,0.2067950458929326,0.0,0.23752933542637092,0.0,0.0,0.0,0.0,0.0,0.0,0.0,0.0,0.0,0.0,0.0,0.0,0.0,0.0,0.0,0.0,0.2021636387720618,0.0,0.0,0.0,0.30317782327537607,0.0,0.0,0.0,0.0,0.0,0.0,0.1965324666802059,0.0,0.0,0.3469758413313962,0.0,0.0,0.0
6375e7e4c7cdc3f96afd991c4dfedd5cdfe4b31bf0662dccfa703c117e951f71,0.0,0.0,0.0,0.0,0.0,0.2110290165080689,0.0,0.0,0.0,0.3163577312532253,0.0,0.0,0.07632392393165983,0.25750280845793705,0.0,0.0,0.0,0.0,0.0,0.0,0.0,0.0,0.0,0.26286448544554636,0.2720708576189642,0.0,0.0,0.0,0.0,0.0,0.0,0.0,0.0,0.0,0.0,0.0,0.0,0.0,0.0,0.0,0.0,0.0,0.1397929628673606,0.13214565597397046,0.0,0.0,0.0,0.0,0.0,0.0,0.0,0.0,0.0,0.0,0.0,0.0,0.23493753568326586,0.0,0.0,0.0,0.0,0.0,0.0,0.0,0.0,0.0,0.0,0.0,0.0,0.0,0.0,0.0,0.0,0.0,0.0,0.07247778799768584,0.15473433799498676,0.12332871168021135,0.0,0.06631153312438183,0.0,0.0,0.0,0.0,0.0,0.0,0.0,0.0,0.0,0.0,0.0,0.0,0.0,0.0,0.0,0.0,0.0,0.0,0.3834708234260593,0.09331917091749245,0.0,0.0,0.10223614418547336,0.0,0.0,0.0,0.0,0.0,0.0,0.0,0.0,0.0,0.0,0.0,0.0,0.0,0.0952586427912821,0.0,0.09688786021278586,0.0,0.0,0.0,0.0,0.0,0.1204871030768685,0.0,0.13839413510957474,0.0,0.2121113171446929,0.0,0.0,0.0,0.0,0.10944999083627409,0.0,0.0,0.0,0.0,0.2755283191074742,0.0,0.0,0.0,0.14739379811563155,0.0,0.0,0.07889871891930156,0.0,0.0,0.0,0.34633750149036097,0.0,0.0,0.0,0.0,0.0,0.0,0.0,0.0,0.0,0.0,0.0
0b6e1343a2731908678ff352ac759a147f11a86d3f2481dc21386e919a976103,0.0,0.0,0.0,0.0,0.0,0.0,0.0,0.0,0.0,0.0,0.0,0.0,0.0,0.0,0.0,0.0,0.0,0.0,0.0,0.0,0.0,0.0,0.0,0.0,0.0,0.0,0.0,0.0,0.0,0.0,0.0,0.0,0.0,0.0,0.0,0.0,0.0,0.0,0.0,0.0,0.0,0.0,0.0,0.0,0.0,0.0,0.0,0.0,0.0,0.0,0.0,0.0,0.0,0.0,0.0,0.0,0.0,0.0,0.0,0.0,0.2844553861587895,0.0,0.0,0.3974170226200593,0.0,0.0,0.0,0.3205550191994079,0.0,0.0,0.0,0.0,0.0,0.0,0.0,0.18615070892061072,0.0,0.0,0.0,0.17031340555137212,0.0,0.0,0.0,0.0,0.0,0.0,0.0,0.0,0.0,0.0,0.0,0.0,0.0,0.0,0.0,0.0,0.0,0.0,0.0,0.23967935973335053,0.0,0.0,0.26258156109901276,0.0,0.0,0.0,0.31357997315725505,0.0,0.0,0.0,0.0,0.0,0.0,0.0,0.0,0.0,0.2446606660647338,0.22656529283496843,0.2488451201765014,0.0,0.26330573939979746,0.0,0.0,0.0,0.0,0.0,0.0,0.0,0.0,0.0,0.0,0.0,0.0,0.0,0.0,0.0,0.0,0.0,0.0,0.0,0.0,0.0,0.0,0.0,0.0,0.2026421178889308,0.0,0.0,0.0,0.0,0.0,0.0,0.0,0.0,0.29409964578117254,0.0,0.0,0.0,0.0,0.0,0.0
8a492973b12f84f49c52216d8c29755597f0b92a02311286b1f75ef5c265c30d,0.0,0.0,0.0,0.0,0.0,0.0,0.0,0.0,0.0,0.0,0.30954205078965275,0.0,0.20153484146483902,0.0,0.0,0.0,0.0,0.0,0.0,0.0,0.0,0.29463795348447974,0.0,0.0,0.0,0.0,0.0,0.0,0.0,0.0,0.0,0.0,0.0,0.0,0.0,0.0,0.0,0.0,0.0,0.0,0.0,0.0,0.0,0.0,0.0,0.0,0.0,0.0,0.0,0.0,0.0,0.0,0.0,0.0,0.0,0.0,0.0,0.0,0.3891962599136285,0.0,0.0,0.0,0.0,0.0,0.0,0.0,0.0,0.0,0.0,0.0,0.0,0.0,0.0,0.0,0.0,0.19137904291863586,0.0,0.0,0.0,0.1750969240978604,0.0,0.0,0.0,0.0,0.0,0.0,0.0,0.0,0.0,0.0,0.0,0.0,0.0,0.0,0.0,0.0,0.0,0.0,0.0,0.0,0.0,0.0,0.0,0.0,0.4591750454083161,0.0,0.0,0.0,0.0,0.0,0.0,0.0,0.0,0.0,0.0,0.0,0.0,0.0,0.2558343248354873,0.22677741279574865,0.0,0.0,0.0,0.0,0.0,0.0,0.3654324704786585,0.0,0.0,0.0,0.0,0.0,0.0,0.0,0.0,0.0,0.0,0.0,0.0,0.0,0.0,0.0,0.0,0.3110233008685785,0.0,0.0,0.0,0.0,0.0,0.0,0.0,0.0,0.0,0.0,0.0,0.0,0.0,0.0,0.0,0.0,0.0
6931b124d38d52bd7cdef48121fda457d407b63b59bb4e6ead4ce548f4bbb971,0.0,0.0,0.0,0.0,0.0,0.0,0.0,0.0,0.0,0.0,0.0,0.0,0.0,0.0,0.0,0.0,0.0,0.0,0.0,0.0,0.0,0.0,0.0,0.0,0.0,0.0,0.0,0.0,0.0,0.0,0.0,0.0,0.0,0.0,0.0,0.0,0.0,0.0,0.0,0.0,0.0,0.0,0.0,0.0,0.0,0.0,0.0,0.0,0.0,0.0,0.0,0.0,0.0,0.0,0.0,0.0,0.0,0.0,0.0,0.0,0.0,0.0,0.0,0.0,0.0,0.0,0.0,0.0,0.0,0.0,0.0,0.0,0.0,0.0,0.0,0.0,0.0,0.0,0.0,0.0,0.0,0.0,0.0,0.0,0.0,0.0,0.0,0.0,0.0,0.0,0.0,0.0,0.0,0.0,0.0,0.0,0.0,0.0,0.0,0.28088852775832207,0.0,0.0,0.30772840930332596,0.0,0.0,0.0,0.0,0.0,0.0,0.0,0.0,0.0,0.0,0.0,0.0,0.0,0.28672629285954765,0.0,0.0,0.0,0.0,0.0,0.0,0.0,0.0,0.0,0.0,0.0,0.0,0.0,0.0,0.0,0.0,0.0,0.0,0.0,0.0,0.0,0.8293338137160464,0.0,0.0,0.0,0.0,0.0,0.0,0.23748330360601308,0.0,0.0,0.0,0.0,0.0,0.0,0.0,0.0,0.0,0.0,0.0,0.0,0.0,0.0,0.0
7655c5d4d4a19b39ca249667b74f03b81c41fe6177d8eed50320e553be264da9,0.0,0.0,0.0,0.0,0.0,0.0,0.0,0.0,0.0,0.0,0.0,0.0,0.0,0.0,0.0,0.0,0.0,0.0,0.0,0.0,0.0,0.0,0.0,0.0,0.0,0.0,0.0,0.0,0.0,0.0,0.0,0.0,0.0,0.0,0.3467582886555867,0.0,0.0,0.0,0.0,0.0,0.0,0.0,0.0,0.0,0.0,0.0,0.0,0.0,0.0,0.0,0.0,0.0,0.0,0.0,0.0,0.0,0.0,0.0,0.0,0.0,0.30770774748632646,0.0,0.0,0.42990325651586275,0.0,0.0,0.0,0.3467582886555867,0.0,0.0,0.0,0.0,0.0,0.0,0.0,0.20136730792282806,0.0,0.0,0.0,0.18423540892167625,0.0,0.0,0.0,0.0,0.0,0.0,0.0,0.0,0.0,0.0,0.0,0.0,0.0,0.0,0.0,0.0,0.0,0.0,0.0,0.0,0.0,0.0,0.0,0.0,0.0,0.0,0.33921307836715797,0.0,0.0,0.0,0.0,0.0,0.0,0.0,0.0,0.0,0.0,0.24508551888664556,0.0,0.0,0.28482925588093955,0.0,0.0,0.0,0.0,0.0,0.0,0.0,0.0,0.0,0.0,0.0,0.0,0.0,0.0,0.0,0.0,0.0,0.0,0.0,0.0,0.0,0.0,0.0,0.0,0.21920678136378746,0.0,0.0,0.0,0.0,0.0,0.0,0.0,0.0,0.31814036205077767,0.0,0.0,0.0,0.0,0.0,0.0
8710ad8fb2938326655335455987aa17961b2496a345a7ed9f4bbfcb278212bc,0.0,0.0,0.0,0.0,0.0,0.0,0.0,0.0,0.0,0.0,0.0,0.0,0.0,0.0,0.0,0.0,0.0,0.42753431720272733,0.0,0.0,0.0,0.0,0.0,0.0,0.0,0.0,0.0,0.0,0.0,0.0,0.0,0.0,0.0,0.0,0.0,0.0,0.0,0.0,0.0,0.0,0.0,0.0,0.4000675245897887,0.0,0.0,0.0,0.0,0.0,0.0,0.0,0.0,0.0,0.0,0.0,0.0,0.0,0.0,0.0,0.0,0.0,0.31695848816453775,0.0,0.0,0.0,0.0,0.0,0.0,0.0,0.0,0.0,0.0,0.0,0.0,0.0,0.0,0.0,0.0,0.0,0.0,0.18977415146423895,0.0,0.0,0.0,0.0,0.0,0.0,0.0,0.0,0.0,0.0,0.0,0.0,0.0,0.0,0.0,0.0,0.0,0.0,0.0,0.2670661594114441,0.0,0.0,0.29258526530191215,0.0,0.0,0.0,0.3494109763670184,0.0,0.0,0.0,0.0,0.0,0.0,0.0,0.0,0.0,0.0,0.2524536225425536,0.0,0.0,0.0,0.0,0.0,0.0,0.0,0.0,0.0,0.0,0.0,0.0,0.0,0.0,0.0,0.0,0.0,0.0,0.0,0.0,0.0,0.0,0.0,0.0,0.4218200311553432,0.0,0.0,0.0,0.0,0.0,0.0,0.0,0.0,0.0,0.0,0.0,0.0,0.0,0.0,0.0,0.0,0.0,0.0
9704a4959ec0edb5b82732944be3665e80ed974dec17ab401545ee21069da08d,0.0,0.0,0.0,0.0,0.0,0.0,0.0,0.0,0.0,0.0,0.0,0.0,0.0,0.0,0.0,0.0,0.0,0.5254573204434756,0.0,0.0,0.0,0.0,0.0,0.0,0.0,0.0,0.0,0.0,0.0,0.0,0.0,0.0,0.0,0.0,0.0,0.0,0.0,0.0,0.0,0.0,0.0,0.0,0.0,0.0,0.0,0.0,0.0,0.0,0.0,0.0,0.0,0.0,0.0,0.0,0.0,0.0,0.0,0.0,0.0,0.0,0.3895550630238172,0.0,0.0,0.0,0.0,0.0,0.0,0.0,0.0,0.0,0.0,0.0,0.0,0.0,0.0,0.0,0.0,0.0,0.0,0.23324026424421293,0.0,0.0,0.0,0.0,0.0,0.0,0.0,0.0,0.0,0.0,0.0,0.0,0.0,0.0,0.0,0.0,0.0,0.0,0.0,0.3282353318995098,0.0,0.0,0.35959936622791744,0.0,0.0,0.0,0.4294405103585936,0.0,0.0,0.0,0.0,0.0,0.0,0.0,0.0,0.0,0.0,0.3102759210193586,0.0,0.0,0.0,0.0,0.0,0.0,0.0,0.0,0.0,0.0,0.0,0.0,0.0,0.0,0.0,0.0,0.0,0.0,0.0,0.0,0.0,0.0,0.0,0.0,0.0,0.0,0.0,0.0,0.0,0.0,0.0,0.0,0.0,0.0,0.0,0.0,0.0,0.0,0.0,0.0,0.0,0.0,0.0
9706a97ffa43a0258571def8912dc2b8bf1ee207676052ad1b9c16ca9953fc2c,0.0,0.2379364091003745,0.0,0.0,0.0,0.0,0.0,0.0,0.0,0.0,0.0,0.0,0.11124677739067396,0.0,0.0,0.0,0.0,0.0,0.0,0.0,0.0,0.16263948498379238,0.0,0.0,0.0,0.0,0.0,0.0,0.0,0.0,0.0,0.0,0.0,0.0,0.18191544215353112,0.0,0.0,0.0,0.0,0.0,0.0,0.0,0.0,0.0,0.0,0.0,0.0,0.0,0.0,0.0,0.2634453989831862,0.0,0.0,0.0,0.0,0.0,0.0,0.0,0.0,0.0,0.16142884761333107,0.0,0.0,0.0,0.0,0.0,0.0,0.0,0.0,0.0,0.0,0.0,0.0,0.0,0.0,0.0,0.0,0.1797591243664549,0.0,0.09665310670514919,0.0,0.0,0.0,0.0,0.0,0.0,0.0,0.0,0.0,0.0,0.0,0.0,0.0,0.0,0.0,0.0,0.0,0.0,0.0,0.0,0.0,0.0,0.14901541990511308,0.0,0.0,0.0,0.0,0.0,0.0,0.0,0.0,0.0,0.0,0.0,0.22338054842609276,0.0,0.0,0.12857613499752577,0.14121996959435054,0.12518061976357125,0.1494263921497975,0.0,0.24392027978102715,0.3332387622524298,0.0,0.0,0.0,0.0,0.30916519047902585,0.0,0.0,0.0,0.0,0.15953004167967827,0.0,0.0,0.0,0.0,0.0,0.0,0.0,0.0,0.0,0.0,0.0,0.1149996982320248,0.0,0.257468801792012,0.0,0.0,0.0,0.3193646081526814,0.0,0.0,0.16690197905214302,0.0,0.0,0.2946635514208655,0.0,0.0,0.0
13849c0c923bfed5ab37224d59e2d12e3e72f97dc7f539136ae09484cbe8e5e0,0.0,0.0,0.24551908790482532,0.0,0.0,0.0,0.0,0.0,0.0,0.0,0.0,0.0,0.09747518059654825,0.0,0.0,0.0,0.0,0.0,0.0,0.0,0.0,0.0,0.0,0.0,0.0,0.0,0.20466434995551874,0.3226391118492713,0.0,0.0,0.0,0.0,0.0,0.0,0.15939554379130177,0.0,0.0,0.0,0.0,0.0,0.0,0.0,0.0,0.0,0.1890797814066457,0.0,0.0,0.0,0.0,0.0,0.0,0.0,0.0,0.0,0.0,0.0,0.0,0.0,0.18824028364941942,0.0,0.0,0.0,0.0,0.0,0.0,0.0,0.0,0.0,0.0,0.0,0.0,0.0,0.0,0.0,0.0,0.0,0.0,0.15750616352655333,0.0,0.08468810739763209,0.0,0.0,0.48974012133379197,0.0,0.0,0.0,0.0,0.0,0.0,0.0,0.0,0.0,0.0,0.0,0.0,0.0,0.0,0.0,0.0,0.0,0.0,0.0,0.0,0.0,0.0,0.0,0.0,0.0,0.0,0.0,0.0,0.0,0.0,0.0,0.0,0.0,0.0,0.1126592812237333,0.12373789482195244,0.10968410775434168,0.0,0.3022167562259975,0.21372460290979542,0.2919860628254826,0.0,0.0,0.0,0.0,0.0,0.0,0.0,0.0,0.0,0.13978130412436662,0.0,0.0,0.0,0.0,0.3518840657159116,0.0,0.0,0.0,0.0,0.0,0.0,0.10076351528233025,0.0,0.0,0.0,0.0,0.0,0.0,0.0,0.0,0.0,0.0,0.0,0.0,0.0,0.0,0.0
22709d7884e71cdeb419e81453644edef69f8373a7a676c85c4d85f1ab67be46,0.0,0.20160773788875347,0.23742417981427202,0.0,0.0,0.0,0.0,0.0,0.0,0.0,0.0,0.0,0.0,0.0,0.0,0.0,0.0,0.0,0.0,0.0,0.0,0.0,0.0,0.0,0.0,0.0,0.0,0.0,0.0,0.0,0.0,0.0,0.0,0.0,0.15414017937933178,0.0,0.0,0.0,0.0,0.0,0.0,0.0,0.0,0.0,0.0,0.28614085037012854,0.0,0.0,0.0,0.0,0.2232219572742837,0.0,0.0,0.0,0.0,0.0,0.0,0.0,0.0,0.0,0.13678152461140405,0.0,0.412969090142949,0.19109958505110514,0.18203389127445088,0.0,0.0,0.15414017937933178,0.0,0.0,0.0,0.0,0.0,0.0,0.0,0.08951132238164533,0.0,0.0,0.0,0.08189589090808368,0.0,0.0,0.0,0.0,0.0,0.27706329208695696,0.0,0.0,0.0,0.0,0.0,0.0,0.0,0.0,0.0,0.0,0.0,0.0,0.0,0.0,0.0,0.0,0.0,0.0,0.0,0.0,0.0,0.0,0.0,0.0,0.0,0.0,0.0,0.0,0.0,0.0,0.0,0.10894483875477365,0.11965818397563917,0.10606775849676409,0.12661163130141165,0.0,0.2066779776066114,0.2823591113633175,0.0,0.0,0.0,0.0,0.0,0.0,0.0,0.0,0.0,0.0,0.0,0.0,0.0,0.0,0.0,0.0,0.0,0.0,0.0,0.0,0.2823591113633175,0.09744128318195801,0.20160773788875347,0.21815788051301505,0.0,0.0,0.0,0.0,0.0,0.0,0.1414190059145753,0.0,0.0,0.0,0.0,0.0,0.0
35616cb24994c8f53d586c6a5959c1011331e4c224be38bb5de08ee89378ecb8,0.0,0.0,0.0,0.0,0.0,0.0,0.0,0.0,0.0,0.0,0.12912494577336883,0.0,0.08406992009391222,0.0,0.0,0.0,0.0,0.0,0.0,0.0,0.0,0.12290772665427974,0.0,0.0,0.0,0.0,0.0,0.0,0.0,0.0,0.0,0.0,0.0,0.0,0.0,0.0,0.0,0.0,0.0,0.0,0.0,0.0,0.0,0.1455569127766111,0.0,0.0,0.0,0.0,0.20696697224969154,0.0,0.0,0.0,0.0,0.0,0.0,0.0,0.25878098025512875,0.0,0.16235256511463658,0.0,0.12199284004466619,0.0,0.0,0.0,0.0,0.0,0.0,0.1374746940487839,0.0,0.0,0.0,0.0,0.0,0.0,0.0,0.07983344581451013,0.0,0.0,0.0,0.0730413873383037,0.0,0.0,0.0,0.0,0.0,0.0,0.0,0.0,0.0,0.0,0.0,0.0,0.0,0.34058483013975793,0.0,0.0,0.0,0.0,0.0,0.0,0.0,0.0,0.11261193122196327,0.0,0.0,0.0,0.0,0.0,0.0,0.0,0.0,0.0,0.0,0.0,0.16881014710894662,0.0,0.10492629407901372,0.09716582941783476,0.10672085823905444,0.09459981626139298,0.11292250564561691,0.0,0.0,0.0,0.13271515150464583,0.0,0.0,0.0,0.0,0.4223886800243871,0.0,0.0,0.0,0.12055789993349836,0.0,0.0,0.0,0.26458983093280297,0.0,0.0,0.0,0.0,0.0,0.0,0.0,0.08690602701450327,0.17981010659080726,0.0,0.0,0.0,0.0,0.0,0.0,0.0,0.1261289214082507,0.29968290519744334,0.0,0.0,0.0,0.0,0.3484643846582642
0b997e8b0d0ff6cc4e6f1919c6c0f3080eaa0d08c8fccdf50f7648bf05cca446,0.0,0.0,0.0,0.0,0.0,0.0,0.0,0.0,0.0,0.0,0.0,0.0,0.0,0.0,0.0,0.0,0.0,0.5254573204434756,0.0,0.0,0.0,0.0,0.0,0.0,0.0,0.0,0.0,0.0,0.0,0.0,0.0,0.0,0.0,0.0,0.0,0.0,0.0,0.0,0.0,0.0,0.0,0.0,0.0,0.0,0.0,0.0,0.0,0.0,0.0,0.0,0.0,0.0,0.0,0.0,0.0,0.0,0.0,0.0,0.0,0.0,0.3895550630238172,0.0,0.0,0.0,0.0,0.0,0.0,0.0,0.0,0.0,0.0,0.0,0.0,0.0,0.0,0.0,0.0,0.0,0.0,0.23324026424421293,0.0,0.0,0.0,0.0,0.0,0.0,0.0,0.0,0.0,0.0,0.0,0.0,0.0,0.0,0.0,0.0,0.0,0.0,0.0,0.3282353318995098,0.0,0.0,0.35959936622791744,0.0,0.0,0.0,0.4294405103585936,0.0,0.0,0.0,0.0,0.0,0.0,0.0,0.0,0.0,0.0,0.3102759210193586,0.0,0.0,0.0,0.0,0.0,0.0,0.0,0.0,0.0,0.0,0.0,0.0,0.0,0.0,0.0,0.0,0.0,0.0,0.0,0.0,0.0,0.0,0.0,0.0,0.0,0.0,0.0,0.0,0.0,0.0,0.0,0.0,0.0,0.0,0.0,0.0,0.0,0.0,0.0,0.0,0.0,0.0,0.0
42438a67636a6981b4e3209449040f6b393f10fe0636dfca2260fc0f4271e135,0.0,0.3494593330137088,0.41154221751649733,0.0,0.0,0.0,0.0,0.0,0.0,0.0,0.0,0.0,0.0,0.0,0.0,0.0,0.0,0.0,0.0,0.0,0.0,0.0,0.0,0.0,0.0,0.0,0.0,0.0,0.0,0.0,0.0,0.0,0.0,0.0,0.0,0.0,0.0,0.0,0.0,0.0,0.0,0.0,0.0,0.0,0.0,0.0,0.0,0.0,0.0,0.0,0.0,0.0,0.0,0.0,0.0,0.0,0.0,0.0,0.0,0.0,0.2370919928960024,0.0,0.0,0.0,0.0,0.0,0.0,0.0,0.0,0.0,0.0,0.0,0.0,0.0,0.0,0.0,0.0,0.0,0.0,0.14195528263451085,0.0,0.0,0.0,0.0,0.0,0.4802511762158487,0.0,0.0,0.0,0.0,0.0,0.0,0.0,0.0,0.0,0.0,0.0,0.0,0.0,0.0,0.0,0.0,0.2188602805501304,0.0,0.0,0.0,0.0,0.0,0.0,0.0,0.0,0.0,0.0,0.0,0.32808101020087216,0.0,0.0,0.18884091992310906,0.0,0.18385389631717128,0.21946387916312776,0.0,0.3582478974238702,0.0,0.0,0.0,0.0,0.0,0.0,0.0,0.0,0.0,0.0,0.0,0.0,0.0,0.0,0.0,0.0,0.0,0.0,0.0,0.0,0.0,0.0,0.0,0.0,0.0,0.0,0.0,0.0,0.0,0.0,0.0,0.0,0.0,0.0,0.0,0.0,0.0,0.0
8adec068a8f2a765688d54aefa6e4bdc256bbca4154e891f9c0ff7cde0773519,0.0,0.0,0.0,0.0,0.0,0.0,0.0,0.0,0.0,0.0,0.27423487703910987,0.0,0.17854725174565558,0.0,0.0,0.0,0.0,0.34947448272273135,0.0,0.0,0.0,0.26103077994976004,0.0,0.0,0.0,0.0,0.0,0.5909845601084888,0.0,0.0,0.0,0.0,0.0,0.0,0.0,0.0,0.0,0.0,0.0,0.0,0.0,0.0,0.0,0.0,0.0,0.0,0.0,0.3729597280199155,0.0,0.0,0.0,0.0,0.0,0.0,0.0,0.0,0.0,0.0,0.0,0.0,0.0,0.0,0.0,0.0,0.34480351929316333,0.0,0.0,0.0,0.0,0.0,0.0,0.0,0.0,0.0,0.0,0.16954985007293563,0.0,0.0,0.0,0.15512491219660882,0.0,0.0,0.0,0.0,0.0,0.0,0.0,0.0,0.0,0.0,0.0,0.0,0.0,0.0,0.0,0.0,0.0,0.0,0.0,0.0,0.0,0.0,0.0,0.0,0.0,0.0,0.0,0.0,0.0,0.0,0.0,0.0,0.0,0.0,0.0,0.0,0.0,0.20636027471849408,0.0,0.0,0.0,0.0,0.0,0.0,0.0,0.0,0.0,0.0,0.0,0.0,0.0,0.0,0.0,0.0,0.0,0.0,0.0,0.0,0.0,0.0,0.0,0.0,0.0,0.0,0.0,0.0,0.0,0.0,0.0,0.0,0.0,0.0,0.0,0.0,0.0,0.0,0.0,0.0,0.0,0.0,0.0
44136c10d998dccfa03bc3b617e6c6444487bdd4c709f5b75ed2140fe5f470cc,0.0,0.0,0.0,0.0,0.0,0.0,0.0,0.0,0.0,0.0,0.0,0.0,0.0,0.0,0.0,0.0,0.0,0.0,0.0,0.0,0.0,0.0,0.0,0.0,0.0,0.0,0.0,0.0,0.0,0.0,0.0,0.0,0.0,0.0,0.32323466065239814,0.0,0.0,0.0,0.0,0.0,0.0,0.0,0.3620432182662499,0.0,0.0,0.0,0.0,0.0,0.0,0.0,0.0,0.0,0.0,0.0,0.0,0.0,0.0,0.0,0.0,0.0,0.2868332570346883,0.0,0.0,0.40073918282393434,0.0,0.0,0.0,0.32323466065239814,0.0,0.0,0.0,0.0,0.0,0.0,0.0,0.18770681357114152,0.0,0.0,0.0,0.171737120153175,0.0,0.0,0.0,0.0,0.0,0.0,0.0,0.0,0.0,0.0,0.0,0.0,0.0,0.0,0.0,0.0,0.0,0.0,0.0,0.0,0.0,0.0,0.0,0.0,0.0,0.0,0.3162013075447133,0.0,0.0,0.0,0.0,0.0,0.0,0.0,0.0,0.0,0.0,0.22845923837981041,0.0,0.0,0.2655068123259619,0.0,0.0,0.0,0.0,0.0,0.0,0.0,0.0,0.0,0.0,0.0,0.0,0.0,0.0,0.0,0.0,0.0,0.0,0.0,0.0,0.0,0.0,0.0,0.0,0.20433608050593519,0.0,0.0,0.0,0.0,0.0,0.0,0.0,0.0,0.29655813669519165,0.0,0.0,0.0,0.0,0.0,0.0
52715e3681686f1239443bf9e63fd1b9ff3574cef23a70d4f004b6b182203e1a,0.0,0.0,0.0,0.0,0.0,0.0,0.0,0.0,0.0,0.0,0.0,0.0,0.0,0.0,0.0,0.0,0.0,0.0,0.0,0.0,0.0,0.0,0.0,0.0,0.0,0.0,0.0,0.0,0.0,0.0,0.0,0.0,0.0,0.0,0.3352168490487542,0.0,0.0,0.0,0.0,0.0,0.0,0.0,0.0,0.0,0.0,0.0,0.0,0.0,0.0,0.0,0.0,0.0,0.0,0.0,0.0,0.0,0.0,0.0,0.0,0.0,0.2974660589662424,0.0,0.0,0.41559443497018195,0.0,0.0,0.0,0.3352168490487542,0.0,0.0,0.0,0.0,0.0,0.0,0.0,0.19466503518929834,0.0,0.0,0.0,0.17810335118845338,0.0,0.0,0.0,0.0,0.0,0.0,0.0,0.0,0.0,0.0,0.0,0.0,0.0,0.0,0.0,0.0,0.0,0.0,0.0,0.0,0.0,0.0,0.0,0.0,0.0,0.0,0.3279227721627955,0.0,0.0,0.0,0.0,0.0,0.0,0.0,0.0,0.0,0.2558511726605372,0.23692813719663225,0.0,0.0,0.2753490509008244,0.0,0.0,0.0,0.0,0.0,0.0,0.0,0.0,0.0,0.0,0.0,0.0,0.0,0.0,0.0,0.0,0.0,0.0,0.0,0.0,0.0,0.0,0.0,0.0,0.211910742851407,0.0,0.0,0.0,0.0,0.0,0.0,0.0,0.0,0.3075514362911635,0.0,0.0,0.0,0.0,0.0,0.0
57809da76e6331b7661c93e33c3e3060288a44e228a9f8d047042d06ce025878,0.0,0.0,0.0,0.0,0.0,0.0,0.0,0.0,0.0,0.0,0.0,0.0,0.0,0.0,0.0,0.0,0.0,0.0,0.0,0.0,0.0,0.0,0.0,0.0,0.0,0.0,0.0,0.0,0.0,0.0,0.0,0.0,0.0,0.0,0.3467582886555867,0.0,0.0,0.0,0.0,0.0,0.0,0.0,0.0,0.0,0.0,0.0,0.0,0.0,0.0,0.0,0.0,0.0,0.0,0.0,0.0,0.0,0.0,0.0,0.0,0.0,0.30770774748632646,0.0,0.0,0.42990325651586275,0.0,0.0,0.0,0.3467582886555867,0.0,0.0,0.0,0.0,0.0,0.0,0.0,0.20136730792282806,0.0,0.0,0.0,0.18423540892167625,0.0,0.0,0.0,0.0,0.0,0.0,0.0,0.0,0.0,0.0,0.0,0.0,0.0,0.0,0.0,0.0,0.0,0.0,0.0,0.0,0.0,0.0,0.0,0.0,0.0,0.0,0.33921307836715797,0.0,0.0,0.0,0.0,0.0,0.0,0.0,0.0,0.0,0.0,0.24508551888664556,0.0,0.0,0.28482925588093955,0.0,0.0,0.0,0.0,0.0,0.0,0.0,0.0,0.0,0.0,0.0,0.0,0.0,0.0,0.0,0.0,0.0,0.0,0.0,0.0,0.0,0.0,0.0,0.0,0.21920678136378746,0.0,0.0,0.0,0.0,0.0,0.0,0.0,0.0,0.31814036205077767,0.0,0.0,0.0,0.0,0.0,0.0
63096f288f49b25d50f4aea52dc1fc00871b3927fa2a81fa0b0d752b261a3059,0.0,0.2091779566674563,0.0,0.0,0.0,0.0,0.0,0.0,0.0,0.0,0.0,0.0,0.09780081017615025,0.0,0.0,0.0,0.0,0.0,0.0,0.0,0.0,0.14298188020482985,0.0,0.0,0.0,0.0,0.0,0.0,0.0,0.0,0.0,0.0,0.0,0.0,0.15992802707163573,0.0,0.0,0.0,0.0,0.0,0.0,0.0,0.0,0.0,0.0,0.0,0.0,0.0,0.0,0.0,0.23160377371879456,0.0,0.0,0.0,0.0,0.0,0.0,0.0,0.0,0.33331113911949967,0.14191756788551796,0.0,0.0,0.0,0.0,0.0,0.0,0.0,0.0,0.0,0.0,0.0,0.0,0.0,0.0,0.0,0.0,0.1580323350658107,0.0,0.08497101995691549,0.0,0.0,0.0,0.0,0.0,0.0,0.0,0.0,0.0,0.0,0.0,0.0,0.0,0.0,0.0,0.0,0.0,0.0,0.0,0.0,0.0,0.0,0.13100450311723852,0.0,0.0,0.0,0.0,0.0,0.320795353236648,0.0,0.0,0.0,0.0,0.0,0.19638140650981317,0.0,0.0,0.1130356354316315,0.12415125870007113,0.11005052297592406,0.13136580273807064,0.3032263538966689,0.21443858006962419,0.29296148342286565,0.0,0.0,0.0,0.0,0.27179759105226303,0.0,0.0,0.0,0.0,0.14024826327252796,0.0,0.0,0.0,0.0,0.0,0.0,0.0,0.0,0.0,0.0,0.0,0.10110013000743051,0.0,0.22634954468759613,0.0,0.0,0.0,0.0,0.0,0.0,0.14672918312032693,0.0,0.0,0.2590487089539571,0.0,0.0,0.0
75910d91797aedee507082e4af6260d42b6bb6eb877e5c96107693beee6a2085,0.0,0.0,0.0,0.0,0.0,0.0,0.0,0.0,0.0,0.0,0.0,0.0,0.0,0.0,0.0,0.0,0.0,0.0,0.0,0.0,0.0,0.0,0.0,0.0,0.0,0.0,0.0,0.0,0.0,0.0,0.0,0.0,0.0,0.0,0.0,0.0,0.0,0.0,0.0,0.0,0.0,0.0,0.0,0.22994853074289107,0.0,0.0,0.0,0.0,0.0,0.0,0.0,0.0,0.0,0.0,0.0,0.0,0.0,0.0,0.0,0.0,0.0,0.0,0.0,0.0,0.2564820392126994,0.0,0.0,0.21718036819977085,0.0,0.0,0.0,0.0,0.0,0.6672830202375931,0.3978382276274164,0.0,0.0,0.21460604088918614,0.0,0.0,0.0,0.0,0.0,0.0,0.0,0.0,0.0,0.0,0.0,0.0,0.0,0.0,0.0,0.0,0.0,0.0,0.0,0.0,0.0,0.16238601325531996,0.0,0.0,0.17790256494620366,0.0,0.0,0.0,0.0,0.0,0.0,0.0,0.0,0.0,0.0,0.0,0.0,0.0,0.16576091577866087,0.0,0.0,0.0,0.0,0.0,0.0,0.0,0.20966131744391633,0.0,0.0,0.0,0.0,0.0,0.0,0.0,0.0,0.19045548184786026,0.0,0.0,0.0,0.0,0.0,0.0,0.0,0.0,0.0,0.0,0.0,0.13729278014680563,0.0,0.0,0.0,0.0,0.0,0.0,0.0,0.0,0.0,0.0,0.0,0.0,0.0,0.0,0.0
76434f31095e05944ab0c2fe0465037efc4bb585358309e4a2387b97a4abc7c4,0.0,0.0,0.0,0.0,0.0,0.0,0.0,0.0,0.0,0.0,0.0,0.0,0.0,0.0,0.0,0.0,0.0,0.0,0.0,0.0,0.0,0.0,0.0,0.0,0.0,0.0,0.0,0.0,0.0,0.0,0.0,0.0,0.0,0.0,0.3348389823578099,0.0,0.0,0.0,0.0,0.0,0.0,0.0,0.0,0.0,0.0,0.0,0.0,0.0,0.0,0.0,0.0,0.0,0.0,0.0,0.0,0.0,0.0,0.0,0.0,0.0,0.2971307461211728,0.0,0.0,0.41512596420457853,0.0,0.0,0.0,0.3348389823578099,0.0,0.0,0.0,0.0,0.0,0.0,0.0,0.1944456028042668,0.0,0.0,0.0,0.1779025876404675,0.0,0.0,0.0,0.0,0.0,0.0,0.0,0.0,0.0,0.0,0.0,0.0,0.0,0.0,0.0,0.0,0.0,0.0,0.0,0.0,0.0,0.0,0.0,0.0,0.0,0.0,0.3275531275785389,0.0,0.0,0.0,0.0,0.0,0.0,0.0,0.0,0.0,0.0,0.23666106454963334,0.2599336831870781,0.0,0.27503866902409657,0.0,0.0,0.0,0.0,0.0,0.0,0.0,0.0,0.0,0.0,0.0,0.0,0.0,0.0,0.0,0.0,0.0,0.0,0.0,0.0,0.0,0.0,0.0,0.0,0.2116718705769255,0.0,0.0,0.0,0.0,0.0,0.0,0.0,0.0,0.3072047549001288,0.0,0.0,0.0,0.0,0.0,0.0
085105e613ad37808a8db9a3c2ba5561d5d38d5c5c43b469c93d15f0d64af0c1,0.0,0.0,0.0,0.0,0.34640570503880325,0.0,0.0,0.0,0.0,0.0,0.0,0.0,0.12464701571222188,0.0,0.0,0.0,0.0,0.0,0.0,0.0,0.0,0.0,0.0,0.0,0.0,0.0,0.0,0.0,0.0,0.0,0.0,0.0,0.0,0.0,0.0,0.0,0.0,0.0,0.0,0.0,0.0,0.0,0.0,0.0,0.0,0.0,0.0,0.0,0.0,0.0,0.29517873287287355,0.0,0.0,0.0,0.0,0.0,0.0,0.0,0.0,0.0,0.1808737706999105,0.0,0.0,0.0,0.0,0.0,0.0,0.0,0.0,0.0,0.0,0.0,0.0,0.0,0.0,0.0,0.0,0.0,0.0,0.10829546340747986,0.0,0.0,0.0,0.0,0.0,0.0,0.0,0.0,0.0,0.0,0.0,0.0,0.0,0.0,0.0,0.0,0.0,0.0,0.0,0.15240249143924273,0.0,0.0,0.0,0.0,0.0,0.0,0.19939292740010883,0.0,0.0,0.0,0.0,0.0,0.0,0.0,0.2502878679504663,0.28487386850009744,0.0,0.14406378229700434,0.15823063087113007,0.14025926003896633,0.0,0.0,0.2733017140768347,0.0,0.19677130127363351,0.0,0.22601584201735334,0.0,0.0,0.0,0.0,0.0,0.0,0.17874624396522307,0.0,0.0,0.0,0.0,0.0,0.0,0.0,0.0,0.0,0.19236438716228896,0.0,0.0,0.0,0.28848222425062586,0.0,0.0,0.0,0.0,0.0,0.0,0.18700616856751687,0.0,0.0,0.33015727003751194,0.0,0.0,0.0
86670fbfdcbfad2bb774efeb150ec3fde4f52d5b1e3c42316e0a1fb0f76761c2,0.0,0.0,0.0,0.0,0.0,0.0,0.0,0.0,0.0,0.0,0.0,0.0,0.0,0.0,0.0,0.0,0.0,0.0,0.0,0.0,0.0,0.0,0.0,0.0,0.0,0.0,0.0,0.0,0.0,0.0,0.0,0.0,0.0,0.0,0.3467582886555867,0.0,0.0,0.0,0.0,0.0,0.0,0.0,0.0,0.0,0.0,0.0,0.0,0.0,0.0,0.0,0.0,0.0,0.0,0.0,0.0,0.0,0.0,0.0,0.0,0.0,0.30770774748632646,0.0,0.0,0.42990325651586275,0.0,0.0,0.0,0.3467582886555867,0.0,0.0,0.0,0.0,0.0,0.0,0.0,0.20136730792282806,0.0,0.0,0.0,0.18423540892167625,0.0,0.0,0.0,0.0,0.0,0.0,0.0,0.0,0.0,0.0,0.0,0.0,0.0,0.0,0.0,0.0,0.0,0.0,0.0,0.0,0.0,0.0,0.0,0.0,0.0,0.0,0.33921307836715797,0.0,0.0,0.0,0.0,0.0,0.0,0.0,0.0,0.0,0.0,0.24508551888664556,0.0,0.0,0.28482925588093955,0.0,0.0,0.0,0.0,0.0,0.0,0.0,0.0,0.0,0.0,0.0,0.0,0.0,0.0,0.0,0.0,0.0,0.0,0.0,0.0,0.0,0.0,0.0,0.0,0.21920678136378746,0.0,0.0,0.0,0.0,0.0,0.0,0.0,0.0,0.31814036205077767,0.0,0.0,0.0,0.0,0.0,0.0
90315b1fa493435f317b54c2faf80391cac02cadc4c9f97c4172c7e5470f1969,0.0,0.0,0.0,0.0,0.0,0.0,0.0,0.0,0.0,0.0,0.0,0.0,0.0,0.0,0.0,0.0,0.0,0.0,0.0,0.0,0.0,0.0,0.0,0.0,0.0,0.0,0.0,0.0,0.0,0.0,0.0,0.0,0.0,0.0,0.3348389823578099,0.0,0.0,0.0,0.0,0.0,0.0,0.0,0.0,0.0,0.0,0.0,0.0,0.0,0.0,0.0,0.0,0.0,0.0,0.0,0.0,0.0,0.0,0.0,0.0,0.0,0.2971307461211728,0.0,0.0,0.41512596420457853,0.0,0.0,0.0,0.3348389823578099,0.0,0.0,0.0,0.0,0.0,0.0,0.0,0.1944456028042668,0.0,0.0,0.0,0.1779025876404675,0.0,0.0,0.0,0.0,0.0,0.0,0.0,0.0,0.0,0.0,0.0,0.0,0.0,0.0,0.0,0.0,0.0,0.0,0.0,0.0,0.0,0.0,0.0,0.0,0.0,0.0,0.3275531275785389,0.0,0.0,0.0,0.0,0.0,0.0,0.0,0.0,0.0,0.0,0.23666106454963334,0.2599336831870781,0.0,0.27503866902409657,0.0,0.0,0.0,0.0,0.0,0.0,0.0,0.0,0.0,0.0,0.0,0.0,0.0,0.0,0.0,0.0,0.0,0.0,0.0,0.0,0.0,0.0,0.0,0.0,0.2116718705769255,0.0,0.0,0.0,0.0,0.0,0.0,0.0,0.0,0.3072047549001288,0.0,0.0,0.0,0.0,0.0,0.0
92390d8b7dd99a4b03af59b45763c706d5df368761ce9706236e3dac4f9a74e2,0.0,0.0,0.0,0.0,0.3506946332377123,0.0,0.0,0.0,0.0,0.0,0.0,0.0,0.12619029889959932,0.0,0.0,0.0,0.0,0.0,0.0,0.0,0.0,0.0,0.0,0.0,0.0,0.0,0.0,0.0,0.0,0.0,0.0,0.0,0.0,0.0,0.0,0.0,0.0,0.0,0.0,0.0,0.0,0.0,0.0,0.0,0.0,0.0,0.0,0.0,0.0,0.0,0.0,0.0,0.0,0.0,0.0,0.0,0.0,0.0,0.0,0.0,0.18311321019040896,0.0,0.0,0.0,0.0,0.0,0.0,0.2063517214452929,0.0,0.0,0.0,0.0,0.0,0.0,0.0,0.0,0.0,0.0,0.0,0.10963629428891768,0.0,0.0,0.0,0.0,0.0,0.0,0.0,0.0,0.0,0.0,0.0,0.0,0.0,0.0,0.0,0.0,0.0,0.0,0.0,0.15428942151461358,0.0,0.0,0.0,0.0,0.0,0.0,0.20186165680193424,0.0,0.0,0.0,0.0,0.0,0.0,0.0,0.2533867392423734,0.2884009569688209,0.0,0.14584746890882244,0.0,0.14199584199125218,0.0,0.0,0.2766855250570349,0.0,0.1992075717232613,0.0,0.22881419580924547,0.0,0.0,0.0,0.0,0.0,0.0,0.0,0.0,0.0,0.0,0.0,0.0,0.0,0.4068257407313692,0.0,0.0,0.19474609460118283,0.0,0.0,0.0,0.0,0.0,0.0,0.0,0.0,0.0,0.0,0.18932153467746393,0.0,0.0,0.33424502264938105,0.0,0.0,0.0
8b87459483248d7b95424cd52b7d4f3031e89c6644adc2e167556e071d9ec3aa,0.0,0.0,0.0,0.0,0.0,0.0,0.0,0.0,0.0,0.0,0.2452736211847062,0.0,0.15969132541076747,0.0,0.0,0.0,0.0,0.0,0.0,0.0,0.0,0.23346397558985574,0.0,0.0,0.0,0.0,0.0,0.5285721666299481,0.0,0.0,0.0,0.0,0.0,0.0,0.0,0.0,0.0,0.0,0.0,0.0,0.0,0.0,0.0,0.0,0.0,0.0,0.0,0.3335723888776621,0.0,0.0,0.0,0.0,0.0,0.0,0.0,0.0,0.0,0.0,0.0,0.0,0.0,0.0,0.0,0.0,0.30838968656128957,0.0,0.0,0.0,0.0,0.0,0.0,0.0,0.0,0.0,0.0,0.1516441167065054,0.0,0.0,0.0,0.13874256025062645,0.0,0.0,0.0,0.0,0.0,0.0,0.0,0.0,0.0,0.0,0.0,0.0,0.0,0.0,0.0,0.0,0.0,0.0,0.0,0.0,0.0,0.0,0.0,0.0,0.3638391806788221,0.0,0.0,0.0,0.0,0.0,0.0,0.0,0.0,0.0,0.0,0.0,0.0,0.18456708495782403,0.20271692041733397,0.0,0.0,0.0,0.0,0.0,0.25209323884444124,0.0,0.0,0.0,0.0,0.0,0.0,0.0,0.0,0.0,0.0,0.0,0.0,0.0,0.0,0.0,0.0,0.0,0.0,0.2464473278581983,0.0,0.0,0.0,0.0,0.0,0.0,0.0,0.0,0.0,0.0,0.0,0.0,0.0,0.0,0.0,0.0,0.0
93976cb0c0ed15a2e61a2bb20e6d5394c64e756d7c5f56bdc5e6ed8221210c55,0.0,0.0,0.0,0.0,0.0,0.0,0.0,0.0,0.0,0.0,0.21587550574086087,0.0,0.14055097107045678,0.0,0.0,0.0,0.0,0.0,0.0,0.4569924586505507,0.0,0.20548134593233905,0.0,0.0,0.0,0.0,0.0,0.0,0.0,0.0,0.0,0.0,0.0,0.0,0.0,0.0,0.0,0.0,0.0,0.0,0.0,0.0,0.25742959307774343,0.24334703082763973,0.0,0.0,0.0,0.2935909202234363,0.0,0.0,0.0,0.0,0.0,0.0,0.0,0.0,0.0,0.0,0.0,0.0,0.0,0.0,0.0,0.0,0.0,0.0,0.0,0.0,0.0,0.0,0.0,0.0,0.0,0.0,0.0,0.13346828830806295,0.28494422643433265,0.22711057417649103,0.0,0.12211309237910586,0.0,0.0,0.0,0.0,0.0,0.0,0.0,0.0,0.0,0.0,0.0,0.0,0.0,0.0,0.0,0.0,0.0,0.0,0.0,0.17184782197109782,0.0,0.0,0.18826848258789486,0.0,0.0,0.0,0.0,0.0,0.0,0.0,0.0,0.0,0.0,0.0,0.0,0.0,0.17541937124664414,0.0,0.0,0.15815521203984567,0.0,0.0,0.0,0.0,0.22187773461546928,0.0,0.0,0.0,0.0,0.0,0.0,0.0,0.0,0.20155282515957998,0.0,0.0,0.0,0.0,0.0,0.0,0.0,0.0,0.2714265775101423,0.0,0.0,0.14529247173208973,0.0,0.0,0.0,0.0,0.0,0.0,0.0,0.0,0.0,0.0,0.0,0.0,0.0,0.0,0.0
233437b647f9482a8a3ba51d0af69039bb58fb48609704a39db1f709a0e6aca6,0.0,0.0,0.0,0.0,0.0,0.0,0.0,0.0,0.0,0.0,0.0,0.0,0.20353026810915337,0.0,0.0,0.0,0.0,0.0,0.0,0.0,0.0,0.0,0.0,0.0,0.0,0.0,0.0,0.0,0.0,0.0,0.0,0.0,0.0,0.0,0.0,0.0,0.0,0.0,0.0,0.0,0.0,0.0,0.0,0.0,0.0,0.0,0.0,0.0,0.0,0.0,0.0,0.0,0.0,0.0,0.0,0.0,0.0,0.0,0.0,0.0,0.29534030023998964,0.0,0.0,0.4126245045526071,0.0,0.0,0.0,0.0,0.0,0.0,0.0,0.0,0.0,0.0,0.0,0.19327391548075737,0.0,0.0,0.0,0.17683058496336052,0.0,0.0,0.0,0.0,0.0,0.0,0.0,0.0,0.0,0.0,0.0,0.0,0.0,0.0,0.0,0.0,0.0,0.0,0.0,0.24885088315909515,0.0,0.0,0.27262945567561486,0.0,0.0,0.0,0.0,0.0,0.0,0.0,0.0,0.0,0.0,0.0,0.0,0.0,0.2540228031827042,0.23523499594585948,0.2583673787957672,0.0,0.2733813452413889,0.0,0.0,0.0,0.0,0.0,0.36905067209079984,0.0,0.0,0.0,0.0,0.0,0.0,0.0,0.0,0.0,0.0,0.0,0.0,0.0,0.0,0.0,0.0,0.3141027891448726,0.0,0.0,0.0,0.0,0.0,0.0,0.0,0.0,0.0,0.0,0.0,0.0,0.0,0.0,0.0,0.0,0.0
256456b2b066c65d54244785a2045c09ca77dc691493f22363482fa225600aa4,0.0,0.0,0.0,0.0,0.0,0.0,0.0,0.0,0.0,0.0,0.0,0.0,0.0,0.0,0.0,0.0,0.0,0.0,0.0,0.0,0.0,0.0,0.0,0.0,0.0,0.0,0.0,0.0,0.0,0.0,0.0,0.0,0.0,0.0,0.3348389823578099,0.0,0.0,0.0,0.0,0.0,0.0,0.0,0.0,0.0,0.0,0.0,0.0,0.0,0.0,0.0,0.0,0.0,0.0,0.0,0.0,0.0,0.0,0.0,0.0,0.0,0.2971307461211728,0.0,0.0,0.41512596420457853,0.0,0.0,0.0,0.3348389823578099,0.0,0.0,0.0,0.0,0.0,0.0,0.0,0.1944456028042668,0.0,0.0,0.0,0.1779025876404675,0.0,0.0,0.0,0.0,0.0,0.0,0.0,0.0,0.0,0.0,0.0,0.0,0.0,0.0,0.0,0.0,0.0,0.0,0.0,0.0,0.0,0.0,0.0,0.0,0.0,0.0,0.3275531275785389,0.0,0.0,0.0,0.0,0.0,0.0,0.0,0.0,0.0,0.0,0.23666106454963334,0.2599336831870781,0.0,0.27503866902409657,0.0,0.0,0.0,0.0,0.0,0.0,0.0,0.0,0.0,0.0,0.0,0.0,0.0,0.0,0.0,0.0,0.0,0.0,0.0,0.0,0.0,0.0,0.0,0.0,0.2116718705769255,0.0,0.0,0.0,0.0,0.0,0.0,0.0,0.0,0.3072047549001288,0.0,0.0,0.0,0.0,0.0,0.0
276727bfacdeba0ba864fd6ccecab5fd0f244576dc503d7cf148a4deb90fc136,0.0,0.0,0.2648796801340552,0.0,0.29225407845890256,0.0,0.0,0.0,0.0,0.0,0.0,0.0,0.10516165923291344,0.0,0.0,0.0,0.0,0.0,0.0,0.0,0.0,0.0,0.0,0.0,0.0,0.0,0.0,0.0,0.0,0.0,0.0,0.0,0.0,0.0,0.0,0.0,0.0,0.0,0.0,0.0,0.0,0.0,0.0,0.0,0.0,0.0,0.0,0.0,0.0,0.0,0.24903512644736858,0.0,0.0,0.0,0.0,0.0,0.0,0.0,0.0,0.0,0.15259880655651403,0.0,0.0,0.0,0.0,0.0,0.0,0.17196479921186614,0.0,0.0,0.0,0.0,0.0,0.0,0.0,0.0,0.0,0.0,0.0,0.09136625176507276,0.0,0.0,0.0,0.0,0.0,0.0,0.0,0.0,0.0,0.0,0.0,0.0,0.0,0.0,0.0,0.0,0.0,0.0,0.0,0.1285782798681893,0.0,0.0,0.0,0.0,0.0,0.0,0.16822296919738686,0.0,0.0,0.0,0.0,0.0,0.0,0.0,0.0,0.24034116270167244,0.0,0.12154311352868365,0.13349533952979453,0.1183333305189762,0.0,0.32604828570935995,0.23057801712537215,0.0,0.16601116691898327,0.0,0.19068407553650235,0.0,0.0,0.0,0.0,0.0,0.0,0.1508038639323067,0.0,0.0,0.0,0.0,0.0,0.0,0.3390313699788351,0.0,0.0,0.16229316053593518,0.0,0.10870929802212768,0.0,0.243385444794268,0.0,0.0,0.0,0.0,0.0,0.0,0.15777256166929396,0.0,0.0,0.27854566855505924,0.0,0.0,0.0
307077d1a3fd2b53b94d88268e31b0b89b8c0c2ee9dbb46041d3e2395243f1b3,0.0,0.0,0.0,0.0,0.35949849387322613,0.0,0.0,0.0,0.0,0.0,0.0,0.0,0.12935818828190662,0.0,0.0,0.0,0.0,0.0,0.0,0.0,0.0,0.0,0.0,0.0,0.0,0.0,0.0,0.0,0.0,0.0,0.0,0.0,0.0,0.0,0.0,0.0,0.0,0.0,0.0,0.0,0.0,0.0,0.0,0.0,0.0,0.0,0.0,0.0,0.0,0.0,0.0,0.0,0.0,0.0,0.0,0.0,0.0,0.0,0.0,0.0,0.18771009600002206,0.0,0.0,0.0,0.0,0.0,0.0,0.0,0.0,0.0,0.0,0.0,0.0,0.0,0.0,0.0,0.0,0.0,0.0,0.11238861087443995,0.0,0.0,0.0,0.0,0.0,0.0,0.0,0.0,0.0,0.0,0.0,0.0,0.0,0.0,0.0,0.0,0.0,0.0,0.0,0.15816271307886737,0.0,0.0,0.0,0.0,0.0,0.0,0.2069292048215058,0.0,0.0,0.0,0.0,0.0,0.0,0.0,0.0,0.2956409931474791,0.0,0.14950883315172875,0.16421113352163103,0.14556051474421688,0.0,0.0,0.28363145627924147,0.0,0.20420849142026146,0.0,0.23455836210210773,0.0,0.0,0.0,0.0,0.0,0.0,0.18550215702653006,0.0,0.0,0.0,0.0,0.0,0.0,0.4170387203007226,0.0,0.0,0.19963501308947132,0.0,0.0,0.0,0.0,0.0,0.0,0.0,0.0,0.0,0.0,0.19407427466442634,0.0,0.0,0.34263593120236335,0.0,0.0,0.0
0bd30fd514c0ba95e84d21afb8d5a59ef0e27f3a82ee6d29af7178dfc371ec57,0.0,0.225093233595244,0.265081970204847,0.0,0.0,0.0,0.0,0.0,0.0,0.0,0.0,0.0,0.0,0.0,0.0,0.0,0.0,0.0,0.0,0.0,0.0,0.0,0.0,0.0,0.0,0.0,0.0,0.0,0.0,0.0,0.0,0.0,0.0,0.0,0.17209612967628174,0.0,0.0,0.0,0.0,0.0,0.0,0.0,0.0,0.0,0.0,0.31947369653562324,0.0,0.0,0.0,0.0,0.24922531594523106,0.0,0.0,0.0,0.0,0.0,0.0,0.0,0.0,0.0,0.15271534710566237,0.0,0.0,0.2133609750712955,0.20323920916914842,0.0,0.0,0.0,0.0,0.0,0.0,0.0,0.0,0.0,0.0,0.0999385897052657,0.0,0.0,0.0,0.09143602867483111,0.0,0.0,0.0,0.0,0.3312237657286856,0.30933868401821746,0.0,0.0,0.0,0.0,0.0,0.0,0.0,0.0,0.0,0.0,0.0,0.0,0.0,0.0,0.0,0.0,0.0,0.0,0.0,0.0,0.0,0.0,0.0,0.0,0.0,0.0,0.0,0.0,0.21132305962597242,0.0,0.0,0.12163593667399825,0.13359729065594428,0.11842370233532538,0.1413607523146232,0.0,0.2307541108271756,0.0,0.0,0.0,0.0,0.0,0.0,0.0,0.0,0.0,0.0,0.0,0.0,0.0,0.0,0.0,0.0,0.0,0.0,0.0,0.0,0.0,0.3152514188067491,0.10879231991184564,0.225093233595244,0.0,0.0,0.0,0.0,0.0,0.0,0.0,0.1578930534437212,0.0,0.0,0.0,0.0,0.0,0.0
545662ab4664c7f53a07fe08acabc621549198bdc37c8837ba092e50469d714c,0.0,0.0,0.0,0.0,0.0,0.0,0.0,0.0,0.0,0.0,0.0,0.0,0.0,0.0,0.0,0.0,0.0,0.0,0.0,0.0,0.0,0.0,0.0,0.0,0.0,0.0,0.0,0.0,0.0,0.0,0.0,0.0,0.0,0.0,0.3348389823578099,0.0,0.0,0.0,0.0,0.0,0.0,0.0,0.0,0.0,0.0,0.0,0.0,0.0,0.0,0.0,0.0,0.0,0.0,0.0,0.0,0.0,0.0,0.0,0.0,0.0,0.2971307461211728,0.0,0.0,0.41512596420457853,0.0,0.0,0.0,0.3348389823578099,0.0,0.0,0.0,0.0,0.0,0.0,0.0,0.1944456028042668,0.0,0.0,0.0,0.1779025876404675,0.0,0.0,0.0,0.0,0.0,0.0,0.0,0.0,0.0,0.0,0.0,0.0,0.0,0.0,0.0,0.0,0.0,0.0,0.0,0.0,0.0,0.0,0.0,0.0,0.0,0.0,0.3275531275785389,0.0,0.0,0.0,0.0,0.0,0.0,0.0,0.0,0.0,0.0,0.23666106454963334,0.2599336831870781,0.0,0.27503866902409657,0.0,0.0,0.0,0.0,0.0,0.0,0.0,0.0,0.0,0.0,0.0,0.0,0.0,0.0,0.0,0.0,0.0,0.0,0.0,0.0,0.0,0.0,0.0,0.0,0.2116718705769255,0.0,0.0,0.0,0.0,0.0,0.0,0.0,0.0,0.3072047549001288,0.0,0.0,0.0,0.0,0.0,0.0
576560ada2906c22ca777ac51ed6f2b99086b94bbe44d86b82abe7d77736ba6a,0.0,0.29256106409130456,0.0,0.0,0.0,0.0,0.0,0.0,0.0,0.0,0.21009348279937073,0.0,0.13678644513969354,0.0,0.0,0.0,0.0,0.0,0.0,0.0,0.0,0.19997772081214937,0.0,0.0,0.0,0.0,0.0,0.4527578908066429,0.0,0.0,0.0,0.0,0.0,0.0,0.0,0.0,0.0,0.0,0.0,0.0,0.0,0.0,0.0,0.0,0.0,0.0,0.0,0.0,0.0,0.0,0.0,0.0,0.0,0.0,0.0,0.0,0.0,0.0,0.0,0.0,0.0,0.0,0.0,0.0,0.26415667121527203,0.0,0.0,0.0,0.0,0.0,0.0,0.0,0.0,0.0,0.0,0.12989346539190952,0.0,0.0,0.0,0.11884240773533782,0.0,0.0,0.0,0.0,0.0,0.0,0.0,0.0,0.2849972380742167,0.0,0.0,0.0,0.0,0.0,0.0,0.0,0.0,0.0,0.0,0.0,0.0,0.0,0.0,0.0,0.0,0.0,0.21881189508802326,0.0,0.0,0.0,0.0,0.0,0.0,0.0,0.0,0.0,0.0,0.15809421943387714,0.17364078381983045,0.15391917302656202,0.18373120976297236,0.0,0.0,0.0,0.21593494760334522,0.0,0.0,0.0,0.0,0.0,0.0,0.0,0.0,0.0,0.0,0.0,0.0,0.0,0.0,0.0,0.0,0.0,0.26415667121527203,0.0,0.0,0.1414009491533809,0.29256106409130456,0.0,0.0,0.0,0.0,0.0,0.0,0.0,0.20521878419137127,0.0,0.0,0.0,0.0,0.0,0.0
840652c07a9b27f66951cdc08854e164e7997811c1052e35204e5d2339c8e0a7,0.0,0.0,0.0,0.0,0.0,0.0,0.0,0.0,0.0,0.0,0.0,0.0,0.0,0.0,0.0,0.0,0.0,0.0,0.0,0.0,0.0,0.0,0.0,0.0,0.0,0.0,0.0,0.0,0.0,0.0,0.0,0.0,0.0,0.0,0.0,0.0,0.0,0.0,0.0,0.0,0.0,0.0,0.0,0.0,0.0,0.0,0.0,0.5389731347450191,0.0,0.0,0.0,0.0,0.0,0.0,0.0,0.0,0.0,0.0,0.0,0.0,0.0,0.0,0.0,0.0,0.49828391566884483,0.0,0.0,0.4219300681060127,0.0,0.0,0.0,0.0,0.0,0.0,0.0,0.2450205942462463,0.0,0.0,0.0,0.0,0.0,0.0,0.0,0.0,0.0,0.0,0.0,0.0,0.0,0.0,0.0,0.0,0.0,0.0,0.0,0.0,0.0,0.0,0.0,0.0,0.0,0.0,0.34562258995224066,0.0,0.0,0.0,0.0,0.0,0.0,0.0,0.0,0.0,0.0,0.0,0.0,0.0,0.3220342384698066,0.0,0.0,0.0,0.0,0.0,0.0,0.0,0.0,0.0,0.0,0.0,0.0,0.0,0.0,0.0,0.0,0.0,0.0,0.0,0.0,0.0,0.0,0.0,0.0,0.0,0.0,0.0,0.0,0.0,0.0,0.0,0.0,0.0,0.0,0.0,0.0,0.0,0.0,0.0,0.0,0.0,0.0,0.0,0.0
ae1b43ac2e83f34836b91215365c6edf54c8abdbb3140c8155b352c137b58d7c,0.0,0.0,0.0,0.0,0.0,0.0,0.0,0.0,0.0,0.0,0.0,0.0,0.0,0.0,0.0,0.0,0.0,0.0,0.0,0.0,0.0,0.0,0.0,0.0,0.0,0.0,0.0,0.0,0.0,0.0,0.0,0.0,0.0,0.0,0.0,0.0,0.0,0.0,0.0,0.0,0.0,0.0,0.23277986972460135,0.22004575875167318,0.0,0.0,0.0,0.0,0.0,0.0,0.0,0.0,0.0,0.0,0.0,0.0,0.0,0.0,0.0,0.0,0.0,0.0,0.0,0.0,0.0,0.0,0.0,0.0,0.0,0.0,0.0,0.0,0.0,0.0,0.0,0.12068826428721313,0.0,0.0,0.0,0.11042036541265875,0.0,0.0,0.0,0.0,0.0,0.0,0.0,0.0,0.0,0.0,0.0,0.0,0.0,0.0,0.0,0.0,0.0,0.0,0.0,0.0,0.0,0.0,0.0,0.0,0.0,0.0,0.2033052836329528,0.0,0.0,0.0,0.0,0.0,0.0,0.0,0.0,0.0,0.15862239417685542,0.0,0.0,0.0,0.0,0.0,0.0,0.0,0.0,0.0,0.23045057548442208,0.0,0.0,0.0,0.0,0.5148793412679142,0.3252922786118836,0.0,0.0,0.0,0.0,0.0,0.0,0.0,0.0,0.0,0.0,0.0,0.0,0.13138024357420022,0.0,0.0,0.0,0.0,0.0,0.0,0.0,0.0,0.0,0.0,0.0,0.0,0.6023760794160818,0.0,0.0
8c8c8bbbdf007f634a2b365447095594ab345058ff7d45e3fcf98c7135769e6a,0.0,0.0,0.0,0.0,0.0,0.0,0.0,0.0,0.0,0.0,0.21552755327224868,0.0,0.1403244281971374,0.0,0.0,0.0,0.0,0.0,0.0,0.0,0.0,0.20515014697891665,0.0,0.0,0.0,0.0,0.0,0.0,0.0,0.0,0.0,0.0,0.0,0.0,0.0,0.0,0.0,0.0,0.0,0.0,0.0,0.0,0.2570146628979723,0.0,0.0,0.0,0.0,0.0,0.0,0.0,0.0,0.0,0.0,0.0,0.0,0.0,0.0,0.0,0.0,0.0,0.20362307355936504,0.0,0.0,0.0,0.0,0.0,0.0,0.0,0.0,0.0,0.0,0.0,0.0,0.0,0.0,0.0,0.0,0.0,0.7050256493066157,0.12191626804835395,0.0,0.0,0.0,0.0,0.0,0.0,0.0,0.0,0.0,0.0,0.0,0.0,0.0,0.0,0.0,0.0,0.0,0.0,0.0,0.17157083420597247,0.0,0.0,0.0,0.0,0.0,0.0,0.0,0.0,0.0,0.0,0.0,0.0,0.0,0.0,0.2817676921837936,0.0,0.0,0.1621833283310756,0.0,0.15790029429795419,0.0,0.0,0.0,0.0,0.0,0.0,0.0,0.0,0.0,0.0,0.0,0.0,0.0,0.0,0.0,0.0,0.0,0.0,0.0,0.0,0.0,0.0,0.0,0.21655891623078946,0.0,0.14505828641293347,0.0,0.0,0.0,0.0,0.0,0.0,0.0,0.0,0.21052677052581262,0.0,0.0,0.0,0.0,0.0,0.0
3885589a3c94d0475a6d994e4644e682f4cff93f8b4d65f37508ffe706861363,0.0,0.20752547641433336,0.2443932288721331,0.0,0.0,0.0,0.0,0.0,0.0,0.0,0.0,0.0,0.09702819574712394,0.0,0.0,0.0,0.0,0.18991543239517344,0.0,0.0,0.0,0.14185234085299225,0.0,0.0,0.0,0.0,0.0,0.0,0.0,0.0,0.0,0.0,0.0,0.0,0.0,0.3417462872207167,0.0,0.0,0.0,0.0,0.0,0.0,0.0,0.0,0.0,0.0,0.0,0.0,0.0,0.0,0.22977413225601126,0.0,0.27854624144051515,0.0,0.0,0.0,0.0,0.0,0.0,0.0,0.14079643647072515,0.0,0.0,0.19670888054998759,0.0,0.0,0.0,0.0,0.0,0.0,0.0,0.0,0.0,0.0,0.0,0.09213872451650662,0.0,0.0,0.0,0.08429975930018317,0.0,0.0,0.0,0.0,0.30537288342570323,0.28519585750719745,0.0,0.0,0.0,0.0,0.0,0.0,0.0,0.0,0.0,0.0,0.0,0.0,0.0,0.11863371687819958,0.0,0.0,0.0,0.0,0.0,0.0,0.0,0.0,0.0,0.0,0.0,0.0,0.0,0.0,0.19483001743656642,0.0,0.0,0.11214266774791458,0.12317047895314791,0.1091811373152128,0.13032802897634768,0.0,0.21274454153555378,0.2906471235639465,0.0,0.0,0.0,0.0,0.0,0.0,0.0,0.0,0.0,0.0,0.0,0.0,0.0,0.0,0.0,0.0,0.0,0.0,0.0,0.0,0.0,0.10030145135559228,0.0,0.0,0.0,0.0,0.0,0.0,0.0,0.0,0.1455700405341477,0.0,0.0,0.25700225586222936,0.0,0.0,0.0
4708750c9a6fdeaec5f499a3cd26bb5f61db4f82e66484dc7b44118effbb246f,0.0,0.0,0.0,0.0,0.3212635263757016,0.0,0.0,0.0,0.0,0.0,0.0,0.0,0.11560011638789328,0.0,0.0,0.0,0.0,0.0,0.0,0.0,0.0,0.0,0.0,0.0,0.0,0.0,0.0,0.0,0.0,0.0,0.0,0.0,0.0,0.0,0.0,0.0,0.0,0.0,0.0,0.0,0.0,0.0,0.0,0.0,0.0,0.0,0.0,0.0,0.0,0.0,0.2737546156268645,0.0,0.0,0.0,0.0,0.0,0.0,0.0,0.0,0.0,0.16774592496221796,0.0,0.0,0.0,0.0,0.0,0.0,0.18903420646381983,0.0,0.0,0.0,0.0,0.0,0.0,0.0,0.0,0.0,0.0,0.0,0.10043536223192547,0.0,0.0,0.0,0.0,0.0,0.0,0.0,0.0,0.0,0.0,0.0,0.0,0.0,0.0,0.0,0.0,0.0,0.0,0.0,0.14134109547280493,0.0,0.0,0.0,0.0,0.0,0.0,0.18492095845753373,0.0,0.0,0.0,0.0,0.0,0.0,0.0,0.23212193649586593,0.2641976798747511,0.0,0.13360761110609473,0.0,0.13007922165114846,0.0,0.0,0.2534654341764156,0.0,0.1824896103533338,0.0,0.20961157788996226,0.0,0.0,0.0,0.0,0.0,0.0,0.0,0.0,0.0,0.0,0.0,0.0,0.0,0.37268398116367807,0.0,0.0,0.17840255073724923,0.0,0.11949989754318163,0.0,0.26754414061708487,0.0,0.0,0.0,0.0,0.0,0.0,0.17343323246157155,0.0,0.0,0.3061944052536448,0.0,0.0,0.0
5be0bf531e818452411a456d779d953be7a50e9e6f290f458c0a3c8ba1ab26b2,0.0,0.0,0.0,0.0,0.0,0.0,0.0,0.0,0.0,0.0,0.0,0.0,0.16516462690041042,0.0,0.0,0.0,0.0,0.0,0.0,0.0,0.0,0.0,0.0,0.0,0.0,0.0,0.0,0.0,0.0,0.0,0.0,0.0,0.0,0.0,0.0,0.0,0.0,0.0,0.0,0.0,0.0,0.0,0.3025113406900334,0.2859626030888238,0.0,0.0,0.0,0.0,0.0,0.0,0.0,0.0,0.4741506908150253,0.0,0.0,0.0,0.0,0.0,0.0,0.0,0.0,0.0,0.0,0.0,0.0,0.0,0.0,0.2700841933173156,0.0,0.0,0.0,0.0,0.0,0.0,0.0,0.0,0.0,0.26688277543236916,0.0,0.14349785838434354,0.0,0.0,0.0,0.0,0.0,0.0,0.0,0.0,0.0,0.0,0.0,0.0,0.0,0.0,0.0,0.0,0.0,0.0,0.0,0.0,0.0,0.0,0.22123855457496852,0.0,0.0,0.0,0.0,0.0,0.0,0.0,0.0,0.0,0.0,0.0,0.0,0.0,0.20613927305086108,0.0,0.20966489219752943,0.1858517688634246,0.0,0.0,0.0,0.0,0.0,0.0,0.2994842837357879,0.0,0.0,0.0,0.0,0.0,0.0,0.23684928616763556,0.0,0.0,0.0,0.0,0.0,0.0,0.0,0.0,0.0,0.25489412685128787,0.0,0.17073647163234104,0.0,0.0,0.0,0.0,0.0,0.0,0.0,0.0,0.0,0.0,0.0,0.0,0.0,0.0,0.0
0c0c9a19db1f89d94ddcd8af54fa631798e3ccc82743faae6d9818759f2dbcc1,0.0,0.2271122388951903,0.0,0.0,0.0,0.29359493545865145,0.0,0.0,0.0,0.0,0.0,0.0,0.0,0.0,0.0,0.0,0.0,0.2078401158125805,0.0,0.0,0.0,0.0,0.0,0.0,0.0,0.0,0.0,0.0,0.0,0.0,0.0,0.0,0.0,0.0,0.0,0.0,0.0,0.0,0.0,0.0,0.0,0.0,0.1944875002961836,0.0,0.0,0.0,0.0,0.0,0.0,0.0,0.0,0.0,0.0,0.0,0.0,0.2966374940240488,0.0,0.0,0.0,0.0,0.15408514881078117,0.0,0.0,0.0,0.0,0.0,0.0,0.0,0.0,0.0,0.0,0.0,0.0,0.0,0.0,0.0,0.0,0.0,0.0,0.09225617694651345,0.0,0.0,0.0,0.0,0.0,0.0,0.0,0.0,0.0,0.0,0.4652119786623866,0.4652119786623866,0.0,0.0,0.0,0.0,0.0,0.0,0.0,0.0,0.0,0.0,0.14223643103851427,0.0,0.0,0.0,0.16986149385494212,0.0,0.0,0.0,0.0,0.0,0.0,0.0,0.0,0.0,0.13252895523547983,0.1227269672522445,0.13479561027481762,0.0,0.0,0.0,0.0,0.0,0.0,0.0,0.1925413757676205,0.0,0.0,0.0,0.0,0.0,0.0,0.0,0.0,0.0,0.0,0.0,0.0,0.0,0.0,0.0,0.0,0.0,0.0,0.10976814786983057,0.0,0.0,0.0,0.0,0.0,0.0,0.0,0.0,0.0,0.0,0.0,0.2812587579052249,0.0,0.0,0.0
cc10c90381719811def4bc31ff3c8e32c483c0eeffcb149df0b071e5a60d517b,0.0,0.0,0.0,0.0,0.0,0.0,0.0,0.0,0.0,0.0,0.0,0.0,0.28469981983108467,0.0,0.0,0.0,0.0,0.0,0.0,0.0,0.0,0.0,0.0,0.0,0.0,0.0,0.0,0.0,0.0,0.0,0.0,0.0,0.0,0.0,0.0,0.0,0.0,0.0,0.0,0.0,0.0,0.0,0.0,0.0,0.0,0.0,0.0,0.0,0.0,0.0,0.0,0.0,0.0,0.0,0.0,0.0,0.0,0.0,0.0,0.0,0.0,0.0,0.0,0.0,0.0,0.0,0.0,0.4655532036107698,0.0,0.0,0.0,0.0,0.0,0.0,0.0,0.0,0.0,0.0,0.0,0.0,0.0,0.0,0.0,0.0,0.0,0.0,0.0,0.0,0.0,0.0,0.0,0.0,0.0,0.0,0.0,0.0,0.0,0.0,0.0,0.0,0.0,0.0,0.0,0.0,0.0,0.0,0.0,0.0,0.0,0.0,0.0,0.0,0.0,0.0,0.0,0.0,0.0,0.0,0.361406423117056,0.32035894188535774,0.0,0.0,0.0,0.0,0.0,0.0,0.0,0.0,0.0,0.0,0.0,0.0,0.0,0.408265076878149,0.0,0.0,0.0,0.0,0.0,0.0,0.0,0.0,0.5498012367041437,0.0,0.0,0.0,0.0,0.0,0.0,0.0,0.0,0.0,0.0,0.0,0.0,0.0,0.0,0.0,0.0,0.0,0.0
64578ffca840ebc3f791f1faa21252941d9fd384622d54a28226659ad05650a3,0.0,0.0,0.0,0.0,0.0,0.0,0.0,0.0,0.0,0.0,0.0,0.0,0.14706751506461885,0.0,0.0,0.0,0.0,0.0,0.0,0.0,0.0,0.0,0.0,0.0,0.0,0.0,0.0,0.0,0.0,0.0,0.0,0.0,0.0,0.0,0.240491029555379,0.0,0.0,0.0,0.0,0.0,0.0,0.0,0.0,0.0,0.0,0.0,0.0,0.0,0.36205718139387394,0.0,0.0,0.0,0.0,0.0,0.0,0.41084284050666514,0.0,0.0,0.0,0.0,0.21340788502002828,0.0,0.0,0.0,0.284011074223744,0.0,0.5539462110322034,0.240491029555379,0.0,0.0,0.0,0.0,0.0,0.0,0.0,0.0,0.0,0.0,0.0,0.1277747774794722,0.0,0.0,0.0,0.0,0.0,0.0,0.0,0.0,0.0,0.0,0.0,0.0,0.0,0.0,0.0,0.0,0.0,0.0,0.0,0.0,0.0,0.0,0.19699741444908525,0.0,0.0,0.0,0.0,0.0,0.0,0.0,0.0,0.0,0.0,0.0,0.0,0.0,0.0,0.0,0.0,0.0,0.0,0.0,0.0,0.0,0.0,0.0,0.0,0.0,0.0,0.0,0.0,0.0,0.0,0.0,0.0,0.0,0.0,0.0,0.0,0.0,0.0,0.0,0.0,0.22696534084860692,0.0,0.15202885197088645,0.0,0.0,0.0,0.0,0.0,0.0,0.0,0.0,0.0,0.0,0.0,0.0,0.0,0.0,0.0
5489562b8793f08bfaeaf4ff2e3d408b3f653f779269b98adc6e3e370ca79c7d,0.0,0.0,0.0,0.0,0.0,0.0,0.0,0.0,0.0,0.0,0.0,0.0,0.0,0.0,0.0,0.0,0.0,0.0,0.0,0.0,0.0,0.0,0.0,0.0,0.0,0.0,0.0,0.0,0.0,0.0,0.0,0.0,0.0,0.0,0.31353077002828733,0.0,0.0,0.0,0.0,0.0,0.0,0.0,0.0,0.0,0.0,0.0,0.0,0.0,0.0,0.0,0.0,0.0,0.0,0.0,0.0,0.0,0.0,0.0,0.0,0.0,0.27822218002950505,0.0,0.0,0.3887085138632783,0.0,0.0,0.0,0.31353077002828733,0.0,0.0,0.0,0.0,0.0,0.0,0.0,0.18207163080757796,0.0,0.0,0.0,0.16658136666218928,0.0,0.0,0.0,0.0,0.0,0.0,0.0,0.0,0.0,0.0,0.0,0.0,0.0,0.0,0.0,0.0,0.0,0.0,0.0,0.0,0.0,0.0,0.2568276711193525,0.0,0.0,0.0,0.3067085665823992,0.0,0.0,0.0,0.0,0.0,0.0,0.0,0.0,0.0,0.23929947257881323,0.22160061914377063,0.2433922337000933,0.0,0.25753598066586925,0.0,0.0,0.0,0.0,0.0,0.0,0.0,0.0,0.0,0.0,0.0,0.0,0.0,0.0,0.0,0.0,0.0,0.0,0.0,0.0,0.0,0.0,0.0,0.0,0.19820166728494268,0.0,0.0,0.0,0.0,0.0,0.0,0.0,0.0,0.287655107186005,0.0,0.0,0.0,0.0,0.0,0.0
0cbb472b555d4cab454948ba900675db48b120afaedf246a14d87d970b233a43,0.0,0.0,0.2814206583850751,0.0,0.3105045095720555,0.0,0.0,0.0,0.0,0.0,0.0,0.0,0.11172870400332557,0.0,0.0,0.0,0.0,0.0,0.0,0.0,0.0,0.0,0.0,0.0,0.0,0.0,0.0,0.0,0.0,0.0,0.0,0.0,0.0,0.0,0.0,0.0,0.0,0.0,0.0,0.0,0.0,0.0,0.0,0.0,0.0,0.0,0.0,0.0,0.0,0.0,0.2645866576490868,0.0,0.0,0.0,0.0,0.0,0.0,0.0,0.0,0.0,0.1621281654680977,0.0,0.0,0.0,0.0,0.0,0.0,0.18270350896213802,0.0,0.0,0.0,0.0,0.0,0.0,0.0,0.0,0.0,0.0,0.0,0.09707181280530965,0.0,0.0,0.0,0.0,0.0,0.0,0.0,0.0,0.0,0.0,0.0,0.0,0.0,0.0,0.0,0.0,0.0,0.0,0.0,0.1366076256065143,0.0,0.0,0.0,0.0,0.0,0.0,0.17872801236796038,0.0,0.0,0.0,0.0,0.0,0.0,0.0,0.22434824415229968,0.25534978073934606,0.0,0.12913313325545814,0.0,0.1257229084794091,0.0,0.0,0.2449769546524177,0.0,0.1763780893648409,0.0,0.2025917505407489,0.0,0.0,0.0,0.0,0.0,0.0,0.0,0.0,0.0,0.0,0.0,0.0,0.0,0.3602029091259498,0.0,0.0,0.17242790411972223,0.0,0.0,0.0,0.25858416953947805,0.0,0.0,0.0,0.0,0.0,0.0,0.16762500678648343,0.0,0.0,0.2959400486870241,0.0,0.0,0.0
ae74817df2569f0619a180f569caf62d7ac5d5418f7a64cb4e21724f20d96dd6,0.0,0.0,0.0,0.0,0.0,0.0,0.3198529333617555,0.0,0.0,0.0,0.0,0.0,0.12021217879642372,0.0,0.0,0.0,0.31023861342358117,0.23529395491171368,0.0,0.0,0.0,0.0,0.0,0.0,0.0,0.31699240869757206,0.0,0.0,0.0,0.0,0.0,0.0,0.0,0.0,0.0,0.0,0.0,0.0,0.0,0.0,0.0,0.0,0.0,0.0,0.0,0.0,0.0,0.0,0.0,0.29271854443424294,0.0,0.0,0.0,0.0,0.0,0.0,0.0,0.0,0.0,0.0,0.1744384327111413,0.3184105495820303,0.0,0.0,0.0,0.0,0.0,0.0,0.0,0.0,0.0,0.0,0.0,0.0,0.0,0.11415441398621531,0.0,0.0,0.0,0.0,0.0,0.0,0.0,0.0,0.0,0.0,0.0,0.0,0.25046442946065606,0.0,0.0,0.0,0.0,0.0,0.0,0.0,0.0,0.0,0.0,0.0,0.0,0.0,0.0,0.0,0.0,0.0,0.0,0.0,0.0,0.0,0.0,0.0,0.0,0.0,0.24138283424371623,0.27473829372398517,0.15003485682135093,0.13893811301154532,0.15260091692260339,0.13526895248407514,0.16146869681388043,0.0,0.0,0.0,0.0,0.0,0.0,0.0,0.0,0.0,0.0,0.0,0.30768152693629003,0.0,0.0,0.0,0.0,0.0,0.0,0.0,0.0,0.0,0.0,0.0,0.0,0.0,0.0,0.0,0.0,0.0,0.0,0.0,0.0,0.0,0.0,0.0,0.0,0.0,0.0,0.0,0.0
8022060ef633e157518037122a6003813cc0a3066d456a1164275a211efc8f5c,0.0,0.0,0.0,0.0,0.0,0.0,0.0,0.0,0.0,0.0,0.0,0.0,0.23579137363047692,0.0,0.0,0.0,0.0,0.0,0.0,0.0,0.0,0.0,0.0,0.0,0.0,0.0,0.0,0.0,0.0,0.0,0.0,0.0,0.0,0.0,0.0,0.0,0.0,0.0,0.0,0.0,0.0,0.0,0.0,0.0,0.0,0.0,0.0,0.0,0.0,0.0,0.0,0.0,0.0,0.0,0.0,0.0,0.0,0.0,0.0,0.0,0.0,0.0,0.0,0.0,0.0,0.0,0.0,0.0,0.0,0.0,0.0,0.0,0.0,0.0,0.0,0.22390931059800903,0.0,0.0,0.0,0.0,0.0,0.0,0.0,0.0,0.0,0.0,0.0,0.0,0.0,0.0,0.0,0.0,0.0,0.0,0.0,0.0,0.0,0.0,0.0,0.288295653095548,0.0,0.0,0.0,0.0,0.0,0.0,0.0,0.0,0.0,0.0,0.0,0.0,0.0,0.0,0.0,0.0,0.2942873620339932,0.0,0.0,0.0,0.0,0.0,0.0,0.0,0.0,0.0,0.0,0.0,0.0,0.0,0.0,0.0,0.0,0.0,0.0,0.0,0.0,0.0,0.8512036264621186,0.0,0.0,0.0,0.0,0.0,0.0,0.0,0.0,0.0,0.0,0.0,0.0,0.0,0.0,0.0,0.0,0.0,0.0,0.0,0.0,0.0,0.0
83192912fec0c2f7c3e4e350f8722aea77fb085e78e577016675a1f0ee6a4efa,0.0,0.0,0.0,0.0,0.0,0.0,0.0,0.0,0.0,0.0,0.18731097350444353,0.0,0.12195334124569474,0.0,0.0,0.0,0.3147321333765122,0.0,0.0,0.0,0.0,0.17829216339991918,0.0,0.42001512295959226,0.0,0.0,0.0,0.0,0.0,0.49405849282053255,0.0,0.0,0.0,0.0,0.0,0.0,0.0,0.0,0.0,0.0,0.0,0.0,0.0,0.2111474809859049,0.0,0.0,0.0,0.2547431256287649,0.0,0.0,0.0,0.0,0.0,0.0,0.0,0.0,0.0,0.0,0.0,0.0,0.0,0.0,0.0,0.0,0.0,0.0,0.0,0.0,0.0,0.0,0.0,0.0,0.0,0.0,0.0,0.11580783530376694,0.24724055776830536,0.19705942365326742,0.0,0.10595515286771576,0.0,0.0,0.0,0.0,0.0,0.0,0.0,0.0,0.0,0.0,0.0,0.0,0.0,0.0,0.0,0.0,0.0,0.0,0.0,0.14910900946152092,0.0,0.0,0.16335689698892997,0.0,0.0,0.0,0.0,0.0,0.0,0.0,0.0,0.0,0.0,0.0,0.0,0.0,0.15220797323430177,0.0,0.0,0.0,0.0,0.0,0.0,0.0,0.19251899064302982,0.0,0.0,0.0,0.0,0.0,0.0,0.0,0.0,0.0,0.0,0.0,0.0,0.0,0.0,0.0,0.0,0.0,0.23551155696855353,0.0,0.0,0.0,0.0,0.0,0.0,0.0,0.0,0.0,0.0,0.0,0.0,0.0,0.0,0.0,0.0,0.0,0.0
571114066b38641901a6a70cf10fc8c0d64167b09c220c19acad7d15505455c0,0.0,0.0,0.0,0.0,0.0,0.0,0.0,0.0,0.0,0.0,0.3067063367158245,0.0,0.1996885812076278,0.0,0.0,0.0,0.0,0.0,0.0,0.0,0.0,0.291938775814601,0.0,0.0,0.0,0.0,0.0,0.0,0.0,0.0,0.0,0.0,0.0,0.0,0.0,0.0,0.0,0.0,0.0,0.0,0.0,0.0,0.0,0.34573666020920446,0.0,0.0,0.0,0.0,0.0,0.0,0.0,0.0,0.0,0.0,0.0,0.0,0.0,0.0,0.0,0.0,0.0,0.0,0.0,0.0,0.0,0.0,0.0,0.0,0.0,0.0,0.0,0.0,0.0,0.0,0.0,0.18962581991046712,0.0,0.0,0.0,0.17349286154583657,0.0,0.0,0.0,0.0,0.0,0.0,0.0,0.0,0.0,0.0,0.0,0.0,0.0,0.0,0.0,0.0,0.0,0.0,0.0,0.24415375782659837,0.0,0.0,0.0,0.0,0.4549685437866675,0.0,0.0,0.0,0.0,0.0,0.0,0.0,0.0,0.0,0.0,0.0,0.0,0.0,0.0,0.0,0.0,0.0,0.0,0.0,0.0,0.0,0.0,0.0,0.0,0.0,0.0,0.0,0.0,0.0,0.0,0.0,0.0,0.0,0.0,0.0,0.0,0.0,0.0,0.0,0.0,0.0,0.0,0.0,0.0,0.0,0.0,0.5732612394333071,0.0,0.0,0.0,0.0,0.0,0.0,0.0,0.0,0.0
8642770995c3663ff3b46a3f8c946d38d475c0a2373c281aca3fae221c430ed5,0.0,0.0,0.0,0.0,0.0,0.0,0.0,0.0,0.0,0.0,0.0,0.0,0.0,0.0,0.0,0.0,0.0,0.5403609412194295,0.0,0.0,0.0,0.0,0.0,0.0,0.0,0.0,0.0,0.0,0.0,0.0,0.0,0.0,0.0,0.0,0.0,0.0,0.0,0.0,0.0,0.0,0.0,0.0,0.0,0.0,0.0,0.0,0.0,0.0,0.0,0.0,0.0,0.0,0.0,0.0,0.0,0.0,0.0,0.0,0.0,0.0,0.4006040687275722,0.0,0.0,0.0,0.0,0.0,0.0,0.0,0.0,0.0,0.0,0.0,0.0,0.0,0.0,0.0,0.0,0.0,0.0,0.0,0.0,0.0,0.0,0.0,0.0,0.0,0.0,0.0,0.0,0.0,0.0,0.0,0.0,0.0,0.0,0.0,0.0,0.0,0.0,0.33754511734082976,0.0,0.0,0.36979873423940707,0.0,0.0,0.0,0.44162079268259835,0.0,0.0,0.0,0.0,0.0,0.0,0.0,0.0,0.0,0.0,0.3190763211334527,0.0,0.0,0.0,0.0,0.0,0.0,0.0,0.0,0.0,0.0,0.0,0.0,0.0,0.0,0.0,0.0,0.0,0.0,0.0,0.0,0.0,0.0,0.0,0.0,0.0,0.0,0.0,0.0,0.0,0.0,0.0,0.0,0.0,0.0,0.0,0.0,0.0,0.0,0.0,0.0,0.0,0.0,0.0
640302971508d14f5c2b2f94d742b6e1d354500bb6fc79e84fd802613a847cf6,0.0,0.0,0.0,0.0,0.38876965438591404,0.0,0.0,0.0,0.0,0.0,0.0,0.0,0.0,0.0,0.0,0.0,0.0,0.0,0.0,0.0,0.0,0.0,0.0,0.0,0.0,0.0,0.0,0.0,0.0,0.0,0.0,0.0,0.0,0.0,0.0,0.0,0.0,0.0,0.0,0.0,0.0,0.0,0.25622047230253825,0.0,0.0,0.0,0.0,0.0,0.0,0.0,0.0,0.0,0.0,0.0,0.0,0.3907942603289995,0.0,0.0,0.0,0.0,0.0,0.0,0.0,0.0,0.0,0.0,0.0,0.0,0.0,0.0,0.0,0.0,0.0,0.0,0.0,0.13284140125014954,0.0,0.0,0.0,0.0,0.0,0.0,0.0,0.0,0.0,0.0,0.0,0.0,0.0,0.0,0.0,0.0,0.0,0.0,0.0,0.0,0.0,0.0,0.0,0.0,0.0,0.0,0.1873842045571844,0.0,0.0,0.0,0.0,0.0,0.0,0.634787019230282,0.0,0.0,0.0,0.0,0.0,0.0,0.0,0.0,0.0,0.0,0.0,0.0,0.0,0.0,0.0,0.0,0.25365662143752826,0.0,0.0,0.0,0.0,0.0,0.0,0.0,0.0,0.0,0.0,0.0,0.0,0.0,0.0,0.0,0.0,0.0,0.0,0.14461004767993685,0.29920074568696803,0.0,0.0,0.0,0.0,0.0,0.0,0.0,0.0,0.0,0.0,0.0,0.0,0.0,0.0
0d8b03ccf47db19028069b9a0eab33121138fda2d66d8fb89db6aa28f4071c35,0.0,0.0,0.0,0.0,0.0,0.0,0.30532993936270836,0.0,0.0,0.0,0.0,0.0,0.11475391792345467,0.0,0.0,0.0,0.29615215977231035,0.22461038024732236,0.0,0.0,0.0,0.0,0.0,0.0,0.0,0.30259929746087894,0.0,0.0,0.0,0.0,0.0,0.0,0.0,0.0,0.0,0.0,0.0,0.0,0.0,0.0,0.0,0.0,0.0,0.0,0.0,0.0,0.0,0.0,0.0,0.2794275934351466,0.0,0.0,0.0,0.0,0.0,0.0,0.0,0.0,0.0,0.0,0.1665180166472941,0.3039530473412019,0.0,0.0,0.0,0.0,0.0,0.0,0.0,0.0,0.0,0.0,0.0,0.0,0.0,0.10897120727973969,0.0,0.0,0.0,0.0,0.0,0.0,0.0,0.0,0.0,0.0,0.0,0.0,0.23909203600532436,0.0,0.0,0.0,0.0,0.0,0.0,0.0,0.0,0.0,0.0,0.1403064717917194,0.0,0.0,0.15371324604818637,0.0,0.0,0.0,0.0,0.0,0.0,0.0,0.0,0.0,0.0,0.0,0.2304227926510083,0.2622637400310567,0.14322249058051997,0.13262959690604045,0.14567203814877797,0.12912703543321055,0.15413717451012926,0.0,0.0,0.0,0.0,0.0,0.0,0.0,0.0,0.0,0.0,0.0,0.2937111783690641,0.0,0.0,0.0,0.0,0.0,0.0,0.0,0.0,0.0,0.0,0.17709663540426432,0.0,0.11862515249134878,0.0,0.0,0.0,0.0,0.0,0.0,0.0,0.0,0.0,0.0,0.0,0.0,0.0,0.0,0.0
a7bf19187e84d12c7fb6adb7fe37dbdfe83cf2d9a5c229f25733bb6dc7baef61,0.0,0.0,0.0,0.0,0.0,0.0,0.30532993936270836,0.0,0.0,0.0,0.0,0.0,0.11475391792345467,0.0,0.0,0.0,0.29615215977231035,0.22461038024732236,0.0,0.0,0.0,0.0,0.0,0.0,0.0,0.30259929746087894,0.0,0.0,0.0,0.0,0.0,0.0,0.0,0.0,0.0,0.0,0.0,0.0,0.0,0.0,0.0,0.0,0.0,0.0,0.0,0.0,0.0,0.0,0.0,0.2794275934351466,0.0,0.0,0.0,0.0,0.0,0.0,0.0,0.0,0.0,0.0,0.1665180166472941,0.3039530473412019,0.0,0.0,0.0,0.0,0.0,0.0,0.0,0.0,0.0,0.0,0.0,0.0,0.0,0.10897120727973969,0.0,0.0,0.0,0.0,0.0,0.0,0.0,0.0,0.0,0.0,0.0,0.0,0.23909203600532436,0.0,0.0,0.0,0.0,0.0,0.0,0.0,0.0,0.0,0.0,0.1403064717917194,0.0,0.0,0.15371324604818637,0.0,0.0,0.0,0.0,0.0,0.0,0.0,0.0,0.0,0.0,0.0,0.2304227926510083,0.2622637400310567,0.14322249058051997,0.13262959690604045,0.14567203814877797,0.12912703543321055,0.15413717451012926,0.0,0.0,0.0,0.0,0.0,0.0,0.0,0.0,0.0,0.0,0.0,0.2937111783690641,0.0,0.0,0.0,0.0,0.0,0.0,0.0,0.0,0.0,0.0,0.17709663540426432,0.0,0.11862515249134878,0.0,0.0,0.0,0.0,0.0,0.0,0.0,0.0,0.0,0.0,0.0,0.0,0.0,0.0,0.0
a37ccbc6af443239e22c77957975a9d59ab79d1c58e1895f41b57fee993e0eff,0.0,0.0,0.0,0.0,0.0,0.0,0.0,0.0,0.0,0.0,0.0,0.0,0.0,0.0,0.0,0.0,0.0,0.0,0.0,0.0,0.0,0.0,0.0,0.0,0.0,0.0,0.0,0.0,0.0,0.0,0.0,0.0,0.0,0.0,0.31353077002828733,0.0,0.0,0.0,0.0,0.0,0.0,0.0,0.0,0.0,0.0,0.0,0.0,0.0,0.0,0.0,0.0,0.0,0.0,0.0,0.0,0.0,0.0,0.0,0.0,0.0,0.27822218002950505,0.0,0.0,0.3887085138632783,0.0,0.0,0.0,0.31353077002828733,0.0,0.0,0.0,0.0,0.0,0.0,0.0,0.18207163080757796,0.0,0.0,0.0,0.16658136666218928,0.0,0.0,0.0,0.0,0.0,0.0,0.0,0.0,0.0,0.0,0.0,0.0,0.0,0.0,0.0,0.0,0.0,0.0,0.0,0.0,0.0,0.0,0.2568276711193525,0.0,0.0,0.0,0.3067085665823992,0.0,0.0,0.0,0.0,0.0,0.0,0.0,0.0,0.0,0.23929947257881323,0.22160061914377063,0.2433922337000933,0.0,0.25753598066586925,0.0,0.0,0.0,0.0,0.0,0.0,0.0,0.0,0.0,0.0,0.0,0.0,0.0,0.0,0.0,0.0,0.0,0.0,0.0,0.0,0.0,0.0,0.0,0.0,0.19820166728494268,0.0,0.0,0.0,0.0,0.0,0.0,0.0,0.0,0.287655107186005,0.0,0.0,0.0,0.0,0.0,0.0
a43dab9c34af5a49a2a615e86db3e2bf4c5467853dd5bd4f1a1c73619b683ab2,0.0,0.0,0.0,0.0,0.35011882074779616,0.0,0.0,0.0,0.0,0.0,0.0,0.0,0.12598310453924708,0.0,0.0,0.0,0.0,0.0,0.0,0.0,0.0,0.0,0.0,0.0,0.0,0.0,0.0,0.0,0.0,0.0,0.0,0.0,0.0,0.0,0.0,0.0,0.0,0.0,0.0,0.0,0.0,0.0,0.0,0.0,0.0,0.0,0.0,0.0,0.0,0.0,0.2983427477087958,0.0,0.0,0.0,0.0,0.0,0.0,0.0,0.0,0.0,0.18281255297041435,0.0,0.0,0.0,0.0,0.0,0.0,0.20601290845170092,0.0,0.0,0.0,0.0,0.0,0.0,0.0,0.0,0.0,0.0,0.0,0.1094562802778196,0.0,0.0,0.0,0.0,0.0,0.0,0.0,0.0,0.0,0.0,0.0,0.0,0.0,0.0,0.0,0.0,0.0,0.0,0.0,0.15403609064624574,0.0,0.0,0.0,0.0,0.0,0.0,0.20153021613474006,0.0,0.0,0.0,0.0,0.0,0.0,0.0,0.0,0.2879274257043323,0.0,0.14560799905025906,0.1599267017862024,0.14176269619549287,0.0,0.0,0.27623122959309815,0.0,0.19888048885111945,0.0,0.22843850123245454,0.0,0.0,0.0,0.0,0.0,0.0,0.18066222131991588,0.0,0.0,0.0,0.0,0.0,0.0,0.0,0.0,0.0,0.19442633711701926,0.0,0.0,0.0,0.29157445934678344,0.0,0.0,0.0,0.0,0.0,0.0,0.18901068388607617,0.0,0.0,0.33369621910209846,0.0,0.0,0.0
a45bd4059d804b586397f43ee95232378d519c6b8978d334e07f6047435fe926,0.0,0.0,0.3235667981154293,0.0,0.0,0.0,0.0,0.0,0.0,0.0,0.0,0.0,0.0,0.0,0.0,0.0,0.0,0.0,0.0,0.0,0.0,0.0,0.0,0.0,0.0,0.0,0.0,0.0,0.0,0.0,0.0,0.0,0.0,0.0,0.0,0.0,0.0,0.0,0.0,0.0,0.0,0.0,0.0,0.22241544326812066,0.0,0.0,0.0,0.0,0.0,0.0,0.0,0.0,0.0,0.0,0.0,0.0,0.0,0.0,0.0,0.0,0.18640881478238708,0.0,0.0,0.2604346402482816,0.0,0.0,0.0,0.0,0.0,0.0,0.0,0.0,0.0,0.0,0.38480509295226645,0.12198796264459469,0.0,0.0,0.0,0.11160948821922072,0.0,0.0,0.0,0.0,0.0,0.0,0.0,0.0,0.0,0.0,0.0,0.0,0.0,0.0,0.0,0.0,0.0,0.0,0.0,0.15706626609894736,0.0,0.0,0.0,0.0,0.0,0.0,0.0,0.0,0.0,0.0,0.0,0.0,0.0,0.37307851776272916,0.0,0.0,0.1603306072029784,0.14847237831740356,0.16307275647994957,0.14455143122712197,0.17254906461682304,0.0,0.28166520995231725,0.0,0.0,0.0,0.0,0.0,0.0,0.0,0.0,0.0,0.0,0.18421618212207222,0.0,0.0,0.0,0.0,0.0,0.0,0.0,0.0,0.0,0.0,0.38480509295226645,0.13279508442698948,0.0,0.0,0.0,0.0,0.0,0.0,0.0,0.0,0.0,0.0,0.0,0.0,0.0,0.0,0.0
8d3e8a01a81c542e1c45a5c7057960b0325241ac96eec1aed701c54df64e5298,0.0,0.0,0.0,0.0,0.0,0.0,0.0,0.0,0.0,0.0,0.30155488420029913,0.0,0.19633460340919437,0.0,0.0,0.0,0.0,0.0,0.0,0.0,0.0,0.28703535987232476,0.0,0.0,0.0,0.0,0.0,0.0,0.0,0.0,0.0,0.0,0.0,0.0,0.32105465908278924,0.0,0.0,0.0,0.0,0.0,0.0,0.0,0.0,0.3399296527407078,0.0,0.0,0.0,0.0,0.0,0.0,0.0,0.0,0.0,0.0,0.0,0.0,0.0,0.0,0.0,0.0,0.0,0.0,0.0,0.0,0.0,0.0,0.0,0.0,0.0,0.0,0.0,0.0,0.0,0.0,0.0,0.18644085667349486,0.0,0.0,0.0,0.1705788681552661,0.0,0.0,0.0,0.0,0.0,0.0,0.0,0.0,0.0,0.0,0.0,0.0,0.0,0.0,0.0,0.0,0.0,0.0,0.0,0.24005294105379021,0.0,0.0,0.0,0.0,0.447326873013017,0.0,0.0,0.0,0.0,0.0,0.0,0.0,0.0,0.0,0.0,0.0,0.24504201160399844,0.0,0.0,0.0,0.0,0.0,0.0,0.0,0.3099393529570231,0.0,0.0,0.0,0.0,0.0,0.0,0.0,0.0,0.0,0.0,0.0,0.0,0.0,0.0,0.0,0.0,0.0,0.0,0.3029979133295649,0.0,0.0,0.0,0.0,0.0,0.0,0.0,0.0,0.0,0.0,0.0,0.0,0.0,0.0,0.0,0.0,0.0
a077a55608ced7cea2bd92e2ce7e43bf51076304990ec7bb40c2b384ce2e5283,0.0,0.3629641959309715,0.42744627474769625,0.0,0.0,0.0,0.0,0.0,0.0,0.0,0.0,0.0,0.1697033138315703,0.0,0.0,0.0,0.0,0.0,0.0,0.0,0.4791469492627861,0.0,0.0,0.0,0.0,0.0,0.0,0.0,0.0,0.0,0.0,0.0,0.0,0.0,0.0,0.0,0.0,0.0,0.0,0.0,0.0,0.0,0.3108242845345128,0.0,0.0,0.0,0.0,0.0,0.0,0.0,0.0,0.0,0.0,0.0,0.0,0.0,0.0,0.0,0.0,0.0,0.0,0.0,0.0,0.0,0.0,0.0,0.0,0.0,0.0,0.0,0.0,0.0,0.0,0.0,0.0,0.0,0.0,0.0,0.0,0.14744114737255506,0.0,0.0,0.0,0.0,0.0,0.0,0.0,0.0,0.0,0.0,0.0,0.0,0.0,0.0,0.0,0.0,0.0,0.0,0.0,0.2074915928443771,0.0,0.0,0.22731814047155144,0.0,0.0,0.0,0.0,0.0,0.0,0.0,0.0,0.0,0.0,0.0,0.0,0.0,0.21180393407515466,0.0,0.0,0.0,0.0,0.0,0.3720923945886295,0.0,0.0,0.0,0.0,0.0,0.0,0.0,0.0,0.0,0.0,0.0,0.0,0.0,0.0,0.0,0.0,0.0,0.0,0.0,0.0,0.0,0.0,0.1754282716079939,0.0,0.0,0.0,0.0,0.0,0.0,0.0,0.0,0.0,0.0,0.0,0.0,0.0,0.0,0.0
a81d350afaf97cc038b3f20b46d4757150d7854df5e56780326f91bc7d4fd215,0.0,0.2337318883890653,0.2752553174711776,0.0,0.0,0.0,0.0,0.0,0.0,0.0,0.0,0.0,0.0,0.0,0.0,0.0,0.0,0.0,0.0,0.0,0.0,0.0,0.0,0.0,0.0,0.0,0.0,0.0,0.0,0.0,0.0,0.0,0.0,0.0,0.17870085533542532,0.0,0.0,0.0,0.0,0.0,0.0,0.0,0.2001562352316654,0.0,0.0,0.3317344959208234,0.0,0.0,0.0,0.0,0.2587901146552772,0.0,0.0,0.0,0.0,0.0,0.0,0.0,0.0,0.0,0.15857627479457131,0.0,0.0,0.22154936785714147,0.21103914762371162,0.0,0.0,0.0,0.0,0.0,0.0,0.0,0.0,0.0,0.0,0.10377404474429881,0.0,0.0,0.0,0.09494517141903354,0.0,0.0,0.0,0.0,0.0,0.32121052069196465,0.0,0.0,0.0,0.0,0.0,0.0,0.0,0.0,0.0,0.0,0.0,0.0,0.0,0.0,0.0,0.0,0.0,0.0,0.0,0.0,0.0,0.0,0.0,0.0,0.0,0.0,0.0,0.0,0.21943324105135253,0.0,0.0,0.12630409506626358,0.1387245033088212,0.12296858121747205,0.14678591201905383,0.0,0.23961001943825203,0.0,0.0,0.0,0.0,0.0,0.0,0.0,0.0,0.0,0.0,0.0,0.0,0.0,0.0,0.0,0.0,0.0,0.0,0.0,0.0,0.0,0.32735017511690523,0.1129675644579672,0.2337318883890653,0.0,0.0,0.0,0.0,0.0,0.0,0.0,0.16395269176006155,0.0,0.0,0.0,0.0,0.0,0.0
0e49a7e27c826b6afb92d25bd287493693af46e42838270cf96ee2f27c2c0521,0.0,0.22473315037055597,0.0,0.0,0.0,0.0,0.0,0.0,0.0,0.0,0.1613850100267943,0.28216124539722415,0.10507361545088875,0.0,0.0,0.0,0.0,0.0,0.0,0.0,0.0,0.15361450554477105,0.0,0.0,0.0,0.0,0.0,0.0,0.0,0.0,0.0,0.0,0.0,0.0,0.0,0.0,0.0,0.0,0.0,0.0,0.0,0.3033782527308271,0.0,0.18192227448561227,0.20381902469400018,0.0,0.0,0.0,0.0,0.0,0.0,0.0,0.0,0.0,0.0,0.293530101567165,0.32343379385821996,0.0,0.0,0.0,0.0,0.0,0.0,0.0,0.0,0.0,0.0,0.0,0.0,0.0,0.0,0.0,0.0,0.0,0.0,0.09977871724229975,0.0,0.0,0.0,0.09128975781838634,0.0,0.0,0.0,0.0,0.0,0.0,0.0,0.0,0.0,0.0,0.0,0.0,0.0,0.0,0.0,0.0,0.0,0.0,0.0,0.12847063114784385,0.0,0.0,0.14074644942187037,0.0,0.0,0.0,0.16808212902293923,0.0,0.0,0.0,0.0,0.0,0.0,0.3051554852299447,0.0,0.0,0.13114066318166404,0.12144135481289141,0.13338357413297017,0.11823425910802218,0.14113461652757728,0.0,0.0,0.0,0.16587217851674144,0.0,0.19052443040248127,0.0,0.0,0.0,0.0,0.0,0.0,0.0,0.0,0.0,0.0,0.0,0.0,0.0,0.0,0.0,0.20291408598062885,0.0,0.0,0.10861828407456416,0.22473315037055597,0.0,0.0,0.0,0.0,0.0,0.0,0.0,0.15764047081859403,0.0,0.0,0.0,0.0,0.0,0.0
a89ff5da7c1c949768bd1f83fede6a02363ec8082b057aa34ea627d4ac81de8a,0.0,0.22183219238609997,0.2612415916433416,0.0,0.0,0.0,0.0,0.0,0.0,0.0,0.0,0.0,0.0,0.0,0.0,0.0,0.0,0.0,0.0,0.0,0.0,0.0,0.0,0.0,0.0,0.0,0.0,0.0,0.0,0.0,0.0,0.0,0.0,0.0,0.16960288471354018,0.0,0.0,0.0,0.0,0.0,0.0,0.0,0.0,0.0,0.0,0.31484531711701486,0.0,0.0,0.0,0.0,0.24561466087276107,0.0,0.0,0.0,0.0,0.0,0.0,0.0,0.0,0.0,0.15050288148763402,0.0,0.0,0.2102699051132275,0.20029477842892365,0.0,0.0,0.16960288471354018,0.0,0.0,0.0,0.0,0.0,0.0,0.0,0.0984907280605277,0.0,0.0,0.0,0.09011134799586734,0.0,0.0,0.0,0.0,0.32642515702669606,0.3048571357279667,0.0,0.0,0.0,0.0,0.0,0.0,0.0,0.0,0.0,0.0,0.0,0.0,0.0,0.0,0.0,0.0,0.0,0.0,0.0,0.0,0.0,0.0,0.0,0.0,0.0,0.0,0.0,0.0,0.2082615139949657,0.0,0.0,0.11987373442708396,0.13166179813446569,0.11670803737602534,0.139312786539328,0.0,0.2274110575840029,0.0,0.0,0.0,0.0,0.0,0.0,0.0,0.0,0.0,0.0,0.0,0.0,0.0,0.0,0.0,0.0,0.0,0.0,0.0,0.0,0.0,0.31068420969277577,0.10721618973323327,0.22183219238609997,0.0,0.0,0.0,0.0,0.0,0.0,0.0,0.15560557573640182,0.0,0.0,0.0,0.0,0.0,0.0
a4552cb0f9bf9c8fe34a9556e588e0517465942b63e91a78f14b5f59d5533d62,0.0,0.0,0.0,0.0,0.0,0.0,0.0,0.0,0.0,0.0,0.0,0.0,0.0,0.0,0.0,0.0,0.0,0.0,0.0,0.0,0.0,0.0,0.0,0.0,0.0,0.0,0.0,0.0,0.0,0.0,0.0,0.0,0.0,0.0,0.3467582886555867,0.0,0.0,0.0,0.0,0.0,0.0,0.0,0.0,0.0,0.0,0.0,0.0,0.0,0.0,0.0,0.0,0.0,0.0,0.0,0.0,0.0,0.0,0.0,0.0,0.0,0.30770774748632646,0.0,0.0,0.42990325651586275,0.0,0.0,0.0,0.3467582886555867,0.0,0.0,0.0,0.0,0.0,0.0,0.0,0.20136730792282806,0.0,0.0,0.0,0.18423540892167625,0.0,0.0,0.0,0.0,0.0,0.0,0.0,0.0,0.0,0.0,0.0,0.0,0.0,0.0,0.0,0.0,0.0,0.0,0.0,0.0,0.0,0.0,0.0,0.0,0.0,0.0,0.33921307836715797,0.0,0.0,0.0,0.0,0.0,0.0,0.0,0.0,0.0,0.0,0.24508551888664556,0.0,0.0,0.28482925588093955,0.0,0.0,0.0,0.0,0.0,0.0,0.0,0.0,0.0,0.0,0.0,0.0,0.0,0.0,0.0,0.0,0.0,0.0,0.0,0.0,0.0,0.0,0.0,0.0,0.21920678136378746,0.0,0.0,0.0,0.0,0.0,0.0,0.0,0.0,0.31814036205077767,0.0,0.0,0.0,0.0,0.0,0.0
ab14f462141fd6d559fcf50dd92e7c7571a6ecf8986c9be7af85baf8f025bbe9,0.0,0.0,0.0,0.0,0.0,0.0,0.0,0.0,0.0,0.0,0.0,0.0,0.0,0.0,0.0,0.0,0.0,0.0,0.0,0.0,0.0,0.0,0.0,0.0,0.0,0.0,0.0,0.0,0.0,0.0,0.0,0.0,0.0,0.0,0.3467582886555867,0.0,0.0,0.0,0.0,0.0,0.0,0.0,0.0,0.0,0.0,0.0,0.0,0.0,0.0,0.0,0.0,0.0,0.0,0.0,0.0,0.0,0.0,0.0,0.0,0.0,0.30770774748632646,0.0,0.0,0.42990325651586275,0.0,0.0,0.0,0.3467582886555867,0.0,0.0,0.0,0.0,0.0,0.0,0.0,0.20136730792282806,0.0,0.0,0.0,0.18423540892167625,0.0,0.0,0.0,0.0,0.0,0.0,0.0,0.0,0.0,0.0,0.0,0.0,0.0,0.0,0.0,0.0,0.0,0.0,0.0,0.0,0.0,0.0,0.0,0.0,0.0,0.0,0.33921307836715797,0.0,0.0,0.0,0.0,0.0,0.0,0.0,0.0,0.0,0.0,0.24508551888664556,0.0,0.0,0.28482925588093955,0.0,0.0,0.0,0.0,0.0,0.0,0.0,0.0,0.0,0.0,0.0,0.0,0.0,0.0,0.0,0.0,0.0,0.0,0.0,0.0,0.0,0.0,0.0,0.0,0.21920678136378746,0.0,0.0,0.0,0.0,0.0,0.0,0.0,0.0,0.31814036205077767,0.0,0.0,0.0,0.0,0.0,0.0
ab87d234f01b7b659f928ae314a5b40a08fba1aef56ac5a82d2c4e7c599c8e4a,0.0,0.2167900512063288,0.2553036933927521,0.0,0.0,0.0,0.0,0.0,0.0,0.0,0.0,0.0,0.0,0.0,0.0,0.0,0.0,0.0,0.0,0.0,0.0,0.0,0.0,0.0,0.0,0.0,0.0,0.0,0.0,0.0,0.0,0.0,0.0,0.0,0.16574789108063362,0.0,0.0,0.0,0.0,0.0,0.0,0.0,0.0,0.0,0.0,0.3076890314507272,0.0,0.0,0.0,0.0,0.2400319553933571,0.0,0.0,0.0,0.0,0.0,0.0,0.0,0.0,0.0,0.14708202192590628,0.0,0.0,0.20549056927367232,0.19574217251746126,0.0,0.0,0.16574789108063362,0.0,0.0,0.0,0.0,0.0,0.0,0.0,0.09625208023201375,0.0,0.1637832138576527,0.0,0.08806315952688333,0.0,0.0,0.0,0.0,0.31900566705703054,0.0,0.0,0.0,0.0,0.0,0.0,0.0,0.0,0.0,0.0,0.0,0.0,0.0,0.0,0.0,0.0,0.0,0.0,0.0,0.0,0.0,0.0,0.0,0.0,0.0,0.0,0.0,0.0,0.0,0.20352782793894084,0.0,0.0,0.11714906094202118,0.12866918751724266,0.0,0.13614627256169926,0.3142609184813518,0.22224211142769443,0.0,0.0,0.0,0.0,0.0,0.0,0.0,0.0,0.0,0.0,0.145351970450624,0.0,0.0,0.0,0.0,0.0,0.0,0.0,0.0,0.0,0.0,0.30362250403704266,0.10477921627335249,0.2167900512063288,0.0,0.0,0.0,0.0,0.0,0.0,0.0,0.15206873433938342,0.0,0.0,0.0,0.0,0.0,0.0
abd588d76d00b02c96389c74527043e707f68ed1c99a933d016bdbbcd25c129c,0.0,0.0,0.0,0.0,0.0,0.0,0.0,0.0,0.0,0.0,0.0,0.0,0.0,0.0,0.0,0.0,0.0,0.0,0.0,0.0,0.0,0.0,0.0,0.0,0.0,0.0,0.0,0.0,0.0,0.0,0.0,0.0,0.0,0.0,0.3467582886555867,0.0,0.0,0.0,0.0,0.0,0.0,0.0,0.0,0.0,0.0,0.0,0.0,0.0,0.0,0.0,0.0,0.0,0.0,0.0,0.0,0.0,0.0,0.0,0.0,0.0,0.30770774748632646,0.0,0.0,0.42990325651586275,0.0,0.0,0.0,0.3467582886555867,0.0,0.0,0.0,0.0,0.0,0.0,0.0,0.20136730792282806,0.0,0.0,0.0,0.18423540892167625,0.0,0.0,0.0,0.0,0.0,0.0,0.0,0.0,0.0,0.0,0.0,0.0,0.0,0.0,0.0,0.0,0.0,0.0,0.0,0.0,0.0,0.0,0.0,0.0,0.0,0.0,0.33921307836715797,0.0,0.0,0.0,0.0,0.0,0.0,0.0,0.0,0.0,0.0,0.24508551888664556,0.0,0.0,0.28482925588093955,0.0,0.0,0.0,0.0,0.0,0.0,0.0,0.0,0.0,0.0,0.0,0.0,0.0,0.0,0.0,0.0,0.0,0.0,0.0,0.0,0.0,0.0,0.0,0.0,0.21920678136378746,0.0,0.0,0.0,0.0,0.0,0.0,0.0,0.0,0.31814036205077767,0.0,0.0,0.0,0.0,0.0,0.0
ac457fc7c907ca04a4aa2e243d4b5120c58d338b44771c84e0d282d625d463a0,0.0,0.2447517999934445,0.2882329615918573,0.0,0.0,0.0,0.0,0.0,0.0,0.0,0.0,0.0,0.11443330221206831,0.0,0.0,0.0,0.0,0.0,0.0,0.0,0.0,0.1672980896462866,0.0,0.0,0.0,0.0,0.0,0.0,0.0,0.0,0.0,0.0,0.0,0.0,0.0,0.0,0.0,0.0,0.0,0.0,0.0,0.0,0.0,0.0,0.0,0.3473750011439942,0.0,0.0,0.0,0.0,0.2709914629918002,0.0,0.0,0.0,0.0,0.0,0.0,0.0,0.0,0.0,0.16605277508228164,0.0,0.0,0.23199490212556698,0.0,0.0,0.0,0.0,0.0,0.0,0.0,0.0,0.0,0.0,0.0,0.10866674812248521,0.0,0.0,0.0,0.0994216140795179,0.0,0.0,0.0,0.0,0.36015126517963736,0.0,0.0,0.0,0.0,0.0,0.0,0.0,0.0,0.0,0.0,0.0,0.0,0.0,0.0,0.0,0.0,0.0,0.0,0.0,0.0,0.0,0.18305445172313403,0.0,0.0,0.0,0.0,0.0,0.0,0.0,0.2297790048926268,0.0,0.0,0.1322590375967602,0.14526503902417007,0.12876626207510833,0.15370652429137494,0.0,0.25090707116676,0.3427839698734923,0.0,0.0,0.0,0.0,0.0,0.0,0.0,0.0,0.0,0.0,0.0,0.0,0.0,0.0,0.0,0.0,0.0,0.0,0.0,0.0,0.0,0.11829372077779543,0.0,0.0,0.0,0.0,0.0,0.0,0.0,0.0,0.17168267752686647,0.0,0.0,0.0,0.0,0.0,0.0
ad4c0c2aa1ff6cf57a3bbc64e49e07b23573aecea8204f78ca820fde717575f4,0.0,0.0,0.0,0.0,0.0,0.0,0.0,0.0,0.0,0.0,0.0,0.0,0.0,0.0,0.0,0.0,0.0,0.0,0.0,0.0,0.0,0.0,0.0,0.0,0.0,0.0,0.0,0.0,0.0,0.0,0.0,0.0,0.0,0.0,0.3348389823578099,0.0,0.0,0.0,0.0,0.0,0.0,0.0,0.0,0.0,0.0,0.0,0.0,0.0,0.0,0.0,0.0,0.0,0.0,0.0,0.0,0.0,0.0,0.0,0.0,0.0,0.2971307461211728,0.0,0.0,0.41512596420457853,0.0,0.0,0.0,0.3348389823578099,0.0,0.0,0.0,0.0,0.0,0.0,0.0,0.1944456028042668,0.0,0.0,0.0,0.1779025876404675,0.0,0.0,0.0,0.0,0.0,0.0,0.0,0.0,0.0,0.0,0.0,0.0,0.0,0.0,0.0,0.0,0.0,0.0,0.0,0.0,0.0,0.0,0.0,0.0,0.0,0.0,0.3275531275785389,0.0,0.0,0.0,0.0,0.0,0.0,0.0,0.0,0.0,0.0,0.23666106454963334,0.2599336831870781,0.0,0.27503866902409657,0.0,0.0,0.0,0.0,0.0,0.0,0.0,0.0,0.0,0.0,0.0,0.0,0.0,0.0,0.0,0.0,0.0,0.0,0.0,0.0,0.0,0.0,0.0,0.0,0.2116718705769255,0.0,0.0,0.0,0.0,0.0,0.0,0.0,0.0,0.3072047549001288,0.0,0.0,0.0,0.0,0.0,0.0
8e57f4355c28fcb5fba9768415171d9499a24e960de241dedd246e8beb1f0d62,0.0,0.0,0.0,0.0,0.0,0.0,0.0,0.0,0.0,0.0,0.20696612985482038,0.0,0.13475030633956375,0.0,0.0,0.0,0.0,0.0,0.0,0.0,0.0,0.19700094635111778,0.0,0.0,0.0,0.0,0.0,0.0,0.0,0.0,0.0,0.0,0.0,0.0,0.22034940816308532,0.0,0.0,0.0,0.0,0.0,0.0,0.0,0.0,0.23330388044355724,0.0,0.0,0.0,0.28147415942640985,0.0,0.0,0.0,0.0,0.0,0.0,0.0,0.0,0.0,0.0,0.2602245590310183,0.0,0.0,0.0,0.0,0.0,0.0,0.0,0.0,0.0,0.0,0.0,0.0,0.0,0.0,0.0,0.40364338051824206,0.1279599322520017,0.27318432245102503,0.2177375169318133,0.0,0.11707337545115468,0.0,0.0,0.0,0.0,0.0,0.0,0.0,0.0,0.0,0.0,0.0,0.0,0.0,0.0,0.0,0.0,0.0,0.0,0.0,0.164755508112314,0.0,0.0,0.0,0.0,0.3070138025888124,0.0,0.0,0.0,0.0,0.0,0.0,0.0,0.0,0.0,0.0,0.0,0.16817965634353083,0.0,0.0,0.0,0.0,0.0,0.0,0.0,0.21272064135633265,0.0,0.2443356046304971,0.0,0.0,0.0,0.0,0.0,0.0,0.1932345591567863,0.0,0.0,0.0,0.0,0.0,0.0,0.0,0.0,0.0,0.2079565238752785,0.0,0.0,0.0,0.0,0.0,0.0,0.0,0.0,0.0,0.0,0.0,0.0,0.0,0.0,0.0,0.0,0.0
c2d46d256b8f9490c9599eea11ecef19fde7d4fdd2dea93604cee3cea8e172ac,0.0,0.30143149143949094,0.354982032806223,0.0,0.0,0.0,0.0,0.0,0.0,0.0,0.0,0.0,0.1409337988813714,0.0,0.0,0.0,0.0,0.0,0.0,0.0,0.0,0.0,0.0,0.0,0.0,0.0,0.0,0.0,0.0,0.0,0.0,0.0,0.0,0.0,0.230460917064109,0.0,0.0,0.0,0.0,0.0,0.0,0.0,0.0,0.244009850944746,0.0,0.0,0.0,0.0,0.0,0.0,0.33374774305715355,0.0,0.0,0.0,0.0,0.0,0.0,0.0,0.0,0.0,0.20450732395863538,0.0,0.0,0.0,0.0,0.0,0.0,0.0,0.0,0.0,0.0,0.0,0.0,0.0,0.0,0.0,0.0,0.0,0.0,0.12244569974199684,0.0,0.0,0.0,0.0,0.0,0.0,0.0,0.0,0.0,0.0,0.0,0.0,0.0,0.0,0.0,0.0,0.0,0.0,0.0,0.0,0.0,0.0,0.18878128168493713,0.0,0.0,0.0,0.0,0.0,0.0,0.0,0.0,0.0,0.0,0.0,0.0,0.0,0.1758971723843731,0.0,0.17890555807248099,0.15858598966556273,0.0,0.0,0.30901220206158514,0.0,0.0,0.0,0.0,0.0,0.0,0.0,0.0,0.0,0.0,0.0,0.0,0.0,0.0,0.0,0.0,0.0,0.0,0.0,0.0,0.0,0.0,0.14568821427639198,0.30143149143949094,0.32617624690874886,0.0,0.0,0.0,0.0,0.0,0.0,0.21144100081239292,0.0,0.0,0.0,0.0,0.0,0.0
ad4f74c0c3ac37e6f1cf600a96ae203c38341d263dbac0741e602686794c4f5a,0.0,0.0,0.0,0.0,0.0,0.0,0.0,0.0,0.0,0.0,0.30158520206089273,0.0,0.19635434258586745,0.0,0.0,0.0,0.0,0.0,0.0,0.0,0.0,0.2870642179624503,0.0,0.0,0.0,0.0,0.4122765778974394,0.0,0.0,0.0,0.0,0.0,0.0,0.0,0.0,0.0,0.0,0.0,0.0,0.0,0.0,0.0,0.0,0.0,0.380882968845673,0.0,0.0,0.0,0.0,0.0,0.0,0.0,0.0,0.0,0.0,0.0,0.0,0.0,0.3791918816456939,0.0,0.0,0.0,0.0,0.0,0.0,0.0,0.0,0.0,0.0,0.0,0.0,0.0,0.0,0.0,0.0,0.18645960114820823,0.0,0.0,0.0,0.17059601789024276,0.0,0.0,0.0,0.0,0.0,0.0,0.0,0.0,0.0,0.0,0.0,0.0,0.0,0.0,0.0,0.0,0.0,0.0,0.0,0.0,0.0,0.0,0.0,0.0,0.0,0.0,0.0,0.0,0.0,0.0,0.0,0.0,0.0,0.0,0.0,0.0,0.0,0.0,0.0,0.22094804788680603,0.0,0.0,0.0,0.0,0.30997051377910806,0.0,0.0,0.0,0.0,0.0,0.0,0.0,0.0,0.2815759448626981,0.0,0.0,0.0,0.0,0.0,0.0,0.0,0.0,0.0,0.0,0.0,0.20297837540609387,0.0,0.0,0.0,0.0,0.0,0.0,0.0,0.0,0.0,0.0,0.0,0.0,0.0,0.0,0.0
aef8910dddfc1c5c009db13160c82aae5af66692effb41469c6490e774a420e3,0.0,0.0,0.0,0.0,0.0,0.0,0.0,0.0,0.0,0.0,0.0,0.0,0.2489180267060461,0.0,0.0,0.0,0.0,0.0,0.0,0.0,0.0,0.0,0.0,0.0,0.0,0.0,0.0,0.0,0.0,0.0,0.0,0.0,0.0,0.0,0.0,0.0,0.0,0.0,0.0,0.0,0.0,0.0,0.0,0.0,0.0,0.0,0.0,0.0,0.0,0.0,0.0,0.0,0.0,0.0,0.0,0.0,0.0,0.0,0.0,0.0,0.0,0.0,0.0,0.0,0.4807008272858654,0.0,0.0,0.40704129998475735,0.0,0.0,0.0,0.0,0.0,0.0,0.0,0.23637448180149884,0.0,0.0,0.0,0.21626424747177925,0.0,0.0,0.0,0.0,0.0,0.0,0.0,0.0,0.0,0.0,0.0,0.0,0.0,0.0,0.0,0.0,0.0,0.0,0.0,0.0,0.0,0.0,0.0,0.0,0.0,0.0,0.0,0.0,0.0,0.0,0.0,0.0,0.0,0.0,0.0,0.0,0.3106705233280896,0.2876929881094906,0.0,0.0,0.33434606866058786,0.0,0.0,0.0,0.0,0.0,0.0,0.0,0.0,0.0,0.0,0.0,0.0,0.0,0.0,0.0,0.0,0.0,0.0,0.0,0.0,0.0,0.0,0.38414849635473314,0.0,0.0,0.0,0.0,0.0,0.0,0.0,0.0,0.0,0.0,0.0,0.0,0.0,0.0,0.0,0.0,0.0
af91835cc8d20744eded46f50e68742609de8f60754456ac047f0cb236959d91,0.0,0.0,0.0,0.0,0.0,0.0,0.0,0.0,0.0,0.0,0.0,0.0,0.0,0.0,0.0,0.0,0.0,0.0,0.0,0.0,0.0,0.0,0.0,0.0,0.0,0.0,0.0,0.0,0.0,0.0,0.0,0.0,0.0,0.0,0.3467582886555867,0.0,0.0,0.0,0.0,0.0,0.0,0.0,0.0,0.0,0.0,0.0,0.0,0.0,0.0,0.0,0.0,0.0,0.0,0.0,0.0,0.0,0.0,0.0,0.0,0.0,0.30770774748632646,0.0,0.0,0.42990325651586275,0.0,0.0,0.0,0.3467582886555867,0.0,0.0,0.0,0.0,0.0,0.0,0.0,0.20136730792282806,0.0,0.0,0.0,0.18423540892167625,0.0,0.0,0.0,0.0,0.0,0.0,0.0,0.0,0.0,0.0,0.0,0.0,0.0,0.0,0.0,0.0,0.0,0.0,0.0,0.0,0.0,0.0,0.0,0.0,0.0,0.0,0.33921307836715797,0.0,0.0,0.0,0.0,0.0,0.0,0.0,0.0,0.0,0.0,0.24508551888664556,0.0,0.0,0.28482925588093955,0.0,0.0,0.0,0.0,0.0,0.0,0.0,0.0,0.0,0.0,0.0,0.0,0.0,0.0,0.0,0.0,0.0,0.0,0.0,0.0,0.0,0.0,0.0,0.0,0.21920678136378746,0.0,0.0,0.0,0.0,0.0,0.0,0.0,0.0,0.31814036205077767,0.0,0.0,0.0,0.0,0.0,0.0
afe1274014f8b9221aba0dbab08fd3cc7bb8a436745e65697fb8c88ac37fbb82,0.0,0.0,0.0,0.0,0.436870954789156,0.0,0.0,0.0,0.0,0.0,0.0,0.0,0.1571990875834954,0.0,0.0,0.0,0.0,0.0,0.0,0.0,0.0,0.0,0.0,0.0,0.0,0.0,0.0,0.0,0.0,0.0,0.0,0.0,0.0,0.0,0.0,0.0,0.0,0.0,0.0,0.0,0.0,0.0,0.2879218609491195,0.0,0.0,0.0,0.0,0.0,0.0,0.0,0.0,0.0,0.4512834096016766,0.0,0.0,0.0,0.0,0.0,0.0,0.0,0.0,0.0,0.0,0.0,0.0,0.0,0.0,0.0,0.0,0.0,0.0,0.0,0.0,0.0,0.0,0.0,0.0,0.0,0.0,0.13657726131519743,0.0,0.0,0.0,0.0,0.0,0.0,0.0,0.0,0.0,0.0,0.0,0.0,0.0,0.0,0.0,0.0,0.0,0.0,0.0,0.0,0.0,0.0,0.21056868876921722,0.0,0.0,0.0,0.0,0.0,0.0,0.0,0.0,0.0,0.0,0.4565386243101846,0.0,0.0,0.0,0.0,0.0,0.0,0.0,0.0,0.3446755611628427,0.0,0.0,0.0,0.2850407925254455,0.0,0.0,0.0,0.0,0.0,0.0,0.0,0.0,0.0,0.0,0.0,0.0,0.0,0.0,0.0,0.0,0.0,0.0,0.16250221407282858,0.0,0.0,0.0,0.0,0.0,0.0,0.0,0.0,0.0,0.0,0.0,0.0,0.0,0.0,0.0
b0d40d54b6d1eba59601e3bc381aa37a5a8127013d3f2afc115c325aecab27ba,0.0,0.0,0.0,0.0,0.0,0.0,0.0,0.0,0.0,0.0,0.0,0.0,0.0,0.0,0.0,0.0,0.0,0.0,0.0,0.0,0.0,0.0,0.0,0.0,0.0,0.0,0.0,0.0,0.0,0.0,0.0,0.0,0.0,0.0,0.3467582886555867,0.0,0.0,0.0,0.0,0.0,0.0,0.0,0.0,0.0,0.0,0.0,0.0,0.0,0.0,0.0,0.0,0.0,0.0,0.0,0.0,0.0,0.0,0.0,0.0,0.0,0.30770774748632646,0.0,0.0,0.42990325651586275,0.0,0.0,0.0,0.3467582886555867,0.0,0.0,0.0,0.0,0.0,0.0,0.0,0.20136730792282806,0.0,0.0,0.0,0.18423540892167625,0.0,0.0,0.0,0.0,0.0,0.0,0.0,0.0,0.0,0.0,0.0,0.0,0.0,0.0,0.0,0.0,0.0,0.0,0.0,0.0,0.0,0.0,0.0,0.0,0.0,0.0,0.33921307836715797,0.0,0.0,0.0,0.0,0.0,0.0,0.0,0.0,0.0,0.0,0.24508551888664556,0.0,0.0,0.28482925588093955,0.0,0.0,0.0,0.0,0.0,0.0,0.0,0.0,0.0,0.0,0.0,0.0,0.0,0.0,0.0,0.0,0.0,0.0,0.0,0.0,0.0,0.0,0.0,0.0,0.21920678136378746,0.0,0.0,0.0,0.0,0.0,0.0,0.0,0.0,0.31814036205077767,0.0,0.0,0.0,0.0,0.0,0.0
b0fbcec8c22a53492e24e3cd38e32af4f2d3399b1ef71f6cef6d58bc692957f1,0.0,0.22218255495144948,0.26165419755612473,0.0,0.0,0.0,0.0,0.0,0.0,0.0,0.0,0.0,0.0,0.0,0.0,0.0,0.0,0.0,0.0,0.0,0.0,0.0,0.0,0.0,0.0,0.0,0.0,0.0,0.0,0.0,0.0,0.0,0.0,0.0,0.16987075612183195,0.0,0.0,0.0,0.0,0.0,0.0,0.0,0.0,0.0,0.0,0.3153425849472917,0.0,0.0,0.0,0.0,0.24600258555468035,0.0,0.0,0.0,0.0,0.0,0.0,0.0,0.0,0.0,0.15074058628189005,0.0,0.0,0.21060200616032457,0.2006111247249307,0.0,0.0,0.16987075612183195,0.0,0.0,0.0,0.0,0.0,0.0,0.0,0.09864628467192504,0.0,0.0,0.0,0.09025367018414551,0.0,0.0,0.0,0.0,0.32694071409792325,0.0,0.0,0.0,0.0,0.0,0.0,0.0,0.0,0.0,0.0,0.0,0.0,0.0,0.0,0.0,0.0,0.0,0.0,0.0,0.0,0.0,0.0,0.0,0.0,0.0,0.0,0.0,0.0,0.0,0.2085904429818814,0.0,0.0,0.12006306343591781,0.13186974525366754,0.0,0.13953281765723244,0.3220779431576497,0.2277702314291827,0.0,0.0,0.0,0.0,0.0,0.0,0.0,0.0,0.0,0.0,0.0,0.0,0.0,0.0,0.0,0.0,0.0,0.0,0.0,0.0,0.0,0.31117490545496745,0.10738552737029072,0.22218255495144948,0.0,0.0,0.0,0.0,0.0,0.0,0.0,0.15585133974437235,0.0,0.0,0.0,0.0,0.0,0.0
b6b2c1f4bbe4259e0279a0c3db98a69db12ab6ae0b549085c714f1497f3c8300,0.0,0.0,0.0,0.0,0.35557459121586343,0.0,0.0,0.0,0.0,0.0,0.0,0.0,0.12794625207799587,0.0,0.0,0.0,0.0,0.0,0.0,0.0,0.0,0.0,0.0,0.0,0.0,0.0,0.0,0.0,0.0,0.0,0.0,0.0,0.0,0.0,0.0,0.0,0.0,0.0,0.0,0.0,0.0,0.0,0.23434310953105975,0.0,0.0,0.0,0.0,0.0,0.0,0.0,0.30299171102026595,0.0,0.0,0.0,0.0,0.0,0.0,0.0,0.0,0.0,0.18566125252206295,0.0,0.0,0.0,0.0,0.0,0.0,0.0,0.0,0.0,0.0,0.0,0.0,0.0,0.0,0.0,0.0,0.0,0.0,0.11116189650321638,0.0,0.0,0.0,0.0,0.0,0.0,0.0,0.0,0.0,0.0,0.0,0.0,0.0,0.0,0.0,0.0,0.0,0.0,0.0,0.15643637736196528,0.0,0.0,0.0,0.0,0.0,0.0,0.20467058602191945,0.0,0.0,0.0,0.0,0.0,0.0,0.0,0.0,0.29241409095343035,0.0,0.14787695397086592,0.0,0.14397173120173748,0.0,0.0,0.2805356373982916,0.0,0.2019795690303319,0.0,0.23199817284945495,0.0,0.0,0.0,0.0,0.0,0.0,0.0,0.0,0.0,0.0,0.0,0.0,0.0,0.0,0.0,0.0,0.19745600991779003,0.0,0.13226253132004512,0.0,0.2961179549553579,0.0,0.0,0.0,0.0,0.0,0.0,0.1919559665906517,0.0,0.0,0.33889608231880447,0.0,0.0,0.0
b54d6dc708eade0818fcf91e59c7dbe37267abbe43a1672fb5f1c126e021ad7d,0.0,0.0,0.0,0.0,0.0,0.0,0.0,0.0,0.0,0.0,0.0,0.0,0.0,0.0,0.0,0.0,0.0,0.42753431720272733,0.0,0.0,0.0,0.0,0.0,0.0,0.0,0.0,0.0,0.0,0.0,0.0,0.0,0.0,0.0,0.0,0.0,0.0,0.0,0.0,0.0,0.0,0.0,0.0,0.4000675245897887,0.0,0.0,0.0,0.0,0.0,0.0,0.0,0.0,0.0,0.0,0.0,0.0,0.0,0.0,0.0,0.0,0.0,0.31695848816453775,0.0,0.0,0.0,0.0,0.0,0.0,0.0,0.0,0.0,0.0,0.0,0.0,0.0,0.0,0.0,0.0,0.0,0.0,0.18977415146423895,0.0,0.0,0.0,0.0,0.0,0.0,0.0,0.0,0.0,0.0,0.0,0.0,0.0,0.0,0.0,0.0,0.0,0.0,0.0,0.2670661594114441,0.0,0.0,0.29258526530191215,0.0,0.0,0.0,0.3494109763670184,0.0,0.0,0.0,0.0,0.0,0.0,0.0,0.0,0.0,0.0,0.2524536225425536,0.0,0.0,0.0,0.0,0.0,0.0,0.0,0.0,0.0,0.0,0.0,0.0,0.0,0.0,0.0,0.0,0.0,0.0,0.0,0.0,0.0,0.0,0.0,0.0,0.4218200311553432,0.0,0.0,0.0,0.0,0.0,0.0,0.0,0.0,0.0,0.0,0.0,0.0,0.0,0.0,0.0,0.0,0.0,0.0
b535d4dc180f666de891979e5d9d090c27d1eb0f252423c0b1911f1f0b9fc5b2,0.0,0.22054805243004846,0.2597293189546787,0.0,0.0,0.0,0.0,0.0,0.0,0.0,0.0,0.0,0.1031168797806055,0.0,0.0,0.0,0.0,0.0,0.0,0.0,0.0,0.0,0.0,0.0,0.0,0.0,0.0,0.0,0.0,0.0,0.0,0.0,0.0,0.0,0.0,0.0,0.0,0.0,0.0,0.0,0.0,0.0,0.0,0.0,0.0,0.31302274372342026,0.0,0.0,0.0,0.0,0.24419284920320056,0.0,0.0,0.0,0.0,0.0,0.0,0.0,0.0,0.0,0.14963165192649452,0.0,0.0,0.20905269680902838,0.19913531403738305,0.0,0.0,0.16862108924652708,0.0,0.0,0.0,0.0,0.0,0.0,0.0,0.09792058592812251,0.0,0.0,0.0,0.08958971233419677,0.0,0.0,0.0,0.0,0.32453555037272225,0.0,0.0,0.0,0.0,0.0,0.0,0.0,0.0,0.0,0.0,0.0,0.0,0.0,0.0,0.1260781840480457,0.0,0.0,0.0,0.0,0.0,0.0,0.0,0.0,0.0,0.0,0.0,0.0,0.0,0.0,0.20705593184499876,0.0,0.12869849335272066,0.11917981056326982,0.1308996356464541,0.0,0.13850633408686946,0.3197085527692195,0.22609462274940834,0.0,0.0,0.0,0.0,0.0,0.0,0.0,0.0,0.0,0.0,0.0,0.0,0.0,0.0,0.0,0.0,0.0,0.0,0.0,0.0,0.0,0.3088857240758353,0.10659553773637427,0.22054805243004846,0.0,0.0,0.0,0.0,0.0,0.0,0.0,0.15470480775030301,0.0,0.0,0.0,0.0,0.0,0.0
b565c8e1e81796db13409f37e4bd28877272b5e54ab5c0a3d9b6a024e7f5a039,0.0,0.0,0.31881601495980405,0.0,0.3517645468420279,0.0,0.0,0.0,0.0,0.0,0.0,0.0,0.1265752854512293,0.0,0.0,0.0,0.0,0.0,0.0,0.0,0.0,0.0,0.0,0.0,0.0,0.0,0.0,0.0,0.0,0.0,0.0,0.0,0.0,0.0,0.0,0.0,0.0,0.0,0.0,0.0,0.0,0.0,0.0,0.0,0.0,0.0,0.0,0.0,0.0,0.0,0.0,0.0,0.0,0.0,0.0,0.0,0.0,0.0,0.0,0.0,0.18367185949993467,0.0,0.0,0.0,0.0,0.0,0.0,0.20698126776030196,0.0,0.0,0.0,0.0,0.0,0.0,0.0,0.0,0.0,0.0,0.0,0.10997077720273789,0.0,0.0,0.0,0.0,0.0,0.0,0.0,0.0,0.0,0.0,0.0,0.0,0.0,0.0,0.0,0.0,0.0,0.0,0.0,0.15476013402468664,0.0,0.0,0.0,0.0,0.0,0.0,0.20247750464314054,0.0,0.0,0.0,0.0,0.0,0.0,0.0,0.25415978192331123,0.28928082246465076,0.0,0.14629242636283277,0.16067843385742278,0.14242904874352008,0.0,0.0,0.277529648631561,0.0,0.1998153223725988,0.0,0.22951227156448778,0.0,0.0,0.0,0.0,0.0,0.0,0.18151142026110115,0.0,0.0,0.0,0.0,0.0,0.0,0.0,0.0,0.0,0.1953402339927027,0.0,0.0,0.0,0.0,0.0,0.0,0.0,0.0,0.0,0.0,0.18989912459856212,0.0,0.0,0.33526475110546194,0.0,0.0,0.0
8f16bf4456359f103fc596a68b0a875a89f83e81798e8fa2e619adb2b4b13dff,0.0,0.0,0.0,0.0,0.0,0.0,0.0,0.0,0.0,0.0,0.23440846318728364,0.0,0.1526173014165639,0.0,0.0,0.0,0.0,0.0,0.0,0.0,0.0,0.22312196257908867,0.0,0.0,0.0,0.0,0.0,0.0,0.0,0.0,0.0,0.0,0.0,0.0,0.0,0.0,0.0,0.0,0.0,0.0,0.0,0.0,0.0,0.2642384244647472,0.0,0.0,0.0,0.0,0.0,0.0,0.0,0.0,0.0,0.0,0.0,0.0,0.0,0.0,0.0,0.0,0.0,0.0,0.0,0.0,0.0,0.0,0.0,0.0,0.0,0.0,0.0,0.4840852847961369,0.0,0.0,0.0,0.1449265688534691,0.3094067480390327,0.2466080646045997,0.0,0.132596526972328,0.0,0.0,0.0,0.0,0.0,0.0,0.0,0.0,0.0,0.0,0.0,0.0,0.0,0.0,0.0,0.0,0.0,0.0,0.0,0.18660099353134849,0.0,0.0,0.0,0.0,0.0,0.0,0.0,0.0,0.0,0.0,0.0,0.0,0.0,0.0,0.0,0.0,0.19047916106131113,0.1763911118160555,0.19373694385708817,0.17173287016555697,0.20499517617691562,0.0,0.0,0.0,0.24092598466970808,0.0,0.0,0.0,0.0,0.0,0.0,0.0,0.0,0.21885617747400496,0.0,0.0,0.0,0.0,0.0,0.0,0.0,0.0,0.0,0.23553017687274663,0.0,0.0,0.0,0.0,0.0,0.0,0.0,0.0,0.0,0.0,0.0,0.0,0.0,0.0,0.0,0.0,0.0
b721e121d0657302f7e8d790d107e512f5f726ae6a827cdc960d3a838825906a,0.0,0.0,0.0,0.0,0.0,0.0,0.0,0.0,0.0,0.0,0.0,0.0,0.0,0.0,0.0,0.0,0.0,0.0,0.0,0.0,0.0,0.0,0.0,0.0,0.0,0.0,0.0,0.0,0.0,0.0,0.0,0.0,0.0,0.0,0.3348389823578099,0.0,0.0,0.0,0.0,0.0,0.0,0.0,0.0,0.0,0.0,0.0,0.0,0.0,0.0,0.0,0.0,0.0,0.0,0.0,0.0,0.0,0.0,0.0,0.0,0.0,0.2971307461211728,0.0,0.0,0.41512596420457853,0.0,0.0,0.0,0.3348389823578099,0.0,0.0,0.0,0.0,0.0,0.0,0.0,0.1944456028042668,0.0,0.0,0.0,0.1779025876404675,0.0,0.0,0.0,0.0,0.0,0.0,0.0,0.0,0.0,0.0,0.0,0.0,0.0,0.0,0.0,0.0,0.0,0.0,0.0,0.0,0.0,0.0,0.0,0.0,0.0,0.0,0.3275531275785389,0.0,0.0,0.0,0.0,0.0,0.0,0.0,0.0,0.0,0.0,0.23666106454963334,0.2599336831870781,0.0,0.27503866902409657,0.0,0.0,0.0,0.0,0.0,0.0,0.0,0.0,0.0,0.0,0.0,0.0,0.0,0.0,0.0,0.0,0.0,0.0,0.0,0.0,0.0,0.0,0.0,0.0,0.2116718705769255,0.0,0.0,0.0,0.0,0.0,0.0,0.0,0.0,0.3072047549001288,0.0,0.0,0.0,0.0,0.0,0.0
b2419aac70d3035892f8225bd79da96cd30aab0f331e125270ab86bb63f1a2ad,0.0,0.0,0.0,0.0,0.0,0.0,0.0,0.0,0.0,0.0,0.0,0.0,0.0,0.0,0.0,0.0,0.0,0.0,0.0,0.0,0.0,0.0,0.0,0.0,0.0,0.0,0.0,0.0,0.0,0.0,0.0,0.0,0.0,0.0,0.3467582886555867,0.0,0.0,0.0,0.0,0.0,0.0,0.0,0.0,0.0,0.0,0.0,0.0,0.0,0.0,0.0,0.0,0.0,0.0,0.0,0.0,0.0,0.0,0.0,0.0,0.0,0.30770774748632646,0.0,0.0,0.42990325651586275,0.0,0.0,0.0,0.3467582886555867,0.0,0.0,0.0,0.0,0.0,0.0,0.0,0.20136730792282806,0.0,0.0,0.0,0.18423540892167625,0.0,0.0,0.0,0.0,0.0,0.0,0.0,0.0,0.0,0.0,0.0,0.0,0.0,0.0,0.0,0.0,0.0,0.0,0.0,0.0,0.0,0.0,0.0,0.0,0.0,0.0,0.33921307836715797,0.0,0.0,0.0,0.0,0.0,0.0,0.0,0.0,0.0,0.0,0.24508551888664556,0.0,0.0,0.28482925588093955,0.0,0.0,0.0,0.0,0.0,0.0,0.0,0.0,0.0,0.0,0.0,0.0,0.0,0.0,0.0,0.0,0.0,0.0,0.0,0.0,0.0,0.0,0.0,0.0,0.21920678136378746,0.0,0.0,0.0,0.0,0.0,0.0,0.0,0.0,0.31814036205077767,0.0,0.0,0.0,0.0,0.0,0.0
b3167acfa58265b6c8c26f98ed6a4b9e2ae51447b25a50c3905265c0cbfc38c5,0.0,0.0,0.0,0.0,0.0,0.0,0.0,0.0,0.0,0.0,0.0,0.0,0.0,0.0,0.0,0.0,0.0,0.0,0.0,0.0,0.0,0.0,0.0,0.0,0.0,0.0,0.0,0.0,0.0,0.0,0.0,0.0,0.0,0.0,0.3467582886555867,0.0,0.0,0.0,0.0,0.0,0.0,0.0,0.0,0.0,0.0,0.0,0.0,0.0,0.0,0.0,0.0,0.0,0.0,0.0,0.0,0.0,0.0,0.0,0.0,0.0,0.30770774748632646,0.0,0.0,0.42990325651586275,0.0,0.0,0.0,0.3467582886555867,0.0,0.0,0.0,0.0,0.0,0.0,0.0,0.20136730792282806,0.0,0.0,0.0,0.18423540892167625,0.0,0.0,0.0,0.0,0.0,0.0,0.0,0.0,0.0,0.0,0.0,0.0,0.0,0.0,0.0,0.0,0.0,0.0,0.0,0.0,0.0,0.0,0.0,0.0,0.0,0.0,0.33921307836715797,0.0,0.0,0.0,0.0,0.0,0.0,0.0,0.0,0.0,0.0,0.24508551888664556,0.0,0.0,0.28482925588093955,0.0,0.0,0.0,0.0,0.0,0.0,0.0,0.0,0.0,0.0,0.0,0.0,0.0,0.0,0.0,0.0,0.0,0.0,0.0,0.0,0.0,0.0,0.0,0.0,0.21920678136378746,0.0,0.0,0.0,0.0,0.0,0.0,0.0,0.0,0.31814036205077767,0.0,0.0,0.0,0.0,0.0,0.0
b3503b3ccc1d21662c51075ed45b45f52a9f360826bf15a0655dfa25c7594e44,0.0,0.0,0.0,0.0,0.0,0.0,0.0,0.0,0.0,0.0,0.0,0.0,0.0,0.0,0.0,0.0,0.0,0.0,0.0,0.0,0.0,0.0,0.0,0.0,0.0,0.0,0.0,0.0,0.0,0.0,0.0,0.0,0.0,0.0,0.3467582886555867,0.0,0.0,0.0,0.0,0.0,0.0,0.0,0.0,0.0,0.0,0.0,0.0,0.0,0.0,0.0,0.0,0.0,0.0,0.0,0.0,0.0,0.0,0.0,0.0,0.0,0.30770774748632646,0.0,0.0,0.42990325651586275,0.0,0.0,0.0,0.3467582886555867,0.0,0.0,0.0,0.0,0.0,0.0,0.0,0.20136730792282806,0.0,0.0,0.0,0.18423540892167625,0.0,0.0,0.0,0.0,0.0,0.0,0.0,0.0,0.0,0.0,0.0,0.0,0.0,0.0,0.0,0.0,0.0,0.0,0.0,0.0,0.0,0.0,0.0,0.0,0.0,0.0,0.33921307836715797,0.0,0.0,0.0,0.0,0.0,0.0,0.0,0.0,0.0,0.0,0.24508551888664556,0.0,0.0,0.28482925588093955,0.0,0.0,0.0,0.0,0.0,0.0,0.0,0.0,0.0,0.0,0.0,0.0,0.0,0.0,0.0,0.0,0.0,0.0,0.0,0.0,0.0,0.0,0.0,0.0,0.21920678136378746,0.0,0.0,0.0,0.0,0.0,0.0,0.0,0.0,0.31814036205077767,0.0,0.0,0.0,0.0,0.0,0.0
b78469fb8eff53d82081bdcb0dbb3436f239b8ca6ef7fd800ce5ba7e098c256f,0.0,0.0,0.0,0.0,0.0,0.0,0.0,0.0,0.0,0.0,0.0,0.0,0.0,0.0,0.0,0.0,0.0,0.0,0.0,0.0,0.0,0.0,0.0,0.0,0.0,0.0,0.0,0.0,0.0,0.0,0.0,0.0,0.0,0.0,0.0,0.0,0.0,0.0,0.0,0.0,0.0,0.0,0.0,0.0,0.0,0.0,0.0,0.0,0.0,0.0,0.0,0.0,0.0,0.0,0.0,0.0,0.0,0.0,0.0,0.0,0.0,0.0,0.0,0.0,0.0,0.0,0.0,0.44874546127153414,0.0,0.0,0.0,0.0,0.0,0.0,0.0,0.0,0.0,0.0,0.0,0.0,0.0,0.0,0.0,0.0,0.0,0.0,0.0,0.0,0.0,0.0,0.0,0.0,0.0,0.0,0.0,0.0,0.0,0.0,0.0,0.33552750198524117,0.0,0.0,0.36758832867775504,0.0,0.0,0.0,0.0,0.0,0.0,0.0,0.0,0.0,0.0,0.0,0.0,0.0,0.0,0.0,0.34835866403735516,0.3087931090019887,0.0,0.0,0.0,0.0,0.0,0.0,0.0,0.0,0.0,0.0,0.0,0.0,0.0,0.39352559240020907,0.0,0.0,0.0,0.0,0.0,0.0,0.0,0.0,0.0,0.4235071335511319,0.0,0.0,0.0,0.0,0.0,0.0,0.0,0.0,0.0,0.0,0.0,0.0,0.0,0.0,0.0,0.0,0.0
b5475975e30be3c1ff6c97d148def1287dc3a0341d546198df85dbb66c1b6ffa,0.0,0.2271122388951903,0.0,0.0,0.0,0.29359493545865145,0.0,0.0,0.0,0.0,0.0,0.0,0.0,0.0,0.0,0.0,0.0,0.2078401158125805,0.0,0.0,0.0,0.0,0.0,0.0,0.0,0.0,0.0,0.0,0.0,0.0,0.0,0.0,0.0,0.0,0.0,0.0,0.0,0.0,0.0,0.0,0.0,0.0,0.1944875002961836,0.0,0.0,0.0,0.0,0.0,0.0,0.0,0.0,0.0,0.0,0.0,0.0,0.2966374940240488,0.0,0.0,0.0,0.0,0.15408514881078117,0.0,0.0,0.0,0.0,0.0,0.0,0.0,0.0,0.0,0.0,0.0,0.0,0.0,0.0,0.0,0.0,0.0,0.0,0.09225617694651345,0.0,0.0,0.0,0.0,0.0,0.0,0.0,0.0,0.0,0.0,0.4652119786623866,0.4652119786623866,0.0,0.0,0.0,0.0,0.0,0.0,0.0,0.0,0.0,0.0,0.14223643103851427,0.0,0.0,0.0,0.16986149385494212,0.0,0.0,0.0,0.0,0.0,0.0,0.0,0.0,0.0,0.13252895523547983,0.1227269672522445,0.13479561027481762,0.0,0.0,0.0,0.0,0.0,0.0,0.0,0.1925413757676205,0.0,0.0,0.0,0.0,0.0,0.0,0.0,0.0,0.0,0.0,0.0,0.0,0.0,0.0,0.0,0.0,0.0,0.0,0.10976814786983057,0.0,0.0,0.0,0.0,0.0,0.0,0.0,0.0,0.0,0.0,0.0,0.2812587579052249,0.0,0.0,0.0
b670441066ff868d06c682e5167b9dbc85b5323f3acfbbc044cabc0e5a594186,0.0,0.19885452725563446,0.0,0.0,0.0,0.0,0.0,0.0,0.0,0.0,0.0,0.0,0.09297410770540394,0.0,0.0,0.0,0.0,0.0,0.0,0.0,0.0,0.13592538452536052,0.0,0.0,0.0,0.0,0.0,0.0,0.0,0.0,0.0,0.0,0.0,0.0,0.0,0.0,0.0,0.0,0.0,0.0,0.0,0.0,0.0,0.0,0.0,0.0,0.0,0.0,0.0,0.0,0.22017357692564693,0.0,0.0,0.0,0.0,0.0,0.0,0.0,0.0,0.31686144206875194,0.1349135985490515,0.0,0.0,0.0,0.0,0.0,0.0,0.0,0.0,0.0,0.0,0.0,0.0,0.0,0.0,0.08828893118204924,0.0,0.0,0.0,0.0807774981320023,0.0,0.0,0.0,0.0,0.0,0.0,0.0,0.0,0.0,0.0,0.0,0.0,0.0,0.0,0.0,0.0,0.0,0.0,0.0,0.11367689449026024,0.0,0.0,0.12453911946923,0.0,0.0,0.4073294708404477,0.0,0.0,0.30496333997129316,0.0,0.0,0.0,0.0,0.0,0.18668951726776783,0.21248718696589014,0.11603946519675035,0.1074570581188509,0.0,0.0,0.12488258809490566,0.28826141251313264,0.20385552638754142,0.2785031377984909,0.0,0.0,0.0,0.0,0.25838373382641805,0.0,0.0,0.0,0.0,0.0,0.0,0.0,0.0,0.0,0.0,0.0,0.0,0.0,0.0,0.0,0.0,0.09611059825998661,0.0,0.21517865658730162,0.0,0.0,0.0,0.0,0.0,0.0,0.13948774913402467,0.0,0.0,0.0,0.0,0.0,0.0
ba9af4a25b32402f64a7b2c2a6e3ce36ee29eb1790186be1ab83bf60841e1d52,0.0,0.23855937768441207,0.280940430049259,0.0,0.0,0.0,0.0,0.0,0.0,0.0,0.0,0.0,0.0,0.0,0.0,0.0,0.0,0.0,0.0,0.0,0.0,0.0,0.0,0.0,0.0,0.0,0.0,0.0,0.0,0.0,0.0,0.0,0.0,0.0,0.18239173582309368,0.0,0.0,0.0,0.0,0.0,0.0,0.0,0.0,0.0,0.0,0.3385861272450409,0.0,0.0,0.0,0.0,0.26413515557738,0.0,0.0,0.0,0.0,0.0,0.0,0.0,0.0,0.0,0.1618515029816319,0.0,0.0,0.2261252398491603,0.21539794193746276,0.0,0.0,0.0,0.0,0.0,0.0,0.0,0.0,0.0,0.0,0.10591738981197756,0.0,0.0,0.0,0.09690616528182772,0.0,0.0,0.0,0.0,0.0,0.327844790242776,0.0,0.0,0.0,0.0,0.0,0.0,0.0,0.0,0.0,0.0,0.0,0.0,0.0,0.0,0.0,0.0,0.0,0.0,0.0,0.0,0.0,0.0,0.0,0.0,0.0,0.0,0.0,0.0,0.22396540664296127,0.0,0.0,0.12891277491347342,0.14158971378284466,0.12550836949190375,0.14981762251377315,0.0,0.24455891542274236,0.0,0.0,0.0,0.0,0.0,0.0,0.0,0.0,0.0,0.0,0.0,0.0,0.0,0.0,0.0,0.0,0.0,0.0,0.0,0.0,0.0,0.3341112528504503,0.11530079212279681,0.23855937768441207,0.0,0.0,0.0,0.0,0.0,0.0,0.0,0.16733896425317343,0.0,0.0,0.0,0.0,0.0,0.0
bbb95d84ad3a191568a5379da8f4e2b2e4e9034d9d23b3cefea5299917450f74,0.0,0.0,0.0,0.0,0.0,0.0,0.0,0.0,0.0,0.0,0.0,0.0,0.0,0.0,0.0,0.0,0.0,0.0,0.0,0.0,0.0,0.0,0.0,0.0,0.0,0.0,0.0,0.0,0.0,0.0,0.0,0.0,0.0,0.0,0.32323466065239814,0.0,0.0,0.0,0.0,0.0,0.0,0.0,0.3620432182662499,0.0,0.0,0.0,0.0,0.0,0.0,0.0,0.0,0.0,0.0,0.0,0.0,0.0,0.0,0.0,0.0,0.0,0.2868332570346883,0.0,0.0,0.40073918282393434,0.0,0.0,0.0,0.32323466065239814,0.0,0.0,0.0,0.0,0.0,0.0,0.0,0.18770681357114152,0.0,0.0,0.0,0.171737120153175,0.0,0.0,0.0,0.0,0.0,0.0,0.0,0.0,0.0,0.0,0.0,0.0,0.0,0.0,0.0,0.0,0.0,0.0,0.0,0.0,0.0,0.0,0.0,0.0,0.0,0.0,0.3162013075447133,0.0,0.0,0.0,0.0,0.0,0.0,0.0,0.0,0.0,0.0,0.22845923837981041,0.0,0.0,0.2655068123259619,0.0,0.0,0.0,0.0,0.0,0.0,0.0,0.0,0.0,0.0,0.0,0.0,0.0,0.0,0.0,0.0,0.0,0.0,0.0,0.0,0.0,0.0,0.0,0.0,0.20433608050593519,0.0,0.0,0.0,0.0,0.0,0.0,0.0,0.0,0.29655813669519165,0.0,0.0,0.0,0.0,0.0,0.0
bc3b5ef9b1dc2f1b6a23b138c4c7b047479d98dfbdf216097c08a68c2f771732,0.0,0.0,0.0,0.0,0.0,0.0,0.0,0.0,0.0,0.0,0.0,0.0,0.0,0.0,0.0,0.0,0.0,0.5403609412194295,0.0,0.0,0.0,0.0,0.0,0.0,0.0,0.0,0.0,0.0,0.0,0.0,0.0,0.0,0.0,0.0,0.0,0.0,0.0,0.0,0.0,0.0,0.0,0.0,0.0,0.0,0.0,0.0,0.0,0.0,0.0,0.0,0.0,0.0,0.0,0.0,0.0,0.0,0.0,0.0,0.0,0.0,0.4006040687275722,0.0,0.0,0.0,0.0,0.0,0.0,0.0,0.0,0.0,0.0,0.0,0.0,0.0,0.0,0.0,0.0,0.0,0.0,0.0,0.0,0.0,0.0,0.0,0.0,0.0,0.0,0.0,0.0,0.0,0.0,0.0,0.0,0.0,0.0,0.0,0.0,0.0,0.0,0.33754511734082976,0.0,0.0,0.36979873423940707,0.0,0.0,0.0,0.44162079268259835,0.0,0.0,0.0,0.0,0.0,0.0,0.0,0.0,0.0,0.0,0.3190763211334527,0.0,0.0,0.0,0.0,0.0,0.0,0.0,0.0,0.0,0.0,0.0,0.0,0.0,0.0,0.0,0.0,0.0,0.0,0.0,0.0,0.0,0.0,0.0,0.0,0.0,0.0,0.0,0.0,0.0,0.0,0.0,0.0,0.0,0.0,0.0,0.0,0.0,0.0,0.0,0.0,0.0,0.0,0.0
8fc58143f3ed34fbbfbb9bd1c4f583fc12fb803a685ffc20ca9a96816f30d2bd,0.0,0.0,0.0,0.0,0.0,0.0,0.0,0.0,0.0,0.0,0.31562638140259575,0.0,0.20549619211936573,0.0,0.0,0.0,0.0,0.0,0.0,0.0,0.0,0.3004293305059452,0.0,0.0,0.0,0.0,0.0,0.0,0.0,0.0,0.0,0.0,0.0,0.0,0.0,0.0,0.0,0.0,0.0,0.0,0.0,0.0,0.37638161240305823,0.0,0.3986160871724886,0.0,0.0,0.0,0.0,0.0,0.0,0.0,0.0,0.0,0.0,0.0,0.0,0.0,0.0,0.0,0.0,0.0,0.0,0.0,0.0,0.0,0.0,0.0,0.0,0.0,0.0,0.0,0.0,0.0,0.0,0.1951407721135389,0.0,0.0,0.0,0.17853861343474706,0.0,0.0,0.0,0.0,0.0,0.0,0.0,0.0,0.0,0.0,0.0,0.0,0.0,0.0,0.0,0.0,0.0,0.0,0.0,0.2512545645904125,0.0,0.0,0.0,0.0,0.0,0.0,0.0,0.0,0.0,0.0,0.0,0.0,0.0,0.0,0.0,0.0,0.0,0.0,0.0,0.0,0.27602196943722584,0.0,0.0,0.0,0.0,0.0,0.0,0.0,0.0,0.0,0.0,0.0,0.0,0.0,0.0,0.0,0.0,0.0,0.0,0.0,0.0,0.0,0.3968462664720091,0.31713674679938425,0.0,0.0,0.0,0.0,0.0,0.0,0.0,0.0,0.0,0.0,0.0,0.0,0.0,0.0,0.0,0.0,0.0
bc9d61296a6324c766626bb0b0e858d3091eeea3cc3af56e3497ec44e3f19a90,0.0,0.0,0.0,0.0,0.0,0.0,0.0,0.0,0.0,0.0,0.0,0.0,0.0,0.0,0.0,0.0,0.0,0.0,0.0,0.0,0.0,0.0,0.0,0.0,0.0,0.0,0.0,0.0,0.0,0.0,0.0,0.0,0.0,0.0,0.3348389823578099,0.0,0.0,0.0,0.0,0.0,0.0,0.0,0.0,0.0,0.0,0.0,0.0,0.0,0.0,0.0,0.0,0.0,0.0,0.0,0.0,0.0,0.0,0.0,0.0,0.0,0.2971307461211728,0.0,0.0,0.41512596420457853,0.0,0.0,0.0,0.3348389823578099,0.0,0.0,0.0,0.0,0.0,0.0,0.0,0.1944456028042668,0.0,0.0,0.0,0.1779025876404675,0.0,0.0,0.0,0.0,0.0,0.0,0.0,0.0,0.0,0.0,0.0,0.0,0.0,0.0,0.0,0.0,0.0,0.0,0.0,0.0,0.0,0.0,0.0,0.0,0.0,0.0,0.3275531275785389,0.0,0.0,0.0,0.0,0.0,0.0,0.0,0.0,0.0,0.0,0.23666106454963334,0.2599336831870781,0.0,0.27503866902409657,0.0,0.0,0.0,0.0,0.0,0.0,0.0,0.0,0.0,0.0,0.0,0.0,0.0,0.0,0.0,0.0,0.0,0.0,0.0,0.0,0.0,0.0,0.0,0.0,0.2116718705769255,0.0,0.0,0.0,0.0,0.0,0.0,0.0,0.0,0.3072047549001288,0.0,0.0,0.0,0.0,0.0,0.0
bc32a2ccf158ebe2b76646be865a4c6dd91da6b8e5bb0dd9520102a9bfea5439,0.0,0.0,0.0,0.0,0.0,0.0,0.0,0.0,0.0,0.0,0.0,0.0,0.0,0.0,0.0,0.0,0.0,0.0,0.0,0.0,0.0,0.0,0.0,0.0,0.0,0.0,0.0,0.0,0.0,0.0,0.0,0.0,0.0,0.0,0.0,0.0,0.0,0.0,0.0,0.0,0.0,0.0,0.4383906401519299,0.0,0.0,0.0,0.0,0.0,0.0,0.0,0.0,0.0,0.0,0.0,0.0,0.0,0.0,0.0,0.0,0.0,0.0,0.0,0.0,0.0,0.0,0.0,0.0,0.0,0.0,0.0,0.0,0.0,0.0,0.0,0.0,0.0,0.0,0.0,0.0,0.0,0.0,0.0,0.0,0.0,0.0,0.0,0.0,0.0,0.0,0.0,0.0,0.0,0.0,0.0,0.0,0.0,0.0,0.0,0.0,0.0,0.0,0.0,0.0,0.0,0.0,0.0,0.0,0.0,0.0,0.0,0.0,0.0,0.0,0.0,0.0,0.0,0.0,0.0,0.0,0.0,0.0,0.0,0.0,0.0,0.0,0.0,0.0,0.0,0.0,0.0,0.0,0.0,0.0,0.0,0.0,0.0,0.0,0.0,0.8640566285737775,0.0,0.0,0.0,0.0,0.0,0.0,0.2474263309449867,0.0,0.0,0.0,0.0,0.0,0.0,0.0,0.0,0.0,0.0,0.0,0.0,0.0,0.0,0.0
bd210c5759b815a64b7166aceae471ef622bccdde3b46fc971aa78bcb73f08f1,0.0,0.0,0.0,0.0,0.3536196313769139,0.0,0.0,0.0,0.0,0.0,0.0,0.0,0.12724279972078073,0.0,0.0,0.0,0.0,0.0,0.0,0.0,0.0,0.0,0.0,0.0,0.0,0.0,0.0,0.0,0.0,0.0,0.0,0.0,0.0,0.0,0.0,0.0,0.0,0.0,0.0,0.0,0.0,0.0,0.0,0.0,0.0,0.0,0.0,0.0,0.0,0.0,0.3013258534443526,0.0,0.0,0.0,0.0,0.0,0.0,0.0,0.0,0.0,0.184640481349723,0.0,0.0,0.0,0.0,0.0,0.0,0.0,0.0,0.0,0.0,0.0,0.0,0.0,0.0,0.0,0.0,0.0,0.0,0.11055072503974887,0.0,0.0,0.0,0.0,0.0,0.0,0.0,0.0,0.0,0.0,0.0,0.0,0.0,0.0,0.0,0.0,0.0,0.0,0.0,0.15557628543568996,0.0,0.0,0.0,0.0,0.0,0.0,0.2035453009600174,0.0,0.0,0.0,0.0,0.0,0.0,0.0,0.2555001326922239,0.2908063894520318,0.0,0.14706392201284355,0.0,0.14318017027641655,0.0,0.0,0.27899324399320485,0.0,0.2008690792611039,0.0,0.23072263989002864,0.0,0.0,0.0,0.0,0.0,0.0,0.0,0.0,0.0,0.0,0.0,0.0,0.0,0.0,0.0,0.0,0.19637039081315,0.0,0.13153534792922872,0.0,0.29448988949783994,0.0,0.0,0.0,0.0,0.0,0.0,0.19090058689029607,0.0,0.0,0.33703282142537233,0.0,0.0,0.0
bf20b92755cd5c2542cdcef804ee795932cc4b0e070ca6b81ff8fd30908a8f97,0.0,0.0,0.0,0.0,0.33937661317211154,0.0,0.0,0.0,0.0,0.0,0.0,0.0,0.12211774061194018,0.0,0.0,0.0,0.0,0.0,0.0,0.0,0.0,0.0,0.0,0.0,0.0,0.0,0.0,0.0,0.0,0.0,0.0,0.0,0.0,0.0,0.0,0.0,0.0,0.0,0.0,0.0,0.0,0.0,0.0,0.0,0.0,0.0,0.0,0.0,0.0,0.0,0.2891891131862559,0.0,0.0,0.0,0.0,0.0,0.0,0.0,0.0,0.0,0.17720357031916853,0.0,0.0,0.0,0.0,0.0,0.0,0.0,0.0,0.0,0.0,0.0,0.0,0.0,0.0,0.0,0.0,0.0,0.0,0.1060979858545283,0.0,0.0,0.0,0.0,0.0,0.0,0.0,0.0,0.0,0.0,0.0,0.0,0.0,0.0,0.0,0.0,0.0,0.0,0.0,0.149310016062952,0.0,0.0,0.0,0.0,0.0,0.0,0.1953469455242995,0.0,0.0,0.0,0.0,0.0,0.0,0.0,0.0,0.2790933499838601,0.0,0.1411405118493791,0.0,0.1374131890602633,0.0,0.0,0.26775601194887694,0.0,0.1927785161281755,0.0,0.22142964123093817,0.0,0.0,0.0,0.0,0.0,0.0,0.0,0.0,0.0,0.0,0.0,0.0,0.0,0.39369619308391635,0.0,0.0,0.18846102492091904,0.0,0.0,0.0,0.2826284867784382,0.0,0.0,0.0,0.0,0.0,0.0,0.1832115326265416,0.0,0.0,0.3234578833132377,0.0,0.0,0.0
bfb9db791b8250ffa8ebc48295c5dbbca757a5ed3bbb01de12a871b5cd9afd5a,0.0,0.2001214462005001,0.2356738423086598,0.0,0.0,0.0,0.0,0.0,0.0,0.0,0.0,0.0,0.09356645357783425,0.0,0.0,0.0,0.0,0.0,0.0,0.0,0.0,0.0,0.0,0.0,0.0,0.0,0.0,0.0,0.0,0.0,0.0,0.0,0.0,0.0,0.0,0.0,0.0,0.0,0.0,0.0,0.0,0.0,0.0,0.0,0.0,0.2840313640377659,0.0,0.0,0.0,0.0,0.22157632133189994,0.0,0.0,0.0,0.0,0.0,0.0,0.0,0.0,0.0,0.13577314445067465,0.0,0.40992460121304636,0.18969076152149017,0.18069190181305964,0.0,0.0,0.1530038278194338,0.0,0.0,0.0,0.0,0.0,0.0,0.0,0.08885142740016493,0.0,0.0,0.0,0.0812921383773849,0.0,0.0,0.0,0.0,0.0,0.27502072729028143,0.0,0.0,0.0,0.0,0.0,0.0,0.0,0.0,0.0,0.0,0.0,0.0,0.0,0.0,0.0,0.0,0.1253325686906783,0.0,0.0,0.0,0.0,0.0,0.0,0.0,0.0,0.0,0.0,0.0,0.0,0.0,0.11677876240480863,0.10814167608842465,0.11877604043225681,0.10528580622897764,0.1256782255839023,0.0,0.20515430711916602,0.28027750475081,0.0,0.0,0.0,0.0,0.0,0.0,0.0,0.0,0.0,0.0,0.0,0.0,0.0,0.0,0.0,0.0,0.0,0.0,0.0,0.0,0.28027750475081,0.0967229269779615,0.2001214462005001,0.21654957793530158,0.0,0.0,0.0,0.0,0.0,0.0,0.1403764373343561,0.0,0.0,0.0,0.0,0.0,0.0
c2bd70495630ed8279de0713a010e5e55f3da29323b59ef71401b12942ba52f6,0.0,0.21136817143186953,0.0,0.0,0.0,0.0,0.0,0.0,0.0,0.0,0.0,0.0,0.09882484149298693,0.0,0.0,0.0,0.0,0.0,0.0,0.0,0.0,0.14447898358062214,0.0,0.0,0.0,0.0,0.0,0.0,0.0,0.0,0.0,0.0,0.0,0.0,0.16160256645291782,0.3480743139182323,0.0,0.0,0.0,0.0,0.0,0.0,0.0,0.0,0.0,0.0,0.0,0.0,0.0,0.0,0.23402879981989158,0.0,0.0,0.0,0.0,0.0,0.0,0.0,0.0,0.33680110044082323,0.1434035272928308,0.0,0.0,0.0,0.0,0.0,0.0,0.0,0.0,0.0,0.0,0.0,0.0,0.0,0.0,0.0,0.0,0.0,0.0,0.08586071591447161,0.0,0.0,0.0,0.0,0.0,0.0,0.0,0.0,0.0,0.0,0.0,0.0,0.0,0.0,0.0,0.0,0.0,0.0,0.0,0.0,0.0,0.0,0.13237619639459539,0.0,0.0,0.0,0.0,0.0,0.3241542670065681,0.0,0.0,0.0,0.0,0.0,0.1984376339577073,0.0,0.0,0.1142191842221992,0.0,0.0,0.13274127903241711,0.3064013100337512,0.21668387661812694,0.29602896040093574,0.0,0.0,0.0,0.0,0.27464346977839,0.0,0.0,0.0,0.0,0.0,0.0,0.0,0.0,0.0,0.0,0.0,0.0,0.0,0.0,0.0,0.0,0.10215870712021106,0.0,0.2287195559573836,0.0,0.0,0.0,0.0,0.0,0.0,0.14826552293528808,0.0,0.0,0.0,0.0,0.0,0.0
c2cb62e9291d6dc8dc9fdf0064de10045eb7995c2e8b197ac9cddf7932a662b8,0.0,0.0,0.0,0.0,0.0,0.0,0.3140880509853239,0.0,0.0,0.0,0.0,0.0,0.11804552969399966,0.0,0.0,0.0,0.304647015134278,0.23105312472862047,0.0,0.0,0.0,0.0,0.0,0.0,0.0,0.3112790831039737,0.0,0.0,0.0,0.0,0.0,0.0,0.0,0.0,0.0,0.0,0.0,0.0,0.0,0.0,0.0,0.0,0.0,0.0,0.0,0.0,0.0,0.0,0.0,0.28744271982220126,0.0,0.0,0.0,0.0,0.0,0.0,0.0,0.0,0.0,0.0,0.17129443451190812,0.3126716640684206,0.0,0.0,0.0,0.0,0.0,0.0,0.0,0.0,0.0,0.0,0.0,0.0,0.0,0.11209694725466368,0.0,0.0,0.0,0.0,0.0,0.0,0.0,0.0,0.0,0.0,0.0,0.0,0.24595017361142904,0.0,0.0,0.0,0.0,0.0,0.0,0.0,0.0,0.0,0.0,0.14433103533072922,0.0,0.0,0.0,0.0,0.0,0.0,0.0,0.0,0.0,0.0,0.0,0.0,0.0,0.0,0.23703226089589932,0.2697865368932014,0.1473306974664589,0.13643395627083152,0.1498505080789257,0.1328309270076233,0.15855845917802633,0.0,0.0,0.0,0.0,0.0,0.0,0.0,0.0,0.0,0.0,0.0,0.3021360163994757,0.0,0.0,0.0,0.0,0.0,0.0,0.0,0.0,0.0,0.0,0.0,0.0,0.12202780710470738,0.0,0.0,0.0,0.0,0.0,0.0,0.0,0.0,0.0,0.0,0.0,0.0,0.0,0.0,0.0
c2e4fce565a99e5bad9e3be74a940c4b272a0e1d89aa7cebacda30d0e58edd2a,0.0,0.0,0.0,0.0,0.0,0.0,0.0,0.0,0.0,0.0,0.0,0.0,0.0,0.0,0.0,0.0,0.0,0.0,0.0,0.0,0.0,0.0,0.0,0.0,0.0,0.0,0.0,0.0,0.0,0.0,0.0,0.0,0.0,0.0,0.3467582886555867,0.0,0.0,0.0,0.0,0.0,0.0,0.0,0.0,0.0,0.0,0.0,0.0,0.0,0.0,0.0,0.0,0.0,0.0,0.0,0.0,0.0,0.0,0.0,0.0,0.0,0.30770774748632646,0.0,0.0,0.42990325651586275,0.0,0.0,0.0,0.3467582886555867,0.0,0.0,0.0,0.0,0.0,0.0,0.0,0.20136730792282806,0.0,0.0,0.0,0.18423540892167625,0.0,0.0,0.0,0.0,0.0,0.0,0.0,0.0,0.0,0.0,0.0,0.0,0.0,0.0,0.0,0.0,0.0,0.0,0.0,0.0,0.0,0.0,0.0,0.0,0.0,0.0,0.33921307836715797,0.0,0.0,0.0,0.0,0.0,0.0,0.0,0.0,0.0,0.0,0.24508551888664556,0.0,0.0,0.28482925588093955,0.0,0.0,0.0,0.0,0.0,0.0,0.0,0.0,0.0,0.0,0.0,0.0,0.0,0.0,0.0,0.0,0.0,0.0,0.0,0.0,0.0,0.0,0.0,0.0,0.21920678136378746,0.0,0.0,0.0,0.0,0.0,0.0,0.0,0.0,0.31814036205077767,0.0,0.0,0.0,0.0,0.0,0.0
c8d9a9758516d5a8936bd3bc01a9997fb677ed1dc54081caa985883935ff092b,0.0,0.0,0.0,0.0,0.0,0.0,0.0,0.0,0.0,0.0,0.0,0.0,0.0,0.0,0.0,0.0,0.0,0.5403609412194295,0.0,0.0,0.0,0.0,0.0,0.0,0.0,0.0,0.0,0.0,0.0,0.0,0.0,0.0,0.0,0.0,0.0,0.0,0.0,0.0,0.0,0.0,0.0,0.0,0.0,0.0,0.0,0.0,0.0,0.0,0.0,0.0,0.0,0.0,0.0,0.0,0.0,0.0,0.0,0.0,0.0,0.0,0.4006040687275722,0.0,0.0,0.0,0.0,0.0,0.0,0.0,0.0,0.0,0.0,0.0,0.0,0.0,0.0,0.0,0.0,0.0,0.0,0.0,0.0,0.0,0.0,0.0,0.0,0.0,0.0,0.0,0.0,0.0,0.0,0.0,0.0,0.0,0.0,0.0,0.0,0.0,0.0,0.33754511734082976,0.0,0.0,0.36979873423940707,0.0,0.0,0.0,0.44162079268259835,0.0,0.0,0.0,0.0,0.0,0.0,0.0,0.0,0.0,0.0,0.3190763211334527,0.0,0.0,0.0,0.0,0.0,0.0,0.0,0.0,0.0,0.0,0.0,0.0,0.0,0.0,0.0,0.0,0.0,0.0,0.0,0.0,0.0,0.0,0.0,0.0,0.0,0.0,0.0,0.0,0.0,0.0,0.0,0.0,0.0,0.0,0.0,0.0,0.0,0.0,0.0,0.0,0.0,0.0,0.0
c9cdf462a12dc6e78757b7f1b3ad4fd9139cafd0b1e81d67d3d0141e2b09137e,0.0,0.0,0.0,0.0,0.0,0.0,0.0,0.0,0.0,0.0,0.2175871385432571,0.0,0.1416653710190161,0.0,0.0,0.0,0.0,0.0,0.0,0.0,0.0,0.20711056556414162,0.0,0.0,0.0,0.0,0.2974485493986459,0.0,0.0,0.0,0.0,0.0,0.0,0.0,0.2316572148087122,0.0,0.0,0.0,0.0,0.0,0.0,0.0,0.25947069975312653,0.0,0.27479874590881714,0.0,0.0,0.0,0.0,0.0,0.0,0.0,0.0,0.0,0.0,0.0,0.0,0.0,0.27357866341685094,0.0,0.0,0.0,0.0,0.0,0.27357866341685094,0.0,0.0,0.0,0.0,0.0,0.0,0.0,0.0,0.0,0.0,0.1345265311113108,0.0,0.0,0.0,0.12308130215260846,0.0,0.0,0.0,0.0,0.0,0.0,0.0,0.0,0.0,0.0,0.0,0.0,0.0,0.0,0.0,0.0,0.0,0.0,0.0,0.17321036825950892,0.0,0.0,0.0,0.0,0.322769019478905,0.0,0.0,0.0,0.0,0.0,0.0,0.0,0.0,0.0,0.0,0.0,0.0,0.16373315520547,0.0,0.1594091924201964,0.0,0.0,0.0,0.0,0.22363695786493365,0.0,0.0,0.0,0.0,0.0,0.0,0.0,0.0,0.20315089635239464,0.0,0.0,0.0,0.0,0.0,0.0,0.0,0.0,0.27357866341685094,0.21862835722523657,0.0,0.14644446607116215,0.0,0.0,0.0,0.0,0.0,0.0,0.0,0.0,0.0,0.0,0.0,0.0,0.0,0.0,0.0
9aa89ac25459a7910489f306a1ad36af2c0ebe66a1eed7f749d53a8162b157b4,0.0,0.0,0.0,0.0,0.0,0.0,0.0,0.0,0.0,0.0,0.182357396192972,0.0,0.11872819488640528,0.0,0.0,0.0,0.0,0.0,0.0,0.0,0.0,0.1735770951959196,0.0,0.0,0.0,0.0,0.24928836939932547,0.3929857745857152,0.0,0.0,0.0,0.0,0.0,0.0,0.1941493729117377,0.0,0.0,0.0,0.0,0.0,0.0,0.0,0.0,0.0,0.23030581732230304,0.0,0.0,0.0,0.0,0.0,0.0,0.0,0.0,0.0,0.0,0.0,0.0,0.0,0.22928327955713382,0.0,0.0,0.0,0.0,0.0,0.22928327955713382,0.454454159543405,0.0,0.0,0.0,0.0,0.0,0.0,0.0,0.0,0.0,0.1127452113970167,0.0,0.0,0.0,0.10315309043934147,0.0,0.0,0.0,0.0,0.0,0.0,0.0,0.0,0.0,0.0,0.0,0.0,0.0,0.0,0.0,0.0,0.0,0.0,0.0,0.0,0.0,0.0,0.0,0.0,0.0,0.0,0.0,0.0,0.0,0.0,0.0,0.0,0.0,0.0,0.0,0.0,0.0,0.1372229629638399,0.15071710358825974,0.13359909714145332,0.15947541335090262,0.0,0.0,0.0,0.18742768346420033,0.0,0.0,0.0,0.0,0.0,0.0,0.0,0.0,0.17025853982507397,0.0,0.0,0.0,0.0,0.0,0.0,0.0,0.0,0.0,0.0,0.0,0.12273350207369023,0.0,0.0,0.0,0.0,0.0,0.34084208393213844,0.0,0.0,0.0,0.0,0.0,0.0,0.0,0.0,0.0
c21de9109580e03f0fc0a71c10bfe2923927eb0dfe748bea47d550f1fe7f1715,0.0,0.0,0.0,0.0,0.0,0.0,0.0,0.0,0.0,0.0,0.0,0.0,0.0,0.0,0.0,0.0,0.0,0.5254573204434756,0.0,0.0,0.0,0.0,0.0,0.0,0.0,0.0,0.0,0.0,0.0,0.0,0.0,0.0,0.0,0.0,0.0,0.0,0.0,0.0,0.0,0.0,0.0,0.0,0.0,0.0,0.0,0.0,0.0,0.0,0.0,0.0,0.0,0.0,0.0,0.0,0.0,0.0,0.0,0.0,0.0,0.0,0.3895550630238172,0.0,0.0,0.0,0.0,0.0,0.0,0.0,0.0,0.0,0.0,0.0,0.0,0.0,0.0,0.0,0.0,0.0,0.0,0.23324026424421293,0.0,0.0,0.0,0.0,0.0,0.0,0.0,0.0,0.0,0.0,0.0,0.0,0.0,0.0,0.0,0.0,0.0,0.0,0.0,0.3282353318995098,0.0,0.0,0.35959936622791744,0.0,0.0,0.0,0.4294405103585936,0.0,0.0,0.0,0.0,0.0,0.0,0.0,0.0,0.0,0.0,0.3102759210193586,0.0,0.0,0.0,0.0,0.0,0.0,0.0,0.0,0.0,0.0,0.0,0.0,0.0,0.0,0.0,0.0,0.0,0.0,0.0,0.0,0.0,0.0,0.0,0.0,0.0,0.0,0.0,0.0,0.0,0.0,0.0,0.0,0.0,0.0,0.0,0.0,0.0,0.0,0.0,0.0,0.0,0.0,0.0
c29c545819bf556787d920164c5ad6ae9da655c62fa6b9ac2614bea4823e208e,0.0,0.0,0.0,0.0,0.0,0.0,0.0,0.0,0.0,0.0,0.0,0.0,0.0,0.0,0.0,0.0,0.0,0.0,0.0,0.0,0.0,0.0,0.0,0.0,0.0,0.0,0.0,0.0,0.0,0.0,0.0,0.0,0.0,0.0,0.3467582886555867,0.0,0.0,0.0,0.0,0.0,0.0,0.0,0.0,0.0,0.0,0.0,0.0,0.0,0.0,0.0,0.0,0.0,0.0,0.0,0.0,0.0,0.0,0.0,0.0,0.0,0.30770774748632646,0.0,0.0,0.42990325651586275,0.0,0.0,0.0,0.3467582886555867,0.0,0.0,0.0,0.0,0.0,0.0,0.0,0.20136730792282806,0.0,0.0,0.0,0.18423540892167625,0.0,0.0,0.0,0.0,0.0,0.0,0.0,0.0,0.0,0.0,0.0,0.0,0.0,0.0,0.0,0.0,0.0,0.0,0.0,0.0,0.0,0.0,0.0,0.0,0.0,0.0,0.33921307836715797,0.0,0.0,0.0,0.0,0.0,0.0,0.0,0.0,0.0,0.0,0.24508551888664556,0.0,0.0,0.28482925588093955,0.0,0.0,0.0,0.0,0.0,0.0,0.0,0.0,0.0,0.0,0.0,0.0,0.0,0.0,0.0,0.0,0.0,0.0,0.0,0.0,0.0,0.0,0.0,0.0,0.21920678136378746,0.0,0.0,0.0,0.0,0.0,0.0,0.0,0.0,0.31814036205077767,0.0,0.0,0.0,0.0,0.0,0.0
c83bf900eb759e5de5c8b0697a101ce81573874a440ac07ae4ecbc56c4f69331,0.0,0.20160773788875347,0.23742417981427202,0.0,0.0,0.0,0.0,0.0,0.0,0.0,0.0,0.0,0.0,0.0,0.0,0.0,0.0,0.0,0.0,0.0,0.0,0.0,0.0,0.0,0.0,0.0,0.0,0.0,0.0,0.0,0.0,0.0,0.0,0.0,0.15414017937933178,0.0,0.0,0.0,0.0,0.0,0.0,0.0,0.0,0.0,0.0,0.28614085037012854,0.0,0.0,0.0,0.0,0.2232219572742837,0.0,0.0,0.0,0.0,0.0,0.0,0.0,0.0,0.0,0.13678152461140405,0.0,0.412969090142949,0.19109958505110514,0.18203389127445088,0.0,0.0,0.15414017937933178,0.0,0.0,0.0,0.0,0.0,0.0,0.0,0.08951132238164533,0.0,0.0,0.0,0.08189589090808368,0.0,0.0,0.0,0.0,0.0,0.27706329208695696,0.0,0.0,0.0,0.0,0.0,0.0,0.0,0.0,0.0,0.0,0.0,0.0,0.0,0.0,0.0,0.0,0.0,0.0,0.0,0.0,0.0,0.0,0.0,0.0,0.0,0.0,0.0,0.0,0.0,0.0,0.0,0.10894483875477365,0.11965818397563917,0.10606775849676409,0.12661163130141165,0.0,0.2066779776066114,0.2823591113633175,0.0,0.0,0.0,0.0,0.0,0.0,0.0,0.0,0.0,0.0,0.0,0.0,0.0,0.0,0.0,0.0,0.0,0.0,0.0,0.0,0.2823591113633175,0.09744128318195801,0.20160773788875347,0.21815788051301505,0.0,0.0,0.0,0.0,0.0,0.0,0.1414190059145753,0.0,0.0,0.0,0.0,0.0,0.0
c93a4492b65c992c3216d17f760df29b139edd3d7e8346861d7cdbd1072f72e9,0.0,0.0,0.0,0.0,0.0,0.0,0.0,0.0,0.0,0.0,0.0,0.0,0.0,0.0,0.0,0.0,0.0,0.0,0.0,0.0,0.0,0.0,0.0,0.0,0.0,0.0,0.3831453230790484,0.0,0.0,0.0,0.0,0.0,0.0,0.0,0.0,0.0,0.0,0.0,0.0,0.0,0.0,0.0,0.3342258191793051,0.0,0.3539699705909219,0.0,0.0,0.0,0.0,0.0,0.0,0.0,0.0,0.0,0.0,0.0,0.0,0.0,0.352398374758592,0.0,0.0,0.0,0.0,0.0,0.0,0.0,0.0,0.0,0.0,0.0,0.0,0.0,0.0,0.0,0.0,0.0,0.0,0.2948620505937577,0.0,0.15854178940724672,0.0,0.0,0.0,0.0,0.0,0.0,0.0,0.0,0.0,0.0,0.0,0.0,0.0,0.0,0.0,0.0,0.0,0.0,0.0,0.2231133506672015,0.0,0.0,0.24443261190868942,0.0,0.0,0.0,0.0,0.0,0.0,0.0,0.0,0.0,0.0,0.0,0.0,0.0,0.0,0.0,0.0,0.2053359703891176,0.0,0.0,0.0,0.0,0.0,0.0,0.0,0.0,0.0,0.0,0.0,0.0,0.0,0.26167993077827684,0.0,0.0,0.0,0.0,0.0,0.0,0.0,0.0,0.352398374758592,0.0,0.0,0.18863602589224662,0.0,0.0,0.0,0.0,0.0,0.0,0.0,0.0,0.0,0.0,0.0,0.0,0.0,0.0,0.0
c6960bb3329175489959ec95de0a83a3bd5f206f8cd7f46633e34a0227973d0e,0.0,0.0,0.0,0.0,0.0,0.0,0.0,0.0,0.0,0.0,0.0,0.0,0.0,0.0,0.0,0.0,0.0,0.5254573204434756,0.0,0.0,0.0,0.0,0.0,0.0,0.0,0.0,0.0,0.0,0.0,0.0,0.0,0.0,0.0,0.0,0.0,0.0,0.0,0.0,0.0,0.0,0.0,0.0,0.0,0.0,0.0,0.0,0.0,0.0,0.0,0.0,0.0,0.0,0.0,0.0,0.0,0.0,0.0,0.0,0.0,0.0,0.3895550630238172,0.0,0.0,0.0,0.0,0.0,0.0,0.0,0.0,0.0,0.0,0.0,0.0,0.0,0.0,0.0,0.0,0.0,0.0,0.23324026424421293,0.0,0.0,0.0,0.0,0.0,0.0,0.0,0.0,0.0,0.0,0.0,0.0,0.0,0.0,0.0,0.0,0.0,0.0,0.0,0.3282353318995098,0.0,0.0,0.35959936622791744,0.0,0.0,0.0,0.4294405103585936,0.0,0.0,0.0,0.0,0.0,0.0,0.0,0.0,0.0,0.0,0.3102759210193586,0.0,0.0,0.0,0.0,0.0,0.0,0.0,0.0,0.0,0.0,0.0,0.0,0.0,0.0,0.0,0.0,0.0,0.0,0.0,0.0,0.0,0.0,0.0,0.0,0.0,0.0,0.0,0.0,0.0,0.0,0.0,0.0,0.0,0.0,0.0,0.0,0.0,0.0,0.0,0.0,0.0,0.0,0.0
1ad82a4e7f70ad09c9ff67446d0bdd9a900e998c88888ed1509fa6a604ce2f4e,0.0,0.0,0.0,0.0,0.0,0.0,0.0,0.0,0.0,0.0,0.24482734021001237,0.0,0.15940076338452822,0.0,0.0,0.0,0.0,0.0,0.0,0.0,0.0,0.233039182535964,0.0,0.0,0.0,0.0,0.3346867727851451,0.0,0.0,0.0,0.0,0.0,0.0,0.0,0.260658879572522,0.0,0.0,0.0,0.0,0.0,0.0,0.0,0.0,0.0,0.30920139170141053,0.0,0.0,0.0,0.0,0.0,0.0,0.0,0.0,0.0,0.0,0.0,0.0,0.0,0.3078285644592089,0.0,0.0,0.0,0.0,0.0,0.0,0.0,0.0,0.0,0.0,0.0,0.0,0.0,0.0,0.0,0.0,0.15136819676092186,0.0,0.2575691837680986,0.0,0.13849011498268002,0.0,0.0,0.0,0.0,0.0,0.0,0.0,0.0,0.0,0.0,0.0,0.0,0.0,0.0,0.0,0.0,0.0,0.0,0.0,0.19489494664842855,0.0,0.0,0.21351784066090462,0.0,0.0,0.0,0.0,0.0,0.0,0.0,0.0,0.0,0.0,0.0,0.0,0.0,0.19894548914309515,0.0,0.0,0.17936597193452178,0.0,0.0,0.0,0.0,0.25163454941913005,0.0,0.2890329748266129,0.0,0.0,0.0,0.0,0.0,0.0,0.22858379382267036,0.0,0.0,0.0,0.0,0.0,0.0,0.0,0.0,0.0,0.0,0.0,0.16477816362087144,0.0,0.0,0.0,0.0,0.0,0.0,0.0,0.0,0.0,0.0,0.0,0.0,0.0,0.0,0.0
ca0ede290cb09f07579a8103a24d7de2b9c6de9fcf4474eb57258b20be63557e,0.0,0.0,0.0,0.0,0.0,0.0,0.0,0.0,0.0,0.0,0.0,0.0,0.3030065171129261,0.0,0.0,0.0,0.0,0.5930813540636471,0.0,0.0,0.0,0.0,0.0,0.0,0.0,0.0,0.0,0.0,0.0,0.0,0.0,0.0,0.0,0.0,0.0,0.0,0.0,0.0,0.0,0.0,0.0,0.0,0.554979049993065,0.0,0.0,0.0,0.0,0.0,0.0,0.0,0.0,0.0,0.0,0.0,0.0,0.0,0.0,0.0,0.0,0.0,0.0,0.0,0.0,0.0,0.0,0.0,0.0,0.0,0.0,0.0,0.0,0.0,0.0,0.0,0.0,0.287737330288362,0.0,0.0,0.0,0.0,0.0,0.0,0.0,0.0,0.0,0.0,0.0,0.0,0.0,0.0,0.0,0.0,0.0,0.0,0.0,0.0,0.0,0.0,0.0,0.0,0.0,0.0,0.0,0.0,0.0,0.0,0.0,0.0,0.0,0.0,0.0,0.0,0.0,0.0,0.0,0.0,0.0,0.0,0.0,0.0,0.40699759320719076,0.0,0.0,0.0,0.0,0.0,0.0,0.0,0.0,0.0,0.0,0.0,0.0,0.0,0.0,0.0,0.0,0.0,0.0,0.0,0.0,0.0,0.0,0.0,0.0,0.0,0.0,0.0,0.0,0.0,0.0,0.0,0.0,0.0,0.0,0.0,0.0,0.0,0.0,0.0,0.0
54868bd41bfff9eeba5eee485e56016d76c4845be7ebb2f819fb25f31cc4d036,0.0,0.0,0.0,0.0,0.0,0.0,0.0,0.0,0.0,0.0,0.24294262457771842,0.0,0.15817367367186497,0.0,0.0,0.0,0.0,0.0,0.0,0.0,0.44659371394940006,0.23124521381545354,0.0,0.0,0.0,0.0,0.0,0.0,0.0,0.0,0.0,0.0,0.0,0.0,0.0,0.0,0.0,0.0,0.0,0.0,0.0,0.0,0.2897068881050147,0.0,0.0,0.0,0.0,0.3304022309825614,0.0,0.0,0.0,0.0,0.0,0.0,0.0,0.0,0.0,0.0,0.0,0.0,0.0,0.0,0.0,0.0,0.0,0.0,0.0,0.0,0.0,0.0,0.0,0.0,0.0,0.0,0.0,0.15020294288681313,0.0,0.0,0.0,0.0,0.0,0.0,0.0,0.0,0.0,0.0,0.0,0.0,0.0,0.0,0.0,0.0,0.0,0.0,0.0,0.0,0.0,0.0,0.0,0.19339461767255395,0.0,0.0,0.2118741500023284,0.0,0.0,0.0,0.0,0.0,0.0,0.0,0.0,0.0,0.0,0.0,0.0,0.0,0.19741397851588857,0.18281302250822073,0.20079036813915002,0.17798518721122816,0.21245848144314508,0.0,0.0,0.0,0.0,0.0,0.2868079579415017,0.0,0.0,0.0,0.0,0.0,0.0,0.0,0.0,0.0,0.0,0.0,0.0,0.0,0.0,0.0,0.3054588564559883,0.0,0.0,0.0,0.0,0.0,0.0,0.0,0.0,0.0,0.0,0.0,0.0,0.0,0.0,0.0,0.0,0.0,0.0
cb4af8d6d57163b0322bd033b36379f805bdb59ec550049ea568cc0a7dfe52cd,0.0,0.29878752047808027,0.3518683495540848,0.0,0.0,0.0,0.0,0.0,0.0,0.0,0.0,0.0,0.0,0.0,0.0,0.0,0.0,0.0,0.0,0.0,0.0,0.0,0.0,0.0,0.0,0.0,0.0,0.0,0.0,0.0,0.0,0.0,0.0,0.0,0.0,0.0,0.0,0.0,0.0,0.0,0.0,0.0,0.0,0.0,0.0,0.0,0.0,0.0,0.0,0.0,0.0,0.0,0.0,0.0,0.0,0.0,0.0,0.0,0.0,0.0,0.20271351196055828,0.0,0.0,0.0,0.0,0.0,0.0,0.0,0.0,0.0,0.0,0.0,0.0,0.0,0.0,0.0,0.0,0.0,0.0,0.12137168165277394,0.0,0.0,0.0,0.0,0.0,0.4106144681006015,0.0,0.0,0.0,0.0,0.0,0.0,0.0,0.0,0.0,0.0,0.0,0.0,0.0,0.0,0.0,0.0,0.18712540882159015,0.0,0.0,0.0,0.22346877834726694,0.0,0.0,0.0,0.0,0.0,0.0,0.0,0.28050906727397923,0.0,0.0,0.16145887346042653,0.0,0.15719497126347087,0.1876414852742812,0.0,0.3063017377863672,0.4184629997445451,0.0,0.0,0.0,0.0,0.0,0.0,0.0,0.0,0.0,0.0,0.0,0.0,0.0,0.0,0.0,0.0,0.0,0.0,0.0,0.0,0.0,0.0,0.0,0.0,0.0,0.0,0.0,0.0,0.0,0.0,0.20958637088129364,0.0,0.0,0.0,0.0,0.0,0.0
1af129726e9594c9d809e9e06f0a693a81f079217d1fe13e616fd7b7702a7f5d,0.0,0.0,0.0,0.0,0.0,0.0,0.0,0.0,0.0,0.0,0.0,0.0,0.0,0.0,0.0,0.0,0.0,0.0,0.0,0.0,0.0,0.0,0.0,0.0,0.0,0.0,0.0,0.0,0.0,0.0,0.0,0.0,0.0,0.0,0.32441246787033307,0.0,0.0,0.0,0.0,0.0,0.0,0.0,0.0,0.0,0.0,0.0,0.0,0.0,0.0,0.0,0.0,0.0,0.0,0.0,0.0,0.0,0.0,0.0,0.0,0.0,0.28787842428190547,0.0,0.0,0.4021994021614483,0.0,0.0,0.0,0.32441246787033307,0.0,0.0,0.0,0.0,0.0,0.0,0.0,0.1883907824234714,0.0,0.0,0.0,0.17236289840138486,0.0,0.0,0.0,0.0,0.0,0.0,0.0,0.0,0.0,0.0,0.0,0.0,0.0,0.0,0.0,0.0,0.0,0.0,0.0,0.0,0.0,0.0,0.0,0.0,0.0,0.0,0.31735348652698875,0.0,0.0,0.0,0.0,0.0,0.0,0.0,0.0,0.0,0.24760482823538443,0.22929170151796696,0.25183963662640274,0.0,0.26647426995979745,0.0,0.0,0.0,0.0,0.0,0.0,0.0,0.0,0.0,0.0,0.0,0.0,0.0,0.0,0.0,0.0,0.0,0.0,0.0,0.0,0.0,0.0,0.0,0.0,0.2050806433260816,0.0,0.0,0.0,0.0,0.0,0.0,0.0,0.0,0.29763873960216936,0.0,0.0,0.0,0.0,0.0,0.0
9aecf5734ff36e456fd5a50650b083c1d521d36212c0a440ec6202fc00d14380,0.0,0.0,0.0,0.0,0.0,0.0,0.0,0.0,0.0,0.0,0.21741183910567424,0.0,0.1415512380788485,0.0,0.0,0.0,0.0,0.0,0.0,0.0,0.0,0.20694370659488484,0.0,0.0,0.0,0.0,0.0,0.0,0.0,0.0,0.0,0.0,0.0,0.0,0.0,0.0,0.0,0.0,0.0,0.0,0.0,0.0,0.0,0.24507887234159806,0.0,0.0,0.0,0.0,0.0,0.0,0.0,0.0,0.0,0.0,0.0,0.0,0.0,0.0,0.0,0.0,0.0,0.0,0.0,0.0,0.0,0.0,0.0,0.0,0.0,0.0,0.0,0.44898494969200264,0.0,0.0,0.0,0.13441814958930695,0.28697210505205556,0.22872686478533902,0.0,0.12298214149822068,0.0,0.0,0.0,0.0,0.0,0.0,0.0,0.0,0.0,0.0,0.0,0.0,0.0,0.0,0.0,0.0,0.0,0.0,0.0,0.17307082104020777,0.0,0.0,0.0,0.0,0.0,0.0,0.0,0.0,0.0,0.0,0.0,0.0,0.0,0.0,0.0,0.0,0.17666778816155027,0.1636012433185205,0.17968935376292033,0.0,0.19013126767870342,0.0,0.0,0.0,0.22345678438042108,0.0,0.0,0.0,0.0,0.0,0.0,0.0,0.0,0.20298722749717898,0.0,0.0,0.0,0.0,0.0,0.0,0.0,0.0,0.0,0.21845221892810268,0.0,0.0,0.0,0.0,0.0,0.0,0.0,0.40636193463675213,0.0,0.0,0.0,0.0,0.0,0.0,0.0,0.0,0.0
cc43fc18d6d1dc662ad747652cd961152ee13dbf2cea9bf75564f3e2e8ffd2e8,0.0,0.0,0.0,0.0,0.0,0.0,0.0,0.0,0.0,0.0,0.0,0.0,0.0,0.0,0.0,0.0,0.0,0.5403609412194295,0.0,0.0,0.0,0.0,0.0,0.0,0.0,0.0,0.0,0.0,0.0,0.0,0.0,0.0,0.0,0.0,0.0,0.0,0.0,0.0,0.0,0.0,0.0,0.0,0.0,0.0,0.0,0.0,0.0,0.0,0.0,0.0,0.0,0.0,0.0,0.0,0.0,0.0,0.0,0.0,0.0,0.0,0.4006040687275722,0.0,0.0,0.0,0.0,0.0,0.0,0.0,0.0,0.0,0.0,0.0,0.0,0.0,0.0,0.0,0.0,0.0,0.0,0.0,0.0,0.0,0.0,0.0,0.0,0.0,0.0,0.0,0.0,0.0,0.0,0.0,0.0,0.0,0.0,0.0,0.0,0.0,0.0,0.33754511734082976,0.0,0.0,0.36979873423940707,0.0,0.0,0.0,0.44162079268259835,0.0,0.0,0.0,0.0,0.0,0.0,0.0,0.0,0.0,0.0,0.3190763211334527,0.0,0.0,0.0,0.0,0.0,0.0,0.0,0.0,0.0,0.0,0.0,0.0,0.0,0.0,0.0,0.0,0.0,0.0,0.0,0.0,0.0,0.0,0.0,0.0,0.0,0.0,0.0,0.0,0.0,0.0,0.0,0.0,0.0,0.0,0.0,0.0,0.0,0.0,0.0,0.0,0.0,0.0,0.0
cdf45f57fd8885bea02e2fcaf7b3a13c3f8185827cee1ef348a22cb36c1886c0,0.0,0.0,0.0,0.0,0.0,0.0,0.0,0.0,0.0,0.0,0.21041931155928,0.0,0.13699858383718386,0.0,0.0,0.0,0.0,0.0,0.0,0.0,0.0,0.2002878612882532,0.0,0.0,0.0,0.0,0.0,0.0,0.0,0.0,0.0,0.0,0.0,0.0,0.0,0.0,0.0,0.0,0.0,0.0,0.0,0.39555497174786725,0.0,0.23719650138637655,0.0,0.0,0.0,0.0,0.0,0.0,0.0,0.0,0.0,0.0,0.0,0.38271461447028965,0.0,0.0,0.0,0.0,0.0,0.0,0.0,0.0,0.0,0.0,0.0,0.0,0.0,0.0,0.0,0.0,0.0,0.0,0.0,0.13009491393845668,0.0,0.0,0.0,0.11902671747127579,0.0,0.0,0.0,0.0,0.0,0.0,0.0,0.0,0.0,0.0,0.0,0.0,0.0,0.0,0.0,0.0,0.0,0.0,0.0,0.16750441541768554,0.0,0.0,0.0,0.0,0.0,0.0,0.21915124501682623,0.0,0.0,0.0,0.0,0.0,0.0,0.3978721884390768,0.0,0.0,0.0,0.0,0.17391007899504404,0.15415788244584183,0.0,0.0,0.0,0.0,0.0,0.0,0.0,0.0,0.0,0.0,0.0,0.0,0.0,0.0,0.0,0.0,0.0,0.0,0.0,0.0,0.0,0.0,0.26456634523017725,0.0,0.0,0.14162024437043738,0.29301478977303663,0.0,0.0,0.0,0.0,0.0,0.0,0.0,0.20553705290238608,0.0,0.0,0.0,0.0,0.0,0.0
ce8a3474f1be9d750b5a5d5447e8f66b651d215799c1b5acb261296426542659,0.0,0.2193815356162115,0.2583555656421068,0.0,0.0,0.0,0.0,0.0,0.0,0.0,0.0,0.0,0.0,0.0,0.0,0.0,0.0,0.0,0.0,0.0,0.0,0.0,0.0,0.0,0.0,0.0,0.0,0.0,0.0,0.0,0.0,0.0,0.0,0.0,0.16772922312662125,0.0,0.0,0.0,0.0,0.0,0.0,0.0,0.18786731477217072,0.0,0.0,0.3113671122651349,0.0,0.0,0.0,0.0,0.24290127096763833,0.0,0.0,0.0,0.0,0.0,0.0,0.0,0.0,0.0,0.14884022422658402,0.0,0.0,0.20794698092027422,0.19808205290225248,0.0,0.0,0.16772922312662125,0.0,0.0,0.0,0.0,0.0,0.0,0.0,0.09740266700457115,0.0,0.0,0.0,0.08911585684269202,0.0,0.0,0.0,0.0,0.32281902568784576,0.30148927376219653,0.0,0.0,0.0,0.0,0.0,0.0,0.0,0.0,0.0,0.0,0.0,0.0,0.0,0.0,0.0,0.0,0.0,0.0,0.0,0.0,0.0,0.0,0.0,0.0,0.0,0.0,0.0,0.0,0.2059607771916677,0.0,0.0,0.11854944792184023,0.13020728482211322,0.0,0.1377737501181831,0.0,0.22489876916535115,0.0,0.0,0.0,0.0,0.0,0.0,0.0,0.0,0.0,0.0,0.0,0.0,0.0,0.0,0.0,0.0,0.0,0.0,0.0,0.0,0.0,0.3072519740303528,0.10603173549156002,0.2193815356162115,0.0,0.0,0.0,0.0,0.0,0.0,0.0,0.1538865472513608,0.0,0.0,0.0,0.0,0.0,0.0
ce093ffa19f020a2b73719f653b5e0423df28ef1d59035d55e99154a85c5c668,0.0,0.22545930161823516,0.2655130717142685,0.0,0.0,0.0,0.0,0.0,0.0,0.0,0.0,0.0,0.0,0.0,0.0,0.0,0.0,0.0,0.0,0.0,0.0,0.0,0.0,0.0,0.0,0.0,0.0,0.0,0.0,0.0,0.0,0.0,0.0,0.0,0.0,0.0,0.0,0.0,0.0,0.0,0.0,0.0,0.0,0.0,0.0,0.31999325504309384,0.0,0.0,0.0,0.0,0.2496306298555171,0.0,0.0,0.0,0.0,0.0,0.0,0.0,0.0,0.0,0.15296370732645828,0.0,0.0,0.2137079629797293,0.2035697360992854,0.0,0.0,0.1723760087688195,0.0,0.0,0.0,0.0,0.0,0.0,0.0,0.1001011193440718,0.0,0.0,0.0,0.09158473064029021,0.0,0.0,0.0,0.0,0.3317624333161175,0.0,0.0,0.0,0.0,0.0,0.0,0.0,0.0,0.0,0.0,0.0,0.0,0.0,0.0,0.0,0.0,0.0,0.0,0.0,0.0,0.0,0.0,0.0,0.0,0.0,0.0,0.0,0.0,0.0,0.2116667332825019,0.0,0.0,0.12183375260187726,0.13381455927520156,0.0,0.1415906466135403,0.3268279462662089,0.23112938510707456,0.0,0.0,0.0,0.0,0.0,0.0,0.0,0.0,0.0,0.0,0.0,0.0,0.0,0.0,0.0,0.0,0.0,0.0,0.0,0.0,0.0,0.31576411064463555,0.10896924832870941,0.22545930161823516,0.0,0.0,0.0,0.0,0.0,0.0,0.0,0.15814983414296743,0.0,0.0,0.0,0.0,0.0,0.0
ce9676c8db6fac696d6db020b83b562906f876e12c440ee2f443921ed0cc7b42,0.0,0.22785065188090978,0.0,0.0,0.0,0.0,0.0,0.0,0.0,0.0,0.0,0.28607539027188433,0.10653119816321385,0.0,0.0,0.0,0.0,0.0,0.0,0.0,0.0,0.0,0.34943180208772334,0.0,0.3797503188304838,0.0,0.0,0.0,0.0,0.0,0.0,0.0,0.0,0.0,0.0,0.0,0.0,0.0,0.0,0.0,0.0,0.0,0.0,0.0,0.2066464051506648,0.0,0.0,0.2225284696579191,0.0,0.0,0.0,0.0,0.0,0.0,0.0,0.0,0.32792047212170666,0.0,0.0,0.0,0.0,0.0,0.0,0.0,0.0,0.0,0.0,0.0,0.0,0.0,0.0,0.0,0.0,0.0,0.0,0.10116284905014,0.0,0.0,0.0,0.0925561306583941,0.0,0.0,0.0,0.0,0.0,0.0,0.0,0.0,0.0,0.0,0.0,0.0,0.0,0.0,0.0,0.0,0.0,0.0,0.0,0.13025277760011011,0.0,0.0,0.1426988862026752,0.0,0.0,0.0,0.17041376674629466,0.0,0.0,0.0,0.0,0.0,0.0,0.0,0.0,0.0,0.13295984835689756,0.12312599104223429,0.0,0.11987440645939004,0.14309243796808324,0.0,0.0,0.0,0.0,0.0,0.19316738805496675,0.0,0.0,0.0,0.0,0.0,0.0,0.0,0.0,0.0,0.0,0.0,0.0,0.0,0.0,0.0,0.20572891311438113,0.0,0.0,0.11012503848127342,0.0,0.0,0.0,0.0,0.0,0.0,0.0,0.0,0.0,0.3797503188304838,0.0,0.0,0.0,0.0,0.0
ce40058314b131a63ee248a85505ac02b9473c1032d7bfe63b081dc57171dd3f,0.0,0.0,0.0,0.0,0.0,0.0,0.0,0.0,0.0,0.0,0.0,0.0,0.0,0.0,0.0,0.0,0.0,0.5254573204434756,0.0,0.0,0.0,0.0,0.0,0.0,0.0,0.0,0.0,0.0,0.0,0.0,0.0,0.0,0.0,0.0,0.0,0.0,0.0,0.0,0.0,0.0,0.0,0.0,0.0,0.0,0.0,0.0,0.0,0.0,0.0,0.0,0.0,0.0,0.0,0.0,0.0,0.0,0.0,0.0,0.0,0.0,0.3895550630238172,0.0,0.0,0.0,0.0,0.0,0.0,0.0,0.0,0.0,0.0,0.0,0.0,0.0,0.0,0.0,0.0,0.0,0.0,0.23324026424421293,0.0,0.0,0.0,0.0,0.0,0.0,0.0,0.0,0.0,0.0,0.0,0.0,0.0,0.0,0.0,0.0,0.0,0.0,0.0,0.3282353318995098,0.0,0.0,0.35959936622791744,0.0,0.0,0.0,0.4294405103585936,0.0,0.0,0.0,0.0,0.0,0.0,0.0,0.0,0.0,0.0,0.3102759210193586,0.0,0.0,0.0,0.0,0.0,0.0,0.0,0.0,0.0,0.0,0.0,0.0,0.0,0.0,0.0,0.0,0.0,0.0,0.0,0.0,0.0,0.0,0.0,0.0,0.0,0.0,0.0,0.0,0.0,0.0,0.0,0.0,0.0,0.0,0.0,0.0,0.0,0.0,0.0,0.0,0.0,0.0,0.0
1b6a5b2f2a6c23f7fb1955fb3147c9860414f759aa9c3972f99b58a4bfeec55e,0.0,0.0,0.0,0.0,0.0,0.0,0.0,0.0,0.0,0.0,0.0,0.0,0.0,0.0,0.0,0.0,0.0,0.0,0.0,0.0,0.0,0.0,0.0,0.0,0.0,0.0,0.0,0.0,0.0,0.0,0.0,0.0,0.0,0.0,0.3467582886555867,0.0,0.0,0.0,0.0,0.0,0.0,0.0,0.0,0.0,0.0,0.0,0.0,0.0,0.0,0.0,0.0,0.0,0.0,0.0,0.0,0.0,0.0,0.0,0.0,0.0,0.30770774748632646,0.0,0.0,0.42990325651586275,0.0,0.0,0.0,0.3467582886555867,0.0,0.0,0.0,0.0,0.0,0.0,0.0,0.20136730792282806,0.0,0.0,0.0,0.18423540892167625,0.0,0.0,0.0,0.0,0.0,0.0,0.0,0.0,0.0,0.0,0.0,0.0,0.0,0.0,0.0,0.0,0.0,0.0,0.0,0.0,0.0,0.0,0.0,0.0,0.0,0.0,0.33921307836715797,0.0,0.0,0.0,0.0,0.0,0.0,0.0,0.0,0.0,0.0,0.24508551888664556,0.0,0.0,0.28482925588093955,0.0,0.0,0.0,0.0,0.0,0.0,0.0,0.0,0.0,0.0,0.0,0.0,0.0,0.0,0.0,0.0,0.0,0.0,0.0,0.0,0.0,0.0,0.0,0.0,0.21920678136378746,0.0,0.0,0.0,0.0,0.0,0.0,0.0,0.0,0.31814036205077767,0.0,0.0,0.0,0.0,0.0,0.0
cf5ec678a2f836f859eb983eb633d529c25771b3b7505e74aa695b7ca00f9fa8,0.0,0.17400128803428638,0.0,0.0,0.0,0.0,0.0,0.0,0.0,0.0,0.0,0.21846541131791947,0.08135401651571084,0.0,0.0,0.0,0.0,0.0,0.0,0.2645173615340955,0.22969810042993707,0.11893715627386221,0.0,0.0,0.0,0.0,0.0,0.0,0.0,0.0,0.0,0.0,0.0,0.0,0.1330335334878823,0.286539730855102,0.0,0.0,0.0,0.0,0.0,0.0,0.0,0.0,0.0,0.0,0.0,0.0,0.0,0.0,0.19265583994941754,0.0,0.0,0.0,0.0,0.0,0.0,0.0,0.0,0.27725946102040305,0.11805182534616109,0.0,0.0,0.0,0.0,0.0,0.0,0.0,0.0,0.0,0.0,0.0,0.0,0.0,0.0,0.07725440278811531,0.0,0.0,0.0,0.07068176376536234,0.0,0.0,0.0,0.0,0.0,0.0,0.0,0.0,0.0,0.0,0.0,0.0,0.0,0.0,0.0,0.0,0.0,0.0,0.0,0.09946932732195313,0.0,0.0,0.10897396955134138,0.301858329065317,0.0,0.0,0.0,0.0,0.2668484076805922,0.0,0.0,0.0,0.0,0.0,0.1633566854896452,0.185930110483816,0.10153661918437516,0.09402685862423801,0.0,0.0,0.1092745107765864,0.2522339207464367,0.17837725222489048,0.24369525485447388,0.0,0.0,0.0,0.0,0.22609041450239875,0.0,0.0,0.0,0.0,0.0,0.0,0.0,0.0,0.0,0.0,0.0,0.0,0.0,0.0,0.0,0.0,0.08409850216527903,0.0,0.18828519481251577,0.0,0.0,0.0,0.0,0.0,0.0,0.1220542893807111,0.0,0.0,0.0,0.0,0.0,0.0
d0db9cddc41614fb5ce91b4d5ad6d059429cdb67d41954a0acf4f01b84ecf6ce,0.0,0.0,0.0,0.0,0.0,0.0,0.0,0.0,0.0,0.0,0.0,0.0,0.0,0.0,0.0,0.0,0.0,0.0,0.0,0.0,0.0,0.0,0.0,0.0,0.0,0.0,0.0,0.0,0.0,0.0,0.0,0.0,0.0,0.0,0.3467582886555867,0.0,0.0,0.0,0.0,0.0,0.0,0.0,0.0,0.0,0.0,0.0,0.0,0.0,0.0,0.0,0.0,0.0,0.0,0.0,0.0,0.0,0.0,0.0,0.0,0.0,0.30770774748632646,0.0,0.0,0.42990325651586275,0.0,0.0,0.0,0.3467582886555867,0.0,0.0,0.0,0.0,0.0,0.0,0.0,0.20136730792282806,0.0,0.0,0.0,0.18423540892167625,0.0,0.0,0.0,0.0,0.0,0.0,0.0,0.0,0.0,0.0,0.0,0.0,0.0,0.0,0.0,0.0,0.0,0.0,0.0,0.0,0.0,0.0,0.0,0.0,0.0,0.0,0.33921307836715797,0.0,0.0,0.0,0.0,0.0,0.0,0.0,0.0,0.0,0.0,0.24508551888664556,0.0,0.0,0.28482925588093955,0.0,0.0,0.0,0.0,0.0,0.0,0.0,0.0,0.0,0.0,0.0,0.0,0.0,0.0,0.0,0.0,0.0,0.0,0.0,0.0,0.0,0.0,0.0,0.0,0.21920678136378746,0.0,0.0,0.0,0.0,0.0,0.0,0.0,0.0,0.31814036205077767,0.0,0.0,0.0,0.0,0.0,0.0
d2c2702cb2dd37133f15a9e2ea360073c5ac9eb6b2664977a2e21266985ea224,0.0,0.0,0.0,0.0,0.0,0.0,0.0,0.0,0.0,0.0,0.0,0.0,0.0,0.0,0.0,0.0,0.0,0.0,0.0,0.0,0.0,0.0,0.0,0.0,0.0,0.0,0.0,0.0,0.0,0.0,0.0,0.0,0.0,0.0,0.3348389823578099,0.0,0.0,0.0,0.0,0.0,0.0,0.0,0.0,0.0,0.0,0.0,0.0,0.0,0.0,0.0,0.0,0.0,0.0,0.0,0.0,0.0,0.0,0.0,0.0,0.0,0.2971307461211728,0.0,0.0,0.41512596420457853,0.0,0.0,0.0,0.3348389823578099,0.0,0.0,0.0,0.0,0.0,0.0,0.0,0.1944456028042668,0.0,0.0,0.0,0.1779025876404675,0.0,0.0,0.0,0.0,0.0,0.0,0.0,0.0,0.0,0.0,0.0,0.0,0.0,0.0,0.0,0.0,0.0,0.0,0.0,0.0,0.0,0.0,0.0,0.0,0.0,0.0,0.3275531275785389,0.0,0.0,0.0,0.0,0.0,0.0,0.0,0.0,0.0,0.0,0.23666106454963334,0.2599336831870781,0.0,0.27503866902409657,0.0,0.0,0.0,0.0,0.0,0.0,0.0,0.0,0.0,0.0,0.0,0.0,0.0,0.0,0.0,0.0,0.0,0.0,0.0,0.0,0.0,0.0,0.0,0.0,0.2116718705769255,0.0,0.0,0.0,0.0,0.0,0.0,0.0,0.0,0.3072047549001288,0.0,0.0,0.0,0.0,0.0,0.0
b9689ae1336839dcea078f89cd37596f2c52fe818915db19064d7dfbf08abe54,0.0,0.0,0.0,0.0,0.0,0.0,0.0,0.0,0.0,0.0,0.2600330849223185,0.0,0.1693008313789471,0.0,0.0,0.0,0.0,0.0,0.0,0.0,0.0,0.2475127879534257,0.0,0.0,0.0,0.0,0.355473510169912,0.0,0.0,0.0,0.0,0.0,0.0,0.0,0.0,0.0,0.0,0.0,0.0,0.0,0.0,0.0,0.0,0.0,0.32840528217732046,0.0,0.0,0.0,0.0,0.0,0.0,0.0,0.0,0.0,0.0,0.0,0.0,0.0,0.326947191334407,0.0,0.0,0.0,0.0,0.0,0.0,0.0,0.0,0.0,0.0,0.0,0.0,0.0,0.0,0.0,0.0,0.16076937783626394,0.0,0.27356629933033594,0.0,0.14709146372011336,0.0,0.0,0.0,0.0,0.0,0.0,0.0,0.0,0.0,0.0,0.0,0.0,0.0,0.0,0.0,0.0,0.0,0.0,0.0,0.20699948857545525,0.0,0.0,0.0,0.0,0.0,0.0,0.0,0.0,0.0,0.0,0.0,0.0,0.0,0.0,0.0,0.0,0.21130160230014633,0.0,0.0,0.19050603977568467,0.0,0.0,0.0,0.0,0.26726307651083997,0.0,0.3069842445862806,0.0,0.0,0.0,0.0,0.0,0.0,0.24278068380749157,0.0,0.0,0.0,0.0,0.0,0.0,0.0,0.0,0.0,0.0,0.0,0.1750122113707359,0.0,0.0,0.0,0.0,0.0,0.0,0.0,0.0,0.0,0.0,0.0,0.0,0.0,0.0,0.0
d3e5092f8a81208947a4e9bd1b397d7a681802316d148f950c4184efa1946e31,0.0,0.0,0.0,0.0,0.0,0.0,0.0,0.0,0.0,0.0,0.0,0.0,0.0,0.0,0.0,0.0,0.0,0.0,0.0,0.0,0.0,0.0,0.0,0.0,0.0,0.0,0.0,0.0,0.0,0.0,0.0,0.0,0.0,0.0,0.3467582886555867,0.0,0.0,0.0,0.0,0.0,0.0,0.0,0.0,0.0,0.0,0.0,0.0,0.0,0.0,0.0,0.0,0.0,0.0,0.0,0.0,0.0,0.0,0.0,0.0,0.0,0.30770774748632646,0.0,0.0,0.42990325651586275,0.0,0.0,0.0,0.3467582886555867,0.0,0.0,0.0,0.0,0.0,0.0,0.0,0.20136730792282806,0.0,0.0,0.0,0.18423540892167625,0.0,0.0,0.0,0.0,0.0,0.0,0.0,0.0,0.0,0.0,0.0,0.0,0.0,0.0,0.0,0.0,0.0,0.0,0.0,0.0,0.0,0.0,0.0,0.0,0.0,0.0,0.33921307836715797,0.0,0.0,0.0,0.0,0.0,0.0,0.0,0.0,0.0,0.0,0.24508551888664556,0.0,0.0,0.28482925588093955,0.0,0.0,0.0,0.0,0.0,0.0,0.0,0.0,0.0,0.0,0.0,0.0,0.0,0.0,0.0,0.0,0.0,0.0,0.0,0.0,0.0,0.0,0.0,0.0,0.21920678136378746,0.0,0.0,0.0,0.0,0.0,0.0,0.0,0.0,0.31814036205077767,0.0,0.0,0.0,0.0,0.0,0.0
d3fd49f8f42fa571209af568a65119433e114bb66da21eda12b96a16b5ebfe21,0.0,0.0,0.0,0.0,0.0,0.5724886246340458,0.0,0.0,0.0,0.0,0.3180203375853,0.0,0.2070548352133308,0.0,0.0,0.0,0.0,0.0,0.0,0.0,0.0,0.0,0.0,0.0,0.0,0.0,0.0,0.0,0.0,0.0,0.0,0.0,0.0,0.0,0.3385848361753736,0.0,0.0,0.0,0.0,0.0,0.0,0.0,0.3792363835538866,0.0,0.0,0.0,0.0,0.0,0.0,0.0,0.0,0.0,0.0,0.0,0.0,0.0,0.0,0.0,0.0,0.0,0.0,0.0,0.0,0.0,0.0,0.0,0.0,0.0,0.0,0.0,0.0,0.0,0.0,0.0,0.0,0.0,0.0,0.0,0.0,0.0,0.0,0.0,0.0,0.0,0.0,0.0,0.0,0.0,0.0,0.0,0.0,0.0,0.0,0.0,0.0,0.0,0.0,0.0,0.0,0.25316027480278747,0.0,0.0,0.0,0.0,0.0,0.0,0.0,0.0,0.0,0.0,0.0,0.0,0.0,0.0,0.0,0.0,0.0,0.0,0.0,0.0,0.0,0.0,0.0,0.0,0.0,0.0,0.0,0.0,0.0,0.0,0.0,0.0,0.0,0.0,0.0,0.0,0.0,0.0,0.0,0.0,0.0,0.0,0.3998562574904466,0.0,0.0,0.21403985019174865,0.0,0.0,0.0,0.0,0.0,0.0,0.0,0.0,0.0,0.0,0.0,0.0,0.0,0.0,0.0
d4ab320cfff425eaafe322870539f5c16bfe1be83103ac093f21c1ac5f41e3b6,0.0,0.0,0.0,0.0,0.33468489380191585,0.0,0.0,0.0,0.0,0.0,0.0,0.0,0.12042952125080521,0.0,0.0,0.0,0.0,0.0,0.0,0.0,0.0,0.0,0.0,0.0,0.0,0.0,0.0,0.0,0.0,0.0,0.0,0.0,0.0,0.0,0.0,0.0,0.0,0.0,0.0,0.0,0.0,0.0,0.0,0.0,0.0,0.0,0.0,0.0,0.0,0.0,0.28519121200118636,0.0,0.0,0.0,0.0,0.0,0.0,0.0,0.0,0.0,0.17475381570713627,0.0,0.0,0.0,0.0,0.0,0.0,0.19693145384106103,0.0,0.0,0.0,0.0,0.0,0.0,0.0,0.0,0.0,0.0,0.0,0.10463123194146479,0.0,0.0,0.0,0.0,0.0,0.0,0.0,0.0,0.0,0.0,0.0,0.0,0.0,0.0,0.0,0.0,0.0,0.0,0.0,0.147245876498416,0.0,0.0,0.0,0.0,0.0,0.0,0.1926463674271278,0.0,0.0,0.0,0.0,0.0,0.0,0.0,0.0,0.27523501789676363,0.0,0.1391893117735293,0.0,0.13551351743938045,0.0,0.37338550227376566,0.26405441313803074,0.0,0.19011344533905353,0.0,0.21836848233967474,0.0,0.0,0.0,0.0,0.0,0.0,0.0,0.0,0.0,0.0,0.0,0.0,0.0,0.0,0.0,0.0,0.18585564138289667,0.0,0.0,0.0,0.2787212831158364,0.0,0.0,0.0,0.0,0.0,0.0,0.18067872080891864,0.0,0.0,0.3189862327702064,0.0,0.0,0.0
d7d50f809a7808ca53c4430d484bb100aaf9c74c6c12080ff888b8c04212f405,0.0,0.0,0.0,0.0,0.0,0.0,0.0,0.0,0.0,0.0,0.0,0.0,0.0,0.0,0.0,0.0,0.0,0.5254573204434756,0.0,0.0,0.0,0.0,0.0,0.0,0.0,0.0,0.0,0.0,0.0,0.0,0.0,0.0,0.0,0.0,0.0,0.0,0.0,0.0,0.0,0.0,0.0,0.0,0.0,0.0,0.0,0.0,0.0,0.0,0.0,0.0,0.0,0.0,0.0,0.0,0.0,0.0,0.0,0.0,0.0,0.0,0.3895550630238172,0.0,0.0,0.0,0.0,0.0,0.0,0.0,0.0,0.0,0.0,0.0,0.0,0.0,0.0,0.0,0.0,0.0,0.0,0.23324026424421293,0.0,0.0,0.0,0.0,0.0,0.0,0.0,0.0,0.0,0.0,0.0,0.0,0.0,0.0,0.0,0.0,0.0,0.0,0.0,0.3282353318995098,0.0,0.0,0.35959936622791744,0.0,0.0,0.0,0.4294405103585936,0.0,0.0,0.0,0.0,0.0,0.0,0.0,0.0,0.0,0.0,0.3102759210193586,0.0,0.0,0.0,0.0,0.0,0.0,0.0,0.0,0.0,0.0,0.0,0.0,0.0,0.0,0.0,0.0,0.0,0.0,0.0,0.0,0.0,0.0,0.0,0.0,0.0,0.0,0.0,0.0,0.0,0.0,0.0,0.0,0.0,0.0,0.0,0.0,0.0,0.0,0.0,0.0,0.0,0.0,0.0
d50b23e12c661bb78fa3cb317e679fabc4178600048572368bec173a520e4aaf,0.0,0.0,0.0,0.0,0.0,0.0,0.0,0.0,0.0,0.0,0.0,0.0,0.0,0.0,0.0,0.0,0.0,0.5254573204434756,0.0,0.0,0.0,0.0,0.0,0.0,0.0,0.0,0.0,0.0,0.0,0.0,0.0,0.0,0.0,0.0,0.0,0.0,0.0,0.0,0.0,0.0,0.0,0.0,0.0,0.0,0.0,0.0,0.0,0.0,0.0,0.0,0.0,0.0,0.0,0.0,0.0,0.0,0.0,0.0,0.0,0.0,0.3895550630238172,0.0,0.0,0.0,0.0,0.0,0.0,0.0,0.0,0.0,0.0,0.0,0.0,0.0,0.0,0.0,0.0,0.0,0.0,0.23324026424421293,0.0,0.0,0.0,0.0,0.0,0.0,0.0,0.0,0.0,0.0,0.0,0.0,0.0,0.0,0.0,0.0,0.0,0.0,0.0,0.3282353318995098,0.0,0.0,0.35959936622791744,0.0,0.0,0.0,0.4294405103585936,0.0,0.0,0.0,0.0,0.0,0.0,0.0,0.0,0.0,0.0,0.3102759210193586,0.0,0.0,0.0,0.0,0.0,0.0,0.0,0.0,0.0,0.0,0.0,0.0,0.0,0.0,0.0,0.0,0.0,0.0,0.0,0.0,0.0,0.0,0.0,0.0,0.0,0.0,0.0,0.0,0.0,0.0,0.0,0.0,0.0,0.0,0.0,0.0,0.0,0.0,0.0,0.0,0.0,0.0,0.0
d56e5fd63229d155f3490e40ed3b77a5c5b7ede955ed8af77c0434056bb5087c,0.0,0.0,0.0,0.0,0.0,0.0,0.31216528646492603,0.0,0.0,0.0,0.0,0.0,0.11732288597808893,0.0,0.0,0.0,0.30278204615469506,0.22963867820904876,0.0,0.0,0.0,0.0,0.0,0.0,0.0,0.3093735143468793,0.0,0.0,0.0,0.0,0.0,0.0,0.0,0.0,0.0,0.0,0.0,0.0,0.0,0.0,0.0,0.0,0.0,0.0,0.0,0.0,0.0,0.0,0.0,0.2856830710180301,0.0,0.0,0.0,0.0,0.0,0.0,0.0,0.0,0.0,0.0,0.17024581499203817,0.3107575702965674,0.0,0.0,0.0,0.0,0.0,0.0,0.0,0.0,0.0,0.0,0.0,0.0,0.0,0.11141071919743571,0.0,0.0,0.0,0.0,0.0,0.0,0.0,0.0,0.0,0.0,0.0,0.0,0.2444445312728485,0.0,0.0,0.0,0.0,0.0,0.0,0.0,0.0,0.0,0.0,0.0,0.0,0.0,0.0,0.0,0.0,0.0,0.0,0.0,0.0,0.0,0.0,0.0,0.0,0.0,0.2355812116757505,0.2681349746016977,0.14642877764822546,0.13559874343904083,0.1489331626422118,0.13201777097427345,0.15758780595272834,0.0,0.0,0.0,0.0,0.0,0.0,0.0,0.0,0.0,0.0,0.0,0.3002864190943735,0.0,0.0,0.0,0.0,0.0,0.0,0.0,0.0,0.0,0.0,0.18106125471460663,0.0,0.12128078493284562,0.0,0.0,0.0,0.0,0.0,0.0,0.0,0.0,0.0,0.0,0.0,0.0,0.0,0.0,0.0
d65fa9ed1220cfa12d22239ca62a4b5978bb613090fc1dcb0cccdf191151d125,0.0,0.2013658079009222,0.23713926997135212,0.0,0.0,0.0,0.0,0.0,0.0,0.0,0.0,0.0,0.09414825284766326,0.0,0.0,0.0,0.0,0.1842784564954057,0.0,0.0,0.0,0.1376419498561715,0.0,0.0,0.0,0.0,0.0,0.0,0.0,0.0,0.0,0.0,0.0,0.0,0.0,0.331602743009471,0.0,0.0,0.0,0.0,0.0,0.0,0.0,0.0,0.0,0.0,0.0,0.19666226409149482,0.0,0.0,0.22295409014788978,0.0,0.2702785697185884,0.0,0.0,0.0,0.0,0.0,0.0,0.0,0.13661738630534834,0.0,0.0,0.19087026488328754,0.1818154499707485,0.0,0.0,0.0,0.0,0.0,0.0,0.0,0.0,0.0,0.0,0.08940390848294616,0.0,0.0,0.0,0.08179761555368355,0.0,0.0,0.0,0.0,0.2963089565894077,0.2767308151712144,0.0,0.0,0.0,0.0,0.0,0.0,0.0,0.0,0.0,0.0,0.0,0.0,0.0,0.0,0.0,0.0,0.0,0.0,0.0,0.0,0.0,0.0,0.0,0.0,0.0,0.0,0.0,0.0,0.18904716925519258,0.0,0.0,0.10881410456872387,0.119514593738001,0.10594047681704714,0.126459696902758,0.0,0.2064299633134549,0.28202027944599356,0.0,0.0,0.0,0.0,0.0,0.0,0.0,0.0,0.0,0.0,0.0,0.0,0.0,0.0,0.0,0.0,0.0,0.0,0.0,0.0,0.0,0.0973243533026719,0.0,0.0,0.0,0.0,0.0,0.0,0.0,0.0,0.14124930261479965,0.0,0.0,0.24937404206090508,0.0,0.0,0.0
d91f951bdcf35012ac6b47c28cf32ec143e4269243d8c229f6cb326fd343df95,0.0,0.0,0.0,0.0,0.0,0.0,0.0,0.0,0.0,0.0,0.0,0.0,0.0,0.0,0.0,0.0,0.0,0.0,0.0,0.0,0.0,0.0,0.0,0.0,0.0,0.0,0.0,0.0,0.0,0.0,0.0,0.0,0.0,0.0,0.0,0.0,0.0,0.0,0.0,0.0,0.0,0.0,0.0,0.0,0.0,0.0,0.0,0.0,0.0,0.0,0.0,0.0,0.0,0.0,0.0,0.0,0.0,0.0,0.0,0.0,0.0,0.0,0.0,0.0,0.0,0.0,0.0,0.4484379824373487,0.0,0.0,0.0,0.0,0.0,0.0,0.0,0.0,0.0,0.0,0.0,0.23825863079055581,0.0,0.0,0.0,0.0,0.0,0.0,0.0,0.0,0.0,0.0,0.0,0.0,0.0,0.0,0.0,0.0,0.0,0.0,0.0,0.0,0.0,0.0,0.3673364584294371,0.0,0.0,0.0,0.0,0.0,0.0,0.0,0.0,0.0,0.0,0.0,0.0,0.0,0.0,0.3169517765249455,0.34811996988857624,0.30858152503433944,0.36834954210206167,0.0,0.0,0.0,0.0,0.0,0.0,0.0,0.0,0.0,0.0,0.0,0.0,0.39325595002871744,0.0,0.0,0.0,0.0,0.0,0.0,0.0,0.0,0.0,0.0,0.0,0.0,0.0,0.0,0.0,0.0,0.0,0.0,0.0,0.0,0.0,0.0,0.0,0.0,0.0,0.0,0.0
d173fdd600b0577f376067d758da1ccfa63daba40f5f9cbd1e0c14c13df739e4,0.0,0.0,0.0,0.0,0.0,0.0,0.0,0.0,0.0,0.0,0.17912410039416526,0.0,0.11662307942774906,0.0,0.0,0.0,0.0,0.0,0.0,0.0,0.0,0.170499478908439,0.0,0.0,0.0,0.0,0.0,0.0,0.0,0.0,0.0,0.0,0.0,0.0,0.0,0.0,0.49601362210714384,0.0,0.0,0.0,0.0,0.0,0.0,0.2019187764308806,0.0,0.0,0.0,0.0,0.287107750508548,0.0,0.0,0.0,0.0,0.0,0.0,0.0,0.0,0.0,0.22521796232840888,0.0,0.0,0.0,0.0,0.0,0.22521796232840888,0.0,0.0,0.19070699895333681,0.0,0.0,0.0,0.0,0.0,0.0,0.0,0.11074617748911973,0.0,0.0,0.0,0.10132413005213285,0.0,0.0,0.0,0.0,0.0,0.0,0.0,0.0,0.0,0.0,0.0,0.0,0.0,0.0,0.0,0.0,0.0,0.0,0.0,0.0,0.0,0.0,0.15621699395860675,0.0,0.0,0.0,0.0,0.0,0.0,0.0,0.0,0.0,0.0,0.0,0.0,0.0,0.0,0.13478992520988292,0.14804480738303996,0.13123031249915276,0.15664782755090143,0.0,0.0,0.0,0.1841044887148983,0.0,0.0,0.0,0.0,0.0,0.0,0.0,0.0,0.1672397633289189,0.0,0.0,0.0,0.36704306170603174,0.0,0.0,0.0,0.0,0.0,0.0,0.0,0.0,0.24943533096530504,0.0,0.0,0.0,0.0,0.0,0.0,0.0,0.17496796955556884,0.0,0.0,0.0,0.0,0.0,0.0
d460a39b8a903a1d6a559515723fd55c7ed0a4c06fbce1635fc8e21662250f9e,0.0,0.0,0.0,0.0,0.0,0.0,0.0,0.0,0.0,0.0,0.1192851643221387,0.0,0.0776634923088553,0.0,0.0,0.0,0.0,0.0,0.0,0.0,0.0,0.11354171947648566,0.25474316014292586,0.0,0.0,0.0,0.0,0.0,0.0,0.0,0.0,0.0,0.0,0.0,0.0,0.0,0.0,0.0,0.0,0.0,0.0,0.0,0.14224648232450027,0.13446495682759252,0.0,0.0,0.0,0.0,0.0,0.0,0.0,0.3524161035974642,0.0,0.0,0.0,0.0,0.0,0.0,0.0,0.0,0.0,0.0,0.0,0.0,0.14998072054806866,0.2972714034622947,0.0,0.12699863199576306,0.0,0.0,0.26747804478646686,0.0,0.0,0.0,0.0,0.07374985248087083,0.0,0.0,0.0,0.06747537308754081,0.0,0.0,0.0,0.0,0.0,0.22827700871356418,0.0,0.0,0.1618134076415075,0.0,0.0,0.0,0.0,0.0,0.0,0.0,0.0,0.0,0.0,0.0,0.0,0.0,0.0,0.0,0.0,0.0,0.0,0.0,0.0,0.0,0.0,0.0,0.0,0.0,0.0,0.0,0.09693053620247541,0.08976144662973226,0.09858834817238547,0.08739097282867332,0.0,0.0,0.17028538908791552,0.0,0.1226017835705782,0.0,0.0,0.0,0.21583410284877602,0.0,0.0,0.0,0.0,0.11137095793356178,0.0,0.0,0.3524161035974642,0.0,0.0,0.0,0.0,0.0,0.14998072054806866,0.0,0.0,0.08028347776582216,0.0,0.17974387013048354,0.0,0.0,0.34025203367397855,0.0,0.0,0.0,0.11651744770033659,0.0,0.0,0.0,0.0,0.0,0.0
9bb8cdc427b0a4da39b2d80146810b01f9095a0a00111b0acd964c63c68f6cdd,0.0,0.0,0.0,0.0,0.0,0.0,0.31125338148891524,0.0,0.0,0.0,0.0,0.0,0.11698015945415371,0.0,0.0,0.0,0.30189755173296756,0.22896785200760017,0.0,0.0,0.0,0.0,0.0,0.0,0.0,0.30846976476481114,0.0,0.0,0.0,0.0,0.0,0.0,0.0,0.0,0.0,0.0,0.0,0.0,0.0,0.0,0.0,0.0,0.0,0.0,0.0,0.0,0.0,0.0,0.0,0.28484852654649845,0.0,0.0,0.0,0.0,0.0,0.0,0.0,0.0,0.0,0.0,0.1697484886954652,0.3098497775759367,0.0,0.0,0.0,0.0,0.0,0.0,0.0,0.0,0.0,0.0,0.0,0.0,0.0,0.11108526344171223,0.0,0.0,0.0,0.0,0.0,0.0,0.0,0.0,0.0,0.0,0.0,0.0,0.24373045384626893,0.0,0.0,0.0,0.0,0.0,0.0,0.0,0.0,0.0,0.0,0.14302843632400605,0.0,0.0,0.0,0.0,0.0,0.0,0.0,0.0,0.0,0.0,0.0,0.0,0.0,0.0,0.23489302599817385,0.26735169206458165,0.14600102627176484,0.13520262902707925,0.14849809539420208,0.13163211738787822,0.15712745654605892,0.0,0.0,0.0,0.0,0.0,0.0,0.0,0.0,0.0,0.0,0.0,0.29940921496030204,0.0,0.0,0.0,0.0,0.0,0.0,0.0,0.0,0.0,0.0,0.18053233408731081,0.0,0.0,0.0,0.0,0.0,0.0,0.0,0.0,0.0,0.0,0.0,0.0,0.0,0.0,0.0,0.0,0.0
d781282fe08b3d2d77182bd1a51f54027f259ef44425202317a630632576200e,0.0,0.0,0.0,0.0,0.0,0.0,0.0,0.0,0.0,0.0,0.0,0.0,0.0,0.0,0.0,0.0,0.0,0.0,0.0,0.0,0.0,0.0,0.0,0.0,0.0,0.0,0.0,0.0,0.0,0.0,0.0,0.0,0.0,0.0,0.3348389823578099,0.0,0.0,0.0,0.0,0.0,0.0,0.0,0.0,0.0,0.0,0.0,0.0,0.0,0.0,0.0,0.0,0.0,0.0,0.0,0.0,0.0,0.0,0.0,0.0,0.0,0.2971307461211728,0.0,0.0,0.41512596420457853,0.0,0.0,0.0,0.3348389823578099,0.0,0.0,0.0,0.0,0.0,0.0,0.0,0.1944456028042668,0.0,0.0,0.0,0.1779025876404675,0.0,0.0,0.0,0.0,0.0,0.0,0.0,0.0,0.0,0.0,0.0,0.0,0.0,0.0,0.0,0.0,0.0,0.0,0.0,0.0,0.0,0.0,0.0,0.0,0.0,0.0,0.3275531275785389,0.0,0.0,0.0,0.0,0.0,0.0,0.0,0.0,0.0,0.0,0.23666106454963334,0.2599336831870781,0.0,0.27503866902409657,0.0,0.0,0.0,0.0,0.0,0.0,0.0,0.0,0.0,0.0,0.0,0.0,0.0,0.0,0.0,0.0,0.0,0.0,0.0,0.0,0.0,0.0,0.0,0.0,0.2116718705769255,0.0,0.0,0.0,0.0,0.0,0.0,0.0,0.0,0.3072047549001288,0.0,0.0,0.0,0.0,0.0,0.0
d4369262b0f74e13c652162343d6edfff7c696a480bc447731b1171f0b41e7fd,0.0,0.0,0.0,0.0,0.0,0.0,0.0,0.0,0.0,0.0,0.0,0.0,0.0,0.0,0.0,0.0,0.0,0.0,0.0,0.0,0.0,0.0,0.0,0.0,0.0,0.0,0.0,0.0,0.0,0.0,0.0,0.0,0.0,0.0,0.3467582886555867,0.0,0.0,0.0,0.0,0.0,0.0,0.0,0.0,0.0,0.0,0.0,0.0,0.0,0.0,0.0,0.0,0.0,0.0,0.0,0.0,0.0,0.0,0.0,0.0,0.0,0.30770774748632646,0.0,0.0,0.42990325651586275,0.0,0.0,0.0,0.3467582886555867,0.0,0.0,0.0,0.0,0.0,0.0,0.0,0.20136730792282806,0.0,0.0,0.0,0.18423540892167625,0.0,0.0,0.0,0.0,0.0,0.0,0.0,0.0,0.0,0.0,0.0,0.0,0.0,0.0,0.0,0.0,0.0,0.0,0.0,0.0,0.0,0.0,0.0,0.0,0.0,0.0,0.33921307836715797,0.0,0.0,0.0,0.0,0.0,0.0,0.0,0.0,0.0,0.0,0.24508551888664556,0.0,0.0,0.28482925588093955,0.0,0.0,0.0,0.0,0.0,0.0,0.0,0.0,0.0,0.0,0.0,0.0,0.0,0.0,0.0,0.0,0.0,0.0,0.0,0.0,0.0,0.0,0.0,0.0,0.21920678136378746,0.0,0.0,0.0,0.0,0.0,0.0,0.0,0.0,0.31814036205077767,0.0,0.0,0.0,0.0,0.0,0.0
1cc7c198a8a2c935fd6f07970479e544f5b35a8eb3173de0305ebdf76a0988cb,0.0,0.0,0.0,0.0,0.0,0.0,0.0,0.0,0.0,0.0,0.0,0.0,0.0,0.0,0.0,0.0,0.0,0.0,0.0,0.0,0.0,0.0,0.0,0.0,0.0,0.0,0.0,0.0,0.0,0.0,0.0,0.0,0.0,0.0,0.0,0.0,0.0,0.0,0.0,0.0,0.0,0.38229299992964744,0.0,0.0,0.0,0.0,0.0,0.0,0.0,0.0,0.0,0.0,0.0,0.0,0.0,0.0,0.0,0.0,0.0,0.0,0.0,0.0,0.0,0.0,0.25569609541638266,0.0,0.0,0.0,0.0,0.0,0.0,0.0,0.0,0.0,0.0,0.0,0.0,0.0,0.0,0.11503604844809523,0.0,0.0,0.0,0.0,0.0,0.0,0.0,0.0,0.0,0.0,0.0,0.0,0.0,0.0,0.0,0.0,0.0,0.0,0.0,0.0,0.0,0.0,0.0,0.0,0.0,0.0,0.0,0.0,0.0,0.0,0.0,0.0,0.0,0.0,0.0,0.0,0.0,0.15303067846505367,0.0,0.14898935306667793,0.1778465511637032,0.0,0.29031270777422724,0.0,0.0,0.0,0.24008364278858152,0.0,0.3679668770389879,0.0,0.0,0.0,0.0,0.0,0.0,0.0,0.0,0.0,0.0,0.0,0.0,0.0,0.25569609541638266,0.0,0.0,0.1368720707311807,0.28319073455481886,0.3064380915056609,0.0,0.0,0.0,0.0,0.0,0.0,0.1986459080606297,0.0,0.0,0.3507070981230304,0.0,0.0,0.0
dac434ec87d2d83b5426f13247201e8d8826133fc445a4468f4fdc49b19eea2c,0.0,0.4668751398742714,0.0,0.0,0.0,0.0,0.0,0.0,0.0,0.0,0.0,0.0,0.21828670505371214,0.0,0.0,0.0,0.0,0.0,0.0,0.0,0.0,0.0,0.0,0.0,0.0,0.0,0.0,0.0,0.0,0.0,0.0,0.0,0.0,0.0,0.0,0.0,0.0,0.0,0.0,0.0,0.0,0.0,0.39980839142042857,0.0,0.0,0.0,0.0,0.0,0.0,0.0,0.0,0.0,0.0,0.0,0.0,0.0,0.0,0.0,0.0,0.0,0.0,0.0,0.0,0.0,0.0,0.0,0.0,0.35695166545482715,0.0,0.0,0.0,0.0,0.0,0.0,0.0,0.0,0.0,0.0,0.0,0.18965123027141786,0.0,0.0,0.0,0.0,0.0,0.0,0.0,0.0,0.0,0.0,0.0,0.0,0.0,0.0,0.0,0.0,0.0,0.0,0.0,0.0,0.0,0.0,0.0,0.0,0.0,0.0,0.0,0.0,0.0,0.0,0.0,0.0,0.0,0.0,0.0,0.0,0.0,0.0,0.2770996389610512,0.0,0.0,0.0,0.0,0.0,0.0,0.0,0.3958077388536378,0.0,0.0,0.0,0.0,0.0,0.0,0.0,0.0,0.0,0.0,0.0,0.0,0.0,0.0,0.0,0.4215468083745515,0.0,0.0,0.0,0.0,0.0,0.0,0.0,0.0,0.0,0.0,0.0,0.0,0.0,0.0,0.0,0.0,0.0,0.0
dbf0b7ed54f95802d589b2642b3d2cc7ae2e7f0a702480d49afaad1afae4042b,0.0,0.0,0.0,0.0,0.0,0.0,0.0,0.0,0.0,0.0,0.0,0.0,0.0,0.0,0.0,0.0,0.0,0.0,0.0,0.0,0.0,0.0,0.0,0.0,0.0,0.0,0.0,0.0,0.0,0.0,0.0,0.0,0.0,0.0,0.3348389823578099,0.0,0.0,0.0,0.0,0.0,0.0,0.0,0.0,0.0,0.0,0.0,0.0,0.0,0.0,0.0,0.0,0.0,0.0,0.0,0.0,0.0,0.0,0.0,0.0,0.0,0.2971307461211728,0.0,0.0,0.41512596420457853,0.0,0.0,0.0,0.3348389823578099,0.0,0.0,0.0,0.0,0.0,0.0,0.0,0.1944456028042668,0.0,0.0,0.0,0.1779025876404675,0.0,0.0,0.0,0.0,0.0,0.0,0.0,0.0,0.0,0.0,0.0,0.0,0.0,0.0,0.0,0.0,0.0,0.0,0.0,0.0,0.0,0.0,0.0,0.0,0.0,0.0,0.3275531275785389,0.0,0.0,0.0,0.0,0.0,0.0,0.0,0.0,0.0,0.0,0.23666106454963334,0.2599336831870781,0.0,0.27503866902409657,0.0,0.0,0.0,0.0,0.0,0.0,0.0,0.0,0.0,0.0,0.0,0.0,0.0,0.0,0.0,0.0,0.0,0.0,0.0,0.0,0.0,0.0,0.0,0.0,0.2116718705769255,0.0,0.0,0.0,0.0,0.0,0.0,0.0,0.0,0.3072047549001288,0.0,0.0,0.0,0.0,0.0,0.0
dce6c3f6f356f732d43ba6d44d14f71b4e97f7b8057c0a10b35aed8460fb4eab,0.0,0.0,0.0,0.0,0.0,0.0,0.0,0.0,0.0,0.0,0.0,0.0,0.0,0.0,0.0,0.0,0.0,0.0,0.0,0.0,0.0,0.0,0.0,0.0,0.0,0.0,0.0,0.0,0.0,0.0,0.0,0.0,0.0,0.0,0.3467582886555867,0.0,0.0,0.0,0.0,0.0,0.0,0.0,0.0,0.0,0.0,0.0,0.0,0.0,0.0,0.0,0.0,0.0,0.0,0.0,0.0,0.0,0.0,0.0,0.0,0.0,0.30770774748632646,0.0,0.0,0.42990325651586275,0.0,0.0,0.0,0.3467582886555867,0.0,0.0,0.0,0.0,0.0,0.0,0.0,0.20136730792282806,0.0,0.0,0.0,0.18423540892167625,0.0,0.0,0.0,0.0,0.0,0.0,0.0,0.0,0.0,0.0,0.0,0.0,0.0,0.0,0.0,0.0,0.0,0.0,0.0,0.0,0.0,0.0,0.0,0.0,0.0,0.0,0.33921307836715797,0.0,0.0,0.0,0.0,0.0,0.0,0.0,0.0,0.0,0.0,0.24508551888664556,0.0,0.0,0.28482925588093955,0.0,0.0,0.0,0.0,0.0,0.0,0.0,0.0,0.0,0.0,0.0,0.0,0.0,0.0,0.0,0.0,0.0,0.0,0.0,0.0,0.0,0.0,0.0,0.0,0.21920678136378746,0.0,0.0,0.0,0.0,0.0,0.0,0.0,0.0,0.31814036205077767,0.0,0.0,0.0,0.0,0.0,0.0
dd5acb7be06b30114b942f3aad28b0a27620378b2146230ef99994a6604d87db,0.0,0.0,0.0,0.0,0.0,0.0,0.0,0.0,0.0,0.0,0.0,0.0,0.0,0.0,0.0,0.0,0.0,0.0,0.0,0.0,0.0,0.0,0.0,0.0,0.0,0.0,0.0,0.0,0.0,0.0,0.0,0.0,0.0,0.0,0.3467582886555867,0.0,0.0,0.0,0.0,0.0,0.0,0.0,0.0,0.0,0.0,0.0,0.0,0.0,0.0,0.0,0.0,0.0,0.0,0.0,0.0,0.0,0.0,0.0,0.0,0.0,0.30770774748632646,0.0,0.0,0.42990325651586275,0.0,0.0,0.0,0.3467582886555867,0.0,0.0,0.0,0.0,0.0,0.0,0.0,0.20136730792282806,0.0,0.0,0.0,0.18423540892167625,0.0,0.0,0.0,0.0,0.0,0.0,0.0,0.0,0.0,0.0,0.0,0.0,0.0,0.0,0.0,0.0,0.0,0.0,0.0,0.0,0.0,0.0,0.0,0.0,0.0,0.0,0.33921307836715797,0.0,0.0,0.0,0.0,0.0,0.0,0.0,0.0,0.0,0.0,0.24508551888664556,0.0,0.0,0.28482925588093955,0.0,0.0,0.0,0.0,0.0,0.0,0.0,0.0,0.0,0.0,0.0,0.0,0.0,0.0,0.0,0.0,0.0,0.0,0.0,0.0,0.0,0.0,0.0,0.0,0.21920678136378746,0.0,0.0,0.0,0.0,0.0,0.0,0.0,0.0,0.31814036205077767,0.0,0.0,0.0,0.0,0.0,0.0
dd5d4cf9422b6e4514d49a3ec542cffb682be8a24079010cda689afbb44ac0f4,0.0,0.21136817143186953,0.0,0.0,0.0,0.0,0.0,0.0,0.0,0.0,0.0,0.0,0.09882484149298693,0.0,0.0,0.0,0.0,0.0,0.0,0.0,0.0,0.14447898358062214,0.0,0.0,0.0,0.0,0.0,0.0,0.0,0.0,0.0,0.0,0.0,0.0,0.16160256645291782,0.3480743139182323,0.0,0.0,0.0,0.0,0.0,0.0,0.0,0.0,0.0,0.0,0.0,0.0,0.0,0.0,0.23402879981989158,0.0,0.0,0.0,0.0,0.0,0.0,0.0,0.0,0.33680110044082323,0.1434035272928308,0.0,0.0,0.0,0.0,0.0,0.0,0.0,0.0,0.0,0.0,0.0,0.0,0.0,0.0,0.0,0.0,0.0,0.0,0.08586071591447161,0.0,0.0,0.0,0.0,0.0,0.0,0.0,0.0,0.0,0.0,0.0,0.0,0.0,0.0,0.0,0.0,0.0,0.0,0.0,0.0,0.0,0.0,0.13237619639459539,0.0,0.0,0.0,0.0,0.0,0.3241542670065681,0.0,0.0,0.0,0.0,0.0,0.1984376339577073,0.0,0.0,0.1142191842221992,0.0,0.0,0.13274127903241711,0.3064013100337512,0.21668387661812694,0.29602896040093574,0.0,0.0,0.0,0.0,0.27464346977839,0.0,0.0,0.0,0.0,0.0,0.0,0.0,0.0,0.0,0.0,0.0,0.0,0.0,0.0,0.0,0.0,0.10215870712021106,0.0,0.2287195559573836,0.0,0.0,0.0,0.0,0.0,0.0,0.14826552293528808,0.0,0.0,0.0,0.0,0.0,0.0
dd7a018d9ee987fd7027e438b2636e802d98c2dd7aceaf2ec6db711fb08c6dab,0.0,0.30567047106083217,0.0,0.0,0.0,0.0,0.0,0.0,0.0,0.0,0.0,0.0,0.1429157268430564,0.0,0.0,0.0,0.0,0.0,0.0,0.0,0.0,0.0,0.0,0.0,0.0,0.0,0.0,0.0,0.0,0.0,0.0,0.0,0.0,0.0,0.0,0.0,0.0,0.0,0.0,0.0,0.0,0.0,0.0,0.0,0.0,0.0,0.0,0.29853055755282326,0.0,0.34800204070093677,0.0,0.0,0.0,0.0,0.0,0.39924454522453323,0.0,0.0,0.0,0.0,0.0,0.0,0.0,0.0,0.2759933020309022,0.0,0.0,0.2337018496099591,0.0,0.0,0.0,0.0,0.0,0.0,0.0,0.13571387866458398,0.0,0.0,0.0,0.0,0.0,0.0,0.0,0.0,0.0,0.0,0.0,0.0,0.0,0.0,0.0,0.0,0.0,0.0,0.0,0.0,0.0,0.0,0.0,0.0,0.0,0.0,0.19143608063156203,0.0,0.0,0.0,0.0,0.0,0.0,0.0,0.0,0.0,0.0,0.41505679408325935,0.0,0.0,0.17837078430072653,0.0,0.18142147640335043,0.16081615737369517,0.0,0.0,0.0,0.0,0.0,0.0,0.0,0.0,0.0,0.0,0.0,0.0,0.0,0.0,0.0,0.0,0.0,0.0,0.0,0.0,0.0,0.0,0.0,0.0,0.0,0.14773700277038115,0.0,0.0,0.0,0.0,0.0,0.0,0.0,0.0,0.21441445952196395,0.0,0.0,0.0,0.0,0.0,0.0
9bc85e2d8b9379ab4b4a7a165602aa01a3251bd131a10d3cc67f494c3a46aced,0.0,0.0,0.0,0.0,0.0,0.0,0.0,0.0,0.0,0.0,0.17061044643951834,0.0,0.11108005903469031,0.0,0.0,0.0,0.0,0.2174194550317598,0.0,0.0,0.0,0.16239574769817824,0.0,0.0,0.0,0.0,0.0,0.0,0.0,0.0,0.0,0.0,0.0,0.0,0.0,0.0,0.0,0.0,0.0,0.0,0.0,0.0,0.0,0.19232170609977828,0.0,0.0,0.0,0.0,0.2734617027118077,0.0,0.0,0.0,0.0,0.0,0.0,0.0,0.0,0.0,0.0,0.0,0.0,0.0,0.0,0.0,0.0,0.0,0.0,0.18164281723661002,0.0,0.0,0.0,0.0,0.0,0.0,0.0,0.10548248248734436,0.22519674715056365,0.17948973098364984,0.0,0.09650825894031008,0.0,0.0,0.0,0.0,0.0,0.0,0.0,0.0,0.23143747904024672,0.0,0.0,0.0,0.0,0.0,0.0,0.0,0.0,0.0,0.0,0.13581454517282165,0.0,0.0,0.0,0.0,0.25308373867508677,0.0,0.0,0.0,0.0,0.0,0.0,0.0,0.0,0.0,0.0,0.0,0.13863720730992005,0.0,0.14100833235222038,0.124993019658494,0.0,0.0,0.0,0.0,0.17535412008797005,0.0,0.0,0.0,0.3087018645877686,0.0,0.0,0.0,0.0,0.15929096431579712,0.0,0.0,0.0,0.0,0.0,0.0,0.0,0.0,0.0,0.17142686778391858,0.0,0.11482735561610768,0.23757982918062945,0.2570829499376153,0.0,0.0,0.0,0.3188859970532911,0.0,0.0,0.16665185384213113,0.0,0.0,0.0,0.0,0.0,0.0
dd320feecf526e20968e9c62648ace610eb9ba57541b937fdbffffc6a96a59fa,0.0,0.0,0.0,0.0,0.0,0.0,0.0,0.0,0.0,0.0,0.0,0.0,0.0,0.0,0.0,0.0,0.0,0.0,0.0,0.0,0.0,0.0,0.0,0.0,0.0,0.0,0.0,0.0,0.0,0.0,0.0,0.0,0.0,0.0,0.31353077002828733,0.0,0.0,0.0,0.0,0.0,0.0,0.0,0.0,0.0,0.0,0.0,0.0,0.0,0.0,0.0,0.0,0.0,0.0,0.0,0.0,0.0,0.0,0.0,0.0,0.0,0.27822218002950505,0.0,0.0,0.3887085138632783,0.0,0.0,0.0,0.31353077002828733,0.0,0.0,0.0,0.0,0.0,0.0,0.0,0.18207163080757796,0.0,0.0,0.0,0.16658136666218928,0.0,0.0,0.0,0.0,0.0,0.0,0.0,0.0,0.0,0.0,0.0,0.0,0.0,0.0,0.0,0.0,0.0,0.0,0.0,0.0,0.0,0.0,0.2568276711193525,0.0,0.0,0.0,0.3067085665823992,0.0,0.0,0.0,0.0,0.0,0.0,0.0,0.0,0.0,0.23929947257881323,0.22160061914377063,0.2433922337000933,0.0,0.25753598066586925,0.0,0.0,0.0,0.0,0.0,0.0,0.0,0.0,0.0,0.0,0.0,0.0,0.0,0.0,0.0,0.0,0.0,0.0,0.0,0.0,0.0,0.0,0.0,0.0,0.19820166728494268,0.0,0.0,0.0,0.0,0.0,0.0,0.0,0.0,0.287655107186005,0.0,0.0,0.0,0.0,0.0,0.0
ddc739b6d73bd1dc3f6cd7be4daced463081b6a8baffd3fee7931f529e9c23fd,0.0,0.0,0.0,0.0,0.0,0.0,0.0,0.0,0.0,0.0,0.0,0.3571158261159857,0.13298584265855626,0.4486696464975481,0.0,0.0,0.0,0.0,0.0,0.0,0.0,0.0,0.0,0.4580117648731528,0.0,0.0,0.0,0.0,0.0,0.0,0.0,0.0,0.0,0.0,0.21746408241951704,0.0,0.0,0.0,0.0,0.0,0.0,0.0,0.0,0.0,0.0,0.0,0.0,0.0,0.0,0.0,0.0,0.0,0.0,0.0,0.0,0.0,0.0,0.0,0.0,0.0,0.0,0.0,0.0,0.0,0.0,0.0,0.0,0.0,0.0,0.0,0.0,0.0,0.0,0.0,0.0,0.1262843839047209,0.0,0.0,0.0,0.11554037916633758,0.0,0.0,0.0,0.0,0.0,0.0,0.0,0.0,0.27707860835154235,0.0,0.0,0.0,0.0,0.0,0.0,0.0,0.0,0.0,0.0,0.1625981467065629,0.0,0.0,0.17813496849088375,0.0,0.0,0.0,0.212732220815294,0.0,0.0,0.0,0.0,0.0,0.0,0.0,0.0,0.0,0.16597745804384983,0.1537015818299082,0.16881618593560077,0.14964253881546072,0.0,0.0,0.0,0.0,0.0,0.0,0.0,0.0,0.0,0.0,0.0,0.0,0.0,0.0,0.0,0.0,0.0,0.0,0.0,0.0,0.0,0.0,0.25681709528723007,0.0,0.0,0.13747213297836683,0.0,0.0,0.0,0.0,0.0,0.0,0.0,0.0,0.0,0.0,0.0,0.0,0.0,0.0,0.0
dddf7894b2e6aafa1903384759d68455c3a4a8348a7e2da3bd272555eba9bec0,0.0,0.20768993369916006,0.0,0.0,0.26986411266545424,0.26848712767063404,0.0,0.0,0.0,0.0,0.0,0.0,0.0971050874806109,0.0,0.0,0.0,0.0,0.0,0.0,0.0,0.0,0.0,0.0,0.0,0.0,0.0,0.0,0.0,0.0,0.0,0.0,0.0,0.0,0.0,0.0,0.34201711019371744,0.0,0.0,0.0,0.0,0.0,0.0,0.0,0.0,0.0,0.0,0.0,0.0,0.0,0.0,0.22995622088708992,0.0,0.0,0.0,0.0,0.0,0.0,0.0,0.0,0.0,0.14090801313136136,0.0,0.0,0.0,0.0,0.0,0.0,0.0,0.0,0.0,0.0,0.0,0.0,0.0,0.0,0.09221174150084605,0.0,0.0,0.0,0.08436656415598012,0.0,0.0,0.0,0.0,0.0,0.0,0.0,0.0,0.0,0.0,0.0,0.0,0.0,0.0,0.0,0.0,0.0,0.0,0.0,0.11872773029430535,0.0,0.0,0.13007258030522542,0.0,0.0,0.0,0.15533518831212723,0.0,0.0,0.0,0.0,0.0,0.0,0.0,0.19498441397728986,0.22192831303324678,0.12119527357914955,0.11223153721574909,0.12326808760770651,0.10926765986515409,0.0,0.0,0.2129131347621164,0.0,0.1532928350885203,0.0,0.17607552002504184,0.0,0.0,0.0,0.0,0.0,0.0,0.1392505834006237,0.0,0.0,0.0,0.0,0.0,0.0,0.3130577349255282,0.0,0.1875255741952344,0.0,0.0,0.10038093703917737,0.0,0.2247393687076577,0.0,0.0,0.0,0.0,0.0,0.0,0.14568540012291722,0.0,0.0,0.2572059219080745,0.0,0.0,0.0
e0c0cbc50a9ed4d01a176497c8dba913cbbba515ea701a67ef00dcb7c8a84368,0.0,0.0,0.0,0.0,0.0,0.0,0.0,0.0,0.0,0.0,0.0,0.0,0.0,0.0,0.0,0.0,0.0,0.0,0.0,0.0,0.0,0.0,0.0,0.0,0.0,0.0,0.0,0.0,0.0,0.0,0.0,0.0,0.0,0.0,0.0,0.0,0.0,0.0,0.0,0.0,0.0,0.0,0.0,0.0,0.0,0.0,0.0,0.0,0.0,0.0,0.0,0.0,0.0,0.0,0.0,0.0,0.0,0.0,0.0,0.0,0.0,0.0,0.0,0.0,0.0,0.0,0.0,0.0,0.0,0.0,0.0,0.0,0.0,0.0,0.0,0.0,0.0,0.0,0.0,0.0,0.0,0.0,0.0,0.0,0.0,0.0,0.0,0.0,0.0,0.0,0.0,0.0,0.0,0.0,0.0,0.0,0.0,0.0,0.0,0.0,0.0,0.0,0.32063713205489386,0.0,0.0,0.0,0.0,0.0,0.0,0.0,0.0,0.0,0.0,0.0,0.0,0.0,0.29875400986002926,0.0,0.0,0.0,0.0,0.0,0.0,0.0,0.0,0.0,0.0,0.0,0.0,0.0,0.0,0.0,0.0,0.0,0.0,0.0,0.0,0.0,0.8641230627619753,0.0,0.0,0.0,0.0,0.0,0.0,0.24744535466043718,0.0,0.0,0.0,0.0,0.0,0.0,0.0,0.0,0.0,0.0,0.0,0.0,0.0,0.0,0.0
e01cf55715864d062d94a5b37c44cfb00ce2740296b76356346bb7df88e7951b,0.0,0.0,0.0,0.0,0.0,0.0,0.0,0.0,0.0,0.0,0.0,0.0,0.0,0.0,0.0,0.0,0.0,0.0,0.0,0.0,0.0,0.0,0.0,0.0,0.0,0.0,0.0,0.0,0.0,0.0,0.0,0.0,0.0,0.0,0.3467582886555867,0.0,0.0,0.0,0.0,0.0,0.0,0.0,0.0,0.0,0.0,0.0,0.0,0.0,0.0,0.0,0.0,0.0,0.0,0.0,0.0,0.0,0.0,0.0,0.0,0.0,0.30770774748632646,0.0,0.0,0.42990325651586275,0.0,0.0,0.0,0.3467582886555867,0.0,0.0,0.0,0.0,0.0,0.0,0.0,0.20136730792282806,0.0,0.0,0.0,0.18423540892167625,0.0,0.0,0.0,0.0,0.0,0.0,0.0,0.0,0.0,0.0,0.0,0.0,0.0,0.0,0.0,0.0,0.0,0.0,0.0,0.0,0.0,0.0,0.0,0.0,0.0,0.0,0.33921307836715797,0.0,0.0,0.0,0.0,0.0,0.0,0.0,0.0,0.0,0.0,0.24508551888664556,0.0,0.0,0.28482925588093955,0.0,0.0,0.0,0.0,0.0,0.0,0.0,0.0,0.0,0.0,0.0,0.0,0.0,0.0,0.0,0.0,0.0,0.0,0.0,0.0,0.0,0.0,0.0,0.0,0.21920678136378746,0.0,0.0,0.0,0.0,0.0,0.0,0.0,0.0,0.31814036205077767,0.0,0.0,0.0,0.0,0.0,0.0
57d9c43d5a4bfc779030dc8628c83961331b4ba3358a063877e41f68146c75cf,0.0,0.0,0.0,0.0,0.0,0.0,0.0,0.0,0.0,0.0,0.0,0.0,0.20243657910861723,0.0,0.0,0.0,0.0,0.0,0.0,0.0,0.0,0.0,0.0,0.0,0.0,0.0,0.0,0.0,0.0,0.0,0.0,0.0,0.0,0.0,0.0,0.0,0.0,0.0,0.0,0.0,0.0,0.0,0.0,0.0,0.0,0.0,0.0,0.0,0.0,0.0,0.0,0.0,0.0,0.0,0.0,0.0,0.0,0.0,0.0,0.0,0.0,0.0,0.0,0.0,0.0,0.0,0.0,0.0,0.0,0.0,0.0,0.0,0.0,0.0,0.0,0.1922353399538068,0.0,0.0,0.0,0.1758803692164374,0.0,0.0,0.0,0.0,0.0,0.0,0.0,0.0,0.0,0.0,0.0,0.0,0.0,0.0,0.0,0.0,0.0,0.0,0.0,0.2475136595794611,0.0,0.0,0.2711644557045311,0.0,0.0,0.0,0.0,0.0,0.0,0.0,0.0,0.0,0.0,0.0,0.0,0.0,0.25265778780534875,0.0,0.0,0.22779209456685193,0.0,0.0,0.0,0.0,0.0,0.0,0.0,0.0,0.0,0.0,0.0,0.0,0.0,0.0,0.0,0.0,0.0,0.0,0.0,0.0,0.0,0.0,0.0,0.31241492832339895,0.0,0.20926579676874327,0.43297463381358336,0.46851787246772814,0.0,0.0,0.0,0.0,0.0,0.0,0.303712758951401,0.0,0.0,0.0,0.0,0.0,0.0
1d30c8ea61630a44351f29b209813275b5077a637a571d888e97398f8c24787d,0.0,0.0,0.0,0.0,0.0,0.0,0.0,0.0,0.0,0.0,0.0,0.37396014389488796,0.0,0.0,0.0,0.0,0.0,0.0,0.0,0.0,0.0,0.0,0.0,0.0,0.0,0.0,0.0,0.0,0.0,0.0,0.0,0.0,0.0,0.0,0.0,0.0,0.0,0.0,0.0,0.0,0.0,0.0,0.2550622875672942,0.24110922762816156,0.0,0.0,0.0,0.0,0.0,0.0,0.0,0.0,0.0,0.0,0.0,0.0,0.4286603850270622,0.0,0.0,0.0,0.0,0.0,0.0,0.0,0.0,0.0,0.0,0.0,0.0,0.0,0.0,0.0,0.0,0.0,0.0,0.13224092275694513,0.0,0.2250220803584282,0.0,0.12099014845866952,0.0,0.0,0.0,0.0,0.0,0.0,0.0,0.0,0.0,0.0,0.0,0.0,0.0,0.0,0.0,0.0,0.0,0.0,0.0,0.17026752076700113,0.0,0.0,0.0,0.0,0.0,0.0,0.0,0.0,0.0,0.0,0.0,0.0,0.0,0.0,0.0,0.0,0.0,0.0,0.17677885035472946,0.15670082717098904,0.0,0.0,0.0,0.0,0.0,0.0,0.0,0.0,0.0,0.0,0.0,0.0,0.0,0.1996993587109779,0.0,0.0,0.0,0.0,0.5027211808065363,0.0,0.0,0.0,0.26893055665667315,0.0,0.0,0.14395637177230658,0.0,0.0,0.0,0.0,0.0,0.0,0.0,0.0,0.0,0.0,0.0,0.0,0.0,0.0,0.0
a25bd95aeb2115ef24d3545fc11150200f567027c0673daf0bbeede99a651b4a,0.0,0.0,0.0,0.0,0.0,0.0,0.0,0.0,0.0,0.0,0.3808049062693046,0.0,0.24793224771315175,0.0,0.0,0.0,0.0,0.0,0.0,0.0,0.0,0.3624695836116997,0.0,0.0,0.0,0.0,0.0,0.0,0.0,0.0,0.0,0.0,0.0,0.0,0.0,0.0,0.0,0.0,0.0,0.0,0.0,0.0,0.0,0.0,0.0,0.0,0.0,0.0,0.0,0.0,0.0,0.0,0.0,0.0,0.0,0.0,0.0,0.0,0.0,0.0,0.0,0.0,0.0,0.0,0.4787971291741776,0.0,0.0,0.0,0.0,0.0,0.0,0.0,0.0,0.0,0.0,0.23543837845173474,0.0,0.0,0.0,0.21540778578881908,0.0,0.0,0.0,0.0,0.0,0.0,0.0,0.0,0.0,0.0,0.0,0.0,0.0,0.0,0.0,0.0,0.0,0.0,0.0,0.0,0.0,0.0,0.0,0.0,0.0,0.0,0.0,0.0,0.0,0.0,0.0,0.0,0.0,0.0,0.0,0.0,0.30944018866867984,0.28655365036109903,0.0,0.0,0.0,0.0,0.0,0.0,0.3913928522993925,0.0,0.0,0.0,0.0,0.0,0.0,0.0,0.0,0.0,0.0,0.0,0.0,0.0,0.0,0.0,0.0,0.0,0.0,0.0,0.0,0.0,0.0,0.0,0.0,0.0,0.0,0.0,0.0,0.0,0.0,0.0,0.0,0.0,0.0,0.0,0.0
9c186b837c2bccd2fc41f849483ce1f6ab858c9d1ae1df29d2dbbda22496056c,0.0,0.0,0.0,0.0,0.0,0.0,0.0,0.0,0.0,0.0,0.38339034124328897,0.0,0.24961555770696475,0.0,0.0,0.0,0.0,0.4885780489831045,0.0,0.0,0.0,0.36493053283542765,0.0,0.0,0.0,0.0,0.0,0.0,0.0,0.0,0.0,0.0,0.0,0.0,0.0,0.0,0.0,0.0,0.0,0.0,0.0,0.0,0.0,0.0,0.0,0.0,0.0,0.0,0.0,0.0,0.0,0.0,0.0,0.0,0.0,0.0,0.0,0.0,0.0,0.0,0.0,0.0,0.0,0.0,0.4820478720685845,0.0,0.0,0.0,0.0,0.0,0.0,0.0,0.0,0.0,0.0,0.23703686263049897,0.0,0.0,0.0,0.21687027435941825,0.0,0.0,0.0,0.0,0.0,0.0,0.0,0.0,0.0,0.0,0.0,0.0,0.0,0.0,0.0,0.0,0.0,0.0,0.0,0.0,0.0,0.0,0.0,0.0,0.0,0.0,0.0,0.0,0.0,0.0,0.0,0.0,0.0,0.0,0.0,0.0,0.0,0.2884991763177487,0.0,0.0,0.0,0.0,0.0,0.0,0.0,0.0,0.0,0.0,0.0,0.0,0.0,0.0,0.0,0.0,0.0,0.0,0.0,0.0,0.0,0.0,0.0,0.0,0.0,0.0,0.0,0.0,0.0,0.0,0.0,0.0,0.0,0.0,0.0,0.0,0.0,0.0,0.0,0.0,0.0,0.0,0.0
e3d71566b47c005f08e0d3d287cf1fc4cb31f65bc54a44d1ec8013d6ad318bb7,0.0,0.225093233595244,0.265081970204847,0.0,0.0,0.0,0.0,0.0,0.0,0.0,0.0,0.0,0.0,0.0,0.0,0.0,0.0,0.0,0.0,0.0,0.0,0.0,0.0,0.0,0.0,0.0,0.0,0.0,0.0,0.0,0.0,0.0,0.0,0.0,0.17209612967628174,0.0,0.0,0.0,0.0,0.0,0.0,0.0,0.0,0.0,0.0,0.31947369653562324,0.0,0.0,0.0,0.0,0.24922531594523106,0.0,0.0,0.0,0.0,0.0,0.0,0.0,0.0,0.0,0.15271534710566237,0.0,0.0,0.2133609750712955,0.20323920916914842,0.0,0.0,0.0,0.0,0.0,0.0,0.0,0.0,0.0,0.0,0.0999385897052657,0.0,0.0,0.0,0.09143602867483111,0.0,0.0,0.0,0.0,0.3312237657286856,0.30933868401821746,0.0,0.0,0.0,0.0,0.0,0.0,0.0,0.0,0.0,0.0,0.0,0.0,0.0,0.0,0.0,0.0,0.0,0.0,0.0,0.0,0.0,0.0,0.0,0.0,0.0,0.0,0.0,0.0,0.21132305962597242,0.0,0.0,0.12163593667399825,0.13359729065594428,0.11842370233532538,0.1413607523146232,0.0,0.2307541108271756,0.0,0.0,0.0,0.0,0.0,0.0,0.0,0.0,0.0,0.0,0.0,0.0,0.0,0.0,0.0,0.0,0.0,0.0,0.0,0.0,0.0,0.3152514188067491,0.10879231991184564,0.225093233595244,0.0,0.0,0.0,0.0,0.0,0.0,0.0,0.1578930534437212,0.0,0.0,0.0,0.0,0.0,0.0
e5b246094eac60cef4b7d3b449178ec59de0126e165a5ac4e07815c84c3e2929,0.0,0.0,0.0,0.0,0.0,0.0,0.0,0.0,0.0,0.0,0.0,0.0,0.0,0.0,0.0,0.0,0.0,0.0,0.0,0.0,0.0,0.0,0.0,0.0,0.0,0.0,0.0,0.0,0.0,0.0,0.0,0.0,0.0,0.0,0.3467582886555867,0.0,0.0,0.0,0.0,0.0,0.0,0.0,0.0,0.0,0.0,0.0,0.0,0.0,0.0,0.0,0.0,0.0,0.0,0.0,0.0,0.0,0.0,0.0,0.0,0.0,0.30770774748632646,0.0,0.0,0.42990325651586275,0.0,0.0,0.0,0.3467582886555867,0.0,0.0,0.0,0.0,0.0,0.0,0.0,0.20136730792282806,0.0,0.0,0.0,0.18423540892167625,0.0,0.0,0.0,0.0,0.0,0.0,0.0,0.0,0.0,0.0,0.0,0.0,0.0,0.0,0.0,0.0,0.0,0.0,0.0,0.0,0.0,0.0,0.0,0.0,0.0,0.0,0.33921307836715797,0.0,0.0,0.0,0.0,0.0,0.0,0.0,0.0,0.0,0.0,0.24508551888664556,0.0,0.0,0.28482925588093955,0.0,0.0,0.0,0.0,0.0,0.0,0.0,0.0,0.0,0.0,0.0,0.0,0.0,0.0,0.0,0.0,0.0,0.0,0.0,0.0,0.0,0.0,0.0,0.0,0.21920678136378746,0.0,0.0,0.0,0.0,0.0,0.0,0.0,0.0,0.31814036205077767,0.0,0.0,0.0,0.0,0.0,0.0
e8a091a84dd2ea7ee429135ff48e9f48f7787637ccb79f6c3eb42f34588bc684,0.0,0.20004478443899107,0.23558356127064006,0.0,0.0,0.0,0.0,0.0,0.0,0.0,0.0,0.0,0.09353061049711693,0.0,0.0,0.0,0.0,0.18306953146937213,0.0,0.0,0.0,0.1367389750810527,0.0,0.0,0.0,0.0,0.0,0.0,0.0,0.0,0.0,0.0,0.0,0.0,0.0,0.32942732401394936,0.0,0.0,0.0,0.0,0.0,0.0,0.0,0.0,0.0,0.0,0.0,0.19537209736632175,0.0,0.0,0.22149144071852991,0.0,0.26850545671803805,0.0,0.0,0.0,0.0,0.0,0.0,0.0,0.13572113299154906,0.0,0.0,0.1896180955069459,0.18062268304742304,0.0,0.0,0.0,0.0,0.0,0.0,0.0,0.0,0.0,0.0,0.08881739053372001,0.0,0.0,0.0,0.08126099729459159,0.0,0.0,0.0,0.0,0.2943650760085122,0.2749153733974036,0.0,0.0,0.0,0.0,0.0,0.0,0.0,0.0,0.0,0.0,0.0,0.0,0.0,0.11435731520844063,0.0,0.0,0.0,0.0,0.0,0.0,0.0,0.0,0.0,0.0,0.0,0.0,0.0,0.0,0.18780695996345098,0.0,0.0,0.10810024958697326,0.11873054015901033,0.1052454737432763,0.12563008124785277,0.0,0.20507571738846234,0.28017013711164135,0.0,0.0,0.0,0.0,0.0,0.0,0.0,0.0,0.0,0.0,0.0,0.0,0.0,0.0,0.0,0.0,0.0,0.0,0.0,0.0,0.0,0.09668587472743452,0.0,0.0,0.0,0.0,0.0,0.0,0.0,0.0,0.14032266246332284,0.0,0.0,0.24773806938116819,0.0,0.0,0.0
e8bcc8ddde1b44853ef87384bd1366681e41cfe084a1ce2378cbe2effc140ce8,0.0,0.0,0.0,0.0,0.0,0.0,0.0,0.0,0.0,0.0,0.0,0.0,0.316543764558791,0.0,0.0,0.0,0.0,0.6195781077374173,0.0,0.0,0.0,0.0,0.0,0.0,0.0,0.0,0.0,0.0,0.0,0.0,0.0,0.0,0.0,0.0,0.0,0.0,0.0,0.0,0.0,0.0,0.0,0.0,0.5797735289983705,0.0,0.0,0.0,0.0,0.0,0.0,0.0,0.0,0.0,0.0,0.0,0.0,0.0,0.0,0.0,0.0,0.0,0.0,0.0,0.0,0.0,0.0,0.0,0.0,0.0,0.0,0.0,0.0,0.0,0.0,0.0,0.0,0.0,0.0,0.0,0.0,0.0,0.0,0.0,0.0,0.0,0.0,0.0,0.0,0.0,0.0,0.0,0.0,0.0,0.0,0.0,0.0,0.0,0.0,0.0,0.0,0.0,0.0,0.0,0.42401140150265465,0.0,0.0,0.0,0.0,0.0,0.0,0.0,0.0,0.0,0.0,0.0,0.0,0.0,0.0,0.0,0.0,0.0,0.0,0.0,0.0,0.0,0.0,0.0,0.0,0.0,0.0,0.0,0.0,0.0,0.0,0.0,0.0,0.0,0.0,0.0,0.0,0.0,0.0,0.0,0.0,0.0,0.0,0.0,0.0,0.0,0.0,0.0,0.0,0.0,0.0,0.0,0.0,0.0,0.0,0.0,0.0,0.0,0.0
e9e5459e32521a8ca1c075a96d3358337919321f5d149fe3a8cc5f6f57b33923,0.0,0.0,0.0,0.0,0.0,0.0,0.0,0.0,0.0,0.0,0.0,0.0,0.0,0.0,0.0,0.0,0.0,0.0,0.0,0.0,0.0,0.0,0.0,0.0,0.0,0.0,0.0,0.0,0.0,0.0,0.0,0.0,0.0,0.0,0.0,0.0,0.0,0.0,0.0,0.0,0.0,0.0,0.0,0.0,0.0,0.0,0.0,0.0,0.0,0.0,0.0,0.0,0.0,0.0,0.0,0.0,0.0,0.0,0.0,0.0,0.0,0.0,0.0,0.0,0.0,0.0,0.0,0.5332908320091051,0.0,0.0,0.0,0.0,0.0,0.0,0.0,0.0,0.0,0.0,0.0,0.0,0.0,0.0,0.0,0.0,0.0,0.0,0.0,0.0,0.0,0.0,0.0,0.0,0.0,0.0,0.0,0.0,0.0,0.0,0.0,0.0,0.0,0.0,0.43684338351174645,0.0,0.0,0.0,0.0,0.0,0.0,0.0,0.0,0.0,0.0,0.0,0.0,0.0,0.0,0.0,0.41399077609756324,0.3669709183280267,0.0,0.0,0.0,0.0,0.0,0.0,0.0,0.0,0.0,0.0,0.0,0.0,0.0,0.4676673274718556,0.0,0.0,0.0,0.0,0.0,0.0,0.0,0.0,0.0,0.0,0.0,0.0,0.0,0.0,0.0,0.0,0.0,0.0,0.0,0.0,0.0,0.0,0.0,0.0,0.0,0.0,0.0
1e3d1dce864ea7544e10a2758f11fafacd39a0cfc7022e3493d6a25dbaffb6c3,0.0,0.2271122388951903,0.0,0.0,0.0,0.29359493545865145,0.0,0.0,0.0,0.0,0.0,0.0,0.0,0.0,0.0,0.0,0.0,0.2078401158125805,0.0,0.0,0.0,0.0,0.0,0.0,0.0,0.0,0.0,0.0,0.0,0.0,0.0,0.0,0.0,0.0,0.0,0.0,0.0,0.0,0.0,0.0,0.0,0.0,0.1944875002961836,0.0,0.0,0.0,0.0,0.0,0.0,0.0,0.0,0.0,0.0,0.0,0.0,0.2966374940240488,0.0,0.0,0.0,0.0,0.15408514881078117,0.0,0.0,0.0,0.0,0.0,0.0,0.0,0.0,0.0,0.0,0.0,0.0,0.0,0.0,0.0,0.0,0.0,0.0,0.09225617694651345,0.0,0.0,0.0,0.0,0.0,0.0,0.0,0.0,0.0,0.0,0.4652119786623866,0.4652119786623866,0.0,0.0,0.0,0.0,0.0,0.0,0.0,0.0,0.0,0.0,0.14223643103851427,0.0,0.0,0.0,0.16986149385494212,0.0,0.0,0.0,0.0,0.0,0.0,0.0,0.0,0.0,0.13252895523547983,0.1227269672522445,0.13479561027481762,0.0,0.0,0.0,0.0,0.0,0.0,0.0,0.1925413757676205,0.0,0.0,0.0,0.0,0.0,0.0,0.0,0.0,0.0,0.0,0.0,0.0,0.0,0.0,0.0,0.0,0.0,0.0,0.10976814786983057,0.0,0.0,0.0,0.0,0.0,0.0,0.0,0.0,0.0,0.0,0.0,0.2812587579052249,0.0,0.0,0.0
e165b3e962a2916ed4693993f1911c04b18fcbf7fbdaa824d0e57449da4e4099,0.0,0.0,0.0,0.0,0.0,0.0,0.0,0.0,0.0,0.0,0.0,0.0,0.0,0.0,0.0,0.0,0.0,0.5403609412194295,0.0,0.0,0.0,0.0,0.0,0.0,0.0,0.0,0.0,0.0,0.0,0.0,0.0,0.0,0.0,0.0,0.0,0.0,0.0,0.0,0.0,0.0,0.0,0.0,0.0,0.0,0.0,0.0,0.0,0.0,0.0,0.0,0.0,0.0,0.0,0.0,0.0,0.0,0.0,0.0,0.0,0.0,0.4006040687275722,0.0,0.0,0.0,0.0,0.0,0.0,0.0,0.0,0.0,0.0,0.0,0.0,0.0,0.0,0.0,0.0,0.0,0.0,0.0,0.0,0.0,0.0,0.0,0.0,0.0,0.0,0.0,0.0,0.0,0.0,0.0,0.0,0.0,0.0,0.0,0.0,0.0,0.0,0.33754511734082976,0.0,0.0,0.36979873423940707,0.0,0.0,0.0,0.44162079268259835,0.0,0.0,0.0,0.0,0.0,0.0,0.0,0.0,0.0,0.0,0.3190763211334527,0.0,0.0,0.0,0.0,0.0,0.0,0.0,0.0,0.0,0.0,0.0,0.0,0.0,0.0,0.0,0.0,0.0,0.0,0.0,0.0,0.0,0.0,0.0,0.0,0.0,0.0,0.0,0.0,0.0,0.0,0.0,0.0,0.0,0.0,0.0,0.0,0.0,0.0,0.0,0.0,0.0,0.0,0.0
e42664c55e91e3cb94efe5bc61089593695d80324bc49c43d25008697647ad89,0.0,0.0,0.0,0.0,0.0,0.0,0.30532993936270836,0.0,0.0,0.0,0.0,0.0,0.11475391792345467,0.0,0.0,0.0,0.29615215977231035,0.22461038024732236,0.0,0.0,0.0,0.0,0.0,0.0,0.0,0.30259929746087894,0.0,0.0,0.0,0.0,0.0,0.0,0.0,0.0,0.0,0.0,0.0,0.0,0.0,0.0,0.0,0.0,0.0,0.0,0.0,0.0,0.0,0.0,0.0,0.2794275934351466,0.0,0.0,0.0,0.0,0.0,0.0,0.0,0.0,0.0,0.0,0.1665180166472941,0.3039530473412019,0.0,0.0,0.0,0.0,0.0,0.0,0.0,0.0,0.0,0.0,0.0,0.0,0.0,0.10897120727973969,0.0,0.0,0.0,0.0,0.0,0.0,0.0,0.0,0.0,0.0,0.0,0.0,0.23909203600532436,0.0,0.0,0.0,0.0,0.0,0.0,0.0,0.0,0.0,0.0,0.1403064717917194,0.0,0.0,0.15371324604818637,0.0,0.0,0.0,0.0,0.0,0.0,0.0,0.0,0.0,0.0,0.0,0.2304227926510083,0.2622637400310567,0.14322249058051997,0.13262959690604045,0.14567203814877797,0.12912703543321055,0.15413717451012926,0.0,0.0,0.0,0.0,0.0,0.0,0.0,0.0,0.0,0.0,0.0,0.2937111783690641,0.0,0.0,0.0,0.0,0.0,0.0,0.0,0.0,0.0,0.0,0.17709663540426432,0.0,0.11862515249134878,0.0,0.0,0.0,0.0,0.0,0.0,0.0,0.0,0.0,0.0,0.0,0.0,0.0,0.0,0.0
e62467fc0e7982279b2752a3330e741135366e7b318890aa9613ccc5ddcfd37f,0.0,0.0,0.0,0.0,0.0,0.0,0.0,0.0,0.0,0.0,0.0,0.0,0.1702762845459526,0.0,0.0,0.0,0.0,0.0,0.0,0.0,0.0,0.0,0.0,0.0,0.0,0.0,0.0,0.0,0.0,0.0,0.0,0.0,0.0,0.0,0.0,0.0,0.0,0.0,0.0,0.0,0.0,0.0,0.0,0.0,0.0,0.0,0.0,0.35568285790792326,0.0,0.0,0.0,0.0,0.0,0.0,0.0,0.0,0.0,0.0,0.0,0.0,0.2470858485509452,0.0,0.0,0.0,0.0,0.651764021659232,0.0,0.0,0.5803119858089663,0.0,0.0,0.0,0.0,0.0,0.0,0.0,0.0,0.0,0.0,0.1479389541485809,0.0,0.0,0.0,0.0,0.0,0.0,0.0,0.0,0.0,0.0,0.0,0.0,0.0,0.0,0.0,0.0,0.0,0.0,0.0,0.0,0.0,0.0,0.0,0.0,0.0,0.0,0.0,0.0,0.0,0.0,0.0,0.0,0.0,0.0,0.0,0.0,0.0,0.0,0.0,0.0,0.0,0.0,0.0,0.0,0.0,0.0,0.0,0.0,0.0,0.0,0.0,0.0,0.0,0.0,0.0,0.0,0.0,0.0,0.0,0.0,0.0,0.0,0.0,0.0,0.0,0.0,0.0,0.0,0.0,0.0,0.0,0.0,0.0,0.0,0.0,0.0,0.0,0.0,0.0,0.0,0.0
9c672b05b987575f132c5f798a162abfa487ac60dcf19a19220b4451b10d79a2,0.0,0.0,0.0,0.0,0.0,0.0,0.0,0.0,0.0,0.0,0.0,0.0,0.36810692077487056,0.0,0.0,0.0,0.0,0.0,0.0,0.0,0.0,0.0,0.0,0.0,0.0,0.0,0.0,0.0,0.0,0.0,0.0,0.0,0.0,0.0,0.0,0.0,0.0,0.0,0.0,0.0,0.0,0.0,0.0,0.0,0.0,0.0,0.0,0.0,0.0,0.0,0.0,0.0,0.0,0.0,0.0,0.0,0.0,0.0,0.0,0.0,0.0,0.0,0.0,0.0,0.0,0.0,0.0,0.0,0.0,0.0,0.0,0.0,0.0,0.0,0.0,0.0,0.0,0.0,0.0,0.0,0.0,0.0,0.0,0.0,0.0,0.0,0.0,0.0,0.0,0.0,0.0,0.0,0.0,0.0,0.0,0.0,0.0,0.0,0.0,0.0,0.0,0.0,0.4930804168520932,0.0,0.0,0.0,0.0,0.0,0.0,0.0,0.0,0.0,0.0,0.0,0.0,0.0,0.0,0.0,0.0,0.41421291980473207,0.0,0.0,0.0,0.0,0.0,0.0,0.0,0.0,0.0,0.0,0.0,0.0,0.0,0.0,0.0,0.0,0.0,0.0,0.0,0.0,0.0,0.0,0.0,0.0,0.0,0.38052504350367605,0.0,0.0,0.0,0.0,0.0,0.0,0.0,0.0,0.5522656477891535,0.0,0.0,0.0,0.0,0.0,0.0
e589257b8ad21635e0b1cf15b0936f939b19153806c3dcb9d502853525977817,0.0,0.0,0.0,0.0,0.32142412996788383,0.0,0.0,0.0,0.0,0.0,0.0,0.0,0.1156579063093264,0.0,0.0,0.0,0.0,0.0,0.0,0.0,0.0,0.0,0.0,0.0,0.0,0.0,0.0,0.0,0.0,0.0,0.0,0.0,0.0,0.0,0.0,0.0,0.0,0.0,0.0,0.0,0.0,0.0,0.0,0.0,0.0,0.0,0.0,0.0,0.0,0.0,0.273891468929641,0.0,0.0,0.0,0.0,0.0,0.0,0.0,0.0,0.0,0.16782978321536854,0.0,0.0,0.0,0.0,0.0,0.0,0.0,0.0,0.0,0.0,0.0,0.0,0.0,0.0,0.0,0.0,0.0,0.0,0.1004855711060499,0.0,0.0,0.0,0.0,0.0,0.0,0.0,0.0,0.0,0.0,0.0,0.0,0.0,0.0,0.0,0.0,0.0,0.0,0.0,0.14141175362660155,0.0,0.0,0.0,0.0,0.0,0.0,0.18501340272138497,0.0,0.0,0.0,0.0,0.0,0.0,0.0,0.2322379771097697,0.26432975554768157,0.0,0.13367440319584298,0.14681958790582067,0.1301442498555672,0.0,0.0,0.2535921446675877,0.0,0.18258083915633339,0.0,0.20971636529845486,0.0,0.0,0.0,0.0,0.0,0.0,0.16585568631184405,0.0,0.0,0.0,0.0,0.0,0.0,0.3728702904742895,0.0,0.0,0.17849173636882748,0.0,0.0,0.0,0.2676778892269415,0.0,0.0,0.0,0.0,0.0,0.0,0.1735199338697623,0.0,0.0,0.3063474756066494,0.0,0.0,0.0
e483229728bfc03fd0a58d71d5df34bc340360374fa16f5b6f9acba30304d0c8,0.0,0.0,0.0,0.0,0.0,0.0,0.0,0.0,0.0,0.0,0.0,0.0,0.0,0.0,0.0,0.0,0.0,0.0,0.0,0.0,0.0,0.0,0.0,0.0,0.0,0.0,0.0,0.0,0.0,0.0,0.0,0.0,0.0,0.0,0.3348389823578099,0.0,0.0,0.0,0.0,0.0,0.0,0.0,0.0,0.0,0.0,0.0,0.0,0.0,0.0,0.0,0.0,0.0,0.0,0.0,0.0,0.0,0.0,0.0,0.0,0.0,0.2971307461211728,0.0,0.0,0.41512596420457853,0.0,0.0,0.0,0.3348389823578099,0.0,0.0,0.0,0.0,0.0,0.0,0.0,0.1944456028042668,0.0,0.0,0.0,0.1779025876404675,0.0,0.0,0.0,0.0,0.0,0.0,0.0,0.0,0.0,0.0,0.0,0.0,0.0,0.0,0.0,0.0,0.0,0.0,0.0,0.0,0.0,0.0,0.0,0.0,0.0,0.0,0.3275531275785389,0.0,0.0,0.0,0.0,0.0,0.0,0.0,0.0,0.0,0.0,0.23666106454963334,0.2599336831870781,0.0,0.27503866902409657,0.0,0.0,0.0,0.0,0.0,0.0,0.0,0.0,0.0,0.0,0.0,0.0,0.0,0.0,0.0,0.0,0.0,0.0,0.0,0.0,0.0,0.0,0.0,0.0,0.2116718705769255,0.0,0.0,0.0,0.0,0.0,0.0,0.0,0.0,0.3072047549001288,0.0,0.0,0.0,0.0,0.0,0.0
e1957024039b0e48a15c27448f19d4df4f0e4666f9ac34e7f4d42dd3c32e15ed,0.0,0.2059006341707793,0.0,0.0,0.0,0.0,0.0,0.0,0.0,0.0,0.0,0.0,0.09626850342409082,0.0,0.0,0.0,0.0,0.0,0.0,0.0,0.0,0.14074169323638447,0.0,0.0,0.0,0.0,0.0,0.0,0.0,0.0,0.0,0.0,0.0,0.0,0.15742233417109605,0.0,0.0,0.0,0.0,0.0,0.0,0.0,0.1763229487062306,0.0,0.0,0.0,0.0,0.0,0.0,0.0,0.22797509185376136,0.0,0.0,0.0,0.0,0.0,0.0,0.0,0.0,0.3280889440467847,0.139694056167004,0.0,0.0,0.0,0.0,0.0,0.0,0.0,0.0,0.0,0.0,0.0,0.0,0.0,0.0,0.0,0.0,0.15555634316319852,0.0,0.08363972559059224,0.0,0.0,0.0,0.0,0.0,0.0,0.0,0.0,0.0,0.0,0.0,0.0,0.0,0.0,0.0,0.0,0.0,0.0,0.0,0.0,0.0,0.0,0.12895197324233074,0.0,0.0,0.0,0.0,0.0,0.31576925084640756,0.0,0.0,0.0,0.0,0.0,0.193304575605939,0.0,0.0,0.1112646350985744,0.12220610291209602,0.10832629227558574,0.1293076121549589,0.29847551605962686,0.21107883608027583,0.2883714717620863,0.0,0.0,0.0,0.0,0.2675391673928604,0.0,0.0,0.0,0.0,0.1380509055983938,0.0,0.0,0.0,0.0,0.0,0.0,0.0,0.0,0.0,0.0,0.0,0.0995161307382481,0.0,0.222803184130606,0.0,0.0,0.0,0.0,0.0,0.0,0.14443028480226097,0.0,0.0,0.25499003004191656,0.0,0.0,0.0
ea19633a99460ad483a14f6bfc0554f19367acebeb090bd37b43b67ca6ebed41,0.0,0.0,0.0,0.0,0.0,0.0,0.0,0.0,0.0,0.0,0.0,0.0,0.0,0.0,0.0,0.0,0.0,0.0,0.0,0.0,0.0,0.0,0.0,0.0,0.0,0.0,0.0,0.0,0.0,0.0,0.0,0.0,0.0,0.0,0.3467582886555867,0.0,0.0,0.0,0.0,0.0,0.0,0.0,0.0,0.0,0.0,0.0,0.0,0.0,0.0,0.0,0.0,0.0,0.0,0.0,0.0,0.0,0.0,0.0,0.0,0.0,0.30770774748632646,0.0,0.0,0.42990325651586275,0.0,0.0,0.0,0.3467582886555867,0.0,0.0,0.0,0.0,0.0,0.0,0.0,0.20136730792282806,0.0,0.0,0.0,0.18423540892167625,0.0,0.0,0.0,0.0,0.0,0.0,0.0,0.0,0.0,0.0,0.0,0.0,0.0,0.0,0.0,0.0,0.0,0.0,0.0,0.0,0.0,0.0,0.0,0.0,0.0,0.0,0.33921307836715797,0.0,0.0,0.0,0.0,0.0,0.0,0.0,0.0,0.0,0.0,0.24508551888664556,0.0,0.0,0.28482925588093955,0.0,0.0,0.0,0.0,0.0,0.0,0.0,0.0,0.0,0.0,0.0,0.0,0.0,0.0,0.0,0.0,0.0,0.0,0.0,0.0,0.0,0.0,0.0,0.0,0.21920678136378746,0.0,0.0,0.0,0.0,0.0,0.0,0.0,0.0,0.31814036205077767,0.0,0.0,0.0,0.0,0.0,0.0
1e8e8e440cadb082cff90fecfdbaebda68160a41773e5f70ba71460110dd16e5,0.0,0.21390710834953347,0.2519085839074022,0.0,0.0,0.0,0.0,0.0,0.0,0.0,0.0,0.0,0.0,0.0,0.0,0.0,0.0,0.0,0.0,0.0,0.0,0.0,0.0,0.0,0.0,0.0,0.0,0.0,0.0,0.0,0.0,0.0,0.0,0.0,0.16354372305742013,0.0,0.0,0.0,0.0,0.0,0.0,0.0,0.0,0.0,0.0,0.3035972851256576,0.0,0.0,0.0,0.0,0.23683993432341746,0.0,0.0,0.0,0.0,0.0,0.0,0.0,0.0,0.0,0.14512607855066928,0.0,0.0,0.20275789051129448,0.1931391310268915,0.0,0.0,0.16354372305742013,0.0,0.0,0.0,0.0,0.0,0.0,0.0,0.09497208954234655,0.0,0.0,0.0,0.08689206770190273,0.0,0.0,0.0,0.0,0.3147634285225509,0.2939659373234267,0.0,0.0,0.0,0.0,0.0,0.0,0.0,0.0,0.0,0.0,0.0,0.0,0.0,0.0,0.0,0.0,0.0,0.0,0.0,0.0,0.0,0.0,0.0,0.0,0.0,0.0,0.0,0.0,0.2008212503333237,0.0,0.0,0.1155911755753092,0.126958103853678,0.112538574891798,0.13433575624982524,0.0,0.21928666534493213,0.0,0.0,0.0,0.0,0.0,0.0,0.0,0.0,0.0,0.0,0.0,0.0,0.0,0.0,0.0,0.0,0.0,0.0,0.0,0.0,0.0,0.2995848356832361,0.10338582902419141,0.21390710834953347,0.0,0.0,0.0,0.0,0.0,0.0,0.0,0.1500464760809157,0.0,0.0,0.2649053520592204,0.0,0.0,0.0
ec35c76ad2c8192f09c02eca1f263b406163470ca8438d054db7adcf5bfc0597,0.0,0.2091779566674563,0.0,0.0,0.0,0.0,0.0,0.0,0.0,0.0,0.0,0.0,0.09780081017615025,0.0,0.0,0.0,0.0,0.0,0.0,0.0,0.0,0.14298188020482985,0.0,0.0,0.0,0.0,0.0,0.0,0.0,0.0,0.0,0.0,0.0,0.0,0.15992802707163573,0.0,0.0,0.0,0.0,0.0,0.0,0.0,0.0,0.0,0.0,0.0,0.0,0.0,0.0,0.0,0.23160377371879456,0.0,0.0,0.0,0.0,0.0,0.0,0.0,0.0,0.33331113911949967,0.14191756788551796,0.0,0.0,0.0,0.0,0.0,0.0,0.0,0.0,0.0,0.0,0.0,0.0,0.0,0.0,0.0,0.0,0.1580323350658107,0.0,0.08497101995691549,0.0,0.0,0.0,0.0,0.0,0.0,0.0,0.0,0.0,0.0,0.0,0.0,0.0,0.0,0.0,0.0,0.0,0.0,0.0,0.0,0.0,0.0,0.13100450311723852,0.0,0.0,0.0,0.0,0.0,0.320795353236648,0.0,0.0,0.0,0.0,0.0,0.19638140650981317,0.0,0.0,0.1130356354316315,0.12415125870007113,0.11005052297592406,0.13136580273807064,0.3032263538966689,0.21443858006962419,0.29296148342286565,0.0,0.0,0.0,0.0,0.27179759105226303,0.0,0.0,0.0,0.0,0.14024826327252796,0.0,0.0,0.0,0.0,0.0,0.0,0.0,0.0,0.0,0.0,0.0,0.10110013000743051,0.0,0.22634954468759613,0.0,0.0,0.0,0.0,0.0,0.0,0.14672918312032693,0.0,0.0,0.2590487089539571,0.0,0.0,0.0
ecac12520eaa08addb97ed05c2ac1406d56e58eb422954b704ef5c5516e02397,0.0,0.0,0.0,0.0,0.0,0.0,0.0,0.0,0.0,0.0,0.0,0.0,0.0,0.0,0.0,0.0,0.0,0.0,0.0,0.0,0.0,0.0,0.0,0.0,0.0,0.0,0.0,0.0,0.0,0.0,0.0,0.0,0.0,0.0,0.0,0.0,0.0,0.0,0.0,0.0,0.0,0.0,0.2864930411287268,0.0,0.0,0.0,0.0,0.0,0.0,0.0,0.0,0.0,0.0,0.0,0.0,0.0,0.0,0.0,0.0,0.0,0.0,0.0,0.0,0.0,0.0,0.0,0.0,0.25578294594767237,0.0,0.0,0.0,0.0,0.0,0.0,0.0,0.0,0.0,0.0,0.0,0.0,0.0,0.0,0.0,0.0,0.0,0.0,0.0,0.0,0.0,0.0,0.0,0.0,0.0,0.0,0.0,0.0,0.0,0.0,0.0,0.0,0.0,0.0,0.2095237361036719,0.0,0.35638350711903266,0.0,0.0,0.0,0.0,0.0,0.0,0.0,0.0,0.0,0.0,0.0,0.0,0.0,0.19856291154765252,0.17601071860440826,0.0,0.0,0.0,0.0,0.0,0.0,0.0,0.0,0.0,0.0,0.0,0.0,0.0,0.22430786273517578,0.6852882284647,0.0,0.0,0.0,0.0,0.0,0.0,0.0,0.3020702659097891,0.0,0.0,0.0,0.0,0.0,0.0,0.0,0.0,0.0,0.0,0.0,0.0,0.0,0.0,0.0,0.0,0.0,0.0
ecd8e9ed858fc2d170b243352ea0e8e16e87d48d5de04f8de5f8f6e1026c76fe,0.0,0.0,0.0,0.0,0.0,0.0,0.0,0.0,0.0,0.0,0.0,0.0,0.0,0.0,0.0,0.0,0.0,0.0,0.0,0.0,0.0,0.0,0.0,0.0,0.0,0.0,0.0,0.0,0.0,0.0,0.0,0.0,0.0,0.0,0.31353077002828733,0.0,0.0,0.0,0.0,0.0,0.0,0.0,0.0,0.0,0.0,0.0,0.0,0.0,0.0,0.0,0.0,0.0,0.0,0.0,0.0,0.0,0.0,0.0,0.0,0.0,0.27822218002950505,0.0,0.0,0.3887085138632783,0.0,0.0,0.0,0.31353077002828733,0.0,0.0,0.0,0.0,0.0,0.0,0.0,0.18207163080757796,0.0,0.0,0.0,0.16658136666218928,0.0,0.0,0.0,0.0,0.0,0.0,0.0,0.0,0.0,0.0,0.0,0.0,0.0,0.0,0.0,0.0,0.0,0.0,0.0,0.0,0.0,0.0,0.2568276711193525,0.0,0.0,0.0,0.3067085665823992,0.0,0.0,0.0,0.0,0.0,0.0,0.0,0.0,0.0,0.23929947257881323,0.22160061914377063,0.2433922337000933,0.0,0.25753598066586925,0.0,0.0,0.0,0.0,0.0,0.0,0.0,0.0,0.0,0.0,0.0,0.0,0.0,0.0,0.0,0.0,0.0,0.0,0.0,0.0,0.0,0.0,0.0,0.0,0.19820166728494268,0.0,0.0,0.0,0.0,0.0,0.0,0.0,0.0,0.287655107186005,0.0,0.0,0.0,0.0,0.0,0.0
ed42bb9e3f5959e3d58872874381d92e50c601cd1be46effeb3724ff19eeef71,0.0,0.0,0.0,0.0,0.0,0.0,0.0,0.0,0.0,0.0,0.0,0.0,0.0,0.0,0.0,0.0,0.0,0.5403609412194295,0.0,0.0,0.0,0.0,0.0,0.0,0.0,0.0,0.0,0.0,0.0,0.0,0.0,0.0,0.0,0.0,0.0,0.0,0.0,0.0,0.0,0.0,0.0,0.0,0.0,0.0,0.0,0.0,0.0,0.0,0.0,0.0,0.0,0.0,0.0,0.0,0.0,0.0,0.0,0.0,0.0,0.0,0.4006040687275722,0.0,0.0,0.0,0.0,0.0,0.0,0.0,0.0,0.0,0.0,0.0,0.0,0.0,0.0,0.0,0.0,0.0,0.0,0.0,0.0,0.0,0.0,0.0,0.0,0.0,0.0,0.0,0.0,0.0,0.0,0.0,0.0,0.0,0.0,0.0,0.0,0.0,0.0,0.33754511734082976,0.0,0.0,0.36979873423940707,0.0,0.0,0.0,0.44162079268259835,0.0,0.0,0.0,0.0,0.0,0.0,0.0,0.0,0.0,0.0,0.3190763211334527,0.0,0.0,0.0,0.0,0.0,0.0,0.0,0.0,0.0,0.0,0.0,0.0,0.0,0.0,0.0,0.0,0.0,0.0,0.0,0.0,0.0,0.0,0.0,0.0,0.0,0.0,0.0,0.0,0.0,0.0,0.0,0.0,0.0,0.0,0.0,0.0,0.0,0.0,0.0,0.0,0.0,0.0,0.0
ede12e010ddaffd96dbc21854ff8a5f24d75cd9766d6eb41fce18824c5c18889,0.0,0.0,0.0,0.0,0.0,0.0,0.31216528646492603,0.0,0.0,0.0,0.0,0.0,0.11732288597808893,0.0,0.0,0.0,0.30278204615469506,0.22963867820904876,0.0,0.0,0.0,0.0,0.0,0.0,0.0,0.3093735143468793,0.0,0.0,0.0,0.0,0.0,0.0,0.0,0.0,0.0,0.0,0.0,0.0,0.0,0.0,0.0,0.0,0.0,0.0,0.0,0.0,0.0,0.0,0.0,0.2856830710180301,0.0,0.0,0.0,0.0,0.0,0.0,0.0,0.0,0.0,0.0,0.17024581499203817,0.3107575702965674,0.0,0.0,0.0,0.0,0.0,0.0,0.0,0.0,0.0,0.0,0.0,0.0,0.0,0.11141071919743571,0.0,0.0,0.0,0.0,0.0,0.0,0.0,0.0,0.0,0.0,0.0,0.0,0.2444445312728485,0.0,0.0,0.0,0.0,0.0,0.0,0.0,0.0,0.0,0.0,0.0,0.0,0.0,0.0,0.0,0.0,0.0,0.0,0.0,0.0,0.0,0.0,0.0,0.0,0.0,0.2355812116757505,0.2681349746016977,0.14642877764822546,0.13559874343904083,0.1489331626422118,0.13201777097427345,0.15758780595272834,0.0,0.0,0.0,0.0,0.0,0.0,0.0,0.0,0.0,0.0,0.0,0.3002864190943735,0.0,0.0,0.0,0.0,0.0,0.0,0.0,0.0,0.0,0.0,0.18106125471460663,0.0,0.12128078493284562,0.0,0.0,0.0,0.0,0.0,0.0,0.0,0.0,0.0,0.0,0.0,0.0,0.0,0.0,0.0
9ca18641bc6b48708e4314b3f8275860aef6b9ea16cd6230d781f0abaa84c853,0.0,0.0,0.0,0.0,0.0,0.0,0.0,0.0,0.0,0.0,0.2442001199428302,0.0,0.15899239645413013,0.0,0.0,0.0,0.0,0.0,0.0,0.0,0.0,0.2324421622105022,0.0,0.0,0.0,0.0,0.33382934270046344,0.0,0.0,0.0,0.0,0.0,0.0,0.0,0.0,0.0,0.0,0.0,0.0,0.0,0.0,0.0,0.0,0.0,0.30840925231309835,0.0,0.0,0.0,0.0,0.0,0.0,0.0,0.0,0.0,0.0,0.0,0.0,0.0,0.30703994210077135,0.0,0.0,0.0,0.0,0.0,0.0,0.0,0.0,0.0,0.0,0.0,0.0,0.0,0.0,0.0,0.0,0.1509804083679514,0.0,0.25690932032260944,0.0,0.13813531879510138,0.0,0.0,0.0,0.0,0.0,0.0,0.0,0.0,0.0,0.0,0.0,0.0,0.0,0.0,0.0,0.0,0.0,0.0,0.0,0.0,0.0,0.0,0.0,0.0,0.0,0.0,0.0,0.0,0.0,0.0,0.0,0.0,0.0,0.0,0.0,0.0,0.0,0.0,0.0,0.1789064563724785,0.0,0.0,0.0,0.0,0.25098988984318743,0.0,0.2882925046669497,0.0,0.4418547277269598,0.0,0.0,0.0,0.0,0.22799818770485691,0.0,0.0,0.0,0.0,0.0,0.0,0.0,0.0,0.0,0.0,0.0,0.1643560203924092,0.0,0.0,0.0,0.0,0.0,0.0,0.0,0.0,0.0,0.0,0.0,0.0,0.0,0.0,0.0
c65fa1c272dfed333cc5998c8a49afb64f1e29ee034d2028486535e7e312689d,0.0,0.0,0.0,0.0,0.0,0.0,0.30532993936270836,0.0,0.0,0.0,0.0,0.0,0.11475391792345467,0.0,0.0,0.0,0.29615215977231035,0.22461038024732236,0.0,0.0,0.0,0.0,0.0,0.0,0.0,0.30259929746087894,0.0,0.0,0.0,0.0,0.0,0.0,0.0,0.0,0.0,0.0,0.0,0.0,0.0,0.0,0.0,0.0,0.0,0.0,0.0,0.0,0.0,0.0,0.0,0.2794275934351466,0.0,0.0,0.0,0.0,0.0,0.0,0.0,0.0,0.0,0.0,0.1665180166472941,0.3039530473412019,0.0,0.0,0.0,0.0,0.0,0.0,0.0,0.0,0.0,0.0,0.0,0.0,0.0,0.10897120727973969,0.0,0.0,0.0,0.0,0.0,0.0,0.0,0.0,0.0,0.0,0.0,0.0,0.23909203600532436,0.0,0.0,0.0,0.0,0.0,0.0,0.0,0.0,0.0,0.0,0.1403064717917194,0.0,0.0,0.15371324604818637,0.0,0.0,0.0,0.0,0.0,0.0,0.0,0.0,0.0,0.0,0.0,0.2304227926510083,0.2622637400310567,0.14322249058051997,0.13262959690604045,0.14567203814877797,0.12912703543321055,0.15413717451012926,0.0,0.0,0.0,0.0,0.0,0.0,0.0,0.0,0.0,0.0,0.0,0.2937111783690641,0.0,0.0,0.0,0.0,0.0,0.0,0.0,0.0,0.0,0.0,0.17709663540426432,0.0,0.11862515249134878,0.0,0.0,0.0,0.0,0.0,0.0,0.0,0.0,0.0,0.0,0.0,0.0,0.0,0.0,0.0
ef2e0cc0c05fb633f539b333d88842ebef9a357d790fe1dd3cb28934be350d3f,0.0,0.0,0.0,0.0,0.0,0.0,0.0,0.0,0.0,0.0,0.0,0.0,0.0,0.0,0.0,0.0,0.0,0.5403609412194295,0.0,0.0,0.0,0.0,0.0,0.0,0.0,0.0,0.0,0.0,0.0,0.0,0.0,0.0,0.0,0.0,0.0,0.0,0.0,0.0,0.0,0.0,0.0,0.0,0.0,0.0,0.0,0.0,0.0,0.0,0.0,0.0,0.0,0.0,0.0,0.0,0.0,0.0,0.0,0.0,0.0,0.0,0.4006040687275722,0.0,0.0,0.0,0.0,0.0,0.0,0.0,0.0,0.0,0.0,0.0,0.0,0.0,0.0,0.0,0.0,0.0,0.0,0.0,0.0,0.0,0.0,0.0,0.0,0.0,0.0,0.0,0.0,0.0,0.0,0.0,0.0,0.0,0.0,0.0,0.0,0.0,0.0,0.33754511734082976,0.0,0.0,0.36979873423940707,0.0,0.0,0.0,0.44162079268259835,0.0,0.0,0.0,0.0,0.0,0.0,0.0,0.0,0.0,0.0,0.3190763211334527,0.0,0.0,0.0,0.0,0.0,0.0,0.0,0.0,0.0,0.0,0.0,0.0,0.0,0.0,0.0,0.0,0.0,0.0,0.0,0.0,0.0,0.0,0.0,0.0,0.0,0.0,0.0,0.0,0.0,0.0,0.0,0.0,0.0,0.0,0.0,0.0,0.0,0.0,0.0,0.0,0.0,0.0,0.0
f0d31250d3ba9430c0e38a9fb626cc3ff4b10e05fe6f0a22707a6757f74f22b2,0.0,0.0,0.0,0.0,0.0,0.0,0.0,0.0,0.0,0.0,0.0,0.0,0.0,0.0,0.0,0.0,0.0,0.0,0.0,0.0,0.0,0.0,0.0,0.0,0.0,0.0,0.0,0.0,0.0,0.0,0.0,0.0,0.0,0.0,0.3348389823578099,0.0,0.0,0.0,0.0,0.0,0.0,0.0,0.0,0.0,0.0,0.0,0.0,0.0,0.0,0.0,0.0,0.0,0.0,0.0,0.0,0.0,0.0,0.0,0.0,0.0,0.2971307461211728,0.0,0.0,0.41512596420457853,0.0,0.0,0.0,0.3348389823578099,0.0,0.0,0.0,0.0,0.0,0.0,0.0,0.1944456028042668,0.0,0.0,0.0,0.1779025876404675,0.0,0.0,0.0,0.0,0.0,0.0,0.0,0.0,0.0,0.0,0.0,0.0,0.0,0.0,0.0,0.0,0.0,0.0,0.0,0.0,0.0,0.0,0.0,0.0,0.0,0.0,0.3275531275785389,0.0,0.0,0.0,0.0,0.0,0.0,0.0,0.0,0.0,0.0,0.23666106454963334,0.2599336831870781,0.0,0.27503866902409657,0.0,0.0,0.0,0.0,0.0,0.0,0.0,0.0,0.0,0.0,0.0,0.0,0.0,0.0,0.0,0.0,0.0,0.0,0.0,0.0,0.0,0.0,0.0,0.0,0.2116718705769255,0.0,0.0,0.0,0.0,0.0,0.0,0.0,0.0,0.3072047549001288,0.0,0.0,0.0,0.0,0.0,0.0
1ea73303f294c3f3c99b4651232952bfd97956bee1901b772298b58bde101018,0.0,0.0,0.0,0.0,0.0,0.0,0.0,0.0,0.0,0.0,0.2748775979088743,0.0,0.17896571071839829,0.0,0.0,0.0,0.0,0.0,0.0,0.0,0.0,0.2616425545414384,0.0,0.0,0.0,0.0,0.3757664322789206,0.0,0.0,0.0,0.0,0.0,0.0,0.0,0.29265231010986265,0.0,0.0,0.0,0.0,0.0,0.0,0.0,0.0,0.0,0.3471529599106793,0.0,0.0,0.0,0.0,0.0,0.0,0.0,0.0,0.0,0.0,0.0,0.0,0.0,0.3456116310118865,0.0,0.0,0.0,0.0,0.0,0.0,0.0,0.0,0.0,0.0,0.0,0.0,0.0,0.0,0.0,0.0,0.16994722194730796,0.0,0.2891833831499058,0.0,0.15548847652353034,0.0,0.0,0.0,0.0,0.0,0.0,0.0,0.0,0.0,0.0,0.0,0.0,0.0,0.0,0.0,0.0,0.0,0.0,0.0,0.0,0.0,0.0,0.0,0.0,0.0,0.0,0.0,0.0,0.0,0.0,0.0,0.0,0.0,0.0,0.0,0.0,0.0,0.0,0.0,0.20138146119489478,0.0,0.0,0.0,0.0,0.2825203281458664,0.0,0.0,0.0,0.0,0.0,0.0,0.0,0.0,0.2566403086884633,0.0,0.0,0.0,0.0,0.0,0.0,0.0,0.0,0.0,0.0,0.0,0.185003136353512,0.0,0.0,0.0,0.0,0.0,0.0,0.0,0.0,0.0,0.0,0.0,0.0,0.0,0.0,0.0
f1e3ec3fe9b4347019a298a11db3a2c357e91b61b7152dc28b4ecef57968dbbb,0.0,0.0,0.0,0.0,0.0,0.0,0.0,0.0,0.0,0.0,0.0,0.0,0.0,0.0,0.0,0.0,0.0,0.5403609412194295,0.0,0.0,0.0,0.0,0.0,0.0,0.0,0.0,0.0,0.0,0.0,0.0,0.0,0.0,0.0,0.0,0.0,0.0,0.0,0.0,0.0,0.0,0.0,0.0,0.0,0.0,0.0,0.0,0.0,0.0,0.0,0.0,0.0,0.0,0.0,0.0,0.0,0.0,0.0,0.0,0.0,0.0,0.4006040687275722,0.0,0.0,0.0,0.0,0.0,0.0,0.0,0.0,0.0,0.0,0.0,0.0,0.0,0.0,0.0,0.0,0.0,0.0,0.0,0.0,0.0,0.0,0.0,0.0,0.0,0.0,0.0,0.0,0.0,0.0,0.0,0.0,0.0,0.0,0.0,0.0,0.0,0.0,0.33754511734082976,0.0,0.0,0.36979873423940707,0.0,0.0,0.0,0.44162079268259835,0.0,0.0,0.0,0.0,0.0,0.0,0.0,0.0,0.0,0.0,0.3190763211334527,0.0,0.0,0.0,0.0,0.0,0.0,0.0,0.0,0.0,0.0,0.0,0.0,0.0,0.0,0.0,0.0,0.0,0.0,0.0,0.0,0.0,0.0,0.0,0.0,0.0,0.0,0.0,0.0,0.0,0.0,0.0,0.0,0.0,0.0,0.0,0.0,0.0,0.0,0.0,0.0,0.0,0.0,0.0
f2a654fdff13b9c6acfbfc7b7df98cfe1a2378989941b262391f2a0869e01919,0.0,0.22785065188090978,0.0,0.0,0.0,0.0,0.0,0.0,0.0,0.0,0.0,0.28607539027188433,0.10653119816321385,0.0,0.0,0.0,0.0,0.0,0.0,0.0,0.0,0.0,0.34943180208772334,0.0,0.3797503188304838,0.0,0.0,0.0,0.0,0.0,0.0,0.0,0.0,0.0,0.0,0.0,0.0,0.0,0.0,0.0,0.0,0.0,0.0,0.0,0.2066464051506648,0.0,0.0,0.2225284696579191,0.0,0.0,0.0,0.0,0.0,0.0,0.0,0.0,0.32792047212170666,0.0,0.0,0.0,0.0,0.0,0.0,0.0,0.0,0.0,0.0,0.0,0.0,0.0,0.0,0.0,0.0,0.0,0.0,0.10116284905014,0.0,0.0,0.0,0.0925561306583941,0.0,0.0,0.0,0.0,0.0,0.0,0.0,0.0,0.0,0.0,0.0,0.0,0.0,0.0,0.0,0.0,0.0,0.0,0.0,0.13025277760011011,0.0,0.0,0.1426988862026752,0.0,0.0,0.0,0.17041376674629466,0.0,0.0,0.0,0.0,0.0,0.0,0.0,0.0,0.0,0.13295984835689756,0.12312599104223429,0.0,0.11987440645939004,0.14309243796808324,0.0,0.0,0.0,0.0,0.0,0.19316738805496675,0.0,0.0,0.0,0.0,0.0,0.0,0.0,0.0,0.0,0.0,0.0,0.0,0.0,0.0,0.0,0.20572891311438113,0.0,0.0,0.11012503848127342,0.0,0.0,0.0,0.0,0.0,0.0,0.0,0.0,0.0,0.3797503188304838,0.0,0.0,0.0,0.0,0.0
f3e814c41e5d714dfc54c93674dba21a3226b57119abf9e56adcd1423bec1b35,0.0,0.0,0.0,0.0,0.0,0.0,0.0,0.0,0.0,0.0,0.0,0.0,0.13723066040489024,0.0,0.0,0.0,0.0,0.0,0.0,0.0,0.0,0.0,0.45012876785166656,0.0,0.0,0.0,0.0,0.0,0.0,0.0,0.0,0.0,0.0,0.0,0.0,0.0,0.0,0.0,0.0,0.0,0.0,0.0,0.25134819629322736,0.2375983139334254,0.0,0.0,0.0,0.0,0.0,0.0,0.0,0.0,0.0,0.0,0.0,0.0,0.0,0.0,0.0,0.0,0.0,0.0,0.0,0.0,0.0,0.0,0.0,0.0,0.0,0.0,0.0,0.0,0.0,0.0,0.41107325972970465,0.1303152956406411,0.27821283676896175,0.22174541977052728,0.0,0.0,0.0,0.0,0.0,0.0,0.0,0.0,0.0,0.0,0.0,0.0,0.0,0.0,0.0,0.0,0.0,0.0,0.0,0.0,0.0,0.1677881690793438,0.0,0.0,0.18382091565921635,0.0,0.0,0.0,0.21952248877225455,0.0,0.0,0.0,0.0,0.0,0.0,0.0,0.0,0.0,0.17127534573859388,0.0,0.0,0.0,0.0,0.0,0.0,0.0,0.0,0.0,0.24883309949126625,0.0,0.0,0.0,0.0,0.0,0.0,0.19679143511043581,0.0,0.0,0.0,0.0,0.0,0.0,0.0,0.0,0.0,0.0,0.0,0.14186015006369834,0.2935111588944762,0.0,0.0,0.0,0.0,0.0,0.0,0.0,0.0,0.0,0.0,0.0,0.0,0.0,0.0
f4ba5e8f98fe70d764df71b7c390237b90ed0fc3408579a15a06ee56008a3531,0.0,0.0,0.0,0.0,0.0,0.0,0.0,0.0,0.0,0.0,0.0,0.0,0.2107028445947621,0.0,0.0,0.0,0.0,0.0,0.0,0.0,0.0,0.0,0.0,0.0,0.0,0.0,0.0,0.0,0.0,0.0,0.0,0.0,0.0,0.0,0.0,0.0,0.0,0.0,0.0,0.0,0.0,0.0,0.0,0.3648065269742595,0.0,0.0,0.0,0.0,0.0,0.0,0.0,0.0,0.0,0.0,0.0,0.0,0.0,0.0,0.0,0.0,0.0,0.0,0.0,0.0,0.0,0.0,0.0,0.0,0.0,0.0,0.0,0.0,0.0,0.0,0.0,0.20008504954124684,0.42716573641082267,0.3404661216644902,0.0,0.0,0.0,0.0,0.0,0.0,0.0,0.0,0.0,0.0,0.0,0.0,0.0,0.0,0.0,0.0,0.0,0.0,0.0,0.0,0.0,0.0,0.0,0.0,0.0,0.0,0.0,0.0,0.0,0.0,0.0,0.0,0.0,0.0,0.0,0.0,0.0,0.0,0.2629747787382002,0.0,0.0,0.0,0.0,0.0,0.0,0.0,0.3326214645097376,0.0,0.0,0.0,0.0,0.0,0.0,0.0,0.0,0.3021519757123954,0.0,0.0,0.0,0.0,0.0,0.0,0.0,0.0,0.40690115154977285,0.0,0.0,0.21781092552401587,0.0,0.0,0.0,0.0,0.0,0.0,0.0,0.0,0.0,0.0,0.0,0.0,0.0,0.0,0.0
f4db61bb14a7af406c9cfc33075c6f74ab711bedf1e1fd6edc4f524bd304c1b6,0.0,0.0,0.2758444091953635,0.0,0.30435197432521605,0.0,0.0,0.0,0.0,0.0,0.0,0.0,0.0,0.0,0.0,0.0,0.0,0.21435581700807935,0.0,0.0,0.0,0.0,0.0,0.0,0.0,0.0,0.0,0.0,0.0,0.0,0.0,0.0,0.0,0.0,0.0,0.0,0.0,0.0,0.0,0.0,0.0,0.0,0.0,0.0,0.0,0.0,0.0,0.0,0.0,0.0,0.0,0.0,0.0,0.0,0.0,0.0,0.0,0.0,0.0,0.0,0.1589156541460474,0.0,0.0,0.0,0.0,0.0,0.4124998684076054,0.0,0.0,0.0,0.0,0.0,0.0,0.0,0.0,0.0,0.0,0.0,0.0,0.0,0.0,0.0,0.0,0.0,0.0,0.0,0.0,0.0,0.0,0.0,0.0,0.0,0.0,0.0,0.0,0.0,0.0,0.0,0.0,0.13390079460850557,0.0,0.0,0.14669548399918933,0.0,0.0,0.0,0.17518658104637677,0.0,0.0,0.0,0.0,0.0,0.0,0.0,0.219902864336026,0.25029011661905093,0.13668368286681307,0.12657440663669173,0.0,0.0,0.0,0.0,0.24012282435253995,0.0,0.0,0.0,0.0,0.0,0.0,0.0,0.0,0.0,0.0,0.0,0.0,0.0,0.0,0.0,0.0,0.0,0.3530656179559572,0.0,0.0,0.0,0.3280507584184154,0.0,0.0,0.0,0.0,0.0,0.0,0.0,0.0,0.0,0.0,0.0,0.0,0.29007610299745024,0.0,0.0,0.0
f6c3a225383873e0d278e419b531ded61dab33208c77b8946183c51ce03cc32c,0.0,0.0,0.0,0.0,0.0,0.0,0.0,0.0,0.0,0.0,0.0,0.0,0.0,0.0,0.0,0.0,0.0,0.0,0.0,0.0,0.0,0.0,0.0,0.0,0.0,0.0,0.0,0.0,0.0,0.0,0.0,0.0,0.0,0.0,0.32323466065239814,0.0,0.0,0.0,0.0,0.0,0.0,0.0,0.3620432182662499,0.0,0.0,0.0,0.0,0.0,0.0,0.0,0.0,0.0,0.0,0.0,0.0,0.0,0.0,0.0,0.0,0.0,0.2868332570346883,0.0,0.0,0.40073918282393434,0.0,0.0,0.0,0.32323466065239814,0.0,0.0,0.0,0.0,0.0,0.0,0.0,0.18770681357114152,0.0,0.0,0.0,0.171737120153175,0.0,0.0,0.0,0.0,0.0,0.0,0.0,0.0,0.0,0.0,0.0,0.0,0.0,0.0,0.0,0.0,0.0,0.0,0.0,0.0,0.0,0.0,0.0,0.0,0.0,0.0,0.3162013075447133,0.0,0.0,0.0,0.0,0.0,0.0,0.0,0.0,0.0,0.0,0.22845923837981041,0.0,0.0,0.2655068123259619,0.0,0.0,0.0,0.0,0.0,0.0,0.0,0.0,0.0,0.0,0.0,0.0,0.0,0.0,0.0,0.0,0.0,0.0,0.0,0.0,0.0,0.0,0.0,0.0,0.20433608050593519,0.0,0.0,0.0,0.0,0.0,0.0,0.0,0.0,0.29655813669519165,0.0,0.0,0.0,0.0,0.0,0.0
f6e45bfd982d0d6636a4b4799a3d1febede323286f9ae3236487b1d3ce844d72,0.0,0.0,0.0,0.0,0.0,0.0,0.0,0.0,0.0,0.0,0.0,0.0,0.0,0.0,0.0,0.0,0.0,0.0,0.0,0.0,0.0,0.0,0.0,0.0,0.0,0.0,0.0,0.0,0.0,0.0,0.0,0.0,0.0,0.0,0.3467582886555867,0.0,0.0,0.0,0.0,0.0,0.0,0.0,0.0,0.0,0.0,0.0,0.0,0.0,0.0,0.0,0.0,0.0,0.0,0.0,0.0,0.0,0.0,0.0,0.0,0.0,0.30770774748632646,0.0,0.0,0.42990325651586275,0.0,0.0,0.0,0.3467582886555867,0.0,0.0,0.0,0.0,0.0,0.0,0.0,0.20136730792282806,0.0,0.0,0.0,0.18423540892167625,0.0,0.0,0.0,0.0,0.0,0.0,0.0,0.0,0.0,0.0,0.0,0.0,0.0,0.0,0.0,0.0,0.0,0.0,0.0,0.0,0.0,0.0,0.0,0.0,0.0,0.0,0.33921307836715797,0.0,0.0,0.0,0.0,0.0,0.0,0.0,0.0,0.0,0.0,0.24508551888664556,0.0,0.0,0.28482925588093955,0.0,0.0,0.0,0.0,0.0,0.0,0.0,0.0,0.0,0.0,0.0,0.0,0.0,0.0,0.0,0.0,0.0,0.0,0.0,0.0,0.0,0.0,0.0,0.0,0.21920678136378746,0.0,0.0,0.0,0.0,0.0,0.0,0.0,0.0,0.31814036205077767,0.0,0.0,0.0,0.0,0.0,0.0
9cba81a7ac7f0c7a020ca9c4e06f796c4a585e3d1abd77788868dcd59a27fdad,0.0,0.0,0.0,0.0,0.0,0.0,0.0,0.0,0.0,0.0,0.2528426581127459,0.0,0.1646193300338634,0.0,0.0,0.0,0.0,0.0,0.0,0.0,0.0,0.24066857200781236,0.0,0.0,0.0,0.0,0.3456439676777242,0.0,0.0,0.0,0.0,0.0,0.0,0.0,0.0,0.0,0.0,0.0,0.0,0.0,0.0,0.0,0.0,0.0,0.3193242294871273,0.0,0.0,0.0,0.0,0.0,0.0,0.0,0.0,0.0,0.0,0.0,0.0,0.0,0.3179064577270367,0.0,0.0,0.0,0.0,0.0,0.3179064577270367,0.0,0.0,0.0,0.0,0.0,0.0,0.0,0.0,0.0,0.0,0.15632378798027496,0.0,0.2660016524951533,0.0,0.14302409512158162,0.0,0.0,0.0,0.0,0.0,0.0,0.0,0.0,0.0,0.0,0.0,0.0,0.0,0.0,0.0,0.0,0.0,0.0,0.0,0.0,0.0,0.0,0.0,0.0,0.0,0.0,0.0,0.0,0.0,0.0,0.0,0.0,0.0,0.0,0.0,0.0,0.0,0.1902627446663517,0.0,0.18523817266485992,0.0,0.0,0.0,0.0,0.2598727261978155,0.0,0.2984955257640239,0.0,0.0,0.0,0.0,0.0,0.0,0.2360673198591415,0.0,0.0,0.0,0.0,0.0,0.0,0.0,0.0,0.0,0.0,0.0,0.17017277912303305,0.0,0.0,0.0,0.0,0.0,0.0,0.0,0.0,0.0,0.0,0.0,0.0,0.0,0.0,0.0
f7c432afe20c31ddd75dbb214f1b7aaeb400d9d17da6d9e3c0d7cf1dd38bf524,0.0,0.0,0.0,0.0,0.0,0.0,0.0,0.0,0.0,0.0,0.0,0.26200435254900595,0.0,0.3291744348535311,0.0,0.0,0.0,0.0,0.0,0.0,0.0,0.0,0.0,0.3360284455062024,0.0,0.0,0.0,0.0,0.0,0.3952660231893427,0.0,0.0,0.0,0.0,0.1595463766942777,0.0,0.0,0.0,0.0,0.0,0.0,0.0,0.0,0.0,0.0,0.0,0.0,0.0,0.0,0.0,0.0,0.0,0.0,0.0,0.0,0.0,0.3003284934931226,0.0,0.0,0.0,0.0,0.0,0.0,0.0,0.0,0.0,0.0,0.0,0.0,0.0,0.0,0.0,0.0,0.0,0.0,0.09265077552530632,0.0,0.0,0.0,0.08476824610654761,0.0,0.0,0.0,0.0,0.0,0.0,0.0,0.0,0.0,0.0,0.0,0.0,0.0,0.0,0.0,0.0,0.0,0.0,0.0,0.11929301094509605,0.0,0.4624361054938678,0.13069187549989225,0.0,0.0,0.0,0.0,0.0,0.0,0.0,0.0,0.0,0.0,0.0,0.19591276421319437,0.0,0.12177230257609707,0.0,0.0,0.0,0.0,0.0,0.0,0.0,0.0,0.0,0.0,0.0,0.0,0.0,0.0,0.0,0.0,0.0,0.0,0.0,0.0,0.0,0.35221704676343946,0.0,0.0,0.0,0.0,0.0,0.0,0.0,0.0,0.0,0.0,0.0,0.0,0.0,0.0,0.0,0.0,0.0,0.0,0.0,0.0,0.0,0.0
1edc828da884f2b17544ba6609f55bba3c950093528a5e857a23be8ae78fcb36,0.0,0.0,0.0,0.0,0.0,0.0,0.0,0.0,0.0,0.0,0.0,0.0,0.2795818065642296,0.0,0.0,0.0,0.0,0.0,0.0,0.0,0.0,0.0,0.0,0.0,0.0,0.0,0.0,0.0,0.0,0.0,0.0,0.0,0.0,0.0,0.0,0.0,0.0,0.0,0.0,0.0,0.0,0.0,0.5120749443964415,0.0,0.0,0.0,0.0,0.0,0.0,0.0,0.0,0.0,0.0,0.0,0.0,0.0,0.0,0.0,0.0,0.0,0.0,0.0,0.0,0.0,0.0,0.0,0.0,0.0,0.0,0.0,0.0,0.0,0.0,0.0,0.0,0.2654930441248813,0.0,0.0,0.0,0.24290546491764006,0.0,0.0,0.0,0.0,0.0,0.0,0.0,0.0,0.0,0.0,0.0,0.0,0.0,0.0,0.0,0.0,0.0,0.0,0.0,0.3418370158162971,0.0,0.0,0.0,0.0,0.0,0.0,0.0,0.0,0.0,0.0,0.0,0.0,0.0,0.0,0.0,0.0,0.3489414861097812,0.0,0.0,0.0,0.0,0.0,0.0,0.0,0.0,0.0,0.0,0.0,0.0,0.0,0.0,0.0,0.0,0.0,0.0,0.0,0.0,0.0,0.0,0.0,0.0,0.0,0.5399175282239114,0.0,0.0,0.0,0.0,0.0,0.0,0.0,0.0,0.0,0.0,0.0,0.0,0.0,0.0,0.0,0.0,0.0,0.0
f25a3e2bbaa9bed0210adf5bff0bc5d76fbf44e09ae4bc22e40473814a6ebad1,0.0,0.0,0.0,0.0,0.0,0.0,0.0,0.0,0.0,0.0,0.0,0.0,0.0,0.0,0.0,0.0,0.0,0.5403609412194295,0.0,0.0,0.0,0.0,0.0,0.0,0.0,0.0,0.0,0.0,0.0,0.0,0.0,0.0,0.0,0.0,0.0,0.0,0.0,0.0,0.0,0.0,0.0,0.0,0.0,0.0,0.0,0.0,0.0,0.0,0.0,0.0,0.0,0.0,0.0,0.0,0.0,0.0,0.0,0.0,0.0,0.0,0.4006040687275722,0.0,0.0,0.0,0.0,0.0,0.0,0.0,0.0,0.0,0.0,0.0,0.0,0.0,0.0,0.0,0.0,0.0,0.0,0.0,0.0,0.0,0.0,0.0,0.0,0.0,0.0,0.0,0.0,0.0,0.0,0.0,0.0,0.0,0.0,0.0,0.0,0.0,0.0,0.33754511734082976,0.0,0.0,0.36979873423940707,0.0,0.0,0.0,0.44162079268259835,0.0,0.0,0.0,0.0,0.0,0.0,0.0,0.0,0.0,0.0,0.3190763211334527,0.0,0.0,0.0,0.0,0.0,0.0,0.0,0.0,0.0,0.0,0.0,0.0,0.0,0.0,0.0,0.0,0.0,0.0,0.0,0.0,0.0,0.0,0.0,0.0,0.0,0.0,0.0,0.0,0.0,0.0,0.0,0.0,0.0,0.0,0.0,0.0,0.0,0.0,0.0,0.0,0.0,0.0,0.0
f42bcc81c05e8944649958f8b9296c5523d1eb8ab00842d66530702e476561ef,0.0,0.0,0.0,0.0,0.0,0.0,0.0,0.0,0.0,0.0,0.0,0.3543876886903427,0.0,0.0,0.0,0.0,0.0,0.0,0.0,0.0,0.0,0.0,0.0,0.0,0.0,0.0,0.2770914279010079,0.0,0.0,0.0,0.0,0.0,0.0,0.0,0.0,0.0,0.0,0.0,0.0,0.0,0.0,0.0,0.0,0.0,0.2559917573752572,0.0,0.0,0.0,0.0,0.0,0.0,0.0,0.0,0.0,0.0,0.0,0.0,0.0,0.2548551762739561,0.0,0.0,0.0,0.0,0.0,0.0,0.0,0.0,0.0,0.0,0.0,0.0,0.0,0.0,0.0,0.0,0.1253196516559383,0.0,0.21324479697743012,0.0,0.11465772426973189,0.0,0.0,0.0,0.0,0.0,0.0,0.0,0.0,0.0,0.0,0.0,0.0,0.0,0.0,0.0,0.0,0.0,0.0,0.0,0.16135600044215653,0.0,0.0,0.17677413080513563,0.0,0.0,0.0,0.0,0.0,0.0,0.0,0.0,0.0,0.0,0.0,0.0,0.0,0.16470949599347728,0.15252739965397039,0.16752653781242957,0.14849936514250764,0.17726165928631818,0.0,0.0,0.0,0.0,0.0,0.2392940690147792,0.0,0.0,0.0,0.0,0.0,0.0,0.18924742468389708,0.0,0.0,0.0,0.0,0.47640958596856425,0.0,0.0,0.0,0.2548551762739561,0.0,0.0,0.1364219334533549,0.0,0.0,0.0,0.0,0.0,0.0,0.0,0.0,0.0,0.0,0.0,0.0,0.0,0.0,0.0
f51fc0ab96d1aee49950b8ca91ef67c330b8593340cc3002513100ac9bf163b0,0.0,0.0,0.0,0.0,0.0,0.0,0.0,0.0,0.0,0.0,0.0,0.0,0.17264275327875292,0.0,0.0,0.0,0.0,0.0,0.0,0.0,0.0,0.0,0.0,0.0,0.0,0.0,0.0,0.0,0.0,0.0,0.0,0.0,0.0,0.0,0.0,0.0,0.0,0.0,0.0,0.0,0.0,0.0,0.0,0.0,0.0,0.0,0.0,0.0,0.0,0.0,0.0,0.0,0.0,0.0,0.0,0.0,0.0,0.0,0.0,0.0,0.0,0.0,0.0,0.0,0.0,0.0,0.0,0.28231274230097547,0.0,0.0,0.0,0.0,0.0,0.0,0.0,0.16394289269873127,0.0,0.0,0.0,0.0,0.0,0.0,0.0,0.0,0.0,0.0,0.0,0.0,0.0,0.0,0.0,0.0,0.0,0.0,0.0,0.0,0.0,0.0,0.0,0.21108556493127958,0.0,0.0,0.2312555291652422,0.0,0.0,0.0,0.0,0.0,0.0,0.0,0.0,0.0,0.0,0.0,0.0,0.0,0.21547260043665475,0.0,0.21915784834909138,0.19426654290603615,0.0,0.0,0.0,0.0,0.0,0.0,0.0,0.0,0.0,0.0,0.0,0.0,0.0,0.24757306478670854,0.756366294584885,0.0,0.0,0.0,0.0,0.0,0.0,0.0,0.0,0.0,0.0,0.0,0.0,0.0,0.0,0.0,0.0,0.0,0.0,0.0,0.0,0.0,0.0,0.0,0.0,0.0,0.0
f764d5514f356016a48f87911dc41ba77706527c90263c9edb925dcab757c156,0.0,0.0,0.0,0.0,0.0,0.0,0.0,0.0,0.0,0.0,0.0,0.0,0.28869013144475064,0.0,0.0,0.0,0.0,0.0,0.0,0.0,0.0,0.0,0.0,0.0,0.0,0.0,0.0,0.0,0.0,0.0,0.0,0.0,0.0,0.0,0.0,0.0,0.0,0.0,0.0,0.0,0.0,0.0,0.0,0.0,0.0,0.0,0.0,0.6030324849751583,0.0,0.0,0.0,0.0,0.0,0.0,0.0,0.0,0.0,0.0,0.0,0.0,0.0,0.0,0.0,0.0,0.0,0.0,0.0,0.0,0.0,0.0,0.0,0.0,0.0,0.0,0.0,0.2741423798206658,0.0,0.0,0.0,0.0,0.0,0.0,0.0,0.0,0.0,0.0,0.0,0.0,0.0,0.0,0.0,0.0,0.0,0.0,0.0,0.0,0.0,0.0,0.0,0.0,0.0,0.0,0.3867013694125058,0.0,0.0,0.0,0.0,0.0,0.0,0.0,0.0,0.0,0.0,0.0,0.0,0.0,0.36030943761863427,0.0,0.0,0.0,0.0,0.0,0.0,0.0,0.0,0.0,0.0,0.0,0.0,0.0,0.0,0.0,0.0,0.0,0.0,0.0,0.0,0.0,0.0,0.0,0.0,0.0,0.0,0.44552771598947244,0.0,0.0,0.0,0.0,0.0,0.0,0.0,0.0,0.0,0.0,0.0,0.0,0.0,0.0,0.0,0.0,0.0
f03172bd32ed16df6dda8e8146d24b073b864da59d669218fcc5e97835a5e956,0.0,0.19924585542708692,0.23464269924139675,0.0,0.0,0.0,0.0,0.0,0.0,0.0,0.0,0.0,0.09315707254941781,0.0,0.0,0.0,0.0,0.18233839738708776,0.0,0.0,0.0,0.1361928736940225,0.0,0.0,0.0,0.0,0.0,0.0,0.0,0.0,0.0,0.0,0.0,0.0,0.0,0.0,0.0,0.0,0.0,0.0,0.0,0.0,0.0,0.0,0.0,0.28278864244828533,0.0,0.19459182990201243,0.0,0.0,0.22060685910659367,0.0,0.2674331128434991,0.0,0.0,0.0,0.0,0.0,0.0,0.0,0.1351790966121476,0.0,0.0,0.1888608080919935,0.1799013210679081,0.0,0.0,0.0,0.0,0.0,0.0,0.2954839823354716,0.0,0.0,0.0,0.08846267601187927,0.0,0.0,0.0,0.08093646112406867,0.0,0.0,0.0,0.0,0.2931894552595179,0.27381742991319025,0.0,0.0,0.0,0.0,0.0,0.0,0.0,0.0,0.0,0.0,0.0,0.0,0.0,0.0,0.0,0.0,0.0,0.0,0.0,0.0,0.14901970414227442,0.0,0.0,0.0,0.0,0.0,0.0,0.0,0.18705690577247017,0.0,0.0,0.1076685241319392,0.118256359972818,0.10482514955146642,0.12512834601412368,0.0,0.204256696084217,0.2790512074107977,0.0,0.0,0.0,0.0,0.0,0.0,0.0,0.0,0.0,0.0,0.0,0.0,0.0,0.0,0.0,0.0,0.0,0.0,0.0,0.0,0.0,0.09629973544078577,0.0,0.0,0.0,0.0,0.0,0.0,0.0,0.0,0.13976224872204995,0.0,0.0,0.0,0.0,0.0,0.0
f229475cf917150e0b13b02f20f1921fe047cd1527a0556b94807c72cebdfc97,0.0,0.0,0.0,0.0,0.0,0.0,0.0,0.0,0.0,0.0,0.0,0.0,0.0,0.0,0.0,0.0,0.0,0.0,0.0,0.0,0.0,0.0,0.0,0.0,0.0,0.0,0.0,0.0,0.0,0.0,0.0,0.0,0.0,0.0,0.3467582886555867,0.0,0.0,0.0,0.0,0.0,0.0,0.0,0.0,0.0,0.0,0.0,0.0,0.0,0.0,0.0,0.0,0.0,0.0,0.0,0.0,0.0,0.0,0.0,0.0,0.0,0.30770774748632646,0.0,0.0,0.42990325651586275,0.0,0.0,0.0,0.3467582886555867,0.0,0.0,0.0,0.0,0.0,0.0,0.0,0.20136730792282806,0.0,0.0,0.0,0.18423540892167625,0.0,0.0,0.0,0.0,0.0,0.0,0.0,0.0,0.0,0.0,0.0,0.0,0.0,0.0,0.0,0.0,0.0,0.0,0.0,0.0,0.0,0.0,0.0,0.0,0.0,0.0,0.33921307836715797,0.0,0.0,0.0,0.0,0.0,0.0,0.0,0.0,0.0,0.0,0.24508551888664556,0.0,0.0,0.28482925588093955,0.0,0.0,0.0,0.0,0.0,0.0,0.0,0.0,0.0,0.0,0.0,0.0,0.0,0.0,0.0,0.0,0.0,0.0,0.0,0.0,0.0,0.0,0.0,0.0,0.21920678136378746,0.0,0.0,0.0,0.0,0.0,0.0,0.0,0.0,0.31814036205077767,0.0,0.0,0.0,0.0,0.0,0.0
fa0a5c7a162480d0bc13a372721cf042c42c356a140ee62174a6d151dac5ab61,0.0,0.0,0.0,0.0,0.0,0.0,0.0,0.0,0.0,0.0,0.0,0.0,0.0,0.0,0.0,0.0,0.0,0.0,0.0,0.0,0.6083091848026779,0.0,0.0,0.0,0.0,0.0,0.0,0.0,0.0,0.0,0.0,0.0,0.0,0.0,0.3523125361331296,0.0,0.0,0.0,0.0,0.0,0.0,0.0,0.0,0.37302519890561797,0.0,0.0,0.0,0.0,0.0,0.0,0.0,0.0,0.0,0.0,0.0,0.0,0.0,0.0,0.0,0.0,0.0,0.0,0.0,0.0,0.0,0.0,0.0,0.3523125361331296,0.0,0.0,0.0,0.0,0.0,0.0,0.0,0.0,0.0,0.0,0.0,0.0,0.0,0.0,0.0,0.0,0.0,0.0,0.0,0.0,0.0,0.0,0.0,0.0,0.0,0.0,0.0,0.0,0.0,0.0,0.0,0.0,0.0,0.0,0.0,0.0,0.0,0.0,0.0,0.0,0.0,0.0,0.0,0.0,0.0,0.0,0.0,0.0,0.26889929837494275,0.0,0.2734983080679791,0.0,0.0,0.0,0.0,0.0,0.0,0.0,0.0,0.0,0.0,0.0,0.0,0.0,0.0,0.3089591125868055,0.0,0.0,0.0,0.0,0.0,0.0,0.0,0.0,0.0,0.0,0.0,0.0,0.0,0.0,0.0,0.0,0.0,0.0,0.0,0.0,0.0,0.0,0.0,0.0,0.0,0.0,0.0
fc585c35ed8447330db52c257078c7086aca4471bb756cecbf7535fa213915bd,0.0,0.22473315037055597,0.0,0.0,0.0,0.0,0.0,0.0,0.0,0.0,0.1613850100267943,0.28216124539722415,0.10507361545088875,0.0,0.0,0.0,0.0,0.0,0.0,0.0,0.0,0.15361450554477105,0.0,0.0,0.0,0.0,0.0,0.0,0.0,0.0,0.0,0.0,0.0,0.0,0.0,0.0,0.0,0.0,0.0,0.0,0.0,0.3033782527308271,0.0,0.18192227448561227,0.20381902469400018,0.0,0.0,0.0,0.0,0.0,0.0,0.0,0.0,0.0,0.0,0.293530101567165,0.32343379385821996,0.0,0.0,0.0,0.0,0.0,0.0,0.0,0.0,0.0,0.0,0.0,0.0,0.0,0.0,0.0,0.0,0.0,0.0,0.09977871724229975,0.0,0.0,0.0,0.09128975781838634,0.0,0.0,0.0,0.0,0.0,0.0,0.0,0.0,0.0,0.0,0.0,0.0,0.0,0.0,0.0,0.0,0.0,0.0,0.0,0.12847063114784385,0.0,0.0,0.14074644942187037,0.0,0.0,0.0,0.16808212902293923,0.0,0.0,0.0,0.0,0.0,0.0,0.3051554852299447,0.0,0.0,0.13114066318166404,0.12144135481289141,0.13338357413297017,0.11823425910802218,0.14113461652757728,0.0,0.0,0.0,0.16587217851674144,0.0,0.19052443040248127,0.0,0.0,0.0,0.0,0.0,0.0,0.0,0.0,0.0,0.0,0.0,0.0,0.0,0.0,0.0,0.20291408598062885,0.0,0.0,0.10861828407456416,0.22473315037055597,0.0,0.0,0.0,0.0,0.0,0.0,0.0,0.15764047081859403,0.0,0.0,0.0,0.0,0.0,0.0
b8ab74dd84edb28eb65b60019e3420a82747b46e1d10d016dbf74fee5edb7ecb,0.0,0.0,0.0,0.0,0.0,0.0,0.0,0.0,0.0,0.0,0.0,0.0,0.0,0.0,0.0,0.0,0.0,0.0,0.0,0.0,0.0,0.0,0.0,0.0,0.0,0.0,0.0,0.0,0.0,0.0,0.0,0.0,0.0,0.0,0.2715573136059267,0.0,0.0,0.0,0.0,0.0,0.0,0.0,0.3041613283773241,0.2875223289921434,0.0,0.0,0.0,0.0,0.0,0.0,0.0,0.0,0.0,0.0,0.0,0.0,0.0,0.0,0.0,0.0,0.0,0.0,0.0,0.0,0.0,0.0,0.0,0.0,0.0,0.0,0.0,0.0,0.0,0.0,0.0,0.15769706731334573,0.0,0.0,0.0,0.144280538792115,0.0,0.0,0.0,0.0,0.0,0.0,0.0,0.0,0.346000689881561,0.0,0.0,0.0,0.0,0.0,0.0,0.0,0.0,0.0,0.0,0.20304371841854915,0.0,0.0,0.0,0.0,0.0,0.0,0.0,0.0,0.0,0.0,0.0,0.0,0.0,0.0,0.0,0.0,0.20726361854357933,0.0,0.2108084674757123,0.18686546021656986,0.0,0.0,0.0,0.0,0.0,0.0,0.0,0.0,0.0,0.0,0.0,0.0,0.0,0.23814113329319717,0.0,0.0,0.0,0.0,0.0,0.0,0.0,0.0,0.0,0.0,0.0,0.1716677196157133,0.3551835473637623,0.38434085267465806,0.0,0.0,0.0,0.0,0.0,0.0,0.24914571589068835,0.0,0.0,0.0,0.0,0.0,0.0
fe1b479880db7637fc96d334f216e5e966879a77fac1b85d1fd892a050fbe638,0.0,0.0,0.0,0.0,0.0,0.0,0.0,0.0,0.0,0.0,0.0,0.0,0.21685539193923542,0.0,0.0,0.0,0.0,0.42445585234522365,0.0,0.0,0.0,0.0,0.0,0.0,0.0,0.0,0.0,0.0,0.0,0.0,0.0,0.0,0.0,0.0,0.0,0.0,0.0,0.0,0.0,0.0,0.0,0.0,0.0,0.0,0.0,0.0,0.0,0.0,0.0,0.0,0.0,0.0,0.0,0.0,0.0,0.0,0.0,0.0,0.0,0.0,0.0,0.0,0.0,0.0,0.0,0.0,0.0,0.3546111216279638,0.0,0.0,0.0,0.0,0.0,0.0,0.0,0.0,0.0,0.0,0.0,0.1884076809082199,0.0,0.0,0.0,0.0,0.0,0.0,0.0,0.0,0.0,0.0,0.0,0.0,0.0,0.0,0.0,0.0,0.0,0.0,0.0,0.0,0.0,0.0,0.29047850235724726,0.0,0.0,0.0,0.3468950393573073,0.0,0.0,0.0,0.0,0.0,0.0,0.0,0.0,0.0,0.0,0.25063582786765687,0.27528268750189516,0.24401688748874586,0.0,0.0,0.0,0.0,0.0,0.0,0.0,0.0,0.0,0.0,0.0,0.0,0.0,0.3109748482244966,0.0,0.0,0.0,0.0,0.0,0.0,0.0,0.0,0.0,0.33466709439349,0.0,0.0,0.0,0.0,0.0,0.0,0.0,0.0,0.0,0.0,0.0,0.0,0.0,0.0,0.0,0.0,0.0
1f2c57feb6fcb80fe02d53778fa7c6b3bcba0319229fe9b9ff725a24d939c2b6,0.0,0.0,0.0,0.0,0.0,0.0,0.0,0.0,0.0,0.0,0.0,0.0,0.0,0.0,0.0,0.0,0.0,0.5403609412194295,0.0,0.0,0.0,0.0,0.0,0.0,0.0,0.0,0.0,0.0,0.0,0.0,0.0,0.0,0.0,0.0,0.0,0.0,0.0,0.0,0.0,0.0,0.0,0.0,0.0,0.0,0.0,0.0,0.0,0.0,0.0,0.0,0.0,0.0,0.0,0.0,0.0,0.0,0.0,0.0,0.0,0.0,0.4006040687275722,0.0,0.0,0.0,0.0,0.0,0.0,0.0,0.0,0.0,0.0,0.0,0.0,0.0,0.0,0.0,0.0,0.0,0.0,0.0,0.0,0.0,0.0,0.0,0.0,0.0,0.0,0.0,0.0,0.0,0.0,0.0,0.0,0.0,0.0,0.0,0.0,0.0,0.0,0.33754511734082976,0.0,0.0,0.36979873423940707,0.0,0.0,0.0,0.44162079268259835,0.0,0.0,0.0,0.0,0.0,0.0,0.0,0.0,0.0,0.0,0.3190763211334527,0.0,0.0,0.0,0.0,0.0,0.0,0.0,0.0,0.0,0.0,0.0,0.0,0.0,0.0,0.0,0.0,0.0,0.0,0.0,0.0,0.0,0.0,0.0,0.0,0.0,0.0,0.0,0.0,0.0,0.0,0.0,0.0,0.0,0.0,0.0,0.0,0.0,0.0,0.0,0.0,0.0,0.0,0.0
1f4bc361329e51a44c86b2d592d4cbaf74c90d7fedf7f8e6ef6f9776e5912106,0.0,0.0,0.0,0.0,0.0,0.0,0.0,0.0,0.0,0.0,0.0,0.0,0.0,0.0,0.0,0.0,0.0,0.0,0.0,0.0,0.0,0.0,0.0,0.0,0.0,0.0,0.0,0.0,0.0,0.0,0.0,0.0,0.0,0.0,0.31351530430796093,0.0,0.0,0.0,0.0,0.0,0.0,0.0,0.35115692580208674,0.0,0.0,0.0,0.0,0.0,0.0,0.0,0.0,0.0,0.0,0.0,0.0,0.0,0.0,0.0,0.0,0.0,0.27820845599717303,0.0,0.0,0.3886893398052955,0.0,0.0,0.0,0.31351530430796093,0.0,0.0,0.0,0.0,0.0,0.0,0.0,0.18206264965105162,0.0,0.0,0.0,0.16657314960321237,0.0,0.0,0.0,0.0,0.0,0.0,0.0,0.0,0.0,0.0,0.0,0.0,0.0,0.0,0.0,0.0,0.0,0.0,0.0,0.0,0.0,0.0,0.0,0.0,0.0,0.0,0.30669343738499366,0.0,0.0,0.0,0.0,0.0,0.0,0.0,0.0,0.0,0.0,0.22158968811712998,0.2433802277454124,0.0,0.25752327703409933,0.0,0.0,0.0,0.0,0.0,0.0,0.0,0.0,0.0,0.0,0.0,0.0,0.0,0.0,0.0,0.0,0.0,0.0,0.0,0.0,0.0,0.0,0.0,0.0,0.19819189047243338,0.0,0.0,0.0,0.0,0.0,0.0,0.0,0.0,0.28764091785001794,0.0,0.0,0.0,0.0,0.0,0.0
2a035af98048e744ace980d7cea7ab1a712366e1366f15c3cfd78639e3cc332d,0.0,0.0,0.0,0.0,0.0,0.0,0.0,0.0,0.0,0.0,0.0,0.0,0.0,0.0,0.0,0.0,0.0,0.0,0.0,0.0,0.0,0.0,0.0,0.0,0.0,0.0,0.0,0.0,0.0,0.0,0.0,0.0,0.0,0.0,0.3467582886555867,0.0,0.0,0.0,0.0,0.0,0.0,0.0,0.0,0.0,0.0,0.0,0.0,0.0,0.0,0.0,0.0,0.0,0.0,0.0,0.0,0.0,0.0,0.0,0.0,0.0,0.30770774748632646,0.0,0.0,0.42990325651586275,0.0,0.0,0.0,0.3467582886555867,0.0,0.0,0.0,0.0,0.0,0.0,0.0,0.20136730792282806,0.0,0.0,0.0,0.18423540892167625,0.0,0.0,0.0,0.0,0.0,0.0,0.0,0.0,0.0,0.0,0.0,0.0,0.0,0.0,0.0,0.0,0.0,0.0,0.0,0.0,0.0,0.0,0.0,0.0,0.0,0.0,0.33921307836715797,0.0,0.0,0.0,0.0,0.0,0.0,0.0,0.0,0.0,0.0,0.24508551888664556,0.0,0.0,0.28482925588093955,0.0,0.0,0.0,0.0,0.0,0.0,0.0,0.0,0.0,0.0,0.0,0.0,0.0,0.0,0.0,0.0,0.0,0.0,0.0,0.0,0.0,0.0,0.0,0.0,0.21920678136378746,0.0,0.0,0.0,0.0,0.0,0.0,0.0,0.0,0.31814036205077767,0.0,0.0,0.0,0.0,0.0,0.0
2b51d4d0fe3f4e627de64da3617cb9f62c9d3071fdb81c161a8fba567a207aff,0.0,0.0,0.0,0.0,0.0,0.0,0.0,0.0,0.0,0.0,0.0,0.0,0.0,0.0,0.0,0.0,0.0,0.0,0.0,0.0,0.0,0.0,0.0,0.0,0.0,0.0,0.0,0.0,0.0,0.0,0.0,0.0,0.0,0.0,0.3348389823578099,0.0,0.0,0.0,0.0,0.0,0.0,0.0,0.0,0.0,0.0,0.0,0.0,0.0,0.0,0.0,0.0,0.0,0.0,0.0,0.0,0.0,0.0,0.0,0.0,0.0,0.2971307461211728,0.0,0.0,0.41512596420457853,0.0,0.0,0.0,0.3348389823578099,0.0,0.0,0.0,0.0,0.0,0.0,0.0,0.1944456028042668,0.0,0.0,0.0,0.1779025876404675,0.0,0.0,0.0,0.0,0.0,0.0,0.0,0.0,0.0,0.0,0.0,0.0,0.0,0.0,0.0,0.0,0.0,0.0,0.0,0.0,0.0,0.0,0.0,0.0,0.0,0.0,0.3275531275785389,0.0,0.0,0.0,0.0,0.0,0.0,0.0,0.0,0.0,0.0,0.23666106454963334,0.2599336831870781,0.0,0.27503866902409657,0.0,0.0,0.0,0.0,0.0,0.0,0.0,0.0,0.0,0.0,0.0,0.0,0.0,0.0,0.0,0.0,0.0,0.0,0.0,0.0,0.0,0.0,0.0,0.0,0.2116718705769255,0.0,0.0,0.0,0.0,0.0,0.0,0.0,0.0,0.3072047549001288,0.0,0.0,0.0,0.0,0.0,0.0
2dcaca208625860f4eb114af4c4158368284eb99c994793d5ac66d3af654bf5f,0.0,0.0,0.0,0.0,0.0,0.0,0.0,0.0,0.0,0.0,0.0,0.0,0.0,0.0,0.0,0.0,0.0,0.5254573204434756,0.0,0.0,0.0,0.0,0.0,0.0,0.0,0.0,0.0,0.0,0.0,0.0,0.0,0.0,0.0,0.0,0.0,0.0,0.0,0.0,0.0,0.0,0.0,0.0,0.0,0.0,0.0,0.0,0.0,0.0,0.0,0.0,0.0,0.0,0.0,0.0,0.0,0.0,0.0,0.0,0.0,0.0,0.3895550630238172,0.0,0.0,0.0,0.0,0.0,0.0,0.0,0.0,0.0,0.0,0.0,0.0,0.0,0.0,0.0,0.0,0.0,0.0,0.23324026424421293,0.0,0.0,0.0,0.0,0.0,0.0,0.0,0.0,0.0,0.0,0.0,0.0,0.0,0.0,0.0,0.0,0.0,0.0,0.0,0.3282353318995098,0.0,0.0,0.35959936622791744,0.0,0.0,0.0,0.4294405103585936,0.0,0.0,0.0,0.0,0.0,0.0,0.0,0.0,0.0,0.0,0.3102759210193586,0.0,0.0,0.0,0.0,0.0,0.0,0.0,0.0,0.0,0.0,0.0,0.0,0.0,0.0,0.0,0.0,0.0,0.0,0.0,0.0,0.0,0.0,0.0,0.0,0.0,0.0,0.0,0.0,0.0,0.0,0.0,0.0,0.0,0.0,0.0,0.0,0.0,0.0,0.0,0.0,0.0,0.0,0.0
2dd2c201103ac3a5bf77ae7b30d0032ed215f59f883543c816e516ab454383fb,0.0,0.0,0.2862386104319185,0.0,0.31582038029040127,0.0,0.0,0.0,0.0,0.0,0.0,0.0,0.11364151147536058,0.0,0.0,0.0,0.0,0.0,0.0,0.0,0.0,0.0,0.0,0.0,0.0,0.0,0.0,0.0,0.0,0.0,0.0,0.0,0.0,0.0,0.0,0.0,0.0,0.0,0.0,0.0,0.0,0.0,0.0,0.0,0.0,0.0,0.0,0.0,0.0,0.0,0.26911640978634316,0.0,0.0,0.0,0.0,0.0,0.0,0.0,0.0,0.0,0.16490381716030275,0.0,0.0,0.0,0.0,0.0,0.0,0.0,0.0,0.0,0.0,0.0,0.0,0.0,0.0,0.0,0.0,0.0,0.0,0.09873369271803516,0.0,0.0,0.0,0.0,0.0,0.0,0.0,0.0,0.0,0.0,0.0,0.0,0.0,0.0,0.0,0.0,0.0,0.0,0.0,0.13894636290171575,0.0,0.0,0.0,0.0,0.0,0.0,0.18178785523080454,0.0,0.0,0.0,0.0,0.0,0.0,0.0,0.2281891103073361,0.2597213965469203,0.0,0.13134390643484614,0.0,0.1278752982425467,0.0,0.0,0.24917098655778716,0.0,0.17939770129223143,0.0,0.20606014317685667,0.0,0.0,0.0,0.0,0.0,0.0,0.0,0.0,0.0,0.0,0.0,0.0,0.0,0.3663696218088819,0.0,0.0,0.17537988844935093,0.0,0.0,0.0,0.26301115843241607,0.0,0.0,0.0,0.0,0.0,0.0,0.17049476499536376,0.0,0.0,0.30100657426299515,0.0,0.0,0.0
2e7447c239a5c4718568d6f728a8f6f71178bf299e699c945325564da2e6e8df,0.0,0.0,0.0,0.0,0.0,0.0,0.30532993936270836,0.0,0.0,0.0,0.0,0.0,0.11475391792345467,0.0,0.0,0.0,0.29615215977231035,0.22461038024732236,0.0,0.0,0.0,0.0,0.0,0.0,0.0,0.30259929746087894,0.0,0.0,0.0,0.0,0.0,0.0,0.0,0.0,0.0,0.0,0.0,0.0,0.0,0.0,0.0,0.0,0.0,0.0,0.0,0.0,0.0,0.0,0.0,0.2794275934351466,0.0,0.0,0.0,0.0,0.0,0.0,0.0,0.0,0.0,0.0,0.1665180166472941,0.3039530473412019,0.0,0.0,0.0,0.0,0.0,0.0,0.0,0.0,0.0,0.0,0.0,0.0,0.0,0.10897120727973969,0.0,0.0,0.0,0.0,0.0,0.0,0.0,0.0,0.0,0.0,0.0,0.0,0.23909203600532436,0.0,0.0,0.0,0.0,0.0,0.0,0.0,0.0,0.0,0.0,0.1403064717917194,0.0,0.0,0.15371324604818637,0.0,0.0,0.0,0.0,0.0,0.0,0.0,0.0,0.0,0.0,0.0,0.2304227926510083,0.2622637400310567,0.14322249058051997,0.13262959690604045,0.14567203814877797,0.12912703543321055,0.15413717451012926,0.0,0.0,0.0,0.0,0.0,0.0,0.0,0.0,0.0,0.0,0.0,0.2937111783690641,0.0,0.0,0.0,0.0,0.0,0.0,0.0,0.0,0.0,0.0,0.17709663540426432,0.0,0.11862515249134878,0.0,0.0,0.0,0.0,0.0,0.0,0.0,0.0,0.0,0.0,0.0,0.0,0.0,0.0,0.0
2f00cd865ea857a2d9d399385c408e99f9daaa1b6c193f2195393bd459524b3e,0.0,0.0,0.0,0.0,0.0,0.0,0.0,0.0,0.0,0.0,0.0,0.0,0.0,0.0,0.0,0.0,0.0,0.0,0.0,0.0,0.0,0.0,0.0,0.0,0.0,0.0,0.0,0.0,0.0,0.0,0.0,0.0,0.0,0.0,0.0,0.0,0.0,0.0,0.0,0.0,0.0,0.0,0.0,0.0,0.0,0.0,0.0,0.0,0.0,0.0,0.0,0.0,0.0,0.0,0.0,0.0,0.0,0.0,0.0,0.0,0.0,0.0,0.0,0.0,0.0,0.0,0.0,0.4484379824373487,0.0,0.0,0.0,0.0,0.0,0.0,0.0,0.0,0.0,0.0,0.0,0.23825863079055581,0.0,0.0,0.0,0.0,0.0,0.0,0.0,0.0,0.0,0.0,0.0,0.0,0.0,0.0,0.0,0.0,0.0,0.0,0.0,0.0,0.0,0.0,0.3673364584294371,0.0,0.0,0.0,0.0,0.0,0.0,0.0,0.0,0.0,0.0,0.0,0.0,0.0,0.0,0.3169517765249455,0.34811996988857624,0.30858152503433944,0.36834954210206167,0.0,0.0,0.0,0.0,0.0,0.0,0.0,0.0,0.0,0.0,0.0,0.0,0.39325595002871744,0.0,0.0,0.0,0.0,0.0,0.0,0.0,0.0,0.0,0.0,0.0,0.0,0.0,0.0,0.0,0.0,0.0,0.0,0.0,0.0,0.0,0.0,0.0,0.0,0.0,0.0,0.0
2f2e75affe9217c7211043936678fb1777e2db4a8f1986b8805ddb1e84e9e99b,0.0,0.0,0.0,0.0,0.32716209437058497,0.0,0.0,0.0,0.0,0.0,0.0,0.0,0.11772259557008653,0.0,0.0,0.0,0.0,0.0,0.0,0.0,0.0,0.0,0.0,0.0,0.0,0.0,0.0,0.0,0.0,0.0,0.0,0.0,0.0,0.0,0.0,0.0,0.0,0.0,0.0,0.0,0.0,0.0,0.0,0.0,0.0,0.0,0.0,0.0,0.0,0.0,0.2787808949322216,0.0,0.0,0.0,0.0,0.0,0.0,0.0,0.0,0.0,0.1708258287266345,0.0,0.0,0.0,0.0,0.0,0.0,0.0,0.0,0.0,0.0,0.0,0.0,0.0,0.0,0.0,0.0,0.0,0.0,0.10227940851971645,0.0,0.0,0.0,0.0,0.0,0.0,0.0,0.0,0.0,0.0,0.0,0.0,0.0,0.0,0.0,0.0,0.0,0.0,0.0,0.14393619262411572,0.0,0.0,0.0,0.0,0.0,0.0,0.18831620490659737,0.0,0.0,0.0,0.0,0.0,0.0,0.0,0.23638381782728005,0.2690484887929387,0.0,0.13606071740058767,0.0,0.13246754485200105,0.0,0.0,0.25811919339617156,0.0,0.18584021596727482,0.0,0.21346015715025718,0.0,0.0,0.0,0.0,0.0,0.0,0.0,0.0,0.0,0.0,0.0,0.0,0.0,0.3795266558622275,0.0,0.0,0.1816781157783727,0.0,0.12169397876675549,0.0,0.27245639232167757,0.0,0.0,0.0,0.0,0.0,0.0,0.17661755819499028,0.0,0.0,0.3118162962271297,0.0,0.0,0.0
9e1467ab8e370a976c0274bc5a901b0beab5864683a14c018d15d07cc7dd7720,0.0,0.0,0.0,0.0,0.0,0.0,0.0,0.0,0.0,0.0,0.2729120920269117,0.0,0.1776860205589869,0.0,0.0,0.0,0.0,0.0,0.0,0.0,0.0,0.25977168552979424,0.0,0.0,0.0,0.0,0.37307952312915,0.0,0.0,0.0,0.0,0.0,0.0,0.0,0.0,0.0,0.0,0.0,0.0,0.0,0.0,0.0,0.3254452076689939,0.0,0.3446706507307534,0.0,0.0,0.0,0.0,0.0,0.0,0.0,0.0,0.0,0.0,0.0,0.0,0.0,0.3431403430684662,0.0,0.0,0.0,0.0,0.0,0.0,0.0,0.0,0.0,0.0,0.0,0.0,0.0,0.0,0.0,0.0,0.1687320182824703,0.0,0.0,0.0,0.15437665978215398,0.0,0.0,0.0,0.0,0.0,0.0,0.0,0.0,0.0,0.0,0.0,0.0,0.0,0.0,0.0,0.0,0.0,0.0,0.0,0.0,0.0,0.0,0.0,0.0,0.0,0.0,0.0,0.0,0.0,0.0,0.0,0.0,0.0,0.0,0.0,0.0,0.0,0.0,0.0,0.19994148773213188,0.0,0.0,0.0,0.0,0.28050017309878694,0.0,0.0,0.0,0.0,0.0,0.0,0.0,0.0,0.2548052081196527,0.0,0.0,0.0,0.0,0.0,0.0,0.0,0.0,0.0,0.2742180569412857,0.0,0.18368027572226878,0.0,0.0,0.0,0.0,0.0,0.0,0.0,0.0,0.0,0.0,0.0,0.0,0.0,0.0,0.0
2f394d52b952eeea2fdc7b06629711193524d15f0b8b6d6765f02345c7185f99,0.0,0.0,0.0,0.0,0.0,0.0,0.0,0.0,0.0,0.0,0.19351420769349884,0.0,0.12599210695029386,0.0,0.0,0.0,0.0,0.0,0.0,0.0,0.0,0.18419671892568915,0.0,0.0,0.0,0.0,0.0,0.4170290451136716,0.0,0.0,0.0,0.0,0.0,0.0,0.0,0.0,0.0,0.0,0.0,0.0,0.0,0.3637760545350335,0.23076394688844087,0.21814011600605016,0.0,0.0,0.0,0.2631795308044055,0.0,0.0,0.0,0.0,0.0,0.0,0.0,0.0,0.0,0.0,0.0,0.0,0.0,0.0,0.0,0.0,0.0,0.0,0.0,0.0,0.0,0.0,0.0,0.0,0.0,0.0,0.3774082697806886,0.11964307842848312,0.2554284981338658,0.20358550021574112,0.0,0.1094641017268172,0.0,0.0,0.0,0.0,0.0,0.0,0.0,0.0,0.0,0.0,0.0,0.0,0.0,0.0,0.0,0.0,0.0,0.0,0.0,0.0,0.0,0.0,0.0,0.0,0.2870592052942066,0.0,0.0,0.0,0.0,0.0,0.0,0.0,0.0,0.0,0.0,0.0,0.1572486907413913,0.14561840380305463,0.0,0.0,0.0,0.0,0.0,0.0,0.0,0.0,0.0,0.0,0.0,0.0,0.0,0.0,0.0,0.1806751309523852,0.0,0.0,0.0,0.0,0.0,0.0,0.0,0.0,0.0,0.0,0.0,0.0,0.0,0.0,0.0,0.0,0.0,0.0,0.0,0.0,0.0,0.0,0.0,0.0,0.0,0.0,0.0
3a99fc405bc3f694acf862883caf95687ae32ba5002a7ac1aaf5931ec1895f86,0.0,0.0,0.0,0.0,0.0,0.0,0.0,0.0,0.0,0.0,0.0,0.0,0.0,0.0,0.0,0.0,0.0,0.0,0.0,0.0,0.0,0.0,0.0,0.0,0.0,0.0,0.0,0.0,0.0,0.0,0.0,0.0,0.0,0.0,0.3335630063933091,0.0,0.0,0.0,0.0,0.0,0.0,0.0,0.0,0.0,0.0,0.0,0.0,0.0,0.0,0.0,0.0,0.0,0.0,0.0,0.0,0.0,0.0,0.0,0.0,0.0,0.2959984655017088,0.0,0.0,0.4135440374264137,0.0,0.0,0.0,0.3335630063933091,0.0,0.0,0.0,0.0,0.0,0.0,0.0,0.1937046260104836,0.0,0.0,0.0,0.1772246515642876,0.0,0.0,0.0,0.0,0.0,0.0,0.0,0.0,0.0,0.0,0.0,0.0,0.0,0.0,0.0,0.0,0.0,0.0,0.0,0.0,0.0,0.0,0.273237009866158,0.0,0.0,0.0,0.3263049159308262,0.0,0.0,0.0,0.0,0.0,0.0,0.0,0.0,0.0,0.0,0.23575921665853025,0.0,0.0,0.27399057501630864,0.0,0.0,0.0,0.0,0.0,0.0,0.0,0.0,0.0,0.0,0.0,0.0,0.0,0.0,0.0,0.0,0.0,0.0,0.0,0.0,0.0,0.0,0.0,0.0,0.2108652493845087,0.0,0.0,0.0,0.0,0.0,0.0,0.0,0.0,0.3060340851033425,0.0,0.0,0.0,0.0,0.0,0.0
3a7696a5e89211d08152154477f7d2281cafd814e987f6d089a3ad1c76f24608,0.0,0.0,0.29399513429931473,0.0,0.3243785140580165,0.0,0.0,0.0,0.0,0.0,0.0,0.0,0.11672098106458036,0.0,0.0,0.0,0.0,0.0,0.0,0.0,0.0,0.0,0.0,0.0,0.0,0.0,0.0,0.0,0.0,0.0,0.0,0.0,0.0,0.0,0.0,0.0,0.0,0.0,0.0,0.0,0.0,0.0,0.0,0.0,0.0,0.0,0.0,0.0,0.0,0.0,0.27640895446599334,0.0,0.0,0.0,0.0,0.0,0.0,0.0,0.0,0.0,0.169372398081998,0.0,0.0,0.0,0.0,0.0,0.0,0.0,0.0,0.0,0.0,0.0,0.0,0.0,0.0,0.0,0.0,0.0,0.0,0.10140918867201569,0.0,0.0,0.0,0.0,0.0,0.0,0.0,0.0,0.0,0.0,0.0,0.0,0.0,0.0,0.0,0.0,0.0,0.0,0.0,0.1427115460071983,0.0,0.0,0.0,0.0,0.0,0.0,0.18671396158582362,0.0,0.0,0.0,0.0,0.0,0.0,0.0,0.0,0.2667593541730765,0.0,0.13490307737814297,0.0,0.1313404764774887,0.0,0.0,0.2559230480682235,0.0,0.18425903900530066,0.0,0.21164398253472183,0.0,0.0,0.0,0.0,0.0,0.0,0.0,0.0,0.0,0.0,0.0,0.0,0.0,0.37629754422145045,0.0,0.0,0.18013235104887937,0.0,0.0,0.0,0.27013826237095967,0.0,0.0,0.0,0.0,0.0,0.0,0.17511485000750504,0.0,0.0,0.30916328196218035,0.0,0.0,0.0
3b43751ed88e4d1f82cf52ca2d4477e3e35c35f08c1b4e3ab21c80720601e804,0.0,0.19180709218907246,0.2258824091894708,0.0,0.0,0.0,0.0,0.0,0.0,0.0,0.0,0.0,0.08967909101170274,0.0,0.0,0.0,0.0,0.17553086724070588,0.0,0.0,0.0,0.13110816796730598,0.0,0.0,0.0,0.0,0.0,0.0,0.0,0.0,0.0,0.0,0.0,0.40693966867754516,0.14664704790530228,0.0,0.0,0.0,0.0,0.0,0.0,0.0,0.0,0.0,0.0,0.0,0.0,0.0,0.0,0.0,0.21237059145596496,0.0,0.0,0.0,0.0,0.0,0.0,0.0,0.0,0.30563182376991355,0.13013223984179723,0.0,0.0,0.0,0.0,0.0,0.0,0.0,0.0,0.0,0.0,0.0,0.0,0.0,0.0,0.0,0.0,0.0,0.0,0.07791473115967786,0.0,0.0,0.0,0.0,0.0,0.0,0.0,0.0,0.0,0.0,0.0,0.0,0.0,0.0,0.0,0.0,0.0,0.0,0.0,0.0,0.0,0.0,0.0,0.0,0.0,0.0,0.14345611390077503,0.0,0.2941553922429184,0.0,0.0,0.0,0.0,0.0,0.18007321202840537,0.0,0.11192700868183583,0.10364876343233943,0.0,0.10091154508912333,0.12045672994277189,0.2780453836657221,0.1966308551416656,0.26863294370959556,0.0,0.0,0.0,0.0,0.2492265745123802,0.0,0.0,0.0,0.0,0.0,0.0,0.0,0.0,0.0,0.0,0.0,0.0,0.0,0.0,0.0,0.0,0.09270442385805837,0.0,0.20755269186355363,0.0,0.0,0.0,0.0,0.0,0.0,0.13454428182568823,0.0,0.0,0.0,0.0,0.0,0.0
03bb4d5c0179fdceacc5df7645e6e7fa93e931ac9beb1968c7bbe40ba3499194,0.0,0.0,0.0,0.0,0.0,0.0,0.0,0.0,0.0,0.0,0.0,0.0,0.0,0.0,0.0,0.0,0.0,0.5254573204434756,0.0,0.0,0.0,0.0,0.0,0.0,0.0,0.0,0.0,0.0,0.0,0.0,0.0,0.0,0.0,0.0,0.0,0.0,0.0,0.0,0.0,0.0,0.0,0.0,0.0,0.0,0.0,0.0,0.0,0.0,0.0,0.0,0.0,0.0,0.0,0.0,0.0,0.0,0.0,0.0,0.0,0.0,0.3895550630238172,0.0,0.0,0.0,0.0,0.0,0.0,0.0,0.0,0.0,0.0,0.0,0.0,0.0,0.0,0.0,0.0,0.0,0.0,0.23324026424421293,0.0,0.0,0.0,0.0,0.0,0.0,0.0,0.0,0.0,0.0,0.0,0.0,0.0,0.0,0.0,0.0,0.0,0.0,0.0,0.3282353318995098,0.0,0.0,0.35959936622791744,0.0,0.0,0.0,0.4294405103585936,0.0,0.0,0.0,0.0,0.0,0.0,0.0,0.0,0.0,0.0,0.3102759210193586,0.0,0.0,0.0,0.0,0.0,0.0,0.0,0.0,0.0,0.0,0.0,0.0,0.0,0.0,0.0,0.0,0.0,0.0,0.0,0.0,0.0,0.0,0.0,0.0,0.0,0.0,0.0,0.0,0.0,0.0,0.0,0.0,0.0,0.0,0.0,0.0,0.0,0.0,0.0,0.0,0.0,0.0,0.0
3bb9fb8e6f269e4312f10669b64636b8228ae92d2e60b7460de1003ea24a1b3a,0.0,0.0,0.0,0.0,0.0,0.0,0.0,0.0,0.0,0.0,0.0,0.0,0.0,0.0,0.0,0.0,0.0,0.0,0.0,0.0,0.0,0.0,0.0,0.0,0.0,0.0,0.0,0.0,0.0,0.0,0.0,0.0,0.0,0.0,0.3467582886555867,0.0,0.0,0.0,0.0,0.0,0.0,0.0,0.0,0.0,0.0,0.0,0.0,0.0,0.0,0.0,0.0,0.0,0.0,0.0,0.0,0.0,0.0,0.0,0.0,0.0,0.30770774748632646,0.0,0.0,0.42990325651586275,0.0,0.0,0.0,0.3467582886555867,0.0,0.0,0.0,0.0,0.0,0.0,0.0,0.20136730792282806,0.0,0.0,0.0,0.18423540892167625,0.0,0.0,0.0,0.0,0.0,0.0,0.0,0.0,0.0,0.0,0.0,0.0,0.0,0.0,0.0,0.0,0.0,0.0,0.0,0.0,0.0,0.0,0.0,0.0,0.0,0.0,0.33921307836715797,0.0,0.0,0.0,0.0,0.0,0.0,0.0,0.0,0.0,0.0,0.24508551888664556,0.0,0.0,0.28482925588093955,0.0,0.0,0.0,0.0,0.0,0.0,0.0,0.0,0.0,0.0,0.0,0.0,0.0,0.0,0.0,0.0,0.0,0.0,0.0,0.0,0.0,0.0,0.0,0.0,0.21920678136378746,0.0,0.0,0.0,0.0,0.0,0.0,0.0,0.0,0.31814036205077767,0.0,0.0,0.0,0.0,0.0,0.0
3bc8ce79ee7043c9ad70698e3fc2013806244dc5112c8c8d465e96757b57b1e1,0.0,0.21136817143186953,0.0,0.0,0.0,0.0,0.0,0.0,0.0,0.0,0.0,0.0,0.09882484149298693,0.0,0.0,0.0,0.0,0.0,0.0,0.0,0.0,0.14447898358062214,0.0,0.0,0.0,0.0,0.0,0.0,0.0,0.0,0.0,0.0,0.0,0.0,0.16160256645291782,0.3480743139182323,0.0,0.0,0.0,0.0,0.0,0.0,0.0,0.0,0.0,0.0,0.0,0.0,0.0,0.0,0.23402879981989158,0.0,0.0,0.0,0.0,0.0,0.0,0.0,0.0,0.33680110044082323,0.1434035272928308,0.0,0.0,0.0,0.0,0.0,0.0,0.0,0.0,0.0,0.0,0.0,0.0,0.0,0.0,0.0,0.0,0.0,0.0,0.08586071591447161,0.0,0.0,0.0,0.0,0.0,0.0,0.0,0.0,0.0,0.0,0.0,0.0,0.0,0.0,0.0,0.0,0.0,0.0,0.0,0.0,0.0,0.0,0.13237619639459539,0.0,0.0,0.0,0.0,0.0,0.3241542670065681,0.0,0.0,0.0,0.0,0.0,0.1984376339577073,0.0,0.0,0.1142191842221992,0.0,0.0,0.13274127903241711,0.3064013100337512,0.21668387661812694,0.29602896040093574,0.0,0.0,0.0,0.0,0.27464346977839,0.0,0.0,0.0,0.0,0.0,0.0,0.0,0.0,0.0,0.0,0.0,0.0,0.0,0.0,0.0,0.0,0.10215870712021106,0.0,0.2287195559573836,0.0,0.0,0.0,0.0,0.0,0.0,0.14826552293528808,0.0,0.0,0.0,0.0,0.0,0.0
3bf821f05397bc709a11c60b19c8e2311b1547dee86893c94f290878c8864193,0.0,0.0,0.0,0.0,0.0,0.0,0.0,0.0,0.0,0.0,0.0,0.0,0.0,0.0,0.0,0.0,0.0,0.0,0.0,0.0,0.0,0.0,0.0,0.0,0.0,0.0,0.0,0.0,0.0,0.0,0.0,0.0,0.0,0.0,0.3348389823578099,0.0,0.0,0.0,0.0,0.0,0.0,0.0,0.0,0.0,0.0,0.0,0.0,0.0,0.0,0.0,0.0,0.0,0.0,0.0,0.0,0.0,0.0,0.0,0.0,0.0,0.2971307461211728,0.0,0.0,0.41512596420457853,0.0,0.0,0.0,0.3348389823578099,0.0,0.0,0.0,0.0,0.0,0.0,0.0,0.1944456028042668,0.0,0.0,0.0,0.1779025876404675,0.0,0.0,0.0,0.0,0.0,0.0,0.0,0.0,0.0,0.0,0.0,0.0,0.0,0.0,0.0,0.0,0.0,0.0,0.0,0.0,0.0,0.0,0.0,0.0,0.0,0.0,0.3275531275785389,0.0,0.0,0.0,0.0,0.0,0.0,0.0,0.0,0.0,0.0,0.23666106454963334,0.2599336831870781,0.0,0.27503866902409657,0.0,0.0,0.0,0.0,0.0,0.0,0.0,0.0,0.0,0.0,0.0,0.0,0.0,0.0,0.0,0.0,0.0,0.0,0.0,0.0,0.0,0.0,0.0,0.0,0.2116718705769255,0.0,0.0,0.0,0.0,0.0,0.0,0.0,0.0,0.3072047549001288,0.0,0.0,0.0,0.0,0.0,0.0
3c4ad3e800eb1b6e313b86f527ffed41f34e46221da557d611b55bae2ba46588,0.0,0.0,0.0,0.0,0.0,0.0,0.0,0.0,0.0,0.0,0.0,0.0,0.0,0.0,0.0,0.0,0.0,0.5254573204434756,0.0,0.0,0.0,0.0,0.0,0.0,0.0,0.0,0.0,0.0,0.0,0.0,0.0,0.0,0.0,0.0,0.0,0.0,0.0,0.0,0.0,0.0,0.0,0.0,0.0,0.0,0.0,0.0,0.0,0.0,0.0,0.0,0.0,0.0,0.0,0.0,0.0,0.0,0.0,0.0,0.0,0.0,0.3895550630238172,0.0,0.0,0.0,0.0,0.0,0.0,0.0,0.0,0.0,0.0,0.0,0.0,0.0,0.0,0.0,0.0,0.0,0.0,0.23324026424421293,0.0,0.0,0.0,0.0,0.0,0.0,0.0,0.0,0.0,0.0,0.0,0.0,0.0,0.0,0.0,0.0,0.0,0.0,0.0,0.3282353318995098,0.0,0.0,0.35959936622791744,0.0,0.0,0.0,0.4294405103585936,0.0,0.0,0.0,0.0,0.0,0.0,0.0,0.0,0.0,0.0,0.3102759210193586,0.0,0.0,0.0,0.0,0.0,0.0,0.0,0.0,0.0,0.0,0.0,0.0,0.0,0.0,0.0,0.0,0.0,0.0,0.0,0.0,0.0,0.0,0.0,0.0,0.0,0.0,0.0,0.0,0.0,0.0,0.0,0.0,0.0,0.0,0.0,0.0,0.0,0.0,0.0,0.0,0.0,0.0,0.0
3d34a1dd4ce728dace0214592dde9e6594b8b5747fb3844981b71b2ca601d98a,0.0,0.0,0.0,0.0,0.0,0.0,0.0,0.0,0.0,0.0,0.0,0.0,0.0,0.0,0.0,0.0,0.0,0.0,0.0,0.0,0.0,0.0,0.0,0.0,0.0,0.0,0.0,0.0,0.0,0.0,0.0,0.0,0.0,0.0,0.3467582886555867,0.0,0.0,0.0,0.0,0.0,0.0,0.0,0.0,0.0,0.0,0.0,0.0,0.0,0.0,0.0,0.0,0.0,0.0,0.0,0.0,0.0,0.0,0.0,0.0,0.0,0.30770774748632646,0.0,0.0,0.42990325651586275,0.0,0.0,0.0,0.3467582886555867,0.0,0.0,0.0,0.0,0.0,0.0,0.0,0.20136730792282806,0.0,0.0,0.0,0.18423540892167625,0.0,0.0,0.0,0.0,0.0,0.0,0.0,0.0,0.0,0.0,0.0,0.0,0.0,0.0,0.0,0.0,0.0,0.0,0.0,0.0,0.0,0.0,0.0,0.0,0.0,0.0,0.33921307836715797,0.0,0.0,0.0,0.0,0.0,0.0,0.0,0.0,0.0,0.0,0.24508551888664556,0.0,0.0,0.28482925588093955,0.0,0.0,0.0,0.0,0.0,0.0,0.0,0.0,0.0,0.0,0.0,0.0,0.0,0.0,0.0,0.0,0.0,0.0,0.0,0.0,0.0,0.0,0.0,0.0,0.21920678136378746,0.0,0.0,0.0,0.0,0.0,0.0,0.0,0.0,0.31814036205077767,0.0,0.0,0.0,0.0,0.0,0.0
9fb87f7f5f15f6706b0b832d6382a43c6cf325b857af0332f5ec9f1988fc233a,0.0,0.0,0.0,0.0,0.0,0.0,0.0,0.0,0.0,0.0,0.23812787400907254,0.0,0.15503891382237306,0.0,0.0,0.0,0.0,0.0,0.0,0.0,0.0,0.22666228800467875,0.0,0.0,0.0,0.0,0.3255283890839933,0.0,0.0,0.0,0.0,0.0,0.0,0.0,0.0,0.0,0.0,0.0,0.0,0.0,0.0,0.0,0.0,0.0,0.3007403910990667,0.0,0.0,0.3238541650255467,0.0,0.0,0.0,0.0,0.0,0.0,0.0,0.0,0.0,0.0,0.29940512996243546,0.0,0.0,0.0,0.0,0.0,0.0,0.0,0.0,0.0,0.0,0.0,0.0,0.0,0.0,0.0,0.0,0.1472261507082746,0.0,0.0,0.0,0.13470046533123642,0.0,0.0,0.0,0.0,0.0,0.0,0.0,0.0,0.0,0.0,0.0,0.0,0.0,0.0,0.0,0.0,0.0,0.0,0.0,0.0,0.0,0.0,0.0,0.0,0.35323917084016654,0.0,0.0,0.0,0.0,0.0,0.0,0.0,0.0,0.0,0.0,0.0,0.0,0.0,0.0,0.17445779351971208,0.0,0.0,0.0,0.0,0.24474881044334365,0.0,0.0,0.0,0.0,0.0,0.0,0.0,0.0,0.22232881674582936,0.0,0.0,0.0,0.0,0.0,0.0,0.0,0.0,0.29940512996243546,0.23926738617315668,0.0,0.16026916664004395,0.0,0.0,0.0,0.0,0.0,0.0,0.0,0.0,0.0,0.0,0.0,0.0,0.0,0.0,0.0
3e6fbc358e0204cb67a41b05771fac74f1b49737c7ab7138e415c7e9628ef545,0.0,0.2837033862647142,0.3341044570005509,0.0,0.0,0.0,0.0,0.0,0.0,0.0,0.0,0.0,0.0,0.0,0.0,0.0,0.0,0.0,0.0,0.0,0.0,0.0,0.0,0.0,0.0,0.0,0.0,0.0,0.0,0.0,0.0,0.0,0.0,0.0,0.0,0.0,0.0,0.0,0.0,0.0,0.0,0.0,0.24294931302953843,0.0,0.0,0.0,0.0,0.0,0.0,0.0,0.0,0.0,0.0,0.0,0.0,0.0,0.0,0.0,0.0,0.0,0.1924796246268998,0.0,0.0,0.0,0.0,0.0,0.0,0.0,0.0,0.0,0.0,0.0,0.0,0.0,0.0,0.0,0.0,0.0,0.0,0.11524429476317763,0.0,0.0,0.0,0.0,0.0,0.3898848079833752,0.0,0.0,0.0,0.0,0.0,0.0,0.0,0.0,0.0,0.0,0.0,0.0,0.0,0.0,0.0,0.0,0.17767847885316487,0.0,0.0,0.0,0.0,0.0,0.0,0.0,0.0,0.0,0.0,0.0,0.2663477113644132,0.0,0.0,0.15330770532154628,0.0,0.1492590640327726,0.17816850145171806,0.0,0.2908382521790566,0.39733711054617893,0.0,0.0,0.0,0.0,0.0,0.0,0.0,0.0,0.0,0.0,0.0,0.0,0.0,0.0,0.0,0.0,0.0,0.0,0.2561589744040545,0.0,0.0,0.13711984614377518,0.0,0.0,0.0,0.0,0.0,0.0,0.0,0.0,0.19900551080183904,0.0,0.0,0.0,0.0,0.0,0.0
3e74bf12b68d17b563160b6091c8d84d28cf08f163cafca77152c7a29edfba00,0.0,0.0,0.0,0.0,0.0,0.0,0.0,0.0,0.0,0.0,0.0,0.0,0.0,0.0,0.0,0.0,0.0,0.0,0.0,0.0,0.0,0.0,0.0,0.0,0.0,0.0,0.0,0.0,0.0,0.0,0.0,0.0,0.0,0.0,0.3348389823578099,0.0,0.0,0.0,0.0,0.0,0.0,0.0,0.0,0.0,0.0,0.0,0.0,0.0,0.0,0.0,0.0,0.0,0.0,0.0,0.0,0.0,0.0,0.0,0.0,0.0,0.2971307461211728,0.0,0.0,0.41512596420457853,0.0,0.0,0.0,0.3348389823578099,0.0,0.0,0.0,0.0,0.0,0.0,0.0,0.1944456028042668,0.0,0.0,0.0,0.1779025876404675,0.0,0.0,0.0,0.0,0.0,0.0,0.0,0.0,0.0,0.0,0.0,0.0,0.0,0.0,0.0,0.0,0.0,0.0,0.0,0.0,0.0,0.0,0.0,0.0,0.0,0.0,0.3275531275785389,0.0,0.0,0.0,0.0,0.0,0.0,0.0,0.0,0.0,0.0,0.23666106454963334,0.2599336831870781,0.0,0.27503866902409657,0.0,0.0,0.0,0.0,0.0,0.0,0.0,0.0,0.0,0.0,0.0,0.0,0.0,0.0,0.0,0.0,0.0,0.0,0.0,0.0,0.0,0.0,0.0,0.0,0.2116718705769255,0.0,0.0,0.0,0.0,0.0,0.0,0.0,0.0,0.3072047549001288,0.0,0.0,0.0,0.0,0.0,0.0
3f88affd9a69bad96f8152c87654aed50cc7a49247f154d503cacbdcd53ba825,0.0,0.0,0.0,0.0,0.0,0.0,0.0,0.0,0.0,0.0,0.0,0.0,0.0,0.0,0.0,0.0,0.0,0.5403609412194295,0.0,0.0,0.0,0.0,0.0,0.0,0.0,0.0,0.0,0.0,0.0,0.0,0.0,0.0,0.0,0.0,0.0,0.0,0.0,0.0,0.0,0.0,0.0,0.0,0.0,0.0,0.0,0.0,0.0,0.0,0.0,0.0,0.0,0.0,0.0,0.0,0.0,0.0,0.0,0.0,0.0,0.0,0.4006040687275722,0.0,0.0,0.0,0.0,0.0,0.0,0.0,0.0,0.0,0.0,0.0,0.0,0.0,0.0,0.0,0.0,0.0,0.0,0.0,0.0,0.0,0.0,0.0,0.0,0.0,0.0,0.0,0.0,0.0,0.0,0.0,0.0,0.0,0.0,0.0,0.0,0.0,0.0,0.33754511734082976,0.0,0.0,0.36979873423940707,0.0,0.0,0.0,0.44162079268259835,0.0,0.0,0.0,0.0,0.0,0.0,0.0,0.0,0.0,0.0,0.3190763211334527,0.0,0.0,0.0,0.0,0.0,0.0,0.0,0.0,0.0,0.0,0.0,0.0,0.0,0.0,0.0,0.0,0.0,0.0,0.0,0.0,0.0,0.0,0.0,0.0,0.0,0.0,0.0,0.0,0.0,0.0,0.0,0.0,0.0,0.0,0.0,0.0,0.0,0.0,0.0,0.0,0.0,0.0,0.0
3f82673c5bebf4a1c2595cb052286fac41ac41d8280b3e15d098e764c98f2dcc,0.0,0.0,0.0,0.0,0.0,0.0,0.0,0.0,0.0,0.0,0.0,0.0,0.0,0.0,0.0,0.0,0.0,0.0,0.0,0.0,0.0,0.0,0.0,0.0,0.0,0.0,0.0,0.0,0.0,0.0,0.0,0.0,0.0,0.0,0.32291273867878467,0.0,0.0,0.0,0.0,0.0,0.0,0.0,0.0,0.0,0.0,0.0,0.0,0.0,0.0,0.0,0.0,0.0,0.0,0.0,0.0,0.0,0.0,0.0,0.0,0.0,0.2865475886350921,0.0,0.0,0.4003400710814667,0.0,0.0,0.0,0.32291273867878467,0.0,0.0,0.0,0.0,0.0,0.0,0.0,0.18751986905299006,0.0,0.0,0.0,0.1715660804739809,0.0,0.0,0.0,0.0,0.0,0.0,0.0,0.0,0.0,0.0,0.0,0.0,0.0,0.0,0.0,0.0,0.0,0.0,0.0,0.0,0.0,0.0,0.2645128790458492,0.0,0.0,0.0,0.3158863903610843,0.0,0.0,0.0,0.0,0.0,0.0,0.0,0.0,0.0,0.0,0.22823170693636616,0.250675405001407,0.0,0.2652423837623318,0.0,0.0,0.0,0.0,0.0,0.0,0.0,0.0,0.0,0.0,0.0,0.0,0.0,0.0,0.0,0.0,0.0,0.0,0.0,0.0,0.0,0.0,0.0,0.0,0.204132574253901,0.0,0.0,0.0,0.0,0.0,0.0,0.0,0.0,0.29626278290960645,0.0,0.0,0.0,0.0,0.0,0.0
4ae6519e0d6a7aaf9b684497763257e3a752ef0b31b4ba31afb9aecd1af59d9a,0.0,0.0,0.0,0.0,0.0,0.0,0.0,0.0,0.0,0.0,0.0,0.0,0.0,0.0,0.0,0.0,0.0,0.5403609412194295,0.0,0.0,0.0,0.0,0.0,0.0,0.0,0.0,0.0,0.0,0.0,0.0,0.0,0.0,0.0,0.0,0.0,0.0,0.0,0.0,0.0,0.0,0.0,0.0,0.0,0.0,0.0,0.0,0.0,0.0,0.0,0.0,0.0,0.0,0.0,0.0,0.0,0.0,0.0,0.0,0.0,0.0,0.4006040687275722,0.0,0.0,0.0,0.0,0.0,0.0,0.0,0.0,0.0,0.0,0.0,0.0,0.0,0.0,0.0,0.0,0.0,0.0,0.0,0.0,0.0,0.0,0.0,0.0,0.0,0.0,0.0,0.0,0.0,0.0,0.0,0.0,0.0,0.0,0.0,0.0,0.0,0.0,0.33754511734082976,0.0,0.0,0.36979873423940707,0.0,0.0,0.0,0.44162079268259835,0.0,0.0,0.0,0.0,0.0,0.0,0.0,0.0,0.0,0.0,0.3190763211334527,0.0,0.0,0.0,0.0,0.0,0.0,0.0,0.0,0.0,0.0,0.0,0.0,0.0,0.0,0.0,0.0,0.0,0.0,0.0,0.0,0.0,0.0,0.0,0.0,0.0,0.0,0.0,0.0,0.0,0.0,0.0,0.0,0.0,0.0,0.0,0.0,0.0,0.0,0.0,0.0,0.0,0.0,0.0
4b5fe7497864d07f78af15fa3e1aa3702b303b89f9644624871d83dd0f484749,0.0,0.22183219238609997,0.2612415916433416,0.0,0.0,0.0,0.0,0.0,0.0,0.0,0.0,0.0,0.0,0.0,0.0,0.0,0.0,0.0,0.0,0.0,0.0,0.0,0.0,0.0,0.0,0.0,0.0,0.0,0.0,0.0,0.0,0.0,0.0,0.0,0.16960288471354018,0.0,0.0,0.0,0.0,0.0,0.0,0.0,0.0,0.0,0.0,0.31484531711701486,0.0,0.0,0.0,0.0,0.24561466087276107,0.0,0.0,0.0,0.0,0.0,0.0,0.0,0.0,0.0,0.15050288148763402,0.0,0.0,0.2102699051132275,0.20029477842892365,0.0,0.0,0.16960288471354018,0.0,0.0,0.0,0.0,0.0,0.0,0.0,0.0984907280605277,0.0,0.0,0.0,0.09011134799586734,0.0,0.0,0.0,0.0,0.32642515702669606,0.3048571357279667,0.0,0.0,0.0,0.0,0.0,0.0,0.0,0.0,0.0,0.0,0.0,0.0,0.0,0.0,0.0,0.0,0.0,0.0,0.0,0.0,0.0,0.0,0.0,0.0,0.0,0.0,0.0,0.0,0.2082615139949657,0.0,0.0,0.11987373442708396,0.13166179813446569,0.11670803737602534,0.139312786539328,0.0,0.2274110575840029,0.0,0.0,0.0,0.0,0.0,0.0,0.0,0.0,0.0,0.0,0.0,0.0,0.0,0.0,0.0,0.0,0.0,0.0,0.0,0.0,0.0,0.31068420969277577,0.10721618973323327,0.22183219238609997,0.0,0.0,0.0,0.0,0.0,0.0,0.0,0.15560557573640182,0.0,0.0,0.0,0.0,0.0,0.0
4b6db1a59ce31c78b9958342e6315a2d40e9b078747def487b9606e312cad630,0.0,0.22218255495144948,0.26165419755612473,0.0,0.0,0.0,0.0,0.0,0.0,0.0,0.0,0.0,0.0,0.0,0.0,0.0,0.0,0.0,0.0,0.0,0.0,0.0,0.0,0.0,0.0,0.0,0.0,0.0,0.0,0.0,0.0,0.0,0.0,0.0,0.16987075612183195,0.0,0.0,0.0,0.0,0.0,0.0,0.0,0.0,0.0,0.0,0.3153425849472917,0.0,0.0,0.0,0.0,0.24600258555468035,0.0,0.0,0.0,0.0,0.0,0.0,0.0,0.0,0.0,0.15074058628189005,0.0,0.0,0.21060200616032457,0.2006111247249307,0.0,0.0,0.16987075612183195,0.0,0.0,0.0,0.0,0.0,0.0,0.0,0.09864628467192504,0.0,0.0,0.0,0.09025367018414551,0.0,0.0,0.0,0.0,0.32694071409792325,0.0,0.0,0.0,0.0,0.0,0.0,0.0,0.0,0.0,0.0,0.0,0.0,0.0,0.0,0.0,0.0,0.0,0.0,0.0,0.0,0.0,0.0,0.0,0.0,0.0,0.0,0.0,0.0,0.0,0.2085904429818814,0.0,0.0,0.12006306343591781,0.13186974525366754,0.0,0.13953281765723244,0.3220779431576497,0.2277702314291827,0.0,0.0,0.0,0.0,0.0,0.0,0.0,0.0,0.0,0.0,0.0,0.0,0.0,0.0,0.0,0.0,0.0,0.0,0.0,0.0,0.0,0.31117490545496745,0.10738552737029072,0.22218255495144948,0.0,0.0,0.0,0.0,0.0,0.0,0.0,0.15585133974437235,0.0,0.0,0.0,0.0,0.0,0.0
4b6ef483991fa07850e3af17809005b6bf52712ac7b50ccbe680f29dc6ff3c78,0.0,0.0,0.0,0.0,0.0,0.0,0.0,0.0,0.0,0.0,0.0,0.0,0.0,0.0,0.0,0.0,0.0,0.0,0.0,0.0,0.0,0.0,0.0,0.0,0.0,0.0,0.36776571441403383,0.0,0.0,0.0,0.0,0.0,0.0,0.0,0.28642123579197787,0.0,0.0,0.0,0.0,0.0,0.0,0.0,0.0,0.0,0.3397614724077614,0.0,0.0,0.0,0.0,0.0,0.0,0.0,0.0,0.0,0.0,0.48930770645276034,0.0,0.0,0.3382529610695513,0.0,0.0,0.0,0.0,0.0,0.0,0.0,0.0,0.0,0.0,0.0,0.0,0.0,0.0,0.0,0.0,0.16632875138176142,0.0,0.2830261682923571,0.0,0.15217785767883685,0.0,0.0,0.0,0.0,0.0,0.0,0.0,0.0,0.0,0.0,0.0,0.0,0.0,0.0,0.0,0.0,0.0,0.0,0.0,0.0,0.0,0.0,0.0,0.0,0.0,0.0,0.0,0.0,0.0,0.0,0.0,0.0,0.0,0.0,0.0,0.0,0.21860837025408497,0.0,0.0,0.19709370125724537,0.0,0.0,0.0,0.0,0.0,0.0,0.0,0.0,0.0,0.0,0.0,0.0,0.0,0.2511759922243207,0.0,0.0,0.0,0.0,0.0,0.0,0.0,0.0,0.0,0.0,0.0,0.1810640993056659,0.0,0.0,0.0,0.0,0.0,0.0,0.0,0.0,0.0,0.0,0.0,0.0,0.0,0.0,0.0
04c9cc0d1577d5ee54a4e2d4dd12f17011d13703cdd0e6efd46718d14fd9aa87,0.0,0.19180709218907246,0.2258824091894708,0.0,0.0,0.0,0.0,0.0,0.0,0.0,0.0,0.0,0.08967909101170274,0.0,0.0,0.0,0.0,0.17553086724070588,0.0,0.0,0.0,0.13110816796730598,0.0,0.0,0.0,0.0,0.0,0.0,0.0,0.0,0.0,0.0,0.0,0.40693966867754516,0.14664704790530228,0.0,0.0,0.0,0.0,0.0,0.0,0.0,0.0,0.0,0.0,0.0,0.0,0.0,0.0,0.0,0.21237059145596496,0.0,0.0,0.0,0.0,0.0,0.0,0.0,0.0,0.30563182376991355,0.13013223984179723,0.0,0.0,0.0,0.0,0.0,0.0,0.0,0.0,0.0,0.0,0.0,0.0,0.0,0.0,0.0,0.0,0.0,0.0,0.07791473115967786,0.0,0.0,0.0,0.0,0.0,0.0,0.0,0.0,0.0,0.0,0.0,0.0,0.0,0.0,0.0,0.0,0.0,0.0,0.0,0.0,0.0,0.0,0.0,0.0,0.0,0.0,0.14345611390077503,0.0,0.2941553922429184,0.0,0.0,0.0,0.0,0.0,0.18007321202840537,0.0,0.11192700868183583,0.10364876343233943,0.0,0.10091154508912333,0.12045672994277189,0.2780453836657221,0.1966308551416656,0.26863294370959556,0.0,0.0,0.0,0.0,0.2492265745123802,0.0,0.0,0.0,0.0,0.0,0.0,0.0,0.0,0.0,0.0,0.0,0.0,0.0,0.0,0.0,0.0,0.09270442385805837,0.0,0.20755269186355363,0.0,0.0,0.0,0.0,0.0,0.0,0.13454428182568823,0.0,0.0,0.0,0.0,0.0,0.0
4c21b335baf9907cfaec588f25354b804b3d59f3882d923fbaf0d929b933ef49,0.0,0.0,0.0,0.0,0.3607776804232049,0.0,0.0,0.0,0.0,0.0,0.0,0.0,0.12981847742748004,0.0,0.0,0.0,0.0,0.0,0.0,0.0,0.0,0.0,0.0,0.0,0.0,0.0,0.0,0.0,0.0,0.0,0.0,0.0,0.0,0.0,0.0,0.0,0.0,0.0,0.0,0.0,0.0,0.0,0.0,0.0,0.0,0.0,0.0,0.0,0.0,0.0,0.30742535993801556,0.0,0.0,0.0,0.0,0.0,0.0,0.0,0.0,0.0,0.18837801598909198,0.0,0.0,0.0,0.0,0.0,0.0,0.21228467264255338,0.0,0.0,0.0,0.0,0.0,0.0,0.0,0.0,0.0,0.0,0.0,0.11278851797238758,0.0,0.0,0.0,0.0,0.0,0.0,0.0,0.0,0.0,0.0,0.0,0.0,0.0,0.0,0.0,0.0,0.0,0.0,0.0,0.15872549600766037,0.0,0.0,0.0,0.0,0.0,0.0,0.20766551125982657,0.0,0.0,0.0,0.0,0.0,0.0,0.0,0.0,0.2966929585618043,0.0,0.15004082338737673,0.0,0.14607845586453339,0.0,0.0,0.2846406887244579,0.0,0.20493511687229568,0.0,0.23539298006880185,0.0,0.0,0.0,0.0,0.0,0.0,0.0,0.0,0.0,0.0,0.0,0.0,0.0,0.0,0.0,0.0,0.20034536494907867,0.0,0.0,0.0,0.300451020853739,0.0,0.0,0.0,0.0,0.0,0.0,0.19476484001053643,0.0,0.0,0.3438551164902107,0.0,0.0,0.0
9fe9a0edbf56394c7f65764f1fe3a567ef7689716ee94cd1b415a00f907520bf,0.0,0.0,0.0,0.0,0.0,0.0,0.0,0.0,0.0,0.0,0.2079601372278813,0.0,0.13539747888957326,0.0,0.0,0.0,0.0,0.0,0.0,0.0,0.0,0.19794709340092906,0.0,0.0,0.0,0.0,0.0,0.0,0.0,0.0,0.0,0.0,0.0,0.0,0.0,0.0,0.0,0.0,0.0,0.0,0.0,0.0,0.0,0.23442438154915984,0.0,0.0,0.0,0.0,0.0,0.0,0.0,0.0,0.0,0.0,0.0,0.0,0.0,0.0,0.0,0.0,0.0,0.0,0.0,0.0,0.0,0.0,0.0,0.0,0.46144288417763407,0.0,0.0,0.42946590275527163,0.0,0.0,0.0,0.1285744923068478,0.27449635950226353,0.21878325662542414,0.0,0.11763565005361841,0.0,0.0,0.0,0.0,0.0,0.0,0.0,0.0,0.0,0.0,0.0,0.0,0.0,0.0,0.0,0.0,0.0,0.0,0.0,0.16554678826008945,0.0,0.0,0.0,0.0,0.0,0.0,0.0,0.0,0.0,0.0,0.0,0.0,0.0,0.0,0.0,0.0,0.1689873818323419,0.15648888832882132,0.17187758873040573,0.15235623646247498,0.18186555378226524,0.0,0.0,0.0,0.21374228623155336,0.0,0.0,0.0,0.0,0.0,0.0,0.0,0.0,0.1941626171760707,0.0,0.0,0.0,0.0,0.0,0.0,0.0,0.0,0.0,0.20895528786701542,0.0,0.0,0.0,0.0,0.0,0.0,0.0,0.0,0.0,0.0,0.0,0.0,0.0,0.0,0.0,0.0,0.0
4c121c1cc3d2c69e3077b50e87477d7db27ee72770231ae6c9d573e6fcd75ab7,0.0,0.0,0.0,0.0,0.0,0.0,0.0,0.0,0.0,0.0,0.0,0.0,0.0,0.0,0.0,0.0,0.0,0.0,0.0,0.0,0.0,0.0,0.0,0.0,0.0,0.0,0.0,0.0,0.0,0.0,0.0,0.0,0.0,0.0,0.3467582886555867,0.0,0.0,0.0,0.0,0.0,0.0,0.0,0.0,0.0,0.0,0.0,0.0,0.0,0.0,0.0,0.0,0.0,0.0,0.0,0.0,0.0,0.0,0.0,0.0,0.0,0.30770774748632646,0.0,0.0,0.42990325651586275,0.0,0.0,0.0,0.3467582886555867,0.0,0.0,0.0,0.0,0.0,0.0,0.0,0.20136730792282806,0.0,0.0,0.0,0.18423540892167625,0.0,0.0,0.0,0.0,0.0,0.0,0.0,0.0,0.0,0.0,0.0,0.0,0.0,0.0,0.0,0.0,0.0,0.0,0.0,0.0,0.0,0.0,0.0,0.0,0.0,0.0,0.33921307836715797,0.0,0.0,0.0,0.0,0.0,0.0,0.0,0.0,0.0,0.0,0.24508551888664556,0.0,0.0,0.28482925588093955,0.0,0.0,0.0,0.0,0.0,0.0,0.0,0.0,0.0,0.0,0.0,0.0,0.0,0.0,0.0,0.0,0.0,0.0,0.0,0.0,0.0,0.0,0.0,0.0,0.21920678136378746,0.0,0.0,0.0,0.0,0.0,0.0,0.0,0.0,0.31814036205077767,0.0,0.0,0.0,0.0,0.0,0.0
4d30670f6311dc373dcbfb5bd93cf1621b1d6c425c8c9a95dc0a1317d0bdf648,0.0,0.0,0.0,0.0,0.0,0.0,0.0,0.0,0.0,0.0,0.0,0.0,0.0,0.0,0.0,0.0,0.0,0.5403609412194295,0.0,0.0,0.0,0.0,0.0,0.0,0.0,0.0,0.0,0.0,0.0,0.0,0.0,0.0,0.0,0.0,0.0,0.0,0.0,0.0,0.0,0.0,0.0,0.0,0.0,0.0,0.0,0.0,0.0,0.0,0.0,0.0,0.0,0.0,0.0,0.0,0.0,0.0,0.0,0.0,0.0,0.0,0.4006040687275722,0.0,0.0,0.0,0.0,0.0,0.0,0.0,0.0,0.0,0.0,0.0,0.0,0.0,0.0,0.0,0.0,0.0,0.0,0.0,0.0,0.0,0.0,0.0,0.0,0.0,0.0,0.0,0.0,0.0,0.0,0.0,0.0,0.0,0.0,0.0,0.0,0.0,0.0,0.33754511734082976,0.0,0.0,0.36979873423940707,0.0,0.0,0.0,0.44162079268259835,0.0,0.0,0.0,0.0,0.0,0.0,0.0,0.0,0.0,0.0,0.3190763211334527,0.0,0.0,0.0,0.0,0.0,0.0,0.0,0.0,0.0,0.0,0.0,0.0,0.0,0.0,0.0,0.0,0.0,0.0,0.0,0.0,0.0,0.0,0.0,0.0,0.0,0.0,0.0,0.0,0.0,0.0,0.0,0.0,0.0,0.0,0.0,0.0,0.0,0.0,0.0,0.0,0.0,0.0,0.0
4dade4e22ea6cddb7a2f6528ef1e0c636b87833b14b03a6e8bcc49ac9f895e5e,0.0,0.0,0.0,0.0,0.0,0.0,0.0,0.0,0.0,0.0,0.0,0.0,0.0,0.0,0.0,0.0,0.0,0.0,0.0,0.0,0.0,0.0,0.0,0.0,0.0,0.0,0.0,0.0,0.0,0.0,0.0,0.0,0.0,0.0,0.3348389823578099,0.0,0.0,0.0,0.0,0.0,0.0,0.0,0.0,0.0,0.0,0.0,0.0,0.0,0.0,0.0,0.0,0.0,0.0,0.0,0.0,0.0,0.0,0.0,0.0,0.0,0.2971307461211728,0.0,0.0,0.41512596420457853,0.0,0.0,0.0,0.3348389823578099,0.0,0.0,0.0,0.0,0.0,0.0,0.0,0.1944456028042668,0.0,0.0,0.0,0.1779025876404675,0.0,0.0,0.0,0.0,0.0,0.0,0.0,0.0,0.0,0.0,0.0,0.0,0.0,0.0,0.0,0.0,0.0,0.0,0.0,0.0,0.0,0.0,0.0,0.0,0.0,0.0,0.3275531275785389,0.0,0.0,0.0,0.0,0.0,0.0,0.0,0.0,0.0,0.0,0.23666106454963334,0.2599336831870781,0.0,0.27503866902409657,0.0,0.0,0.0,0.0,0.0,0.0,0.0,0.0,0.0,0.0,0.0,0.0,0.0,0.0,0.0,0.0,0.0,0.0,0.0,0.0,0.0,0.0,0.0,0.0,0.2116718705769255,0.0,0.0,0.0,0.0,0.0,0.0,0.0,0.0,0.3072047549001288,0.0,0.0,0.0,0.0,0.0,0.0
4e0f7f76e731ed338ad70fc099358857258515bc80226fa0a4700404ef91c491,0.0,0.225093233595244,0.265081970204847,0.0,0.0,0.0,0.0,0.0,0.0,0.0,0.0,0.0,0.0,0.0,0.0,0.0,0.0,0.0,0.0,0.0,0.0,0.0,0.0,0.0,0.0,0.0,0.0,0.0,0.0,0.0,0.0,0.0,0.0,0.0,0.17209612967628174,0.0,0.0,0.0,0.0,0.0,0.0,0.0,0.0,0.0,0.0,0.31947369653562324,0.0,0.0,0.0,0.0,0.24922531594523106,0.0,0.0,0.0,0.0,0.0,0.0,0.0,0.0,0.0,0.15271534710566237,0.0,0.0,0.2133609750712955,0.20323920916914842,0.0,0.0,0.0,0.0,0.0,0.0,0.0,0.0,0.0,0.0,0.0999385897052657,0.0,0.0,0.0,0.09143602867483111,0.0,0.0,0.0,0.0,0.3312237657286856,0.30933868401821746,0.0,0.0,0.0,0.0,0.0,0.0,0.0,0.0,0.0,0.0,0.0,0.0,0.0,0.0,0.0,0.0,0.0,0.0,0.0,0.0,0.0,0.0,0.0,0.0,0.0,0.0,0.0,0.0,0.21132305962597242,0.0,0.0,0.12163593667399825,0.13359729065594428,0.11842370233532538,0.1413607523146232,0.0,0.2307541108271756,0.0,0.0,0.0,0.0,0.0,0.0,0.0,0.0,0.0,0.0,0.0,0.0,0.0,0.0,0.0,0.0,0.0,0.0,0.0,0.0,0.0,0.3152514188067491,0.10879231991184564,0.225093233595244,0.0,0.0,0.0,0.0,0.0,0.0,0.0,0.1578930534437212,0.0,0.0,0.0,0.0,0.0,0.0
10c53048944570e3619bd2fa4dad951b8b63634f062ba676abaefbdb70b7a463,0.0,0.0,0.0,0.0,0.0,0.0,0.0,0.0,0.0,0.0,0.2660400269668499,0.0,0.17321179633361097,0.0,0.0,0.0,0.0,0.0,0.0,0.0,0.0,0.25323050257793506,0.0,0.0,0.0,0.0,0.36368519128962296,0.0,0.0,0.0,0.0,0.0,0.0,0.0,0.0,0.0,0.0,0.0,0.0,0.0,0.0,0.0,0.0,0.0,0.3359916687240419,0.0,0.0,0.0,0.0,0.0,0.0,0.0,0.0,0.0,0.0,0.0,0.0,0.0,0.33449989498577043,0.0,0.0,0.0,0.0,0.0,0.0,0.0,0.0,0.0,0.0,0.0,0.0,0.0,0.0,0.0,0.0,0.16448326038119587,0.0,0.2798858678802579,0.0,0.15048937709746674,0.0,0.0,0.0,0.0,0.0,0.0,0.0,0.0,0.0,0.0,0.0,0.0,0.0,0.0,0.0,0.0,0.0,0.0,0.0,0.21178131828567023,0.0,0.0,0.0,0.0,0.0,0.0,0.0,0.0,0.0,0.0,0.0,0.0,0.0,0.0,0.0,0.0,0.0,0.0,0.0,0.1949068595421678,0.0,0.0,0.0,0.0,0.2734370363041616,0.0,0.3140757905192334,0.0,0.0,0.0,0.0,0.0,0.0,0.24838908359092288,0.0,0.0,0.0,0.0,0.0,0.0,0.0,0.0,0.0,0.0,0.0,0.17905511310804115,0.0,0.0,0.0,0.0,0.0,0.0,0.0,0.0,0.0,0.0,0.0,0.0,0.0,0.0,0.0
12f1fa49ce2f2fd19db6147e547a35625c260b2fec2ecf67de89c837990c5d94,0.0,0.0,0.0,0.0,0.0,0.0,0.0,0.0,0.0,0.0,0.0,0.0,0.26960441742478386,0.0,0.0,0.0,0.0,0.0,0.0,0.0,0.0,0.0,0.0,0.0,0.0,0.0,0.0,0.0,0.0,0.0,0.0,0.0,0.0,0.0,0.0,0.0,0.0,0.0,0.0,0.0,0.0,0.0,0.0,0.0,0.0,0.0,0.0,0.0,0.0,0.0,0.0,0.0,0.0,0.0,0.0,0.0,0.0,0.0,0.0,0.0,0.0,0.0,0.0,0.0,0.5206495817559423,0.0,0.0,0.4408685622428312,0.0,0.0,0.0,0.0,0.0,0.0,0.0,0.256018438292683,0.0,0.0,0.0,0.2342369382443048,0.0,0.0,0.0,0.0,0.0,0.0,0.0,0.0,0.0,0.0,0.0,0.0,0.0,0.0,0.0,0.0,0.0,0.0,0.0,0.0,0.0,0.0,0.0,0.0,0.0,0.0,0.0,0.0,0.0,0.0,0.0,0.0,0.0,0.0,0.0,0.0,0.33648886969457836,0.3116017810475858,0.0,0.0,0.36213197674893466,0.0,0.0,0.0,0.0,0.0,0.0,0.0,0.0,0.0,0.0,0.0,0.0,0.0,0.0,0.0,0.0,0.0,0.0,0.0,0.0,0.0,0.0,0.0,0.0,0.0,0.0,0.0,0.0,0.0,0.0,0.0,0.0,0.0,0.0,0.0,0.0,0.0,0.0,0.0,0.0
15d9f248ee852047b99f3e6199e8dfffdf970a7597438d02bfb2842f32ff31f7,0.0,0.0,0.0,0.0,0.0,0.0,0.0,0.0,0.0,0.0,0.3126984136958323,0.0,0.2035898679023768,0.0,0.0,0.0,0.0,0.3984909489064905,0.0,0.0,0.0,0.29764234111051846,0.0,0.0,0.0,0.0,0.0,0.0,0.0,0.0,0.0,0.0,0.0,0.0,0.0,0.0,0.0,0.0,0.0,0.0,0.0,0.0,0.0,0.0,0.0,0.0,0.0,0.0,0.0,0.0,0.0,0.0,0.5844609606817199,0.0,0.0,0.0,0.0,0.0,0.0,0.0,0.0,0.0,0.0,0.0,0.0,0.0,0.0,0.0,0.0,0.0,0.0,0.0,0.0,0.0,0.0,0.19333051190499023,0.0,0.0,0.0,0.1768823662851133,0.0,0.0,0.0,0.0,0.0,0.0,0.0,0.0,0.0,0.0,0.0,0.0,0.0,0.0,0.0,0.0,0.0,0.0,0.0,0.24892375419354884,0.0,0.0,0.2727092897923575,0.0,0.0,0.0,0.0,0.0,0.0,0.0,0.0,0.0,0.0,0.0,0.0,0.0,0.0,0.0,0.2584430365467984,0.0,0.0,0.0,0.0,0.0,0.0,0.0,0.0,0.0,0.0,0.0,0.0,0.0,0.0,0.0,0.0,0.0,0.0,0.0,0.0,0.0,0.0,0.0,0.0,0.0,0.0,0.0,0.0,0.0,0.0,0.0,0.0,0.0,0.0,0.0,0.0,0.0,0.0,0.0,0.0,0.0,0.0
16ad6e2bd4bce6939f1b743d03707fe4cea68167a6f6dfbac9061728292697b7,0.0,0.0,0.0,0.0,0.0,0.0,0.0,0.0,0.0,0.0,0.0,0.0,0.0,0.0,0.0,0.0,0.0,0.0,0.0,0.0,0.6785983116986696,0.0,0.0,0.0,0.0,0.0,0.0,0.0,0.0,0.0,0.0,0.0,0.0,0.0,0.0,0.0,0.0,0.0,0.0,0.0,0.0,0.0,0.0,0.416127647785762,0.0,0.0,0.0,0.0,0.0,0.0,0.0,0.0,0.0,0.0,0.0,0.0,0.0,0.0,0.0,0.0,0.0,0.0,0.0,0.0,0.0,0.0,0.0,0.3930216708593182,0.0,0.0,0.0,0.0,0.0,0.0,0.0,0.0,0.0,0.0,0.0,0.0,0.0,0.0,0.0,0.0,0.0,0.0,0.0,0.0,0.0,0.0,0.0,0.0,0.0,0.0,0.0,0.0,0.0,0.0,0.0,0.0,0.0,0.0,0.0,0.0,0.0,0.0,0.0,0.0,0.0,0.0,0.0,0.0,0.0,0.0,0.0,0.0,0.0,0.0,0.3051005882273113,0.0,0.0,0.0,0.0,0.0,0.0,0.0,0.0,0.0,0.0,0.0,0.0,0.0,0.0,0.34465883044875306,0.0,0.0,0.0,0.0,0.0,0.0,0.0,0.0,0.0,0.0,0.0,0.0,0.0,0.0,0.0,0.0,0.0,0.0,0.0,0.0,0.0,0.0,0.0,0.0,0.0,0.0,0.0
16bd868c6c2200864825de71892e8802f0f7f243f476dcd38e9d713bb0a5ee44,0.0,0.0,0.0,0.0,0.0,0.0,0.0,0.0,0.0,0.0,0.2102143656079369,0.0,0.1368651488169421,0.0,0.0,0.0,0.0,0.0,0.0,0.0,0.0,0.2000927832511186,0.0,0.0,0.0,0.0,0.0,0.0,0.0,0.0,0.0,0.0,0.0,0.0,0.0,0.0,0.0,0.0,0.0,0.0,0.0,0.0,0.0,0.2369654747649526,0.0,0.0,0.0,0.0,0.33694055407098195,0.0,0.0,0.0,0.0,0.0,0.0,0.0,0.0,0.0,0.0,0.0,0.0,0.0,0.0,0.0,0.0,0.0,0.0,0.0,0.0,0.0,0.0,0.0,0.0,0.0,0.0,0.1299682030120477,0.277471821492529,0.22115480452272904,0.0,0.11891078683892731,0.0,0.0,0.0,0.0,0.0,0.0,0.0,0.0,0.2851612187275571,0.0,0.0,0.0,0.0,0.0,0.0,0.0,0.0,0.0,0.0,0.1673412680738531,0.0,0.0,0.0,0.0,0.0,0.0,0.0,0.0,0.0,0.0,0.0,0.0,0.0,0.0,0.0,0.0,0.17081915669590786,0.0,0.17374069260971814,0.15400773446920993,0.0,0.0,0.0,0.0,0.21605919145225513,0.0,0.0,0.0,0.0,0.0,0.0,0.0,0.0,0.19626728438690522,0.0,0.0,0.0,0.0,0.0,0.0,0.0,0.0,0.0,0.2112203033952383,0.0,0.14148230790682642,0.29272939679079263,0.3167597902565185,0.0,0.0,0.0,0.0,0.0,0.0,0.2053368622139403,0.0,0.0,0.0,0.0,0.0,0.0
d0fef87fd7e5a7214773deef4c445970147c88d5335867b552f9d4d22ef0231b,0.0,0.0,0.0,0.0,0.0,0.0,0.0,0.0,0.0,0.0,0.3222285989780125,0.0,0.20979472561096613,0.0,0.0,0.0,0.0,0.0,0.0,0.0,0.0,0.30671365882230034,0.0,0.0,0.0,0.0,0.0,0.0,0.0,0.0,0.0,0.0,0.0,0.0,0.34306522099935527,0.0,0.0,0.0,0.0,0.0,0.0,0.0,0.0,0.0,0.0,0.0,0.0,0.0,0.0,0.0,0.0,0.0,0.0,0.0,0.0,0.0,0.0,0.0,0.40514742743199234,0.0,0.0,0.0,0.0,0.0,0.0,0.0,0.0,0.0,0.0,0.0,0.0,0.0,0.0,0.0,0.0,0.19922269273628,0.0,0.0,0.0,0.1822732529990041,0.0,0.0,0.0,0.0,0.0,0.0,0.0,0.0,0.0,0.0,0.0,0.0,0.0,0.0,0.0,0.0,0.0,0.0,0.0,0.256510263733402,0.0,0.0,0.0,0.0,0.0,0.0,0.0,0.0,0.0,0.0,0.0,0.0,0.0,0.0,0.0,0.0,0.2618413702676548,0.0,0.0,0.0,0.0,0.0,0.0,0.0,0.0,0.0,0.0,0.0,0.0,0.0,0.0,0.0,0.0,0.0,0.0,0.0,0.0,0.0,0.0,0.0,0.0,0.0,0.40514742743199234,0.32377055793464116,0.0,0.0,0.0,0.0,0.0,0.0,0.0,0.0,0.0,0.0,0.0,0.0,0.0,0.0,0.0,0.0,0.0
