[15:45:19] ============================================================
[15:45:19]  GRID SEARCH — Feature Category Weights
[15:45:19] ============================================================
[15:45:19] 
[Step 1] Loading data (one-time)...
[15:45:19]  Loading Excel: D:\DL_CNN\train_excel\DL_1-953.xlsx
[15:45:20]  Loaded 943 samples from Excel
[15:50:10]  Extracted signatures from 943 reports (0 failed/missing)
[15:50:10]  Feature filtering:
[15:50:10]   Total features found: 588
[15:50:10]   Removed (too rare, <3): 110
[15:50:10]   Removed (too common, >95%): 0
[15:50:10]   Kept: 478
[15:50:10]   Breakdown: TTPs=158, MBCs=195, Signatures=125
[15:50:10]   Total features: 478
[15:50:10]   Image size: 22x22 = 484 (padding 6 zeros)
[15:50:10]  TF-IDF transformation:
[15:50:10]   Input: binary matrix (943, 478)
[15:50:10]   Output: TF-IDF matrix (943, 478)
[15:50:10]   Non-zero values: min=0.0251, max=0.8915, mean=0.1353
[15:50:10]   Sparsity: 90.4%
[15:50:10] Loading actions from: D:\DL_CNN\train_actions\report_hash_action.xlsx
[15:50:11] Loaded actions for 943 reports
[15:50:11] Total unique actions: 41
[15:50:11] After filtering (min 3 samples): 33
[15:50:11] Matched: 943/943 samples
[15:50:11] Actions per sample: min=1, max=5, mean=3.2
[15:50:12] Enriching 41 D3FEND actions with category + description...
[15:50:17] D3FEND API appears unreachable. Using fallback classification.
[15:50:17] D3FEND enrichment complete:
[15:50:17]   From cache: 0
[15:50:17]   From API:   5
[15:50:17]   Fallback:   36
[15:50:17]   Category distribution: {'Detect': 19, 'Evict': 7, 'Isolate': 10, 'Restore': 3, 'Unknown': 1, 'Harden': 1}
[15:50:17] Action distribution:
[15:50:17]   D3-CCSA (Detect: Credential Compromise Scope Analysis): 17 samples
[15:50:17]   D3-CE (Evict: Credential Eviction): 14 samples
[15:50:17]   D3-CQ (Isolate: Content Quarantine): 71 samples
[15:50:17]   D3-CR (Evict: Credential Revocation): 6 samples
[15:50:17]   D3-CRO (Harden: Credential Rotation): 3 samples
[15:50:17]   D3-DNSDL (Isolate: DNS Denylisting): 25 samples
[15:50:17]   D3-EAL (Isolate: Executable Allowlisting): 3 samples
[15:50:17]   D3-EDL (Isolate: Executable Denylisting): 51 samples
[15:50:17]   D3-EI (Isolate: Execution Isolation): 12 samples
[15:50:17]   D3-FA (Detect: File Analysis): 11 samples
[15:50:17]   D3-FAPA (Detect: File Access Pattern Analysis): 84 samples
[15:50:17]   D3-FCOA (Detect: File Content Analysis): 4 samples
[15:50:17]   D3-FEV (Evict: File Eviction): 356 samples
[15:50:17]   D3-FIM (Detect: File Integrity Monitoring): 3 samples
[15:50:17]   D3-FR (Evict: File Removal): 12 samples
[15:50:17]   D3-FRDDL (Isolate: Forward Resolution Domain Denylisting): 44 samples
[15:50:17]   D3-NI (Isolate: Network Isolation): 364 samples
[15:50:17]   D3-NTA (Detect: Network Traffic Analysis): 8 samples
[15:50:17]   D3-OTF (Isolate: Outbound Traffic Filtering): 262 samples
[15:50:17]   D3-PA (Detect: Process Analysis): 52 samples
[15:50:17]   D3-PCSV (Detect: Process Code Segment Verification): 98 samples
[15:50:17]   D3-PLA (Detect: Process Lineage Analysis): 38 samples
[15:50:17]   D3-PSA (Detect: Process Spawn Analysis): 264 samples
[15:50:17]   D3-PSMD (Unknown: Process Self): 3 samples
[15:50:17]   D3-PT (Evict: Process Termination): 904 samples
[15:50:17]   D3-RC (Restore: Restore Configuration): 12 samples
[15:50:17]   D3-RF (Restore: Restore File): 22 samples
[15:50:17]   D3-RKD (Evict: Registry Key Deletion): 148 samples
[15:50:17]   D3-SCA (Detect: System Call Analysis): 13 samples
[15:50:17]   D3-SEA (Detect: Script Execution Analysis): 3 samples
[15:50:17]   D3-SICA (Detect: System Init Config Analysis): 84 samples
[15:50:17]   D3-SJA (Detect: Scheduled Job Analysis): 4 samples
[15:50:17]   D3-ST (Evict: Session Termination): 13 samples
[15:50:17] 
 Data loaded: 943 samples, 478 features, 33 actions, image 22x22
[15:50:17] 
[Step 2] Generated 66 weight combinations (step=0.1, sum=1.0)
[15:50:17] 
[Step 3] Running grid search...
[15:50:17]  Estimated time: ~330 minutes
[15:50:17] ================================================================================
[15:50:17] 
[Case  1/66] w_sig=0.0, w_ttp=0.0, w_mbc=1.0
[15:50:17]  CNN Dataset: 943 samples, 478 features → 22x22 image
[15:50:17]  Device: cpu
[15:50:17] 
============================================================
[15:50:17]  FOLD 1/5 — Train: 754, Val: 189
[15:50:17] ============================================================
[15:50:17]  Model parameters: 65,505
[15:50:24]   Fold 1/5 | Epoch   1 | LR 0.000140 | Train Loss 0.5021 | Val Loss 0.3110 | Val F1 0.0869
[15:50:33]   Fold 1/5 | Epoch  10 | LR 0.000699 | Train Loss 0.3579 | Val Loss 0.2706 | Val F1 0.2246
[15:50:42]   Fold 1/5 | Epoch  20 | LR 0.000691 | Train Loss 0.2928 | Val Loss 0.2650 | Val F1 0.2378
[15:50:54]   Fold 1/5 | Epoch  30 | LR 0.000674 | Train Loss 0.2500 | Val Loss 0.2599 | Val F1 0.2219
[15:51:09]   Fold 1/5 | Epoch  40 | LR 0.000649 | Train Loss 0.2266 | Val Loss 0.3030 | Val F1 0.2641
[15:51:22]   Fold 1/5 | Epoch  50 | LR 0.000616 | Train Loss 0.2060 | Val Loss 0.4212 | Val F1 0.2505
[15:51:39]   Fold 1/5 | Epoch  60 | LR 0.000576 | Train Loss 0.1907 | Val Loss 0.4853 | Val F1 0.2494
[15:51:42]   Early stopping at epoch 63 (patience=25)
[15:51:42]  Fold 1 — Best Val Loss: 0.2528, F1@0.5: 0.2473
[15:51:42] 
============================================================
[15:51:42]  FOLD 2/5 — Train: 754, Val: 189
[15:51:42] ============================================================
[15:51:42]   Fold 2/5 | Epoch   1 | LR 0.000140 | Train Loss 0.4727 | Val Loss 0.3535 | Val F1 0.0546
[15:51:56]   Fold 2/5 | Epoch  10 | LR 0.000699 | Train Loss 0.3332 | Val Loss 0.4027 | Val F1 0.1477
[15:52:15]   Fold 2/5 | Epoch  20 | LR 0.000691 | Train Loss 0.2794 | Val Loss 0.3566 | Val F1 0.2326
[15:52:25]   Early stopping at epoch 26 (patience=25)
[15:52:25]  Fold 2 — Best Val Loss: 0.3535, F1@0.5: 0.0546
[15:52:25] 
============================================================
[15:52:25]  FOLD 3/5 — Train: 754, Val: 189
[15:52:25] ============================================================
[15:52:27]   Fold 3/5 | Epoch   1 | LR 0.000140 | Train Loss 0.4564 | Val Loss 0.3145 | Val F1 0.0427
[15:52:43]   Fold 3/5 | Epoch  10 | LR 0.000699 | Train Loss 0.3499 | Val Loss 0.3187 | Val F1 0.1787
[15:52:51]   Fold 3/5 | Epoch  20 | LR 0.000691 | Train Loss 0.2782 | Val Loss 0.3542 | Val F1 0.2117
[15:52:55]   Fold 3/5 | Epoch  30 | LR 0.000674 | Train Loss 0.2401 | Val Loss 0.4002 | Val F1 0.2366
[15:52:58]   Fold 3/5 | Epoch  40 | LR 0.000649 | Train Loss 0.2181 | Val Loss 0.3923 | Val F1 0.2424
[15:53:02]   Fold 3/5 | Epoch  50 | LR 0.000616 | Train Loss 0.2046 | Val Loss 0.3020 | Val F1 0.2242
[15:53:06]   Fold 3/5 | Epoch  60 | LR 0.000576 | Train Loss 0.1879 | Val Loss 0.7274 | Val F1 0.2452
[15:53:07]   Early stopping at epoch 61 (patience=25)
[15:53:07]  Fold 3 — Best Val Loss: 0.2805, F1@0.5: 0.2579
[15:53:07] 
============================================================
[15:53:07]  FOLD 4/5 — Train: 755, Val: 188
[15:53:07] ============================================================
[15:53:07]   Fold 4/5 | Epoch   1 | LR 0.000140 | Train Loss 0.4937 | Val Loss 0.2822 | Val F1 0.1037
[15:53:12]   Fold 4/5 | Epoch  10 | LR 0.000699 | Train Loss 0.3531 | Val Loss 0.2811 | Val F1 0.1813
[15:53:17]   Fold 4/5 | Epoch  20 | LR 0.000691 | Train Loss 0.2834 | Val Loss 0.3202 | Val F1 0.1888
[15:53:22]   Fold 4/5 | Epoch  30 | LR 0.000674 | Train Loss 0.2470 | Val Loss 0.3844 | Val F1 0.2100
[15:53:27]   Fold 4/5 | Epoch  40 | LR 0.000649 | Train Loss 0.2212 | Val Loss 0.3359 | Val F1 0.2283
[15:53:31]   Early stopping at epoch 48 (patience=25)
[15:53:31]  Fold 4 — Best Val Loss: 0.2432, F1@0.5: 0.1974
[15:53:31] 
============================================================
[15:53:31]  FOLD 5/5 — Train: 755, Val: 188
[15:53:31] ============================================================
[15:53:32]   Fold 5/5 | Epoch   1 | LR 0.000140 | Train Loss 0.4914 | Val Loss 0.2893 | Val F1 0.0782
[15:53:36]   Fold 5/5 | Epoch  10 | LR 0.000699 | Train Loss 0.3547 | Val Loss 0.2768 | Val F1 0.1419
[15:53:41]   Fold 5/5 | Epoch  20 | LR 0.000691 | Train Loss 0.2858 | Val Loss 0.2855 | Val F1 0.1896
[15:53:46]   Fold 5/5 | Epoch  30 | LR 0.000674 | Train Loss 0.2450 | Val Loss 0.2806 | Val F1 0.2068
[15:53:51]   Fold 5/5 | Epoch  40 | LR 0.000649 | Train Loss 0.2283 | Val Loss 0.6319 | Val F1 0.2067
[15:53:56]   Fold 5/5 | Epoch  50 | LR 0.000616 | Train Loss 0.1922 | Val Loss 0.4282 | Val F1 0.2641
[15:54:01]   Fold 5/5 | Epoch  60 | LR 0.000576 | Train Loss 0.2084 | Val Loss 0.4050 | Val F1 0.2460
[15:54:06]   Fold 5/5 | Epoch  70 | LR 0.000530 | Train Loss 0.1876 | Val Loss 0.4174 | Val F1 0.2277
[15:54:09]   Early stopping at epoch 76 (patience=25)
[15:54:09]  Fold 5 — Best Val Loss: 0.2425, F1@0.5: 0.2292
[15:54:09] 
============================================================
[15:54:09]  K-FOLD RESULTS
[15:54:09] ============================================================
[15:54:09]  F1@0.5 per fold: ['0.2473', '0.0546', '0.2579', '0.1974', '0.2292']
[15:54:09]  Mean F1@0.5: 0.1973 ± 0.0742
[15:54:09] 
 Tuning per-action thresholds...
[15:54:10]  Threshold range: [0.05, 0.80], mean=0.53
[15:54:10] 
 With tuned thresholds:
[15:54:10]   Macro F1:   0.2646
[15:54:10]   Micro F1:   0.4256
[15:54:10]   Sample F1:  0.4423
[15:54:10]   Precision:  0.2303
[15:54:10]   Recall:     0.5348
[15:54:10] 
 Per-action F1 (tuned threshold):
[15:54:10]   D3-CCSA: F1=0.2069 (t=0.75, support=17)
[15:54:10]   D3-CE: F1=0.0435 (t=0.50, support=14)
[15:54:10]   D3-CQ: F1=0.1851 (t=0.50, support=71)
[15:54:10]   D3-CR: F1=0.1538 (t=0.75, support=6)
[15:54:10]   D3-CRO: F1=0.2500 (t=0.70, support=3)
[15:54:10]   D3-DNSDL: F1=0.1754 (t=0.55, support=25)
[15:54:10]   D3-EAL: F1=0.0121 (t=0.30, support=3)
[15:54:10]   D3-EDL: F1=0.1471 (t=0.45, support=51)
[15:54:10]   D3-EI: F1=0.0606 (t=0.60, support=12)
[15:54:10]   D3-FA: F1=0.0483 (t=0.50, support=11)
[15:54:10]   D3-FAPA: F1=0.5517 (t=0.55, support=84)
[15:54:10]   D3-FCOA: F1=0.0190 (t=0.30, support=4)
[15:54:10]   D3-FEV: F1=0.6131 (t=0.45, support=356)
[15:54:10]   D3-FIM: F1=0.5000 (t=0.75, support=3)
[15:54:10]   D3-FR: F1=0.2105 (t=0.65, support=12)
[15:54:10]   D3-FRDDL: F1=0.4848 (t=0.50, support=44)
[15:54:10]   D3-NI: F1=0.5866 (t=0.50, support=364)
[15:54:10]   D3-NTA: F1=0.1132 (t=0.60, support=8)
[15:54:10]   D3-OTF: F1=0.4835 (t=0.50, support=262)
[15:54:10]   D3-PA: F1=0.1978 (t=0.55, support=52)
[15:54:10]   D3-PCSV: F1=0.2743 (t=0.55, support=98)
[15:54:10]   D3-PLA: F1=0.1615 (t=0.55, support=38)
[15:54:10]   D3-PSA: F1=0.4808 (t=0.50, support=264)
[15:54:10]   D3-PSMD: F1=0.0202 (t=0.35, support=3)
[15:54:10]   D3-PT: F1=0.9789 (t=0.05, support=904)
[15:54:10]   D3-RC: F1=0.2581 (t=0.60, support=12)
[15:54:10]   D3-RF: F1=0.2941 (t=0.70, support=22)
[15:54:10]   D3-RKD: F1=0.5347 (t=0.55, support=148)
[15:54:10]   D3-SCA: F1=0.0411 (t=0.50, support=13)
[15:54:10]   D3-SEA: F1=0.0119 (t=0.25, support=3)
[15:54:10]   D3-SICA: F1=0.3895 (t=0.55, support=84)
[15:54:10]   D3-SJA: F1=0.0541 (t=0.50, support=4)
[15:54:10]   D3-ST: F1=0.1905 (t=0.80, support=13)
[15:54:10]  Result: Macro F1=0.2646, Micro F1=0.4256, P=0.2303, R=0.5348 (233s)
[15:54:10]  Current best: Case 1 (w_sig=0.0, w_ttp=0.0, w_mbc=1.0) → Macro F1=0.2646
[15:54:10] 
[Case  2/66] w_sig=0.0, w_ttp=0.1, w_mbc=0.9
[15:54:10]  CNN Dataset: 943 samples, 478 features → 22x22 image
[15:54:10]  Device: cpu
[15:54:10] 
============================================================
[15:54:10]  FOLD 1/5 — Train: 754, Val: 189
[15:54:10] ============================================================
[15:54:10]  Model parameters: 65,505
[15:54:11]   Fold 1/5 | Epoch   1 | LR 0.000140 | Train Loss 0.5028 | Val Loss 0.3129 | Val F1 0.0877
[15:54:15]   Fold 1/5 | Epoch  10 | LR 0.000699 | Train Loss 0.3564 | Val Loss 0.2722 | Val F1 0.2093
[15:54:20]   Fold 1/5 | Epoch  20 | LR 0.000691 | Train Loss 0.2839 | Val Loss 0.3063 | Val F1 0.2405
[15:54:25]   Fold 1/5 | Epoch  30 | LR 0.000674 | Train Loss 0.2426 | Val Loss 0.2691 | Val F1 0.2361
[15:54:30]   Fold 1/5 | Epoch  40 | LR 0.000649 | Train Loss 0.2271 | Val Loss 0.2954 | Val F1 0.2300
[15:54:34]   Early stopping at epoch 47 (patience=25)
[15:54:34]  Fold 1 — Best Val Loss: 0.2653, F1@0.5: 0.2360
[15:54:34] 
============================================================
[15:54:34]  FOLD 2/5 — Train: 754, Val: 189
[15:54:34] ============================================================
[15:54:34]   Fold 2/5 | Epoch   1 | LR 0.000140 | Train Loss 0.4786 | Val Loss 0.3522 | Val F1 0.1028
[15:54:39]   Fold 2/5 | Epoch  10 | LR 0.000699 | Train Loss 0.3248 | Val Loss 0.4926 | Val F1 0.1478
[15:54:44]   Fold 2/5 | Epoch  20 | LR 0.000691 | Train Loss 0.2806 | Val Loss 0.3904 | Val F1 0.2408
[15:54:47]   Early stopping at epoch 26 (patience=25)
[15:54:47]  Fold 2 — Best Val Loss: 0.3522, F1@0.5: 0.1028
[15:54:47] 
============================================================
[15:54:47]  FOLD 3/5 — Train: 754, Val: 189
[15:54:47] ============================================================
[15:54:48]   Fold 3/5 | Epoch   1 | LR 0.000140 | Train Loss 0.4711 | Val Loss 0.3214 | Val F1 0.0891
[15:54:52]   Fold 3/5 | Epoch  10 | LR 0.000699 | Train Loss 0.3429 | Val Loss 0.3250 | Val F1 0.1692
[15:54:57]   Fold 3/5 | Epoch  20 | LR 0.000691 | Train Loss 0.2753 | Val Loss 0.3243 | Val F1 0.2012
[15:55:02]   Fold 3/5 | Epoch  30 | LR 0.000674 | Train Loss 0.2357 | Val Loss 0.4247 | Val F1 0.2278
[15:55:08]   Fold 3/5 | Epoch  40 | LR 0.000649 | Train Loss 0.2169 | Val Loss 0.4160 | Val F1 0.2391
[15:55:09]   Early stopping at epoch 42 (patience=25)
[15:55:09]  Fold 3 — Best Val Loss: 0.3031, F1@0.5: 0.1962
[15:55:09] 
============================================================
[15:55:09]  FOLD 4/5 — Train: 755, Val: 188
[15:55:09] ============================================================
[15:55:09]   Fold 4/5 | Epoch   1 | LR 0.000140 | Train Loss 0.4816 | Val Loss 0.2854 | Val F1 0.0878
[15:55:14]   Fold 4/5 | Epoch  10 | LR 0.000699 | Train Loss 0.3449 | Val Loss 0.2793 | Val F1 0.1763
[15:55:20]   Fold 4/5 | Epoch  20 | LR 0.000691 | Train Loss 0.2974 | Val Loss 0.3049 | Val F1 0.2003
[15:55:25]   Fold 4/5 | Epoch  30 | LR 0.000674 | Train Loss 0.2630 | Val Loss 0.2465 | Val F1 0.2348
[15:55:30]   Fold 4/5 | Epoch  40 | LR 0.000649 | Train Loss 0.2182 | Val Loss 0.7144 | Val F1 0.1936
[15:55:36]   Fold 4/5 | Epoch  50 | LR 0.000616 | Train Loss 0.2114 | Val Loss 0.4457 | Val F1 0.2418
[15:55:39]   Early stopping at epoch 57 (patience=25)
[15:55:39]  Fold 4 — Best Val Loss: 0.2465, F1@0.5: 0.2349
[15:55:39] 
============================================================
[15:55:39]  FOLD 5/5 — Train: 755, Val: 188
[15:55:39] ============================================================
[15:55:40]   Fold 5/5 | Epoch   1 | LR 0.000140 | Train Loss 0.4933 | Val Loss 0.3050 | Val F1 0.0417
[15:55:44]   Fold 5/5 | Epoch  10 | LR 0.000699 | Train Loss 0.3548 | Val Loss 0.2740 | Val F1 0.1450
[15:55:49]   Fold 5/5 | Epoch  20 | LR 0.000691 | Train Loss 0.3065 | Val Loss 0.2686 | Val F1 0.2056
[15:55:54]   Fold 5/5 | Epoch  30 | LR 0.000674 | Train Loss 0.2583 | Val Loss 0.2747 | Val F1 0.1997
[15:56:00]   Fold 5/5 | Epoch  40 | LR 0.000649 | Train Loss 0.2327 | Val Loss 0.2264 | Val F1 0.2456
[15:56:05]   Fold 5/5 | Epoch  50 | LR 0.000616 | Train Loss 0.2126 | Val Loss 0.3166 | Val F1 0.2457
[15:56:10]   Fold 5/5 | Epoch  60 | LR 0.000576 | Train Loss 0.1872 | Val Loss 0.2485 | Val F1 0.2517
[15:56:12]   Early stopping at epoch 65 (patience=25)
[15:56:12]  Fold 5 — Best Val Loss: 0.2264, F1@0.5: 0.2456
[15:56:12] 
============================================================
[15:56:12]  K-FOLD RESULTS
[15:56:12] ============================================================
[15:56:12]  F1@0.5 per fold: ['0.2360', '0.1028', '0.1962', '0.2349', '0.2456']
[15:56:12]  Mean F1@0.5: 0.2031 ± 0.0529
[15:56:12] 
 Tuning per-action thresholds...
[15:56:13]  Threshold range: [0.05, 0.75], mean=0.51
[15:56:13] 
 With tuned thresholds:
[15:56:13]   Macro F1:   0.2665
[15:56:13]   Micro F1:   0.4342
[15:56:13]   Sample F1:  0.4485
[15:56:13]   Precision:  0.2382
[15:56:13]   Recall:     0.5375
[15:56:13] 
 Per-action F1 (tuned threshold):
[15:56:13]   D3-CCSA: F1=0.1818 (t=0.65, support=17)
[15:56:13]   D3-CE: F1=0.0339 (t=0.60, support=14)
[15:56:13]   D3-CQ: F1=0.1687 (t=0.50, support=71)
[15:56:13]   D3-CR: F1=0.1250 (t=0.60, support=6)
[15:56:13]   D3-CRO: F1=0.5714 (t=0.55, support=3)
[15:56:13]   D3-DNSDL: F1=0.1538 (t=0.65, support=25)
[15:56:13]   D3-EAL: F1=0.0126 (t=0.40, support=3)
[15:56:13]   D3-EDL: F1=0.1255 (t=0.50, support=51)
[15:56:13]   D3-EI: F1=0.0526 (t=0.55, support=12)
[15:56:13]   D3-FA: F1=0.0690 (t=0.55, support=11)
[15:56:13]   D3-FAPA: F1=0.5269 (t=0.55, support=84)
[15:56:13]   D3-FCOA: F1=0.0222 (t=0.40, support=4)
[15:56:13]   D3-FEV: F1=0.5971 (t=0.45, support=356)
[15:56:13]   D3-FIM: F1=0.5000 (t=0.65, support=3)
[15:56:13]   D3-FR: F1=0.0680 (t=0.50, support=12)
[15:56:13]   D3-FRDDL: F1=0.4706 (t=0.55, support=44)
[15:56:13]   D3-NI: F1=0.5788 (t=0.45, support=364)
[15:56:13]   D3-NTA: F1=0.1818 (t=0.75, support=8)
[15:56:13]   D3-OTF: F1=0.4574 (t=0.45, support=262)
[15:56:13]   D3-PA: F1=0.1957 (t=0.50, support=52)
[15:56:13]   D3-PCSV: F1=0.2915 (t=0.50, support=98)
[15:56:13]   D3-PLA: F1=0.1433 (t=0.50, support=38)
[15:56:13]   D3-PSA: F1=0.4784 (t=0.45, support=264)
[15:56:13]   D3-PSMD: F1=0.0158 (t=0.35, support=3)
[15:56:13]   D3-PT: F1=0.9789 (t=0.05, support=904)
[15:56:13]   D3-RC: F1=0.3200 (t=0.60, support=12)
[15:56:13]   D3-RF: F1=0.3429 (t=0.65, support=22)
[15:56:13]   D3-RKD: F1=0.5065 (t=0.55, support=148)
[15:56:13]   D3-SCA: F1=0.0550 (t=0.50, support=13)
[15:56:13]   D3-SEA: F1=0.0115 (t=0.30, support=3)
[15:56:13]   D3-SICA: F1=0.4153 (t=0.55, support=84)
[15:56:13]   D3-SJA: F1=0.0253 (t=0.50, support=4)
[15:56:13]   D3-ST: F1=0.1176 (t=0.65, support=13)
[15:56:13]  Result: Macro F1=0.2665, Micro F1=0.4342, P=0.2382, R=0.5375 (123s)
[15:56:13]  Current best: Case 2 (w_sig=0.0, w_ttp=0.1, w_mbc=0.9) → Macro F1=0.2665
[15:56:13] 
[Case  3/66] w_sig=0.0, w_ttp=0.2, w_mbc=0.8
[15:56:13]  CNN Dataset: 943 samples, 478 features → 22x22 image
[15:56:13]  Device: cpu
[15:56:13] 
============================================================
[15:56:13]  FOLD 1/5 — Train: 754, Val: 189
[15:56:13] ============================================================
[15:56:13]  Model parameters: 65,505
[15:56:14]   Fold 1/5 | Epoch   1 | LR 0.000140 | Train Loss 0.5040 | Val Loss 0.3198 | Val F1 0.0845
[15:56:19]   Fold 1/5 | Epoch  10 | LR 0.000699 | Train Loss 0.3524 | Val Loss 0.2794 | Val F1 0.2061
[15:56:24]   Fold 1/5 | Epoch  20 | LR 0.000691 | Train Loss 0.2804 | Val Loss 0.2844 | Val F1 0.2118
[15:56:29]   Fold 1/5 | Epoch  30 | LR 0.000674 | Train Loss 0.2319 | Val Loss 0.4551 | Val F1 0.1278
[15:56:35]   Fold 1/5 | Epoch  40 | LR 0.000649 | Train Loss 0.2147 | Val Loss 0.3153 | Val F1 0.2229
[15:56:38]   Early stopping at epoch 46 (patience=25)
[15:56:38]  Fold 1 — Best Val Loss: 0.2667, F1@0.5: 0.1823
[15:56:38] 
============================================================
[15:56:38]  FOLD 2/5 — Train: 754, Val: 189
[15:56:38] ============================================================
[15:56:38]   Fold 2/5 | Epoch   1 | LR 0.000140 | Train Loss 0.4646 | Val Loss 0.3628 | Val F1 0.0614
[15:56:43]   Fold 2/5 | Epoch  10 | LR 0.000699 | Train Loss 0.3206 | Val Loss 0.3745 | Val F1 0.2016
[15:56:48]   Fold 2/5 | Epoch  20 | LR 0.000691 | Train Loss 0.2548 | Val Loss 0.4735 | Val F1 0.2736
[15:56:51]   Early stopping at epoch 27 (patience=25)
[15:56:51]  Fold 2 — Best Val Loss: 0.3621, F1@0.5: 0.0675
[15:56:51] 
============================================================
[15:56:51]  FOLD 3/5 — Train: 754, Val: 189
[15:56:51] ============================================================
[15:56:52]   Fold 3/5 | Epoch   1 | LR 0.000140 | Train Loss 0.4748 | Val Loss 0.3246 | Val F1 0.0735
[15:56:56]   Fold 3/5 | Epoch  10 | LR 0.000699 | Train Loss 0.3414 | Val Loss 0.3524 | Val F1 0.1468
[15:57:01]   Fold 3/5 | Epoch  20 | LR 0.000691 | Train Loss 0.2727 | Val Loss 0.4597 | Val F1 0.1593
[15:57:07]   Fold 3/5 | Epoch  30 | LR 0.000674 | Train Loss 0.2319 | Val Loss 0.6982 | Val F1 0.1825
[15:57:10]   Early stopping at epoch 37 (patience=25)
[15:57:10]  Fold 3 — Best Val Loss: 0.3163, F1@0.5: 0.1674
[15:57:10] 
============================================================
[15:57:10]  FOLD 4/5 — Train: 755, Val: 188
[15:57:10] ============================================================
[15:57:11]   Fold 4/5 | Epoch   1 | LR 0.000140 | Train Loss 0.4985 | Val Loss 0.3015 | Val F1 0.0248
[15:57:15]   Fold 4/5 | Epoch  10 | LR 0.000699 | Train Loss 0.3445 | Val Loss 0.2809 | Val F1 0.1798
[15:57:20]   Fold 4/5 | Epoch  20 | LR 0.000691 | Train Loss 0.2884 | Val Loss 0.2654 | Val F1 0.1707
[15:57:26]   Fold 4/5 | Epoch  30 | LR 0.000674 | Train Loss 0.2337 | Val Loss 0.5031 | Val F1 0.1816
[15:57:31]   Fold 4/5 | Epoch  40 | LR 0.000649 | Train Loss 0.2028 | Val Loss 0.4322 | Val F1 0.2253
[15:57:36]   Fold 4/5 | Epoch  50 | LR 0.000616 | Train Loss 0.1907 | Val Loss 0.4054 | Val F1 0.1285
[15:57:37]   Early stopping at epoch 51 (patience=25)
[15:57:37]  Fold 4 — Best Val Loss: 0.2496, F1@0.5: 0.1691
[15:57:37] 
============================================================
[15:57:37]  FOLD 5/5 — Train: 755, Val: 188
[15:57:37] ============================================================
[15:57:38]   Fold 5/5 | Epoch   1 | LR 0.000140 | Train Loss 0.4816 | Val Loss 0.2854 | Val F1 0.0906
[15:57:42]   Fold 5/5 | Epoch  10 | LR 0.000699 | Train Loss 0.3437 | Val Loss 0.2760 | Val F1 0.1567
[15:57:47]   Fold 5/5 | Epoch  20 | LR 0.000691 | Train Loss 0.2987 | Val Loss 0.2965 | Val F1 0.1167
[15:57:52]   Fold 5/5 | Epoch  30 | LR 0.000674 | Train Loss 0.2469 | Val Loss 0.2980 | Val F1 0.2135
[15:57:57]   Fold 5/5 | Epoch  40 | LR 0.000649 | Train Loss 0.2186 | Val Loss 1.1768 | Val F1 0.1044
[15:58:03]   Fold 5/5 | Epoch  50 | LR 0.000616 | Train Loss 0.1852 | Val Loss 0.8009 | Val F1 0.1815
[15:58:08]   Fold 5/5 | Epoch  60 | LR 0.000576 | Train Loss 0.1673 | Val Loss 0.3470 | Val F1 0.1880
[15:58:11]   Early stopping at epoch 66 (patience=25)
[15:58:11]  Fold 5 — Best Val Loss: 0.2476, F1@0.5: 0.2622
[15:58:11] 
============================================================
[15:58:11]  K-FOLD RESULTS
[15:58:11] ============================================================
[15:58:11]  F1@0.5 per fold: ['0.1823', '0.0675', '0.1674', '0.1691', '0.2622']
[15:58:11]  Mean F1@0.5: 0.1697 ± 0.0619
[15:58:11] 
 Tuning per-action thresholds...
[15:58:12]  Threshold range: [0.05, 0.65], mean=0.49
[15:58:12] 
 With tuned thresholds:
[15:58:12]   Macro F1:   0.2251
[15:58:12]   Micro F1:   0.3866
[15:58:12]   Sample F1:  0.3935
[15:58:12]   Precision:  0.1966
[15:58:12]   Recall:     0.5224
[15:58:12] 
 Per-action F1 (tuned threshold):
[15:58:12]   D3-CCSA: F1=0.1250 (t=0.65, support=17)
[15:58:12]   D3-CE: F1=0.0408 (t=0.60, support=14)
[15:58:12]   D3-CQ: F1=0.1726 (t=0.50, support=71)
[15:58:12]   D3-CR: F1=0.0645 (t=0.60, support=6)
[15:58:12]   D3-CRO: F1=0.0800 (t=0.50, support=3)
[15:58:12]   D3-DNSDL: F1=0.1282 (t=0.55, support=25)
[15:58:12]   D3-EAL: F1=0.0108 (t=0.40, support=3)
[15:58:12]   D3-EDL: F1=0.1379 (t=0.50, support=51)
[15:58:12]   D3-EI: F1=0.0714 (t=0.55, support=12)
[15:58:12]   D3-FA: F1=0.1333 (t=0.65, support=11)
[15:58:12]   D3-FAPA: F1=0.3415 (t=0.55, support=84)
[15:58:12]   D3-FCOA: F1=0.0107 (t=0.35, support=4)
[15:58:12]   D3-FEV: F1=0.5610 (t=0.40, support=356)
[15:58:12]   D3-FIM: F1=0.4444 (t=0.55, support=3)
[15:58:12]   D3-FR: F1=0.0402 (t=0.45, support=12)
[15:58:12]   D3-FRDDL: F1=0.3802 (t=0.60, support=44)
[15:58:12]   D3-NI: F1=0.5767 (t=0.45, support=364)
[15:58:12]   D3-NTA: F1=0.0723 (t=0.50, support=8)
[15:58:12]   D3-OTF: F1=0.4577 (t=0.45, support=262)
[15:58:12]   D3-PA: F1=0.1408 (t=0.50, support=52)
[15:58:12]   D3-PCSV: F1=0.2104 (t=0.45, support=98)
[15:58:12]   D3-PLA: F1=0.1026 (t=0.45, support=38)
[15:58:12]   D3-PSA: F1=0.4525 (t=0.45, support=264)
[15:58:12]   D3-PSMD: F1=0.0526 (t=0.55, support=3)
[15:58:12]   D3-PT: F1=0.9789 (t=0.05, support=904)
[15:58:12]   D3-RC: F1=0.2667 (t=0.60, support=12)
[15:58:12]   D3-RF: F1=0.2857 (t=0.55, support=22)
[15:58:12]   D3-RKD: F1=0.4315 (t=0.50, support=148)
[15:58:12]   D3-SCA: F1=0.0645 (t=0.65, support=13)
[15:58:12]   D3-SEA: F1=0.0072 (t=0.25, support=3)
[15:58:12]   D3-SICA: F1=0.3542 (t=0.50, support=84)
[15:58:12]   D3-SJA: F1=0.0198 (t=0.40, support=4)
[15:58:12]   D3-ST: F1=0.2105 (t=0.60, support=13)
[15:58:12]  Result: Macro F1=0.2251, Micro F1=0.3866, P=0.1966, R=0.5224 (118s)
[15:58:12]  Current best: Case 2 (w_sig=0.0, w_ttp=0.1, w_mbc=0.9) → Macro F1=0.2665
[15:58:12] 
[Case  4/66] w_sig=0.0, w_ttp=0.3, w_mbc=0.7
[15:58:12]  CNN Dataset: 943 samples, 478 features → 22x22 image
[15:58:12]  Device: cpu
[15:58:12] 
============================================================
[15:58:12]  FOLD 1/5 — Train: 754, Val: 189
[15:58:12] ============================================================
[15:58:12]  Model parameters: 65,505
[15:58:12]   Fold 1/5 | Epoch   1 | LR 0.000140 | Train Loss 0.5075 | Val Loss 0.3301 | Val F1 0.0675
[15:58:17]   Fold 1/5 | Epoch  10 | LR 0.000699 | Train Loss 0.3528 | Val Loss 0.2779 | Val F1 0.1784
[15:58:22]   Fold 1/5 | Epoch  20 | LR 0.000691 | Train Loss 0.2756 | Val Loss 0.2949 | Val F1 0.2197
[15:58:27]   Fold 1/5 | Epoch  30 | LR 0.000674 | Train Loss 0.2223 | Val Loss 0.2729 | Val F1 0.2184
[15:58:33]   Fold 1/5 | Epoch  40 | LR 0.000649 | Train Loss 0.2022 | Val Loss 0.2668 | Val F1 0.2320
[15:58:33]   Early stopping at epoch 41 (patience=25)
[15:58:33]  Fold 1 — Best Val Loss: 0.2635, F1@0.5: 0.2392
[15:58:33] 
============================================================
[15:58:33]  FOLD 2/5 — Train: 754, Val: 189
[15:58:33] ============================================================
[15:58:34]   Fold 2/5 | Epoch   1 | LR 0.000140 | Train Loss 0.4660 | Val Loss 0.3507 | Val F1 0.1160
[15:58:38]   Fold 2/5 | Epoch  10 | LR 0.000699 | Train Loss 0.3263 | Val Loss 0.4322 | Val F1 0.1900
[15:58:43]   Fold 2/5 | Epoch  20 | LR 0.000691 | Train Loss 0.2626 | Val Loss 0.5785 | Val F1 0.1651
[15:58:46]   Early stopping at epoch 26 (patience=25)
[15:58:46]  Fold 2 — Best Val Loss: 0.3507, F1@0.5: 0.1160
[15:58:46] 
============================================================
[15:58:46]  FOLD 3/5 — Train: 754, Val: 189
[15:58:46] ============================================================
[15:58:47]   Fold 3/5 | Epoch   1 | LR 0.000140 | Train Loss 0.4774 | Val Loss 0.3318 | Val F1 0.1030
[15:58:51]   Fold 3/5 | Epoch  10 | LR 0.000699 | Train Loss 0.3428 | Val Loss 0.3428 | Val F1 0.1609
[15:58:56]   Fold 3/5 | Epoch  20 | LR 0.000691 | Train Loss 0.2817 | Val Loss 0.3781 | Val F1 0.1836
[15:59:01]   Early stopping at epoch 29 (patience=25)
[15:59:01]  Fold 3 — Best Val Loss: 0.3201, F1@0.5: 0.1187
[15:59:01] 
============================================================
[15:59:01]  FOLD 4/5 — Train: 755, Val: 188
[15:59:01] ============================================================
[15:59:02]   Fold 4/5 | Epoch   1 | LR 0.000140 | Train Loss 0.5232 | Val Loss 0.2996 | Val F1 0.0726
[15:59:08]   Fold 4/5 | Epoch  10 | LR 0.000699 | Train Loss 0.3443 | Val Loss 0.2856 | Val F1 0.1616
[15:59:14]   Fold 4/5 | Epoch  20 | LR 0.000691 | Train Loss 0.2761 | Val Loss 0.3117 | Val F1 0.1681
[15:59:19]   Fold 4/5 | Epoch  30 | LR 0.000674 | Train Loss 0.2264 | Val Loss 0.3782 | Val F1 0.2273
[15:59:23]   Early stopping at epoch 36 (patience=25)
[15:59:23]  Fold 4 — Best Val Loss: 0.2754, F1@0.5: 0.1801
[15:59:23] 
============================================================
[15:59:23]  FOLD 5/5 — Train: 755, Val: 188
[15:59:23] ============================================================
[15:59:24]   Fold 5/5 | Epoch   1 | LR 0.000140 | Train Loss 0.4729 | Val Loss 0.3029 | Val F1 0.1081
[15:59:28]   Fold 5/5 | Epoch  10 | LR 0.000699 | Train Loss 0.3548 | Val Loss 0.2697 | Val F1 0.1571
[15:59:33]   Fold 5/5 | Epoch  20 | LR 0.000691 | Train Loss 0.2843 | Val Loss 0.2513 | Val F1 0.2229
[15:59:37]   Fold 5/5 | Epoch  30 | LR 0.000674 | Train Loss 0.2463 | Val Loss 0.3127 | Val F1 0.1961
[15:59:43]   Fold 5/5 | Epoch  40 | LR 0.000649 | Train Loss 0.1856 | Val Loss 1.0930 | Val F1 0.1773
[15:59:47]   Fold 5/5 | Epoch  50 | LR 0.000616 | Train Loss 0.1753 | Val Loss 0.3041 | Val F1 0.2509
[15:59:49]   Early stopping at epoch 53 (patience=25)
[15:59:49]  Fold 5 — Best Val Loss: 0.2471, F1@0.5: 0.2010
[15:59:49] 
============================================================
[15:59:49]  K-FOLD RESULTS
[15:59:49] ============================================================
[15:59:49]  F1@0.5 per fold: ['0.2392', '0.1160', '0.1187', '0.1801', '0.2010']
[15:59:49]  Mean F1@0.5: 0.1710 ± 0.0477
[15:59:49] 
 Tuning per-action thresholds...
[15:59:50]  Threshold range: [0.05, 0.65], mean=0.50
[15:59:50] 
 With tuned thresholds:
[15:59:50]   Macro F1:   0.2122
[15:59:50]   Micro F1:   0.3646
[15:59:50]   Sample F1:  0.3816
[15:59:50]   Precision:  0.2050
[15:59:50]   Recall:     0.5312
[15:59:50] 
 Per-action F1 (tuned threshold):
[15:59:50]   D3-CCSA: F1=0.1053 (t=0.60, support=17)
[15:59:50]   D3-CE: F1=0.0674 (t=0.60, support=14)
[15:59:50]   D3-CQ: F1=0.1572 (t=0.50, support=71)
[15:59:50]   D3-CR: F1=0.2857 (t=0.65, support=6)
[15:59:50]   D3-CRO: F1=0.0076 (t=0.35, support=3)
[15:59:50]   D3-DNSDL: F1=0.0984 (t=0.55, support=25)
[15:59:50]   D3-EAL: F1=0.0099 (t=0.50, support=3)
[15:59:50]   D3-EDL: F1=0.1076 (t=0.45, support=51)
[15:59:50]   D3-EI: F1=0.0481 (t=0.55, support=12)
[15:59:50]   D3-FA: F1=0.0543 (t=0.55, support=11)
[15:59:50]   D3-FAPA: F1=0.5114 (t=0.55, support=84)
[15:59:50]   D3-FCOA: F1=0.0145 (t=0.35, support=4)
[15:59:50]   D3-FEV: F1=0.5821 (t=0.50, support=356)
[15:59:50]   D3-FIM: F1=0.3333 (t=0.60, support=3)
[15:59:50]   D3-FR: F1=0.0358 (t=0.45, support=12)
[15:59:50]   D3-FRDDL: F1=0.3182 (t=0.55, support=44)
[15:59:50]   D3-NI: F1=0.5638 (t=0.45, support=364)
[15:59:50]   D3-NTA: F1=0.1000 (t=0.55, support=8)
[15:59:50]   D3-OTF: F1=0.4597 (t=0.50, support=262)
[15:59:50]   D3-PA: F1=0.1667 (t=0.50, support=52)
[15:59:50]   D3-PCSV: F1=0.2134 (t=0.50, support=98)
[15:59:50]   D3-PLA: F1=0.1268 (t=0.50, support=38)
[15:59:50]   D3-PSA: F1=0.4450 (t=0.45, support=264)
[15:59:50]   D3-PSMD: F1=0.0189 (t=0.45, support=3)
[15:59:50]   D3-PT: F1=0.9789 (t=0.05, support=904)
[15:59:50]   D3-RC: F1=0.1429 (t=0.60, support=12)
[15:59:50]   D3-RF: F1=0.2791 (t=0.60, support=22)
[15:59:50]   D3-RKD: F1=0.3911 (t=0.50, support=148)
[15:59:50]   D3-SCA: F1=0.0465 (t=0.65, support=13)
[15:59:50]   D3-SEA: F1=0.0108 (t=0.35, support=3)
[15:59:50]   D3-SICA: F1=0.2462 (t=0.50, support=84)
[15:59:50]   D3-SJA: F1=0.0201 (t=0.45, support=4)
[15:59:50]   D3-ST: F1=0.0563 (t=0.55, support=13)
[15:59:50]  Result: Macro F1=0.2122, Micro F1=0.3646, P=0.2050, R=0.5312 (98s)
[15:59:50]  Current best: Case 2 (w_sig=0.0, w_ttp=0.1, w_mbc=0.9) → Macro F1=0.2665
[15:59:50] 
[Case  5/66] w_sig=0.0, w_ttp=0.4, w_mbc=0.6
[15:59:50]  CNN Dataset: 943 samples, 478 features → 22x22 image
[15:59:50]  Device: cpu
[15:59:50] 
============================================================
[15:59:50]  FOLD 1/5 — Train: 754, Val: 189
[15:59:50] ============================================================
[15:59:50]  Model parameters: 65,505
[15:59:50]   Fold 1/5 | Epoch   1 | LR 0.000140 | Train Loss 0.5117 | Val Loss 0.3364 | Val F1 0.0722
[15:59:54]   Fold 1/5 | Epoch  10 | LR 0.000699 | Train Loss 0.3552 | Val Loss 0.2749 | Val F1 0.1984
[16:00:00]   Fold 1/5 | Epoch  20 | LR 0.000691 | Train Loss 0.2746 | Val Loss 0.2651 | Val F1 0.2095
[16:00:05]   Fold 1/5 | Epoch  30 | LR 0.000674 | Train Loss 0.2201 | Val Loss 0.5132 | Val F1 0.1894
[16:00:10]   Fold 1/5 | Epoch  40 | LR 0.000649 | Train Loss 0.1891 | Val Loss 0.4685 | Val F1 0.1999
[16:00:13]   Early stopping at epoch 45 (patience=25)
[16:00:13]  Fold 1 — Best Val Loss: 0.2651, F1@0.5: 0.2095
[16:00:13] 
============================================================
[16:00:13]  FOLD 2/5 — Train: 754, Val: 189
[16:00:13] ============================================================
[16:00:13]   Fold 2/5 | Epoch   1 | LR 0.000140 | Train Loss 0.4899 | Val Loss 0.3759 | Val F1 0.0844
[16:00:18]   Fold 2/5 | Epoch  10 | LR 0.000699 | Train Loss 0.3287 | Val Loss 0.4622 | Val F1 0.1541
[16:00:23]   Fold 2/5 | Epoch  20 | LR 0.000691 | Train Loss 0.2581 | Val Loss 0.5800 | Val F1 0.1931
[16:00:28]   Fold 2/5 | Epoch  30 | LR 0.000674 | Train Loss 0.2132 | Val Loss 0.8152 | Val F1 0.1386
[16:00:37]   Fold 2/5 | Epoch  40 | LR 0.000649 | Train Loss 0.1874 | Val Loss 0.7246 | Val F1 0.1734
[16:00:42]   Early stopping at epoch 47 (patience=25)
[16:00:42]  Fold 2 — Best Val Loss: 0.3523, F1@0.5: 0.1742
[16:00:42] 
============================================================
[16:00:42]  FOLD 3/5 — Train: 754, Val: 189
[16:00:42] ============================================================
[16:00:43]   Fold 3/5 | Epoch   1 | LR 0.000140 | Train Loss 0.4547 | Val Loss 0.3520 | Val F1 0.0669
[16:00:49]   Fold 3/5 | Epoch  10 | LR 0.000699 | Train Loss 0.3373 | Val Loss 0.3655 | Val F1 0.1156
[16:00:57]   Fold 3/5 | Epoch  20 | LR 0.000691 | Train Loss 0.2648 | Val Loss 0.4711 | Val F1 0.1847
[16:01:03]   Early stopping at epoch 29 (patience=25)
[16:01:03]  Fold 3 — Best Val Loss: 0.3241, F1@0.5: 0.1105
[16:01:03] 
============================================================
[16:01:03]  FOLD 4/5 — Train: 755, Val: 188
[16:01:03] ============================================================
[16:01:04]   Fold 4/5 | Epoch   1 | LR 0.000140 | Train Loss 0.4816 | Val Loss 0.2905 | Val F1 0.0991
[16:01:11]   Fold 4/5 | Epoch  10 | LR 0.000699 | Train Loss 0.3517 | Val Loss 0.3010 | Val F1 0.1356
[16:01:18]   Fold 4/5 | Epoch  20 | LR 0.000691 | Train Loss 0.2827 | Val Loss 0.2862 | Val F1 0.1711
[16:01:27]   Fold 4/5 | Epoch  30 | LR 0.000674 | Train Loss 0.2136 | Val Loss 0.5742 | Val F1 0.1977
[16:01:35]   Fold 4/5 | Epoch  40 | LR 0.000649 | Train Loss 0.1814 | Val Loss 0.6392 | Val F1 0.1602
[16:01:42]   Fold 4/5 | Epoch  50 | LR 0.000616 | Train Loss 0.1740 | Val Loss 0.3563 | Val F1 0.1685
[16:01:42]   Early stopping at epoch 50 (patience=25)
[16:01:42]  Fold 4 — Best Val Loss: 0.2752, F1@0.5: 0.1901
[16:01:42] 
============================================================
[16:01:42]  FOLD 5/5 — Train: 755, Val: 188
[16:01:42] ============================================================
[16:01:43]   Fold 5/5 | Epoch   1 | LR 0.000140 | Train Loss 0.5094 | Val Loss 0.2983 | Val F1 0.0890
[16:01:50]   Fold 5/5 | Epoch  10 | LR 0.000699 | Train Loss 0.3474 | Val Loss 0.2748 | Val F1 0.1422
[16:01:57]   Fold 5/5 | Epoch  20 | LR 0.000691 | Train Loss 0.2764 | Val Loss 0.3712 | Val F1 0.1825
[16:02:05]   Fold 5/5 | Epoch  30 | LR 0.000674 | Train Loss 0.2181 | Val Loss 0.3767 | Val F1 0.2391
[16:02:13]   Fold 5/5 | Epoch  40 | LR 0.000649 | Train Loss 0.1897 | Val Loss 0.3004 | Val F1 0.2392
[16:02:20]   Fold 5/5 | Epoch  50 | LR 0.000616 | Train Loss 0.1667 | Val Loss 0.6223 | Val F1 0.2583
[16:02:26]   Early stopping at epoch 58 (patience=25)
[16:02:26]  Fold 5 — Best Val Loss: 0.2459, F1@0.5: 0.2452
[16:02:26] 
============================================================
[16:02:26]  K-FOLD RESULTS
[16:02:26] ============================================================
[16:02:26]  F1@0.5 per fold: ['0.2095', '0.1742', '0.1105', '0.1901', '0.2452']
[16:02:26]  Mean F1@0.5: 0.1859 ± 0.0445
[16:02:26] 
 Tuning per-action thresholds...
[16:02:28]  Threshold range: [0.05, 0.70], mean=0.51
[16:02:28] 
 With tuned thresholds:
[16:02:28]   Macro F1:   0.2287
[16:02:28]   Micro F1:   0.4206
[16:02:28]   Sample F1:  0.4212
[16:02:28]   Precision:  0.1963
[16:02:28]   Recall:     0.4817
[16:02:28] 
 Per-action F1 (tuned threshold):
[16:02:28]   D3-CCSA: F1=0.2143 (t=0.70, support=17)
[16:02:28]   D3-CE: F1=0.0755 (t=0.60, support=14)
[16:02:28]   D3-CQ: F1=0.1739 (t=0.55, support=71)
[16:02:28]   D3-CR: F1=0.4286 (t=0.65, support=6)
[16:02:28]   D3-CRO: F1=0.0833 (t=0.55, support=3)
[16:02:28]   D3-DNSDL: F1=0.1081 (t=0.70, support=25)
[16:02:28]   D3-EAL: F1=0.0175 (t=0.40, support=3)
[16:02:28]   D3-EDL: F1=0.1497 (t=0.55, support=51)
[16:02:28]   D3-EI: F1=0.0571 (t=0.60, support=12)
[16:02:28]   D3-FA: F1=0.0410 (t=0.50, support=11)
[16:02:28]   D3-FAPA: F1=0.4000 (t=0.60, support=84)
[16:02:28]   D3-FCOA: F1=0.0127 (t=0.40, support=4)
[16:02:28]   D3-FEV: F1=0.5809 (t=0.45, support=356)
[16:02:28]   D3-FIM: F1=0.0769 (t=0.55, support=3)
[16:02:28]   D3-FR: F1=0.0625 (t=0.50, support=12)
[16:02:28]   D3-FRDDL: F1=0.3862 (t=0.50, support=44)
[16:02:28]   D3-NI: F1=0.5731 (t=0.45, support=364)
[16:02:28]   D3-NTA: F1=0.1091 (t=0.55, support=8)
[16:02:28]   D3-OTF: F1=0.4630 (t=0.45, support=262)
[16:02:28]   D3-PA: F1=0.1616 (t=0.50, support=52)
[16:02:28]   D3-PCSV: F1=0.2124 (t=0.55, support=98)
[16:02:28]   D3-PLA: F1=0.1408 (t=0.55, support=38)
[16:02:28]   D3-PSA: F1=0.4480 (t=0.45, support=264)
[16:02:28]   D3-PSMD: F1=0.0123 (t=0.30, support=3)
[16:02:28]   D3-PT: F1=0.9789 (t=0.05, support=904)
[16:02:28]   D3-RC: F1=0.3000 (t=0.60, support=12)
[16:02:28]   D3-RF: F1=0.2857 (t=0.65, support=22)
[16:02:28]   D3-RKD: F1=0.4433 (t=0.50, support=148)
[16:02:28]   D3-SCA: F1=0.1111 (t=0.60, support=13)
[16:02:28]   D3-SEA: F1=0.0110 (t=0.35, support=3)
[16:02:28]   D3-SICA: F1=0.3178 (t=0.50, support=84)
[16:02:28]   D3-SJA: F1=0.0138 (t=0.35, support=4)
[16:02:28]   D3-ST: F1=0.0952 (t=0.65, support=13)
[16:02:28]  Result: Macro F1=0.2287, Micro F1=0.4206, P=0.1963, R=0.4817 (158s)
[16:02:28]  Current best: Case 2 (w_sig=0.0, w_ttp=0.1, w_mbc=0.9) → Macro F1=0.2665
[16:02:28] 
[Case  6/66] w_sig=0.0, w_ttp=0.5, w_mbc=0.5
[16:02:28]  CNN Dataset: 943 samples, 478 features → 22x22 image
[16:02:28]  Device: cpu
[16:02:28] 
============================================================
[16:02:28]  FOLD 1/5 — Train: 754, Val: 189
[16:02:28] ============================================================
[16:02:28]  Model parameters: 65,505
[16:02:29]   Fold 1/5 | Epoch   1 | LR 0.000140 | Train Loss 0.5141 | Val Loss 0.3374 | Val F1 0.0587
[16:02:37]   Fold 1/5 | Epoch  10 | LR 0.000699 | Train Loss 0.3594 | Val Loss 0.2749 | Val F1 0.1963
[16:02:45]   Fold 1/5 | Epoch  20 | LR 0.000691 | Train Loss 0.2774 | Val Loss 0.3400 | Val F1 0.1877
[16:02:52]   Fold 1/5 | Epoch  30 | LR 0.000674 | Train Loss 0.2184 | Val Loss 0.7152 | Val F1 0.1391
[16:02:55]   Early stopping at epoch 35 (patience=25)
[16:02:56]  Fold 1 — Best Val Loss: 0.2749, F1@0.5: 0.1963
[16:02:56] 
============================================================
[16:02:56]  FOLD 2/5 — Train: 754, Val: 189
[16:02:56] ============================================================
[16:02:56]   Fold 2/5 | Epoch   1 | LR 0.000140 | Train Loss 0.5411 | Val Loss 0.3773 | Val F1 0.1042
[16:03:03]   Fold 2/5 | Epoch  10 | LR 0.000699 | Train Loss 0.3261 | Val Loss 0.4115 | Val F1 0.1724
[16:03:11]   Fold 2/5 | Epoch  20 | LR 0.000691 | Train Loss 0.2608 | Val Loss 0.5577 | Val F1 0.1789
[16:03:15]   Early stopping at epoch 27 (patience=25)
[16:03:15]  Fold 2 — Best Val Loss: 0.3755, F1@0.5: 0.0941
[16:03:15] 
============================================================
[16:03:15]  FOLD 3/5 — Train: 754, Val: 189
[16:03:15] ============================================================
[16:03:15]   Fold 3/5 | Epoch   1 | LR 0.000140 | Train Loss 0.4966 | Val Loss 0.3197 | Val F1 0.0909
[16:03:19]   Fold 3/5 | Epoch  10 | LR 0.000699 | Train Loss 0.3351 | Val Loss 0.3381 | Val F1 0.1292
[16:03:28]   Fold 3/5 | Epoch  20 | LR 0.000691 | Train Loss 0.2658 | Val Loss 0.5203 | Val F1 0.1543
[16:03:33]   Early stopping at epoch 26 (patience=25)
[16:03:33]  Fold 3 — Best Val Loss: 0.3197, F1@0.5: 0.0909
[16:03:33] 
============================================================
[16:03:33]  FOLD 4/5 — Train: 755, Val: 188
[16:03:33] ============================================================
[16:03:33]   Fold 4/5 | Epoch   1 | LR 0.000140 | Train Loss 0.4825 | Val Loss 0.3418 | Val F1 0.0545
[16:03:40]   Fold 4/5 | Epoch  10 | LR 0.000699 | Train Loss 0.3545 | Val Loss 0.3055 | Val F1 0.1510
[16:03:47]   Fold 4/5 | Epoch  20 | LR 0.000691 | Train Loss 0.2729 | Val Loss 0.2924 | Val F1 0.1858
[16:03:55]   Fold 4/5 | Epoch  30 | LR 0.000674 | Train Loss 0.2177 | Val Loss 0.3462 | Val F1 0.1636
[16:03:59]   Fold 4/5 | Epoch  40 | LR 0.000649 | Train Loss 0.1856 | Val Loss 0.7669 | Val F1 0.1928
[16:04:06]   Early stopping at epoch 49 (patience=25)
[16:04:06]  Fold 4 — Best Val Loss: 0.2796, F1@0.5: 0.1750
[16:04:06] 
============================================================
[16:04:06]  FOLD 5/5 — Train: 755, Val: 188
[16:04:06] ============================================================
[16:04:07]   Fold 5/5 | Epoch   1 | LR 0.000140 | Train Loss 0.5593 | Val Loss 0.3237 | Val F1 0.1062
[16:04:12]   Fold 5/5 | Epoch  10 | LR 0.000699 | Train Loss 0.3526 | Val Loss 0.3161 | Val F1 0.1098
[16:04:18]   Fold 5/5 | Epoch  20 | LR 0.000691 | Train Loss 0.2656 | Val Loss 0.2540 | Val F1 0.1880
[16:04:24]   Fold 5/5 | Epoch  30 | LR 0.000674 | Train Loss 0.2124 | Val Loss 0.2807 | Val F1 0.2271
[16:04:30]   Fold 5/5 | Epoch  40 | LR 0.000649 | Train Loss 0.1829 | Val Loss 0.3640 | Val F1 0.2348
[16:04:34]   Early stopping at epoch 49 (patience=25)
[16:04:34]  Fold 5 — Best Val Loss: 0.2489, F1@0.5: 0.2117
[16:04:34] 
============================================================
[16:04:34]  K-FOLD RESULTS
[16:04:34] ============================================================
[16:04:34]  F1@0.5 per fold: ['0.1963', '0.0941', '0.0909', '0.1750', '0.2117']
[16:04:34]  Mean F1@0.5: 0.1536 ± 0.0513
[16:04:34] 
 Tuning per-action thresholds...
[16:04:35]  Threshold range: [0.05, 0.70], mean=0.49
[16:04:35] 
 With tuned thresholds:
[16:04:35]   Macro F1:   0.1911
[16:04:35]   Micro F1:   0.3505
[16:04:35]   Sample F1:  0.3590
[16:04:35]   Precision:  0.1811
[16:04:35]   Recall:     0.5471
[16:04:35] 
 Per-action F1 (tuned threshold):
[16:04:35]   D3-CCSA: F1=0.1818 (t=0.70, support=17)
[16:04:35]   D3-CE: F1=0.0588 (t=0.60, support=14)
[16:04:35]   D3-CQ: F1=0.1514 (t=0.45, support=71)
[16:04:35]   D3-CR: F1=0.2500 (t=0.65, support=6)
[16:04:35]   D3-CRO: F1=0.0101 (t=0.50, support=3)
[16:04:35]   D3-DNSDL: F1=0.0656 (t=0.55, support=25)
[16:04:35]   D3-EAL: F1=0.0102 (t=0.50, support=3)
[16:04:35]   D3-EDL: F1=0.1530 (t=0.55, support=51)
[16:04:35]   D3-EI: F1=0.0690 (t=0.50, support=12)
[16:04:35]   D3-FA: F1=0.1538 (t=0.65, support=11)
[16:04:35]   D3-FAPA: F1=0.2591 (t=0.50, support=84)
[16:04:35]   D3-FCOA: F1=0.0101 (t=0.30, support=4)
[16:04:35]   D3-FEV: F1=0.5573 (t=0.45, support=356)
[16:04:35]   D3-FIM: F1=0.0205 (t=0.50, support=3)
[16:04:35]   D3-FR: F1=0.0312 (t=0.40, support=12)
[16:04:35]   D3-FRDDL: F1=0.3111 (t=0.55, support=44)
[16:04:35]   D3-NI: F1=0.5674 (t=0.45, support=364)
[16:04:35]   D3-NTA: F1=0.0174 (t=0.40, support=8)
[16:04:35]   D3-OTF: F1=0.4364 (t=0.45, support=262)
[16:04:35]   D3-PA: F1=0.1300 (t=0.50, support=52)
[16:04:35]   D3-PCSV: F1=0.2015 (t=0.45, support=98)
[16:04:35]   D3-PLA: F1=0.1051 (t=0.50, support=38)
[16:04:35]   D3-PSA: F1=0.4488 (t=0.40, support=264)
[16:04:35]   D3-PSMD: F1=0.0290 (t=0.45, support=3)
[16:04:35]   D3-PT: F1=0.9789 (t=0.05, support=904)
[16:04:35]   D3-RC: F1=0.1053 (t=0.55, support=12)
[16:04:35]   D3-RF: F1=0.2000 (t=0.60, support=22)
[16:04:35]   D3-RKD: F1=0.3702 (t=0.50, support=148)
[16:04:35]   D3-SCA: F1=0.0952 (t=0.60, support=13)
[16:04:35]   D3-SEA: F1=0.0201 (t=0.45, support=3)
[16:04:35]   D3-SICA: F1=0.2181 (t=0.50, support=84)
[16:04:35]   D3-SJA: F1=0.0306 (t=0.55, support=4)
[16:04:35]   D3-ST: F1=0.0597 (t=0.45, support=13)
[16:04:35]  Result: Macro F1=0.1911, Micro F1=0.3505, P=0.1811, R=0.5471 (127s)
[16:04:35]  Current best: Case 2 (w_sig=0.0, w_ttp=0.1, w_mbc=0.9) → Macro F1=0.2665
[16:04:35] 
[Case  7/66] w_sig=0.0, w_ttp=0.6, w_mbc=0.4
[16:04:35]  CNN Dataset: 943 samples, 478 features → 22x22 image
[16:04:35]  Device: cpu
[16:04:35] 
============================================================
[16:04:35]  FOLD 1/5 — Train: 754, Val: 189
[16:04:35] ============================================================
[16:04:35]  Model parameters: 65,505
[16:04:36]   Fold 1/5 | Epoch   1 | LR 0.000140 | Train Loss 0.5146 | Val Loss 0.3352 | Val F1 0.0587
[16:04:41]   Fold 1/5 | Epoch  10 | LR 0.000699 | Train Loss 0.3665 | Val Loss 0.2760 | Val F1 0.1521
[16:04:46]   Fold 1/5 | Epoch  20 | LR 0.000691 | Train Loss 0.2863 | Val Loss 0.3256 | Val F1 0.1566
[16:04:51]   Fold 1/5 | Epoch  30 | LR 0.000674 | Train Loss 0.2234 | Val Loss 0.5665 | Val F1 0.1709
[16:04:56]   Fold 1/5 | Epoch  40 | LR 0.000649 | Train Loss 0.1908 | Val Loss 0.3626 | Val F1 0.2138
[16:04:56]   Early stopping at epoch 40 (patience=25)
[16:04:56]  Fold 1 — Best Val Loss: 0.2690, F1@0.5: 0.1786
[16:04:56] 
============================================================
[16:04:56]  FOLD 2/5 — Train: 754, Val: 189
[16:04:56] ============================================================
[16:04:57]   Fold 2/5 | Epoch   1 | LR 0.000140 | Train Loss 0.5075 | Val Loss 0.3602 | Val F1 0.0341
[16:05:01]   Fold 2/5 | Epoch  10 | LR 0.000699 | Train Loss 0.3279 | Val Loss 0.3968 | Val F1 0.1406
[16:05:07]   Fold 2/5 | Epoch  20 | LR 0.000691 | Train Loss 0.2649 | Val Loss 0.4944 | Val F1 0.1834
[16:05:10]   Early stopping at epoch 26 (patience=25)
[16:05:10]  Fold 2 — Best Val Loss: 0.3602, F1@0.5: 0.0341
[16:05:10] 
============================================================
[16:05:10]  FOLD 3/5 — Train: 754, Val: 189
[16:05:10] ============================================================
[16:05:10]   Fold 3/5 | Epoch   1 | LR 0.000140 | Train Loss 0.5185 | Val Loss 0.3418 | Val F1 0.0873
[16:05:15]   Fold 3/5 | Epoch  10 | LR 0.000699 | Train Loss 0.3446 | Val Loss 0.3506 | Val F1 0.1500
[16:05:19]   Fold 3/5 | Epoch  20 | LR 0.000691 | Train Loss 0.2718 | Val Loss 0.3326 | Val F1 0.1574
[16:05:25]   Fold 3/5 | Epoch  30 | LR 0.000674 | Train Loss 0.2190 | Val Loss 0.4288 | Val F1 0.1908
[16:05:25]   Early stopping at epoch 30 (patience=25)
[16:05:25]  Fold 3 — Best Val Loss: 0.3219, F1@0.5: 0.1275
[16:05:25] 
============================================================
[16:05:25]  FOLD 4/5 — Train: 755, Val: 188
[16:05:25] ============================================================
[16:05:25]   Fold 4/5 | Epoch   1 | LR 0.000140 | Train Loss 0.5368 | Val Loss 0.3127 | Val F1 0.0598
[16:05:30]   Fold 4/5 | Epoch  10 | LR 0.000699 | Train Loss 0.3553 | Val Loss 0.2902 | Val F1 0.1512
[16:05:35]   Fold 4/5 | Epoch  20 | LR 0.000691 | Train Loss 0.2840 | Val Loss 0.2622 | Val F1 0.1565
[16:05:40]   Fold 4/5 | Epoch  30 | LR 0.000674 | Train Loss 0.2264 | Val Loss 0.3789 | Val F1 0.1887
[16:05:45]   Fold 4/5 | Epoch  40 | LR 0.000649 | Train Loss 0.2070 | Val Loss 1.1985 | Val F1 0.1334
[16:05:47]   Early stopping at epoch 45 (patience=25)
[16:05:47]  Fold 4 — Best Val Loss: 0.2622, F1@0.5: 0.1565
[16:05:47] 
============================================================
[16:05:47]  FOLD 5/5 — Train: 755, Val: 188
[16:05:47] ============================================================
[16:05:48]   Fold 5/5 | Epoch   1 | LR 0.000140 | Train Loss 0.5496 | Val Loss 0.3042 | Val F1 0.0706
[16:05:53]   Fold 5/5 | Epoch  10 | LR 0.000699 | Train Loss 0.3631 | Val Loss 0.2827 | Val F1 0.1475
[16:05:58]   Fold 5/5 | Epoch  20 | LR 0.000691 | Train Loss 0.2912 | Val Loss 0.3043 | Val F1 0.1571
[16:06:03]   Fold 5/5 | Epoch  30 | LR 0.000674 | Train Loss 0.2255 | Val Loss 0.4143 | Val F1 0.1787
[16:06:08]   Fold 5/5 | Epoch  40 | LR 0.000649 | Train Loss 0.1912 | Val Loss 0.8943 | Val F1 0.1689
[16:06:13]   Fold 5/5 | Epoch  50 | LR 0.000616 | Train Loss 0.1703 | Val Loss 0.5436 | Val F1 0.2999
[16:06:19]   Fold 5/5 | Epoch  60 | LR 0.000576 | Train Loss 0.1509 | Val Loss 0.3538 | Val F1 0.1773
[16:06:20]   Early stopping at epoch 63 (patience=25)
[16:06:20]  Fold 5 — Best Val Loss: 0.2302, F1@0.5: 0.2391
[16:06:20] 
============================================================
[16:06:20]  K-FOLD RESULTS
[16:06:20] ============================================================
[16:06:20]  F1@0.5 per fold: ['0.1786', '0.0341', '0.1275', '0.1565', '0.2391']
[16:06:20]  Mean F1@0.5: 0.1472 ± 0.0674
[16:06:20] 
 Tuning per-action thresholds...
[16:06:21]  Threshold range: [0.05, 0.65], mean=0.49
[16:06:21] 
 With tuned thresholds:
[16:06:21]   Macro F1:   0.1926
[16:06:21]   Micro F1:   0.3686
[16:06:21]   Sample F1:  0.3837
[16:06:21]   Precision:  0.1782
[16:06:21]   Recall:     0.5384
[16:06:21] 
 Per-action F1 (tuned threshold):
[16:06:21]   D3-CCSA: F1=0.1463 (t=0.60, support=17)
[16:06:21]   D3-CE: F1=0.1379 (t=0.60, support=14)
[16:06:21]   D3-CQ: F1=0.1652 (t=0.50, support=71)
[16:06:21]   D3-CR: F1=0.1667 (t=0.65, support=6)
[16:06:21]   D3-CRO: F1=0.0157 (t=0.45, support=3)
[16:06:21]   D3-DNSDL: F1=0.1290 (t=0.60, support=25)
[16:06:21]   D3-EAL: F1=0.0104 (t=0.50, support=3)
[16:06:21]   D3-EDL: F1=0.1356 (t=0.55, support=51)
[16:06:21]   D3-EI: F1=0.0455 (t=0.50, support=12)
[16:06:21]   D3-FA: F1=0.0585 (t=0.55, support=11)
[16:06:21]   D3-FAPA: F1=0.2804 (t=0.45, support=84)
[16:06:21]   D3-FCOA: F1=0.0238 (t=0.50, support=4)
[16:06:21]   D3-FEV: F1=0.5684 (t=0.40, support=356)
[16:06:21]   D3-FIM: F1=0.0214 (t=0.45, support=3)
[16:06:21]   D3-FR: F1=0.1026 (t=0.50, support=12)
[16:06:21]   D3-FRDDL: F1=0.2718 (t=0.55, support=44)
[16:06:21]   D3-NI: F1=0.5687 (t=0.45, support=364)
[16:06:21]   D3-NTA: F1=0.0197 (t=0.35, support=8)
[16:06:21]   D3-OTF: F1=0.4450 (t=0.50, support=262)
[16:06:21]   D3-PA: F1=0.1322 (t=0.50, support=52)
[16:06:21]   D3-PCSV: F1=0.1971 (t=0.45, support=98)
[16:06:21]   D3-PLA: F1=0.1064 (t=0.55, support=38)
[16:06:21]   D3-PSA: F1=0.4376 (t=0.40, support=264)
[16:06:21]   D3-PSMD: F1=0.0203 (t=0.50, support=3)
[16:06:21]   D3-PT: F1=0.9789 (t=0.05, support=904)
[16:06:21]   D3-RC: F1=0.1250 (t=0.60, support=12)
[16:06:21]   D3-RF: F1=0.1481 (t=0.60, support=22)
[16:06:21]   D3-RKD: F1=0.3802 (t=0.50, support=148)
[16:06:21]   D3-SCA: F1=0.1250 (t=0.60, support=13)
[16:06:21]   D3-SEA: F1=0.0091 (t=0.35, support=3)
[16:06:21]   D3-SICA: F1=0.2500 (t=0.45, support=84)
[16:06:21]   D3-SJA: F1=0.0301 (t=0.45, support=4)
[16:06:21]   D3-ST: F1=0.1026 (t=0.55, support=13)
[16:06:21]  Result: Macro F1=0.1926, Micro F1=0.3686, P=0.1782, R=0.5384 (105s)
[16:06:21]  Current best: Case 2 (w_sig=0.0, w_ttp=0.1, w_mbc=0.9) → Macro F1=0.2665
[16:06:21] 
[Case  8/66] w_sig=0.0, w_ttp=0.7, w_mbc=0.3
[16:06:21]  CNN Dataset: 943 samples, 478 features → 22x22 image
[16:06:21]  Device: cpu
[16:06:21] 
============================================================
[16:06:21]  FOLD 1/5 — Train: 754, Val: 189
[16:06:21] ============================================================
[16:06:21]  Model parameters: 65,505
[16:06:21]   Fold 1/5 | Epoch   1 | LR 0.000140 | Train Loss 0.5149 | Val Loss 0.3309 | Val F1 0.0647
[16:06:26]   Fold 1/5 | Epoch  10 | LR 0.000699 | Train Loss 0.3700 | Val Loss 0.2818 | Val F1 0.1624
[16:06:31]   Fold 1/5 | Epoch  20 | LR 0.000691 | Train Loss 0.2915 | Val Loss 0.5481 | Val F1 0.0963
[16:06:36]   Fold 1/5 | Epoch  30 | LR 0.000674 | Train Loss 0.2300 | Val Loss 0.8273 | Val F1 0.1661
[16:06:41]   Fold 1/5 | Epoch  40 | LR 0.000649 | Train Loss 0.1960 | Val Loss 0.4905 | Val F1 0.1513
[16:06:43]   Early stopping at epoch 43 (patience=25)
[16:06:43]  Fold 1 — Best Val Loss: 0.2752, F1@0.5: 0.1951
[16:06:43] 
============================================================
[16:06:43]  FOLD 2/5 — Train: 754, Val: 189
[16:06:43] ============================================================
[16:06:43]   Fold 2/5 | Epoch   1 | LR 0.000140 | Train Loss 0.4948 | Val Loss 0.3743 | Val F1 0.0428
[16:06:47]   Fold 2/5 | Epoch  10 | LR 0.000699 | Train Loss 0.3296 | Val Loss 0.4439 | Val F1 0.1428
[16:06:53]   Fold 2/5 | Epoch  20 | LR 0.000691 | Train Loss 0.2666 | Val Loss 0.6757 | Val F1 0.1387
[16:06:55]   Early stopping at epoch 26 (patience=25)
[16:06:55]  Fold 2 — Best Val Loss: 0.3743, F1@0.5: 0.0428
[16:06:55] 
============================================================
[16:06:55]  FOLD 3/5 — Train: 754, Val: 189
[16:06:55] ============================================================
[16:06:56]   Fold 3/5 | Epoch   1 | LR 0.000140 | Train Loss 0.5210 | Val Loss 0.3342 | Val F1 0.0345
[16:07:01]   Fold 3/5 | Epoch  10 | LR 0.000699 | Train Loss 0.3585 | Val Loss 0.3612 | Val F1 0.1484
[16:07:07]   Fold 3/5 | Epoch  20 | LR 0.000691 | Train Loss 0.2804 | Val Loss 0.5346 | Val F1 0.1616
[16:07:11]   Early stopping at epoch 29 (patience=25)
[16:07:11]  Fold 3 — Best Val Loss: 0.3196, F1@0.5: 0.1071
[16:07:11] 
============================================================
[16:07:11]  FOLD 4/5 — Train: 755, Val: 188
[16:07:11] ============================================================
[16:07:12]   Fold 4/5 | Epoch   1 | LR 0.000140 | Train Loss 0.5401 | Val Loss 0.3054 | Val F1 0.0650
[16:07:16]   Fold 4/5 | Epoch  10 | LR 0.000699 | Train Loss 0.3695 | Val Loss 0.3079 | Val F1 0.1559
[16:07:22]   Fold 4/5 | Epoch  20 | LR 0.000691 | Train Loss 0.2978 | Val Loss 0.2596 | Val F1 0.1560
[16:07:27]   Fold 4/5 | Epoch  30 | LR 0.000674 | Train Loss 0.2499 | Val Loss 0.3771 | Val F1 0.1818
[16:07:32]   Fold 4/5 | Epoch  40 | LR 0.000649 | Train Loss 0.1927 | Val Loss 0.5002 | Val F1 0.1805
[16:07:35]   Early stopping at epoch 45 (patience=25)
[16:07:35]  Fold 4 — Best Val Loss: 0.2596, F1@0.5: 0.1560
[16:07:35] 
============================================================
[16:07:35]  FOLD 5/5 — Train: 755, Val: 188
[16:07:35] ============================================================
[16:07:36]   Fold 5/5 | Epoch   1 | LR 0.000140 | Train Loss 0.4955 | Val Loss 0.2942 | Val F1 0.0919
[16:07:40]   Fold 5/5 | Epoch  10 | LR 0.000699 | Train Loss 0.3694 | Val Loss 0.2873 | Val F1 0.1389
[16:07:45]   Fold 5/5 | Epoch  20 | LR 0.000691 | Train Loss 0.2926 | Val Loss 0.2932 | Val F1 0.1844
[16:07:51]   Fold 5/5 | Epoch  30 | LR 0.000674 | Train Loss 0.2379 | Val Loss 0.2942 | Val F1 0.1705
[16:07:51]   Early stopping at epoch 31 (patience=25)
[16:07:51]  Fold 5 — Best Val Loss: 0.2703, F1@0.5: 0.1393
[16:07:51] 
============================================================
[16:07:51]  K-FOLD RESULTS
[16:07:51] ============================================================
[16:07:51]  F1@0.5 per fold: ['0.1951', '0.0428', '0.1071', '0.1560', '0.1393']
[16:07:51]  Mean F1@0.5: 0.1281 ± 0.0512
[16:07:51] 
 Tuning per-action thresholds...
[16:07:52]  Threshold range: [0.05, 0.60], mean=0.46
[16:07:52] 
 With tuned thresholds:
[16:07:52]   Macro F1:   0.1798
[16:07:52]   Micro F1:   0.3096
[16:07:52]   Sample F1:  0.3228
[16:07:52]   Precision:  0.1357
[16:07:52]   Recall:     0.6349
[16:07:52] 
 Per-action F1 (tuned threshold):
[16:07:52]   D3-CCSA: F1=0.0952 (t=0.60, support=17)
[16:07:52]   D3-CE: F1=0.0317 (t=0.50, support=14)
[16:07:52]   D3-CQ: F1=0.1572 (t=0.50, support=71)
[16:07:52]   D3-CR: F1=0.0175 (t=0.45, support=6)
[16:07:52]   D3-CRO: F1=0.0121 (t=0.45, support=3)
[16:07:52]   D3-DNSDL: F1=0.0628 (t=0.45, support=25)
[16:07:52]   D3-EAL: F1=0.0096 (t=0.45, support=3)
[16:07:52]   D3-EDL: F1=0.1262 (t=0.55, support=51)
[16:07:52]   D3-EI: F1=0.0360 (t=0.45, support=12)
[16:07:52]   D3-FA: F1=0.0281 (t=0.45, support=11)
[16:07:52]   D3-FAPA: F1=0.2566 (t=0.50, support=84)
[16:07:52]   D3-FCOA: F1=0.0097 (t=0.35, support=4)
[16:07:52]   D3-FEV: F1=0.5490 (t=0.35, support=356)
[16:07:52]   D3-FIM: F1=0.0769 (t=0.45, support=3)
[16:07:52]   D3-FR: F1=0.0302 (t=0.45, support=12)
[16:07:52]   D3-FRDDL: F1=0.3269 (t=0.55, support=44)
[16:07:52]   D3-NI: F1=0.5726 (t=0.40, support=364)
[16:07:52]   D3-NTA: F1=0.1333 (t=0.60, support=8)
[16:07:52]   D3-OTF: F1=0.4479 (t=0.45, support=262)
[16:07:52]   D3-PA: F1=0.1788 (t=0.50, support=52)
[16:07:52]   D3-PCSV: F1=0.1935 (t=0.45, support=98)
[16:07:52]   D3-PLA: F1=0.0993 (t=0.50, support=38)
[16:07:52]   D3-PSA: F1=0.4415 (t=0.40, support=264)
[16:07:52]   D3-PSMD: F1=0.0291 (t=0.50, support=3)
[16:07:52]   D3-PT: F1=0.9789 (t=0.05, support=904)
[16:07:52]   D3-RC: F1=0.1538 (t=0.50, support=12)
[16:07:52]   D3-RF: F1=0.1818 (t=0.50, support=22)
[16:07:52]   D3-RKD: F1=0.3621 (t=0.50, support=148)
[16:07:52]   D3-SCA: F1=0.0361 (t=0.45, support=13)
[16:07:52]   D3-SEA: F1=0.0078 (t=0.35, support=3)
[16:07:52]   D3-SICA: F1=0.2153 (t=0.50, support=84)
[16:07:52]   D3-SJA: F1=0.0311 (t=0.55, support=4)
[16:07:52]   D3-ST: F1=0.0430 (t=0.50, support=13)
[16:07:52]  Result: Macro F1=0.1798, Micro F1=0.3096, P=0.1357, R=0.6349 (91s)
[16:07:52]  Current best: Case 2 (w_sig=0.0, w_ttp=0.1, w_mbc=0.9) → Macro F1=0.2665
[16:07:52] 
[Case  9/66] w_sig=0.0, w_ttp=0.8, w_mbc=0.2
[16:07:52]  CNN Dataset: 943 samples, 478 features → 22x22 image
[16:07:52]  Device: cpu
[16:07:52] 
============================================================
[16:07:52]  FOLD 1/5 — Train: 754, Val: 189
[16:07:52] ============================================================
[16:07:52]  Model parameters: 65,505
[16:07:52]   Fold 1/5 | Epoch   1 | LR 0.000140 | Train Loss 0.5155 | Val Loss 0.3274 | Val F1 0.0647
[16:07:57]   Fold 1/5 | Epoch  10 | LR 0.000699 | Train Loss 0.3728 | Val Loss 0.2798 | Val F1 0.1481
[16:08:01]   Fold 1/5 | Epoch  20 | LR 0.000691 | Train Loss 0.2982 | Val Loss 0.3706 | Val F1 0.1306
[16:08:07]   Fold 1/5 | Epoch  30 | LR 0.000674 | Train Loss 0.2348 | Val Loss 0.4597 | Val F1 0.1356
[16:08:12]   Fold 1/5 | Epoch  40 | LR 0.000649 | Train Loss 0.2019 | Val Loss 0.3357 | Val F1 0.1724
[16:08:13]   Early stopping at epoch 42 (patience=25)
[16:08:13]  Fold 1 — Best Val Loss: 0.2685, F1@0.5: 0.1868
[16:08:13] 
============================================================
[16:08:13]  FOLD 2/5 — Train: 754, Val: 189
[16:08:13] ============================================================
[16:08:13]   Fold 2/5 | Epoch   1 | LR 0.000140 | Train Loss 0.4724 | Val Loss 0.3742 | Val F1 0.1060
[16:08:18]   Fold 2/5 | Epoch  10 | LR 0.000699 | Train Loss 0.3497 | Val Loss 0.4303 | Val F1 0.1246
[16:08:23]   Fold 2/5 | Epoch  20 | LR 0.000691 | Train Loss 0.2819 | Val Loss 0.4772 | Val F1 0.1589
[16:08:26]   Early stopping at epoch 26 (patience=25)
[16:08:26]  Fold 2 — Best Val Loss: 0.3742, F1@0.5: 0.1060
[16:08:26] 
============================================================
[16:08:26]  FOLD 3/5 — Train: 754, Val: 189
[16:08:26] ============================================================
[16:08:26]   Fold 3/5 | Epoch   1 | LR 0.000140 | Train Loss 0.5419 | Val Loss 0.3432 | Val F1 0.0616
[16:08:32]   Fold 3/5 | Epoch  10 | LR 0.000699 | Train Loss 0.3442 | Val Loss 0.3511 | Val F1 0.1484
[16:08:37]   Fold 3/5 | Epoch  20 | LR 0.000691 | Train Loss 0.2783 | Val Loss 0.8757 | Val F1 0.1066
[16:08:41]   Early stopping at epoch 29 (patience=25)
[16:08:41]  Fold 3 — Best Val Loss: 0.3260, F1@0.5: 0.1129
[16:08:41] 
============================================================
[16:08:41]  FOLD 4/5 — Train: 755, Val: 188
[16:08:41] ============================================================
[16:08:42]   Fold 4/5 | Epoch   1 | LR 0.000140 | Train Loss 0.5089 | Val Loss 0.3181 | Val F1 0.0507
[16:08:47]   Fold 4/5 | Epoch  10 | LR 0.000699 | Train Loss 0.3630 | Val Loss 0.3078 | Val F1 0.1221
[16:08:51]   Fold 4/5 | Epoch  20 | LR 0.000691 | Train Loss 0.3012 | Val Loss 0.3255 | Val F1 0.1508
[16:08:57]   Fold 4/5 | Epoch  30 | LR 0.000674 | Train Loss 0.2445 | Val Loss 0.3539 | Val F1 0.1376
[16:09:02]   Fold 4/5 | Epoch  40 | LR 0.000649 | Train Loss 0.2077 | Val Loss 1.4345 | Val F1 0.0950
[16:09:03]   Early stopping at epoch 43 (patience=25)
[16:09:03]  Fold 4 — Best Val Loss: 0.2679, F1@0.5: 0.1654
[16:09:03] 
============================================================
[16:09:03]  FOLD 5/5 — Train: 755, Val: 188
[16:09:03] ============================================================
[16:09:04]   Fold 5/5 | Epoch   1 | LR 0.000140 | Train Loss 0.5581 | Val Loss 0.2985 | Val F1 0.0280
[16:09:08]   Fold 5/5 | Epoch  10 | LR 0.000699 | Train Loss 0.3765 | Val Loss 0.3043 | Val F1 0.1582
[16:09:13]   Fold 5/5 | Epoch  20 | LR 0.000691 | Train Loss 0.3038 | Val Loss 0.2836 | Val F1 0.1583
[16:09:18]   Early stopping at epoch 29 (patience=25)
[16:09:18]  Fold 5 — Best Val Loss: 0.2796, F1@0.5: 0.1012
[16:09:18] 
============================================================
[16:09:18]  K-FOLD RESULTS
[16:09:18] ============================================================
[16:09:18]  F1@0.5 per fold: ['0.1868', '0.1060', '0.1129', '0.1654', '0.1012']
[16:09:18]  Mean F1@0.5: 0.1345 ± 0.0349
[16:09:18] 
 Tuning per-action thresholds...
[16:09:18]  Threshold range: [0.05, 0.55], mean=0.45
[16:09:18] 
 With tuned thresholds:
[16:09:18]   Macro F1:   0.1679
[16:09:18]   Micro F1:   0.2786
[16:09:18]   Sample F1:  0.2826
[16:09:18]   Precision:  0.1194
[16:09:18]   Recall:     0.6577
[16:09:18] 
 Per-action F1 (tuned threshold):
[16:09:19]   D3-CCSA: F1=0.0769 (t=0.55, support=17)
[16:09:19]   D3-CE: F1=0.0476 (t=0.55, support=14)
[16:09:19]   D3-CQ: F1=0.1405 (t=0.40, support=71)
[16:09:19]   D3-CR: F1=0.0158 (t=0.40, support=6)
[16:09:19]   D3-CRO: F1=0.0071 (t=0.30, support=3)
[16:09:19]   D3-DNSDL: F1=0.0625 (t=0.50, support=25)
[16:09:19]   D3-EAL: F1=0.0103 (t=0.50, support=3)
[16:09:19]   D3-EDL: F1=0.1325 (t=0.50, support=51)
[16:09:19]   D3-EI: F1=0.0625 (t=0.55, support=12)
[16:09:19]   D3-FA: F1=0.0500 (t=0.55, support=11)
[16:09:19]   D3-FAPA: F1=0.3181 (t=0.50, support=84)
[16:09:19]   D3-FCOA: F1=0.0114 (t=0.50, support=4)
[16:09:19]   D3-FEV: F1=0.5486 (t=0.45, support=356)
[16:09:19]   D3-FIM: F1=0.0625 (t=0.50, support=3)
[16:09:19]   D3-FR: F1=0.0317 (t=0.40, support=12)
[16:09:19]   D3-FRDDL: F1=0.1749 (t=0.50, support=44)
[16:09:19]   D3-NI: F1=0.5705 (t=0.45, support=364)
[16:09:19]   D3-NTA: F1=0.0175 (t=0.35, support=8)
[16:09:19]   D3-OTF: F1=0.4399 (t=0.45, support=262)
[16:09:19]   D3-PA: F1=0.1289 (t=0.50, support=52)
[16:09:19]   D3-PCSV: F1=0.1908 (t=0.45, support=98)
[16:09:19]   D3-PLA: F1=0.0896 (t=0.50, support=38)
[16:09:19]   D3-PSA: F1=0.4400 (t=0.40, support=264)
[16:09:19]   D3-PSMD: F1=0.0741 (t=0.50, support=3)
[16:09:19]   D3-PT: F1=0.9789 (t=0.05, support=904)
[16:09:19]   D3-RC: F1=0.0423 (t=0.45, support=12)
[16:09:19]   D3-RF: F1=0.1856 (t=0.50, support=22)
[16:09:19]   D3-RKD: F1=0.3562 (t=0.50, support=148)
[16:09:19]   D3-SCA: F1=0.0291 (t=0.40, support=13)
[16:09:19]   D3-SEA: F1=0.0073 (t=0.35, support=3)
[16:09:19]   D3-SICA: F1=0.1777 (t=0.50, support=84)
[16:09:19]   D3-SJA: F1=0.0311 (t=0.55, support=4)
[16:09:19]   D3-ST: F1=0.0301 (t=0.45, support=13)
[16:09:19]  Result: Macro F1=0.1679, Micro F1=0.2786, P=0.1194, R=0.6577 (87s)
[16:09:19]  Current best: Case 2 (w_sig=0.0, w_ttp=0.1, w_mbc=0.9) → Macro F1=0.2665
[16:09:19] 
[Case 10/66] w_sig=0.0, w_ttp=0.9, w_mbc=0.1
[16:09:19]  CNN Dataset: 943 samples, 478 features → 22x22 image
[16:09:19]  Device: cpu
[16:09:19] 
============================================================
[16:09:19]  FOLD 1/5 — Train: 754, Val: 189
[16:09:19] ============================================================
[16:09:19]  Model parameters: 65,505
[16:09:19]   Fold 1/5 | Epoch   1 | LR 0.000140 | Train Loss 0.5158 | Val Loss 0.3238 | Val F1 0.0647
[16:09:23]   Fold 1/5 | Epoch  10 | LR 0.000699 | Train Loss 0.3746 | Val Loss 0.2914 | Val F1 0.1296
[16:09:28]   Fold 1/5 | Epoch  20 | LR 0.000691 | Train Loss 0.3025 | Val Loss 0.2898 | Val F1 0.1650
[16:09:33]   Fold 1/5 | Epoch  30 | LR 0.000674 | Train Loss 0.2412 | Val Loss 0.3557 | Val F1 0.1960
[16:09:39]   Fold 1/5 | Epoch  40 | LR 0.000649 | Train Loss 0.2018 | Val Loss 0.3119 | Val F1 0.1665
[16:09:40]   Early stopping at epoch 43 (patience=25)
[16:09:40]  Fold 1 — Best Val Loss: 0.2624, F1@0.5: 0.1959
[16:09:40] 
============================================================
[16:09:40]  FOLD 2/5 — Train: 754, Val: 189
[16:09:40] ============================================================
[16:09:41]   Fold 2/5 | Epoch   1 | LR 0.000140 | Train Loss 0.4947 | Val Loss 0.3711 | Val F1 0.0428
[16:09:45]   Fold 2/5 | Epoch  10 | LR 0.000699 | Train Loss 0.3348 | Val Loss 0.4600 | Val F1 0.1551
[16:09:50]   Fold 2/5 | Epoch  20 | LR 0.000691 | Train Loss 0.2746 | Val Loss 0.3587 | Val F1 0.1519
[16:09:55]   Fold 2/5 | Epoch  30 | LR 0.000674 | Train Loss 0.2228 | Val Loss 0.5149 | Val F1 0.1811
[16:10:01]   Fold 2/5 | Epoch  40 | LR 0.000649 | Train Loss 0.1943 | Val Loss 0.5561 | Val F1 0.1952
[16:10:03]   Early stopping at epoch 45 (patience=25)
[16:10:03]  Fold 2 — Best Val Loss: 0.3587, F1@0.5: 0.1519
[16:10:03] 
============================================================
[16:10:03]  FOLD 3/5 — Train: 754, Val: 189
[16:10:03] ============================================================
[16:10:04]   Fold 3/5 | Epoch   1 | LR 0.000140 | Train Loss 0.4906 | Val Loss 0.3364 | Val F1 0.0799
[16:10:08]   Fold 3/5 | Epoch  10 | LR 0.000699 | Train Loss 0.3649 | Val Loss 0.3431 | Val F1 0.1312
[16:10:14]   Fold 3/5 | Epoch  20 | LR 0.000691 | Train Loss 0.2858 | Val Loss 0.4514 | Val F1 0.1337
[16:10:19]   Fold 3/5 | Epoch  30 | LR 0.000674 | Train Loss 0.2363 | Val Loss 0.3879 | Val F1 0.1521
[16:10:22]   Early stopping at epoch 37 (patience=25)
[16:10:22]  Fold 3 — Best Val Loss: 0.3221, F1@0.5: 0.1443
[16:10:22] 
============================================================
[16:10:22]  FOLD 4/5 — Train: 755, Val: 188
[16:10:22] ============================================================
[16:10:23]   Fold 4/5 | Epoch   1 | LR 0.000140 | Train Loss 0.4961 | Val Loss 0.2934 | Val F1 0.0747
[16:10:27]   Fold 4/5 | Epoch  10 | LR 0.000699 | Train Loss 0.3658 | Val Loss 0.2994 | Val F1 0.1310
[16:10:33]   Fold 4/5 | Epoch  20 | LR 0.000691 | Train Loss 0.3156 | Val Loss 0.3032 | Val F1 0.1640
[16:10:38]   Fold 4/5 | Epoch  30 | LR 0.000674 | Train Loss 0.2681 | Val Loss 0.4176 | Val F1 0.1468
[16:10:43]   Fold 4/5 | Epoch  40 | LR 0.000649 | Train Loss 0.2182 | Val Loss 0.4529 | Val F1 0.1698
[16:10:45]   Early stopping at epoch 44 (patience=25)
[16:10:45]  Fold 4 — Best Val Loss: 0.2819, F1@0.5: 0.1790
[16:10:45] 
============================================================
[16:10:45]  FOLD 5/5 — Train: 755, Val: 188
[16:10:45] ============================================================
[16:10:45]   Fold 5/5 | Epoch   1 | LR 0.000140 | Train Loss 0.5332 | Val Loss 0.3132 | Val F1 0.0609
[16:10:50]   Fold 5/5 | Epoch  10 | LR 0.000699 | Train Loss 0.3607 | Val Loss 0.2928 | Val F1 0.1188
[16:10:55]   Fold 5/5 | Epoch  20 | LR 0.000691 | Train Loss 0.3148 | Val Loss 0.2589 | Val F1 0.1596
[16:11:00]   Fold 5/5 | Epoch  30 | LR 0.000674 | Train Loss 0.2516 | Val Loss 0.7735 | Val F1 0.1337
[16:11:05]   Fold 5/5 | Epoch  40 | LR 0.000649 | Train Loss 0.2292 | Val Loss 0.7520 | Val F1 0.1341
[16:11:09]   Early stopping at epoch 48 (patience=25)
[16:11:09]  Fold 5 — Best Val Loss: 0.2480, F1@0.5: 0.1736
[16:11:09] 
============================================================
[16:11:09]  K-FOLD RESULTS
[16:11:09] ============================================================
[16:11:09]  F1@0.5 per fold: ['0.1959', '0.1519', '0.1443', '0.1790', '0.1736']
[16:11:09]  Mean F1@0.5: 0.1689 ± 0.0187
[16:11:09] 
 Tuning per-action thresholds...
[16:11:10]  Threshold range: [0.05, 0.60], mean=0.48
[16:11:10] 
 With tuned thresholds:
[16:11:10]   Macro F1:   0.1927
[16:11:10]   Micro F1:   0.3729
[16:11:10]   Sample F1:  0.3787
[16:11:10]   Precision:  0.1445
[16:11:10]   Recall:     0.5197
[16:11:10] 
 Per-action F1 (tuned threshold):
[16:11:10]   D3-CCSA: F1=0.1778 (t=0.60, support=17)
[16:11:10]   D3-CE: F1=0.0769 (t=0.60, support=14)
[16:11:10]   D3-CQ: F1=0.1748 (t=0.50, support=71)
[16:11:10]   D3-CR: F1=0.0877 (t=0.50, support=6)
[16:11:10]   D3-CRO: F1=0.0137 (t=0.45, support=3)
[16:11:10]   D3-DNSDL: F1=0.0851 (t=0.60, support=25)
[16:11:10]   D3-EAL: F1=0.0128 (t=0.45, support=3)
[16:11:10]   D3-EDL: F1=0.1145 (t=0.50, support=51)
[16:11:10]   D3-EI: F1=0.1935 (t=0.60, support=12)
[16:11:10]   D3-FA: F1=0.0645 (t=0.60, support=11)
[16:11:10]   D3-FAPA: F1=0.2944 (t=0.55, support=84)
[16:11:10]   D3-FCOA: F1=0.0323 (t=0.50, support=4)
[16:11:10]   D3-FEV: F1=0.5631 (t=0.45, support=356)
[16:11:10]   D3-FIM: F1=0.0606 (t=0.50, support=3)
[16:11:10]   D3-FR: F1=0.0513 (t=0.55, support=12)
[16:11:10]   D3-FRDDL: F1=0.4078 (t=0.55, support=44)
[16:11:10]   D3-NI: F1=0.5632 (t=0.40, support=364)
[16:11:10]   D3-NTA: F1=0.0188 (t=0.35, support=8)
[16:11:10]   D3-OTF: F1=0.4612 (t=0.45, support=262)
[16:11:10]   D3-PA: F1=0.1424 (t=0.45, support=52)
[16:11:10]   D3-PCSV: F1=0.2104 (t=0.50, support=98)
[16:11:10]   D3-PLA: F1=0.1159 (t=0.50, support=38)
[16:11:10]   D3-PSA: F1=0.4449 (t=0.45, support=264)
[16:11:10]   D3-PSMD: F1=0.0123 (t=0.35, support=3)
[16:11:10]   D3-PT: F1=0.9789 (t=0.05, support=904)
[16:11:10]   D3-RC: F1=0.0541 (t=0.55, support=12)
[16:11:10]   D3-RF: F1=0.0657 (t=0.50, support=22)
[16:11:10]   D3-RKD: F1=0.4556 (t=0.50, support=148)
[16:11:10]   D3-SCA: F1=0.0462 (t=0.50, support=13)
[16:11:10]   D3-SEA: F1=0.0086 (t=0.45, support=3)
[16:11:10]   D3-SICA: F1=0.3113 (t=0.50, support=84)
[16:11:10]   D3-SJA: F1=0.0230 (t=0.45, support=4)
[16:11:10]   D3-ST: F1=0.0343 (t=0.45, support=13)
[16:11:10]  Result: Macro F1=0.1927, Micro F1=0.3729, P=0.1445, R=0.5197 (111s)
[16:11:10]  Current best: Case 2 (w_sig=0.0, w_ttp=0.1, w_mbc=0.9) → Macro F1=0.2665
[16:11:10] 
[Case 11/66] w_sig=0.0, w_ttp=1.0, w_mbc=0.0
[16:11:10]  CNN Dataset: 943 samples, 478 features → 22x22 image
[16:11:10]  Device: cpu
[16:11:10] 
============================================================
[16:11:10]  FOLD 1/5 — Train: 754, Val: 189
[16:11:10] ============================================================
[16:11:10]  Model parameters: 65,505
[16:11:10]   Fold 1/5 | Epoch   1 | LR 0.000140 | Train Loss 0.5165 | Val Loss 0.3209 | Val F1 0.0647
[16:11:15]   Fold 1/5 | Epoch  10 | LR 0.000699 | Train Loss 0.3713 | Val Loss 0.2834 | Val F1 0.1471
[16:11:20]   Fold 1/5 | Epoch  20 | LR 0.000691 | Train Loss 0.3024 | Val Loss 0.2608 | Val F1 0.1901
[16:11:25]   Fold 1/5 | Epoch  30 | LR 0.000674 | Train Loss 0.2430 | Val Loss 0.6437 | Val F1 0.1339
[16:11:30]   Fold 1/5 | Epoch  40 | LR 0.000649 | Train Loss 0.2150 | Val Loss 0.3115 | Val F1 0.1769
[16:11:36]   Fold 1/5 | Epoch  50 | LR 0.000616 | Train Loss 0.1861 | Val Loss 1.5415 | Val F1 0.1068
[16:11:41]   Fold 1/5 | Epoch  60 | LR 0.000576 | Train Loss 0.1773 | Val Loss 0.2972 | Val F1 0.1869
[16:11:44]   Early stopping at epoch 66 (patience=25)
[16:11:44]  Fold 1 — Best Val Loss: 0.2537, F1@0.5: 0.1981
[16:11:44] 
============================================================
[16:11:44]  FOLD 2/5 — Train: 754, Val: 189
[16:11:44] ============================================================
[16:11:44]   Fold 2/5 | Epoch   1 | LR 0.000140 | Train Loss 0.5019 | Val Loss 0.3645 | Val F1 0.0371
[16:11:49]   Fold 2/5 | Epoch  10 | LR 0.000699 | Train Loss 0.3403 | Val Loss 0.4598 | Val F1 0.1297
[16:11:54]   Fold 2/5 | Epoch  20 | LR 0.000691 | Train Loss 0.2852 | Val Loss 0.4106 | Val F1 0.1828
[16:11:57]   Early stopping at epoch 27 (patience=25)
[16:11:57]  Fold 2 — Best Val Loss: 0.3631, F1@0.5: 0.0350
[16:11:57] 
============================================================
[16:11:57]  FOLD 3/5 — Train: 754, Val: 189
[16:11:57] ============================================================
[16:11:58]   Fold 3/5 | Epoch   1 | LR 0.000140 | Train Loss 0.5598 | Val Loss 0.3359 | Val F1 0.0365
[16:12:02]   Fold 3/5 | Epoch  10 | LR 0.000699 | Train Loss 0.3445 | Val Loss 0.3533 | Val F1 0.1029
[16:12:08]   Fold 3/5 | Epoch  20 | LR 0.000691 | Train Loss 0.2801 | Val Loss 0.3802 | Val F1 0.1644
[16:12:12]   Fold 3/5 | Epoch  30 | LR 0.000674 | Train Loss 0.2192 | Val Loss 0.5845 | Val F1 0.1714
[16:12:17]   Fold 3/5 | Epoch  40 | LR 0.000649 | Train Loss 0.2088 | Val Loss 0.3937 | Val F1 0.2068
[16:12:18]   Early stopping at epoch 42 (patience=25)
[16:12:18]  Fold 3 — Best Val Loss: 0.3050, F1@0.5: 0.1904
[16:12:18] 
============================================================
[16:12:18]  FOLD 4/5 — Train: 755, Val: 188
[16:12:18] ============================================================
[16:12:19]   Fold 4/5 | Epoch   1 | LR 0.000140 | Train Loss 0.4953 | Val Loss 0.2851 | Val F1 0.0639
[16:12:24]   Fold 4/5 | Epoch  10 | LR 0.000699 | Train Loss 0.3610 | Val Loss 0.2890 | Val F1 0.1319
[16:12:28]   Fold 4/5 | Epoch  20 | LR 0.000691 | Train Loss 0.3004 | Val Loss 0.2632 | Val F1 0.1873
[16:12:34]   Fold 4/5 | Epoch  30 | LR 0.000674 | Train Loss 0.2620 | Val Loss 0.2657 | Val F1 0.1858
[16:12:39]   Fold 4/5 | Epoch  40 | LR 0.000649 | Train Loss 0.2089 | Val Loss 0.5013 | Val F1 0.1946
[16:12:44]   Fold 4/5 | Epoch  50 | LR 0.000616 | Train Loss 0.2006 | Val Loss 0.3916 | Val F1 0.2102
[16:12:49]   Fold 4/5 | Epoch  60 | LR 0.000576 | Train Loss 0.1803 | Val Loss 1.3677 | Val F1 0.1158
[16:12:49]   Early stopping at epoch 60 (patience=25)
[16:12:49]  Fold 4 — Best Val Loss: 0.2500, F1@0.5: 0.2152
[16:12:49] 
============================================================
[16:12:49]  FOLD 5/5 — Train: 755, Val: 188
[16:12:49] ============================================================
[16:12:49]   Fold 5/5 | Epoch   1 | LR 0.000140 | Train Loss 0.5509 | Val Loss 0.3139 | Val F1 0.0676
[16:12:54]   Fold 5/5 | Epoch  10 | LR 0.000699 | Train Loss 0.3735 | Val Loss 0.2836 | Val F1 0.1472
[16:12:59]   Fold 5/5 | Epoch  20 | LR 0.000691 | Train Loss 0.3059 | Val Loss 0.3977 | Val F1 0.1476
[16:13:04]   Fold 5/5 | Epoch  30 | LR 0.000674 | Train Loss 0.2490 | Val Loss 0.6451 | Val F1 0.1502
[16:13:09]   Fold 5/5 | Epoch  40 | LR 0.000649 | Train Loss 0.2182 | Val Loss 0.3164 | Val F1 0.1978
[16:13:14]   Fold 5/5 | Epoch  50 | LR 0.000616 | Train Loss 0.1849 | Val Loss 0.6052 | Val F1 0.2237
[16:13:15]   Early stopping at epoch 51 (patience=25)
[16:13:15]  Fold 5 — Best Val Loss: 0.2613, F1@0.5: 0.1955
[16:13:15] 
============================================================
[16:13:15]  K-FOLD RESULTS
[16:13:15] ============================================================
[16:13:15]  F1@0.5 per fold: ['0.1981', '0.0350', '0.1904', '0.2152', '0.1955']
[16:13:15]  Mean F1@0.5: 0.1668 ± 0.0665
[16:13:15] 
 Tuning per-action thresholds...
[16:13:15]  Threshold range: [0.05, 0.65], mean=0.50
[16:13:15] 
 With tuned thresholds:
[16:13:15]   Macro F1:   0.2071
[16:13:15]   Micro F1:   0.3690
[16:13:15]   Sample F1:  0.3884
[16:13:15]   Precision:  0.1654
[16:13:15]   Recall:     0.5286
[16:13:15] 
 Per-action F1 (tuned threshold):
[16:13:16]   D3-CCSA: F1=0.1111 (t=0.65, support=17)
[16:13:16]   D3-CE: F1=0.0533 (t=0.60, support=14)
[16:13:16]   D3-CQ: F1=0.1689 (t=0.50, support=71)
[16:13:16]   D3-CR: F1=0.0488 (t=0.60, support=6)
[16:13:16]   D3-CRO: F1=0.0092 (t=0.40, support=3)
[16:13:16]   D3-DNSDL: F1=0.0889 (t=0.55, support=25)
[16:13:16]   D3-EAL: F1=0.0094 (t=0.55, support=3)
[16:13:16]   D3-EDL: F1=0.1296 (t=0.55, support=51)
[16:13:16]   D3-EI: F1=0.1053 (t=0.65, support=12)
[16:13:16]   D3-FA: F1=0.0297 (t=0.45, support=11)
[16:13:16]   D3-FAPA: F1=0.2658 (t=0.50, support=84)
[16:13:16]   D3-FCOA: F1=0.0122 (t=0.40, support=4)
[16:13:16]   D3-FEV: F1=0.5732 (t=0.45, support=356)
[16:13:16]   D3-FIM: F1=0.0690 (t=0.55, support=3)
[16:13:16]   D3-FR: F1=0.2500 (t=0.60, support=12)
[16:13:16]   D3-FRDDL: F1=0.4706 (t=0.55, support=44)
[16:13:16]   D3-NI: F1=0.5683 (t=0.40, support=364)
[16:13:16]   D3-NTA: F1=0.1000 (t=0.60, support=8)
[16:13:16]   D3-OTF: F1=0.4482 (t=0.45, support=262)
[16:13:16]   D3-PA: F1=0.1523 (t=0.50, support=52)
[16:13:16]   D3-PCSV: F1=0.2094 (t=0.50, support=98)
[16:13:16]   D3-PLA: F1=0.1122 (t=0.55, support=38)
[16:13:16]   D3-PSA: F1=0.4677 (t=0.45, support=264)
[16:13:16]   D3-PSMD: F1=0.1176 (t=0.55, support=3)
[16:13:16]   D3-PT: F1=0.9789 (t=0.05, support=904)
[16:13:16]   D3-RC: F1=0.0356 (t=0.45, support=12)
[16:13:16]   D3-RF: F1=0.2857 (t=0.60, support=22)
[16:13:16]   D3-RKD: F1=0.4762 (t=0.50, support=148)
[16:13:16]   D3-SCA: F1=0.0488 (t=0.60, support=13)
[16:13:16]   D3-SEA: F1=0.0092 (t=0.35, support=3)
[16:13:16]   D3-SICA: F1=0.3677 (t=0.50, support=84)
[16:13:16]   D3-SJA: F1=0.0202 (t=0.45, support=4)
[16:13:16]   D3-ST: F1=0.0400 (t=0.55, support=13)
[16:13:16]  Result: Macro F1=0.2071, Micro F1=0.3690, P=0.1654, R=0.5286 (126s)
[16:13:16]  Current best: Case 2 (w_sig=0.0, w_ttp=0.1, w_mbc=0.9) → Macro F1=0.2665
[16:13:16] 
[Case 12/66] w_sig=0.1, w_ttp=0.0, w_mbc=0.9
[16:13:16]  CNN Dataset: 943 samples, 478 features → 22x22 image
[16:13:16]  Device: cpu
[16:13:16] 
============================================================
[16:13:16]  FOLD 1/5 — Train: 754, Val: 189
[16:13:16] ============================================================
[16:13:16]  Model parameters: 65,505
[16:13:16]   Fold 1/5 | Epoch   1 | LR 0.000140 | Train Loss 0.5026 | Val Loss 0.3124 | Val F1 0.0942
[16:13:21]   Fold 1/5 | Epoch  10 | LR 0.000699 | Train Loss 0.3545 | Val Loss 0.2737 | Val F1 0.2272
[16:13:25]   Fold 1/5 | Epoch  20 | LR 0.000691 | Train Loss 0.2818 | Val Loss 0.2783 | Val F1 0.2180
[16:13:31]   Fold 1/5 | Epoch  30 | LR 0.000674 | Train Loss 0.2439 | Val Loss 0.2923 | Val F1 0.2135
[16:13:36]   Fold 1/5 | Epoch  40 | LR 0.000649 | Train Loss 0.2307 | Val Loss 0.3555 | Val F1 0.2455
[16:13:40]   Early stopping at epoch 48 (patience=25)
[16:13:40]  Fold 1 — Best Val Loss: 0.2437, F1@0.5: 0.2289
[16:13:40] 
============================================================
[16:13:40]  FOLD 2/5 — Train: 754, Val: 189
[16:13:40] ============================================================
[16:13:41]   Fold 2/5 | Epoch   1 | LR 0.000140 | Train Loss 0.4705 | Val Loss 0.3585 | Val F1 0.0562
[16:13:45]   Fold 2/5 | Epoch  10 | LR 0.000699 | Train Loss 0.3255 | Val Loss 0.3927 | Val F1 0.1463
[16:13:50]   Fold 2/5 | Epoch  20 | LR 0.000691 | Train Loss 0.2532 | Val Loss 0.5857 | Val F1 0.2023
[16:13:53]   Early stopping at epoch 26 (patience=25)
[16:13:53]  Fold 2 — Best Val Loss: 0.3585, F1@0.5: 0.0562
[16:13:53] 
============================================================
[16:13:53]  FOLD 3/5 — Train: 754, Val: 189
[16:13:53] ============================================================
[16:13:54]   Fold 3/5 | Epoch   1 | LR 0.000140 | Train Loss 0.4806 | Val Loss 0.3397 | Val F1 0.1046
[16:13:58]   Fold 3/5 | Epoch  10 | LR 0.000699 | Train Loss 0.3318 | Val Loss 0.3214 | Val F1 0.1593
[16:14:03]   Fold 3/5 | Epoch  20 | LR 0.000691 | Train Loss 0.2790 | Val Loss 0.3718 | Val F1 0.2038
[16:14:08]   Fold 3/5 | Epoch  30 | LR 0.000674 | Train Loss 0.2419 | Val Loss 0.3339 | Val F1 0.2115
[16:14:13]   Fold 3/5 | Epoch  40 | LR 0.000649 | Train Loss 0.2030 | Val Loss 0.3664 | Val F1 0.2336
[16:14:15]   Early stopping at epoch 44 (patience=25)
[16:14:15]  Fold 3 — Best Val Loss: 0.3049, F1@0.5: 0.2048
[16:14:15] 
============================================================
[16:14:15]  FOLD 4/5 — Train: 755, Val: 188
[16:14:15] ============================================================
[16:14:16]   Fold 4/5 | Epoch   1 | LR 0.000140 | Train Loss 0.4883 | Val Loss 0.2894 | Val F1 0.0413
[16:14:20]   Fold 4/5 | Epoch  10 | LR 0.000699 | Train Loss 0.3580 | Val Loss 0.2692 | Val F1 0.1766
[16:14:26]   Fold 4/5 | Epoch  20 | LR 0.000691 | Train Loss 0.2876 | Val Loss 0.2441 | Val F1 0.2103
[16:14:31]   Fold 4/5 | Epoch  30 | LR 0.000674 | Train Loss 0.2530 | Val Loss 0.3965 | Val F1 0.1946
[16:14:36]   Fold 4/5 | Epoch  40 | LR 0.000649 | Train Loss 0.2120 | Val Loss 0.2904 | Val F1 0.2357
[16:14:41]   Fold 4/5 | Epoch  50 | LR 0.000616 | Train Loss 0.1992 | Val Loss 0.3910 | Val F1 0.2055
[16:14:43]   Early stopping at epoch 54 (patience=25)
[16:14:43]  Fold 4 — Best Val Loss: 0.2284, F1@0.5: 0.2446
[16:14:43] 
============================================================
[16:14:43]  FOLD 5/5 — Train: 755, Val: 188
[16:14:43] ============================================================
[16:14:44]   Fold 5/5 | Epoch   1 | LR 0.000140 | Train Loss 0.4849 | Val Loss 0.2956 | Val F1 0.0592
[16:14:48]   Fold 5/5 | Epoch  10 | LR 0.000699 | Train Loss 0.3487 | Val Loss 0.2680 | Val F1 0.1626
[16:14:53]   Fold 5/5 | Epoch  20 | LR 0.000691 | Train Loss 0.2980 | Val Loss 0.2872 | Val F1 0.1728
[16:14:58]   Fold 5/5 | Epoch  30 | LR 0.000674 | Train Loss 0.2457 | Val Loss 0.2544 | Val F1 0.2006
[16:15:04]   Fold 5/5 | Epoch  40 | LR 0.000649 | Train Loss 0.2247 | Val Loss 0.2914 | Val F1 0.2228
[16:15:08]   Fold 5/5 | Epoch  50 | LR 0.000616 | Train Loss 0.2049 | Val Loss 0.3242 | Val F1 0.2559
[16:15:14]   Fold 5/5 | Epoch  60 | LR 0.000576 | Train Loss 0.1835 | Val Loss 0.4405 | Val F1 0.2743
[16:15:16]   Early stopping at epoch 66 (patience=25)
[16:15:16]  Fold 5 — Best Val Loss: 0.2214, F1@0.5: 0.2270
[16:15:16] 
============================================================
[16:15:16]  K-FOLD RESULTS
[16:15:16] ============================================================
[16:15:16]  F1@0.5 per fold: ['0.2289', '0.0562', '0.2048', '0.2446', '0.2270']
[16:15:16]  Mean F1@0.5: 0.1923 ± 0.0692
[16:15:16] 
 Tuning per-action thresholds...
[16:15:17]  Threshold range: [0.05, 0.70], mean=0.51
[16:15:17] 
 With tuned thresholds:
[16:15:17]   Macro F1:   0.2627
[16:15:17]   Micro F1:   0.4104
[16:15:17]   Sample F1:  0.4250
[16:15:17]   Precision:  0.2346
[16:15:17]   Recall:     0.5463
[16:15:17] 
 Per-action F1 (tuned threshold):
[16:15:17]   D3-CCSA: F1=0.2400 (t=0.70, support=17)
[16:15:17]   D3-CE: F1=0.1176 (t=0.70, support=14)
[16:15:17]   D3-CQ: F1=0.1779 (t=0.50, support=71)
[16:15:17]   D3-CR: F1=0.1333 (t=0.65, support=6)
[16:15:17]   D3-CRO: F1=0.2857 (t=0.60, support=3)
[16:15:17]   D3-DNSDL: F1=0.2368 (t=0.55, support=25)
[16:15:17]   D3-EAL: F1=0.0119 (t=0.30, support=3)
[16:15:17]   D3-EDL: F1=0.1400 (t=0.50, support=51)
[16:15:17]   D3-EI: F1=0.0373 (t=0.45, support=12)
[16:15:17]   D3-FA: F1=0.1333 (t=0.65, support=11)
[16:15:17]   D3-FAPA: F1=0.5773 (t=0.50, support=84)
[16:15:17]   D3-FCOA: F1=0.0221 (t=0.40, support=4)
[16:15:17]   D3-FEV: F1=0.6167 (t=0.45, support=356)
[16:15:17]   D3-FIM: F1=0.4444 (t=0.60, support=3)
[16:15:17]   D3-FR: F1=0.0416 (t=0.45, support=12)
[16:15:17]   D3-FRDDL: F1=0.4615 (t=0.60, support=44)
[16:15:17]   D3-NI: F1=0.5712 (t=0.45, support=364)
[16:15:17]   D3-NTA: F1=0.1111 (t=0.65, support=8)
[16:15:17]   D3-OTF: F1=0.4685 (t=0.50, support=262)
[16:15:17]   D3-PA: F1=0.2118 (t=0.55, support=52)
[16:15:17]   D3-PCSV: F1=0.2891 (t=0.55, support=98)
[16:15:17]   D3-PLA: F1=0.1327 (t=0.55, support=38)
[16:15:17]   D3-PSA: F1=0.4748 (t=0.45, support=264)
[16:15:17]   D3-PSMD: F1=0.0141 (t=0.40, support=3)
[16:15:17]   D3-PT: F1=0.9789 (t=0.05, support=904)
[16:15:17]   D3-RC: F1=0.2778 (t=0.55, support=12)
[16:15:17]   D3-RF: F1=0.3182 (t=0.65, support=22)
[16:15:17]   D3-RKD: F1=0.5018 (t=0.55, support=148)
[16:15:17]   D3-SCA: F1=0.1053 (t=0.65, support=13)
[16:15:17]   D3-SEA: F1=0.0086 (t=0.20, support=3)
[16:15:17]   D3-SICA: F1=0.3716 (t=0.55, support=84)
[16:15:17]   D3-SJA: F1=0.0233 (t=0.45, support=4)
[16:15:17]   D3-ST: F1=0.1333 (t=0.60, support=13)
[16:15:17]  Result: Macro F1=0.2627, Micro F1=0.4104, P=0.2346, R=0.5463 (122s)
[16:15:17]  Current best: Case 2 (w_sig=0.0, w_ttp=0.1, w_mbc=0.9) → Macro F1=0.2665
[16:15:17] 
[Case 13/66] w_sig=0.1, w_ttp=0.1, w_mbc=0.8
[16:15:17]  CNN Dataset: 943 samples, 478 features → 22x22 image
[16:15:17]  Device: cpu
[16:15:17] 
============================================================
[16:15:17]  FOLD 1/5 — Train: 754, Val: 189
[16:15:17] ============================================================
[16:15:17]  Model parameters: 65,505
[16:15:18]   Fold 1/5 | Epoch   1 | LR 0.000140 | Train Loss 0.5036 | Val Loss 0.3137 | Val F1 0.0847
[16:15:22]   Fold 1/5 | Epoch  10 | LR 0.000699 | Train Loss 0.3554 | Val Loss 0.2738 | Val F1 0.2170
[16:15:28]   Fold 1/5 | Epoch  20 | LR 0.000691 | Train Loss 0.2829 | Val Loss 0.3385 | Val F1 0.2156
[16:15:33]   Fold 1/5 | Epoch  30 | LR 0.000674 | Train Loss 0.2406 | Val Loss 0.2433 | Val F1 0.2459
[16:15:38]   Fold 1/5 | Epoch  40 | LR 0.000649 | Train Loss 0.2245 | Val Loss 0.4474 | Val F1 0.2608
[16:15:44]   Fold 1/5 | Epoch  50 | LR 0.000616 | Train Loss 0.1979 | Val Loss 0.3727 | Val F1 0.2417
[16:15:46]   Early stopping at epoch 55 (patience=25)
[16:15:46]  Fold 1 — Best Val Loss: 0.2433, F1@0.5: 0.2459
[16:15:46] 
============================================================
[16:15:46]  FOLD 2/5 — Train: 754, Val: 189
[16:15:46] ============================================================
[16:15:47]   Fold 2/5 | Epoch   1 | LR 0.000140 | Train Loss 0.5021 | Val Loss 0.3630 | Val F1 0.0584
[16:15:51]   Fold 2/5 | Epoch  10 | LR 0.000699 | Train Loss 0.3444 | Val Loss 0.4129 | Val F1 0.1369
[16:15:57]   Fold 2/5 | Epoch  20 | LR 0.000691 | Train Loss 0.2774 | Val Loss 0.3696 | Val F1 0.2031
[16:16:02]   Fold 2/5 | Epoch  30 | LR 0.000674 | Train Loss 0.2320 | Val Loss 0.4083 | Val F1 0.2076
[16:16:07]   Fold 2/5 | Epoch  40 | LR 0.000649 | Train Loss 0.1978 | Val Loss 0.3978 | Val F1 0.2605
[16:16:09]   Early stopping at epoch 43 (patience=25)
[16:16:09]  Fold 2 — Best Val Loss: 0.3560, F1@0.5: 0.1782
[16:16:09] 
============================================================
[16:16:09]  FOLD 3/5 — Train: 754, Val: 189
[16:16:09] ============================================================
[16:16:09]   Fold 3/5 | Epoch   1 | LR 0.000140 | Train Loss 0.5051 | Val Loss 0.3289 | Val F1 0.0279
[16:16:14]   Fold 3/5 | Epoch  10 | LR 0.000699 | Train Loss 0.3488 | Val Loss 0.3396 | Val F1 0.1539
[16:16:19]   Fold 3/5 | Epoch  20 | LR 0.000691 | Train Loss 0.2863 | Val Loss 0.3364 | Val F1 0.2011
[16:16:24]   Fold 3/5 | Epoch  30 | LR 0.000674 | Train Loss 0.2421 | Val Loss 0.3249 | Val F1 0.2148
[16:16:29]   Fold 3/5 | Epoch  40 | LR 0.000649 | Train Loss 0.2209 | Val Loss 0.4864 | Val F1 0.2040
[16:16:35]   Fold 3/5 | Epoch  50 | LR 0.000616 | Train Loss 0.1927 | Val Loss 0.7353 | Val F1 0.2291
[16:16:37]   Early stopping at epoch 54 (patience=25)
[16:16:37]  Fold 3 — Best Val Loss: 0.2956, F1@0.5: 0.2321
[16:16:37] 
============================================================
[16:16:37]  FOLD 4/5 — Train: 755, Val: 188
[16:16:37] ============================================================
[16:16:38]   Fold 4/5 | Epoch   1 | LR 0.000140 | Train Loss 0.5101 | Val Loss 0.2886 | Val F1 0.0845
[16:16:43]   Fold 4/5 | Epoch  10 | LR 0.000699 | Train Loss 0.3546 | Val Loss 0.2738 | Val F1 0.1476
[16:16:48]   Fold 4/5 | Epoch  20 | LR 0.000691 | Train Loss 0.2929 | Val Loss 0.3100 | Val F1 0.1720
[16:16:53]   Fold 4/5 | Epoch  30 | LR 0.000674 | Train Loss 0.2407 | Val Loss 0.5490 | Val F1 0.1542
[16:16:59]   Fold 4/5 | Epoch  40 | LR 0.000649 | Train Loss 0.2276 | Val Loss 0.7254 | Val F1 0.1855
[16:17:03]   Early stopping at epoch 49 (patience=25)
[16:17:03]  Fold 4 — Best Val Loss: 0.2458, F1@0.5: 0.2211
[16:17:03] 
============================================================
[16:17:03]  FOLD 5/5 — Train: 755, Val: 188
[16:17:03] ============================================================
[16:17:04]   Fold 5/5 | Epoch   1 | LR 0.000140 | Train Loss 0.5228 | Val Loss 0.2919 | Val F1 0.0435
[16:17:09]   Fold 5/5 | Epoch  10 | LR 0.000699 | Train Loss 0.3529 | Val Loss 0.2777 | Val F1 0.1493
[16:17:14]   Fold 5/5 | Epoch  20 | LR 0.000691 | Train Loss 0.3003 | Val Loss 0.2958 | Val F1 0.1719
[16:17:19]   Fold 5/5 | Epoch  30 | LR 0.000674 | Train Loss 0.2430 | Val Loss 0.2470 | Val F1 0.1771
[16:17:25]   Fold 5/5 | Epoch  40 | LR 0.000649 | Train Loss 0.2195 | Val Loss 0.5411 | Val F1 0.1350
[16:17:30]   Fold 5/5 | Epoch  50 | LR 0.000616 | Train Loss 0.2067 | Val Loss 1.1744 | Val F1 0.1318
[16:17:35]   Fold 5/5 | Epoch  60 | LR 0.000576 | Train Loss 0.1754 | Val Loss 0.3778 | Val F1 0.2544
[16:17:41]   Fold 5/5 | Epoch  70 | LR 0.000530 | Train Loss 0.1645 | Val Loss 0.3143 | Val F1 0.2380
[16:17:46]   Fold 5/5 | Epoch  80 | LR 0.000479 | Train Loss 0.1553 | Val Loss 0.5439 | Val F1 0.2308
[16:17:46]   Early stopping at epoch 80 (patience=25)
[16:17:46]  Fold 5 — Best Val Loss: 0.2254, F1@0.5: 0.2290
[16:17:46] 
============================================================
[16:17:46]  K-FOLD RESULTS
[16:17:46] ============================================================
[16:17:46]  F1@0.5 per fold: ['0.2459', '0.1782', '0.2321', '0.2211', '0.2290']
[16:17:46]  Mean F1@0.5: 0.2213 ± 0.0230
[16:17:46] 
 Tuning per-action thresholds...
[16:17:47]  Threshold range: [0.05, 0.80], mean=0.53
[16:17:47] 
 With tuned thresholds:
[16:17:47]   Macro F1:   0.2709
[16:17:47]   Micro F1:   0.4668
[16:17:47]   Sample F1:  0.4689
[16:17:47]   Precision:  0.2355
[16:17:47]   Recall:     0.4810
[16:17:47] 
 Per-action F1 (tuned threshold):
[16:17:47]   D3-CCSA: F1=0.2500 (t=0.75, support=17)
[16:17:47]   D3-CE: F1=0.0476 (t=0.45, support=14)
[16:17:47]   D3-CQ: F1=0.1711 (t=0.45, support=71)
[16:17:47]   D3-CR: F1=0.1333 (t=0.65, support=6)
[16:17:47]   D3-CRO: F1=0.2857 (t=0.65, support=3)
[16:17:47]   D3-DNSDL: F1=0.2188 (t=0.55, support=25)
[16:17:47]   D3-EAL: F1=0.0328 (t=0.45, support=3)
[16:17:47]   D3-EDL: F1=0.1772 (t=0.55, support=51)
[16:17:47]   D3-EI: F1=0.0909 (t=0.60, support=12)
[16:17:47]   D3-FA: F1=0.0667 (t=0.60, support=11)
[16:17:47]   D3-FAPA: F1=0.5276 (t=0.60, support=84)
[16:17:47]   D3-FCOA: F1=0.0714 (t=0.55, support=4)
[16:17:47]   D3-FEV: F1=0.6276 (t=0.45, support=356)
[16:17:47]   D3-FIM: F1=0.4444 (t=0.65, support=3)
[16:17:47]   D3-FR: F1=0.0952 (t=0.50, support=12)
[16:17:47]   D3-FRDDL: F1=0.4324 (t=0.60, support=44)
[16:17:47]   D3-NI: F1=0.5928 (t=0.50, support=364)
[16:17:47]   D3-NTA: F1=0.1538 (t=0.80, support=8)
[16:17:47]   D3-OTF: F1=0.5016 (t=0.50, support=262)
[16:17:47]   D3-PA: F1=0.2071 (t=0.50, support=52)
[16:17:47]   D3-PCSV: F1=0.2909 (t=0.50, support=98)
[16:17:47]   D3-PLA: F1=0.1626 (t=0.55, support=38)
[16:17:47]   D3-PSA: F1=0.4970 (t=0.50, support=264)
[16:17:47]   D3-PSMD: F1=0.0526 (t=0.45, support=3)
[16:17:47]   D3-PT: F1=0.9789 (t=0.05, support=904)
[16:17:47]   D3-RC: F1=0.2727 (t=0.60, support=12)
[16:17:47]   D3-RF: F1=0.2927 (t=0.65, support=22)
[16:17:47]   D3-RKD: F1=0.5154 (t=0.55, support=148)
[16:17:47]   D3-SCA: F1=0.1176 (t=0.65, support=13)
[16:17:47]   D3-SEA: F1=0.0079 (t=0.20, support=3)
[16:17:47]   D3-SICA: F1=0.4935 (t=0.50, support=84)
[16:17:47]   D3-SJA: F1=0.0513 (t=0.50, support=4)
[16:17:47]   D3-ST: F1=0.0769 (t=0.60, support=13)
[16:17:47]  Result: Macro F1=0.2709, Micro F1=0.4668, P=0.2355, R=0.4810 (149s)
[16:17:47]  Current best: Case 13 (w_sig=0.1, w_ttp=0.1, w_mbc=0.8) → Macro F1=0.2709
[16:17:47] 
[Case 14/66] w_sig=0.1, w_ttp=0.2, w_mbc=0.7
[16:17:47]  CNN Dataset: 943 samples, 478 features → 22x22 image
[16:17:47]  Device: cpu
[16:17:47] 
============================================================
[16:17:47]  FOLD 1/5 — Train: 754, Val: 189
[16:17:47] ============================================================
[16:17:47]  Model parameters: 65,505
[16:17:47]   Fold 1/5 | Epoch   1 | LR 0.000140 | Train Loss 0.5053 | Val Loss 0.3220 | Val F1 0.0845
[16:17:52]   Fold 1/5 | Epoch  10 | LR 0.000699 | Train Loss 0.3533 | Val Loss 0.2743 | Val F1 0.1806
[16:17:57]   Fold 1/5 | Epoch  20 | LR 0.000691 | Train Loss 0.2817 | Val Loss 0.3567 | Val F1 0.1577
[16:18:02]   Fold 1/5 | Epoch  30 | LR 0.000674 | Train Loss 0.2306 | Val Loss 0.2533 | Val F1 0.2338
[16:18:07]   Fold 1/5 | Epoch  40 | LR 0.000649 | Train Loss 0.2125 | Val Loss 0.4174 | Val F1 0.2203
[16:18:12]   Fold 1/5 | Epoch  50 | LR 0.000616 | Train Loss 0.1855 | Val Loss 0.5757 | Val F1 0.1731
[16:18:15]   Early stopping at epoch 55 (patience=25)
[16:18:15]  Fold 1 — Best Val Loss: 0.2533, F1@0.5: 0.2338
[16:18:15] 
============================================================
[16:18:15]  FOLD 2/5 — Train: 754, Val: 189
[16:18:15] ============================================================
[16:18:16]   Fold 2/5 | Epoch   1 | LR 0.000140 | Train Loss 0.5045 | Val Loss 0.3716 | Val F1 0.0544
[16:18:20]   Fold 2/5 | Epoch  10 | LR 0.000699 | Train Loss 0.3419 | Val Loss 0.3942 | Val F1 0.1706
[16:18:25]   Fold 2/5 | Epoch  20 | LR 0.000691 | Train Loss 0.2704 | Val Loss 0.4526 | Val F1 0.1628
[16:18:30]   Fold 2/5 | Epoch  30 | LR 0.000674 | Train Loss 0.2211 | Val Loss 0.3358 | Val F1 0.2093
[16:18:35]   Fold 2/5 | Epoch  40 | LR 0.000649 | Train Loss 0.1857 | Val Loss 0.4623 | Val F1 0.2159
[16:18:40]   Fold 2/5 | Epoch  50 | LR 0.000616 | Train Loss 0.1648 | Val Loss 1.6964 | Val F1 0.1594
[16:18:42]   Early stopping at epoch 53 (patience=25)
[16:18:42]  Fold 2 — Best Val Loss: 0.3274, F1@0.5: 0.2729
[16:18:42] 
============================================================
[16:18:42]  FOLD 3/5 — Train: 754, Val: 189
[16:18:42] ============================================================
[16:18:42]   Fold 3/5 | Epoch   1 | LR 0.000140 | Train Loss 0.5824 | Val Loss 0.3220 | Val F1 0.0762
[16:18:47]   Fold 3/5 | Epoch  10 | LR 0.000699 | Train Loss 0.3385 | Val Loss 0.3380 | Val F1 0.1739
[16:18:52]   Fold 3/5 | Epoch  20 | LR 0.000691 | Train Loss 0.2607 | Val Loss 0.3431 | Val F1 0.2026
[16:18:56]   Early stopping at epoch 29 (patience=25)
[16:18:56]  Fold 3 — Best Val Loss: 0.3154, F1@0.5: 0.0947
[16:18:56] 
============================================================
[16:18:56]  FOLD 4/5 — Train: 755, Val: 188
[16:18:56] ============================================================
[16:18:57]   Fold 4/5 | Epoch   1 | LR 0.000140 | Train Loss 0.4871 | Val Loss 0.3058 | Val F1 0.0637
[16:19:02]   Fold 4/5 | Epoch  10 | LR 0.000699 | Train Loss 0.3566 | Val Loss 0.3046 | Val F1 0.1468
[16:19:07]   Fold 4/5 | Epoch  20 | LR 0.000691 | Train Loss 0.2919 | Val Loss 0.4793 | Val F1 0.1951
[16:19:11]   Early stopping at epoch 29 (patience=25)
[16:19:11]  Fold 4 — Best Val Loss: 0.2862, F1@0.5: 0.1190
[16:19:11] 
============================================================
[16:19:11]  FOLD 5/5 — Train: 755, Val: 188
[16:19:11] ============================================================
[16:19:12]   Fold 5/5 | Epoch   1 | LR 0.000140 | Train Loss 0.5014 | Val Loss 0.2986 | Val F1 0.0283
[16:19:16]   Fold 5/5 | Epoch  10 | LR 0.000699 | Train Loss 0.3483 | Val Loss 0.2999 | Val F1 0.1308
[16:19:21]   Fold 5/5 | Epoch  20 | LR 0.000691 | Train Loss 0.2722 | Val Loss 0.3312 | Val F1 0.1568
[16:19:26]   Fold 5/5 | Epoch  30 | LR 0.000674 | Train Loss 0.2307 | Val Loss 0.2396 | Val F1 0.2249
[16:19:32]   Fold 5/5 | Epoch  40 | LR 0.000649 | Train Loss 0.1941 | Val Loss 0.6194 | Val F1 0.1974
[16:19:37]   Fold 5/5 | Epoch  50 | LR 0.000616 | Train Loss 0.1779 | Val Loss 0.7268 | Val F1 0.2054
[16:19:38]   Early stopping at epoch 53 (patience=25)
[16:19:38]  Fold 5 — Best Val Loss: 0.2357, F1@0.5: 0.2518
[16:19:38] 
============================================================
[16:19:38]  K-FOLD RESULTS
[16:19:38] ============================================================
[16:19:38]  F1@0.5 per fold: ['0.2338', '0.2729', '0.0947', '0.1190', '0.2518']
[16:19:38]  Mean F1@0.5: 0.1945 ± 0.0730
[16:19:38] 
 Tuning per-action thresholds...
[16:19:39]  Threshold range: [0.05, 0.70], mean=0.50
[16:19:39] 
 With tuned thresholds:
[16:19:39]   Macro F1:   0.2584
[16:19:39]   Micro F1:   0.4602
[16:19:39]   Sample F1:  0.4628
[16:19:39]   Precision:  0.2258
[16:19:39]   Recall:     0.4798
[16:19:39] 
 Per-action F1 (tuned threshold):
[16:19:39]   D3-CCSA: F1=0.1290 (t=0.60, support=17)
[16:19:39]   D3-CE: F1=0.0465 (t=0.60, support=14)
[16:19:39]   D3-CQ: F1=0.1562 (t=0.55, support=71)
[16:19:39]   D3-CR: F1=0.1429 (t=0.55, support=6)
[16:19:39]   D3-CRO: F1=0.1429 (t=0.50, support=3)
[16:19:39]   D3-DNSDL: F1=0.2381 (t=0.65, support=25)
[16:19:39]   D3-EAL: F1=0.0213 (t=0.45, support=3)
[16:19:39]   D3-EDL: F1=0.1273 (t=0.55, support=51)
[16:19:39]   D3-EI: F1=0.0444 (t=0.50, support=12)
[16:19:39]   D3-FA: F1=0.1463 (t=0.55, support=11)
[16:19:39]   D3-FAPA: F1=0.5244 (t=0.50, support=84)
[16:19:39]   D3-FCOA: F1=0.1000 (t=0.55, support=4)
[16:19:39]   D3-FEV: F1=0.5881 (t=0.45, support=356)
[16:19:39]   D3-FIM: F1=0.6667 (t=0.55, support=3)
[16:19:39]   D3-FR: F1=0.0870 (t=0.55, support=12)
[16:19:39]   D3-FRDDL: F1=0.3469 (t=0.50, support=44)
[16:19:39]   D3-NI: F1=0.5604 (t=0.40, support=364)
[16:19:39]   D3-NTA: F1=0.0347 (t=0.45, support=8)
[16:19:39]   D3-OTF: F1=0.4965 (t=0.50, support=262)
[16:19:39]   D3-PA: F1=0.2053 (t=0.50, support=52)
[16:19:39]   D3-PCSV: F1=0.2187 (t=0.45, support=98)
[16:19:39]   D3-PLA: F1=0.1571 (t=0.55, support=38)
[16:19:39]   D3-PSA: F1=0.4606 (t=0.45, support=264)
[16:19:39]   D3-PSMD: F1=0.0084 (t=0.25, support=3)
[16:19:39]   D3-PT: F1=0.9789 (t=0.05, support=904)
[16:19:39]   D3-RC: F1=0.3750 (t=0.70, support=12)
[16:19:39]   D3-RF: F1=0.4151 (t=0.65, support=22)
[16:19:39]   D3-RKD: F1=0.4309 (t=0.55, support=148)
[16:19:39]   D3-SCA: F1=0.1364 (t=0.55, support=13)
[16:19:39]   D3-SEA: F1=0.0131 (t=0.40, support=3)
[16:19:39]   D3-SICA: F1=0.3462 (t=0.55, support=84)
[16:19:39]   D3-SJA: F1=0.1290 (t=0.50, support=4)
[16:19:39]   D3-ST: F1=0.0513 (t=0.50, support=13)
[16:19:39]  Result: Macro F1=0.2584, Micro F1=0.4602, P=0.2258, R=0.4798 (112s)
[16:19:39]  Current best: Case 13 (w_sig=0.1, w_ttp=0.1, w_mbc=0.8) → Macro F1=0.2709
[16:19:39] 
[Case 15/66] w_sig=0.1, w_ttp=0.3, w_mbc=0.6
[16:19:39]  CNN Dataset: 943 samples, 478 features → 22x22 image
[16:19:39]  Device: cpu
[16:19:39] 
============================================================
[16:19:39]  FOLD 1/5 — Train: 754, Val: 189
[16:19:39] ============================================================
[16:19:39]  Model parameters: 65,505
[16:19:40]   Fold 1/5 | Epoch   1 | LR 0.000140 | Train Loss 0.5089 | Val Loss 0.3322 | Val F1 0.0722
[16:19:44]   Fold 1/5 | Epoch  10 | LR 0.000699 | Train Loss 0.3519 | Val Loss 0.2785 | Val F1 0.1788
[16:19:49]   Fold 1/5 | Epoch  20 | LR 0.000691 | Train Loss 0.2746 | Val Loss 0.2866 | Val F1 0.2063
[16:19:54]   Fold 1/5 | Epoch  30 | LR 0.000674 | Train Loss 0.2232 | Val Loss 0.4876 | Val F1 0.1740
[16:19:56]   Early stopping at epoch 34 (patience=25)
[16:19:56]  Fold 1 — Best Val Loss: 0.2767, F1@0.5: 0.1653
[16:19:56] 
============================================================
[16:19:56]  FOLD 2/5 — Train: 754, Val: 189
[16:19:56] ============================================================
[16:19:57]   Fold 2/5 | Epoch   1 | LR 0.000140 | Train Loss 0.4692 | Val Loss 0.3665 | Val F1 0.0298
[16:20:02]   Fold 2/5 | Epoch  10 | LR 0.000699 | Train Loss 0.3184 | Val Loss 0.4290 | Val F1 0.1831
[16:20:07]   Fold 2/5 | Epoch  20 | LR 0.000691 | Train Loss 0.2557 | Val Loss 0.5828 | Val F1 0.2240
[16:20:10]   Early stopping at epoch 26 (patience=25)
[16:20:10]  Fold 2 — Best Val Loss: 0.3665, F1@0.5: 0.0298
[16:20:10] 
============================================================
[16:20:10]  FOLD 3/5 — Train: 754, Val: 189
[16:20:10] ============================================================
[16:20:10]   Fold 3/5 | Epoch   1 | LR 0.000140 | Train Loss 0.5143 | Val Loss 0.3518 | Val F1 0.0399
[16:20:15]   Fold 3/5 | Epoch  10 | LR 0.000699 | Train Loss 0.3373 | Val Loss 0.3347 | Val F1 0.1507
[16:20:20]   Fold 3/5 | Epoch  20 | LR 0.000691 | Train Loss 0.2610 | Val Loss 0.3272 | Val F1 0.2026
[16:20:25]   Fold 3/5 | Epoch  30 | LR 0.000674 | Train Loss 0.2120 | Val Loss 0.3733 | Val F1 0.1948
[16:20:25]   Early stopping at epoch 30 (patience=25)
[16:20:25]  Fold 3 — Best Val Loss: 0.3231, F1@0.5: 0.1276
[16:20:25] 
============================================================
[16:20:25]  FOLD 4/5 — Train: 755, Val: 188
[16:20:25] ============================================================
[16:20:26]   Fold 4/5 | Epoch   1 | LR 0.000140 | Train Loss 0.4854 | Val Loss 0.3070 | Val F1 0.0455
[16:20:31]   Fold 4/5 | Epoch  10 | LR 0.000699 | Train Loss 0.3441 | Val Loss 0.2990 | Val F1 0.1725
[16:20:35]   Fold 4/5 | Epoch  20 | LR 0.000691 | Train Loss 0.2747 | Val Loss 0.4774 | Val F1 0.1660
[16:20:41]   Fold 4/5 | Epoch  30 | LR 0.000674 | Train Loss 0.2274 | Val Loss 0.5898 | Val F1 0.1455
[16:20:42]   Early stopping at epoch 33 (patience=25)
[16:20:43]  Fold 4 — Best Val Loss: 0.2828, F1@0.5: 0.1397
[16:20:43] 
============================================================
[16:20:43]  FOLD 5/5 — Train: 755, Val: 188
[16:20:43] ============================================================
[16:20:43]   Fold 5/5 | Epoch   1 | LR 0.000140 | Train Loss 0.5080 | Val Loss 0.3064 | Val F1 0.0549
[16:20:47]   Fold 5/5 | Epoch  10 | LR 0.000699 | Train Loss 0.3466 | Val Loss 0.2931 | Val F1 0.1628
[16:20:53]   Fold 5/5 | Epoch  20 | LR 0.000691 | Train Loss 0.2750 | Val Loss 0.2487 | Val F1 0.2001
[16:20:58]   Fold 5/5 | Epoch  30 | LR 0.000674 | Train Loss 0.2329 | Val Loss 0.2908 | Val F1 0.2256
[16:21:03]   Fold 5/5 | Epoch  40 | LR 0.000649 | Train Loss 0.2051 | Val Loss 0.2502 | Val F1 0.2339
[16:21:06]   Early stopping at epoch 45 (patience=25)
[16:21:06]  Fold 5 — Best Val Loss: 0.2487, F1@0.5: 0.2001
[16:21:06] 
============================================================
[16:21:06]  K-FOLD RESULTS
[16:21:06] ============================================================
[16:21:06]  F1@0.5 per fold: ['0.1653', '0.0298', '0.1276', '0.1397', '0.2001']
[16:21:06]  Mean F1@0.5: 0.1325 ± 0.0571
[16:21:06] 
 Tuning per-action thresholds...
[16:21:07]  Threshold range: [0.05, 0.65], mean=0.46
[16:21:07] 
 With tuned thresholds:
[16:21:07]   Macro F1:   0.1972
[16:21:07]   Micro F1:   0.3207
[16:21:07]   Sample F1:  0.3303
[16:21:07]   Precision:  0.1775
[16:21:07]   Recall:     0.5978
[16:21:07] 
 Per-action F1 (tuned threshold):
[16:21:07]   D3-CCSA: F1=0.1905 (t=0.55, support=17)
[16:21:07]   D3-CE: F1=0.0390 (t=0.50, support=14)
[16:21:07]   D3-CQ: F1=0.1505 (t=0.45, support=71)
[16:21:07]   D3-CR: F1=0.2222 (t=0.55, support=6)
[16:21:07]   D3-CRO: F1=0.0084 (t=0.40, support=3)
[16:21:07]   D3-DNSDL: F1=0.0959 (t=0.50, support=25)
[16:21:07]   D3-EAL: F1=0.0082 (t=0.30, support=3)
[16:21:07]   D3-EDL: F1=0.1054 (t=0.45, support=51)
[16:21:07]   D3-EI: F1=0.0741 (t=0.55, support=12)
[16:21:07]   D3-FA: F1=0.0488 (t=0.50, support=11)
[16:21:07]   D3-FAPA: F1=0.3919 (t=0.55, support=84)
[16:21:07]   D3-FCOA: F1=0.0136 (t=0.45, support=4)
[16:21:07]   D3-FEV: F1=0.5597 (t=0.40, support=356)
[16:21:07]   D3-FIM: F1=0.0909 (t=0.45, support=3)
[16:21:07]   D3-FR: F1=0.0283 (t=0.45, support=12)
[16:21:07]   D3-FRDDL: F1=0.3309 (t=0.55, support=44)
[16:21:07]   D3-NI: F1=0.5784 (t=0.45, support=364)
[16:21:07]   D3-NTA: F1=0.1111 (t=0.55, support=8)
[16:21:07]   D3-OTF: F1=0.4354 (t=0.40, support=262)
[16:21:07]   D3-PA: F1=0.1165 (t=0.45, support=52)
[16:21:07]   D3-PCSV: F1=0.2574 (t=0.50, support=98)
[16:21:07]   D3-PLA: F1=0.0995 (t=0.50, support=38)
[16:21:07]   D3-PSA: F1=0.4397 (t=0.45, support=264)
[16:21:07]   D3-PSMD: F1=0.0068 (t=0.25, support=3)
[16:21:07]   D3-PT: F1=0.9789 (t=0.05, support=904)
[16:21:07]   D3-RC: F1=0.2667 (t=0.65, support=12)
[16:21:07]   D3-RF: F1=0.0966 (t=0.50, support=22)
[16:21:07]   D3-RKD: F1=0.3566 (t=0.50, support=148)
[16:21:07]   D3-SCA: F1=0.0702 (t=0.50, support=13)
[16:21:07]   D3-SEA: F1=0.0110 (t=0.40, support=3)
[16:21:07]   D3-SICA: F1=0.2663 (t=0.50, support=84)
[16:21:07]   D3-SJA: F1=0.0309 (t=0.50, support=4)
[16:21:07]   D3-ST: F1=0.0291 (t=0.45, support=13)
[16:21:07]  Result: Macro F1=0.1972, Micro F1=0.3207, P=0.1775, R=0.5978 (88s)
[16:21:07]  Current best: Case 13 (w_sig=0.1, w_ttp=0.1, w_mbc=0.8) → Macro F1=0.2709
[16:21:07] 
[Case 16/66] w_sig=0.1, w_ttp=0.4, w_mbc=0.5
[16:21:07]  CNN Dataset: 943 samples, 478 features → 22x22 image
[16:21:07]  Device: cpu
[16:21:07] 
============================================================
[16:21:07]  FOLD 1/5 — Train: 754, Val: 189
[16:21:07] ============================================================
[16:21:07]  Model parameters: 65,505
[16:21:07]   Fold 1/5 | Epoch   1 | LR 0.000140 | Train Loss 0.5127 | Val Loss 0.3372 | Val F1 0.0593
[16:21:12]   Fold 1/5 | Epoch  10 | LR 0.000699 | Train Loss 0.3542 | Val Loss 0.2796 | Val F1 0.1739
[16:21:17]   Fold 1/5 | Epoch  20 | LR 0.000691 | Train Loss 0.2729 | Val Loss 0.3002 | Val F1 0.1037
[16:21:23]   Fold 1/5 | Epoch  30 | LR 0.000674 | Train Loss 0.2164 | Val Loss 0.6942 | Val F1 0.1369
[16:21:26]   Early stopping at epoch 37 (patience=25)
[16:21:26]  Fold 1 — Best Val Loss: 0.2787, F1@0.5: 0.1682
[16:21:26] 
============================================================
[16:21:26]  FOLD 2/5 — Train: 754, Val: 189
[16:21:26] ============================================================
[16:21:27]   Fold 2/5 | Epoch   1 | LR 0.000140 | Train Loss 0.4900 | Val Loss 0.3727 | Val F1 0.0714
[16:21:32]   Fold 2/5 | Epoch  10 | LR 0.000699 | Train Loss 0.3217 | Val Loss 0.4065 | Val F1 0.1399
[16:21:37]   Fold 2/5 | Epoch  20 | LR 0.000691 | Train Loss 0.2440 | Val Loss 0.6638 | Val F1 0.2119
[16:21:40]   Early stopping at epoch 26 (patience=25)
[16:21:40]  Fold 2 — Best Val Loss: 0.3727, F1@0.5: 0.0714
[16:21:40] 
============================================================
[16:21:40]  FOLD 3/5 — Train: 754, Val: 189
[16:21:40] ============================================================
[16:21:40]   Fold 3/5 | Epoch   1 | LR 0.000140 | Train Loss 0.4783 | Val Loss 0.3598 | Val F1 0.0584
[16:21:45]   Fold 3/5 | Epoch  10 | LR 0.000699 | Train Loss 0.3220 | Val Loss 0.3174 | Val F1 0.1716
[16:21:50]   Fold 3/5 | Epoch  20 | LR 0.000691 | Train Loss 0.2500 | Val Loss 0.8216 | Val F1 0.1374
[16:21:55]   Fold 3/5 | Epoch  30 | LR 0.000674 | Train Loss 0.2067 | Val Loss 1.0168 | Val F1 0.1788
[16:21:58]   Early stopping at epoch 35 (patience=25)
[16:21:58]  Fold 3 — Best Val Loss: 0.3174, F1@0.5: 0.1716
[16:21:58] 
============================================================
[16:21:58]  FOLD 4/5 — Train: 755, Val: 188
[16:21:58] ============================================================
[16:21:58]   Fold 4/5 | Epoch   1 | LR 0.000140 | Train Loss 0.5375 | Val Loss 0.3031 | Val F1 0.0746
[16:22:03]   Fold 4/5 | Epoch  10 | LR 0.000699 | Train Loss 0.3595 | Val Loss 0.3345 | Val F1 0.1533
[16:22:08]   Fold 4/5 | Epoch  20 | LR 0.000691 | Train Loss 0.2744 | Val Loss 0.3537 | Val F1 0.1358
[16:22:14]   Fold 4/5 | Epoch  30 | LR 0.000674 | Train Loss 0.2283 | Val Loss 0.3583 | Val F1 0.1444
[16:22:18]   Fold 4/5 | Epoch  40 | LR 0.000649 | Train Loss 0.1752 | Val Loss 0.3849 | Val F1 0.1850
[16:22:20]   Early stopping at epoch 44 (patience=25)
[16:22:20]  Fold 4 — Best Val Loss: 0.2665, F1@0.5: 0.1836
[16:22:20] 
============================================================
[16:22:20]  FOLD 5/5 — Train: 755, Val: 188
[16:22:20] ============================================================
[16:22:21]   Fold 5/5 | Epoch   1 | LR 0.000140 | Train Loss 0.5121 | Val Loss 0.3085 | Val F1 0.0727
[16:22:26]   Fold 5/5 | Epoch  10 | LR 0.000699 | Train Loss 0.3480 | Val Loss 0.2944 | Val F1 0.1478
[16:22:32]   Fold 5/5 | Epoch  20 | LR 0.000691 | Train Loss 0.2769 | Val Loss 0.2777 | Val F1 0.1812
[16:22:37]   Fold 5/5 | Epoch  30 | LR 0.000674 | Train Loss 0.2184 | Val Loss 0.3572 | Val F1 0.2026
[16:22:42]   Fold 5/5 | Epoch  40 | LR 0.000649 | Train Loss 0.1905 | Val Loss 0.3719 | Val F1 0.1967
[16:22:45]   Early stopping at epoch 46 (patience=25)
[16:22:45]  Fold 5 — Best Val Loss: 0.2527, F1@0.5: 0.1933
[16:22:45] 
============================================================
[16:22:45]  K-FOLD RESULTS
[16:22:45] ============================================================
[16:22:45]  F1@0.5 per fold: ['0.1682', '0.0714', '0.1716', '0.1836', '0.1933']
[16:22:45]  Mean F1@0.5: 0.1576 ± 0.0440
[16:22:45] 
 Tuning per-action thresholds...
[16:22:46]  Threshold range: [0.05, 0.60], mean=0.45
[16:22:46] 
 With tuned thresholds:
[16:22:46]   Macro F1:   0.2006
[16:22:46]   Micro F1:   0.3263
[16:22:46]   Sample F1:  0.3373
[16:22:46]   Precision:  0.1517
[16:22:46]   Recall:     0.6316
[16:22:46] 
 Per-action F1 (tuned threshold):
[16:22:46]   D3-CCSA: F1=0.1481 (t=0.55, support=17)
[16:22:46]   D3-CE: F1=0.0310 (t=0.35, support=14)
[16:22:46]   D3-CQ: F1=0.1432 (t=0.40, support=71)
[16:22:46]   D3-CR: F1=0.0297 (t=0.55, support=6)
[16:22:46]   D3-CRO: F1=0.0571 (t=0.45, support=3)
[16:22:46]   D3-DNSDL: F1=0.1101 (t=0.50, support=25)
[16:22:46]   D3-EAL: F1=0.0097 (t=0.50, support=3)
[16:22:46]   D3-EDL: F1=0.1316 (t=0.50, support=51)
[16:22:46]   D3-EI: F1=0.0784 (t=0.50, support=12)
[16:22:46]   D3-FA: F1=0.0502 (t=0.55, support=11)
[16:22:46]   D3-FAPA: F1=0.2893 (t=0.50, support=84)
[16:22:46]   D3-FCOA: F1=0.0163 (t=0.45, support=4)
[16:22:46]   D3-FEV: F1=0.5504 (t=0.40, support=356)
[16:22:46]   D3-FIM: F1=0.4000 (t=0.45, support=3)
[16:22:46]   D3-FR: F1=0.0326 (t=0.40, support=12)
[16:22:46]   D3-FRDDL: F1=0.3368 (t=0.60, support=44)
[16:22:46]   D3-NI: F1=0.5636 (t=0.40, support=364)
[16:22:46]   D3-NTA: F1=0.0223 (t=0.40, support=8)
[16:22:46]   D3-OTF: F1=0.4349 (t=0.05, support=262)
[16:22:46]   D3-PA: F1=0.1365 (t=0.50, support=52)
[16:22:46]   D3-PCSV: F1=0.2277 (t=0.50, support=98)
[16:22:46]   D3-PLA: F1=0.1037 (t=0.50, support=38)
[16:22:46]   D3-PSA: F1=0.4465 (t=0.45, support=264)
[16:22:46]   D3-PSMD: F1=0.0208 (t=0.55, support=3)
[16:22:46]   D3-PT: F1=0.9789 (t=0.05, support=904)
[16:22:46]   D3-RC: F1=0.1053 (t=0.60, support=12)
[16:22:46]   D3-RF: F1=0.3478 (t=0.55, support=22)
[16:22:46]   D3-RKD: F1=0.4168 (t=0.50, support=148)
[16:22:46]   D3-SCA: F1=0.0386 (t=0.45, support=13)
[16:22:46]   D3-SEA: F1=0.0103 (t=0.50, support=3)
[16:22:46]   D3-SICA: F1=0.2972 (t=0.50, support=84)
[16:22:46]   D3-SJA: F1=0.0261 (t=0.45, support=4)
[16:22:46]   D3-ST: F1=0.0285 (t=0.35, support=13)
[16:22:46]  Result: Macro F1=0.2006, Micro F1=0.3263, P=0.1517, R=0.6316 (99s)
[16:22:46]  Current best: Case 13 (w_sig=0.1, w_ttp=0.1, w_mbc=0.8) → Macro F1=0.2709
[16:22:46] 
[Case 17/66] w_sig=0.1, w_ttp=0.5, w_mbc=0.4
[16:22:46]  CNN Dataset: 943 samples, 478 features → 22x22 image
[16:22:46]  Device: cpu
[16:22:46] 
============================================================
[16:22:46]  FOLD 1/5 — Train: 754, Val: 189
[16:22:46] ============================================================
[16:22:46]  Model parameters: 65,505
[16:22:46]   Fold 1/5 | Epoch   1 | LR 0.000140 | Train Loss 0.5139 | Val Loss 0.3362 | Val F1 0.0587
[16:22:51]   Fold 1/5 | Epoch  10 | LR 0.000699 | Train Loss 0.3598 | Val Loss 0.2814 | Val F1 0.1616
[16:22:56]   Fold 1/5 | Epoch  20 | LR 0.000691 | Train Loss 0.2802 | Val Loss 0.3027 | Val F1 0.1844
[16:23:02]   Fold 1/5 | Epoch  30 | LR 0.000674 | Train Loss 0.2184 | Val Loss 0.3020 | Val F1 0.2143
[16:23:04]   Early stopping at epoch 35 (patience=25)
[16:23:04]  Fold 1 — Best Val Loss: 0.2814, F1@0.5: 0.1616
[16:23:04] 
============================================================
[16:23:04]  FOLD 2/5 — Train: 754, Val: 189
[16:23:04] ============================================================
[16:23:05]   Fold 2/5 | Epoch   1 | LR 0.000140 | Train Loss 0.5425 | Val Loss 0.3788 | Val F1 0.1030
[16:23:09]   Fold 2/5 | Epoch  10 | LR 0.000699 | Train Loss 0.3236 | Val Loss 0.4219 | Val F1 0.1638
[16:23:14]   Fold 2/5 | Epoch  20 | LR 0.000691 | Train Loss 0.2552 | Val Loss 0.5607 | Val F1 0.1763
[16:23:17]   Early stopping at epoch 26 (patience=25)
[16:23:17]  Fold 2 — Best Val Loss: 0.3788, F1@0.5: 0.1030
[16:23:17] 
============================================================
[16:23:17]  FOLD 3/5 — Train: 754, Val: 189
[16:23:17] ============================================================
[16:23:18]   Fold 3/5 | Epoch   1 | LR 0.000140 | Train Loss 0.4694 | Val Loss 0.3498 | Val F1 0.0298
[16:23:23]   Fold 3/5 | Epoch  10 | LR 0.000699 | Train Loss 0.3303 | Val Loss 0.3388 | Val F1 0.1495
[16:23:28]   Fold 3/5 | Epoch  20 | LR 0.000691 | Train Loss 0.2487 | Val Loss 0.5275 | Val F1 0.1771
[16:23:33]   Early stopping at epoch 29 (patience=25)
[16:23:33]  Fold 3 — Best Val Loss: 0.3226, F1@0.5: 0.1032
[16:23:33] 
============================================================
[16:23:33]  FOLD 4/5 — Train: 755, Val: 188
[16:23:33] ============================================================
[16:23:33]   Fold 4/5 | Epoch   1 | LR 0.000140 | Train Loss 0.4936 | Val Loss 0.3053 | Val F1 0.0449
[16:23:38]   Fold 4/5 | Epoch  10 | LR 0.000699 | Train Loss 0.3506 | Val Loss 0.3256 | Val F1 0.1547
[16:23:43]   Fold 4/5 | Epoch  20 | LR 0.000691 | Train Loss 0.2802 | Val Loss 0.4029 | Val F1 0.1267
[16:23:48]   Fold 4/5 | Epoch  30 | LR 0.000674 | Train Loss 0.2297 | Val Loss 0.6595 | Val F1 0.1837
[16:23:53]   Fold 4/5 | Epoch  40 | LR 0.000649 | Train Loss 0.1869 | Val Loss 0.7545 | Val F1 0.1948
[16:23:59]   Fold 4/5 | Epoch  50 | LR 0.000616 | Train Loss 0.1699 | Val Loss 0.7864 | Val F1 0.1338
[16:24:01]   Early stopping at epoch 54 (patience=25)
[16:24:01]  Fold 4 — Best Val Loss: 0.2842, F1@0.5: 0.2221
[16:24:01] 
============================================================
[16:24:01]  FOLD 5/5 — Train: 755, Val: 188
[16:24:01] ============================================================
[16:24:01]   Fold 5/5 | Epoch   1 | LR 0.000140 | Train Loss 0.5072 | Val Loss 0.3151 | Val F1 0.0933
[16:24:06]   Fold 5/5 | Epoch  10 | LR 0.000699 | Train Loss 0.3626 | Val Loss 0.3327 | Val F1 0.0928
[16:24:11]   Fold 5/5 | Epoch  20 | LR 0.000691 | Train Loss 0.2822 | Val Loss 0.2987 | Val F1 0.1107
[16:24:16]   Fold 5/5 | Epoch  30 | LR 0.000674 | Train Loss 0.2224 | Val Loss 1.0901 | Val F1 0.1627
[16:24:20]   Early stopping at epoch 37 (patience=25)
[16:24:20]  Fold 5 — Best Val Loss: 0.2641, F1@0.5: 0.1886
[16:24:20] 
============================================================
[16:24:20]  K-FOLD RESULTS
[16:24:20] ============================================================
[16:24:20]  F1@0.5 per fold: ['0.1616', '0.1030', '0.1032', '0.2221', '0.1886']
[16:24:20]  Mean F1@0.5: 0.1557 ± 0.0470
[16:24:20] 
 Tuning per-action thresholds...
[16:24:20]  Threshold range: [0.05, 0.65], mean=0.46
[16:24:21] 
 With tuned thresholds:
[16:24:21]   Macro F1:   0.1937
[16:24:21]   Micro F1:   0.3286
[16:24:21]   Sample F1:  0.3370
[16:24:21]   Precision:  0.1797
[16:24:21]   Recall:     0.5826
[16:24:21] 
 Per-action F1 (tuned threshold):
[16:24:21]   D3-CCSA: F1=0.1000 (t=0.55, support=17)
[16:24:21]   D3-CE: F1=0.0833 (t=0.55, support=14)
[16:24:21]   D3-CQ: F1=0.1643 (t=0.50, support=71)
[16:24:21]   D3-CR: F1=0.0228 (t=0.45, support=6)
[16:24:21]   D3-CRO: F1=0.0078 (t=0.25, support=3)
[16:24:21]   D3-DNSDL: F1=0.1176 (t=0.55, support=25)
[16:24:21]   D3-EAL: F1=0.0128 (t=0.40, support=3)
[16:24:21]   D3-EDL: F1=0.1395 (t=0.65, support=51)
[16:24:21]   D3-EI: F1=0.1667 (t=0.50, support=12)
[16:24:21]   D3-FA: F1=0.0469 (t=0.50, support=11)
[16:24:21]   D3-FAPA: F1=0.3425 (t=0.55, support=84)
[16:24:21]   D3-FCOA: F1=0.0206 (t=0.45, support=4)
[16:24:21]   D3-FEV: F1=0.5594 (t=0.45, support=356)
[16:24:21]   D3-FIM: F1=0.1481 (t=0.45, support=3)
[16:24:21]   D3-FR: F1=0.0277 (t=0.35, support=12)
[16:24:21]   D3-FRDDL: F1=0.3368 (t=0.55, support=44)
[16:24:21]   D3-NI: F1=0.5811 (t=0.40, support=364)
[16:24:21]   D3-NTA: F1=0.0171 (t=0.30, support=8)
[16:24:21]   D3-OTF: F1=0.4466 (t=0.45, support=262)
[16:24:21]   D3-PA: F1=0.1690 (t=0.50, support=52)
[16:24:21]   D3-PCSV: F1=0.1943 (t=0.45, support=98)
[16:24:21]   D3-PLA: F1=0.0988 (t=0.50, support=38)
[16:24:21]   D3-PSA: F1=0.4435 (t=0.40, support=264)
[16:24:21]   D3-PSMD: F1=0.0202 (t=0.50, support=3)
[16:24:21]   D3-PT: F1=0.9789 (t=0.05, support=904)
[16:24:21]   D3-RC: F1=0.0816 (t=0.50, support=12)
[16:24:21]   D3-RF: F1=0.2500 (t=0.55, support=22)
[16:24:21]   D3-RKD: F1=0.4308 (t=0.50, support=148)
[16:24:21]   D3-SCA: F1=0.0321 (t=0.50, support=13)
[16:24:21]   D3-SEA: F1=0.0098 (t=0.35, support=3)
[16:24:21]   D3-SICA: F1=0.2712 (t=0.60, support=84)
[16:24:21]   D3-SJA: F1=0.0311 (t=0.50, support=4)
[16:24:21]   D3-ST: F1=0.0375 (t=0.40, support=13)
[16:24:21]  Result: Macro F1=0.1937, Micro F1=0.3286, P=0.1797, R=0.5826 (95s)
[16:24:21]  Current best: Case 13 (w_sig=0.1, w_ttp=0.1, w_mbc=0.8) → Macro F1=0.2709
[16:24:21] 
[Case 18/66] w_sig=0.1, w_ttp=0.6, w_mbc=0.3
[16:24:21]  CNN Dataset: 943 samples, 478 features → 22x22 image
[16:24:21]  Device: cpu
[16:24:21] 
============================================================
[16:24:21]  FOLD 1/5 — Train: 754, Val: 189
[16:24:21] ============================================================
[16:24:21]  Model parameters: 65,505
[16:24:21]   Fold 1/5 | Epoch   1 | LR 0.000140 | Train Loss 0.5145 | Val Loss 0.3323 | Val F1 0.0623
[16:24:25]   Fold 1/5 | Epoch  10 | LR 0.000699 | Train Loss 0.3640 | Val Loss 0.2766 | Val F1 0.1426
[16:24:31]   Fold 1/5 | Epoch  20 | LR 0.000691 | Train Loss 0.2852 | Val Loss 0.2817 | Val F1 0.1772
[16:24:36]   Fold 1/5 | Epoch  30 | LR 0.000674 | Train Loss 0.2253 | Val Loss 0.3076 | Val F1 0.2002
[16:24:41]   Fold 1/5 | Epoch  40 | LR 0.000649 | Train Loss 0.2092 | Val Loss 0.6960 | Val F1 0.1533
[16:24:41]   Early stopping at epoch 41 (patience=25)
[16:24:42]  Fold 1 — Best Val Loss: 0.2741, F1@0.5: 0.1929
[16:24:42] 
============================================================
[16:24:42]  FOLD 2/5 — Train: 754, Val: 189
[16:24:42] ============================================================
[16:24:42]   Fold 2/5 | Epoch   1 | LR 0.000140 | Train Loss 0.4664 | Val Loss 0.3552 | Val F1 0.1021
[16:24:47]   Fold 2/5 | Epoch  10 | LR 0.000699 | Train Loss 0.3332 | Val Loss 0.4071 | Val F1 0.1625
[16:24:52]   Fold 2/5 | Epoch  20 | LR 0.000691 | Train Loss 0.2612 | Val Loss 1.1521 | Val F1 0.1401
[16:24:55]   Early stopping at epoch 26 (patience=25)
[16:24:55]  Fold 2 — Best Val Loss: 0.3552, F1@0.5: 0.1021
[16:24:55] 
============================================================
[16:24:55]  FOLD 3/5 — Train: 754, Val: 189
[16:24:55] ============================================================
[16:24:56]   Fold 3/5 | Epoch   1 | LR 0.000140 | Train Loss 0.4857 | Val Loss 0.3472 | Val F1 0.1024
[16:25:01]   Fold 3/5 | Epoch  10 | LR 0.000699 | Train Loss 0.3438 | Val Loss 0.3416 | Val F1 0.1420
[16:25:06]   Fold 3/5 | Epoch  20 | LR 0.000691 | Train Loss 0.2755 | Val Loss 0.3170 | Val F1 0.1730
[16:25:11]   Fold 3/5 | Epoch  30 | LR 0.000674 | Train Loss 0.2165 | Val Loss 0.5566 | Val F1 0.1884
[16:25:16]   Fold 3/5 | Epoch  40 | LR 0.000649 | Train Loss 0.1785 | Val Loss 0.3417 | Val F1 0.1406
[16:25:19]   Early stopping at epoch 45 (patience=25)
[16:25:19]  Fold 3 — Best Val Loss: 0.3170, F1@0.5: 0.1730
[16:25:19] 
============================================================
[16:25:19]  FOLD 4/5 — Train: 755, Val: 188
[16:25:19] ============================================================
[16:25:19]   Fold 4/5 | Epoch   1 | LR 0.000140 | Train Loss 0.5309 | Val Loss 0.3048 | Val F1 0.0423
[16:25:24]   Fold 4/5 | Epoch  10 | LR 0.000699 | Train Loss 0.3600 | Val Loss 0.3090 | Val F1 0.1421
[16:25:29]   Fold 4/5 | Epoch  20 | LR 0.000691 | Train Loss 0.2886 | Val Loss 0.4767 | Val F1 0.1567
[16:25:34]   Early stopping at epoch 29 (patience=25)
[16:25:34]  Fold 4 — Best Val Loss: 0.2838, F1@0.5: 0.0948
[16:25:34] 
============================================================
[16:25:34]  FOLD 5/5 — Train: 755, Val: 188
[16:25:34] ============================================================
[16:25:34]   Fold 5/5 | Epoch   1 | LR 0.000140 | Train Loss 0.4729 | Val Loss 0.2945 | Val F1 0.0713
[16:25:39]   Fold 5/5 | Epoch  10 | LR 0.000699 | Train Loss 0.3561 | Val Loss 0.2824 | Val F1 0.1253
[16:25:44]   Fold 5/5 | Epoch  20 | LR 0.000691 | Train Loss 0.2930 | Val Loss 0.3299 | Val F1 0.1362
[16:25:50]   Fold 5/5 | Epoch  30 | LR 0.000674 | Train Loss 0.2411 | Val Loss 0.3742 | Val F1 0.1711
[16:25:55]   Fold 5/5 | Epoch  40 | LR 0.000649 | Train Loss 0.2004 | Val Loss 0.3072 | Val F1 0.2075
[16:26:00]   Fold 5/5 | Epoch  50 | LR 0.000616 | Train Loss 0.1780 | Val Loss 0.9189 | Val F1 0.1918
[16:26:02]   Early stopping at epoch 53 (patience=25)
[16:26:02]  Fold 5 — Best Val Loss: 0.2501, F1@0.5: 0.1978
[16:26:02] 
============================================================
[16:26:02]  K-FOLD RESULTS
[16:26:02] ============================================================
[16:26:02]  F1@0.5 per fold: ['0.1929', '0.1021', '0.1730', '0.0948', '0.1978']
[16:26:02]  Mean F1@0.5: 0.1521 ± 0.0446
[16:26:02] 
 Tuning per-action thresholds...
[16:26:02]  Threshold range: [0.05, 0.65], mean=0.48
[16:26:02] 
 With tuned thresholds:
[16:26:02]   Macro F1:   0.1983
[16:26:02]   Micro F1:   0.3735
[16:26:02]   Sample F1:  0.3787
[16:26:02]   Precision:  0.1971
[16:26:02]   Recall:     0.5100
[16:26:02] 
 Per-action F1 (tuned threshold):
[16:26:02]   D3-CCSA: F1=0.0629 (t=0.50, support=17)
[16:26:02]   D3-CE: F1=0.0327 (t=0.45, support=14)
[16:26:02]   D3-CQ: F1=0.1458 (t=0.45, support=71)
[16:26:02]   D3-CR: F1=0.1333 (t=0.50, support=6)
[16:26:02]   D3-CRO: F1=0.0092 (t=0.40, support=3)
[16:26:02]   D3-DNSDL: F1=0.1250 (t=0.55, support=25)
[16:26:02]   D3-EAL: F1=0.0121 (t=0.40, support=3)
[16:26:02]   D3-EDL: F1=0.1237 (t=0.50, support=51)
[16:26:02]   D3-EI: F1=0.0741 (t=0.60, support=12)
[16:26:02]   D3-FA: F1=0.1176 (t=0.65, support=11)
[16:26:02]   D3-FAPA: F1=0.4459 (t=0.55, support=84)
[16:26:02]   D3-FCOA: F1=0.0153 (t=0.45, support=4)
[16:26:02]   D3-FEV: F1=0.5727 (t=0.45, support=356)
[16:26:02]   D3-FIM: F1=0.0219 (t=0.40, support=3)
[16:26:02]   D3-FR: F1=0.0271 (t=0.45, support=12)
[16:26:02]   D3-FRDDL: F1=0.4211 (t=0.55, support=44)
[16:26:02]   D3-NI: F1=0.5691 (t=0.45, support=364)
[16:26:02]   D3-NTA: F1=0.0952 (t=0.55, support=8)
[16:26:02]   D3-OTF: F1=0.4464 (t=0.40, support=262)
[16:26:02]   D3-PA: F1=0.1241 (t=0.50, support=52)
[16:26:02]   D3-PCSV: F1=0.2132 (t=0.45, support=98)
[16:26:02]   D3-PLA: F1=0.1116 (t=0.50, support=38)
[16:26:02]   D3-PSA: F1=0.4446 (t=0.45, support=264)
[16:26:02]   D3-PSMD: F1=0.0202 (t=0.45, support=3)
[16:26:02]   D3-PT: F1=0.9789 (t=0.05, support=904)
[16:26:02]   D3-RC: F1=0.1111 (t=0.55, support=12)
[16:26:02]   D3-RF: F1=0.1875 (t=0.60, support=22)
[16:26:02]   D3-RKD: F1=0.3560 (t=0.45, support=148)
[16:26:02]   D3-SCA: F1=0.1176 (t=0.65, support=13)
[16:26:02]   D3-SEA: F1=0.0104 (t=0.50, support=3)
[16:26:02]   D3-SICA: F1=0.2350 (t=0.50, support=84)
[16:26:02]   D3-SJA: F1=0.0392 (t=0.50, support=4)
[16:26:02]   D3-ST: F1=0.1429 (t=0.55, support=13)
[16:26:02]  Result: Macro F1=0.1983, Micro F1=0.3735, P=0.1971, R=0.5100 (102s)
[16:26:02]  Current best: Case 13 (w_sig=0.1, w_ttp=0.1, w_mbc=0.8) → Macro F1=0.2709
[16:26:02] 
[Case 19/66] w_sig=0.1, w_ttp=0.7, w_mbc=0.2
[16:26:02]  CNN Dataset: 943 samples, 478 features → 22x22 image
[16:26:02]  Device: cpu
[16:26:02] 
============================================================
[16:26:02]  FOLD 1/5 — Train: 754, Val: 189
[16:26:02] ============================================================
[16:26:02]  Model parameters: 65,505
[16:26:03]   Fold 1/5 | Epoch   1 | LR 0.000140 | Train Loss 0.5147 | Val Loss 0.3294 | Val F1 0.0647
[16:26:08]   Fold 1/5 | Epoch  10 | LR 0.000699 | Train Loss 0.3679 | Val Loss 0.2826 | Val F1 0.1599
[16:26:12]   Fold 1/5 | Epoch  20 | LR 0.000691 | Train Loss 0.2900 | Val Loss 0.2930 | Val F1 0.2039
[16:26:18]   Fold 1/5 | Epoch  30 | LR 0.000674 | Train Loss 0.2327 | Val Loss 0.4954 | Val F1 0.1825
[16:26:23]   Fold 1/5 | Epoch  40 | LR 0.000649 | Train Loss 0.2110 | Val Loss 0.3562 | Val F1 0.1433
[16:26:27]   Early stopping at epoch 48 (patience=25)
[16:26:27]  Fold 1 — Best Val Loss: 0.2595, F1@0.5: 0.2063
[16:26:27] 
============================================================
[16:26:27]  FOLD 2/5 — Train: 754, Val: 189
[16:26:27] ============================================================
[16:26:28]   Fold 2/5 | Epoch   1 | LR 0.000140 | Train Loss 0.4797 | Val Loss 0.3740 | Val F1 0.0385
[16:26:32]   Fold 2/5 | Epoch  10 | LR 0.000699 | Train Loss 0.3289 | Val Loss 0.4172 | Val F1 0.1520
[16:26:37]   Fold 2/5 | Epoch  20 | LR 0.000691 | Train Loss 0.2569 | Val Loss 0.7246 | Val F1 0.1545
[16:26:40]   Early stopping at epoch 26 (patience=25)
[16:26:40]  Fold 2 — Best Val Loss: 0.3740, F1@0.5: 0.0385
[16:26:40] 
============================================================
[16:26:40]  FOLD 3/5 — Train: 754, Val: 189
[16:26:40] ============================================================
[16:26:41]   Fold 3/5 | Epoch   1 | LR 0.000140 | Train Loss 0.5011 | Val Loss 0.3800 | Val F1 0.1039
[16:26:46]   Fold 3/5 | Epoch  10 | LR 0.000699 | Train Loss 0.3467 | Val Loss 0.3688 | Val F1 0.1432
[16:26:51]   Fold 3/5 | Epoch  20 | LR 0.000691 | Train Loss 0.2766 | Val Loss 0.5414 | Val F1 0.1230
[16:26:56]   Fold 3/5 | Epoch  30 | LR 0.000674 | Train Loss 0.2212 | Val Loss 1.2921 | Val F1 0.1004
[16:27:01]   Fold 3/5 | Epoch  40 | LR 0.000649 | Train Loss 0.1893 | Val Loss 0.3810 | Val F1 0.1491
[16:27:03]   Early stopping at epoch 43 (patience=25)
[16:27:03]  Fold 3 — Best Val Loss: 0.3206, F1@0.5: 0.1629
[16:27:03] 
============================================================
[16:27:03]  FOLD 4/5 — Train: 755, Val: 188
[16:27:03] ============================================================
[16:27:03]   Fold 4/5 | Epoch   1 | LR 0.000140 | Train Loss 0.5110 | Val Loss 0.2903 | Val F1 0.0981
[16:27:08]   Fold 4/5 | Epoch  10 | LR 0.000699 | Train Loss 0.3640 | Val Loss 0.2976 | Val F1 0.1289
[16:27:13]   Fold 4/5 | Epoch  20 | LR 0.000691 | Train Loss 0.2964 | Val Loss 0.2858 | Val F1 0.1647
[16:27:18]   Fold 4/5 | Epoch  30 | LR 0.000674 | Train Loss 0.2310 | Val Loss 0.9078 | Val F1 0.1942
[16:27:23]   Fold 4/5 | Epoch  40 | LR 0.000649 | Train Loss 0.1899 | Val Loss 0.9220 | Val F1 0.1960
[16:27:27]   Early stopping at epoch 48 (patience=25)
[16:27:27]  Fold 4 — Best Val Loss: 0.2712, F1@0.5: 0.1713
[16:27:27] 
============================================================
[16:27:27]  FOLD 5/5 — Train: 755, Val: 188
[16:27:27] ============================================================
[16:27:28]   Fold 5/5 | Epoch   1 | LR 0.000140 | Train Loss 0.5362 | Val Loss 0.3112 | Val F1 0.0437
[16:27:33]   Fold 5/5 | Epoch  10 | LR 0.000699 | Train Loss 0.3526 | Val Loss 0.2786 | Val F1 0.1365
[16:27:38]   Fold 5/5 | Epoch  20 | LR 0.000691 | Train Loss 0.2798 | Val Loss 0.4007 | Val F1 0.1483
[16:27:43]   Fold 5/5 | Epoch  30 | LR 0.000674 | Train Loss 0.2355 | Val Loss 0.2536 | Val F1 0.1836
[16:27:48]   Fold 5/5 | Epoch  40 | LR 0.000649 | Train Loss 0.2127 | Val Loss 0.3503 | Val F1 0.2624
[16:27:53]   Fold 5/5 | Epoch  50 | LR 0.000616 | Train Loss 0.1683 | Val Loss 0.3864 | Val F1 0.2259
[16:27:56]   Early stopping at epoch 55 (patience=25)
[16:27:56]  Fold 5 — Best Val Loss: 0.2536, F1@0.5: 0.1836
[16:27:56] 
============================================================
[16:27:56]  K-FOLD RESULTS
[16:27:56] ============================================================
[16:27:56]  F1@0.5 per fold: ['0.2063', '0.0385', '0.1629', '0.1713', '0.1836']
[16:27:56]  Mean F1@0.5: 0.1525 ± 0.0589
[16:27:56] 
 Tuning per-action thresholds...
[16:27:57]  Threshold range: [0.05, 0.70], mean=0.48
[16:27:57] 
 With tuned thresholds:
[16:27:57]   Macro F1:   0.1990
[16:27:57]   Micro F1:   0.3332
[16:27:57]   Sample F1:  0.3395
[16:27:57]   Precision:  0.1646
[16:27:57]   Recall:     0.5965
[16:27:57] 
 Per-action F1 (tuned threshold):
[16:27:57]   D3-CCSA: F1=0.0909 (t=0.70, support=17)
[16:27:57]   D3-CE: F1=0.0984 (t=0.60, support=14)
[16:27:57]   D3-CQ: F1=0.1626 (t=0.45, support=71)
[16:27:57]   D3-CR: F1=0.0909 (t=0.70, support=6)
[16:27:57]   D3-CRO: F1=0.0098 (t=0.35, support=3)
[16:27:57]   D3-DNSDL: F1=0.1132 (t=0.50, support=25)
[16:27:57]   D3-EAL: F1=0.0096 (t=0.35, support=3)
[16:27:57]   D3-EDL: F1=0.1333 (t=0.50, support=51)
[16:27:57]   D3-EI: F1=0.1026 (t=0.55, support=12)
[16:27:57]   D3-FA: F1=0.0625 (t=0.60, support=11)
[16:27:57]   D3-FAPA: F1=0.4000 (t=0.50, support=84)
[16:27:57]   D3-FCOA: F1=0.0124 (t=0.35, support=4)
[16:27:57]   D3-FEV: F1=0.5659 (t=0.45, support=356)
[16:27:57]   D3-FIM: F1=0.0191 (t=0.45, support=3)
[16:27:57]   D3-FR: F1=0.0325 (t=0.45, support=12)
[16:27:57]   D3-FRDDL: F1=0.3680 (t=0.45, support=44)
[16:27:57]   D3-NI: F1=0.5643 (t=0.45, support=364)
[16:27:57]   D3-NTA: F1=0.0216 (t=0.50, support=8)
[16:27:57]   D3-OTF: F1=0.4463 (t=0.40, support=262)
[16:27:57]   D3-PA: F1=0.1698 (t=0.50, support=52)
[16:27:57]   D3-PCSV: F1=0.2183 (t=0.40, support=98)
[16:27:57]   D3-PLA: F1=0.1134 (t=0.50, support=38)
[16:27:57]   D3-PSA: F1=0.4521 (t=0.45, support=264)
[16:27:57]   D3-PSMD: F1=0.0114 (t=0.40, support=3)
[16:27:57]   D3-PT: F1=0.9789 (t=0.05, support=904)
[16:27:57]   D3-RC: F1=0.1429 (t=0.60, support=12)
[16:27:57]   D3-RF: F1=0.1408 (t=0.55, support=22)
[16:27:57]   D3-RKD: F1=0.4552 (t=0.45, support=148)
[16:27:57]   D3-SCA: F1=0.1000 (t=0.70, support=13)
[16:27:57]   D3-SEA: F1=0.0076 (t=0.30, support=3)
[16:27:57]   D3-SICA: F1=0.3878 (t=0.50, support=84)
[16:27:57]   D3-SJA: F1=0.0169 (t=0.45, support=4)
[16:27:57]   D3-ST: F1=0.0667 (t=0.60, support=13)
[16:27:57]  Result: Macro F1=0.1990, Micro F1=0.3332, P=0.1646, R=0.5965 (114s)
[16:27:57]  Current best: Case 13 (w_sig=0.1, w_ttp=0.1, w_mbc=0.8) → Macro F1=0.2709
[16:27:57] 
[Case 20/66] w_sig=0.1, w_ttp=0.8, w_mbc=0.1
[16:27:57]  CNN Dataset: 943 samples, 478 features → 22x22 image
[16:27:57]  Device: cpu
[16:27:57] 
============================================================
[16:27:57]  FOLD 1/5 — Train: 754, Val: 189
[16:27:57] ============================================================
[16:27:57]  Model parameters: 65,505
[16:27:57]   Fold 1/5 | Epoch   1 | LR 0.000140 | Train Loss 0.5147 | Val Loss 0.3242 | Val F1 0.0647
[16:28:02]   Fold 1/5 | Epoch  10 | LR 0.000699 | Train Loss 0.3713 | Val Loss 0.2835 | Val F1 0.1428
[16:28:09]   Fold 1/5 | Epoch  20 | LR 0.000691 | Train Loss 0.3017 | Val Loss 0.2735 | Val F1 0.1573
[16:28:17]   Fold 1/5 | Epoch  30 | LR 0.000674 | Train Loss 0.2362 | Val Loss 0.3267 | Val F1 0.1964
[16:28:24]   Fold 1/5 | Epoch  40 | LR 0.000649 | Train Loss 0.2147 | Val Loss 0.3369 | Val F1 0.1440
[16:28:25]   Early stopping at epoch 41 (patience=25)
[16:28:25]  Fold 1 — Best Val Loss: 0.2647, F1@0.5: 0.1846
[16:28:25] 
============================================================
[16:28:25]  FOLD 2/5 — Train: 754, Val: 189
[16:28:25] ============================================================
[16:28:25]   Fold 2/5 | Epoch   1 | LR 0.000140 | Train Loss 0.4654 | Val Loss 0.3525 | Val F1 0.1037
[16:28:32]   Fold 2/5 | Epoch  10 | LR 0.000699 | Train Loss 0.3359 | Val Loss 0.4200 | Val F1 0.1647
[16:28:40]   Fold 2/5 | Epoch  20 | LR 0.000691 | Train Loss 0.2696 | Val Loss 0.6707 | Val F1 0.1772
[16:28:44]   Early stopping at epoch 26 (patience=25)
[16:28:44]  Fold 2 — Best Val Loss: 0.3525, F1@0.5: 0.1037
[16:28:44] 
============================================================
[16:28:44]  FOLD 3/5 — Train: 754, Val: 189
[16:28:44] ============================================================
[16:28:45]   Fold 3/5 | Epoch   1 | LR 0.000140 | Train Loss 0.4872 | Val Loss 0.3439 | Val F1 0.0861
[16:28:52]   Fold 3/5 | Epoch  10 | LR 0.000699 | Train Loss 0.3511 | Val Loss 0.3380 | Val F1 0.1313
[16:29:00]   Fold 3/5 | Epoch  20 | LR 0.000691 | Train Loss 0.2884 | Val Loss 0.3137 | Val F1 0.1629
[16:29:09]   Fold 3/5 | Epoch  30 | LR 0.000674 | Train Loss 0.2313 | Val Loss 0.8967 | Val F1 0.1531
[16:29:17]   Fold 3/5 | Epoch  40 | LR 0.000649 | Train Loss 0.1989 | Val Loss 0.3879 | Val F1 0.2022
[16:29:21]   Early stopping at epoch 45 (patience=25)
[16:29:21]  Fold 3 — Best Val Loss: 0.3137, F1@0.5: 0.1629
[16:29:21] 
============================================================
[16:29:21]  FOLD 4/5 — Train: 755, Val: 188
[16:29:21] ============================================================
[16:29:22]   Fold 4/5 | Epoch   1 | LR 0.000140 | Train Loss 0.5299 | Val Loss 0.2999 | Val F1 0.0386
[16:29:27]   Fold 4/5 | Epoch  10 | LR 0.000699 | Train Loss 0.3702 | Val Loss 0.3031 | Val F1 0.1446
[16:29:32]   Fold 4/5 | Epoch  20 | LR 0.000691 | Train Loss 0.3011 | Val Loss 0.3721 | Val F1 0.1690
[16:29:39]   Fold 4/5 | Epoch  30 | LR 0.000674 | Train Loss 0.2439 | Val Loss 0.5682 | Val F1 0.1883
[16:29:47]   Fold 4/5 | Epoch  40 | LR 0.000649 | Train Loss 0.2085 | Val Loss 0.9878 | Val F1 0.1102
[16:29:52]   Early stopping at epoch 47 (patience=25)
[16:29:52]  Fold 4 — Best Val Loss: 0.2534, F1@0.5: 0.1783
[16:29:52] 
============================================================
[16:29:52]  FOLD 5/5 — Train: 755, Val: 188
[16:29:52] ============================================================
[16:29:53]   Fold 5/5 | Epoch   1 | LR 0.000140 | Train Loss 0.4977 | Val Loss 0.2966 | Val F1 0.0682
[16:29:59]   Fold 5/5 | Epoch  10 | LR 0.000699 | Train Loss 0.3591 | Val Loss 0.3151 | Val F1 0.1044
[16:30:07]   Fold 5/5 | Epoch  20 | LR 0.000691 | Train Loss 0.2990 | Val Loss 0.3866 | Val F1 0.1505
[16:30:15]   Fold 5/5 | Epoch  30 | LR 0.000674 | Train Loss 0.2481 | Val Loss 0.2961 | Val F1 0.1972
[16:30:23]   Fold 5/5 | Epoch  40 | LR 0.000649 | Train Loss 0.2085 | Val Loss 0.4974 | Val F1 0.1800
[16:30:30]   Fold 5/5 | Epoch  50 | LR 0.000616 | Train Loss 0.1832 | Val Loss 0.3298 | Val F1 0.1901
[16:30:31]   Early stopping at epoch 51 (patience=25)
[16:30:31]  Fold 5 — Best Val Loss: 0.2641, F1@0.5: 0.1816
[16:30:31] 
============================================================
[16:30:31]  K-FOLD RESULTS
[16:30:31] ============================================================
[16:30:31]  F1@0.5 per fold: ['0.1846', '0.1037', '0.1629', '0.1783', '0.1816']
[16:30:31]  Mean F1@0.5: 0.1622 ± 0.0302
[16:30:31] 
 Tuning per-action thresholds...
[16:30:32]  Threshold range: [0.05, 0.60], mean=0.48
[16:30:32] 
 With tuned thresholds:
[16:30:32]   Macro F1:   0.1917
[16:30:32]   Micro F1:   0.3325
[16:30:32]   Sample F1:  0.3394
[16:30:32]   Precision:  0.1515
[16:30:32]   Recall:     0.5749
[16:30:32] 
 Per-action F1 (tuned threshold):
[16:30:32]   D3-CCSA: F1=0.0702 (t=0.60, support=17)
[16:30:32]   D3-CE: F1=0.0889 (t=0.55, support=14)
[16:30:32]   D3-CQ: F1=0.1560 (t=0.45, support=71)
[16:30:32]   D3-CR: F1=0.0421 (t=0.50, support=6)
[16:30:32]   D3-CRO: F1=0.0198 (t=0.45, support=3)
[16:30:32]   D3-DNSDL: F1=0.0810 (t=0.50, support=25)
[16:30:32]   D3-EAL: F1=0.0122 (t=0.35, support=3)
[16:30:32]   D3-EDL: F1=0.1659 (t=0.55, support=51)
[16:30:32]   D3-EI: F1=0.0690 (t=0.60, support=12)
[16:30:32]   D3-FA: F1=0.0278 (t=0.55, support=11)
[16:30:32]   D3-FAPA: F1=0.3750 (t=0.55, support=84)
[16:30:32]   D3-FCOA: F1=0.1333 (t=0.60, support=4)
[16:30:32]   D3-FEV: F1=0.5846 (t=0.50, support=356)
[16:30:32]   D3-FIM: F1=0.0513 (t=0.45, support=3)
[16:30:32]   D3-FR: F1=0.0286 (t=0.40, support=12)
[16:30:32]   D3-FRDDL: F1=0.4202 (t=0.55, support=44)
[16:30:32]   D3-NI: F1=0.5844 (t=0.50, support=364)
[16:30:32]   D3-NTA: F1=0.0455 (t=0.55, support=8)
[16:30:32]   D3-OTF: F1=0.4457 (t=0.45, support=262)
[16:30:32]   D3-PA: F1=0.1393 (t=0.50, support=52)
[16:30:32]   D3-PCSV: F1=0.2235 (t=0.45, support=98)
[16:30:32]   D3-PLA: F1=0.1044 (t=0.45, support=38)
[16:30:32]   D3-PSA: F1=0.4382 (t=0.40, support=264)
[16:30:32]   D3-PSMD: F1=0.0182 (t=0.45, support=3)
[16:30:32]   D3-PT: F1=0.9789 (t=0.05, support=904)
[16:30:32]   D3-RC: F1=0.1081 (t=0.55, support=12)
[16:30:32]   D3-RF: F1=0.1250 (t=0.60, support=22)
[16:30:32]   D3-RKD: F1=0.4144 (t=0.50, support=148)
[16:30:32]   D3-SCA: F1=0.0382 (t=0.50, support=13)
[16:30:32]   D3-SEA: F1=0.0089 (t=0.35, support=3)
[16:30:32]   D3-SICA: F1=0.2739 (t=0.50, support=84)
[16:30:32]   D3-SJA: F1=0.0183 (t=0.40, support=4)
[16:30:32]   D3-ST: F1=0.0353 (t=0.45, support=13)
[16:30:32]  Result: Macro F1=0.1917, Micro F1=0.3325, P=0.1515, R=0.5749 (156s)
[16:30:33]  Current best: Case 13 (w_sig=0.1, w_ttp=0.1, w_mbc=0.8) → Macro F1=0.2709
[16:30:33] 
[Case 21/66] w_sig=0.1, w_ttp=0.9, w_mbc=0.0
[16:30:33]  CNN Dataset: 943 samples, 478 features → 22x22 image
[16:30:33]  Device: cpu
[16:30:33] 
============================================================
[16:30:33]  FOLD 1/5 — Train: 754, Val: 189
[16:30:33] ============================================================
[16:30:33]  Model parameters: 65,505
[16:30:33]   Fold 1/5 | Epoch   1 | LR 0.000140 | Train Loss 0.5155 | Val Loss 0.3239 | Val F1 0.0647
[16:30:40]   Fold 1/5 | Epoch  10 | LR 0.000699 | Train Loss 0.3750 | Val Loss 0.2893 | Val F1 0.1271
[16:30:47]   Fold 1/5 | Epoch  20 | LR 0.000691 | Train Loss 0.2919 | Val Loss 0.2868 | Val F1 0.2007
[16:30:54]   Fold 1/5 | Epoch  30 | LR 0.000674 | Train Loss 0.2365 | Val Loss 1.0571 | Val F1 0.1183
[16:31:02]   Fold 1/5 | Epoch  40 | LR 0.000649 | Train Loss 0.2097 | Val Loss 0.3472 | Val F1 0.1722
[16:31:03]   Early stopping at epoch 42 (patience=25)
[16:31:03]  Fold 1 — Best Val Loss: 0.2682, F1@0.5: 0.1725
[16:31:03] 
============================================================
[16:31:03]  FOLD 2/5 — Train: 754, Val: 189
[16:31:03] ============================================================
[16:31:04]   Fold 2/5 | Epoch   1 | LR 0.000140 | Train Loss 0.4729 | Val Loss 0.3703 | Val F1 0.1073
[16:31:11]   Fold 2/5 | Epoch  10 | LR 0.000699 | Train Loss 0.3504 | Val Loss 0.4201 | Val F1 0.1279
[16:31:18]   Fold 2/5 | Epoch  20 | LR 0.000691 | Train Loss 0.2846 | Val Loss 0.4118 | Val F1 0.1712
[16:31:23]   Early stopping at epoch 26 (patience=25)
[16:31:23]  Fold 2 — Best Val Loss: 0.3703, F1@0.5: 0.1073
[16:31:23] 
============================================================
[16:31:23]  FOLD 3/5 — Train: 754, Val: 189
[16:31:23] ============================================================
[16:31:24]   Fold 3/5 | Epoch   1 | LR 0.000140 | Train Loss 0.5440 | Val Loss 0.3424 | Val F1 0.0616
[16:31:32]   Fold 3/5 | Epoch  10 | LR 0.000699 | Train Loss 0.3486 | Val Loss 0.3328 | Val F1 0.1273
[16:31:40]   Fold 3/5 | Epoch  20 | LR 0.000691 | Train Loss 0.2791 | Val Loss 0.3767 | Val F1 0.1754
[16:31:47]   Fold 3/5 | Epoch  30 | LR 0.000674 | Train Loss 0.2282 | Val Loss 0.7144 | Val F1 0.1309
[16:31:55]   Fold 3/5 | Epoch  40 | LR 0.000649 | Train Loss 0.1946 | Val Loss 0.4647 | Val F1 0.1566
[16:32:01]   Early stopping at epoch 49 (patience=25)
[16:32:01]  Fold 3 — Best Val Loss: 0.3206, F1@0.5: 0.1504
[16:32:01] 
============================================================
[16:32:01]  FOLD 4/5 — Train: 755, Val: 188
[16:32:01] ============================================================
[16:32:02]   Fold 4/5 | Epoch   1 | LR 0.000140 | Train Loss 0.5107 | Val Loss 0.2884 | Val F1 0.0981
[16:32:06]   Fold 4/5 | Epoch  10 | LR 0.000699 | Train Loss 0.3695 | Val Loss 0.2834 | Val F1 0.1440
[16:32:11]   Fold 4/5 | Epoch  20 | LR 0.000691 | Train Loss 0.3044 | Val Loss 0.5184 | Val F1 0.1163
[16:32:17]   Fold 4/5 | Epoch  30 | LR 0.000674 | Train Loss 0.2351 | Val Loss 0.2933 | Val F1 0.1629
[16:32:21]   Fold 4/5 | Epoch  40 | LR 0.000649 | Train Loss 0.1984 | Val Loss 0.3275 | Val F1 0.1562
[16:32:27]   Fold 4/5 | Epoch  50 | LR 0.000616 | Train Loss 0.1746 | Val Loss 0.4889 | Val F1 0.1803
[16:32:31]   Early stopping at epoch 59 (patience=25)
[16:32:31]  Fold 4 — Best Val Loss: 0.2585, F1@0.5: 0.1846
[16:32:31] 
============================================================
[16:32:31]  FOLD 5/5 — Train: 755, Val: 188
[16:32:31] ============================================================
[16:32:31]   Fold 5/5 | Epoch   1 | LR 0.000140 | Train Loss 0.4978 | Val Loss 0.2840 | Val F1 0.0468
[16:32:36]   Fold 5/5 | Epoch  10 | LR 0.000699 | Train Loss 0.3656 | Val Loss 0.2751 | Val F1 0.1305
[16:32:41]   Fold 5/5 | Epoch  20 | LR 0.000691 | Train Loss 0.3033 | Val Loss 0.3455 | Val F1 0.1250
[16:32:46]   Fold 5/5 | Epoch  30 | LR 0.000674 | Train Loss 0.2542 | Val Loss 0.3663 | Val F1 0.1876
[16:32:51]   Fold 5/5 | Epoch  40 | LR 0.000649 | Train Loss 0.2166 | Val Loss 0.2639 | Val F1 0.2301
[16:32:56]   Fold 5/5 | Epoch  50 | LR 0.000616 | Train Loss 0.1875 | Val Loss 0.5087 | Val F1 0.1822
[16:33:01]   Fold 5/5 | Epoch  60 | LR 0.000576 | Train Loss 0.1659 | Val Loss 0.3067 | Val F1 0.1883
[16:33:03]   Early stopping at epoch 64 (patience=25)
[16:33:03]  Fold 5 — Best Val Loss: 0.2296, F1@0.5: 0.2256
[16:33:03] 
============================================================
[16:33:03]  K-FOLD RESULTS
[16:33:03] ============================================================
[16:33:03]  F1@0.5 per fold: ['0.1725', '0.1073', '0.1504', '0.1846', '0.2256']
[16:33:03]  Mean F1@0.5: 0.1681 ± 0.0390
[16:33:03] 
 Tuning per-action thresholds...
[16:33:04]  Threshold range: [0.05, 0.75], mean=0.51
[16:33:04] 
 With tuned thresholds:
[16:33:04]   Macro F1:   0.2092
[16:33:04]   Micro F1:   0.3876
[16:33:04]   Sample F1:  0.3995
[16:33:04]   Precision:  0.1913
[16:33:04]   Recall:     0.5168
[16:33:04] 
 Per-action F1 (tuned threshold):
[16:33:04]   D3-CCSA: F1=0.0976 (t=0.60, support=17)
[16:33:04]   D3-CE: F1=0.1081 (t=0.60, support=14)
[16:33:04]   D3-CQ: F1=0.1593 (t=0.45, support=71)
[16:33:04]   D3-CR: F1=0.1111 (t=0.55, support=6)
[16:33:04]   D3-CRO: F1=0.2222 (t=0.55, support=3)
[16:33:04]   D3-DNSDL: F1=0.1176 (t=0.65, support=25)
[16:33:04]   D3-EAL: F1=0.0148 (t=0.50, support=3)
[16:33:04]   D3-EDL: F1=0.1547 (t=0.50, support=51)
[16:33:04]   D3-EI: F1=0.0556 (t=0.65, support=12)
[16:33:04]   D3-FA: F1=0.1250 (t=0.65, support=11)
[16:33:04]   D3-FAPA: F1=0.5306 (t=0.50, support=84)
[16:33:04]   D3-FCOA: F1=0.0136 (t=0.35, support=4)
[16:33:04]   D3-FEV: F1=0.5744 (t=0.45, support=356)
[16:33:04]   D3-FIM: F1=0.0174 (t=0.45, support=3)
[16:33:04]   D3-FR: F1=0.0488 (t=0.60, support=12)
[16:33:04]   D3-FRDDL: F1=0.1895 (t=0.50, support=44)
[16:33:04]   D3-NI: F1=0.5732 (t=0.50, support=364)
[16:33:04]   D3-NTA: F1=0.0482 (t=0.55, support=8)
[16:33:04]   D3-OTF: F1=0.4697 (t=0.45, support=262)
[16:33:04]   D3-PA: F1=0.1355 (t=0.45, support=52)
[16:33:04]   D3-PCSV: F1=0.2046 (t=0.50, support=98)
[16:33:04]   D3-PLA: F1=0.1119 (t=0.60, support=38)
[16:33:04]   D3-PSA: F1=0.4553 (t=0.45, support=264)
[16:33:04]   D3-PSMD: F1=0.0217 (t=0.40, support=3)
[16:33:04]   D3-PT: F1=0.9789 (t=0.05, support=904)
[16:33:04]   D3-RC: F1=0.0541 (t=0.50, support=12)
[16:33:04]   D3-RF: F1=0.2581 (t=0.60, support=22)
[16:33:04]   D3-RKD: F1=0.4239 (t=0.45, support=148)
[16:33:04]   D3-SCA: F1=0.1111 (t=0.75, support=13)
[16:33:04]   D3-SEA: F1=0.0083 (t=0.20, support=3)
[16:33:04]   D3-SICA: F1=0.3504 (t=0.55, support=84)
[16:33:04]   D3-SJA: F1=0.0335 (t=0.50, support=4)
[16:33:04]   D3-ST: F1=0.1250 (t=0.70, support=13)
[16:33:04]  Result: Macro F1=0.2092, Micro F1=0.3876, P=0.1913, R=0.5168 (152s)
[16:33:04]  Current best: Case 13 (w_sig=0.1, w_ttp=0.1, w_mbc=0.8) → Macro F1=0.2709
[16:33:04] 
[Case 22/66] w_sig=0.2, w_ttp=0.0, w_mbc=0.8
[16:33:04]  CNN Dataset: 943 samples, 478 features → 22x22 image
[16:33:04]  Device: cpu
[16:33:04] 
============================================================
[16:33:04]  FOLD 1/5 — Train: 754, Val: 189
[16:33:04] ============================================================
[16:33:04]  Model parameters: 65,505
[16:33:05]   Fold 1/5 | Epoch   1 | LR 0.000140 | Train Loss 0.5051 | Val Loss 0.3178 | Val F1 0.0748
[16:33:09]   Fold 1/5 | Epoch  10 | LR 0.000699 | Train Loss 0.3530 | Val Loss 0.2694 | Val F1 0.2035
[16:33:14]   Fold 1/5 | Epoch  20 | LR 0.000691 | Train Loss 0.2799 | Val Loss 0.3022 | Val F1 0.2275
[16:33:19]   Fold 1/5 | Epoch  30 | LR 0.000674 | Train Loss 0.2348 | Val Loss 0.3461 | Val F1 0.1871
[16:33:23]   Fold 1/5 | Epoch  40 | LR 0.000649 | Train Loss 0.2204 | Val Loss 0.3936 | Val F1 0.2425
[16:33:26]   Early stopping at epoch 46 (patience=25)
[16:33:27]  Fold 1 — Best Val Loss: 0.2559, F1@0.5: 0.2211
[16:33:27] 
============================================================
[16:33:27]  FOLD 2/5 — Train: 754, Val: 189
[16:33:27] ============================================================
[16:33:27]   Fold 2/5 | Epoch   1 | LR 0.000140 | Train Loss 0.4633 | Val Loss 0.3630 | Val F1 0.0599
[16:33:32]   Fold 2/5 | Epoch  10 | LR 0.000699 | Train Loss 0.3223 | Val Loss 0.3576 | Val F1 0.1981
[16:33:37]   Fold 2/5 | Epoch  20 | LR 0.000691 | Train Loss 0.2591 | Val Loss 0.5693 | Val F1 0.1593
[16:33:42]   Fold 2/5 | Epoch  30 | LR 0.000674 | Train Loss 0.2198 | Val Loss 0.6172 | Val F1 0.2574
[16:33:47]   Fold 2/5 | Epoch  40 | LR 0.000649 | Train Loss 0.1869 | Val Loss 0.4708 | Val F1 0.2866
[16:33:51]   Early stopping at epoch 49 (patience=25)
[16:33:51]  Fold 2 — Best Val Loss: 0.3551, F1@0.5: 0.2491
[16:33:51] 
============================================================
[16:33:51]  FOLD 3/5 — Train: 754, Val: 189
[16:33:51] ============================================================
[16:33:52]   Fold 3/5 | Epoch   1 | LR 0.000140 | Train Loss 0.4969 | Val Loss 0.3229 | Val F1 0.0626
[16:33:56]   Fold 3/5 | Epoch  10 | LR 0.000699 | Train Loss 0.3419 | Val Loss 0.3169 | Val F1 0.1673
[16:34:01]   Fold 3/5 | Epoch  20 | LR 0.000691 | Train Loss 0.2835 | Val Loss 0.4551 | Val F1 0.1638
[16:34:07]   Fold 3/5 | Epoch  30 | LR 0.000674 | Train Loss 0.2405 | Val Loss 0.5892 | Val F1 0.1788
[16:34:11]   Fold 3/5 | Epoch  40 | LR 0.000649 | Train Loss 0.2094 | Val Loss 0.3933 | Val F1 0.2478
[16:34:15]   Early stopping at epoch 46 (patience=25)
[16:34:15]  Fold 3 — Best Val Loss: 0.2997, F1@0.5: 0.2184
[16:34:15] 
============================================================
[16:34:15]  FOLD 4/5 — Train: 755, Val: 188
[16:34:15] ============================================================
[16:34:15]   Fold 4/5 | Epoch   1 | LR 0.000140 | Train Loss 0.4942 | Val Loss 0.2885 | Val F1 0.0627
[16:34:19]   Fold 4/5 | Epoch  10 | LR 0.000699 | Train Loss 0.3477 | Val Loss 0.2892 | Val F1 0.1983
[16:34:24]   Fold 4/5 | Epoch  20 | LR 0.000691 | Train Loss 0.2791 | Val Loss 0.2711 | Val F1 0.2190
[16:34:29]   Fold 4/5 | Epoch  30 | LR 0.000674 | Train Loss 0.2401 | Val Loss 1.1959 | Val F1 0.1015
[16:34:34]   Fold 4/5 | Epoch  40 | LR 0.000649 | Train Loss 0.2106 | Val Loss 0.2636 | Val F1 0.2401
[16:34:39]   Early stopping at epoch 49 (patience=25)
[16:34:39]  Fold 4 — Best Val Loss: 0.2465, F1@0.5: 0.2414
[16:34:39] 
============================================================
[16:34:39]  FOLD 5/5 — Train: 755, Val: 188
[16:34:39] ============================================================
[16:34:39]   Fold 5/5 | Epoch   1 | LR 0.000140 | Train Loss 0.4880 | Val Loss 0.2965 | Val F1 0.0868
[16:34:44]   Fold 5/5 | Epoch  10 | LR 0.000699 | Train Loss 0.3492 | Val Loss 0.2763 | Val F1 0.1345
[16:34:49]   Fold 5/5 | Epoch  20 | LR 0.000691 | Train Loss 0.2797 | Val Loss 0.2751 | Val F1 0.1894
[16:34:54]   Fold 5/5 | Epoch  30 | LR 0.000674 | Train Loss 0.2538 | Val Loss 0.2710 | Val F1 0.1961
[16:34:58]   Fold 5/5 | Epoch  40 | LR 0.000649 | Train Loss 0.2088 | Val Loss 0.4237 | Val F1 0.1853
[16:35:02]   Early stopping at epoch 46 (patience=25)
[16:35:02]  Fold 5 — Best Val Loss: 0.2501, F1@0.5: 0.2048
[16:35:02] 
============================================================
[16:35:02]  K-FOLD RESULTS
[16:35:02] ============================================================
[16:35:02]  F1@0.5 per fold: ['0.2211', '0.2491', '0.2184', '0.2414', '0.2048']
[16:35:02]  Mean F1@0.5: 0.2270 ± 0.0161
[16:35:02] 
 Tuning per-action thresholds...
[16:35:03]  Threshold range: [0.05, 0.65], mean=0.49
[16:35:03] 
 With tuned thresholds:
[16:35:03]   Macro F1:   0.2641
[16:35:03]   Micro F1:   0.4329
[16:35:03]   Sample F1:  0.4425
[16:35:03]   Precision:  0.2103
[16:35:03]   Recall:     0.5588
[16:35:03] 
 Per-action F1 (tuned threshold):
[16:35:03]   D3-CCSA: F1=0.2414 (t=0.55, support=17)
[16:35:03]   D3-CE: F1=0.0714 (t=0.55, support=14)
[16:35:03]   D3-CQ: F1=0.1983 (t=0.55, support=71)
[16:35:03]   D3-CR: F1=0.2000 (t=0.65, support=6)
[16:35:03]   D3-CRO: F1=0.1538 (t=0.50, support=3)
[16:35:03]   D3-DNSDL: F1=0.2500 (t=0.55, support=25)
[16:35:03]   D3-EAL: F1=0.0370 (t=0.45, support=3)
[16:35:03]   D3-EDL: F1=0.1878 (t=0.55, support=51)
[16:35:03]   D3-EI: F1=0.0423 (t=0.50, support=12)
[16:35:03]   D3-FA: F1=0.0421 (t=0.60, support=11)
[16:35:03]   D3-FAPA: F1=0.5020 (t=0.50, support=84)
[16:35:03]   D3-FCOA: F1=0.0125 (t=0.35, support=4)
[16:35:03]   D3-FEV: F1=0.6080 (t=0.45, support=356)
[16:35:03]   D3-FIM: F1=0.6000 (t=0.65, support=3)
[16:35:03]   D3-FR: F1=0.0920 (t=0.50, support=12)
[16:35:03]   D3-FRDDL: F1=0.4580 (t=0.55, support=44)
[16:35:03]   D3-NI: F1=0.5648 (t=0.45, support=364)
[16:35:03]   D3-NTA: F1=0.1111 (t=0.60, support=8)
[16:35:03]   D3-OTF: F1=0.4680 (t=0.45, support=262)
[16:35:03]   D3-PA: F1=0.1847 (t=0.50, support=52)
[16:35:03]   D3-PCSV: F1=0.2694 (t=0.55, support=98)
[16:35:03]   D3-PLA: F1=0.1935 (t=0.55, support=38)
[16:35:03]   D3-PSA: F1=0.4989 (t=0.50, support=264)
[16:35:03]   D3-PSMD: F1=0.0109 (t=0.25, support=3)
[16:35:03]   D3-PT: F1=0.9789 (t=0.05, support=904)
[16:35:03]   D3-RC: F1=0.2041 (t=0.60, support=12)
[16:35:03]   D3-RF: F1=0.3256 (t=0.60, support=22)
[16:35:03]   D3-RKD: F1=0.5822 (t=0.55, support=148)
[16:35:03]   D3-SCA: F1=0.0714 (t=0.60, support=13)
[16:35:03]   D3-SEA: F1=0.0087 (t=0.20, support=3)
[16:35:03]   D3-SICA: F1=0.4378 (t=0.55, support=84)
[16:35:03]   D3-SJA: F1=0.0146 (t=0.25, support=4)
[16:35:03]   D3-ST: F1=0.0952 (t=0.55, support=13)
[16:35:03]  Result: Macro F1=0.2641, Micro F1=0.4329, P=0.2103, R=0.5588 (119s)
[16:35:03]  Current best: Case 13 (w_sig=0.1, w_ttp=0.1, w_mbc=0.8) → Macro F1=0.2709
[16:35:03] 
[Case 23/66] w_sig=0.2, w_ttp=0.1, w_mbc=0.7
[16:35:03]  CNN Dataset: 943 samples, 478 features → 22x22 image
[16:35:03]  Device: cpu
[16:35:03] 
============================================================
[16:35:03]  FOLD 1/5 — Train: 754, Val: 189
[16:35:03] ============================================================
[16:35:03]  Model parameters: 65,505
[16:35:03]   Fold 1/5 | Epoch   1 | LR 0.000140 | Train Loss 0.5063 | Val Loss 0.3199 | Val F1 0.0407
[16:35:07]   Fold 1/5 | Epoch  10 | LR 0.000699 | Train Loss 0.3551 | Val Loss 0.2679 | Val F1 0.1979
[16:35:12]   Fold 1/5 | Epoch  20 | LR 0.000691 | Train Loss 0.2784 | Val Loss 0.3025 | Val F1 0.2180
[16:35:17]   Fold 1/5 | Epoch  30 | LR 0.000674 | Train Loss 0.2319 | Val Loss 0.2946 | Val F1 0.1962
[16:35:22]   Fold 1/5 | Epoch  40 | LR 0.000649 | Train Loss 0.2087 | Val Loss 0.6810 | Val F1 0.1579
[16:35:23]   Early stopping at epoch 42 (patience=25)
[16:35:23]  Fold 1 — Best Val Loss: 0.2546, F1@0.5: 0.2263
[16:35:23] 
============================================================
[16:35:23]  FOLD 2/5 — Train: 754, Val: 189
[16:35:23] ============================================================
[16:35:24]   Fold 2/5 | Epoch   1 | LR 0.000140 | Train Loss 0.4696 | Val Loss 0.3613 | Val F1 0.1122
[16:35:28]   Fold 2/5 | Epoch  10 | LR 0.000699 | Train Loss 0.3376 | Val Loss 0.3791 | Val F1 0.1771
[16:35:33]   Fold 2/5 | Epoch  20 | LR 0.000691 | Train Loss 0.2772 | Val Loss 0.5622 | Val F1 0.1661
[16:35:36]   Early stopping at epoch 26 (patience=25)
[16:35:36]  Fold 2 — Best Val Loss: 0.3613, F1@0.5: 0.1122
[16:35:36] 
============================================================
[16:35:36]  FOLD 3/5 — Train: 754, Val: 189
[16:35:36] ============================================================
[16:35:37]   Fold 3/5 | Epoch   1 | LR 0.000140 | Train Loss 0.5287 | Val Loss 0.3342 | Val F1 0.0911
[16:35:41]   Fold 3/5 | Epoch  10 | LR 0.000699 | Train Loss 0.3303 | Val Loss 0.3756 | Val F1 0.1500
[16:35:46]   Fold 3/5 | Epoch  20 | LR 0.000691 | Train Loss 0.2650 | Val Loss 0.4031 | Val F1 0.1439
[16:35:51]   Fold 3/5 | Epoch  30 | LR 0.000674 | Train Loss 0.2143 | Val Loss 0.5652 | Val F1 0.1854
[16:35:54]   Early stopping at epoch 37 (patience=25)
[16:35:54]  Fold 3 — Best Val Loss: 0.3167, F1@0.5: 0.1968
[16:35:54] 
============================================================
[16:35:54]  FOLD 4/5 — Train: 755, Val: 188
[16:35:54] ============================================================
[16:35:55]   Fold 4/5 | Epoch   1 | LR 0.000140 | Train Loss 0.4620 | Val Loss 0.2844 | Val F1 0.0487
[16:36:00]   Fold 4/5 | Epoch  10 | LR 0.000699 | Train Loss 0.3422 | Val Loss 0.2692 | Val F1 0.1650
[16:36:04]   Fold 4/5 | Epoch  20 | LR 0.000691 | Train Loss 0.2784 | Val Loss 0.4074 | Val F1 0.1886
[16:36:09]   Fold 4/5 | Epoch  30 | LR 0.000674 | Train Loss 0.2395 | Val Loss 0.2613 | Val F1 0.2072
[16:36:14]   Fold 4/5 | Epoch  40 | LR 0.000649 | Train Loss 0.1983 | Val Loss 0.9374 | Val F1 0.1369
[16:36:19]   Fold 4/5 | Epoch  50 | LR 0.000616 | Train Loss 0.1802 | Val Loss 0.5948 | Val F1 0.1876
[16:36:24]   Fold 4/5 | Epoch  60 | LR 0.000576 | Train Loss 0.1732 | Val Loss 1.3152 | Val F1 0.1798
[16:36:25]   Early stopping at epoch 62 (patience=25)
[16:36:25]  Fold 4 — Best Val Loss: 0.2564, F1@0.5: 0.1909
[16:36:25] 
============================================================
[16:36:25]  FOLD 5/5 — Train: 755, Val: 188
[16:36:25] ============================================================
[16:36:26]   Fold 5/5 | Epoch   1 | LR 0.000140 | Train Loss 0.4846 | Val Loss 0.3032 | Val F1 0.0914
[16:36:30]   Fold 5/5 | Epoch  10 | LR 0.000699 | Train Loss 0.3489 | Val Loss 0.2940 | Val F1 0.1458
[16:36:36]   Fold 5/5 | Epoch  20 | LR 0.000691 | Train Loss 0.2744 | Val Loss 0.4039 | Val F1 0.1300
[16:36:41]   Fold 5/5 | Epoch  30 | LR 0.000674 | Train Loss 0.2314 | Val Loss 0.2913 | Val F1 0.1801
[16:36:43]   Early stopping at epoch 36 (patience=25)
[16:36:44]  Fold 5 — Best Val Loss: 0.2568, F1@0.5: 0.1910
[16:36:44] 
============================================================
[16:36:44]  K-FOLD RESULTS
[16:36:44] ============================================================
[16:36:44]  F1@0.5 per fold: ['0.2263', '0.1122', '0.1968', '0.1909', '0.1910']
[16:36:44]  Mean F1@0.5: 0.1834 ± 0.0380
[16:36:44] 
 Tuning per-action thresholds...
[16:36:44]  Threshold range: [0.05, 0.80], mean=0.51
[16:36:44] 
 With tuned thresholds:
[16:36:44]   Macro F1:   0.2271
[16:36:44]   Micro F1:   0.3828
[16:36:44]   Sample F1:  0.4035
[16:36:44]   Precision:  0.2001
[16:36:44]   Recall:     0.5414
[16:36:44] 
 Per-action F1 (tuned threshold):
[16:36:44]   D3-CCSA: F1=0.1053 (t=0.80, support=17)
[16:36:44]   D3-CE: F1=0.0438 (t=0.45, support=14)
[16:36:44]   D3-CQ: F1=0.1710 (t=0.50, support=71)
[16:36:44]   D3-CR: F1=0.0276 (t=0.40, support=6)
[16:36:44]   D3-CRO: F1=0.4000 (t=0.75, support=3)
[16:36:44]   D3-DNSDL: F1=0.1446 (t=0.50, support=25)
[16:36:44]   D3-EAL: F1=0.0094 (t=0.35, support=3)
[16:36:44]   D3-EDL: F1=0.2128 (t=0.55, support=51)
[16:36:44]   D3-EI: F1=0.0625 (t=0.55, support=12)
[16:36:44]   D3-FA: F1=0.0439 (t=0.55, support=11)
[16:36:44]   D3-FAPA: F1=0.3851 (t=0.50, support=84)
[16:36:44]   D3-FCOA: F1=0.0145 (t=0.45, support=4)
[16:36:44]   D3-FEV: F1=0.5831 (t=0.45, support=356)
[16:36:44]   D3-FIM: F1=0.4444 (t=0.55, support=3)
[16:36:44]   D3-FR: F1=0.0371 (t=0.45, support=12)
[16:36:44]   D3-FRDDL: F1=0.2623 (t=0.65, support=44)
[16:36:44]   D3-NI: F1=0.5688 (t=0.45, support=364)
[16:36:44]   D3-NTA: F1=0.1212 (t=0.55, support=8)
[16:36:44]   D3-OTF: F1=0.4473 (t=0.50, support=262)
[16:36:44]   D3-PA: F1=0.1351 (t=0.50, support=52)
[16:36:44]   D3-PCSV: F1=0.2282 (t=0.50, support=98)
[16:36:44]   D3-PLA: F1=0.1500 (t=0.55, support=38)
[16:36:44]   D3-PSA: F1=0.4730 (t=0.50, support=264)
[16:36:44]   D3-PSMD: F1=0.0370 (t=0.45, support=3)
[16:36:44]   D3-PT: F1=0.9789 (t=0.05, support=904)
[16:36:44]   D3-RC: F1=0.2222 (t=0.55, support=12)
[16:36:44]   D3-RF: F1=0.2121 (t=0.55, support=22)
[16:36:44]   D3-RKD: F1=0.4696 (t=0.50, support=148)
[16:36:44]   D3-SCA: F1=0.0505 (t=0.50, support=13)
[16:36:44]   D3-SEA: F1=0.0093 (t=0.45, support=3)
[16:36:44]   D3-SICA: F1=0.2500 (t=0.50, support=84)
[16:36:44]   D3-SJA: F1=0.0227 (t=0.55, support=4)
[16:36:44]   D3-ST: F1=0.1714 (t=0.65, support=13)
[16:36:44]  Result: Macro F1=0.2271, Micro F1=0.3828, P=0.2001, R=0.5414 (102s)
[16:36:44]  Current best: Case 13 (w_sig=0.1, w_ttp=0.1, w_mbc=0.8) → Macro F1=0.2709
[16:36:44] 
[Case 24/66] w_sig=0.2, w_ttp=0.2, w_mbc=0.6
[16:36:44]  CNN Dataset: 943 samples, 478 features → 22x22 image
[16:36:44]  Device: cpu
[16:36:44] 
============================================================
[16:36:44]  FOLD 1/5 — Train: 754, Val: 189
[16:36:44] ============================================================
[16:36:44]  Model parameters: 65,505
[16:36:45]   Fold 1/5 | Epoch   1 | LR 0.000140 | Train Loss 0.5084 | Val Loss 0.3306 | Val F1 0.0593
[16:36:50]   Fold 1/5 | Epoch  10 | LR 0.000699 | Train Loss 0.3529 | Val Loss 0.2742 | Val F1 0.2004
[16:36:55]   Fold 1/5 | Epoch  20 | LR 0.000691 | Train Loss 0.2736 | Val Loss 0.3524 | Val F1 0.1134
[16:37:00]   Fold 1/5 | Epoch  30 | LR 0.000674 | Train Loss 0.2212 | Val Loss 0.3818 | Val F1 0.1833
[16:37:04]   Early stopping at epoch 38 (patience=25)
[16:37:04]  Fold 1 — Best Val Loss: 0.2724, F1@0.5: 0.1970
[16:37:04] 
============================================================
[16:37:04]  FOLD 2/5 — Train: 754, Val: 189
[16:37:04] ============================================================
[16:37:05]   Fold 2/5 | Epoch   1 | LR 0.000140 | Train Loss 0.5105 | Val Loss 0.3911 | Val F1 0.0875
[16:37:09]   Fold 2/5 | Epoch  10 | LR 0.000699 | Train Loss 0.3259 | Val Loss 0.4151 | Val F1 0.1543
[16:37:14]   Fold 2/5 | Epoch  20 | LR 0.000691 | Train Loss 0.2513 | Val Loss 0.6336 | Val F1 0.1740
[16:37:20]   Fold 2/5 | Epoch  30 | LR 0.000674 | Train Loss 0.2052 | Val Loss 1.0101 | Val F1 0.1297
[16:37:20]   Early stopping at epoch 31 (patience=25)
[16:37:20]  Fold 2 — Best Val Loss: 0.3875, F1@0.5: 0.1360
[16:37:20] 
============================================================
[16:37:20]  FOLD 3/5 — Train: 754, Val: 189
[16:37:20] ============================================================
[16:37:20]   Fold 3/5 | Epoch   1 | LR 0.000140 | Train Loss 0.5059 | Val Loss 0.3361 | Val F1 0.0435
[16:37:25]   Fold 3/5 | Epoch  10 | LR 0.000699 | Train Loss 0.3375 | Val Loss 0.3602 | Val F1 0.1629
[16:37:31]   Fold 3/5 | Epoch  20 | LR 0.000691 | Train Loss 0.2672 | Val Loss 0.5899 | Val F1 0.1661
[16:37:35]   Early stopping at epoch 29 (patience=25)
[16:37:35]  Fold 3 — Best Val Loss: 0.3166, F1@0.5: 0.0946
[16:37:35] 
============================================================
[16:37:35]  FOLD 4/5 — Train: 755, Val: 188
[16:37:35] ============================================================
[16:37:36]   Fold 4/5 | Epoch   1 | LR 0.000140 | Train Loss 0.5315 | Val Loss 0.2992 | Val F1 0.0817
[16:37:40]   Fold 4/5 | Epoch  10 | LR 0.000699 | Train Loss 0.3524 | Val Loss 0.2792 | Val F1 0.1485
[16:37:46]   Fold 4/5 | Epoch  20 | LR 0.000691 | Train Loss 0.2733 | Val Loss 0.3465 | Val F1 0.1544
[16:37:51]   Fold 4/5 | Epoch  30 | LR 0.000674 | Train Loss 0.2266 | Val Loss 0.6101 | Val F1 0.1079
[16:37:56]   Fold 4/5 | Epoch  40 | LR 0.000649 | Train Loss 0.1827 | Val Loss 0.5290 | Val F1 0.2166
[16:37:59]   Early stopping at epoch 46 (patience=25)
[16:37:59]  Fold 4 — Best Val Loss: 0.2540, F1@0.5: 0.1844
[16:37:59] 
============================================================
[16:37:59]  FOLD 5/5 — Train: 755, Val: 188
[16:37:59] ============================================================
[16:37:59]   Fold 5/5 | Epoch   1 | LR 0.000140 | Train Loss 0.5152 | Val Loss 0.3044 | Val F1 0.0628
[16:38:04]   Fold 5/5 | Epoch  10 | LR 0.000699 | Train Loss 0.3553 | Val Loss 0.2720 | Val F1 0.1813
[16:38:09]   Fold 5/5 | Epoch  20 | LR 0.000691 | Train Loss 0.2798 | Val Loss 0.5056 | Val F1 0.1288
[16:38:14]   Fold 5/5 | Epoch  30 | LR 0.000674 | Train Loss 0.2283 | Val Loss 0.2760 | Val F1 0.1988
[16:38:20]   Fold 5/5 | Epoch  40 | LR 0.000649 | Train Loss 0.1885 | Val Loss 0.4707 | Val F1 0.1369
[16:38:25]   Fold 5/5 | Epoch  50 | LR 0.000616 | Train Loss 0.1638 | Val Loss 0.9624 | Val F1 0.1862
[16:38:25]   Early stopping at epoch 51 (patience=25)
[16:38:25]  Fold 5 — Best Val Loss: 0.2414, F1@0.5: 0.1956
[16:38:25] 
============================================================
[16:38:25]  K-FOLD RESULTS
[16:38:25] ============================================================
[16:38:25]  F1@0.5 per fold: ['0.1970', '0.1360', '0.0946', '0.1844', '0.1956']
[16:38:25]  Mean F1@0.5: 0.1615 ± 0.0402
[16:38:25] 
 Tuning per-action thresholds...
[16:38:26]  Threshold range: [0.05, 0.70], mean=0.48
[16:38:26] 
 With tuned thresholds:
[16:38:26]   Macro F1:   0.2219
[16:38:26]   Micro F1:   0.3620
[16:38:26]   Sample F1:  0.3715
[16:38:26]   Precision:  0.1921
[16:38:26]   Recall:     0.5582
[16:38:26] 
 Per-action F1 (tuned threshold):
[16:38:26]   D3-CCSA: F1=0.1905 (t=0.70, support=17)
[16:38:26]   D3-CE: F1=0.0645 (t=0.60, support=14)
[16:38:26]   D3-CQ: F1=0.1508 (t=0.40, support=71)
[16:38:26]   D3-CR: F1=0.2667 (t=0.70, support=6)
[16:38:26]   D3-CRO: F1=0.1818 (t=0.50, support=3)
[16:38:26]   D3-DNSDL: F1=0.1928 (t=0.50, support=25)
[16:38:26]   D3-EAL: F1=0.0146 (t=0.40, support=3)
[16:38:26]   D3-EDL: F1=0.1186 (t=0.45, support=51)
[16:38:26]   D3-EI: F1=0.0319 (t=0.45, support=12)
[16:38:26]   D3-FA: F1=0.1053 (t=0.55, support=11)
[16:38:26]   D3-FAPA: F1=0.5104 (t=0.55, support=84)
[16:38:26]   D3-FCOA: F1=0.0158 (t=0.35, support=4)
[16:38:26]   D3-FEV: F1=0.5683 (t=0.45, support=356)
[16:38:26]   D3-FIM: F1=0.2000 (t=0.50, support=3)
[16:38:26]   D3-FR: F1=0.0500 (t=0.50, support=12)
[16:38:26]   D3-FRDDL: F1=0.2885 (t=0.55, support=44)
[16:38:26]   D3-NI: F1=0.5586 (t=0.45, support=364)
[16:38:26]   D3-NTA: F1=0.0870 (t=0.50, support=8)
[16:38:26]   D3-OTF: F1=0.4429 (t=0.50, support=262)
[16:38:26]   D3-PA: F1=0.1320 (t=0.45, support=52)
[16:38:26]   D3-PCSV: F1=0.2048 (t=0.45, support=98)
[16:38:26]   D3-PLA: F1=0.1007 (t=0.45, support=38)
[16:38:26]   D3-PSA: F1=0.4520 (t=0.45, support=264)
[16:38:26]   D3-PSMD: F1=0.0096 (t=0.40, support=3)
[16:38:26]   D3-PT: F1=0.9789 (t=0.05, support=904)
[16:38:26]   D3-RC: F1=0.2000 (t=0.60, support=12)
[16:38:26]   D3-RF: F1=0.2791 (t=0.60, support=22)
[16:38:26]   D3-RKD: F1=0.3959 (t=0.55, support=148)
[16:38:26]   D3-SCA: F1=0.1250 (t=0.55, support=13)
[16:38:26]   D3-SEA: F1=0.0161 (t=0.40, support=3)
[16:38:26]   D3-SICA: F1=0.2719 (t=0.50, support=84)
[16:38:26]   D3-SJA: F1=0.0110 (t=0.30, support=4)
[16:38:26]   D3-ST: F1=0.1071 (t=0.65, support=13)
[16:38:26]  Result: Macro F1=0.2219, Micro F1=0.3620, P=0.1921, R=0.5582 (102s)
[16:38:27]  Current best: Case 13 (w_sig=0.1, w_ttp=0.1, w_mbc=0.8) → Macro F1=0.2709
[16:38:27] 
[Case 25/66] w_sig=0.2, w_ttp=0.3, w_mbc=0.5
[16:38:27]  CNN Dataset: 943 samples, 478 features → 22x22 image
[16:38:27]  Device: cpu
[16:38:27] 
============================================================
[16:38:27]  FOLD 1/5 — Train: 754, Val: 189
[16:38:27] ============================================================
[16:38:27]  Model parameters: 65,505
[16:38:27]   Fold 1/5 | Epoch   1 | LR 0.000140 | Train Loss 0.5115 | Val Loss 0.3417 | Val F1 0.0593
[16:38:31]   Fold 1/5 | Epoch  10 | LR 0.000699 | Train Loss 0.3522 | Val Loss 0.2797 | Val F1 0.2041
[16:38:37]   Fold 1/5 | Epoch  20 | LR 0.000691 | Train Loss 0.2684 | Val Loss 0.3319 | Val F1 0.2052
[16:38:42]   Fold 1/5 | Epoch  30 | LR 0.000674 | Train Loss 0.2179 | Val Loss 0.3714 | Val F1 0.1237
[16:38:47]   Fold 1/5 | Epoch  40 | LR 0.000649 | Train Loss 0.1827 | Val Loss 0.3299 | Val F1 0.2020
[16:38:50]   Early stopping at epoch 46 (patience=25)
[16:38:50]  Fold 1 — Best Val Loss: 0.2627, F1@0.5: 0.2126
[16:38:50] 
============================================================
[16:38:50]  FOLD 2/5 — Train: 754, Val: 189
[16:38:50] ============================================================
[16:38:51]   Fold 2/5 | Epoch   1 | LR 0.000140 | Train Loss 0.4676 | Val Loss 0.3874 | Val F1 0.0777
[16:38:56]   Fold 2/5 | Epoch  10 | LR 0.000699 | Train Loss 0.3132 | Val Loss 0.3969 | Val F1 0.1485
[16:39:00]   Fold 2/5 | Epoch  20 | LR 0.000691 | Train Loss 0.2436 | Val Loss 0.5480 | Val F1 0.1307
[16:39:05]   Fold 2/5 | Epoch  30 | LR 0.000674 | Train Loss 0.1928 | Val Loss 0.5097 | Val F1 0.2625
[16:39:08]   Early stopping at epoch 34 (patience=25)
[16:39:08]  Fold 2 — Best Val Loss: 0.3681, F1@0.5: 0.2000
[16:39:08] 
============================================================
[16:39:08]  FOLD 3/5 — Train: 754, Val: 189
[16:39:08] ============================================================
[16:39:08]   Fold 3/5 | Epoch   1 | LR 0.000140 | Train Loss 0.4947 | Val Loss 0.3342 | Val F1 0.0782
[16:39:13]   Fold 3/5 | Epoch  10 | LR 0.000699 | Train Loss 0.3303 | Val Loss 0.3364 | Val F1 0.1554
[16:39:17]   Fold 3/5 | Epoch  20 | LR 0.000691 | Train Loss 0.2475 | Val Loss 0.3122 | Val F1 0.1862
[16:39:22]   Fold 3/5 | Epoch  30 | LR 0.000674 | Train Loss 0.1935 | Val Loss 0.6613 | Val F1 0.1455
[16:39:28]   Fold 3/5 | Epoch  40 | LR 0.000649 | Train Loss 0.1732 | Val Loss 1.7400 | Val F1 0.1247
[16:39:29]   Early stopping at epoch 43 (patience=25)
[16:39:29]  Fold 3 — Best Val Loss: 0.2979, F1@0.5: 0.1910
[16:39:29] 
============================================================
[16:39:29]  FOLD 4/5 — Train: 755, Val: 188
[16:39:29] ============================================================
[16:39:30]   Fold 4/5 | Epoch   1 | LR 0.000140 | Train Loss 0.5302 | Val Loss 0.3165 | Val F1 0.0756
[16:39:34]   Fold 4/5 | Epoch  10 | LR 0.000699 | Train Loss 0.3420 | Val Loss 0.2743 | Val F1 0.1605
[16:39:40]   Fold 4/5 | Epoch  20 | LR 0.000691 | Train Loss 0.2569 | Val Loss 0.3493 | Val F1 0.1895
[16:39:45]   Fold 4/5 | Epoch  30 | LR 0.000674 | Train Loss 0.2162 | Val Loss 1.2024 | Val F1 0.1158
[16:39:48]   Early stopping at epoch 35 (patience=25)
[16:39:48]  Fold 4 — Best Val Loss: 0.2743, F1@0.5: 0.1605
[16:39:48] 
============================================================
[16:39:48]  FOLD 5/5 — Train: 755, Val: 188
[16:39:48] ============================================================
[16:39:48]   Fold 5/5 | Epoch   1 | LR 0.000140 | Train Loss 0.4818 | Val Loss 0.3303 | Val F1 0.0701
[16:39:53]   Fold 5/5 | Epoch  10 | LR 0.000699 | Train Loss 0.3378 | Val Loss 0.2932 | Val F1 0.1660
[16:39:58]   Fold 5/5 | Epoch  20 | LR 0.000691 | Train Loss 0.2641 | Val Loss 0.2738 | Val F1 0.1866
[16:40:04]   Fold 5/5 | Epoch  30 | LR 0.000674 | Train Loss 0.2138 | Val Loss 0.4702 | Val F1 0.2004
[16:40:09]   Fold 5/5 | Epoch  40 | LR 0.000649 | Train Loss 0.1780 | Val Loss 0.4365 | Val F1 0.1515
[16:40:14]   Fold 5/5 | Epoch  50 | LR 0.000616 | Train Loss 0.1579 | Val Loss 0.4400 | Val F1 0.1989
[16:40:19]   Fold 5/5 | Epoch  60 | LR 0.000576 | Train Loss 0.1402 | Val Loss 2.3479 | Val F1 0.1357
[16:40:20]   Early stopping at epoch 62 (patience=25)
[16:40:21]  Fold 5 — Best Val Loss: 0.2469, F1@0.5: 0.1579
[16:40:21] 
============================================================
[16:40:21]  K-FOLD RESULTS
[16:40:21] ============================================================
[16:40:21]  F1@0.5 per fold: ['0.2126', '0.2000', '0.1910', '0.1605', '0.1579']
[16:40:21]  Mean F1@0.5: 0.1844 ± 0.0217
[16:40:21] 
 Tuning per-action thresholds...
[16:40:21]  Threshold range: [0.05, 0.85], mean=0.51
[16:40:21] 
 With tuned thresholds:
[16:40:21]   Macro F1:   0.2593
[16:40:21]   Micro F1:   0.4323
[16:40:21]   Sample F1:  0.4321
[16:40:21]   Precision:  0.2613
[16:40:21]   Recall:     0.5253
[16:40:21] 
 Per-action F1 (tuned threshold):
[16:40:21]   D3-CCSA: F1=0.2778 (t=0.70, support=17)
[16:40:21]   D3-CE: F1=0.0493 (t=0.50, support=14)
[16:40:21]   D3-CQ: F1=0.1546 (t=0.55, support=71)
[16:40:21]   D3-CR: F1=0.2353 (t=0.70, support=6)
[16:40:21]   D3-CRO: F1=0.2857 (t=0.60, support=3)
[16:40:21]   D3-DNSDL: F1=0.1212 (t=0.50, support=25)
[16:40:21]   D3-EAL: F1=0.0190 (t=0.40, support=3)
[16:40:21]   D3-EDL: F1=0.1525 (t=0.55, support=51)
[16:40:21]   D3-EI: F1=0.0606 (t=0.60, support=12)
[16:40:21]   D3-FA: F1=0.1667 (t=0.85, support=11)
[16:40:21]   D3-FAPA: F1=0.4327 (t=0.55, support=84)
[16:40:21]   D3-FCOA: F1=0.0173 (t=0.35, support=4)
[16:40:21]   D3-FEV: F1=0.5908 (t=0.45, support=356)
[16:40:21]   D3-FIM: F1=0.4444 (t=0.50, support=3)
[16:40:21]   D3-FR: F1=0.0303 (t=0.30, support=12)
[16:40:21]   D3-FRDDL: F1=0.4333 (t=0.55, support=44)
[16:40:21]   D3-NI: F1=0.5725 (t=0.50, support=364)
[16:40:21]   D3-NTA: F1=0.1176 (t=0.55, support=8)
[16:40:21]   D3-OTF: F1=0.4414 (t=0.40, support=262)
[16:40:21]   D3-PA: F1=0.2112 (t=0.55, support=52)
[16:40:21]   D3-PCSV: F1=0.2198 (t=0.50, support=98)
[16:40:21]   D3-PLA: F1=0.1419 (t=0.50, support=38)
[16:40:21]   D3-PSA: F1=0.4404 (t=0.40, support=264)
[16:40:21]   D3-PSMD: F1=0.0145 (t=0.30, support=3)
[16:40:21]   D3-PT: F1=0.9789 (t=0.05, support=904)
[16:40:21]   D3-RC: F1=0.3158 (t=0.60, support=12)
[16:40:21]   D3-RF: F1=0.2553 (t=0.60, support=22)
[16:40:21]   D3-RKD: F1=0.5128 (t=0.50, support=148)
[16:40:21]   D3-SCA: F1=0.1429 (t=0.80, support=13)
[16:40:21]   D3-SEA: F1=0.0556 (t=0.45, support=3)
[16:40:21]   D3-SICA: F1=0.3425 (t=0.45, support=84)
[16:40:21]   D3-SJA: F1=0.1538 (t=0.50, support=4)
[16:40:21]   D3-ST: F1=0.1667 (t=0.65, support=13)
[16:40:21]  Result: Macro F1=0.2593, Micro F1=0.4323, P=0.2613, R=0.5253 (115s)
[16:40:21]  Current best: Case 13 (w_sig=0.1, w_ttp=0.1, w_mbc=0.8) → Macro F1=0.2709
[16:40:21] 
[Case 26/66] w_sig=0.2, w_ttp=0.4, w_mbc=0.4
[16:40:21]  CNN Dataset: 943 samples, 478 features → 22x22 image
[16:40:21]  Device: cpu
[16:40:21] 
============================================================
[16:40:21]  FOLD 1/5 — Train: 754, Val: 189
[16:40:21] ============================================================
[16:40:21]  Model parameters: 65,505
[16:40:22]   Fold 1/5 | Epoch   1 | LR 0.000140 | Train Loss 0.5138 | Val Loss 0.3446 | Val F1 0.0587
[16:40:26]   Fold 1/5 | Epoch  10 | LR 0.000699 | Train Loss 0.3542 | Val Loss 0.2921 | Val F1 0.1556
[16:40:31]   Fold 1/5 | Epoch  20 | LR 0.000691 | Train Loss 0.2696 | Val Loss 0.3386 | Val F1 0.1213
[16:40:37]   Fold 1/5 | Epoch  30 | LR 0.000674 | Train Loss 0.2099 | Val Loss 0.4566 | Val F1 0.2055
[16:40:42]   Fold 1/5 | Epoch  40 | LR 0.000649 | Train Loss 0.1820 | Val Loss 0.8326 | Val F1 0.1321
[16:40:42]   Early stopping at epoch 41 (patience=25)
[16:40:42]  Fold 1 — Best Val Loss: 0.2808, F1@0.5: 0.1969
[16:40:42] 
============================================================
[16:40:42]  FOLD 2/5 — Train: 754, Val: 189
[16:40:42] ============================================================
[16:40:43]   Fold 2/5 | Epoch   1 | LR 0.000140 | Train Loss 0.4663 | Val Loss 0.3606 | Val F1 0.1108
[16:40:47]   Fold 2/5 | Epoch  10 | LR 0.000699 | Train Loss 0.3218 | Val Loss 0.3968 | Val F1 0.1586
[16:40:53]   Fold 2/5 | Epoch  20 | LR 0.000691 | Train Loss 0.2511 | Val Loss 0.6105 | Val F1 0.1725
[16:40:56]   Early stopping at epoch 26 (patience=25)
[16:40:56]  Fold 2 — Best Val Loss: 0.3606, F1@0.5: 0.1108
[16:40:56] 
============================================================
[16:40:56]  FOLD 3/5 — Train: 754, Val: 189
[16:40:56] ============================================================
[16:40:56]   Fold 3/5 | Epoch   1 | LR 0.000140 | Train Loss 0.4833 | Val Loss 0.3658 | Val F1 0.1024
[16:41:01]   Fold 3/5 | Epoch  10 | LR 0.000699 | Train Loss 0.3364 | Val Loss 0.3483 | Val F1 0.1254
[16:41:06]   Fold 3/5 | Epoch  20 | LR 0.000691 | Train Loss 0.2529 | Val Loss 0.3730 | Val F1 0.1568
[16:41:11]   Fold 3/5 | Epoch  30 | LR 0.000674 | Train Loss 0.2034 | Val Loss 0.6758 | Val F1 0.1515
[16:41:17]   Fold 3/5 | Epoch  40 | LR 0.000649 | Train Loss 0.1645 | Val Loss 0.3940 | Val F1 0.1676
[16:41:18]   Early stopping at epoch 43 (patience=25)
[16:41:18]  Fold 3 — Best Val Loss: 0.3239, F1@0.5: 0.1559
[16:41:18] 
============================================================
[16:41:18]  FOLD 4/5 — Train: 755, Val: 188
[16:41:18] ============================================================
[16:41:19]   Fold 4/5 | Epoch   1 | LR 0.000140 | Train Loss 0.5118 | Val Loss 0.3184 | Val F1 0.0251
[16:41:23]   Fold 4/5 | Epoch  10 | LR 0.000699 | Train Loss 0.3403 | Val Loss 0.2998 | Val F1 0.1577
[16:41:28]   Fold 4/5 | Epoch  20 | LR 0.000691 | Train Loss 0.2695 | Val Loss 0.6499 | Val F1 0.1168
[16:41:34]   Fold 4/5 | Epoch  30 | LR 0.000674 | Train Loss 0.2103 | Val Loss 0.5088 | Val F1 0.1092
[16:41:34]   Early stopping at epoch 30 (patience=25)
[16:41:34]  Fold 4 — Best Val Loss: 0.2828, F1@0.5: 0.1383
[16:41:34] 
============================================================
[16:41:34]  FOLD 5/5 — Train: 755, Val: 188
[16:41:34] ============================================================
[16:41:34]   Fold 5/5 | Epoch   1 | LR 0.000140 | Train Loss 0.5135 | Val Loss 0.3218 | Val F1 0.0525
[16:41:39]   Fold 5/5 | Epoch  10 | LR 0.000699 | Train Loss 0.3579 | Val Loss 0.3064 | Val F1 0.1516
[16:41:44]   Fold 5/5 | Epoch  20 | LR 0.000691 | Train Loss 0.2757 | Val Loss 0.4608 | Val F1 0.1207
[16:41:49]   Fold 5/5 | Epoch  30 | LR 0.000674 | Train Loss 0.2116 | Val Loss 0.2619 | Val F1 0.1588
[16:41:54]   Fold 5/5 | Epoch  40 | LR 0.000649 | Train Loss 0.1813 | Val Loss 0.4783 | Val F1 0.2508
[16:41:56]   Early stopping at epoch 44 (patience=25)
[16:41:57]  Fold 5 — Best Val Loss: 0.2616, F1@0.5: 0.1939
[16:41:57] 
============================================================
[16:41:57]  K-FOLD RESULTS
[16:41:57] ============================================================
[16:41:57]  F1@0.5 per fold: ['0.1969', '0.1108', '0.1559', '0.1383', '0.1939']
[16:41:57]  Mean F1@0.5: 0.1591 ± 0.0329
[16:41:57] 
 Tuning per-action thresholds...
[16:41:57]  Threshold range: [0.05, 0.60], mean=0.48
[16:41:57] 
 With tuned thresholds:
[16:41:57]   Macro F1:   0.2078
[16:41:57]   Micro F1:   0.3474
[16:41:57]   Sample F1:  0.3630
[16:41:57]   Precision:  0.1696
[16:41:57]   Recall:     0.5856
[16:41:57] 
 Per-action F1 (tuned threshold):
[16:41:57]   D3-CCSA: F1=0.2286 (t=0.60, support=17)
[16:41:57]   D3-CE: F1=0.0328 (t=0.40, support=14)
[16:41:57]   D3-CQ: F1=0.1453 (t=0.45, support=71)
[16:41:57]   D3-CR: F1=0.1667 (t=0.55, support=6)
[16:41:57]   D3-CRO: F1=0.0074 (t=0.25, support=3)
[16:41:57]   D3-DNSDL: F1=0.0992 (t=0.55, support=25)
[16:41:57]   D3-EAL: F1=0.0122 (t=0.40, support=3)
[16:41:57]   D3-EDL: F1=0.1412 (t=0.55, support=51)
[16:41:57]   D3-EI: F1=0.0469 (t=0.55, support=12)
[16:41:57]   D3-FA: F1=0.1333 (t=0.60, support=11)
[16:41:57]   D3-FAPA: F1=0.4966 (t=0.55, support=84)
[16:41:57]   D3-FCOA: F1=0.0107 (t=0.30, support=4)
[16:41:57]   D3-FEV: F1=0.5629 (t=0.40, support=356)
[16:41:57]   D3-FIM: F1=0.4000 (t=0.55, support=3)
[16:41:57]   D3-FR: F1=0.0314 (t=0.50, support=12)
[16:41:57]   D3-FRDDL: F1=0.2069 (t=0.50, support=44)
[16:41:57]   D3-NI: F1=0.5794 (t=0.45, support=364)
[16:41:57]   D3-NTA: F1=0.0588 (t=0.60, support=8)
[16:41:57]   D3-OTF: F1=0.4364 (t=0.50, support=262)
[16:41:57]   D3-PA: F1=0.1333 (t=0.50, support=52)
[16:41:57]   D3-PCSV: F1=0.2316 (t=0.50, support=98)
[16:41:57]   D3-PLA: F1=0.1433 (t=0.50, support=38)
[16:41:57]   D3-PSA: F1=0.4418 (t=0.45, support=264)
[16:41:57]   D3-PSMD: F1=0.0207 (t=0.45, support=3)
[16:41:57]   D3-PT: F1=0.9789 (t=0.05, support=904)
[16:41:57]   D3-RC: F1=0.2000 (t=0.50, support=12)
[16:41:57]   D3-RF: F1=0.1212 (t=0.50, support=22)
[16:41:57]   D3-RKD: F1=0.3469 (t=0.45, support=148)
[16:41:57]   D3-SCA: F1=0.0673 (t=0.55, support=13)
[16:41:57]   D3-SEA: F1=0.0101 (t=0.45, support=3)
[16:41:57]   D3-SICA: F1=0.2723 (t=0.50, support=84)
[16:41:57]   D3-SJA: F1=0.0254 (t=0.45, support=4)
[16:41:57]   D3-ST: F1=0.0690 (t=0.60, support=13)
[16:41:57]  Result: Macro F1=0.2078, Micro F1=0.3474, P=0.1696, R=0.5856 (96s)
[16:41:57]  Current best: Case 13 (w_sig=0.1, w_ttp=0.1, w_mbc=0.8) → Macro F1=0.2709
[16:41:57] 
[Case 27/66] w_sig=0.2, w_ttp=0.5, w_mbc=0.3
[16:41:57]  CNN Dataset: 943 samples, 478 features → 22x22 image
[16:41:57]  Device: cpu
[16:41:57] 
============================================================
[16:41:57]  FOLD 1/5 — Train: 754, Val: 189
[16:41:57] ============================================================
[16:41:57]  Model parameters: 65,505
[16:41:58]   Fold 1/5 | Epoch   1 | LR 0.000140 | Train Loss 0.5145 | Val Loss 0.3401 | Val F1 0.0587
[16:42:02]   Fold 1/5 | Epoch  10 | LR 0.000699 | Train Loss 0.3596 | Val Loss 0.2789 | Val F1 0.1488
[16:42:07]   Fold 1/5 | Epoch  20 | LR 0.000691 | Train Loss 0.2772 | Val Loss 0.2644 | Val F1 0.1776
[16:42:12]   Fold 1/5 | Epoch  30 | LR 0.000674 | Train Loss 0.2138 | Val Loss 0.3595 | Val F1 0.1913
[16:42:17]   Fold 1/5 | Epoch  40 | LR 0.000649 | Train Loss 0.1953 | Val Loss 0.5920 | Val F1 0.0919
[16:42:20]   Early stopping at epoch 45 (patience=25)
[16:42:20]  Fold 1 — Best Val Loss: 0.2644, F1@0.5: 0.1776
[16:42:20] 
============================================================
[16:42:20]  FOLD 2/5 — Train: 754, Val: 189
[16:42:20] ============================================================
[16:42:20]   Fold 2/5 | Epoch   1 | LR 0.000140 | Train Loss 0.4942 | Val Loss 0.3820 | Val F1 0.0848
[16:42:25]   Fold 2/5 | Epoch  10 | LR 0.000699 | Train Loss 0.3348 | Val Loss 0.4664 | Val F1 0.1310
[16:42:30]   Fold 2/5 | Epoch  20 | LR 0.000691 | Train Loss 0.2602 | Val Loss 0.7690 | Val F1 0.1333
[16:42:33]   Early stopping at epoch 26 (patience=25)
[16:42:33]  Fold 2 — Best Val Loss: 0.3820, F1@0.5: 0.0848
[16:42:33] 
============================================================
[16:42:33]  FOLD 3/5 — Train: 754, Val: 189
[16:42:33] ============================================================
[16:42:34]   Fold 3/5 | Epoch   1 | LR 0.000140 | Train Loss 0.5012 | Val Loss 0.3236 | Val F1 0.0571
[16:42:38]   Fold 3/5 | Epoch  10 | LR 0.000699 | Train Loss 0.3408 | Val Loss 0.3469 | Val F1 0.1455
[16:42:44]   Fold 3/5 | Epoch  20 | LR 0.000691 | Train Loss 0.2520 | Val Loss 0.3788 | Val F1 0.1843
[16:42:47]   Early stopping at epoch 27 (patience=25)
[16:42:47]  Fold 3 — Best Val Loss: 0.3207, F1@0.5: 0.0607
[16:42:47] 
============================================================
[16:42:47]  FOLD 4/5 — Train: 755, Val: 188
[16:42:47] ============================================================
[16:42:48]   Fold 4/5 | Epoch   1 | LR 0.000140 | Train Loss 0.5395 | Val Loss 0.3116 | Val F1 0.0795
[16:42:52]   Fold 4/5 | Epoch  10 | LR 0.000699 | Train Loss 0.3689 | Val Loss 0.3408 | Val F1 0.1241
[16:42:58]   Fold 4/5 | Epoch  20 | LR 0.000691 | Train Loss 0.2835 | Val Loss 0.2909 | Val F1 0.1497
[16:43:03]   Fold 4/5 | Epoch  30 | LR 0.000674 | Train Loss 0.2329 | Val Loss 0.3650 | Val F1 0.1882
[16:43:08]   Fold 4/5 | Epoch  40 | LR 0.000649 | Train Loss 0.1767 | Val Loss 1.1524 | Val F1 0.0997
[16:43:09]   Early stopping at epoch 42 (patience=25)
[16:43:09]  Fold 4 — Best Val Loss: 0.2675, F1@0.5: 0.1707
[16:43:09] 
============================================================
[16:43:09]  FOLD 5/5 — Train: 755, Val: 188
[16:43:09] ============================================================
[16:43:10]   Fold 5/5 | Epoch   1 | LR 0.000140 | Train Loss 0.5391 | Val Loss 0.3237 | Val F1 0.1017
[16:43:14]   Fold 5/5 | Epoch  10 | LR 0.000699 | Train Loss 0.3578 | Val Loss 0.2819 | Val F1 0.1630
[16:43:19]   Fold 5/5 | Epoch  20 | LR 0.000691 | Train Loss 0.2870 | Val Loss 0.2838 | Val F1 0.1526
[16:43:24]   Fold 5/5 | Epoch  30 | LR 0.000674 | Train Loss 0.2372 | Val Loss 0.3362 | Val F1 0.1066
[16:43:29]   Fold 5/5 | Epoch  40 | LR 0.000649 | Train Loss 0.1802 | Val Loss 0.8806 | Val F1 0.1490
[16:43:30]   Early stopping at epoch 41 (patience=25)
[16:43:30]  Fold 5 — Best Val Loss: 0.2608, F1@0.5: 0.1726
[16:43:30] 
============================================================
[16:43:30]  K-FOLD RESULTS
[16:43:30] ============================================================
[16:43:30]  F1@0.5 per fold: ['0.1776', '0.0848', '0.0607', '0.1707', '0.1726']
[16:43:30]  Mean F1@0.5: 0.1333 ± 0.0501
[16:43:30] 
 Tuning per-action thresholds...
[16:43:30]  Threshold range: [0.05, 0.60], mean=0.46
[16:43:31] 
 With tuned thresholds:
[16:43:31]   Macro F1:   0.1750
[16:43:31]   Micro F1:   0.3004
[16:43:31]   Sample F1:  0.3239
[16:43:31]   Precision:  0.1414
[16:43:31]   Recall:     0.6599
[16:43:31] 
 Per-action F1 (tuned threshold):
[16:43:31]   D3-CCSA: F1=0.0402 (t=0.45, support=17)
[16:43:31]   D3-CE: F1=0.0376 (t=0.45, support=14)
[16:43:31]   D3-CQ: F1=0.1519 (t=0.45, support=71)
[16:43:31]   D3-CR: F1=0.0277 (t=0.40, support=6)
[16:43:31]   D3-CRO: F1=0.0308 (t=0.45, support=3)
[16:43:31]   D3-DNSDL: F1=0.0672 (t=0.40, support=25)
[16:43:31]   D3-EAL: F1=0.0085 (t=0.50, support=3)
[16:43:31]   D3-EDL: F1=0.1171 (t=0.45, support=51)
[16:43:31]   D3-EI: F1=0.0437 (t=0.50, support=12)
[16:43:31]   D3-FA: F1=0.0625 (t=0.55, support=11)
[16:43:31]   D3-FAPA: F1=0.2620 (t=0.55, support=84)
[16:43:31]   D3-FCOA: F1=0.0127 (t=0.45, support=4)
[16:43:31]   D3-FEV: F1=0.5494 (t=0.40, support=356)
[16:43:31]   D3-FIM: F1=0.0112 (t=0.40, support=3)
[16:43:31]   D3-FR: F1=0.0444 (t=0.50, support=12)
[16:43:31]   D3-FRDDL: F1=0.3371 (t=0.60, support=44)
[16:43:31]   D3-NI: F1=0.5696 (t=0.45, support=364)
[16:43:31]   D3-NTA: F1=0.0335 (t=0.45, support=8)
[16:43:31]   D3-OTF: F1=0.4444 (t=0.45, support=262)
[16:43:31]   D3-PA: F1=0.1248 (t=0.50, support=52)
[16:43:31]   D3-PCSV: F1=0.2081 (t=0.50, support=98)
[16:43:31]   D3-PLA: F1=0.1011 (t=0.50, support=38)
[16:43:31]   D3-PSA: F1=0.4415 (t=0.40, support=264)
[16:43:31]   D3-PSMD: F1=0.0132 (t=0.40, support=3)
[16:43:31]   D3-PT: F1=0.9789 (t=0.05, support=904)
[16:43:31]   D3-RC: F1=0.1429 (t=0.60, support=12)
[16:43:31]   D3-RF: F1=0.1967 (t=0.55, support=22)
[16:43:31]   D3-RKD: F1=0.4024 (t=0.55, support=148)
[16:43:31]   D3-SCA: F1=0.0320 (t=0.55, support=13)
[16:43:31]   D3-SEA: F1=0.0141 (t=0.45, support=3)
[16:43:31]   D3-SICA: F1=0.2228 (t=0.50, support=84)
[16:43:31]   D3-SJA: F1=0.0166 (t=0.45, support=4)
[16:43:31]   D3-ST: F1=0.0297 (t=0.40, support=13)
[16:43:31]  Result: Macro F1=0.1750, Micro F1=0.3004, P=0.1414, R=0.6599 (93s)
[16:43:31]  Current best: Case 13 (w_sig=0.1, w_ttp=0.1, w_mbc=0.8) → Macro F1=0.2709
[16:43:31] 
[Case 28/66] w_sig=0.2, w_ttp=0.6, w_mbc=0.2
[16:43:31]  CNN Dataset: 943 samples, 478 features → 22x22 image
[16:43:31]  Device: cpu
[16:43:31] 
============================================================
[16:43:31]  FOLD 1/5 — Train: 754, Val: 189
[16:43:31] ============================================================
[16:43:31]  Model parameters: 65,505
[16:43:31]   Fold 1/5 | Epoch   1 | LR 0.000140 | Train Loss 0.5150 | Val Loss 0.3338 | Val F1 0.0587
[16:43:36]   Fold 1/5 | Epoch  10 | LR 0.000699 | Train Loss 0.3632 | Val Loss 0.2959 | Val F1 0.1161
[16:43:41]   Fold 1/5 | Epoch  20 | LR 0.000691 | Train Loss 0.2893 | Val Loss 0.5719 | Val F1 0.0892
[16:43:46]   Fold 1/5 | Epoch  30 | LR 0.000674 | Train Loss 0.2222 | Val Loss 2.0227 | Val F1 0.1075
[16:43:52]   Fold 1/5 | Epoch  40 | LR 0.000649 | Train Loss 0.2045 | Val Loss 0.3455 | Val F1 0.1252
[16:43:52]   Early stopping at epoch 42 (patience=25)
[16:43:52]  Fold 1 — Best Val Loss: 0.2744, F1@0.5: 0.1886
[16:43:52] 
============================================================
[16:43:52]  FOLD 2/5 — Train: 754, Val: 189
[16:43:52] ============================================================
[16:43:53]   Fold 2/5 | Epoch   1 | LR 0.000140 | Train Loss 0.4721 | Val Loss 0.3808 | Val F1 0.1106
[16:43:58]   Fold 2/5 | Epoch  10 | LR 0.000699 | Train Loss 0.3428 | Val Loss 0.4215 | Val F1 0.1415
[16:44:03]   Fold 2/5 | Epoch  20 | LR 0.000691 | Train Loss 0.2666 | Val Loss 0.7348 | Val F1 0.1284
[16:44:08]   Early stopping at epoch 29 (patience=25)
[16:44:08]  Fold 2 — Best Val Loss: 0.3753, F1@0.5: 0.1029
[16:44:08] 
============================================================
[16:44:08]  FOLD 3/5 — Train: 754, Val: 189
[16:44:08] ============================================================
[16:44:08]   Fold 3/5 | Epoch   1 | LR 0.000140 | Train Loss 0.5035 | Val Loss 0.3204 | Val F1 0.0571
[16:44:13]   Fold 3/5 | Epoch  10 | LR 0.000699 | Train Loss 0.3479 | Val Loss 0.3759 | Val F1 0.1270
[16:44:18]   Fold 3/5 | Epoch  20 | LR 0.000691 | Train Loss 0.2603 | Val Loss 0.6297 | Val F1 0.1697
[16:44:21]   Early stopping at epoch 26 (patience=25)
[16:44:21]  Fold 3 — Best Val Loss: 0.3204, F1@0.5: 0.0571
[16:44:21] 
============================================================
[16:44:21]  FOLD 4/5 — Train: 755, Val: 188
[16:44:21] ============================================================
[16:44:22]   Fold 4/5 | Epoch   1 | LR 0.000140 | Train Loss 0.5091 | Val Loss 0.3240 | Val F1 0.0517
[16:44:27]   Fold 4/5 | Epoch  10 | LR 0.000699 | Train Loss 0.3587 | Val Loss 0.3063 | Val F1 0.1206
[16:44:32]   Fold 4/5 | Epoch  20 | LR 0.000691 | Train Loss 0.2894 | Val Loss 0.3236 | Val F1 0.1583
[16:44:38]   Fold 4/5 | Epoch  30 | LR 0.000674 | Train Loss 0.2264 | Val Loss 0.4655 | Val F1 0.1915
[16:44:42]   Fold 4/5 | Epoch  40 | LR 0.000649 | Train Loss 0.1947 | Val Loss 1.7097 | Val F1 0.0997
[16:44:44]   Early stopping at epoch 43 (patience=25)
[16:44:44]  Fold 4 — Best Val Loss: 0.2793, F1@0.5: 0.1734
[16:44:44] 
============================================================
[16:44:44]  FOLD 5/5 — Train: 755, Val: 188
[16:44:44] ============================================================
[16:44:44]   Fold 5/5 | Epoch   1 | LR 0.000140 | Train Loss 0.5592 | Val Loss 0.3015 | Val F1 0.0277
[16:44:49]   Fold 5/5 | Epoch  10 | LR 0.000699 | Train Loss 0.3651 | Val Loss 0.3346 | Val F1 0.1110
[16:44:54]   Fold 5/5 | Epoch  20 | LR 0.000691 | Train Loss 0.2884 | Val Loss 0.4578 | Val F1 0.1277
[16:44:59]   Fold 5/5 | Epoch  30 | LR 0.000674 | Train Loss 0.2405 | Val Loss 0.4755 | Val F1 0.1114
[16:45:05]   Fold 5/5 | Epoch  40 | LR 0.000649 | Train Loss 0.2023 | Val Loss 0.3809 | Val F1 0.1932
[16:45:10]   Fold 5/5 | Epoch  50 | LR 0.000616 | Train Loss 0.1693 | Val Loss 0.5218 | Val F1 0.2403
[16:45:13]   Early stopping at epoch 56 (patience=25)
[16:45:13]  Fold 5 — Best Val Loss: 0.2752, F1@0.5: 0.1962
[16:45:13] 
============================================================
[16:45:13]  K-FOLD RESULTS
[16:45:13] ============================================================
[16:45:13]  F1@0.5 per fold: ['0.1886', '0.1029', '0.0571', '0.1734', '0.1962']
[16:45:13]  Mean F1@0.5: 0.1436 ± 0.0544
[16:45:13] 
 Tuning per-action thresholds...
[16:45:14]  Threshold range: [0.05, 0.65], mean=0.48
[16:45:14] 
 With tuned thresholds:
[16:45:14]   Macro F1:   0.1875
[16:45:14]   Micro F1:   0.3423
[16:45:14]   Sample F1:  0.3573
[16:45:14]   Precision:  0.1474
[16:45:14]   Recall:     0.5707
[16:45:14] 
 Per-action F1 (tuned threshold):
[16:45:14]   D3-CCSA: F1=0.1538 (t=0.65, support=17)
[16:45:14]   D3-CE: F1=0.0533 (t=0.50, support=14)
[16:45:14]   D3-CQ: F1=0.1527 (t=0.50, support=71)
[16:45:14]   D3-CR: F1=0.1333 (t=0.55, support=6)
[16:45:14]   D3-CRO: F1=0.0086 (t=0.30, support=3)
[16:45:14]   D3-DNSDL: F1=0.0811 (t=0.50, support=25)
[16:45:14]   D3-EAL: F1=0.0095 (t=0.45, support=3)
[16:45:14]   D3-EDL: F1=0.1544 (t=0.50, support=51)
[16:45:14]   D3-EI: F1=0.1176 (t=0.65, support=12)
[16:45:14]   D3-FA: F1=0.0667 (t=0.55, support=11)
[16:45:14]   D3-FAPA: F1=0.2705 (t=0.50, support=84)
[16:45:14]   D3-FCOA: F1=0.0142 (t=0.35, support=4)
[16:45:14]   D3-FEV: F1=0.5493 (t=0.40, support=356)
[16:45:14]   D3-FIM: F1=0.0119 (t=0.40, support=3)
[16:45:14]   D3-FR: F1=0.0488 (t=0.60, support=12)
[16:45:14]   D3-FRDDL: F1=0.3238 (t=0.55, support=44)
[16:45:14]   D3-NI: F1=0.5766 (t=0.50, support=364)
[16:45:14]   D3-NTA: F1=0.1111 (t=0.55, support=8)
[16:45:14]   D3-OTF: F1=0.4436 (t=0.45, support=262)
[16:45:14]   D3-PA: F1=0.1225 (t=0.45, support=52)
[16:45:14]   D3-PCSV: F1=0.2121 (t=0.50, support=98)
[16:45:14]   D3-PLA: F1=0.1176 (t=0.50, support=38)
[16:45:14]   D3-PSA: F1=0.4415 (t=0.40, support=264)
[16:45:14]   D3-PSMD: F1=0.0118 (t=0.35, support=3)
[16:45:14]   D3-PT: F1=0.9789 (t=0.05, support=904)
[16:45:14]   D3-RC: F1=0.0769 (t=0.60, support=12)
[16:45:14]   D3-RF: F1=0.2051 (t=0.60, support=22)
[16:45:14]   D3-RKD: F1=0.3664 (t=0.50, support=148)
[16:45:14]   D3-SCA: F1=0.0800 (t=0.65, support=13)
[16:45:14]   D3-SEA: F1=0.0177 (t=0.50, support=3)
[16:45:14]   D3-SICA: F1=0.2244 (t=0.45, support=84)
[16:45:14]   D3-SJA: F1=0.0200 (t=0.40, support=4)
[16:45:14]   D3-ST: F1=0.0321 (t=0.40, support=13)
[16:45:14]  Result: Macro F1=0.1875, Micro F1=0.3423, P=0.1474, R=0.5707 (103s)
[16:45:14]  Current best: Case 13 (w_sig=0.1, w_ttp=0.1, w_mbc=0.8) → Macro F1=0.2709
[16:45:14] 
[Case 29/66] w_sig=0.2, w_ttp=0.7, w_mbc=0.1
[16:45:14]  CNN Dataset: 943 samples, 478 features → 22x22 image
[16:45:14]  Device: cpu
[16:45:14] 
============================================================
[16:45:14]  FOLD 1/5 — Train: 754, Val: 189
[16:45:14] ============================================================
[16:45:14]  Model parameters: 65,505
[16:45:14]   Fold 1/5 | Epoch   1 | LR 0.000140 | Train Loss 0.5149 | Val Loss 0.3273 | Val F1 0.0647
[16:45:19]   Fold 1/5 | Epoch  10 | LR 0.000699 | Train Loss 0.3665 | Val Loss 0.2998 | Val F1 0.1235
[16:45:24]   Fold 1/5 | Epoch  20 | LR 0.000691 | Train Loss 0.2912 | Val Loss 0.4515 | Val F1 0.1300
[16:45:29]   Fold 1/5 | Epoch  30 | LR 0.000674 | Train Loss 0.2268 | Val Loss 0.3098 | Val F1 0.1859
[16:45:34]   Fold 1/5 | Epoch  40 | LR 0.000649 | Train Loss 0.2043 | Val Loss 0.3229 | Val F1 0.1605
[16:45:39]   Fold 1/5 | Epoch  50 | LR 0.000616 | Train Loss 0.1778 | Val Loss 1.2374 | Val F1 0.1960
[16:45:43]   Early stopping at epoch 58 (patience=25)
[16:45:43]  Fold 1 — Best Val Loss: 0.2598, F1@0.5: 0.1742
[16:45:43] 
============================================================
[16:45:43]  FOLD 2/5 — Train: 754, Val: 189
[16:45:43] ============================================================
[16:45:44]   Fold 2/5 | Epoch   1 | LR 0.000140 | Train Loss 0.4547 | Val Loss 0.3700 | Val F1 0.0672
[16:45:48]   Fold 2/5 | Epoch  10 | LR 0.000699 | Train Loss 0.3319 | Val Loss 0.4264 | Val F1 0.1378
[16:45:53]   Fold 2/5 | Epoch  20 | LR 0.000691 | Train Loss 0.2628 | Val Loss 0.7261 | Val F1 0.1565
[16:45:56]   Early stopping at epoch 26 (patience=25)
[16:45:56]  Fold 2 — Best Val Loss: 0.3700, F1@0.5: 0.0672
[16:45:56] 
============================================================
[16:45:56]  FOLD 3/5 — Train: 754, Val: 189
[16:45:56] ============================================================
[16:45:57]   Fold 3/5 | Epoch   1 | LR 0.000140 | Train Loss 0.4936 | Val Loss 0.3355 | Val F1 0.0235
[16:46:02]   Fold 3/5 | Epoch  10 | LR 0.000699 | Train Loss 0.3502 | Val Loss 0.3567 | Val F1 0.1417
[16:46:07]   Fold 3/5 | Epoch  20 | LR 0.000691 | Train Loss 0.2592 | Val Loss 0.4676 | Val F1 0.1482
[16:46:11]   Early stopping at epoch 29 (patience=25)
[16:46:11]  Fold 3 — Best Val Loss: 0.3260, F1@0.5: 0.1007
[16:46:11] 
============================================================
[16:46:11]  FOLD 4/5 — Train: 755, Val: 188
[16:46:11] ============================================================
[16:46:12]   Fold 4/5 | Epoch   1 | LR 0.000140 | Train Loss 0.5111 | Val Loss 0.3309 | Val F1 0.0185
[16:46:17]   Fold 4/5 | Epoch  10 | LR 0.000699 | Train Loss 0.3585 | Val Loss 0.2979 | Val F1 0.1416
[16:46:21]   Fold 4/5 | Epoch  20 | LR 0.000691 | Train Loss 0.2897 | Val Loss 0.3082 | Val F1 0.1305
[16:46:26]   Fold 4/5 | Epoch  30 | LR 0.000674 | Train Loss 0.2414 | Val Loss 0.9475 | Val F1 0.1197
[16:46:32]   Fold 4/5 | Epoch  40 | LR 0.000649 | Train Loss 0.1960 | Val Loss 0.3943 | Val F1 0.1547
[16:46:37]   Fold 4/5 | Epoch  50 | LR 0.000616 | Train Loss 0.1754 | Val Loss 0.3879 | Val F1 0.2146
[16:46:37]   Early stopping at epoch 50 (patience=25)
[16:46:37]  Fold 4 — Best Val Loss: 0.2556, F1@0.5: 0.1866
[16:46:37] 
============================================================
[16:46:37]  FOLD 5/5 — Train: 755, Val: 188
[16:46:37] ============================================================
[16:46:38]   Fold 5/5 | Epoch   1 | LR 0.000140 | Train Loss 0.5164 | Val Loss 0.2995 | Val F1 0.0952
[16:46:43]   Fold 5/5 | Epoch  10 | LR 0.000699 | Train Loss 0.3688 | Val Loss 0.2962 | Val F1 0.1119
[16:46:47]   Fold 5/5 | Epoch  20 | LR 0.000691 | Train Loss 0.2912 | Val Loss 0.6231 | Val F1 0.1330
[16:46:53]   Fold 5/5 | Epoch  30 | LR 0.000674 | Train Loss 0.2317 | Val Loss 0.6820 | Val F1 0.1155
[16:46:57]   Early stopping at epoch 37 (patience=25)
[16:46:57]  Fold 5 — Best Val Loss: 0.2661, F1@0.5: 0.1575
[16:46:57] 
============================================================
[16:46:57]  K-FOLD RESULTS
[16:46:57] ============================================================
[16:46:57]  F1@0.5 per fold: ['0.1742', '0.0672', '0.1007', '0.1866', '0.1575']
[16:46:57]  Mean F1@0.5: 0.1372 ± 0.0457
[16:46:57] 
 Tuning per-action thresholds...
[16:46:57]  Threshold range: [0.05, 0.75], mean=0.47
[16:46:57] 
 With tuned thresholds:
[16:46:57]   Macro F1:   0.1827
[16:46:57]   Micro F1:   0.3191
[16:46:57]   Sample F1:  0.3287
[16:46:57]   Precision:  0.1577
[16:46:57]   Recall:     0.5993
[16:46:57] 
 Per-action F1 (tuned threshold):
[16:46:57]   D3-CCSA: F1=0.0629 (t=0.60, support=17)
[16:46:57]   D3-CE: F1=0.0563 (t=0.45, support=14)
[16:46:57]   D3-CQ: F1=0.1667 (t=0.55, support=71)
[16:46:57]   D3-CR: F1=0.0354 (t=0.55, support=6)
[16:46:57]   D3-CRO: F1=0.0077 (t=0.45, support=3)
[16:46:57]   D3-DNSDL: F1=0.0741 (t=0.50, support=25)
[16:46:57]   D3-EAL: F1=0.0175 (t=0.50, support=3)
[16:46:57]   D3-EDL: F1=0.1196 (t=0.45, support=51)
[16:46:57]   D3-EI: F1=0.1429 (t=0.75, support=12)
[16:46:57]   D3-FA: F1=0.0267 (t=0.45, support=11)
[16:46:57]   D3-FAPA: F1=0.2406 (t=0.55, support=84)
[16:46:57]   D3-FCOA: F1=0.0100 (t=0.30, support=4)
[16:46:57]   D3-FEV: F1=0.5616 (t=0.40, support=356)
[16:46:57]   D3-FIM: F1=0.0122 (t=0.45, support=3)
[16:46:57]   D3-FR: F1=0.1935 (t=0.55, support=12)
[16:46:57]   D3-FRDDL: F1=0.3366 (t=0.55, support=44)
[16:46:57]   D3-NI: F1=0.5669 (t=0.45, support=364)
[16:46:57]   D3-NTA: F1=0.0741 (t=0.55, support=8)
[16:46:57]   D3-OTF: F1=0.4352 (t=0.30, support=262)
[16:46:57]   D3-PA: F1=0.1280 (t=0.50, support=52)
[16:46:57]   D3-PCSV: F1=0.2225 (t=0.45, support=98)
[16:46:57]   D3-PLA: F1=0.0895 (t=0.45, support=38)
[16:46:57]   D3-PSA: F1=0.4511 (t=0.45, support=264)
[16:46:57]   D3-PSMD: F1=0.0127 (t=0.40, support=3)
[16:46:57]   D3-PT: F1=0.9789 (t=0.05, support=904)
[16:46:57]   D3-RC: F1=0.0952 (t=0.55, support=12)
[16:46:57]   D3-RF: F1=0.1136 (t=0.55, support=22)
[16:46:57]   D3-RKD: F1=0.3417 (t=0.45, support=148)
[16:46:57]   D3-SCA: F1=0.0417 (t=0.50, support=13)
[16:46:57]   D3-SEA: F1=0.0091 (t=0.40, support=3)
[16:46:57]   D3-SICA: F1=0.3459 (t=0.55, support=84)
[16:46:57]   D3-SJA: F1=0.0291 (t=0.50, support=4)
[16:46:57]   D3-ST: F1=0.0295 (t=0.35, support=13)
[16:46:57]  Result: Macro F1=0.1827, Micro F1=0.3191, P=0.1577, R=0.5993 (104s)
[16:46:57]  Current best: Case 13 (w_sig=0.1, w_ttp=0.1, w_mbc=0.8) → Macro F1=0.2709
[16:46:57] 
[Case 30/66] w_sig=0.2, w_ttp=0.8, w_mbc=0.0
[16:46:57]  CNN Dataset: 943 samples, 478 features → 22x22 image
[16:46:57]  Device: cpu
[16:46:57] 
============================================================
[16:46:57]  FOLD 1/5 — Train: 754, Val: 189
[16:46:57] ============================================================
[16:46:57]  Model parameters: 65,505
[16:46:58]   Fold 1/5 | Epoch   1 | LR 0.000140 | Train Loss 0.5151 | Val Loss 0.3257 | Val F1 0.0647
[16:47:02]   Fold 1/5 | Epoch  10 | LR 0.000699 | Train Loss 0.3690 | Val Loss 0.2817 | Val F1 0.1390
[16:47:08]   Fold 1/5 | Epoch  20 | LR 0.000691 | Train Loss 0.2885 | Val Loss 0.3502 | Val F1 0.1520
[16:47:13]   Fold 1/5 | Epoch  30 | LR 0.000674 | Train Loss 0.2327 | Val Loss 1.0700 | Val F1 0.1324
[16:47:18]   Fold 1/5 | Epoch  40 | LR 0.000649 | Train Loss 0.2011 | Val Loss 0.5345 | Val F1 0.1503
[16:47:19]   Early stopping at epoch 42 (patience=25)
[16:47:19]  Fold 1 — Best Val Loss: 0.2705, F1@0.5: 0.1913
[16:47:19] 
============================================================
[16:47:19]  FOLD 2/5 — Train: 754, Val: 189
[16:47:19] ============================================================
[16:47:19]   Fold 2/5 | Epoch   1 | LR 0.000140 | Train Loss 0.4726 | Val Loss 0.3736 | Val F1 0.1101
[16:47:25]   Fold 2/5 | Epoch  10 | LR 0.000699 | Train Loss 0.3476 | Val Loss 0.4576 | Val F1 0.1299
[16:47:29]   Fold 2/5 | Epoch  20 | LR 0.000691 | Train Loss 0.2810 | Val Loss 0.4866 | Val F1 0.1979
[16:47:33]   Early stopping at epoch 26 (patience=25)
[16:47:33]  Fold 2 — Best Val Loss: 0.3736, F1@0.5: 0.1101
[16:47:33] 
============================================================
[16:47:33]  FOLD 3/5 — Train: 754, Val: 189
[16:47:33] ============================================================
[16:47:33]   Fold 3/5 | Epoch   1 | LR 0.000140 | Train Loss 0.5428 | Val Loss 0.3450 | Val F1 0.0625
[16:47:38]   Fold 3/5 | Epoch  10 | LR 0.000699 | Train Loss 0.3478 | Val Loss 0.3509 | Val F1 0.1349
[16:47:43]   Fold 3/5 | Epoch  20 | LR 0.000691 | Train Loss 0.2758 | Val Loss 0.4338 | Val F1 0.1305
[16:47:47]   Early stopping at epoch 29 (patience=25)
[16:47:48]  Fold 3 — Best Val Loss: 0.3234, F1@0.5: 0.1103
[16:47:48] 
============================================================
[16:47:48]  FOLD 4/5 — Train: 755, Val: 188
[16:47:48] ============================================================
[16:47:48]   Fold 4/5 | Epoch   1 | LR 0.000140 | Train Loss 0.5083 | Val Loss 0.3170 | Val F1 0.0349
[16:47:53]   Fold 4/5 | Epoch  10 | LR 0.000699 | Train Loss 0.3622 | Val Loss 0.2915 | Val F1 0.1568
[16:47:58]   Fold 4/5 | Epoch  20 | LR 0.000691 | Train Loss 0.2967 | Val Loss 0.3415 | Val F1 0.1655
[16:48:04]   Fold 4/5 | Epoch  30 | LR 0.000674 | Train Loss 0.2417 | Val Loss 0.8158 | Val F1 0.1598
[16:48:09]   Fold 4/5 | Epoch  40 | LR 0.000649 | Train Loss 0.1999 | Val Loss 0.8715 | Val F1 0.1620
[16:48:10]   Early stopping at epoch 43 (patience=25)
[16:48:10]  Fold 4 — Best Val Loss: 0.2612, F1@0.5: 0.1732
[16:48:10] 
============================================================
[16:48:10]  FOLD 5/5 — Train: 755, Val: 188
[16:48:10] ============================================================
[16:48:10]   Fold 5/5 | Epoch   1 | LR 0.000140 | Train Loss 0.5592 | Val Loss 0.2992 | Val F1 0.0448
[16:48:15]   Fold 5/5 | Epoch  10 | LR 0.000699 | Train Loss 0.3684 | Val Loss 0.3002 | Val F1 0.1287
[16:48:20]   Fold 5/5 | Epoch  20 | LR 0.000691 | Train Loss 0.2978 | Val Loss 0.3105 | Val F1 0.1721
[16:48:25]   Early stopping at epoch 29 (patience=25)
[16:48:25]  Fold 5 — Best Val Loss: 0.2774, F1@0.5: 0.1023
[16:48:25] 
============================================================
[16:48:25]  K-FOLD RESULTS
[16:48:25] ============================================================
[16:48:25]  F1@0.5 per fold: ['0.1913', '0.1101', '0.1103', '0.1732', '0.1023']
[16:48:25]  Mean F1@0.5: 0.1374 ± 0.0371
[16:48:25] 
 Tuning per-action thresholds...
[16:48:26]  Threshold range: [0.05, 0.60], mean=0.44
[16:48:26] 
 With tuned thresholds:
[16:48:26]   Macro F1:   0.1670
[16:48:26]   Micro F1:   0.2599
[16:48:26]   Sample F1:  0.2653
[16:48:26]   Precision:  0.1281
[16:48:26]   Recall:     0.7256
[16:48:26] 
 Per-action F1 (tuned threshold):
[16:48:26]   D3-CCSA: F1=0.1000 (t=0.60, support=17)
[16:48:26]   D3-CE: F1=0.0342 (t=0.45, support=14)
[16:48:26]   D3-CQ: F1=0.1453 (t=0.40, support=71)
[16:48:26]   D3-CR: F1=0.0161 (t=0.40, support=6)
[16:48:26]   D3-CRO: F1=0.0073 (t=0.35, support=3)
[16:48:26]   D3-DNSDL: F1=0.0562 (t=0.45, support=25)
[16:48:26]   D3-EAL: F1=0.0100 (t=0.50, support=3)
[16:48:26]   D3-EDL: F1=0.1328 (t=0.50, support=51)
[16:48:26]   D3-EI: F1=0.0502 (t=0.50, support=12)
[16:48:26]   D3-FA: F1=0.0472 (t=0.60, support=11)
[16:48:26]   D3-FAPA: F1=0.3206 (t=0.55, support=84)
[16:48:26]   D3-FCOA: F1=0.0154 (t=0.50, support=4)
[16:48:26]   D3-FEV: F1=0.5618 (t=0.45, support=356)
[16:48:26]   D3-FIM: F1=0.0526 (t=0.50, support=3)
[16:48:26]   D3-FR: F1=0.0282 (t=0.40, support=12)
[16:48:26]   D3-FRDDL: F1=0.1495 (t=0.50, support=44)
[16:48:26]   D3-NI: F1=0.5570 (t=0.05, support=364)
[16:48:26]   D3-NTA: F1=0.0185 (t=0.35, support=8)
[16:48:26]   D3-OTF: F1=0.4361 (t=0.45, support=262)
[16:48:26]   D3-PA: F1=0.1297 (t=0.50, support=52)
[16:48:26]   D3-PCSV: F1=0.1927 (t=0.45, support=98)
[16:48:26]   D3-PLA: F1=0.0880 (t=0.45, support=38)
[16:48:26]   D3-PSA: F1=0.4404 (t=0.40, support=264)
[16:48:26]   D3-PSMD: F1=0.0221 (t=0.45, support=3)
[16:48:26]   D3-PT: F1=0.9789 (t=0.05, support=904)
[16:48:26]   D3-RC: F1=0.0371 (t=0.45, support=12)
[16:48:26]   D3-RF: F1=0.2162 (t=0.55, support=22)
[16:48:26]   D3-RKD: F1=0.3796 (t=0.50, support=148)
[16:48:26]   D3-SCA: F1=0.0292 (t=0.45, support=13)
[16:48:26]   D3-SEA: F1=0.0069 (t=0.35, support=3)
[16:48:26]   D3-SICA: F1=0.1920 (t=0.50, support=84)
[16:48:26]   D3-SJA: F1=0.0306 (t=0.55, support=4)
[16:48:26]   D3-ST: F1=0.0288 (t=0.40, support=13)
[16:48:26]  Result: Macro F1=0.1670, Micro F1=0.2599, P=0.1281, R=0.7256 (88s)
[16:48:26]  Current best: Case 13 (w_sig=0.1, w_ttp=0.1, w_mbc=0.8) → Macro F1=0.2709
[16:48:26] 
[Case 31/66] w_sig=0.3, w_ttp=0.0, w_mbc=0.7
[16:48:26]  CNN Dataset: 943 samples, 478 features → 22x22 image
[16:48:26]  Device: cpu
[16:48:26] 
============================================================
[16:48:26]  FOLD 1/5 — Train: 754, Val: 189
[16:48:26] ============================================================
[16:48:26]  Model parameters: 65,505
[16:48:27]   Fold 1/5 | Epoch   1 | LR 0.000140 | Train Loss 0.5108 | Val Loss 0.3231 | Val F1 0.0619
[16:48:35]   Fold 1/5 | Epoch  10 | LR 0.000699 | Train Loss 0.3504 | Val Loss 0.2690 | Val F1 0.2147
[16:48:42]   Fold 1/5 | Epoch  20 | LR 0.000691 | Train Loss 0.2690 | Val Loss 0.3632 | Val F1 0.1542
[16:48:45]   Fold 1/5 | Epoch  30 | LR 0.000674 | Train Loss 0.2295 | Val Loss 0.3242 | Val F1 0.2109
[16:48:50]   Early stopping at epoch 39 (patience=25)
[16:48:50]  Fold 1 — Best Val Loss: 0.2606, F1@0.5: 0.2119
[16:48:50] 
============================================================
[16:48:50]  FOLD 2/5 — Train: 754, Val: 189
[16:48:50] ============================================================
[16:48:51]   Fold 2/5 | Epoch   1 | LR 0.000140 | Train Loss 0.4578 | Val Loss 0.3781 | Val F1 0.0737
[16:48:59]   Fold 2/5 | Epoch  10 | LR 0.000699 | Train Loss 0.3253 | Val Loss 0.4033 | Val F1 0.1513
[16:49:05]   Fold 2/5 | Epoch  20 | LR 0.000691 | Train Loss 0.2634 | Val Loss 0.4570 | Val F1 0.2103
[16:49:11]   Fold 2/5 | Epoch  30 | LR 0.000674 | Train Loss 0.2348 | Val Loss 0.7856 | Val F1 0.2470
[16:49:18]   Fold 2/5 | Epoch  40 | LR 0.000649 | Train Loss 0.1857 | Val Loss 0.8417 | Val F1 0.2744
[16:49:23]   Early stopping at epoch 46 (patience=25)
[16:49:23]  Fold 2 — Best Val Loss: 0.3474, F1@0.5: 0.2515
[16:49:23] 
============================================================
[16:49:23]  FOLD 3/5 — Train: 754, Val: 189
[16:49:23] ============================================================
[16:49:24]   Fold 3/5 | Epoch   1 | LR 0.000140 | Train Loss 0.4830 | Val Loss 0.3282 | Val F1 0.0858
[16:49:32]   Fold 3/5 | Epoch  10 | LR 0.000699 | Train Loss 0.3363 | Val Loss 0.2921 | Val F1 0.1908
[16:49:36]   Fold 3/5 | Epoch  20 | LR 0.000691 | Train Loss 0.2674 | Val Loss 0.3592 | Val F1 0.1497
[16:49:42]   Fold 3/5 | Epoch  30 | LR 0.000674 | Train Loss 0.2205 | Val Loss 0.3086 | Val F1 0.2107
[16:49:48]   Fold 3/5 | Epoch  40 | LR 0.000649 | Train Loss 0.1951 | Val Loss 0.8327 | Val F1 0.2293
[16:49:51]   Early stopping at epoch 48 (patience=25)
[16:49:51]  Fold 3 — Best Val Loss: 0.2728, F1@0.5: 0.2627
[16:49:51] 
============================================================
[16:49:51]  FOLD 4/5 — Train: 755, Val: 188
[16:49:51] ============================================================
[16:49:51]   Fold 4/5 | Epoch   1 | LR 0.000140 | Train Loss 0.5125 | Val Loss 0.2993 | Val F1 0.0779
[16:49:56]   Fold 4/5 | Epoch  10 | LR 0.000699 | Train Loss 0.3528 | Val Loss 0.2863 | Val F1 0.1886
[16:50:02]   Fold 4/5 | Epoch  20 | LR 0.000691 | Train Loss 0.2829 | Val Loss 0.2924 | Val F1 0.2033
[16:50:05]   Fold 4/5 | Epoch  30 | LR 0.000674 | Train Loss 0.2331 | Val Loss 0.4789 | Val F1 0.1579
[16:50:11]   Fold 4/5 | Epoch  40 | LR 0.000649 | Train Loss 0.1983 | Val Loss 0.5917 | Val F1 0.2250
[16:50:17]   Fold 4/5 | Epoch  50 | LR 0.000616 | Train Loss 0.1838 | Val Loss 0.6145 | Val F1 0.1907
[16:50:21]   Fold 4/5 | Epoch  60 | LR 0.000576 | Train Loss 0.1729 | Val Loss 1.0230 | Val F1 0.1707
[16:50:24]   Early stopping at epoch 64 (patience=25)
[16:50:24]  Fold 4 — Best Val Loss: 0.2619, F1@0.5: 0.2336
[16:50:24] 
============================================================
[16:50:24]  FOLD 5/5 — Train: 755, Val: 188
[16:50:24] ============================================================
[16:50:24]   Fold 5/5 | Epoch   1 | LR 0.000140 | Train Loss 0.5326 | Val Loss 0.3213 | Val F1 0.0406
[16:50:28]   Fold 5/5 | Epoch  10 | LR 0.000699 | Train Loss 0.3487 | Val Loss 0.2825 | Val F1 0.1700
[16:50:33]   Fold 5/5 | Epoch  20 | LR 0.000691 | Train Loss 0.2867 | Val Loss 0.2702 | Val F1 0.1698
[16:50:38]   Fold 5/5 | Epoch  30 | LR 0.000674 | Train Loss 0.2328 | Val Loss 0.2874 | Val F1 0.2033
[16:50:43]   Fold 5/5 | Epoch  40 | LR 0.000649 | Train Loss 0.2139 | Val Loss 0.4470 | Val F1 0.1821
[16:50:47]   Fold 5/5 | Epoch  50 | LR 0.000616 | Train Loss 0.1882 | Val Loss 0.3346 | Val F1 0.2396
[16:50:48]   Early stopping at epoch 52 (patience=25)
[16:50:48]  Fold 5 — Best Val Loss: 0.2373, F1@0.5: 0.1945
[16:50:48] 
============================================================
[16:50:48]  K-FOLD RESULTS
[16:50:48] ============================================================
[16:50:48]  F1@0.5 per fold: ['0.2119', '0.2515', '0.2627', '0.2336', '0.1945']
[16:50:48]  Mean F1@0.5: 0.2308 ± 0.0250
[16:50:48] 
 Tuning per-action thresholds...
[16:50:49]  Threshold range: [0.05, 0.75], mean=0.51
[16:50:49] 
 With tuned thresholds:
[16:50:49]   Macro F1:   0.2745
[16:50:49]   Micro F1:   0.4826
[16:50:49]   Sample F1:  0.4894
[16:50:49]   Precision:  0.2296
[16:50:49]   Recall:     0.5351
[16:50:49] 
 Per-action F1 (tuned threshold):
[16:50:50]   D3-CCSA: F1=0.1935 (t=0.75, support=17)
[16:50:50]   D3-CE: F1=0.0762 (t=0.55, support=14)
[16:50:50]   D3-CQ: F1=0.1757 (t=0.50, support=71)
[16:50:50]   D3-CR: F1=0.1493 (t=0.55, support=6)
[16:50:50]   D3-CRO: F1=0.2000 (t=0.60, support=3)
[16:50:50]   D3-DNSDL: F1=0.2083 (t=0.60, support=25)
[16:50:50]   D3-EAL: F1=0.0645 (t=0.45, support=3)
[16:50:50]   D3-EDL: F1=0.1887 (t=0.55, support=51)
[16:50:50]   D3-EI: F1=0.1429 (t=0.55, support=12)
[16:50:50]   D3-FA: F1=0.1111 (t=0.60, support=11)
[16:50:50]   D3-FAPA: F1=0.4552 (t=0.50, support=84)
[16:50:50]   D3-FCOA: F1=0.0526 (t=0.50, support=4)
[16:50:50]   D3-FEV: F1=0.6064 (t=0.45, support=356)
[16:50:50]   D3-FIM: F1=0.6000 (t=0.50, support=3)
[16:50:50]   D3-FR: F1=0.0952 (t=0.55, support=12)
[16:50:50]   D3-FRDDL: F1=0.4295 (t=0.55, support=44)
[16:50:50]   D3-NI: F1=0.6028 (t=0.45, support=364)
[16:50:50]   D3-NTA: F1=0.1667 (t=0.65, support=8)
[16:50:50]   D3-OTF: F1=0.4792 (t=0.50, support=262)
[16:50:50]   D3-PA: F1=0.2111 (t=0.50, support=52)
[16:50:50]   D3-PCSV: F1=0.2547 (t=0.55, support=98)
[16:50:50]   D3-PLA: F1=0.1557 (t=0.50, support=38)
[16:50:50]   D3-PSA: F1=0.5048 (t=0.50, support=264)
[16:50:50]   D3-PSMD: F1=0.0117 (t=0.25, support=3)
[16:50:50]   D3-PT: F1=0.9789 (t=0.05, support=904)
[16:50:50]   D3-RC: F1=0.1333 (t=0.55, support=12)
[16:50:50]   D3-RF: F1=0.5405 (t=0.60, support=22)
[16:50:50]   D3-RKD: F1=0.5528 (t=0.50, support=148)
[16:50:50]   D3-SCA: F1=0.0833 (t=0.60, support=13)
[16:50:50]   D3-SEA: F1=0.0103 (t=0.35, support=3)
[16:50:50]   D3-SICA: F1=0.4537 (t=0.55, support=84)
[16:50:50]   D3-SJA: F1=0.0162 (t=0.35, support=4)
[16:50:50]   D3-ST: F1=0.1538 (t=0.65, support=13)
[16:50:50]  Result: Macro F1=0.2745, Micro F1=0.4826, P=0.2296, R=0.5351 (144s)
[16:50:50]  Current best: Case 31 (w_sig=0.3, w_ttp=0.0, w_mbc=0.7) → Macro F1=0.2745
[16:50:50] 
[Case 32/66] w_sig=0.3, w_ttp=0.1, w_mbc=0.6
[16:50:50]  CNN Dataset: 943 samples, 478 features → 22x22 image
[16:50:50]  Device: cpu
[16:50:50] 
============================================================
[16:50:50]  FOLD 1/5 — Train: 754, Val: 189
[16:50:50] ============================================================
[16:50:50]  Model parameters: 65,505
[16:50:50]   Fold 1/5 | Epoch   1 | LR 0.000140 | Train Loss 0.5119 | Val Loss 0.3251 | Val F1 0.0540
[16:50:54]   Fold 1/5 | Epoch  10 | LR 0.000699 | Train Loss 0.3517 | Val Loss 0.2889 | Val F1 0.1402
[16:51:00]   Fold 1/5 | Epoch  20 | LR 0.000691 | Train Loss 0.2677 | Val Loss 0.3423 | Val F1 0.1998
[16:51:05]   Fold 1/5 | Epoch  30 | LR 0.000674 | Train Loss 0.2241 | Val Loss 0.8226 | Val F1 0.1197
[16:51:10]   Fold 1/5 | Epoch  40 | LR 0.000649 | Train Loss 0.1947 | Val Loss 0.8081 | Val F1 0.1668
[16:51:10]   Early stopping at epoch 41 (patience=25)
[16:51:10]  Fold 1 — Best Val Loss: 0.2605, F1@0.5: 0.2119
[16:51:10] 
============================================================
[16:51:10]  FOLD 2/5 — Train: 754, Val: 189
[16:51:10] ============================================================
[16:51:11]   Fold 2/5 | Epoch   1 | LR 0.000140 | Train Loss 0.4653 | Val Loss 0.3548 | Val F1 0.1108
[16:51:15]   Fold 2/5 | Epoch  10 | LR 0.000699 | Train Loss 0.3198 | Val Loss 0.4304 | Val F1 0.1735
[16:51:21]   Fold 2/5 | Epoch  20 | LR 0.000691 | Train Loss 0.2512 | Val Loss 0.3575 | Val F1 0.2409
[16:51:23]   Early stopping at epoch 26 (patience=25)
[16:51:23]  Fold 2 — Best Val Loss: 0.3548, F1@0.5: 0.1108
[16:51:23] 
============================================================
[16:51:23]  FOLD 3/5 — Train: 754, Val: 189
[16:51:23] ============================================================
[16:51:24]   Fold 3/5 | Epoch   1 | LR 0.000140 | Train Loss 0.4776 | Val Loss 0.3371 | Val F1 0.1025
[16:51:28]   Fold 3/5 | Epoch  10 | LR 0.000699 | Train Loss 0.3296 | Val Loss 0.4040 | Val F1 0.1409
[16:51:33]   Fold 3/5 | Epoch  20 | LR 0.000691 | Train Loss 0.2666 | Val Loss 0.5046 | Val F1 0.1700
[16:51:41]   Fold 3/5 | Epoch  30 | LR 0.000674 | Train Loss 0.2147 | Val Loss 0.4574 | Val F1 0.1704
[16:51:45]   Early stopping at epoch 37 (patience=25)
[16:51:45]  Fold 3 — Best Val Loss: 0.3091, F1@0.5: 0.1922
[16:51:45] 
============================================================
[16:51:45]  FOLD 4/5 — Train: 755, Val: 188
[16:51:45] ============================================================
[16:51:45]   Fold 4/5 | Epoch   1 | LR 0.000140 | Train Loss 0.5385 | Val Loss 0.3228 | Val F1 0.0471
[16:51:50]   Fold 4/5 | Epoch  10 | LR 0.000699 | Train Loss 0.3493 | Val Loss 0.2747 | Val F1 0.1778
[16:51:55]   Fold 4/5 | Epoch  20 | LR 0.000691 | Train Loss 0.2680 | Val Loss 0.3245 | Val F1 0.2094
[16:52:01]   Fold 4/5 | Epoch  30 | LR 0.000674 | Train Loss 0.2244 | Val Loss 0.3755 | Val F1 0.2184
[16:52:05]   Fold 4/5 | Epoch  40 | LR 0.000649 | Train Loss 0.1985 | Val Loss 0.5535 | Val F1 0.1926
[16:52:08]   Early stopping at epoch 44 (patience=25)
[16:52:08]  Fold 4 — Best Val Loss: 0.2459, F1@0.5: 0.2115
[16:52:08] 
============================================================
[16:52:08]  FOLD 5/5 — Train: 755, Val: 188
[16:52:08] ============================================================
[16:52:08]   Fold 5/5 | Epoch   1 | LR 0.000140 | Train Loss 0.5672 | Val Loss 0.3194 | Val F1 0.0265
[16:52:13]   Fold 5/5 | Epoch  10 | LR 0.000699 | Train Loss 0.3438 | Val Loss 0.2942 | Val F1 0.1414
[16:52:18]   Fold 5/5 | Epoch  20 | LR 0.000691 | Train Loss 0.2730 | Val Loss 0.3923 | Val F1 0.1242
[16:52:23]   Fold 5/5 | Epoch  30 | LR 0.000674 | Train Loss 0.2239 | Val Loss 0.8308 | Val F1 0.1410
[16:52:28]   Fold 5/5 | Epoch  40 | LR 0.000649 | Train Loss 0.2014 | Val Loss 0.2463 | Val F1 0.2272
[16:52:33]   Early stopping at epoch 48 (patience=25)
[16:52:33]  Fold 5 — Best Val Loss: 0.2339, F1@0.5: 0.2110
[16:52:33] 
============================================================
[16:52:33]  K-FOLD RESULTS
[16:52:33] ============================================================
[16:52:33]  F1@0.5 per fold: ['0.2119', '0.1108', '0.1922', '0.2115', '0.2110']
[16:52:33]  Mean F1@0.5: 0.1875 ± 0.0391
[16:52:33] 
 Tuning per-action thresholds...
[16:52:33]  Threshold range: [0.05, 0.70], mean=0.50
[16:52:33] 
 With tuned thresholds:
[16:52:33]   Macro F1:   0.2545
[16:52:33]   Micro F1:   0.3852
[16:52:33]   Sample F1:  0.4037
[16:52:33]   Precision:  0.2436
[16:52:33]   Recall:     0.5649
[16:52:33] 
 Per-action F1 (tuned threshold):
[16:52:33]   D3-CCSA: F1=0.2000 (t=0.70, support=17)
[16:52:33]   D3-CE: F1=0.0612 (t=0.55, support=14)
[16:52:33]   D3-CQ: F1=0.1696 (t=0.45, support=71)
[16:52:33]   D3-CR: F1=0.2000 (t=0.60, support=6)
[16:52:33]   D3-CRO: F1=0.3333 (t=0.55, support=3)
[16:52:33]   D3-DNSDL: F1=0.2182 (t=0.55, support=25)
[16:52:33]   D3-EAL: F1=0.0109 (t=0.40, support=3)
[16:52:33]   D3-EDL: F1=0.1285 (t=0.50, support=51)
[16:52:33]   D3-EI: F1=0.0548 (t=0.55, support=12)
[16:52:33]   D3-FA: F1=0.0517 (t=0.55, support=11)
[16:52:33]   D3-FAPA: F1=0.5109 (t=0.55, support=84)
[16:52:33]   D3-FCOA: F1=0.0129 (t=0.30, support=4)
[16:52:33]   D3-FEV: F1=0.5806 (t=0.50, support=356)
[16:52:33]   D3-FIM: F1=0.4000 (t=0.60, support=3)
[16:52:33]   D3-FR: F1=0.0312 (t=0.45, support=12)
[16:52:33]   D3-FRDDL: F1=0.5094 (t=0.55, support=44)
[16:52:33]   D3-NI: F1=0.5671 (t=0.45, support=364)
[16:52:33]   D3-NTA: F1=0.0952 (t=0.55, support=8)
[16:52:33]   D3-OTF: F1=0.4571 (t=0.45, support=262)
[16:52:33]   D3-PA: F1=0.2028 (t=0.50, support=52)
[16:52:33]   D3-PCSV: F1=0.3123 (t=0.50, support=98)
[16:52:33]   D3-PLA: F1=0.1647 (t=0.50, support=38)
[16:52:33]   D3-PSA: F1=0.4618 (t=0.45, support=264)
[16:52:33]   D3-PSMD: F1=0.0192 (t=0.45, support=3)
[16:52:33]   D3-PT: F1=0.9789 (t=0.05, support=904)
[16:52:33]   D3-RC: F1=0.2667 (t=0.65, support=12)
[16:52:33]   D3-RF: F1=0.3830 (t=0.55, support=22)
[16:52:33]   D3-RKD: F1=0.5106 (t=0.55, support=148)
[16:52:33]   D3-SCA: F1=0.0354 (t=0.50, support=13)
[16:52:33]   D3-SEA: F1=0.0091 (t=0.30, support=3)
[16:52:33]   D3-SICA: F1=0.3053 (t=0.55, support=84)
[16:52:33]   D3-SJA: F1=0.0293 (t=0.45, support=4)
[16:52:33]   D3-ST: F1=0.1250 (t=0.60, support=13)
[16:52:33]  Result: Macro F1=0.2545, Micro F1=0.3852, P=0.2436, R=0.5649 (104s)
[16:52:33]  Current best: Case 31 (w_sig=0.3, w_ttp=0.0, w_mbc=0.7) → Macro F1=0.2745
[16:52:33] 
[Case 33/66] w_sig=0.3, w_ttp=0.2, w_mbc=0.5
[16:52:34]  CNN Dataset: 943 samples, 478 features → 22x22 image
[16:52:34]  Device: cpu
[16:52:34] 
============================================================
[16:52:34]  FOLD 1/5 — Train: 754, Val: 189
[16:52:34] ============================================================
[16:52:34]  Model parameters: 65,505
[16:52:34]   Fold 1/5 | Epoch   1 | LR 0.000140 | Train Loss 0.5134 | Val Loss 0.3367 | Val F1 0.0587
[16:52:39]   Fold 1/5 | Epoch  10 | LR 0.000699 | Train Loss 0.3496 | Val Loss 0.2712 | Val F1 0.1794
[16:52:44]   Fold 1/5 | Epoch  20 | LR 0.000691 | Train Loss 0.2646 | Val Loss 0.3109 | Val F1 0.1937
[16:52:49]   Fold 1/5 | Epoch  30 | LR 0.000674 | Train Loss 0.2134 | Val Loss 0.4454 | Val F1 0.1419
[16:52:53]   Early stopping at epoch 38 (patience=25)
[16:52:53]  Fold 1 — Best Val Loss: 0.2669, F1@0.5: 0.1709
[16:52:53] 
============================================================
[16:52:53]  FOLD 2/5 — Train: 754, Val: 189
[16:52:53] ============================================================
[16:52:54]   Fold 2/5 | Epoch   1 | LR 0.000140 | Train Loss 0.5188 | Val Loss 0.4062 | Val F1 0.0925
[16:52:58]   Fold 2/5 | Epoch  10 | LR 0.000699 | Train Loss 0.3228 | Val Loss 0.4495 | Val F1 0.1749
[16:53:03]   Fold 2/5 | Epoch  20 | LR 0.000691 | Train Loss 0.2414 | Val Loss 0.8260 | Val F1 0.1638
[16:53:08]   Fold 2/5 | Epoch  30 | LR 0.000674 | Train Loss 0.1958 | Val Loss 0.6264 | Val F1 0.1426
[16:53:14]   Fold 2/5 | Epoch  40 | LR 0.000649 | Train Loss 0.1697 | Val Loss 2.6872 | Val F1 0.1558
[16:53:19]   Fold 2/5 | Epoch  50 | LR 0.000616 | Train Loss 0.1517 | Val Loss 2.2760 | Val F1 0.1759
[16:53:19]   Early stopping at epoch 50 (patience=25)
[16:53:19]  Fold 2 — Best Val Loss: 0.3436, F1@0.5: 0.2730
[16:53:19] 
============================================================
[16:53:19]  FOLD 3/5 — Train: 754, Val: 189
[16:53:19] ============================================================
[16:53:20]   Fold 3/5 | Epoch   1 | LR 0.000140 | Train Loss 0.4822 | Val Loss 0.3414 | Val F1 0.0725
[16:53:24]   Fold 3/5 | Epoch  10 | LR 0.000699 | Train Loss 0.3393 | Val Loss 0.4039 | Val F1 0.1499
[16:53:30]   Fold 3/5 | Epoch  20 | LR 0.000691 | Train Loss 0.2494 | Val Loss 0.4895 | Val F1 0.2330
[16:53:34]   Early stopping at epoch 29 (patience=25)
[16:53:34]  Fold 3 — Best Val Loss: 0.3260, F1@0.5: 0.0833
[16:53:34] 
============================================================
[16:53:34]  FOLD 4/5 — Train: 755, Val: 188
[16:53:34] ============================================================
[16:53:35]   Fold 4/5 | Epoch   1 | LR 0.000140 | Train Loss 0.5099 | Val Loss 0.2959 | Val F1 0.0848
[16:53:40]   Fold 4/5 | Epoch  10 | LR 0.000699 | Train Loss 0.3458 | Val Loss 0.3029 | Val F1 0.1590
[16:53:45]   Fold 4/5 | Epoch  20 | LR 0.000691 | Train Loss 0.2650 | Val Loss 0.4290 | Val F1 0.1203
[16:53:51]   Fold 4/5 | Epoch  30 | LR 0.000674 | Train Loss 0.1988 | Val Loss 0.5346 | Val F1 0.1926
[16:53:51]   Early stopping at epoch 31 (patience=25)
[16:53:51]  Fold 4 — Best Val Loss: 0.2838, F1@0.5: 0.1335
[16:53:51] 
============================================================
[16:53:51]  FOLD 5/5 — Train: 755, Val: 188
[16:53:51] ============================================================
[16:53:52]   Fold 5/5 | Epoch   1 | LR 0.000140 | Train Loss 0.5163 | Val Loss 0.2932 | Val F1 0.0636
[16:53:57]   Fold 5/5 | Epoch  10 | LR 0.000699 | Train Loss 0.3406 | Val Loss 0.3062 | Val F1 0.1435
[16:54:02]   Fold 5/5 | Epoch  20 | LR 0.000691 | Train Loss 0.2620 | Val Loss 0.2819 | Val F1 0.1825
[16:54:07]   Fold 5/5 | Epoch  30 | LR 0.000674 | Train Loss 0.2049 | Val Loss 0.6240 | Val F1 0.1355
[16:54:12]   Early stopping at epoch 39 (patience=25)
[16:54:12]  Fold 5 — Best Val Loss: 0.2550, F1@0.5: 0.1903
[16:54:12] 
============================================================
[16:54:12]  K-FOLD RESULTS
[16:54:12] ============================================================
[16:54:12]  F1@0.5 per fold: ['0.1709', '0.2730', '0.0833', '0.1335', '0.1903']
[16:54:12]  Mean F1@0.5: 0.1702 ± 0.0631
[16:54:12] 
 Tuning per-action thresholds...
[16:54:13]  Threshold range: [0.05, 0.70], mean=0.46
[16:54:13] 
 With tuned thresholds:
[16:54:13]   Macro F1:   0.2387
[16:54:13]   Micro F1:   0.3564
[16:54:13]   Sample F1:  0.3582
[16:54:13]   Precision:  0.2325
[16:54:13]   Recall:     0.5571
[16:54:13] 
 Per-action F1 (tuned threshold):
[16:54:13]   D3-CCSA: F1=0.1951 (t=0.55, support=17)
[16:54:13]   D3-CE: F1=0.0452 (t=0.45, support=14)
[16:54:13]   D3-CQ: F1=0.1555 (t=0.45, support=71)
[16:54:13]   D3-CR: F1=0.3077 (t=0.50, support=6)
[16:54:13]   D3-CRO: F1=0.0105 (t=0.30, support=3)
[16:54:13]   D3-DNSDL: F1=0.2353 (t=0.60, support=25)
[16:54:13]   D3-EAL: F1=0.0090 (t=0.30, support=3)
[16:54:13]   D3-EDL: F1=0.1180 (t=0.50, support=51)
[16:54:13]   D3-EI: F1=0.1579 (t=0.55, support=12)
[16:54:13]   D3-FA: F1=0.2000 (t=0.55, support=11)
[16:54:13]   D3-FAPA: F1=0.3893 (t=0.55, support=84)
[16:54:13]   D3-FCOA: F1=0.0092 (t=0.30, support=4)
[16:54:13]   D3-FEV: F1=0.5745 (t=0.45, support=356)
[16:54:13]   D3-FIM: F1=0.5000 (t=0.50, support=3)
[16:54:13]   D3-FR: F1=0.0368 (t=0.45, support=12)
[16:54:13]   D3-FRDDL: F1=0.3497 (t=0.55, support=44)
[16:54:13]   D3-NI: F1=0.5809 (t=0.45, support=364)
[16:54:13]   D3-NTA: F1=0.1000 (t=0.50, support=8)
[16:54:13]   D3-OTF: F1=0.4352 (t=0.40, support=262)
[16:54:13]   D3-PA: F1=0.1628 (t=0.50, support=52)
[16:54:13]   D3-PCSV: F1=0.2247 (t=0.55, support=98)
[16:54:13]   D3-PLA: F1=0.1404 (t=0.55, support=38)
[16:54:13]   D3-PSA: F1=0.4546 (t=0.45, support=264)
[16:54:13]   D3-PSMD: F1=0.0065 (t=0.20, support=3)
[16:54:13]   D3-PT: F1=0.9789 (t=0.05, support=904)
[16:54:13]   D3-RC: F1=0.1739 (t=0.55, support=12)
[16:54:13]   D3-RF: F1=0.3448 (t=0.70, support=22)
[16:54:13]   D3-RKD: F1=0.4358 (t=0.50, support=148)
[16:54:13]   D3-SCA: F1=0.1739 (t=0.55, support=13)
[16:54:13]   D3-SEA: F1=0.0260 (t=0.40, support=3)
[16:54:13]   D3-SICA: F1=0.2500 (t=0.45, support=84)
[16:54:13]   D3-SJA: F1=0.0444 (t=0.45, support=4)
[16:54:13]   D3-ST: F1=0.0505 (t=0.45, support=13)
[16:54:13]  Result: Macro F1=0.2387, Micro F1=0.3564, P=0.2325, R=0.5571 (99s)
[16:54:13]  Current best: Case 31 (w_sig=0.3, w_ttp=0.0, w_mbc=0.7) → Macro F1=0.2745
[16:54:13] 
[Case 34/66] w_sig=0.3, w_ttp=0.3, w_mbc=0.4
[16:54:13]  CNN Dataset: 943 samples, 478 features → 22x22 image
[16:54:13]  Device: cpu
[16:54:13] 
============================================================
[16:54:13]  FOLD 1/5 — Train: 754, Val: 189
[16:54:13] ============================================================
[16:54:13]  Model parameters: 65,505
[16:54:14]   Fold 1/5 | Epoch   1 | LR 0.000140 | Train Loss 0.5152 | Val Loss 0.3501 | Val F1 0.0587
[16:54:18]   Fold 1/5 | Epoch  10 | LR 0.000699 | Train Loss 0.3472 | Val Loss 0.2933 | Val F1 0.1510
[16:54:23]   Fold 1/5 | Epoch  20 | LR 0.000691 | Train Loss 0.2560 | Val Loss 0.6259 | Val F1 0.1106
[16:54:28]   Fold 1/5 | Epoch  30 | LR 0.000674 | Train Loss 0.2032 | Val Loss 0.5638 | Val F1 0.1674
[16:54:34]   Fold 1/5 | Epoch  40 | LR 0.000649 | Train Loss 0.1682 | Val Loss 1.1998 | Val F1 0.1368
[16:54:34]   Early stopping at epoch 40 (patience=25)
[16:54:34]  Fold 1 — Best Val Loss: 0.2803, F1@0.5: 0.1914
[16:54:34] 
============================================================
[16:54:34]  FOLD 2/5 — Train: 754, Val: 189
[16:54:34] ============================================================
[16:54:34]   Fold 2/5 | Epoch   1 | LR 0.000140 | Train Loss 0.5091 | Val Loss 0.3569 | Val F1 0.0409
[16:54:39]   Fold 2/5 | Epoch  10 | LR 0.000699 | Train Loss 0.3184 | Val Loss 0.4146 | Val F1 0.1842
[16:54:45]   Fold 2/5 | Epoch  20 | LR 0.000691 | Train Loss 0.2474 | Val Loss 2.1878 | Val F1 0.1070
[16:54:48]   Early stopping at epoch 27 (patience=25)
[16:54:48]  Fold 2 — Best Val Loss: 0.3561, F1@0.5: 0.0269
[16:54:48] 
============================================================
[16:54:48]  FOLD 3/5 — Train: 754, Val: 189
[16:54:48] ============================================================
[16:54:49]   Fold 3/5 | Epoch   1 | LR 0.000140 | Train Loss 0.4832 | Val Loss 0.3760 | Val F1 0.1024
[16:54:53]   Fold 3/5 | Epoch  10 | LR 0.000699 | Train Loss 0.3315 | Val Loss 0.3363 | Val F1 0.1479
[16:54:59]   Fold 3/5 | Epoch  20 | LR 0.000691 | Train Loss 0.2426 | Val Loss 0.5926 | Val F1 0.1313
[16:55:04]   Fold 3/5 | Epoch  30 | LR 0.000674 | Train Loss 0.1923 | Val Loss 0.4548 | Val F1 0.1767
[16:55:07]   Early stopping at epoch 37 (patience=25)
[16:55:07]  Fold 3 — Best Val Loss: 0.3289, F1@0.5: 0.1712
[16:55:07] 
============================================================
[16:55:07]  FOLD 4/5 — Train: 755, Val: 188
[16:55:07] ============================================================
[16:55:08]   Fold 4/5 | Epoch   1 | LR 0.000140 | Train Loss 0.5431 | Val Loss 0.3537 | Val F1 0.0471
[16:55:13]   Fold 4/5 | Epoch  10 | LR 0.000699 | Train Loss 0.3402 | Val Loss 0.3131 | Val F1 0.1307
[16:55:18]   Fold 4/5 | Epoch  20 | LR 0.000691 | Train Loss 0.2491 | Val Loss 1.0149 | Val F1 0.1215
[16:55:23]   Fold 4/5 | Epoch  30 | LR 0.000674 | Train Loss 0.1993 | Val Loss 1.4610 | Val F1 0.1062
[16:55:29]   Fold 4/5 | Epoch  40 | LR 0.000649 | Train Loss 0.1647 | Val Loss 1.3307 | Val F1 0.1763
[16:55:33]   Early stopping at epoch 48 (patience=25)
[16:55:33]  Fold 4 — Best Val Loss: 0.2711, F1@0.5: 0.2059
[16:55:33] 
============================================================
[16:55:33]  FOLD 5/5 — Train: 755, Val: 188
[16:55:33] ============================================================
[16:55:33]   Fold 5/5 | Epoch   1 | LR 0.000140 | Train Loss 0.5030 | Val Loss 0.3350 | Val F1 0.0554
[16:55:38]   Fold 5/5 | Epoch  10 | LR 0.000699 | Train Loss 0.3380 | Val Loss 0.2844 | Val F1 0.1625
[16:55:43]   Fold 5/5 | Epoch  20 | LR 0.000691 | Train Loss 0.2527 | Val Loss 0.3240 | Val F1 0.1794
[16:55:48]   Fold 5/5 | Epoch  30 | LR 0.000674 | Train Loss 0.1998 | Val Loss 0.4899 | Val F1 0.1482
[16:55:53]   Fold 5/5 | Epoch  40 | LR 0.000649 | Train Loss 0.1691 | Val Loss 0.4893 | Val F1 0.2191
[16:55:55]   Early stopping at epoch 44 (patience=25)
[16:55:55]  Fold 5 — Best Val Loss: 0.2566, F1@0.5: 0.1936
[16:55:55] 
============================================================
[16:55:55]  K-FOLD RESULTS
[16:55:55] ============================================================
[16:55:55]  F1@0.5 per fold: ['0.1914', '0.0269', '0.1712', '0.2059', '0.1936']
[16:55:55]  Mean F1@0.5: 0.1578 ± 0.0664
[16:55:55] 
 Tuning per-action thresholds...
[16:55:56]  Threshold range: [0.05, 0.65], mean=0.47
[16:55:56] 
 With tuned thresholds:
[16:55:56]   Macro F1:   0.2139
[16:55:56]   Micro F1:   0.3428
[16:55:56]   Sample F1:  0.3618
[16:55:56]   Precision:  0.1888
[16:55:56]   Recall:     0.6117
[16:55:56] 
 Per-action F1 (tuned threshold):
[16:55:56]   D3-CCSA: F1=0.2000 (t=0.65, support=17)
[16:55:56]   D3-CE: F1=0.0909 (t=0.65, support=14)
[16:55:56]   D3-CQ: F1=0.1637 (t=0.50, support=71)
[16:55:56]   D3-CR: F1=0.0336 (t=0.45, support=6)
[16:55:56]   D3-CRO: F1=0.4000 (t=0.60, support=3)
[16:55:56]   D3-DNSDL: F1=0.1887 (t=0.55, support=25)
[16:55:56]   D3-EAL: F1=0.0136 (t=0.40, support=3)
[16:55:56]   D3-EDL: F1=0.1462 (t=0.50, support=51)
[16:55:56]   D3-EI: F1=0.0321 (t=0.50, support=12)
[16:55:56]   D3-FA: F1=0.0417 (t=0.55, support=11)
[16:55:56]   D3-FAPA: F1=0.5403 (t=0.50, support=84)
[16:55:56]   D3-FCOA: F1=0.0186 (t=0.45, support=4)
[16:55:56]   D3-FEV: F1=0.5562 (t=0.40, support=356)
[16:55:56]   D3-FIM: F1=0.0276 (t=0.40, support=3)
[16:55:56]   D3-FR: F1=0.0274 (t=0.35, support=12)
[16:55:56]   D3-FRDDL: F1=0.3670 (t=0.55, support=44)
[16:55:56]   D3-NI: F1=0.5636 (t=0.45, support=364)
[16:55:56]   D3-NTA: F1=0.0206 (t=0.40, support=8)
[16:55:56]   D3-OTF: F1=0.4429 (t=0.45, support=262)
[16:55:56]   D3-PA: F1=0.1495 (t=0.50, support=52)
[16:55:56]   D3-PCSV: F1=0.2059 (t=0.40, support=98)
[16:55:56]   D3-PLA: F1=0.1060 (t=0.50, support=38)
[16:55:56]   D3-PSA: F1=0.4456 (t=0.45, support=264)
[16:55:56]   D3-PSMD: F1=0.1053 (t=0.45, support=3)
[16:55:56]   D3-PT: F1=0.9789 (t=0.05, support=904)
[16:55:56]   D3-RC: F1=0.0325 (t=0.40, support=12)
[16:55:56]   D3-RF: F1=0.2632 (t=0.55, support=22)
[16:55:56]   D3-RKD: F1=0.4152 (t=0.50, support=148)
[16:55:56]   D3-SCA: F1=0.0384 (t=0.45, support=13)
[16:55:56]   D3-SEA: F1=0.0077 (t=0.35, support=3)
[16:55:56]   D3-SICA: F1=0.3179 (t=0.55, support=84)
[16:55:56]   D3-SJA: F1=0.0169 (t=0.45, support=4)
[16:55:56]   D3-ST: F1=0.1000 (t=0.55, support=13)
[16:55:56]  Result: Macro F1=0.2139, Micro F1=0.3428, P=0.1888, R=0.6117 (103s)
[16:55:56]  Current best: Case 31 (w_sig=0.3, w_ttp=0.0, w_mbc=0.7) → Macro F1=0.2745
[16:55:56] 
[Case 35/66] w_sig=0.3, w_ttp=0.4, w_mbc=0.3
[16:55:56]  CNN Dataset: 943 samples, 478 features → 22x22 image
[16:55:56]  Device: cpu
[16:55:56] 
============================================================
[16:55:56]  FOLD 1/5 — Train: 754, Val: 189
[16:55:56] ============================================================
[16:55:56]  Model parameters: 65,505
[16:55:57]   Fold 1/5 | Epoch   1 | LR 0.000140 | Train Loss 0.5160 | Val Loss 0.3495 | Val F1 0.0587
[16:56:01]   Fold 1/5 | Epoch  10 | LR 0.000699 | Train Loss 0.3507 | Val Loss 0.3007 | Val F1 0.1425
[16:56:06]   Fold 1/5 | Epoch  20 | LR 0.000691 | Train Loss 0.2617 | Val Loss 0.2713 | Val F1 0.1950
[16:56:12]   Fold 1/5 | Epoch  30 | LR 0.000674 | Train Loss 0.1992 | Val Loss 0.5831 | Val F1 0.1894
[16:56:17]   Fold 1/5 | Epoch  40 | LR 0.000649 | Train Loss 0.1704 | Val Loss 0.2782 | Val F1 0.1978
[16:56:20]   Early stopping at epoch 45 (patience=25)
[16:56:20]  Fold 1 — Best Val Loss: 0.2713, F1@0.5: 0.1950
[16:56:20] 
============================================================
[16:56:20]  FOLD 2/5 — Train: 754, Val: 189
[16:56:20] ============================================================
[16:56:20]   Fold 2/5 | Epoch   1 | LR 0.000140 | Train Loss 0.4943 | Val Loss 0.3873 | Val F1 0.0710
[16:56:25]   Fold 2/5 | Epoch  10 | LR 0.000699 | Train Loss 0.3280 | Val Loss 0.5933 | Val F1 0.1226
[16:56:30]   Fold 2/5 | Epoch  20 | LR 0.000691 | Train Loss 0.2494 | Val Loss 0.5506 | Val F1 0.2039
[16:56:33]   Early stopping at epoch 26 (patience=25)
[16:56:33]  Fold 2 — Best Val Loss: 0.3873, F1@0.5: 0.0710
[16:56:33] 
============================================================
[16:56:33]  FOLD 3/5 — Train: 754, Val: 189
[16:56:33] ============================================================
[16:56:34]   Fold 3/5 | Epoch   1 | LR 0.000140 | Train Loss 0.5000 | Val Loss 0.3255 | Val F1 0.0577
[16:56:38]   Fold 3/5 | Epoch  10 | LR 0.000699 | Train Loss 0.3359 | Val Loss 0.3847 | Val F1 0.1592
[16:56:44]   Fold 3/5 | Epoch  20 | LR 0.000691 | Train Loss 0.2439 | Val Loss 0.3904 | Val F1 0.1906
[16:56:47]   Early stopping at epoch 27 (patience=25)
[16:56:47]  Fold 3 — Best Val Loss: 0.3220, F1@0.5: 0.0430
[16:56:47] 
============================================================
[16:56:47]  FOLD 4/5 — Train: 755, Val: 188
[16:56:47] ============================================================
[16:56:48]   Fold 4/5 | Epoch   1 | LR 0.000140 | Train Loss 0.5393 | Val Loss 0.3170 | Val F1 0.0618
[16:56:52]   Fold 4/5 | Epoch  10 | LR 0.000699 | Train Loss 0.3560 | Val Loss 0.2868 | Val F1 0.1551
[16:56:58]   Fold 4/5 | Epoch  20 | LR 0.000691 | Train Loss 0.2651 | Val Loss 0.3509 | Val F1 0.1223
[16:57:03]   Fold 4/5 | Epoch  30 | LR 0.000674 | Train Loss 0.2151 | Val Loss 0.8173 | Val F1 0.0884
[16:57:08]   Fold 4/5 | Epoch  40 | LR 0.000649 | Train Loss 0.1650 | Val Loss 0.3193 | Val F1 0.1675
[16:57:13]   Fold 4/5 | Epoch  50 | LR 0.000616 | Train Loss 0.1507 | Val Loss 1.1129 | Val F1 0.1986
[16:57:15]   Early stopping at epoch 53 (patience=25)
[16:57:15]  Fold 4 — Best Val Loss: 0.2714, F1@0.5: 0.1637
[16:57:15] 
============================================================
[16:57:15]  FOLD 5/5 — Train: 755, Val: 188
[16:57:15] ============================================================
[16:57:15]   Fold 5/5 | Epoch   1 | LR 0.000140 | Train Loss 0.4899 | Val Loss 0.2965 | Val F1 0.1218
[16:57:20]   Fold 5/5 | Epoch  10 | LR 0.000699 | Train Loss 0.3505 | Val Loss 0.2826 | Val F1 0.1347
[16:57:26]   Fold 5/5 | Epoch  20 | LR 0.000691 | Train Loss 0.2600 | Val Loss 0.7039 | Val F1 0.0948
[16:57:31]   Fold 5/5 | Epoch  30 | LR 0.000674 | Train Loss 0.2060 | Val Loss 0.5403 | Val F1 0.2389
[16:57:37]   Fold 5/5 | Epoch  40 | LR 0.000649 | Train Loss 0.1736 | Val Loss 0.7597 | Val F1 0.1649
[16:57:42]   Fold 5/5 | Epoch  50 | LR 0.000616 | Train Loss 0.1532 | Val Loss 0.9573 | Val F1 0.1702
[16:57:47]   Fold 5/5 | Epoch  60 | LR 0.000576 | Train Loss 0.1297 | Val Loss 0.3774 | Val F1 0.2065
[16:57:47]   Early stopping at epoch 60 (patience=25)
[16:57:47]  Fold 5 — Best Val Loss: 0.2459, F1@0.5: 0.2108
[16:57:47] 
============================================================
[16:57:47]  K-FOLD RESULTS
[16:57:47] ============================================================
[16:57:47]  F1@0.5 per fold: ['0.1950', '0.0710', '0.0430', '0.1637', '0.2108']
[16:57:47]  Mean F1@0.5: 0.1367 ± 0.0674
[16:57:47] 
 Tuning per-action thresholds...
[16:57:48]  Threshold range: [0.05, 0.75], mean=0.52
[16:57:48] 
 With tuned thresholds:
[16:57:48]   Macro F1:   0.2267
[16:57:48]   Micro F1:   0.3876
[16:57:48]   Sample F1:  0.3963
[16:57:48]   Precision:  0.2520
[16:57:48]   Recall:     0.5019
[16:57:48] 
 Per-action F1 (tuned threshold):
[16:57:48]   D3-CCSA: F1=0.1538 (t=0.75, support=17)
[16:57:48]   D3-CE: F1=0.0316 (t=0.35, support=14)
[16:57:48]   D3-CQ: F1=0.1631 (t=0.45, support=71)
[16:57:48]   D3-CR: F1=0.2000 (t=0.75, support=6)
[16:57:48]   D3-CRO: F1=0.3333 (t=0.55, support=3)
[16:57:48]   D3-DNSDL: F1=0.1081 (t=0.50, support=25)
[16:57:48]   D3-EAL: F1=0.0087 (t=0.50, support=3)
[16:57:48]   D3-EDL: F1=0.1412 (t=0.60, support=51)
[16:57:48]   D3-EI: F1=0.1111 (t=0.65, support=12)
[16:57:48]   D3-FA: F1=0.1667 (t=0.75, support=11)
[16:57:48]   D3-FAPA: F1=0.2740 (t=0.55, support=84)
[16:57:48]   D3-FCOA: F1=0.0147 (t=0.35, support=4)
[16:57:48]   D3-FEV: F1=0.5510 (t=0.40, support=356)
[16:57:48]   D3-FIM: F1=0.0541 (t=0.45, support=3)
[16:57:48]   D3-FR: F1=0.0444 (t=0.50, support=12)
[16:57:48]   D3-FRDDL: F1=0.3579 (t=0.55, support=44)
[16:57:48]   D3-NI: F1=0.5710 (t=0.35, support=364)
[16:57:48]   D3-NTA: F1=0.0571 (t=0.55, support=8)
[16:57:48]   D3-OTF: F1=0.4545 (t=0.40, support=262)
[16:57:48]   D3-PA: F1=0.1279 (t=0.50, support=52)
[16:57:48]   D3-PCSV: F1=0.2341 (t=0.50, support=98)
[16:57:48]   D3-PLA: F1=0.1100 (t=0.50, support=38)
[16:57:48]   D3-PSA: F1=0.4404 (t=0.40, support=264)
[16:57:48]   D3-PSMD: F1=0.3333 (t=0.55, support=3)
[16:57:48]   D3-PT: F1=0.9789 (t=0.05, support=904)
[16:57:48]   D3-RC: F1=0.2105 (t=0.70, support=12)
[16:57:48]   D3-RF: F1=0.3404 (t=0.55, support=22)
[16:57:48]   D3-RKD: F1=0.3801 (t=0.45, support=148)
[16:57:48]   D3-SCA: F1=0.1429 (t=0.75, support=13)
[16:57:48]   D3-SEA: F1=0.0103 (t=0.50, support=3)
[16:57:48]   D3-SICA: F1=0.2295 (t=0.55, support=84)
[16:57:48]   D3-SJA: F1=0.0148 (t=0.45, support=4)
[16:57:48]   D3-ST: F1=0.1333 (t=0.70, support=13)
[16:57:48]  Result: Macro F1=0.2267, Micro F1=0.3876, P=0.2520, R=0.5019 (111s)
[16:57:48]  Current best: Case 31 (w_sig=0.3, w_ttp=0.0, w_mbc=0.7) → Macro F1=0.2745
[16:57:48] 
[Case 36/66] w_sig=0.3, w_ttp=0.5, w_mbc=0.2
[16:57:48]  CNN Dataset: 943 samples, 478 features → 22x22 image
[16:57:48]  Device: cpu
[16:57:48] 
============================================================
[16:57:48]  FOLD 1/5 — Train: 754, Val: 189
[16:57:48] ============================================================
[16:57:48]  Model parameters: 65,505
[16:57:48]   Fold 1/5 | Epoch   1 | LR 0.000140 | Train Loss 0.5164 | Val Loss 0.3392 | Val F1 0.0647
[16:57:53]   Fold 1/5 | Epoch  10 | LR 0.000699 | Train Loss 0.3591 | Val Loss 0.2750 | Val F1 0.1358
[16:57:58]   Fold 1/5 | Epoch  20 | LR 0.000691 | Train Loss 0.2764 | Val Loss 0.5193 | Val F1 0.1036
[16:58:03]   Fold 1/5 | Epoch  30 | LR 0.000674 | Train Loss 0.2084 | Val Loss 0.3278 | Val F1 0.1215
[16:58:09]   Fold 1/5 | Epoch  40 | LR 0.000649 | Train Loss 0.1825 | Val Loss 0.9764 | Val F1 0.1310
[16:58:09]   Early stopping at epoch 41 (patience=25)
[16:58:09]  Fold 1 — Best Val Loss: 0.2706, F1@0.5: 0.1810
[16:58:09] 
============================================================
[16:58:09]  FOLD 2/5 — Train: 754, Val: 189
[16:58:09] ============================================================
[16:58:09]   Fold 2/5 | Epoch   1 | LR 0.000140 | Train Loss 0.4652 | Val Loss 0.3568 | Val F1 0.0991
[16:58:14]   Fold 2/5 | Epoch  10 | LR 0.000699 | Train Loss 0.3251 | Val Loss 0.4932 | Val F1 0.1542
[16:58:19]   Fold 2/5 | Epoch  20 | LR 0.000691 | Train Loss 0.2488 | Val Loss 1.3827 | Val F1 0.1474
[16:58:23]   Early stopping at epoch 26 (patience=25)
[16:58:23]  Fold 2 — Best Val Loss: 0.3568, F1@0.5: 0.0991
[16:58:23] 
============================================================
[16:58:23]  FOLD 3/5 — Train: 754, Val: 189
[16:58:23] ============================================================
[16:58:23]   Fold 3/5 | Epoch   1 | LR 0.000140 | Train Loss 0.4867 | Val Loss 0.3649 | Val F1 0.1030
[16:58:27]   Fold 3/5 | Epoch  10 | LR 0.000699 | Train Loss 0.3421 | Val Loss 0.3426 | Val F1 0.1452
[16:58:33]   Fold 3/5 | Epoch  20 | LR 0.000691 | Train Loss 0.2632 | Val Loss 0.3411 | Val F1 0.1234
[16:58:39]   Fold 3/5 | Epoch  30 | LR 0.000674 | Train Loss 0.2069 | Val Loss 0.4196 | Val F1 0.1512
[16:58:39]   Early stopping at epoch 32 (patience=25)
[16:58:39]  Fold 3 — Best Val Loss: 0.3281, F1@0.5: 0.1272
[16:58:39] 
============================================================
[16:58:39]  FOLD 4/5 — Train: 755, Val: 188
[16:58:39] ============================================================
[16:58:40]   Fold 4/5 | Epoch   1 | LR 0.000140 | Train Loss 0.5489 | Val Loss 0.3141 | Val F1 0.0698
[16:58:45]   Fold 4/5 | Epoch  10 | LR 0.000699 | Train Loss 0.3508 | Val Loss 0.3007 | Val F1 0.1460
[16:58:50]   Fold 4/5 | Epoch  20 | LR 0.000691 | Train Loss 0.2698 | Val Loss 0.3549 | Val F1 0.1348
[16:58:55]   Fold 4/5 | Epoch  30 | LR 0.000674 | Train Loss 0.2040 | Val Loss 0.3822 | Val F1 0.1646
[16:58:57]   Early stopping at epoch 33 (patience=25)
[16:58:57]  Fold 4 — Best Val Loss: 0.2797, F1@0.5: 0.1514
[16:58:57] 
============================================================
[16:58:57]  FOLD 5/5 — Train: 755, Val: 188
[16:58:57] ============================================================
[16:58:57]   Fold 5/5 | Epoch   1 | LR 0.000140 | Train Loss 0.5328 | Val Loss 0.3353 | Val F1 0.0768
[16:59:02]   Fold 5/5 | Epoch  10 | LR 0.000699 | Train Loss 0.3415 | Val Loss 0.2852 | Val F1 0.1477
[16:59:07]   Fold 5/5 | Epoch  20 | LR 0.000691 | Train Loss 0.2752 | Val Loss 0.4961 | Val F1 0.1437
[16:59:12]   Fold 5/5 | Epoch  30 | LR 0.000674 | Train Loss 0.2182 | Val Loss 0.3918 | Val F1 0.1672
[16:59:17]   Fold 5/5 | Epoch  40 | LR 0.000649 | Train Loss 0.1791 | Val Loss 1.1952 | Val F1 0.1212
[16:59:19]   Early stopping at epoch 43 (patience=25)
[16:59:19]  Fold 5 — Best Val Loss: 0.2544, F1@0.5: 0.1873
[16:59:19] 
============================================================
[16:59:19]  K-FOLD RESULTS
[16:59:19] ============================================================
[16:59:19]  F1@0.5 per fold: ['0.1810', '0.0991', '0.1272', '0.1514', '0.1873']
[16:59:19]  Mean F1@0.5: 0.1492 ± 0.0331
[16:59:19] 
 Tuning per-action thresholds...
[16:59:20]  Threshold range: [0.05, 0.60], mean=0.46
[16:59:20] 
 With tuned thresholds:
[16:59:20]   Macro F1:   0.1854
[16:59:20]   Micro F1:   0.2973
[16:59:20]   Sample F1:  0.3074
[16:59:20]   Precision:  0.1587
[16:59:20]   Recall:     0.6257
[16:59:20] 
 Per-action F1 (tuned threshold):
[16:59:20]   D3-CCSA: F1=0.0631 (t=0.55, support=17)
[16:59:20]   D3-CE: F1=0.0548 (t=0.50, support=14)
[16:59:20]   D3-CQ: F1=0.1462 (t=0.45, support=71)
[16:59:20]   D3-CR: F1=0.2000 (t=0.55, support=6)
[16:59:20]   D3-CRO: F1=0.0080 (t=0.30, support=3)
[16:59:20]   D3-DNSDL: F1=0.0732 (t=0.50, support=25)
[16:59:20]   D3-EAL: F1=0.0104 (t=0.50, support=3)
[16:59:20]   D3-EDL: F1=0.1082 (t=0.45, support=51)
[16:59:20]   D3-EI: F1=0.0465 (t=0.50, support=12)
[16:59:20]   D3-FA: F1=0.0444 (t=0.55, support=11)
[16:59:20]   D3-FAPA: F1=0.4937 (t=0.55, support=84)
[16:59:20]   D3-FCOA: F1=0.0110 (t=0.35, support=4)
[16:59:20]   D3-FEV: F1=0.5590 (t=0.45, support=356)
[16:59:20]   D3-FIM: F1=0.0377 (t=0.45, support=3)
[16:59:20]   D3-FR: F1=0.0375 (t=0.45, support=12)
[16:59:20]   D3-FRDDL: F1=0.2500 (t=0.55, support=44)
[16:59:20]   D3-NI: F1=0.5785 (t=0.50, support=364)
[16:59:20]   D3-NTA: F1=0.0177 (t=0.30, support=8)
[16:59:20]   D3-OTF: F1=0.4492 (t=0.45, support=262)
[16:59:20]   D3-PA: F1=0.1137 (t=0.45, support=52)
[16:59:20]   D3-PCSV: F1=0.2122 (t=0.45, support=98)
[16:59:20]   D3-PLA: F1=0.1027 (t=0.45, support=38)
[16:59:20]   D3-PSA: F1=0.4401 (t=0.45, support=264)
[16:59:20]   D3-PSMD: F1=0.0202 (t=0.45, support=3)
[16:59:20]   D3-PT: F1=0.9789 (t=0.05, support=904)
[16:59:20]   D3-RC: F1=0.1429 (t=0.50, support=12)
[16:59:20]   D3-RF: F1=0.2069 (t=0.60, support=22)
[16:59:20]   D3-RKD: F1=0.3693 (t=0.50, support=148)
[16:59:20]   D3-SCA: F1=0.0476 (t=0.55, support=13)
[16:59:20]   D3-SEA: F1=0.0102 (t=0.50, support=3)
[16:59:20]   D3-SICA: F1=0.2194 (t=0.50, support=84)
[16:59:20]   D3-SJA: F1=0.0349 (t=0.45, support=4)
[16:59:20]   D3-ST: F1=0.0290 (t=0.35, support=13)
[16:59:20]  Result: Macro F1=0.1854, Micro F1=0.2973, P=0.1587, R=0.6257 (92s)
[16:59:20]  Current best: Case 31 (w_sig=0.3, w_ttp=0.0, w_mbc=0.7) → Macro F1=0.2745
[16:59:20] 
[Case 37/66] w_sig=0.3, w_ttp=0.6, w_mbc=0.1
[16:59:20]  CNN Dataset: 943 samples, 478 features → 22x22 image
[16:59:20]  Device: cpu
[16:59:20] 
============================================================
[16:59:20]  FOLD 1/5 — Train: 754, Val: 189
[16:59:20] ============================================================
[16:59:20]  Model parameters: 65,505
[16:59:20]   Fold 1/5 | Epoch   1 | LR 0.000140 | Train Loss 0.5163 | Val Loss 0.3330 | Val F1 0.0647
[16:59:25]   Fold 1/5 | Epoch  10 | LR 0.000699 | Train Loss 0.3602 | Val Loss 0.2887 | Val F1 0.1298
[16:59:30]   Fold 1/5 | Epoch  20 | LR 0.000691 | Train Loss 0.2861 | Val Loss 0.5155 | Val F1 0.1434
[16:59:35]   Fold 1/5 | Epoch  30 | LR 0.000674 | Train Loss 0.2170 | Val Loss 0.3782 | Val F1 0.1274
[16:59:41]   Fold 1/5 | Epoch  40 | LR 0.000649 | Train Loss 0.1935 | Val Loss 0.8188 | Val F1 0.1665
[16:59:45]   Fold 1/5 | Epoch  50 | LR 0.000616 | Train Loss 0.1626 | Val Loss 3.1873 | Val F1 0.1384
[16:59:51]   Fold 1/5 | Epoch  60 | LR 0.000576 | Train Loss 0.1464 | Val Loss 0.5386 | Val F1 0.1889
[16:59:55]   Fold 1/5 | Epoch  70 | LR 0.000530 | Train Loss 0.1393 | Val Loss 0.7007 | Val F1 0.1716
[16:59:56]   Early stopping at epoch 72 (patience=25)
[16:59:56]  Fold 1 — Best Val Loss: 0.2586, F1@0.5: 0.2209
[16:59:56] 
============================================================
[16:59:56]  FOLD 2/5 — Train: 754, Val: 189
[16:59:56] ============================================================
[16:59:57]   Fold 2/5 | Epoch   1 | LR 0.000140 | Train Loss 0.4959 | Val Loss 0.4038 | Val F1 0.0772
[17:00:02]   Fold 2/5 | Epoch  10 | LR 0.000699 | Train Loss 0.3285 | Val Loss 0.4287 | Val F1 0.1367
[17:00:07]   Fold 2/5 | Epoch  20 | LR 0.000691 | Train Loss 0.2582 | Val Loss 1.3619 | Val F1 0.1438
[17:00:12]   Early stopping at epoch 29 (patience=25)
[17:00:12]  Fold 2 — Best Val Loss: 0.3858, F1@0.5: 0.1053
[17:00:12] 
============================================================
[17:00:12]  FOLD 3/5 — Train: 754, Val: 189
[17:00:12] ============================================================
[17:00:12]   Fold 3/5 | Epoch   1 | LR 0.000140 | Train Loss 0.4908 | Val Loss 0.3455 | Val F1 0.0291
[17:00:17]   Fold 3/5 | Epoch  10 | LR 0.000699 | Train Loss 0.3452 | Val Loss 0.3359 | Val F1 0.1523
[17:00:22]   Fold 3/5 | Epoch  20 | LR 0.000691 | Train Loss 0.2589 | Val Loss 0.3556 | Val F1 0.1347
[17:00:27]   Fold 3/5 | Epoch  30 | LR 0.000674 | Train Loss 0.2117 | Val Loss 0.4616 | Val F1 0.1505
[17:00:29]   Early stopping at epoch 33 (patience=25)
[17:00:29]  Fold 3 — Best Val Loss: 0.3235, F1@0.5: 0.1334
[17:00:29] 
============================================================
[17:00:29]  FOLD 4/5 — Train: 755, Val: 188
[17:00:29] ============================================================
[17:00:29]   Fold 4/5 | Epoch   1 | LR 0.000140 | Train Loss 0.4944 | Val Loss 0.3163 | Val F1 0.0890
[17:00:34]   Fold 4/5 | Epoch  10 | LR 0.000699 | Train Loss 0.3620 | Val Loss 0.2853 | Val F1 0.1406
[17:00:39]   Fold 4/5 | Epoch  20 | LR 0.000691 | Train Loss 0.2701 | Val Loss 0.4189 | Val F1 0.1114
[17:00:44]   Fold 4/5 | Epoch  30 | LR 0.000674 | Train Loss 0.2078 | Val Loss 0.9286 | Val F1 0.1060
[17:00:49]   Fold 4/5 | Epoch  40 | LR 0.000649 | Train Loss 0.1874 | Val Loss 0.3584 | Val F1 0.1663
[17:00:50]   Early stopping at epoch 42 (patience=25)
[17:00:50]  Fold 4 — Best Val Loss: 0.2771, F1@0.5: 0.1586
[17:00:50] 
============================================================
[17:00:50]  FOLD 5/5 — Train: 755, Val: 188
[17:00:50] ============================================================
[17:00:51]   Fold 5/5 | Epoch   1 | LR 0.000140 | Train Loss 0.4765 | Val Loss 0.2994 | Val F1 0.0312
[17:00:56]   Fold 5/5 | Epoch  10 | LR 0.000699 | Train Loss 0.3675 | Val Loss 0.2806 | Val F1 0.1184
[17:01:01]   Fold 5/5 | Epoch  20 | LR 0.000691 | Train Loss 0.3019 | Val Loss 0.2664 | Val F1 0.1686
[17:01:06]   Fold 5/5 | Epoch  30 | LR 0.000674 | Train Loss 0.2211 | Val Loss 0.4214 | Val F1 0.1211
[17:01:11]   Fold 5/5 | Epoch  40 | LR 0.000649 | Train Loss 0.1972 | Val Loss 0.4945 | Val F1 0.1698
[17:01:14]   Early stopping at epoch 45 (patience=25)
[17:01:14]  Fold 5 — Best Val Loss: 0.2664, F1@0.5: 0.1686
[17:01:14] 
============================================================
[17:01:14]  K-FOLD RESULTS
[17:01:14] ============================================================
[17:01:14]  F1@0.5 per fold: ['0.2209', '0.1053', '0.1334', '0.1586', '0.1686']
[17:01:14]  Mean F1@0.5: 0.1573 ± 0.0386
[17:01:14] 
 Tuning per-action thresholds...
[17:01:14]  Threshold range: [0.05, 0.65], mean=0.48
[17:01:14] 
 With tuned thresholds:
[17:01:14]   Macro F1:   0.2131
[17:01:14]   Micro F1:   0.3898
[17:01:14]   Sample F1:  0.3959
[17:01:14]   Precision:  0.1868
[17:01:14]   Recall:     0.4841
[17:01:14] 
 Per-action F1 (tuned threshold):
[17:01:14]   D3-CCSA: F1=0.1176 (t=0.65, support=17)
[17:01:14]   D3-CE: F1=0.0625 (t=0.55, support=14)
[17:01:14]   D3-CQ: F1=0.1925 (t=0.50, support=71)
[17:01:14]   D3-CR: F1=0.1429 (t=0.60, support=6)
[17:01:14]   D3-CRO: F1=0.0082 (t=0.40, support=3)
[17:01:14]   D3-DNSDL: F1=0.1702 (t=0.55, support=25)
[17:01:14]   D3-EAL: F1=0.0173 (t=0.40, support=3)
[17:01:14]   D3-EDL: F1=0.1744 (t=0.55, support=51)
[17:01:14]   D3-EI: F1=0.1176 (t=0.60, support=12)
[17:01:14]   D3-FA: F1=0.0256 (t=0.40, support=11)
[17:01:14]   D3-FAPA: F1=0.3544 (t=0.55, support=84)
[17:01:14]   D3-FCOA: F1=0.0106 (t=0.30, support=4)
[17:01:14]   D3-FEV: F1=0.5608 (t=0.40, support=356)
[17:01:14]   D3-FIM: F1=0.1000 (t=0.60, support=3)
[17:01:14]   D3-FR: F1=0.1905 (t=0.55, support=12)
[17:01:14]   D3-FRDDL: F1=0.3099 (t=0.55, support=44)
[17:01:14]   D3-NI: F1=0.5781 (t=0.45, support=364)
[17:01:14]   D3-NTA: F1=0.0769 (t=0.60, support=8)
[17:01:14]   D3-OTF: F1=0.4563 (t=0.45, support=262)
[17:01:14]   D3-PA: F1=0.1321 (t=0.45, support=52)
[17:01:14]   D3-PCSV: F1=0.2179 (t=0.50, support=98)
[17:01:14]   D3-PLA: F1=0.1972 (t=0.55, support=38)
[17:01:14]   D3-PSA: F1=0.4492 (t=0.45, support=264)
[17:01:14]   D3-PSMD: F1=0.0126 (t=0.35, support=3)
[17:01:14]   D3-PT: F1=0.9789 (t=0.05, support=904)
[17:01:14]   D3-RC: F1=0.2353 (t=0.55, support=12)
[17:01:14]   D3-RF: F1=0.2857 (t=0.55, support=22)
[17:01:14]   D3-RKD: F1=0.3788 (t=0.50, support=148)
[17:01:14]   D3-SCA: F1=0.1000 (t=0.60, support=13)
[17:01:14]   D3-SEA: F1=0.0116 (t=0.40, support=3)
[17:01:14]   D3-SICA: F1=0.2814 (t=0.50, support=84)
[17:01:14]   D3-SJA: F1=0.0220 (t=0.35, support=4)
[17:01:14]   D3-ST: F1=0.0635 (t=0.55, support=13)
[17:01:14]  Result: Macro F1=0.2131, Micro F1=0.3898, P=0.1868, R=0.4841 (115s)
[17:01:14]  Current best: Case 31 (w_sig=0.3, w_ttp=0.0, w_mbc=0.7) → Macro F1=0.2745
[17:01:14] 
[Case 38/66] w_sig=0.3, w_ttp=0.7, w_mbc=0.0
[17:01:14]  CNN Dataset: 943 samples, 478 features → 22x22 image
[17:01:14]  Device: cpu
[17:01:14] 
============================================================
[17:01:14]  FOLD 1/5 — Train: 754, Val: 189
[17:01:14] ============================================================
[17:01:14]  Model parameters: 65,505
[17:01:15]   Fold 1/5 | Epoch   1 | LR 0.000140 | Train Loss 0.5159 | Val Loss 0.3306 | Val F1 0.0647
[17:01:19]   Fold 1/5 | Epoch  10 | LR 0.000699 | Train Loss 0.3650 | Val Loss 0.3020 | Val F1 0.1396
[17:01:25]   Fold 1/5 | Epoch  20 | LR 0.000691 | Train Loss 0.2840 | Val Loss 0.2675 | Val F1 0.1981
[17:01:30]   Fold 1/5 | Epoch  30 | LR 0.000674 | Train Loss 0.2209 | Val Loss 0.6850 | Val F1 0.1562
[17:01:35]   Fold 1/5 | Epoch  40 | LR 0.000649 | Train Loss 0.1901 | Val Loss 0.4326 | Val F1 0.1955
[17:01:40]   Fold 1/5 | Epoch  50 | LR 0.000616 | Train Loss 0.1682 | Val Loss 2.3377 | Val F1 0.1163
[17:01:44]   Early stopping at epoch 59 (patience=25)
[17:01:44]  Fold 1 — Best Val Loss: 0.2626, F1@0.5: 0.2217
[17:01:44] 
============================================================
[17:01:44]  FOLD 2/5 — Train: 754, Val: 189
[17:01:44] ============================================================
[17:01:45]   Fold 2/5 | Epoch   1 | LR 0.000140 | Train Loss 0.4952 | Val Loss 0.3600 | Val F1 0.1296
[17:01:50]   Fold 2/5 | Epoch  10 | LR 0.000699 | Train Loss 0.3292 | Val Loss 0.4596 | Val F1 0.1489
[17:01:55]   Fold 2/5 | Epoch  20 | LR 0.000691 | Train Loss 0.2607 | Val Loss 0.4033 | Val F1 0.1882
[17:01:58]   Early stopping at epoch 26 (patience=25)
[17:01:58]  Fold 2 — Best Val Loss: 0.3600, F1@0.5: 0.1296
[17:01:58] 
============================================================
[17:01:58]  FOLD 3/5 — Train: 754, Val: 189
[17:01:58] ============================================================
[17:01:58]   Fold 3/5 | Epoch   1 | LR 0.000140 | Train Loss 0.4833 | Val Loss 0.3446 | Val F1 0.0630
[17:02:04]   Fold 3/5 | Epoch  10 | LR 0.000699 | Train Loss 0.3413 | Val Loss 0.3439 | Val F1 0.1453
[17:02:08]   Fold 3/5 | Epoch  20 | LR 0.000691 | Train Loss 0.2655 | Val Loss 0.4212 | Val F1 0.1887
[17:02:14]   Fold 3/5 | Epoch  30 | LR 0.000674 | Train Loss 0.2141 | Val Loss 0.5248 | Val F1 0.2038
[17:02:19]   Fold 3/5 | Epoch  40 | LR 0.000649 | Train Loss 0.1753 | Val Loss 0.5667 | Val F1 0.1864
[17:02:24]   Early stopping at epoch 49 (patience=25)
[17:02:24]  Fold 3 — Best Val Loss: 0.3271, F1@0.5: 0.1882
[17:02:24] 
============================================================
[17:02:24]  FOLD 4/5 — Train: 755, Val: 188
[17:02:24] ============================================================
[17:02:24]   Fold 4/5 | Epoch   1 | LR 0.000140 | Train Loss 0.4948 | Val Loss 0.3120 | Val F1 0.0886
[17:02:29]   Fold 4/5 | Epoch  10 | LR 0.000699 | Train Loss 0.3673 | Val Loss 0.2836 | Val F1 0.1456
[17:02:35]   Fold 4/5 | Epoch  20 | LR 0.000691 | Train Loss 0.2803 | Val Loss 0.3814 | Val F1 0.1324
[17:02:40]   Fold 4/5 | Epoch  30 | LR 0.000674 | Train Loss 0.2191 | Val Loss 0.4680 | Val F1 0.1544
[17:02:45]   Fold 4/5 | Epoch  40 | LR 0.000649 | Train Loss 0.1970 | Val Loss 0.2624 | Val F1 0.2061
[17:02:50]   Fold 4/5 | Epoch  50 | LR 0.000616 | Train Loss 0.1694 | Val Loss 1.5539 | Val F1 0.1162
[17:02:50]   Early stopping at epoch 50 (patience=25)
[17:02:50]  Fold 4 — Best Val Loss: 0.2561, F1@0.5: 0.1708
[17:02:50] 
============================================================
[17:02:50]  FOLD 5/5 — Train: 755, Val: 188
[17:02:50] ============================================================
[17:02:50]   Fold 5/5 | Epoch   1 | LR 0.000140 | Train Loss 0.4945 | Val Loss 0.2924 | Val F1 0.1018
[17:02:55]   Fold 5/5 | Epoch  10 | LR 0.000699 | Train Loss 0.3585 | Val Loss 0.3003 | Val F1 0.1219
[17:03:01]   Fold 5/5 | Epoch  20 | LR 0.000691 | Train Loss 0.2850 | Val Loss 0.2789 | Val F1 0.1884
[17:03:06]   Fold 5/5 | Epoch  30 | LR 0.000674 | Train Loss 0.2290 | Val Loss 0.5296 | Val F1 0.1146
[17:03:10]   Fold 5/5 | Epoch  40 | LR 0.000649 | Train Loss 0.1982 | Val Loss 0.3793 | Val F1 0.2189
[17:03:16]   Fold 5/5 | Epoch  50 | LR 0.000616 | Train Loss 0.1752 | Val Loss 0.3260 | Val F1 0.2848
[17:03:17]   Early stopping at epoch 52 (patience=25)
[17:03:17]  Fold 5 — Best Val Loss: 0.2489, F1@0.5: 0.2163
[17:03:17] 
============================================================
[17:03:17]  K-FOLD RESULTS
[17:03:17] ============================================================
[17:03:17]  F1@0.5 per fold: ['0.2217', '0.1296', '0.1882', '0.1708', '0.2163']
[17:03:17]  Mean F1@0.5: 0.1853 ± 0.0335
[17:03:17] 
 Tuning per-action thresholds...
[17:03:17]  Threshold range: [0.05, 0.70], mean=0.50
[17:03:17] 
 With tuned thresholds:
[17:03:17]   Macro F1:   0.2119
[17:03:17]   Micro F1:   0.3924
[17:03:17]   Sample F1:  0.4112
[17:03:17]   Precision:  0.1660
[17:03:17]   Recall:     0.5374
[17:03:17] 
 Per-action F1 (tuned threshold):
[17:03:17]   D3-CCSA: F1=0.1333 (t=0.70, support=17)
[17:03:17]   D3-CE: F1=0.1163 (t=0.60, support=14)
[17:03:17]   D3-CQ: F1=0.1736 (t=0.45, support=71)
[17:03:17]   D3-CR: F1=0.0429 (t=0.55, support=6)
[17:03:17]   D3-CRO: F1=0.0909 (t=0.55, support=3)
[17:03:17]   D3-DNSDL: F1=0.0952 (t=0.60, support=25)
[17:03:17]   D3-EAL: F1=0.0108 (t=0.30, support=3)
[17:03:17]   D3-EDL: F1=0.1471 (t=0.50, support=51)
[17:03:17]   D3-EI: F1=0.1250 (t=0.65, support=12)
[17:03:17]   D3-FA: F1=0.0550 (t=0.50, support=11)
[17:03:17]   D3-FAPA: F1=0.3063 (t=0.45, support=84)
[17:03:17]   D3-FCOA: F1=0.0146 (t=0.25, support=4)
[17:03:17]   D3-FEV: F1=0.5965 (t=0.45, support=356)
[17:03:17]   D3-FIM: F1=0.0833 (t=0.55, support=3)
[17:03:17]   D3-FR: F1=0.1739 (t=0.55, support=12)
[17:03:17]   D3-FRDDL: F1=0.4715 (t=0.50, support=44)
[17:03:17]   D3-NI: F1=0.6006 (t=0.50, support=364)
[17:03:17]   D3-NTA: F1=0.0317 (t=0.55, support=8)
[17:03:17]   D3-OTF: F1=0.4508 (t=0.50, support=262)
[17:03:17]   D3-PA: F1=0.1333 (t=0.50, support=52)
[17:03:17]   D3-PCSV: F1=0.2072 (t=0.50, support=98)
[17:03:17]   D3-PLA: F1=0.1105 (t=0.50, support=38)
[17:03:17]   D3-PSA: F1=0.4419 (t=0.50, support=264)
[17:03:17]   D3-PSMD: F1=0.0833 (t=0.50, support=3)
[17:03:17]   D3-PT: F1=0.9789 (t=0.05, support=904)
[17:03:17]   D3-RC: F1=0.2400 (t=0.65, support=12)
[17:03:17]   D3-RF: F1=0.1355 (t=0.45, support=22)
[17:03:17]   D3-RKD: F1=0.4301 (t=0.45, support=148)
[17:03:17]   D3-SCA: F1=0.0416 (t=0.45, support=13)
[17:03:17]   D3-SEA: F1=0.0114 (t=0.40, support=3)
[17:03:17]   D3-SICA: F1=0.3516 (t=0.55, support=84)
[17:03:17]   D3-SJA: F1=0.0465 (t=0.60, support=4)
[17:03:17]   D3-ST: F1=0.0625 (t=0.70, support=13)
[17:03:17]  Result: Macro F1=0.2119, Micro F1=0.3924, P=0.1660, R=0.5374 (123s)
[17:03:18]  Current best: Case 31 (w_sig=0.3, w_ttp=0.0, w_mbc=0.7) → Macro F1=0.2745
[17:03:18] 
[Case 39/66] w_sig=0.4, w_ttp=0.0, w_mbc=0.6
[17:03:18]  CNN Dataset: 943 samples, 478 features → 22x22 image
[17:03:18]  Device: cpu
[17:03:18] 
============================================================
[17:03:18]  FOLD 1/5 — Train: 754, Val: 189
[17:03:18] ============================================================
[17:03:18]  Model parameters: 65,505
[17:03:18]   Fold 1/5 | Epoch   1 | LR 0.000140 | Train Loss 0.5163 | Val Loss 0.3262 | Val F1 0.0654
[17:03:23]   Fold 1/5 | Epoch  10 | LR 0.000699 | Train Loss 0.3501 | Val Loss 0.2809 | Val F1 0.1948
[17:03:28]   Fold 1/5 | Epoch  20 | LR 0.000691 | Train Loss 0.2643 | Val Loss 0.5475 | Val F1 0.1110
[17:03:33]   Fold 1/5 | Epoch  30 | LR 0.000674 | Train Loss 0.2202 | Val Loss 0.3107 | Val F1 0.2031
[17:03:38]   Fold 1/5 | Epoch  40 | LR 0.000649 | Train Loss 0.1999 | Val Loss 0.2749 | Val F1 0.2293
[17:03:43]   Early stopping at epoch 49 (patience=25)
[17:03:43]  Fold 1 — Best Val Loss: 0.2597, F1@0.5: 0.2425
[17:03:43] 
============================================================
[17:03:43]  FOLD 2/5 — Train: 754, Val: 189
[17:03:43] ============================================================
[17:03:43]   Fold 2/5 | Epoch   1 | LR 0.000140 | Train Loss 0.4811 | Val Loss 0.3670 | Val F1 0.0722
[17:03:48]   Fold 2/5 | Epoch  10 | LR 0.000699 | Train Loss 0.3186 | Val Loss 0.3921 | Val F1 0.1718
[17:03:53]   Fold 2/5 | Epoch  20 | LR 0.000691 | Train Loss 0.2519 | Val Loss 0.3504 | Val F1 0.2400
[17:03:58]   Fold 2/5 | Epoch  30 | LR 0.000674 | Train Loss 0.2096 | Val Loss 0.6173 | Val F1 0.1776
[17:04:03]   Fold 2/5 | Epoch  40 | LR 0.000649 | Train Loss 0.1825 | Val Loss 0.4964 | Val F1 0.2296
[17:04:06]   Early stopping at epoch 45 (patience=25)
[17:04:06]  Fold 2 — Best Val Loss: 0.3504, F1@0.5: 0.2400
[17:04:06] 
============================================================
[17:04:06]  FOLD 3/5 — Train: 754, Val: 189
[17:04:06] ============================================================
[17:04:06]   Fold 3/5 | Epoch   1 | LR 0.000140 | Train Loss 0.4847 | Val Loss 0.3328 | Val F1 0.0672
[17:04:11]   Fold 3/5 | Epoch  10 | LR 0.000699 | Train Loss 0.3303 | Val Loss 0.3835 | Val F1 0.1648
[17:04:16]   Fold 3/5 | Epoch  20 | LR 0.000691 | Train Loss 0.2563 | Val Loss 0.3684 | Val F1 0.2077
[17:04:21]   Fold 3/5 | Epoch  30 | LR 0.000674 | Train Loss 0.2212 | Val Loss 0.4527 | Val F1 0.2362
[17:04:21]   Early stopping at epoch 31 (patience=25)
[17:04:22]  Fold 3 — Best Val Loss: 0.3180, F1@0.5: 0.1491
[17:04:22] 
============================================================
[17:04:22]  FOLD 4/5 — Train: 755, Val: 188
[17:04:22] ============================================================
[17:04:22]   Fold 4/5 | Epoch   1 | LR 0.000140 | Train Loss 0.4925 | Val Loss 0.2992 | Val F1 0.0690
[17:04:27]   Fold 4/5 | Epoch  10 | LR 0.000699 | Train Loss 0.3478 | Val Loss 0.2895 | Val F1 0.1756
[17:04:32]   Fold 4/5 | Epoch  20 | LR 0.000691 | Train Loss 0.2790 | Val Loss 0.2641 | Val F1 0.2196
[17:04:37]   Fold 4/5 | Epoch  30 | LR 0.000674 | Train Loss 0.2313 | Val Loss 0.2948 | Val F1 0.1825
[17:04:42]   Fold 4/5 | Epoch  40 | LR 0.000649 | Train Loss 0.1973 | Val Loss 0.3867 | Val F1 0.1820
[17:04:44]   Early stopping at epoch 45 (patience=25)
[17:04:45]  Fold 4 — Best Val Loss: 0.2641, F1@0.5: 0.2196
[17:04:45] 
============================================================
[17:04:45]  FOLD 5/5 — Train: 755, Val: 188
[17:04:45] ============================================================
[17:04:45]   Fold 5/5 | Epoch   1 | LR 0.000140 | Train Loss 0.5510 | Val Loss 0.3311 | Val F1 0.0818
[17:04:50]   Fold 5/5 | Epoch  10 | LR 0.000699 | Train Loss 0.3432 | Val Loss 0.2731 | Val F1 0.1646
[17:04:55]   Fold 5/5 | Epoch  20 | LR 0.000691 | Train Loss 0.2636 | Val Loss 0.3243 | Val F1 0.2277
[17:05:00]   Fold 5/5 | Epoch  30 | LR 0.000674 | Train Loss 0.2266 | Val Loss 0.2584 | Val F1 0.1986
[17:05:05]   Fold 5/5 | Epoch  40 | LR 0.000649 | Train Loss 0.1945 | Val Loss 0.3915 | Val F1 0.2236
[17:05:10]   Fold 5/5 | Epoch  50 | LR 0.000616 | Train Loss 0.1709 | Val Loss 0.5344 | Val F1 0.1667
[17:05:15]   Fold 5/5 | Epoch  60 | LR 0.000576 | Train Loss 0.1520 | Val Loss 0.3236 | Val F1 0.2081
[17:05:17]   Early stopping at epoch 63 (patience=25)
[17:05:17]  Fold 5 — Best Val Loss: 0.2110, F1@0.5: 0.2254
[17:05:17] 
============================================================
[17:05:17]  K-FOLD RESULTS
[17:05:17] ============================================================
[17:05:17]  F1@0.5 per fold: ['0.2425', '0.2400', '0.1491', '0.2196', '0.2254']
[17:05:17]  Mean F1@0.5: 0.2153 ± 0.0342
[17:05:17] 
 Tuning per-action thresholds...
[17:05:18]  Threshold range: [0.05, 0.80], mean=0.54
[17:05:18] 
 With tuned thresholds:
[17:05:18]   Macro F1:   0.2727
[17:05:18]   Micro F1:   0.5069
[17:05:18]   Sample F1:  0.5011
[17:05:18]   Precision:  0.2591
[17:05:18]   Recall:     0.4422
[17:05:18] 
 Per-action F1 (tuned threshold):
[17:05:18]   D3-CCSA: F1=0.1818 (t=0.80, support=17)
[17:05:18]   D3-CE: F1=0.0750 (t=0.60, support=14)
[17:05:18]   D3-CQ: F1=0.1854 (t=0.50, support=71)
[17:05:18]   D3-CR: F1=0.2222 (t=0.75, support=6)
[17:05:18]   D3-CRO: F1=0.2667 (t=0.50, support=3)
[17:05:18]   D3-DNSDL: F1=0.2712 (t=0.55, support=25)
[17:05:18]   D3-EAL: F1=0.0151 (t=0.35, support=3)
[17:05:18]   D3-EDL: F1=0.1566 (t=0.55, support=51)
[17:05:18]   D3-EI: F1=0.0741 (t=0.65, support=12)
[17:05:18]   D3-FA: F1=0.1333 (t=0.70, support=11)
[17:05:18]   D3-FAPA: F1=0.5391 (t=0.50, support=84)
[17:05:18]   D3-FCOA: F1=0.0488 (t=0.50, support=4)
[17:05:18]   D3-FEV: F1=0.5811 (t=0.45, support=356)
[17:05:18]   D3-FIM: F1=0.6667 (t=0.55, support=3)
[17:05:18]   D3-FR: F1=0.0392 (t=0.45, support=12)
[17:05:18]   D3-FRDDL: F1=0.4386 (t=0.55, support=44)
[17:05:18]   D3-NI: F1=0.5952 (t=0.45, support=364)
[17:05:18]   D3-NTA: F1=0.1538 (t=0.75, support=8)
[17:05:18]   D3-OTF: F1=0.4727 (t=0.50, support=262)
[17:05:18]   D3-PA: F1=0.1711 (t=0.55, support=52)
[17:05:18]   D3-PCSV: F1=0.2577 (t=0.55, support=98)
[17:05:18]   D3-PLA: F1=0.1837 (t=0.60, support=38)
[17:05:18]   D3-PSA: F1=0.4559 (t=0.45, support=264)
[17:05:18]   D3-PSMD: F1=0.0140 (t=0.40, support=3)
[17:05:18]   D3-PT: F1=0.9789 (t=0.05, support=904)
[17:05:18]   D3-RC: F1=0.1633 (t=0.60, support=12)
[17:05:18]   D3-RF: F1=0.4545 (t=0.60, support=22)
[17:05:18]   D3-RKD: F1=0.4950 (t=0.55, support=148)
[17:05:18]   D3-SCA: F1=0.0833 (t=0.65, support=13)
[17:05:18]   D3-SEA: F1=0.0183 (t=0.35, support=3)
[17:05:18]   D3-SICA: F1=0.4464 (t=0.50, support=84)
[17:05:18]   D3-SJA: F1=0.0260 (t=0.45, support=4)
[17:05:18]   D3-ST: F1=0.1333 (t=0.75, support=13)
[17:05:18]  Result: Macro F1=0.2727, Micro F1=0.5069, P=0.2591, R=0.4422 (120s)
[17:05:18]  Current best: Case 31 (w_sig=0.3, w_ttp=0.0, w_mbc=0.7) → Macro F1=0.2745
[17:05:18] 
[Case 40/66] w_sig=0.4, w_ttp=0.1, w_mbc=0.5
[17:05:18]  CNN Dataset: 943 samples, 478 features → 22x22 image
[17:05:18]  Device: cpu
[17:05:18] 
============================================================
[17:05:18]  FOLD 1/5 — Train: 754, Val: 189
[17:05:18] ============================================================
[17:05:18]  Model parameters: 65,505
[17:05:18]   Fold 1/5 | Epoch   1 | LR 0.000140 | Train Loss 0.5155 | Val Loss 0.3263 | Val F1 0.0587
[17:05:22]   Fold 1/5 | Epoch  10 | LR 0.000699 | Train Loss 0.3498 | Val Loss 0.2786 | Val F1 0.1985
[17:05:28]   Fold 1/5 | Epoch  20 | LR 0.000691 | Train Loss 0.2633 | Val Loss 0.2854 | Val F1 0.2313
[17:05:33]   Fold 1/5 | Epoch  30 | LR 0.000674 | Train Loss 0.2160 | Val Loss 0.3210 | Val F1 0.1834
[17:05:38]   Fold 1/5 | Epoch  40 | LR 0.000649 | Train Loss 0.1820 | Val Loss 0.5920 | Val F1 0.2235
[17:05:41]   Early stopping at epoch 46 (patience=25)
[17:05:41]  Fold 1 — Best Val Loss: 0.2599, F1@0.5: 0.2494
[17:05:41] 
============================================================
[17:05:41]  FOLD 2/5 — Train: 754, Val: 189
[17:05:41] ============================================================
[17:05:42]   Fold 2/5 | Epoch   1 | LR 0.000140 | Train Loss 0.4668 | Val Loss 0.3860 | Val F1 0.0777
[17:05:46]   Fold 2/5 | Epoch  10 | LR 0.000699 | Train Loss 0.3127 | Val Loss 0.3722 | Val F1 0.2310
[17:05:52]   Fold 2/5 | Epoch  20 | LR 0.000691 | Train Loss 0.2436 | Val Loss 0.4403 | Val F1 0.2345
[17:05:56]   Fold 2/5 | Epoch  30 | LR 0.000674 | Train Loss 0.2008 | Val Loss 1.2006 | Val F1 0.1234
[17:06:02]   Fold 2/5 | Epoch  40 | LR 0.000649 | Train Loss 0.1681 | Val Loss 3.0504 | Val F1 0.1648
[17:06:07]   Fold 2/5 | Epoch  50 | LR 0.000616 | Train Loss 0.1611 | Val Loss 1.3602 | Val F1 0.2404
[17:06:12]   Early stopping at epoch 59 (patience=25)
[17:06:12]  Fold 2 — Best Val Loss: 0.3419, F1@0.5: 0.2462
[17:06:12] 
============================================================
[17:06:12]  FOLD 3/5 — Train: 754, Val: 189
[17:06:12] ============================================================
[17:06:12]   Fold 3/5 | Epoch   1 | LR 0.000140 | Train Loss 0.4988 | Val Loss 0.3246 | Val F1 0.0660
[17:06:17]   Fold 3/5 | Epoch  10 | LR 0.000699 | Train Loss 0.3219 | Val Loss 0.3715 | Val F1 0.1509
[17:06:22]   Fold 3/5 | Epoch  20 | LR 0.000691 | Train Loss 0.2521 | Val Loss 0.6723 | Val F1 0.1701
[17:06:27]   Fold 3/5 | Epoch  30 | LR 0.000674 | Train Loss 0.1996 | Val Loss 0.4769 | Val F1 0.2365
[17:06:31]   Early stopping at epoch 38 (patience=25)
[17:06:31]  Fold 3 — Best Val Loss: 0.3067, F1@0.5: 0.1876
[17:06:31] 
============================================================
[17:06:31]  FOLD 4/5 — Train: 755, Val: 188
[17:06:31] ============================================================
[17:06:32]   Fold 4/5 | Epoch   1 | LR 0.000140 | Train Loss 0.4703 | Val Loss 0.3027 | Val F1 0.1006
[17:06:37]   Fold 4/5 | Epoch  10 | LR 0.000699 | Train Loss 0.3495 | Val Loss 0.2796 | Val F1 0.1856
[17:06:43]   Fold 4/5 | Epoch  20 | LR 0.000691 | Train Loss 0.2542 | Val Loss 0.3840 | Val F1 0.1952
[17:06:48]   Fold 4/5 | Epoch  30 | LR 0.000674 | Train Loss 0.2083 | Val Loss 0.3995 | Val F1 0.2230
[17:06:53]   Fold 4/5 | Epoch  40 | LR 0.000649 | Train Loss 0.1764 | Val Loss 0.4774 | Val F1 0.2149
[17:06:58]   Fold 4/5 | Epoch  50 | LR 0.000616 | Train Loss 0.1750 | Val Loss 0.7057 | Val F1 0.1537
[17:07:03]   Fold 4/5 | Epoch  60 | LR 0.000576 | Train Loss 0.1498 | Val Loss 0.5282 | Val F1 0.2441
[17:07:07]   Early stopping at epoch 67 (patience=25)
[17:07:07]  Fold 4 — Best Val Loss: 0.2446, F1@0.5: 0.2031
[17:07:07] 
============================================================
[17:07:07]  FOLD 5/5 — Train: 755, Val: 188
[17:07:07] ============================================================
[17:07:07]   Fold 5/5 | Epoch   1 | LR 0.000140 | Train Loss 0.5051 | Val Loss 0.3244 | Val F1 0.0768
[17:07:12]   Fold 5/5 | Epoch  10 | LR 0.000699 | Train Loss 0.3305 | Val Loss 0.2667 | Val F1 0.1727
[17:07:17]   Fold 5/5 | Epoch  20 | LR 0.000691 | Train Loss 0.2521 | Val Loss 0.2747 | Val F1 0.2296
[17:07:23]   Fold 5/5 | Epoch  30 | LR 0.000674 | Train Loss 0.2138 | Val Loss 0.3939 | Val F1 0.2021
[17:07:27]   Early stopping at epoch 38 (patience=25)
[17:07:27]  Fold 5 — Best Val Loss: 0.2538, F1@0.5: 0.1890
[17:07:27] 
============================================================
[17:07:27]  K-FOLD RESULTS
[17:07:27] ============================================================
[17:07:27]  F1@0.5 per fold: ['0.2494', '0.2462', '0.1876', '0.2031', '0.1890']
[17:07:27]  Mean F1@0.5: 0.2151 ± 0.0273
[17:07:27] 
 Tuning per-action thresholds...
[17:07:28]  Threshold range: [0.05, 0.75], mean=0.54
[17:07:28] 
 With tuned thresholds:
[17:07:28]   Macro F1:   0.2857
[17:07:28]   Micro F1:   0.5246
[17:07:28]   Sample F1:  0.5224
[17:07:28]   Precision:  0.2775
[17:07:28]   Recall:     0.4478
[17:07:28] 
 Per-action F1 (tuned threshold):
[17:07:28]   D3-CCSA: F1=0.2857 (t=0.65, support=17)
[17:07:28]   D3-CE: F1=0.1176 (t=0.75, support=14)
[17:07:28]   D3-CQ: F1=0.1853 (t=0.55, support=71)
[17:07:28]   D3-CR: F1=0.1333 (t=0.65, support=6)
[17:07:28]   D3-CRO: F1=0.3333 (t=0.70, support=3)
[17:07:28]   D3-DNSDL: F1=0.2500 (t=0.65, support=25)
[17:07:28]   D3-EAL: F1=0.0242 (t=0.40, support=3)
[17:07:28]   D3-EDL: F1=0.1799 (t=0.55, support=51)
[17:07:28]   D3-EI: F1=0.0741 (t=0.60, support=12)
[17:07:28]   D3-FA: F1=0.1429 (t=0.70, support=11)
[17:07:28]   D3-FAPA: F1=0.5929 (t=0.55, support=84)
[17:07:28]   D3-FCOA: F1=0.0238 (t=0.35, support=4)
[17:07:28]   D3-FEV: F1=0.5951 (t=0.50, support=356)
[17:07:28]   D3-FIM: F1=0.5000 (t=0.60, support=3)
[17:07:28]   D3-FR: F1=0.0385 (t=0.50, support=12)
[17:07:28]   D3-FRDDL: F1=0.4667 (t=0.50, support=44)
[17:07:28]   D3-NI: F1=0.5731 (t=0.45, support=364)
[17:07:28]   D3-NTA: F1=0.0435 (t=0.55, support=8)
[17:07:28]   D3-OTF: F1=0.4777 (t=0.45, support=262)
[17:07:28]   D3-PA: F1=0.1752 (t=0.50, support=52)
[17:07:28]   D3-PCSV: F1=0.2766 (t=0.55, support=98)
[17:07:28]   D3-PLA: F1=0.1714 (t=0.55, support=38)
[17:07:28]   D3-PSA: F1=0.4901 (t=0.50, support=264)
[17:07:28]   D3-PSMD: F1=0.1667 (t=0.50, support=3)
[17:07:28]   D3-PT: F1=0.9789 (t=0.05, support=904)
[17:07:28]   D3-RC: F1=0.1791 (t=0.55, support=12)
[17:07:28]   D3-RF: F1=0.4898 (t=0.65, support=22)
[17:07:28]   D3-RKD: F1=0.5679 (t=0.50, support=148)
[17:07:28]   D3-SCA: F1=0.1333 (t=0.75, support=13)
[17:07:28]   D3-SEA: F1=0.0179 (t=0.35, support=3)
[17:07:28]   D3-SICA: F1=0.3724 (t=0.45, support=84)
[17:07:28]   D3-SJA: F1=0.2000 (t=0.55, support=4)
[17:07:28]   D3-ST: F1=0.1714 (t=0.65, support=13)
[17:07:28]  Result: Macro F1=0.2857, Micro F1=0.5246, P=0.2775, R=0.4478 (130s)
[17:07:28]  Current best: Case 40 (w_sig=0.4, w_ttp=0.1, w_mbc=0.5) → Macro F1=0.2857
[17:07:28] 
[Case 41/66] w_sig=0.4, w_ttp=0.2, w_mbc=0.4
[17:07:28]  CNN Dataset: 943 samples, 478 features → 22x22 image
[17:07:28]  Device: cpu
[17:07:28] 
============================================================
[17:07:28]  FOLD 1/5 — Train: 754, Val: 189
[17:07:28] ============================================================
[17:07:28]  Model parameters: 65,505
[17:07:29]   Fold 1/5 | Epoch   1 | LR 0.000140 | Train Loss 0.5154 | Val Loss 0.3358 | Val F1 0.0291
[17:07:33]   Fold 1/5 | Epoch  10 | LR 0.000699 | Train Loss 0.3453 | Val Loss 0.2707 | Val F1 0.1476
[17:07:39]   Fold 1/5 | Epoch  20 | LR 0.000691 | Train Loss 0.2545 | Val Loss 0.3408 | Val F1 0.1779
[17:07:44]   Fold 1/5 | Epoch  30 | LR 0.000674 | Train Loss 0.2047 | Val Loss 0.7104 | Val F1 0.0866
[17:07:46]   Early stopping at epoch 35 (patience=25)
[17:07:46]  Fold 1 — Best Val Loss: 0.2707, F1@0.5: 0.1476
[17:07:46] 
============================================================
[17:07:46]  FOLD 2/5 — Train: 754, Val: 189
[17:07:46] ============================================================
[17:07:47]   Fold 2/5 | Epoch   1 | LR 0.000140 | Train Loss 0.5452 | Val Loss 0.3972 | Val F1 0.0744
[17:07:52]   Fold 2/5 | Epoch  10 | LR 0.000699 | Train Loss 0.3086 | Val Loss 0.3887 | Val F1 0.1615
[17:07:57]   Fold 2/5 | Epoch  20 | LR 0.000691 | Train Loss 0.2328 | Val Loss 0.5505 | Val F1 0.2332
[17:08:02]   Fold 2/5 | Epoch  30 | LR 0.000674 | Train Loss 0.1814 | Val Loss 0.9360 | Val F1 0.2209
[17:08:03]   Early stopping at epoch 31 (patience=25)
[17:08:03]  Fold 2 — Best Val Loss: 0.3846, F1@0.5: 0.1499
[17:08:03] 
============================================================
[17:08:03]  FOLD 3/5 — Train: 754, Val: 189
[17:08:03] ============================================================
[17:08:03]   Fold 3/5 | Epoch   1 | LR 0.000140 | Train Loss 0.5182 | Val Loss 0.3468 | Val F1 0.0581
[17:08:08]   Fold 3/5 | Epoch  10 | LR 0.000699 | Train Loss 0.3208 | Val Loss 0.3639 | Val F1 0.1426
[17:08:13]   Fold 3/5 | Epoch  20 | LR 0.000691 | Train Loss 0.2436 | Val Loss 0.8720 | Val F1 0.1813
[17:08:18]   Fold 3/5 | Epoch  30 | LR 0.000674 | Train Loss 0.1942 | Val Loss 1.1427 | Val F1 0.1149
[17:08:19]   Early stopping at epoch 31 (patience=25)
[17:08:19]  Fold 3 — Best Val Loss: 0.3201, F1@0.5: 0.1366
[17:08:19] 
============================================================
[17:08:19]  FOLD 4/5 — Train: 755, Val: 188
[17:08:19] ============================================================
[17:08:19]   Fold 4/5 | Epoch   1 | LR 0.000140 | Train Loss 0.5090 | Val Loss 0.3211 | Val F1 0.0635
[17:08:24]   Fold 4/5 | Epoch  10 | LR 0.000699 | Train Loss 0.3273 | Val Loss 0.3007 | Val F1 0.1628
[17:08:29]   Fold 4/5 | Epoch  20 | LR 0.000691 | Train Loss 0.2498 | Val Loss 0.5713 | Val F1 0.1836
[17:08:35]   Fold 4/5 | Epoch  30 | LR 0.000674 | Train Loss 0.1960 | Val Loss 0.3794 | Val F1 0.1655
[17:08:40]   Fold 4/5 | Epoch  40 | LR 0.000649 | Train Loss 0.1704 | Val Loss 0.5239 | Val F1 0.2414
[17:08:40]   Early stopping at epoch 40 (patience=25)
[17:08:40]  Fold 4 — Best Val Loss: 0.2526, F1@0.5: 0.2074
[17:08:40] 
============================================================
[17:08:40]  FOLD 5/5 — Train: 755, Val: 188
[17:08:40] ============================================================
[17:08:40]   Fold 5/5 | Epoch   1 | LR 0.000140 | Train Loss 0.5201 | Val Loss 0.2922 | Val F1 0.0850
[17:08:45]   Fold 5/5 | Epoch  10 | LR 0.000699 | Train Loss 0.3390 | Val Loss 0.2690 | Val F1 0.1786
[17:08:50]   Fold 5/5 | Epoch  20 | LR 0.000691 | Train Loss 0.2456 | Val Loss 0.2539 | Val F1 0.2302
[17:08:56]   Fold 5/5 | Epoch  30 | LR 0.000674 | Train Loss 0.2039 | Val Loss 0.4291 | Val F1 0.1936
[17:09:00]   Fold 5/5 | Epoch  40 | LR 0.000649 | Train Loss 0.1680 | Val Loss 0.3057 | Val F1 0.2749
[17:09:03]   Early stopping at epoch 44 (patience=25)
[17:09:03]  Fold 5 — Best Val Loss: 0.2277, F1@0.5: 0.2198
[17:09:03] 
============================================================
[17:09:03]  K-FOLD RESULTS
[17:09:03] ============================================================
[17:09:03]  F1@0.5 per fold: ['0.1476', '0.1499', '0.1366', '0.2074', '0.2198']
[17:09:03]  Mean F1@0.5: 0.1722 ± 0.0343
[17:09:03] 
 Tuning per-action thresholds...
[17:09:04]  Threshold range: [0.05, 0.60], mean=0.46
[17:09:04] 
 With tuned thresholds:
[17:09:04]   Macro F1:   0.2195
[17:09:04]   Micro F1:   0.3554
[17:09:04]   Sample F1:  0.3683
[17:09:04]   Precision:  0.1981
[17:09:04]   Recall:     0.5980
[17:09:04] 
 Per-action F1 (tuned threshold):
[17:09:04]   D3-CCSA: F1=0.1951 (t=0.55, support=17)
[17:09:04]   D3-CE: F1=0.1333 (t=0.60, support=14)
[17:09:04]   D3-CQ: F1=0.1645 (t=0.45, support=71)
[17:09:04]   D3-CR: F1=0.0513 (t=0.50, support=6)
[17:09:04]   D3-CRO: F1=0.0320 (t=0.40, support=3)
[17:09:04]   D3-DNSDL: F1=0.2171 (t=0.50, support=25)
[17:09:04]   D3-EAL: F1=0.0109 (t=0.35, support=3)
[17:09:04]   D3-EDL: F1=0.1321 (t=0.50, support=51)
[17:09:04]   D3-EI: F1=0.0347 (t=0.50, support=12)
[17:09:04]   D3-FA: F1=0.0361 (t=0.45, support=11)
[17:09:04]   D3-FAPA: F1=0.4095 (t=0.55, support=84)
[17:09:04]   D3-FCOA: F1=0.0222 (t=0.40, support=4)
[17:09:04]   D3-FEV: F1=0.5667 (t=0.45, support=356)
[17:09:04]   D3-FIM: F1=0.3333 (t=0.45, support=3)
[17:09:04]   D3-FR: F1=0.0407 (t=0.45, support=12)
[17:09:04]   D3-FRDDL: F1=0.3656 (t=0.55, support=44)
[17:09:04]   D3-NI: F1=0.5595 (t=0.45, support=364)
[17:09:04]   D3-NTA: F1=0.0879 (t=0.45, support=8)
[17:09:04]   D3-OTF: F1=0.4376 (t=0.45, support=262)
[17:09:04]   D3-PA: F1=0.1239 (t=0.45, support=52)
[17:09:04]   D3-PCSV: F1=0.2287 (t=0.50, support=98)
[17:09:04]   D3-PLA: F1=0.1856 (t=0.55, support=38)
[17:09:04]   D3-PSA: F1=0.4597 (t=0.45, support=264)
[17:09:04]   D3-PSMD: F1=0.0120 (t=0.35, support=3)
[17:09:04]   D3-PT: F1=0.9789 (t=0.05, support=904)
[17:09:04]   D3-RC: F1=0.3000 (t=0.60, support=12)
[17:09:04]   D3-RF: F1=0.2414 (t=0.55, support=22)
[17:09:04]   D3-RKD: F1=0.3966 (t=0.50, support=148)
[17:09:04]   D3-SCA: F1=0.0328 (t=0.40, support=13)
[17:09:04]   D3-SEA: F1=0.0078 (t=0.30, support=3)
[17:09:04]   D3-SICA: F1=0.3106 (t=0.50, support=84)
[17:09:04]   D3-SJA: F1=0.0303 (t=0.45, support=4)
[17:09:04]   D3-ST: F1=0.1053 (t=0.55, support=13)
[17:09:04]  Result: Macro F1=0.2195, Micro F1=0.3554, P=0.1981, R=0.5980 (96s)
[17:09:04]  Current best: Case 40 (w_sig=0.4, w_ttp=0.1, w_mbc=0.5) → Macro F1=0.2857
[17:09:04] 
[Case 42/66] w_sig=0.4, w_ttp=0.3, w_mbc=0.3
[17:09:04]  CNN Dataset: 943 samples, 478 features → 22x22 image
[17:09:04]  Device: cpu
[17:09:04] 
============================================================
[17:09:04]  FOLD 1/5 — Train: 754, Val: 189
[17:09:04] ============================================================
[17:09:04]  Model parameters: 65,505
[17:09:04]   Fold 1/5 | Epoch   1 | LR 0.000140 | Train Loss 0.5164 | Val Loss 0.3456 | Val F1 0.0587
[17:09:08]   Fold 1/5 | Epoch  10 | LR 0.000699 | Train Loss 0.3421 | Val Loss 0.2997 | Val F1 0.1654
[17:09:14]   Fold 1/5 | Epoch  20 | LR 0.000691 | Train Loss 0.2509 | Val Loss 0.3183 | Val F1 0.1783
[17:09:19]   Fold 1/5 | Epoch  30 | LR 0.000674 | Train Loss 0.1979 | Val Loss 0.9009 | Val F1 0.1821
[17:09:24]   Fold 1/5 | Epoch  40 | LR 0.000649 | Train Loss 0.1660 | Val Loss 0.3768 | Val F1 0.1432
[17:09:29]   Fold 1/5 | Epoch  50 | LR 0.000616 | Train Loss 0.1458 | Val Loss 0.9630 | Val F1 0.1992
[17:09:29]   Early stopping at epoch 50 (patience=25)
[17:09:29]  Fold 1 — Best Val Loss: 0.2675, F1@0.5: 0.2040
[17:09:29] 
============================================================
[17:09:29]  FOLD 2/5 — Train: 754, Val: 189
[17:09:29] ============================================================
[17:09:30]   Fold 2/5 | Epoch   1 | LR 0.000140 | Train Loss 0.4499 | Val Loss 0.3688 | Val F1 0.0999
[17:09:34]   Fold 2/5 | Epoch  10 | LR 0.000699 | Train Loss 0.3196 | Val Loss 0.4837 | Val F1 0.1518
[17:09:40]   Fold 2/5 | Epoch  20 | LR 0.000691 | Train Loss 0.2360 | Val Loss 0.6523 | Val F1 0.2050
[17:09:44]   Early stopping at epoch 29 (patience=25)
[17:09:44]  Fold 2 — Best Val Loss: 0.3616, F1@0.5: 0.0978
[17:09:44] 
============================================================
[17:09:44]  FOLD 3/5 — Train: 754, Val: 189
[17:09:44] ============================================================
[17:09:45]   Fold 3/5 | Epoch   1 | LR 0.000140 | Train Loss 0.5127 | Val Loss 0.3777 | Val F1 0.0521
[17:09:50]   Fold 3/5 | Epoch  10 | LR 0.000699 | Train Loss 0.3217 | Val Loss 0.3428 | Val F1 0.1401
[17:09:55]   Fold 3/5 | Epoch  20 | LR 0.000691 | Train Loss 0.2353 | Val Loss 0.4565 | Val F1 0.2206
[17:09:59]   Early stopping at epoch 29 (patience=25)
[17:09:59]  Fold 3 — Best Val Loss: 0.3147, F1@0.5: 0.1085
[17:09:59] 
============================================================
[17:09:59]  FOLD 4/5 — Train: 755, Val: 188
[17:09:59] ============================================================
[17:10:00]   Fold 4/5 | Epoch   1 | LR 0.000140 | Train Loss 0.5468 | Val Loss 0.3311 | Val F1 0.1042
[17:10:05]   Fold 4/5 | Epoch  10 | LR 0.000699 | Train Loss 0.3384 | Val Loss 0.3009 | Val F1 0.1689
[17:10:10]   Fold 4/5 | Epoch  20 | LR 0.000691 | Train Loss 0.2636 | Val Loss 0.3007 | Val F1 0.1945
[17:10:16]   Fold 4/5 | Epoch  30 | LR 0.000674 | Train Loss 0.2051 | Val Loss 0.3196 | Val F1 0.1652
[17:10:21]   Fold 4/5 | Epoch  40 | LR 0.000649 | Train Loss 0.1695 | Val Loss 0.9274 | Val F1 0.1653
[17:10:26]   Fold 4/5 | Epoch  50 | LR 0.000616 | Train Loss 0.1499 | Val Loss 0.4103 | Val F1 0.1769
[17:10:31]   Fold 4/5 | Epoch  60 | LR 0.000576 | Train Loss 0.1320 | Val Loss 0.5106 | Val F1 0.2181
[17:10:32]   Early stopping at epoch 61 (patience=25)
[17:10:32]  Fold 4 — Best Val Loss: 0.2535, F1@0.5: 0.2131
[17:10:32] 
============================================================
[17:10:32]  FOLD 5/5 — Train: 755, Val: 188
[17:10:32] ============================================================
[17:10:32]   Fold 5/5 | Epoch   1 | LR 0.000140 | Train Loss 0.4694 | Val Loss 0.3077 | Val F1 0.0517
[17:10:37]   Fold 5/5 | Epoch  10 | LR 0.000699 | Train Loss 0.3346 | Val Loss 0.3004 | Val F1 0.1447
[17:10:42]   Fold 5/5 | Epoch  20 | LR 0.000691 | Train Loss 0.2458 | Val Loss 0.5396 | Val F1 0.1577
[17:10:47]   Fold 5/5 | Epoch  30 | LR 0.000674 | Train Loss 0.2033 | Val Loss 0.7622 | Val F1 0.1578
[17:10:52]   Fold 5/5 | Epoch  40 | LR 0.000649 | Train Loss 0.1695 | Val Loss 1.2515 | Val F1 0.1263
[17:10:57]   Fold 5/5 | Epoch  50 | LR 0.000616 | Train Loss 0.1519 | Val Loss 3.1643 | Val F1 0.1404
[17:10:59]   Early stopping at epoch 54 (patience=25)
[17:10:59]  Fold 5 — Best Val Loss: 0.2454, F1@0.5: 0.2360
[17:10:59] 
============================================================
[17:10:59]  K-FOLD RESULTS
[17:10:59] ============================================================
[17:10:59]  F1@0.5 per fold: ['0.2040', '0.0978', '0.1085', '0.2131', '0.2360']
[17:10:59]  Mean F1@0.5: 0.1719 ± 0.0572
[17:10:59] 
 Tuning per-action thresholds...
[17:11:00]  Threshold range: [0.05, 0.70], mean=0.51
[17:11:00] 
 With tuned thresholds:
[17:11:00]   Macro F1:   0.2430
[17:11:00]   Micro F1:   0.4325
[17:11:00]   Sample F1:  0.4365
[17:11:00]   Precision:  0.2106
[17:11:00]   Recall:     0.4770
[17:11:00] 
 Per-action F1 (tuned threshold):
[17:11:00]   D3-CCSA: F1=0.1754 (t=0.60, support=17)
[17:11:00]   D3-CE: F1=0.0332 (t=0.35, support=14)
[17:11:00]   D3-CQ: F1=0.1717 (t=0.50, support=71)
[17:11:00]   D3-CR: F1=0.1818 (t=0.65, support=6)
[17:11:00]   D3-CRO: F1=0.2857 (t=0.70, support=3)
[17:11:00]   D3-DNSDL: F1=0.2479 (t=0.50, support=25)
[17:11:00]   D3-EAL: F1=0.0125 (t=0.40, support=3)
[17:11:00]   D3-EDL: F1=0.1633 (t=0.60, support=51)
[17:11:00]   D3-EI: F1=0.0465 (t=0.55, support=12)
[17:11:00]   D3-FA: F1=0.0714 (t=0.65, support=11)
[17:11:00]   D3-FAPA: F1=0.4667 (t=0.60, support=84)
[17:11:00]   D3-FCOA: F1=0.0135 (t=0.50, support=4)
[17:11:00]   D3-FEV: F1=0.5806 (t=0.45, support=356)
[17:11:00]   D3-FIM: F1=0.2667 (t=0.45, support=3)
[17:11:00]   D3-FR: F1=0.0896 (t=0.60, support=12)
[17:11:00]   D3-FRDDL: F1=0.3711 (t=0.55, support=44)
[17:11:00]   D3-NI: F1=0.5750 (t=0.45, support=364)
[17:11:00]   D3-NTA: F1=0.0385 (t=0.50, support=8)
[17:11:00]   D3-OTF: F1=0.4577 (t=0.40, support=262)
[17:11:00]   D3-PA: F1=0.1461 (t=0.50, support=52)
[17:11:00]   D3-PCSV: F1=0.2361 (t=0.50, support=98)
[17:11:00]   D3-PLA: F1=0.1159 (t=0.60, support=38)
[17:11:00]   D3-PSA: F1=0.4517 (t=0.40, support=264)
[17:11:00]   D3-PSMD: F1=0.1333 (t=0.50, support=3)
[17:11:00]   D3-PT: F1=0.9789 (t=0.05, support=904)
[17:11:00]   D3-RC: F1=0.3810 (t=0.65, support=12)
[17:11:00]   D3-RF: F1=0.3784 (t=0.55, support=22)
[17:11:00]   D3-RKD: F1=0.4401 (t=0.50, support=148)
[17:11:00]   D3-SCA: F1=0.0370 (t=0.60, support=13)
[17:11:00]   D3-SEA: F1=0.0118 (t=0.40, support=3)
[17:11:00]   D3-SICA: F1=0.2556 (t=0.55, support=84)
[17:11:00]   D3-SJA: F1=0.0250 (t=0.45, support=4)
[17:11:00]   D3-ST: F1=0.1791 (t=0.55, support=13)
[17:11:00]  Result: Macro F1=0.2430, Micro F1=0.4325, P=0.2106, R=0.4770 (117s)
[17:11:00]  Current best: Case 40 (w_sig=0.4, w_ttp=0.1, w_mbc=0.5) → Macro F1=0.2857
[17:11:00] 
[Case 43/66] w_sig=0.4, w_ttp=0.4, w_mbc=0.2
[17:11:00]  CNN Dataset: 943 samples, 478 features → 22x22 image
[17:11:00]  Device: cpu
[17:11:00] 
============================================================
[17:11:00]  FOLD 1/5 — Train: 754, Val: 189
[17:11:00] ============================================================
[17:11:00]  Model parameters: 65,505
[17:11:01]   Fold 1/5 | Epoch   1 | LR 0.000140 | Train Loss 0.5175 | Val Loss 0.3431 | Val F1 0.0647
[17:11:05]   Fold 1/5 | Epoch  10 | LR 0.000699 | Train Loss 0.3474 | Val Loss 0.2992 | Val F1 0.1429
[17:11:11]   Fold 1/5 | Epoch  20 | LR 0.000691 | Train Loss 0.2571 | Val Loss 0.3200 | Val F1 0.1862
[17:11:16]   Fold 1/5 | Epoch  30 | LR 0.000674 | Train Loss 0.1952 | Val Loss 0.3859 | Val F1 0.1220
[17:11:21]   Fold 1/5 | Epoch  40 | LR 0.000649 | Train Loss 0.1734 | Val Loss 0.5714 | Val F1 0.1874
[17:11:21]   Early stopping at epoch 41 (patience=25)
[17:11:21]  Fold 1 — Best Val Loss: 0.2845, F1@0.5: 0.1528
[17:11:21] 
============================================================
[17:11:21]  FOLD 2/5 — Train: 754, Val: 189
[17:11:21] ============================================================
[17:11:22]   Fold 2/5 | Epoch   1 | LR 0.000140 | Train Loss 0.4636 | Val Loss 0.3564 | Val F1 0.0991
[17:11:27]   Fold 2/5 | Epoch  10 | LR 0.000699 | Train Loss 0.3199 | Val Loss 0.4309 | Val F1 0.1740
[17:11:33]   Fold 2/5 | Epoch  20 | LR 0.000691 | Train Loss 0.2403 | Val Loss 1.4498 | Val F1 0.1469
[17:11:36]   Early stopping at epoch 26 (patience=25)
[17:11:36]  Fold 2 — Best Val Loss: 0.3564, F1@0.5: 0.0991
[17:11:36] 
============================================================
[17:11:36]  FOLD 3/5 — Train: 754, Val: 189
[17:11:36] ============================================================
[17:11:37]   Fold 3/5 | Epoch   1 | LR 0.000140 | Train Loss 0.4854 | Val Loss 0.3728 | Val F1 0.1030
[17:11:42]   Fold 3/5 | Epoch  10 | LR 0.000699 | Train Loss 0.3371 | Val Loss 0.3564 | Val F1 0.1318
[17:11:47]   Fold 3/5 | Epoch  20 | LR 0.000691 | Train Loss 0.2495 | Val Loss 0.3661 | Val F1 0.1893
[17:11:52]   Fold 3/5 | Epoch  30 | LR 0.000674 | Train Loss 0.1962 | Val Loss 1.5628 | Val F1 0.0971
[17:11:57]   Fold 3/5 | Epoch  40 | LR 0.000649 | Train Loss 0.1593 | Val Loss 1.8998 | Val F1 0.0978
[17:11:59]   Early stopping at epoch 44 (patience=25)
[17:11:59]  Fold 3 — Best Val Loss: 0.3232, F1@0.5: 0.1741
[17:11:59] 
============================================================
[17:11:59]  FOLD 4/5 — Train: 755, Val: 188
[17:11:59] ============================================================
[17:12:00]   Fold 4/5 | Epoch   1 | LR 0.000140 | Train Loss 0.5121 | Val Loss 0.3126 | Val F1 0.0632
[17:12:04]   Fold 4/5 | Epoch  10 | LR 0.000699 | Train Loss 0.3397 | Val Loss 0.2852 | Val F1 0.1445
[17:12:09]   Fold 4/5 | Epoch  20 | LR 0.000691 | Train Loss 0.2704 | Val Loss 0.5758 | Val F1 0.1708
[17:12:14]   Fold 4/5 | Epoch  30 | LR 0.000674 | Train Loss 0.2050 | Val Loss 0.5342 | Val F1 0.1106
[17:12:17]   Early stopping at epoch 35 (patience=25)
[17:12:17]  Fold 4 — Best Val Loss: 0.2852, F1@0.5: 0.1445
[17:12:17] 
============================================================
[17:12:17]  FOLD 5/5 — Train: 755, Val: 188
[17:12:17] ============================================================
[17:12:18]   Fold 5/5 | Epoch   1 | LR 0.000140 | Train Loss 0.5184 | Val Loss 0.3594 | Val F1 0.0624
[17:12:22]   Fold 5/5 | Epoch  10 | LR 0.000699 | Train Loss 0.3388 | Val Loss 0.2971 | Val F1 0.1443
[17:12:28]   Fold 5/5 | Epoch  20 | LR 0.000691 | Train Loss 0.2481 | Val Loss 0.4316 | Val F1 0.1448
[17:12:33]   Fold 5/5 | Epoch  30 | LR 0.000674 | Train Loss 0.2075 | Val Loss 0.7252 | Val F1 0.1249
[17:12:38]   Early stopping at epoch 39 (patience=25)
[17:12:38]  Fold 5 — Best Val Loss: 0.2507, F1@0.5: 0.2044
[17:12:38] 
============================================================
[17:12:38]  K-FOLD RESULTS
[17:12:38] ============================================================
[17:12:38]  F1@0.5 per fold: ['0.1528', '0.0991', '0.1741', '0.1445', '0.2044']
[17:12:38]  Mean F1@0.5: 0.1550 ± 0.0348
[17:12:38] 
 Tuning per-action thresholds...
[17:12:38]  Threshold range: [0.05, 0.60], mean=0.47
[17:12:38] 
 With tuned thresholds:
[17:12:38]   Macro F1:   0.1941
[17:12:38]   Micro F1:   0.3544
[17:12:38]   Sample F1:  0.3739
[17:12:38]   Precision:  0.1542
[17:12:38]   Recall:     0.5400
[17:12:38] 
 Per-action F1 (tuned threshold):
[17:12:38]   D3-CCSA: F1=0.1765 (t=0.60, support=17)
[17:12:38]   D3-CE: F1=0.0571 (t=0.60, support=14)
[17:12:38]   D3-CQ: F1=0.1468 (t=0.45, support=71)
[17:12:38]   D3-CR: F1=0.0263 (t=0.35, support=6)
[17:12:38]   D3-CRO: F1=0.0108 (t=0.40, support=3)
[17:12:38]   D3-DNSDL: F1=0.1053 (t=0.55, support=25)
[17:12:38]   D3-EAL: F1=0.0098 (t=0.50, support=3)
[17:12:38]   D3-EDL: F1=0.1592 (t=0.50, support=51)
[17:12:38]   D3-EI: F1=0.0440 (t=0.50, support=12)
[17:12:38]   D3-FA: F1=0.0426 (t=0.55, support=11)
[17:12:38]   D3-FAPA: F1=0.3576 (t=0.55, support=84)
[17:12:38]   D3-FCOA: F1=0.0107 (t=0.40, support=4)
[17:12:38]   D3-FEV: F1=0.5609 (t=0.50, support=356)
[17:12:38]   D3-FIM: F1=0.0889 (t=0.40, support=3)
[17:12:38]   D3-FR: F1=0.0367 (t=0.45, support=12)
[17:12:38]   D3-FRDDL: F1=0.4783 (t=0.60, support=44)
[17:12:38]   D3-NI: F1=0.5677 (t=0.40, support=364)
[17:12:38]   D3-NTA: F1=0.0254 (t=0.40, support=8)
[17:12:38]   D3-OTF: F1=0.4559 (t=0.50, support=262)
[17:12:38]   D3-PA: F1=0.1453 (t=0.50, support=52)
[17:12:38]   D3-PCSV: F1=0.2439 (t=0.50, support=98)
[17:12:38]   D3-PLA: F1=0.1304 (t=0.55, support=38)
[17:12:38]   D3-PSA: F1=0.4442 (t=0.45, support=264)
[17:12:38]   D3-PSMD: F1=0.0202 (t=0.45, support=3)
[17:12:38]   D3-PT: F1=0.9789 (t=0.05, support=904)
[17:12:38]   D3-RC: F1=0.2128 (t=0.55, support=12)
[17:12:38]   D3-RF: F1=0.1118 (t=0.45, support=22)
[17:12:38]   D3-RKD: F1=0.4088 (t=0.50, support=148)
[17:12:38]   D3-SCA: F1=0.0403 (t=0.50, support=13)
[17:12:38]   D3-SEA: F1=0.0091 (t=0.50, support=3)
[17:12:38]   D3-SICA: F1=0.2231 (t=0.50, support=84)
[17:12:38]   D3-SJA: F1=0.0408 (t=0.50, support=4)
[17:12:38]   D3-ST: F1=0.0348 (t=0.45, support=13)
[17:12:38]  Result: Macro F1=0.1941, Micro F1=0.3544, P=0.1542, R=0.5400 (98s)
[17:12:38]  Current best: Case 40 (w_sig=0.4, w_ttp=0.1, w_mbc=0.5) → Macro F1=0.2857
[17:12:38] 
[Case 44/66] w_sig=0.4, w_ttp=0.5, w_mbc=0.1
[17:12:38]  CNN Dataset: 943 samples, 478 features → 22x22 image
[17:12:38]  Device: cpu
[17:12:38] 
============================================================
[17:12:38]  FOLD 1/5 — Train: 754, Val: 189
[17:12:38] ============================================================
[17:12:38]  Model parameters: 65,505
[17:12:39]   Fold 1/5 | Epoch   1 | LR 0.000140 | Train Loss 0.5174 | Val Loss 0.3359 | Val F1 0.0647
[17:12:44]   Fold 1/5 | Epoch  10 | LR 0.000699 | Train Loss 0.3544 | Val Loss 0.3425 | Val F1 0.1204
[17:12:49]   Fold 1/5 | Epoch  20 | LR 0.000691 | Train Loss 0.2713 | Val Loss 0.3195 | Val F1 0.1548
[17:12:54]   Fold 1/5 | Epoch  30 | LR 0.000674 | Train Loss 0.2024 | Val Loss 1.3630 | Val F1 0.1298
[17:12:59]   Fold 1/5 | Epoch  40 | LR 0.000649 | Train Loss 0.1799 | Val Loss 0.9053 | Val F1 0.1326
[17:13:00]   Early stopping at epoch 42 (patience=25)
[17:13:00]  Fold 1 — Best Val Loss: 0.2552, F1@0.5: 0.1996
[17:13:00] 
============================================================
[17:13:00]  FOLD 2/5 — Train: 754, Val: 189
[17:13:00] ============================================================
[17:13:00]   Fold 2/5 | Epoch   1 | LR 0.000140 | Train Loss 0.4733 | Val Loss 0.3856 | Val F1 0.1088
[17:13:06]   Fold 2/5 | Epoch  10 | LR 0.000699 | Train Loss 0.3364 | Val Loss 0.4693 | Val F1 0.1296
[17:13:10]   Fold 2/5 | Epoch  20 | LR 0.000691 | Train Loss 0.2511 | Val Loss 0.5018 | Val F1 0.1841
[17:13:16]   Fold 2/5 | Epoch  30 | LR 0.000674 | Train Loss 0.1922 | Val Loss 0.7478 | Val F1 0.2068
[17:13:17]   Early stopping at epoch 33 (patience=25)
[17:13:17]  Fold 2 — Best Val Loss: 0.3669, F1@0.5: 0.1587
[17:13:17] 
============================================================
[17:13:17]  FOLD 3/5 — Train: 754, Val: 189
[17:13:17] ============================================================
[17:13:18]   Fold 3/5 | Epoch   1 | LR 0.000140 | Train Loss 0.5179 | Val Loss 0.3689 | Val F1 0.0598
[17:13:22]   Fold 3/5 | Epoch  10 | LR 0.000699 | Train Loss 0.3469 | Val Loss 0.3955 | Val F1 0.1202
[17:13:27]   Fold 3/5 | Epoch  20 | LR 0.000691 | Train Loss 0.2652 | Val Loss 0.6015 | Val F1 0.1237
[17:13:33]   Fold 3/5 | Epoch  30 | LR 0.000674 | Train Loss 0.2144 | Val Loss 0.7942 | Val F1 0.1666
[17:13:38]   Fold 3/5 | Epoch  40 | LR 0.000649 | Train Loss 0.1895 | Val Loss 0.7986 | Val F1 0.1205
[17:13:39]   Early stopping at epoch 42 (patience=25)
[17:13:39]  Fold 3 — Best Val Loss: 0.3160, F1@0.5: 0.1839
[17:13:39] 
============================================================
[17:13:39]  FOLD 4/5 — Train: 755, Val: 188
[17:13:39] ============================================================
[17:13:40]   Fold 4/5 | Epoch   1 | LR 0.000140 | Train Loss 0.5137 | Val Loss 0.2910 | Val F1 0.0974
[17:13:44]   Fold 4/5 | Epoch  10 | LR 0.000699 | Train Loss 0.3598 | Val Loss 0.2901 | Val F1 0.1523
[17:13:50]   Fold 4/5 | Epoch  20 | LR 0.000691 | Train Loss 0.2814 | Val Loss 0.3403 | Val F1 0.1497
[17:13:55]   Fold 4/5 | Epoch  30 | LR 0.000674 | Train Loss 0.2126 | Val Loss 1.3849 | Val F1 0.1252
[17:14:00]   Fold 4/5 | Epoch  40 | LR 0.000649 | Train Loss 0.1701 | Val Loss 0.4471 | Val F1 0.2232
[17:14:05]   Fold 4/5 | Epoch  50 | LR 0.000616 | Train Loss 0.1568 | Val Loss 0.7988 | Val F1 0.1644
[17:14:05]   Early stopping at epoch 50 (patience=25)
[17:14:05]  Fold 4 — Best Val Loss: 0.2691, F1@0.5: 0.2156
[17:14:05] 
============================================================
[17:14:05]  FOLD 5/5 — Train: 755, Val: 188
[17:14:05] ============================================================
[17:14:06]   Fold 5/5 | Epoch   1 | LR 0.000140 | Train Loss 0.4911 | Val Loss 0.2944 | Val F1 0.0805
[17:14:11]   Fold 5/5 | Epoch  10 | LR 0.000699 | Train Loss 0.3473 | Val Loss 0.2757 | Val F1 0.1570
[17:14:15]   Fold 5/5 | Epoch  20 | LR 0.000691 | Train Loss 0.2673 | Val Loss 0.2777 | Val F1 0.1966
[17:14:21]   Fold 5/5 | Epoch  30 | LR 0.000674 | Train Loss 0.2080 | Val Loss 0.4441 | Val F1 0.1928
[17:14:26]   Fold 5/5 | Epoch  40 | LR 0.000649 | Train Loss 0.1792 | Val Loss 0.3289 | Val F1 0.1897
[17:14:27]   Early stopping at epoch 42 (patience=25)
[17:14:27]  Fold 5 — Best Val Loss: 0.2528, F1@0.5: 0.2060
[17:14:27] 
============================================================
[17:14:27]  K-FOLD RESULTS
[17:14:27] ============================================================
[17:14:27]  F1@0.5 per fold: ['0.1996', '0.1587', '0.1839', '0.2156', '0.2060']
[17:14:27]  Mean F1@0.5: 0.1928 ± 0.0199
[17:14:27] 
 Tuning per-action thresholds...
[17:14:28]  Threshold range: [0.05, 0.60], mean=0.47
[17:14:28] 
 With tuned thresholds:
[17:14:28]   Macro F1:   0.2281
[17:14:28]   Micro F1:   0.3733
[17:14:28]   Sample F1:  0.3797
[17:14:28]   Precision:  0.1899
[17:14:28]   Recall:     0.5508
[17:14:28] 
 Per-action F1 (tuned threshold):
[17:14:28]   D3-CCSA: F1=0.1379 (t=0.60, support=17)
[17:14:28]   D3-CE: F1=0.0571 (t=0.50, support=14)
[17:14:28]   D3-CQ: F1=0.1700 (t=0.50, support=71)
[17:14:28]   D3-CR: F1=0.0388 (t=0.50, support=6)
[17:14:28]   D3-CRO: F1=0.0194 (t=0.40, support=3)
[17:14:28]   D3-DNSDL: F1=0.2564 (t=0.60, support=25)
[17:14:28]   D3-EAL: F1=0.0090 (t=0.25, support=3)
[17:14:28]   D3-EDL: F1=0.1556 (t=0.50, support=51)
[17:14:28]   D3-EI: F1=0.0941 (t=0.55, support=12)
[17:14:28]   D3-FA: F1=0.0272 (t=0.40, support=11)
[17:14:28]   D3-FAPA: F1=0.5730 (t=0.55, support=84)
[17:14:28]   D3-FCOA: F1=0.0140 (t=0.40, support=4)
[17:14:28]   D3-FEV: F1=0.6053 (t=0.50, support=356)
[17:14:28]   D3-FIM: F1=0.1875 (t=0.45, support=3)
[17:14:28]   D3-FR: F1=0.0448 (t=0.45, support=12)
[17:14:28]   D3-FRDDL: F1=0.3622 (t=0.55, support=44)
[17:14:28]   D3-NI: F1=0.6143 (t=0.50, support=364)
[17:14:28]   D3-NTA: F1=0.0225 (t=0.50, support=8)
[17:14:28]   D3-OTF: F1=0.4731 (t=0.45, support=262)
[17:14:28]   D3-PA: F1=0.1371 (t=0.50, support=52)
[17:14:28]   D3-PCSV: F1=0.2466 (t=0.50, support=98)
[17:14:28]   D3-PLA: F1=0.1684 (t=0.60, support=38)
[17:14:28]   D3-PSA: F1=0.4537 (t=0.45, support=264)
[17:14:28]   D3-PSMD: F1=0.1818 (t=0.45, support=3)
[17:14:28]   D3-PT: F1=0.9789 (t=0.05, support=904)
[17:14:28]   D3-RC: F1=0.0833 (t=0.50, support=12)
[17:14:28]   D3-RF: F1=0.2540 (t=0.55, support=22)
[17:14:28]   D3-RKD: F1=0.5299 (t=0.50, support=148)
[17:14:28]   D3-SCA: F1=0.0304 (t=0.35, support=13)
[17:14:28]   D3-SEA: F1=0.0120 (t=0.35, support=3)
[17:14:28]   D3-SICA: F1=0.4393 (t=0.55, support=84)
[17:14:28]   D3-SJA: F1=0.1111 (t=0.55, support=4)
[17:14:28]   D3-ST: F1=0.0376 (t=0.50, support=13)
[17:14:28]  Result: Macro F1=0.2281, Micro F1=0.3733, P=0.1899, R=0.5508 (109s)
[17:14:28]  Current best: Case 40 (w_sig=0.4, w_ttp=0.1, w_mbc=0.5) → Macro F1=0.2857
[17:14:28] 
[Case 45/66] w_sig=0.4, w_ttp=0.6, w_mbc=0.0
[17:14:28]  CNN Dataset: 943 samples, 478 features → 22x22 image
[17:14:28]  Device: cpu
[17:14:28] 
============================================================
[17:14:28]  FOLD 1/5 — Train: 754, Val: 189
[17:14:28] ============================================================
[17:14:28]  Model parameters: 65,505
[17:14:28]   Fold 1/5 | Epoch   1 | LR 0.000140 | Train Loss 0.5168 | Val Loss 0.3324 | Val F1 0.0647
[17:14:33]   Fold 1/5 | Epoch  10 | LR 0.000699 | Train Loss 0.3576 | Val Loss 0.2949 | Val F1 0.1493
[17:14:38]   Fold 1/5 | Epoch  20 | LR 0.000691 | Train Loss 0.2732 | Val Loss 0.3269 | Val F1 0.1898
[17:14:43]   Fold 1/5 | Epoch  30 | LR 0.000674 | Train Loss 0.2061 | Val Loss 0.2902 | Val F1 0.2107
[17:14:48]   Fold 1/5 | Epoch  40 | LR 0.000649 | Train Loss 0.1843 | Val Loss 1.0461 | Val F1 0.1624
[17:14:53]   Fold 1/5 | Epoch  50 | LR 0.000616 | Train Loss 0.1630 | Val Loss 0.4382 | Val F1 0.1857
[17:14:58]   Early stopping at epoch 59 (patience=25)
[17:14:58]  Fold 1 — Best Val Loss: 0.2708, F1@0.5: 0.2005
[17:14:58] 
============================================================
[17:14:58]  FOLD 2/5 — Train: 754, Val: 189
[17:14:58] ============================================================
[17:14:59]   Fold 2/5 | Epoch   1 | LR 0.000140 | Train Loss 0.4946 | Val Loss 0.3591 | Val F1 0.1256
[17:15:03]   Fold 2/5 | Epoch  10 | LR 0.000699 | Train Loss 0.3234 | Val Loss 0.4051 | Val F1 0.1399
[17:15:08]   Fold 2/5 | Epoch  20 | LR 0.000691 | Train Loss 0.2482 | Val Loss 0.3555 | Val F1 0.1490
[17:15:13]   Fold 2/5 | Epoch  30 | LR 0.000674 | Train Loss 0.1965 | Val Loss 2.0060 | Val F1 0.1603
[17:15:18]   Fold 2/5 | Epoch  40 | LR 0.000649 | Train Loss 0.1768 | Val Loss 0.6795 | Val F1 0.1941
[17:15:23]   Early stopping at epoch 49 (patience=25)
[17:15:23]  Fold 2 — Best Val Loss: 0.3368, F1@0.5: 0.2023
[17:15:23] 
============================================================
[17:15:23]  FOLD 3/5 — Train: 754, Val: 189
[17:15:23] ============================================================
[17:15:23]   Fold 3/5 | Epoch   1 | LR 0.000140 | Train Loss 0.6011 | Val Loss 0.3302 | Val F1 0.0634
[17:15:28]   Fold 3/5 | Epoch  10 | LR 0.000699 | Train Loss 0.3357 | Val Loss 0.3699 | Val F1 0.1359
[17:15:33]   Fold 3/5 | Epoch  20 | LR 0.000691 | Train Loss 0.2553 | Val Loss 0.3085 | Val F1 0.1628
[17:15:38]   Fold 3/5 | Epoch  30 | LR 0.000674 | Train Loss 0.2018 | Val Loss 0.9064 | Val F1 0.1635
[17:15:43]   Fold 3/5 | Epoch  40 | LR 0.000649 | Train Loss 0.1771 | Val Loss 0.7404 | Val F1 0.1978
[17:15:46]   Early stopping at epoch 45 (patience=25)
[17:15:46]  Fold 3 — Best Val Loss: 0.3085, F1@0.5: 0.1628
[17:15:46] 
============================================================
[17:15:46]  FOLD 4/5 — Train: 755, Val: 188
[17:15:46] ============================================================
[17:15:46]   Fold 4/5 | Epoch   1 | LR 0.000140 | Train Loss 0.4931 | Val Loss 0.3037 | Val F1 0.1010
[17:15:51]   Fold 4/5 | Epoch  10 | LR 0.000699 | Train Loss 0.3480 | Val Loss 0.2996 | Val F1 0.1482
[17:15:56]   Fold 4/5 | Epoch  20 | LR 0.000691 | Train Loss 0.2860 | Val Loss 0.2907 | Val F1 0.1489
[17:16:01]   Fold 4/5 | Epoch  30 | LR 0.000674 | Train Loss 0.2089 | Val Loss 0.2734 | Val F1 0.1710
[17:16:06]   Fold 4/5 | Epoch  40 | LR 0.000649 | Train Loss 0.1778 | Val Loss 0.3162 | Val F1 0.1972
[17:16:11]   Fold 4/5 | Epoch  50 | LR 0.000616 | Train Loss 0.1606 | Val Loss 1.4564 | Val F1 0.1701
[17:16:11]   Early stopping at epoch 50 (patience=25)
[17:16:11]  Fold 4 — Best Val Loss: 0.2283, F1@0.5: 0.1842
[17:16:11] 
============================================================
[17:16:11]  FOLD 5/5 — Train: 755, Val: 188
[17:16:11] ============================================================
[17:16:12]   Fold 5/5 | Epoch   1 | LR 0.000140 | Train Loss 0.5041 | Val Loss 0.2978 | Val F1 0.0864
[17:16:16]   Fold 5/5 | Epoch  10 | LR 0.000699 | Train Loss 0.3529 | Val Loss 0.2778 | Val F1 0.1411
[17:16:21]   Fold 5/5 | Epoch  20 | LR 0.000691 | Train Loss 0.2848 | Val Loss 0.2577 | Val F1 0.2033
[17:16:26]   Fold 5/5 | Epoch  30 | LR 0.000674 | Train Loss 0.2165 | Val Loss 0.7389 | Val F1 0.1346
[17:16:32]   Fold 5/5 | Epoch  40 | LR 0.000649 | Train Loss 0.1899 | Val Loss 0.2177 | Val F1 0.2403
[17:16:36]   Fold 5/5 | Epoch  50 | LR 0.000616 | Train Loss 0.1741 | Val Loss 0.4150 | Val F1 0.1728
[17:16:42]   Fold 5/5 | Epoch  60 | LR 0.000576 | Train Loss 0.1414 | Val Loss 0.5416 | Val F1 0.2782
[17:16:44]   Early stopping at epoch 65 (patience=25)
[17:16:44]  Fold 5 — Best Val Loss: 0.2177, F1@0.5: 0.2403
[17:16:44] 
============================================================
[17:16:44]  K-FOLD RESULTS
[17:16:44] ============================================================
[17:16:44]  F1@0.5 per fold: ['0.2005', '0.2023', '0.1628', '0.1842', '0.2403']
[17:16:44]  Mean F1@0.5: 0.1980 ± 0.0255
[17:16:44] 
 Tuning per-action thresholds...
[17:16:45]  Threshold range: [0.05, 0.75], mean=0.52
[17:16:45] 
 With tuned thresholds:
[17:16:45]   Macro F1:   0.2399
[17:16:45]   Micro F1:   0.4577
[17:16:45]   Sample F1:  0.4593
[17:16:45]   Precision:  0.1933
[17:16:45]   Recall:     0.4938
[17:16:45] 
 Per-action F1 (tuned threshold):
[17:16:45]   D3-CCSA: F1=0.2857 (t=0.65, support=17)
[17:16:45]   D3-CE: F1=0.0622 (t=0.55, support=14)
[17:16:45]   D3-CQ: F1=0.2013 (t=0.55, support=71)
[17:16:45]   D3-CR: F1=0.1481 (t=0.55, support=6)
[17:16:45]   D3-CRO: F1=0.0351 (t=0.45, support=3)
[17:16:45]   D3-DNSDL: F1=0.1887 (t=0.60, support=25)
[17:16:45]   D3-EAL: F1=0.0193 (t=0.40, support=3)
[17:16:45]   D3-EDL: F1=0.1594 (t=0.50, support=51)
[17:16:45]   D3-EI: F1=0.1408 (t=0.55, support=12)
[17:16:45]   D3-FA: F1=0.0541 (t=0.60, support=11)
[17:16:45]   D3-FAPA: F1=0.3320 (t=0.55, support=84)
[17:16:45]   D3-FCOA: F1=0.0833 (t=0.55, support=4)
[17:16:45]   D3-FEV: F1=0.5989 (t=0.45, support=356)
[17:16:45]   D3-FIM: F1=0.1667 (t=0.55, support=3)
[17:16:45]   D3-FR: F1=0.1026 (t=0.65, support=12)
[17:16:45]   D3-FRDDL: F1=0.3853 (t=0.55, support=44)
[17:16:45]   D3-NI: F1=0.5707 (t=0.40, support=364)
[17:16:45]   D3-NTA: F1=0.0328 (t=0.45, support=8)
[17:16:45]   D3-OTF: F1=0.4530 (t=0.45, support=262)
[17:16:45]   D3-PA: F1=0.1465 (t=0.45, support=52)
[17:16:45]   D3-PCSV: F1=0.2255 (t=0.45, support=98)
[17:16:45]   D3-PLA: F1=0.1240 (t=0.55, support=38)
[17:16:45]   D3-PSA: F1=0.4587 (t=0.45, support=264)
[17:16:45]   D3-PSMD: F1=0.2857 (t=0.60, support=3)
[17:16:45]   D3-PT: F1=0.9789 (t=0.05, support=904)
[17:16:45]   D3-RC: F1=0.1333 (t=0.75, support=12)
[17:16:45]   D3-RF: F1=0.3902 (t=0.65, support=22)
[17:16:45]   D3-RKD: F1=0.4888 (t=0.45, support=148)
[17:16:45]   D3-SCA: F1=0.0508 (t=0.60, support=13)
[17:16:45]   D3-SEA: F1=0.0500 (t=0.50, support=3)
[17:16:45]   D3-SICA: F1=0.3406 (t=0.50, support=84)
[17:16:45]   D3-SJA: F1=0.1176 (t=0.60, support=4)
[17:16:45]   D3-ST: F1=0.1053 (t=0.70, support=13)
[17:16:45]  Result: Macro F1=0.2399, Micro F1=0.4577, P=0.1933, R=0.4938 (137s)
[17:16:45]  Current best: Case 40 (w_sig=0.4, w_ttp=0.1, w_mbc=0.5) → Macro F1=0.2857
[17:16:45] 
[Case 46/66] w_sig=0.5, w_ttp=0.0, w_mbc=0.5
[17:16:45]  CNN Dataset: 943 samples, 478 features → 22x22 image
[17:16:45]  Device: cpu
[17:16:45] 
============================================================
[17:16:45]  FOLD 1/5 — Train: 754, Val: 189
[17:16:45] ============================================================
[17:16:45]  Model parameters: 65,505
[17:16:45]   Fold 1/5 | Epoch   1 | LR 0.000140 | Train Loss 0.5178 | Val Loss 0.3240 | Val F1 0.0820
[17:16:50]   Fold 1/5 | Epoch  10 | LR 0.000699 | Train Loss 0.3475 | Val Loss 0.2804 | Val F1 0.1857
[17:16:55]   Fold 1/5 | Epoch  20 | LR 0.000691 | Train Loss 0.2610 | Val Loss 0.4493 | Val F1 0.1430
[17:17:00]   Fold 1/5 | Epoch  30 | LR 0.000674 | Train Loss 0.2119 | Val Loss 0.2577 | Val F1 0.2453
[17:17:05]   Fold 1/5 | Epoch  40 | LR 0.000649 | Train Loss 0.1911 | Val Loss 0.3900 | Val F1 0.2278
[17:17:10]   Fold 1/5 | Epoch  50 | LR 0.000616 | Train Loss 0.1708 | Val Loss 0.5178 | Val F1 0.2471
[17:17:12]   Early stopping at epoch 55 (patience=25)
[17:17:12]  Fold 1 — Best Val Loss: 0.2577, F1@0.5: 0.2453
[17:17:12] 
============================================================
[17:17:12]  FOLD 2/5 — Train: 754, Val: 189
[17:17:12] ============================================================
[17:17:13]   Fold 2/5 | Epoch   1 | LR 0.000140 | Train Loss 0.5210 | Val Loss 0.3723 | Val F1 0.0604
[17:17:17]   Fold 2/5 | Epoch  10 | LR 0.000699 | Train Loss 0.3314 | Val Loss 0.3908 | Val F1 0.1817
[17:17:23]   Fold 2/5 | Epoch  20 | LR 0.000691 | Train Loss 0.2496 | Val Loss 0.3322 | Val F1 0.2416
[17:17:28]   Fold 2/5 | Epoch  30 | LR 0.000674 | Train Loss 0.2224 | Val Loss 2.0392 | Val F1 0.1200
[17:17:33]   Fold 2/5 | Epoch  40 | LR 0.000649 | Train Loss 0.1741 | Val Loss 0.3981 | Val F1 0.2646
[17:17:39]   Fold 2/5 | Epoch  50 | LR 0.000616 | Train Loss 0.1655 | Val Loss 0.8057 | Val F1 0.2514
[17:17:42]   Early stopping at epoch 57 (patience=25)
[17:17:42]  Fold 2 — Best Val Loss: 0.3052, F1@0.5: 0.2665
[17:17:42] 
============================================================
[17:17:42]  FOLD 3/5 — Train: 754, Val: 189
[17:17:42] ============================================================
[17:17:43]   Fold 3/5 | Epoch   1 | LR 0.000140 | Train Loss 0.5005 | Val Loss 0.3834 | Val F1 0.0747
[17:17:47]   Fold 3/5 | Epoch  10 | LR 0.000699 | Train Loss 0.3346 | Val Loss 0.3221 | Val F1 0.1856
[17:17:52]   Fold 3/5 | Epoch  20 | LR 0.000691 | Train Loss 0.2501 | Val Loss 0.4068 | Val F1 0.1964
[17:17:57]   Fold 3/5 | Epoch  30 | LR 0.000674 | Train Loss 0.2134 | Val Loss 0.7124 | Val F1 0.1979
[17:18:03]   Fold 3/5 | Epoch  40 | LR 0.000649 | Train Loss 0.1789 | Val Loss 0.4635 | Val F1 0.2001
[17:18:07]   Fold 3/5 | Epoch  50 | LR 0.000616 | Train Loss 0.1642 | Val Loss 1.0104 | Val F1 0.2103
[17:18:13]   Fold 3/5 | Epoch  60 | LR 0.000576 | Train Loss 0.1385 | Val Loss 0.7164 | Val F1 0.2445
[17:18:16]   Early stopping at epoch 66 (patience=25)
[17:18:16]  Fold 3 — Best Val Loss: 0.2801, F1@0.5: 0.1803
[17:18:16] 
============================================================
[17:18:16]  FOLD 4/5 — Train: 755, Val: 188
[17:18:16] ============================================================
[17:18:16]   Fold 4/5 | Epoch   1 | LR 0.000140 | Train Loss 0.5121 | Val Loss 0.3110 | Val F1 0.0539
[17:18:21]   Fold 4/5 | Epoch  10 | LR 0.000699 | Train Loss 0.3510 | Val Loss 0.2854 | Val F1 0.1532
[17:18:26]   Fold 4/5 | Epoch  20 | LR 0.000691 | Train Loss 0.2612 | Val Loss 0.2715 | Val F1 0.2144
[17:18:31]   Fold 4/5 | Epoch  30 | LR 0.000674 | Train Loss 0.2267 | Val Loss 0.4158 | Val F1 0.1908
[17:18:36]   Fold 4/5 | Epoch  40 | LR 0.000649 | Train Loss 0.2031 | Val Loss 1.1528 | Val F1 0.1169
[17:18:42]   Fold 4/5 | Epoch  50 | LR 0.000616 | Train Loss 0.1739 | Val Loss 0.5341 | Val F1 0.2372
[17:18:44]   Early stopping at epoch 56 (patience=25)
[17:18:45]  Fold 4 — Best Val Loss: 0.2452, F1@0.5: 0.2355
[17:18:45] 
============================================================
[17:18:45]  FOLD 5/5 — Train: 755, Val: 188
[17:18:45] ============================================================
[17:18:45]   Fold 5/5 | Epoch   1 | LR 0.000140 | Train Loss 0.5071 | Val Loss 0.2952 | Val F1 0.0444
[17:18:50]   Fold 5/5 | Epoch  10 | LR 0.000699 | Train Loss 0.3445 | Val Loss 0.2761 | Val F1 0.1610
[17:18:55]   Fold 5/5 | Epoch  20 | LR 0.000691 | Train Loss 0.2557 | Val Loss 0.2595 | Val F1 0.1982
[17:19:00]   Fold 5/5 | Epoch  30 | LR 0.000674 | Train Loss 0.2198 | Val Loss 0.2303 | Val F1 0.2340
[17:19:05]   Fold 5/5 | Epoch  40 | LR 0.000649 | Train Loss 0.1815 | Val Loss 0.5190 | Val F1 0.2046
[17:19:10]   Fold 5/5 | Epoch  50 | LR 0.000616 | Train Loss 0.1582 | Val Loss 0.6554 | Val F1 0.2260
[17:19:13]   Early stopping at epoch 57 (patience=25)
[17:19:14]  Fold 5 — Best Val Loss: 0.2213, F1@0.5: 0.2350
[17:19:14] 
============================================================
[17:19:14]  K-FOLD RESULTS
[17:19:14] ============================================================
[17:19:14]  F1@0.5 per fold: ['0.2453', '0.2665', '0.1803', '0.2355', '0.2350']
[17:19:14]  Mean F1@0.5: 0.2325 ± 0.0285
[17:19:14] 
 Tuning per-action thresholds...
[17:19:14]  Threshold range: [0.05, 0.85], mean=0.56
[17:19:14] 
 With tuned thresholds:
[17:19:14]   Macro F1:   0.3003
[17:19:14]   Micro F1:   0.5220
[17:19:14]   Sample F1:  0.5172
[17:19:14]   Precision:  0.2651
[17:19:14]   Recall:     0.5208
[17:19:14] 
 Per-action F1 (tuned threshold):
[17:19:14]   D3-CCSA: F1=0.3478 (t=0.75, support=17)
[17:19:14]   D3-CE: F1=0.0686 (t=0.60, support=14)
[17:19:14]   D3-CQ: F1=0.1734 (t=0.60, support=71)
[17:19:14]   D3-CR: F1=0.2000 (t=0.65, support=6)
[17:19:14]   D3-CRO: F1=0.0952 (t=0.60, support=3)
[17:19:14]   D3-DNSDL: F1=0.2456 (t=0.65, support=25)
[17:19:14]   D3-EAL: F1=0.0426 (t=0.50, support=3)
[17:19:14]   D3-EDL: F1=0.1636 (t=0.50, support=51)
[17:19:14]   D3-EI: F1=0.0741 (t=0.60, support=12)
[17:19:14]   D3-FA: F1=0.0870 (t=0.65, support=11)
[17:19:14]   D3-FAPA: F1=0.6304 (t=0.55, support=84)
[17:19:14]   D3-FCOA: F1=0.0161 (t=0.35, support=4)
[17:19:14]   D3-FEV: F1=0.6310 (t=0.45, support=356)
[17:19:14]   D3-FIM: F1=0.6667 (t=0.55, support=3)
[17:19:14]   D3-FR: F1=0.2000 (t=0.70, support=12)
[17:19:14]   D3-FRDDL: F1=0.3816 (t=0.50, support=44)
[17:19:14]   D3-NI: F1=0.6384 (t=0.50, support=364)
[17:19:14]   D3-NTA: F1=0.1538 (t=0.70, support=8)
[17:19:14]   D3-OTF: F1=0.5466 (t=0.50, support=262)
[17:19:14]   D3-PA: F1=0.2362 (t=0.50, support=52)
[17:19:14]   D3-PCSV: F1=0.2239 (t=0.45, support=98)
[17:19:14]   D3-PLA: F1=0.2347 (t=0.55, support=38)
[17:19:14]   D3-PSA: F1=0.4886 (t=0.50, support=264)
[17:19:14]   D3-PSMD: F1=0.0563 (t=0.45, support=3)
[17:19:14]   D3-PT: F1=0.9789 (t=0.05, support=904)
[17:19:14]   D3-RC: F1=0.3111 (t=0.70, support=12)
[17:19:14]   D3-RF: F1=0.3810 (t=0.65, support=22)
[17:19:14]   D3-RKD: F1=0.5680 (t=0.45, support=148)
[17:19:14]   D3-SCA: F1=0.0769 (t=0.70, support=13)
[17:19:14]   D3-SEA: F1=0.0308 (t=0.50, support=3)
[17:19:14]   D3-SICA: F1=0.3733 (t=0.50, support=84)
[17:19:14]   D3-SJA: F1=0.4000 (t=0.85, support=4)
[17:19:14]   D3-ST: F1=0.1887 (t=0.65, support=13)
[17:19:14]  Result: Macro F1=0.3003, Micro F1=0.5220, P=0.2651, R=0.5208 (149s)
[17:19:14]  Current best: Case 46 (w_sig=0.5, w_ttp=0.0, w_mbc=0.5) → Macro F1=0.3003
[17:19:14] 
[Case 47/66] w_sig=0.5, w_ttp=0.1, w_mbc=0.4
[17:19:14]  CNN Dataset: 943 samples, 478 features → 22x22 image
[17:19:14]  Device: cpu
[17:19:14] 
============================================================
[17:19:14]  FOLD 1/5 — Train: 754, Val: 189
[17:19:14] ============================================================
[17:19:14]  Model parameters: 65,505
[17:19:15]   Fold 1/5 | Epoch   1 | LR 0.000140 | Train Loss 0.5149 | Val Loss 0.3235 | Val F1 0.0647
[17:19:19]   Fold 1/5 | Epoch  10 | LR 0.000699 | Train Loss 0.3491 | Val Loss 0.2729 | Val F1 0.2133
[17:19:24]   Fold 1/5 | Epoch  20 | LR 0.000691 | Train Loss 0.2556 | Val Loss 1.1044 | Val F1 0.1310
[17:19:30]   Fold 1/5 | Epoch  30 | LR 0.000674 | Train Loss 0.2064 | Val Loss 0.3500 | Val F1 0.1885
[17:19:34]   Early stopping at epoch 38 (patience=25)
[17:19:34]  Fold 1 — Best Val Loss: 0.2624, F1@0.5: 0.2270
[17:19:34] 
============================================================
[17:19:34]  FOLD 2/5 — Train: 754, Val: 189
[17:19:34] ============================================================
[17:19:34]   Fold 2/5 | Epoch   1 | LR 0.000140 | Train Loss 0.5199 | Val Loss 0.3922 | Val F1 0.0788
[17:19:39]   Fold 2/5 | Epoch  10 | LR 0.000699 | Train Loss 0.3229 | Val Loss 0.4024 | Val F1 0.1865
[17:19:44]   Fold 2/5 | Epoch  20 | LR 0.000691 | Train Loss 0.2452 | Val Loss 0.6791 | Val F1 0.1572
[17:19:49]   Fold 2/5 | Epoch  30 | LR 0.000674 | Train Loss 0.1947 | Val Loss 1.1239 | Val F1 0.1958
[17:19:55]   Fold 2/5 | Epoch  40 | LR 0.000649 | Train Loss 0.1715 | Val Loss 0.6519 | Val F1 0.1681
[17:20:00]   Fold 2/5 | Epoch  50 | LR 0.000616 | Train Loss 0.1557 | Val Loss 0.4966 | Val F1 0.2298
[17:20:04]   Early stopping at epoch 56 (patience=25)
[17:20:04]  Fold 2 — Best Val Loss: 0.3671, F1@0.5: 0.2547
[17:20:04] 
============================================================
[17:20:04]  FOLD 3/5 — Train: 754, Val: 189
[17:20:04] ============================================================
[17:20:04]   Fold 3/5 | Epoch   1 | LR 0.000140 | Train Loss 0.4865 | Val Loss 0.3380 | Val F1 0.0378
[17:20:10]   Fold 3/5 | Epoch  10 | LR 0.000699 | Train Loss 0.3243 | Val Loss 0.3927 | Val F1 0.1553
[17:20:16]   Fold 3/5 | Epoch  20 | LR 0.000691 | Train Loss 0.2422 | Val Loss 0.7642 | Val F1 0.1148
[17:20:21]   Fold 3/5 | Epoch  30 | LR 0.000674 | Train Loss 0.2060 | Val Loss 0.4022 | Val F1 0.2105
[17:20:21]   Early stopping at epoch 30 (patience=25)
[17:20:21]  Fold 3 — Best Val Loss: 0.3209, F1@0.5: 0.1238
[17:20:21] 
============================================================
[17:20:21]  FOLD 4/5 — Train: 755, Val: 188
[17:20:21] ============================================================
[17:20:21]   Fold 4/5 | Epoch   1 | LR 0.000140 | Train Loss 0.4928 | Val Loss 0.2873 | Val F1 0.0617
[17:20:25]   Fold 4/5 | Epoch  10 | LR 0.000699 | Train Loss 0.3455 | Val Loss 0.3092 | Val F1 0.1842
[17:20:30]   Fold 4/5 | Epoch  20 | LR 0.000691 | Train Loss 0.2651 | Val Loss 0.3369 | Val F1 0.2361
[17:20:35]   Fold 4/5 | Epoch  30 | LR 0.000674 | Train Loss 0.2176 | Val Loss 1.2487 | Val F1 0.1827
[17:20:41]   Fold 4/5 | Epoch  40 | LR 0.000649 | Train Loss 0.1847 | Val Loss 0.5834 | Val F1 0.1879
[17:20:44]   Early stopping at epoch 47 (patience=25)
[17:20:44]  Fold 4 — Best Val Loss: 0.2775, F1@0.5: 0.2192
[17:20:44] 
============================================================
[17:20:44]  FOLD 5/5 — Train: 755, Val: 188
[17:20:44] ============================================================
[17:20:45]   Fold 5/5 | Epoch   1 | LR 0.000140 | Train Loss 0.4780 | Val Loss 0.3054 | Val F1 0.0876
[17:20:49]   Fold 5/5 | Epoch  10 | LR 0.000699 | Train Loss 0.3470 | Val Loss 0.2731 | Val F1 0.1599
[17:20:55]   Fold 5/5 | Epoch  20 | LR 0.000691 | Train Loss 0.2597 | Val Loss 0.4933 | Val F1 0.1393
[17:21:00]   Fold 5/5 | Epoch  30 | LR 0.000674 | Train Loss 0.2055 | Val Loss 0.2589 | Val F1 0.2502
[17:21:05]   Fold 5/5 | Epoch  40 | LR 0.000649 | Train Loss 0.1729 | Val Loss 1.3811 | Val F1 0.1246
[17:21:09]   Early stopping at epoch 47 (patience=25)
[17:21:09]  Fold 5 — Best Val Loss: 0.2287, F1@0.5: 0.2200
[17:21:09] 
============================================================
[17:21:09]  K-FOLD RESULTS
[17:21:09] ============================================================
[17:21:09]  F1@0.5 per fold: ['0.2270', '0.2547', '0.1238', '0.2192', '0.2200']
[17:21:09]  Mean F1@0.5: 0.2090 ± 0.0445
[17:21:09] 
 Tuning per-action thresholds...
[17:21:10]  Threshold range: [0.05, 0.70], mean=0.52
[17:21:10] 
 With tuned thresholds:
[17:21:10]   Macro F1:   0.2550
[17:21:10]   Micro F1:   0.4651
[17:21:10]   Sample F1:  0.4643
[17:21:10]   Precision:  0.2516
[17:21:10]   Recall:     0.4572
[17:21:10] 
 Per-action F1 (tuned threshold):
[17:21:10]   D3-CCSA: F1=0.2381 (t=0.70, support=17)
[17:21:10]   D3-CE: F1=0.1739 (t=0.60, support=14)
[17:21:10]   D3-CQ: F1=0.1839 (t=0.50, support=71)
[17:21:10]   D3-CR: F1=0.1667 (t=0.60, support=6)
[17:21:10]   D3-CRO: F1=0.0727 (t=0.45, support=3)
[17:21:10]   D3-DNSDL: F1=0.2973 (t=0.50, support=25)
[17:21:10]   D3-EAL: F1=0.0113 (t=0.35, support=3)
[17:21:10]   D3-EDL: F1=0.1574 (t=0.50, support=51)
[17:21:10]   D3-EI: F1=0.2162 (t=0.55, support=12)
[17:21:10]   D3-FA: F1=0.1667 (t=0.70, support=11)
[17:21:10]   D3-FAPA: F1=0.4813 (t=0.55, support=84)
[17:21:10]   D3-FCOA: F1=0.0172 (t=0.45, support=4)
[17:21:10]   D3-FEV: F1=0.5781 (t=0.45, support=356)
[17:21:10]   D3-FIM: F1=0.3333 (t=0.45, support=3)
[17:21:10]   D3-FR: F1=0.1250 (t=0.55, support=12)
[17:21:10]   D3-FRDDL: F1=0.3968 (t=0.55, support=44)
[17:21:10]   D3-NI: F1=0.5738 (t=0.45, support=364)
[17:21:10]   D3-NTA: F1=0.0800 (t=0.55, support=8)
[17:21:10]   D3-OTF: F1=0.4677 (t=0.50, support=262)
[17:21:10]   D3-PA: F1=0.1443 (t=0.50, support=52)
[17:21:10]   D3-PCSV: F1=0.2202 (t=0.50, support=98)
[17:21:10]   D3-PLA: F1=0.1662 (t=0.50, support=38)
[17:21:10]   D3-PSA: F1=0.4583 (t=0.45, support=264)
[17:21:10]   D3-PSMD: F1=0.0541 (t=0.40, support=3)
[17:21:10]   D3-PT: F1=0.9789 (t=0.05, support=904)
[17:21:10]   D3-RC: F1=0.1053 (t=0.70, support=12)
[17:21:10]   D3-RF: F1=0.3750 (t=0.70, support=22)
[17:21:10]   D3-RKD: F1=0.5198 (t=0.50, support=148)
[17:21:10]   D3-SCA: F1=0.0714 (t=0.70, support=13)
[17:21:10]   D3-SEA: F1=0.0131 (t=0.40, support=3)
[17:21:10]   D3-SICA: F1=0.3529 (t=0.55, support=84)
[17:21:10]   D3-SJA: F1=0.0175 (t=0.45, support=4)
[17:21:10]   D3-ST: F1=0.2000 (t=0.65, support=13)
[17:21:10]  Result: Macro F1=0.2550, Micro F1=0.4651, P=0.2516, R=0.4572 (115s)
[17:21:10]  Current best: Case 46 (w_sig=0.5, w_ttp=0.0, w_mbc=0.5) → Macro F1=0.3003
[17:21:10] 
[Case 48/66] w_sig=0.5, w_ttp=0.2, w_mbc=0.3
[17:21:10]  CNN Dataset: 943 samples, 478 features → 22x22 image
[17:21:10]  Device: cpu
[17:21:10] 
============================================================
[17:21:10]  FOLD 1/5 — Train: 754, Val: 189
[17:21:10] ============================================================
[17:21:10]  Model parameters: 65,505
[17:21:10]   Fold 1/5 | Epoch   1 | LR 0.000140 | Train Loss 0.5129 | Val Loss 0.3299 | Val F1 0.0647
[17:21:15]   Fold 1/5 | Epoch  10 | LR 0.000699 | Train Loss 0.3442 | Val Loss 0.2920 | Val F1 0.1817
[17:21:20]   Fold 1/5 | Epoch  20 | LR 0.000691 | Train Loss 0.2508 | Val Loss 0.3685 | Val F1 0.2028
[17:21:25]   Fold 1/5 | Epoch  30 | LR 0.000674 | Train Loss 0.2022 | Val Loss 0.8916 | Val F1 0.1551
[17:21:29]   Early stopping at epoch 37 (patience=25)
[17:21:29]  Fold 1 — Best Val Loss: 0.2737, F1@0.5: 0.1535
[17:21:29] 
============================================================
[17:21:29]  FOLD 2/5 — Train: 754, Val: 189
[17:21:29] ============================================================
[17:21:29]   Fold 2/5 | Epoch   1 | LR 0.000140 | Train Loss 0.4893 | Val Loss 0.3813 | Val F1 0.0689
[17:21:34]   Fold 2/5 | Epoch  10 | LR 0.000699 | Train Loss 0.3094 | Val Loss 0.4438 | Val F1 0.1423
[17:21:39]   Fold 2/5 | Epoch  20 | LR 0.000691 | Train Loss 0.2290 | Val Loss 0.5282 | Val F1 0.2201
[17:21:44]   Early stopping at epoch 29 (patience=25)
[17:21:44]  Fold 2 — Best Val Loss: 0.3767, F1@0.5: 0.1170
[17:21:44] 
============================================================
[17:21:44]  FOLD 3/5 — Train: 754, Val: 189
[17:21:44] ============================================================
[17:21:44]   Fold 3/5 | Epoch   1 | LR 0.000140 | Train Loss 0.5151 | Val Loss 0.3419 | Val F1 0.0423
[17:21:49]   Fold 3/5 | Epoch  10 | LR 0.000699 | Train Loss 0.3199 | Val Loss 0.3327 | Val F1 0.1776
[17:21:54]   Fold 3/5 | Epoch  20 | LR 0.000691 | Train Loss 0.2429 | Val Loss 0.4008 | Val F1 0.2047
[17:22:00]   Fold 3/5 | Epoch  30 | LR 0.000674 | Train Loss 0.1948 | Val Loss 1.0459 | Val F1 0.2346
[17:22:01]   Early stopping at epoch 32 (patience=25)
[17:22:01]  Fold 3 — Best Val Loss: 0.3093, F1@0.5: 0.1846
[17:22:01] 
============================================================
[17:22:01]  FOLD 4/5 — Train: 755, Val: 188
[17:22:01] ============================================================
[17:22:01]   Fold 4/5 | Epoch   1 | LR 0.000140 | Train Loss 0.5349 | Val Loss 0.3053 | Val F1 0.0639
[17:22:06]   Fold 4/5 | Epoch  10 | LR 0.000699 | Train Loss 0.3449 | Val Loss 0.2659 | Val F1 0.1804
[17:22:12]   Fold 4/5 | Epoch  20 | LR 0.000691 | Train Loss 0.2545 | Val Loss 0.3700 | Val F1 0.1358
[17:22:17]   Fold 4/5 | Epoch  30 | LR 0.000674 | Train Loss 0.2043 | Val Loss 0.4285 | Val F1 0.1883
[17:22:21]   Fold 4/5 | Epoch  40 | LR 0.000649 | Train Loss 0.1673 | Val Loss 0.3789 | Val F1 0.2444
[17:22:23]   Early stopping at epoch 44 (patience=25)
[17:22:23]  Fold 4 — Best Val Loss: 0.2484, F1@0.5: 0.2415
[17:22:23] 
============================================================
[17:22:23]  FOLD 5/5 — Train: 755, Val: 188
[17:22:23] ============================================================
[17:22:24]   Fold 5/5 | Epoch   1 | LR 0.000140 | Train Loss 0.5117 | Val Loss 0.3027 | Val F1 0.0728
[17:22:29]   Fold 5/5 | Epoch  10 | LR 0.000699 | Train Loss 0.3334 | Val Loss 0.2933 | Val F1 0.1682
[17:22:34]   Fold 5/5 | Epoch  20 | LR 0.000691 | Train Loss 0.2461 | Val Loss 0.4861 | Val F1 0.1532
[17:22:40]   Fold 5/5 | Epoch  30 | LR 0.000674 | Train Loss 0.1923 | Val Loss 0.3391 | Val F1 0.1873
[17:22:45]   Fold 5/5 | Epoch  40 | LR 0.000649 | Train Loss 0.1787 | Val Loss 0.7416 | Val F1 0.1752
[17:22:49]   Early stopping at epoch 49 (patience=25)
[17:22:49]  Fold 5 — Best Val Loss: 0.2627, F1@0.5: 0.1808
[17:22:49] 
============================================================
[17:22:49]  K-FOLD RESULTS
[17:22:49] ============================================================
[17:22:49]  F1@0.5 per fold: ['0.1535', '0.1170', '0.1846', '0.2415', '0.1808']
[17:22:49]  Mean F1@0.5: 0.1755 ± 0.0410
[17:22:49] 
 Tuning per-action thresholds...
[17:22:50]  Threshold range: [0.05, 0.70], mean=0.48
[17:22:50] 
 With tuned thresholds:
[17:22:50]   Macro F1:   0.2242
[17:22:50]   Micro F1:   0.3502
[17:22:50]   Sample F1:  0.3545
[17:22:50]   Precision:  0.1964
[17:22:50]   Recall:     0.5328
[17:22:50] 
 Per-action F1 (tuned threshold):
[17:22:50]   D3-CCSA: F1=0.1739 (t=0.70, support=17)
[17:22:50]   D3-CE: F1=0.0356 (t=0.40, support=14)
[17:22:50]   D3-CQ: F1=0.1763 (t=0.50, support=71)
[17:22:50]   D3-CR: F1=0.2222 (t=0.60, support=6)
[17:22:50]   D3-CRO: F1=0.0219 (t=0.45, support=3)
[17:22:50]   D3-DNSDL: F1=0.1622 (t=0.50, support=25)
[17:22:50]   D3-EAL: F1=0.0098 (t=0.30, support=3)
[17:22:50]   D3-EDL: F1=0.1346 (t=0.50, support=51)
[17:22:50]   D3-EI: F1=0.0690 (t=0.55, support=12)
[17:22:50]   D3-FA: F1=0.0440 (t=0.50, support=11)
[17:22:50]   D3-FAPA: F1=0.4686 (t=0.60, support=84)
[17:22:50]   D3-FCOA: F1=0.0092 (t=0.25, support=4)
[17:22:50]   D3-FEV: F1=0.5663 (t=0.50, support=356)
[17:22:50]   D3-FIM: F1=0.0800 (t=0.45, support=3)
[17:22:50]   D3-FR: F1=0.0430 (t=0.50, support=12)
[17:22:50]   D3-FRDDL: F1=0.3478 (t=0.65, support=44)
[17:22:50]   D3-NI: F1=0.5616 (t=0.45, support=364)
[17:22:50]   D3-NTA: F1=0.0606 (t=0.50, support=8)
[17:22:50]   D3-OTF: F1=0.4669 (t=0.50, support=262)
[17:22:50]   D3-PA: F1=0.1227 (t=0.45, support=52)
[17:22:50]   D3-PCSV: F1=0.2609 (t=0.50, support=98)
[17:22:50]   D3-PLA: F1=0.1310 (t=0.50, support=38)
[17:22:50]   D3-PSA: F1=0.4531 (t=0.45, support=264)
[17:22:50]   D3-PSMD: F1=0.3333 (t=0.60, support=3)
[17:22:50]   D3-PT: F1=0.9789 (t=0.05, support=904)
[17:22:50]   D3-RC: F1=0.2000 (t=0.65, support=12)
[17:22:50]   D3-RF: F1=0.3396 (t=0.55, support=22)
[17:22:50]   D3-RKD: F1=0.4106 (t=0.55, support=148)
[17:22:50]   D3-SCA: F1=0.0348 (t=0.45, support=13)
[17:22:50]   D3-SEA: F1=0.0086 (t=0.30, support=3)
[17:22:50]   D3-SICA: F1=0.2824 (t=0.50, support=84)
[17:22:50]   D3-SJA: F1=0.0162 (t=0.35, support=4)
[17:22:50]   D3-ST: F1=0.1739 (t=0.60, support=13)
[17:22:50]  Result: Macro F1=0.2242, Micro F1=0.3502, P=0.1964, R=0.5328 (101s)
[17:22:50]  Current best: Case 46 (w_sig=0.5, w_ttp=0.0, w_mbc=0.5) → Macro F1=0.3003
[17:22:50] 
[Case 49/66] w_sig=0.5, w_ttp=0.3, w_mbc=0.2
[17:22:50]  CNN Dataset: 943 samples, 478 features → 22x22 image
[17:22:50]  Device: cpu
[17:22:50] 
============================================================
[17:22:50]  FOLD 1/5 — Train: 754, Val: 189
[17:22:50] ============================================================
[17:22:50]  Model parameters: 65,505
[17:22:51]   Fold 1/5 | Epoch   1 | LR 0.000140 | Train Loss 0.5145 | Val Loss 0.3341 | Val F1 0.0647
[17:22:56]   Fold 1/5 | Epoch  10 | LR 0.000699 | Train Loss 0.3398 | Val Loss 0.2876 | Val F1 0.1912
[17:23:01]   Fold 1/5 | Epoch  20 | LR 0.000691 | Train Loss 0.2528 | Val Loss 1.2787 | Val F1 0.1067
[17:23:06]   Fold 1/5 | Epoch  30 | LR 0.000674 | Train Loss 0.1989 | Val Loss 0.9539 | Val F1 0.1972
[17:23:11]   Fold 1/5 | Epoch  40 | LR 0.000649 | Train Loss 0.1694 | Val Loss 0.4548 | Val F1 0.1710
[17:23:12]   Early stopping at epoch 42 (patience=25)
[17:23:12]  Fold 1 — Best Val Loss: 0.2621, F1@0.5: 0.2096
[17:23:12] 
============================================================
[17:23:12]  FOLD 2/5 — Train: 754, Val: 189
[17:23:12] ============================================================
[17:23:13]   Fold 2/5 | Epoch   1 | LR 0.000140 | Train Loss 0.4709 | Val Loss 0.3921 | Val F1 0.1106
[17:23:17]   Fold 2/5 | Epoch  10 | LR 0.000699 | Train Loss 0.3216 | Val Loss 0.4520 | Val F1 0.1601
[17:23:22]   Fold 2/5 | Epoch  20 | LR 0.000691 | Train Loss 0.2335 | Val Loss 0.3781 | Val F1 0.1944
[17:23:28]   Fold 2/5 | Epoch  30 | LR 0.000674 | Train Loss 0.1787 | Val Loss 1.1159 | Val F1 0.1824
[17:23:31]   Early stopping at epoch 36 (patience=25)
[17:23:31]  Fold 2 — Best Val Loss: 0.3602, F1@0.5: 0.1776
[17:23:31] 
============================================================
[17:23:31]  FOLD 3/5 — Train: 754, Val: 189
[17:23:31] ============================================================
[17:23:31]   Fold 3/5 | Epoch   1 | LR 0.000140 | Train Loss 0.5272 | Val Loss 0.3536 | Val F1 0.0293
[17:23:36]   Fold 3/5 | Epoch  10 | LR 0.000699 | Train Loss 0.3266 | Val Loss 0.3615 | Val F1 0.1493
[17:23:41]   Fold 3/5 | Epoch  20 | LR 0.000691 | Train Loss 0.2363 | Val Loss 0.5414 | Val F1 0.1173
[17:23:47]   Fold 3/5 | Epoch  30 | LR 0.000674 | Train Loss 0.1959 | Val Loss 1.3288 | Val F1 0.1490
[17:23:52]   Fold 3/5 | Epoch  40 | LR 0.000649 | Train Loss 0.1589 | Val Loss 1.0874 | Val F1 0.2098
[17:23:52]   Early stopping at epoch 41 (patience=25)
[17:23:52]  Fold 3 — Best Val Loss: 0.3064, F1@0.5: 0.2289
[17:23:52] 
============================================================
[17:23:52]  FOLD 4/5 — Train: 755, Val: 188
[17:23:52] ============================================================
[17:23:53]   Fold 4/5 | Epoch   1 | LR 0.000140 | Train Loss 0.4867 | Val Loss 0.3262 | Val F1 0.0553
[17:23:57]   Fold 4/5 | Epoch  10 | LR 0.000699 | Train Loss 0.3360 | Val Loss 0.3102 | Val F1 0.1798
[17:24:03]   Fold 4/5 | Epoch  20 | LR 0.000691 | Train Loss 0.2480 | Val Loss 0.3996 | Val F1 0.1699
[17:24:08]   Fold 4/5 | Epoch  30 | LR 0.000674 | Train Loss 0.1995 | Val Loss 0.3683 | Val F1 0.2193
[17:24:14]   Fold 4/5 | Epoch  40 | LR 0.000649 | Train Loss 0.1674 | Val Loss 0.4962 | Val F1 0.1811
[17:24:14]   Early stopping at epoch 41 (patience=25)
[17:24:14]  Fold 4 — Best Val Loss: 0.2426, F1@0.5: 0.2119
[17:24:14] 
============================================================
[17:24:14]  FOLD 5/5 — Train: 755, Val: 188
[17:24:14] ============================================================
[17:24:14]   Fold 5/5 | Epoch   1 | LR 0.000140 | Train Loss 0.5033 | Val Loss 0.3487 | Val F1 0.0468
[17:24:19]   Fold 5/5 | Epoch  10 | LR 0.000699 | Train Loss 0.3484 | Val Loss 0.3075 | Val F1 0.1129
[17:24:25]   Fold 5/5 | Epoch  20 | LR 0.000691 | Train Loss 0.2606 | Val Loss 0.3001 | Val F1 0.1749
[17:24:29]   Fold 5/5 | Epoch  30 | LR 0.000674 | Train Loss 0.1973 | Val Loss 0.9460 | Val F1 0.1657
[17:24:35]   Fold 5/5 | Epoch  40 | LR 0.000649 | Train Loss 0.1645 | Val Loss 0.2578 | Val F1 0.1904
[17:24:40]   Fold 5/5 | Epoch  50 | LR 0.000616 | Train Loss 0.1469 | Val Loss 1.8999 | Val F1 0.1302
[17:24:45]   Fold 5/5 | Epoch  60 | LR 0.000576 | Train Loss 0.1330 | Val Loss 0.9925 | Val F1 0.2039
[17:24:47]   Early stopping at epoch 64 (patience=25)
[17:24:47]  Fold 5 — Best Val Loss: 0.2464, F1@0.5: 0.2541
[17:24:47] 
============================================================
[17:24:47]  K-FOLD RESULTS
[17:24:47] ============================================================
[17:24:47]  F1@0.5 per fold: ['0.2096', '0.1776', '0.2289', '0.2119', '0.2541']
[17:24:47]  Mean F1@0.5: 0.2164 ± 0.0251
[17:24:47] 
 Tuning per-action thresholds...
[17:24:48]  Threshold range: [0.05, 0.75], mean=0.50
[17:24:48] 
 With tuned thresholds:
[17:24:48]   Macro F1:   0.2569
[17:24:48]   Micro F1:   0.4067
[17:24:48]   Sample F1:  0.4066
[17:24:48]   Precision:  0.2371
[17:24:48]   Recall:     0.5261
[17:24:48] 
 Per-action F1 (tuned threshold):
[17:24:48]   D3-CCSA: F1=0.3214 (t=0.60, support=17)
[17:24:48]   D3-CE: F1=0.0741 (t=0.60, support=14)
[17:24:48]   D3-CQ: F1=0.1612 (t=0.50, support=71)
[17:24:48]   D3-CR: F1=0.2667 (t=0.55, support=6)
[17:24:48]   D3-CRO: F1=0.0194 (t=0.45, support=3)
[17:24:48]   D3-DNSDL: F1=0.2264 (t=0.55, support=25)
[17:24:48]   D3-EAL: F1=0.0095 (t=0.30, support=3)
[17:24:48]   D3-EDL: F1=0.1441 (t=0.55, support=51)
[17:24:48]   D3-EI: F1=0.1000 (t=0.65, support=12)
[17:24:48]   D3-FA: F1=0.0447 (t=0.50, support=11)
[17:24:48]   D3-FAPA: F1=0.5229 (t=0.60, support=84)
[17:24:48]   D3-FCOA: F1=0.0120 (t=0.30, support=4)
[17:24:48]   D3-FEV: F1=0.6063 (t=0.45, support=356)
[17:24:48]   D3-FIM: F1=0.5000 (t=0.55, support=3)
[17:24:48]   D3-FR: F1=0.0381 (t=0.45, support=12)
[17:24:48]   D3-FRDDL: F1=0.4511 (t=0.55, support=44)
[17:24:48]   D3-NI: F1=0.6000 (t=0.50, support=364)
[17:24:48]   D3-NTA: F1=0.0800 (t=0.60, support=8)
[17:24:48]   D3-OTF: F1=0.4636 (t=0.45, support=262)
[17:24:48]   D3-PA: F1=0.1444 (t=0.50, support=52)
[17:24:48]   D3-PCSV: F1=0.2591 (t=0.55, support=98)
[17:24:48]   D3-PLA: F1=0.1293 (t=0.50, support=38)
[17:24:48]   D3-PSA: F1=0.4614 (t=0.50, support=264)
[17:24:48]   D3-PSMD: F1=0.0870 (t=0.50, support=3)
[17:24:48]   D3-PT: F1=0.9789 (t=0.05, support=904)
[17:24:48]   D3-RC: F1=0.3158 (t=0.60, support=12)
[17:24:48]   D3-RF: F1=0.2985 (t=0.60, support=22)
[17:24:48]   D3-RKD: F1=0.5053 (t=0.50, support=148)
[17:24:48]   D3-SCA: F1=0.0741 (t=0.55, support=13)
[17:24:48]   D3-SEA: F1=0.0084 (t=0.25, support=3)
[17:24:48]   D3-SICA: F1=0.4047 (t=0.50, support=84)
[17:24:48]   D3-SJA: F1=0.0448 (t=0.35, support=4)
[17:24:48]   D3-ST: F1=0.1250 (t=0.75, support=13)
[17:24:48]  Result: Macro F1=0.2569, Micro F1=0.4067, P=0.2371, R=0.5261 (118s)
[17:24:48]  Current best: Case 46 (w_sig=0.5, w_ttp=0.0, w_mbc=0.5) → Macro F1=0.3003
[17:24:48] 
[Case 50/66] w_sig=0.5, w_ttp=0.4, w_mbc=0.1
[17:24:48]  CNN Dataset: 943 samples, 478 features → 22x22 image
[17:24:48]  Device: cpu
[17:24:48] 
============================================================
[17:24:48]  FOLD 1/5 — Train: 754, Val: 189
[17:24:48] ============================================================
[17:24:48]  Model parameters: 65,505
[17:24:49]   Fold 1/5 | Epoch   1 | LR 0.000140 | Train Loss 0.5166 | Val Loss 0.3326 | Val F1 0.0647
[17:24:53]   Fold 1/5 | Epoch  10 | LR 0.000699 | Train Loss 0.3466 | Val Loss 0.3475 | Val F1 0.1459
[17:24:58]   Fold 1/5 | Epoch  20 | LR 0.000691 | Train Loss 0.2611 | Val Loss 0.3984 | Val F1 0.1744
[17:25:03]   Fold 1/5 | Epoch  30 | LR 0.000674 | Train Loss 0.1961 | Val Loss 0.5172 | Val F1 0.1884
[17:25:08]   Fold 1/5 | Epoch  40 | LR 0.000649 | Train Loss 0.1734 | Val Loss 0.5241 | Val F1 0.2198
[17:25:09]   Early stopping at epoch 42 (patience=25)
[17:25:09]  Fold 1 — Best Val Loss: 0.2713, F1@0.5: 0.1852
[17:25:09] 
============================================================
[17:25:09]  FOLD 2/5 — Train: 754, Val: 189
[17:25:09] ============================================================
[17:25:09]   Fold 2/5 | Epoch   1 | LR 0.000140 | Train Loss 0.4724 | Val Loss 0.3887 | Val F1 0.1106
[17:25:14]   Fold 2/5 | Epoch  10 | LR 0.000699 | Train Loss 0.3280 | Val Loss 0.4890 | Val F1 0.1532
[17:25:19]   Fold 2/5 | Epoch  20 | LR 0.000691 | Train Loss 0.2412 | Val Loss 0.4069 | Val F1 0.1835
[17:25:24]   Fold 2/5 | Epoch  30 | LR 0.000674 | Train Loss 0.1861 | Val Loss 1.5977 | Val F1 0.2068
[17:25:30]   Fold 2/5 | Epoch  40 | LR 0.000649 | Train Loss 0.1541 | Val Loss 0.6152 | Val F1 0.1805
[17:25:31]   Early stopping at epoch 43 (patience=25)
[17:25:31]  Fold 2 — Best Val Loss: 0.3732, F1@0.5: 0.2026
[17:25:31] 
============================================================
[17:25:31]  FOLD 3/5 — Train: 754, Val: 189
[17:25:31] ============================================================
[17:25:32]   Fold 3/5 | Epoch   1 | LR 0.000140 | Train Loss 0.4814 | Val Loss 0.3443 | Val F1 0.0699
[17:25:37]   Fold 3/5 | Epoch  10 | LR 0.000699 | Train Loss 0.3263 | Val Loss 0.3257 | Val F1 0.1585
[17:25:42]   Fold 3/5 | Epoch  20 | LR 0.000691 | Train Loss 0.2380 | Val Loss 0.6102 | Val F1 0.1375
[17:25:46]   Fold 3/5 | Epoch  30 | LR 0.000674 | Train Loss 0.1974 | Val Loss 1.8515 | Val F1 0.1763
[17:25:52]   Fold 3/5 | Epoch  40 | LR 0.000649 | Train Loss 0.1653 | Val Loss 3.9709 | Val F1 0.0907
[17:25:52]   Early stopping at epoch 42 (patience=25)
[17:25:52]  Fold 3 — Best Val Loss: 0.2985, F1@0.5: 0.1720
[17:25:52] 
============================================================
[17:25:52]  FOLD 4/5 — Train: 755, Val: 188
[17:25:52] ============================================================
[17:25:53]   Fold 4/5 | Epoch   1 | LR 0.000140 | Train Loss 0.5326 | Val Loss 0.3141 | Val F1 0.0625
[17:25:58]   Fold 4/5 | Epoch  10 | LR 0.000699 | Train Loss 0.3382 | Val Loss 0.2681 | Val F1 0.1688
[17:26:03]   Fold 4/5 | Epoch  20 | LR 0.000691 | Train Loss 0.2523 | Val Loss 0.2982 | Val F1 0.1800
[17:26:08]   Fold 4/5 | Epoch  30 | LR 0.000674 | Train Loss 0.1983 | Val Loss 0.4290 | Val F1 0.2344
[17:26:13]   Fold 4/5 | Epoch  40 | LR 0.000649 | Train Loss 0.1734 | Val Loss 0.3333 | Val F1 0.2406
[17:26:19]   Fold 4/5 | Epoch  50 | LR 0.000616 | Train Loss 0.1529 | Val Loss 0.6297 | Val F1 0.2118
[17:26:20]   Early stopping at epoch 53 (patience=25)
[17:26:20]  Fold 4 — Best Val Loss: 0.2563, F1@0.5: 0.2459
[17:26:20] 
============================================================
[17:26:20]  FOLD 5/5 — Train: 755, Val: 188
[17:26:20] ============================================================
[17:26:21]   Fold 5/5 | Epoch   1 | LR 0.000140 | Train Loss 0.4966 | Val Loss 0.3047 | Val F1 0.0572
[17:26:25]   Fold 5/5 | Epoch  10 | LR 0.000699 | Train Loss 0.3513 | Val Loss 0.2803 | Val F1 0.1717
[17:26:30]   Fold 5/5 | Epoch  20 | LR 0.000691 | Train Loss 0.2591 | Val Loss 0.2821 | Val F1 0.1867
[17:26:35]   Fold 5/5 | Epoch  30 | LR 0.000674 | Train Loss 0.2189 | Val Loss 0.2806 | Val F1 0.2551
[17:26:41]   Fold 5/5 | Epoch  40 | LR 0.000649 | Train Loss 0.1812 | Val Loss 0.7962 | Val F1 0.1461
[17:26:42]   Early stopping at epoch 43 (patience=25)
[17:26:42]  Fold 5 — Best Val Loss: 0.2526, F1@0.5: 0.1939
[17:26:42] 
============================================================
[17:26:42]  K-FOLD RESULTS
[17:26:42] ============================================================
[17:26:42]  F1@0.5 per fold: ['0.1852', '0.2026', '0.1720', '0.2459', '0.1939']
[17:26:42]  Mean F1@0.5: 0.1999 ± 0.0251
[17:26:42] 
 Tuning per-action thresholds...
[17:26:43]  Threshold range: [0.05, 0.65], mean=0.47
[17:26:43] 
 With tuned thresholds:
[17:26:43]   Macro F1:   0.2298
[17:26:43]   Micro F1:   0.3735
[17:26:43]   Sample F1:  0.3813
[17:26:43]   Precision:  0.1832
[17:26:43]   Recall:     0.5945
[17:26:43] 
 Per-action F1 (tuned threshold):
[17:26:43]   D3-CCSA: F1=0.2449 (t=0.60, support=17)
[17:26:43]   D3-CE: F1=0.0456 (t=0.40, support=14)
[17:26:43]   D3-CQ: F1=0.1838 (t=0.45, support=71)
[17:26:43]   D3-CR: F1=0.0682 (t=0.55, support=6)
[17:26:43]   D3-CRO: F1=0.0201 (t=0.35, support=3)
[17:26:43]   D3-DNSDL: F1=0.2222 (t=0.55, support=25)
[17:26:43]   D3-EAL: F1=0.0084 (t=0.25, support=3)
[17:26:43]   D3-EDL: F1=0.1622 (t=0.55, support=51)
[17:26:43]   D3-EI: F1=0.1176 (t=0.65, support=12)
[17:26:43]   D3-FA: F1=0.0355 (t=0.45, support=11)
[17:26:43]   D3-FAPA: F1=0.3836 (t=0.55, support=84)
[17:26:43]   D3-FCOA: F1=0.0131 (t=0.35, support=4)
[17:26:43]   D3-FEV: F1=0.6060 (t=0.50, support=356)
[17:26:43]   D3-FIM: F1=0.0769 (t=0.45, support=3)
[17:26:43]   D3-FR: F1=0.0485 (t=0.50, support=12)
[17:26:43]   D3-FRDDL: F1=0.4714 (t=0.60, support=44)
[17:26:43]   D3-NI: F1=0.5930 (t=0.45, support=364)
[17:26:43]   D3-NTA: F1=0.0206 (t=0.30, support=8)
[17:26:43]   D3-OTF: F1=0.4751 (t=0.50, support=262)
[17:26:43]   D3-PA: F1=0.1625 (t=0.45, support=52)
[17:26:43]   D3-PCSV: F1=0.2301 (t=0.50, support=98)
[17:26:43]   D3-PLA: F1=0.1304 (t=0.55, support=38)
[17:26:43]   D3-PSA: F1=0.4687 (t=0.45, support=264)
[17:26:43]   D3-PSMD: F1=0.2857 (t=0.45, support=3)
[17:26:43]   D3-PT: F1=0.9789 (t=0.05, support=904)
[17:26:43]   D3-RC: F1=0.1250 (t=0.65, support=12)
[17:26:43]   D3-RF: F1=0.2703 (t=0.55, support=22)
[17:26:43]   D3-RKD: F1=0.5615 (t=0.50, support=148)
[17:26:43]   D3-SCA: F1=0.0305 (t=0.35, support=13)
[17:26:43]   D3-SEA: F1=0.0282 (t=0.45, support=3)
[17:26:43]   D3-SICA: F1=0.4134 (t=0.60, support=84)
[17:26:43]   D3-SJA: F1=0.0222 (t=0.45, support=4)
[17:26:43]   D3-ST: F1=0.0782 (t=0.50, support=13)
[17:26:43]  Result: Macro F1=0.2298, Micro F1=0.3735, P=0.1832, R=0.5945 (115s)
[17:26:43]  Current best: Case 46 (w_sig=0.5, w_ttp=0.0, w_mbc=0.5) → Macro F1=0.3003
[17:26:43] 
[Case 51/66] w_sig=0.5, w_ttp=0.5, w_mbc=0.0
[17:26:43]  CNN Dataset: 943 samples, 478 features → 22x22 image
[17:26:43]  Device: cpu
[17:26:43] 
============================================================
[17:26:43]  FOLD 1/5 — Train: 754, Val: 189
[17:26:43] ============================================================
[17:26:43]  Model parameters: 65,505
[17:26:44]   Fold 1/5 | Epoch   1 | LR 0.000140 | Train Loss 0.5171 | Val Loss 0.3339 | Val F1 0.0647
[17:26:48]   Fold 1/5 | Epoch  10 | LR 0.000699 | Train Loss 0.3536 | Val Loss 0.3118 | Val F1 0.1315
[17:26:53]   Fold 1/5 | Epoch  20 | LR 0.000691 | Train Loss 0.2655 | Val Loss 0.2935 | Val F1 0.1555
[17:26:58]   Fold 1/5 | Epoch  30 | LR 0.000674 | Train Loss 0.2002 | Val Loss 0.3239 | Val F1 0.2103
[17:27:03]   Fold 1/5 | Epoch  40 | LR 0.000649 | Train Loss 0.1786 | Val Loss 0.9994 | Val F1 0.1140
[17:27:03]   Early stopping at epoch 40 (patience=25)
[17:27:03]  Fold 1 — Best Val Loss: 0.2608, F1@0.5: 0.1789
[17:27:03] 
============================================================
[17:27:03]  FOLD 2/5 — Train: 754, Val: 189
[17:27:03] ============================================================
[17:27:03]   Fold 2/5 | Epoch   1 | LR 0.000140 | Train Loss 0.5049 | Val Loss 0.3572 | Val F1 0.0226
[17:27:09]   Fold 2/5 | Epoch  10 | LR 0.000699 | Train Loss 0.3276 | Val Loss 0.3850 | Val F1 0.1686
[17:27:13]   Fold 2/5 | Epoch  20 | LR 0.000691 | Train Loss 0.2574 | Val Loss 1.0730 | Val F1 0.1353
[17:27:17]   Early stopping at epoch 26 (patience=25)
[17:27:17]  Fold 2 — Best Val Loss: 0.3572, F1@0.5: 0.0226
[17:27:17] 
============================================================
[17:27:17]  FOLD 3/5 — Train: 754, Val: 189
[17:27:17] ============================================================
[17:27:17]   Fold 3/5 | Epoch   1 | LR 0.000140 | Train Loss 0.5147 | Val Loss 0.3360 | Val F1 0.0712
[17:27:22]   Fold 3/5 | Epoch  10 | LR 0.000699 | Train Loss 0.3304 | Val Loss 0.3402 | Val F1 0.1516
[17:27:27]   Fold 3/5 | Epoch  20 | LR 0.000691 | Train Loss 0.2498 | Val Loss 0.4293 | Val F1 0.1912
[17:27:32]   Fold 3/5 | Epoch  30 | LR 0.000674 | Train Loss 0.1990 | Val Loss 0.5160 | Val F1 0.1738
[17:27:35]   Early stopping at epoch 37 (patience=25)
[17:27:36]  Fold 3 — Best Val Loss: 0.3177, F1@0.5: 0.1597
[17:27:36] 
============================================================
[17:27:36]  FOLD 4/5 — Train: 755, Val: 188
[17:27:36] ============================================================
[17:27:36]   Fold 4/5 | Epoch   1 | LR 0.000140 | Train Loss 0.4922 | Val Loss 0.3097 | Val F1 0.0172
[17:27:41]   Fold 4/5 | Epoch  10 | LR 0.000699 | Train Loss 0.3546 | Val Loss 0.3138 | Val F1 0.1170
[17:27:46]   Fold 4/5 | Epoch  20 | LR 0.000691 | Train Loss 0.2725 | Val Loss 0.2926 | Val F1 0.1804
[17:27:51]   Fold 4/5 | Epoch  30 | LR 0.000674 | Train Loss 0.2160 | Val Loss 0.5516 | Val F1 0.1864
[17:27:56]   Fold 4/5 | Epoch  40 | LR 0.000649 | Train Loss 0.1841 | Val Loss 0.3860 | Val F1 0.1978
[17:27:57]   Early stopping at epoch 41 (patience=25)
[17:27:57]  Fold 4 — Best Val Loss: 0.2654, F1@0.5: 0.1958
[17:27:57] 
============================================================
[17:27:57]  FOLD 5/5 — Train: 755, Val: 188
[17:27:57] ============================================================
[17:27:57]   Fold 5/5 | Epoch   1 | LR 0.000140 | Train Loss 0.4826 | Val Loss 0.3161 | Val F1 0.0443
[17:28:02]   Fold 5/5 | Epoch  10 | LR 0.000699 | Train Loss 0.3367 | Val Loss 0.3238 | Val F1 0.0956
[17:28:07]   Fold 5/5 | Epoch  20 | LR 0.000691 | Train Loss 0.2632 | Val Loss 0.5448 | Val F1 0.1270
[17:28:12]   Fold 5/5 | Epoch  30 | LR 0.000674 | Train Loss 0.2057 | Val Loss 0.7840 | Val F1 0.1473
[17:28:17]   Fold 5/5 | Epoch  40 | LR 0.000649 | Train Loss 0.1732 | Val Loss 0.4037 | Val F1 0.2158
[17:28:22]   Fold 5/5 | Epoch  50 | LR 0.000616 | Train Loss 0.1577 | Val Loss 0.6560 | Val F1 0.1849
[17:28:24]   Early stopping at epoch 54 (patience=25)
[17:28:24]  Fold 5 — Best Val Loss: 0.2557, F1@0.5: 0.2135
[17:28:24] 
============================================================
[17:28:24]  K-FOLD RESULTS
[17:28:24] ============================================================
[17:28:24]  F1@0.5 per fold: ['0.1789', '0.0226', '0.1597', '0.1958', '0.2135']
[17:28:24]  Mean F1@0.5: 0.1541 ± 0.0681
[17:28:24] 
 Tuning per-action thresholds...
[17:28:25]  Threshold range: [0.05, 0.65], mean=0.47
[17:28:25] 
 With tuned thresholds:
[17:28:25]   Macro F1:   0.2181
[17:28:25]   Micro F1:   0.3654
[17:28:25]   Sample F1:  0.3855
[17:28:25]   Precision:  0.1805
[17:28:25]   Recall:     0.6198
[17:28:25] 
 Per-action F1 (tuned threshold):
[17:28:25]   D3-CCSA: F1=0.1250 (t=0.60, support=17)
[17:28:25]   D3-CE: F1=0.0625 (t=0.50, support=14)
[17:28:25]   D3-CQ: F1=0.1804 (t=0.50, support=71)
[17:28:25]   D3-CR: F1=0.1818 (t=0.60, support=6)
[17:28:25]   D3-CRO: F1=0.0123 (t=0.30, support=3)
[17:28:25]   D3-DNSDL: F1=0.2182 (t=0.55, support=25)
[17:28:25]   D3-EAL: F1=0.0135 (t=0.30, support=3)
[17:28:25]   D3-EDL: F1=0.1379 (t=0.45, support=51)
[17:28:25]   D3-EI: F1=0.0446 (t=0.50, support=12)
[17:28:25]   D3-FA: F1=0.0517 (t=0.50, support=11)
[17:28:25]   D3-FAPA: F1=0.5000 (t=0.55, support=84)
[17:28:25]   D3-FCOA: F1=0.0161 (t=0.40, support=4)
[17:28:25]   D3-FEV: F1=0.5572 (t=0.40, support=356)
[17:28:25]   D3-FIM: F1=0.0157 (t=0.35, support=3)
[17:28:25]   D3-FR: F1=0.0784 (t=0.50, support=12)
[17:28:25]   D3-FRDDL: F1=0.4754 (t=0.60, support=44)
[17:28:25]   D3-NI: F1=0.5844 (t=0.45, support=364)
[17:28:25]   D3-NTA: F1=0.0800 (t=0.60, support=8)
[17:28:25]   D3-OTF: F1=0.4559 (t=0.45, support=262)
[17:28:25]   D3-PA: F1=0.1565 (t=0.50, support=52)
[17:28:25]   D3-PCSV: F1=0.2032 (t=0.45, support=98)
[17:28:25]   D3-PLA: F1=0.0950 (t=0.45, support=38)
[17:28:25]   D3-PSA: F1=0.4489 (t=0.45, support=264)
[17:28:25]   D3-PSMD: F1=0.0244 (t=0.45, support=3)
[17:28:25]   D3-PT: F1=0.9789 (t=0.05, support=904)
[17:28:25]   D3-RC: F1=0.2667 (t=0.65, support=12)
[17:28:25]   D3-RF: F1=0.2692 (t=0.55, support=22)
[17:28:25]   D3-RKD: F1=0.4588 (t=0.45, support=148)
[17:28:25]   D3-SCA: F1=0.0622 (t=0.50, support=13)
[17:28:25]   D3-SEA: F1=0.0100 (t=0.50, support=3)
[17:28:25]   D3-SICA: F1=0.3208 (t=0.50, support=84)
[17:28:25]   D3-SJA: F1=0.0769 (t=0.50, support=4)
[17:28:25]   D3-ST: F1=0.0360 (t=0.40, support=13)
[17:28:25]  Result: Macro F1=0.2181, Micro F1=0.3654, P=0.1805, R=0.6198 (102s)
[17:28:25]  Current best: Case 46 (w_sig=0.5, w_ttp=0.0, w_mbc=0.5) → Macro F1=0.3003
[17:28:25] 
[Case 52/66] w_sig=0.6, w_ttp=0.0, w_mbc=0.4
[17:28:25]  CNN Dataset: 943 samples, 478 features → 22x22 image
[17:28:25]  Device: cpu
[17:28:25] 
============================================================
[17:28:25]  FOLD 1/5 — Train: 754, Val: 189
[17:28:25] ============================================================
[17:28:25]  Model parameters: 65,505
[17:28:26]   Fold 1/5 | Epoch   1 | LR 0.000140 | Train Loss 0.5155 | Val Loss 0.3211 | Val F1 0.0820
[17:28:29]   Fold 1/5 | Epoch  10 | LR 0.000699 | Train Loss 0.3492 | Val Loss 0.2766 | Val F1 0.1726
[17:28:35]   Fold 1/5 | Epoch  20 | LR 0.000691 | Train Loss 0.2608 | Val Loss 0.3685 | Val F1 0.1852
[17:28:41]   Fold 1/5 | Epoch  30 | LR 0.000674 | Train Loss 0.2107 | Val Loss 0.3311 | Val F1 0.2072
[17:28:44]   Early stopping at epoch 38 (patience=25)
[17:28:44]  Fold 1 — Best Val Loss: 0.2612, F1@0.5: 0.1988
[17:28:44] 
============================================================
[17:28:44]  FOLD 2/5 — Train: 754, Val: 189
[17:28:44] ============================================================
[17:28:45]   Fold 2/5 | Epoch   1 | LR 0.000140 | Train Loss 0.5195 | Val Loss 0.3824 | Val F1 0.0800
[17:28:49]   Fold 2/5 | Epoch  10 | LR 0.000699 | Train Loss 0.3256 | Val Loss 0.3919 | Val F1 0.2012
[17:28:55]   Fold 2/5 | Epoch  20 | LR 0.000691 | Train Loss 0.2481 | Val Loss 0.5277 | Val F1 0.1747
[17:29:00]   Fold 2/5 | Epoch  30 | LR 0.000674 | Train Loss 0.1963 | Val Loss 0.8330 | Val F1 0.2048
[17:29:05]   Fold 2/5 | Epoch  40 | LR 0.000649 | Train Loss 0.1806 | Val Loss 0.4255 | Val F1 0.2858
[17:29:08]   Early stopping at epoch 46 (patience=25)
[17:29:08]  Fold 2 — Best Val Loss: 0.3516, F1@0.5: 0.2603
[17:29:08] 
============================================================
[17:29:08]  FOLD 3/5 — Train: 754, Val: 189
[17:29:08] ============================================================
[17:29:08]   Fold 3/5 | Epoch   1 | LR 0.000140 | Train Loss 0.4861 | Val Loss 0.3406 | Val F1 0.0360
[17:29:13]   Fold 3/5 | Epoch  10 | LR 0.000699 | Train Loss 0.3287 | Val Loss 0.3551 | Val F1 0.1678
[17:29:18]   Fold 3/5 | Epoch  20 | LR 0.000691 | Train Loss 0.2428 | Val Loss 0.5060 | Val F1 0.2010
[17:29:23]   Fold 3/5 | Epoch  30 | LR 0.000674 | Train Loss 0.1987 | Val Loss 0.4040 | Val F1 0.2325
[17:29:28]   Fold 3/5 | Epoch  40 | LR 0.000649 | Train Loss 0.1766 | Val Loss 0.4298 | Val F1 0.2669
[17:29:32]   Early stopping at epoch 47 (patience=25)
[17:29:32]  Fold 3 — Best Val Loss: 0.3021, F1@0.5: 0.2440
[17:29:32] 
============================================================
[17:29:32]  FOLD 4/5 — Train: 755, Val: 188
[17:29:32] ============================================================
[17:29:32]   Fold 4/5 | Epoch   1 | LR 0.000140 | Train Loss 0.4880 | Val Loss 0.2808 | Val F1 0.0726
[17:29:37]   Fold 4/5 | Epoch  10 | LR 0.000699 | Train Loss 0.3305 | Val Loss 0.2678 | Val F1 0.1797
[17:29:42]   Fold 4/5 | Epoch  20 | LR 0.000691 | Train Loss 0.2585 | Val Loss 0.2757 | Val F1 0.2200
[17:29:48]   Fold 4/5 | Epoch  30 | LR 0.000674 | Train Loss 0.2147 | Val Loss 0.2816 | Val F1 0.2553
[17:29:52]   Fold 4/5 | Epoch  40 | LR 0.000649 | Train Loss 0.1804 | Val Loss 0.3566 | Val F1 0.2773
[17:29:58]   Fold 4/5 | Epoch  50 | LR 0.000616 | Train Loss 0.1684 | Val Loss 0.2254 | Val F1 0.2548
[17:30:03]   Fold 4/5 | Epoch  60 | LR 0.000576 | Train Loss 0.1662 | Val Loss 0.2417 | Val F1 0.2717
[17:30:08]   Fold 4/5 | Epoch  70 | LR 0.000530 | Train Loss 0.1543 | Val Loss 0.2872 | Val F1 0.2656
[17:30:11]   Early stopping at epoch 75 (patience=25)
[17:30:11]  Fold 4 — Best Val Loss: 0.2254, F1@0.5: 0.2548
[17:30:11] 
============================================================
[17:30:11]  FOLD 5/5 — Train: 755, Val: 188
[17:30:11] ============================================================
[17:30:11]   Fold 5/5 | Epoch   1 | LR 0.000140 | Train Loss 0.5821 | Val Loss 0.3085 | Val F1 0.0485
[17:30:16]   Fold 5/5 | Epoch  10 | LR 0.000699 | Train Loss 0.3468 | Val Loss 0.2532 | Val F1 0.1516
[17:30:21]   Fold 5/5 | Epoch  20 | LR 0.000691 | Train Loss 0.2712 | Val Loss 0.4297 | Val F1 0.1551
[17:30:26]   Fold 5/5 | Epoch  30 | LR 0.000674 | Train Loss 0.2222 | Val Loss 0.5651 | Val F1 0.1642
[17:30:31]   Fold 5/5 | Epoch  40 | LR 0.000649 | Train Loss 0.1907 | Val Loss 0.3818 | Val F1 0.2018
[17:30:36]   Fold 5/5 | Epoch  50 | LR 0.000616 | Train Loss 0.1784 | Val Loss 0.2231 | Val F1 0.2490
[17:30:42]   Fold 5/5 | Epoch  60 | LR 0.000576 | Train Loss 0.1562 | Val Loss 0.5969 | Val F1 0.2228
[17:30:47]   Fold 5/5 | Epoch  70 | LR 0.000530 | Train Loss 0.1449 | Val Loss 0.2801 | Val F1 0.2608
[17:30:47]   Early stopping at epoch 70 (patience=25)
[17:30:47]  Fold 5 — Best Val Loss: 0.2097, F1@0.5: 0.2578
[17:30:47] 
============================================================
[17:30:47]  K-FOLD RESULTS
[17:30:47] ============================================================
[17:30:47]  F1@0.5 per fold: ['0.1988', '0.2603', '0.2440', '0.2548', '0.2578']
[17:30:47]  Mean F1@0.5: 0.2431 ± 0.0229
[17:30:47] 
 Tuning per-action thresholds...
[17:30:48]  Threshold range: [0.05, 0.75], mean=0.54
[17:30:48] 
 With tuned thresholds:
[17:30:48]   Macro F1:   0.2968
[17:30:48]   Micro F1:   0.4927
[17:30:48]   Sample F1:  0.4920
[17:30:48]   Precision:  0.2710
[17:30:48]   Recall:     0.5220
[17:30:48] 
 Per-action F1 (tuned threshold):
[17:30:48]   D3-CCSA: F1=0.1488 (t=0.60, support=17)
[17:30:48]   D3-CE: F1=0.0870 (t=0.70, support=14)
[17:30:48]   D3-CQ: F1=0.1746 (t=0.50, support=71)
[17:30:48]   D3-CR: F1=0.1429 (t=0.50, support=6)
[17:30:48]   D3-CRO: F1=0.4000 (t=0.75, support=3)
[17:30:48]   D3-DNSDL: F1=0.2158 (t=0.55, support=25)
[17:30:48]   D3-EAL: F1=0.2222 (t=0.65, support=3)
[17:30:48]   D3-EDL: F1=0.1953 (t=0.55, support=51)
[17:30:48]   D3-EI: F1=0.1538 (t=0.55, support=12)
[17:30:48]   D3-FA: F1=0.0508 (t=0.45, support=11)
[17:30:48]   D3-FAPA: F1=0.6162 (t=0.50, support=84)
[17:30:48]   D3-FCOA: F1=0.0500 (t=0.50, support=4)
[17:30:48]   D3-FEV: F1=0.6498 (t=0.45, support=356)
[17:30:48]   D3-FIM: F1=0.4000 (t=0.65, support=3)
[17:30:48]   D3-FR: F1=0.0721 (t=0.45, support=12)
[17:30:48]   D3-FRDDL: F1=0.4776 (t=0.60, support=44)
[17:30:48]   D3-NI: F1=0.5782 (t=0.45, support=364)
[17:30:48]   D3-NTA: F1=0.0504 (t=0.45, support=8)
[17:30:48]   D3-OTF: F1=0.5133 (t=0.50, support=262)
[17:30:48]   D3-PA: F1=0.1762 (t=0.50, support=52)
[17:30:48]   D3-PCSV: F1=0.3333 (t=0.60, support=98)
[17:30:48]   D3-PLA: F1=0.2222 (t=0.55, support=38)
[17:30:48]   D3-PSA: F1=0.4945 (t=0.50, support=264)
[17:30:48]   D3-PSMD: F1=0.5000 (t=0.75, support=3)
[17:30:48]   D3-PT: F1=0.9789 (t=0.05, support=904)
[17:30:48]   D3-RC: F1=0.1905 (t=0.70, support=12)
[17:30:48]   D3-RF: F1=0.2202 (t=0.50, support=22)
[17:30:48]   D3-RKD: F1=0.5587 (t=0.50, support=148)
[17:30:48]   D3-SCA: F1=0.0429 (t=0.55, support=13)
[17:30:48]   D3-SEA: F1=0.0154 (t=0.30, support=3)
[17:30:48]   D3-SICA: F1=0.4016 (t=0.50, support=84)
[17:30:48]   D3-SJA: F1=0.2000 (t=0.65, support=4)
[17:30:48]   D3-ST: F1=0.2609 (t=0.75, support=13)
[17:30:48]  Result: Macro F1=0.2968, Micro F1=0.4927, P=0.2710, R=0.5220 (143s)
[17:30:48]  Current best: Case 46 (w_sig=0.5, w_ttp=0.0, w_mbc=0.5) → Macro F1=0.3003
[17:30:48] 
[Case 53/66] w_sig=0.6, w_ttp=0.1, w_mbc=0.3
[17:30:48]  CNN Dataset: 943 samples, 478 features → 22x22 image
[17:30:48]  Device: cpu
[17:30:48] 
============================================================
[17:30:48]  FOLD 1/5 — Train: 754, Val: 189
[17:30:48] ============================================================
[17:30:48]  Model parameters: 65,505
[17:30:48]   Fold 1/5 | Epoch   1 | LR 0.000140 | Train Loss 0.5116 | Val Loss 0.3192 | Val F1 0.0550
[17:30:53]   Fold 1/5 | Epoch  10 | LR 0.000699 | Train Loss 0.3476 | Val Loss 0.3202 | Val F1 0.1672
[17:30:58]   Fold 1/5 | Epoch  20 | LR 0.000691 | Train Loss 0.2568 | Val Loss 0.4450 | Val F1 0.2148
[17:31:03]   Fold 1/5 | Epoch  30 | LR 0.000674 | Train Loss 0.2041 | Val Loss 0.4201 | Val F1 0.2053
[17:31:09]   Fold 1/5 | Epoch  40 | LR 0.000649 | Train Loss 0.1804 | Val Loss 0.6966 | Val F1 0.1941
[17:31:13]   Early stopping at epoch 48 (patience=25)
[17:31:13]  Fold 1 — Best Val Loss: 0.2421, F1@0.5: 0.2298
[17:31:13] 
============================================================
[17:31:13]  FOLD 2/5 — Train: 754, Val: 189
[17:31:13] ============================================================
[17:31:13]   Fold 2/5 | Epoch   1 | LR 0.000140 | Train Loss 0.4753 | Val Loss 0.3770 | Val F1 0.0526
[17:31:18]   Fold 2/5 | Epoch  10 | LR 0.000699 | Train Loss 0.3212 | Val Loss 0.5337 | Val F1 0.1178
[17:31:23]   Fold 2/5 | Epoch  20 | LR 0.000691 | Train Loss 0.2428 | Val Loss 0.5306 | Val F1 0.2061
[17:31:27]   Early stopping at epoch 29 (patience=25)
[17:31:27]  Fold 2 — Best Val Loss: 0.3729, F1@0.5: 0.1263
[17:31:27] 
============================================================
[17:31:27]  FOLD 3/5 — Train: 754, Val: 189
[17:31:27] ============================================================
[17:31:28]   Fold 3/5 | Epoch   1 | LR 0.000140 | Train Loss 0.4892 | Val Loss 0.3516 | Val F1 0.1178
[17:31:33]   Fold 3/5 | Epoch  10 | LR 0.000699 | Train Loss 0.3244 | Val Loss 0.4161 | Val F1 0.1501
[17:31:38]   Fold 3/5 | Epoch  20 | LR 0.000691 | Train Loss 0.2407 | Val Loss 0.5175 | Val F1 0.2658
[17:31:43]   Fold 3/5 | Epoch  30 | LR 0.000674 | Train Loss 0.1972 | Val Loss 0.5797 | Val F1 0.2978
[17:31:48]   Fold 3/5 | Epoch  40 | LR 0.000649 | Train Loss 0.1704 | Val Loss 0.3515 | Val F1 0.2533
[17:31:53]   Fold 3/5 | Epoch  50 | LR 0.000616 | Train Loss 0.1454 | Val Loss 1.3546 | Val F1 0.1882
[17:31:54]   Early stopping at epoch 52 (patience=25)
[17:31:55]  Fold 3 — Best Val Loss: 0.2829, F1@0.5: 0.2073
[17:31:55] 
============================================================
[17:31:55]  FOLD 4/5 — Train: 755, Val: 188
[17:31:55] ============================================================
[17:31:55]   Fold 4/5 | Epoch   1 | LR 0.000140 | Train Loss 0.4779 | Val Loss 0.3003 | Val F1 0.0905
[17:32:00]   Fold 4/5 | Epoch  10 | LR 0.000699 | Train Loss 0.3377 | Val Loss 0.2870 | Val F1 0.1884
[17:32:05]   Fold 4/5 | Epoch  20 | LR 0.000691 | Train Loss 0.2578 | Val Loss 0.4361 | Val F1 0.1908
[17:32:10]   Fold 4/5 | Epoch  30 | LR 0.000674 | Train Loss 0.2181 | Val Loss 0.4046 | Val F1 0.2041
[17:32:15]   Fold 4/5 | Epoch  40 | LR 0.000649 | Train Loss 0.1813 | Val Loss 0.3801 | Val F1 0.2137
[17:32:20]   Early stopping at epoch 49 (patience=25)
[17:32:20]  Fold 4 — Best Val Loss: 0.2599, F1@0.5: 0.2159
[17:32:20] 
============================================================
[17:32:20]  FOLD 5/5 — Train: 755, Val: 188
[17:32:20] ============================================================
[17:32:20]   Fold 5/5 | Epoch   1 | LR 0.000140 | Train Loss 0.5001 | Val Loss 0.3010 | Val F1 0.0584
[17:32:25]   Fold 5/5 | Epoch  10 | LR 0.000699 | Train Loss 0.3460 | Val Loss 0.2761 | Val F1 0.1290
[17:32:30]   Fold 5/5 | Epoch  20 | LR 0.000691 | Train Loss 0.2548 | Val Loss 0.4067 | Val F1 0.1553
[17:32:36]   Fold 5/5 | Epoch  30 | LR 0.000674 | Train Loss 0.2109 | Val Loss 1.0886 | Val F1 0.1377
[17:32:41]   Fold 5/5 | Epoch  40 | LR 0.000649 | Train Loss 0.1767 | Val Loss 0.3131 | Val F1 0.2271
[17:32:44]   Early stopping at epoch 47 (patience=25)
[17:32:44]  Fold 5 — Best Val Loss: 0.2378, F1@0.5: 0.2224
[17:32:44] 
============================================================
[17:32:44]  K-FOLD RESULTS
[17:32:44] ============================================================
[17:32:44]  F1@0.5 per fold: ['0.2298', '0.1263', '0.2073', '0.2159', '0.2224']
[17:32:44]  Mean F1@0.5: 0.2003 ± 0.0378
[17:32:44] 
 Tuning per-action thresholds...
[17:32:45]  Threshold range: [0.05, 0.75], mean=0.52
[17:32:45] 
 With tuned thresholds:
[17:32:45]   Macro F1:   0.2717
[17:32:45]   Micro F1:   0.4433
[17:32:45]   Sample F1:  0.4443
[17:32:45]   Precision:  0.2491
[17:32:45]   Recall:     0.5090
[17:32:45] 
 Per-action F1 (tuned threshold):
[17:32:45]   D3-CCSA: F1=0.1875 (t=0.75, support=17)
[17:32:45]   D3-CE: F1=0.0952 (t=0.65, support=14)
[17:32:45]   D3-CQ: F1=0.1689 (t=0.45, support=71)
[17:32:45]   D3-CR: F1=0.1000 (t=0.65, support=6)
[17:32:45]   D3-CRO: F1=0.1818 (t=0.55, support=3)
[17:32:45]   D3-DNSDL: F1=0.2381 (t=0.55, support=25)
[17:32:45]   D3-EAL: F1=0.0190 (t=0.50, support=3)
[17:32:45]   D3-EDL: F1=0.2344 (t=0.60, support=51)
[17:32:45]   D3-EI: F1=0.1017 (t=0.50, support=12)
[17:32:45]   D3-FA: F1=0.0373 (t=0.40, support=11)
[17:32:45]   D3-FAPA: F1=0.5767 (t=0.50, support=84)
[17:32:45]   D3-FCOA: F1=0.0105 (t=0.20, support=4)
[17:32:45]   D3-FEV: F1=0.5869 (t=0.45, support=356)
[17:32:45]   D3-FIM: F1=0.0345 (t=0.40, support=3)
[17:32:45]   D3-FR: F1=0.2105 (t=0.60, support=12)
[17:32:45]   D3-FRDDL: F1=0.4265 (t=0.50, support=44)
[17:32:45]   D3-NI: F1=0.5811 (t=0.45, support=364)
[17:32:45]   D3-NTA: F1=0.1000 (t=0.65, support=8)
[17:32:45]   D3-OTF: F1=0.5148 (t=0.50, support=262)
[17:32:45]   D3-PA: F1=0.1684 (t=0.55, support=52)
[17:32:45]   D3-PCSV: F1=0.3610 (t=0.60, support=98)
[17:32:45]   D3-PLA: F1=0.1784 (t=0.50, support=38)
[17:32:45]   D3-PSA: F1=0.4556 (t=0.45, support=264)
[17:32:45]   D3-PSMD: F1=0.0145 (t=0.30, support=3)
[17:32:45]   D3-PT: F1=0.9789 (t=0.05, support=904)
[17:32:45]   D3-RC: F1=0.3256 (t=0.65, support=12)
[17:32:45]   D3-RF: F1=0.3333 (t=0.60, support=22)
[17:32:45]   D3-RKD: F1=0.5091 (t=0.50, support=148)
[17:32:45]   D3-SCA: F1=0.0503 (t=0.45, support=13)
[17:32:45]   D3-SEA: F1=0.1818 (t=0.55, support=3)
[17:32:45]   D3-SICA: F1=0.3603 (t=0.50, support=84)
[17:32:45]   D3-SJA: F1=0.4000 (t=0.75, support=4)
[17:32:45]   D3-ST: F1=0.2424 (t=0.70, support=13)
[17:32:45]  Result: Macro F1=0.2717, Micro F1=0.4433, P=0.2491, R=0.5090 (117s)
[17:32:45]  Current best: Case 46 (w_sig=0.5, w_ttp=0.0, w_mbc=0.5) → Macro F1=0.3003
[17:32:45] 
[Case 54/66] w_sig=0.6, w_ttp=0.2, w_mbc=0.2
[17:32:45]  CNN Dataset: 943 samples, 478 features → 22x22 image
[17:32:45]  Device: cpu
[17:32:45] 
============================================================
[17:32:45]  FOLD 1/5 — Train: 754, Val: 189
[17:32:45] ============================================================
[17:32:45]  Model parameters: 65,505
[17:32:46]   Fold 1/5 | Epoch   1 | LR 0.000140 | Train Loss 0.5097 | Val Loss 0.3214 | Val F1 0.0647
[17:32:50]   Fold 1/5 | Epoch  10 | LR 0.000699 | Train Loss 0.3407 | Val Loss 0.2939 | Val F1 0.1969
[17:32:56]   Fold 1/5 | Epoch  20 | LR 0.000691 | Train Loss 0.2549 | Val Loss 0.7144 | Val F1 0.1480
[17:33:00]   Fold 1/5 | Epoch  30 | LR 0.000674 | Train Loss 0.2037 | Val Loss 0.6587 | Val F1 0.2246
[17:33:06]   Fold 1/5 | Epoch  40 | LR 0.000649 | Train Loss 0.1768 | Val Loss 0.7190 | Val F1 0.1523
[17:33:11]   Early stopping at epoch 49 (patience=25)
[17:33:11]  Fold 1 — Best Val Loss: 0.2673, F1@0.5: 0.1983
[17:33:11] 
============================================================
[17:33:11]  FOLD 2/5 — Train: 754, Val: 189
[17:33:11] ============================================================
[17:33:11]   Fold 2/5 | Epoch   1 | LR 0.000140 | Train Loss 0.4702 | Val Loss 0.3711 | Val F1 0.0881
[17:33:16]   Fold 2/5 | Epoch  10 | LR 0.000699 | Train Loss 0.3152 | Val Loss 0.4099 | Val F1 0.1634
[17:33:21]   Fold 2/5 | Epoch  20 | LR 0.000691 | Train Loss 0.2411 | Val Loss 0.4636 | Val F1 0.1854
[17:33:26]   Early stopping at epoch 29 (patience=25)
[17:33:26]  Fold 2 — Best Val Loss: 0.3622, F1@0.5: 0.1222
[17:33:26] 
============================================================
[17:33:26]  FOLD 3/5 — Train: 754, Val: 189
[17:33:26] ============================================================
[17:33:26]   Fold 3/5 | Epoch   1 | LR 0.000140 | Train Loss 0.5199 | Val Loss 0.3435 | Val F1 0.0293
[17:33:31]   Fold 3/5 | Epoch  10 | LR 0.000699 | Train Loss 0.3295 | Val Loss 0.4799 | Val F1 0.1369
[17:33:36]   Fold 3/5 | Epoch  20 | LR 0.000691 | Train Loss 0.2384 | Val Loss 0.4817 | Val F1 0.1643
[17:33:41]   Fold 3/5 | Epoch  30 | LR 0.000674 | Train Loss 0.1996 | Val Loss 0.3395 | Val F1 0.1813
[17:33:46]   Fold 3/5 | Epoch  40 | LR 0.000649 | Train Loss 0.1687 | Val Loss 1.2181 | Val F1 0.1574
[17:33:52]   Fold 3/5 | Epoch  50 | LR 0.000616 | Train Loss 0.1540 | Val Loss 1.8896 | Val F1 0.1453
[17:33:53]   Early stopping at epoch 52 (patience=25)
[17:33:53]  Fold 3 — Best Val Loss: 0.3212, F1@0.5: 0.2654
[17:33:53] 
============================================================
[17:33:53]  FOLD 4/5 — Train: 755, Val: 188
[17:33:53] ============================================================
[17:33:54]   Fold 4/5 | Epoch   1 | LR 0.000140 | Train Loss 0.5291 | Val Loss 0.3025 | Val F1 0.0558
[17:33:58]   Fold 4/5 | Epoch  10 | LR 0.000699 | Train Loss 0.3345 | Val Loss 0.2595 | Val F1 0.1893
[17:34:04]   Fold 4/5 | Epoch  20 | LR 0.000691 | Train Loss 0.2569 | Val Loss 0.3658 | Val F1 0.1759
[17:34:09]   Fold 4/5 | Epoch  30 | LR 0.000674 | Train Loss 0.1971 | Val Loss 0.4192 | Val F1 0.1923
[17:34:16]   Fold 4/5 | Epoch  40 | LR 0.000649 | Train Loss 0.1782 | Val Loss 0.8516 | Val F1 0.2143
[17:34:24]   Fold 4/5 | Epoch  50 | LR 0.000616 | Train Loss 0.1621 | Val Loss 0.3133 | Val F1 0.2525
[17:34:26]   Early stopping at epoch 53 (patience=25)
[17:34:26]  Fold 4 — Best Val Loss: 0.2516, F1@0.5: 0.2469
[17:34:26] 
============================================================
[17:34:26]  FOLD 5/5 — Train: 755, Val: 188
[17:34:26] ============================================================
[17:34:27]   Fold 5/5 | Epoch   1 | LR 0.000140 | Train Loss 0.4827 | Val Loss 0.3324 | Val F1 0.0761
[17:34:34]   Fold 5/5 | Epoch  10 | LR 0.000699 | Train Loss 0.3292 | Val Loss 0.2842 | Val F1 0.1540
[17:34:40]   Fold 5/5 | Epoch  20 | LR 0.000691 | Train Loss 0.2648 | Val Loss 0.2351 | Val F1 0.2299
[17:34:47]   Fold 5/5 | Epoch  30 | LR 0.000674 | Train Loss 0.2070 | Val Loss 0.2616 | Val F1 0.1735
[17:34:55]   Fold 5/5 | Epoch  40 | LR 0.000649 | Train Loss 0.1737 | Val Loss 1.1697 | Val F1 0.1875
[17:35:02]   Fold 5/5 | Epoch  50 | LR 0.000616 | Train Loss 0.1614 | Val Loss 0.5160 | Val F1 0.1688
[17:35:09]   Fold 5/5 | Epoch  60 | LR 0.000576 | Train Loss 0.1463 | Val Loss 1.4783 | Val F1 0.1729
[17:35:10]   Early stopping at epoch 63 (patience=25)
[17:35:10]  Fold 5 — Best Val Loss: 0.2153, F1@0.5: 0.2431
[17:35:10] 
============================================================
[17:35:10]  K-FOLD RESULTS
[17:35:10] ============================================================
[17:35:10]  F1@0.5 per fold: ['0.1983', '0.1222', '0.2654', '0.2469', '0.2431']
[17:35:10]  Mean F1@0.5: 0.2152 ± 0.0515
[17:35:10] 
 Tuning per-action thresholds...
[17:35:11]  Threshold range: [0.05, 0.75], mean=0.53
[17:35:11] 
 With tuned thresholds:
[17:35:11]   Macro F1:   0.2818
[17:35:11]   Micro F1:   0.4529
[17:35:11]   Sample F1:  0.4561
[17:35:11]   Precision:  0.2911
[17:35:11]   Recall:     0.4828
[17:35:11] 
 Per-action F1 (tuned threshold):
[17:35:11]   D3-CCSA: F1=0.2963 (t=0.75, support=17)
[17:35:11]   D3-CE: F1=0.0833 (t=0.70, support=14)
[17:35:11]   D3-CQ: F1=0.1802 (t=0.45, support=71)
[17:35:11]   D3-CR: F1=0.1905 (t=0.70, support=6)
[17:35:11]   D3-CRO: F1=0.3333 (t=0.65, support=3)
[17:35:11]   D3-DNSDL: F1=0.2609 (t=0.55, support=25)
[17:35:11]   D3-EAL: F1=0.0097 (t=0.20, support=3)
[17:35:11]   D3-EDL: F1=0.1475 (t=0.60, support=51)
[17:35:11]   D3-EI: F1=0.0755 (t=0.50, support=12)
[17:35:11]   D3-FA: F1=0.1053 (t=0.65, support=11)
[17:35:11]   D3-FAPA: F1=0.4651 (t=0.55, support=84)
[17:35:11]   D3-FCOA: F1=0.0142 (t=0.25, support=4)
[17:35:11]   D3-FEV: F1=0.5944 (t=0.45, support=356)
[17:35:11]   D3-FIM: F1=0.5000 (t=0.60, support=3)
[17:35:11]   D3-FR: F1=0.1026 (t=0.55, support=12)
[17:35:11]   D3-FRDDL: F1=0.5000 (t=0.55, support=44)
[17:35:11]   D3-NI: F1=0.6223 (t=0.45, support=364)
[17:35:11]   D3-NTA: F1=0.0976 (t=0.55, support=8)
[17:35:11]   D3-OTF: F1=0.4806 (t=0.50, support=262)
[17:35:11]   D3-PA: F1=0.1480 (t=0.45, support=52)
[17:35:11]   D3-PCSV: F1=0.2529 (t=0.55, support=98)
[17:35:11]   D3-PLA: F1=0.1739 (t=0.70, support=38)
[17:35:11]   D3-PSA: F1=0.4574 (t=0.40, support=264)
[17:35:11]   D3-PSMD: F1=0.3333 (t=0.65, support=3)
[17:35:11]   D3-PT: F1=0.9789 (t=0.05, support=904)
[17:35:11]   D3-RC: F1=0.2667 (t=0.75, support=12)
[17:35:11]   D3-RF: F1=0.3043 (t=0.60, support=22)
[17:35:11]   D3-RKD: F1=0.4724 (t=0.50, support=148)
[17:35:11]   D3-SCA: F1=0.1176 (t=0.70, support=13)
[17:35:11]   D3-SEA: F1=0.0135 (t=0.30, support=3)
[17:35:11]   D3-SICA: F1=0.3152 (t=0.55, support=84)
[17:35:11]   D3-SJA: F1=0.2000 (t=0.55, support=4)
[17:35:11]   D3-ST: F1=0.2059 (t=0.60, support=13)
[17:35:11]  Result: Macro F1=0.2818, Micro F1=0.4529, P=0.2911, R=0.4828 (146s)
[17:35:11]  Current best: Case 46 (w_sig=0.5, w_ttp=0.0, w_mbc=0.5) → Macro F1=0.3003
[17:35:11] 
[Case 55/66] w_sig=0.6, w_ttp=0.3, w_mbc=0.1
[17:35:11]  CNN Dataset: 943 samples, 478 features → 22x22 image
[17:35:11]  Device: cpu
[17:35:11] 
============================================================
[17:35:11]  FOLD 1/5 — Train: 754, Val: 189
[17:35:11] ============================================================
[17:35:11]  Model parameters: 65,505
[17:35:12]   Fold 1/5 | Epoch   1 | LR 0.000140 | Train Loss 0.5118 | Val Loss 0.3249 | Val F1 0.0644
[17:35:17]   Fold 1/5 | Epoch  10 | LR 0.000699 | Train Loss 0.3418 | Val Loss 0.3029 | Val F1 0.1823
[17:35:25]   Fold 1/5 | Epoch  20 | LR 0.000691 | Train Loss 0.2563 | Val Loss 0.3157 | Val F1 0.1714
[17:35:33]   Fold 1/5 | Epoch  30 | LR 0.000674 | Train Loss 0.1978 | Val Loss 0.4674 | Val F1 0.1956
[17:35:40]   Fold 1/5 | Epoch  40 | LR 0.000649 | Train Loss 0.1745 | Val Loss 0.8760 | Val F1 0.1372
[17:35:48]   Fold 1/5 | Epoch  50 | LR 0.000616 | Train Loss 0.1536 | Val Loss 0.5871 | Val F1 0.1496
[17:35:48]   Early stopping at epoch 50 (patience=25)
[17:35:48]  Fold 1 — Best Val Loss: 0.2694, F1@0.5: 0.2267
[17:35:48] 
============================================================
[17:35:48]  FOLD 2/5 — Train: 754, Val: 189
[17:35:48] ============================================================
[17:35:49]   Fold 2/5 | Epoch   1 | LR 0.000140 | Train Loss 0.4484 | Val Loss 0.3639 | Val F1 0.0988
[17:35:55]   Fold 2/5 | Epoch  10 | LR 0.000699 | Train Loss 0.3139 | Val Loss 0.5819 | Val F1 0.1525
[17:36:02]   Fold 2/5 | Epoch  20 | LR 0.000691 | Train Loss 0.2359 | Val Loss 0.6373 | Val F1 0.1777
[17:36:05]   Early stopping at epoch 26 (patience=25)
[17:36:05]  Fold 2 — Best Val Loss: 0.3639, F1@0.5: 0.0988
[17:36:05] 
============================================================
[17:36:05]  FOLD 3/5 — Train: 754, Val: 189
[17:36:05] ============================================================
[17:36:06]   Fold 3/5 | Epoch   1 | LR 0.000140 | Train Loss 0.5803 | Val Loss 0.3272 | Val F1 0.0631
[17:36:14]   Fold 3/5 | Epoch  10 | LR 0.000699 | Train Loss 0.3297 | Val Loss 0.3203 | Val F1 0.1878
[17:36:23]   Fold 3/5 | Epoch  20 | LR 0.000691 | Train Loss 0.2365 | Val Loss 0.5511 | Val F1 0.1968
[17:36:30]   Fold 3/5 | Epoch  30 | LR 0.000674 | Train Loss 0.1999 | Val Loss 1.1711 | Val F1 0.1229
[17:36:32]   Early stopping at epoch 33 (patience=25)
[17:36:32]  Fold 3 — Best Val Loss: 0.3103, F1@0.5: 0.1822
[17:36:32] 
============================================================
[17:36:32]  FOLD 4/5 — Train: 755, Val: 188
[17:36:32] ============================================================
[17:36:33]   Fold 4/5 | Epoch   1 | LR 0.000140 | Train Loss 0.4997 | Val Loss 0.2864 | Val F1 0.0889
[17:36:40]   Fold 4/5 | Epoch  10 | LR 0.000699 | Train Loss 0.3503 | Val Loss 0.3052 | Val F1 0.1192
[17:36:48]   Fold 4/5 | Epoch  20 | LR 0.000691 | Train Loss 0.2617 | Val Loss 0.2865 | Val F1 0.2135
[17:36:52]   Fold 4/5 | Epoch  30 | LR 0.000674 | Train Loss 0.2075 | Val Loss 1.0903 | Val F1 0.1814
[17:36:56]   Early stopping at epoch 34 (patience=25)
[17:36:56]  Fold 4 — Best Val Loss: 0.2661, F1@0.5: 0.1528
[17:36:56] 
============================================================
[17:36:56]  FOLD 5/5 — Train: 755, Val: 188
[17:36:56] ============================================================
[17:36:57]   Fold 5/5 | Epoch   1 | LR 0.000140 | Train Loss 0.4874 | Val Loss 0.3079 | Val F1 0.1031
[17:37:04]   Fold 5/5 | Epoch  10 | LR 0.000699 | Train Loss 0.3419 | Val Loss 0.3957 | Val F1 0.0957
[17:37:12]   Fold 5/5 | Epoch  20 | LR 0.000691 | Train Loss 0.2603 | Val Loss 0.2340 | Val F1 0.2404
[17:37:19]   Fold 5/5 | Epoch  30 | LR 0.000674 | Train Loss 0.2126 | Val Loss 0.3283 | Val F1 0.2274
[17:37:26]   Fold 5/5 | Epoch  40 | LR 0.000649 | Train Loss 0.1657 | Val Loss 1.3167 | Val F1 0.1434
[17:37:31]   Early stopping at epoch 46 (patience=25)
[17:37:31]  Fold 5 — Best Val Loss: 0.2319, F1@0.5: 0.2388
[17:37:31] 
============================================================
[17:37:31]  K-FOLD RESULTS
[17:37:31] ============================================================
[17:37:31]  F1@0.5 per fold: ['0.2267', '0.0988', '0.1822', '0.1528', '0.2388']
[17:37:31]  Mean F1@0.5: 0.1799 ± 0.0509
[17:37:31] 
 Tuning per-action thresholds...
[17:37:32]  Threshold range: [0.05, 0.60], mean=0.48
[17:37:32] 
 With tuned thresholds:
[17:37:32]   Macro F1:   0.2211
[17:37:32]   Micro F1:   0.3644
[17:37:32]   Sample F1:  0.3853
[17:37:32]   Precision:  0.1755
[17:37:32]   Recall:     0.5727
[17:37:32] 
 Per-action F1 (tuned threshold):
[17:37:32]   D3-CCSA: F1=0.1212 (t=0.55, support=17)
[17:37:32]   D3-CE: F1=0.0351 (t=0.45, support=14)
[17:37:32]   D3-CQ: F1=0.1576 (t=0.50, support=71)
[17:37:32]   D3-CR: F1=0.1818 (t=0.55, support=6)
[17:37:32]   D3-CRO: F1=0.0085 (t=0.35, support=3)
[17:37:32]   D3-DNSDL: F1=0.2000 (t=0.60, support=25)
[17:37:32]   D3-EAL: F1=0.0142 (t=0.40, support=3)
[17:37:32]   D3-EDL: F1=0.1675 (t=0.50, support=51)
[17:37:32]   D3-EI: F1=0.0606 (t=0.60, support=12)
[17:37:32]   D3-FA: F1=0.0423 (t=0.50, support=11)
[17:37:32]   D3-FAPA: F1=0.5126 (t=0.55, support=84)
[17:37:32]   D3-FCOA: F1=0.0107 (t=0.30, support=4)
[17:37:32]   D3-FEV: F1=0.5787 (t=0.45, support=356)
[17:37:32]   D3-FIM: F1=0.0323 (t=0.45, support=3)
[17:37:32]   D3-FR: F1=0.0408 (t=0.45, support=12)
[17:37:32]   D3-FRDDL: F1=0.4000 (t=0.55, support=44)
[17:37:32]   D3-NI: F1=0.5766 (t=0.45, support=364)
[17:37:32]   D3-NTA: F1=0.0465 (t=0.50, support=8)
[17:37:32]   D3-OTF: F1=0.4813 (t=0.45, support=262)
[17:37:32]   D3-PA: F1=0.1292 (t=0.50, support=52)
[17:37:32]   D3-PCSV: F1=0.2376 (t=0.50, support=98)
[17:37:32]   D3-PLA: F1=0.1362 (t=0.55, support=38)
[17:37:32]   D3-PSA: F1=0.4458 (t=0.45, support=264)
[17:37:32]   D3-PSMD: F1=0.0208 (t=0.45, support=3)
[17:37:32]   D3-PT: F1=0.9789 (t=0.05, support=904)
[17:37:32]   D3-RC: F1=0.3200 (t=0.55, support=12)
[17:37:32]   D3-RF: F1=0.2667 (t=0.60, support=22)
[17:37:32]   D3-RKD: F1=0.4000 (t=0.50, support=148)
[17:37:32]   D3-SCA: F1=0.0405 (t=0.50, support=13)
[17:37:32]   D3-SEA: F1=0.0090 (t=0.40, support=3)
[17:37:32]   D3-SICA: F1=0.3308 (t=0.50, support=84)
[17:37:32]   D3-SJA: F1=0.1818 (t=0.50, support=4)
[17:37:32]   D3-ST: F1=0.1290 (t=0.55, support=13)
[17:37:32]  Result: Macro F1=0.2211, Micro F1=0.3644, P=0.1755, R=0.5727 (141s)
[17:37:33]  Current best: Case 46 (w_sig=0.5, w_ttp=0.0, w_mbc=0.5) → Macro F1=0.3003
[17:37:33] 
[Case 56/66] w_sig=0.6, w_ttp=0.4, w_mbc=0.0
[17:37:33]  CNN Dataset: 943 samples, 478 features → 22x22 image
[17:37:33]  Device: cpu
[17:37:33] 
============================================================
[17:37:33]  FOLD 1/5 — Train: 754, Val: 189
[17:37:33] ============================================================
[17:37:33]  Model parameters: 65,505
[17:37:33]   Fold 1/5 | Epoch   1 | LR 0.000140 | Train Loss 0.5142 | Val Loss 0.3299 | Val F1 0.0644
[17:37:38]   Fold 1/5 | Epoch  10 | LR 0.000699 | Train Loss 0.3457 | Val Loss 0.3155 | Val F1 0.1720
[17:37:43]   Fold 1/5 | Epoch  20 | LR 0.000691 | Train Loss 0.2565 | Val Loss 0.4974 | Val F1 0.1721
[17:37:48]   Fold 1/5 | Epoch  30 | LR 0.000674 | Train Loss 0.1977 | Val Loss 0.5544 | Val F1 0.2016
[17:37:53]   Fold 1/5 | Epoch  40 | LR 0.000649 | Train Loss 0.1769 | Val Loss 0.2865 | Val F1 0.1913
[17:37:53]   Early stopping at epoch 40 (patience=25)
[17:37:53]  Fold 1 — Best Val Loss: 0.2664, F1@0.5: 0.2139
[17:37:53] 
============================================================
[17:37:53]  FOLD 2/5 — Train: 754, Val: 189
[17:37:53] ============================================================
[17:37:54]   Fold 2/5 | Epoch   1 | LR 0.000140 | Train Loss 0.5007 | Val Loss 0.3572 | Val F1 0.0217
[17:37:58]   Fold 2/5 | Epoch  10 | LR 0.000699 | Train Loss 0.3256 | Val Loss 0.4032 | Val F1 0.1552
[17:38:04]   Fold 2/5 | Epoch  20 | LR 0.000691 | Train Loss 0.2530 | Val Loss 0.4453 | Val F1 0.2063
[17:38:09]   Fold 2/5 | Epoch  30 | LR 0.000674 | Train Loss 0.1975 | Val Loss 0.8458 | Val F1 0.1515
[17:38:12]   Early stopping at epoch 38 (patience=25)
[17:38:12]  Fold 2 — Best Val Loss: 0.3560, F1@0.5: 0.2283
[17:38:12] 
============================================================
[17:38:12]  FOLD 3/5 — Train: 754, Val: 189
[17:38:12] ============================================================
[17:38:13]   Fold 3/5 | Epoch   1 | LR 0.000140 | Train Loss 0.5299 | Val Loss 0.3492 | Val F1 0.0293
[17:38:17]   Fold 3/5 | Epoch  10 | LR 0.000699 | Train Loss 0.3363 | Val Loss 0.3528 | Val F1 0.1429
[17:38:22]   Fold 3/5 | Epoch  20 | LR 0.000691 | Train Loss 0.2471 | Val Loss 0.5067 | Val F1 0.1566
[17:38:27]   Fold 3/5 | Epoch  30 | LR 0.000674 | Train Loss 0.2009 | Val Loss 0.7915 | Val F1 0.1757
[17:38:33]   Fold 3/5 | Epoch  40 | LR 0.000649 | Train Loss 0.1703 | Val Loss 0.6321 | Val F1 0.1327
[17:38:33]   Early stopping at epoch 41 (patience=25)
[17:38:33]  Fold 3 — Best Val Loss: 0.3167, F1@0.5: 0.2060
[17:38:33] 
============================================================
[17:38:33]  FOLD 4/5 — Train: 755, Val: 188
[17:38:33] ============================================================
[17:38:33]   Fold 4/5 | Epoch   1 | LR 0.000140 | Train Loss 0.4877 | Val Loss 0.3145 | Val F1 0.0553
[17:38:39]   Fold 4/5 | Epoch  10 | LR 0.000699 | Train Loss 0.3372 | Val Loss 0.2853 | Val F1 0.1731
[17:38:43]   Fold 4/5 | Epoch  20 | LR 0.000691 | Train Loss 0.2543 | Val Loss 0.5090 | Val F1 0.1572
[17:38:48]   Fold 4/5 | Epoch  30 | LR 0.000674 | Train Loss 0.2026 | Val Loss 0.3636 | Val F1 0.2126
[17:38:53]   Fold 4/5 | Epoch  40 | LR 0.000649 | Train Loss 0.1672 | Val Loss 0.8051 | Val F1 0.1773
[17:38:54]   Early stopping at epoch 42 (patience=25)
[17:38:54]  Fold 4 — Best Val Loss: 0.2507, F1@0.5: 0.1976
[17:38:54] 
============================================================
[17:38:54]  FOLD 5/5 — Train: 755, Val: 188
[17:38:54] ============================================================
[17:38:55]   Fold 5/5 | Epoch   1 | LR 0.000140 | Train Loss 0.4718 | Val Loss 0.2948 | Val F1 0.0980
[17:39:00]   Fold 5/5 | Epoch  10 | LR 0.000699 | Train Loss 0.3471 | Val Loss 0.2605 | Val F1 0.1593
[17:39:05]   Fold 5/5 | Epoch  20 | LR 0.000691 | Train Loss 0.2671 | Val Loss 0.2404 | Val F1 0.2023
[17:39:10]   Fold 5/5 | Epoch  30 | LR 0.000674 | Train Loss 0.2082 | Val Loss 0.3047 | Val F1 0.2162
[17:39:15]   Fold 5/5 | Epoch  40 | LR 0.000649 | Train Loss 0.1880 | Val Loss 0.3039 | Val F1 0.2264
[17:39:17]   Early stopping at epoch 44 (patience=25)
[17:39:17]  Fold 5 — Best Val Loss: 0.2179, F1@0.5: 0.2300
[17:39:17] 
============================================================
[17:39:17]  K-FOLD RESULTS
[17:39:17] ============================================================
[17:39:17]  F1@0.5 per fold: ['0.2139', '0.2283', '0.2060', '0.1976', '0.2300']
[17:39:17]  Mean F1@0.5: 0.2152 ± 0.0125
[17:39:17] 
 Tuning per-action thresholds...
[17:39:18]  Threshold range: [0.05, 0.60], mean=0.47
[17:39:18] 
 With tuned thresholds:
[17:39:18]   Macro F1:   0.2368
[17:39:18]   Micro F1:   0.3930
[17:39:18]   Sample F1:  0.3934
[17:39:18]   Precision:  0.1976
[17:39:18]   Recall:     0.5481
[17:39:18] 
 Per-action F1 (tuned threshold):
[17:39:18]   D3-CCSA: F1=0.2000 (t=0.60, support=17)
[17:39:18]   D3-CE: F1=0.1212 (t=0.60, support=14)
[17:39:18]   D3-CQ: F1=0.2086 (t=0.50, support=71)
[17:39:18]   D3-CR: F1=0.1370 (t=0.50, support=6)
[17:39:18]   D3-CRO: F1=0.0606 (t=0.45, support=3)
[17:39:18]   D3-DNSDL: F1=0.2439 (t=0.55, support=25)
[17:39:18]   D3-EAL: F1=0.0122 (t=0.30, support=3)
[17:39:18]   D3-EDL: F1=0.1695 (t=0.50, support=51)
[17:39:18]   D3-EI: F1=0.0652 (t=0.55, support=12)
[17:39:18]   D3-FA: F1=0.0347 (t=0.45, support=11)
[17:39:18]   D3-FAPA: F1=0.4215 (t=0.50, support=84)
[17:39:18]   D3-FCOA: F1=0.0096 (t=0.25, support=4)
[17:39:18]   D3-FEV: F1=0.6065 (t=0.45, support=356)
[17:39:18]   D3-FIM: F1=0.5000 (t=0.50, support=3)
[17:39:18]   D3-FR: F1=0.0500 (t=0.45, support=12)
[17:39:18]   D3-FRDDL: F1=0.3511 (t=0.55, support=44)
[17:39:18]   D3-NI: F1=0.5746 (t=0.45, support=364)
[17:39:18]   D3-NTA: F1=0.0678 (t=0.55, support=8)
[17:39:18]   D3-OTF: F1=0.4803 (t=0.50, support=262)
[17:39:18]   D3-PA: F1=0.1337 (t=0.45, support=52)
[17:39:18]   D3-PCSV: F1=0.2201 (t=0.50, support=98)
[17:39:18]   D3-PLA: F1=0.1466 (t=0.50, support=38)
[17:39:18]   D3-PSA: F1=0.4484 (t=0.45, support=264)
[17:39:18]   D3-PSMD: F1=0.0645 (t=0.45, support=3)
[17:39:18]   D3-PT: F1=0.9789 (t=0.05, support=904)
[17:39:18]   D3-RC: F1=0.1538 (t=0.55, support=12)
[17:39:18]   D3-RF: F1=0.2400 (t=0.55, support=22)
[17:39:18]   D3-RKD: F1=0.5200 (t=0.50, support=148)
[17:39:18]   D3-SCA: F1=0.0423 (t=0.50, support=13)
[17:39:18]   D3-SEA: F1=0.0068 (t=0.30, support=3)
[17:39:18]   D3-SICA: F1=0.3864 (t=0.50, support=84)
[17:39:18]   D3-SJA: F1=0.0488 (t=0.45, support=4)
[17:39:18]   D3-ST: F1=0.1111 (t=0.55, support=13)
[17:39:18]  Result: Macro F1=0.2368, Micro F1=0.3930, P=0.1976, R=0.5481 (105s)
[17:39:18]  Current best: Case 46 (w_sig=0.5, w_ttp=0.0, w_mbc=0.5) → Macro F1=0.3003
[17:39:18] 
[Case 57/66] w_sig=0.7, w_ttp=0.0, w_mbc=0.3
[17:39:18]  CNN Dataset: 943 samples, 478 features → 22x22 image
[17:39:18]  Device: cpu
[17:39:18] 
============================================================
[17:39:18]  FOLD 1/5 — Train: 754, Val: 189
[17:39:18] ============================================================
[17:39:18]  Model parameters: 65,505
[17:39:19]   Fold 1/5 | Epoch   1 | LR 0.000140 | Train Loss 0.5121 | Val Loss 0.3167 | Val F1 0.0820
[17:39:23]   Fold 1/5 | Epoch  10 | LR 0.000699 | Train Loss 0.3488 | Val Loss 0.2873 | Val F1 0.1808
[17:39:28]   Fold 1/5 | Epoch  20 | LR 0.000691 | Train Loss 0.2640 | Val Loss 0.3278 | Val F1 0.2215
[17:39:33]   Fold 1/5 | Epoch  30 | LR 0.000674 | Train Loss 0.2106 | Val Loss 0.3723 | Val F1 0.2840
[17:39:38]   Fold 1/5 | Epoch  40 | LR 0.000649 | Train Loss 0.1908 | Val Loss 0.6834 | Val F1 0.1871
[17:39:41]   Early stopping at epoch 44 (patience=25)
[17:39:41]  Fold 1 — Best Val Loss: 0.2590, F1@0.5: 0.2191
[17:39:41] 
============================================================
[17:39:41]  FOLD 2/5 — Train: 754, Val: 189
[17:39:41] ============================================================
[17:39:41]   Fold 2/5 | Epoch   1 | LR 0.000140 | Train Loss 0.5220 | Val Loss 0.3880 | Val F1 0.0624
[17:39:45]   Fold 2/5 | Epoch  10 | LR 0.000699 | Train Loss 0.3184 | Val Loss 0.4824 | Val F1 0.1326
[17:39:50]   Fold 2/5 | Epoch  20 | LR 0.000691 | Train Loss 0.2544 | Val Loss 0.3856 | Val F1 0.2173
[17:39:56]   Fold 2/5 | Epoch  30 | LR 0.000674 | Train Loss 0.2073 | Val Loss 0.7568 | Val F1 0.2075
[17:40:00]   Fold 2/5 | Epoch  40 | LR 0.000649 | Train Loss 0.1797 | Val Loss 2.4051 | Val F1 0.1170
[17:40:03]   Early stopping at epoch 46 (patience=25)
[17:40:03]  Fold 2 — Best Val Loss: 0.3327, F1@0.5: 0.2641
[17:40:03] 
============================================================
[17:40:03]  FOLD 3/5 — Train: 754, Val: 189
[17:40:03] ============================================================
[17:40:03]   Fold 3/5 | Epoch   1 | LR 0.000140 | Train Loss 0.4828 | Val Loss 0.3403 | Val F1 0.0676
[17:40:09]   Fold 3/5 | Epoch  10 | LR 0.000699 | Train Loss 0.3338 | Val Loss 0.4083 | Val F1 0.1788
[17:40:13]   Fold 3/5 | Epoch  20 | LR 0.000691 | Train Loss 0.2511 | Val Loss 0.3559 | Val F1 0.2087
[17:40:18]   Fold 3/5 | Epoch  30 | LR 0.000674 | Train Loss 0.2041 | Val Loss 0.4615 | Val F1 0.2211
[17:40:23]   Early stopping at epoch 39 (patience=25)
[17:40:23]  Fold 3 — Best Val Loss: 0.3188, F1@0.5: 0.2521
[17:40:23] 
============================================================
[17:40:23]  FOLD 4/5 — Train: 755, Val: 188
[17:40:23] ============================================================
[17:40:24]   Fold 4/5 | Epoch   1 | LR 0.000140 | Train Loss 0.4755 | Val Loss 0.2977 | Val F1 0.0905
[17:40:28]   Fold 4/5 | Epoch  10 | LR 0.000699 | Train Loss 0.3402 | Val Loss 0.2810 | Val F1 0.1607
[17:40:33]   Fold 4/5 | Epoch  20 | LR 0.000691 | Train Loss 0.2612 | Val Loss 0.2728 | Val F1 0.2093
[17:40:39]   Fold 4/5 | Epoch  30 | LR 0.000674 | Train Loss 0.2236 | Val Loss 0.4000 | Val F1 0.1869
[17:40:43]   Early stopping at epoch 39 (patience=25)
[17:40:43]  Fold 4 — Best Val Loss: 0.2643, F1@0.5: 0.1727
[17:40:43] 
============================================================
[17:40:43]  FOLD 5/5 — Train: 755, Val: 188
[17:40:43] ============================================================
[17:40:44]   Fold 5/5 | Epoch   1 | LR 0.000140 | Train Loss 0.4716 | Val Loss 0.2971 | Val F1 0.0771
[17:40:48]   Fold 5/5 | Epoch  10 | LR 0.000699 | Train Loss 0.3434 | Val Loss 0.2759 | Val F1 0.1820
[17:40:53]   Fold 5/5 | Epoch  20 | LR 0.000691 | Train Loss 0.2719 | Val Loss 0.5384 | Val F1 0.1335
[17:40:58]   Fold 5/5 | Epoch  30 | LR 0.000674 | Train Loss 0.2233 | Val Loss 0.7899 | Val F1 0.1700
[17:41:03]   Fold 5/5 | Epoch  40 | LR 0.000649 | Train Loss 0.1799 | Val Loss 0.5101 | Val F1 0.2014
[17:41:08]   Fold 5/5 | Epoch  50 | LR 0.000616 | Train Loss 0.1633 | Val Loss 0.5708 | Val F1 0.2044
[17:41:08]   Early stopping at epoch 50 (patience=25)
[17:41:08]  Fold 5 — Best Val Loss: 0.2233, F1@0.5: 0.2252
[17:41:08] 
============================================================
[17:41:08]  K-FOLD RESULTS
[17:41:08] ============================================================
[17:41:08]  F1@0.5 per fold: ['0.2191', '0.2641', '0.2521', '0.1727', '0.2252']
[17:41:08]  Mean F1@0.5: 0.2266 ± 0.0317
[17:41:08] 
 Tuning per-action thresholds...
[17:41:09]  Threshold range: [0.05, 0.80], mean=0.51
[17:41:09] 
 With tuned thresholds:
[17:41:09]   Macro F1:   0.2821
[17:41:09]   Micro F1:   0.4406
[17:41:09]   Sample F1:  0.4386
[17:41:09]   Precision:  0.2980
[17:41:09]   Recall:     0.5260
[17:41:09] 
 Per-action F1 (tuned threshold):
[17:41:09]   D3-CCSA: F1=0.1905 (t=0.70, support=17)
[17:41:09]   D3-CE: F1=0.0920 (t=0.55, support=14)
[17:41:09]   D3-CQ: F1=0.1960 (t=0.50, support=71)
[17:41:09]   D3-CR: F1=0.2727 (t=0.55, support=6)
[17:41:09]   D3-CRO: F1=0.5000 (t=0.60, support=3)
[17:41:09]   D3-DNSDL: F1=0.3111 (t=0.55, support=25)
[17:41:09]   D3-EAL: F1=0.0193 (t=0.40, support=3)
[17:41:09]   D3-EDL: F1=0.1574 (t=0.50, support=51)
[17:41:09]   D3-EI: F1=0.0645 (t=0.50, support=12)
[17:41:09]   D3-FA: F1=0.1538 (t=0.65, support=11)
[17:41:09]   D3-FAPA: F1=0.5170 (t=0.60, support=84)
[17:41:09]   D3-FCOA: F1=0.0116 (t=0.25, support=4)
[17:41:09]   D3-FEV: F1=0.6148 (t=0.50, support=356)
[17:41:09]   D3-FIM: F1=0.4000 (t=0.50, support=3)
[17:41:09]   D3-FR: F1=0.0690 (t=0.50, support=12)
[17:41:09]   D3-FRDDL: F1=0.4651 (t=0.60, support=44)
[17:41:09]   D3-NI: F1=0.5757 (t=0.45, support=364)
[17:41:09]   D3-NTA: F1=0.0296 (t=0.40, support=8)
[17:41:09]   D3-OTF: F1=0.4894 (t=0.50, support=262)
[17:41:09]   D3-PA: F1=0.1728 (t=0.55, support=52)
[17:41:09]   D3-PCSV: F1=0.2796 (t=0.50, support=98)
[17:41:09]   D3-PLA: F1=0.1639 (t=0.55, support=38)
[17:41:09]   D3-PSA: F1=0.4602 (t=0.45, support=264)
[17:41:09]   D3-PSMD: F1=0.0170 (t=0.30, support=3)
[17:41:09]   D3-PT: F1=0.9789 (t=0.05, support=904)
[17:41:09]   D3-RC: F1=0.2759 (t=0.60, support=12)
[17:41:09]   D3-RF: F1=0.4314 (t=0.65, support=22)
[17:41:09]   D3-RKD: F1=0.5640 (t=0.55, support=148)
[17:41:09]   D3-SCA: F1=0.1333 (t=0.65, support=13)
[17:41:09]   D3-SEA: F1=0.0083 (t=0.25, support=3)
[17:41:09]   D3-SICA: F1=0.4100 (t=0.55, support=84)
[17:41:09]   D3-SJA: F1=0.1509 (t=0.45, support=4)
[17:41:09]   D3-ST: F1=0.1333 (t=0.80, support=13)
[17:41:09]  Result: Macro F1=0.2821, Micro F1=0.4406, P=0.2980, R=0.5260 (111s)
[17:41:09]  Current best: Case 46 (w_sig=0.5, w_ttp=0.0, w_mbc=0.5) → Macro F1=0.3003
[17:41:09] 
[Case 58/66] w_sig=0.7, w_ttp=0.1, w_mbc=0.2
[17:41:09]  CNN Dataset: 943 samples, 478 features → 22x22 image
[17:41:09]  Device: cpu
[17:41:09] 
============================================================
[17:41:09]  FOLD 1/5 — Train: 754, Val: 189
[17:41:09] ============================================================
[17:41:09]  Model parameters: 65,505
[17:41:10]   Fold 1/5 | Epoch   1 | LR 0.000140 | Train Loss 0.5081 | Val Loss 0.3131 | Val F1 0.0816
[17:41:14]   Fold 1/5 | Epoch  10 | LR 0.000699 | Train Loss 0.3471 | Val Loss 0.3269 | Val F1 0.1573
[17:41:20]   Fold 1/5 | Epoch  20 | LR 0.000691 | Train Loss 0.2626 | Val Loss 0.3748 | Val F1 0.2443
[17:41:24]   Fold 1/5 | Epoch  30 | LR 0.000674 | Train Loss 0.2058 | Val Loss 0.2991 | Val F1 0.2325
[17:41:30]   Fold 1/5 | Epoch  40 | LR 0.000649 | Train Loss 0.1844 | Val Loss 0.5380 | Val F1 0.2290
[17:41:30]   Early stopping at epoch 41 (patience=25)
[17:41:30]  Fold 1 — Best Val Loss: 0.2593, F1@0.5: 0.2001
[17:41:30] 
============================================================
[17:41:30]  FOLD 2/5 — Train: 754, Val: 189
[17:41:30] ============================================================
[17:41:31]   Fold 2/5 | Epoch   1 | LR 0.000140 | Train Loss 0.4546 | Val Loss 0.3522 | Val F1 0.0987
[17:41:36]   Fold 2/5 | Epoch  10 | LR 0.000699 | Train Loss 0.3185 | Val Loss 0.4780 | Val F1 0.1684
[17:41:41]   Fold 2/5 | Epoch  20 | LR 0.000691 | Train Loss 0.2444 | Val Loss 0.3820 | Val F1 0.2501
[17:41:45]   Early stopping at epoch 26 (patience=25)
[17:41:45]  Fold 2 — Best Val Loss: 0.3522, F1@0.5: 0.0987
[17:41:45] 
============================================================
[17:41:45]  FOLD 3/5 — Train: 754, Val: 189
[17:41:45] ============================================================
[17:41:46]   Fold 3/5 | Epoch   1 | LR 0.000140 | Train Loss 0.4746 | Val Loss 0.3350 | Val F1 0.0868
[17:41:51]   Fold 3/5 | Epoch  10 | LR 0.000699 | Train Loss 0.3330 | Val Loss 0.3230 | Val F1 0.2072
[17:41:56]   Fold 3/5 | Epoch  20 | LR 0.000691 | Train Loss 0.2491 | Val Loss 0.6688 | Val F1 0.1829
[17:42:02]   Fold 3/5 | Epoch  30 | LR 0.000674 | Train Loss 0.2014 | Val Loss 0.4495 | Val F1 0.2333
[17:42:07]   Fold 3/5 | Epoch  40 | LR 0.000649 | Train Loss 0.1656 | Val Loss 0.8338 | Val F1 0.2724
[17:42:11]   Fold 3/5 | Epoch  50 | LR 0.000616 | Train Loss 0.1566 | Val Loss 2.6651 | Val F1 0.1649
[17:42:15]   Early stopping at epoch 56 (patience=25)
[17:42:15]  Fold 3 — Best Val Loss: 0.3033, F1@0.5: 0.2373
[17:42:15] 
============================================================
[17:42:15]  FOLD 4/5 — Train: 755, Val: 188
[17:42:15] ============================================================
[17:42:15]   Fold 4/5 | Epoch   1 | LR 0.000140 | Train Loss 0.5156 | Val Loss 0.2964 | Val F1 0.0882
[17:42:20]   Fold 4/5 | Epoch  10 | LR 0.000699 | Train Loss 0.3425 | Val Loss 0.3583 | Val F1 0.1217
[17:42:24]   Fold 4/5 | Epoch  20 | LR 0.000691 | Train Loss 0.2471 | Val Loss 0.3309 | Val F1 0.2112
[17:42:30]   Fold 4/5 | Epoch  30 | LR 0.000674 | Train Loss 0.2178 | Val Loss 0.4275 | Val F1 0.2331
[17:42:35]   Fold 4/5 | Epoch  40 | LR 0.000649 | Train Loss 0.1776 | Val Loss 0.3676 | Val F1 0.2250
[17:42:40]   Fold 4/5 | Epoch  50 | LR 0.000616 | Train Loss 0.1668 | Val Loss 0.3419 | Val F1 0.1902
[17:42:44]   Early stopping at epoch 57 (patience=25)
[17:42:44]  Fold 4 — Best Val Loss: 0.2075, F1@0.5: 0.2584
[17:42:44] 
============================================================
[17:42:44]  FOLD 5/5 — Train: 755, Val: 188
[17:42:44] ============================================================
[17:42:44]   Fold 5/5 | Epoch   1 | LR 0.000140 | Train Loss 0.5003 | Val Loss 0.3023 | Val F1 0.1007
[17:42:49]   Fold 5/5 | Epoch  10 | LR 0.000699 | Train Loss 0.3358 | Val Loss 0.2611 | Val F1 0.1561
[17:42:54]   Fold 5/5 | Epoch  20 | LR 0.000691 | Train Loss 0.2687 | Val Loss 0.2840 | Val F1 0.1465
[17:42:59]   Fold 5/5 | Epoch  30 | LR 0.000674 | Train Loss 0.2111 | Val Loss 0.2293 | Val F1 0.2111
[17:43:04]   Fold 5/5 | Epoch  40 | LR 0.000649 | Train Loss 0.1947 | Val Loss 0.3490 | Val F1 0.2631
[17:43:09]   Early stopping at epoch 49 (patience=25)
[17:43:09]  Fold 5 — Best Val Loss: 0.2216, F1@0.5: 0.2093
[17:43:09] 
============================================================
[17:43:09]  K-FOLD RESULTS
[17:43:09] ============================================================
[17:43:09]  F1@0.5 per fold: ['0.2001', '0.0987', '0.2373', '0.2584', '0.2093']
[17:43:09]  Mean F1@0.5: 0.2008 ± 0.0550
[17:43:09] 
 Tuning per-action thresholds...
[17:43:10]  Threshold range: [0.05, 0.80], mean=0.54
[17:43:10] 
 With tuned thresholds:
[17:43:10]   Macro F1:   0.2652
[17:43:10]   Micro F1:   0.4782
[17:43:10]   Sample F1:  0.4809
[17:43:10]   Precision:  0.2347
[17:43:10]   Recall:     0.4799
[17:43:10] 
 Per-action F1 (tuned threshold):
[17:43:10]   D3-CCSA: F1=0.2609 (t=0.80, support=17)
[17:43:10]   D3-CE: F1=0.1000 (t=0.65, support=14)
[17:43:10]   D3-CQ: F1=0.1644 (t=0.55, support=71)
[17:43:10]   D3-CR: F1=0.0667 (t=0.55, support=6)
[17:43:10]   D3-CRO: F1=0.0147 (t=0.30, support=3)
[17:43:10]   D3-DNSDL: F1=0.2258 (t=0.55, support=25)
[17:43:10]   D3-EAL: F1=0.0160 (t=0.35, support=3)
[17:43:10]   D3-EDL: F1=0.2078 (t=0.60, support=51)
[17:43:10]   D3-EI: F1=0.1538 (t=0.60, support=12)
[17:43:10]   D3-FA: F1=0.1000 (t=0.75, support=11)
[17:43:10]   D3-FAPA: F1=0.5556 (t=0.55, support=84)
[17:43:10]   D3-FCOA: F1=0.0769 (t=0.60, support=4)
[17:43:10]   D3-FEV: F1=0.5943 (t=0.50, support=356)
[17:43:10]   D3-FIM: F1=0.4000 (t=0.40, support=3)
[17:43:10]   D3-FR: F1=0.0976 (t=0.55, support=12)
[17:43:10]   D3-FRDDL: F1=0.3636 (t=0.65, support=44)
[17:43:10]   D3-NI: F1=0.6283 (t=0.45, support=364)
[17:43:10]   D3-NTA: F1=0.0674 (t=0.55, support=8)
[17:43:10]   D3-OTF: F1=0.5036 (t=0.50, support=262)
[17:43:10]   D3-PA: F1=0.1779 (t=0.50, support=52)
[17:43:10]   D3-PCSV: F1=0.3310 (t=0.50, support=98)
[17:43:10]   D3-PLA: F1=0.2361 (t=0.50, support=38)
[17:43:10]   D3-PSA: F1=0.4729 (t=0.45, support=264)
[17:43:10]   D3-PSMD: F1=0.1053 (t=0.60, support=3)
[17:43:10]   D3-PT: F1=0.9789 (t=0.05, support=904)
[17:43:10]   D3-RC: F1=0.2857 (t=0.75, support=12)
[17:43:10]   D3-RF: F1=0.2500 (t=0.55, support=22)
[17:43:10]   D3-RKD: F1=0.4444 (t=0.50, support=148)
[17:43:10]   D3-SCA: F1=0.0952 (t=0.75, support=13)
[17:43:10]   D3-SEA: F1=0.0114 (t=0.30, support=3)
[17:43:10]   D3-SICA: F1=0.2654 (t=0.55, support=84)
[17:43:10]   D3-SJA: F1=0.2857 (t=0.70, support=4)
[17:43:10]   D3-ST: F1=0.2143 (t=0.65, support=13)
[17:43:10]  Result: Macro F1=0.2652, Micro F1=0.4782, P=0.2347, R=0.4799 (121s)
[17:43:10]  Current best: Case 46 (w_sig=0.5, w_ttp=0.0, w_mbc=0.5) → Macro F1=0.3003
[17:43:10] 
[Case 59/66] w_sig=0.7, w_ttp=0.2, w_mbc=0.1
[17:43:10]  CNN Dataset: 943 samples, 478 features → 22x22 image
[17:43:10]  Device: cpu
[17:43:10] 
============================================================
[17:43:10]  FOLD 1/5 — Train: 754, Val: 189
[17:43:10] ============================================================
[17:43:10]  Model parameters: 65,505
[17:43:10]   Fold 1/5 | Epoch   1 | LR 0.000140 | Train Loss 0.5075 | Val Loss 0.3139 | Val F1 0.0816
[17:43:15]   Fold 1/5 | Epoch  10 | LR 0.000699 | Train Loss 0.3423 | Val Loss 0.3091 | Val F1 0.1663
[17:43:20]   Fold 1/5 | Epoch  20 | LR 0.000691 | Train Loss 0.2597 | Val Loss 0.4975 | Val F1 0.1816
[17:43:25]   Fold 1/5 | Epoch  30 | LR 0.000674 | Train Loss 0.2062 | Val Loss 0.3726 | Val F1 0.2496
[17:43:28]   Early stopping at epoch 37 (patience=25)
[17:43:28]  Fold 1 — Best Val Loss: 0.2681, F1@0.5: 0.2113
[17:43:28] 
============================================================
[17:43:28]  FOLD 2/5 — Train: 754, Val: 189
[17:43:28] ============================================================
[17:43:29]   Fold 2/5 | Epoch   1 | LR 0.000140 | Train Loss 0.4832 | Val Loss 0.3636 | Val F1 0.0711
[17:43:34]   Fold 2/5 | Epoch  10 | LR 0.000699 | Train Loss 0.3120 | Val Loss 0.3955 | Val F1 0.2029
[17:43:39]   Fold 2/5 | Epoch  20 | LR 0.000691 | Train Loss 0.2301 | Val Loss 0.5092 | Val F1 0.2195
[17:43:44]   Fold 2/5 | Epoch  30 | LR 0.000674 | Train Loss 0.1942 | Val Loss 1.5333 | Val F1 0.1636
[17:43:49]   Fold 2/5 | Epoch  40 | LR 0.000649 | Train Loss 0.1876 | Val Loss 2.0275 | Val F1 0.1918
[17:43:51]   Early stopping at epoch 44 (patience=25)
[17:43:51]  Fold 2 — Best Val Loss: 0.3368, F1@0.5: 0.2102
[17:43:51] 
============================================================
[17:43:51]  FOLD 3/5 — Train: 754, Val: 189
[17:43:51] ============================================================
[17:43:52]   Fold 3/5 | Epoch   1 | LR 0.000140 | Train Loss 0.4712 | Val Loss 0.3205 | Val F1 0.0741
[17:43:57]   Fold 3/5 | Epoch  10 | LR 0.000699 | Train Loss 0.3244 | Val Loss 0.3704 | Val F1 0.2093
[17:44:02]   Fold 3/5 | Epoch  20 | LR 0.000691 | Train Loss 0.2529 | Val Loss 1.0468 | Val F1 0.1643
[17:44:05]   Early stopping at epoch 26 (patience=25)
[17:44:05]  Fold 3 — Best Val Loss: 0.3205, F1@0.5: 0.0741
[17:44:05] 
============================================================
[17:44:05]  FOLD 4/5 — Train: 755, Val: 188
[17:44:05] ============================================================
[17:44:06]   Fold 4/5 | Epoch   1 | LR 0.000140 | Train Loss 0.5236 | Val Loss 0.2891 | Val F1 0.0387
[17:44:11]   Fold 4/5 | Epoch  10 | LR 0.000699 | Train Loss 0.3410 | Val Loss 0.2844 | Val F1 0.1690
[17:44:15]   Fold 4/5 | Epoch  20 | LR 0.000691 | Train Loss 0.2688 | Val Loss 0.6916 | Val F1 0.1654
[17:44:21]   Fold 4/5 | Epoch  30 | LR 0.000674 | Train Loss 0.1997 | Val Loss 0.5788 | Val F1 0.2212
[17:44:25]   Early stopping at epoch 38 (patience=25)
[17:44:25]  Fold 4 — Best Val Loss: 0.2562, F1@0.5: 0.1728
[17:44:25] 
============================================================
[17:44:25]  FOLD 5/5 — Train: 755, Val: 188
[17:44:25] ============================================================
[17:44:26]   Fold 5/5 | Epoch   1 | LR 0.000140 | Train Loss 0.4523 | Val Loss 0.2827 | Val F1 0.0637
[17:44:30]   Fold 5/5 | Epoch  10 | LR 0.000699 | Train Loss 0.3360 | Val Loss 0.2639 | Val F1 0.1532
[17:44:36]   Fold 5/5 | Epoch  20 | LR 0.000691 | Train Loss 0.2502 | Val Loss 0.3655 | Val F1 0.1047
[17:44:41]   Fold 5/5 | Epoch  30 | LR 0.000674 | Train Loss 0.2226 | Val Loss 0.7031 | Val F1 0.1630
[17:44:46]   Fold 5/5 | Epoch  40 | LR 0.000649 | Train Loss 0.1771 | Val Loss 0.4401 | Val F1 0.2498
[17:44:51]   Fold 5/5 | Epoch  50 | LR 0.000616 | Train Loss 0.1597 | Val Loss 0.2964 | Val F1 0.2793
[17:44:56]   Early stopping at epoch 59 (patience=25)
[17:44:56]  Fold 5 — Best Val Loss: 0.2102, F1@0.5: 0.2418
[17:44:56] 
============================================================
[17:44:56]  K-FOLD RESULTS
[17:44:56] ============================================================
[17:44:56]  F1@0.5 per fold: ['0.2113', '0.2102', '0.0741', '0.1728', '0.2418']
[17:44:56]  Mean F1@0.5: 0.1820 ± 0.0582
[17:44:56] 
 Tuning per-action thresholds...
[17:44:57]  Threshold range: [0.30, 0.70], mean=0.52
[17:44:57] 
 With tuned thresholds:
[17:44:57]   Macro F1:   0.2301
[17:44:57]   Micro F1:   0.4234
[17:44:57]   Sample F1:  0.4383
[17:44:57]   Precision:  0.1981
[17:44:57]   Recall:     0.5148
[17:44:57] 
 Per-action F1 (tuned threshold):
[17:44:57]   D3-CCSA: F1=0.2759 (t=0.70, support=17)
[17:44:57]   D3-CE: F1=0.1043 (t=0.55, support=14)
[17:44:57]   D3-CQ: F1=0.1561 (t=0.50, support=71)
[17:44:57]   D3-CR: F1=0.2667 (t=0.65, support=6)
[17:44:57]   D3-CRO: F1=0.0099 (t=0.30, support=3)
[17:44:57]   D3-DNSDL: F1=0.2414 (t=0.55, support=25)
[17:44:57]   D3-EAL: F1=0.0141 (t=0.40, support=3)
[17:44:57]   D3-EDL: F1=0.1429 (t=0.50, support=51)
[17:44:57]   D3-EI: F1=0.0296 (t=0.50, support=12)
[17:44:57]   D3-FA: F1=0.0625 (t=0.55, support=11)
[17:44:57]   D3-FAPA: F1=0.5939 (t=0.55, support=84)
[17:44:57]   D3-FCOA: F1=0.0392 (t=0.50, support=4)
[17:44:57]   D3-FEV: F1=0.5737 (t=0.45, support=356)
[17:44:57]   D3-FIM: F1=0.0254 (t=0.40, support=3)
[17:44:57]   D3-FR: F1=0.0571 (t=0.50, support=12)
[17:44:57]   D3-FRDDL: F1=0.3571 (t=0.65, support=44)
[17:44:57]   D3-NI: F1=0.5973 (t=0.45, support=364)
[17:44:57]   D3-NTA: F1=0.0588 (t=0.50, support=8)
[17:44:57]   D3-OTF: F1=0.5266 (t=0.50, support=262)
[17:44:57]   D3-PA: F1=0.1345 (t=0.55, support=52)
[17:44:57]   D3-PCSV: F1=0.2112 (t=0.50, support=98)
[17:44:57]   D3-PLA: F1=0.1538 (t=0.50, support=38)
[17:44:57]   D3-PSA: F1=0.4715 (t=0.50, support=264)
[17:44:57]   D3-PSMD: F1=0.0113 (t=0.40, support=3)
[17:44:57]   D3-PT: F1=0.9794 (t=0.55, support=904)
[17:44:57]   D3-RC: F1=0.1818 (t=0.65, support=12)
[17:44:57]   D3-RF: F1=0.3529 (t=0.55, support=22)
[17:44:57]   D3-RKD: F1=0.3705 (t=0.50, support=148)
[17:44:57]   D3-SCA: F1=0.1250 (t=0.60, support=13)
[17:44:57]   D3-SEA: F1=0.0288 (t=0.50, support=3)
[17:44:57]   D3-SICA: F1=0.3251 (t=0.55, support=84)
[17:44:57]   D3-SJA: F1=0.0185 (t=0.35, support=4)
[17:44:57]   D3-ST: F1=0.0976 (t=0.65, support=13)
[17:44:57]  Result: Macro F1=0.2301, Micro F1=0.4234, P=0.1981, R=0.5148 (107s)
[17:44:57]  Current best: Case 46 (w_sig=0.5, w_ttp=0.0, w_mbc=0.5) → Macro F1=0.3003
[17:44:57] 
[Case 60/66] w_sig=0.7, w_ttp=0.3, w_mbc=0.0
[17:44:57]  CNN Dataset: 943 samples, 478 features → 22x22 image
[17:44:57]  Device: cpu
[17:44:57] 
============================================================
[17:44:57]  FOLD 1/5 — Train: 754, Val: 189
[17:44:57] ============================================================
[17:44:57]  Model parameters: 65,505
[17:44:57]   Fold 1/5 | Epoch   1 | LR 0.000140 | Train Loss 0.5093 | Val Loss 0.3202 | Val F1 0.0644
[17:45:02]   Fold 1/5 | Epoch  10 | LR 0.000699 | Train Loss 0.3412 | Val Loss 0.2973 | Val F1 0.1953
[17:45:07]   Fold 1/5 | Epoch  20 | LR 0.000691 | Train Loss 0.2524 | Val Loss 0.3342 | Val F1 0.1739
[17:45:12]   Fold 1/5 | Epoch  30 | LR 0.000674 | Train Loss 0.2033 | Val Loss 0.2745 | Val F1 0.2025
[17:45:17]   Early stopping at epoch 39 (patience=25)
[17:45:17]  Fold 1 — Best Val Loss: 0.2597, F1@0.5: 0.2026
[17:45:17] 
============================================================
[17:45:17]  FOLD 2/5 — Train: 754, Val: 189
[17:45:17] ============================================================
[17:45:17]   Fold 2/5 | Epoch   1 | LR 0.000140 | Train Loss 0.4587 | Val Loss 0.3707 | Val F1 0.0848
[17:45:22]   Fold 2/5 | Epoch  10 | LR 0.000699 | Train Loss 0.3259 | Val Loss 0.3989 | Val F1 0.1625
[17:45:27]   Fold 2/5 | Epoch  20 | LR 0.000691 | Train Loss 0.2433 | Val Loss 0.3390 | Val F1 0.2360
[17:45:32]   Fold 2/5 | Epoch  30 | LR 0.000674 | Train Loss 0.2049 | Val Loss 0.5098 | Val F1 0.1842
[17:45:37]   Fold 2/5 | Epoch  40 | LR 0.000649 | Train Loss 0.1637 | Val Loss 0.5165 | Val F1 0.3083
[17:45:40]   Early stopping at epoch 45 (patience=25)
[17:45:40]  Fold 2 — Best Val Loss: 0.3390, F1@0.5: 0.2360
[17:45:40] 
============================================================
[17:45:40]  FOLD 3/5 — Train: 754, Val: 189
[17:45:40] ============================================================
[17:45:40]   Fold 3/5 | Epoch   1 | LR 0.000140 | Train Loss 0.4861 | Val Loss 0.3420 | Val F1 0.0303
[17:45:45]   Fold 3/5 | Epoch  10 | LR 0.000699 | Train Loss 0.3280 | Val Loss 0.3311 | Val F1 0.1720
[17:45:50]   Fold 3/5 | Epoch  20 | LR 0.000691 | Train Loss 0.2392 | Val Loss 0.3928 | Val F1 0.2017
[17:45:55]   Fold 3/5 | Epoch  30 | LR 0.000674 | Train Loss 0.1962 | Val Loss 0.3771 | Val F1 0.2045
[17:46:01]   Fold 3/5 | Epoch  40 | LR 0.000649 | Train Loss 0.1797 | Val Loss 1.1398 | Val F1 0.2127
[17:46:06]   Fold 3/5 | Epoch  50 | LR 0.000616 | Train Loss 0.1520 | Val Loss 2.5509 | Val F1 0.1283
[17:46:06]   Early stopping at epoch 50 (patience=25)
[17:46:06]  Fold 3 — Best Val Loss: 0.2830, F1@0.5: 0.2533
[17:46:06] 
============================================================
[17:46:06]  FOLD 4/5 — Train: 755, Val: 188
[17:46:06] ============================================================
[17:46:07]   Fold 4/5 | Epoch   1 | LR 0.000140 | Train Loss 0.4814 | Val Loss 0.3086 | Val F1 0.0865
[17:46:11]   Fold 4/5 | Epoch  10 | LR 0.000699 | Train Loss 0.3555 | Val Loss 0.2637 | Val F1 0.2057
[17:46:16]   Fold 4/5 | Epoch  20 | LR 0.000691 | Train Loss 0.2502 | Val Loss 0.3798 | Val F1 0.1146
[17:46:21]   Fold 4/5 | Epoch  30 | LR 0.000674 | Train Loss 0.1967 | Val Loss 0.2575 | Val F1 0.2481
[17:46:27]   Fold 4/5 | Epoch  40 | LR 0.000649 | Train Loss 0.1773 | Val Loss 0.3690 | Val F1 0.2197
[17:46:32]   Fold 4/5 | Epoch  50 | LR 0.000616 | Train Loss 0.1482 | Val Loss 1.2785 | Val F1 0.1618
[17:46:35]   Early stopping at epoch 54 (patience=25)
[17:46:35]  Fold 4 — Best Val Loss: 0.2362, F1@0.5: 0.2160
[17:46:35] 
============================================================
[17:46:35]  FOLD 5/5 — Train: 755, Val: 188
[17:46:35] ============================================================
[17:46:35]   Fold 5/5 | Epoch   1 | LR 0.000140 | Train Loss 0.5183 | Val Loss 0.3036 | Val F1 0.0715
[17:46:40]   Fold 5/5 | Epoch  10 | LR 0.000699 | Train Loss 0.3476 | Val Loss 0.3217 | Val F1 0.1223
[17:46:45]   Fold 5/5 | Epoch  20 | LR 0.000691 | Train Loss 0.2587 | Val Loss 0.2409 | Val F1 0.2180
[17:46:50]   Fold 5/5 | Epoch  30 | LR 0.000674 | Train Loss 0.2026 | Val Loss 0.3646 | Val F1 0.2608
[17:46:55]   Fold 5/5 | Epoch  40 | LR 0.000649 | Train Loss 0.1859 | Val Loss 0.3139 | Val F1 0.1920
[17:46:57]   Early stopping at epoch 45 (patience=25)
[17:46:57]  Fold 5 — Best Val Loss: 0.2409, F1@0.5: 0.2180
[17:46:57] 
============================================================
[17:46:57]  K-FOLD RESULTS
[17:46:57] ============================================================
[17:46:57]  F1@0.5 per fold: ['0.2026', '0.2360', '0.2533', '0.2160', '0.2180']
[17:46:57]  Mean F1@0.5: 0.2252 ± 0.0176
[17:46:57] 
 Tuning per-action thresholds...
[17:46:58]  Threshold range: [0.05, 0.70], mean=0.50
[17:46:58] 
 With tuned thresholds:
[17:46:58]   Macro F1:   0.2657
[17:46:58]   Micro F1:   0.4476
[17:46:58]   Sample F1:  0.4483
[17:46:58]   Precision:  0.2132
[17:46:58]   Recall:     0.5467
[17:46:58] 
 Per-action F1 (tuned threshold):
[17:46:58]   D3-CCSA: F1=0.2353 (t=0.70, support=17)
[17:46:58]   D3-CE: F1=0.1463 (t=0.60, support=14)
[17:46:58]   D3-CQ: F1=0.1736 (t=0.45, support=71)
[17:46:58]   D3-CR: F1=0.1587 (t=0.55, support=6)
[17:46:58]   D3-CRO: F1=0.2222 (t=0.70, support=3)
[17:46:58]   D3-DNSDL: F1=0.2951 (t=0.60, support=25)
[17:46:58]   D3-EAL: F1=0.0345 (t=0.45, support=3)
[17:46:58]   D3-EDL: F1=0.1974 (t=0.55, support=51)
[17:46:58]   D3-EI: F1=0.1075 (t=0.50, support=12)
[17:46:58]   D3-FA: F1=0.0625 (t=0.50, support=11)
[17:46:58]   D3-FAPA: F1=0.4804 (t=0.55, support=84)
[17:46:58]   D3-FCOA: F1=0.0107 (t=0.30, support=4)
[17:46:58]   D3-FEV: F1=0.6013 (t=0.45, support=356)
[17:46:58]   D3-FIM: F1=0.1176 (t=0.50, support=3)
[17:46:58]   D3-FR: F1=0.0484 (t=0.50, support=12)
[17:46:58]   D3-FRDDL: F1=0.4698 (t=0.50, support=44)
[17:46:58]   D3-NI: F1=0.6471 (t=0.50, support=364)
[17:46:58]   D3-NTA: F1=0.0274 (t=0.45, support=8)
[17:46:58]   D3-OTF: F1=0.5231 (t=0.50, support=262)
[17:46:58]   D3-PA: F1=0.1831 (t=0.50, support=52)
[17:46:58]   D3-PCSV: F1=0.2269 (t=0.45, support=98)
[17:46:58]   D3-PLA: F1=0.1677 (t=0.55, support=38)
[17:46:58]   D3-PSA: F1=0.4688 (t=0.45, support=264)
[17:46:58]   D3-PSMD: F1=0.1081 (t=0.45, support=3)
[17:46:58]   D3-PT: F1=0.9789 (t=0.05, support=904)
[17:46:58]   D3-RC: F1=0.2143 (t=0.60, support=12)
[17:46:58]   D3-RF: F1=0.3556 (t=0.60, support=22)
[17:46:58]   D3-RKD: F1=0.5227 (t=0.50, support=148)
[17:46:58]   D3-SCA: F1=0.0437 (t=0.50, support=13)
[17:46:58]   D3-SEA: F1=0.0163 (t=0.35, support=3)
[17:46:58]   D3-SICA: F1=0.3717 (t=0.55, support=84)
[17:46:58]   D3-SJA: F1=0.2857 (t=0.60, support=4)
[17:46:58]   D3-ST: F1=0.2667 (t=0.65, support=13)
[17:46:58]  Result: Macro F1=0.2657, Micro F1=0.4476, P=0.2132, R=0.5467 (121s)
[17:46:58]  Current best: Case 46 (w_sig=0.5, w_ttp=0.0, w_mbc=0.5) → Macro F1=0.3003
[17:46:58] 
[Case 61/66] w_sig=0.8, w_ttp=0.0, w_mbc=0.2
[17:46:58]  CNN Dataset: 943 samples, 478 features → 22x22 image
[17:46:58]  Device: cpu
[17:46:58] 
============================================================
[17:46:58]  FOLD 1/5 — Train: 754, Val: 189
[17:46:58] ============================================================
[17:46:58]  Model parameters: 65,505
[17:46:59]   Fold 1/5 | Epoch   1 | LR 0.000140 | Train Loss 0.5093 | Val Loss 0.3114 | Val F1 0.0847
[17:47:03]   Fold 1/5 | Epoch  10 | LR 0.000699 | Train Loss 0.3492 | Val Loss 0.2849 | Val F1 0.1820
[17:47:09]   Fold 1/5 | Epoch  20 | LR 0.000691 | Train Loss 0.2663 | Val Loss 0.4781 | Val F1 0.1780
[17:47:14]   Fold 1/5 | Epoch  30 | LR 0.000674 | Train Loss 0.2139 | Val Loss 0.4894 | Val F1 0.2235
[17:47:19]   Fold 1/5 | Epoch  40 | LR 0.000649 | Train Loss 0.1972 | Val Loss 0.5433 | Val F1 0.1946
[17:47:23]   Early stopping at epoch 47 (patience=25)
[17:47:23]  Fold 1 — Best Val Loss: 0.2526, F1@0.5: 0.2148
[17:47:23] 
============================================================
[17:47:23]  FOLD 2/5 — Train: 754, Val: 189
[17:47:23] ============================================================
[17:47:23]   Fold 2/5 | Epoch   1 | LR 0.000140 | Train Loss 0.4832 | Val Loss 0.3710 | Val F1 0.1021
[17:47:28]   Fold 2/5 | Epoch  10 | LR 0.000699 | Train Loss 0.3219 | Val Loss 0.4028 | Val F1 0.1512
[17:47:33]   Fold 2/5 | Epoch  20 | LR 0.000691 | Train Loss 0.2563 | Val Loss 0.4337 | Val F1 0.2259
[17:47:39]   Fold 2/5 | Epoch  30 | LR 0.000674 | Train Loss 0.2106 | Val Loss 0.9761 | Val F1 0.1329
[17:47:44]   Fold 2/5 | Epoch  40 | LR 0.000649 | Train Loss 0.1799 | Val Loss 0.4571 | Val F1 0.2903
[17:47:46]   Early stopping at epoch 44 (patience=25)
[17:47:46]  Fold 2 — Best Val Loss: 0.3300, F1@0.5: 0.2814
[17:47:46] 
============================================================
[17:47:46]  FOLD 3/5 — Train: 754, Val: 189
[17:47:46] ============================================================
[17:47:46]   Fold 3/5 | Epoch   1 | LR 0.000140 | Train Loss 0.5028 | Val Loss 0.3250 | Val F1 0.0713
[17:47:51]   Fold 3/5 | Epoch  10 | LR 0.000699 | Train Loss 0.3533 | Val Loss 0.3639 | Val F1 0.1555
[17:47:56]   Fold 3/5 | Epoch  20 | LR 0.000691 | Train Loss 0.2633 | Val Loss 0.5627 | Val F1 0.1825
[17:48:01]   Fold 3/5 | Epoch  30 | LR 0.000674 | Train Loss 0.2028 | Val Loss 0.5344 | Val F1 0.2519
[17:48:06]   Fold 3/5 | Epoch  40 | LR 0.000649 | Train Loss 0.1909 | Val Loss 0.6953 | Val F1 0.2124
[17:48:08]   Early stopping at epoch 43 (patience=25)
[17:48:08]  Fold 3 — Best Val Loss: 0.2905, F1@0.5: 0.2275
[17:48:08] 
============================================================
[17:48:08]  FOLD 4/5 — Train: 755, Val: 188
[17:48:08] ============================================================
[17:48:09]   Fold 4/5 | Epoch   1 | LR 0.000140 | Train Loss 0.4794 | Val Loss 0.3018 | Val F1 0.0893
[17:48:13]   Fold 4/5 | Epoch  10 | LR 0.000699 | Train Loss 0.3533 | Val Loss 0.2801 | Val F1 0.1849
[17:48:18]   Fold 4/5 | Epoch  20 | LR 0.000691 | Train Loss 0.2575 | Val Loss 0.2761 | Val F1 0.2203
[17:48:23]   Fold 4/5 | Epoch  30 | LR 0.000674 | Train Loss 0.2085 | Val Loss 0.4483 | Val F1 0.2176
[17:48:28]   Fold 4/5 | Epoch  40 | LR 0.000649 | Train Loss 0.1896 | Val Loss 0.4500 | Val F1 0.2590
[17:48:30]   Early stopping at epoch 42 (patience=25)
[17:48:30]  Fold 4 — Best Val Loss: 0.2650, F1@0.5: 0.2392
[17:48:30] 
============================================================
[17:48:30]  FOLD 5/5 — Train: 755, Val: 188
[17:48:30] ============================================================
[17:48:30]   Fold 5/5 | Epoch   1 | LR 0.000140 | Train Loss 0.4615 | Val Loss 0.2998 | Val F1 0.0499
[17:48:35]   Fold 5/5 | Epoch  10 | LR 0.000699 | Train Loss 0.3533 | Val Loss 0.2766 | Val F1 0.1314
[17:48:40]   Fold 5/5 | Epoch  20 | LR 0.000691 | Train Loss 0.2757 | Val Loss 0.2739 | Val F1 0.2253
[17:48:46]   Fold 5/5 | Epoch  30 | LR 0.000674 | Train Loss 0.2094 | Val Loss 0.2435 | Val F1 0.2340
[17:48:51]   Fold 5/5 | Epoch  40 | LR 0.000649 | Train Loss 0.1918 | Val Loss 0.3193 | Val F1 0.2178
[17:48:54]   Early stopping at epoch 46 (patience=25)
[17:48:54]  Fold 5 — Best Val Loss: 0.2327, F1@0.5: 0.2025
[17:48:54] 
============================================================
[17:48:54]  K-FOLD RESULTS
[17:48:54] ============================================================
[17:48:54]  F1@0.5 per fold: ['0.2148', '0.2814', '0.2275', '0.2392', '0.2025']
[17:48:54]  Mean F1@0.5: 0.2331 ± 0.0271
[17:48:54] 
 Tuning per-action thresholds...
[17:48:55]  Threshold range: [0.05, 0.65], mean=0.52
[17:48:55] 
 With tuned thresholds:
[17:48:55]   Macro F1:   0.2813
[17:48:55]   Micro F1:   0.5059
[17:48:55]   Sample F1:  0.5006
[17:48:55]   Precision:  0.2394
[17:48:55]   Recall:     0.4545
[17:48:55] 
 Per-action F1 (tuned threshold):
[17:48:55]   D3-CCSA: F1=0.2500 (t=0.60, support=17)
[17:48:55]   D3-CE: F1=0.0667 (t=0.65, support=14)
[17:48:55]   D3-CQ: F1=0.1768 (t=0.45, support=71)
[17:48:55]   D3-CR: F1=0.2000 (t=0.60, support=6)
[17:48:55]   D3-CRO: F1=0.0333 (t=0.45, support=3)
[17:48:55]   D3-DNSDL: F1=0.3288 (t=0.55, support=25)
[17:48:55]   D3-EAL: F1=0.0156 (t=0.45, support=3)
[17:48:55]   D3-EDL: F1=0.2087 (t=0.55, support=51)
[17:48:55]   D3-EI: F1=0.0606 (t=0.55, support=12)
[17:48:55]   D3-FA: F1=0.0909 (t=0.60, support=11)
[17:48:55]   D3-FAPA: F1=0.6040 (t=0.55, support=84)
[17:48:55]   D3-FCOA: F1=0.0476 (t=0.45, support=4)
[17:48:55]   D3-FEV: F1=0.6110 (t=0.50, support=356)
[17:48:55]   D3-FIM: F1=0.4000 (t=0.55, support=3)
[17:48:55]   D3-FR: F1=0.0625 (t=0.55, support=12)
[17:48:55]   D3-FRDDL: F1=0.5156 (t=0.55, support=44)
[17:48:55]   D3-NI: F1=0.6074 (t=0.50, support=364)
[17:48:55]   D3-NTA: F1=0.1333 (t=0.60, support=8)
[17:48:55]   D3-OTF: F1=0.5403 (t=0.50, support=262)
[17:48:55]   D3-PA: F1=0.1457 (t=0.50, support=52)
[17:48:55]   D3-PCSV: F1=0.3438 (t=0.55, support=98)
[17:48:55]   D3-PLA: F1=0.1319 (t=0.55, support=38)
[17:48:55]   D3-PSA: F1=0.4608 (t=0.45, support=264)
[17:48:55]   D3-PSMD: F1=0.2667 (t=0.50, support=3)
[17:48:55]   D3-PT: F1=0.9789 (t=0.05, support=904)
[17:48:55]   D3-RC: F1=0.2609 (t=0.65, support=12)
[17:48:55]   D3-RF: F1=0.3500 (t=0.65, support=22)
[17:48:55]   D3-RKD: F1=0.5399 (t=0.50, support=148)
[17:48:55]   D3-SCA: F1=0.0414 (t=0.55, support=13)
[17:48:55]   D3-SEA: F1=0.0105 (t=0.30, support=3)
[17:48:55]   D3-SICA: F1=0.4046 (t=0.50, support=84)
[17:48:55]   D3-SJA: F1=0.1818 (t=0.55, support=4)
[17:48:55]   D3-ST: F1=0.2143 (t=0.60, support=13)
[17:48:55]  Result: Macro F1=0.2813, Micro F1=0.5059, P=0.2394, R=0.4545 (117s)
[17:48:55]  Current best: Case 46 (w_sig=0.5, w_ttp=0.0, w_mbc=0.5) → Macro F1=0.3003
[17:48:55] 
[Case 62/66] w_sig=0.8, w_ttp=0.1, w_mbc=0.1
[17:48:55]  CNN Dataset: 943 samples, 478 features → 22x22 image
[17:48:55]  Device: cpu
[17:48:55] 
============================================================
[17:48:55]  FOLD 1/5 — Train: 754, Val: 189
[17:48:55] ============================================================
[17:48:55]  Model parameters: 65,505
[17:48:56]   Fold 1/5 | Epoch   1 | LR 0.000140 | Train Loss 0.5063 | Val Loss 0.3076 | Val F1 0.0836
[17:49:00]   Fold 1/5 | Epoch  10 | LR 0.000699 | Train Loss 0.3499 | Val Loss 0.3028 | Val F1 0.1811
[17:49:06]   Fold 1/5 | Epoch  20 | LR 0.000691 | Train Loss 0.2657 | Val Loss 0.3992 | Val F1 0.1996
[17:49:11]   Fold 1/5 | Epoch  30 | LR 0.000674 | Train Loss 0.2111 | Val Loss 0.4099 | Val F1 0.2566
[17:49:16]   Fold 1/5 | Epoch  40 | LR 0.000649 | Train Loss 0.1905 | Val Loss 0.3619 | Val F1 0.1833
[17:49:18]   Early stopping at epoch 44 (patience=25)
[17:49:18]  Fold 1 — Best Val Loss: 0.2706, F1@0.5: 0.2165
[17:49:18] 
============================================================
[17:49:18]  FOLD 2/5 — Train: 754, Val: 189
[17:49:18] ============================================================
[17:49:18]   Fold 2/5 | Epoch   1 | LR 0.000140 | Train Loss 0.5170 | Val Loss 0.3674 | Val F1 0.0633
[17:49:23]   Fold 2/5 | Epoch  10 | LR 0.000699 | Train Loss 0.3199 | Val Loss 0.4546 | Val F1 0.1717
[17:49:28]   Fold 2/5 | Epoch  20 | LR 0.000691 | Train Loss 0.2613 | Val Loss 0.6188 | Val F1 0.2188
[17:49:34]   Fold 2/5 | Epoch  30 | LR 0.000674 | Train Loss 0.2092 | Val Loss 0.4431 | Val F1 0.2826
[17:49:37]   Early stopping at epoch 37 (patience=25)
[17:49:37]  Fold 2 — Best Val Loss: 0.3525, F1@0.5: 0.2144
[17:49:37] 
============================================================
[17:49:37]  FOLD 3/5 — Train: 754, Val: 189
[17:49:37] ============================================================
[17:49:38]   Fold 3/5 | Epoch   1 | LR 0.000140 | Train Loss 0.4703 | Val Loss 0.3187 | Val F1 0.0702
[17:49:42]   Fold 3/5 | Epoch  10 | LR 0.000699 | Train Loss 0.3254 | Val Loss 0.3687 | Val F1 0.1887
[17:49:48]   Fold 3/5 | Epoch  20 | LR 0.000691 | Train Loss 0.2541 | Val Loss 0.5574 | Val F1 0.2097
[17:49:51]   Early stopping at epoch 26 (patience=25)
[17:49:51]  Fold 3 — Best Val Loss: 0.3187, F1@0.5: 0.0702
[17:49:51] 
============================================================
[17:49:51]  FOLD 4/5 — Train: 755, Val: 188
[17:49:51] ============================================================
[17:49:52]   Fold 4/5 | Epoch   1 | LR 0.000140 | Train Loss 0.5202 | Val Loss 0.2868 | Val F1 0.0543
[17:49:56]   Fold 4/5 | Epoch  10 | LR 0.000699 | Train Loss 0.3434 | Val Loss 0.2951 | Val F1 0.1493
[17:50:02]   Fold 4/5 | Epoch  20 | LR 0.000691 | Train Loss 0.2762 | Val Loss 0.4015 | Val F1 0.2062
[17:50:08]   Fold 4/5 | Epoch  30 | LR 0.000674 | Train Loss 0.2079 | Val Loss 0.3528 | Val F1 0.1780
[17:50:13]   Fold 4/5 | Epoch  40 | LR 0.000649 | Train Loss 0.1824 | Val Loss 0.3367 | Val F1 0.2515
[17:50:18]   Fold 4/5 | Epoch  50 | LR 0.000616 | Train Loss 0.1657 | Val Loss 0.2598 | Val F1 0.2811
[17:50:23]   Fold 4/5 | Epoch  60 | LR 0.000576 | Train Loss 0.1563 | Val Loss 0.4254 | Val F1 0.2497
[17:50:27]   Early stopping at epoch 68 (patience=25)
[17:50:27]  Fold 4 — Best Val Loss: 0.2192, F1@0.5: 0.2733
[17:50:27] 
============================================================
[17:50:27]  FOLD 5/5 — Train: 755, Val: 188
[17:50:27] ============================================================
[17:50:28]   Fold 5/5 | Epoch   1 | LR 0.000140 | Train Loss 0.4851 | Val Loss 0.2905 | Val F1 0.0683
[17:50:32]   Fold 5/5 | Epoch  10 | LR 0.000699 | Train Loss 0.3310 | Val Loss 0.2732 | Val F1 0.1875
[17:50:38]   Fold 5/5 | Epoch  20 | LR 0.000691 | Train Loss 0.2631 | Val Loss 0.2632 | Val F1 0.2483
[17:50:43]   Fold 5/5 | Epoch  30 | LR 0.000674 | Train Loss 0.2153 | Val Loss 0.5147 | Val F1 0.1590
[17:50:48]   Fold 5/5 | Epoch  40 | LR 0.000649 | Train Loss 0.1813 | Val Loss 0.2616 | Val F1 0.2321
[17:50:53]   Fold 5/5 | Epoch  50 | LR 0.000616 | Train Loss 0.1650 | Val Loss 0.3301 | Val F1 0.2458
[17:50:53]   Early stopping at epoch 50 (patience=25)
[17:50:53]  Fold 5 — Best Val Loss: 0.2172, F1@0.5: 0.2340
[17:50:53] 
============================================================
[17:50:53]  K-FOLD RESULTS
[17:50:53] ============================================================
[17:50:53]  F1@0.5 per fold: ['0.2165', '0.2144', '0.0702', '0.2733', '0.2340']
[17:50:53]  Mean F1@0.5: 0.2017 ± 0.0691
[17:50:53] 
 Tuning per-action thresholds...
[17:50:54]  Threshold range: [0.05, 0.75], mean=0.51
[17:50:54] 
 With tuned thresholds:
[17:50:54]   Macro F1:   0.2701
[17:50:54]   Micro F1:   0.4373
[17:50:54]   Sample F1:  0.4460
[17:50:54]   Precision:  0.2333
[17:50:54]   Recall:     0.5599
[17:50:54] 
 Per-action F1 (tuned threshold):
[17:50:54]   D3-CCSA: F1=0.2909 (t=0.55, support=17)
[17:50:54]   D3-CE: F1=0.1176 (t=0.75, support=14)
[17:50:54]   D3-CQ: F1=0.1766 (t=0.45, support=71)
[17:50:54]   D3-CR: F1=0.2000 (t=0.55, support=6)
[17:50:54]   D3-CRO: F1=0.4000 (t=0.65, support=3)
[17:50:54]   D3-DNSDL: F1=0.2951 (t=0.60, support=25)
[17:50:54]   D3-EAL: F1=0.0104 (t=0.35, support=3)
[17:50:54]   D3-EDL: F1=0.2022 (t=0.50, support=51)
[17:50:54]   D3-EI: F1=0.1176 (t=0.60, support=12)
[17:50:54]   D3-FA: F1=0.0476 (t=0.60, support=11)
[17:50:54]   D3-FAPA: F1=0.5618 (t=0.60, support=84)
[17:50:54]   D3-FCOA: F1=0.0224 (t=0.35, support=4)
[17:50:54]   D3-FEV: F1=0.5709 (t=0.45, support=356)
[17:50:54]   D3-FIM: F1=0.0253 (t=0.40, support=3)
[17:50:54]   D3-FR: F1=0.0635 (t=0.50, support=12)
[17:50:54]   D3-FRDDL: F1=0.4068 (t=0.55, support=44)
[17:50:54]   D3-NI: F1=0.6030 (t=0.45, support=364)
[17:50:54]   D3-NTA: F1=0.0870 (t=0.55, support=8)
[17:50:54]   D3-OTF: F1=0.5139 (t=0.50, support=262)
[17:50:54]   D3-PA: F1=0.1484 (t=0.50, support=52)
[17:50:54]   D3-PCSV: F1=0.2667 (t=0.50, support=98)
[17:50:54]   D3-PLA: F1=0.2038 (t=0.50, support=38)
[17:50:54]   D3-PSA: F1=0.4796 (t=0.50, support=264)
[17:50:54]   D3-PSMD: F1=0.4000 (t=0.65, support=3)
[17:50:54]   D3-PT: F1=0.9789 (t=0.05, support=904)
[17:50:54]   D3-RC: F1=0.2500 (t=0.60, support=12)
[17:50:54]   D3-RF: F1=0.3038 (t=0.55, support=22)
[17:50:54]   D3-RKD: F1=0.4549 (t=0.50, support=148)
[17:50:54]   D3-SCA: F1=0.0309 (t=0.30, support=13)
[17:50:54]   D3-SEA: F1=0.0203 (t=0.50, support=3)
[17:50:54]   D3-SICA: F1=0.3934 (t=0.55, support=84)
[17:50:54]   D3-SJA: F1=0.0297 (t=0.40, support=4)
[17:50:54]   D3-ST: F1=0.2400 (t=0.65, support=13)
[17:50:54]  Result: Macro F1=0.2701, Micro F1=0.4373, P=0.2333, R=0.5599 (119s)
[17:50:54]  Current best: Case 46 (w_sig=0.5, w_ttp=0.0, w_mbc=0.5) → Macro F1=0.3003
[17:50:54] 
[Case 63/66] w_sig=0.8, w_ttp=0.2, w_mbc=0.0
[17:50:54]  CNN Dataset: 943 samples, 478 features → 22x22 image
[17:50:54]  Device: cpu
[17:50:54] 
============================================================
[17:50:54]  FOLD 1/5 — Train: 754, Val: 189
[17:50:54] ============================================================
[17:50:54]  Model parameters: 65,505
[17:50:55]   Fold 1/5 | Epoch   1 | LR 0.000140 | Train Loss 0.5068 | Val Loss 0.3110 | Val F1 0.0816
[17:50:59]   Fold 1/5 | Epoch  10 | LR 0.000699 | Train Loss 0.3464 | Val Loss 0.2815 | Val F1 0.2063
[17:51:05]   Fold 1/5 | Epoch  20 | LR 0.000691 | Train Loss 0.2602 | Val Loss 0.4203 | Val F1 0.1928
[17:51:10]   Fold 1/5 | Epoch  30 | LR 0.000674 | Train Loss 0.2092 | Val Loss 0.3525 | Val F1 0.2596
[17:51:15]   Fold 1/5 | Epoch  40 | LR 0.000649 | Train Loss 0.1891 | Val Loss 0.6276 | Val F1 0.1911
[17:51:20]   Early stopping at epoch 49 (patience=25)
[17:51:20]  Fold 1 — Best Val Loss: 0.2507, F1@0.5: 0.2135
[17:51:20] 
============================================================
[17:51:20]  FOLD 2/5 — Train: 754, Val: 189
[17:51:20] ============================================================
[17:51:21]   Fold 2/5 | Epoch   1 | LR 0.000140 | Train Loss 0.4668 | Val Loss 0.3619 | Val F1 0.0808
[17:51:28]   Fold 2/5 | Epoch  10 | LR 0.000699 | Train Loss 0.3220 | Val Loss 0.4387 | Val F1 0.1524
[17:51:34]   Fold 2/5 | Epoch  20 | LR 0.000691 | Train Loss 0.2503 | Val Loss 0.4770 | Val F1 0.2260
[17:51:42]   Fold 2/5 | Epoch  30 | LR 0.000674 | Train Loss 0.2014 | Val Loss 0.5176 | Val F1 0.2230
[17:51:49]   Fold 2/5 | Epoch  40 | LR 0.000649 | Train Loss 0.1746 | Val Loss 0.5244 | Val F1 0.2847
[17:51:55]   Early stopping at epoch 47 (patience=25)
[17:51:55]  Fold 2 — Best Val Loss: 0.3405, F1@0.5: 0.2522
[17:51:55] 
============================================================
[17:51:55]  FOLD 3/5 — Train: 754, Val: 189
[17:51:55] ============================================================
[17:51:55]   Fold 3/5 | Epoch   1 | LR 0.000140 | Train Loss 0.4940 | Val Loss 0.3277 | Val F1 0.0899
[17:52:02]   Fold 3/5 | Epoch  10 | LR 0.000699 | Train Loss 0.3265 | Val Loss 0.4319 | Val F1 0.1761
[17:52:10]   Fold 3/5 | Epoch  20 | LR 0.000691 | Train Loss 0.2550 | Val Loss 0.3189 | Val F1 0.2045
[17:52:17]   Fold 3/5 | Epoch  30 | LR 0.000674 | Train Loss 0.2080 | Val Loss 0.4214 | Val F1 0.2848
[17:52:22]   Fold 3/5 | Epoch  40 | LR 0.000649 | Train Loss 0.1753 | Val Loss 0.6684 | Val F1 0.3147
[17:52:26]   Fold 3/5 | Epoch  50 | LR 0.000616 | Train Loss 0.1620 | Val Loss 0.4469 | Val F1 0.2668
[17:52:28]   Early stopping at epoch 53 (patience=25)
[17:52:28]  Fold 3 — Best Val Loss: 0.2805, F1@0.5: 0.2538
[17:52:28] 
============================================================
[17:52:28]  FOLD 4/5 — Train: 755, Val: 188
[17:52:28] ============================================================
[17:52:29]   Fold 4/5 | Epoch   1 | LR 0.000140 | Train Loss 0.4806 | Val Loss 0.2883 | Val F1 0.0912
[17:52:34]   Fold 4/5 | Epoch  10 | LR 0.000699 | Train Loss 0.3521 | Val Loss 0.2629 | Val F1 0.1952
[17:52:39]   Fold 4/5 | Epoch  20 | LR 0.000691 | Train Loss 0.2565 | Val Loss 0.2785 | Val F1 0.2101
[17:52:42]   Fold 4/5 | Epoch  30 | LR 0.000674 | Train Loss 0.2119 | Val Loss 0.2946 | Val F1 0.2353
[17:52:48]   Fold 4/5 | Epoch  40 | LR 0.000649 | Train Loss 0.1906 | Val Loss 0.2678 | Val F1 0.2512
[17:52:53]   Fold 4/5 | Epoch  50 | LR 0.000616 | Train Loss 0.1683 | Val Loss 0.2826 | Val F1 0.2810
[17:52:56]   Early stopping at epoch 56 (patience=25)
[17:52:56]  Fold 4 — Best Val Loss: 0.2204, F1@0.5: 0.2655
[17:52:56] 
============================================================
[17:52:56]  FOLD 5/5 — Train: 755, Val: 188
[17:52:56] ============================================================
[17:52:56]   Fold 5/5 | Epoch   1 | LR 0.000140 | Train Loss 0.4989 | Val Loss 0.2951 | Val F1 0.0357
[17:53:01]   Fold 5/5 | Epoch  10 | LR 0.000699 | Train Loss 0.3276 | Val Loss 0.2795 | Val F1 0.1588
[17:53:05]   Fold 5/5 | Epoch  20 | LR 0.000691 | Train Loss 0.2651 | Val Loss 0.2853 | Val F1 0.1838
[17:53:11]   Fold 5/5 | Epoch  30 | LR 0.000674 | Train Loss 0.2166 | Val Loss 0.4788 | Val F1 0.1438
[17:53:16]   Fold 5/5 | Epoch  40 | LR 0.000649 | Train Loss 0.1735 | Val Loss 0.3019 | Val F1 0.2752
[17:53:19]   Early stopping at epoch 47 (patience=25)
[17:53:19]  Fold 5 — Best Val Loss: 0.2397, F1@0.5: 0.2086
[17:53:19] 
============================================================
[17:53:19]  K-FOLD RESULTS
[17:53:19] ============================================================
[17:53:19]  F1@0.5 per fold: ['0.2135', '0.2522', '0.2538', '0.2655', '0.2086']
[17:53:19]  Mean F1@0.5: 0.2387 ± 0.0231
[17:53:19] 
 Tuning per-action thresholds...
[17:53:20]  Threshold range: [0.05, 0.80], mean=0.54
[17:53:20] 
 With tuned thresholds:
[17:53:20]   Macro F1:   0.2950
[17:53:20]   Micro F1:   0.5447
[17:53:20]   Sample F1:  0.5377
[17:53:20]   Precision:  0.2449
[17:53:20]   Recall:     0.4942
[17:53:20] 
 Per-action F1 (tuned threshold):
[17:53:20]   D3-CCSA: F1=0.4151 (t=0.65, support=17)
[17:53:20]   D3-CE: F1=0.1176 (t=0.80, support=14)
[17:53:20]   D3-CQ: F1=0.2143 (t=0.55, support=71)
[17:53:20]   D3-CR: F1=0.2308 (t=0.65, support=6)
[17:53:20]   D3-CRO: F1=0.0455 (t=0.45, support=3)
[17:53:20]   D3-DNSDL: F1=0.3011 (t=0.55, support=25)
[17:53:20]   D3-EAL: F1=0.0217 (t=0.35, support=3)
[17:53:20]   D3-EDL: F1=0.2037 (t=0.55, support=51)
[17:53:20]   D3-EI: F1=0.0842 (t=0.55, support=12)
[17:53:20]   D3-FA: F1=0.1067 (t=0.55, support=11)
[17:53:20]   D3-FAPA: F1=0.6597 (t=0.55, support=84)
[17:53:20]   D3-FCOA: F1=0.0244 (t=0.45, support=4)
[17:53:20]   D3-FEV: F1=0.6196 (t=0.45, support=356)
[17:53:20]   D3-FIM: F1=0.4000 (t=0.50, support=3)
[17:53:20]   D3-FR: F1=0.0735 (t=0.55, support=12)
[17:53:20]   D3-FRDDL: F1=0.4714 (t=0.55, support=44)
[17:53:20]   D3-NI: F1=0.6282 (t=0.50, support=364)
[17:53:20]   D3-NTA: F1=0.0465 (t=0.55, support=8)
[17:53:20]   D3-OTF: F1=0.5535 (t=0.50, support=262)
[17:53:20]   D3-PA: F1=0.1569 (t=0.55, support=52)
[17:53:20]   D3-PCSV: F1=0.2652 (t=0.55, support=98)
[17:53:20]   D3-PLA: F1=0.2370 (t=0.60, support=38)
[17:53:20]   D3-PSA: F1=0.5012 (t=0.50, support=264)
[17:53:20]   D3-PSMD: F1=0.3333 (t=0.70, support=3)
[17:53:20]   D3-PT: F1=0.9789 (t=0.05, support=904)
[17:53:20]   D3-RC: F1=0.2222 (t=0.65, support=12)
[17:53:20]   D3-RF: F1=0.3871 (t=0.60, support=22)
[17:53:20]   D3-RKD: F1=0.5470 (t=0.50, support=148)
[17:53:20]   D3-SCA: F1=0.0472 (t=0.50, support=13)
[17:53:20]   D3-SEA: F1=0.0385 (t=0.45, support=3)
[17:53:20]   D3-SICA: F1=0.3983 (t=0.55, support=84)
[17:53:20]   D3-SJA: F1=0.1818 (t=0.55, support=4)
[17:53:20]   D3-ST: F1=0.2222 (t=0.70, support=13)
[17:53:20]  Result: Macro F1=0.2950, Micro F1=0.5447, P=0.2449, R=0.4942 (146s)
[17:53:20]  Current best: Case 46 (w_sig=0.5, w_ttp=0.0, w_mbc=0.5) → Macro F1=0.3003
[17:53:20] 
[Case 64/66] w_sig=0.9, w_ttp=0.0, w_mbc=0.1
[17:53:20]  CNN Dataset: 943 samples, 478 features → 22x22 image
[17:53:20]  Device: cpu
[17:53:20] 
============================================================
[17:53:20]  FOLD 1/5 — Train: 754, Val: 189
[17:53:20] ============================================================
[17:53:20]  Model parameters: 65,505
[17:53:21]   Fold 1/5 | Epoch   1 | LR 0.000140 | Train Loss 0.5073 | Val Loss 0.3063 | Val F1 0.0819
[17:53:26]   Fold 1/5 | Epoch  10 | LR 0.000699 | Train Loss 0.3560 | Val Loss 0.2866 | Val F1 0.2132
[17:53:31]   Fold 1/5 | Epoch  20 | LR 0.000691 | Train Loss 0.2673 | Val Loss 0.3469 | Val F1 0.2312
[17:53:35]   Fold 1/5 | Epoch  30 | LR 0.000674 | Train Loss 0.2122 | Val Loss 0.3157 | Val F1 0.2763
[17:53:40]   Fold 1/5 | Epoch  40 | LR 0.000649 | Train Loss 0.1940 | Val Loss 0.6086 | Val F1 0.2269
[17:53:41]   Early stopping at epoch 42 (patience=25)
[17:53:41]  Fold 1 — Best Val Loss: 0.2634, F1@0.5: 0.2161
[17:53:41] 
============================================================
[17:53:41]  FOLD 2/5 — Train: 754, Val: 189
[17:53:41] ============================================================
[17:53:42]   Fold 2/5 | Epoch   1 | LR 0.000140 | Train Loss 0.4711 | Val Loss 0.3686 | Val F1 0.0950
[17:53:47]   Fold 2/5 | Epoch  10 | LR 0.000699 | Train Loss 0.3323 | Val Loss 0.3976 | Val F1 0.1763
[17:53:52]   Fold 2/5 | Epoch  20 | LR 0.000691 | Train Loss 0.2547 | Val Loss 0.3620 | Val F1 0.2710
[17:53:57]   Fold 2/5 | Epoch  30 | LR 0.000674 | Train Loss 0.1982 | Val Loss 0.7055 | Val F1 0.2240
[17:54:02]   Fold 2/5 | Epoch  40 | LR 0.000649 | Train Loss 0.1740 | Val Loss 0.6239 | Val F1 0.2883
[17:54:06]   Early stopping at epoch 47 (patience=25)
[17:54:06]  Fold 2 — Best Val Loss: 0.3170, F1@0.5: 0.2692
[17:54:06] 
============================================================
[17:54:06]  FOLD 3/5 — Train: 754, Val: 189
[17:54:06] ============================================================
[17:54:07]   Fold 3/5 | Epoch   1 | LR 0.000140 | Train Loss 0.4523 | Val Loss 0.3188 | Val F1 0.0481
[17:54:10]   Fold 3/5 | Epoch  10 | LR 0.000699 | Train Loss 0.3427 | Val Loss 0.3102 | Val F1 0.2093
[17:54:16]   Fold 3/5 | Epoch  20 | LR 0.000691 | Train Loss 0.2601 | Val Loss 0.3865 | Val F1 0.2363
[17:54:21]   Fold 3/5 | Epoch  30 | LR 0.000674 | Train Loss 0.2121 | Val Loss 0.4283 | Val F1 0.2574
[17:54:22]   Early stopping at epoch 35 (patience=25)
[17:54:22]  Fold 3 — Best Val Loss: 0.3102, F1@0.5: 0.2093
[17:54:22] 
============================================================
[17:54:22]  FOLD 4/5 — Train: 755, Val: 188
[17:54:22] ============================================================
[17:54:23]   Fold 4/5 | Epoch   1 | LR 0.000140 | Train Loss 0.4827 | Val Loss 0.2865 | Val F1 0.0632
[17:54:28]   Fold 4/5 | Epoch  10 | LR 0.000699 | Train Loss 0.3552 | Val Loss 0.2915 | Val F1 0.1783
[17:54:32]   Fold 4/5 | Epoch  20 | LR 0.000691 | Train Loss 0.2733 | Val Loss 0.3265 | Val F1 0.1835
[17:54:37]   Fold 4/5 | Epoch  30 | LR 0.000674 | Train Loss 0.2182 | Val Loss 0.4432 | Val F1 0.2025
[17:54:43]   Fold 4/5 | Epoch  40 | LR 0.000649 | Train Loss 0.1928 | Val Loss 0.5255 | Val F1 0.2478
[17:54:48]   Fold 4/5 | Epoch  50 | LR 0.000616 | Train Loss 0.1754 | Val Loss 0.3116 | Val F1 0.2773
[17:54:48]   Early stopping at epoch 50 (patience=25)
[17:54:48]  Fold 4 — Best Val Loss: 0.2375, F1@0.5: 0.2453
[17:54:48] 
============================================================
[17:54:48]  FOLD 5/5 — Train: 755, Val: 188
[17:54:48] ============================================================
[17:54:49]   Fold 5/5 | Epoch   1 | LR 0.000140 | Train Loss 0.4672 | Val Loss 0.2878 | Val F1 0.0619
[17:54:54]   Fold 5/5 | Epoch  10 | LR 0.000699 | Train Loss 0.3427 | Val Loss 0.2692 | Val F1 0.1237
[17:54:59]   Fold 5/5 | Epoch  20 | LR 0.000691 | Train Loss 0.2705 | Val Loss 0.3016 | Val F1 0.2165
[17:55:07]   Fold 5/5 | Epoch  30 | LR 0.000674 | Train Loss 0.2343 | Val Loss 0.2785 | Val F1 0.2585
[17:55:12]   Fold 5/5 | Epoch  40 | LR 0.000649 | Train Loss 0.1932 | Val Loss 0.4099 | Val F1 0.2617
[17:55:17]   Fold 5/5 | Epoch  50 | LR 0.000616 | Train Loss 0.1738 | Val Loss 0.4909 | Val F1 0.2544
[17:55:22]   Early stopping at epoch 56 (patience=25)
[17:55:22]  Fold 5 — Best Val Loss: 0.2058, F1@0.5: 0.2541
[17:55:22] 
============================================================
[17:55:22]  K-FOLD RESULTS
[17:55:22] ============================================================
[17:55:22]  F1@0.5 per fold: ['0.2161', '0.2692', '0.2093', '0.2453', '0.2541']
[17:55:22]  Mean F1@0.5: 0.2388 ± 0.0228
[17:55:22] 
 Tuning per-action thresholds...
[17:55:22]  Threshold range: [0.05, 0.75], mean=0.52
[17:55:22] 
 With tuned thresholds:
[17:55:22]   Macro F1:   0.2938
[17:55:22]   Micro F1:   0.4894
[17:55:22]   Sample F1:  0.4892
[17:55:22]   Precision:  0.2447
[17:55:22]   Recall:     0.5054
[17:55:22] 
 Per-action F1 (tuned threshold):
[17:55:22]   D3-CCSA: F1=0.3704 (t=0.75, support=17)
[17:55:22]   D3-CE: F1=0.1333 (t=0.60, support=14)
[17:55:22]   D3-CQ: F1=0.1835 (t=0.50, support=71)
[17:55:22]   D3-CR: F1=0.2857 (t=0.65, support=6)
[17:55:22]   D3-CRO: F1=0.3636 (t=0.60, support=3)
[17:55:22]   D3-DNSDL: F1=0.2687 (t=0.60, support=25)
[17:55:22]   D3-EAL: F1=0.0113 (t=0.35, support=3)
[17:55:22]   D3-EDL: F1=0.1504 (t=0.55, support=51)
[17:55:22]   D3-EI: F1=0.0714 (t=0.55, support=12)
[17:55:22]   D3-FA: F1=0.0339 (t=0.50, support=11)
[17:55:22]   D3-FAPA: F1=0.6243 (t=0.55, support=84)
[17:55:22]   D3-FCOA: F1=0.0180 (t=0.45, support=4)
[17:55:22]   D3-FEV: F1=0.6031 (t=0.45, support=356)
[17:55:22]   D3-FIM: F1=0.4286 (t=0.45, support=3)
[17:55:22]   D3-FR: F1=0.0800 (t=0.55, support=12)
[17:55:22]   D3-FRDDL: F1=0.4371 (t=0.50, support=44)
[17:55:22]   D3-NI: F1=0.6467 (t=0.50, support=364)
[17:55:22]   D3-NTA: F1=0.0370 (t=0.60, support=8)
[17:55:22]   D3-OTF: F1=0.5443 (t=0.50, support=262)
[17:55:22]   D3-PA: F1=0.1709 (t=0.55, support=52)
[17:55:22]   D3-PCSV: F1=0.2793 (t=0.60, support=98)
[17:55:22]   D3-PLA: F1=0.1850 (t=0.55, support=38)
[17:55:22]   D3-PSA: F1=0.4612 (t=0.50, support=264)
[17:55:22]   D3-PSMD: F1=0.3636 (t=0.55, support=3)
[17:55:22]   D3-PT: F1=0.9789 (t=0.05, support=904)
[17:55:22]   D3-RC: F1=0.2609 (t=0.65, support=12)
[17:55:22]   D3-RF: F1=0.3256 (t=0.65, support=22)
[17:55:22]   D3-RKD: F1=0.4737 (t=0.50, support=148)
[17:55:22]   D3-SCA: F1=0.0347 (t=0.45, support=13)
[17:55:22]   D3-SEA: F1=0.0129 (t=0.30, support=3)
[17:55:22]   D3-SICA: F1=0.4029 (t=0.50, support=84)
[17:55:22]   D3-SJA: F1=0.2667 (t=0.50, support=4)
[17:55:22]   D3-ST: F1=0.1875 (t=0.60, support=13)
[17:55:22]  Result: Macro F1=0.2938, Micro F1=0.4894, P=0.2447, R=0.5054 (122s)
[17:55:22]  Current best: Case 46 (w_sig=0.5, w_ttp=0.0, w_mbc=0.5) → Macro F1=0.3003
[17:55:22] 
[Case 65/66] w_sig=0.9, w_ttp=0.1, w_mbc=0.0
[17:55:22]  CNN Dataset: 943 samples, 478 features → 22x22 image
[17:55:22]  Device: cpu
[17:55:22] 
============================================================
[17:55:22]  FOLD 1/5 — Train: 754, Val: 189
[17:55:22] ============================================================
[17:55:22]  Model parameters: 65,505
[17:55:23]   Fold 1/5 | Epoch   1 | LR 0.000140 | Train Loss 0.5064 | Val Loss 0.3069 | Val F1 0.0894
[17:55:27]   Fold 1/5 | Epoch  10 | LR 0.000699 | Train Loss 0.3512 | Val Loss 0.2861 | Val F1 0.1673
[17:55:31]   Fold 1/5 | Epoch  20 | LR 0.000691 | Train Loss 0.2621 | Val Loss 0.8786 | Val F1 0.1293
[17:55:37]   Fold 1/5 | Epoch  30 | LR 0.000674 | Train Loss 0.2127 | Val Loss 0.5855 | Val F1 0.1782
[17:55:41]   Early stopping at epoch 37 (patience=25)
[17:55:41]  Fold 1 — Best Val Loss: 0.2704, F1@0.5: 0.2063
[17:55:41] 
============================================================
[17:55:41]  FOLD 2/5 — Train: 754, Val: 189
[17:55:41] ============================================================
[17:55:41]   Fold 2/5 | Epoch   1 | LR 0.000140 | Train Loss 0.4797 | Val Loss 0.3533 | Val F1 0.0736
[17:55:45]   Fold 2/5 | Epoch  10 | LR 0.000699 | Train Loss 0.3173 | Val Loss 0.3804 | Val F1 0.1690
[17:55:50]   Fold 2/5 | Epoch  20 | LR 0.000691 | Train Loss 0.2436 | Val Loss 0.3251 | Val F1 0.2292
[17:55:56]   Fold 2/5 | Epoch  30 | LR 0.000674 | Train Loss 0.2045 | Val Loss 0.3560 | Val F1 0.2648
[17:56:00]   Fold 2/5 | Epoch  40 | LR 0.000649 | Train Loss 0.1937 | Val Loss 0.6602 | Val F1 0.2748
[17:56:04]   Early stopping at epoch 46 (patience=25)
[17:56:04]  Fold 2 — Best Val Loss: 0.3159, F1@0.5: 0.2509
[17:56:04] 
============================================================
[17:56:04]  FOLD 3/5 — Train: 754, Val: 189
[17:56:04] ============================================================
[17:56:04]   Fold 3/5 | Epoch   1 | LR 0.000140 | Train Loss 0.5121 | Val Loss 0.3136 | Val F1 0.0569
[17:56:09]   Fold 3/5 | Epoch  10 | LR 0.000699 | Train Loss 0.3228 | Val Loss 0.3368 | Val F1 0.1560
[17:56:13]   Fold 3/5 | Epoch  20 | LR 0.000691 | Train Loss 0.2552 | Val Loss 0.5089 | Val F1 0.1904
[17:56:19]   Fold 3/5 | Epoch  30 | LR 0.000674 | Train Loss 0.2136 | Val Loss 0.4482 | Val F1 0.2078
[17:56:24]   Fold 3/5 | Epoch  40 | LR 0.000649 | Train Loss 0.1841 | Val Loss 0.8746 | Val F1 0.2251
[17:56:28]   Fold 3/5 | Epoch  50 | LR 0.000616 | Train Loss 0.1658 | Val Loss 0.4216 | Val F1 0.3068
[17:56:29]   Early stopping at epoch 51 (patience=25)
[17:56:29]  Fold 3 — Best Val Loss: 0.2872, F1@0.5: 0.2435
[17:56:29] 
============================================================
[17:56:29]  FOLD 4/5 — Train: 755, Val: 188
[17:56:29] ============================================================
[17:56:30]   Fold 4/5 | Epoch   1 | LR 0.000140 | Train Loss 0.4763 | Val Loss 0.3003 | Val F1 0.0871
[17:56:33]   Fold 4/5 | Epoch  10 | LR 0.000699 | Train Loss 0.3565 | Val Loss 0.2904 | Val F1 0.1732
[17:56:39]   Fold 4/5 | Epoch  20 | LR 0.000691 | Train Loss 0.2547 | Val Loss 0.2520 | Val F1 0.2584
[17:56:44]   Fold 4/5 | Epoch  30 | LR 0.000674 | Train Loss 0.2039 | Val Loss 0.5417 | Val F1 0.2474
[17:56:48]   Fold 4/5 | Epoch  40 | LR 0.000649 | Train Loss 0.1854 | Val Loss 0.3263 | Val F1 0.2869
[17:56:49]   Early stopping at epoch 42 (patience=25)
[17:56:49]  Fold 4 — Best Val Loss: 0.2359, F1@0.5: 0.2652
[17:56:49] 
============================================================
[17:56:49]  FOLD 5/5 — Train: 755, Val: 188
[17:56:49] ============================================================
[17:56:50]   Fold 5/5 | Epoch   1 | LR 0.000140 | Train Loss 0.4593 | Val Loss 0.2972 | Val F1 0.0448
[17:56:54]   Fold 5/5 | Epoch  10 | LR 0.000699 | Train Loss 0.3552 | Val Loss 0.2708 | Val F1 0.1507
[17:57:00]   Fold 5/5 | Epoch  20 | LR 0.000691 | Train Loss 0.2729 | Val Loss 0.3231 | Val F1 0.1547
[17:57:04]   Fold 5/5 | Epoch  30 | LR 0.000674 | Train Loss 0.2086 | Val Loss 0.2645 | Val F1 0.2540
[17:57:09]   Fold 5/5 | Epoch  40 | LR 0.000649 | Train Loss 0.1907 | Val Loss 0.2215 | Val F1 0.2562
[17:57:15]   Fold 5/5 | Epoch  50 | LR 0.000616 | Train Loss 0.1623 | Val Loss 0.2798 | Val F1 0.2237
[17:57:20]   Fold 5/5 | Epoch  60 | LR 0.000576 | Train Loss 0.1622 | Val Loss 0.3676 | Val F1 0.2615
[17:57:22]   Early stopping at epoch 65 (patience=25)
[17:57:22]  Fold 5 — Best Val Loss: 0.2215, F1@0.5: 0.2562
[17:57:22] 
============================================================
[17:57:22]  K-FOLD RESULTS
[17:57:22] ============================================================
[17:57:22]  F1@0.5 per fold: ['0.2063', '0.2509', '0.2435', '0.2652', '0.2562']
[17:57:22]  Mean F1@0.5: 0.2444 ± 0.0203
[17:57:22] 
 Tuning per-action thresholds...
[17:57:23]  Threshold range: [0.05, 0.70], mean=0.53
[17:57:23] 
 With tuned thresholds:
[17:57:23]   Macro F1:   0.2814
[17:57:23]   Micro F1:   0.5141
[17:57:23]   Sample F1:  0.5086
[17:57:23]   Precision:  0.2379
[17:57:23]   Recall:     0.4994
[17:57:23] 
 Per-action F1 (tuned threshold):
[17:57:23]   D3-CCSA: F1=0.2353 (t=0.70, support=17)
[17:57:23]   D3-CE: F1=0.1538 (t=0.60, support=14)
[17:57:23]   D3-CQ: F1=0.1779 (t=0.50, support=71)
[17:57:23]   D3-CR: F1=0.0943 (t=0.50, support=6)
[17:57:23]   D3-CRO: F1=0.0909 (t=0.60, support=3)
[17:57:23]   D3-DNSDL: F1=0.2973 (t=0.60, support=25)
[17:57:23]   D3-EAL: F1=0.0588 (t=0.50, support=3)
[17:57:23]   D3-EDL: F1=0.1840 (t=0.50, support=51)
[17:57:23]   D3-EI: F1=0.1250 (t=0.50, support=12)
[17:57:23]   D3-FA: F1=0.1538 (t=0.70, support=11)
[17:57:23]   D3-FAPA: F1=0.5143 (t=0.50, support=84)
[17:57:23]   D3-FCOA: F1=0.0134 (t=0.40, support=4)
[17:57:23]   D3-FEV: F1=0.6350 (t=0.50, support=356)
[17:57:23]   D3-FIM: F1=0.2857 (t=0.65, support=3)
[17:57:23]   D3-FR: F1=0.0476 (t=0.50, support=12)
[17:57:23]   D3-FRDDL: F1=0.4722 (t=0.55, support=44)
[17:57:23]   D3-NI: F1=0.6084 (t=0.50, support=364)
[17:57:23]   D3-NTA: F1=0.0667 (t=0.60, support=8)
[17:57:23]   D3-OTF: F1=0.5587 (t=0.50, support=262)
[17:57:23]   D3-PA: F1=0.1504 (t=0.50, support=52)
[17:57:23]   D3-PCSV: F1=0.2882 (t=0.50, support=98)
[17:57:23]   D3-PLA: F1=0.1774 (t=0.55, support=38)
[17:57:23]   D3-PSA: F1=0.4836 (t=0.45, support=264)
[17:57:23]   D3-PSMD: F1=0.2667 (t=0.50, support=3)
[17:57:23]   D3-PT: F1=0.9789 (t=0.05, support=904)
[17:57:23]   D3-RC: F1=0.2500 (t=0.60, support=12)
[17:57:23]   D3-RF: F1=0.3492 (t=0.55, support=22)
[17:57:23]   D3-RKD: F1=0.5135 (t=0.50, support=148)
[17:57:23]   D3-SCA: F1=0.1333 (t=0.60, support=13)
[17:57:23]   D3-SEA: F1=0.0172 (t=0.40, support=3)
[17:57:23]   D3-SICA: F1=0.3771 (t=0.55, support=84)
[17:57:23]   D3-SJA: F1=0.3333 (t=0.70, support=4)
[17:57:23]   D3-ST: F1=0.1923 (t=0.65, support=13)
[17:57:23]  Result: Macro F1=0.2814, Micro F1=0.5141, P=0.2379, R=0.4994 (120s)
[17:57:23]  Current best: Case 46 (w_sig=0.5, w_ttp=0.0, w_mbc=0.5) → Macro F1=0.3003
[17:57:23] 
[Case 66/66] w_sig=1.0, w_ttp=0.0, w_mbc=0.0
[17:57:23]  CNN Dataset: 943 samples, 478 features → 22x22 image
[17:57:23]  Device: cpu
[17:57:23] 
============================================================
[17:57:23]  FOLD 1/5 — Train: 754, Val: 189
[17:57:23] ============================================================
[17:57:23]  Model parameters: 65,505
[17:57:23]   Fold 1/5 | Epoch   1 | LR 0.000140 | Train Loss 0.5076 | Val Loss 0.3055 | Val F1 0.0819
[17:57:28]   Fold 1/5 | Epoch  10 | LR 0.000699 | Train Loss 0.3536 | Val Loss 0.2932 | Val F1 0.1552
[17:57:32]   Fold 1/5 | Epoch  20 | LR 0.000691 | Train Loss 0.2726 | Val Loss 0.5162 | Val F1 0.1371
[17:57:38]   Fold 1/5 | Epoch  30 | LR 0.000674 | Train Loss 0.2198 | Val Loss 0.2707 | Val F1 0.2116
[17:57:43]   Fold 1/5 | Epoch  40 | LR 0.000649 | Train Loss 0.1984 | Val Loss 0.3601 | Val F1 0.2096
[17:57:44]   Early stopping at epoch 42 (patience=25)
[17:57:44]  Fold 1 — Best Val Loss: 0.2631, F1@0.5: 0.2020
[17:57:44] 
============================================================
[17:57:44]  FOLD 2/5 — Train: 754, Val: 189
[17:57:44] ============================================================
[17:57:44]   Fold 2/5 | Epoch   1 | LR 0.000140 | Train Loss 0.4711 | Val Loss 0.3651 | Val F1 0.1062
[17:57:49]   Fold 2/5 | Epoch  10 | LR 0.000699 | Train Loss 0.3368 | Val Loss 0.3908 | Val F1 0.2028
[17:57:53]   Fold 2/5 | Epoch  20 | LR 0.000691 | Train Loss 0.2631 | Val Loss 0.3734 | Val F1 0.2646
[17:57:58]   Fold 2/5 | Epoch  30 | LR 0.000674 | Train Loss 0.2043 | Val Loss 0.4434 | Val F1 0.2981
[17:58:03]   Fold 2/5 | Epoch  40 | LR 0.000649 | Train Loss 0.1767 | Val Loss 0.7266 | Val F1 0.3073
[17:58:04]   Early stopping at epoch 41 (patience=25)
[17:58:04]  Fold 2 — Best Val Loss: 0.3419, F1@0.5: 0.2490
[17:58:04] 
============================================================
[17:58:04]  FOLD 3/5 — Train: 754, Val: 189
[17:58:04] ============================================================
[17:58:04]   Fold 3/5 | Epoch   1 | LR 0.000140 | Train Loss 0.5132 | Val Loss 0.3129 | Val F1 0.0618
[17:58:09]   Fold 3/5 | Epoch  10 | LR 0.000699 | Train Loss 0.3221 | Val Loss 0.3434 | Val F1 0.1579
[17:58:13]   Fold 3/5 | Epoch  20 | LR 0.000691 | Train Loss 0.2616 | Val Loss 0.3140 | Val F1 0.2172
[17:58:18]   Fold 3/5 | Epoch  30 | LR 0.000674 | Train Loss 0.2155 | Val Loss 0.3998 | Val F1 0.2743
[17:58:24]   Fold 3/5 | Epoch  40 | LR 0.000649 | Train Loss 0.1849 | Val Loss 0.4802 | Val F1 0.2956
[17:58:28]   Fold 3/5 | Epoch  50 | LR 0.000616 | Train Loss 0.1798 | Val Loss 0.3160 | Val F1 0.3072
[17:58:31]   Early stopping at epoch 56 (patience=25)
[17:58:31]  Fold 3 — Best Val Loss: 0.2790, F1@0.5: 0.2711
[17:58:31] 
============================================================
[17:58:31]  FOLD 4/5 — Train: 755, Val: 188
[17:58:31] ============================================================
[17:58:32]   Fold 4/5 | Epoch   1 | LR 0.000140 | Train Loss 0.5310 | Val Loss 0.2979 | Val F1 0.0676
[17:58:36]   Fold 4/5 | Epoch  10 | LR 0.000699 | Train Loss 0.3438 | Val Loss 0.2641 | Val F1 0.1740
[17:58:41]   Fold 4/5 | Epoch  20 | LR 0.000691 | Train Loss 0.2737 | Val Loss 0.3148 | Val F1 0.2410
[17:58:46]   Fold 4/5 | Epoch  30 | LR 0.000674 | Train Loss 0.2269 | Val Loss 0.2961 | Val F1 0.2789
[17:58:52]   Fold 4/5 | Epoch  40 | LR 0.000649 | Train Loss 0.1925 | Val Loss 0.2858 | Val F1 0.2426
[17:58:56]   Fold 4/5 | Epoch  50 | LR 0.000616 | Train Loss 0.1793 | Val Loss 0.2840 | Val F1 0.2730
[17:58:56]   Early stopping at epoch 50 (patience=25)
[17:58:56]  Fold 4 — Best Val Loss: 0.2239, F1@0.5: 0.2654
[17:58:56] 
============================================================
[17:58:56]  FOLD 5/5 — Train: 755, Val: 188
[17:58:56] ============================================================
[17:58:57]   Fold 5/5 | Epoch   1 | LR 0.000140 | Train Loss 0.4625 | Val Loss 0.2849 | Val F1 0.0744
[17:59:01]   Fold 5/5 | Epoch  10 | LR 0.000699 | Train Loss 0.3440 | Val Loss 0.2689 | Val F1 0.1483
[17:59:08]   Fold 5/5 | Epoch  20 | LR 0.000691 | Train Loss 0.2718 | Val Loss 0.2486 | Val F1 0.2121
[17:59:13]   Fold 5/5 | Epoch  30 | LR 0.000674 | Train Loss 0.2266 | Val Loss 0.2514 | Val F1 0.2248
[17:59:18]   Fold 5/5 | Epoch  40 | LR 0.000649 | Train Loss 0.1915 | Val Loss 0.2229 | Val F1 0.2546
[17:59:24]   Fold 5/5 | Epoch  50 | LR 0.000616 | Train Loss 0.1803 | Val Loss 0.7024 | Val F1 0.2281
[17:59:29]   Fold 5/5 | Epoch  60 | LR 0.000576 | Train Loss 0.1643 | Val Loss 0.3799 | Val F1 0.2533
[17:59:31]   Early stopping at epoch 64 (patience=25)
[17:59:31]  Fold 5 — Best Val Loss: 0.2137, F1@0.5: 0.2567
[17:59:31] 
============================================================
[17:59:31]  K-FOLD RESULTS
[17:59:31] ============================================================
[17:59:31]  F1@0.5 per fold: ['0.2020', '0.2490', '0.2711', '0.2654', '0.2567']
[17:59:31]  Mean F1@0.5: 0.2488 ± 0.0246
[17:59:31] 
 Tuning per-action thresholds...
[17:59:32]  Threshold range: [0.05, 0.70], mean=0.53
[17:59:32] 
 With tuned thresholds:
[17:59:32]   Macro F1:   0.3077
[17:59:32]   Micro F1:   0.5542
[17:59:32]   Sample F1:  0.5473
[17:59:32]   Precision:  0.2705
[17:59:32]   Recall:     0.4941
[17:59:32] 
 Per-action F1 (tuned threshold):
[17:59:32]   D3-CCSA: F1=0.3288 (t=0.60, support=17)
[17:59:32]   D3-CE: F1=0.1739 (t=0.70, support=14)
[17:59:32]   D3-CQ: F1=0.1846 (t=0.50, support=71)
[17:59:32]   D3-CR: F1=0.1509 (t=0.55, support=6)
[17:59:32]   D3-CRO: F1=0.2222 (t=0.60, support=3)
[17:59:32]   D3-DNSDL: F1=0.3182 (t=0.55, support=25)
[17:59:32]   D3-EAL: F1=0.0274 (t=0.40, support=3)
[17:59:32]   D3-EDL: F1=0.1732 (t=0.50, support=51)
[17:59:32]   D3-EI: F1=0.0909 (t=0.60, support=12)
[17:59:32]   D3-FA: F1=0.1250 (t=0.50, support=11)
[17:59:32]   D3-FAPA: F1=0.7081 (t=0.55, support=84)
[17:59:32]   D3-FCOA: F1=0.0244 (t=0.45, support=4)
[17:59:32]   D3-FEV: F1=0.6257 (t=0.45, support=356)
[17:59:32]   D3-FIM: F1=0.5000 (t=0.65, support=3)
[17:59:32]   D3-FR: F1=0.1212 (t=0.50, support=12)
[17:59:32]   D3-FRDDL: F1=0.4681 (t=0.55, support=44)
[17:59:32]   D3-NI: F1=0.6523 (t=0.50, support=364)
[17:59:32]   D3-NTA: F1=0.0541 (t=0.60, support=8)
[17:59:32]   D3-OTF: F1=0.5312 (t=0.50, support=262)
[17:59:32]   D3-PA: F1=0.1801 (t=0.55, support=52)
[17:59:32]   D3-PCSV: F1=0.3388 (t=0.60, support=98)
[17:59:32]   D3-PLA: F1=0.2075 (t=0.60, support=38)
[17:59:32]   D3-PSA: F1=0.4859 (t=0.50, support=264)
[17:59:32]   D3-PSMD: F1=0.2857 (t=0.50, support=3)
[17:59:32]   D3-PT: F1=0.9789 (t=0.05, support=904)
[17:59:32]   D3-RC: F1=0.2581 (t=0.60, support=12)
[17:59:32]   D3-RF: F1=0.3043 (t=0.60, support=22)
[17:59:32]   D3-RKD: F1=0.5172 (t=0.45, support=148)
[17:59:32]   D3-SCA: F1=0.1600 (t=0.60, support=13)
[17:59:32]   D3-SEA: F1=0.0952 (t=0.40, support=3)
[17:59:32]   D3-SICA: F1=0.3920 (t=0.50, support=84)
[17:59:32]   D3-SJA: F1=0.2500 (t=0.70, support=4)
[17:59:32]   D3-ST: F1=0.2188 (t=0.60, support=13)
[17:59:32]  Result: Macro F1=0.3077, Micro F1=0.5542, P=0.2705, R=0.4941 (129s)
[17:59:32]  Current best: Case 66 (w_sig=1.0, w_ttp=0.0, w_mbc=0.0) → Macro F1=0.3077
[17:59:32] 
================================================================================
[17:59:32]  GRID SEARCH COMPLETE
[17:59:32] ================================================================================
[17:59:32]  Total time: 134.2 minutes
[17:59:32]  Total combinations tested: 66
[17:59:32] 
 Top 10 configurations:
[17:59:32]   Case  w_sig  w_ttp  w_mbc   Macro F1   Micro F1  Precision     Recall
[17:59:32]  ----------------------------------------------------------------------
[17:59:32]     66    1.0    0.0    0.0     0.3077     0.5542     0.2705     0.4941
[17:59:32]     46    0.5    0.0    0.5     0.3003     0.5220     0.2651     0.5208
[17:59:32]     52    0.6    0.0    0.4     0.2968     0.4927     0.2710     0.5220
[17:59:32]     63    0.8    0.2    0.0     0.2950     0.5447     0.2449     0.4942
[17:59:32]     64    0.9    0.0    0.1     0.2938     0.4894     0.2447     0.5054
[17:59:32]     40    0.4    0.1    0.5     0.2857     0.5246     0.2775     0.4478
[17:59:32]     57    0.7    0.0    0.3     0.2821     0.4406     0.2980     0.5260
[17:59:32]     54    0.6    0.2    0.2     0.2818     0.4529     0.2911     0.4828
[17:59:32]     65    0.9    0.1    0.0     0.2814     0.5141     0.2379     0.4994
[17:59:32]     61    0.8    0.0    0.2     0.2813     0.5059     0.2394     0.4545
[17:59:32] 
 BEST CONFIG:
[17:59:32]    w_sig = 1.0
[17:59:32]    w_ttp = 0.0
[17:59:32]    w_mbc = 0.0
[17:59:32]    Tuned Macro F1 = 0.3077
[17:59:32] 
 Next steps:
[17:59:32]    1. Set WEIGHT_SIG=1.0, WEIGHT_TTP=0.0, WEIGHT_MBC=0.0 in config.py
[17:59:32]    2. Delete saved_model_cnn/ folder
[17:59:32]    3. Run: python train_cnn.py
[17:59:32]    4. Run: python predict_cnn.py
[17:59:32]    5. Run: python evaluate_cnn.py
[17:59:32] 
 Results saved to: D:\DL_CNN\output_cnn\grid_search_results.xlsx
